ISO-10303-21;
HEADER;
FILE_DESCRIPTION((''),'2;1');
FILE_NAME('03551100_ASM','2025-12-24T11:02:22',('Administrator'),(''),
'CREO PARAMETRIC BY PTC INC, 2018100','CREO PARAMETRIC BY PTC INC, 2018100','');
FILE_SCHEMA((
'AP242_MANAGED_MODEL_BASED_3D_ENGINEERING_MIM_LF { 1 0 10303 442 1 1 4 }'));
ENDSEC;
DATA;
#19=CARTESIAN_POINT('',(0.E0,0.E0,0.E0));
#20=DIRECTION('',(0.E0,-1.E0,0.E0));
#21=DIRECTION('',(0.E0,0.E0,1.E0));
#22=AXIS2_PLACEMENT_3D('',#19,#20,#21);
#24=CARTESIAN_POINT('',(0.E0,0.E0,0.E0));
#25=DIRECTION('',(0.E0,-1.E0,0.E0));
#26=DIRECTION('',(0.E0,0.E0,-1.E0));
#27=AXIS2_PLACEMENT_3D('',#24,#25,#26);
#29=CARTESIAN_POINT('',(0.E0,0.E0,0.E0));
#30=DIRECTION('',(0.E0,1.E0,0.E0));
#31=DIRECTION('',(1.E0,0.E0,0.E0));
#32=AXIS2_PLACEMENT_3D('',#29,#30,#31);
#34=CARTESIAN_POINT('',(0.E0,0.E0,0.E0));
#35=DIRECTION('',(0.E0,1.E0,0.E0));
#36=DIRECTION('',(-1.E0,0.E0,0.E0));
#37=AXIS2_PLACEMENT_3D('',#34,#35,#36);
#39=DIRECTION('',(0.E0,1.E0,0.E0));
#40=VECTOR('',#39,1.E-1);
#41=CARTESIAN_POINT('',(0.E0,0.E0,1.4E0));
#42=LINE('',#41,#40);
#43=DIRECTION('',(0.E0,1.E0,0.E0));
#44=VECTOR('',#43,1.E-1);
#45=CARTESIAN_POINT('',(0.E0,0.E0,-1.4E0));
#46=LINE('',#45,#44);
#47=CARTESIAN_POINT('',(0.E0,1.E-1,0.E0));
#48=DIRECTION('',(0.E0,-1.E0,0.E0));
#49=DIRECTION('',(0.E0,0.E0,1.E0));
#50=AXIS2_PLACEMENT_3D('',#47,#48,#49);
#52=CARTESIAN_POINT('',(0.E0,1.E-1,0.E0));
#53=DIRECTION('',(0.E0,-1.E0,0.E0));
#54=DIRECTION('',(0.E0,0.E0,-1.E0));
#55=AXIS2_PLACEMENT_3D('',#52,#53,#54);
#57=CARTESIAN_POINT('',(0.E0,1.E-1,5.5E-1));
#58=DIRECTION('',(0.E0,-1.E0,0.E0));
#59=DIRECTION('',(0.E0,0.E0,-1.E0));
#60=AXIS2_PLACEMENT_3D('',#57,#58,#59);
#62=CARTESIAN_POINT('',(0.E0,1.E-1,5.5E-1));
#63=DIRECTION('',(0.E0,-1.E0,0.E0));
#64=DIRECTION('',(0.E0,0.E0,1.E0));
#65=AXIS2_PLACEMENT_3D('',#62,#63,#64);
#67=CARTESIAN_POINT('',(0.E0,1.E-1,-5.5E-1));
#68=DIRECTION('',(0.E0,-1.E0,0.E0));
#69=DIRECTION('',(-1.E0,0.E0,0.E0));
#70=AXIS2_PLACEMENT_3D('',#67,#68,#69);
#72=CARTESIAN_POINT('',(0.E0,1.E-1,-5.5E-1));
#73=DIRECTION('',(0.E0,-1.E0,0.E0));
#74=DIRECTION('',(1.E0,0.E0,0.E0));
#75=AXIS2_PLACEMENT_3D('',#72,#73,#74);
#77=DIRECTION('',(0.E0,-1.E0,0.E0));
#78=VECTOR('',#77,2.E1);
#79=CARTESIAN_POINT('',(0.E0,1.E-1,3.25E-1));
#80=LINE('',#79,#78);
#81=DIRECTION('',(0.E0,-1.E0,0.E0));
#82=VECTOR('',#81,2.E1);
#83=CARTESIAN_POINT('',(0.E0,1.E-1,7.75E-1));
#84=LINE('',#83,#82);
#85=CARTESIAN_POINT('',(0.E0,-1.99E1,5.5E-1));
#86=DIRECTION('',(0.E0,-1.E0,0.E0));
#87=DIRECTION('',(0.E0,0.E0,-1.E0));
#88=AXIS2_PLACEMENT_3D('',#85,#86,#87);
#90=CARTESIAN_POINT('',(0.E0,-1.99E1,5.5E-1));
#91=DIRECTION('',(0.E0,-1.E0,0.E0));
#92=DIRECTION('',(0.E0,0.E0,1.E0));
#93=AXIS2_PLACEMENT_3D('',#90,#91,#92);
#95=DIRECTION('',(0.E0,-1.E0,0.E0));
#96=VECTOR('',#95,2.5E1);
#97=CARTESIAN_POINT('',(-2.25E-1,1.E-1,-5.5E-1));
#98=LINE('',#97,#96);
#99=DIRECTION('',(0.E0,-1.E0,0.E0));
#100=VECTOR('',#99,2.5E1);
#101=CARTESIAN_POINT('',(2.25E-1,1.E-1,-5.5E-1));
#102=LINE('',#101,#100);
#103=CARTESIAN_POINT('',(0.E0,-2.49E1,-5.5E-1));
#104=DIRECTION('',(0.E0,-1.E0,0.E0));
#105=DIRECTION('',(-1.E0,0.E0,0.E0));
#106=AXIS2_PLACEMENT_3D('',#103,#104,#105);
#108=CARTESIAN_POINT('',(0.E0,-2.49E1,-5.5E-1));
#109=DIRECTION('',(0.E0,-1.E0,0.E0));
#110=DIRECTION('',(1.E0,0.E0,0.E0));
#111=AXIS2_PLACEMENT_3D('',#108,#109,#110);
#113=CARTESIAN_POINT('',(1.575E0,2.E-1,4.060798433625E-10));
#114=DIRECTION('',(2.578284703791E-10,0.E0,-1.E0));
#115=DIRECTION('',(1.E0,0.E0,2.578284703791E-10));
#116=AXIS2_PLACEMENT_3D('',#113,#114,#115);
#118=CARTESIAN_POINT('',(0.E0,6.85E0,0.E0));
#119=DIRECTION('',(0.E0,-1.E0,0.E0));
#120=DIRECTION('',(-1.E0,0.E0,0.E0));
#121=AXIS2_PLACEMENT_3D('',#118,#119,#120);
#123=DIRECTION('',(0.E0,1.E0,2.806286477518E-13));
#124=VECTOR('',#123,5.602786404500E0);
#125=CARTESIAN_POINT('',(1.775E0,1.247213595500E0,-1.549621344064E-12));
#126=LINE('',#125,#124);
#127=CARTESIAN_POINT('',(0.E0,2.E-1,0.E0));
#128=DIRECTION('',(0.E0,1.E0,0.E0));
#129=DIRECTION('',(1.E0,0.E0,0.E0));
#130=AXIS2_PLACEMENT_3D('',#127,#128,#129);
#132=DIRECTION('',(0.E0,1.E0,-1.096487426104E-10));
#133=VECTOR('',#132,1.527864045E-1);
#134=CARTESIAN_POINT('',(1.775E0,2.E-1,1.518276038139E-11));
#135=LINE('',#134,#133);
#136=CARTESIAN_POINT('',(-1.625E0,6.85E0,6.279976538792E-13));
#137=DIRECTION('',(-3.864608286164E-13,0.E0,-1.E0));
#138=DIRECTION('',(-1.E0,0.E0,3.864608286164E-13));
#139=AXIS2_PLACEMENT_3D('',#136,#137,#138);
#141=CARTESIAN_POINT('',(0.E0,7.E0,0.E0));
#142=DIRECTION('',(0.E0,1.E0,0.E0));
#143=DIRECTION('',(-9.370216951048E-1,0.E0,3.492711595637E-1));
#144=AXIS2_PLACEMENT_3D('',#141,#142,#143);
#146=CARTESIAN_POINT('',(1.625E0,6.85E0,-6.276350966727E-13));
#147=DIRECTION('',(3.862379166497E-13,0.E0,1.E0));
#148=DIRECTION('',(1.E0,0.E0,-3.862379166497E-13));
#149=AXIS2_PLACEMENT_3D('',#146,#147,#148);
#151=CARTESIAN_POINT('',(-1.522683505297E0,7.E0,5.701324057067E-1));
#152=CARTESIAN_POINT('',(-1.522683505297E0,7.E0,5.846077428298E-1));
#153=CARTESIAN_POINT('',(-1.523661283580E0,7.E0,5.966921827622E-1));
#154=CARTESIAN_POINT('',(-1.523661283580E0,7.E0,6.111675198853E-1));
#156=DIRECTION('',(1.E0,0.E0,0.E0));
#157=VECTOR('',#156,1.797231747969E-2);
#158=CARTESIAN_POINT('',(-1.523661283580E0,7.E0,6.111675198853E-1));
#159=LINE('',#158,#157);
#160=DIRECTION('',(-9.714246131176E-2,9.935019310957E-1,5.930645090812E-2));
#161=VECTOR('',#160,1.006540569979E-2);
#162=CARTESIAN_POINT('',(-1.522683505297E0,7.E0,5.701324057067E-1));
#163=LINE('',#162,#161);
#164=DIRECTION('',(0.E0,1.E0,0.E0));
#165=VECTOR('',#164,9.999999999999E-3);
#166=CARTESIAN_POINT('',(1.467955384188E0,7.E0,5.707293491957E-1));
#167=LINE('',#166,#165);
#168=DIRECTION('',(1.E0,0.E0,0.E0));
#169=VECTOR('',#168,2.973644350289E0);
#170=CARTESIAN_POINT('',(-1.505688966101E0,7.E0,6.111675198853E-1));
#171=LINE('',#170,#169);
#172=DIRECTION('',(0.E0,0.E0,-1.E0));
#173=VECTOR('',#172,4.043817068962E-2);
#174=CARTESIAN_POINT('',(1.467955384188E0,7.E0,6.111675198853E-1));
#175=LINE('',#174,#173);
#176=DIRECTION('',(-9.999999800791E-1,0.E0,-1.996039973973E-4));
#177=VECTOR('',#176,2.990638949061E0);
#178=CARTESIAN_POINT('',(1.467955384188E0,7.E0,5.707293491957E-1));
#179=LINE('',#178,#177);
#180=CARTESIAN_POINT('',(0.E0,7.E0,0.E0));
#181=DIRECTION('',(0.E0,-1.E0,0.E0));
#182=DIRECTION('',(-9.362936898200E-1,0.E0,3.512180610435E-1));
#183=AXIS2_PLACEMENT_3D('',#180,#181,#182);
#185=CARTESIAN_POINT('',(0.E0,7.E0,0.E0));
#186=DIRECTION('',(0.E0,-1.E0,0.E0));
#187=DIRECTION('',(-1.E0,0.E0,0.E0));
#188=AXIS2_PLACEMENT_3D('',#185,#186,#187);
#190=CARTESIAN_POINT('',(0.E0,7.E0,0.E0));
#191=DIRECTION('',(0.E0,-1.E0,0.E0));
#192=DIRECTION('',(1.E0,0.E0,0.E0));
#193=AXIS2_PLACEMENT_3D('',#190,#191,#192);
#195=DIRECTION('',(0.E0,1.E0,0.E0));
#196=VECTOR('',#195,9.999999999999E-3);
#197=CARTESIAN_POINT('',(-1.523661283580E0,7.E0,6.111675198853E-1));
#198=LINE('',#197,#196);
#199=DIRECTION('',(1.E0,0.E0,0.E0));
#200=VECTOR('',#199,2.991616667768E0);
#201=CARTESIAN_POINT('',(-1.523661283580E0,7.01E0,6.111675198853E-1));
#202=LINE('',#201,#200);
#203=DIRECTION('',(0.E0,0.E0,1.E0));
#204=VECTOR('',#203,4.043817068962E-2);
#205=CARTESIAN_POINT('',(-1.523661283580E0,7.01E0,5.707293491957E-1));
#206=LINE('',#205,#204);
#207=DIRECTION('',(-1.E0,0.E0,0.E0));
#208=VECTOR('',#207,2.991616667768E0);
#209=CARTESIAN_POINT('',(1.467955384188E0,7.01E0,5.707293491957E-1));
#210=LINE('',#209,#208);
#211=DIRECTION('',(0.E0,0.E0,-1.E0));
#212=VECTOR('',#211,4.043817068962E-2);
#213=CARTESIAN_POINT('',(1.467955384188E0,7.01E0,6.111675198853E-1));
#214=LINE('',#213,#212);
#215=DIRECTION('',(0.E0,1.E0,0.E0));
#216=VECTOR('',#215,9.999999999999E-3);
#217=CARTESIAN_POINT('',(1.467955384188E0,7.E0,6.111675198853E-1));
#218=LINE('',#217,#216);
#219=CARTESIAN_POINT('',(0.E0,6.85E0,0.E0));
#220=DIRECTION('',(0.E0,-1.E0,0.E0));
#221=DIRECTION('',(1.E0,0.E0,0.E0));
#222=AXIS2_PLACEMENT_3D('',#219,#220,#221);
#224=CARTESIAN_POINT('',(0.E0,1.247213595500E0,0.E0));
#225=DIRECTION('',(0.E0,-1.E0,0.E0));
#226=DIRECTION('',(1.E0,0.E0,0.E0));
#227=AXIS2_PLACEMENT_3D('',#224,#225,#226);
#229=CARTESIAN_POINT('',(0.E0,1.247213595500E0,0.E0));
#230=DIRECTION('',(0.E0,-1.E0,0.E0));
#231=DIRECTION('',(0.E0,0.E0,1.E0));
#232=AXIS2_PLACEMENT_3D('',#229,#230,#231);
#234=DIRECTION('',(0.E0,1.E0,-3.159329986099E-13));
#235=VECTOR('',#234,5.602786404500E0);
#236=CARTESIAN_POINT('',(-1.775E0,1.247213595500E0,1.747128082774E-12));
#237=LINE('',#236,#235);
#238=CARTESIAN_POINT('',(0.E0,2.E-1,0.E0));
#239=DIRECTION('',(0.E0,1.E0,0.E0));
#240=DIRECTION('',(-1.E0,0.E0,0.E0));
#241=AXIS2_PLACEMENT_3D('',#238,#239,#240);
#243=DIRECTION('',(0.E0,1.E0,1.109649542474E-10));
#244=VECTOR('',#243,1.527864045E-1);
#245=CARTESIAN_POINT('',(-1.775E0,2.E-1,-1.518287692449E-11));
#246=LINE('',#245,#244);
#247=CARTESIAN_POINT('',(0.E0,3.527864045E-1,0.E0));
#248=DIRECTION('',(0.E0,1.E0,0.E0));
#249=DIRECTION('',(-1.E0,0.E0,0.E0));
#250=AXIS2_PLACEMENT_3D('',#247,#248,#249);
#252=CARTESIAN_POINT('',(0.E0,3.527864045E-1,0.E0));
#253=DIRECTION('',(0.E0,1.E0,0.E0));
#254=DIRECTION('',(0.E0,0.E0,1.E0));
#255=AXIS2_PLACEMENT_3D('',#252,#253,#254);
#257=CARTESIAN_POINT('',(0.E0,9.490711985E-1,0.E0));
#258=DIRECTION('',(0.E0,-1.E0,0.E0));
#259=DIRECTION('',(3.222665366375E-13,0.E0,-1.E0));
#260=AXIS2_PLACEMENT_3D('',#257,#258,#259);
#262=CARTESIAN_POINT('',(0.E0,1.247213595500E0,0.E0));
#263=DIRECTION('',(0.E0,1.E0,0.E0));
#264=DIRECTION('',(1.E0,0.E0,0.E0));
#265=AXIS2_PLACEMENT_3D('',#262,#263,#264);
#267=CARTESIAN_POINT('',(-1.375E0,1.247213595500E0,1.184913512097E-11));
#268=DIRECTION('',(-8.617630914420E-12,0.E0,-1.E0));
#269=DIRECTION('',(-6.666666666661E-1,-7.453559925004E-1,5.745087276275E-12));
#270=AXIS2_PLACEMENT_3D('',#267,#268,#269);
#272=CARTESIAN_POINT('',(0.E0,6.509288015E-1,0.E0));
#273=DIRECTION('',(0.E0,1.E0,0.E0));
#274=DIRECTION('',(-6.267765494434E-12,0.E0,1.E0));
#275=AXIS2_PLACEMENT_3D('',#272,#273,#274);
#277=CARTESIAN_POINT('',(0.E0,3.527864045E-1,0.E0));
#278=DIRECTION('',(0.E0,-1.E0,0.E0));
#279=DIRECTION('',(-1.E0,0.E0,0.E0));
#280=AXIS2_PLACEMENT_3D('',#277,#278,#279);
#282=CARTESIAN_POINT('',(-8.618177352315E-12,3.527864045E-1,1.375E0));
#283=DIRECTION('',(1.E0,0.E0,6.267764952883E-12));
#284=DIRECTION('',(-4.178509968587E-12,7.453559925002E-1,6.666666666663E-1));
#285=AXIS2_PLACEMENT_3D('',#282,#283,#284);
#287=CARTESIAN_POINT('',(0.E0,6.509288015E-1,0.E0));
#288=DIRECTION('',(0.E0,1.E0,0.E0));
#289=DIRECTION('',(0.E0,0.E0,-1.E0));
#290=AXIS2_PLACEMENT_3D('',#287,#288,#289);
#292=CARTESIAN_POINT('',(0.E0,8.E-1,-1.775E0));
#293=DIRECTION('',(-1.E0,0.E0,0.E0));
#294=DIRECTION('',(0.E0,-7.453559924999E-1,6.666666666667E-1));
#295=AXIS2_PLACEMENT_3D('',#292,#293,#294);
#297=CARTESIAN_POINT('',(0.E0,9.490711985E-1,0.E0));
#298=DIRECTION('',(0.E0,-1.E0,0.E0));
#299=DIRECTION('',(-1.E0,0.E0,0.E0));
#300=AXIS2_PLACEMENT_3D('',#297,#298,#299);
#302=CARTESIAN_POINT('',(0.E0,9.490711985E-1,0.E0));
#303=DIRECTION('',(0.E0,-1.E0,0.E0));
#304=DIRECTION('',(0.E0,0.E0,1.E0));
#305=AXIS2_PLACEMENT_3D('',#302,#303,#304);
#307=CARTESIAN_POINT('',(0.E0,8.E-1,1.775E0));
#308=DIRECTION('',(-1.E0,0.E0,0.E0));
#309=DIRECTION('',(0.E0,7.453559924999E-1,-6.666666666667E-1));
#310=AXIS2_PLACEMENT_3D('',#307,#308,#309);
#312=CARTESIAN_POINT('',(0.E0,6.509288015E-1,0.E0));
#313=DIRECTION('',(0.E0,1.E0,0.E0));
#314=DIRECTION('',(-1.E0,0.E0,0.E0));
#315=AXIS2_PLACEMENT_3D('',#312,#313,#314);
#317=CARTESIAN_POINT('',(7.341939556316E-12,1.247213595500E0,1.375E0));
#318=DIRECTION('',(-1.E0,0.E0,5.339589881359E-12));
#319=DIRECTION('',(3.559726587571E-12,-7.453559925002E-1,6.666666666664E-1));
#320=AXIS2_PLACEMENT_3D('',#317,#318,#319);
#322=CARTESIAN_POINT('',(-1.375E0,3.527864045E-1,-6.405420732058E-12));
#323=DIRECTION('',(-4.658408207792E-12,0.E0,1.E0));
#324=DIRECTION('',(-6.666666666664E-1,7.453559925001E-1,-3.105605471860E-12));
#325=AXIS2_PLACEMENT_3D('',#322,#323,#324);
#327=CARTESIAN_POINT('',(-1.575E0,2.E-1,-4.060799682626E-10));
#328=DIRECTION('',(-2.578285536459E-10,0.E0,1.E0));
#329=DIRECTION('',(-1.E0,0.E0,-2.578285536459E-10));
#330=AXIS2_PLACEMENT_3D('',#327,#328,#329);
#332=CARTESIAN_POINT('',(-1.775E0,6.85E0,0.E0));
#333=CARTESIAN_POINT('',(1.775E0,6.85E0,0.E0));
#334=VERTEX_POINT('',#332);
#335=VERTEX_POINT('',#333);
#336=CARTESIAN_POINT('',(-1.625E0,7.E0,0.E0));
#337=CARTESIAN_POINT('',(1.625E0,7.E0,0.E0));
#338=VERTEX_POINT('',#336);
#339=VERTEX_POINT('',#337);
#340=CARTESIAN_POINT('',(0.E0,6.509288015E-1,-1.641666666667E0));
#341=CARTESIAN_POINT('',(-1.641666666667E0,6.509288015E-1,0.E0));
#342=VERTEX_POINT('',#340);
#343=VERTEX_POINT('',#341);
#344=CARTESIAN_POINT('',(0.E0,6.509288015E-1,1.641666666667E0));
#345=VERTEX_POINT('',#344);
#346=CARTESIAN_POINT('',(-1.775E0,3.527864045E-1,0.E0));
#347=CARTESIAN_POINT('',(0.E0,3.527864045E-1,1.775E0));
#348=VERTEX_POINT('',#346);
#349=VERTEX_POINT('',#347);
#350=CARTESIAN_POINT('',(1.775E0,3.527864045E-1,0.E0));
#351=VERTEX_POINT('',#350);
#352=CARTESIAN_POINT('',(1.775E0,1.247213595500E0,0.E0));
#353=CARTESIAN_POINT('',(0.E0,1.247213595500E0,1.775E0));
#354=VERTEX_POINT('',#352);
#355=VERTEX_POINT('',#353);
#356=CARTESIAN_POINT('',(0.E0,9.490711985E-1,1.641666666667E0));
#357=CARTESIAN_POINT('',(-1.641666666667E0,9.490711985E-1,0.E0));
#358=VERTEX_POINT('',#356);
#359=VERTEX_POINT('',#357);
#360=CARTESIAN_POINT('',(-1.775E0,1.247213595500E0,0.E0));
#361=VERTEX_POINT('',#360);
#362=CARTESIAN_POINT('',(0.E0,9.490711985E-1,-1.641666666667E0));
#363=VERTEX_POINT('',#362);
#364=CARTESIAN_POINT('',(0.E0,1.E-1,1.4E0));
#365=CARTESIAN_POINT('',(0.E0,1.E-1,-1.4E0));
#366=VERTEX_POINT('',#364);
#367=VERTEX_POINT('',#365);
#368=CARTESIAN_POINT('',(0.E0,0.E0,1.4E0));
#369=CARTESIAN_POINT('',(0.E0,0.E0,-1.4E0));
#370=VERTEX_POINT('',#368);
#371=VERTEX_POINT('',#369);
#372=CARTESIAN_POINT('',(0.E0,-1.99E1,3.25E-1));
#373=CARTESIAN_POINT('',(0.E0,-1.99E1,7.75E-1));
#374=VERTEX_POINT('',#372);
#375=VERTEX_POINT('',#373);
#376=CARTESIAN_POINT('',(0.E0,1.E-1,3.25E-1));
#377=CARTESIAN_POINT('',(0.E0,1.E-1,7.75E-1));
#378=VERTEX_POINT('',#376);
#379=VERTEX_POINT('',#377);
#380=CARTESIAN_POINT('',(-2.25E-1,-2.49E1,-5.5E-1));
#381=CARTESIAN_POINT('',(2.25E-1,-2.49E1,-5.5E-1));
#382=VERTEX_POINT('',#380);
#383=VERTEX_POINT('',#381);
#384=CARTESIAN_POINT('',(-2.25E-1,1.E-1,-5.5E-1));
#385=CARTESIAN_POINT('',(2.25E-1,1.E-1,-5.5E-1));
#386=VERTEX_POINT('',#384);
#387=VERTEX_POINT('',#385);
#388=CARTESIAN_POINT('',(1.775E0,2.E-1,0.E0));
#389=CARTESIAN_POINT('',(-1.775E0,2.E-1,0.E0));
#390=VERTEX_POINT('',#388);
#391=VERTEX_POINT('',#389);
#392=CARTESIAN_POINT('',(1.575E0,0.E0,0.E0));
#393=CARTESIAN_POINT('',(-1.575E0,0.E0,0.E0));
#394=VERTEX_POINT('',#392);
#395=VERTEX_POINT('',#393);
#396=CARTESIAN_POINT('',(-1.523661283580E0,7.01E0,6.111675198853E-1));
#397=CARTESIAN_POINT('',(1.467955384188E0,7.01E0,6.111675198853E-1));
#398=VERTEX_POINT('',#396);
#399=VERTEX_POINT('',#397);
#400=CARTESIAN_POINT('',(1.467955384188E0,7.01E0,5.707293491957E-1));
#401=VERTEX_POINT('',#400);
#402=CARTESIAN_POINT('',(-1.523661283580E0,7.01E0,5.707293491957E-1));
#403=VERTEX_POINT('',#402);
#404=CARTESIAN_POINT('',(-1.523661283580E0,7.E0,6.111675198853E-1));
#405=VERTEX_POINT('',#404);
#406=CARTESIAN_POINT('',(-1.505688966101E0,7.E0,6.111675198853E-1));
#407=CARTESIAN_POINT('',(1.467955384188E0,7.E0,6.111675198853E-1));
#408=VERTEX_POINT('',#406);
#409=VERTEX_POINT('',#407);
#410=CARTESIAN_POINT('',(1.467955384188E0,7.E0,5.707293491957E-1));
#411=VERTEX_POINT('',#410);
#412=CARTESIAN_POINT('',(-1.522683505297E0,7.E0,5.701324057067E-1));
#413=VERTEX_POINT('',#412);
#414=CARTESIAN_POINT('',(0.E0,0.E0,0.E0));
#415=DIRECTION('',(0.E0,1.E0,0.E0));
#416=DIRECTION('',(1.E0,0.E0,0.E0));
#417=AXIS2_PLACEMENT_3D('',#414,#415,#416);
#418=PLANE('',#417);
#420=ORIENTED_EDGE('',*,*,#419,.T.);
#422=ORIENTED_EDGE('',*,*,#421,.T.);
#423=EDGE_LOOP('',(#420,#422));
#424=FACE_OUTER_BOUND('',#423,.F.);
#426=ORIENTED_EDGE('',*,*,#425,.T.);
#428=ORIENTED_EDGE('',*,*,#427,.T.);
#429=EDGE_LOOP('',(#426,#428));
#430=FACE_BOUND('',#429,.F.);
#432=FILL_AREA_STYLE_COLOUR('',#16);
#433=FILL_AREA_STYLE('',(#432));
#434=SURFACE_STYLE_FILL_AREA(#433);
#435=SURFACE_SIDE_STYLE('',(#434));
#436=SURFACE_STYLE_USAGE(.POSITIVE.,#435);
#437=PRESENTATION_STYLE_ASSIGNMENT((#436));
#438=STYLED_ITEM('',(#437),#431);
#439=CARTESIAN_POINT('',(0.E0,0.E0,0.E0));
#440=DIRECTION('',(0.E0,-1.E0,0.E0));
#441=DIRECTION('',(0.E0,0.E0,1.E0));
#442=AXIS2_PLACEMENT_3D('',#439,#440,#441);
#443=CYLINDRICAL_SURFACE('',#442,1.4E0);
#444=ORIENTED_EDGE('',*,*,#425,.F.);
#446=ORIENTED_EDGE('',*,*,#445,.T.);
#448=ORIENTED_EDGE('',*,*,#447,.T.);
#450=ORIENTED_EDGE('',*,*,#449,.F.);
#451=EDGE_LOOP('',(#444,#446,#448,#450));
#452=FACE_OUTER_BOUND('',#451,.F.);
#454=FILL_AREA_STYLE_COLOUR('',#16);
#455=FILL_AREA_STYLE('',(#454));
#456=SURFACE_STYLE_FILL_AREA(#455);
#457=SURFACE_SIDE_STYLE('',(#456));
#458=SURFACE_STYLE_USAGE(.POSITIVE.,#457);
#459=PRESENTATION_STYLE_ASSIGNMENT((#458));
#460=STYLED_ITEM('',(#459),#453);
#461=CARTESIAN_POINT('',(0.E0,0.E0,0.E0));
#462=DIRECTION('',(0.E0,-1.E0,0.E0));
#463=DIRECTION('',(0.E0,0.E0,1.E0));
#464=AXIS2_PLACEMENT_3D('',#461,#462,#463);
#465=CYLINDRICAL_SURFACE('',#464,1.4E0);
#466=ORIENTED_EDGE('',*,*,#427,.F.);
#467=ORIENTED_EDGE('',*,*,#449,.T.);
#469=ORIENTED_EDGE('',*,*,#468,.T.);
#470=ORIENTED_EDGE('',*,*,#445,.F.);
#471=EDGE_LOOP('',(#466,#467,#469,#470));
#472=FACE_OUTER_BOUND('',#471,.F.);
#474=FILL_AREA_STYLE_COLOUR('',#16);
#475=FILL_AREA_STYLE('',(#474));
#476=SURFACE_STYLE_FILL_AREA(#475);
#477=SURFACE_SIDE_STYLE('',(#476));
#478=SURFACE_STYLE_USAGE(.POSITIVE.,#477);
#479=PRESENTATION_STYLE_ASSIGNMENT((#478));
#480=STYLED_ITEM('',(#479),#473);
#481=CARTESIAN_POINT('',(0.E0,1.E-1,0.E0));
#482=DIRECTION('',(0.E0,-1.E0,0.E0));
#483=DIRECTION('',(0.E0,0.E0,1.E0));
#484=AXIS2_PLACEMENT_3D('',#481,#482,#483);
#485=PLANE('',#484);
#486=ORIENTED_EDGE('',*,*,#447,.F.);
#487=ORIENTED_EDGE('',*,*,#468,.F.);
#488=EDGE_LOOP('',(#486,#487));
#489=FACE_OUTER_BOUND('',#488,.F.);
#491=ORIENTED_EDGE('',*,*,#490,.T.);
#493=ORIENTED_EDGE('',*,*,#492,.T.);
#494=EDGE_LOOP('',(#491,#493));
#495=FACE_BOUND('',#494,.F.);
#497=ORIENTED_EDGE('',*,*,#496,.T.);
#499=ORIENTED_EDGE('',*,*,#498,.T.);
#500=EDGE_LOOP('',(#497,#499));
#501=FACE_BOUND('',#500,.F.);
#503=FILL_AREA_STYLE_COLOUR('',#4);
#504=FILL_AREA_STYLE('',(#503));
#505=SURFACE_STYLE_FILL_AREA(#504);
#506=SURFACE_SIDE_STYLE('',(#505));
#507=SURFACE_STYLE_USAGE(.POSITIVE.,#506);
#508=PRESENTATION_STYLE_ASSIGNMENT((#507));
#509=STYLED_ITEM('',(#508),#502);
#510=CARTESIAN_POINT('',(0.E0,1.E-1,5.5E-1));
#511=DIRECTION('',(0.E0,-1.E0,0.E0));
#512=DIRECTION('',(0.E0,0.E0,-1.E0));
#513=AXIS2_PLACEMENT_3D('',#510,#511,#512);
#514=CYLINDRICAL_SURFACE('',#513,2.25E-1);
#515=ORIENTED_EDGE('',*,*,#490,.F.);
#517=ORIENTED_EDGE('',*,*,#516,.T.);
#519=ORIENTED_EDGE('',*,*,#518,.T.);
#521=ORIENTED_EDGE('',*,*,#520,.F.);
#522=EDGE_LOOP('',(#515,#517,#519,#521));
#523=FACE_OUTER_BOUND('',#522,.F.);
#525=FILL_AREA_STYLE_COLOUR('',#11);
#526=FILL_AREA_STYLE('',(#525));
#527=SURFACE_STYLE_FILL_AREA(#526);
#528=SURFACE_SIDE_STYLE('',(#527));
#529=SURFACE_STYLE_USAGE(.POSITIVE.,#528);
#530=PRESENTATION_STYLE_ASSIGNMENT((#529));
#531=STYLED_ITEM('',(#530),#524);
#532=CARTESIAN_POINT('',(0.E0,1.E-1,5.5E-1));
#533=DIRECTION('',(0.E0,-1.E0,0.E0));
#534=DIRECTION('',(0.E0,0.E0,-1.E0));
#535=AXIS2_PLACEMENT_3D('',#532,#533,#534);
#536=CYLINDRICAL_SURFACE('',#535,2.25E-1);
#537=ORIENTED_EDGE('',*,*,#492,.F.);
#538=ORIENTED_EDGE('',*,*,#520,.T.);
#540=ORIENTED_EDGE('',*,*,#539,.T.);
#541=ORIENTED_EDGE('',*,*,#516,.F.);
#542=EDGE_LOOP('',(#537,#538,#540,#541));
#543=FACE_OUTER_BOUND('',#542,.F.);
#545=FILL_AREA_STYLE_COLOUR('',#11);
#546=FILL_AREA_STYLE('',(#545));
#547=SURFACE_STYLE_FILL_AREA(#546);
#548=SURFACE_SIDE_STYLE('',(#547));
#549=SURFACE_STYLE_USAGE(.POSITIVE.,#548);
#550=PRESENTATION_STYLE_ASSIGNMENT((#549));
#551=STYLED_ITEM('',(#550),#544);
#552=CARTESIAN_POINT('',(0.E0,-1.99E1,0.E0));
#553=DIRECTION('',(0.E0,-1.E0,0.E0));
#554=DIRECTION('',(0.E0,0.E0,-1.E0));
#555=AXIS2_PLACEMENT_3D('',#552,#553,#554);
#556=PLANE('',#555);
#557=ORIENTED_EDGE('',*,*,#518,.F.);
#558=ORIENTED_EDGE('',*,*,#539,.F.);
#559=EDGE_LOOP('',(#557,#558));
#560=FACE_OUTER_BOUND('',#559,.F.);
#562=FILL_AREA_STYLE_COLOUR('',#11);
#563=FILL_AREA_STYLE('',(#562));
#564=SURFACE_STYLE_FILL_AREA(#563);
#565=SURFACE_SIDE_STYLE('',(#564));
#566=SURFACE_STYLE_USAGE(.POSITIVE.,#565);
#567=PRESENTATION_STYLE_ASSIGNMENT((#566));
#568=STYLED_ITEM('',(#567),#561);
#569=CARTESIAN_POINT('',(0.E0,1.E-1,-5.5E-1));
#570=DIRECTION('',(0.E0,-1.E0,0.E0));
#571=DIRECTION('',(-1.E0,0.E0,0.E0));
#572=AXIS2_PLACEMENT_3D('',#569,#570,#571);
#573=CYLINDRICAL_SURFACE('',#572,2.25E-1);
#574=ORIENTED_EDGE('',*,*,#496,.F.);
#576=ORIENTED_EDGE('',*,*,#575,.T.);
#578=ORIENTED_EDGE('',*,*,#577,.T.);
#580=ORIENTED_EDGE('',*,*,#579,.F.);
#581=EDGE_LOOP('',(#574,#576,#578,#580));
#582=FACE_OUTER_BOUND('',#581,.F.);
#584=FILL_AREA_STYLE_COLOUR('',#11);
#585=FILL_AREA_STYLE('',(#584));
#586=SURFACE_STYLE_FILL_AREA(#585);
#587=SURFACE_SIDE_STYLE('',(#586));
#588=SURFACE_STYLE_USAGE(.POSITIVE.,#587);
#589=PRESENTATION_STYLE_ASSIGNMENT((#588));
#590=STYLED_ITEM('',(#589),#583);
#591=CARTESIAN_POINT('',(0.E0,1.E-1,-5.5E-1));
#592=DIRECTION('',(0.E0,-1.E0,0.E0));
#593=DIRECTION('',(-1.E0,0.E0,0.E0));
#594=AXIS2_PLACEMENT_3D('',#591,#592,#593);
#595=CYLINDRICAL_SURFACE('',#594,2.25E-1);
#596=ORIENTED_EDGE('',*,*,#498,.F.);
#597=ORIENTED_EDGE('',*,*,#579,.T.);
#599=ORIENTED_EDGE('',*,*,#598,.T.);
#600=ORIENTED_EDGE('',*,*,#575,.F.);
#601=EDGE_LOOP('',(#596,#597,#599,#600));
#602=FACE_OUTER_BOUND('',#601,.F.);
#604=FILL_AREA_STYLE_COLOUR('',#11);
#605=FILL_AREA_STYLE('',(#604));
#606=SURFACE_STYLE_FILL_AREA(#605);
#607=SURFACE_SIDE_STYLE('',(#606));
#608=SURFACE_STYLE_USAGE(.POSITIVE.,#607);
#609=PRESENTATION_STYLE_ASSIGNMENT((#608));
#610=STYLED_ITEM('',(#609),#603);
#611=CARTESIAN_POINT('',(0.E0,-2.49E1,0.E0));
#612=DIRECTION('',(0.E0,-1.E0,0.E0));
#613=DIRECTION('',(-1.E0,0.E0,0.E0));
#614=AXIS2_PLACEMENT_3D('',#611,#612,#613);
#615=PLANE('',#614);
#616=ORIENTED_EDGE('',*,*,#577,.F.);
#617=ORIENTED_EDGE('',*,*,#598,.F.);
#618=EDGE_LOOP('',(#616,#617));
#619=FACE_OUTER_BOUND('',#618,.F.);
#621=FILL_AREA_STYLE_COLOUR('',#11);
#622=FILL_AREA_STYLE('',(#621));
#623=SURFACE_STYLE_FILL_AREA(#622);
#624=SURFACE_SIDE_STYLE('',(#623));
#625=SURFACE_STYLE_USAGE(.POSITIVE.,#624);
#626=PRESENTATION_STYLE_ASSIGNMENT((#625));
#627=STYLED_ITEM('',(#626),#620);
#628=CARTESIAN_POINT('',(0.E0,2.E-1,0.E0));
#629=DIRECTION('',(0.E0,1.E0,0.E0));
#630=DIRECTION('',(9.995701088009E-1,0.E0,2.931889478994E-2));
#631=AXIS2_PLACEMENT_3D('',#628,#629,#630);
#632=TOROIDAL_SURFACE('',#631,1.575E0,2.E-1);
#634=ORIENTED_EDGE('',*,*,#633,.T.);
#636=ORIENTED_EDGE('',*,*,#635,.T.);
#637=ORIENTED_EDGE('',*,*,#419,.F.);
#639=ORIENTED_EDGE('',*,*,#638,.F.);
#640=EDGE_LOOP('',(#634,#636,#637,#639));
#641=FACE_OUTER_BOUND('',#640,.F.);
#643=FILL_AREA_STYLE_COLOUR('',#16);
#644=FILL_AREA_STYLE('',(#643));
#645=SURFACE_STYLE_FILL_AREA(#644);
#646=SURFACE_SIDE_STYLE('',(#645));
#647=SURFACE_STYLE_USAGE(.POSITIVE.,#646);
#648=PRESENTATION_STYLE_ASSIGNMENT((#647));
#649=STYLED_ITEM('',(#648),#642);
#650=CARTESIAN_POINT('',(0.E0,0.E0,0.E0));
#651=DIRECTION('',(0.E0,1.E0,0.E0));
#652=DIRECTION('',(1.E0,0.E0,0.E0));
#653=AXIS2_PLACEMENT_3D('',#650,#651,#652);
#654=CYLINDRICAL_SURFACE('',#653,1.775E0);
#656=ORIENTED_EDGE('',*,*,#655,.F.);
#658=ORIENTED_EDGE('',*,*,#657,.F.);
#660=ORIENTED_EDGE('',*,*,#659,.F.);
#662=ORIENTED_EDGE('',*,*,#661,.T.);
#663=EDGE_LOOP('',(#656,#658,#660,#662));
#664=FACE_OUTER_BOUND('',#663,.F.);
#666=FILL_AREA_STYLE_COLOUR('',#16);
#667=FILL_AREA_STYLE('',(#666));
#668=SURFACE_STYLE_FILL_AREA(#667);
#669=SURFACE_SIDE_STYLE('',(#668));
#670=SURFACE_STYLE_USAGE(.POSITIVE.,#669);
#671=PRESENTATION_STYLE_ASSIGNMENT((#670));
#672=STYLED_ITEM('',(#671),#665);
#673=CARTESIAN_POINT('',(0.E0,0.E0,0.E0));
#674=DIRECTION('',(0.E0,1.E0,0.E0));
#675=DIRECTION('',(1.E0,0.E0,0.E0));
#676=AXIS2_PLACEMENT_3D('',#673,#674,#675);
#677=CYLINDRICAL_SURFACE('',#676,1.775E0);
#678=ORIENTED_EDGE('',*,*,#633,.F.);
#680=ORIENTED_EDGE('',*,*,#679,.T.);
#682=ORIENTED_EDGE('',*,*,#681,.F.);
#684=ORIENTED_EDGE('',*,*,#683,.F.);
#685=EDGE_LOOP('',(#678,#680,#682,#684));
#686=FACE_OUTER_BOUND('',#685,.F.);
#688=FILL_AREA_STYLE_COLOUR('',#16);
#689=FILL_AREA_STYLE('',(#688));
#690=SURFACE_STYLE_FILL_AREA(#689);
#691=SURFACE_SIDE_STYLE('',(#690));
#692=SURFACE_STYLE_USAGE(.POSITIVE.,#691);
#693=PRESENTATION_STYLE_ASSIGNMENT((#692));
#694=STYLED_ITEM('',(#693),#687);
#695=CARTESIAN_POINT('',(0.E0,6.85E0,0.E0));
#696=DIRECTION('',(0.E0,1.E0,0.E0));
#697=DIRECTION('',(-9.999742590685E-1,0.E0,7.175040096747E-3));
#698=AXIS2_PLACEMENT_3D('',#695,#696,#697);
#699=TOROIDAL_SURFACE('',#698,1.625E0,1.5E-1);
#700=ORIENTED_EDGE('',*,*,#655,.T.);
#702=ORIENTED_EDGE('',*,*,#701,.T.);
#704=ORIENTED_EDGE('',*,*,#703,.F.);
#706=ORIENTED_EDGE('',*,*,#705,.F.);
#707=EDGE_LOOP('',(#700,#702,#704,#706));
#708=FACE_OUTER_BOUND('',#707,.F.);
#710=FILL_AREA_STYLE_COLOUR('',#16);
#711=FILL_AREA_STYLE('',(#710));
#712=SURFACE_STYLE_FILL_AREA(#711);
#713=SURFACE_SIDE_STYLE('',(#712));
#714=SURFACE_STYLE_USAGE(.POSITIVE.,#713);
#715=PRESENTATION_STYLE_ASSIGNMENT((#714));
#716=STYLED_ITEM('',(#715),#709);
#717=CARTESIAN_POINT('',(0.E0,6.85E0,0.E0));
#718=DIRECTION('',(0.E0,1.E0,0.E0));
#719=DIRECTION('',(9.999742590685E-1,0.E0,-7.175040096747E-3));
#720=AXIS2_PLACEMENT_3D('',#717,#718,#719);
#721=TOROIDAL_SURFACE('',#720,1.625E0,1.5E-1);
#723=ORIENTED_EDGE('',*,*,#722,.T.);
#725=ORIENTED_EDGE('',*,*,#724,.F.);
#726=ORIENTED_EDGE('',*,*,#701,.F.);
#728=ORIENTED_EDGE('',*,*,#727,.T.);
#729=ORIENTED_EDGE('',*,*,#705,.T.);
#731=ORIENTED_EDGE('',*,*,#730,.F.);
#732=EDGE_LOOP('',(#723,#725,#726,#728,#729,#731));
#733=FACE_OUTER_BOUND('',#732,.F.);
#735=FILL_AREA_STYLE_COLOUR('',#16);
#736=FILL_AREA_STYLE('',(#735));
#737=SURFACE_STYLE_FILL_AREA(#736);
#738=SURFACE_SIDE_STYLE('',(#737));
#739=SURFACE_STYLE_USAGE(.POSITIVE.,#738);
#740=PRESENTATION_STYLE_ASSIGNMENT((#739));
#741=STYLED_ITEM('',(#740),#734);
#742=CARTESIAN_POINT('',(0.E0,7.E0,0.E0));
#743=DIRECTION('',(0.E0,1.E0,0.E0));
#744=DIRECTION('',(0.E0,0.E0,-1.E0));
#745=AXIS2_PLACEMENT_3D('',#742,#743,#744);
#746=PLANE('',#745);
#747=ORIENTED_EDGE('',*,*,#722,.F.);
#749=ORIENTED_EDGE('',*,*,#748,.T.);
#751=ORIENTED_EDGE('',*,*,#750,.T.);
#752=EDGE_LOOP('',(#747,#749,#751));
#753=FACE_OUTER_BOUND('',#752,.F.);
#755=CARTESIAN_POINT('',(-1.523661283580E0,7.E0,5.707293491957E-1));
#756=DIRECTION('',(-1.E0,0.E0,0.E0));
#757=DIRECTION('',(0.E0,0.E0,1.E0));
#758=AXIS2_PLACEMENT_3D('',#755,#756,#757);
#759=PLANE('',#758);
#760=ORIENTED_EDGE('',*,*,#748,.F.);
#762=ORIENTED_EDGE('',*,*,#761,.T.);
#764=ORIENTED_EDGE('',*,*,#763,.T.);
#766=ORIENTED_EDGE('',*,*,#765,.F.);
#767=EDGE_LOOP('',(#760,#762,#764,#766));
#768=FACE_OUTER_BOUND('',#767,.F.);
#770=CARTESIAN_POINT('',(1.467955384188E0,7.E0,5.707293491957E-1));
#771=DIRECTION('',(0.E0,0.E0,-1.E0));
#772=DIRECTION('',(-1.E0,0.E0,0.E0));
#773=AXIS2_PLACEMENT_3D('',#770,#771,#772);
#774=PLANE('',#773);
#776=ORIENTED_EDGE('',*,*,#775,.F.);
#778=ORIENTED_EDGE('',*,*,#777,.T.);
#780=ORIENTED_EDGE('',*,*,#779,.T.);
#781=ORIENTED_EDGE('',*,*,#761,.F.);
#782=EDGE_LOOP('',(#776,#778,#780,#781));
#783=FACE_OUTER_BOUND('',#782,.F.);
#785=CARTESIAN_POINT('',(0.E0,7.E0,0.E0));
#786=DIRECTION('',(0.E0,1.E0,0.E0));
#787=DIRECTION('',(1.E0,0.E0,0.E0));
#788=AXIS2_PLACEMENT_3D('',#785,#786,#787);
#789=PLANE('',#788);
#791=ORIENTED_EDGE('',*,*,#790,.T.);
#793=ORIENTED_EDGE('',*,*,#792,.T.);
#794=ORIENTED_EDGE('',*,*,#775,.T.);
#795=ORIENTED_EDGE('',*,*,#730,.T.);
#796=ORIENTED_EDGE('',*,*,#703,.T.);
#797=ORIENTED_EDGE('',*,*,#724,.T.);
#798=EDGE_LOOP('',(#791,#793,#794,#795,#796,#797));
#799=FACE_OUTER_BOUND('',#798,.F.);
#801=FILL_AREA_STYLE_COLOUR('',#16);
#802=FILL_AREA_STYLE('',(#801));
#803=SURFACE_STYLE_FILL_AREA(#802);
#804=SURFACE_SIDE_STYLE('',(#803));
#805=SURFACE_STYLE_USAGE(.POSITIVE.,#804);
#806=PRESENTATION_STYLE_ASSIGNMENT((#805));
#807=STYLED_ITEM('',(#806),#800);
#808=CARTESIAN_POINT('',(-1.523661283580E0,7.E0,6.111675198853E-1));
#809=DIRECTION('',(0.E0,0.E0,1.E0));
#810=DIRECTION('',(1.E0,0.E0,0.E0));
#811=AXIS2_PLACEMENT_3D('',#808,#809,#810);
#812=PLANE('',#811);
#813=ORIENTED_EDGE('',*,*,#790,.F.);
#814=ORIENTED_EDGE('',*,*,#750,.F.);
#815=ORIENTED_EDGE('',*,*,#765,.T.);
#817=ORIENTED_EDGE('',*,*,#816,.T.);
#819=ORIENTED_EDGE('',*,*,#818,.F.);
#820=EDGE_LOOP('',(#813,#814,#815,#817,#819));
#821=FACE_OUTER_BOUND('',#820,.F.);
#823=CARTESIAN_POINT('',(0.E0,7.01E0,0.E0));
#824=DIRECTION('',(0.E0,1.E0,0.E0));
#825=DIRECTION('',(0.E0,0.E0,-1.E0));
#826=AXIS2_PLACEMENT_3D('',#823,#824,#825);
#827=PLANE('',#826);
#828=ORIENTED_EDGE('',*,*,#816,.F.);
#829=ORIENTED_EDGE('',*,*,#763,.F.);
#830=ORIENTED_EDGE('',*,*,#779,.F.);
#832=ORIENTED_EDGE('',*,*,#831,.F.);
#833=EDGE_LOOP('',(#828,#829,#830,#832));
#834=FACE_OUTER_BOUND('',#833,.F.);
#836=FILL_AREA_STYLE_COLOUR('',#18);
#837=FILL_AREA_STYLE('',(#836));
#838=SURFACE_STYLE_FILL_AREA(#837);
#839=SURFACE_SIDE_STYLE('',(#838));
#840=SURFACE_STYLE_USAGE(.POSITIVE.,#839);
#841=PRESENTATION_STYLE_ASSIGNMENT((#840));
#842=STYLED_ITEM('',(#841),#835);
#843=CARTESIAN_POINT('',(1.467955384188E0,7.E0,6.111675198853E-1));
#844=DIRECTION('',(1.E0,0.E0,0.E0));
#845=DIRECTION('',(0.E0,0.E0,-1.E0));
#846=AXIS2_PLACEMENT_3D('',#843,#844,#845);
#847=PLANE('',#846);
#848=ORIENTED_EDGE('',*,*,#792,.F.);
#849=ORIENTED_EDGE('',*,*,#818,.T.);
#850=ORIENTED_EDGE('',*,*,#831,.T.);
#851=ORIENTED_EDGE('',*,*,#777,.F.);
#852=EDGE_LOOP('',(#848,#849,#850,#851));
#853=FACE_OUTER_BOUND('',#852,.F.);
#855=CARTESIAN_POINT('',(0.E0,0.E0,0.E0));
#856=DIRECTION('',(0.E0,1.E0,0.E0));
#857=DIRECTION('',(1.E0,0.E0,0.E0));
#858=AXIS2_PLACEMENT_3D('',#855,#856,#857);
#859=CYLINDRICAL_SURFACE('',#858,1.775E0);
#860=ORIENTED_EDGE('',*,*,#727,.F.);
#861=ORIENTED_EDGE('',*,*,#661,.F.);
#863=ORIENTED_EDGE('',*,*,#862,.T.);
#865=ORIENTED_EDGE('',*,*,#864,.T.);
#866=ORIENTED_EDGE('',*,*,#657,.T.);
#867=EDGE_LOOP('',(#860,#861,#863,#865,#866));
#868=FACE_OUTER_BOUND('',#867,.F.);
#870=FILL_AREA_STYLE_COLOUR('',#16);
#871=FILL_AREA_STYLE('',(#870));
#872=SURFACE_STYLE_FILL_AREA(#871);
#873=SURFACE_SIDE_STYLE('',(#872));
#874=SURFACE_STYLE_USAGE(.POSITIVE.,#873);
#875=PRESENTATION_STYLE_ASSIGNMENT((#874));
#876=STYLED_ITEM('',(#875),#869);
#877=CARTESIAN_POINT('',(0.E0,0.E0,0.E0));
#878=DIRECTION('',(0.E0,1.E0,0.E0));
#879=DIRECTION('',(1.E0,0.E0,0.E0));
#880=AXIS2_PLACEMENT_3D('',#877,#878,#879);
#881=CYLINDRICAL_SURFACE('',#880,1.775E0);
#883=ORIENTED_EDGE('',*,*,#882,.F.);
#884=ORIENTED_EDGE('',*,*,#683,.T.);
#886=ORIENTED_EDGE('',*,*,#885,.T.);
#888=ORIENTED_EDGE('',*,*,#887,.T.);
#889=ORIENTED_EDGE('',*,*,#679,.F.);
#890=EDGE_LOOP('',(#883,#884,#886,#888,#889));
#891=FACE_OUTER_BOUND('',#890,.F.);
#893=FILL_AREA_STYLE_COLOUR('',#16);
#894=FILL_AREA_STYLE('',(#893));
#895=SURFACE_STYLE_FILL_AREA(#894);
#896=SURFACE_SIDE_STYLE('',(#895));
#897=SURFACE_STYLE_USAGE(.POSITIVE.,#896);
#898=PRESENTATION_STYLE_ASSIGNMENT((#897));
#899=STYLED_ITEM('',(#898),#892);
#900=CARTESIAN_POINT('',(0.E0,1.247213595500E0,0.E0));
#901=DIRECTION('',(0.E0,1.E0,0.E0));
#902=DIRECTION('',(-8.086137559842E-3,0.E0,-9.999673066553E-1));
#903=AXIS2_PLACEMENT_3D('',#900,#901,#902);
#904=TOROIDAL_SURFACE('',#903,1.375E0,4.E-1);
#906=ORIENTED_EDGE('',*,*,#905,.T.);
#908=ORIENTED_EDGE('',*,*,#907,.T.);
#909=ORIENTED_EDGE('',*,*,#862,.F.);
#910=ORIENTED_EDGE('',*,*,#659,.T.);
#912=ORIENTED_EDGE('',*,*,#911,.F.);
#914=ORIENTED_EDGE('',*,*,#913,.T.);
#915=EDGE_LOOP('',(#906,#908,#909,#910,#912,#914));
#916=FACE_OUTER_BOUND('',#915,.F.);
#918=FILL_AREA_STYLE_COLOUR('',#16);
#919=FILL_AREA_STYLE('',(#918));
#920=SURFACE_STYLE_FILL_AREA(#919);
#921=SURFACE_SIDE_STYLE('',(#920));
#922=SURFACE_STYLE_USAGE(.POSITIVE.,#921);
#923=PRESENTATION_STYLE_ASSIGNMENT((#922));
#924=STYLED_ITEM('',(#923),#917);
#925=CARTESIAN_POINT('',(0.E0,8.E-1,0.E0));
#926=DIRECTION('',(0.E0,1.E0,0.E0));
#927=DIRECTION('',(0.E0,0.E0,-1.E0));
#928=AXIS2_PLACEMENT_3D('',#925,#926,#927);
#929=TOROIDAL_SURFACE('',#928,1.775E0,2.E-1);
#931=ORIENTED_EDGE('',*,*,#930,.F.);
#933=ORIENTED_EDGE('',*,*,#932,.F.);
#934=ORIENTED_EDGE('',*,*,#905,.F.);
#936=ORIENTED_EDGE('',*,*,#935,.F.);
#937=EDGE_LOOP('',(#931,#933,#934,#936));
#938=FACE_OUTER_BOUND('',#937,.F.);
#940=FILL_AREA_STYLE_COLOUR('',#16);
#941=FILL_AREA_STYLE('',(#940));
#942=SURFACE_STYLE_FILL_AREA(#941);
#943=SURFACE_SIDE_STYLE('',(#942));
#944=SURFACE_STYLE_USAGE(.POSITIVE.,#943);
#945=PRESENTATION_STYLE_ASSIGNMENT((#944));
#946=STYLED_ITEM('',(#945),#939);
#947=CARTESIAN_POINT('',(0.E0,3.527864045E-1,0.E0));
#948=DIRECTION('',(0.E0,1.E0,0.E0));
#949=DIRECTION('',(9.999721579230E-1,0.E0,7.462129648986E-3));
#950=AXIS2_PLACEMENT_3D('',#947,#948,#949);
#951=TOROIDAL_SURFACE('',#950,1.375E0,4.E-1);
#952=ORIENTED_EDGE('',*,*,#930,.T.);
#954=ORIENTED_EDGE('',*,*,#953,.T.);
#956=ORIENTED_EDGE('',*,*,#955,.T.);
#957=ORIENTED_EDGE('',*,*,#681,.T.);
#958=ORIENTED_EDGE('',*,*,#887,.F.);
#960=ORIENTED_EDGE('',*,*,#959,.F.);
#961=EDGE_LOOP('',(#952,#954,#956,#957,#958,#960));
#962=FACE_OUTER_BOUND('',#961,.F.);
#964=FILL_AREA_STYLE_COLOUR('',#16);
#965=FILL_AREA_STYLE('',(#964));
#966=SURFACE_STYLE_FILL_AREA(#965);
#967=SURFACE_SIDE_STYLE('',(#966));
#968=SURFACE_STYLE_USAGE(.POSITIVE.,#967);
#969=PRESENTATION_STYLE_ASSIGNMENT((#968));
#970=STYLED_ITEM('',(#969),#963);
#971=CARTESIAN_POINT('',(0.E0,8.E-1,0.E0));
#972=DIRECTION('',(0.E0,1.E0,0.E0));
#973=DIRECTION('',(0.E0,0.E0,-1.E0));
#974=AXIS2_PLACEMENT_3D('',#971,#972,#973);
#975=TOROIDAL_SURFACE('',#974,1.775E0,2.E-1);
#976=ORIENTED_EDGE('',*,*,#953,.F.);
#977=ORIENTED_EDGE('',*,*,#935,.T.);
#978=ORIENTED_EDGE('',*,*,#913,.F.);
#980=ORIENTED_EDGE('',*,*,#979,.F.);
#981=ORIENTED_EDGE('',*,*,#932,.T.);
#983=ORIENTED_EDGE('',*,*,#982,.F.);
#984=EDGE_LOOP('',(#976,#977,#978,#980,#981,#983));
#985=FACE_OUTER_BOUND('',#984,.F.);
#987=FILL_AREA_STYLE_COLOUR('',#16);
#988=FILL_AREA_STYLE('',(#987));
#989=SURFACE_STYLE_FILL_AREA(#988);
#990=SURFACE_SIDE_STYLE('',(#989));
#991=SURFACE_STYLE_USAGE(.POSITIVE.,#990);
#992=PRESENTATION_STYLE_ASSIGNMENT((#991));
#993=STYLED_ITEM('',(#992),#986);
#994=CARTESIAN_POINT('',(0.E0,1.247213595500E0,0.E0));
#995=DIRECTION('',(0.E0,1.E0,0.E0));
#996=DIRECTION('',(8.086137559842E-3,0.E0,9.999673066553E-1));
#997=AXIS2_PLACEMENT_3D('',#994,#995,#996);
#998=TOROIDAL_SURFACE('',#997,1.375E0,4.E-1);
#999=ORIENTED_EDGE('',*,*,#979,.T.);
#1000=ORIENTED_EDGE('',*,*,#911,.T.);
#1001=ORIENTED_EDGE('',*,*,#864,.F.);
#1002=ORIENTED_EDGE('',*,*,#907,.F.);
#1003=EDGE_LOOP('',(#999,#1000,#1001,#1002));
#1004=FACE_OUTER_BOUND('',#1003,.F.);
#1006=FILL_AREA_STYLE_COLOUR('',#16);
#1007=FILL_AREA_STYLE('',(#1006));
#1008=SURFACE_STYLE_FILL_AREA(#1007);
#1009=SURFACE_SIDE_STYLE('',(#1008));
#1010=SURFACE_STYLE_USAGE(.POSITIVE.,#1009);
#1011=PRESENTATION_STYLE_ASSIGNMENT((#1010));
#1012=STYLED_ITEM('',(#1011),#1005);
#1013=CARTESIAN_POINT('',(0.E0,3.527864045E-1,0.E0));
#1014=DIRECTION('',(0.E0,1.E0,0.E0));
#1015=DIRECTION('',(-9.999721579230E-1,0.E0,-7.462129648986E-3));
#1016=AXIS2_PLACEMENT_3D('',#1013,#1014,#1015);
#1017=TOROIDAL_SURFACE('',#1016,1.375E0,4.E-1);
#1018=ORIENTED_EDGE('',*,*,#982,.T.);
#1019=ORIENTED_EDGE('',*,*,#959,.T.);
#1020=ORIENTED_EDGE('',*,*,#885,.F.);
#1021=ORIENTED_EDGE('',*,*,#955,.F.);
#1022=EDGE_LOOP('',(#1018,#1019,#1020,#1021));
#1023=FACE_OUTER_BOUND('',#1022,.F.);
#1025=FILL_AREA_STYLE_COLOUR('',#16);
#1026=FILL_AREA_STYLE('',(#1025));
#1027=SURFACE_STYLE_FILL_AREA(#1026);
#1028=SURFACE_SIDE_STYLE('',(#1027));
#1029=SURFACE_STYLE_USAGE(.POSITIVE.,#1028);
#1030=PRESENTATION_STYLE_ASSIGNMENT((#1029));
#1031=STYLED_ITEM('',(#1030),#1024);
#1032=CARTESIAN_POINT('',(0.E0,2.E-1,0.E0));
#1033=DIRECTION('',(0.E0,1.E0,0.E0));
#1034=DIRECTION('',(-9.995701088009E-1,0.E0,-2.931889478994E-2));
#1035=AXIS2_PLACEMENT_3D('',#1032,#1033,#1034);
#1036=TOROIDAL_SURFACE('',#1035,1.575E0,2.E-1);
#1037=ORIENTED_EDGE('',*,*,#882,.T.);
#1038=ORIENTED_EDGE('',*,*,#638,.T.);
#1039=ORIENTED_EDGE('',*,*,#421,.F.);
#1040=ORIENTED_EDGE('',*,*,#635,.F.);
#1041=EDGE_LOOP('',(#1037,#1038,#1039,#1040));
#1042=FACE_OUTER_BOUND('',#1041,.F.);
#1044=FILL_AREA_STYLE_COLOUR('',#16);
#1045=FILL_AREA_STYLE('',(#1044));
#1046=SURFACE_STYLE_FILL_AREA(#1045);
#1047=SURFACE_SIDE_STYLE('',(#1046));
#1048=SURFACE_STYLE_USAGE(.POSITIVE.,#1047);
#1049=PRESENTATION_STYLE_ASSIGNMENT((#1048));
#1050=STYLED_ITEM('',(#1049),#1043);
#1051=CLOSED_SHELL('',(#431,#453,#473,#502,#524,#544,#561,#583,#603,#620,#642,
#665,#687,#709,#734,#754,#769,#784,#800,#822,#835,#854,#869,#892,#917,#939,#963,
#986,#1005,#1024,#1043));
#1052=MANIFOLD_SOLID_BREP('',#1051);
#1055=PLANE_ANGLE_MEASURE_WITH_UNIT(PLANE_ANGLE_MEASURE(1.745329251994E-2),
#1054);
#1056=(CONVERSION_BASED_UNIT('DEGREE',#1055)NAMED_UNIT(*)PLANE_ANGLE_UNIT());
#1058=UNCERTAINTY_MEASURE_WITH_UNIT(LENGTH_MEASURE(3.230123256815E-3),#1053,
'closure',
'Maximum model space distance between geometric entities at asserted connectivities');
#1060=CARTESIAN_POINT('',(0.E0,0.E0,0.E0));
#1061=DIRECTION('',(0.E0,0.E0,1.E0));
#1062=DIRECTION('',(1.E0,0.E0,0.E0));
#1065=APPLICATION_CONTEXT('automotive design');
#1066=APPLICATION_PROTOCOL_DEFINITION('international standard',
'config_control_design',1994,#1065);
#1067=PRODUCT_DEFINITION_CONTEXT('',#1065,'design');
#1068=PRODUCT_CONTEXT('',#1065,'mechanical');
#1069=PRODUCT('03551100','03551100','NOT SPECIFIED',(#1068));
#1070=PRODUCT_DEFINITION_FORMATION_WITH_SPECIFIED_SOURCE('1','LAST_VERSION',
#1069,.MADE.);
#1078=DERIVED_UNIT_ELEMENT(#1077,2.E0);
#1079=AREA_UNIT((#1078));
#1080=MEASURE_REPRESENTATION_ITEM('surface area measure',AREA_MEASURE(
1.614335236630E2),#1079);
#1085=DERIVED_UNIT_ELEMENT(#1084,3.E0);
#1086=VOLUME_UNIT((#1085));
#1087=MEASURE_REPRESENTATION_ITEM('volume measure',VOLUME_MEASURE(
7.484929303515E1),#1086);
#1091=CARTESIAN_POINT('centre point',(-3.271093224677E-6,2.146261752569E0,
-5.832789590629E-3));
#1096=DERIVED_UNIT_ELEMENT(#1095,2.E0);
#1097=AREA_UNIT((#1096));
#1098=MEASURE_REPRESENTATION_ITEM('surface area measure',AREA_MEASURE(
1.614335236630E2),#1097);
#1103=DERIVED_UNIT_ELEMENT(#1102,3.E0);
#1104=VOLUME_UNIT((#1103));
#1105=MEASURE_REPRESENTATION_ITEM('volume measure',VOLUME_MEASURE(
7.484929303515E1),#1104);
#1109=CARTESIAN_POINT('centre point',(-3.271093224677E-6,2.146261752569E0,
-5.832789590629E-3));
#1119=CARTESIAN_POINT('centre point',(1.774996728907E0,2.704626175257E1,
-1.780832789591E0));
#1123=CARTESIAN_POINT('',(1.775E0,2.49E1,-1.775E0));
#1124=DIRECTION('',(0.E0,0.E0,1.E0));
#1125=DIRECTION('',(1.E0,0.E0,0.E0));
#1126=AXIS2_PLACEMENT_3D('',#1123,#1124,#1125);
#1127=ITEM_DEFINED_TRANSFORMATION('','',#1063,#1126);
#1128=(REPRESENTATION_RELATIONSHIP('','',#1064,#1116)REPRESENTATION_RELATIONSHIP_WITH_TRANSFORMATION(#1127)SHAPE_REPRESENTATION_RELATIONSHIP());
#1129=CONTEXT_DEPENDENT_SHAPE_REPRESENTATION(#1128,#1118);
#1132=DIRECTION('',(9.702957262760E-1,-2.419218955998E-1,0.E0));
#1133=VECTOR('',#1132,1.739005898646E-1);
#1134=CARTESIAN_POINT('',(-1.008993525219E0,-9.677926065120E-1,4.85E0));
#1135=LINE('',#1134,#1133);
#1136=DRAUGHTING_PRE_DEFINED_CURVE_FONT('continuous');
#1137=CURVE_STYLE('',#1136,POSITIVE_LENGTH_MEASURE(2.E-2),#1130);
#1138=PRESENTATION_STYLE_ASSIGNMENT((#1137));
#1139=STYLED_ITEM('',(#1138),#1135);
#1140=DIRECTION('',(2.240044496987E-13,1.E0,0.E0));
#1141=VECTOR('',#1140,2.854802496309E-1);
#1142=CARTESIAN_POINT('',(-8.402585260765E-1,-1.009862966858E0,4.85E0));
#1143=LINE('',#1142,#1141);
#1144=CURVE_STYLE('',#1136,POSITIVE_LENGTH_MEASURE(2.E-2),#1130);
#1145=PRESENTATION_STYLE_ASSIGNMENT((#1144));
#1146=STYLED_ITEM('',(#1145),#1143);
#1147=CARTESIAN_POINT('',(-8.895060022405E-1,-7.243827172290E-1,4.85E0));
#1148=DIRECTION('',(0.E0,0.E0,1.E0));
#1149=DIRECTION('',(1.E0,7.418473375075E-11,0.E0));
#1150=AXIS2_PLACEMENT_3D('',#1147,#1148,#1149);
#1152=CURVE_STYLE('',#1136,POSITIVE_LENGTH_MEASURE(2.E-2),#1130);
#1153=PRESENTATION_STYLE_ASSIGNMENT((#1152));
#1154=STYLED_ITEM('',(#1153),#1151);
#1155=DIRECTION('',(-9.694524358107E-1,2.452793809122E-1,0.E0));
#1156=VECTOR('',#1155,7.772186632764E-1);
#1157=CARTESIAN_POINT('',(-8.774266117761E-1,-6.766396315039E-1,4.85E0));
#1158=LINE('',#1157,#1156);
#1159=CURVE_STYLE('',#1136,POSITIVE_LENGTH_MEASURE(2.E-2),#1130);
#1160=PRESENTATION_STYLE_ASSIGNMENT((#1159));
#1161=STYLED_ITEM('',(#1160),#1158);
#1162=DIRECTION('',(-7.872498022100E-14,-1.E0,0.E0));
#1163=VECTOR('',#1162,1.212819359874E-1);
#1164=CARTESIAN_POINT('',(-1.630903138047E0,-4.860039189421E-1,4.85E0));
#1165=LINE('',#1164,#1163);
#1166=CURVE_STYLE('',#1136,POSITIVE_LENGTH_MEASURE(2.E-2),#1130);
#1167=PRESENTATION_STYLE_ASSIGNMENT((#1166));
#1168=STYLED_ITEM('',(#1167),#1165);
#1169=DIRECTION('',(9.702957262760E-1,-2.419218955996E-1,0.E0));
#1170=VECTOR('',#1169,3.447402590175E-1);
#1171=CARTESIAN_POINT('',(-1.630903138047E0,-6.072858549295E-1,4.85E0));
#1172=LINE('',#1171,#1170);
#1173=CURVE_STYLE('',#1136,POSITIVE_LENGTH_MEASURE(2.E-2),#1130);
#1174=PRESENTATION_STYLE_ASSIGNMENT((#1173));
#1175=STYLED_ITEM('',(#1174),#1172);
#1176=DIRECTION('',(1.248254967844E-12,-1.E0,0.E0));
#1177=VECTOR('',#1176,4.589407576692E-2);
#1178=CARTESIAN_POINT('',(-1.296403138047E0,-6.906860718805E-1,4.85E0));
#1179=LINE('',#1178,#1177);
#1180=CURVE_STYLE('',#1136,POSITIVE_LENGTH_MEASURE(2.E-2),#1130);
#1181=PRESENTATION_STYLE_ASSIGNMENT((#1180));
#1182=STYLED_ITEM('',(#1181),#1179);
#1183=CARTESIAN_POINT('',(-1.325563900586E0,-7.365801476460E-1,4.85E0));
#1184=DIRECTION('',(0.E0,0.E0,-1.E0));
#1185=DIRECTION('',(1.E0,-7.906134586998E-11,0.E0));
#1186=AXIS2_PLACEMENT_3D('',#1183,#1184,#1185);
#1188=CURVE_STYLE('',#1136,POSITIVE_LENGTH_MEASURE(2.E-2),#1130);
#1189=PRESENTATION_STYLE_ASSIGNMENT((#1188));
#1190=STYLED_ITEM('',(#1189),#1187);
#1191=CARTESIAN_POINT('',(-1.325563900586E0,-7.365801476460E-1,4.85E0));
#1192=DIRECTION('',(0.E0,0.E0,-1.E0));
#1193=DIRECTION('',(0.E0,-1.E0,0.E0));
#1194=AXIS2_PLACEMENT_3D('',#1191,#1192,#1193);
#1196=CURVE_STYLE('',#1136,POSITIVE_LENGTH_MEASURE(2.E-2),#1130);
#1197=PRESENTATION_STYLE_ASSIGNMENT((#1196));
#1198=STYLED_ITEM('',(#1197),#1195);
#1199=DIRECTION('',(-9.702957262759E-1,2.419218956E-1,0.E0));
#1200=VECTOR('',#1199,3.074161850211E-1);
#1201=CARTESIAN_POINT('',(-1.332618527533E0,-7.648747109134E-1,4.85E0));
#1202=LINE('',#1201,#1200);
#1203=CURVE_STYLE('',#1136,POSITIVE_LENGTH_MEASURE(2.E-2),#1130);
#1204=PRESENTATION_STYLE_ASSIGNMENT((#1203));
#1205=STYLED_ITEM('',(#1204),#1202);
#1206=DIRECTION('',(5.268215575349E-14,-1.E0,0.E0));
#1207=VECTOR('',#1206,1.222291201020E-1);
#1208=CARTESIAN_POINT('',(-1.630903138047E0,-6.905040046950E-1,4.85E0));
#1209=LINE('',#1208,#1207);
#1210=CURVE_STYLE('',#1136,POSITIVE_LENGTH_MEASURE(2.E-2),#1130);
#1211=PRESENTATION_STYLE_ASSIGNMENT((#1210));
#1212=STYLED_ITEM('',(#1211),#1209);
#1213=DIRECTION('',(9.702957262760E-1,-2.419218955997E-1,0.E0));
#1214=VECTOR('',#1213,3.973923402302E-1);
#1215=CARTESIAN_POINT('',(-1.630903138047E0,-8.127331247970E-1,4.85E0));
#1216=LINE('',#1215,#1214);
#1217=CURVE_STYLE('',#1136,POSITIVE_LENGTH_MEASURE(2.E-2),#1130);
#1218=PRESENTATION_STYLE_ASSIGNMENT((#1217));
#1219=STYLED_ITEM('',(#1218),#1216);
#1220=CARTESIAN_POINT('',(-1.228881365972E0,-8.429591318265E-1,4.85E0));
#1221=DIRECTION('',(0.E0,0.E0,1.E0));
#1222=DIRECTION('',(-2.419218956272E-1,-9.702957262691E-1,0.E0));
#1223=AXIS2_PLACEMENT_3D('',#1220,#1221,#1222);
#1225=CURVE_STYLE('',#1136,POSITIVE_LENGTH_MEASURE(2.E-2),#1130);
#1226=PRESENTATION_STYLE_ASSIGNMENT((#1225));
#1227=STYLED_ITEM('',(#1226),#1224);
#1228=CARTESIAN_POINT('',(-1.228881365972E0,-8.429591318265E-1,4.85E0));
#1229=DIRECTION('',(0.E0,0.E0,1.E0));
#1230=DIRECTION('',(0.E0,-1.E0,0.E0));
#1231=AXIS2_PLACEMENT_3D('',#1228,#1229,#1230);
#1233=CURVE_STYLE('',#1136,POSITIVE_LENGTH_MEASURE(2.E-2),#1130);
#1234=PRESENTATION_STYLE_ASSIGNMENT((#1233));
#1235=STYLED_ITEM('',(#1234),#1232);
#1236=DIRECTION('',(2.113354742621E-13,1.E0,0.E0));
#1237=VECTOR('',#1236,9.035793015930E-2);
#1238=CARTESIAN_POINT('',(-1.160951662242E0,-8.429591318274E-1,4.85E0));
#1239=LINE('',#1238,#1237);
#1240=CURVE_STYLE('',#1136,POSITIVE_LENGTH_MEASURE(2.E-2),#1130);
#1241=PRESENTATION_STYLE_ASSIGNMENT((#1240));
#1242=STYLED_ITEM('',(#1241),#1239);
#1243=CARTESIAN_POINT('',(-1.138963719094E0,-7.526012016665E-1,4.85E0));
#1244=DIRECTION('',(0.E0,0.E0,-1.E0));
#1245=DIRECTION('',(-1.E0,-1.402071705379E-10,0.E0));
#1246=AXIS2_PLACEMENT_3D('',#1243,#1244,#1245);
#1248=CURVE_STYLE('',#1136,POSITIVE_LENGTH_MEASURE(2.E-2),#1130);
#1249=PRESENTATION_STYLE_ASSIGNMENT((#1248));
#1250=STYLED_ITEM('',(#1249),#1247);
#1251=CARTESIAN_POINT('',(-1.138963719094E0,-7.526012016665E-1,4.85E0));
#1252=DIRECTION('',(0.E0,0.E0,-1.E0));
#1253=DIRECTION('',(-4.343352351508E-11,1.E0,0.E0));
#1254=AXIS2_PLACEMENT_3D('',#1251,#1252,#1253);
#1256=CURVE_STYLE('',#1136,POSITIVE_LENGTH_MEASURE(2.E-2),#1130);
#1257=PRESENTATION_STYLE_ASSIGNMENT((#1256));
#1258=STYLED_ITEM('',(#1257),#1255);
#1259=DIRECTION('',(9.702957262759E-1,-2.419218955999E-1,0.E0));
#1260=VECTOR('',#1259,1.284668432658E-1);
#1261=CARTESIAN_POINT('',(-1.133644354208E0,-7.312663943998E-1,4.85E0));
#1262=LINE('',#1261,#1260);
#1263=CURVE_STYLE('',#1136,POSITIVE_LENGTH_MEASURE(2.E-2),#1130);
#1264=PRESENTATION_STYLE_ASSIGNMENT((#1263));
#1265=STYLED_ITEM('',(#1264),#1262);
#1266=DIRECTION('',(-3.350437685112E-14,-1.E0,0.E0));
#1267=VECTOR('',#1266,2.054472698676E-1);
#1268=CARTESIAN_POINT('',(-1.008993525219E0,-7.623453366444E-1,4.85E0));
#1269=LINE('',#1268,#1267);
#1270=CURVE_STYLE('',#1136,POSITIVE_LENGTH_MEASURE(2.E-2),#1130);
#1271=PRESENTATION_STYLE_ASSIGNMENT((#1270));
#1272=STYLED_ITEM('',(#1271),#1269);
#1273=DIRECTION('',(2.775557561563E-14,6.661338147751E-13,-1.E0));
#1274=VECTOR('',#1273,2.E-2);
#1275=CARTESIAN_POINT('',(-8.402585260765E-1,-1.009862966858E0,4.87E0));
#1276=LINE('',#1275,#1274);
#1277=CURVE_STYLE('',#1136,POSITIVE_LENGTH_MEASURE(2.E-2),#1130);
#1278=PRESENTATION_STYLE_ASSIGNMENT((#1277));
#1279=STYLED_ITEM('',(#1278),#1276);
#1280=DIRECTION('',(-9.702957262760E-1,2.419218955998E-1,0.E0));
#1281=VECTOR('',#1280,1.284668432668E-1);
#1282=CARTESIAN_POINT('',(-1.008993525219E0,-7.623453366445E-1,4.87E0));
#1283=LINE('',#1282,#1281);
#1284=CURVE_STYLE('',#1136,POSITIVE_LENGTH_MEASURE(2.E-2),#1130);
#1285=PRESENTATION_STYLE_ASSIGNMENT((#1284));
#1286=STYLED_ITEM('',(#1285),#1283);
#1287=CARTESIAN_POINT('',(-1.138963719094E0,-7.526012016665E-1,4.87E0));
#1288=DIRECTION('',(0.E0,0.E0,1.E0));
#1289=DIRECTION('',(2.419218954534E-1,9.702957263125E-1,0.E0));
#1290=AXIS2_PLACEMENT_3D('',#1287,#1288,#1289);
#1292=CURVE_STYLE('',#1136,POSITIVE_LENGTH_MEASURE(2.E-2),#1130);
#1293=PRESENTATION_STYLE_ASSIGNMENT((#1292));
#1294=STYLED_ITEM('',(#1293),#1291);
#1295=CARTESIAN_POINT('',(-1.138963719094E0,-7.526012016665E-1,4.87E0));
#1296=DIRECTION('',(0.E0,0.E0,1.E0));
#1297=DIRECTION('',(5.049235470249E-13,1.E0,0.E0));
#1298=AXIS2_PLACEMENT_3D('',#1295,#1296,#1297);
#1300=CURVE_STYLE('',#1136,POSITIVE_LENGTH_MEASURE(2.E-2),#1130);
#1301=PRESENTATION_STYLE_ASSIGNMENT((#1300));
#1302=STYLED_ITEM('',(#1301),#1299);
#1303=CARTESIAN_POINT('',(-1.228881365972E0,-8.429591318265E-1,4.87E0));
#1304=DIRECTION('',(0.E0,0.E0,-1.E0));
#1305=DIRECTION('',(1.E0,-4.484876033025E-11,0.E0));
#1306=AXIS2_PLACEMENT_3D('',#1303,#1304,#1305);
#1308=CURVE_STYLE('',#1136,POSITIVE_LENGTH_MEASURE(2.E-2),#1130);
#1309=PRESENTATION_STYLE_ASSIGNMENT((#1308));
#1310=STYLED_ITEM('',(#1309),#1307);
#1311=CARTESIAN_POINT('',(-1.228881365972E0,-8.429591318265E-1,4.87E0));
#1312=DIRECTION('',(0.E0,0.E0,-1.E0));
#1313=DIRECTION('',(-2.175020234230E-11,-1.E0,0.E0));
#1314=AXIS2_PLACEMENT_3D('',#1311,#1312,#1313);
#1316=CURVE_STYLE('',#1136,POSITIVE_LENGTH_MEASURE(2.E-2),#1130);
#1317=PRESENTATION_STYLE_ASSIGNMENT((#1316));
#1318=STYLED_ITEM('',(#1317),#1315);
#1319=DIRECTION('',(-9.702957262760E-1,2.419218955997E-1,0.E0));
#1320=VECTOR('',#1319,3.973923402292E-1);
#1321=CARTESIAN_POINT('',(-1.245315048668E0,-9.088710330421E-1,4.87E0));
#1322=LINE('',#1321,#1320);
#1323=CURVE_STYLE('',#1136,POSITIVE_LENGTH_MEASURE(2.E-2),#1130);
#1324=PRESENTATION_STYLE_ASSIGNMENT((#1323));
#1325=STYLED_ITEM('',(#1324),#1322);
#1326=DIRECTION('',(9.702957262759E-1,-2.419218956001E-1,0.E0));
#1327=VECTOR('',#1326,3.074161850231E-1);
#1328=CARTESIAN_POINT('',(-1.630903138047E0,-6.905040046950E-1,4.87E0));
#1329=LINE('',#1328,#1327);
#1330=CURVE_STYLE('',#1136,POSITIVE_LENGTH_MEASURE(2.E-2),#1130);
#1331=PRESENTATION_STYLE_ASSIGNMENT((#1330));
#1332=STYLED_ITEM('',(#1331),#1329);
#1333=CARTESIAN_POINT('',(-1.325563900586E0,-7.365801476460E-1,4.87E0));
#1334=DIRECTION('',(0.E0,0.E0,1.E0));
#1335=DIRECTION('',(-2.419218952564E-1,-9.702957263616E-1,0.E0));
#1336=AXIS2_PLACEMENT_3D('',#1333,#1334,#1335);
#1338=CURVE_STYLE('',#1136,POSITIVE_LENGTH_MEASURE(2.E-2),#1130);
#1339=PRESENTATION_STYLE_ASSIGNMENT((#1338));
#1340=STYLED_ITEM('',(#1339),#1337);
#1341=CARTESIAN_POINT('',(-1.325563900586E0,-7.365801476460E-1,4.87E0));
#1342=DIRECTION('',(0.E0,0.E0,1.E0));
#1343=DIRECTION('',(0.E0,-1.E0,0.E0));
#1344=AXIS2_PLACEMENT_3D('',#1341,#1342,#1343);
#1346=CURVE_STYLE('',#1136,POSITIVE_LENGTH_MEASURE(2.E-2),#1130);
#1347=PRESENTATION_STYLE_ASSIGNMENT((#1346));
#1348=STYLED_ITEM('',(#1347),#1345);
#1349=DIRECTION('',(-9.702957262760E-1,2.419218955996E-1,0.E0));
#1350=VECTOR('',#1349,3.447402590175E-1);
#1351=CARTESIAN_POINT('',(-1.296403138047E0,-6.906860718805E-1,4.87E0));
#1352=LINE('',#1351,#1350);
#1353=CURVE_STYLE('',#1136,POSITIVE_LENGTH_MEASURE(2.E-2),#1130);
#1354=PRESENTATION_STYLE_ASSIGNMENT((#1353));
#1355=STYLED_ITEM('',(#1354),#1352);
#1356=DIRECTION('',(9.694524358107E-1,-2.452793809122E-1,0.E0));
#1357=VECTOR('',#1356,7.772186632757E-1);
#1358=CARTESIAN_POINT('',(-1.630903138047E0,-4.860039189420E-1,4.87E0));
#1359=LINE('',#1358,#1357);
#1360=CURVE_STYLE('',#1136,POSITIVE_LENGTH_MEASURE(2.E-2),#1130);
#1361=PRESENTATION_STYLE_ASSIGNMENT((#1360));
#1362=STYLED_ITEM('',(#1361),#1359);
#1363=CARTESIAN_POINT('',(-8.895060022405E-1,-7.243827172290E-1,4.87E0));
#1364=DIRECTION('',(0.E0,0.E0,-1.E0));
#1365=DIRECTION('',(2.452793808659E-1,9.694524358224E-1,0.E0));
#1366=AXIS2_PLACEMENT_3D('',#1363,#1364,#1365);
#1368=CURVE_STYLE('',#1136,POSITIVE_LENGTH_MEASURE(2.E-2),#1130);
#1369=PRESENTATION_STYLE_ASSIGNMENT((#1368));
#1370=STYLED_ITEM('',(#1369),#1367);
#1371=DIRECTION('',(-9.702957262760E-1,2.419218955998E-1,0.E0));
#1372=VECTOR('',#1371,1.739005898646E-1);
#1373=CARTESIAN_POINT('',(-8.402585260765E-1,-1.009862966858E0,4.87E0));
#1374=LINE('',#1373,#1372);
#1375=CURVE_STYLE('',#1136,POSITIVE_LENGTH_MEASURE(2.E-2),#1130);
#1376=PRESENTATION_STYLE_ASSIGNMENT((#1375));
#1377=STYLED_ITEM('',(#1376),#1374);
#1378=DIRECTION('',(-1.837336795061E-14,-1.E0,0.E0));
#1379=VECTOR('',#1378,2.054472698675E-1);
#1380=CARTESIAN_POINT('',(-1.008993525219E0,-7.623453366445E-1,4.87E0));
#1381=LINE('',#1380,#1379);
#1382=CURVE_STYLE('',#1136,POSITIVE_LENGTH_MEASURE(2.E-2),#1130);
#1383=PRESENTATION_STYLE_ASSIGNMENT((#1382));
#1384=STYLED_ITEM('',(#1383),#1381);
#1385=DIRECTION('',(0.E0,6.716849298982E-13,-1.E0));
#1386=VECTOR('',#1385,2.E-2);
#1387=CARTESIAN_POINT('',(-1.008993525219E0,-9.677926065120E-1,4.87E0));
#1388=LINE('',#1387,#1386);
#1389=CURVE_STYLE('',#1136,POSITIVE_LENGTH_MEASURE(2.E-2),#1130);
#1390=PRESENTATION_STYLE_ASSIGNMENT((#1389));
#1391=STYLED_ITEM('',(#1390),#1388);
#1392=DIRECTION('',(1.665334536938E-13,1.731947918415E-12,-1.E0));
#1393=VECTOR('',#1392,2.E-2);
#1394=CARTESIAN_POINT('',(-1.008993525219E0,-7.623453366445E-1,4.87E0));
#1395=LINE('',#1394,#1393);
#1396=CURVE_STYLE('',#1136,POSITIVE_LENGTH_MEASURE(2.E-2),#1130);
#1397=PRESENTATION_STYLE_ASSIGNMENT((#1396));
#1398=STYLED_ITEM('',(#1397),#1395);
#1399=DIRECTION('',(4.943823128656E-11,-9.936496070395E-12,-1.E0));
#1400=VECTOR('',#1399,2.E-2);
#1401=CARTESIAN_POINT('',(-1.133644354209E0,-7.312663943996E-1,4.87E0));
#1402=LINE('',#1401,#1400);
#1403=CURVE_STYLE('',#1136,POSITIVE_LENGTH_MEASURE(2.E-2),#1130);
#1404=PRESENTATION_STYLE_ASSIGNMENT((#1403));
#1405=STYLED_ITEM('',(#1404),#1402);
#1406=DIRECTION('',(0.E0,2.309819002733E-11,1.E0));
#1407=VECTOR('',#1406,2.E-2);
#1408=CARTESIAN_POINT('',(-1.160951662242E0,-7.526012016681E-1,4.85E0));
#1409=LINE('',#1408,#1407);
#1410=CURVE_STYLE('',#1136,POSITIVE_LENGTH_MEASURE(2.E-2),#1130);
#1411=PRESENTATION_STYLE_ASSIGNMENT((#1410));
#1412=STYLED_ITEM('',(#1411),#1409);
#1413=DIRECTION('',(2.137928634949E-13,1.E0,0.E0));
#1414=VECTOR('',#1413,9.035793016048E-2);
#1415=CARTESIAN_POINT('',(-1.160951662242E0,-8.429591318282E-1,4.87E0));
#1416=LINE('',#1415,#1414);
#1417=CURVE_STYLE('',#1136,POSITIVE_LENGTH_MEASURE(2.E-2),#1130);
#1418=PRESENTATION_STYLE_ASSIGNMENT((#1417));
#1419=STYLED_ITEM('',(#1418),#1416);
#1420=DIRECTION('',(0.E0,3.619327060278E-11,-1.E0));
#1421=VECTOR('',#1420,2.E-2);
#1422=CARTESIAN_POINT('',(-1.160951662242E0,-8.429591318282E-1,4.87E0));
#1423=LINE('',#1422,#1421);
#1424=CURVE_STYLE('',#1136,POSITIVE_LENGTH_MEASURE(2.E-2),#1130);
#1425=PRESENTATION_STYLE_ASSIGNMENT((#1424));
#1426=STYLED_ITEM('',(#1425),#1423);
#1427=DIRECTION('',(-4.792832797307E-11,9.786615962071E-12,1.E0));
#1428=VECTOR('',#1427,2.E-2);
#1429=CARTESIAN_POINT('',(-1.245315048667E0,-9.088710330423E-1,4.85E0));
#1430=LINE('',#1429,#1428);
#1431=CURVE_STYLE('',#1136,POSITIVE_LENGTH_MEASURE(2.E-2),#1130);
#1432=PRESENTATION_STYLE_ASSIGNMENT((#1431));
#1433=STYLED_ITEM('',(#1432),#1430);
#1434=DIRECTION('',(6.358191211626E-14,-1.E0,0.E0));
#1435=VECTOR('',#1434,1.222291201020E-1);
#1436=CARTESIAN_POINT('',(-1.630903138047E0,-6.905040046950E-1,4.87E0));
#1437=LINE('',#1436,#1435);
#1438=CURVE_STYLE('',#1136,POSITIVE_LENGTH_MEASURE(2.E-2),#1130);
#1439=PRESENTATION_STYLE_ASSIGNMENT((#1438));
#1440=STYLED_ITEM('',(#1439),#1437);
#1441=DIRECTION('',(1.110223024625E-14,2.176037128265E-12,-1.E0));
#1442=VECTOR('',#1441,2.E-2);
#1443=CARTESIAN_POINT('',(-1.630903138047E0,-8.127331247970E-1,4.87E0));
#1444=LINE('',#1443,#1442);
#1445=CURVE_STYLE('',#1136,POSITIVE_LENGTH_MEASURE(2.E-2),#1130);
#1446=PRESENTATION_STYLE_ASSIGNMENT((#1445));
#1447=STYLED_ITEM('',(#1446),#1444);
#1448=DIRECTION('',(7.771561172376E-14,2.664535259100E-13,-1.E0));
#1449=VECTOR('',#1448,2.E-2);
#1450=CARTESIAN_POINT('',(-1.630903138047E0,-6.905040046950E-1,4.87E0));
#1451=LINE('',#1450,#1449);
#1452=CURVE_STYLE('',#1136,POSITIVE_LENGTH_MEASURE(2.E-2),#1130);
#1453=PRESENTATION_STYLE_ASSIGNMENT((#1452));
#1454=STYLED_ITEM('',(#1453),#1451);
#1455=DIRECTION('',(-9.378053889008E-11,2.416400413097E-11,-1.E0));
#1456=VECTOR('',#1455,2.E-2);
#1457=CARTESIAN_POINT('',(-1.332618527531E0,-7.648747109139E-1,4.87E0));
#1458=LINE('',#1457,#1456);
#1459=CURVE_STYLE('',#1136,POSITIVE_LENGTH_MEASURE(2.E-2),#1130);
#1460=PRESENTATION_STYLE_ASSIGNMENT((#1459));
#1461=STYLED_ITEM('',(#1460),#1458);
#1462=DIRECTION('',(0.E0,-2.442490654175E-13,1.E0));
#1463=VECTOR('',#1462,2.E-2);
#1464=CARTESIAN_POINT('',(-1.296403138047E0,-7.365801476474E-1,4.85E0));
#1465=LINE('',#1464,#1463);
#1466=CURVE_STYLE('',#1136,POSITIVE_LENGTH_MEASURE(2.E-2),#1130);
#1467=PRESENTATION_STYLE_ASSIGNMENT((#1466));
#1468=STYLED_ITEM('',(#1467),#1465);
#1469=DIRECTION('',(1.228902177644E-12,-1.E0,0.E0));
#1470=VECTOR('',#1469,4.589407576693E-2);
#1471=CARTESIAN_POINT('',(-1.296403138047E0,-6.906860718805E-1,4.87E0));
#1472=LINE('',#1471,#1470);
#1473=CURVE_STYLE('',#1136,POSITIVE_LENGTH_MEASURE(2.E-2),#1130);
#1474=PRESENTATION_STYLE_ASSIGNMENT((#1473));
#1475=STYLED_ITEM('',(#1474),#1472);
#1476=DIRECTION('',(-3.330669073875E-14,-3.330669073875E-13,-1.E0));
#1477=VECTOR('',#1476,2.E-2);
#1478=CARTESIAN_POINT('',(-1.296403138047E0,-6.906860718805E-1,4.87E0));
#1479=LINE('',#1478,#1477);
#1480=CURVE_STYLE('',#1136,POSITIVE_LENGTH_MEASURE(2.E-2),#1130);
#1481=PRESENTATION_STYLE_ASSIGNMENT((#1480));
#1482=STYLED_ITEM('',(#1481),#1479);
#1483=DIRECTION('',(-5.309359131183E-14,-1.E0,0.E0));
#1484=VECTOR('',#1483,1.212819359875E-1);
#1485=CARTESIAN_POINT('',(-1.630903138047E0,-4.860039189420E-1,4.87E0));
#1486=LINE('',#1485,#1484);
#1487=CURVE_STYLE('',#1136,POSITIVE_LENGTH_MEASURE(2.E-2),#1130);
#1488=PRESENTATION_STYLE_ASSIGNMENT((#1487));
#1489=STYLED_ITEM('',(#1488),#1486);
#1490=DIRECTION('',(-1.110223024625E-14,-3.386180225107E-13,-1.E0));
#1491=VECTOR('',#1490,2.E-2);
#1492=CARTESIAN_POINT('',(-1.630903138047E0,-6.072858549295E-1,4.87E0));
#1493=LINE('',#1492,#1491);
#1494=CURVE_STYLE('',#1136,POSITIVE_LENGTH_MEASURE(2.E-2),#1130);
#1495=PRESENTATION_STYLE_ASSIGNMENT((#1494));
#1496=STYLED_ITEM('',(#1495),#1493);
#1497=DIRECTION('',(1.665334536938E-13,-1.132427485118E-12,-1.E0));
#1498=VECTOR('',#1497,2.E-2);
#1499=CARTESIAN_POINT('',(-1.630903138047E0,-4.860039189420E-1,4.87E0));
#1500=LINE('',#1499,#1498);
#1501=CURVE_STYLE('',#1136,POSITIVE_LENGTH_MEASURE(2.E-2),#1130);
#1502=PRESENTATION_STYLE_ASSIGNMENT((#1501));
#1503=STYLED_ITEM('',(#1502),#1500);
#1504=DIRECTION('',(3.449462937510E-11,-9.842127113302E-12,-1.E0));
#1505=VECTOR('',#1504,2.E-2);
#1506=CARTESIAN_POINT('',(-8.774266117768E-1,-6.766396315037E-1,4.87E0));
#1507=LINE('',#1506,#1505);
#1508=CURVE_STYLE('',#1136,POSITIVE_LENGTH_MEASURE(2.E-2),#1130);
#1509=PRESENTATION_STYLE_ASSIGNMENT((#1508));
#1510=STYLED_ITEM('',(#1509),#1507);
#1511=DIRECTION('',(0.E0,4.257705299437E-12,1.E0));
#1512=VECTOR('',#1511,2.E-2);
#1513=CARTESIAN_POINT('',(-8.402585260765E-1,-7.243827172271E-1,4.85E0));
#1514=LINE('',#1513,#1512);
#1515=CURVE_STYLE('',#1136,POSITIVE_LENGTH_MEASURE(2.E-2),#1130);
#1516=PRESENTATION_STYLE_ASSIGNMENT((#1515));
#1517=STYLED_ITEM('',(#1516),#1514);
#1518=DIRECTION('',(2.259489327689E-13,1.E0,0.E0));
#1519=VECTOR('',#1518,2.854802496310E-1);
#1520=CARTESIAN_POINT('',(-8.402585260765E-1,-1.009862966858E0,4.87E0));
#1521=LINE('',#1520,#1519);
#1522=CURVE_STYLE('',#1136,POSITIVE_LENGTH_MEASURE(2.E-2),#1130);
#1523=PRESENTATION_STYLE_ASSIGNMENT((#1522));
#1524=STYLED_ITEM('',(#1523),#1521);
#1525=CARTESIAN_POINT('',(-1.008993525219E0,-7.623453366445E-1,4.87E0));
#1526=CARTESIAN_POINT('',(-1.008993525219E0,-9.677926065120E-1,4.87E0));
#1527=VERTEX_POINT('',#1525);
#1528=VERTEX_POINT('',#1526);
#1529=CARTESIAN_POINT('',(-1.133644354209E0,-7.312663943996E-1,4.87E0));
#1530=VERTEX_POINT('',#1529);
#1531=CARTESIAN_POINT('',(-1.138963719094E0,-7.306132585181E-1,4.87E0));
#1532=VERTEX_POINT('',#1531);
#1533=CARTESIAN_POINT('',(-1.160951662242E0,-7.526012016686E-1,4.87E0));
#1534=VERTEX_POINT('',#1533);
#1535=CARTESIAN_POINT('',(-1.160951662242E0,-8.429591318282E-1,4.87E0));
#1536=VERTEX_POINT('',#1535);
#1537=CARTESIAN_POINT('',(-1.228881365973E0,-9.108888355561E-1,4.87E0));
#1538=VERTEX_POINT('',#1537);
#1539=CARTESIAN_POINT('',(-1.245315048671E0,-9.088710330413E-1,4.87E0));
#1540=VERTEX_POINT('',#1539);
#1541=CARTESIAN_POINT('',(-1.630903138047E0,-8.127331247970E-1,4.87E0));
#1542=VERTEX_POINT('',#1541);
#1543=CARTESIAN_POINT('',(-1.630903138047E0,-6.905040046950E-1,4.87E0));
#1544=VERTEX_POINT('',#1543);
#1545=CARTESIAN_POINT('',(-1.332618527531E0,-7.648747109139E-1,4.87E0));
#1546=VERTEX_POINT('',#1545);
#1547=CARTESIAN_POINT('',(-1.325563900586E0,-7.657409101851E-1,4.87E0));
#1548=VERTEX_POINT('',#1547);
#1549=CARTESIAN_POINT('',(-1.296403138047E0,-7.365801476483E-1,4.87E0));
#1550=VERTEX_POINT('',#1549);
#1551=CARTESIAN_POINT('',(-1.296403138047E0,-6.906860718805E-1,4.87E0));
#1552=VERTEX_POINT('',#1551);
#1553=CARTESIAN_POINT('',(-1.630903138047E0,-6.072858549295E-1,4.87E0));
#1554=VERTEX_POINT('',#1553);
#1555=CARTESIAN_POINT('',(-1.630903138047E0,-4.860039189420E-1,4.87E0));
#1556=VERTEX_POINT('',#1555);
#1557=CARTESIAN_POINT('',(-8.774266117768E-1,-6.766396315037E-1,4.87E0));
#1558=VERTEX_POINT('',#1557);
#1559=CARTESIAN_POINT('',(-8.402585260763E-1,-7.243827172251E-1,4.87E0));
#1560=VERTEX_POINT('',#1559);
#1561=CARTESIAN_POINT('',(-8.402585260765E-1,-1.009862966858E0,4.87E0));
#1562=VERTEX_POINT('',#1561);
#1563=CARTESIAN_POINT('',(-1.008993525219E0,-9.677926065120E-1,4.85E0));
#1564=VERTEX_POINT('',#1563);
#1565=CARTESIAN_POINT('',(-1.008993525219E0,-7.623453366444E-1,4.85E0));
#1566=VERTEX_POINT('',#1565);
#1567=CARTESIAN_POINT('',(-8.402585260765E-1,-1.009862966858E0,4.85E0));
#1568=VERTEX_POINT('',#1567);
#1569=CARTESIAN_POINT('',(-8.402585260765E-1,-7.243827172271E-1,4.85E0));
#1570=VERTEX_POINT('',#1569);
#1571=CARTESIAN_POINT('',(-8.774266117761E-1,-6.766396315039E-1,4.85E0));
#1572=VERTEX_POINT('',#1571);
#1573=CARTESIAN_POINT('',(-1.630903138047E0,-4.860039189421E-1,4.85E0));
#1574=VERTEX_POINT('',#1573);
#1575=CARTESIAN_POINT('',(-1.630903138047E0,-6.072858549295E-1,4.85E0));
#1576=VERTEX_POINT('',#1575);
#1577=CARTESIAN_POINT('',(-1.296403138047E0,-6.906860718805E-1,4.85E0));
#1578=VERTEX_POINT('',#1577);
#1579=CARTESIAN_POINT('',(-1.296403138047E0,-7.365801476474E-1,4.85E0));
#1580=VERTEX_POINT('',#1579);
#1581=CARTESIAN_POINT('',(-1.332618527533E0,-7.648747109134E-1,4.85E0));
#1582=VERTEX_POINT('',#1581);
#1583=CARTESIAN_POINT('',(-1.325563900586E0,-7.657409101851E-1,4.85E0));
#1584=VERTEX_POINT('',#1583);
#1585=CARTESIAN_POINT('',(-1.630903138047E0,-6.905040046950E-1,4.85E0));
#1586=VERTEX_POINT('',#1585);
#1587=CARTESIAN_POINT('',(-1.630903138047E0,-8.127331247970E-1,4.85E0));
#1588=VERTEX_POINT('',#1587);
#1589=CARTESIAN_POINT('',(-1.245315048667E0,-9.088710330423E-1,4.85E0));
#1590=VERTEX_POINT('',#1589);
#1591=CARTESIAN_POINT('',(-1.160951662242E0,-8.429591318274E-1,4.85E0));
#1592=VERTEX_POINT('',#1591);
#1593=CARTESIAN_POINT('',(-1.228881365972E0,-9.108888355561E-1,4.85E0));
#1594=VERTEX_POINT('',#1593);
#1595=CARTESIAN_POINT('',(-1.160951662242E0,-7.526012016681E-1,4.85E0));
#1596=VERTEX_POINT('',#1595);
#1597=CARTESIAN_POINT('',(-1.133644354208E0,-7.312663943998E-1,4.85E0));
#1598=VERTEX_POINT('',#1597);
#1599=CARTESIAN_POINT('',(-1.138963719095E0,-7.306132585181E-1,4.85E0));
#1600=VERTEX_POINT('',#1599);
#1601=CARTESIAN_POINT('',(-8.895060022405E-1,-7.243827172290E-1,4.85E0));
#1602=DIRECTION('',(0.E0,0.E0,1.E0));
#1603=DIRECTION('',(0.E0,1.E0,0.E0));
#1604=AXIS2_PLACEMENT_3D('',#1601,#1602,#1603);
#1605=PLANE('',#1604);
#1607=ORIENTED_EDGE('',*,*,#1606,.T.);
#1609=ORIENTED_EDGE('',*,*,#1608,.T.);
#1611=ORIENTED_EDGE('',*,*,#1610,.T.);
#1613=ORIENTED_EDGE('',*,*,#1612,.T.);
#1615=ORIENTED_EDGE('',*,*,#1614,.T.);
#1617=ORIENTED_EDGE('',*,*,#1616,.T.);
#1619=ORIENTED_EDGE('',*,*,#1618,.T.);
#1621=ORIENTED_EDGE('',*,*,#1620,.T.);
#1623=ORIENTED_EDGE('',*,*,#1622,.T.);
#1625=ORIENTED_EDGE('',*,*,#1624,.T.);
#1627=ORIENTED_EDGE('',*,*,#1626,.T.);
#1629=ORIENTED_EDGE('',*,*,#1628,.T.);
#1631=ORIENTED_EDGE('',*,*,#1630,.T.);
#1633=ORIENTED_EDGE('',*,*,#1632,.T.);
#1635=ORIENTED_EDGE('',*,*,#1634,.T.);
#1637=ORIENTED_EDGE('',*,*,#1636,.T.);
#1639=ORIENTED_EDGE('',*,*,#1638,.T.);
#1641=ORIENTED_EDGE('',*,*,#1640,.T.);
#1643=ORIENTED_EDGE('',*,*,#1642,.T.);
#1644=EDGE_LOOP('',(#1607,#1609,#1611,#1613,#1615,#1617,#1619,#1621,#1623,#1625,
#1627,#1629,#1631,#1633,#1635,#1637,#1639,#1641,#1643));
#1645=FACE_OUTER_BOUND('',#1644,.F.);
#1647=CARTESIAN_POINT('',(-1.008993525219E0,-9.677926065120E-1,4.89E0));
#1648=DIRECTION('',(2.419218955996E-1,9.702957262760E-1,0.E0));
#1649=DIRECTION('',(-9.702957262760E-1,2.419218955996E-1,0.E0));
#1650=AXIS2_PLACEMENT_3D('',#1647,#1648,#1649);
#1651=PLANE('',#1650);
#1653=ORIENTED_EDGE('',*,*,#1652,.F.);
#1655=ORIENTED_EDGE('',*,*,#1654,.T.);
#1656=ORIENTED_EDGE('',*,*,#1606,.F.);
#1658=ORIENTED_EDGE('',*,*,#1657,.F.);
#1659=EDGE_LOOP('',(#1653,#1655,#1656,#1658));
#1660=FACE_OUTER_BOUND('',#1659,.F.);
#1662=CARTESIAN_POINT('',(-1.25E0,0.E0,4.87E0));
#1663=DIRECTION('',(0.E0,0.E0,1.E0));
#1664=DIRECTION('',(1.E0,0.E0,0.E0));
#1665=AXIS2_PLACEMENT_3D('',#1662,#1663,#1664);
#1666=PLANE('',#1665);
#1668=ORIENTED_EDGE('',*,*,#1667,.F.);
#1670=ORIENTED_EDGE('',*,*,#1669,.T.);
#1672=ORIENTED_EDGE('',*,*,#1671,.T.);
#1674=ORIENTED_EDGE('',*,*,#1673,.T.);
#1676=ORIENTED_EDGE('',*,*,#1675,.F.);
#1678=ORIENTED_EDGE('',*,*,#1677,.T.);
#1680=ORIENTED_EDGE('',*,*,#1679,.T.);
#1682=ORIENTED_EDGE('',*,*,#1681,.T.);
#1684=ORIENTED_EDGE('',*,*,#1683,.F.);
#1686=ORIENTED_EDGE('',*,*,#1685,.T.);
#1688=ORIENTED_EDGE('',*,*,#1687,.T.);
#1690=ORIENTED_EDGE('',*,*,#1689,.T.);
#1692=ORIENTED_EDGE('',*,*,#1691,.F.);
#1694=ORIENTED_EDGE('',*,*,#1693,.T.);
#1696=ORIENTED_EDGE('',*,*,#1695,.F.);
#1698=ORIENTED_EDGE('',*,*,#1697,.T.);
#1700=ORIENTED_EDGE('',*,*,#1699,.T.);
#1702=ORIENTED_EDGE('',*,*,#1701,.F.);
#1703=ORIENTED_EDGE('',*,*,#1652,.T.);
#1704=EDGE_LOOP('',(#1668,#1670,#1672,#1674,#1676,#1678,#1680,#1682,#1684,#1686,
#1688,#1690,#1692,#1694,#1696,#1698,#1700,#1702,#1703));
#1705=FACE_OUTER_BOUND('',#1704,.F.);
#1707=FILL_AREA_STYLE_COLOUR('',#7);
#1708=FILL_AREA_STYLE('',(#1707));
#1709=SURFACE_STYLE_FILL_AREA(#1708);
#1710=SURFACE_SIDE_STYLE('',(#1709));
#1711=SURFACE_STYLE_USAGE(.BOTH.,#1710);
#1712=PRESENTATION_STYLE_ASSIGNMENT((#1711));
#1713=OVER_RIDING_STYLED_ITEM('',(#1712),#1706,#1131);
#1714=CARTESIAN_POINT('',(-1.008993525219E0,-7.623453366445E-1,4.89E0));
#1715=DIRECTION('',(1.E0,0.E0,0.E0));
#1716=DIRECTION('',(0.E0,0.E0,-1.E0));
#1717=AXIS2_PLACEMENT_3D('',#1714,#1715,#1716);
#1718=PLANE('',#1717);
#1719=ORIENTED_EDGE('',*,*,#1667,.T.);
#1720=ORIENTED_EDGE('',*,*,#1657,.T.);
#1721=ORIENTED_EDGE('',*,*,#1642,.F.);
#1723=ORIENTED_EDGE('',*,*,#1722,.F.);
#1724=EDGE_LOOP('',(#1719,#1720,#1721,#1723));
#1725=FACE_OUTER_BOUND('',#1724,.F.);
#1727=CARTESIAN_POINT('',(-1.133644354208E0,-7.312663944E-1,4.89E0));
#1728=DIRECTION('',(2.419218955996E-1,9.702957262760E-1,0.E0));
#1729=DIRECTION('',(-9.702957262760E-1,2.419218955996E-1,0.E0));
#1730=AXIS2_PLACEMENT_3D('',#1727,#1728,#1729);
#1731=PLANE('',#1730);
#1732=ORIENTED_EDGE('',*,*,#1669,.F.);
#1733=ORIENTED_EDGE('',*,*,#1722,.T.);
#1734=ORIENTED_EDGE('',*,*,#1640,.F.);
#1736=ORIENTED_EDGE('',*,*,#1735,.F.);
#1737=EDGE_LOOP('',(#1732,#1733,#1734,#1736));
#1738=FACE_OUTER_BOUND('',#1737,.F.);
#1740=CARTESIAN_POINT('',(-1.138963719094E0,-7.526012016665E-1,4.89E0));
#1741=DIRECTION('',(0.E0,0.E0,-1.E0));
#1742=DIRECTION('',(0.E0,-1.E0,0.E0));
#1743=AXIS2_PLACEMENT_3D('',#1740,#1741,#1742);
#1744=CYLINDRICAL_SURFACE('',#1743,2.198794314836E-2);
#1745=ORIENTED_EDGE('',*,*,#1671,.F.);
#1746=ORIENTED_EDGE('',*,*,#1735,.T.);
#1747=ORIENTED_EDGE('',*,*,#1638,.F.);
#1748=ORIENTED_EDGE('',*,*,#1636,.F.);
#1750=ORIENTED_EDGE('',*,*,#1749,.T.);
#1751=ORIENTED_EDGE('',*,*,#1673,.F.);
#1752=EDGE_LOOP('',(#1745,#1746,#1747,#1748,#1750,#1751));
#1753=FACE_OUTER_BOUND('',#1752,.F.);
#1755=CARTESIAN_POINT('',(-1.160951662243E0,-8.429591318265E-1,4.89E0));
#1756=DIRECTION('',(-1.E0,0.E0,0.E0));
#1757=DIRECTION('',(0.E0,0.E0,1.E0));
#1758=AXIS2_PLACEMENT_3D('',#1755,#1756,#1757);
#1759=PLANE('',#1758);
#1760=ORIENTED_EDGE('',*,*,#1675,.T.);
#1761=ORIENTED_EDGE('',*,*,#1749,.F.);
#1762=ORIENTED_EDGE('',*,*,#1634,.F.);
#1764=ORIENTED_EDGE('',*,*,#1763,.F.);
#1765=EDGE_LOOP('',(#1760,#1761,#1762,#1764));
#1766=FACE_OUTER_BOUND('',#1765,.F.);
#1768=CARTESIAN_POINT('',(-1.228881365972E0,-8.429591318265E-1,4.89E0));
#1769=DIRECTION('',(0.E0,0.E0,-1.E0));
#1770=DIRECTION('',(0.E0,-1.E0,0.E0));
#1771=AXIS2_PLACEMENT_3D('',#1768,#1769,#1770);
#1772=CYLINDRICAL_SURFACE('',#1771,6.792970372960E-2);
#1773=ORIENTED_EDGE('',*,*,#1677,.F.);
#1774=ORIENTED_EDGE('',*,*,#1763,.T.);
#1775=ORIENTED_EDGE('',*,*,#1632,.F.);
#1776=ORIENTED_EDGE('',*,*,#1630,.F.);
#1778=ORIENTED_EDGE('',*,*,#1777,.T.);
#1779=ORIENTED_EDGE('',*,*,#1679,.F.);
#1780=EDGE_LOOP('',(#1773,#1774,#1775,#1776,#1778,#1779));
#1781=FACE_OUTER_BOUND('',#1780,.F.);
#1783=CARTESIAN_POINT('',(-1.630903138047E0,-8.127331247970E-1,4.89E0));
#1784=DIRECTION('',(2.419218955997E-1,9.702957262760E-1,0.E0));
#1785=DIRECTION('',(-9.702957262760E-1,2.419218955997E-1,0.E0));
#1786=AXIS2_PLACEMENT_3D('',#1783,#1784,#1785);
#1787=PLANE('',#1786);
#1788=ORIENTED_EDGE('',*,*,#1681,.F.);
#1789=ORIENTED_EDGE('',*,*,#1777,.F.);
#1790=ORIENTED_EDGE('',*,*,#1628,.F.);
#1792=ORIENTED_EDGE('',*,*,#1791,.F.);
#1793=EDGE_LOOP('',(#1788,#1789,#1790,#1792));
#1794=FACE_OUTER_BOUND('',#1793,.F.);
#1796=CARTESIAN_POINT('',(-1.630903138047E0,-6.905040046950E-1,4.89E0));
#1797=DIRECTION('',(1.E0,0.E0,0.E0));
#1798=DIRECTION('',(0.E0,0.E0,-1.E0));
#1799=AXIS2_PLACEMENT_3D('',#1796,#1797,#1798);
#1800=PLANE('',#1799);
#1801=ORIENTED_EDGE('',*,*,#1683,.T.);
#1802=ORIENTED_EDGE('',*,*,#1791,.T.);
#1803=ORIENTED_EDGE('',*,*,#1626,.F.);
#1805=ORIENTED_EDGE('',*,*,#1804,.F.);
#1806=EDGE_LOOP('',(#1801,#1802,#1803,#1805));
#1807=FACE_OUTER_BOUND('',#1806,.F.);
#1809=CARTESIAN_POINT('',(-1.332618527536E0,-7.648747109125E-1,4.89E0));
#1810=DIRECTION('',(-2.419218955997E-1,-9.702957262760E-1,0.E0));
#1811=DIRECTION('',(9.702957262760E-1,-2.419218955997E-1,0.E0));
#1812=AXIS2_PLACEMENT_3D('',#1809,#1810,#1811);
#1813=PLANE('',#1812);
#1814=ORIENTED_EDGE('',*,*,#1685,.F.);
#1815=ORIENTED_EDGE('',*,*,#1804,.T.);
#1816=ORIENTED_EDGE('',*,*,#1624,.F.);
#1818=ORIENTED_EDGE('',*,*,#1817,.F.);
#1819=EDGE_LOOP('',(#1814,#1815,#1816,#1818));
#1820=FACE_OUTER_BOUND('',#1819,.F.);
#1822=CARTESIAN_POINT('',(-1.325563900586E0,-7.365801476460E-1,4.89E0));
#1823=DIRECTION('',(0.E0,0.E0,-1.E0));
#1824=DIRECTION('',(0.E0,-1.E0,0.E0));
#1825=AXIS2_PLACEMENT_3D('',#1822,#1823,#1824);
#1826=CYLINDRICAL_SURFACE('',#1825,2.916076253911E-2);
#1827=ORIENTED_EDGE('',*,*,#1687,.F.);
#1828=ORIENTED_EDGE('',*,*,#1817,.T.);
#1829=ORIENTED_EDGE('',*,*,#1622,.F.);
#1830=ORIENTED_EDGE('',*,*,#1620,.F.);
#1832=ORIENTED_EDGE('',*,*,#1831,.T.);
#1833=ORIENTED_EDGE('',*,*,#1689,.F.);
#1834=EDGE_LOOP('',(#1827,#1828,#1829,#1830,#1832,#1833));
#1835=FACE_OUTER_BOUND('',#1834,.F.);
#1837=CARTESIAN_POINT('',(-1.296403138047E0,-6.906860718805E-1,4.89E0));
#1838=DIRECTION('',(1.E0,0.E0,0.E0));
#1839=DIRECTION('',(0.E0,0.E0,-1.E0));
#1840=AXIS2_PLACEMENT_3D('',#1837,#1838,#1839);
#1841=PLANE('',#1840);
#1842=ORIENTED_EDGE('',*,*,#1691,.T.);
#1843=ORIENTED_EDGE('',*,*,#1831,.F.);
#1844=ORIENTED_EDGE('',*,*,#1618,.F.);
#1846=ORIENTED_EDGE('',*,*,#1845,.F.);
#1847=EDGE_LOOP('',(#1842,#1843,#1844,#1846));
#1848=FACE_OUTER_BOUND('',#1847,.F.);
#1850=CARTESIAN_POINT('',(-1.630903138047E0,-6.072858549295E-1,4.89E0));
#1851=DIRECTION('',(2.419218955997E-1,9.702957262760E-1,0.E0));
#1852=DIRECTION('',(-9.702957262760E-1,2.419218955997E-1,0.E0));
#1853=AXIS2_PLACEMENT_3D('',#1850,#1851,#1852);
#1854=PLANE('',#1853);
#1855=ORIENTED_EDGE('',*,*,#1693,.F.);
#1856=ORIENTED_EDGE('',*,*,#1845,.T.);
#1857=ORIENTED_EDGE('',*,*,#1616,.F.);
#1859=ORIENTED_EDGE('',*,*,#1858,.F.);
#1860=EDGE_LOOP('',(#1855,#1856,#1857,#1859));
#1861=FACE_OUTER_BOUND('',#1860,.F.);
#1863=CARTESIAN_POINT('',(-1.630903138047E0,-4.860039189422E-1,4.89E0));
#1864=DIRECTION('',(1.E0,0.E0,0.E0));
#1865=DIRECTION('',(0.E0,0.E0,-1.E0));
#1866=AXIS2_PLACEMENT_3D('',#1863,#1864,#1865);
#1867=PLANE('',#1866);
#1868=ORIENTED_EDGE('',*,*,#1695,.T.);
#1869=ORIENTED_EDGE('',*,*,#1858,.T.);
#1870=ORIENTED_EDGE('',*,*,#1614,.F.);
#1872=ORIENTED_EDGE('',*,*,#1871,.F.);
#1873=EDGE_LOOP('',(#1868,#1869,#1870,#1872));
#1874=FACE_OUTER_BOUND('',#1873,.F.);
#1876=CARTESIAN_POINT('',(-8.774266117755E-1,-6.766396315040E-1,4.89E0));
#1877=DIRECTION('',(-2.452793809122E-1,-9.694524358107E-1,0.E0));
#1878=DIRECTION('',(9.694524358107E-1,-2.452793809122E-1,0.E0));
#1879=AXIS2_PLACEMENT_3D('',#1876,#1877,#1878);
#1880=PLANE('',#1879);
#1881=ORIENTED_EDGE('',*,*,#1697,.F.);
#1882=ORIENTED_EDGE('',*,*,#1871,.T.);
#1883=ORIENTED_EDGE('',*,*,#1612,.F.);
#1885=ORIENTED_EDGE('',*,*,#1884,.F.);
#1886=EDGE_LOOP('',(#1881,#1882,#1883,#1885));
#1887=FACE_OUTER_BOUND('',#1886,.F.);
#1889=CARTESIAN_POINT('',(-8.895060022405E-1,-7.243827172290E-1,4.89E0));
#1890=DIRECTION('',(0.E0,0.E0,-1.E0));
#1891=DIRECTION('',(0.E0,-1.E0,0.E0));
#1892=AXIS2_PLACEMENT_3D('',#1889,#1890,#1891);
#1893=CYLINDRICAL_SURFACE('',#1892,4.924747616415E-2);
#1894=ORIENTED_EDGE('',*,*,#1699,.F.);
#1895=ORIENTED_EDGE('',*,*,#1884,.T.);
#1896=ORIENTED_EDGE('',*,*,#1610,.F.);
#1898=ORIENTED_EDGE('',*,*,#1897,.T.);
#1899=EDGE_LOOP('',(#1894,#1895,#1896,#1898));
#1900=FACE_OUTER_BOUND('',#1899,.F.);
#1902=CARTESIAN_POINT('',(-8.402585260765E-1,-1.009862966858E0,4.89E0));
#1903=DIRECTION('',(-1.E0,0.E0,0.E0));
#1904=DIRECTION('',(0.E0,0.E0,1.E0));
#1905=AXIS2_PLACEMENT_3D('',#1902,#1903,#1904);
#1906=PLANE('',#1905);
#1907=ORIENTED_EDGE('',*,*,#1701,.T.);
#1908=ORIENTED_EDGE('',*,*,#1897,.F.);
#1909=ORIENTED_EDGE('',*,*,#1608,.F.);
#1910=ORIENTED_EDGE('',*,*,#1654,.F.);
#1911=EDGE_LOOP('',(#1907,#1908,#1909,#1910));
#1912=FACE_OUTER_BOUND('',#1911,.F.);
#1914=CLOSED_SHELL('',(#1646,#1661,#1706,#1726,#1739,#1754,#1767,#1782,#1795,
#1808,#1821,#1836,#1849,#1862,#1875,#1888,#1901,#1913));
#1915=MANIFOLD_SOLID_BREP('',#1914);
#1916=FILL_AREA_STYLE_COLOUR('',#1130);
#1917=FILL_AREA_STYLE('',(#1916));
#1918=SURFACE_STYLE_FILL_AREA(#1917);
#1919=SURFACE_SIDE_STYLE('',(#1918));
#1920=SURFACE_STYLE_USAGE(.BOTH.,#1919);
#1921=PRESENTATION_STYLE_ASSIGNMENT((#1920));
#1131=STYLED_ITEM('',(#1921),#1915);
#1923=DIRECTION('',(9.702957262760E-1,-2.419218955996E-1,0.E0));
#1924=VECTOR('',#1923,4.952155544936E-1);
#1925=CARTESIAN_POINT('',(-1.320764062187E0,-3.219988805516E-1,4.87E0));
#1926=LINE('',#1925,#1924);
#1927=CURVE_STYLE('',#1136,POSITIVE_LENGTH_MEASURE(2.E-2),#1130);
#1928=PRESENTATION_STYLE_ASSIGNMENT((#1927));
#1929=STYLED_ITEM('',(#1928),#1926);
#1930=DIRECTION('',(-9.702957262760E-1,2.419218955996E-1,0.E0));
#1931=VECTOR('',#1930,4.952155544935E-1);
#1932=CARTESIAN_POINT('',(-8.402585260765E-1,-5.636144242630E-1,4.87E0));
#1933=LINE('',#1932,#1931);
#1934=CURVE_STYLE('',#1136,POSITIVE_LENGTH_MEASURE(2.E-2),#1130);
#1935=PRESENTATION_STYLE_ASSIGNMENT((#1934));
#1936=STYLED_ITEM('',(#1935),#1933);
#1937=DIRECTION('',(0.E0,-1.E0,0.E0));
#1938=VECTOR('',#1937,1.218120580380E-1);
#1939=CARTESIAN_POINT('',(-1.320764062187E0,-3.219988805516E-1,4.87E0));
#1940=LINE('',#1939,#1938);
#1941=CURVE_STYLE('',#1136,POSITIVE_LENGTH_MEASURE(2.E-2),#1130);
#1942=PRESENTATION_STYLE_ASSIGNMENT((#1941));
#1943=STYLED_ITEM('',(#1942),#1940);
#1944=DIRECTION('',(4.440892098501E-14,-7.882583474838E-13,-1.E0));
#1945=VECTOR('',#1944,2.E-2);
#1946=CARTESIAN_POINT('',(-1.320764062187E0,-4.438109385895E-1,4.87E0));
#1947=LINE('',#1946,#1945);
#1948=CURVE_STYLE('',#1136,POSITIVE_LENGTH_MEASURE(2.E-2),#1130);
#1949=PRESENTATION_STYLE_ASSIGNMENT((#1948));
#1950=STYLED_ITEM('',(#1949),#1947);
#1951=DIRECTION('',(2.220446049250E-14,-7.438494264988E-13,-1.E0));
#1952=VECTOR('',#1951,2.E-2);
#1953=CARTESIAN_POINT('',(-8.402585260765E-1,-5.636144242630E-1,4.87E0));
#1954=LINE('',#1953,#1952);
#1955=CURVE_STYLE('',#1136,POSITIVE_LENGTH_MEASURE(2.E-2),#1130);
#1956=PRESENTATION_STYLE_ASSIGNMENT((#1955));
#1957=STYLED_ITEM('',(#1956),#1954);
#1958=DIRECTION('',(4.010260878138E-14,1.E0,0.E0));
#1959=VECTOR('',#1958,1.218120580380E-1);
#1960=CARTESIAN_POINT('',(-8.402585260765E-1,-5.636144242630E-1,4.87E0));
#1961=LINE('',#1960,#1959);
#1962=CURVE_STYLE('',#1136,POSITIVE_LENGTH_MEASURE(2.E-2),#1130);
#1963=PRESENTATION_STYLE_ASSIGNMENT((#1962));
#1964=STYLED_ITEM('',(#1963),#1961);
#1965=DIRECTION('',(-1.665334536938E-14,-1.526556658860E-13,-1.E0));
#1966=VECTOR('',#1965,2.E-2);
#1967=CARTESIAN_POINT('',(-8.402585260765E-1,-4.418023662250E-1,4.87E0));
#1968=LINE('',#1967,#1966);
#1969=CURVE_STYLE('',#1136,POSITIVE_LENGTH_MEASURE(2.E-2),#1130);
#1970=PRESENTATION_STYLE_ASSIGNMENT((#1969));
#1971=STYLED_ITEM('',(#1970),#1968);
#1972=DIRECTION('',(3.330669073875E-14,-2.275957200482E-13,-1.E0));
#1973=VECTOR('',#1972,2.E-2);
#1974=CARTESIAN_POINT('',(-1.320764062187E0,-3.219988805516E-1,4.87E0));
#1975=LINE('',#1974,#1973);
#1976=CURVE_STYLE('',#1136,POSITIVE_LENGTH_MEASURE(2.E-2),#1130);
#1977=PRESENTATION_STYLE_ASSIGNMENT((#1976));
#1978=STYLED_ITEM('',(#1977),#1975);
#1979=DIRECTION('',(9.702957262760E-1,-2.419218955996E-1,0.E0));
#1980=VECTOR('',#1979,4.952155544935E-1);
#1981=CARTESIAN_POINT('',(-1.320764062187E0,-4.438109385896E-1,4.85E0));
#1982=LINE('',#1981,#1980);
#1983=CURVE_STYLE('',#1136,POSITIVE_LENGTH_MEASURE(2.E-2),#1130);
#1984=PRESENTATION_STYLE_ASSIGNMENT((#1983));
#1985=STYLED_ITEM('',(#1984),#1982);
#1986=DIRECTION('',(3.372264829343E-14,1.E0,0.E0));
#1987=VECTOR('',#1986,1.218120580380E-1);
#1988=CARTESIAN_POINT('',(-8.402585260765E-1,-5.636144242630E-1,4.85E0));
#1989=LINE('',#1988,#1987);
#1990=CURVE_STYLE('',#1136,POSITIVE_LENGTH_MEASURE(2.E-2),#1130);
#1991=PRESENTATION_STYLE_ASSIGNMENT((#1990));
#1992=STYLED_ITEM('',(#1991),#1989);
#1993=DIRECTION('',(-9.702957262760E-1,2.419218955996E-1,0.E0));
#1994=VECTOR('',#1993,4.952155544936E-1);
#1995=CARTESIAN_POINT('',(-8.402585260765E-1,-4.418023662250E-1,4.85E0));
#1996=LINE('',#1995,#1994);
#1997=CURVE_STYLE('',#1136,POSITIVE_LENGTH_MEASURE(2.E-2),#1130);
#1998=PRESENTATION_STYLE_ASSIGNMENT((#1997));
#1999=STYLED_ITEM('',(#1998),#1996);
#2000=DIRECTION('',(0.E0,-1.E0,0.E0));
#2001=VECTOR('',#2000,1.218120580380E-1);
#2002=CARTESIAN_POINT('',(-1.320764062187E0,-3.219988805516E-1,4.85E0));
#2003=LINE('',#2002,#2001);
#2004=CURVE_STYLE('',#1136,POSITIVE_LENGTH_MEASURE(2.E-2),#1130);
#2005=PRESENTATION_STYLE_ASSIGNMENT((#2004));
#2006=STYLED_ITEM('',(#2005),#2003);
#2007=CARTESIAN_POINT('',(-1.320764062187E0,-3.219988805516E-1,4.87E0));
#2008=CARTESIAN_POINT('',(-1.320764062187E0,-4.438109385895E-1,4.87E0));
#2009=VERTEX_POINT('',#2007);
#2010=VERTEX_POINT('',#2008);
#2011=CARTESIAN_POINT('',(-8.402585260765E-1,-4.418023662250E-1,4.87E0));
#2012=VERTEX_POINT('',#2011);
#2013=CARTESIAN_POINT('',(-8.402585260765E-1,-5.636144242630E-1,4.87E0));
#2014=VERTEX_POINT('',#2013);
#2015=CARTESIAN_POINT('',(-1.320764062187E0,-4.438109385896E-1,4.85E0));
#2016=VERTEX_POINT('',#2015);
#2017=CARTESIAN_POINT('',(-1.320764062187E0,-3.219988805516E-1,4.85E0));
#2018=VERTEX_POINT('',#2017);
#2019=CARTESIAN_POINT('',(-8.402585260765E-1,-5.636144242630E-1,4.85E0));
#2020=VERTEX_POINT('',#2019);
#2021=CARTESIAN_POINT('',(-8.402585260765E-1,-4.418023662250E-1,4.85E0));
#2022=VERTEX_POINT('',#2021);
#2023=CARTESIAN_POINT('',(-1.25E0,0.E0,4.87E0));
#2024=DIRECTION('',(0.E0,0.E0,1.E0));
#2025=DIRECTION('',(1.E0,0.E0,0.E0));
#2026=AXIS2_PLACEMENT_3D('',#2023,#2024,#2025);
#2027=PLANE('',#2026);
#2029=ORIENTED_EDGE('',*,*,#2028,.F.);
#2031=ORIENTED_EDGE('',*,*,#2030,.T.);
#2033=ORIENTED_EDGE('',*,*,#2032,.F.);
#2035=ORIENTED_EDGE('',*,*,#2034,.T.);
#2036=EDGE_LOOP('',(#2029,#2031,#2033,#2035));
#2037=FACE_OUTER_BOUND('',#2036,.F.);
#2039=FILL_AREA_STYLE_COLOUR('',#7);
#2040=FILL_AREA_STYLE('',(#2039));
#2041=SURFACE_STYLE_FILL_AREA(#2040);
#2042=SURFACE_SIDE_STYLE('',(#2041));
#2043=SURFACE_STYLE_USAGE(.BOTH.,#2042);
#2044=PRESENTATION_STYLE_ASSIGNMENT((#2043));
#2045=OVER_RIDING_STYLED_ITEM('',(#2044),#2038,#1922);
#2046=CARTESIAN_POINT('',(-1.320764062187E0,-3.219988805516E-1,4.89E0));
#2047=DIRECTION('',(1.E0,0.E0,0.E0));
#2048=DIRECTION('',(0.E0,0.E0,-1.E0));
#2049=AXIS2_PLACEMENT_3D('',#2046,#2047,#2048);
#2050=PLANE('',#2049);
#2051=ORIENTED_EDGE('',*,*,#2028,.T.);
#2053=ORIENTED_EDGE('',*,*,#2052,.T.);
#2055=ORIENTED_EDGE('',*,*,#2054,.F.);
#2057=ORIENTED_EDGE('',*,*,#2056,.F.);
#2058=EDGE_LOOP('',(#2051,#2053,#2055,#2057));
#2059=FACE_OUTER_BOUND('',#2058,.F.);
#2061=FILL_AREA_STYLE_COLOUR('',#1130);
#2062=FILL_AREA_STYLE('',(#2061));
#2063=SURFACE_STYLE_FILL_AREA(#2062);
#2064=SURFACE_SIDE_STYLE('',(#2063));
#2065=SURFACE_STYLE_USAGE(.NEGATIVE.,#2064);
#2066=PRESENTATION_STYLE_ASSIGNMENT((#2065));
#2067=OVER_RIDING_STYLED_ITEM('',(#2066),#2060,#1922);
#2068=CARTESIAN_POINT('',(-1.320764062187E0,-4.438109385896E-1,4.89E0));
#2069=DIRECTION('',(2.419218955996E-1,9.702957262760E-1,0.E0));
#2070=DIRECTION('',(-9.702957262760E-1,2.419218955996E-1,0.E0));
#2071=AXIS2_PLACEMENT_3D('',#2068,#2069,#2070);
#2072=PLANE('',#2071);
#2073=ORIENTED_EDGE('',*,*,#2034,.F.);
#2075=ORIENTED_EDGE('',*,*,#2074,.T.);
#2077=ORIENTED_EDGE('',*,*,#2076,.F.);
#2078=ORIENTED_EDGE('',*,*,#2052,.F.);
#2079=EDGE_LOOP('',(#2073,#2075,#2077,#2078));
#2080=FACE_OUTER_BOUND('',#2079,.F.);
#2082=FILL_AREA_STYLE_COLOUR('',#1130);
#2083=FILL_AREA_STYLE('',(#2082));
#2084=SURFACE_STYLE_FILL_AREA(#2083);
#2085=SURFACE_SIDE_STYLE('',(#2084));
#2086=SURFACE_STYLE_USAGE(.NEGATIVE.,#2085);
#2087=PRESENTATION_STYLE_ASSIGNMENT((#2086));
#2088=OVER_RIDING_STYLED_ITEM('',(#2087),#2081,#1922);
#2089=CARTESIAN_POINT('',(-8.402585260765E-1,-5.636144242630E-1,4.89E0));
#2090=DIRECTION('',(-1.E0,0.E0,0.E0));
#2091=DIRECTION('',(0.E0,0.E0,1.E0));
#2092=AXIS2_PLACEMENT_3D('',#2089,#2090,#2091);
#2093=PLANE('',#2092);
#2094=ORIENTED_EDGE('',*,*,#2032,.T.);
#2096=ORIENTED_EDGE('',*,*,#2095,.T.);
#2098=ORIENTED_EDGE('',*,*,#2097,.F.);
#2099=ORIENTED_EDGE('',*,*,#2074,.F.);
#2100=EDGE_LOOP('',(#2094,#2096,#2098,#2099));
#2101=FACE_OUTER_BOUND('',#2100,.F.);
#2103=FILL_AREA_STYLE_COLOUR('',#1130);
#2104=FILL_AREA_STYLE('',(#2103));
#2105=SURFACE_STYLE_FILL_AREA(#2104);
#2106=SURFACE_SIDE_STYLE('',(#2105));
#2107=SURFACE_STYLE_USAGE(.NEGATIVE.,#2106);
#2108=PRESENTATION_STYLE_ASSIGNMENT((#2107));
#2109=OVER_RIDING_STYLED_ITEM('',(#2108),#2102,#1922);
#2110=CARTESIAN_POINT('',(-8.402585260765E-1,-4.418023662250E-1,4.89E0));
#2111=DIRECTION('',(-2.419218955996E-1,-9.702957262760E-1,0.E0));
#2112=DIRECTION('',(9.702957262760E-1,-2.419218955996E-1,0.E0));
#2113=AXIS2_PLACEMENT_3D('',#2110,#2111,#2112);
#2114=PLANE('',#2113);
#2115=ORIENTED_EDGE('',*,*,#2030,.F.);
#2116=ORIENTED_EDGE('',*,*,#2056,.T.);
#2118=ORIENTED_EDGE('',*,*,#2117,.F.);
#2119=ORIENTED_EDGE('',*,*,#2095,.F.);
#2120=EDGE_LOOP('',(#2115,#2116,#2118,#2119));
#2121=FACE_OUTER_BOUND('',#2120,.F.);
#2123=FILL_AREA_STYLE_COLOUR('',#1130);
#2124=FILL_AREA_STYLE('',(#2123));
#2125=SURFACE_STYLE_FILL_AREA(#2124);
#2126=SURFACE_SIDE_STYLE('',(#2125));
#2127=SURFACE_STYLE_USAGE(.NEGATIVE.,#2126);
#2128=PRESENTATION_STYLE_ASSIGNMENT((#2127));
#2129=OVER_RIDING_STYLED_ITEM('',(#2128),#2122,#1922);
#2130=CARTESIAN_POINT('',(2.539311477918E1,-8.557525434875E1,4.85E0));
#2131=DIRECTION('',(0.E0,0.E0,1.E0));
#2132=DIRECTION('',(0.E0,1.E0,0.E0));
#2133=AXIS2_PLACEMENT_3D('',#2130,#2131,#2132);
#2134=PLANE('',#2133);
#2135=ORIENTED_EDGE('',*,*,#2076,.T.);
#2136=ORIENTED_EDGE('',*,*,#2097,.T.);
#2137=ORIENTED_EDGE('',*,*,#2117,.T.);
#2138=ORIENTED_EDGE('',*,*,#2054,.T.);
#2139=EDGE_LOOP('',(#2135,#2136,#2137,#2138));
#2140=FACE_OUTER_BOUND('',#2139,.F.);
#2142=FILL_AREA_STYLE_COLOUR('',#1130);
#2143=FILL_AREA_STYLE('',(#2142));
#2144=SURFACE_STYLE_FILL_AREA(#2143);
#2145=SURFACE_SIDE_STYLE('',(#2144));
#2146=SURFACE_STYLE_USAGE(.NEGATIVE.,#2145);
#2147=PRESENTATION_STYLE_ASSIGNMENT((#2146));
#2148=OVER_RIDING_STYLED_ITEM('',(#2147),#2141,#1922);
#2149=CLOSED_SHELL('',(#2038,#2060,#2081,#2102,#2122,#2141));
#2150=MANIFOLD_SOLID_BREP('',#2149);
#2151=FILL_AREA_STYLE_COLOUR('',#1130);
#2152=FILL_AREA_STYLE('',(#2151));
#2153=SURFACE_STYLE_FILL_AREA(#2152);
#2154=SURFACE_SIDE_STYLE('',(#2153));
#2155=SURFACE_STYLE_USAGE(.POSITIVE.,#2154);
#2156=PRESENTATION_STYLE_ASSIGNMENT((#2155));
#1922=STYLED_ITEM('',(#2156),#2150);
#2158=DIRECTION('',(9.702957262760E-1,-2.419218955997E-1,0.E0));
#2159=VECTOR('',#2158,4.952155544936E-1);
#2160=CARTESIAN_POINT('',(-1.320764062187E0,-9.011081394780E-2,4.87E0));
#2161=LINE('',#2160,#2159);
#2162=CURVE_STYLE('',#1136,POSITIVE_LENGTH_MEASURE(2.E-2),#1130);
#2163=PRESENTATION_STYLE_ASSIGNMENT((#2162));
#2164=STYLED_ITEM('',(#2163),#2161);
#2165=DIRECTION('',(-9.702957262760E-1,2.419218955997E-1,0.E0));
#2166=VECTOR('',#2165,4.952155544936E-1);
#2167=CARTESIAN_POINT('',(-8.402585260765E-1,-3.335879351433E-1,4.87E0));
#2168=LINE('',#2167,#2166);
#2169=CURVE_STYLE('',#1136,POSITIVE_LENGTH_MEASURE(2.E-2),#1130);
#2170=PRESENTATION_STYLE_ASSIGNMENT((#2169));
#2171=STYLED_ITEM('',(#2170),#2168);
#2172=DIRECTION('',(1.077244656007E-14,-1.E0,0.E0));
#2173=VECTOR('',#2172,1.236736355220E-1);
#2174=CARTESIAN_POINT('',(-1.320764062187E0,-9.011081394780E-2,4.87E0));
#2175=LINE('',#2174,#2173);
#2176=CURVE_STYLE('',#1136,POSITIVE_LENGTH_MEASURE(2.E-2),#1130);
#2177=PRESENTATION_STYLE_ASSIGNMENT((#2176));
#2178=STYLED_ITEM('',(#2177),#2175);
#2179=DIRECTION('',(1.110223024625E-14,2.858824288410E-13,-1.E0));
#2180=VECTOR('',#2179,2.E-2);
#2181=CARTESIAN_POINT('',(-1.320764062187E0,-2.137844494698E-1,4.87E0));
#2182=LINE('',#2181,#2180);
#2183=CURVE_STYLE('',#1136,POSITIVE_LENGTH_MEASURE(2.E-2),#1130);
#2184=PRESENTATION_STYLE_ASSIGNMENT((#2183));
#2185=STYLED_ITEM('',(#2184),#2182);
#2186=DIRECTION('',(4.996003610813E-14,4.579669976579E-13,-1.E0));
#2187=VECTOR('',#2186,2.E-2);
#2188=CARTESIAN_POINT('',(-8.402585260765E-1,-3.335879351433E-1,4.87E0));
#2189=LINE('',#2188,#2187);
#2190=CURVE_STYLE('',#1136,POSITIVE_LENGTH_MEASURE(2.E-2),#1130);
#2191=PRESENTATION_STYLE_ASSIGNMENT((#2190));
#2192=STYLED_ITEM('',(#2191),#2189);
#2193=DIRECTION('',(0.E0,1.E0,0.E0));
#2194=VECTOR('',#2193,1.236736355220E-1);
#2195=CARTESIAN_POINT('',(-8.402585260765E-1,-3.335879351433E-1,4.87E0));
#2196=LINE('',#2195,#2194);
#2197=CURVE_STYLE('',#1136,POSITIVE_LENGTH_MEASURE(2.E-2),#1130);
#2198=PRESENTATION_STYLE_ASSIGNMENT((#2197));
#2199=STYLED_ITEM('',(#2198),#2196);
#2200=DIRECTION('',(0.E0,-1.554312234475E-13,-1.E0));
#2201=VECTOR('',#2200,2.E-2);
#2202=CARTESIAN_POINT('',(-8.402585260765E-1,-2.099142996213E-1,4.87E0));
#2203=LINE('',#2202,#2201);
#2204=CURVE_STYLE('',#1136,POSITIVE_LENGTH_MEASURE(2.E-2),#1130);
#2205=PRESENTATION_STYLE_ASSIGNMENT((#2204));
#2206=STYLED_ITEM('',(#2205),#2203);
#2207=DIRECTION('',(3.330669073875E-14,-3.587408148320E-13,-1.E0));
#2208=VECTOR('',#2207,2.E-2);
#2209=CARTESIAN_POINT('',(-1.320764062187E0,-9.011081394780E-2,4.87E0));
#2210=LINE('',#2209,#2208);
#2211=CURVE_STYLE('',#1136,POSITIVE_LENGTH_MEASURE(2.E-2),#1130);
#2212=PRESENTATION_STYLE_ASSIGNMENT((#2211));
#2213=STYLED_ITEM('',(#2212),#2210);
#2214=DIRECTION('',(9.702957262760E-1,-2.419218955997E-1,0.E0));
#2215=VECTOR('',#2214,4.952155544936E-1);
#2216=CARTESIAN_POINT('',(-1.320764062187E0,-2.137844494698E-1,4.85E0));
#2217=LINE('',#2216,#2215);
#2218=CURVE_STYLE('',#1136,POSITIVE_LENGTH_MEASURE(2.E-2),#1130);
#2219=PRESENTATION_STYLE_ASSIGNMENT((#2218));
#2220=STYLED_ITEM('',(#2219),#2217);
#2221=DIRECTION('',(-1.705637372011E-14,1.E0,0.E0));
#2222=VECTOR('',#2221,1.236736355220E-1);
#2223=CARTESIAN_POINT('',(-8.402585260765E-1,-3.335879351433E-1,4.85E0));
#2224=LINE('',#2223,#2222);
#2225=CURVE_STYLE('',#1136,POSITIVE_LENGTH_MEASURE(2.E-2),#1130);
#2226=PRESENTATION_STYLE_ASSIGNMENT((#2225));
#2227=STYLED_ITEM('',(#2226),#2224);
#2228=DIRECTION('',(-9.702957262760E-1,2.419218955997E-1,0.E0));
#2229=VECTOR('',#2228,4.952155544936E-1);
#2230=CARTESIAN_POINT('',(-8.402585260765E-1,-2.099142996213E-1,4.85E0));
#2231=LINE('',#2230,#2229);
#2232=CURVE_STYLE('',#1136,POSITIVE_LENGTH_MEASURE(2.E-2),#1130);
#2233=PRESENTATION_STYLE_ASSIGNMENT((#2232));
#2234=STYLED_ITEM('',(#2233),#2231);
#2235=DIRECTION('',(0.E0,-1.E0,0.E0));
#2236=VECTOR('',#2235,1.236736355220E-1);
#2237=CARTESIAN_POINT('',(-1.320764062187E0,-9.011081394781E-2,4.85E0));
#2238=LINE('',#2237,#2236);
#2239=CURVE_STYLE('',#1136,POSITIVE_LENGTH_MEASURE(2.E-2),#1130);
#2240=PRESENTATION_STYLE_ASSIGNMENT((#2239));
#2241=STYLED_ITEM('',(#2240),#2238);
#2242=CARTESIAN_POINT('',(-1.320764062187E0,-9.011081394780E-2,4.87E0));
#2243=CARTESIAN_POINT('',(-1.320764062187E0,-2.137844494698E-1,4.87E0));
#2244=VERTEX_POINT('',#2242);
#2245=VERTEX_POINT('',#2243);
#2246=CARTESIAN_POINT('',(-8.402585260765E-1,-2.099142996213E-1,4.87E0));
#2247=VERTEX_POINT('',#2246);
#2248=CARTESIAN_POINT('',(-8.402585260765E-1,-3.335879351433E-1,4.87E0));
#2249=VERTEX_POINT('',#2248);
#2250=CARTESIAN_POINT('',(-1.320764062187E0,-2.137844494698E-1,4.85E0));
#2251=VERTEX_POINT('',#2250);
#2252=CARTESIAN_POINT('',(-1.320764062187E0,-9.011081394781E-2,4.85E0));
#2253=VERTEX_POINT('',#2252);
#2254=CARTESIAN_POINT('',(-8.402585260765E-1,-3.335879351433E-1,4.85E0));
#2255=VERTEX_POINT('',#2254);
#2256=CARTESIAN_POINT('',(-8.402585260765E-1,-2.099142996213E-1,4.85E0));
#2257=VERTEX_POINT('',#2256);
#2258=CARTESIAN_POINT('',(-1.25E0,0.E0,4.87E0));
#2259=DIRECTION('',(0.E0,0.E0,1.E0));
#2260=DIRECTION('',(1.E0,0.E0,0.E0));
#2261=AXIS2_PLACEMENT_3D('',#2258,#2259,#2260);
#2262=PLANE('',#2261);
#2264=ORIENTED_EDGE('',*,*,#2263,.F.);
#2266=ORIENTED_EDGE('',*,*,#2265,.T.);
#2268=ORIENTED_EDGE('',*,*,#2267,.F.);
#2270=ORIENTED_EDGE('',*,*,#2269,.T.);
#2271=EDGE_LOOP('',(#2264,#2266,#2268,#2270));
#2272=FACE_OUTER_BOUND('',#2271,.F.);
#2274=FILL_AREA_STYLE_COLOUR('',#7);
#2275=FILL_AREA_STYLE('',(#2274));
#2276=SURFACE_STYLE_FILL_AREA(#2275);
#2277=SURFACE_SIDE_STYLE('',(#2276));
#2278=SURFACE_STYLE_USAGE(.BOTH.,#2277);
#2279=PRESENTATION_STYLE_ASSIGNMENT((#2278));
#2280=OVER_RIDING_STYLED_ITEM('',(#2279),#2273,#2157);
#2281=CARTESIAN_POINT('',(-1.320764062187E0,-9.011081394780E-2,4.89E0));
#2282=DIRECTION('',(1.E0,0.E0,0.E0));
#2283=DIRECTION('',(0.E0,0.E0,-1.E0));
#2284=AXIS2_PLACEMENT_3D('',#2281,#2282,#2283);
#2285=PLANE('',#2284);
#2286=ORIENTED_EDGE('',*,*,#2263,.T.);
#2288=ORIENTED_EDGE('',*,*,#2287,.T.);
#2290=ORIENTED_EDGE('',*,*,#2289,.F.);
#2292=ORIENTED_EDGE('',*,*,#2291,.F.);
#2293=EDGE_LOOP('',(#2286,#2288,#2290,#2292));
#2294=FACE_OUTER_BOUND('',#2293,.F.);
#2296=FILL_AREA_STYLE_COLOUR('',#1130);
#2297=FILL_AREA_STYLE('',(#2296));
#2298=SURFACE_STYLE_FILL_AREA(#2297);
#2299=SURFACE_SIDE_STYLE('',(#2298));
#2300=SURFACE_STYLE_USAGE(.NEGATIVE.,#2299);
#2301=PRESENTATION_STYLE_ASSIGNMENT((#2300));
#2302=OVER_RIDING_STYLED_ITEM('',(#2301),#2295,#2157);
#2303=CARTESIAN_POINT('',(-1.320764062187E0,-2.137844494698E-1,4.89E0));
#2304=DIRECTION('',(2.419218955997E-1,9.702957262760E-1,0.E0));
#2305=DIRECTION('',(-9.702957262760E-1,2.419218955997E-1,0.E0));
#2306=AXIS2_PLACEMENT_3D('',#2303,#2304,#2305);
#2307=PLANE('',#2306);
#2308=ORIENTED_EDGE('',*,*,#2269,.F.);
#2310=ORIENTED_EDGE('',*,*,#2309,.T.);
#2312=ORIENTED_EDGE('',*,*,#2311,.F.);
#2313=ORIENTED_EDGE('',*,*,#2287,.F.);
#2314=EDGE_LOOP('',(#2308,#2310,#2312,#2313));
#2315=FACE_OUTER_BOUND('',#2314,.F.);
#2317=FILL_AREA_STYLE_COLOUR('',#1130);
#2318=FILL_AREA_STYLE('',(#2317));
#2319=SURFACE_STYLE_FILL_AREA(#2318);
#2320=SURFACE_SIDE_STYLE('',(#2319));
#2321=SURFACE_STYLE_USAGE(.NEGATIVE.,#2320);
#2322=PRESENTATION_STYLE_ASSIGNMENT((#2321));
#2323=OVER_RIDING_STYLED_ITEM('',(#2322),#2316,#2157);
#2324=CARTESIAN_POINT('',(-8.402585260765E-1,-3.335879351434E-1,4.89E0));
#2325=DIRECTION('',(-1.E0,0.E0,0.E0));
#2326=DIRECTION('',(0.E0,0.E0,1.E0));
#2327=AXIS2_PLACEMENT_3D('',#2324,#2325,#2326);
#2328=PLANE('',#2327);
#2329=ORIENTED_EDGE('',*,*,#2267,.T.);
#2331=ORIENTED_EDGE('',*,*,#2330,.T.);
#2333=ORIENTED_EDGE('',*,*,#2332,.F.);
#2334=ORIENTED_EDGE('',*,*,#2309,.F.);
#2335=EDGE_LOOP('',(#2329,#2331,#2333,#2334));
#2336=FACE_OUTER_BOUND('',#2335,.F.);
#2338=FILL_AREA_STYLE_COLOUR('',#1130);
#2339=FILL_AREA_STYLE('',(#2338));
#2340=SURFACE_STYLE_FILL_AREA(#2339);
#2341=SURFACE_SIDE_STYLE('',(#2340));
#2342=SURFACE_STYLE_USAGE(.NEGATIVE.,#2341);
#2343=PRESENTATION_STYLE_ASSIGNMENT((#2342));
#2344=OVER_RIDING_STYLED_ITEM('',(#2343),#2337,#2157);
#2345=CARTESIAN_POINT('',(-8.402585260765E-1,-2.099142996213E-1,4.89E0));
#2346=DIRECTION('',(-2.419218955997E-1,-9.702957262760E-1,0.E0));
#2347=DIRECTION('',(9.702957262760E-1,-2.419218955997E-1,0.E0));
#2348=AXIS2_PLACEMENT_3D('',#2345,#2346,#2347);
#2349=PLANE('',#2348);
#2350=ORIENTED_EDGE('',*,*,#2265,.F.);
#2351=ORIENTED_EDGE('',*,*,#2291,.T.);
#2353=ORIENTED_EDGE('',*,*,#2352,.F.);
#2354=ORIENTED_EDGE('',*,*,#2330,.F.);
#2355=EDGE_LOOP('',(#2350,#2351,#2353,#2354));
#2356=FACE_OUTER_BOUND('',#2355,.F.);
#2358=FILL_AREA_STYLE_COLOUR('',#1130);
#2359=FILL_AREA_STYLE('',(#2358));
#2360=SURFACE_STYLE_FILL_AREA(#2359);
#2361=SURFACE_SIDE_STYLE('',(#2360));
#2362=SURFACE_STYLE_USAGE(.NEGATIVE.,#2361);
#2363=PRESENTATION_STYLE_ASSIGNMENT((#2362));
#2364=OVER_RIDING_STYLED_ITEM('',(#2363),#2357,#2157);
#2365=CARTESIAN_POINT('',(2.539311477918E1,-8.557525434875E1,4.85E0));
#2366=DIRECTION('',(0.E0,0.E0,1.E0));
#2367=DIRECTION('',(0.E0,1.E0,0.E0));
#2368=AXIS2_PLACEMENT_3D('',#2365,#2366,#2367);
#2369=PLANE('',#2368);
#2370=ORIENTED_EDGE('',*,*,#2311,.T.);
#2371=ORIENTED_EDGE('',*,*,#2332,.T.);
#2372=ORIENTED_EDGE('',*,*,#2352,.T.);
#2373=ORIENTED_EDGE('',*,*,#2289,.T.);
#2374=EDGE_LOOP('',(#2370,#2371,#2372,#2373));
#2375=FACE_OUTER_BOUND('',#2374,.F.);
#2377=FILL_AREA_STYLE_COLOUR('',#1130);
#2378=FILL_AREA_STYLE('',(#2377));
#2379=SURFACE_STYLE_FILL_AREA(#2378);
#2380=SURFACE_SIDE_STYLE('',(#2379));
#2381=SURFACE_STYLE_USAGE(.NEGATIVE.,#2380);
#2382=PRESENTATION_STYLE_ASSIGNMENT((#2381));
#2383=OVER_RIDING_STYLED_ITEM('',(#2382),#2376,#2157);
#2384=CLOSED_SHELL('',(#2273,#2295,#2316,#2337,#2357,#2376));
#2385=MANIFOLD_SOLID_BREP('',#2384);
#2386=FILL_AREA_STYLE_COLOUR('',#1130);
#2387=FILL_AREA_STYLE('',(#2386));
#2388=SURFACE_STYLE_FILL_AREA(#2387);
#2389=SURFACE_SIDE_STYLE('',(#2388));
#2390=SURFACE_STYLE_USAGE(.POSITIVE.,#2389);
#2391=PRESENTATION_STYLE_ASSIGNMENT((#2390));
#2157=STYLED_ITEM('',(#2391),#2385);
#2393=DIRECTION('',(9.702957262760E-1,-2.419218955996E-1,0.E0));
#2394=VECTOR('',#2393,1.691671558556E-1);
#2395=CARTESIAN_POINT('',(-1.630903138047E0,-3.664845822018E-1,4.85E0));
#2396=LINE('',#2395,#2394);
#2397=CURVE_STYLE('',#1136,POSITIVE_LENGTH_MEASURE(2.E-2),#1130);
#2398=PRESENTATION_STYLE_ASSIGNMENT((#2397));
#2399=STYLED_ITEM('',(#2398),#2396);
#2400=DIRECTION('',(3.990852339498E-13,1.E0,0.E0));
#2401=VECTOR('',#2400,4.017091867048E-1);
#2402=CARTESIAN_POINT('',(-1.466760969694E0,-4.074098212195E-1,4.85E0));
#2403=LINE('',#2402,#2401);
#2404=CURVE_STYLE('',#1136,POSITIVE_LENGTH_MEASURE(2.E-2),#1130);
#2405=PRESENTATION_STYLE_ASSIGNMENT((#2404));
#2406=STYLED_ITEM('',(#2405),#2403);
#2407=CARTESIAN_POINT('',(-1.419723380244E0,-5.700634510725E-3,4.85E0));
#2408=DIRECTION('',(0.E0,0.E0,-1.E0));
#2409=DIRECTION('',(-1.E0,-1.678786492209E-10,0.E0));
#2410=AXIS2_PLACEMENT_3D('',#2407,#2408,#2409);
#2412=CURVE_STYLE('',#1136,POSITIVE_LENGTH_MEASURE(2.E-2),#1130);
#2413=PRESENTATION_STYLE_ASSIGNMENT((#2412));
#2414=STYLED_ITEM('',(#2413),#2411);
#2415=CARTESIAN_POINT('',(-1.419723380244E0,-5.700634510725E-3,4.85E0));
#2416=DIRECTION('',(0.E0,0.E0,-1.E0));
#2417=DIRECTION('',(-4.351428702334E-11,1.E0,0.E0));
#2418=AXIS2_PLACEMENT_3D('',#2415,#2416,#2417);
#2420=CURVE_STYLE('',#1136,POSITIVE_LENGTH_MEASURE(2.E-2),#1130);
#2421=PRESENTATION_STYLE_ASSIGNMENT((#2420));
#2422=STYLED_ITEM('',(#2421),#2419);
#2423=DIRECTION('',(9.702957262760E-1,-2.419218955997E-1,0.E0));
#2424=VECTOR('',#2423,5.854765881997E-1);
#2425=CARTESIAN_POINT('',(-1.408343957441E0,3.993973750694E-2,4.85E0));
#2426=LINE('',#2425,#2424);
#2427=CURVE_STYLE('',#1136,POSITIVE_LENGTH_MEASURE(2.E-2),#1130);
#2428=PRESENTATION_STYLE_ASSIGNMENT((#2427));
#2429=STYLED_ITEM('',(#2428),#2426);
#2430=DIRECTION('',(0.E0,1.E0,0.E0));
#2431=VECTOR('',#2430,1.236736355220E-1);
#2432=CARTESIAN_POINT('',(-8.402585260765E-1,-1.016998685396E-1,4.85E0));
#2433=LINE('',#2432,#2431);
#2434=CURVE_STYLE('',#1136,POSITIVE_LENGTH_MEASURE(2.E-2),#1130);
#2435=PRESENTATION_STYLE_ASSIGNMENT((#2434));
#2436=STYLED_ITEM('',(#2435),#2433);
#2437=DIRECTION('',(-9.702957262760E-1,2.419218955997E-1,0.E0));
#2438=VECTOR('',#2437,7.346325234456E-1);
#2439=CARTESIAN_POINT('',(-8.402585260765E-1,2.197376698236E-2,4.85E0));
#2440=LINE('',#2439,#2438);
#2441=CURVE_STYLE('',#1136,POSITIVE_LENGTH_MEASURE(2.E-2),#1130);
#2442=PRESENTATION_STYLE_ASSIGNMENT((#2441));
#2443=STYLED_ITEM('',(#2442),#2440);
#2444=CARTESIAN_POINT('',(-1.568231069567E0,1.388870194204E-1,4.85E0));
#2445=DIRECTION('',(0.E0,0.E0,1.E0));
#2446=DIRECTION('',(2.419218955951E-1,9.702957262771E-1,0.E0));
#2447=AXIS2_PLACEMENT_3D('',#2444,#2445,#2446);
#2449=CURVE_STYLE('',#1136,POSITIVE_LENGTH_MEASURE(2.E-2),#1130);
#2450=PRESENTATION_STYLE_ASSIGNMENT((#2449));
#2451=STYLED_ITEM('',(#2450),#2448);
#2452=CARTESIAN_POINT('',(-1.568231069567E0,1.388870194204E-1,4.85E0));
#2453=DIRECTION('',(0.E0,0.E0,1.E0));
#2454=DIRECTION('',(0.E0,1.E0,0.E0));
#2455=AXIS2_PLACEMENT_3D('',#2452,#2453,#2454);
#2457=CURVE_STYLE('',#1136,POSITIVE_LENGTH_MEASURE(2.E-2),#1130);
#2458=PRESENTATION_STYLE_ASSIGNMENT((#2457));
#2459=STYLED_ITEM('',(#2458),#2456);
#2460=DIRECTION('',(9.622180653288E-14,-1.E0,0.E0));
#2461=VECTOR('',#2460,5.053716016230E-1);
#2462=CARTESIAN_POINT('',(-1.630903138047E0,1.388870194213E-1,4.85E0));
#2463=LINE('',#2462,#2461);
#2464=CURVE_STYLE('',#1136,POSITIVE_LENGTH_MEASURE(2.E-2),#1130);
#2465=PRESENTATION_STYLE_ASSIGNMENT((#2464));
#2466=STYLED_ITEM('',(#2465),#2463);
#2467=DIRECTION('',(0.E0,1.859623566247E-13,-1.E0));
#2468=VECTOR('',#2467,2.E-2);
#2469=CARTESIAN_POINT('',(-1.466760969694E0,-4.074098212195E-1,4.87E0));
#2470=LINE('',#2469,#2468);
#2471=CURVE_STYLE('',#1136,POSITIVE_LENGTH_MEASURE(2.E-2),#1130);
#2472=PRESENTATION_STYLE_ASSIGNMENT((#2471));
#2473=STYLED_ITEM('',(#2472),#2470);
#2474=CARTESIAN_POINT('',(-1.568231069567E0,1.388870194204E-1,4.87E0));
#2475=DIRECTION('',(0.E0,0.E0,-1.E0));
#2476=DIRECTION('',(-1.E0,4.017450432796E-11,0.E0));
#2477=AXIS2_PLACEMENT_3D('',#2474,#2475,#2476);
#2479=CURVE_STYLE('',#1136,POSITIVE_LENGTH_MEASURE(2.E-2),#1130);
#2480=PRESENTATION_STYLE_ASSIGNMENT((#2479));
#2481=STYLED_ITEM('',(#2480),#2478);
#2482=CARTESIAN_POINT('',(-1.568231069567E0,1.388870194204E-1,4.87E0));
#2483=DIRECTION('',(0.E0,0.E0,-1.E0));
#2484=DIRECTION('',(0.E0,1.E0,0.E0));
#2485=AXIS2_PLACEMENT_3D('',#2482,#2483,#2484);
#2487=CURVE_STYLE('',#1136,POSITIVE_LENGTH_MEASURE(2.E-2),#1130);
#2488=PRESENTATION_STYLE_ASSIGNMENT((#2487));
#2489=STYLED_ITEM('',(#2488),#2486);
#2490=DIRECTION('',(9.702957262760E-1,-2.419218955997E-1,0.E0));
#2491=VECTOR('',#2490,7.346325234459E-1);
#2492=CARTESIAN_POINT('',(-1.553069323959E0,1.996974596236E-1,4.87E0));
#2493=LINE('',#2492,#2491);
#2494=CURVE_STYLE('',#1136,POSITIVE_LENGTH_MEASURE(2.E-2),#1130);
#2495=PRESENTATION_STYLE_ASSIGNMENT((#2494));
#2496=STYLED_ITEM('',(#2495),#2493);
#2497=DIRECTION('',(-9.702957262760E-1,2.419218955997E-1,0.E0));
#2498=VECTOR('',#2497,5.854765882001E-1);
#2499=CARTESIAN_POINT('',(-8.402585260765E-1,-1.016998685396E-1,4.87E0));
#2500=LINE('',#2499,#2498);
#2501=CURVE_STYLE('',#1136,POSITIVE_LENGTH_MEASURE(2.E-2),#1130);
#2502=PRESENTATION_STYLE_ASSIGNMENT((#2501));
#2503=STYLED_ITEM('',(#2502),#2500);
#2504=CARTESIAN_POINT('',(-1.419723380244E0,-5.700634510725E-3,4.87E0));
#2505=DIRECTION('',(0.E0,0.E0,1.E0));
#2506=DIRECTION('',(2.419218955320E-1,9.702957262929E-1,0.E0));
#2507=AXIS2_PLACEMENT_3D('',#2504,#2505,#2506);
#2509=CURVE_STYLE('',#1136,POSITIVE_LENGTH_MEASURE(2.E-2),#1130);
#2510=PRESENTATION_STYLE_ASSIGNMENT((#2509));
#2511=STYLED_ITEM('',(#2510),#2508);
#2512=CARTESIAN_POINT('',(-1.419723380244E0,-5.700634510725E-3,4.87E0));
#2513=DIRECTION('',(0.E0,0.E0,1.E0));
#2514=DIRECTION('',(-1.463379147021E-13,1.E0,0.E0));
#2515=AXIS2_PLACEMENT_3D('',#2512,#2513,#2514);
#2517=CURVE_STYLE('',#1136,POSITIVE_LENGTH_MEASURE(2.E-2),#1130);
#2518=PRESENTATION_STYLE_ASSIGNMENT((#2517));
#2519=STYLED_ITEM('',(#2518),#2516);
#2520=DIRECTION('',(-9.702957262760E-1,2.419218955996E-1,0.E0));
#2521=VECTOR('',#2520,1.691671558556E-1);
#2522=CARTESIAN_POINT('',(-1.466760969694E0,-4.074098212195E-1,4.87E0));
#2523=LINE('',#2522,#2521);
#2524=CURVE_STYLE('',#1136,POSITIVE_LENGTH_MEASURE(2.E-2),#1130);
#2525=PRESENTATION_STYLE_ASSIGNMENT((#2524));
#2526=STYLED_ITEM('',(#2525),#2523);
#2527=DIRECTION('',(9.534306857357E-14,-1.E0,0.E0));
#2528=VECTOR('',#2527,5.053716016236E-1);
#2529=CARTESIAN_POINT('',(-1.630903138047E0,1.388870194218E-1,4.87E0));
#2530=LINE('',#2529,#2528);
#2531=CURVE_STYLE('',#1136,POSITIVE_LENGTH_MEASURE(2.E-2),#1130);
#2532=PRESENTATION_STYLE_ASSIGNMENT((#2531));
#2533=STYLED_ITEM('',(#2532),#2530);
#2534=DIRECTION('',(0.E0,1.859623566247E-13,-1.E0));
#2535=VECTOR('',#2534,2.E-2);
#2536=CARTESIAN_POINT('',(-1.630903138047E0,-3.664845822018E-1,4.87E0));
#2537=LINE('',#2536,#2535);
#2538=CURVE_STYLE('',#1136,POSITIVE_LENGTH_MEASURE(2.E-2),#1130);
#2539=PRESENTATION_STYLE_ASSIGNMENT((#2538));
#2540=STYLED_ITEM('',(#2539),#2537);
#2541=DIRECTION('',(2.220446049250E-14,-2.590705427963E-11,-1.E0));
#2542=VECTOR('',#2541,2.E-2);
#2543=CARTESIAN_POINT('',(-1.630903138047E0,1.388870194218E-1,4.87E0));
#2544=LINE('',#2543,#2542);
#2545=CURVE_STYLE('',#1136,POSITIVE_LENGTH_MEASURE(2.E-2),#1130);
#2546=PRESENTATION_STYLE_ASSIGNMENT((#2545));
#2547=STYLED_ITEM('',(#2546),#2544);
#2548=DIRECTION('',(-1.153521722586E-11,2.356448369767E-12,1.E0));
#2549=VECTOR('',#2548,2.E-2);
#2550=CARTESIAN_POINT('',(-1.553069323959E0,1.996974596235E-1,4.85E0));
#2551=LINE('',#2550,#2549);
#2552=CURVE_STYLE('',#1136,POSITIVE_LENGTH_MEASURE(2.E-2),#1130);
#2553=PRESENTATION_STYLE_ASSIGNMENT((#2552));
#2554=STYLED_ITEM('',(#2553),#2551);
#2555=DIRECTION('',(0.E0,1.E0,0.E0));
#2556=VECTOR('',#2555,1.236736355219E-1);
#2557=CARTESIAN_POINT('',(-8.402585260765E-1,-1.016998685396E-1,4.87E0));
#2558=LINE('',#2557,#2556);
#2559=CURVE_STYLE('',#1136,POSITIVE_LENGTH_MEASURE(2.E-2),#1130);
#2560=PRESENTATION_STYLE_ASSIGNMENT((#2559));
#2561=STYLED_ITEM('',(#2560),#2558);
#2562=DIRECTION('',(0.E0,5.799180580190E-13,-1.E0));
#2563=VECTOR('',#2562,2.E-2);
#2564=CARTESIAN_POINT('',(-8.402585260765E-1,2.197376698235E-2,4.87E0));
#2565=LINE('',#2564,#2563);
#2566=CURVE_STYLE('',#1136,POSITIVE_LENGTH_MEASURE(2.E-2),#1130);
#2567=PRESENTATION_STYLE_ASSIGNMENT((#2566));
#2568=STYLED_ITEM('',(#2567),#2565);
#2569=DIRECTION('',(2.775557561563E-14,-1.249000902703E-14,-1.E0));
#2570=VECTOR('',#2569,2.E-2);
#2571=CARTESIAN_POINT('',(-8.402585260765E-1,-1.016998685396E-1,4.87E0));
#2572=LINE('',#2571,#2570);
#2573=CURVE_STYLE('',#1136,POSITIVE_LENGTH_MEASURE(2.E-2),#1130);
#2574=PRESENTATION_STYLE_ASSIGNMENT((#2573));
#2575=STYLED_ITEM('',(#2574),#2572);
#2576=DIRECTION('',(1.868505350444E-11,-4.591466096215E-12,-1.E0));
#2577=VECTOR('',#2576,2.E-2);
#2578=CARTESIAN_POINT('',(-1.408343957442E0,3.993973750703E-2,4.87E0));
#2579=LINE('',#2578,#2577);
#2580=CURVE_STYLE('',#1136,POSITIVE_LENGTH_MEASURE(2.E-2),#1130);
#2581=PRESENTATION_STYLE_ASSIGNMENT((#2580));
#2582=STYLED_ITEM('',(#2581),#2579);
#2583=DIRECTION('',(0.E0,6.545926994894E-11,1.E0));
#2584=VECTOR('',#2583,2.E-2);
#2585=CARTESIAN_POINT('',(-1.466760969694E0,-5.700634514731E-3,4.85E0));
#2586=LINE('',#2585,#2584);
#2587=CURVE_STYLE('',#1136,POSITIVE_LENGTH_MEASURE(2.E-2),#1130);
#2588=PRESENTATION_STYLE_ASSIGNMENT((#2587));
#2589=STYLED_ITEM('',(#2588),#2586);
#2590=DIRECTION('',(3.990852339485E-13,1.E0,0.E0));
#2591=VECTOR('',#2590,4.017091867061E-1);
#2592=CARTESIAN_POINT('',(-1.466760969694E0,-4.074098212195E-1,4.87E0));
#2593=LINE('',#2592,#2591);
#2594=CURVE_STYLE('',#1136,POSITIVE_LENGTH_MEASURE(2.E-2),#1130);
#2595=PRESENTATION_STYLE_ASSIGNMENT((#2594));
#2596=STYLED_ITEM('',(#2595),#2593);
#2597=CARTESIAN_POINT('',(-1.630903138047E0,1.388870194218E-1,4.87E0));
#2598=CARTESIAN_POINT('',(-1.630903138047E0,-3.664845822018E-1,4.87E0));
#2599=VERTEX_POINT('',#2597);
#2600=VERTEX_POINT('',#2598);
#2601=CARTESIAN_POINT('',(-1.568231069567E0,2.015590879005E-1,4.87E0));
#2602=VERTEX_POINT('',#2601);
#2603=CARTESIAN_POINT('',(-1.553069323960E0,1.996974596238E-1,4.87E0));
#2604=VERTEX_POINT('',#2603);
#2605=CARTESIAN_POINT('',(-8.402585260765E-1,2.197376698235E-2,4.87E0));
#2606=VERTEX_POINT('',#2605);
#2607=CARTESIAN_POINT('',(-8.402585260765E-1,-1.016998685396E-1,4.87E0));
#2608=VERTEX_POINT('',#2607);
#2609=CARTESIAN_POINT('',(-1.408343957442E0,3.993973750703E-2,4.87E0));
#2610=VERTEX_POINT('',#2609);
#2611=CARTESIAN_POINT('',(-1.419723380244E0,4.133695493894E-2,4.87E0));
#2612=VERTEX_POINT('',#2611);
#2613=CARTESIAN_POINT('',(-1.466760969694E0,-5.700634515674E-3,4.87E0));
#2614=VERTEX_POINT('',#2613);
#2615=CARTESIAN_POINT('',(-1.466760969694E0,-4.074098212195E-1,4.87E0));
#2616=VERTEX_POINT('',#2615);
#2617=CARTESIAN_POINT('',(-1.630903138047E0,-3.664845822018E-1,4.85E0));
#2618=VERTEX_POINT('',#2617);
#2619=CARTESIAN_POINT('',(-1.630903138047E0,1.388870194213E-1,4.85E0));
#2620=VERTEX_POINT('',#2619);
#2621=CARTESIAN_POINT('',(-1.466760969694E0,-4.074098212195E-1,4.85E0));
#2622=VERTEX_POINT('',#2621);
#2623=CARTESIAN_POINT('',(-1.466760969694E0,-5.700634514731E-3,4.85E0));
#2624=VERTEX_POINT('',#2623);
#2625=CARTESIAN_POINT('',(-1.408343957441E0,3.993973750694E-2,4.85E0));
#2626=VERTEX_POINT('',#2625);
#2627=CARTESIAN_POINT('',(-1.419723380246E0,4.133695493894E-2,4.85E0));
#2628=VERTEX_POINT('',#2627);
#2629=CARTESIAN_POINT('',(-8.402585260765E-1,-1.016998685396E-1,4.85E0));
#2630=VERTEX_POINT('',#2629);
#2631=CARTESIAN_POINT('',(-8.402585260765E-1,2.197376698236E-2,4.85E0));
#2632=VERTEX_POINT('',#2631);
#2633=CARTESIAN_POINT('',(-1.553069323959E0,1.996974596235E-1,4.85E0));
#2634=VERTEX_POINT('',#2633);
#2635=CARTESIAN_POINT('',(-1.568231069567E0,2.015590879005E-1,4.85E0));
#2636=VERTEX_POINT('',#2635);
#2637=CARTESIAN_POINT('',(-1.419723380244E0,-5.700634510725E-3,4.85E0));
#2638=DIRECTION('',(0.E0,0.E0,-1.E0));
#2639=DIRECTION('',(0.E0,-1.E0,0.E0));
#2640=AXIS2_PLACEMENT_3D('',#2637,#2638,#2639);
#2641=PLANE('',#2640);
#2643=ORIENTED_EDGE('',*,*,#2642,.T.);
#2645=ORIENTED_EDGE('',*,*,#2644,.T.);
#2647=ORIENTED_EDGE('',*,*,#2646,.T.);
#2649=ORIENTED_EDGE('',*,*,#2648,.T.);
#2651=ORIENTED_EDGE('',*,*,#2650,.T.);
#2653=ORIENTED_EDGE('',*,*,#2652,.T.);
#2655=ORIENTED_EDGE('',*,*,#2654,.T.);
#2657=ORIENTED_EDGE('',*,*,#2656,.T.);
#2659=ORIENTED_EDGE('',*,*,#2658,.T.);
#2661=ORIENTED_EDGE('',*,*,#2660,.T.);
#2662=EDGE_LOOP('',(#2643,#2645,#2647,#2649,#2651,#2653,#2655,#2657,#2659,
#2661));
#2663=FACE_OUTER_BOUND('',#2662,.F.);
#2665=FILL_AREA_STYLE_COLOUR('',#1130);
#2666=FILL_AREA_STYLE('',(#2665));
#2667=SURFACE_STYLE_FILL_AREA(#2666);
#2668=SURFACE_SIDE_STYLE('',(#2667));
#2669=SURFACE_STYLE_USAGE(.NEGATIVE.,#2668);
#2670=PRESENTATION_STYLE_ASSIGNMENT((#2669));
#2671=OVER_RIDING_STYLED_ITEM('',(#2670),#2664,#2392);
#2672=CARTESIAN_POINT('',(-1.630903138047E0,-3.664845822018E-1,4.89E0));
#2673=DIRECTION('',(2.419218955996E-1,9.702957262760E-1,0.E0));
#2674=DIRECTION('',(-9.702957262760E-1,2.419218955996E-1,0.E0));
#2675=AXIS2_PLACEMENT_3D('',#2672,#2673,#2674);
#2676=PLANE('',#2675);
#2678=ORIENTED_EDGE('',*,*,#2677,.F.);
#2680=ORIENTED_EDGE('',*,*,#2679,.T.);
#2681=ORIENTED_EDGE('',*,*,#2642,.F.);
#2683=ORIENTED_EDGE('',*,*,#2682,.F.);
#2684=EDGE_LOOP('',(#2678,#2680,#2681,#2683));
#2685=FACE_OUTER_BOUND('',#2684,.F.);
#2687=FILL_AREA_STYLE_COLOUR('',#1130);
#2688=FILL_AREA_STYLE('',(#2687));
#2689=SURFACE_STYLE_FILL_AREA(#2688);
#2690=SURFACE_SIDE_STYLE('',(#2689));
#2691=SURFACE_STYLE_USAGE(.NEGATIVE.,#2690);
#2692=PRESENTATION_STYLE_ASSIGNMENT((#2691));
#2693=OVER_RIDING_STYLED_ITEM('',(#2692),#2686,#2392);
#2694=CARTESIAN_POINT('',(-1.25E0,0.E0,4.87E0));
#2695=DIRECTION('',(0.E0,0.E0,1.E0));
#2696=DIRECTION('',(1.E0,0.E0,0.E0));
#2697=AXIS2_PLACEMENT_3D('',#2694,#2695,#2696);
#2698=PLANE('',#2697);
#2700=ORIENTED_EDGE('',*,*,#2699,.F.);
#2702=ORIENTED_EDGE('',*,*,#2701,.T.);
#2704=ORIENTED_EDGE('',*,*,#2703,.T.);
#2706=ORIENTED_EDGE('',*,*,#2705,.T.);
#2708=ORIENTED_EDGE('',*,*,#2707,.F.);
#2710=ORIENTED_EDGE('',*,*,#2709,.T.);
#2712=ORIENTED_EDGE('',*,*,#2711,.T.);
#2714=ORIENTED_EDGE('',*,*,#2713,.T.);
#2716=ORIENTED_EDGE('',*,*,#2715,.F.);
#2717=ORIENTED_EDGE('',*,*,#2677,.T.);
#2718=EDGE_LOOP('',(#2700,#2702,#2704,#2706,#2708,#2710,#2712,#2714,#2716,
#2717));
#2719=FACE_OUTER_BOUND('',#2718,.F.);
#2721=FILL_AREA_STYLE_COLOUR('',#7);
#2722=FILL_AREA_STYLE('',(#2721));
#2723=SURFACE_STYLE_FILL_AREA(#2722);
#2724=SURFACE_SIDE_STYLE('',(#2723));
#2725=SURFACE_STYLE_USAGE(.BOTH.,#2724);
#2726=PRESENTATION_STYLE_ASSIGNMENT((#2725));
#2727=OVER_RIDING_STYLED_ITEM('',(#2726),#2720,#2392);
#2728=CARTESIAN_POINT('',(-1.630903138047E0,1.388870194204E-1,4.89E0));
#2729=DIRECTION('',(1.E0,0.E0,0.E0));
#2730=DIRECTION('',(0.E0,0.E0,-1.E0));
#2731=AXIS2_PLACEMENT_3D('',#2728,#2729,#2730);
#2732=PLANE('',#2731);
#2733=ORIENTED_EDGE('',*,*,#2699,.T.);
#2734=ORIENTED_EDGE('',*,*,#2682,.T.);
#2735=ORIENTED_EDGE('',*,*,#2660,.F.);
#2737=ORIENTED_EDGE('',*,*,#2736,.F.);
#2738=EDGE_LOOP('',(#2733,#2734,#2735,#2737));
#2739=FACE_OUTER_BOUND('',#2738,.F.);
#2741=FILL_AREA_STYLE_COLOUR('',#1130);
#2742=FILL_AREA_STYLE('',(#2741));
#2743=SURFACE_STYLE_FILL_AREA(#2742);
#2744=SURFACE_SIDE_STYLE('',(#2743));
#2745=SURFACE_STYLE_USAGE(.NEGATIVE.,#2744);
#2746=PRESENTATION_STYLE_ASSIGNMENT((#2745));
#2747=OVER_RIDING_STYLED_ITEM('',(#2746),#2740,#2392);
#2748=CARTESIAN_POINT('',(-1.568231069567E0,1.388870194204E-1,4.89E0));
#2749=DIRECTION('',(0.E0,0.E0,-1.E0));
#2750=DIRECTION('',(0.E0,-1.E0,0.E0));
#2751=AXIS2_PLACEMENT_3D('',#2748,#2749,#2750);
#2752=CYLINDRICAL_SURFACE('',#2751,6.267206848010E-2);
#2753=ORIENTED_EDGE('',*,*,#2701,.F.);
#2754=ORIENTED_EDGE('',*,*,#2736,.T.);
#2755=ORIENTED_EDGE('',*,*,#2658,.F.);
#2756=ORIENTED_EDGE('',*,*,#2656,.F.);
#2758=ORIENTED_EDGE('',*,*,#2757,.T.);
#2759=ORIENTED_EDGE('',*,*,#2703,.F.);
#2760=EDGE_LOOP('',(#2753,#2754,#2755,#2756,#2758,#2759));
#2761=FACE_OUTER_BOUND('',#2760,.F.);
#2763=FILL_AREA_STYLE_COLOUR('',#1130);
#2764=FILL_AREA_STYLE('',(#2763));
#2765=SURFACE_STYLE_FILL_AREA(#2764);
#2766=SURFACE_SIDE_STYLE('',(#2765));
#2767=SURFACE_STYLE_USAGE(.NEGATIVE.,#2766);
#2768=PRESENTATION_STYLE_ASSIGNMENT((#2767));
#2769=OVER_RIDING_STYLED_ITEM('',(#2768),#2762,#2392);
#2770=CARTESIAN_POINT('',(-8.402585260765E-1,2.197376698237E-2,4.89E0));
#2771=DIRECTION('',(-2.419218955997E-1,-9.702957262760E-1,0.E0));
#2772=DIRECTION('',(9.702957262760E-1,-2.419218955997E-1,0.E0));
#2773=AXIS2_PLACEMENT_3D('',#2770,#2771,#2772);
#2774=PLANE('',#2773);
#2775=ORIENTED_EDGE('',*,*,#2705,.F.);
#2776=ORIENTED_EDGE('',*,*,#2757,.F.);
#2777=ORIENTED_EDGE('',*,*,#2654,.F.);
#2779=ORIENTED_EDGE('',*,*,#2778,.F.);
#2780=EDGE_LOOP('',(#2775,#2776,#2777,#2779));
#2781=FACE_OUTER_BOUND('',#2780,.F.);
#2783=FILL_AREA_STYLE_COLOUR('',#1130);
#2784=FILL_AREA_STYLE('',(#2783));
#2785=SURFACE_STYLE_FILL_AREA(#2784);
#2786=SURFACE_SIDE_STYLE('',(#2785));
#2787=SURFACE_STYLE_USAGE(.NEGATIVE.,#2786);
#2788=PRESENTATION_STYLE_ASSIGNMENT((#2787));
#2789=OVER_RIDING_STYLED_ITEM('',(#2788),#2782,#2392);
#2790=CARTESIAN_POINT('',(-8.402585260765E-1,-1.016998685396E-1,4.89E0));
#2791=DIRECTION('',(-1.E0,0.E0,0.E0));
#2792=DIRECTION('',(0.E0,0.E0,1.E0));
#2793=AXIS2_PLACEMENT_3D('',#2790,#2791,#2792);
#2794=PLANE('',#2793);
#2795=ORIENTED_EDGE('',*,*,#2707,.T.);
#2796=ORIENTED_EDGE('',*,*,#2778,.T.);
#2797=ORIENTED_EDGE('',*,*,#2652,.F.);
#2799=ORIENTED_EDGE('',*,*,#2798,.F.);
#2800=EDGE_LOOP('',(#2795,#2796,#2797,#2799));
#2801=FACE_OUTER_BOUND('',#2800,.F.);
#2803=FILL_AREA_STYLE_COLOUR('',#1130);
#2804=FILL_AREA_STYLE('',(#2803));
#2805=SURFACE_STYLE_FILL_AREA(#2804);
#2806=SURFACE_SIDE_STYLE('',(#2805));
#2807=SURFACE_STYLE_USAGE(.NEGATIVE.,#2806);
#2808=PRESENTATION_STYLE_ASSIGNMENT((#2807));
#2809=OVER_RIDING_STYLED_ITEM('',(#2808),#2802,#2392);
#2810=CARTESIAN_POINT('',(-1.408343957440E0,3.993973750660E-2,4.89E0));
#2811=DIRECTION('',(2.419218955997E-1,9.702957262760E-1,0.E0));
#2812=DIRECTION('',(-9.702957262760E-1,2.419218955997E-1,0.E0));
#2813=AXIS2_PLACEMENT_3D('',#2810,#2811,#2812);
#2814=PLANE('',#2813);
#2815=ORIENTED_EDGE('',*,*,#2709,.F.);
#2816=ORIENTED_EDGE('',*,*,#2798,.T.);
#2817=ORIENTED_EDGE('',*,*,#2650,.F.);
#2819=ORIENTED_EDGE('',*,*,#2818,.F.);
#2820=EDGE_LOOP('',(#2815,#2816,#2817,#2819));
#2821=FACE_OUTER_BOUND('',#2820,.F.);
#2823=FILL_AREA_STYLE_COLOUR('',#1130);
#2824=FILL_AREA_STYLE('',(#2823));
#2825=SURFACE_STYLE_FILL_AREA(#2824);
#2826=SURFACE_SIDE_STYLE('',(#2825));
#2827=SURFACE_STYLE_USAGE(.NEGATIVE.,#2826);
#2828=PRESENTATION_STYLE_ASSIGNMENT((#2827));
#2829=OVER_RIDING_STYLED_ITEM('',(#2828),#2822,#2392);
#2830=CARTESIAN_POINT('',(-1.419723380244E0,-5.700634510725E-3,4.89E0));
#2831=DIRECTION('',(0.E0,0.E0,-1.E0));
#2832=DIRECTION('',(0.E0,-1.E0,0.E0));
#2833=AXIS2_PLACEMENT_3D('',#2830,#2831,#2832);
#2834=CYLINDRICAL_SURFACE('',#2833,4.703758944966E-2);
#2835=ORIENTED_EDGE('',*,*,#2711,.F.);
#2836=ORIENTED_EDGE('',*,*,#2818,.T.);
#2837=ORIENTED_EDGE('',*,*,#2648,.F.);
#2838=ORIENTED_EDGE('',*,*,#2646,.F.);
#2840=ORIENTED_EDGE('',*,*,#2839,.T.);
#2841=ORIENTED_EDGE('',*,*,#2713,.F.);
#2842=EDGE_LOOP('',(#2835,#2836,#2837,#2838,#2840,#2841));
#2843=FACE_OUTER_BOUND('',#2842,.F.);
#2845=FILL_AREA_STYLE_COLOUR('',#1130);
#2846=FILL_AREA_STYLE('',(#2845));
#2847=SURFACE_STYLE_FILL_AREA(#2846);
#2848=SURFACE_SIDE_STYLE('',(#2847));
#2849=SURFACE_STYLE_USAGE(.NEGATIVE.,#2848);
#2850=PRESENTATION_STYLE_ASSIGNMENT((#2849));
#2851=OVER_RIDING_STYLED_ITEM('',(#2850),#2844,#2392);
#2852=CARTESIAN_POINT('',(-1.466760969694E0,-4.074098212195E-1,4.89E0));
#2853=DIRECTION('',(-1.E0,0.E0,0.E0));
#2854=DIRECTION('',(0.E0,0.E0,1.E0));
#2855=AXIS2_PLACEMENT_3D('',#2852,#2853,#2854);
#2856=PLANE('',#2855);
#2857=ORIENTED_EDGE('',*,*,#2715,.T.);
#2858=ORIENTED_EDGE('',*,*,#2839,.F.);
#2859=ORIENTED_EDGE('',*,*,#2644,.F.);
#2860=ORIENTED_EDGE('',*,*,#2679,.F.);
#2861=EDGE_LOOP('',(#2857,#2858,#2859,#2860));
#2862=FACE_OUTER_BOUND('',#2861,.F.);
#2864=FILL_AREA_STYLE_COLOUR('',#1130);
#2865=FILL_AREA_STYLE('',(#2864));
#2866=SURFACE_STYLE_FILL_AREA(#2865);
#2867=SURFACE_SIDE_STYLE('',(#2866));
#2868=SURFACE_STYLE_USAGE(.NEGATIVE.,#2867);
#2869=PRESENTATION_STYLE_ASSIGNMENT((#2868));
#2870=OVER_RIDING_STYLED_ITEM('',(#2869),#2863,#2392);
#2871=CLOSED_SHELL('',(#2664,#2686,#2720,#2740,#2762,#2782,#2802,#2822,#2844,
#2863));
#2872=MANIFOLD_SOLID_BREP('',#2871);
#2873=FILL_AREA_STYLE_COLOUR('',#1130);
#2874=FILL_AREA_STYLE('',(#2873));
#2875=SURFACE_STYLE_FILL_AREA(#2874);
#2876=SURFACE_SIDE_STYLE('',(#2875));
#2877=SURFACE_STYLE_USAGE(.POSITIVE.,#2876);
#2878=PRESENTATION_STYLE_ASSIGNMENT((#2877));
#2392=STYLED_ITEM('',(#2878),#2872);
#2881=PLANE_ANGLE_MEASURE_WITH_UNIT(PLANE_ANGLE_MEASURE(1.745329251994E-2),
#2880);
#2882=(CONVERSION_BASED_UNIT('DEGREE',#2881)NAMED_UNIT(*)PLANE_ANGLE_UNIT());
#2884=UNCERTAINTY_MEASURE_WITH_UNIT(LENGTH_MEASURE(1.446684089758E-4),#2879,
'closure',
'Maximum model space distance between geometric entities at asserted connectivities');
#2886=CARTESIAN_POINT('',(0.E0,0.E0,0.E0));
#2887=DIRECTION('',(0.E0,0.E0,1.E0));
#2888=DIRECTION('',(1.E0,0.E0,0.E0));
#2891=PRODUCT_CONTEXT('',#1065,'mechanical');
#2892=PRODUCT('SMALL05','SMALL05','NOT SPECIFIED',(#2891));
#2893=PRODUCT_DEFINITION_FORMATION_WITH_SPECIFIED_SOURCE('1','LAST_VERSION',
#2892,.MADE.);
#2901=DERIVED_UNIT_ELEMENT(#2900,2.E0);
#2902=AREA_UNIT((#2901));
#2903=MEASURE_REPRESENTATION_ITEM('surface area measure',AREA_MEASURE(
1.144513028360E0),#2902);
#2908=DERIVED_UNIT_ELEMENT(#2907,3.E0);
#2909=VOLUME_UNIT((#2908));
#2910=MEASURE_REPRESENTATION_ITEM('volume measure',VOLUME_MEASURE(
9.750704978080E-3),#2909);
#2914=CARTESIAN_POINT('centre point',(-1.243381527138E0,-3.903994491936E-1,
4.86E0));
#2919=DERIVED_UNIT_ELEMENT(#2918,2.E0);
#2920=AREA_UNIT((#2919));
#2921=MEASURE_REPRESENTATION_ITEM('surface area measure',AREA_MEASURE(
1.144513028360E0),#2920);
#2926=DERIVED_UNIT_ELEMENT(#2925,3.E0);
#2927=VOLUME_UNIT((#2926));
#2928=MEASURE_REPRESENTATION_ITEM('volume measure',VOLUME_MEASURE(
9.750704978080E-3),#2927);
#2932=CARTESIAN_POINT('centre point',(-1.243381527138E0,-3.903994491936E-1,
4.86E0));
#2939=CARTESIAN_POINT('centre point',(1.754115206758E0,3.191E1,
-7.193589881631E-1));
#2943=CARTESIAN_POINT('',(1.367119398054E0,2.705E1,-1.963804083779E0));
#2944=DIRECTION('',(0.E0,1.E0,0.E0));
#2945=DIRECTION('',(2.736230963145E-3,0.E0,-9.999962565131E-1));
#2946=AXIS2_PLACEMENT_3D('',#2943,#2944,#2945);
#2947=ITEM_DEFINED_TRANSFORMATION('','',#2889,#2946);
#2948=(REPRESENTATION_RELATIONSHIP('','',#2890,#1116)REPRESENTATION_RELATIONSHIP_WITH_TRANSFORMATION(#2947)SHAPE_REPRESENTATION_RELATIONSHIP());
#2949=CONTEXT_DEPENDENT_SHAPE_REPRESENTATION(#2948,#2938);
#2952=PLANE_ANGLE_MEASURE_WITH_UNIT(PLANE_ANGLE_MEASURE(1.745329251994E-2),
#2951);
#2953=(CONVERSION_BASED_UNIT('DEGREE',#2952)NAMED_UNIT(*)PLANE_ANGLE_UNIT());
#2955=UNCERTAINTY_MEASURE_WITH_UNIT(LENGTH_MEASURE(3.231111069522E-3),#2950,
'closure',
'Maximum model space distance between geometric entities at asserted connectivities');
#2957=CARTESIAN_POINT('',(0.E0,0.E0,0.E0));
#2958=DIRECTION('',(0.E0,0.E0,1.E0));
#2959=DIRECTION('',(1.E0,0.E0,0.E0));
#2961=MECHANICAL_DESIGN_GEOMETRIC_PRESENTATION_REPRESENTATION('',(#438,#460,
#480,#509,#531,#551,#568,#590,#610,#627,#649,#672,#694,#716,#741,#807,#842,#876,
#899,#924,#946,#970,#993,#1012,#1031,#1050,#1139,#1146,#1154,#1161,#1168,#1175,
#1182,#1190,#1198,#1205,#1212,#1219,#1227,#1235,#1242,#1250,#1258,#1265,#1272,
#1279,#1286,#1294,#1302,#1310,#1318,#1325,#1332,#1340,#1348,#1355,#1362,#1370,
#1377,#1384,#1391,#1398,#1405,#1412,#1419,#1426,#1433,#1440,#1447,#1454,#1461,
#1468,#1475,#1482,#1489,#1496,#1503,#1510,#1517,#1524,#1713,#1131,#1929,#1936,
#1943,#1950,#1957,#1964,#1971,#1978,#1985,#1992,#1999,#2006,#2045,#2067,#2088,
#2109,#2129,#2148,#1922,#2164,#2171,#2178,#2185,#2192,#2199,#2206,#2213,#2220,
#2227,#2234,#2241,#2280,#2302,#2323,#2344,#2364,#2383,#2157,#2399,#2406,#2414,
#2422,#2429,#2436,#2443,#2451,#2459,#2466,#2473,#2481,#2489,#2496,#2503,#2511,
#2519,#2526,#2533,#2540,#2547,#2554,#2561,#2568,#2575,#2582,#2589,#2596,#2671,
#2693,#2727,#2747,#2769,#2789,#2809,#2829,#2851,#2870,#2392),#2956);
#2962=PRODUCT_DEFINITION_CONTEXT('',#1065,'design');
#2963=PRODUCT_CONTEXT('',#1065,'mechanical');
#2964=PRODUCT('03551100_ASM','03551100_ASM','NOT SPECIFIED',(#2963));
#2965=PRODUCT_DEFINITION_FORMATION_WITH_SPECIFIED_SOURCE('1','LAST_VERSION',
#2964,.MADE.);
#2968=DERIVED_UNIT_ELEMENT(#2967,2.E0);
#2969=AREA_UNIT((#2968));
#2970=MEASURE_REPRESENTATION_ITEM('surface area measure',AREA_MEASURE(
1.625780366913E2),#2969);
#2975=DERIVED_UNIT_ELEMENT(#2974,3.E0);
#2976=VOLUME_UNIT((#2975));
#2977=MEASURE_REPRESENTATION_ITEM('volume measure',VOLUME_MEASURE(
7.485904374013E1),#2976);
#2981=CARTESIAN_POINT('centre point',(1.774994009001E0,2.704689527491E1,
-1.780694528168E0));
#1=DRAUGHTING_PRE_DEFINED_COLOUR('green');
#2=COLOUR_RGB('',1.1E-2,1.2E-2,1.E0);
#3=COLOUR_RGB('',1.607843137255E-1,1.607843137255E-1,1.803921568627E-1);
#4=COLOUR_RGB('',2.392156862745E-1,2.509803921569E-1,2.588235294118E-1);
#5=COLOUR_RGB('',4.1E-1,2.61589E-1,1.12848E-1);
#6=COLOUR_RGB('',5.04854E-1,1.5455E-2,1.5455E-2);
#7=COLOUR_RGB('',6.274509803922E-1,2.862745098039E-1,0.E0);
#8=COLOUR_RGB('',6.35294E-1,6.86275E-1,7.4902E-1);
#9=COLOUR_RGB('',6.40777E-1,6.40777E-1,6.40777E-1);
#10=COLOUR_RGB('',6.69062E-1,6.69903E-1,6.55217E-1);
#11=COLOUR_RGB('',8.196078431373E-1,8.117647058824E-1,8.117647058824E-1);
#12=COLOUR_RGB('',9.21569E-1,7.05882E-1,4.70588E-1);
#13=DRAUGHTING_PRE_DEFINED_COLOUR('red');
#14=DRAUGHTING_PRE_DEFINED_COLOUR('yellow');
#15=COLOUR_RGB('',1.E0,1.E0,5.3E-1);
#16=COLOUR_RGB('',1.E0,1.E0,9.49E-1);
#17=DRAUGHTING_PRE_DEFINED_COLOUR('white');
#18=COLOUR_RGB('',6.274509803922E-1,2.9E-1,0.E0);
#23=CIRCLE('',#22,1.4E0);
#28=CIRCLE('',#27,1.4E0);
#33=CIRCLE('',#32,1.575E0);
#38=CIRCLE('',#37,1.575E0);
#51=CIRCLE('',#50,1.4E0);
#56=CIRCLE('',#55,1.4E0);
#61=CIRCLE('',#60,2.25E-1);
#66=CIRCLE('',#65,2.25E-1);
#71=CIRCLE('',#70,2.25E-1);
#76=CIRCLE('',#75,2.25E-1);
#89=CIRCLE('',#88,2.25E-1);
#94=CIRCLE('',#93,2.25E-1);
#107=CIRCLE('',#106,2.25E-1);
#112=CIRCLE('',#111,2.25E-1);
#117=CIRCLE('',#116,2.E-1);
#122=CIRCLE('',#121,1.775E0);
#131=CIRCLE('',#130,1.775E0);
#140=CIRCLE('',#139,1.5E-1);
#145=CIRCLE('',#144,1.625E0);
#150=CIRCLE('',#149,1.5E-1);
#155=B_SPLINE_CURVE_WITH_KNOTS('',3,(#151,#152,#153,#154),.UNSPECIFIED.,.F.,.F.,
(4,4),(0.E0,1.E0),.UNSPECIFIED.);
#184=CIRCLE('',#183,1.625E0);
#189=CIRCLE('',#188,1.625E0);
#194=CIRCLE('',#193,1.625E0);
#223=CIRCLE('',#222,1.775E0);
#228=CIRCLE('',#227,1.775E0);
#233=CIRCLE('',#232,1.775E0);
#242=CIRCLE('',#241,1.775E0);
#251=CIRCLE('',#250,1.775E0);
#256=CIRCLE('',#255,1.775E0);
#261=CIRCLE('',#260,1.641666666667E0);
#266=CIRCLE('',#265,1.775E0);
#271=CIRCLE('',#270,4.E-1);
#276=CIRCLE('',#275,1.641666666667E0);
#281=CIRCLE('',#280,1.775E0);
#286=CIRCLE('',#285,4.E-1);
#291=CIRCLE('',#290,1.641666666667E0);
#296=CIRCLE('',#295,2.E-1);
#301=CIRCLE('',#300,1.641666666667E0);
#306=CIRCLE('',#305,1.641666666667E0);
#311=CIRCLE('',#310,2.E-1);
#316=CIRCLE('',#315,1.641666666667E0);
#321=CIRCLE('',#320,4.E-1);
#326=CIRCLE('',#325,4.E-1);
#331=CIRCLE('',#330,2.E-1);
#419=EDGE_CURVE('',#394,#395,#33,.T.);
#421=EDGE_CURVE('',#395,#394,#38,.T.);
#425=EDGE_CURVE('',#370,#371,#23,.T.);
#427=EDGE_CURVE('',#371,#370,#28,.T.);
#431=ADVANCED_FACE('',(#424,#430),#418,.F.);
#445=EDGE_CURVE('',#370,#366,#42,.T.);
#447=EDGE_CURVE('',#366,#367,#51,.T.);
#449=EDGE_CURVE('',#371,#367,#46,.T.);
#453=ADVANCED_FACE('',(#452),#443,.F.);
#468=EDGE_CURVE('',#367,#366,#56,.T.);
#473=ADVANCED_FACE('',(#472),#465,.F.);
#490=EDGE_CURVE('',#378,#379,#61,.T.);
#492=EDGE_CURVE('',#379,#378,#66,.T.);
#496=EDGE_CURVE('',#386,#387,#71,.T.);
#498=EDGE_CURVE('',#387,#386,#76,.T.);
#502=ADVANCED_FACE('',(#489,#495,#501),#485,.T.);
#516=EDGE_CURVE('',#378,#374,#80,.T.);
#518=EDGE_CURVE('',#374,#375,#89,.T.);
#520=EDGE_CURVE('',#379,#375,#84,.T.);
#524=ADVANCED_FACE('',(#523),#514,.T.);
#539=EDGE_CURVE('',#375,#374,#94,.T.);
#544=ADVANCED_FACE('',(#543),#536,.T.);
#561=ADVANCED_FACE('',(#560),#556,.T.);
#575=EDGE_CURVE('',#386,#382,#98,.T.);
#577=EDGE_CURVE('',#382,#383,#107,.T.);
#579=EDGE_CURVE('',#387,#383,#102,.T.);
#583=ADVANCED_FACE('',(#582),#573,.T.);
#598=EDGE_CURVE('',#383,#382,#112,.T.);
#603=ADVANCED_FACE('',(#602),#595,.T.);
#620=ADVANCED_FACE('',(#619),#615,.T.);
#633=EDGE_CURVE('',#390,#391,#131,.T.);
#635=EDGE_CURVE('',#391,#395,#331,.T.);
#638=EDGE_CURVE('',#390,#394,#117,.T.);
#642=ADVANCED_FACE('',(#641),#632,.T.);
#655=EDGE_CURVE('',#334,#335,#122,.T.);
#657=EDGE_CURVE('',#361,#334,#237,.T.);
#659=EDGE_CURVE('',#354,#361,#266,.T.);
#661=EDGE_CURVE('',#354,#335,#126,.T.);
#665=ADVANCED_FACE('',(#664),#654,.T.);
#679=EDGE_CURVE('',#390,#351,#135,.T.);
#681=EDGE_CURVE('',#348,#351,#281,.T.);
#683=EDGE_CURVE('',#391,#348,#246,.T.);
#687=ADVANCED_FACE('',(#686),#677,.T.);
#701=EDGE_CURVE('',#335,#339,#150,.T.);
#703=EDGE_CURVE('',#338,#339,#189,.T.);
#705=EDGE_CURVE('',#334,#338,#140,.T.);
#709=ADVANCED_FACE('',(#708),#699,.T.);
#722=EDGE_CURVE('',#413,#408,#145,.T.);
#724=EDGE_CURVE('',#339,#408,#194,.T.);
#727=EDGE_CURVE('',#335,#334,#223,.T.);
#730=EDGE_CURVE('',#413,#338,#184,.T.);
#734=ADVANCED_FACE('',(#733),#721,.T.);
#748=EDGE_CURVE('',#413,#405,#155,.T.);
#750=EDGE_CURVE('',#405,#408,#159,.T.);
#754=ADVANCED_FACE('',(#753),#746,.F.);
#761=EDGE_CURVE('',#413,#403,#163,.T.);
#763=EDGE_CURVE('',#403,#398,#206,.T.);
#765=EDGE_CURVE('',#405,#398,#198,.T.);
#769=ADVANCED_FACE('',(#768),#759,.T.);
#775=EDGE_CURVE('',#411,#413,#179,.T.);
#777=EDGE_CURVE('',#411,#401,#167,.T.);
#779=EDGE_CURVE('',#401,#403,#210,.T.);
#784=ADVANCED_FACE('',(#783),#774,.T.);
#790=EDGE_CURVE('',#408,#409,#171,.T.);
#792=EDGE_CURVE('',#409,#411,#175,.T.);
#800=ADVANCED_FACE('',(#799),#789,.T.);
#816=EDGE_CURVE('',#398,#399,#202,.T.);
#818=EDGE_CURVE('',#409,#399,#218,.T.);
#822=ADVANCED_FACE('',(#821),#812,.T.);
#831=EDGE_CURVE('',#399,#401,#214,.T.);
#835=ADVANCED_FACE('',(#834),#827,.T.);
#854=ADVANCED_FACE('',(#853),#847,.T.);
#862=EDGE_CURVE('',#354,#355,#228,.T.);
#864=EDGE_CURVE('',#355,#361,#233,.T.);
#869=ADVANCED_FACE('',(#868),#859,.T.);
#882=EDGE_CURVE('',#391,#390,#242,.T.);
#885=EDGE_CURVE('',#348,#349,#251,.T.);
#887=EDGE_CURVE('',#349,#351,#256,.T.);
#892=ADVANCED_FACE('',(#891),#881,.T.);
#905=EDGE_CURVE('',#363,#358,#261,.T.);
#907=EDGE_CURVE('',#358,#355,#321,.T.);
#911=EDGE_CURVE('',#359,#361,#271,.T.);
#913=EDGE_CURVE('',#359,#363,#301,.T.);
#917=ADVANCED_FACE('',(#916),#904,.T.);
#930=EDGE_CURVE('',#345,#342,#276,.T.);
#932=EDGE_CURVE('',#358,#345,#311,.T.);
#935=EDGE_CURVE('',#342,#363,#296,.T.);
#939=ADVANCED_FACE('',(#938),#929,.F.);
#953=EDGE_CURVE('',#342,#343,#291,.T.);
#955=EDGE_CURVE('',#343,#348,#326,.T.);
#959=EDGE_CURVE('',#345,#349,#286,.T.);
#963=ADVANCED_FACE('',(#962),#951,.T.);
#979=EDGE_CURVE('',#358,#359,#306,.T.);
#982=EDGE_CURVE('',#343,#345,#316,.T.);
#986=ADVANCED_FACE('',(#985),#975,.F.);
#1005=ADVANCED_FACE('',(#1004),#998,.T.);
#1024=ADVANCED_FACE('',(#1023),#1017,.T.);
#1043=ADVANCED_FACE('',(#1042),#1036,.T.);
#1053=(LENGTH_UNIT()NAMED_UNIT(*)SI_UNIT(.MILLI.,.METRE.));
#1054=(NAMED_UNIT(*)PLANE_ANGLE_UNIT()SI_UNIT($,.RADIAN.));
#1057=(NAMED_UNIT(*)SI_UNIT($,.STERADIAN.)SOLID_ANGLE_UNIT());
#1059=(GEOMETRIC_REPRESENTATION_CONTEXT(3)GLOBAL_UNCERTAINTY_ASSIGNED_CONTEXT((
#1058))GLOBAL_UNIT_ASSIGNED_CONTEXT((#1053,#1056,#1057))REPRESENTATION_CONTEXT(
'ID1','3'));
#1063=AXIS2_PLACEMENT_3D('',#1060,#1061,#1062);
#1064=ADVANCED_BREP_SHAPE_REPRESENTATION('',(#1063,#1052),#1059);
#1071=PRODUCT_DEFINITION('design','',#1070,#1067);
#1072=PRODUCT_DEFINITION_SHAPE('','SHAPE FOR 03551100.',#1071);
#1073=SHAPE_ASPECT('','solid data associated with 03551100',#1072,.F.);
#1074=PROPERTY_DEFINITION('',
'shape for solid data with which properties are associated',#1073);
#1075=SHAPE_REPRESENTATION('',(#1052),#1059);
#1076=SHAPE_DEFINITION_REPRESENTATION(#1074,#1075);
#1077=(LENGTH_UNIT()NAMED_UNIT(*)SI_UNIT(.MILLI.,.METRE.));
#1081=PROPERTY_DEFINITION('geometric validation property','area of 03551100',
#1073);
#1082=REPRESENTATION('surface area',(#1080),#1059);
#1083=PROPERTY_DEFINITION_REPRESENTATION(#1081,#1082);
#1084=(LENGTH_UNIT()NAMED_UNIT(*)SI_UNIT(.MILLI.,.METRE.));
#1088=PROPERTY_DEFINITION('geometric validation property','volume of 03551100',
#1073);
#1089=REPRESENTATION('volume',(#1087),#1059);
#1090=PROPERTY_DEFINITION_REPRESENTATION(#1088,#1089);
#1092=PROPERTY_DEFINITION('geometric validation property',
'centroid of 03551100',#1073);
#1093=REPRESENTATION('centroid',(#1091),#1059);
#1094=PROPERTY_DEFINITION_REPRESENTATION(#1092,#1093);
#1095=(LENGTH_UNIT()NAMED_UNIT(*)SI_UNIT(.MILLI.,.METRE.));
#1099=PROPERTY_DEFINITION('geometric validation property','area of 03551100',
#1072);
#1100=REPRESENTATION('surface area',(#1098),#1059);
#1101=PROPERTY_DEFINITION_REPRESENTATION(#1099,#1100);
#1102=(LENGTH_UNIT()NAMED_UNIT(*)SI_UNIT(.MILLI.,.METRE.));
#1106=PROPERTY_DEFINITION('geometric validation property','volume of 03551100',
#1072);
#1107=REPRESENTATION('volume',(#1105),#1059);
#1108=PROPERTY_DEFINITION_REPRESENTATION(#1106,#1107);
#1110=PROPERTY_DEFINITION('geometric validation property',
'centroid of 03551100',#1072);
#1111=REPRESENTATION('centroid',(#1109),#1059);
#1112=PROPERTY_DEFINITION_REPRESENTATION(#1110,#1111);
#1113=SHAPE_DEFINITION_REPRESENTATION(#1072,#1064);
#1114=SHAPE_DEFINITION_REPRESENTATION(#1115,#1116);
#1115=PRODUCT_DEFINITION_SHAPE('','SHAPE FOR 03551100_ASM.',#2966);
#1116=SHAPE_REPRESENTATION('',(#1126,#2946,#2960),#2956);
#1117=NEXT_ASSEMBLY_USAGE_OCCURRENCE('2','Next assembly relationship',
'03551100',#2966,#1071,$);
#1118=PRODUCT_DEFINITION_SHAPE('Placement #2',
'Placement of 03551100 with respect to 03551100_ASM',#1117);
#1120=PROPERTY_DEFINITION('geometric validation property',
'centroid of 03551100',#1118);
#1121=REPRESENTATION('centroid',(#1119),#1059);
#1122=PROPERTY_DEFINITION_REPRESENTATION(#1120,#1121);
#1130=COLOUR_RGB('',1.8E-1,1.8E-1,1.8E-1);
#1151=CIRCLE('',#1150,4.924747616415E-2);
#1187=CIRCLE('',#1186,2.916076253911E-2);
#1195=CIRCLE('',#1194,2.916076253911E-2);
#1224=CIRCLE('',#1223,6.792970372960E-2);
#1232=CIRCLE('',#1231,6.792970372960E-2);
#1247=CIRCLE('',#1246,2.198794314836E-2);
#1255=CIRCLE('',#1254,2.198794314836E-2);
#1291=CIRCLE('',#1290,2.198794314836E-2);
#1299=CIRCLE('',#1298,2.198794314836E-2);
#1307=CIRCLE('',#1306,6.792970372960E-2);
#1315=CIRCLE('',#1314,6.792970372960E-2);
#1337=CIRCLE('',#1336,2.916076253911E-2);
#1345=CIRCLE('',#1344,2.916076253911E-2);
#1367=CIRCLE('',#1366,4.924747616415E-2);
#1606=EDGE_CURVE('',#1564,#1568,#1135,.T.);
#1608=EDGE_CURVE('',#1568,#1570,#1143,.T.);
#1610=EDGE_CURVE('',#1570,#1572,#1151,.T.);
#1612=EDGE_CURVE('',#1572,#1574,#1158,.T.);
#1614=EDGE_CURVE('',#1574,#1576,#1165,.T.);
#1616=EDGE_CURVE('',#1576,#1578,#1172,.T.);
#1618=EDGE_CURVE('',#1578,#1580,#1179,.T.);
#1620=EDGE_CURVE('',#1580,#1584,#1187,.T.);
#1622=EDGE_CURVE('',#1584,#1582,#1195,.T.);
#1624=EDGE_CURVE('',#1582,#1586,#1202,.T.);
#1626=EDGE_CURVE('',#1586,#1588,#1209,.T.);
#1628=EDGE_CURVE('',#1588,#1590,#1216,.T.);
#1630=EDGE_CURVE('',#1590,#1594,#1224,.T.);
#1632=EDGE_CURVE('',#1594,#1592,#1232,.T.);
#1634=EDGE_CURVE('',#1592,#1596,#1239,.T.);
#1636=EDGE_CURVE('',#1596,#1600,#1247,.T.);
#1638=EDGE_CURVE('',#1600,#1598,#1255,.T.);
#1640=EDGE_CURVE('',#1598,#1566,#1262,.T.);
#1642=EDGE_CURVE('',#1566,#1564,#1269,.T.);
#1646=ADVANCED_FACE('',(#1645),#1605,.F.);
#1652=EDGE_CURVE('',#1562,#1528,#1374,.T.);
#1654=EDGE_CURVE('',#1562,#1568,#1276,.T.);
#1657=EDGE_CURVE('',#1528,#1564,#1388,.T.);
#1661=ADVANCED_FACE('',(#1660),#1651,.F.);
#1667=EDGE_CURVE('',#1527,#1528,#1381,.T.);
#1669=EDGE_CURVE('',#1527,#1530,#1283,.T.);
#1671=EDGE_CURVE('',#1530,#1532,#1291,.T.);
#1673=EDGE_CURVE('',#1532,#1534,#1299,.T.);
#1675=EDGE_CURVE('',#1536,#1534,#1416,.T.);
#1677=EDGE_CURVE('',#1536,#1538,#1307,.T.);
#1679=EDGE_CURVE('',#1538,#1540,#1315,.T.);
#1681=EDGE_CURVE('',#1540,#1542,#1322,.T.);
#1683=EDGE_CURVE('',#1544,#1542,#1437,.T.);
#1685=EDGE_CURVE('',#1544,#1546,#1329,.T.);
#1687=EDGE_CURVE('',#1546,#1548,#1337,.T.);
#1689=EDGE_CURVE('',#1548,#1550,#1345,.T.);
#1691=EDGE_CURVE('',#1552,#1550,#1472,.T.);
#1693=EDGE_CURVE('',#1552,#1554,#1352,.T.);
#1695=EDGE_CURVE('',#1556,#1554,#1486,.T.);
#1697=EDGE_CURVE('',#1556,#1558,#1359,.T.);
#1699=EDGE_CURVE('',#1558,#1560,#1367,.T.);
#1701=EDGE_CURVE('',#1562,#1560,#1521,.T.);
#1706=ADVANCED_FACE('',(#1705),#1666,.T.);
#1722=EDGE_CURVE('',#1527,#1566,#1395,.T.);
#1726=ADVANCED_FACE('',(#1725),#1718,.F.);
#1735=EDGE_CURVE('',#1530,#1598,#1402,.T.);
#1739=ADVANCED_FACE('',(#1738),#1731,.F.);
#1749=EDGE_CURVE('',#1596,#1534,#1409,.T.);
#1754=ADVANCED_FACE('',(#1753),#1744,.F.);
#1763=EDGE_CURVE('',#1536,#1592,#1423,.T.);
#1767=ADVANCED_FACE('',(#1766),#1759,.F.);
#1777=EDGE_CURVE('',#1590,#1540,#1430,.T.);
#1782=ADVANCED_FACE('',(#1781),#1772,.T.);
#1791=EDGE_CURVE('',#1542,#1588,#1444,.T.);
#1795=ADVANCED_FACE('',(#1794),#1787,.F.);
#1804=EDGE_CURVE('',#1544,#1586,#1451,.T.);
#1808=ADVANCED_FACE('',(#1807),#1800,.F.);
#1817=EDGE_CURVE('',#1546,#1582,#1458,.T.);
#1821=ADVANCED_FACE('',(#1820),#1813,.F.);
#1831=EDGE_CURVE('',#1580,#1550,#1465,.T.);
#1836=ADVANCED_FACE('',(#1835),#1826,.F.);
#1845=EDGE_CURVE('',#1552,#1578,#1479,.T.);
#1849=ADVANCED_FACE('',(#1848),#1841,.F.);
#1858=EDGE_CURVE('',#1554,#1576,#1493,.T.);
#1862=ADVANCED_FACE('',(#1861),#1854,.F.);
#1871=EDGE_CURVE('',#1556,#1574,#1500,.T.);
#1875=ADVANCED_FACE('',(#1874),#1867,.F.);
#1884=EDGE_CURVE('',#1558,#1572,#1507,.T.);
#1888=ADVANCED_FACE('',(#1887),#1880,.F.);
#1897=EDGE_CURVE('',#1570,#1560,#1514,.T.);
#1901=ADVANCED_FACE('',(#1900),#1893,.T.);
#1913=ADVANCED_FACE('',(#1912),#1906,.F.);
#2028=EDGE_CURVE('',#2009,#2010,#1940,.T.);
#2030=EDGE_CURVE('',#2009,#2012,#1926,.T.);
#2032=EDGE_CURVE('',#2014,#2012,#1961,.T.);
#2034=EDGE_CURVE('',#2014,#2010,#1933,.T.);
#2038=ADVANCED_FACE('',(#2037),#2027,.T.);
#2052=EDGE_CURVE('',#2010,#2016,#1947,.T.);
#2054=EDGE_CURVE('',#2018,#2016,#2003,.T.);
#2056=EDGE_CURVE('',#2009,#2018,#1975,.T.);
#2060=ADVANCED_FACE('',(#2059),#2050,.F.);
#2074=EDGE_CURVE('',#2014,#2020,#1954,.T.);
#2076=EDGE_CURVE('',#2016,#2020,#1982,.T.);
#2081=ADVANCED_FACE('',(#2080),#2072,.F.);
#2095=EDGE_CURVE('',#2012,#2022,#1968,.T.);
#2097=EDGE_CURVE('',#2020,#2022,#1989,.T.);
#2102=ADVANCED_FACE('',(#2101),#2093,.F.);
#2117=EDGE_CURVE('',#2022,#2018,#1996,.T.);
#2122=ADVANCED_FACE('',(#2121),#2114,.F.);
#2141=ADVANCED_FACE('',(#2140),#2134,.F.);
#2263=EDGE_CURVE('',#2244,#2245,#2175,.T.);
#2265=EDGE_CURVE('',#2244,#2247,#2161,.T.);
#2267=EDGE_CURVE('',#2249,#2247,#2196,.T.);
#2269=EDGE_CURVE('',#2249,#2245,#2168,.T.);
#2273=ADVANCED_FACE('',(#2272),#2262,.T.);
#2287=EDGE_CURVE('',#2245,#2251,#2182,.T.);
#2289=EDGE_CURVE('',#2253,#2251,#2238,.T.);
#2291=EDGE_CURVE('',#2244,#2253,#2210,.T.);
#2295=ADVANCED_FACE('',(#2294),#2285,.F.);
#2309=EDGE_CURVE('',#2249,#2255,#2189,.T.);
#2311=EDGE_CURVE('',#2251,#2255,#2217,.T.);
#2316=ADVANCED_FACE('',(#2315),#2307,.F.);
#2330=EDGE_CURVE('',#2247,#2257,#2203,.T.);
#2332=EDGE_CURVE('',#2255,#2257,#2224,.T.);
#2337=ADVANCED_FACE('',(#2336),#2328,.F.);
#2352=EDGE_CURVE('',#2257,#2253,#2231,.T.);
#2357=ADVANCED_FACE('',(#2356),#2349,.F.);
#2376=ADVANCED_FACE('',(#2375),#2369,.F.);
#2411=CIRCLE('',#2410,4.703758944966E-2);
#2419=CIRCLE('',#2418,4.703758944966E-2);
#2448=CIRCLE('',#2447,6.267206848010E-2);
#2456=CIRCLE('',#2455,6.267206848010E-2);
#2478=CIRCLE('',#2477,6.267206848010E-2);
#2486=CIRCLE('',#2485,6.267206848010E-2);
#2508=CIRCLE('',#2507,4.703758944966E-2);
#2516=CIRCLE('',#2515,4.703758944966E-2);
#2642=EDGE_CURVE('',#2618,#2622,#2396,.T.);
#2644=EDGE_CURVE('',#2622,#2624,#2403,.T.);
#2646=EDGE_CURVE('',#2624,#2628,#2411,.T.);
#2648=EDGE_CURVE('',#2628,#2626,#2419,.T.);
#2650=EDGE_CURVE('',#2626,#2630,#2426,.T.);
#2652=EDGE_CURVE('',#2630,#2632,#2433,.T.);
#2654=EDGE_CURVE('',#2632,#2634,#2440,.T.);
#2656=EDGE_CURVE('',#2634,#2636,#2448,.T.);
#2658=EDGE_CURVE('',#2636,#2620,#2456,.T.);
#2660=EDGE_CURVE('',#2620,#2618,#2463,.T.);
#2664=ADVANCED_FACE('',(#2663),#2641,.T.);
#2677=EDGE_CURVE('',#2616,#2600,#2523,.T.);
#2679=EDGE_CURVE('',#2616,#2622,#2470,.T.);
#2682=EDGE_CURVE('',#2600,#2618,#2537,.T.);
#2686=ADVANCED_FACE('',(#2685),#2676,.F.);
#2699=EDGE_CURVE('',#2599,#2600,#2530,.T.);
#2701=EDGE_CURVE('',#2599,#2602,#2478,.T.);
#2703=EDGE_CURVE('',#2602,#2604,#2486,.T.);
#2705=EDGE_CURVE('',#2604,#2606,#2493,.T.);
#2707=EDGE_CURVE('',#2608,#2606,#2558,.T.);
#2709=EDGE_CURVE('',#2608,#2610,#2500,.T.);
#2711=EDGE_CURVE('',#2610,#2612,#2508,.T.);
#2713=EDGE_CURVE('',#2612,#2614,#2516,.T.);
#2715=EDGE_CURVE('',#2616,#2614,#2593,.T.);
#2720=ADVANCED_FACE('',(#2719),#2698,.T.);
#2736=EDGE_CURVE('',#2599,#2620,#2544,.T.);
#2740=ADVANCED_FACE('',(#2739),#2732,.F.);
#2757=EDGE_CURVE('',#2634,#2604,#2551,.T.);
#2762=ADVANCED_FACE('',(#2761),#2752,.T.);
#2778=EDGE_CURVE('',#2606,#2632,#2565,.T.);
#2782=ADVANCED_FACE('',(#2781),#2774,.F.);
#2798=EDGE_CURVE('',#2608,#2630,#2572,.T.);
#2802=ADVANCED_FACE('',(#2801),#2794,.F.);
#2818=EDGE_CURVE('',#2610,#2626,#2579,.T.);
#2822=ADVANCED_FACE('',(#2821),#2814,.F.);
#2839=EDGE_CURVE('',#2624,#2614,#2586,.T.);
#2844=ADVANCED_FACE('',(#2843),#2834,.F.);
#2863=ADVANCED_FACE('',(#2862),#2856,.F.);
#2879=(LENGTH_UNIT()NAMED_UNIT(*)SI_UNIT(.MILLI.,.METRE.));
#2880=(NAMED_UNIT(*)PLANE_ANGLE_UNIT()SI_UNIT($,.RADIAN.));
#2883=(NAMED_UNIT(*)SI_UNIT($,.STERADIAN.)SOLID_ANGLE_UNIT());
#2885=(GEOMETRIC_REPRESENTATION_CONTEXT(3)GLOBAL_UNCERTAINTY_ASSIGNED_CONTEXT((
#2884))GLOBAL_UNIT_ASSIGNED_CONTEXT((#2879,#2882,#2883))REPRESENTATION_CONTEXT(
'ID2','3'));
#2889=AXIS2_PLACEMENT_3D('',#2886,#2887,#2888);
#2890=ADVANCED_BREP_SHAPE_REPRESENTATION('',(#2889,#1915,#2150,#2385,#2872),
#2885);
#2894=PRODUCT_DEFINITION('design','',#2893,#1067);
#2895=PRODUCT_DEFINITION_SHAPE('','SHAPE FOR SMALL05.',#2894);
#2896=SHAPE_ASPECT('','solid data associated with SMALL05',#2895,.F.);
#2897=PROPERTY_DEFINITION('',
'shape for solid data with which properties are associated',#2896);
#2898=SHAPE_REPRESENTATION('',(#2872),#2885);
#2899=SHAPE_DEFINITION_REPRESENTATION(#2897,#2898);
#2900=(LENGTH_UNIT()NAMED_UNIT(*)SI_UNIT(.MILLI.,.METRE.));
#2904=PROPERTY_DEFINITION('geometric validation property','area of SMALL05',
#2896);
#2905=REPRESENTATION('surface area',(#2903),#2885);
#2906=PROPERTY_DEFINITION_REPRESENTATION(#2904,#2905);
#2907=(LENGTH_UNIT()NAMED_UNIT(*)SI_UNIT(.MILLI.,.METRE.));
#2911=PROPERTY_DEFINITION('geometric validation property','volume of SMALL05',
#2896);
#2912=REPRESENTATION('volume',(#2910),#2885);
#2913=PROPERTY_DEFINITION_REPRESENTATION(#2911,#2912);
#2915=PROPERTY_DEFINITION('geometric validation property','centroid of SMALL05',
#2896);
#2916=REPRESENTATION('centroid',(#2914),#2885);
#2917=PROPERTY_DEFINITION_REPRESENTATION(#2915,#2916);
#2918=(LENGTH_UNIT()NAMED_UNIT(*)SI_UNIT(.MILLI.,.METRE.));
#2922=PROPERTY_DEFINITION('geometric validation property','area of SMALL05',
#2895);
#2923=REPRESENTATION('surface area',(#2921),#2885);
#2924=PROPERTY_DEFINITION_REPRESENTATION(#2922,#2923);
#2925=(LENGTH_UNIT()NAMED_UNIT(*)SI_UNIT(.MILLI.,.METRE.));
#2929=PROPERTY_DEFINITION('geometric validation property','volume of SMALL05',
#2895);
#2930=REPRESENTATION('volume',(#2928),#2885);
#2931=PROPERTY_DEFINITION_REPRESENTATION(#2929,#2930);
#2933=PROPERTY_DEFINITION('geometric validation property','centroid of SMALL05',
#2895);
#2934=REPRESENTATION('centroid',(#2932),#2885);
#2935=PROPERTY_DEFINITION_REPRESENTATION(#2933,#2934);
#2936=SHAPE_DEFINITION_REPRESENTATION(#2895,#2890);
#2937=NEXT_ASSEMBLY_USAGE_OCCURRENCE('3','Next assembly relationship','SMALL05',
#2966,#2894,$);
#2938=PRODUCT_DEFINITION_SHAPE('Placement #3',
'Placement of SMALL05 with respect to 03551100_ASM',#2937);
#2940=PROPERTY_DEFINITION('geometric validation property','centroid of SMALL05',
#2938);
#2941=REPRESENTATION('centroid',(#2939),#2885);
#2942=PROPERTY_DEFINITION_REPRESENTATION(#2940,#2941);
#2950=(LENGTH_UNIT()NAMED_UNIT(*)SI_UNIT(.MILLI.,.METRE.));
#2951=(NAMED_UNIT(*)PLANE_ANGLE_UNIT()SI_UNIT($,.RADIAN.));
#2954=(NAMED_UNIT(*)SI_UNIT($,.STERADIAN.)SOLID_ANGLE_UNIT());
#2956=(GEOMETRIC_REPRESENTATION_CONTEXT(3)GLOBAL_UNCERTAINTY_ASSIGNED_CONTEXT((
#2955))GLOBAL_UNIT_ASSIGNED_CONTEXT((#2950,#2953,#2954))REPRESENTATION_CONTEXT(
'ID3','3'));
#2960=AXIS2_PLACEMENT_3D('',#2957,#2958,#2959);
#2966=PRODUCT_DEFINITION('design','',#2965,#2962);
#2967=(LENGTH_UNIT()NAMED_UNIT(*)SI_UNIT(.MILLI.,.METRE.));
#2971=PROPERTY_DEFINITION('geometric validation property',
'area of 03551100_ASM',#1115);
#2972=REPRESENTATION('surface area',(#2970),#2956);
#2973=PROPERTY_DEFINITION_REPRESENTATION(#2971,#2972);
#2974=(LENGTH_UNIT()NAMED_UNIT(*)SI_UNIT(.MILLI.,.METRE.));
#2978=PROPERTY_DEFINITION('geometric validation property',
'volume of 03551100_ASM',#1115);
#2979=REPRESENTATION('volume',(#2977),#2956);
#2980=PROPERTY_DEFINITION_REPRESENTATION(#2978,#2979);
#2982=PROPERTY_DEFINITION('geometric validation property',
'centroid of 03551100_ASM',#1115);
#2983=REPRESENTATION('centroid',(#2981),#2956);
#2984=PROPERTY_DEFINITION_REPRESENTATION(#2982,#2983);
ENDSEC;
END-ISO-10303-21;
