ISO-10303-21;
HEADER;
FILE_DESCRIPTION((''),'2;1');
FILE_NAME('8X10-TG_ASM','2026-04-17T12:48:42',('Administrator'),(''),
'CREO PARAMETRIC BY PTC INC, 2018100','CREO PARAMETRIC BY PTC INC, 2018100','');
FILE_SCHEMA(('AUTOMOTIVE_DESIGN { 1 0 10303 214 1 1 1 1 }'));
ENDSEC;
DATA;
#21=DIRECTION('',(0.E0,-1.E0,0.E0));
#22=VECTOR('',#21,3.6E0);
#23=CARTESIAN_POINT('',(0.E0,4.15E0,2.26514925E0));
#24=LINE('',#23,#22);
#25=DRAUGHTING_PRE_DEFINED_CURVE_FONT('continuous');
#26=CURVE_STYLE('',#25,POSITIVE_LENGTH_MEASURE(2.E-2),#18);
#27=PRESENTATION_STYLE_ASSIGNMENT((#26));
#28=STYLED_ITEM('',(#27),#24);
#29=DIRECTION('',(0.E0,0.E0,1.E0));
#30=VECTOR('',#29,9.98488E-1);
#31=CARTESIAN_POINT('',(0.E0,4.15E0,2.26514925E0));
#32=LINE('',#31,#30);
#33=CURVE_STYLE('',#25,POSITIVE_LENGTH_MEASURE(2.E-2),#18);
#34=PRESENTATION_STYLE_ASSIGNMENT((#33));
#35=STYLED_ITEM('',(#34),#32);
#36=DIRECTION('',(0.E0,-7.071067811865E-1,7.071067811865E-1));
#37=VECTOR('',#36,1.253506222232E0);
#38=CARTESIAN_POINT('',(0.E0,4.15E0,3.26363725E0));
#39=LINE('',#38,#37);
#40=CURVE_STYLE('',#25,POSITIVE_LENGTH_MEASURE(2.E-2),#18);
#41=PRESENTATION_STYLE_ASSIGNMENT((#40));
#42=STYLED_ITEM('',(#41),#39);
#43=DIRECTION('',(0.E0,-1.E0,0.E0));
#44=VECTOR('',#43,2.71363725E0);
#45=CARTESIAN_POINT('',(0.E0,3.26363725E0,4.15E0));
#46=LINE('',#45,#44);
#47=CURVE_STYLE('',#25,POSITIVE_LENGTH_MEASURE(2.E-2),#18);
#48=PRESENTATION_STYLE_ASSIGNMENT((#47));
#49=STYLED_ITEM('',(#48),#46);
#50=DIRECTION('',(0.E0,-1.E0,0.E0));
#51=VECTOR('',#50,3.6E0);
#52=CARTESIAN_POINT('',(0.E0,-5.5E-1,2.26514925E0));
#53=LINE('',#52,#51);
#54=CURVE_STYLE('',#25,POSITIVE_LENGTH_MEASURE(2.E-2),#18);
#55=PRESENTATION_STYLE_ASSIGNMENT((#54));
#56=STYLED_ITEM('',(#55),#53);
#57=DIRECTION('',(0.E0,-1.E0,0.E0));
#58=VECTOR('',#57,2.71363725E0);
#59=CARTESIAN_POINT('',(0.E0,-5.5E-1,4.15E0));
#60=LINE('',#59,#58);
#61=CURVE_STYLE('',#25,POSITIVE_LENGTH_MEASURE(2.E-2),#18);
#62=PRESENTATION_STYLE_ASSIGNMENT((#61));
#63=STYLED_ITEM('',(#62),#60);
#64=DIRECTION('',(0.E0,7.071067811865E-1,7.071067811865E-1));
#65=VECTOR('',#64,1.253506222232E0);
#66=CARTESIAN_POINT('',(0.E0,-4.15E0,3.26363725E0));
#67=LINE('',#66,#65);
#68=CURVE_STYLE('',#25,POSITIVE_LENGTH_MEASURE(2.E-2),#18);
#69=PRESENTATION_STYLE_ASSIGNMENT((#68));
#70=STYLED_ITEM('',(#69),#67);
#71=DIRECTION('',(0.E0,-1.E0,0.E0));
#72=VECTOR('',#71,3.6E0);
#73=CARTESIAN_POINT('',(0.E0,4.15E0,-2.26514925E0));
#74=LINE('',#73,#72);
#75=CURVE_STYLE('',#25,POSITIVE_LENGTH_MEASURE(2.E-2),#18);
#76=PRESENTATION_STYLE_ASSIGNMENT((#75));
#77=STYLED_ITEM('',(#76),#74);
#78=DIRECTION('',(0.E0,1.E0,0.E0));
#79=VECTOR('',#78,3.252778125E0);
#80=CARTESIAN_POINT('',(0.E0,5.5E-1,-4.15E0));
#81=LINE('',#80,#79);
#82=CURVE_STYLE('',#25,POSITIVE_LENGTH_MEASURE(2.E-2),#18);
#83=PRESENTATION_STYLE_ASSIGNMENT((#82));
#84=STYLED_ITEM('',(#83),#81);
#85=CARTESIAN_POINT('',(0.E0,3.802778125E0,-3.802778125E0));
#86=DIRECTION('',(1.E0,0.E0,0.E0));
#87=DIRECTION('',(0.E0,1.662671664350E-14,-1.E0));
#88=AXIS2_PLACEMENT_3D('',#85,#86,#87);
#90=CURVE_STYLE('',#25,POSITIVE_LENGTH_MEASURE(2.E-2),#18);
#91=PRESENTATION_STYLE_ASSIGNMENT((#90));
#92=STYLED_ITEM('',(#91),#89);
#93=DIRECTION('',(0.E0,0.E0,1.E0));
#94=VECTOR('',#93,1.537628875E0);
#95=CARTESIAN_POINT('',(0.E0,4.15E0,-3.802778125E0));
#96=LINE('',#95,#94);
#97=CURVE_STYLE('',#25,POSITIVE_LENGTH_MEASURE(2.E-2),#18);
#98=PRESENTATION_STYLE_ASSIGNMENT((#97));
#99=STYLED_ITEM('',(#98),#96);
#100=DIRECTION('',(0.E0,-1.E0,0.E0));
#101=VECTOR('',#100,3.6E0);
#102=CARTESIAN_POINT('',(0.E0,-5.5E-1,-2.26514925E0));
#103=LINE('',#102,#101);
#104=CURVE_STYLE('',#25,POSITIVE_LENGTH_MEASURE(2.E-2),#18);
#105=PRESENTATION_STYLE_ASSIGNMENT((#104));
#106=STYLED_ITEM('',(#105),#103);
#107=CARTESIAN_POINT('',(0.E0,-3.802778125E0,-3.802778125E0));
#108=DIRECTION('',(1.E0,0.E0,0.E0));
#109=DIRECTION('',(0.E0,-1.E0,-1.662671664350E-14));
#110=AXIS2_PLACEMENT_3D('',#107,#108,#109);
#112=CURVE_STYLE('',#25,POSITIVE_LENGTH_MEASURE(2.E-2),#18);
#113=PRESENTATION_STYLE_ASSIGNMENT((#112));
#114=STYLED_ITEM('',(#113),#111);
#115=DIRECTION('',(0.E0,1.E0,0.E0));
#116=VECTOR('',#115,3.252778125E0);
#117=CARTESIAN_POINT('',(0.E0,-3.802778125E0,-4.15E0));
#118=LINE('',#117,#116);
#119=CURVE_STYLE('',#25,POSITIVE_LENGTH_MEASURE(2.E-2),#18);
#120=PRESENTATION_STYLE_ASSIGNMENT((#119));
#121=STYLED_ITEM('',(#120),#118);
#122=CARTESIAN_POINT('',(0.E0,-2.412876375E0,2.437497562500E0));
#123=DIRECTION('',(-1.E0,0.E0,0.E0));
#124=DIRECTION('',(0.E0,0.E0,-1.E0));
#125=AXIS2_PLACEMENT_3D('',#122,#123,#124);
#127=CURVE_STYLE('',#25,POSITIVE_LENGTH_MEASURE(2.E-2),#18);
#128=PRESENTATION_STYLE_ASSIGNMENT((#127));
#129=STYLED_ITEM('',(#128),#126);
#130=CARTESIAN_POINT('',(0.E0,-2.412876375E0,2.437497562500E0));
#131=DIRECTION('',(-1.E0,0.E0,0.E0));
#132=DIRECTION('',(0.E0,0.E0,1.E0));
#133=AXIS2_PLACEMENT_3D('',#130,#131,#132);
#135=CURVE_STYLE('',#25,POSITIVE_LENGTH_MEASURE(2.E-2),#18);
#136=PRESENTATION_STYLE_ASSIGNMENT((#135));
#137=STYLED_ITEM('',(#136),#134);
#138=CARTESIAN_POINT('',(0.E0,-2.412876375E0,-2.437497562500E0));
#139=DIRECTION('',(-1.E0,0.E0,0.E0));
#140=DIRECTION('',(0.E0,0.E0,-1.E0));
#141=AXIS2_PLACEMENT_3D('',#138,#139,#140);
#143=CURVE_STYLE('',#25,POSITIVE_LENGTH_MEASURE(2.E-2),#18);
#144=PRESENTATION_STYLE_ASSIGNMENT((#143));
#145=STYLED_ITEM('',(#144),#142);
#146=CARTESIAN_POINT('',(0.E0,-2.412876375E0,-2.437497562500E0));
#147=DIRECTION('',(-1.E0,0.E0,0.E0));
#148=DIRECTION('',(0.E0,0.E0,1.E0));
#149=AXIS2_PLACEMENT_3D('',#146,#147,#148);
#151=CURVE_STYLE('',#25,POSITIVE_LENGTH_MEASURE(2.E-2),#18);
#152=PRESENTATION_STYLE_ASSIGNMENT((#151));
#153=STYLED_ITEM('',(#152),#150);
#154=CARTESIAN_POINT('',(0.E0,2.412876375E0,-2.437497562500E0));
#155=DIRECTION('',(-1.E0,0.E0,0.E0));
#156=DIRECTION('',(0.E0,0.E0,-1.E0));
#157=AXIS2_PLACEMENT_3D('',#154,#155,#156);
#159=CURVE_STYLE('',#25,POSITIVE_LENGTH_MEASURE(2.E-2),#18);
#160=PRESENTATION_STYLE_ASSIGNMENT((#159));
#161=STYLED_ITEM('',(#160),#158);
#162=CARTESIAN_POINT('',(0.E0,2.412876375E0,-2.437497562500E0));
#163=DIRECTION('',(-1.E0,0.E0,0.E0));
#164=DIRECTION('',(0.E0,0.E0,1.E0));
#165=AXIS2_PLACEMENT_3D('',#162,#163,#164);
#167=CURVE_STYLE('',#25,POSITIVE_LENGTH_MEASURE(2.E-2),#18);
#168=PRESENTATION_STYLE_ASSIGNMENT((#167));
#169=STYLED_ITEM('',(#168),#166);
#170=CARTESIAN_POINT('',(0.E0,2.412876375E0,2.437497562500E0));
#171=DIRECTION('',(-1.E0,0.E0,0.E0));
#172=DIRECTION('',(0.E0,0.E0,-1.E0));
#173=AXIS2_PLACEMENT_3D('',#170,#171,#172);
#175=CURVE_STYLE('',#25,POSITIVE_LENGTH_MEASURE(2.E-2),#18);
#176=PRESENTATION_STYLE_ASSIGNMENT((#175));
#177=STYLED_ITEM('',(#176),#174);
#178=CARTESIAN_POINT('',(0.E0,2.412876375E0,2.437497562500E0));
#179=DIRECTION('',(-1.E0,0.E0,0.E0));
#180=DIRECTION('',(0.E0,0.E0,1.E0));
#181=AXIS2_PLACEMENT_3D('',#178,#179,#180);
#183=CURVE_STYLE('',#25,POSITIVE_LENGTH_MEASURE(2.E-2),#18);
#184=PRESENTATION_STYLE_ASSIGNMENT((#183));
#185=STYLED_ITEM('',(#184),#182);
#186=DIRECTION('',(0.E0,0.E0,1.E0));
#187=VECTOR('',#186,2.7514925E-1);
#188=CARTESIAN_POINT('',(5.E-2,5.5E-1,1.99E0));
#189=LINE('',#188,#187);
#190=CURVE_STYLE('',#25,POSITIVE_LENGTH_MEASURE(2.E-2),#18);
#191=PRESENTATION_STYLE_ASSIGNMENT((#190));
#192=STYLED_ITEM('',(#191),#189);
#193=DIRECTION('',(1.E0,0.E0,0.E0));
#194=VECTOR('',#193,5.E-2);
#195=CARTESIAN_POINT('',(0.E0,5.5E-1,2.26514925E0));
#196=LINE('',#195,#194);
#197=CURVE_STYLE('',#25,POSITIVE_LENGTH_MEASURE(2.E-2),#18);
#198=PRESENTATION_STYLE_ASSIGNMENT((#197));
#199=STYLED_ITEM('',(#198),#196);
#200=DIRECTION('',(0.E0,0.E0,1.E0));
#201=VECTOR('',#200,1.88485075E0);
#202=CARTESIAN_POINT('',(0.E0,5.5E-1,2.26514925E0));
#203=LINE('',#202,#201);
#204=CURVE_STYLE('',#25,POSITIVE_LENGTH_MEASURE(2.E-2),#18);
#205=PRESENTATION_STYLE_ASSIGNMENT((#204));
#206=STYLED_ITEM('',(#205),#203);
#207=DIRECTION('',(0.E0,0.E0,-1.E0));
#208=VECTOR('',#207,2.16E0);
#209=CARTESIAN_POINT('',(2.E-1,5.5E-1,4.15E0));
#210=LINE('',#209,#208);
#211=CURVE_STYLE('',#25,POSITIVE_LENGTH_MEASURE(2.E-2),#18);
#212=PRESENTATION_STYLE_ASSIGNMENT((#211));
#213=STYLED_ITEM('',(#212),#210);
#214=DIRECTION('',(0.E0,-1.E0,0.E0));
#215=VECTOR('',#214,3.6E0);
#216=CARTESIAN_POINT('',(5.E-2,4.15E0,-2.26514925E0));
#217=LINE('',#216,#215);
#218=CURVE_STYLE('',#25,POSITIVE_LENGTH_MEASURE(2.E-2),#18);
#219=PRESENTATION_STYLE_ASSIGNMENT((#218));
#220=STYLED_ITEM('',(#219),#217);
#221=DIRECTION('',(0.E0,1.E0,0.E0));
#222=VECTOR('',#221,3.6E0);
#223=CARTESIAN_POINT('',(5.E-2,5.5E-1,2.26514925E0));
#224=LINE('',#223,#222);
#225=CURVE_STYLE('',#25,POSITIVE_LENGTH_MEASURE(2.E-2),#18);
#226=PRESENTATION_STYLE_ASSIGNMENT((#225));
#227=STYLED_ITEM('',(#226),#224);
#228=DIRECTION('',(0.E0,1.E0,0.E0));
#229=VECTOR('',#228,3.6E0);
#230=CARTESIAN_POINT('',(5.E-2,-4.15E0,2.26514925E0));
#231=LINE('',#230,#229);
#232=CURVE_STYLE('',#25,POSITIVE_LENGTH_MEASURE(2.E-2),#18);
#233=PRESENTATION_STYLE_ASSIGNMENT((#232));
#234=STYLED_ITEM('',(#233),#231);
#235=DIRECTION('',(0.E0,-1.E0,0.E0));
#236=VECTOR('',#235,3.6E0);
#237=CARTESIAN_POINT('',(5.E-2,-5.5E-1,-2.26514925E0));
#238=LINE('',#237,#236);
#239=CURVE_STYLE('',#25,POSITIVE_LENGTH_MEASURE(2.E-2),#18);
#240=PRESENTATION_STYLE_ASSIGNMENT((#239));
#241=STYLED_ITEM('',(#240),#238);
#242=CARTESIAN_POINT('',(5.E-2,1.E-2,-1.99E0));
#243=DIRECTION('',(1.E0,0.E0,0.E0));
#244=DIRECTION('',(0.E0,1.E0,0.E0));
#245=AXIS2_PLACEMENT_3D('',#242,#243,#244);
#247=CURVE_STYLE('',#25,POSITIVE_LENGTH_MEASURE(2.E-2),#18);
#248=PRESENTATION_STYLE_ASSIGNMENT((#247));
#249=STYLED_ITEM('',(#248),#246);
#250=CARTESIAN_POINT('',(2.E-1,1.E-2,-1.99E0));
#251=DIRECTION('',(-1.E0,0.E0,0.E0));
#252=DIRECTION('',(0.E0,0.E0,1.E0));
#253=AXIS2_PLACEMENT_3D('',#250,#251,#252);
#255=CURVE_STYLE('',#25,POSITIVE_LENGTH_MEASURE(2.E-2),#18);
#256=PRESENTATION_STYLE_ASSIGNMENT((#255));
#257=STYLED_ITEM('',(#256),#254);
#258=DIRECTION('',(1.E0,0.E0,0.E0));
#259=VECTOR('',#258,1.5E-1);
#260=CARTESIAN_POINT('',(5.E-2,5.5E-1,-1.99E0));
#261=LINE('',#260,#259);
#262=CURVE_STYLE('',#25,POSITIVE_LENGTH_MEASURE(2.E-2),#18);
#263=PRESENTATION_STYLE_ASSIGNMENT((#262));
#264=STYLED_ITEM('',(#263),#261);
#265=DIRECTION('',(0.E0,-1.E0,0.E0));
#266=VECTOR('',#265,2.E-2);
#267=CARTESIAN_POINT('',(5.E-2,1.E-2,-1.45E0));
#268=LINE('',#267,#266);
#269=CURVE_STYLE('',#25,POSITIVE_LENGTH_MEASURE(2.E-2),#18);
#270=PRESENTATION_STYLE_ASSIGNMENT((#269));
#271=STYLED_ITEM('',(#270),#268);
#272=DIRECTION('',(1.E0,0.E0,0.E0));
#273=VECTOR('',#272,1.5E-1);
#274=CARTESIAN_POINT('',(5.E-2,1.E-2,-1.45E0));
#275=LINE('',#274,#273);
#276=CURVE_STYLE('',#25,POSITIVE_LENGTH_MEASURE(2.E-2),#18);
#277=PRESENTATION_STYLE_ASSIGNMENT((#276));
#278=STYLED_ITEM('',(#277),#275);
#279=CARTESIAN_POINT('',(5.E-2,-1.E-2,-1.99E0));
#280=DIRECTION('',(1.E0,0.E0,0.E0));
#281=DIRECTION('',(0.E0,0.E0,1.E0));
#282=AXIS2_PLACEMENT_3D('',#279,#280,#281);
#284=CURVE_STYLE('',#25,POSITIVE_LENGTH_MEASURE(2.E-2),#18);
#285=PRESENTATION_STYLE_ASSIGNMENT((#284));
#286=STYLED_ITEM('',(#285),#283);
#287=CARTESIAN_POINT('',(2.E-1,-1.E-2,-1.99E0));
#288=DIRECTION('',(-1.E0,0.E0,0.E0));
#289=DIRECTION('',(0.E0,-1.E0,0.E0));
#290=AXIS2_PLACEMENT_3D('',#287,#288,#289);
#292=CURVE_STYLE('',#25,POSITIVE_LENGTH_MEASURE(2.E-2),#18);
#293=PRESENTATION_STYLE_ASSIGNMENT((#292));
#294=STYLED_ITEM('',(#293),#291);
#295=DIRECTION('',(1.E0,0.E0,0.E0));
#296=VECTOR('',#295,1.5E-1);
#297=CARTESIAN_POINT('',(5.E-2,-1.E-2,-1.45E0));
#298=LINE('',#297,#296);
#299=CURVE_STYLE('',#25,POSITIVE_LENGTH_MEASURE(2.E-2),#18);
#300=PRESENTATION_STYLE_ASSIGNMENT((#299));
#301=STYLED_ITEM('',(#300),#298);
#302=DIRECTION('',(0.E0,0.E0,-1.E0));
#303=VECTOR('',#302,2.7514925E-1);
#304=CARTESIAN_POINT('',(5.E-2,-5.5E-1,-1.99E0));
#305=LINE('',#304,#303);
#306=CURVE_STYLE('',#25,POSITIVE_LENGTH_MEASURE(2.E-2),#18);
#307=PRESENTATION_STYLE_ASSIGNMENT((#306));
#308=STYLED_ITEM('',(#307),#305);
#309=DIRECTION('',(1.E0,0.E0,0.E0));
#310=VECTOR('',#309,5.E-2);
#311=CARTESIAN_POINT('',(0.E0,-5.5E-1,-2.26514925E0));
#312=LINE('',#311,#310);
#313=CURVE_STYLE('',#25,POSITIVE_LENGTH_MEASURE(2.E-2),#18);
#314=PRESENTATION_STYLE_ASSIGNMENT((#313));
#315=STYLED_ITEM('',(#314),#312);
#316=DIRECTION('',(0.E0,0.E0,-1.E0));
#317=VECTOR('',#316,1.88485075E0);
#318=CARTESIAN_POINT('',(0.E0,-5.5E-1,-2.26514925E0));
#319=LINE('',#318,#317);
#320=CURVE_STYLE('',#25,POSITIVE_LENGTH_MEASURE(2.E-2),#18);
#321=PRESENTATION_STYLE_ASSIGNMENT((#320));
#322=STYLED_ITEM('',(#321),#319);
#323=DIRECTION('',(0.E0,0.E0,1.E0));
#324=VECTOR('',#323,2.16E0);
#325=CARTESIAN_POINT('',(2.E-1,-5.5E-1,-4.15E0));
#326=LINE('',#325,#324);
#327=CURVE_STYLE('',#25,POSITIVE_LENGTH_MEASURE(2.E-2),#18);
#328=PRESENTATION_STYLE_ASSIGNMENT((#327));
#329=STYLED_ITEM('',(#328),#326);
#330=DIRECTION('',(1.E0,0.E0,0.E0));
#331=VECTOR('',#330,1.5E-1);
#332=CARTESIAN_POINT('',(5.E-2,-5.5E-1,-1.99E0));
#333=LINE('',#332,#331);
#334=CURVE_STYLE('',#25,POSITIVE_LENGTH_MEASURE(2.E-2),#18);
#335=PRESENTATION_STYLE_ASSIGNMENT((#334));
#336=STYLED_ITEM('',(#335),#333);
#337=DIRECTION('',(0.E0,0.E0,-1.E0));
#338=VECTOR('',#337,2.27878975E0);
#339=CARTESIAN_POINT('',(1.1E0,4.15E0,3.26363725E0));
#340=LINE('',#339,#338);
#341=CURVE_STYLE('',#25,POSITIVE_LENGTH_MEASURE(2.E-2),#18);
#342=PRESENTATION_STYLE_ASSIGNMENT((#341));
#343=STYLED_ITEM('',(#342),#340);
#344=DIRECTION('',(1.E0,0.E0,0.E0));
#345=VECTOR('',#344,1.1E0);
#346=CARTESIAN_POINT('',(0.E0,4.15E0,3.26363725E0));
#347=LINE('',#346,#345);
#348=CURVE_STYLE('',#25,POSITIVE_LENGTH_MEASURE(2.E-2),#18);
#349=PRESENTATION_STYLE_ASSIGNMENT((#348));
#350=STYLED_ITEM('',(#349),#347);
#351=DIRECTION('',(1.E0,0.E0,0.E0));
#352=VECTOR('',#351,5.E-2);
#353=CARTESIAN_POINT('',(0.E0,4.15E0,2.26514925E0));
#354=LINE('',#353,#352);
#355=CURVE_STYLE('',#25,POSITIVE_LENGTH_MEASURE(2.E-2),#18);
#356=PRESENTATION_STYLE_ASSIGNMENT((#355));
#357=STYLED_ITEM('',(#356),#354);
#358=DIRECTION('',(0.E0,0.E0,-1.E0));
#359=VECTOR('',#358,4.5302985E0);
#360=CARTESIAN_POINT('',(5.E-2,4.15E0,2.26514925E0));
#361=LINE('',#360,#359);
#362=CURVE_STYLE('',#25,POSITIVE_LENGTH_MEASURE(2.E-2),#18);
#363=PRESENTATION_STYLE_ASSIGNMENT((#362));
#364=STYLED_ITEM('',(#363),#361);
#365=DIRECTION('',(1.E0,0.E0,0.E0));
#366=VECTOR('',#365,5.E-2);
#367=CARTESIAN_POINT('',(0.E0,4.15E0,-2.26514925E0));
#368=LINE('',#367,#366);
#369=CURVE_STYLE('',#25,POSITIVE_LENGTH_MEASURE(2.E-2),#18);
#370=PRESENTATION_STYLE_ASSIGNMENT((#369));
#371=STYLED_ITEM('',(#370),#368);
#372=DIRECTION('',(1.E0,0.E0,0.E0));
#373=VECTOR('',#372,1.9E0);
#374=CARTESIAN_POINT('',(0.E0,4.15E0,-3.802778125E0));
#375=LINE('',#374,#373);
#376=CURVE_STYLE('',#25,POSITIVE_LENGTH_MEASURE(2.E-2),#18);
#377=PRESENTATION_STYLE_ASSIGNMENT((#376));
#378=STYLED_ITEM('',(#377),#375);
#379=DIRECTION('',(-1.E0,0.E0,0.E0));
#380=VECTOR('',#379,1.35E0);
#381=CARTESIAN_POINT('',(1.9E0,4.15E0,-9.848475E-1));
#382=LINE('',#381,#380);
#383=CURVE_STYLE('',#25,POSITIVE_LENGTH_MEASURE(2.E-2),#18);
#384=PRESENTATION_STYLE_ASSIGNMENT((#383));
#385=STYLED_ITEM('',(#384),#382);
#386=DIRECTION('',(0.E0,0.E0,1.E0));
#387=VECTOR('',#386,1.969695E0);
#388=CARTESIAN_POINT('',(5.5E-1,4.15E0,-9.848475E-1));
#389=LINE('',#388,#387);
#390=CURVE_STYLE('',#25,POSITIVE_LENGTH_MEASURE(2.E-2),#18);
#391=PRESENTATION_STYLE_ASSIGNMENT((#390));
#392=STYLED_ITEM('',(#391),#389);
#393=DIRECTION('',(-1.E0,0.E0,0.E0));
#394=VECTOR('',#393,5.5E-1);
#395=CARTESIAN_POINT('',(1.1E0,4.15E0,9.848475E-1));
#396=LINE('',#395,#394);
#397=CURVE_STYLE('',#25,POSITIVE_LENGTH_MEASURE(2.E-2),#18);
#398=PRESENTATION_STYLE_ASSIGNMENT((#397));
#399=STYLED_ITEM('',(#398),#396);
#400=DIRECTION('',(0.E0,1.E0,0.E0));
#401=VECTOR('',#400,2.731358804127E-1);
#402=CARTESIAN_POINT('',(1.1E0,-4.15E0,9.848475E-1));
#403=LINE('',#402,#401);
#404=CURVE_STYLE('',#25,POSITIVE_LENGTH_MEASURE(2.E-2),#18);
#405=PRESENTATION_STYLE_ASSIGNMENT((#404));
#406=STYLED_ITEM('',(#405),#403);
#407=DIRECTION('',(0.E0,-1.E0,0.E0));
#408=VECTOR('',#407,2.731358804127E-1);
#409=CARTESIAN_POINT('',(5.5E-1,-3.876864119587E0,9.848475E-1));
#410=LINE('',#409,#408);
#411=CURVE_STYLE('',#25,POSITIVE_LENGTH_MEASURE(2.E-2),#18);
#412=PRESENTATION_STYLE_ASSIGNMENT((#411));
#413=STYLED_ITEM('',(#412),#410);
#414=DIRECTION('',(0.E0,1.E0,0.E0));
#415=VECTOR('',#414,2.731358804127E-1);
#416=CARTESIAN_POINT('',(1.1E0,3.876864119587E0,9.848475E-1));
#417=LINE('',#416,#415);
#418=CURVE_STYLE('',#25,POSITIVE_LENGTH_MEASURE(2.E-2),#18);
#419=PRESENTATION_STYLE_ASSIGNMENT((#418));
#420=STYLED_ITEM('',(#419),#417);
#421=DIRECTION('',(0.E0,-1.E0,0.E0));
#422=VECTOR('',#421,2.731358804127E-1);
#423=CARTESIAN_POINT('',(5.5E-1,4.15E0,9.848475E-1));
#424=LINE('',#423,#422);
#425=CURVE_STYLE('',#25,POSITIVE_LENGTH_MEASURE(2.E-2),#18);
#426=PRESENTATION_STYLE_ASSIGNMENT((#425));
#427=STYLED_ITEM('',(#426),#424);
#428=CARTESIAN_POINT('',(1.1E0,0.E0,0.E0));
#429=DIRECTION('',(1.E0,0.E0,0.E0));
#430=DIRECTION('',(0.E0,9.692160298968E-1,2.46211875E-1));
#431=AXIS2_PLACEMENT_3D('',#428,#429,#430);
#433=CURVE_STYLE('',#25,POSITIVE_LENGTH_MEASURE(2.E-2),#18);
#434=PRESENTATION_STYLE_ASSIGNMENT((#433));
#435=STYLED_ITEM('',(#434),#432);
#436=DIRECTION('',(1.E0,0.E0,0.E0));
#437=VECTOR('',#436,5.5E-1);
#438=CARTESIAN_POINT('',(5.5E-1,3.876864119587E0,9.848475E-1));
#439=LINE('',#438,#437);
#440=CURVE_STYLE('',#25,POSITIVE_LENGTH_MEASURE(2.E-2),#18);
#441=PRESENTATION_STYLE_ASSIGNMENT((#440));
#442=STYLED_ITEM('',(#441),#439);
#443=DIRECTION('',(1.E0,0.E0,0.E0));
#444=VECTOR('',#443,5.5E-1);
#445=CARTESIAN_POINT('',(5.5E-1,9.848475E-1,3.876864119587E0));
#446=LINE('',#445,#444);
#447=CURVE_STYLE('',#25,POSITIVE_LENGTH_MEASURE(2.E-2),#18);
#448=PRESENTATION_STYLE_ASSIGNMENT((#447));
#449=STYLED_ITEM('',(#448),#446);
#450=CARTESIAN_POINT('',(1.1E0,0.E0,0.E0));
#451=DIRECTION('',(1.E0,0.E0,0.E0));
#452=DIRECTION('',(0.E0,-2.46211875E-1,9.692160298968E-1));
#453=AXIS2_PLACEMENT_3D('',#450,#451,#452);
#455=CURVE_STYLE('',#25,POSITIVE_LENGTH_MEASURE(2.E-2),#18);
#456=PRESENTATION_STYLE_ASSIGNMENT((#455));
#457=STYLED_ITEM('',(#456),#454);
#458=DIRECTION('',(1.E0,0.E0,0.E0));
#459=VECTOR('',#458,5.5E-1);
#460=CARTESIAN_POINT('',(5.5E-1,-9.848475E-1,3.876864119587E0));
#461=LINE('',#460,#459);
#462=CURVE_STYLE('',#25,POSITIVE_LENGTH_MEASURE(2.E-2),#18);
#463=PRESENTATION_STYLE_ASSIGNMENT((#462));
#464=STYLED_ITEM('',(#463),#461);
#465=DIRECTION('',(1.E0,0.E0,0.E0));
#466=VECTOR('',#465,5.5E-1);
#467=CARTESIAN_POINT('',(5.5E-1,-3.876864119587E0,9.848475E-1));
#468=LINE('',#467,#466);
#469=CURVE_STYLE('',#25,POSITIVE_LENGTH_MEASURE(2.E-2),#18);
#470=PRESENTATION_STYLE_ASSIGNMENT((#469));
#471=STYLED_ITEM('',(#470),#468);
#472=CARTESIAN_POINT('',(5.5E-1,0.E0,0.E0));
#473=DIRECTION('',(1.E0,0.E0,0.E0));
#474=DIRECTION('',(0.E0,-2.46211875E-1,9.692160298968E-1));
#475=AXIS2_PLACEMENT_3D('',#472,#473,#474);
#477=CURVE_STYLE('',#25,POSITIVE_LENGTH_MEASURE(2.E-2),#18);
#478=PRESENTATION_STYLE_ASSIGNMENT((#477));
#479=STYLED_ITEM('',(#478),#476);
#480=DIRECTION('',(0.E0,0.E0,1.E0));
#481=VECTOR('',#480,2.731358804127E-1);
#482=CARTESIAN_POINT('',(5.5E-1,-9.848475E-1,3.876864119587E0));
#483=LINE('',#482,#481);
#484=CURVE_STYLE('',#25,POSITIVE_LENGTH_MEASURE(2.E-2),#18);
#485=PRESENTATION_STYLE_ASSIGNMENT((#484));
#486=STYLED_ITEM('',(#485),#483);
#487=CARTESIAN_POINT('',(5.5E-1,0.E0,0.E0));
#488=DIRECTION('',(1.E0,0.E0,0.E0));
#489=DIRECTION('',(0.E0,9.692160298968E-1,2.46211875E-1));
#490=AXIS2_PLACEMENT_3D('',#487,#488,#489);
#492=CURVE_STYLE('',#25,POSITIVE_LENGTH_MEASURE(2.E-2),#18);
#493=PRESENTATION_STYLE_ASSIGNMENT((#492));
#494=STYLED_ITEM('',(#493),#491);
#495=DIRECTION('',(0.E0,-1.E0,0.E0));
#496=VECTOR('',#495,2.731358804127E-1);
#497=CARTESIAN_POINT('',(5.5E-1,4.15E0,-9.848475E-1));
#498=LINE('',#497,#496);
#499=CURVE_STYLE('',#25,POSITIVE_LENGTH_MEASURE(2.E-2),#18);
#500=PRESENTATION_STYLE_ASSIGNMENT((#499));
#501=STYLED_ITEM('',(#500),#498);
#502=CARTESIAN_POINT('',(5.5E-1,0.E0,0.E0));
#503=DIRECTION('',(1.E0,0.E0,0.E0));
#504=DIRECTION('',(0.E0,2.46211875E-1,-9.692160298968E-1));
#505=AXIS2_PLACEMENT_3D('',#502,#503,#504);
#507=CURVE_STYLE('',#25,POSITIVE_LENGTH_MEASURE(2.E-2),#18);
#508=PRESENTATION_STYLE_ASSIGNMENT((#507));
#509=STYLED_ITEM('',(#508),#506);
#510=DIRECTION('',(0.E0,0.E0,1.E0));
#511=VECTOR('',#510,2.731358804127E-1);
#512=CARTESIAN_POINT('',(5.5E-1,-9.848475E-1,-4.15E0));
#513=LINE('',#512,#511);
#514=CURVE_STYLE('',#25,POSITIVE_LENGTH_MEASURE(2.E-2),#18);
#515=PRESENTATION_STYLE_ASSIGNMENT((#514));
#516=STYLED_ITEM('',(#515),#513);
#517=CARTESIAN_POINT('',(5.5E-1,0.E0,0.E0));
#518=DIRECTION('',(1.E0,0.E0,0.E0));
#519=DIRECTION('',(0.E0,-9.692160298968E-1,-2.46211875E-1));
#520=AXIS2_PLACEMENT_3D('',#517,#518,#519);
#522=CURVE_STYLE('',#25,POSITIVE_LENGTH_MEASURE(2.E-2),#18);
#523=PRESENTATION_STYLE_ASSIGNMENT((#522));
#524=STYLED_ITEM('',(#523),#521);
#525=DIRECTION('',(0.E0,-1.E0,0.E0));
#526=VECTOR('',#525,2.731358804127E-1);
#527=CARTESIAN_POINT('',(5.5E-1,-3.876864119587E0,-9.848475E-1));
#528=LINE('',#527,#526);
#529=CURVE_STYLE('',#25,POSITIVE_LENGTH_MEASURE(2.E-2),#18);
#530=PRESENTATION_STYLE_ASSIGNMENT((#529));
#531=STYLED_ITEM('',(#530),#528);
#532=DIRECTION('',(0.E0,0.E0,1.E0));
#533=VECTOR('',#532,2.731358804127E-1);
#534=CARTESIAN_POINT('',(1.1E0,-9.848475E-1,3.876864119587E0));
#535=LINE('',#534,#533);
#536=CURVE_STYLE('',#25,POSITIVE_LENGTH_MEASURE(2.E-2),#18);
#537=PRESENTATION_STYLE_ASSIGNMENT((#536));
#538=STYLED_ITEM('',(#537),#535);
#539=DIRECTION('',(0.E0,0.E0,1.E0));
#540=VECTOR('',#539,2.731358804127E-1);
#541=CARTESIAN_POINT('',(1.9E0,-9.848475E-1,-4.15E0));
#542=LINE('',#541,#540);
#543=CURVE_STYLE('',#25,POSITIVE_LENGTH_MEASURE(2.E-2),#18);
#544=PRESENTATION_STYLE_ASSIGNMENT((#543));
#545=STYLED_ITEM('',(#544),#542);
#546=DIRECTION('',(0.E0,1.E0,0.E0));
#547=VECTOR('',#546,2.817930625E0);
#548=CARTESIAN_POINT('',(1.9E0,-3.802778125E0,-4.15E0));
#549=LINE('',#548,#547);
#550=CURVE_STYLE('',#25,POSITIVE_LENGTH_MEASURE(2.E-2),#18);
#551=PRESENTATION_STYLE_ASSIGNMENT((#550));
#552=STYLED_ITEM('',(#551),#549);
#553=CARTESIAN_POINT('',(1.9E0,-3.802778125E0,-3.802778125E0));
#554=DIRECTION('',(1.E0,0.E0,0.E0));
#555=DIRECTION('',(0.E0,-1.E0,-1.662671664350E-14));
#556=AXIS2_PLACEMENT_3D('',#553,#554,#555);
#558=CURVE_STYLE('',#25,POSITIVE_LENGTH_MEASURE(2.E-2),#18);
#559=PRESENTATION_STYLE_ASSIGNMENT((#558));
#560=STYLED_ITEM('',(#559),#557);
#561=DIRECTION('',(0.E0,-1.E0,0.E0));
#562=VECTOR('',#561,2.731358804127E-1);
#563=CARTESIAN_POINT('',(1.9E0,-3.876864119587E0,-9.848475E-1));
#564=LINE('',#563,#562);
#565=CURVE_STYLE('',#25,POSITIVE_LENGTH_MEASURE(2.E-2),#18);
#566=PRESENTATION_STYLE_ASSIGNMENT((#565));
#567=STYLED_ITEM('',(#566),#564);
#568=CARTESIAN_POINT('',(1.9E0,0.E0,0.E0));
#569=DIRECTION('',(1.E0,0.E0,0.E0));
#570=DIRECTION('',(0.E0,-9.692160298968E-1,-2.46211875E-1));
#571=AXIS2_PLACEMENT_3D('',#568,#569,#570);
#573=CURVE_STYLE('',#25,POSITIVE_LENGTH_MEASURE(2.E-2),#18);
#574=PRESENTATION_STYLE_ASSIGNMENT((#573));
#575=STYLED_ITEM('',(#574),#572);
#576=DIRECTION('',(0.E0,0.E0,1.E0));
#577=VECTOR('',#576,2.731358804127E-1);
#578=CARTESIAN_POINT('',(1.9E0,9.848475E-1,-4.15E0));
#579=LINE('',#578,#577);
#580=CURVE_STYLE('',#25,POSITIVE_LENGTH_MEASURE(2.E-2),#18);
#581=PRESENTATION_STYLE_ASSIGNMENT((#580));
#582=STYLED_ITEM('',(#581),#579);
#583=CARTESIAN_POINT('',(1.9E0,0.E0,0.E0));
#584=DIRECTION('',(1.E0,0.E0,0.E0));
#585=DIRECTION('',(0.E0,2.46211875E-1,-9.692160298968E-1));
#586=AXIS2_PLACEMENT_3D('',#583,#584,#585);
#588=CURVE_STYLE('',#25,POSITIVE_LENGTH_MEASURE(2.E-2),#18);
#589=PRESENTATION_STYLE_ASSIGNMENT((#588));
#590=STYLED_ITEM('',(#589),#587);
#591=DIRECTION('',(0.E0,-1.E0,0.E0));
#592=VECTOR('',#591,2.731358804127E-1);
#593=CARTESIAN_POINT('',(1.9E0,4.15E0,-9.848475E-1));
#594=LINE('',#593,#592);
#595=CURVE_STYLE('',#25,POSITIVE_LENGTH_MEASURE(2.E-2),#18);
#596=PRESENTATION_STYLE_ASSIGNMENT((#595));
#597=STYLED_ITEM('',(#596),#594);
#598=DIRECTION('',(0.E0,0.E0,1.E0));
#599=VECTOR('',#598,2.817930625E0);
#600=CARTESIAN_POINT('',(1.9E0,4.15E0,-3.802778125E0));
#601=LINE('',#600,#599);
#602=CURVE_STYLE('',#25,POSITIVE_LENGTH_MEASURE(2.E-2),#18);
#603=PRESENTATION_STYLE_ASSIGNMENT((#602));
#604=STYLED_ITEM('',(#603),#601);
#605=CARTESIAN_POINT('',(1.9E0,3.802778125E0,-3.802778125E0));
#606=DIRECTION('',(1.E0,0.E0,0.E0));
#607=DIRECTION('',(0.E0,1.662671664350E-14,-1.E0));
#608=AXIS2_PLACEMENT_3D('',#605,#606,#607);
#610=CURVE_STYLE('',#25,POSITIVE_LENGTH_MEASURE(2.E-2),#18);
#611=PRESENTATION_STYLE_ASSIGNMENT((#610));
#612=STYLED_ITEM('',(#611),#609);
#613=DIRECTION('',(0.E0,1.E0,0.E0));
#614=VECTOR('',#613,2.817930625E0);
#615=CARTESIAN_POINT('',(1.9E0,9.848475E-1,-4.15E0));
#616=LINE('',#615,#614);
#617=CURVE_STYLE('',#25,POSITIVE_LENGTH_MEASURE(2.E-2),#18);
#618=PRESENTATION_STYLE_ASSIGNMENT((#617));
#619=STYLED_ITEM('',(#618),#616);
#620=DIRECTION('',(-1.E0,0.E0,0.E0));
#621=VECTOR('',#620,1.35E0);
#622=CARTESIAN_POINT('',(1.9E0,-9.848475E-1,-4.15E0));
#623=LINE('',#622,#621);
#624=CURVE_STYLE('',#25,POSITIVE_LENGTH_MEASURE(2.E-2),#18);
#625=PRESENTATION_STYLE_ASSIGNMENT((#624));
#626=STYLED_ITEM('',(#625),#623);
#627=DIRECTION('',(0.E0,1.E0,0.E0));
#628=VECTOR('',#627,1.969695E0);
#629=CARTESIAN_POINT('',(5.5E-1,-9.848475E-1,-4.15E0));
#630=LINE('',#629,#628);
#631=CURVE_STYLE('',#25,POSITIVE_LENGTH_MEASURE(2.E-2),#18);
#632=PRESENTATION_STYLE_ASSIGNMENT((#631));
#633=STYLED_ITEM('',(#632),#630);
#634=DIRECTION('',(-1.E0,0.E0,0.E0));
#635=VECTOR('',#634,1.35E0);
#636=CARTESIAN_POINT('',(1.9E0,9.848475E-1,-4.15E0));
#637=LINE('',#636,#635);
#638=CURVE_STYLE('',#25,POSITIVE_LENGTH_MEASURE(2.E-2),#18);
#639=PRESENTATION_STYLE_ASSIGNMENT((#638));
#640=STYLED_ITEM('',(#639),#637);
#641=DIRECTION('',(1.E0,0.E0,0.E0));
#642=VECTOR('',#641,2.E-1);
#643=CARTESIAN_POINT('',(0.E0,5.5E-1,-4.15E0));
#644=LINE('',#643,#642);
#645=CURVE_STYLE('',#25,POSITIVE_LENGTH_MEASURE(2.E-2),#18);
#646=PRESENTATION_STYLE_ASSIGNMENT((#645));
#647=STYLED_ITEM('',(#646),#644);
#648=DIRECTION('',(0.E0,-1.E0,0.E0));
#649=VECTOR('',#648,1.E-1);
#650=CARTESIAN_POINT('',(2.E-1,5.5E-1,-4.15E0));
#651=LINE('',#650,#649);
#652=CURVE_STYLE('',#25,POSITIVE_LENGTH_MEASURE(2.E-2),#18);
#653=PRESENTATION_STYLE_ASSIGNMENT((#652));
#654=STYLED_ITEM('',(#653),#651);
#655=DIRECTION('',(0.E0,-1.E0,0.E0));
#656=VECTOR('',#655,9.E-1);
#657=CARTESIAN_POINT('',(2.E-1,4.5E-1,-4.15E0));
#658=LINE('',#657,#656);
#659=CURVE_STYLE('',#25,POSITIVE_LENGTH_MEASURE(2.E-2),#18);
#660=PRESENTATION_STYLE_ASSIGNMENT((#659));
#661=STYLED_ITEM('',(#660),#658);
#662=DIRECTION('',(0.E0,-1.E0,0.E0));
#663=VECTOR('',#662,1.E-1);
#664=CARTESIAN_POINT('',(2.E-1,-4.5E-1,-4.15E0));
#665=LINE('',#664,#663);
#666=CURVE_STYLE('',#25,POSITIVE_LENGTH_MEASURE(2.E-2),#18);
#667=PRESENTATION_STYLE_ASSIGNMENT((#666));
#668=STYLED_ITEM('',(#667),#665);
#669=DIRECTION('',(1.E0,0.E0,0.E0));
#670=VECTOR('',#669,2.E-1);
#671=CARTESIAN_POINT('',(0.E0,-5.5E-1,-4.15E0));
#672=LINE('',#671,#670);
#673=CURVE_STYLE('',#25,POSITIVE_LENGTH_MEASURE(2.E-2),#18);
#674=PRESENTATION_STYLE_ASSIGNMENT((#673));
#675=STYLED_ITEM('',(#674),#672);
#676=DIRECTION('',(1.E0,0.E0,0.E0));
#677=VECTOR('',#676,1.9E0);
#678=CARTESIAN_POINT('',(0.E0,-3.802778125E0,-4.15E0));
#679=LINE('',#678,#677);
#680=CURVE_STYLE('',#25,POSITIVE_LENGTH_MEASURE(2.E-2),#18);
#681=PRESENTATION_STYLE_ASSIGNMENT((#680));
#682=STYLED_ITEM('',(#681),#679);
#683=DIRECTION('',(0.E0,0.E0,1.E0));
#684=VECTOR('',#683,2.731358804127E-1);
#685=CARTESIAN_POINT('',(5.5E-1,9.848475E-1,-4.15E0));
#686=LINE('',#685,#684);
#687=CURVE_STYLE('',#25,POSITIVE_LENGTH_MEASURE(2.E-2),#18);
#688=PRESENTATION_STYLE_ASSIGNMENT((#687));
#689=STYLED_ITEM('',(#688),#686);
#690=DIRECTION('',(0.E0,0.E0,1.E0));
#691=VECTOR('',#690,2.731358804127E-1);
#692=CARTESIAN_POINT('',(1.1E0,9.848475E-1,3.876864119587E0));
#693=LINE('',#692,#691);
#694=CURVE_STYLE('',#25,POSITIVE_LENGTH_MEASURE(2.E-2),#18);
#695=PRESENTATION_STYLE_ASSIGNMENT((#694));
#696=STYLED_ITEM('',(#695),#693);
#697=DIRECTION('',(0.E0,0.E0,1.E0));
#698=VECTOR('',#697,2.731358804127E-1);
#699=CARTESIAN_POINT('',(5.5E-1,9.848475E-1,3.876864119587E0));
#700=LINE('',#699,#698);
#701=CURVE_STYLE('',#25,POSITIVE_LENGTH_MEASURE(2.E-2),#18);
#702=PRESENTATION_STYLE_ASSIGNMENT((#701));
#703=STYLED_ITEM('',(#702),#700);
#704=DIRECTION('',(1.E0,0.E0,0.E0));
#705=VECTOR('',#704,1.35E0);
#706=CARTESIAN_POINT('',(5.5E-1,-9.848475E-1,-3.876864119587E0));
#707=LINE('',#706,#705);
#708=CURVE_STYLE('',#25,POSITIVE_LENGTH_MEASURE(2.E-2),#18);
#709=PRESENTATION_STYLE_ASSIGNMENT((#708));
#710=STYLED_ITEM('',(#709),#707);
#711=DIRECTION('',(1.E0,0.E0,0.E0));
#712=VECTOR('',#711,1.35E0);
#713=CARTESIAN_POINT('',(5.5E-1,-3.876864119587E0,-9.848475E-1));
#714=LINE('',#713,#712);
#715=CURVE_STYLE('',#25,POSITIVE_LENGTH_MEASURE(2.E-2),#18);
#716=PRESENTATION_STYLE_ASSIGNMENT((#715));
#717=STYLED_ITEM('',(#716),#714);
#718=DIRECTION('',(1.E0,0.E0,0.E0));
#719=VECTOR('',#718,1.35E0);
#720=CARTESIAN_POINT('',(5.5E-1,9.848475E-1,-3.876864119587E0));
#721=LINE('',#720,#719);
#722=CURVE_STYLE('',#25,POSITIVE_LENGTH_MEASURE(2.E-2),#18);
#723=PRESENTATION_STYLE_ASSIGNMENT((#722));
#724=STYLED_ITEM('',(#723),#721);
#725=DIRECTION('',(1.E0,0.E0,0.E0));
#726=VECTOR('',#725,1.35E0);
#727=CARTESIAN_POINT('',(5.5E-1,3.876864119587E0,-9.848475E-1));
#728=LINE('',#727,#726);
#729=CURVE_STYLE('',#25,POSITIVE_LENGTH_MEASURE(2.E-2),#18);
#730=PRESENTATION_STYLE_ASSIGNMENT((#729));
#731=STYLED_ITEM('',(#730),#728);
#732=DIRECTION('',(0.E0,0.E0,-1.E0));
#733=VECTOR('',#732,2.27878975E0);
#734=CARTESIAN_POINT('',(1.1E0,-4.15E0,3.26363725E0));
#735=LINE('',#734,#733);
#736=CURVE_STYLE('',#25,POSITIVE_LENGTH_MEASURE(2.E-2),#18);
#737=PRESENTATION_STYLE_ASSIGNMENT((#736));
#738=STYLED_ITEM('',(#737),#735);
#739=DIRECTION('',(-1.E0,0.E0,0.E0));
#740=VECTOR('',#739,5.5E-1);
#741=CARTESIAN_POINT('',(1.1E0,-4.15E0,9.848475E-1));
#742=LINE('',#741,#740);
#743=CURVE_STYLE('',#25,POSITIVE_LENGTH_MEASURE(2.E-2),#18);
#744=PRESENTATION_STYLE_ASSIGNMENT((#743));
#745=STYLED_ITEM('',(#744),#742);
#746=DIRECTION('',(0.E0,0.E0,1.E0));
#747=VECTOR('',#746,1.969695E0);
#748=CARTESIAN_POINT('',(5.5E-1,-4.15E0,-9.848475E-1));
#749=LINE('',#748,#747);
#750=CURVE_STYLE('',#25,POSITIVE_LENGTH_MEASURE(2.E-2),#18);
#751=PRESENTATION_STYLE_ASSIGNMENT((#750));
#752=STYLED_ITEM('',(#751),#749);
#753=DIRECTION('',(-1.E0,0.E0,0.E0));
#754=VECTOR('',#753,1.35E0);
#755=CARTESIAN_POINT('',(1.9E0,-4.15E0,-9.848475E-1));
#756=LINE('',#755,#754);
#757=CURVE_STYLE('',#25,POSITIVE_LENGTH_MEASURE(2.E-2),#18);
#758=PRESENTATION_STYLE_ASSIGNMENT((#757));
#759=STYLED_ITEM('',(#758),#756);
#760=DIRECTION('',(0.E0,0.E0,-1.E0));
#761=VECTOR('',#760,2.817930625E0);
#762=CARTESIAN_POINT('',(1.9E0,-4.15E0,-9.848475E-1));
#763=LINE('',#762,#761);
#764=CURVE_STYLE('',#25,POSITIVE_LENGTH_MEASURE(2.E-2),#18);
#765=PRESENTATION_STYLE_ASSIGNMENT((#764));
#766=STYLED_ITEM('',(#765),#763);
#767=DIRECTION('',(0.E0,0.E0,1.E0));
#768=VECTOR('',#767,1.537628875E0);
#769=CARTESIAN_POINT('',(0.E0,-4.15E0,-3.802778125E0));
#770=LINE('',#769,#768);
#771=CURVE_STYLE('',#25,POSITIVE_LENGTH_MEASURE(2.E-2),#18);
#772=PRESENTATION_STYLE_ASSIGNMENT((#771));
#773=STYLED_ITEM('',(#772),#770);
#774=DIRECTION('',(1.E0,0.E0,0.E0));
#775=VECTOR('',#774,5.E-2);
#776=CARTESIAN_POINT('',(0.E0,-4.15E0,-2.26514925E0));
#777=LINE('',#776,#775);
#778=CURVE_STYLE('',#25,POSITIVE_LENGTH_MEASURE(2.E-2),#18);
#779=PRESENTATION_STYLE_ASSIGNMENT((#778));
#780=STYLED_ITEM('',(#779),#777);
#781=DIRECTION('',(0.E0,0.E0,-1.E0));
#782=VECTOR('',#781,4.5302985E0);
#783=CARTESIAN_POINT('',(5.E-2,-4.15E0,2.26514925E0));
#784=LINE('',#783,#782);
#785=CURVE_STYLE('',#25,POSITIVE_LENGTH_MEASURE(2.E-2),#18);
#786=PRESENTATION_STYLE_ASSIGNMENT((#785));
#787=STYLED_ITEM('',(#786),#784);
#788=DIRECTION('',(1.E0,0.E0,0.E0));
#789=VECTOR('',#788,5.E-2);
#790=CARTESIAN_POINT('',(0.E0,-4.15E0,2.26514925E0));
#791=LINE('',#790,#789);
#792=CURVE_STYLE('',#25,POSITIVE_LENGTH_MEASURE(2.E-2),#18);
#793=PRESENTATION_STYLE_ASSIGNMENT((#792));
#794=STYLED_ITEM('',(#793),#791);
#795=DIRECTION('',(0.E0,0.E0,1.E0));
#796=VECTOR('',#795,9.98488E-1);
#797=CARTESIAN_POINT('',(0.E0,-4.15E0,2.26514925E0));
#798=LINE('',#797,#796);
#799=CURVE_STYLE('',#25,POSITIVE_LENGTH_MEASURE(2.E-2),#18);
#800=PRESENTATION_STYLE_ASSIGNMENT((#799));
#801=STYLED_ITEM('',(#800),#798);
#802=DIRECTION('',(1.E0,0.E0,0.E0));
#803=VECTOR('',#802,1.1E0);
#804=CARTESIAN_POINT('',(0.E0,-4.15E0,3.26363725E0));
#805=LINE('',#804,#803);
#806=CURVE_STYLE('',#25,POSITIVE_LENGTH_MEASURE(2.E-2),#18);
#807=PRESENTATION_STYLE_ASSIGNMENT((#806));
#808=STYLED_ITEM('',(#807),#805);
#809=DIRECTION('',(1.E0,0.E0,0.E0));
#810=VECTOR('',#809,1.9E0);
#811=CARTESIAN_POINT('',(0.E0,-4.15E0,-3.802778125E0));
#812=LINE('',#811,#810);
#813=CURVE_STYLE('',#25,POSITIVE_LENGTH_MEASURE(2.E-2),#18);
#814=PRESENTATION_STYLE_ASSIGNMENT((#813));
#815=STYLED_ITEM('',(#814),#812);
#816=DIRECTION('',(0.E0,7.071067811865E-1,7.071067811865E-1));
#817=VECTOR('',#816,1.253506222232E0);
#818=CARTESIAN_POINT('',(1.1E0,-4.15E0,3.26363725E0));
#819=LINE('',#818,#817);
#820=CURVE_STYLE('',#25,POSITIVE_LENGTH_MEASURE(2.E-2),#18);
#821=PRESENTATION_STYLE_ASSIGNMENT((#820));
#822=STYLED_ITEM('',(#821),#819);
#823=DIRECTION('',(0.E0,-1.E0,0.E0));
#824=VECTOR('',#823,2.27878975E0);
#825=CARTESIAN_POINT('',(1.1E0,3.26363725E0,4.15E0));
#826=LINE('',#825,#824);
#827=CURVE_STYLE('',#25,POSITIVE_LENGTH_MEASURE(2.E-2),#18);
#828=PRESENTATION_STYLE_ASSIGNMENT((#827));
#829=STYLED_ITEM('',(#828),#826);
#830=DIRECTION('',(-1.E0,0.E0,0.E0));
#831=VECTOR('',#830,5.5E-1);
#832=CARTESIAN_POINT('',(1.1E0,9.848475E-1,4.15E0));
#833=LINE('',#832,#831);
#834=CURVE_STYLE('',#25,POSITIVE_LENGTH_MEASURE(2.E-2),#18);
#835=PRESENTATION_STYLE_ASSIGNMENT((#834));
#836=STYLED_ITEM('',(#835),#833);
#837=DIRECTION('',(0.E0,-1.E0,0.E0));
#838=VECTOR('',#837,1.969695E0);
#839=CARTESIAN_POINT('',(5.5E-1,9.848475E-1,4.15E0));
#840=LINE('',#839,#838);
#841=CURVE_STYLE('',#25,POSITIVE_LENGTH_MEASURE(2.E-2),#18);
#842=PRESENTATION_STYLE_ASSIGNMENT((#841));
#843=STYLED_ITEM('',(#842),#840);
#844=DIRECTION('',(-1.E0,0.E0,0.E0));
#845=VECTOR('',#844,5.5E-1);
#846=CARTESIAN_POINT('',(1.1E0,-9.848475E-1,4.15E0));
#847=LINE('',#846,#845);
#848=CURVE_STYLE('',#25,POSITIVE_LENGTH_MEASURE(2.E-2),#18);
#849=PRESENTATION_STYLE_ASSIGNMENT((#848));
#850=STYLED_ITEM('',(#849),#847);
#851=DIRECTION('',(0.E0,-1.E0,0.E0));
#852=VECTOR('',#851,2.27878975E0);
#853=CARTESIAN_POINT('',(1.1E0,-9.848475E-1,4.15E0));
#854=LINE('',#853,#852);
#855=CURVE_STYLE('',#25,POSITIVE_LENGTH_MEASURE(2.E-2),#18);
#856=PRESENTATION_STYLE_ASSIGNMENT((#855));
#857=STYLED_ITEM('',(#856),#854);
#858=DIRECTION('',(1.E0,0.E0,0.E0));
#859=VECTOR('',#858,1.1E0);
#860=CARTESIAN_POINT('',(0.E0,-3.26363725E0,4.15E0));
#861=LINE('',#860,#859);
#862=CURVE_STYLE('',#25,POSITIVE_LENGTH_MEASURE(2.E-2),#18);
#863=PRESENTATION_STYLE_ASSIGNMENT((#862));
#864=STYLED_ITEM('',(#863),#861);
#865=DIRECTION('',(1.E0,0.E0,0.E0));
#866=VECTOR('',#865,2.E-1);
#867=CARTESIAN_POINT('',(0.E0,-5.5E-1,4.15E0));
#868=LINE('',#867,#866);
#869=CURVE_STYLE('',#25,POSITIVE_LENGTH_MEASURE(2.E-2),#18);
#870=PRESENTATION_STYLE_ASSIGNMENT((#869));
#871=STYLED_ITEM('',(#870),#868);
#872=DIRECTION('',(0.E0,1.E0,0.E0));
#873=VECTOR('',#872,1.E-1);
#874=CARTESIAN_POINT('',(2.E-1,-5.5E-1,4.15E0));
#875=LINE('',#874,#873);
#876=CURVE_STYLE('',#25,POSITIVE_LENGTH_MEASURE(2.E-2),#18);
#877=PRESENTATION_STYLE_ASSIGNMENT((#876));
#878=STYLED_ITEM('',(#877),#875);
#879=DIRECTION('',(0.E0,-1.E0,0.E0));
#880=VECTOR('',#879,9.E-1);
#881=CARTESIAN_POINT('',(2.E-1,4.5E-1,4.15E0));
#882=LINE('',#881,#880);
#883=CURVE_STYLE('',#25,POSITIVE_LENGTH_MEASURE(2.E-2),#18);
#884=PRESENTATION_STYLE_ASSIGNMENT((#883));
#885=STYLED_ITEM('',(#884),#882);
#886=DIRECTION('',(0.E0,1.E0,0.E0));
#887=VECTOR('',#886,1.E-1);
#888=CARTESIAN_POINT('',(2.E-1,4.5E-1,4.15E0));
#889=LINE('',#888,#887);
#890=CURVE_STYLE('',#25,POSITIVE_LENGTH_MEASURE(2.E-2),#18);
#891=PRESENTATION_STYLE_ASSIGNMENT((#890));
#892=STYLED_ITEM('',(#891),#889);
#893=DIRECTION('',(1.E0,0.E0,0.E0));
#894=VECTOR('',#893,2.E-1);
#895=CARTESIAN_POINT('',(0.E0,5.5E-1,4.15E0));
#896=LINE('',#895,#894);
#897=CURVE_STYLE('',#25,POSITIVE_LENGTH_MEASURE(2.E-2),#18);
#898=PRESENTATION_STYLE_ASSIGNMENT((#897));
#899=STYLED_ITEM('',(#898),#896);
#900=DIRECTION('',(1.E0,0.E0,0.E0));
#901=VECTOR('',#900,1.1E0);
#902=CARTESIAN_POINT('',(0.E0,3.26363725E0,4.15E0));
#903=LINE('',#902,#901);
#904=CURVE_STYLE('',#25,POSITIVE_LENGTH_MEASURE(2.E-2),#18);
#905=PRESENTATION_STYLE_ASSIGNMENT((#904));
#906=STYLED_ITEM('',(#905),#903);
#907=DIRECTION('',(0.E0,0.E0,1.E0));
#908=VECTOR('',#907,2.7514925E-1);
#909=CARTESIAN_POINT('',(5.E-2,-5.5E-1,1.99E0));
#910=LINE('',#909,#908);
#911=CURVE_STYLE('',#25,POSITIVE_LENGTH_MEASURE(2.E-2),#18);
#912=PRESENTATION_STYLE_ASSIGNMENT((#911));
#913=STYLED_ITEM('',(#912),#910);
#914=DIRECTION('',(1.E0,0.E0,0.E0));
#915=VECTOR('',#914,1.5E-1);
#916=CARTESIAN_POINT('',(5.E-2,-5.5E-1,1.99E0));
#917=LINE('',#916,#915);
#918=CURVE_STYLE('',#25,POSITIVE_LENGTH_MEASURE(2.E-2),#18);
#919=PRESENTATION_STYLE_ASSIGNMENT((#918));
#920=STYLED_ITEM('',(#919),#917);
#921=DIRECTION('',(0.E0,0.E0,1.E0));
#922=VECTOR('',#921,2.16E0);
#923=CARTESIAN_POINT('',(2.E-1,-5.5E-1,1.99E0));
#924=LINE('',#923,#922);
#925=CURVE_STYLE('',#25,POSITIVE_LENGTH_MEASURE(2.E-2),#18);
#926=PRESENTATION_STYLE_ASSIGNMENT((#925));
#927=STYLED_ITEM('',(#926),#924);
#928=DIRECTION('',(0.E0,0.E0,-1.E0));
#929=VECTOR('',#928,1.88485075E0);
#930=CARTESIAN_POINT('',(0.E0,-5.5E-1,4.15E0));
#931=LINE('',#930,#929);
#932=CURVE_STYLE('',#25,POSITIVE_LENGTH_MEASURE(2.E-2),#18);
#933=PRESENTATION_STYLE_ASSIGNMENT((#932));
#934=STYLED_ITEM('',(#933),#931);
#935=DIRECTION('',(1.E0,0.E0,0.E0));
#936=VECTOR('',#935,5.E-2);
#937=CARTESIAN_POINT('',(0.E0,-5.5E-1,2.26514925E0));
#938=LINE('',#937,#936);
#939=CURVE_STYLE('',#25,POSITIVE_LENGTH_MEASURE(2.E-2),#18);
#940=PRESENTATION_STYLE_ASSIGNMENT((#939));
#941=STYLED_ITEM('',(#940),#938);
#942=CARTESIAN_POINT('',(5.E-2,-1.E-2,1.99E0));
#943=DIRECTION('',(1.E0,0.E0,0.E0));
#944=DIRECTION('',(0.E0,-1.E0,0.E0));
#945=AXIS2_PLACEMENT_3D('',#942,#943,#944);
#947=CURVE_STYLE('',#25,POSITIVE_LENGTH_MEASURE(2.E-2),#18);
#948=PRESENTATION_STYLE_ASSIGNMENT((#947));
#949=STYLED_ITEM('',(#948),#946);
#950=DIRECTION('',(1.E0,0.E0,0.E0));
#951=VECTOR('',#950,1.5E-1);
#952=CARTESIAN_POINT('',(5.E-2,-1.E-2,1.45E0));
#953=LINE('',#952,#951);
#954=CURVE_STYLE('',#25,POSITIVE_LENGTH_MEASURE(2.E-2),#18);
#955=PRESENTATION_STYLE_ASSIGNMENT((#954));
#956=STYLED_ITEM('',(#955),#953);
#957=CARTESIAN_POINT('',(2.E-1,-1.E-2,1.99E0));
#958=DIRECTION('',(-1.E0,0.E0,0.E0));
#959=DIRECTION('',(0.E0,0.E0,-1.E0));
#960=AXIS2_PLACEMENT_3D('',#957,#958,#959);
#962=CURVE_STYLE('',#25,POSITIVE_LENGTH_MEASURE(2.E-2),#18);
#963=PRESENTATION_STYLE_ASSIGNMENT((#962));
#964=STYLED_ITEM('',(#963),#961);
#965=DIRECTION('',(0.E0,-1.E0,0.E0));
#966=VECTOR('',#965,2.E-2);
#967=CARTESIAN_POINT('',(5.E-2,1.E-2,1.45E0));
#968=LINE('',#967,#966);
#969=CURVE_STYLE('',#25,POSITIVE_LENGTH_MEASURE(2.E-2),#18);
#970=PRESENTATION_STYLE_ASSIGNMENT((#969));
#971=STYLED_ITEM('',(#970),#968);
#972=DIRECTION('',(1.E0,0.E0,0.E0));
#973=VECTOR('',#972,1.5E-1);
#974=CARTESIAN_POINT('',(5.E-2,1.E-2,1.45E0));
#975=LINE('',#974,#973);
#976=CURVE_STYLE('',#25,POSITIVE_LENGTH_MEASURE(2.E-2),#18);
#977=PRESENTATION_STYLE_ASSIGNMENT((#976));
#978=STYLED_ITEM('',(#977),#975);
#979=CARTESIAN_POINT('',(5.E-2,1.E-2,1.99E0));
#980=DIRECTION('',(1.E0,0.E0,0.E0));
#981=DIRECTION('',(0.E0,0.E0,-1.E0));
#982=AXIS2_PLACEMENT_3D('',#979,#980,#981);
#984=CURVE_STYLE('',#25,POSITIVE_LENGTH_MEASURE(2.E-2),#18);
#985=PRESENTATION_STYLE_ASSIGNMENT((#984));
#986=STYLED_ITEM('',(#985),#983);
#987=DIRECTION('',(1.E0,0.E0,0.E0));
#988=VECTOR('',#987,1.5E-1);
#989=CARTESIAN_POINT('',(5.E-2,5.5E-1,1.99E0));
#990=LINE('',#989,#988);
#991=CURVE_STYLE('',#25,POSITIVE_LENGTH_MEASURE(2.E-2),#18);
#992=PRESENTATION_STYLE_ASSIGNMENT((#991));
#993=STYLED_ITEM('',(#992),#990);
#994=CARTESIAN_POINT('',(2.E-1,1.E-2,1.99E0));
#995=DIRECTION('',(-1.E0,0.E0,0.E0));
#996=DIRECTION('',(0.E0,1.E0,0.E0));
#997=AXIS2_PLACEMENT_3D('',#994,#995,#996);
#999=CURVE_STYLE('',#25,POSITIVE_LENGTH_MEASURE(2.E-2),#18);
#1000=PRESENTATION_STYLE_ASSIGNMENT((#999));
#1001=STYLED_ITEM('',(#1000),#998);
#1002=DIRECTION('',(0.E0,0.E0,-1.E0));
#1003=VECTOR('',#1002,2.15E0);
#1004=CARTESIAN_POINT('',(2.E-1,4.5E-1,4.15E0));
#1005=LINE('',#1004,#1003);
#1006=CURVE_STYLE('',#25,POSITIVE_LENGTH_MEASURE(2.E-2),#18);
#1007=PRESENTATION_STYLE_ASSIGNMENT((#1006));
#1008=STYLED_ITEM('',(#1007),#1005);
#1009=CARTESIAN_POINT('',(2.E-1,0.E0,2.E0));
#1010=DIRECTION('',(-1.E0,0.E0,0.E0));
#1011=DIRECTION('',(0.E0,1.E0,0.E0));
#1012=AXIS2_PLACEMENT_3D('',#1009,#1010,#1011);
#1014=CURVE_STYLE('',#25,POSITIVE_LENGTH_MEASURE(2.E-2),#18);
#1015=PRESENTATION_STYLE_ASSIGNMENT((#1014));
#1016=STYLED_ITEM('',(#1015),#1013);
#1017=DIRECTION('',(0.E0,0.E0,-1.E0));
#1018=VECTOR('',#1017,2.15E0);
#1019=CARTESIAN_POINT('',(2.E-1,-4.5E-1,4.15E0));
#1020=LINE('',#1019,#1018);
#1021=CURVE_STYLE('',#25,POSITIVE_LENGTH_MEASURE(2.E-2),#18);
#1022=PRESENTATION_STYLE_ASSIGNMENT((#1021));
#1023=STYLED_ITEM('',(#1022),#1020);
#1024=DIRECTION('',(0.E0,-1.E0,0.E0));
#1025=VECTOR('',#1024,2.E-2);
#1026=CARTESIAN_POINT('',(2.E-1,1.E-2,1.45E0));
#1027=LINE('',#1026,#1025);
#1028=CURVE_STYLE('',#25,POSITIVE_LENGTH_MEASURE(2.E-2),#18);
#1029=PRESENTATION_STYLE_ASSIGNMENT((#1028));
#1030=STYLED_ITEM('',(#1029),#1027);
#1031=DIRECTION('',(-5.759653509667E-2,0.E0,9.983399416756E-1));
#1032=VECTOR('',#1031,2.153575060206E0);
#1033=CARTESIAN_POINT('',(2.403846153846E-2,4.5E-1,2.E0));
#1034=LINE('',#1033,#1032);
#1035=CURVE_STYLE('',#25,POSITIVE_LENGTH_MEASURE(2.E-2),#18);
#1036=PRESENTATION_STYLE_ASSIGNMENT((#1035));
#1037=STYLED_ITEM('',(#1036),#1034);
#1038=DIRECTION('',(1.E0,0.E0,0.E0));
#1039=VECTOR('',#1038,1.759615384615E-1);
#1040=CARTESIAN_POINT('',(2.403846153846E-2,4.5E-1,2.E0));
#1041=LINE('',#1040,#1039);
#1042=CURVE_STYLE('',#25,POSITIVE_LENGTH_MEASURE(2.E-2),#18);
#1043=PRESENTATION_STYLE_ASSIGNMENT((#1042));
#1044=STYLED_ITEM('',(#1043),#1041);
#1045=DIRECTION('',(-1.E0,0.E0,0.E0));
#1046=VECTOR('',#1045,3.E-1);
#1047=CARTESIAN_POINT('',(2.E-1,4.5E-1,4.55E0));
#1048=LINE('',#1047,#1046);
#1049=CURVE_STYLE('',#25,POSITIVE_LENGTH_MEASURE(2.E-2),#18);
#1050=PRESENTATION_STYLE_ASSIGNMENT((#1049));
#1051=STYLED_ITEM('',(#1050),#1048);
#1052=DIRECTION('',(0.E0,0.E0,-1.E0));
#1053=VECTOR('',#1052,4.E-1);
#1054=CARTESIAN_POINT('',(-1.E-1,4.5E-1,4.55E0));
#1055=LINE('',#1054,#1053);
#1056=CURVE_STYLE('',#25,POSITIVE_LENGTH_MEASURE(2.E-2),#18);
#1057=PRESENTATION_STYLE_ASSIGNMENT((#1056));
#1058=STYLED_ITEM('',(#1057),#1055);
#1059=DIRECTION('',(0.E0,-1.E0,0.E0));
#1060=VECTOR('',#1059,9.E-1);
#1061=CARTESIAN_POINT('',(-1.E-1,4.5E-1,4.15E0));
#1062=LINE('',#1061,#1060);
#1063=CURVE_STYLE('',#25,POSITIVE_LENGTH_MEASURE(2.E-2),#18);
#1064=PRESENTATION_STYLE_ASSIGNMENT((#1063));
#1065=STYLED_ITEM('',(#1064),#1062);
#1066=DIRECTION('',(0.E0,1.E0,0.E0));
#1067=VECTOR('',#1066,9.E-1);
#1068=CARTESIAN_POINT('',(-1.E-1,-4.5E-1,4.55E0));
#1069=LINE('',#1068,#1067);
#1070=CURVE_STYLE('',#25,POSITIVE_LENGTH_MEASURE(2.E-2),#18);
#1071=PRESENTATION_STYLE_ASSIGNMENT((#1070));
#1072=STYLED_ITEM('',(#1071),#1069);
#1073=DIRECTION('',(-1.E0,0.E0,0.E0));
#1074=VECTOR('',#1073,3.E-1);
#1075=CARTESIAN_POINT('',(2.E-1,-4.5E-1,4.55E0));
#1076=LINE('',#1075,#1074);
#1077=CURVE_STYLE('',#25,POSITIVE_LENGTH_MEASURE(2.E-2),#18);
#1078=PRESENTATION_STYLE_ASSIGNMENT((#1077));
#1079=STYLED_ITEM('',(#1078),#1076);
#1080=DIRECTION('',(0.E0,0.E0,1.E0));
#1081=VECTOR('',#1080,4.E-1);
#1082=CARTESIAN_POINT('',(2.E-1,-4.5E-1,4.15E0));
#1083=LINE('',#1082,#1081);
#1084=CURVE_STYLE('',#25,POSITIVE_LENGTH_MEASURE(2.E-2),#18);
#1085=PRESENTATION_STYLE_ASSIGNMENT((#1084));
#1086=STYLED_ITEM('',(#1085),#1083);
#1087=DIRECTION('',(0.E0,1.E0,0.E0));
#1088=VECTOR('',#1087,9.E-1);
#1089=CARTESIAN_POINT('',(2.E-1,-4.5E-1,4.55E0));
#1090=LINE('',#1089,#1088);
#1091=CURVE_STYLE('',#25,POSITIVE_LENGTH_MEASURE(2.E-2),#18);
#1092=PRESENTATION_STYLE_ASSIGNMENT((#1091));
#1093=STYLED_ITEM('',(#1092),#1090);
#1094=DIRECTION('',(0.E0,0.E0,-1.E0));
#1095=VECTOR('',#1094,4.E-1);
#1096=CARTESIAN_POINT('',(2.E-1,4.5E-1,4.55E0));
#1097=LINE('',#1096,#1095);
#1098=CURVE_STYLE('',#25,POSITIVE_LENGTH_MEASURE(2.E-2),#18);
#1099=PRESENTATION_STYLE_ASSIGNMENT((#1098));
#1100=STYLED_ITEM('',(#1099),#1097);
#1101=DIRECTION('',(-5.759653509667E-2,0.E0,9.983399416756E-1));
#1102=VECTOR('',#1101,2.153575060206E0);
#1103=CARTESIAN_POINT('',(2.403846153846E-2,-4.5E-1,2.E0));
#1104=LINE('',#1103,#1102);
#1105=CURVE_STYLE('',#25,POSITIVE_LENGTH_MEASURE(2.E-2),#18);
#1106=PRESENTATION_STYLE_ASSIGNMENT((#1105));
#1107=STYLED_ITEM('',(#1106),#1104);
#1108=DIRECTION('',(0.E0,0.E0,1.E0));
#1109=VECTOR('',#1108,4.E-1);
#1110=CARTESIAN_POINT('',(-1.E-1,-4.5E-1,4.15E0));
#1111=LINE('',#1110,#1109);
#1112=CURVE_STYLE('',#25,POSITIVE_LENGTH_MEASURE(2.E-2),#18);
#1113=PRESENTATION_STYLE_ASSIGNMENT((#1112));
#1114=STYLED_ITEM('',(#1113),#1111);
#1115=DIRECTION('',(-1.E0,0.E0,0.E0));
#1116=VECTOR('',#1115,1.759615384615E-1);
#1117=CARTESIAN_POINT('',(2.E-1,-4.5E-1,2.E0));
#1118=LINE('',#1117,#1116);
#1119=CURVE_STYLE('',#25,POSITIVE_LENGTH_MEASURE(2.E-2),#18);
#1120=PRESENTATION_STYLE_ASSIGNMENT((#1119));
#1121=STYLED_ITEM('',(#1120),#1118);
#1122=CARTESIAN_POINT('',(2.403846153846E-2,4.5E-1,2.E0));
#1123=CARTESIAN_POINT('',(2.709805818783E-2,4.5E-1,1.946966991411E0));
#1124=CARTESIAN_POINT('',(3.370752125127E-2,4.308015800283E-1,
1.832402964978E0));
#1125=CARTESIAN_POINT('',(4.294518732825E-2,3.276228827695E-1,
1.672283419644E0));
#1126=CARTESIAN_POINT('',(4.789751292439E-2,1.945164788760E-1,
1.586443109311E0));
#1127=CARTESIAN_POINT('',(4.972702810320E-2,8.127361937783E-2,
1.554731512878E0));
#1128=CARTESIAN_POINT('',(5.013648594840E-2,0.E0,1.547634243561E0));
#1129=CARTESIAN_POINT('',(4.972702810320E-2,-8.127361937783E-2,
1.554731512878E0));
#1130=CARTESIAN_POINT('',(4.789751292439E-2,-1.945164788760E-1,
1.586443109311E0));
#1131=CARTESIAN_POINT('',(4.294518732825E-2,-3.276228827695E-1,
1.672283419644E0));
#1132=CARTESIAN_POINT('',(3.370752125127E-2,-4.308015800283E-1,
1.832402964978E0));
#1133=CARTESIAN_POINT('',(2.709805818783E-2,-4.5E-1,1.946966991411E0));
#1134=CARTESIAN_POINT('',(2.403846153846E-2,-4.5E-1,2.E0));
#1136=CURVE_STYLE('',#25,POSITIVE_LENGTH_MEASURE(2.E-2),#18);
#1137=PRESENTATION_STYLE_ASSIGNMENT((#1136));
#1138=STYLED_ITEM('',(#1137),#1135);
#1139=DIRECTION('',(0.E0,-7.071067811865E-1,7.071067811865E-1));
#1140=VECTOR('',#1139,1.253506222232E0);
#1141=CARTESIAN_POINT('',(1.1E0,4.15E0,3.26363725E0));
#1142=LINE('',#1141,#1140);
#1143=CURVE_STYLE('',#25,POSITIVE_LENGTH_MEASURE(2.E-2),#18);
#1144=PRESENTATION_STYLE_ASSIGNMENT((#1143));
#1145=STYLED_ITEM('',(#1144),#1142);
#1146=DIRECTION('',(1.E0,0.E0,0.E0));
#1147=VECTOR('',#1146,1.9E0);
#1148=CARTESIAN_POINT('',(0.E0,3.802778125E0,-4.15E0));
#1149=LINE('',#1148,#1147);
#1150=CURVE_STYLE('',#25,POSITIVE_LENGTH_MEASURE(2.E-2),#18);
#1151=PRESENTATION_STYLE_ASSIGNMENT((#1150));
#1152=STYLED_ITEM('',(#1151),#1149);
#1153=DIRECTION('',(0.E0,0.E0,-1.E0));
#1154=VECTOR('',#1153,2.7514925E-1);
#1155=CARTESIAN_POINT('',(5.E-2,5.5E-1,-1.99E0));
#1156=LINE('',#1155,#1154);
#1157=CURVE_STYLE('',#25,POSITIVE_LENGTH_MEASURE(2.E-2),#18);
#1158=PRESENTATION_STYLE_ASSIGNMENT((#1157));
#1159=STYLED_ITEM('',(#1158),#1156);
#1160=DIRECTION('',(0.E0,0.E0,-1.E0));
#1161=VECTOR('',#1160,2.16E0);
#1162=CARTESIAN_POINT('',(2.E-1,5.5E-1,-1.99E0));
#1163=LINE('',#1162,#1161);
#1164=CURVE_STYLE('',#25,POSITIVE_LENGTH_MEASURE(2.E-2),#18);
#1165=PRESENTATION_STYLE_ASSIGNMENT((#1164));
#1166=STYLED_ITEM('',(#1165),#1163);
#1167=DIRECTION('',(0.E0,0.E0,1.E0));
#1168=VECTOR('',#1167,1.88485075E0);
#1169=CARTESIAN_POINT('',(0.E0,5.5E-1,-4.15E0));
#1170=LINE('',#1169,#1168);
#1171=CURVE_STYLE('',#25,POSITIVE_LENGTH_MEASURE(2.E-2),#18);
#1172=PRESENTATION_STYLE_ASSIGNMENT((#1171));
#1173=STYLED_ITEM('',(#1172),#1170);
#1174=DIRECTION('',(1.E0,0.E0,0.E0));
#1175=VECTOR('',#1174,5.E-2);
#1176=CARTESIAN_POINT('',(0.E0,5.5E-1,-2.26514925E0));
#1177=LINE('',#1176,#1175);
#1178=CURVE_STYLE('',#25,POSITIVE_LENGTH_MEASURE(2.E-2),#18);
#1179=PRESENTATION_STYLE_ASSIGNMENT((#1178));
#1180=STYLED_ITEM('',(#1179),#1177);
#1181=DIRECTION('',(0.E0,-1.E0,0.E0));
#1182=VECTOR('',#1181,2.E-2);
#1183=CARTESIAN_POINT('',(2.E-1,1.E-2,-1.45E0));
#1184=LINE('',#1183,#1182);
#1185=CURVE_STYLE('',#25,POSITIVE_LENGTH_MEASURE(2.E-2),#18);
#1186=PRESENTATION_STYLE_ASSIGNMENT((#1185));
#1187=STYLED_ITEM('',(#1186),#1184);
#1188=DIRECTION('',(0.E0,0.E0,1.E0));
#1189=VECTOR('',#1188,2.15E0);
#1190=CARTESIAN_POINT('',(2.E-1,-4.5E-1,-4.15E0));
#1191=LINE('',#1190,#1189);
#1192=CURVE_STYLE('',#25,POSITIVE_LENGTH_MEASURE(2.E-2),#18);
#1193=PRESENTATION_STYLE_ASSIGNMENT((#1192));
#1194=STYLED_ITEM('',(#1193),#1191);
#1195=CARTESIAN_POINT('',(2.E-1,0.E0,-2.E0));
#1196=DIRECTION('',(-1.E0,0.E0,0.E0));
#1197=DIRECTION('',(0.E0,-1.E0,0.E0));
#1198=AXIS2_PLACEMENT_3D('',#1195,#1196,#1197);
#1200=CURVE_STYLE('',#25,POSITIVE_LENGTH_MEASURE(2.E-2),#18);
#1201=PRESENTATION_STYLE_ASSIGNMENT((#1200));
#1202=STYLED_ITEM('',(#1201),#1199);
#1203=DIRECTION('',(0.E0,0.E0,1.E0));
#1204=VECTOR('',#1203,2.15E0);
#1205=CARTESIAN_POINT('',(2.E-1,4.5E-1,-4.15E0));
#1206=LINE('',#1205,#1204);
#1207=CURVE_STYLE('',#25,POSITIVE_LENGTH_MEASURE(2.E-2),#18);
#1208=PRESENTATION_STYLE_ASSIGNMENT((#1207));
#1209=STYLED_ITEM('',(#1208),#1206);
#1210=DIRECTION('',(-5.759653509667E-2,0.E0,-9.983399416756E-1));
#1211=VECTOR('',#1210,2.153575060206E0);
#1212=CARTESIAN_POINT('',(2.403846153846E-2,-4.5E-1,-2.E0));
#1213=LINE('',#1212,#1211);
#1214=CURVE_STYLE('',#25,POSITIVE_LENGTH_MEASURE(2.E-2),#18);
#1215=PRESENTATION_STYLE_ASSIGNMENT((#1214));
#1216=STYLED_ITEM('',(#1215),#1213);
#1217=DIRECTION('',(1.E0,0.E0,0.E0));
#1218=VECTOR('',#1217,1.759615384615E-1);
#1219=CARTESIAN_POINT('',(2.403846153846E-2,-4.5E-1,-2.E0));
#1220=LINE('',#1219,#1218);
#1221=CURVE_STYLE('',#25,POSITIVE_LENGTH_MEASURE(2.E-2),#18);
#1222=PRESENTATION_STYLE_ASSIGNMENT((#1221));
#1223=STYLED_ITEM('',(#1222),#1220);
#1224=DIRECTION('',(0.E0,0.E0,1.E0));
#1225=VECTOR('',#1224,4.E-1);
#1226=CARTESIAN_POINT('',(-1.E-1,-4.5E-1,-4.55E0));
#1227=LINE('',#1226,#1225);
#1228=CURVE_STYLE('',#25,POSITIVE_LENGTH_MEASURE(2.E-2),#18);
#1229=PRESENTATION_STYLE_ASSIGNMENT((#1228));
#1230=STYLED_ITEM('',(#1229),#1227);
#1231=DIRECTION('',(-5.759653509667E-2,0.E0,-9.983399416756E-1));
#1232=VECTOR('',#1231,2.153575060206E0);
#1233=CARTESIAN_POINT('',(2.403846153846E-2,4.5E-1,-2.E0));
#1234=LINE('',#1233,#1232);
#1235=CURVE_STYLE('',#25,POSITIVE_LENGTH_MEASURE(2.E-2),#18);
#1236=PRESENTATION_STYLE_ASSIGNMENT((#1235));
#1237=STYLED_ITEM('',(#1236),#1234);
#1238=DIRECTION('',(0.E0,0.E0,-1.E0));
#1239=VECTOR('',#1238,4.E-1);
#1240=CARTESIAN_POINT('',(-1.E-1,4.5E-1,-4.15E0));
#1241=LINE('',#1240,#1239);
#1242=CURVE_STYLE('',#25,POSITIVE_LENGTH_MEASURE(2.E-2),#18);
#1243=PRESENTATION_STYLE_ASSIGNMENT((#1242));
#1244=STYLED_ITEM('',(#1243),#1241);
#1245=DIRECTION('',(-1.E0,0.E0,0.E0));
#1246=VECTOR('',#1245,3.E-1);
#1247=CARTESIAN_POINT('',(2.E-1,4.5E-1,-4.55E0));
#1248=LINE('',#1247,#1246);
#1249=CURVE_STYLE('',#25,POSITIVE_LENGTH_MEASURE(2.E-2),#18);
#1250=PRESENTATION_STYLE_ASSIGNMENT((#1249));
#1251=STYLED_ITEM('',(#1250),#1248);
#1252=DIRECTION('',(-1.E0,0.E0,0.E0));
#1253=VECTOR('',#1252,1.759615384615E-1);
#1254=CARTESIAN_POINT('',(2.E-1,4.5E-1,-2.E0));
#1255=LINE('',#1254,#1253);
#1256=CURVE_STYLE('',#25,POSITIVE_LENGTH_MEASURE(2.E-2),#18);
#1257=PRESENTATION_STYLE_ASSIGNMENT((#1256));
#1258=STYLED_ITEM('',(#1257),#1255);
#1259=DIRECTION('',(0.E0,-1.E0,0.E0));
#1260=VECTOR('',#1259,9.E-1);
#1261=CARTESIAN_POINT('',(-1.E-1,4.5E-1,-4.15E0));
#1262=LINE('',#1261,#1260);
#1263=CURVE_STYLE('',#25,POSITIVE_LENGTH_MEASURE(2.E-2),#18);
#1264=PRESENTATION_STYLE_ASSIGNMENT((#1263));
#1265=STYLED_ITEM('',(#1264),#1262);
#1266=DIRECTION('',(0.E0,1.E0,0.E0));
#1267=VECTOR('',#1266,9.E-1);
#1268=CARTESIAN_POINT('',(-1.E-1,-4.5E-1,-4.55E0));
#1269=LINE('',#1268,#1267);
#1270=CURVE_STYLE('',#25,POSITIVE_LENGTH_MEASURE(2.E-2),#18);
#1271=PRESENTATION_STYLE_ASSIGNMENT((#1270));
#1272=STYLED_ITEM('',(#1271),#1269);
#1273=DIRECTION('',(-1.E0,0.E0,0.E0));
#1274=VECTOR('',#1273,3.E-1);
#1275=CARTESIAN_POINT('',(2.E-1,-4.5E-1,-4.55E0));
#1276=LINE('',#1275,#1274);
#1277=CURVE_STYLE('',#25,POSITIVE_LENGTH_MEASURE(2.E-2),#18);
#1278=PRESENTATION_STYLE_ASSIGNMENT((#1277));
#1279=STYLED_ITEM('',(#1278),#1276);
#1280=DIRECTION('',(0.E0,0.E0,1.E0));
#1281=VECTOR('',#1280,4.E-1);
#1282=CARTESIAN_POINT('',(2.E-1,4.5E-1,-4.55E0));
#1283=LINE('',#1282,#1281);
#1284=CURVE_STYLE('',#25,POSITIVE_LENGTH_MEASURE(2.E-2),#18);
#1285=PRESENTATION_STYLE_ASSIGNMENT((#1284));
#1286=STYLED_ITEM('',(#1285),#1283);
#1287=DIRECTION('',(0.E0,1.E0,0.E0));
#1288=VECTOR('',#1287,9.E-1);
#1289=CARTESIAN_POINT('',(2.E-1,-4.5E-1,-4.55E0));
#1290=LINE('',#1289,#1288);
#1291=CURVE_STYLE('',#25,POSITIVE_LENGTH_MEASURE(2.E-2),#18);
#1292=PRESENTATION_STYLE_ASSIGNMENT((#1291));
#1293=STYLED_ITEM('',(#1292),#1290);
#1294=DIRECTION('',(0.E0,0.E0,-1.E0));
#1295=VECTOR('',#1294,4.E-1);
#1296=CARTESIAN_POINT('',(2.E-1,-4.5E-1,-4.15E0));
#1297=LINE('',#1296,#1295);
#1298=CURVE_STYLE('',#25,POSITIVE_LENGTH_MEASURE(2.E-2),#18);
#1299=PRESENTATION_STYLE_ASSIGNMENT((#1298));
#1300=STYLED_ITEM('',(#1299),#1297);
#1301=CARTESIAN_POINT('',(2.403846153846E-2,4.5E-1,-2.E0));
#1302=CARTESIAN_POINT('',(2.709805818783E-2,4.5E-1,-1.946966991411E0));
#1303=CARTESIAN_POINT('',(3.370752125127E-2,4.308015800283E-1,
-1.832402964978E0));
#1304=CARTESIAN_POINT('',(4.294518732825E-2,3.276228827695E-1,
-1.672283419644E0));
#1305=CARTESIAN_POINT('',(4.789751292439E-2,1.945164788760E-1,
-1.586443109311E0));
#1306=CARTESIAN_POINT('',(4.972702810320E-2,8.127361937783E-2,
-1.554731512878E0));
#1307=CARTESIAN_POINT('',(5.013648594840E-2,0.E0,-1.547634243561E0));
#1308=CARTESIAN_POINT('',(4.972702810320E-2,-8.127361937783E-2,
-1.554731512878E0));
#1309=CARTESIAN_POINT('',(4.789751292439E-2,-1.945164788760E-1,
-1.586443109311E0));
#1310=CARTESIAN_POINT('',(4.294518732825E-2,-3.276228827695E-1,
-1.672283419644E0));
#1311=CARTESIAN_POINT('',(3.370752125127E-2,-4.308015800283E-1,
-1.832402964978E0));
#1312=CARTESIAN_POINT('',(2.709805818783E-2,-4.5E-1,-1.946966991411E0));
#1313=CARTESIAN_POINT('',(2.403846153846E-2,-4.5E-1,-2.E0));
#1315=CURVE_STYLE('',#25,POSITIVE_LENGTH_MEASURE(2.E-2),#18);
#1316=PRESENTATION_STYLE_ASSIGNMENT((#1315));
#1317=STYLED_ITEM('',(#1316),#1314);
#1318=DIRECTION('',(-1.E0,0.E0,0.E0));
#1319=VECTOR('',#1318,1.916670810600E-2);
#1320=CARTESIAN_POINT('',(0.E0,-2.412876375E0,2.284163897652E0));
#1321=LINE('',#1320,#1319);
#1322=CURVE_STYLE('',#25,POSITIVE_LENGTH_MEASURE(2.E-2),#18);
#1323=PRESENTATION_STYLE_ASSIGNMENT((#1322));
#1324=STYLED_ITEM('',(#1323),#1321);
#1325=DIRECTION('',(-1.E0,0.E0,0.E0));
#1326=VECTOR('',#1325,1.916670810600E-2);
#1327=CARTESIAN_POINT('',(0.E0,-2.412876375E0,2.590831227348E0));
#1328=LINE('',#1327,#1326);
#1329=CURVE_STYLE('',#25,POSITIVE_LENGTH_MEASURE(2.E-2),#18);
#1330=PRESENTATION_STYLE_ASSIGNMENT((#1329));
#1331=STYLED_ITEM('',(#1330),#1328);
#1332=CARTESIAN_POINT('',(-1.916670810600E-2,-2.412876375E0,2.437497562500E0));
#1333=DIRECTION('',(-1.E0,0.E0,0.E0));
#1334=DIRECTION('',(0.E0,0.E0,-1.E0));
#1335=AXIS2_PLACEMENT_3D('',#1332,#1333,#1334);
#1337=CURVE_STYLE('',#25,POSITIVE_LENGTH_MEASURE(2.E-2),#18);
#1338=PRESENTATION_STYLE_ASSIGNMENT((#1337));
#1339=STYLED_ITEM('',(#1338),#1336);
#1340=CARTESIAN_POINT('',(-1.916670810600E-2,-2.412876375E0,2.437497562500E0));
#1341=DIRECTION('',(-1.E0,0.E0,0.E0));
#1342=DIRECTION('',(0.E0,0.E0,1.E0));
#1343=AXIS2_PLACEMENT_3D('',#1340,#1341,#1342);
#1345=CURVE_STYLE('',#25,POSITIVE_LENGTH_MEASURE(2.E-2),#18);
#1346=PRESENTATION_STYLE_ASSIGNMENT((#1345));
#1347=STYLED_ITEM('',(#1346),#1344);
#1348=CARTESIAN_POINT('',(-1.916670810600E-2,-2.412876375E0,-2.437497562500E0));
#1349=DIRECTION('',(-1.E0,0.E0,0.E0));
#1350=DIRECTION('',(0.E0,0.E0,-1.E0));
#1351=AXIS2_PLACEMENT_3D('',#1348,#1349,#1350);
#1353=CURVE_STYLE('',#25,POSITIVE_LENGTH_MEASURE(2.E-2),#18);
#1354=PRESENTATION_STYLE_ASSIGNMENT((#1353));
#1355=STYLED_ITEM('',(#1354),#1352);
#1356=CARTESIAN_POINT('',(-1.916670810600E-2,-2.412876375E0,-2.437497562500E0));
#1357=DIRECTION('',(-1.E0,0.E0,0.E0));
#1358=DIRECTION('',(0.E0,0.E0,1.E0));
#1359=AXIS2_PLACEMENT_3D('',#1356,#1357,#1358);
#1361=CURVE_STYLE('',#25,POSITIVE_LENGTH_MEASURE(2.E-2),#18);
#1362=PRESENTATION_STYLE_ASSIGNMENT((#1361));
#1363=STYLED_ITEM('',(#1362),#1360);
#1364=CARTESIAN_POINT('',(-1.916670810600E-2,2.412876375E0,-2.437497562500E0));
#1365=DIRECTION('',(-1.E0,0.E0,0.E0));
#1366=DIRECTION('',(0.E0,0.E0,-1.E0));
#1367=AXIS2_PLACEMENT_3D('',#1364,#1365,#1366);
#1369=CURVE_STYLE('',#25,POSITIVE_LENGTH_MEASURE(2.E-2),#18);
#1370=PRESENTATION_STYLE_ASSIGNMENT((#1369));
#1371=STYLED_ITEM('',(#1370),#1368);
#1372=CARTESIAN_POINT('',(-1.916670810600E-2,2.412876375E0,-2.437497562500E0));
#1373=DIRECTION('',(-1.E0,0.E0,0.E0));
#1374=DIRECTION('',(0.E0,0.E0,1.E0));
#1375=AXIS2_PLACEMENT_3D('',#1372,#1373,#1374);
#1377=CURVE_STYLE('',#25,POSITIVE_LENGTH_MEASURE(2.E-2),#18);
#1378=PRESENTATION_STYLE_ASSIGNMENT((#1377));
#1379=STYLED_ITEM('',(#1378),#1376);
#1380=CARTESIAN_POINT('',(-1.916670810600E-2,2.412876375E0,2.437497562500E0));
#1381=DIRECTION('',(-1.E0,0.E0,0.E0));
#1382=DIRECTION('',(0.E0,0.E0,-1.E0));
#1383=AXIS2_PLACEMENT_3D('',#1380,#1381,#1382);
#1385=CURVE_STYLE('',#25,POSITIVE_LENGTH_MEASURE(2.E-2),#18);
#1386=PRESENTATION_STYLE_ASSIGNMENT((#1385));
#1387=STYLED_ITEM('',(#1386),#1384);
#1388=CARTESIAN_POINT('',(-1.916670810600E-2,2.412876375E0,2.437497562500E0));
#1389=DIRECTION('',(-1.E0,0.E0,0.E0));
#1390=DIRECTION('',(0.E0,0.E0,1.E0));
#1391=AXIS2_PLACEMENT_3D('',#1388,#1389,#1390);
#1393=CURVE_STYLE('',#25,POSITIVE_LENGTH_MEASURE(2.E-2),#18);
#1394=PRESENTATION_STYLE_ASSIGNMENT((#1393));
#1395=STYLED_ITEM('',(#1394),#1392);
#1396=DIRECTION('',(-1.E0,0.E0,0.E0));
#1397=VECTOR('',#1396,1.916670810600E-2);
#1398=CARTESIAN_POINT('',(0.E0,-2.412876375E0,-2.590831227348E0));
#1399=LINE('',#1398,#1397);
#1400=CURVE_STYLE('',#25,POSITIVE_LENGTH_MEASURE(2.E-2),#18);
#1401=PRESENTATION_STYLE_ASSIGNMENT((#1400));
#1402=STYLED_ITEM('',(#1401),#1399);
#1403=DIRECTION('',(-1.E0,0.E0,0.E0));
#1404=VECTOR('',#1403,1.916670810600E-2);
#1405=CARTESIAN_POINT('',(0.E0,-2.412876375E0,-2.284163897652E0));
#1406=LINE('',#1405,#1404);
#1407=CURVE_STYLE('',#25,POSITIVE_LENGTH_MEASURE(2.E-2),#18);
#1408=PRESENTATION_STYLE_ASSIGNMENT((#1407));
#1409=STYLED_ITEM('',(#1408),#1406);
#1410=DIRECTION('',(-1.E0,0.E0,0.E0));
#1411=VECTOR('',#1410,1.916670810600E-2);
#1412=CARTESIAN_POINT('',(0.E0,2.412876375E0,-2.590831227348E0));
#1413=LINE('',#1412,#1411);
#1414=CURVE_STYLE('',#25,POSITIVE_LENGTH_MEASURE(2.E-2),#18);
#1415=PRESENTATION_STYLE_ASSIGNMENT((#1414));
#1416=STYLED_ITEM('',(#1415),#1413);
#1417=DIRECTION('',(-1.E0,0.E0,0.E0));
#1418=VECTOR('',#1417,1.916670810600E-2);
#1419=CARTESIAN_POINT('',(0.E0,2.412876375E0,-2.284163897652E0));
#1420=LINE('',#1419,#1418);
#1421=CURVE_STYLE('',#25,POSITIVE_LENGTH_MEASURE(2.E-2),#18);
#1422=PRESENTATION_STYLE_ASSIGNMENT((#1421));
#1423=STYLED_ITEM('',(#1422),#1420);
#1424=DIRECTION('',(-1.E0,0.E0,0.E0));
#1425=VECTOR('',#1424,1.916670810600E-2);
#1426=CARTESIAN_POINT('',(0.E0,2.412876375E0,2.284163897652E0));
#1427=LINE('',#1426,#1425);
#1428=CURVE_STYLE('',#25,POSITIVE_LENGTH_MEASURE(2.E-2),#18);
#1429=PRESENTATION_STYLE_ASSIGNMENT((#1428));
#1430=STYLED_ITEM('',(#1429),#1427);
#1431=DIRECTION('',(-1.E0,0.E0,0.E0));
#1432=VECTOR('',#1431,1.916670810600E-2);
#1433=CARTESIAN_POINT('',(0.E0,2.412876375E0,2.590831227348E0));
#1434=LINE('',#1433,#1432);
#1435=CURVE_STYLE('',#25,POSITIVE_LENGTH_MEASURE(2.E-2),#18);
#1436=PRESENTATION_STYLE_ASSIGNMENT((#1435));
#1437=STYLED_ITEM('',(#1436),#1434);
#1438=CARTESIAN_POINT('',(2.E-1,1.E-2,1.45E0));
#1439=CARTESIAN_POINT('',(2.E-1,-1.E-2,1.45E0));
#1440=VERTEX_POINT('',#1438);
#1441=VERTEX_POINT('',#1439);
#1442=CARTESIAN_POINT('',(2.E-1,1.E-2,-1.45E0));
#1443=CARTESIAN_POINT('',(2.E-1,-1.E-2,-1.45E0));
#1444=VERTEX_POINT('',#1442);
#1445=VERTEX_POINT('',#1443);
#1446=CARTESIAN_POINT('',(0.E0,-3.802778125E0,-4.15E0));
#1447=CARTESIAN_POINT('',(0.E0,-5.5E-1,-4.15E0));
#1448=VERTEX_POINT('',#1446);
#1449=VERTEX_POINT('',#1447);
#1450=CARTESIAN_POINT('',(0.E0,5.5E-1,-4.15E0));
#1451=CARTESIAN_POINT('',(0.E0,3.802778125E0,-4.15E0));
#1452=VERTEX_POINT('',#1450);
#1453=VERTEX_POINT('',#1451);
#1454=CARTESIAN_POINT('',(0.E0,4.15E0,3.26363725E0));
#1455=CARTESIAN_POINT('',(0.E0,3.26363725E0,4.15E0));
#1456=VERTEX_POINT('',#1454);
#1457=VERTEX_POINT('',#1455);
#1458=CARTESIAN_POINT('',(0.E0,5.5E-1,4.15E0));
#1459=VERTEX_POINT('',#1458);
#1460=CARTESIAN_POINT('',(0.E0,-4.15E0,3.26363725E0));
#1461=CARTESIAN_POINT('',(0.E0,-3.26363725E0,4.15E0));
#1462=VERTEX_POINT('',#1460);
#1463=VERTEX_POINT('',#1461);
#1464=CARTESIAN_POINT('',(0.E0,-5.5E-1,4.15E0));
#1465=VERTEX_POINT('',#1464);
#1466=CARTESIAN_POINT('',(0.E0,-4.15E0,-3.802778125E0));
#1467=VERTEX_POINT('',#1466);
#1468=CARTESIAN_POINT('',(0.E0,4.15E0,-3.802778125E0));
#1469=VERTEX_POINT('',#1468);
#1470=CARTESIAN_POINT('',(1.9E0,-4.15E0,-3.802778125E0));
#1471=CARTESIAN_POINT('',(1.9E0,-3.802778125E0,-4.15E0));
#1472=VERTEX_POINT('',#1470);
#1473=VERTEX_POINT('',#1471);
#1474=CARTESIAN_POINT('',(1.9E0,3.802778125E0,-4.15E0));
#1475=CARTESIAN_POINT('',(1.9E0,4.15E0,-3.802778125E0));
#1476=VERTEX_POINT('',#1474);
#1477=VERTEX_POINT('',#1475);
#1478=CARTESIAN_POINT('',(2.E-1,-5.5E-1,4.15E0));
#1479=VERTEX_POINT('',#1478);
#1480=CARTESIAN_POINT('',(2.E-1,5.5E-1,4.15E0));
#1481=VERTEX_POINT('',#1480);
#1482=CARTESIAN_POINT('',(2.E-1,5.5E-1,1.99E0));
#1483=VERTEX_POINT('',#1482);
#1484=CARTESIAN_POINT('',(2.E-1,-5.5E-1,1.99E0));
#1485=VERTEX_POINT('',#1484);
#1486=CARTESIAN_POINT('',(2.E-1,-5.5E-1,-4.15E0));
#1487=VERTEX_POINT('',#1486);
#1488=CARTESIAN_POINT('',(2.E-1,5.5E-1,-4.15E0));
#1489=VERTEX_POINT('',#1488);
#1490=CARTESIAN_POINT('',(2.E-1,5.5E-1,-1.99E0));
#1491=VERTEX_POINT('',#1490);
#1492=CARTESIAN_POINT('',(2.E-1,-5.5E-1,-1.99E0));
#1493=VERTEX_POINT('',#1492);
#1494=CARTESIAN_POINT('',(0.E0,4.15E0,2.26514925E0));
#1495=CARTESIAN_POINT('',(0.E0,5.5E-1,2.26514925E0));
#1496=VERTEX_POINT('',#1494);
#1497=VERTEX_POINT('',#1495);
#1498=CARTESIAN_POINT('',(0.E0,-5.5E-1,2.26514925E0));
#1499=CARTESIAN_POINT('',(0.E0,-4.15E0,2.26514925E0));
#1500=VERTEX_POINT('',#1498);
#1501=VERTEX_POINT('',#1499);
#1502=CARTESIAN_POINT('',(0.E0,4.15E0,-2.26514925E0));
#1503=CARTESIAN_POINT('',(0.E0,5.5E-1,-2.26514925E0));
#1504=VERTEX_POINT('',#1502);
#1505=VERTEX_POINT('',#1503);
#1506=CARTESIAN_POINT('',(0.E0,-5.5E-1,-2.26514925E0));
#1507=CARTESIAN_POINT('',(0.E0,-4.15E0,-2.26514925E0));
#1508=VERTEX_POINT('',#1506);
#1509=VERTEX_POINT('',#1507);
#1510=CARTESIAN_POINT('',(5.E-2,4.15E0,2.26514925E0));
#1511=CARTESIAN_POINT('',(5.E-2,4.15E0,-2.26514925E0));
#1512=VERTEX_POINT('',#1510);
#1513=VERTEX_POINT('',#1511);
#1514=CARTESIAN_POINT('',(5.E-2,-4.15E0,2.26514925E0));
#1515=CARTESIAN_POINT('',(5.E-2,-4.15E0,-2.26514925E0));
#1516=VERTEX_POINT('',#1514);
#1517=VERTEX_POINT('',#1515);
#1518=CARTESIAN_POINT('',(5.E-2,5.5E-1,1.99E0));
#1519=CARTESIAN_POINT('',(5.E-2,5.5E-1,2.26514925E0));
#1520=VERTEX_POINT('',#1518);
#1521=VERTEX_POINT('',#1519);
#1522=CARTESIAN_POINT('',(5.E-2,-5.5E-1,1.99E0));
#1523=CARTESIAN_POINT('',(5.E-2,-5.5E-1,2.26514925E0));
#1524=VERTEX_POINT('',#1522);
#1525=VERTEX_POINT('',#1523);
#1526=CARTESIAN_POINT('',(5.E-2,5.5E-1,-1.99E0));
#1527=CARTESIAN_POINT('',(5.E-2,5.5E-1,-2.26514925E0));
#1528=VERTEX_POINT('',#1526);
#1529=VERTEX_POINT('',#1527);
#1530=CARTESIAN_POINT('',(5.E-2,-5.5E-1,-1.99E0));
#1531=CARTESIAN_POINT('',(5.E-2,-5.5E-1,-2.26514925E0));
#1532=VERTEX_POINT('',#1530);
#1533=VERTEX_POINT('',#1531);
#1534=CARTESIAN_POINT('',(5.E-2,1.E-2,1.45E0));
#1535=CARTESIAN_POINT('',(5.E-2,-1.E-2,1.45E0));
#1536=VERTEX_POINT('',#1534);
#1537=VERTEX_POINT('',#1535);
#1538=CARTESIAN_POINT('',(5.E-2,1.E-2,-1.45E0));
#1539=CARTESIAN_POINT('',(5.E-2,-1.E-2,-1.45E0));
#1540=VERTEX_POINT('',#1538);
#1541=VERTEX_POINT('',#1539);
#1542=CARTESIAN_POINT('',(-1.916670810600E-2,-2.412876375E0,2.284163897652E0));
#1543=CARTESIAN_POINT('',(-1.916670810600E-2,-2.412876375E0,2.590831227348E0));
#1544=VERTEX_POINT('',#1542);
#1545=VERTEX_POINT('',#1543);
#1546=CARTESIAN_POINT('',(-1.916670810600E-2,-2.412876375E0,-2.590831227348E0));
#1547=CARTESIAN_POINT('',(-1.916670810600E-2,-2.412876375E0,-2.284163897652E0));
#1548=VERTEX_POINT('',#1546);
#1549=VERTEX_POINT('',#1547);
#1550=CARTESIAN_POINT('',(-1.916670810600E-2,2.412876375E0,-2.590831227348E0));
#1551=CARTESIAN_POINT('',(-1.916670810600E-2,2.412876375E0,-2.284163897652E0));
#1552=VERTEX_POINT('',#1550);
#1553=VERTEX_POINT('',#1551);
#1554=CARTESIAN_POINT('',(-1.916670810600E-2,2.412876375E0,2.284163897652E0));
#1555=CARTESIAN_POINT('',(-1.916670810600E-2,2.412876375E0,2.590831227348E0));
#1556=VERTEX_POINT('',#1554);
#1557=VERTEX_POINT('',#1555);
#1558=CARTESIAN_POINT('',(0.E0,-2.412876375E0,2.284163897652E0));
#1559=CARTESIAN_POINT('',(0.E0,-2.412876375E0,2.590831227348E0));
#1560=VERTEX_POINT('',#1558);
#1561=VERTEX_POINT('',#1559);
#1562=CARTESIAN_POINT('',(0.E0,-2.412876375E0,-2.590831227348E0));
#1563=CARTESIAN_POINT('',(0.E0,-2.412876375E0,-2.284163897652E0));
#1564=VERTEX_POINT('',#1562);
#1565=VERTEX_POINT('',#1563);
#1566=CARTESIAN_POINT('',(0.E0,2.412876375E0,-2.590831227348E0));
#1567=CARTESIAN_POINT('',(0.E0,2.412876375E0,-2.284163897652E0));
#1568=VERTEX_POINT('',#1566);
#1569=VERTEX_POINT('',#1567);
#1570=CARTESIAN_POINT('',(0.E0,2.412876375E0,2.284163897652E0));
#1571=CARTESIAN_POINT('',(0.E0,2.412876375E0,2.590831227348E0));
#1572=VERTEX_POINT('',#1570);
#1573=VERTEX_POINT('',#1571);
#1574=CARTESIAN_POINT('',(2.E-1,-4.5E-1,4.15E0));
#1575=VERTEX_POINT('',#1574);
#1576=CARTESIAN_POINT('',(2.E-1,4.5E-1,4.15E0));
#1577=VERTEX_POINT('',#1576);
#1578=CARTESIAN_POINT('',(2.403846153846E-2,4.5E-1,2.E0));
#1579=CARTESIAN_POINT('',(-1.E-1,4.5E-1,4.15E0));
#1580=VERTEX_POINT('',#1578);
#1581=VERTEX_POINT('',#1579);
#1582=CARTESIAN_POINT('',(2.403846153846E-2,-4.5E-1,2.E0));
#1583=CARTESIAN_POINT('',(-1.E-1,-4.5E-1,4.15E0));
#1584=VERTEX_POINT('',#1582);
#1585=VERTEX_POINT('',#1583);
#1586=CARTESIAN_POINT('',(2.E-1,-4.5E-1,2.E0));
#1587=VERTEX_POINT('',#1586);
#1588=CARTESIAN_POINT('',(2.E-1,4.5E-1,2.E0));
#1589=VERTEX_POINT('',#1588);
#1590=CARTESIAN_POINT('',(2.E-1,4.5E-1,-4.15E0));
#1591=VERTEX_POINT('',#1590);
#1592=CARTESIAN_POINT('',(2.E-1,-4.5E-1,-4.15E0));
#1593=VERTEX_POINT('',#1592);
#1594=CARTESIAN_POINT('',(1.9E0,-9.848475E-1,-4.15E0));
#1595=CARTESIAN_POINT('',(1.9E0,-9.848475E-1,-3.876864119587E0));
#1596=VERTEX_POINT('',#1594);
#1597=VERTEX_POINT('',#1595);
#1598=CARTESIAN_POINT('',(1.9E0,9.848475E-1,-4.15E0));
#1599=CARTESIAN_POINT('',(1.9E0,9.848475E-1,-3.876864119587E0));
#1600=VERTEX_POINT('',#1598);
#1601=VERTEX_POINT('',#1599);
#1602=CARTESIAN_POINT('',(5.5E-1,-9.848475E-1,-4.15E0));
#1603=VERTEX_POINT('',#1602);
#1604=CARTESIAN_POINT('',(5.5E-1,9.848475E-1,-4.15E0));
#1605=VERTEX_POINT('',#1604);
#1606=CARTESIAN_POINT('',(5.5E-1,9.848475E-1,4.15E0));
#1607=CARTESIAN_POINT('',(5.5E-1,-9.848475E-1,4.15E0));
#1608=VERTEX_POINT('',#1606);
#1609=VERTEX_POINT('',#1607);
#1610=CARTESIAN_POINT('',(5.5E-1,-9.848475E-1,-3.876864119587E0));
#1611=VERTEX_POINT('',#1610);
#1612=CARTESIAN_POINT('',(5.5E-1,9.848475E-1,-3.876864119587E0));
#1613=VERTEX_POINT('',#1612);
#1614=CARTESIAN_POINT('',(5.5E-1,-9.848475E-1,3.876864119587E0));
#1615=VERTEX_POINT('',#1614);
#1616=CARTESIAN_POINT('',(5.5E-1,9.848475E-1,3.876864119587E0));
#1617=VERTEX_POINT('',#1616);
#1618=CARTESIAN_POINT('',(1.9E0,4.15E0,-9.848475E-1));
#1619=CARTESIAN_POINT('',(1.9E0,3.876864119587E0,-9.848475E-1));
#1620=VERTEX_POINT('',#1618);
#1621=VERTEX_POINT('',#1619);
#1622=CARTESIAN_POINT('',(1.9E0,-3.876864119587E0,-9.848475E-1));
#1623=CARTESIAN_POINT('',(1.9E0,-4.15E0,-9.848475E-1));
#1624=VERTEX_POINT('',#1622);
#1625=VERTEX_POINT('',#1623);
#1626=CARTESIAN_POINT('',(5.5E-1,4.15E0,-9.848475E-1));
#1627=CARTESIAN_POINT('',(5.5E-1,4.15E0,9.848475E-1));
#1628=VERTEX_POINT('',#1626);
#1629=VERTEX_POINT('',#1627);
#1630=CARTESIAN_POINT('',(5.5E-1,-4.15E0,-9.848475E-1));
#1631=CARTESIAN_POINT('',(5.5E-1,-4.15E0,9.848475E-1));
#1632=VERTEX_POINT('',#1630);
#1633=VERTEX_POINT('',#1631);
#1634=CARTESIAN_POINT('',(5.5E-1,-3.876864119587E0,-9.848475E-1));
#1635=VERTEX_POINT('',#1634);
#1636=CARTESIAN_POINT('',(5.5E-1,3.876864119587E0,-9.848475E-1));
#1637=VERTEX_POINT('',#1636);
#1638=CARTESIAN_POINT('',(5.5E-1,3.876864119587E0,9.848475E-1));
#1639=VERTEX_POINT('',#1638);
#1640=CARTESIAN_POINT('',(5.5E-1,-3.876864119587E0,9.848475E-1));
#1641=VERTEX_POINT('',#1640);
#1642=CARTESIAN_POINT('',(1.1E0,4.15E0,3.26363725E0));
#1643=CARTESIAN_POINT('',(1.1E0,4.15E0,9.848475E-1));
#1644=VERTEX_POINT('',#1642);
#1645=VERTEX_POINT('',#1643);
#1646=CARTESIAN_POINT('',(1.1E0,-4.15E0,3.26363725E0));
#1647=CARTESIAN_POINT('',(1.1E0,-4.15E0,9.848475E-1));
#1648=VERTEX_POINT('',#1646);
#1649=VERTEX_POINT('',#1647);
#1650=CARTESIAN_POINT('',(1.1E0,3.26363725E0,4.15E0));
#1651=VERTEX_POINT('',#1650);
#1652=CARTESIAN_POINT('',(1.1E0,-3.26363725E0,4.15E0));
#1653=VERTEX_POINT('',#1652);
#1654=CARTESIAN_POINT('',(1.1E0,3.876864119587E0,9.848475E-1));
#1655=CARTESIAN_POINT('',(1.1E0,9.848475E-1,3.876864119587E0));
#1656=VERTEX_POINT('',#1654);
#1657=VERTEX_POINT('',#1655);
#1658=CARTESIAN_POINT('',(1.1E0,-9.848475E-1,3.876864119587E0));
#1659=CARTESIAN_POINT('',(1.1E0,-3.876864119587E0,9.848475E-1));
#1660=VERTEX_POINT('',#1658);
#1661=VERTEX_POINT('',#1659);
#1662=CARTESIAN_POINT('',(1.1E0,-9.848475E-1,4.15E0));
#1663=VERTEX_POINT('',#1662);
#1664=CARTESIAN_POINT('',(1.1E0,9.848475E-1,4.15E0));
#1665=VERTEX_POINT('',#1664);
#1666=CARTESIAN_POINT('',(2.403846153846E-2,4.5E-1,-2.E0));
#1667=CARTESIAN_POINT('',(-1.E-1,4.5E-1,-4.15E0));
#1668=VERTEX_POINT('',#1666);
#1669=VERTEX_POINT('',#1667);
#1670=CARTESIAN_POINT('',(2.403846153846E-2,-4.5E-1,-2.E0));
#1671=CARTESIAN_POINT('',(-1.E-1,-4.5E-1,-4.15E0));
#1672=VERTEX_POINT('',#1670);
#1673=VERTEX_POINT('',#1671);
#1674=CARTESIAN_POINT('',(2.E-1,-4.5E-1,-2.E0));
#1675=VERTEX_POINT('',#1674);
#1676=CARTESIAN_POINT('',(2.E-1,4.5E-1,-2.E0));
#1677=VERTEX_POINT('',#1676);
#1678=CARTESIAN_POINT('',(2.E-1,-4.5E-1,4.55E0));
#1679=CARTESIAN_POINT('',(2.E-1,4.5E-1,4.55E0));
#1680=VERTEX_POINT('',#1678);
#1681=VERTEX_POINT('',#1679);
#1682=CARTESIAN_POINT('',(-1.E-1,-4.5E-1,4.55E0));
#1683=CARTESIAN_POINT('',(-1.E-1,4.5E-1,4.55E0));
#1684=VERTEX_POINT('',#1682);
#1685=VERTEX_POINT('',#1683);
#1686=CARTESIAN_POINT('',(2.E-1,-4.5E-1,-4.55E0));
#1687=CARTESIAN_POINT('',(2.E-1,4.5E-1,-4.55E0));
#1688=VERTEX_POINT('',#1686);
#1689=VERTEX_POINT('',#1687);
#1690=CARTESIAN_POINT('',(-1.E-1,-4.5E-1,-4.55E0));
#1691=CARTESIAN_POINT('',(-1.E-1,4.5E-1,-4.55E0));
#1692=VERTEX_POINT('',#1690);
#1693=VERTEX_POINT('',#1691);
#1694=CARTESIAN_POINT('',(0.E0,0.E0,0.E0));
#1695=DIRECTION('',(1.E0,0.E0,0.E0));
#1696=DIRECTION('',(0.E0,0.E0,1.E0));
#1697=AXIS2_PLACEMENT_3D('',#1694,#1695,#1696);
#1698=PLANE('',#1697);
#1700=ORIENTED_EDGE('',*,*,#1699,.F.);
#1702=ORIENTED_EDGE('',*,*,#1701,.T.);
#1704=ORIENTED_EDGE('',*,*,#1703,.T.);
#1706=ORIENTED_EDGE('',*,*,#1705,.T.);
#1708=ORIENTED_EDGE('',*,*,#1707,.F.);
#1709=EDGE_LOOP('',(#1700,#1702,#1704,#1706,#1708));
#1710=FACE_OUTER_BOUND('',#1709,.F.);
#1712=ORIENTED_EDGE('',*,*,#1711,.T.);
#1714=ORIENTED_EDGE('',*,*,#1713,.T.);
#1715=EDGE_LOOP('',(#1712,#1714));
#1716=FACE_BOUND('',#1715,.F.);
#1718=CARTESIAN_POINT('',(0.E0,0.E0,0.E0));
#1719=DIRECTION('',(1.E0,0.E0,0.E0));
#1720=DIRECTION('',(0.E0,0.E0,1.E0));
#1721=AXIS2_PLACEMENT_3D('',#1718,#1719,#1720);
#1722=PLANE('',#1721);
#1724=ORIENTED_EDGE('',*,*,#1723,.F.);
#1726=ORIENTED_EDGE('',*,*,#1725,.F.);
#1728=ORIENTED_EDGE('',*,*,#1727,.T.);
#1730=ORIENTED_EDGE('',*,*,#1729,.F.);
#1732=ORIENTED_EDGE('',*,*,#1731,.F.);
#1733=EDGE_LOOP('',(#1724,#1726,#1728,#1730,#1732));
#1734=FACE_OUTER_BOUND('',#1733,.F.);
#1736=ORIENTED_EDGE('',*,*,#1735,.T.);
#1738=ORIENTED_EDGE('',*,*,#1737,.T.);
#1739=EDGE_LOOP('',(#1736,#1738));
#1740=FACE_BOUND('',#1739,.F.);
#1742=CARTESIAN_POINT('',(0.E0,0.E0,0.E0));
#1743=DIRECTION('',(1.E0,0.E0,0.E0));
#1744=DIRECTION('',(0.E0,0.E0,1.E0));
#1745=AXIS2_PLACEMENT_3D('',#1742,#1743,#1744);
#1746=PLANE('',#1745);
#1748=ORIENTED_EDGE('',*,*,#1747,.T.);
#1750=ORIENTED_EDGE('',*,*,#1749,.F.);
#1752=ORIENTED_EDGE('',*,*,#1751,.T.);
#1754=ORIENTED_EDGE('',*,*,#1753,.T.);
#1756=ORIENTED_EDGE('',*,*,#1755,.T.);
#1757=EDGE_LOOP('',(#1748,#1750,#1752,#1754,#1756));
#1758=FACE_OUTER_BOUND('',#1757,.F.);
#1760=ORIENTED_EDGE('',*,*,#1759,.T.);
#1762=ORIENTED_EDGE('',*,*,#1761,.T.);
#1763=EDGE_LOOP('',(#1760,#1762));
#1764=FACE_BOUND('',#1763,.F.);
#1766=CARTESIAN_POINT('',(0.E0,0.E0,0.E0));
#1767=DIRECTION('',(1.E0,0.E0,0.E0));
#1768=DIRECTION('',(0.E0,0.E0,1.E0));
#1769=AXIS2_PLACEMENT_3D('',#1766,#1767,#1768);
#1770=PLANE('',#1769);
#1772=ORIENTED_EDGE('',*,*,#1771,.T.);
#1774=ORIENTED_EDGE('',*,*,#1773,.F.);
#1776=ORIENTED_EDGE('',*,*,#1775,.T.);
#1778=ORIENTED_EDGE('',*,*,#1777,.T.);
#1780=ORIENTED_EDGE('',*,*,#1779,.F.);
#1781=EDGE_LOOP('',(#1772,#1774,#1776,#1778,#1780));
#1782=FACE_OUTER_BOUND('',#1781,.F.);
#1784=ORIENTED_EDGE('',*,*,#1783,.T.);
#1786=ORIENTED_EDGE('',*,*,#1785,.T.);
#1787=EDGE_LOOP('',(#1784,#1786));
#1788=FACE_BOUND('',#1787,.F.);
#1790=CARTESIAN_POINT('',(0.E0,-4.15E0,2.26514925E0));
#1791=DIRECTION('',(0.E0,0.E0,1.E0));
#1792=DIRECTION('',(0.E0,1.E0,0.E0));
#1793=AXIS2_PLACEMENT_3D('',#1790,#1791,#1792);
#1794=PLANE('',#1793);
#1795=ORIENTED_EDGE('',*,*,#1699,.T.);
#1797=ORIENTED_EDGE('',*,*,#1796,.T.);
#1799=ORIENTED_EDGE('',*,*,#1798,.T.);
#1801=ORIENTED_EDGE('',*,*,#1800,.F.);
#1802=EDGE_LOOP('',(#1795,#1797,#1799,#1801));
#1803=FACE_OUTER_BOUND('',#1802,.F.);
#1805=CARTESIAN_POINT('',(0.E0,-4.15E0,2.26514925E0));
#1806=DIRECTION('',(0.E0,0.E0,1.E0));
#1807=DIRECTION('',(0.E0,1.E0,0.E0));
#1808=AXIS2_PLACEMENT_3D('',#1805,#1806,#1807);
#1809=PLANE('',#1808);
#1810=ORIENTED_EDGE('',*,*,#1723,.T.);
#1812=ORIENTED_EDGE('',*,*,#1811,.T.);
#1814=ORIENTED_EDGE('',*,*,#1813,.T.);
#1816=ORIENTED_EDGE('',*,*,#1815,.F.);
#1817=EDGE_LOOP('',(#1810,#1812,#1814,#1816));
#1818=FACE_OUTER_BOUND('',#1817,.F.);
#1820=CARTESIAN_POINT('',(0.E0,5.5E-1,4.047184063734E0));
#1821=DIRECTION('',(0.E0,1.E0,0.E0));
#1822=DIRECTION('',(0.E0,0.E0,-1.E0));
#1823=AXIS2_PLACEMENT_3D('',#1820,#1821,#1822);
#1824=PLANE('',#1823);
#1826=ORIENTED_EDGE('',*,*,#1825,.T.);
#1827=ORIENTED_EDGE('',*,*,#1796,.F.);
#1828=ORIENTED_EDGE('',*,*,#1707,.T.);
#1830=ORIENTED_EDGE('',*,*,#1829,.T.);
#1832=ORIENTED_EDGE('',*,*,#1831,.T.);
#1834=ORIENTED_EDGE('',*,*,#1833,.F.);
#1835=EDGE_LOOP('',(#1826,#1827,#1828,#1830,#1832,#1834));
#1836=FACE_OUTER_BOUND('',#1835,.F.);
#1838=CARTESIAN_POINT('',(5.E-2,0.E0,0.E0));
#1839=DIRECTION('',(-1.E0,0.E0,0.E0));
#1840=DIRECTION('',(0.E0,1.E0,0.E0));
#1841=AXIS2_PLACEMENT_3D('',#1838,#1839,#1840);
#1842=PLANE('',#1841);
#1844=ORIENTED_EDGE('',*,*,#1843,.F.);
#1846=ORIENTED_EDGE('',*,*,#1845,.T.);
#1848=ORIENTED_EDGE('',*,*,#1847,.F.);
#1850=ORIENTED_EDGE('',*,*,#1849,.F.);
#1851=ORIENTED_EDGE('',*,*,#1798,.F.);
#1852=ORIENTED_EDGE('',*,*,#1825,.F.);
#1854=ORIENTED_EDGE('',*,*,#1853,.F.);
#1856=ORIENTED_EDGE('',*,*,#1855,.T.);
#1858=ORIENTED_EDGE('',*,*,#1857,.F.);
#1860=ORIENTED_EDGE('',*,*,#1859,.T.);
#1861=ORIENTED_EDGE('',*,*,#1813,.F.);
#1863=ORIENTED_EDGE('',*,*,#1862,.T.);
#1865=ORIENTED_EDGE('',*,*,#1864,.F.);
#1867=ORIENTED_EDGE('',*,*,#1866,.F.);
#1869=ORIENTED_EDGE('',*,*,#1868,.F.);
#1871=ORIENTED_EDGE('',*,*,#1870,.F.);
#1872=EDGE_LOOP('',(#1844,#1846,#1848,#1850,#1851,#1852,#1854,#1856,#1858,#1860,
#1861,#1863,#1865,#1867,#1869,#1871));
#1873=FACE_OUTER_BOUND('',#1872,.F.);
#1875=CARTESIAN_POINT('',(0.E0,1.E-2,-1.99E0));
#1876=DIRECTION('',(1.E0,0.E0,0.E0));
#1877=DIRECTION('',(0.E0,1.E0,0.E0));
#1878=AXIS2_PLACEMENT_3D('',#1875,#1876,#1877);
#1879=CYLINDRICAL_SURFACE('',#1878,5.4E-1);
#1880=ORIENTED_EDGE('',*,*,#1843,.T.);
#1882=ORIENTED_EDGE('',*,*,#1881,.T.);
#1884=ORIENTED_EDGE('',*,*,#1883,.T.);
#1886=ORIENTED_EDGE('',*,*,#1885,.F.);
#1887=EDGE_LOOP('',(#1880,#1882,#1884,#1886));
#1888=FACE_OUTER_BOUND('',#1887,.F.);
#1890=CARTESIAN_POINT('',(0.E0,1.E-2,-1.45E0));
#1891=DIRECTION('',(0.E0,0.E0,-1.E0));
#1892=DIRECTION('',(0.E0,-1.E0,0.E0));
#1893=AXIS2_PLACEMENT_3D('',#1890,#1891,#1892);
#1894=PLANE('',#1893);
#1895=ORIENTED_EDGE('',*,*,#1870,.T.);
#1897=ORIENTED_EDGE('',*,*,#1896,.T.);
#1899=ORIENTED_EDGE('',*,*,#1898,.F.);
#1900=ORIENTED_EDGE('',*,*,#1881,.F.);
#1901=EDGE_LOOP('',(#1895,#1897,#1899,#1900));
#1902=FACE_OUTER_BOUND('',#1901,.F.);
#1904=CARTESIAN_POINT('',(0.E0,-1.E-2,-1.99E0));
#1905=DIRECTION('',(1.E0,0.E0,0.E0));
#1906=DIRECTION('',(0.E0,1.E0,0.E0));
#1907=AXIS2_PLACEMENT_3D('',#1904,#1905,#1906);
#1908=CYLINDRICAL_SURFACE('',#1907,5.4E-1);
#1909=ORIENTED_EDGE('',*,*,#1868,.T.);
#1911=ORIENTED_EDGE('',*,*,#1910,.T.);
#1913=ORIENTED_EDGE('',*,*,#1912,.T.);
#1914=ORIENTED_EDGE('',*,*,#1896,.F.);
#1915=EDGE_LOOP('',(#1909,#1911,#1913,#1914));
#1916=FACE_OUTER_BOUND('',#1915,.F.);
#1918=CARTESIAN_POINT('',(0.E0,-5.5E-1,-1.99E0));
#1919=DIRECTION('',(0.E0,1.E0,0.E0));
#1920=DIRECTION('',(0.E0,0.E0,-1.E0));
#1921=AXIS2_PLACEMENT_3D('',#1918,#1919,#1920);
#1922=PLANE('',#1921);
#1923=ORIENTED_EDGE('',*,*,#1866,.T.);
#1925=ORIENTED_EDGE('',*,*,#1924,.F.);
#1926=ORIENTED_EDGE('',*,*,#1779,.T.);
#1928=ORIENTED_EDGE('',*,*,#1927,.T.);
#1930=ORIENTED_EDGE('',*,*,#1929,.T.);
#1931=ORIENTED_EDGE('',*,*,#1910,.F.);
#1932=EDGE_LOOP('',(#1923,#1925,#1926,#1928,#1930,#1931));
#1933=FACE_OUTER_BOUND('',#1932,.F.);
#1935=CARTESIAN_POINT('',(0.E0,4.15E0,-2.26514925E0));
#1936=DIRECTION('',(0.E0,0.E0,-1.E0));
#1937=DIRECTION('',(0.E0,-1.E0,0.E0));
#1938=AXIS2_PLACEMENT_3D('',#1935,#1936,#1937);
#1939=PLANE('',#1938);
#1940=ORIENTED_EDGE('',*,*,#1747,.F.);
#1942=ORIENTED_EDGE('',*,*,#1941,.T.);
#1943=ORIENTED_EDGE('',*,*,#1847,.T.);
#1945=ORIENTED_EDGE('',*,*,#1944,.F.);
#1946=EDGE_LOOP('',(#1940,#1942,#1943,#1945));
#1947=FACE_OUTER_BOUND('',#1946,.F.);
#1949=CARTESIAN_POINT('',(0.E0,4.15E0,-2.26514925E0));
#1950=DIRECTION('',(0.E0,0.E0,-1.E0));
#1951=DIRECTION('',(0.E0,-1.E0,0.E0));
#1952=AXIS2_PLACEMENT_3D('',#1949,#1950,#1951);
#1953=PLANE('',#1952);
#1954=ORIENTED_EDGE('',*,*,#1771,.F.);
#1955=ORIENTED_EDGE('',*,*,#1924,.T.);
#1956=ORIENTED_EDGE('',*,*,#1864,.T.);
#1958=ORIENTED_EDGE('',*,*,#1957,.F.);
#1959=EDGE_LOOP('',(#1954,#1955,#1956,#1958));
#1960=FACE_OUTER_BOUND('',#1959,.F.);
#1962=CARTESIAN_POINT('',(0.E0,4.15E0,-3.802778125E0));
#1963=DIRECTION('',(0.E0,1.E0,0.E0));
#1964=DIRECTION('',(0.E0,0.E0,1.E0));
#1965=AXIS2_PLACEMENT_3D('',#1962,#1963,#1964);
#1966=PLANE('',#1965);
#1968=ORIENTED_EDGE('',*,*,#1967,.F.);
#1970=ORIENTED_EDGE('',*,*,#1969,.F.);
#1971=ORIENTED_EDGE('',*,*,#1701,.F.);
#1972=ORIENTED_EDGE('',*,*,#1800,.T.);
#1973=ORIENTED_EDGE('',*,*,#1849,.T.);
#1974=ORIENTED_EDGE('',*,*,#1941,.F.);
#1975=ORIENTED_EDGE('',*,*,#1755,.F.);
#1977=ORIENTED_EDGE('',*,*,#1976,.T.);
#1979=ORIENTED_EDGE('',*,*,#1978,.T.);
#1981=ORIENTED_EDGE('',*,*,#1980,.T.);
#1983=ORIENTED_EDGE('',*,*,#1982,.T.);
#1985=ORIENTED_EDGE('',*,*,#1984,.F.);
#1986=EDGE_LOOP('',(#1968,#1970,#1971,#1972,#1973,#1974,#1975,#1977,#1979,#1981,
#1983,#1985));
#1987=FACE_OUTER_BOUND('',#1986,.F.);
#1989=CARTESIAN_POINT('',(1.1E0,4.15E0,9.848475E-1));
#1990=DIRECTION('',(-1.E0,0.E0,0.E0));
#1991=DIRECTION('',(0.E0,0.E0,1.E0));
#1992=AXIS2_PLACEMENT_3D('',#1989,#1990,#1991);
#1993=PLANE('',#1992);
#1994=ORIENTED_EDGE('',*,*,#1967,.T.);
#1996=ORIENTED_EDGE('',*,*,#1995,.F.);
#1998=ORIENTED_EDGE('',*,*,#1997,.T.);
#2000=ORIENTED_EDGE('',*,*,#1999,.T.);
#2002=ORIENTED_EDGE('',*,*,#2001,.F.);
#2004=ORIENTED_EDGE('',*,*,#2003,.F.);
#2005=EDGE_LOOP('',(#1994,#1996,#1998,#2000,#2002,#2004));
#2006=FACE_OUTER_BOUND('',#2005,.F.);
#2008=CARTESIAN_POINT('',(1.1E0,4.15E0,9.848475E-1));
#2009=DIRECTION('',(-1.E0,0.E0,0.E0));
#2010=DIRECTION('',(0.E0,0.E0,1.E0));
#2011=AXIS2_PLACEMENT_3D('',#2008,#2009,#2010);
#2012=PLANE('',#2011);
#2014=ORIENTED_EDGE('',*,*,#2013,.F.);
#2016=ORIENTED_EDGE('',*,*,#2015,.T.);
#2018=ORIENTED_EDGE('',*,*,#2017,.F.);
#2020=ORIENTED_EDGE('',*,*,#2019,.F.);
#2022=ORIENTED_EDGE('',*,*,#2021,.T.);
#2024=ORIENTED_EDGE('',*,*,#2023,.F.);
#2025=EDGE_LOOP('',(#2014,#2016,#2018,#2020,#2022,#2024));
#2026=FACE_OUTER_BOUND('',#2025,.F.);
#2028=CARTESIAN_POINT('',(5.5E-1,4.15E0,9.848475E-1));
#2029=DIRECTION('',(0.E0,0.E0,1.E0));
#2030=DIRECTION('',(1.E0,0.E0,0.E0));
#2031=AXIS2_PLACEMENT_3D('',#2028,#2029,#2030);
#2032=PLANE('',#2031);
#2033=ORIENTED_EDGE('',*,*,#2023,.T.);
#2035=ORIENTED_EDGE('',*,*,#2034,.F.);
#2037=ORIENTED_EDGE('',*,*,#2036,.T.);
#2039=ORIENTED_EDGE('',*,*,#2038,.F.);
#2040=EDGE_LOOP('',(#2033,#2035,#2037,#2039));
#2041=FACE_OUTER_BOUND('',#2040,.F.);
#2043=CARTESIAN_POINT('',(5.5E-1,4.15E0,9.848475E-1));
#2044=DIRECTION('',(0.E0,0.E0,1.E0));
#2045=DIRECTION('',(1.E0,0.E0,0.E0));
#2046=AXIS2_PLACEMENT_3D('',#2043,#2044,#2045);
#2047=PLANE('',#2046);
#2048=ORIENTED_EDGE('',*,*,#1995,.T.);
#2049=ORIENTED_EDGE('',*,*,#1984,.T.);
#2051=ORIENTED_EDGE('',*,*,#2050,.T.);
#2053=ORIENTED_EDGE('',*,*,#2052,.T.);
#2054=EDGE_LOOP('',(#2048,#2049,#2051,#2053));
#2055=FACE_OUTER_BOUND('',#2054,.F.);
#2057=CARTESIAN_POINT('',(1.9E0,0.E0,0.E0));
#2058=DIRECTION('',(1.E0,0.E0,0.E0));
#2059=DIRECTION('',(0.E0,1.E0,0.E0));
#2060=AXIS2_PLACEMENT_3D('',#2057,#2058,#2059);
#2061=CYLINDRICAL_SURFACE('',#2060,4.E0);
#2062=ORIENTED_EDGE('',*,*,#1997,.F.);
#2063=ORIENTED_EDGE('',*,*,#2052,.F.);
#2065=ORIENTED_EDGE('',*,*,#2064,.T.);
#2067=ORIENTED_EDGE('',*,*,#2066,.T.);
#2068=EDGE_LOOP('',(#2062,#2063,#2065,#2067));
#2069=FACE_OUTER_BOUND('',#2068,.F.);
#2071=CARTESIAN_POINT('',(1.9E0,0.E0,0.E0));
#2072=DIRECTION('',(1.E0,0.E0,0.E0));
#2073=DIRECTION('',(0.E0,1.E0,0.E0));
#2074=AXIS2_PLACEMENT_3D('',#2071,#2072,#2073);
#2075=CYLINDRICAL_SURFACE('',#2074,4.E0);
#2076=ORIENTED_EDGE('',*,*,#2021,.F.);
#2078=ORIENTED_EDGE('',*,*,#2077,.F.);
#2080=ORIENTED_EDGE('',*,*,#2079,.T.);
#2081=ORIENTED_EDGE('',*,*,#2034,.T.);
#2082=EDGE_LOOP('',(#2076,#2078,#2080,#2081));
#2083=FACE_OUTER_BOUND('',#2082,.F.);
#2085=CARTESIAN_POINT('',(5.5E-1,0.E0,0.E0));
#2086=DIRECTION('',(1.E0,0.E0,0.E0));
#2087=DIRECTION('',(0.E0,1.E0,0.E0));
#2088=AXIS2_PLACEMENT_3D('',#2085,#2086,#2087);
#2089=PLANE('',#2088);
#2090=ORIENTED_EDGE('',*,*,#2079,.F.);
#2092=ORIENTED_EDGE('',*,*,#2091,.T.);
#2094=ORIENTED_EDGE('',*,*,#2093,.F.);
#2096=ORIENTED_EDGE('',*,*,#2095,.F.);
#2097=ORIENTED_EDGE('',*,*,#2064,.F.);
#2098=ORIENTED_EDGE('',*,*,#2050,.F.);
#2099=ORIENTED_EDGE('',*,*,#1982,.F.);
#2101=ORIENTED_EDGE('',*,*,#2100,.T.);
#2103=ORIENTED_EDGE('',*,*,#2102,.F.);
#2105=ORIENTED_EDGE('',*,*,#2104,.F.);
#2107=ORIENTED_EDGE('',*,*,#2106,.F.);
#2109=ORIENTED_EDGE('',*,*,#2108,.T.);
#2111=ORIENTED_EDGE('',*,*,#2110,.F.);
#2113=ORIENTED_EDGE('',*,*,#2112,.T.);
#2115=ORIENTED_EDGE('',*,*,#2114,.T.);
#2116=ORIENTED_EDGE('',*,*,#2036,.F.);
#2117=EDGE_LOOP('',(#2090,#2092,#2094,#2096,#2097,#2098,#2099,#2101,#2103,#2105,
#2107,#2109,#2111,#2113,#2115,#2116));
#2118=FACE_OUTER_BOUND('',#2117,.F.);
#2120=CARTESIAN_POINT('',(1.9E0,-9.848475E-1,-4.15E0));
#2121=DIRECTION('',(0.E0,-1.E0,0.E0));
#2122=DIRECTION('',(-1.E0,0.E0,0.E0));
#2123=AXIS2_PLACEMENT_3D('',#2120,#2121,#2122);
#2124=PLANE('',#2123);
#2126=ORIENTED_EDGE('',*,*,#2125,.T.);
#2128=ORIENTED_EDGE('',*,*,#2127,.F.);
#2129=ORIENTED_EDGE('',*,*,#2108,.F.);
#2131=ORIENTED_EDGE('',*,*,#2130,.F.);
#2132=EDGE_LOOP('',(#2126,#2128,#2129,#2131));
#2133=FACE_OUTER_BOUND('',#2132,.F.);
#2135=CARTESIAN_POINT('',(1.9E0,-9.848475E-1,-4.15E0));
#2136=DIRECTION('',(0.E0,-1.E0,0.E0));
#2137=DIRECTION('',(-1.E0,0.E0,0.E0));
#2138=AXIS2_PLACEMENT_3D('',#2135,#2136,#2137);
#2139=PLANE('',#2138);
#2140=ORIENTED_EDGE('',*,*,#2019,.T.);
#2142=ORIENTED_EDGE('',*,*,#2141,.T.);
#2143=ORIENTED_EDGE('',*,*,#2091,.F.);
#2144=ORIENTED_EDGE('',*,*,#2077,.T.);
#2145=EDGE_LOOP('',(#2140,#2142,#2143,#2144));
#2146=FACE_OUTER_BOUND('',#2145,.F.);
#2148=CARTESIAN_POINT('',(1.9E0,0.E0,0.E0));
#2149=DIRECTION('',(1.E0,0.E0,0.E0));
#2150=DIRECTION('',(0.E0,0.E0,1.E0));
#2151=AXIS2_PLACEMENT_3D('',#2148,#2149,#2150);
#2152=PLANE('',#2151);
#2153=ORIENTED_EDGE('',*,*,#2125,.F.);
#2155=ORIENTED_EDGE('',*,*,#2154,.F.);
#2157=ORIENTED_EDGE('',*,*,#2156,.F.);
#2159=ORIENTED_EDGE('',*,*,#2158,.F.);
#2161=ORIENTED_EDGE('',*,*,#2160,.F.);
#2163=ORIENTED_EDGE('',*,*,#2162,.T.);
#2164=EDGE_LOOP('',(#2153,#2155,#2157,#2159,#2161,#2163));
#2165=FACE_OUTER_BOUND('',#2164,.F.);
#2167=CARTESIAN_POINT('',(1.9E0,0.E0,0.E0));
#2168=DIRECTION('',(1.E0,0.E0,0.E0));
#2169=DIRECTION('',(0.E0,0.E0,1.E0));
#2170=AXIS2_PLACEMENT_3D('',#2167,#2168,#2169);
#2171=PLANE('',#2170);
#2173=ORIENTED_EDGE('',*,*,#2172,.T.);
#2175=ORIENTED_EDGE('',*,*,#2174,.T.);
#2177=ORIENTED_EDGE('',*,*,#2176,.F.);
#2178=ORIENTED_EDGE('',*,*,#1978,.F.);
#2180=ORIENTED_EDGE('',*,*,#2179,.F.);
#2182=ORIENTED_EDGE('',*,*,#2181,.F.);
#2183=EDGE_LOOP('',(#2173,#2175,#2177,#2178,#2180,#2182));
#2184=FACE_OUTER_BOUND('',#2183,.F.);
#2186=CARTESIAN_POINT('',(0.E0,-3.802778125E0,-4.15E0));
#2187=DIRECTION('',(0.E0,0.E0,-1.E0));
#2188=DIRECTION('',(0.E0,1.E0,0.E0));
#2189=AXIS2_PLACEMENT_3D('',#2186,#2187,#2188);
#2190=PLANE('',#2189);
#2191=ORIENTED_EDGE('',*,*,#2130,.T.);
#2192=ORIENTED_EDGE('',*,*,#2106,.T.);
#2194=ORIENTED_EDGE('',*,*,#2193,.F.);
#2195=ORIENTED_EDGE('',*,*,#2181,.T.);
#2197=ORIENTED_EDGE('',*,*,#2196,.F.);
#2198=ORIENTED_EDGE('',*,*,#1751,.F.);
#2200=ORIENTED_EDGE('',*,*,#2199,.T.);
#2202=ORIENTED_EDGE('',*,*,#2201,.T.);
#2204=ORIENTED_EDGE('',*,*,#2203,.T.);
#2206=ORIENTED_EDGE('',*,*,#2205,.T.);
#2207=ORIENTED_EDGE('',*,*,#1927,.F.);
#2208=ORIENTED_EDGE('',*,*,#1777,.F.);
#2210=ORIENTED_EDGE('',*,*,#2209,.T.);
#2211=ORIENTED_EDGE('',*,*,#2154,.T.);
#2212=EDGE_LOOP('',(#2191,#2192,#2194,#2195,#2197,#2198,#2200,#2202,#2204,#2206,
#2207,#2208,#2210,#2211));
#2213=FACE_OUTER_BOUND('',#2212,.F.);
#2215=CARTESIAN_POINT('',(5.5E-1,9.848475E-1,-4.15E0));
#2216=DIRECTION('',(0.E0,1.E0,0.E0));
#2217=DIRECTION('',(1.E0,0.E0,0.E0));
#2218=AXIS2_PLACEMENT_3D('',#2215,#2216,#2217);
#2219=PLANE('',#2218);
#2220=ORIENTED_EDGE('',*,*,#2172,.F.);
#2221=ORIENTED_EDGE('',*,*,#2193,.T.);
#2222=ORIENTED_EDGE('',*,*,#2104,.T.);
#2224=ORIENTED_EDGE('',*,*,#2223,.T.);
#2225=EDGE_LOOP('',(#2220,#2221,#2222,#2224));
#2226=FACE_OUTER_BOUND('',#2225,.F.);
#2228=CARTESIAN_POINT('',(5.5E-1,9.848475E-1,-4.15E0));
#2229=DIRECTION('',(0.E0,1.E0,0.E0));
#2230=DIRECTION('',(1.E0,0.E0,0.E0));
#2231=AXIS2_PLACEMENT_3D('',#2228,#2229,#2230);
#2232=PLANE('',#2231);
#2233=ORIENTED_EDGE('',*,*,#1999,.F.);
#2234=ORIENTED_EDGE('',*,*,#2066,.F.);
#2235=ORIENTED_EDGE('',*,*,#2095,.T.);
#2237=ORIENTED_EDGE('',*,*,#2236,.F.);
#2238=EDGE_LOOP('',(#2233,#2234,#2235,#2237));
#2239=FACE_OUTER_BOUND('',#2238,.F.);
#2241=CARTESIAN_POINT('',(1.9E0,0.E0,0.E0));
#2242=DIRECTION('',(1.E0,0.E0,0.E0));
#2243=DIRECTION('',(0.E0,1.E0,0.E0));
#2244=AXIS2_PLACEMENT_3D('',#2241,#2242,#2243);
#2245=CYLINDRICAL_SURFACE('',#2244,4.E0);
#2246=ORIENTED_EDGE('',*,*,#2127,.T.);
#2247=ORIENTED_EDGE('',*,*,#2162,.F.);
#2249=ORIENTED_EDGE('',*,*,#2248,.F.);
#2250=ORIENTED_EDGE('',*,*,#2110,.T.);
#2251=EDGE_LOOP('',(#2246,#2247,#2249,#2250));
#2252=FACE_OUTER_BOUND('',#2251,.F.);
#2254=CARTESIAN_POINT('',(1.9E0,0.E0,0.E0));
#2255=DIRECTION('',(1.E0,0.E0,0.E0));
#2256=DIRECTION('',(0.E0,1.E0,0.E0));
#2257=AXIS2_PLACEMENT_3D('',#2254,#2255,#2256);
#2258=CYLINDRICAL_SURFACE('',#2257,4.E0);
#2259=ORIENTED_EDGE('',*,*,#2223,.F.);
#2260=ORIENTED_EDGE('',*,*,#2102,.T.);
#2262=ORIENTED_EDGE('',*,*,#2261,.T.);
#2263=ORIENTED_EDGE('',*,*,#2174,.F.);
#2264=EDGE_LOOP('',(#2259,#2260,#2262,#2263));
#2265=FACE_OUTER_BOUND('',#2264,.F.);
#2267=CARTESIAN_POINT('',(1.9E0,4.15E0,-9.848475E-1));
#2268=DIRECTION('',(0.E0,0.E0,-1.E0));
#2269=DIRECTION('',(-1.E0,0.E0,0.E0));
#2270=AXIS2_PLACEMENT_3D('',#2267,#2268,#2269);
#2271=PLANE('',#2270);
#2272=ORIENTED_EDGE('',*,*,#2176,.T.);
#2273=ORIENTED_EDGE('',*,*,#2261,.F.);
#2274=ORIENTED_EDGE('',*,*,#2100,.F.);
#2275=ORIENTED_EDGE('',*,*,#1980,.F.);
#2276=EDGE_LOOP('',(#2272,#2273,#2274,#2275));
#2277=FACE_OUTER_BOUND('',#2276,.F.);
#2279=CARTESIAN_POINT('',(1.9E0,4.15E0,-9.848475E-1));
#2280=DIRECTION('',(0.E0,0.E0,-1.E0));
#2281=DIRECTION('',(-1.E0,0.E0,0.E0));
#2282=AXIS2_PLACEMENT_3D('',#2279,#2280,#2281);
#2283=PLANE('',#2282);
#2284=ORIENTED_EDGE('',*,*,#2160,.T.);
#2286=ORIENTED_EDGE('',*,*,#2285,.T.);
#2287=ORIENTED_EDGE('',*,*,#2112,.F.);
#2288=ORIENTED_EDGE('',*,*,#2248,.T.);
#2289=EDGE_LOOP('',(#2284,#2286,#2287,#2288));
#2290=FACE_OUTER_BOUND('',#2289,.F.);
#2292=CARTESIAN_POINT('',(0.E0,-4.15E0,4.15E0));
#2293=DIRECTION('',(0.E0,-1.E0,0.E0));
#2294=DIRECTION('',(0.E0,0.E0,-1.E0));
#2295=AXIS2_PLACEMENT_3D('',#2292,#2293,#2294);
#2296=PLANE('',#2295);
#2297=ORIENTED_EDGE('',*,*,#2013,.T.);
#2298=ORIENTED_EDGE('',*,*,#2038,.T.);
#2299=ORIENTED_EDGE('',*,*,#2114,.F.);
#2300=ORIENTED_EDGE('',*,*,#2285,.F.);
#2301=ORIENTED_EDGE('',*,*,#2158,.T.);
#2303=ORIENTED_EDGE('',*,*,#2302,.F.);
#2304=ORIENTED_EDGE('',*,*,#1773,.T.);
#2305=ORIENTED_EDGE('',*,*,#1957,.T.);
#2306=ORIENTED_EDGE('',*,*,#1862,.F.);
#2307=ORIENTED_EDGE('',*,*,#1811,.F.);
#2308=ORIENTED_EDGE('',*,*,#1731,.T.);
#2310=ORIENTED_EDGE('',*,*,#2309,.T.);
#2311=EDGE_LOOP('',(#2297,#2298,#2299,#2300,#2301,#2303,#2304,#2305,#2306,#2307,
#2308,#2310));
#2312=FACE_OUTER_BOUND('',#2311,.F.);
#2314=CARTESIAN_POINT('',(0.E0,-3.802778125E0,-3.802778125E0));
#2315=DIRECTION('',(1.E0,0.E0,0.E0));
#2316=DIRECTION('',(0.E0,0.E0,1.E0));
#2317=AXIS2_PLACEMENT_3D('',#2314,#2315,#2316);
#2318=CYLINDRICAL_SURFACE('',#2317,3.47221875E-1);
#2319=ORIENTED_EDGE('',*,*,#1775,.F.);
#2320=ORIENTED_EDGE('',*,*,#2302,.T.);
#2321=ORIENTED_EDGE('',*,*,#2156,.T.);
#2322=ORIENTED_EDGE('',*,*,#2209,.F.);
#2323=EDGE_LOOP('',(#2319,#2320,#2321,#2322));
#2324=FACE_OUTER_BOUND('',#2323,.F.);
#2326=CARTESIAN_POINT('',(0.E0,-4.15E0,3.26363725E0));
#2327=DIRECTION('',(0.E0,-7.071067811865E-1,7.071067811865E-1));
#2328=DIRECTION('',(0.E0,7.071067811865E-1,7.071067811865E-1));
#2329=AXIS2_PLACEMENT_3D('',#2326,#2327,#2328);
#2330=PLANE('',#2329);
#2331=ORIENTED_EDGE('',*,*,#2015,.F.);
#2332=ORIENTED_EDGE('',*,*,#2309,.F.);
#2333=ORIENTED_EDGE('',*,*,#1729,.T.);
#2335=ORIENTED_EDGE('',*,*,#2334,.T.);
#2336=EDGE_LOOP('',(#2331,#2332,#2333,#2335));
#2337=FACE_OUTER_BOUND('',#2336,.F.);
#2339=CARTESIAN_POINT('',(0.E0,4.15E0,4.15E0));
#2340=DIRECTION('',(0.E0,0.E0,1.E0));
#2341=DIRECTION('',(0.E0,-1.E0,0.E0));
#2342=AXIS2_PLACEMENT_3D('',#2339,#2340,#2341);
#2343=PLANE('',#2342);
#2344=ORIENTED_EDGE('',*,*,#2001,.T.);
#2345=ORIENTED_EDGE('',*,*,#2236,.T.);
#2346=ORIENTED_EDGE('',*,*,#2093,.T.);
#2347=ORIENTED_EDGE('',*,*,#2141,.F.);
#2348=ORIENTED_EDGE('',*,*,#2017,.T.);
#2349=ORIENTED_EDGE('',*,*,#2334,.F.);
#2350=ORIENTED_EDGE('',*,*,#1727,.F.);
#2352=ORIENTED_EDGE('',*,*,#2351,.T.);
#2354=ORIENTED_EDGE('',*,*,#2353,.T.);
#2356=ORIENTED_EDGE('',*,*,#2355,.F.);
#2358=ORIENTED_EDGE('',*,*,#2357,.T.);
#2359=ORIENTED_EDGE('',*,*,#1829,.F.);
#2360=ORIENTED_EDGE('',*,*,#1705,.F.);
#2362=ORIENTED_EDGE('',*,*,#2361,.T.);
#2363=EDGE_LOOP('',(#2344,#2345,#2346,#2347,#2348,#2349,#2350,#2352,#2354,#2356,
#2358,#2359,#2360,#2362));
#2364=FACE_OUTER_BOUND('',#2363,.F.);
#2366=CARTESIAN_POINT('',(0.E0,-5.5E-1,1.99E0));
#2367=DIRECTION('',(0.E0,-1.E0,0.E0));
#2368=DIRECTION('',(0.E0,0.E0,1.E0));
#2369=AXIS2_PLACEMENT_3D('',#2366,#2367,#2368);
#2370=PLANE('',#2369);
#2371=ORIENTED_EDGE('',*,*,#1859,.F.);
#2373=ORIENTED_EDGE('',*,*,#2372,.T.);
#2375=ORIENTED_EDGE('',*,*,#2374,.T.);
#2376=ORIENTED_EDGE('',*,*,#2351,.F.);
#2377=ORIENTED_EDGE('',*,*,#1725,.T.);
#2378=ORIENTED_EDGE('',*,*,#1815,.T.);
#2379=EDGE_LOOP('',(#2371,#2373,#2375,#2376,#2377,#2378));
#2380=FACE_OUTER_BOUND('',#2379,.F.);
#2382=CARTESIAN_POINT('',(0.E0,-1.E-2,1.99E0));
#2383=DIRECTION('',(-1.E0,0.E0,0.E0));
#2384=DIRECTION('',(0.E0,1.E0,0.E0));
#2385=AXIS2_PLACEMENT_3D('',#2382,#2383,#2384);
#2386=CYLINDRICAL_SURFACE('',#2385,5.4E-1);
#2387=ORIENTED_EDGE('',*,*,#1857,.T.);
#2389=ORIENTED_EDGE('',*,*,#2388,.T.);
#2391=ORIENTED_EDGE('',*,*,#2390,.T.);
#2392=ORIENTED_EDGE('',*,*,#2372,.F.);
#2393=EDGE_LOOP('',(#2387,#2389,#2391,#2392));
#2394=FACE_OUTER_BOUND('',#2393,.F.);
#2396=CARTESIAN_POINT('',(0.E0,1.E-2,1.45E0));
#2397=DIRECTION('',(0.E0,0.E0,-1.E0));
#2398=DIRECTION('',(0.E0,-1.E0,0.E0));
#2399=AXIS2_PLACEMENT_3D('',#2396,#2397,#2398);
#2400=PLANE('',#2399);
#2401=ORIENTED_EDGE('',*,*,#1855,.F.);
#2403=ORIENTED_EDGE('',*,*,#2402,.T.);
#2405=ORIENTED_EDGE('',*,*,#2404,.T.);
#2406=ORIENTED_EDGE('',*,*,#2388,.F.);
#2407=EDGE_LOOP('',(#2401,#2403,#2405,#2406));
#2408=FACE_OUTER_BOUND('',#2407,.F.);
#2410=CARTESIAN_POINT('',(0.E0,1.E-2,1.99E0));
#2411=DIRECTION('',(-1.E0,0.E0,0.E0));
#2412=DIRECTION('',(0.E0,1.E0,0.E0));
#2413=AXIS2_PLACEMENT_3D('',#2410,#2411,#2412);
#2414=CYLINDRICAL_SURFACE('',#2413,5.4E-1);
#2415=ORIENTED_EDGE('',*,*,#1853,.T.);
#2416=ORIENTED_EDGE('',*,*,#1833,.T.);
#2418=ORIENTED_EDGE('',*,*,#2417,.T.);
#2419=ORIENTED_EDGE('',*,*,#2402,.F.);
#2420=EDGE_LOOP('',(#2415,#2416,#2418,#2419));
#2421=FACE_OUTER_BOUND('',#2420,.F.);
#2423=CARTESIAN_POINT('',(2.E-1,0.E0,0.E0));
#2424=DIRECTION('',(-1.E0,0.E0,0.E0));
#2425=DIRECTION('',(0.E0,1.E0,0.E0));
#2426=AXIS2_PLACEMENT_3D('',#2423,#2424,#2425);
#2427=PLANE('',#2426);
#2428=ORIENTED_EDGE('',*,*,#2417,.F.);
#2429=ORIENTED_EDGE('',*,*,#1831,.F.);
#2430=ORIENTED_EDGE('',*,*,#2357,.F.);
#2432=ORIENTED_EDGE('',*,*,#2431,.T.);
#2434=ORIENTED_EDGE('',*,*,#2433,.T.);
#2436=ORIENTED_EDGE('',*,*,#2435,.F.);
#2437=ORIENTED_EDGE('',*,*,#2353,.F.);
#2438=ORIENTED_EDGE('',*,*,#2374,.F.);
#2439=ORIENTED_EDGE('',*,*,#2390,.F.);
#2440=ORIENTED_EDGE('',*,*,#2404,.F.);
#2441=EDGE_LOOP('',(#2428,#2429,#2430,#2432,#2434,#2436,#2437,#2438,#2439,
#2440));
#2442=FACE_OUTER_BOUND('',#2441,.F.);
#2444=CARTESIAN_POINT('',(2.E-1,4.5E-1,4.15E0));
#2445=DIRECTION('',(0.E0,1.E0,0.E0));
#2446=DIRECTION('',(0.E0,0.E0,-1.E0));
#2447=AXIS2_PLACEMENT_3D('',#2444,#2445,#2446);
#2448=PLANE('',#2447);
#2450=ORIENTED_EDGE('',*,*,#2449,.F.);
#2452=ORIENTED_EDGE('',*,*,#2451,.T.);
#2453=ORIENTED_EDGE('',*,*,#2431,.F.);
#2455=ORIENTED_EDGE('',*,*,#2454,.F.);
#2457=ORIENTED_EDGE('',*,*,#2456,.T.);
#2459=ORIENTED_EDGE('',*,*,#2458,.T.);
#2460=EDGE_LOOP('',(#2450,#2452,#2453,#2455,#2457,#2459));
#2461=FACE_OUTER_BOUND('',#2460,.F.);
#2463=FILL_AREA_STYLE_COLOUR('',#19);
#2464=FILL_AREA_STYLE('',(#2463));
#2465=SURFACE_STYLE_FILL_AREA(#2464);
#2466=SURFACE_SIDE_STYLE('',(#2465));
#2467=SURFACE_STYLE_USAGE(.POSITIVE.,#2466);
#2468=FILL_AREA_STYLE_COLOUR('',#18);
#2469=FILL_AREA_STYLE('',(#2468));
#2470=SURFACE_STYLE_FILL_AREA(#2469);
#2471=SURFACE_SIDE_STYLE('',(#2470));
#2472=SURFACE_STYLE_USAGE(.NEGATIVE.,#2471);
#2473=PRESENTATION_STYLE_ASSIGNMENT((#2467,#2472));
#2474=OVER_RIDING_STYLED_ITEM('',(#2473),#2462,#20);
#2475=CARTESIAN_POINT('',(-1.E-1,4.5E-1,4.15E0));
#2476=DIRECTION('',(9.983399416756E-1,0.E0,5.759653509667E-2));
#2477=DIRECTION('',(5.759653509667E-2,0.E0,-9.983399416756E-1));
#2478=AXIS2_PLACEMENT_3D('',#2475,#2476,#2477);
#2479=PLANE('',#2478);
#2480=ORIENTED_EDGE('',*,*,#2449,.T.);
#2482=ORIENTED_EDGE('',*,*,#2481,.T.);
#2484=ORIENTED_EDGE('',*,*,#2483,.F.);
#2486=ORIENTED_EDGE('',*,*,#2485,.F.);
#2487=EDGE_LOOP('',(#2480,#2482,#2484,#2486));
#2488=FACE_OUTER_BOUND('',#2487,.F.);
#2490=FILL_AREA_STYLE_COLOUR('',#19);
#2491=FILL_AREA_STYLE('',(#2490));
#2492=SURFACE_STYLE_FILL_AREA(#2491);
#2493=SURFACE_SIDE_STYLE('',(#2492));
#2494=SURFACE_STYLE_USAGE(.POSITIVE.,#2493);
#2495=FILL_AREA_STYLE_COLOUR('',#18);
#2496=FILL_AREA_STYLE('',(#2495));
#2497=SURFACE_STYLE_FILL_AREA(#2496);
#2498=SURFACE_SIDE_STYLE('',(#2497));
#2499=SURFACE_STYLE_USAGE(.NEGATIVE.,#2498);
#2500=PRESENTATION_STYLE_ASSIGNMENT((#2494,#2499));
#2501=OVER_RIDING_STYLED_ITEM('',(#2500),#2489,#20);
#2502=CARTESIAN_POINT('',(-1.E-1,0.E0,0.E0));
#2503=DIRECTION('',(-1.E0,0.E0,0.E0));
#2504=DIRECTION('',(0.E0,0.E0,-1.E0));
#2505=AXIS2_PLACEMENT_3D('',#2502,#2503,#2504);
#2506=PLANE('',#2505);
#2507=ORIENTED_EDGE('',*,*,#2481,.F.);
#2508=ORIENTED_EDGE('',*,*,#2458,.F.);
#2510=ORIENTED_EDGE('',*,*,#2509,.F.);
#2512=ORIENTED_EDGE('',*,*,#2511,.F.);
#2513=EDGE_LOOP('',(#2507,#2508,#2510,#2512));
#2514=FACE_OUTER_BOUND('',#2513,.F.);
#2516=FILL_AREA_STYLE_COLOUR('',#19);
#2517=FILL_AREA_STYLE('',(#2516));
#2518=SURFACE_STYLE_FILL_AREA(#2517);
#2519=SURFACE_SIDE_STYLE('',(#2518));
#2520=SURFACE_STYLE_USAGE(.POSITIVE.,#2519);
#2521=FILL_AREA_STYLE_COLOUR('',#18);
#2522=FILL_AREA_STYLE('',(#2521));
#2523=SURFACE_STYLE_FILL_AREA(#2522);
#2524=SURFACE_SIDE_STYLE('',(#2523));
#2525=SURFACE_STYLE_USAGE(.NEGATIVE.,#2524);
#2526=PRESENTATION_STYLE_ASSIGNMENT((#2520,#2525));
#2527=OVER_RIDING_STYLED_ITEM('',(#2526),#2515,#20);
#2528=CARTESIAN_POINT('',(2.E-1,-4.5E-1,4.55E0));
#2529=DIRECTION('',(0.E0,0.E0,1.E0));
#2530=DIRECTION('',(0.E0,1.E0,0.E0));
#2531=AXIS2_PLACEMENT_3D('',#2528,#2529,#2530);
#2532=PLANE('',#2531);
#2534=ORIENTED_EDGE('',*,*,#2533,.F.);
#2536=ORIENTED_EDGE('',*,*,#2535,.T.);
#2537=ORIENTED_EDGE('',*,*,#2509,.T.);
#2538=ORIENTED_EDGE('',*,*,#2456,.F.);
#2539=EDGE_LOOP('',(#2534,#2536,#2537,#2538));
#2540=FACE_OUTER_BOUND('',#2539,.F.);
#2542=FILL_AREA_STYLE_COLOUR('',#19);
#2543=FILL_AREA_STYLE('',(#2542));
#2544=SURFACE_STYLE_FILL_AREA(#2543);
#2545=SURFACE_SIDE_STYLE('',(#2544));
#2546=SURFACE_STYLE_USAGE(.POSITIVE.,#2545);
#2547=FILL_AREA_STYLE_COLOUR('',#18);
#2548=FILL_AREA_STYLE('',(#2547));
#2549=SURFACE_STYLE_FILL_AREA(#2548);
#2550=SURFACE_SIDE_STYLE('',(#2549));
#2551=SURFACE_STYLE_USAGE(.NEGATIVE.,#2550);
#2552=PRESENTATION_STYLE_ASSIGNMENT((#2546,#2551));
#2553=OVER_RIDING_STYLED_ITEM('',(#2552),#2541,#20);
#2554=CARTESIAN_POINT('',(2.E-1,0.E0,0.E0));
#2555=DIRECTION('',(-1.E0,0.E0,0.E0));
#2556=DIRECTION('',(0.E0,0.E0,-1.E0));
#2557=AXIS2_PLACEMENT_3D('',#2554,#2555,#2556);
#2558=PLANE('',#2557);
#2559=ORIENTED_EDGE('',*,*,#2355,.T.);
#2561=ORIENTED_EDGE('',*,*,#2560,.T.);
#2562=ORIENTED_EDGE('',*,*,#2533,.T.);
#2563=ORIENTED_EDGE('',*,*,#2454,.T.);
#2564=EDGE_LOOP('',(#2559,#2561,#2562,#2563));
#2565=FACE_OUTER_BOUND('',#2564,.F.);
#2567=FILL_AREA_STYLE_COLOUR('',#19);
#2568=FILL_AREA_STYLE('',(#2567));
#2569=SURFACE_STYLE_FILL_AREA(#2568);
#2570=SURFACE_SIDE_STYLE('',(#2569));
#2571=SURFACE_STYLE_USAGE(.POSITIVE.,#2570);
#2572=FILL_AREA_STYLE_COLOUR('',#18);
#2573=FILL_AREA_STYLE('',(#2572));
#2574=SURFACE_STYLE_FILL_AREA(#2573);
#2575=SURFACE_SIDE_STYLE('',(#2574));
#2576=SURFACE_STYLE_USAGE(.NEGATIVE.,#2575);
#2577=PRESENTATION_STYLE_ASSIGNMENT((#2571,#2576));
#2578=OVER_RIDING_STYLED_ITEM('',(#2577),#2566,#20);
#2579=CARTESIAN_POINT('',(2.E-1,-4.5E-1,1.55E0));
#2580=DIRECTION('',(0.E0,-1.E0,0.E0));
#2581=DIRECTION('',(0.E0,0.E0,1.E0));
#2582=AXIS2_PLACEMENT_3D('',#2579,#2580,#2581);
#2583=PLANE('',#2582);
#2584=ORIENTED_EDGE('',*,*,#2483,.T.);
#2585=ORIENTED_EDGE('',*,*,#2511,.T.);
#2586=ORIENTED_EDGE('',*,*,#2535,.F.);
#2587=ORIENTED_EDGE('',*,*,#2560,.F.);
#2588=ORIENTED_EDGE('',*,*,#2435,.T.);
#2590=ORIENTED_EDGE('',*,*,#2589,.T.);
#2591=EDGE_LOOP('',(#2584,#2585,#2586,#2587,#2588,#2590));
#2592=FACE_OUTER_BOUND('',#2591,.F.);
#2594=FILL_AREA_STYLE_COLOUR('',#19);
#2595=FILL_AREA_STYLE('',(#2594));
#2596=SURFACE_STYLE_FILL_AREA(#2595);
#2597=SURFACE_SIDE_STYLE('',(#2596));
#2598=SURFACE_STYLE_USAGE(.POSITIVE.,#2597);
#2599=FILL_AREA_STYLE_COLOUR('',#18);
#2600=FILL_AREA_STYLE('',(#2599));
#2601=SURFACE_STYLE_FILL_AREA(#2600);
#2602=SURFACE_SIDE_STYLE('',(#2601));
#2603=SURFACE_STYLE_USAGE(.NEGATIVE.,#2602);
#2604=PRESENTATION_STYLE_ASSIGNMENT((#2598,#2603));
#2605=OVER_RIDING_STYLED_ITEM('',(#2604),#2593,#20);
#2606=CARTESIAN_POINT('',(4.5072E0,0.E0,2.E0));
#2607=DIRECTION('',(-1.E0,0.E0,0.E0));
#2608=DIRECTION('',(0.E0,0.E0,-1.E0));
#2609=AXIS2_PLACEMENT_3D('',#2606,#2607,#2608);
#2610=CYLINDRICAL_SURFACE('',#2609,4.5E-1);
#2611=ORIENTED_EDGE('',*,*,#2485,.T.);
#2612=ORIENTED_EDGE('',*,*,#2589,.F.);
#2613=ORIENTED_EDGE('',*,*,#2433,.F.);
#2614=ORIENTED_EDGE('',*,*,#2451,.F.);
#2615=EDGE_LOOP('',(#2611,#2612,#2613,#2614));
#2616=FACE_OUTER_BOUND('',#2615,.F.);
#2618=FILL_AREA_STYLE_COLOUR('',#19);
#2619=FILL_AREA_STYLE('',(#2618));
#2620=SURFACE_STYLE_FILL_AREA(#2619);
#2621=SURFACE_SIDE_STYLE('',(#2620));
#2622=SURFACE_STYLE_USAGE(.POSITIVE.,#2621);
#2623=FILL_AREA_STYLE_COLOUR('',#18);
#2624=FILL_AREA_STYLE('',(#2623));
#2625=SURFACE_STYLE_FILL_AREA(#2624);
#2626=SURFACE_SIDE_STYLE('',(#2625));
#2627=SURFACE_STYLE_USAGE(.NEGATIVE.,#2626);
#2628=PRESENTATION_STYLE_ASSIGNMENT((#2622,#2627));
#2629=OVER_RIDING_STYLED_ITEM('',(#2628),#2617,#20);
#2630=CARTESIAN_POINT('',(0.E0,4.15E0,3.26363725E0));
#2631=DIRECTION('',(0.E0,-7.071067811865E-1,-7.071067811865E-1));
#2632=DIRECTION('',(0.E0,-7.071067811865E-1,7.071067811865E-1));
#2633=AXIS2_PLACEMENT_3D('',#2630,#2631,#2632);
#2634=PLANE('',#2633);
#2635=ORIENTED_EDGE('',*,*,#2003,.T.);
#2636=ORIENTED_EDGE('',*,*,#2361,.F.);
#2637=ORIENTED_EDGE('',*,*,#1703,.F.);
#2638=ORIENTED_EDGE('',*,*,#1969,.T.);
#2639=EDGE_LOOP('',(#2635,#2636,#2637,#2638));
#2640=FACE_OUTER_BOUND('',#2639,.F.);
#2642=CARTESIAN_POINT('',(0.E0,3.802778125E0,-3.802778125E0));
#2643=DIRECTION('',(1.E0,0.E0,0.E0));
#2644=DIRECTION('',(0.E0,0.E0,1.E0));
#2645=AXIS2_PLACEMENT_3D('',#2642,#2643,#2644);
#2646=CYLINDRICAL_SURFACE('',#2645,3.47221875E-1);
#2647=ORIENTED_EDGE('',*,*,#1753,.F.);
#2648=ORIENTED_EDGE('',*,*,#2196,.T.);
#2649=ORIENTED_EDGE('',*,*,#2179,.T.);
#2650=ORIENTED_EDGE('',*,*,#1976,.F.);
#2651=EDGE_LOOP('',(#2647,#2648,#2649,#2650));
#2652=FACE_OUTER_BOUND('',#2651,.F.);
#2654=CARTESIAN_POINT('',(0.E0,5.5E-1,-4.047184063734E0));
#2655=DIRECTION('',(0.E0,-1.E0,0.E0));
#2656=DIRECTION('',(0.E0,0.E0,1.E0));
#2657=AXIS2_PLACEMENT_3D('',#2654,#2655,#2656);
#2658=PLANE('',#2657);
#2659=ORIENTED_EDGE('',*,*,#1845,.F.);
#2660=ORIENTED_EDGE('',*,*,#1885,.T.);
#2662=ORIENTED_EDGE('',*,*,#2661,.T.);
#2663=ORIENTED_EDGE('',*,*,#2199,.F.);
#2664=ORIENTED_EDGE('',*,*,#1749,.T.);
#2665=ORIENTED_EDGE('',*,*,#1944,.T.);
#2666=EDGE_LOOP('',(#2659,#2660,#2662,#2663,#2664,#2665));
#2667=FACE_OUTER_BOUND('',#2666,.F.);
#2669=CARTESIAN_POINT('',(2.E-1,0.E0,0.E0));
#2670=DIRECTION('',(1.E0,0.E0,0.E0));
#2671=DIRECTION('',(0.E0,1.E0,0.E0));
#2672=AXIS2_PLACEMENT_3D('',#2669,#2670,#2671);
#2673=PLANE('',#2672);
#2674=ORIENTED_EDGE('',*,*,#1883,.F.);
#2675=ORIENTED_EDGE('',*,*,#1898,.T.);
#2676=ORIENTED_EDGE('',*,*,#1912,.F.);
#2677=ORIENTED_EDGE('',*,*,#1929,.F.);
#2678=ORIENTED_EDGE('',*,*,#2205,.F.);
#2680=ORIENTED_EDGE('',*,*,#2679,.T.);
#2682=ORIENTED_EDGE('',*,*,#2681,.T.);
#2684=ORIENTED_EDGE('',*,*,#2683,.F.);
#2685=ORIENTED_EDGE('',*,*,#2201,.F.);
#2686=ORIENTED_EDGE('',*,*,#2661,.F.);
#2687=EDGE_LOOP('',(#2674,#2675,#2676,#2677,#2678,#2680,#2682,#2684,#2685,
#2686));
#2688=FACE_OUTER_BOUND('',#2687,.F.);
#2690=CARTESIAN_POINT('',(2.E-1,-4.5E-1,-1.55E0));
#2691=DIRECTION('',(0.E0,1.E0,0.E0));
#2692=DIRECTION('',(0.E0,0.E0,-1.E0));
#2693=AXIS2_PLACEMENT_3D('',#2690,#2691,#2692);
#2694=PLANE('',#2693);
#2696=ORIENTED_EDGE('',*,*,#2695,.F.);
#2698=ORIENTED_EDGE('',*,*,#2697,.T.);
#2699=ORIENTED_EDGE('',*,*,#2679,.F.);
#2701=ORIENTED_EDGE('',*,*,#2700,.T.);
#2703=ORIENTED_EDGE('',*,*,#2702,.T.);
#2705=ORIENTED_EDGE('',*,*,#2704,.T.);
#2706=EDGE_LOOP('',(#2696,#2698,#2699,#2701,#2703,#2705));
#2707=FACE_OUTER_BOUND('',#2706,.F.);
#2709=FILL_AREA_STYLE_COLOUR('',#19);
#2710=FILL_AREA_STYLE('',(#2709));
#2711=SURFACE_STYLE_FILL_AREA(#2710);
#2712=SURFACE_SIDE_STYLE('',(#2711));
#2713=SURFACE_STYLE_USAGE(.POSITIVE.,#2712);
#2714=FILL_AREA_STYLE_COLOUR('',#18);
#2715=FILL_AREA_STYLE('',(#2714));
#2716=SURFACE_STYLE_FILL_AREA(#2715);
#2717=SURFACE_SIDE_STYLE('',(#2716));
#2718=SURFACE_STYLE_USAGE(.NEGATIVE.,#2717);
#2719=PRESENTATION_STYLE_ASSIGNMENT((#2713,#2718));
#2720=OVER_RIDING_STYLED_ITEM('',(#2719),#2708,#20);
#2721=CARTESIAN_POINT('',(-1.E-1,4.5E-1,-4.15E0));
#2722=DIRECTION('',(-9.983399416756E-1,0.E0,5.759653509667E-2));
#2723=DIRECTION('',(5.759653509667E-2,0.E0,9.983399416756E-1));
#2724=AXIS2_PLACEMENT_3D('',#2721,#2722,#2723);
#2725=PLANE('',#2724);
#2727=ORIENTED_EDGE('',*,*,#2726,.F.);
#2729=ORIENTED_EDGE('',*,*,#2728,.T.);
#2730=ORIENTED_EDGE('',*,*,#2695,.T.);
#2732=ORIENTED_EDGE('',*,*,#2731,.F.);
#2733=EDGE_LOOP('',(#2727,#2729,#2730,#2732));
#2734=FACE_OUTER_BOUND('',#2733,.F.);
#2736=FILL_AREA_STYLE_COLOUR('',#19);
#2737=FILL_AREA_STYLE('',(#2736));
#2738=SURFACE_STYLE_FILL_AREA(#2737);
#2739=SURFACE_SIDE_STYLE('',(#2738));
#2740=SURFACE_STYLE_USAGE(.POSITIVE.,#2739);
#2741=FILL_AREA_STYLE_COLOUR('',#18);
#2742=FILL_AREA_STYLE('',(#2741));
#2743=SURFACE_STYLE_FILL_AREA(#2742);
#2744=SURFACE_SIDE_STYLE('',(#2743));
#2745=SURFACE_STYLE_USAGE(.NEGATIVE.,#2744);
#2746=PRESENTATION_STYLE_ASSIGNMENT((#2740,#2745));
#2747=OVER_RIDING_STYLED_ITEM('',(#2746),#2735,#20);
#2748=CARTESIAN_POINT('',(2.E-1,4.5E-1,-4.15E0));
#2749=DIRECTION('',(0.E0,-1.E0,0.E0));
#2750=DIRECTION('',(0.E0,0.E0,1.E0));
#2751=AXIS2_PLACEMENT_3D('',#2748,#2749,#2750);
#2752=PLANE('',#2751);
#2753=ORIENTED_EDGE('',*,*,#2726,.T.);
#2755=ORIENTED_EDGE('',*,*,#2754,.T.);
#2757=ORIENTED_EDGE('',*,*,#2756,.F.);
#2759=ORIENTED_EDGE('',*,*,#2758,.T.);
#2760=ORIENTED_EDGE('',*,*,#2683,.T.);
#2762=ORIENTED_EDGE('',*,*,#2761,.T.);
#2763=EDGE_LOOP('',(#2753,#2755,#2757,#2759,#2760,#2762));
#2764=FACE_OUTER_BOUND('',#2763,.F.);
#2766=FILL_AREA_STYLE_COLOUR('',#19);
#2767=FILL_AREA_STYLE('',(#2766));
#2768=SURFACE_STYLE_FILL_AREA(#2767);
#2769=SURFACE_SIDE_STYLE('',(#2768));
#2770=SURFACE_STYLE_USAGE(.POSITIVE.,#2769);
#2771=FILL_AREA_STYLE_COLOUR('',#18);
#2772=FILL_AREA_STYLE('',(#2771));
#2773=SURFACE_STYLE_FILL_AREA(#2772);
#2774=SURFACE_SIDE_STYLE('',(#2773));
#2775=SURFACE_STYLE_USAGE(.NEGATIVE.,#2774);
#2776=PRESENTATION_STYLE_ASSIGNMENT((#2770,#2775));
#2777=OVER_RIDING_STYLED_ITEM('',(#2776),#2765,#20);
#2778=CARTESIAN_POINT('',(-1.E-1,0.E0,0.E0));
#2779=DIRECTION('',(1.E0,0.E0,0.E0));
#2780=DIRECTION('',(0.E0,0.E0,1.E0));
#2781=AXIS2_PLACEMENT_3D('',#2778,#2779,#2780);
#2782=PLANE('',#2781);
#2783=ORIENTED_EDGE('',*,*,#2731,.T.);
#2784=ORIENTED_EDGE('',*,*,#2704,.F.);
#2786=ORIENTED_EDGE('',*,*,#2785,.T.);
#2787=ORIENTED_EDGE('',*,*,#2754,.F.);
#2788=EDGE_LOOP('',(#2783,#2784,#2786,#2787));
#2789=FACE_OUTER_BOUND('',#2788,.F.);
#2791=FILL_AREA_STYLE_COLOUR('',#19);
#2792=FILL_AREA_STYLE('',(#2791));
#2793=SURFACE_STYLE_FILL_AREA(#2792);
#2794=SURFACE_SIDE_STYLE('',(#2793));
#2795=SURFACE_STYLE_USAGE(.POSITIVE.,#2794);
#2796=FILL_AREA_STYLE_COLOUR('',#18);
#2797=FILL_AREA_STYLE('',(#2796));
#2798=SURFACE_STYLE_FILL_AREA(#2797);
#2799=SURFACE_SIDE_STYLE('',(#2798));
#2800=SURFACE_STYLE_USAGE(.NEGATIVE.,#2799);
#2801=PRESENTATION_STYLE_ASSIGNMENT((#2795,#2800));
#2802=OVER_RIDING_STYLED_ITEM('',(#2801),#2790,#20);
#2803=CARTESIAN_POINT('',(2.E-1,-4.5E-1,-4.55E0));
#2804=DIRECTION('',(0.E0,0.E0,1.E0));
#2805=DIRECTION('',(0.E0,1.E0,0.E0));
#2806=AXIS2_PLACEMENT_3D('',#2803,#2804,#2805);
#2807=PLANE('',#2806);
#2809=ORIENTED_EDGE('',*,*,#2808,.T.);
#2810=ORIENTED_EDGE('',*,*,#2756,.T.);
#2811=ORIENTED_EDGE('',*,*,#2785,.F.);
#2812=ORIENTED_EDGE('',*,*,#2702,.F.);
#2813=EDGE_LOOP('',(#2809,#2810,#2811,#2812));
#2814=FACE_OUTER_BOUND('',#2813,.F.);
#2816=FILL_AREA_STYLE_COLOUR('',#19);
#2817=FILL_AREA_STYLE('',(#2816));
#2818=SURFACE_STYLE_FILL_AREA(#2817);
#2819=SURFACE_SIDE_STYLE('',(#2818));
#2820=SURFACE_STYLE_USAGE(.POSITIVE.,#2819);
#2821=FILL_AREA_STYLE_COLOUR('',#18);
#2822=FILL_AREA_STYLE('',(#2821));
#2823=SURFACE_STYLE_FILL_AREA(#2822);
#2824=SURFACE_SIDE_STYLE('',(#2823));
#2825=SURFACE_STYLE_USAGE(.NEGATIVE.,#2824);
#2826=PRESENTATION_STYLE_ASSIGNMENT((#2820,#2825));
#2827=OVER_RIDING_STYLED_ITEM('',(#2826),#2815,#20);
#2828=CARTESIAN_POINT('',(2.E-1,0.E0,0.E0));
#2829=DIRECTION('',(1.E0,0.E0,0.E0));
#2830=DIRECTION('',(0.E0,0.E0,1.E0));
#2831=AXIS2_PLACEMENT_3D('',#2828,#2829,#2830);
#2832=PLANE('',#2831);
#2833=ORIENTED_EDGE('',*,*,#2203,.F.);
#2834=ORIENTED_EDGE('',*,*,#2758,.F.);
#2835=ORIENTED_EDGE('',*,*,#2808,.F.);
#2836=ORIENTED_EDGE('',*,*,#2700,.F.);
#2837=EDGE_LOOP('',(#2833,#2834,#2835,#2836));
#2838=FACE_OUTER_BOUND('',#2837,.F.);
#2840=FILL_AREA_STYLE_COLOUR('',#10);
#2841=FILL_AREA_STYLE('',(#2840));
#2842=SURFACE_STYLE_FILL_AREA(#2841);
#2843=SURFACE_SIDE_STYLE('',(#2842));
#2844=SURFACE_STYLE_USAGE(.POSITIVE.,#2843);
#2845=FILL_AREA_STYLE_COLOUR('',#18);
#2846=FILL_AREA_STYLE('',(#2845));
#2847=SURFACE_STYLE_FILL_AREA(#2846);
#2848=SURFACE_SIDE_STYLE('',(#2847));
#2849=SURFACE_STYLE_USAGE(.NEGATIVE.,#2848);
#2850=PRESENTATION_STYLE_ASSIGNMENT((#2844,#2849));
#2851=OVER_RIDING_STYLED_ITEM('',(#2850),#2839,#20);
#2852=CARTESIAN_POINT('',(-2.7072E0,0.E0,-2.E0));
#2853=DIRECTION('',(1.E0,0.E0,0.E0));
#2854=DIRECTION('',(0.E0,0.E0,1.E0));
#2855=AXIS2_PLACEMENT_3D('',#2852,#2853,#2854);
#2856=CYLINDRICAL_SURFACE('',#2855,4.5E-1);
#2857=ORIENTED_EDGE('',*,*,#2728,.F.);
#2858=ORIENTED_EDGE('',*,*,#2761,.F.);
#2859=ORIENTED_EDGE('',*,*,#2681,.F.);
#2860=ORIENTED_EDGE('',*,*,#2697,.F.);
#2861=EDGE_LOOP('',(#2857,#2858,#2859,#2860));
#2862=FACE_OUTER_BOUND('',#2861,.F.);
#2864=FILL_AREA_STYLE_COLOUR('',#19);
#2865=FILL_AREA_STYLE('',(#2864));
#2866=SURFACE_STYLE_FILL_AREA(#2865);
#2867=SURFACE_SIDE_STYLE('',(#2866));
#2868=SURFACE_STYLE_USAGE(.POSITIVE.,#2867);
#2869=FILL_AREA_STYLE_COLOUR('',#18);
#2870=FILL_AREA_STYLE('',(#2869));
#2871=SURFACE_STYLE_FILL_AREA(#2870);
#2872=SURFACE_SIDE_STYLE('',(#2871));
#2873=SURFACE_STYLE_USAGE(.NEGATIVE.,#2872);
#2874=PRESENTATION_STYLE_ASSIGNMENT((#2868,#2873));
#2875=OVER_RIDING_STYLED_ITEM('',(#2874),#2863,#20);
#2876=CARTESIAN_POINT('',(0.E0,-2.412876375E0,2.437497562500E0));
#2877=DIRECTION('',(-1.E0,0.E0,0.E0));
#2878=DIRECTION('',(0.E0,0.E0,-1.E0));
#2879=AXIS2_PLACEMENT_3D('',#2876,#2877,#2878);
#2880=CYLINDRICAL_SURFACE('',#2879,1.533336648480E-1);
#2881=ORIENTED_EDGE('',*,*,#1735,.F.);
#2883=ORIENTED_EDGE('',*,*,#2882,.T.);
#2885=ORIENTED_EDGE('',*,*,#2884,.T.);
#2887=ORIENTED_EDGE('',*,*,#2886,.F.);
#2888=EDGE_LOOP('',(#2881,#2883,#2885,#2887));
#2889=FACE_OUTER_BOUND('',#2888,.F.);
#2891=CARTESIAN_POINT('',(0.E0,-2.412876375E0,2.437497562500E0));
#2892=DIRECTION('',(-1.E0,0.E0,0.E0));
#2893=DIRECTION('',(0.E0,0.E0,-1.E0));
#2894=AXIS2_PLACEMENT_3D('',#2891,#2892,#2893);
#2895=CYLINDRICAL_SURFACE('',#2894,1.533336648480E-1);
#2896=ORIENTED_EDGE('',*,*,#1737,.F.);
#2897=ORIENTED_EDGE('',*,*,#2886,.T.);
#2899=ORIENTED_EDGE('',*,*,#2898,.T.);
#2900=ORIENTED_EDGE('',*,*,#2882,.F.);
#2901=EDGE_LOOP('',(#2896,#2897,#2899,#2900));
#2902=FACE_OUTER_BOUND('',#2901,.F.);
#2904=CARTESIAN_POINT('',(-1.916670810600E-2,0.E0,0.E0));
#2905=DIRECTION('',(-1.E0,0.E0,0.E0));
#2906=DIRECTION('',(0.E0,0.E0,-1.E0));
#2907=AXIS2_PLACEMENT_3D('',#2904,#2905,#2906);
#2908=PLANE('',#2907);
#2909=ORIENTED_EDGE('',*,*,#2884,.F.);
#2910=ORIENTED_EDGE('',*,*,#2898,.F.);
#2911=EDGE_LOOP('',(#2909,#2910));
#2912=FACE_OUTER_BOUND('',#2911,.F.);
#2914=CARTESIAN_POINT('',(-1.916670810600E-2,0.E0,0.E0));
#2915=DIRECTION('',(-1.E0,0.E0,0.E0));
#2916=DIRECTION('',(0.E0,0.E0,-1.E0));
#2917=AXIS2_PLACEMENT_3D('',#2914,#2915,#2916);
#2918=PLANE('',#2917);
#2920=ORIENTED_EDGE('',*,*,#2919,.F.);
#2922=ORIENTED_EDGE('',*,*,#2921,.F.);
#2923=EDGE_LOOP('',(#2920,#2922));
#2924=FACE_OUTER_BOUND('',#2923,.F.);
#2926=CARTESIAN_POINT('',(-1.916670810600E-2,0.E0,0.E0));
#2927=DIRECTION('',(-1.E0,0.E0,0.E0));
#2928=DIRECTION('',(0.E0,0.E0,-1.E0));
#2929=AXIS2_PLACEMENT_3D('',#2926,#2927,#2928);
#2930=PLANE('',#2929);
#2932=ORIENTED_EDGE('',*,*,#2931,.F.);
#2934=ORIENTED_EDGE('',*,*,#2933,.F.);
#2935=EDGE_LOOP('',(#2932,#2934));
#2936=FACE_OUTER_BOUND('',#2935,.F.);
#2938=CARTESIAN_POINT('',(-1.916670810600E-2,0.E0,0.E0));
#2939=DIRECTION('',(-1.E0,0.E0,0.E0));
#2940=DIRECTION('',(0.E0,0.E0,-1.E0));
#2941=AXIS2_PLACEMENT_3D('',#2938,#2939,#2940);
#2942=PLANE('',#2941);
#2944=ORIENTED_EDGE('',*,*,#2943,.F.);
#2946=ORIENTED_EDGE('',*,*,#2945,.F.);
#2947=EDGE_LOOP('',(#2944,#2946));
#2948=FACE_OUTER_BOUND('',#2947,.F.);
#2950=CARTESIAN_POINT('',(0.E0,-2.412876375E0,-2.437497562500E0));
#2951=DIRECTION('',(-1.E0,0.E0,0.E0));
#2952=DIRECTION('',(0.E0,0.E0,-1.E0));
#2953=AXIS2_PLACEMENT_3D('',#2950,#2951,#2952);
#2954=CYLINDRICAL_SURFACE('',#2953,1.533336648480E-1);
#2955=ORIENTED_EDGE('',*,*,#1783,.F.);
#2957=ORIENTED_EDGE('',*,*,#2956,.T.);
#2958=ORIENTED_EDGE('',*,*,#2919,.T.);
#2960=ORIENTED_EDGE('',*,*,#2959,.F.);
#2961=EDGE_LOOP('',(#2955,#2957,#2958,#2960));
#2962=FACE_OUTER_BOUND('',#2961,.F.);
#2964=CARTESIAN_POINT('',(0.E0,-2.412876375E0,-2.437497562500E0));
#2965=DIRECTION('',(-1.E0,0.E0,0.E0));
#2966=DIRECTION('',(0.E0,0.E0,-1.E0));
#2967=AXIS2_PLACEMENT_3D('',#2964,#2965,#2966);
#2968=CYLINDRICAL_SURFACE('',#2967,1.533336648480E-1);
#2969=ORIENTED_EDGE('',*,*,#1785,.F.);
#2970=ORIENTED_EDGE('',*,*,#2959,.T.);
#2971=ORIENTED_EDGE('',*,*,#2921,.T.);
#2972=ORIENTED_EDGE('',*,*,#2956,.F.);
#2973=EDGE_LOOP('',(#2969,#2970,#2971,#2972));
#2974=FACE_OUTER_BOUND('',#2973,.F.);
#2976=CARTESIAN_POINT('',(0.E0,2.412876375E0,-2.437497562500E0));
#2977=DIRECTION('',(-1.E0,0.E0,0.E0));
#2978=DIRECTION('',(0.E0,0.E0,-1.E0));
#2979=AXIS2_PLACEMENT_3D('',#2976,#2977,#2978);
#2980=CYLINDRICAL_SURFACE('',#2979,1.533336648480E-1);
#2981=ORIENTED_EDGE('',*,*,#1759,.F.);
#2983=ORIENTED_EDGE('',*,*,#2982,.T.);
#2984=ORIENTED_EDGE('',*,*,#2931,.T.);
#2986=ORIENTED_EDGE('',*,*,#2985,.F.);
#2987=EDGE_LOOP('',(#2981,#2983,#2984,#2986));
#2988=FACE_OUTER_BOUND('',#2987,.F.);
#2990=CARTESIAN_POINT('',(0.E0,2.412876375E0,-2.437497562500E0));
#2991=DIRECTION('',(-1.E0,0.E0,0.E0));
#2992=DIRECTION('',(0.E0,0.E0,-1.E0));
#2993=AXIS2_PLACEMENT_3D('',#2990,#2991,#2992);
#2994=CYLINDRICAL_SURFACE('',#2993,1.533336648480E-1);
#2995=ORIENTED_EDGE('',*,*,#1761,.F.);
#2996=ORIENTED_EDGE('',*,*,#2985,.T.);
#2997=ORIENTED_EDGE('',*,*,#2933,.T.);
#2998=ORIENTED_EDGE('',*,*,#2982,.F.);
#2999=EDGE_LOOP('',(#2995,#2996,#2997,#2998));
#3000=FACE_OUTER_BOUND('',#2999,.F.);
#3002=CARTESIAN_POINT('',(0.E0,2.412876375E0,2.437497562500E0));
#3003=DIRECTION('',(-1.E0,0.E0,0.E0));
#3004=DIRECTION('',(0.E0,0.E0,-1.E0));
#3005=AXIS2_PLACEMENT_3D('',#3002,#3003,#3004);
#3006=CYLINDRICAL_SURFACE('',#3005,1.533336648480E-1);
#3007=ORIENTED_EDGE('',*,*,#1711,.F.);
#3009=ORIENTED_EDGE('',*,*,#3008,.T.);
#3010=ORIENTED_EDGE('',*,*,#2943,.T.);
#3012=ORIENTED_EDGE('',*,*,#3011,.F.);
#3013=EDGE_LOOP('',(#3007,#3009,#3010,#3012));
#3014=FACE_OUTER_BOUND('',#3013,.F.);
#3016=CARTESIAN_POINT('',(0.E0,2.412876375E0,2.437497562500E0));
#3017=DIRECTION('',(-1.E0,0.E0,0.E0));
#3018=DIRECTION('',(0.E0,0.E0,-1.E0));
#3019=AXIS2_PLACEMENT_3D('',#3016,#3017,#3018);
#3020=CYLINDRICAL_SURFACE('',#3019,1.533336648480E-1);
#3021=ORIENTED_EDGE('',*,*,#1713,.F.);
#3022=ORIENTED_EDGE('',*,*,#3011,.T.);
#3023=ORIENTED_EDGE('',*,*,#2945,.T.);
#3024=ORIENTED_EDGE('',*,*,#3008,.F.);
#3025=EDGE_LOOP('',(#3021,#3022,#3023,#3024));
#3026=FACE_OUTER_BOUND('',#3025,.F.);
#3028=CLOSED_SHELL('',(#1717,#1741,#1765,#1789,#1804,#1819,#1837,#1874,#1889,
#1903,#1917,#1934,#1948,#1961,#1988,#2007,#2027,#2042,#2056,#2070,#2084,#2119,
#2134,#2147,#2166,#2185,#2214,#2227,#2240,#2253,#2266,#2278,#2291,#2313,#2325,
#2338,#2365,#2381,#2395,#2409,#2422,#2443,#2462,#2489,#2515,#2541,#2566,#2593,
#2617,#2641,#2653,#2668,#2689,#2708,#2735,#2765,#2790,#2815,#2839,#2863,#2890,
#2903,#2913,#2925,#2937,#2949,#2963,#2975,#2989,#3001,#3015,#3027));
#3029=MANIFOLD_SOLID_BREP('',#3028);
#3030=FILL_AREA_STYLE_COLOUR('',#18);
#3031=FILL_AREA_STYLE('',(#3030));
#3032=SURFACE_STYLE_FILL_AREA(#3031);
#3033=SURFACE_SIDE_STYLE('',(#3032));
#3034=SURFACE_STYLE_USAGE(.BOTH.,#3033);
#3035=PRESENTATION_STYLE_ASSIGNMENT((#3034));
#20=STYLED_ITEM('',(#3035),#3029);
#3038=PLANE_ANGLE_MEASURE_WITH_UNIT(PLANE_ANGLE_MEASURE(1.745329251994E-2),
#3037);
#3039=(CONVERSION_BASED_UNIT('DEGREE',#3038)NAMED_UNIT(*)PLANE_ANGLE_UNIT());
#3041=UNCERTAINTY_MEASURE_WITH_UNIT(LENGTH_MEASURE(1.291125335367E-3),#3036,
'distance_accuracy_value',
'Maximum model space distance between geometric entities at asserted connectivities');
#3043=CARTESIAN_POINT('',(0.E0,0.E0,0.E0));
#3044=DIRECTION('',(0.E0,0.E0,1.E0));
#3045=DIRECTION('',(1.E0,0.E0,0.E0));
#3048=APPLICATION_CONTEXT('automotive_design');
#3049=APPLICATION_PROTOCOL_DEFINITION('international standard',
'automotive_design',2001,#3048);
#3050=PRODUCT_DEFINITION_CONTEXT('part definition',#3048,'design');
#3051=PRODUCT_CONTEXT('',#3048,'mechanical');
#3052=PRODUCT('_000','_000','NOT SPECIFIED',(#3051));
#3053=PRODUCT_DEFINITION_FORMATION('53','LAST_VERSION',#3052);
#3061=DERIVED_UNIT_ELEMENT(#3060,2.E0);
#3062=DERIVED_UNIT((#3061));
#3063=MEASURE_REPRESENTATION_ITEM('surface area measure',AREA_MEASURE(
2.021547259146E2),#3062);
#3068=DERIVED_UNIT_ELEMENT(#3067,3.E0);
#3069=DERIVED_UNIT((#3068));
#3070=MEASURE_REPRESENTATION_ITEM('volume measure',VOLUME_MEASURE(
5.149894872468E1),#3069);
#3074=CARTESIAN_POINT('centre point',(5.403765137462E-1,-5.841123626431E-8,
-4.775681911933E-1));
#3079=DERIVED_UNIT_ELEMENT(#3078,2.E0);
#3080=DERIVED_UNIT((#3079));
#3081=MEASURE_REPRESENTATION_ITEM('surface area measure',AREA_MEASURE(
2.021547259146E2),#3080);
#3086=DERIVED_UNIT_ELEMENT(#3085,3.E0);
#3087=DERIVED_UNIT((#3086));
#3088=MEASURE_REPRESENTATION_ITEM('volume measure',VOLUME_MEASURE(
5.149894872468E1),#3087);
#3092=CARTESIAN_POINT('centre point',(5.403765137462E-1,-5.841123626431E-8,
-4.775681911933E-1));
#3102=CARTESIAN_POINT('centre point',(6.403765137462E-1,4.149999941589E0,
-5.027568191193E0));
#3106=CARTESIAN_POINT('',(1.E-1,4.15E0,-4.55E0));
#3107=DIRECTION('',(0.E0,0.E0,1.E0));
#3108=DIRECTION('',(1.E0,0.E0,0.E0));
#3109=AXIS2_PLACEMENT_3D('',#3106,#3107,#3108);
#3110=ITEM_DEFINED_TRANSFORMATION('','',#3046,#3109);
#3111=(REPRESENTATION_RELATIONSHIP('','',#3047,#3099)REPRESENTATION_RELATIONSHIP_WITH_TRANSFORMATION(#3110)SHAPE_REPRESENTATION_RELATIONSHIP());
#3112=CONTEXT_DEPENDENT_SHAPE_REPRESENTATION(#3111,#3101);
#3114=CARTESIAN_POINT('',(0.E0,0.E0,0.E0));
#3115=DIRECTION('',(0.E0,1.E0,0.E0));
#3116=DIRECTION('',(1.E0,0.E0,0.E0));
#3117=AXIS2_PLACEMENT_3D('',#3114,#3115,#3116);
#3119=CURVE_STYLE('',#25,POSITIVE_LENGTH_MEASURE(2.E-2),#16);
#3120=PRESENTATION_STYLE_ASSIGNMENT((#3119));
#3121=STYLED_ITEM('',(#3120),#3118);
#3122=CARTESIAN_POINT('',(0.E0,0.E0,0.E0));
#3123=DIRECTION('',(0.E0,1.E0,0.E0));
#3124=DIRECTION('',(-1.E0,0.E0,0.E0));
#3125=AXIS2_PLACEMENT_3D('',#3122,#3123,#3124);
#3127=CURVE_STYLE('',#25,POSITIVE_LENGTH_MEASURE(2.E-2),#16);
#3128=PRESENTATION_STYLE_ASSIGNMENT((#3127));
#3129=STYLED_ITEM('',(#3128),#3126);
#3130=CARTESIAN_POINT('',(0.E0,1.870820393250E0,0.E0));
#3131=DIRECTION('',(0.E0,1.E0,0.E0));
#3132=DIRECTION('',(1.E0,0.E0,0.E0));
#3133=AXIS2_PLACEMENT_3D('',#3130,#3131,#3132);
#3135=CURVE_STYLE('',#25,POSITIVE_LENGTH_MEASURE(2.E-2),#16);
#3136=PRESENTATION_STYLE_ASSIGNMENT((#3135));
#3137=STYLED_ITEM('',(#3136),#3134);
#3138=DIRECTION('',(0.E0,1.E0,2.394126907091E-13));
#3139=VECTOR('',#3138,7.357967606750E0);
#3140=CARTESIAN_POINT('',(4.E0,1.870820393250E0,-1.753552481632E-12));
#3141=LINE('',#3140,#3139);
#3142=CURVE_STYLE('',#25,POSITIVE_LENGTH_MEASURE(2.E-2),#16);
#3143=PRESENTATION_STYLE_ASSIGNMENT((#3142));
#3144=STYLED_ITEM('',(#3143),#3141);
#3145=CARTESIAN_POINT('',(0.E0,9.228788E0,0.E0));
#3146=DIRECTION('',(0.E0,-1.E0,0.E0));
#3147=DIRECTION('',(-1.E0,0.E0,0.E0));
#3148=AXIS2_PLACEMENT_3D('',#3145,#3146,#3147);
#3150=CURVE_STYLE('',#25,POSITIVE_LENGTH_MEASURE(2.E-2),#16);
#3151=PRESENTATION_STYLE_ASSIGNMENT((#3150));
#3152=STYLED_ITEM('',(#3151),#3149);
#3153=CARTESIAN_POINT('',(0.E0,5.291796067501E-1,0.E0));
#3154=DIRECTION('',(0.E0,-1.E0,0.E0));
#3155=DIRECTION('',(-1.E0,0.E0,0.E0));
#3156=AXIS2_PLACEMENT_3D('',#3153,#3154,#3155);
#3158=CURVE_STYLE('',#25,POSITIVE_LENGTH_MEASURE(2.E-2),#16);
#3159=PRESENTATION_STYLE_ASSIGNMENT((#3158));
#3160=STYLED_ITEM('',(#3159),#3157);
#3161=DIRECTION('',(0.E0,1.E0,-2.508517073455E-12));
#3162=VECTOR('',#3161,5.291796067501E-1);
#3163=CARTESIAN_POINT('',(4.E0,0.E0,0.E0));
#3164=LINE('',#3163,#3162);
#3165=CURVE_STYLE('',#25,POSITIVE_LENGTH_MEASURE(2.E-2),#16);
#3166=PRESENTATION_STYLE_ASSIGNMENT((#3165));
#3167=STYLED_ITEM('',(#3166),#3164);
#3168=CARTESIAN_POINT('',(3.4E0,1.870820393250E0,3.087488598119E-12));
#3169=DIRECTION('',(9.080843715870E-13,0.E0,-1.E0));
#3170=DIRECTION('',(1.E0,-1.406282497859E-14,9.080843715870E-13));
#3171=AXIS2_PLACEMENT_3D('',#3168,#3169,#3170);
#3173=CURVE_STYLE('',#25,POSITIVE_LENGTH_MEASURE(2.E-2),#16);
#3174=PRESENTATION_STYLE_ASSIGNMENT((#3173));
#3175=STYLED_ITEM('',(#3174),#3172);
#3176=CARTESIAN_POINT('',(-3.4E0,1.870820393250E0,-3.087551048164E-12));
#3177=DIRECTION('',(-9.081025861835E-13,0.E0,1.E0));
#3178=DIRECTION('',(-1.E0,-1.332267629550E-14,-9.081025861835E-13));
#3179=AXIS2_PLACEMENT_3D('',#3176,#3177,#3178);
#3181=CURVE_STYLE('',#25,POSITIVE_LENGTH_MEASURE(2.E-2),#16);
#3182=PRESENTATION_STYLE_ASSIGNMENT((#3181));
#3183=STYLED_ITEM('',(#3182),#3180);
#3184=CARTESIAN_POINT('',(0.E0,1.870820393250E0,0.E0));
#3185=DIRECTION('',(0.E0,1.E0,0.E0));
#3186=DIRECTION('',(-1.E0,0.E0,0.E0));
#3187=AXIS2_PLACEMENT_3D('',#3184,#3185,#3186);
#3189=CURVE_STYLE('',#25,POSITIVE_LENGTH_MEASURE(2.E-2),#16);
#3190=PRESENTATION_STYLE_ASSIGNMENT((#3189));
#3191=STYLED_ITEM('',(#3190),#3188);
#3192=DIRECTION('',(0.E0,1.E0,-2.394590246251E-13));
#3193=VECTOR('',#3192,7.357967606750E0);
#3194=CARTESIAN_POINT('',(-4.E0,1.870820393250E0,1.753664588261E-12));
#3195=LINE('',#3194,#3193);
#3196=CURVE_STYLE('',#25,POSITIVE_LENGTH_MEASURE(2.E-2),#16);
#3197=PRESENTATION_STYLE_ASSIGNMENT((#3196));
#3198=STYLED_ITEM('',(#3197),#3195);
#3199=CARTESIAN_POINT('',(0.E0,9.228788E0,0.E0));
#3200=DIRECTION('',(0.E0,-1.E0,0.E0));
#3201=DIRECTION('',(1.E0,0.E0,0.E0));
#3202=AXIS2_PLACEMENT_3D('',#3199,#3200,#3201);
#3204=CURVE_STYLE('',#25,POSITIVE_LENGTH_MEASURE(2.E-2),#16);
#3205=PRESENTATION_STYLE_ASSIGNMENT((#3204));
#3206=STYLED_ITEM('',(#3205),#3203);
#3207=CARTESIAN_POINT('',(0.E0,5.291796067501E-1,0.E0));
#3208=DIRECTION('',(0.E0,-1.E0,0.E0));
#3209=DIRECTION('',(1.E0,0.E0,0.E0));
#3210=AXIS2_PLACEMENT_3D('',#3207,#3208,#3209);
#3212=CURVE_STYLE('',#25,POSITIVE_LENGTH_MEASURE(2.E-2),#16);
#3213=PRESENTATION_STYLE_ASSIGNMENT((#3212));
#3214=STYLED_ITEM('',(#3213),#3211);
#3215=DIRECTION('',(0.E0,1.E0,2.508426474017E-12));
#3216=VECTOR('',#3215,5.291796067501E-1);
#3217=CARTESIAN_POINT('',(-4.E0,0.E0,0.E0));
#3218=LINE('',#3217,#3216);
#3219=CURVE_STYLE('',#25,POSITIVE_LENGTH_MEASURE(2.E-2),#16);
#3220=PRESENTATION_STYLE_ASSIGNMENT((#3219));
#3221=STYLED_ITEM('',(#3220),#3218);
#3222=CARTESIAN_POINT('',(3.878788E0,9.228788E0,-1.442249097927E-13));
#3223=DIRECTION('',(3.718293034582E-14,0.E0,1.E0));
#3224=DIRECTION('',(1.E0,1.465495858001E-14,-3.718293034582E-14));
#3225=AXIS2_PLACEMENT_3D('',#3222,#3223,#3224);
#3227=CURVE_STYLE('',#25,POSITIVE_LENGTH_MEASURE(2.E-2),#16);
#3228=PRESENTATION_STYLE_ASSIGNMENT((#3227));
#3229=STYLED_ITEM('',(#3228),#3226);
#3230=CARTESIAN_POINT('',(-3.878788E0,9.228788E0,1.450610465081E-13));
#3231=DIRECTION('',(-3.739890341858E-14,0.E0,-1.E0));
#3232=DIRECTION('',(-1.E0,1.465495858001E-14,3.739890341858E-14));
#3233=AXIS2_PLACEMENT_3D('',#3230,#3231,#3232);
#3235=CURVE_STYLE('',#25,POSITIVE_LENGTH_MEASURE(2.E-2),#16);
#3236=PRESENTATION_STYLE_ASSIGNMENT((#3235));
#3237=STYLED_ITEM('',(#3236),#3234);
#3238=CARTESIAN_POINT('',(0.E0,9.35E0,0.E0));
#3239=DIRECTION('',(0.E0,-1.E0,0.E0));
#3240=DIRECTION('',(-1.E0,0.E0,0.E0));
#3241=AXIS2_PLACEMENT_3D('',#3238,#3239,#3240);
#3243=CURVE_STYLE('',#25,POSITIVE_LENGTH_MEASURE(2.E-2),#16);
#3244=PRESENTATION_STYLE_ASSIGNMENT((#3243));
#3245=STYLED_ITEM('',(#3244),#3242);
#3246=CARTESIAN_POINT('',(0.E0,9.35E0,0.E0));
#3247=DIRECTION('',(0.E0,-1.E0,0.E0));
#3248=DIRECTION('',(1.E0,0.E0,0.E0));
#3249=AXIS2_PLACEMENT_3D('',#3246,#3247,#3248);
#3251=CURVE_STYLE('',#25,POSITIVE_LENGTH_MEASURE(2.E-2),#16);
#3252=PRESENTATION_STYLE_ASSIGNMENT((#3251));
#3253=STYLED_ITEM('',(#3252),#3250);
#3254=CARTESIAN_POINT('',(3.4E0,5.291796067501E-1,-8.876684109982E-12));
#3255=DIRECTION('',(2.610789189006E-12,0.E0,1.E0));
#3256=DIRECTION('',(1.E0,0.E0,-2.610789189006E-12));
#3257=AXIS2_PLACEMENT_3D('',#3254,#3255,#3256);
#3259=CURVE_STYLE('',#25,POSITIVE_LENGTH_MEASURE(2.E-2),#16);
#3260=PRESENTATION_STYLE_ASSIGNMENT((#3259));
#3261=STYLED_ITEM('',(#3260),#3258);
#3262=CARTESIAN_POINT('',(-3.4E0,5.291796067501E-1,8.876392676438E-12));
#3263=DIRECTION('',(-2.610703320194E-12,0.E0,-1.E0));
#3264=DIRECTION('',(-1.E0,0.E0,2.610703320194E-12));
#3265=AXIS2_PLACEMENT_3D('',#3262,#3263,#3264);
#3267=CURVE_STYLE('',#25,POSITIVE_LENGTH_MEASURE(2.E-2),#16);
#3268=PRESENTATION_STYLE_ASSIGNMENT((#3267));
#3269=STYLED_ITEM('',(#3268),#3266);
#3270=CARTESIAN_POINT('',(0.E0,1.423606797750E0,0.E0));
#3271=DIRECTION('',(0.E0,1.E0,0.E0));
#3272=DIRECTION('',(1.E0,0.E0,0.E0));
#3273=AXIS2_PLACEMENT_3D('',#3270,#3271,#3272);
#3275=CURVE_STYLE('',#25,POSITIVE_LENGTH_MEASURE(2.E-2),#16);
#3276=PRESENTATION_STYLE_ASSIGNMENT((#3275));
#3277=STYLED_ITEM('',(#3276),#3274);
#3278=CARTESIAN_POINT('',(0.E0,9.763932022500E-1,0.E0));
#3279=DIRECTION('',(0.E0,-1.E0,0.E0));
#3280=DIRECTION('',(-1.E0,0.E0,0.E0));
#3281=AXIS2_PLACEMENT_3D('',#3278,#3279,#3280);
#3283=CURVE_STYLE('',#25,POSITIVE_LENGTH_MEASURE(2.E-2),#16);
#3284=PRESENTATION_STYLE_ASSIGNMENT((#3283));
#3285=STYLED_ITEM('',(#3284),#3282);
#3286=CARTESIAN_POINT('',(0.E0,1.423606797750E0,0.E0));
#3287=DIRECTION('',(0.E0,1.E0,0.E0));
#3288=DIRECTION('',(-1.E0,0.E0,0.E0));
#3289=AXIS2_PLACEMENT_3D('',#3286,#3287,#3288);
#3291=CURVE_STYLE('',#25,POSITIVE_LENGTH_MEASURE(2.E-2),#16);
#3292=PRESENTATION_STYLE_ASSIGNMENT((#3291));
#3293=STYLED_ITEM('',(#3292),#3290);
#3294=CARTESIAN_POINT('',(4.E0,1.2E0,0.E0));
#3295=DIRECTION('',(0.E0,0.E0,-1.E0));
#3296=DIRECTION('',(-6.666666666667E-1,-7.453559924999E-1,0.E0));
#3297=AXIS2_PLACEMENT_3D('',#3294,#3295,#3296);
#3299=CURVE_STYLE('',#25,POSITIVE_LENGTH_MEASURE(2.E-2),#16);
#3300=PRESENTATION_STYLE_ASSIGNMENT((#3299));
#3301=STYLED_ITEM('',(#3300),#3298);
#3302=CARTESIAN_POINT('',(0.E0,9.763932022500E-1,0.E0));
#3303=DIRECTION('',(0.E0,-1.E0,0.E0));
#3304=DIRECTION('',(1.E0,0.E0,0.E0));
#3305=AXIS2_PLACEMENT_3D('',#3302,#3303,#3304);
#3307=CURVE_STYLE('',#25,POSITIVE_LENGTH_MEASURE(2.E-2),#16);
#3308=PRESENTATION_STYLE_ASSIGNMENT((#3307));
#3309=STYLED_ITEM('',(#3308),#3306);
#3310=CARTESIAN_POINT('',(-4.E0,1.2E0,0.E0));
#3311=DIRECTION('',(0.E0,0.E0,1.E0));
#3312=DIRECTION('',(6.666666666667E-1,-7.453559924999E-1,0.E0));
#3313=AXIS2_PLACEMENT_3D('',#3310,#3311,#3312);
#3315=CURVE_STYLE('',#25,POSITIVE_LENGTH_MEASURE(2.E-2),#16);
#3316=PRESENTATION_STYLE_ASSIGNMENT((#3315));
#3317=STYLED_ITEM('',(#3316),#3314);
#3318=CARTESIAN_POINT('',(4.E0,0.E0,0.E0));
#3319=CARTESIAN_POINT('',(-4.E0,0.E0,0.E0));
#3320=VERTEX_POINT('',#3318);
#3321=VERTEX_POINT('',#3319);
#3322=CARTESIAN_POINT('',(-4.E0,9.228788E0,0.E0));
#3323=CARTESIAN_POINT('',(4.E0,9.228788E0,0.E0));
#3324=VERTEX_POINT('',#3322);
#3325=VERTEX_POINT('',#3323);
#3326=CARTESIAN_POINT('',(-3.878788E0,9.35E0,0.E0));
#3327=CARTESIAN_POINT('',(3.878788E0,9.35E0,0.E0));
#3328=VERTEX_POINT('',#3326);
#3329=VERTEX_POINT('',#3327);
#3330=CARTESIAN_POINT('',(4.E0,1.870820393250E0,0.E0));
#3331=CARTESIAN_POINT('',(-4.E0,1.870820393250E0,0.E0));
#3332=VERTEX_POINT('',#3330);
#3333=VERTEX_POINT('',#3331);
#3334=CARTESIAN_POINT('',(3.8E0,1.423606797750E0,0.E0));
#3335=CARTESIAN_POINT('',(-3.8E0,1.423606797750E0,0.E0));
#3336=VERTEX_POINT('',#3334);
#3337=VERTEX_POINT('',#3335);
#3338=CARTESIAN_POINT('',(-4.E0,5.291796067501E-1,0.E0));
#3339=CARTESIAN_POINT('',(4.E0,5.291796067501E-1,0.E0));
#3340=VERTEX_POINT('',#3338);
#3341=VERTEX_POINT('',#3339);
#3342=CARTESIAN_POINT('',(-3.8E0,9.763932022500E-1,0.E0));
#3343=CARTESIAN_POINT('',(3.8E0,9.763932022500E-1,0.E0));
#3344=VERTEX_POINT('',#3342);
#3345=VERTEX_POINT('',#3343);
#3346=CARTESIAN_POINT('',(0.E0,0.E0,0.E0));
#3347=DIRECTION('',(0.E0,1.E0,0.E0));
#3348=DIRECTION('',(1.E0,0.E0,0.E0));
#3349=AXIS2_PLACEMENT_3D('',#3346,#3347,#3348);
#3350=PLANE('',#3349);
#3352=ORIENTED_EDGE('',*,*,#3351,.T.);
#3354=ORIENTED_EDGE('',*,*,#3353,.T.);
#3355=EDGE_LOOP('',(#3352,#3354));
#3356=FACE_OUTER_BOUND('',#3355,.F.);
#3358=CARTESIAN_POINT('',(0.E0,0.E0,0.E0));
#3359=DIRECTION('',(0.E0,1.E0,0.E0));
#3360=DIRECTION('',(1.E0,0.E0,0.E0));
#3361=AXIS2_PLACEMENT_3D('',#3358,#3359,#3360);
#3362=CYLINDRICAL_SURFACE('',#3361,4.E0);
#3364=ORIENTED_EDGE('',*,*,#3363,.F.);
#3366=ORIENTED_EDGE('',*,*,#3365,.T.);
#3368=ORIENTED_EDGE('',*,*,#3367,.F.);
#3370=ORIENTED_EDGE('',*,*,#3369,.F.);
#3371=EDGE_LOOP('',(#3364,#3366,#3368,#3370));
#3372=FACE_OUTER_BOUND('',#3371,.F.);
#3374=CARTESIAN_POINT('',(0.E0,0.E0,0.E0));
#3375=DIRECTION('',(0.E0,1.E0,0.E0));
#3376=DIRECTION('',(1.E0,0.E0,0.E0));
#3377=AXIS2_PLACEMENT_3D('',#3374,#3375,#3376);
#3378=CYLINDRICAL_SURFACE('',#3377,4.E0);
#3380=ORIENTED_EDGE('',*,*,#3379,.F.);
#3382=ORIENTED_EDGE('',*,*,#3381,.F.);
#3383=ORIENTED_EDGE('',*,*,#3351,.F.);
#3385=ORIENTED_EDGE('',*,*,#3384,.T.);
#3386=EDGE_LOOP('',(#3380,#3382,#3383,#3385));
#3387=FACE_OUTER_BOUND('',#3386,.F.);
#3389=CARTESIAN_POINT('',(0.E0,1.870820393250E0,0.E0));
#3390=DIRECTION('',(0.E0,1.E0,0.E0));
#3391=DIRECTION('',(9.999825116462E-1,0.E0,5.914085036809E-3));
#3392=AXIS2_PLACEMENT_3D('',#3389,#3390,#3391);
#3393=TOROIDAL_SURFACE('',#3392,3.4E0,6.E-1);
#3394=ORIENTED_EDGE('',*,*,#3363,.T.);
#3396=ORIENTED_EDGE('',*,*,#3395,.T.);
#3398=ORIENTED_EDGE('',*,*,#3397,.F.);
#3400=ORIENTED_EDGE('',*,*,#3399,.F.);
#3401=EDGE_LOOP('',(#3394,#3396,#3398,#3400));
#3402=FACE_OUTER_BOUND('',#3401,.F.);
#3404=CARTESIAN_POINT('',(0.E0,1.870820393250E0,0.E0));
#3405=DIRECTION('',(0.E0,1.E0,0.E0));
#3406=DIRECTION('',(-9.999825116462E-1,0.E0,-5.914085036809E-3));
#3407=AXIS2_PLACEMENT_3D('',#3404,#3405,#3406);
#3408=TOROIDAL_SURFACE('',#3407,3.4E0,6.E-1);
#3410=ORIENTED_EDGE('',*,*,#3409,.T.);
#3411=ORIENTED_EDGE('',*,*,#3399,.T.);
#3413=ORIENTED_EDGE('',*,*,#3412,.F.);
#3414=ORIENTED_EDGE('',*,*,#3395,.F.);
#3415=EDGE_LOOP('',(#3410,#3411,#3413,#3414));
#3416=FACE_OUTER_BOUND('',#3415,.F.);
#3418=CARTESIAN_POINT('',(0.E0,0.E0,0.E0));
#3419=DIRECTION('',(0.E0,1.E0,0.E0));
#3420=DIRECTION('',(1.E0,0.E0,0.E0));
#3421=AXIS2_PLACEMENT_3D('',#3418,#3419,#3420);
#3422=CYLINDRICAL_SURFACE('',#3421,4.E0);
#3423=ORIENTED_EDGE('',*,*,#3409,.F.);
#3424=ORIENTED_EDGE('',*,*,#3369,.T.);
#3426=ORIENTED_EDGE('',*,*,#3425,.F.);
#3427=ORIENTED_EDGE('',*,*,#3365,.F.);
#3428=EDGE_LOOP('',(#3423,#3424,#3426,#3427));
#3429=FACE_OUTER_BOUND('',#3428,.F.);
#3431=CARTESIAN_POINT('',(0.E0,0.E0,0.E0));
#3432=DIRECTION('',(0.E0,1.E0,0.E0));
#3433=DIRECTION('',(1.E0,0.E0,0.E0));
#3434=AXIS2_PLACEMENT_3D('',#3431,#3432,#3433);
#3435=CYLINDRICAL_SURFACE('',#3434,4.E0);
#3437=ORIENTED_EDGE('',*,*,#3436,.F.);
#3438=ORIENTED_EDGE('',*,*,#3384,.F.);
#3439=ORIENTED_EDGE('',*,*,#3353,.F.);
#3440=ORIENTED_EDGE('',*,*,#3381,.T.);
#3441=EDGE_LOOP('',(#3437,#3438,#3439,#3440));
#3442=FACE_OUTER_BOUND('',#3441,.F.);
#3444=CARTESIAN_POINT('',(0.E0,9.228788E0,0.E0));
#3445=DIRECTION('',(0.E0,1.E0,0.E0));
#3446=DIRECTION('',(9.999852850198E-1,0.E0,-5.424918783646E-3));
#3447=AXIS2_PLACEMENT_3D('',#3444,#3445,#3446);
#3448=TOROIDAL_SURFACE('',#3447,3.878788E0,1.21212E-1);
#3449=ORIENTED_EDGE('',*,*,#3425,.T.);
#3451=ORIENTED_EDGE('',*,*,#3450,.T.);
#3453=ORIENTED_EDGE('',*,*,#3452,.F.);
#3455=ORIENTED_EDGE('',*,*,#3454,.F.);
#3456=EDGE_LOOP('',(#3449,#3451,#3453,#3455));
#3457=FACE_OUTER_BOUND('',#3456,.F.);
#3459=CARTESIAN_POINT('',(0.E0,9.228788E0,0.E0));
#3460=DIRECTION('',(0.E0,1.E0,0.E0));
#3461=DIRECTION('',(-9.999852850198E-1,0.E0,5.424918783647E-3));
#3462=AXIS2_PLACEMENT_3D('',#3459,#3460,#3461);
#3463=TOROIDAL_SURFACE('',#3462,3.878788E0,1.21212E-1);
#3464=ORIENTED_EDGE('',*,*,#3367,.T.);
#3465=ORIENTED_EDGE('',*,*,#3454,.T.);
#3467=ORIENTED_EDGE('',*,*,#3466,.F.);
#3468=ORIENTED_EDGE('',*,*,#3450,.F.);
#3469=EDGE_LOOP('',(#3464,#3465,#3467,#3468));
#3470=FACE_OUTER_BOUND('',#3469,.F.);
#3472=CARTESIAN_POINT('',(0.E0,9.35E0,0.E0));
#3473=DIRECTION('',(0.E0,1.E0,0.E0));
#3474=DIRECTION('',(1.E0,0.E0,0.E0));
#3475=AXIS2_PLACEMENT_3D('',#3472,#3473,#3474);
#3476=PLANE('',#3475);
#3477=ORIENTED_EDGE('',*,*,#3466,.T.);
#3478=ORIENTED_EDGE('',*,*,#3452,.T.);
#3479=EDGE_LOOP('',(#3477,#3478));
#3480=FACE_OUTER_BOUND('',#3479,.F.);
#3482=CARTESIAN_POINT('',(0.E0,5.291796067501E-1,0.E0));
#3483=DIRECTION('',(0.E0,1.E0,0.E0));
#3484=DIRECTION('',(9.999852850198E-1,0.E0,-5.424918783646E-3));
#3485=AXIS2_PLACEMENT_3D('',#3482,#3483,#3484);
#3486=TOROIDAL_SURFACE('',#3485,3.4E0,6.E-1);
#3487=ORIENTED_EDGE('',*,*,#3436,.T.);
#3489=ORIENTED_EDGE('',*,*,#3488,.T.);
#3491=ORIENTED_EDGE('',*,*,#3490,.F.);
#3493=ORIENTED_EDGE('',*,*,#3492,.F.);
#3494=EDGE_LOOP('',(#3487,#3489,#3491,#3493));
#3495=FACE_OUTER_BOUND('',#3494,.F.);
#3497=CARTESIAN_POINT('',(0.E0,5.291796067501E-1,0.E0));
#3498=DIRECTION('',(0.E0,1.E0,0.E0));
#3499=DIRECTION('',(-9.999852850198E-1,0.E0,5.424918783646E-3));
#3500=AXIS2_PLACEMENT_3D('',#3497,#3498,#3499);
#3501=TOROIDAL_SURFACE('',#3500,3.4E0,6.E-1);
#3502=ORIENTED_EDGE('',*,*,#3379,.T.);
#3503=ORIENTED_EDGE('',*,*,#3492,.T.);
#3505=ORIENTED_EDGE('',*,*,#3504,.F.);
#3506=ORIENTED_EDGE('',*,*,#3488,.F.);
#3507=EDGE_LOOP('',(#3502,#3503,#3505,#3506));
#3508=FACE_OUTER_BOUND('',#3507,.F.);
#3510=CARTESIAN_POINT('',(0.E0,1.2E0,0.E0));
#3511=DIRECTION('',(0.E0,-1.E0,0.E0));
#3512=DIRECTION('',(-1.E0,0.E0,0.E0));
#3513=AXIS2_PLACEMENT_3D('',#3510,#3511,#3512);
#3514=TOROIDAL_SURFACE('',#3513,4.E0,3.E-1);
#3515=ORIENTED_EDGE('',*,*,#3397,.T.);
#3517=ORIENTED_EDGE('',*,*,#3516,.F.);
#3518=ORIENTED_EDGE('',*,*,#3504,.T.);
#3520=ORIENTED_EDGE('',*,*,#3519,.T.);
#3521=EDGE_LOOP('',(#3515,#3517,#3518,#3520));
#3522=FACE_OUTER_BOUND('',#3521,.F.);
#3524=CARTESIAN_POINT('',(0.E0,1.2E0,0.E0));
#3525=DIRECTION('',(0.E0,-1.E0,0.E0));
#3526=DIRECTION('',(-1.E0,0.E0,0.E0));
#3527=AXIS2_PLACEMENT_3D('',#3524,#3525,#3526);
#3528=TOROIDAL_SURFACE('',#3527,4.E0,3.E-1);
#3529=ORIENTED_EDGE('',*,*,#3412,.T.);
#3530=ORIENTED_EDGE('',*,*,#3519,.F.);
#3531=ORIENTED_EDGE('',*,*,#3490,.T.);
#3532=ORIENTED_EDGE('',*,*,#3516,.T.);
#3533=EDGE_LOOP('',(#3529,#3530,#3531,#3532));
#3534=FACE_OUTER_BOUND('',#3533,.F.);
#3536=CLOSED_SHELL('',(#3357,#3373,#3388,#3403,#3417,#3430,#3443,#3458,#3471,
#3481,#3496,#3509,#3523,#3535));
#3537=MANIFOLD_SOLID_BREP('',#3536);
#3538=FILL_AREA_STYLE_COLOUR('',#16);
#3539=FILL_AREA_STYLE('',(#3538));
#3540=SURFACE_STYLE_FILL_AREA(#3539);
#3541=SURFACE_SIDE_STYLE('',(#3540));
#3542=SURFACE_STYLE_USAGE(.BOTH.,#3541);
#3543=PRESENTATION_STYLE_ASSIGNMENT((#3542));
#3113=STYLED_ITEM('',(#3543),#3537);
#3546=PLANE_ANGLE_MEASURE_WITH_UNIT(PLANE_ANGLE_MEASURE(1.745329251994E-2),
#3545);
#3547=(CONVERSION_BASED_UNIT('DEGREE',#3546)NAMED_UNIT(*)PLANE_ANGLE_UNIT());
#3549=UNCERTAINTY_MEASURE_WITH_UNIT(LENGTH_MEASURE(1.467669126693E-3),#3544,
'distance_accuracy_value',
'Maximum model space distance between geometric entities at asserted connectivities');
#3551=CARTESIAN_POINT('',(0.E0,0.E0,0.E0));
#3552=DIRECTION('',(0.E0,0.E0,1.E0));
#3553=DIRECTION('',(1.E0,0.E0,0.E0));
#3556=PRODUCT_CONTEXT('',#3048,'mechanical');
#3557=PRODUCT('_-TG000','_-TG000','NOT SPECIFIED',(#3556));
#3558=PRODUCT_DEFINITION_FORMATION('66','LAST_VERSION',#3557);
#3566=DERIVED_UNIT_ELEMENT(#3565,2.E0);
#3567=DERIVED_UNIT((#3566));
#3568=MEASURE_REPRESENTATION_ITEM('surface area measure',AREA_MEASURE(
3.372620059765E2),#3567);
#3573=DERIVED_UNIT_ELEMENT(#3572,3.E0);
#3574=DERIVED_UNIT((#3573));
#3575=MEASURE_REPRESENTATION_ITEM('volume measure',VOLUME_MEASURE(
4.656181731374E2),#3574);
#3579=CARTESIAN_POINT('centre point',(0.E0,4.706196973264E0,0.E0));
#3584=DERIVED_UNIT_ELEMENT(#3583,2.E0);
#3585=DERIVED_UNIT((#3584));
#3586=MEASURE_REPRESENTATION_ITEM('surface area measure',AREA_MEASURE(
3.372620059765E2),#3585);
#3591=DERIVED_UNIT_ELEMENT(#3590,3.E0);
#3592=DERIVED_UNIT((#3591));
#3593=MEASURE_REPRESENTATION_ITEM('volume measure',VOLUME_MEASURE(
4.656181731374E2),#3592);
#3597=CARTESIAN_POINT('centre point',(0.E0,4.706196973264E0,0.E0));
#3604=CARTESIAN_POINT('centre point',(5.356196973264E0,4.15E0,-4.55E0));
#3608=CARTESIAN_POINT('',(6.5E-1,4.15E0,-4.55E0));
#3609=DIRECTION('',(0.E0,0.E0,1.E0));
#3610=DIRECTION('',(0.E0,-1.E0,0.E0));
#3611=AXIS2_PLACEMENT_3D('',#3608,#3609,#3610);
#3612=ITEM_DEFINED_TRANSFORMATION('','',#3554,#3611);
#3613=(REPRESENTATION_RELATIONSHIP('','',#3555,#3099)REPRESENTATION_RELATIONSHIP_WITH_TRANSFORMATION(#3612)SHAPE_REPRESENTATION_RELATIONSHIP());
#3614=CONTEXT_DEPENDENT_SHAPE_REPRESENTATION(#3613,#3603);
#3616=CARTESIAN_POINT('',(0.E0,0.E0,0.E0));
#3617=DIRECTION('',(0.E0,-1.E0,0.E0));
#3618=DIRECTION('',(9.326853789332E-1,0.E0,-3.606909812072E-1));
#3619=AXIS2_PLACEMENT_3D('',#3616,#3617,#3618);
#3621=DIRECTION('',(1.E0,0.E0,1.665221390024E-10));
#3622=VECTOR('',#3621,5.360364196292E-3);
#3623=CARTESIAN_POINT('',(3.730741515733E0,0.E0,1.442763924829E0));
#3624=LINE('',#3623,#3622);
#3625=CARTESIAN_POINT('',(0.E0,0.E0,0.E0));
#3626=DIRECTION('',(0.E0,1.E0,0.E0));
#3627=DIRECTION('',(9.328593957376E-1,0.E0,3.602406803570E-1));
#3628=AXIS2_PLACEMENT_3D('',#3625,#3626,#3627);
#3630=DIRECTION('',(-1.E0,0.E0,0.E0));
#3631=VECTOR('',#3630,5.360364196637E-3);
#3632=CARTESIAN_POINT('',(3.736101879929E0,0.E0,-1.442763924829E0));
#3633=LINE('',#3632,#3631);
#3634=DIRECTION('',(0.E0,1.E0,0.E0));
#3635=VECTOR('',#3634,7.E0);
#3636=CARTESIAN_POINT('',(3.730741515733E0,0.E0,-1.442763924829E0));
#3637=LINE('',#3636,#3635);
#3638=DIRECTION('',(0.E0,1.E0,0.E0));
#3639=VECTOR('',#3638,7.E0);
#3640=CARTESIAN_POINT('',(3.736101879929E0,0.E0,-1.442763924829E0));
#3641=LINE('',#3640,#3639);
#3642=DIRECTION('',(0.E0,1.E0,0.E0));
#3643=VECTOR('',#3642,7.E0);
#3644=CARTESIAN_POINT('',(3.736101879929E0,0.E0,1.442763924830E0));
#3645=LINE('',#3644,#3643);
#3646=DIRECTION('',(0.E0,1.E0,0.E0));
#3647=VECTOR('',#3646,7.E0);
#3648=CARTESIAN_POINT('',(3.730741515733E0,0.E0,1.442763924829E0));
#3649=LINE('',#3648,#3647);
#3650=CARTESIAN_POINT('',(0.E0,7.E0,0.E0));
#3651=DIRECTION('',(0.E0,-1.E0,0.E0));
#3652=DIRECTION('',(9.326853789332E-1,0.E0,-3.606909812072E-1));
#3653=AXIS2_PLACEMENT_3D('',#3650,#3651,#3652);
#3655=DIRECTION('',(-1.E0,0.E0,8.284683531927E-14));
#3656=VECTOR('',#3655,5.360364196636E-3);
#3657=CARTESIAN_POINT('',(3.736101879929E0,7.E0,-1.442763924829E0));
#3658=LINE('',#3657,#3656);
#3659=CARTESIAN_POINT('',(0.E0,7.E0,0.E0));
#3660=DIRECTION('',(0.E0,1.E0,0.E0));
#3661=DIRECTION('',(9.328593957376E-1,0.E0,3.602406803570E-1));
#3662=AXIS2_PLACEMENT_3D('',#3659,#3660,#3661);
#3664=DIRECTION('',(1.E0,0.E0,1.665635624201E-10));
#3665=VECTOR('',#3664,5.360364196292E-3);
#3666=CARTESIAN_POINT('',(3.730741515733E0,7.E0,1.442763924829E0));
#3667=LINE('',#3666,#3665);
#3668=CARTESIAN_POINT('',(3.730741515733E0,0.E0,-1.442763924829E0));
#3669=CARTESIAN_POINT('',(3.730741515733E0,0.E0,1.442763924829E0));
#3670=VERTEX_POINT('',#3668);
#3671=VERTEX_POINT('',#3669);
#3672=CARTESIAN_POINT('',(3.736101879929E0,0.E0,1.442763924830E0));
#3673=VERTEX_POINT('',#3672);
#3674=CARTESIAN_POINT('',(3.736101879929E0,0.E0,-1.442763924829E0));
#3675=VERTEX_POINT('',#3674);
#3676=CARTESIAN_POINT('',(3.730741515733E0,7.E0,-1.442763924829E0));
#3677=CARTESIAN_POINT('',(3.730741515733E0,7.E0,1.442763924829E0));
#3678=VERTEX_POINT('',#3676);
#3679=VERTEX_POINT('',#3677);
#3680=CARTESIAN_POINT('',(3.736101879929E0,7.E0,1.442763924830E0));
#3681=VERTEX_POINT('',#3680);
#3682=CARTESIAN_POINT('',(3.736101879929E0,7.E0,-1.442763924829E0));
#3683=VERTEX_POINT('',#3682);
#3684=CARTESIAN_POINT('',(0.E0,0.E0,0.E0));
#3685=DIRECTION('',(0.E0,1.E0,0.E0));
#3686=DIRECTION('',(0.E0,0.E0,-1.E0));
#3687=AXIS2_PLACEMENT_3D('',#3684,#3685,#3686);
#3688=PLANE('',#3687);
#3690=ORIENTED_EDGE('',*,*,#3689,.T.);
#3692=ORIENTED_EDGE('',*,*,#3691,.T.);
#3694=ORIENTED_EDGE('',*,*,#3693,.T.);
#3696=ORIENTED_EDGE('',*,*,#3695,.T.);
#3697=EDGE_LOOP('',(#3690,#3692,#3694,#3696));
#3698=FACE_OUTER_BOUND('',#3697,.F.);
#3700=CARTESIAN_POINT('',(0.E0,0.E0,0.E0));
#3701=DIRECTION('',(0.E0,1.E0,0.E0));
#3702=DIRECTION('',(0.E0,0.E0,-1.E0));
#3703=AXIS2_PLACEMENT_3D('',#3700,#3701,#3702);
#3704=CYLINDRICAL_SURFACE('',#3703,4.E0);
#3705=ORIENTED_EDGE('',*,*,#3689,.F.);
#3707=ORIENTED_EDGE('',*,*,#3706,.T.);
#3709=ORIENTED_EDGE('',*,*,#3708,.T.);
#3711=ORIENTED_EDGE('',*,*,#3710,.F.);
#3712=EDGE_LOOP('',(#3705,#3707,#3709,#3711));
#3713=FACE_OUTER_BOUND('',#3712,.F.);
#3715=CARTESIAN_POINT('',(3.736101879929E0,0.E0,-1.442763924829E0));
#3716=DIRECTION('',(0.E0,0.E0,-1.E0));
#3717=DIRECTION('',(-1.E0,0.E0,0.E0));
#3718=AXIS2_PLACEMENT_3D('',#3715,#3716,#3717);
#3719=PLANE('',#3718);
#3720=ORIENTED_EDGE('',*,*,#3695,.F.);
#3722=ORIENTED_EDGE('',*,*,#3721,.T.);
#3724=ORIENTED_EDGE('',*,*,#3723,.T.);
#3725=ORIENTED_EDGE('',*,*,#3706,.F.);
#3726=EDGE_LOOP('',(#3720,#3722,#3724,#3725));
#3727=FACE_OUTER_BOUND('',#3726,.F.);
#3729=CARTESIAN_POINT('',(0.E0,0.E0,0.E0));
#3730=DIRECTION('',(0.E0,1.E0,0.E0));
#3731=DIRECTION('',(0.E0,0.E0,-1.E0));
#3732=AXIS2_PLACEMENT_3D('',#3729,#3730,#3731);
#3733=CYLINDRICAL_SURFACE('',#3732,4.005E0);
#3734=ORIENTED_EDGE('',*,*,#3693,.F.);
#3736=ORIENTED_EDGE('',*,*,#3735,.T.);
#3738=ORIENTED_EDGE('',*,*,#3737,.T.);
#3739=ORIENTED_EDGE('',*,*,#3721,.F.);
#3740=EDGE_LOOP('',(#3734,#3736,#3738,#3739));
#3741=FACE_OUTER_BOUND('',#3740,.F.);
#3743=FILL_AREA_STYLE_COLOUR('',#3615);
#3744=FILL_AREA_STYLE('',(#3743));
#3745=SURFACE_STYLE_FILL_AREA(#3744);
#3746=SURFACE_SIDE_STYLE('',(#3745));
#3747=SURFACE_STYLE_USAGE(.POSITIVE.,#3746);
#3748=PRESENTATION_STYLE_ASSIGNMENT((#3747));
#3749=STYLED_ITEM('',(#3748),#3742);
#3750=CARTESIAN_POINT('',(3.730741515733E0,0.E0,1.442763924829E0));
#3751=DIRECTION('',(-1.665221390024E-10,0.E0,1.E0));
#3752=DIRECTION('',(1.E0,0.E0,1.665221390024E-10));
#3753=AXIS2_PLACEMENT_3D('',#3750,#3751,#3752);
#3754=PLANE('',#3753);
#3755=ORIENTED_EDGE('',*,*,#3691,.F.);
#3756=ORIENTED_EDGE('',*,*,#3710,.T.);
#3758=ORIENTED_EDGE('',*,*,#3757,.T.);
#3759=ORIENTED_EDGE('',*,*,#3735,.F.);
#3760=EDGE_LOOP('',(#3755,#3756,#3758,#3759));
#3761=FACE_OUTER_BOUND('',#3760,.F.);
#3763=CARTESIAN_POINT('',(0.E0,7.E0,0.E0));
#3764=DIRECTION('',(0.E0,1.E0,0.E0));
#3765=DIRECTION('',(0.E0,0.E0,-1.E0));
#3766=AXIS2_PLACEMENT_3D('',#3763,#3764,#3765);
#3767=PLANE('',#3766);
#3768=ORIENTED_EDGE('',*,*,#3708,.F.);
#3769=ORIENTED_EDGE('',*,*,#3723,.F.);
#3770=ORIENTED_EDGE('',*,*,#3737,.F.);
#3771=ORIENTED_EDGE('',*,*,#3757,.F.);
#3772=EDGE_LOOP('',(#3768,#3769,#3770,#3771));
#3773=FACE_OUTER_BOUND('',#3772,.F.);
#3775=CLOSED_SHELL('',(#3699,#3714,#3728,#3742,#3762,#3774));
#3776=MANIFOLD_SOLID_BREP('',#3775);
#3779=PLANE_ANGLE_MEASURE_WITH_UNIT(PLANE_ANGLE_MEASURE(1.745329251994E-2),
#3778);
#3780=(CONVERSION_BASED_UNIT('DEGREE',#3779)NAMED_UNIT(*)PLANE_ANGLE_UNIT());
#3782=UNCERTAINTY_MEASURE_WITH_UNIT(LENGTH_MEASURE(7.576073960838E-4),#3777,
'distance_accuracy_value',
'Maximum model space distance between geometric entities at asserted connectivities');
#3784=CARTESIAN_POINT('',(0.E0,0.E0,0.E0));
#3785=DIRECTION('',(0.E0,0.E0,1.E0));
#3786=DIRECTION('',(1.E0,0.E0,0.E0));
#3789=PRODUCT_DEFINITION_CONTEXT('part definition',#3048,'design');
#3790=PRODUCT_CONTEXT('',#3048,'mechanical');
#3791=PRODUCT('FJB','FJB','NOT SPECIFIED',(#3790));
#3792=PRODUCT_DEFINITION_FORMATION('7','LAST_VERSION',#3791);
#3800=DERIVED_UNIT_ELEMENT(#3799,2.E0);
#3801=DERIVED_UNIT((#3800));
#3802=MEASURE_REPRESENTATION_ITEM('surface area measure',AREA_MEASURE(
4.143229495760E1),#3801);
#3807=DERIVED_UNIT_ELEMENT(#3806,3.E0);
#3808=DERIVED_UNIT((#3807));
#3809=MEASURE_REPRESENTATION_ITEM('volume measure',VOLUME_MEASURE(
1.033193230279E-1),#3808);
#3813=CARTESIAN_POINT('centre point',(3.912398676191E0,3.5E0,
-1.790805710579E-12));
#3818=DERIVED_UNIT_ELEMENT(#3817,2.E0);
#3819=DERIVED_UNIT((#3818));
#3820=MEASURE_REPRESENTATION_ITEM('surface area measure',AREA_MEASURE(
4.143229495760E1),#3819);
#3825=DERIVED_UNIT_ELEMENT(#3824,3.E0);
#3826=DERIVED_UNIT((#3825));
#3827=MEASURE_REPRESENTATION_ITEM('volume measure',VOLUME_MEASURE(
1.033193230279E-1),#3826);
#3831=CARTESIAN_POINT('centre point',(3.912398676191E0,3.5E0,
-1.790805710579E-12));
#3838=CARTESIAN_POINT('centre point',(6.167748511530E0,4.160576171694E0,
-8.462384381174E0));
#3842=CARTESIAN_POINT('',(2.667748511529E0,4.15E0,-4.55E0));
#3843=DIRECTION('',(0.E0,-9.999963462269E-1,-2.703244880631E-3));
#3844=DIRECTION('',(0.E0,2.703244880631E-3,-9.999963462269E-1));
#3845=AXIS2_PLACEMENT_3D('',#3842,#3843,#3844);
#3846=ITEM_DEFINED_TRANSFORMATION('','',#3787,#3845);
#3847=(REPRESENTATION_RELATIONSHIP('','',#3788,#3099)REPRESENTATION_RELATIONSHIP_WITH_TRANSFORMATION(#3846)SHAPE_REPRESENTATION_RELATIONSHIP());
#3848=CONTEXT_DEPENDENT_SHAPE_REPRESENTATION(#3847,#3837);
#3849=CARTESIAN_POINT('',(-7.5E-3,0.E0,-5.7E-1));
#3850=DIRECTION('',(0.E0,1.E0,0.E0));
#3851=DIRECTION('',(0.E0,0.E0,-1.E0));
#3852=AXIS2_PLACEMENT_3D('',#3849,#3850,#3851);
#3854=DIRECTION('',(0.E0,0.E0,1.E0));
#3855=VECTOR('',#3854,1.14E0);
#3856=CARTESIAN_POINT('',(-5.625E-1,0.E0,-5.7E-1));
#3857=LINE('',#3856,#3855);
#3858=CARTESIAN_POINT('',(-7.5E-3,0.E0,5.7E-1));
#3859=DIRECTION('',(0.E0,1.E0,0.E0));
#3860=DIRECTION('',(-1.E0,0.E0,0.E0));
#3861=AXIS2_PLACEMENT_3D('',#3858,#3859,#3860);
#3863=DIRECTION('',(1.E0,0.E0,0.E0));
#3864=VECTOR('',#3863,1.5E-2);
#3865=CARTESIAN_POINT('',(-7.5E-3,0.E0,1.125E0));
#3866=LINE('',#3865,#3864);
#3867=CARTESIAN_POINT('',(7.5E-3,0.E0,5.7E-1));
#3868=DIRECTION('',(0.E0,1.E0,0.E0));
#3869=DIRECTION('',(0.E0,0.E0,1.E0));
#3870=AXIS2_PLACEMENT_3D('',#3867,#3868,#3869);
#3872=DIRECTION('',(0.E0,0.E0,-1.E0));
#3873=VECTOR('',#3872,1.14E0);
#3874=CARTESIAN_POINT('',(5.625E-1,0.E0,5.7E-1));
#3875=LINE('',#3874,#3873);
#3876=CARTESIAN_POINT('',(7.5E-3,0.E0,-5.7E-1));
#3877=DIRECTION('',(0.E0,1.E0,0.E0));
#3878=DIRECTION('',(1.E0,0.E0,0.E0));
#3879=AXIS2_PLACEMENT_3D('',#3876,#3877,#3878);
#3881=DIRECTION('',(-1.E0,0.E0,0.E0));
#3882=VECTOR('',#3881,1.5E-2);
#3883=CARTESIAN_POINT('',(7.5E-3,0.E0,-1.125E0));
#3884=LINE('',#3883,#3882);
#3885=DIRECTION('',(1.E0,0.E0,0.E0));
#3886=VECTOR('',#3885,2.670068086965E-3);
#3887=CARTESIAN_POINT('',(-1.335034043482E-3,0.E0,-8.179521943802E-1));
#3888=LINE('',#3887,#3886);
#3889=CARTESIAN_POINT('',(1.335034043483E-3,0.E0,-4.804521943802E-1));
#3890=DIRECTION('',(0.E0,-1.E0,0.E0));
#3891=DIRECTION('',(0.E0,0.E0,-1.E0));
#3892=AXIS2_PLACEMENT_3D('',#3889,#3890,#3891);
#3894=DIRECTION('',(0.E0,0.E0,1.E0));
#3895=VECTOR('',#3894,9.609043887604E-1);
#3896=CARTESIAN_POINT('',(3.388350340435E-1,0.E0,-4.804521943802E-1));
#3897=LINE('',#3896,#3895);
#3898=CARTESIAN_POINT('',(1.335034043483E-3,0.E0,4.804521943802E-1));
#3899=DIRECTION('',(0.E0,-1.E0,0.E0));
#3900=DIRECTION('',(1.E0,0.E0,0.E0));
#3901=AXIS2_PLACEMENT_3D('',#3898,#3899,#3900);
#3903=DIRECTION('',(-1.E0,0.E0,0.E0));
#3904=VECTOR('',#3903,2.670068086965E-3);
#3905=CARTESIAN_POINT('',(1.335034043482E-3,0.E0,8.179521943802E-1));
#3906=LINE('',#3905,#3904);
#3907=CARTESIAN_POINT('',(-1.335034043483E-3,0.E0,4.804521943802E-1));
#3908=DIRECTION('',(0.E0,-1.E0,0.E0));
#3909=DIRECTION('',(0.E0,0.E0,1.E0));
#3910=AXIS2_PLACEMENT_3D('',#3907,#3908,#3909);
#3912=DIRECTION('',(0.E0,0.E0,-1.E0));
#3913=VECTOR('',#3912,9.609043887604E-1);
#3914=CARTESIAN_POINT('',(-3.388350340435E-1,0.E0,4.804521943802E-1));
#3915=LINE('',#3914,#3913);
#3916=CARTESIAN_POINT('',(-1.335034043483E-3,0.E0,-4.804521943802E-1));
#3917=DIRECTION('',(0.E0,-1.E0,0.E0));
#3918=DIRECTION('',(-1.E0,0.E0,0.E0));
#3919=AXIS2_PLACEMENT_3D('',#3916,#3917,#3918);
#3921=DIRECTION('',(0.E0,1.E0,0.E0));
#3922=VECTOR('',#3921,7.5E-3);
#3923=CARTESIAN_POINT('',(-7.5E-3,0.E0,-1.125E0));
#3924=LINE('',#3923,#3922);
#3925=DIRECTION('',(0.E0,1.E0,0.E0));
#3926=VECTOR('',#3925,7.5E-3);
#3927=CARTESIAN_POINT('',(7.5E-3,0.E0,-1.125E0));
#3928=LINE('',#3927,#3926);
#3929=DIRECTION('',(0.E0,1.E0,0.E0));
#3930=VECTOR('',#3929,7.5E-3);
#3931=CARTESIAN_POINT('',(5.625E-1,0.E0,-5.7E-1));
#3932=LINE('',#3931,#3930);
#3933=DIRECTION('',(0.E0,1.E0,0.E0));
#3934=VECTOR('',#3933,7.5E-3);
#3935=CARTESIAN_POINT('',(5.625E-1,0.E0,5.7E-1));
#3936=LINE('',#3935,#3934);
#3937=DIRECTION('',(0.E0,1.E0,0.E0));
#3938=VECTOR('',#3937,7.5E-3);
#3939=CARTESIAN_POINT('',(7.5E-3,0.E0,1.125E0));
#3940=LINE('',#3939,#3938);
#3941=DIRECTION('',(0.E0,1.E0,0.E0));
#3942=VECTOR('',#3941,7.5E-3);
#3943=CARTESIAN_POINT('',(-7.5E-3,0.E0,1.125E0));
#3944=LINE('',#3943,#3942);
#3945=DIRECTION('',(0.E0,1.E0,0.E0));
#3946=VECTOR('',#3945,7.5E-3);
#3947=CARTESIAN_POINT('',(-5.625E-1,0.E0,5.7E-1));
#3948=LINE('',#3947,#3946);
#3949=DIRECTION('',(0.E0,1.E0,0.E0));
#3950=VECTOR('',#3949,7.5E-3);
#3951=CARTESIAN_POINT('',(-5.625E-1,0.E0,-5.7E-1));
#3952=LINE('',#3951,#3950);
#3953=CARTESIAN_POINT('',(-7.5E-3,7.5E-3,-5.7E-1));
#3954=DIRECTION('',(0.E0,1.E0,0.E0));
#3955=DIRECTION('',(0.E0,0.E0,-1.E0));
#3956=AXIS2_PLACEMENT_3D('',#3953,#3954,#3955);
#3958=DIRECTION('',(-1.E0,0.E0,0.E0));
#3959=VECTOR('',#3958,1.5E-2);
#3960=CARTESIAN_POINT('',(7.5E-3,7.5E-3,-1.125E0));
#3961=LINE('',#3960,#3959);
#3962=CARTESIAN_POINT('',(7.5E-3,7.5E-3,-5.7E-1));
#3963=DIRECTION('',(0.E0,1.E0,0.E0));
#3964=DIRECTION('',(1.E0,0.E0,0.E0));
#3965=AXIS2_PLACEMENT_3D('',#3962,#3963,#3964);
#3967=DIRECTION('',(0.E0,0.E0,-1.E0));
#3968=VECTOR('',#3967,1.14E0);
#3969=CARTESIAN_POINT('',(5.625E-1,7.5E-3,5.7E-1));
#3970=LINE('',#3969,#3968);
#3971=CARTESIAN_POINT('',(7.5E-3,7.5E-3,5.7E-1));
#3972=DIRECTION('',(0.E0,1.E0,0.E0));
#3973=DIRECTION('',(0.E0,0.E0,1.E0));
#3974=AXIS2_PLACEMENT_3D('',#3971,#3972,#3973);
#3976=DIRECTION('',(1.E0,0.E0,0.E0));
#3977=VECTOR('',#3976,1.5E-2);
#3978=CARTESIAN_POINT('',(-7.5E-3,7.5E-3,1.125E0));
#3979=LINE('',#3978,#3977);
#3980=CARTESIAN_POINT('',(-7.5E-3,7.5E-3,5.7E-1));
#3981=DIRECTION('',(0.E0,1.E0,0.E0));
#3982=DIRECTION('',(-1.E0,0.E0,0.E0));
#3983=AXIS2_PLACEMENT_3D('',#3980,#3981,#3982);
#3985=DIRECTION('',(0.E0,0.E0,1.E0));
#3986=VECTOR('',#3985,1.14E0);
#3987=CARTESIAN_POINT('',(-5.625E-1,7.5E-3,-5.7E-1));
#3988=LINE('',#3987,#3986);
#3989=DIRECTION('',(1.E0,0.E0,0.E0));
#3990=VECTOR('',#3989,2.670068086965E-3);
#3991=CARTESIAN_POINT('',(-1.335034043482E-3,7.5E-3,-8.179521943802E-1));
#3992=LINE('',#3991,#3990);
#3993=CARTESIAN_POINT('',(-1.335034043483E-3,7.5E-3,-4.804521943802E-1));
#3994=DIRECTION('',(0.E0,-1.E0,0.E0));
#3995=DIRECTION('',(-1.E0,0.E0,0.E0));
#3996=AXIS2_PLACEMENT_3D('',#3993,#3994,#3995);
#3998=DIRECTION('',(0.E0,0.E0,-1.E0));
#3999=VECTOR('',#3998,9.609043887604E-1);
#4000=CARTESIAN_POINT('',(-3.388350340435E-1,7.5E-3,4.804521943802E-1));
#4001=LINE('',#4000,#3999);
#4002=CARTESIAN_POINT('',(-1.335034043483E-3,7.5E-3,4.804521943802E-1));
#4003=DIRECTION('',(0.E0,-1.E0,0.E0));
#4004=DIRECTION('',(0.E0,0.E0,1.E0));
#4005=AXIS2_PLACEMENT_3D('',#4002,#4003,#4004);
#4007=DIRECTION('',(-1.E0,0.E0,0.E0));
#4008=VECTOR('',#4007,2.670068086965E-3);
#4009=CARTESIAN_POINT('',(1.335034043482E-3,7.5E-3,8.179521943802E-1));
#4010=LINE('',#4009,#4008);
#4011=CARTESIAN_POINT('',(1.335034043483E-3,7.5E-3,4.804521943802E-1));
#4012=DIRECTION('',(0.E0,-1.E0,0.E0));
#4013=DIRECTION('',(1.E0,0.E0,0.E0));
#4014=AXIS2_PLACEMENT_3D('',#4011,#4012,#4013);
#4016=DIRECTION('',(0.E0,0.E0,1.E0));
#4017=VECTOR('',#4016,9.609043887604E-1);
#4018=CARTESIAN_POINT('',(3.388350340435E-1,7.5E-3,-4.804521943802E-1));
#4019=LINE('',#4018,#4017);
#4020=CARTESIAN_POINT('',(1.335034043483E-3,7.5E-3,-4.804521943802E-1));
#4021=DIRECTION('',(0.E0,-1.E0,0.E0));
#4022=DIRECTION('',(0.E0,0.E0,-1.E0));
#4023=AXIS2_PLACEMENT_3D('',#4020,#4021,#4022);
#4025=DIRECTION('',(0.E0,1.E0,0.E0));
#4026=VECTOR('',#4025,7.5E-3);
#4027=CARTESIAN_POINT('',(-1.335034043482E-3,0.E0,-8.179521943802E-1));
#4028=LINE('',#4027,#4026);
#4029=DIRECTION('',(0.E0,1.E0,0.E0));
#4030=VECTOR('',#4029,7.5E-3);
#4031=CARTESIAN_POINT('',(-3.388350340435E-1,0.E0,-4.804521943802E-1));
#4032=LINE('',#4031,#4030);
#4033=DIRECTION('',(0.E0,1.E0,0.E0));
#4034=VECTOR('',#4033,7.5E-3);
#4035=CARTESIAN_POINT('',(-3.388350340435E-1,0.E0,4.804521943802E-1));
#4036=LINE('',#4035,#4034);
#4037=DIRECTION('',(0.E0,1.E0,0.E0));
#4038=VECTOR('',#4037,7.5E-3);
#4039=CARTESIAN_POINT('',(-1.335034043483E-3,0.E0,8.179521943802E-1));
#4040=LINE('',#4039,#4038);
#4041=DIRECTION('',(0.E0,1.E0,0.E0));
#4042=VECTOR('',#4041,7.5E-3);
#4043=CARTESIAN_POINT('',(1.335034043482E-3,0.E0,8.179521943802E-1));
#4044=LINE('',#4043,#4042);
#4045=DIRECTION('',(0.E0,1.E0,0.E0));
#4046=VECTOR('',#4045,7.5E-3);
#4047=CARTESIAN_POINT('',(3.388350340435E-1,0.E0,4.804521943802E-1));
#4048=LINE('',#4047,#4046);
#4049=DIRECTION('',(0.E0,1.E0,0.E0));
#4050=VECTOR('',#4049,7.5E-3);
#4051=CARTESIAN_POINT('',(3.388350340435E-1,0.E0,-4.804521943802E-1));
#4052=LINE('',#4051,#4050);
#4053=DIRECTION('',(0.E0,1.E0,0.E0));
#4054=VECTOR('',#4053,7.5E-3);
#4055=CARTESIAN_POINT('',(1.335034043483E-3,0.E0,-8.179521943802E-1));
#4056=LINE('',#4055,#4054);
#4057=CARTESIAN_POINT('',(-7.5E-3,0.E0,-1.125E0));
#4058=CARTESIAN_POINT('',(-5.625E-1,0.E0,-5.7E-1));
#4059=VERTEX_POINT('',#4057);
#4060=VERTEX_POINT('',#4058);
#4061=CARTESIAN_POINT('',(-5.625E-1,0.E0,5.7E-1));
#4062=VERTEX_POINT('',#4061);
#4063=CARTESIAN_POINT('',(-7.5E-3,0.E0,1.125E0));
#4064=VERTEX_POINT('',#4063);
#4065=CARTESIAN_POINT('',(7.5E-3,0.E0,1.125E0));
#4066=VERTEX_POINT('',#4065);
#4067=CARTESIAN_POINT('',(5.625E-1,0.E0,5.7E-1));
#4068=VERTEX_POINT('',#4067);
#4069=CARTESIAN_POINT('',(5.625E-1,0.E0,-5.7E-1));
#4070=VERTEX_POINT('',#4069);
#4071=CARTESIAN_POINT('',(7.5E-3,0.E0,-1.125E0));
#4072=VERTEX_POINT('',#4071);
#4073=CARTESIAN_POINT('',(-1.335034043482E-3,0.E0,-8.179521943802E-1));
#4074=CARTESIAN_POINT('',(1.335034043483E-3,0.E0,-8.179521943802E-1));
#4075=VERTEX_POINT('',#4073);
#4076=VERTEX_POINT('',#4074);
#4077=CARTESIAN_POINT('',(3.388350340435E-1,0.E0,-4.804521943802E-1));
#4078=VERTEX_POINT('',#4077);
#4079=CARTESIAN_POINT('',(3.388350340435E-1,0.E0,4.804521943802E-1));
#4080=VERTEX_POINT('',#4079);
#4081=CARTESIAN_POINT('',(1.335034043482E-3,0.E0,8.179521943802E-1));
#4082=VERTEX_POINT('',#4081);
#4083=CARTESIAN_POINT('',(-1.335034043483E-3,0.E0,8.179521943802E-1));
#4084=VERTEX_POINT('',#4083);
#4085=CARTESIAN_POINT('',(-3.388350340435E-1,0.E0,4.804521943802E-1));
#4086=VERTEX_POINT('',#4085);
#4087=CARTESIAN_POINT('',(-3.388350340435E-1,0.E0,-4.804521943802E-1));
#4088=VERTEX_POINT('',#4087);
#4089=CARTESIAN_POINT('',(-7.5E-3,7.5E-3,-1.125E0));
#4090=CARTESIAN_POINT('',(-5.625E-1,7.5E-3,-5.7E-1));
#4091=VERTEX_POINT('',#4089);
#4092=VERTEX_POINT('',#4090);
#4093=CARTESIAN_POINT('',(-5.625E-1,7.5E-3,5.7E-1));
#4094=VERTEX_POINT('',#4093);
#4095=CARTESIAN_POINT('',(-7.5E-3,7.5E-3,1.125E0));
#4096=VERTEX_POINT('',#4095);
#4097=CARTESIAN_POINT('',(7.5E-3,7.5E-3,1.125E0));
#4098=VERTEX_POINT('',#4097);
#4099=CARTESIAN_POINT('',(5.625E-1,7.5E-3,5.7E-1));
#4100=VERTEX_POINT('',#4099);
#4101=CARTESIAN_POINT('',(5.625E-1,7.5E-3,-5.7E-1));
#4102=VERTEX_POINT('',#4101);
#4103=CARTESIAN_POINT('',(7.5E-3,7.5E-3,-1.125E0));
#4104=VERTEX_POINT('',#4103);
#4105=CARTESIAN_POINT('',(-1.335034043482E-3,7.5E-3,-8.179521943802E-1));
#4106=CARTESIAN_POINT('',(1.335034043483E-3,7.5E-3,-8.179521943802E-1));
#4107=VERTEX_POINT('',#4105);
#4108=VERTEX_POINT('',#4106);
#4109=CARTESIAN_POINT('',(3.388350340435E-1,7.5E-3,-4.804521943802E-1));
#4110=VERTEX_POINT('',#4109);
#4111=CARTESIAN_POINT('',(3.388350340435E-1,7.5E-3,4.804521943802E-1));
#4112=VERTEX_POINT('',#4111);
#4113=CARTESIAN_POINT('',(1.335034043482E-3,7.5E-3,8.179521943802E-1));
#4114=VERTEX_POINT('',#4113);
#4115=CARTESIAN_POINT('',(-1.335034043483E-3,7.5E-3,8.179521943802E-1));
#4116=VERTEX_POINT('',#4115);
#4117=CARTESIAN_POINT('',(-3.388350340435E-1,7.5E-3,4.804521943802E-1));
#4118=VERTEX_POINT('',#4117);
#4119=CARTESIAN_POINT('',(-3.388350340435E-1,7.5E-3,-4.804521943802E-1));
#4120=VERTEX_POINT('',#4119);
#4121=CARTESIAN_POINT('',(0.E0,0.E0,0.E0));
#4122=DIRECTION('',(0.E0,1.E0,0.E0));
#4123=DIRECTION('',(1.E0,0.E0,0.E0));
#4124=AXIS2_PLACEMENT_3D('',#4121,#4122,#4123);
#4125=PLANE('',#4124);
#4127=ORIENTED_EDGE('',*,*,#4126,.T.);
#4129=ORIENTED_EDGE('',*,*,#4128,.T.);
#4131=ORIENTED_EDGE('',*,*,#4130,.T.);
#4133=ORIENTED_EDGE('',*,*,#4132,.T.);
#4135=ORIENTED_EDGE('',*,*,#4134,.T.);
#4137=ORIENTED_EDGE('',*,*,#4136,.T.);
#4139=ORIENTED_EDGE('',*,*,#4138,.T.);
#4141=ORIENTED_EDGE('',*,*,#4140,.T.);
#4142=EDGE_LOOP('',(#4127,#4129,#4131,#4133,#4135,#4137,#4139,#4141));
#4143=FACE_OUTER_BOUND('',#4142,.F.);
#4145=ORIENTED_EDGE('',*,*,#4144,.T.);
#4147=ORIENTED_EDGE('',*,*,#4146,.T.);
#4149=ORIENTED_EDGE('',*,*,#4148,.T.);
#4151=ORIENTED_EDGE('',*,*,#4150,.T.);
#4153=ORIENTED_EDGE('',*,*,#4152,.T.);
#4155=ORIENTED_EDGE('',*,*,#4154,.T.);
#4157=ORIENTED_EDGE('',*,*,#4156,.T.);
#4159=ORIENTED_EDGE('',*,*,#4158,.T.);
#4160=EDGE_LOOP('',(#4145,#4147,#4149,#4151,#4153,#4155,#4157,#4159));
#4161=FACE_BOUND('',#4160,.F.);
#4163=FILL_AREA_STYLE_COLOUR('',#16);
#4164=FILL_AREA_STYLE('',(#4163));
#4165=SURFACE_STYLE_FILL_AREA(#4164);
#4166=SURFACE_SIDE_STYLE('',(#4165));
#4167=SURFACE_STYLE_USAGE(.POSITIVE.,#4166);
#4168=PRESENTATION_STYLE_ASSIGNMENT((#4167));
#4169=STYLED_ITEM('',(#4168),#4162);
#4170=CARTESIAN_POINT('',(-7.5E-3,0.E0,-5.7E-1));
#4171=DIRECTION('',(0.E0,1.E0,0.E0));
#4172=DIRECTION('',(1.E0,0.E0,0.E0));
#4173=AXIS2_PLACEMENT_3D('',#4170,#4171,#4172);
#4174=CYLINDRICAL_SURFACE('',#4173,5.55E-1);
#4175=ORIENTED_EDGE('',*,*,#4126,.F.);
#4177=ORIENTED_EDGE('',*,*,#4176,.T.);
#4179=ORIENTED_EDGE('',*,*,#4178,.T.);
#4181=ORIENTED_EDGE('',*,*,#4180,.F.);
#4182=EDGE_LOOP('',(#4175,#4177,#4179,#4181));
#4183=FACE_OUTER_BOUND('',#4182,.F.);
#4185=CARTESIAN_POINT('',(7.5E-3,0.E0,-1.125E0));
#4186=DIRECTION('',(0.E0,0.E0,-1.E0));
#4187=DIRECTION('',(-1.E0,0.E0,0.E0));
#4188=AXIS2_PLACEMENT_3D('',#4185,#4186,#4187);
#4189=PLANE('',#4188);
#4190=ORIENTED_EDGE('',*,*,#4140,.F.);
#4192=ORIENTED_EDGE('',*,*,#4191,.T.);
#4194=ORIENTED_EDGE('',*,*,#4193,.T.);
#4195=ORIENTED_EDGE('',*,*,#4176,.F.);
#4196=EDGE_LOOP('',(#4190,#4192,#4194,#4195));
#4197=FACE_OUTER_BOUND('',#4196,.F.);
#4199=CARTESIAN_POINT('',(7.5E-3,0.E0,-5.7E-1));
#4200=DIRECTION('',(0.E0,1.E0,0.E0));
#4201=DIRECTION('',(1.E0,0.E0,0.E0));
#4202=AXIS2_PLACEMENT_3D('',#4199,#4200,#4201);
#4203=CYLINDRICAL_SURFACE('',#4202,5.55E-1);
#4204=ORIENTED_EDGE('',*,*,#4138,.F.);
#4206=ORIENTED_EDGE('',*,*,#4205,.T.);
#4208=ORIENTED_EDGE('',*,*,#4207,.T.);
#4209=ORIENTED_EDGE('',*,*,#4191,.F.);
#4210=EDGE_LOOP('',(#4204,#4206,#4208,#4209));
#4211=FACE_OUTER_BOUND('',#4210,.F.);
#4213=CARTESIAN_POINT('',(5.625E-1,0.E0,5.7E-1));
#4214=DIRECTION('',(1.E0,0.E0,0.E0));
#4215=DIRECTION('',(0.E0,0.E0,-1.E0));
#4216=AXIS2_PLACEMENT_3D('',#4213,#4214,#4215);
#4217=PLANE('',#4216);
#4218=ORIENTED_EDGE('',*,*,#4136,.F.);
#4220=ORIENTED_EDGE('',*,*,#4219,.T.);
#4222=ORIENTED_EDGE('',*,*,#4221,.T.);
#4223=ORIENTED_EDGE('',*,*,#4205,.F.);
#4224=EDGE_LOOP('',(#4218,#4220,#4222,#4223));
#4225=FACE_OUTER_BOUND('',#4224,.F.);
#4227=CARTESIAN_POINT('',(7.5E-3,0.E0,5.7E-1));
#4228=DIRECTION('',(0.E0,1.E0,0.E0));
#4229=DIRECTION('',(1.E0,0.E0,0.E0));
#4230=AXIS2_PLACEMENT_3D('',#4227,#4228,#4229);
#4231=CYLINDRICAL_SURFACE('',#4230,5.55E-1);
#4232=ORIENTED_EDGE('',*,*,#4134,.F.);
#4234=ORIENTED_EDGE('',*,*,#4233,.T.);
#4236=ORIENTED_EDGE('',*,*,#4235,.T.);
#4237=ORIENTED_EDGE('',*,*,#4219,.F.);
#4238=EDGE_LOOP('',(#4232,#4234,#4236,#4237));
#4239=FACE_OUTER_BOUND('',#4238,.F.);
#4241=CARTESIAN_POINT('',(-7.5E-3,0.E0,1.125E0));
#4242=DIRECTION('',(0.E0,0.E0,1.E0));
#4243=DIRECTION('',(1.E0,0.E0,0.E0));
#4244=AXIS2_PLACEMENT_3D('',#4241,#4242,#4243);
#4245=PLANE('',#4244);
#4246=ORIENTED_EDGE('',*,*,#4132,.F.);
#4248=ORIENTED_EDGE('',*,*,#4247,.T.);
#4250=ORIENTED_EDGE('',*,*,#4249,.T.);
#4251=ORIENTED_EDGE('',*,*,#4233,.F.);
#4252=EDGE_LOOP('',(#4246,#4248,#4250,#4251));
#4253=FACE_OUTER_BOUND('',#4252,.F.);
#4255=CARTESIAN_POINT('',(-7.5E-3,0.E0,5.7E-1));
#4256=DIRECTION('',(0.E0,1.E0,0.E0));
#4257=DIRECTION('',(1.E0,0.E0,0.E0));
#4258=AXIS2_PLACEMENT_3D('',#4255,#4256,#4257);
#4259=CYLINDRICAL_SURFACE('',#4258,5.55E-1);
#4260=ORIENTED_EDGE('',*,*,#4130,.F.);
#4262=ORIENTED_EDGE('',*,*,#4261,.T.);
#4264=ORIENTED_EDGE('',*,*,#4263,.T.);
#4265=ORIENTED_EDGE('',*,*,#4247,.F.);
#4266=EDGE_LOOP('',(#4260,#4262,#4264,#4265));
#4267=FACE_OUTER_BOUND('',#4266,.F.);
#4269=CARTESIAN_POINT('',(-5.625E-1,0.E0,-5.7E-1));
#4270=DIRECTION('',(-1.E0,0.E0,0.E0));
#4271=DIRECTION('',(0.E0,0.E0,1.E0));
#4272=AXIS2_PLACEMENT_3D('',#4269,#4270,#4271);
#4273=PLANE('',#4272);
#4274=ORIENTED_EDGE('',*,*,#4128,.F.);
#4275=ORIENTED_EDGE('',*,*,#4180,.T.);
#4277=ORIENTED_EDGE('',*,*,#4276,.T.);
#4278=ORIENTED_EDGE('',*,*,#4261,.F.);
#4279=EDGE_LOOP('',(#4274,#4275,#4277,#4278));
#4280=FACE_OUTER_BOUND('',#4279,.F.);
#4282=CARTESIAN_POINT('',(0.E0,7.5E-3,0.E0));
#4283=DIRECTION('',(0.E0,1.E0,0.E0));
#4284=DIRECTION('',(1.E0,0.E0,0.E0));
#4285=AXIS2_PLACEMENT_3D('',#4282,#4283,#4284);
#4286=PLANE('',#4285);
#4287=ORIENTED_EDGE('',*,*,#4178,.F.);
#4288=ORIENTED_EDGE('',*,*,#4193,.F.);
#4289=ORIENTED_EDGE('',*,*,#4207,.F.);
#4290=ORIENTED_EDGE('',*,*,#4221,.F.);
#4291=ORIENTED_EDGE('',*,*,#4235,.F.);
#4292=ORIENTED_EDGE('',*,*,#4249,.F.);
#4293=ORIENTED_EDGE('',*,*,#4263,.F.);
#4294=ORIENTED_EDGE('',*,*,#4276,.F.);
#4295=EDGE_LOOP('',(#4287,#4288,#4289,#4290,#4291,#4292,#4293,#4294));
#4296=FACE_OUTER_BOUND('',#4295,.F.);
#4298=ORIENTED_EDGE('',*,*,#4297,.F.);
#4300=ORIENTED_EDGE('',*,*,#4299,.F.);
#4302=ORIENTED_EDGE('',*,*,#4301,.F.);
#4304=ORIENTED_EDGE('',*,*,#4303,.F.);
#4306=ORIENTED_EDGE('',*,*,#4305,.F.);
#4308=ORIENTED_EDGE('',*,*,#4307,.F.);
#4310=ORIENTED_EDGE('',*,*,#4309,.F.);
#4312=ORIENTED_EDGE('',*,*,#4311,.F.);
#4313=EDGE_LOOP('',(#4298,#4300,#4302,#4304,#4306,#4308,#4310,#4312));
#4314=FACE_BOUND('',#4313,.F.);
#4316=FILL_AREA_STYLE_COLOUR('',#16);
#4317=FILL_AREA_STYLE('',(#4316));
#4318=SURFACE_STYLE_FILL_AREA(#4317);
#4319=SURFACE_SIDE_STYLE('',(#4318));
#4320=SURFACE_STYLE_USAGE(.POSITIVE.,#4319);
#4321=PRESENTATION_STYLE_ASSIGNMENT((#4320));
#4322=STYLED_ITEM('',(#4321),#4315);
#4323=CARTESIAN_POINT('',(-1.335034043483E-3,0.E0,-8.179521943802E-1));
#4324=DIRECTION('',(0.E0,0.E0,1.E0));
#4325=DIRECTION('',(1.E0,0.E0,0.E0));
#4326=AXIS2_PLACEMENT_3D('',#4323,#4324,#4325);
#4327=PLANE('',#4326);
#4328=ORIENTED_EDGE('',*,*,#4144,.F.);
#4330=ORIENTED_EDGE('',*,*,#4329,.T.);
#4331=ORIENTED_EDGE('',*,*,#4297,.T.);
#4333=ORIENTED_EDGE('',*,*,#4332,.F.);
#4334=EDGE_LOOP('',(#4328,#4330,#4331,#4333));
#4335=FACE_OUTER_BOUND('',#4334,.F.);
#4337=CARTESIAN_POINT('',(-1.335034043483E-3,0.E0,-4.804521943802E-1));
#4338=DIRECTION('',(0.E0,1.E0,0.E0));
#4339=DIRECTION('',(1.E0,0.E0,0.E0));
#4340=AXIS2_PLACEMENT_3D('',#4337,#4338,#4339);
#4341=CYLINDRICAL_SURFACE('',#4340,3.375E-1);
#4342=ORIENTED_EDGE('',*,*,#4158,.F.);
#4344=ORIENTED_EDGE('',*,*,#4343,.T.);
#4345=ORIENTED_EDGE('',*,*,#4299,.T.);
#4346=ORIENTED_EDGE('',*,*,#4329,.F.);
#4347=EDGE_LOOP('',(#4342,#4344,#4345,#4346));
#4348=FACE_OUTER_BOUND('',#4347,.F.);
#4350=CARTESIAN_POINT('',(-3.388350340435E-1,0.E0,4.804521943802E-1));
#4351=DIRECTION('',(1.E0,0.E0,0.E0));
#4352=DIRECTION('',(0.E0,0.E0,-1.E0));
#4353=AXIS2_PLACEMENT_3D('',#4350,#4351,#4352);
#4354=PLANE('',#4353);
#4355=ORIENTED_EDGE('',*,*,#4156,.F.);
#4357=ORIENTED_EDGE('',*,*,#4356,.T.);
#4358=ORIENTED_EDGE('',*,*,#4301,.T.);
#4359=ORIENTED_EDGE('',*,*,#4343,.F.);
#4360=EDGE_LOOP('',(#4355,#4357,#4358,#4359));
#4361=FACE_OUTER_BOUND('',#4360,.F.);
#4363=CARTESIAN_POINT('',(-1.335034043483E-3,0.E0,4.804521943802E-1));
#4364=DIRECTION('',(0.E0,1.E0,0.E0));
#4365=DIRECTION('',(1.E0,0.E0,0.E0));
#4366=AXIS2_PLACEMENT_3D('',#4363,#4364,#4365);
#4367=CYLINDRICAL_SURFACE('',#4366,3.375E-1);
#4368=ORIENTED_EDGE('',*,*,#4154,.F.);
#4370=ORIENTED_EDGE('',*,*,#4369,.T.);
#4371=ORIENTED_EDGE('',*,*,#4303,.T.);
#4372=ORIENTED_EDGE('',*,*,#4356,.F.);
#4373=EDGE_LOOP('',(#4368,#4370,#4371,#4372));
#4374=FACE_OUTER_BOUND('',#4373,.F.);
#4376=CARTESIAN_POINT('',(1.335034043483E-3,0.E0,8.179521943802E-1));
#4377=DIRECTION('',(0.E0,0.E0,-1.E0));
#4378=DIRECTION('',(-1.E0,0.E0,0.E0));
#4379=AXIS2_PLACEMENT_3D('',#4376,#4377,#4378);
#4380=PLANE('',#4379);
#4381=ORIENTED_EDGE('',*,*,#4152,.F.);
#4383=ORIENTED_EDGE('',*,*,#4382,.T.);
#4384=ORIENTED_EDGE('',*,*,#4305,.T.);
#4385=ORIENTED_EDGE('',*,*,#4369,.F.);
#4386=EDGE_LOOP('',(#4381,#4383,#4384,#4385));
#4387=FACE_OUTER_BOUND('',#4386,.F.);
#4389=CARTESIAN_POINT('',(1.335034043483E-3,0.E0,4.804521943802E-1));
#4390=DIRECTION('',(0.E0,1.E0,0.E0));
#4391=DIRECTION('',(1.E0,0.E0,0.E0));
#4392=AXIS2_PLACEMENT_3D('',#4389,#4390,#4391);
#4393=CYLINDRICAL_SURFACE('',#4392,3.375E-1);
#4394=ORIENTED_EDGE('',*,*,#4150,.F.);
#4396=ORIENTED_EDGE('',*,*,#4395,.T.);
#4397=ORIENTED_EDGE('',*,*,#4307,.T.);
#4398=ORIENTED_EDGE('',*,*,#4382,.F.);
#4399=EDGE_LOOP('',(#4394,#4396,#4397,#4398));
#4400=FACE_OUTER_BOUND('',#4399,.F.);
#4402=CARTESIAN_POINT('',(3.388350340435E-1,0.E0,-4.804521943802E-1));
#4403=DIRECTION('',(-1.E0,0.E0,0.E0));
#4404=DIRECTION('',(0.E0,0.E0,1.E0));
#4405=AXIS2_PLACEMENT_3D('',#4402,#4403,#4404);
#4406=PLANE('',#4405);
#4407=ORIENTED_EDGE('',*,*,#4148,.F.);
#4409=ORIENTED_EDGE('',*,*,#4408,.T.);
#4410=ORIENTED_EDGE('',*,*,#4309,.T.);
#4411=ORIENTED_EDGE('',*,*,#4395,.F.);
#4412=EDGE_LOOP('',(#4407,#4409,#4410,#4411));
#4413=FACE_OUTER_BOUND('',#4412,.F.);
#4415=CARTESIAN_POINT('',(1.335034043483E-3,0.E0,-4.804521943802E-1));
#4416=DIRECTION('',(0.E0,1.E0,0.E0));
#4417=DIRECTION('',(1.E0,0.E0,0.E0));
#4418=AXIS2_PLACEMENT_3D('',#4415,#4416,#4417);
#4419=CYLINDRICAL_SURFACE('',#4418,3.375E-1);
#4420=ORIENTED_EDGE('',*,*,#4146,.F.);
#4421=ORIENTED_EDGE('',*,*,#4332,.T.);
#4422=ORIENTED_EDGE('',*,*,#4311,.T.);
#4423=ORIENTED_EDGE('',*,*,#4408,.F.);
#4424=EDGE_LOOP('',(#4420,#4421,#4422,#4423));
#4425=FACE_OUTER_BOUND('',#4424,.F.);
#4427=CLOSED_SHELL('',(#4162,#4184,#4198,#4212,#4226,#4240,#4254,#4268,#4281,
#4315,#4336,#4349,#4362,#4375,#4388,#4401,#4414,#4426));
#4428=MANIFOLD_SOLID_BREP('',#4427);
#4431=PLANE_ANGLE_MEASURE_WITH_UNIT(PLANE_ANGLE_MEASURE(1.745329251994E-2),
#4430);
#4432=(CONVERSION_BASED_UNIT('DEGREE',#4431)NAMED_UNIT(*)PLANE_ANGLE_UNIT());
#4434=UNCERTAINTY_MEASURE_WITH_UNIT(LENGTH_MEASURE(2.767023436791E-4),#4429,
'distance_accuracy_value',
'Maximum model space distance between geometric entities at asserted connectivities');
#4436=CARTESIAN_POINT('',(0.E0,0.E0,0.E0));
#4437=DIRECTION('',(0.E0,0.E0,1.E0));
#4438=DIRECTION('',(1.E0,0.E0,0.E0));
#4441=PRODUCT_CONTEXT('',#3048,'mechanical');
#4442=PRODUCT('YUAN','YUAN','NOT SPECIFIED',(#4441));
#4443=PRODUCT_DEFINITION_FORMATION('3','LAST_VERSION',#4442);
#4451=DERIVED_UNIT_ELEMENT(#4450,2.E0);
#4452=DERIVED_UNIT((#4451));
#4453=MEASURE_REPRESENTATION_ITEM('surface area measure',AREA_MEASURE(
2.585863889320E0),#4452);
#4458=DERIVED_UNIT_ELEMENT(#4457,3.E0);
#4459=DERIVED_UNIT((#4458));
#4460=MEASURE_REPRESENTATION_ITEM('volume measure',VOLUME_MEASURE(
9.420102003070E-3),#4459);
#4464=CARTESIAN_POINT('centre point',(0.E0,3.75E-3,0.E0));
#4469=DERIVED_UNIT_ELEMENT(#4468,2.E0);
#4470=DERIVED_UNIT((#4469));
#4471=MEASURE_REPRESENTATION_ITEM('surface area measure',AREA_MEASURE(
2.585863889320E0),#4470);
#4476=DERIVED_UNIT_ELEMENT(#4475,3.E0);
#4477=DERIVED_UNIT((#4476));
#4478=MEASURE_REPRESENTATION_ITEM('volume measure',VOLUME_MEASURE(
9.420102003070E-3),#4477);
#4482=CARTESIAN_POINT('centre point',(0.E0,3.75E-3,0.E0));
#4489=CARTESIAN_POINT('centre point',(7.796750793453E0,4.096053896483E0,
-8.558389001241E0));
#4493=CARTESIAN_POINT('',(7.796750793453E0,4.096108102556E0,-8.554639393035E0));
#4494=DIRECTION('',(9.999771933605E-1,-6.753016230426E-3,9.762473135166E-5));
#4495=DIRECTION('',(-6.753721847734E-3,-9.998727174535E-1,1.445462325227E-2));
#4496=AXIS2_PLACEMENT_3D('',#4493,#4494,#4495);
#4497=ITEM_DEFINED_TRANSFORMATION('','',#4439,#4496);
#4498=(REPRESENTATION_RELATIONSHIP('','',#4440,#3099)REPRESENTATION_RELATIONSHIP_WITH_TRANSFORMATION(#4497)SHAPE_REPRESENTATION_RELATIONSHIP());
#4499=CONTEXT_DEPENDENT_SHAPE_REPRESENTATION(#4498,#4488);
#4502=CARTESIAN_POINT('centre point',(4.513874396665E0,4.118223719692E0,
-8.558709498477E0));
#4506=CARTESIAN_POINT('',(4.513874396665E0,4.118277925765E0,-8.554959890271E0));
#4507=DIRECTION('',(9.999771933605E-1,-6.753016230426E-3,9.762473135166E-5));
#4508=DIRECTION('',(-6.753721847734E-3,-9.998727174535E-1,1.445462325227E-2));
#4509=AXIS2_PLACEMENT_3D('',#4506,#4507,#4508);
#4510=ITEM_DEFINED_TRANSFORMATION('','',#4439,#4509);
#4511=(REPRESENTATION_RELATIONSHIP('','',#4440,#3099)REPRESENTATION_RELATIONSHIP_WITH_TRANSFORMATION(#4510)SHAPE_REPRESENTATION_RELATIONSHIP());
#4512=CONTEXT_DEPENDENT_SHAPE_REPRESENTATION(#4511,#4501);
#4515=PLANE_ANGLE_MEASURE_WITH_UNIT(PLANE_ANGLE_MEASURE(1.745329251994E-2),
#4514);
#4516=(CONVERSION_BASED_UNIT('DEGREE',#4515)NAMED_UNIT(*)PLANE_ANGLE_UNIT());
#4518=UNCERTAINTY_MEASURE_WITH_UNIT(LENGTH_MEASURE(1.586442133841E-3),#4513,
'distance_accuracy_value',
'Maximum model space distance between geometric entities at asserted connectivities');
#4520=CARTESIAN_POINT('',(0.E0,0.E0,0.E0));
#4521=DIRECTION('',(0.E0,0.E0,1.E0));
#4522=DIRECTION('',(1.E0,0.E0,0.E0));
#4524=MECHANICAL_DESIGN_GEOMETRIC_PRESENTATION_REPRESENTATION('',(#28,#35,#42,
#49,#56,#63,#70,#77,#84,#92,#99,#106,#114,#121,#129,#137,#145,#153,#161,#169,
#177,#185,#192,#199,#206,#213,#220,#227,#234,#241,#249,#257,#264,#271,#278,#286,
#294,#301,#308,#315,#322,#329,#336,#343,#350,#357,#364,#371,#378,#385,#392,#399,
#406,#413,#420,#427,#435,#442,#449,#457,#464,#471,#479,#486,#494,#501,#509,#516,
#524,#531,#538,#545,#552,#560,#567,#575,#582,#590,#597,#604,#612,#619,#626,#633,
#640,#647,#654,#661,#668,#675,#682,#689,#696,#703,#710,#717,#724,#731,#738,#745,
#752,#759,#766,#773,#780,#787,#794,#801,#808,#815,#822,#829,#836,#843,#850,#857,
#864,#871,#878,#885,#892,#899,#906,#913,#920,#927,#934,#941,#949,#956,#964,#971,
#978,#986,#993,#1001,#1008,#1016,#1023,#1030,#1037,#1044,#1051,#1058,#1065,
#1072,#1079,#1086,#1093,#1100,#1107,#1114,#1121,#1138,#1145,#1152,#1159,#1166,
#1173,#1180,#1187,#1194,#1202,#1209,#1216,#1223,#1230,#1237,#1244,#1251,#1258,
#1265,#1272,#1279,#1286,#1293,#1300,#1317,#1324,#1331,#1339,#1347,#1355,#1363,
#1371,#1379,#1387,#1395,#1402,#1409,#1416,#1423,#1430,#1437,#2474,#2501,#2527,
#2553,#2578,#2605,#2629,#2720,#2747,#2777,#2802,#2827,#2851,#2875,#20,#3121,
#3129,#3137,#3144,#3152,#3160,#3167,#3175,#3183,#3191,#3198,#3206,#3214,#3221,
#3229,#3237,#3245,#3253,#3261,#3269,#3277,#3285,#3293,#3301,#3309,#3317,#3113,
#3749,#4169,#4322),#4519);
#4525=PRODUCT_DEFINITION_CONTEXT('part definition',#3048,'design');
#4526=PRODUCT_CONTEXT('',#3048,'mechanical');
#4527=PRODUCT('8X10-TG_ASM','8X10-TG_ASM','NOT SPECIFIED',(#4526));
#4528=PRODUCT_DEFINITION_FORMATION('1','LAST_VERSION',#4527);
#4531=DERIVED_UNIT_ELEMENT(#4530,2.E0);
#4532=DERIVED_UNIT((#4531));
#4533=MEASURE_REPRESENTATION_ITEM('surface area measure',AREA_MEASURE(
5.860207546273E2),#4532);
#4538=DERIVED_UNIT_ELEMENT(#4537,3.E0);
#4539=DERIVED_UNIT((#4538));
#4540=MEASURE_REPRESENTATION_ITEM('volume measure',VOLUME_MEASURE(
5.172392813891E2),#4539);
#4544=CARTESIAN_POINT('centre point',(4.886857345905E0,4.150000545591E0,
-4.598476609346E0));
#4548=PRODUCT_RELATED_PRODUCT_CATEGORY('part','',(#4527,#3052,#3557,#3791,
#4442));
#1=DRAUGHTING_PRE_DEFINED_COLOUR('green');
#2=COLOUR_RGB('',1.1E-2,1.2E-2,1.E0);
#3=COLOUR_RGB('',1.098039215686E-1,1.215686274510E-1,1.215686274510E-1);
#4=COLOUR_RGB('',2.509803921569E-1,2.588235294118E-1,2.588235294118E-1);
#5=COLOUR_RGB('',4.1E-1,2.61589E-1,1.12848E-1);
#6=COLOUR_RGB('',5.04854E-1,1.5455E-2,1.5455E-2);
#7=COLOUR_RGB('',6.35294E-1,6.86275E-1,7.4902E-1);
#8=COLOUR_RGB('',6.40777E-1,6.40777E-1,6.40777E-1);
#9=COLOUR_RGB('',6.69062E-1,6.69903E-1,6.55217E-1);
#10=COLOUR_RGB('',8.313725490196E-1,8.392156862745E-1,8.313725490196E-1);
#11=COLOUR_RGB('',9.019607843137E-1,9.215686274510E-1,9.215686274510E-1);
#12=COLOUR_RGB('',9.21569E-1,7.05882E-1,4.70588E-1);
#13=DRAUGHTING_PRE_DEFINED_COLOUR('red');
#14=DRAUGHTING_PRE_DEFINED_COLOUR('yellow');
#15=COLOUR_RGB('',1.E0,1.E0,5.3E-1);
#16=COLOUR_RGB('',1.E0,1.E0,9.49E-1);
#17=DRAUGHTING_PRE_DEFINED_COLOUR('white');
#18=COLOUR_RGB('',2.1E-1,2.2E-1,2.2E-1);
#19=COLOUR_RGB('',9.E-1,9.2E-1,9.2E-1);
#89=CIRCLE('',#88,3.47221875E-1);
#111=CIRCLE('',#110,3.47221875E-1);
#126=CIRCLE('',#125,1.533336648480E-1);
#134=CIRCLE('',#133,1.533336648480E-1);
#142=CIRCLE('',#141,1.533336648480E-1);
#150=CIRCLE('',#149,1.533336648480E-1);
#158=CIRCLE('',#157,1.533336648480E-1);
#166=CIRCLE('',#165,1.533336648480E-1);
#174=CIRCLE('',#173,1.533336648480E-1);
#182=CIRCLE('',#181,1.533336648480E-1);
#246=CIRCLE('',#245,5.4E-1);
#254=CIRCLE('',#253,5.4E-1);
#283=CIRCLE('',#282,5.4E-1);
#291=CIRCLE('',#290,5.4E-1);
#432=CIRCLE('',#431,4.E0);
#454=CIRCLE('',#453,4.E0);
#476=CIRCLE('',#475,4.E0);
#491=CIRCLE('',#490,4.E0);
#506=CIRCLE('',#505,4.E0);
#521=CIRCLE('',#520,4.E0);
#557=CIRCLE('',#556,3.47221875E-1);
#572=CIRCLE('',#571,4.E0);
#587=CIRCLE('',#586,4.E0);
#609=CIRCLE('',#608,3.47221875E-1);
#946=CIRCLE('',#945,5.4E-1);
#961=CIRCLE('',#960,5.4E-1);
#983=CIRCLE('',#982,5.4E-1);
#998=CIRCLE('',#997,5.4E-1);
#1013=CIRCLE('',#1012,4.5E-1);
#1135=B_SPLINE_CURVE_WITH_KNOTS('',3,(#1122,#1123,#1124,#1125,#1126,#1127,#1128,
#1129,#1130,#1131,#1132,#1133,#1134),.UNSPECIFIED.,.F.,.F.,(4,1,1,1,1,1,1,1,1,1,
4),(0.E0,1.25E-1,2.5E-1,3.75E-1,4.375E-1,5.E-1,5.625E-1,6.25E-1,7.5E-1,8.75E-1,
1.E0),.UNSPECIFIED.);
#1199=CIRCLE('',#1198,4.5E-1);
#1314=B_SPLINE_CURVE_WITH_KNOTS('',3,(#1301,#1302,#1303,#1304,#1305,#1306,#1307,
#1308,#1309,#1310,#1311,#1312,#1313),.UNSPECIFIED.,.F.,.F.,(4,1,1,1,1,1,1,1,1,1,
4),(0.E0,1.25E-1,2.5E-1,3.75E-1,4.375E-1,5.E-1,5.625E-1,6.25E-1,7.5E-1,8.75E-1,
1.E0),.UNSPECIFIED.);
#1336=CIRCLE('',#1335,1.533336648480E-1);
#1344=CIRCLE('',#1343,1.533336648480E-1);
#1352=CIRCLE('',#1351,1.533336648480E-1);
#1360=CIRCLE('',#1359,1.533336648480E-1);
#1368=CIRCLE('',#1367,1.533336648480E-1);
#1376=CIRCLE('',#1375,1.533336648480E-1);
#1384=CIRCLE('',#1383,1.533336648480E-1);
#1392=CIRCLE('',#1391,1.533336648480E-1);
#1699=EDGE_CURVE('',#1496,#1497,#24,.T.);
#1701=EDGE_CURVE('',#1496,#1456,#32,.T.);
#1703=EDGE_CURVE('',#1456,#1457,#39,.T.);
#1705=EDGE_CURVE('',#1457,#1459,#46,.T.);
#1707=EDGE_CURVE('',#1497,#1459,#203,.T.);
#1711=EDGE_CURVE('',#1572,#1573,#174,.T.);
#1713=EDGE_CURVE('',#1573,#1572,#182,.T.);
#1717=ADVANCED_FACE('',(#1710,#1716),#1698,.F.);
#1723=EDGE_CURVE('',#1500,#1501,#53,.T.);
#1725=EDGE_CURVE('',#1465,#1500,#931,.T.);
#1727=EDGE_CURVE('',#1465,#1463,#60,.T.);
#1729=EDGE_CURVE('',#1462,#1463,#67,.T.);
#1731=EDGE_CURVE('',#1501,#1462,#798,.T.);
#1735=EDGE_CURVE('',#1560,#1561,#126,.T.);
#1737=EDGE_CURVE('',#1561,#1560,#134,.T.);
#1741=ADVANCED_FACE('',(#1734,#1740),#1722,.F.);
#1747=EDGE_CURVE('',#1504,#1505,#74,.T.);
#1749=EDGE_CURVE('',#1452,#1505,#1170,.T.);
#1751=EDGE_CURVE('',#1452,#1453,#81,.T.);
#1753=EDGE_CURVE('',#1453,#1469,#89,.T.);
#1755=EDGE_CURVE('',#1469,#1504,#96,.T.);
#1759=EDGE_CURVE('',#1568,#1569,#158,.T.);
#1761=EDGE_CURVE('',#1569,#1568,#166,.T.);
#1765=ADVANCED_FACE('',(#1758,#1764),#1746,.F.);
#1771=EDGE_CURVE('',#1508,#1509,#103,.T.);
#1773=EDGE_CURVE('',#1467,#1509,#770,.T.);
#1775=EDGE_CURVE('',#1467,#1448,#111,.T.);
#1777=EDGE_CURVE('',#1448,#1449,#118,.T.);
#1779=EDGE_CURVE('',#1508,#1449,#319,.T.);
#1783=EDGE_CURVE('',#1564,#1565,#142,.T.);
#1785=EDGE_CURVE('',#1565,#1564,#150,.T.);
#1789=ADVANCED_FACE('',(#1782,#1788),#1770,.F.);
#1796=EDGE_CURVE('',#1497,#1521,#196,.T.);
#1798=EDGE_CURVE('',#1521,#1512,#224,.T.);
#1800=EDGE_CURVE('',#1496,#1512,#354,.T.);
#1804=ADVANCED_FACE('',(#1803),#1794,.F.);
#1811=EDGE_CURVE('',#1501,#1516,#791,.T.);
#1813=EDGE_CURVE('',#1516,#1525,#231,.T.);
#1815=EDGE_CURVE('',#1500,#1525,#938,.T.);
#1819=ADVANCED_FACE('',(#1818),#1809,.F.);
#1825=EDGE_CURVE('',#1520,#1521,#189,.T.);
#1829=EDGE_CURVE('',#1459,#1481,#896,.T.);
#1831=EDGE_CURVE('',#1481,#1483,#210,.T.);
#1833=EDGE_CURVE('',#1520,#1483,#990,.T.);
#1837=ADVANCED_FACE('',(#1836),#1824,.F.);
#1843=EDGE_CURVE('',#1528,#1540,#246,.T.);
#1845=EDGE_CURVE('',#1528,#1529,#1156,.T.);
#1847=EDGE_CURVE('',#1513,#1529,#217,.T.);
#1849=EDGE_CURVE('',#1512,#1513,#361,.T.);
#1853=EDGE_CURVE('',#1536,#1520,#983,.T.);
#1855=EDGE_CURVE('',#1536,#1537,#968,.T.);
#1857=EDGE_CURVE('',#1524,#1537,#946,.T.);
#1859=EDGE_CURVE('',#1524,#1525,#910,.T.);
#1862=EDGE_CURVE('',#1516,#1517,#784,.T.);
#1864=EDGE_CURVE('',#1533,#1517,#238,.T.);
#1866=EDGE_CURVE('',#1532,#1533,#305,.T.);
#1868=EDGE_CURVE('',#1541,#1532,#283,.T.);
#1870=EDGE_CURVE('',#1540,#1541,#268,.T.);
#1874=ADVANCED_FACE('',(#1873),#1842,.T.);
#1881=EDGE_CURVE('',#1540,#1444,#275,.T.);
#1883=EDGE_CURVE('',#1444,#1491,#254,.T.);
#1885=EDGE_CURVE('',#1528,#1491,#261,.T.);
#1889=ADVANCED_FACE('',(#1888),#1879,.F.);
#1896=EDGE_CURVE('',#1541,#1445,#298,.T.);
#1898=EDGE_CURVE('',#1444,#1445,#1184,.T.);
#1903=ADVANCED_FACE('',(#1902),#1894,.T.);
#1910=EDGE_CURVE('',#1532,#1493,#333,.T.);
#1912=EDGE_CURVE('',#1493,#1445,#291,.T.);
#1917=ADVANCED_FACE('',(#1916),#1908,.F.);
#1924=EDGE_CURVE('',#1508,#1533,#312,.T.);
#1927=EDGE_CURVE('',#1449,#1487,#672,.T.);
#1929=EDGE_CURVE('',#1487,#1493,#326,.T.);
#1934=ADVANCED_FACE('',(#1933),#1922,.T.);
#1941=EDGE_CURVE('',#1504,#1513,#368,.T.);
#1944=EDGE_CURVE('',#1505,#1529,#1177,.T.);
#1948=ADVANCED_FACE('',(#1947),#1939,.F.);
#1957=EDGE_CURVE('',#1509,#1517,#777,.T.);
#1961=ADVANCED_FACE('',(#1960),#1953,.F.);
#1967=EDGE_CURVE('',#1644,#1645,#340,.T.);
#1969=EDGE_CURVE('',#1456,#1644,#347,.T.);
#1976=EDGE_CURVE('',#1469,#1477,#375,.T.);
#1978=EDGE_CURVE('',#1477,#1620,#601,.T.);
#1980=EDGE_CURVE('',#1620,#1628,#382,.T.);
#1982=EDGE_CURVE('',#1628,#1629,#389,.T.);
#1984=EDGE_CURVE('',#1645,#1629,#396,.T.);
#1988=ADVANCED_FACE('',(#1987),#1966,.T.);
#1995=EDGE_CURVE('',#1656,#1645,#417,.T.);
#1997=EDGE_CURVE('',#1656,#1657,#432,.T.);
#1999=EDGE_CURVE('',#1657,#1665,#693,.T.);
#2001=EDGE_CURVE('',#1651,#1665,#826,.T.);
#2003=EDGE_CURVE('',#1644,#1651,#1142,.T.);
#2007=ADVANCED_FACE('',(#2006),#1993,.F.);
#2013=EDGE_CURVE('',#1648,#1649,#735,.T.);
#2015=EDGE_CURVE('',#1648,#1653,#819,.T.);
#2017=EDGE_CURVE('',#1663,#1653,#854,.T.);
#2019=EDGE_CURVE('',#1660,#1663,#535,.T.);
#2021=EDGE_CURVE('',#1660,#1661,#454,.T.);
#2023=EDGE_CURVE('',#1649,#1661,#403,.T.);
#2027=ADVANCED_FACE('',(#2026),#2012,.F.);
#2034=EDGE_CURVE('',#1641,#1661,#468,.T.);
#2036=EDGE_CURVE('',#1641,#1633,#410,.T.);
#2038=EDGE_CURVE('',#1649,#1633,#742,.T.);
#2042=ADVANCED_FACE('',(#2041),#2032,.F.);
#2050=EDGE_CURVE('',#1629,#1639,#424,.T.);
#2052=EDGE_CURVE('',#1639,#1656,#439,.T.);
#2056=ADVANCED_FACE('',(#2055),#2047,.F.);
#2064=EDGE_CURVE('',#1639,#1617,#491,.T.);
#2066=EDGE_CURVE('',#1617,#1657,#446,.T.);
#2070=ADVANCED_FACE('',(#2069),#2061,.F.);
#2077=EDGE_CURVE('',#1615,#1660,#461,.T.);
#2079=EDGE_CURVE('',#1615,#1641,#476,.T.);
#2084=ADVANCED_FACE('',(#2083),#2075,.F.);
#2091=EDGE_CURVE('',#1615,#1609,#483,.T.);
#2093=EDGE_CURVE('',#1608,#1609,#840,.T.);
#2095=EDGE_CURVE('',#1617,#1608,#700,.T.);
#2100=EDGE_CURVE('',#1628,#1637,#498,.T.);
#2102=EDGE_CURVE('',#1613,#1637,#506,.T.);
#2104=EDGE_CURVE('',#1605,#1613,#686,.T.);
#2106=EDGE_CURVE('',#1603,#1605,#630,.T.);
#2108=EDGE_CURVE('',#1603,#1611,#513,.T.);
#2110=EDGE_CURVE('',#1635,#1611,#521,.T.);
#2112=EDGE_CURVE('',#1635,#1632,#528,.T.);
#2114=EDGE_CURVE('',#1632,#1633,#749,.T.);
#2119=ADVANCED_FACE('',(#2118),#2089,.T.);
#2125=EDGE_CURVE('',#1596,#1597,#542,.T.);
#2127=EDGE_CURVE('',#1611,#1597,#707,.T.);
#2130=EDGE_CURVE('',#1596,#1603,#623,.T.);
#2134=ADVANCED_FACE('',(#2133),#2124,.F.);
#2141=EDGE_CURVE('',#1663,#1609,#847,.T.);
#2147=ADVANCED_FACE('',(#2146),#2139,.F.);
#2154=EDGE_CURVE('',#1473,#1596,#549,.T.);
#2156=EDGE_CURVE('',#1472,#1473,#557,.T.);
#2158=EDGE_CURVE('',#1625,#1472,#763,.T.);
#2160=EDGE_CURVE('',#1624,#1625,#564,.T.);
#2162=EDGE_CURVE('',#1624,#1597,#572,.T.);
#2166=ADVANCED_FACE('',(#2165),#2152,.T.);
#2172=EDGE_CURVE('',#1600,#1601,#579,.T.);
#2174=EDGE_CURVE('',#1601,#1621,#587,.T.);
#2176=EDGE_CURVE('',#1620,#1621,#594,.T.);
#2179=EDGE_CURVE('',#1476,#1477,#609,.T.);
#2181=EDGE_CURVE('',#1600,#1476,#616,.T.);
#2185=ADVANCED_FACE('',(#2184),#2171,.T.);
#2193=EDGE_CURVE('',#1600,#1605,#637,.T.);
#2196=EDGE_CURVE('',#1453,#1476,#1149,.T.);
#2199=EDGE_CURVE('',#1452,#1489,#644,.T.);
#2201=EDGE_CURVE('',#1489,#1591,#651,.T.);
#2203=EDGE_CURVE('',#1591,#1593,#658,.T.);
#2205=EDGE_CURVE('',#1593,#1487,#665,.T.);
#2209=EDGE_CURVE('',#1448,#1473,#679,.T.);
#2214=ADVANCED_FACE('',(#2213),#2190,.T.);
#2223=EDGE_CURVE('',#1613,#1601,#721,.T.);
#2227=ADVANCED_FACE('',(#2226),#2219,.F.);
#2236=EDGE_CURVE('',#1665,#1608,#833,.T.);
#2240=ADVANCED_FACE('',(#2239),#2232,.F.);
#2248=EDGE_CURVE('',#1635,#1624,#714,.T.);
#2253=ADVANCED_FACE('',(#2252),#2245,.F.);
#2261=EDGE_CURVE('',#1637,#1621,#728,.T.);
#2266=ADVANCED_FACE('',(#2265),#2258,.F.);
#2278=ADVANCED_FACE('',(#2277),#2271,.F.);
#2285=EDGE_CURVE('',#1625,#1632,#756,.T.);
#2291=ADVANCED_FACE('',(#2290),#2283,.F.);
#2302=EDGE_CURVE('',#1467,#1472,#812,.T.);
#2309=EDGE_CURVE('',#1462,#1648,#805,.T.);
#2313=ADVANCED_FACE('',(#2312),#2296,.T.);
#2325=ADVANCED_FACE('',(#2324),#2318,.T.);
#2334=EDGE_CURVE('',#1463,#1653,#861,.T.);
#2338=ADVANCED_FACE('',(#2337),#2330,.T.);
#2351=EDGE_CURVE('',#1465,#1479,#868,.T.);
#2353=EDGE_CURVE('',#1479,#1575,#875,.T.);
#2355=EDGE_CURVE('',#1577,#1575,#882,.T.);
#2357=EDGE_CURVE('',#1577,#1481,#889,.T.);
#2361=EDGE_CURVE('',#1457,#1651,#903,.T.);
#2365=ADVANCED_FACE('',(#2364),#2343,.T.);
#2372=EDGE_CURVE('',#1524,#1485,#917,.T.);
#2374=EDGE_CURVE('',#1485,#1479,#924,.T.);
#2381=ADVANCED_FACE('',(#2380),#2370,.F.);
#2388=EDGE_CURVE('',#1537,#1441,#953,.T.);
#2390=EDGE_CURVE('',#1441,#1485,#961,.T.);
#2395=ADVANCED_FACE('',(#2394),#2386,.F.);
#2402=EDGE_CURVE('',#1536,#1440,#975,.T.);
#2404=EDGE_CURVE('',#1440,#1441,#1027,.T.);
#2409=ADVANCED_FACE('',(#2408),#2400,.F.);
#2417=EDGE_CURVE('',#1483,#1440,#998,.T.);
#2422=ADVANCED_FACE('',(#2421),#2414,.F.);
#2431=EDGE_CURVE('',#1577,#1589,#1005,.T.);
#2433=EDGE_CURVE('',#1589,#1587,#1013,.T.);
#2435=EDGE_CURVE('',#1575,#1587,#1020,.T.);
#2443=ADVANCED_FACE('',(#2442),#2427,.T.);
#2449=EDGE_CURVE('',#1580,#1581,#1034,.T.);
#2451=EDGE_CURVE('',#1580,#1589,#1041,.T.);
#2454=EDGE_CURVE('',#1681,#1577,#1097,.T.);
#2456=EDGE_CURVE('',#1681,#1685,#1048,.T.);
#2458=EDGE_CURVE('',#1685,#1581,#1055,.T.);
#2462=ADVANCED_FACE('',(#2461),#2448,.T.);
#2481=EDGE_CURVE('',#1581,#1585,#1062,.T.);
#2483=EDGE_CURVE('',#1584,#1585,#1104,.T.);
#2485=EDGE_CURVE('',#1580,#1584,#1135,.T.);
#2489=ADVANCED_FACE('',(#2488),#2479,.F.);
#2509=EDGE_CURVE('',#1684,#1685,#1069,.T.);
#2511=EDGE_CURVE('',#1585,#1684,#1111,.T.);
#2515=ADVANCED_FACE('',(#2514),#2506,.T.);
#2533=EDGE_CURVE('',#1680,#1681,#1090,.T.);
#2535=EDGE_CURVE('',#1680,#1684,#1076,.T.);
#2541=ADVANCED_FACE('',(#2540),#2532,.T.);
#2560=EDGE_CURVE('',#1575,#1680,#1083,.T.);
#2566=ADVANCED_FACE('',(#2565),#2558,.F.);
#2589=EDGE_CURVE('',#1587,#1584,#1118,.T.);
#2593=ADVANCED_FACE('',(#2592),#2583,.T.);
#2617=ADVANCED_FACE('',(#2616),#2610,.T.);
#2641=ADVANCED_FACE('',(#2640),#2634,.F.);
#2653=ADVANCED_FACE('',(#2652),#2646,.T.);
#2661=EDGE_CURVE('',#1491,#1489,#1163,.T.);
#2668=ADVANCED_FACE('',(#2667),#2658,.T.);
#2679=EDGE_CURVE('',#1593,#1675,#1191,.T.);
#2681=EDGE_CURVE('',#1675,#1677,#1199,.T.);
#2683=EDGE_CURVE('',#1591,#1677,#1206,.T.);
#2689=ADVANCED_FACE('',(#2688),#2673,.F.);
#2695=EDGE_CURVE('',#1672,#1673,#1213,.T.);
#2697=EDGE_CURVE('',#1672,#1675,#1220,.T.);
#2700=EDGE_CURVE('',#1593,#1688,#1297,.T.);
#2702=EDGE_CURVE('',#1688,#1692,#1276,.T.);
#2704=EDGE_CURVE('',#1692,#1673,#1227,.T.);
#2708=ADVANCED_FACE('',(#2707),#2694,.F.);
#2726=EDGE_CURVE('',#1668,#1669,#1234,.T.);
#2728=EDGE_CURVE('',#1668,#1672,#1314,.T.);
#2731=EDGE_CURVE('',#1669,#1673,#1262,.T.);
#2735=ADVANCED_FACE('',(#2734),#2725,.T.);
#2754=EDGE_CURVE('',#1669,#1693,#1241,.T.);
#2756=EDGE_CURVE('',#1689,#1693,#1248,.T.);
#2758=EDGE_CURVE('',#1689,#1591,#1283,.T.);
#2761=EDGE_CURVE('',#1677,#1668,#1255,.T.);
#2765=ADVANCED_FACE('',(#2764),#2752,.F.);
#2785=EDGE_CURVE('',#1692,#1693,#1269,.T.);
#2790=ADVANCED_FACE('',(#2789),#2782,.F.);
#2808=EDGE_CURVE('',#1688,#1689,#1290,.T.);
#2815=ADVANCED_FACE('',(#2814),#2807,.F.);
#2839=ADVANCED_FACE('',(#2838),#2832,.T.);
#2863=ADVANCED_FACE('',(#2862),#2856,.T.);
#2882=EDGE_CURVE('',#1560,#1544,#1321,.T.);
#2884=EDGE_CURVE('',#1544,#1545,#1336,.T.);
#2886=EDGE_CURVE('',#1561,#1545,#1328,.T.);
#2890=ADVANCED_FACE('',(#2889),#2880,.T.);
#2898=EDGE_CURVE('',#1545,#1544,#1344,.T.);
#2903=ADVANCED_FACE('',(#2902),#2895,.T.);
#2913=ADVANCED_FACE('',(#2912),#2908,.T.);
#2919=EDGE_CURVE('',#1548,#1549,#1352,.T.);
#2921=EDGE_CURVE('',#1549,#1548,#1360,.T.);
#2925=ADVANCED_FACE('',(#2924),#2918,.T.);
#2931=EDGE_CURVE('',#1552,#1553,#1368,.T.);
#2933=EDGE_CURVE('',#1553,#1552,#1376,.T.);
#2937=ADVANCED_FACE('',(#2936),#2930,.T.);
#2943=EDGE_CURVE('',#1556,#1557,#1384,.T.);
#2945=EDGE_CURVE('',#1557,#1556,#1392,.T.);
#2949=ADVANCED_FACE('',(#2948),#2942,.T.);
#2956=EDGE_CURVE('',#1564,#1548,#1399,.T.);
#2959=EDGE_CURVE('',#1565,#1549,#1406,.T.);
#2963=ADVANCED_FACE('',(#2962),#2954,.T.);
#2975=ADVANCED_FACE('',(#2974),#2968,.T.);
#2982=EDGE_CURVE('',#1568,#1552,#1413,.T.);
#2985=EDGE_CURVE('',#1569,#1553,#1420,.T.);
#2989=ADVANCED_FACE('',(#2988),#2980,.T.);
#3001=ADVANCED_FACE('',(#3000),#2994,.T.);
#3008=EDGE_CURVE('',#1572,#1556,#1427,.T.);
#3011=EDGE_CURVE('',#1573,#1557,#1434,.T.);
#3015=ADVANCED_FACE('',(#3014),#3006,.T.);
#3027=ADVANCED_FACE('',(#3026),#3020,.T.);
#3036=(LENGTH_UNIT()NAMED_UNIT(*)SI_UNIT(.MILLI.,.METRE.));
#3037=(NAMED_UNIT(*)PLANE_ANGLE_UNIT()SI_UNIT($,.RADIAN.));
#3040=(NAMED_UNIT(*)SI_UNIT($,.STERADIAN.)SOLID_ANGLE_UNIT());
#3042=(GEOMETRIC_REPRESENTATION_CONTEXT(3)GLOBAL_UNCERTAINTY_ASSIGNED_CONTEXT((
#3041))GLOBAL_UNIT_ASSIGNED_CONTEXT((#3036,#3039,#3040))REPRESENTATION_CONTEXT(
'ID1','3'));
#3046=AXIS2_PLACEMENT_3D('',#3043,#3044,#3045);
#3047=ADVANCED_BREP_SHAPE_REPRESENTATION('',(#3046,#3029),#3042);
#3054=PRODUCT_DEFINITION('part definition','',#3053,#3050);
#3055=PRODUCT_DEFINITION_SHAPE('','SHAPE FOR _000.',#3054);
#3056=SHAPE_ASPECT('','solid data associated with _000',#3055,.F.);
#3057=PROPERTY_DEFINITION('',
'shape for solid data with which properties are associated',#3056);
#3058=SHAPE_REPRESENTATION('',(#3029),#3042);
#3059=SHAPE_DEFINITION_REPRESENTATION(#3057,#3058);
#3060=(LENGTH_UNIT()NAMED_UNIT(*)SI_UNIT(.MILLI.,.METRE.));
#3064=PROPERTY_DEFINITION('geometric validation property','area of _000',#3056);
#3065=REPRESENTATION('surface area',(#3063),#3042);
#3066=PROPERTY_DEFINITION_REPRESENTATION(#3064,#3065);
#3067=(LENGTH_UNIT()NAMED_UNIT(*)SI_UNIT(.MILLI.,.METRE.));
#3071=PROPERTY_DEFINITION('geometric validation property','volume of _000',
#3056);
#3072=REPRESENTATION('volume',(#3070),#3042);
#3073=PROPERTY_DEFINITION_REPRESENTATION(#3071,#3072);
#3075=PROPERTY_DEFINITION('geometric validation property','centroid of _000',
#3056);
#3076=REPRESENTATION('centroid',(#3074),#3042);
#3077=PROPERTY_DEFINITION_REPRESENTATION(#3075,#3076);
#3078=(LENGTH_UNIT()NAMED_UNIT(*)SI_UNIT(.MILLI.,.METRE.));
#3082=PROPERTY_DEFINITION('geometric validation property','area of _000',#3055);
#3083=REPRESENTATION('surface area',(#3081),#3042);
#3084=PROPERTY_DEFINITION_REPRESENTATION(#3082,#3083);
#3085=(LENGTH_UNIT()NAMED_UNIT(*)SI_UNIT(.MILLI.,.METRE.));
#3089=PROPERTY_DEFINITION('geometric validation property','volume of _000',
#3055);
#3090=REPRESENTATION('volume',(#3088),#3042);
#3091=PROPERTY_DEFINITION_REPRESENTATION(#3089,#3090);
#3093=PROPERTY_DEFINITION('geometric validation property','centroid of _000',
#3055);
#3094=REPRESENTATION('centroid',(#3092),#3042);
#3095=PROPERTY_DEFINITION_REPRESENTATION(#3093,#3094);
#3096=SHAPE_DEFINITION_REPRESENTATION(#3055,#3047);
#3097=SHAPE_DEFINITION_REPRESENTATION(#3098,#3099);
#3098=PRODUCT_DEFINITION_SHAPE('','SHAPE FOR 8X10-TG_ASM.',#4529);
#3099=SHAPE_REPRESENTATION('',(#3109,#3611,#3845,#4496,#4509,#4523),#4519);
#3100=NEXT_ASSEMBLY_USAGE_OCCURRENCE('0','Next assembly relationship',
'\X2\8D347247\X0\-\X2\4E0B\X0\',#4529,#3054,$);
#3101=PRODUCT_DEFINITION_SHAPE('Placement #0',
'Placement of _000 with respect to 8X10-TG_ASM',#3100);
#3103=PROPERTY_DEFINITION('geometric validation property',
'centroid of \X2\8D347247\X0\-\X2\4E0B\X0\',#3101);
#3104=REPRESENTATION('centroid',(#3102),#3042);
#3105=PROPERTY_DEFINITION_REPRESENTATION(#3103,#3104);
#3118=CIRCLE('',#3117,4.E0);
#3126=CIRCLE('',#3125,4.E0);
#3134=CIRCLE('',#3133,4.E0);
#3149=CIRCLE('',#3148,4.E0);
#3157=CIRCLE('',#3156,4.E0);
#3172=CIRCLE('',#3171,6.E-1);
#3180=CIRCLE('',#3179,6.E-1);
#3188=CIRCLE('',#3187,4.E0);
#3203=CIRCLE('',#3202,4.E0);
#3211=CIRCLE('',#3210,4.E0);
#3226=CIRCLE('',#3225,1.21212E-1);
#3234=CIRCLE('',#3233,1.21212E-1);
#3242=CIRCLE('',#3241,3.878788E0);
#3250=CIRCLE('',#3249,3.878788E0);
#3258=CIRCLE('',#3257,6.E-1);
#3266=CIRCLE('',#3265,6.E-1);
#3274=CIRCLE('',#3273,3.8E0);
#3282=CIRCLE('',#3281,3.8E0);
#3290=CIRCLE('',#3289,3.8E0);
#3298=CIRCLE('',#3297,3.E-1);
#3306=CIRCLE('',#3305,3.8E0);
#3314=CIRCLE('',#3313,3.E-1);
#3351=EDGE_CURVE('',#3320,#3321,#3118,.T.);
#3353=EDGE_CURVE('',#3321,#3320,#3126,.T.);
#3357=ADVANCED_FACE('',(#3356),#3350,.F.);
#3363=EDGE_CURVE('',#3332,#3333,#3134,.T.);
#3365=EDGE_CURVE('',#3332,#3325,#3141,.T.);
#3367=EDGE_CURVE('',#3324,#3325,#3149,.T.);
#3369=EDGE_CURVE('',#3333,#3324,#3195,.T.);
#3373=ADVANCED_FACE('',(#3372),#3362,.T.);
#3379=EDGE_CURVE('',#3340,#3341,#3157,.T.);
#3381=EDGE_CURVE('',#3321,#3340,#3218,.T.);
#3384=EDGE_CURVE('',#3320,#3341,#3164,.T.);
#3388=ADVANCED_FACE('',(#3387),#3378,.T.);
#3395=EDGE_CURVE('',#3333,#3337,#3180,.T.);
#3397=EDGE_CURVE('',#3336,#3337,#3274,.T.);
#3399=EDGE_CURVE('',#3332,#3336,#3172,.T.);
#3403=ADVANCED_FACE('',(#3402),#3393,.T.);
#3409=EDGE_CURVE('',#3333,#3332,#3188,.T.);
#3412=EDGE_CURVE('',#3337,#3336,#3290,.T.);
#3417=ADVANCED_FACE('',(#3416),#3408,.T.);
#3425=EDGE_CURVE('',#3325,#3324,#3203,.T.);
#3430=ADVANCED_FACE('',(#3429),#3422,.T.);
#3436=EDGE_CURVE('',#3341,#3340,#3211,.T.);
#3443=ADVANCED_FACE('',(#3442),#3435,.T.);
#3450=EDGE_CURVE('',#3324,#3328,#3234,.T.);
#3452=EDGE_CURVE('',#3329,#3328,#3250,.T.);
#3454=EDGE_CURVE('',#3325,#3329,#3226,.T.);
#3458=ADVANCED_FACE('',(#3457),#3448,.T.);
#3466=EDGE_CURVE('',#3328,#3329,#3242,.T.);
#3471=ADVANCED_FACE('',(#3470),#3463,.T.);
#3481=ADVANCED_FACE('',(#3480),#3476,.T.);
#3488=EDGE_CURVE('',#3340,#3344,#3266,.T.);
#3490=EDGE_CURVE('',#3345,#3344,#3306,.T.);
#3492=EDGE_CURVE('',#3341,#3345,#3258,.T.);
#3496=ADVANCED_FACE('',(#3495),#3486,.T.);
#3504=EDGE_CURVE('',#3344,#3345,#3282,.T.);
#3509=ADVANCED_FACE('',(#3508),#3501,.T.);
#3516=EDGE_CURVE('',#3344,#3337,#3314,.T.);
#3519=EDGE_CURVE('',#3345,#3336,#3298,.T.);
#3523=ADVANCED_FACE('',(#3522),#3514,.F.);
#3535=ADVANCED_FACE('',(#3534),#3528,.F.);
#3544=(LENGTH_UNIT()NAMED_UNIT(*)SI_UNIT(.MILLI.,.METRE.));
#3545=(NAMED_UNIT(*)PLANE_ANGLE_UNIT()SI_UNIT($,.RADIAN.));
#3548=(NAMED_UNIT(*)SI_UNIT($,.STERADIAN.)SOLID_ANGLE_UNIT());
#3550=(GEOMETRIC_REPRESENTATION_CONTEXT(3)GLOBAL_UNCERTAINTY_ASSIGNED_CONTEXT((
#3549))GLOBAL_UNIT_ASSIGNED_CONTEXT((#3544,#3547,#3548))REPRESENTATION_CONTEXT(
'ID2','3'));
#3554=AXIS2_PLACEMENT_3D('',#3551,#3552,#3553);
#3555=ADVANCED_BREP_SHAPE_REPRESENTATION('',(#3554,#3537),#3550);
#3559=PRODUCT_DEFINITION('part definition','',#3558,#3050);
#3560=PRODUCT_DEFINITION_SHAPE('','SHAPE FOR _-TG000.',#3559);
#3561=SHAPE_ASPECT('','solid data associated with _-TG000',#3560,.F.);
#3562=PROPERTY_DEFINITION('',
'shape for solid data with which properties are associated',#3561);
#3563=SHAPE_REPRESENTATION('',(#3537),#3550);
#3564=SHAPE_DEFINITION_REPRESENTATION(#3562,#3563);
#3565=(LENGTH_UNIT()NAMED_UNIT(*)SI_UNIT(.MILLI.,.METRE.));
#3569=PROPERTY_DEFINITION('geometric validation property','area of _-TG000',
#3561);
#3570=REPRESENTATION('surface area',(#3568),#3550);
#3571=PROPERTY_DEFINITION_REPRESENTATION(#3569,#3570);
#3572=(LENGTH_UNIT()NAMED_UNIT(*)SI_UNIT(.MILLI.,.METRE.));
#3576=PROPERTY_DEFINITION('geometric validation property','volume of _-TG000',
#3561);
#3577=REPRESENTATION('volume',(#3575),#3550);
#3578=PROPERTY_DEFINITION_REPRESENTATION(#3576,#3577);
#3580=PROPERTY_DEFINITION('geometric validation property','centroid of _-TG000',
#3561);
#3581=REPRESENTATION('centroid',(#3579),#3550);
#3582=PROPERTY_DEFINITION_REPRESENTATION(#3580,#3581);
#3583=(LENGTH_UNIT()NAMED_UNIT(*)SI_UNIT(.MILLI.,.METRE.));
#3587=PROPERTY_DEFINITION('geometric validation property','area of _-TG000',
#3560);
#3588=REPRESENTATION('surface area',(#3586),#3550);
#3589=PROPERTY_DEFINITION_REPRESENTATION(#3587,#3588);
#3590=(LENGTH_UNIT()NAMED_UNIT(*)SI_UNIT(.MILLI.,.METRE.));
#3594=PROPERTY_DEFINITION('geometric validation property','volume of _-TG000',
#3560);
#3595=REPRESENTATION('volume',(#3593),#3550);
#3596=PROPERTY_DEFINITION_REPRESENTATION(#3594,#3595);
#3598=PROPERTY_DEFINITION('geometric validation property','centroid of _-TG000',
#3560);
#3599=REPRESENTATION('centroid',(#3597),#3550);
#3600=PROPERTY_DEFINITION_REPRESENTATION(#3598,#3599);
#3601=SHAPE_DEFINITION_REPRESENTATION(#3560,#3555);
#3602=NEXT_ASSEMBLY_USAGE_OCCURRENCE('1','Next assembly relationship',
'\X2\8D347247\X0\-\X2\4E0A\X0\-TG',#4529,#3559,$);
#3603=PRODUCT_DEFINITION_SHAPE('Placement #1',
'Placement of _-TG000 with respect to 8X10-TG_ASM',#3602);
#3605=PROPERTY_DEFINITION('geometric validation property',
'centroid of \X2\8D347247\X0\-\X2\4E0A\X0\-TG',#3603);
#3606=REPRESENTATION('centroid',(#3604),#3550);
#3607=PROPERTY_DEFINITION_REPRESENTATION(#3605,#3606);
#3615=COLOUR_RGB('',7.E-2,7.E-2,1.1E-1);
#3620=CIRCLE('',#3619,4.E0);
#3629=CIRCLE('',#3628,4.005E0);
#3654=CIRCLE('',#3653,4.E0);
#3663=CIRCLE('',#3662,4.005E0);
#3689=EDGE_CURVE('',#3670,#3671,#3620,.T.);
#3691=EDGE_CURVE('',#3671,#3673,#3624,.T.);
#3693=EDGE_CURVE('',#3673,#3675,#3629,.T.);
#3695=EDGE_CURVE('',#3675,#3670,#3633,.T.);
#3699=ADVANCED_FACE('',(#3698),#3688,.F.);
#3706=EDGE_CURVE('',#3670,#3678,#3637,.T.);
#3708=EDGE_CURVE('',#3678,#3679,#3654,.T.);
#3710=EDGE_CURVE('',#3671,#3679,#3649,.T.);
#3714=ADVANCED_FACE('',(#3713),#3704,.F.);
#3721=EDGE_CURVE('',#3675,#3683,#3641,.T.);
#3723=EDGE_CURVE('',#3683,#3678,#3658,.T.);
#3728=ADVANCED_FACE('',(#3727),#3719,.T.);
#3735=EDGE_CURVE('',#3673,#3681,#3645,.T.);
#3737=EDGE_CURVE('',#3681,#3683,#3663,.T.);
#3742=ADVANCED_FACE('',(#3741),#3733,.T.);
#3757=EDGE_CURVE('',#3679,#3681,#3667,.T.);
#3762=ADVANCED_FACE('',(#3761),#3754,.T.);
#3774=ADVANCED_FACE('',(#3773),#3767,.T.);
#3777=(LENGTH_UNIT()NAMED_UNIT(*)SI_UNIT(.MILLI.,.METRE.));
#3778=(NAMED_UNIT(*)PLANE_ANGLE_UNIT()SI_UNIT($,.RADIAN.));
#3781=(NAMED_UNIT(*)SI_UNIT($,.STERADIAN.)SOLID_ANGLE_UNIT());
#3783=(GEOMETRIC_REPRESENTATION_CONTEXT(3)GLOBAL_UNCERTAINTY_ASSIGNED_CONTEXT((
#3782))GLOBAL_UNIT_ASSIGNED_CONTEXT((#3777,#3780,#3781))REPRESENTATION_CONTEXT(
'ID3','3'));
#3787=AXIS2_PLACEMENT_3D('',#3784,#3785,#3786);
#3788=ADVANCED_BREP_SHAPE_REPRESENTATION('',(#3787,#3776),#3783);
#3793=PRODUCT_DEFINITION('part definition','',#3792,#3789);
#3794=PRODUCT_DEFINITION_SHAPE('','SHAPE FOR FJB.',#3793);
#3795=SHAPE_ASPECT('','solid data associated with FJB',#3794,.F.);
#3796=PROPERTY_DEFINITION('',
'shape for solid data with which properties are associated',#3795);
#3797=SHAPE_REPRESENTATION('',(#3776),#3783);
#3798=SHAPE_DEFINITION_REPRESENTATION(#3796,#3797);
#3799=(LENGTH_UNIT()NAMED_UNIT(*)SI_UNIT(.MILLI.,.METRE.));
#3803=PROPERTY_DEFINITION('geometric validation property','area of FJB',#3795);
#3804=REPRESENTATION('surface area',(#3802),#3783);
#3805=PROPERTY_DEFINITION_REPRESENTATION(#3803,#3804);
#3806=(LENGTH_UNIT()NAMED_UNIT(*)SI_UNIT(.MILLI.,.METRE.));
#3810=PROPERTY_DEFINITION('geometric validation property','volume of FJB',
#3795);
#3811=REPRESENTATION('volume',(#3809),#3783);
#3812=PROPERTY_DEFINITION_REPRESENTATION(#3810,#3811);
#3814=PROPERTY_DEFINITION('geometric validation property','centroid of FJB',
#3795);
#3815=REPRESENTATION('centroid',(#3813),#3783);
#3816=PROPERTY_DEFINITION_REPRESENTATION(#3814,#3815);
#3817=(LENGTH_UNIT()NAMED_UNIT(*)SI_UNIT(.MILLI.,.METRE.));
#3821=PROPERTY_DEFINITION('geometric validation property','area of FJB',#3794);
#3822=REPRESENTATION('surface area',(#3820),#3783);
#3823=PROPERTY_DEFINITION_REPRESENTATION(#3821,#3822);
#3824=(LENGTH_UNIT()NAMED_UNIT(*)SI_UNIT(.MILLI.,.METRE.));
#3828=PROPERTY_DEFINITION('geometric validation property','volume of FJB',
#3794);
#3829=REPRESENTATION('volume',(#3827),#3783);
#3830=PROPERTY_DEFINITION_REPRESENTATION(#3828,#3829);
#3832=PROPERTY_DEFINITION('geometric validation property','centroid of FJB',
#3794);
#3833=REPRESENTATION('centroid',(#3831),#3783);
#3834=PROPERTY_DEFINITION_REPRESENTATION(#3832,#3833);
#3835=SHAPE_DEFINITION_REPRESENTATION(#3794,#3788);
#3836=NEXT_ASSEMBLY_USAGE_OCCURRENCE('2','Next assembly relationship','FJB',
#4529,#3793,$);
#3837=PRODUCT_DEFINITION_SHAPE('Placement #2',
'Placement of FJB with respect to 8X10-TG_ASM',#3836);
#3839=PROPERTY_DEFINITION('geometric validation property','centroid of FJB',
#3837);
#3840=REPRESENTATION('centroid',(#3838),#3783);
#3841=PROPERTY_DEFINITION_REPRESENTATION(#3839,#3840);
#3853=CIRCLE('',#3852,5.55E-1);
#3862=CIRCLE('',#3861,5.55E-1);
#3871=CIRCLE('',#3870,5.55E-1);
#3880=CIRCLE('',#3879,5.55E-1);
#3893=CIRCLE('',#3892,3.375E-1);
#3902=CIRCLE('',#3901,3.375E-1);
#3911=CIRCLE('',#3910,3.375E-1);
#3920=CIRCLE('',#3919,3.375E-1);
#3957=CIRCLE('',#3956,5.55E-1);
#3966=CIRCLE('',#3965,5.55E-1);
#3975=CIRCLE('',#3974,5.55E-1);
#3984=CIRCLE('',#3983,5.55E-1);
#3997=CIRCLE('',#3996,3.375E-1);
#4006=CIRCLE('',#4005,3.375E-1);
#4015=CIRCLE('',#4014,3.375E-1);
#4024=CIRCLE('',#4023,3.375E-1);
#4126=EDGE_CURVE('',#4059,#4060,#3853,.T.);
#4128=EDGE_CURVE('',#4060,#4062,#3857,.T.);
#4130=EDGE_CURVE('',#4062,#4064,#3862,.T.);
#4132=EDGE_CURVE('',#4064,#4066,#3866,.T.);
#4134=EDGE_CURVE('',#4066,#4068,#3871,.T.);
#4136=EDGE_CURVE('',#4068,#4070,#3875,.T.);
#4138=EDGE_CURVE('',#4070,#4072,#3880,.T.);
#4140=EDGE_CURVE('',#4072,#4059,#3884,.T.);
#4144=EDGE_CURVE('',#4075,#4076,#3888,.T.);
#4146=EDGE_CURVE('',#4076,#4078,#3893,.T.);
#4148=EDGE_CURVE('',#4078,#4080,#3897,.T.);
#4150=EDGE_CURVE('',#4080,#4082,#3902,.T.);
#4152=EDGE_CURVE('',#4082,#4084,#3906,.T.);
#4154=EDGE_CURVE('',#4084,#4086,#3911,.T.);
#4156=EDGE_CURVE('',#4086,#4088,#3915,.T.);
#4158=EDGE_CURVE('',#4088,#4075,#3920,.T.);
#4162=ADVANCED_FACE('',(#4143,#4161),#4125,.F.);
#4176=EDGE_CURVE('',#4059,#4091,#3924,.T.);
#4178=EDGE_CURVE('',#4091,#4092,#3957,.T.);
#4180=EDGE_CURVE('',#4060,#4092,#3952,.T.);
#4184=ADVANCED_FACE('',(#4183),#4174,.T.);
#4191=EDGE_CURVE('',#4072,#4104,#3928,.T.);
#4193=EDGE_CURVE('',#4104,#4091,#3961,.T.);
#4198=ADVANCED_FACE('',(#4197),#4189,.T.);
#4205=EDGE_CURVE('',#4070,#4102,#3932,.T.);
#4207=EDGE_CURVE('',#4102,#4104,#3966,.T.);
#4212=ADVANCED_FACE('',(#4211),#4203,.T.);
#4219=EDGE_CURVE('',#4068,#4100,#3936,.T.);
#4221=EDGE_CURVE('',#4100,#4102,#3970,.T.);
#4226=ADVANCED_FACE('',(#4225),#4217,.T.);
#4233=EDGE_CURVE('',#4066,#4098,#3940,.T.);
#4235=EDGE_CURVE('',#4098,#4100,#3975,.T.);
#4240=ADVANCED_FACE('',(#4239),#4231,.T.);
#4247=EDGE_CURVE('',#4064,#4096,#3944,.T.);
#4249=EDGE_CURVE('',#4096,#4098,#3979,.T.);
#4254=ADVANCED_FACE('',(#4253),#4245,.T.);
#4261=EDGE_CURVE('',#4062,#4094,#3948,.T.);
#4263=EDGE_CURVE('',#4094,#4096,#3984,.T.);
#4268=ADVANCED_FACE('',(#4267),#4259,.T.);
#4276=EDGE_CURVE('',#4092,#4094,#3988,.T.);
#4281=ADVANCED_FACE('',(#4280),#4273,.T.);
#4297=EDGE_CURVE('',#4107,#4108,#3992,.T.);
#4299=EDGE_CURVE('',#4120,#4107,#3997,.T.);
#4301=EDGE_CURVE('',#4118,#4120,#4001,.T.);
#4303=EDGE_CURVE('',#4116,#4118,#4006,.T.);
#4305=EDGE_CURVE('',#4114,#4116,#4010,.T.);
#4307=EDGE_CURVE('',#4112,#4114,#4015,.T.);
#4309=EDGE_CURVE('',#4110,#4112,#4019,.T.);
#4311=EDGE_CURVE('',#4108,#4110,#4024,.T.);
#4315=ADVANCED_FACE('',(#4296,#4314),#4286,.T.);
#4329=EDGE_CURVE('',#4075,#4107,#4028,.T.);
#4332=EDGE_CURVE('',#4076,#4108,#4056,.T.);
#4336=ADVANCED_FACE('',(#4335),#4327,.T.);
#4343=EDGE_CURVE('',#4088,#4120,#4032,.T.);
#4349=ADVANCED_FACE('',(#4348),#4341,.F.);
#4356=EDGE_CURVE('',#4086,#4118,#4036,.T.);
#4362=ADVANCED_FACE('',(#4361),#4354,.T.);
#4369=EDGE_CURVE('',#4084,#4116,#4040,.T.);
#4375=ADVANCED_FACE('',(#4374),#4367,.F.);
#4382=EDGE_CURVE('',#4082,#4114,#4044,.T.);
#4388=ADVANCED_FACE('',(#4387),#4380,.T.);
#4395=EDGE_CURVE('',#4080,#4112,#4048,.T.);
#4401=ADVANCED_FACE('',(#4400),#4393,.F.);
#4408=EDGE_CURVE('',#4078,#4110,#4052,.T.);
#4414=ADVANCED_FACE('',(#4413),#4406,.T.);
#4426=ADVANCED_FACE('',(#4425),#4419,.F.);
#4429=(LENGTH_UNIT()NAMED_UNIT(*)SI_UNIT(.MILLI.,.METRE.));
#4430=(NAMED_UNIT(*)PLANE_ANGLE_UNIT()SI_UNIT($,.RADIAN.));
#4433=(NAMED_UNIT(*)SI_UNIT($,.STERADIAN.)SOLID_ANGLE_UNIT());
#4435=(GEOMETRIC_REPRESENTATION_CONTEXT(3)GLOBAL_UNCERTAINTY_ASSIGNED_CONTEXT((
#4434))GLOBAL_UNIT_ASSIGNED_CONTEXT((#4429,#4432,#4433))REPRESENTATION_CONTEXT(
'ID4','3'));
#4439=AXIS2_PLACEMENT_3D('',#4436,#4437,#4438);
#4440=ADVANCED_BREP_SHAPE_REPRESENTATION('',(#4439,#4428),#4435);
#4444=PRODUCT_DEFINITION('part definition','',#4443,#3789);
#4445=PRODUCT_DEFINITION_SHAPE('','SHAPE FOR YUAN.',#4444);
#4446=SHAPE_ASPECT('','solid data associated with YUAN',#4445,.F.);
#4447=PROPERTY_DEFINITION('',
'shape for solid data with which properties are associated',#4446);
#4448=SHAPE_REPRESENTATION('',(#4428),#4435);
#4449=SHAPE_DEFINITION_REPRESENTATION(#4447,#4448);
#4450=(LENGTH_UNIT()NAMED_UNIT(*)SI_UNIT(.MILLI.,.METRE.));
#4454=PROPERTY_DEFINITION('geometric validation property','area of YUAN',#4446);
#4455=REPRESENTATION('surface area',(#4453),#4435);
#4456=PROPERTY_DEFINITION_REPRESENTATION(#4454,#4455);
#4457=(LENGTH_UNIT()NAMED_UNIT(*)SI_UNIT(.MILLI.,.METRE.));
#4461=PROPERTY_DEFINITION('geometric validation property','volume of YUAN',
#4446);
#4462=REPRESENTATION('volume',(#4460),#4435);
#4463=PROPERTY_DEFINITION_REPRESENTATION(#4461,#4462);
#4465=PROPERTY_DEFINITION('geometric validation property','centroid of YUAN',
#4446);
#4466=REPRESENTATION('centroid',(#4464),#4435);
#4467=PROPERTY_DEFINITION_REPRESENTATION(#4465,#4466);
#4468=(LENGTH_UNIT()NAMED_UNIT(*)SI_UNIT(.MILLI.,.METRE.));
#4472=PROPERTY_DEFINITION('geometric validation property','area of YUAN',#4445);
#4473=REPRESENTATION('surface area',(#4471),#4435);
#4474=PROPERTY_DEFINITION_REPRESENTATION(#4472,#4473);
#4475=(LENGTH_UNIT()NAMED_UNIT(*)SI_UNIT(.MILLI.,.METRE.));
#4479=PROPERTY_DEFINITION('geometric validation property','volume of YUAN',
#4445);
#4480=REPRESENTATION('volume',(#4478),#4435);
#4481=PROPERTY_DEFINITION_REPRESENTATION(#4479,#4480);
#4483=PROPERTY_DEFINITION('geometric validation property','centroid of YUAN',
#4445);
#4484=REPRESENTATION('centroid',(#4482),#4435);
#4485=PROPERTY_DEFINITION_REPRESENTATION(#4483,#4484);
#4486=SHAPE_DEFINITION_REPRESENTATION(#4445,#4440);
#4487=NEXT_ASSEMBLY_USAGE_OCCURRENCE('3','Next assembly relationship','YUAN',
#4529,#4444,$);
#4488=PRODUCT_DEFINITION_SHAPE('Placement #3',
'Placement of YUAN with respect to 8X10-TG_ASM',#4487);
#4490=PROPERTY_DEFINITION('geometric validation property','centroid of YUAN',
#4488);
#4491=REPRESENTATION('centroid',(#4489),#4435);
#4492=PROPERTY_DEFINITION_REPRESENTATION(#4490,#4491);
#4500=NEXT_ASSEMBLY_USAGE_OCCURRENCE('4','Next assembly relationship','YUAN',
#4529,#4444,$);
#4501=PRODUCT_DEFINITION_SHAPE('Placement #4',
'Placement of YUAN with respect to 8X10-TG_ASM',#4500);
#4503=PROPERTY_DEFINITION('geometric validation property','centroid of YUAN',
#4501);
#4504=REPRESENTATION('centroid',(#4502),#4435);
#4505=PROPERTY_DEFINITION_REPRESENTATION(#4503,#4504);
#4513=(LENGTH_UNIT()NAMED_UNIT(*)SI_UNIT(.MILLI.,.METRE.));
#4514=(NAMED_UNIT(*)PLANE_ANGLE_UNIT()SI_UNIT($,.RADIAN.));
#4517=(NAMED_UNIT(*)SI_UNIT($,.STERADIAN.)SOLID_ANGLE_UNIT());
#4519=(GEOMETRIC_REPRESENTATION_CONTEXT(3)GLOBAL_UNCERTAINTY_ASSIGNED_CONTEXT((
#4518))GLOBAL_UNIT_ASSIGNED_CONTEXT((#4513,#4516,#4517))REPRESENTATION_CONTEXT(
'ID5','3'));
#4523=AXIS2_PLACEMENT_3D('',#4520,#4521,#4522);
#4529=PRODUCT_DEFINITION('part definition','',#4528,#4525);
#4530=(LENGTH_UNIT()NAMED_UNIT(*)SI_UNIT(.MILLI.,.METRE.));
#4534=PROPERTY_DEFINITION('geometric validation property','area of 8X10-TG_ASM',
#3098);
#4535=REPRESENTATION('surface area',(#4533),#4519);
#4536=PROPERTY_DEFINITION_REPRESENTATION(#4534,#4535);
#4537=(LENGTH_UNIT()NAMED_UNIT(*)SI_UNIT(.MILLI.,.METRE.));
#4541=PROPERTY_DEFINITION('geometric validation property',
'volume of 8X10-TG_ASM',#3098);
#4542=REPRESENTATION('volume',(#4540),#4519);
#4543=PROPERTY_DEFINITION_REPRESENTATION(#4541,#4542);
#4545=PROPERTY_DEFINITION('geometric validation property',
'centroid of 8X10-TG_ASM',#3098);
#4546=REPRESENTATION('centroid',(#4544),#4519);
#4547=PROPERTY_DEFINITION_REPRESENTATION(#4545,#4546);
ENDSEC;
END-ISO-10303-21;
