ISO-10303-21;
HEADER;
FILE_DESCRIPTION((''),'2;1');
FILE_NAME('EW6_1000UF_600V_64X105_ASM','2026-06-12T14:14:52',('Administrator'),(
''),'CREO PARAMETRIC BY PTC INC, 2023134','CREO PARAMETRIC BY PTC INC, 2023134',
'');
FILE_SCHEMA(('AUTOMOTIVE_DESIGN { 1 0 10303 214 1 1 1 1 }'));
ENDSEC;
DATA;
#327=DIRECTION('',(9.335804264972E-1,0.E0,3.583679495453E-1));
#328=VECTOR('',#327,6.5E0);
#329=CARTESIAN_POINT('',(-4.667902132486E1,1.025E2,-1.791839747727E1));
#330=LINE('',#329,#328);
#331=DRAUGHTING_PRE_DEFINED_CURVE_FONT('continuous');
#332=CURVE_STYLE('',#331,POSITIVE_LENGTH_MEASURE(2.E-2),#323);
#333=PRESENTATION_STYLE_ASSIGNMENT((#332));
#334=STYLED_ITEM('',(#333),#330);
#335=DIRECTION('',(9.335804264972E-1,0.E0,-3.583679495453E-1));
#336=VECTOR('',#335,6.5E0);
#337=CARTESIAN_POINT('',(-4.667902132486E1,1.025E2,1.791839747727E1));
#338=LINE('',#337,#336);
#339=CURVE_STYLE('',#331,POSITIVE_LENGTH_MEASURE(2.E-2),#323);
#340=PRESENTATION_STYLE_ASSIGNMENT((#339));
#341=STYLED_ITEM('',(#340),#338);
#342=DIRECTION('',(9.335804264972E-1,0.E0,3.583679495453E-1));
#343=VECTOR('',#342,6.5E0);
#344=CARTESIAN_POINT('',(-4.667902132486E1,1.024E2,-1.791839747727E1));
#345=LINE('',#344,#343);
#346=CURVE_STYLE('',#331,POSITIVE_LENGTH_MEASURE(2.E-2),#323);
#347=PRESENTATION_STYLE_ASSIGNMENT((#346));
#348=STYLED_ITEM('',(#347),#345);
#349=CARTESIAN_POINT('',(-4.667902132486E1,1.02E2,-1.791839747727E1));
#350=DIRECTION('',(3.583679495453E-1,0.E0,-9.335804264972E-1));
#351=DIRECTION('',(-9.335804264839E-1,5.331106933681E-6,-3.583679495402E-1));
#352=AXIS2_PLACEMENT_3D('',#349,#350,#351);
#354=CURVE_STYLE('',#331,POSITIVE_LENGTH_MEASURE(2.E-2),#323);
#355=PRESENTATION_STYLE_ASSIGNMENT((#354));
#356=STYLED_ITEM('',(#355),#353);
#357=DIRECTION('',(0.E0,1.E0,-2.131625176901E-14));
#358=VECTOR('',#357,5.000007108143E-1);
#359=CARTESIAN_POINT('',(-4.705245349546E1,1.015E2,-1.806174465708E1));
#360=LINE('',#359,#358);
#361=CURVE_STYLE('',#331,POSITIVE_LENGTH_MEASURE(2.E-2),#323);
#362=PRESENTATION_STYLE_ASSIGNMENT((#361));
#363=STYLED_ITEM('',(#362),#360);
#364=CARTESIAN_POINT('',(-4.667902132486E1,1.015E2,-1.791839747727E1));
#365=DIRECTION('',(3.583679495453E-1,0.E0,-9.335804264972E-1));
#366=DIRECTION('',(-5.601482558984E-1,-7.999999999999E-1,-2.150207697272E-1));
#367=AXIS2_PLACEMENT_3D('',#364,#365,#366);
#369=CURVE_STYLE('',#331,POSITIVE_LENGTH_MEASURE(2.E-2),#323);
#370=PRESENTATION_STYLE_ASSIGNMENT((#369));
#371=STYLED_ITEM('',(#370),#368);
#372=CARTESIAN_POINT('',(-4.737920664473E1,1.005E2,-1.818717343942E1));
#373=DIRECTION('',(-3.583679495453E-1,0.E0,9.335804264972E-1));
#374=DIRECTION('',(5.601482558983E-1,-8.E-1,2.150207697272E-1));
#375=AXIS2_PLACEMENT_3D('',#372,#373,#374);
#377=CURVE_STYLE('',#331,POSITIVE_LENGTH_MEASURE(2.E-2),#323);
#378=PRESENTATION_STYLE_ASSIGNMENT((#377));
#379=STYLED_ITEM('',(#378),#376);
#380=CARTESIAN_POINT('',(-4.667902132486E1,9.95E1,-1.791839747727E1));
#381=DIRECTION('',(3.583679495453E-1,0.E0,-9.335804264972E-1));
#382=DIRECTION('',(-9.335804264972E-1,7.105427357601E-14,-3.583679495453E-1));
#383=AXIS2_PLACEMENT_3D('',#380,#381,#382);
#385=CURVE_STYLE('',#331,POSITIVE_LENGTH_MEASURE(2.E-2),#323);
#386=PRESENTATION_STYLE_ASSIGNMENT((#385));
#387=STYLED_ITEM('',(#386),#384);
#388=DIRECTION('',(0.E0,1.E0,0.E0));
#389=VECTOR('',#388,2.015E2);
#390=CARTESIAN_POINT('',(-4.705245349546E1,-1.02E2,-1.806174465708E1));
#391=LINE('',#390,#389);
#392=CURVE_STYLE('',#331,POSITIVE_LENGTH_MEASURE(2.E-2),#323);
#393=PRESENTATION_STYLE_ASSIGNMENT((#392));
#394=STYLED_ITEM('',(#393),#391);
#395=CARTESIAN_POINT('',(-4.667902132486E1,-1.02E2,-1.791839747727E1));
#396=DIRECTION('',(3.583679495453E-1,0.E0,-9.335804264972E-1));
#397=DIRECTION('',(0.E0,-1.E0,0.E0));
#398=AXIS2_PLACEMENT_3D('',#395,#396,#397);
#400=CURVE_STYLE('',#331,POSITIVE_LENGTH_MEASURE(2.E-2),#323);
#401=PRESENTATION_STYLE_ASSIGNMENT((#400));
#402=STYLED_ITEM('',(#401),#399);
#403=DIRECTION('',(-9.335804264972E-1,0.E0,-3.583679495453E-1));
#404=VECTOR('',#403,4.5E0);
#405=CARTESIAN_POINT('',(-4.247790940562E1,-1.024E2,-1.630574170431E1));
#406=LINE('',#405,#404);
#407=CURVE_STYLE('',#331,POSITIVE_LENGTH_MEASURE(2.E-2),#323);
#408=PRESENTATION_STYLE_ASSIGNMENT((#407));
#409=STYLED_ITEM('',(#408),#406);
#410=CARTESIAN_POINT('',(0.E0,1.024E2,-1.881057483490E-14));
#411=DIRECTION('',(0.E0,-1.E0,0.E0));
#412=DIRECTION('',(-9.335804264972E-1,0.E0,-3.583679495453E-1));
#413=AXIS2_PLACEMENT_3D('',#410,#411,#412);
#415=CURVE_STYLE('',#331,POSITIVE_LENGTH_MEASURE(2.E-2),#323);
#416=PRESENTATION_STYLE_ASSIGNMENT((#415));
#417=STYLED_ITEM('',(#416),#414);
#418=DIRECTION('',(0.E0,-1.E0,0.E0));
#419=VECTOR('',#418,1.E-1);
#420=CARTESIAN_POINT('',(-4.061074855263E1,1.025E2,-1.558900580522E1));
#421=LINE('',#420,#419);
#422=CURVE_STYLE('',#331,POSITIVE_LENGTH_MEASURE(2.E-2),#323);
#423=PRESENTATION_STYLE_ASSIGNMENT((#422));
#424=STYLED_ITEM('',(#423),#421);
#425=CARTESIAN_POINT('',(0.E0,1.025E2,-1.882894453689E-14));
#426=DIRECTION('',(0.E0,-1.E0,0.E0));
#427=DIRECTION('',(-9.335804264972E-1,0.E0,-3.583679495453E-1));
#428=AXIS2_PLACEMENT_3D('',#425,#426,#427);
#430=CURVE_STYLE('',#331,POSITIVE_LENGTH_MEASURE(2.E-2),#323);
#431=PRESENTATION_STYLE_ASSIGNMENT((#430));
#432=STYLED_ITEM('',(#431),#429);
#433=DIRECTION('',(0.E0,-1.E0,-7.105427357600E-14));
#434=VECTOR('',#433,1.E-1);
#435=CARTESIAN_POINT('',(-4.061074855263E1,1.025E2,1.558900580522E1));
#436=LINE('',#435,#434);
#437=CURVE_STYLE('',#331,POSITIVE_LENGTH_MEASURE(2.E-2),#323);
#438=PRESENTATION_STYLE_ASSIGNMENT((#437));
#439=STYLED_ITEM('',(#438),#436);
#440=DIRECTION('',(9.335804264972E-1,0.E0,-3.583679495453E-1));
#441=VECTOR('',#440,6.5E0);
#442=CARTESIAN_POINT('',(-4.667902132486E1,1.024E2,1.791839747727E1));
#443=LINE('',#442,#441);
#444=CURVE_STYLE('',#331,POSITIVE_LENGTH_MEASURE(2.E-2),#323);
#445=PRESENTATION_STYLE_ASSIGNMENT((#444));
#446=STYLED_ITEM('',(#445),#443);
#447=DIRECTION('',(-9.335804264972E-1,0.E0,3.583679495453E-1));
#448=VECTOR('',#447,4.5E0);
#449=CARTESIAN_POINT('',(-4.247790940562E1,-1.024E2,1.630574170431E1));
#450=LINE('',#449,#448);
#451=CURVE_STYLE('',#331,POSITIVE_LENGTH_MEASURE(2.E-2),#323);
#452=PRESENTATION_STYLE_ASSIGNMENT((#451));
#453=STYLED_ITEM('',(#452),#450);
#454=CARTESIAN_POINT('',(-4.667902132486E1,-1.02E2,1.791839747727E1));
#455=DIRECTION('',(-3.583679495453E-1,0.E0,-9.335804264972E-1));
#456=DIRECTION('',(0.E0,-1.E0,0.E0));
#457=AXIS2_PLACEMENT_3D('',#454,#455,#456);
#459=CURVE_STYLE('',#331,POSITIVE_LENGTH_MEASURE(2.E-2),#323);
#460=PRESENTATION_STYLE_ASSIGNMENT((#459));
#461=STYLED_ITEM('',(#460),#458);
#462=DIRECTION('',(0.E0,1.E0,0.E0));
#463=VECTOR('',#462,2.015E2);
#464=CARTESIAN_POINT('',(-4.705245349546E1,-1.02E2,1.806174465708E1));
#465=LINE('',#464,#463);
#466=CURVE_STYLE('',#331,POSITIVE_LENGTH_MEASURE(2.E-2),#323);
#467=PRESENTATION_STYLE_ASSIGNMENT((#466));
#468=STYLED_ITEM('',(#467),#465);
#469=CARTESIAN_POINT('',(-4.667902132486E1,9.95E1,1.791839747727E1));
#470=DIRECTION('',(-3.583679495453E-1,0.E0,-9.335804264972E-1));
#471=DIRECTION('',(-9.335804264972E-1,7.105427357601E-14,3.583679495453E-1));
#472=AXIS2_PLACEMENT_3D('',#469,#470,#471);
#474=CURVE_STYLE('',#331,POSITIVE_LENGTH_MEASURE(2.E-2),#323);
#475=PRESENTATION_STYLE_ASSIGNMENT((#474));
#476=STYLED_ITEM('',(#475),#473);
#477=CARTESIAN_POINT('',(-4.737920664473E1,1.005E2,1.818717343942E1));
#478=DIRECTION('',(3.583679495453E-1,0.E0,9.335804264972E-1));
#479=DIRECTION('',(5.601482558983E-1,-8.E-1,-2.150207697272E-1));
#480=AXIS2_PLACEMENT_3D('',#477,#478,#479);
#482=CURVE_STYLE('',#331,POSITIVE_LENGTH_MEASURE(2.E-2),#323);
#483=PRESENTATION_STYLE_ASSIGNMENT((#482));
#484=STYLED_ITEM('',(#483),#481);
#485=CARTESIAN_POINT('',(-4.667902132486E1,1.015E2,1.791839747727E1));
#486=DIRECTION('',(-3.583679495453E-1,0.E0,-9.335804264972E-1));
#487=DIRECTION('',(-5.601482558984E-1,-7.999999999999E-1,2.150207697272E-1));
#488=AXIS2_PLACEMENT_3D('',#485,#486,#487);
#490=CURVE_STYLE('',#331,POSITIVE_LENGTH_MEASURE(2.E-2),#323);
#491=PRESENTATION_STYLE_ASSIGNMENT((#490));
#492=STYLED_ITEM('',(#491),#489);
#493=DIRECTION('',(0.E0,1.E0,0.E0));
#494=VECTOR('',#493,5.000007108142E-1);
#495=CARTESIAN_POINT('',(-4.705245349546E1,1.015E2,1.806174465708E1));
#496=LINE('',#495,#494);
#497=CURVE_STYLE('',#331,POSITIVE_LENGTH_MEASURE(2.E-2),#323);
#498=PRESENTATION_STYLE_ASSIGNMENT((#497));
#499=STYLED_ITEM('',(#498),#496);
#500=CARTESIAN_POINT('',(-4.667902132486E1,1.02E2,1.791839747727E1));
#501=DIRECTION('',(-3.583679495453E-1,0.E0,-9.335804264972E-1));
#502=DIRECTION('',(-9.335804264839E-1,5.331106684991E-6,3.583679495402E-1));
#503=AXIS2_PLACEMENT_3D('',#500,#501,#502);
#505=CURVE_STYLE('',#331,POSITIVE_LENGTH_MEASURE(2.E-2),#323);
#506=PRESENTATION_STYLE_ASSIGNMENT((#505));
#507=STYLED_ITEM('',(#506),#504);
#508=CARTESIAN_POINT('',(0.E0,1.02E2,-1.873709602695E-14));
#509=DIRECTION('',(0.E0,-1.E0,0.E0));
#510=DIRECTION('',(-9.335804264972E-1,0.E0,-3.583679495453E-1));
#511=AXIS2_PLACEMENT_3D('',#508,#509,#510);
#513=CURVE_STYLE('',#331,POSITIVE_LENGTH_MEASURE(2.E-2),#323);
#514=PRESENTATION_STYLE_ASSIGNMENT((#513));
#515=STYLED_ITEM('',(#514),#512);
#516=CARTESIAN_POINT('',(-4.667902132486E1,1.02E2,1.791839747727E1));
#517=DIRECTION('',(3.583679495453E-1,0.E0,9.335804264972E-1));
#518=DIRECTION('',(-1.421085471520E-14,1.E0,0.E0));
#519=AXIS2_PLACEMENT_3D('',#516,#517,#518);
#521=CURVE_STYLE('',#331,POSITIVE_LENGTH_MEASURE(2.E-2),#323);
#522=PRESENTATION_STYLE_ASSIGNMENT((#521));
#523=STYLED_ITEM('',(#522),#520);
#524=CARTESIAN_POINT('',(0.E0,1.025E2,-1.882894453689E-14));
#525=DIRECTION('',(0.E0,1.E0,0.E0));
#526=DIRECTION('',(-9.335804264972E-1,0.E0,3.583679495453E-1));
#527=AXIS2_PLACEMENT_3D('',#524,#525,#526);
#529=CURVE_STYLE('',#331,POSITIVE_LENGTH_MEASURE(2.E-2),#323);
#530=PRESENTATION_STYLE_ASSIGNMENT((#529));
#531=STYLED_ITEM('',(#530),#528);
#532=CARTESIAN_POINT('',(-4.667902132486E1,1.02E2,-1.791839747727E1));
#533=DIRECTION('',(-3.583679495453E-1,0.E0,9.335804264972E-1));
#534=DIRECTION('',(0.E0,1.E0,0.E0));
#535=AXIS2_PLACEMENT_3D('',#532,#533,#534);
#537=CURVE_STYLE('',#331,POSITIVE_LENGTH_MEASURE(2.E-2),#323);
#538=PRESENTATION_STYLE_ASSIGNMENT((#537));
#539=STYLED_ITEM('',(#538),#536);
#540=DIRECTION('',(0.E0,-1.E0,-1.421085471520E-14));
#541=VECTOR('',#540,5.E-1);
#542=CARTESIAN_POINT('',(-4.714581153811E1,1.02E2,1.809758145204E1));
#543=LINE('',#542,#541);
#544=CURVE_STYLE('',#331,POSITIVE_LENGTH_MEASURE(2.E-2),#323);
#545=PRESENTATION_STYLE_ASSIGNMENT((#544));
#546=STYLED_ITEM('',(#545),#543);
#547=DIRECTION('',(2.842170943041E-14,-1.E0,-1.421085471520E-14));
#548=VECTOR('',#547,5.E-1);
#549=CARTESIAN_POINT('',(-4.714581153811E1,1.02E2,-1.809758145204E1));
#550=LINE('',#549,#548);
#551=CURVE_STYLE('',#331,POSITIVE_LENGTH_MEASURE(2.E-2),#323);
#552=PRESENTATION_STYLE_ASSIGNMENT((#551));
#553=STYLED_ITEM('',(#552),#550);
#554=DIRECTION('',(0.E0,-1.E0,0.E0));
#555=VECTOR('',#554,2.015E2);
#556=CARTESIAN_POINT('',(-4.714581153811E1,9.95E1,1.809758145204E1));
#557=LINE('',#556,#555);
#558=CURVE_STYLE('',#331,POSITIVE_LENGTH_MEASURE(2.E-2),#323);
#559=PRESENTATION_STYLE_ASSIGNMENT((#558));
#560=STYLED_ITEM('',(#559),#557);
#561=DIRECTION('',(0.E0,-1.E0,0.E0));
#562=VECTOR('',#561,2.015E2);
#563=CARTESIAN_POINT('',(-4.714581153811E1,9.95E1,-1.809758145204E1));
#564=LINE('',#563,#562);
#565=CURVE_STYLE('',#331,POSITIVE_LENGTH_MEASURE(2.E-2),#323);
#566=PRESENTATION_STYLE_ASSIGNMENT((#565));
#567=STYLED_ITEM('',(#566),#564);
#568=CARTESIAN_POINT('',(0.E0,1.011E2,-1.857176870907E-14));
#569=DIRECTION('',(0.E0,-1.E0,0.E0));
#570=DIRECTION('',(-9.335804264972E-1,0.E0,-3.583679495453E-1));
#571=AXIS2_PLACEMENT_3D('',#568,#569,#570);
#573=CURVE_STYLE('',#331,POSITIVE_LENGTH_MEASURE(2.E-2),#323);
#574=PRESENTATION_STYLE_ASSIGNMENT((#573));
#575=STYLED_ITEM('',(#574),#572);
#576=CARTESIAN_POINT('',(-4.667902132486E1,1.015E2,1.791839747727E1));
#577=DIRECTION('',(3.583679495453E-1,0.E0,9.335804264972E-1));
#578=DIRECTION('',(-9.335804264972E-1,5.684341886081E-14,3.583679495453E-1));
#579=AXIS2_PLACEMENT_3D('',#576,#577,#578);
#581=CURVE_STYLE('',#331,POSITIVE_LENGTH_MEASURE(2.E-2),#323);
#582=PRESENTATION_STYLE_ASSIGNMENT((#581));
#583=STYLED_ITEM('',(#582),#580);
#584=CARTESIAN_POINT('',(0.E0,1.015E2,-1.864524751702E-14));
#585=DIRECTION('',(0.E0,1.E0,0.E0));
#586=DIRECTION('',(-9.335804264972E-1,0.E0,3.583679495453E-1));
#587=AXIS2_PLACEMENT_3D('',#584,#585,#586);
#589=CURVE_STYLE('',#331,POSITIVE_LENGTH_MEASURE(2.E-2),#323);
#590=PRESENTATION_STYLE_ASSIGNMENT((#589));
#591=STYLED_ITEM('',(#590),#588);
#592=CARTESIAN_POINT('',(-4.667902132486E1,1.015E2,-1.791839747727E1));
#593=DIRECTION('',(-3.583679495453E-1,0.E0,9.335804264972E-1));
#594=DIRECTION('',(-9.335804264972E-1,5.684341886081E-14,-3.583679495453E-1));
#595=AXIS2_PLACEMENT_3D('',#592,#593,#594);
#597=CURVE_STYLE('',#331,POSITIVE_LENGTH_MEASURE(2.E-2),#323);
#598=PRESENTATION_STYLE_ASSIGNMENT((#597));
#599=STYLED_ITEM('',(#598),#596);
#600=CARTESIAN_POINT('',(-4.737920664473E1,1.005E2,1.818717343942E1));
#601=DIRECTION('',(3.583679495453E-1,0.E0,9.335804264972E-1));
#602=DIRECTION('',(5.601482558983E-1,-8.E-1,-2.150207697272E-1));
#603=AXIS2_PLACEMENT_3D('',#600,#601,#602);
#605=CURVE_STYLE('',#331,POSITIVE_LENGTH_MEASURE(2.E-2),#323);
#606=PRESENTATION_STYLE_ASSIGNMENT((#605));
#607=STYLED_ITEM('',(#606),#604);
#608=CARTESIAN_POINT('',(-4.737920664473E1,1.005E2,-1.818717343942E1));
#609=DIRECTION('',(-3.583679495453E-1,0.E0,9.335804264972E-1));
#610=DIRECTION('',(5.601482558981E-1,-8.000000000001E-1,2.150207697271E-1));
#611=AXIS2_PLACEMENT_3D('',#608,#609,#610);
#613=CURVE_STYLE('',#331,POSITIVE_LENGTH_MEASURE(2.E-2),#323);
#614=PRESENTATION_STYLE_ASSIGNMENT((#613));
#615=STYLED_ITEM('',(#614),#612);
#616=CARTESIAN_POINT('',(0.E0,9.95E1,-1.827785347727E-14));
#617=DIRECTION('',(0.E0,-1.E0,0.E0));
#618=DIRECTION('',(-9.335804264972E-1,0.E0,-3.583679495453E-1));
#619=AXIS2_PLACEMENT_3D('',#616,#617,#618);
#621=CURVE_STYLE('',#331,POSITIVE_LENGTH_MEASURE(2.E-2),#323);
#622=PRESENTATION_STYLE_ASSIGNMENT((#621));
#623=STYLED_ITEM('',(#622),#620);
#624=CARTESIAN_POINT('',(-4.667902132486E1,9.95E1,1.791839747727E1));
#625=DIRECTION('',(3.583679495453E-1,0.E0,9.335804264972E-1));
#626=DIRECTION('',(-5.601482558983E-1,8.E-1,2.150207697272E-1));
#627=AXIS2_PLACEMENT_3D('',#624,#625,#626);
#629=CURVE_STYLE('',#331,POSITIVE_LENGTH_MEASURE(2.E-2),#323);
#630=PRESENTATION_STYLE_ASSIGNMENT((#629));
#631=STYLED_ITEM('',(#630),#628);
#632=CARTESIAN_POINT('',(0.E0,9.99E1,-1.835133228522E-14));
#633=DIRECTION('',(0.E0,1.E0,0.E0));
#634=DIRECTION('',(-9.335804264972E-1,0.E0,3.583679495453E-1));
#635=AXIS2_PLACEMENT_3D('',#632,#633,#634);
#637=CURVE_STYLE('',#331,POSITIVE_LENGTH_MEASURE(2.E-2),#323);
#638=PRESENTATION_STYLE_ASSIGNMENT((#637));
#639=STYLED_ITEM('',(#638),#636);
#640=CARTESIAN_POINT('',(-4.667902132486E1,9.95E1,-1.791839747727E1));
#641=DIRECTION('',(-3.583679495453E-1,0.E0,9.335804264972E-1));
#642=DIRECTION('',(-5.601482558986E-1,7.999999999998E-1,-2.150207697273E-1));
#643=AXIS2_PLACEMENT_3D('',#640,#641,#642);
#645=CURVE_STYLE('',#331,POSITIVE_LENGTH_MEASURE(2.E-2),#323);
#646=PRESENTATION_STYLE_ASSIGNMENT((#645));
#647=STYLED_ITEM('',(#646),#644);
#648=CARTESIAN_POINT('',(0.E0,-1.025E2,1.882894453689E-14));
#649=DIRECTION('',(0.E0,-1.E0,0.E0));
#650=DIRECTION('',(-9.335804264972E-1,0.E0,-3.583679495453E-1));
#651=AXIS2_PLACEMENT_3D('',#648,#649,#650);
#653=CURVE_STYLE('',#331,POSITIVE_LENGTH_MEASURE(2.E-2),#323);
#654=PRESENTATION_STYLE_ASSIGNMENT((#653));
#655=STYLED_ITEM('',(#654),#652);
#656=CARTESIAN_POINT('',(-4.667902132486E1,-1.02E2,1.791839747727E1));
#657=DIRECTION('',(3.583679495453E-1,0.E0,9.335804264972E-1));
#658=DIRECTION('',(-9.335804264972E-1,8.526512829121E-14,3.583679495453E-1));
#659=AXIS2_PLACEMENT_3D('',#656,#657,#658);
#661=CURVE_STYLE('',#331,POSITIVE_LENGTH_MEASURE(2.E-2),#323);
#662=PRESENTATION_STYLE_ASSIGNMENT((#661));
#663=STYLED_ITEM('',(#662),#660);
#664=CARTESIAN_POINT('',(0.E0,-1.02E2,1.873709602695E-14));
#665=DIRECTION('',(0.E0,1.E0,0.E0));
#666=DIRECTION('',(-9.335804264972E-1,0.E0,3.583679495453E-1));
#667=AXIS2_PLACEMENT_3D('',#664,#665,#666);
#669=CURVE_STYLE('',#331,POSITIVE_LENGTH_MEASURE(2.E-2),#323);
#670=PRESENTATION_STYLE_ASSIGNMENT((#669));
#671=STYLED_ITEM('',(#670),#668);
#672=CARTESIAN_POINT('',(-4.667902132486E1,-1.02E2,-1.791839747727E1));
#673=DIRECTION('',(-3.583679495453E-1,0.E0,9.335804264972E-1));
#674=DIRECTION('',(-9.335804264972E-1,2.273736754432E-13,-3.583679495453E-1));
#675=AXIS2_PLACEMENT_3D('',#672,#673,#674);
#677=CURVE_STYLE('',#331,POSITIVE_LENGTH_MEASURE(2.E-2),#323);
#678=PRESENTATION_STYLE_ASSIGNMENT((#677));
#679=STYLED_ITEM('',(#678),#676);
#680=DIRECTION('',(9.335804264972E-1,0.E0,3.583679495453E-1));
#681=VECTOR('',#680,4.5E0);
#682=CARTESIAN_POINT('',(-4.667902132486E1,-1.025E2,-1.791839747727E1));
#683=LINE('',#682,#681);
#684=CURVE_STYLE('',#331,POSITIVE_LENGTH_MEASURE(2.E-2),#323);
#685=PRESENTATION_STYLE_ASSIGNMENT((#684));
#686=STYLED_ITEM('',(#685),#683);
#687=DIRECTION('',(9.335804264972E-1,0.E0,-3.583679495453E-1));
#688=VECTOR('',#687,4.5E0);
#689=CARTESIAN_POINT('',(-4.667902132486E1,-1.025E2,1.791839747727E1));
#690=LINE('',#689,#688);
#691=CURVE_STYLE('',#331,POSITIVE_LENGTH_MEASURE(2.E-2),#323);
#692=PRESENTATION_STYLE_ASSIGNMENT((#691));
#693=STYLED_ITEM('',(#692),#690);
#694=CARTESIAN_POINT('',(0.E0,-1.024E2,1.881057483490E-14));
#695=DIRECTION('',(0.E0,-1.E0,0.E0));
#696=DIRECTION('',(-9.335804264972E-1,0.E0,-3.583679495453E-1));
#697=AXIS2_PLACEMENT_3D('',#694,#695,#696);
#699=CURVE_STYLE('',#331,POSITIVE_LENGTH_MEASURE(2.E-2),#323);
#700=PRESENTATION_STYLE_ASSIGNMENT((#699));
#701=STYLED_ITEM('',(#700),#698);
#702=DIRECTION('',(7.105427357603E-14,-1.E0,0.E0));
#703=VECTOR('',#702,9.999999999997E-2);
#704=CARTESIAN_POINT('',(-4.247790940562E1,-1.024E2,1.630574170431E1));
#705=LINE('',#704,#703);
#706=CURVE_STYLE('',#331,POSITIVE_LENGTH_MEASURE(2.E-2),#323);
#707=PRESENTATION_STYLE_ASSIGNMENT((#706));
#708=STYLED_ITEM('',(#707),#705);
#709=CARTESIAN_POINT('',(0.E0,-1.025E2,1.882894453689E-14));
#710=DIRECTION('',(0.E0,1.E0,0.E0));
#711=DIRECTION('',(-9.335804264972E-1,0.E0,3.583679495453E-1));
#712=AXIS2_PLACEMENT_3D('',#709,#710,#711);
#714=CURVE_STYLE('',#331,POSITIVE_LENGTH_MEASURE(2.E-2),#323);
#715=PRESENTATION_STYLE_ASSIGNMENT((#714));
#716=STYLED_ITEM('',(#715),#713);
#717=DIRECTION('',(-7.105427357603E-14,-1.E0,-3.552713678802E-14));
#718=VECTOR('',#717,9.999999999997E-2);
#719=CARTESIAN_POINT('',(-4.247790940562E1,-1.024E2,-1.630574170431E1));
#720=LINE('',#719,#718);
#721=CURVE_STYLE('',#331,POSITIVE_LENGTH_MEASURE(2.E-2),#323);
#722=PRESENTATION_STYLE_ASSIGNMENT((#721));
#723=STYLED_ITEM('',(#722),#720);
#724=CARTESIAN_POINT('',(0.E0,-1.024E2,0.E0));
#725=DIRECTION('',(0.E0,1.E0,0.E0));
#726=DIRECTION('',(-9.335804264972E-1,0.E0,-3.583679495453E-1));
#727=AXIS2_PLACEMENT_3D('',#724,#725,#726);
#729=CURVE_STYLE('',#331,POSITIVE_LENGTH_MEASURE(2.E-2),#323);
#730=PRESENTATION_STYLE_ASSIGNMENT((#729));
#731=STYLED_ITEM('',(#730),#728);
#732=CARTESIAN_POINT('',(0.E0,-1.02E2,0.E0));
#733=DIRECTION('',(0.E0,1.E0,0.E0));
#734=DIRECTION('',(-9.335804264972E-1,0.E0,-3.583679495453E-1));
#735=AXIS2_PLACEMENT_3D('',#732,#733,#734);
#737=CURVE_STYLE('',#331,POSITIVE_LENGTH_MEASURE(2.E-2),#323);
#738=PRESENTATION_STYLE_ASSIGNMENT((#737));
#739=STYLED_ITEM('',(#738),#736);
#740=CARTESIAN_POINT('',(0.E0,9.95E1,0.E0));
#741=DIRECTION('',(0.E0,1.E0,0.E0));
#742=DIRECTION('',(-9.335804264972E-1,0.E0,-3.583679495453E-1));
#743=AXIS2_PLACEMENT_3D('',#740,#741,#742);
#745=CURVE_STYLE('',#331,POSITIVE_LENGTH_MEASURE(2.E-2),#323);
#746=PRESENTATION_STYLE_ASSIGNMENT((#745));
#747=STYLED_ITEM('',(#746),#744);
#748=CARTESIAN_POINT('',(0.E0,9.982E1,0.E0));
#749=DIRECTION('',(0.E0,1.E0,0.E0));
#750=DIRECTION('',(-9.335804264972E-1,0.E0,-3.583679495453E-1));
#751=AXIS2_PLACEMENT_3D('',#748,#749,#750);
#753=CURVE_STYLE('',#331,POSITIVE_LENGTH_MEASURE(2.E-2),#323);
#754=PRESENTATION_STYLE_ASSIGNMENT((#753));
#755=STYLED_ITEM('',(#754),#752);
#756=CARTESIAN_POINT('',(0.E0,1.0118E2,0.E0));
#757=DIRECTION('',(0.E0,1.E0,0.E0));
#758=DIRECTION('',(-9.335804264972E-1,0.E0,-3.583679495453E-1));
#759=AXIS2_PLACEMENT_3D('',#756,#757,#758);
#761=CURVE_STYLE('',#331,POSITIVE_LENGTH_MEASURE(2.E-2),#323);
#762=PRESENTATION_STYLE_ASSIGNMENT((#761));
#763=STYLED_ITEM('',(#762),#760);
#764=CARTESIAN_POINT('',(0.E0,1.02E2,0.E0));
#765=DIRECTION('',(0.E0,1.E0,0.E0));
#766=DIRECTION('',(-9.335804264972E-1,0.E0,-3.583679495453E-1));
#767=AXIS2_PLACEMENT_3D('',#764,#765,#766);
#769=CURVE_STYLE('',#331,POSITIVE_LENGTH_MEASURE(2.E-2),#323);
#770=PRESENTATION_STYLE_ASSIGNMENT((#769));
#771=STYLED_ITEM('',(#770),#768);
#772=CARTESIAN_POINT('',(0.E0,1.015E2,0.E0));
#773=DIRECTION('',(0.E0,1.E0,0.E0));
#774=DIRECTION('',(-9.335804264972E-1,0.E0,-3.583679495453E-1));
#775=AXIS2_PLACEMENT_3D('',#772,#773,#774);
#777=CURVE_STYLE('',#331,POSITIVE_LENGTH_MEASURE(2.E-2),#323);
#778=PRESENTATION_STYLE_ASSIGNMENT((#777));
#779=STYLED_ITEM('',(#778),#776);
#780=CARTESIAN_POINT('',(0.E0,1.024E2,-2.138976088075E-14));
#781=DIRECTION('',(0.E0,1.E0,0.E0));
#782=DIRECTION('',(0.E0,0.E0,-1.E0));
#783=AXIS2_PLACEMENT_3D('',#780,#781,#782);
#785=CURVE_STYLE('',#331,POSITIVE_LENGTH_MEASURE(2.E-2),#323);
#786=PRESENTATION_STYLE_ASSIGNMENT((#785));
#787=STYLED_ITEM('',(#786),#784);
#788=CARTESIAN_POINT('',(0.E0,1.024E2,-2.138976088075E-14));
#789=DIRECTION('',(0.E0,1.E0,0.E0));
#790=DIRECTION('',(-9.335804264972E-1,0.E0,3.583679495453E-1));
#791=AXIS2_PLACEMENT_3D('',#788,#789,#790);
#793=CURVE_STYLE('',#331,POSITIVE_LENGTH_MEASURE(2.E-2),#323);
#794=PRESENTATION_STYLE_ASSIGNMENT((#793));
#795=STYLED_ITEM('',(#794),#792);
#796=CARTESIAN_POINT('',(0.E0,1.02E2,5.E1));
#797=DIRECTION('',(1.E0,0.E0,0.E0));
#798=DIRECTION('',(0.E0,1.E0,0.E0));
#799=AXIS2_PLACEMENT_3D('',#796,#797,#798);
#801=CURVE_STYLE('',#331,POSITIVE_LENGTH_MEASURE(2.E-2),#323);
#802=PRESENTATION_STYLE_ASSIGNMENT((#801));
#803=STYLED_ITEM('',(#802),#800);
#804=CARTESIAN_POINT('',(0.E0,1.02E2,-5.E1));
#805=DIRECTION('',(-1.E0,0.E0,0.E0));
#806=DIRECTION('',(0.E0,1.E0,0.E0));
#807=AXIS2_PLACEMENT_3D('',#804,#805,#806);
#809=CURVE_STYLE('',#331,POSITIVE_LENGTH_MEASURE(2.E-2),#323);
#810=PRESENTATION_STYLE_ASSIGNMENT((#809));
#811=STYLED_ITEM('',(#810),#808);
#812=CARTESIAN_POINT('',(0.E0,1.024E2,-2.138976088075E-14));
#813=DIRECTION('',(0.E0,1.E0,0.E0));
#814=DIRECTION('',(0.E0,0.E0,1.E0));
#815=AXIS2_PLACEMENT_3D('',#812,#813,#814);
#817=CURVE_STYLE('',#331,POSITIVE_LENGTH_MEASURE(2.E-2),#323);
#818=PRESENTATION_STYLE_ASSIGNMENT((#817));
#819=STYLED_ITEM('',(#818),#816);
#820=CARTESIAN_POINT('',(0.E0,1.019E2,-2.129791237082E-14));
#821=DIRECTION('',(0.E0,1.E0,0.E0));
#822=DIRECTION('',(0.E0,0.E0,-1.E0));
#823=AXIS2_PLACEMENT_3D('',#820,#821,#822);
#825=CURVE_STYLE('',#331,POSITIVE_LENGTH_MEASURE(2.E-2),#323);
#826=PRESENTATION_STYLE_ASSIGNMENT((#825));
#827=STYLED_ITEM('',(#826),#824);
#828=CARTESIAN_POINT('',(0.E0,1.019E2,-2.129791237082E-14));
#829=DIRECTION('',(0.E0,1.E0,0.E0));
#830=DIRECTION('',(0.E0,0.E0,1.E0));
#831=AXIS2_PLACEMENT_3D('',#828,#829,#830);
#833=CURVE_STYLE('',#331,POSITIVE_LENGTH_MEASURE(2.E-2),#323);
#834=PRESENTATION_STYLE_ASSIGNMENT((#833));
#835=STYLED_ITEM('',(#834),#832);
#836=CARTESIAN_POINT('',(0.E0,1.019E2,-3.E1));
#837=DIRECTION('',(0.E0,1.E0,0.E0));
#838=DIRECTION('',(-1.E0,0.E0,0.E0));
#839=AXIS2_PLACEMENT_3D('',#836,#837,#838);
#841=CURVE_STYLE('',#331,POSITIVE_LENGTH_MEASURE(2.E-2),#323);
#842=PRESENTATION_STYLE_ASSIGNMENT((#841));
#843=STYLED_ITEM('',(#842),#840);
#844=CARTESIAN_POINT('',(0.E0,1.019E2,-3.E1));
#845=DIRECTION('',(0.E0,1.E0,0.E0));
#846=DIRECTION('',(1.E0,0.E0,0.E0));
#847=AXIS2_PLACEMENT_3D('',#844,#845,#846);
#849=CURVE_STYLE('',#331,POSITIVE_LENGTH_MEASURE(2.E-2),#323);
#850=PRESENTATION_STYLE_ASSIGNMENT((#849));
#851=STYLED_ITEM('',(#850),#848);
#852=DIRECTION('',(9.961946980917E-1,-8.715574274766E-2,0.E0));
#853=VECTOR('',#852,2.294742649134E0);
#854=CARTESIAN_POINT('',(-4.E0,1.019E2,-3.E1));
#855=LINE('',#854,#853);
#856=CURVE_STYLE('',#331,POSITIVE_LENGTH_MEASURE(2.E-2),#323);
#857=PRESENTATION_STYLE_ASSIGNMENT((#856));
#858=STYLED_ITEM('',(#857),#855);
#859=DIRECTION('',(-9.961946980917E-1,-8.715574274766E-2,0.E0));
#860=VECTOR('',#859,2.294742649134E0);
#861=CARTESIAN_POINT('',(4.E0,1.019E2,-3.E1));
#862=LINE('',#861,#860);
#863=CURVE_STYLE('',#331,POSITIVE_LENGTH_MEASURE(2.E-2),#323);
#864=PRESENTATION_STYLE_ASSIGNMENT((#863));
#865=STYLED_ITEM('',(#864),#862);
#866=CARTESIAN_POINT('',(0.E0,1.017E2,-3.E1));
#867=DIRECTION('',(0.E0,1.E0,0.E0));
#868=DIRECTION('',(-1.E0,0.E0,-1.036387211542E-14));
#869=AXIS2_PLACEMENT_3D('',#866,#867,#868);
#871=CURVE_STYLE('',#331,POSITIVE_LENGTH_MEASURE(2.E-2),#323);
#872=PRESENTATION_STYLE_ASSIGNMENT((#871));
#873=STYLED_ITEM('',(#872),#870);
#874=CARTESIAN_POINT('',(0.E0,1.017E2,-3.E1));
#875=DIRECTION('',(0.E0,1.E0,0.E0));
#876=DIRECTION('',(1.E0,0.E0,-1.036387211542E-14));
#877=AXIS2_PLACEMENT_3D('',#874,#875,#876);
#879=CURVE_STYLE('',#331,POSITIVE_LENGTH_MEASURE(2.E-2),#323);
#880=PRESENTATION_STYLE_ASSIGNMENT((#879));
#881=STYLED_ITEM('',(#880),#878);
#882=CARTESIAN_POINT('',(-4.667902132486E1,-1.024E2,-1.791839747727E1));
#883=CARTESIAN_POINT('',(-4.705245349546E1,-1.02E2,-1.806174465708E1));
#884=VERTEX_POINT('',#882);
#885=VERTEX_POINT('',#883);
#886=CARTESIAN_POINT('',(-4.705245349546E1,9.95E1,-1.806174465708E1));
#887=VERTEX_POINT('',#886);
#888=CARTESIAN_POINT('',(-4.690308062722E1,9.982E1,-1.800440578516E1));
#889=VERTEX_POINT('',#888);
#890=CARTESIAN_POINT('',(-4.690308062722E1,1.0118E2,-1.800440578516E1));
#891=VERTEX_POINT('',#890);
#892=CARTESIAN_POINT('',(-4.705245349546E1,1.015E2,-1.806174465708E1));
#893=VERTEX_POINT('',#892);
#894=CARTESIAN_POINT('',(-4.667902132486E1,-1.024E2,1.791839747727E1));
#895=CARTESIAN_POINT('',(-4.705245349546E1,-1.02E2,1.806174465708E1));
#896=VERTEX_POINT('',#894);
#897=VERTEX_POINT('',#895);
#898=CARTESIAN_POINT('',(-4.705245349546E1,9.95E1,1.806174465708E1));
#899=VERTEX_POINT('',#898);
#900=CARTESIAN_POINT('',(-4.690308062722E1,9.982E1,1.800440578516E1));
#901=VERTEX_POINT('',#900);
#902=CARTESIAN_POINT('',(-4.690308062722E1,1.0118E2,1.800440578516E1));
#903=VERTEX_POINT('',#902);
#904=CARTESIAN_POINT('',(-4.705245349546E1,1.015E2,1.806174465708E1));
#905=VERTEX_POINT('',#904);
#906=CARTESIAN_POINT('',(-4.667902132486E1,1.025E2,-1.791839747727E1));
#907=CARTESIAN_POINT('',(-4.061074855263E1,1.025E2,-1.558900580522E1));
#908=VERTEX_POINT('',#906);
#909=VERTEX_POINT('',#907);
#910=CARTESIAN_POINT('',(-4.667902132486E1,1.025E2,1.791839747727E1));
#911=CARTESIAN_POINT('',(-4.061074855263E1,1.025E2,1.558900580522E1));
#912=VERTEX_POINT('',#910);
#913=VERTEX_POINT('',#911);
#914=CARTESIAN_POINT('',(-4.667902132486E1,-1.025E2,-1.791839747727E1));
#915=CARTESIAN_POINT('',(-4.247790940562E1,-1.025E2,-1.630574170431E1));
#916=VERTEX_POINT('',#914);
#917=VERTEX_POINT('',#915);
#918=CARTESIAN_POINT('',(-4.667902132486E1,-1.025E2,1.791839747727E1));
#919=CARTESIAN_POINT('',(-4.247790940562E1,-1.025E2,1.630574170431E1));
#920=VERTEX_POINT('',#918);
#921=VERTEX_POINT('',#919);
#922=CARTESIAN_POINT('',(-4.247790940562E1,-1.024E2,-1.630574170431E1));
#923=VERTEX_POINT('',#922);
#924=CARTESIAN_POINT('',(-4.247790940562E1,-1.024E2,1.630574170431E1));
#925=VERTEX_POINT('',#924);
#926=CARTESIAN_POINT('',(-4.714581153811E1,1.02E2,-1.809758145204E1));
#927=CARTESIAN_POINT('',(-4.714581153811E1,1.015E2,-1.809758145204E1));
#928=VERTEX_POINT('',#926);
#929=VERTEX_POINT('',#927);
#930=CARTESIAN_POINT('',(-4.714581153811E1,9.95E1,-1.809758145204E1));
#931=CARTESIAN_POINT('',(-4.714581153811E1,-1.02E2,-1.809758145204E1));
#932=VERTEX_POINT('',#930);
#933=VERTEX_POINT('',#931);
#934=CARTESIAN_POINT('',(-4.714581153811E1,1.02E2,1.809758145204E1));
#935=CARTESIAN_POINT('',(-4.714581153811E1,1.015E2,1.809758145204E1));
#936=VERTEX_POINT('',#934);
#937=VERTEX_POINT('',#935);
#938=CARTESIAN_POINT('',(-4.714581153811E1,9.95E1,1.809758145204E1));
#939=CARTESIAN_POINT('',(-4.714581153811E1,-1.02E2,1.809758145204E1));
#940=VERTEX_POINT('',#938);
#941=VERTEX_POINT('',#939);
#942=CARTESIAN_POINT('',(-4.695909545281E1,9.99E1,-1.802590786213E1));
#943=CARTESIAN_POINT('',(-4.695909545281E1,1.011E2,-1.802590786213E1));
#944=VERTEX_POINT('',#942);
#945=VERTEX_POINT('',#943);
#946=CARTESIAN_POINT('',(-4.695909545281E1,9.99E1,1.802590786213E1));
#947=CARTESIAN_POINT('',(-4.695909545281E1,1.011E2,1.802590786213E1));
#948=VERTEX_POINT('',#946);
#949=VERTEX_POINT('',#947);
#950=CARTESIAN_POINT('',(0.E0,1.024E2,-5.E1));
#951=CARTESIAN_POINT('',(0.E0,1.019E2,-5.038729833462E1));
#952=VERTEX_POINT('',#950);
#953=VERTEX_POINT('',#951);
#954=CARTESIAN_POINT('',(0.E0,1.024E2,5.E1));
#955=CARTESIAN_POINT('',(0.E0,1.019E2,5.038729833462E1));
#956=VERTEX_POINT('',#954);
#957=VERTEX_POINT('',#955);
#958=CARTESIAN_POINT('',(-4.667902132486E1,1.024E2,-1.791839747727E1));
#959=CARTESIAN_POINT('',(-4.061074855263E1,1.024E2,-1.558900580522E1));
#960=VERTEX_POINT('',#958);
#961=VERTEX_POINT('',#959);
#962=CARTESIAN_POINT('',(-4.667902132486E1,1.024E2,1.791839747727E1));
#963=CARTESIAN_POINT('',(-4.061074855263E1,1.024E2,1.558900580522E1));
#964=VERTEX_POINT('',#962);
#965=VERTEX_POINT('',#963);
#966=CARTESIAN_POINT('',(-1.713989539448E0,1.017E2,-3.E1));
#967=CARTESIAN_POINT('',(1.713989539448E0,1.017E2,-3.E1));
#968=VERTEX_POINT('',#966);
#969=VERTEX_POINT('',#967);
#970=CARTESIAN_POINT('',(-4.E0,1.019E2,-3.E1));
#971=CARTESIAN_POINT('',(4.E0,1.019E2,-3.E1));
#972=VERTEX_POINT('',#970);
#973=VERTEX_POINT('',#971);
#974=CARTESIAN_POINT('',(-4.705245349545E1,1.020000021324E2,-1.806174465708E1));
#975=VERTEX_POINT('',#974);
#976=CARTESIAN_POINT('',(-4.705245349545E1,1.020000021324E2,1.806174465708E1));
#977=VERTEX_POINT('',#976);
#978=CARTESIAN_POINT('',(0.E0,1.025E2,-1.882894453689E-14));
#979=DIRECTION('',(0.E0,-1.E0,0.E0));
#980=DIRECTION('',(0.E0,0.E0,1.E0));
#981=AXIS2_PLACEMENT_3D('',#978,#979,#980);
#982=PLANE('',#981);
#984=ORIENTED_EDGE('',*,*,#983,.F.);
#986=ORIENTED_EDGE('',*,*,#985,.F.);
#988=ORIENTED_EDGE('',*,*,#987,.T.);
#990=ORIENTED_EDGE('',*,*,#989,.F.);
#991=EDGE_LOOP('',(#984,#986,#988,#990));
#992=FACE_OUTER_BOUND('',#991,.F.);
#994=CARTESIAN_POINT('',(0.E0,-1.E0,0.E0));
#995=DIRECTION('',(-3.583679495453E-1,0.E0,9.335804264972E-1));
#996=DIRECTION('',(9.335804264972E-1,0.E0,3.583679495453E-1));
#997=AXIS2_PLACEMENT_3D('',#994,#995,#996);
#998=PLANE('',#997);
#1000=ORIENTED_EDGE('',*,*,#999,.F.);
#1002=ORIENTED_EDGE('',*,*,#1001,.F.);
#1004=ORIENTED_EDGE('',*,*,#1003,.F.);
#1006=ORIENTED_EDGE('',*,*,#1005,.F.);
#1008=ORIENTED_EDGE('',*,*,#1007,.F.);
#1010=ORIENTED_EDGE('',*,*,#1009,.F.);
#1012=ORIENTED_EDGE('',*,*,#1011,.F.);
#1014=ORIENTED_EDGE('',*,*,#1013,.F.);
#1016=ORIENTED_EDGE('',*,*,#1015,.F.);
#1018=ORIENTED_EDGE('',*,*,#1017,.T.);
#1020=ORIENTED_EDGE('',*,*,#1019,.F.);
#1022=ORIENTED_EDGE('',*,*,#1021,.F.);
#1024=ORIENTED_EDGE('',*,*,#1023,.F.);
#1026=ORIENTED_EDGE('',*,*,#1025,.F.);
#1028=ORIENTED_EDGE('',*,*,#1027,.T.);
#1030=ORIENTED_EDGE('',*,*,#1029,.F.);
#1032=ORIENTED_EDGE('',*,*,#1031,.F.);
#1034=ORIENTED_EDGE('',*,*,#1033,.F.);
#1035=ORIENTED_EDGE('',*,*,#983,.T.);
#1037=ORIENTED_EDGE('',*,*,#1036,.T.);
#1038=EDGE_LOOP('',(#1000,#1002,#1004,#1006,#1008,#1010,#1012,#1014,#1016,#1018,
#1020,#1022,#1024,#1026,#1028,#1030,#1032,#1034,#1035,#1037));
#1039=FACE_OUTER_BOUND('',#1038,.F.);
#1041=CARTESIAN_POINT('',(0.E0,1.024E2,-2.131628207280E-14));
#1042=DIRECTION('',(0.E0,1.E0,0.E0));
#1043=DIRECTION('',(0.E0,0.E0,1.E0));
#1044=AXIS2_PLACEMENT_3D('',#1041,#1042,#1043);
#1045=PLANE('',#1044);
#1046=ORIENTED_EDGE('',*,*,#999,.T.);
#1048=ORIENTED_EDGE('',*,*,#1047,.T.);
#1050=ORIENTED_EDGE('',*,*,#1049,.F.);
#1052=ORIENTED_EDGE('',*,*,#1051,.T.);
#1054=ORIENTED_EDGE('',*,*,#1053,.T.);
#1056=ORIENTED_EDGE('',*,*,#1055,.T.);
#1057=EDGE_LOOP('',(#1046,#1048,#1050,#1052,#1054,#1056));
#1058=FACE_OUTER_BOUND('',#1057,.F.);
#1060=CARTESIAN_POINT('',(0.E0,1.1275E2,-2.071183899058E-14));
#1061=DIRECTION('',(0.E0,-1.E0,0.E0));
#1062=DIRECTION('',(0.E0,0.E0,1.E0));
#1063=AXIS2_PLACEMENT_3D('',#1060,#1061,#1062);
#1064=CYLINDRICAL_SURFACE('',#1063,4.35E1);
#1065=ORIENTED_EDGE('',*,*,#1047,.F.);
#1066=ORIENTED_EDGE('',*,*,#1036,.F.);
#1067=ORIENTED_EDGE('',*,*,#989,.T.);
#1069=ORIENTED_EDGE('',*,*,#1068,.T.);
#1070=EDGE_LOOP('',(#1065,#1066,#1067,#1069));
#1071=FACE_OUTER_BOUND('',#1070,.F.);
#1073=CARTESIAN_POINT('',(0.E0,-1.E0,0.E0));
#1074=DIRECTION('',(3.583679495453E-1,0.E0,9.335804264972E-1));
#1075=DIRECTION('',(9.335804264972E-1,0.E0,-3.583679495453E-1));
#1076=AXIS2_PLACEMENT_3D('',#1073,#1074,#1075);
#1077=PLANE('',#1076);
#1078=ORIENTED_EDGE('',*,*,#1049,.T.);
#1079=ORIENTED_EDGE('',*,*,#1068,.F.);
#1080=ORIENTED_EDGE('',*,*,#987,.F.);
#1082=ORIENTED_EDGE('',*,*,#1081,.T.);
#1084=ORIENTED_EDGE('',*,*,#1083,.T.);
#1086=ORIENTED_EDGE('',*,*,#1085,.T.);
#1088=ORIENTED_EDGE('',*,*,#1087,.F.);
#1090=ORIENTED_EDGE('',*,*,#1089,.T.);
#1092=ORIENTED_EDGE('',*,*,#1091,.T.);
#1094=ORIENTED_EDGE('',*,*,#1093,.T.);
#1096=ORIENTED_EDGE('',*,*,#1095,.T.);
#1098=ORIENTED_EDGE('',*,*,#1097,.F.);
#1100=ORIENTED_EDGE('',*,*,#1099,.T.);
#1102=ORIENTED_EDGE('',*,*,#1101,.T.);
#1104=ORIENTED_EDGE('',*,*,#1103,.T.);
#1106=ORIENTED_EDGE('',*,*,#1105,.T.);
#1108=ORIENTED_EDGE('',*,*,#1107,.T.);
#1110=ORIENTED_EDGE('',*,*,#1109,.T.);
#1112=ORIENTED_EDGE('',*,*,#1111,.T.);
#1114=ORIENTED_EDGE('',*,*,#1113,.T.);
#1115=EDGE_LOOP('',(#1078,#1079,#1080,#1082,#1084,#1086,#1088,#1090,#1092,#1094,
#1096,#1098,#1100,#1102,#1104,#1106,#1108,#1110,#1112,#1114));
#1116=FACE_OUTER_BOUND('',#1115,.F.);
#1118=CARTESIAN_POINT('',(0.E0,1.02E2,-1.873709602695E-14));
#1119=DIRECTION('',(0.E0,-1.E0,0.E0));
#1120=DIRECTION('',(1.080670369371E-2,0.E0,-9.999416058727E-1));
#1121=AXIS2_PLACEMENT_3D('',#1118,#1119,#1120);
#1122=TOROIDAL_SURFACE('',#1121,5.E1,5.E-1);
#1124=ORIENTED_EDGE('',*,*,#1123,.T.);
#1125=ORIENTED_EDGE('',*,*,#1081,.F.);
#1126=ORIENTED_EDGE('',*,*,#985,.T.);
#1127=ORIENTED_EDGE('',*,*,#1033,.T.);
#1128=EDGE_LOOP('',(#1124,#1125,#1126,#1127));
#1129=FACE_OUTER_BOUND('',#1128,.F.);
#1131=CARTESIAN_POINT('',(0.E0,1.1275E2,-2.071183899058E-14));
#1132=DIRECTION('',(0.E0,-1.E0,0.E0));
#1133=DIRECTION('',(0.E0,0.E0,1.E0));
#1134=AXIS2_PLACEMENT_3D('',#1131,#1132,#1133);
#1135=CYLINDRICAL_SURFACE('',#1134,5.05E1);
#1137=ORIENTED_EDGE('',*,*,#1136,.F.);
#1138=ORIENTED_EDGE('',*,*,#1083,.F.);
#1139=ORIENTED_EDGE('',*,*,#1123,.F.);
#1140=ORIENTED_EDGE('',*,*,#1031,.T.);
#1141=EDGE_LOOP('',(#1137,#1138,#1139,#1140));
#1142=FACE_OUTER_BOUND('',#1141,.F.);
#1144=CARTESIAN_POINT('',(0.E0,1.1275E2,-2.071183899058E-14));
#1145=DIRECTION('',(0.E0,-1.E0,0.E0));
#1146=DIRECTION('',(0.E0,0.E0,1.E0));
#1147=AXIS2_PLACEMENT_3D('',#1144,#1145,#1146);
#1148=CYLINDRICAL_SURFACE('',#1147,5.05E1);
#1150=ORIENTED_EDGE('',*,*,#1149,.F.);
#1151=ORIENTED_EDGE('',*,*,#1091,.F.);
#1153=ORIENTED_EDGE('',*,*,#1152,.F.);
#1154=ORIENTED_EDGE('',*,*,#1023,.T.);
#1155=EDGE_LOOP('',(#1150,#1151,#1153,#1154));
#1156=FACE_OUTER_BOUND('',#1155,.F.);
#1158=CARTESIAN_POINT('',(0.E0,1.015E2,-1.864524751702E-14));
#1159=DIRECTION('',(0.E0,-1.E0,0.E0));
#1160=DIRECTION('',(-7.314772321283E-3,0.E0,9.999732466951E-1));
#1161=AXIS2_PLACEMENT_3D('',#1158,#1159,#1160);
#1162=TOROIDAL_SURFACE('',#1161,5.E1,5.E-1);
#1164=ORIENTED_EDGE('',*,*,#1163,.T.);
#1165=ORIENTED_EDGE('',*,*,#1085,.F.);
#1166=ORIENTED_EDGE('',*,*,#1136,.T.);
#1167=ORIENTED_EDGE('',*,*,#1029,.T.);
#1168=EDGE_LOOP('',(#1164,#1165,#1166,#1167));
#1169=FACE_OUTER_BOUND('',#1168,.F.);
#1171=CARTESIAN_POINT('',(0.E0,1.005E2,-2.131628207280E-14));
#1172=DIRECTION('',(0.E0,-1.E0,0.E0));
#1173=DIRECTION('',(0.E0,0.E0,1.E0));
#1174=AXIS2_PLACEMENT_3D('',#1171,#1172,#1173);
#1175=TOROIDAL_SURFACE('',#1174,5.075E1,7.5E-1);
#1177=ORIENTED_EDGE('',*,*,#1176,.F.);
#1178=ORIENTED_EDGE('',*,*,#1087,.T.);
#1179=ORIENTED_EDGE('',*,*,#1163,.F.);
#1180=ORIENTED_EDGE('',*,*,#1027,.F.);
#1181=EDGE_LOOP('',(#1177,#1178,#1179,#1180));
#1182=FACE_OUTER_BOUND('',#1181,.F.);
#1184=CARTESIAN_POINT('',(0.E0,9.95E1,-1.827785347727E-14));
#1185=DIRECTION('',(0.E0,-1.E0,0.E0));
#1186=DIRECTION('',(-7.683525702694E-3,0.E0,-9.999704812807E-1));
#1187=AXIS2_PLACEMENT_3D('',#1184,#1185,#1186);
#1188=TOROIDAL_SURFACE('',#1187,5.E1,5.E-1);
#1189=ORIENTED_EDGE('',*,*,#1152,.T.);
#1190=ORIENTED_EDGE('',*,*,#1089,.F.);
#1191=ORIENTED_EDGE('',*,*,#1176,.T.);
#1192=ORIENTED_EDGE('',*,*,#1025,.T.);
#1193=EDGE_LOOP('',(#1189,#1190,#1191,#1192));
#1194=FACE_OUTER_BOUND('',#1193,.F.);
#1196=CARTESIAN_POINT('',(0.E0,-1.02E2,1.873709602695E-14));
#1197=DIRECTION('',(0.E0,-1.E0,0.E0));
#1198=DIRECTION('',(7.314772321283E-3,0.E0,-9.999732466951E-1));
#1199=AXIS2_PLACEMENT_3D('',#1196,#1197,#1198);
#1200=TOROIDAL_SURFACE('',#1199,5.E1,5.E-1);
#1202=ORIENTED_EDGE('',*,*,#1201,.T.);
#1203=ORIENTED_EDGE('',*,*,#1093,.F.);
#1204=ORIENTED_EDGE('',*,*,#1149,.T.);
#1205=ORIENTED_EDGE('',*,*,#1021,.T.);
#1206=EDGE_LOOP('',(#1202,#1203,#1204,#1205));
#1207=FACE_OUTER_BOUND('',#1206,.F.);
#1209=CARTESIAN_POINT('',(0.E0,-1.025E2,1.882894453689E-14));
#1210=DIRECTION('',(0.E0,-1.E0,0.E0));
#1211=DIRECTION('',(0.E0,0.E0,1.E0));
#1212=AXIS2_PLACEMENT_3D('',#1209,#1210,#1211);
#1213=PLANE('',#1212);
#1214=ORIENTED_EDGE('',*,*,#1019,.T.);
#1216=ORIENTED_EDGE('',*,*,#1215,.F.);
#1217=ORIENTED_EDGE('',*,*,#1095,.F.);
#1218=ORIENTED_EDGE('',*,*,#1201,.F.);
#1219=EDGE_LOOP('',(#1214,#1216,#1217,#1218));
#1220=FACE_OUTER_BOUND('',#1219,.F.);
#1222=CARTESIAN_POINT('',(0.E0,1.1275E2,-2.071183899058E-14));
#1223=DIRECTION('',(0.E0,-1.E0,0.E0));
#1224=DIRECTION('',(0.E0,0.E0,1.E0));
#1225=AXIS2_PLACEMENT_3D('',#1222,#1223,#1224);
#1226=CYLINDRICAL_SURFACE('',#1225,4.55E1);
#1228=ORIENTED_EDGE('',*,*,#1227,.T.);
#1229=ORIENTED_EDGE('',*,*,#1097,.T.);
#1230=ORIENTED_EDGE('',*,*,#1215,.T.);
#1231=ORIENTED_EDGE('',*,*,#1017,.F.);
#1232=EDGE_LOOP('',(#1228,#1229,#1230,#1231));
#1233=FACE_OUTER_BOUND('',#1232,.F.);
#1235=CARTESIAN_POINT('',(0.E0,-1.024E2,1.881057483490E-14));
#1236=DIRECTION('',(0.E0,-1.E0,0.E0));
#1237=DIRECTION('',(0.E0,0.E0,1.E0));
#1238=AXIS2_PLACEMENT_3D('',#1235,#1236,#1237);
#1239=PLANE('',#1238);
#1240=ORIENTED_EDGE('',*,*,#1227,.F.);
#1241=ORIENTED_EDGE('',*,*,#1015,.T.);
#1243=ORIENTED_EDGE('',*,*,#1242,.T.);
#1244=ORIENTED_EDGE('',*,*,#1099,.F.);
#1245=EDGE_LOOP('',(#1240,#1241,#1243,#1244));
#1246=FACE_OUTER_BOUND('',#1245,.F.);
#1248=CARTESIAN_POINT('',(0.E0,-1.02E2,0.E0));
#1249=DIRECTION('',(0.E0,1.E0,0.E0));
#1250=DIRECTION('',(9.335804264972E-1,0.E0,3.583679495453E-1));
#1251=AXIS2_PLACEMENT_3D('',#1248,#1249,#1250);
#1252=TOROIDAL_SURFACE('',#1251,5.E1,4.E-1);
#1253=ORIENTED_EDGE('',*,*,#1013,.T.);
#1255=ORIENTED_EDGE('',*,*,#1254,.T.);
#1256=ORIENTED_EDGE('',*,*,#1101,.F.);
#1257=ORIENTED_EDGE('',*,*,#1242,.F.);
#1258=EDGE_LOOP('',(#1253,#1255,#1256,#1257));
#1259=FACE_OUTER_BOUND('',#1258,.F.);
#1261=CARTESIAN_POINT('',(0.E0,-1.E0,0.E0));
#1262=DIRECTION('',(0.E0,1.E0,0.E0));
#1263=DIRECTION('',(9.335804264972E-1,0.E0,3.583679495453E-1));
#1264=AXIS2_PLACEMENT_3D('',#1261,#1262,#1263);
#1265=CYLINDRICAL_SURFACE('',#1264,5.04E1);
#1266=ORIENTED_EDGE('',*,*,#1011,.T.);
#1268=ORIENTED_EDGE('',*,*,#1267,.T.);
#1269=ORIENTED_EDGE('',*,*,#1103,.F.);
#1270=ORIENTED_EDGE('',*,*,#1254,.F.);
#1271=EDGE_LOOP('',(#1266,#1268,#1269,#1270));
#1272=FACE_OUTER_BOUND('',#1271,.F.);
#1274=CARTESIAN_POINT('',(0.E0,9.95E1,0.E0));
#1275=DIRECTION('',(0.E0,1.E0,0.E0));
#1276=DIRECTION('',(9.335804264972E-1,0.E0,3.583679495453E-1));
#1277=AXIS2_PLACEMENT_3D('',#1274,#1275,#1276);
#1278=TOROIDAL_SURFACE('',#1277,5.E1,4.E-1);
#1279=ORIENTED_EDGE('',*,*,#1009,.T.);
#1281=ORIENTED_EDGE('',*,*,#1280,.T.);
#1282=ORIENTED_EDGE('',*,*,#1105,.F.);
#1283=ORIENTED_EDGE('',*,*,#1267,.F.);
#1284=EDGE_LOOP('',(#1279,#1281,#1282,#1283));
#1285=FACE_OUTER_BOUND('',#1284,.F.);
#1287=CARTESIAN_POINT('',(0.E0,1.005E2,0.E0));
#1288=DIRECTION('',(0.E0,1.E0,0.E0));
#1289=DIRECTION('',(9.335804264972E-1,0.E0,3.583679495453E-1));
#1290=AXIS2_PLACEMENT_3D('',#1287,#1288,#1289);
#1291=TOROIDAL_SURFACE('',#1290,5.075E1,8.5E-1);
#1292=ORIENTED_EDGE('',*,*,#1007,.T.);
#1294=ORIENTED_EDGE('',*,*,#1293,.T.);
#1295=ORIENTED_EDGE('',*,*,#1107,.F.);
#1296=ORIENTED_EDGE('',*,*,#1280,.F.);
#1297=EDGE_LOOP('',(#1292,#1294,#1295,#1296));
#1298=FACE_OUTER_BOUND('',#1297,.F.);
#1300=CARTESIAN_POINT('',(0.E0,1.015E2,0.E0));
#1301=DIRECTION('',(0.E0,1.E0,0.E0));
#1302=DIRECTION('',(9.335804264972E-1,0.E0,3.583679495453E-1));
#1303=AXIS2_PLACEMENT_3D('',#1300,#1301,#1302);
#1304=TOROIDAL_SURFACE('',#1303,5.E1,4.E-1);
#1305=ORIENTED_EDGE('',*,*,#1005,.T.);
#1307=ORIENTED_EDGE('',*,*,#1306,.T.);
#1308=ORIENTED_EDGE('',*,*,#1109,.F.);
#1309=ORIENTED_EDGE('',*,*,#1293,.F.);
#1310=EDGE_LOOP('',(#1305,#1307,#1308,#1309));
#1311=FACE_OUTER_BOUND('',#1310,.F.);
#1313=CARTESIAN_POINT('',(0.E0,-1.E0,0.E0));
#1314=DIRECTION('',(0.E0,1.E0,0.E0));
#1315=DIRECTION('',(9.335804264972E-1,0.E0,3.583679495453E-1));
#1316=AXIS2_PLACEMENT_3D('',#1313,#1314,#1315);
#1317=CYLINDRICAL_SURFACE('',#1316,5.04E1);
#1319=ORIENTED_EDGE('',*,*,#1318,.T.);
#1320=ORIENTED_EDGE('',*,*,#1111,.F.);
#1321=ORIENTED_EDGE('',*,*,#1306,.F.);
#1322=ORIENTED_EDGE('',*,*,#1003,.T.);
#1323=EDGE_LOOP('',(#1319,#1320,#1321,#1322));
#1324=FACE_OUTER_BOUND('',#1323,.F.);
#1326=CARTESIAN_POINT('',(0.E0,1.02E2,-2.131628207280E-14));
#1327=DIRECTION('',(0.E0,1.E0,0.E0));
#1328=DIRECTION('',(0.E0,0.E0,1.E0));
#1329=AXIS2_PLACEMENT_3D('',#1326,#1327,#1328);
#1330=TOROIDAL_SURFACE('',#1329,5.E1,4.E-1);
#1331=ORIENTED_EDGE('',*,*,#1055,.F.);
#1333=ORIENTED_EDGE('',*,*,#1332,.T.);
#1335=ORIENTED_EDGE('',*,*,#1334,.T.);
#1337=ORIENTED_EDGE('',*,*,#1336,.F.);
#1338=ORIENTED_EDGE('',*,*,#1051,.F.);
#1339=ORIENTED_EDGE('',*,*,#1113,.F.);
#1340=ORIENTED_EDGE('',*,*,#1318,.F.);
#1341=ORIENTED_EDGE('',*,*,#1001,.T.);
#1342=EDGE_LOOP('',(#1331,#1333,#1335,#1337,#1338,#1339,#1340,#1341));
#1343=FACE_OUTER_BOUND('',#1342,.F.);
#1345=CARTESIAN_POINT('',(0.E0,1.02E2,-2.131628207280E-14));
#1346=DIRECTION('',(0.E0,1.E0,0.E0));
#1347=DIRECTION('',(0.E0,0.E0,-1.E0));
#1348=AXIS2_PLACEMENT_3D('',#1345,#1346,#1347);
#1349=TOROIDAL_SURFACE('',#1348,5.E1,4.E-1);
#1350=ORIENTED_EDGE('',*,*,#1336,.T.);
#1352=ORIENTED_EDGE('',*,*,#1351,.T.);
#1353=ORIENTED_EDGE('',*,*,#1332,.F.);
#1354=ORIENTED_EDGE('',*,*,#1053,.F.);
#1355=EDGE_LOOP('',(#1350,#1352,#1353,#1354));
#1356=FACE_OUTER_BOUND('',#1355,.F.);
#1358=CARTESIAN_POINT('',(0.E0,1.019E2,-1.871872632497E-14));
#1359=DIRECTION('',(0.E0,1.E0,0.E0));
#1360=DIRECTION('',(0.E0,0.E0,-1.E0));
#1361=AXIS2_PLACEMENT_3D('',#1358,#1359,#1360);
#1362=PLANE('',#1361);
#1363=ORIENTED_EDGE('',*,*,#1334,.F.);
#1364=ORIENTED_EDGE('',*,*,#1351,.F.);
#1365=EDGE_LOOP('',(#1363,#1364));
#1366=FACE_OUTER_BOUND('',#1365,.F.);
#1368=ORIENTED_EDGE('',*,*,#1367,.T.);
#1370=ORIENTED_EDGE('',*,*,#1369,.T.);
#1371=EDGE_LOOP('',(#1368,#1370));
#1372=FACE_BOUND('',#1371,.F.);
#1374=FILL_AREA_STYLE_COLOUR('',#324);
#1375=FILL_AREA_STYLE('',(#1374));
#1376=SURFACE_STYLE_FILL_AREA(#1375);
#1377=SURFACE_SIDE_STYLE('',(#1376));
#1378=SURFACE_STYLE_USAGE(.POSITIVE.,#1377);
#1379=FILL_AREA_STYLE_COLOUR('',#323);
#1380=FILL_AREA_STYLE('',(#1379));
#1381=SURFACE_STYLE_FILL_AREA(#1380);
#1382=SURFACE_SIDE_STYLE('',(#1381));
#1383=SURFACE_STYLE_USAGE(.NEGATIVE.,#1382);
#1384=PRESENTATION_STYLE_ASSIGNMENT((#1378,#1383));
#1385=OVER_RIDING_STYLED_ITEM('',(#1384),#1373,#326);
#1386=CARTESIAN_POINT('',(0.E0,1.018E2,-3.E1));
#1387=DIRECTION('',(0.E0,1.E0,0.E0));
#1388=DIRECTION('',(-1.E0,0.E0,0.E0));
#1389=AXIS2_PLACEMENT_3D('',#1386,#1387,#1388);
#1390=CONICAL_SURFACE('',#1389,2.856994769724E0,8.5E1);
#1391=ORIENTED_EDGE('',*,*,#1367,.F.);
#1393=ORIENTED_EDGE('',*,*,#1392,.T.);
#1395=ORIENTED_EDGE('',*,*,#1394,.T.);
#1397=ORIENTED_EDGE('',*,*,#1396,.F.);
#1398=EDGE_LOOP('',(#1391,#1393,#1395,#1397));
#1399=FACE_OUTER_BOUND('',#1398,.F.);
#1401=CARTESIAN_POINT('',(0.E0,1.018E2,-3.E1));
#1402=DIRECTION('',(0.E0,1.E0,0.E0));
#1403=DIRECTION('',(-1.E0,0.E0,0.E0));
#1404=AXIS2_PLACEMENT_3D('',#1401,#1402,#1403);
#1405=CONICAL_SURFACE('',#1404,2.856994769724E0,8.5E1);
#1406=ORIENTED_EDGE('',*,*,#1369,.F.);
#1407=ORIENTED_EDGE('',*,*,#1396,.T.);
#1409=ORIENTED_EDGE('',*,*,#1408,.T.);
#1410=ORIENTED_EDGE('',*,*,#1392,.F.);
#1411=EDGE_LOOP('',(#1406,#1407,#1409,#1410));
#1412=FACE_OUTER_BOUND('',#1411,.F.);
#1414=CARTESIAN_POINT('',(0.E0,1.017E2,-1.868198692099E-14));
#1415=DIRECTION('',(0.E0,1.E0,0.E0));
#1416=DIRECTION('',(-1.E0,0.E0,0.E0));
#1417=AXIS2_PLACEMENT_3D('',#1414,#1415,#1416);
#1418=PLANE('',#1417);
#1419=ORIENTED_EDGE('',*,*,#1394,.F.);
#1420=ORIENTED_EDGE('',*,*,#1408,.F.);
#1421=EDGE_LOOP('',(#1419,#1420));
#1422=FACE_OUTER_BOUND('',#1421,.F.);
#1426=FILL_AREA_STYLE_COLOUR('',#323);
#1427=FILL_AREA_STYLE('',(#1426));
#1428=SURFACE_STYLE_FILL_AREA(#1427);
#1429=SURFACE_SIDE_STYLE('',(#1428));
#1430=SURFACE_STYLE_USAGE(.BOTH.,#1429);
#1431=PRESENTATION_STYLE_ASSIGNMENT((#1430));
#326=STYLED_ITEM('',(#1431),#1425);
#1434=PLANE_ANGLE_MEASURE_WITH_UNIT(PLANE_ANGLE_MEASURE(1.745329251994E-2),
#1433);
#1435=(CONVERSION_BASED_UNIT('DEGREE',#1434)NAMED_UNIT(*)PLANE_ANGLE_UNIT());
#1437=UNCERTAINTY_MEASURE_WITH_UNIT(LENGTH_MEASURE(2.498439631848E-2),#1432,
'distance_accuracy_value',
'Maximum model space distance between geometric entities at asserted connectivities');
#1439=CARTESIAN_POINT('',(0.E0,0.E0,0.E0));
#1440=DIRECTION('',(0.E0,0.E0,1.E0));
#1441=DIRECTION('',(1.E0,0.E0,0.E0));
#1444=APPLICATION_CONTEXT('automotive_design');
#1445=APPLICATION_PROTOCOL_DEFINITION('international standard',
'automotive_design',2001,#1444);
#1446=PRODUCT_DEFINITION_CONTEXT('part definition',#1444,'design');
#1447=PRODUCT_CONTEXT('',#1444,'mechanical');
#1448=PRODUCT('EW6_1000UF_600V_64X105','EW6_1000UF_600V_64X105','NOT SPECIFIED',
(#1447));
#1449=PRODUCT_DEFINITION_FORMATION('11','LAST_VERSION',#1448);
#1457=DERIVED_UNIT_ELEMENT(#1456,2.E0);
#1458=DERIVED_UNIT((#1457));
#1459=MEASURE_REPRESENTATION_ITEM('surface area measure',AREA_MEASURE(
8.477667694357E4),#1458);
#1464=DERIVED_UNIT_ELEMENT(#1463,3.E0);
#1465=DERIVED_UNIT((#1464));
#1466=MEASURE_REPRESENTATION_ITEM('volume measure',VOLUME_MEASURE(
1.636195858540E6),#1465);
#1470=CARTESIAN_POINT('centre point',(2.400732088908E-2,-2.562100528961E-1,
9.817630141514E-5));
#1475=DERIVED_UNIT_ELEMENT(#1474,2.E0);
#1476=DERIVED_UNIT((#1475));
#1477=MEASURE_REPRESENTATION_ITEM('surface area measure',AREA_MEASURE(
8.477667694357E4),#1476);
#1482=DERIVED_UNIT_ELEMENT(#1481,3.E0);
#1483=DERIVED_UNIT((#1482));
#1484=MEASURE_REPRESENTATION_ITEM('volume measure',VOLUME_MEASURE(
1.636195858540E6),#1483);
#1488=CARTESIAN_POINT('centre point',(2.400732088908E-2,-2.562100528961E-1,
9.817630141514E-5));
#1498=CARTESIAN_POINT('centre point',(2.400732088908E-2,-2.562100528961E-1,
9.817630141514E-5));
#1502=CARTESIAN_POINT('',(0.E0,0.E0,0.E0));
#1503=DIRECTION('',(0.E0,0.E0,1.E0));
#1504=DIRECTION('',(1.E0,0.E0,0.E0));
#1505=AXIS2_PLACEMENT_3D('',#1502,#1503,#1504);
#1506=ITEM_DEFINED_TRANSFORMATION('','',#1442,#1505);
#1507=(REPRESENTATION_RELATIONSHIP('','',#1443,#1495)REPRESENTATION_RELATIONSHIP_WITH_TRANSFORMATION(#1506)SHAPE_REPRESENTATION_RELATIONSHIP());
#1508=CONTEXT_DEPENDENT_SHAPE_REPRESENTATION(#1507,#1497);
#1511=CARTESIAN_POINT('',(-4.667902132486E1,1.02E2,-1.791839747727E1));
#1512=DIRECTION('',(-3.583679495453E-1,0.E0,9.335804264972E-1));
#1513=DIRECTION('',(0.E0,1.E0,0.E0));
#1514=AXIS2_PLACEMENT_3D('',#1511,#1512,#1513);
#1516=CURVE_STYLE('',#331,POSITIVE_LENGTH_MEASURE(2.E-2),#165);
#1517=PRESENTATION_STYLE_ASSIGNMENT((#1516));
#1518=STYLED_ITEM('',(#1517),#1515);
#1519=DIRECTION('',(0.E0,-1.E0,0.E0));
#1520=VECTOR('',#1519,5.E-1);
#1521=CARTESIAN_POINT('',(-4.714581153811E1,1.02E2,-1.809758145204E1));
#1522=LINE('',#1521,#1520);
#1523=CURVE_STYLE('',#331,POSITIVE_LENGTH_MEASURE(2.E-2),#165);
#1524=PRESENTATION_STYLE_ASSIGNMENT((#1523));
#1525=STYLED_ITEM('',(#1524),#1522);
#1526=CARTESIAN_POINT('',(-4.667902132486E1,1.015E2,-1.791839747727E1));
#1527=DIRECTION('',(-3.583679495453E-1,0.E0,9.335804264972E-1));
#1528=DIRECTION('',(-9.335804264972E-1,0.E0,-3.583679495453E-1));
#1529=AXIS2_PLACEMENT_3D('',#1526,#1527,#1528);
#1531=CURVE_STYLE('',#331,POSITIVE_LENGTH_MEASURE(2.E-2),#165);
#1532=PRESENTATION_STYLE_ASSIGNMENT((#1531));
#1533=STYLED_ITEM('',(#1532),#1530);
#1534=CARTESIAN_POINT('',(-4.737920664473E1,1.005E2,-1.818717343942E1));
#1535=DIRECTION('',(3.583679495453E-1,0.E0,-9.335804264972E-1));
#1536=DIRECTION('',(5.601482558982E-1,8.000000000001E-1,2.150207697271E-1));
#1537=AXIS2_PLACEMENT_3D('',#1534,#1535,#1536);
#1539=CURVE_STYLE('',#331,POSITIVE_LENGTH_MEASURE(2.E-2),#165);
#1540=PRESENTATION_STYLE_ASSIGNMENT((#1539));
#1541=STYLED_ITEM('',(#1540),#1538);
#1542=CARTESIAN_POINT('',(-4.667902132486E1,9.95E1,-1.791839747727E1));
#1543=DIRECTION('',(-3.583679495453E-1,0.E0,9.335804264972E-1));
#1544=DIRECTION('',(-5.601482558982E-1,8.000000000001E-1,-2.150207697271E-1));
#1545=AXIS2_PLACEMENT_3D('',#1542,#1543,#1544);
#1547=CURVE_STYLE('',#331,POSITIVE_LENGTH_MEASURE(2.E-2),#165);
#1548=PRESENTATION_STYLE_ASSIGNMENT((#1547));
#1549=STYLED_ITEM('',(#1548),#1546);
#1550=DIRECTION('',(0.E0,-1.E0,0.E0));
#1551=VECTOR('',#1550,2.015E2);
#1552=CARTESIAN_POINT('',(-4.714581153811E1,9.95E1,-1.809758145204E1));
#1553=LINE('',#1552,#1551);
#1554=CURVE_STYLE('',#331,POSITIVE_LENGTH_MEASURE(2.E-2),#165);
#1555=PRESENTATION_STYLE_ASSIGNMENT((#1554));
#1556=STYLED_ITEM('',(#1555),#1553);
#1557=CARTESIAN_POINT('',(-4.667902132486E1,-1.02E2,-1.791839747727E1));
#1558=DIRECTION('',(-3.583679495453E-1,0.E0,9.335804264972E-1));
#1559=DIRECTION('',(-9.335804264972E-1,0.E0,-3.583679495453E-1));
#1560=AXIS2_PLACEMENT_3D('',#1557,#1558,#1559);
#1562=CURVE_STYLE('',#331,POSITIVE_LENGTH_MEASURE(2.E-2),#165);
#1563=PRESENTATION_STYLE_ASSIGNMENT((#1562));
#1564=STYLED_ITEM('',(#1563),#1561);
#1565=DIRECTION('',(9.335804264972E-1,0.E0,3.583679495453E-1));
#1566=VECTOR('',#1565,4.5E0);
#1567=CARTESIAN_POINT('',(-4.667902132486E1,-1.025E2,-1.791839747727E1));
#1568=LINE('',#1567,#1566);
#1569=CURVE_STYLE('',#331,POSITIVE_LENGTH_MEASURE(2.E-2),#165);
#1570=PRESENTATION_STYLE_ASSIGNMENT((#1569));
#1571=STYLED_ITEM('',(#1570),#1568);
#1572=DIRECTION('',(0.E0,1.E0,0.E0));
#1573=VECTOR('',#1572,9.999999999998E-2);
#1574=CARTESIAN_POINT('',(-4.247790940562E1,-1.025E2,-1.630574170431E1));
#1575=LINE('',#1574,#1573);
#1576=CURVE_STYLE('',#331,POSITIVE_LENGTH_MEASURE(2.E-2),#165);
#1577=PRESENTATION_STYLE_ASSIGNMENT((#1576));
#1578=STYLED_ITEM('',(#1577),#1575);
#1579=DIRECTION('',(-9.335804264972E-1,0.E0,-3.583679495453E-1));
#1580=VECTOR('',#1579,4.5E0);
#1581=CARTESIAN_POINT('',(-4.247790940562E1,-1.024E2,-1.630574170431E1));
#1582=LINE('',#1581,#1580);
#1583=CURVE_STYLE('',#331,POSITIVE_LENGTH_MEASURE(2.E-2),#165);
#1584=PRESENTATION_STYLE_ASSIGNMENT((#1583));
#1585=STYLED_ITEM('',(#1584),#1582);
#1586=CARTESIAN_POINT('',(-4.667902132486E1,-1.02E2,-1.791839747727E1));
#1587=DIRECTION('',(3.583679495453E-1,0.E0,-9.335804264972E-1));
#1588=DIRECTION('',(0.E0,-1.E0,0.E0));
#1589=AXIS2_PLACEMENT_3D('',#1586,#1587,#1588);
#1591=CURVE_STYLE('',#331,POSITIVE_LENGTH_MEASURE(2.E-2),#165);
#1592=PRESENTATION_STYLE_ASSIGNMENT((#1591));
#1593=STYLED_ITEM('',(#1592),#1590);
#1594=DIRECTION('',(0.E0,1.E0,0.E0));
#1595=VECTOR('',#1594,2.015E2);
#1596=CARTESIAN_POINT('',(-4.705245349546E1,-1.02E2,-1.806174465708E1));
#1597=LINE('',#1596,#1595);
#1598=CURVE_STYLE('',#331,POSITIVE_LENGTH_MEASURE(2.E-2),#165);
#1599=PRESENTATION_STYLE_ASSIGNMENT((#1598));
#1600=STYLED_ITEM('',(#1599),#1597);
#1601=CARTESIAN_POINT('',(-4.667902132486E1,9.95E1,-1.791839747727E1));
#1602=DIRECTION('',(3.583679495453E-1,0.E0,-9.335804264972E-1));
#1603=DIRECTION('',(-9.335804264972E-1,0.E0,-3.583679495453E-1));
#1604=AXIS2_PLACEMENT_3D('',#1601,#1602,#1603);
#1606=CURVE_STYLE('',#331,POSITIVE_LENGTH_MEASURE(2.E-2),#165);
#1607=PRESENTATION_STYLE_ASSIGNMENT((#1606));
#1608=STYLED_ITEM('',(#1607),#1605);
#1609=CARTESIAN_POINT('',(-4.737920664473E1,1.005E2,-1.818717343942E1));
#1610=DIRECTION('',(-3.583679495453E-1,0.E0,9.335804264972E-1));
#1611=DIRECTION('',(5.601482558984E-1,-8.E-1,2.150207697272E-1));
#1612=AXIS2_PLACEMENT_3D('',#1609,#1610,#1611);
#1614=CURVE_STYLE('',#331,POSITIVE_LENGTH_MEASURE(2.E-2),#165);
#1615=PRESENTATION_STYLE_ASSIGNMENT((#1614));
#1616=STYLED_ITEM('',(#1615),#1613);
#1617=CARTESIAN_POINT('',(-4.667902132486E1,1.015E2,-1.791839747727E1));
#1618=DIRECTION('',(3.583679495453E-1,0.E0,-9.335804264972E-1));
#1619=DIRECTION('',(-5.601482558984E-1,-8.E-1,-2.150207697272E-1));
#1620=AXIS2_PLACEMENT_3D('',#1617,#1618,#1619);
#1622=CURVE_STYLE('',#331,POSITIVE_LENGTH_MEASURE(2.E-2),#165);
#1623=PRESENTATION_STYLE_ASSIGNMENT((#1622));
#1624=STYLED_ITEM('',(#1623),#1621);
#1625=DIRECTION('',(0.E0,1.E0,0.E0));
#1626=VECTOR('',#1625,5.E-1);
#1627=CARTESIAN_POINT('',(-4.705245349546E1,1.015E2,-1.806174465708E1));
#1628=LINE('',#1627,#1626);
#1629=CURVE_STYLE('',#331,POSITIVE_LENGTH_MEASURE(2.E-2),#165);
#1630=PRESENTATION_STYLE_ASSIGNMENT((#1629));
#1631=STYLED_ITEM('',(#1630),#1628);
#1632=CARTESIAN_POINT('',(-4.667902132486E1,1.02E2,-1.791839747727E1));
#1633=DIRECTION('',(3.583679495453E-1,0.E0,-9.335804264972E-1));
#1634=DIRECTION('',(-9.335804264972E-1,0.E0,-3.583679495453E-1));
#1635=AXIS2_PLACEMENT_3D('',#1632,#1633,#1634);
#1637=CURVE_STYLE('',#331,POSITIVE_LENGTH_MEASURE(2.E-2),#165);
#1638=PRESENTATION_STYLE_ASSIGNMENT((#1637));
#1639=STYLED_ITEM('',(#1638),#1636);
#1640=DIRECTION('',(9.335804264972E-1,0.E0,3.583679495453E-1));
#1641=VECTOR('',#1640,6.5E0);
#1642=CARTESIAN_POINT('',(-4.667902132486E1,1.024E2,-1.791839747727E1));
#1643=LINE('',#1642,#1641);
#1644=CURVE_STYLE('',#331,POSITIVE_LENGTH_MEASURE(2.E-2),#165);
#1645=PRESENTATION_STYLE_ASSIGNMENT((#1644));
#1646=STYLED_ITEM('',(#1645),#1643);
#1647=DIRECTION('',(0.E0,1.E0,0.E0));
#1648=VECTOR('',#1647,1.E-1);
#1649=CARTESIAN_POINT('',(-4.061074855263E1,1.024E2,-1.558900580522E1));
#1650=LINE('',#1649,#1648);
#1651=CURVE_STYLE('',#331,POSITIVE_LENGTH_MEASURE(2.E-2),#165);
#1652=PRESENTATION_STYLE_ASSIGNMENT((#1651));
#1653=STYLED_ITEM('',(#1652),#1650);
#1654=DIRECTION('',(-9.335804264972E-1,0.E0,-3.583679495453E-1));
#1655=VECTOR('',#1654,6.5E0);
#1656=CARTESIAN_POINT('',(-4.061074855263E1,1.025E2,-1.558900580522E1));
#1657=LINE('',#1656,#1655);
#1658=CURVE_STYLE('',#331,POSITIVE_LENGTH_MEASURE(2.E-2),#165);
#1659=PRESENTATION_STYLE_ASSIGNMENT((#1658));
#1660=STYLED_ITEM('',(#1659),#1657);
#1661=CARTESIAN_POINT('',(0.E0,1.025E2,0.E0));
#1662=DIRECTION('',(0.E0,1.E0,0.E0));
#1663=DIRECTION('',(-9.335804264972E-1,0.E0,-3.583679495453E-1));
#1664=AXIS2_PLACEMENT_3D('',#1661,#1662,#1663);
#1666=CURVE_STYLE('',#331,POSITIVE_LENGTH_MEASURE(2.E-2),#165);
#1667=PRESENTATION_STYLE_ASSIGNMENT((#1666));
#1668=STYLED_ITEM('',(#1667),#1665);
#1669=CARTESIAN_POINT('',(0.E0,1.025E2,0.E0));
#1670=DIRECTION('',(0.E0,1.E0,0.E0));
#1671=DIRECTION('',(-9.335804264972E-1,0.E0,-3.583679495453E-1));
#1672=AXIS2_PLACEMENT_3D('',#1669,#1670,#1671);
#1674=CURVE_STYLE('',#331,POSITIVE_LENGTH_MEASURE(2.E-2),#165);
#1675=PRESENTATION_STYLE_ASSIGNMENT((#1674));
#1676=STYLED_ITEM('',(#1675),#1673);
#1677=CARTESIAN_POINT('',(0.E0,1.024E2,0.E0));
#1678=DIRECTION('',(0.E0,1.E0,0.E0));
#1679=DIRECTION('',(-9.335804264972E-1,0.E0,-3.583679495453E-1));
#1680=AXIS2_PLACEMENT_3D('',#1677,#1678,#1679);
#1682=CURVE_STYLE('',#331,POSITIVE_LENGTH_MEASURE(2.E-2),#165);
#1683=PRESENTATION_STYLE_ASSIGNMENT((#1682));
#1684=STYLED_ITEM('',(#1683),#1681);
#1685=CARTESIAN_POINT('',(0.E0,1.024E2,0.E0));
#1686=DIRECTION('',(0.E0,1.E0,0.E0));
#1687=DIRECTION('',(-9.335804264972E-1,0.E0,-3.583679495453E-1));
#1688=AXIS2_PLACEMENT_3D('',#1685,#1686,#1687);
#1690=CURVE_STYLE('',#331,POSITIVE_LENGTH_MEASURE(2.E-2),#165);
#1691=PRESENTATION_STYLE_ASSIGNMENT((#1690));
#1692=STYLED_ITEM('',(#1691),#1689);
#1693=CARTESIAN_POINT('',(0.E0,1.02E2,0.E0));
#1694=DIRECTION('',(0.E0,1.E0,0.E0));
#1695=DIRECTION('',(-9.335804264972E-1,0.E0,-3.583679495453E-1));
#1696=AXIS2_PLACEMENT_3D('',#1693,#1694,#1695);
#1698=CURVE_STYLE('',#331,POSITIVE_LENGTH_MEASURE(2.E-2),#165);
#1699=PRESENTATION_STYLE_ASSIGNMENT((#1698));
#1700=STYLED_ITEM('',(#1699),#1697);
#1701=CARTESIAN_POINT('',(0.E0,1.015E2,0.E0));
#1702=DIRECTION('',(0.E0,1.E0,0.E0));
#1703=DIRECTION('',(-9.335804264972E-1,0.E0,-3.583679495453E-1));
#1704=AXIS2_PLACEMENT_3D('',#1701,#1702,#1703);
#1706=CURVE_STYLE('',#331,POSITIVE_LENGTH_MEASURE(2.E-2),#165);
#1707=PRESENTATION_STYLE_ASSIGNMENT((#1706));
#1708=STYLED_ITEM('',(#1707),#1705);
#1709=CARTESIAN_POINT('',(0.E0,1.0118E2,0.E0));
#1710=DIRECTION('',(0.E0,1.E0,0.E0));
#1711=DIRECTION('',(-9.335804264972E-1,0.E0,-3.583679495453E-1));
#1712=AXIS2_PLACEMENT_3D('',#1709,#1710,#1711);
#1714=CURVE_STYLE('',#331,POSITIVE_LENGTH_MEASURE(2.E-2),#165);
#1715=PRESENTATION_STYLE_ASSIGNMENT((#1714));
#1716=STYLED_ITEM('',(#1715),#1713);
#1717=CARTESIAN_POINT('',(0.E0,9.982E1,0.E0));
#1718=DIRECTION('',(0.E0,1.E0,0.E0));
#1719=DIRECTION('',(-9.335804264972E-1,0.E0,-3.583679495453E-1));
#1720=AXIS2_PLACEMENT_3D('',#1717,#1718,#1719);
#1722=CURVE_STYLE('',#331,POSITIVE_LENGTH_MEASURE(2.E-2),#165);
#1723=PRESENTATION_STYLE_ASSIGNMENT((#1722));
#1724=STYLED_ITEM('',(#1723),#1721);
#1725=CARTESIAN_POINT('',(0.E0,9.95E1,0.E0));
#1726=DIRECTION('',(0.E0,1.E0,0.E0));
#1727=DIRECTION('',(-9.335804264972E-1,0.E0,-3.583679495453E-1));
#1728=AXIS2_PLACEMENT_3D('',#1725,#1726,#1727);
#1730=CURVE_STYLE('',#331,POSITIVE_LENGTH_MEASURE(2.E-2),#165);
#1731=PRESENTATION_STYLE_ASSIGNMENT((#1730));
#1732=STYLED_ITEM('',(#1731),#1729);
#1733=CARTESIAN_POINT('',(0.E0,-1.02E2,0.E0));
#1734=DIRECTION('',(0.E0,1.E0,0.E0));
#1735=DIRECTION('',(-9.335804264972E-1,0.E0,-3.583679495453E-1));
#1736=AXIS2_PLACEMENT_3D('',#1733,#1734,#1735);
#1738=CURVE_STYLE('',#331,POSITIVE_LENGTH_MEASURE(2.E-2),#165);
#1739=PRESENTATION_STYLE_ASSIGNMENT((#1738));
#1740=STYLED_ITEM('',(#1739),#1737);
#1741=CARTESIAN_POINT('',(0.E0,-1.024E2,0.E0));
#1742=DIRECTION('',(0.E0,1.E0,0.E0));
#1743=DIRECTION('',(-9.335804264972E-1,0.E0,-3.583679495453E-1));
#1744=AXIS2_PLACEMENT_3D('',#1741,#1742,#1743);
#1746=CURVE_STYLE('',#331,POSITIVE_LENGTH_MEASURE(2.E-2),#165);
#1747=PRESENTATION_STYLE_ASSIGNMENT((#1746));
#1748=STYLED_ITEM('',(#1747),#1745);
#1749=CARTESIAN_POINT('',(0.E0,-1.024E2,0.E0));
#1750=DIRECTION('',(0.E0,1.E0,0.E0));
#1751=DIRECTION('',(-9.335804264972E-1,0.E0,-3.583679495453E-1));
#1752=AXIS2_PLACEMENT_3D('',#1749,#1750,#1751);
#1754=CURVE_STYLE('',#331,POSITIVE_LENGTH_MEASURE(2.E-2),#165);
#1755=PRESENTATION_STYLE_ASSIGNMENT((#1754));
#1756=STYLED_ITEM('',(#1755),#1753);
#1757=CARTESIAN_POINT('',(0.E0,-1.025E2,0.E0));
#1758=DIRECTION('',(0.E0,1.E0,0.E0));
#1759=DIRECTION('',(-9.335804264972E-1,0.E0,-3.583679495453E-1));
#1760=AXIS2_PLACEMENT_3D('',#1757,#1758,#1759);
#1762=CURVE_STYLE('',#331,POSITIVE_LENGTH_MEASURE(2.E-2),#165);
#1763=PRESENTATION_STYLE_ASSIGNMENT((#1762));
#1764=STYLED_ITEM('',(#1763),#1761);
#1765=CARTESIAN_POINT('',(0.E0,-1.025E2,0.E0));
#1766=DIRECTION('',(0.E0,1.E0,0.E0));
#1767=DIRECTION('',(-9.335804264972E-1,0.E0,-3.583679495453E-1));
#1768=AXIS2_PLACEMENT_3D('',#1765,#1766,#1767);
#1770=CURVE_STYLE('',#331,POSITIVE_LENGTH_MEASURE(2.E-2),#165);
#1771=PRESENTATION_STYLE_ASSIGNMENT((#1770));
#1772=STYLED_ITEM('',(#1771),#1769);
#1773=CARTESIAN_POINT('',(0.E0,-1.02E2,0.E0));
#1774=DIRECTION('',(0.E0,1.E0,0.E0));
#1775=DIRECTION('',(-9.335804264972E-1,0.E0,-3.583679495453E-1));
#1776=AXIS2_PLACEMENT_3D('',#1773,#1774,#1775);
#1778=CURVE_STYLE('',#331,POSITIVE_LENGTH_MEASURE(2.E-2),#165);
#1779=PRESENTATION_STYLE_ASSIGNMENT((#1778));
#1780=STYLED_ITEM('',(#1779),#1777);
#1781=CARTESIAN_POINT('',(0.E0,9.95E1,0.E0));
#1782=DIRECTION('',(0.E0,1.E0,0.E0));
#1783=DIRECTION('',(-9.335804264972E-1,0.E0,-3.583679495453E-1));
#1784=AXIS2_PLACEMENT_3D('',#1781,#1782,#1783);
#1786=CURVE_STYLE('',#331,POSITIVE_LENGTH_MEASURE(2.E-2),#165);
#1787=PRESENTATION_STYLE_ASSIGNMENT((#1786));
#1788=STYLED_ITEM('',(#1787),#1785);
#1789=CARTESIAN_POINT('',(0.E0,9.99E1,0.E0));
#1790=DIRECTION('',(0.E0,1.E0,0.E0));
#1791=DIRECTION('',(-9.335804264972E-1,0.E0,-3.583679495453E-1));
#1792=AXIS2_PLACEMENT_3D('',#1789,#1790,#1791);
#1794=CURVE_STYLE('',#331,POSITIVE_LENGTH_MEASURE(2.E-2),#165);
#1795=PRESENTATION_STYLE_ASSIGNMENT((#1794));
#1796=STYLED_ITEM('',(#1795),#1793);
#1797=CARTESIAN_POINT('',(0.E0,1.011E2,0.E0));
#1798=DIRECTION('',(0.E0,1.E0,0.E0));
#1799=DIRECTION('',(-9.335804264972E-1,0.E0,-3.583679495453E-1));
#1800=AXIS2_PLACEMENT_3D('',#1797,#1798,#1799);
#1802=CURVE_STYLE('',#331,POSITIVE_LENGTH_MEASURE(2.E-2),#165);
#1803=PRESENTATION_STYLE_ASSIGNMENT((#1802));
#1804=STYLED_ITEM('',(#1803),#1801);
#1805=CARTESIAN_POINT('',(0.E0,1.015E2,0.E0));
#1806=DIRECTION('',(0.E0,1.E0,0.E0));
#1807=DIRECTION('',(-9.335804264972E-1,0.E0,-3.583679495453E-1));
#1808=AXIS2_PLACEMENT_3D('',#1805,#1806,#1807);
#1810=CURVE_STYLE('',#331,POSITIVE_LENGTH_MEASURE(2.E-2),#165);
#1811=PRESENTATION_STYLE_ASSIGNMENT((#1810));
#1812=STYLED_ITEM('',(#1811),#1809);
#1813=CARTESIAN_POINT('',(0.E0,1.02E2,0.E0));
#1814=DIRECTION('',(0.E0,1.E0,0.E0));
#1815=DIRECTION('',(-9.335804264972E-1,0.E0,-3.583679495453E-1));
#1816=AXIS2_PLACEMENT_3D('',#1813,#1814,#1815);
#1818=CURVE_STYLE('',#331,POSITIVE_LENGTH_MEASURE(2.E-2),#165);
#1819=PRESENTATION_STYLE_ASSIGNMENT((#1818));
#1820=STYLED_ITEM('',(#1819),#1817);
#1821=CARTESIAN_POINT('',(-4.667902132486E1,1.02E2,1.791839747727E1));
#1822=DIRECTION('',(3.583679495453E-1,0.E0,9.335804264972E-1));
#1823=DIRECTION('',(-1.421085471520E-14,1.E0,0.E0));
#1824=AXIS2_PLACEMENT_3D('',#1821,#1822,#1823);
#1826=CURVE_STYLE('',#331,POSITIVE_LENGTH_MEASURE(2.E-2),#165);
#1827=PRESENTATION_STYLE_ASSIGNMENT((#1826));
#1828=STYLED_ITEM('',(#1827),#1825);
#1829=DIRECTION('',(-9.335804264972E-1,0.E0,3.583679495453E-1));
#1830=VECTOR('',#1829,6.5E0);
#1831=CARTESIAN_POINT('',(-4.061074855263E1,1.025E2,1.558900580522E1));
#1832=LINE('',#1831,#1830);
#1833=CURVE_STYLE('',#331,POSITIVE_LENGTH_MEASURE(2.E-2),#165);
#1834=PRESENTATION_STYLE_ASSIGNMENT((#1833));
#1835=STYLED_ITEM('',(#1834),#1832);
#1836=DIRECTION('',(0.E0,1.E0,0.E0));
#1837=VECTOR('',#1836,1.E-1);
#1838=CARTESIAN_POINT('',(-4.061074855263E1,1.024E2,1.558900580522E1));
#1839=LINE('',#1838,#1837);
#1840=CURVE_STYLE('',#331,POSITIVE_LENGTH_MEASURE(2.E-2),#165);
#1841=PRESENTATION_STYLE_ASSIGNMENT((#1840));
#1842=STYLED_ITEM('',(#1841),#1839);
#1843=DIRECTION('',(9.335804264972E-1,0.E0,-3.583679495453E-1));
#1844=VECTOR('',#1843,6.5E0);
#1845=CARTESIAN_POINT('',(-4.667902132486E1,1.024E2,1.791839747727E1));
#1846=LINE('',#1845,#1844);
#1847=CURVE_STYLE('',#331,POSITIVE_LENGTH_MEASURE(2.E-2),#165);
#1848=PRESENTATION_STYLE_ASSIGNMENT((#1847));
#1849=STYLED_ITEM('',(#1848),#1846);
#1850=CARTESIAN_POINT('',(-4.667902132486E1,1.02E2,1.791839747727E1));
#1851=DIRECTION('',(-3.583679495453E-1,0.E0,-9.335804264972E-1));
#1852=DIRECTION('',(-9.335804264972E-1,0.E0,3.583679495453E-1));
#1853=AXIS2_PLACEMENT_3D('',#1850,#1851,#1852);
#1855=CURVE_STYLE('',#331,POSITIVE_LENGTH_MEASURE(2.E-2),#165);
#1856=PRESENTATION_STYLE_ASSIGNMENT((#1855));
#1857=STYLED_ITEM('',(#1856),#1854);
#1858=DIRECTION('',(0.E0,1.E0,0.E0));
#1859=VECTOR('',#1858,5.E-1);
#1860=CARTESIAN_POINT('',(-4.705245349546E1,1.015E2,1.806174465708E1));
#1861=LINE('',#1860,#1859);
#1862=CURVE_STYLE('',#331,POSITIVE_LENGTH_MEASURE(2.E-2),#165);
#1863=PRESENTATION_STYLE_ASSIGNMENT((#1862));
#1864=STYLED_ITEM('',(#1863),#1861);
#1865=CARTESIAN_POINT('',(-4.667902132486E1,1.015E2,1.791839747727E1));
#1866=DIRECTION('',(-3.583679495453E-1,0.E0,-9.335804264972E-1));
#1867=DIRECTION('',(-5.601482558984E-1,-8.E-1,2.150207697272E-1));
#1868=AXIS2_PLACEMENT_3D('',#1865,#1866,#1867);
#1870=CURVE_STYLE('',#331,POSITIVE_LENGTH_MEASURE(2.E-2),#165);
#1871=PRESENTATION_STYLE_ASSIGNMENT((#1870));
#1872=STYLED_ITEM('',(#1871),#1869);
#1873=CARTESIAN_POINT('',(-4.737920664473E1,1.005E2,1.818717343942E1));
#1874=DIRECTION('',(3.583679495453E-1,0.E0,9.335804264972E-1));
#1875=DIRECTION('',(5.601482558984E-1,-8.E-1,-2.150207697272E-1));
#1876=AXIS2_PLACEMENT_3D('',#1873,#1874,#1875);
#1878=CURVE_STYLE('',#331,POSITIVE_LENGTH_MEASURE(2.E-2),#165);
#1879=PRESENTATION_STYLE_ASSIGNMENT((#1878));
#1880=STYLED_ITEM('',(#1879),#1877);
#1881=CARTESIAN_POINT('',(-4.667902132486E1,9.95E1,1.791839747727E1));
#1882=DIRECTION('',(-3.583679495453E-1,0.E0,-9.335804264972E-1));
#1883=DIRECTION('',(-9.335804264972E-1,0.E0,3.583679495453E-1));
#1884=AXIS2_PLACEMENT_3D('',#1881,#1882,#1883);
#1886=CURVE_STYLE('',#331,POSITIVE_LENGTH_MEASURE(2.E-2),#165);
#1887=PRESENTATION_STYLE_ASSIGNMENT((#1886));
#1888=STYLED_ITEM('',(#1887),#1885);
#1889=DIRECTION('',(0.E0,1.E0,0.E0));
#1890=VECTOR('',#1889,2.015E2);
#1891=CARTESIAN_POINT('',(-4.705245349546E1,-1.02E2,1.806174465708E1));
#1892=LINE('',#1891,#1890);
#1893=CURVE_STYLE('',#331,POSITIVE_LENGTH_MEASURE(2.E-2),#165);
#1894=PRESENTATION_STYLE_ASSIGNMENT((#1893));
#1895=STYLED_ITEM('',(#1894),#1892);
#1896=CARTESIAN_POINT('',(-4.667902132486E1,-1.02E2,1.791839747727E1));
#1897=DIRECTION('',(-3.583679495453E-1,0.E0,-9.335804264972E-1));
#1898=DIRECTION('',(-1.776356839400E-14,-1.E0,0.E0));
#1899=AXIS2_PLACEMENT_3D('',#1896,#1897,#1898);
#1901=CURVE_STYLE('',#331,POSITIVE_LENGTH_MEASURE(2.E-2),#165);
#1902=PRESENTATION_STYLE_ASSIGNMENT((#1901));
#1903=STYLED_ITEM('',(#1902),#1900);
#1904=DIRECTION('',(-9.335804264972E-1,0.E0,3.583679495453E-1));
#1905=VECTOR('',#1904,4.5E0);
#1906=CARTESIAN_POINT('',(-4.247790940562E1,-1.024E2,1.630574170431E1));
#1907=LINE('',#1906,#1905);
#1908=CURVE_STYLE('',#331,POSITIVE_LENGTH_MEASURE(2.E-2),#165);
#1909=PRESENTATION_STYLE_ASSIGNMENT((#1908));
#1910=STYLED_ITEM('',(#1909),#1907);
#1911=DIRECTION('',(0.E0,1.E0,0.E0));
#1912=VECTOR('',#1911,9.999999999998E-2);
#1913=CARTESIAN_POINT('',(-4.247790940562E1,-1.025E2,1.630574170431E1));
#1914=LINE('',#1913,#1912);
#1915=CURVE_STYLE('',#331,POSITIVE_LENGTH_MEASURE(2.E-2),#165);
#1916=PRESENTATION_STYLE_ASSIGNMENT((#1915));
#1917=STYLED_ITEM('',(#1916),#1914);
#1918=DIRECTION('',(9.335804264972E-1,0.E0,-3.583679495453E-1));
#1919=VECTOR('',#1918,4.5E0);
#1920=CARTESIAN_POINT('',(-4.667902132486E1,-1.025E2,1.791839747727E1));
#1921=LINE('',#1920,#1919);
#1922=CURVE_STYLE('',#331,POSITIVE_LENGTH_MEASURE(2.E-2),#165);
#1923=PRESENTATION_STYLE_ASSIGNMENT((#1922));
#1924=STYLED_ITEM('',(#1923),#1921);
#1925=CARTESIAN_POINT('',(-4.667902132486E1,-1.02E2,1.791839747727E1));
#1926=DIRECTION('',(3.583679495453E-1,0.E0,9.335804264972E-1));
#1927=DIRECTION('',(-9.335804264972E-1,0.E0,3.583679495453E-1));
#1928=AXIS2_PLACEMENT_3D('',#1925,#1926,#1927);
#1930=CURVE_STYLE('',#331,POSITIVE_LENGTH_MEASURE(2.E-2),#165);
#1931=PRESENTATION_STYLE_ASSIGNMENT((#1930));
#1932=STYLED_ITEM('',(#1931),#1929);
#1933=DIRECTION('',(0.E0,-1.E0,0.E0));
#1934=VECTOR('',#1933,2.015E2);
#1935=CARTESIAN_POINT('',(-4.714581153811E1,9.95E1,1.809758145204E1));
#1936=LINE('',#1935,#1934);
#1937=CURVE_STYLE('',#331,POSITIVE_LENGTH_MEASURE(2.E-2),#165);
#1938=PRESENTATION_STYLE_ASSIGNMENT((#1937));
#1939=STYLED_ITEM('',(#1938),#1936);
#1940=CARTESIAN_POINT('',(-4.667902132486E1,9.95E1,1.791839747727E1));
#1941=DIRECTION('',(3.583679495453E-1,0.E0,9.335804264972E-1));
#1942=DIRECTION('',(-5.601482558982E-1,8.000000000001E-1,2.150207697271E-1));
#1943=AXIS2_PLACEMENT_3D('',#1940,#1941,#1942);
#1945=CURVE_STYLE('',#331,POSITIVE_LENGTH_MEASURE(2.E-2),#165);
#1946=PRESENTATION_STYLE_ASSIGNMENT((#1945));
#1947=STYLED_ITEM('',(#1946),#1944);
#1948=CARTESIAN_POINT('',(-4.737920664473E1,1.005E2,1.818717343942E1));
#1949=DIRECTION('',(-3.583679495453E-1,0.E0,-9.335804264972E-1));
#1950=DIRECTION('',(5.601482558982E-1,8.000000000001E-1,-2.150207697271E-1));
#1951=AXIS2_PLACEMENT_3D('',#1948,#1949,#1950);
#1953=CURVE_STYLE('',#331,POSITIVE_LENGTH_MEASURE(2.E-2),#165);
#1954=PRESENTATION_STYLE_ASSIGNMENT((#1953));
#1955=STYLED_ITEM('',(#1954),#1952);
#1956=CARTESIAN_POINT('',(-4.667902132486E1,1.015E2,1.791839747727E1));
#1957=DIRECTION('',(3.583679495453E-1,0.E0,9.335804264972E-1));
#1958=DIRECTION('',(-9.335804264972E-1,0.E0,3.583679495453E-1));
#1959=AXIS2_PLACEMENT_3D('',#1956,#1957,#1958);
#1961=CURVE_STYLE('',#331,POSITIVE_LENGTH_MEASURE(2.E-2),#165);
#1962=PRESENTATION_STYLE_ASSIGNMENT((#1961));
#1963=STYLED_ITEM('',(#1962),#1960);
#1964=DIRECTION('',(0.E0,-1.E0,0.E0));
#1965=VECTOR('',#1964,5.E-1);
#1966=CARTESIAN_POINT('',(-4.714581153811E1,1.02E2,1.809758145204E1));
#1967=LINE('',#1966,#1965);
#1968=CURVE_STYLE('',#331,POSITIVE_LENGTH_MEASURE(2.E-2),#165);
#1969=PRESENTATION_STYLE_ASSIGNMENT((#1968));
#1970=STYLED_ITEM('',(#1969),#1967);
#1971=CARTESIAN_POINT('',(-4.061074855263E1,1.025E2,-1.558900580522E1));
#1972=CARTESIAN_POINT('',(-4.667902132486E1,1.025E2,-1.791839747727E1));
#1973=VERTEX_POINT('',#1971);
#1974=VERTEX_POINT('',#1972);
#1975=CARTESIAN_POINT('',(-4.714581153811E1,1.02E2,-1.809758145204E1));
#1976=VERTEX_POINT('',#1975);
#1977=CARTESIAN_POINT('',(-4.714581153811E1,1.015E2,-1.809758145204E1));
#1978=VERTEX_POINT('',#1977);
#1979=CARTESIAN_POINT('',(-4.695909545281E1,1.011E2,-1.802590786213E1));
#1980=VERTEX_POINT('',#1979);
#1981=CARTESIAN_POINT('',(-4.695909545281E1,9.99E1,-1.802590786213E1));
#1982=VERTEX_POINT('',#1981);
#1983=CARTESIAN_POINT('',(-4.714581153811E1,9.95E1,-1.809758145204E1));
#1984=VERTEX_POINT('',#1983);
#1985=CARTESIAN_POINT('',(-4.714581153811E1,-1.02E2,-1.809758145204E1));
#1986=VERTEX_POINT('',#1985);
#1987=CARTESIAN_POINT('',(-4.667902132486E1,-1.025E2,-1.791839747727E1));
#1988=VERTEX_POINT('',#1987);
#1989=CARTESIAN_POINT('',(-4.247790940562E1,-1.025E2,-1.630574170431E1));
#1990=VERTEX_POINT('',#1989);
#1991=CARTESIAN_POINT('',(-4.061074855263E1,1.025E2,1.558900580522E1));
#1992=CARTESIAN_POINT('',(-4.667902132486E1,1.025E2,1.791839747727E1));
#1993=VERTEX_POINT('',#1991);
#1994=VERTEX_POINT('',#1992);
#1995=CARTESIAN_POINT('',(-4.714581153811E1,1.02E2,1.809758145204E1));
#1996=VERTEX_POINT('',#1995);
#1997=CARTESIAN_POINT('',(-4.714581153811E1,1.015E2,1.809758145204E1));
#1998=VERTEX_POINT('',#1997);
#1999=CARTESIAN_POINT('',(-4.695909545281E1,1.011E2,1.802590786213E1));
#2000=VERTEX_POINT('',#1999);
#2001=CARTESIAN_POINT('',(-4.695909545281E1,9.99E1,1.802590786213E1));
#2002=VERTEX_POINT('',#2001);
#2003=CARTESIAN_POINT('',(-4.714581153811E1,9.95E1,1.809758145204E1));
#2004=VERTEX_POINT('',#2003);
#2005=CARTESIAN_POINT('',(-4.714581153811E1,-1.02E2,1.809758145204E1));
#2006=VERTEX_POINT('',#2005);
#2007=CARTESIAN_POINT('',(-4.667902132486E1,-1.025E2,1.791839747727E1));
#2008=VERTEX_POINT('',#2007);
#2009=CARTESIAN_POINT('',(-4.247790940562E1,-1.025E2,1.630574170431E1));
#2010=VERTEX_POINT('',#2009);
#2011=CARTESIAN_POINT('',(-4.247790940562E1,-1.024E2,-1.630574170431E1));
#2012=VERTEX_POINT('',#2011);
#2013=CARTESIAN_POINT('',(-4.061074855263E1,1.024E2,-1.558900580522E1));
#2014=VERTEX_POINT('',#2013);
#2015=CARTESIAN_POINT('',(-4.247790940562E1,-1.024E2,1.630574170431E1));
#2016=VERTEX_POINT('',#2015);
#2017=CARTESIAN_POINT('',(-4.061074855263E1,1.024E2,1.558900580522E1));
#2018=VERTEX_POINT('',#2017);
#2019=CARTESIAN_POINT('',(-4.667902132486E1,1.024E2,-1.791839747727E1));
#2020=VERTEX_POINT('',#2019);
#2021=CARTESIAN_POINT('',(-4.705245349546E1,1.02E2,-1.806174465708E1));
#2022=VERTEX_POINT('',#2021);
#2023=CARTESIAN_POINT('',(-4.705245349546E1,1.015E2,-1.806174465708E1));
#2024=VERTEX_POINT('',#2023);
#2025=CARTESIAN_POINT('',(-4.690308062722E1,1.0118E2,-1.800440578516E1));
#2026=VERTEX_POINT('',#2025);
#2027=CARTESIAN_POINT('',(-4.690308062722E1,9.982E1,-1.800440578516E1));
#2028=VERTEX_POINT('',#2027);
#2029=CARTESIAN_POINT('',(-4.705245349546E1,9.95E1,-1.806174465708E1));
#2030=VERTEX_POINT('',#2029);
#2031=CARTESIAN_POINT('',(-4.705245349546E1,-1.02E2,-1.806174465708E1));
#2032=VERTEX_POINT('',#2031);
#2033=CARTESIAN_POINT('',(-4.667902132486E1,-1.024E2,-1.791839747727E1));
#2034=VERTEX_POINT('',#2033);
#2035=CARTESIAN_POINT('',(-4.667902132486E1,1.024E2,1.791839747727E1));
#2036=VERTEX_POINT('',#2035);
#2037=CARTESIAN_POINT('',(-4.705245349546E1,1.02E2,1.806174465708E1));
#2038=VERTEX_POINT('',#2037);
#2039=CARTESIAN_POINT('',(-4.705245349546E1,1.015E2,1.806174465708E1));
#2040=VERTEX_POINT('',#2039);
#2041=CARTESIAN_POINT('',(-4.690308062722E1,1.0118E2,1.800440578516E1));
#2042=VERTEX_POINT('',#2041);
#2043=CARTESIAN_POINT('',(-4.690308062722E1,9.982E1,1.800440578516E1));
#2044=VERTEX_POINT('',#2043);
#2045=CARTESIAN_POINT('',(-4.705245349546E1,9.95E1,1.806174465708E1));
#2046=VERTEX_POINT('',#2045);
#2047=CARTESIAN_POINT('',(-4.705245349546E1,-1.02E2,1.806174465708E1));
#2048=VERTEX_POINT('',#2047);
#2049=CARTESIAN_POINT('',(-4.667902132486E1,-1.024E2,1.791839747727E1));
#2050=VERTEX_POINT('',#2049);
#2051=CARTESIAN_POINT('',(0.E0,-1.E0,0.E0));
#2052=DIRECTION('',(-3.583679495453E-1,0.E0,9.335804264972E-1));
#2053=DIRECTION('',(9.335804264972E-1,0.E0,3.583679495453E-1));
#2054=AXIS2_PLACEMENT_3D('',#2051,#2052,#2053);
#2055=PLANE('',#2054);
#2057=ORIENTED_EDGE('',*,*,#2056,.T.);
#2059=ORIENTED_EDGE('',*,*,#2058,.T.);
#2061=ORIENTED_EDGE('',*,*,#2060,.T.);
#2063=ORIENTED_EDGE('',*,*,#2062,.T.);
#2065=ORIENTED_EDGE('',*,*,#2064,.T.);
#2067=ORIENTED_EDGE('',*,*,#2066,.T.);
#2069=ORIENTED_EDGE('',*,*,#2068,.T.);
#2071=ORIENTED_EDGE('',*,*,#2070,.T.);
#2073=ORIENTED_EDGE('',*,*,#2072,.T.);
#2075=ORIENTED_EDGE('',*,*,#2074,.T.);
#2077=ORIENTED_EDGE('',*,*,#2076,.T.);
#2079=ORIENTED_EDGE('',*,*,#2078,.T.);
#2081=ORIENTED_EDGE('',*,*,#2080,.T.);
#2083=ORIENTED_EDGE('',*,*,#2082,.T.);
#2085=ORIENTED_EDGE('',*,*,#2084,.T.);
#2087=ORIENTED_EDGE('',*,*,#2086,.T.);
#2089=ORIENTED_EDGE('',*,*,#2088,.T.);
#2091=ORIENTED_EDGE('',*,*,#2090,.T.);
#2093=ORIENTED_EDGE('',*,*,#2092,.T.);
#2095=ORIENTED_EDGE('',*,*,#2094,.T.);
#2096=EDGE_LOOP('',(#2057,#2059,#2061,#2063,#2065,#2067,#2069,#2071,#2073,#2075,
#2077,#2079,#2081,#2083,#2085,#2087,#2089,#2091,#2093,#2095));
#2097=FACE_OUTER_BOUND('',#2096,.F.);
#2099=CARTESIAN_POINT('',(0.E0,1.02E2,0.E0));
#2100=DIRECTION('',(0.E0,1.E0,0.E0));
#2101=DIRECTION('',(9.335804264972E-1,0.E0,3.583679495453E-1));
#2102=AXIS2_PLACEMENT_3D('',#2099,#2100,#2101);
#2103=TOROIDAL_SURFACE('',#2102,5.E1,5.E-1);
#2104=ORIENTED_EDGE('',*,*,#2056,.F.);
#2106=ORIENTED_EDGE('',*,*,#2105,.T.);
#2108=ORIENTED_EDGE('',*,*,#2107,.T.);
#2110=ORIENTED_EDGE('',*,*,#2109,.F.);
#2111=EDGE_LOOP('',(#2104,#2106,#2108,#2110));
#2112=FACE_OUTER_BOUND('',#2111,.F.);
#2114=CARTESIAN_POINT('',(0.E0,1.025E2,0.E0));
#2115=DIRECTION('',(0.E0,1.E0,0.E0));
#2116=DIRECTION('',(9.335804264972E-1,0.E0,3.583679495453E-1));
#2117=AXIS2_PLACEMENT_3D('',#2114,#2115,#2116);
#2118=PLANE('',#2117);
#2119=ORIENTED_EDGE('',*,*,#2094,.F.);
#2121=ORIENTED_EDGE('',*,*,#2120,.T.);
#2123=ORIENTED_EDGE('',*,*,#2122,.T.);
#2124=ORIENTED_EDGE('',*,*,#2105,.F.);
#2125=EDGE_LOOP('',(#2119,#2121,#2123,#2124));
#2126=FACE_OUTER_BOUND('',#2125,.F.);
#2128=CARTESIAN_POINT('',(0.E0,-1.E0,0.E0));
#2129=DIRECTION('',(0.E0,1.E0,0.E0));
#2130=DIRECTION('',(9.335804264972E-1,0.E0,3.583679495453E-1));
#2131=AXIS2_PLACEMENT_3D('',#2128,#2129,#2130);
#2132=CYLINDRICAL_SURFACE('',#2131,4.35E1);
#2133=ORIENTED_EDGE('',*,*,#2092,.F.);
#2135=ORIENTED_EDGE('',*,*,#2134,.T.);
#2137=ORIENTED_EDGE('',*,*,#2136,.T.);
#2138=ORIENTED_EDGE('',*,*,#2120,.F.);
#2139=EDGE_LOOP('',(#2133,#2135,#2137,#2138));
#2140=FACE_OUTER_BOUND('',#2139,.F.);
#2142=CARTESIAN_POINT('',(0.E0,1.024E2,0.E0));
#2143=DIRECTION('',(0.E0,1.E0,0.E0));
#2144=DIRECTION('',(9.335804264972E-1,0.E0,3.583679495453E-1));
#2145=AXIS2_PLACEMENT_3D('',#2142,#2143,#2144);
#2146=PLANE('',#2145);
#2147=ORIENTED_EDGE('',*,*,#2090,.F.);
#2149=ORIENTED_EDGE('',*,*,#2148,.T.);
#2151=ORIENTED_EDGE('',*,*,#2150,.T.);
#2152=ORIENTED_EDGE('',*,*,#2134,.F.);
#2153=EDGE_LOOP('',(#2147,#2149,#2151,#2152));
#2154=FACE_OUTER_BOUND('',#2153,.F.);
#2156=CARTESIAN_POINT('',(0.E0,1.02E2,0.E0));
#2157=DIRECTION('',(0.E0,1.E0,0.E0));
#2158=DIRECTION('',(9.335804264972E-1,0.E0,3.583679495453E-1));
#2159=AXIS2_PLACEMENT_3D('',#2156,#2157,#2158);
#2160=TOROIDAL_SURFACE('',#2159,5.E1,4.E-1);
#2161=ORIENTED_EDGE('',*,*,#2088,.F.);
#2163=ORIENTED_EDGE('',*,*,#2162,.T.);
#2165=ORIENTED_EDGE('',*,*,#2164,.T.);
#2166=ORIENTED_EDGE('',*,*,#2148,.F.);
#2167=EDGE_LOOP('',(#2161,#2163,#2165,#2166));
#2168=FACE_OUTER_BOUND('',#2167,.F.);
#2170=CARTESIAN_POINT('',(0.E0,-1.E0,0.E0));
#2171=DIRECTION('',(0.E0,1.E0,0.E0));
#2172=DIRECTION('',(9.335804264972E-1,0.E0,3.583679495453E-1));
#2173=AXIS2_PLACEMENT_3D('',#2170,#2171,#2172);
#2174=CYLINDRICAL_SURFACE('',#2173,5.04E1);
#2175=ORIENTED_EDGE('',*,*,#2086,.F.);
#2177=ORIENTED_EDGE('',*,*,#2176,.T.);
#2179=ORIENTED_EDGE('',*,*,#2178,.T.);
#2180=ORIENTED_EDGE('',*,*,#2162,.F.);
#2181=EDGE_LOOP('',(#2175,#2177,#2179,#2180));
#2182=FACE_OUTER_BOUND('',#2181,.F.);
#2184=CARTESIAN_POINT('',(0.E0,1.015E2,0.E0));
#2185=DIRECTION('',(0.E0,1.E0,0.E0));
#2186=DIRECTION('',(9.335804264972E-1,0.E0,3.583679495453E-1));
#2187=AXIS2_PLACEMENT_3D('',#2184,#2185,#2186);
#2188=TOROIDAL_SURFACE('',#2187,5.E1,4.E-1);
#2189=ORIENTED_EDGE('',*,*,#2084,.F.);
#2191=ORIENTED_EDGE('',*,*,#2190,.T.);
#2193=ORIENTED_EDGE('',*,*,#2192,.T.);
#2194=ORIENTED_EDGE('',*,*,#2176,.F.);
#2195=EDGE_LOOP('',(#2189,#2191,#2193,#2194));
#2196=FACE_OUTER_BOUND('',#2195,.F.);
#2198=CARTESIAN_POINT('',(0.E0,1.005E2,0.E0));
#2199=DIRECTION('',(0.E0,1.E0,0.E0));
#2200=DIRECTION('',(9.335804264972E-1,0.E0,3.583679495453E-1));
#2201=AXIS2_PLACEMENT_3D('',#2198,#2199,#2200);
#2202=TOROIDAL_SURFACE('',#2201,5.075E1,8.5E-1);
#2203=ORIENTED_EDGE('',*,*,#2082,.F.);
#2205=ORIENTED_EDGE('',*,*,#2204,.T.);
#2207=ORIENTED_EDGE('',*,*,#2206,.T.);
#2208=ORIENTED_EDGE('',*,*,#2190,.F.);
#2209=EDGE_LOOP('',(#2203,#2205,#2207,#2208));
#2210=FACE_OUTER_BOUND('',#2209,.F.);
#2212=CARTESIAN_POINT('',(0.E0,9.95E1,0.E0));
#2213=DIRECTION('',(0.E0,1.E0,0.E0));
#2214=DIRECTION('',(9.335804264972E-1,0.E0,3.583679495453E-1));
#2215=AXIS2_PLACEMENT_3D('',#2212,#2213,#2214);
#2216=TOROIDAL_SURFACE('',#2215,5.E1,4.E-1);
#2217=ORIENTED_EDGE('',*,*,#2080,.F.);
#2219=ORIENTED_EDGE('',*,*,#2218,.T.);
#2221=ORIENTED_EDGE('',*,*,#2220,.T.);
#2222=ORIENTED_EDGE('',*,*,#2204,.F.);
#2223=EDGE_LOOP('',(#2217,#2219,#2221,#2222));
#2224=FACE_OUTER_BOUND('',#2223,.F.);
#2226=CARTESIAN_POINT('',(0.E0,-1.E0,0.E0));
#2227=DIRECTION('',(0.E0,1.E0,0.E0));
#2228=DIRECTION('',(9.335804264972E-1,0.E0,3.583679495453E-1));
#2229=AXIS2_PLACEMENT_3D('',#2226,#2227,#2228);
#2230=CYLINDRICAL_SURFACE('',#2229,5.04E1);
#2231=ORIENTED_EDGE('',*,*,#2078,.F.);
#2233=ORIENTED_EDGE('',*,*,#2232,.T.);
#2235=ORIENTED_EDGE('',*,*,#2234,.T.);
#2236=ORIENTED_EDGE('',*,*,#2218,.F.);
#2237=EDGE_LOOP('',(#2231,#2233,#2235,#2236));
#2238=FACE_OUTER_BOUND('',#2237,.F.);
#2240=CARTESIAN_POINT('',(0.E0,-1.02E2,0.E0));
#2241=DIRECTION('',(0.E0,1.E0,0.E0));
#2242=DIRECTION('',(9.335804264972E-1,0.E0,3.583679495453E-1));
#2243=AXIS2_PLACEMENT_3D('',#2240,#2241,#2242);
#2244=TOROIDAL_SURFACE('',#2243,5.E1,4.E-1);
#2245=ORIENTED_EDGE('',*,*,#2076,.F.);
#2247=ORIENTED_EDGE('',*,*,#2246,.T.);
#2249=ORIENTED_EDGE('',*,*,#2248,.T.);
#2250=ORIENTED_EDGE('',*,*,#2232,.F.);
#2251=EDGE_LOOP('',(#2245,#2247,#2249,#2250));
#2252=FACE_OUTER_BOUND('',#2251,.F.);
#2254=CARTESIAN_POINT('',(0.E0,-1.024E2,0.E0));
#2255=DIRECTION('',(0.E0,1.E0,0.E0));
#2256=DIRECTION('',(9.335804264972E-1,0.E0,3.583679495453E-1));
#2257=AXIS2_PLACEMENT_3D('',#2254,#2255,#2256);
#2258=PLANE('',#2257);
#2259=ORIENTED_EDGE('',*,*,#2074,.F.);
#2261=ORIENTED_EDGE('',*,*,#2260,.T.);
#2263=ORIENTED_EDGE('',*,*,#2262,.T.);
#2264=ORIENTED_EDGE('',*,*,#2246,.F.);
#2265=EDGE_LOOP('',(#2259,#2261,#2263,#2264));
#2266=FACE_OUTER_BOUND('',#2265,.F.);
#2268=CARTESIAN_POINT('',(0.E0,-1.E0,0.E0));
#2269=DIRECTION('',(0.E0,1.E0,0.E0));
#2270=DIRECTION('',(9.335804264972E-1,0.E0,3.583679495453E-1));
#2271=AXIS2_PLACEMENT_3D('',#2268,#2269,#2270);
#2272=CYLINDRICAL_SURFACE('',#2271,4.55E1);
#2273=ORIENTED_EDGE('',*,*,#2072,.F.);
#2275=ORIENTED_EDGE('',*,*,#2274,.T.);
#2277=ORIENTED_EDGE('',*,*,#2276,.T.);
#2278=ORIENTED_EDGE('',*,*,#2260,.F.);
#2279=EDGE_LOOP('',(#2273,#2275,#2277,#2278));
#2280=FACE_OUTER_BOUND('',#2279,.F.);
#2282=CARTESIAN_POINT('',(0.E0,-1.025E2,0.E0));
#2283=DIRECTION('',(0.E0,1.E0,0.E0));
#2284=DIRECTION('',(9.335804264972E-1,0.E0,3.583679495453E-1));
#2285=AXIS2_PLACEMENT_3D('',#2282,#2283,#2284);
#2286=PLANE('',#2285);
#2287=ORIENTED_EDGE('',*,*,#2070,.F.);
#2289=ORIENTED_EDGE('',*,*,#2288,.T.);
#2291=ORIENTED_EDGE('',*,*,#2290,.T.);
#2292=ORIENTED_EDGE('',*,*,#2274,.F.);
#2293=EDGE_LOOP('',(#2287,#2289,#2291,#2292));
#2294=FACE_OUTER_BOUND('',#2293,.F.);
#2296=CARTESIAN_POINT('',(0.E0,-1.02E2,0.E0));
#2297=DIRECTION('',(0.E0,1.E0,0.E0));
#2298=DIRECTION('',(9.335804264972E-1,0.E0,3.583679495453E-1));
#2299=AXIS2_PLACEMENT_3D('',#2296,#2297,#2298);
#2300=TOROIDAL_SURFACE('',#2299,5.E1,5.E-1);
#2301=ORIENTED_EDGE('',*,*,#2068,.F.);
#2303=ORIENTED_EDGE('',*,*,#2302,.T.);
#2305=ORIENTED_EDGE('',*,*,#2304,.T.);
#2306=ORIENTED_EDGE('',*,*,#2288,.F.);
#2307=EDGE_LOOP('',(#2301,#2303,#2305,#2306));
#2308=FACE_OUTER_BOUND('',#2307,.F.);
#2310=CARTESIAN_POINT('',(0.E0,-1.E0,0.E0));
#2311=DIRECTION('',(0.E0,1.E0,0.E0));
#2312=DIRECTION('',(9.335804264972E-1,0.E0,3.583679495453E-1));
#2313=AXIS2_PLACEMENT_3D('',#2310,#2311,#2312);
#2314=CYLINDRICAL_SURFACE('',#2313,5.05E1);
#2315=ORIENTED_EDGE('',*,*,#2066,.F.);
#2317=ORIENTED_EDGE('',*,*,#2316,.T.);
#2319=ORIENTED_EDGE('',*,*,#2318,.T.);
#2320=ORIENTED_EDGE('',*,*,#2302,.F.);
#2321=EDGE_LOOP('',(#2315,#2317,#2319,#2320));
#2322=FACE_OUTER_BOUND('',#2321,.F.);
#2324=CARTESIAN_POINT('',(0.E0,9.95E1,0.E0));
#2325=DIRECTION('',(0.E0,1.E0,0.E0));
#2326=DIRECTION('',(9.335804264972E-1,0.E0,3.583679495453E-1));
#2327=AXIS2_PLACEMENT_3D('',#2324,#2325,#2326);
#2328=TOROIDAL_SURFACE('',#2327,5.E1,5.E-1);
#2329=ORIENTED_EDGE('',*,*,#2064,.F.);
#2331=ORIENTED_EDGE('',*,*,#2330,.T.);
#2333=ORIENTED_EDGE('',*,*,#2332,.T.);
#2334=ORIENTED_EDGE('',*,*,#2316,.F.);
#2335=EDGE_LOOP('',(#2329,#2331,#2333,#2334));
#2336=FACE_OUTER_BOUND('',#2335,.F.);
#2338=CARTESIAN_POINT('',(0.E0,1.005E2,0.E0));
#2339=DIRECTION('',(0.E0,1.E0,0.E0));
#2340=DIRECTION('',(9.335804264972E-1,0.E0,3.583679495453E-1));
#2341=AXIS2_PLACEMENT_3D('',#2338,#2339,#2340);
#2342=TOROIDAL_SURFACE('',#2341,5.075E1,7.5E-1);
#2343=ORIENTED_EDGE('',*,*,#2062,.F.);
#2345=ORIENTED_EDGE('',*,*,#2344,.T.);
#2347=ORIENTED_EDGE('',*,*,#2346,.T.);
#2348=ORIENTED_EDGE('',*,*,#2330,.F.);
#2349=EDGE_LOOP('',(#2343,#2345,#2347,#2348));
#2350=FACE_OUTER_BOUND('',#2349,.F.);
#2352=CARTESIAN_POINT('',(0.E0,1.015E2,0.E0));
#2353=DIRECTION('',(0.E0,1.E0,0.E0));
#2354=DIRECTION('',(9.335804264972E-1,0.E0,3.583679495453E-1));
#2355=AXIS2_PLACEMENT_3D('',#2352,#2353,#2354);
#2356=TOROIDAL_SURFACE('',#2355,5.E1,5.E-1);
#2357=ORIENTED_EDGE('',*,*,#2060,.F.);
#2359=ORIENTED_EDGE('',*,*,#2358,.T.);
#2361=ORIENTED_EDGE('',*,*,#2360,.T.);
#2362=ORIENTED_EDGE('',*,*,#2344,.F.);
#2363=EDGE_LOOP('',(#2357,#2359,#2361,#2362));
#2364=FACE_OUTER_BOUND('',#2363,.F.);
#2366=CARTESIAN_POINT('',(0.E0,-1.E0,0.E0));
#2367=DIRECTION('',(0.E0,1.E0,0.E0));
#2368=DIRECTION('',(9.335804264972E-1,0.E0,3.583679495453E-1));
#2369=AXIS2_PLACEMENT_3D('',#2366,#2367,#2368);
#2370=CYLINDRICAL_SURFACE('',#2369,5.05E1);
#2371=ORIENTED_EDGE('',*,*,#2058,.F.);
#2372=ORIENTED_EDGE('',*,*,#2109,.T.);
#2374=ORIENTED_EDGE('',*,*,#2373,.T.);
#2375=ORIENTED_EDGE('',*,*,#2358,.F.);
#2376=EDGE_LOOP('',(#2371,#2372,#2374,#2375));
#2377=FACE_OUTER_BOUND('',#2376,.F.);
#2379=CARTESIAN_POINT('',(0.E0,-1.E0,0.E0));
#2380=DIRECTION('',(3.583679495453E-1,0.E0,9.335804264972E-1));
#2381=DIRECTION('',(9.335804264972E-1,0.E0,-3.583679495453E-1));
#2382=AXIS2_PLACEMENT_3D('',#2379,#2380,#2381);
#2383=PLANE('',#2382);
#2384=ORIENTED_EDGE('',*,*,#2107,.F.);
#2385=ORIENTED_EDGE('',*,*,#2122,.F.);
#2386=ORIENTED_EDGE('',*,*,#2136,.F.);
#2387=ORIENTED_EDGE('',*,*,#2150,.F.);
#2388=ORIENTED_EDGE('',*,*,#2164,.F.);
#2389=ORIENTED_EDGE('',*,*,#2178,.F.);
#2390=ORIENTED_EDGE('',*,*,#2192,.F.);
#2391=ORIENTED_EDGE('',*,*,#2206,.F.);
#2392=ORIENTED_EDGE('',*,*,#2220,.F.);
#2393=ORIENTED_EDGE('',*,*,#2234,.F.);
#2394=ORIENTED_EDGE('',*,*,#2248,.F.);
#2395=ORIENTED_EDGE('',*,*,#2262,.F.);
#2396=ORIENTED_EDGE('',*,*,#2276,.F.);
#2397=ORIENTED_EDGE('',*,*,#2290,.F.);
#2398=ORIENTED_EDGE('',*,*,#2304,.F.);
#2399=ORIENTED_EDGE('',*,*,#2318,.F.);
#2400=ORIENTED_EDGE('',*,*,#2332,.F.);
#2401=ORIENTED_EDGE('',*,*,#2346,.F.);
#2402=ORIENTED_EDGE('',*,*,#2360,.F.);
#2403=ORIENTED_EDGE('',*,*,#2373,.F.);
#2404=EDGE_LOOP('',(#2384,#2385,#2386,#2387,#2388,#2389,#2390,#2391,#2392,#2393,
#2394,#2395,#2396,#2397,#2398,#2399,#2400,#2401,#2402,#2403));
#2405=FACE_OUTER_BOUND('',#2404,.F.);
#2408=DIRECTION('',(-9.335804264972E-1,0.E0,-3.583679495453E-1));
#2409=VECTOR('',#2408,6.5E0);
#2410=CARTESIAN_POINT('',(-4.061074855263E1,1.025E2,-1.558900580522E1));
#2411=LINE('',#2410,#2409);
#2412=CURVE_STYLE('',#331,POSITIVE_LENGTH_MEASURE(2.E-2),#165);
#2413=PRESENTATION_STYLE_ASSIGNMENT((#2412));
#2414=STYLED_ITEM('',(#2413),#2411);
#2415=DIRECTION('',(9.335804264972E-1,0.E0,-3.583679495453E-1));
#2416=VECTOR('',#2415,6.5E0);
#2417=CARTESIAN_POINT('',(-4.667902132486E1,1.025E2,1.791839747727E1));
#2418=LINE('',#2417,#2416);
#2419=CURVE_STYLE('',#331,POSITIVE_LENGTH_MEASURE(2.E-2),#165);
#2420=PRESENTATION_STYLE_ASSIGNMENT((#2419));
#2421=STYLED_ITEM('',(#2420),#2418);
#2422=CARTESIAN_POINT('',(0.E0,1.025E2,-1.882894453689E-14));
#2423=DIRECTION('',(0.E0,1.E0,0.E0));
#2424=DIRECTION('',(-9.335804264972E-1,0.E0,3.583679495453E-1));
#2425=AXIS2_PLACEMENT_3D('',#2422,#2423,#2424);
#2427=CURVE_STYLE('',#331,POSITIVE_LENGTH_MEASURE(2.E-2),#165);
#2428=PRESENTATION_STYLE_ASSIGNMENT((#2427));
#2429=STYLED_ITEM('',(#2428),#2426);
#2430=CARTESIAN_POINT('',(0.E0,1.02E2,-1.873709602695E-14));
#2431=DIRECTION('',(0.E0,-1.E0,0.E0));
#2432=DIRECTION('',(-9.335804264972E-1,0.E0,-3.583679495453E-1));
#2433=AXIS2_PLACEMENT_3D('',#2430,#2431,#2432);
#2435=CURVE_STYLE('',#331,POSITIVE_LENGTH_MEASURE(2.E-2),#165);
#2436=PRESENTATION_STYLE_ASSIGNMENT((#2435));
#2437=STYLED_ITEM('',(#2436),#2434);
#2438=CARTESIAN_POINT('',(-4.667902132486E1,1.02E2,1.791839747727E1));
#2439=DIRECTION('',(-3.583679495453E-1,0.E0,-9.335804264972E-1));
#2440=DIRECTION('',(-9.335804264972E-1,0.E0,3.583679495453E-1));
#2441=AXIS2_PLACEMENT_3D('',#2438,#2439,#2440);
#2443=CURVE_STYLE('',#331,POSITIVE_LENGTH_MEASURE(2.E-2),#165);
#2444=PRESENTATION_STYLE_ASSIGNMENT((#2443));
#2445=STYLED_ITEM('',(#2444),#2442);
#2446=CARTESIAN_POINT('',(0.E0,1.025E2,-1.882894453689E-14));
#2447=DIRECTION('',(0.E0,1.E0,0.E0));
#2448=DIRECTION('',(-9.335804264972E-1,0.E0,3.583679495453E-1));
#2449=AXIS2_PLACEMENT_3D('',#2446,#2447,#2448);
#2451=CURVE_STYLE('',#331,POSITIVE_LENGTH_MEASURE(2.E-2),#165);
#2452=PRESENTATION_STYLE_ASSIGNMENT((#2451));
#2453=STYLED_ITEM('',(#2452),#2450);
#2454=CARTESIAN_POINT('',(-4.667902132486E1,1.02E2,-1.791839747727E1));
#2455=DIRECTION('',(-3.583679495453E-1,0.E0,9.335804264972E-1));
#2456=DIRECTION('',(-2.842170943040E-14,1.E0,0.E0));
#2457=AXIS2_PLACEMENT_3D('',#2454,#2455,#2456);
#2459=CURVE_STYLE('',#331,POSITIVE_LENGTH_MEASURE(2.E-2),#165);
#2460=PRESENTATION_STYLE_ASSIGNMENT((#2459));
#2461=STYLED_ITEM('',(#2460),#2458);
#2462=DIRECTION('',(1.421085471520E-14,1.E0,1.421085471520E-14));
#2463=VECTOR('',#2462,5.E-1);
#2464=CARTESIAN_POINT('',(-4.714581153811E1,1.015E2,1.809758145204E1));
#2465=LINE('',#2464,#2463);
#2466=CURVE_STYLE('',#331,POSITIVE_LENGTH_MEASURE(2.E-2),#165);
#2467=PRESENTATION_STYLE_ASSIGNMENT((#2466));
#2468=STYLED_ITEM('',(#2467),#2465);
#2469=DIRECTION('',(1.421085471520E-14,-1.E0,-1.421085471520E-14));
#2470=VECTOR('',#2469,5.E-1);
#2471=CARTESIAN_POINT('',(-4.714581153811E1,1.02E2,-1.809758145204E1));
#2472=LINE('',#2471,#2470);
#2473=CURVE_STYLE('',#331,POSITIVE_LENGTH_MEASURE(2.E-2),#165);
#2474=PRESENTATION_STYLE_ASSIGNMENT((#2473));
#2475=STYLED_ITEM('',(#2474),#2472);
#2476=DIRECTION('',(0.E0,1.E0,0.E0));
#2477=VECTOR('',#2476,2.015E2);
#2478=CARTESIAN_POINT('',(-4.714581153811E1,-1.02E2,1.809758145204E1));
#2479=LINE('',#2478,#2477);
#2480=CURVE_STYLE('',#331,POSITIVE_LENGTH_MEASURE(2.E-2),#165);
#2481=PRESENTATION_STYLE_ASSIGNMENT((#2480));
#2482=STYLED_ITEM('',(#2481),#2479);
#2483=DIRECTION('',(0.E0,-1.E0,0.E0));
#2484=VECTOR('',#2483,2.015E2);
#2485=CARTESIAN_POINT('',(-4.714581153811E1,9.95E1,-1.809758145204E1));
#2486=LINE('',#2485,#2484);
#2487=CURVE_STYLE('',#331,POSITIVE_LENGTH_MEASURE(2.E-2),#165);
#2488=PRESENTATION_STYLE_ASSIGNMENT((#2487));
#2489=STYLED_ITEM('',(#2488),#2486);
#2490=CARTESIAN_POINT('',(0.E0,1.011E2,-1.857176870907E-14));
#2491=DIRECTION('',(0.E0,-1.E0,0.E0));
#2492=DIRECTION('',(-9.335804264972E-1,0.E0,-3.583679495453E-1));
#2493=AXIS2_PLACEMENT_3D('',#2490,#2491,#2492);
#2495=CURVE_STYLE('',#331,POSITIVE_LENGTH_MEASURE(2.E-2),#165);
#2496=PRESENTATION_STYLE_ASSIGNMENT((#2495));
#2497=STYLED_ITEM('',(#2496),#2494);
#2498=CARTESIAN_POINT('',(-4.667902132486E1,1.015E2,1.791839747727E1));
#2499=DIRECTION('',(-3.583679495453E-1,0.E0,-9.335804264972E-1));
#2500=DIRECTION('',(-5.601482558984E-1,-8.E-1,2.150207697272E-1));
#2501=AXIS2_PLACEMENT_3D('',#2498,#2499,#2500);
#2503=CURVE_STYLE('',#331,POSITIVE_LENGTH_MEASURE(2.E-2),#165);
#2504=PRESENTATION_STYLE_ASSIGNMENT((#2503));
#2505=STYLED_ITEM('',(#2504),#2502);
#2506=CARTESIAN_POINT('',(0.E0,1.015E2,-1.864524751702E-14));
#2507=DIRECTION('',(0.E0,1.E0,0.E0));
#2508=DIRECTION('',(-9.335804264972E-1,0.E0,3.583679495453E-1));
#2509=AXIS2_PLACEMENT_3D('',#2506,#2507,#2508);
#2511=CURVE_STYLE('',#331,POSITIVE_LENGTH_MEASURE(2.E-2),#165);
#2512=PRESENTATION_STYLE_ASSIGNMENT((#2511));
#2513=STYLED_ITEM('',(#2512),#2510);
#2514=CARTESIAN_POINT('',(-4.667902132486E1,1.015E2,-1.791839747727E1));
#2515=DIRECTION('',(-3.583679495453E-1,0.E0,9.335804264972E-1));
#2516=DIRECTION('',(-9.335804264972E-1,0.E0,-3.583679495453E-1));
#2517=AXIS2_PLACEMENT_3D('',#2514,#2515,#2516);
#2519=CURVE_STYLE('',#331,POSITIVE_LENGTH_MEASURE(2.E-2),#165);
#2520=PRESENTATION_STYLE_ASSIGNMENT((#2519));
#2521=STYLED_ITEM('',(#2520),#2518);
#2522=CARTESIAN_POINT('',(-4.737920664473E1,1.005E2,1.818717343942E1));
#2523=DIRECTION('',(3.583679495453E-1,0.E0,9.335804264972E-1));
#2524=DIRECTION('',(5.601482558983E-1,-8.E-1,-2.150207697272E-1));
#2525=AXIS2_PLACEMENT_3D('',#2522,#2523,#2524);
#2527=CURVE_STYLE('',#331,POSITIVE_LENGTH_MEASURE(2.E-2),#165);
#2528=PRESENTATION_STYLE_ASSIGNMENT((#2527));
#2529=STYLED_ITEM('',(#2528),#2526);
#2530=CARTESIAN_POINT('',(-4.737920664473E1,1.005E2,-1.818717343942E1));
#2531=DIRECTION('',(3.583679495453E-1,0.E0,-9.335804264972E-1));
#2532=DIRECTION('',(5.601482558983E-1,8.E-1,2.150207697272E-1));
#2533=AXIS2_PLACEMENT_3D('',#2530,#2531,#2532);
#2535=CURVE_STYLE('',#331,POSITIVE_LENGTH_MEASURE(2.E-2),#165);
#2536=PRESENTATION_STYLE_ASSIGNMENT((#2535));
#2537=STYLED_ITEM('',(#2536),#2534);
#2538=CARTESIAN_POINT('',(0.E0,9.95E1,-1.827785347727E-14));
#2539=DIRECTION('',(0.E0,-1.E0,0.E0));
#2540=DIRECTION('',(-9.335804264972E-1,0.E0,-3.583679495453E-1));
#2541=AXIS2_PLACEMENT_3D('',#2538,#2539,#2540);
#2543=CURVE_STYLE('',#331,POSITIVE_LENGTH_MEASURE(2.E-2),#165);
#2544=PRESENTATION_STYLE_ASSIGNMENT((#2543));
#2545=STYLED_ITEM('',(#2544),#2542);
#2546=CARTESIAN_POINT('',(-4.667902132486E1,9.95E1,1.791839747727E1));
#2547=DIRECTION('',(-3.583679495453E-1,0.E0,-9.335804264972E-1));
#2548=DIRECTION('',(-9.335804264972E-1,0.E0,3.583679495453E-1));
#2549=AXIS2_PLACEMENT_3D('',#2546,#2547,#2548);
#2551=CURVE_STYLE('',#331,POSITIVE_LENGTH_MEASURE(2.E-2),#165);
#2552=PRESENTATION_STYLE_ASSIGNMENT((#2551));
#2553=STYLED_ITEM('',(#2552),#2550);
#2554=CARTESIAN_POINT('',(0.E0,9.99E1,-1.835133228522E-14));
#2555=DIRECTION('',(0.E0,1.E0,0.E0));
#2556=DIRECTION('',(-9.335804264972E-1,0.E0,3.583679495453E-1));
#2557=AXIS2_PLACEMENT_3D('',#2554,#2555,#2556);
#2559=CURVE_STYLE('',#331,POSITIVE_LENGTH_MEASURE(2.E-2),#165);
#2560=PRESENTATION_STYLE_ASSIGNMENT((#2559));
#2561=STYLED_ITEM('',(#2560),#2558);
#2562=CARTESIAN_POINT('',(-4.667902132486E1,9.95E1,-1.791839747727E1));
#2563=DIRECTION('',(-3.583679495453E-1,0.E0,9.335804264972E-1));
#2564=DIRECTION('',(-5.601482558983E-1,8.E-1,-2.150207697272E-1));
#2565=AXIS2_PLACEMENT_3D('',#2562,#2563,#2564);
#2567=CURVE_STYLE('',#331,POSITIVE_LENGTH_MEASURE(2.E-2),#165);
#2568=PRESENTATION_STYLE_ASSIGNMENT((#2567));
#2569=STYLED_ITEM('',(#2568),#2566);
#2570=CARTESIAN_POINT('',(0.E0,-1.025E2,1.882894453689E-14));
#2571=DIRECTION('',(0.E0,-1.E0,0.E0));
#2572=DIRECTION('',(-9.335804264972E-1,0.E0,-3.583679495453E-1));
#2573=AXIS2_PLACEMENT_3D('',#2570,#2571,#2572);
#2575=CURVE_STYLE('',#331,POSITIVE_LENGTH_MEASURE(2.E-2),#165);
#2576=PRESENTATION_STYLE_ASSIGNMENT((#2575));
#2577=STYLED_ITEM('',(#2576),#2574);
#2578=CARTESIAN_POINT('',(-4.667902132486E1,-1.02E2,1.791839747727E1));
#2579=DIRECTION('',(-3.583679495453E-1,0.E0,-9.335804264972E-1));
#2580=DIRECTION('',(0.E0,-1.E0,0.E0));
#2581=AXIS2_PLACEMENT_3D('',#2578,#2579,#2580);
#2583=CURVE_STYLE('',#331,POSITIVE_LENGTH_MEASURE(2.E-2),#165);
#2584=PRESENTATION_STYLE_ASSIGNMENT((#2583));
#2585=STYLED_ITEM('',(#2584),#2582);
#2586=CARTESIAN_POINT('',(0.E0,-1.02E2,1.873709602695E-14));
#2587=DIRECTION('',(0.E0,1.E0,0.E0));
#2588=DIRECTION('',(-9.335804264972E-1,0.E0,3.583679495453E-1));
#2589=AXIS2_PLACEMENT_3D('',#2586,#2587,#2588);
#2591=CURVE_STYLE('',#331,POSITIVE_LENGTH_MEASURE(2.E-2),#165);
#2592=PRESENTATION_STYLE_ASSIGNMENT((#2591));
#2593=STYLED_ITEM('',(#2592),#2590);
#2594=CARTESIAN_POINT('',(-4.667902132486E1,-1.02E2,-1.791839747727E1));
#2595=DIRECTION('',(-3.583679495453E-1,0.E0,9.335804264972E-1));
#2596=DIRECTION('',(-9.335804264972E-1,0.E0,-3.583679495453E-1));
#2597=AXIS2_PLACEMENT_3D('',#2594,#2595,#2596);
#2599=CURVE_STYLE('',#331,POSITIVE_LENGTH_MEASURE(2.E-2),#165);
#2600=PRESENTATION_STYLE_ASSIGNMENT((#2599));
#2601=STYLED_ITEM('',(#2600),#2598);
#2602=DIRECTION('',(9.335804264972E-1,0.E0,3.583679495453E-1));
#2603=VECTOR('',#2602,4.5E0);
#2604=CARTESIAN_POINT('',(-4.667902132486E1,-1.025E2,-1.791839747727E1));
#2605=LINE('',#2604,#2603);
#2606=CURVE_STYLE('',#331,POSITIVE_LENGTH_MEASURE(2.E-2),#165);
#2607=PRESENTATION_STYLE_ASSIGNMENT((#2606));
#2608=STYLED_ITEM('',(#2607),#2605);
#2609=CARTESIAN_POINT('',(0.E0,-1.025E2,1.882894453689E-14));
#2610=DIRECTION('',(0.E0,-1.E0,0.E0));
#2611=DIRECTION('',(-9.335804264972E-1,0.E0,-3.583679495453E-1));
#2612=AXIS2_PLACEMENT_3D('',#2609,#2610,#2611);
#2614=CURVE_STYLE('',#331,POSITIVE_LENGTH_MEASURE(2.E-2),#165);
#2615=PRESENTATION_STYLE_ASSIGNMENT((#2614));
#2616=STYLED_ITEM('',(#2615),#2613);
#2617=DIRECTION('',(-9.335804264972E-1,0.E0,3.583679495453E-1));
#2618=VECTOR('',#2617,4.5E0);
#2619=CARTESIAN_POINT('',(-4.247790940562E1,-1.025E2,1.630574170431E1));
#2620=LINE('',#2619,#2618);
#2621=CURVE_STYLE('',#331,POSITIVE_LENGTH_MEASURE(2.E-2),#165);
#2622=PRESENTATION_STYLE_ASSIGNMENT((#2621));
#2623=STYLED_ITEM('',(#2622),#2620);
#2624=CARTESIAN_POINT('',(-4.667902132486E1,1.025E2,-1.791839747727E1));
#2625=CARTESIAN_POINT('',(-4.061074855263E1,1.025E2,-1.558900580522E1));
#2626=VERTEX_POINT('',#2624);
#2627=VERTEX_POINT('',#2625);
#2628=CARTESIAN_POINT('',(-4.667902132486E1,1.025E2,1.791839747727E1));
#2629=CARTESIAN_POINT('',(-4.061074855263E1,1.025E2,1.558900580522E1));
#2630=VERTEX_POINT('',#2628);
#2631=VERTEX_POINT('',#2629);
#2632=CARTESIAN_POINT('',(-4.667902132486E1,-1.025E2,-1.791839747727E1));
#2633=CARTESIAN_POINT('',(-4.247790940562E1,-1.025E2,-1.630574170431E1));
#2634=VERTEX_POINT('',#2632);
#2635=VERTEX_POINT('',#2633);
#2636=CARTESIAN_POINT('',(-4.667902132486E1,-1.025E2,1.791839747727E1));
#2637=CARTESIAN_POINT('',(-4.247790940562E1,-1.025E2,1.630574170431E1));
#2638=VERTEX_POINT('',#2636);
#2639=VERTEX_POINT('',#2637);
#2640=CARTESIAN_POINT('',(-4.714581153811E1,1.02E2,-1.809758145204E1));
#2641=CARTESIAN_POINT('',(-4.714581153811E1,1.015E2,-1.809758145204E1));
#2642=VERTEX_POINT('',#2640);
#2643=VERTEX_POINT('',#2641);
#2644=CARTESIAN_POINT('',(-4.714581153811E1,9.95E1,-1.809758145204E1));
#2645=CARTESIAN_POINT('',(-4.714581153811E1,-1.02E2,-1.809758145204E1));
#2646=VERTEX_POINT('',#2644);
#2647=VERTEX_POINT('',#2645);
#2648=CARTESIAN_POINT('',(-4.714581153811E1,1.02E2,1.809758145204E1));
#2649=CARTESIAN_POINT('',(-4.714581153811E1,1.015E2,1.809758145204E1));
#2650=VERTEX_POINT('',#2648);
#2651=VERTEX_POINT('',#2649);
#2652=CARTESIAN_POINT('',(-4.714581153811E1,9.95E1,1.809758145204E1));
#2653=CARTESIAN_POINT('',(-4.714581153811E1,-1.02E2,1.809758145204E1));
#2654=VERTEX_POINT('',#2652);
#2655=VERTEX_POINT('',#2653);
#2656=CARTESIAN_POINT('',(-4.695909545281E1,9.99E1,-1.802590786213E1));
#2657=CARTESIAN_POINT('',(-4.695909545281E1,1.011E2,-1.802590786213E1));
#2658=VERTEX_POINT('',#2656);
#2659=VERTEX_POINT('',#2657);
#2660=CARTESIAN_POINT('',(-4.695909545281E1,9.99E1,1.802590786213E1));
#2661=CARTESIAN_POINT('',(-4.695909545281E1,1.011E2,1.802590786213E1));
#2662=VERTEX_POINT('',#2660);
#2663=VERTEX_POINT('',#2661);
#2664=CARTESIAN_POINT('',(0.E0,1.025E2,-1.882894453689E-14));
#2665=DIRECTION('',(0.E0,-1.E0,0.E0));
#2666=DIRECTION('',(0.E0,0.E0,1.E0));
#2667=AXIS2_PLACEMENT_3D('',#2664,#2665,#2666);
#2668=PLANE('',#2667);
#2670=ORIENTED_EDGE('',*,*,#2669,.T.);
#2672=ORIENTED_EDGE('',*,*,#2671,.F.);
#2674=ORIENTED_EDGE('',*,*,#2673,.T.);
#2676=ORIENTED_EDGE('',*,*,#2675,.T.);
#2677=EDGE_LOOP('',(#2670,#2672,#2674,#2676));
#2678=FACE_OUTER_BOUND('',#2677,.F.);
#2680=FILL_AREA_STYLE_COLOUR('',#1509);
#2681=FILL_AREA_STYLE('',(#2680));
#2682=SURFACE_STYLE_FILL_AREA(#2681);
#2683=SURFACE_SIDE_STYLE('',(#2682));
#2684=SURFACE_STYLE_USAGE(.BOTH.,#2683);
#2685=PRESENTATION_STYLE_ASSIGNMENT((#2684));
#2686=OVER_RIDING_STYLED_ITEM('',(#2685),#2679,#1510);
#2687=CARTESIAN_POINT('',(0.E0,1.02E2,-1.873709602695E-14));
#2688=DIRECTION('',(0.E0,-1.E0,0.E0));
#2689=DIRECTION('',(1.080670369371E-2,0.E0,-9.999416058727E-1));
#2690=AXIS2_PLACEMENT_3D('',#2687,#2688,#2689);
#2691=TOROIDAL_SURFACE('',#2690,5.E1,5.E-1);
#2693=ORIENTED_EDGE('',*,*,#2692,.T.);
#2695=ORIENTED_EDGE('',*,*,#2694,.T.);
#2696=ORIENTED_EDGE('',*,*,#2671,.T.);
#2698=ORIENTED_EDGE('',*,*,#2697,.T.);
#2699=EDGE_LOOP('',(#2693,#2695,#2696,#2698));
#2700=FACE_OUTER_BOUND('',#2699,.F.);
#2702=FILL_AREA_STYLE_COLOUR('',#1509);
#2703=FILL_AREA_STYLE('',(#2702));
#2704=SURFACE_STYLE_FILL_AREA(#2703);
#2705=SURFACE_SIDE_STYLE('',(#2704));
#2706=SURFACE_STYLE_USAGE(.BOTH.,#2705);
#2707=PRESENTATION_STYLE_ASSIGNMENT((#2706));
#2708=OVER_RIDING_STYLED_ITEM('',(#2707),#2701,#1510);
#2709=CARTESIAN_POINT('',(0.E0,1.1275E2,-2.071183899058E-14));
#2710=DIRECTION('',(0.E0,-1.E0,0.E0));
#2711=DIRECTION('',(0.E0,0.E0,1.E0));
#2712=AXIS2_PLACEMENT_3D('',#2709,#2710,#2711);
#2713=CYLINDRICAL_SURFACE('',#2712,5.05E1);
#2715=ORIENTED_EDGE('',*,*,#2714,.F.);
#2717=ORIENTED_EDGE('',*,*,#2716,.T.);
#2718=ORIENTED_EDGE('',*,*,#2692,.F.);
#2720=ORIENTED_EDGE('',*,*,#2719,.T.);
#2721=EDGE_LOOP('',(#2715,#2717,#2718,#2720));
#2722=FACE_OUTER_BOUND('',#2721,.F.);
#2724=FILL_AREA_STYLE_COLOUR('',#1509);
#2725=FILL_AREA_STYLE('',(#2724));
#2726=SURFACE_STYLE_FILL_AREA(#2725);
#2727=SURFACE_SIDE_STYLE('',(#2726));
#2728=SURFACE_STYLE_USAGE(.BOTH.,#2727);
#2729=PRESENTATION_STYLE_ASSIGNMENT((#2728));
#2730=OVER_RIDING_STYLED_ITEM('',(#2729),#2723,#1510);
#2731=CARTESIAN_POINT('',(0.E0,1.1275E2,-2.071183899058E-14));
#2732=DIRECTION('',(0.E0,-1.E0,0.E0));
#2733=DIRECTION('',(0.E0,0.E0,1.E0));
#2734=AXIS2_PLACEMENT_3D('',#2731,#2732,#2733);
#2735=CYLINDRICAL_SURFACE('',#2734,5.05E1);
#2737=ORIENTED_EDGE('',*,*,#2736,.F.);
#2739=ORIENTED_EDGE('',*,*,#2738,.T.);
#2741=ORIENTED_EDGE('',*,*,#2740,.F.);
#2743=ORIENTED_EDGE('',*,*,#2742,.T.);
#2744=EDGE_LOOP('',(#2737,#2739,#2741,#2743));
#2745=FACE_OUTER_BOUND('',#2744,.F.);
#2747=FILL_AREA_STYLE_COLOUR('',#1509);
#2748=FILL_AREA_STYLE('',(#2747));
#2749=SURFACE_STYLE_FILL_AREA(#2748);
#2750=SURFACE_SIDE_STYLE('',(#2749));
#2751=SURFACE_STYLE_USAGE(.POSITIVE.,#2750);
#2752=PRESENTATION_STYLE_ASSIGNMENT((#2751));
#2753=OVER_RIDING_STYLED_ITEM('',(#2752),#2746,#1510);
#2754=CARTESIAN_POINT('',(0.E0,1.015E2,-1.864524751702E-14));
#2755=DIRECTION('',(0.E0,-1.E0,0.E0));
#2756=DIRECTION('',(-7.314772321283E-3,0.E0,9.999732466951E-1));
#2757=AXIS2_PLACEMENT_3D('',#2754,#2755,#2756);
#2758=TOROIDAL_SURFACE('',#2757,5.E1,5.E-1);
#2760=ORIENTED_EDGE('',*,*,#2759,.T.);
#2762=ORIENTED_EDGE('',*,*,#2761,.T.);
#2763=ORIENTED_EDGE('',*,*,#2714,.T.);
#2765=ORIENTED_EDGE('',*,*,#2764,.T.);
#2766=EDGE_LOOP('',(#2760,#2762,#2763,#2765));
#2767=FACE_OUTER_BOUND('',#2766,.F.);
#2769=FILL_AREA_STYLE_COLOUR('',#1509);
#2770=FILL_AREA_STYLE('',(#2769));
#2771=SURFACE_STYLE_FILL_AREA(#2770);
#2772=SURFACE_SIDE_STYLE('',(#2771));
#2773=SURFACE_STYLE_USAGE(.BOTH.,#2772);
#2774=PRESENTATION_STYLE_ASSIGNMENT((#2773));
#2775=OVER_RIDING_STYLED_ITEM('',(#2774),#2768,#1510);
#2776=CARTESIAN_POINT('',(0.E0,1.005E2,-2.131628207280E-14));
#2777=DIRECTION('',(0.E0,-1.E0,0.E0));
#2778=DIRECTION('',(0.E0,0.E0,1.E0));
#2779=AXIS2_PLACEMENT_3D('',#2776,#2777,#2778);
#2780=TOROIDAL_SURFACE('',#2779,5.075E1,7.5E-1);
#2782=ORIENTED_EDGE('',*,*,#2781,.F.);
#2784=ORIENTED_EDGE('',*,*,#2783,.T.);
#2785=ORIENTED_EDGE('',*,*,#2759,.F.);
#2787=ORIENTED_EDGE('',*,*,#2786,.T.);
#2788=EDGE_LOOP('',(#2782,#2784,#2785,#2787));
#2789=FACE_OUTER_BOUND('',#2788,.F.);
#2791=FILL_AREA_STYLE_COLOUR('',#1509);
#2792=FILL_AREA_STYLE('',(#2791));
#2793=SURFACE_STYLE_FILL_AREA(#2792);
#2794=SURFACE_SIDE_STYLE('',(#2793));
#2795=SURFACE_STYLE_USAGE(.BOTH.,#2794);
#2796=PRESENTATION_STYLE_ASSIGNMENT((#2795));
#2797=OVER_RIDING_STYLED_ITEM('',(#2796),#2790,#1510);
#2798=CARTESIAN_POINT('',(0.E0,9.95E1,-1.827785347727E-14));
#2799=DIRECTION('',(0.E0,-1.E0,0.E0));
#2800=DIRECTION('',(-7.683525702694E-3,0.E0,-9.999704812807E-1));
#2801=AXIS2_PLACEMENT_3D('',#2798,#2799,#2800);
#2802=TOROIDAL_SURFACE('',#2801,5.E1,5.E-1);
#2803=ORIENTED_EDGE('',*,*,#2740,.T.);
#2805=ORIENTED_EDGE('',*,*,#2804,.T.);
#2806=ORIENTED_EDGE('',*,*,#2781,.T.);
#2808=ORIENTED_EDGE('',*,*,#2807,.T.);
#2809=EDGE_LOOP('',(#2803,#2805,#2806,#2808));
#2810=FACE_OUTER_BOUND('',#2809,.F.);
#2812=FILL_AREA_STYLE_COLOUR('',#1509);
#2813=FILL_AREA_STYLE('',(#2812));
#2814=SURFACE_STYLE_FILL_AREA(#2813);
#2815=SURFACE_SIDE_STYLE('',(#2814));
#2816=SURFACE_STYLE_USAGE(.BOTH.,#2815);
#2817=PRESENTATION_STYLE_ASSIGNMENT((#2816));
#2818=OVER_RIDING_STYLED_ITEM('',(#2817),#2811,#1510);
#2819=CARTESIAN_POINT('',(0.E0,-1.02E2,1.873709602695E-14));
#2820=DIRECTION('',(0.E0,-1.E0,0.E0));
#2821=DIRECTION('',(7.314772321283E-3,0.E0,-9.999732466951E-1));
#2822=AXIS2_PLACEMENT_3D('',#2819,#2820,#2821);
#2823=TOROIDAL_SURFACE('',#2822,5.E1,5.E-1);
#2825=ORIENTED_EDGE('',*,*,#2824,.T.);
#2827=ORIENTED_EDGE('',*,*,#2826,.T.);
#2828=ORIENTED_EDGE('',*,*,#2736,.T.);
#2830=ORIENTED_EDGE('',*,*,#2829,.T.);
#2831=EDGE_LOOP('',(#2825,#2827,#2828,#2830));
#2832=FACE_OUTER_BOUND('',#2831,.F.);
#2834=FILL_AREA_STYLE_COLOUR('',#1509);
#2835=FILL_AREA_STYLE('',(#2834));
#2836=SURFACE_STYLE_FILL_AREA(#2835);
#2837=SURFACE_SIDE_STYLE('',(#2836));
#2838=SURFACE_STYLE_USAGE(.BOTH.,#2837);
#2839=PRESENTATION_STYLE_ASSIGNMENT((#2838));
#2840=OVER_RIDING_STYLED_ITEM('',(#2839),#2833,#1510);
#2841=CARTESIAN_POINT('',(0.E0,-1.025E2,1.882894453689E-14));
#2842=DIRECTION('',(0.E0,-1.E0,0.E0));
#2843=DIRECTION('',(0.E0,0.E0,1.E0));
#2844=AXIS2_PLACEMENT_3D('',#2841,#2842,#2843);
#2845=PLANE('',#2844);
#2847=ORIENTED_EDGE('',*,*,#2846,.T.);
#2849=ORIENTED_EDGE('',*,*,#2848,.T.);
#2851=ORIENTED_EDGE('',*,*,#2850,.T.);
#2852=ORIENTED_EDGE('',*,*,#2824,.F.);
#2853=EDGE_LOOP('',(#2847,#2849,#2851,#2852));
#2854=FACE_OUTER_BOUND('',#2853,.F.);
#2856=FILL_AREA_STYLE_COLOUR('',#1509);
#2857=FILL_AREA_STYLE('',(#2856));
#2858=SURFACE_STYLE_FILL_AREA(#2857);
#2859=SURFACE_SIDE_STYLE('',(#2858));
#2860=SURFACE_STYLE_USAGE(.BOTH.,#2859);
#2861=PRESENTATION_STYLE_ASSIGNMENT((#2860));
#2862=OVER_RIDING_STYLED_ITEM('',(#2861),#2855,#1510);
#2864=FILL_AREA_STYLE_COLOUR('',#165);
#2865=FILL_AREA_STYLE('',(#2864));
#2866=SURFACE_STYLE_FILL_AREA(#2865);
#2867=SURFACE_SIDE_STYLE('',(#2866));
#2868=SURFACE_STYLE_USAGE(.BOTH.,#2867);
#2869=PRESENTATION_STYLE_ASSIGNMENT((#2868));
#1510=STYLED_ITEM('',(#2869),#2863);
#2871=FILL_AREA_STYLE_COLOUR('',#165);
#2872=FILL_AREA_STYLE('',(#2871));
#2873=SURFACE_STYLE_FILL_AREA(#2872);
#2874=SURFACE_SIDE_STYLE('',(#2873));
#2875=SURFACE_STYLE_USAGE(.BOTH.,#2874);
#2876=PRESENTATION_STYLE_ASSIGNMENT((#2875));
#2877=STYLED_ITEM('',(#2876),#2870);
#2879=PRESENTATION_LAYER_ASSIGNMENT('7_ALL_FEATURES_3','',(#1510,#2679,#2701,
#2723,#2746,#2768,#2790,#2811,#2833,#2855));
#2880=PRESENTATION_LAYER_ASSIGNMENT('12_EXT_COPY_GEOM_FEAT','',(#1510,#2679,
#2701,#2723,#2746,#2768,#2790,#2811,#2833,#2855));
#2881=PRESENTATION_LAYER_ASSIGNMENT('.BLACK_HOLE','',(#1510,#2679,#2701,#2723,
#2746,#2768,#2790,#2811,#2833,#2855));
#2882=INVISIBILITY((#2881));
#2885=PLANE_ANGLE_MEASURE_WITH_UNIT(PLANE_ANGLE_MEASURE(1.745329251994E-2),
#2884);
#2886=(CONVERSION_BASED_UNIT('DEGREE',#2885)NAMED_UNIT(*)PLANE_ANGLE_UNIT());
#2888=UNCERTAINTY_MEASURE_WITH_UNIT(LENGTH_MEASURE(2.532561723430E-2),#2883,
'distance_accuracy_value',
'Maximum model space distance between geometric entities at asserted connectivities');
#2890=CARTESIAN_POINT('',(0.E0,0.E0,0.E0));
#2891=DIRECTION('',(0.E0,0.E0,1.E0));
#2892=DIRECTION('',(1.E0,0.E0,0.E0));
#2895=CARTESIAN_POINT('',(0.E0,0.E0,0.E0));
#2896=DIRECTION('',(0.E0,0.E0,1.E0));
#2897=DIRECTION('',(1.E0,0.E0,0.E0));
#2900=CARTESIAN_POINT('',(0.E0,0.E0,0.E0));
#2901=DIRECTION('',(0.E0,0.E0,1.E0));
#2902=DIRECTION('',(1.E0,0.E0,0.E0));
#2905=SHAPE_REPRESENTATION_RELATIONSHIP('','',#2904,#2894);
#2906=SHAPE_REPRESENTATION_RELATIONSHIP('','',#2904,#2899);
#2907=PRODUCT_CONTEXT('',#1444,'mechanical');
#2908=PRODUCT('BLACK_FILM','BLACK_FILM','NOT SPECIFIED',(#2907));
#2909=PRODUCT_DEFINITION_FORMATION('8','LAST_VERSION',#2908);
#2917=DERIVED_UNIT_ELEMENT(#2916,2.E0);
#2918=DERIVED_UNIT((#2917));
#2919=MEASURE_REPRESENTATION_ITEM('surface area measure',AREA_MEASURE(
1.602581017874E4),#2918);
#2924=DERIVED_UNIT_ELEMENT(#2923,3.E0);
#2925=DERIVED_UNIT((#2924));
#2926=MEASURE_REPRESENTATION_ITEM('volume measure',VOLUME_MEASURE(
7.987967428245E2),#2925);
#2930=CARTESIAN_POINT('centre point',(-4.917396405948E1,9.789998988128E-1,
2.496351603209E-8));
#2939=DERIVED_UNIT_ELEMENT(#2938,2.E0);
#2940=DERIVED_UNIT((#2939));
#2941=MEASURE_REPRESENTATION_ITEM('surface area measure',AREA_MEASURE(
6.058121411284E4),#2940);
#2946=DERIVED_UNIT_ELEMENT(#2945,2.E0);
#2947=DERIVED_UNIT((#2946));
#2948=MEASURE_REPRESENTATION_ITEM('surface area measure',AREA_MEASURE(
7.660702429158E4),#2947);
#2953=DERIVED_UNIT_ELEMENT(#2952,3.E0);
#2954=DERIVED_UNIT((#2953));
#2955=MEASURE_REPRESENTATION_ITEM('volume measure',VOLUME_MEASURE(
7.987967428245E2),#2954);
#2959=CARTESIAN_POINT('centre point',(-4.917396405948E1,9.789998988128E-1,
2.496351603209E-8));
#2966=CARTESIAN_POINT('centre point',(-4.917396405948E1,9.789998988128E-1,
2.496351603209E-8));
#2970=CARTESIAN_POINT('',(0.E0,0.E0,0.E0));
#2971=DIRECTION('',(0.E0,0.E0,1.E0));
#2972=DIRECTION('',(1.E0,0.E0,0.E0));
#2973=AXIS2_PLACEMENT_3D('',#2970,#2971,#2972);
#2974=ITEM_DEFINED_TRANSFORMATION('','',#2903,#2973);
#2975=(REPRESENTATION_RELATIONSHIP('','',#2904,#1495)REPRESENTATION_RELATIONSHIP_WITH_TRANSFORMATION(#2974)SHAPE_REPRESENTATION_RELATIONSHIP());
#2976=CONTEXT_DEPENDENT_SHAPE_REPRESENTATION(#2975,#2965);
#2980=CARTESIAN_POINT('',(0.E0,5.22E1,0.E0));
#2981=DIRECTION('',(0.E0,1.E0,0.E0));
#2982=DIRECTION('',(0.E0,0.E0,1.E0));
#2983=AXIS2_PLACEMENT_3D('',#2980,#2981,#2982);
#2985=CURVE_STYLE('',#331,POSITIVE_LENGTH_MEASURE(2.E-2),#2978);
#2986=PRESENTATION_STYLE_ASSIGNMENT((#2985));
#2987=STYLED_ITEM('',(#2986),#2984);
#2988=CARTESIAN_POINT('',(0.E0,5.22E1,0.E0));
#2989=DIRECTION('',(0.E0,1.E0,0.E0));
#2990=DIRECTION('',(0.E0,0.E0,-1.E0));
#2991=AXIS2_PLACEMENT_3D('',#2988,#2989,#2990);
#2993=CURVE_STYLE('',#331,POSITIVE_LENGTH_MEASURE(2.E-2),#2978);
#2994=PRESENTATION_STYLE_ASSIGNMENT((#2993));
#2995=STYLED_ITEM('',(#2994),#2992);
#2996=DIRECTION('',(0.E0,1.E0,0.E0));
#2997=VECTOR('',#2996,1.2E1);
#2998=CARTESIAN_POINT('',(0.E0,5.22E1,8.5E0));
#2999=LINE('',#2998,#2997);
#3000=CURVE_STYLE('',#331,POSITIVE_LENGTH_MEASURE(2.E-2),#2978);
#3001=PRESENTATION_STYLE_ASSIGNMENT((#3000));
#3002=STYLED_ITEM('',(#3001),#2999);
#3003=DIRECTION('',(0.E0,1.E0,0.E0));
#3004=VECTOR('',#3003,1.2E1);
#3005=CARTESIAN_POINT('',(0.E0,5.22E1,-8.5E0));
#3006=LINE('',#3005,#3004);
#3007=CURVE_STYLE('',#331,POSITIVE_LENGTH_MEASURE(2.E-2),#2978);
#3008=PRESENTATION_STYLE_ASSIGNMENT((#3007));
#3009=STYLED_ITEM('',(#3008),#3006);
#3010=CARTESIAN_POINT('',(0.E0,6.42E1,0.E0));
#3011=DIRECTION('',(0.E0,1.E0,0.E0));
#3012=DIRECTION('',(0.E0,0.E0,1.E0));
#3013=AXIS2_PLACEMENT_3D('',#3010,#3011,#3012);
#3015=CURVE_STYLE('',#331,POSITIVE_LENGTH_MEASURE(2.E-2),#2978);
#3016=PRESENTATION_STYLE_ASSIGNMENT((#3015));
#3017=STYLED_ITEM('',(#3016),#3014);
#3018=CARTESIAN_POINT('',(0.E0,6.42E1,0.E0));
#3019=DIRECTION('',(0.E0,1.E0,0.E0));
#3020=DIRECTION('',(0.E0,0.E0,-1.E0));
#3021=AXIS2_PLACEMENT_3D('',#3018,#3019,#3020);
#3023=CURVE_STYLE('',#331,POSITIVE_LENGTH_MEASURE(2.E-2),#2978);
#3024=PRESENTATION_STYLE_ASSIGNMENT((#3023));
#3025=STYLED_ITEM('',(#3024),#3022);
#3026=CARTESIAN_POINT('',(0.E0,6.42E1,0.E0));
#3027=DIRECTION('',(0.E0,1.E0,0.E0));
#3028=DIRECTION('',(0.E0,0.E0,-1.E0));
#3029=AXIS2_PLACEMENT_3D('',#3026,#3027,#3028);
#3031=CURVE_STYLE('',#331,POSITIVE_LENGTH_MEASURE(2.E-2),#2978);
#3032=PRESENTATION_STYLE_ASSIGNMENT((#3031));
#3033=STYLED_ITEM('',(#3032),#3030);
#3034=CARTESIAN_POINT('',(0.E0,6.42E1,0.E0));
#3035=DIRECTION('',(0.E0,1.E0,0.E0));
#3036=DIRECTION('',(0.E0,0.E0,1.E0));
#3037=AXIS2_PLACEMENT_3D('',#3034,#3035,#3036);
#3039=CURVE_STYLE('',#331,POSITIVE_LENGTH_MEASURE(2.E-2),#2978);
#3040=PRESENTATION_STYLE_ASSIGNMENT((#3039));
#3041=STYLED_ITEM('',(#3040),#3038);
#3042=DIRECTION('',(0.E0,-1.E0,0.E0));
#3043=VECTOR('',#3042,9.E0);
#3044=CARTESIAN_POINT('',(0.E0,6.42E1,-3.E0));
#3045=LINE('',#3044,#3043);
#3046=CURVE_STYLE('',#331,POSITIVE_LENGTH_MEASURE(2.E-2),#2978);
#3047=PRESENTATION_STYLE_ASSIGNMENT((#3046));
#3048=STYLED_ITEM('',(#3047),#3045);
#3049=DIRECTION('',(0.E0,-1.E0,0.E0));
#3050=VECTOR('',#3049,9.E0);
#3051=CARTESIAN_POINT('',(0.E0,6.42E1,3.E0));
#3052=LINE('',#3051,#3050);
#3053=CURVE_STYLE('',#331,POSITIVE_LENGTH_MEASURE(2.E-2),#2978);
#3054=PRESENTATION_STYLE_ASSIGNMENT((#3053));
#3055=STYLED_ITEM('',(#3054),#3052);
#3056=CARTESIAN_POINT('',(0.E0,5.52E1,0.E0));
#3057=DIRECTION('',(0.E0,1.E0,0.E0));
#3058=DIRECTION('',(0.E0,0.E0,-1.E0));
#3059=AXIS2_PLACEMENT_3D('',#3056,#3057,#3058);
#3061=CURVE_STYLE('',#331,POSITIVE_LENGTH_MEASURE(2.E-2),#2978);
#3062=PRESENTATION_STYLE_ASSIGNMENT((#3061));
#3063=STYLED_ITEM('',(#3062),#3060);
#3064=CARTESIAN_POINT('',(0.E0,5.52E1,0.E0));
#3065=DIRECTION('',(0.E0,1.E0,0.E0));
#3066=DIRECTION('',(0.E0,0.E0,1.E0));
#3067=AXIS2_PLACEMENT_3D('',#3064,#3065,#3066);
#3069=CURVE_STYLE('',#331,POSITIVE_LENGTH_MEASURE(2.E-2),#2978);
#3070=PRESENTATION_STYLE_ASSIGNMENT((#3069));
#3071=STYLED_ITEM('',(#3070),#3068);
#3072=CARTESIAN_POINT('',(0.E0,5.22E1,8.5E0));
#3073=CARTESIAN_POINT('',(0.E0,5.22E1,-8.5E0));
#3074=VERTEX_POINT('',#3072);
#3075=VERTEX_POINT('',#3073);
#3076=CARTESIAN_POINT('',(0.E0,6.42E1,8.5E0));
#3077=CARTESIAN_POINT('',(0.E0,6.42E1,-8.5E0));
#3078=VERTEX_POINT('',#3076);
#3079=VERTEX_POINT('',#3077);
#3080=CARTESIAN_POINT('',(0.E0,5.52E1,-3.E0));
#3081=CARTESIAN_POINT('',(0.E0,5.52E1,3.E0));
#3082=VERTEX_POINT('',#3080);
#3083=VERTEX_POINT('',#3081);
#3084=CARTESIAN_POINT('',(0.E0,6.42E1,-3.E0));
#3085=CARTESIAN_POINT('',(0.E0,6.42E1,3.E0));
#3086=VERTEX_POINT('',#3084);
#3087=VERTEX_POINT('',#3085);
#3088=CARTESIAN_POINT('',(0.E0,5.22E1,0.E0));
#3089=DIRECTION('',(0.E0,1.E0,0.E0));
#3090=DIRECTION('',(0.E0,0.E0,1.E0));
#3091=AXIS2_PLACEMENT_3D('',#3088,#3089,#3090);
#3092=PLANE('',#3091);
#3094=ORIENTED_EDGE('',*,*,#3093,.T.);
#3096=ORIENTED_EDGE('',*,*,#3095,.T.);
#3097=EDGE_LOOP('',(#3094,#3096));
#3098=FACE_OUTER_BOUND('',#3097,.F.);
#3100=CARTESIAN_POINT('',(0.E0,5.22E1,0.E0));
#3101=DIRECTION('',(0.E0,1.E0,0.E0));
#3102=DIRECTION('',(0.E0,0.E0,1.E0));
#3103=AXIS2_PLACEMENT_3D('',#3100,#3101,#3102);
#3104=CYLINDRICAL_SURFACE('',#3103,8.5E0);
#3105=ORIENTED_EDGE('',*,*,#3093,.F.);
#3107=ORIENTED_EDGE('',*,*,#3106,.T.);
#3109=ORIENTED_EDGE('',*,*,#3108,.T.);
#3111=ORIENTED_EDGE('',*,*,#3110,.F.);
#3112=EDGE_LOOP('',(#3105,#3107,#3109,#3111));
#3113=FACE_OUTER_BOUND('',#3112,.F.);
#3115=CARTESIAN_POINT('',(0.E0,5.22E1,0.E0));
#3116=DIRECTION('',(0.E0,1.E0,0.E0));
#3117=DIRECTION('',(0.E0,0.E0,1.E0));
#3118=AXIS2_PLACEMENT_3D('',#3115,#3116,#3117);
#3119=CYLINDRICAL_SURFACE('',#3118,8.5E0);
#3120=ORIENTED_EDGE('',*,*,#3095,.F.);
#3121=ORIENTED_EDGE('',*,*,#3110,.T.);
#3123=ORIENTED_EDGE('',*,*,#3122,.T.);
#3124=ORIENTED_EDGE('',*,*,#3106,.F.);
#3125=EDGE_LOOP('',(#3120,#3121,#3123,#3124));
#3126=FACE_OUTER_BOUND('',#3125,.F.);
#3128=CARTESIAN_POINT('',(0.E0,6.42E1,0.E0));
#3129=DIRECTION('',(0.E0,1.E0,0.E0));
#3130=DIRECTION('',(0.E0,0.E0,1.E0));
#3131=AXIS2_PLACEMENT_3D('',#3128,#3129,#3130);
#3132=PLANE('',#3131);
#3133=ORIENTED_EDGE('',*,*,#3108,.F.);
#3134=ORIENTED_EDGE('',*,*,#3122,.F.);
#3135=EDGE_LOOP('',(#3133,#3134));
#3136=FACE_OUTER_BOUND('',#3135,.F.);
#3138=ORIENTED_EDGE('',*,*,#3137,.T.);
#3140=ORIENTED_EDGE('',*,*,#3139,.T.);
#3141=EDGE_LOOP('',(#3138,#3140));
#3142=FACE_BOUND('',#3141,.F.);
#3144=CARTESIAN_POINT('',(0.E0,6.42E1,0.E0));
#3145=DIRECTION('',(0.E0,1.E0,0.E0));
#3146=DIRECTION('',(0.E0,0.E0,-1.E0));
#3147=AXIS2_PLACEMENT_3D('',#3144,#3145,#3146);
#3148=CYLINDRICAL_SURFACE('',#3147,3.E0);
#3149=ORIENTED_EDGE('',*,*,#3137,.F.);
#3151=ORIENTED_EDGE('',*,*,#3150,.T.);
#3153=ORIENTED_EDGE('',*,*,#3152,.T.);
#3155=ORIENTED_EDGE('',*,*,#3154,.F.);
#3156=EDGE_LOOP('',(#3149,#3151,#3153,#3155));
#3157=FACE_OUTER_BOUND('',#3156,.F.);
#3159=CARTESIAN_POINT('',(0.E0,6.42E1,0.E0));
#3160=DIRECTION('',(0.E0,1.E0,0.E0));
#3161=DIRECTION('',(0.E0,0.E0,-1.E0));
#3162=AXIS2_PLACEMENT_3D('',#3159,#3160,#3161);
#3163=CYLINDRICAL_SURFACE('',#3162,3.E0);
#3164=ORIENTED_EDGE('',*,*,#3139,.F.);
#3165=ORIENTED_EDGE('',*,*,#3154,.T.);
#3167=ORIENTED_EDGE('',*,*,#3166,.T.);
#3168=ORIENTED_EDGE('',*,*,#3150,.F.);
#3169=EDGE_LOOP('',(#3164,#3165,#3167,#3168));
#3170=FACE_OUTER_BOUND('',#3169,.F.);
#3172=CARTESIAN_POINT('',(0.E0,5.52E1,0.E0));
#3173=DIRECTION('',(0.E0,1.E0,0.E0));
#3174=DIRECTION('',(0.E0,0.E0,-1.E0));
#3175=AXIS2_PLACEMENT_3D('',#3172,#3173,#3174);
#3176=PLANE('',#3175);
#3177=ORIENTED_EDGE('',*,*,#3152,.F.);
#3178=ORIENTED_EDGE('',*,*,#3166,.F.);
#3179=EDGE_LOOP('',(#3177,#3178));
#3180=FACE_OUTER_BOUND('',#3179,.F.);
#3184=FILL_AREA_STYLE_COLOUR('',#2978);
#3185=FILL_AREA_STYLE('',(#3184));
#3186=SURFACE_STYLE_FILL_AREA(#3185);
#3187=SURFACE_SIDE_STYLE('',(#3186));
#3188=SURFACE_STYLE_USAGE(.BOTH.,#3187);
#3189=PRESENTATION_STYLE_ASSIGNMENT((#3188));
#2979=STYLED_ITEM('',(#3189),#3183);
#3192=PLANE_ANGLE_MEASURE_WITH_UNIT(PLANE_ANGLE_MEASURE(1.745329251994E-2),
#3191);
#3193=(CONVERSION_BASED_UNIT('DEGREE',#3192)NAMED_UNIT(*)PLANE_ANGLE_UNIT());
#3195=UNCERTAINTY_MEASURE_WITH_UNIT(LENGTH_MEASURE(2.686898288278E-3),#3190,
'distance_accuracy_value',
'Maximum model space distance between geometric entities at asserted connectivities');
#3197=CARTESIAN_POINT('',(0.E0,0.E0,0.E0));
#3198=DIRECTION('',(0.E0,0.E0,1.E0));
#3199=DIRECTION('',(1.E0,0.E0,0.E0));
#3202=PRODUCT_DEFINITION_CONTEXT('part definition',#1444,'design');
#3203=PRODUCT_CONTEXT('',#1444,'mechanical');
#3204=PRODUCT('LUOSHAN','LUOSHAN','NOT SPECIFIED',(#3203));
#3205=PRODUCT_DEFINITION_FORMATION('4','LAST_VERSION',#3204);
#3213=DERIVED_UNIT_ELEMENT(#3212,2.E0);
#3214=DERIVED_UNIT((#3213));
#3215=MEASURE_REPRESENTATION_ITEM('surface area measure',AREA_MEASURE(
1.264491043070E3),#3214);
#3220=DERIVED_UNIT_ELEMENT(#3219,3.E0);
#3221=DERIVED_UNIT((#3220));
#3222=MEASURE_REPRESENTATION_ITEM('volume measure',VOLUME_MEASURE(
2.469291825722E3),#3221);
#3226=CARTESIAN_POINT('centre point',(0.E0,5.804541984733E1,0.E0));
#3231=DERIVED_UNIT_ELEMENT(#3230,2.E0);
#3232=DERIVED_UNIT((#3231));
#3233=MEASURE_REPRESENTATION_ITEM('surface area measure',AREA_MEASURE(
1.264491043070E3),#3232);
#3238=DERIVED_UNIT_ELEMENT(#3237,3.E0);
#3239=DERIVED_UNIT((#3238));
#3240=MEASURE_REPRESENTATION_ITEM('volume measure',VOLUME_MEASURE(
2.469291825722E3),#3239);
#3244=CARTESIAN_POINT('centre point',(0.E0,5.804541984733E1,0.E0));
#3251=CARTESIAN_POINT('centre point',(1.6E1,1.077454198473E2,
-1.148421067741E-14));
#3255=CARTESIAN_POINT('',(1.6E1,4.97E1,0.E0));
#3256=DIRECTION('',(0.E0,0.E0,1.E0));
#3257=DIRECTION('',(1.E0,0.E0,0.E0));
#3258=AXIS2_PLACEMENT_3D('',#3255,#3256,#3257);
#3259=ITEM_DEFINED_TRANSFORMATION('','',#3200,#3258);
#3260=(REPRESENTATION_RELATIONSHIP('','',#3201,#1495)REPRESENTATION_RELATIONSHIP_WITH_TRANSFORMATION(#3259)SHAPE_REPRESENTATION_RELATIONSHIP());
#3261=CONTEXT_DEPENDENT_SHAPE_REPRESENTATION(#3260,#3250);
#3264=CARTESIAN_POINT('centre point',(-1.6E1,1.077454198473E2,
-1.148421067741E-14));
#3268=CARTESIAN_POINT('',(-1.6E1,4.97E1,0.E0));
#3269=DIRECTION('',(0.E0,0.E0,1.E0));
#3270=DIRECTION('',(1.E0,0.E0,0.E0));
#3271=AXIS2_PLACEMENT_3D('',#3268,#3269,#3270);
#3272=ITEM_DEFINED_TRANSFORMATION('','',#3200,#3271);
#3273=(REPRESENTATION_RELATIONSHIP('','',#3201,#1495)REPRESENTATION_RELATIONSHIP_WITH_TRANSFORMATION(#3272)SHAPE_REPRESENTATION_RELATIONSHIP());
#3274=CONTEXT_DEPENDENT_SHAPE_REPRESENTATION(#3273,#3263);
#3276=CARTESIAN_POINT('',(0.E0,1.019E2,-3.E1));
#3277=DIRECTION('',(0.E0,1.E0,0.E0));
#3278=DIRECTION('',(0.E0,0.E0,-1.E0));
#3279=AXIS2_PLACEMENT_3D('',#3276,#3277,#3278);
#3281=CURVE_STYLE('',#331,POSITIVE_LENGTH_MEASURE(2.E-2),#322);
#3282=PRESENTATION_STYLE_ASSIGNMENT((#3281));
#3283=STYLED_ITEM('',(#3282),#3280);
#3284=CARTESIAN_POINT('',(0.E0,1.019E2,-3.E1));
#3285=DIRECTION('',(0.E0,1.E0,0.E0));
#3286=DIRECTION('',(0.E0,0.E0,1.E0));
#3287=AXIS2_PLACEMENT_3D('',#3284,#3285,#3286);
#3289=CURVE_STYLE('',#331,POSITIVE_LENGTH_MEASURE(2.E-2),#322);
#3290=PRESENTATION_STYLE_ASSIGNMENT((#3289));
#3291=STYLED_ITEM('',(#3290),#3288);
#3292=DIRECTION('',(0.E0,1.E0,0.E0));
#3293=VECTOR('',#3292,2.5E-1);
#3294=CARTESIAN_POINT('',(0.E0,1.019E2,-3.25E1));
#3295=LINE('',#3294,#3293);
#3296=CURVE_STYLE('',#331,POSITIVE_LENGTH_MEASURE(2.E-2),#322);
#3297=PRESENTATION_STYLE_ASSIGNMENT((#3296));
#3298=STYLED_ITEM('',(#3297),#3295);
#3299=DIRECTION('',(0.E0,1.E0,0.E0));
#3300=VECTOR('',#3299,2.5E-1);
#3301=CARTESIAN_POINT('',(0.E0,1.019E2,-2.75E1));
#3302=LINE('',#3301,#3300);
#3303=CURVE_STYLE('',#331,POSITIVE_LENGTH_MEASURE(2.E-2),#322);
#3304=PRESENTATION_STYLE_ASSIGNMENT((#3303));
#3305=STYLED_ITEM('',(#3304),#3302);
#3306=CARTESIAN_POINT('',(0.E0,1.0215E2,-3.E1));
#3307=DIRECTION('',(0.E0,1.E0,0.E0));
#3308=DIRECTION('',(0.E0,0.E0,-1.E0));
#3309=AXIS2_PLACEMENT_3D('',#3306,#3307,#3308);
#3311=CURVE_STYLE('',#331,POSITIVE_LENGTH_MEASURE(2.E-2),#322);
#3312=PRESENTATION_STYLE_ASSIGNMENT((#3311));
#3313=STYLED_ITEM('',(#3312),#3310);
#3314=CARTESIAN_POINT('',(0.E0,1.0215E2,-3.E1));
#3315=DIRECTION('',(0.E0,1.E0,0.E0));
#3316=DIRECTION('',(0.E0,0.E0,1.E0));
#3317=AXIS2_PLACEMENT_3D('',#3314,#3315,#3316);
#3319=CURVE_STYLE('',#331,POSITIVE_LENGTH_MEASURE(2.E-2),#322);
#3320=PRESENTATION_STYLE_ASSIGNMENT((#3319));
#3321=STYLED_ITEM('',(#3320),#3318);
#3322=CARTESIAN_POINT('',(0.E0,1.019E2,-3.25E1));
#3323=CARTESIAN_POINT('',(0.E0,1.019E2,-2.75E1));
#3324=VERTEX_POINT('',#3322);
#3325=VERTEX_POINT('',#3323);
#3326=CARTESIAN_POINT('',(0.E0,1.0215E2,-3.25E1));
#3327=CARTESIAN_POINT('',(0.E0,1.0215E2,-2.75E1));
#3328=VERTEX_POINT('',#3326);
#3329=VERTEX_POINT('',#3327);
#3330=CARTESIAN_POINT('',(0.E0,1.019E2,0.E0));
#3331=DIRECTION('',(0.E0,1.E0,0.E0));
#3332=DIRECTION('',(0.E0,0.E0,-1.E0));
#3333=AXIS2_PLACEMENT_3D('',#3330,#3331,#3332);
#3334=PLANE('',#3333);
#3336=ORIENTED_EDGE('',*,*,#3335,.T.);
#3338=ORIENTED_EDGE('',*,*,#3337,.T.);
#3339=EDGE_LOOP('',(#3336,#3338));
#3340=FACE_OUTER_BOUND('',#3339,.F.);
#3342=CARTESIAN_POINT('',(0.E0,1.019E2,-3.E1));
#3343=DIRECTION('',(0.E0,1.E0,0.E0));
#3344=DIRECTION('',(0.E0,0.E0,-1.E0));
#3345=AXIS2_PLACEMENT_3D('',#3342,#3343,#3344);
#3346=CYLINDRICAL_SURFACE('',#3345,2.5E0);
#3347=ORIENTED_EDGE('',*,*,#3335,.F.);
#3349=ORIENTED_EDGE('',*,*,#3348,.T.);
#3351=ORIENTED_EDGE('',*,*,#3350,.T.);
#3353=ORIENTED_EDGE('',*,*,#3352,.F.);
#3354=EDGE_LOOP('',(#3347,#3349,#3351,#3353));
#3355=FACE_OUTER_BOUND('',#3354,.F.);
#3357=CARTESIAN_POINT('',(0.E0,1.019E2,-3.E1));
#3358=DIRECTION('',(0.E0,1.E0,0.E0));
#3359=DIRECTION('',(0.E0,0.E0,-1.E0));
#3360=AXIS2_PLACEMENT_3D('',#3357,#3358,#3359);
#3361=CYLINDRICAL_SURFACE('',#3360,2.5E0);
#3362=ORIENTED_EDGE('',*,*,#3337,.F.);
#3363=ORIENTED_EDGE('',*,*,#3352,.T.);
#3365=ORIENTED_EDGE('',*,*,#3364,.T.);
#3366=ORIENTED_EDGE('',*,*,#3348,.F.);
#3367=EDGE_LOOP('',(#3362,#3363,#3365,#3366));
#3368=FACE_OUTER_BOUND('',#3367,.F.);
#3370=CARTESIAN_POINT('',(0.E0,1.0215E2,0.E0));
#3371=DIRECTION('',(0.E0,1.E0,0.E0));
#3372=DIRECTION('',(0.E0,0.E0,-1.E0));
#3373=AXIS2_PLACEMENT_3D('',#3370,#3371,#3372);
#3374=PLANE('',#3373);
#3375=ORIENTED_EDGE('',*,*,#3350,.F.);
#3376=ORIENTED_EDGE('',*,*,#3364,.F.);
#3377=EDGE_LOOP('',(#3375,#3376));
#3378=FACE_OUTER_BOUND('',#3377,.F.);
#3382=FILL_AREA_STYLE_COLOUR('',#322);
#3383=FILL_AREA_STYLE('',(#3382));
#3384=SURFACE_STYLE_FILL_AREA(#3383);
#3385=SURFACE_SIDE_STYLE('',(#3384));
#3386=SURFACE_STYLE_USAGE(.BOTH.,#3385);
#3387=PRESENTATION_STYLE_ASSIGNMENT((#3386));
#3275=STYLED_ITEM('',(#3387),#3381);
#3390=PLANE_ANGLE_MEASURE_WITH_UNIT(PLANE_ANGLE_MEASURE(1.745329251994E-2),
#3389);
#3391=(CONVERSION_BASED_UNIT('DEGREE',#3390)NAMED_UNIT(*)PLANE_ANGLE_UNIT());
#3393=UNCERTAINTY_MEASURE_WITH_UNIT(LENGTH_MEASURE(7.075202829608E-4),#3388,
'distance_accuracy_value',
'Maximum model space distance between geometric entities at asserted connectivities');
#3395=CARTESIAN_POINT('',(0.E0,0.E0,0.E0));
#3396=DIRECTION('',(0.E0,0.E0,1.E0));
#3397=DIRECTION('',(1.E0,0.E0,0.E0));
#3400=PRODUCT_CONTEXT('',#1444,'mechanical');
#3401=PRODUCT('PINT','PINT','NOT SPECIFIED',(#3400));
#3402=PRODUCT_DEFINITION_FORMATION('7','LAST_VERSION',#3401);
#3410=DERIVED_UNIT_ELEMENT(#3409,2.E0);
#3411=DERIVED_UNIT((#3410));
#3412=MEASURE_REPRESENTATION_ITEM('surface area measure',AREA_MEASURE(
4.319689898686E1),#3411);
#3417=DERIVED_UNIT_ELEMENT(#3416,3.E0);
#3418=DERIVED_UNIT((#3417));
#3419=MEASURE_REPRESENTATION_ITEM('volume measure',VOLUME_MEASURE(
4.908738521234E0),#3418);
#3423=CARTESIAN_POINT('centre point',(0.E0,1.02025E2,-3.E1));
#3428=DERIVED_UNIT_ELEMENT(#3427,2.E0);
#3429=DERIVED_UNIT((#3428));
#3430=MEASURE_REPRESENTATION_ITEM('surface area measure',AREA_MEASURE(
4.319689898686E1),#3429);
#3435=DERIVED_UNIT_ELEMENT(#3434,3.E0);
#3436=DERIVED_UNIT((#3435));
#3437=MEASURE_REPRESENTATION_ITEM('volume measure',VOLUME_MEASURE(
4.908738521234E0),#3436);
#3441=CARTESIAN_POINT('centre point',(0.E0,1.02025E2,-3.E1));
#3448=CARTESIAN_POINT('centre point',(0.E0,1.02025E2,-3.E1));
#3452=CARTESIAN_POINT('',(0.E0,0.E0,0.E0));
#3453=DIRECTION('',(0.E0,0.E0,1.E0));
#3454=DIRECTION('',(1.E0,0.E0,0.E0));
#3455=AXIS2_PLACEMENT_3D('',#3452,#3453,#3454);
#3456=ITEM_DEFINED_TRANSFORMATION('','',#3398,#3455);
#3457=(REPRESENTATION_RELATIONSHIP('','',#3399,#1495)REPRESENTATION_RELATIONSHIP_WITH_TRANSFORMATION(#3456)SHAPE_REPRESENTATION_RELATIONSHIP());
#3458=CONTEXT_DEPENDENT_SHAPE_REPRESENTATION(#3457,#3447);
#3461=PLANE_ANGLE_MEASURE_WITH_UNIT(PLANE_ANGLE_MEASURE(1.745329251994E-2),
#3460);
#3462=(CONVERSION_BASED_UNIT('DEGREE',#3461)NAMED_UNIT(*)PLANE_ANGLE_UNIT());
#3464=UNCERTAINTY_MEASURE_WITH_UNIT(LENGTH_MEASURE(2.625685901259E-2),#3459,
'distance_accuracy_value',
'Maximum model space distance between geometric entities at asserted connectivities');
#3466=CARTESIAN_POINT('',(0.E0,0.E0,0.E0));
#3467=DIRECTION('',(0.E0,0.E0,1.E0));
#3468=DIRECTION('',(1.E0,0.E0,0.E0));
#3470=MECHANICAL_DESIGN_GEOMETRIC_PRESENTATION_REPRESENTATION('',(#334,#341,
#348,#356,#363,#371,#379,#387,#394,#402,#409,#417,#424,#432,#439,#446,#453,#461,
#468,#476,#484,#492,#499,#507,#515,#523,#531,#539,#546,#553,#560,#567,#575,#583,
#591,#599,#607,#615,#623,#631,#639,#647,#655,#663,#671,#679,#686,#693,#701,#708,
#716,#723,#731,#739,#747,#755,#763,#771,#779,#787,#795,#803,#811,#819,#827,#835,
#843,#851,#858,#865,#873,#881,#1385,#326,#1518,#1525,#1533,#1541,#1549,#1556,
#1564,#1571,#1578,#1585,#1593,#1600,#1608,#1616,#1624,#1631,#1639,#1646,#1653,
#1660,#1668,#1676,#1684,#1692,#1700,#1708,#1716,#1724,#1732,#1740,#1748,#1756,
#1764,#1772,#1780,#1788,#1796,#1804,#1812,#1820,#1828,#1835,#1842,#1849,#1857,
#1864,#1872,#1880,#1888,#1895,#1903,#1910,#1917,#1924,#1932,#1939,#1947,#1955,
#1963,#1970,#2414,#2421,#2429,#2437,#2445,#2453,#2461,#2468,#2475,#2482,#2489,
#2497,#2505,#2513,#2521,#2529,#2537,#2545,#2553,#2561,#2569,#2577,#2585,#2593,
#2601,#2608,#2616,#2623,#2686,#2708,#2730,#2753,#2775,#2797,#2818,#2840,#2862,
#1510,#2877,#2987,#2995,#3002,#3009,#3017,#3025,#3033,#3041,#3048,#3055,#3063,
#3071,#2979,#3283,#3291,#3298,#3305,#3313,#3321,#3275),#3465);
#3471=PRODUCT_DEFINITION_CONTEXT('part definition',#1444,'design');
#3472=PRODUCT_CONTEXT('',#1444,'mechanical');
#3473=PRODUCT('EW6_1000UF_600V_64X105_ASM','EW6_1000UF_600V_64X105_ASM',
'NOT SPECIFIED',(#3472));
#3474=PRODUCT_DEFINITION_FORMATION('6','LAST_VERSION',#3473);
#3477=DERIVED_UNIT_ELEMENT(#3476,2.E0);
#3478=DERIVED_UNIT((#3477));
#3479=MEASURE_REPRESENTATION_ITEM('surface area measure',AREA_MEASURE(
1.639558802203E5),#3478);
#3484=DERIVED_UNIT_ELEMENT(#3483,3.E0);
#3485=DERIVED_UNIT((#3484));
#3486=MEASURE_REPRESENTATION_ITEM('volume measure',VOLUME_MEASURE(
1.641938147673E6),#3485);
#3490=CARTESIAN_POINT('centre point',(4.121293411827E-7,6.954146089538E-2,
8.144960944411E-6));
#3494=PRODUCT_RELATED_PRODUCT_CATEGORY('part','',(#3473,#1448,#2908,#3204,
#3401));
#1=DRAUGHTING_PRE_DEFINED_COLOUR('black');
#2=COLOUR_RGB('',0.E0,0.E0,4.7E-1);
#3=COLOUR_RGB('',0.E0,0.E0,5.02E-1);
#4=COLOUR_RGB('',0.E0,0.E0,5.45E-1);
#5=COLOUR_RGB('',0.E0,0.E0,6.E-1);
#6=COLOUR_RGB('',0.E0,0.E0,8.E-1);
#7=COLOUR_RGB('',0.E0,0.E0,8.04E-1);
#8=DRAUGHTING_PRE_DEFINED_COLOUR('blue');
#9=COLOUR_RGB('',0.E0,1.E-2,1.E0);
#10=COLOUR_RGB('',0.E0,2.8E-2,7.E-1);
#11=COLOUR_RGB('',0.E0,3.1E-2,3.4E-1);
#12=COLOUR_RGB('',0.E0,2.E-1,1.E0);
#13=COLOUR_RGB('',0.E0,2.58E-1,5.6E-1);
#14=COLOUR_RGB('',0.E0,3.3E-1,0.E0);
#15=COLOUR_RGB('',0.E0,3.3E-1,3.3E-1);
#16=COLOUR_RGB('',0.E0,3.92E-1,0.E0);
#17=COLOUR_RGB('',0.E0,4.E-1,0.E0);
#18=COLOUR_RGB('',0.E0,4.E-1,4.E-1);
#19=COLOUR_RGB('',0.E0,4.E-1,1.E0);
#20=COLOUR_RGB('',0.E0,5.02E-1,0.E0);
#21=COLOUR_RGB('',0.E0,5.02E-1,5.02E-1);
#22=COLOUR_RGB('',0.E0,5.3E-1,5.3E-1);
#23=COLOUR_RGB('',0.E0,5.45E-1,5.45E-1);
#24=COLOUR_RGB('',0.E0,6.E-1,0.E0);
#25=COLOUR_RGB('',0.E0,6.E-1,6.E-1);
#26=COLOUR_RGB('',0.E0,6.E-1,1.E0);
#27=COLOUR_RGB('',0.E0,7.49E-1,1.E0);
#28=COLOUR_RGB('',0.E0,8.E-1,0.E0);
#29=COLOUR_RGB('',0.E0,8.E-1,8.E-1);
#30=COLOUR_RGB('',0.E0,8.E-1,1.E0);
#31=COLOUR_RGB('',0.E0,8.08E-1,8.2E-1);
#32=COLOUR_RGB('',0.E0,9.3E-1,0.E0);
#33=COLOUR_RGB('',0.E0,9.3E-1,9.3E-1);
#34=COLOUR_RGB('',0.E0,9.8E-1,6.04E-1);
#35=DRAUGHTING_PRE_DEFINED_COLOUR('green');
#36=COLOUR_RGB('',0.E0,1.E0,2.E-1);
#37=COLOUR_RGB('',0.E0,1.E0,4.E-1);
#38=COLOUR_RGB('',0.E0,1.E0,4.98E-1);
#39=COLOUR_RGB('',0.E0,1.E0,6.E-1);
#40=COLOUR_RGB('',0.E0,1.E0,8.E-1);
#41=DRAUGHTING_PRE_DEFINED_COLOUR('cyan');
#42=COLOUR_RGB('',1.9E-2,6.37E-1,6.37E-1);
#43=COLOUR_RGB('',2.8E-2,5.37E-1,3.7E-2);
#44=COLOUR_RGB('',3.1E-2,2.E-1,6.27E-1);
#45=COLOUR_RGB('',3.1E-2,1.99E-1,6.3E-1);
#46=COLOUR_RGB('',3.E-2,9.81E-1,9.81E-1);
#47=COLOUR_RGB('',3.5E-2,5.14E-1,1.73E-1);
#48=COLOUR_RGB('',6.6E-2,4.E-3,5.93E-1);
#49=COLOUR_RGB('',6.5E-2,9.81E-1,6.2E-2);
#50=COLOUR_RGB('',7.E-2,7.E-2,1.E0);
#51=COLOUR_RGB('',7.E-2,6.E-1,3.E-1);
#52=COLOUR_RGB('',7.8E-2,7.8E-2,7.8E-2);
#53=COLOUR_RGB('',8.E-2,1.E-1,1.1E-1);
#54=COLOUR_RGB('',9.8E-2,9.8E-2,4.39E-1);
#55=COLOUR_RGB('',1.019607843137E-1,4.705882352941E-1,7.843137254902E-1);
#56=COLOUR_RGB('',1.01E-1,6.3E-1,5.03E-1);
#57=COLOUR_RGB('',1.18E-1,5.65E-1,1.E0);
#58=COLOUR_RGB('',1.25E-1,6.98E-1,6.67E-1);
#59=COLOUR_RGB('',1.33E-1,5.45E-1,1.33E-1);
#60=COLOUR_RGB('',1.44E-1,3.4E-2,0.E0);
#61=COLOUR_RGB('',1.7E-1,1.7E-1,1.8E-1);
#62=COLOUR_RGB('',1.8E-1,5.45E-1,3.41E-1);
#63=COLOUR_RGB('',1.84E-1,3.1E-1,3.1E-1);
#64=COLOUR_RGB('',1.9E-1,2.3E-1,3.1E-1);
#65=COLOUR_RGB('',1.96E-1,8.04E-1,1.96E-1);
#66=COLOUR_RGB('',2.E-1,2.E-1,2.E-1);
#67=COLOUR_RGB('',2.E-1,1.E0,0.E0);
#68=COLOUR_RGB('',2.E-1,1.E0,2.E-1);
#69=COLOUR_RGB('',2.E-1,1.E0,1.E0);
#70=COLOUR_RGB('',2.12E-1,5.14E-1,4.16E-1);
#71=COLOUR_RGB('',2.28E-1,2.26E-1,2.52E-1);
#72=COLOUR_RGB('',2.3E-1,3.82E-1,5.6E-1);
#73=COLOUR_RGB('',2.35E-1,7.02E-1,4.43E-1);
#74=COLOUR_RGB('',2.43E-1,8.78E-1,8.16E-1);
#75=COLOUR_RGB('',2.45E-1,5.18E-1,9.48E-1);
#76=COLOUR_RGB('',2.49E-1,5.93E-1,6.3E-1);
#77=COLOUR_RGB('',2.52E-1,2.52E-1,2.52E-1);
#78=COLOUR_RGB('',2.55E-1,4.12E-1,1.E0);
#79=COLOUR_RGB('',2.7E-1,0.E0,4.E-1);
#80=COLOUR_RGB('',2.7E-1,2.7E-1,0.E0);
#81=COLOUR_RGB('',2.7E-1,2.7E-1,1.E0);
#82=COLOUR_RGB('',2.75E-1,5.1E-1,7.06E-1);
#83=COLOUR_RGB('',2.8E-1,2.8E-1,2.8E-1);
#84=COLOUR_RGB('',2.82E-1,2.39E-1,5.45E-1);
#85=COLOUR_RGB('',2.82E-1,8.2E-1,8.E-1);
#86=COLOUR_RGB('',2.94E-1,0.E0,5.1E-1);
#87=COLOUR_RGB('',3.24E-1,5.77E-1,8.1E-1);
#88=COLOUR_RGB('',3.3E-1,0.E0,0.E0);
#89=COLOUR_RGB('',3.3E-1,0.E0,3.3E-1);
#90=COLOUR_RGB('',3.3E-1,0.E0,5.3E-1);
#91=COLOUR_RGB('',3.33E-1,4.2E-1,1.84E-1);
#92=COLOUR_RGB('',3.36E-1,2.55E-1,1.9E-2);
#93=COLOUR_RGB('',3.44E-1,3.63E-1,3.74E-1);
#94=COLOUR_RGB('',3.55E-1,3.53E-1,3.93E-1);
#95=COLOUR_RGB('',3.73E-1,6.2E-1,6.27E-1);
#96=COLOUR_RGB('',3.75E-1,3.8E-1,4.22E-1);
#97=COLOUR_RGB('',3.81E-1,4.41E-1,5.96E-1);
#98=COLOUR_RGB('',3.9E-1,4.4E-1,4.9E-1);
#99=COLOUR_RGB('',3.92E-1,4.37E-1,4.9E-1);
#100=COLOUR_RGB('',3.92E-1,5.84E-1,9.29E-1);
#101=COLOUR_RGB('',4.E-1,0.E0,4.E-1);
#102=COLOUR_RGB('',4.E-1,0.E0,6.7E-1);
#103=COLOUR_RGB('',4.E-1,1.3E-1,0.E0);
#104=COLOUR_RGB('',3.99E-1,3.97E-1,6.41E-1);
#105=COLOUR_RGB('',4.E-1,4.E-1,0.E0);
#106=COLOUR_RGB('',4.E-1,4.E-1,1.E0);
#107=COLOUR_RGB('',4.E-1,8.04E-1,6.67E-1);
#108=COLOUR_RGB('',4.E-1,1.E0,0.E0);
#109=COLOUR_RGB('',4.E-1,1.E0,4.E-1);
#110=COLOUR_RGB('',4.E-1,1.E0,1.E0);
#111=COLOUR_RGB('',4.12E-1,4.12E-1,4.12E-1);
#112=COLOUR_RGB('',4.16E-1,3.53E-1,8.04E-1);
#113=COLOUR_RGB('',4.2E-1,4.2E-1,4.2E-1);
#114=COLOUR_RGB('',4.2E-1,5.57E-1,1.37E-1);
#115=COLOUR_RGB('',4.26E-1,4.26E-1,4.26E-1);
#116=COLOUR_RGB('',4.39E-1,5.02E-1,5.65E-1);
#117=COLOUR_RGB('',4.38E-1,5.03E-1,6.E-1);
#118=COLOUR_RGB('',4.4E-1,5.E-1,6.E-1);
#119=COLOUR_RGB('',4.67E-1,5.33E-1,6.E-1);
#120=COLOUR_RGB('',4.7E-1,0.E0,0.E0);
#121=COLOUR_RGB('',4.7E-1,0.E0,8.E-1);
#122=COLOUR_RGB('',4.7E-1,0.E0,8.7E-1);
#123=COLOUR_RGB('',4.7E-1,2.E-1,7.E-2);
#124=COLOUR_RGB('',4.7E-1,4.7E-1,4.7E-1);
#125=COLOUR_RGB('',4.82E-1,4.08E-1,9.33E-1);
#126=COLOUR_RGB('',4.86E-1,9.88E-1,0.E0);
#127=COLOUR_RGB('',4.99E-1,4.96E-1,5.52E-1);
#128=COLOUR_RGB('',4.98E-1,1.E0,0.E0);
#129=COLOUR_RGB('',4.98E-1,1.E0,8.31E-1);
#130=COLOUR_RGB('',5.02E-1,0.E0,0.E0);
#131=COLOUR_RGB('',5.02E-1,0.E0,5.02E-1);
#132=COLOUR_RGB('',5.02E-1,5.02E-1,0.E0);
#133=COLOUR_RGB('',5.02E-1,5.02E-1,5.02E-1);
#134=COLOUR_RGB('',5.1E-1,3.97E-1,1.07E-1);
#135=COLOUR_RGB('',5.1E-1,4.E-1,1.1E-1);
#136=COLOUR_RGB('',5.3E-1,0.E0,9.3E-1);
#137=COLOUR_RGB('',5.3E-1,2.7E-1,1.3E-1);
#138=COLOUR_RGB('',5.3E-1,5.3E-1,1.E0);
#139=COLOUR_RGB('',5.29E-1,8.08E-1,9.22E-1);
#140=COLOUR_RGB('',5.29E-1,8.08E-1,9.8E-1);
#141=COLOUR_RGB('',5.41E-1,1.69E-1,8.86E-1);
#142=COLOUR_RGB('',5.45E-1,0.E0,0.E0);
#143=COLOUR_RGB('',5.45E-1,0.E0,5.45E-1);
#144=COLOUR_RGB('',5.45E-1,2.71E-1,7.5E-2);
#145=COLOUR_RGB('',5.5E-1,5.5E-1,5.5E-1);
#146=COLOUR_RGB('',5.5E-1,6.5E-1,7.3E-1);
#147=COLOUR_RGB('',5.61E-1,7.37E-1,5.61E-1);
#148=COLOUR_RGB('',5.65E-1,9.33E-1,5.65E-1);
#149=COLOUR_RGB('',5.71E-1,6.1E-1,6.33E-1);
#150=COLOUR_RGB('',5.76E-1,4.39E-1,8.59E-1);
#151=COLOUR_RGB('',5.8E-1,0.E0,8.27E-1);
#152=COLOUR_RGB('',5.96E-1,5.96E-1,5.96E-1);
#153=COLOUR_RGB('',5.96E-1,9.84E-1,5.96E-1);
#154=COLOUR_RGB('',6.E-1,0.E0,6.E-1);
#155=COLOUR_RGB('',6.E-1,1.96E-1,8.E-1);
#156=COLOUR_RGB('',6.E-1,2.E-1,1.E0);
#157=COLOUR_RGB('',6.E-1,3.3E-1,2.E-1);
#158=COLOUR_RGB('',6.E-1,6.E-1,0.E0);
#159=COLOUR_RGB('',6.E-1,6.E-1,1.E0);
#160=COLOUR_RGB('',6.E-1,1.E0,6.E-1);
#161=COLOUR_RGB('',6.E-1,1.E0,1.E0);
#162=COLOUR_RGB('',6.04E-1,8.04E-1,1.96E-1);
#163=COLOUR_RGB('',6.1E-1,0.E0,6.E-2);
#164=COLOUR_RGB('',6.16E-1,6.96E-1,7.7E-1);
#165=COLOUR_RGB('',6.2E-1,6.2E-1,6.2E-1);
#166=COLOUR_RGB('',6.19608E-1,6.27451E-1,6.27451E-1);
#167=COLOUR_RGB('',6.27E-1,3.22E-1,1.76E-1);
#168=COLOUR_RGB('',6.35294E-1,6.86275E-1,7.4902E-1);
#169=COLOUR_RGB('',6.4E-1,4.64E-1,3.01E-1);
#170=COLOUR_RGB('',6.4E-1,6.5E-1,6.5E-1);
#171=COLOUR_RGB('',6.47E-1,1.65E-1,1.65E-1);
#172=COLOUR_RGB('',6.56E-1,3.3E-2,6.E-1);
#173=COLOUR_RGB('',6.59E-1,1.5E-2,2.9E-2);
#174=COLOUR_RGB('',6.63E-1,6.63E-1,6.63E-1);
#175=COLOUR_RGB('',6.7E-1,0.E0,0.E0);
#176=COLOUR_RGB('',6.7E-1,0.E0,5.3E-1);
#177=COLOUR_RGB('',6.7E-1,4.E-1,2.7E-1);
#178=COLOUR_RGB('',6.7E-1,4.E-1,1.E0);
#179=COLOUR_RGB('',6.7E-1,6.7E-1,1.E0);
#180=COLOUR_RGB('',6.7E-1,1.E0,0.E0);
#181=COLOUR_RGB('',6.78E-1,8.47E-1,9.02E-1);
#182=COLOUR_RGB('',6.78E-1,1.E0,1.84E-1);
#183=COLOUR_RGB('',6.8E-1,8.1E-1,1.E0);
#184=COLOUR_RGB('',6.87E-1,6.83E-1,7.59E-1);
#185=COLOUR_RGB('',6.86E-1,9.33E-1,9.33E-1);
#186=COLOUR_RGB('',6.9E-1,7.69E-1,8.71E-1);
#187=COLOUR_RGB('',6.9E-1,8.78E-1,9.02E-1);
#188=COLOUR_RGB('',6.98E-1,1.33E-1,1.33E-1);
#189=COLOUR_RGB('',7.22E-1,5.25E-1,4.3E-2);
#190=COLOUR_RGB('',7.3E-1,2.7E-1,1.E0);
#191=COLOUR_RGB('',7.29E-1,3.33E-1,8.27E-1);
#192=COLOUR_RGB('',7.3E-1,4.E-1,0.E0);
#193=COLOUR_RGB('',7.3E-1,4.7E-1,3.3E-1);
#194=COLOUR_RGB('',7.3E-1,7.3E-1,7.3E-1);
#195=COLOUR_RGB('',7.37E-1,5.61E-1,5.61E-1);
#196=COLOUR_RGB('',7.4E-1,4.E-1,4.E-1);
#197=COLOUR_RGB('',7.41E-1,7.18E-1,4.2E-1);
#198=COLOUR_RGB('',7.5E-1,7.2E-1,0.E0);
#199=COLOUR_RGB('',7.53E-1,7.53E-1,7.53E-1);
#200=COLOUR_RGB('',7.8E-1,8.2E-2,5.22E-1);
#201=COLOUR_RGB('',8.E-1,0.E0,8.E-1);
#202=COLOUR_RGB('',8.E-1,5.3E-1,4.E-1);
#203=COLOUR_RGB('',8.E-1,6.E-1,1.E0);
#204=COLOUR_RGB('',8.E-1,8.E-1,0.E0);
#205=COLOUR_RGB('',8.E-1,8.E-1,1.E0);
#206=COLOUR_RGB('',8.E-1,1.E0,8.E-1);
#207=COLOUR_RGB('',8.E-1,1.E0,1.E0);
#208=COLOUR_RGB('',8.04E-1,3.61E-1,3.61E-1);
#209=COLOUR_RGB('',8.04E-1,5.22E-1,2.47E-1);
#210=COLOUR_RGB('',8.07E-1,7.65E-1,5.8E-2);
#211=COLOUR_RGB('',8.2E-1,6.E-1,2.4E-1);
#212=COLOUR_RGB('',8.19E-1,7.11E-1,5.6E-2);
#213=COLOUR_RGB('',8.24E-1,4.12E-1,1.18E-1);
#214=COLOUR_RGB('',8.24E-1,7.06E-1,5.49E-1);
#215=COLOUR_RGB('',8.26E-1,8.26E-1,8.26E-1);
#216=COLOUR_RGB('',8.3E-1,3.E-2,3.E-2);
#217=COLOUR_RGB('',8.41E-1,8.01E-1,7.15E-1);
#218=COLOUR_RGB('',8.4E-1,8.4E-1,8.5E-1);
#219=COLOUR_RGB('',8.42E-1,8.99E-1,9.33E-1);
#220=COLOUR_RGB('',8.47E-1,7.49E-1,8.47E-1);
#221=COLOUR_RGB('',8.55E-1,4.39E-1,8.39E-1);
#222=COLOUR_RGB('',8.55E-1,6.47E-1,1.25E-1);
#223=COLOUR_RGB('',8.59E-1,4.39E-1,5.76E-1);
#224=COLOUR_RGB('',8.6E-1,4.7E-1,1.6E-1);
#225=COLOUR_RGB('',8.63E-1,7.8E-2,2.35E-1);
#226=COLOUR_RGB('',8.63E-1,8.63E-1,8.63E-1);
#227=COLOUR_RGB('',8.67E-1,6.27E-1,8.67E-1);
#228=COLOUR_RGB('',8.7E-1,0.E0,0.E0);
#229=COLOUR_RGB('',8.7E-1,6.E-1,4.7E-1);
#230=COLOUR_RGB('',8.71E-1,7.22E-1,5.29E-1);
#231=COLOUR_RGB('',8.78E-1,1.E0,1.E0);
#232=COLOUR_RGB('',9.E-1,8.3E-1,1.2E-1);
#233=COLOUR_RGB('',9.02E-1,9.02E-1,9.8E-1);
#234=COLOUR_RGB('',9.14E-1,5.88E-1,4.78E-1);
#235=COLOUR_RGB('',9.3E-1,0.E0,9.3E-1);
#236=COLOUR_RGB('',9.3E-1,6.7E-1,5.3E-1);
#237=COLOUR_RGB('',9.3E-1,8.E-1,1.E0);
#238=COLOUR_RGB('',9.3E-1,9.3E-1,0.E0);
#239=COLOUR_RGB('',9.3E-1,1.E0,9.3E-1);
#240=COLOUR_RGB('',9.3E-1,1.E0,1.E0);
#241=COLOUR_RGB('',9.33E-1,5.1E-1,9.33E-1);
#242=COLOUR_RGB('',9.33E-1,9.1E-1,6.67E-1);
#243=COLOUR_RGB('',9.41E-1,5.02E-1,5.02E-1);
#244=COLOUR_RGB('',9.41E-1,9.02E-1,5.49E-1);
#245=COLOUR_RGB('',9.41E-1,9.73E-1,1.E0);
#246=COLOUR_RGB('',9.41E-1,1.E0,9.41E-1);
#247=COLOUR_RGB('',9.41E-1,1.E0,1.E0);
#248=COLOUR_RGB('',9.57E-1,6.43E-1,3.76E-1);
#249=COLOUR_RGB('',9.59E-1,4.9E-2,8.78E-1);
#250=COLOUR_RGB('',9.61E-1,8.71E-1,7.02E-1);
#251=COLOUR_RGB('',9.61E-1,9.61E-1,8.63E-1);
#252=COLOUR_RGB('',9.6E-1,9.6E-1,9.6E-1);
#253=COLOUR_RGB('',9.61E-1,1.E0,9.8E-1);
#254=COLOUR_RGB('',9.73E-1,9.73E-1,1.E0);
#255=COLOUR_RGB('',9.8E-1,5.02E-1,4.47E-1);
#256=COLOUR_RGB('',9.8E-1,6.47E-1,0.E0);
#257=COLOUR_RGB('',9.8E-1,9.22E-1,8.43E-1);
#258=COLOUR_RGB('',9.8E-1,9.41E-1,9.02E-1);
#259=COLOUR_RGB('',9.8E-1,9.8E-1,8.24E-1);
#260=COLOUR_RGB('',9.89E-1,9.04E-1,2.3E-2);
#261=COLOUR_RGB('',9.92E-1,9.61E-1,9.02E-1);
#262=DRAUGHTING_PRE_DEFINED_COLOUR('red');
#263=COLOUR_RGB('',1.E0,0.E0,2.7E-1);
#264=COLOUR_RGB('',1.E0,0.E0,4.7E-1);
#265=COLOUR_RGB('',1.E0,0.E0,7.8E-1);
#266=DRAUGHTING_PRE_DEFINED_COLOUR('magenta');
#267=COLOUR_RGB('',1.E0,2.7E-2,2.7E-2);
#268=COLOUR_RGB('',1.E0,3.E-2,3.E-2);
#269=COLOUR_RGB('',1.E0,7.E-2,7.E-2);
#270=COLOUR_RGB('',1.E0,7.8E-2,5.76E-1);
#271=COLOUR_RGB('',1.E0,2.E-1,1.E0);
#272=COLOUR_RGB('',1.E0,2.7E-1,0.E0);
#273=COLOUR_RGB('',1.E0,2.7E-1,2.7E-1);
#274=COLOUR_RGB('',1.E0,3.6E-1,0.E0);
#275=COLOUR_RGB('',1.E0,3.88E-1,2.78E-1);
#276=COLOUR_RGB('',1.E0,4.E-1,1.E0);
#277=COLOUR_RGB('',1.E0,4.12E-1,7.06E-1);
#278=COLOUR_RGB('',1.E0,4.7E-1,0.E0);
#279=COLOUR_RGB('',1.E0,4.7E-1,4.7E-1);
#280=COLOUR_RGB('',1.E0,4.7E-1,5.3E-1);
#281=COLOUR_RGB('',1.E0,4.98E-1,3.14E-1);
#282=COLOUR_RGB('',1.E0,5.49E-1,0.E0);
#283=COLOUR_RGB('',1.E0,6.E-1,1.E0);
#284=COLOUR_RGB('',1.E0,6.27E-1,4.78E-1);
#285=COLOUR_RGB('',1.E0,6.47E-1,0.E0);
#286=COLOUR_RGB('',1.E0,6.7E-1,0.E0);
#287=COLOUR_RGB('',1.E0,6.7E-1,6.7E-1);
#288=COLOUR_RGB('',1.E0,7.14E-1,7.57E-1);
#289=COLOUR_RGB('',1.E0,7.2E-1,0.E0);
#290=COLOUR_RGB('',1.E0,7.3E-1,5.3E-1);
#291=COLOUR_RGB('',1.E0,7.3E-1,6.E-1);
#292=COLOUR_RGB('',1.E0,7.53E-1,7.96E-1);
#293=COLOUR_RGB('',1.E0,7.7E-1,6.E-2);
#294=COLOUR_RGB('',1.E0,8.E-1,8.E-1);
#295=COLOUR_RGB('',1.E0,8.E-1,1.E0);
#296=COLOUR_RGB('',1.E0,8.43E-1,0.E0);
#297=COLOUR_RGB('',1.E0,8.55E-1,7.25E-1);
#298=COLOUR_RGB('',1.E0,8.7E-1,0.E0);
#299=COLOUR_RGB('',1.E0,8.71E-1,6.78E-1);
#300=COLOUR_RGB('',1.E0,8.94E-1,7.1E-1);
#301=COLOUR_RGB('',1.E0,8.94E-1,7.69E-1);
#302=COLOUR_RGB('',1.E0,8.94E-1,8.82E-1);
#303=COLOUR_RGB('',1.E0,9.22E-1,8.04E-1);
#304=COLOUR_RGB('',1.E0,9.3E-1,9.3E-1);
#305=COLOUR_RGB('',1.E0,9.3E-1,1.E0);
#306=COLOUR_RGB('',1.E0,9.37E-1,8.35E-1);
#307=COLOUR_RGB('',1.E0,9.41E-1,9.61E-1);
#308=COLOUR_RGB('',1.E0,9.61E-1,9.33E-1);
#309=COLOUR_RGB('',1.E0,9.73E-1,8.63E-1);
#310=COLOUR_RGB('',1.E0,9.8E-1,8.04E-1);
#311=COLOUR_RGB('',1.E0,9.8E-1,9.41E-1);
#312=COLOUR_RGB('',1.E0,9.8E-1,9.8E-1);
#313=DRAUGHTING_PRE_DEFINED_COLOUR('yellow');
#314=COLOUR_RGB('',1.E0,1.E0,1.3E-1);
#315=COLOUR_RGB('',1.E0,1.E0,3.3E-1);
#316=COLOUR_RGB('',1.E0,1.E0,5.3E-1);
#317=COLOUR_RGB('',1.E0,1.E0,7.3E-1);
#318=COLOUR_RGB('',1.E0,1.E0,8.78E-1);
#319=COLOUR_RGB('',1.E0,1.E0,9.3E-1);
#320=COLOUR_RGB('',1.E0,1.E0,9.41E-1);
#321=COLOUR_RGB('',1.E0,1.E0,9.49E-1);
#322=DRAUGHTING_PRE_DEFINED_COLOUR('white');
#323=COLOUR_RGB('',1.8E-1,1.8E-1,1.8E-1);
#324=COLOUR_RGB('',2.4E-1,2.3E-1,2.4E-1);
#325=COLOUR_RGB('',4.4E-1,5.E-1,6.E-1);
#353=CIRCLE('',#352,4.E-1);
#368=CIRCLE('',#367,4.E-1);
#376=CIRCLE('',#375,8.5E-1);
#384=CIRCLE('',#383,4.E-1);
#399=CIRCLE('',#398,4.E-1);
#414=CIRCLE('',#413,4.35E1);
#429=CIRCLE('',#428,4.35E1);
#458=CIRCLE('',#457,4.E-1);
#473=CIRCLE('',#472,4.E-1);
#481=CIRCLE('',#480,8.5E-1);
#489=CIRCLE('',#488,4.E-1);
#504=CIRCLE('',#503,4.E-1);
#512=CIRCLE('',#511,5.05E1);
#520=CIRCLE('',#519,5.E-1);
#528=CIRCLE('',#527,5.E1);
#536=CIRCLE('',#535,5.E-1);
#572=CIRCLE('',#571,5.03E1);
#580=CIRCLE('',#579,5.E-1);
#588=CIRCLE('',#587,5.05E1);
#596=CIRCLE('',#595,5.E-1);
#604=CIRCLE('',#603,7.5E-1);
#612=CIRCLE('',#611,7.5E-1);
#620=CIRCLE('',#619,5.05E1);
#628=CIRCLE('',#627,5.E-1);
#636=CIRCLE('',#635,5.03E1);
#644=CIRCLE('',#643,5.E-1);
#652=CIRCLE('',#651,5.E1);
#660=CIRCLE('',#659,5.E-1);
#668=CIRCLE('',#667,5.05E1);
#676=CIRCLE('',#675,5.E-1);
#698=CIRCLE('',#697,4.55E1);
#713=CIRCLE('',#712,4.55E1);
#728=CIRCLE('',#727,5.E1);
#736=CIRCLE('',#735,5.04E1);
#744=CIRCLE('',#743,5.04E1);
#752=CIRCLE('',#751,5.024E1);
#760=CIRCLE('',#759,5.024E1);
#768=CIRCLE('',#767,5.04E1);
#776=CIRCLE('',#775,5.04E1);
#784=CIRCLE('',#783,5.E1);
#792=CIRCLE('',#791,5.E1);
#800=CIRCLE('',#799,4.E-1);
#808=CIRCLE('',#807,4.E-1);
#816=CIRCLE('',#815,5.E1);
#824=CIRCLE('',#823,5.038729833462E1);
#832=CIRCLE('',#831,5.038729833462E1);
#840=CIRCLE('',#839,4.E0);
#848=CIRCLE('',#847,4.E0);
#870=CIRCLE('',#869,1.713989539448E0);
#878=CIRCLE('',#877,1.713989539448E0);
#983=EDGE_CURVE('',#908,#909,#330,.T.);
#985=EDGE_CURVE('',#912,#908,#528,.T.);
#987=EDGE_CURVE('',#912,#913,#338,.T.);
#989=EDGE_CURVE('',#909,#913,#429,.T.);
#993=ADVANCED_FACE('',(#992),#982,.F.);
#999=EDGE_CURVE('',#960,#961,#345,.T.);
#1001=EDGE_CURVE('',#975,#960,#353,.T.);
#1003=EDGE_CURVE('',#893,#975,#360,.T.);
#1005=EDGE_CURVE('',#891,#893,#368,.T.);
#1007=EDGE_CURVE('',#889,#891,#376,.T.);
#1009=EDGE_CURVE('',#887,#889,#384,.T.);
#1011=EDGE_CURVE('',#885,#887,#391,.T.);
#1013=EDGE_CURVE('',#884,#885,#399,.T.);
#1015=EDGE_CURVE('',#923,#884,#406,.T.);
#1017=EDGE_CURVE('',#923,#917,#720,.T.);
#1019=EDGE_CURVE('',#916,#917,#683,.T.);
#1021=EDGE_CURVE('',#933,#916,#676,.T.);
#1023=EDGE_CURVE('',#932,#933,#564,.T.);
#1025=EDGE_CURVE('',#944,#932,#644,.T.);
#1027=EDGE_CURVE('',#944,#945,#612,.T.);
#1029=EDGE_CURVE('',#929,#945,#596,.T.);
#1031=EDGE_CURVE('',#928,#929,#550,.T.);
#1033=EDGE_CURVE('',#908,#928,#536,.T.);
#1036=EDGE_CURVE('',#909,#961,#421,.T.);
#1040=ADVANCED_FACE('',(#1039),#998,.T.);
#1047=EDGE_CURVE('',#961,#965,#414,.T.);
#1049=EDGE_CURVE('',#964,#965,#443,.T.);
#1051=EDGE_CURVE('',#964,#956,#792,.T.);
#1053=EDGE_CURVE('',#956,#952,#816,.T.);
#1055=EDGE_CURVE('',#952,#960,#784,.T.);
#1059=ADVANCED_FACE('',(#1058),#1045,.F.);
#1068=EDGE_CURVE('',#913,#965,#436,.T.);
#1072=ADVANCED_FACE('',(#1071),#1064,.F.);
#1081=EDGE_CURVE('',#912,#936,#520,.T.);
#1083=EDGE_CURVE('',#936,#937,#543,.T.);
#1085=EDGE_CURVE('',#937,#949,#580,.T.);
#1087=EDGE_CURVE('',#948,#949,#604,.T.);
#1089=EDGE_CURVE('',#948,#940,#628,.T.);
#1091=EDGE_CURVE('',#940,#941,#557,.T.);
#1093=EDGE_CURVE('',#941,#920,#660,.T.);
#1095=EDGE_CURVE('',#920,#921,#690,.T.);
#1097=EDGE_CURVE('',#925,#921,#705,.T.);
#1099=EDGE_CURVE('',#925,#896,#450,.T.);
#1101=EDGE_CURVE('',#896,#897,#458,.T.);
#1103=EDGE_CURVE('',#897,#899,#465,.T.);
#1105=EDGE_CURVE('',#899,#901,#473,.T.);
#1107=EDGE_CURVE('',#901,#903,#481,.T.);
#1109=EDGE_CURVE('',#903,#905,#489,.T.);
#1111=EDGE_CURVE('',#905,#977,#496,.T.);
#1113=EDGE_CURVE('',#977,#964,#504,.T.);
#1117=ADVANCED_FACE('',(#1116),#1077,.F.);
#1123=EDGE_CURVE('',#928,#936,#512,.T.);
#1130=ADVANCED_FACE('',(#1129),#1122,.T.);
#1136=EDGE_CURVE('',#937,#929,#588,.T.);
#1143=ADVANCED_FACE('',(#1142),#1135,.T.);
#1149=EDGE_CURVE('',#941,#933,#668,.T.);
#1152=EDGE_CURVE('',#932,#940,#620,.T.);
#1157=ADVANCED_FACE('',(#1156),#1148,.T.);
#1163=EDGE_CURVE('',#945,#949,#572,.T.);
#1170=ADVANCED_FACE('',(#1169),#1162,.T.);
#1176=EDGE_CURVE('',#948,#944,#636,.T.);
#1183=ADVANCED_FACE('',(#1182),#1175,.F.);
#1195=ADVANCED_FACE('',(#1194),#1188,.T.);
#1201=EDGE_CURVE('',#916,#920,#652,.T.);
#1208=ADVANCED_FACE('',(#1207),#1200,.T.);
#1215=EDGE_CURVE('',#921,#917,#713,.T.);
#1221=ADVANCED_FACE('',(#1220),#1213,.T.);
#1227=EDGE_CURVE('',#923,#925,#698,.T.);
#1234=ADVANCED_FACE('',(#1233),#1226,.F.);
#1242=EDGE_CURVE('',#884,#896,#728,.T.);
#1247=ADVANCED_FACE('',(#1246),#1239,.T.);
#1254=EDGE_CURVE('',#885,#897,#736,.T.);
#1260=ADVANCED_FACE('',(#1259),#1252,.T.);
#1267=EDGE_CURVE('',#887,#899,#744,.T.);
#1273=ADVANCED_FACE('',(#1272),#1265,.T.);
#1280=EDGE_CURVE('',#889,#901,#752,.T.);
#1286=ADVANCED_FACE('',(#1285),#1278,.T.);
#1293=EDGE_CURVE('',#891,#903,#760,.T.);
#1299=ADVANCED_FACE('',(#1298),#1291,.F.);
#1306=EDGE_CURVE('',#893,#905,#776,.T.);
#1312=ADVANCED_FACE('',(#1311),#1304,.T.);
#1318=EDGE_CURVE('',#975,#977,#768,.T.);
#1325=ADVANCED_FACE('',(#1324),#1317,.T.);
#1332=EDGE_CURVE('',#952,#953,#808,.T.);
#1334=EDGE_CURVE('',#953,#957,#824,.T.);
#1336=EDGE_CURVE('',#956,#957,#800,.T.);
#1344=ADVANCED_FACE('',(#1343),#1330,.F.);
#1351=EDGE_CURVE('',#957,#953,#832,.T.);
#1357=ADVANCED_FACE('',(#1356),#1349,.F.);
#1367=EDGE_CURVE('',#972,#973,#840,.T.);
#1369=EDGE_CURVE('',#973,#972,#848,.T.);
#1373=ADVANCED_FACE('',(#1366,#1372),#1362,.T.);
#1392=EDGE_CURVE('',#972,#968,#855,.T.);
#1394=EDGE_CURVE('',#968,#969,#870,.T.);
#1396=EDGE_CURVE('',#973,#969,#862,.T.);
#1400=ADVANCED_FACE('',(#1399),#1390,.F.);
#1408=EDGE_CURVE('',#969,#968,#878,.T.);
#1413=ADVANCED_FACE('',(#1412),#1405,.F.);
#1423=ADVANCED_FACE('',(#1422),#1418,.T.);
#1424=CLOSED_SHELL('',(#993,#1040,#1059,#1072,#1117,#1130,#1143,#1157,#1170,
#1183,#1195,#1208,#1221,#1234,#1247,#1260,#1273,#1286,#1299,#1312,#1325,#1344,
#1357,#1373,#1400,#1413,#1423));
#1425=MANIFOLD_SOLID_BREP('',#1424);
#1432=(LENGTH_UNIT()NAMED_UNIT(*)SI_UNIT(.MILLI.,.METRE.));
#1433=(NAMED_UNIT(*)PLANE_ANGLE_UNIT()SI_UNIT($,.RADIAN.));
#1436=(NAMED_UNIT(*)SI_UNIT($,.STERADIAN.)SOLID_ANGLE_UNIT());
#1438=(GEOMETRIC_REPRESENTATION_CONTEXT(3)GLOBAL_UNCERTAINTY_ASSIGNED_CONTEXT((
#1437))GLOBAL_UNIT_ASSIGNED_CONTEXT((#1432,#1435,#1436))REPRESENTATION_CONTEXT(
'ID1','3'));
#1442=AXIS2_PLACEMENT_3D('',#1439,#1440,#1441);
#1443=ADVANCED_BREP_SHAPE_REPRESENTATION('',(#1442,#1425),#1438);
#1450=PRODUCT_DEFINITION('part definition','',#1449,#1446);
#1451=PRODUCT_DEFINITION_SHAPE('','SHAPE FOR EW6_1000UF_600V_64X105.',#1450);
#1452=SHAPE_ASPECT('','solid data associated with EW6_1000UF_600V_64X105',#1451,
.F.);
#1453=PROPERTY_DEFINITION('',
'shape for solid data with which properties are associated',#1452);
#1454=SHAPE_REPRESENTATION('',(#1425),#1438);
#1455=SHAPE_DEFINITION_REPRESENTATION(#1453,#1454);
#1456=(LENGTH_UNIT()NAMED_UNIT(*)SI_UNIT(.MILLI.,.METRE.));
#1460=PROPERTY_DEFINITION('geometric validation property',
'area of EW6_1000UF_600V_64X105',#1452);
#1461=REPRESENTATION('surface area',(#1459),#1438);
#1462=PROPERTY_DEFINITION_REPRESENTATION(#1460,#1461);
#1463=(LENGTH_UNIT()NAMED_UNIT(*)SI_UNIT(.MILLI.,.METRE.));
#1467=PROPERTY_DEFINITION('geometric validation property',
'volume of EW6_1000UF_600V_64X105',#1452);
#1468=REPRESENTATION('volume',(#1466),#1438);
#1469=PROPERTY_DEFINITION_REPRESENTATION(#1467,#1468);
#1471=PROPERTY_DEFINITION('geometric validation property',
'centroid of EW6_1000UF_600V_64X105',#1452);
#1472=REPRESENTATION('centroid',(#1470),#1438);
#1473=PROPERTY_DEFINITION_REPRESENTATION(#1471,#1472);
#1474=(LENGTH_UNIT()NAMED_UNIT(*)SI_UNIT(.MILLI.,.METRE.));
#1478=PROPERTY_DEFINITION('geometric validation property',
'area of EW6_1000UF_600V_64X105',#1451);
#1479=REPRESENTATION('surface area',(#1477),#1438);
#1480=PROPERTY_DEFINITION_REPRESENTATION(#1478,#1479);
#1481=(LENGTH_UNIT()NAMED_UNIT(*)SI_UNIT(.MILLI.,.METRE.));
#1485=PROPERTY_DEFINITION('geometric validation property',
'volume of EW6_1000UF_600V_64X105',#1451);
#1486=REPRESENTATION('volume',(#1484),#1438);
#1487=PROPERTY_DEFINITION_REPRESENTATION(#1485,#1486);
#1489=PROPERTY_DEFINITION('geometric validation property',
'centroid of EW6_1000UF_600V_64X105',#1451);
#1490=REPRESENTATION('centroid',(#1488),#1438);
#1491=PROPERTY_DEFINITION_REPRESENTATION(#1489,#1490);
#1492=SHAPE_DEFINITION_REPRESENTATION(#1451,#1443);
#1493=SHAPE_DEFINITION_REPRESENTATION(#1494,#1495);
#1494=PRODUCT_DEFINITION_SHAPE('','SHAPE FOR EW6_1000UF_600V_64X105_ASM.',
#3475);
#1495=SHAPE_REPRESENTATION('',(#1505,#2973,#3258,#3271,#3455,#3469),#3465);
#1496=NEXT_ASSEMBLY_USAGE_OCCURRENCE('6','Next assembly relationship',
'EW6_1000UF_600V_64X105',#3475,#1450,$);
#1497=PRODUCT_DEFINITION_SHAPE('Placement #6',
'Placement of EW6_1000UF_600V_64X105 with respect to EW6_1000UF_600V_64X105_ASM'
,#1496);
#1499=PROPERTY_DEFINITION('geometric validation property',
'centroid of EW6_1000UF_600V_64X105',#1497);
#1500=REPRESENTATION('centroid',(#1498),#1438);
#1501=PROPERTY_DEFINITION_REPRESENTATION(#1499,#1500);
#1509=COLOUR_RGB('',1.8E-1,1.8E-1,1.8E-1);
#1515=CIRCLE('',#1514,5.E-1);
#1530=CIRCLE('',#1529,5.E-1);
#1538=CIRCLE('',#1537,7.5E-1);
#1546=CIRCLE('',#1545,5.E-1);
#1561=CIRCLE('',#1560,5.E-1);
#1590=CIRCLE('',#1589,4.E-1);
#1605=CIRCLE('',#1604,4.E-1);
#1613=CIRCLE('',#1612,8.5E-1);
#1621=CIRCLE('',#1620,4.E-1);
#1636=CIRCLE('',#1635,4.E-1);
#1665=CIRCLE('',#1664,5.E1);
#1673=CIRCLE('',#1672,4.35E1);
#1681=CIRCLE('',#1680,4.35E1);
#1689=CIRCLE('',#1688,5.E1);
#1697=CIRCLE('',#1696,5.04E1);
#1705=CIRCLE('',#1704,5.04E1);
#1713=CIRCLE('',#1712,5.024E1);
#1721=CIRCLE('',#1720,5.024E1);
#1729=CIRCLE('',#1728,5.04E1);
#1737=CIRCLE('',#1736,5.04E1);
#1745=CIRCLE('',#1744,5.E1);
#1753=CIRCLE('',#1752,4.55E1);
#1761=CIRCLE('',#1760,4.55E1);
#1769=CIRCLE('',#1768,5.E1);
#1777=CIRCLE('',#1776,5.05E1);
#1785=CIRCLE('',#1784,5.05E1);
#1793=CIRCLE('',#1792,5.03E1);
#1801=CIRCLE('',#1800,5.03E1);
#1809=CIRCLE('',#1808,5.05E1);
#1817=CIRCLE('',#1816,5.05E1);
#1825=CIRCLE('',#1824,5.E-1);
#1854=CIRCLE('',#1853,4.E-1);
#1869=CIRCLE('',#1868,4.E-1);
#1877=CIRCLE('',#1876,8.5E-1);
#1885=CIRCLE('',#1884,4.E-1);
#1900=CIRCLE('',#1899,4.E-1);
#1929=CIRCLE('',#1928,5.E-1);
#1944=CIRCLE('',#1943,5.E-1);
#1952=CIRCLE('',#1951,7.5E-1);
#1960=CIRCLE('',#1959,5.E-1);
#2056=EDGE_CURVE('',#1974,#1976,#1515,.T.);
#2058=EDGE_CURVE('',#1976,#1978,#1522,.T.);
#2060=EDGE_CURVE('',#1978,#1980,#1530,.T.);
#2062=EDGE_CURVE('',#1980,#1982,#1538,.T.);
#2064=EDGE_CURVE('',#1982,#1984,#1546,.T.);
#2066=EDGE_CURVE('',#1984,#1986,#1553,.T.);
#2068=EDGE_CURVE('',#1986,#1988,#1561,.T.);
#2070=EDGE_CURVE('',#1988,#1990,#1568,.T.);
#2072=EDGE_CURVE('',#1990,#2012,#1575,.T.);
#2074=EDGE_CURVE('',#2012,#2034,#1582,.T.);
#2076=EDGE_CURVE('',#2034,#2032,#1590,.T.);
#2078=EDGE_CURVE('',#2032,#2030,#1597,.T.);
#2080=EDGE_CURVE('',#2030,#2028,#1605,.T.);
#2082=EDGE_CURVE('',#2028,#2026,#1613,.T.);
#2084=EDGE_CURVE('',#2026,#2024,#1621,.T.);
#2086=EDGE_CURVE('',#2024,#2022,#1628,.T.);
#2088=EDGE_CURVE('',#2022,#2020,#1636,.T.);
#2090=EDGE_CURVE('',#2020,#2014,#1643,.T.);
#2092=EDGE_CURVE('',#2014,#1973,#1650,.T.);
#2094=EDGE_CURVE('',#1973,#1974,#1657,.T.);
#2098=ADVANCED_FACE('',(#2097),#2055,.F.);
#2105=EDGE_CURVE('',#1974,#1994,#1665,.T.);
#2107=EDGE_CURVE('',#1994,#1996,#1825,.T.);
#2109=EDGE_CURVE('',#1976,#1996,#1817,.T.);
#2113=ADVANCED_FACE('',(#2112),#2103,.T.);
#2120=EDGE_CURVE('',#1973,#1993,#1673,.T.);
#2122=EDGE_CURVE('',#1993,#1994,#1832,.T.);
#2127=ADVANCED_FACE('',(#2126),#2118,.T.);
#2134=EDGE_CURVE('',#2014,#2018,#1681,.T.);
#2136=EDGE_CURVE('',#2018,#1993,#1839,.T.);
#2141=ADVANCED_FACE('',(#2140),#2132,.F.);
#2148=EDGE_CURVE('',#2020,#2036,#1689,.T.);
#2150=EDGE_CURVE('',#2036,#2018,#1846,.T.);
#2155=ADVANCED_FACE('',(#2154),#2146,.F.);
#2162=EDGE_CURVE('',#2022,#2038,#1697,.T.);
#2164=EDGE_CURVE('',#2038,#2036,#1854,.T.);
#2169=ADVANCED_FACE('',(#2168),#2160,.F.);
#2176=EDGE_CURVE('',#2024,#2040,#1705,.T.);
#2178=EDGE_CURVE('',#2040,#2038,#1861,.T.);
#2183=ADVANCED_FACE('',(#2182),#2174,.F.);
#2190=EDGE_CURVE('',#2026,#2042,#1713,.T.);
#2192=EDGE_CURVE('',#2042,#2040,#1869,.T.);
#2197=ADVANCED_FACE('',(#2196),#2188,.F.);
#2204=EDGE_CURVE('',#2028,#2044,#1721,.T.);
#2206=EDGE_CURVE('',#2044,#2042,#1877,.T.);
#2211=ADVANCED_FACE('',(#2210),#2202,.T.);
#2218=EDGE_CURVE('',#2030,#2046,#1729,.T.);
#2220=EDGE_CURVE('',#2046,#2044,#1885,.T.);
#2225=ADVANCED_FACE('',(#2224),#2216,.F.);
#2232=EDGE_CURVE('',#2032,#2048,#1737,.T.);
#2234=EDGE_CURVE('',#2048,#2046,#1892,.T.);
#2239=ADVANCED_FACE('',(#2238),#2230,.F.);
#2246=EDGE_CURVE('',#2034,#2050,#1745,.T.);
#2248=EDGE_CURVE('',#2050,#2048,#1900,.T.);
#2253=ADVANCED_FACE('',(#2252),#2244,.F.);
#2260=EDGE_CURVE('',#2012,#2016,#1753,.T.);
#2262=EDGE_CURVE('',#2016,#2050,#1907,.T.);
#2267=ADVANCED_FACE('',(#2266),#2258,.T.);
#2274=EDGE_CURVE('',#1990,#2010,#1761,.T.);
#2276=EDGE_CURVE('',#2010,#2016,#1914,.T.);
#2281=ADVANCED_FACE('',(#2280),#2272,.F.);
#2288=EDGE_CURVE('',#1988,#2008,#1769,.T.);
#2290=EDGE_CURVE('',#2008,#2010,#1921,.T.);
#2295=ADVANCED_FACE('',(#2294),#2286,.F.);
#2302=EDGE_CURVE('',#1986,#2006,#1777,.T.);
#2304=EDGE_CURVE('',#2006,#2008,#1929,.T.);
#2309=ADVANCED_FACE('',(#2308),#2300,.T.);
#2316=EDGE_CURVE('',#1984,#2004,#1785,.T.);
#2318=EDGE_CURVE('',#2004,#2006,#1936,.T.);
#2323=ADVANCED_FACE('',(#2322),#2314,.T.);
#2330=EDGE_CURVE('',#1982,#2002,#1793,.T.);
#2332=EDGE_CURVE('',#2002,#2004,#1944,.T.);
#2337=ADVANCED_FACE('',(#2336),#2328,.T.);
#2344=EDGE_CURVE('',#1980,#2000,#1801,.T.);
#2346=EDGE_CURVE('',#2000,#2002,#1952,.T.);
#2351=ADVANCED_FACE('',(#2350),#2342,.F.);
#2358=EDGE_CURVE('',#1978,#1998,#1809,.T.);
#2360=EDGE_CURVE('',#1998,#2000,#1960,.T.);
#2365=ADVANCED_FACE('',(#2364),#2356,.T.);
#2373=EDGE_CURVE('',#1996,#1998,#1967,.T.);
#2378=ADVANCED_FACE('',(#2377),#2370,.T.);
#2406=ADVANCED_FACE('',(#2405),#2383,.T.);
#2407=CLOSED_SHELL('',(#2098,#2113,#2127,#2141,#2155,#2169,#2183,#2197,#2211,
#2225,#2239,#2253,#2267,#2281,#2295,#2309,#2323,#2337,#2351,#2365,#2378,#2406));
#2426=CIRCLE('',#2425,4.35E1);
#2434=CIRCLE('',#2433,5.05E1);
#2442=CIRCLE('',#2441,5.E-1);
#2450=CIRCLE('',#2449,5.E1);
#2458=CIRCLE('',#2457,5.E-1);
#2494=CIRCLE('',#2493,5.03E1);
#2502=CIRCLE('',#2501,5.E-1);
#2510=CIRCLE('',#2509,5.05E1);
#2518=CIRCLE('',#2517,5.E-1);
#2526=CIRCLE('',#2525,7.5E-1);
#2534=CIRCLE('',#2533,7.5E-1);
#2542=CIRCLE('',#2541,5.05E1);
#2550=CIRCLE('',#2549,5.E-1);
#2558=CIRCLE('',#2557,5.03E1);
#2566=CIRCLE('',#2565,5.E-1);
#2574=CIRCLE('',#2573,5.E1);
#2582=CIRCLE('',#2581,5.E-1);
#2590=CIRCLE('',#2589,5.05E1);
#2598=CIRCLE('',#2597,5.E-1);
#2613=CIRCLE('',#2612,4.55E1);
#2669=EDGE_CURVE('',#2627,#2626,#2411,.T.);
#2671=EDGE_CURVE('',#2630,#2626,#2450,.T.);
#2673=EDGE_CURVE('',#2630,#2631,#2418,.T.);
#2675=EDGE_CURVE('',#2631,#2627,#2426,.T.);
#2679=ADVANCED_FACE('',(#2678),#2668,.F.);
#2692=EDGE_CURVE('',#2642,#2650,#2434,.T.);
#2694=EDGE_CURVE('',#2650,#2630,#2442,.T.);
#2697=EDGE_CURVE('',#2626,#2642,#2458,.T.);
#2701=ADVANCED_FACE('',(#2700),#2691,.T.);
#2714=EDGE_CURVE('',#2651,#2643,#2510,.T.);
#2716=EDGE_CURVE('',#2651,#2650,#2465,.T.);
#2719=EDGE_CURVE('',#2642,#2643,#2472,.T.);
#2723=ADVANCED_FACE('',(#2722),#2713,.T.);
#2736=EDGE_CURVE('',#2655,#2647,#2590,.T.);
#2738=EDGE_CURVE('',#2655,#2654,#2479,.T.);
#2740=EDGE_CURVE('',#2646,#2654,#2542,.T.);
#2742=EDGE_CURVE('',#2646,#2647,#2486,.T.);
#2746=ADVANCED_FACE('',(#2745),#2735,.T.);
#2759=EDGE_CURVE('',#2659,#2663,#2494,.T.);
#2761=EDGE_CURVE('',#2663,#2651,#2502,.T.);
#2764=EDGE_CURVE('',#2643,#2659,#2518,.T.);
#2768=ADVANCED_FACE('',(#2767),#2758,.T.);
#2781=EDGE_CURVE('',#2662,#2658,#2558,.T.);
#2783=EDGE_CURVE('',#2662,#2663,#2526,.T.);
#2786=EDGE_CURVE('',#2659,#2658,#2534,.T.);
#2790=ADVANCED_FACE('',(#2789),#2780,.F.);
#2804=EDGE_CURVE('',#2654,#2662,#2550,.T.);
#2807=EDGE_CURVE('',#2658,#2646,#2566,.T.);
#2811=ADVANCED_FACE('',(#2810),#2802,.T.);
#2824=EDGE_CURVE('',#2634,#2638,#2574,.T.);
#2826=EDGE_CURVE('',#2638,#2655,#2582,.T.);
#2829=EDGE_CURVE('',#2647,#2634,#2598,.T.);
#2833=ADVANCED_FACE('',(#2832),#2823,.T.);
#2846=EDGE_CURVE('',#2634,#2635,#2605,.T.);
#2848=EDGE_CURVE('',#2635,#2639,#2613,.T.);
#2850=EDGE_CURVE('',#2639,#2638,#2620,.T.);
#2855=ADVANCED_FACE('',(#2854),#2845,.T.);
#2863=OPEN_SHELL('',(#2679,#2701,#2723,#2746,#2768,#2790,#2811,#2833,#2855));
#2870=MANIFOLD_SOLID_BREP('',#2407);
#2878=SHELL_BASED_SURFACE_MODEL('',(#2863));
#2883=(LENGTH_UNIT()NAMED_UNIT(*)SI_UNIT(.MILLI.,.METRE.));
#2884=(NAMED_UNIT(*)PLANE_ANGLE_UNIT()SI_UNIT($,.RADIAN.));
#2887=(NAMED_UNIT(*)SI_UNIT($,.STERADIAN.)SOLID_ANGLE_UNIT());
#2889=(GEOMETRIC_REPRESENTATION_CONTEXT(3)GLOBAL_UNCERTAINTY_ASSIGNED_CONTEXT((
#2888))GLOBAL_UNIT_ASSIGNED_CONTEXT((#2883,#2886,#2887))REPRESENTATION_CONTEXT(
'ID2','3'));
#2893=AXIS2_PLACEMENT_3D('',#2890,#2891,#2892);
#2894=ADVANCED_BREP_SHAPE_REPRESENTATION('',(#2893,#2870),#2889);
#2898=AXIS2_PLACEMENT_3D('',#2895,#2896,#2897);
#2899=MANIFOLD_SURFACE_SHAPE_REPRESENTATION('',(#2898,#2878),#2889);
#2903=AXIS2_PLACEMENT_3D('',#2900,#2901,#2902);
#2904=SHAPE_REPRESENTATION('',(#2903),#2889);
#2910=PRODUCT_DEFINITION('part definition','',#2909,#1446);
#2911=PRODUCT_DEFINITION_SHAPE('','SHAPE FOR BLACK_FILM.',#2910);
#2912=SHAPE_ASPECT('','solid data associated with BLACK_FILM',#2911,.F.);
#2913=PROPERTY_DEFINITION('',
'shape for solid data with which properties are associated',#2912);
#2914=SHAPE_REPRESENTATION('',(#2870),#2889);
#2915=SHAPE_DEFINITION_REPRESENTATION(#2913,#2914);
#2916=(LENGTH_UNIT()NAMED_UNIT(*)SI_UNIT(.MILLI.,.METRE.));
#2920=PROPERTY_DEFINITION('geometric validation property','area of BLACK_FILM',
#2912);
#2921=REPRESENTATION('surface area',(#2919),#2889);
#2922=PROPERTY_DEFINITION_REPRESENTATION(#2920,#2921);
#2923=(LENGTH_UNIT()NAMED_UNIT(*)SI_UNIT(.MILLI.,.METRE.));
#2927=PROPERTY_DEFINITION('geometric validation property',
'volume of BLACK_FILM',#2912);
#2928=REPRESENTATION('volume',(#2926),#2889);
#2929=PROPERTY_DEFINITION_REPRESENTATION(#2927,#2928);
#2931=PROPERTY_DEFINITION('geometric validation property',
'centroid of BLACK_FILM',#2912);
#2932=REPRESENTATION('centroid',(#2930),#2889);
#2933=PROPERTY_DEFINITION_REPRESENTATION(#2931,#2932);
#2934=SHAPE_ASPECT('','surface data associated with BLACK_FILM',#2911,.F.);
#2935=PROPERTY_DEFINITION('',
'shape for surface data with which properties are associated',#2934);
#2936=SHAPE_REPRESENTATION('',(#2878),#2889);
#2937=SHAPE_DEFINITION_REPRESENTATION(#2935,#2936);
#2938=(LENGTH_UNIT()NAMED_UNIT(*)SI_UNIT(.MILLI.,.METRE.));
#2942=PROPERTY_DEFINITION('geometric validation property','area of BLACK_FILM',
#2934);
#2943=REPRESENTATION('surface area',(#2941),#2889);
#2944=PROPERTY_DEFINITION_REPRESENTATION(#2942,#2943);
#2945=(LENGTH_UNIT()NAMED_UNIT(*)SI_UNIT(.MILLI.,.METRE.));
#2949=PROPERTY_DEFINITION('geometric validation property','area of BLACK_FILM',
#2911);
#2950=REPRESENTATION('surface area',(#2948),#2889);
#2951=PROPERTY_DEFINITION_REPRESENTATION(#2949,#2950);
#2952=(LENGTH_UNIT()NAMED_UNIT(*)SI_UNIT(.MILLI.,.METRE.));
#2956=PROPERTY_DEFINITION('geometric validation property',
'volume of BLACK_FILM',#2911);
#2957=REPRESENTATION('volume',(#2955),#2889);
#2958=PROPERTY_DEFINITION_REPRESENTATION(#2956,#2957);
#2960=PROPERTY_DEFINITION('geometric validation property',
'centroid of BLACK_FILM',#2911);
#2961=REPRESENTATION('centroid',(#2959),#2889);
#2962=PROPERTY_DEFINITION_REPRESENTATION(#2960,#2961);
#2963=SHAPE_DEFINITION_REPRESENTATION(#2911,#2904);
#2964=NEXT_ASSEMBLY_USAGE_OCCURRENCE('7','Next assembly relationship',
'BLACK_FILM',#3475,#2910,$);
#2965=PRODUCT_DEFINITION_SHAPE('Placement #7',
'Placement of BLACK_FILM with respect to EW6_1000UF_600V_64X105_ASM',#2964);
#2967=PROPERTY_DEFINITION('geometric validation property',
'centroid of BLACK_FILM',#2965);
#2968=REPRESENTATION('centroid',(#2966),#2889);
#2969=PROPERTY_DEFINITION_REPRESENTATION(#2967,#2968);
#2977=COLOUR_RGB('',4.4E-1,5.E-1,6.E-1);
#2978=COLOUR_RGB('',8.6E-1,8.6E-1,8.7E-1);
#2984=CIRCLE('',#2983,8.5E0);
#2992=CIRCLE('',#2991,8.5E0);
#3014=CIRCLE('',#3013,8.5E0);
#3022=CIRCLE('',#3021,8.5E0);
#3030=CIRCLE('',#3029,3.E0);
#3038=CIRCLE('',#3037,3.E0);
#3060=CIRCLE('',#3059,3.E0);
#3068=CIRCLE('',#3067,3.E0);
#3093=EDGE_CURVE('',#3074,#3075,#2984,.T.);
#3095=EDGE_CURVE('',#3075,#3074,#2992,.T.);
#3099=ADVANCED_FACE('',(#3098),#3092,.F.);
#3106=EDGE_CURVE('',#3074,#3078,#2999,.T.);
#3108=EDGE_CURVE('',#3078,#3079,#3014,.T.);
#3110=EDGE_CURVE('',#3075,#3079,#3006,.T.);
#3114=ADVANCED_FACE('',(#3113),#3104,.T.);
#3122=EDGE_CURVE('',#3079,#3078,#3022,.T.);
#3127=ADVANCED_FACE('',(#3126),#3119,.T.);
#3137=EDGE_CURVE('',#3086,#3087,#3030,.T.);
#3139=EDGE_CURVE('',#3087,#3086,#3038,.T.);
#3143=ADVANCED_FACE('',(#3136,#3142),#3132,.T.);
#3150=EDGE_CURVE('',#3086,#3082,#3045,.T.);
#3152=EDGE_CURVE('',#3082,#3083,#3060,.T.);
#3154=EDGE_CURVE('',#3087,#3083,#3052,.T.);
#3158=ADVANCED_FACE('',(#3157),#3148,.F.);
#3166=EDGE_CURVE('',#3083,#3082,#3068,.T.);
#3171=ADVANCED_FACE('',(#3170),#3163,.F.);
#3181=ADVANCED_FACE('',(#3180),#3176,.T.);
#3182=CLOSED_SHELL('',(#3099,#3114,#3127,#3143,#3158,#3171,#3181));
#3183=MANIFOLD_SOLID_BREP('',#3182);
#3190=(LENGTH_UNIT()NAMED_UNIT(*)SI_UNIT(.MILLI.,.METRE.));
#3191=(NAMED_UNIT(*)PLANE_ANGLE_UNIT()SI_UNIT($,.RADIAN.));
#3194=(NAMED_UNIT(*)SI_UNIT($,.STERADIAN.)SOLID_ANGLE_UNIT());
#3196=(GEOMETRIC_REPRESENTATION_CONTEXT(3)GLOBAL_UNCERTAINTY_ASSIGNED_CONTEXT((
#3195))GLOBAL_UNIT_ASSIGNED_CONTEXT((#3190,#3193,#3194))REPRESENTATION_CONTEXT(
'ID3','3'));
#3200=AXIS2_PLACEMENT_3D('',#3197,#3198,#3199);
#3201=ADVANCED_BREP_SHAPE_REPRESENTATION('',(#3200,#3183),#3196);
#3206=PRODUCT_DEFINITION('part definition','',#3205,#3202);
#3207=PRODUCT_DEFINITION_SHAPE('','SHAPE FOR LUOSHAN.',#3206);
#3208=SHAPE_ASPECT('','solid data associated with LUOSHAN',#3207,.F.);
#3209=PROPERTY_DEFINITION('',
'shape for solid data with which properties are associated',#3208);
#3210=SHAPE_REPRESENTATION('',(#3183),#3196);
#3211=SHAPE_DEFINITION_REPRESENTATION(#3209,#3210);
#3212=(LENGTH_UNIT()NAMED_UNIT(*)SI_UNIT(.MILLI.,.METRE.));
#3216=PROPERTY_DEFINITION('geometric validation property','area of LUOSHAN',
#3208);
#3217=REPRESENTATION('surface area',(#3215),#3196);
#3218=PROPERTY_DEFINITION_REPRESENTATION(#3216,#3217);
#3219=(LENGTH_UNIT()NAMED_UNIT(*)SI_UNIT(.MILLI.,.METRE.));
#3223=PROPERTY_DEFINITION('geometric validation property','volume of LUOSHAN',
#3208);
#3224=REPRESENTATION('volume',(#3222),#3196);
#3225=PROPERTY_DEFINITION_REPRESENTATION(#3223,#3224);
#3227=PROPERTY_DEFINITION('geometric validation property','centroid of LUOSHAN',
#3208);
#3228=REPRESENTATION('centroid',(#3226),#3196);
#3229=PROPERTY_DEFINITION_REPRESENTATION(#3227,#3228);
#3230=(LENGTH_UNIT()NAMED_UNIT(*)SI_UNIT(.MILLI.,.METRE.));
#3234=PROPERTY_DEFINITION('geometric validation property','area of LUOSHAN',
#3207);
#3235=REPRESENTATION('surface area',(#3233),#3196);
#3236=PROPERTY_DEFINITION_REPRESENTATION(#3234,#3235);
#3237=(LENGTH_UNIT()NAMED_UNIT(*)SI_UNIT(.MILLI.,.METRE.));
#3241=PROPERTY_DEFINITION('geometric validation property','volume of LUOSHAN',
#3207);
#3242=REPRESENTATION('volume',(#3240),#3196);
#3243=PROPERTY_DEFINITION_REPRESENTATION(#3241,#3242);
#3245=PROPERTY_DEFINITION('geometric validation property','centroid of LUOSHAN',
#3207);
#3246=REPRESENTATION('centroid',(#3244),#3196);
#3247=PROPERTY_DEFINITION_REPRESENTATION(#3245,#3246);
#3248=SHAPE_DEFINITION_REPRESENTATION(#3207,#3201);
#3249=NEXT_ASSEMBLY_USAGE_OCCURRENCE('8','Next assembly relationship','LUOSHAN',
#3475,#3206,$);
#3250=PRODUCT_DEFINITION_SHAPE('Placement #8',
'Placement of LUOSHAN with respect to EW6_1000UF_600V_64X105_ASM',#3249);
#3252=PROPERTY_DEFINITION('geometric validation property','centroid of LUOSHAN',
#3250);
#3253=REPRESENTATION('centroid',(#3251),#3196);
#3254=PROPERTY_DEFINITION_REPRESENTATION(#3252,#3253);
#3262=NEXT_ASSEMBLY_USAGE_OCCURRENCE('9','Next assembly relationship','LUOSHAN',
#3475,#3206,$);
#3263=PRODUCT_DEFINITION_SHAPE('Placement #9',
'Placement of LUOSHAN with respect to EW6_1000UF_600V_64X105_ASM',#3262);
#3265=PROPERTY_DEFINITION('geometric validation property','centroid of LUOSHAN',
#3263);
#3266=REPRESENTATION('centroid',(#3264),#3196);
#3267=PROPERTY_DEFINITION_REPRESENTATION(#3265,#3266);
#3280=CIRCLE('',#3279,2.5E0);
#3288=CIRCLE('',#3287,2.5E0);
#3310=CIRCLE('',#3309,2.5E0);
#3318=CIRCLE('',#3317,2.5E0);
#3335=EDGE_CURVE('',#3324,#3325,#3280,.T.);
#3337=EDGE_CURVE('',#3325,#3324,#3288,.T.);
#3341=ADVANCED_FACE('',(#3340),#3334,.F.);
#3348=EDGE_CURVE('',#3324,#3328,#3295,.T.);
#3350=EDGE_CURVE('',#3328,#3329,#3310,.T.);
#3352=EDGE_CURVE('',#3325,#3329,#3302,.T.);
#3356=ADVANCED_FACE('',(#3355),#3346,.T.);
#3364=EDGE_CURVE('',#3329,#3328,#3318,.T.);
#3369=ADVANCED_FACE('',(#3368),#3361,.T.);
#3379=ADVANCED_FACE('',(#3378),#3374,.T.);
#3380=CLOSED_SHELL('',(#3341,#3356,#3369,#3379));
#3381=MANIFOLD_SOLID_BREP('',#3380);
#3388=(LENGTH_UNIT()NAMED_UNIT(*)SI_UNIT(.MILLI.,.METRE.));
#3389=(NAMED_UNIT(*)PLANE_ANGLE_UNIT()SI_UNIT($,.RADIAN.));
#3392=(NAMED_UNIT(*)SI_UNIT($,.STERADIAN.)SOLID_ANGLE_UNIT());
#3394=(GEOMETRIC_REPRESENTATION_CONTEXT(3)GLOBAL_UNCERTAINTY_ASSIGNED_CONTEXT((
#3393))GLOBAL_UNIT_ASSIGNED_CONTEXT((#3388,#3391,#3392))REPRESENTATION_CONTEXT(
'ID4','3'));
#3398=AXIS2_PLACEMENT_3D('',#3395,#3396,#3397);
#3399=ADVANCED_BREP_SHAPE_REPRESENTATION('',(#3398,#3381),#3394);
#3403=PRODUCT_DEFINITION('part definition','',#3402,#3202);
#3404=PRODUCT_DEFINITION_SHAPE('','SHAPE FOR PINT.',#3403);
#3405=SHAPE_ASPECT('','solid data associated with PINT',#3404,.F.);
#3406=PROPERTY_DEFINITION('',
'shape for solid data with which properties are associated',#3405);
#3407=SHAPE_REPRESENTATION('',(#3381),#3394);
#3408=SHAPE_DEFINITION_REPRESENTATION(#3406,#3407);
#3409=(LENGTH_UNIT()NAMED_UNIT(*)SI_UNIT(.MILLI.,.METRE.));
#3413=PROPERTY_DEFINITION('geometric validation property','area of PINT',#3405);
#3414=REPRESENTATION('surface area',(#3412),#3394);
#3415=PROPERTY_DEFINITION_REPRESENTATION(#3413,#3414);
#3416=(LENGTH_UNIT()NAMED_UNIT(*)SI_UNIT(.MILLI.,.METRE.));
#3420=PROPERTY_DEFINITION('geometric validation property','volume of PINT',
#3405);
#3421=REPRESENTATION('volume',(#3419),#3394);
#3422=PROPERTY_DEFINITION_REPRESENTATION(#3420,#3421);
#3424=PROPERTY_DEFINITION('geometric validation property','centroid of PINT',
#3405);
#3425=REPRESENTATION('centroid',(#3423),#3394);
#3426=PROPERTY_DEFINITION_REPRESENTATION(#3424,#3425);
#3427=(LENGTH_UNIT()NAMED_UNIT(*)SI_UNIT(.MILLI.,.METRE.));
#3431=PROPERTY_DEFINITION('geometric validation property','area of PINT',#3404);
#3432=REPRESENTATION('surface area',(#3430),#3394);
#3433=PROPERTY_DEFINITION_REPRESENTATION(#3431,#3432);
#3434=(LENGTH_UNIT()NAMED_UNIT(*)SI_UNIT(.MILLI.,.METRE.));
#3438=PROPERTY_DEFINITION('geometric validation property','volume of PINT',
#3404);
#3439=REPRESENTATION('volume',(#3437),#3394);
#3440=PROPERTY_DEFINITION_REPRESENTATION(#3438,#3439);
#3442=PROPERTY_DEFINITION('geometric validation property','centroid of PINT',
#3404);
#3443=REPRESENTATION('centroid',(#3441),#3394);
#3444=PROPERTY_DEFINITION_REPRESENTATION(#3442,#3443);
#3445=SHAPE_DEFINITION_REPRESENTATION(#3404,#3399);
#3446=NEXT_ASSEMBLY_USAGE_OCCURRENCE('10','Next assembly relationship','PINT',
#3475,#3403,$);
#3447=PRODUCT_DEFINITION_SHAPE('Placement #10',
'Placement of PINT with respect to EW6_1000UF_600V_64X105_ASM',#3446);
#3449=PROPERTY_DEFINITION('geometric validation property','centroid of PINT',
#3447);
#3450=REPRESENTATION('centroid',(#3448),#3394);
#3451=PROPERTY_DEFINITION_REPRESENTATION(#3449,#3450);
#3459=(LENGTH_UNIT()NAMED_UNIT(*)SI_UNIT(.MILLI.,.METRE.));
#3460=(NAMED_UNIT(*)PLANE_ANGLE_UNIT()SI_UNIT($,.RADIAN.));
#3463=(NAMED_UNIT(*)SI_UNIT($,.STERADIAN.)SOLID_ANGLE_UNIT());
#3465=(GEOMETRIC_REPRESENTATION_CONTEXT(3)GLOBAL_UNCERTAINTY_ASSIGNED_CONTEXT((
#3464))GLOBAL_UNIT_ASSIGNED_CONTEXT((#3459,#3462,#3463))REPRESENTATION_CONTEXT(
'ID5','3'));
#3469=AXIS2_PLACEMENT_3D('',#3466,#3467,#3468);
#3475=PRODUCT_DEFINITION('part definition','',#3474,#3471);
#3476=(LENGTH_UNIT()NAMED_UNIT(*)SI_UNIT(.MILLI.,.METRE.));
#3480=PROPERTY_DEFINITION('geometric validation property',
'area of EW6_1000UF_600V_64X105_ASM',#1494);
#3481=REPRESENTATION('surface area',(#3479),#3465);
#3482=PROPERTY_DEFINITION_REPRESENTATION(#3480,#3481);
#3483=(LENGTH_UNIT()NAMED_UNIT(*)SI_UNIT(.MILLI.,.METRE.));
#3487=PROPERTY_DEFINITION('geometric validation property',
'volume of EW6_1000UF_600V_64X105_ASM',#1494);
#3488=REPRESENTATION('volume',(#3486),#3465);
#3489=PROPERTY_DEFINITION_REPRESENTATION(#3487,#3488);
#3491=PROPERTY_DEFINITION('geometric validation property',
'centroid of EW6_1000UF_600V_64X105_ASM',#1494);
#3492=REPRESENTATION('centroid',(#3490),#3465);
#3493=PROPERTY_DEFINITION_REPRESENTATION(#3491,#3492);
ENDSEC;
END-ISO-10303-21;
