ISO-10303-21;
HEADER;
FILE_DESCRIPTION((''),'2;1');
FILE_NAME('10002000_ASM','2026-04-03T16:33:25',('Administrator'),(''),
'CREO PARAMETRIC BY PTC INC, 2018100','CREO PARAMETRIC BY PTC INC, 2018100','');
FILE_SCHEMA(('AUTOMOTIVE_DESIGN { 1 0 10303 214 1 1 1 1 }'));
ENDSEC;
DATA;
#23=CARTESIAN_POINT('',(0.E0,0.E0,0.E0));
#24=DIRECTION('',(0.E0,1.E0,0.E0));
#25=DIRECTION('',(1.079880441572E-11,0.E0,1.E0));
#26=AXIS2_PLACEMENT_3D('',#23,#24,#25);
#28=CARTESIAN_POINT('',(0.E0,0.E0,0.E0));
#29=DIRECTION('',(0.E0,1.E0,0.E0));
#30=DIRECTION('',(-1.080079917779E-11,0.E0,-1.E0));
#31=AXIS2_PLACEMENT_3D('',#28,#29,#30);
#33=CARTESIAN_POINT('',(0.E0,0.E0,0.E0));
#34=DIRECTION('',(0.E0,1.E0,0.E0));
#35=DIRECTION('',(-1.E0,0.E0,8.199265193532E-12));
#36=AXIS2_PLACEMENT_3D('',#33,#34,#35);
#38=CARTESIAN_POINT('',(0.E0,0.E0,0.E0));
#39=DIRECTION('',(0.E0,-1.E0,0.E0));
#40=DIRECTION('',(0.E0,0.E0,1.E0));
#41=AXIS2_PLACEMENT_3D('',#38,#39,#40);
#43=CARTESIAN_POINT('',(0.E0,0.E0,0.E0));
#44=DIRECTION('',(0.E0,-1.E0,0.E0));
#45=DIRECTION('',(0.E0,0.E0,-1.E0));
#46=AXIS2_PLACEMENT_3D('',#43,#44,#45);
#48=CARTESIAN_POINT('',(0.E0,0.E0,0.E0));
#49=DIRECTION('',(0.E0,-1.E0,0.E0));
#50=DIRECTION('',(-1.080079917779E-11,0.E0,-1.E0));
#51=AXIS2_PLACEMENT_3D('',#48,#49,#50);
#53=CARTESIAN_POINT('',(1.872862975816E-12,2.5E-1,4.749977422528E0));
#54=DIRECTION('',(-1.E0,0.E0,3.942887683017E-13));
#55=DIRECTION('',(0.E0,-1.E0,0.E0));
#56=AXIS2_PLACEMENT_3D('',#53,#54,#55);
#58=CARTESIAN_POINT('',(0.E0,2.522652016032E-1,0.E0));
#59=DIRECTION('',(0.E0,-1.E0,0.E0));
#60=DIRECTION('',(-1.E0,0.E0,1.182854644982E-12));
#61=AXIS2_PLACEMENT_3D('',#58,#59,#60);
#63=CARTESIAN_POINT('',(0.E0,7.940954244927E-1,0.E0));
#64=DIRECTION('',(0.E0,1.E0,0.E0));
#65=DIRECTION('',(4.845148627471E-12,0.E0,-1.E0));
#66=AXIS2_PLACEMENT_3D('',#63,#64,#65);
#68=CARTESIAN_POINT('',(0.E0,7.940954244927E-1,0.E0));
#69=DIRECTION('',(0.E0,1.E0,0.E0));
#70=DIRECTION('',(-1.138348475423E-2,0.E0,-9.999352060383E-1));
#71=AXIS2_PLACEMENT_3D('',#68,#69,#70);
#73=CARTESIAN_POINT('',(-4.2E0,2.450165564729E-1,4.967991296123E-12));
#74=DIRECTION('',(1.182855896564E-12,0.E0,1.E0));
#75=DIRECTION('',(-7.272727272726E-1,6.863485850247E-1,8.602588338648E-13));
#76=AXIS2_PLACEMENT_3D('',#73,#74,#75);
#78=CARTESIAN_POINT('',(0.E0,2.522652016032E-1,0.E0));
#79=DIRECTION('',(0.E0,-1.E0,0.E0));
#80=DIRECTION('',(5.549763795148E-13,0.E0,1.E0));
#81=AXIS2_PLACEMENT_3D('',#78,#79,#80);
#83=CARTESIAN_POINT('',(0.E0,7.940954244927E-1,0.E0));
#84=DIRECTION('',(0.E0,1.E0,0.E0));
#85=DIRECTION('',(-1.E0,0.E0,1.182978382553E-12));
#86=AXIS2_PLACEMENT_3D('',#83,#84,#85);
#88=CARTESIAN_POINT('',(2.330892423519E-12,2.450165564729E-1,4.2E0));
#89=DIRECTION('',(1.E0,0.E0,-5.549762038815E-13));
#90=DIRECTION('',(4.036190573683E-13,6.863485850247E-1,7.272727272726E-1));
#91=AXIS2_PLACEMENT_3D('',#88,#89,#90);
#93=CARTESIAN_POINT('',(-4.749977422528E0,2.5E-1,-1.125621817977E-11));
#94=DIRECTION('',(2.369741555763E-12,0.E0,-1.E0));
#95=DIRECTION('',(0.E0,-1.E0,0.E0));
#96=AXIS2_PLACEMENT_3D('',#93,#94,#95);
#98=CARTESIAN_POINT('',(0.E0,1.E0,5.E0));
#99=DIRECTION('',(1.E0,0.E0,0.E0));
#100=DIRECTION('',(0.E0,-6.863485850243E-1,-7.272727272730E-1));
#101=AXIS2_PLACEMENT_3D('',#98,#99,#100);
#103=CARTESIAN_POINT('',(0.E0,1.E0,5.E0));
#104=DIRECTION('',(1.E0,0.E0,0.E0));
#105=DIRECTION('',(0.E0,0.E0,-1.E0));
#106=AXIS2_PLACEMENT_3D('',#103,#104,#105);
#108=CARTESIAN_POINT('',(0.E0,1.205904575507E0,0.E0));
#109=DIRECTION('',(0.E0,1.E0,0.E0));
#110=DIRECTION('',(0.E0,0.E0,1.E0));
#111=AXIS2_PLACEMENT_3D('',#108,#109,#110);
#113=CARTESIAN_POINT('',(0.E0,1.205904575507E0,0.E0));
#114=DIRECTION('',(0.E0,1.E0,0.E0));
#115=DIRECTION('',(9.999688263178E-1,0.E0,7.895973189296E-3));
#116=AXIS2_PLACEMENT_3D('',#113,#114,#115);
#118=CARTESIAN_POINT('',(0.E0,1.E0,-5.E0));
#119=DIRECTION('',(1.E0,0.E0,0.E0));
#120=DIRECTION('',(0.E0,6.863485850236E-1,7.272727272737E-1));
#121=AXIS2_PLACEMENT_3D('',#118,#119,#120);
#123=CARTESIAN_POINT('',(0.E0,1.E0,-5.E0));
#124=DIRECTION('',(1.E0,0.E0,0.E0));
#125=DIRECTION('',(0.E0,0.E0,1.E0));
#126=AXIS2_PLACEMENT_3D('',#123,#124,#125);
#128=CARTESIAN_POINT('',(0.E0,7.940954244927E-1,0.E0));
#129=DIRECTION('',(0.E0,-1.E0,0.E0));
#130=DIRECTION('',(0.E0,0.E0,-1.E0));
#131=AXIS2_PLACEMENT_3D('',#128,#129,#130);
#133=CARTESIAN_POINT('',(0.E0,7.940954244927E-1,0.E0));
#134=DIRECTION('',(0.E0,-1.E0,0.E0));
#135=DIRECTION('',(1.138348475423E-2,0.E0,9.999352060383E-1));
#136=AXIS2_PLACEMENT_3D('',#133,#134,#135);
#138=CARTESIAN_POINT('',(0.E0,1.754983443527E0,0.E0));
#139=DIRECTION('',(0.E0,1.E0,0.E0));
#140=DIRECTION('',(1.E0,0.E0,0.E0));
#141=AXIS2_PLACEMENT_3D('',#138,#139,#140);
#143=CARTESIAN_POINT('',(0.E0,1.754983443527E0,0.E0));
#144=DIRECTION('',(0.E0,1.E0,0.E0));
#145=DIRECTION('',(-9.999688263178E-1,0.E0,-7.895973189296E-3));
#146=AXIS2_PLACEMENT_3D('',#143,#144,#145);
#148=CARTESIAN_POINT('',(0.E0,1.205904575507E0,0.E0));
#149=DIRECTION('',(0.E0,-1.E0,0.E0));
#150=DIRECTION('',(-1.E0,0.E0,-5.808398623714E-12));
#151=AXIS2_PLACEMENT_3D('',#148,#149,#150);
#153=CARTESIAN_POINT('',(0.E0,1.205904575507E0,0.E0));
#154=DIRECTION('',(0.E0,-1.E0,0.E0));
#155=DIRECTION('',(-9.999688263178E-1,0.E0,-7.895973189296E-3));
#156=AXIS2_PLACEMENT_3D('',#153,#154,#155);
#158=CARTESIAN_POINT('',(-4.068680115044E-11,1.754983443527E0,4.2E0));
#159=DIRECTION('',(-1.E0,0.E0,-9.687334268094E-12));
#160=DIRECTION('',(-7.045334013156E-12,-6.863485850249E-1,7.272727272724E-1));
#161=AXIS2_PLACEMENT_3D('',#158,#159,#160);
#163=CARTESIAN_POINT('',(0.E0,1.754983443527E0,0.E0));
#164=DIRECTION('',(0.E0,1.E0,0.E0));
#165=DIRECTION('',(0.E0,0.E0,1.E0));
#166=AXIS2_PLACEMENT_3D('',#163,#164,#165);
#168=CARTESIAN_POINT('',(0.E0,1.754983443527E0,0.E0));
#169=DIRECTION('',(0.E0,1.E0,0.E0));
#170=DIRECTION('',(9.999688263178E-1,0.E0,7.895973189296E-3));
#171=AXIS2_PLACEMENT_3D('',#168,#169,#170);
#173=DIRECTION('',(0.E0,-1.E0,-8.045366897728E-13));
#174=VECTOR('',#173,1.809501655647E1);
#175=CARTESIAN_POINT('',(-5.E0,1.985E1,7.835598659429E-13));
#176=LINE('',#175,#174);
#177=CARTESIAN_POINT('',(0.E0,1.985E1,0.E0));
#178=DIRECTION('',(0.E0,-1.E0,0.E0));
#179=DIRECTION('',(-1.E0,0.E0,2.983054843393E-13));
#180=AXIS2_PLACEMENT_3D('',#177,#178,#179);
#182=CARTESIAN_POINT('',(0.E0,1.985E1,0.E0));
#183=DIRECTION('',(0.E0,-1.E0,0.E0));
#184=DIRECTION('',(9.999737699565E-1,0.E0,-7.242886091697E-3));
#185=AXIS2_PLACEMENT_3D('',#182,#183,#184);
#187=CARTESIAN_POINT('',(0.E0,2.E1,0.E0));
#188=DIRECTION('',(0.E0,1.E0,0.E0));
#189=DIRECTION('',(1.E0,0.E0,0.E0));
#190=AXIS2_PLACEMENT_3D('',#187,#188,#189);
#192=CARTESIAN_POINT('',(-4.85E0,1.985E1,7.007588953556E-14));
#193=DIRECTION('',(1.444764446967E-14,0.E0,1.E0));
#194=DIRECTION('',(0.E0,1.E0,0.E0));
#195=AXIS2_PLACEMENT_3D('',#192,#193,#194);
#197=CARTESIAN_POINT('',(0.E0,1.985E1,0.E0));
#198=DIRECTION('',(0.E0,-1.E0,0.E0));
#199=DIRECTION('',(1.E0,0.E0,0.E0));
#200=AXIS2_PLACEMENT_3D('',#197,#198,#199);
#202=CARTESIAN_POINT('',(0.E0,1.985E1,0.E0));
#203=DIRECTION('',(0.E0,-1.E0,0.E0));
#204=DIRECTION('',(-9.999737699565E-1,0.E0,7.242886091695E-3));
#205=AXIS2_PLACEMENT_3D('',#202,#203,#204);
#207=CARTESIAN_POINT('',(0.E0,2.E1,0.E0));
#208=DIRECTION('',(0.E0,1.E0,0.E0));
#209=DIRECTION('',(-1.E0,0.E0,0.E0));
#210=AXIS2_PLACEMENT_3D('',#207,#208,#209);
#212=CARTESIAN_POINT('',(4.85E0,1.985E1,-7.383677003148E-14));
#213=DIRECTION('',(-1.522393322517E-14,0.E0,-1.E0));
#214=DIRECTION('',(0.E0,1.E0,0.E0));
#215=AXIS2_PLACEMENT_3D('',#212,#213,#214);
#217=DIRECTION('',(0.E0,-1.E0,-2.066517639586E-14));
#218=VECTOR('',#217,1.809501655647E1);
#219=CARTESIAN_POINT('',(5.E0,1.985E1,-3.860021641942E-14));
#220=LINE('',#219,#218);
#221=CARTESIAN_POINT('',(0.E0,1.754983443527E0,0.E0));
#222=DIRECTION('',(0.E0,1.E0,0.E0));
#223=DIRECTION('',(-1.E0,0.E0,2.983054843393E-13));
#224=AXIS2_PLACEMENT_3D('',#221,#222,#223);
#226=CARTESIAN_POINT('',(0.E0,1.205904575507E0,0.E0));
#227=DIRECTION('',(0.E0,-1.E0,0.E0));
#228=DIRECTION('',(-9.687567736810E-12,0.E0,1.E0));
#229=AXIS2_PLACEMENT_3D('',#226,#227,#228);
#231=CARTESIAN_POINT('',(-4.2E0,1.754983443527E0,-2.439295293533E-11));
#232=DIRECTION('',(5.807845523953E-12,0.E0,-1.E0));
#233=DIRECTION('',(-7.272727272724E-1,-6.863485850249E-1,-4.223887653782E-12));
#234=AXIS2_PLACEMENT_3D('',#231,#232,#233);
#236=CARTESIAN_POINT('',(0.E0,2.E1,0.E0));
#237=DIRECTION('',(0.E0,-1.E0,0.E0));
#238=DIRECTION('',(-1.E0,0.E0,0.E0));
#239=AXIS2_PLACEMENT_3D('',#236,#237,#238);
#241=CARTESIAN_POINT('',(0.E0,2.E1,0.E0));
#242=DIRECTION('',(0.E0,-1.E0,0.E0));
#243=DIRECTION('',(1.E0,0.E0,0.E0));
#244=AXIS2_PLACEMENT_3D('',#241,#242,#243);
#246=CARTESIAN_POINT('',(0.E0,2.E1,0.E0));
#247=DIRECTION('',(0.E0,1.E0,0.E0));
#248=DIRECTION('',(-1.E0,0.E0,0.E0));
#249=AXIS2_PLACEMENT_3D('',#246,#247,#248);
#251=CARTESIAN_POINT('',(0.E0,2.E1,0.E0));
#252=DIRECTION('',(0.E0,1.E0,0.E0));
#253=DIRECTION('',(1.E0,0.E0,0.E0));
#254=AXIS2_PLACEMENT_3D('',#251,#252,#253);
#256=DIRECTION('',(0.E0,1.E0,0.E0));
#257=VECTOR('',#256,2.E-2);
#258=CARTESIAN_POINT('',(3.5E0,1.998E1,0.E0));
#259=LINE('',#258,#257);
#260=DIRECTION('',(0.E0,1.E0,0.E0));
#261=VECTOR('',#260,2.E-2);
#262=CARTESIAN_POINT('',(-3.5E0,1.998E1,0.E0));
#263=LINE('',#262,#261);
#264=CARTESIAN_POINT('',(0.E0,1.998E1,0.E0));
#265=DIRECTION('',(0.E0,-1.E0,0.E0));
#266=DIRECTION('',(1.E0,0.E0,0.E0));
#267=AXIS2_PLACEMENT_3D('',#264,#265,#266);
#269=CARTESIAN_POINT('',(0.E0,1.998E1,0.E0));
#270=DIRECTION('',(0.E0,-1.E0,0.E0));
#271=DIRECTION('',(-1.E0,0.E0,0.E0));
#272=AXIS2_PLACEMENT_3D('',#269,#270,#271);
#274=DIRECTION('',(0.E0,-1.E0,0.E0));
#275=VECTOR('',#274,1.E-1);
#276=CARTESIAN_POINT('',(0.E0,1.E-1,-3.7E0));
#277=LINE('',#276,#275);
#278=DIRECTION('',(0.E0,-1.E0,0.E0));
#279=VECTOR('',#278,1.E-1);
#280=CARTESIAN_POINT('',(0.E0,1.E-1,3.7E0));
#281=LINE('',#280,#279);
#282=CARTESIAN_POINT('',(0.E0,1.E-1,0.E0));
#283=DIRECTION('',(0.E0,1.E0,0.E0));
#284=DIRECTION('',(0.E0,0.E0,-1.E0));
#285=AXIS2_PLACEMENT_3D('',#282,#283,#284);
#287=CARTESIAN_POINT('',(0.E0,1.E-1,0.E0));
#288=DIRECTION('',(0.E0,1.E0,0.E0));
#289=DIRECTION('',(0.E0,0.E0,1.E0));
#290=AXIS2_PLACEMENT_3D('',#287,#288,#289);
#292=CARTESIAN_POINT('',(0.E0,1.E-1,2.5E0));
#293=DIRECTION('',(0.E0,-1.E0,0.E0));
#294=DIRECTION('',(0.E0,0.E0,-1.E0));
#295=AXIS2_PLACEMENT_3D('',#292,#293,#294);
#297=CARTESIAN_POINT('',(0.E0,1.E-1,2.5E0));
#298=DIRECTION('',(0.E0,-1.E0,0.E0));
#299=DIRECTION('',(0.E0,0.E0,1.E0));
#300=AXIS2_PLACEMENT_3D('',#297,#298,#299);
#302=CARTESIAN_POINT('',(0.E0,1.E-1,-2.5E0));
#303=DIRECTION('',(0.E0,-1.E0,0.E0));
#304=DIRECTION('',(-1.E0,0.E0,0.E0));
#305=AXIS2_PLACEMENT_3D('',#302,#303,#304);
#307=CARTESIAN_POINT('',(0.E0,1.E-1,-2.5E0));
#308=DIRECTION('',(0.E0,-1.E0,0.E0));
#309=DIRECTION('',(1.E0,0.E0,0.E0));
#310=AXIS2_PLACEMENT_3D('',#307,#308,#309);
#312=DIRECTION('',(0.E0,1.E0,0.E0));
#313=VECTOR('',#312,2.E1);
#314=CARTESIAN_POINT('',(0.E0,-1.99E1,2.8E0));
#315=LINE('',#314,#313);
#316=DIRECTION('',(0.E0,1.E0,0.E0));
#317=VECTOR('',#316,2.E1);
#318=CARTESIAN_POINT('',(0.E0,-1.99E1,2.2E0));
#319=LINE('',#318,#317);
#320=CARTESIAN_POINT('',(0.E0,-1.99E1,2.5E0));
#321=DIRECTION('',(0.E0,1.E0,0.E0));
#322=DIRECTION('',(0.E0,0.E0,1.E0));
#323=AXIS2_PLACEMENT_3D('',#320,#321,#322);
#325=CARTESIAN_POINT('',(0.E0,-1.99E1,2.5E0));
#326=DIRECTION('',(0.E0,1.E0,0.E0));
#327=DIRECTION('',(0.E0,0.E0,-1.E0));
#328=AXIS2_PLACEMENT_3D('',#325,#326,#327);
#330=DIRECTION('',(0.E0,1.E0,0.E0));
#331=VECTOR('',#330,2.5E1);
#332=CARTESIAN_POINT('',(3.E-1,-2.49E1,-2.5E0));
#333=LINE('',#332,#331);
#334=DIRECTION('',(0.E0,1.E0,0.E0));
#335=VECTOR('',#334,2.5E1);
#336=CARTESIAN_POINT('',(-3.E-1,-2.49E1,-2.5E0));
#337=LINE('',#336,#335);
#338=CARTESIAN_POINT('',(0.E0,-2.49E1,-2.5E0));
#339=DIRECTION('',(0.E0,1.E0,0.E0));
#340=DIRECTION('',(1.E0,0.E0,0.E0));
#341=AXIS2_PLACEMENT_3D('',#338,#339,#340);
#343=CARTESIAN_POINT('',(0.E0,-2.49E1,-2.5E0));
#344=DIRECTION('',(0.E0,1.E0,0.E0));
#345=DIRECTION('',(-1.E0,0.E0,0.E0));
#346=AXIS2_PLACEMENT_3D('',#343,#344,#345);
#348=CARTESIAN_POINT('',(5.129407716498E-11,0.E0,4.749977422528E0));
#349=CARTESIAN_POINT('',(3.793467886333E-2,0.E0,-4.749825941513E0));
#350=VERTEX_POINT('',#348);
#351=VERTEX_POINT('',#349);
#352=CARTESIAN_POINT('',(-5.130355223974E-11,0.E0,-4.749977422528E0));
#353=VERTEX_POINT('',#352);
#354=CARTESIAN_POINT('',(-4.749977422528E0,0.E0,3.894631581355E-11));
#355=VERTEX_POINT('',#354);
#356=CARTESIAN_POINT('',(0.E0,0.E0,3.7E0));
#357=CARTESIAN_POINT('',(0.E0,0.E0,-3.7E0));
#358=VERTEX_POINT('',#356);
#359=VERTEX_POINT('',#357);
#360=CARTESIAN_POINT('',(-4.999967160041E0,2.522652016032E-1,
5.914234380011E-12));
#361=CARTESIAN_POINT('',(2.775462767032E-12,2.522652016032E-1,
4.999967160041E0));
#362=VERTEX_POINT('',#360);
#363=VERTEX_POINT('',#361);
#364=CARTESIAN_POINT('',(2.653787669413E-12,7.940954244927E-1,
4.781818181818E0));
#365=VERTEX_POINT('',#364);
#366=CARTESIAN_POINT('',(5.443375437022E-2,7.940954244927E-1,4.781508348874E0));
#367=VERTEX_POINT('',#366);
#368=CARTESIAN_POINT('',(0.E0,7.940954244927E-1,-4.781818181818E0));
#369=VERTEX_POINT('',#368);
#370=CARTESIAN_POINT('',(-5.443375437022E-2,7.940954244927E-1,
-4.781508348874E0));
#371=CARTESIAN_POINT('',(-4.781818181818E0,7.940954244927E-1,
5.656211610194E-12));
#372=VERTEX_POINT('',#370);
#373=VERTEX_POINT('',#371);
#374=CARTESIAN_POINT('',(0.E0,1.E0,4.7E0));
#375=CARTESIAN_POINT('',(0.E0,1.205904575507E0,4.781818181818E0));
#376=VERTEX_POINT('',#374);
#377=VERTEX_POINT('',#375);
#378=CARTESIAN_POINT('',(0.E0,1.E0,-4.7E0));
#379=VERTEX_POINT('',#378);
#380=CARTESIAN_POINT('',(0.E0,1.205904575507E0,-4.781818181818E0));
#381=VERTEX_POINT('',#380);
#382=CARTESIAN_POINT('',(-4.781669114938E0,1.205904575507E0,
-3.775710815972E-2));
#383=VERTEX_POINT('',#382);
#384=CARTESIAN_POINT('',(-4.781818181818E0,1.205904575507E0,
-2.777470614612E-11));
#385=VERTEX_POINT('',#384);
#386=CARTESIAN_POINT('',(4.781669114938E0,1.205904575507E0,3.775710815972E-2));
#387=VERTEX_POINT('',#386);
#388=CARTESIAN_POINT('',(5.E0,1.754983443527E0,0.E0));
#389=CARTESIAN_POINT('',(-4.999844131589E0,1.754983443527E0,
-3.947986594648E-2));
#390=VERTEX_POINT('',#388);
#391=VERTEX_POINT('',#389);
#392=CARTESIAN_POINT('',(-5.E0,1.754983443527E0,1.491522183539E-12));
#393=VERTEX_POINT('',#392);
#394=CARTESIAN_POINT('',(-4.843666856491E-11,1.754983443527E0,5.E0));
#395=VERTEX_POINT('',#394);
#396=CARTESIAN_POINT('',(4.999844131589E0,1.754983443527E0,3.947986594648E-2));
#397=VERTEX_POINT('',#396);
#398=CARTESIAN_POINT('',(-5.E0,1.985E1,1.491527421697E-12));
#399=CARTESIAN_POINT('',(4.999868849783E0,1.985E1,-3.621443045848E-2));
#400=VERTEX_POINT('',#398);
#401=VERTEX_POINT('',#399);
#402=CARTESIAN_POINT('',(5.E0,1.985E1,0.E0));
#403=VERTEX_POINT('',#402);
#404=CARTESIAN_POINT('',(4.85E0,2.E1,-7.383677003148E-14));
#405=VERTEX_POINT('',#404);
#406=CARTESIAN_POINT('',(-4.85E0,2.E1,0.E0));
#407=CARTESIAN_POINT('',(4.849872784289E0,2.E1,-3.512799754473E-2));
#408=VERTEX_POINT('',#406);
#409=VERTEX_POINT('',#407);
#410=CARTESIAN_POINT('',(-4.999868849783E0,1.985E1,3.621443045848E-2));
#411=VERTEX_POINT('',#410);
#412=CARTESIAN_POINT('',(-4.849872784289E0,2.E1,3.512799754472E-2));
#413=VERTEX_POINT('',#412);
#414=CARTESIAN_POINT('',(-3.5E0,2.E1,0.E0));
#415=CARTESIAN_POINT('',(3.5E0,2.E1,0.E0));
#416=VERTEX_POINT('',#414);
#417=VERTEX_POINT('',#415);
#418=CARTESIAN_POINT('',(-3.5E0,1.998E1,0.E0));
#419=VERTEX_POINT('',#418);
#420=CARTESIAN_POINT('',(3.5E0,1.998E1,0.E0));
#421=VERTEX_POINT('',#420);
#422=CARTESIAN_POINT('',(0.E0,1.E-1,3.7E0));
#423=VERTEX_POINT('',#422);
#424=CARTESIAN_POINT('',(0.E0,1.E-1,-3.7E0));
#425=VERTEX_POINT('',#424);
#426=CARTESIAN_POINT('',(0.E0,1.E-1,2.2E0));
#427=CARTESIAN_POINT('',(0.E0,1.E-1,2.8E0));
#428=VERTEX_POINT('',#426);
#429=VERTEX_POINT('',#427);
#430=CARTESIAN_POINT('',(-3.E-1,1.E-1,-2.5E0));
#431=CARTESIAN_POINT('',(3.E-1,1.E-1,-2.5E0));
#432=VERTEX_POINT('',#430);
#433=VERTEX_POINT('',#431);
#434=CARTESIAN_POINT('',(0.E0,-1.99E1,2.2E0));
#435=VERTEX_POINT('',#434);
#436=CARTESIAN_POINT('',(0.E0,-1.99E1,2.8E0));
#437=VERTEX_POINT('',#436);
#438=CARTESIAN_POINT('',(-3.E-1,-2.49E1,-2.5E0));
#439=VERTEX_POINT('',#438);
#440=CARTESIAN_POINT('',(3.E-1,-2.49E1,-2.5E0));
#441=VERTEX_POINT('',#440);
#442=CARTESIAN_POINT('',(0.E0,0.E0,0.E0));
#443=DIRECTION('',(0.E0,1.E0,0.E0));
#444=DIRECTION('',(1.E0,0.E0,0.E0));
#445=AXIS2_PLACEMENT_3D('',#442,#443,#444);
#446=PLANE('',#445);
#448=ORIENTED_EDGE('',*,*,#447,.T.);
#450=ORIENTED_EDGE('',*,*,#449,.F.);
#452=ORIENTED_EDGE('',*,*,#451,.T.);
#454=ORIENTED_EDGE('',*,*,#453,.T.);
#455=EDGE_LOOP('',(#448,#450,#452,#454));
#456=FACE_OUTER_BOUND('',#455,.F.);
#458=ORIENTED_EDGE('',*,*,#457,.T.);
#460=ORIENTED_EDGE('',*,*,#459,.T.);
#461=EDGE_LOOP('',(#458,#460));
#462=FACE_BOUND('',#461,.F.);
#464=FILL_AREA_STYLE_COLOUR('',#6);
#465=FILL_AREA_STYLE('',(#464));
#466=SURFACE_STYLE_FILL_AREA(#465);
#467=SURFACE_SIDE_STYLE('',(#466));
#468=SURFACE_STYLE_USAGE(.BOTH.,#467);
#469=PRESENTATION_STYLE_ASSIGNMENT((#468));
#470=STYLED_ITEM('',(#469),#463);
#471=CARTESIAN_POINT('',(0.E0,2.5E-1,0.E0));
#472=DIRECTION('',(0.E0,1.E0,0.E0));
#473=DIRECTION('',(-7.986286141784E-3,0.E0,9.999681091083E-1));
#474=AXIS2_PLACEMENT_3D('',#471,#472,#473);
#475=TOROIDAL_SURFACE('',#474,4.749977422528E0,2.5E-1);
#477=ORIENTED_EDGE('',*,*,#476,.F.);
#479=ORIENTED_EDGE('',*,*,#478,.F.);
#480=ORIENTED_EDGE('',*,*,#451,.F.);
#481=ORIENTED_EDGE('',*,*,#449,.T.);
#482=ORIENTED_EDGE('',*,*,#447,.F.);
#484=ORIENTED_EDGE('',*,*,#483,.T.);
#485=EDGE_LOOP('',(#477,#479,#480,#481,#482,#484));
#486=FACE_OUTER_BOUND('',#485,.F.);
#488=FILL_AREA_STYLE_COLOUR('',#6);
#489=FILL_AREA_STYLE('',(#488));
#490=SURFACE_STYLE_FILL_AREA(#489);
#491=SURFACE_SIDE_STYLE('',(#490));
#492=SURFACE_STYLE_USAGE(.BOTH.,#491);
#493=PRESENTATION_STYLE_ASSIGNMENT((#492));
#494=STYLED_ITEM('',(#493),#487);
#495=CARTESIAN_POINT('',(0.E0,2.450165564729E-1,0.E0));
#496=DIRECTION('',(0.E0,1.E0,0.E0));
#497=DIRECTION('',(-1.138348475423E-2,0.E0,-9.999352060383E-1));
#498=AXIS2_PLACEMENT_3D('',#495,#496,#497);
#499=TOROIDAL_SURFACE('',#498,4.2E0,8.E-1);
#500=ORIENTED_EDGE('',*,*,#476,.T.);
#502=ORIENTED_EDGE('',*,*,#501,.F.);
#504=ORIENTED_EDGE('',*,*,#503,.F.);
#506=ORIENTED_EDGE('',*,*,#505,.F.);
#508=ORIENTED_EDGE('',*,*,#507,.T.);
#510=ORIENTED_EDGE('',*,*,#509,.T.);
#512=ORIENTED_EDGE('',*,*,#511,.T.);
#513=EDGE_LOOP('',(#500,#502,#504,#506,#508,#510,#512));
#514=FACE_OUTER_BOUND('',#513,.F.);
#516=FILL_AREA_STYLE_COLOUR('',#6);
#517=FILL_AREA_STYLE('',(#516));
#518=SURFACE_STYLE_FILL_AREA(#517);
#519=SURFACE_SIDE_STYLE('',(#518));
#520=SURFACE_STYLE_USAGE(.BOTH.,#519);
#521=PRESENTATION_STYLE_ASSIGNMENT((#520));
#522=STYLED_ITEM('',(#521),#515);
#523=CARTESIAN_POINT('',(0.E0,2.450165564729E-1,0.E0));
#524=DIRECTION('',(0.E0,1.E0,0.E0));
#525=DIRECTION('',(1.138348475423E-2,0.E0,9.999352060383E-1));
#526=AXIS2_PLACEMENT_3D('',#523,#524,#525);
#527=TOROIDAL_SURFACE('',#526,4.2E0,8.E-1);
#529=ORIENTED_EDGE('',*,*,#528,.T.);
#530=ORIENTED_EDGE('',*,*,#511,.F.);
#532=ORIENTED_EDGE('',*,*,#531,.T.);
#533=ORIENTED_EDGE('',*,*,#501,.T.);
#534=EDGE_LOOP('',(#529,#530,#532,#533));
#535=FACE_OUTER_BOUND('',#534,.F.);
#537=FILL_AREA_STYLE_COLOUR('',#6);
#538=FILL_AREA_STYLE('',(#537));
#539=SURFACE_STYLE_FILL_AREA(#538);
#540=SURFACE_SIDE_STYLE('',(#539));
#541=SURFACE_STYLE_USAGE(.BOTH.,#540);
#542=PRESENTATION_STYLE_ASSIGNMENT((#541));
#543=STYLED_ITEM('',(#542),#536);
#544=CARTESIAN_POINT('',(0.E0,2.5E-1,0.E0));
#545=DIRECTION('',(0.E0,1.E0,0.E0));
#546=DIRECTION('',(-9.999681091083E-1,0.E0,-7.986286137927E-3));
#547=AXIS2_PLACEMENT_3D('',#544,#545,#546);
#548=TOROIDAL_SURFACE('',#547,4.749977422528E0,2.5E-1);
#549=ORIENTED_EDGE('',*,*,#528,.F.);
#550=ORIENTED_EDGE('',*,*,#483,.F.);
#551=ORIENTED_EDGE('',*,*,#453,.F.);
#552=ORIENTED_EDGE('',*,*,#478,.T.);
#553=EDGE_LOOP('',(#549,#550,#551,#552));
#554=FACE_OUTER_BOUND('',#553,.F.);
#556=FILL_AREA_STYLE_COLOUR('',#6);
#557=FILL_AREA_STYLE('',(#556));
#558=SURFACE_STYLE_FILL_AREA(#557);
#559=SURFACE_SIDE_STYLE('',(#558));
#560=SURFACE_STYLE_USAGE(.BOTH.,#559);
#561=PRESENTATION_STYLE_ASSIGNMENT((#560));
#562=STYLED_ITEM('',(#561),#555);
#563=CARTESIAN_POINT('',(0.E0,1.E0,0.E0));
#564=DIRECTION('',(0.E0,1.E0,0.E0));
#565=DIRECTION('',(0.E0,0.E0,-1.E0));
#566=AXIS2_PLACEMENT_3D('',#563,#564,#565);
#567=TOROIDAL_SURFACE('',#566,5.E0,3.E-1);
#569=ORIENTED_EDGE('',*,*,#568,.F.);
#571=ORIENTED_EDGE('',*,*,#570,.F.);
#572=ORIENTED_EDGE('',*,*,#531,.F.);
#573=ORIENTED_EDGE('',*,*,#509,.F.);
#574=ORIENTED_EDGE('',*,*,#507,.F.);
#576=ORIENTED_EDGE('',*,*,#575,.F.);
#578=ORIENTED_EDGE('',*,*,#577,.F.);
#580=ORIENTED_EDGE('',*,*,#579,.F.);
#582=ORIENTED_EDGE('',*,*,#581,.F.);
#584=ORIENTED_EDGE('',*,*,#583,.F.);
#585=EDGE_LOOP('',(#569,#571,#572,#573,#574,#576,#578,#580,#582,#584));
#586=FACE_OUTER_BOUND('',#585,.F.);
#588=FILL_AREA_STYLE_COLOUR('',#6);
#589=FILL_AREA_STYLE('',(#588));
#590=SURFACE_STYLE_FILL_AREA(#589);
#591=SURFACE_SIDE_STYLE('',(#590));
#592=SURFACE_STYLE_USAGE(.BOTH.,#591);
#593=PRESENTATION_STYLE_ASSIGNMENT((#592));
#594=STYLED_ITEM('',(#593),#587);
#595=CARTESIAN_POINT('',(0.E0,1.E0,0.E0));
#596=DIRECTION('',(0.E0,1.E0,0.E0));
#597=DIRECTION('',(0.E0,0.E0,-1.E0));
#598=AXIS2_PLACEMENT_3D('',#595,#596,#597);
#599=TOROIDAL_SURFACE('',#598,5.E0,3.E-1);
#600=ORIENTED_EDGE('',*,*,#570,.T.);
#601=ORIENTED_EDGE('',*,*,#568,.T.);
#603=ORIENTED_EDGE('',*,*,#602,.T.);
#605=ORIENTED_EDGE('',*,*,#604,.T.);
#606=ORIENTED_EDGE('',*,*,#577,.T.);
#607=ORIENTED_EDGE('',*,*,#575,.T.);
#608=ORIENTED_EDGE('',*,*,#505,.T.);
#609=ORIENTED_EDGE('',*,*,#503,.T.);
#610=EDGE_LOOP('',(#600,#601,#603,#605,#606,#607,#608,#609));
#611=FACE_OUTER_BOUND('',#610,.F.);
#613=FILL_AREA_STYLE_COLOUR('',#6);
#614=FILL_AREA_STYLE('',(#613));
#615=SURFACE_STYLE_FILL_AREA(#614);
#616=SURFACE_SIDE_STYLE('',(#615));
#617=SURFACE_STYLE_USAGE(.BOTH.,#616);
#618=PRESENTATION_STYLE_ASSIGNMENT((#617));
#619=STYLED_ITEM('',(#618),#612);
#620=CARTESIAN_POINT('',(0.E0,1.754983443527E0,0.E0));
#621=DIRECTION('',(0.E0,1.E0,0.E0));
#622=DIRECTION('',(9.999688263178E-1,0.E0,7.895973189296E-3));
#623=AXIS2_PLACEMENT_3D('',#620,#621,#622);
#624=TOROIDAL_SURFACE('',#623,4.2E0,8.E-1);
#626=ORIENTED_EDGE('',*,*,#625,.T.);
#628=ORIENTED_EDGE('',*,*,#627,.T.);
#630=ORIENTED_EDGE('',*,*,#629,.F.);
#631=ORIENTED_EDGE('',*,*,#581,.T.);
#632=ORIENTED_EDGE('',*,*,#579,.T.);
#633=ORIENTED_EDGE('',*,*,#604,.F.);
#634=ORIENTED_EDGE('',*,*,#602,.F.);
#636=ORIENTED_EDGE('',*,*,#635,.T.);
#638=ORIENTED_EDGE('',*,*,#637,.T.);
#640=ORIENTED_EDGE('',*,*,#639,.T.);
#641=EDGE_LOOP('',(#626,#628,#630,#631,#632,#633,#634,#636,#638,#640));
#642=FACE_OUTER_BOUND('',#641,.F.);
#644=FILL_AREA_STYLE_COLOUR('',#6);
#645=FILL_AREA_STYLE('',(#644));
#646=SURFACE_STYLE_FILL_AREA(#645);
#647=SURFACE_SIDE_STYLE('',(#646));
#648=SURFACE_STYLE_USAGE(.BOTH.,#647);
#649=PRESENTATION_STYLE_ASSIGNMENT((#648));
#650=STYLED_ITEM('',(#649),#643);
#651=CARTESIAN_POINT('',(0.E0,0.E0,0.E0));
#652=DIRECTION('',(0.E0,1.E0,0.E0));
#653=DIRECTION('',(1.E0,0.E0,0.E0));
#654=AXIS2_PLACEMENT_3D('',#651,#652,#653);
#655=CYLINDRICAL_SURFACE('',#654,5.E0);
#657=ORIENTED_EDGE('',*,*,#656,.F.);
#659=ORIENTED_EDGE('',*,*,#658,.F.);
#661=ORIENTED_EDGE('',*,*,#660,.T.);
#662=ORIENTED_EDGE('',*,*,#627,.F.);
#663=ORIENTED_EDGE('',*,*,#625,.F.);
#665=ORIENTED_EDGE('',*,*,#664,.F.);
#666=EDGE_LOOP('',(#657,#659,#661,#662,#663,#665));
#667=FACE_OUTER_BOUND('',#666,.F.);
#669=FILL_AREA_STYLE_COLOUR('',#6);
#670=FILL_AREA_STYLE('',(#669));
#671=SURFACE_STYLE_FILL_AREA(#670);
#672=SURFACE_SIDE_STYLE('',(#671));
#673=SURFACE_STYLE_USAGE(.BOTH.,#672);
#674=PRESENTATION_STYLE_ASSIGNMENT((#673));
#675=STYLED_ITEM('',(#674),#668);
#676=CARTESIAN_POINT('',(0.E0,1.985E1,0.E0));
#677=DIRECTION('',(0.E0,1.E0,0.E0));
#678=DIRECTION('',(-9.999737699565E-1,0.E0,7.242886091697E-3));
#679=AXIS2_PLACEMENT_3D('',#676,#677,#678);
#680=TOROIDAL_SURFACE('',#679,4.85E0,1.5E-1);
#681=ORIENTED_EDGE('',*,*,#658,.T.);
#682=ORIENTED_EDGE('',*,*,#656,.T.);
#684=ORIENTED_EDGE('',*,*,#683,.F.);
#686=ORIENTED_EDGE('',*,*,#685,.T.);
#688=ORIENTED_EDGE('',*,*,#687,.F.);
#690=ORIENTED_EDGE('',*,*,#689,.T.);
#691=EDGE_LOOP('',(#681,#682,#684,#686,#688,#690));
#692=FACE_OUTER_BOUND('',#691,.F.);
#694=FILL_AREA_STYLE_COLOUR('',#6);
#695=FILL_AREA_STYLE('',(#694));
#696=SURFACE_STYLE_FILL_AREA(#695);
#697=SURFACE_SIDE_STYLE('',(#696));
#698=SURFACE_STYLE_USAGE(.BOTH.,#697);
#699=PRESENTATION_STYLE_ASSIGNMENT((#698));
#700=STYLED_ITEM('',(#699),#693);
#701=CARTESIAN_POINT('',(0.E0,1.985E1,0.E0));
#702=DIRECTION('',(0.E0,1.E0,0.E0));
#703=DIRECTION('',(9.999737699565E-1,0.E0,-7.242886091696E-3));
#704=AXIS2_PLACEMENT_3D('',#701,#702,#703);
#705=TOROIDAL_SURFACE('',#704,4.85E0,1.5E-1);
#707=ORIENTED_EDGE('',*,*,#706,.T.);
#709=ORIENTED_EDGE('',*,*,#708,.T.);
#710=ORIENTED_EDGE('',*,*,#689,.F.);
#712=ORIENTED_EDGE('',*,*,#711,.T.);
#714=ORIENTED_EDGE('',*,*,#713,.F.);
#715=ORIENTED_EDGE('',*,*,#683,.T.);
#716=EDGE_LOOP('',(#707,#709,#710,#712,#714,#715));
#717=FACE_OUTER_BOUND('',#716,.F.);
#719=FILL_AREA_STYLE_COLOUR('',#6);
#720=FILL_AREA_STYLE('',(#719));
#721=SURFACE_STYLE_FILL_AREA(#720);
#722=SURFACE_SIDE_STYLE('',(#721));
#723=SURFACE_STYLE_USAGE(.BOTH.,#722);
#724=PRESENTATION_STYLE_ASSIGNMENT((#723));
#725=STYLED_ITEM('',(#724),#718);
#726=CARTESIAN_POINT('',(0.E0,0.E0,0.E0));
#727=DIRECTION('',(0.E0,1.E0,0.E0));
#728=DIRECTION('',(1.E0,0.E0,0.E0));
#729=AXIS2_PLACEMENT_3D('',#726,#727,#728);
#730=CYLINDRICAL_SURFACE('',#729,5.E0);
#731=ORIENTED_EDGE('',*,*,#708,.F.);
#732=ORIENTED_EDGE('',*,*,#706,.F.);
#733=ORIENTED_EDGE('',*,*,#664,.T.);
#734=ORIENTED_EDGE('',*,*,#639,.F.);
#735=ORIENTED_EDGE('',*,*,#637,.F.);
#737=ORIENTED_EDGE('',*,*,#736,.F.);
#738=ORIENTED_EDGE('',*,*,#660,.F.);
#739=EDGE_LOOP('',(#731,#732,#733,#734,#735,#737,#738));
#740=FACE_OUTER_BOUND('',#739,.F.);
#742=FILL_AREA_STYLE_COLOUR('',#6);
#743=FILL_AREA_STYLE('',(#742));
#744=SURFACE_STYLE_FILL_AREA(#743);
#745=SURFACE_SIDE_STYLE('',(#744));
#746=SURFACE_STYLE_USAGE(.BOTH.,#745);
#747=PRESENTATION_STYLE_ASSIGNMENT((#746));
#748=STYLED_ITEM('',(#747),#741);
#749=CARTESIAN_POINT('',(0.E0,1.754983443527E0,0.E0));
#750=DIRECTION('',(0.E0,1.E0,0.E0));
#751=DIRECTION('',(-9.999688263178E-1,0.E0,-7.895973189295E-3));
#752=AXIS2_PLACEMENT_3D('',#749,#750,#751);
#753=TOROIDAL_SURFACE('',#752,4.2E0,8.E-1);
#754=ORIENTED_EDGE('',*,*,#736,.T.);
#755=ORIENTED_EDGE('',*,*,#635,.F.);
#756=ORIENTED_EDGE('',*,*,#583,.T.);
#757=ORIENTED_EDGE('',*,*,#629,.T.);
#758=EDGE_LOOP('',(#754,#755,#756,#757));
#759=FACE_OUTER_BOUND('',#758,.F.);
#761=FILL_AREA_STYLE_COLOUR('',#6);
#762=FILL_AREA_STYLE('',(#761));
#763=SURFACE_STYLE_FILL_AREA(#762);
#764=SURFACE_SIDE_STYLE('',(#763));
#765=SURFACE_STYLE_USAGE(.BOTH.,#764);
#766=PRESENTATION_STYLE_ASSIGNMENT((#765));
#767=STYLED_ITEM('',(#766),#760);
#768=CARTESIAN_POINT('',(0.E0,2.E1,0.E0));
#769=DIRECTION('',(0.E0,1.E0,0.E0));
#770=DIRECTION('',(1.E0,0.E0,0.E0));
#771=AXIS2_PLACEMENT_3D('',#768,#769,#770);
#772=PLANE('',#771);
#773=ORIENTED_EDGE('',*,*,#687,.T.);
#774=ORIENTED_EDGE('',*,*,#685,.F.);
#775=ORIENTED_EDGE('',*,*,#713,.T.);
#776=ORIENTED_EDGE('',*,*,#711,.F.);
#777=EDGE_LOOP('',(#773,#774,#775,#776));
#778=FACE_OUTER_BOUND('',#777,.F.);
#780=ORIENTED_EDGE('',*,*,#779,.T.);
#782=ORIENTED_EDGE('',*,*,#781,.T.);
#783=EDGE_LOOP('',(#780,#782));
#784=FACE_BOUND('',#783,.F.);
#786=FILL_AREA_STYLE_COLOUR('',#6);
#787=FILL_AREA_STYLE('',(#786));
#788=SURFACE_STYLE_FILL_AREA(#787);
#789=SURFACE_SIDE_STYLE('',(#788));
#790=SURFACE_STYLE_USAGE(.BOTH.,#789);
#791=PRESENTATION_STYLE_ASSIGNMENT((#790));
#792=STYLED_ITEM('',(#791),#785);
#793=CARTESIAN_POINT('',(0.E0,2.E1,0.E0));
#794=DIRECTION('',(0.E0,1.E0,0.E0));
#795=DIRECTION('',(-1.E0,0.E0,0.E0));
#796=AXIS2_PLACEMENT_3D('',#793,#794,#795);
#797=CYLINDRICAL_SURFACE('',#796,3.5E0);
#798=ORIENTED_EDGE('',*,*,#779,.F.);
#800=ORIENTED_EDGE('',*,*,#799,.F.);
#802=ORIENTED_EDGE('',*,*,#801,.F.);
#804=ORIENTED_EDGE('',*,*,#803,.T.);
#805=EDGE_LOOP('',(#798,#800,#802,#804));
#806=FACE_OUTER_BOUND('',#805,.F.);
#808=CARTESIAN_POINT('',(0.E0,2.E1,0.E0));
#809=DIRECTION('',(0.E0,1.E0,0.E0));
#810=DIRECTION('',(-1.E0,0.E0,0.E0));
#811=AXIS2_PLACEMENT_3D('',#808,#809,#810);
#812=CYLINDRICAL_SURFACE('',#811,3.5E0);
#813=ORIENTED_EDGE('',*,*,#781,.F.);
#814=ORIENTED_EDGE('',*,*,#803,.F.);
#816=ORIENTED_EDGE('',*,*,#815,.F.);
#817=ORIENTED_EDGE('',*,*,#799,.T.);
#818=EDGE_LOOP('',(#813,#814,#816,#817));
#819=FACE_OUTER_BOUND('',#818,.F.);
#821=CARTESIAN_POINT('',(0.E0,1.998E1,0.E0));
#822=DIRECTION('',(0.E0,1.E0,0.E0));
#823=DIRECTION('',(-1.E0,0.E0,0.E0));
#824=AXIS2_PLACEMENT_3D('',#821,#822,#823);
#825=PLANE('',#824);
#826=ORIENTED_EDGE('',*,*,#801,.T.);
#827=ORIENTED_EDGE('',*,*,#815,.T.);
#828=EDGE_LOOP('',(#826,#827));
#829=FACE_OUTER_BOUND('',#828,.F.);
#831=FILL_AREA_STYLE_COLOUR('',#21);
#832=FILL_AREA_STYLE('',(#831));
#833=SURFACE_STYLE_FILL_AREA(#832);
#834=SURFACE_SIDE_STYLE('',(#833));
#835=SURFACE_STYLE_USAGE(.POSITIVE.,#834);
#836=PRESENTATION_STYLE_ASSIGNMENT((#835));
#837=STYLED_ITEM('',(#836),#830);
#838=CARTESIAN_POINT('',(0.E0,0.E0,0.E0));
#839=DIRECTION('',(0.E0,-1.E0,0.E0));
#840=DIRECTION('',(0.E0,0.E0,1.E0));
#841=AXIS2_PLACEMENT_3D('',#838,#839,#840);
#842=CYLINDRICAL_SURFACE('',#841,3.7E0);
#843=ORIENTED_EDGE('',*,*,#457,.F.);
#845=ORIENTED_EDGE('',*,*,#844,.F.);
#847=ORIENTED_EDGE('',*,*,#846,.F.);
#849=ORIENTED_EDGE('',*,*,#848,.T.);
#850=EDGE_LOOP('',(#843,#845,#847,#849));
#851=FACE_OUTER_BOUND('',#850,.F.);
#853=FILL_AREA_STYLE_COLOUR('',#6);
#854=FILL_AREA_STYLE('',(#853));
#855=SURFACE_STYLE_FILL_AREA(#854);
#856=SURFACE_SIDE_STYLE('',(#855));
#857=SURFACE_STYLE_USAGE(.BOTH.,#856);
#858=PRESENTATION_STYLE_ASSIGNMENT((#857));
#859=STYLED_ITEM('',(#858),#852);
#860=CARTESIAN_POINT('',(0.E0,0.E0,0.E0));
#861=DIRECTION('',(0.E0,-1.E0,0.E0));
#862=DIRECTION('',(0.E0,0.E0,1.E0));
#863=AXIS2_PLACEMENT_3D('',#860,#861,#862);
#864=CYLINDRICAL_SURFACE('',#863,3.7E0);
#865=ORIENTED_EDGE('',*,*,#459,.F.);
#866=ORIENTED_EDGE('',*,*,#848,.F.);
#868=ORIENTED_EDGE('',*,*,#867,.F.);
#869=ORIENTED_EDGE('',*,*,#844,.T.);
#870=EDGE_LOOP('',(#865,#866,#868,#869));
#871=FACE_OUTER_BOUND('',#870,.F.);
#873=FILL_AREA_STYLE_COLOUR('',#6);
#874=FILL_AREA_STYLE('',(#873));
#875=SURFACE_STYLE_FILL_AREA(#874);
#876=SURFACE_SIDE_STYLE('',(#875));
#877=SURFACE_STYLE_USAGE(.BOTH.,#876);
#878=PRESENTATION_STYLE_ASSIGNMENT((#877));
#879=STYLED_ITEM('',(#878),#872);
#880=CARTESIAN_POINT('',(0.E0,1.E-1,0.E0));
#881=DIRECTION('',(0.E0,-1.E0,0.E0));
#882=DIRECTION('',(0.E0,0.E0,1.E0));
#883=AXIS2_PLACEMENT_3D('',#880,#881,#882);
#884=PLANE('',#883);
#885=ORIENTED_EDGE('',*,*,#846,.T.);
#886=ORIENTED_EDGE('',*,*,#867,.T.);
#887=EDGE_LOOP('',(#885,#886));
#888=FACE_OUTER_BOUND('',#887,.F.);
#890=ORIENTED_EDGE('',*,*,#889,.T.);
#892=ORIENTED_EDGE('',*,*,#891,.T.);
#893=EDGE_LOOP('',(#890,#892));
#894=FACE_BOUND('',#893,.F.);
#896=ORIENTED_EDGE('',*,*,#895,.T.);
#898=ORIENTED_EDGE('',*,*,#897,.T.);
#899=EDGE_LOOP('',(#896,#898));
#900=FACE_BOUND('',#899,.F.);
#902=FILL_AREA_STYLE_COLOUR('',#4);
#903=FILL_AREA_STYLE('',(#902));
#904=SURFACE_STYLE_FILL_AREA(#903);
#905=SURFACE_SIDE_STYLE('',(#904));
#906=SURFACE_STYLE_USAGE(.POSITIVE.,#905);
#907=PRESENTATION_STYLE_ASSIGNMENT((#906));
#908=STYLED_ITEM('',(#907),#901);
#909=CARTESIAN_POINT('',(0.E0,1.E-1,2.5E0));
#910=DIRECTION('',(0.E0,-1.E0,0.E0));
#911=DIRECTION('',(0.E0,0.E0,-1.E0));
#912=AXIS2_PLACEMENT_3D('',#909,#910,#911);
#913=CYLINDRICAL_SURFACE('',#912,3.E-1);
#914=ORIENTED_EDGE('',*,*,#889,.F.);
#916=ORIENTED_EDGE('',*,*,#915,.F.);
#918=ORIENTED_EDGE('',*,*,#917,.F.);
#920=ORIENTED_EDGE('',*,*,#919,.T.);
#921=EDGE_LOOP('',(#914,#916,#918,#920));
#922=FACE_OUTER_BOUND('',#921,.F.);
#924=FILL_AREA_STYLE_COLOUR('',#13);
#925=FILL_AREA_STYLE('',(#924));
#926=SURFACE_STYLE_FILL_AREA(#925);
#927=SURFACE_SIDE_STYLE('',(#926));
#928=SURFACE_STYLE_USAGE(.POSITIVE.,#927);
#929=PRESENTATION_STYLE_ASSIGNMENT((#928));
#930=STYLED_ITEM('',(#929),#923);
#931=CARTESIAN_POINT('',(0.E0,1.E-1,2.5E0));
#932=DIRECTION('',(0.E0,-1.E0,0.E0));
#933=DIRECTION('',(0.E0,0.E0,-1.E0));
#934=AXIS2_PLACEMENT_3D('',#931,#932,#933);
#935=CYLINDRICAL_SURFACE('',#934,3.E-1);
#936=ORIENTED_EDGE('',*,*,#891,.F.);
#937=ORIENTED_EDGE('',*,*,#919,.F.);
#939=ORIENTED_EDGE('',*,*,#938,.F.);
#940=ORIENTED_EDGE('',*,*,#915,.T.);
#941=EDGE_LOOP('',(#936,#937,#939,#940));
#942=FACE_OUTER_BOUND('',#941,.F.);
#944=FILL_AREA_STYLE_COLOUR('',#13);
#945=FILL_AREA_STYLE('',(#944));
#946=SURFACE_STYLE_FILL_AREA(#945);
#947=SURFACE_SIDE_STYLE('',(#946));
#948=SURFACE_STYLE_USAGE(.POSITIVE.,#947);
#949=PRESENTATION_STYLE_ASSIGNMENT((#948));
#950=STYLED_ITEM('',(#949),#943);
#951=CARTESIAN_POINT('',(0.E0,-1.99E1,0.E0));
#952=DIRECTION('',(0.E0,-1.E0,0.E0));
#953=DIRECTION('',(0.E0,0.E0,-1.E0));
#954=AXIS2_PLACEMENT_3D('',#951,#952,#953);
#955=PLANE('',#954);
#956=ORIENTED_EDGE('',*,*,#917,.T.);
#957=ORIENTED_EDGE('',*,*,#938,.T.);
#958=EDGE_LOOP('',(#956,#957));
#959=FACE_OUTER_BOUND('',#958,.F.);
#961=FILL_AREA_STYLE_COLOUR('',#13);
#962=FILL_AREA_STYLE('',(#961));
#963=SURFACE_STYLE_FILL_AREA(#962);
#964=SURFACE_SIDE_STYLE('',(#963));
#965=SURFACE_STYLE_USAGE(.POSITIVE.,#964);
#966=PRESENTATION_STYLE_ASSIGNMENT((#965));
#967=STYLED_ITEM('',(#966),#960);
#968=CARTESIAN_POINT('',(0.E0,1.E-1,-2.5E0));
#969=DIRECTION('',(0.E0,-1.E0,0.E0));
#970=DIRECTION('',(-1.E0,0.E0,0.E0));
#971=AXIS2_PLACEMENT_3D('',#968,#969,#970);
#972=CYLINDRICAL_SURFACE('',#971,3.E-1);
#973=ORIENTED_EDGE('',*,*,#895,.F.);
#975=ORIENTED_EDGE('',*,*,#974,.F.);
#977=ORIENTED_EDGE('',*,*,#976,.F.);
#979=ORIENTED_EDGE('',*,*,#978,.T.);
#980=EDGE_LOOP('',(#973,#975,#977,#979));
#981=FACE_OUTER_BOUND('',#980,.F.);
#983=FILL_AREA_STYLE_COLOUR('',#13);
#984=FILL_AREA_STYLE('',(#983));
#985=SURFACE_STYLE_FILL_AREA(#984);
#986=SURFACE_SIDE_STYLE('',(#985));
#987=SURFACE_STYLE_USAGE(.POSITIVE.,#986);
#988=PRESENTATION_STYLE_ASSIGNMENT((#987));
#989=STYLED_ITEM('',(#988),#982);
#990=CARTESIAN_POINT('',(0.E0,1.E-1,-2.5E0));
#991=DIRECTION('',(0.E0,-1.E0,0.E0));
#992=DIRECTION('',(-1.E0,0.E0,0.E0));
#993=AXIS2_PLACEMENT_3D('',#990,#991,#992);
#994=CYLINDRICAL_SURFACE('',#993,3.E-1);
#995=ORIENTED_EDGE('',*,*,#897,.F.);
#996=ORIENTED_EDGE('',*,*,#978,.F.);
#998=ORIENTED_EDGE('',*,*,#997,.F.);
#999=ORIENTED_EDGE('',*,*,#974,.T.);
#1000=EDGE_LOOP('',(#995,#996,#998,#999));
#1001=FACE_OUTER_BOUND('',#1000,.F.);
#1003=FILL_AREA_STYLE_COLOUR('',#13);
#1004=FILL_AREA_STYLE('',(#1003));
#1005=SURFACE_STYLE_FILL_AREA(#1004);
#1006=SURFACE_SIDE_STYLE('',(#1005));
#1007=SURFACE_STYLE_USAGE(.POSITIVE.,#1006);
#1008=PRESENTATION_STYLE_ASSIGNMENT((#1007));
#1009=STYLED_ITEM('',(#1008),#1002);
#1010=CARTESIAN_POINT('',(0.E0,-2.49E1,0.E0));
#1011=DIRECTION('',(0.E0,-1.E0,0.E0));
#1012=DIRECTION('',(-1.E0,0.E0,0.E0));
#1013=AXIS2_PLACEMENT_3D('',#1010,#1011,#1012);
#1014=PLANE('',#1013);
#1015=ORIENTED_EDGE('',*,*,#976,.T.);
#1016=ORIENTED_EDGE('',*,*,#997,.T.);
#1017=EDGE_LOOP('',(#1015,#1016));
#1018=FACE_OUTER_BOUND('',#1017,.F.);
#1020=FILL_AREA_STYLE_COLOUR('',#13);
#1021=FILL_AREA_STYLE('',(#1020));
#1022=SURFACE_STYLE_FILL_AREA(#1021);
#1023=SURFACE_SIDE_STYLE('',(#1022));
#1024=SURFACE_STYLE_USAGE(.POSITIVE.,#1023);
#1025=PRESENTATION_STYLE_ASSIGNMENT((#1024));
#1026=STYLED_ITEM('',(#1025),#1019);
#1027=CLOSED_SHELL('',(#463,#487,#515,#536,#555,#587,#612,#643,#668,#693,#718,
#741,#760,#785,#807,#820,#830,#852,#872,#901,#923,#943,#960,#982,#1002,#1019));
#1028=MANIFOLD_SOLID_BREP('',#1027);
#1031=PLANE_ANGLE_MEASURE_WITH_UNIT(PLANE_ANGLE_MEASURE(1.745329251994E-2),
#1030);
#1032=(CONVERSION_BASED_UNIT('DEGREE',#1031)NAMED_UNIT(*)PLANE_ANGLE_UNIT());
#1034=UNCERTAINTY_MEASURE_WITH_UNIT(LENGTH_MEASURE(4.707263241785E-3),#1029,
'distance_accuracy_value',
'Maximum model space distance between geometric entities at asserted connectivities');
#1036=CARTESIAN_POINT('',(0.E0,0.E0,0.E0));
#1037=DIRECTION('',(0.E0,0.E0,1.E0));
#1038=DIRECTION('',(1.E0,0.E0,0.E0));
#1041=APPLICATION_CONTEXT('automotive_design');
#1042=APPLICATION_PROTOCOL_DEFINITION('international standard',
'automotive_design',2001,#1041);
#1043=PRODUCT_DEFINITION_CONTEXT('part definition',#1041,'design');
#1044=PRODUCT_CONTEXT('',#1041,'mechanical');
#1045=PRODUCT('0100200000_75','0100200000_75','NOT SPECIFIED',(#1044));
#1046=PRODUCT_DEFINITION_FORMATION('1','LAST_VERSION',#1045);
#1054=DERIVED_UNIT_ELEMENT(#1053,2.E0);
#1055=DERIVED_UNIT((#1054));
#1056=MEASURE_REPRESENTATION_ITEM('surface area measure',AREA_MEASURE(
8.710591131986E2),#1055);
#1061=DERIVED_UNIT_ELEMENT(#1060,3.E0);
#1062=DERIVED_UNIT((#1061));
#1063=MEASURE_REPRESENTATION_ITEM('volume measure',VOLUME_MEASURE(
1.572105640681E3),#1062);
#1067=CARTESIAN_POINT('centre point',(-5.278962553334E-8,9.884781364044E0,
-2.248000809619E-3));
#1072=DERIVED_UNIT_ELEMENT(#1071,2.E0);
#1073=DERIVED_UNIT((#1072));
#1074=MEASURE_REPRESENTATION_ITEM('surface area measure',AREA_MEASURE(
8.710591131986E2),#1073);
#1079=DERIVED_UNIT_ELEMENT(#1078,3.E0);
#1080=DERIVED_UNIT((#1079));
#1081=MEASURE_REPRESENTATION_ITEM('volume measure',VOLUME_MEASURE(
1.572105640681E3),#1080);
#1085=CARTESIAN_POINT('centre point',(-5.278962553334E-8,9.884781364044E0,
-2.248000809619E-3));
#1095=CARTESIAN_POINT('centre point',(4.999999947210E0,3.478478136404E1,
-5.002248000810E0));
#1099=CARTESIAN_POINT('',(5.E0,2.49E1,-5.E0));
#1100=DIRECTION('',(0.E0,0.E0,1.E0));
#1101=DIRECTION('',(1.E0,0.E0,0.E0));
#1102=AXIS2_PLACEMENT_3D('',#1099,#1100,#1101);
#1103=ITEM_DEFINED_TRANSFORMATION('','',#1039,#1102);
#1104=CARTESIAN_POINT('',(0.E0,0.E0,0.E0));
#1105=DIRECTION('',(0.E0,0.E0,1.E0));
#1106=DIRECTION('',(1.E0,0.E0,0.E0));
#1108=(REPRESENTATION_RELATIONSHIP('','',#1040,#1092)REPRESENTATION_RELATIONSHIP_WITH_TRANSFORMATION(#1103)SHAPE_REPRESENTATION_RELATIONSHIP());
#1109=CONTEXT_DEPENDENT_SHAPE_REPRESENTATION(#1108,#1094);
#1112=CARTESIAN_POINT('',(0.E0,0.E0,0.E0));
#1113=DIRECTION('',(0.E0,-1.E0,0.E0));
#1114=DIRECTION('',(3.230924993210E-1,0.E0,9.463673900143E-1));
#1115=AXIS2_PLACEMENT_3D('',#1112,#1113,#1114);
#1117=DRAUGHTING_PRE_DEFINED_CURVE_FONT('continuous');
#1118=CURVE_STYLE('',#1117,POSITIVE_LENGTH_MEASURE(2.E-2),#21);
#1119=PRESENTATION_STYLE_ASSIGNMENT((#1118));
#1120=STYLED_ITEM('',(#1119),#1116);
#1121=CARTESIAN_POINT('',(0.E0,0.E0,0.E0));
#1122=DIRECTION('',(0.E0,1.E0,0.E0));
#1123=DIRECTION('',(-3.227697295912E-1,0.E0,9.464775230610E-1));
#1124=AXIS2_PLACEMENT_3D('',#1121,#1122,#1123);
#1126=CURVE_STYLE('',#1117,POSITIVE_LENGTH_MEASURE(2.E-2),#21);
#1127=PRESENTATION_STYLE_ASSIGNMENT((#1126));
#1128=STYLED_ITEM('',(#1127),#1125);
#1129=DIRECTION('',(0.E0,1.E0,0.E0));
#1130=VECTOR('',#1129,1.79E1);
#1131=CARTESIAN_POINT('',(1.615462496605E0,0.E0,4.731836950072E0));
#1132=LINE('',#1131,#1130);
#1133=CURVE_STYLE('',#1117,POSITIVE_LENGTH_MEASURE(2.E-2),#21);
#1134=PRESENTATION_STYLE_ASSIGNMENT((#1133));
#1135=STYLED_ITEM('',(#1134),#1132);
#1136=DIRECTION('',(0.E0,-1.E0,0.E0));
#1137=VECTOR('',#1136,1.79E1);
#1138=CARTESIAN_POINT('',(-1.615462496604E0,1.79E1,4.731836950072E0));
#1139=LINE('',#1138,#1137);
#1140=CURVE_STYLE('',#1117,POSITIVE_LENGTH_MEASURE(2.E-2),#21);
#1141=PRESENTATION_STYLE_ASSIGNMENT((#1140));
#1142=STYLED_ITEM('',(#1141),#1139);
#1143=DIRECTION('',(4.034841726105E-12,0.E0,1.E0));
#1144=VECTOR('',#1143,5.283052848118E-3);
#1145=CARTESIAN_POINT('',(1.615462496605E0,0.E0,4.731836950072E0));
#1146=LINE('',#1145,#1144);
#1147=CURVE_STYLE('',#1117,POSITIVE_LENGTH_MEASURE(2.E-2),#21);
#1148=PRESENTATION_STYLE_ASSIGNMENT((#1147));
#1149=STYLED_ITEM('',(#1148),#1146);
#1150=DIRECTION('',(0.E0,1.E0,0.E0));
#1151=VECTOR('',#1150,1.79E1);
#1152=CARTESIAN_POINT('',(-1.615462496604E0,0.E0,4.737120002920E0));
#1153=LINE('',#1152,#1151);
#1154=CURVE_STYLE('',#1117,POSITIVE_LENGTH_MEASURE(2.E-2),#21);
#1155=PRESENTATION_STYLE_ASSIGNMENT((#1154));
#1156=STYLED_ITEM('',(#1155),#1153);
#1157=DIRECTION('',(0.E0,-1.E0,0.E0));
#1158=VECTOR('',#1157,1.79E1);
#1159=CARTESIAN_POINT('',(1.615462496605E0,1.79E1,4.737120002920E0));
#1160=LINE('',#1159,#1158);
#1161=CURVE_STYLE('',#1117,POSITIVE_LENGTH_MEASURE(2.E-2),#21);
#1162=PRESENTATION_STYLE_ASSIGNMENT((#1161));
#1163=STYLED_ITEM('',(#1162),#1160);
#1164=DIRECTION('',(3.992812124794E-12,0.E0,-1.E0));
#1165=VECTOR('',#1164,5.283052848115E-3);
#1166=CARTESIAN_POINT('',(-1.615462496604E0,0.E0,4.737120002920E0));
#1167=LINE('',#1166,#1165);
#1168=CURVE_STYLE('',#1117,POSITIVE_LENGTH_MEASURE(2.E-2),#21);
#1169=PRESENTATION_STYLE_ASSIGNMENT((#1168));
#1170=STYLED_ITEM('',(#1169),#1167);
#1171=CARTESIAN_POINT('',(0.E0,1.79E1,0.E0));
#1172=DIRECTION('',(0.E0,1.E0,0.E0));
#1173=DIRECTION('',(-3.230924993208E-1,0.E0,9.463673900144E-1));
#1174=AXIS2_PLACEMENT_3D('',#1171,#1172,#1173);
#1176=CURVE_STYLE('',#1117,POSITIVE_LENGTH_MEASURE(2.E-2),#21);
#1177=PRESENTATION_STYLE_ASSIGNMENT((#1176));
#1178=STYLED_ITEM('',(#1177),#1175);
#1179=DIRECTION('',(4.034841726105E-12,0.E0,1.E0));
#1180=VECTOR('',#1179,5.283052848118E-3);
#1181=CARTESIAN_POINT('',(1.615462496605E0,1.79E1,4.731836950072E0));
#1182=LINE('',#1181,#1180);
#1183=CURVE_STYLE('',#1117,POSITIVE_LENGTH_MEASURE(2.E-2),#21);
#1184=PRESENTATION_STYLE_ASSIGNMENT((#1183));
#1185=STYLED_ITEM('',(#1184),#1182);
#1186=CARTESIAN_POINT('',(0.E0,1.79E1,0.E0));
#1187=DIRECTION('',(0.E0,-1.E0,0.E0));
#1188=DIRECTION('',(3.227697295914E-1,0.E0,9.464775230609E-1));
#1189=AXIS2_PLACEMENT_3D('',#1186,#1187,#1188);
#1191=CURVE_STYLE('',#1117,POSITIVE_LENGTH_MEASURE(2.E-2),#21);
#1192=PRESENTATION_STYLE_ASSIGNMENT((#1191));
#1193=STYLED_ITEM('',(#1192),#1190);
#1194=DIRECTION('',(3.992812124794E-12,0.E0,-1.E0));
#1195=VECTOR('',#1194,5.283052848115E-3);
#1196=CARTESIAN_POINT('',(-1.615462496604E0,1.79E1,4.737120002920E0));
#1197=LINE('',#1196,#1195);
#1198=CURVE_STYLE('',#1117,POSITIVE_LENGTH_MEASURE(2.E-2),#21);
#1199=PRESENTATION_STYLE_ASSIGNMENT((#1198));
#1200=STYLED_ITEM('',(#1199),#1197);
#1201=CARTESIAN_POINT('',(1.615462496605E0,0.E0,4.731836950072E0));
#1202=CARTESIAN_POINT('',(-1.615462496604E0,0.E0,4.731836950072E0));
#1203=VERTEX_POINT('',#1201);
#1204=VERTEX_POINT('',#1202);
#1205=CARTESIAN_POINT('',(-1.615462496604E0,0.E0,4.737120002920E0));
#1206=VERTEX_POINT('',#1205);
#1207=CARTESIAN_POINT('',(1.615462496605E0,0.E0,4.737120002920E0));
#1208=VERTEX_POINT('',#1207);
#1209=CARTESIAN_POINT('',(1.615462496605E0,1.79E1,4.731836950072E0));
#1210=VERTEX_POINT('',#1209);
#1211=CARTESIAN_POINT('',(-1.615462496604E0,1.79E1,4.731836950072E0));
#1212=VERTEX_POINT('',#1211);
#1213=CARTESIAN_POINT('',(1.615462496605E0,1.79E1,4.737120002920E0));
#1214=VERTEX_POINT('',#1213);
#1215=CARTESIAN_POINT('',(-1.615462496604E0,1.79E1,4.737120002920E0));
#1216=VERTEX_POINT('',#1215);
#1217=CARTESIAN_POINT('',(0.E0,0.E0,0.E0));
#1218=DIRECTION('',(0.E0,1.E0,0.E0));
#1219=DIRECTION('',(1.E0,0.E0,0.E0));
#1220=AXIS2_PLACEMENT_3D('',#1217,#1218,#1219);
#1221=PLANE('',#1220);
#1223=ORIENTED_EDGE('',*,*,#1222,.T.);
#1225=ORIENTED_EDGE('',*,*,#1224,.F.);
#1227=ORIENTED_EDGE('',*,*,#1226,.T.);
#1229=ORIENTED_EDGE('',*,*,#1228,.F.);
#1230=EDGE_LOOP('',(#1223,#1225,#1227,#1229));
#1231=FACE_OUTER_BOUND('',#1230,.F.);
#1233=FILL_AREA_STYLE_COLOUR('',#21);
#1234=FILL_AREA_STYLE('',(#1233));
#1235=SURFACE_STYLE_FILL_AREA(#1234);
#1236=SURFACE_SIDE_STYLE('',(#1235));
#1237=SURFACE_STYLE_USAGE(.BOTH.,#1236);
#1238=PRESENTATION_STYLE_ASSIGNMENT((#1237));
#1239=STYLED_ITEM('',(#1238),#1232);
#1240=CARTESIAN_POINT('',(0.E0,0.E0,0.E0));
#1241=DIRECTION('',(0.E0,1.E0,0.E0));
#1242=DIRECTION('',(1.E0,0.E0,0.E0));
#1243=AXIS2_PLACEMENT_3D('',#1240,#1241,#1242);
#1244=CYLINDRICAL_SURFACE('',#1243,5.E0);
#1245=ORIENTED_EDGE('',*,*,#1222,.F.);
#1247=ORIENTED_EDGE('',*,*,#1246,.T.);
#1249=ORIENTED_EDGE('',*,*,#1248,.F.);
#1251=ORIENTED_EDGE('',*,*,#1250,.T.);
#1252=EDGE_LOOP('',(#1245,#1247,#1249,#1251));
#1253=FACE_OUTER_BOUND('',#1252,.F.);
#1255=FILL_AREA_STYLE_COLOUR('',#21);
#1256=FILL_AREA_STYLE('',(#1255));
#1257=SURFACE_STYLE_FILL_AREA(#1256);
#1258=SURFACE_SIDE_STYLE('',(#1257));
#1259=SURFACE_STYLE_USAGE(.BOTH.,#1258);
#1260=PRESENTATION_STYLE_ASSIGNMENT((#1259));
#1261=STYLED_ITEM('',(#1260),#1254);
#1262=CARTESIAN_POINT('',(1.615462496605E0,0.E0,4.737120002920E0));
#1263=DIRECTION('',(1.E0,0.E0,0.E0));
#1264=DIRECTION('',(0.E0,0.E0,-1.E0));
#1265=AXIS2_PLACEMENT_3D('',#1262,#1263,#1264);
#1266=PLANE('',#1265);
#1267=ORIENTED_EDGE('',*,*,#1228,.T.);
#1269=ORIENTED_EDGE('',*,*,#1268,.F.);
#1271=ORIENTED_EDGE('',*,*,#1270,.F.);
#1272=ORIENTED_EDGE('',*,*,#1246,.F.);
#1273=EDGE_LOOP('',(#1267,#1269,#1271,#1272));
#1274=FACE_OUTER_BOUND('',#1273,.F.);
#1276=FILL_AREA_STYLE_COLOUR('',#21);
#1277=FILL_AREA_STYLE('',(#1276));
#1278=SURFACE_STYLE_FILL_AREA(#1277);
#1279=SURFACE_SIDE_STYLE('',(#1278));
#1280=SURFACE_STYLE_USAGE(.BOTH.,#1279);
#1281=PRESENTATION_STYLE_ASSIGNMENT((#1280));
#1282=STYLED_ITEM('',(#1281),#1275);
#1283=CARTESIAN_POINT('',(0.E0,0.E0,0.E0));
#1284=DIRECTION('',(0.E0,1.E0,0.E0));
#1285=DIRECTION('',(1.E0,0.E0,0.E0));
#1286=AXIS2_PLACEMENT_3D('',#1283,#1284,#1285);
#1287=CYLINDRICAL_SURFACE('',#1286,5.005E0);
#1288=ORIENTED_EDGE('',*,*,#1226,.F.);
#1290=ORIENTED_EDGE('',*,*,#1289,.T.);
#1292=ORIENTED_EDGE('',*,*,#1291,.F.);
#1293=ORIENTED_EDGE('',*,*,#1268,.T.);
#1294=EDGE_LOOP('',(#1288,#1290,#1292,#1293));
#1295=FACE_OUTER_BOUND('',#1294,.F.);
#1297=FILL_AREA_STYLE_COLOUR('',#21);
#1298=FILL_AREA_STYLE('',(#1297));
#1299=SURFACE_STYLE_FILL_AREA(#1298);
#1300=SURFACE_SIDE_STYLE('',(#1299));
#1301=SURFACE_STYLE_USAGE(.BOTH.,#1300);
#1302=PRESENTATION_STYLE_ASSIGNMENT((#1301));
#1303=STYLED_ITEM('',(#1302),#1296);
#1304=CARTESIAN_POINT('',(-1.615462496604E0,0.E0,4.731836950072E0));
#1305=DIRECTION('',(-1.E0,0.E0,0.E0));
#1306=DIRECTION('',(0.E0,0.E0,1.E0));
#1307=AXIS2_PLACEMENT_3D('',#1304,#1305,#1306);
#1308=PLANE('',#1307);
#1309=ORIENTED_EDGE('',*,*,#1224,.T.);
#1310=ORIENTED_EDGE('',*,*,#1250,.F.);
#1312=ORIENTED_EDGE('',*,*,#1311,.F.);
#1313=ORIENTED_EDGE('',*,*,#1289,.F.);
#1314=EDGE_LOOP('',(#1309,#1310,#1312,#1313));
#1315=FACE_OUTER_BOUND('',#1314,.F.);
#1317=FILL_AREA_STYLE_COLOUR('',#21);
#1318=FILL_AREA_STYLE('',(#1317));
#1319=SURFACE_STYLE_FILL_AREA(#1318);
#1320=SURFACE_SIDE_STYLE('',(#1319));
#1321=SURFACE_STYLE_USAGE(.BOTH.,#1320);
#1322=PRESENTATION_STYLE_ASSIGNMENT((#1321));
#1323=STYLED_ITEM('',(#1322),#1316);
#1324=CARTESIAN_POINT('',(0.E0,1.79E1,0.E0));
#1325=DIRECTION('',(0.E0,1.E0,0.E0));
#1326=DIRECTION('',(1.E0,0.E0,0.E0));
#1327=AXIS2_PLACEMENT_3D('',#1324,#1325,#1326);
#1328=PLANE('',#1327);
#1329=ORIENTED_EDGE('',*,*,#1248,.T.);
#1330=ORIENTED_EDGE('',*,*,#1270,.T.);
#1331=ORIENTED_EDGE('',*,*,#1291,.T.);
#1332=ORIENTED_EDGE('',*,*,#1311,.T.);
#1333=EDGE_LOOP('',(#1329,#1330,#1331,#1332));
#1334=FACE_OUTER_BOUND('',#1333,.F.);
#1336=FILL_AREA_STYLE_COLOUR('',#21);
#1337=FILL_AREA_STYLE('',(#1336));
#1338=SURFACE_STYLE_FILL_AREA(#1337);
#1339=SURFACE_SIDE_STYLE('',(#1338));
#1340=SURFACE_STYLE_USAGE(.BOTH.,#1339);
#1341=PRESENTATION_STYLE_ASSIGNMENT((#1340));
#1342=STYLED_ITEM('',(#1341),#1335);
#1343=CLOSED_SHELL('',(#1232,#1254,#1275,#1296,#1316,#1335));
#1344=MANIFOLD_SOLID_BREP('',#1343);
#1345=FILL_AREA_STYLE_COLOUR('',#21);
#1346=FILL_AREA_STYLE('',(#1345));
#1347=SURFACE_STYLE_FILL_AREA(#1346);
#1348=SURFACE_SIDE_STYLE('',(#1347));
#1349=SURFACE_STYLE_USAGE(.BOTH.,#1348);
#1350=PRESENTATION_STYLE_ASSIGNMENT((#1349));
#1111=STYLED_ITEM('',(#1350),#1344);
#1353=PLANE_ANGLE_MEASURE_WITH_UNIT(PLANE_ANGLE_MEASURE(1.745329251994E-2),
#1352);
#1354=(CONVERSION_BASED_UNIT('DEGREE',#1353)NAMED_UNIT(*)PLANE_ANGLE_UNIT());
#1356=UNCERTAINTY_MEASURE_WITH_UNIT(LENGTH_MEASURE(1.819062332111E-3),#1351,
'distance_accuracy_value',
'Maximum model space distance between geometric entities at asserted connectivities');
#1358=CARTESIAN_POINT('',(0.E0,0.E0,0.E0));
#1359=DIRECTION('',(0.E0,0.E0,1.E0));
#1360=DIRECTION('',(1.E0,0.E0,0.E0));
#1363=PRODUCT_CONTEXT('',#1041,'mechanical');
#1364=PRODUCT('PRT10002000_2','PRT10002000_2','NOT SPECIFIED',(#1363));
#1365=PRODUCT_DEFINITION_FORMATION('1','LAST_VERSION',#1364);
#1373=DERIVED_UNIT_ELEMENT(#1372,2.E0);
#1374=DERIVED_UNIT((#1373));
#1375=MEASURE_REPRESENTATION_ITEM('surface area measure',AREA_MEASURE(
1.180001787990E2),#1374);
#1380=DERIVED_UNIT_ELEMENT(#1379,3.E0);
#1381=DERIVED_UNIT((#1380));
#1382=MEASURE_REPRESENTATION_ITEM('volume measure',VOLUME_MEASURE(
2.944453634942E-1),#1381);
#1386=CARTESIAN_POINT('centre point',(-2.217541682893E-11,8.95E0,
4.912836244955E0));
#1391=DERIVED_UNIT_ELEMENT(#1390,2.E0);
#1392=DERIVED_UNIT((#1391));
#1393=MEASURE_REPRESENTATION_ITEM('surface area measure',AREA_MEASURE(
1.180001787990E2),#1392);
#1398=DERIVED_UNIT_ELEMENT(#1397,3.E0);
#1399=DERIVED_UNIT((#1398));
#1400=MEASURE_REPRESENTATION_ITEM('volume measure',VOLUME_MEASURE(
2.944453634942E-1),#1399);
#1404=CARTESIAN_POINT('centre point',(-2.217541682893E-11,8.95E0,
4.912836244955E0));
#1411=CARTESIAN_POINT('centre point',(4.999999999978E0,3.576700860238E1,
-8.716375504474E-2));
#1415=CARTESIAN_POINT('',(5.E0,2.681700860238E1,-5.E0));
#1416=DIRECTION('',(0.E0,0.E0,1.E0));
#1417=DIRECTION('',(1.E0,0.E0,0.E0));
#1418=AXIS2_PLACEMENT_3D('',#1415,#1416,#1417);
#1419=ITEM_DEFINED_TRANSFORMATION('','',#1361,#1418);
#1420=CARTESIAN_POINT('',(0.E0,0.E0,0.E0));
#1421=DIRECTION('',(0.E0,0.E0,1.E0));
#1422=DIRECTION('',(1.E0,0.E0,0.E0));
#1424=(REPRESENTATION_RELATIONSHIP('','',#1362,#1092)REPRESENTATION_RELATIONSHIP_WITH_TRANSFORMATION(#1419)SHAPE_REPRESENTATION_RELATIONSHIP());
#1425=CONTEXT_DEPENDENT_SHAPE_REPRESENTATION(#1424,#1410);
#1426=CARTESIAN_POINT('',(-1.134E-2,0.E0,-8.6184E-1));
#1427=DIRECTION('',(0.E0,1.E0,0.E0));
#1428=DIRECTION('',(0.E0,0.E0,-1.E0));
#1429=AXIS2_PLACEMENT_3D('',#1426,#1427,#1428);
#1431=CARTESIAN_POINT('',(-1.134E-2,0.E0,8.6184E-1));
#1432=DIRECTION('',(0.E0,1.E0,0.E0));
#1433=DIRECTION('',(-1.E0,0.E0,0.E0));
#1434=AXIS2_PLACEMENT_3D('',#1431,#1432,#1433);
#1436=CARTESIAN_POINT('',(1.134E-2,0.E0,8.6184E-1));
#1437=DIRECTION('',(0.E0,1.E0,0.E0));
#1438=DIRECTION('',(0.E0,0.E0,1.E0));
#1439=AXIS2_PLACEMENT_3D('',#1436,#1437,#1438);
#1441=CARTESIAN_POINT('',(1.134E-2,0.E0,-8.6184E-1));
#1442=DIRECTION('',(0.E0,1.E0,0.E0));
#1443=DIRECTION('',(1.E0,0.E0,0.E0));
#1444=AXIS2_PLACEMENT_3D('',#1441,#1442,#1443);
#1446=CARTESIAN_POINT('',(2.018571473746E-3,0.E0,-7.264437179028E-1));
#1447=DIRECTION('',(0.E0,-1.E0,0.E0));
#1448=DIRECTION('',(-4.473820569890E-12,0.E0,-1.E0));
#1449=AXIS2_PLACEMENT_3D('',#1446,#1447,#1448);
#1451=CARTESIAN_POINT('',(2.018571473746E-3,0.E0,7.264437179028E-1));
#1452=DIRECTION('',(0.E0,-1.E0,0.E0));
#1453=DIRECTION('',(1.E0,0.E0,1.027766719249E-12));
#1454=AXIS2_PLACEMENT_3D('',#1451,#1452,#1453);
#1456=CARTESIAN_POINT('',(-2.018571473746E-3,0.E0,7.264437179028E-1));
#1457=DIRECTION('',(0.E0,-1.E0,0.E0));
#1458=DIRECTION('',(4.473820569890E-12,0.E0,1.E0));
#1459=AXIS2_PLACEMENT_3D('',#1456,#1457,#1458);
#1461=CARTESIAN_POINT('',(-2.018571473746E-3,0.E0,-7.264437179028E-1));
#1462=DIRECTION('',(0.E0,-1.E0,0.E0));
#1463=DIRECTION('',(-1.E0,0.E0,-1.027766719249E-12));
#1464=AXIS2_PLACEMENT_3D('',#1461,#1462,#1463);
#1466=DIRECTION('',(0.E0,1.E0,0.E0));
#1467=VECTOR('',#1466,1.134E-2);
#1468=CARTESIAN_POINT('',(-1.134E-2,0.E0,-1.701E0));
#1469=LINE('',#1468,#1467);
#1470=DIRECTION('',(0.E0,-1.E0,0.E0));
#1471=VECTOR('',#1470,1.134E-2);
#1472=CARTESIAN_POINT('',(-8.505E-1,1.134E-2,-8.6184E-1));
#1473=LINE('',#1472,#1471);
#1474=DIRECTION('',(1.E0,0.E0,0.E0));
#1475=VECTOR('',#1474,2.268E-2);
#1476=CARTESIAN_POINT('',(-1.134E-2,0.E0,-1.701E0));
#1477=LINE('',#1476,#1475);
#1478=DIRECTION('',(0.E0,1.E0,0.E0));
#1479=VECTOR('',#1478,1.134E-2);
#1480=CARTESIAN_POINT('',(8.505E-1,0.E0,-8.6184E-1));
#1481=LINE('',#1480,#1479);
#1482=DIRECTION('',(0.E0,-1.E0,0.E0));
#1483=VECTOR('',#1482,1.134E-2);
#1484=CARTESIAN_POINT('',(1.134E-2,1.134E-2,-1.701E0));
#1485=LINE('',#1484,#1483);
#1486=DIRECTION('',(0.E0,0.E0,1.E0));
#1487=VECTOR('',#1486,1.72368E0);
#1488=CARTESIAN_POINT('',(8.505E-1,0.E0,-8.6184E-1));
#1489=LINE('',#1488,#1487);
#1490=DIRECTION('',(0.E0,1.E0,0.E0));
#1491=VECTOR('',#1490,1.134E-2);
#1492=CARTESIAN_POINT('',(1.134E-2,0.E0,1.701E0));
#1493=LINE('',#1492,#1491);
#1494=DIRECTION('',(0.E0,-1.E0,0.E0));
#1495=VECTOR('',#1494,1.134E-2);
#1496=CARTESIAN_POINT('',(8.505E-1,1.134E-2,8.6184E-1));
#1497=LINE('',#1496,#1495);
#1498=DIRECTION('',(-1.E0,0.E0,0.E0));
#1499=VECTOR('',#1498,2.268E-2);
#1500=CARTESIAN_POINT('',(1.134E-2,0.E0,1.701E0));
#1501=LINE('',#1500,#1499);
#1502=DIRECTION('',(0.E0,1.E0,0.E0));
#1503=VECTOR('',#1502,1.134E-2);
#1504=CARTESIAN_POINT('',(-8.505E-1,0.E0,8.6184E-1));
#1505=LINE('',#1504,#1503);
#1506=DIRECTION('',(0.E0,-1.E0,0.E0));
#1507=VECTOR('',#1506,1.134E-2);
#1508=CARTESIAN_POINT('',(-1.134E-2,1.134E-2,1.701E0));
#1509=LINE('',#1508,#1507);
#1510=DIRECTION('',(0.E0,0.E0,-1.E0));
#1511=VECTOR('',#1510,1.72368E0);
#1512=CARTESIAN_POINT('',(-8.505E-1,0.E0,8.6184E-1));
#1513=LINE('',#1512,#1511);
#1514=CARTESIAN_POINT('',(-1.134E-2,1.134E-2,-8.6184E-1));
#1515=DIRECTION('',(0.E0,-1.E0,0.E0));
#1516=DIRECTION('',(-1.E0,0.E0,0.E0));
#1517=AXIS2_PLACEMENT_3D('',#1514,#1515,#1516);
#1519=DIRECTION('',(1.E0,0.E0,0.E0));
#1520=VECTOR('',#1519,2.268E-2);
#1521=CARTESIAN_POINT('',(-1.134E-2,1.134E-2,-1.701E0));
#1522=LINE('',#1521,#1520);
#1523=CARTESIAN_POINT('',(1.134E-2,1.134E-2,-8.6184E-1));
#1524=DIRECTION('',(0.E0,-1.E0,0.E0));
#1525=DIRECTION('',(0.E0,0.E0,-1.E0));
#1526=AXIS2_PLACEMENT_3D('',#1523,#1524,#1525);
#1528=DIRECTION('',(0.E0,0.E0,1.E0));
#1529=VECTOR('',#1528,1.72368E0);
#1530=CARTESIAN_POINT('',(8.505E-1,1.134E-2,-8.6184E-1));
#1531=LINE('',#1530,#1529);
#1532=CARTESIAN_POINT('',(1.134E-2,1.134E-2,8.6184E-1));
#1533=DIRECTION('',(0.E0,-1.E0,0.E0));
#1534=DIRECTION('',(1.E0,0.E0,0.E0));
#1535=AXIS2_PLACEMENT_3D('',#1532,#1533,#1534);
#1537=DIRECTION('',(-1.E0,0.E0,0.E0));
#1538=VECTOR('',#1537,2.268E-2);
#1539=CARTESIAN_POINT('',(1.134E-2,1.134E-2,1.701E0));
#1540=LINE('',#1539,#1538);
#1541=CARTESIAN_POINT('',(-1.134E-2,1.134E-2,8.6184E-1));
#1542=DIRECTION('',(0.E0,-1.E0,0.E0));
#1543=DIRECTION('',(0.E0,0.E0,1.E0));
#1544=AXIS2_PLACEMENT_3D('',#1541,#1542,#1543);
#1546=DIRECTION('',(0.E0,0.E0,-1.E0));
#1547=VECTOR('',#1546,1.72368E0);
#1548=CARTESIAN_POINT('',(-8.505E-1,1.134E-2,8.6184E-1));
#1549=LINE('',#1548,#1547);
#1550=DIRECTION('',(-1.E0,0.E0,0.E0));
#1551=VECTOR('',#1550,4.037142945969E-3);
#1552=CARTESIAN_POINT('',(2.018571472985E-3,1.134E-2,-1.236743717903E0));
#1553=LINE('',#1552,#1551);
#1554=CARTESIAN_POINT('',(-2.018571473746E-3,1.134E-2,-7.264437179028E-1));
#1555=DIRECTION('',(0.E0,1.E0,0.E0));
#1556=DIRECTION('',(4.473759380350E-12,0.E0,-1.E0));
#1557=AXIS2_PLACEMENT_3D('',#1554,#1555,#1556);
#1559=DIRECTION('',(0.E0,0.E0,1.E0));
#1560=VECTOR('',#1559,1.452887435806E0);
#1561=CARTESIAN_POINT('',(-5.123185714737E-1,1.134E-2,-7.264437179030E-1));
#1562=LINE('',#1561,#1560);
#1563=CARTESIAN_POINT('',(-2.018571473746E-3,1.134E-2,7.264437179028E-1));
#1564=DIRECTION('',(0.E0,1.E0,0.E0));
#1565=DIRECTION('',(-1.E0,0.E0,1.027766719249E-12));
#1566=AXIS2_PLACEMENT_3D('',#1563,#1564,#1565);
#1568=DIRECTION('',(1.E0,0.E0,0.E0));
#1569=VECTOR('',#1568,4.037142945969E-3);
#1570=CARTESIAN_POINT('',(-2.018571472985E-3,1.134E-2,1.236743717903E0));
#1571=LINE('',#1570,#1569);
#1572=CARTESIAN_POINT('',(2.018571473746E-3,1.134E-2,7.264437179028E-1));
#1573=DIRECTION('',(0.E0,1.E0,0.E0));
#1574=DIRECTION('',(-4.473759380350E-12,0.E0,1.E0));
#1575=AXIS2_PLACEMENT_3D('',#1572,#1573,#1574);
#1577=DIRECTION('',(0.E0,0.E0,-1.E0));
#1578=VECTOR('',#1577,1.452887435806E0);
#1579=CARTESIAN_POINT('',(5.123185714737E-1,1.134E-2,7.264437179030E-1));
#1580=LINE('',#1579,#1578);
#1581=CARTESIAN_POINT('',(2.018571473746E-3,1.134E-2,-7.264437179028E-1));
#1582=DIRECTION('',(0.E0,1.E0,0.E0));
#1583=DIRECTION('',(1.E0,0.E0,-1.027766719249E-12));
#1584=AXIS2_PLACEMENT_3D('',#1581,#1582,#1583);
#1586=DIRECTION('',(-1.E0,0.E0,0.E0));
#1587=VECTOR('',#1586,4.037142945969E-3);
#1588=CARTESIAN_POINT('',(2.018571472985E-3,0.E0,-1.236743717903E0));
#1589=LINE('',#1588,#1587);
#1590=DIRECTION('',(0.E0,1.E0,0.E0));
#1591=VECTOR('',#1590,1.134E-2);
#1592=CARTESIAN_POINT('',(-5.123185714737E-1,0.E0,-7.264437179030E-1));
#1593=LINE('',#1592,#1591);
#1594=DIRECTION('',(0.E0,-1.E0,0.E0));
#1595=VECTOR('',#1594,1.134E-2);
#1596=CARTESIAN_POINT('',(-2.018571472984E-3,1.134E-2,-1.236743717903E0));
#1597=LINE('',#1596,#1595);
#1598=DIRECTION('',(0.E0,0.E0,1.E0));
#1599=VECTOR('',#1598,1.452887435806E0);
#1600=CARTESIAN_POINT('',(-5.123185714737E-1,0.E0,-7.264437179030E-1));
#1601=LINE('',#1600,#1599);
#1602=DIRECTION('',(0.E0,1.E0,0.E0));
#1603=VECTOR('',#1602,1.134E-2);
#1604=CARTESIAN_POINT('',(-2.018571472985E-3,0.E0,1.236743717903E0));
#1605=LINE('',#1604,#1603);
#1606=DIRECTION('',(0.E0,-1.E0,0.E0));
#1607=VECTOR('',#1606,1.134E-2);
#1608=CARTESIAN_POINT('',(-5.123185714737E-1,1.134E-2,7.264437179030E-1));
#1609=LINE('',#1608,#1607);
#1610=DIRECTION('',(1.E0,0.E0,0.E0));
#1611=VECTOR('',#1610,4.037142945969E-3);
#1612=CARTESIAN_POINT('',(-2.018571472985E-3,0.E0,1.236743717903E0));
#1613=LINE('',#1612,#1611);
#1614=DIRECTION('',(0.E0,1.E0,0.E0));
#1615=VECTOR('',#1614,1.134E-2);
#1616=CARTESIAN_POINT('',(5.123185714737E-1,0.E0,7.264437179030E-1));
#1617=LINE('',#1616,#1615);
#1618=DIRECTION('',(0.E0,-1.E0,0.E0));
#1619=VECTOR('',#1618,1.134E-2);
#1620=CARTESIAN_POINT('',(2.018571472984E-3,1.134E-2,1.236743717903E0));
#1621=LINE('',#1620,#1619);
#1622=DIRECTION('',(0.E0,0.E0,-1.E0));
#1623=VECTOR('',#1622,1.452887435806E0);
#1624=CARTESIAN_POINT('',(5.123185714737E-1,0.E0,7.264437179030E-1));
#1625=LINE('',#1624,#1623);
#1626=DIRECTION('',(0.E0,1.E0,0.E0));
#1627=VECTOR('',#1626,1.134E-2);
#1628=CARTESIAN_POINT('',(2.018571472985E-3,0.E0,-1.236743717903E0));
#1629=LINE('',#1628,#1627);
#1630=DIRECTION('',(0.E0,-1.E0,0.E0));
#1631=VECTOR('',#1630,1.134E-2);
#1632=CARTESIAN_POINT('',(5.123185714737E-1,1.134E-2,-7.264437179030E-1));
#1633=LINE('',#1632,#1631);
#1634=CARTESIAN_POINT('',(-1.134E-2,0.E0,-1.701E0));
#1635=CARTESIAN_POINT('',(-8.505E-1,0.E0,-8.6184E-1));
#1636=VERTEX_POINT('',#1634);
#1637=VERTEX_POINT('',#1635);
#1638=CARTESIAN_POINT('',(-8.505E-1,0.E0,8.6184E-1));
#1639=VERTEX_POINT('',#1638);
#1640=CARTESIAN_POINT('',(-1.134E-2,0.E0,1.701E0));
#1641=VERTEX_POINT('',#1640);
#1642=CARTESIAN_POINT('',(1.134E-2,0.E0,1.701E0));
#1643=VERTEX_POINT('',#1642);
#1644=CARTESIAN_POINT('',(8.505E-1,0.E0,8.6184E-1));
#1645=VERTEX_POINT('',#1644);
#1646=CARTESIAN_POINT('',(8.505E-1,0.E0,-8.6184E-1));
#1647=VERTEX_POINT('',#1646);
#1648=CARTESIAN_POINT('',(1.134E-2,0.E0,-1.701E0));
#1649=VERTEX_POINT('',#1648);
#1650=CARTESIAN_POINT('',(2.018571472985E-3,0.E0,-1.236743717903E0));
#1651=CARTESIAN_POINT('',(-2.018571472984E-3,0.E0,-1.236743717903E0));
#1652=VERTEX_POINT('',#1650);
#1653=VERTEX_POINT('',#1651);
#1654=CARTESIAN_POINT('',(5.123185714737E-1,0.E0,-7.264437179033E-1));
#1655=VERTEX_POINT('',#1654);
#1656=CARTESIAN_POINT('',(5.123185714737E-1,0.E0,7.264437179030E-1));
#1657=VERTEX_POINT('',#1656);
#1658=CARTESIAN_POINT('',(2.018571471463E-3,0.E0,1.236743717903E0));
#1659=VERTEX_POINT('',#1658);
#1660=CARTESIAN_POINT('',(-2.018571472985E-3,0.E0,1.236743717903E0));
#1661=VERTEX_POINT('',#1660);
#1662=CARTESIAN_POINT('',(-5.123185714737E-1,0.E0,7.264437179033E-1));
#1663=VERTEX_POINT('',#1662);
#1664=CARTESIAN_POINT('',(-5.123185714737E-1,0.E0,-7.264437179030E-1));
#1665=VERTEX_POINT('',#1664);
#1666=CARTESIAN_POINT('',(-1.134E-2,1.134E-2,-1.701E0));
#1667=VERTEX_POINT('',#1666);
#1668=CARTESIAN_POINT('',(-8.505E-1,1.134E-2,-8.6184E-1));
#1669=VERTEX_POINT('',#1668);
#1670=CARTESIAN_POINT('',(1.134E-2,1.134E-2,-1.701E0));
#1671=VERTEX_POINT('',#1670);
#1672=CARTESIAN_POINT('',(8.505E-1,1.134E-2,-8.6184E-1));
#1673=VERTEX_POINT('',#1672);
#1674=CARTESIAN_POINT('',(8.505E-1,1.134E-2,8.6184E-1));
#1675=VERTEX_POINT('',#1674);
#1676=CARTESIAN_POINT('',(1.134E-2,1.134E-2,1.701E0));
#1677=VERTEX_POINT('',#1676);
#1678=CARTESIAN_POINT('',(-1.134E-2,1.134E-2,1.701E0));
#1679=VERTEX_POINT('',#1678);
#1680=CARTESIAN_POINT('',(-8.505E-1,1.134E-2,8.6184E-1));
#1681=VERTEX_POINT('',#1680);
#1682=CARTESIAN_POINT('',(2.018571472985E-3,1.134E-2,-1.236743717903E0));
#1683=CARTESIAN_POINT('',(-2.018571472984E-3,1.134E-2,-1.236743717903E0));
#1684=VERTEX_POINT('',#1682);
#1685=VERTEX_POINT('',#1683);
#1686=CARTESIAN_POINT('',(-5.123185714737E-1,1.134E-2,-7.264437179033E-1));
#1687=VERTEX_POINT('',#1686);
#1688=CARTESIAN_POINT('',(-5.123185714737E-1,1.134E-2,7.264437179030E-1));
#1689=VERTEX_POINT('',#1688);
#1690=CARTESIAN_POINT('',(-2.018571471463E-3,1.134E-2,1.236743717903E0));
#1691=VERTEX_POINT('',#1690);
#1692=CARTESIAN_POINT('',(2.018571472984E-3,1.134E-2,1.236743717903E0));
#1693=VERTEX_POINT('',#1692);
#1694=CARTESIAN_POINT('',(5.123185714737E-1,1.134E-2,7.264437179033E-1));
#1695=VERTEX_POINT('',#1694);
#1696=CARTESIAN_POINT('',(5.123185714737E-1,1.134E-2,-7.264437179030E-1));
#1697=VERTEX_POINT('',#1696);
#1698=CARTESIAN_POINT('',(0.E0,0.E0,0.E0));
#1699=DIRECTION('',(0.E0,1.E0,0.E0));
#1700=DIRECTION('',(1.E0,0.E0,0.E0));
#1701=AXIS2_PLACEMENT_3D('',#1698,#1699,#1700);
#1702=PLANE('',#1701);
#1704=ORIENTED_EDGE('',*,*,#1703,.T.);
#1706=ORIENTED_EDGE('',*,*,#1705,.F.);
#1708=ORIENTED_EDGE('',*,*,#1707,.T.);
#1710=ORIENTED_EDGE('',*,*,#1709,.F.);
#1712=ORIENTED_EDGE('',*,*,#1711,.T.);
#1714=ORIENTED_EDGE('',*,*,#1713,.F.);
#1716=ORIENTED_EDGE('',*,*,#1715,.T.);
#1718=ORIENTED_EDGE('',*,*,#1717,.F.);
#1719=EDGE_LOOP('',(#1704,#1706,#1708,#1710,#1712,#1714,#1716,#1718));
#1720=FACE_OUTER_BOUND('',#1719,.F.);
#1722=ORIENTED_EDGE('',*,*,#1721,.F.);
#1724=ORIENTED_EDGE('',*,*,#1723,.T.);
#1726=ORIENTED_EDGE('',*,*,#1725,.F.);
#1728=ORIENTED_EDGE('',*,*,#1727,.T.);
#1730=ORIENTED_EDGE('',*,*,#1729,.F.);
#1732=ORIENTED_EDGE('',*,*,#1731,.T.);
#1734=ORIENTED_EDGE('',*,*,#1733,.F.);
#1736=ORIENTED_EDGE('',*,*,#1735,.T.);
#1737=EDGE_LOOP('',(#1722,#1724,#1726,#1728,#1730,#1732,#1734,#1736));
#1738=FACE_BOUND('',#1737,.F.);
#1740=FILL_AREA_STYLE_COLOUR('',#6);
#1741=FILL_AREA_STYLE('',(#1740));
#1742=SURFACE_STYLE_FILL_AREA(#1741);
#1743=SURFACE_SIDE_STYLE('',(#1742));
#1744=SURFACE_STYLE_USAGE(.BOTH.,#1743);
#1745=PRESENTATION_STYLE_ASSIGNMENT((#1744));
#1746=STYLED_ITEM('',(#1745),#1739);
#1747=CARTESIAN_POINT('',(-1.134E-2,0.E0,-8.6184E-1));
#1748=DIRECTION('',(0.E0,1.E0,0.E0));
#1749=DIRECTION('',(1.E0,0.E0,0.E0));
#1750=AXIS2_PLACEMENT_3D('',#1747,#1748,#1749);
#1751=CYLINDRICAL_SURFACE('',#1750,8.3916E-1);
#1752=ORIENTED_EDGE('',*,*,#1703,.F.);
#1754=ORIENTED_EDGE('',*,*,#1753,.T.);
#1756=ORIENTED_EDGE('',*,*,#1755,.F.);
#1758=ORIENTED_EDGE('',*,*,#1757,.T.);
#1759=EDGE_LOOP('',(#1752,#1754,#1756,#1758));
#1760=FACE_OUTER_BOUND('',#1759,.F.);
#1762=CARTESIAN_POINT('',(1.134E-2,0.E0,-1.701E0));
#1763=DIRECTION('',(0.E0,0.E0,-1.E0));
#1764=DIRECTION('',(-1.E0,0.E0,0.E0));
#1765=AXIS2_PLACEMENT_3D('',#1762,#1763,#1764);
#1766=PLANE('',#1765);
#1767=ORIENTED_EDGE('',*,*,#1717,.T.);
#1769=ORIENTED_EDGE('',*,*,#1768,.F.);
#1771=ORIENTED_EDGE('',*,*,#1770,.F.);
#1772=ORIENTED_EDGE('',*,*,#1753,.F.);
#1773=EDGE_LOOP('',(#1767,#1769,#1771,#1772));
#1774=FACE_OUTER_BOUND('',#1773,.F.);
#1776=CARTESIAN_POINT('',(1.134E-2,0.E0,-8.6184E-1));
#1777=DIRECTION('',(0.E0,1.E0,0.E0));
#1778=DIRECTION('',(1.E0,0.E0,0.E0));
#1779=AXIS2_PLACEMENT_3D('',#1776,#1777,#1778);
#1780=CYLINDRICAL_SURFACE('',#1779,8.3916E-1);
#1781=ORIENTED_EDGE('',*,*,#1715,.F.);
#1783=ORIENTED_EDGE('',*,*,#1782,.T.);
#1785=ORIENTED_EDGE('',*,*,#1784,.F.);
#1786=ORIENTED_EDGE('',*,*,#1768,.T.);
#1787=EDGE_LOOP('',(#1781,#1783,#1785,#1786));
#1788=FACE_OUTER_BOUND('',#1787,.F.);
#1790=CARTESIAN_POINT('',(8.505E-1,0.E0,8.6184E-1));
#1791=DIRECTION('',(1.E0,0.E0,0.E0));
#1792=DIRECTION('',(0.E0,0.E0,-1.E0));
#1793=AXIS2_PLACEMENT_3D('',#1790,#1791,#1792);
#1794=PLANE('',#1793);
#1795=ORIENTED_EDGE('',*,*,#1713,.T.);
#1797=ORIENTED_EDGE('',*,*,#1796,.F.);
#1799=ORIENTED_EDGE('',*,*,#1798,.F.);
#1800=ORIENTED_EDGE('',*,*,#1782,.F.);
#1801=EDGE_LOOP('',(#1795,#1797,#1799,#1800));
#1802=FACE_OUTER_BOUND('',#1801,.F.);
#1804=CARTESIAN_POINT('',(1.134E-2,0.E0,8.6184E-1));
#1805=DIRECTION('',(0.E0,1.E0,0.E0));
#1806=DIRECTION('',(1.E0,0.E0,0.E0));
#1807=AXIS2_PLACEMENT_3D('',#1804,#1805,#1806);
#1808=CYLINDRICAL_SURFACE('',#1807,8.3916E-1);
#1809=ORIENTED_EDGE('',*,*,#1711,.F.);
#1811=ORIENTED_EDGE('',*,*,#1810,.T.);
#1813=ORIENTED_EDGE('',*,*,#1812,.F.);
#1814=ORIENTED_EDGE('',*,*,#1796,.T.);
#1815=EDGE_LOOP('',(#1809,#1811,#1813,#1814));
#1816=FACE_OUTER_BOUND('',#1815,.F.);
#1818=CARTESIAN_POINT('',(-1.134E-2,0.E0,1.701E0));
#1819=DIRECTION('',(0.E0,0.E0,1.E0));
#1820=DIRECTION('',(1.E0,0.E0,0.E0));
#1821=AXIS2_PLACEMENT_3D('',#1818,#1819,#1820);
#1822=PLANE('',#1821);
#1823=ORIENTED_EDGE('',*,*,#1709,.T.);
#1825=ORIENTED_EDGE('',*,*,#1824,.F.);
#1827=ORIENTED_EDGE('',*,*,#1826,.F.);
#1828=ORIENTED_EDGE('',*,*,#1810,.F.);
#1829=EDGE_LOOP('',(#1823,#1825,#1827,#1828));
#1830=FACE_OUTER_BOUND('',#1829,.F.);
#1832=CARTESIAN_POINT('',(-1.134E-2,0.E0,8.6184E-1));
#1833=DIRECTION('',(0.E0,1.E0,0.E0));
#1834=DIRECTION('',(1.E0,0.E0,0.E0));
#1835=AXIS2_PLACEMENT_3D('',#1832,#1833,#1834);
#1836=CYLINDRICAL_SURFACE('',#1835,8.3916E-1);
#1837=ORIENTED_EDGE('',*,*,#1707,.F.);
#1839=ORIENTED_EDGE('',*,*,#1838,.T.);
#1841=ORIENTED_EDGE('',*,*,#1840,.F.);
#1842=ORIENTED_EDGE('',*,*,#1824,.T.);
#1843=EDGE_LOOP('',(#1837,#1839,#1841,#1842));
#1844=FACE_OUTER_BOUND('',#1843,.F.);
#1846=CARTESIAN_POINT('',(-8.505E-1,0.E0,-8.6184E-1));
#1847=DIRECTION('',(-1.E0,0.E0,0.E0));
#1848=DIRECTION('',(0.E0,0.E0,1.E0));
#1849=AXIS2_PLACEMENT_3D('',#1846,#1847,#1848);
#1850=PLANE('',#1849);
#1851=ORIENTED_EDGE('',*,*,#1705,.T.);
#1852=ORIENTED_EDGE('',*,*,#1757,.F.);
#1854=ORIENTED_EDGE('',*,*,#1853,.F.);
#1855=ORIENTED_EDGE('',*,*,#1838,.F.);
#1856=EDGE_LOOP('',(#1851,#1852,#1854,#1855));
#1857=FACE_OUTER_BOUND('',#1856,.F.);
#1859=CARTESIAN_POINT('',(0.E0,1.134E-2,0.E0));
#1860=DIRECTION('',(0.E0,1.E0,0.E0));
#1861=DIRECTION('',(1.E0,0.E0,0.E0));
#1862=AXIS2_PLACEMENT_3D('',#1859,#1860,#1861);
#1863=PLANE('',#1862);
#1864=ORIENTED_EDGE('',*,*,#1755,.T.);
#1865=ORIENTED_EDGE('',*,*,#1770,.T.);
#1866=ORIENTED_EDGE('',*,*,#1784,.T.);
#1867=ORIENTED_EDGE('',*,*,#1798,.T.);
#1868=ORIENTED_EDGE('',*,*,#1812,.T.);
#1869=ORIENTED_EDGE('',*,*,#1826,.T.);
#1870=ORIENTED_EDGE('',*,*,#1840,.T.);
#1871=ORIENTED_EDGE('',*,*,#1853,.T.);
#1872=EDGE_LOOP('',(#1864,#1865,#1866,#1867,#1868,#1869,#1870,#1871));
#1873=FACE_OUTER_BOUND('',#1872,.F.);
#1875=ORIENTED_EDGE('',*,*,#1874,.T.);
#1877=ORIENTED_EDGE('',*,*,#1876,.T.);
#1879=ORIENTED_EDGE('',*,*,#1878,.T.);
#1881=ORIENTED_EDGE('',*,*,#1880,.T.);
#1883=ORIENTED_EDGE('',*,*,#1882,.T.);
#1885=ORIENTED_EDGE('',*,*,#1884,.T.);
#1887=ORIENTED_EDGE('',*,*,#1886,.T.);
#1889=ORIENTED_EDGE('',*,*,#1888,.T.);
#1890=EDGE_LOOP('',(#1875,#1877,#1879,#1881,#1883,#1885,#1887,#1889));
#1891=FACE_BOUND('',#1890,.F.);
#1893=FILL_AREA_STYLE_COLOUR('',#21);
#1894=FILL_AREA_STYLE('',(#1893));
#1895=SURFACE_STYLE_FILL_AREA(#1894);
#1896=SURFACE_SIDE_STYLE('',(#1895));
#1897=SURFACE_STYLE_USAGE(.POSITIVE.,#1896);
#1898=PRESENTATION_STYLE_ASSIGNMENT((#1897));
#1899=STYLED_ITEM('',(#1898),#1892);
#1900=CARTESIAN_POINT('',(-2.018571473746E-3,0.E0,-1.236743717903E0));
#1901=DIRECTION('',(0.E0,0.E0,1.E0));
#1902=DIRECTION('',(1.E0,0.E0,0.E0));
#1903=AXIS2_PLACEMENT_3D('',#1900,#1901,#1902);
#1904=PLANE('',#1903);
#1905=ORIENTED_EDGE('',*,*,#1721,.T.);
#1907=ORIENTED_EDGE('',*,*,#1906,.F.);
#1908=ORIENTED_EDGE('',*,*,#1874,.F.);
#1910=ORIENTED_EDGE('',*,*,#1909,.F.);
#1911=EDGE_LOOP('',(#1905,#1907,#1908,#1910));
#1912=FACE_OUTER_BOUND('',#1911,.F.);
#1914=CARTESIAN_POINT('',(-2.018571473746E-3,0.E0,-7.264437179028E-1));
#1915=DIRECTION('',(0.E0,1.E0,0.E0));
#1916=DIRECTION('',(1.E0,0.E0,0.E0));
#1917=AXIS2_PLACEMENT_3D('',#1914,#1915,#1916);
#1918=CYLINDRICAL_SURFACE('',#1917,5.103E-1);
#1919=ORIENTED_EDGE('',*,*,#1735,.F.);
#1921=ORIENTED_EDGE('',*,*,#1920,.T.);
#1922=ORIENTED_EDGE('',*,*,#1876,.F.);
#1923=ORIENTED_EDGE('',*,*,#1906,.T.);
#1924=EDGE_LOOP('',(#1919,#1921,#1922,#1923));
#1925=FACE_OUTER_BOUND('',#1924,.F.);
#1927=CARTESIAN_POINT('',(-5.123185714737E-1,0.E0,7.264437179028E-1));
#1928=DIRECTION('',(1.E0,0.E0,0.E0));
#1929=DIRECTION('',(0.E0,0.E0,-1.E0));
#1930=AXIS2_PLACEMENT_3D('',#1927,#1928,#1929);
#1931=PLANE('',#1930);
#1932=ORIENTED_EDGE('',*,*,#1733,.T.);
#1934=ORIENTED_EDGE('',*,*,#1933,.F.);
#1935=ORIENTED_EDGE('',*,*,#1878,.F.);
#1936=ORIENTED_EDGE('',*,*,#1920,.F.);
#1937=EDGE_LOOP('',(#1932,#1934,#1935,#1936));
#1938=FACE_OUTER_BOUND('',#1937,.F.);
#1940=CARTESIAN_POINT('',(-2.018571473746E-3,0.E0,7.264437179028E-1));
#1941=DIRECTION('',(0.E0,1.E0,0.E0));
#1942=DIRECTION('',(1.E0,0.E0,0.E0));
#1943=AXIS2_PLACEMENT_3D('',#1940,#1941,#1942);
#1944=CYLINDRICAL_SURFACE('',#1943,5.103E-1);
#1945=ORIENTED_EDGE('',*,*,#1731,.F.);
#1947=ORIENTED_EDGE('',*,*,#1946,.T.);
#1948=ORIENTED_EDGE('',*,*,#1880,.F.);
#1949=ORIENTED_EDGE('',*,*,#1933,.T.);
#1950=EDGE_LOOP('',(#1945,#1947,#1948,#1949));
#1951=FACE_OUTER_BOUND('',#1950,.F.);
#1953=CARTESIAN_POINT('',(2.018571473746E-3,0.E0,1.236743717903E0));
#1954=DIRECTION('',(0.E0,0.E0,-1.E0));
#1955=DIRECTION('',(-1.E0,0.E0,0.E0));
#1956=AXIS2_PLACEMENT_3D('',#1953,#1954,#1955);
#1957=PLANE('',#1956);
#1958=ORIENTED_EDGE('',*,*,#1729,.T.);
#1960=ORIENTED_EDGE('',*,*,#1959,.F.);
#1961=ORIENTED_EDGE('',*,*,#1882,.F.);
#1962=ORIENTED_EDGE('',*,*,#1946,.F.);
#1963=EDGE_LOOP('',(#1958,#1960,#1961,#1962));
#1964=FACE_OUTER_BOUND('',#1963,.F.);
#1966=CARTESIAN_POINT('',(2.018571473746E-3,0.E0,7.264437179028E-1));
#1967=DIRECTION('',(0.E0,1.E0,0.E0));
#1968=DIRECTION('',(1.E0,0.E0,0.E0));
#1969=AXIS2_PLACEMENT_3D('',#1966,#1967,#1968);
#1970=CYLINDRICAL_SURFACE('',#1969,5.103E-1);
#1971=ORIENTED_EDGE('',*,*,#1727,.F.);
#1973=ORIENTED_EDGE('',*,*,#1972,.T.);
#1974=ORIENTED_EDGE('',*,*,#1884,.F.);
#1975=ORIENTED_EDGE('',*,*,#1959,.T.);
#1976=EDGE_LOOP('',(#1971,#1973,#1974,#1975));
#1977=FACE_OUTER_BOUND('',#1976,.F.);
#1979=CARTESIAN_POINT('',(5.123185714737E-1,0.E0,-7.264437179028E-1));
#1980=DIRECTION('',(-1.E0,0.E0,0.E0));
#1981=DIRECTION('',(0.E0,0.E0,1.E0));
#1982=AXIS2_PLACEMENT_3D('',#1979,#1980,#1981);
#1983=PLANE('',#1982);
#1984=ORIENTED_EDGE('',*,*,#1725,.T.);
#1986=ORIENTED_EDGE('',*,*,#1985,.F.);
#1987=ORIENTED_EDGE('',*,*,#1886,.F.);
#1988=ORIENTED_EDGE('',*,*,#1972,.F.);
#1989=EDGE_LOOP('',(#1984,#1986,#1987,#1988));
#1990=FACE_OUTER_BOUND('',#1989,.F.);
#1992=CARTESIAN_POINT('',(2.018571473746E-3,0.E0,-7.264437179028E-1));
#1993=DIRECTION('',(0.E0,1.E0,0.E0));
#1994=DIRECTION('',(1.E0,0.E0,0.E0));
#1995=AXIS2_PLACEMENT_3D('',#1992,#1993,#1994);
#1996=CYLINDRICAL_SURFACE('',#1995,5.103E-1);
#1997=ORIENTED_EDGE('',*,*,#1723,.F.);
#1998=ORIENTED_EDGE('',*,*,#1909,.T.);
#1999=ORIENTED_EDGE('',*,*,#1888,.F.);
#2000=ORIENTED_EDGE('',*,*,#1985,.T.);
#2001=EDGE_LOOP('',(#1997,#1998,#1999,#2000));
#2002=FACE_OUTER_BOUND('',#2001,.F.);
#2004=CLOSED_SHELL('',(#1739,#1761,#1775,#1789,#1803,#1817,#1831,#1845,#1858,
#1892,#1913,#1926,#1939,#1952,#1965,#1978,#1991,#2003));
#2005=MANIFOLD_SOLID_BREP('',#2004);
#2008=PLANE_ANGLE_MEASURE_WITH_UNIT(PLANE_ANGLE_MEASURE(1.745329251994E-2),
#2007);
#2009=(CONVERSION_BASED_UNIT('DEGREE',#2008)NAMED_UNIT(*)PLANE_ANGLE_UNIT());
#2011=UNCERTAINTY_MEASURE_WITH_UNIT(LENGTH_MEASURE(3.803416391622E-4),#2006,
'distance_accuracy_value',
'Maximum model space distance between geometric entities at asserted connectivities');
#2013=CARTESIAN_POINT('',(0.E0,0.E0,0.E0));
#2014=DIRECTION('',(0.E0,0.E0,1.E0));
#2015=DIRECTION('',(1.E0,0.E0,0.E0));
#2018=PRODUCT_DEFINITION_CONTEXT('part definition',#1041,'design');
#2019=PRODUCT_CONTEXT('',#1041,'mechanical');
#2020=PRODUCT('YUAN10002000_9','YUAN10002000_9','NOT SPECIFIED',(#2019));
#2021=PRODUCT_DEFINITION_FORMATION('1','LAST_VERSION',#2020);
#2029=DERIVED_UNIT_ELEMENT(#2028,2.E0);
#2030=DERIVED_UNIT((#2029));
#2031=MEASURE_REPRESENTATION_ITEM('surface area measure',AREA_MEASURE(
5.911657215385E0),#2030);
#2036=DERIVED_UNIT_ELEMENT(#2035,3.E0);
#2037=DERIVED_UNIT((#2036));
#2038=MEASURE_REPRESENTATION_ITEM('volume measure',VOLUME_MEASURE(
3.256199302635E-2),#2037);
#2042=CARTESIAN_POINT('centre point',(0.E0,5.67E-3,0.E0));
#2047=DERIVED_UNIT_ELEMENT(#2046,2.E0);
#2048=DERIVED_UNIT((#2047));
#2049=MEASURE_REPRESENTATION_ITEM('surface area measure',AREA_MEASURE(
5.911657215385E0),#2048);
#2054=DERIVED_UNIT_ELEMENT(#2053,3.E0);
#2055=DERIVED_UNIT((#2054));
#2056=MEASURE_REPRESENTATION_ITEM('volume measure',VOLUME_MEASURE(
3.256199302635E-2),#2055);
#2060=CARTESIAN_POINT('centre point',(0.E0,5.67E-3,0.E0));
#2067=CARTESIAN_POINT('centre point',(4.904115400324E0,4.040658490725E1,
9.766537524303E-3));
#2071=CARTESIAN_POINT('',(4.904020322616E0,4.040658490725E1,1.543574031036E-2));
#2072=DIRECTION('',(-1.374966729576E-3,-9.999990544669E-1,-2.305944771686E-5));
#2073=DIRECTION('',(-9.998584524936E-1,1.375160079980E-3,-1.676853934989E-2));
#2074=AXIS2_PLACEMENT_3D('',#2071,#2072,#2073);
#2075=ITEM_DEFINED_TRANSFORMATION('','',#2016,#2074);
#2076=CARTESIAN_POINT('',(0.E0,0.E0,0.E0));
#2077=DIRECTION('',(0.E0,0.E0,1.E0));
#2078=DIRECTION('',(1.E0,0.E0,0.E0));
#2080=(REPRESENTATION_RELATIONSHIP('','',#2017,#1092)REPRESENTATION_RELATIONSHIP_WITH_TRANSFORMATION(#2075)SHAPE_REPRESENTATION_RELATIONSHIP());
#2081=CONTEXT_DEPENDENT_SHAPE_REPRESENTATION(#2080,#2066);
#2084=CARTESIAN_POINT('centre point',(4.893826634126E0,3.292367186819E1,
9.593985519163E-3));
#2088=CARTESIAN_POINT('',(4.893731556418E0,3.292367186819E1,1.526318830522E-2));
#2089=DIRECTION('',(-1.374966729576E-3,-9.999990544669E-1,-2.305944771686E-5));
#2090=DIRECTION('',(-9.998584524936E-1,1.375160079980E-3,-1.676853934989E-2));
#2091=AXIS2_PLACEMENT_3D('',#2088,#2089,#2090);
#2092=ITEM_DEFINED_TRANSFORMATION('','',#2016,#2091);
#2093=CARTESIAN_POINT('',(0.E0,0.E0,0.E0));
#2094=DIRECTION('',(0.E0,0.E0,1.E0));
#2095=DIRECTION('',(1.E0,0.E0,0.E0));
#2097=(REPRESENTATION_RELATIONSHIP('','',#2017,#1092)REPRESENTATION_RELATIONSHIP_WITH_TRANSFORMATION(#2092)SHAPE_REPRESENTATION_RELATIONSHIP());
#2098=CONTEXT_DEPENDENT_SHAPE_REPRESENTATION(#2097,#2083);
#2101=PLANE_ANGLE_MEASURE_WITH_UNIT(PLANE_ANGLE_MEASURE(1.745329251994E-2),
#2100);
#2102=(CONVERSION_BASED_UNIT('DEGREE',#2101)NAMED_UNIT(*)PLANE_ANGLE_UNIT());
#2104=UNCERTAINTY_MEASURE_WITH_UNIT(LENGTH_MEASURE(4.707895805459E-3),#2099,
'distance_accuracy_value',
'Maximum model space distance between geometric entities at asserted connectivities');
#2106=CARTESIAN_POINT('',(0.E0,0.E0,0.E0));
#2107=DIRECTION('',(0.E0,0.E0,1.E0));
#2108=DIRECTION('',(1.E0,0.E0,0.E0));
#2110=PRODUCT_CONTEXT('',#1041,'mechanical');
#2111=PRODUCT('ASM0015_ASM_1_ASM','ASM0015_ASM_1_ASM','NOT SPECIFIED',(#2110));
#2112=PRODUCT_DEFINITION_FORMATION('1','LAST_VERSION',#2111);
#2115=DERIVED_UNIT_ELEMENT(#2114,2.E0);
#2116=DERIVED_UNIT((#2115));
#2117=MEASURE_REPRESENTATION_ITEM('surface area measure',AREA_MEASURE(
1.000882606428E3),#2116);
#2122=DERIVED_UNIT_ELEMENT(#2121,3.E0);
#2123=DERIVED_UNIT((#2122));
#2124=MEASURE_REPRESENTATION_ITEM('volume measure',VOLUME_MEASURE(
1.572465210031E3),#2123);
#2128=CARTESIAN_POINT('centre point',(4.999995763085E0,3.478504316185E1,
-5.001120077278E0));
#2137=CARTESIAN_POINT('centre point',(4.999995763085E0,3.478504316185E1,
-5.001120077278E0));
#2141=CARTESIAN_POINT('',(0.E0,0.E0,0.E0));
#2142=DIRECTION('',(0.E0,0.E0,1.E0));
#2143=DIRECTION('',(1.E0,0.E0,0.E0));
#2144=AXIS2_PLACEMENT_3D('',#2141,#2142,#2143);
#2145=ITEM_DEFINED_TRANSFORMATION('','',#1107,#2144);
#2146=(REPRESENTATION_RELATIONSHIP('','',#1092,#2134)REPRESENTATION_RELATIONSHIP_WITH_TRANSFORMATION(#2145)SHAPE_REPRESENTATION_RELATIONSHIP());
#2147=CONTEXT_DEPENDENT_SHAPE_REPRESENTATION(#2146,#2136);
#2150=PLANE_ANGLE_MEASURE_WITH_UNIT(PLANE_ANGLE_MEASURE(1.745329251994E-2),
#2149);
#2151=(CONVERSION_BASED_UNIT('DEGREE',#2150)NAMED_UNIT(*)PLANE_ANGLE_UNIT());
#2153=UNCERTAINTY_MEASURE_WITH_UNIT(LENGTH_MEASURE(4.707895805459E-3),#2148,
'distance_accuracy_value',
'Maximum model space distance between geometric entities at asserted connectivities');
#2155=CARTESIAN_POINT('',(0.E0,0.E0,0.E0));
#2156=DIRECTION('',(0.E0,0.E0,1.E0));
#2157=DIRECTION('',(1.E0,0.E0,0.E0));
#2159=MECHANICAL_DESIGN_GEOMETRIC_PRESENTATION_REPRESENTATION('',(#470,#494,
#522,#543,#562,#594,#619,#650,#675,#700,#725,#748,#767,#792,#837,#859,#879,#908,
#930,#950,#967,#989,#1009,#1026,#1120,#1128,#1135,#1142,#1149,#1156,#1163,#1170,
#1178,#1185,#1193,#1200,#1239,#1261,#1282,#1303,#1323,#1342,#1111,#1746,#1899),
#2154);
#2160=PRODUCT_DEFINITION_CONTEXT('part definition',#1041,'design');
#2161=PRODUCT_CONTEXT('',#1041,'mechanical');
#2162=PRODUCT('10002000_ASM','10002000_ASM','NOT SPECIFIED',(#2161));
#2163=PRODUCT_DEFINITION_FORMATION('1','LAST_VERSION',#2162);
#2166=DERIVED_UNIT_ELEMENT(#2165,2.E0);
#2167=DERIVED_UNIT((#2166));
#2168=MEASURE_REPRESENTATION_ITEM('surface area measure',AREA_MEASURE(
1.000882606428E3),#2167);
#2173=DERIVED_UNIT_ELEMENT(#2172,3.E0);
#2174=DERIVED_UNIT((#2173));
#2175=MEASURE_REPRESENTATION_ITEM('volume measure',VOLUME_MEASURE(
1.572465210031E3),#2174);
#2179=CARTESIAN_POINT('centre point',(4.999995763085E0,3.478504316185E1,
-5.001120077278E0));
#2183=PRODUCT_RELATED_PRODUCT_CATEGORY('part','',(#2111,#2162,#1045,#1364,
#2020));
#1=DRAUGHTING_PRE_DEFINED_COLOUR('green');
#2=COLOUR_RGB('',1.1E-2,1.2E-2,1.E0);
#3=COLOUR_RGB('',1.607843137255E-1,1.607843137255E-1,1.803921568627E-1);
#4=COLOUR_RGB('',2.392156862745E-1,2.509803921569E-1,2.588235294118E-1);
#5=COLOUR_RGB('',4.1E-1,2.61589E-1,1.12848E-1);
#6=COLOUR_RGB('',4.941176470588E-1,3.215686274510E-1,3.215686274510E-1);
#7=COLOUR_RGB('',5.04854E-1,1.5455E-2,1.5455E-2);
#8=COLOUR_RGB('',5.176470588235E-1,3.372549019608E-1,3.490196078431E-1);
#9=COLOUR_RGB('',6.35294E-1,6.86275E-1,7.4902E-1);
#10=COLOUR_RGB('',6.40777E-1,6.40777E-1,6.40777E-1);
#11=COLOUR_RGB('',6.69062E-1,6.69903E-1,6.55217E-1);
#12=COLOUR_RGB('',7.843137254902E-1,7.843137254902E-1,2.078431372549E-1);
#13=COLOUR_RGB('',8.196078431373E-1,8.117647058824E-1,8.117647058824E-1);
#14=COLOUR_RGB('',8.588235294118E-1,8.705882352941E-1,3.098039215686E-1);
#15=COLOUR_RGB('',8.705882352941E-1,9.019607843137E-1,9.098039215686E-1);
#16=COLOUR_RGB('',9.21569E-1,7.05882E-1,4.70588E-1);
#17=DRAUGHTING_PRE_DEFINED_COLOUR('red');
#18=COLOUR_RGB('',1.E0,9.215686274510E-1,4.313725490196E-1);
#19=DRAUGHTING_PRE_DEFINED_COLOUR('yellow');
#20=COLOUR_RGB('',1.E0,1.E0,5.3E-1);
#21=COLOUR_RGB('',1.E0,1.E0,9.49E-1);
#22=DRAUGHTING_PRE_DEFINED_COLOUR('white');
#27=CIRCLE('',#26,4.749977422528E0);
#32=CIRCLE('',#31,4.749977422528E0);
#37=CIRCLE('',#36,4.749977422528E0);
#42=CIRCLE('',#41,3.7E0);
#47=CIRCLE('',#46,3.7E0);
#52=CIRCLE('',#51,4.749977422528E0);
#57=CIRCLE('',#56,2.5E-1);
#62=CIRCLE('',#61,4.999967160041E0);
#67=CIRCLE('',#66,4.781818181818E0);
#72=CIRCLE('',#71,4.781818181818E0);
#77=CIRCLE('',#76,8.E-1);
#82=CIRCLE('',#81,4.999967160041E0);
#87=CIRCLE('',#86,4.781818181818E0);
#92=CIRCLE('',#91,8.E-1);
#97=CIRCLE('',#96,2.5E-1);
#102=CIRCLE('',#101,3.E-1);
#107=CIRCLE('',#106,3.E-1);
#112=CIRCLE('',#111,4.781818181818E0);
#117=CIRCLE('',#116,4.781818181818E0);
#122=CIRCLE('',#121,3.E-1);
#127=CIRCLE('',#126,3.E-1);
#132=CIRCLE('',#131,4.781818181818E0);
#137=CIRCLE('',#136,4.781818181818E0);
#142=CIRCLE('',#141,5.E0);
#147=CIRCLE('',#146,5.E0);
#152=CIRCLE('',#151,4.781818181818E0);
#157=CIRCLE('',#156,4.781818181818E0);
#162=CIRCLE('',#161,8.E-1);
#167=CIRCLE('',#166,5.E0);
#172=CIRCLE('',#171,5.E0);
#181=CIRCLE('',#180,5.E0);
#186=CIRCLE('',#185,5.E0);
#191=CIRCLE('',#190,4.85E0);
#196=CIRCLE('',#195,1.5E-1);
#201=CIRCLE('',#200,5.E0);
#206=CIRCLE('',#205,5.E0);
#211=CIRCLE('',#210,4.85E0);
#216=CIRCLE('',#215,1.5E-1);
#225=CIRCLE('',#224,5.E0);
#230=CIRCLE('',#229,4.781818181818E0);
#235=CIRCLE('',#234,8.E-1);
#240=CIRCLE('',#239,4.85E0);
#245=CIRCLE('',#244,4.85E0);
#250=CIRCLE('',#249,3.5E0);
#255=CIRCLE('',#254,3.5E0);
#268=CIRCLE('',#267,3.5E0);
#273=CIRCLE('',#272,3.5E0);
#286=CIRCLE('',#285,3.7E0);
#291=CIRCLE('',#290,3.7E0);
#296=CIRCLE('',#295,3.E-1);
#301=CIRCLE('',#300,3.E-1);
#306=CIRCLE('',#305,3.E-1);
#311=CIRCLE('',#310,3.E-1);
#324=CIRCLE('',#323,3.E-1);
#329=CIRCLE('',#328,3.E-1);
#342=CIRCLE('',#341,3.E-1);
#347=CIRCLE('',#346,3.E-1);
#447=EDGE_CURVE('',#350,#351,#27,.T.);
#449=EDGE_CURVE('',#353,#351,#52,.T.);
#451=EDGE_CURVE('',#353,#355,#32,.T.);
#453=EDGE_CURVE('',#355,#350,#37,.T.);
#457=EDGE_CURVE('',#358,#359,#42,.T.);
#459=EDGE_CURVE('',#359,#358,#47,.T.);
#463=ADVANCED_FACE('',(#456,#462),#446,.F.);
#476=EDGE_CURVE('',#362,#363,#62,.T.);
#478=EDGE_CURVE('',#355,#362,#97,.T.);
#483=EDGE_CURVE('',#350,#363,#57,.T.);
#487=ADVANCED_FACE('',(#486),#475,.T.);
#501=EDGE_CURVE('',#365,#363,#92,.T.);
#503=EDGE_CURVE('',#367,#365,#137,.T.);
#505=EDGE_CURVE('',#369,#367,#132,.T.);
#507=EDGE_CURVE('',#369,#372,#67,.T.);
#509=EDGE_CURVE('',#372,#373,#72,.T.);
#511=EDGE_CURVE('',#373,#362,#77,.T.);
#515=ADVANCED_FACE('',(#514),#499,.T.);
#528=EDGE_CURVE('',#363,#362,#82,.T.);
#531=EDGE_CURVE('',#373,#365,#87,.T.);
#536=ADVANCED_FACE('',(#535),#527,.T.);
#555=ADVANCED_FACE('',(#554),#548,.T.);
#568=EDGE_CURVE('',#376,#377,#107,.T.);
#570=EDGE_CURVE('',#365,#376,#102,.T.);
#575=EDGE_CURVE('',#379,#369,#127,.T.);
#577=EDGE_CURVE('',#381,#379,#122,.T.);
#579=EDGE_CURVE('',#383,#381,#157,.T.);
#581=EDGE_CURVE('',#385,#383,#152,.T.);
#583=EDGE_CURVE('',#377,#385,#230,.T.);
#587=ADVANCED_FACE('',(#586),#567,.F.);
#602=EDGE_CURVE('',#377,#387,#112,.T.);
#604=EDGE_CURVE('',#387,#381,#117,.T.);
#612=ADVANCED_FACE('',(#611),#599,.F.);
#625=EDGE_CURVE('',#390,#391,#142,.T.);
#627=EDGE_CURVE('',#391,#393,#147,.T.);
#629=EDGE_CURVE('',#385,#393,#235,.T.);
#635=EDGE_CURVE('',#377,#395,#162,.T.);
#637=EDGE_CURVE('',#395,#397,#167,.T.);
#639=EDGE_CURVE('',#397,#390,#172,.T.);
#643=ADVANCED_FACE('',(#642),#624,.T.);
#656=EDGE_CURVE('',#401,#403,#186,.T.);
#658=EDGE_CURVE('',#400,#401,#181,.T.);
#660=EDGE_CURVE('',#400,#393,#176,.T.);
#664=EDGE_CURVE('',#403,#390,#220,.T.);
#668=ADVANCED_FACE('',(#667),#655,.T.);
#683=EDGE_CURVE('',#405,#403,#216,.T.);
#685=EDGE_CURVE('',#405,#409,#191,.T.);
#687=EDGE_CURVE('',#408,#409,#240,.T.);
#689=EDGE_CURVE('',#408,#400,#196,.T.);
#693=ADVANCED_FACE('',(#692),#680,.T.);
#706=EDGE_CURVE('',#403,#411,#201,.T.);
#708=EDGE_CURVE('',#411,#400,#206,.T.);
#711=EDGE_CURVE('',#408,#413,#211,.T.);
#713=EDGE_CURVE('',#405,#413,#245,.T.);
#718=ADVANCED_FACE('',(#717),#705,.T.);
#736=EDGE_CURVE('',#393,#395,#225,.T.);
#741=ADVANCED_FACE('',(#740),#730,.T.);
#760=ADVANCED_FACE('',(#759),#753,.T.);
#779=EDGE_CURVE('',#416,#417,#250,.T.);
#781=EDGE_CURVE('',#417,#416,#255,.T.);
#785=ADVANCED_FACE('',(#778,#784),#772,.T.);
#799=EDGE_CURVE('',#419,#416,#263,.T.);
#801=EDGE_CURVE('',#421,#419,#268,.T.);
#803=EDGE_CURVE('',#421,#417,#259,.T.);
#807=ADVANCED_FACE('',(#806),#797,.F.);
#815=EDGE_CURVE('',#419,#421,#273,.T.);
#820=ADVANCED_FACE('',(#819),#812,.F.);
#830=ADVANCED_FACE('',(#829),#825,.T.);
#844=EDGE_CURVE('',#423,#358,#281,.T.);
#846=EDGE_CURVE('',#425,#423,#286,.T.);
#848=EDGE_CURVE('',#425,#359,#277,.T.);
#852=ADVANCED_FACE('',(#851),#842,.F.);
#867=EDGE_CURVE('',#423,#425,#291,.T.);
#872=ADVANCED_FACE('',(#871),#864,.F.);
#889=EDGE_CURVE('',#428,#429,#296,.T.);
#891=EDGE_CURVE('',#429,#428,#301,.T.);
#895=EDGE_CURVE('',#432,#433,#306,.T.);
#897=EDGE_CURVE('',#433,#432,#311,.T.);
#901=ADVANCED_FACE('',(#888,#894,#900),#884,.T.);
#915=EDGE_CURVE('',#435,#428,#319,.T.);
#917=EDGE_CURVE('',#437,#435,#324,.T.);
#919=EDGE_CURVE('',#437,#429,#315,.T.);
#923=ADVANCED_FACE('',(#922),#913,.T.);
#938=EDGE_CURVE('',#435,#437,#329,.T.);
#943=ADVANCED_FACE('',(#942),#935,.T.);
#960=ADVANCED_FACE('',(#959),#955,.T.);
#974=EDGE_CURVE('',#439,#432,#337,.T.);
#976=EDGE_CURVE('',#441,#439,#342,.T.);
#978=EDGE_CURVE('',#441,#433,#333,.T.);
#982=ADVANCED_FACE('',(#981),#972,.T.);
#997=EDGE_CURVE('',#439,#441,#347,.T.);
#1002=ADVANCED_FACE('',(#1001),#994,.T.);
#1019=ADVANCED_FACE('',(#1018),#1014,.T.);
#1029=(LENGTH_UNIT()NAMED_UNIT(*)SI_UNIT(.MILLI.,.METRE.));
#1030=(NAMED_UNIT(*)PLANE_ANGLE_UNIT()SI_UNIT($,.RADIAN.));
#1033=(NAMED_UNIT(*)SI_UNIT($,.STERADIAN.)SOLID_ANGLE_UNIT());
#1035=(GEOMETRIC_REPRESENTATION_CONTEXT(3)GLOBAL_UNCERTAINTY_ASSIGNED_CONTEXT((
#1034))GLOBAL_UNIT_ASSIGNED_CONTEXT((#1029,#1032,#1033))REPRESENTATION_CONTEXT(
'ID1','3'));
#1039=AXIS2_PLACEMENT_3D('',#1036,#1037,#1038);
#1040=ADVANCED_BREP_SHAPE_REPRESENTATION('',(#1039,#1028),#1035);
#1047=PRODUCT_DEFINITION('part definition','',#1046,#1043);
#1048=PRODUCT_DEFINITION_SHAPE('','SHAPE FOR 0100200000_75.',#1047);
#1049=SHAPE_ASPECT('','solid data associated with 0100200000_75',#1048,.F.);
#1050=PROPERTY_DEFINITION('',
'shape for solid data with which properties are associated',#1049);
#1051=SHAPE_REPRESENTATION('',(#1028),#1035);
#1052=SHAPE_DEFINITION_REPRESENTATION(#1050,#1051);
#1053=(LENGTH_UNIT()NAMED_UNIT(*)SI_UNIT(.MILLI.,.METRE.));
#1057=PROPERTY_DEFINITION('geometric validation property',
'area of 0100200000_75',#1049);
#1058=REPRESENTATION('surface area',(#1056),#1035);
#1059=PROPERTY_DEFINITION_REPRESENTATION(#1057,#1058);
#1060=(LENGTH_UNIT()NAMED_UNIT(*)SI_UNIT(.MILLI.,.METRE.));
#1064=PROPERTY_DEFINITION('geometric validation property',
'volume of 0100200000_75',#1049);
#1065=REPRESENTATION('volume',(#1063),#1035);
#1066=PROPERTY_DEFINITION_REPRESENTATION(#1064,#1065);
#1068=PROPERTY_DEFINITION('geometric validation property',
'centroid of 0100200000_75',#1049);
#1069=REPRESENTATION('centroid',(#1067),#1035);
#1070=PROPERTY_DEFINITION_REPRESENTATION(#1068,#1069);
#1071=(LENGTH_UNIT()NAMED_UNIT(*)SI_UNIT(.MILLI.,.METRE.));
#1075=PROPERTY_DEFINITION('geometric validation property',
'area of 0100200000_75',#1048);
#1076=REPRESENTATION('surface area',(#1074),#1035);
#1077=PROPERTY_DEFINITION_REPRESENTATION(#1075,#1076);
#1078=(LENGTH_UNIT()NAMED_UNIT(*)SI_UNIT(.MILLI.,.METRE.));
#1082=PROPERTY_DEFINITION('geometric validation property',
'volume of 0100200000_75',#1048);
#1083=REPRESENTATION('volume',(#1081),#1035);
#1084=PROPERTY_DEFINITION_REPRESENTATION(#1082,#1083);
#1086=PROPERTY_DEFINITION('geometric validation property',
'centroid of 0100200000_75',#1048);
#1087=REPRESENTATION('centroid',(#1085),#1035);
#1088=PROPERTY_DEFINITION_REPRESENTATION(#1086,#1087);
#1089=SHAPE_DEFINITION_REPRESENTATION(#1048,#1040);
#1090=SHAPE_DEFINITION_REPRESENTATION(#1091,#1092);
#1091=PRODUCT_DEFINITION_SHAPE('','SHAPE FOR ASM0015_ASM_1_ASM.',#2113);
#1092=SHAPE_REPRESENTATION('',(#1107,#1102,#1423,#1418,#2079,#2074,#2096,#2091,
#2109),#2105);
#1093=NEXT_ASSEMBLY_USAGE_OCCURRENCE('0','Next assembly relationship',
'_X2_5F157EBF_X0_01002000',#2113,#1047,$);
#1094=PRODUCT_DEFINITION_SHAPE('Placement #0',
'Placement of 0100200000_75 with respect to ASM0015_ASM_1_ASM',#1093);
#1096=PROPERTY_DEFINITION('geometric validation property',
'centroid of _X2_5F157EBF_X0_01002000',#1094);
#1097=REPRESENTATION('centroid',(#1095),#1035);
#1098=PROPERTY_DEFINITION_REPRESENTATION(#1096,#1097);
#1107=AXIS2_PLACEMENT_3D('',#1104,#1105,#1106);
#1110=COLOUR_RGB('',1.9E-1,1.9E-1,2.2E-1);
#1116=CIRCLE('',#1115,5.E0);
#1125=CIRCLE('',#1124,5.005E0);
#1175=CIRCLE('',#1174,5.E0);
#1190=CIRCLE('',#1189,5.005E0);
#1222=EDGE_CURVE('',#1203,#1204,#1116,.T.);
#1224=EDGE_CURVE('',#1206,#1204,#1167,.T.);
#1226=EDGE_CURVE('',#1206,#1208,#1125,.T.);
#1228=EDGE_CURVE('',#1203,#1208,#1146,.T.);
#1232=ADVANCED_FACE('',(#1231),#1221,.F.);
#1246=EDGE_CURVE('',#1203,#1210,#1132,.T.);
#1248=EDGE_CURVE('',#1212,#1210,#1175,.T.);
#1250=EDGE_CURVE('',#1212,#1204,#1139,.T.);
#1254=ADVANCED_FACE('',(#1253),#1244,.F.);
#1268=EDGE_CURVE('',#1214,#1208,#1160,.T.);
#1270=EDGE_CURVE('',#1210,#1214,#1182,.T.);
#1275=ADVANCED_FACE('',(#1274),#1266,.T.);
#1289=EDGE_CURVE('',#1206,#1216,#1153,.T.);
#1291=EDGE_CURVE('',#1214,#1216,#1190,.T.);
#1296=ADVANCED_FACE('',(#1295),#1287,.T.);
#1311=EDGE_CURVE('',#1216,#1212,#1197,.T.);
#1316=ADVANCED_FACE('',(#1315),#1308,.T.);
#1335=ADVANCED_FACE('',(#1334),#1328,.T.);
#1351=(LENGTH_UNIT()NAMED_UNIT(*)SI_UNIT(.MILLI.,.METRE.));
#1352=(NAMED_UNIT(*)PLANE_ANGLE_UNIT()SI_UNIT($,.RADIAN.));
#1355=(NAMED_UNIT(*)SI_UNIT($,.STERADIAN.)SOLID_ANGLE_UNIT());
#1357=(GEOMETRIC_REPRESENTATION_CONTEXT(3)GLOBAL_UNCERTAINTY_ASSIGNED_CONTEXT((
#1356))GLOBAL_UNIT_ASSIGNED_CONTEXT((#1351,#1354,#1355))REPRESENTATION_CONTEXT(
'ID2','3'));
#1361=AXIS2_PLACEMENT_3D('',#1358,#1359,#1360);
#1362=ADVANCED_BREP_SHAPE_REPRESENTATION('',(#1361,#1344),#1357);
#1366=PRODUCT_DEFINITION('part definition','',#1365,#1043);
#1367=PRODUCT_DEFINITION_SHAPE('','SHAPE FOR PRT10002000_2.',#1366);
#1368=SHAPE_ASPECT('','solid data associated with PRT10002000_2',#1367,.F.);
#1369=PROPERTY_DEFINITION('',
'shape for solid data with which properties are associated',#1368);
#1370=SHAPE_REPRESENTATION('',(#1344),#1357);
#1371=SHAPE_DEFINITION_REPRESENTATION(#1369,#1370);
#1372=(LENGTH_UNIT()NAMED_UNIT(*)SI_UNIT(.MILLI.,.METRE.));
#1376=PROPERTY_DEFINITION('geometric validation property',
'area of PRT10002000_2',#1368);
#1377=REPRESENTATION('surface area',(#1375),#1357);
#1378=PROPERTY_DEFINITION_REPRESENTATION(#1376,#1377);
#1379=(LENGTH_UNIT()NAMED_UNIT(*)SI_UNIT(.MILLI.,.METRE.));
#1383=PROPERTY_DEFINITION('geometric validation property',
'volume of PRT10002000_2',#1368);
#1384=REPRESENTATION('volume',(#1382),#1357);
#1385=PROPERTY_DEFINITION_REPRESENTATION(#1383,#1384);
#1387=PROPERTY_DEFINITION('geometric validation property',
'centroid of PRT10002000_2',#1368);
#1388=REPRESENTATION('centroid',(#1386),#1357);
#1389=PROPERTY_DEFINITION_REPRESENTATION(#1387,#1388);
#1390=(LENGTH_UNIT()NAMED_UNIT(*)SI_UNIT(.MILLI.,.METRE.));
#1394=PROPERTY_DEFINITION('geometric validation property',
'area of PRT10002000_2',#1367);
#1395=REPRESENTATION('surface area',(#1393),#1357);
#1396=PROPERTY_DEFINITION_REPRESENTATION(#1394,#1395);
#1397=(LENGTH_UNIT()NAMED_UNIT(*)SI_UNIT(.MILLI.,.METRE.));
#1401=PROPERTY_DEFINITION('geometric validation property',
'volume of PRT10002000_2',#1367);
#1402=REPRESENTATION('volume',(#1400),#1357);
#1403=PROPERTY_DEFINITION_REPRESENTATION(#1401,#1402);
#1405=PROPERTY_DEFINITION('geometric validation property',
'centroid of PRT10002000_2',#1367);
#1406=REPRESENTATION('centroid',(#1404),#1357);
#1407=PROPERTY_DEFINITION_REPRESENTATION(#1405,#1406);
#1408=SHAPE_DEFINITION_REPRESENTATION(#1367,#1362);
#1409=NEXT_ASSEMBLY_USAGE_OCCURRENCE('1','Next assembly relationship',
'PRT10002000',#2113,#1366,$);
#1410=PRODUCT_DEFINITION_SHAPE('Placement #1',
'Placement of PRT10002000_2 with respect to ASM0015_ASM_1_ASM',#1409);
#1412=PROPERTY_DEFINITION('geometric validation property',
'centroid of PRT10002000',#1410);
#1413=REPRESENTATION('centroid',(#1411),#1357);
#1414=PROPERTY_DEFINITION_REPRESENTATION(#1412,#1413);
#1423=AXIS2_PLACEMENT_3D('',#1420,#1421,#1422);
#1430=CIRCLE('',#1429,8.3916E-1);
#1435=CIRCLE('',#1434,8.3916E-1);
#1440=CIRCLE('',#1439,8.3916E-1);
#1445=CIRCLE('',#1444,8.3916E-1);
#1450=CIRCLE('',#1449,5.103E-1);
#1455=CIRCLE('',#1454,5.103E-1);
#1460=CIRCLE('',#1459,5.103E-1);
#1465=CIRCLE('',#1464,5.103E-1);
#1518=CIRCLE('',#1517,8.3916E-1);
#1527=CIRCLE('',#1526,8.3916E-1);
#1536=CIRCLE('',#1535,8.3916E-1);
#1545=CIRCLE('',#1544,8.3916E-1);
#1558=CIRCLE('',#1557,5.103E-1);
#1567=CIRCLE('',#1566,5.103E-1);
#1576=CIRCLE('',#1575,5.103E-1);
#1585=CIRCLE('',#1584,5.103E-1);
#1703=EDGE_CURVE('',#1636,#1637,#1430,.T.);
#1705=EDGE_CURVE('',#1639,#1637,#1513,.T.);
#1707=EDGE_CURVE('',#1639,#1641,#1435,.T.);
#1709=EDGE_CURVE('',#1643,#1641,#1501,.T.);
#1711=EDGE_CURVE('',#1643,#1645,#1440,.T.);
#1713=EDGE_CURVE('',#1647,#1645,#1489,.T.);
#1715=EDGE_CURVE('',#1647,#1649,#1445,.T.);
#1717=EDGE_CURVE('',#1636,#1649,#1477,.T.);
#1721=EDGE_CURVE('',#1652,#1653,#1589,.T.);
#1723=EDGE_CURVE('',#1652,#1655,#1450,.T.);
#1725=EDGE_CURVE('',#1657,#1655,#1625,.T.);
#1727=EDGE_CURVE('',#1657,#1659,#1455,.T.);
#1729=EDGE_CURVE('',#1661,#1659,#1613,.T.);
#1731=EDGE_CURVE('',#1661,#1663,#1460,.T.);
#1733=EDGE_CURVE('',#1665,#1663,#1601,.T.);
#1735=EDGE_CURVE('',#1665,#1653,#1465,.T.);
#1739=ADVANCED_FACE('',(#1720,#1738),#1702,.F.);
#1753=EDGE_CURVE('',#1636,#1667,#1469,.T.);
#1755=EDGE_CURVE('',#1669,#1667,#1518,.T.);
#1757=EDGE_CURVE('',#1669,#1637,#1473,.T.);
#1761=ADVANCED_FACE('',(#1760),#1751,.T.);
#1768=EDGE_CURVE('',#1671,#1649,#1485,.T.);
#1770=EDGE_CURVE('',#1667,#1671,#1522,.T.);
#1775=ADVANCED_FACE('',(#1774),#1766,.T.);
#1782=EDGE_CURVE('',#1647,#1673,#1481,.T.);
#1784=EDGE_CURVE('',#1671,#1673,#1527,.T.);
#1789=ADVANCED_FACE('',(#1788),#1780,.T.);
#1796=EDGE_CURVE('',#1675,#1645,#1497,.T.);
#1798=EDGE_CURVE('',#1673,#1675,#1531,.T.);
#1803=ADVANCED_FACE('',(#1802),#1794,.T.);
#1810=EDGE_CURVE('',#1643,#1677,#1493,.T.);
#1812=EDGE_CURVE('',#1675,#1677,#1536,.T.);
#1817=ADVANCED_FACE('',(#1816),#1808,.T.);
#1824=EDGE_CURVE('',#1679,#1641,#1509,.T.);
#1826=EDGE_CURVE('',#1677,#1679,#1540,.T.);
#1831=ADVANCED_FACE('',(#1830),#1822,.T.);
#1838=EDGE_CURVE('',#1639,#1681,#1505,.T.);
#1840=EDGE_CURVE('',#1679,#1681,#1545,.T.);
#1845=ADVANCED_FACE('',(#1844),#1836,.T.);
#1853=EDGE_CURVE('',#1681,#1669,#1549,.T.);
#1858=ADVANCED_FACE('',(#1857),#1850,.T.);
#1874=EDGE_CURVE('',#1684,#1685,#1553,.T.);
#1876=EDGE_CURVE('',#1685,#1687,#1558,.T.);
#1878=EDGE_CURVE('',#1687,#1689,#1562,.T.);
#1880=EDGE_CURVE('',#1689,#1691,#1567,.T.);
#1882=EDGE_CURVE('',#1691,#1693,#1571,.T.);
#1884=EDGE_CURVE('',#1693,#1695,#1576,.T.);
#1886=EDGE_CURVE('',#1695,#1697,#1580,.T.);
#1888=EDGE_CURVE('',#1697,#1684,#1585,.T.);
#1892=ADVANCED_FACE('',(#1873,#1891),#1863,.T.);
#1906=EDGE_CURVE('',#1685,#1653,#1597,.T.);
#1909=EDGE_CURVE('',#1652,#1684,#1629,.T.);
#1913=ADVANCED_FACE('',(#1912),#1904,.T.);
#1920=EDGE_CURVE('',#1665,#1687,#1593,.T.);
#1926=ADVANCED_FACE('',(#1925),#1918,.F.);
#1933=EDGE_CURVE('',#1689,#1663,#1609,.T.);
#1939=ADVANCED_FACE('',(#1938),#1931,.T.);
#1946=EDGE_CURVE('',#1661,#1691,#1605,.T.);
#1952=ADVANCED_FACE('',(#1951),#1944,.F.);
#1959=EDGE_CURVE('',#1693,#1659,#1621,.T.);
#1965=ADVANCED_FACE('',(#1964),#1957,.T.);
#1972=EDGE_CURVE('',#1657,#1695,#1617,.T.);
#1978=ADVANCED_FACE('',(#1977),#1970,.F.);
#1985=EDGE_CURVE('',#1697,#1655,#1633,.T.);
#1991=ADVANCED_FACE('',(#1990),#1983,.T.);
#2003=ADVANCED_FACE('',(#2002),#1996,.F.);
#2006=(LENGTH_UNIT()NAMED_UNIT(*)SI_UNIT(.MILLI.,.METRE.));
#2007=(NAMED_UNIT(*)PLANE_ANGLE_UNIT()SI_UNIT($,.RADIAN.));
#2010=(NAMED_UNIT(*)SI_UNIT($,.STERADIAN.)SOLID_ANGLE_UNIT());
#2012=(GEOMETRIC_REPRESENTATION_CONTEXT(3)GLOBAL_UNCERTAINTY_ASSIGNED_CONTEXT((
#2011))GLOBAL_UNIT_ASSIGNED_CONTEXT((#2006,#2009,#2010))REPRESENTATION_CONTEXT(
'ID3','3'));
#2016=AXIS2_PLACEMENT_3D('',#2013,#2014,#2015);
#2017=ADVANCED_BREP_SHAPE_REPRESENTATION('',(#2016,#2005),#2012);
#2022=PRODUCT_DEFINITION('part definition','',#2021,#2018);
#2023=PRODUCT_DEFINITION_SHAPE('','SHAPE FOR YUAN10002000_9.',#2022);
#2024=SHAPE_ASPECT('','solid data associated with YUAN10002000_9',#2023,.F.);
#2025=PROPERTY_DEFINITION('',
'shape for solid data with which properties are associated',#2024);
#2026=SHAPE_REPRESENTATION('',(#2005),#2012);
#2027=SHAPE_DEFINITION_REPRESENTATION(#2025,#2026);
#2028=(LENGTH_UNIT()NAMED_UNIT(*)SI_UNIT(.MILLI.,.METRE.));
#2032=PROPERTY_DEFINITION('geometric validation property',
'area of YUAN10002000_9',#2024);
#2033=REPRESENTATION('surface area',(#2031),#2012);
#2034=PROPERTY_DEFINITION_REPRESENTATION(#2032,#2033);
#2035=(LENGTH_UNIT()NAMED_UNIT(*)SI_UNIT(.MILLI.,.METRE.));
#2039=PROPERTY_DEFINITION('geometric validation property',
'volume of YUAN10002000_9',#2024);
#2040=REPRESENTATION('volume',(#2038),#2012);
#2041=PROPERTY_DEFINITION_REPRESENTATION(#2039,#2040);
#2043=PROPERTY_DEFINITION('geometric validation property',
'centroid of YUAN10002000_9',#2024);
#2044=REPRESENTATION('centroid',(#2042),#2012);
#2045=PROPERTY_DEFINITION_REPRESENTATION(#2043,#2044);
#2046=(LENGTH_UNIT()NAMED_UNIT(*)SI_UNIT(.MILLI.,.METRE.));
#2050=PROPERTY_DEFINITION('geometric validation property',
'area of YUAN10002000_9',#2023);
#2051=REPRESENTATION('surface area',(#2049),#2012);
#2052=PROPERTY_DEFINITION_REPRESENTATION(#2050,#2051);
#2053=(LENGTH_UNIT()NAMED_UNIT(*)SI_UNIT(.MILLI.,.METRE.));
#2057=PROPERTY_DEFINITION('geometric validation property',
'volume of YUAN10002000_9',#2023);
#2058=REPRESENTATION('volume',(#2056),#2012);
#2059=PROPERTY_DEFINITION_REPRESENTATION(#2057,#2058);
#2061=PROPERTY_DEFINITION('geometric validation property',
'centroid of YUAN10002000_9',#2023);
#2062=REPRESENTATION('centroid',(#2060),#2012);
#2063=PROPERTY_DEFINITION_REPRESENTATION(#2061,#2062);
#2064=SHAPE_DEFINITION_REPRESENTATION(#2023,#2017);
#2065=NEXT_ASSEMBLY_USAGE_OCCURRENCE('2','Next assembly relationship',
'YUAN10002000',#2113,#2022,$);
#2066=PRODUCT_DEFINITION_SHAPE('Placement #2',
'Placement of YUAN10002000_9 with respect to ASM0015_ASM_1_ASM',#2065);
#2068=PROPERTY_DEFINITION('geometric validation property',
'centroid of YUAN10002000',#2066);
#2069=REPRESENTATION('centroid',(#2067),#2012);
#2070=PROPERTY_DEFINITION_REPRESENTATION(#2068,#2069);
#2079=AXIS2_PLACEMENT_3D('',#2076,#2077,#2078);
#2082=NEXT_ASSEMBLY_USAGE_OCCURRENCE('3','Next assembly relationship',
'YUAN10002000_9',#2113,#2022,$);
#2083=PRODUCT_DEFINITION_SHAPE('Placement #3',
'Placement of YUAN10002000_9 with respect to ASM0015_ASM_1_ASM',#2082);
#2085=PROPERTY_DEFINITION('geometric validation property',
'centroid of YUAN10002000_9',#2083);
#2086=REPRESENTATION('centroid',(#2084),#2012);
#2087=PROPERTY_DEFINITION_REPRESENTATION(#2085,#2086);
#2096=AXIS2_PLACEMENT_3D('',#2093,#2094,#2095);
#2099=(LENGTH_UNIT()NAMED_UNIT(*)SI_UNIT(.MILLI.,.METRE.));
#2100=(NAMED_UNIT(*)PLANE_ANGLE_UNIT()SI_UNIT($,.RADIAN.));
#2103=(NAMED_UNIT(*)SI_UNIT($,.STERADIAN.)SOLID_ANGLE_UNIT());
#2105=(GEOMETRIC_REPRESENTATION_CONTEXT(3)GLOBAL_UNCERTAINTY_ASSIGNED_CONTEXT((
#2104))GLOBAL_UNIT_ASSIGNED_CONTEXT((#2099,#2102,#2103))REPRESENTATION_CONTEXT(
'ID4','3'));
#2109=AXIS2_PLACEMENT_3D('',#2106,#2107,#2108);
#2113=PRODUCT_DEFINITION('part definition','',#2112,#2018);
#2114=(LENGTH_UNIT()NAMED_UNIT(*)SI_UNIT(.MILLI.,.METRE.));
#2118=PROPERTY_DEFINITION('geometric validation property',
'area of ASM0015_ASM_1_ASM',#1091);
#2119=REPRESENTATION('surface area',(#2117),#2105);
#2120=PROPERTY_DEFINITION_REPRESENTATION(#2118,#2119);
#2121=(LENGTH_UNIT()NAMED_UNIT(*)SI_UNIT(.MILLI.,.METRE.));
#2125=PROPERTY_DEFINITION('geometric validation property',
'volume of ASM0015_ASM_1_ASM',#1091);
#2126=REPRESENTATION('volume',(#2124),#2105);
#2127=PROPERTY_DEFINITION_REPRESENTATION(#2125,#2126);
#2129=PROPERTY_DEFINITION('geometric validation property',
'centroid of ASM0015_ASM_1_ASM',#1091);
#2130=REPRESENTATION('centroid',(#2128),#2105);
#2131=PROPERTY_DEFINITION_REPRESENTATION(#2129,#2130);
#2132=SHAPE_DEFINITION_REPRESENTATION(#2133,#2134);
#2133=PRODUCT_DEFINITION_SHAPE('','SHAPE FOR 10002000_ASM.',#2164);
#2134=SHAPE_REPRESENTATION('',(#2144,#2158),#2154);
#2135=NEXT_ASSEMBLY_USAGE_OCCURRENCE('4','Next assembly relationship',
'ASM0015_ASM_1',#2164,#2113,$);
#2136=PRODUCT_DEFINITION_SHAPE('Placement #4',
'Placement of ASM0015_ASM_1_ASM with respect to 10002000_ASM',#2135);
#2138=PROPERTY_DEFINITION('geometric validation property',
'centroid of ASM0015_ASM_1',#2136);
#2139=REPRESENTATION('centroid',(#2137),#2105);
#2140=PROPERTY_DEFINITION_REPRESENTATION(#2138,#2139);
#2148=(LENGTH_UNIT()NAMED_UNIT(*)SI_UNIT(.MILLI.,.METRE.));
#2149=(NAMED_UNIT(*)PLANE_ANGLE_UNIT()SI_UNIT($,.RADIAN.));
#2152=(NAMED_UNIT(*)SI_UNIT($,.STERADIAN.)SOLID_ANGLE_UNIT());
#2154=(GEOMETRIC_REPRESENTATION_CONTEXT(3)GLOBAL_UNCERTAINTY_ASSIGNED_CONTEXT((
#2153))GLOBAL_UNIT_ASSIGNED_CONTEXT((#2148,#2151,#2152))REPRESENTATION_CONTEXT(
'ID5','3'));
#2158=AXIS2_PLACEMENT_3D('',#2155,#2156,#2157);
#2164=PRODUCT_DEFINITION('part definition','',#2163,#2160);
#2165=(LENGTH_UNIT()NAMED_UNIT(*)SI_UNIT(.MILLI.,.METRE.));
#2169=PROPERTY_DEFINITION('geometric validation property',
'area of 10002000_ASM',#2133);
#2170=REPRESENTATION('surface area',(#2168),#2154);
#2171=PROPERTY_DEFINITION_REPRESENTATION(#2169,#2170);
#2172=(LENGTH_UNIT()NAMED_UNIT(*)SI_UNIT(.MILLI.,.METRE.));
#2176=PROPERTY_DEFINITION('geometric validation property',
'volume of 10002000_ASM',#2133);
#2177=REPRESENTATION('volume',(#2175),#2154);
#2178=PROPERTY_DEFINITION_REPRESENTATION(#2176,#2177);
#2180=PROPERTY_DEFINITION('geometric validation property',
'centroid of 10002000_ASM',#2133);
#2181=REPRESENTATION('centroid',(#2179),#2154);
#2182=PROPERTY_DEFINITION_REPRESENTATION(#2180,#2181);
ENDSEC;
END-ISO-10303-21;
