ISO-10303-21;
HEADER;
FILE_DESCRIPTION((''),'2;1');
FILE_NAME('ASM0034_ASM','2025-06-23T11:18:08',('Administrator'),(''),
'CREO PARAMETRIC BY PTC INC, 2018100','CREO PARAMETRIC BY PTC INC, 2018100','');
FILE_SCHEMA((
'AP242_MANAGED_MODEL_BASED_3D_ENGINEERING_MIM_LF { 1 0 10303 442 1 1 4 }'));
ENDSEC;
DATA;
#17=CARTESIAN_POINT('',(0.E0,0.E0,0.E0));
#18=DIRECTION('',(0.E0,1.E0,0.E0));
#19=DIRECTION('',(2.344601063888E-11,0.E0,1.E0));
#20=AXIS2_PLACEMENT_3D('',#17,#18,#19);
#22=CARTESIAN_POINT('',(0.E0,0.E0,0.E0));
#23=DIRECTION('',(0.E0,1.E0,0.E0));
#24=DIRECTION('',(-1.E0,0.E0,1.095315976769E-11));
#25=AXIS2_PLACEMENT_3D('',#22,#23,#24);
#27=CARTESIAN_POINT('',(0.E0,0.E0,0.E0));
#28=DIRECTION('',(0.E0,-1.E0,0.E0));
#29=DIRECTION('',(0.E0,0.E0,1.E0));
#30=AXIS2_PLACEMENT_3D('',#27,#28,#29);
#32=CARTESIAN_POINT('',(0.E0,0.E0,0.E0));
#33=DIRECTION('',(0.E0,-1.E0,0.E0));
#34=DIRECTION('',(0.E0,0.E0,-1.E0));
#35=AXIS2_PLACEMENT_3D('',#32,#33,#34);
#37=CARTESIAN_POINT('',(2.213740302182E-11,2.5E-1,5.999977422528E0));
#38=DIRECTION('',(1.E0,0.E0,-3.689581626332E-12));
#39=DIRECTION('',(3.689430169194E-12,9.060806410849E-3,9.999589500510E-1));
#40=AXIS2_PLACEMENT_3D('',#37,#38,#39);
#42=CARTESIAN_POINT('',(0.E0,2.522652016032E-1,0.E0));
#43=DIRECTION('',(0.E0,1.E0,0.E0));
#44=DIRECTION('',(5.373769687720E-12,0.E0,1.E0));
#45=AXIS2_PLACEMENT_3D('',#42,#43,#44);
#47=CARTESIAN_POINT('',(0.E0,7.940954244926E-1,0.E0));
#48=DIRECTION('',(0.E0,1.E0,0.E0));
#49=DIRECTION('',(-1.269977341074E-11,0.E0,1.E0));
#50=AXIS2_PLACEMENT_3D('',#47,#48,#49);
#52=CARTESIAN_POINT('',(-5.45E0,2.450165564729E-1,-5.195788244095E-12));
#53=DIRECTION('',(9.533554501395E-13,0.E0,-1.E0));
#54=DIRECTION('',(-9.999589500510E-1,9.060806412865E-3,-9.533163149469E-13));
#55=AXIS2_PLACEMENT_3D('',#52,#53,#54);
#57=CARTESIAN_POINT('',(0.E0,2.522652016032E-1,0.E0));
#58=DIRECTION('',(0.E0,1.E0,0.E0));
#59=DIRECTION('',(-1.E0,0.E0,-9.532780249778E-13));
#60=AXIS2_PLACEMENT_3D('',#57,#58,#59);
#62=CARTESIAN_POINT('',(2.928350617548E-11,2.450165564729E-1,5.45E0));
#63=DIRECTION('',(-1.E0,0.E0,5.373120351426E-12));
#64=DIRECTION('',(5.372899785110E-12,9.060806412865E-3,9.999589500510E-1));
#65=AXIS2_PLACEMENT_3D('',#62,#63,#64);
#67=CARTESIAN_POINT('',(-5.999977422528E0,2.5E-1,-6.146153030961E-12));
#68=DIRECTION('',(-1.024362886182E-12,0.E0,1.E0));
#69=DIRECTION('',(-9.999589500510E-1,9.060806412526E-3,-1.024320836137E-12));
#70=AXIS2_PLACEMENT_3D('',#67,#68,#69);
#72=CARTESIAN_POINT('',(0.E0,1.E0,6.25E0));
#73=DIRECTION('',(-1.E0,0.E0,0.E0));
#74=DIRECTION('',(0.E0,6.863485850246E-1,-7.272727272727E-1));
#75=AXIS2_PLACEMENT_3D('',#72,#73,#74);
#77=CARTESIAN_POINT('',(0.E0,7.940954244926E-1,0.E0));
#78=DIRECTION('',(0.E0,-1.E0,0.E0));
#79=DIRECTION('',(0.E0,0.E0,1.E0));
#80=AXIS2_PLACEMENT_3D('',#77,#78,#79);
#82=CARTESIAN_POINT('',(0.E0,7.940954244926E-1,0.E0));
#83=DIRECTION('',(0.E0,-1.E0,0.E0));
#84=DIRECTION('',(-1.E0,0.E0,0.E0));
#85=AXIS2_PLACEMENT_3D('',#82,#83,#84);
#87=CARTESIAN_POINT('',(0.E0,1.E0,-6.25E0));
#88=DIRECTION('',(-1.E0,0.E0,0.E0));
#89=DIRECTION('',(0.E0,-6.863485850246E-1,7.272727272727E-1));
#90=AXIS2_PLACEMENT_3D('',#87,#88,#89);
#92=CARTESIAN_POINT('',(0.E0,1.205904575507E0,0.E0));
#93=DIRECTION('',(0.E0,1.E0,0.E0));
#94=DIRECTION('',(0.E0,0.E0,-1.E0));
#95=AXIS2_PLACEMENT_3D('',#92,#93,#94);
#97=CARTESIAN_POINT('',(0.E0,1.205904575507E0,0.E0));
#98=DIRECTION('',(0.E0,1.E0,0.E0));
#99=DIRECTION('',(-1.E0,0.E0,0.E0));
#100=AXIS2_PLACEMENT_3D('',#97,#98,#99);
#102=CARTESIAN_POINT('',(0.E0,1.754983443527E0,0.E0));
#103=DIRECTION('',(0.E0,1.E0,0.E0));
#104=DIRECTION('',(1.E0,0.E0,0.E0));
#105=AXIS2_PLACEMENT_3D('',#102,#103,#104);
#107=CARTESIAN_POINT('',(0.E0,1.205904575507E0,0.E0));
#108=DIRECTION('',(0.E0,-1.E0,0.E0));
#109=DIRECTION('',(-3.853274038289E-12,0.E0,-1.E0));
#110=AXIS2_PLACEMENT_3D('',#107,#108,#109);
#112=CARTESIAN_POINT('',(-6.919578798836E-11,1.754983443527E0,5.45E0));
#113=DIRECTION('',(1.E0,0.E0,1.269647408042E-11));
#114=DIRECTION('',(-1.269647408042E-11,-1.670885652061E-13,1.E0));
#115=AXIS2_PLACEMENT_3D('',#112,#113,#114);
#117=CARTESIAN_POINT('',(0.E0,3.115E1,0.E0));
#118=DIRECTION('',(0.E0,-1.E0,0.E0));
#119=DIRECTION('',(-1.E0,0.E0,0.E0));
#120=AXIS2_PLACEMENT_3D('',#117,#118,#119);
#122=DIRECTION('',(0.E0,1.E0,-8.222475190699E-14));
#123=VECTOR('',#122,2.939501655647E1);
#124=CARTESIAN_POINT('',(6.25E0,1.754983443527E0,2.535030601781E-12));
#125=LINE('',#124,#123);
#126=CARTESIAN_POINT('',(-6.1E0,3.115E1,5.842465400363E-12));
#127=DIRECTION('',(-9.577807297267E-13,0.E0,-1.E0));
#128=DIRECTION('',(-1.E0,2.368475785867E-14,9.577807297267E-13));
#129=AXIS2_PLACEMENT_3D('',#126,#127,#128);
#131=CARTESIAN_POINT('',(5.728963909105E0,3.129997247511E1,2.104236398963E0));
#132=CARTESIAN_POINT('',(5.728963909105E0,3.129999491084E1,2.098961095249E0));
#133=CARTESIAN_POINT('',(5.730905019501E0,3.13E1,2.094947014020E0));
#134=CARTESIAN_POINT('',(5.730905019501E0,3.13E1,2.089671662597E0));
#136=CARTESIAN_POINT('',(6.1E0,3.115E1,-5.842458461469E-12));
#137=DIRECTION('',(9.577789950033E-13,0.E0,1.E0));
#138=DIRECTION('',(1.E0,0.E0,-9.577789950033E-13));
#139=AXIS2_PLACEMENT_3D('',#136,#137,#138);
#141=DIRECTION('',(9.628118586371E-2,9.933870066670E-1,6.254748783021E-2));
#142=VECTOR('',#141,2.016084844306E-2);
#143=CARTESIAN_POINT('',(5.728963909105E0,3.129997247511E1,2.104236398963E0));
#144=LINE('',#143,#142);
#145=DIRECTION('',(-1.E0,0.E0,0.E0));
#146=VECTOR('',#145,1.140763597077E1);
#147=CARTESIAN_POINT('',(5.730905019501E0,3.13E1,2.039008652606E0));
#148=LINE('',#147,#146);
#149=DIRECTION('',(0.E0,0.E0,1.E0));
#150=VECTOR('',#149,6.648875677992E-2);
#151=CARTESIAN_POINT('',(-5.676730951270E0,3.13E1,2.039008652606E0));
#152=LINE('',#151,#150);
#153=DIRECTION('',(9.999999938854E-1,-2.413258191676E-6,-1.105597186638E-4));
#154=VECTOR('',#153,1.140569493012E1);
#155=CARTESIAN_POINT('',(-5.676730951270E0,3.13E1,2.105497409385E0));
#156=LINE('',#155,#154);
#157=CARTESIAN_POINT('',(5.728963909105E0,3.129997247511E1,2.104236398963E0));
#158=CARTESIAN_POINT('',(5.613093126877E0,3.129997247511E1,2.420271164698E0));
#159=CARTESIAN_POINT('',(5.326674794155E0,3.130001277434E1,3.025199682809E0));
#160=CARTESIAN_POINT('',(4.762672898501E0,3.129999657712E1,3.855863954213E0));
#161=CARTESIAN_POINT('',(4.068394099641E0,3.130000091716E1,4.581731172534E0));
#162=CARTESIAN_POINT('',(3.265452243853E0,3.129999975425E1,5.184843738016E0));
#163=CARTESIAN_POINT('',(2.374610927228E0,3.130000006585E1,5.648592465096E0));
#164=CARTESIAN_POINT('',(1.420040487806E0,3.129999998236E1,5.960613713695E0));
#165=CARTESIAN_POINT('',(4.273903707640E-1,3.130000000473E1,6.112504562117E0));
#166=CARTESIAN_POINT('',(-5.767257136047E-1,3.129999999873E1,6.100227009040E0));
#167=CARTESIAN_POINT('',(-1.565372076807E0,3.130000000034E1,5.924106120277E0));
#168=CARTESIAN_POINT('',(-2.512048526302E0,3.129999999991E1,5.588834097868E0));
#169=CARTESIAN_POINT('',(-3.391253374341E0,3.130000000002E1,5.103418211703E0));
#170=CARTESIAN_POINT('',(-4.179347399877E0,3.129999999999E1,4.480896363776E0));
#171=CARTESIAN_POINT('',(-4.855171435113E0,3.13E1,3.738047615695E0));
#172=CARTESIAN_POINT('',(-5.400569520273E0,3.13E1,2.894587600532E0));
#173=CARTESIAN_POINT('',(-5.800877643074E0,3.13E1,1.974071290008E0));
#174=CARTESIAN_POINT('',(-6.045390704129E0,3.13E1,9.978580239091E-1));
#175=CARTESIAN_POINT('',(-6.1E0,3.13E1,3.359190420104E-1));
#176=CARTESIAN_POINT('',(-6.1E0,3.13E1,-1.533418277177E-13));
#178=CARTESIAN_POINT('',(0.E0,3.13E1,0.E0));
#179=DIRECTION('',(0.E0,-1.E0,0.E0));
#180=DIRECTION('',(-1.E0,0.E0,0.E0));
#181=AXIS2_PLACEMENT_3D('',#178,#179,#180);
#183=CARTESIAN_POINT('',(0.E0,3.13E1,0.E0));
#184=DIRECTION('',(0.E0,-1.E0,0.E0));
#185=DIRECTION('',(1.E0,0.E0,0.E0));
#186=AXIS2_PLACEMENT_3D('',#183,#184,#185);
#188=DIRECTION('',(0.E0,0.E0,-1.E0));
#189=VECTOR('',#188,5.066300999117E-2);
#190=CARTESIAN_POINT('',(5.730905019501E0,3.13E1,2.089671662597E0));
#191=LINE('',#190,#189);
#192=DIRECTION('',(0.E0,1.E0,0.E0));
#193=VECTOR('',#192,2.E-2);
#194=CARTESIAN_POINT('',(5.730905019501E0,3.13E1,2.039008652606E0));
#195=LINE('',#194,#193);
#196=DIRECTION('',(0.E0,0.E0,1.E0));
#197=VECTOR('',#196,6.648875677992E-2);
#198=CARTESIAN_POINT('',(-5.676730951270E0,3.132E1,2.039008652606E0));
#199=LINE('',#198,#197);
#200=DIRECTION('',(-1.E0,0.E0,0.E0));
#201=VECTOR('',#200,1.140763597077E1);
#202=CARTESIAN_POINT('',(5.730905019501E0,3.132E1,2.039008652606E0));
#203=LINE('',#202,#201);
#204=DIRECTION('',(0.E0,0.E0,-1.E0));
#205=VECTOR('',#204,6.648875677992E-2);
#206=CARTESIAN_POINT('',(5.730905019501E0,3.132E1,2.105497409385E0));
#207=LINE('',#206,#205);
#208=DIRECTION('',(1.E0,0.E0,0.E0));
#209=VECTOR('',#208,1.140763597077E1);
#210=CARTESIAN_POINT('',(-5.676730951270E0,3.132E1,2.105497409385E0));
#211=LINE('',#210,#209);
#212=DIRECTION('',(0.E0,1.E0,0.E0));
#213=VECTOR('',#212,2.E-2);
#214=CARTESIAN_POINT('',(-5.676730951270E0,3.13E1,2.039008652606E0));
#215=LINE('',#214,#213);
#216=DIRECTION('',(0.E0,1.E0,0.E0));
#217=VECTOR('',#216,2.E-2);
#218=CARTESIAN_POINT('',(-5.676730951270E0,3.13E1,2.105497409385E0));
#219=LINE('',#218,#217);
#220=CARTESIAN_POINT('',(0.E0,3.115E1,0.E0));
#221=DIRECTION('',(0.E0,-1.E0,0.E0));
#222=DIRECTION('',(1.E0,0.E0,0.E0));
#223=AXIS2_PLACEMENT_3D('',#220,#221,#222);
#225=CARTESIAN_POINT('',(0.E0,1.754983443527E0,0.E0));
#226=DIRECTION('',(0.E0,1.E0,0.E0));
#227=DIRECTION('',(0.E0,0.E0,1.E0));
#228=AXIS2_PLACEMENT_3D('',#225,#226,#227);
#230=CARTESIAN_POINT('',(0.E0,1.754983443527E0,0.E0));
#231=DIRECTION('',(0.E0,1.E0,0.E0));
#232=DIRECTION('',(-1.E0,0.E0,0.E0));
#233=AXIS2_PLACEMENT_3D('',#230,#231,#232);
#235=DIRECTION('',(0.E0,1.E0,9.717278675641E-14));
#236=VECTOR('',#235,2.939501655647E1);
#237=CARTESIAN_POINT('',(-6.25E0,1.754983443527E0,-2.974425589085E-12));
#238=LINE('',#237,#236);
#239=CARTESIAN_POINT('',(-5.45E0,1.754983443527E0,-7.006900615281E-11));
#240=DIRECTION('',(-1.285669834483E-11,0.E0,1.E0));
#241=DIRECTION('',(-1.E0,-1.659783421815E-13,-1.285669834483E-11));
#242=AXIS2_PLACEMENT_3D('',#239,#240,#241);
#244=DIRECTION('',(0.E0,1.E0,0.E0));
#245=VECTOR('',#244,1.E-1);
#246=CARTESIAN_POINT('',(0.E0,0.E0,4.6E0));
#247=LINE('',#246,#245);
#248=DIRECTION('',(0.E0,1.E0,0.E0));
#249=VECTOR('',#248,1.E-1);
#250=CARTESIAN_POINT('',(0.E0,0.E0,-4.6E0));
#251=LINE('',#250,#249);
#252=CARTESIAN_POINT('',(0.E0,1.E-1,0.E0));
#253=DIRECTION('',(0.E0,-1.E0,0.E0));
#254=DIRECTION('',(0.E0,0.E0,1.E0));
#255=AXIS2_PLACEMENT_3D('',#252,#253,#254);
#257=CARTESIAN_POINT('',(0.E0,1.E-1,0.E0));
#258=DIRECTION('',(0.E0,-1.E0,0.E0));
#259=DIRECTION('',(0.E0,0.E0,-1.E0));
#260=AXIS2_PLACEMENT_3D('',#257,#258,#259);
#262=CARTESIAN_POINT('',(0.E0,1.E-1,2.65E0));
#263=DIRECTION('',(0.E0,-1.E0,0.E0));
#264=DIRECTION('',(0.E0,0.E0,-1.E0));
#265=AXIS2_PLACEMENT_3D('',#262,#263,#264);
#267=CARTESIAN_POINT('',(0.E0,1.E-1,2.65E0));
#268=DIRECTION('',(0.E0,-1.E0,0.E0));
#269=DIRECTION('',(0.E0,0.E0,1.E0));
#270=AXIS2_PLACEMENT_3D('',#267,#268,#269);
#272=CARTESIAN_POINT('',(0.E0,1.E-1,-2.65E0));
#273=DIRECTION('',(0.E0,-1.E0,0.E0));
#274=DIRECTION('',(-1.E0,0.E0,0.E0));
#275=AXIS2_PLACEMENT_3D('',#272,#273,#274);
#277=CARTESIAN_POINT('',(0.E0,1.E-1,-2.65E0));
#278=DIRECTION('',(0.E0,-1.E0,0.E0));
#279=DIRECTION('',(1.E0,0.E0,0.E0));
#280=AXIS2_PLACEMENT_3D('',#277,#278,#279);
#282=DIRECTION('',(0.E0,-1.E0,0.E0));
#283=VECTOR('',#282,2.E1);
#284=CARTESIAN_POINT('',(0.E0,1.E-1,2.35E0));
#285=LINE('',#284,#283);
#286=DIRECTION('',(0.E0,-1.E0,0.E0));
#287=VECTOR('',#286,2.E1);
#288=CARTESIAN_POINT('',(0.E0,1.E-1,2.95E0));
#289=LINE('',#288,#287);
#290=CARTESIAN_POINT('',(0.E0,-1.99E1,2.65E0));
#291=DIRECTION('',(0.E0,-1.E0,0.E0));
#292=DIRECTION('',(0.E0,0.E0,-1.E0));
#293=AXIS2_PLACEMENT_3D('',#290,#291,#292);
#295=CARTESIAN_POINT('',(0.E0,-1.99E1,2.65E0));
#296=DIRECTION('',(0.E0,-1.E0,0.E0));
#297=DIRECTION('',(0.E0,0.E0,1.E0));
#298=AXIS2_PLACEMENT_3D('',#295,#296,#297);
#300=DIRECTION('',(0.E0,-1.E0,0.E0));
#301=VECTOR('',#300,2.5E1);
#302=CARTESIAN_POINT('',(-3.E-1,1.E-1,-2.65E0));
#303=LINE('',#302,#301);
#304=DIRECTION('',(0.E0,-1.E0,0.E0));
#305=VECTOR('',#304,2.5E1);
#306=CARTESIAN_POINT('',(3.E-1,1.E-1,-2.65E0));
#307=LINE('',#306,#305);
#308=CARTESIAN_POINT('',(0.E0,-2.49E1,-2.65E0));
#309=DIRECTION('',(0.E0,-1.E0,0.E0));
#310=DIRECTION('',(-1.E0,0.E0,0.E0));
#311=AXIS2_PLACEMENT_3D('',#308,#309,#310);
#313=CARTESIAN_POINT('',(0.E0,-2.49E1,-2.65E0));
#314=DIRECTION('',(0.E0,-1.E0,0.E0));
#315=DIRECTION('',(1.E0,0.E0,0.E0));
#316=AXIS2_PLACEMENT_3D('',#313,#314,#315);
#318=CARTESIAN_POINT('',(-6.25E0,3.115E1,0.E0));
#319=CARTESIAN_POINT('',(6.25E0,3.115E1,0.E0));
#320=VERTEX_POINT('',#318);
#321=VERTEX_POINT('',#319);
#322=CARTESIAN_POINT('',(-6.1E0,3.13E1,0.E0));
#323=CARTESIAN_POINT('',(6.1E0,3.13E1,0.E0));
#324=VERTEX_POINT('',#322);
#325=VERTEX_POINT('',#323);
#326=CARTESIAN_POINT('',(6.25E0,1.754983443527E0,2.535030601781E-12));
#327=VERTEX_POINT('',#326);
#328=CARTESIAN_POINT('',(-6.25E0,1.754983443527E0,-2.974425589085E-12));
#329=VERTEX_POINT('',#328);
#330=CARTESIAN_POINT('',(0.E0,1.205904575507E0,6.031818181818E0));
#331=CARTESIAN_POINT('',(0.E0,7.940954244926E-1,6.031818181818E0));
#332=VERTEX_POINT('',#330);
#333=VERTEX_POINT('',#331);
#334=CARTESIAN_POINT('',(0.E0,7.940954244926E-1,-6.031818181818E0));
#335=CARTESIAN_POINT('',(0.E0,1.205904575507E0,-6.031818181818E0));
#336=VERTEX_POINT('',#334);
#337=VERTEX_POINT('',#335);
#338=CARTESIAN_POINT('',(0.E0,1.E-1,4.6E0));
#339=CARTESIAN_POINT('',(0.E0,1.E-1,-4.6E0));
#340=VERTEX_POINT('',#338);
#341=VERTEX_POINT('',#339);
#342=CARTESIAN_POINT('',(0.E0,0.E0,4.6E0));
#343=CARTESIAN_POINT('',(0.E0,0.E0,-4.6E0));
#344=VERTEX_POINT('',#342);
#345=VERTEX_POINT('',#343);
#346=CARTESIAN_POINT('',(0.E0,-1.99E1,2.35E0));
#347=CARTESIAN_POINT('',(0.E0,-1.99E1,2.95E0));
#348=VERTEX_POINT('',#346);
#349=VERTEX_POINT('',#347);
#350=CARTESIAN_POINT('',(0.E0,1.E-1,2.35E0));
#351=CARTESIAN_POINT('',(0.E0,1.E-1,2.95E0));
#352=VERTEX_POINT('',#350);
#353=VERTEX_POINT('',#351);
#354=CARTESIAN_POINT('',(-3.E-1,-2.49E1,-2.65E0));
#355=CARTESIAN_POINT('',(3.E-1,-2.49E1,-2.65E0));
#356=VERTEX_POINT('',#354);
#357=VERTEX_POINT('',#355);
#358=CARTESIAN_POINT('',(-3.E-1,1.E-1,-2.65E0));
#359=CARTESIAN_POINT('',(3.E-1,1.E-1,-2.65E0));
#360=VERTEX_POINT('',#358);
#361=VERTEX_POINT('',#359);
#362=CARTESIAN_POINT('',(5.730905019501E0,3.132E1,2.039008652606E0));
#363=CARTESIAN_POINT('',(-5.676730951270E0,3.132E1,2.039008652606E0));
#364=VERTEX_POINT('',#362);
#365=VERTEX_POINT('',#363);
#366=CARTESIAN_POINT('',(5.730905019501E0,3.132E1,2.105497409385E0));
#367=VERTEX_POINT('',#366);
#368=CARTESIAN_POINT('',(-5.676730951270E0,3.132E1,2.105497409385E0));
#369=VERTEX_POINT('',#368);
#370=CARTESIAN_POINT('',(5.730905019501E0,3.13E1,2.039008652606E0));
#371=CARTESIAN_POINT('',(-5.676730951270E0,3.13E1,2.039008652606E0));
#372=VERTEX_POINT('',#370);
#373=VERTEX_POINT('',#371);
#374=CARTESIAN_POINT('',(5.730905019501E0,3.13E1,2.089671662597E0));
#375=VERTEX_POINT('',#374);
#376=CARTESIAN_POINT('',(-5.676730951270E0,3.13E1,2.105497409385E0));
#377=CARTESIAN_POINT('',(5.728963909105E0,3.129997247511E1,2.104236398963E0));
#378=VERTEX_POINT('',#376);
#379=VERTEX_POINT('',#377);
#380=CARTESIAN_POINT('',(-6.031818181818E0,1.205904575507E0,0.E0));
#381=VERTEX_POINT('',#380);
#382=CARTESIAN_POINT('',(0.E0,1.754983443527E0,6.25E0));
#383=VERTEX_POINT('',#382);
#384=CARTESIAN_POINT('',(-6.031818181818E0,7.940954244926E-1,0.E0));
#385=VERTEX_POINT('',#384);
#386=CARTESIAN_POINT('',(3.358588407387E-11,2.522652016032E-1,
6.249967160041E0));
#387=CARTESIAN_POINT('',(-6.249967160041E0,2.522652016032E-1,
-5.961200372616E-12));
#388=VERTEX_POINT('',#386);
#389=VERTEX_POINT('',#387);
#390=CARTESIAN_POINT('',(1.406755344817E-10,0.E0,5.999977422528E0));
#391=CARTESIAN_POINT('',(-5.999977422528E0,0.E0,6.571600845769E-11));
#392=VERTEX_POINT('',#390);
#393=VERTEX_POINT('',#391);
#394=CARTESIAN_POINT('',(0.E0,0.E0,0.E0));
#395=DIRECTION('',(0.E0,1.E0,0.E0));
#396=DIRECTION('',(1.E0,0.E0,0.E0));
#397=AXIS2_PLACEMENT_3D('',#394,#395,#396);
#398=PLANE('',#397);
#400=ORIENTED_EDGE('',*,*,#399,.T.);
#402=ORIENTED_EDGE('',*,*,#401,.T.);
#403=EDGE_LOOP('',(#400,#402));
#404=FACE_OUTER_BOUND('',#403,.F.);
#406=ORIENTED_EDGE('',*,*,#405,.T.);
#408=ORIENTED_EDGE('',*,*,#407,.T.);
#409=EDGE_LOOP('',(#406,#408));
#410=FACE_BOUND('',#409,.F.);
#412=FILL_AREA_STYLE_COLOUR('',#15);
#413=FILL_AREA_STYLE('',(#412));
#414=SURFACE_STYLE_FILL_AREA(#413);
#415=SURFACE_SIDE_STYLE('',(#414));
#416=SURFACE_STYLE_USAGE(.POSITIVE.,#415);
#417=PRESENTATION_STYLE_ASSIGNMENT((#416));
#418=STYLED_ITEM('',(#417),#411);
#419=CARTESIAN_POINT('',(0.E0,2.5E-1,0.E0));
#420=DIRECTION('',(0.E0,1.E0,0.E0));
#421=DIRECTION('',(-9.354667020800E-3,0.E0,9.999562441452E-1));
#422=AXIS2_PLACEMENT_3D('',#419,#420,#421);
#423=TOROIDAL_SURFACE('',#422,5.999977422528E0,2.5E-1);
#425=ORIENTED_EDGE('',*,*,#424,.T.);
#427=ORIENTED_EDGE('',*,*,#426,.T.);
#428=ORIENTED_EDGE('',*,*,#399,.F.);
#430=ORIENTED_EDGE('',*,*,#429,.F.);
#431=EDGE_LOOP('',(#425,#427,#428,#430));
#432=FACE_OUTER_BOUND('',#431,.F.);
#434=FILL_AREA_STYLE_COLOUR('',#15);
#435=FILL_AREA_STYLE('',(#434));
#436=SURFACE_STYLE_FILL_AREA(#435);
#437=SURFACE_SIDE_STYLE('',(#436));
#438=SURFACE_STYLE_USAGE(.POSITIVE.,#437);
#439=PRESENTATION_STYLE_ASSIGNMENT((#438));
#440=STYLED_ITEM('',(#439),#433);
#441=CARTESIAN_POINT('',(0.E0,2.450165564729E-1,0.E0));
#442=DIRECTION('',(0.E0,1.E0,0.E0));
#443=DIRECTION('',(-1.319594388951E-2,0.E0,-9.999129297418E-1));
#444=AXIS2_PLACEMENT_3D('',#441,#442,#443);
#445=TOROIDAL_SURFACE('',#444,5.45E0,8.E-1);
#446=ORIENTED_EDGE('',*,*,#424,.F.);
#448=ORIENTED_EDGE('',*,*,#447,.T.);
#450=ORIENTED_EDGE('',*,*,#449,.T.);
#452=ORIENTED_EDGE('',*,*,#451,.F.);
#454=ORIENTED_EDGE('',*,*,#453,.F.);
#455=EDGE_LOOP('',(#446,#448,#450,#452,#454));
#456=FACE_OUTER_BOUND('',#455,.F.);
#458=FILL_AREA_STYLE_COLOUR('',#15);
#459=FILL_AREA_STYLE('',(#458));
#460=SURFACE_STYLE_FILL_AREA(#459);
#461=SURFACE_SIDE_STYLE('',(#460));
#462=SURFACE_STYLE_USAGE(.POSITIVE.,#461);
#463=PRESENTATION_STYLE_ASSIGNMENT((#462));
#464=STYLED_ITEM('',(#463),#457);
#465=CARTESIAN_POINT('',(0.E0,2.450165564729E-1,0.E0));
#466=DIRECTION('',(0.E0,1.E0,0.E0));
#467=DIRECTION('',(1.319594388951E-2,0.E0,9.999129297418E-1));
#468=AXIS2_PLACEMENT_3D('',#465,#466,#467);
#469=TOROIDAL_SURFACE('',#468,5.45E0,8.E-1);
#471=ORIENTED_EDGE('',*,*,#470,.F.);
#472=ORIENTED_EDGE('',*,*,#453,.T.);
#474=ORIENTED_EDGE('',*,*,#473,.F.);
#475=ORIENTED_EDGE('',*,*,#447,.F.);
#476=EDGE_LOOP('',(#471,#472,#474,#475));
#477=FACE_OUTER_BOUND('',#476,.F.);
#479=FILL_AREA_STYLE_COLOUR('',#15);
#480=FILL_AREA_STYLE('',(#479));
#481=SURFACE_STYLE_FILL_AREA(#480);
#482=SURFACE_SIDE_STYLE('',(#481));
#483=SURFACE_STYLE_USAGE(.POSITIVE.,#482);
#484=PRESENTATION_STYLE_ASSIGNMENT((#483));
#485=STYLED_ITEM('',(#484),#478);
#486=CARTESIAN_POINT('',(0.E0,2.5E-1,0.E0));
#487=DIRECTION('',(0.E0,1.E0,0.E0));
#488=DIRECTION('',(-9.999562441452E-1,0.E0,-9.354667020959E-3));
#489=AXIS2_PLACEMENT_3D('',#486,#487,#488);
#490=TOROIDAL_SURFACE('',#489,5.999977422528E0,2.5E-1);
#491=ORIENTED_EDGE('',*,*,#470,.T.);
#492=ORIENTED_EDGE('',*,*,#429,.T.);
#493=ORIENTED_EDGE('',*,*,#401,.F.);
#494=ORIENTED_EDGE('',*,*,#426,.F.);
#495=EDGE_LOOP('',(#491,#492,#493,#494));
#496=FACE_OUTER_BOUND('',#495,.F.);
#498=FILL_AREA_STYLE_COLOUR('',#15);
#499=FILL_AREA_STYLE('',(#498));
#500=SURFACE_STYLE_FILL_AREA(#499);
#501=SURFACE_SIDE_STYLE('',(#500));
#502=SURFACE_STYLE_USAGE(.POSITIVE.,#501);
#503=PRESENTATION_STYLE_ASSIGNMENT((#502));
#504=STYLED_ITEM('',(#503),#497);
#505=CARTESIAN_POINT('',(0.E0,1.E0,0.E0));
#506=DIRECTION('',(0.E0,1.E0,0.E0));
#507=DIRECTION('',(0.E0,0.E0,-1.E0));
#508=AXIS2_PLACEMENT_3D('',#505,#506,#507);
#509=TOROIDAL_SURFACE('',#508,6.25E0,3.E-1);
#511=ORIENTED_EDGE('',*,*,#510,.T.);
#512=ORIENTED_EDGE('',*,*,#473,.T.);
#513=ORIENTED_EDGE('',*,*,#451,.T.);
#515=ORIENTED_EDGE('',*,*,#514,.T.);
#517=ORIENTED_EDGE('',*,*,#516,.T.);
#519=ORIENTED_EDGE('',*,*,#518,.T.);
#520=EDGE_LOOP('',(#511,#512,#513,#515,#517,#519));
#521=FACE_OUTER_BOUND('',#520,.F.);
#523=FILL_AREA_STYLE_COLOUR('',#15);
#524=FILL_AREA_STYLE('',(#523));
#525=SURFACE_STYLE_FILL_AREA(#524);
#526=SURFACE_SIDE_STYLE('',(#525));
#527=SURFACE_STYLE_USAGE(.POSITIVE.,#526);
#528=PRESENTATION_STYLE_ASSIGNMENT((#527));
#529=STYLED_ITEM('',(#528),#522);
#530=CARTESIAN_POINT('',(0.E0,1.E0,0.E0));
#531=DIRECTION('',(0.E0,1.E0,0.E0));
#532=DIRECTION('',(0.E0,0.E0,-1.E0));
#533=AXIS2_PLACEMENT_3D('',#530,#531,#532);
#534=TOROIDAL_SURFACE('',#533,6.25E0,3.E-1);
#535=ORIENTED_EDGE('',*,*,#510,.F.);
#537=ORIENTED_EDGE('',*,*,#536,.F.);
#538=ORIENTED_EDGE('',*,*,#514,.F.);
#539=ORIENTED_EDGE('',*,*,#449,.F.);
#540=EDGE_LOOP('',(#535,#537,#538,#539));
#541=FACE_OUTER_BOUND('',#540,.F.);
#543=FILL_AREA_STYLE_COLOUR('',#15);
#544=FILL_AREA_STYLE('',(#543));
#545=SURFACE_STYLE_FILL_AREA(#544);
#546=SURFACE_SIDE_STYLE('',(#545));
#547=SURFACE_STYLE_USAGE(.POSITIVE.,#546);
#548=PRESENTATION_STYLE_ASSIGNMENT((#547));
#549=STYLED_ITEM('',(#548),#542);
#550=CARTESIAN_POINT('',(0.E0,1.754983443527E0,0.E0));
#551=DIRECTION('',(0.E0,1.E0,0.E0));
#552=DIRECTION('',(9.999570322760E-1,0.E0,9.270037848633E-3));
#553=AXIS2_PLACEMENT_3D('',#550,#551,#552);
#554=TOROIDAL_SURFACE('',#553,5.45E0,8.E-1);
#556=ORIENTED_EDGE('',*,*,#555,.T.);
#558=ORIENTED_EDGE('',*,*,#557,.T.);
#559=ORIENTED_EDGE('',*,*,#516,.F.);
#560=ORIENTED_EDGE('',*,*,#536,.T.);
#562=ORIENTED_EDGE('',*,*,#561,.F.);
#564=ORIENTED_EDGE('',*,*,#563,.T.);
#565=EDGE_LOOP('',(#556,#558,#559,#560,#562,#564));
#566=FACE_OUTER_BOUND('',#565,.F.);
#568=FILL_AREA_STYLE_COLOUR('',#15);
#569=FILL_AREA_STYLE('',(#568));
#570=SURFACE_STYLE_FILL_AREA(#569);
#571=SURFACE_SIDE_STYLE('',(#570));
#572=SURFACE_STYLE_USAGE(.POSITIVE.,#571);
#573=PRESENTATION_STYLE_ASSIGNMENT((#572));
#574=STYLED_ITEM('',(#573),#567);
#575=CARTESIAN_POINT('',(0.E0,0.E0,0.E0));
#576=DIRECTION('',(0.E0,1.E0,0.E0));
#577=DIRECTION('',(1.E0,0.E0,0.E0));
#578=AXIS2_PLACEMENT_3D('',#575,#576,#577);
#579=CYLINDRICAL_SURFACE('',#578,6.25E0);
#581=ORIENTED_EDGE('',*,*,#580,.F.);
#583=ORIENTED_EDGE('',*,*,#582,.F.);
#584=ORIENTED_EDGE('',*,*,#555,.F.);
#586=ORIENTED_EDGE('',*,*,#585,.T.);
#587=EDGE_LOOP('',(#581,#583,#584,#586));
#588=FACE_OUTER_BOUND('',#587,.F.);
#590=FILL_AREA_STYLE_COLOUR('',#15);
#591=FILL_AREA_STYLE('',(#590));
#592=SURFACE_STYLE_FILL_AREA(#591);
#593=SURFACE_SIDE_STYLE('',(#592));
#594=SURFACE_STYLE_USAGE(.POSITIVE.,#593);
#595=PRESENTATION_STYLE_ASSIGNMENT((#594));
#596=STYLED_ITEM('',(#595),#589);
#597=CARTESIAN_POINT('',(0.E0,3.115E1,0.E0));
#598=DIRECTION('',(0.E0,1.E0,0.E0));
#599=DIRECTION('',(-9.999638462466E-1,0.E0,8.503305223338E-3));
#600=AXIS2_PLACEMENT_3D('',#597,#598,#599);
#601=TOROIDAL_SURFACE('',#600,6.1E0,1.5E-1);
#602=ORIENTED_EDGE('',*,*,#580,.T.);
#604=ORIENTED_EDGE('',*,*,#603,.T.);
#606=ORIENTED_EDGE('',*,*,#605,.F.);
#608=ORIENTED_EDGE('',*,*,#607,.F.);
#609=EDGE_LOOP('',(#602,#604,#606,#608));
#610=FACE_OUTER_BOUND('',#609,.F.);
#612=FILL_AREA_STYLE_COLOUR('',#15);
#613=FILL_AREA_STYLE('',(#612));
#614=SURFACE_STYLE_FILL_AREA(#613);
#615=SURFACE_SIDE_STYLE('',(#614));
#616=SURFACE_STYLE_USAGE(.POSITIVE.,#615);
#617=PRESENTATION_STYLE_ASSIGNMENT((#616));
#618=STYLED_ITEM('',(#617),#611);
#619=CARTESIAN_POINT('',(0.E0,3.115E1,0.E0));
#620=DIRECTION('',(0.E0,1.E0,0.E0));
#621=DIRECTION('',(9.999638462466E-1,0.E0,-8.503305223338E-3));
#622=AXIS2_PLACEMENT_3D('',#619,#620,#621);
#623=TOROIDAL_SURFACE('',#622,6.1E0,1.5E-1);
#625=ORIENTED_EDGE('',*,*,#624,.T.);
#627=ORIENTED_EDGE('',*,*,#626,.F.);
#628=ORIENTED_EDGE('',*,*,#603,.F.);
#630=ORIENTED_EDGE('',*,*,#629,.T.);
#631=ORIENTED_EDGE('',*,*,#607,.T.);
#633=ORIENTED_EDGE('',*,*,#632,.F.);
#634=EDGE_LOOP('',(#625,#627,#628,#630,#631,#633));
#635=FACE_OUTER_BOUND('',#634,.F.);
#637=FILL_AREA_STYLE_COLOUR('',#15);
#638=FILL_AREA_STYLE('',(#637));
#639=SURFACE_STYLE_FILL_AREA(#638);
#640=SURFACE_SIDE_STYLE('',(#639));
#641=SURFACE_STYLE_USAGE(.POSITIVE.,#640);
#642=PRESENTATION_STYLE_ASSIGNMENT((#641));
#643=STYLED_ITEM('',(#642),#636);
#644=CARTESIAN_POINT('',(5.730905019501E0,3.13E1,2.105497409385E0));
#645=DIRECTION('',(1.E0,0.E0,0.E0));
#646=DIRECTION('',(0.E0,0.E0,-1.E0));
#647=AXIS2_PLACEMENT_3D('',#644,#645,#646);
#648=PLANE('',#647);
#650=ORIENTED_EDGE('',*,*,#649,.F.);
#651=ORIENTED_EDGE('',*,*,#624,.F.);
#653=ORIENTED_EDGE('',*,*,#652,.T.);
#655=ORIENTED_EDGE('',*,*,#654,.T.);
#657=ORIENTED_EDGE('',*,*,#656,.F.);
#658=EDGE_LOOP('',(#650,#651,#653,#655,#657));
#659=FACE_OUTER_BOUND('',#658,.F.);
#661=CARTESIAN_POINT('',(0.E0,3.13E1,0.E0));
#662=DIRECTION('',(0.E0,1.E0,0.E0));
#663=DIRECTION('',(1.E0,0.E0,0.E0));
#664=AXIS2_PLACEMENT_3D('',#661,#662,#663);
#665=PLANE('',#664);
#667=ORIENTED_EDGE('',*,*,#666,.T.);
#669=ORIENTED_EDGE('',*,*,#668,.T.);
#671=ORIENTED_EDGE('',*,*,#670,.T.);
#672=ORIENTED_EDGE('',*,*,#632,.T.);
#673=ORIENTED_EDGE('',*,*,#605,.T.);
#674=ORIENTED_EDGE('',*,*,#626,.T.);
#675=ORIENTED_EDGE('',*,*,#649,.T.);
#676=EDGE_LOOP('',(#667,#669,#671,#672,#673,#674,#675));
#677=FACE_OUTER_BOUND('',#676,.F.);
#679=FILL_AREA_STYLE_COLOUR('',#15);
#680=FILL_AREA_STYLE('',(#679));
#681=SURFACE_STYLE_FILL_AREA(#680);
#682=SURFACE_SIDE_STYLE('',(#681));
#683=SURFACE_STYLE_USAGE(.POSITIVE.,#682);
#684=PRESENTATION_STYLE_ASSIGNMENT((#683));
#685=STYLED_ITEM('',(#684),#678);
#686=CARTESIAN_POINT('',(5.730905019501E0,3.13E1,2.039008652606E0));
#687=DIRECTION('',(0.E0,0.E0,-1.E0));
#688=DIRECTION('',(-1.E0,0.E0,0.E0));
#689=AXIS2_PLACEMENT_3D('',#686,#687,#688);
#690=PLANE('',#689);
#691=ORIENTED_EDGE('',*,*,#666,.F.);
#692=ORIENTED_EDGE('',*,*,#656,.T.);
#694=ORIENTED_EDGE('',*,*,#693,.T.);
#696=ORIENTED_EDGE('',*,*,#695,.F.);
#697=EDGE_LOOP('',(#691,#692,#694,#696));
#698=FACE_OUTER_BOUND('',#697,.F.);
#700=CARTESIAN_POINT('',(0.E0,3.132E1,0.E0));
#701=DIRECTION('',(0.E0,1.E0,0.E0));
#702=DIRECTION('',(1.E0,0.E0,0.E0));
#703=AXIS2_PLACEMENT_3D('',#700,#701,#702);
#704=PLANE('',#703);
#706=ORIENTED_EDGE('',*,*,#705,.F.);
#707=ORIENTED_EDGE('',*,*,#693,.F.);
#708=ORIENTED_EDGE('',*,*,#654,.F.);
#710=ORIENTED_EDGE('',*,*,#709,.F.);
#711=EDGE_LOOP('',(#706,#707,#708,#710));
#712=FACE_OUTER_BOUND('',#711,.F.);
#714=FILL_AREA_STYLE_COLOUR('',#4);
#715=FILL_AREA_STYLE('',(#714));
#716=SURFACE_STYLE_FILL_AREA(#715);
#717=SURFACE_SIDE_STYLE('',(#716));
#718=SURFACE_STYLE_USAGE(.POSITIVE.,#717);
#719=PRESENTATION_STYLE_ASSIGNMENT((#718));
#720=STYLED_ITEM('',(#719),#713);
#721=CARTESIAN_POINT('',(-5.676730951270E0,3.13E1,2.039008652606E0));
#722=DIRECTION('',(-1.E0,0.E0,0.E0));
#723=DIRECTION('',(0.E0,0.E0,1.E0));
#724=AXIS2_PLACEMENT_3D('',#721,#722,#723);
#725=PLANE('',#724);
#726=ORIENTED_EDGE('',*,*,#668,.F.);
#727=ORIENTED_EDGE('',*,*,#695,.T.);
#728=ORIENTED_EDGE('',*,*,#705,.T.);
#730=ORIENTED_EDGE('',*,*,#729,.F.);
#731=EDGE_LOOP('',(#726,#727,#728,#730));
#732=FACE_OUTER_BOUND('',#731,.F.);
#734=CARTESIAN_POINT('',(-5.676730951270E0,3.13E1,2.105497409385E0));
#735=DIRECTION('',(0.E0,0.E0,1.E0));
#736=DIRECTION('',(1.E0,0.E0,0.E0));
#737=AXIS2_PLACEMENT_3D('',#734,#735,#736);
#738=PLANE('',#737);
#739=ORIENTED_EDGE('',*,*,#670,.F.);
#740=ORIENTED_EDGE('',*,*,#729,.T.);
#741=ORIENTED_EDGE('',*,*,#709,.T.);
#742=ORIENTED_EDGE('',*,*,#652,.F.);
#743=EDGE_LOOP('',(#739,#740,#741,#742));
#744=FACE_OUTER_BOUND('',#743,.F.);
#746=CARTESIAN_POINT('',(0.E0,0.E0,0.E0));
#747=DIRECTION('',(0.E0,1.E0,0.E0));
#748=DIRECTION('',(1.E0,0.E0,0.E0));
#749=AXIS2_PLACEMENT_3D('',#746,#747,#748);
#750=CYLINDRICAL_SURFACE('',#749,6.25E0);
#751=ORIENTED_EDGE('',*,*,#629,.F.);
#752=ORIENTED_EDGE('',*,*,#585,.F.);
#753=ORIENTED_EDGE('',*,*,#563,.F.);
#755=ORIENTED_EDGE('',*,*,#754,.F.);
#756=ORIENTED_EDGE('',*,*,#582,.T.);
#757=EDGE_LOOP('',(#751,#752,#753,#755,#756));
#758=FACE_OUTER_BOUND('',#757,.F.);
#760=FILL_AREA_STYLE_COLOUR('',#15);
#761=FILL_AREA_STYLE('',(#760));
#762=SURFACE_STYLE_FILL_AREA(#761);
#763=SURFACE_SIDE_STYLE('',(#762));
#764=SURFACE_STYLE_USAGE(.POSITIVE.,#763);
#765=PRESENTATION_STYLE_ASSIGNMENT((#764));
#766=STYLED_ITEM('',(#765),#759);
#767=CARTESIAN_POINT('',(0.E0,1.754983443527E0,0.E0));
#768=DIRECTION('',(0.E0,1.E0,0.E0));
#769=DIRECTION('',(-9.999570322760E-1,0.E0,-9.270037848633E-3));
#770=AXIS2_PLACEMENT_3D('',#767,#768,#769);
#771=TOROIDAL_SURFACE('',#770,5.45E0,8.E-1);
#772=ORIENTED_EDGE('',*,*,#754,.T.);
#773=ORIENTED_EDGE('',*,*,#561,.T.);
#774=ORIENTED_EDGE('',*,*,#518,.F.);
#775=ORIENTED_EDGE('',*,*,#557,.F.);
#776=EDGE_LOOP('',(#772,#773,#774,#775));
#777=FACE_OUTER_BOUND('',#776,.F.);
#779=FILL_AREA_STYLE_COLOUR('',#15);
#780=FILL_AREA_STYLE('',(#779));
#781=SURFACE_STYLE_FILL_AREA(#780);
#782=SURFACE_SIDE_STYLE('',(#781));
#783=SURFACE_STYLE_USAGE(.POSITIVE.,#782);
#784=PRESENTATION_STYLE_ASSIGNMENT((#783));
#785=STYLED_ITEM('',(#784),#778);
#786=CARTESIAN_POINT('',(0.E0,0.E0,0.E0));
#787=DIRECTION('',(0.E0,-1.E0,0.E0));
#788=DIRECTION('',(0.E0,0.E0,1.E0));
#789=AXIS2_PLACEMENT_3D('',#786,#787,#788);
#790=CYLINDRICAL_SURFACE('',#789,4.6E0);
#791=ORIENTED_EDGE('',*,*,#405,.F.);
#793=ORIENTED_EDGE('',*,*,#792,.T.);
#795=ORIENTED_EDGE('',*,*,#794,.T.);
#797=ORIENTED_EDGE('',*,*,#796,.F.);
#798=EDGE_LOOP('',(#791,#793,#795,#797));
#799=FACE_OUTER_BOUND('',#798,.F.);
#801=FILL_AREA_STYLE_COLOUR('',#15);
#802=FILL_AREA_STYLE('',(#801));
#803=SURFACE_STYLE_FILL_AREA(#802);
#804=SURFACE_SIDE_STYLE('',(#803));
#805=SURFACE_STYLE_USAGE(.POSITIVE.,#804);
#806=PRESENTATION_STYLE_ASSIGNMENT((#805));
#807=STYLED_ITEM('',(#806),#800);
#808=CARTESIAN_POINT('',(0.E0,0.E0,0.E0));
#809=DIRECTION('',(0.E0,-1.E0,0.E0));
#810=DIRECTION('',(0.E0,0.E0,1.E0));
#811=AXIS2_PLACEMENT_3D('',#808,#809,#810);
#812=CYLINDRICAL_SURFACE('',#811,4.6E0);
#813=ORIENTED_EDGE('',*,*,#407,.F.);
#814=ORIENTED_EDGE('',*,*,#796,.T.);
#816=ORIENTED_EDGE('',*,*,#815,.T.);
#817=ORIENTED_EDGE('',*,*,#792,.F.);
#818=EDGE_LOOP('',(#813,#814,#816,#817));
#819=FACE_OUTER_BOUND('',#818,.F.);
#821=FILL_AREA_STYLE_COLOUR('',#15);
#822=FILL_AREA_STYLE('',(#821));
#823=SURFACE_STYLE_FILL_AREA(#822);
#824=SURFACE_SIDE_STYLE('',(#823));
#825=SURFACE_STYLE_USAGE(.POSITIVE.,#824);
#826=PRESENTATION_STYLE_ASSIGNMENT((#825));
#827=STYLED_ITEM('',(#826),#820);
#828=CARTESIAN_POINT('',(0.E0,1.E-1,0.E0));
#829=DIRECTION('',(0.E0,-1.E0,0.E0));
#830=DIRECTION('',(0.E0,0.E0,1.E0));
#831=AXIS2_PLACEMENT_3D('',#828,#829,#830);
#832=PLANE('',#831);
#833=ORIENTED_EDGE('',*,*,#794,.F.);
#834=ORIENTED_EDGE('',*,*,#815,.F.);
#835=EDGE_LOOP('',(#833,#834));
#836=FACE_OUTER_BOUND('',#835,.F.);
#838=ORIENTED_EDGE('',*,*,#837,.T.);
#840=ORIENTED_EDGE('',*,*,#839,.T.);
#841=EDGE_LOOP('',(#838,#840));
#842=FACE_BOUND('',#841,.F.);
#844=ORIENTED_EDGE('',*,*,#843,.T.);
#846=ORIENTED_EDGE('',*,*,#845,.T.);
#847=EDGE_LOOP('',(#844,#846));
#848=FACE_BOUND('',#847,.F.);
#850=FILL_AREA_STYLE_COLOUR('',#4);
#851=FILL_AREA_STYLE('',(#850));
#852=SURFACE_STYLE_FILL_AREA(#851);
#853=SURFACE_SIDE_STYLE('',(#852));
#854=SURFACE_STYLE_USAGE(.POSITIVE.,#853);
#855=PRESENTATION_STYLE_ASSIGNMENT((#854));
#856=STYLED_ITEM('',(#855),#849);
#857=CARTESIAN_POINT('',(0.E0,1.E-1,2.65E0));
#858=DIRECTION('',(0.E0,-1.E0,0.E0));
#859=DIRECTION('',(0.E0,0.E0,-1.E0));
#860=AXIS2_PLACEMENT_3D('',#857,#858,#859);
#861=CYLINDRICAL_SURFACE('',#860,3.E-1);
#862=ORIENTED_EDGE('',*,*,#837,.F.);
#864=ORIENTED_EDGE('',*,*,#863,.T.);
#866=ORIENTED_EDGE('',*,*,#865,.T.);
#868=ORIENTED_EDGE('',*,*,#867,.F.);
#869=EDGE_LOOP('',(#862,#864,#866,#868));
#870=FACE_OUTER_BOUND('',#869,.F.);
#872=FILL_AREA_STYLE_COLOUR('',#10);
#873=FILL_AREA_STYLE('',(#872));
#874=SURFACE_STYLE_FILL_AREA(#873);
#875=SURFACE_SIDE_STYLE('',(#874));
#876=SURFACE_STYLE_USAGE(.POSITIVE.,#875);
#877=PRESENTATION_STYLE_ASSIGNMENT((#876));
#878=STYLED_ITEM('',(#877),#871);
#879=CARTESIAN_POINT('',(0.E0,1.E-1,2.65E0));
#880=DIRECTION('',(0.E0,-1.E0,0.E0));
#881=DIRECTION('',(0.E0,0.E0,-1.E0));
#882=AXIS2_PLACEMENT_3D('',#879,#880,#881);
#883=CYLINDRICAL_SURFACE('',#882,3.E-1);
#884=ORIENTED_EDGE('',*,*,#839,.F.);
#885=ORIENTED_EDGE('',*,*,#867,.T.);
#887=ORIENTED_EDGE('',*,*,#886,.T.);
#888=ORIENTED_EDGE('',*,*,#863,.F.);
#889=EDGE_LOOP('',(#884,#885,#887,#888));
#890=FACE_OUTER_BOUND('',#889,.F.);
#892=FILL_AREA_STYLE_COLOUR('',#10);
#893=FILL_AREA_STYLE('',(#892));
#894=SURFACE_STYLE_FILL_AREA(#893);
#895=SURFACE_SIDE_STYLE('',(#894));
#896=SURFACE_STYLE_USAGE(.POSITIVE.,#895);
#897=PRESENTATION_STYLE_ASSIGNMENT((#896));
#898=STYLED_ITEM('',(#897),#891);
#899=CARTESIAN_POINT('',(0.E0,-1.99E1,0.E0));
#900=DIRECTION('',(0.E0,-1.E0,0.E0));
#901=DIRECTION('',(0.E0,0.E0,-1.E0));
#902=AXIS2_PLACEMENT_3D('',#899,#900,#901);
#903=PLANE('',#902);
#904=ORIENTED_EDGE('',*,*,#865,.F.);
#905=ORIENTED_EDGE('',*,*,#886,.F.);
#906=EDGE_LOOP('',(#904,#905));
#907=FACE_OUTER_BOUND('',#906,.F.);
#909=FILL_AREA_STYLE_COLOUR('',#10);
#910=FILL_AREA_STYLE('',(#909));
#911=SURFACE_STYLE_FILL_AREA(#910);
#912=SURFACE_SIDE_STYLE('',(#911));
#913=SURFACE_STYLE_USAGE(.POSITIVE.,#912);
#914=PRESENTATION_STYLE_ASSIGNMENT((#913));
#915=STYLED_ITEM('',(#914),#908);
#916=CARTESIAN_POINT('',(0.E0,1.E-1,-2.65E0));
#917=DIRECTION('',(0.E0,-1.E0,0.E0));
#918=DIRECTION('',(-1.E0,0.E0,0.E0));
#919=AXIS2_PLACEMENT_3D('',#916,#917,#918);
#920=CYLINDRICAL_SURFACE('',#919,3.E-1);
#921=ORIENTED_EDGE('',*,*,#843,.F.);
#923=ORIENTED_EDGE('',*,*,#922,.T.);
#925=ORIENTED_EDGE('',*,*,#924,.T.);
#927=ORIENTED_EDGE('',*,*,#926,.F.);
#928=EDGE_LOOP('',(#921,#923,#925,#927));
#929=FACE_OUTER_BOUND('',#928,.F.);
#931=FILL_AREA_STYLE_COLOUR('',#10);
#932=FILL_AREA_STYLE('',(#931));
#933=SURFACE_STYLE_FILL_AREA(#932);
#934=SURFACE_SIDE_STYLE('',(#933));
#935=SURFACE_STYLE_USAGE(.POSITIVE.,#934);
#936=PRESENTATION_STYLE_ASSIGNMENT((#935));
#937=STYLED_ITEM('',(#936),#930);
#938=CARTESIAN_POINT('',(0.E0,1.E-1,-2.65E0));
#939=DIRECTION('',(0.E0,-1.E0,0.E0));
#940=DIRECTION('',(-1.E0,0.E0,0.E0));
#941=AXIS2_PLACEMENT_3D('',#938,#939,#940);
#942=CYLINDRICAL_SURFACE('',#941,3.E-1);
#943=ORIENTED_EDGE('',*,*,#845,.F.);
#944=ORIENTED_EDGE('',*,*,#926,.T.);
#946=ORIENTED_EDGE('',*,*,#945,.T.);
#947=ORIENTED_EDGE('',*,*,#922,.F.);
#948=EDGE_LOOP('',(#943,#944,#946,#947));
#949=FACE_OUTER_BOUND('',#948,.F.);
#951=FILL_AREA_STYLE_COLOUR('',#10);
#952=FILL_AREA_STYLE('',(#951));
#953=SURFACE_STYLE_FILL_AREA(#952);
#954=SURFACE_SIDE_STYLE('',(#953));
#955=SURFACE_STYLE_USAGE(.POSITIVE.,#954);
#956=PRESENTATION_STYLE_ASSIGNMENT((#955));
#957=STYLED_ITEM('',(#956),#950);
#958=CARTESIAN_POINT('',(0.E0,-2.49E1,0.E0));
#959=DIRECTION('',(0.E0,-1.E0,0.E0));
#960=DIRECTION('',(-1.E0,0.E0,0.E0));
#961=AXIS2_PLACEMENT_3D('',#958,#959,#960);
#962=PLANE('',#961);
#963=ORIENTED_EDGE('',*,*,#924,.F.);
#964=ORIENTED_EDGE('',*,*,#945,.F.);
#965=EDGE_LOOP('',(#963,#964));
#966=FACE_OUTER_BOUND('',#965,.F.);
#968=FILL_AREA_STYLE_COLOUR('',#10);
#969=FILL_AREA_STYLE('',(#968));
#970=SURFACE_STYLE_FILL_AREA(#969);
#971=SURFACE_SIDE_STYLE('',(#970));
#972=SURFACE_STYLE_USAGE(.POSITIVE.,#971);
#973=PRESENTATION_STYLE_ASSIGNMENT((#972));
#974=STYLED_ITEM('',(#973),#967);
#975=CLOSED_SHELL('',(#411,#433,#457,#478,#497,#522,#542,#567,#589,#611,#636,
#660,#678,#699,#713,#733,#745,#759,#778,#800,#820,#849,#871,#891,#908,#930,#950,
#967));
#976=MANIFOLD_SOLID_BREP('',#975);
#979=PLANE_ANGLE_MEASURE_WITH_UNIT(PLANE_ANGLE_MEASURE(1.745329251994E-2),#978);
#980=(CONVERSION_BASED_UNIT('DEGREE',#979)NAMED_UNIT(*)PLANE_ANGLE_UNIT());
#982=UNCERTAINTY_MEASURE_WITH_UNIT(LENGTH_MEASURE(5.893140546844E-3),#977,
'closure',
'Maximum model space distance between geometric entities at asserted connectivities');
#984=CARTESIAN_POINT('',(0.E0,0.E0,0.E0));
#985=DIRECTION('',(0.E0,0.E0,1.E0));
#986=DIRECTION('',(1.E0,0.E0,0.E0));
#989=APPLICATION_CONTEXT('automotive design');
#990=APPLICATION_PROTOCOL_DEFINITION('international standard',
'config_control_design',1994,#989);
#991=PRODUCT_DEFINITION_CONTEXT('',#989,'design');
#992=PRODUCT_CONTEXT('',#989,'mechanical');
#993=PRODUCT('1250313000','1250313000','NOT SPECIFIED',(#992));
#994=PRODUCT_DEFINITION_FORMATION_WITH_SPECIFIED_SOURCE('69','LAST_VERSION',
#993,.MADE.);
#1002=DERIVED_UNIT_ELEMENT(#1001,2.E0);
#1003=AREA_UNIT((#1002));
#1004=MEASURE_REPRESENTATION_ITEM('surface area measure',AREA_MEASURE(
1.560691819892E3),#1003);
#1009=DERIVED_UNIT_ELEMENT(#1008,3.E0);
#1010=VOLUME_UNIT((#1009));
#1011=MEASURE_REPRESENTATION_ITEM('volume measure',VOLUME_MEASURE(
3.839200712904E3),#1010);
#1015=CARTESIAN_POINT('centre point',(-5.020281124101E-6,1.561678874033E1,
-9.772876369169E-4));
#1020=DERIVED_UNIT_ELEMENT(#1019,2.E0);
#1021=AREA_UNIT((#1020));
#1022=MEASURE_REPRESENTATION_ITEM('surface area measure',AREA_MEASURE(
1.560691819892E3),#1021);
#1027=DERIVED_UNIT_ELEMENT(#1026,3.E0);
#1028=VOLUME_UNIT((#1027));
#1029=MEASURE_REPRESENTATION_ITEM('volume measure',VOLUME_MEASURE(
3.839200712904E3),#1028);
#1033=CARTESIAN_POINT('centre point',(-5.020281124101E-6,1.561678874033E1,
-9.772876369169E-4));
#1043=CARTESIAN_POINT('centre point',(6.249994979719E0,4.051678874033E1,
-6.250977287637E0));
#1047=CARTESIAN_POINT('',(6.25E0,2.49E1,-6.25E0));
#1048=DIRECTION('',(0.E0,0.E0,1.E0));
#1049=DIRECTION('',(1.E0,0.E0,0.E0));
#1050=AXIS2_PLACEMENT_3D('',#1047,#1048,#1049);
#1051=ITEM_DEFINED_TRANSFORMATION('','',#987,#1050);
#1052=(REPRESENTATION_RELATIONSHIP('','',#988,#1040)REPRESENTATION_RELATIONSHIP_WITH_TRANSFORMATION(#1051)SHAPE_REPRESENTATION_RELATIONSHIP());
#1053=CONTEXT_DEPENDENT_SHAPE_REPRESENTATION(#1052,#1042);
#1056=DIRECTION('',(9.702957262760E-1,-2.419218955996E-1,0.E0));
#1057=VECTOR('',#1056,5.564818875667E-1);
#1058=CARTESIAN_POINT('',(-5.148779280701E0,-3.096936340838E0,1.67376E1));
#1059=LINE('',#1058,#1057);
#1060=DRAUGHTING_PRE_DEFINED_CURVE_FONT('continuous');
#1061=CURVE_STYLE('',#1060,POSITIVE_LENGTH_MEASURE(2.E-2),#1054);
#1062=PRESENTATION_STYLE_ASSIGNMENT((#1061));
#1063=STYLED_ITEM('',(#1062),#1059);
#1064=CARTESIAN_POINT('',(-4.766419207170E0,-2.318024695133E0,1.67376E1));
#1065=DIRECTION('',(0.E0,0.E0,1.E0));
#1066=DIRECTION('',(1.E0,7.106918684451E-11,0.E0));
#1067=AXIS2_PLACEMENT_3D('',#1064,#1065,#1066);
#1069=CURVE_STYLE('',#1060,POSITIVE_LENGTH_MEASURE(2.E-2),#1054);
#1070=PRESENTATION_STYLE_ASSIGNMENT((#1069));
#1071=STYLED_ITEM('',(#1070),#1068);
#1072=DIRECTION('',(-9.694524358107E-1,2.452793809123E-1,0.E0));
#1073=VECTOR('',#1072,2.487099722479E0);
#1074=CARTESIAN_POINT('',(-4.727765157689E0,-2.165246820811E0,1.67376E1));
#1075=LINE('',#1074,#1073);
#1076=CURVE_STYLE('',#1060,POSITIVE_LENGTH_MEASURE(2.E-2),#1054);
#1077=PRESENTATION_STYLE_ASSIGNMENT((#1076));
#1078=STYLED_ITEM('',(#1077),#1075);
#1079=DIRECTION('',(9.702957262759E-1,-2.419218955999E-1,0.E0));
#1080=VECTOR('',#1079,1.103168828856E0);
#1081=CARTESIAN_POINT('',(-7.138890041750E0,-1.943314735774E0,1.67376E1));
#1082=LINE('',#1081,#1080);
#1083=CURVE_STYLE('',#1060,POSITIVE_LENGTH_MEASURE(2.E-2),#1054);
#1084=PRESENTATION_STYLE_ASSIGNMENT((#1083));
#1085=STYLED_ITEM('',(#1084),#1082);
#1086=CARTESIAN_POINT('',(-6.161804481875E0,-2.357056472467E0,1.67376E1));
#1087=DIRECTION('',(0.E0,0.E0,-1.E0));
#1088=DIRECTION('',(1.E0,-7.018664697645E-11,0.E0));
#1089=AXIS2_PLACEMENT_3D('',#1086,#1087,#1088);
#1091=CURVE_STYLE('',#1060,POSITIVE_LENGTH_MEASURE(2.E-2),#1054);
#1092=PRESENTATION_STYLE_ASSIGNMENT((#1091));
#1093=STYLED_ITEM('',(#1092),#1090);
#1094=CARTESIAN_POINT('',(-6.161804481875E0,-2.357056472467E0,1.67376E1));
#1095=DIRECTION('',(0.E0,0.E0,-1.E0));
#1096=DIRECTION('',(0.E0,-1.E0,0.E0));
#1097=AXIS2_PLACEMENT_3D('',#1094,#1095,#1096);
#1099=CURVE_STYLE('',#1060,POSITIVE_LENGTH_MEASURE(2.E-2),#1054);
#1100=PRESENTATION_STYLE_ASSIGNMENT((#1099));
#1101=STYLED_ITEM('',(#1100),#1098);
#1102=DIRECTION('',(-9.702957262759E-1,2.419218956E-1,0.E0));
#1103=VECTOR('',#1102,9.837317920759E-1);
#1104=CARTESIAN_POINT('',(-6.184379288097E0,-2.447599074925E0,1.67376E1));
#1105=LINE('',#1104,#1103);
#1106=CURVE_STYLE('',#1060,POSITIVE_LENGTH_MEASURE(2.E-2),#1054);
#1107=PRESENTATION_STYLE_ASSIGNMENT((#1106));
#1108=STYLED_ITEM('',(#1107),#1105);
#1109=DIRECTION('',(9.702957262759E-1,-2.419218955999E-1,0.E0));
#1110=VECTOR('',#1109,1.271655488747E0);
#1111=CARTESIAN_POINT('',(-7.138890041750E0,-2.600745999350E0,1.67376E1));
#1112=LINE('',#1111,#1110);
#1113=CURVE_STYLE('',#1060,POSITIVE_LENGTH_MEASURE(2.E-2),#1054);
#1114=PRESENTATION_STYLE_ASSIGNMENT((#1113));
#1115=STYLED_ITEM('',(#1114),#1112);
#1116=CARTESIAN_POINT('',(-5.852420371110E0,-2.697469221845E0,1.67376E1));
#1117=DIRECTION('',(0.E0,0.E0,1.E0));
#1118=DIRECTION('',(-2.419218955529E-1,-9.702957262877E-1,0.E0));
#1119=AXIS2_PLACEMENT_3D('',#1116,#1117,#1118);
#1121=CURVE_STYLE('',#1060,POSITIVE_LENGTH_MEASURE(2.E-2),#1054);
#1122=PRESENTATION_STYLE_ASSIGNMENT((#1121));
#1123=STYLED_ITEM('',(#1122),#1120);
#1124=CARTESIAN_POINT('',(-5.852420371110E0,-2.697469221845E0,1.67376E1));
#1125=DIRECTION('',(0.E0,0.E0,1.E0));
#1126=DIRECTION('',(0.E0,-1.E0,0.E0));
#1127=AXIS2_PLACEMENT_3D('',#1124,#1125,#1126);
#1129=CURVE_STYLE('',#1060,POSITIVE_LENGTH_MEASURE(2.E-2),#1054);
#1130=PRESENTATION_STYLE_ASSIGNMENT((#1129));
#1131=STYLED_ITEM('',(#1130),#1128);
#1132=CARTESIAN_POINT('',(-5.564683901101E0,-2.408323845333E0,1.67376E1));
#1133=DIRECTION('',(0.E0,0.E0,-1.E0));
#1134=DIRECTION('',(-1.E0,-1.759847907712E-10,0.E0));
#1135=AXIS2_PLACEMENT_3D('',#1132,#1133,#1134);
#1137=CURVE_STYLE('',#1060,POSITIVE_LENGTH_MEASURE(2.E-2),#1054);
#1138=PRESENTATION_STYLE_ASSIGNMENT((#1137));
#1139=STYLED_ITEM('',(#1138),#1136);
#1140=CARTESIAN_POINT('',(-5.564683901101E0,-2.408323845333E0,1.67376E1));
#1141=DIRECTION('',(0.E0,0.E0,-1.E0));
#1142=DIRECTION('',(-1.170539012890E-10,1.E0,0.E0));
#1143=AXIS2_PLACEMENT_3D('',#1140,#1141,#1142);
#1145=CURVE_STYLE('',#1060,POSITIVE_LENGTH_MEASURE(2.E-2),#1054);
#1146=PRESENTATION_STYLE_ASSIGNMENT((#1145));
#1147=STYLED_ITEM('',(#1146),#1144);
#1148=DIRECTION('',(9.702957262761E-1,-2.419218955993E-1,0.E0));
#1149=VECTOR('',#1148,4.110938984507E-1);
#1150=CARTESIAN_POINT('',(-5.547661933466E0,-2.340052462080E0,1.67376E1));
#1151=LINE('',#1150,#1149);
#1152=CURVE_STYLE('',#1060,POSITIVE_LENGTH_MEASURE(2.E-2),#1054);
#1153=PRESENTATION_STYLE_ASSIGNMENT((#1152));
#1154=STYLED_ITEM('',(#1153),#1151);
#1155=DIRECTION('',(-1.387778780781E-14,8.326672684689E-14,-1.E0));
#1156=VECTOR('',#1155,6.4E-2);
#1157=CARTESIAN_POINT('',(-5.148779280701E0,-3.096936340838E0,1.68016E1));
#1158=LINE('',#1157,#1156);
#1159=CURVE_STYLE('',#1060,POSITIVE_LENGTH_MEASURE(2.E-2),#1054);
#1160=PRESENTATION_STYLE_ASSIGNMENT((#1159));
#1161=STYLED_ITEM('',(#1160),#1158);
#1162=DIRECTION('',(-2.296670993828E-14,1.E0,0.E0));
#1163=VECTOR('',#1162,6.574312635759E-1);
#1164=CARTESIAN_POINT('',(-5.148779280701E0,-3.096936340838E0,1.67376E1));
#1165=LINE('',#1164,#1163);
#1166=CURVE_STYLE('',#1060,POSITIVE_LENGTH_MEASURE(2.E-2),#1054);
#1167=PRESENTATION_STYLE_ASSIGNMENT((#1166));
#1168=STYLED_ITEM('',(#1167),#1165);
#1169=DIRECTION('',(9.714451465470E-14,-6.591949208712E-13,-1.E0));
#1170=VECTOR('',#1169,6.4E-2);
#1171=CARTESIAN_POINT('',(-5.148779280701E0,-2.439505077262E0,1.68016E1));
#1172=LINE('',#1171,#1170);
#1173=CURVE_STYLE('',#1060,POSITIVE_LENGTH_MEASURE(2.E-2),#1054);
#1174=PRESENTATION_STYLE_ASSIGNMENT((#1173));
#1175=STYLED_ITEM('',(#1174),#1172);
#1176=DIRECTION('',(-7.011058400508E-11,1.736805144148E-11,-1.E0));
#1177=VECTOR('',#1176,6.4E-2);
#1178=CARTESIAN_POINT('',(-5.547661933461E0,-2.340052462081E0,1.68016E1));
#1179=LINE('',#1178,#1177);
#1180=CURVE_STYLE('',#1060,POSITIVE_LENGTH_MEASURE(2.E-2),#1054);
#1181=PRESENTATION_STYLE_ASSIGNMENT((#1180));
#1182=STYLED_ITEM('',(#1181),#1179);
#1183=DIRECTION('',(-1.387778780781E-14,3.991251773527E-11,1.E0));
#1184=VECTOR('',#1183,6.4E-2);
#1185=CARTESIAN_POINT('',(-5.635045319176E0,-2.408323845341E0,1.67376E1));
#1186=LINE('',#1185,#1184);
#1187=CURVE_STYLE('',#1060,POSITIVE_LENGTH_MEASURE(2.E-2),#1054);
#1188=PRESENTATION_STYLE_ASSIGNMENT((#1187));
#1189=STYLED_ITEM('',(#1188),#1186);
#1190=DIRECTION('',(-9.702957262760E-1,2.419218955996E-1,0.E0));
#1191=VECTOR('',#1190,5.564818875667E-1);
#1192=CARTESIAN_POINT('',(-4.608827283445E0,-3.231561493945E0,1.68016E1));
#1193=LINE('',#1192,#1191);
#1194=CURVE_STYLE('',#1060,POSITIVE_LENGTH_MEASURE(2.E-2),#1054);
#1195=PRESENTATION_STYLE_ASSIGNMENT((#1194));
#1196=STYLED_ITEM('',(#1195),#1193);
#1197=DIRECTION('',(-3.377457343864E-14,1.E0,0.E0));
#1198=VECTOR('',#1197,6.574312635760E-1);
#1199=CARTESIAN_POINT('',(-5.148779280701E0,-3.096936340838E0,1.68016E1));
#1200=LINE('',#1199,#1198);
#1201=CURVE_STYLE('',#1060,POSITIVE_LENGTH_MEASURE(2.E-2),#1054);
#1202=PRESENTATION_STYLE_ASSIGNMENT((#1201));
#1203=STYLED_ITEM('',(#1202),#1200);
#1204=DIRECTION('',(-9.702957262761E-1,2.419218955992E-1,0.E0));
#1205=VECTOR('',#1204,4.110938984460E-1);
#1206=CARTESIAN_POINT('',(-5.148779280701E0,-2.439505077262E0,1.68016E1));
#1207=LINE('',#1206,#1205);
#1208=CURVE_STYLE('',#1060,POSITIVE_LENGTH_MEASURE(2.E-2),#1054);
#1209=PRESENTATION_STYLE_ASSIGNMENT((#1208));
#1210=STYLED_ITEM('',(#1209),#1207);
#1211=CARTESIAN_POINT('',(-5.564683901101E0,-2.408323845333E0,1.68016E1));
#1212=DIRECTION('',(0.E0,0.E0,1.E0));
#1213=DIRECTION('',(2.419218957274E-1,9.702957262441E-1,0.E0));
#1214=AXIS2_PLACEMENT_3D('',#1211,#1212,#1213);
#1216=CURVE_STYLE('',#1060,POSITIVE_LENGTH_MEASURE(2.E-2),#1054);
#1217=PRESENTATION_STYLE_ASSIGNMENT((#1216));
#1218=STYLED_ITEM('',(#1217),#1215);
#1219=CARTESIAN_POINT('',(-5.564683901101E0,-2.408323845333E0,1.68016E1));
#1220=DIRECTION('',(0.E0,0.E0,1.E0));
#1221=DIRECTION('',(-4.007830654510E-11,1.E0,0.E0));
#1222=AXIS2_PLACEMENT_3D('',#1219,#1220,#1221);
#1224=CURVE_STYLE('',#1060,POSITIVE_LENGTH_MEASURE(2.E-2),#1054);
#1225=PRESENTATION_STYLE_ASSIGNMENT((#1224));
#1226=STYLED_ITEM('',(#1225),#1223);
#1227=DIRECTION('',(7.679341360857E-13,-1.E0,0.E0));
#1228=VECTOR('',#1227,2.891453765252E-1);
#1229=CARTESIAN_POINT('',(-5.635045319176E0,-2.408323845338E0,1.68016E1));
#1230=LINE('',#1229,#1228);
#1231=CURVE_STYLE('',#1060,POSITIVE_LENGTH_MEASURE(2.E-2),#1054);
#1232=PRESENTATION_STYLE_ASSIGNMENT((#1231));
#1233=STYLED_ITEM('',(#1232),#1230);
#1234=CARTESIAN_POINT('',(-5.852420371110E0,-2.697469221845E0,1.68016E1));
#1235=DIRECTION('',(0.E0,0.E0,-1.E0));
#1236=DIRECTION('',(1.E0,-1.325842192300E-10,0.E0));
#1237=AXIS2_PLACEMENT_3D('',#1234,#1235,#1236);
#1239=CURVE_STYLE('',#1060,POSITIVE_LENGTH_MEASURE(2.E-2),#1054);
#1240=PRESENTATION_STYLE_ASSIGNMENT((#1239));
#1241=STYLED_ITEM('',(#1240),#1238);
#1242=CARTESIAN_POINT('',(-5.852420371110E0,-2.697469221845E0,1.68016E1));
#1243=DIRECTION('',(0.E0,0.E0,-1.E0));
#1244=DIRECTION('',(0.E0,-1.E0,0.E0));
#1245=AXIS2_PLACEMENT_3D('',#1242,#1243,#1244);
#1247=CURVE_STYLE('',#1060,POSITIVE_LENGTH_MEASURE(2.E-2),#1054);
#1248=PRESENTATION_STYLE_ASSIGNMENT((#1247));
#1249=STYLED_ITEM('',(#1248),#1246);
#1250=DIRECTION('',(-9.702957262759E-1,2.419218955999E-1,0.E0));
#1251=VECTOR('',#1250,1.271655488767E0);
#1252=CARTESIAN_POINT('',(-5.905008155704E0,-2.908387305742E0,1.68016E1));
#1253=LINE('',#1252,#1251);
#1254=CURVE_STYLE('',#1060,POSITIVE_LENGTH_MEASURE(2.E-2),#1054);
#1255=PRESENTATION_STYLE_ASSIGNMENT((#1254));
#1256=STYLED_ITEM('',(#1255),#1253);
#1257=DIRECTION('',(-4.995721666287E-14,1.E0,0.E0));
#1258=VECTOR('',#1257,3.911331843258E-1);
#1259=CARTESIAN_POINT('',(-7.138890041750E0,-2.600745999350E0,1.68016E1));
#1260=LINE('',#1259,#1258);
#1261=CURVE_STYLE('',#1060,POSITIVE_LENGTH_MEASURE(2.E-2),#1054);
#1262=PRESENTATION_STYLE_ASSIGNMENT((#1261));
#1263=STYLED_ITEM('',(#1262),#1260);
#1264=DIRECTION('',(9.702957262759E-1,-2.419218956E-1,0.E0));
#1265=VECTOR('',#1264,9.837317920813E-1);
#1266=CARTESIAN_POINT('',(-7.138890041750E0,-2.209612815024E0,1.68016E1));
#1267=LINE('',#1266,#1265);
#1268=CURVE_STYLE('',#1060,POSITIVE_LENGTH_MEASURE(2.E-2),#1054);
#1269=PRESENTATION_STYLE_ASSIGNMENT((#1268));
#1270=STYLED_ITEM('',(#1269),#1267);
#1271=CARTESIAN_POINT('',(-6.161804481875E0,-2.357056472467E0,1.68016E1));
#1272=DIRECTION('',(0.E0,0.E0,1.E0));
#1273=DIRECTION('',(-2.419218952159E-1,-9.702957263717E-1,0.E0));
#1274=AXIS2_PLACEMENT_3D('',#1271,#1272,#1273);
#1276=CURVE_STYLE('',#1060,POSITIVE_LENGTH_MEASURE(2.E-2),#1054);
#1277=PRESENTATION_STYLE_ASSIGNMENT((#1276));
#1278=STYLED_ITEM('',(#1277),#1275);
#1279=CARTESIAN_POINT('',(-6.161804481875E0,-2.357056472467E0,1.68016E1));
#1280=DIRECTION('',(0.E0,0.E0,1.E0));
#1281=DIRECTION('',(0.E0,-1.E0,0.E0));
#1282=AXIS2_PLACEMENT_3D('',#1279,#1280,#1281);
#1284=CURVE_STYLE('',#1060,POSITIVE_LENGTH_MEASURE(2.E-2),#1054);
#1285=PRESENTATION_STYLE_ASSIGNMENT((#1284));
#1286=STYLED_ITEM('',(#1285),#1283);
#1287=DIRECTION('',(6.652521630913E-14,1.E0,0.E0));
#1288=VECTOR('',#1287,1.468610424550E-1);
#1289=CARTESIAN_POINT('',(-6.068490041750E0,-2.357056472473E0,1.68016E1));
#1290=LINE('',#1289,#1288);
#1291=CURVE_STYLE('',#1060,POSITIVE_LENGTH_MEASURE(2.E-2),#1054);
#1292=PRESENTATION_STYLE_ASSIGNMENT((#1291));
#1293=STYLED_ITEM('',(#1292),#1290);
#1294=DIRECTION('',(-9.702957262759E-1,2.419218955999E-1,0.E0));
#1295=VECTOR('',#1294,1.103168828856E0);
#1296=CARTESIAN_POINT('',(-6.068490041750E0,-2.210195430018E0,1.68016E1));
#1297=LINE('',#1296,#1295);
#1298=CURVE_STYLE('',#1060,POSITIVE_LENGTH_MEASURE(2.E-2),#1054);
#1299=PRESENTATION_STYLE_ASSIGNMENT((#1298));
#1300=STYLED_ITEM('',(#1299),#1297);
#1301=DIRECTION('',(-1.350224951465E-13,1.E0,0.E0));
#1302=VECTOR('',#1301,3.881021951597E-1);
#1303=CARTESIAN_POINT('',(-7.138890041750E0,-1.943314735774E0,1.68016E1));
#1304=LINE('',#1303,#1302);
#1305=CURVE_STYLE('',#1060,POSITIVE_LENGTH_MEASURE(2.E-2),#1054);
#1306=PRESENTATION_STYLE_ASSIGNMENT((#1305));
#1307=STYLED_ITEM('',(#1306),#1304);
#1308=DIRECTION('',(9.694524358107E-1,-2.452793809123E-1,0.E0));
#1309=VECTOR('',#1308,2.487099722467E0);
#1310=CARTESIAN_POINT('',(-7.138890041750E0,-1.555212540614E0,1.68016E1));
#1311=LINE('',#1310,#1309);
#1312=CURVE_STYLE('',#1060,POSITIVE_LENGTH_MEASURE(2.E-2),#1054);
#1313=PRESENTATION_STYLE_ASSIGNMENT((#1312));
#1314=STYLED_ITEM('',(#1313),#1311);
#1315=CARTESIAN_POINT('',(-4.766419207170E0,-2.318024695133E0,1.68016E1));
#1316=DIRECTION('',(0.E0,0.E0,-1.E0));
#1317=DIRECTION('',(2.452793807065E-1,9.694524358628E-1,0.E0));
#1318=AXIS2_PLACEMENT_3D('',#1315,#1316,#1317);
#1320=CURVE_STYLE('',#1060,POSITIVE_LENGTH_MEASURE(2.E-2),#1054);
#1321=PRESENTATION_STYLE_ASSIGNMENT((#1320));
#1322=STYLED_ITEM('',(#1321),#1319);
#1323=DIRECTION('',(-1.633365779048E-13,-1.E0,0.E0));
#1324=VECTOR('',#1323,9.135367988216E-1);
#1325=CARTESIAN_POINT('',(-4.608827283445E0,-2.318024695123E0,1.68016E1));
#1326=LINE('',#1325,#1324);
#1327=CURVE_STYLE('',#1060,POSITIVE_LENGTH_MEASURE(2.E-2),#1054);
#1328=PRESENTATION_STYLE_ASSIGNMENT((#1327));
#1329=STYLED_ITEM('',(#1328),#1326);
#1330=DIRECTION('',(1.387778780781E-14,7.632783294298E-14,-1.E0));
#1331=VECTOR('',#1330,6.4E-2);
#1332=CARTESIAN_POINT('',(-4.608827283445E0,-3.231561493945E0,1.68016E1));
#1333=LINE('',#1332,#1331);
#1334=CURVE_STYLE('',#1060,POSITIVE_LENGTH_MEASURE(2.E-2),#1054);
#1335=PRESENTATION_STYLE_ASSIGNMENT((#1334));
#1336=STYLED_ITEM('',(#1335),#1333);
#1337=DIRECTION('',(-1.604198532995E-13,-1.E0,0.E0));
#1338=VECTOR('',#1337,9.135367988205E-1);
#1339=CARTESIAN_POINT('',(-4.608827283445E0,-2.318024695124E0,1.67376E1));
#1340=LINE('',#1339,#1338);
#1341=CURVE_STYLE('',#1060,POSITIVE_LENGTH_MEASURE(2.E-2),#1054);
#1342=PRESENTATION_STYLE_ASSIGNMENT((#1341));
#1343=STYLED_ITEM('',(#1342),#1340);
#1344=DIRECTION('',(1.387778780781E-14,1.613986722049E-11,1.E0));
#1345=VECTOR('',#1344,6.4E-2);
#1346=CARTESIAN_POINT('',(-4.608827283445E0,-2.318024695124E0,1.67376E1));
#1347=LINE('',#1346,#1345);
#1348=CURVE_STYLE('',#1060,POSITIVE_LENGTH_MEASURE(2.E-2),#1054);
#1349=PRESENTATION_STYLE_ASSIGNMENT((#1348));
#1350=STYLED_ITEM('',(#1349),#1347);
#1351=DIRECTION('',(1.819933093117E-10,-4.753836213567E-11,-1.E0));
#1352=VECTOR('',#1351,6.4E-2);
#1353=CARTESIAN_POINT('',(-4.727765157700E0,-2.165246820808E0,1.68016E1));
#1354=LINE('',#1353,#1352);
#1355=CURVE_STYLE('',#1060,POSITIVE_LENGTH_MEASURE(2.E-2),#1054);
#1356=PRESENTATION_STYLE_ASSIGNMENT((#1355));
#1357=STYLED_ITEM('',(#1356),#1354);
#1358=DIRECTION('',(5.412337245048E-13,-3.268219028740E-12,-1.E0));
#1359=VECTOR('',#1358,6.4E-2);
#1360=CARTESIAN_POINT('',(-7.138890041750E0,-1.555212540614E0,1.68016E1));
#1361=LINE('',#1360,#1359);
#1362=CURVE_STYLE('',#1060,POSITIVE_LENGTH_MEASURE(2.E-2),#1054);
#1363=PRESENTATION_STYLE_ASSIGNMENT((#1362));
#1364=STYLED_ITEM('',(#1363),#1361);
#1365=DIRECTION('',(-3.747002708110E-13,2.820660371938E-12,-1.E0));
#1366=VECTOR('',#1365,6.4E-2);
#1367=CARTESIAN_POINT('',(-7.138890041750E0,-1.943314735774E0,1.68016E1));
#1368=LINE('',#1367,#1366);
#1369=CURVE_STYLE('',#1060,POSITIVE_LENGTH_MEASURE(2.E-2),#1054);
#1370=PRESENTATION_STYLE_ASSIGNMENT((#1369));
#1371=STYLED_ITEM('',(#1370),#1368);
#1372=DIRECTION('',(2.059665180203E-14,1.E0,0.E0));
#1373=VECTOR('',#1372,3.881021951593E-1);
#1374=CARTESIAN_POINT('',(-7.138890041750E0,-1.943314735774E0,1.67376E1));
#1375=LINE('',#1374,#1373);
#1376=CURVE_STYLE('',#1060,POSITIVE_LENGTH_MEASURE(2.E-2),#1054);
#1377=PRESENTATION_STYLE_ASSIGNMENT((#1376));
#1378=STYLED_ITEM('',(#1377),#1375);
#1379=DIRECTION('',(-1.526556658860E-13,2.761679773755E-12,-1.E0));
#1380=VECTOR('',#1379,6.4E-2);
#1381=CARTESIAN_POINT('',(-6.068490041750E0,-2.210195430018E0,1.68016E1));
#1382=LINE('',#1381,#1380);
#1383=CURVE_STYLE('',#1060,POSITIVE_LENGTH_MEASURE(2.E-2),#1054);
#1384=PRESENTATION_STYLE_ASSIGNMENT((#1383));
#1385=STYLED_ITEM('',(#1384),#1382);
#1386=DIRECTION('',(1.814324081166E-14,1.E0,0.E0));
#1387=VECTOR('',#1386,1.468610424543E-1);
#1388=CARTESIAN_POINT('',(-6.068490041750E0,-2.357056472472E0,1.67376E1));
#1389=LINE('',#1388,#1387);
#1390=CURVE_STYLE('',#1060,POSITIVE_LENGTH_MEASURE(2.E-2),#1054);
#1391=PRESENTATION_STYLE_ASSIGNMENT((#1390));
#1392=STYLED_ITEM('',(#1391),#1389);
#1393=DIRECTION('',(-8.060219158779E-11,1.824929096728E-11,-1.E0));
#1394=VECTOR('',#1393,6.4E-2);
#1395=CARTESIAN_POINT('',(-6.184379288092E0,-2.447599074926E0,1.68016E1));
#1396=LINE('',#1395,#1394);
#1397=CURVE_STYLE('',#1060,POSITIVE_LENGTH_MEASURE(2.E-2),#1054);
#1398=PRESENTATION_STYLE_ASSIGNMENT((#1397));
#1399=STYLED_ITEM('',(#1398),#1396);
#1400=DIRECTION('',(4.163336342344E-14,-1.313532616010E-11,1.E0));
#1401=VECTOR('',#1400,6.4E-2);
#1402=CARTESIAN_POINT('',(-6.068490041750E0,-2.357056472472E0,1.67376E1));
#1403=LINE('',#1402,#1401);
#1404=CURVE_STYLE('',#1060,POSITIVE_LENGTH_MEASURE(2.E-2),#1054);
#1405=PRESENTATION_STYLE_ASSIGNMENT((#1404));
#1406=STYLED_ITEM('',(#1405),#1403);
#1407=DIRECTION('',(1.665334536938E-13,-2.366162821232E-12,-1.E0));
#1408=VECTOR('',#1407,6.4E-2);
#1409=CARTESIAN_POINT('',(-7.138890041750E0,-2.209612815024E0,1.68016E1));
#1410=LINE('',#1409,#1408);
#1411=CURVE_STYLE('',#1060,POSITIVE_LENGTH_MEASURE(2.E-2),#1054);
#1412=PRESENTATION_STYLE_ASSIGNMENT((#1411));
#1413=STYLED_ITEM('',(#1412),#1410);
#1414=DIRECTION('',(5.828670879282E-13,-2.754740879851E-12,-1.E0));
#1415=VECTOR('',#1414,6.4E-2);
#1416=CARTESIAN_POINT('',(-7.138890041750E0,-2.600745999350E0,1.68016E1));
#1417=LINE('',#1416,#1415);
#1418=CURVE_STYLE('',#1060,POSITIVE_LENGTH_MEASURE(2.E-2),#1054);
#1419=PRESENTATION_STYLE_ASSIGNMENT((#1418));
#1420=STYLED_ITEM('',(#1419),#1417);
#1421=DIRECTION('',(-1.135391287792E-13,1.E0,0.E0));
#1422=VECTOR('',#1421,3.911331843258E-1);
#1423=CARTESIAN_POINT('',(-7.138890041750E0,-2.600745999350E0,1.67376E1));
#1424=LINE('',#1423,#1422);
#1425=CURVE_STYLE('',#1060,POSITIVE_LENGTH_MEASURE(2.E-2),#1054);
#1426=PRESENTATION_STYLE_ASSIGNMENT((#1425));
#1427=STYLED_ITEM('',(#1426),#1424);
#1428=DIRECTION('',(0.E0,-1.774969060619E-11,-1.E0));
#1429=VECTOR('',#1428,6.4E-2);
#1430=CARTESIAN_POINT('',(-5.635045319176E0,-2.697469221863E0,1.68016E1));
#1431=LINE('',#1430,#1429);
#1432=CURVE_STYLE('',#1060,POSITIVE_LENGTH_MEASURE(2.E-2),#1054);
#1433=PRESENTATION_STYLE_ASSIGNMENT((#1432));
#1434=STYLED_ITEM('',(#1433),#1431);
#1435=DIRECTION('',(3.039374307789E-10,-7.499556531343E-11,1.E0));
#1436=VECTOR('',#1435,6.4E-2);
#1437=CARTESIAN_POINT('',(-5.905008155724E0,-2.908387305738E0,1.67376E1));
#1438=LINE('',#1437,#1436);
#1439=CURVE_STYLE('',#1060,POSITIVE_LENGTH_MEASURE(2.E-2),#1054);
#1440=PRESENTATION_STYLE_ASSIGNMENT((#1439));
#1441=STYLED_ITEM('',(#1440),#1438);
#1442=DIRECTION('',(7.617906630008E-13,-1.E0,0.E0));
#1443=VECTOR('',#1442,2.891453765237E-1);
#1444=CARTESIAN_POINT('',(-5.635045319176E0,-2.408323845341E0,1.67376E1));
#1445=LINE('',#1444,#1443);
#1446=CURVE_STYLE('',#1060,POSITIVE_LENGTH_MEASURE(2.E-2),#1054);
#1447=PRESENTATION_STYLE_ASSIGNMENT((#1446));
#1448=STYLED_ITEM('',(#1447),#1445);
#1449=CARTESIAN_POINT('',(-5.148779280701E0,-3.096936340838E0,1.67376E1));
#1450=CARTESIAN_POINT('',(-5.148779280701E0,-2.439505077262E0,1.67376E1));
#1451=VERTEX_POINT('',#1449);
#1452=VERTEX_POINT('',#1450);
#1453=CARTESIAN_POINT('',(-4.608827283445E0,-3.231561493945E0,1.67376E1));
#1454=VERTEX_POINT('',#1453);
#1455=CARTESIAN_POINT('',(-4.608827283445E0,-2.318024695124E0,1.67376E1));
#1456=VERTEX_POINT('',#1455);
#1457=CARTESIAN_POINT('',(-4.727765157689E0,-2.165246820812E0,1.67376E1));
#1458=VERTEX_POINT('',#1457);
#1459=CARTESIAN_POINT('',(-7.138890041750E0,-1.555212540615E0,1.67376E1));
#1460=VERTEX_POINT('',#1459);
#1461=CARTESIAN_POINT('',(-7.138890041750E0,-1.943314735774E0,1.67376E1));
#1462=VERTEX_POINT('',#1461);
#1463=CARTESIAN_POINT('',(-6.068490041750E0,-2.210195430018E0,1.67376E1));
#1464=VERTEX_POINT('',#1463);
#1465=CARTESIAN_POINT('',(-6.068490041750E0,-2.357056472472E0,1.67376E1));
#1466=VERTEX_POINT('',#1465);
#1467=CARTESIAN_POINT('',(-6.161804481875E0,-2.450370912592E0,1.67376E1));
#1468=VERTEX_POINT('',#1467);
#1469=CARTESIAN_POINT('',(-6.184379288096E0,-2.447599074926E0,1.67376E1));
#1470=VERTEX_POINT('',#1469);
#1471=CARTESIAN_POINT('',(-7.138890041750E0,-2.209612815024E0,1.67376E1));
#1472=VERTEX_POINT('',#1471);
#1473=CARTESIAN_POINT('',(-7.138890041750E0,-2.600745999350E0,1.67376E1));
#1474=VERTEX_POINT('',#1473);
#1475=CARTESIAN_POINT('',(-5.905008155724E0,-2.908387305738E0,1.67376E1));
#1476=VERTEX_POINT('',#1475);
#1477=CARTESIAN_POINT('',(-5.852420371110E0,-2.914844273780E0,1.67376E1));
#1478=VERTEX_POINT('',#1477);
#1479=CARTESIAN_POINT('',(-5.635045319175E0,-2.697469221876E0,1.67376E1));
#1480=VERTEX_POINT('',#1479);
#1481=CARTESIAN_POINT('',(-5.635045319176E0,-2.408323845341E0,1.67376E1));
#1482=VERTEX_POINT('',#1481);
#1483=CARTESIAN_POINT('',(-5.564683901109E0,-2.337962427258E0,1.67376E1));
#1484=VERTEX_POINT('',#1483);
#1485=CARTESIAN_POINT('',(-5.547661933464E0,-2.340052462080E0,1.67376E1));
#1486=VERTEX_POINT('',#1485);
#1487=CARTESIAN_POINT('',(-5.148779280701E0,-2.439505077262E0,1.68016E1));
#1488=VERTEX_POINT('',#1487);
#1489=CARTESIAN_POINT('',(-5.148779280701E0,-3.096936340838E0,1.68016E1));
#1490=VERTEX_POINT('',#1489);
#1491=CARTESIAN_POINT('',(-5.547661933461E0,-2.340052462081E0,1.68016E1));
#1492=VERTEX_POINT('',#1491);
#1493=CARTESIAN_POINT('',(-5.564683901104E0,-2.337962427258E0,1.68016E1));
#1494=CARTESIAN_POINT('',(-5.635045319176E0,-2.408323845339E0,1.68016E1));
#1495=VERTEX_POINT('',#1493);
#1496=VERTEX_POINT('',#1494);
#1497=CARTESIAN_POINT('',(-4.608827283445E0,-3.231561493945E0,1.68016E1));
#1498=VERTEX_POINT('',#1497);
#1499=CARTESIAN_POINT('',(-5.635045319176E0,-2.697469221863E0,1.68016E1));
#1500=VERTEX_POINT('',#1499);
#1501=CARTESIAN_POINT('',(-5.852420371110E0,-2.914844273780E0,1.68016E1));
#1502=VERTEX_POINT('',#1501);
#1503=CARTESIAN_POINT('',(-5.905008155679E0,-2.908387305749E0,1.68016E1));
#1504=VERTEX_POINT('',#1503);
#1505=CARTESIAN_POINT('',(-7.138890041750E0,-2.600745999350E0,1.68016E1));
#1506=VERTEX_POINT('',#1505);
#1507=CARTESIAN_POINT('',(-7.138890041750E0,-2.209612815024E0,1.68016E1));
#1508=VERTEX_POINT('',#1507);
#1509=CARTESIAN_POINT('',(-6.184379288092E0,-2.447599074926E0,1.68016E1));
#1510=VERTEX_POINT('',#1509);
#1511=CARTESIAN_POINT('',(-6.161804481875E0,-2.450370912592E0,1.68016E1));
#1512=VERTEX_POINT('',#1511);
#1513=CARTESIAN_POINT('',(-6.068490041750E0,-2.357056472475E0,1.68016E1));
#1514=VERTEX_POINT('',#1513);
#1515=CARTESIAN_POINT('',(-6.068490041750E0,-2.210195430018E0,1.68016E1));
#1516=VERTEX_POINT('',#1515);
#1517=CARTESIAN_POINT('',(-7.138890041750E0,-1.943314735774E0,1.68016E1));
#1518=VERTEX_POINT('',#1517);
#1519=CARTESIAN_POINT('',(-7.138890041750E0,-1.555212540614E0,1.68016E1));
#1520=VERTEX_POINT('',#1519);
#1521=CARTESIAN_POINT('',(-4.727765157700E0,-2.165246820808E0,1.68016E1));
#1522=VERTEX_POINT('',#1521);
#1523=CARTESIAN_POINT('',(-4.608827283445E0,-2.318024695120E0,1.68016E1));
#1524=VERTEX_POINT('',#1523);
#1525=CARTESIAN_POINT('',(-4.766419207170E0,-2.318024695133E0,1.67376E1));
#1526=DIRECTION('',(0.E0,0.E0,1.E0));
#1527=DIRECTION('',(0.E0,1.E0,0.E0));
#1528=AXIS2_PLACEMENT_3D('',#1525,#1526,#1527);
#1529=PLANE('',#1528);
#1531=ORIENTED_EDGE('',*,*,#1530,.F.);
#1533=ORIENTED_EDGE('',*,*,#1532,.T.);
#1535=ORIENTED_EDGE('',*,*,#1534,.F.);
#1537=ORIENTED_EDGE('',*,*,#1536,.T.);
#1539=ORIENTED_EDGE('',*,*,#1538,.T.);
#1541=ORIENTED_EDGE('',*,*,#1540,.F.);
#1543=ORIENTED_EDGE('',*,*,#1542,.T.);
#1545=ORIENTED_EDGE('',*,*,#1544,.F.);
#1547=ORIENTED_EDGE('',*,*,#1546,.T.);
#1549=ORIENTED_EDGE('',*,*,#1548,.T.);
#1551=ORIENTED_EDGE('',*,*,#1550,.T.);
#1553=ORIENTED_EDGE('',*,*,#1552,.F.);
#1555=ORIENTED_EDGE('',*,*,#1554,.T.);
#1557=ORIENTED_EDGE('',*,*,#1556,.T.);
#1559=ORIENTED_EDGE('',*,*,#1558,.T.);
#1561=ORIENTED_EDGE('',*,*,#1560,.F.);
#1563=ORIENTED_EDGE('',*,*,#1562,.T.);
#1565=ORIENTED_EDGE('',*,*,#1564,.T.);
#1567=ORIENTED_EDGE('',*,*,#1566,.T.);
#1568=EDGE_LOOP('',(#1531,#1533,#1535,#1537,#1539,#1541,#1543,#1545,#1547,#1549,
#1551,#1553,#1555,#1557,#1559,#1561,#1563,#1565,#1567));
#1569=FACE_OUTER_BOUND('',#1568,.F.);
#1571=CARTESIAN_POINT('',(-5.148779280701E0,-2.439505077262E0,1.68656E1));
#1572=DIRECTION('',(1.E0,0.E0,0.E0));
#1573=DIRECTION('',(0.E0,0.E0,-1.E0));
#1574=AXIS2_PLACEMENT_3D('',#1571,#1572,#1573);
#1575=PLANE('',#1574);
#1577=ORIENTED_EDGE('',*,*,#1576,.F.);
#1579=ORIENTED_EDGE('',*,*,#1578,.F.);
#1581=ORIENTED_EDGE('',*,*,#1580,.T.);
#1582=ORIENTED_EDGE('',*,*,#1530,.T.);
#1583=EDGE_LOOP('',(#1577,#1579,#1581,#1582));
#1584=FACE_OUTER_BOUND('',#1583,.F.);
#1586=CARTESIAN_POINT('',(-5.547661933464E0,-2.340052462080E0,1.68656E1));
#1587=DIRECTION('',(2.419218955996E-1,9.702957262760E-1,0.E0));
#1588=DIRECTION('',(-9.702957262760E-1,2.419218955996E-1,0.E0));
#1589=AXIS2_PLACEMENT_3D('',#1586,#1587,#1588);
#1590=PLANE('',#1589);
#1592=ORIENTED_EDGE('',*,*,#1591,.F.);
#1594=ORIENTED_EDGE('',*,*,#1593,.F.);
#1595=ORIENTED_EDGE('',*,*,#1576,.T.);
#1596=ORIENTED_EDGE('',*,*,#1566,.F.);
#1597=EDGE_LOOP('',(#1592,#1594,#1595,#1596));
#1598=FACE_OUTER_BOUND('',#1597,.F.);
#1600=CARTESIAN_POINT('',(-5.564683901101E0,-2.408323845333E0,1.68656E1));
#1601=DIRECTION('',(0.E0,0.E0,-1.E0));
#1602=DIRECTION('',(0.E0,-1.E0,0.E0));
#1603=AXIS2_PLACEMENT_3D('',#1600,#1601,#1602);
#1604=CYLINDRICAL_SURFACE('',#1603,7.036141807475E-2);
#1606=ORIENTED_EDGE('',*,*,#1605,.F.);
#1608=ORIENTED_EDGE('',*,*,#1607,.F.);
#1609=ORIENTED_EDGE('',*,*,#1591,.T.);
#1610=ORIENTED_EDGE('',*,*,#1564,.F.);
#1611=ORIENTED_EDGE('',*,*,#1562,.F.);
#1613=ORIENTED_EDGE('',*,*,#1612,.T.);
#1614=EDGE_LOOP('',(#1606,#1608,#1609,#1610,#1611,#1613));
#1615=FACE_OUTER_BOUND('',#1614,.F.);
#1617=CARTESIAN_POINT('',(-5.92E0,0.E0,1.68016E1));
#1618=DIRECTION('',(0.E0,0.E0,1.E0));
#1619=DIRECTION('',(1.E0,0.E0,0.E0));
#1620=AXIS2_PLACEMENT_3D('',#1617,#1618,#1619);
#1621=PLANE('',#1620);
#1623=ORIENTED_EDGE('',*,*,#1622,.T.);
#1624=ORIENTED_EDGE('',*,*,#1578,.T.);
#1625=ORIENTED_EDGE('',*,*,#1593,.T.);
#1626=ORIENTED_EDGE('',*,*,#1607,.T.);
#1627=ORIENTED_EDGE('',*,*,#1605,.T.);
#1629=ORIENTED_EDGE('',*,*,#1628,.T.);
#1631=ORIENTED_EDGE('',*,*,#1630,.T.);
#1633=ORIENTED_EDGE('',*,*,#1632,.T.);
#1635=ORIENTED_EDGE('',*,*,#1634,.T.);
#1637=ORIENTED_EDGE('',*,*,#1636,.T.);
#1639=ORIENTED_EDGE('',*,*,#1638,.T.);
#1641=ORIENTED_EDGE('',*,*,#1640,.T.);
#1643=ORIENTED_EDGE('',*,*,#1642,.T.);
#1645=ORIENTED_EDGE('',*,*,#1644,.T.);
#1647=ORIENTED_EDGE('',*,*,#1646,.T.);
#1649=ORIENTED_EDGE('',*,*,#1648,.T.);
#1651=ORIENTED_EDGE('',*,*,#1650,.T.);
#1653=ORIENTED_EDGE('',*,*,#1652,.T.);
#1655=ORIENTED_EDGE('',*,*,#1654,.T.);
#1656=EDGE_LOOP('',(#1623,#1624,#1625,#1626,#1627,#1629,#1631,#1633,#1635,#1637,
#1639,#1641,#1643,#1645,#1647,#1649,#1651,#1653,#1655));
#1657=FACE_OUTER_BOUND('',#1656,.F.);
#1659=CARTESIAN_POINT('',(-5.148779280701E0,-3.096936340838E0,1.68656E1));
#1660=DIRECTION('',(2.419218955996E-1,9.702957262760E-1,0.E0));
#1661=DIRECTION('',(-9.702957262760E-1,2.419218955996E-1,0.E0));
#1662=AXIS2_PLACEMENT_3D('',#1659,#1660,#1661);
#1663=PLANE('',#1662);
#1664=ORIENTED_EDGE('',*,*,#1580,.F.);
#1665=ORIENTED_EDGE('',*,*,#1622,.F.);
#1667=ORIENTED_EDGE('',*,*,#1666,.T.);
#1668=ORIENTED_EDGE('',*,*,#1532,.F.);
#1669=EDGE_LOOP('',(#1664,#1665,#1667,#1668));
#1670=FACE_OUTER_BOUND('',#1669,.F.);
#1672=CARTESIAN_POINT('',(-4.608827283445E0,-3.231561493946E0,1.68656E1));
#1673=DIRECTION('',(-1.E0,0.E0,0.E0));
#1674=DIRECTION('',(0.E0,0.E0,1.E0));
#1675=AXIS2_PLACEMENT_3D('',#1672,#1673,#1674);
#1676=PLANE('',#1675);
#1677=ORIENTED_EDGE('',*,*,#1666,.F.);
#1678=ORIENTED_EDGE('',*,*,#1654,.F.);
#1680=ORIENTED_EDGE('',*,*,#1679,.F.);
#1681=ORIENTED_EDGE('',*,*,#1534,.T.);
#1682=EDGE_LOOP('',(#1677,#1678,#1680,#1681));
#1683=FACE_OUTER_BOUND('',#1682,.F.);
#1685=CARTESIAN_POINT('',(-4.766419207170E0,-2.318024695133E0,1.68656E1));
#1686=DIRECTION('',(0.E0,0.E0,-1.E0));
#1687=DIRECTION('',(0.E0,-1.E0,0.E0));
#1688=AXIS2_PLACEMENT_3D('',#1685,#1686,#1687);
#1689=CYLINDRICAL_SURFACE('',#1688,1.575919237253E-1);
#1690=ORIENTED_EDGE('',*,*,#1679,.T.);
#1691=ORIENTED_EDGE('',*,*,#1652,.F.);
#1693=ORIENTED_EDGE('',*,*,#1692,.T.);
#1694=ORIENTED_EDGE('',*,*,#1536,.F.);
#1695=EDGE_LOOP('',(#1690,#1691,#1693,#1694));
#1696=FACE_OUTER_BOUND('',#1695,.F.);
#1698=CARTESIAN_POINT('',(-4.727765157682E0,-2.165246820813E0,1.68656E1));
#1699=DIRECTION('',(-2.452793809122E-1,-9.694524358107E-1,0.E0));
#1700=DIRECTION('',(9.694524358107E-1,-2.452793809122E-1,0.E0));
#1701=AXIS2_PLACEMENT_3D('',#1698,#1699,#1700);
#1702=PLANE('',#1701);
#1703=ORIENTED_EDGE('',*,*,#1692,.F.);
#1704=ORIENTED_EDGE('',*,*,#1650,.F.);
#1706=ORIENTED_EDGE('',*,*,#1705,.T.);
#1707=ORIENTED_EDGE('',*,*,#1538,.F.);
#1708=EDGE_LOOP('',(#1703,#1704,#1706,#1707));
#1709=FACE_OUTER_BOUND('',#1708,.F.);
#1711=CARTESIAN_POINT('',(-7.138890041750E0,-1.555212540615E0,1.68656E1));
#1712=DIRECTION('',(1.E0,0.E0,0.E0));
#1713=DIRECTION('',(0.E0,0.E0,-1.E0));
#1714=AXIS2_PLACEMENT_3D('',#1711,#1712,#1713);
#1715=PLANE('',#1714);
#1716=ORIENTED_EDGE('',*,*,#1705,.F.);
#1717=ORIENTED_EDGE('',*,*,#1648,.F.);
#1719=ORIENTED_EDGE('',*,*,#1718,.T.);
#1720=ORIENTED_EDGE('',*,*,#1540,.T.);
#1721=EDGE_LOOP('',(#1716,#1717,#1719,#1720));
#1722=FACE_OUTER_BOUND('',#1721,.F.);
#1724=CARTESIAN_POINT('',(-7.138890041750E0,-1.943314735774E0,1.68656E1));
#1725=DIRECTION('',(2.419218955997E-1,9.702957262760E-1,0.E0));
#1726=DIRECTION('',(-9.702957262760E-1,2.419218955997E-1,0.E0));
#1727=AXIS2_PLACEMENT_3D('',#1724,#1725,#1726);
#1728=PLANE('',#1727);
#1729=ORIENTED_EDGE('',*,*,#1718,.F.);
#1730=ORIENTED_EDGE('',*,*,#1646,.F.);
#1732=ORIENTED_EDGE('',*,*,#1731,.T.);
#1733=ORIENTED_EDGE('',*,*,#1542,.F.);
#1734=EDGE_LOOP('',(#1729,#1730,#1732,#1733));
#1735=FACE_OUTER_BOUND('',#1734,.F.);
#1737=CARTESIAN_POINT('',(-6.068490041750E0,-2.210195430018E0,1.68656E1));
#1738=DIRECTION('',(1.E0,0.E0,0.E0));
#1739=DIRECTION('',(0.E0,0.E0,-1.E0));
#1740=AXIS2_PLACEMENT_3D('',#1737,#1738,#1739);
#1741=PLANE('',#1740);
#1742=ORIENTED_EDGE('',*,*,#1731,.F.);
#1743=ORIENTED_EDGE('',*,*,#1644,.F.);
#1745=ORIENTED_EDGE('',*,*,#1744,.F.);
#1746=ORIENTED_EDGE('',*,*,#1544,.T.);
#1747=EDGE_LOOP('',(#1742,#1743,#1745,#1746));
#1748=FACE_OUTER_BOUND('',#1747,.F.);
#1750=CARTESIAN_POINT('',(-6.161804481875E0,-2.357056472467E0,1.68656E1));
#1751=DIRECTION('',(0.E0,0.E0,-1.E0));
#1752=DIRECTION('',(0.E0,-1.E0,0.E0));
#1753=AXIS2_PLACEMENT_3D('',#1750,#1751,#1752);
#1754=CYLINDRICAL_SURFACE('',#1753,9.331444012514E-2);
#1755=ORIENTED_EDGE('',*,*,#1642,.F.);
#1756=ORIENTED_EDGE('',*,*,#1640,.F.);
#1758=ORIENTED_EDGE('',*,*,#1757,.T.);
#1759=ORIENTED_EDGE('',*,*,#1548,.F.);
#1760=ORIENTED_EDGE('',*,*,#1546,.F.);
#1761=ORIENTED_EDGE('',*,*,#1744,.T.);
#1762=EDGE_LOOP('',(#1755,#1756,#1758,#1759,#1760,#1761));
#1763=FACE_OUTER_BOUND('',#1762,.F.);
#1765=CARTESIAN_POINT('',(-6.184379288117E0,-2.447599074920E0,1.68656E1));
#1766=DIRECTION('',(-2.419218955997E-1,-9.702957262760E-1,0.E0));
#1767=DIRECTION('',(9.702957262760E-1,-2.419218955997E-1,0.E0));
#1768=AXIS2_PLACEMENT_3D('',#1765,#1766,#1767);
#1769=PLANE('',#1768);
#1770=ORIENTED_EDGE('',*,*,#1757,.F.);
#1771=ORIENTED_EDGE('',*,*,#1638,.F.);
#1773=ORIENTED_EDGE('',*,*,#1772,.T.);
#1774=ORIENTED_EDGE('',*,*,#1550,.F.);
#1775=EDGE_LOOP('',(#1770,#1771,#1773,#1774));
#1776=FACE_OUTER_BOUND('',#1775,.F.);
#1778=CARTESIAN_POINT('',(-7.138890041750E0,-2.209612815024E0,1.68656E1));
#1779=DIRECTION('',(1.E0,0.E0,0.E0));
#1780=DIRECTION('',(0.E0,0.E0,-1.E0));
#1781=AXIS2_PLACEMENT_3D('',#1778,#1779,#1780);
#1782=PLANE('',#1781);
#1783=ORIENTED_EDGE('',*,*,#1772,.F.);
#1784=ORIENTED_EDGE('',*,*,#1636,.F.);
#1786=ORIENTED_EDGE('',*,*,#1785,.T.);
#1787=ORIENTED_EDGE('',*,*,#1552,.T.);
#1788=EDGE_LOOP('',(#1783,#1784,#1786,#1787));
#1789=FACE_OUTER_BOUND('',#1788,.F.);
#1791=CARTESIAN_POINT('',(-7.138890041750E0,-2.600745999350E0,1.68656E1));
#1792=DIRECTION('',(2.419218955997E-1,9.702957262760E-1,0.E0));
#1793=DIRECTION('',(-9.702957262760E-1,2.419218955997E-1,0.E0));
#1794=AXIS2_PLACEMENT_3D('',#1791,#1792,#1793);
#1795=PLANE('',#1794);
#1796=ORIENTED_EDGE('',*,*,#1785,.F.);
#1797=ORIENTED_EDGE('',*,*,#1634,.F.);
#1799=ORIENTED_EDGE('',*,*,#1798,.F.);
#1800=ORIENTED_EDGE('',*,*,#1554,.F.);
#1801=EDGE_LOOP('',(#1796,#1797,#1799,#1800));
#1802=FACE_OUTER_BOUND('',#1801,.F.);
#1804=CARTESIAN_POINT('',(-5.852420371110E0,-2.697469221845E0,1.68656E1));
#1805=DIRECTION('',(0.E0,0.E0,-1.E0));
#1806=DIRECTION('',(0.E0,-1.E0,0.E0));
#1807=AXIS2_PLACEMENT_3D('',#1804,#1805,#1806);
#1808=CYLINDRICAL_SURFACE('',#1807,2.173750519347E-1);
#1809=ORIENTED_EDGE('',*,*,#1632,.F.);
#1810=ORIENTED_EDGE('',*,*,#1630,.F.);
#1812=ORIENTED_EDGE('',*,*,#1811,.T.);
#1813=ORIENTED_EDGE('',*,*,#1558,.F.);
#1814=ORIENTED_EDGE('',*,*,#1556,.F.);
#1815=ORIENTED_EDGE('',*,*,#1798,.T.);
#1816=EDGE_LOOP('',(#1809,#1810,#1812,#1813,#1814,#1815));
#1817=FACE_OUTER_BOUND('',#1816,.F.);
#1819=CARTESIAN_POINT('',(-5.635045319176E0,-2.697469221845E0,1.68656E1));
#1820=DIRECTION('',(-1.E0,0.E0,0.E0));
#1821=DIRECTION('',(0.E0,0.E0,1.E0));
#1822=AXIS2_PLACEMENT_3D('',#1819,#1820,#1821);
#1823=PLANE('',#1822);
#1824=ORIENTED_EDGE('',*,*,#1811,.F.);
#1825=ORIENTED_EDGE('',*,*,#1628,.F.);
#1826=ORIENTED_EDGE('',*,*,#1612,.F.);
#1827=ORIENTED_EDGE('',*,*,#1560,.T.);
#1828=EDGE_LOOP('',(#1824,#1825,#1826,#1827));
#1829=FACE_OUTER_BOUND('',#1828,.F.);
#1831=CLOSED_SHELL('',(#1570,#1585,#1599,#1616,#1658,#1671,#1684,#1697,#1710,
#1723,#1736,#1749,#1764,#1777,#1790,#1803,#1818,#1830));
#1832=MANIFOLD_SOLID_BREP('',#1831);
#1833=FILL_AREA_STYLE_COLOUR('',#1054);
#1834=FILL_AREA_STYLE('',(#1833));
#1835=SURFACE_STYLE_FILL_AREA(#1834);
#1836=SURFACE_SIDE_STYLE('',(#1835));
#1837=SURFACE_STYLE_USAGE(.BOTH.,#1836);
#1838=PRESENTATION_STYLE_ASSIGNMENT((#1837));
#1055=STYLED_ITEM('',(#1838),#1832);
#1841=PLANE_ANGLE_MEASURE_WITH_UNIT(PLANE_ANGLE_MEASURE(1.745329251994E-2),
#1840);
#1842=(CONVERSION_BASED_UNIT('DEGREE',#1841)NAMED_UNIT(*)PLANE_ANGLE_UNIT());
#1844=UNCERTAINTY_MEASURE_WITH_UNIT(LENGTH_MEASURE(3.035576082442E-4),#1839,
'closure',
'Maximum model space distance between geometric entities at asserted connectivities');
#1846=CARTESIAN_POINT('',(0.E0,0.E0,0.E0));
#1847=DIRECTION('',(0.E0,0.E0,1.E0));
#1848=DIRECTION('',(1.E0,0.E0,0.E0));
#1851=PRODUCT_CONTEXT('',#989,'mechanical');
#1852=PRODUCT('LOGO_NX_PRT_180_1_1_1_1_2_1__15',
'LOGO_NX_PRT_180_1_1_1_1_2_1__15','NOT SPECIFIED',(#1851));
#1853=PRODUCT_DEFINITION_FORMATION_WITH_SPECIFIED_SOURCE('1','LAST_VERSION',
#1852,.MADE.);
#1861=DERIVED_UNIT_ELEMENT(#1860,2.E0);
#1862=AREA_UNIT((#1861));
#1863=MEASURE_REPRESENTATION_ITEM('surface area measure',AREA_MEASURE(
4.698652859442E0),#1862);
#1868=DERIVED_UNIT_ELEMENT(#1867,3.E0);
#1869=VOLUME_UNIT((#1868));
#1870=MEASURE_REPRESENTATION_ITEM('volume measure',VOLUME_MEASURE(
1.288537200143E-1),#1869);
#1874=CARTESIAN_POINT('centre point',(-5.852969963889E0,-2.367800071398E0,
1.67696E1));
#1879=DERIVED_UNIT_ELEMENT(#1878,2.E0);
#1880=AREA_UNIT((#1879));
#1881=MEASURE_REPRESENTATION_ITEM('surface area measure',AREA_MEASURE(
4.698652859442E0),#1880);
#1886=DERIVED_UNIT_ELEMENT(#1885,3.E0);
#1887=VOLUME_UNIT((#1886));
#1888=MEASURE_REPRESENTATION_ITEM('volume measure',VOLUME_MEASURE(
1.288537200143E-1),#1887);
#1892=CARTESIAN_POINT('centre point',(-5.852969963889E0,-2.367800071398E0,
1.67696E1));
#1902=CARTESIAN_POINT('centre point',(-5.852969963889E0,-2.367800071398E0,
1.67696E1));
#1906=CARTESIAN_POINT('',(0.E0,0.E0,0.E0));
#1907=DIRECTION('',(0.E0,0.E0,1.E0));
#1908=DIRECTION('',(1.E0,0.E0,0.E0));
#1909=AXIS2_PLACEMENT_3D('',#1906,#1907,#1908);
#1910=ITEM_DEFINED_TRANSFORMATION('','',#1849,#1909);
#1911=CARTESIAN_POINT('',(0.E0,0.E0,0.E0));
#1912=DIRECTION('',(0.E0,0.E0,1.E0));
#1913=DIRECTION('',(1.E0,0.E0,0.E0));
#1915=(REPRESENTATION_RELATIONSHIP('','',#1850,#1899)REPRESENTATION_RELATIONSHIP_WITH_TRANSFORMATION(#1910)SHAPE_REPRESENTATION_RELATIONSHIP());
#1916=CONTEXT_DEPENDENT_SHAPE_REPRESENTATION(#1915,#1901);
#1918=DIRECTION('',(1.387778780781E-14,7.979727989493E-14,-1.E0));
#1919=VECTOR('',#1918,6.4E-2);
#1920=CARTESIAN_POINT('',(-4.608827283445E0,-1.413767571920E0,1.68016E1));
#1921=LINE('',#1920,#1919);
#1922=CURVE_STYLE('',#1060,POSITIVE_LENGTH_MEASURE(2.E-2),#1054);
#1923=PRESENTATION_STYLE_ASSIGNMENT((#1922));
#1924=STYLED_ITEM('',(#1923),#1921);
#1925=DIRECTION('',(6.938893903907E-14,-4.857225732735E-14,1.E0));
#1926=VECTOR('',#1925,6.4E-2);
#1927=CARTESIAN_POINT('',(-6.146444998998E0,-1.420195003487E0,1.67376E1));
#1928=LINE('',#1927,#1926);
#1929=CURVE_STYLE('',#1060,POSITIVE_LENGTH_MEASURE(2.E-2),#1054);
#1930=PRESENTATION_STYLE_ASSIGNMENT((#1929));
#1931=STYLED_ITEM('',(#1930),#1928);
#1932=DIRECTION('',(2.775557561563E-14,-1.769417945496E-13,-1.E0));
#1933=VECTOR('',#1932,6.4E-2);
#1934=CARTESIAN_POINT('',(-4.608827283445E0,-1.803566157642E0,1.68016E1));
#1935=LINE('',#1934,#1933);
#1936=CURVE_STYLE('',#1060,POSITIVE_LENGTH_MEASURE(2.E-2),#1054);
#1937=PRESENTATION_STYLE_ASSIGNMENT((#1936));
#1938=STYLED_ITEM('',(#1937),#1935);
#1939=DIRECTION('',(8.326672684689E-14,-2.914335439641E-13,1.E0));
#1940=VECTOR('',#1939,6.4E-2);
#1941=CARTESIAN_POINT('',(-6.146444998998E0,-1.030396417765E0,1.67376E1));
#1942=LINE('',#1941,#1940);
#1943=CURVE_STYLE('',#1060,POSITIVE_LENGTH_MEASURE(2.E-2),#1054);
#1944=PRESENTATION_STYLE_ASSIGNMENT((#1943));
#1945=STYLED_ITEM('',(#1944),#1942);
#1946=DIRECTION('',(0.E0,1.E0,0.E0));
#1947=VECTOR('',#1946,3.897985857220E-1);
#1948=CARTESIAN_POINT('',(-6.146444998998E0,-1.420195003487E0,1.67376E1));
#1949=LINE('',#1948,#1947);
#1950=CURVE_STYLE('',#1060,POSITIVE_LENGTH_MEASURE(2.E-2),#1054);
#1951=PRESENTATION_STYLE_ASSIGNMENT((#1950));
#1952=STYLED_ITEM('',(#1951),#1949);
#1953=DIRECTION('',(-9.702957262760E-1,2.419218955996E-1,0.E0));
#1954=VECTOR('',#1953,1.584689774379E0);
#1955=CARTESIAN_POINT('',(-4.608827283445E0,-1.803566157642E0,1.68016E1));
#1956=LINE('',#1955,#1954);
#1957=CURVE_STYLE('',#1060,POSITIVE_LENGTH_MEASURE(2.E-2),#1054);
#1958=PRESENTATION_STYLE_ASSIGNMENT((#1957));
#1959=STYLED_ITEM('',(#1958),#1956);
#1960=DIRECTION('',(0.E0,1.E0,0.E0));
#1961=VECTOR('',#1960,3.897985857220E-1);
#1962=CARTESIAN_POINT('',(-6.146444998998E0,-1.420195003487E0,1.68016E1));
#1963=LINE('',#1962,#1961);
#1964=CURVE_STYLE('',#1060,POSITIVE_LENGTH_MEASURE(2.E-2),#1054);
#1965=PRESENTATION_STYLE_ASSIGNMENT((#1964));
#1966=STYLED_ITEM('',(#1965),#1963);
#1967=DIRECTION('',(9.702957262760E-1,-2.419218955996E-1,0.E0));
#1968=VECTOR('',#1967,1.584689774379E0);
#1969=CARTESIAN_POINT('',(-6.146444998998E0,-1.030396417765E0,1.68016E1));
#1970=LINE('',#1969,#1968);
#1971=CURVE_STYLE('',#1060,POSITIVE_LENGTH_MEASURE(2.E-2),#1054);
#1972=PRESENTATION_STYLE_ASSIGNMENT((#1971));
#1973=STYLED_ITEM('',(#1972),#1970);
#1974=DIRECTION('',(0.E0,-1.E0,0.E0));
#1975=VECTOR('',#1974,3.897985857220E-1);
#1976=CARTESIAN_POINT('',(-4.608827283445E0,-1.413767571920E0,1.68016E1));
#1977=LINE('',#1976,#1975);
#1978=CURVE_STYLE('',#1060,POSITIVE_LENGTH_MEASURE(2.E-2),#1054);
#1979=PRESENTATION_STYLE_ASSIGNMENT((#1978));
#1980=STYLED_ITEM('',(#1979),#1977);
#1981=DIRECTION('',(9.702957262760E-1,-2.419218955996E-1,0.E0));
#1982=VECTOR('',#1981,1.584689774379E0);
#1983=CARTESIAN_POINT('',(-6.146444998998E0,-1.420195003487E0,1.67376E1));
#1984=LINE('',#1983,#1982);
#1985=CURVE_STYLE('',#1060,POSITIVE_LENGTH_MEASURE(2.E-2),#1054);
#1986=PRESENTATION_STYLE_ASSIGNMENT((#1985));
#1987=STYLED_ITEM('',(#1986),#1984);
#1988=DIRECTION('',(0.E0,1.E0,0.E0));
#1989=VECTOR('',#1988,3.897985857220E-1);
#1990=CARTESIAN_POINT('',(-4.608827283445E0,-1.803566157642E0,1.67376E1));
#1991=LINE('',#1990,#1989);
#1992=CURVE_STYLE('',#1060,POSITIVE_LENGTH_MEASURE(2.E-2),#1054);
#1993=PRESENTATION_STYLE_ASSIGNMENT((#1992));
#1994=STYLED_ITEM('',(#1993),#1991);
#1995=DIRECTION('',(-9.702957262760E-1,2.419218955996E-1,0.E0));
#1996=VECTOR('',#1995,1.584689774379E0);
#1997=CARTESIAN_POINT('',(-4.608827283445E0,-1.413767571920E0,1.67376E1));
#1998=LINE('',#1997,#1996);
#1999=CURVE_STYLE('',#1060,POSITIVE_LENGTH_MEASURE(2.E-2),#1054);
#2000=PRESENTATION_STYLE_ASSIGNMENT((#1999));
#2001=STYLED_ITEM('',(#2000),#1998);
#2002=CARTESIAN_POINT('',(-4.608827283445E0,-1.413767571920E0,1.68016E1));
#2003=CARTESIAN_POINT('',(-4.608827283445E0,-1.413767571920E0,1.67376E1));
#2004=VERTEX_POINT('',#2002);
#2005=VERTEX_POINT('',#2003);
#2006=CARTESIAN_POINT('',(-6.146444998998E0,-1.030396417765E0,1.68016E1));
#2007=VERTEX_POINT('',#2006);
#2008=CARTESIAN_POINT('',(-6.146444998998E0,-1.030396417765E0,1.67376E1));
#2009=VERTEX_POINT('',#2008);
#2010=CARTESIAN_POINT('',(-4.608827283445E0,-1.803566157642E0,1.68016E1));
#2011=CARTESIAN_POINT('',(-4.608827283445E0,-1.803566157642E0,1.67376E1));
#2012=VERTEX_POINT('',#2010);
#2013=VERTEX_POINT('',#2011);
#2014=CARTESIAN_POINT('',(-6.146444998998E0,-1.420195003487E0,1.67376E1));
#2015=CARTESIAN_POINT('',(-6.146444998998E0,-1.420195003487E0,1.68016E1));
#2016=VERTEX_POINT('',#2014);
#2017=VERTEX_POINT('',#2015);
#2018=CARTESIAN_POINT('',(-4.608827283445E0,-1.413767571920E0,1.68656E1));
#2019=DIRECTION('',(-2.419218955996E-1,-9.702957262760E-1,0.E0));
#2020=DIRECTION('',(9.702957262760E-1,-2.419218955996E-1,0.E0));
#2021=AXIS2_PLACEMENT_3D('',#2018,#2019,#2020);
#2022=PLANE('',#2021);
#2024=ORIENTED_EDGE('',*,*,#2023,.F.);
#2026=ORIENTED_EDGE('',*,*,#2025,.F.);
#2028=ORIENTED_EDGE('',*,*,#2027,.F.);
#2030=ORIENTED_EDGE('',*,*,#2029,.F.);
#2031=EDGE_LOOP('',(#2024,#2026,#2028,#2030));
#2032=FACE_OUTER_BOUND('',#2031,.F.);
#2034=CARTESIAN_POINT('',(-4.608827283445E0,-1.803566157642E0,1.68656E1));
#2035=DIRECTION('',(-1.E0,0.E0,0.E0));
#2036=DIRECTION('',(0.E0,0.E0,1.E0));
#2037=AXIS2_PLACEMENT_3D('',#2034,#2035,#2036);
#2038=PLANE('',#2037);
#2040=ORIENTED_EDGE('',*,*,#2039,.F.);
#2042=ORIENTED_EDGE('',*,*,#2041,.F.);
#2043=ORIENTED_EDGE('',*,*,#2023,.T.);
#2045=ORIENTED_EDGE('',*,*,#2044,.F.);
#2046=EDGE_LOOP('',(#2040,#2042,#2043,#2045));
#2047=FACE_OUTER_BOUND('',#2046,.F.);
#2049=CARTESIAN_POINT('',(-6.146444998998E0,-1.420195003487E0,1.68656E1));
#2050=DIRECTION('',(2.419218955996E-1,9.702957262760E-1,0.E0));
#2051=DIRECTION('',(-9.702957262760E-1,2.419218955996E-1,0.E0));
#2052=AXIS2_PLACEMENT_3D('',#2049,#2050,#2051);
#2053=PLANE('',#2052);
#2055=ORIENTED_EDGE('',*,*,#2054,.T.);
#2057=ORIENTED_EDGE('',*,*,#2056,.F.);
#2058=ORIENTED_EDGE('',*,*,#2039,.T.);
#2060=ORIENTED_EDGE('',*,*,#2059,.F.);
#2061=EDGE_LOOP('',(#2055,#2057,#2058,#2060));
#2062=FACE_OUTER_BOUND('',#2061,.F.);
#2064=CARTESIAN_POINT('',(-6.146444998998E0,-1.030396417765E0,1.68656E1));
#2065=DIRECTION('',(1.E0,0.E0,0.E0));
#2066=DIRECTION('',(0.E0,0.E0,-1.E0));
#2067=AXIS2_PLACEMENT_3D('',#2064,#2065,#2066);
#2068=PLANE('',#2067);
#2069=ORIENTED_EDGE('',*,*,#2027,.T.);
#2071=ORIENTED_EDGE('',*,*,#2070,.F.);
#2072=ORIENTED_EDGE('',*,*,#2054,.F.);
#2074=ORIENTED_EDGE('',*,*,#2073,.T.);
#2075=EDGE_LOOP('',(#2069,#2071,#2072,#2074));
#2076=FACE_OUTER_BOUND('',#2075,.F.);
#2078=CARTESIAN_POINT('',(-5.92E0,0.E0,1.68016E1));
#2079=DIRECTION('',(0.E0,0.E0,1.E0));
#2080=DIRECTION('',(1.E0,0.E0,0.E0));
#2081=AXIS2_PLACEMENT_3D('',#2078,#2079,#2080);
#2082=PLANE('',#2081);
#2083=ORIENTED_EDGE('',*,*,#2056,.T.);
#2084=ORIENTED_EDGE('',*,*,#2070,.T.);
#2085=ORIENTED_EDGE('',*,*,#2025,.T.);
#2086=ORIENTED_EDGE('',*,*,#2041,.T.);
#2087=EDGE_LOOP('',(#2083,#2084,#2085,#2086));
#2088=FACE_OUTER_BOUND('',#2087,.F.);
#2090=CARTESIAN_POINT('',(7.933796729338E1,-2.738408139160E2,1.67376E1));
#2091=DIRECTION('',(0.E0,0.E0,1.E0));
#2092=DIRECTION('',(0.E0,1.E0,0.E0));
#2093=AXIS2_PLACEMENT_3D('',#2090,#2091,#2092);
#2094=PLANE('',#2093);
#2095=ORIENTED_EDGE('',*,*,#2073,.F.);
#2096=ORIENTED_EDGE('',*,*,#2059,.T.);
#2097=ORIENTED_EDGE('',*,*,#2044,.T.);
#2098=ORIENTED_EDGE('',*,*,#2029,.T.);
#2099=EDGE_LOOP('',(#2095,#2096,#2097,#2098));
#2100=FACE_OUTER_BOUND('',#2099,.F.);
#2102=CLOSED_SHELL('',(#2033,#2048,#2063,#2077,#2089,#2101));
#2103=MANIFOLD_SOLID_BREP('',#2102);
#2104=FILL_AREA_STYLE_COLOUR('',#1054);
#2105=FILL_AREA_STYLE('',(#2104));
#2106=SURFACE_STYLE_FILL_AREA(#2105);
#2107=SURFACE_SIDE_STYLE('',(#2106));
#2108=SURFACE_STYLE_USAGE(.BOTH.,#2107);
#2109=PRESENTATION_STYLE_ASSIGNMENT((#2108));
#1917=STYLED_ITEM('',(#2109),#2103);
#2112=PLANE_ANGLE_MEASURE_WITH_UNIT(PLANE_ANGLE_MEASURE(1.745329251994E-2),
#2111);
#2113=(CONVERSION_BASED_UNIT('DEGREE',#2112)NAMED_UNIT(*)PLANE_ANGLE_UNIT());
#2115=UNCERTAINTY_MEASURE_WITH_UNIT(LENGTH_MEASURE(1.722184194021E-4),#2110,
'closure',
'Maximum model space distance between geometric entities at asserted connectivities');
#2117=CARTESIAN_POINT('',(0.E0,0.E0,0.E0));
#2118=DIRECTION('',(0.E0,0.E0,1.E0));
#2119=DIRECTION('',(1.E0,0.E0,0.E0));
#2122=PRODUCT_DEFINITION_CONTEXT('',#989,'design');
#2123=PRODUCT_CONTEXT('',#989,'mechanical');
#2124=PRODUCT('LOGO_NX_PRT_253_1_1_1_1_2_1__15',
'LOGO_NX_PRT_253_1_1_1_1_2_1__15','NOT SPECIFIED',(#2123));
#2125=PRODUCT_DEFINITION_FORMATION_WITH_SPECIFIED_SOURCE('1','LAST_VERSION',
#2124,.MADE.);
#2133=DERIVED_UNIT_ELEMENT(#2132,2.E0);
#2134=AREA_UNIT((#2133));
#2135=MEASURE_REPRESENTATION_ITEM('surface area measure',AREA_MEASURE(
1.451456931900E0),#2134);
#2140=DERIVED_UNIT_ELEMENT(#2139,3.E0);
#2141=VOLUME_UNIT((#2140));
#2142=MEASURE_REPRESENTATION_ITEM('volume measure',VOLUME_MEASURE(
3.835911749783E-2),#2141);
#2146=CARTESIAN_POINT('centre point',(-5.377636141222E0,-1.416981287703E0,
1.67696E1));
#2151=DERIVED_UNIT_ELEMENT(#2150,2.E0);
#2152=AREA_UNIT((#2151));
#2153=MEASURE_REPRESENTATION_ITEM('surface area measure',AREA_MEASURE(
1.451456931900E0),#2152);
#2158=DERIVED_UNIT_ELEMENT(#2157,3.E0);
#2159=VOLUME_UNIT((#2158));
#2160=MEASURE_REPRESENTATION_ITEM('volume measure',VOLUME_MEASURE(
3.835911749783E-2),#2159);
#2164=CARTESIAN_POINT('centre point',(-5.377636141222E0,-1.416981287703E0,
1.67696E1));
#2171=CARTESIAN_POINT('centre point',(-5.377636141222E0,-1.416981287703E0,
1.67696E1));
#2175=CARTESIAN_POINT('',(0.E0,0.E0,0.E0));
#2176=DIRECTION('',(0.E0,0.E0,1.E0));
#2177=DIRECTION('',(1.E0,0.E0,0.E0));
#2178=AXIS2_PLACEMENT_3D('',#2175,#2176,#2177);
#2179=ITEM_DEFINED_TRANSFORMATION('','',#2120,#2178);
#2180=CARTESIAN_POINT('',(0.E0,0.E0,0.E0));
#2181=DIRECTION('',(0.E0,0.E0,1.E0));
#2182=DIRECTION('',(1.E0,0.E0,0.E0));
#2184=(REPRESENTATION_RELATIONSHIP('','',#2121,#1899)REPRESENTATION_RELATIONSHIP_WITH_TRANSFORMATION(#2179)SHAPE_REPRESENTATION_RELATIONSHIP());
#2185=CONTEXT_DEPENDENT_SHAPE_REPRESENTATION(#2184,#2170);
#2187=DIRECTION('',(1.804112415016E-13,-1.006139616067E-13,-1.E0));
#2188=VECTOR('',#2187,6.4E-2);
#2189=CARTESIAN_POINT('',(-4.608827283445E0,-6.717257587883E-1,1.68016E1));
#2190=LINE('',#2189,#2188);
#2191=CURVE_STYLE('',#1060,POSITIVE_LENGTH_MEASURE(2.E-2),#1054);
#2192=PRESENTATION_STYLE_ASSIGNMENT((#2191));
#2193=STYLED_ITEM('',(#2192),#2190);
#2194=DIRECTION('',(-1.387778780781E-14,-1.169203622808E-12,1.E0));
#2195=VECTOR('',#2194,6.4E-2);
#2196=CARTESIAN_POINT('',(-6.146444998998E0,-6.841102383035E-1,1.67376E1));
#2197=LINE('',#2196,#2195);
#2198=CURVE_STYLE('',#1060,POSITIVE_LENGTH_MEASURE(2.E-2),#1054);
#2199=PRESENTATION_STYLE_ASSIGNMENT((#2198));
#2200=STYLED_ITEM('',(#2199),#2197);
#2201=DIRECTION('',(1.804112415016E-13,1.200428645376E-12,-1.E0));
#2202=VECTOR('',#2201,6.4E-2);
#2203=CARTESIAN_POINT('',(-4.608827283445E0,-1.067481392459E0,1.68016E1));
#2204=LINE('',#2203,#2202);
#2205=CURVE_STYLE('',#1060,POSITIVE_LENGTH_MEASURE(2.E-2),#1054);
#2206=PRESENTATION_STYLE_ASSIGNMENT((#2205));
#2207=STYLED_ITEM('',(#2206),#2204);
#2208=DIRECTION('',(8.326672684689E-14,1.708702623837E-13,1.E0));
#2209=VECTOR('',#2208,6.4E-2);
#2210=CARTESIAN_POINT('',(-6.146444998998E0,-2.883546046331E-1,1.67376E1));
#2211=LINE('',#2210,#2209);
#2212=CURVE_STYLE('',#1060,POSITIVE_LENGTH_MEASURE(2.E-2),#1054);
#2213=PRESENTATION_STYLE_ASSIGNMENT((#2212));
#2214=STYLED_ITEM('',(#2213),#2211);
#2215=DIRECTION('',(-4.488519400030E-14,1.E0,0.E0));
#2216=VECTOR('',#2215,3.957556336703E-1);
#2217=CARTESIAN_POINT('',(-6.146444998998E0,-6.841102383035E-1,1.67376E1));
#2218=LINE('',#2217,#2216);
#2219=CURVE_STYLE('',#1060,POSITIVE_LENGTH_MEASURE(2.E-2),#1054);
#2220=PRESENTATION_STYLE_ASSIGNMENT((#2219));
#2221=STYLED_ITEM('',(#2220),#2218);
#2222=DIRECTION('',(-9.702957262760E-1,2.419218955998E-1,0.E0));
#2223=VECTOR('',#2222,1.584689774379E0);
#2224=CARTESIAN_POINT('',(-4.608827283445E0,-1.067481392459E0,1.68016E1));
#2225=LINE('',#2224,#2223);
#2226=CURVE_STYLE('',#1060,POSITIVE_LENGTH_MEASURE(2.E-2),#1054);
#2227=PRESENTATION_STYLE_ASSIGNMENT((#2226));
#2228=STYLED_ITEM('',(#2227),#2225);
#2229=DIRECTION('',(-2.917537610019E-14,1.E0,0.E0));
#2230=VECTOR('',#2229,3.957556336704E-1);
#2231=CARTESIAN_POINT('',(-6.146444998998E0,-6.841102383035E-1,1.68016E1));
#2232=LINE('',#2231,#2230);
#2233=CURVE_STYLE('',#1060,POSITIVE_LENGTH_MEASURE(2.E-2),#1054);
#2234=PRESENTATION_STYLE_ASSIGNMENT((#2233));
#2235=STYLED_ITEM('',(#2234),#2232);
#2236=DIRECTION('',(9.702957262760E-1,-2.419218955997E-1,0.E0));
#2237=VECTOR('',#2236,1.584689774379E0);
#2238=CARTESIAN_POINT('',(-6.146444998998E0,-2.883546046331E-1,1.68016E1));
#2239=LINE('',#2238,#2237);
#2240=CURVE_STYLE('',#1060,POSITIVE_LENGTH_MEASURE(2.E-2),#1054);
#2241=PRESENTATION_STYLE_ASSIGNMENT((#2240));
#2242=STYLED_ITEM('',(#2241),#2239);
#2243=DIRECTION('',(1.211900238007E-13,-1.E0,0.E0));
#2244=VECTOR('',#2243,3.957556336706E-1);
#2245=CARTESIAN_POINT('',(-4.608827283445E0,-6.717257587883E-1,1.68016E1));
#2246=LINE('',#2245,#2244);
#2247=CURVE_STYLE('',#1060,POSITIVE_LENGTH_MEASURE(2.E-2),#1054);
#2248=PRESENTATION_STYLE_ASSIGNMENT((#2247));
#2249=STYLED_ITEM('',(#2248),#2246);
#2250=DIRECTION('',(9.702957262760E-1,-2.419218955998E-1,0.E0));
#2251=VECTOR('',#2250,1.584689774379E0);
#2252=CARTESIAN_POINT('',(-6.146444998998E0,-6.841102383035E-1,1.67376E1));
#2253=LINE('',#2252,#2251);
#2254=CURVE_STYLE('',#1060,POSITIVE_LENGTH_MEASURE(2.E-2),#1054);
#2255=PRESENTATION_STYLE_ASSIGNMENT((#2254));
#2256=STYLED_ITEM('',(#2255),#2253);
#2257=DIRECTION('',(-1.189457641007E-13,1.E0,0.E0));
#2258=VECTOR('',#2257,3.957556336705E-1);
#2259=CARTESIAN_POINT('',(-4.608827283445E0,-1.067481392459E0,1.67376E1));
#2260=LINE('',#2259,#2258);
#2261=CURVE_STYLE('',#1060,POSITIVE_LENGTH_MEASURE(2.E-2),#1054);
#2262=PRESENTATION_STYLE_ASSIGNMENT((#2261));
#2263=STYLED_ITEM('',(#2262),#2260);
#2264=DIRECTION('',(-9.702957262760E-1,2.419218955997E-1,0.E0));
#2265=VECTOR('',#2264,1.584689774379E0);
#2266=CARTESIAN_POINT('',(-4.608827283445E0,-6.717257587883E-1,1.67376E1));
#2267=LINE('',#2266,#2265);
#2268=CURVE_STYLE('',#1060,POSITIVE_LENGTH_MEASURE(2.E-2),#1054);
#2269=PRESENTATION_STYLE_ASSIGNMENT((#2268));
#2270=STYLED_ITEM('',(#2269),#2267);
#2271=CARTESIAN_POINT('',(-4.608827283445E0,-6.717257587883E-1,1.68016E1));
#2272=CARTESIAN_POINT('',(-4.608827283445E0,-6.717257587883E-1,1.67376E1));
#2273=VERTEX_POINT('',#2271);
#2274=VERTEX_POINT('',#2272);
#2275=CARTESIAN_POINT('',(-6.146444998998E0,-2.883546046331E-1,1.68016E1));
#2276=VERTEX_POINT('',#2275);
#2277=CARTESIAN_POINT('',(-6.146444998998E0,-2.883546046331E-1,1.67376E1));
#2278=VERTEX_POINT('',#2277);
#2279=CARTESIAN_POINT('',(-4.608827283445E0,-1.067481392459E0,1.68016E1));
#2280=CARTESIAN_POINT('',(-4.608827283445E0,-1.067481392459E0,1.67376E1));
#2281=VERTEX_POINT('',#2279);
#2282=VERTEX_POINT('',#2280);
#2283=CARTESIAN_POINT('',(-6.146444998998E0,-6.841102383035E-1,1.67376E1));
#2284=CARTESIAN_POINT('',(-6.146444998998E0,-6.841102383035E-1,1.68016E1));
#2285=VERTEX_POINT('',#2283);
#2286=VERTEX_POINT('',#2284);
#2287=CARTESIAN_POINT('',(-4.608827283445E0,-6.717257587883E-1,1.68656E1));
#2288=DIRECTION('',(-2.419218955997E-1,-9.702957262760E-1,0.E0));
#2289=DIRECTION('',(9.702957262760E-1,-2.419218955997E-1,0.E0));
#2290=AXIS2_PLACEMENT_3D('',#2287,#2288,#2289);
#2291=PLANE('',#2290);
#2293=ORIENTED_EDGE('',*,*,#2292,.F.);
#2295=ORIENTED_EDGE('',*,*,#2294,.F.);
#2297=ORIENTED_EDGE('',*,*,#2296,.F.);
#2299=ORIENTED_EDGE('',*,*,#2298,.F.);
#2300=EDGE_LOOP('',(#2293,#2295,#2297,#2299));
#2301=FACE_OUTER_BOUND('',#2300,.F.);
#2303=CARTESIAN_POINT('',(-4.608827283445E0,-1.067481392459E0,1.68656E1));
#2304=DIRECTION('',(-1.E0,0.E0,0.E0));
#2305=DIRECTION('',(0.E0,0.E0,1.E0));
#2306=AXIS2_PLACEMENT_3D('',#2303,#2304,#2305);
#2307=PLANE('',#2306);
#2309=ORIENTED_EDGE('',*,*,#2308,.F.);
#2311=ORIENTED_EDGE('',*,*,#2310,.F.);
#2312=ORIENTED_EDGE('',*,*,#2292,.T.);
#2314=ORIENTED_EDGE('',*,*,#2313,.F.);
#2315=EDGE_LOOP('',(#2309,#2311,#2312,#2314));
#2316=FACE_OUTER_BOUND('',#2315,.F.);
#2318=CARTESIAN_POINT('',(-6.146444998998E0,-6.841102383034E-1,1.68656E1));
#2319=DIRECTION('',(2.419218955997E-1,9.702957262760E-1,0.E0));
#2320=DIRECTION('',(-9.702957262760E-1,2.419218955997E-1,0.E0));
#2321=AXIS2_PLACEMENT_3D('',#2318,#2319,#2320);
#2322=PLANE('',#2321);
#2324=ORIENTED_EDGE('',*,*,#2323,.T.);
#2326=ORIENTED_EDGE('',*,*,#2325,.F.);
#2327=ORIENTED_EDGE('',*,*,#2308,.T.);
#2329=ORIENTED_EDGE('',*,*,#2328,.F.);
#2330=EDGE_LOOP('',(#2324,#2326,#2327,#2329));
#2331=FACE_OUTER_BOUND('',#2330,.F.);
#2333=CARTESIAN_POINT('',(-6.146444998998E0,-2.883546046330E-1,1.68656E1));
#2334=DIRECTION('',(1.E0,0.E0,0.E0));
#2335=DIRECTION('',(0.E0,0.E0,-1.E0));
#2336=AXIS2_PLACEMENT_3D('',#2333,#2334,#2335);
#2337=PLANE('',#2336);
#2338=ORIENTED_EDGE('',*,*,#2296,.T.);
#2340=ORIENTED_EDGE('',*,*,#2339,.F.);
#2341=ORIENTED_EDGE('',*,*,#2323,.F.);
#2343=ORIENTED_EDGE('',*,*,#2342,.T.);
#2344=EDGE_LOOP('',(#2338,#2340,#2341,#2343));
#2345=FACE_OUTER_BOUND('',#2344,.F.);
#2347=CARTESIAN_POINT('',(-5.92E0,0.E0,1.68016E1));
#2348=DIRECTION('',(0.E0,0.E0,1.E0));
#2349=DIRECTION('',(1.E0,0.E0,0.E0));
#2350=AXIS2_PLACEMENT_3D('',#2347,#2348,#2349);
#2351=PLANE('',#2350);
#2352=ORIENTED_EDGE('',*,*,#2325,.T.);
#2353=ORIENTED_EDGE('',*,*,#2339,.T.);
#2354=ORIENTED_EDGE('',*,*,#2294,.T.);
#2355=ORIENTED_EDGE('',*,*,#2310,.T.);
#2356=EDGE_LOOP('',(#2352,#2353,#2354,#2355));
#2357=FACE_OUTER_BOUND('',#2356,.F.);
#2359=CARTESIAN_POINT('',(7.933796729338E1,-2.738408139160E2,1.67376E1));
#2360=DIRECTION('',(0.E0,0.E0,1.E0));
#2361=DIRECTION('',(0.E0,1.E0,0.E0));
#2362=AXIS2_PLACEMENT_3D('',#2359,#2360,#2361);
#2363=PLANE('',#2362);
#2364=ORIENTED_EDGE('',*,*,#2342,.F.);
#2365=ORIENTED_EDGE('',*,*,#2328,.T.);
#2366=ORIENTED_EDGE('',*,*,#2313,.T.);
#2367=ORIENTED_EDGE('',*,*,#2298,.T.);
#2368=EDGE_LOOP('',(#2364,#2365,#2366,#2367));
#2369=FACE_OUTER_BOUND('',#2368,.F.);
#2371=CLOSED_SHELL('',(#2302,#2317,#2332,#2346,#2358,#2370));
#2372=MANIFOLD_SOLID_BREP('',#2371);
#2373=FILL_AREA_STYLE_COLOUR('',#1054);
#2374=FILL_AREA_STYLE('',(#2373));
#2375=SURFACE_STYLE_FILL_AREA(#2374);
#2376=SURFACE_SIDE_STYLE('',(#2375));
#2377=SURFACE_STYLE_USAGE(.BOTH.,#2376);
#2378=PRESENTATION_STYLE_ASSIGNMENT((#2377));
#2186=STYLED_ITEM('',(#2378),#2372);
#2381=PLANE_ANGLE_MEASURE_WITH_UNIT(PLANE_ANGLE_MEASURE(1.745329251994E-2),
#2380);
#2382=(CONVERSION_BASED_UNIT('DEGREE',#2381)NAMED_UNIT(*)PLANE_ANGLE_UNIT());
#2384=UNCERTAINTY_MEASURE_WITH_UNIT(LENGTH_MEASURE(1.724866592879E-4),#2379,
'closure',
'Maximum model space distance between geometric entities at asserted connectivities');
#2386=CARTESIAN_POINT('',(0.E0,0.E0,0.E0));
#2387=DIRECTION('',(0.E0,0.E0,1.E0));
#2388=DIRECTION('',(1.E0,0.E0,0.E0));
#2391=PRODUCT_CONTEXT('',#989,'mechanical');
#2392=PRODUCT('LOGO_NX_PRT_272_1_1_1_1_2_1__15',
'LOGO_NX_PRT_272_1_1_1_1_2_1__15','NOT SPECIFIED',(#2391));
#2393=PRODUCT_DEFINITION_FORMATION_WITH_SPECIFIED_SOURCE('1','LAST_VERSION',
#2392,.MADE.);
#2401=DERIVED_UNIT_ELEMENT(#2400,2.E0);
#2402=AREA_UNIT((#2401));
#2403=MEASURE_REPRESENTATION_ITEM('surface area measure',AREA_MEASURE(
1.470538758954E0),#2402);
#2408=DERIVED_UNIT_ELEMENT(#2407,3.E0);
#2409=VOLUME_UNIT((#2408));
#2410=MEASURE_REPRESENTATION_ITEM('volume measure',VOLUME_MEASURE(
3.894533589514E-2),#2409);
#2414=CARTESIAN_POINT('centre point',(-5.377636141221E0,-6.779179985459E-1,
1.67696E1));
#2419=DERIVED_UNIT_ELEMENT(#2418,2.E0);
#2420=AREA_UNIT((#2419));
#2421=MEASURE_REPRESENTATION_ITEM('surface area measure',AREA_MEASURE(
1.470538758954E0),#2420);
#2426=DERIVED_UNIT_ELEMENT(#2425,3.E0);
#2427=VOLUME_UNIT((#2426));
#2428=MEASURE_REPRESENTATION_ITEM('volume measure',VOLUME_MEASURE(
3.894533589514E-2),#2427);
#2432=CARTESIAN_POINT('centre point',(-5.377636141221E0,-6.779179985459E-1,
1.67696E1));
#2439=CARTESIAN_POINT('centre point',(-5.377636141221E0,-6.779179985459E-1,
1.67696E1));
#2443=CARTESIAN_POINT('',(0.E0,0.E0,0.E0));
#2444=DIRECTION('',(0.E0,0.E0,1.E0));
#2445=DIRECTION('',(1.E0,0.E0,0.E0));
#2446=AXIS2_PLACEMENT_3D('',#2443,#2444,#2445);
#2447=ITEM_DEFINED_TRANSFORMATION('','',#2389,#2446);
#2448=CARTESIAN_POINT('',(0.E0,0.E0,0.E0));
#2449=DIRECTION('',(0.E0,0.E0,1.E0));
#2450=DIRECTION('',(1.E0,0.E0,0.E0));
#2452=(REPRESENTATION_RELATIONSHIP('','',#2390,#1899)REPRESENTATION_RELATIONSHIP_WITH_TRANSFORMATION(#2447)SHAPE_REPRESENTATION_RELATIONSHIP());
#2453=CONTEXT_DEPENDENT_SHAPE_REPRESENTATION(#2452,#2438);
#2455=DIRECTION('',(9.702957262760E-1,-2.419218955998E-1,0.E0));
#2456=VECTOR('',#2455,5.413348987374E-1);
#2457=CARTESIAN_POINT('',(-7.138890041750E0,-1.172750663046E0,1.67376E1));
#2458=LINE('',#2457,#2456);
#2459=CURVE_STYLE('',#1060,POSITIVE_LENGTH_MEASURE(2.E-2),#1054);
#2460=PRESENTATION_STYLE_ASSIGNMENT((#2459));
#2461=STYLED_ITEM('',(#2460),#2458);
#2462=CARTESIAN_POINT('',(-6.463114816781E0,-1.824203043432E-2,1.67376E1));
#2463=DIRECTION('',(0.E0,0.E0,-1.E0));
#2464=DIRECTION('',(-1.E0,-1.227934101159E-10,0.E0));
#2465=AXIS2_PLACEMENT_3D('',#2462,#2463,#2464);
#2467=CURVE_STYLE('',#1060,POSITIVE_LENGTH_MEASURE(2.E-2),#1054);
#2468=PRESENTATION_STYLE_ASSIGNMENT((#2467));
#2469=STYLED_ITEM('',(#2468),#2466);
#2470=CARTESIAN_POINT('',(-6.463114816781E0,-1.824203043432E-2,1.67376E1));
#2471=DIRECTION('',(0.E0,0.E0,-1.E0));
#2472=DIRECTION('',(-8.435082623655E-11,1.E0,0.E0));
#2473=AXIS2_PLACEMENT_3D('',#2470,#2471,#2472);
#2475=CURVE_STYLE('',#1060,POSITIVE_LENGTH_MEASURE(2.E-2),#1054);
#2476=PRESENTATION_STYLE_ASSIGNMENT((#2475));
#2477=STYLED_ITEM('',(#2476),#2474);
#2478=DIRECTION('',(9.702957262760E-1,-2.419218955997E-1,0.E0));
#2479=VECTOR('',#2478,1.873525082242E0);
#2480=CARTESIAN_POINT('',(-6.426700663816E0,1.278071600231E-1,1.67376E1));
#2481=LINE('',#2480,#2479);
#2482=CURVE_STYLE('',#1060,POSITIVE_LENGTH_MEASURE(2.E-2),#1054);
#2483=PRESENTATION_STYLE_ASSIGNMENT((#2482));
#2484=STYLED_ITEM('',(#2483),#2481);
#2485=DIRECTION('',(-9.702957262760E-1,2.419218955997E-1,0.E0));
#2486=VECTOR('',#2485,2.350824075031E0);
#2487=CARTESIAN_POINT('',(-4.608827283445E0,7.031605434359E-2,1.67376E1));
#2488=LINE('',#2487,#2486);
#2489=CURVE_STYLE('',#1060,POSITIVE_LENGTH_MEASURE(2.E-2),#1054);
#2490=PRESENTATION_STYLE_ASSIGNMENT((#2489));
#2491=STYLED_ITEM('',(#2490),#2488);
#2492=CARTESIAN_POINT('',(-6.938339422614E0,4.444384621453E-1,1.67376E1));
#2493=DIRECTION('',(0.E0,0.E0,1.E0));
#2494=DIRECTION('',(2.419218955495E-1,9.702957262885E-1,0.E0));
#2495=AXIS2_PLACEMENT_3D('',#2492,#2493,#2494);
#2497=CURVE_STYLE('',#1060,POSITIVE_LENGTH_MEASURE(2.E-2),#1054);
#2498=PRESENTATION_STYLE_ASSIGNMENT((#2497));
#2499=STYLED_ITEM('',(#2498),#2496);
#2500=CARTESIAN_POINT('',(-6.938339422614E0,4.444384621453E-1,1.67376E1));
#2501=DIRECTION('',(0.E0,0.E0,1.E0));
#2502=DIRECTION('',(0.E0,1.E0,0.E0));
#2503=AXIS2_PLACEMENT_3D('',#2500,#2501,#2502);
#2505=CURVE_STYLE('',#1060,POSITIVE_LENGTH_MEASURE(2.E-2),#1054);
#2506=PRESENTATION_STYLE_ASSIGNMENT((#2505));
#2507=STYLED_ITEM('',(#2506),#2504);
#2508=DIRECTION('',(-5.551115123126E-14,8.222589276130E-13,-1.E0));
#2509=VECTOR('',#2508,6.4E-2);
#2510=CARTESIAN_POINT('',(-7.138890041750E0,-1.172750663046E0,1.68016E1));
#2511=LINE('',#2510,#2509);
#2512=CURVE_STYLE('',#1060,POSITIVE_LENGTH_MEASURE(2.E-2),#1054);
#2513=PRESENTATION_STYLE_ASSIGNMENT((#2512));
#2514=STYLED_ITEM('',(#2513),#2511);
#2515=DIRECTION('',(-9.226748571626E-14,1.E0,0.E0));
#2516=VECTOR('',#2515,1.617189125197E0);
#2517=CARTESIAN_POINT('',(-7.138890041750E0,-1.172750663046E0,1.67376E1));
#2518=LINE('',#2517,#2516);
#2519=CURVE_STYLE('',#1060,POSITIVE_LENGTH_MEASURE(2.E-2),#1054);
#2520=PRESENTATION_STYLE_ASSIGNMENT((#2519));
#2521=STYLED_ITEM('',(#2520),#2518);
#2522=DIRECTION('',(-1.387778780781E-14,-2.567911161488E-11,-1.E0));
#2523=VECTOR('',#2522,6.4E-2);
#2524=CARTESIAN_POINT('',(-7.138890041750E0,4.444384621527E-1,1.68016E1));
#2525=LINE('',#2524,#2523);
#2526=CURVE_STYLE('',#1060,POSITIVE_LENGTH_MEASURE(2.E-2),#1054);
#2527=PRESENTATION_STYLE_ASSIGNMENT((#2526));
#2528=STYLED_ITEM('',(#2527),#2525);
#2529=DIRECTION('',(3.924638392050E-11,-9.135053824494E-12,1.E0));
#2530=VECTOR('',#2529,6.4E-2);
#2531=CARTESIAN_POINT('',(-6.889821836675E0,6.390318707966E-1,1.67376E1));
#2532=LINE('',#2531,#2530);
#2533=CURVE_STYLE('',#1060,POSITIVE_LENGTH_MEASURE(2.E-2),#1054);
#2534=PRESENTATION_STYLE_ASSIGNMENT((#2533));
#2535=STYLED_ITEM('',(#2534),#2532);
#2536=DIRECTION('',(-9.702957262760E-1,2.419218955998E-1,0.E0));
#2537=VECTOR('',#2536,5.413348987374E-1);
#2538=CARTESIAN_POINT('',(-6.613635103021E0,-1.303711427903E0,1.68016E1));
#2539=LINE('',#2538,#2537);
#2540=CURVE_STYLE('',#1060,POSITIVE_LENGTH_MEASURE(2.E-2),#1054);
#2541=PRESENTATION_STYLE_ASSIGNMENT((#2540));
#2542=STYLED_ITEM('',(#2541),#2539);
#2543=DIRECTION('',(-9.501354183867E-14,1.E0,0.E0));
#2544=VECTOR('',#2543,1.617189125199E0);
#2545=CARTESIAN_POINT('',(-7.138890041750E0,-1.172750663046E0,1.68016E1));
#2546=LINE('',#2545,#2544);
#2547=CURVE_STYLE('',#1060,POSITIVE_LENGTH_MEASURE(2.E-2),#1054);
#2548=PRESENTATION_STYLE_ASSIGNMENT((#2547));
#2549=STYLED_ITEM('',(#2548),#2546);
#2550=CARTESIAN_POINT('',(-6.938339422614E0,4.444384621453E-1,1.68016E1));
#2551=DIRECTION('',(0.E0,0.E0,-1.E0));
#2552=DIRECTION('',(-1.E0,5.767273878464E-11,0.E0));
#2553=AXIS2_PLACEMENT_3D('',#2550,#2551,#2552);
#2555=CURVE_STYLE('',#1060,POSITIVE_LENGTH_MEASURE(2.E-2),#1054);
#2556=PRESENTATION_STYLE_ASSIGNMENT((#2555));
#2557=STYLED_ITEM('',(#2556),#2554);
#2558=CARTESIAN_POINT('',(-6.938339422614E0,4.444384621453E-1,1.68016E1));
#2559=DIRECTION('',(0.E0,0.E0,-1.E0));
#2560=DIRECTION('',(0.E0,1.E0,0.E0));
#2561=AXIS2_PLACEMENT_3D('',#2558,#2559,#2560);
#2563=CURVE_STYLE('',#1060,POSITIVE_LENGTH_MEASURE(2.E-2),#1054);
#2564=PRESENTATION_STYLE_ASSIGNMENT((#2563));
#2565=STYLED_ITEM('',(#2564),#2562);
#2566=DIRECTION('',(9.702957262760E-1,-2.419218955997E-1,0.E0));
#2567=VECTOR('',#2566,2.350824075029E0);
#2568=CARTESIAN_POINT('',(-6.889821836672E0,6.390318707961E-1,1.68016E1));
#2569=LINE('',#2568,#2567);
#2570=CURVE_STYLE('',#1060,POSITIVE_LENGTH_MEASURE(2.E-2),#1054);
#2571=PRESENTATION_STYLE_ASSIGNMENT((#2570));
#2572=STYLED_ITEM('',(#2571),#2569);
#2573=DIRECTION('',(0.E0,-1.E0,0.E0));
#2574=VECTOR('',#2573,3.957556336703E-1);
#2575=CARTESIAN_POINT('',(-4.608827283445E0,7.031605434364E-2,1.68016E1));
#2576=LINE('',#2575,#2574);
#2577=CURVE_STYLE('',#1060,POSITIVE_LENGTH_MEASURE(2.E-2),#1054);
#2578=PRESENTATION_STYLE_ASSIGNMENT((#2577));
#2579=STYLED_ITEM('',(#2578),#2576);
#2580=DIRECTION('',(-9.702957262760E-1,2.419218955997E-1,0.E0));
#2581=VECTOR('',#2580,1.873525082236E0);
#2582=CARTESIAN_POINT('',(-4.608827283445E0,-3.254395793266E-1,1.68016E1));
#2583=LINE('',#2582,#2581);
#2584=CURVE_STYLE('',#1060,POSITIVE_LENGTH_MEASURE(2.E-2),#1054);
#2585=PRESENTATION_STYLE_ASSIGNMENT((#2584));
#2586=STYLED_ITEM('',(#2585),#2583);
#2587=CARTESIAN_POINT('',(-6.463114816781E0,-1.824203043432E-2,1.68016E1));
#2588=DIRECTION('',(0.E0,0.E0,1.E0));
#2589=DIRECTION('',(2.419218956039E-1,9.702957262749E-1,0.E0));
#2590=AXIS2_PLACEMENT_3D('',#2587,#2588,#2589);
#2592=CURVE_STYLE('',#1060,POSITIVE_LENGTH_MEASURE(2.E-2),#1054);
#2593=PRESENTATION_STYLE_ASSIGNMENT((#2592));
#2594=STYLED_ITEM('',(#2593),#2591);
#2595=CARTESIAN_POINT('',(-6.463114816781E0,-1.824203043432E-2,1.68016E1));
#2596=DIRECTION('',(0.E0,0.E0,1.E0));
#2597=DIRECTION('',(-4.640328069425E-11,1.E0,0.E0));
#2598=AXIS2_PLACEMENT_3D('',#2595,#2596,#2597);
#2600=CURVE_STYLE('',#1060,POSITIVE_LENGTH_MEASURE(2.E-2),#1054);
#2601=PRESENTATION_STYLE_ASSIGNMENT((#2600));
#2602=STYLED_ITEM('',(#2601),#2599);
#2603=DIRECTION('',(-4.035072310008E-13,-1.E0,0.E0));
#2604=VECTOR('',#2603,1.285469397459E0);
#2605=CARTESIAN_POINT('',(-6.613635103020E0,-1.824203044401E-2,1.68016E1));
#2606=LINE('',#2605,#2604);
#2607=CURVE_STYLE('',#1060,POSITIVE_LENGTH_MEASURE(2.E-2),#1054);
#2608=PRESENTATION_STYLE_ASSIGNMENT((#2607));
#2609=STYLED_ITEM('',(#2608),#2606);
#2610=DIRECTION('',(-4.163336342344E-14,8.187894806611E-13,-1.E0));
#2611=VECTOR('',#2610,6.4E-2);
#2612=CARTESIAN_POINT('',(-6.613635103021E0,-1.303711427903E0,1.68016E1));
#2613=LINE('',#2612,#2611);
#2614=CURVE_STYLE('',#1060,POSITIVE_LENGTH_MEASURE(2.E-2),#1054);
#2615=PRESENTATION_STYLE_ASSIGNMENT((#2614));
#2616=STYLED_ITEM('',(#2615),#2613);
#2617=DIRECTION('',(-4.055800421198E-13,-1.E0,0.E0));
#2618=VECTOR('',#2617,1.285469397456E0);
#2619=CARTESIAN_POINT('',(-6.613635103020E0,-1.824203044673E-2,1.67376E1));
#2620=LINE('',#2619,#2618);
#2621=CURVE_STYLE('',#1060,POSITIVE_LENGTH_MEASURE(2.E-2),#1054);
#2622=PRESENTATION_STYLE_ASSIGNMENT((#2621));
#2623=STYLED_ITEM('',(#2622),#2620);
#2624=DIRECTION('',(-9.811595980125E-11,2.450253541730E-11,-1.E0));
#2625=VECTOR('',#2624,6.4E-2);
#2626=CARTESIAN_POINT('',(-6.426700663809E0,1.278071600215E-1,1.68016E1));
#2627=LINE('',#2626,#2625);
#2628=CURVE_STYLE('',#1060,POSITIVE_LENGTH_MEASURE(2.E-2),#1054);
#2629=PRESENTATION_STYLE_ASSIGNMENT((#2628));
#2630=STYLED_ITEM('',(#2629),#2627);
#2631=DIRECTION('',(5.551115123126E-14,4.256263310548E-11,1.E0));
#2632=VECTOR('',#2631,6.4E-2);
#2633=CARTESIAN_POINT('',(-6.613635103020E0,-1.824203044673E-2,1.67376E1));
#2634=LINE('',#2633,#2632);
#2635=CURVE_STYLE('',#1060,POSITIVE_LENGTH_MEASURE(2.E-2),#1054);
#2636=PRESENTATION_STYLE_ASSIGNMENT((#2635));
#2637=STYLED_ITEM('',(#2636),#2634);
#2638=DIRECTION('',(9.714451465470E-14,-2.081668171172E-13,-1.E0));
#2639=VECTOR('',#2638,6.4E-2);
#2640=CARTESIAN_POINT('',(-4.608827283445E0,-3.254395793266E-1,1.68016E1));
#2641=LINE('',#2640,#2639);
#2642=CURVE_STYLE('',#1060,POSITIVE_LENGTH_MEASURE(2.E-2),#1054);
#2643=PRESENTATION_STYLE_ASSIGNMENT((#2642));
#2644=STYLED_ITEM('',(#2643),#2641);
#2645=DIRECTION('',(0.E0,-7.814929259276E-13,-1.E0));
#2646=VECTOR('',#2645,6.4E-2);
#2647=CARTESIAN_POINT('',(-4.608827283445E0,7.031605434364E-2,1.68016E1));
#2648=LINE('',#2647,#2646);
#2649=CURVE_STYLE('',#1060,POSITIVE_LENGTH_MEASURE(2.E-2),#1054);
#2650=PRESENTATION_STYLE_ASSIGNMENT((#2649));
#2651=STYLED_ITEM('',(#2650),#2648);
#2652=DIRECTION('',(1.795407760012E-14,-1.E0,0.E0));
#2653=VECTOR('',#2652,3.957556336702E-1);
#2654=CARTESIAN_POINT('',(-4.608827283445E0,7.031605434359E-2,1.67376E1));
#2655=LINE('',#2654,#2653);
#2656=CURVE_STYLE('',#1060,POSITIVE_LENGTH_MEASURE(2.E-2),#1054);
#2657=PRESENTATION_STYLE_ASSIGNMENT((#2656));
#2658=STYLED_ITEM('',(#2657),#2655);
#2659=CARTESIAN_POINT('',(-7.138890041750E0,-1.172750663046E0,1.67376E1));
#2660=CARTESIAN_POINT('',(-7.138890041750E0,4.444384621511E-1,1.67376E1));
#2661=VERTEX_POINT('',#2659);
#2662=VERTEX_POINT('',#2660);
#2663=CARTESIAN_POINT('',(-6.613635103021E0,-1.303711427903E0,1.67376E1));
#2664=VERTEX_POINT('',#2663);
#2665=CARTESIAN_POINT('',(-6.613635103020E0,-1.824203044673E-2,1.67376E1));
#2666=VERTEX_POINT('',#2665);
#2667=CARTESIAN_POINT('',(-6.463114816794E0,1.322782558046E-1,1.67376E1));
#2668=VERTEX_POINT('',#2667);
#2669=CARTESIAN_POINT('',(-6.426700663820E0,1.278071600241E-1,1.67376E1));
#2670=VERTEX_POINT('',#2669);
#2671=CARTESIAN_POINT('',(-4.608827283445E0,-3.254395793266E-1,1.67376E1));
#2672=VERTEX_POINT('',#2671);
#2673=CARTESIAN_POINT('',(-4.608827283445E0,7.031605434359E-2,1.67376E1));
#2674=VERTEX_POINT('',#2673);
#2675=CARTESIAN_POINT('',(-6.889821836675E0,6.390318707966E-1,1.67376E1));
#2676=VERTEX_POINT('',#2675);
#2677=CARTESIAN_POINT('',(-6.938339422614E0,6.449890812816E-1,1.67376E1));
#2678=VERTEX_POINT('',#2677);
#2679=CARTESIAN_POINT('',(-7.138890041750E0,4.444384621527E-1,1.68016E1));
#2680=VERTEX_POINT('',#2679);
#2681=CARTESIAN_POINT('',(-7.138890041750E0,-1.172750663046E0,1.68016E1));
#2682=VERTEX_POINT('',#2681);
#2683=CARTESIAN_POINT('',(-6.938339422614E0,6.449890812816E-1,1.68016E1));
#2684=CARTESIAN_POINT('',(-6.889821836673E0,6.390318707962E-1,1.68016E1));
#2685=VERTEX_POINT('',#2683);
#2686=VERTEX_POINT('',#2684);
#2687=CARTESIAN_POINT('',(-6.613635103021E0,-1.303711427903E0,1.68016E1));
#2688=VERTEX_POINT('',#2687);
#2689=CARTESIAN_POINT('',(-4.608827283445E0,7.031605434364E-2,1.68016E1));
#2690=VERTEX_POINT('',#2689);
#2691=CARTESIAN_POINT('',(-4.608827283445E0,-3.254395793266E-1,1.68016E1));
#2692=VERTEX_POINT('',#2691);
#2693=CARTESIAN_POINT('',(-6.426700663809E0,1.278071600215E-1,1.68016E1));
#2694=VERTEX_POINT('',#2693);
#2695=CARTESIAN_POINT('',(-6.463114816788E0,1.322782558046E-1,1.68016E1));
#2696=VERTEX_POINT('',#2695);
#2697=CARTESIAN_POINT('',(-6.613635103020E0,-1.824203044642E-2,1.68016E1));
#2698=VERTEX_POINT('',#2697);
#2699=CARTESIAN_POINT('',(-6.463114816781E0,-1.824203043432E-2,1.67376E1));
#2700=DIRECTION('',(0.E0,0.E0,-1.E0));
#2701=DIRECTION('',(0.E0,-1.E0,0.E0));
#2702=AXIS2_PLACEMENT_3D('',#2699,#2700,#2701);
#2703=PLANE('',#2702);
#2705=ORIENTED_EDGE('',*,*,#2704,.F.);
#2707=ORIENTED_EDGE('',*,*,#2706,.T.);
#2709=ORIENTED_EDGE('',*,*,#2708,.F.);
#2711=ORIENTED_EDGE('',*,*,#2710,.T.);
#2713=ORIENTED_EDGE('',*,*,#2712,.T.);
#2715=ORIENTED_EDGE('',*,*,#2714,.T.);
#2717=ORIENTED_EDGE('',*,*,#2716,.F.);
#2719=ORIENTED_EDGE('',*,*,#2718,.T.);
#2721=ORIENTED_EDGE('',*,*,#2720,.T.);
#2723=ORIENTED_EDGE('',*,*,#2722,.T.);
#2724=EDGE_LOOP('',(#2705,#2707,#2709,#2711,#2713,#2715,#2717,#2719,#2721,
#2723));
#2725=FACE_OUTER_BOUND('',#2724,.F.);
#2727=CARTESIAN_POINT('',(-7.138890041750E0,4.444384621453E-1,1.68656E1));
#2728=DIRECTION('',(1.E0,0.E0,0.E0));
#2729=DIRECTION('',(0.E0,0.E0,-1.E0));
#2730=AXIS2_PLACEMENT_3D('',#2727,#2728,#2729);
#2731=PLANE('',#2730);
#2733=ORIENTED_EDGE('',*,*,#2732,.F.);
#2735=ORIENTED_EDGE('',*,*,#2734,.F.);
#2737=ORIENTED_EDGE('',*,*,#2736,.T.);
#2738=ORIENTED_EDGE('',*,*,#2704,.T.);
#2739=EDGE_LOOP('',(#2733,#2735,#2737,#2738));
#2740=FACE_OUTER_BOUND('',#2739,.F.);
#2742=CARTESIAN_POINT('',(-6.938339422614E0,4.444384621453E-1,1.68656E1));
#2743=DIRECTION('',(0.E0,0.E0,-1.E0));
#2744=DIRECTION('',(0.E0,-1.E0,0.E0));
#2745=AXIS2_PLACEMENT_3D('',#2742,#2743,#2744);
#2746=CYLINDRICAL_SURFACE('',#2745,2.005506191363E-1);
#2748=ORIENTED_EDGE('',*,*,#2747,.F.);
#2750=ORIENTED_EDGE('',*,*,#2749,.F.);
#2751=ORIENTED_EDGE('',*,*,#2732,.T.);
#2752=ORIENTED_EDGE('',*,*,#2722,.F.);
#2753=ORIENTED_EDGE('',*,*,#2720,.F.);
#2755=ORIENTED_EDGE('',*,*,#2754,.T.);
#2756=EDGE_LOOP('',(#2748,#2750,#2751,#2752,#2753,#2755));
#2757=FACE_OUTER_BOUND('',#2756,.F.);
#2759=CARTESIAN_POINT('',(-5.92E0,0.E0,1.68016E1));
#2760=DIRECTION('',(0.E0,0.E0,1.E0));
#2761=DIRECTION('',(1.E0,0.E0,0.E0));
#2762=AXIS2_PLACEMENT_3D('',#2759,#2760,#2761);
#2763=PLANE('',#2762);
#2765=ORIENTED_EDGE('',*,*,#2764,.T.);
#2766=ORIENTED_EDGE('',*,*,#2734,.T.);
#2767=ORIENTED_EDGE('',*,*,#2749,.T.);
#2768=ORIENTED_EDGE('',*,*,#2747,.T.);
#2770=ORIENTED_EDGE('',*,*,#2769,.T.);
#2772=ORIENTED_EDGE('',*,*,#2771,.T.);
#2774=ORIENTED_EDGE('',*,*,#2773,.T.);
#2776=ORIENTED_EDGE('',*,*,#2775,.T.);
#2778=ORIENTED_EDGE('',*,*,#2777,.T.);
#2780=ORIENTED_EDGE('',*,*,#2779,.T.);
#2781=EDGE_LOOP('',(#2765,#2766,#2767,#2768,#2770,#2772,#2774,#2776,#2778,
#2780));
#2782=FACE_OUTER_BOUND('',#2781,.F.);
#2784=CARTESIAN_POINT('',(-7.138890041750E0,-1.172750663046E0,1.68656E1));
#2785=DIRECTION('',(2.419218955996E-1,9.702957262760E-1,0.E0));
#2786=DIRECTION('',(-9.702957262760E-1,2.419218955996E-1,0.E0));
#2787=AXIS2_PLACEMENT_3D('',#2784,#2785,#2786);
#2788=PLANE('',#2787);
#2789=ORIENTED_EDGE('',*,*,#2736,.F.);
#2790=ORIENTED_EDGE('',*,*,#2764,.F.);
#2792=ORIENTED_EDGE('',*,*,#2791,.T.);
#2793=ORIENTED_EDGE('',*,*,#2706,.F.);
#2794=EDGE_LOOP('',(#2789,#2790,#2792,#2793));
#2795=FACE_OUTER_BOUND('',#2794,.F.);
#2797=CARTESIAN_POINT('',(-6.613635103021E0,-1.303711427903E0,1.68656E1));
#2798=DIRECTION('',(-1.E0,0.E0,0.E0));
#2799=DIRECTION('',(0.E0,0.E0,1.E0));
#2800=AXIS2_PLACEMENT_3D('',#2797,#2798,#2799);
#2801=PLANE('',#2800);
#2802=ORIENTED_EDGE('',*,*,#2791,.F.);
#2803=ORIENTED_EDGE('',*,*,#2779,.F.);
#2805=ORIENTED_EDGE('',*,*,#2804,.F.);
#2806=ORIENTED_EDGE('',*,*,#2708,.T.);
#2807=EDGE_LOOP('',(#2802,#2803,#2805,#2806));
#2808=FACE_OUTER_BOUND('',#2807,.F.);
#2810=CARTESIAN_POINT('',(-6.463114816781E0,-1.824203043432E-2,1.68656E1));
#2811=DIRECTION('',(0.E0,0.E0,-1.E0));
#2812=DIRECTION('',(0.E0,-1.E0,0.E0));
#2813=AXIS2_PLACEMENT_3D('',#2810,#2811,#2812);
#2814=CYLINDRICAL_SURFACE('',#2813,1.505202862389E-1);
#2815=ORIENTED_EDGE('',*,*,#2777,.F.);
#2816=ORIENTED_EDGE('',*,*,#2775,.F.);
#2818=ORIENTED_EDGE('',*,*,#2817,.T.);
#2819=ORIENTED_EDGE('',*,*,#2712,.F.);
#2820=ORIENTED_EDGE('',*,*,#2710,.F.);
#2821=ORIENTED_EDGE('',*,*,#2804,.T.);
#2822=EDGE_LOOP('',(#2815,#2816,#2818,#2819,#2820,#2821));
#2823=FACE_OUTER_BOUND('',#2822,.F.);
#2825=CARTESIAN_POINT('',(-6.426700663808E0,1.278071600211E-1,1.68656E1));
#2826=DIRECTION('',(2.419218955997E-1,9.702957262760E-1,0.E0));
#2827=DIRECTION('',(-9.702957262760E-1,2.419218955997E-1,0.E0));
#2828=AXIS2_PLACEMENT_3D('',#2825,#2826,#2827);
#2829=PLANE('',#2828);
#2830=ORIENTED_EDGE('',*,*,#2817,.F.);
#2831=ORIENTED_EDGE('',*,*,#2773,.F.);
#2833=ORIENTED_EDGE('',*,*,#2832,.T.);
#2834=ORIENTED_EDGE('',*,*,#2714,.F.);
#2835=EDGE_LOOP('',(#2830,#2831,#2833,#2834));
#2836=FACE_OUTER_BOUND('',#2835,.F.);
#2838=CARTESIAN_POINT('',(-4.608827283445E0,-3.254395793267E-1,1.68656E1));
#2839=DIRECTION('',(-1.E0,0.E0,0.E0));
#2840=DIRECTION('',(0.E0,0.E0,1.E0));
#2841=AXIS2_PLACEMENT_3D('',#2838,#2839,#2840);
#2842=PLANE('',#2841);
#2843=ORIENTED_EDGE('',*,*,#2832,.F.);
#2844=ORIENTED_EDGE('',*,*,#2771,.F.);
#2846=ORIENTED_EDGE('',*,*,#2845,.T.);
#2847=ORIENTED_EDGE('',*,*,#2716,.T.);
#2848=EDGE_LOOP('',(#2843,#2844,#2846,#2847));
#2849=FACE_OUTER_BOUND('',#2848,.F.);
#2851=CARTESIAN_POINT('',(-4.608827283445E0,7.031605434358E-2,1.68656E1));
#2852=DIRECTION('',(-2.419218955997E-1,-9.702957262760E-1,0.E0));
#2853=DIRECTION('',(9.702957262760E-1,-2.419218955997E-1,0.E0));
#2854=AXIS2_PLACEMENT_3D('',#2851,#2852,#2853);
#2855=PLANE('',#2854);
#2856=ORIENTED_EDGE('',*,*,#2845,.F.);
#2857=ORIENTED_EDGE('',*,*,#2769,.F.);
#2858=ORIENTED_EDGE('',*,*,#2754,.F.);
#2859=ORIENTED_EDGE('',*,*,#2718,.F.);
#2860=EDGE_LOOP('',(#2856,#2857,#2858,#2859));
#2861=FACE_OUTER_BOUND('',#2860,.F.);
#2863=CLOSED_SHELL('',(#2726,#2741,#2758,#2783,#2796,#2809,#2824,#2837,#2850,
#2862));
#2864=MANIFOLD_SOLID_BREP('',#2863);
#2865=FILL_AREA_STYLE_COLOUR('',#1054);
#2866=FILL_AREA_STYLE('',(#2865));
#2867=SURFACE_STYLE_FILL_AREA(#2866);
#2868=SURFACE_SIDE_STYLE('',(#2867));
#2869=SURFACE_STYLE_USAGE(.BOTH.,#2868);
#2870=PRESENTATION_STYLE_ASSIGNMENT((#2869));
#2454=STYLED_ITEM('',(#2870),#2864);
#2873=PLANE_ANGLE_MEASURE_WITH_UNIT(PLANE_ANGLE_MEASURE(1.745329251994E-2),
#2872);
#2874=(CONVERSION_BASED_UNIT('DEGREE',#2873)NAMED_UNIT(*)PLANE_ANGLE_UNIT());
#2876=UNCERTAINTY_MEASURE_WITH_UNIT(LENGTH_MEASURE(3.194046185015E-4),#2871,
'closure',
'Maximum model space distance between geometric entities at asserted connectivities');
#2878=CARTESIAN_POINT('',(0.E0,0.E0,0.E0));
#2879=DIRECTION('',(0.E0,0.E0,1.E0));
#2880=DIRECTION('',(1.E0,0.E0,0.E0));
#2883=PRODUCT_DEFINITION_CONTEXT('',#989,'design');
#2884=PRODUCT_CONTEXT('',#989,'mechanical');
#2885=PRODUCT('LOGO_NX_PRT_291_1_1_1_1_2_1__15',
'LOGO_NX_PRT_291_1_1_1_1_2_1__15','NOT SPECIFIED',(#2884));
#2886=PRODUCT_DEFINITION_FORMATION_WITH_SPECIFIED_SOURCE('1','LAST_VERSION',
#2885,.MADE.);
#2894=DERIVED_UNIT_ELEMENT(#2893,2.E0);
#2895=AREA_UNIT((#2894));
#2896=MEASURE_REPRESENTATION_ITEM('surface area measure',AREA_MEASURE(
4.099164860071E0),#2895);
#2901=DERIVED_UNIT_ELEMENT(#2900,3.E0);
#2902=VOLUME_UNIT((#2901));
#2903=MEASURE_REPRESENTATION_ITEM('volume measure',VOLUME_MEASURE(
1.133529273007E-1),#2902);
#2907=CARTESIAN_POINT('centre point',(-6.306379517691E0,-1.173548994856E-1,
1.67696E1));
#2912=DERIVED_UNIT_ELEMENT(#2911,2.E0);
#2913=AREA_UNIT((#2912));
#2914=MEASURE_REPRESENTATION_ITEM('surface area measure',AREA_MEASURE(
4.099164860071E0),#2913);
#2919=DERIVED_UNIT_ELEMENT(#2918,3.E0);
#2920=VOLUME_UNIT((#2919));
#2921=MEASURE_REPRESENTATION_ITEM('volume measure',VOLUME_MEASURE(
1.133529273007E-1),#2920);
#2925=CARTESIAN_POINT('centre point',(-6.306379517691E0,-1.173548994856E-1,
1.67696E1));
#2932=CARTESIAN_POINT('centre point',(-6.306379517691E0,-1.173548994856E-1,
1.67696E1));
#2936=CARTESIAN_POINT('',(0.E0,0.E0,0.E0));
#2937=DIRECTION('',(0.E0,0.E0,1.E0));
#2938=DIRECTION('',(1.E0,0.E0,0.E0));
#2939=AXIS2_PLACEMENT_3D('',#2936,#2937,#2938);
#2940=ITEM_DEFINED_TRANSFORMATION('','',#2881,#2939);
#2941=CARTESIAN_POINT('',(0.E0,0.E0,0.E0));
#2942=DIRECTION('',(0.E0,0.E0,1.E0));
#2943=DIRECTION('',(1.E0,0.E0,0.E0));
#2945=(REPRESENTATION_RELATIONSHIP('','',#2882,#1899)REPRESENTATION_RELATIONSHIP_WITH_TRANSFORMATION(#2940)SHAPE_REPRESENTATION_RELATIONSHIP());
#2946=CONTEXT_DEPENDENT_SHAPE_REPRESENTATION(#2945,#2931);
#2948=DIRECTION('',(8.326672684689E-14,6.487865800153E-13,-1.E0));
#2949=VECTOR('',#2948,6.4E-2);
#2950=CARTESIAN_POINT('',(-7.138890041750E0,1.467908089176E0,1.68016E1));
#2951=LINE('',#2950,#2949);
#2952=CURVE_STYLE('',#1060,POSITIVE_LENGTH_MEASURE(2.E-2),#1054);
#2953=PRESENTATION_STYLE_ASSIGNMENT((#2952));
#2954=STYLED_ITEM('',(#2953),#2951);
#2955=DIRECTION('',(5.551115123126E-14,-4.805184028456E-13,1.E0));
#2956=VECTOR('',#2955,6.4E-2);
#2957=CARTESIAN_POINT('',(-4.608827283445E0,4.413369609098E-1,1.67376E1));
#2958=LINE('',#2957,#2956);
#2959=CURVE_STYLE('',#1060,POSITIVE_LENGTH_MEASURE(2.E-2),#1054);
#2960=PRESENTATION_STYLE_ASSIGNMENT((#2959));
#2961=STYLED_ITEM('',(#2960),#2958);
#2962=DIRECTION('',(1.122129850008E-14,1.E0,0.E0));
#2963=VECTOR('',#2962,3.957556336701E-1);
#2964=CARTESIAN_POINT('',(-4.608827283445E0,4.413369609098E-1,1.68016E1));
#2965=LINE('',#2964,#2963);
#2966=CURVE_STYLE('',#1060,POSITIVE_LENGTH_MEASURE(2.E-2),#1054);
#2967=PRESENTATION_STYLE_ASSIGNMENT((#2966));
#2968=STYLED_ITEM('',(#2967),#2965);
#2969=DIRECTION('',(5.551115123126E-14,2.966377143920E-13,-1.E0));
#2970=VECTOR('',#2969,6.4E-2);
#2971=CARTESIAN_POINT('',(-4.608827283445E0,8.370925945799E-1,1.68016E1));
#2972=LINE('',#2971,#2970);
#2973=CURVE_STYLE('',#1060,POSITIVE_LENGTH_MEASURE(2.E-2),#1054);
#2974=PRESENTATION_STYLE_ASSIGNMENT((#2973));
#2975=STYLED_ITEM('',(#2974),#2972);
#2976=DIRECTION('',(-2.693111640019E-14,-1.E0,0.E0));
#2977=VECTOR('',#2976,3.957556336701E-1);
#2978=CARTESIAN_POINT('',(-4.608827283445E0,8.370925945799E-1,1.67376E1));
#2979=LINE('',#2978,#2977);
#2980=CURVE_STYLE('',#1060,POSITIVE_LENGTH_MEASURE(2.E-2),#1054);
#2981=PRESENTATION_STYLE_ASSIGNMENT((#2980));
#2982=STYLED_ITEM('',(#2981),#2979);
#2983=DIRECTION('',(-2.775557561563E-14,-3.469446951954E-13,1.E0));
#2984=VECTOR('',#2983,6.4E-2);
#2985=CARTESIAN_POINT('',(-7.138890041750E0,1.072152455506E0,1.67376E1));
#2986=LINE('',#2985,#2984);
#2987=CURVE_STYLE('',#1060,POSITIVE_LENGTH_MEASURE(2.E-2),#1054);
#2988=PRESENTATION_STYLE_ASSIGNMENT((#2987));
#2989=STYLED_ITEM('',(#2988),#2986);
#2990=DIRECTION('',(-9.702957262760E-1,2.419218955997E-1,0.E0));
#2991=VECTOR('',#2990,2.607517161820E0);
#2992=CARTESIAN_POINT('',(-4.608827283445E0,4.413369609098E-1,1.68016E1));
#2993=LINE('',#2992,#2991);
#2994=CURVE_STYLE('',#1060,POSITIVE_LENGTH_MEASURE(2.E-2),#1054);
#2995=PRESENTATION_STYLE_ASSIGNMENT((#2994));
#2996=STYLED_ITEM('',(#2995),#2993);
#2997=DIRECTION('',(5.386223280039E-14,1.E0,0.E0));
#2998=VECTOR('',#2997,3.957556336701E-1);
#2999=CARTESIAN_POINT('',(-7.138890041750E0,1.072152455506E0,1.68016E1));
#3000=LINE('',#2999,#2998);
#3001=CURVE_STYLE('',#1060,POSITIVE_LENGTH_MEASURE(2.E-2),#1054);
#3002=PRESENTATION_STYLE_ASSIGNMENT((#3001));
#3003=STYLED_ITEM('',(#3002),#3000);
#3004=DIRECTION('',(9.702957262760E-1,-2.419218955997E-1,0.E0));
#3005=VECTOR('',#3004,2.607517161820E0);
#3006=CARTESIAN_POINT('',(-7.138890041750E0,1.467908089176E0,1.68016E1));
#3007=LINE('',#3006,#3005);
#3008=CURVE_STYLE('',#1060,POSITIVE_LENGTH_MEASURE(2.E-2),#1054);
#3009=PRESENTATION_STYLE_ASSIGNMENT((#3008));
#3010=STYLED_ITEM('',(#3009),#3007);
#3011=DIRECTION('',(9.702957262760E-1,-2.419218955997E-1,0.E0));
#3012=VECTOR('',#3011,2.607517161820E0);
#3013=CARTESIAN_POINT('',(-7.138890041750E0,1.072152455506E0,1.67376E1));
#3014=LINE('',#3013,#3012);
#3015=CURVE_STYLE('',#1060,POSITIVE_LENGTH_MEASURE(2.E-2),#1054);
#3016=PRESENTATION_STYLE_ASSIGNMENT((#3015));
#3017=STYLED_ITEM('',(#3016),#3014);
#3018=DIRECTION('',(-9.702957262760E-1,2.419218955997E-1,0.E0));
#3019=VECTOR('',#3018,2.607517161820E0);
#3020=CARTESIAN_POINT('',(-4.608827283445E0,8.370925945799E-1,1.67376E1));
#3021=LINE('',#3020,#3019);
#3022=CURVE_STYLE('',#1060,POSITIVE_LENGTH_MEASURE(2.E-2),#1054);
#3023=PRESENTATION_STYLE_ASSIGNMENT((#3022));
#3024=STYLED_ITEM('',(#3023),#3021);
#3025=DIRECTION('',(-7.181631040052E-14,-1.E0,0.E0));
#3026=VECTOR('',#3025,3.957556336701E-1);
#3027=CARTESIAN_POINT('',(-7.138890041750E0,1.467908089176E0,1.67376E1));
#3028=LINE('',#3027,#3026);
#3029=CURVE_STYLE('',#1060,POSITIVE_LENGTH_MEASURE(2.E-2),#1054);
#3030=PRESENTATION_STYLE_ASSIGNMENT((#3029));
#3031=STYLED_ITEM('',(#3030),#3028);
#3032=CARTESIAN_POINT('',(-7.138890041750E0,1.467908089176E0,1.68016E1));
#3033=CARTESIAN_POINT('',(-7.138890041750E0,1.467908089176E0,1.67376E1));
#3034=VERTEX_POINT('',#3032);
#3035=VERTEX_POINT('',#3033);
#3036=CARTESIAN_POINT('',(-7.138890041750E0,1.072152455506E0,1.68016E1));
#3037=VERTEX_POINT('',#3036);
#3038=CARTESIAN_POINT('',(-7.138890041750E0,1.072152455506E0,1.67376E1));
#3039=VERTEX_POINT('',#3038);
#3040=CARTESIAN_POINT('',(-4.608827283445E0,8.370925945799E-1,1.68016E1));
#3041=CARTESIAN_POINT('',(-4.608827283445E0,8.370925945799E-1,1.67376E1));
#3042=VERTEX_POINT('',#3040);
#3043=VERTEX_POINT('',#3041);
#3044=CARTESIAN_POINT('',(-4.608827283445E0,4.413369609098E-1,1.67376E1));
#3045=CARTESIAN_POINT('',(-4.608827283445E0,4.413369609098E-1,1.68016E1));
#3046=VERTEX_POINT('',#3044);
#3047=VERTEX_POINT('',#3045);
#3048=CARTESIAN_POINT('',(-7.138890041750E0,1.467908089176E0,1.68656E1));
#3049=DIRECTION('',(1.E0,0.E0,0.E0));
#3050=DIRECTION('',(0.E0,0.E0,-1.E0));
#3051=AXIS2_PLACEMENT_3D('',#3048,#3049,#3050);
#3052=PLANE('',#3051);
#3054=ORIENTED_EDGE('',*,*,#3053,.F.);
#3056=ORIENTED_EDGE('',*,*,#3055,.F.);
#3058=ORIENTED_EDGE('',*,*,#3057,.F.);
#3060=ORIENTED_EDGE('',*,*,#3059,.F.);
#3061=EDGE_LOOP('',(#3054,#3056,#3058,#3060));
#3062=FACE_OUTER_BOUND('',#3061,.F.);
#3064=CARTESIAN_POINT('',(-4.608827283445E0,8.370925945800E-1,1.68656E1));
#3065=DIRECTION('',(-2.419218955997E-1,-9.702957262760E-1,0.E0));
#3066=DIRECTION('',(9.702957262760E-1,-2.419218955997E-1,0.E0));
#3067=AXIS2_PLACEMENT_3D('',#3064,#3065,#3066);
#3068=PLANE('',#3067);
#3070=ORIENTED_EDGE('',*,*,#3069,.F.);
#3072=ORIENTED_EDGE('',*,*,#3071,.F.);
#3073=ORIENTED_EDGE('',*,*,#3053,.T.);
#3075=ORIENTED_EDGE('',*,*,#3074,.F.);
#3076=EDGE_LOOP('',(#3070,#3072,#3073,#3075));
#3077=FACE_OUTER_BOUND('',#3076,.F.);
#3079=CARTESIAN_POINT('',(-4.608827283445E0,4.413369609096E-1,1.68656E1));
#3080=DIRECTION('',(-1.E0,0.E0,0.E0));
#3081=DIRECTION('',(0.E0,0.E0,1.E0));
#3082=AXIS2_PLACEMENT_3D('',#3079,#3080,#3081);
#3083=PLANE('',#3082);
#3085=ORIENTED_EDGE('',*,*,#3084,.T.);
#3087=ORIENTED_EDGE('',*,*,#3086,.T.);
#3088=ORIENTED_EDGE('',*,*,#3069,.T.);
#3090=ORIENTED_EDGE('',*,*,#3089,.T.);
#3091=EDGE_LOOP('',(#3085,#3087,#3088,#3090));
#3092=FACE_OUTER_BOUND('',#3091,.F.);
#3094=CARTESIAN_POINT('',(-7.138890041750E0,1.072152455506E0,1.68656E1));
#3095=DIRECTION('',(2.419218955997E-1,9.702957262760E-1,0.E0));
#3096=DIRECTION('',(-9.702957262760E-1,2.419218955997E-1,0.E0));
#3097=AXIS2_PLACEMENT_3D('',#3094,#3095,#3096);
#3098=PLANE('',#3097);
#3099=ORIENTED_EDGE('',*,*,#3057,.T.);
#3101=ORIENTED_EDGE('',*,*,#3100,.F.);
#3102=ORIENTED_EDGE('',*,*,#3084,.F.);
#3104=ORIENTED_EDGE('',*,*,#3103,.F.);
#3105=EDGE_LOOP('',(#3099,#3101,#3102,#3104));
#3106=FACE_OUTER_BOUND('',#3105,.F.);
#3108=CARTESIAN_POINT('',(-5.92E0,0.E0,1.68016E1));
#3109=DIRECTION('',(0.E0,0.E0,1.E0));
#3110=DIRECTION('',(1.E0,0.E0,0.E0));
#3111=AXIS2_PLACEMENT_3D('',#3108,#3109,#3110);
#3112=PLANE('',#3111);
#3113=ORIENTED_EDGE('',*,*,#3086,.F.);
#3114=ORIENTED_EDGE('',*,*,#3100,.T.);
#3115=ORIENTED_EDGE('',*,*,#3055,.T.);
#3116=ORIENTED_EDGE('',*,*,#3071,.T.);
#3117=EDGE_LOOP('',(#3113,#3114,#3115,#3116));
#3118=FACE_OUTER_BOUND('',#3117,.F.);
#3120=CARTESIAN_POINT('',(7.933796729338E1,-2.738408139160E2,1.67376E1));
#3121=DIRECTION('',(0.E0,0.E0,1.E0));
#3122=DIRECTION('',(0.E0,1.E0,0.E0));
#3123=AXIS2_PLACEMENT_3D('',#3120,#3121,#3122);
#3124=PLANE('',#3123);
#3125=ORIENTED_EDGE('',*,*,#3103,.T.);
#3126=ORIENTED_EDGE('',*,*,#3089,.F.);
#3127=ORIENTED_EDGE('',*,*,#3074,.T.);
#3128=ORIENTED_EDGE('',*,*,#3059,.T.);
#3129=EDGE_LOOP('',(#3125,#3126,#3127,#3128));
#3130=FACE_OUTER_BOUND('',#3129,.F.);
#3132=CLOSED_SHELL('',(#3063,#3078,#3093,#3107,#3119,#3131));
#3133=MANIFOLD_SOLID_BREP('',#3132);
#3134=FILL_AREA_STYLE_COLOUR('',#1054);
#3135=FILL_AREA_STYLE('',(#3134));
#3136=SURFACE_STYLE_FILL_AREA(#3135);
#3137=SURFACE_SIDE_STYLE('',(#3136));
#3138=SURFACE_STYLE_USAGE(.BOTH.,#3137);
#3139=PRESENTATION_STYLE_ASSIGNMENT((#3138));
#2947=STYLED_ITEM('',(#3139),#3133);
#3142=PLANE_ANGLE_MEASURE_WITH_UNIT(PLANE_ANGLE_MEASURE(1.745329251994E-2),
#3141);
#3143=(CONVERSION_BASED_UNIT('DEGREE',#3142)NAMED_UNIT(*)PLANE_ANGLE_UNIT());
#3145=UNCERTAINTY_MEASURE_WITH_UNIT(LENGTH_MEASURE(2.731037370916E-4),#3140,
'closure',
'Maximum model space distance between geometric entities at asserted connectivities');
#3147=CARTESIAN_POINT('',(0.E0,0.E0,0.E0));
#3148=DIRECTION('',(0.E0,0.E0,1.E0));
#3149=DIRECTION('',(1.E0,0.E0,0.E0));
#3152=PRODUCT_CONTEXT('',#989,'mechanical');
#3153=PRODUCT('LOGO_NX_PRT_330_1_1_1_1_2_1__15',
'LOGO_NX_PRT_330_1_1_1_1_2_1__15','NOT SPECIFIED',(#3152));
#3154=PRODUCT_DEFINITION_FORMATION_WITH_SPECIFIED_SOURCE('1','LAST_VERSION',
#3153,.MADE.);
#3162=DERIVED_UNIT_ELEMENT(#3161,2.E0);
#3163=AREA_UNIT((#3162));
#3164=MEASURE_REPRESENTATION_ITEM('surface area measure',AREA_MEASURE(
2.386992098099E0),#3163);
#3169=DERIVED_UNIT_ELEMENT(#3168,3.E0);
#3170=VOLUME_UNIT((#3169));
#3171=MEASURE_REPRESENTATION_ITEM('volume measure',VOLUME_MEASURE(
6.408234176884E-2),#3170);
#3175=CARTESIAN_POINT('centre point',(-5.873858662597E0,9.546225250430E-1,
1.67696E1));
#3180=DERIVED_UNIT_ELEMENT(#3179,2.E0);
#3181=AREA_UNIT((#3180));
#3182=MEASURE_REPRESENTATION_ITEM('surface area measure',AREA_MEASURE(
2.386992098099E0),#3181);
#3187=DERIVED_UNIT_ELEMENT(#3186,3.E0);
#3188=VOLUME_UNIT((#3187));
#3189=MEASURE_REPRESENTATION_ITEM('volume measure',VOLUME_MEASURE(
6.408234176884E-2),#3188);
#3193=CARTESIAN_POINT('centre point',(-5.873858662597E0,9.546225250430E-1,
1.67696E1));
#3200=CARTESIAN_POINT('centre point',(-5.873858662597E0,9.546225250430E-1,
1.67696E1));
#3204=CARTESIAN_POINT('',(0.E0,0.E0,0.E0));
#3205=DIRECTION('',(0.E0,0.E0,1.E0));
#3206=DIRECTION('',(1.E0,0.E0,0.E0));
#3207=AXIS2_PLACEMENT_3D('',#3204,#3205,#3206);
#3208=ITEM_DEFINED_TRANSFORMATION('','',#3150,#3207);
#3209=CARTESIAN_POINT('',(0.E0,0.E0,0.E0));
#3210=DIRECTION('',(0.E0,0.E0,1.E0));
#3211=DIRECTION('',(1.E0,0.E0,0.E0));
#3213=(REPRESENTATION_RELATIONSHIP('','',#3151,#1899)REPRESENTATION_RELATIONSHIP_WITH_TRANSFORMATION(#3208)SHAPE_REPRESENTATION_RELATIONSHIP());
#3214=CONTEXT_DEPENDENT_SHAPE_REPRESENTATION(#3213,#3199);
#3216=DIRECTION('',(-6.938893903907E-14,3.608224830032E-13,-1.E0));
#3217=VECTOR('',#3216,6.4E-2);
#3218=CARTESIAN_POINT('',(-4.608827283445E0,1.603869134816E0,1.68016E1));
#3219=LINE('',#3218,#3217);
#3220=CURVE_STYLE('',#1060,POSITIVE_LENGTH_MEASURE(2.E-2),#1054);
#3221=PRESENTATION_STYLE_ASSIGNMENT((#3220));
#3222=STYLED_ITEM('',(#3221),#3219);
#3223=DIRECTION('',(-2.775557561563E-14,1.460637166772E-12,1.E0));
#3224=VECTOR('',#3223,6.4E-2);
#3225=CARTESIAN_POINT('',(-6.146444998998E0,1.593284594705E0,1.67376E1));
#3226=LINE('',#3225,#3224);
#3227=CURVE_STYLE('',#1060,POSITIVE_LENGTH_MEASURE(2.E-2),#1054);
#3228=PRESENTATION_STYLE_ASSIGNMENT((#3227));
#3229=STYLED_ITEM('',(#3228),#3226);
#3230=DIRECTION('',(-1.387778780781E-14,-1.304512053935E-12,-1.E0));
#3231=VECTOR('',#3230,6.4E-2);
#3232=CARTESIAN_POINT('',(-4.608827283445E0,1.209913440550E0,1.68016E1));
#3233=LINE('',#3232,#3231);
#3234=CURVE_STYLE('',#1060,POSITIVE_LENGTH_MEASURE(2.E-2),#1054);
#3235=PRESENTATION_STYLE_ASSIGNMENT((#3234));
#3236=STYLED_ITEM('',(#3235),#3233);
#3237=DIRECTION('',(2.775557561563E-14,-1.283695372223E-13,1.E0));
#3238=VECTOR('',#3237,6.4E-2);
#3239=CARTESIAN_POINT('',(-6.146444998998E0,1.987240288971E0,1.67376E1));
#3240=LINE('',#3239,#3238);
#3241=CURVE_STYLE('',#1060,POSITIVE_LENGTH_MEASURE(2.E-2),#1054);
#3242=PRESENTATION_STYLE_ASSIGNMENT((#3241));
#3243=STYLED_ITEM('',(#3242),#3240);
#3244=DIRECTION('',(4.509026942E-14,1.E0,0.E0));
#3245=VECTOR('',#3244,3.939556942661E-1);
#3246=CARTESIAN_POINT('',(-6.146444998998E0,1.593284594705E0,1.67376E1));
#3247=LINE('',#3246,#3245);
#3248=CURVE_STYLE('',#1060,POSITIVE_LENGTH_MEASURE(2.E-2),#1054);
#3249=PRESENTATION_STYLE_ASSIGNMENT((#3248));
#3250=STYLED_ITEM('',(#3249),#3247);
#3251=DIRECTION('',(-9.702957262760E-1,2.419218955996E-1,0.E0));
#3252=VECTOR('',#3251,1.584689774379E0);
#3253=CARTESIAN_POINT('',(-4.608827283445E0,1.209913440550E0,1.68016E1));
#3254=LINE('',#3253,#3252);
#3255=CURVE_STYLE('',#1060,POSITIVE_LENGTH_MEASURE(2.E-2),#1054);
#3256=PRESENTATION_STYLE_ASSIGNMENT((#3255));
#3257=STYLED_ITEM('',(#3256),#3254);
#3258=DIRECTION('',(5.410832330402E-14,1.E0,0.E0));
#3259=VECTOR('',#3258,3.939556942660E-1);
#3260=CARTESIAN_POINT('',(-6.146444998998E0,1.593284594705E0,1.68016E1));
#3261=LINE('',#3260,#3259);
#3262=CURVE_STYLE('',#1060,POSITIVE_LENGTH_MEASURE(2.E-2),#1054);
#3263=PRESENTATION_STYLE_ASSIGNMENT((#3262));
#3264=STYLED_ITEM('',(#3263),#3261);
#3265=DIRECTION('',(9.702957262760E-1,-2.419218955996E-1,0.E0));
#3266=VECTOR('',#3265,1.584689774379E0);
#3267=CARTESIAN_POINT('',(-6.146444998998E0,1.987240288971E0,1.68016E1));
#3268=LINE('',#3267,#3266);
#3269=CURVE_STYLE('',#1060,POSITIVE_LENGTH_MEASURE(2.E-2),#1054);
#3270=PRESENTATION_STYLE_ASSIGNMENT((#3269));
#3271=STYLED_ITEM('',(#3270),#3268);
#3272=DIRECTION('',(-6.763540413002E-14,-1.E0,0.E0));
#3273=VECTOR('',#3272,3.939556942660E-1);
#3274=CARTESIAN_POINT('',(-4.608827283445E0,1.603869134816E0,1.68016E1));
#3275=LINE('',#3274,#3273);
#3276=CURVE_STYLE('',#1060,POSITIVE_LENGTH_MEASURE(2.E-2),#1054);
#3277=PRESENTATION_STYLE_ASSIGNMENT((#3276));
#3278=STYLED_ITEM('',(#3277),#3275);
#3279=DIRECTION('',(9.702957262760E-1,-2.419218955996E-1,0.E0));
#3280=VECTOR('',#3279,1.584689774379E0);
#3281=CARTESIAN_POINT('',(-6.146444998998E0,1.593284594705E0,1.67376E1));
#3282=LINE('',#3281,#3280);
#3283=CURVE_STYLE('',#1060,POSITIVE_LENGTH_MEASURE(2.E-2),#1054);
#3284=PRESENTATION_STYLE_ASSIGNMENT((#3283));
#3285=STYLED_ITEM('',(#3284),#3282);
#3286=DIRECTION('',(6.087186371700E-14,1.E0,0.E0));
#3287=VECTOR('',#3286,3.939556942661E-1);
#3288=CARTESIAN_POINT('',(-4.608827283445E0,1.209913440550E0,1.67376E1));
#3289=LINE('',#3288,#3287);
#3290=CURVE_STYLE('',#1060,POSITIVE_LENGTH_MEASURE(2.E-2),#1054);
#3291=PRESENTATION_STYLE_ASSIGNMENT((#3290));
#3292=STYLED_ITEM('',(#3291),#3289);
#3293=DIRECTION('',(-9.702957262760E-1,2.419218955996E-1,0.E0));
#3294=VECTOR('',#3293,1.584689774379E0);
#3295=CARTESIAN_POINT('',(-4.608827283445E0,1.603869134816E0,1.67376E1));
#3296=LINE('',#3295,#3294);
#3297=CURVE_STYLE('',#1060,POSITIVE_LENGTH_MEASURE(2.E-2),#1054);
#3298=PRESENTATION_STYLE_ASSIGNMENT((#3297));
#3299=STYLED_ITEM('',(#3298),#3296);
#3300=CARTESIAN_POINT('',(-4.608827283445E0,1.603869134816E0,1.68016E1));
#3301=CARTESIAN_POINT('',(-4.608827283445E0,1.603869134816E0,1.67376E1));
#3302=VERTEX_POINT('',#3300);
#3303=VERTEX_POINT('',#3301);
#3304=CARTESIAN_POINT('',(-6.146444998998E0,1.987240288971E0,1.68016E1));
#3305=VERTEX_POINT('',#3304);
#3306=CARTESIAN_POINT('',(-6.146444998998E0,1.987240288971E0,1.67376E1));
#3307=VERTEX_POINT('',#3306);
#3308=CARTESIAN_POINT('',(-4.608827283445E0,1.209913440550E0,1.68016E1));
#3309=CARTESIAN_POINT('',(-4.608827283445E0,1.209913440550E0,1.67376E1));
#3310=VERTEX_POINT('',#3308);
#3311=VERTEX_POINT('',#3309);
#3312=CARTESIAN_POINT('',(-6.146444998998E0,1.593284594705E0,1.67376E1));
#3313=CARTESIAN_POINT('',(-6.146444998998E0,1.593284594705E0,1.68016E1));
#3314=VERTEX_POINT('',#3312);
#3315=VERTEX_POINT('',#3313);
#3316=CARTESIAN_POINT('',(-4.608827283445E0,1.603869134816E0,1.68656E1));
#3317=DIRECTION('',(-2.419218955997E-1,-9.702957262760E-1,0.E0));
#3318=DIRECTION('',(9.702957262760E-1,-2.419218955997E-1,0.E0));
#3319=AXIS2_PLACEMENT_3D('',#3316,#3317,#3318);
#3320=PLANE('',#3319);
#3322=ORIENTED_EDGE('',*,*,#3321,.F.);
#3324=ORIENTED_EDGE('',*,*,#3323,.F.);
#3326=ORIENTED_EDGE('',*,*,#3325,.F.);
#3328=ORIENTED_EDGE('',*,*,#3327,.F.);
#3329=EDGE_LOOP('',(#3322,#3324,#3326,#3328));
#3330=FACE_OUTER_BOUND('',#3329,.F.);
#3332=CARTESIAN_POINT('',(-4.608827283445E0,1.209913440550E0,1.68656E1));
#3333=DIRECTION('',(-1.E0,0.E0,0.E0));
#3334=DIRECTION('',(0.E0,0.E0,1.E0));
#3335=AXIS2_PLACEMENT_3D('',#3332,#3333,#3334);
#3336=PLANE('',#3335);
#3338=ORIENTED_EDGE('',*,*,#3337,.F.);
#3340=ORIENTED_EDGE('',*,*,#3339,.F.);
#3341=ORIENTED_EDGE('',*,*,#3321,.T.);
#3343=ORIENTED_EDGE('',*,*,#3342,.F.);
#3344=EDGE_LOOP('',(#3338,#3340,#3341,#3343));
#3345=FACE_OUTER_BOUND('',#3344,.F.);
#3347=CARTESIAN_POINT('',(-6.146444998998E0,1.593284594705E0,1.68656E1));
#3348=DIRECTION('',(2.419218955997E-1,9.702957262760E-1,0.E0));
#3349=DIRECTION('',(-9.702957262760E-1,2.419218955997E-1,0.E0));
#3350=AXIS2_PLACEMENT_3D('',#3347,#3348,#3349);
#3351=PLANE('',#3350);
#3353=ORIENTED_EDGE('',*,*,#3352,.T.);
#3355=ORIENTED_EDGE('',*,*,#3354,.F.);
#3356=ORIENTED_EDGE('',*,*,#3337,.T.);
#3358=ORIENTED_EDGE('',*,*,#3357,.F.);
#3359=EDGE_LOOP('',(#3353,#3355,#3356,#3358));
#3360=FACE_OUTER_BOUND('',#3359,.F.);
#3362=CARTESIAN_POINT('',(-6.146444998998E0,1.987240288971E0,1.68656E1));
#3363=DIRECTION('',(1.E0,0.E0,0.E0));
#3364=DIRECTION('',(0.E0,0.E0,-1.E0));
#3365=AXIS2_PLACEMENT_3D('',#3362,#3363,#3364);
#3366=PLANE('',#3365);
#3367=ORIENTED_EDGE('',*,*,#3325,.T.);
#3369=ORIENTED_EDGE('',*,*,#3368,.F.);
#3370=ORIENTED_EDGE('',*,*,#3352,.F.);
#3372=ORIENTED_EDGE('',*,*,#3371,.T.);
#3373=EDGE_LOOP('',(#3367,#3369,#3370,#3372));
#3374=FACE_OUTER_BOUND('',#3373,.F.);
#3376=CARTESIAN_POINT('',(-5.92E0,0.E0,1.68016E1));
#3377=DIRECTION('',(0.E0,0.E0,1.E0));
#3378=DIRECTION('',(1.E0,0.E0,0.E0));
#3379=AXIS2_PLACEMENT_3D('',#3376,#3377,#3378);
#3380=PLANE('',#3379);
#3381=ORIENTED_EDGE('',*,*,#3354,.T.);
#3382=ORIENTED_EDGE('',*,*,#3368,.T.);
#3383=ORIENTED_EDGE('',*,*,#3323,.T.);
#3384=ORIENTED_EDGE('',*,*,#3339,.T.);
#3385=EDGE_LOOP('',(#3381,#3382,#3383,#3384));
#3386=FACE_OUTER_BOUND('',#3385,.F.);
#3388=CARTESIAN_POINT('',(7.933796729338E1,-2.738408139160E2,1.67376E1));
#3389=DIRECTION('',(0.E0,0.E0,1.E0));
#3390=DIRECTION('',(0.E0,1.E0,0.E0));
#3391=AXIS2_PLACEMENT_3D('',#3388,#3389,#3390);
#3392=PLANE('',#3391);
#3393=ORIENTED_EDGE('',*,*,#3371,.F.);
#3394=ORIENTED_EDGE('',*,*,#3357,.T.);
#3395=ORIENTED_EDGE('',*,*,#3342,.T.);
#3396=ORIENTED_EDGE('',*,*,#3327,.T.);
#3397=EDGE_LOOP('',(#3393,#3394,#3395,#3396));
#3398=FACE_OUTER_BOUND('',#3397,.F.);
#3400=CLOSED_SHELL('',(#3331,#3346,#3361,#3375,#3387,#3399));
#3401=MANIFOLD_SOLID_BREP('',#3400);
#3402=FILL_AREA_STYLE_COLOUR('',#1054);
#3403=FILL_AREA_STYLE('',(#3402));
#3404=SURFACE_STYLE_FILL_AREA(#3403);
#3405=SURFACE_SIDE_STYLE('',(#3404));
#3406=SURFACE_STYLE_USAGE(.BOTH.,#3405);
#3407=PRESENTATION_STYLE_ASSIGNMENT((#3406));
#3215=STYLED_ITEM('',(#3407),#3401);
#3410=PLANE_ANGLE_MEASURE_WITH_UNIT(PLANE_ANGLE_MEASURE(1.745329251994E-2),
#3409);
#3411=(CONVERSION_BASED_UNIT('DEGREE',#3410)NAMED_UNIT(*)PLANE_ANGLE_UNIT());
#3413=UNCERTAINTY_MEASURE_WITH_UNIT(LENGTH_MEASURE(1.724054368376E-4),#3408,
'closure',
'Maximum model space distance between geometric entities at asserted connectivities');
#3415=CARTESIAN_POINT('',(0.E0,0.E0,0.E0));
#3416=DIRECTION('',(0.E0,0.E0,1.E0));
#3417=DIRECTION('',(1.E0,0.E0,0.E0));
#3420=PRODUCT_DEFINITION_CONTEXT('',#989,'design');
#3421=PRODUCT_CONTEXT('',#989,'mechanical');
#3422=PRODUCT('LOGO_NX_PRT_349_1_1_1_1_2_1__15',
'LOGO_NX_PRT_349_1_1_1_1_2_1__15','NOT SPECIFIED',(#3421));
#3423=PRODUCT_DEFINITION_FORMATION_WITH_SPECIFIED_SOURCE('1','LAST_VERSION',
#3422,.MADE.);
#3431=DERIVED_UNIT_ELEMENT(#3430,2.E0);
#3432=AREA_UNIT((#3431));
#3433=MEASURE_REPRESENTATION_ITEM('surface area measure',AREA_MEASURE(
1.464773129279E0),#3432);
#3438=DERIVED_UNIT_ELEMENT(#3437,3.E0);
#3439=VOLUME_UNIT((#3438));
#3440=MEASURE_REPRESENTATION_ITEM('volume measure',VOLUME_MEASURE(
3.876820829737E-2),#3439);
#3444=CARTESIAN_POINT('centre point',(-5.377636141222E0,1.598576864761E0,
1.67696E1));
#3449=DERIVED_UNIT_ELEMENT(#3448,2.E0);
#3450=AREA_UNIT((#3449));
#3451=MEASURE_REPRESENTATION_ITEM('surface area measure',AREA_MEASURE(
1.464773129279E0),#3450);
#3456=DERIVED_UNIT_ELEMENT(#3455,3.E0);
#3457=VOLUME_UNIT((#3456));
#3458=MEASURE_REPRESENTATION_ITEM('volume measure',VOLUME_MEASURE(
3.876820829737E-2),#3457);
#3462=CARTESIAN_POINT('centre point',(-5.377636141222E0,1.598576864761E0,
1.67696E1));
#3469=CARTESIAN_POINT('centre point',(-5.377636141222E0,1.598576864761E0,
1.67696E1));
#3473=CARTESIAN_POINT('',(0.E0,0.E0,0.E0));
#3474=DIRECTION('',(0.E0,0.E0,1.E0));
#3475=DIRECTION('',(1.E0,0.E0,0.E0));
#3476=AXIS2_PLACEMENT_3D('',#3473,#3474,#3475);
#3477=ITEM_DEFINED_TRANSFORMATION('','',#3418,#3476);
#3478=CARTESIAN_POINT('',(0.E0,0.E0,0.E0));
#3479=DIRECTION('',(0.E0,0.E0,1.E0));
#3480=DIRECTION('',(1.E0,0.E0,0.E0));
#3482=(REPRESENTATION_RELATIONSHIP('','',#3419,#1899)REPRESENTATION_RELATIONSHIP_WITH_TRANSFORMATION(#3477)SHAPE_REPRESENTATION_RELATIONSHIP());
#3483=CONTEXT_DEPENDENT_SHAPE_REPRESENTATION(#3482,#3468);
#3485=DIRECTION('',(9.702957262760E-1,-2.419218955995E-1,0.E0));
#3486=VECTOR('',#3485,5.441639962967E-1);
#3487=CARTESIAN_POINT('',(-7.138890041750E0,1.840728935146E0,1.67376E1));
#3488=LINE('',#3487,#3486);
#3489=CURVE_STYLE('',#1060,POSITIVE_LENGTH_MEASURE(2.E-2),#1054);
#3490=PRESENTATION_STYLE_ASSIGNMENT((#3489));
#3491=STYLED_ITEM('',(#3490),#3488);
#3492=CARTESIAN_POINT('',(-6.482411714619E0,2.284880863643E0,1.67376E1));
#3493=DIRECTION('',(0.E0,0.E0,-1.E0));
#3494=DIRECTION('',(-1.E0,-3.418853959821E-11,0.E0));
#3495=AXIS2_PLACEMENT_3D('',#3492,#3493,#3494);
#3497=CURVE_STYLE('',#1060,POSITIVE_LENGTH_MEASURE(2.E-2),#1054);
#3498=PRESENTATION_STYLE_ASSIGNMENT((#3497));
#3499=STYLED_ITEM('',(#3498),#3496);
#3500=CARTESIAN_POINT('',(-6.482411714619E0,2.284880863643E0,1.67376E1));
#3501=DIRECTION('',(0.E0,0.E0,-1.E0));
#3502=DIRECTION('',(-2.964320246631E-11,1.E0,0.E0));
#3503=AXIS2_PLACEMENT_3D('',#3500,#3501,#3502);
#3505=CURVE_STYLE('',#1060,POSITIVE_LENGTH_MEASURE(2.E-2),#1054);
#3506=PRESENTATION_STYLE_ASSIGNMENT((#3505));
#3507=STYLED_ITEM('',(#3506),#3504);
#3508=DIRECTION('',(9.702957262760E-1,-2.419218955996E-1,0.E0));
#3509=VECTOR('',#3508,1.898908405752E0);
#3510=CARTESIAN_POINT('',(-6.451329994135E0,2.409542835367E0,1.67376E1));
#3511=LINE('',#3510,#3509);
#3512=CURVE_STYLE('',#1060,POSITIVE_LENGTH_MEASURE(2.E-2),#1054);
#3513=PRESENTATION_STYLE_ASSIGNMENT((#3512));
#3514=STYLED_ITEM('',(#3513),#3511);
#3515=DIRECTION('',(-9.702957262760E-1,2.419218955996E-1,0.E0));
#3516=VECTOR('',#3515,2.363809328510E0);
#3517=CARTESIAN_POINT('',(-4.608827283445E0,2.345910947949E0,1.67376E1));
#3518=LINE('',#3517,#3516);
#3519=CURVE_STYLE('',#1060,POSITIVE_LENGTH_MEASURE(2.E-2),#1054);
#3520=PRESENTATION_STYLE_ASSIGNMENT((#3519));
#3521=STYLED_ITEM('',(#3520),#3518);
#3522=CARTESIAN_POINT('',(-6.948484614530E0,2.733018609250E0,1.67376E1));
#3523=DIRECTION('',(0.E0,0.E0,1.E0));
#3524=DIRECTION('',(2.419218957203E-1,9.702957262459E-1,0.E0));
#3525=AXIS2_PLACEMENT_3D('',#3522,#3523,#3524);
#3527=CURVE_STYLE('',#1060,POSITIVE_LENGTH_MEASURE(2.E-2),#1054);
#3528=PRESENTATION_STYLE_ASSIGNMENT((#3527));
#3529=STYLED_ITEM('',(#3528),#3526);
#3530=CARTESIAN_POINT('',(-6.948484614530E0,2.733018609250E0,1.67376E1));
#3531=DIRECTION('',(0.E0,0.E0,1.E0));
#3532=DIRECTION('',(0.E0,1.E0,0.E0));
#3533=AXIS2_PLACEMENT_3D('',#3530,#3531,#3532);
#3535=CURVE_STYLE('',#1060,POSITIVE_LENGTH_MEASURE(2.E-2),#1054);
#3536=PRESENTATION_STYLE_ASSIGNMENT((#3535));
#3537=STYLED_ITEM('',(#3536),#3534);
#3538=DIRECTION('',(1.526556658860E-13,-1.439820485061E-12,-1.E0));
#3539=VECTOR('',#3538,6.4E-2);
#3540=CARTESIAN_POINT('',(-7.138890041750E0,1.840728935146E0,1.68016E1));
#3541=LINE('',#3540,#3539);
#3542=CURVE_STYLE('',#1060,POSITIVE_LENGTH_MEASURE(2.E-2),#1054);
#3543=PRESENTATION_STYLE_ASSIGNMENT((#3542));
#3544=STYLED_ITEM('',(#3543),#3541);
#3545=DIRECTION('',(0.E0,1.E0,0.E0));
#3546=VECTOR('',#3545,8.922896740990E-1);
#3547=CARTESIAN_POINT('',(-7.138890041750E0,1.840728935146E0,1.67376E1));
#3548=LINE('',#3547,#3546);
#3549=CURVE_STYLE('',#1060,POSITIVE_LENGTH_MEASURE(2.E-2),#1054);
#3550=PRESENTATION_STYLE_ASSIGNMENT((#3549));
#3551=STYLED_ITEM('',(#3550),#3548);
#3552=DIRECTION('',(0.E0,-2.238487173400E-11,-1.E0));
#3553=VECTOR('',#3552,6.4E-2);
#3554=CARTESIAN_POINT('',(-7.138890041750E0,2.733018609246E0,1.68016E1));
#3555=LINE('',#3554,#3553);
#3556=CURVE_STYLE('',#1060,POSITIVE_LENGTH_MEASURE(2.E-2),#1054);
#3557=PRESENTATION_STYLE_ASSIGNMENT((#3556));
#3558=STYLED_ITEM('',(#3557),#3555);
#3559=DIRECTION('',(1.678657213233E-10,-4.583139423531E-11,1.E0));
#3560=VECTOR('',#3559,6.4E-2);
#3561=CARTESIAN_POINT('',(-6.902421372629E0,2.917768181538E0,1.67376E1));
#3562=LINE('',#3561,#3560);
#3563=CURVE_STYLE('',#1060,POSITIVE_LENGTH_MEASURE(2.E-2),#1054);
#3564=PRESENTATION_STYLE_ASSIGNMENT((#3563));
#3565=STYLED_ITEM('',(#3564),#3562);
#3566=DIRECTION('',(-9.702957262760E-1,2.419218955995E-1,0.E0));
#3567=VECTOR('',#3566,5.441639962967E-1);
#3568=CARTESIAN_POINT('',(-6.610890041750E0,1.709083749645E0,1.68016E1));
#3569=LINE('',#3568,#3567);
#3570=CURVE_STYLE('',#1060,POSITIVE_LENGTH_MEASURE(2.E-2),#1054);
#3571=PRESENTATION_STYLE_ASSIGNMENT((#3570));
#3572=STYLED_ITEM('',(#3571),#3569);
#3573=DIRECTION('',(1.094931713353E-14,1.E0,0.E0));
#3574=VECTOR('',#3573,8.922896741003E-1);
#3575=CARTESIAN_POINT('',(-7.138890041750E0,1.840728935146E0,1.68016E1));
#3576=LINE('',#3575,#3574);
#3577=CURVE_STYLE('',#1060,POSITIVE_LENGTH_MEASURE(2.E-2),#1054);
#3578=PRESENTATION_STYLE_ASSIGNMENT((#3577));
#3579=STYLED_ITEM('',(#3578),#3576);
#3580=CARTESIAN_POINT('',(-6.948484614530E0,2.733018609250E0,1.68016E1));
#3581=DIRECTION('',(0.E0,0.E0,-1.E0));
#3582=DIRECTION('',(-1.E0,-1.108558745008E-11,0.E0));
#3583=AXIS2_PLACEMENT_3D('',#3580,#3581,#3582);
#3585=CURVE_STYLE('',#1060,POSITIVE_LENGTH_MEASURE(2.E-2),#1054);
#3586=PRESENTATION_STYLE_ASSIGNMENT((#3585));
#3587=STYLED_ITEM('',(#3586),#3584);
#3588=CARTESIAN_POINT('',(-6.948484614530E0,2.733018609250E0,1.68016E1));
#3589=DIRECTION('',(0.E0,0.E0,-1.E0));
#3590=DIRECTION('',(0.E0,1.E0,0.E0));
#3591=AXIS2_PLACEMENT_3D('',#3588,#3589,#3590);
#3593=CURVE_STYLE('',#1060,POSITIVE_LENGTH_MEASURE(2.E-2),#1054);
#3594=PRESENTATION_STYLE_ASSIGNMENT((#3593));
#3595=STYLED_ITEM('',(#3594),#3592);
#3596=DIRECTION('',(9.702957262760E-1,-2.419218955995E-1,0.E0));
#3597=VECTOR('',#3596,2.363809328499E0);
#3598=CARTESIAN_POINT('',(-6.902421372619E0,2.917768181535E0,1.68016E1));
#3599=LINE('',#3598,#3597);
#3600=CURVE_STYLE('',#1060,POSITIVE_LENGTH_MEASURE(2.E-2),#1054);
#3601=PRESENTATION_STYLE_ASSIGNMENT((#3600));
#3602=STYLED_ITEM('',(#3601),#3599);
#3603=DIRECTION('',(1.077244656006E-13,-1.E0,0.E0));
#3604=VECTOR('',#3603,3.957556336708E-1);
#3605=CARTESIAN_POINT('',(-4.608827283445E0,2.345910947949E0,1.68016E1));
#3606=LINE('',#3605,#3604);
#3607=CURVE_STYLE('',#1060,POSITIVE_LENGTH_MEASURE(2.E-2),#1054);
#3608=PRESENTATION_STYLE_ASSIGNMENT((#3607));
#3609=STYLED_ITEM('',(#3608),#3606);
#3610=DIRECTION('',(-9.702957262760E-1,2.419218955996E-1,0.E0));
#3611=VECTOR('',#3610,1.898908405757E0);
#3612=CARTESIAN_POINT('',(-4.608827283445E0,1.950155314278E0,1.68016E1));
#3613=LINE('',#3612,#3611);
#3614=CURVE_STYLE('',#1060,POSITIVE_LENGTH_MEASURE(2.E-2),#1054);
#3615=PRESENTATION_STYLE_ASSIGNMENT((#3614));
#3616=STYLED_ITEM('',(#3615),#3613);
#3617=CARTESIAN_POINT('',(-6.482411714619E0,2.284880863643E0,1.68016E1));
#3618=DIRECTION('',(0.E0,0.E0,1.E0));
#3619=DIRECTION('',(2.419218959784E-1,9.702957261816E-1,0.E0));
#3620=AXIS2_PLACEMENT_3D('',#3617,#3618,#3619);
#3622=CURVE_STYLE('',#1060,POSITIVE_LENGTH_MEASURE(2.E-2),#1054);
#3623=PRESENTATION_STYLE_ASSIGNMENT((#3622));
#3624=STYLED_ITEM('',(#3623),#3621);
#3625=CARTESIAN_POINT('',(-6.482411714619E0,2.284880863643E0,1.68016E1));
#3626=DIRECTION('',(0.E0,0.E0,1.E0));
#3627=DIRECTION('',(-1.549216807999E-11,1.E0,0.E0));
#3628=AXIS2_PLACEMENT_3D('',#3625,#3626,#3627);
#3630=CURVE_STYLE('',#1060,POSITIVE_LENGTH_MEASURE(2.E-2),#1054);
#3631=PRESENTATION_STYLE_ASSIGNMENT((#3630));
#3632=STYLED_ITEM('',(#3631),#3629);
#3633=DIRECTION('',(-1.403692971503E-13,-1.E0,0.E0));
#3634=VECTOR('',#3633,5.757971139955E-1);
#3635=CARTESIAN_POINT('',(-6.610890041750E0,2.284880863640E0,1.68016E1));
#3636=LINE('',#3635,#3634);
#3637=CURVE_STYLE('',#1060,POSITIVE_LENGTH_MEASURE(2.E-2),#1054);
#3638=PRESENTATION_STYLE_ASSIGNMENT((#3637));
#3639=STYLED_ITEM('',(#3638),#3636);
#3640=DIRECTION('',(1.526556658860E-13,-1.436351038109E-12,-1.E0));
#3641=VECTOR('',#3640,6.4E-2);
#3642=CARTESIAN_POINT('',(-6.610890041750E0,1.709083749645E0,1.68016E1));
#3643=LINE('',#3642,#3641);
#3644=CURVE_STYLE('',#1060,POSITIVE_LENGTH_MEASURE(2.E-2),#1054);
#3645=PRESENTATION_STYLE_ASSIGNMENT((#3644));
#3646=STYLED_ITEM('',(#3645),#3643);
#3647=DIRECTION('',(-1.280291391592E-13,-1.E0,0.E0));
#3648=VECTOR('',#3647,5.757971139947E-1);
#3649=CARTESIAN_POINT('',(-6.610890041750E0,2.284880863640E0,1.67376E1));
#3650=LINE('',#3649,#3648);
#3651=CURVE_STYLE('',#1060,POSITIVE_LENGTH_MEASURE(2.E-2),#1054);
#3652=PRESENTATION_STYLE_ASSIGNMENT((#3651));
#3653=STYLED_ITEM('',(#3652),#3650);
#3654=DIRECTION('',(8.955336472383E-11,-2.154526557163E-11,-1.E0));
#3655=VECTOR('',#3654,6.4E-2);
#3656=CARTESIAN_POINT('',(-6.451329994141E0,2.409542835369E0,1.68016E1));
#3657=LINE('',#3656,#3655);
#3658=CURVE_STYLE('',#1060,POSITIVE_LENGTH_MEASURE(2.E-2),#1054);
#3659=PRESENTATION_STYLE_ASSIGNMENT((#3658));
#3660=STYLED_ITEM('',(#3659),#3657);
#3661=DIRECTION('',(0.E0,1.336430965893E-11,1.E0));
#3662=VECTOR('',#3661,6.4E-2);
#3663=CARTESIAN_POINT('',(-6.610890041750E0,2.284880863640E0,1.67376E1));
#3664=LINE('',#3663,#3662);
#3665=CURVE_STYLE('',#1060,POSITIVE_LENGTH_MEASURE(2.E-2),#1054);
#3666=PRESENTATION_STYLE_ASSIGNMENT((#3665));
#3667=STYLED_ITEM('',(#3666),#3664);
#3668=DIRECTION('',(-1.942890293094E-13,1.342675970406E-12,-1.E0));
#3669=VECTOR('',#3668,6.4E-2);
#3670=CARTESIAN_POINT('',(-4.608827283445E0,1.950155314278E0,1.68016E1));
#3671=LINE('',#3670,#3669);
#3672=CURVE_STYLE('',#1060,POSITIVE_LENGTH_MEASURE(2.E-2),#1054);
#3673=PRESENTATION_STYLE_ASSIGNMENT((#3672));
#3674=STYLED_ITEM('',(#3673),#3671);
#3675=DIRECTION('',(1.665334536938E-13,3.157196726278E-12,-1.E0));
#3676=VECTOR('',#3675,6.4E-2);
#3677=CARTESIAN_POINT('',(-4.608827283445E0,2.345910947949E0,1.68016E1));
#3678=LINE('',#3677,#3676);
#3679=CURVE_STYLE('',#1060,POSITIVE_LENGTH_MEASURE(2.E-2),#1054);
#3680=PRESENTATION_STYLE_ASSIGNMENT((#3679));
#3681=STYLED_ITEM('',(#3680),#3678);
#3682=DIRECTION('',(4.937371340026E-14,-1.E0,0.E0));
#3683=VECTOR('',#3682,3.957556336709E-1);
#3684=CARTESIAN_POINT('',(-4.608827283445E0,2.345910947949E0,1.67376E1));
#3685=LINE('',#3684,#3683);
#3686=CURVE_STYLE('',#1060,POSITIVE_LENGTH_MEASURE(2.E-2),#1054);
#3687=PRESENTATION_STYLE_ASSIGNMENT((#3686));
#3688=STYLED_ITEM('',(#3687),#3685);
#3689=CARTESIAN_POINT('',(-7.138890041750E0,1.840728935146E0,1.67376E1));
#3690=CARTESIAN_POINT('',(-7.138890041750E0,2.733018609245E0,1.67376E1));
#3691=VERTEX_POINT('',#3689);
#3692=VERTEX_POINT('',#3690);
#3693=CARTESIAN_POINT('',(-6.610890041750E0,1.709083749645E0,1.67376E1));
#3694=VERTEX_POINT('',#3693);
#3695=CARTESIAN_POINT('',(-6.610890041750E0,2.284880863640E0,1.67376E1));
#3696=VERTEX_POINT('',#3695);
#3697=CARTESIAN_POINT('',(-6.482411714623E0,2.413359190774E0,1.67376E1));
#3698=VERTEX_POINT('',#3697);
#3699=CARTESIAN_POINT('',(-6.451329994115E0,2.409542835362E0,1.67376E1));
#3700=VERTEX_POINT('',#3699);
#3701=CARTESIAN_POINT('',(-4.608827283445E0,1.950155314278E0,1.67376E1));
#3702=VERTEX_POINT('',#3701);
#3703=CARTESIAN_POINT('',(-4.608827283445E0,2.345910947949E0,1.67376E1));
#3704=VERTEX_POINT('',#3703);
#3705=CARTESIAN_POINT('',(-6.902421372629E0,2.917768181538E0,1.67376E1));
#3706=VERTEX_POINT('',#3705);
#3707=CARTESIAN_POINT('',(-6.948484614530E0,2.923424036470E0,1.67376E1));
#3708=VERTEX_POINT('',#3707);
#3709=CARTESIAN_POINT('',(-7.138890041750E0,2.733018609246E0,1.68016E1));
#3710=VERTEX_POINT('',#3709);
#3711=CARTESIAN_POINT('',(-7.138890041750E0,1.840728935146E0,1.68016E1));
#3712=VERTEX_POINT('',#3711);
#3713=CARTESIAN_POINT('',(-6.948484614530E0,2.923424036470E0,1.68016E1));
#3714=CARTESIAN_POINT('',(-6.902421372607E0,2.917768181532E0,1.68016E1));
#3715=VERTEX_POINT('',#3713);
#3716=VERTEX_POINT('',#3714);
#3717=CARTESIAN_POINT('',(-6.610890041750E0,1.709083749645E0,1.68016E1));
#3718=VERTEX_POINT('',#3717);
#3719=CARTESIAN_POINT('',(-4.608827283445E0,2.345910947949E0,1.68016E1));
#3720=VERTEX_POINT('',#3719);
#3721=CARTESIAN_POINT('',(-4.608827283445E0,1.950155314278E0,1.68016E1));
#3722=VERTEX_POINT('',#3721);
#3723=CARTESIAN_POINT('',(-6.451329994141E0,2.409542835369E0,1.68016E1));
#3724=VERTEX_POINT('',#3723);
#3725=CARTESIAN_POINT('',(-6.482411714621E0,2.413359190774E0,1.68016E1));
#3726=VERTEX_POINT('',#3725);
#3727=CARTESIAN_POINT('',(-6.610890041750E0,2.284880863641E0,1.68016E1));
#3728=VERTEX_POINT('',#3727);
#3729=CARTESIAN_POINT('',(-6.482411714619E0,2.284880863643E0,1.67376E1));
#3730=DIRECTION('',(0.E0,0.E0,-1.E0));
#3731=DIRECTION('',(0.E0,-1.E0,0.E0));
#3732=AXIS2_PLACEMENT_3D('',#3729,#3730,#3731);
#3733=PLANE('',#3732);
#3735=ORIENTED_EDGE('',*,*,#3734,.F.);
#3737=ORIENTED_EDGE('',*,*,#3736,.T.);
#3739=ORIENTED_EDGE('',*,*,#3738,.F.);
#3741=ORIENTED_EDGE('',*,*,#3740,.T.);
#3743=ORIENTED_EDGE('',*,*,#3742,.T.);
#3745=ORIENTED_EDGE('',*,*,#3744,.T.);
#3747=ORIENTED_EDGE('',*,*,#3746,.F.);
#3749=ORIENTED_EDGE('',*,*,#3748,.T.);
#3751=ORIENTED_EDGE('',*,*,#3750,.T.);
#3753=ORIENTED_EDGE('',*,*,#3752,.T.);
#3754=EDGE_LOOP('',(#3735,#3737,#3739,#3741,#3743,#3745,#3747,#3749,#3751,
#3753));
#3755=FACE_OUTER_BOUND('',#3754,.F.);
#3757=CARTESIAN_POINT('',(-7.138890041750E0,2.733018609250E0,1.68656E1));
#3758=DIRECTION('',(1.E0,0.E0,0.E0));
#3759=DIRECTION('',(0.E0,0.E0,-1.E0));
#3760=AXIS2_PLACEMENT_3D('',#3757,#3758,#3759);
#3761=PLANE('',#3760);
#3763=ORIENTED_EDGE('',*,*,#3762,.F.);
#3765=ORIENTED_EDGE('',*,*,#3764,.F.);
#3767=ORIENTED_EDGE('',*,*,#3766,.T.);
#3768=ORIENTED_EDGE('',*,*,#3734,.T.);
#3769=EDGE_LOOP('',(#3763,#3765,#3767,#3768));
#3770=FACE_OUTER_BOUND('',#3769,.F.);
#3772=CARTESIAN_POINT('',(-6.948484614530E0,2.733018609250E0,1.68656E1));
#3773=DIRECTION('',(0.E0,0.E0,-1.E0));
#3774=DIRECTION('',(0.E0,-1.E0,0.E0));
#3775=AXIS2_PLACEMENT_3D('',#3772,#3773,#3774);
#3776=CYLINDRICAL_SURFACE('',#3775,1.904054272200E-1);
#3778=ORIENTED_EDGE('',*,*,#3777,.F.);
#3780=ORIENTED_EDGE('',*,*,#3779,.F.);
#3781=ORIENTED_EDGE('',*,*,#3762,.T.);
#3782=ORIENTED_EDGE('',*,*,#3752,.F.);
#3783=ORIENTED_EDGE('',*,*,#3750,.F.);
#3785=ORIENTED_EDGE('',*,*,#3784,.T.);
#3786=EDGE_LOOP('',(#3778,#3780,#3781,#3782,#3783,#3785));
#3787=FACE_OUTER_BOUND('',#3786,.F.);
#3789=CARTESIAN_POINT('',(-5.92E0,0.E0,1.68016E1));
#3790=DIRECTION('',(0.E0,0.E0,1.E0));
#3791=DIRECTION('',(1.E0,0.E0,0.E0));
#3792=AXIS2_PLACEMENT_3D('',#3789,#3790,#3791);
#3793=PLANE('',#3792);
#3795=ORIENTED_EDGE('',*,*,#3794,.T.);
#3796=ORIENTED_EDGE('',*,*,#3764,.T.);
#3797=ORIENTED_EDGE('',*,*,#3779,.T.);
#3798=ORIENTED_EDGE('',*,*,#3777,.T.);
#3800=ORIENTED_EDGE('',*,*,#3799,.T.);
#3802=ORIENTED_EDGE('',*,*,#3801,.T.);
#3804=ORIENTED_EDGE('',*,*,#3803,.T.);
#3806=ORIENTED_EDGE('',*,*,#3805,.T.);
#3808=ORIENTED_EDGE('',*,*,#3807,.T.);
#3810=ORIENTED_EDGE('',*,*,#3809,.T.);
#3811=EDGE_LOOP('',(#3795,#3796,#3797,#3798,#3800,#3802,#3804,#3806,#3808,
#3810));
#3812=FACE_OUTER_BOUND('',#3811,.F.);
#3814=CARTESIAN_POINT('',(-7.138890041750E0,1.840728935146E0,1.68656E1));
#3815=DIRECTION('',(2.419218955997E-1,9.702957262760E-1,0.E0));
#3816=DIRECTION('',(-9.702957262760E-1,2.419218955997E-1,0.E0));
#3817=AXIS2_PLACEMENT_3D('',#3814,#3815,#3816);
#3818=PLANE('',#3817);
#3819=ORIENTED_EDGE('',*,*,#3766,.F.);
#3820=ORIENTED_EDGE('',*,*,#3794,.F.);
#3822=ORIENTED_EDGE('',*,*,#3821,.T.);
#3823=ORIENTED_EDGE('',*,*,#3736,.F.);
#3824=EDGE_LOOP('',(#3819,#3820,#3822,#3823));
#3825=FACE_OUTER_BOUND('',#3824,.F.);
#3827=CARTESIAN_POINT('',(-6.610890041750E0,1.709083749645E0,1.68656E1));
#3828=DIRECTION('',(-1.E0,0.E0,0.E0));
#3829=DIRECTION('',(0.E0,0.E0,1.E0));
#3830=AXIS2_PLACEMENT_3D('',#3827,#3828,#3829);
#3831=PLANE('',#3830);
#3832=ORIENTED_EDGE('',*,*,#3821,.F.);
#3833=ORIENTED_EDGE('',*,*,#3809,.F.);
#3835=ORIENTED_EDGE('',*,*,#3834,.F.);
#3836=ORIENTED_EDGE('',*,*,#3738,.T.);
#3837=EDGE_LOOP('',(#3832,#3833,#3835,#3836));
#3838=FACE_OUTER_BOUND('',#3837,.F.);
#3840=CARTESIAN_POINT('',(-6.482411714619E0,2.284880863643E0,1.68656E1));
#3841=DIRECTION('',(0.E0,0.E0,-1.E0));
#3842=DIRECTION('',(0.E0,-1.E0,0.E0));
#3843=AXIS2_PLACEMENT_3D('',#3840,#3841,#3842);
#3844=CYLINDRICAL_SURFACE('',#3843,1.284783271309E-1);
#3845=ORIENTED_EDGE('',*,*,#3807,.F.);
#3846=ORIENTED_EDGE('',*,*,#3805,.F.);
#3848=ORIENTED_EDGE('',*,*,#3847,.T.);
#3849=ORIENTED_EDGE('',*,*,#3742,.F.);
#3850=ORIENTED_EDGE('',*,*,#3740,.F.);
#3851=ORIENTED_EDGE('',*,*,#3834,.T.);
#3852=EDGE_LOOP('',(#3845,#3846,#3848,#3849,#3850,#3851));
#3853=FACE_OUTER_BOUND('',#3852,.F.);
#3855=CARTESIAN_POINT('',(-6.451329994176E0,2.409542835378E0,1.68656E1));
#3856=DIRECTION('',(2.419218955997E-1,9.702957262760E-1,0.E0));
#3857=DIRECTION('',(-9.702957262760E-1,2.419218955997E-1,0.E0));
#3858=AXIS2_PLACEMENT_3D('',#3855,#3856,#3857);
#3859=PLANE('',#3858);
#3860=ORIENTED_EDGE('',*,*,#3847,.F.);
#3861=ORIENTED_EDGE('',*,*,#3803,.F.);
#3863=ORIENTED_EDGE('',*,*,#3862,.T.);
#3864=ORIENTED_EDGE('',*,*,#3744,.F.);
#3865=EDGE_LOOP('',(#3860,#3861,#3863,#3864));
#3866=FACE_OUTER_BOUND('',#3865,.F.);
#3868=CARTESIAN_POINT('',(-4.608827283445E0,1.950155314278E0,1.68656E1));
#3869=DIRECTION('',(-1.E0,0.E0,0.E0));
#3870=DIRECTION('',(0.E0,0.E0,1.E0));
#3871=AXIS2_PLACEMENT_3D('',#3868,#3869,#3870);
#3872=PLANE('',#3871);
#3873=ORIENTED_EDGE('',*,*,#3862,.F.);
#3874=ORIENTED_EDGE('',*,*,#3801,.F.);
#3876=ORIENTED_EDGE('',*,*,#3875,.T.);
#3877=ORIENTED_EDGE('',*,*,#3746,.T.);
#3878=EDGE_LOOP('',(#3873,#3874,#3876,#3877));
#3879=FACE_OUTER_BOUND('',#3878,.F.);
#3881=CARTESIAN_POINT('',(-4.608827283445E0,2.345910947949E0,1.68656E1));
#3882=DIRECTION('',(-2.419218955997E-1,-9.702957262760E-1,0.E0));
#3883=DIRECTION('',(9.702957262760E-1,-2.419218955997E-1,0.E0));
#3884=AXIS2_PLACEMENT_3D('',#3881,#3882,#3883);
#3885=PLANE('',#3884);
#3886=ORIENTED_EDGE('',*,*,#3875,.F.);
#3887=ORIENTED_EDGE('',*,*,#3799,.F.);
#3888=ORIENTED_EDGE('',*,*,#3784,.F.);
#3889=ORIENTED_EDGE('',*,*,#3748,.F.);
#3890=EDGE_LOOP('',(#3886,#3887,#3888,#3889));
#3891=FACE_OUTER_BOUND('',#3890,.F.);
#3893=CLOSED_SHELL('',(#3756,#3771,#3788,#3813,#3826,#3839,#3854,#3867,#3880,
#3892));
#3894=MANIFOLD_SOLID_BREP('',#3893);
#3895=FILL_AREA_STYLE_COLOUR('',#1054);
#3896=FILL_AREA_STYLE('',(#3895));
#3897=SURFACE_STYLE_FILL_AREA(#3896);
#3898=SURFACE_SIDE_STYLE('',(#3897));
#3899=SURFACE_STYLE_USAGE(.BOTH.,#3898);
#3900=PRESENTATION_STYLE_ASSIGNMENT((#3899));
#3484=STYLED_ITEM('',(#3900),#3894);
#3903=PLANE_ANGLE_MEASURE_WITH_UNIT(PLANE_ANGLE_MEASURE(1.745329251994E-2),
#3902);
#3904=(CONVERSION_BASED_UNIT('DEGREE',#3903)NAMED_UNIT(*)PLANE_ANGLE_UNIT());
#3906=UNCERTAINTY_MEASURE_WITH_UNIT(LENGTH_MEASURE(2.807010066050E-4),#3901,
'closure',
'Maximum model space distance between geometric entities at asserted connectivities');
#3908=CARTESIAN_POINT('',(0.E0,0.E0,0.E0));
#3909=DIRECTION('',(0.E0,0.E0,1.E0));
#3910=DIRECTION('',(1.E0,0.E0,0.E0));
#3913=PRODUCT_CONTEXT('',#989,'mechanical');
#3914=PRODUCT('LOGO_NX_PRT_368_1_1_1_1_2_1__15',
'LOGO_NX_PRT_368_1_1_1_1_2_1__15','NOT SPECIFIED',(#3913));
#3915=PRODUCT_DEFINITION_FORMATION_WITH_SPECIFIED_SOURCE('1','LAST_VERSION',
#3914,.MADE.);
#3923=DERIVED_UNIT_ELEMENT(#3922,2.E0);
#3924=AREA_UNIT((#3923));
#3925=MEASURE_REPRESENTATION_ITEM('surface area measure',AREA_MEASURE(
3.233532584052E0),#3924);
#3930=DERIVED_UNIT_ELEMENT(#3929,3.E0);
#3931=VOLUME_UNIT((#3930));
#3932=MEASURE_REPRESENTATION_ITEM('volume measure',VOLUME_MEASURE(
8.862597743392E-2),#3931);
#3936=CARTESIAN_POINT('centre point',(-6.147704824590E0,2.368978492850E0,
1.67696E1));
#3941=DERIVED_UNIT_ELEMENT(#3940,2.E0);
#3942=AREA_UNIT((#3941));
#3943=MEASURE_REPRESENTATION_ITEM('surface area measure',AREA_MEASURE(
3.233532584052E0),#3942);
#3948=DERIVED_UNIT_ELEMENT(#3947,3.E0);
#3949=VOLUME_UNIT((#3948));
#3950=MEASURE_REPRESENTATION_ITEM('volume measure',VOLUME_MEASURE(
8.862597743392E-2),#3949);
#3954=CARTESIAN_POINT('centre point',(-6.147704824590E0,2.368978492850E0,
1.67696E1));
#3961=CARTESIAN_POINT('centre point',(-6.147704824590E0,2.368978492850E0,
1.67696E1));
#3965=CARTESIAN_POINT('',(0.E0,0.E0,0.E0));
#3966=DIRECTION('',(0.E0,0.E0,1.E0));
#3967=DIRECTION('',(1.E0,0.E0,0.E0));
#3968=AXIS2_PLACEMENT_3D('',#3965,#3966,#3967);
#3969=ITEM_DEFINED_TRANSFORMATION('','',#3911,#3968);
#3970=CARTESIAN_POINT('',(0.E0,0.E0,0.E0));
#3971=DIRECTION('',(0.E0,0.E0,1.E0));
#3972=DIRECTION('',(1.E0,0.E0,0.E0));
#3974=(REPRESENTATION_RELATIONSHIP('','',#3912,#1899)REPRESENTATION_RELATIONSHIP_WITH_TRANSFORMATION(#3969)SHAPE_REPRESENTATION_RELATIONSHIP());
#3975=CONTEXT_DEPENDENT_SHAPE_REPRESENTATION(#3974,#3960);
#3978=PLANE_ANGLE_MEASURE_WITH_UNIT(PLANE_ANGLE_MEASURE(1.745329251994E-2),
#3977);
#3979=(CONVERSION_BASED_UNIT('DEGREE',#3978)NAMED_UNIT(*)PLANE_ANGLE_UNIT());
#3981=UNCERTAINTY_MEASURE_WITH_UNIT(LENGTH_MEASURE(6.654743975437E-4),#3976,
'closure',
'Maximum model space distance between geometric entities at asserted connectivities');
#3983=CARTESIAN_POINT('',(0.E0,0.E0,0.E0));
#3984=DIRECTION('',(0.E0,0.E0,1.E0));
#3985=DIRECTION('',(1.E0,0.E0,0.E0));
#3987=PRODUCT_DEFINITION_CONTEXT('',#989,'design');
#3988=PRODUCT_CONTEXT('',#989,'mechanical');
#3989=PRODUCT('LOGO-YMIN_ASM_1_1_ASM_1_1_2__13_ASM',
'LOGO-YMIN_ASM_1_1_ASM_1_1_2__13_ASM','NOT SPECIFIED',(#3988));
#3990=PRODUCT_DEFINITION_FORMATION_WITH_SPECIFIED_SOURCE('1','LAST_VERSION',
#3989,.MADE.);
#3993=DERIVED_UNIT_ELEMENT(#3992,2.E0);
#3994=AREA_UNIT((#3993));
#3995=MEASURE_REPRESENTATION_ITEM('surface area measure',AREA_MEASURE(
1.880511122180E1),#3994);
#4000=DERIVED_UNIT_ELEMENT(#3999,3.E0);
#4001=VOLUME_UNIT((#4000));
#4002=MEASURE_REPRESENTATION_ITEM('volume measure',VOLUME_MEASURE(
5.109876282081E-1),#4001);
#4006=CARTESIAN_POINT('centre point',(-5.899315117347E0,-1.292728411255E-1,
1.67696E1));
#4015=CARTESIAN_POINT('centre point',(-5.899315117347E0,-1.292728411255E-1,
1.67696E1));
#4019=CARTESIAN_POINT('',(0.E0,0.E0,0.E0));
#4020=DIRECTION('',(0.E0,0.E0,1.E0));
#4021=DIRECTION('',(1.E0,0.E0,0.E0));
#4022=AXIS2_PLACEMENT_3D('',#4019,#4020,#4021);
#4023=ITEM_DEFINED_TRANSFORMATION('','',#1914,#4022);
#4024=CARTESIAN_POINT('',(0.E0,0.E0,0.E0));
#4025=DIRECTION('',(0.E0,0.E0,1.E0));
#4026=DIRECTION('',(1.E0,0.E0,0.E0));
#4028=(REPRESENTATION_RELATIONSHIP('','',#1899,#4012)REPRESENTATION_RELATIONSHIP_WITH_TRANSFORMATION(#4023)SHAPE_REPRESENTATION_RELATIONSHIP());
#4029=CONTEXT_DEPENDENT_SHAPE_REPRESENTATION(#4028,#4014);
#4032=PLANE_ANGLE_MEASURE_WITH_UNIT(PLANE_ANGLE_MEASURE(1.745329251994E-2),
#4031);
#4033=(CONVERSION_BASED_UNIT('DEGREE',#4032)NAMED_UNIT(*)PLANE_ANGLE_UNIT());
#4035=UNCERTAINTY_MEASURE_WITH_UNIT(LENGTH_MEASURE(6.654743975437E-4),#4030,
'closure',
'Maximum model space distance between geometric entities at asserted connectivities');
#4037=CARTESIAN_POINT('',(0.E0,0.E0,0.E0));
#4038=DIRECTION('',(0.E0,0.E0,1.E0));
#4039=DIRECTION('',(1.E0,0.E0,0.E0));
#4041=PRODUCT_CONTEXT('',#989,'mechanical');
#4042=PRODUCT('ASM0008_ASM_1_1_2_3_4_5_6_7__13_ASM',
'ASM0008_ASM_1_1_2_3_4_5_6_7__13_ASM','NOT SPECIFIED',(#4041));
#4043=PRODUCT_DEFINITION_FORMATION_WITH_SPECIFIED_SOURCE('1','LAST_VERSION',
#4042,.MADE.);
#4046=DERIVED_UNIT_ELEMENT(#4045,2.E0);
#4047=AREA_UNIT((#4046));
#4048=MEASURE_REPRESENTATION_ITEM('surface area measure',AREA_MEASURE(
1.880511122180E1),#4047);
#4053=DERIVED_UNIT_ELEMENT(#4052,3.E0);
#4054=VOLUME_UNIT((#4053));
#4055=MEASURE_REPRESENTATION_ITEM('volume measure',VOLUME_MEASURE(
5.109876282081E-1),#4054);
#4059=CARTESIAN_POINT('centre point',(-5.899315117347E0,-1.292728411255E-1,
1.67696E1));
#4068=CARTESIAN_POINT('centre point',(-5.899315117347E0,-1.292728411255E-1,
1.67696E1));
#4072=CARTESIAN_POINT('',(0.E0,0.E0,0.E0));
#4073=DIRECTION('',(0.E0,0.E0,1.E0));
#4074=DIRECTION('',(1.E0,0.E0,0.E0));
#4075=AXIS2_PLACEMENT_3D('',#4072,#4073,#4074);
#4076=ITEM_DEFINED_TRANSFORMATION('','',#4027,#4075);
#4077=CARTESIAN_POINT('',(0.E0,0.E0,0.E0));
#4078=DIRECTION('',(0.E0,0.E0,1.E0));
#4079=DIRECTION('',(1.E0,0.E0,0.E0));
#4081=(REPRESENTATION_RELATIONSHIP('','',#4012,#4065)REPRESENTATION_RELATIONSHIP_WITH_TRANSFORMATION(#4076)SHAPE_REPRESENTATION_RELATIONSHIP());
#4082=CONTEXT_DEPENDENT_SHAPE_REPRESENTATION(#4081,#4067);
#4085=PLANE_ANGLE_MEASURE_WITH_UNIT(PLANE_ANGLE_MEASURE(1.745329251994E-2),
#4084);
#4086=(CONVERSION_BASED_UNIT('DEGREE',#4085)NAMED_UNIT(*)PLANE_ANGLE_UNIT());
#4088=UNCERTAINTY_MEASURE_WITH_UNIT(LENGTH_MEASURE(6.654743975437E-4),#4083,
'closure',
'Maximum model space distance between geometric entities at asserted connectivities');
#4090=CARTESIAN_POINT('',(0.E0,0.E0,0.E0));
#4091=DIRECTION('',(0.E0,0.E0,1.E0));
#4092=DIRECTION('',(1.E0,0.E0,0.E0));
#4094=PRODUCT_DEFINITION_CONTEXT('',#989,'design');
#4095=PRODUCT_CONTEXT('',#989,'mechanical');
#4096=PRODUCT('ASM0035_ASM','ASM0035_ASM','NOT SPECIFIED',(#4095));
#4097=PRODUCT_DEFINITION_FORMATION_WITH_SPECIFIED_SOURCE('1','LAST_VERSION',
#4096,.MADE.);
#4100=DERIVED_UNIT_ELEMENT(#4099,2.E0);
#4101=AREA_UNIT((#4100));
#4102=MEASURE_REPRESENTATION_ITEM('surface area measure',AREA_MEASURE(
1.880511122180E1),#4101);
#4107=DERIVED_UNIT_ELEMENT(#4106,3.E0);
#4108=VOLUME_UNIT((#4107));
#4109=MEASURE_REPRESENTATION_ITEM('volume measure',VOLUME_MEASURE(
5.109876282081E-1),#4108);
#4113=CARTESIAN_POINT('centre point',(-5.899315117347E0,-1.292728411255E-1,
1.67696E1));
#4119=CARTESIAN_POINT('centre point',(6.204620866372E0,5.6232E1,
-2.469192938296E0));
#4123=CARTESIAN_POINT('',(6.094464713702E0,3.94624E1,-8.368895976859E0));
#4124=DIRECTION('',(0.E0,1.E0,0.E0));
#4125=DIRECTION('',(3.240377804486E-3,0.E0,-9.999947499621E-1));
#4126=AXIS2_PLACEMENT_3D('',#4123,#4124,#4125);
#4127=ITEM_DEFINED_TRANSFORMATION('','',#4080,#4126);
#4128=(REPRESENTATION_RELATIONSHIP('','',#4065,#1040)REPRESENTATION_RELATIONSHIP_WITH_TRANSFORMATION(#4127)SHAPE_REPRESENTATION_RELATIONSHIP());
#4129=CONTEXT_DEPENDENT_SHAPE_REPRESENTATION(#4128,#4118);
#4132=PLANE_ANGLE_MEASURE_WITH_UNIT(PLANE_ANGLE_MEASURE(1.745329251994E-2),
#4131);
#4133=(CONVERSION_BASED_UNIT('DEGREE',#4132)NAMED_UNIT(*)PLANE_ANGLE_UNIT());
#4135=UNCERTAINTY_MEASURE_WITH_UNIT(LENGTH_MEASURE(5.897337916848E-3),#4130,
'closure',
'Maximum model space distance between geometric entities at asserted connectivities');
#4137=CARTESIAN_POINT('',(0.E0,0.E0,0.E0));
#4138=DIRECTION('',(0.E0,0.E0,1.E0));
#4139=DIRECTION('',(1.E0,0.E0,0.E0));
#4141=MECHANICAL_DESIGN_GEOMETRIC_PRESENTATION_REPRESENTATION('',(#418,#440,
#464,#485,#504,#529,#549,#574,#596,#618,#643,#685,#720,#766,#785,#807,#827,#856,
#878,#898,#915,#937,#957,#974,#1063,#1071,#1078,#1085,#1093,#1101,#1108,#1115,
#1123,#1131,#1139,#1147,#1154,#1161,#1168,#1175,#1182,#1189,#1196,#1203,#1210,
#1218,#1226,#1233,#1241,#1249,#1256,#1263,#1270,#1278,#1286,#1293,#1300,#1307,
#1314,#1322,#1329,#1336,#1343,#1350,#1357,#1364,#1371,#1378,#1385,#1392,#1399,
#1406,#1413,#1420,#1427,#1434,#1441,#1448,#1055,#1924,#1931,#1938,#1945,#1952,
#1959,#1966,#1973,#1980,#1987,#1994,#2001,#1917,#2193,#2200,#2207,#2214,#2221,
#2228,#2235,#2242,#2249,#2256,#2263,#2270,#2186,#2461,#2469,#2477,#2484,#2491,
#2499,#2507,#2514,#2521,#2528,#2535,#2542,#2549,#2557,#2565,#2572,#2579,#2586,
#2594,#2602,#2609,#2616,#2623,#2630,#2637,#2644,#2651,#2658,#2454,#2954,#2961,
#2968,#2975,#2982,#2989,#2996,#3003,#3010,#3017,#3024,#3031,#2947,#3222,#3229,
#3236,#3243,#3250,#3257,#3264,#3271,#3278,#3285,#3292,#3299,#3215,#3491,#3499,
#3507,#3514,#3521,#3529,#3537,#3544,#3551,#3558,#3565,#3572,#3579,#3587,#3595,
#3602,#3609,#3616,#3624,#3632,#3639,#3646,#3653,#3660,#3667,#3674,#3681,#3688,
#3484),#4136);
#4142=PRODUCT_CONTEXT('',#989,'mechanical');
#4143=PRODUCT('ASM0034_ASM','ASM0034_ASM','NOT SPECIFIED',(#4142));
#4144=PRODUCT_DEFINITION_FORMATION_WITH_SPECIFIED_SOURCE('1','LAST_VERSION',
#4143,.MADE.);
#4147=DERIVED_UNIT_ELEMENT(#4146,2.E0);
#4148=AREA_UNIT((#4147));
#4149=MEASURE_REPRESENTATION_ITEM('surface area measure',AREA_MEASURE(
1.579496931114E3),#4148);
#4154=DERIVED_UNIT_ELEMENT(#4153,3.E0);
#4155=VOLUME_UNIT((#4154));
#4156=MEASURE_REPRESENTATION_ITEM('volume measure',VOLUME_MEASURE(
3.839711700532E3),#4155);
#4160=CARTESIAN_POINT('centre point',(6.249988941346E0,4.051888011571E1,
-6.250474008962E0));
#1=DRAUGHTING_PRE_DEFINED_COLOUR('green');
#2=COLOUR_RGB('',1.1E-2,1.2E-2,1.E0);
#3=COLOUR_RGB('',1.607843137255E-1,1.607843137255E-1,1.803921568627E-1);
#4=COLOUR_RGB('',2.392156862745E-1,2.509803921569E-1,2.588235294118E-1);
#5=COLOUR_RGB('',4.1E-1,2.61589E-1,1.12848E-1);
#6=COLOUR_RGB('',5.04854E-1,1.5455E-2,1.5455E-2);
#7=COLOUR_RGB('',6.35294E-1,6.86275E-1,7.4902E-1);
#8=COLOUR_RGB('',6.40777E-1,6.40777E-1,6.40777E-1);
#9=COLOUR_RGB('',6.69062E-1,6.69903E-1,6.55217E-1);
#10=COLOUR_RGB('',8.196078431373E-1,8.117647058824E-1,8.117647058824E-1);
#11=COLOUR_RGB('',9.21569E-1,7.05882E-1,4.70588E-1);
#12=DRAUGHTING_PRE_DEFINED_COLOUR('red');
#13=DRAUGHTING_PRE_DEFINED_COLOUR('yellow');
#14=COLOUR_RGB('',1.E0,1.E0,5.3E-1);
#15=COLOUR_RGB('',1.E0,1.E0,9.49E-1);
#16=DRAUGHTING_PRE_DEFINED_COLOUR('white');
#21=CIRCLE('',#20,5.999977422528E0);
#26=CIRCLE('',#25,5.999977422528E0);
#31=CIRCLE('',#30,4.6E0);
#36=CIRCLE('',#35,4.6E0);
#41=CIRCLE('',#40,2.5E-1);
#46=CIRCLE('',#45,6.249967160041E0);
#51=CIRCLE('',#50,6.031818181818E0);
#56=CIRCLE('',#55,8.E-1);
#61=CIRCLE('',#60,6.249967160041E0);
#66=CIRCLE('',#65,8.E-1);
#71=CIRCLE('',#70,2.5E-1);
#76=CIRCLE('',#75,3.E-1);
#81=CIRCLE('',#80,6.031818181818E0);
#86=CIRCLE('',#85,6.031818181818E0);
#91=CIRCLE('',#90,3.E-1);
#96=CIRCLE('',#95,6.031818181818E0);
#101=CIRCLE('',#100,6.031818181818E0);
#106=CIRCLE('',#105,6.25E0);
#111=CIRCLE('',#110,6.031818181818E0);
#116=CIRCLE('',#115,8.E-1);
#121=CIRCLE('',#120,6.25E0);
#130=CIRCLE('',#129,1.5E-1);
#135=B_SPLINE_CURVE_WITH_KNOTS('',3,(#131,#132,#133,#134),.UNSPECIFIED.,.F.,.F.,
(4,4),(0.E0,1.E0),.UNSPECIFIED.);
#140=CIRCLE('',#139,1.5E-1);
#177=B_SPLINE_CURVE_WITH_KNOTS('',3,(#157,#158,#159,#160,#161,#162,#163,#164,
#165,#166,#167,#168,#169,#170,#171,#172,#173,#174,#175,#176),.UNSPECIFIED.,.F.,
.F.,(4,1,1,1,1,1,1,1,1,1,1,1,1,1,1,1,1,4),(0.E0,5.882352941176E-2,
1.176470588235E-1,1.764705882353E-1,2.352941176471E-1,2.941176470588E-1,
3.529411764706E-1,4.117647058824E-1,4.705882352941E-1,5.294117647059E-1,
5.882352941176E-1,6.470588235294E-1,7.058823529412E-1,7.647058823529E-1,
8.235294117647E-1,8.823529411765E-1,9.411764705882E-1,1.E0),.UNSPECIFIED.);
#182=CIRCLE('',#181,6.1E0);
#187=CIRCLE('',#186,6.1E0);
#224=CIRCLE('',#223,6.25E0);
#229=CIRCLE('',#228,6.25E0);
#234=CIRCLE('',#233,6.25E0);
#243=CIRCLE('',#242,8.E-1);
#256=CIRCLE('',#255,4.6E0);
#261=CIRCLE('',#260,4.6E0);
#266=CIRCLE('',#265,3.E-1);
#271=CIRCLE('',#270,3.E-1);
#276=CIRCLE('',#275,3.E-1);
#281=CIRCLE('',#280,3.E-1);
#294=CIRCLE('',#293,3.E-1);
#299=CIRCLE('',#298,3.E-1);
#312=CIRCLE('',#311,3.E-1);
#317=CIRCLE('',#316,3.E-1);
#399=EDGE_CURVE('',#392,#393,#21,.T.);
#401=EDGE_CURVE('',#393,#392,#26,.T.);
#405=EDGE_CURVE('',#344,#345,#31,.T.);
#407=EDGE_CURVE('',#345,#344,#36,.T.);
#411=ADVANCED_FACE('',(#404,#410),#398,.F.);
#424=EDGE_CURVE('',#388,#389,#46,.T.);
#426=EDGE_CURVE('',#389,#393,#71,.T.);
#429=EDGE_CURVE('',#388,#392,#41,.T.);
#433=ADVANCED_FACE('',(#432),#423,.T.);
#447=EDGE_CURVE('',#388,#333,#66,.T.);
#449=EDGE_CURVE('',#333,#336,#51,.T.);
#451=EDGE_CURVE('',#385,#336,#86,.T.);
#453=EDGE_CURVE('',#389,#385,#56,.T.);
#457=ADVANCED_FACE('',(#456),#445,.T.);
#470=EDGE_CURVE('',#389,#388,#61,.T.);
#473=EDGE_CURVE('',#333,#385,#81,.T.);
#478=ADVANCED_FACE('',(#477),#469,.T.);
#497=ADVANCED_FACE('',(#496),#490,.T.);
#510=EDGE_CURVE('',#332,#333,#76,.T.);
#514=EDGE_CURVE('',#336,#337,#91,.T.);
#516=EDGE_CURVE('',#337,#381,#96,.T.);
#518=EDGE_CURVE('',#381,#332,#101,.T.);
#522=ADVANCED_FACE('',(#521),#509,.F.);
#536=EDGE_CURVE('',#337,#332,#111,.T.);
#542=ADVANCED_FACE('',(#541),#534,.F.);
#555=EDGE_CURVE('',#327,#329,#106,.T.);
#557=EDGE_CURVE('',#329,#381,#243,.T.);
#561=EDGE_CURVE('',#383,#332,#116,.T.);
#563=EDGE_CURVE('',#383,#327,#229,.T.);
#567=ADVANCED_FACE('',(#566),#554,.T.);
#580=EDGE_CURVE('',#320,#321,#121,.T.);
#582=EDGE_CURVE('',#329,#320,#238,.T.);
#585=EDGE_CURVE('',#327,#321,#125,.T.);
#589=ADVANCED_FACE('',(#588),#579,.T.);
#603=EDGE_CURVE('',#321,#325,#140,.T.);
#605=EDGE_CURVE('',#324,#325,#182,.T.);
#607=EDGE_CURVE('',#320,#324,#130,.T.);
#611=ADVANCED_FACE('',(#610),#601,.T.);
#624=EDGE_CURVE('',#379,#375,#135,.T.);
#626=EDGE_CURVE('',#325,#375,#187,.T.);
#629=EDGE_CURVE('',#321,#320,#224,.T.);
#632=EDGE_CURVE('',#379,#324,#177,.T.);
#636=ADVANCED_FACE('',(#635),#623,.T.);
#649=EDGE_CURVE('',#375,#372,#191,.T.);
#652=EDGE_CURVE('',#379,#367,#144,.T.);
#654=EDGE_CURVE('',#367,#364,#207,.T.);
#656=EDGE_CURVE('',#372,#364,#195,.T.);
#660=ADVANCED_FACE('',(#659),#648,.T.);
#666=EDGE_CURVE('',#372,#373,#148,.T.);
#668=EDGE_CURVE('',#373,#378,#152,.T.);
#670=EDGE_CURVE('',#378,#379,#156,.T.);
#678=ADVANCED_FACE('',(#677),#665,.T.);
#693=EDGE_CURVE('',#364,#365,#203,.T.);
#695=EDGE_CURVE('',#373,#365,#215,.T.);
#699=ADVANCED_FACE('',(#698),#690,.T.);
#705=EDGE_CURVE('',#365,#369,#199,.T.);
#709=EDGE_CURVE('',#369,#367,#211,.T.);
#713=ADVANCED_FACE('',(#712),#704,.T.);
#729=EDGE_CURVE('',#378,#369,#219,.T.);
#733=ADVANCED_FACE('',(#732),#725,.T.);
#745=ADVANCED_FACE('',(#744),#738,.T.);
#754=EDGE_CURVE('',#329,#383,#234,.T.);
#759=ADVANCED_FACE('',(#758),#750,.T.);
#778=ADVANCED_FACE('',(#777),#771,.T.);
#792=EDGE_CURVE('',#344,#340,#247,.T.);
#794=EDGE_CURVE('',#340,#341,#256,.T.);
#796=EDGE_CURVE('',#345,#341,#251,.T.);
#800=ADVANCED_FACE('',(#799),#790,.F.);
#815=EDGE_CURVE('',#341,#340,#261,.T.);
#820=ADVANCED_FACE('',(#819),#812,.F.);
#837=EDGE_CURVE('',#352,#353,#266,.T.);
#839=EDGE_CURVE('',#353,#352,#271,.T.);
#843=EDGE_CURVE('',#360,#361,#276,.T.);
#845=EDGE_CURVE('',#361,#360,#281,.T.);
#849=ADVANCED_FACE('',(#836,#842,#848),#832,.T.);
#863=EDGE_CURVE('',#352,#348,#285,.T.);
#865=EDGE_CURVE('',#348,#349,#294,.T.);
#867=EDGE_CURVE('',#353,#349,#289,.T.);
#871=ADVANCED_FACE('',(#870),#861,.T.);
#886=EDGE_CURVE('',#349,#348,#299,.T.);
#891=ADVANCED_FACE('',(#890),#883,.T.);
#908=ADVANCED_FACE('',(#907),#903,.T.);
#922=EDGE_CURVE('',#360,#356,#303,.T.);
#924=EDGE_CURVE('',#356,#357,#312,.T.);
#926=EDGE_CURVE('',#361,#357,#307,.T.);
#930=ADVANCED_FACE('',(#929),#920,.T.);
#945=EDGE_CURVE('',#357,#356,#317,.T.);
#950=ADVANCED_FACE('',(#949),#942,.T.);
#967=ADVANCED_FACE('',(#966),#962,.T.);
#977=(LENGTH_UNIT()NAMED_UNIT(*)SI_UNIT(.MILLI.,.METRE.));
#978=(NAMED_UNIT(*)PLANE_ANGLE_UNIT()SI_UNIT($,.RADIAN.));
#981=(NAMED_UNIT(*)SI_UNIT($,.STERADIAN.)SOLID_ANGLE_UNIT());
#983=(GEOMETRIC_REPRESENTATION_CONTEXT(3)GLOBAL_UNCERTAINTY_ASSIGNED_CONTEXT((
#982))GLOBAL_UNIT_ASSIGNED_CONTEXT((#977,#980,#981))REPRESENTATION_CONTEXT
('ID1','3'));
#987=AXIS2_PLACEMENT_3D('',#984,#985,#986);
#988=ADVANCED_BREP_SHAPE_REPRESENTATION('',(#987,#976),#983);
#995=PRODUCT_DEFINITION('design','',#994,#991);
#996=PRODUCT_DEFINITION_SHAPE('','SHAPE FOR 1250313000.',#995);
#997=SHAPE_ASPECT('','solid data associated with 1250313000',#996,.F.);
#998=PROPERTY_DEFINITION('',
'shape for solid data with which properties are associated',#997);
#999=SHAPE_REPRESENTATION('',(#976),#983);
#1000=SHAPE_DEFINITION_REPRESENTATION(#998,#999);
#1001=(LENGTH_UNIT()NAMED_UNIT(*)SI_UNIT(.MILLI.,.METRE.));
#1005=PROPERTY_DEFINITION('geometric validation property','area of 1250313000',
#997);
#1006=REPRESENTATION('surface area',(#1004),#983);
#1007=PROPERTY_DEFINITION_REPRESENTATION(#1005,#1006);
#1008=(LENGTH_UNIT()NAMED_UNIT(*)SI_UNIT(.MILLI.,.METRE.));
#1012=PROPERTY_DEFINITION('geometric validation property',
'volume of 1250313000',#997);
#1013=REPRESENTATION('volume',(#1011),#983);
#1014=PROPERTY_DEFINITION_REPRESENTATION(#1012,#1013);
#1016=PROPERTY_DEFINITION('geometric validation property',
'centroid of 1250313000',#997);
#1017=REPRESENTATION('centroid',(#1015),#983);
#1018=PROPERTY_DEFINITION_REPRESENTATION(#1016,#1017);
#1019=(LENGTH_UNIT()NAMED_UNIT(*)SI_UNIT(.MILLI.,.METRE.));
#1023=PROPERTY_DEFINITION('geometric validation property','area of 1250313000',
#996);
#1024=REPRESENTATION('surface area',(#1022),#983);
#1025=PROPERTY_DEFINITION_REPRESENTATION(#1023,#1024);
#1026=(LENGTH_UNIT()NAMED_UNIT(*)SI_UNIT(.MILLI.,.METRE.));
#1030=PROPERTY_DEFINITION('geometric validation property',
'volume of 1250313000',#996);
#1031=REPRESENTATION('volume',(#1029),#983);
#1032=PROPERTY_DEFINITION_REPRESENTATION(#1030,#1031);
#1034=PROPERTY_DEFINITION('geometric validation property',
'centroid of 1250313000',#996);
#1035=REPRESENTATION('centroid',(#1033),#983);
#1036=PROPERTY_DEFINITION_REPRESENTATION(#1034,#1035);
#1037=SHAPE_DEFINITION_REPRESENTATION(#996,#988);
#1038=SHAPE_DEFINITION_REPRESENTATION(#1039,#1040);
#1039=PRODUCT_DEFINITION_SHAPE('','SHAPE FOR ASM0034_ASM.',#4145);
#1040=SHAPE_REPRESENTATION('',(#1050,#4126,#4140),#4136);
#1041=NEXT_ASSEMBLY_USAGE_OCCURRENCE('151','Next assembly relationship',
'\X2\5F157EBF\X0\12503130',#4145,#995,$);
#1042=PRODUCT_DEFINITION_SHAPE('Placement #151',
'Placement of 1250313000 with respect to ASM0034_ASM',#1041);
#1044=PROPERTY_DEFINITION('geometric validation property',
'centroid of \X2\5F157EBF\X0\12503130',#1042);
#1045=REPRESENTATION('centroid',(#1043),#983);
#1046=PROPERTY_DEFINITION_REPRESENTATION(#1044,#1045);
#1054=COLOUR_RGB('',1.9E-1,2.2E-1,2.2E-1);
#1068=CIRCLE('',#1067,1.575919237253E-1);
#1090=CIRCLE('',#1089,9.331444012514E-2);
#1098=CIRCLE('',#1097,9.331444012514E-2);
#1120=CIRCLE('',#1119,2.173750519347E-1);
#1128=CIRCLE('',#1127,2.173750519347E-1);
#1136=CIRCLE('',#1135,7.036141807475E-2);
#1144=CIRCLE('',#1143,7.036141807475E-2);
#1215=CIRCLE('',#1214,7.036141807475E-2);
#1223=CIRCLE('',#1222,7.036141807475E-2);
#1238=CIRCLE('',#1237,2.173750519347E-1);
#1246=CIRCLE('',#1245,2.173750519347E-1);
#1275=CIRCLE('',#1274,9.331444012514E-2);
#1283=CIRCLE('',#1282,9.331444012514E-2);
#1319=CIRCLE('',#1318,1.575919237253E-1);
#1530=EDGE_CURVE('',#1451,#1452,#1165,.T.);
#1532=EDGE_CURVE('',#1451,#1454,#1059,.T.);
#1534=EDGE_CURVE('',#1456,#1454,#1340,.T.);
#1536=EDGE_CURVE('',#1456,#1458,#1068,.T.);
#1538=EDGE_CURVE('',#1458,#1460,#1075,.T.);
#1540=EDGE_CURVE('',#1462,#1460,#1375,.T.);
#1542=EDGE_CURVE('',#1462,#1464,#1082,.T.);
#1544=EDGE_CURVE('',#1466,#1464,#1389,.T.);
#1546=EDGE_CURVE('',#1466,#1468,#1090,.T.);
#1548=EDGE_CURVE('',#1468,#1470,#1098,.T.);
#1550=EDGE_CURVE('',#1470,#1472,#1105,.T.);
#1552=EDGE_CURVE('',#1474,#1472,#1424,.T.);
#1554=EDGE_CURVE('',#1474,#1476,#1112,.T.);
#1556=EDGE_CURVE('',#1476,#1478,#1120,.T.);
#1558=EDGE_CURVE('',#1478,#1480,#1128,.T.);
#1560=EDGE_CURVE('',#1482,#1480,#1445,.T.);
#1562=EDGE_CURVE('',#1482,#1484,#1136,.T.);
#1564=EDGE_CURVE('',#1484,#1486,#1144,.T.);
#1566=EDGE_CURVE('',#1486,#1452,#1151,.T.);
#1570=ADVANCED_FACE('',(#1569),#1529,.F.);
#1576=EDGE_CURVE('',#1488,#1452,#1172,.T.);
#1578=EDGE_CURVE('',#1490,#1488,#1200,.T.);
#1580=EDGE_CURVE('',#1490,#1451,#1158,.T.);
#1585=ADVANCED_FACE('',(#1584),#1575,.F.);
#1591=EDGE_CURVE('',#1492,#1486,#1179,.T.);
#1593=EDGE_CURVE('',#1488,#1492,#1207,.T.);
#1599=ADVANCED_FACE('',(#1598),#1590,.F.);
#1605=EDGE_CURVE('',#1495,#1496,#1223,.T.);
#1607=EDGE_CURVE('',#1492,#1495,#1215,.T.);
#1612=EDGE_CURVE('',#1482,#1496,#1186,.T.);
#1616=ADVANCED_FACE('',(#1615),#1604,.F.);
#1622=EDGE_CURVE('',#1498,#1490,#1193,.T.);
#1628=EDGE_CURVE('',#1496,#1500,#1230,.T.);
#1630=EDGE_CURVE('',#1500,#1502,#1238,.T.);
#1632=EDGE_CURVE('',#1502,#1504,#1246,.T.);
#1634=EDGE_CURVE('',#1504,#1506,#1253,.T.);
#1636=EDGE_CURVE('',#1506,#1508,#1260,.T.);
#1638=EDGE_CURVE('',#1508,#1510,#1267,.T.);
#1640=EDGE_CURVE('',#1510,#1512,#1275,.T.);
#1642=EDGE_CURVE('',#1512,#1514,#1283,.T.);
#1644=EDGE_CURVE('',#1514,#1516,#1290,.T.);
#1646=EDGE_CURVE('',#1516,#1518,#1297,.T.);
#1648=EDGE_CURVE('',#1518,#1520,#1304,.T.);
#1650=EDGE_CURVE('',#1520,#1522,#1311,.T.);
#1652=EDGE_CURVE('',#1522,#1524,#1319,.T.);
#1654=EDGE_CURVE('',#1524,#1498,#1326,.T.);
#1658=ADVANCED_FACE('',(#1657),#1621,.T.);
#1666=EDGE_CURVE('',#1498,#1454,#1333,.T.);
#1671=ADVANCED_FACE('',(#1670),#1663,.F.);
#1679=EDGE_CURVE('',#1456,#1524,#1347,.T.);
#1684=ADVANCED_FACE('',(#1683),#1676,.F.);
#1692=EDGE_CURVE('',#1522,#1458,#1354,.T.);
#1697=ADVANCED_FACE('',(#1696),#1689,.T.);
#1705=EDGE_CURVE('',#1520,#1460,#1361,.T.);
#1710=ADVANCED_FACE('',(#1709),#1702,.F.);
#1718=EDGE_CURVE('',#1518,#1462,#1368,.T.);
#1723=ADVANCED_FACE('',(#1722),#1715,.F.);
#1731=EDGE_CURVE('',#1516,#1464,#1382,.T.);
#1736=ADVANCED_FACE('',(#1735),#1728,.F.);
#1744=EDGE_CURVE('',#1466,#1514,#1403,.T.);
#1749=ADVANCED_FACE('',(#1748),#1741,.F.);
#1757=EDGE_CURVE('',#1510,#1470,#1396,.T.);
#1764=ADVANCED_FACE('',(#1763),#1754,.F.);
#1772=EDGE_CURVE('',#1508,#1472,#1410,.T.);
#1777=ADVANCED_FACE('',(#1776),#1769,.F.);
#1785=EDGE_CURVE('',#1506,#1474,#1417,.T.);
#1790=ADVANCED_FACE('',(#1789),#1782,.F.);
#1798=EDGE_CURVE('',#1476,#1504,#1438,.T.);
#1803=ADVANCED_FACE('',(#1802),#1795,.F.);
#1811=EDGE_CURVE('',#1500,#1480,#1431,.T.);
#1818=ADVANCED_FACE('',(#1817),#1808,.T.);
#1830=ADVANCED_FACE('',(#1829),#1823,.F.);
#1839=(LENGTH_UNIT()NAMED_UNIT(*)SI_UNIT(.MILLI.,.METRE.));
#1840=(NAMED_UNIT(*)PLANE_ANGLE_UNIT()SI_UNIT($,.RADIAN.));
#1843=(NAMED_UNIT(*)SI_UNIT($,.STERADIAN.)SOLID_ANGLE_UNIT());
#1845=(GEOMETRIC_REPRESENTATION_CONTEXT(3)GLOBAL_UNCERTAINTY_ASSIGNED_CONTEXT((
#1844))GLOBAL_UNIT_ASSIGNED_CONTEXT((#1839,#1842,#1843))REPRESENTATION_CONTEXT(
'ID2','3'));
#1849=AXIS2_PLACEMENT_3D('',#1846,#1847,#1848);
#1850=ADVANCED_BREP_SHAPE_REPRESENTATION('',(#1849,#1832),#1845);
#1854=PRODUCT_DEFINITION('design','',#1853,#991);
#1855=PRODUCT_DEFINITION_SHAPE('','SHAPE FOR LOGO_NX_PRT_180_1_1_1_1_2_1__15.',
#1854);
#1856=SHAPE_ASPECT('',
'solid data associated with LOGO_NX_PRT_180_1_1_1_1_2_1__15',#1855,.F.);
#1857=PROPERTY_DEFINITION('',
'shape for solid data with which properties are associated',#1856);
#1858=SHAPE_REPRESENTATION('',(#1832),#1845);
#1859=SHAPE_DEFINITION_REPRESENTATION(#1857,#1858);
#1860=(LENGTH_UNIT()NAMED_UNIT(*)SI_UNIT(.MILLI.,.METRE.));
#1864=PROPERTY_DEFINITION('geometric validation property',
'area of LOGO_NX_PRT_180_1_1_1_1_2_1__15',#1856);
#1865=REPRESENTATION('surface area',(#1863),#1845);
#1866=PROPERTY_DEFINITION_REPRESENTATION(#1864,#1865);
#1867=(LENGTH_UNIT()NAMED_UNIT(*)SI_UNIT(.MILLI.,.METRE.));
#1871=PROPERTY_DEFINITION('geometric validation property',
'volume of LOGO_NX_PRT_180_1_1_1_1_2_1__15',#1856);
#1872=REPRESENTATION('volume',(#1870),#1845);
#1873=PROPERTY_DEFINITION_REPRESENTATION(#1871,#1872);
#1875=PROPERTY_DEFINITION('geometric validation property',
'centroid of LOGO_NX_PRT_180_1_1_1_1_2_1__15',#1856);
#1876=REPRESENTATION('centroid',(#1874),#1845);
#1877=PROPERTY_DEFINITION_REPRESENTATION(#1875,#1876);
#1878=(LENGTH_UNIT()NAMED_UNIT(*)SI_UNIT(.MILLI.,.METRE.));
#1882=PROPERTY_DEFINITION('geometric validation property',
'area of LOGO_NX_PRT_180_1_1_1_1_2_1__15',#1855);
#1883=REPRESENTATION('surface area',(#1881),#1845);
#1884=PROPERTY_DEFINITION_REPRESENTATION(#1882,#1883);
#1885=(LENGTH_UNIT()NAMED_UNIT(*)SI_UNIT(.MILLI.,.METRE.));
#1889=PROPERTY_DEFINITION('geometric validation property',
'volume of LOGO_NX_PRT_180_1_1_1_1_2_1__15',#1855);
#1890=REPRESENTATION('volume',(#1888),#1845);
#1891=PROPERTY_DEFINITION_REPRESENTATION(#1889,#1890);
#1893=PROPERTY_DEFINITION('geometric validation property',
'centroid of LOGO_NX_PRT_180_1_1_1_1_2_1__15',#1855);
#1894=REPRESENTATION('centroid',(#1892),#1845);
#1895=PROPERTY_DEFINITION_REPRESENTATION(#1893,#1894);
#1896=SHAPE_DEFINITION_REPRESENTATION(#1855,#1850);
#1897=SHAPE_DEFINITION_REPRESENTATION(#1898,#1899);
#1898=PRODUCT_DEFINITION_SHAPE('',
'SHAPE FOR LOGO-YMIN_ASM_1_1_ASM_1_1_2__13_ASM.',#3991);
#1899=SHAPE_REPRESENTATION('',(#1914,#1909,#2183,#2178,#2451,#2446,#2944,#2939,
#3212,#3207,#3481,#3476,#3973,#3968,#3986),#3982);
#1900=NEXT_ASSEMBLY_USAGE_OCCURRENCE('152','Next assembly relationship',
'LOGO_NX_PRT_180',#3991,#1854,$);
#1901=PRODUCT_DEFINITION_SHAPE('Placement #152',
'Placement of LOGO_NX_PRT_180_1_1_1_1_2_1__15 with respect to LOGO-YMIN_ASM_1_1_ASM_1_1_2__13_ASM',#1900);
#1903=PROPERTY_DEFINITION('geometric validation property',
'centroid of LOGO_NX_PRT_180',#1901);
#1904=REPRESENTATION('centroid',(#1902),#1845);
#1905=PROPERTY_DEFINITION_REPRESENTATION(#1903,#1904);
#1914=AXIS2_PLACEMENT_3D('',#1911,#1912,#1913);
#2023=EDGE_CURVE('',#2004,#2005,#1921,.T.);
#2025=EDGE_CURVE('',#2007,#2004,#1970,.T.);
#2027=EDGE_CURVE('',#2009,#2007,#1942,.T.);
#2029=EDGE_CURVE('',#2005,#2009,#1998,.T.);
#2033=ADVANCED_FACE('',(#2032),#2022,.F.);
#2039=EDGE_CURVE('',#2012,#2013,#1935,.T.);
#2041=EDGE_CURVE('',#2004,#2012,#1977,.T.);
#2044=EDGE_CURVE('',#2013,#2005,#1991,.T.);
#2048=ADVANCED_FACE('',(#2047),#2038,.F.);
#2054=EDGE_CURVE('',#2016,#2017,#1928,.T.);
#2056=EDGE_CURVE('',#2012,#2017,#1956,.T.);
#2059=EDGE_CURVE('',#2016,#2013,#1984,.T.);
#2063=ADVANCED_FACE('',(#2062),#2053,.F.);
#2070=EDGE_CURVE('',#2017,#2007,#1963,.T.);
#2073=EDGE_CURVE('',#2016,#2009,#1949,.T.);
#2077=ADVANCED_FACE('',(#2076),#2068,.F.);
#2089=ADVANCED_FACE('',(#2088),#2082,.T.);
#2101=ADVANCED_FACE('',(#2100),#2094,.F.);
#2110=(LENGTH_UNIT()NAMED_UNIT(*)SI_UNIT(.MILLI.,.METRE.));
#2111=(NAMED_UNIT(*)PLANE_ANGLE_UNIT()SI_UNIT($,.RADIAN.));
#2114=(NAMED_UNIT(*)SI_UNIT($,.STERADIAN.)SOLID_ANGLE_UNIT());
#2116=(GEOMETRIC_REPRESENTATION_CONTEXT(3)GLOBAL_UNCERTAINTY_ASSIGNED_CONTEXT((
#2115))GLOBAL_UNIT_ASSIGNED_CONTEXT((#2110,#2113,#2114))REPRESENTATION_CONTEXT(
'ID3','3'));
#2120=AXIS2_PLACEMENT_3D('',#2117,#2118,#2119);
#2121=ADVANCED_BREP_SHAPE_REPRESENTATION('',(#2120,#2103),#2116);
#2126=PRODUCT_DEFINITION('design','',#2125,#2122);
#2127=PRODUCT_DEFINITION_SHAPE('','SHAPE FOR LOGO_NX_PRT_253_1_1_1_1_2_1__15.',
#2126);
#2128=SHAPE_ASPECT('',
'solid data associated with LOGO_NX_PRT_253_1_1_1_1_2_1__15',#2127,.F.);
#2129=PROPERTY_DEFINITION('',
'shape for solid data with which properties are associated',#2128);
#2130=SHAPE_REPRESENTATION('',(#2103),#2116);
#2131=SHAPE_DEFINITION_REPRESENTATION(#2129,#2130);
#2132=(LENGTH_UNIT()NAMED_UNIT(*)SI_UNIT(.MILLI.,.METRE.));
#2136=PROPERTY_DEFINITION('geometric validation property',
'area of LOGO_NX_PRT_253_1_1_1_1_2_1__15',#2128);
#2137=REPRESENTATION('surface area',(#2135),#2116);
#2138=PROPERTY_DEFINITION_REPRESENTATION(#2136,#2137);
#2139=(LENGTH_UNIT()NAMED_UNIT(*)SI_UNIT(.MILLI.,.METRE.));
#2143=PROPERTY_DEFINITION('geometric validation property',
'volume of LOGO_NX_PRT_253_1_1_1_1_2_1__15',#2128);
#2144=REPRESENTATION('volume',(#2142),#2116);
#2145=PROPERTY_DEFINITION_REPRESENTATION(#2143,#2144);
#2147=PROPERTY_DEFINITION('geometric validation property',
'centroid of LOGO_NX_PRT_253_1_1_1_1_2_1__15',#2128);
#2148=REPRESENTATION('centroid',(#2146),#2116);
#2149=PROPERTY_DEFINITION_REPRESENTATION(#2147,#2148);
#2150=(LENGTH_UNIT()NAMED_UNIT(*)SI_UNIT(.MILLI.,.METRE.));
#2154=PROPERTY_DEFINITION('geometric validation property',
'area of LOGO_NX_PRT_253_1_1_1_1_2_1__15',#2127);
#2155=REPRESENTATION('surface area',(#2153),#2116);
#2156=PROPERTY_DEFINITION_REPRESENTATION(#2154,#2155);
#2157=(LENGTH_UNIT()NAMED_UNIT(*)SI_UNIT(.MILLI.,.METRE.));
#2161=PROPERTY_DEFINITION('geometric validation property',
'volume of LOGO_NX_PRT_253_1_1_1_1_2_1__15',#2127);
#2162=REPRESENTATION('volume',(#2160),#2116);
#2163=PROPERTY_DEFINITION_REPRESENTATION(#2161,#2162);
#2165=PROPERTY_DEFINITION('geometric validation property',
'centroid of LOGO_NX_PRT_253_1_1_1_1_2_1__15',#2127);
#2166=REPRESENTATION('centroid',(#2164),#2116);
#2167=PROPERTY_DEFINITION_REPRESENTATION(#2165,#2166);
#2168=SHAPE_DEFINITION_REPRESENTATION(#2127,#2121);
#2169=NEXT_ASSEMBLY_USAGE_OCCURRENCE('153','Next assembly relationship',
'LOGO_NX_PRT_253',#3991,#2126,$);
#2170=PRODUCT_DEFINITION_SHAPE('Placement #153',
'Placement of LOGO_NX_PRT_253_1_1_1_1_2_1__15 with respect to LOGO-YMIN_ASM_1_1_ASM_1_1_2__13_ASM',#2169);
#2172=PROPERTY_DEFINITION('geometric validation property',
'centroid of LOGO_NX_PRT_253',#2170);
#2173=REPRESENTATION('centroid',(#2171),#2116);
#2174=PROPERTY_DEFINITION_REPRESENTATION(#2172,#2173);
#2183=AXIS2_PLACEMENT_3D('',#2180,#2181,#2182);
#2292=EDGE_CURVE('',#2273,#2274,#2190,.T.);
#2294=EDGE_CURVE('',#2276,#2273,#2239,.T.);
#2296=EDGE_CURVE('',#2278,#2276,#2211,.T.);
#2298=EDGE_CURVE('',#2274,#2278,#2267,.T.);
#2302=ADVANCED_FACE('',(#2301),#2291,.F.);
#2308=EDGE_CURVE('',#2281,#2282,#2204,.T.);
#2310=EDGE_CURVE('',#2273,#2281,#2246,.T.);
#2313=EDGE_CURVE('',#2282,#2274,#2260,.T.);
#2317=ADVANCED_FACE('',(#2316),#2307,.F.);
#2323=EDGE_CURVE('',#2285,#2286,#2197,.T.);
#2325=EDGE_CURVE('',#2281,#2286,#2225,.T.);
#2328=EDGE_CURVE('',#2285,#2282,#2253,.T.);
#2332=ADVANCED_FACE('',(#2331),#2322,.F.);
#2339=EDGE_CURVE('',#2286,#2276,#2232,.T.);
#2342=EDGE_CURVE('',#2285,#2278,#2218,.T.);
#2346=ADVANCED_FACE('',(#2345),#2337,.F.);
#2358=ADVANCED_FACE('',(#2357),#2351,.T.);
#2370=ADVANCED_FACE('',(#2369),#2363,.F.);
#2379=(LENGTH_UNIT()NAMED_UNIT(*)SI_UNIT(.MILLI.,.METRE.));
#2380=(NAMED_UNIT(*)PLANE_ANGLE_UNIT()SI_UNIT($,.RADIAN.));
#2383=(NAMED_UNIT(*)SI_UNIT($,.STERADIAN.)SOLID_ANGLE_UNIT());
#2385=(GEOMETRIC_REPRESENTATION_CONTEXT(3)GLOBAL_UNCERTAINTY_ASSIGNED_CONTEXT((
#2384))GLOBAL_UNIT_ASSIGNED_CONTEXT((#2379,#2382,#2383))REPRESENTATION_CONTEXT(
'ID4','3'));
#2389=AXIS2_PLACEMENT_3D('',#2386,#2387,#2388);
#2390=ADVANCED_BREP_SHAPE_REPRESENTATION('',(#2389,#2372),#2385);
#2394=PRODUCT_DEFINITION('design','',#2393,#2122);
#2395=PRODUCT_DEFINITION_SHAPE('','SHAPE FOR LOGO_NX_PRT_272_1_1_1_1_2_1__15.',
#2394);
#2396=SHAPE_ASPECT('',
'solid data associated with LOGO_NX_PRT_272_1_1_1_1_2_1__15',#2395,.F.);
#2397=PROPERTY_DEFINITION('',
'shape for solid data with which properties are associated',#2396);
#2398=SHAPE_REPRESENTATION('',(#2372),#2385);
#2399=SHAPE_DEFINITION_REPRESENTATION(#2397,#2398);
#2400=(LENGTH_UNIT()NAMED_UNIT(*)SI_UNIT(.MILLI.,.METRE.));
#2404=PROPERTY_DEFINITION('geometric validation property',
'area of LOGO_NX_PRT_272_1_1_1_1_2_1__15',#2396);
#2405=REPRESENTATION('surface area',(#2403),#2385);
#2406=PROPERTY_DEFINITION_REPRESENTATION(#2404,#2405);
#2407=(LENGTH_UNIT()NAMED_UNIT(*)SI_UNIT(.MILLI.,.METRE.));
#2411=PROPERTY_DEFINITION('geometric validation property',
'volume of LOGO_NX_PRT_272_1_1_1_1_2_1__15',#2396);
#2412=REPRESENTATION('volume',(#2410),#2385);
#2413=PROPERTY_DEFINITION_REPRESENTATION(#2411,#2412);
#2415=PROPERTY_DEFINITION('geometric validation property',
'centroid of LOGO_NX_PRT_272_1_1_1_1_2_1__15',#2396);
#2416=REPRESENTATION('centroid',(#2414),#2385);
#2417=PROPERTY_DEFINITION_REPRESENTATION(#2415,#2416);
#2418=(LENGTH_UNIT()NAMED_UNIT(*)SI_UNIT(.MILLI.,.METRE.));
#2422=PROPERTY_DEFINITION('geometric validation property',
'area of LOGO_NX_PRT_272_1_1_1_1_2_1__15',#2395);
#2423=REPRESENTATION('surface area',(#2421),#2385);
#2424=PROPERTY_DEFINITION_REPRESENTATION(#2422,#2423);
#2425=(LENGTH_UNIT()NAMED_UNIT(*)SI_UNIT(.MILLI.,.METRE.));
#2429=PROPERTY_DEFINITION('geometric validation property',
'volume of LOGO_NX_PRT_272_1_1_1_1_2_1__15',#2395);
#2430=REPRESENTATION('volume',(#2428),#2385);
#2431=PROPERTY_DEFINITION_REPRESENTATION(#2429,#2430);
#2433=PROPERTY_DEFINITION('geometric validation property',
'centroid of LOGO_NX_PRT_272_1_1_1_1_2_1__15',#2395);
#2434=REPRESENTATION('centroid',(#2432),#2385);
#2435=PROPERTY_DEFINITION_REPRESENTATION(#2433,#2434);
#2436=SHAPE_DEFINITION_REPRESENTATION(#2395,#2390);
#2437=NEXT_ASSEMBLY_USAGE_OCCURRENCE('154','Next assembly relationship',
'LOGO_NX_PRT_272',#3991,#2394,$);
#2438=PRODUCT_DEFINITION_SHAPE('Placement #154',
'Placement of LOGO_NX_PRT_272_1_1_1_1_2_1__15 with respect to LOGO-YMIN_ASM_1_1_ASM_1_1_2__13_ASM',#2437);
#2440=PROPERTY_DEFINITION('geometric validation property',
'centroid of LOGO_NX_PRT_272',#2438);
#2441=REPRESENTATION('centroid',(#2439),#2385);
#2442=PROPERTY_DEFINITION_REPRESENTATION(#2440,#2441);
#2451=AXIS2_PLACEMENT_3D('',#2448,#2449,#2450);
#2466=CIRCLE('',#2465,1.505202862389E-1);
#2474=CIRCLE('',#2473,1.505202862389E-1);
#2496=CIRCLE('',#2495,2.005506191363E-1);
#2504=CIRCLE('',#2503,2.005506191363E-1);
#2554=CIRCLE('',#2553,2.005506191363E-1);
#2562=CIRCLE('',#2561,2.005506191363E-1);
#2591=CIRCLE('',#2590,1.505202862389E-1);
#2599=CIRCLE('',#2598,1.505202862389E-1);
#2704=EDGE_CURVE('',#2661,#2662,#2518,.T.);
#2706=EDGE_CURVE('',#2661,#2664,#2458,.T.);
#2708=EDGE_CURVE('',#2666,#2664,#2620,.T.);
#2710=EDGE_CURVE('',#2666,#2668,#2466,.T.);
#2712=EDGE_CURVE('',#2668,#2670,#2474,.T.);
#2714=EDGE_CURVE('',#2670,#2672,#2481,.T.);
#2716=EDGE_CURVE('',#2674,#2672,#2655,.T.);
#2718=EDGE_CURVE('',#2674,#2676,#2488,.T.);
#2720=EDGE_CURVE('',#2676,#2678,#2496,.T.);
#2722=EDGE_CURVE('',#2678,#2662,#2504,.T.);
#2726=ADVANCED_FACE('',(#2725),#2703,.T.);
#2732=EDGE_CURVE('',#2680,#2662,#2525,.T.);
#2734=EDGE_CURVE('',#2682,#2680,#2546,.T.);
#2736=EDGE_CURVE('',#2682,#2661,#2511,.T.);
#2741=ADVANCED_FACE('',(#2740),#2731,.F.);
#2747=EDGE_CURVE('',#2685,#2686,#2562,.T.);
#2749=EDGE_CURVE('',#2680,#2685,#2554,.T.);
#2754=EDGE_CURVE('',#2676,#2686,#2532,.T.);
#2758=ADVANCED_FACE('',(#2757),#2746,.T.);
#2764=EDGE_CURVE('',#2688,#2682,#2539,.T.);
#2769=EDGE_CURVE('',#2686,#2690,#2569,.T.);
#2771=EDGE_CURVE('',#2690,#2692,#2576,.T.);
#2773=EDGE_CURVE('',#2692,#2694,#2583,.T.);
#2775=EDGE_CURVE('',#2694,#2696,#2591,.T.);
#2777=EDGE_CURVE('',#2696,#2698,#2599,.T.);
#2779=EDGE_CURVE('',#2698,#2688,#2606,.T.);
#2783=ADVANCED_FACE('',(#2782),#2763,.T.);
#2791=EDGE_CURVE('',#2688,#2664,#2613,.T.);
#2796=ADVANCED_FACE('',(#2795),#2788,.F.);
#2804=EDGE_CURVE('',#2666,#2698,#2634,.T.);
#2809=ADVANCED_FACE('',(#2808),#2801,.F.);
#2817=EDGE_CURVE('',#2694,#2670,#2627,.T.);
#2824=ADVANCED_FACE('',(#2823),#2814,.F.);
#2832=EDGE_CURVE('',#2692,#2672,#2641,.T.);
#2837=ADVANCED_FACE('',(#2836),#2829,.F.);
#2845=EDGE_CURVE('',#2690,#2674,#2648,.T.);
#2850=ADVANCED_FACE('',(#2849),#2842,.F.);
#2862=ADVANCED_FACE('',(#2861),#2855,.F.);
#2871=(LENGTH_UNIT()NAMED_UNIT(*)SI_UNIT(.MILLI.,.METRE.));
#2872=(NAMED_UNIT(*)PLANE_ANGLE_UNIT()SI_UNIT($,.RADIAN.));
#2875=(NAMED_UNIT(*)SI_UNIT($,.STERADIAN.)SOLID_ANGLE_UNIT());
#2877=(GEOMETRIC_REPRESENTATION_CONTEXT(3)GLOBAL_UNCERTAINTY_ASSIGNED_CONTEXT((
#2876))GLOBAL_UNIT_ASSIGNED_CONTEXT((#2871,#2874,#2875))REPRESENTATION_CONTEXT(
'ID5','3'));
#2881=AXIS2_PLACEMENT_3D('',#2878,#2879,#2880);
#2882=ADVANCED_BREP_SHAPE_REPRESENTATION('',(#2881,#2864),#2877);
#2887=PRODUCT_DEFINITION('design','',#2886,#2883);
#2888=PRODUCT_DEFINITION_SHAPE('','SHAPE FOR LOGO_NX_PRT_291_1_1_1_1_2_1__15.',
#2887);
#2889=SHAPE_ASPECT('',
'solid data associated with LOGO_NX_PRT_291_1_1_1_1_2_1__15',#2888,.F.);
#2890=PROPERTY_DEFINITION('',
'shape for solid data with which properties are associated',#2889);
#2891=SHAPE_REPRESENTATION('',(#2864),#2877);
#2892=SHAPE_DEFINITION_REPRESENTATION(#2890,#2891);
#2893=(LENGTH_UNIT()NAMED_UNIT(*)SI_UNIT(.MILLI.,.METRE.));
#2897=PROPERTY_DEFINITION('geometric validation property',
'area of LOGO_NX_PRT_291_1_1_1_1_2_1__15',#2889);
#2898=REPRESENTATION('surface area',(#2896),#2877);
#2899=PROPERTY_DEFINITION_REPRESENTATION(#2897,#2898);
#2900=(LENGTH_UNIT()NAMED_UNIT(*)SI_UNIT(.MILLI.,.METRE.));
#2904=PROPERTY_DEFINITION('geometric validation property',
'volume of LOGO_NX_PRT_291_1_1_1_1_2_1__15',#2889);
#2905=REPRESENTATION('volume',(#2903),#2877);
#2906=PROPERTY_DEFINITION_REPRESENTATION(#2904,#2905);
#2908=PROPERTY_DEFINITION('geometric validation property',
'centroid of LOGO_NX_PRT_291_1_1_1_1_2_1__15',#2889);
#2909=REPRESENTATION('centroid',(#2907),#2877);
#2910=PROPERTY_DEFINITION_REPRESENTATION(#2908,#2909);
#2911=(LENGTH_UNIT()NAMED_UNIT(*)SI_UNIT(.MILLI.,.METRE.));
#2915=PROPERTY_DEFINITION('geometric validation property',
'area of LOGO_NX_PRT_291_1_1_1_1_2_1__15',#2888);
#2916=REPRESENTATION('surface area',(#2914),#2877);
#2917=PROPERTY_DEFINITION_REPRESENTATION(#2915,#2916);
#2918=(LENGTH_UNIT()NAMED_UNIT(*)SI_UNIT(.MILLI.,.METRE.));
#2922=PROPERTY_DEFINITION('geometric validation property',
'volume of LOGO_NX_PRT_291_1_1_1_1_2_1__15',#2888);
#2923=REPRESENTATION('volume',(#2921),#2877);
#2924=PROPERTY_DEFINITION_REPRESENTATION(#2922,#2923);
#2926=PROPERTY_DEFINITION('geometric validation property',
'centroid of LOGO_NX_PRT_291_1_1_1_1_2_1__15',#2888);
#2927=REPRESENTATION('centroid',(#2925),#2877);
#2928=PROPERTY_DEFINITION_REPRESENTATION(#2926,#2927);
#2929=SHAPE_DEFINITION_REPRESENTATION(#2888,#2882);
#2930=NEXT_ASSEMBLY_USAGE_OCCURRENCE('155','Next assembly relationship',
'LOGO_NX_PRT_291',#3991,#2887,$);
#2931=PRODUCT_DEFINITION_SHAPE('Placement #155',
'Placement of LOGO_NX_PRT_291_1_1_1_1_2_1__15 with respect to LOGO-YMIN_ASM_1_1_ASM_1_1_2__13_ASM',#2930);
#2933=PROPERTY_DEFINITION('geometric validation property',
'centroid of LOGO_NX_PRT_291',#2931);
#2934=REPRESENTATION('centroid',(#2932),#2877);
#2935=PROPERTY_DEFINITION_REPRESENTATION(#2933,#2934);
#2944=AXIS2_PLACEMENT_3D('',#2941,#2942,#2943);
#3053=EDGE_CURVE('',#3034,#3035,#2951,.T.);
#3055=EDGE_CURVE('',#3037,#3034,#3000,.T.);
#3057=EDGE_CURVE('',#3039,#3037,#2986,.T.);
#3059=EDGE_CURVE('',#3035,#3039,#3028,.T.);
#3063=ADVANCED_FACE('',(#3062),#3052,.F.);
#3069=EDGE_CURVE('',#3042,#3043,#2972,.T.);
#3071=EDGE_CURVE('',#3034,#3042,#3007,.T.);
#3074=EDGE_CURVE('',#3043,#3035,#3021,.T.);
#3078=ADVANCED_FACE('',(#3077),#3068,.F.);
#3084=EDGE_CURVE('',#3046,#3047,#2958,.T.);
#3086=EDGE_CURVE('',#3047,#3042,#2965,.T.);
#3089=EDGE_CURVE('',#3043,#3046,#2979,.T.);
#3093=ADVANCED_FACE('',(#3092),#3083,.F.);
#3100=EDGE_CURVE('',#3047,#3037,#2993,.T.);
#3103=EDGE_CURVE('',#3039,#3046,#3014,.T.);
#3107=ADVANCED_FACE('',(#3106),#3098,.F.);
#3119=ADVANCED_FACE('',(#3118),#3112,.T.);
#3131=ADVANCED_FACE('',(#3130),#3124,.F.);
#3140=(LENGTH_UNIT()NAMED_UNIT(*)SI_UNIT(.MILLI.,.METRE.));
#3141=(NAMED_UNIT(*)PLANE_ANGLE_UNIT()SI_UNIT($,.RADIAN.));
#3144=(NAMED_UNIT(*)SI_UNIT($,.STERADIAN.)SOLID_ANGLE_UNIT());
#3146=(GEOMETRIC_REPRESENTATION_CONTEXT(3)GLOBAL_UNCERTAINTY_ASSIGNED_CONTEXT((
#3145))GLOBAL_UNIT_ASSIGNED_CONTEXT((#3140,#3143,#3144))REPRESENTATION_CONTEXT(
'ID6','3'));
#3150=AXIS2_PLACEMENT_3D('',#3147,#3148,#3149);
#3151=ADVANCED_BREP_SHAPE_REPRESENTATION('',(#3150,#3133),#3146);
#3155=PRODUCT_DEFINITION('design','',#3154,#2883);
#3156=PRODUCT_DEFINITION_SHAPE('','SHAPE FOR LOGO_NX_PRT_330_1_1_1_1_2_1__15.',
#3155);
#3157=SHAPE_ASPECT('',
'solid data associated with LOGO_NX_PRT_330_1_1_1_1_2_1__15',#3156,.F.);
#3158=PROPERTY_DEFINITION('',
'shape for solid data with which properties are associated',#3157);
#3159=SHAPE_REPRESENTATION('',(#3133),#3146);
#3160=SHAPE_DEFINITION_REPRESENTATION(#3158,#3159);
#3161=(LENGTH_UNIT()NAMED_UNIT(*)SI_UNIT(.MILLI.,.METRE.));
#3165=PROPERTY_DEFINITION('geometric validation property',
'area of LOGO_NX_PRT_330_1_1_1_1_2_1__15',#3157);
#3166=REPRESENTATION('surface area',(#3164),#3146);
#3167=PROPERTY_DEFINITION_REPRESENTATION(#3165,#3166);
#3168=(LENGTH_UNIT()NAMED_UNIT(*)SI_UNIT(.MILLI.,.METRE.));
#3172=PROPERTY_DEFINITION('geometric validation property',
'volume of LOGO_NX_PRT_330_1_1_1_1_2_1__15',#3157);
#3173=REPRESENTATION('volume',(#3171),#3146);
#3174=PROPERTY_DEFINITION_REPRESENTATION(#3172,#3173);
#3176=PROPERTY_DEFINITION('geometric validation property',
'centroid of LOGO_NX_PRT_330_1_1_1_1_2_1__15',#3157);
#3177=REPRESENTATION('centroid',(#3175),#3146);
#3178=PROPERTY_DEFINITION_REPRESENTATION(#3176,#3177);
#3179=(LENGTH_UNIT()NAMED_UNIT(*)SI_UNIT(.MILLI.,.METRE.));
#3183=PROPERTY_DEFINITION('geometric validation property',
'area of LOGO_NX_PRT_330_1_1_1_1_2_1__15',#3156);
#3184=REPRESENTATION('surface area',(#3182),#3146);
#3185=PROPERTY_DEFINITION_REPRESENTATION(#3183,#3184);
#3186=(LENGTH_UNIT()NAMED_UNIT(*)SI_UNIT(.MILLI.,.METRE.));
#3190=PROPERTY_DEFINITION('geometric validation property',
'volume of LOGO_NX_PRT_330_1_1_1_1_2_1__15',#3156);
#3191=REPRESENTATION('volume',(#3189),#3146);
#3192=PROPERTY_DEFINITION_REPRESENTATION(#3190,#3191);
#3194=PROPERTY_DEFINITION('geometric validation property',
'centroid of LOGO_NX_PRT_330_1_1_1_1_2_1__15',#3156);
#3195=REPRESENTATION('centroid',(#3193),#3146);
#3196=PROPERTY_DEFINITION_REPRESENTATION(#3194,#3195);
#3197=SHAPE_DEFINITION_REPRESENTATION(#3156,#3151);
#3198=NEXT_ASSEMBLY_USAGE_OCCURRENCE('156','Next assembly relationship',
'LOGO_NX_PRT_330',#3991,#3155,$);
#3199=PRODUCT_DEFINITION_SHAPE('Placement #156',
'Placement of LOGO_NX_PRT_330_1_1_1_1_2_1__15 with respect to LOGO-YMIN_ASM_1_1_ASM_1_1_2__13_ASM',#3198);
#3201=PROPERTY_DEFINITION('geometric validation property',
'centroid of LOGO_NX_PRT_330',#3199);
#3202=REPRESENTATION('centroid',(#3200),#3146);
#3203=PROPERTY_DEFINITION_REPRESENTATION(#3201,#3202);
#3212=AXIS2_PLACEMENT_3D('',#3209,#3210,#3211);
#3321=EDGE_CURVE('',#3302,#3303,#3219,.T.);
#3323=EDGE_CURVE('',#3305,#3302,#3268,.T.);
#3325=EDGE_CURVE('',#3307,#3305,#3240,.T.);
#3327=EDGE_CURVE('',#3303,#3307,#3296,.T.);
#3331=ADVANCED_FACE('',(#3330),#3320,.F.);
#3337=EDGE_CURVE('',#3310,#3311,#3233,.T.);
#3339=EDGE_CURVE('',#3302,#3310,#3275,.T.);
#3342=EDGE_CURVE('',#3311,#3303,#3289,.T.);
#3346=ADVANCED_FACE('',(#3345),#3336,.F.);
#3352=EDGE_CURVE('',#3314,#3315,#3226,.T.);
#3354=EDGE_CURVE('',#3310,#3315,#3254,.T.);
#3357=EDGE_CURVE('',#3314,#3311,#3282,.T.);
#3361=ADVANCED_FACE('',(#3360),#3351,.F.);
#3368=EDGE_CURVE('',#3315,#3305,#3261,.T.);
#3371=EDGE_CURVE('',#3314,#3307,#3247,.T.);
#3375=ADVANCED_FACE('',(#3374),#3366,.F.);
#3387=ADVANCED_FACE('',(#3386),#3380,.T.);
#3399=ADVANCED_FACE('',(#3398),#3392,.F.);
#3408=(LENGTH_UNIT()NAMED_UNIT(*)SI_UNIT(.MILLI.,.METRE.));
#3409=(NAMED_UNIT(*)PLANE_ANGLE_UNIT()SI_UNIT($,.RADIAN.));
#3412=(NAMED_UNIT(*)SI_UNIT($,.STERADIAN.)SOLID_ANGLE_UNIT());
#3414=(GEOMETRIC_REPRESENTATION_CONTEXT(3)GLOBAL_UNCERTAINTY_ASSIGNED_CONTEXT((
#3413))GLOBAL_UNIT_ASSIGNED_CONTEXT((#3408,#3411,#3412))REPRESENTATION_CONTEXT(
'ID7','3'));
#3418=AXIS2_PLACEMENT_3D('',#3415,#3416,#3417);
#3419=ADVANCED_BREP_SHAPE_REPRESENTATION('',(#3418,#3401),#3414);
#3424=PRODUCT_DEFINITION('design','',#3423,#3420);
#3425=PRODUCT_DEFINITION_SHAPE('','SHAPE FOR LOGO_NX_PRT_349_1_1_1_1_2_1__15.',
#3424);
#3426=SHAPE_ASPECT('',
'solid data associated with LOGO_NX_PRT_349_1_1_1_1_2_1__15',#3425,.F.);
#3427=PROPERTY_DEFINITION('',
'shape for solid data with which properties are associated',#3426);
#3428=SHAPE_REPRESENTATION('',(#3401),#3414);
#3429=SHAPE_DEFINITION_REPRESENTATION(#3427,#3428);
#3430=(LENGTH_UNIT()NAMED_UNIT(*)SI_UNIT(.MILLI.,.METRE.));
#3434=PROPERTY_DEFINITION('geometric validation property',
'area of LOGO_NX_PRT_349_1_1_1_1_2_1__15',#3426);
#3435=REPRESENTATION('surface area',(#3433),#3414);
#3436=PROPERTY_DEFINITION_REPRESENTATION(#3434,#3435);
#3437=(LENGTH_UNIT()NAMED_UNIT(*)SI_UNIT(.MILLI.,.METRE.));
#3441=PROPERTY_DEFINITION('geometric validation property',
'volume of LOGO_NX_PRT_349_1_1_1_1_2_1__15',#3426);
#3442=REPRESENTATION('volume',(#3440),#3414);
#3443=PROPERTY_DEFINITION_REPRESENTATION(#3441,#3442);
#3445=PROPERTY_DEFINITION('geometric validation property',
'centroid of LOGO_NX_PRT_349_1_1_1_1_2_1__15',#3426);
#3446=REPRESENTATION('centroid',(#3444),#3414);
#3447=PROPERTY_DEFINITION_REPRESENTATION(#3445,#3446);
#3448=(LENGTH_UNIT()NAMED_UNIT(*)SI_UNIT(.MILLI.,.METRE.));
#3452=PROPERTY_DEFINITION('geometric validation property',
'area of LOGO_NX_PRT_349_1_1_1_1_2_1__15',#3425);
#3453=REPRESENTATION('surface area',(#3451),#3414);
#3454=PROPERTY_DEFINITION_REPRESENTATION(#3452,#3453);
#3455=(LENGTH_UNIT()NAMED_UNIT(*)SI_UNIT(.MILLI.,.METRE.));
#3459=PROPERTY_DEFINITION('geometric validation property',
'volume of LOGO_NX_PRT_349_1_1_1_1_2_1__15',#3425);
#3460=REPRESENTATION('volume',(#3458),#3414);
#3461=PROPERTY_DEFINITION_REPRESENTATION(#3459,#3460);
#3463=PROPERTY_DEFINITION('geometric validation property',
'centroid of LOGO_NX_PRT_349_1_1_1_1_2_1__15',#3425);
#3464=REPRESENTATION('centroid',(#3462),#3414);
#3465=PROPERTY_DEFINITION_REPRESENTATION(#3463,#3464);
#3466=SHAPE_DEFINITION_REPRESENTATION(#3425,#3419);
#3467=NEXT_ASSEMBLY_USAGE_OCCURRENCE('157','Next assembly relationship',
'LOGO_NX_PRT_349',#3991,#3424,$);
#3468=PRODUCT_DEFINITION_SHAPE('Placement #157',
'Placement of LOGO_NX_PRT_349_1_1_1_1_2_1__15 with respect to LOGO-YMIN_ASM_1_1_ASM_1_1_2__13_ASM',#3467);
#3470=PROPERTY_DEFINITION('geometric validation property',
'centroid of LOGO_NX_PRT_349',#3468);
#3471=REPRESENTATION('centroid',(#3469),#3414);
#3472=PROPERTY_DEFINITION_REPRESENTATION(#3470,#3471);
#3481=AXIS2_PLACEMENT_3D('',#3478,#3479,#3480);
#3496=CIRCLE('',#3495,1.284783271309E-1);
#3504=CIRCLE('',#3503,1.284783271309E-1);
#3526=CIRCLE('',#3525,1.904054272200E-1);
#3534=CIRCLE('',#3533,1.904054272200E-1);
#3584=CIRCLE('',#3583,1.904054272200E-1);
#3592=CIRCLE('',#3591,1.904054272200E-1);
#3621=CIRCLE('',#3620,1.284783271309E-1);
#3629=CIRCLE('',#3628,1.284783271309E-1);
#3734=EDGE_CURVE('',#3691,#3692,#3548,.T.);
#3736=EDGE_CURVE('',#3691,#3694,#3488,.T.);
#3738=EDGE_CURVE('',#3696,#3694,#3650,.T.);
#3740=EDGE_CURVE('',#3696,#3698,#3496,.T.);
#3742=EDGE_CURVE('',#3698,#3700,#3504,.T.);
#3744=EDGE_CURVE('',#3700,#3702,#3511,.T.);
#3746=EDGE_CURVE('',#3704,#3702,#3685,.T.);
#3748=EDGE_CURVE('',#3704,#3706,#3518,.T.);
#3750=EDGE_CURVE('',#3706,#3708,#3526,.T.);
#3752=EDGE_CURVE('',#3708,#3692,#3534,.T.);
#3756=ADVANCED_FACE('',(#3755),#3733,.T.);
#3762=EDGE_CURVE('',#3710,#3692,#3555,.T.);
#3764=EDGE_CURVE('',#3712,#3710,#3576,.T.);
#3766=EDGE_CURVE('',#3712,#3691,#3541,.T.);
#3771=ADVANCED_FACE('',(#3770),#3761,.F.);
#3777=EDGE_CURVE('',#3715,#3716,#3592,.T.);
#3779=EDGE_CURVE('',#3710,#3715,#3584,.T.);
#3784=EDGE_CURVE('',#3706,#3716,#3562,.T.);
#3788=ADVANCED_FACE('',(#3787),#3776,.T.);
#3794=EDGE_CURVE('',#3718,#3712,#3569,.T.);
#3799=EDGE_CURVE('',#3716,#3720,#3599,.T.);
#3801=EDGE_CURVE('',#3720,#3722,#3606,.T.);
#3803=EDGE_CURVE('',#3722,#3724,#3613,.T.);
#3805=EDGE_CURVE('',#3724,#3726,#3621,.T.);
#3807=EDGE_CURVE('',#3726,#3728,#3629,.T.);
#3809=EDGE_CURVE('',#3728,#3718,#3636,.T.);
#3813=ADVANCED_FACE('',(#3812),#3793,.T.);
#3821=EDGE_CURVE('',#3718,#3694,#3643,.T.);
#3826=ADVANCED_FACE('',(#3825),#3818,.F.);
#3834=EDGE_CURVE('',#3696,#3728,#3664,.T.);
#3839=ADVANCED_FACE('',(#3838),#3831,.F.);
#3847=EDGE_CURVE('',#3724,#3700,#3657,.T.);
#3854=ADVANCED_FACE('',(#3853),#3844,.F.);
#3862=EDGE_CURVE('',#3722,#3702,#3671,.T.);
#3867=ADVANCED_FACE('',(#3866),#3859,.F.);
#3875=EDGE_CURVE('',#3720,#3704,#3678,.T.);
#3880=ADVANCED_FACE('',(#3879),#3872,.F.);
#3892=ADVANCED_FACE('',(#3891),#3885,.F.);
#3901=(LENGTH_UNIT()NAMED_UNIT(*)SI_UNIT(.MILLI.,.METRE.));
#3902=(NAMED_UNIT(*)PLANE_ANGLE_UNIT()SI_UNIT($,.RADIAN.));
#3905=(NAMED_UNIT(*)SI_UNIT($,.STERADIAN.)SOLID_ANGLE_UNIT());
#3907=(GEOMETRIC_REPRESENTATION_CONTEXT(3)GLOBAL_UNCERTAINTY_ASSIGNED_CONTEXT((
#3906))GLOBAL_UNIT_ASSIGNED_CONTEXT((#3901,#3904,#3905))REPRESENTATION_CONTEXT(
'ID8','3'));
#3911=AXIS2_PLACEMENT_3D('',#3908,#3909,#3910);
#3912=ADVANCED_BREP_SHAPE_REPRESENTATION('',(#3911,#3894),#3907);
#3916=PRODUCT_DEFINITION('design','',#3915,#3420);
#3917=PRODUCT_DEFINITION_SHAPE('','SHAPE FOR LOGO_NX_PRT_368_1_1_1_1_2_1__15.',
#3916);
#3918=SHAPE_ASPECT('',
'solid data associated with LOGO_NX_PRT_368_1_1_1_1_2_1__15',#3917,.F.);
#3919=PROPERTY_DEFINITION('',
'shape for solid data with which properties are associated',#3918);
#3920=SHAPE_REPRESENTATION('',(#3894),#3907);
#3921=SHAPE_DEFINITION_REPRESENTATION(#3919,#3920);
#3922=(LENGTH_UNIT()NAMED_UNIT(*)SI_UNIT(.MILLI.,.METRE.));
#3926=PROPERTY_DEFINITION('geometric validation property',
'area of LOGO_NX_PRT_368_1_1_1_1_2_1__15',#3918);
#3927=REPRESENTATION('surface area',(#3925),#3907);
#3928=PROPERTY_DEFINITION_REPRESENTATION(#3926,#3927);
#3929=(LENGTH_UNIT()NAMED_UNIT(*)SI_UNIT(.MILLI.,.METRE.));
#3933=PROPERTY_DEFINITION('geometric validation property',
'volume of LOGO_NX_PRT_368_1_1_1_1_2_1__15',#3918);
#3934=REPRESENTATION('volume',(#3932),#3907);
#3935=PROPERTY_DEFINITION_REPRESENTATION(#3933,#3934);
#3937=PROPERTY_DEFINITION('geometric validation property',
'centroid of LOGO_NX_PRT_368_1_1_1_1_2_1__15',#3918);
#3938=REPRESENTATION('centroid',(#3936),#3907);
#3939=PROPERTY_DEFINITION_REPRESENTATION(#3937,#3938);
#3940=(LENGTH_UNIT()NAMED_UNIT(*)SI_UNIT(.MILLI.,.METRE.));
#3944=PROPERTY_DEFINITION('geometric validation property',
'area of LOGO_NX_PRT_368_1_1_1_1_2_1__15',#3917);
#3945=REPRESENTATION('surface area',(#3943),#3907);
#3946=PROPERTY_DEFINITION_REPRESENTATION(#3944,#3945);
#3947=(LENGTH_UNIT()NAMED_UNIT(*)SI_UNIT(.MILLI.,.METRE.));
#3951=PROPERTY_DEFINITION('geometric validation property',
'volume of LOGO_NX_PRT_368_1_1_1_1_2_1__15',#3917);
#3952=REPRESENTATION('volume',(#3950),#3907);
#3953=PROPERTY_DEFINITION_REPRESENTATION(#3951,#3952);
#3955=PROPERTY_DEFINITION('geometric validation property',
'centroid of LOGO_NX_PRT_368_1_1_1_1_2_1__15',#3917);
#3956=REPRESENTATION('centroid',(#3954),#3907);
#3957=PROPERTY_DEFINITION_REPRESENTATION(#3955,#3956);
#3958=SHAPE_DEFINITION_REPRESENTATION(#3917,#3912);
#3959=NEXT_ASSEMBLY_USAGE_OCCURRENCE('158','Next assembly relationship',
'LOGO_NX_PRT_368',#3991,#3916,$);
#3960=PRODUCT_DEFINITION_SHAPE('Placement #158',
'Placement of LOGO_NX_PRT_368_1_1_1_1_2_1__15 with respect to LOGO-YMIN_ASM_1_1_ASM_1_1_2__13_ASM',#3959);
#3962=PROPERTY_DEFINITION('geometric validation property',
'centroid of LOGO_NX_PRT_368',#3960);
#3963=REPRESENTATION('centroid',(#3961),#3907);
#3964=PROPERTY_DEFINITION_REPRESENTATION(#3962,#3963);
#3973=AXIS2_PLACEMENT_3D('',#3970,#3971,#3972);
#3976=(LENGTH_UNIT()NAMED_UNIT(*)SI_UNIT(.MILLI.,.METRE.));
#3977=(NAMED_UNIT(*)PLANE_ANGLE_UNIT()SI_UNIT($,.RADIAN.));
#3980=(NAMED_UNIT(*)SI_UNIT($,.STERADIAN.)SOLID_ANGLE_UNIT());
#3982=(GEOMETRIC_REPRESENTATION_CONTEXT(3)GLOBAL_UNCERTAINTY_ASSIGNED_CONTEXT((
#3981))GLOBAL_UNIT_ASSIGNED_CONTEXT((#3976,#3979,#3980))REPRESENTATION_CONTEXT(
'ID9','3'));
#3986=AXIS2_PLACEMENT_3D('',#3983,#3984,#3985);
#3991=PRODUCT_DEFINITION('design','',#3990,#3987);
#3992=(LENGTH_UNIT()NAMED_UNIT(*)SI_UNIT(.MILLI.,.METRE.));
#3996=PROPERTY_DEFINITION('geometric validation property',
'area of LOGO-YMIN_ASM_1_1_ASM_1_1_2__13_ASM',#1898);
#3997=REPRESENTATION('surface area',(#3995),#3982);
#3998=PROPERTY_DEFINITION_REPRESENTATION(#3996,#3997);
#3999=(LENGTH_UNIT()NAMED_UNIT(*)SI_UNIT(.MILLI.,.METRE.));
#4003=PROPERTY_DEFINITION('geometric validation property',
'volume of LOGO-YMIN_ASM_1_1_ASM_1_1_2__13_ASM',#1898);
#4004=REPRESENTATION('volume',(#4002),#3982);
#4005=PROPERTY_DEFINITION_REPRESENTATION(#4003,#4004);
#4007=PROPERTY_DEFINITION('geometric validation property',
'centroid of LOGO-YMIN_ASM_1_1_ASM_1_1_2__13_ASM',#1898);
#4008=REPRESENTATION('centroid',(#4006),#3982);
#4009=PROPERTY_DEFINITION_REPRESENTATION(#4007,#4008);
#4010=SHAPE_DEFINITION_REPRESENTATION(#4011,#4012);
#4011=PRODUCT_DEFINITION_SHAPE('',
'SHAPE FOR ASM0008_ASM_1_1_2_3_4_5_6_7__13_ASM.',#4044);
#4012=SHAPE_REPRESENTATION('',(#4027,#4022,#4040),#4036);
#4013=NEXT_ASSEMBLY_USAGE_OCCURRENCE('159','Next assembly relationship',
'LOGO-YMIN_ASM_1_1',#4044,#3991,$);
#4014=PRODUCT_DEFINITION_SHAPE('Placement #159',
'Placement of LOGO-YMIN_ASM_1_1_ASM_1_1_2__13_ASM with respect to ASM0008_ASM_1_1_2_3_4_5_6_7__13_ASM',#4013);
#4016=PROPERTY_DEFINITION('geometric validation property',
'centroid of LOGO-YMIN_ASM_1_1',#4014);
#4017=REPRESENTATION('centroid',(#4015),#3982);
#4018=PROPERTY_DEFINITION_REPRESENTATION(#4016,#4017);
#4027=AXIS2_PLACEMENT_3D('',#4024,#4025,#4026);
#4030=(LENGTH_UNIT()NAMED_UNIT(*)SI_UNIT(.MILLI.,.METRE.));
#4031=(NAMED_UNIT(*)PLANE_ANGLE_UNIT()SI_UNIT($,.RADIAN.));
#4034=(NAMED_UNIT(*)SI_UNIT($,.STERADIAN.)SOLID_ANGLE_UNIT());
#4036=(GEOMETRIC_REPRESENTATION_CONTEXT(3)GLOBAL_UNCERTAINTY_ASSIGNED_CONTEXT((
#4035))GLOBAL_UNIT_ASSIGNED_CONTEXT((#4030,#4033,#4034))REPRESENTATION_CONTEXT(
'ID10','3'));
#4040=AXIS2_PLACEMENT_3D('',#4037,#4038,#4039);
#4044=PRODUCT_DEFINITION('design','',#4043,#3987);
#4045=(LENGTH_UNIT()NAMED_UNIT(*)SI_UNIT(.MILLI.,.METRE.));
#4049=PROPERTY_DEFINITION('geometric validation property',
'area of ASM0008_ASM_1_1_2_3_4_5_6_7__13_ASM',#4011);
#4050=REPRESENTATION('surface area',(#4048),#4036);
#4051=PROPERTY_DEFINITION_REPRESENTATION(#4049,#4050);
#4052=(LENGTH_UNIT()NAMED_UNIT(*)SI_UNIT(.MILLI.,.METRE.));
#4056=PROPERTY_DEFINITION('geometric validation property',
'volume of ASM0008_ASM_1_1_2_3_4_5_6_7__13_ASM',#4011);
#4057=REPRESENTATION('volume',(#4055),#4036);
#4058=PROPERTY_DEFINITION_REPRESENTATION(#4056,#4057);
#4060=PROPERTY_DEFINITION('geometric validation property',
'centroid of ASM0008_ASM_1_1_2_3_4_5_6_7__13_ASM',#4011);
#4061=REPRESENTATION('centroid',(#4059),#4036);
#4062=PROPERTY_DEFINITION_REPRESENTATION(#4060,#4061);
#4063=SHAPE_DEFINITION_REPRESENTATION(#4064,#4065);
#4064=PRODUCT_DEFINITION_SHAPE('','SHAPE FOR ASM0035_ASM.',#4098);
#4065=SHAPE_REPRESENTATION('',(#4080,#4075,#4093),#4089);
#4066=NEXT_ASSEMBLY_USAGE_OCCURRENCE('160','Next assembly relationship',
'ASM0008_ASM_1_1_2_3_4_5_6_7__13',#4098,#4044,$);
#4067=PRODUCT_DEFINITION_SHAPE('Placement #160',
'Placement of ASM0008_ASM_1_1_2_3_4_5_6_7__13_ASM with respect to ASM0035_ASM',
#4066);
#4069=PROPERTY_DEFINITION('geometric validation property',
'centroid of ASM0008_ASM_1_1_2_3_4_5_6_7__13',#4067);
#4070=REPRESENTATION('centroid',(#4068),#4036);
#4071=PROPERTY_DEFINITION_REPRESENTATION(#4069,#4070);
#4080=AXIS2_PLACEMENT_3D('',#4077,#4078,#4079);
#4083=(LENGTH_UNIT()NAMED_UNIT(*)SI_UNIT(.MILLI.,.METRE.));
#4084=(NAMED_UNIT(*)PLANE_ANGLE_UNIT()SI_UNIT($,.RADIAN.));
#4087=(NAMED_UNIT(*)SI_UNIT($,.STERADIAN.)SOLID_ANGLE_UNIT());
#4089=(GEOMETRIC_REPRESENTATION_CONTEXT(3)GLOBAL_UNCERTAINTY_ASSIGNED_CONTEXT((
#4088))GLOBAL_UNIT_ASSIGNED_CONTEXT((#4083,#4086,#4087))REPRESENTATION_CONTEXT(
'ID11','3'));
#4093=AXIS2_PLACEMENT_3D('',#4090,#4091,#4092);
#4098=PRODUCT_DEFINITION('design','',#4097,#4094);
#4099=(LENGTH_UNIT()NAMED_UNIT(*)SI_UNIT(.MILLI.,.METRE.));
#4103=PROPERTY_DEFINITION('geometric validation property','area of ASM0035_ASM',
#4064);
#4104=REPRESENTATION('surface area',(#4102),#4089);
#4105=PROPERTY_DEFINITION_REPRESENTATION(#4103,#4104);
#4106=(LENGTH_UNIT()NAMED_UNIT(*)SI_UNIT(.MILLI.,.METRE.));
#4110=PROPERTY_DEFINITION('geometric validation property',
'volume of ASM0035_ASM',#4064);
#4111=REPRESENTATION('volume',(#4109),#4089);
#4112=PROPERTY_DEFINITION_REPRESENTATION(#4110,#4111);
#4114=PROPERTY_DEFINITION('geometric validation property',
'centroid of ASM0035_ASM',#4064);
#4115=REPRESENTATION('centroid',(#4113),#4089);
#4116=PROPERTY_DEFINITION_REPRESENTATION(#4114,#4115);
#4117=NEXT_ASSEMBLY_USAGE_OCCURRENCE('161','Next assembly relationship',
'ASM0035',#4145,#4098,$);
#4118=PRODUCT_DEFINITION_SHAPE('Placement #161',
'Placement of ASM0035_ASM with respect to ASM0034_ASM',#4117);
#4120=PROPERTY_DEFINITION('geometric validation property','centroid of ASM0035',
#4118);
#4121=REPRESENTATION('centroid',(#4119),#4089);
#4122=PROPERTY_DEFINITION_REPRESENTATION(#4120,#4121);
#4130=(LENGTH_UNIT()NAMED_UNIT(*)SI_UNIT(.MILLI.,.METRE.));
#4131=(NAMED_UNIT(*)PLANE_ANGLE_UNIT()SI_UNIT($,.RADIAN.));
#4134=(NAMED_UNIT(*)SI_UNIT($,.STERADIAN.)SOLID_ANGLE_UNIT());
#4136=(GEOMETRIC_REPRESENTATION_CONTEXT(3)GLOBAL_UNCERTAINTY_ASSIGNED_CONTEXT((
#4135))GLOBAL_UNIT_ASSIGNED_CONTEXT((#4130,#4133,#4134))REPRESENTATION_CONTEXT(
'ID12','3'));
#4140=AXIS2_PLACEMENT_3D('',#4137,#4138,#4139);
#4145=PRODUCT_DEFINITION('design','',#4144,#4094);
#4146=(LENGTH_UNIT()NAMED_UNIT(*)SI_UNIT(.MILLI.,.METRE.));
#4150=PROPERTY_DEFINITION('geometric validation property','area of ASM0034_ASM',
#1039);
#4151=REPRESENTATION('surface area',(#4149),#4136);
#4152=PROPERTY_DEFINITION_REPRESENTATION(#4150,#4151);
#4153=(LENGTH_UNIT()NAMED_UNIT(*)SI_UNIT(.MILLI.,.METRE.));
#4157=PROPERTY_DEFINITION('geometric validation property',
'volume of ASM0034_ASM',#1039);
#4158=REPRESENTATION('volume',(#4156),#4136);
#4159=PROPERTY_DEFINITION_REPRESENTATION(#4157,#4158);
#4161=PROPERTY_DEFINITION('geometric validation property',
'centroid of ASM0034_ASM',#1039);
#4162=REPRESENTATION('centroid',(#4160),#4136);
#4163=PROPERTY_DEFINITION_REPRESENTATION(#4161,#4162);
ENDSEC;
END-ISO-10303-21;
