ISO-10303-21;
HEADER;
FILE_DESCRIPTION((''),'2;1');
FILE_NAME('ASM0028_ASM','2025-06-28T09:26:06',('Administrator'),(''),
'CREO PARAMETRIC BY PTC INC, 2018100','CREO PARAMETRIC BY PTC INC, 2018100','');
FILE_SCHEMA(('AUTOMOTIVE_DESIGN { 1 0 10303 214 1 1 1 1 }'));
ENDSEC;
DATA;
#21=DIRECTION('',(0.E0,-1.E0,0.E0));
#22=VECTOR('',#21,7.7E0);
#23=CARTESIAN_POINT('',(0.E0,8.5E0,4.5E0));
#24=LINE('',#23,#22);
#25=DRAUGHTING_PRE_DEFINED_CURVE_FONT('continuous');
#26=CURVE_STYLE('',#25,POSITIVE_LENGTH_MEASURE(2.E-2),#17);
#27=PRESENTATION_STYLE_ASSIGNMENT((#26));
#28=STYLED_ITEM('',(#27),#24);
#29=DIRECTION('',(0.E0,0.E0,1.E0));
#30=VECTOR('',#29,3.11363725E0);
#31=CARTESIAN_POINT('',(0.E0,8.5E0,4.5E0));
#32=LINE('',#31,#30);
#33=CURVE_STYLE('',#25,POSITIVE_LENGTH_MEASURE(2.E-2),#17);
#34=PRESENTATION_STYLE_ASSIGNMENT((#33));
#35=STYLED_ITEM('',(#34),#32);
#36=DIRECTION('',(0.E0,-7.071067811865E-1,7.071067811865E-1));
#37=VECTOR('',#36,1.253506222232E0);
#38=CARTESIAN_POINT('',(0.E0,8.5E0,7.61363725E0));
#39=LINE('',#38,#37);
#40=CURVE_STYLE('',#25,POSITIVE_LENGTH_MEASURE(2.E-2),#17);
#41=PRESENTATION_STYLE_ASSIGNMENT((#40));
#42=STYLED_ITEM('',(#41),#39);
#43=DIRECTION('',(0.E0,-1.E0,0.E0));
#44=VECTOR('',#43,6.81363725E0);
#45=CARTESIAN_POINT('',(0.E0,7.61363725E0,8.5E0));
#46=LINE('',#45,#44);
#47=CURVE_STYLE('',#25,POSITIVE_LENGTH_MEASURE(2.E-2),#17);
#48=PRESENTATION_STYLE_ASSIGNMENT((#47));
#49=STYLED_ITEM('',(#48),#46);
#50=DIRECTION('',(0.E0,-1.E0,0.E0));
#51=VECTOR('',#50,7.7E0);
#52=CARTESIAN_POINT('',(0.E0,-8.E-1,4.5E0));
#53=LINE('',#52,#51);
#54=CURVE_STYLE('',#25,POSITIVE_LENGTH_MEASURE(2.E-2),#17);
#55=PRESENTATION_STYLE_ASSIGNMENT((#54));
#56=STYLED_ITEM('',(#55),#53);
#57=DIRECTION('',(0.E0,-1.E0,0.E0));
#58=VECTOR('',#57,6.81363725E0);
#59=CARTESIAN_POINT('',(0.E0,-8.E-1,8.5E0));
#60=LINE('',#59,#58);
#61=CURVE_STYLE('',#25,POSITIVE_LENGTH_MEASURE(2.E-2),#17);
#62=PRESENTATION_STYLE_ASSIGNMENT((#61));
#63=STYLED_ITEM('',(#62),#60);
#64=DIRECTION('',(0.E0,7.071067811865E-1,7.071067811865E-1));
#65=VECTOR('',#64,1.253506222232E0);
#66=CARTESIAN_POINT('',(0.E0,-8.5E0,7.61363725E0));
#67=LINE('',#66,#65);
#68=CURVE_STYLE('',#25,POSITIVE_LENGTH_MEASURE(2.E-2),#17);
#69=PRESENTATION_STYLE_ASSIGNMENT((#68));
#70=STYLED_ITEM('',(#69),#67);
#71=DIRECTION('',(0.E0,-1.E0,0.E0));
#72=VECTOR('',#71,7.7E0);
#73=CARTESIAN_POINT('',(0.E0,8.5E0,-4.5E0));
#74=LINE('',#73,#72);
#75=CURVE_STYLE('',#25,POSITIVE_LENGTH_MEASURE(2.E-2),#17);
#76=PRESENTATION_STYLE_ASSIGNMENT((#75));
#77=STYLED_ITEM('',(#76),#74);
#78=DIRECTION('',(0.E0,1.E0,0.E0));
#79=VECTOR('',#78,7.352778125E0);
#80=CARTESIAN_POINT('',(0.E0,8.E-1,-8.5E0));
#81=LINE('',#80,#79);
#82=CURVE_STYLE('',#25,POSITIVE_LENGTH_MEASURE(2.E-2),#17);
#83=PRESENTATION_STYLE_ASSIGNMENT((#82));
#84=STYLED_ITEM('',(#83),#81);
#85=CARTESIAN_POINT('',(0.E0,8.152778125E0,-8.152778125E0));
#86=DIRECTION('',(1.E0,0.E0,0.E0));
#87=DIRECTION('',(0.E0,0.E0,-1.E0));
#88=AXIS2_PLACEMENT_3D('',#85,#86,#87);
#90=CURVE_STYLE('',#25,POSITIVE_LENGTH_MEASURE(2.E-2),#17);
#91=PRESENTATION_STYLE_ASSIGNMENT((#90));
#92=STYLED_ITEM('',(#91),#89);
#93=DIRECTION('',(0.E0,0.E0,1.E0));
#94=VECTOR('',#93,3.652778125E0);
#95=CARTESIAN_POINT('',(0.E0,8.5E0,-8.152778125E0));
#96=LINE('',#95,#94);
#97=CURVE_STYLE('',#25,POSITIVE_LENGTH_MEASURE(2.E-2),#17);
#98=PRESENTATION_STYLE_ASSIGNMENT((#97));
#99=STYLED_ITEM('',(#98),#96);
#100=DIRECTION('',(0.E0,-1.E0,0.E0));
#101=VECTOR('',#100,7.7E0);
#102=CARTESIAN_POINT('',(0.E0,-8.E-1,-4.5E0));
#103=LINE('',#102,#101);
#104=CURVE_STYLE('',#25,POSITIVE_LENGTH_MEASURE(2.E-2),#17);
#105=PRESENTATION_STYLE_ASSIGNMENT((#104));
#106=STYLED_ITEM('',(#105),#103);
#107=CARTESIAN_POINT('',(0.E0,-8.152778125E0,-8.152778125E0));
#108=DIRECTION('',(1.E0,0.E0,0.E0));
#109=DIRECTION('',(0.E0,-1.E0,0.E0));
#110=AXIS2_PLACEMENT_3D('',#107,#108,#109);
#112=CURVE_STYLE('',#25,POSITIVE_LENGTH_MEASURE(2.E-2),#17);
#113=PRESENTATION_STYLE_ASSIGNMENT((#112));
#114=STYLED_ITEM('',(#113),#111);
#115=DIRECTION('',(0.E0,1.E0,0.E0));
#116=VECTOR('',#115,7.352778125E0);
#117=CARTESIAN_POINT('',(0.E0,-8.152778125E0,-8.5E0));
#118=LINE('',#117,#116);
#119=CURVE_STYLE('',#25,POSITIVE_LENGTH_MEASURE(2.E-2),#17);
#120=PRESENTATION_STYLE_ASSIGNMENT((#119));
#121=STYLED_ITEM('',(#120),#118);
#122=DIRECTION('',(0.E0,0.E0,1.E0));
#123=VECTOR('',#122,5.6E-1);
#124=CARTESIAN_POINT('',(5.E-2,8.E-1,3.94E0));
#125=LINE('',#124,#123);
#126=CURVE_STYLE('',#25,POSITIVE_LENGTH_MEASURE(2.E-2),#17);
#127=PRESENTATION_STYLE_ASSIGNMENT((#126));
#128=STYLED_ITEM('',(#127),#125);
#129=DIRECTION('',(1.E0,0.E0,0.E0));
#130=VECTOR('',#129,5.E-2);
#131=CARTESIAN_POINT('',(0.E0,8.E-1,4.5E0));
#132=LINE('',#131,#130);
#133=CURVE_STYLE('',#25,POSITIVE_LENGTH_MEASURE(2.E-2),#17);
#134=PRESENTATION_STYLE_ASSIGNMENT((#133));
#135=STYLED_ITEM('',(#134),#132);
#136=DIRECTION('',(0.E0,0.E0,1.E0));
#137=VECTOR('',#136,4.E0);
#138=CARTESIAN_POINT('',(0.E0,8.E-1,4.5E0));
#139=LINE('',#138,#137);
#140=CURVE_STYLE('',#25,POSITIVE_LENGTH_MEASURE(2.E-2),#17);
#141=PRESENTATION_STYLE_ASSIGNMENT((#140));
#142=STYLED_ITEM('',(#141),#139);
#143=DIRECTION('',(0.E0,0.E0,-1.E0));
#144=VECTOR('',#143,4.56E0);
#145=CARTESIAN_POINT('',(3.E-1,8.E-1,8.5E0));
#146=LINE('',#145,#144);
#147=CURVE_STYLE('',#25,POSITIVE_LENGTH_MEASURE(2.E-2),#17);
#148=PRESENTATION_STYLE_ASSIGNMENT((#147));
#149=STYLED_ITEM('',(#148),#146);
#150=DIRECTION('',(0.E0,1.E0,0.E0));
#151=VECTOR('',#150,7.7E0);
#152=CARTESIAN_POINT('',(5.E-2,8.E-1,4.5E0));
#153=LINE('',#152,#151);
#154=CURVE_STYLE('',#25,POSITIVE_LENGTH_MEASURE(2.E-2),#17);
#155=PRESENTATION_STYLE_ASSIGNMENT((#154));
#156=STYLED_ITEM('',(#155),#153);
#157=DIRECTION('',(0.E0,1.E0,0.E0));
#158=VECTOR('',#157,7.7E0);
#159=CARTESIAN_POINT('',(5.E-2,-8.5E0,4.5E0));
#160=LINE('',#159,#158);
#161=CURVE_STYLE('',#25,POSITIVE_LENGTH_MEASURE(2.E-2),#17);
#162=PRESENTATION_STYLE_ASSIGNMENT((#161));
#163=STYLED_ITEM('',(#162),#160);
#164=DIRECTION('',(0.E0,-1.E0,0.E0));
#165=VECTOR('',#164,7.7E0);
#166=CARTESIAN_POINT('',(5.E-2,-8.E-1,-4.5E0));
#167=LINE('',#166,#165);
#168=CURVE_STYLE('',#25,POSITIVE_LENGTH_MEASURE(2.E-2),#17);
#169=PRESENTATION_STYLE_ASSIGNMENT((#168));
#170=STYLED_ITEM('',(#169),#167);
#171=DIRECTION('',(0.E0,-1.E0,0.E0));
#172=VECTOR('',#171,7.7E0);
#173=CARTESIAN_POINT('',(5.E-2,8.5E0,-4.5E0));
#174=LINE('',#173,#172);
#175=CURVE_STYLE('',#25,POSITIVE_LENGTH_MEASURE(2.E-2),#17);
#176=PRESENTATION_STYLE_ASSIGNMENT((#175));
#177=STYLED_ITEM('',(#176),#174);
#178=DIRECTION('',(0.E0,0.E0,-1.E0));
#179=VECTOR('',#178,5.61363725E0);
#180=CARTESIAN_POINT('',(2.E0,8.5E0,7.61363725E0));
#181=LINE('',#180,#179);
#182=CURVE_STYLE('',#25,POSITIVE_LENGTH_MEASURE(2.E-2),#17);
#183=PRESENTATION_STYLE_ASSIGNMENT((#182));
#184=STYLED_ITEM('',(#183),#181);
#185=DIRECTION('',(1.E0,0.E0,0.E0));
#186=VECTOR('',#185,2.E0);
#187=CARTESIAN_POINT('',(0.E0,8.5E0,7.61363725E0));
#188=LINE('',#187,#186);
#189=CURVE_STYLE('',#25,POSITIVE_LENGTH_MEASURE(2.E-2),#17);
#190=PRESENTATION_STYLE_ASSIGNMENT((#189));
#191=STYLED_ITEM('',(#190),#188);
#192=DIRECTION('',(1.E0,0.E0,0.E0));
#193=VECTOR('',#192,5.E-2);
#194=CARTESIAN_POINT('',(0.E0,8.5E0,4.5E0));
#195=LINE('',#194,#193);
#196=CURVE_STYLE('',#25,POSITIVE_LENGTH_MEASURE(2.E-2),#17);
#197=PRESENTATION_STYLE_ASSIGNMENT((#196));
#198=STYLED_ITEM('',(#197),#195);
#199=DIRECTION('',(0.E0,0.E0,-1.E0));
#200=VECTOR('',#199,9.E0);
#201=CARTESIAN_POINT('',(5.E-2,8.5E0,4.5E0));
#202=LINE('',#201,#200);
#203=CURVE_STYLE('',#25,POSITIVE_LENGTH_MEASURE(2.E-2),#17);
#204=PRESENTATION_STYLE_ASSIGNMENT((#203));
#205=STYLED_ITEM('',(#204),#202);
#206=DIRECTION('',(1.E0,0.E0,0.E0));
#207=VECTOR('',#206,5.E-2);
#208=CARTESIAN_POINT('',(0.E0,8.5E0,-4.5E0));
#209=LINE('',#208,#207);
#210=CURVE_STYLE('',#25,POSITIVE_LENGTH_MEASURE(2.E-2),#17);
#211=PRESENTATION_STYLE_ASSIGNMENT((#210));
#212=STYLED_ITEM('',(#211),#209);
#213=DIRECTION('',(1.E0,0.E0,0.E0));
#214=VECTOR('',#213,3.6E0);
#215=CARTESIAN_POINT('',(0.E0,8.5E0,-8.152778125E0));
#216=LINE('',#215,#214);
#217=CURVE_STYLE('',#25,POSITIVE_LENGTH_MEASURE(2.E-2),#17);
#218=PRESENTATION_STYLE_ASSIGNMENT((#217));
#219=STYLED_ITEM('',(#218),#216);
#220=DIRECTION('',(-1.E0,0.E0,0.E0));
#221=VECTOR('',#220,2.6E0);
#222=CARTESIAN_POINT('',(3.6E0,8.5E0,-2.E0));
#223=LINE('',#222,#221);
#224=CURVE_STYLE('',#25,POSITIVE_LENGTH_MEASURE(2.E-2),#17);
#225=PRESENTATION_STYLE_ASSIGNMENT((#224));
#226=STYLED_ITEM('',(#225),#223);
#227=DIRECTION('',(0.E0,0.E0,1.E0));
#228=VECTOR('',#227,4.E0);
#229=CARTESIAN_POINT('',(1.E0,8.5E0,-2.E0));
#230=LINE('',#229,#228);
#231=CURVE_STYLE('',#25,POSITIVE_LENGTH_MEASURE(2.E-2),#17);
#232=PRESENTATION_STYLE_ASSIGNMENT((#231));
#233=STYLED_ITEM('',(#232),#230);
#234=DIRECTION('',(-1.E0,0.E0,0.E0));
#235=VECTOR('',#234,1.E0);
#236=CARTESIAN_POINT('',(2.E0,8.5E0,2.E0));
#237=LINE('',#236,#235);
#238=CURVE_STYLE('',#25,POSITIVE_LENGTH_MEASURE(2.E-2),#17);
#239=PRESENTATION_STYLE_ASSIGNMENT((#238));
#240=STYLED_ITEM('',(#239),#237);
#241=DIRECTION('',(0.E0,1.E0,0.E0));
#242=VECTOR('',#241,8.056839160326E-1);
#243=CARTESIAN_POINT('',(2.E0,-8.5E0,2.E0));
#244=LINE('',#243,#242);
#245=CURVE_STYLE('',#25,POSITIVE_LENGTH_MEASURE(2.E-2),#17);
#246=PRESENTATION_STYLE_ASSIGNMENT((#245));
#247=STYLED_ITEM('',(#246),#244);
#248=DIRECTION('',(0.E0,-1.E0,0.E0));
#249=VECTOR('',#248,8.056839160326E-1);
#250=CARTESIAN_POINT('',(1.E0,-7.694316083967E0,2.E0));
#251=LINE('',#250,#249);
#252=CURVE_STYLE('',#25,POSITIVE_LENGTH_MEASURE(2.E-2),#17);
#253=PRESENTATION_STYLE_ASSIGNMENT((#252));
#254=STYLED_ITEM('',(#253),#251);
#255=DIRECTION('',(0.E0,1.E0,0.E0));
#256=VECTOR('',#255,8.056839160326E-1);
#257=CARTESIAN_POINT('',(2.E0,7.694316083967E0,2.E0));
#258=LINE('',#257,#256);
#259=CURVE_STYLE('',#25,POSITIVE_LENGTH_MEASURE(2.E-2),#17);
#260=PRESENTATION_STYLE_ASSIGNMENT((#259));
#261=STYLED_ITEM('',(#260),#258);
#262=DIRECTION('',(0.E0,-1.E0,0.E0));
#263=VECTOR('',#262,8.056839160326E-1);
#264=CARTESIAN_POINT('',(1.E0,8.5E0,2.E0));
#265=LINE('',#264,#263);
#266=CURVE_STYLE('',#25,POSITIVE_LENGTH_MEASURE(2.E-2),#17);
#267=PRESENTATION_STYLE_ASSIGNMENT((#266));
#268=STYLED_ITEM('',(#267),#265);
#269=CARTESIAN_POINT('',(2.E0,0.E0,0.E0));
#270=DIRECTION('',(1.E0,0.E0,0.E0));
#271=DIRECTION('',(0.E0,9.678385011280E-1,2.515723270440E-1));
#272=AXIS2_PLACEMENT_3D('',#269,#270,#271);
#274=CURVE_STYLE('',#25,POSITIVE_LENGTH_MEASURE(2.E-2),#17);
#275=PRESENTATION_STYLE_ASSIGNMENT((#274));
#276=STYLED_ITEM('',(#275),#273);
#277=DIRECTION('',(1.E0,0.E0,0.E0));
#278=VECTOR('',#277,1.E0);
#279=CARTESIAN_POINT('',(1.E0,7.694316083967E0,2.E0));
#280=LINE('',#279,#278);
#281=CURVE_STYLE('',#25,POSITIVE_LENGTH_MEASURE(2.E-2),#17);
#282=PRESENTATION_STYLE_ASSIGNMENT((#281));
#283=STYLED_ITEM('',(#282),#280);
#284=DIRECTION('',(1.E0,0.E0,0.E0));
#285=VECTOR('',#284,1.E0);
#286=CARTESIAN_POINT('',(1.E0,2.E0,7.694316083967E0));
#287=LINE('',#286,#285);
#288=CURVE_STYLE('',#25,POSITIVE_LENGTH_MEASURE(2.E-2),#17);
#289=PRESENTATION_STYLE_ASSIGNMENT((#288));
#290=STYLED_ITEM('',(#289),#287);
#291=CARTESIAN_POINT('',(2.E0,0.E0,0.E0));
#292=DIRECTION('',(1.E0,0.E0,0.E0));
#293=DIRECTION('',(0.E0,-2.515723270440E-1,9.678385011280E-1));
#294=AXIS2_PLACEMENT_3D('',#291,#292,#293);
#296=CURVE_STYLE('',#25,POSITIVE_LENGTH_MEASURE(2.E-2),#17);
#297=PRESENTATION_STYLE_ASSIGNMENT((#296));
#298=STYLED_ITEM('',(#297),#295);
#299=DIRECTION('',(1.E0,0.E0,0.E0));
#300=VECTOR('',#299,1.E0);
#301=CARTESIAN_POINT('',(1.E0,-2.E0,7.694316083967E0));
#302=LINE('',#301,#300);
#303=CURVE_STYLE('',#25,POSITIVE_LENGTH_MEASURE(2.E-2),#17);
#304=PRESENTATION_STYLE_ASSIGNMENT((#303));
#305=STYLED_ITEM('',(#304),#302);
#306=DIRECTION('',(1.E0,0.E0,0.E0));
#307=VECTOR('',#306,1.E0);
#308=CARTESIAN_POINT('',(1.E0,-7.694316083967E0,2.E0));
#309=LINE('',#308,#307);
#310=CURVE_STYLE('',#25,POSITIVE_LENGTH_MEASURE(2.E-2),#17);
#311=PRESENTATION_STYLE_ASSIGNMENT((#310));
#312=STYLED_ITEM('',(#311),#309);
#313=CARTESIAN_POINT('',(1.E0,0.E0,0.E0));
#314=DIRECTION('',(1.E0,0.E0,0.E0));
#315=DIRECTION('',(0.E0,-2.515723270440E-1,9.678385011280E-1));
#316=AXIS2_PLACEMENT_3D('',#313,#314,#315);
#318=CURVE_STYLE('',#25,POSITIVE_LENGTH_MEASURE(2.E-2),#17);
#319=PRESENTATION_STYLE_ASSIGNMENT((#318));
#320=STYLED_ITEM('',(#319),#317);
#321=DIRECTION('',(0.E0,0.E0,1.E0));
#322=VECTOR('',#321,8.056839160326E-1);
#323=CARTESIAN_POINT('',(1.E0,-2.E0,7.694316083967E0));
#324=LINE('',#323,#322);
#325=CURVE_STYLE('',#25,POSITIVE_LENGTH_MEASURE(2.E-2),#17);
#326=PRESENTATION_STYLE_ASSIGNMENT((#325));
#327=STYLED_ITEM('',(#326),#324);
#328=CARTESIAN_POINT('',(1.E0,0.E0,0.E0));
#329=DIRECTION('',(1.E0,0.E0,0.E0));
#330=DIRECTION('',(0.E0,9.678385011280E-1,2.515723270440E-1));
#331=AXIS2_PLACEMENT_3D('',#328,#329,#330);
#333=CURVE_STYLE('',#25,POSITIVE_LENGTH_MEASURE(2.E-2),#17);
#334=PRESENTATION_STYLE_ASSIGNMENT((#333));
#335=STYLED_ITEM('',(#334),#332);
#336=DIRECTION('',(0.E0,-1.E0,0.E0));
#337=VECTOR('',#336,8.056839160326E-1);
#338=CARTESIAN_POINT('',(1.E0,8.5E0,-2.E0));
#339=LINE('',#338,#337);
#340=CURVE_STYLE('',#25,POSITIVE_LENGTH_MEASURE(2.E-2),#17);
#341=PRESENTATION_STYLE_ASSIGNMENT((#340));
#342=STYLED_ITEM('',(#341),#339);
#343=CARTESIAN_POINT('',(1.E0,0.E0,0.E0));
#344=DIRECTION('',(1.E0,0.E0,0.E0));
#345=DIRECTION('',(0.E0,2.515723270440E-1,-9.678385011280E-1));
#346=AXIS2_PLACEMENT_3D('',#343,#344,#345);
#348=CURVE_STYLE('',#25,POSITIVE_LENGTH_MEASURE(2.E-2),#17);
#349=PRESENTATION_STYLE_ASSIGNMENT((#348));
#350=STYLED_ITEM('',(#349),#347);
#351=DIRECTION('',(0.E0,0.E0,1.E0));
#352=VECTOR('',#351,8.056839160326E-1);
#353=CARTESIAN_POINT('',(1.E0,-2.E0,-8.5E0));
#354=LINE('',#353,#352);
#355=CURVE_STYLE('',#25,POSITIVE_LENGTH_MEASURE(2.E-2),#17);
#356=PRESENTATION_STYLE_ASSIGNMENT((#355));
#357=STYLED_ITEM('',(#356),#354);
#358=CARTESIAN_POINT('',(1.E0,0.E0,0.E0));
#359=DIRECTION('',(1.E0,0.E0,0.E0));
#360=DIRECTION('',(0.E0,-9.678385011280E-1,-2.515723270440E-1));
#361=AXIS2_PLACEMENT_3D('',#358,#359,#360);
#363=CURVE_STYLE('',#25,POSITIVE_LENGTH_MEASURE(2.E-2),#17);
#364=PRESENTATION_STYLE_ASSIGNMENT((#363));
#365=STYLED_ITEM('',(#364),#362);
#366=DIRECTION('',(0.E0,-1.E0,0.E0));
#367=VECTOR('',#366,8.056839160326E-1);
#368=CARTESIAN_POINT('',(1.E0,-7.694316083967E0,-2.E0));
#369=LINE('',#368,#367);
#370=CURVE_STYLE('',#25,POSITIVE_LENGTH_MEASURE(2.E-2),#17);
#371=PRESENTATION_STYLE_ASSIGNMENT((#370));
#372=STYLED_ITEM('',(#371),#369);
#373=DIRECTION('',(0.E0,0.E0,1.E0));
#374=VECTOR('',#373,8.056839160326E-1);
#375=CARTESIAN_POINT('',(2.E0,-2.E0,7.694316083967E0));
#376=LINE('',#375,#374);
#377=CURVE_STYLE('',#25,POSITIVE_LENGTH_MEASURE(2.E-2),#17);
#378=PRESENTATION_STYLE_ASSIGNMENT((#377));
#379=STYLED_ITEM('',(#378),#376);
#380=DIRECTION('',(0.E0,0.E0,1.E0));
#381=VECTOR('',#380,8.056839160326E-1);
#382=CARTESIAN_POINT('',(3.6E0,-2.E0,-8.5E0));
#383=LINE('',#382,#381);
#384=CURVE_STYLE('',#25,POSITIVE_LENGTH_MEASURE(2.E-2),#17);
#385=PRESENTATION_STYLE_ASSIGNMENT((#384));
#386=STYLED_ITEM('',(#385),#383);
#387=DIRECTION('',(0.E0,1.E0,0.E0));
#388=VECTOR('',#387,6.152778125E0);
#389=CARTESIAN_POINT('',(3.6E0,-8.152778125E0,-8.5E0));
#390=LINE('',#389,#388);
#391=CURVE_STYLE('',#25,POSITIVE_LENGTH_MEASURE(2.E-2),#17);
#392=PRESENTATION_STYLE_ASSIGNMENT((#391));
#393=STYLED_ITEM('',(#392),#390);
#394=CARTESIAN_POINT('',(3.6E0,-8.152778125E0,-8.152778125E0));
#395=DIRECTION('',(1.E0,0.E0,0.E0));
#396=DIRECTION('',(0.E0,-1.E0,0.E0));
#397=AXIS2_PLACEMENT_3D('',#394,#395,#396);
#399=CURVE_STYLE('',#25,POSITIVE_LENGTH_MEASURE(2.E-2),#17);
#400=PRESENTATION_STYLE_ASSIGNMENT((#399));
#401=STYLED_ITEM('',(#400),#398);
#402=DIRECTION('',(0.E0,-1.E0,0.E0));
#403=VECTOR('',#402,8.056839160326E-1);
#404=CARTESIAN_POINT('',(3.6E0,-7.694316083967E0,-2.E0));
#405=LINE('',#404,#403);
#406=CURVE_STYLE('',#25,POSITIVE_LENGTH_MEASURE(2.E-2),#17);
#407=PRESENTATION_STYLE_ASSIGNMENT((#406));
#408=STYLED_ITEM('',(#407),#405);
#409=CARTESIAN_POINT('',(3.6E0,0.E0,0.E0));
#410=DIRECTION('',(1.E0,0.E0,0.E0));
#411=DIRECTION('',(0.E0,-9.678385011280E-1,-2.515723270440E-1));
#412=AXIS2_PLACEMENT_3D('',#409,#410,#411);
#414=CURVE_STYLE('',#25,POSITIVE_LENGTH_MEASURE(2.E-2),#17);
#415=PRESENTATION_STYLE_ASSIGNMENT((#414));
#416=STYLED_ITEM('',(#415),#413);
#417=DIRECTION('',(0.E0,0.E0,1.E0));
#418=VECTOR('',#417,8.056839160326E-1);
#419=CARTESIAN_POINT('',(3.6E0,2.E0,-8.5E0));
#420=LINE('',#419,#418);
#421=CURVE_STYLE('',#25,POSITIVE_LENGTH_MEASURE(2.E-2),#17);
#422=PRESENTATION_STYLE_ASSIGNMENT((#421));
#423=STYLED_ITEM('',(#422),#420);
#424=CARTESIAN_POINT('',(3.6E0,0.E0,0.E0));
#425=DIRECTION('',(1.E0,0.E0,0.E0));
#426=DIRECTION('',(0.E0,2.515723270440E-1,-9.678385011280E-1));
#427=AXIS2_PLACEMENT_3D('',#424,#425,#426);
#429=CURVE_STYLE('',#25,POSITIVE_LENGTH_MEASURE(2.E-2),#17);
#430=PRESENTATION_STYLE_ASSIGNMENT((#429));
#431=STYLED_ITEM('',(#430),#428);
#432=DIRECTION('',(0.E0,-1.E0,0.E0));
#433=VECTOR('',#432,8.056839160326E-1);
#434=CARTESIAN_POINT('',(3.6E0,8.5E0,-2.E0));
#435=LINE('',#434,#433);
#436=CURVE_STYLE('',#25,POSITIVE_LENGTH_MEASURE(2.E-2),#17);
#437=PRESENTATION_STYLE_ASSIGNMENT((#436));
#438=STYLED_ITEM('',(#437),#435);
#439=DIRECTION('',(0.E0,0.E0,1.E0));
#440=VECTOR('',#439,6.152778125E0);
#441=CARTESIAN_POINT('',(3.6E0,8.5E0,-8.152778125E0));
#442=LINE('',#441,#440);
#443=CURVE_STYLE('',#25,POSITIVE_LENGTH_MEASURE(2.E-2),#17);
#444=PRESENTATION_STYLE_ASSIGNMENT((#443));
#445=STYLED_ITEM('',(#444),#442);
#446=CARTESIAN_POINT('',(3.6E0,8.152778125E0,-8.152778125E0));
#447=DIRECTION('',(1.E0,0.E0,0.E0));
#448=DIRECTION('',(0.E0,0.E0,-1.E0));
#449=AXIS2_PLACEMENT_3D('',#446,#447,#448);
#451=CURVE_STYLE('',#25,POSITIVE_LENGTH_MEASURE(2.E-2),#17);
#452=PRESENTATION_STYLE_ASSIGNMENT((#451));
#453=STYLED_ITEM('',(#452),#450);
#454=DIRECTION('',(0.E0,1.E0,0.E0));
#455=VECTOR('',#454,6.152778125E0);
#456=CARTESIAN_POINT('',(3.6E0,2.E0,-8.5E0));
#457=LINE('',#456,#455);
#458=CURVE_STYLE('',#25,POSITIVE_LENGTH_MEASURE(2.E-2),#17);
#459=PRESENTATION_STYLE_ASSIGNMENT((#458));
#460=STYLED_ITEM('',(#459),#457);
#461=DIRECTION('',(-1.E0,0.E0,0.E0));
#462=VECTOR('',#461,2.6E0);
#463=CARTESIAN_POINT('',(3.6E0,-2.E0,-8.5E0));
#464=LINE('',#463,#462);
#465=CURVE_STYLE('',#25,POSITIVE_LENGTH_MEASURE(2.E-2),#17);
#466=PRESENTATION_STYLE_ASSIGNMENT((#465));
#467=STYLED_ITEM('',(#466),#464);
#468=DIRECTION('',(0.E0,1.E0,0.E0));
#469=VECTOR('',#468,4.E0);
#470=CARTESIAN_POINT('',(1.E0,-2.E0,-8.5E0));
#471=LINE('',#470,#469);
#472=CURVE_STYLE('',#25,POSITIVE_LENGTH_MEASURE(2.E-2),#17);
#473=PRESENTATION_STYLE_ASSIGNMENT((#472));
#474=STYLED_ITEM('',(#473),#471);
#475=DIRECTION('',(-1.E0,0.E0,0.E0));
#476=VECTOR('',#475,2.6E0);
#477=CARTESIAN_POINT('',(3.6E0,2.E0,-8.5E0));
#478=LINE('',#477,#476);
#479=CURVE_STYLE('',#25,POSITIVE_LENGTH_MEASURE(2.E-2),#17);
#480=PRESENTATION_STYLE_ASSIGNMENT((#479));
#481=STYLED_ITEM('',(#480),#478);
#482=DIRECTION('',(1.E0,0.E0,0.E0));
#483=VECTOR('',#482,3.E-1);
#484=CARTESIAN_POINT('',(0.E0,8.E-1,-8.5E0));
#485=LINE('',#484,#483);
#486=CURVE_STYLE('',#25,POSITIVE_LENGTH_MEASURE(2.E-2),#17);
#487=PRESENTATION_STYLE_ASSIGNMENT((#486));
#488=STYLED_ITEM('',(#487),#485);
#489=DIRECTION('',(0.E0,-1.E0,0.E0));
#490=VECTOR('',#489,2.E-1);
#491=CARTESIAN_POINT('',(3.E-1,8.E-1,-8.5E0));
#492=LINE('',#491,#490);
#493=CURVE_STYLE('',#25,POSITIVE_LENGTH_MEASURE(2.E-2),#17);
#494=PRESENTATION_STYLE_ASSIGNMENT((#493));
#495=STYLED_ITEM('',(#494),#492);
#496=DIRECTION('',(0.E0,-1.E0,0.E0));
#497=VECTOR('',#496,1.2E0);
#498=CARTESIAN_POINT('',(3.E-1,6.E-1,-8.5E0));
#499=LINE('',#498,#497);
#500=CURVE_STYLE('',#25,POSITIVE_LENGTH_MEASURE(2.E-2),#17);
#501=PRESENTATION_STYLE_ASSIGNMENT((#500));
#502=STYLED_ITEM('',(#501),#499);
#503=DIRECTION('',(0.E0,-1.E0,0.E0));
#504=VECTOR('',#503,2.E-1);
#505=CARTESIAN_POINT('',(3.E-1,-6.E-1,-8.5E0));
#506=LINE('',#505,#504);
#507=CURVE_STYLE('',#25,POSITIVE_LENGTH_MEASURE(2.E-2),#17);
#508=PRESENTATION_STYLE_ASSIGNMENT((#507));
#509=STYLED_ITEM('',(#508),#506);
#510=DIRECTION('',(1.E0,0.E0,0.E0));
#511=VECTOR('',#510,3.E-1);
#512=CARTESIAN_POINT('',(0.E0,-8.E-1,-8.5E0));
#513=LINE('',#512,#511);
#514=CURVE_STYLE('',#25,POSITIVE_LENGTH_MEASURE(2.E-2),#17);
#515=PRESENTATION_STYLE_ASSIGNMENT((#514));
#516=STYLED_ITEM('',(#515),#513);
#517=DIRECTION('',(1.E0,0.E0,0.E0));
#518=VECTOR('',#517,3.6E0);
#519=CARTESIAN_POINT('',(0.E0,-8.152778125E0,-8.5E0));
#520=LINE('',#519,#518);
#521=CURVE_STYLE('',#25,POSITIVE_LENGTH_MEASURE(2.E-2),#17);
#522=PRESENTATION_STYLE_ASSIGNMENT((#521));
#523=STYLED_ITEM('',(#522),#520);
#524=DIRECTION('',(0.E0,0.E0,1.E0));
#525=VECTOR('',#524,8.056839160326E-1);
#526=CARTESIAN_POINT('',(1.E0,2.E0,-8.5E0));
#527=LINE('',#526,#525);
#528=CURVE_STYLE('',#25,POSITIVE_LENGTH_MEASURE(2.E-2),#17);
#529=PRESENTATION_STYLE_ASSIGNMENT((#528));
#530=STYLED_ITEM('',(#529),#527);
#531=DIRECTION('',(0.E0,0.E0,1.E0));
#532=VECTOR('',#531,8.056839160326E-1);
#533=CARTESIAN_POINT('',(2.E0,2.E0,7.694316083967E0));
#534=LINE('',#533,#532);
#535=CURVE_STYLE('',#25,POSITIVE_LENGTH_MEASURE(2.E-2),#17);
#536=PRESENTATION_STYLE_ASSIGNMENT((#535));
#537=STYLED_ITEM('',(#536),#534);
#538=DIRECTION('',(0.E0,0.E0,1.E0));
#539=VECTOR('',#538,8.056839160326E-1);
#540=CARTESIAN_POINT('',(1.E0,2.E0,7.694316083967E0));
#541=LINE('',#540,#539);
#542=CURVE_STYLE('',#25,POSITIVE_LENGTH_MEASURE(2.E-2),#17);
#543=PRESENTATION_STYLE_ASSIGNMENT((#542));
#544=STYLED_ITEM('',(#543),#541);
#545=DIRECTION('',(1.E0,0.E0,0.E0));
#546=VECTOR('',#545,2.6E0);
#547=CARTESIAN_POINT('',(1.E0,-2.E0,-7.694316083967E0));
#548=LINE('',#547,#546);
#549=CURVE_STYLE('',#25,POSITIVE_LENGTH_MEASURE(2.E-2),#17);
#550=PRESENTATION_STYLE_ASSIGNMENT((#549));
#551=STYLED_ITEM('',(#550),#548);
#552=DIRECTION('',(1.E0,0.E0,0.E0));
#553=VECTOR('',#552,2.6E0);
#554=CARTESIAN_POINT('',(1.E0,-7.694316083967E0,-2.E0));
#555=LINE('',#554,#553);
#556=CURVE_STYLE('',#25,POSITIVE_LENGTH_MEASURE(2.E-2),#17);
#557=PRESENTATION_STYLE_ASSIGNMENT((#556));
#558=STYLED_ITEM('',(#557),#555);
#559=DIRECTION('',(1.E0,0.E0,0.E0));
#560=VECTOR('',#559,2.6E0);
#561=CARTESIAN_POINT('',(1.E0,2.E0,-7.694316083967E0));
#562=LINE('',#561,#560);
#563=CURVE_STYLE('',#25,POSITIVE_LENGTH_MEASURE(2.E-2),#17);
#564=PRESENTATION_STYLE_ASSIGNMENT((#563));
#565=STYLED_ITEM('',(#564),#562);
#566=DIRECTION('',(1.E0,0.E0,0.E0));
#567=VECTOR('',#566,2.6E0);
#568=CARTESIAN_POINT('',(1.E0,7.694316083967E0,-2.E0));
#569=LINE('',#568,#567);
#570=CURVE_STYLE('',#25,POSITIVE_LENGTH_MEASURE(2.E-2),#17);
#571=PRESENTATION_STYLE_ASSIGNMENT((#570));
#572=STYLED_ITEM('',(#571),#569);
#573=DIRECTION('',(0.E0,0.E0,-1.E0));
#574=VECTOR('',#573,5.61363725E0);
#575=CARTESIAN_POINT('',(2.E0,-8.5E0,7.61363725E0));
#576=LINE('',#575,#574);
#577=CURVE_STYLE('',#25,POSITIVE_LENGTH_MEASURE(2.E-2),#17);
#578=PRESENTATION_STYLE_ASSIGNMENT((#577));
#579=STYLED_ITEM('',(#578),#576);
#580=DIRECTION('',(-1.E0,0.E0,0.E0));
#581=VECTOR('',#580,1.E0);
#582=CARTESIAN_POINT('',(2.E0,-8.5E0,2.E0));
#583=LINE('',#582,#581);
#584=CURVE_STYLE('',#25,POSITIVE_LENGTH_MEASURE(2.E-2),#17);
#585=PRESENTATION_STYLE_ASSIGNMENT((#584));
#586=STYLED_ITEM('',(#585),#583);
#587=DIRECTION('',(0.E0,0.E0,1.E0));
#588=VECTOR('',#587,4.E0);
#589=CARTESIAN_POINT('',(1.E0,-8.5E0,-2.E0));
#590=LINE('',#589,#588);
#591=CURVE_STYLE('',#25,POSITIVE_LENGTH_MEASURE(2.E-2),#17);
#592=PRESENTATION_STYLE_ASSIGNMENT((#591));
#593=STYLED_ITEM('',(#592),#590);
#594=DIRECTION('',(-1.E0,0.E0,0.E0));
#595=VECTOR('',#594,2.6E0);
#596=CARTESIAN_POINT('',(3.6E0,-8.5E0,-2.E0));
#597=LINE('',#596,#595);
#598=CURVE_STYLE('',#25,POSITIVE_LENGTH_MEASURE(2.E-2),#17);
#599=PRESENTATION_STYLE_ASSIGNMENT((#598));
#600=STYLED_ITEM('',(#599),#597);
#601=DIRECTION('',(0.E0,0.E0,-1.E0));
#602=VECTOR('',#601,6.152778125E0);
#603=CARTESIAN_POINT('',(3.6E0,-8.5E0,-2.E0));
#604=LINE('',#603,#602);
#605=CURVE_STYLE('',#25,POSITIVE_LENGTH_MEASURE(2.E-2),#17);
#606=PRESENTATION_STYLE_ASSIGNMENT((#605));
#607=STYLED_ITEM('',(#606),#604);
#608=DIRECTION('',(0.E0,0.E0,1.E0));
#609=VECTOR('',#608,3.652778125E0);
#610=CARTESIAN_POINT('',(0.E0,-8.5E0,-8.152778125E0));
#611=LINE('',#610,#609);
#612=CURVE_STYLE('',#25,POSITIVE_LENGTH_MEASURE(2.E-2),#17);
#613=PRESENTATION_STYLE_ASSIGNMENT((#612));
#614=STYLED_ITEM('',(#613),#611);
#615=DIRECTION('',(1.E0,0.E0,0.E0));
#616=VECTOR('',#615,5.E-2);
#617=CARTESIAN_POINT('',(0.E0,-8.5E0,-4.5E0));
#618=LINE('',#617,#616);
#619=CURVE_STYLE('',#25,POSITIVE_LENGTH_MEASURE(2.E-2),#17);
#620=PRESENTATION_STYLE_ASSIGNMENT((#619));
#621=STYLED_ITEM('',(#620),#618);
#622=DIRECTION('',(0.E0,0.E0,-1.E0));
#623=VECTOR('',#622,9.E0);
#624=CARTESIAN_POINT('',(5.E-2,-8.5E0,4.5E0));
#625=LINE('',#624,#623);
#626=CURVE_STYLE('',#25,POSITIVE_LENGTH_MEASURE(2.E-2),#17);
#627=PRESENTATION_STYLE_ASSIGNMENT((#626));
#628=STYLED_ITEM('',(#627),#625);
#629=DIRECTION('',(1.E0,0.E0,0.E0));
#630=VECTOR('',#629,5.E-2);
#631=CARTESIAN_POINT('',(0.E0,-8.5E0,4.5E0));
#632=LINE('',#631,#630);
#633=CURVE_STYLE('',#25,POSITIVE_LENGTH_MEASURE(2.E-2),#17);
#634=PRESENTATION_STYLE_ASSIGNMENT((#633));
#635=STYLED_ITEM('',(#634),#632);
#636=DIRECTION('',(0.E0,0.E0,1.E0));
#637=VECTOR('',#636,3.11363725E0);
#638=CARTESIAN_POINT('',(0.E0,-8.5E0,4.5E0));
#639=LINE('',#638,#637);
#640=CURVE_STYLE('',#25,POSITIVE_LENGTH_MEASURE(2.E-2),#17);
#641=PRESENTATION_STYLE_ASSIGNMENT((#640));
#642=STYLED_ITEM('',(#641),#639);
#643=DIRECTION('',(1.E0,0.E0,0.E0));
#644=VECTOR('',#643,2.E0);
#645=CARTESIAN_POINT('',(0.E0,-8.5E0,7.61363725E0));
#646=LINE('',#645,#644);
#647=CURVE_STYLE('',#25,POSITIVE_LENGTH_MEASURE(2.E-2),#17);
#648=PRESENTATION_STYLE_ASSIGNMENT((#647));
#649=STYLED_ITEM('',(#648),#646);
#650=DIRECTION('',(1.E0,0.E0,0.E0));
#651=VECTOR('',#650,3.6E0);
#652=CARTESIAN_POINT('',(0.E0,-8.5E0,-8.152778125E0));
#653=LINE('',#652,#651);
#654=CURVE_STYLE('',#25,POSITIVE_LENGTH_MEASURE(2.E-2),#17);
#655=PRESENTATION_STYLE_ASSIGNMENT((#654));
#656=STYLED_ITEM('',(#655),#653);
#657=DIRECTION('',(0.E0,0.E0,-1.E0));
#658=VECTOR('',#657,5.6E-1);
#659=CARTESIAN_POINT('',(5.E-2,8.E-1,-3.94E0));
#660=LINE('',#659,#658);
#661=CURVE_STYLE('',#25,POSITIVE_LENGTH_MEASURE(2.E-2),#17);
#662=PRESENTATION_STYLE_ASSIGNMENT((#661));
#663=STYLED_ITEM('',(#662),#660);
#664=DIRECTION('',(0.E0,0.E0,-1.E0));
#665=VECTOR('',#664,4.56E0);
#666=CARTESIAN_POINT('',(3.E-1,8.E-1,-3.94E0));
#667=LINE('',#666,#665);
#668=CURVE_STYLE('',#25,POSITIVE_LENGTH_MEASURE(2.E-2),#17);
#669=PRESENTATION_STYLE_ASSIGNMENT((#668));
#670=STYLED_ITEM('',(#669),#667);
#671=DIRECTION('',(0.E0,0.E0,1.E0));
#672=VECTOR('',#671,4.E0);
#673=CARTESIAN_POINT('',(0.E0,8.E-1,-8.5E0));
#674=LINE('',#673,#672);
#675=CURVE_STYLE('',#25,POSITIVE_LENGTH_MEASURE(2.E-2),#17);
#676=PRESENTATION_STYLE_ASSIGNMENT((#675));
#677=STYLED_ITEM('',(#676),#674);
#678=DIRECTION('',(1.E0,0.E0,0.E0));
#679=VECTOR('',#678,5.E-2);
#680=CARTESIAN_POINT('',(0.E0,8.E-1,-4.5E0));
#681=LINE('',#680,#679);
#682=CURVE_STYLE('',#25,POSITIVE_LENGTH_MEASURE(2.E-2),#17);
#683=PRESENTATION_STYLE_ASSIGNMENT((#682));
#684=STYLED_ITEM('',(#683),#681);
#685=CARTESIAN_POINT('',(5.E-2,1.E-2,-3.94E0));
#686=DIRECTION('',(1.E0,0.E0,0.E0));
#687=DIRECTION('',(0.E0,1.E0,0.E0));
#688=AXIS2_PLACEMENT_3D('',#685,#686,#687);
#690=CURVE_STYLE('',#25,POSITIVE_LENGTH_MEASURE(2.E-2),#17);
#691=PRESENTATION_STYLE_ASSIGNMENT((#690));
#692=STYLED_ITEM('',(#691),#689);
#693=DIRECTION('',(1.E0,0.E0,0.E0));
#694=VECTOR('',#693,2.5E-1);
#695=CARTESIAN_POINT('',(5.E-2,8.E-1,-3.94E0));
#696=LINE('',#695,#694);
#697=CURVE_STYLE('',#25,POSITIVE_LENGTH_MEASURE(2.E-2),#17);
#698=PRESENTATION_STYLE_ASSIGNMENT((#697));
#699=STYLED_ITEM('',(#698),#696);
#700=DIRECTION('',(0.E0,-1.E0,0.E0));
#701=VECTOR('',#700,2.E-2);
#702=CARTESIAN_POINT('',(5.E-2,1.E-2,-3.15E0));
#703=LINE('',#702,#701);
#704=CURVE_STYLE('',#25,POSITIVE_LENGTH_MEASURE(2.E-2),#17);
#705=PRESENTATION_STYLE_ASSIGNMENT((#704));
#706=STYLED_ITEM('',(#705),#703);
#707=DIRECTION('',(1.E0,0.E0,0.E0));
#708=VECTOR('',#707,2.5E-1);
#709=CARTESIAN_POINT('',(5.E-2,1.E-2,-3.15E0));
#710=LINE('',#709,#708);
#711=CURVE_STYLE('',#25,POSITIVE_LENGTH_MEASURE(2.E-2),#17);
#712=PRESENTATION_STYLE_ASSIGNMENT((#711));
#713=STYLED_ITEM('',(#712),#710);
#714=CARTESIAN_POINT('',(5.E-2,-1.E-2,-3.94E0));
#715=DIRECTION('',(1.E0,0.E0,0.E0));
#716=DIRECTION('',(0.E0,0.E0,1.E0));
#717=AXIS2_PLACEMENT_3D('',#714,#715,#716);
#719=CURVE_STYLE('',#25,POSITIVE_LENGTH_MEASURE(2.E-2),#17);
#720=PRESENTATION_STYLE_ASSIGNMENT((#719));
#721=STYLED_ITEM('',(#720),#718);
#722=DIRECTION('',(1.E0,0.E0,0.E0));
#723=VECTOR('',#722,2.5E-1);
#724=CARTESIAN_POINT('',(5.E-2,-1.E-2,-3.15E0));
#725=LINE('',#724,#723);
#726=CURVE_STYLE('',#25,POSITIVE_LENGTH_MEASURE(2.E-2),#17);
#727=PRESENTATION_STYLE_ASSIGNMENT((#726));
#728=STYLED_ITEM('',(#727),#725);
#729=DIRECTION('',(0.E0,0.E0,-1.E0));
#730=VECTOR('',#729,5.6E-1);
#731=CARTESIAN_POINT('',(5.E-2,-8.E-1,-3.94E0));
#732=LINE('',#731,#730);
#733=CURVE_STYLE('',#25,POSITIVE_LENGTH_MEASURE(2.E-2),#17);
#734=PRESENTATION_STYLE_ASSIGNMENT((#733));
#735=STYLED_ITEM('',(#734),#732);
#736=DIRECTION('',(1.E0,0.E0,0.E0));
#737=VECTOR('',#736,5.E-2);
#738=CARTESIAN_POINT('',(0.E0,-8.E-1,-4.5E0));
#739=LINE('',#738,#737);
#740=CURVE_STYLE('',#25,POSITIVE_LENGTH_MEASURE(2.E-2),#17);
#741=PRESENTATION_STYLE_ASSIGNMENT((#740));
#742=STYLED_ITEM('',(#741),#739);
#743=DIRECTION('',(0.E0,0.E0,-1.E0));
#744=VECTOR('',#743,4.E0);
#745=CARTESIAN_POINT('',(0.E0,-8.E-1,-4.5E0));
#746=LINE('',#745,#744);
#747=CURVE_STYLE('',#25,POSITIVE_LENGTH_MEASURE(2.E-2),#17);
#748=PRESENTATION_STYLE_ASSIGNMENT((#747));
#749=STYLED_ITEM('',(#748),#746);
#750=DIRECTION('',(0.E0,0.E0,1.E0));
#751=VECTOR('',#750,4.56E0);
#752=CARTESIAN_POINT('',(3.E-1,-8.E-1,-8.5E0));
#753=LINE('',#752,#751);
#754=CURVE_STYLE('',#25,POSITIVE_LENGTH_MEASURE(2.E-2),#17);
#755=PRESENTATION_STYLE_ASSIGNMENT((#754));
#756=STYLED_ITEM('',(#755),#753);
#757=DIRECTION('',(1.E0,0.E0,0.E0));
#758=VECTOR('',#757,2.5E-1);
#759=CARTESIAN_POINT('',(5.E-2,-8.E-1,-3.94E0));
#760=LINE('',#759,#758);
#761=CURVE_STYLE('',#25,POSITIVE_LENGTH_MEASURE(2.E-2),#17);
#762=PRESENTATION_STYLE_ASSIGNMENT((#761));
#763=STYLED_ITEM('',(#762),#760);
#764=CARTESIAN_POINT('',(3.E-1,0.E0,-4.1E0));
#765=DIRECTION('',(-1.E0,0.E0,0.E0));
#766=DIRECTION('',(0.E0,-1.E0,0.E0));
#767=AXIS2_PLACEMENT_3D('',#764,#765,#766);
#769=CURVE_STYLE('',#25,POSITIVE_LENGTH_MEASURE(2.E-2),#17);
#770=PRESENTATION_STYLE_ASSIGNMENT((#769));
#771=STYLED_ITEM('',(#770),#768);
#772=DIRECTION('',(0.E0,0.E0,1.E0));
#773=VECTOR('',#772,4.4E0);
#774=CARTESIAN_POINT('',(3.E-1,6.E-1,-8.5E0));
#775=LINE('',#774,#773);
#776=CURVE_STYLE('',#25,POSITIVE_LENGTH_MEASURE(2.E-2),#17);
#777=PRESENTATION_STYLE_ASSIGNMENT((#776));
#778=STYLED_ITEM('',(#777),#775);
#779=CARTESIAN_POINT('',(3.E-1,1.E-2,-3.94E0));
#780=DIRECTION('',(1.E0,0.E0,0.E0));
#781=DIRECTION('',(0.E0,1.E0,0.E0));
#782=AXIS2_PLACEMENT_3D('',#779,#780,#781);
#784=CURVE_STYLE('',#25,POSITIVE_LENGTH_MEASURE(2.E-2),#17);
#785=PRESENTATION_STYLE_ASSIGNMENT((#784));
#786=STYLED_ITEM('',(#785),#783);
#787=DIRECTION('',(0.E0,-1.E0,0.E0));
#788=VECTOR('',#787,2.E-2);
#789=CARTESIAN_POINT('',(3.E-1,1.E-2,-3.15E0));
#790=LINE('',#789,#788);
#791=CURVE_STYLE('',#25,POSITIVE_LENGTH_MEASURE(2.E-2),#17);
#792=PRESENTATION_STYLE_ASSIGNMENT((#791));
#793=STYLED_ITEM('',(#792),#790);
#794=CARTESIAN_POINT('',(3.E-1,-1.E-2,-3.94E0));
#795=DIRECTION('',(1.E0,0.E0,0.E0));
#796=DIRECTION('',(0.E0,0.E0,1.E0));
#797=AXIS2_PLACEMENT_3D('',#794,#795,#796);
#799=CURVE_STYLE('',#25,POSITIVE_LENGTH_MEASURE(2.E-2),#17);
#800=PRESENTATION_STYLE_ASSIGNMENT((#799));
#801=STYLED_ITEM('',(#800),#798);
#802=DIRECTION('',(0.E0,0.E0,1.E0));
#803=VECTOR('',#802,4.4E0);
#804=CARTESIAN_POINT('',(3.E-1,-6.E-1,-8.5E0));
#805=LINE('',#804,#803);
#806=CURVE_STYLE('',#25,POSITIVE_LENGTH_MEASURE(2.E-2),#17);
#807=PRESENTATION_STYLE_ASSIGNMENT((#806));
#808=STYLED_ITEM('',(#807),#805);
#809=CARTESIAN_POINT('',(1.32E-1,6.E-1,-4.1E0));
#810=CARTESIAN_POINT('',(1.341213203436E-1,6.E-1,-4.029289321881E0));
#811=CARTESIAN_POINT('',(1.387038814009E-1,5.744021067044E-1,
-3.876537286637E0));
#812=CARTESIAN_POINT('',(1.451086632143E-1,4.368305103594E-1,
-3.663044559525E0));
#813=CARTESIAN_POINT('',(1.485422756276E-1,2.593553051680E-1,
-3.548590812414E0));
#814=CARTESIAN_POINT('',(1.498107394849E-1,1.083648258371E-1,
-3.506308683837E0));
#815=CARTESIAN_POINT('',(1.500946302576E-1,0.E0,-3.496845658081E0));
#816=CARTESIAN_POINT('',(1.498107394849E-1,-1.083648258371E-1,
-3.506308683837E0));
#817=CARTESIAN_POINT('',(1.485422756276E-1,-2.593553051680E-1,
-3.548590812414E0));
#818=CARTESIAN_POINT('',(1.451086632143E-1,-4.368305103594E-1,
-3.663044559525E0));
#819=CARTESIAN_POINT('',(1.387038814009E-1,-5.744021067044E-1,
-3.876537286637E0));
#820=CARTESIAN_POINT('',(1.341213203436E-1,-6.E-1,-4.029289321881E0));
#821=CARTESIAN_POINT('',(1.32E-1,-6.E-1,-4.1E0));
#823=CURVE_STYLE('',#25,POSITIVE_LENGTH_MEASURE(2.E-2),#17);
#824=PRESENTATION_STYLE_ASSIGNMENT((#823));
#825=STYLED_ITEM('',(#824),#822);
#826=DIRECTION('',(-2.998650910567E-2,0.E0,-9.995503035224E-1));
#827=VECTOR('',#826,4.401979554700E0);
#828=CARTESIAN_POINT('',(1.32E-1,6.E-1,-4.1E0));
#829=LINE('',#828,#827);
#830=CURVE_STYLE('',#25,POSITIVE_LENGTH_MEASURE(2.E-2),#17);
#831=PRESENTATION_STYLE_ASSIGNMENT((#830));
#832=STYLED_ITEM('',(#831),#829);
#833=DIRECTION('',(0.E0,0.E0,-1.E0));
#834=VECTOR('',#833,5.E-1);
#835=CARTESIAN_POINT('',(0.E0,6.E-1,-8.5E0));
#836=LINE('',#835,#834);
#837=CURVE_STYLE('',#25,POSITIVE_LENGTH_MEASURE(2.E-2),#17);
#838=PRESENTATION_STYLE_ASSIGNMENT((#837));
#839=STYLED_ITEM('',(#838),#836);
#840=DIRECTION('',(-1.E0,0.E0,0.E0));
#841=VECTOR('',#840,3.E-1);
#842=CARTESIAN_POINT('',(3.E-1,6.E-1,-9.E0));
#843=LINE('',#842,#841);
#844=CURVE_STYLE('',#25,POSITIVE_LENGTH_MEASURE(2.E-2),#17);
#845=PRESENTATION_STYLE_ASSIGNMENT((#844));
#846=STYLED_ITEM('',(#845),#843);
#847=DIRECTION('',(-1.E0,0.E0,0.E0));
#848=VECTOR('',#847,1.68E-1);
#849=CARTESIAN_POINT('',(3.E-1,6.E-1,-4.1E0));
#850=LINE('',#849,#848);
#851=CURVE_STYLE('',#25,POSITIVE_LENGTH_MEASURE(2.E-2),#17);
#852=PRESENTATION_STYLE_ASSIGNMENT((#851));
#853=STYLED_ITEM('',(#852),#850);
#854=DIRECTION('',(0.E0,-1.E0,0.E0));
#855=VECTOR('',#854,1.2E0);
#856=CARTESIAN_POINT('',(0.E0,6.E-1,-8.5E0));
#857=LINE('',#856,#855);
#858=CURVE_STYLE('',#25,POSITIVE_LENGTH_MEASURE(2.E-2),#17);
#859=PRESENTATION_STYLE_ASSIGNMENT((#858));
#860=STYLED_ITEM('',(#859),#857);
#861=DIRECTION('',(0.E0,1.E0,0.E0));
#862=VECTOR('',#861,1.2E0);
#863=CARTESIAN_POINT('',(0.E0,-6.E-1,-9.E0));
#864=LINE('',#863,#862);
#865=CURVE_STYLE('',#25,POSITIVE_LENGTH_MEASURE(2.E-2),#17);
#866=PRESENTATION_STYLE_ASSIGNMENT((#865));
#867=STYLED_ITEM('',(#866),#864);
#868=DIRECTION('',(-2.998650910567E-2,0.E0,-9.995503035224E-1));
#869=VECTOR('',#868,4.401979554700E0);
#870=CARTESIAN_POINT('',(1.32E-1,-6.E-1,-4.1E0));
#871=LINE('',#870,#869);
#872=CURVE_STYLE('',#25,POSITIVE_LENGTH_MEASURE(2.E-2),#17);
#873=PRESENTATION_STYLE_ASSIGNMENT((#872));
#874=STYLED_ITEM('',(#873),#871);
#875=DIRECTION('',(1.E0,0.E0,0.E0));
#876=VECTOR('',#875,1.68E-1);
#877=CARTESIAN_POINT('',(1.32E-1,-6.E-1,-4.1E0));
#878=LINE('',#877,#876);
#879=CURVE_STYLE('',#25,POSITIVE_LENGTH_MEASURE(2.E-2),#17);
#880=PRESENTATION_STYLE_ASSIGNMENT((#879));
#881=STYLED_ITEM('',(#880),#878);
#882=DIRECTION('',(0.E0,0.E0,1.E0));
#883=VECTOR('',#882,5.E-1);
#884=CARTESIAN_POINT('',(0.E0,-6.E-1,-9.E0));
#885=LINE('',#884,#883);
#886=CURVE_STYLE('',#25,POSITIVE_LENGTH_MEASURE(2.E-2),#17);
#887=PRESENTATION_STYLE_ASSIGNMENT((#886));
#888=STYLED_ITEM('',(#887),#885);
#889=DIRECTION('',(0.E0,0.E0,1.E0));
#890=VECTOR('',#889,5.E-1);
#891=CARTESIAN_POINT('',(3.E-1,6.E-1,-9.E0));
#892=LINE('',#891,#890);
#893=CURVE_STYLE('',#25,POSITIVE_LENGTH_MEASURE(2.E-2),#17);
#894=PRESENTATION_STYLE_ASSIGNMENT((#893));
#895=STYLED_ITEM('',(#894),#892);
#896=DIRECTION('',(0.E0,1.E0,0.E0));
#897=VECTOR('',#896,1.2E0);
#898=CARTESIAN_POINT('',(3.E-1,-6.E-1,-9.E0));
#899=LINE('',#898,#897);
#900=CURVE_STYLE('',#25,POSITIVE_LENGTH_MEASURE(2.E-2),#17);
#901=PRESENTATION_STYLE_ASSIGNMENT((#900));
#902=STYLED_ITEM('',(#901),#899);
#903=DIRECTION('',(0.E0,0.E0,-1.E0));
#904=VECTOR('',#903,5.E-1);
#905=CARTESIAN_POINT('',(3.E-1,-6.E-1,-8.5E0));
#906=LINE('',#905,#904);
#907=CURVE_STYLE('',#25,POSITIVE_LENGTH_MEASURE(2.E-2),#17);
#908=PRESENTATION_STYLE_ASSIGNMENT((#907));
#909=STYLED_ITEM('',(#908),#906);
#910=DIRECTION('',(-1.E0,0.E0,0.E0));
#911=VECTOR('',#910,3.E-1);
#912=CARTESIAN_POINT('',(3.E-1,-6.E-1,-9.E0));
#913=LINE('',#912,#911);
#914=CURVE_STYLE('',#25,POSITIVE_LENGTH_MEASURE(2.E-2),#17);
#915=PRESENTATION_STYLE_ASSIGNMENT((#914));
#916=STYLED_ITEM('',(#915),#913);
#917=DIRECTION('',(0.E0,7.071067811865E-1,7.071067811865E-1));
#918=VECTOR('',#917,1.253506222232E0);
#919=CARTESIAN_POINT('',(2.E0,-8.5E0,7.61363725E0));
#920=LINE('',#919,#918);
#921=CURVE_STYLE('',#25,POSITIVE_LENGTH_MEASURE(2.E-2),#17);
#922=PRESENTATION_STYLE_ASSIGNMENT((#921));
#923=STYLED_ITEM('',(#922),#920);
#924=DIRECTION('',(0.E0,-1.E0,0.E0));
#925=VECTOR('',#924,5.61363725E0);
#926=CARTESIAN_POINT('',(2.E0,7.61363725E0,8.5E0));
#927=LINE('',#926,#925);
#928=CURVE_STYLE('',#25,POSITIVE_LENGTH_MEASURE(2.E-2),#17);
#929=PRESENTATION_STYLE_ASSIGNMENT((#928));
#930=STYLED_ITEM('',(#929),#927);
#931=DIRECTION('',(-1.E0,0.E0,0.E0));
#932=VECTOR('',#931,1.E0);
#933=CARTESIAN_POINT('',(2.E0,2.E0,8.5E0));
#934=LINE('',#933,#932);
#935=CURVE_STYLE('',#25,POSITIVE_LENGTH_MEASURE(2.E-2),#17);
#936=PRESENTATION_STYLE_ASSIGNMENT((#935));
#937=STYLED_ITEM('',(#936),#934);
#938=DIRECTION('',(0.E0,-1.E0,0.E0));
#939=VECTOR('',#938,4.E0);
#940=CARTESIAN_POINT('',(1.E0,2.E0,8.5E0));
#941=LINE('',#940,#939);
#942=CURVE_STYLE('',#25,POSITIVE_LENGTH_MEASURE(2.E-2),#17);
#943=PRESENTATION_STYLE_ASSIGNMENT((#942));
#944=STYLED_ITEM('',(#943),#941);
#945=DIRECTION('',(-1.E0,0.E0,0.E0));
#946=VECTOR('',#945,1.E0);
#947=CARTESIAN_POINT('',(2.E0,-2.E0,8.5E0));
#948=LINE('',#947,#946);
#949=CURVE_STYLE('',#25,POSITIVE_LENGTH_MEASURE(2.E-2),#17);
#950=PRESENTATION_STYLE_ASSIGNMENT((#949));
#951=STYLED_ITEM('',(#950),#948);
#952=DIRECTION('',(0.E0,-1.E0,0.E0));
#953=VECTOR('',#952,5.61363725E0);
#954=CARTESIAN_POINT('',(2.E0,-2.E0,8.5E0));
#955=LINE('',#954,#953);
#956=CURVE_STYLE('',#25,POSITIVE_LENGTH_MEASURE(2.E-2),#17);
#957=PRESENTATION_STYLE_ASSIGNMENT((#956));
#958=STYLED_ITEM('',(#957),#955);
#959=DIRECTION('',(1.E0,0.E0,0.E0));
#960=VECTOR('',#959,2.E0);
#961=CARTESIAN_POINT('',(0.E0,-7.61363725E0,8.5E0));
#962=LINE('',#961,#960);
#963=CURVE_STYLE('',#25,POSITIVE_LENGTH_MEASURE(2.E-2),#17);
#964=PRESENTATION_STYLE_ASSIGNMENT((#963));
#965=STYLED_ITEM('',(#964),#962);
#966=DIRECTION('',(1.E0,0.E0,0.E0));
#967=VECTOR('',#966,3.E-1);
#968=CARTESIAN_POINT('',(0.E0,-8.E-1,8.5E0));
#969=LINE('',#968,#967);
#970=CURVE_STYLE('',#25,POSITIVE_LENGTH_MEASURE(2.E-2),#17);
#971=PRESENTATION_STYLE_ASSIGNMENT((#970));
#972=STYLED_ITEM('',(#971),#969);
#973=DIRECTION('',(0.E0,1.E0,0.E0));
#974=VECTOR('',#973,2.E-1);
#975=CARTESIAN_POINT('',(3.E-1,-8.E-1,8.5E0));
#976=LINE('',#975,#974);
#977=CURVE_STYLE('',#25,POSITIVE_LENGTH_MEASURE(2.E-2),#17);
#978=PRESENTATION_STYLE_ASSIGNMENT((#977));
#979=STYLED_ITEM('',(#978),#976);
#980=DIRECTION('',(0.E0,-1.E0,0.E0));
#981=VECTOR('',#980,1.2E0);
#982=CARTESIAN_POINT('',(3.E-1,6.E-1,8.5E0));
#983=LINE('',#982,#981);
#984=CURVE_STYLE('',#25,POSITIVE_LENGTH_MEASURE(2.E-2),#17);
#985=PRESENTATION_STYLE_ASSIGNMENT((#984));
#986=STYLED_ITEM('',(#985),#983);
#987=DIRECTION('',(0.E0,1.E0,0.E0));
#988=VECTOR('',#987,2.E-1);
#989=CARTESIAN_POINT('',(3.E-1,6.E-1,8.5E0));
#990=LINE('',#989,#988);
#991=CURVE_STYLE('',#25,POSITIVE_LENGTH_MEASURE(2.E-2),#17);
#992=PRESENTATION_STYLE_ASSIGNMENT((#991));
#993=STYLED_ITEM('',(#992),#990);
#994=DIRECTION('',(1.E0,0.E0,0.E0));
#995=VECTOR('',#994,3.E-1);
#996=CARTESIAN_POINT('',(0.E0,8.E-1,8.5E0));
#997=LINE('',#996,#995);
#998=CURVE_STYLE('',#25,POSITIVE_LENGTH_MEASURE(2.E-2),#17);
#999=PRESENTATION_STYLE_ASSIGNMENT((#998));
#1000=STYLED_ITEM('',(#999),#997);
#1001=DIRECTION('',(1.E0,0.E0,0.E0));
#1002=VECTOR('',#1001,2.E0);
#1003=CARTESIAN_POINT('',(0.E0,7.61363725E0,8.5E0));
#1004=LINE('',#1003,#1002);
#1005=CURVE_STYLE('',#25,POSITIVE_LENGTH_MEASURE(2.E-2),#17);
#1006=PRESENTATION_STYLE_ASSIGNMENT((#1005));
#1007=STYLED_ITEM('',(#1006),#1004);
#1008=DIRECTION('',(0.E0,0.E0,1.E0));
#1009=VECTOR('',#1008,5.6E-1);
#1010=CARTESIAN_POINT('',(5.E-2,-8.E-1,3.94E0));
#1011=LINE('',#1010,#1009);
#1012=CURVE_STYLE('',#25,POSITIVE_LENGTH_MEASURE(2.E-2),#17);
#1013=PRESENTATION_STYLE_ASSIGNMENT((#1012));
#1014=STYLED_ITEM('',(#1013),#1011);
#1015=DIRECTION('',(1.E0,0.E0,0.E0));
#1016=VECTOR('',#1015,2.5E-1);
#1017=CARTESIAN_POINT('',(5.E-2,-8.E-1,3.94E0));
#1018=LINE('',#1017,#1016);
#1019=CURVE_STYLE('',#25,POSITIVE_LENGTH_MEASURE(2.E-2),#17);
#1020=PRESENTATION_STYLE_ASSIGNMENT((#1019));
#1021=STYLED_ITEM('',(#1020),#1018);
#1022=DIRECTION('',(0.E0,0.E0,1.E0));
#1023=VECTOR('',#1022,4.56E0);
#1024=CARTESIAN_POINT('',(3.E-1,-8.E-1,3.94E0));
#1025=LINE('',#1024,#1023);
#1026=CURVE_STYLE('',#25,POSITIVE_LENGTH_MEASURE(2.E-2),#17);
#1027=PRESENTATION_STYLE_ASSIGNMENT((#1026));
#1028=STYLED_ITEM('',(#1027),#1025);
#1029=DIRECTION('',(0.E0,0.E0,-1.E0));
#1030=VECTOR('',#1029,4.E0);
#1031=CARTESIAN_POINT('',(0.E0,-8.E-1,8.5E0));
#1032=LINE('',#1031,#1030);
#1033=CURVE_STYLE('',#25,POSITIVE_LENGTH_MEASURE(2.E-2),#17);
#1034=PRESENTATION_STYLE_ASSIGNMENT((#1033));
#1035=STYLED_ITEM('',(#1034),#1032);
#1036=DIRECTION('',(1.E0,0.E0,0.E0));
#1037=VECTOR('',#1036,5.E-2);
#1038=CARTESIAN_POINT('',(0.E0,-8.E-1,4.5E0));
#1039=LINE('',#1038,#1037);
#1040=CURVE_STYLE('',#25,POSITIVE_LENGTH_MEASURE(2.E-2),#17);
#1041=PRESENTATION_STYLE_ASSIGNMENT((#1040));
#1042=STYLED_ITEM('',(#1041),#1039);
#1043=CARTESIAN_POINT('',(5.E-2,-1.E-2,3.94E0));
#1044=DIRECTION('',(-1.E0,0.E0,0.E0));
#1045=DIRECTION('',(0.E0,0.E0,-1.E0));
#1046=AXIS2_PLACEMENT_3D('',#1043,#1044,#1045);
#1048=CURVE_STYLE('',#25,POSITIVE_LENGTH_MEASURE(2.E-2),#17);
#1049=PRESENTATION_STYLE_ASSIGNMENT((#1048));
#1050=STYLED_ITEM('',(#1049),#1047);
#1051=DIRECTION('',(1.E0,0.E0,0.E0));
#1052=VECTOR('',#1051,2.5E-1);
#1053=CARTESIAN_POINT('',(5.E-2,-1.E-2,3.15E0));
#1054=LINE('',#1053,#1052);
#1055=CURVE_STYLE('',#25,POSITIVE_LENGTH_MEASURE(2.E-2),#17);
#1056=PRESENTATION_STYLE_ASSIGNMENT((#1055));
#1057=STYLED_ITEM('',(#1056),#1054);
#1058=DIRECTION('',(0.E0,-1.E0,0.E0));
#1059=VECTOR('',#1058,2.E-2);
#1060=CARTESIAN_POINT('',(5.E-2,1.E-2,3.15E0));
#1061=LINE('',#1060,#1059);
#1062=CURVE_STYLE('',#25,POSITIVE_LENGTH_MEASURE(2.E-2),#17);
#1063=PRESENTATION_STYLE_ASSIGNMENT((#1062));
#1064=STYLED_ITEM('',(#1063),#1061);
#1065=DIRECTION('',(1.E0,0.E0,0.E0));
#1066=VECTOR('',#1065,2.5E-1);
#1067=CARTESIAN_POINT('',(5.E-2,1.E-2,3.15E0));
#1068=LINE('',#1067,#1066);
#1069=CURVE_STYLE('',#25,POSITIVE_LENGTH_MEASURE(2.E-2),#17);
#1070=PRESENTATION_STYLE_ASSIGNMENT((#1069));
#1071=STYLED_ITEM('',(#1070),#1068);
#1072=CARTESIAN_POINT('',(5.E-2,1.E-2,3.94E0));
#1073=DIRECTION('',(-1.E0,0.E0,0.E0));
#1074=DIRECTION('',(0.E0,1.E0,0.E0));
#1075=AXIS2_PLACEMENT_3D('',#1072,#1073,#1074);
#1077=CURVE_STYLE('',#25,POSITIVE_LENGTH_MEASURE(2.E-2),#17);
#1078=PRESENTATION_STYLE_ASSIGNMENT((#1077));
#1079=STYLED_ITEM('',(#1078),#1076);
#1080=DIRECTION('',(1.E0,0.E0,0.E0));
#1081=VECTOR('',#1080,2.5E-1);
#1082=CARTESIAN_POINT('',(5.E-2,8.E-1,3.94E0));
#1083=LINE('',#1082,#1081);
#1084=CURVE_STYLE('',#25,POSITIVE_LENGTH_MEASURE(2.E-2),#17);
#1085=PRESENTATION_STYLE_ASSIGNMENT((#1084));
#1086=STYLED_ITEM('',(#1085),#1083);
#1087=DIRECTION('',(0.E0,0.E0,-1.E0));
#1088=VECTOR('',#1087,4.4E0);
#1089=CARTESIAN_POINT('',(3.E-1,6.E-1,8.5E0));
#1090=LINE('',#1089,#1088);
#1091=CURVE_STYLE('',#25,POSITIVE_LENGTH_MEASURE(2.E-2),#17);
#1092=PRESENTATION_STYLE_ASSIGNMENT((#1091));
#1093=STYLED_ITEM('',(#1092),#1090);
#1094=CARTESIAN_POINT('',(3.E-1,0.E0,4.1E0));
#1095=DIRECTION('',(-1.E0,0.E0,0.E0));
#1096=DIRECTION('',(0.E0,1.E0,0.E0));
#1097=AXIS2_PLACEMENT_3D('',#1094,#1095,#1096);
#1099=CURVE_STYLE('',#25,POSITIVE_LENGTH_MEASURE(2.E-2),#17);
#1100=PRESENTATION_STYLE_ASSIGNMENT((#1099));
#1101=STYLED_ITEM('',(#1100),#1098);
#1102=DIRECTION('',(0.E0,0.E0,-1.E0));
#1103=VECTOR('',#1102,4.4E0);
#1104=CARTESIAN_POINT('',(3.E-1,-6.E-1,8.5E0));
#1105=LINE('',#1104,#1103);
#1106=CURVE_STYLE('',#25,POSITIVE_LENGTH_MEASURE(2.E-2),#17);
#1107=PRESENTATION_STYLE_ASSIGNMENT((#1106));
#1108=STYLED_ITEM('',(#1107),#1105);
#1109=CARTESIAN_POINT('',(3.E-1,-1.E-2,3.94E0));
#1110=DIRECTION('',(-1.E0,0.E0,0.E0));
#1111=DIRECTION('',(0.E0,0.E0,-1.E0));
#1112=AXIS2_PLACEMENT_3D('',#1109,#1110,#1111);
#1114=CURVE_STYLE('',#25,POSITIVE_LENGTH_MEASURE(2.E-2),#17);
#1115=PRESENTATION_STYLE_ASSIGNMENT((#1114));
#1116=STYLED_ITEM('',(#1115),#1113);
#1117=DIRECTION('',(0.E0,-1.E0,0.E0));
#1118=VECTOR('',#1117,2.E-2);
#1119=CARTESIAN_POINT('',(3.E-1,1.E-2,3.15E0));
#1120=LINE('',#1119,#1118);
#1121=CURVE_STYLE('',#25,POSITIVE_LENGTH_MEASURE(2.E-2),#17);
#1122=PRESENTATION_STYLE_ASSIGNMENT((#1121));
#1123=STYLED_ITEM('',(#1122),#1120);
#1124=CARTESIAN_POINT('',(3.E-1,1.E-2,3.94E0));
#1125=DIRECTION('',(-1.E0,0.E0,0.E0));
#1126=DIRECTION('',(0.E0,1.E0,0.E0));
#1127=AXIS2_PLACEMENT_3D('',#1124,#1125,#1126);
#1129=CURVE_STYLE('',#25,POSITIVE_LENGTH_MEASURE(2.E-2),#17);
#1130=PRESENTATION_STYLE_ASSIGNMENT((#1129));
#1131=STYLED_ITEM('',(#1130),#1128);
#1132=DIRECTION('',(-2.998650910567E-2,0.E0,9.995503035224E-1));
#1133=VECTOR('',#1132,4.401979554700E0);
#1134=CARTESIAN_POINT('',(1.32E-1,6.E-1,4.1E0));
#1135=LINE('',#1134,#1133);
#1136=CURVE_STYLE('',#25,POSITIVE_LENGTH_MEASURE(2.E-2),#17);
#1137=PRESENTATION_STYLE_ASSIGNMENT((#1136));
#1138=STYLED_ITEM('',(#1137),#1135);
#1139=DIRECTION('',(1.E0,0.E0,0.E0));
#1140=VECTOR('',#1139,1.68E-1);
#1141=CARTESIAN_POINT('',(1.32E-1,6.E-1,4.1E0));
#1142=LINE('',#1141,#1140);
#1143=CURVE_STYLE('',#25,POSITIVE_LENGTH_MEASURE(2.E-2),#17);
#1144=PRESENTATION_STYLE_ASSIGNMENT((#1143));
#1145=STYLED_ITEM('',(#1144),#1142);
#1146=DIRECTION('',(-1.E0,0.E0,0.E0));
#1147=VECTOR('',#1146,3.E-1);
#1148=CARTESIAN_POINT('',(3.E-1,6.E-1,9.E0));
#1149=LINE('',#1148,#1147);
#1150=CURVE_STYLE('',#25,POSITIVE_LENGTH_MEASURE(2.E-2),#17);
#1151=PRESENTATION_STYLE_ASSIGNMENT((#1150));
#1152=STYLED_ITEM('',(#1151),#1149);
#1153=DIRECTION('',(0.E0,0.E0,-1.E0));
#1154=VECTOR('',#1153,5.E-1);
#1155=CARTESIAN_POINT('',(0.E0,6.E-1,9.E0));
#1156=LINE('',#1155,#1154);
#1157=CURVE_STYLE('',#25,POSITIVE_LENGTH_MEASURE(2.E-2),#17);
#1158=PRESENTATION_STYLE_ASSIGNMENT((#1157));
#1159=STYLED_ITEM('',(#1158),#1156);
#1160=DIRECTION('',(0.E0,-1.E0,0.E0));
#1161=VECTOR('',#1160,1.2E0);
#1162=CARTESIAN_POINT('',(0.E0,6.E-1,8.5E0));
#1163=LINE('',#1162,#1161);
#1164=CURVE_STYLE('',#25,POSITIVE_LENGTH_MEASURE(2.E-2),#17);
#1165=PRESENTATION_STYLE_ASSIGNMENT((#1164));
#1166=STYLED_ITEM('',(#1165),#1163);
#1167=DIRECTION('',(0.E0,1.E0,0.E0));
#1168=VECTOR('',#1167,1.2E0);
#1169=CARTESIAN_POINT('',(0.E0,-6.E-1,9.E0));
#1170=LINE('',#1169,#1168);
#1171=CURVE_STYLE('',#25,POSITIVE_LENGTH_MEASURE(2.E-2),#17);
#1172=PRESENTATION_STYLE_ASSIGNMENT((#1171));
#1173=STYLED_ITEM('',(#1172),#1170);
#1174=DIRECTION('',(-1.E0,0.E0,0.E0));
#1175=VECTOR('',#1174,3.E-1);
#1176=CARTESIAN_POINT('',(3.E-1,-6.E-1,9.E0));
#1177=LINE('',#1176,#1175);
#1178=CURVE_STYLE('',#25,POSITIVE_LENGTH_MEASURE(2.E-2),#17);
#1179=PRESENTATION_STYLE_ASSIGNMENT((#1178));
#1180=STYLED_ITEM('',(#1179),#1177);
#1181=DIRECTION('',(0.E0,0.E0,1.E0));
#1182=VECTOR('',#1181,5.E-1);
#1183=CARTESIAN_POINT('',(3.E-1,-6.E-1,8.5E0));
#1184=LINE('',#1183,#1182);
#1185=CURVE_STYLE('',#25,POSITIVE_LENGTH_MEASURE(2.E-2),#17);
#1186=PRESENTATION_STYLE_ASSIGNMENT((#1185));
#1187=STYLED_ITEM('',(#1186),#1184);
#1188=DIRECTION('',(0.E0,1.E0,0.E0));
#1189=VECTOR('',#1188,1.2E0);
#1190=CARTESIAN_POINT('',(3.E-1,-6.E-1,9.E0));
#1191=LINE('',#1190,#1189);
#1192=CURVE_STYLE('',#25,POSITIVE_LENGTH_MEASURE(2.E-2),#17);
#1193=PRESENTATION_STYLE_ASSIGNMENT((#1192));
#1194=STYLED_ITEM('',(#1193),#1191);
#1195=DIRECTION('',(0.E0,0.E0,-1.E0));
#1196=VECTOR('',#1195,5.E-1);
#1197=CARTESIAN_POINT('',(3.E-1,6.E-1,9.E0));
#1198=LINE('',#1197,#1196);
#1199=CURVE_STYLE('',#25,POSITIVE_LENGTH_MEASURE(2.E-2),#17);
#1200=PRESENTATION_STYLE_ASSIGNMENT((#1199));
#1201=STYLED_ITEM('',(#1200),#1198);
#1202=DIRECTION('',(-2.998650910567E-2,0.E0,9.995503035224E-1));
#1203=VECTOR('',#1202,4.401979554700E0);
#1204=CARTESIAN_POINT('',(1.32E-1,-6.E-1,4.1E0));
#1205=LINE('',#1204,#1203);
#1206=CURVE_STYLE('',#25,POSITIVE_LENGTH_MEASURE(2.E-2),#17);
#1207=PRESENTATION_STYLE_ASSIGNMENT((#1206));
#1208=STYLED_ITEM('',(#1207),#1205);
#1209=DIRECTION('',(0.E0,0.E0,1.E0));
#1210=VECTOR('',#1209,5.E-1);
#1211=CARTESIAN_POINT('',(0.E0,-6.E-1,8.5E0));
#1212=LINE('',#1211,#1210);
#1213=CURVE_STYLE('',#25,POSITIVE_LENGTH_MEASURE(2.E-2),#17);
#1214=PRESENTATION_STYLE_ASSIGNMENT((#1213));
#1215=STYLED_ITEM('',(#1214),#1212);
#1216=DIRECTION('',(-1.E0,0.E0,0.E0));
#1217=VECTOR('',#1216,1.68E-1);
#1218=CARTESIAN_POINT('',(3.E-1,-6.E-1,4.1E0));
#1219=LINE('',#1218,#1217);
#1220=CURVE_STYLE('',#25,POSITIVE_LENGTH_MEASURE(2.E-2),#17);
#1221=PRESENTATION_STYLE_ASSIGNMENT((#1220));
#1222=STYLED_ITEM('',(#1221),#1219);
#1223=CARTESIAN_POINT('',(1.32E-1,6.E-1,4.1E0));
#1224=CARTESIAN_POINT('',(1.341213203436E-1,6.E-1,4.029289321881E0));
#1225=CARTESIAN_POINT('',(1.387038814009E-1,5.744021067044E-1,
3.876537286637E0));
#1226=CARTESIAN_POINT('',(1.451086632143E-1,4.368305103594E-1,
3.663044559525E0));
#1227=CARTESIAN_POINT('',(1.485422756276E-1,2.593553051680E-1,
3.548590812414E0));
#1228=CARTESIAN_POINT('',(1.498107394849E-1,1.083648258371E-1,
3.506308683837E0));
#1229=CARTESIAN_POINT('',(1.500946302576E-1,0.E0,3.496845658081E0));
#1230=CARTESIAN_POINT('',(1.498107394849E-1,-1.083648258371E-1,
3.506308683837E0));
#1231=CARTESIAN_POINT('',(1.485422756276E-1,-2.593553051680E-1,
3.548590812414E0));
#1232=CARTESIAN_POINT('',(1.451086632143E-1,-4.368305103594E-1,
3.663044559525E0));
#1233=CARTESIAN_POINT('',(1.387038814009E-1,-5.744021067044E-1,
3.876537286637E0));
#1234=CARTESIAN_POINT('',(1.341213203436E-1,-6.E-1,4.029289321881E0));
#1235=CARTESIAN_POINT('',(1.32E-1,-6.E-1,4.1E0));
#1237=CURVE_STYLE('',#25,POSITIVE_LENGTH_MEASURE(2.E-2),#17);
#1238=PRESENTATION_STYLE_ASSIGNMENT((#1237));
#1239=STYLED_ITEM('',(#1238),#1236);
#1240=DIRECTION('',(0.E0,-7.071067811865E-1,7.071067811865E-1));
#1241=VECTOR('',#1240,1.253506222232E0);
#1242=CARTESIAN_POINT('',(2.E0,8.5E0,7.61363725E0));
#1243=LINE('',#1242,#1241);
#1244=CURVE_STYLE('',#25,POSITIVE_LENGTH_MEASURE(2.E-2),#17);
#1245=PRESENTATION_STYLE_ASSIGNMENT((#1244));
#1246=STYLED_ITEM('',(#1245),#1243);
#1247=DIRECTION('',(1.E0,0.E0,0.E0));
#1248=VECTOR('',#1247,3.6E0);
#1249=CARTESIAN_POINT('',(0.E0,8.152778125E0,-8.5E0));
#1250=LINE('',#1249,#1248);
#1251=CURVE_STYLE('',#25,POSITIVE_LENGTH_MEASURE(2.E-2),#17);
#1252=PRESENTATION_STYLE_ASSIGNMENT((#1251));
#1253=STYLED_ITEM('',(#1252),#1250);
#1254=CARTESIAN_POINT('',(3.E-1,1.E-2,3.15E0));
#1255=CARTESIAN_POINT('',(3.E-1,-1.E-2,3.15E0));
#1256=VERTEX_POINT('',#1254);
#1257=VERTEX_POINT('',#1255);
#1258=CARTESIAN_POINT('',(3.E-1,1.E-2,-3.15E0));
#1259=CARTESIAN_POINT('',(3.E-1,-1.E-2,-3.15E0));
#1260=VERTEX_POINT('',#1258);
#1261=VERTEX_POINT('',#1259);
#1262=CARTESIAN_POINT('',(0.E0,-8.152778125E0,-8.5E0));
#1263=CARTESIAN_POINT('',(0.E0,-8.E-1,-8.5E0));
#1264=VERTEX_POINT('',#1262);
#1265=VERTEX_POINT('',#1263);
#1266=CARTESIAN_POINT('',(0.E0,8.E-1,-8.5E0));
#1267=CARTESIAN_POINT('',(0.E0,8.152778125E0,-8.5E0));
#1268=VERTEX_POINT('',#1266);
#1269=VERTEX_POINT('',#1267);
#1270=CARTESIAN_POINT('',(0.E0,8.5E0,7.61363725E0));
#1271=CARTESIAN_POINT('',(0.E0,7.61363725E0,8.5E0));
#1272=VERTEX_POINT('',#1270);
#1273=VERTEX_POINT('',#1271);
#1274=CARTESIAN_POINT('',(0.E0,8.E-1,8.5E0));
#1275=VERTEX_POINT('',#1274);
#1276=CARTESIAN_POINT('',(0.E0,-8.5E0,7.61363725E0));
#1277=CARTESIAN_POINT('',(0.E0,-7.61363725E0,8.5E0));
#1278=VERTEX_POINT('',#1276);
#1279=VERTEX_POINT('',#1277);
#1280=CARTESIAN_POINT('',(0.E0,-8.E-1,8.5E0));
#1281=VERTEX_POINT('',#1280);
#1282=CARTESIAN_POINT('',(0.E0,-8.5E0,-8.152778125E0));
#1283=VERTEX_POINT('',#1282);
#1284=CARTESIAN_POINT('',(0.E0,8.5E0,-8.152778125E0));
#1285=VERTEX_POINT('',#1284);
#1286=CARTESIAN_POINT('',(3.6E0,-8.5E0,-8.152778125E0));
#1287=CARTESIAN_POINT('',(3.6E0,-8.152778125E0,-8.5E0));
#1288=VERTEX_POINT('',#1286);
#1289=VERTEX_POINT('',#1287);
#1290=CARTESIAN_POINT('',(3.6E0,8.152778125E0,-8.5E0));
#1291=CARTESIAN_POINT('',(3.6E0,8.5E0,-8.152778125E0));
#1292=VERTEX_POINT('',#1290);
#1293=VERTEX_POINT('',#1291);
#1294=CARTESIAN_POINT('',(3.E-1,-8.E-1,8.5E0));
#1295=VERTEX_POINT('',#1294);
#1296=CARTESIAN_POINT('',(3.E-1,8.E-1,8.5E0));
#1297=VERTEX_POINT('',#1296);
#1298=CARTESIAN_POINT('',(3.E-1,8.E-1,3.94E0));
#1299=VERTEX_POINT('',#1298);
#1300=CARTESIAN_POINT('',(3.E-1,-8.E-1,3.94E0));
#1301=VERTEX_POINT('',#1300);
#1302=CARTESIAN_POINT('',(3.E-1,-8.E-1,-8.5E0));
#1303=VERTEX_POINT('',#1302);
#1304=CARTESIAN_POINT('',(3.E-1,8.E-1,-8.5E0));
#1305=VERTEX_POINT('',#1304);
#1306=CARTESIAN_POINT('',(3.E-1,8.E-1,-3.94E0));
#1307=VERTEX_POINT('',#1306);
#1308=CARTESIAN_POINT('',(3.E-1,-8.E-1,-3.94E0));
#1309=VERTEX_POINT('',#1308);
#1310=CARTESIAN_POINT('',(0.E0,8.5E0,4.5E0));
#1311=CARTESIAN_POINT('',(0.E0,8.E-1,4.5E0));
#1312=VERTEX_POINT('',#1310);
#1313=VERTEX_POINT('',#1311);
#1314=CARTESIAN_POINT('',(0.E0,-8.E-1,4.5E0));
#1315=CARTESIAN_POINT('',(0.E0,-8.5E0,4.5E0));
#1316=VERTEX_POINT('',#1314);
#1317=VERTEX_POINT('',#1315);
#1318=CARTESIAN_POINT('',(0.E0,8.5E0,-4.5E0));
#1319=CARTESIAN_POINT('',(0.E0,8.E-1,-4.5E0));
#1320=VERTEX_POINT('',#1318);
#1321=VERTEX_POINT('',#1319);
#1322=CARTESIAN_POINT('',(0.E0,-8.E-1,-4.5E0));
#1323=CARTESIAN_POINT('',(0.E0,-8.5E0,-4.5E0));
#1324=VERTEX_POINT('',#1322);
#1325=VERTEX_POINT('',#1323);
#1326=CARTESIAN_POINT('',(5.E-2,8.5E0,4.5E0));
#1327=CARTESIAN_POINT('',(5.E-2,8.5E0,-4.5E0));
#1328=VERTEX_POINT('',#1326);
#1329=VERTEX_POINT('',#1327);
#1330=CARTESIAN_POINT('',(5.E-2,-8.5E0,4.5E0));
#1331=CARTESIAN_POINT('',(5.E-2,-8.5E0,-4.5E0));
#1332=VERTEX_POINT('',#1330);
#1333=VERTEX_POINT('',#1331);
#1334=CARTESIAN_POINT('',(5.E-2,8.E-1,3.94E0));
#1335=CARTESIAN_POINT('',(5.E-2,8.E-1,4.5E0));
#1336=VERTEX_POINT('',#1334);
#1337=VERTEX_POINT('',#1335);
#1338=CARTESIAN_POINT('',(5.E-2,-8.E-1,3.94E0));
#1339=CARTESIAN_POINT('',(5.E-2,-8.E-1,4.5E0));
#1340=VERTEX_POINT('',#1338);
#1341=VERTEX_POINT('',#1339);
#1342=CARTESIAN_POINT('',(5.E-2,8.E-1,-3.94E0));
#1343=CARTESIAN_POINT('',(5.E-2,8.E-1,-4.5E0));
#1344=VERTEX_POINT('',#1342);
#1345=VERTEX_POINT('',#1343);
#1346=CARTESIAN_POINT('',(5.E-2,-8.E-1,-3.94E0));
#1347=CARTESIAN_POINT('',(5.E-2,-8.E-1,-4.5E0));
#1348=VERTEX_POINT('',#1346);
#1349=VERTEX_POINT('',#1347);
#1350=CARTESIAN_POINT('',(5.E-2,1.E-2,3.15E0));
#1351=CARTESIAN_POINT('',(5.E-2,-1.E-2,3.15E0));
#1352=VERTEX_POINT('',#1350);
#1353=VERTEX_POINT('',#1351);
#1354=CARTESIAN_POINT('',(5.E-2,1.E-2,-3.15E0));
#1355=CARTESIAN_POINT('',(5.E-2,-1.E-2,-3.15E0));
#1356=VERTEX_POINT('',#1354);
#1357=VERTEX_POINT('',#1355);
#1358=CARTESIAN_POINT('',(3.E-1,-6.E-1,8.5E0));
#1359=VERTEX_POINT('',#1358);
#1360=CARTESIAN_POINT('',(3.E-1,6.E-1,8.5E0));
#1361=VERTEX_POINT('',#1360);
#1362=CARTESIAN_POINT('',(1.32E-1,6.E-1,4.1E0));
#1363=CARTESIAN_POINT('',(0.E0,6.E-1,8.5E0));
#1364=VERTEX_POINT('',#1362);
#1365=VERTEX_POINT('',#1363);
#1366=CARTESIAN_POINT('',(1.32E-1,-6.E-1,4.1E0));
#1367=CARTESIAN_POINT('',(0.E0,-6.E-1,8.5E0));
#1368=VERTEX_POINT('',#1366);
#1369=VERTEX_POINT('',#1367);
#1370=CARTESIAN_POINT('',(3.E-1,-6.E-1,4.1E0));
#1371=VERTEX_POINT('',#1370);
#1372=CARTESIAN_POINT('',(3.E-1,6.E-1,4.1E0));
#1373=VERTEX_POINT('',#1372);
#1374=CARTESIAN_POINT('',(3.E-1,6.E-1,-8.5E0));
#1375=VERTEX_POINT('',#1374);
#1376=CARTESIAN_POINT('',(3.E-1,-6.E-1,-8.5E0));
#1377=VERTEX_POINT('',#1376);
#1378=CARTESIAN_POINT('',(3.6E0,-2.E0,-8.5E0));
#1379=CARTESIAN_POINT('',(3.6E0,-2.E0,-7.694316083967E0));
#1380=VERTEX_POINT('',#1378);
#1381=VERTEX_POINT('',#1379);
#1382=CARTESIAN_POINT('',(3.6E0,2.E0,-8.5E0));
#1383=CARTESIAN_POINT('',(3.6E0,2.E0,-7.694316083967E0));
#1384=VERTEX_POINT('',#1382);
#1385=VERTEX_POINT('',#1383);
#1386=CARTESIAN_POINT('',(1.E0,-2.E0,-8.5E0));
#1387=VERTEX_POINT('',#1386);
#1388=CARTESIAN_POINT('',(1.E0,2.E0,-8.5E0));
#1389=VERTEX_POINT('',#1388);
#1390=CARTESIAN_POINT('',(1.E0,2.E0,8.5E0));
#1391=CARTESIAN_POINT('',(1.E0,-2.E0,8.5E0));
#1392=VERTEX_POINT('',#1390);
#1393=VERTEX_POINT('',#1391);
#1394=CARTESIAN_POINT('',(1.E0,-2.E0,-7.694316083967E0));
#1395=VERTEX_POINT('',#1394);
#1396=CARTESIAN_POINT('',(1.E0,2.E0,-7.694316083967E0));
#1397=VERTEX_POINT('',#1396);
#1398=CARTESIAN_POINT('',(1.E0,-2.E0,7.694316083967E0));
#1399=VERTEX_POINT('',#1398);
#1400=CARTESIAN_POINT('',(1.E0,2.E0,7.694316083967E0));
#1401=VERTEX_POINT('',#1400);
#1402=CARTESIAN_POINT('',(3.6E0,8.5E0,-2.E0));
#1403=CARTESIAN_POINT('',(3.6E0,7.694316083967E0,-2.E0));
#1404=VERTEX_POINT('',#1402);
#1405=VERTEX_POINT('',#1403);
#1406=CARTESIAN_POINT('',(3.6E0,-7.694316083967E0,-2.E0));
#1407=CARTESIAN_POINT('',(3.6E0,-8.5E0,-2.E0));
#1408=VERTEX_POINT('',#1406);
#1409=VERTEX_POINT('',#1407);
#1410=CARTESIAN_POINT('',(1.E0,8.5E0,-2.E0));
#1411=CARTESIAN_POINT('',(1.E0,8.5E0,2.E0));
#1412=VERTEX_POINT('',#1410);
#1413=VERTEX_POINT('',#1411);
#1414=CARTESIAN_POINT('',(1.E0,-8.5E0,-2.E0));
#1415=CARTESIAN_POINT('',(1.E0,-8.5E0,2.E0));
#1416=VERTEX_POINT('',#1414);
#1417=VERTEX_POINT('',#1415);
#1418=CARTESIAN_POINT('',(1.E0,-7.694316083967E0,-2.E0));
#1419=VERTEX_POINT('',#1418);
#1420=CARTESIAN_POINT('',(1.E0,7.694316083967E0,-2.E0));
#1421=VERTEX_POINT('',#1420);
#1422=CARTESIAN_POINT('',(1.E0,7.694316083967E0,2.E0));
#1423=VERTEX_POINT('',#1422);
#1424=CARTESIAN_POINT('',(1.E0,-7.694316083967E0,2.E0));
#1425=VERTEX_POINT('',#1424);
#1426=CARTESIAN_POINT('',(2.E0,8.5E0,7.61363725E0));
#1427=CARTESIAN_POINT('',(2.E0,8.5E0,2.E0));
#1428=VERTEX_POINT('',#1426);
#1429=VERTEX_POINT('',#1427);
#1430=CARTESIAN_POINT('',(2.E0,-8.5E0,7.61363725E0));
#1431=CARTESIAN_POINT('',(2.E0,-8.5E0,2.E0));
#1432=VERTEX_POINT('',#1430);
#1433=VERTEX_POINT('',#1431);
#1434=CARTESIAN_POINT('',(2.E0,7.61363725E0,8.5E0));
#1435=VERTEX_POINT('',#1434);
#1436=CARTESIAN_POINT('',(2.E0,-7.61363725E0,8.5E0));
#1437=VERTEX_POINT('',#1436);
#1438=CARTESIAN_POINT('',(2.E0,7.694316083967E0,2.E0));
#1439=CARTESIAN_POINT('',(2.E0,2.E0,7.694316083967E0));
#1440=VERTEX_POINT('',#1438);
#1441=VERTEX_POINT('',#1439);
#1442=CARTESIAN_POINT('',(2.E0,-2.E0,7.694316083967E0));
#1443=CARTESIAN_POINT('',(2.E0,-7.694316083967E0,2.E0));
#1444=VERTEX_POINT('',#1442);
#1445=VERTEX_POINT('',#1443);
#1446=CARTESIAN_POINT('',(2.E0,-2.E0,8.5E0));
#1447=VERTEX_POINT('',#1446);
#1448=CARTESIAN_POINT('',(2.E0,2.E0,8.5E0));
#1449=VERTEX_POINT('',#1448);
#1450=CARTESIAN_POINT('',(1.32E-1,6.E-1,-4.1E0));
#1451=CARTESIAN_POINT('',(0.E0,6.E-1,-8.5E0));
#1452=VERTEX_POINT('',#1450);
#1453=VERTEX_POINT('',#1451);
#1454=CARTESIAN_POINT('',(1.32E-1,-6.E-1,-4.1E0));
#1455=CARTESIAN_POINT('',(0.E0,-6.E-1,-8.5E0));
#1456=VERTEX_POINT('',#1454);
#1457=VERTEX_POINT('',#1455);
#1458=CARTESIAN_POINT('',(3.E-1,-6.E-1,-4.1E0));
#1459=VERTEX_POINT('',#1458);
#1460=CARTESIAN_POINT('',(3.E-1,6.E-1,-4.1E0));
#1461=VERTEX_POINT('',#1460);
#1462=CARTESIAN_POINT('',(3.E-1,-6.E-1,9.E0));
#1463=CARTESIAN_POINT('',(3.E-1,6.E-1,9.E0));
#1464=VERTEX_POINT('',#1462);
#1465=VERTEX_POINT('',#1463);
#1466=CARTESIAN_POINT('',(0.E0,-6.E-1,9.E0));
#1467=CARTESIAN_POINT('',(0.E0,6.E-1,9.E0));
#1468=VERTEX_POINT('',#1466);
#1469=VERTEX_POINT('',#1467);
#1470=CARTESIAN_POINT('',(3.E-1,-6.E-1,-9.E0));
#1471=CARTESIAN_POINT('',(3.E-1,6.E-1,-9.E0));
#1472=VERTEX_POINT('',#1470);
#1473=VERTEX_POINT('',#1471);
#1474=CARTESIAN_POINT('',(0.E0,-6.E-1,-9.E0));
#1475=CARTESIAN_POINT('',(0.E0,6.E-1,-9.E0));
#1476=VERTEX_POINT('',#1474);
#1477=VERTEX_POINT('',#1475);
#1478=CARTESIAN_POINT('',(0.E0,0.E0,0.E0));
#1479=DIRECTION('',(1.E0,0.E0,0.E0));
#1480=DIRECTION('',(0.E0,0.E0,1.E0));
#1481=AXIS2_PLACEMENT_3D('',#1478,#1479,#1480);
#1482=PLANE('',#1481);
#1484=ORIENTED_EDGE('',*,*,#1483,.F.);
#1486=ORIENTED_EDGE('',*,*,#1485,.T.);
#1488=ORIENTED_EDGE('',*,*,#1487,.T.);
#1490=ORIENTED_EDGE('',*,*,#1489,.T.);
#1492=ORIENTED_EDGE('',*,*,#1491,.F.);
#1493=EDGE_LOOP('',(#1484,#1486,#1488,#1490,#1492));
#1494=FACE_OUTER_BOUND('',#1493,.F.);
#1496=CARTESIAN_POINT('',(0.E0,0.E0,0.E0));
#1497=DIRECTION('',(1.E0,0.E0,0.E0));
#1498=DIRECTION('',(0.E0,0.E0,1.E0));
#1499=AXIS2_PLACEMENT_3D('',#1496,#1497,#1498);
#1500=PLANE('',#1499);
#1502=ORIENTED_EDGE('',*,*,#1501,.F.);
#1504=ORIENTED_EDGE('',*,*,#1503,.F.);
#1506=ORIENTED_EDGE('',*,*,#1505,.T.);
#1508=ORIENTED_EDGE('',*,*,#1507,.F.);
#1510=ORIENTED_EDGE('',*,*,#1509,.F.);
#1511=EDGE_LOOP('',(#1502,#1504,#1506,#1508,#1510));
#1512=FACE_OUTER_BOUND('',#1511,.F.);
#1514=CARTESIAN_POINT('',(0.E0,0.E0,0.E0));
#1515=DIRECTION('',(1.E0,0.E0,0.E0));
#1516=DIRECTION('',(0.E0,0.E0,1.E0));
#1517=AXIS2_PLACEMENT_3D('',#1514,#1515,#1516);
#1518=PLANE('',#1517);
#1520=ORIENTED_EDGE('',*,*,#1519,.T.);
#1522=ORIENTED_EDGE('',*,*,#1521,.F.);
#1524=ORIENTED_EDGE('',*,*,#1523,.T.);
#1526=ORIENTED_EDGE('',*,*,#1525,.T.);
#1528=ORIENTED_EDGE('',*,*,#1527,.T.);
#1529=EDGE_LOOP('',(#1520,#1522,#1524,#1526,#1528));
#1530=FACE_OUTER_BOUND('',#1529,.F.);
#1532=CARTESIAN_POINT('',(0.E0,0.E0,0.E0));
#1533=DIRECTION('',(1.E0,0.E0,0.E0));
#1534=DIRECTION('',(0.E0,0.E0,1.E0));
#1535=AXIS2_PLACEMENT_3D('',#1532,#1533,#1534);
#1536=PLANE('',#1535);
#1538=ORIENTED_EDGE('',*,*,#1537,.T.);
#1540=ORIENTED_EDGE('',*,*,#1539,.F.);
#1542=ORIENTED_EDGE('',*,*,#1541,.T.);
#1544=ORIENTED_EDGE('',*,*,#1543,.T.);
#1546=ORIENTED_EDGE('',*,*,#1545,.F.);
#1547=EDGE_LOOP('',(#1538,#1540,#1542,#1544,#1546));
#1548=FACE_OUTER_BOUND('',#1547,.F.);
#1550=CARTESIAN_POINT('',(0.E0,-8.5E0,4.5E0));
#1551=DIRECTION('',(0.E0,0.E0,1.E0));
#1552=DIRECTION('',(0.E0,1.E0,0.E0));
#1553=AXIS2_PLACEMENT_3D('',#1550,#1551,#1552);
#1554=PLANE('',#1553);
#1555=ORIENTED_EDGE('',*,*,#1483,.T.);
#1557=ORIENTED_EDGE('',*,*,#1556,.T.);
#1559=ORIENTED_EDGE('',*,*,#1558,.T.);
#1561=ORIENTED_EDGE('',*,*,#1560,.F.);
#1562=EDGE_LOOP('',(#1555,#1557,#1559,#1561));
#1563=FACE_OUTER_BOUND('',#1562,.F.);
#1565=CARTESIAN_POINT('',(0.E0,-8.5E0,4.5E0));
#1566=DIRECTION('',(0.E0,0.E0,1.E0));
#1567=DIRECTION('',(0.E0,1.E0,0.E0));
#1568=AXIS2_PLACEMENT_3D('',#1565,#1566,#1567);
#1569=PLANE('',#1568);
#1570=ORIENTED_EDGE('',*,*,#1501,.T.);
#1572=ORIENTED_EDGE('',*,*,#1571,.T.);
#1574=ORIENTED_EDGE('',*,*,#1573,.T.);
#1576=ORIENTED_EDGE('',*,*,#1575,.F.);
#1577=EDGE_LOOP('',(#1570,#1572,#1574,#1576));
#1578=FACE_OUTER_BOUND('',#1577,.F.);
#1580=CARTESIAN_POINT('',(0.E0,8.E-1,8.397184063734E0));
#1581=DIRECTION('',(0.E0,1.E0,0.E0));
#1582=DIRECTION('',(0.E0,0.E0,-1.E0));
#1583=AXIS2_PLACEMENT_3D('',#1580,#1581,#1582);
#1584=PLANE('',#1583);
#1586=ORIENTED_EDGE('',*,*,#1585,.T.);
#1587=ORIENTED_EDGE('',*,*,#1556,.F.);
#1588=ORIENTED_EDGE('',*,*,#1491,.T.);
#1590=ORIENTED_EDGE('',*,*,#1589,.T.);
#1592=ORIENTED_EDGE('',*,*,#1591,.T.);
#1594=ORIENTED_EDGE('',*,*,#1593,.F.);
#1595=EDGE_LOOP('',(#1586,#1587,#1588,#1590,#1592,#1594));
#1596=FACE_OUTER_BOUND('',#1595,.F.);
#1598=CARTESIAN_POINT('',(5.E-2,0.E0,0.E0));
#1599=DIRECTION('',(-1.E0,0.E0,0.E0));
#1600=DIRECTION('',(0.E0,1.E0,0.E0));
#1601=AXIS2_PLACEMENT_3D('',#1598,#1599,#1600);
#1602=PLANE('',#1601);
#1604=ORIENTED_EDGE('',*,*,#1603,.F.);
#1605=ORIENTED_EDGE('',*,*,#1558,.F.);
#1606=ORIENTED_EDGE('',*,*,#1585,.F.);
#1608=ORIENTED_EDGE('',*,*,#1607,.T.);
#1610=ORIENTED_EDGE('',*,*,#1609,.T.);
#1612=ORIENTED_EDGE('',*,*,#1611,.T.);
#1614=ORIENTED_EDGE('',*,*,#1613,.T.);
#1615=ORIENTED_EDGE('',*,*,#1573,.F.);
#1617=ORIENTED_EDGE('',*,*,#1616,.T.);
#1619=ORIENTED_EDGE('',*,*,#1618,.F.);
#1621=ORIENTED_EDGE('',*,*,#1620,.F.);
#1623=ORIENTED_EDGE('',*,*,#1622,.F.);
#1625=ORIENTED_EDGE('',*,*,#1624,.F.);
#1627=ORIENTED_EDGE('',*,*,#1626,.F.);
#1629=ORIENTED_EDGE('',*,*,#1628,.T.);
#1631=ORIENTED_EDGE('',*,*,#1630,.F.);
#1632=EDGE_LOOP('',(#1604,#1605,#1606,#1608,#1610,#1612,#1614,#1615,#1617,#1619,
#1621,#1623,#1625,#1627,#1629,#1631));
#1633=FACE_OUTER_BOUND('',#1632,.F.);
#1635=CARTESIAN_POINT('',(0.E0,8.5E0,-8.152778125E0));
#1636=DIRECTION('',(0.E0,1.E0,0.E0));
#1637=DIRECTION('',(0.E0,0.E0,1.E0));
#1638=AXIS2_PLACEMENT_3D('',#1635,#1636,#1637);
#1639=PLANE('',#1638);
#1641=ORIENTED_EDGE('',*,*,#1640,.F.);
#1643=ORIENTED_EDGE('',*,*,#1642,.F.);
#1644=ORIENTED_EDGE('',*,*,#1485,.F.);
#1645=ORIENTED_EDGE('',*,*,#1560,.T.);
#1646=ORIENTED_EDGE('',*,*,#1603,.T.);
#1648=ORIENTED_EDGE('',*,*,#1647,.F.);
#1649=ORIENTED_EDGE('',*,*,#1527,.F.);
#1651=ORIENTED_EDGE('',*,*,#1650,.T.);
#1653=ORIENTED_EDGE('',*,*,#1652,.T.);
#1655=ORIENTED_EDGE('',*,*,#1654,.T.);
#1657=ORIENTED_EDGE('',*,*,#1656,.T.);
#1659=ORIENTED_EDGE('',*,*,#1658,.F.);
#1660=EDGE_LOOP('',(#1641,#1643,#1644,#1645,#1646,#1648,#1649,#1651,#1653,#1655,
#1657,#1659));
#1661=FACE_OUTER_BOUND('',#1660,.F.);
#1663=CARTESIAN_POINT('',(2.E0,8.5E0,2.E0));
#1664=DIRECTION('',(-1.E0,0.E0,0.E0));
#1665=DIRECTION('',(0.E0,0.E0,1.E0));
#1666=AXIS2_PLACEMENT_3D('',#1663,#1664,#1665);
#1667=PLANE('',#1666);
#1668=ORIENTED_EDGE('',*,*,#1640,.T.);
#1670=ORIENTED_EDGE('',*,*,#1669,.F.);
#1672=ORIENTED_EDGE('',*,*,#1671,.T.);
#1674=ORIENTED_EDGE('',*,*,#1673,.T.);
#1676=ORIENTED_EDGE('',*,*,#1675,.F.);
#1678=ORIENTED_EDGE('',*,*,#1677,.F.);
#1679=EDGE_LOOP('',(#1668,#1670,#1672,#1674,#1676,#1678));
#1680=FACE_OUTER_BOUND('',#1679,.F.);
#1682=CARTESIAN_POINT('',(2.E0,8.5E0,2.E0));
#1683=DIRECTION('',(-1.E0,0.E0,0.E0));
#1684=DIRECTION('',(0.E0,0.E0,1.E0));
#1685=AXIS2_PLACEMENT_3D('',#1682,#1683,#1684);
#1686=PLANE('',#1685);
#1688=ORIENTED_EDGE('',*,*,#1687,.F.);
#1690=ORIENTED_EDGE('',*,*,#1689,.T.);
#1692=ORIENTED_EDGE('',*,*,#1691,.F.);
#1694=ORIENTED_EDGE('',*,*,#1693,.F.);
#1696=ORIENTED_EDGE('',*,*,#1695,.T.);
#1698=ORIENTED_EDGE('',*,*,#1697,.F.);
#1699=EDGE_LOOP('',(#1688,#1690,#1692,#1694,#1696,#1698));
#1700=FACE_OUTER_BOUND('',#1699,.F.);
#1702=CARTESIAN_POINT('',(1.E0,8.5E0,2.E0));
#1703=DIRECTION('',(0.E0,0.E0,1.E0));
#1704=DIRECTION('',(1.E0,0.E0,0.E0));
#1705=AXIS2_PLACEMENT_3D('',#1702,#1703,#1704);
#1706=PLANE('',#1705);
#1707=ORIENTED_EDGE('',*,*,#1697,.T.);
#1709=ORIENTED_EDGE('',*,*,#1708,.F.);
#1711=ORIENTED_EDGE('',*,*,#1710,.T.);
#1713=ORIENTED_EDGE('',*,*,#1712,.F.);
#1714=EDGE_LOOP('',(#1707,#1709,#1711,#1713));
#1715=FACE_OUTER_BOUND('',#1714,.F.);
#1717=CARTESIAN_POINT('',(1.E0,8.5E0,2.E0));
#1718=DIRECTION('',(0.E0,0.E0,1.E0));
#1719=DIRECTION('',(1.E0,0.E0,0.E0));
#1720=AXIS2_PLACEMENT_3D('',#1717,#1718,#1719);
#1721=PLANE('',#1720);
#1722=ORIENTED_EDGE('',*,*,#1669,.T.);
#1723=ORIENTED_EDGE('',*,*,#1658,.T.);
#1725=ORIENTED_EDGE('',*,*,#1724,.T.);
#1727=ORIENTED_EDGE('',*,*,#1726,.T.);
#1728=EDGE_LOOP('',(#1722,#1723,#1725,#1727));
#1729=FACE_OUTER_BOUND('',#1728,.F.);
#1731=CARTESIAN_POINT('',(3.6E0,0.E0,0.E0));
#1732=DIRECTION('',(1.E0,0.E0,0.E0));
#1733=DIRECTION('',(0.E0,1.E0,0.E0));
#1734=AXIS2_PLACEMENT_3D('',#1731,#1732,#1733);
#1735=CYLINDRICAL_SURFACE('',#1734,7.95E0);
#1736=ORIENTED_EDGE('',*,*,#1671,.F.);
#1737=ORIENTED_EDGE('',*,*,#1726,.F.);
#1739=ORIENTED_EDGE('',*,*,#1738,.T.);
#1741=ORIENTED_EDGE('',*,*,#1740,.T.);
#1742=EDGE_LOOP('',(#1736,#1737,#1739,#1741));
#1743=FACE_OUTER_BOUND('',#1742,.F.);
#1745=CARTESIAN_POINT('',(3.6E0,0.E0,0.E0));
#1746=DIRECTION('',(1.E0,0.E0,0.E0));
#1747=DIRECTION('',(0.E0,1.E0,0.E0));
#1748=AXIS2_PLACEMENT_3D('',#1745,#1746,#1747);
#1749=CYLINDRICAL_SURFACE('',#1748,7.95E0);
#1750=ORIENTED_EDGE('',*,*,#1695,.F.);
#1752=ORIENTED_EDGE('',*,*,#1751,.F.);
#1754=ORIENTED_EDGE('',*,*,#1753,.T.);
#1755=ORIENTED_EDGE('',*,*,#1708,.T.);
#1756=EDGE_LOOP('',(#1750,#1752,#1754,#1755));
#1757=FACE_OUTER_BOUND('',#1756,.F.);
#1759=CARTESIAN_POINT('',(1.E0,0.E0,0.E0));
#1760=DIRECTION('',(1.E0,0.E0,0.E0));
#1761=DIRECTION('',(0.E0,1.E0,0.E0));
#1762=AXIS2_PLACEMENT_3D('',#1759,#1760,#1761);
#1763=PLANE('',#1762);
#1764=ORIENTED_EDGE('',*,*,#1753,.F.);
#1766=ORIENTED_EDGE('',*,*,#1765,.T.);
#1768=ORIENTED_EDGE('',*,*,#1767,.F.);
#1770=ORIENTED_EDGE('',*,*,#1769,.F.);
#1771=ORIENTED_EDGE('',*,*,#1738,.F.);
#1772=ORIENTED_EDGE('',*,*,#1724,.F.);
#1773=ORIENTED_EDGE('',*,*,#1656,.F.);
#1775=ORIENTED_EDGE('',*,*,#1774,.T.);
#1777=ORIENTED_EDGE('',*,*,#1776,.F.);
#1779=ORIENTED_EDGE('',*,*,#1778,.F.);
#1781=ORIENTED_EDGE('',*,*,#1780,.F.);
#1783=ORIENTED_EDGE('',*,*,#1782,.T.);
#1785=ORIENTED_EDGE('',*,*,#1784,.F.);
#1787=ORIENTED_EDGE('',*,*,#1786,.T.);
#1789=ORIENTED_EDGE('',*,*,#1788,.T.);
#1790=ORIENTED_EDGE('',*,*,#1710,.F.);
#1791=EDGE_LOOP('',(#1764,#1766,#1768,#1770,#1771,#1772,#1773,#1775,#1777,#1779,
#1781,#1783,#1785,#1787,#1789,#1790));
#1792=FACE_OUTER_BOUND('',#1791,.F.);
#1794=CARTESIAN_POINT('',(3.6E0,-2.E0,-8.5E0));
#1795=DIRECTION('',(0.E0,-1.E0,0.E0));
#1796=DIRECTION('',(-1.E0,0.E0,0.E0));
#1797=AXIS2_PLACEMENT_3D('',#1794,#1795,#1796);
#1798=PLANE('',#1797);
#1800=ORIENTED_EDGE('',*,*,#1799,.T.);
#1802=ORIENTED_EDGE('',*,*,#1801,.F.);
#1803=ORIENTED_EDGE('',*,*,#1782,.F.);
#1805=ORIENTED_EDGE('',*,*,#1804,.F.);
#1806=EDGE_LOOP('',(#1800,#1802,#1803,#1805));
#1807=FACE_OUTER_BOUND('',#1806,.F.);
#1809=CARTESIAN_POINT('',(3.6E0,-2.E0,-8.5E0));
#1810=DIRECTION('',(0.E0,-1.E0,0.E0));
#1811=DIRECTION('',(-1.E0,0.E0,0.E0));
#1812=AXIS2_PLACEMENT_3D('',#1809,#1810,#1811);
#1813=PLANE('',#1812);
#1814=ORIENTED_EDGE('',*,*,#1693,.T.);
#1816=ORIENTED_EDGE('',*,*,#1815,.T.);
#1817=ORIENTED_EDGE('',*,*,#1765,.F.);
#1818=ORIENTED_EDGE('',*,*,#1751,.T.);
#1819=EDGE_LOOP('',(#1814,#1816,#1817,#1818));
#1820=FACE_OUTER_BOUND('',#1819,.F.);
#1822=CARTESIAN_POINT('',(3.6E0,0.E0,0.E0));
#1823=DIRECTION('',(1.E0,0.E0,0.E0));
#1824=DIRECTION('',(0.E0,0.E0,1.E0));
#1825=AXIS2_PLACEMENT_3D('',#1822,#1823,#1824);
#1826=PLANE('',#1825);
#1827=ORIENTED_EDGE('',*,*,#1799,.F.);
#1829=ORIENTED_EDGE('',*,*,#1828,.F.);
#1831=ORIENTED_EDGE('',*,*,#1830,.F.);
#1833=ORIENTED_EDGE('',*,*,#1832,.F.);
#1835=ORIENTED_EDGE('',*,*,#1834,.F.);
#1837=ORIENTED_EDGE('',*,*,#1836,.T.);
#1838=EDGE_LOOP('',(#1827,#1829,#1831,#1833,#1835,#1837));
#1839=FACE_OUTER_BOUND('',#1838,.F.);
#1841=CARTESIAN_POINT('',(3.6E0,0.E0,0.E0));
#1842=DIRECTION('',(1.E0,0.E0,0.E0));
#1843=DIRECTION('',(0.E0,0.E0,1.E0));
#1844=AXIS2_PLACEMENT_3D('',#1841,#1842,#1843);
#1845=PLANE('',#1844);
#1847=ORIENTED_EDGE('',*,*,#1846,.T.);
#1849=ORIENTED_EDGE('',*,*,#1848,.T.);
#1851=ORIENTED_EDGE('',*,*,#1850,.F.);
#1852=ORIENTED_EDGE('',*,*,#1652,.F.);
#1854=ORIENTED_EDGE('',*,*,#1853,.F.);
#1856=ORIENTED_EDGE('',*,*,#1855,.F.);
#1857=EDGE_LOOP('',(#1847,#1849,#1851,#1852,#1854,#1856));
#1858=FACE_OUTER_BOUND('',#1857,.F.);
#1860=CARTESIAN_POINT('',(0.E0,-8.152778125E0,-8.5E0));
#1861=DIRECTION('',(0.E0,0.E0,-1.E0));
#1862=DIRECTION('',(0.E0,1.E0,0.E0));
#1863=AXIS2_PLACEMENT_3D('',#1860,#1861,#1862);
#1864=PLANE('',#1863);
#1865=ORIENTED_EDGE('',*,*,#1804,.T.);
#1866=ORIENTED_EDGE('',*,*,#1780,.T.);
#1868=ORIENTED_EDGE('',*,*,#1867,.F.);
#1869=ORIENTED_EDGE('',*,*,#1855,.T.);
#1871=ORIENTED_EDGE('',*,*,#1870,.F.);
#1872=ORIENTED_EDGE('',*,*,#1523,.F.);
#1874=ORIENTED_EDGE('',*,*,#1873,.T.);
#1876=ORIENTED_EDGE('',*,*,#1875,.T.);
#1878=ORIENTED_EDGE('',*,*,#1877,.T.);
#1880=ORIENTED_EDGE('',*,*,#1879,.T.);
#1882=ORIENTED_EDGE('',*,*,#1881,.F.);
#1883=ORIENTED_EDGE('',*,*,#1543,.F.);
#1885=ORIENTED_EDGE('',*,*,#1884,.T.);
#1886=ORIENTED_EDGE('',*,*,#1828,.T.);
#1887=EDGE_LOOP('',(#1865,#1866,#1868,#1869,#1871,#1872,#1874,#1876,#1878,#1880,
#1882,#1883,#1885,#1886));
#1888=FACE_OUTER_BOUND('',#1887,.F.);
#1890=CARTESIAN_POINT('',(1.E0,2.E0,-8.5E0));
#1891=DIRECTION('',(0.E0,1.E0,0.E0));
#1892=DIRECTION('',(1.E0,0.E0,0.E0));
#1893=AXIS2_PLACEMENT_3D('',#1890,#1891,#1892);
#1894=PLANE('',#1893);
#1895=ORIENTED_EDGE('',*,*,#1846,.F.);
#1896=ORIENTED_EDGE('',*,*,#1867,.T.);
#1897=ORIENTED_EDGE('',*,*,#1778,.T.);
#1899=ORIENTED_EDGE('',*,*,#1898,.T.);
#1900=EDGE_LOOP('',(#1895,#1896,#1897,#1899));
#1901=FACE_OUTER_BOUND('',#1900,.F.);
#1903=CARTESIAN_POINT('',(1.E0,2.E0,-8.5E0));
#1904=DIRECTION('',(0.E0,1.E0,0.E0));
#1905=DIRECTION('',(1.E0,0.E0,0.E0));
#1906=AXIS2_PLACEMENT_3D('',#1903,#1904,#1905);
#1907=PLANE('',#1906);
#1908=ORIENTED_EDGE('',*,*,#1673,.F.);
#1909=ORIENTED_EDGE('',*,*,#1740,.F.);
#1910=ORIENTED_EDGE('',*,*,#1769,.T.);
#1912=ORIENTED_EDGE('',*,*,#1911,.F.);
#1913=EDGE_LOOP('',(#1908,#1909,#1910,#1912));
#1914=FACE_OUTER_BOUND('',#1913,.F.);
#1916=CARTESIAN_POINT('',(3.6E0,0.E0,0.E0));
#1917=DIRECTION('',(1.E0,0.E0,0.E0));
#1918=DIRECTION('',(0.E0,1.E0,0.E0));
#1919=AXIS2_PLACEMENT_3D('',#1916,#1917,#1918);
#1920=CYLINDRICAL_SURFACE('',#1919,7.95E0);
#1921=ORIENTED_EDGE('',*,*,#1801,.T.);
#1922=ORIENTED_EDGE('',*,*,#1836,.F.);
#1924=ORIENTED_EDGE('',*,*,#1923,.F.);
#1925=ORIENTED_EDGE('',*,*,#1784,.T.);
#1926=EDGE_LOOP('',(#1921,#1922,#1924,#1925));
#1927=FACE_OUTER_BOUND('',#1926,.F.);
#1929=CARTESIAN_POINT('',(3.6E0,0.E0,0.E0));
#1930=DIRECTION('',(1.E0,0.E0,0.E0));
#1931=DIRECTION('',(0.E0,1.E0,0.E0));
#1932=AXIS2_PLACEMENT_3D('',#1929,#1930,#1931);
#1933=CYLINDRICAL_SURFACE('',#1932,7.95E0);
#1934=ORIENTED_EDGE('',*,*,#1898,.F.);
#1935=ORIENTED_EDGE('',*,*,#1776,.T.);
#1937=ORIENTED_EDGE('',*,*,#1936,.T.);
#1938=ORIENTED_EDGE('',*,*,#1848,.F.);
#1939=EDGE_LOOP('',(#1934,#1935,#1937,#1938));
#1940=FACE_OUTER_BOUND('',#1939,.F.);
#1942=CARTESIAN_POINT('',(3.6E0,8.5E0,-2.E0));
#1943=DIRECTION('',(0.E0,0.E0,-1.E0));
#1944=DIRECTION('',(-1.E0,0.E0,0.E0));
#1945=AXIS2_PLACEMENT_3D('',#1942,#1943,#1944);
#1946=PLANE('',#1945);
#1947=ORIENTED_EDGE('',*,*,#1850,.T.);
#1948=ORIENTED_EDGE('',*,*,#1936,.F.);
#1949=ORIENTED_EDGE('',*,*,#1774,.F.);
#1950=ORIENTED_EDGE('',*,*,#1654,.F.);
#1951=EDGE_LOOP('',(#1947,#1948,#1949,#1950));
#1952=FACE_OUTER_BOUND('',#1951,.F.);
#1954=CARTESIAN_POINT('',(3.6E0,8.5E0,-2.E0));
#1955=DIRECTION('',(0.E0,0.E0,-1.E0));
#1956=DIRECTION('',(-1.E0,0.E0,0.E0));
#1957=AXIS2_PLACEMENT_3D('',#1954,#1955,#1956);
#1958=PLANE('',#1957);
#1959=ORIENTED_EDGE('',*,*,#1834,.T.);
#1961=ORIENTED_EDGE('',*,*,#1960,.T.);
#1962=ORIENTED_EDGE('',*,*,#1786,.F.);
#1963=ORIENTED_EDGE('',*,*,#1923,.T.);
#1964=EDGE_LOOP('',(#1959,#1961,#1962,#1963));
#1965=FACE_OUTER_BOUND('',#1964,.F.);
#1967=CARTESIAN_POINT('',(0.E0,-8.5E0,8.5E0));
#1968=DIRECTION('',(0.E0,-1.E0,0.E0));
#1969=DIRECTION('',(0.E0,0.E0,-1.E0));
#1970=AXIS2_PLACEMENT_3D('',#1967,#1968,#1969);
#1971=PLANE('',#1970);
#1972=ORIENTED_EDGE('',*,*,#1687,.T.);
#1973=ORIENTED_EDGE('',*,*,#1712,.T.);
#1974=ORIENTED_EDGE('',*,*,#1788,.F.);
#1975=ORIENTED_EDGE('',*,*,#1960,.F.);
#1976=ORIENTED_EDGE('',*,*,#1832,.T.);
#1978=ORIENTED_EDGE('',*,*,#1977,.F.);
#1979=ORIENTED_EDGE('',*,*,#1539,.T.);
#1981=ORIENTED_EDGE('',*,*,#1980,.T.);
#1982=ORIENTED_EDGE('',*,*,#1616,.F.);
#1983=ORIENTED_EDGE('',*,*,#1571,.F.);
#1984=ORIENTED_EDGE('',*,*,#1509,.T.);
#1986=ORIENTED_EDGE('',*,*,#1985,.T.);
#1987=EDGE_LOOP('',(#1972,#1973,#1974,#1975,#1976,#1978,#1979,#1981,#1982,#1983,
#1984,#1986));
#1988=FACE_OUTER_BOUND('',#1987,.F.);
#1990=CARTESIAN_POINT('',(0.E0,-8.152778125E0,-8.152778125E0));
#1991=DIRECTION('',(1.E0,0.E0,0.E0));
#1992=DIRECTION('',(0.E0,0.E0,1.E0));
#1993=AXIS2_PLACEMENT_3D('',#1990,#1991,#1992);
#1994=CYLINDRICAL_SURFACE('',#1993,3.47221875E-1);
#1995=ORIENTED_EDGE('',*,*,#1541,.F.);
#1996=ORIENTED_EDGE('',*,*,#1977,.T.);
#1997=ORIENTED_EDGE('',*,*,#1830,.T.);
#1998=ORIENTED_EDGE('',*,*,#1884,.F.);
#1999=EDGE_LOOP('',(#1995,#1996,#1997,#1998));
#2000=FACE_OUTER_BOUND('',#1999,.F.);
#2002=CARTESIAN_POINT('',(0.E0,8.5E0,-4.5E0));
#2003=DIRECTION('',(0.E0,0.E0,-1.E0));
#2004=DIRECTION('',(0.E0,-1.E0,0.E0));
#2005=AXIS2_PLACEMENT_3D('',#2002,#2003,#2004);
#2006=PLANE('',#2005);
#2007=ORIENTED_EDGE('',*,*,#1519,.F.);
#2008=ORIENTED_EDGE('',*,*,#1647,.T.);
#2009=ORIENTED_EDGE('',*,*,#1630,.T.);
#2011=ORIENTED_EDGE('',*,*,#2010,.F.);
#2012=EDGE_LOOP('',(#2007,#2008,#2009,#2011));
#2013=FACE_OUTER_BOUND('',#2012,.F.);
#2015=CARTESIAN_POINT('',(0.E0,8.5E0,-4.5E0));
#2016=DIRECTION('',(0.E0,0.E0,-1.E0));
#2017=DIRECTION('',(0.E0,-1.E0,0.E0));
#2018=AXIS2_PLACEMENT_3D('',#2015,#2016,#2017);
#2019=PLANE('',#2018);
#2020=ORIENTED_EDGE('',*,*,#1537,.F.);
#2022=ORIENTED_EDGE('',*,*,#2021,.T.);
#2023=ORIENTED_EDGE('',*,*,#1618,.T.);
#2024=ORIENTED_EDGE('',*,*,#1980,.F.);
#2025=EDGE_LOOP('',(#2020,#2022,#2023,#2024));
#2026=FACE_OUTER_BOUND('',#2025,.F.);
#2028=CARTESIAN_POINT('',(0.E0,8.E-1,-8.397184063734E0));
#2029=DIRECTION('',(0.E0,-1.E0,0.E0));
#2030=DIRECTION('',(0.E0,0.E0,1.E0));
#2031=AXIS2_PLACEMENT_3D('',#2028,#2029,#2030);
#2032=PLANE('',#2031);
#2033=ORIENTED_EDGE('',*,*,#1628,.F.);
#2035=ORIENTED_EDGE('',*,*,#2034,.T.);
#2037=ORIENTED_EDGE('',*,*,#2036,.T.);
#2038=ORIENTED_EDGE('',*,*,#1873,.F.);
#2039=ORIENTED_EDGE('',*,*,#1521,.T.);
#2040=ORIENTED_EDGE('',*,*,#2010,.T.);
#2041=EDGE_LOOP('',(#2033,#2035,#2037,#2038,#2039,#2040));
#2042=FACE_OUTER_BOUND('',#2041,.F.);
#2044=CARTESIAN_POINT('',(0.E0,1.E-2,-3.94E0));
#2045=DIRECTION('',(1.E0,0.E0,0.E0));
#2046=DIRECTION('',(0.E0,1.E0,0.E0));
#2047=AXIS2_PLACEMENT_3D('',#2044,#2045,#2046);
#2048=CYLINDRICAL_SURFACE('',#2047,7.9E-1);
#2049=ORIENTED_EDGE('',*,*,#1626,.T.);
#2051=ORIENTED_EDGE('',*,*,#2050,.T.);
#2053=ORIENTED_EDGE('',*,*,#2052,.F.);
#2054=ORIENTED_EDGE('',*,*,#2034,.F.);
#2055=EDGE_LOOP('',(#2049,#2051,#2053,#2054));
#2056=FACE_OUTER_BOUND('',#2055,.F.);
#2058=CARTESIAN_POINT('',(0.E0,1.E-2,-3.15E0));
#2059=DIRECTION('',(0.E0,0.E0,-1.E0));
#2060=DIRECTION('',(0.E0,-1.E0,0.E0));
#2061=AXIS2_PLACEMENT_3D('',#2058,#2059,#2060);
#2062=PLANE('',#2061);
#2063=ORIENTED_EDGE('',*,*,#1624,.T.);
#2065=ORIENTED_EDGE('',*,*,#2064,.T.);
#2067=ORIENTED_EDGE('',*,*,#2066,.F.);
#2068=ORIENTED_EDGE('',*,*,#2050,.F.);
#2069=EDGE_LOOP('',(#2063,#2065,#2067,#2068));
#2070=FACE_OUTER_BOUND('',#2069,.F.);
#2072=CARTESIAN_POINT('',(0.E0,-1.E-2,-3.94E0));
#2073=DIRECTION('',(1.E0,0.E0,0.E0));
#2074=DIRECTION('',(0.E0,1.E0,0.E0));
#2075=AXIS2_PLACEMENT_3D('',#2072,#2073,#2074);
#2076=CYLINDRICAL_SURFACE('',#2075,7.9E-1);
#2077=ORIENTED_EDGE('',*,*,#1622,.T.);
#2079=ORIENTED_EDGE('',*,*,#2078,.T.);
#2081=ORIENTED_EDGE('',*,*,#2080,.F.);
#2082=ORIENTED_EDGE('',*,*,#2064,.F.);
#2083=EDGE_LOOP('',(#2077,#2079,#2081,#2082));
#2084=FACE_OUTER_BOUND('',#2083,.F.);
#2086=CARTESIAN_POINT('',(0.E0,-8.E-1,-3.94E0));
#2087=DIRECTION('',(0.E0,1.E0,0.E0));
#2088=DIRECTION('',(0.E0,0.E0,-1.E0));
#2089=AXIS2_PLACEMENT_3D('',#2086,#2087,#2088);
#2090=PLANE('',#2089);
#2091=ORIENTED_EDGE('',*,*,#1620,.T.);
#2092=ORIENTED_EDGE('',*,*,#2021,.F.);
#2093=ORIENTED_EDGE('',*,*,#1545,.T.);
#2094=ORIENTED_EDGE('',*,*,#1881,.T.);
#2096=ORIENTED_EDGE('',*,*,#2095,.T.);
#2097=ORIENTED_EDGE('',*,*,#2078,.F.);
#2098=EDGE_LOOP('',(#2091,#2092,#2093,#2094,#2096,#2097));
#2099=FACE_OUTER_BOUND('',#2098,.F.);
#2101=CARTESIAN_POINT('',(3.E-1,0.E0,0.E0));
#2102=DIRECTION('',(1.E0,0.E0,0.E0));
#2103=DIRECTION('',(0.E0,1.E0,0.E0));
#2104=AXIS2_PLACEMENT_3D('',#2101,#2102,#2103);
#2105=PLANE('',#2104);
#2107=ORIENTED_EDGE('',*,*,#2106,.T.);
#2109=ORIENTED_EDGE('',*,*,#2108,.F.);
#2110=ORIENTED_EDGE('',*,*,#1875,.F.);
#2111=ORIENTED_EDGE('',*,*,#2036,.F.);
#2112=ORIENTED_EDGE('',*,*,#2052,.T.);
#2113=ORIENTED_EDGE('',*,*,#2066,.T.);
#2114=ORIENTED_EDGE('',*,*,#2080,.T.);
#2115=ORIENTED_EDGE('',*,*,#2095,.F.);
#2116=ORIENTED_EDGE('',*,*,#1879,.F.);
#2118=ORIENTED_EDGE('',*,*,#2117,.T.);
#2119=EDGE_LOOP('',(#2107,#2109,#2110,#2111,#2112,#2113,#2114,#2115,#2116,
#2118));
#2120=FACE_OUTER_BOUND('',#2119,.F.);
#2122=CARTESIAN_POINT('',(-4.69296E0,0.E0,-4.1E0));
#2123=DIRECTION('',(1.E0,0.E0,0.E0));
#2124=DIRECTION('',(0.E0,0.E0,1.E0));
#2125=AXIS2_PLACEMENT_3D('',#2122,#2123,#2124);
#2126=CYLINDRICAL_SURFACE('',#2125,6.E-1);
#2128=ORIENTED_EDGE('',*,*,#2127,.F.);
#2130=ORIENTED_EDGE('',*,*,#2129,.F.);
#2131=ORIENTED_EDGE('',*,*,#2106,.F.);
#2133=ORIENTED_EDGE('',*,*,#2132,.F.);
#2134=EDGE_LOOP('',(#2128,#2130,#2131,#2133));
#2135=FACE_OUTER_BOUND('',#2134,.F.);
#2137=FILL_AREA_STYLE_COLOUR('',#19);
#2138=FILL_AREA_STYLE('',(#2137));
#2139=SURFACE_STYLE_FILL_AREA(#2138);
#2140=SURFACE_SIDE_STYLE('',(#2139));
#2141=SURFACE_STYLE_USAGE(.POSITIVE.,#2140);
#2142=FILL_AREA_STYLE_COLOUR('',#17);
#2143=FILL_AREA_STYLE('',(#2142));
#2144=SURFACE_STYLE_FILL_AREA(#2143);
#2145=SURFACE_SIDE_STYLE('',(#2144));
#2146=SURFACE_STYLE_USAGE(.NEGATIVE.,#2145);
#2147=PRESENTATION_STYLE_ASSIGNMENT((#2141,#2146));
#2148=OVER_RIDING_STYLED_ITEM('',(#2147),#2136,#20);
#2149=CARTESIAN_POINT('',(0.E0,6.E-1,-8.5E0));
#2150=DIRECTION('',(-9.995503035224E-1,0.E0,2.998650910567E-2));
#2151=DIRECTION('',(2.998650910567E-2,0.E0,9.995503035224E-1));
#2152=AXIS2_PLACEMENT_3D('',#2149,#2150,#2151);
#2153=PLANE('',#2152);
#2155=ORIENTED_EDGE('',*,*,#2154,.F.);
#2156=ORIENTED_EDGE('',*,*,#2127,.T.);
#2158=ORIENTED_EDGE('',*,*,#2157,.T.);
#2160=ORIENTED_EDGE('',*,*,#2159,.F.);
#2161=EDGE_LOOP('',(#2155,#2156,#2158,#2160));
#2162=FACE_OUTER_BOUND('',#2161,.F.);
#2164=FILL_AREA_STYLE_COLOUR('',#19);
#2165=FILL_AREA_STYLE('',(#2164));
#2166=SURFACE_STYLE_FILL_AREA(#2165);
#2167=SURFACE_SIDE_STYLE('',(#2166));
#2168=SURFACE_STYLE_USAGE(.POSITIVE.,#2167);
#2169=FILL_AREA_STYLE_COLOUR('',#17);
#2170=FILL_AREA_STYLE('',(#2169));
#2171=SURFACE_STYLE_FILL_AREA(#2170);
#2172=SURFACE_SIDE_STYLE('',(#2171));
#2173=SURFACE_STYLE_USAGE(.NEGATIVE.,#2172);
#2174=PRESENTATION_STYLE_ASSIGNMENT((#2168,#2173));
#2175=OVER_RIDING_STYLED_ITEM('',(#2174),#2163,#20);
#2176=CARTESIAN_POINT('',(3.E-1,6.E-1,-8.5E0));
#2177=DIRECTION('',(0.E0,-1.E0,0.E0));
#2178=DIRECTION('',(0.E0,0.E0,1.E0));
#2179=AXIS2_PLACEMENT_3D('',#2176,#2177,#2178);
#2180=PLANE('',#2179);
#2181=ORIENTED_EDGE('',*,*,#2154,.T.);
#2183=ORIENTED_EDGE('',*,*,#2182,.T.);
#2185=ORIENTED_EDGE('',*,*,#2184,.F.);
#2187=ORIENTED_EDGE('',*,*,#2186,.T.);
#2188=ORIENTED_EDGE('',*,*,#2108,.T.);
#2189=ORIENTED_EDGE('',*,*,#2129,.T.);
#2190=EDGE_LOOP('',(#2181,#2183,#2185,#2187,#2188,#2189));
#2191=FACE_OUTER_BOUND('',#2190,.F.);
#2193=FILL_AREA_STYLE_COLOUR('',#19);
#2194=FILL_AREA_STYLE('',(#2193));
#2195=SURFACE_STYLE_FILL_AREA(#2194);
#2196=SURFACE_SIDE_STYLE('',(#2195));
#2197=SURFACE_STYLE_USAGE(.POSITIVE.,#2196);
#2198=FILL_AREA_STYLE_COLOUR('',#17);
#2199=FILL_AREA_STYLE('',(#2198));
#2200=SURFACE_STYLE_FILL_AREA(#2199);
#2201=SURFACE_SIDE_STYLE('',(#2200));
#2202=SURFACE_STYLE_USAGE(.NEGATIVE.,#2201);
#2203=PRESENTATION_STYLE_ASSIGNMENT((#2197,#2202));
#2204=OVER_RIDING_STYLED_ITEM('',(#2203),#2192,#20);
#2205=CARTESIAN_POINT('',(0.E0,0.E0,0.E0));
#2206=DIRECTION('',(1.E0,0.E0,0.E0));
#2207=DIRECTION('',(0.E0,0.E0,1.E0));
#2208=AXIS2_PLACEMENT_3D('',#2205,#2206,#2207);
#2209=PLANE('',#2208);
#2210=ORIENTED_EDGE('',*,*,#2159,.T.);
#2212=ORIENTED_EDGE('',*,*,#2211,.F.);
#2214=ORIENTED_EDGE('',*,*,#2213,.T.);
#2215=ORIENTED_EDGE('',*,*,#2182,.F.);
#2216=EDGE_LOOP('',(#2210,#2212,#2214,#2215));
#2217=FACE_OUTER_BOUND('',#2216,.F.);
#2219=FILL_AREA_STYLE_COLOUR('',#19);
#2220=FILL_AREA_STYLE('',(#2219));
#2221=SURFACE_STYLE_FILL_AREA(#2220);
#2222=SURFACE_SIDE_STYLE('',(#2221));
#2223=SURFACE_STYLE_USAGE(.POSITIVE.,#2222);
#2224=FILL_AREA_STYLE_COLOUR('',#17);
#2225=FILL_AREA_STYLE('',(#2224));
#2226=SURFACE_STYLE_FILL_AREA(#2225);
#2227=SURFACE_SIDE_STYLE('',(#2226));
#2228=SURFACE_STYLE_USAGE(.NEGATIVE.,#2227);
#2229=PRESENTATION_STYLE_ASSIGNMENT((#2223,#2228));
#2230=OVER_RIDING_STYLED_ITEM('',(#2229),#2218,#20);
#2231=CARTESIAN_POINT('',(3.E-1,-6.E-1,-3.5E0));
#2232=DIRECTION('',(0.E0,1.E0,0.E0));
#2233=DIRECTION('',(0.E0,0.E0,-1.E0));
#2234=AXIS2_PLACEMENT_3D('',#2231,#2232,#2233);
#2235=PLANE('',#2234);
#2236=ORIENTED_EDGE('',*,*,#2157,.F.);
#2237=ORIENTED_EDGE('',*,*,#2132,.T.);
#2238=ORIENTED_EDGE('',*,*,#2117,.F.);
#2240=ORIENTED_EDGE('',*,*,#2239,.T.);
#2242=ORIENTED_EDGE('',*,*,#2241,.T.);
#2243=ORIENTED_EDGE('',*,*,#2211,.T.);
#2244=EDGE_LOOP('',(#2236,#2237,#2238,#2240,#2242,#2243));
#2245=FACE_OUTER_BOUND('',#2244,.F.);
#2247=FILL_AREA_STYLE_COLOUR('',#19);
#2248=FILL_AREA_STYLE('',(#2247));
#2249=SURFACE_STYLE_FILL_AREA(#2248);
#2250=SURFACE_SIDE_STYLE('',(#2249));
#2251=SURFACE_STYLE_USAGE(.POSITIVE.,#2250);
#2252=FILL_AREA_STYLE_COLOUR('',#17);
#2253=FILL_AREA_STYLE('',(#2252));
#2254=SURFACE_STYLE_FILL_AREA(#2253);
#2255=SURFACE_SIDE_STYLE('',(#2254));
#2256=SURFACE_STYLE_USAGE(.NEGATIVE.,#2255);
#2257=PRESENTATION_STYLE_ASSIGNMENT((#2251,#2256));
#2258=OVER_RIDING_STYLED_ITEM('',(#2257),#2246,#20);
#2259=CARTESIAN_POINT('',(3.E-1,0.E0,0.E0));
#2260=DIRECTION('',(1.E0,0.E0,0.E0));
#2261=DIRECTION('',(0.E0,0.E0,1.E0));
#2262=AXIS2_PLACEMENT_3D('',#2259,#2260,#2261);
#2263=PLANE('',#2262);
#2264=ORIENTED_EDGE('',*,*,#1877,.F.);
#2265=ORIENTED_EDGE('',*,*,#2186,.F.);
#2267=ORIENTED_EDGE('',*,*,#2266,.F.);
#2268=ORIENTED_EDGE('',*,*,#2239,.F.);
#2269=EDGE_LOOP('',(#2264,#2265,#2267,#2268));
#2270=FACE_OUTER_BOUND('',#2269,.F.);
#2272=FILL_AREA_STYLE_COLOUR('',#18);
#2273=FILL_AREA_STYLE('',(#2272));
#2274=SURFACE_STYLE_FILL_AREA(#2273);
#2275=SURFACE_SIDE_STYLE('',(#2274));
#2276=SURFACE_STYLE_USAGE(.POSITIVE.,#2275);
#2277=FILL_AREA_STYLE_COLOUR('',#17);
#2278=FILL_AREA_STYLE('',(#2277));
#2279=SURFACE_STYLE_FILL_AREA(#2278);
#2280=SURFACE_SIDE_STYLE('',(#2279));
#2281=SURFACE_STYLE_USAGE(.NEGATIVE.,#2280);
#2282=PRESENTATION_STYLE_ASSIGNMENT((#2276,#2281));
#2283=OVER_RIDING_STYLED_ITEM('',(#2282),#2271,#20);
#2284=CARTESIAN_POINT('',(3.E-1,-6.E-1,-9.E0));
#2285=DIRECTION('',(0.E0,0.E0,1.E0));
#2286=DIRECTION('',(0.E0,1.E0,0.E0));
#2287=AXIS2_PLACEMENT_3D('',#2284,#2285,#2286);
#2288=PLANE('',#2287);
#2289=ORIENTED_EDGE('',*,*,#2266,.T.);
#2290=ORIENTED_EDGE('',*,*,#2184,.T.);
#2291=ORIENTED_EDGE('',*,*,#2213,.F.);
#2292=ORIENTED_EDGE('',*,*,#2241,.F.);
#2293=EDGE_LOOP('',(#2289,#2290,#2291,#2292));
#2294=FACE_OUTER_BOUND('',#2293,.F.);
#2296=FILL_AREA_STYLE_COLOUR('',#19);
#2297=FILL_AREA_STYLE('',(#2296));
#2298=SURFACE_STYLE_FILL_AREA(#2297);
#2299=SURFACE_SIDE_STYLE('',(#2298));
#2300=SURFACE_STYLE_USAGE(.POSITIVE.,#2299);
#2301=FILL_AREA_STYLE_COLOUR('',#17);
#2302=FILL_AREA_STYLE('',(#2301));
#2303=SURFACE_STYLE_FILL_AREA(#2302);
#2304=SURFACE_SIDE_STYLE('',(#2303));
#2305=SURFACE_STYLE_USAGE(.NEGATIVE.,#2304);
#2306=PRESENTATION_STYLE_ASSIGNMENT((#2300,#2305));
#2307=OVER_RIDING_STYLED_ITEM('',(#2306),#2295,#20);
#2308=CARTESIAN_POINT('',(0.E0,-8.5E0,7.61363725E0));
#2309=DIRECTION('',(0.E0,-7.071067811865E-1,7.071067811865E-1));
#2310=DIRECTION('',(0.E0,7.071067811865E-1,7.071067811865E-1));
#2311=AXIS2_PLACEMENT_3D('',#2308,#2309,#2310);
#2312=PLANE('',#2311);
#2313=ORIENTED_EDGE('',*,*,#1689,.F.);
#2314=ORIENTED_EDGE('',*,*,#1985,.F.);
#2315=ORIENTED_EDGE('',*,*,#1507,.T.);
#2317=ORIENTED_EDGE('',*,*,#2316,.T.);
#2318=EDGE_LOOP('',(#2313,#2314,#2315,#2317));
#2319=FACE_OUTER_BOUND('',#2318,.F.);
#2321=CARTESIAN_POINT('',(0.E0,8.5E0,8.5E0));
#2322=DIRECTION('',(0.E0,0.E0,1.E0));
#2323=DIRECTION('',(0.E0,-1.E0,0.E0));
#2324=AXIS2_PLACEMENT_3D('',#2321,#2322,#2323);
#2325=PLANE('',#2324);
#2326=ORIENTED_EDGE('',*,*,#1675,.T.);
#2327=ORIENTED_EDGE('',*,*,#1911,.T.);
#2328=ORIENTED_EDGE('',*,*,#1767,.T.);
#2329=ORIENTED_EDGE('',*,*,#1815,.F.);
#2330=ORIENTED_EDGE('',*,*,#1691,.T.);
#2331=ORIENTED_EDGE('',*,*,#2316,.F.);
#2332=ORIENTED_EDGE('',*,*,#1505,.F.);
#2334=ORIENTED_EDGE('',*,*,#2333,.T.);
#2336=ORIENTED_EDGE('',*,*,#2335,.T.);
#2338=ORIENTED_EDGE('',*,*,#2337,.F.);
#2340=ORIENTED_EDGE('',*,*,#2339,.T.);
#2341=ORIENTED_EDGE('',*,*,#1589,.F.);
#2342=ORIENTED_EDGE('',*,*,#1489,.F.);
#2344=ORIENTED_EDGE('',*,*,#2343,.T.);
#2345=EDGE_LOOP('',(#2326,#2327,#2328,#2329,#2330,#2331,#2332,#2334,#2336,#2338,
#2340,#2341,#2342,#2344));
#2346=FACE_OUTER_BOUND('',#2345,.F.);
#2348=CARTESIAN_POINT('',(0.E0,-8.E-1,3.94E0));
#2349=DIRECTION('',(0.E0,-1.E0,0.E0));
#2350=DIRECTION('',(0.E0,0.E0,1.E0));
#2351=AXIS2_PLACEMENT_3D('',#2348,#2349,#2350);
#2352=PLANE('',#2351);
#2353=ORIENTED_EDGE('',*,*,#1613,.F.);
#2355=ORIENTED_EDGE('',*,*,#2354,.T.);
#2357=ORIENTED_EDGE('',*,*,#2356,.T.);
#2358=ORIENTED_EDGE('',*,*,#2333,.F.);
#2359=ORIENTED_EDGE('',*,*,#1503,.T.);
#2360=ORIENTED_EDGE('',*,*,#1575,.T.);
#2361=EDGE_LOOP('',(#2353,#2355,#2357,#2358,#2359,#2360));
#2362=FACE_OUTER_BOUND('',#2361,.F.);
#2364=CARTESIAN_POINT('',(0.E0,-1.E-2,3.94E0));
#2365=DIRECTION('',(-1.E0,0.E0,0.E0));
#2366=DIRECTION('',(0.E0,1.E0,0.E0));
#2367=AXIS2_PLACEMENT_3D('',#2364,#2365,#2366);
#2368=CYLINDRICAL_SURFACE('',#2367,7.9E-1);
#2369=ORIENTED_EDGE('',*,*,#1611,.F.);
#2371=ORIENTED_EDGE('',*,*,#2370,.T.);
#2373=ORIENTED_EDGE('',*,*,#2372,.T.);
#2374=ORIENTED_EDGE('',*,*,#2354,.F.);
#2375=EDGE_LOOP('',(#2369,#2371,#2373,#2374));
#2376=FACE_OUTER_BOUND('',#2375,.F.);
#2378=CARTESIAN_POINT('',(0.E0,1.E-2,3.15E0));
#2379=DIRECTION('',(0.E0,0.E0,-1.E0));
#2380=DIRECTION('',(0.E0,-1.E0,0.E0));
#2381=AXIS2_PLACEMENT_3D('',#2378,#2379,#2380);
#2382=PLANE('',#2381);
#2383=ORIENTED_EDGE('',*,*,#1609,.F.);
#2385=ORIENTED_EDGE('',*,*,#2384,.T.);
#2387=ORIENTED_EDGE('',*,*,#2386,.T.);
#2388=ORIENTED_EDGE('',*,*,#2370,.F.);
#2389=EDGE_LOOP('',(#2383,#2385,#2387,#2388));
#2390=FACE_OUTER_BOUND('',#2389,.F.);
#2392=CARTESIAN_POINT('',(0.E0,1.E-2,3.94E0));
#2393=DIRECTION('',(-1.E0,0.E0,0.E0));
#2394=DIRECTION('',(0.E0,1.E0,0.E0));
#2395=AXIS2_PLACEMENT_3D('',#2392,#2393,#2394);
#2396=CYLINDRICAL_SURFACE('',#2395,7.9E-1);
#2397=ORIENTED_EDGE('',*,*,#1607,.F.);
#2398=ORIENTED_EDGE('',*,*,#1593,.T.);
#2400=ORIENTED_EDGE('',*,*,#2399,.T.);
#2401=ORIENTED_EDGE('',*,*,#2384,.F.);
#2402=EDGE_LOOP('',(#2397,#2398,#2400,#2401));
#2403=FACE_OUTER_BOUND('',#2402,.F.);
#2405=CARTESIAN_POINT('',(3.E-1,0.E0,0.E0));
#2406=DIRECTION('',(-1.E0,0.E0,0.E0));
#2407=DIRECTION('',(0.E0,1.E0,0.E0));
#2408=AXIS2_PLACEMENT_3D('',#2405,#2406,#2407);
#2409=PLANE('',#2408);
#2411=ORIENTED_EDGE('',*,*,#2410,.T.);
#2413=ORIENTED_EDGE('',*,*,#2412,.T.);
#2415=ORIENTED_EDGE('',*,*,#2414,.F.);
#2416=ORIENTED_EDGE('',*,*,#2335,.F.);
#2417=ORIENTED_EDGE('',*,*,#2356,.F.);
#2418=ORIENTED_EDGE('',*,*,#2372,.F.);
#2419=ORIENTED_EDGE('',*,*,#2386,.F.);
#2420=ORIENTED_EDGE('',*,*,#2399,.F.);
#2421=ORIENTED_EDGE('',*,*,#1591,.F.);
#2422=ORIENTED_EDGE('',*,*,#2339,.F.);
#2423=EDGE_LOOP('',(#2411,#2413,#2415,#2416,#2417,#2418,#2419,#2420,#2421,
#2422));
#2424=FACE_OUTER_BOUND('',#2423,.F.);
#2426=CARTESIAN_POINT('',(3.E-1,6.E-1,8.5E0));
#2427=DIRECTION('',(0.E0,1.E0,0.E0));
#2428=DIRECTION('',(0.E0,0.E0,-1.E0));
#2429=AXIS2_PLACEMENT_3D('',#2426,#2427,#2428);
#2430=PLANE('',#2429);
#2432=ORIENTED_EDGE('',*,*,#2431,.F.);
#2434=ORIENTED_EDGE('',*,*,#2433,.T.);
#2435=ORIENTED_EDGE('',*,*,#2410,.F.);
#2437=ORIENTED_EDGE('',*,*,#2436,.F.);
#2439=ORIENTED_EDGE('',*,*,#2438,.T.);
#2441=ORIENTED_EDGE('',*,*,#2440,.T.);
#2442=EDGE_LOOP('',(#2432,#2434,#2435,#2437,#2439,#2441));
#2443=FACE_OUTER_BOUND('',#2442,.F.);
#2445=FILL_AREA_STYLE_COLOUR('',#19);
#2446=FILL_AREA_STYLE('',(#2445));
#2447=SURFACE_STYLE_FILL_AREA(#2446);
#2448=SURFACE_SIDE_STYLE('',(#2447));
#2449=SURFACE_STYLE_USAGE(.POSITIVE.,#2448);
#2450=FILL_AREA_STYLE_COLOUR('',#17);
#2451=FILL_AREA_STYLE('',(#2450));
#2452=SURFACE_STYLE_FILL_AREA(#2451);
#2453=SURFACE_SIDE_STYLE('',(#2452));
#2454=SURFACE_STYLE_USAGE(.NEGATIVE.,#2453);
#2455=PRESENTATION_STYLE_ASSIGNMENT((#2449,#2454));
#2456=OVER_RIDING_STYLED_ITEM('',(#2455),#2444,#20);
#2457=CARTESIAN_POINT('',(0.E0,6.E-1,8.5E0));
#2458=DIRECTION('',(9.995503035224E-1,0.E0,2.998650910567E-2));
#2459=DIRECTION('',(2.998650910567E-2,0.E0,-9.995503035224E-1));
#2460=AXIS2_PLACEMENT_3D('',#2457,#2458,#2459);
#2461=PLANE('',#2460);
#2462=ORIENTED_EDGE('',*,*,#2431,.T.);
#2464=ORIENTED_EDGE('',*,*,#2463,.T.);
#2466=ORIENTED_EDGE('',*,*,#2465,.F.);
#2468=ORIENTED_EDGE('',*,*,#2467,.F.);
#2469=EDGE_LOOP('',(#2462,#2464,#2466,#2468));
#2470=FACE_OUTER_BOUND('',#2469,.F.);
#2472=FILL_AREA_STYLE_COLOUR('',#19);
#2473=FILL_AREA_STYLE('',(#2472));
#2474=SURFACE_STYLE_FILL_AREA(#2473);
#2475=SURFACE_SIDE_STYLE('',(#2474));
#2476=SURFACE_STYLE_USAGE(.POSITIVE.,#2475);
#2477=FILL_AREA_STYLE_COLOUR('',#17);
#2478=FILL_AREA_STYLE('',(#2477));
#2479=SURFACE_STYLE_FILL_AREA(#2478);
#2480=SURFACE_SIDE_STYLE('',(#2479));
#2481=SURFACE_STYLE_USAGE(.NEGATIVE.,#2480);
#2482=PRESENTATION_STYLE_ASSIGNMENT((#2476,#2481));
#2483=OVER_RIDING_STYLED_ITEM('',(#2482),#2471,#20);
#2484=CARTESIAN_POINT('',(0.E0,0.E0,0.E0));
#2485=DIRECTION('',(-1.E0,0.E0,0.E0));
#2486=DIRECTION('',(0.E0,0.E0,-1.E0));
#2487=AXIS2_PLACEMENT_3D('',#2484,#2485,#2486);
#2488=PLANE('',#2487);
#2489=ORIENTED_EDGE('',*,*,#2463,.F.);
#2490=ORIENTED_EDGE('',*,*,#2440,.F.);
#2492=ORIENTED_EDGE('',*,*,#2491,.F.);
#2494=ORIENTED_EDGE('',*,*,#2493,.F.);
#2495=EDGE_LOOP('',(#2489,#2490,#2492,#2494));
#2496=FACE_OUTER_BOUND('',#2495,.F.);
#2498=FILL_AREA_STYLE_COLOUR('',#19);
#2499=FILL_AREA_STYLE('',(#2498));
#2500=SURFACE_STYLE_FILL_AREA(#2499);
#2501=SURFACE_SIDE_STYLE('',(#2500));
#2502=SURFACE_STYLE_USAGE(.POSITIVE.,#2501);
#2503=FILL_AREA_STYLE_COLOUR('',#17);
#2504=FILL_AREA_STYLE('',(#2503));
#2505=SURFACE_STYLE_FILL_AREA(#2504);
#2506=SURFACE_SIDE_STYLE('',(#2505));
#2507=SURFACE_STYLE_USAGE(.NEGATIVE.,#2506);
#2508=PRESENTATION_STYLE_ASSIGNMENT((#2502,#2507));
#2509=OVER_RIDING_STYLED_ITEM('',(#2508),#2497,#20);
#2510=CARTESIAN_POINT('',(3.E-1,-6.E-1,9.E0));
#2511=DIRECTION('',(0.E0,0.E0,1.E0));
#2512=DIRECTION('',(0.E0,1.E0,0.E0));
#2513=AXIS2_PLACEMENT_3D('',#2510,#2511,#2512);
#2514=PLANE('',#2513);
#2516=ORIENTED_EDGE('',*,*,#2515,.F.);
#2518=ORIENTED_EDGE('',*,*,#2517,.T.);
#2519=ORIENTED_EDGE('',*,*,#2491,.T.);
#2520=ORIENTED_EDGE('',*,*,#2438,.F.);
#2521=EDGE_LOOP('',(#2516,#2518,#2519,#2520));
#2522=FACE_OUTER_BOUND('',#2521,.F.);
#2524=FILL_AREA_STYLE_COLOUR('',#19);
#2525=FILL_AREA_STYLE('',(#2524));
#2526=SURFACE_STYLE_FILL_AREA(#2525);
#2527=SURFACE_SIDE_STYLE('',(#2526));
#2528=SURFACE_STYLE_USAGE(.POSITIVE.,#2527);
#2529=FILL_AREA_STYLE_COLOUR('',#17);
#2530=FILL_AREA_STYLE('',(#2529));
#2531=SURFACE_STYLE_FILL_AREA(#2530);
#2532=SURFACE_SIDE_STYLE('',(#2531));
#2533=SURFACE_STYLE_USAGE(.NEGATIVE.,#2532);
#2534=PRESENTATION_STYLE_ASSIGNMENT((#2528,#2533));
#2535=OVER_RIDING_STYLED_ITEM('',(#2534),#2523,#20);
#2536=CARTESIAN_POINT('',(3.E-1,0.E0,0.E0));
#2537=DIRECTION('',(-1.E0,0.E0,0.E0));
#2538=DIRECTION('',(0.E0,0.E0,-1.E0));
#2539=AXIS2_PLACEMENT_3D('',#2536,#2537,#2538);
#2540=PLANE('',#2539);
#2541=ORIENTED_EDGE('',*,*,#2337,.T.);
#2543=ORIENTED_EDGE('',*,*,#2542,.T.);
#2544=ORIENTED_EDGE('',*,*,#2515,.T.);
#2545=ORIENTED_EDGE('',*,*,#2436,.T.);
#2546=EDGE_LOOP('',(#2541,#2543,#2544,#2545));
#2547=FACE_OUTER_BOUND('',#2546,.F.);
#2549=FILL_AREA_STYLE_COLOUR('',#19);
#2550=FILL_AREA_STYLE('',(#2549));
#2551=SURFACE_STYLE_FILL_AREA(#2550);
#2552=SURFACE_SIDE_STYLE('',(#2551));
#2553=SURFACE_STYLE_USAGE(.POSITIVE.,#2552);
#2554=FILL_AREA_STYLE_COLOUR('',#17);
#2555=FILL_AREA_STYLE('',(#2554));
#2556=SURFACE_STYLE_FILL_AREA(#2555);
#2557=SURFACE_SIDE_STYLE('',(#2556));
#2558=SURFACE_STYLE_USAGE(.NEGATIVE.,#2557);
#2559=PRESENTATION_STYLE_ASSIGNMENT((#2553,#2558));
#2560=OVER_RIDING_STYLED_ITEM('',(#2559),#2548,#20);
#2561=CARTESIAN_POINT('',(3.E-1,-6.E-1,3.5E0));
#2562=DIRECTION('',(0.E0,-1.E0,0.E0));
#2563=DIRECTION('',(0.E0,0.E0,1.E0));
#2564=AXIS2_PLACEMENT_3D('',#2561,#2562,#2563);
#2565=PLANE('',#2564);
#2566=ORIENTED_EDGE('',*,*,#2465,.T.);
#2567=ORIENTED_EDGE('',*,*,#2493,.T.);
#2568=ORIENTED_EDGE('',*,*,#2517,.F.);
#2569=ORIENTED_EDGE('',*,*,#2542,.F.);
#2570=ORIENTED_EDGE('',*,*,#2414,.T.);
#2572=ORIENTED_EDGE('',*,*,#2571,.T.);
#2573=EDGE_LOOP('',(#2566,#2567,#2568,#2569,#2570,#2572));
#2574=FACE_OUTER_BOUND('',#2573,.F.);
#2576=FILL_AREA_STYLE_COLOUR('',#19);
#2577=FILL_AREA_STYLE('',(#2576));
#2578=SURFACE_STYLE_FILL_AREA(#2577);
#2579=SURFACE_SIDE_STYLE('',(#2578));
#2580=SURFACE_STYLE_USAGE(.POSITIVE.,#2579);
#2581=FILL_AREA_STYLE_COLOUR('',#17);
#2582=FILL_AREA_STYLE('',(#2581));
#2583=SURFACE_STYLE_FILL_AREA(#2582);
#2584=SURFACE_SIDE_STYLE('',(#2583));
#2585=SURFACE_STYLE_USAGE(.NEGATIVE.,#2584);
#2586=PRESENTATION_STYLE_ASSIGNMENT((#2580,#2585));
#2587=OVER_RIDING_STYLED_ITEM('',(#2586),#2575,#20);
#2588=CARTESIAN_POINT('',(8.29296E0,0.E0,4.1E0));
#2589=DIRECTION('',(-1.E0,0.E0,0.E0));
#2590=DIRECTION('',(0.E0,0.E0,-1.E0));
#2591=AXIS2_PLACEMENT_3D('',#2588,#2589,#2590);
#2592=CYLINDRICAL_SURFACE('',#2591,6.E-1);
#2593=ORIENTED_EDGE('',*,*,#2467,.T.);
#2594=ORIENTED_EDGE('',*,*,#2571,.F.);
#2595=ORIENTED_EDGE('',*,*,#2412,.F.);
#2596=ORIENTED_EDGE('',*,*,#2433,.F.);
#2597=EDGE_LOOP('',(#2593,#2594,#2595,#2596));
#2598=FACE_OUTER_BOUND('',#2597,.F.);
#2600=FILL_AREA_STYLE_COLOUR('',#19);
#2601=FILL_AREA_STYLE('',(#2600));
#2602=SURFACE_STYLE_FILL_AREA(#2601);
#2603=SURFACE_SIDE_STYLE('',(#2602));
#2604=SURFACE_STYLE_USAGE(.POSITIVE.,#2603);
#2605=FILL_AREA_STYLE_COLOUR('',#17);
#2606=FILL_AREA_STYLE('',(#2605));
#2607=SURFACE_STYLE_FILL_AREA(#2606);
#2608=SURFACE_SIDE_STYLE('',(#2607));
#2609=SURFACE_STYLE_USAGE(.NEGATIVE.,#2608);
#2610=PRESENTATION_STYLE_ASSIGNMENT((#2604,#2609));
#2611=OVER_RIDING_STYLED_ITEM('',(#2610),#2599,#20);
#2612=CARTESIAN_POINT('',(0.E0,8.5E0,7.61363725E0));
#2613=DIRECTION('',(0.E0,-7.071067811865E-1,-7.071067811865E-1));
#2614=DIRECTION('',(0.E0,-7.071067811865E-1,7.071067811865E-1));
#2615=AXIS2_PLACEMENT_3D('',#2612,#2613,#2614);
#2616=PLANE('',#2615);
#2617=ORIENTED_EDGE('',*,*,#1677,.T.);
#2618=ORIENTED_EDGE('',*,*,#2343,.F.);
#2619=ORIENTED_EDGE('',*,*,#1487,.F.);
#2620=ORIENTED_EDGE('',*,*,#1642,.T.);
#2621=EDGE_LOOP('',(#2617,#2618,#2619,#2620));
#2622=FACE_OUTER_BOUND('',#2621,.F.);
#2624=CARTESIAN_POINT('',(0.E0,8.152778125E0,-8.152778125E0));
#2625=DIRECTION('',(1.E0,0.E0,0.E0));
#2626=DIRECTION('',(0.E0,0.E0,1.E0));
#2627=AXIS2_PLACEMENT_3D('',#2624,#2625,#2626);
#2628=CYLINDRICAL_SURFACE('',#2627,3.47221875E-1);
#2629=ORIENTED_EDGE('',*,*,#1525,.F.);
#2630=ORIENTED_EDGE('',*,*,#1870,.T.);
#2631=ORIENTED_EDGE('',*,*,#1853,.T.);
#2632=ORIENTED_EDGE('',*,*,#1650,.F.);
#2633=EDGE_LOOP('',(#2629,#2630,#2631,#2632));
#2634=FACE_OUTER_BOUND('',#2633,.F.);
#2636=CLOSED_SHELL('',(#1495,#1513,#1531,#1549,#1564,#1579,#1597,#1634,#1662,
#1681,#1701,#1716,#1730,#1744,#1758,#1793,#1808,#1821,#1840,#1859,#1889,#1902,
#1915,#1928,#1941,#1953,#1966,#1989,#2001,#2014,#2027,#2043,#2057,#2071,#2085,
#2100,#2121,#2136,#2163,#2192,#2218,#2246,#2271,#2295,#2320,#2347,#2363,#2377,
#2391,#2404,#2425,#2444,#2471,#2497,#2523,#2548,#2575,#2599,#2623,#2635));
#2637=MANIFOLD_SOLID_BREP('',#2636);
#2638=FILL_AREA_STYLE_COLOUR('',#17);
#2639=FILL_AREA_STYLE('',(#2638));
#2640=SURFACE_STYLE_FILL_AREA(#2639);
#2641=SURFACE_SIDE_STYLE('',(#2640));
#2642=SURFACE_STYLE_USAGE(.BOTH.,#2641);
#2643=PRESENTATION_STYLE_ASSIGNMENT((#2642));
#20=STYLED_ITEM('',(#2643),#2637);
#2646=PLANE_ANGLE_MEASURE_WITH_UNIT(PLANE_ANGLE_MEASURE(1.745329251994E-2),
#2645);
#2647=(CONVERSION_BASED_UNIT('DEGREE',#2646)NAMED_UNIT(*)PLANE_ANGLE_UNIT());
#2649=UNCERTAINTY_MEASURE_WITH_UNIT(LENGTH_MEASURE(2.644473578463E-3),#2644,
'distance_accuracy_value',
'Maximum model space distance between geometric entities at asserted connectivities');
#2651=CARTESIAN_POINT('',(0.E0,0.E0,0.E0));
#2652=DIRECTION('',(0.E0,0.E0,1.E0));
#2653=DIRECTION('',(1.E0,0.E0,0.E0));
#2656=APPLICATION_CONTEXT('automotive_design');
#2657=APPLICATION_PROTOCOL_DEFINITION('international standard',
'automotive_design',2001,#2656);
#2658=PRODUCT_DEFINITION_CONTEXT('part definition',#2656,'design');
#2659=PRODUCT_CONTEXT('',#2656,'mechanical');
#2660=PRODUCT('_1600-1720-000','_1600-1720-000','NOT SPECIFIED',(#2659));
#2661=PRODUCT_DEFINITION_FORMATION('59','LAST_VERSION',#2660);
#2669=DERIVED_UNIT_ELEMENT(#2668,2.E0);
#2670=DERIVED_UNIT((#2669));
#2671=MEASURE_REPRESENTATION_ITEM('surface area measure',AREA_MEASURE(
8.219013860690E2),#2670);
#2676=DERIVED_UNIT_ELEMENT(#2675,3.E0);
#2677=DERIVED_UNIT((#2676));
#2678=MEASURE_REPRESENTATION_ITEM('volume measure',VOLUME_MEASURE(
4.223384244467E2),#2677);
#2682=CARTESIAN_POINT('centre point',(1.047687807366E0,-2.678128394222E-8,
-9.954411319546E-1));
#2687=DERIVED_UNIT_ELEMENT(#2686,2.E0);
#2688=DERIVED_UNIT((#2687));
#2689=MEASURE_REPRESENTATION_ITEM('surface area measure',AREA_MEASURE(
8.219013860690E2),#2688);
#2694=DERIVED_UNIT_ELEMENT(#2693,3.E0);
#2695=DERIVED_UNIT((#2694));
#2696=MEASURE_REPRESENTATION_ITEM('volume measure',VOLUME_MEASURE(
4.223384244467E2),#2695);
#2700=CARTESIAN_POINT('centre point',(1.047687807366E0,-2.678128394222E-8,
-9.954411319546E-1));
#2710=CARTESIAN_POINT('centre point',(1.047687807366E0,8.499999973219E0,
-9.995441131955E0));
#2714=CARTESIAN_POINT('',(0.E0,8.5E0,-9.E0));
#2715=DIRECTION('',(0.E0,0.E0,1.E0));
#2716=DIRECTION('',(1.E0,0.E0,0.E0));
#2717=AXIS2_PLACEMENT_3D('',#2714,#2715,#2716);
#2718=ITEM_DEFINED_TRANSFORMATION('','',#2654,#2717);
#2719=(REPRESENTATION_RELATIONSHIP('','',#2655,#2707)REPRESENTATION_RELATIONSHIP_WITH_TRANSFORMATION(#2718)SHAPE_REPRESENTATION_RELATIONSHIP());
#2720=CONTEXT_DEPENDENT_SHAPE_REPRESENTATION(#2719,#2709);
#2723=CARTESIAN_POINT('',(0.E0,0.E0,0.E0));
#2724=DIRECTION('',(0.E0,1.E0,0.E0));
#2725=DIRECTION('',(1.E0,0.E0,0.E0));
#2726=AXIS2_PLACEMENT_3D('',#2723,#2724,#2725);
#2728=CURVE_STYLE('',#25,POSITIVE_LENGTH_MEASURE(2.E-2),#15);
#2729=PRESENTATION_STYLE_ASSIGNMENT((#2728));
#2730=STYLED_ITEM('',(#2729),#2727);
#2731=CARTESIAN_POINT('',(0.E0,0.E0,0.E0));
#2732=DIRECTION('',(0.E0,1.E0,0.E0));
#2733=DIRECTION('',(-1.E0,0.E0,0.E0));
#2734=AXIS2_PLACEMENT_3D('',#2731,#2732,#2733);
#2736=CURVE_STYLE('',#25,POSITIVE_LENGTH_MEASURE(2.E-2),#15);
#2737=PRESENTATION_STYLE_ASSIGNMENT((#2736));
#2738=STYLED_ITEM('',(#2737),#2735);
#2739=CARTESIAN_POINT('',(0.E0,4.723368793961E0,0.E0));
#2740=DIRECTION('',(0.E0,1.E0,0.E0));
#2741=DIRECTION('',(1.E0,0.E0,0.E0));
#2742=AXIS2_PLACEMENT_3D('',#2739,#2740,#2741);
#2744=CURVE_STYLE('',#25,POSITIVE_LENGTH_MEASURE(2.E-2),#15);
#2745=PRESENTATION_STYLE_ASSIGNMENT((#2744));
#2746=STYLED_ITEM('',(#2745),#2743);
#2747=DIRECTION('',(0.E0,1.E0,3.390162965151E-13));
#2748=VECTOR('',#2747,1.135541920604E1);
#2749=CARTESIAN_POINT('',(7.95E0,4.723368793961E0,-3.831943413613E-12));
#2750=LINE('',#2749,#2748);
#2751=CURVE_STYLE('',#25,POSITIVE_LENGTH_MEASURE(2.E-2),#15);
#2752=PRESENTATION_STYLE_ASSIGNMENT((#2751));
#2753=STYLED_ITEM('',(#2752),#2750);
#2754=CARTESIAN_POINT('',(0.E0,1.6078788E1,0.E0));
#2755=DIRECTION('',(0.E0,-1.E0,0.E0));
#2756=DIRECTION('',(-1.E0,0.E0,0.E0));
#2757=AXIS2_PLACEMENT_3D('',#2754,#2755,#2756);
#2759=CURVE_STYLE('',#25,POSITIVE_LENGTH_MEASURE(2.E-2),#15);
#2760=PRESENTATION_STYLE_ASSIGNMENT((#2759));
#2761=STYLED_ITEM('',(#2760),#2758);
#2762=CARTESIAN_POINT('',(0.E0,1.276631206039E0,0.E0));
#2763=DIRECTION('',(0.E0,-1.E0,0.E0));
#2764=DIRECTION('',(-1.E0,0.E0,0.E0));
#2765=AXIS2_PLACEMENT_3D('',#2762,#2763,#2764);
#2767=CURVE_STYLE('',#25,POSITIVE_LENGTH_MEASURE(2.E-2),#15);
#2768=PRESENTATION_STYLE_ASSIGNMENT((#2767));
#2769=STYLED_ITEM('',(#2768),#2766);
#2770=DIRECTION('',(0.E0,1.E0,-2.511359011919E-12));
#2771=VECTOR('',#2770,1.276631206039E0);
#2772=CARTESIAN_POINT('',(7.95E0,0.E0,0.E0));
#2773=LINE('',#2772,#2771);
#2774=CURVE_STYLE('',#25,POSITIVE_LENGTH_MEASURE(2.E-2),#15);
#2775=PRESENTATION_STYLE_ASSIGNMENT((#2774));
#2776=STYLED_ITEM('',(#2775),#2773);
#2777=CARTESIAN_POINT('',(6.75E0,4.723368793961E0,2.856555270103E-12));
#2778=DIRECTION('',(4.231944655819E-13,0.E0,-1.E0));
#2779=DIRECTION('',(1.E0,0.E0,4.231944655819E-13));
#2780=AXIS2_PLACEMENT_3D('',#2777,#2778,#2779);
#2782=CURVE_STYLE('',#25,POSITIVE_LENGTH_MEASURE(2.E-2),#15);
#2783=PRESENTATION_STYLE_ASSIGNMENT((#2782));
#2784=STYLED_ITEM('',(#2783),#2781);
#2785=CARTESIAN_POINT('',(-6.75E0,4.723368793961E0,-2.856374858862E-12));
#2786=DIRECTION('',(-4.231667100063E-13,0.E0,1.E0));
#2787=DIRECTION('',(-1.E0,0.E0,-4.231667100063E-13));
#2788=AXIS2_PLACEMENT_3D('',#2785,#2786,#2787);
#2790=CURVE_STYLE('',#25,POSITIVE_LENGTH_MEASURE(2.E-2),#15);
#2791=PRESENTATION_STYLE_ASSIGNMENT((#2790));
#2792=STYLED_ITEM('',(#2791),#2789);
#2793=CARTESIAN_POINT('',(0.E0,4.723368793961E0,0.E0));
#2794=DIRECTION('',(0.E0,1.E0,0.E0));
#2795=DIRECTION('',(-1.E0,0.E0,0.E0));
#2796=AXIS2_PLACEMENT_3D('',#2793,#2794,#2795);
#2798=CURVE_STYLE('',#25,POSITIVE_LENGTH_MEASURE(2.E-2),#15);
#2799=PRESENTATION_STYLE_ASSIGNMENT((#2798));
#2800=STYLED_ITEM('',(#2799),#2797);
#2801=DIRECTION('',(0.E0,1.E0,-3.389871316071E-13));
#2802=VECTOR('',#2801,1.135541920604E1);
#2803=CARTESIAN_POINT('',(-7.95E0,4.723368793961E0,3.832903405387E-12));
#2804=LINE('',#2803,#2802);
#2805=CURVE_STYLE('',#25,POSITIVE_LENGTH_MEASURE(2.E-2),#15);
#2806=PRESENTATION_STYLE_ASSIGNMENT((#2805));
#2807=STYLED_ITEM('',(#2806),#2804);
#2808=CARTESIAN_POINT('',(0.E0,1.6078788E1,0.E0));
#2809=DIRECTION('',(0.E0,-1.E0,0.E0));
#2810=DIRECTION('',(1.E0,0.E0,0.E0));
#2811=AXIS2_PLACEMENT_3D('',#2808,#2809,#2810);
#2813=CURVE_STYLE('',#25,POSITIVE_LENGTH_MEASURE(2.E-2),#15);
#2814=PRESENTATION_STYLE_ASSIGNMENT((#2813));
#2815=STYLED_ITEM('',(#2814),#2812);
#2816=CARTESIAN_POINT('',(0.E0,1.276631206039E0,0.E0));
#2817=DIRECTION('',(0.E0,-1.E0,0.E0));
#2818=DIRECTION('',(1.E0,0.E0,0.E0));
#2819=AXIS2_PLACEMENT_3D('',#2816,#2817,#2818);
#2821=CURVE_STYLE('',#25,POSITIVE_LENGTH_MEASURE(2.E-2),#15);
#2822=PRESENTATION_STYLE_ASSIGNMENT((#2821));
#2823=STYLED_ITEM('',(#2822),#2820);
#2824=DIRECTION('',(0.E0,1.E0,2.511230933211E-12));
#2825=VECTOR('',#2824,1.276631206039E0);
#2826=CARTESIAN_POINT('',(-7.95E0,0.E0,0.E0));
#2827=LINE('',#2826,#2825);
#2828=CURVE_STYLE('',#25,POSITIVE_LENGTH_MEASURE(2.E-2),#15);
#2829=PRESENTATION_STYLE_ASSIGNMENT((#2828));
#2830=STYLED_ITEM('',(#2829),#2827);
#2831=CARTESIAN_POINT('',(7.828788E0,1.6078788E1,-1.904310042988E-12));
#2832=DIRECTION('',(2.432446605249E-13,0.E0,1.E0));
#2833=DIRECTION('',(1.E0,0.E0,-2.432446605249E-13));
#2834=AXIS2_PLACEMENT_3D('',#2831,#2832,#2833);
#2836=CURVE_STYLE('',#25,POSITIVE_LENGTH_MEASURE(2.E-2),#15);
#2837=PRESENTATION_STYLE_ASSIGNMENT((#2836));
#2838=STYLED_ITEM('',(#2837),#2835);
#2839=CARTESIAN_POINT('',(0.E0,1.62E1,0.E0));
#2840=DIRECTION('',(0.E0,1.E0,0.E0));
#2841=DIRECTION('',(-8.912793713245E-1,0.E0,-4.534546088105E-1));
#2842=AXIS2_PLACEMENT_3D('',#2839,#2840,#2841);
#2844=CURVE_STYLE('',#25,POSITIVE_LENGTH_MEASURE(2.E-2),#15);
#2845=PRESENTATION_STYLE_ASSIGNMENT((#2844));
#2846=STYLED_ITEM('',(#2845),#2843);
#2847=CARTESIAN_POINT('',(-7.828788E0,1.6078788E1,1.905919866374E-12));
#2848=DIRECTION('',(-2.434502252568E-13,0.E0,-1.E0));
#2849=DIRECTION('',(-1.E0,0.E0,2.434502252568E-13));
#2850=AXIS2_PLACEMENT_3D('',#2847,#2848,#2849);
#2852=CURVE_STYLE('',#25,POSITIVE_LENGTH_MEASURE(2.E-2),#15);
#2853=PRESENTATION_STYLE_ASSIGNMENT((#2852));
#2854=STYLED_ITEM('',(#2853),#2851);
#2855=DIRECTION('',(-1.E0,0.E0,0.E0));
#2856=VECTOR('',#2855,2.521371176873E-2);
#2857=CARTESIAN_POINT('',(-6.977637246873E0,1.62E1,-3.55E0));
#2858=LINE('',#2857,#2856);
#2859=CURVE_STYLE('',#25,POSITIVE_LENGTH_MEASURE(2.E-2),#15);
#2860=PRESENTATION_STYLE_ASSIGNMENT((#2859));
#2861=STYLED_ITEM('',(#2860),#2858);
#2862=DIRECTION('',(-1.776356839400E-14,0.E0,1.E0));
#2863=VECTOR('',#2862,5.E-2);
#2864=CARTESIAN_POINT('',(-7.002850958641E0,1.62E1,-3.55E0));
#2865=LINE('',#2864,#2863);
#2866=CURVE_STYLE('',#25,POSITIVE_LENGTH_MEASURE(2.E-2),#15);
#2867=PRESENTATION_STYLE_ASSIGNMENT((#2866));
#2868=STYLED_ITEM('',(#2867),#2865);
#2869=DIRECTION('',(0.E0,1.E0,0.E0));
#2870=VECTOR('',#2869,1.E-2);
#2871=CARTESIAN_POINT('',(6.533555459226E0,1.62E1,-3.55E0));
#2872=LINE('',#2871,#2870);
#2873=CURVE_STYLE('',#25,POSITIVE_LENGTH_MEASURE(2.E-2),#15);
#2874=PRESENTATION_STYLE_ASSIGNMENT((#2873));
#2875=STYLED_ITEM('',(#2874),#2872);
#2876=DIRECTION('',(1.E0,0.E0,0.E0));
#2877=VECTOR('',#2876,1.353640641787E1);
#2878=CARTESIAN_POINT('',(-7.002850958641E0,1.62E1,-3.5E0));
#2879=LINE('',#2878,#2877);
#2880=CURVE_STYLE('',#25,POSITIVE_LENGTH_MEASURE(2.E-2),#15);
#2881=PRESENTATION_STYLE_ASSIGNMENT((#2880));
#2882=STYLED_ITEM('',(#2881),#2879);
#2883=DIRECTION('',(0.E0,0.E0,-1.E0));
#2884=VECTOR('',#2883,5.E-2);
#2885=CARTESIAN_POINT('',(6.533555459226E0,1.62E1,-3.5E0));
#2886=LINE('',#2885,#2884);
#2887=CURVE_STYLE('',#25,POSITIVE_LENGTH_MEASURE(2.E-2),#15);
#2888=PRESENTATION_STYLE_ASSIGNMENT((#2887));
#2889=STYLED_ITEM('',(#2888),#2886);
#2890=DIRECTION('',(-1.E0,0.E0,0.E0));
#2891=VECTOR('',#2890,1.351119270610E1);
#2892=CARTESIAN_POINT('',(6.533555459226E0,1.62E1,-3.55E0));
#2893=LINE('',#2892,#2891);
#2894=CURVE_STYLE('',#25,POSITIVE_LENGTH_MEASURE(2.E-2),#15);
#2895=PRESENTATION_STYLE_ASSIGNMENT((#2894));
#2896=STYLED_ITEM('',(#2895),#2893);
#2897=CARTESIAN_POINT('',(0.E0,1.62E1,0.E0));
#2898=DIRECTION('',(0.E0,-1.E0,0.E0));
#2899=DIRECTION('',(-8.912793713245E-1,0.E0,-4.534546088105E-1));
#2900=AXIS2_PLACEMENT_3D('',#2897,#2898,#2899);
#2902=CURVE_STYLE('',#25,POSITIVE_LENGTH_MEASURE(2.E-2),#15);
#2903=PRESENTATION_STYLE_ASSIGNMENT((#2902));
#2904=STYLED_ITEM('',(#2903),#2901);
#2905=CARTESIAN_POINT('',(0.E0,1.62E1,0.E0));
#2906=DIRECTION('',(0.E0,-1.E0,0.E0));
#2907=DIRECTION('',(1.E0,0.E0,0.E0));
#2908=AXIS2_PLACEMENT_3D('',#2905,#2906,#2907);
#2910=CURVE_STYLE('',#25,POSITIVE_LENGTH_MEASURE(2.E-2),#15);
#2911=PRESENTATION_STYLE_ASSIGNMENT((#2910));
#2912=STYLED_ITEM('',(#2911),#2909);
#2913=CARTESIAN_POINT('',(0.E0,1.62E1,0.E0));
#2914=DIRECTION('',(0.E0,-1.E0,0.E0));
#2915=DIRECTION('',(-1.E0,0.E0,0.E0));
#2916=AXIS2_PLACEMENT_3D('',#2913,#2914,#2915);
#2918=CURVE_STYLE('',#25,POSITIVE_LENGTH_MEASURE(2.E-2),#15);
#2919=PRESENTATION_STYLE_ASSIGNMENT((#2918));
#2920=STYLED_ITEM('',(#2919),#2917);
#2921=DIRECTION('',(8.881784197E-14,1.E0,8.881784197E-14));
#2922=VECTOR('',#2921,1.E-2);
#2923=CARTESIAN_POINT('',(-7.002850958641E0,1.62E1,-3.5E0));
#2924=LINE('',#2923,#2922);
#2925=CURVE_STYLE('',#25,POSITIVE_LENGTH_MEASURE(2.E-2),#15);
#2926=PRESENTATION_STYLE_ASSIGNMENT((#2925));
#2927=STYLED_ITEM('',(#2926),#2924);
#2928=DIRECTION('',(0.E0,1.E0,0.E0));
#2929=VECTOR('',#2928,1.E-2);
#2930=CARTESIAN_POINT('',(-7.002850958641E0,1.62E1,-3.55E0));
#2931=LINE('',#2930,#2929);
#2932=CURVE_STYLE('',#25,POSITIVE_LENGTH_MEASURE(2.E-2),#15);
#2933=PRESENTATION_STYLE_ASSIGNMENT((#2932));
#2934=STYLED_ITEM('',(#2933),#2931);
#2935=DIRECTION('',(1.E0,0.E0,0.E0));
#2936=VECTOR('',#2935,1.353640641787E1);
#2937=CARTESIAN_POINT('',(-7.002850958641E0,1.621E1,-3.5E0));
#2938=LINE('',#2937,#2936);
#2939=CURVE_STYLE('',#25,POSITIVE_LENGTH_MEASURE(2.E-2),#15);
#2940=PRESENTATION_STYLE_ASSIGNMENT((#2939));
#2941=STYLED_ITEM('',(#2940),#2938);
#2942=DIRECTION('',(0.E0,0.E0,1.E0));
#2943=VECTOR('',#2942,5.E-2);
#2944=CARTESIAN_POINT('',(-7.002850958641E0,1.621E1,-3.55E0));
#2945=LINE('',#2944,#2943);
#2946=CURVE_STYLE('',#25,POSITIVE_LENGTH_MEASURE(2.E-2),#15);
#2947=PRESENTATION_STYLE_ASSIGNMENT((#2946));
#2948=STYLED_ITEM('',(#2947),#2945);
#2949=DIRECTION('',(-1.E0,0.E0,0.E0));
#2950=VECTOR('',#2949,1.353640641787E1);
#2951=CARTESIAN_POINT('',(6.533555459226E0,1.621E1,-3.55E0));
#2952=LINE('',#2951,#2950);
#2953=CURVE_STYLE('',#25,POSITIVE_LENGTH_MEASURE(2.E-2),#15);
#2954=PRESENTATION_STYLE_ASSIGNMENT((#2953));
#2955=STYLED_ITEM('',(#2954),#2952);
#2956=DIRECTION('',(0.E0,0.E0,-1.E0));
#2957=VECTOR('',#2956,5.E-2);
#2958=CARTESIAN_POINT('',(6.533555459226E0,1.621E1,-3.5E0));
#2959=LINE('',#2958,#2957);
#2960=CURVE_STYLE('',#25,POSITIVE_LENGTH_MEASURE(2.E-2),#15);
#2961=PRESENTATION_STYLE_ASSIGNMENT((#2960));
#2962=STYLED_ITEM('',(#2961),#2959);
#2963=DIRECTION('',(0.E0,1.E0,0.E0));
#2964=VECTOR('',#2963,1.E-2);
#2965=CARTESIAN_POINT('',(6.533555459226E0,1.62E1,-3.5E0));
#2966=LINE('',#2965,#2964);
#2967=CURVE_STYLE('',#25,POSITIVE_LENGTH_MEASURE(2.E-2),#15);
#2968=PRESENTATION_STYLE_ASSIGNMENT((#2967));
#2969=STYLED_ITEM('',(#2968),#2966);
#2970=CARTESIAN_POINT('',(6.75E0,1.276631206039E0,-1.577411118392E-11));
#2971=DIRECTION('',(2.336904975087E-12,0.E0,1.E0));
#2972=DIRECTION('',(1.E0,0.E0,-2.336904975087E-12));
#2973=AXIS2_PLACEMENT_3D('',#2970,#2971,#2972);
#2975=CURVE_STYLE('',#25,POSITIVE_LENGTH_MEASURE(2.E-2),#15);
#2976=PRESENTATION_STYLE_ASSIGNMENT((#2975));
#2977=STYLED_ITEM('',(#2976),#2974);
#2978=CARTESIAN_POINT('',(-6.75E0,1.276631206039E0,1.577329239444E-11));
#2979=DIRECTION('',(-2.336783544443E-12,0.E0,-1.E0));
#2980=DIRECTION('',(-1.E0,0.E0,2.336783544443E-12));
#2981=AXIS2_PLACEMENT_3D('',#2978,#2979,#2980);
#2983=CURVE_STYLE('',#25,POSITIVE_LENGTH_MEASURE(2.E-2),#15);
#2984=PRESENTATION_STYLE_ASSIGNMENT((#2983));
#2985=STYLED_ITEM('',(#2984),#2982);
#2986=CARTESIAN_POINT('',(0.E0,3.738586625983E0,0.E0));
#2987=DIRECTION('',(0.E0,1.E0,0.E0));
#2988=DIRECTION('',(1.E0,0.E0,0.E0));
#2989=AXIS2_PLACEMENT_3D('',#2986,#2987,#2988);
#2991=CURVE_STYLE('',#25,POSITIVE_LENGTH_MEASURE(2.E-2),#15);
#2992=PRESENTATION_STYLE_ASSIGNMENT((#2991));
#2993=STYLED_ITEM('',(#2992),#2990);
#2994=CARTESIAN_POINT('',(0.E0,2.261413374017E0,0.E0));
#2995=DIRECTION('',(0.E0,-1.E0,0.E0));
#2996=DIRECTION('',(-1.E0,0.E0,0.E0));
#2997=AXIS2_PLACEMENT_3D('',#2994,#2995,#2996);
#2999=CURVE_STYLE('',#25,POSITIVE_LENGTH_MEASURE(2.E-2),#15);
#3000=PRESENTATION_STYLE_ASSIGNMENT((#2999));
#3001=STYLED_ITEM('',(#3000),#2998);
#3002=CARTESIAN_POINT('',(0.E0,3.738586625983E0,0.E0));
#3003=DIRECTION('',(0.E0,1.E0,0.E0));
#3004=DIRECTION('',(-1.E0,0.E0,0.E0));
#3005=AXIS2_PLACEMENT_3D('',#3002,#3003,#3004);
#3007=CURVE_STYLE('',#25,POSITIVE_LENGTH_MEASURE(2.E-2),#15);
#3008=PRESENTATION_STYLE_ASSIGNMENT((#3007));
#3009=STYLED_ITEM('',(#3008),#3006);
#3010=CARTESIAN_POINT('',(7.95E0,3.E0,0.E0));
#3011=DIRECTION('',(0.E0,0.E0,-1.E0));
#3012=DIRECTION('',(-5.714285714286E-1,-8.206518066483E-1,0.E0));
#3013=AXIS2_PLACEMENT_3D('',#3010,#3011,#3012);
#3015=CURVE_STYLE('',#25,POSITIVE_LENGTH_MEASURE(2.E-2),#15);
#3016=PRESENTATION_STYLE_ASSIGNMENT((#3015));
#3017=STYLED_ITEM('',(#3016),#3014);
#3018=CARTESIAN_POINT('',(0.E0,2.261413374017E0,0.E0));
#3019=DIRECTION('',(0.E0,-1.E0,0.E0));
#3020=DIRECTION('',(1.E0,0.E0,0.E0));
#3021=AXIS2_PLACEMENT_3D('',#3018,#3019,#3020);
#3023=CURVE_STYLE('',#25,POSITIVE_LENGTH_MEASURE(2.E-2),#15);
#3024=PRESENTATION_STYLE_ASSIGNMENT((#3023));
#3025=STYLED_ITEM('',(#3024),#3022);
#3026=CARTESIAN_POINT('',(-7.95E0,3.E0,0.E0));
#3027=DIRECTION('',(0.E0,0.E0,1.E0));
#3028=DIRECTION('',(5.714285714286E-1,-8.206518066483E-1,0.E0));
#3029=AXIS2_PLACEMENT_3D('',#3026,#3027,#3028);
#3031=CURVE_STYLE('',#25,POSITIVE_LENGTH_MEASURE(2.E-2),#15);
#3032=PRESENTATION_STYLE_ASSIGNMENT((#3031));
#3033=STYLED_ITEM('',(#3032),#3030);
#3034=CARTESIAN_POINT('',(7.95E0,0.E0,0.E0));
#3035=CARTESIAN_POINT('',(-7.95E0,0.E0,0.E0));
#3036=VERTEX_POINT('',#3034);
#3037=VERTEX_POINT('',#3035);
#3038=CARTESIAN_POINT('',(-7.95E0,1.6078788E1,0.E0));
#3039=CARTESIAN_POINT('',(7.95E0,1.6078788E1,0.E0));
#3040=VERTEX_POINT('',#3038);
#3041=VERTEX_POINT('',#3039);
#3042=CARTESIAN_POINT('',(7.828788E0,1.62E1,0.E0));
#3043=CARTESIAN_POINT('',(-7.828788E0,1.62E1,0.E0));
#3044=VERTEX_POINT('',#3042);
#3045=VERTEX_POINT('',#3043);
#3046=CARTESIAN_POINT('',(7.95E0,4.723368793961E0,0.E0));
#3047=CARTESIAN_POINT('',(-7.95E0,4.723368793961E0,0.E0));
#3048=VERTEX_POINT('',#3046);
#3049=VERTEX_POINT('',#3047);
#3050=CARTESIAN_POINT('',(7.435714285714E0,3.738586625983E0,0.E0));
#3051=CARTESIAN_POINT('',(-7.435714285714E0,3.738586625983E0,0.E0));
#3052=VERTEX_POINT('',#3050);
#3053=VERTEX_POINT('',#3051);
#3054=CARTESIAN_POINT('',(-7.95E0,1.276631206039E0,0.E0));
#3055=CARTESIAN_POINT('',(7.95E0,1.276631206039E0,0.E0));
#3056=VERTEX_POINT('',#3054);
#3057=VERTEX_POINT('',#3055);
#3058=CARTESIAN_POINT('',(-7.435714285714E0,2.261413374017E0,0.E0));
#3059=CARTESIAN_POINT('',(7.435714285714E0,2.261413374017E0,0.E0));
#3060=VERTEX_POINT('',#3058);
#3061=VERTEX_POINT('',#3059);
#3062=CARTESIAN_POINT('',(-7.002850958641E0,1.621E1,-3.5E0));
#3063=CARTESIAN_POINT('',(6.533555459226E0,1.621E1,-3.5E0));
#3064=VERTEX_POINT('',#3062);
#3065=VERTEX_POINT('',#3063);
#3066=CARTESIAN_POINT('',(6.533555459226E0,1.621E1,-3.55E0));
#3067=VERTEX_POINT('',#3066);
#3068=CARTESIAN_POINT('',(-7.002850958641E0,1.621E1,-3.55E0));
#3069=VERTEX_POINT('',#3068);
#3070=CARTESIAN_POINT('',(-7.002850958641E0,1.62E1,-3.55E0));
#3071=VERTEX_POINT('',#3070);
#3072=CARTESIAN_POINT('',(-7.002850958641E0,1.62E1,-3.5E0));
#3073=CARTESIAN_POINT('',(6.533555459226E0,1.62E1,-3.5E0));
#3074=VERTEX_POINT('',#3072);
#3075=VERTEX_POINT('',#3073);
#3076=CARTESIAN_POINT('',(6.533555459226E0,1.62E1,-3.55E0));
#3077=VERTEX_POINT('',#3076);
#3078=CARTESIAN_POINT('',(-6.977637246873E0,1.62E1,-3.55E0));
#3079=VERTEX_POINT('',#3078);
#3080=CARTESIAN_POINT('',(0.E0,0.E0,0.E0));
#3081=DIRECTION('',(0.E0,1.E0,0.E0));
#3082=DIRECTION('',(1.E0,0.E0,0.E0));
#3083=AXIS2_PLACEMENT_3D('',#3080,#3081,#3082);
#3084=PLANE('',#3083);
#3086=ORIENTED_EDGE('',*,*,#3085,.T.);
#3088=ORIENTED_EDGE('',*,*,#3087,.T.);
#3089=EDGE_LOOP('',(#3086,#3088));
#3090=FACE_OUTER_BOUND('',#3089,.F.);
#3092=CARTESIAN_POINT('',(0.E0,0.E0,0.E0));
#3093=DIRECTION('',(0.E0,1.E0,0.E0));
#3094=DIRECTION('',(1.E0,0.E0,0.E0));
#3095=AXIS2_PLACEMENT_3D('',#3092,#3093,#3094);
#3096=CYLINDRICAL_SURFACE('',#3095,7.95E0);
#3098=ORIENTED_EDGE('',*,*,#3097,.F.);
#3100=ORIENTED_EDGE('',*,*,#3099,.T.);
#3102=ORIENTED_EDGE('',*,*,#3101,.F.);
#3104=ORIENTED_EDGE('',*,*,#3103,.F.);
#3105=EDGE_LOOP('',(#3098,#3100,#3102,#3104));
#3106=FACE_OUTER_BOUND('',#3105,.F.);
#3108=CARTESIAN_POINT('',(0.E0,0.E0,0.E0));
#3109=DIRECTION('',(0.E0,1.E0,0.E0));
#3110=DIRECTION('',(1.E0,0.E0,0.E0));
#3111=AXIS2_PLACEMENT_3D('',#3108,#3109,#3110);
#3112=CYLINDRICAL_SURFACE('',#3111,7.95E0);
#3114=ORIENTED_EDGE('',*,*,#3113,.F.);
#3116=ORIENTED_EDGE('',*,*,#3115,.F.);
#3117=ORIENTED_EDGE('',*,*,#3085,.F.);
#3119=ORIENTED_EDGE('',*,*,#3118,.T.);
#3120=EDGE_LOOP('',(#3114,#3116,#3117,#3119));
#3121=FACE_OUTER_BOUND('',#3120,.F.);
#3123=CARTESIAN_POINT('',(0.E0,4.723368793961E0,0.E0));
#3124=DIRECTION('',(0.E0,1.E0,0.E0));
#3125=DIRECTION('',(9.999842152079E-1,0.E0,5.618659543362E-3));
#3126=AXIS2_PLACEMENT_3D('',#3123,#3124,#3125);
#3127=TOROIDAL_SURFACE('',#3126,6.75E0,1.2E0);
#3128=ORIENTED_EDGE('',*,*,#3097,.T.);
#3130=ORIENTED_EDGE('',*,*,#3129,.T.);
#3132=ORIENTED_EDGE('',*,*,#3131,.F.);
#3134=ORIENTED_EDGE('',*,*,#3133,.F.);
#3135=EDGE_LOOP('',(#3128,#3130,#3132,#3134));
#3136=FACE_OUTER_BOUND('',#3135,.F.);
#3138=CARTESIAN_POINT('',(0.E0,4.723368793961E0,0.E0));
#3139=DIRECTION('',(0.E0,1.E0,0.E0));
#3140=DIRECTION('',(-9.999842152079E-1,0.E0,-5.618659543361E-3));
#3141=AXIS2_PLACEMENT_3D('',#3138,#3139,#3140);
#3142=TOROIDAL_SURFACE('',#3141,6.75E0,1.2E0);
#3144=ORIENTED_EDGE('',*,*,#3143,.T.);
#3145=ORIENTED_EDGE('',*,*,#3133,.T.);
#3147=ORIENTED_EDGE('',*,*,#3146,.F.);
#3148=ORIENTED_EDGE('',*,*,#3129,.F.);
#3149=EDGE_LOOP('',(#3144,#3145,#3147,#3148));
#3150=FACE_OUTER_BOUND('',#3149,.F.);
#3152=CARTESIAN_POINT('',(0.E0,0.E0,0.E0));
#3153=DIRECTION('',(0.E0,1.E0,0.E0));
#3154=DIRECTION('',(1.E0,0.E0,0.E0));
#3155=AXIS2_PLACEMENT_3D('',#3152,#3153,#3154);
#3156=CYLINDRICAL_SURFACE('',#3155,7.95E0);
#3157=ORIENTED_EDGE('',*,*,#3143,.F.);
#3158=ORIENTED_EDGE('',*,*,#3103,.T.);
#3160=ORIENTED_EDGE('',*,*,#3159,.F.);
#3161=ORIENTED_EDGE('',*,*,#3099,.F.);
#3162=EDGE_LOOP('',(#3157,#3158,#3160,#3161));
#3163=FACE_OUTER_BOUND('',#3162,.F.);
#3165=CARTESIAN_POINT('',(0.E0,0.E0,0.E0));
#3166=DIRECTION('',(0.E0,1.E0,0.E0));
#3167=DIRECTION('',(1.E0,0.E0,0.E0));
#3168=AXIS2_PLACEMENT_3D('',#3165,#3166,#3167);
#3169=CYLINDRICAL_SURFACE('',#3168,7.95E0);
#3171=ORIENTED_EDGE('',*,*,#3170,.F.);
#3172=ORIENTED_EDGE('',*,*,#3118,.F.);
#3173=ORIENTED_EDGE('',*,*,#3087,.F.);
#3174=ORIENTED_EDGE('',*,*,#3115,.T.);
#3175=EDGE_LOOP('',(#3171,#3172,#3173,#3174));
#3176=FACE_OUTER_BOUND('',#3175,.F.);
#3178=CARTESIAN_POINT('',(0.E0,1.6078788E1,0.E0));
#3179=DIRECTION('',(0.E0,1.E0,0.E0));
#3180=DIRECTION('',(9.999867184245E-1,0.E0,-5.153928082041E-3));
#3181=AXIS2_PLACEMENT_3D('',#3178,#3179,#3180);
#3182=TOROIDAL_SURFACE('',#3181,7.828788E0,1.21212E-1);
#3183=ORIENTED_EDGE('',*,*,#3159,.T.);
#3185=ORIENTED_EDGE('',*,*,#3184,.T.);
#3187=ORIENTED_EDGE('',*,*,#3186,.F.);
#3189=ORIENTED_EDGE('',*,*,#3188,.F.);
#3190=EDGE_LOOP('',(#3183,#3185,#3187,#3189));
#3191=FACE_OUTER_BOUND('',#3190,.F.);
#3193=CARTESIAN_POINT('',(0.E0,1.6078788E1,0.E0));
#3194=DIRECTION('',(0.E0,1.E0,0.E0));
#3195=DIRECTION('',(-9.999867184245E-1,0.E0,5.153928082042E-3));
#3196=AXIS2_PLACEMENT_3D('',#3193,#3194,#3195);
#3197=TOROIDAL_SURFACE('',#3196,7.828788E0,1.21212E-1);
#3199=ORIENTED_EDGE('',*,*,#3198,.T.);
#3201=ORIENTED_EDGE('',*,*,#3200,.F.);
#3202=ORIENTED_EDGE('',*,*,#3184,.F.);
#3203=ORIENTED_EDGE('',*,*,#3101,.T.);
#3204=ORIENTED_EDGE('',*,*,#3188,.T.);
#3206=ORIENTED_EDGE('',*,*,#3205,.F.);
#3207=EDGE_LOOP('',(#3199,#3201,#3202,#3203,#3204,#3206));
#3208=FACE_OUTER_BOUND('',#3207,.F.);
#3210=CARTESIAN_POINT('',(0.E0,1.62E1,0.E0));
#3211=DIRECTION('',(0.E0,1.E0,0.E0));
#3212=DIRECTION('',(0.E0,0.E0,-1.E0));
#3213=AXIS2_PLACEMENT_3D('',#3210,#3211,#3212);
#3214=PLANE('',#3213);
#3215=ORIENTED_EDGE('',*,*,#3198,.F.);
#3217=ORIENTED_EDGE('',*,*,#3216,.T.);
#3219=ORIENTED_EDGE('',*,*,#3218,.T.);
#3220=EDGE_LOOP('',(#3215,#3217,#3219));
#3221=FACE_OUTER_BOUND('',#3220,.F.);
#3223=CARTESIAN_POINT('',(6.533555459226E0,1.62E1,-3.55E0));
#3224=DIRECTION('',(0.E0,0.E0,-1.E0));
#3225=DIRECTION('',(-1.E0,0.E0,0.E0));
#3226=AXIS2_PLACEMENT_3D('',#3223,#3224,#3225);
#3227=PLANE('',#3226);
#3229=ORIENTED_EDGE('',*,*,#3228,.F.);
#3231=ORIENTED_EDGE('',*,*,#3230,.T.);
#3233=ORIENTED_EDGE('',*,*,#3232,.T.);
#3235=ORIENTED_EDGE('',*,*,#3234,.F.);
#3236=ORIENTED_EDGE('',*,*,#3216,.F.);
#3237=EDGE_LOOP('',(#3229,#3231,#3233,#3235,#3236));
#3238=FACE_OUTER_BOUND('',#3237,.F.);
#3240=CARTESIAN_POINT('',(0.E0,1.62E1,0.E0));
#3241=DIRECTION('',(0.E0,1.E0,0.E0));
#3242=DIRECTION('',(1.E0,0.E0,0.E0));
#3243=AXIS2_PLACEMENT_3D('',#3240,#3241,#3242);
#3244=PLANE('',#3243);
#3246=ORIENTED_EDGE('',*,*,#3245,.T.);
#3248=ORIENTED_EDGE('',*,*,#3247,.T.);
#3249=ORIENTED_EDGE('',*,*,#3228,.T.);
#3250=ORIENTED_EDGE('',*,*,#3205,.T.);
#3251=ORIENTED_EDGE('',*,*,#3186,.T.);
#3252=ORIENTED_EDGE('',*,*,#3200,.T.);
#3253=EDGE_LOOP('',(#3246,#3248,#3249,#3250,#3251,#3252));
#3254=FACE_OUTER_BOUND('',#3253,.F.);
#3256=CARTESIAN_POINT('',(-7.002850958641E0,1.62E1,-3.5E0));
#3257=DIRECTION('',(0.E0,0.E0,1.E0));
#3258=DIRECTION('',(1.E0,0.E0,0.E0));
#3259=AXIS2_PLACEMENT_3D('',#3256,#3257,#3258);
#3260=PLANE('',#3259);
#3261=ORIENTED_EDGE('',*,*,#3245,.F.);
#3263=ORIENTED_EDGE('',*,*,#3262,.T.);
#3265=ORIENTED_EDGE('',*,*,#3264,.T.);
#3267=ORIENTED_EDGE('',*,*,#3266,.F.);
#3268=EDGE_LOOP('',(#3261,#3263,#3265,#3267));
#3269=FACE_OUTER_BOUND('',#3268,.F.);
#3271=CARTESIAN_POINT('',(-7.002850958641E0,1.62E1,-3.55E0));
#3272=DIRECTION('',(-1.E0,0.E0,0.E0));
#3273=DIRECTION('',(0.E0,0.E0,1.E0));
#3274=AXIS2_PLACEMENT_3D('',#3271,#3272,#3273);
#3275=PLANE('',#3274);
#3276=ORIENTED_EDGE('',*,*,#3218,.F.);
#3277=ORIENTED_EDGE('',*,*,#3234,.T.);
#3279=ORIENTED_EDGE('',*,*,#3278,.T.);
#3280=ORIENTED_EDGE('',*,*,#3262,.F.);
#3281=EDGE_LOOP('',(#3276,#3277,#3279,#3280));
#3282=FACE_OUTER_BOUND('',#3281,.F.);
#3284=CARTESIAN_POINT('',(0.E0,1.621E1,0.E0));
#3285=DIRECTION('',(0.E0,1.E0,0.E0));
#3286=DIRECTION('',(0.E0,0.E0,-1.E0));
#3287=AXIS2_PLACEMENT_3D('',#3284,#3285,#3286);
#3288=PLANE('',#3287);
#3289=ORIENTED_EDGE('',*,*,#3264,.F.);
#3290=ORIENTED_EDGE('',*,*,#3278,.F.);
#3291=ORIENTED_EDGE('',*,*,#3232,.F.);
#3293=ORIENTED_EDGE('',*,*,#3292,.F.);
#3294=EDGE_LOOP('',(#3289,#3290,#3291,#3293));
#3295=FACE_OUTER_BOUND('',#3294,.F.);
#3297=FILL_AREA_STYLE_COLOUR('',#2721);
#3298=FILL_AREA_STYLE('',(#3297));
#3299=SURFACE_STYLE_FILL_AREA(#3298);
#3300=SURFACE_SIDE_STYLE('',(#3299));
#3301=SURFACE_STYLE_USAGE(.POSITIVE.,#3300);
#3302=FILL_AREA_STYLE_COLOUR('',#15);
#3303=FILL_AREA_STYLE('',(#3302));
#3304=SURFACE_STYLE_FILL_AREA(#3303);
#3305=SURFACE_SIDE_STYLE('',(#3304));
#3306=SURFACE_STYLE_USAGE(.NEGATIVE.,#3305);
#3307=PRESENTATION_STYLE_ASSIGNMENT((#3301,#3306));
#3308=OVER_RIDING_STYLED_ITEM('',(#3307),#3296,#2722);
#3309=CARTESIAN_POINT('',(6.533555459226E0,1.62E1,-3.5E0));
#3310=DIRECTION('',(1.E0,0.E0,0.E0));
#3311=DIRECTION('',(0.E0,0.E0,-1.E0));
#3312=AXIS2_PLACEMENT_3D('',#3309,#3310,#3311);
#3313=PLANE('',#3312);
#3314=ORIENTED_EDGE('',*,*,#3247,.F.);
#3315=ORIENTED_EDGE('',*,*,#3266,.T.);
#3316=ORIENTED_EDGE('',*,*,#3292,.T.);
#3317=ORIENTED_EDGE('',*,*,#3230,.F.);
#3318=EDGE_LOOP('',(#3314,#3315,#3316,#3317));
#3319=FACE_OUTER_BOUND('',#3318,.F.);
#3321=CARTESIAN_POINT('',(0.E0,1.276631206039E0,0.E0));
#3322=DIRECTION('',(0.E0,1.E0,0.E0));
#3323=DIRECTION('',(9.999867184245E-1,0.E0,-5.153928082041E-3));
#3324=AXIS2_PLACEMENT_3D('',#3321,#3322,#3323);
#3325=TOROIDAL_SURFACE('',#3324,6.75E0,1.2E0);
#3326=ORIENTED_EDGE('',*,*,#3170,.T.);
#3328=ORIENTED_EDGE('',*,*,#3327,.T.);
#3330=ORIENTED_EDGE('',*,*,#3329,.F.);
#3332=ORIENTED_EDGE('',*,*,#3331,.F.);
#3333=EDGE_LOOP('',(#3326,#3328,#3330,#3332));
#3334=FACE_OUTER_BOUND('',#3333,.F.);
#3336=CARTESIAN_POINT('',(0.E0,1.276631206039E0,0.E0));
#3337=DIRECTION('',(0.E0,1.E0,0.E0));
#3338=DIRECTION('',(-9.999867184245E-1,0.E0,5.153928082041E-3));
#3339=AXIS2_PLACEMENT_3D('',#3336,#3337,#3338);
#3340=TOROIDAL_SURFACE('',#3339,6.75E0,1.2E0);
#3341=ORIENTED_EDGE('',*,*,#3113,.T.);
#3342=ORIENTED_EDGE('',*,*,#3331,.T.);
#3344=ORIENTED_EDGE('',*,*,#3343,.F.);
#3345=ORIENTED_EDGE('',*,*,#3327,.F.);
#3346=EDGE_LOOP('',(#3341,#3342,#3344,#3345));
#3347=FACE_OUTER_BOUND('',#3346,.F.);
#3349=CARTESIAN_POINT('',(0.E0,3.E0,0.E0));
#3350=DIRECTION('',(0.E0,-1.E0,0.E0));
#3351=DIRECTION('',(-1.E0,0.E0,0.E0));
#3352=AXIS2_PLACEMENT_3D('',#3349,#3350,#3351);
#3353=TOROIDAL_SURFACE('',#3352,7.95E0,9.E-1);
#3354=ORIENTED_EDGE('',*,*,#3131,.T.);
#3356=ORIENTED_EDGE('',*,*,#3355,.F.);
#3357=ORIENTED_EDGE('',*,*,#3343,.T.);
#3359=ORIENTED_EDGE('',*,*,#3358,.T.);
#3360=EDGE_LOOP('',(#3354,#3356,#3357,#3359));
#3361=FACE_OUTER_BOUND('',#3360,.F.);
#3363=CARTESIAN_POINT('',(0.E0,3.E0,0.E0));
#3364=DIRECTION('',(0.E0,-1.E0,0.E0));
#3365=DIRECTION('',(-1.E0,0.E0,0.E0));
#3366=AXIS2_PLACEMENT_3D('',#3363,#3364,#3365);
#3367=TOROIDAL_SURFACE('',#3366,7.95E0,9.E-1);
#3368=ORIENTED_EDGE('',*,*,#3146,.T.);
#3369=ORIENTED_EDGE('',*,*,#3358,.F.);
#3370=ORIENTED_EDGE('',*,*,#3329,.T.);
#3371=ORIENTED_EDGE('',*,*,#3355,.T.);
#3372=EDGE_LOOP('',(#3368,#3369,#3370,#3371));
#3373=FACE_OUTER_BOUND('',#3372,.F.);
#3375=CLOSED_SHELL('',(#3091,#3107,#3122,#3137,#3151,#3164,#3177,#3192,#3209,
#3222,#3239,#3255,#3270,#3283,#3296,#3320,#3335,#3348,#3362,#3374));
#3376=MANIFOLD_SOLID_BREP('',#3375);
#3377=FILL_AREA_STYLE_COLOUR('',#15);
#3378=FILL_AREA_STYLE('',(#3377));
#3379=SURFACE_STYLE_FILL_AREA(#3378);
#3380=SURFACE_SIDE_STYLE('',(#3379));
#3381=SURFACE_STYLE_USAGE(.BOTH.,#3380);
#3382=PRESENTATION_STYLE_ASSIGNMENT((#3381));
#2722=STYLED_ITEM('',(#3382),#3376);
#3385=PLANE_ANGLE_MEASURE_WITH_UNIT(PLANE_ANGLE_MEASURE(1.745329251994E-2),
#3384);
#3386=(CONVERSION_BASED_UNIT('DEGREE',#3385)NAMED_UNIT(*)PLANE_ANGLE_UNIT());
#3388=UNCERTAINTY_MEASURE_WITH_UNIT(LENGTH_MEASURE(2.771863327261E-3),#3383,
'distance_accuracy_value',
'Maximum model space distance between geometric entities at asserted connectivities');
#3390=CARTESIAN_POINT('',(0.E0,0.E0,0.E0));
#3391=DIRECTION('',(0.E0,0.E0,1.E0));
#3392=DIRECTION('',(1.E0,0.E0,0.E0));
#3395=PRODUCT_CONTEXT('',#2656,'mechanical');
#3396=PRODUCT('_1600-1720-000','_1600-1720-000','NOT SPECIFIED',(#3395));
#3397=PRODUCT_DEFINITION_FORMATION('70','LAST_VERSION',#3396);
#3405=DERIVED_UNIT_ELEMENT(#3404,2.E0);
#3406=DERIVED_UNIT((#3405));
#3407=MEASURE_REPRESENTATION_ITEM('surface area measure',AREA_MEASURE(
1.222841012006E3),#3406);
#3412=DERIVED_UNIT_ELEMENT(#3411,3.E0);
#3413=DERIVED_UNIT((#3412));
#3414=MEASURE_REPRESENTATION_ITEM('volume measure',VOLUME_MEASURE(
3.146647477837E3),#3413);
#3418=CARTESIAN_POINT('centre point',(-5.047467602603E-7,8.212773498548E0,
-7.582085496450E-6));
#3423=DERIVED_UNIT_ELEMENT(#3422,2.E0);
#3424=DERIVED_UNIT((#3423));
#3425=MEASURE_REPRESENTATION_ITEM('surface area measure',AREA_MEASURE(
1.222841012006E3),#3424);
#3430=DERIVED_UNIT_ELEMENT(#3429,3.E0);
#3431=DERIVED_UNIT((#3430));
#3432=MEASURE_REPRESENTATION_ITEM('volume measure',VOLUME_MEASURE(
3.146647477837E3),#3431);
#3436=CARTESIAN_POINT('centre point',(-5.047467602603E-7,8.212773498548E0,
-7.582085496450E-6));
#3443=CARTESIAN_POINT('centre point',(9.212773498548E0,8.500000504747E0,
-9.000007582085E0));
#3447=CARTESIAN_POINT('',(1.E0,8.5E0,-9.E0));
#3448=DIRECTION('',(0.E0,0.E0,1.E0));
#3449=DIRECTION('',(0.E0,-1.E0,0.E0));
#3450=AXIS2_PLACEMENT_3D('',#3447,#3448,#3449);
#3451=ITEM_DEFINED_TRANSFORMATION('','',#3393,#3450);
#3452=(REPRESENTATION_RELATIONSHIP('','',#3394,#2707)REPRESENTATION_RELATIONSHIP_WITH_TRANSFORMATION(#3451)SHAPE_REPRESENTATION_RELATIONSHIP());
#3453=CONTEXT_DEPENDENT_SHAPE_REPRESENTATION(#3452,#3442);
#3456=DIRECTION('',(9.702957262760E-1,-2.419218955996E-1,0.E0));
#3457=VECTOR('',#3456,5.564818875667E-1);
#3458=CARTESIAN_POINT('',(-5.148779280701E0,-3.096936340838E0,1.67376E1));
#3459=LINE('',#3458,#3457);
#3460=CURVE_STYLE('',#25,POSITIVE_LENGTH_MEASURE(2.E-2),#3454);
#3461=PRESENTATION_STYLE_ASSIGNMENT((#3460));
#3462=STYLED_ITEM('',(#3461),#3459);
#3463=CARTESIAN_POINT('',(-4.766419207170E0,-2.318024695133E0,1.67376E1));
#3464=DIRECTION('',(0.E0,0.E0,1.E0));
#3465=DIRECTION('',(1.E0,7.106918684451E-11,0.E0));
#3466=AXIS2_PLACEMENT_3D('',#3463,#3464,#3465);
#3468=CURVE_STYLE('',#25,POSITIVE_LENGTH_MEASURE(2.E-2),#3454);
#3469=PRESENTATION_STYLE_ASSIGNMENT((#3468));
#3470=STYLED_ITEM('',(#3469),#3467);
#3471=DIRECTION('',(-9.694524358107E-1,2.452793809123E-1,0.E0));
#3472=VECTOR('',#3471,2.487099722479E0);
#3473=CARTESIAN_POINT('',(-4.727765157689E0,-2.165246820811E0,1.67376E1));
#3474=LINE('',#3473,#3472);
#3475=CURVE_STYLE('',#25,POSITIVE_LENGTH_MEASURE(2.E-2),#3454);
#3476=PRESENTATION_STYLE_ASSIGNMENT((#3475));
#3477=STYLED_ITEM('',(#3476),#3474);
#3478=DIRECTION('',(9.702957262759E-1,-2.419218955999E-1,0.E0));
#3479=VECTOR('',#3478,1.103168828856E0);
#3480=CARTESIAN_POINT('',(-7.138890041750E0,-1.943314735774E0,1.67376E1));
#3481=LINE('',#3480,#3479);
#3482=CURVE_STYLE('',#25,POSITIVE_LENGTH_MEASURE(2.E-2),#3454);
#3483=PRESENTATION_STYLE_ASSIGNMENT((#3482));
#3484=STYLED_ITEM('',(#3483),#3481);
#3485=CARTESIAN_POINT('',(-6.161804481875E0,-2.357056472467E0,1.67376E1));
#3486=DIRECTION('',(0.E0,0.E0,-1.E0));
#3487=DIRECTION('',(1.E0,-7.018664697645E-11,0.E0));
#3488=AXIS2_PLACEMENT_3D('',#3485,#3486,#3487);
#3490=CURVE_STYLE('',#25,POSITIVE_LENGTH_MEASURE(2.E-2),#3454);
#3491=PRESENTATION_STYLE_ASSIGNMENT((#3490));
#3492=STYLED_ITEM('',(#3491),#3489);
#3493=CARTESIAN_POINT('',(-6.161804481875E0,-2.357056472467E0,1.67376E1));
#3494=DIRECTION('',(0.E0,0.E0,-1.E0));
#3495=DIRECTION('',(0.E0,-1.E0,0.E0));
#3496=AXIS2_PLACEMENT_3D('',#3493,#3494,#3495);
#3498=CURVE_STYLE('',#25,POSITIVE_LENGTH_MEASURE(2.E-2),#3454);
#3499=PRESENTATION_STYLE_ASSIGNMENT((#3498));
#3500=STYLED_ITEM('',(#3499),#3497);
#3501=DIRECTION('',(-9.702957262759E-1,2.419218956E-1,0.E0));
#3502=VECTOR('',#3501,9.837317920759E-1);
#3503=CARTESIAN_POINT('',(-6.184379288097E0,-2.447599074925E0,1.67376E1));
#3504=LINE('',#3503,#3502);
#3505=CURVE_STYLE('',#25,POSITIVE_LENGTH_MEASURE(2.E-2),#3454);
#3506=PRESENTATION_STYLE_ASSIGNMENT((#3505));
#3507=STYLED_ITEM('',(#3506),#3504);
#3508=DIRECTION('',(9.702957262759E-1,-2.419218955999E-1,0.E0));
#3509=VECTOR('',#3508,1.271655488747E0);
#3510=CARTESIAN_POINT('',(-7.138890041750E0,-2.600745999350E0,1.67376E1));
#3511=LINE('',#3510,#3509);
#3512=CURVE_STYLE('',#25,POSITIVE_LENGTH_MEASURE(2.E-2),#3454);
#3513=PRESENTATION_STYLE_ASSIGNMENT((#3512));
#3514=STYLED_ITEM('',(#3513),#3511);
#3515=CARTESIAN_POINT('',(-5.852420371110E0,-2.697469221845E0,1.67376E1));
#3516=DIRECTION('',(0.E0,0.E0,1.E0));
#3517=DIRECTION('',(-2.419218955529E-1,-9.702957262877E-1,0.E0));
#3518=AXIS2_PLACEMENT_3D('',#3515,#3516,#3517);
#3520=CURVE_STYLE('',#25,POSITIVE_LENGTH_MEASURE(2.E-2),#3454);
#3521=PRESENTATION_STYLE_ASSIGNMENT((#3520));
#3522=STYLED_ITEM('',(#3521),#3519);
#3523=CARTESIAN_POINT('',(-5.852420371110E0,-2.697469221845E0,1.67376E1));
#3524=DIRECTION('',(0.E0,0.E0,1.E0));
#3525=DIRECTION('',(0.E0,-1.E0,0.E0));
#3526=AXIS2_PLACEMENT_3D('',#3523,#3524,#3525);
#3528=CURVE_STYLE('',#25,POSITIVE_LENGTH_MEASURE(2.E-2),#3454);
#3529=PRESENTATION_STYLE_ASSIGNMENT((#3528));
#3530=STYLED_ITEM('',(#3529),#3527);
#3531=CARTESIAN_POINT('',(-5.564683901101E0,-2.408323845333E0,1.67376E1));
#3532=DIRECTION('',(0.E0,0.E0,-1.E0));
#3533=DIRECTION('',(-1.E0,-1.759847907712E-10,0.E0));
#3534=AXIS2_PLACEMENT_3D('',#3531,#3532,#3533);
#3536=CURVE_STYLE('',#25,POSITIVE_LENGTH_MEASURE(2.E-2),#3454);
#3537=PRESENTATION_STYLE_ASSIGNMENT((#3536));
#3538=STYLED_ITEM('',(#3537),#3535);
#3539=CARTESIAN_POINT('',(-5.564683901101E0,-2.408323845333E0,1.67376E1));
#3540=DIRECTION('',(0.E0,0.E0,-1.E0));
#3541=DIRECTION('',(-1.170539012890E-10,1.E0,0.E0));
#3542=AXIS2_PLACEMENT_3D('',#3539,#3540,#3541);
#3544=CURVE_STYLE('',#25,POSITIVE_LENGTH_MEASURE(2.E-2),#3454);
#3545=PRESENTATION_STYLE_ASSIGNMENT((#3544));
#3546=STYLED_ITEM('',(#3545),#3543);
#3547=DIRECTION('',(9.702957262761E-1,-2.419218955993E-1,0.E0));
#3548=VECTOR('',#3547,4.110938984507E-1);
#3549=CARTESIAN_POINT('',(-5.547661933466E0,-2.340052462080E0,1.67376E1));
#3550=LINE('',#3549,#3548);
#3551=CURVE_STYLE('',#25,POSITIVE_LENGTH_MEASURE(2.E-2),#3454);
#3552=PRESENTATION_STYLE_ASSIGNMENT((#3551));
#3553=STYLED_ITEM('',(#3552),#3550);
#3554=DIRECTION('',(-1.387778780781E-14,8.326672684689E-14,-1.E0));
#3555=VECTOR('',#3554,6.4E-2);
#3556=CARTESIAN_POINT('',(-5.148779280701E0,-3.096936340838E0,1.68016E1));
#3557=LINE('',#3556,#3555);
#3558=CURVE_STYLE('',#25,POSITIVE_LENGTH_MEASURE(2.E-2),#3454);
#3559=PRESENTATION_STYLE_ASSIGNMENT((#3558));
#3560=STYLED_ITEM('',(#3559),#3557);
#3561=DIRECTION('',(-2.296670993828E-14,1.E0,0.E0));
#3562=VECTOR('',#3561,6.574312635759E-1);
#3563=CARTESIAN_POINT('',(-5.148779280701E0,-3.096936340838E0,1.67376E1));
#3564=LINE('',#3563,#3562);
#3565=CURVE_STYLE('',#25,POSITIVE_LENGTH_MEASURE(2.E-2),#3454);
#3566=PRESENTATION_STYLE_ASSIGNMENT((#3565));
#3567=STYLED_ITEM('',(#3566),#3564);
#3568=DIRECTION('',(9.714451465470E-14,-6.591949208712E-13,-1.E0));
#3569=VECTOR('',#3568,6.4E-2);
#3570=CARTESIAN_POINT('',(-5.148779280701E0,-2.439505077262E0,1.68016E1));
#3571=LINE('',#3570,#3569);
#3572=CURVE_STYLE('',#25,POSITIVE_LENGTH_MEASURE(2.E-2),#3454);
#3573=PRESENTATION_STYLE_ASSIGNMENT((#3572));
#3574=STYLED_ITEM('',(#3573),#3571);
#3575=DIRECTION('',(-7.011058400508E-11,1.736805144148E-11,-1.E0));
#3576=VECTOR('',#3575,6.4E-2);
#3577=CARTESIAN_POINT('',(-5.547661933461E0,-2.340052462081E0,1.68016E1));
#3578=LINE('',#3577,#3576);
#3579=CURVE_STYLE('',#25,POSITIVE_LENGTH_MEASURE(2.E-2),#3454);
#3580=PRESENTATION_STYLE_ASSIGNMENT((#3579));
#3581=STYLED_ITEM('',(#3580),#3578);
#3582=DIRECTION('',(-1.387778780781E-14,3.991251773527E-11,1.E0));
#3583=VECTOR('',#3582,6.4E-2);
#3584=CARTESIAN_POINT('',(-5.635045319176E0,-2.408323845341E0,1.67376E1));
#3585=LINE('',#3584,#3583);
#3586=CURVE_STYLE('',#25,POSITIVE_LENGTH_MEASURE(2.E-2),#3454);
#3587=PRESENTATION_STYLE_ASSIGNMENT((#3586));
#3588=STYLED_ITEM('',(#3587),#3585);
#3589=DIRECTION('',(-9.702957262760E-1,2.419218955996E-1,0.E0));
#3590=VECTOR('',#3589,5.564818875667E-1);
#3591=CARTESIAN_POINT('',(-4.608827283445E0,-3.231561493945E0,1.68016E1));
#3592=LINE('',#3591,#3590);
#3593=CURVE_STYLE('',#25,POSITIVE_LENGTH_MEASURE(2.E-2),#3454);
#3594=PRESENTATION_STYLE_ASSIGNMENT((#3593));
#3595=STYLED_ITEM('',(#3594),#3592);
#3596=DIRECTION('',(-3.377457343864E-14,1.E0,0.E0));
#3597=VECTOR('',#3596,6.574312635760E-1);
#3598=CARTESIAN_POINT('',(-5.148779280701E0,-3.096936340838E0,1.68016E1));
#3599=LINE('',#3598,#3597);
#3600=CURVE_STYLE('',#25,POSITIVE_LENGTH_MEASURE(2.E-2),#3454);
#3601=PRESENTATION_STYLE_ASSIGNMENT((#3600));
#3602=STYLED_ITEM('',(#3601),#3599);
#3603=DIRECTION('',(-9.702957262761E-1,2.419218955992E-1,0.E0));
#3604=VECTOR('',#3603,4.110938984460E-1);
#3605=CARTESIAN_POINT('',(-5.148779280701E0,-2.439505077262E0,1.68016E1));
#3606=LINE('',#3605,#3604);
#3607=CURVE_STYLE('',#25,POSITIVE_LENGTH_MEASURE(2.E-2),#3454);
#3608=PRESENTATION_STYLE_ASSIGNMENT((#3607));
#3609=STYLED_ITEM('',(#3608),#3606);
#3610=CARTESIAN_POINT('',(-5.564683901101E0,-2.408323845333E0,1.68016E1));
#3611=DIRECTION('',(0.E0,0.E0,1.E0));
#3612=DIRECTION('',(2.419218957274E-1,9.702957262441E-1,0.E0));
#3613=AXIS2_PLACEMENT_3D('',#3610,#3611,#3612);
#3615=CURVE_STYLE('',#25,POSITIVE_LENGTH_MEASURE(2.E-2),#3454);
#3616=PRESENTATION_STYLE_ASSIGNMENT((#3615));
#3617=STYLED_ITEM('',(#3616),#3614);
#3618=CARTESIAN_POINT('',(-5.564683901101E0,-2.408323845333E0,1.68016E1));
#3619=DIRECTION('',(0.E0,0.E0,1.E0));
#3620=DIRECTION('',(-4.007830654510E-11,1.E0,0.E0));
#3621=AXIS2_PLACEMENT_3D('',#3618,#3619,#3620);
#3623=CURVE_STYLE('',#25,POSITIVE_LENGTH_MEASURE(2.E-2),#3454);
#3624=PRESENTATION_STYLE_ASSIGNMENT((#3623));
#3625=STYLED_ITEM('',(#3624),#3622);
#3626=DIRECTION('',(7.679341360857E-13,-1.E0,0.E0));
#3627=VECTOR('',#3626,2.891453765252E-1);
#3628=CARTESIAN_POINT('',(-5.635045319176E0,-2.408323845338E0,1.68016E1));
#3629=LINE('',#3628,#3627);
#3630=CURVE_STYLE('',#25,POSITIVE_LENGTH_MEASURE(2.E-2),#3454);
#3631=PRESENTATION_STYLE_ASSIGNMENT((#3630));
#3632=STYLED_ITEM('',(#3631),#3629);
#3633=CARTESIAN_POINT('',(-5.852420371110E0,-2.697469221845E0,1.68016E1));
#3634=DIRECTION('',(0.E0,0.E0,-1.E0));
#3635=DIRECTION('',(1.E0,-1.325842192300E-10,0.E0));
#3636=AXIS2_PLACEMENT_3D('',#3633,#3634,#3635);
#3638=CURVE_STYLE('',#25,POSITIVE_LENGTH_MEASURE(2.E-2),#3454);
#3639=PRESENTATION_STYLE_ASSIGNMENT((#3638));
#3640=STYLED_ITEM('',(#3639),#3637);
#3641=CARTESIAN_POINT('',(-5.852420371110E0,-2.697469221845E0,1.68016E1));
#3642=DIRECTION('',(0.E0,0.E0,-1.E0));
#3643=DIRECTION('',(0.E0,-1.E0,0.E0));
#3644=AXIS2_PLACEMENT_3D('',#3641,#3642,#3643);
#3646=CURVE_STYLE('',#25,POSITIVE_LENGTH_MEASURE(2.E-2),#3454);
#3647=PRESENTATION_STYLE_ASSIGNMENT((#3646));
#3648=STYLED_ITEM('',(#3647),#3645);
#3649=DIRECTION('',(-9.702957262759E-1,2.419218955999E-1,0.E0));
#3650=VECTOR('',#3649,1.271655488767E0);
#3651=CARTESIAN_POINT('',(-5.905008155704E0,-2.908387305742E0,1.68016E1));
#3652=LINE('',#3651,#3650);
#3653=CURVE_STYLE('',#25,POSITIVE_LENGTH_MEASURE(2.E-2),#3454);
#3654=PRESENTATION_STYLE_ASSIGNMENT((#3653));
#3655=STYLED_ITEM('',(#3654),#3652);
#3656=DIRECTION('',(-4.995721666287E-14,1.E0,0.E0));
#3657=VECTOR('',#3656,3.911331843258E-1);
#3658=CARTESIAN_POINT('',(-7.138890041750E0,-2.600745999350E0,1.68016E1));
#3659=LINE('',#3658,#3657);
#3660=CURVE_STYLE('',#25,POSITIVE_LENGTH_MEASURE(2.E-2),#3454);
#3661=PRESENTATION_STYLE_ASSIGNMENT((#3660));
#3662=STYLED_ITEM('',(#3661),#3659);
#3663=DIRECTION('',(9.702957262759E-1,-2.419218956E-1,0.E0));
#3664=VECTOR('',#3663,9.837317920813E-1);
#3665=CARTESIAN_POINT('',(-7.138890041750E0,-2.209612815024E0,1.68016E1));
#3666=LINE('',#3665,#3664);
#3667=CURVE_STYLE('',#25,POSITIVE_LENGTH_MEASURE(2.E-2),#3454);
#3668=PRESENTATION_STYLE_ASSIGNMENT((#3667));
#3669=STYLED_ITEM('',(#3668),#3666);
#3670=CARTESIAN_POINT('',(-6.161804481875E0,-2.357056472467E0,1.68016E1));
#3671=DIRECTION('',(0.E0,0.E0,1.E0));
#3672=DIRECTION('',(-2.419218952159E-1,-9.702957263717E-1,0.E0));
#3673=AXIS2_PLACEMENT_3D('',#3670,#3671,#3672);
#3675=CURVE_STYLE('',#25,POSITIVE_LENGTH_MEASURE(2.E-2),#3454);
#3676=PRESENTATION_STYLE_ASSIGNMENT((#3675));
#3677=STYLED_ITEM('',(#3676),#3674);
#3678=CARTESIAN_POINT('',(-6.161804481875E0,-2.357056472467E0,1.68016E1));
#3679=DIRECTION('',(0.E0,0.E0,1.E0));
#3680=DIRECTION('',(0.E0,-1.E0,0.E0));
#3681=AXIS2_PLACEMENT_3D('',#3678,#3679,#3680);
#3683=CURVE_STYLE('',#25,POSITIVE_LENGTH_MEASURE(2.E-2),#3454);
#3684=PRESENTATION_STYLE_ASSIGNMENT((#3683));
#3685=STYLED_ITEM('',(#3684),#3682);
#3686=DIRECTION('',(6.652521630913E-14,1.E0,0.E0));
#3687=VECTOR('',#3686,1.468610424550E-1);
#3688=CARTESIAN_POINT('',(-6.068490041750E0,-2.357056472473E0,1.68016E1));
#3689=LINE('',#3688,#3687);
#3690=CURVE_STYLE('',#25,POSITIVE_LENGTH_MEASURE(2.E-2),#3454);
#3691=PRESENTATION_STYLE_ASSIGNMENT((#3690));
#3692=STYLED_ITEM('',(#3691),#3689);
#3693=DIRECTION('',(-9.702957262759E-1,2.419218955999E-1,0.E0));
#3694=VECTOR('',#3693,1.103168828856E0);
#3695=CARTESIAN_POINT('',(-6.068490041750E0,-2.210195430018E0,1.68016E1));
#3696=LINE('',#3695,#3694);
#3697=CURVE_STYLE('',#25,POSITIVE_LENGTH_MEASURE(2.E-2),#3454);
#3698=PRESENTATION_STYLE_ASSIGNMENT((#3697));
#3699=STYLED_ITEM('',(#3698),#3696);
#3700=DIRECTION('',(-1.350224951465E-13,1.E0,0.E0));
#3701=VECTOR('',#3700,3.881021951597E-1);
#3702=CARTESIAN_POINT('',(-7.138890041750E0,-1.943314735774E0,1.68016E1));
#3703=LINE('',#3702,#3701);
#3704=CURVE_STYLE('',#25,POSITIVE_LENGTH_MEASURE(2.E-2),#3454);
#3705=PRESENTATION_STYLE_ASSIGNMENT((#3704));
#3706=STYLED_ITEM('',(#3705),#3703);
#3707=DIRECTION('',(9.694524358107E-1,-2.452793809123E-1,0.E0));
#3708=VECTOR('',#3707,2.487099722467E0);
#3709=CARTESIAN_POINT('',(-7.138890041750E0,-1.555212540614E0,1.68016E1));
#3710=LINE('',#3709,#3708);
#3711=CURVE_STYLE('',#25,POSITIVE_LENGTH_MEASURE(2.E-2),#3454);
#3712=PRESENTATION_STYLE_ASSIGNMENT((#3711));
#3713=STYLED_ITEM('',(#3712),#3710);
#3714=CARTESIAN_POINT('',(-4.766419207170E0,-2.318024695133E0,1.68016E1));
#3715=DIRECTION('',(0.E0,0.E0,-1.E0));
#3716=DIRECTION('',(2.452793807065E-1,9.694524358628E-1,0.E0));
#3717=AXIS2_PLACEMENT_3D('',#3714,#3715,#3716);
#3719=CURVE_STYLE('',#25,POSITIVE_LENGTH_MEASURE(2.E-2),#3454);
#3720=PRESENTATION_STYLE_ASSIGNMENT((#3719));
#3721=STYLED_ITEM('',(#3720),#3718);
#3722=DIRECTION('',(-1.633365779048E-13,-1.E0,0.E0));
#3723=VECTOR('',#3722,9.135367988216E-1);
#3724=CARTESIAN_POINT('',(-4.608827283445E0,-2.318024695123E0,1.68016E1));
#3725=LINE('',#3724,#3723);
#3726=CURVE_STYLE('',#25,POSITIVE_LENGTH_MEASURE(2.E-2),#3454);
#3727=PRESENTATION_STYLE_ASSIGNMENT((#3726));
#3728=STYLED_ITEM('',(#3727),#3725);
#3729=DIRECTION('',(1.387778780781E-14,7.632783294298E-14,-1.E0));
#3730=VECTOR('',#3729,6.4E-2);
#3731=CARTESIAN_POINT('',(-4.608827283445E0,-3.231561493945E0,1.68016E1));
#3732=LINE('',#3731,#3730);
#3733=CURVE_STYLE('',#25,POSITIVE_LENGTH_MEASURE(2.E-2),#3454);
#3734=PRESENTATION_STYLE_ASSIGNMENT((#3733));
#3735=STYLED_ITEM('',(#3734),#3732);
#3736=DIRECTION('',(-1.604198532995E-13,-1.E0,0.E0));
#3737=VECTOR('',#3736,9.135367988205E-1);
#3738=CARTESIAN_POINT('',(-4.608827283445E0,-2.318024695124E0,1.67376E1));
#3739=LINE('',#3738,#3737);
#3740=CURVE_STYLE('',#25,POSITIVE_LENGTH_MEASURE(2.E-2),#3454);
#3741=PRESENTATION_STYLE_ASSIGNMENT((#3740));
#3742=STYLED_ITEM('',(#3741),#3739);
#3743=DIRECTION('',(1.387778780781E-14,1.613986722049E-11,1.E0));
#3744=VECTOR('',#3743,6.4E-2);
#3745=CARTESIAN_POINT('',(-4.608827283445E0,-2.318024695124E0,1.67376E1));
#3746=LINE('',#3745,#3744);
#3747=CURVE_STYLE('',#25,POSITIVE_LENGTH_MEASURE(2.E-2),#3454);
#3748=PRESENTATION_STYLE_ASSIGNMENT((#3747));
#3749=STYLED_ITEM('',(#3748),#3746);
#3750=DIRECTION('',(1.819933093117E-10,-4.753836213567E-11,-1.E0));
#3751=VECTOR('',#3750,6.4E-2);
#3752=CARTESIAN_POINT('',(-4.727765157700E0,-2.165246820808E0,1.68016E1));
#3753=LINE('',#3752,#3751);
#3754=CURVE_STYLE('',#25,POSITIVE_LENGTH_MEASURE(2.E-2),#3454);
#3755=PRESENTATION_STYLE_ASSIGNMENT((#3754));
#3756=STYLED_ITEM('',(#3755),#3753);
#3757=DIRECTION('',(5.412337245048E-13,-3.268219028740E-12,-1.E0));
#3758=VECTOR('',#3757,6.4E-2);
#3759=CARTESIAN_POINT('',(-7.138890041750E0,-1.555212540614E0,1.68016E1));
#3760=LINE('',#3759,#3758);
#3761=CURVE_STYLE('',#25,POSITIVE_LENGTH_MEASURE(2.E-2),#3454);
#3762=PRESENTATION_STYLE_ASSIGNMENT((#3761));
#3763=STYLED_ITEM('',(#3762),#3760);
#3764=DIRECTION('',(-3.747002708110E-13,2.820660371938E-12,-1.E0));
#3765=VECTOR('',#3764,6.4E-2);
#3766=CARTESIAN_POINT('',(-7.138890041750E0,-1.943314735774E0,1.68016E1));
#3767=LINE('',#3766,#3765);
#3768=CURVE_STYLE('',#25,POSITIVE_LENGTH_MEASURE(2.E-2),#3454);
#3769=PRESENTATION_STYLE_ASSIGNMENT((#3768));
#3770=STYLED_ITEM('',(#3769),#3767);
#3771=DIRECTION('',(2.059665180203E-14,1.E0,0.E0));
#3772=VECTOR('',#3771,3.881021951593E-1);
#3773=CARTESIAN_POINT('',(-7.138890041750E0,-1.943314735774E0,1.67376E1));
#3774=LINE('',#3773,#3772);
#3775=CURVE_STYLE('',#25,POSITIVE_LENGTH_MEASURE(2.E-2),#3454);
#3776=PRESENTATION_STYLE_ASSIGNMENT((#3775));
#3777=STYLED_ITEM('',(#3776),#3774);
#3778=DIRECTION('',(-1.526556658860E-13,2.761679773755E-12,-1.E0));
#3779=VECTOR('',#3778,6.4E-2);
#3780=CARTESIAN_POINT('',(-6.068490041750E0,-2.210195430018E0,1.68016E1));
#3781=LINE('',#3780,#3779);
#3782=CURVE_STYLE('',#25,POSITIVE_LENGTH_MEASURE(2.E-2),#3454);
#3783=PRESENTATION_STYLE_ASSIGNMENT((#3782));
#3784=STYLED_ITEM('',(#3783),#3781);
#3785=DIRECTION('',(1.814324081166E-14,1.E0,0.E0));
#3786=VECTOR('',#3785,1.468610424543E-1);
#3787=CARTESIAN_POINT('',(-6.068490041750E0,-2.357056472472E0,1.67376E1));
#3788=LINE('',#3787,#3786);
#3789=CURVE_STYLE('',#25,POSITIVE_LENGTH_MEASURE(2.E-2),#3454);
#3790=PRESENTATION_STYLE_ASSIGNMENT((#3789));
#3791=STYLED_ITEM('',(#3790),#3788);
#3792=DIRECTION('',(-8.060219158779E-11,1.824929096728E-11,-1.E0));
#3793=VECTOR('',#3792,6.4E-2);
#3794=CARTESIAN_POINT('',(-6.184379288092E0,-2.447599074926E0,1.68016E1));
#3795=LINE('',#3794,#3793);
#3796=CURVE_STYLE('',#25,POSITIVE_LENGTH_MEASURE(2.E-2),#3454);
#3797=PRESENTATION_STYLE_ASSIGNMENT((#3796));
#3798=STYLED_ITEM('',(#3797),#3795);
#3799=DIRECTION('',(4.163336342344E-14,-1.313532616010E-11,1.E0));
#3800=VECTOR('',#3799,6.4E-2);
#3801=CARTESIAN_POINT('',(-6.068490041750E0,-2.357056472472E0,1.67376E1));
#3802=LINE('',#3801,#3800);
#3803=CURVE_STYLE('',#25,POSITIVE_LENGTH_MEASURE(2.E-2),#3454);
#3804=PRESENTATION_STYLE_ASSIGNMENT((#3803));
#3805=STYLED_ITEM('',(#3804),#3802);
#3806=DIRECTION('',(1.665334536938E-13,-2.366162821232E-12,-1.E0));
#3807=VECTOR('',#3806,6.4E-2);
#3808=CARTESIAN_POINT('',(-7.138890041750E0,-2.209612815024E0,1.68016E1));
#3809=LINE('',#3808,#3807);
#3810=CURVE_STYLE('',#25,POSITIVE_LENGTH_MEASURE(2.E-2),#3454);
#3811=PRESENTATION_STYLE_ASSIGNMENT((#3810));
#3812=STYLED_ITEM('',(#3811),#3809);
#3813=DIRECTION('',(5.828670879282E-13,-2.754740879851E-12,-1.E0));
#3814=VECTOR('',#3813,6.4E-2);
#3815=CARTESIAN_POINT('',(-7.138890041750E0,-2.600745999350E0,1.68016E1));
#3816=LINE('',#3815,#3814);
#3817=CURVE_STYLE('',#25,POSITIVE_LENGTH_MEASURE(2.E-2),#3454);
#3818=PRESENTATION_STYLE_ASSIGNMENT((#3817));
#3819=STYLED_ITEM('',(#3818),#3816);
#3820=DIRECTION('',(-1.135391287792E-13,1.E0,0.E0));
#3821=VECTOR('',#3820,3.911331843258E-1);
#3822=CARTESIAN_POINT('',(-7.138890041750E0,-2.600745999350E0,1.67376E1));
#3823=LINE('',#3822,#3821);
#3824=CURVE_STYLE('',#25,POSITIVE_LENGTH_MEASURE(2.E-2),#3454);
#3825=PRESENTATION_STYLE_ASSIGNMENT((#3824));
#3826=STYLED_ITEM('',(#3825),#3823);
#3827=DIRECTION('',(0.E0,-1.774969060619E-11,-1.E0));
#3828=VECTOR('',#3827,6.4E-2);
#3829=CARTESIAN_POINT('',(-5.635045319176E0,-2.697469221863E0,1.68016E1));
#3830=LINE('',#3829,#3828);
#3831=CURVE_STYLE('',#25,POSITIVE_LENGTH_MEASURE(2.E-2),#3454);
#3832=PRESENTATION_STYLE_ASSIGNMENT((#3831));
#3833=STYLED_ITEM('',(#3832),#3830);
#3834=DIRECTION('',(3.039374307789E-10,-7.499556531343E-11,1.E0));
#3835=VECTOR('',#3834,6.4E-2);
#3836=CARTESIAN_POINT('',(-5.905008155724E0,-2.908387305738E0,1.67376E1));
#3837=LINE('',#3836,#3835);
#3838=CURVE_STYLE('',#25,POSITIVE_LENGTH_MEASURE(2.E-2),#3454);
#3839=PRESENTATION_STYLE_ASSIGNMENT((#3838));
#3840=STYLED_ITEM('',(#3839),#3837);
#3841=DIRECTION('',(7.617906630008E-13,-1.E0,0.E0));
#3842=VECTOR('',#3841,2.891453765237E-1);
#3843=CARTESIAN_POINT('',(-5.635045319176E0,-2.408323845341E0,1.67376E1));
#3844=LINE('',#3843,#3842);
#3845=CURVE_STYLE('',#25,POSITIVE_LENGTH_MEASURE(2.E-2),#3454);
#3846=PRESENTATION_STYLE_ASSIGNMENT((#3845));
#3847=STYLED_ITEM('',(#3846),#3844);
#3848=CARTESIAN_POINT('',(-5.148779280701E0,-3.096936340838E0,1.67376E1));
#3849=CARTESIAN_POINT('',(-5.148779280701E0,-2.439505077262E0,1.67376E1));
#3850=VERTEX_POINT('',#3848);
#3851=VERTEX_POINT('',#3849);
#3852=CARTESIAN_POINT('',(-4.608827283445E0,-3.231561493945E0,1.67376E1));
#3853=VERTEX_POINT('',#3852);
#3854=CARTESIAN_POINT('',(-4.608827283445E0,-2.318024695124E0,1.67376E1));
#3855=VERTEX_POINT('',#3854);
#3856=CARTESIAN_POINT('',(-4.727765157689E0,-2.165246820812E0,1.67376E1));
#3857=VERTEX_POINT('',#3856);
#3858=CARTESIAN_POINT('',(-7.138890041750E0,-1.555212540615E0,1.67376E1));
#3859=VERTEX_POINT('',#3858);
#3860=CARTESIAN_POINT('',(-7.138890041750E0,-1.943314735774E0,1.67376E1));
#3861=VERTEX_POINT('',#3860);
#3862=CARTESIAN_POINT('',(-6.068490041750E0,-2.210195430018E0,1.67376E1));
#3863=VERTEX_POINT('',#3862);
#3864=CARTESIAN_POINT('',(-6.068490041750E0,-2.357056472472E0,1.67376E1));
#3865=VERTEX_POINT('',#3864);
#3866=CARTESIAN_POINT('',(-6.161804481875E0,-2.450370912592E0,1.67376E1));
#3867=VERTEX_POINT('',#3866);
#3868=CARTESIAN_POINT('',(-6.184379288096E0,-2.447599074926E0,1.67376E1));
#3869=VERTEX_POINT('',#3868);
#3870=CARTESIAN_POINT('',(-7.138890041750E0,-2.209612815024E0,1.67376E1));
#3871=VERTEX_POINT('',#3870);
#3872=CARTESIAN_POINT('',(-7.138890041750E0,-2.600745999350E0,1.67376E1));
#3873=VERTEX_POINT('',#3872);
#3874=CARTESIAN_POINT('',(-5.905008155724E0,-2.908387305738E0,1.67376E1));
#3875=VERTEX_POINT('',#3874);
#3876=CARTESIAN_POINT('',(-5.852420371110E0,-2.914844273780E0,1.67376E1));
#3877=VERTEX_POINT('',#3876);
#3878=CARTESIAN_POINT('',(-5.635045319175E0,-2.697469221876E0,1.67376E1));
#3879=VERTEX_POINT('',#3878);
#3880=CARTESIAN_POINT('',(-5.635045319176E0,-2.408323845341E0,1.67376E1));
#3881=VERTEX_POINT('',#3880);
#3882=CARTESIAN_POINT('',(-5.564683901109E0,-2.337962427258E0,1.67376E1));
#3883=VERTEX_POINT('',#3882);
#3884=CARTESIAN_POINT('',(-5.547661933464E0,-2.340052462080E0,1.67376E1));
#3885=VERTEX_POINT('',#3884);
#3886=CARTESIAN_POINT('',(-5.148779280701E0,-2.439505077262E0,1.68016E1));
#3887=VERTEX_POINT('',#3886);
#3888=CARTESIAN_POINT('',(-5.148779280701E0,-3.096936340838E0,1.68016E1));
#3889=VERTEX_POINT('',#3888);
#3890=CARTESIAN_POINT('',(-5.547661933461E0,-2.340052462081E0,1.68016E1));
#3891=VERTEX_POINT('',#3890);
#3892=CARTESIAN_POINT('',(-5.564683901104E0,-2.337962427258E0,1.68016E1));
#3893=CARTESIAN_POINT('',(-5.635045319176E0,-2.408323845339E0,1.68016E1));
#3894=VERTEX_POINT('',#3892);
#3895=VERTEX_POINT('',#3893);
#3896=CARTESIAN_POINT('',(-4.608827283445E0,-3.231561493945E0,1.68016E1));
#3897=VERTEX_POINT('',#3896);
#3898=CARTESIAN_POINT('',(-5.635045319176E0,-2.697469221863E0,1.68016E1));
#3899=VERTEX_POINT('',#3898);
#3900=CARTESIAN_POINT('',(-5.852420371110E0,-2.914844273780E0,1.68016E1));
#3901=VERTEX_POINT('',#3900);
#3902=CARTESIAN_POINT('',(-5.905008155679E0,-2.908387305749E0,1.68016E1));
#3903=VERTEX_POINT('',#3902);
#3904=CARTESIAN_POINT('',(-7.138890041750E0,-2.600745999350E0,1.68016E1));
#3905=VERTEX_POINT('',#3904);
#3906=CARTESIAN_POINT('',(-7.138890041750E0,-2.209612815024E0,1.68016E1));
#3907=VERTEX_POINT('',#3906);
#3908=CARTESIAN_POINT('',(-6.184379288092E0,-2.447599074926E0,1.68016E1));
#3909=VERTEX_POINT('',#3908);
#3910=CARTESIAN_POINT('',(-6.161804481875E0,-2.450370912592E0,1.68016E1));
#3911=VERTEX_POINT('',#3910);
#3912=CARTESIAN_POINT('',(-6.068490041750E0,-2.357056472475E0,1.68016E1));
#3913=VERTEX_POINT('',#3912);
#3914=CARTESIAN_POINT('',(-6.068490041750E0,-2.210195430018E0,1.68016E1));
#3915=VERTEX_POINT('',#3914);
#3916=CARTESIAN_POINT('',(-7.138890041750E0,-1.943314735774E0,1.68016E1));
#3917=VERTEX_POINT('',#3916);
#3918=CARTESIAN_POINT('',(-7.138890041750E0,-1.555212540614E0,1.68016E1));
#3919=VERTEX_POINT('',#3918);
#3920=CARTESIAN_POINT('',(-4.727765157700E0,-2.165246820808E0,1.68016E1));
#3921=VERTEX_POINT('',#3920);
#3922=CARTESIAN_POINT('',(-4.608827283445E0,-2.318024695120E0,1.68016E1));
#3923=VERTEX_POINT('',#3922);
#3924=CARTESIAN_POINT('',(-4.766419207170E0,-2.318024695133E0,1.67376E1));
#3925=DIRECTION('',(0.E0,0.E0,1.E0));
#3926=DIRECTION('',(0.E0,1.E0,0.E0));
#3927=AXIS2_PLACEMENT_3D('',#3924,#3925,#3926);
#3928=PLANE('',#3927);
#3930=ORIENTED_EDGE('',*,*,#3929,.F.);
#3932=ORIENTED_EDGE('',*,*,#3931,.T.);
#3934=ORIENTED_EDGE('',*,*,#3933,.F.);
#3936=ORIENTED_EDGE('',*,*,#3935,.T.);
#3938=ORIENTED_EDGE('',*,*,#3937,.T.);
#3940=ORIENTED_EDGE('',*,*,#3939,.F.);
#3942=ORIENTED_EDGE('',*,*,#3941,.T.);
#3944=ORIENTED_EDGE('',*,*,#3943,.F.);
#3946=ORIENTED_EDGE('',*,*,#3945,.T.);
#3948=ORIENTED_EDGE('',*,*,#3947,.T.);
#3950=ORIENTED_EDGE('',*,*,#3949,.T.);
#3952=ORIENTED_EDGE('',*,*,#3951,.F.);
#3954=ORIENTED_EDGE('',*,*,#3953,.T.);
#3956=ORIENTED_EDGE('',*,*,#3955,.T.);
#3958=ORIENTED_EDGE('',*,*,#3957,.T.);
#3960=ORIENTED_EDGE('',*,*,#3959,.F.);
#3962=ORIENTED_EDGE('',*,*,#3961,.T.);
#3964=ORIENTED_EDGE('',*,*,#3963,.T.);
#3966=ORIENTED_EDGE('',*,*,#3965,.T.);
#3967=EDGE_LOOP('',(#3930,#3932,#3934,#3936,#3938,#3940,#3942,#3944,#3946,#3948,
#3950,#3952,#3954,#3956,#3958,#3960,#3962,#3964,#3966));
#3968=FACE_OUTER_BOUND('',#3967,.F.);
#3970=CARTESIAN_POINT('',(-5.148779280701E0,-2.439505077262E0,1.68656E1));
#3971=DIRECTION('',(1.E0,0.E0,0.E0));
#3972=DIRECTION('',(0.E0,0.E0,-1.E0));
#3973=AXIS2_PLACEMENT_3D('',#3970,#3971,#3972);
#3974=PLANE('',#3973);
#3976=ORIENTED_EDGE('',*,*,#3975,.F.);
#3978=ORIENTED_EDGE('',*,*,#3977,.F.);
#3980=ORIENTED_EDGE('',*,*,#3979,.T.);
#3981=ORIENTED_EDGE('',*,*,#3929,.T.);
#3982=EDGE_LOOP('',(#3976,#3978,#3980,#3981));
#3983=FACE_OUTER_BOUND('',#3982,.F.);
#3985=CARTESIAN_POINT('',(-5.547661933464E0,-2.340052462080E0,1.68656E1));
#3986=DIRECTION('',(2.419218955996E-1,9.702957262760E-1,0.E0));
#3987=DIRECTION('',(-9.702957262760E-1,2.419218955996E-1,0.E0));
#3988=AXIS2_PLACEMENT_3D('',#3985,#3986,#3987);
#3989=PLANE('',#3988);
#3991=ORIENTED_EDGE('',*,*,#3990,.F.);
#3993=ORIENTED_EDGE('',*,*,#3992,.F.);
#3994=ORIENTED_EDGE('',*,*,#3975,.T.);
#3995=ORIENTED_EDGE('',*,*,#3965,.F.);
#3996=EDGE_LOOP('',(#3991,#3993,#3994,#3995));
#3997=FACE_OUTER_BOUND('',#3996,.F.);
#3999=CARTESIAN_POINT('',(-5.564683901101E0,-2.408323845333E0,1.68656E1));
#4000=DIRECTION('',(0.E0,0.E0,-1.E0));
#4001=DIRECTION('',(0.E0,-1.E0,0.E0));
#4002=AXIS2_PLACEMENT_3D('',#3999,#4000,#4001);
#4003=CYLINDRICAL_SURFACE('',#4002,7.036141807475E-2);
#4005=ORIENTED_EDGE('',*,*,#4004,.F.);
#4007=ORIENTED_EDGE('',*,*,#4006,.F.);
#4008=ORIENTED_EDGE('',*,*,#3990,.T.);
#4009=ORIENTED_EDGE('',*,*,#3963,.F.);
#4010=ORIENTED_EDGE('',*,*,#3961,.F.);
#4012=ORIENTED_EDGE('',*,*,#4011,.T.);
#4013=EDGE_LOOP('',(#4005,#4007,#4008,#4009,#4010,#4012));
#4014=FACE_OUTER_BOUND('',#4013,.F.);
#4016=CARTESIAN_POINT('',(-5.92E0,0.E0,1.68016E1));
#4017=DIRECTION('',(0.E0,0.E0,1.E0));
#4018=DIRECTION('',(1.E0,0.E0,0.E0));
#4019=AXIS2_PLACEMENT_3D('',#4016,#4017,#4018);
#4020=PLANE('',#4019);
#4022=ORIENTED_EDGE('',*,*,#4021,.T.);
#4023=ORIENTED_EDGE('',*,*,#3977,.T.);
#4024=ORIENTED_EDGE('',*,*,#3992,.T.);
#4025=ORIENTED_EDGE('',*,*,#4006,.T.);
#4026=ORIENTED_EDGE('',*,*,#4004,.T.);
#4028=ORIENTED_EDGE('',*,*,#4027,.T.);
#4030=ORIENTED_EDGE('',*,*,#4029,.T.);
#4032=ORIENTED_EDGE('',*,*,#4031,.T.);
#4034=ORIENTED_EDGE('',*,*,#4033,.T.);
#4036=ORIENTED_EDGE('',*,*,#4035,.T.);
#4038=ORIENTED_EDGE('',*,*,#4037,.T.);
#4040=ORIENTED_EDGE('',*,*,#4039,.T.);
#4042=ORIENTED_EDGE('',*,*,#4041,.T.);
#4044=ORIENTED_EDGE('',*,*,#4043,.T.);
#4046=ORIENTED_EDGE('',*,*,#4045,.T.);
#4048=ORIENTED_EDGE('',*,*,#4047,.T.);
#4050=ORIENTED_EDGE('',*,*,#4049,.T.);
#4052=ORIENTED_EDGE('',*,*,#4051,.T.);
#4054=ORIENTED_EDGE('',*,*,#4053,.T.);
#4055=EDGE_LOOP('',(#4022,#4023,#4024,#4025,#4026,#4028,#4030,#4032,#4034,#4036,
#4038,#4040,#4042,#4044,#4046,#4048,#4050,#4052,#4054));
#4056=FACE_OUTER_BOUND('',#4055,.F.);
#4058=CARTESIAN_POINT('',(-5.148779280701E0,-3.096936340838E0,1.68656E1));
#4059=DIRECTION('',(2.419218955996E-1,9.702957262760E-1,0.E0));
#4060=DIRECTION('',(-9.702957262760E-1,2.419218955996E-1,0.E0));
#4061=AXIS2_PLACEMENT_3D('',#4058,#4059,#4060);
#4062=PLANE('',#4061);
#4063=ORIENTED_EDGE('',*,*,#3979,.F.);
#4064=ORIENTED_EDGE('',*,*,#4021,.F.);
#4066=ORIENTED_EDGE('',*,*,#4065,.T.);
#4067=ORIENTED_EDGE('',*,*,#3931,.F.);
#4068=EDGE_LOOP('',(#4063,#4064,#4066,#4067));
#4069=FACE_OUTER_BOUND('',#4068,.F.);
#4071=CARTESIAN_POINT('',(-4.608827283445E0,-3.231561493946E0,1.68656E1));
#4072=DIRECTION('',(-1.E0,0.E0,0.E0));
#4073=DIRECTION('',(0.E0,0.E0,1.E0));
#4074=AXIS2_PLACEMENT_3D('',#4071,#4072,#4073);
#4075=PLANE('',#4074);
#4076=ORIENTED_EDGE('',*,*,#4065,.F.);
#4077=ORIENTED_EDGE('',*,*,#4053,.F.);
#4079=ORIENTED_EDGE('',*,*,#4078,.F.);
#4080=ORIENTED_EDGE('',*,*,#3933,.T.);
#4081=EDGE_LOOP('',(#4076,#4077,#4079,#4080));
#4082=FACE_OUTER_BOUND('',#4081,.F.);
#4084=CARTESIAN_POINT('',(-4.766419207170E0,-2.318024695133E0,1.68656E1));
#4085=DIRECTION('',(0.E0,0.E0,-1.E0));
#4086=DIRECTION('',(0.E0,-1.E0,0.E0));
#4087=AXIS2_PLACEMENT_3D('',#4084,#4085,#4086);
#4088=CYLINDRICAL_SURFACE('',#4087,1.575919237253E-1);
#4089=ORIENTED_EDGE('',*,*,#4078,.T.);
#4090=ORIENTED_EDGE('',*,*,#4051,.F.);
#4092=ORIENTED_EDGE('',*,*,#4091,.T.);
#4093=ORIENTED_EDGE('',*,*,#3935,.F.);
#4094=EDGE_LOOP('',(#4089,#4090,#4092,#4093));
#4095=FACE_OUTER_BOUND('',#4094,.F.);
#4097=CARTESIAN_POINT('',(-4.727765157682E0,-2.165246820813E0,1.68656E1));
#4098=DIRECTION('',(-2.452793809122E-1,-9.694524358107E-1,0.E0));
#4099=DIRECTION('',(9.694524358107E-1,-2.452793809122E-1,0.E0));
#4100=AXIS2_PLACEMENT_3D('',#4097,#4098,#4099);
#4101=PLANE('',#4100);
#4102=ORIENTED_EDGE('',*,*,#4091,.F.);
#4103=ORIENTED_EDGE('',*,*,#4049,.F.);
#4105=ORIENTED_EDGE('',*,*,#4104,.T.);
#4106=ORIENTED_EDGE('',*,*,#3937,.F.);
#4107=EDGE_LOOP('',(#4102,#4103,#4105,#4106));
#4108=FACE_OUTER_BOUND('',#4107,.F.);
#4110=CARTESIAN_POINT('',(-7.138890041750E0,-1.555212540615E0,1.68656E1));
#4111=DIRECTION('',(1.E0,0.E0,0.E0));
#4112=DIRECTION('',(0.E0,0.E0,-1.E0));
#4113=AXIS2_PLACEMENT_3D('',#4110,#4111,#4112);
#4114=PLANE('',#4113);
#4115=ORIENTED_EDGE('',*,*,#4104,.F.);
#4116=ORIENTED_EDGE('',*,*,#4047,.F.);
#4118=ORIENTED_EDGE('',*,*,#4117,.T.);
#4119=ORIENTED_EDGE('',*,*,#3939,.T.);
#4120=EDGE_LOOP('',(#4115,#4116,#4118,#4119));
#4121=FACE_OUTER_BOUND('',#4120,.F.);
#4123=CARTESIAN_POINT('',(-7.138890041750E0,-1.943314735774E0,1.68656E1));
#4124=DIRECTION('',(2.419218955997E-1,9.702957262760E-1,0.E0));
#4125=DIRECTION('',(-9.702957262760E-1,2.419218955997E-1,0.E0));
#4126=AXIS2_PLACEMENT_3D('',#4123,#4124,#4125);
#4127=PLANE('',#4126);
#4128=ORIENTED_EDGE('',*,*,#4117,.F.);
#4129=ORIENTED_EDGE('',*,*,#4045,.F.);
#4131=ORIENTED_EDGE('',*,*,#4130,.T.);
#4132=ORIENTED_EDGE('',*,*,#3941,.F.);
#4133=EDGE_LOOP('',(#4128,#4129,#4131,#4132));
#4134=FACE_OUTER_BOUND('',#4133,.F.);
#4136=CARTESIAN_POINT('',(-6.068490041750E0,-2.210195430018E0,1.68656E1));
#4137=DIRECTION('',(1.E0,0.E0,0.E0));
#4138=DIRECTION('',(0.E0,0.E0,-1.E0));
#4139=AXIS2_PLACEMENT_3D('',#4136,#4137,#4138);
#4140=PLANE('',#4139);
#4141=ORIENTED_EDGE('',*,*,#4130,.F.);
#4142=ORIENTED_EDGE('',*,*,#4043,.F.);
#4144=ORIENTED_EDGE('',*,*,#4143,.F.);
#4145=ORIENTED_EDGE('',*,*,#3943,.T.);
#4146=EDGE_LOOP('',(#4141,#4142,#4144,#4145));
#4147=FACE_OUTER_BOUND('',#4146,.F.);
#4149=CARTESIAN_POINT('',(-6.161804481875E0,-2.357056472467E0,1.68656E1));
#4150=DIRECTION('',(0.E0,0.E0,-1.E0));
#4151=DIRECTION('',(0.E0,-1.E0,0.E0));
#4152=AXIS2_PLACEMENT_3D('',#4149,#4150,#4151);
#4153=CYLINDRICAL_SURFACE('',#4152,9.331444012514E-2);
#4154=ORIENTED_EDGE('',*,*,#4041,.F.);
#4155=ORIENTED_EDGE('',*,*,#4039,.F.);
#4157=ORIENTED_EDGE('',*,*,#4156,.T.);
#4158=ORIENTED_EDGE('',*,*,#3947,.F.);
#4159=ORIENTED_EDGE('',*,*,#3945,.F.);
#4160=ORIENTED_EDGE('',*,*,#4143,.T.);
#4161=EDGE_LOOP('',(#4154,#4155,#4157,#4158,#4159,#4160));
#4162=FACE_OUTER_BOUND('',#4161,.F.);
#4164=CARTESIAN_POINT('',(-6.184379288117E0,-2.447599074920E0,1.68656E1));
#4165=DIRECTION('',(-2.419218955997E-1,-9.702957262760E-1,0.E0));
#4166=DIRECTION('',(9.702957262760E-1,-2.419218955997E-1,0.E0));
#4167=AXIS2_PLACEMENT_3D('',#4164,#4165,#4166);
#4168=PLANE('',#4167);
#4169=ORIENTED_EDGE('',*,*,#4156,.F.);
#4170=ORIENTED_EDGE('',*,*,#4037,.F.);
#4172=ORIENTED_EDGE('',*,*,#4171,.T.);
#4173=ORIENTED_EDGE('',*,*,#3949,.F.);
#4174=EDGE_LOOP('',(#4169,#4170,#4172,#4173));
#4175=FACE_OUTER_BOUND('',#4174,.F.);
#4177=CARTESIAN_POINT('',(-7.138890041750E0,-2.209612815024E0,1.68656E1));
#4178=DIRECTION('',(1.E0,0.E0,0.E0));
#4179=DIRECTION('',(0.E0,0.E0,-1.E0));
#4180=AXIS2_PLACEMENT_3D('',#4177,#4178,#4179);
#4181=PLANE('',#4180);
#4182=ORIENTED_EDGE('',*,*,#4171,.F.);
#4183=ORIENTED_EDGE('',*,*,#4035,.F.);
#4185=ORIENTED_EDGE('',*,*,#4184,.T.);
#4186=ORIENTED_EDGE('',*,*,#3951,.T.);
#4187=EDGE_LOOP('',(#4182,#4183,#4185,#4186));
#4188=FACE_OUTER_BOUND('',#4187,.F.);
#4190=CARTESIAN_POINT('',(-7.138890041750E0,-2.600745999350E0,1.68656E1));
#4191=DIRECTION('',(2.419218955997E-1,9.702957262760E-1,0.E0));
#4192=DIRECTION('',(-9.702957262760E-1,2.419218955997E-1,0.E0));
#4193=AXIS2_PLACEMENT_3D('',#4190,#4191,#4192);
#4194=PLANE('',#4193);
#4195=ORIENTED_EDGE('',*,*,#4184,.F.);
#4196=ORIENTED_EDGE('',*,*,#4033,.F.);
#4198=ORIENTED_EDGE('',*,*,#4197,.F.);
#4199=ORIENTED_EDGE('',*,*,#3953,.F.);
#4200=EDGE_LOOP('',(#4195,#4196,#4198,#4199));
#4201=FACE_OUTER_BOUND('',#4200,.F.);
#4203=CARTESIAN_POINT('',(-5.852420371110E0,-2.697469221845E0,1.68656E1));
#4204=DIRECTION('',(0.E0,0.E0,-1.E0));
#4205=DIRECTION('',(0.E0,-1.E0,0.E0));
#4206=AXIS2_PLACEMENT_3D('',#4203,#4204,#4205);
#4207=CYLINDRICAL_SURFACE('',#4206,2.173750519347E-1);
#4208=ORIENTED_EDGE('',*,*,#4031,.F.);
#4209=ORIENTED_EDGE('',*,*,#4029,.F.);
#4211=ORIENTED_EDGE('',*,*,#4210,.T.);
#4212=ORIENTED_EDGE('',*,*,#3957,.F.);
#4213=ORIENTED_EDGE('',*,*,#3955,.F.);
#4214=ORIENTED_EDGE('',*,*,#4197,.T.);
#4215=EDGE_LOOP('',(#4208,#4209,#4211,#4212,#4213,#4214));
#4216=FACE_OUTER_BOUND('',#4215,.F.);
#4218=CARTESIAN_POINT('',(-5.635045319176E0,-2.697469221845E0,1.68656E1));
#4219=DIRECTION('',(-1.E0,0.E0,0.E0));
#4220=DIRECTION('',(0.E0,0.E0,1.E0));
#4221=AXIS2_PLACEMENT_3D('',#4218,#4219,#4220);
#4222=PLANE('',#4221);
#4223=ORIENTED_EDGE('',*,*,#4210,.F.);
#4224=ORIENTED_EDGE('',*,*,#4027,.F.);
#4225=ORIENTED_EDGE('',*,*,#4011,.F.);
#4226=ORIENTED_EDGE('',*,*,#3959,.T.);
#4227=EDGE_LOOP('',(#4223,#4224,#4225,#4226));
#4228=FACE_OUTER_BOUND('',#4227,.F.);
#4230=CLOSED_SHELL('',(#3969,#3984,#3998,#4015,#4057,#4070,#4083,#4096,#4109,
#4122,#4135,#4148,#4163,#4176,#4189,#4202,#4217,#4229));
#4231=MANIFOLD_SOLID_BREP('',#4230);
#4232=FILL_AREA_STYLE_COLOUR('',#3454);
#4233=FILL_AREA_STYLE('',(#4232));
#4234=SURFACE_STYLE_FILL_AREA(#4233);
#4235=SURFACE_SIDE_STYLE('',(#4234));
#4236=SURFACE_STYLE_USAGE(.BOTH.,#4235);
#4237=PRESENTATION_STYLE_ASSIGNMENT((#4236));
#3455=STYLED_ITEM('',(#4237),#4231);
#4240=PLANE_ANGLE_MEASURE_WITH_UNIT(PLANE_ANGLE_MEASURE(1.745329251994E-2),
#4239);
#4241=(CONVERSION_BASED_UNIT('DEGREE',#4240)NAMED_UNIT(*)PLANE_ANGLE_UNIT());
#4243=UNCERTAINTY_MEASURE_WITH_UNIT(LENGTH_MEASURE(3.035576082442E-4),#4238,
'distance_accuracy_value',
'Maximum model space distance between geometric entities at asserted connectivities');
#4245=CARTESIAN_POINT('',(0.E0,0.E0,0.E0));
#4246=DIRECTION('',(0.E0,0.E0,1.E0));
#4247=DIRECTION('',(1.E0,0.E0,0.E0));
#4250=PRODUCT_DEFINITION_CONTEXT('part definition',#2656,'design');
#4251=PRODUCT_CONTEXT('',#2656,'mechanical');
#4252=PRODUCT('LOGO_NX_PRT_180_1_1_1_1_2_1_1_8',
'LOGO_NX_PRT_180_1_1_1_1_2_1_1_8','NOT SPECIFIED',(#4251));
#4253=PRODUCT_DEFINITION_FORMATION('1','LAST_VERSION',#4252);
#4261=DERIVED_UNIT_ELEMENT(#4260,2.E0);
#4262=DERIVED_UNIT((#4261));
#4263=MEASURE_REPRESENTATION_ITEM('surface area measure',AREA_MEASURE(
4.698652859442E0),#4262);
#4268=DERIVED_UNIT_ELEMENT(#4267,3.E0);
#4269=DERIVED_UNIT((#4268));
#4270=MEASURE_REPRESENTATION_ITEM('volume measure',VOLUME_MEASURE(
1.288537200143E-1),#4269);
#4274=CARTESIAN_POINT('centre point',(-5.852969963889E0,-2.367800071398E0,
1.67696E1));
#4279=DERIVED_UNIT_ELEMENT(#4278,2.E0);
#4280=DERIVED_UNIT((#4279));
#4281=MEASURE_REPRESENTATION_ITEM('surface area measure',AREA_MEASURE(
4.698652859442E0),#4280);
#4286=DERIVED_UNIT_ELEMENT(#4285,3.E0);
#4287=DERIVED_UNIT((#4286));
#4288=MEASURE_REPRESENTATION_ITEM('volume measure',VOLUME_MEASURE(
1.288537200143E-1),#4287);
#4292=CARTESIAN_POINT('centre point',(-5.852969963889E0,-2.367800071398E0,
1.67696E1));
#4302=CARTESIAN_POINT('centre point',(-5.852969963889E0,-2.367800071398E0,
1.67696E1));
#4306=CARTESIAN_POINT('',(0.E0,0.E0,0.E0));
#4307=DIRECTION('',(0.E0,0.E0,1.E0));
#4308=DIRECTION('',(1.E0,0.E0,0.E0));
#4309=AXIS2_PLACEMENT_3D('',#4306,#4307,#4308);
#4310=ITEM_DEFINED_TRANSFORMATION('','',#4248,#4309);
#4311=CARTESIAN_POINT('',(0.E0,0.E0,0.E0));
#4312=DIRECTION('',(0.E0,0.E0,1.E0));
#4313=DIRECTION('',(1.E0,0.E0,0.E0));
#4315=(REPRESENTATION_RELATIONSHIP('','',#4249,#4299)REPRESENTATION_RELATIONSHIP_WITH_TRANSFORMATION(#4310)SHAPE_REPRESENTATION_RELATIONSHIP());
#4316=CONTEXT_DEPENDENT_SHAPE_REPRESENTATION(#4315,#4301);
#4318=DIRECTION('',(1.387778780781E-14,7.979727989493E-14,-1.E0));
#4319=VECTOR('',#4318,6.4E-2);
#4320=CARTESIAN_POINT('',(-4.608827283445E0,-1.413767571920E0,1.68016E1));
#4321=LINE('',#4320,#4319);
#4322=CURVE_STYLE('',#25,POSITIVE_LENGTH_MEASURE(2.E-2),#3454);
#4323=PRESENTATION_STYLE_ASSIGNMENT((#4322));
#4324=STYLED_ITEM('',(#4323),#4321);
#4325=DIRECTION('',(6.938893903907E-14,-4.857225732735E-14,1.E0));
#4326=VECTOR('',#4325,6.4E-2);
#4327=CARTESIAN_POINT('',(-6.146444998998E0,-1.420195003487E0,1.67376E1));
#4328=LINE('',#4327,#4326);
#4329=CURVE_STYLE('',#25,POSITIVE_LENGTH_MEASURE(2.E-2),#3454);
#4330=PRESENTATION_STYLE_ASSIGNMENT((#4329));
#4331=STYLED_ITEM('',(#4330),#4328);
#4332=DIRECTION('',(2.775557561563E-14,-1.769417945496E-13,-1.E0));
#4333=VECTOR('',#4332,6.4E-2);
#4334=CARTESIAN_POINT('',(-4.608827283445E0,-1.803566157642E0,1.68016E1));
#4335=LINE('',#4334,#4333);
#4336=CURVE_STYLE('',#25,POSITIVE_LENGTH_MEASURE(2.E-2),#3454);
#4337=PRESENTATION_STYLE_ASSIGNMENT((#4336));
#4338=STYLED_ITEM('',(#4337),#4335);
#4339=DIRECTION('',(8.326672684689E-14,-2.914335439641E-13,1.E0));
#4340=VECTOR('',#4339,6.4E-2);
#4341=CARTESIAN_POINT('',(-6.146444998998E0,-1.030396417765E0,1.67376E1));
#4342=LINE('',#4341,#4340);
#4343=CURVE_STYLE('',#25,POSITIVE_LENGTH_MEASURE(2.E-2),#3454);
#4344=PRESENTATION_STYLE_ASSIGNMENT((#4343));
#4345=STYLED_ITEM('',(#4344),#4342);
#4346=DIRECTION('',(0.E0,1.E0,0.E0));
#4347=VECTOR('',#4346,3.897985857220E-1);
#4348=CARTESIAN_POINT('',(-6.146444998998E0,-1.420195003487E0,1.67376E1));
#4349=LINE('',#4348,#4347);
#4350=CURVE_STYLE('',#25,POSITIVE_LENGTH_MEASURE(2.E-2),#3454);
#4351=PRESENTATION_STYLE_ASSIGNMENT((#4350));
#4352=STYLED_ITEM('',(#4351),#4349);
#4353=DIRECTION('',(-9.702957262760E-1,2.419218955996E-1,0.E0));
#4354=VECTOR('',#4353,1.584689774379E0);
#4355=CARTESIAN_POINT('',(-4.608827283445E0,-1.803566157642E0,1.68016E1));
#4356=LINE('',#4355,#4354);
#4357=CURVE_STYLE('',#25,POSITIVE_LENGTH_MEASURE(2.E-2),#3454);
#4358=PRESENTATION_STYLE_ASSIGNMENT((#4357));
#4359=STYLED_ITEM('',(#4358),#4356);
#4360=DIRECTION('',(0.E0,1.E0,0.E0));
#4361=VECTOR('',#4360,3.897985857220E-1);
#4362=CARTESIAN_POINT('',(-6.146444998998E0,-1.420195003487E0,1.68016E1));
#4363=LINE('',#4362,#4361);
#4364=CURVE_STYLE('',#25,POSITIVE_LENGTH_MEASURE(2.E-2),#3454);
#4365=PRESENTATION_STYLE_ASSIGNMENT((#4364));
#4366=STYLED_ITEM('',(#4365),#4363);
#4367=DIRECTION('',(9.702957262760E-1,-2.419218955996E-1,0.E0));
#4368=VECTOR('',#4367,1.584689774379E0);
#4369=CARTESIAN_POINT('',(-6.146444998998E0,-1.030396417765E0,1.68016E1));
#4370=LINE('',#4369,#4368);
#4371=CURVE_STYLE('',#25,POSITIVE_LENGTH_MEASURE(2.E-2),#3454);
#4372=PRESENTATION_STYLE_ASSIGNMENT((#4371));
#4373=STYLED_ITEM('',(#4372),#4370);
#4374=DIRECTION('',(0.E0,-1.E0,0.E0));
#4375=VECTOR('',#4374,3.897985857220E-1);
#4376=CARTESIAN_POINT('',(-4.608827283445E0,-1.413767571920E0,1.68016E1));
#4377=LINE('',#4376,#4375);
#4378=CURVE_STYLE('',#25,POSITIVE_LENGTH_MEASURE(2.E-2),#3454);
#4379=PRESENTATION_STYLE_ASSIGNMENT((#4378));
#4380=STYLED_ITEM('',(#4379),#4377);
#4381=DIRECTION('',(9.702957262760E-1,-2.419218955996E-1,0.E0));
#4382=VECTOR('',#4381,1.584689774379E0);
#4383=CARTESIAN_POINT('',(-6.146444998998E0,-1.420195003487E0,1.67376E1));
#4384=LINE('',#4383,#4382);
#4385=CURVE_STYLE('',#25,POSITIVE_LENGTH_MEASURE(2.E-2),#3454);
#4386=PRESENTATION_STYLE_ASSIGNMENT((#4385));
#4387=STYLED_ITEM('',(#4386),#4384);
#4388=DIRECTION('',(0.E0,1.E0,0.E0));
#4389=VECTOR('',#4388,3.897985857220E-1);
#4390=CARTESIAN_POINT('',(-4.608827283445E0,-1.803566157642E0,1.67376E1));
#4391=LINE('',#4390,#4389);
#4392=CURVE_STYLE('',#25,POSITIVE_LENGTH_MEASURE(2.E-2),#3454);
#4393=PRESENTATION_STYLE_ASSIGNMENT((#4392));
#4394=STYLED_ITEM('',(#4393),#4391);
#4395=DIRECTION('',(-9.702957262760E-1,2.419218955996E-1,0.E0));
#4396=VECTOR('',#4395,1.584689774379E0);
#4397=CARTESIAN_POINT('',(-4.608827283445E0,-1.413767571920E0,1.67376E1));
#4398=LINE('',#4397,#4396);
#4399=CURVE_STYLE('',#25,POSITIVE_LENGTH_MEASURE(2.E-2),#3454);
#4400=PRESENTATION_STYLE_ASSIGNMENT((#4399));
#4401=STYLED_ITEM('',(#4400),#4398);
#4402=CARTESIAN_POINT('',(-4.608827283445E0,-1.413767571920E0,1.68016E1));
#4403=CARTESIAN_POINT('',(-4.608827283445E0,-1.413767571920E0,1.67376E1));
#4404=VERTEX_POINT('',#4402);
#4405=VERTEX_POINT('',#4403);
#4406=CARTESIAN_POINT('',(-6.146444998998E0,-1.030396417765E0,1.68016E1));
#4407=VERTEX_POINT('',#4406);
#4408=CARTESIAN_POINT('',(-6.146444998998E0,-1.030396417765E0,1.67376E1));
#4409=VERTEX_POINT('',#4408);
#4410=CARTESIAN_POINT('',(-4.608827283445E0,-1.803566157642E0,1.68016E1));
#4411=CARTESIAN_POINT('',(-4.608827283445E0,-1.803566157642E0,1.67376E1));
#4412=VERTEX_POINT('',#4410);
#4413=VERTEX_POINT('',#4411);
#4414=CARTESIAN_POINT('',(-6.146444998998E0,-1.420195003487E0,1.67376E1));
#4415=CARTESIAN_POINT('',(-6.146444998998E0,-1.420195003487E0,1.68016E1));
#4416=VERTEX_POINT('',#4414);
#4417=VERTEX_POINT('',#4415);
#4418=CARTESIAN_POINT('',(-4.608827283445E0,-1.413767571920E0,1.68656E1));
#4419=DIRECTION('',(-2.419218955996E-1,-9.702957262760E-1,0.E0));
#4420=DIRECTION('',(9.702957262760E-1,-2.419218955996E-1,0.E0));
#4421=AXIS2_PLACEMENT_3D('',#4418,#4419,#4420);
#4422=PLANE('',#4421);
#4424=ORIENTED_EDGE('',*,*,#4423,.F.);
#4426=ORIENTED_EDGE('',*,*,#4425,.F.);
#4428=ORIENTED_EDGE('',*,*,#4427,.F.);
#4430=ORIENTED_EDGE('',*,*,#4429,.F.);
#4431=EDGE_LOOP('',(#4424,#4426,#4428,#4430));
#4432=FACE_OUTER_BOUND('',#4431,.F.);
#4434=CARTESIAN_POINT('',(-4.608827283445E0,-1.803566157642E0,1.68656E1));
#4435=DIRECTION('',(-1.E0,0.E0,0.E0));
#4436=DIRECTION('',(0.E0,0.E0,1.E0));
#4437=AXIS2_PLACEMENT_3D('',#4434,#4435,#4436);
#4438=PLANE('',#4437);
#4440=ORIENTED_EDGE('',*,*,#4439,.F.);
#4442=ORIENTED_EDGE('',*,*,#4441,.F.);
#4443=ORIENTED_EDGE('',*,*,#4423,.T.);
#4445=ORIENTED_EDGE('',*,*,#4444,.F.);
#4446=EDGE_LOOP('',(#4440,#4442,#4443,#4445));
#4447=FACE_OUTER_BOUND('',#4446,.F.);
#4449=CARTESIAN_POINT('',(-6.146444998998E0,-1.420195003487E0,1.68656E1));
#4450=DIRECTION('',(2.419218955996E-1,9.702957262760E-1,0.E0));
#4451=DIRECTION('',(-9.702957262760E-1,2.419218955996E-1,0.E0));
#4452=AXIS2_PLACEMENT_3D('',#4449,#4450,#4451);
#4453=PLANE('',#4452);
#4455=ORIENTED_EDGE('',*,*,#4454,.T.);
#4457=ORIENTED_EDGE('',*,*,#4456,.F.);
#4458=ORIENTED_EDGE('',*,*,#4439,.T.);
#4460=ORIENTED_EDGE('',*,*,#4459,.F.);
#4461=EDGE_LOOP('',(#4455,#4457,#4458,#4460));
#4462=FACE_OUTER_BOUND('',#4461,.F.);
#4464=CARTESIAN_POINT('',(-6.146444998998E0,-1.030396417765E0,1.68656E1));
#4465=DIRECTION('',(1.E0,0.E0,0.E0));
#4466=DIRECTION('',(0.E0,0.E0,-1.E0));
#4467=AXIS2_PLACEMENT_3D('',#4464,#4465,#4466);
#4468=PLANE('',#4467);
#4469=ORIENTED_EDGE('',*,*,#4427,.T.);
#4471=ORIENTED_EDGE('',*,*,#4470,.F.);
#4472=ORIENTED_EDGE('',*,*,#4454,.F.);
#4474=ORIENTED_EDGE('',*,*,#4473,.T.);
#4475=EDGE_LOOP('',(#4469,#4471,#4472,#4474));
#4476=FACE_OUTER_BOUND('',#4475,.F.);
#4478=CARTESIAN_POINT('',(-5.92E0,0.E0,1.68016E1));
#4479=DIRECTION('',(0.E0,0.E0,1.E0));
#4480=DIRECTION('',(1.E0,0.E0,0.E0));
#4481=AXIS2_PLACEMENT_3D('',#4478,#4479,#4480);
#4482=PLANE('',#4481);
#4483=ORIENTED_EDGE('',*,*,#4456,.T.);
#4484=ORIENTED_EDGE('',*,*,#4470,.T.);
#4485=ORIENTED_EDGE('',*,*,#4425,.T.);
#4486=ORIENTED_EDGE('',*,*,#4441,.T.);
#4487=EDGE_LOOP('',(#4483,#4484,#4485,#4486));
#4488=FACE_OUTER_BOUND('',#4487,.F.);
#4490=CARTESIAN_POINT('',(7.933796729338E1,-2.738408139160E2,1.67376E1));
#4491=DIRECTION('',(0.E0,0.E0,1.E0));
#4492=DIRECTION('',(0.E0,1.E0,0.E0));
#4493=AXIS2_PLACEMENT_3D('',#4490,#4491,#4492);
#4494=PLANE('',#4493);
#4495=ORIENTED_EDGE('',*,*,#4473,.F.);
#4496=ORIENTED_EDGE('',*,*,#4459,.T.);
#4497=ORIENTED_EDGE('',*,*,#4444,.T.);
#4498=ORIENTED_EDGE('',*,*,#4429,.T.);
#4499=EDGE_LOOP('',(#4495,#4496,#4497,#4498));
#4500=FACE_OUTER_BOUND('',#4499,.F.);
#4502=CLOSED_SHELL('',(#4433,#4448,#4463,#4477,#4489,#4501));
#4503=MANIFOLD_SOLID_BREP('',#4502);
#4504=FILL_AREA_STYLE_COLOUR('',#3454);
#4505=FILL_AREA_STYLE('',(#4504));
#4506=SURFACE_STYLE_FILL_AREA(#4505);
#4507=SURFACE_SIDE_STYLE('',(#4506));
#4508=SURFACE_STYLE_USAGE(.BOTH.,#4507);
#4509=PRESENTATION_STYLE_ASSIGNMENT((#4508));
#4317=STYLED_ITEM('',(#4509),#4503);
#4512=PLANE_ANGLE_MEASURE_WITH_UNIT(PLANE_ANGLE_MEASURE(1.745329251994E-2),
#4511);
#4513=(CONVERSION_BASED_UNIT('DEGREE',#4512)NAMED_UNIT(*)PLANE_ANGLE_UNIT());
#4515=UNCERTAINTY_MEASURE_WITH_UNIT(LENGTH_MEASURE(1.722184194021E-4),#4510,
'distance_accuracy_value',
'Maximum model space distance between geometric entities at asserted connectivities');
#4517=CARTESIAN_POINT('',(0.E0,0.E0,0.E0));
#4518=DIRECTION('',(0.E0,0.E0,1.E0));
#4519=DIRECTION('',(1.E0,0.E0,0.E0));
#4522=PRODUCT_CONTEXT('',#2656,'mechanical');
#4523=PRODUCT('LOGO_NX_PRT_253_1_1_1_1_2_1_1_8',
'LOGO_NX_PRT_253_1_1_1_1_2_1_1_8','NOT SPECIFIED',(#4522));
#4524=PRODUCT_DEFINITION_FORMATION('1','LAST_VERSION',#4523);
#4532=DERIVED_UNIT_ELEMENT(#4531,2.E0);
#4533=DERIVED_UNIT((#4532));
#4534=MEASURE_REPRESENTATION_ITEM('surface area measure',AREA_MEASURE(
1.451456931900E0),#4533);
#4539=DERIVED_UNIT_ELEMENT(#4538,3.E0);
#4540=DERIVED_UNIT((#4539));
#4541=MEASURE_REPRESENTATION_ITEM('volume measure',VOLUME_MEASURE(
3.835911749783E-2),#4540);
#4545=CARTESIAN_POINT('centre point',(-5.377636141222E0,-1.416981287703E0,
1.67696E1));
#4550=DERIVED_UNIT_ELEMENT(#4549,2.E0);
#4551=DERIVED_UNIT((#4550));
#4552=MEASURE_REPRESENTATION_ITEM('surface area measure',AREA_MEASURE(
1.451456931900E0),#4551);
#4557=DERIVED_UNIT_ELEMENT(#4556,3.E0);
#4558=DERIVED_UNIT((#4557));
#4559=MEASURE_REPRESENTATION_ITEM('volume measure',VOLUME_MEASURE(
3.835911749783E-2),#4558);
#4563=CARTESIAN_POINT('centre point',(-5.377636141222E0,-1.416981287703E0,
1.67696E1));
#4570=CARTESIAN_POINT('centre point',(-5.377636141222E0,-1.416981287703E0,
1.67696E1));
#4574=CARTESIAN_POINT('',(0.E0,0.E0,0.E0));
#4575=DIRECTION('',(0.E0,0.E0,1.E0));
#4576=DIRECTION('',(1.E0,0.E0,0.E0));
#4577=AXIS2_PLACEMENT_3D('',#4574,#4575,#4576);
#4578=ITEM_DEFINED_TRANSFORMATION('','',#4520,#4577);
#4579=CARTESIAN_POINT('',(0.E0,0.E0,0.E0));
#4580=DIRECTION('',(0.E0,0.E0,1.E0));
#4581=DIRECTION('',(1.E0,0.E0,0.E0));
#4583=(REPRESENTATION_RELATIONSHIP('','',#4521,#4299)REPRESENTATION_RELATIONSHIP_WITH_TRANSFORMATION(#4578)SHAPE_REPRESENTATION_RELATIONSHIP());
#4584=CONTEXT_DEPENDENT_SHAPE_REPRESENTATION(#4583,#4569);
#4586=DIRECTION('',(1.804112415016E-13,-1.006139616067E-13,-1.E0));
#4587=VECTOR('',#4586,6.4E-2);
#4588=CARTESIAN_POINT('',(-4.608827283445E0,-6.717257587883E-1,1.68016E1));
#4589=LINE('',#4588,#4587);
#4590=CURVE_STYLE('',#25,POSITIVE_LENGTH_MEASURE(2.E-2),#3454);
#4591=PRESENTATION_STYLE_ASSIGNMENT((#4590));
#4592=STYLED_ITEM('',(#4591),#4589);
#4593=DIRECTION('',(-1.387778780781E-14,-1.169203622808E-12,1.E0));
#4594=VECTOR('',#4593,6.4E-2);
#4595=CARTESIAN_POINT('',(-6.146444998998E0,-6.841102383035E-1,1.67376E1));
#4596=LINE('',#4595,#4594);
#4597=CURVE_STYLE('',#25,POSITIVE_LENGTH_MEASURE(2.E-2),#3454);
#4598=PRESENTATION_STYLE_ASSIGNMENT((#4597));
#4599=STYLED_ITEM('',(#4598),#4596);
#4600=DIRECTION('',(1.804112415016E-13,1.200428645376E-12,-1.E0));
#4601=VECTOR('',#4600,6.4E-2);
#4602=CARTESIAN_POINT('',(-4.608827283445E0,-1.067481392459E0,1.68016E1));
#4603=LINE('',#4602,#4601);
#4604=CURVE_STYLE('',#25,POSITIVE_LENGTH_MEASURE(2.E-2),#3454);
#4605=PRESENTATION_STYLE_ASSIGNMENT((#4604));
#4606=STYLED_ITEM('',(#4605),#4603);
#4607=DIRECTION('',(8.326672684689E-14,1.708702623837E-13,1.E0));
#4608=VECTOR('',#4607,6.4E-2);
#4609=CARTESIAN_POINT('',(-6.146444998998E0,-2.883546046331E-1,1.67376E1));
#4610=LINE('',#4609,#4608);
#4611=CURVE_STYLE('',#25,POSITIVE_LENGTH_MEASURE(2.E-2),#3454);
#4612=PRESENTATION_STYLE_ASSIGNMENT((#4611));
#4613=STYLED_ITEM('',(#4612),#4610);
#4614=DIRECTION('',(-4.488519400030E-14,1.E0,0.E0));
#4615=VECTOR('',#4614,3.957556336703E-1);
#4616=CARTESIAN_POINT('',(-6.146444998998E0,-6.841102383035E-1,1.67376E1));
#4617=LINE('',#4616,#4615);
#4618=CURVE_STYLE('',#25,POSITIVE_LENGTH_MEASURE(2.E-2),#3454);
#4619=PRESENTATION_STYLE_ASSIGNMENT((#4618));
#4620=STYLED_ITEM('',(#4619),#4617);
#4621=DIRECTION('',(-9.702957262760E-1,2.419218955998E-1,0.E0));
#4622=VECTOR('',#4621,1.584689774379E0);
#4623=CARTESIAN_POINT('',(-4.608827283445E0,-1.067481392459E0,1.68016E1));
#4624=LINE('',#4623,#4622);
#4625=CURVE_STYLE('',#25,POSITIVE_LENGTH_MEASURE(2.E-2),#3454);
#4626=PRESENTATION_STYLE_ASSIGNMENT((#4625));
#4627=STYLED_ITEM('',(#4626),#4624);
#4628=DIRECTION('',(-2.917537610019E-14,1.E0,0.E0));
#4629=VECTOR('',#4628,3.957556336704E-1);
#4630=CARTESIAN_POINT('',(-6.146444998998E0,-6.841102383035E-1,1.68016E1));
#4631=LINE('',#4630,#4629);
#4632=CURVE_STYLE('',#25,POSITIVE_LENGTH_MEASURE(2.E-2),#3454);
#4633=PRESENTATION_STYLE_ASSIGNMENT((#4632));
#4634=STYLED_ITEM('',(#4633),#4631);
#4635=DIRECTION('',(9.702957262760E-1,-2.419218955997E-1,0.E0));
#4636=VECTOR('',#4635,1.584689774379E0);
#4637=CARTESIAN_POINT('',(-6.146444998998E0,-2.883546046331E-1,1.68016E1));
#4638=LINE('',#4637,#4636);
#4639=CURVE_STYLE('',#25,POSITIVE_LENGTH_MEASURE(2.E-2),#3454);
#4640=PRESENTATION_STYLE_ASSIGNMENT((#4639));
#4641=STYLED_ITEM('',(#4640),#4638);
#4642=DIRECTION('',(1.211900238007E-13,-1.E0,0.E0));
#4643=VECTOR('',#4642,3.957556336706E-1);
#4644=CARTESIAN_POINT('',(-4.608827283445E0,-6.717257587883E-1,1.68016E1));
#4645=LINE('',#4644,#4643);
#4646=CURVE_STYLE('',#25,POSITIVE_LENGTH_MEASURE(2.E-2),#3454);
#4647=PRESENTATION_STYLE_ASSIGNMENT((#4646));
#4648=STYLED_ITEM('',(#4647),#4645);
#4649=DIRECTION('',(9.702957262760E-1,-2.419218955998E-1,0.E0));
#4650=VECTOR('',#4649,1.584689774379E0);
#4651=CARTESIAN_POINT('',(-6.146444998998E0,-6.841102383035E-1,1.67376E1));
#4652=LINE('',#4651,#4650);
#4653=CURVE_STYLE('',#25,POSITIVE_LENGTH_MEASURE(2.E-2),#3454);
#4654=PRESENTATION_STYLE_ASSIGNMENT((#4653));
#4655=STYLED_ITEM('',(#4654),#4652);
#4656=DIRECTION('',(-1.189457641007E-13,1.E0,0.E0));
#4657=VECTOR('',#4656,3.957556336705E-1);
#4658=CARTESIAN_POINT('',(-4.608827283445E0,-1.067481392459E0,1.67376E1));
#4659=LINE('',#4658,#4657);
#4660=CURVE_STYLE('',#25,POSITIVE_LENGTH_MEASURE(2.E-2),#3454);
#4661=PRESENTATION_STYLE_ASSIGNMENT((#4660));
#4662=STYLED_ITEM('',(#4661),#4659);
#4663=DIRECTION('',(-9.702957262760E-1,2.419218955997E-1,0.E0));
#4664=VECTOR('',#4663,1.584689774379E0);
#4665=CARTESIAN_POINT('',(-4.608827283445E0,-6.717257587883E-1,1.67376E1));
#4666=LINE('',#4665,#4664);
#4667=CURVE_STYLE('',#25,POSITIVE_LENGTH_MEASURE(2.E-2),#3454);
#4668=PRESENTATION_STYLE_ASSIGNMENT((#4667));
#4669=STYLED_ITEM('',(#4668),#4666);
#4670=CARTESIAN_POINT('',(-4.608827283445E0,-6.717257587883E-1,1.68016E1));
#4671=CARTESIAN_POINT('',(-4.608827283445E0,-6.717257587883E-1,1.67376E1));
#4672=VERTEX_POINT('',#4670);
#4673=VERTEX_POINT('',#4671);
#4674=CARTESIAN_POINT('',(-6.146444998998E0,-2.883546046331E-1,1.68016E1));
#4675=VERTEX_POINT('',#4674);
#4676=CARTESIAN_POINT('',(-6.146444998998E0,-2.883546046331E-1,1.67376E1));
#4677=VERTEX_POINT('',#4676);
#4678=CARTESIAN_POINT('',(-4.608827283445E0,-1.067481392459E0,1.68016E1));
#4679=CARTESIAN_POINT('',(-4.608827283445E0,-1.067481392459E0,1.67376E1));
#4680=VERTEX_POINT('',#4678);
#4681=VERTEX_POINT('',#4679);
#4682=CARTESIAN_POINT('',(-6.146444998998E0,-6.841102383035E-1,1.67376E1));
#4683=CARTESIAN_POINT('',(-6.146444998998E0,-6.841102383035E-1,1.68016E1));
#4684=VERTEX_POINT('',#4682);
#4685=VERTEX_POINT('',#4683);
#4686=CARTESIAN_POINT('',(-4.608827283445E0,-6.717257587883E-1,1.68656E1));
#4687=DIRECTION('',(-2.419218955997E-1,-9.702957262760E-1,0.E0));
#4688=DIRECTION('',(9.702957262760E-1,-2.419218955997E-1,0.E0));
#4689=AXIS2_PLACEMENT_3D('',#4686,#4687,#4688);
#4690=PLANE('',#4689);
#4692=ORIENTED_EDGE('',*,*,#4691,.F.);
#4694=ORIENTED_EDGE('',*,*,#4693,.F.);
#4696=ORIENTED_EDGE('',*,*,#4695,.F.);
#4698=ORIENTED_EDGE('',*,*,#4697,.F.);
#4699=EDGE_LOOP('',(#4692,#4694,#4696,#4698));
#4700=FACE_OUTER_BOUND('',#4699,.F.);
#4702=CARTESIAN_POINT('',(-4.608827283445E0,-1.067481392459E0,1.68656E1));
#4703=DIRECTION('',(-1.E0,0.E0,0.E0));
#4704=DIRECTION('',(0.E0,0.E0,1.E0));
#4705=AXIS2_PLACEMENT_3D('',#4702,#4703,#4704);
#4706=PLANE('',#4705);
#4708=ORIENTED_EDGE('',*,*,#4707,.F.);
#4710=ORIENTED_EDGE('',*,*,#4709,.F.);
#4711=ORIENTED_EDGE('',*,*,#4691,.T.);
#4713=ORIENTED_EDGE('',*,*,#4712,.F.);
#4714=EDGE_LOOP('',(#4708,#4710,#4711,#4713));
#4715=FACE_OUTER_BOUND('',#4714,.F.);
#4717=CARTESIAN_POINT('',(-6.146444998998E0,-6.841102383034E-1,1.68656E1));
#4718=DIRECTION('',(2.419218955997E-1,9.702957262760E-1,0.E0));
#4719=DIRECTION('',(-9.702957262760E-1,2.419218955997E-1,0.E0));
#4720=AXIS2_PLACEMENT_3D('',#4717,#4718,#4719);
#4721=PLANE('',#4720);
#4723=ORIENTED_EDGE('',*,*,#4722,.T.);
#4725=ORIENTED_EDGE('',*,*,#4724,.F.);
#4726=ORIENTED_EDGE('',*,*,#4707,.T.);
#4728=ORIENTED_EDGE('',*,*,#4727,.F.);
#4729=EDGE_LOOP('',(#4723,#4725,#4726,#4728));
#4730=FACE_OUTER_BOUND('',#4729,.F.);
#4732=CARTESIAN_POINT('',(-6.146444998998E0,-2.883546046330E-1,1.68656E1));
#4733=DIRECTION('',(1.E0,0.E0,0.E0));
#4734=DIRECTION('',(0.E0,0.E0,-1.E0));
#4735=AXIS2_PLACEMENT_3D('',#4732,#4733,#4734);
#4736=PLANE('',#4735);
#4737=ORIENTED_EDGE('',*,*,#4695,.T.);
#4739=ORIENTED_EDGE('',*,*,#4738,.F.);
#4740=ORIENTED_EDGE('',*,*,#4722,.F.);
#4742=ORIENTED_EDGE('',*,*,#4741,.T.);
#4743=EDGE_LOOP('',(#4737,#4739,#4740,#4742));
#4744=FACE_OUTER_BOUND('',#4743,.F.);
#4746=CARTESIAN_POINT('',(-5.92E0,0.E0,1.68016E1));
#4747=DIRECTION('',(0.E0,0.E0,1.E0));
#4748=DIRECTION('',(1.E0,0.E0,0.E0));
#4749=AXIS2_PLACEMENT_3D('',#4746,#4747,#4748);
#4750=PLANE('',#4749);
#4751=ORIENTED_EDGE('',*,*,#4724,.T.);
#4752=ORIENTED_EDGE('',*,*,#4738,.T.);
#4753=ORIENTED_EDGE('',*,*,#4693,.T.);
#4754=ORIENTED_EDGE('',*,*,#4709,.T.);
#4755=EDGE_LOOP('',(#4751,#4752,#4753,#4754));
#4756=FACE_OUTER_BOUND('',#4755,.F.);
#4758=CARTESIAN_POINT('',(7.933796729338E1,-2.738408139160E2,1.67376E1));
#4759=DIRECTION('',(0.E0,0.E0,1.E0));
#4760=DIRECTION('',(0.E0,1.E0,0.E0));
#4761=AXIS2_PLACEMENT_3D('',#4758,#4759,#4760);
#4762=PLANE('',#4761);
#4763=ORIENTED_EDGE('',*,*,#4741,.F.);
#4764=ORIENTED_EDGE('',*,*,#4727,.T.);
#4765=ORIENTED_EDGE('',*,*,#4712,.T.);
#4766=ORIENTED_EDGE('',*,*,#4697,.T.);
#4767=EDGE_LOOP('',(#4763,#4764,#4765,#4766));
#4768=FACE_OUTER_BOUND('',#4767,.F.);
#4770=CLOSED_SHELL('',(#4701,#4716,#4731,#4745,#4757,#4769));
#4771=MANIFOLD_SOLID_BREP('',#4770);
#4772=FILL_AREA_STYLE_COLOUR('',#3454);
#4773=FILL_AREA_STYLE('',(#4772));
#4774=SURFACE_STYLE_FILL_AREA(#4773);
#4775=SURFACE_SIDE_STYLE('',(#4774));
#4776=SURFACE_STYLE_USAGE(.BOTH.,#4775);
#4777=PRESENTATION_STYLE_ASSIGNMENT((#4776));
#4585=STYLED_ITEM('',(#4777),#4771);
#4780=PLANE_ANGLE_MEASURE_WITH_UNIT(PLANE_ANGLE_MEASURE(1.745329251994E-2),
#4779);
#4781=(CONVERSION_BASED_UNIT('DEGREE',#4780)NAMED_UNIT(*)PLANE_ANGLE_UNIT());
#4783=UNCERTAINTY_MEASURE_WITH_UNIT(LENGTH_MEASURE(1.724866592879E-4),#4778,
'distance_accuracy_value',
'Maximum model space distance between geometric entities at asserted connectivities');
#4785=CARTESIAN_POINT('',(0.E0,0.E0,0.E0));
#4786=DIRECTION('',(0.E0,0.E0,1.E0));
#4787=DIRECTION('',(1.E0,0.E0,0.E0));
#4790=PRODUCT_DEFINITION_CONTEXT('part definition',#2656,'design');
#4791=PRODUCT_CONTEXT('',#2656,'mechanical');
#4792=PRODUCT('LOGO_NX_PRT_272_1_1_1_1_2_1_1_8',
'LOGO_NX_PRT_272_1_1_1_1_2_1_1_8','NOT SPECIFIED',(#4791));
#4793=PRODUCT_DEFINITION_FORMATION('1','LAST_VERSION',#4792);
#4801=DERIVED_UNIT_ELEMENT(#4800,2.E0);
#4802=DERIVED_UNIT((#4801));
#4803=MEASURE_REPRESENTATION_ITEM('surface area measure',AREA_MEASURE(
1.470538758954E0),#4802);
#4808=DERIVED_UNIT_ELEMENT(#4807,3.E0);
#4809=DERIVED_UNIT((#4808));
#4810=MEASURE_REPRESENTATION_ITEM('volume measure',VOLUME_MEASURE(
3.894533589514E-2),#4809);
#4814=CARTESIAN_POINT('centre point',(-5.377636141221E0,-6.779179985459E-1,
1.67696E1));
#4819=DERIVED_UNIT_ELEMENT(#4818,2.E0);
#4820=DERIVED_UNIT((#4819));
#4821=MEASURE_REPRESENTATION_ITEM('surface area measure',AREA_MEASURE(
1.470538758954E0),#4820);
#4826=DERIVED_UNIT_ELEMENT(#4825,3.E0);
#4827=DERIVED_UNIT((#4826));
#4828=MEASURE_REPRESENTATION_ITEM('volume measure',VOLUME_MEASURE(
3.894533589514E-2),#4827);
#4832=CARTESIAN_POINT('centre point',(-5.377636141221E0,-6.779179985459E-1,
1.67696E1));
#4839=CARTESIAN_POINT('centre point',(-5.377636141221E0,-6.779179985459E-1,
1.67696E1));
#4843=CARTESIAN_POINT('',(0.E0,0.E0,0.E0));
#4844=DIRECTION('',(0.E0,0.E0,1.E0));
#4845=DIRECTION('',(1.E0,0.E0,0.E0));
#4846=AXIS2_PLACEMENT_3D('',#4843,#4844,#4845);
#4847=ITEM_DEFINED_TRANSFORMATION('','',#4788,#4846);
#4848=CARTESIAN_POINT('',(0.E0,0.E0,0.E0));
#4849=DIRECTION('',(0.E0,0.E0,1.E0));
#4850=DIRECTION('',(1.E0,0.E0,0.E0));
#4852=(REPRESENTATION_RELATIONSHIP('','',#4789,#4299)REPRESENTATION_RELATIONSHIP_WITH_TRANSFORMATION(#4847)SHAPE_REPRESENTATION_RELATIONSHIP());
#4853=CONTEXT_DEPENDENT_SHAPE_REPRESENTATION(#4852,#4838);
#4855=DIRECTION('',(9.702957262760E-1,-2.419218955998E-1,0.E0));
#4856=VECTOR('',#4855,5.413348987374E-1);
#4857=CARTESIAN_POINT('',(-7.138890041750E0,-1.172750663046E0,1.67376E1));
#4858=LINE('',#4857,#4856);
#4859=CURVE_STYLE('',#25,POSITIVE_LENGTH_MEASURE(2.E-2),#3454);
#4860=PRESENTATION_STYLE_ASSIGNMENT((#4859));
#4861=STYLED_ITEM('',(#4860),#4858);
#4862=CARTESIAN_POINT('',(-6.463114816781E0,-1.824203043432E-2,1.67376E1));
#4863=DIRECTION('',(0.E0,0.E0,-1.E0));
#4864=DIRECTION('',(-1.E0,-1.227934101159E-10,0.E0));
#4865=AXIS2_PLACEMENT_3D('',#4862,#4863,#4864);
#4867=CURVE_STYLE('',#25,POSITIVE_LENGTH_MEASURE(2.E-2),#3454);
#4868=PRESENTATION_STYLE_ASSIGNMENT((#4867));
#4869=STYLED_ITEM('',(#4868),#4866);
#4870=CARTESIAN_POINT('',(-6.463114816781E0,-1.824203043432E-2,1.67376E1));
#4871=DIRECTION('',(0.E0,0.E0,-1.E0));
#4872=DIRECTION('',(-8.435082623655E-11,1.E0,0.E0));
#4873=AXIS2_PLACEMENT_3D('',#4870,#4871,#4872);
#4875=CURVE_STYLE('',#25,POSITIVE_LENGTH_MEASURE(2.E-2),#3454);
#4876=PRESENTATION_STYLE_ASSIGNMENT((#4875));
#4877=STYLED_ITEM('',(#4876),#4874);
#4878=DIRECTION('',(9.702957262760E-1,-2.419218955997E-1,0.E0));
#4879=VECTOR('',#4878,1.873525082242E0);
#4880=CARTESIAN_POINT('',(-6.426700663816E0,1.278071600231E-1,1.67376E1));
#4881=LINE('',#4880,#4879);
#4882=CURVE_STYLE('',#25,POSITIVE_LENGTH_MEASURE(2.E-2),#3454);
#4883=PRESENTATION_STYLE_ASSIGNMENT((#4882));
#4884=STYLED_ITEM('',(#4883),#4881);
#4885=DIRECTION('',(-9.702957262760E-1,2.419218955997E-1,0.E0));
#4886=VECTOR('',#4885,2.350824075031E0);
#4887=CARTESIAN_POINT('',(-4.608827283445E0,7.031605434359E-2,1.67376E1));
#4888=LINE('',#4887,#4886);
#4889=CURVE_STYLE('',#25,POSITIVE_LENGTH_MEASURE(2.E-2),#3454);
#4890=PRESENTATION_STYLE_ASSIGNMENT((#4889));
#4891=STYLED_ITEM('',(#4890),#4888);
#4892=CARTESIAN_POINT('',(-6.938339422614E0,4.444384621453E-1,1.67376E1));
#4893=DIRECTION('',(0.E0,0.E0,1.E0));
#4894=DIRECTION('',(2.419218955495E-1,9.702957262885E-1,0.E0));
#4895=AXIS2_PLACEMENT_3D('',#4892,#4893,#4894);
#4897=CURVE_STYLE('',#25,POSITIVE_LENGTH_MEASURE(2.E-2),#3454);
#4898=PRESENTATION_STYLE_ASSIGNMENT((#4897));
#4899=STYLED_ITEM('',(#4898),#4896);
#4900=CARTESIAN_POINT('',(-6.938339422614E0,4.444384621453E-1,1.67376E1));
#4901=DIRECTION('',(0.E0,0.E0,1.E0));
#4902=DIRECTION('',(0.E0,1.E0,0.E0));
#4903=AXIS2_PLACEMENT_3D('',#4900,#4901,#4902);
#4905=CURVE_STYLE('',#25,POSITIVE_LENGTH_MEASURE(2.E-2),#3454);
#4906=PRESENTATION_STYLE_ASSIGNMENT((#4905));
#4907=STYLED_ITEM('',(#4906),#4904);
#4908=DIRECTION('',(-5.551115123126E-14,8.222589276130E-13,-1.E0));
#4909=VECTOR('',#4908,6.4E-2);
#4910=CARTESIAN_POINT('',(-7.138890041750E0,-1.172750663046E0,1.68016E1));
#4911=LINE('',#4910,#4909);
#4912=CURVE_STYLE('',#25,POSITIVE_LENGTH_MEASURE(2.E-2),#3454);
#4913=PRESENTATION_STYLE_ASSIGNMENT((#4912));
#4914=STYLED_ITEM('',(#4913),#4911);
#4915=DIRECTION('',(-9.226748571626E-14,1.E0,0.E0));
#4916=VECTOR('',#4915,1.617189125197E0);
#4917=CARTESIAN_POINT('',(-7.138890041750E0,-1.172750663046E0,1.67376E1));
#4918=LINE('',#4917,#4916);
#4919=CURVE_STYLE('',#25,POSITIVE_LENGTH_MEASURE(2.E-2),#3454);
#4920=PRESENTATION_STYLE_ASSIGNMENT((#4919));
#4921=STYLED_ITEM('',(#4920),#4918);
#4922=DIRECTION('',(-1.387778780781E-14,-2.567911161488E-11,-1.E0));
#4923=VECTOR('',#4922,6.4E-2);
#4924=CARTESIAN_POINT('',(-7.138890041750E0,4.444384621527E-1,1.68016E1));
#4925=LINE('',#4924,#4923);
#4926=CURVE_STYLE('',#25,POSITIVE_LENGTH_MEASURE(2.E-2),#3454);
#4927=PRESENTATION_STYLE_ASSIGNMENT((#4926));
#4928=STYLED_ITEM('',(#4927),#4925);
#4929=DIRECTION('',(3.924638392050E-11,-9.135053824494E-12,1.E0));
#4930=VECTOR('',#4929,6.4E-2);
#4931=CARTESIAN_POINT('',(-6.889821836675E0,6.390318707966E-1,1.67376E1));
#4932=LINE('',#4931,#4930);
#4933=CURVE_STYLE('',#25,POSITIVE_LENGTH_MEASURE(2.E-2),#3454);
#4934=PRESENTATION_STYLE_ASSIGNMENT((#4933));
#4935=STYLED_ITEM('',(#4934),#4932);
#4936=DIRECTION('',(-9.702957262760E-1,2.419218955998E-1,0.E0));
#4937=VECTOR('',#4936,5.413348987374E-1);
#4938=CARTESIAN_POINT('',(-6.613635103021E0,-1.303711427903E0,1.68016E1));
#4939=LINE('',#4938,#4937);
#4940=CURVE_STYLE('',#25,POSITIVE_LENGTH_MEASURE(2.E-2),#3454);
#4941=PRESENTATION_STYLE_ASSIGNMENT((#4940));
#4942=STYLED_ITEM('',(#4941),#4939);
#4943=DIRECTION('',(-9.501354183867E-14,1.E0,0.E0));
#4944=VECTOR('',#4943,1.617189125199E0);
#4945=CARTESIAN_POINT('',(-7.138890041750E0,-1.172750663046E0,1.68016E1));
#4946=LINE('',#4945,#4944);
#4947=CURVE_STYLE('',#25,POSITIVE_LENGTH_MEASURE(2.E-2),#3454);
#4948=PRESENTATION_STYLE_ASSIGNMENT((#4947));
#4949=STYLED_ITEM('',(#4948),#4946);
#4950=CARTESIAN_POINT('',(-6.938339422614E0,4.444384621453E-1,1.68016E1));
#4951=DIRECTION('',(0.E0,0.E0,-1.E0));
#4952=DIRECTION('',(-1.E0,5.767273878464E-11,0.E0));
#4953=AXIS2_PLACEMENT_3D('',#4950,#4951,#4952);
#4955=CURVE_STYLE('',#25,POSITIVE_LENGTH_MEASURE(2.E-2),#3454);
#4956=PRESENTATION_STYLE_ASSIGNMENT((#4955));
#4957=STYLED_ITEM('',(#4956),#4954);
#4958=CARTESIAN_POINT('',(-6.938339422614E0,4.444384621453E-1,1.68016E1));
#4959=DIRECTION('',(0.E0,0.E0,-1.E0));
#4960=DIRECTION('',(0.E0,1.E0,0.E0));
#4961=AXIS2_PLACEMENT_3D('',#4958,#4959,#4960);
#4963=CURVE_STYLE('',#25,POSITIVE_LENGTH_MEASURE(2.E-2),#3454);
#4964=PRESENTATION_STYLE_ASSIGNMENT((#4963));
#4965=STYLED_ITEM('',(#4964),#4962);
#4966=DIRECTION('',(9.702957262760E-1,-2.419218955997E-1,0.E0));
#4967=VECTOR('',#4966,2.350824075029E0);
#4968=CARTESIAN_POINT('',(-6.889821836672E0,6.390318707961E-1,1.68016E1));
#4969=LINE('',#4968,#4967);
#4970=CURVE_STYLE('',#25,POSITIVE_LENGTH_MEASURE(2.E-2),#3454);
#4971=PRESENTATION_STYLE_ASSIGNMENT((#4970));
#4972=STYLED_ITEM('',(#4971),#4969);
#4973=DIRECTION('',(0.E0,-1.E0,0.E0));
#4974=VECTOR('',#4973,3.957556336703E-1);
#4975=CARTESIAN_POINT('',(-4.608827283445E0,7.031605434364E-2,1.68016E1));
#4976=LINE('',#4975,#4974);
#4977=CURVE_STYLE('',#25,POSITIVE_LENGTH_MEASURE(2.E-2),#3454);
#4978=PRESENTATION_STYLE_ASSIGNMENT((#4977));
#4979=STYLED_ITEM('',(#4978),#4976);
#4980=DIRECTION('',(-9.702957262760E-1,2.419218955997E-1,0.E0));
#4981=VECTOR('',#4980,1.873525082236E0);
#4982=CARTESIAN_POINT('',(-4.608827283445E0,-3.254395793266E-1,1.68016E1));
#4983=LINE('',#4982,#4981);
#4984=CURVE_STYLE('',#25,POSITIVE_LENGTH_MEASURE(2.E-2),#3454);
#4985=PRESENTATION_STYLE_ASSIGNMENT((#4984));
#4986=STYLED_ITEM('',(#4985),#4983);
#4987=CARTESIAN_POINT('',(-6.463114816781E0,-1.824203043432E-2,1.68016E1));
#4988=DIRECTION('',(0.E0,0.E0,1.E0));
#4989=DIRECTION('',(2.419218956039E-1,9.702957262749E-1,0.E0));
#4990=AXIS2_PLACEMENT_3D('',#4987,#4988,#4989);
#4992=CURVE_STYLE('',#25,POSITIVE_LENGTH_MEASURE(2.E-2),#3454);
#4993=PRESENTATION_STYLE_ASSIGNMENT((#4992));
#4994=STYLED_ITEM('',(#4993),#4991);
#4995=CARTESIAN_POINT('',(-6.463114816781E0,-1.824203043432E-2,1.68016E1));
#4996=DIRECTION('',(0.E0,0.E0,1.E0));
#4997=DIRECTION('',(-4.640328069425E-11,1.E0,0.E0));
#4998=AXIS2_PLACEMENT_3D('',#4995,#4996,#4997);
#5000=CURVE_STYLE('',#25,POSITIVE_LENGTH_MEASURE(2.E-2),#3454);
#5001=PRESENTATION_STYLE_ASSIGNMENT((#5000));
#5002=STYLED_ITEM('',(#5001),#4999);
#5003=DIRECTION('',(-4.035072310008E-13,-1.E0,0.E0));
#5004=VECTOR('',#5003,1.285469397459E0);
#5005=CARTESIAN_POINT('',(-6.613635103020E0,-1.824203044401E-2,1.68016E1));
#5006=LINE('',#5005,#5004);
#5007=CURVE_STYLE('',#25,POSITIVE_LENGTH_MEASURE(2.E-2),#3454);
#5008=PRESENTATION_STYLE_ASSIGNMENT((#5007));
#5009=STYLED_ITEM('',(#5008),#5006);
#5010=DIRECTION('',(-4.163336342344E-14,8.187894806611E-13,-1.E0));
#5011=VECTOR('',#5010,6.4E-2);
#5012=CARTESIAN_POINT('',(-6.613635103021E0,-1.303711427903E0,1.68016E1));
#5013=LINE('',#5012,#5011);
#5014=CURVE_STYLE('',#25,POSITIVE_LENGTH_MEASURE(2.E-2),#3454);
#5015=PRESENTATION_STYLE_ASSIGNMENT((#5014));
#5016=STYLED_ITEM('',(#5015),#5013);
#5017=DIRECTION('',(-4.055800421198E-13,-1.E0,0.E0));
#5018=VECTOR('',#5017,1.285469397456E0);
#5019=CARTESIAN_POINT('',(-6.613635103020E0,-1.824203044673E-2,1.67376E1));
#5020=LINE('',#5019,#5018);
#5021=CURVE_STYLE('',#25,POSITIVE_LENGTH_MEASURE(2.E-2),#3454);
#5022=PRESENTATION_STYLE_ASSIGNMENT((#5021));
#5023=STYLED_ITEM('',(#5022),#5020);
#5024=DIRECTION('',(-9.811595980125E-11,2.450253541730E-11,-1.E0));
#5025=VECTOR('',#5024,6.4E-2);
#5026=CARTESIAN_POINT('',(-6.426700663809E0,1.278071600215E-1,1.68016E1));
#5027=LINE('',#5026,#5025);
#5028=CURVE_STYLE('',#25,POSITIVE_LENGTH_MEASURE(2.E-2),#3454);
#5029=PRESENTATION_STYLE_ASSIGNMENT((#5028));
#5030=STYLED_ITEM('',(#5029),#5027);
#5031=DIRECTION('',(5.551115123126E-14,4.256263310548E-11,1.E0));
#5032=VECTOR('',#5031,6.4E-2);
#5033=CARTESIAN_POINT('',(-6.613635103020E0,-1.824203044673E-2,1.67376E1));
#5034=LINE('',#5033,#5032);
#5035=CURVE_STYLE('',#25,POSITIVE_LENGTH_MEASURE(2.E-2),#3454);
#5036=PRESENTATION_STYLE_ASSIGNMENT((#5035));
#5037=STYLED_ITEM('',(#5036),#5034);
#5038=DIRECTION('',(9.714451465470E-14,-2.081668171172E-13,-1.E0));
#5039=VECTOR('',#5038,6.4E-2);
#5040=CARTESIAN_POINT('',(-4.608827283445E0,-3.254395793266E-1,1.68016E1));
#5041=LINE('',#5040,#5039);
#5042=CURVE_STYLE('',#25,POSITIVE_LENGTH_MEASURE(2.E-2),#3454);
#5043=PRESENTATION_STYLE_ASSIGNMENT((#5042));
#5044=STYLED_ITEM('',(#5043),#5041);
#5045=DIRECTION('',(0.E0,-7.814929259276E-13,-1.E0));
#5046=VECTOR('',#5045,6.4E-2);
#5047=CARTESIAN_POINT('',(-4.608827283445E0,7.031605434364E-2,1.68016E1));
#5048=LINE('',#5047,#5046);
#5049=CURVE_STYLE('',#25,POSITIVE_LENGTH_MEASURE(2.E-2),#3454);
#5050=PRESENTATION_STYLE_ASSIGNMENT((#5049));
#5051=STYLED_ITEM('',(#5050),#5048);
#5052=DIRECTION('',(1.795407760012E-14,-1.E0,0.E0));
#5053=VECTOR('',#5052,3.957556336702E-1);
#5054=CARTESIAN_POINT('',(-4.608827283445E0,7.031605434359E-2,1.67376E1));
#5055=LINE('',#5054,#5053);
#5056=CURVE_STYLE('',#25,POSITIVE_LENGTH_MEASURE(2.E-2),#3454);
#5057=PRESENTATION_STYLE_ASSIGNMENT((#5056));
#5058=STYLED_ITEM('',(#5057),#5055);
#5059=CARTESIAN_POINT('',(-7.138890041750E0,-1.172750663046E0,1.67376E1));
#5060=CARTESIAN_POINT('',(-7.138890041750E0,4.444384621511E-1,1.67376E1));
#5061=VERTEX_POINT('',#5059);
#5062=VERTEX_POINT('',#5060);
#5063=CARTESIAN_POINT('',(-6.613635103021E0,-1.303711427903E0,1.67376E1));
#5064=VERTEX_POINT('',#5063);
#5065=CARTESIAN_POINT('',(-6.613635103020E0,-1.824203044673E-2,1.67376E1));
#5066=VERTEX_POINT('',#5065);
#5067=CARTESIAN_POINT('',(-6.463114816794E0,1.322782558046E-1,1.67376E1));
#5068=VERTEX_POINT('',#5067);
#5069=CARTESIAN_POINT('',(-6.426700663820E0,1.278071600241E-1,1.67376E1));
#5070=VERTEX_POINT('',#5069);
#5071=CARTESIAN_POINT('',(-4.608827283445E0,-3.254395793266E-1,1.67376E1));
#5072=VERTEX_POINT('',#5071);
#5073=CARTESIAN_POINT('',(-4.608827283445E0,7.031605434359E-2,1.67376E1));
#5074=VERTEX_POINT('',#5073);
#5075=CARTESIAN_POINT('',(-6.889821836675E0,6.390318707966E-1,1.67376E1));
#5076=VERTEX_POINT('',#5075);
#5077=CARTESIAN_POINT('',(-6.938339422614E0,6.449890812816E-1,1.67376E1));
#5078=VERTEX_POINT('',#5077);
#5079=CARTESIAN_POINT('',(-7.138890041750E0,4.444384621527E-1,1.68016E1));
#5080=VERTEX_POINT('',#5079);
#5081=CARTESIAN_POINT('',(-7.138890041750E0,-1.172750663046E0,1.68016E1));
#5082=VERTEX_POINT('',#5081);
#5083=CARTESIAN_POINT('',(-6.938339422614E0,6.449890812816E-1,1.68016E1));
#5084=CARTESIAN_POINT('',(-6.889821836673E0,6.390318707962E-1,1.68016E1));
#5085=VERTEX_POINT('',#5083);
#5086=VERTEX_POINT('',#5084);
#5087=CARTESIAN_POINT('',(-6.613635103021E0,-1.303711427903E0,1.68016E1));
#5088=VERTEX_POINT('',#5087);
#5089=CARTESIAN_POINT('',(-4.608827283445E0,7.031605434364E-2,1.68016E1));
#5090=VERTEX_POINT('',#5089);
#5091=CARTESIAN_POINT('',(-4.608827283445E0,-3.254395793266E-1,1.68016E1));
#5092=VERTEX_POINT('',#5091);
#5093=CARTESIAN_POINT('',(-6.426700663809E0,1.278071600215E-1,1.68016E1));
#5094=VERTEX_POINT('',#5093);
#5095=CARTESIAN_POINT('',(-6.463114816788E0,1.322782558046E-1,1.68016E1));
#5096=VERTEX_POINT('',#5095);
#5097=CARTESIAN_POINT('',(-6.613635103020E0,-1.824203044642E-2,1.68016E1));
#5098=VERTEX_POINT('',#5097);
#5099=CARTESIAN_POINT('',(-6.463114816781E0,-1.824203043432E-2,1.67376E1));
#5100=DIRECTION('',(0.E0,0.E0,-1.E0));
#5101=DIRECTION('',(0.E0,-1.E0,0.E0));
#5102=AXIS2_PLACEMENT_3D('',#5099,#5100,#5101);
#5103=PLANE('',#5102);
#5105=ORIENTED_EDGE('',*,*,#5104,.F.);
#5107=ORIENTED_EDGE('',*,*,#5106,.T.);
#5109=ORIENTED_EDGE('',*,*,#5108,.F.);
#5111=ORIENTED_EDGE('',*,*,#5110,.T.);
#5113=ORIENTED_EDGE('',*,*,#5112,.T.);
#5115=ORIENTED_EDGE('',*,*,#5114,.T.);
#5117=ORIENTED_EDGE('',*,*,#5116,.F.);
#5119=ORIENTED_EDGE('',*,*,#5118,.T.);
#5121=ORIENTED_EDGE('',*,*,#5120,.T.);
#5123=ORIENTED_EDGE('',*,*,#5122,.T.);
#5124=EDGE_LOOP('',(#5105,#5107,#5109,#5111,#5113,#5115,#5117,#5119,#5121,
#5123));
#5125=FACE_OUTER_BOUND('',#5124,.F.);
#5127=CARTESIAN_POINT('',(-7.138890041750E0,4.444384621453E-1,1.68656E1));
#5128=DIRECTION('',(1.E0,0.E0,0.E0));
#5129=DIRECTION('',(0.E0,0.E0,-1.E0));
#5130=AXIS2_PLACEMENT_3D('',#5127,#5128,#5129);
#5131=PLANE('',#5130);
#5133=ORIENTED_EDGE('',*,*,#5132,.F.);
#5135=ORIENTED_EDGE('',*,*,#5134,.F.);
#5137=ORIENTED_EDGE('',*,*,#5136,.T.);
#5138=ORIENTED_EDGE('',*,*,#5104,.T.);
#5139=EDGE_LOOP('',(#5133,#5135,#5137,#5138));
#5140=FACE_OUTER_BOUND('',#5139,.F.);
#5142=CARTESIAN_POINT('',(-6.938339422614E0,4.444384621453E-1,1.68656E1));
#5143=DIRECTION('',(0.E0,0.E0,-1.E0));
#5144=DIRECTION('',(0.E0,-1.E0,0.E0));
#5145=AXIS2_PLACEMENT_3D('',#5142,#5143,#5144);
#5146=CYLINDRICAL_SURFACE('',#5145,2.005506191363E-1);
#5148=ORIENTED_EDGE('',*,*,#5147,.F.);
#5150=ORIENTED_EDGE('',*,*,#5149,.F.);
#5151=ORIENTED_EDGE('',*,*,#5132,.T.);
#5152=ORIENTED_EDGE('',*,*,#5122,.F.);
#5153=ORIENTED_EDGE('',*,*,#5120,.F.);
#5155=ORIENTED_EDGE('',*,*,#5154,.T.);
#5156=EDGE_LOOP('',(#5148,#5150,#5151,#5152,#5153,#5155));
#5157=FACE_OUTER_BOUND('',#5156,.F.);
#5159=CARTESIAN_POINT('',(-5.92E0,0.E0,1.68016E1));
#5160=DIRECTION('',(0.E0,0.E0,1.E0));
#5161=DIRECTION('',(1.E0,0.E0,0.E0));
#5162=AXIS2_PLACEMENT_3D('',#5159,#5160,#5161);
#5163=PLANE('',#5162);
#5165=ORIENTED_EDGE('',*,*,#5164,.T.);
#5166=ORIENTED_EDGE('',*,*,#5134,.T.);
#5167=ORIENTED_EDGE('',*,*,#5149,.T.);
#5168=ORIENTED_EDGE('',*,*,#5147,.T.);
#5170=ORIENTED_EDGE('',*,*,#5169,.T.);
#5172=ORIENTED_EDGE('',*,*,#5171,.T.);
#5174=ORIENTED_EDGE('',*,*,#5173,.T.);
#5176=ORIENTED_EDGE('',*,*,#5175,.T.);
#5178=ORIENTED_EDGE('',*,*,#5177,.T.);
#5180=ORIENTED_EDGE('',*,*,#5179,.T.);
#5181=EDGE_LOOP('',(#5165,#5166,#5167,#5168,#5170,#5172,#5174,#5176,#5178,
#5180));
#5182=FACE_OUTER_BOUND('',#5181,.F.);
#5184=CARTESIAN_POINT('',(-7.138890041750E0,-1.172750663046E0,1.68656E1));
#5185=DIRECTION('',(2.419218955996E-1,9.702957262760E-1,0.E0));
#5186=DIRECTION('',(-9.702957262760E-1,2.419218955996E-1,0.E0));
#5187=AXIS2_PLACEMENT_3D('',#5184,#5185,#5186);
#5188=PLANE('',#5187);
#5189=ORIENTED_EDGE('',*,*,#5136,.F.);
#5190=ORIENTED_EDGE('',*,*,#5164,.F.);
#5192=ORIENTED_EDGE('',*,*,#5191,.T.);
#5193=ORIENTED_EDGE('',*,*,#5106,.F.);
#5194=EDGE_LOOP('',(#5189,#5190,#5192,#5193));
#5195=FACE_OUTER_BOUND('',#5194,.F.);
#5197=CARTESIAN_POINT('',(-6.613635103021E0,-1.303711427903E0,1.68656E1));
#5198=DIRECTION('',(-1.E0,0.E0,0.E0));
#5199=DIRECTION('',(0.E0,0.E0,1.E0));
#5200=AXIS2_PLACEMENT_3D('',#5197,#5198,#5199);
#5201=PLANE('',#5200);
#5202=ORIENTED_EDGE('',*,*,#5191,.F.);
#5203=ORIENTED_EDGE('',*,*,#5179,.F.);
#5205=ORIENTED_EDGE('',*,*,#5204,.F.);
#5206=ORIENTED_EDGE('',*,*,#5108,.T.);
#5207=EDGE_LOOP('',(#5202,#5203,#5205,#5206));
#5208=FACE_OUTER_BOUND('',#5207,.F.);
#5210=CARTESIAN_POINT('',(-6.463114816781E0,-1.824203043432E-2,1.68656E1));
#5211=DIRECTION('',(0.E0,0.E0,-1.E0));
#5212=DIRECTION('',(0.E0,-1.E0,0.E0));
#5213=AXIS2_PLACEMENT_3D('',#5210,#5211,#5212);
#5214=CYLINDRICAL_SURFACE('',#5213,1.505202862389E-1);
#5215=ORIENTED_EDGE('',*,*,#5177,.F.);
#5216=ORIENTED_EDGE('',*,*,#5175,.F.);
#5218=ORIENTED_EDGE('',*,*,#5217,.T.);
#5219=ORIENTED_EDGE('',*,*,#5112,.F.);
#5220=ORIENTED_EDGE('',*,*,#5110,.F.);
#5221=ORIENTED_EDGE('',*,*,#5204,.T.);
#5222=EDGE_LOOP('',(#5215,#5216,#5218,#5219,#5220,#5221));
#5223=FACE_OUTER_BOUND('',#5222,.F.);
#5225=CARTESIAN_POINT('',(-6.426700663808E0,1.278071600211E-1,1.68656E1));
#5226=DIRECTION('',(2.419218955997E-1,9.702957262760E-1,0.E0));
#5227=DIRECTION('',(-9.702957262760E-1,2.419218955997E-1,0.E0));
#5228=AXIS2_PLACEMENT_3D('',#5225,#5226,#5227);
#5229=PLANE('',#5228);
#5230=ORIENTED_EDGE('',*,*,#5217,.F.);
#5231=ORIENTED_EDGE('',*,*,#5173,.F.);
#5233=ORIENTED_EDGE('',*,*,#5232,.T.);
#5234=ORIENTED_EDGE('',*,*,#5114,.F.);
#5235=EDGE_LOOP('',(#5230,#5231,#5233,#5234));
#5236=FACE_OUTER_BOUND('',#5235,.F.);
#5238=CARTESIAN_POINT('',(-4.608827283445E0,-3.254395793267E-1,1.68656E1));
#5239=DIRECTION('',(-1.E0,0.E0,0.E0));
#5240=DIRECTION('',(0.E0,0.E0,1.E0));
#5241=AXIS2_PLACEMENT_3D('',#5238,#5239,#5240);
#5242=PLANE('',#5241);
#5243=ORIENTED_EDGE('',*,*,#5232,.F.);
#5244=ORIENTED_EDGE('',*,*,#5171,.F.);
#5246=ORIENTED_EDGE('',*,*,#5245,.T.);
#5247=ORIENTED_EDGE('',*,*,#5116,.T.);
#5248=EDGE_LOOP('',(#5243,#5244,#5246,#5247));
#5249=FACE_OUTER_BOUND('',#5248,.F.);
#5251=CARTESIAN_POINT('',(-4.608827283445E0,7.031605434358E-2,1.68656E1));
#5252=DIRECTION('',(-2.419218955997E-1,-9.702957262760E-1,0.E0));
#5253=DIRECTION('',(9.702957262760E-1,-2.419218955997E-1,0.E0));
#5254=AXIS2_PLACEMENT_3D('',#5251,#5252,#5253);
#5255=PLANE('',#5254);
#5256=ORIENTED_EDGE('',*,*,#5245,.F.);
#5257=ORIENTED_EDGE('',*,*,#5169,.F.);
#5258=ORIENTED_EDGE('',*,*,#5154,.F.);
#5259=ORIENTED_EDGE('',*,*,#5118,.F.);
#5260=EDGE_LOOP('',(#5256,#5257,#5258,#5259));
#5261=FACE_OUTER_BOUND('',#5260,.F.);
#5263=CLOSED_SHELL('',(#5126,#5141,#5158,#5183,#5196,#5209,#5224,#5237,#5250,
#5262));
#5264=MANIFOLD_SOLID_BREP('',#5263);
#5265=FILL_AREA_STYLE_COLOUR('',#3454);
#5266=FILL_AREA_STYLE('',(#5265));
#5267=SURFACE_STYLE_FILL_AREA(#5266);
#5268=SURFACE_SIDE_STYLE('',(#5267));
#5269=SURFACE_STYLE_USAGE(.BOTH.,#5268);
#5270=PRESENTATION_STYLE_ASSIGNMENT((#5269));
#4854=STYLED_ITEM('',(#5270),#5264);
#5273=PLANE_ANGLE_MEASURE_WITH_UNIT(PLANE_ANGLE_MEASURE(1.745329251994E-2),
#5272);
#5274=(CONVERSION_BASED_UNIT('DEGREE',#5273)NAMED_UNIT(*)PLANE_ANGLE_UNIT());
#5276=UNCERTAINTY_MEASURE_WITH_UNIT(LENGTH_MEASURE(3.194046185015E-4),#5271,
'distance_accuracy_value',
'Maximum model space distance between geometric entities at asserted connectivities');
#5278=CARTESIAN_POINT('',(0.E0,0.E0,0.E0));
#5279=DIRECTION('',(0.E0,0.E0,1.E0));
#5280=DIRECTION('',(1.E0,0.E0,0.E0));
#5283=PRODUCT_CONTEXT('',#2656,'mechanical');
#5284=PRODUCT('LOGO_NX_PRT_291_1_1_1_1_2_1_1_8',
'LOGO_NX_PRT_291_1_1_1_1_2_1_1_8','NOT SPECIFIED',(#5283));
#5285=PRODUCT_DEFINITION_FORMATION('1','LAST_VERSION',#5284);
#5293=DERIVED_UNIT_ELEMENT(#5292,2.E0);
#5294=DERIVED_UNIT((#5293));
#5295=MEASURE_REPRESENTATION_ITEM('surface area measure',AREA_MEASURE(
4.099164860071E0),#5294);
#5300=DERIVED_UNIT_ELEMENT(#5299,3.E0);
#5301=DERIVED_UNIT((#5300));
#5302=MEASURE_REPRESENTATION_ITEM('volume measure',VOLUME_MEASURE(
1.133529273007E-1),#5301);
#5306=CARTESIAN_POINT('centre point',(-6.306379517691E0,-1.173548994856E-1,
1.67696E1));
#5311=DERIVED_UNIT_ELEMENT(#5310,2.E0);
#5312=DERIVED_UNIT((#5311));
#5313=MEASURE_REPRESENTATION_ITEM('surface area measure',AREA_MEASURE(
4.099164860071E0),#5312);
#5318=DERIVED_UNIT_ELEMENT(#5317,3.E0);
#5319=DERIVED_UNIT((#5318));
#5320=MEASURE_REPRESENTATION_ITEM('volume measure',VOLUME_MEASURE(
1.133529273007E-1),#5319);
#5324=CARTESIAN_POINT('centre point',(-6.306379517691E0,-1.173548994856E-1,
1.67696E1));
#5331=CARTESIAN_POINT('centre point',(-6.306379517691E0,-1.173548994856E-1,
1.67696E1));
#5335=CARTESIAN_POINT('',(0.E0,0.E0,0.E0));
#5336=DIRECTION('',(0.E0,0.E0,1.E0));
#5337=DIRECTION('',(1.E0,0.E0,0.E0));
#5338=AXIS2_PLACEMENT_3D('',#5335,#5336,#5337);
#5339=ITEM_DEFINED_TRANSFORMATION('','',#5281,#5338);
#5340=CARTESIAN_POINT('',(0.E0,0.E0,0.E0));
#5341=DIRECTION('',(0.E0,0.E0,1.E0));
#5342=DIRECTION('',(1.E0,0.E0,0.E0));
#5344=(REPRESENTATION_RELATIONSHIP('','',#5282,#4299)REPRESENTATION_RELATIONSHIP_WITH_TRANSFORMATION(#5339)SHAPE_REPRESENTATION_RELATIONSHIP());
#5345=CONTEXT_DEPENDENT_SHAPE_REPRESENTATION(#5344,#5330);
#5347=DIRECTION('',(8.326672684689E-14,6.487865800153E-13,-1.E0));
#5348=VECTOR('',#5347,6.4E-2);
#5349=CARTESIAN_POINT('',(-7.138890041750E0,1.467908089176E0,1.68016E1));
#5350=LINE('',#5349,#5348);
#5351=CURVE_STYLE('',#25,POSITIVE_LENGTH_MEASURE(2.E-2),#3454);
#5352=PRESENTATION_STYLE_ASSIGNMENT((#5351));
#5353=STYLED_ITEM('',(#5352),#5350);
#5354=DIRECTION('',(5.551115123126E-14,-4.805184028456E-13,1.E0));
#5355=VECTOR('',#5354,6.4E-2);
#5356=CARTESIAN_POINT('',(-4.608827283445E0,4.413369609098E-1,1.67376E1));
#5357=LINE('',#5356,#5355);
#5358=CURVE_STYLE('',#25,POSITIVE_LENGTH_MEASURE(2.E-2),#3454);
#5359=PRESENTATION_STYLE_ASSIGNMENT((#5358));
#5360=STYLED_ITEM('',(#5359),#5357);
#5361=DIRECTION('',(1.122129850008E-14,1.E0,0.E0));
#5362=VECTOR('',#5361,3.957556336701E-1);
#5363=CARTESIAN_POINT('',(-4.608827283445E0,4.413369609098E-1,1.68016E1));
#5364=LINE('',#5363,#5362);
#5365=CURVE_STYLE('',#25,POSITIVE_LENGTH_MEASURE(2.E-2),#3454);
#5366=PRESENTATION_STYLE_ASSIGNMENT((#5365));
#5367=STYLED_ITEM('',(#5366),#5364);
#5368=DIRECTION('',(5.551115123126E-14,2.966377143920E-13,-1.E0));
#5369=VECTOR('',#5368,6.4E-2);
#5370=CARTESIAN_POINT('',(-4.608827283445E0,8.370925945799E-1,1.68016E1));
#5371=LINE('',#5370,#5369);
#5372=CURVE_STYLE('',#25,POSITIVE_LENGTH_MEASURE(2.E-2),#3454);
#5373=PRESENTATION_STYLE_ASSIGNMENT((#5372));
#5374=STYLED_ITEM('',(#5373),#5371);
#5375=DIRECTION('',(-2.693111640019E-14,-1.E0,0.E0));
#5376=VECTOR('',#5375,3.957556336701E-1);
#5377=CARTESIAN_POINT('',(-4.608827283445E0,8.370925945799E-1,1.67376E1));
#5378=LINE('',#5377,#5376);
#5379=CURVE_STYLE('',#25,POSITIVE_LENGTH_MEASURE(2.E-2),#3454);
#5380=PRESENTATION_STYLE_ASSIGNMENT((#5379));
#5381=STYLED_ITEM('',(#5380),#5378);
#5382=DIRECTION('',(-2.775557561563E-14,-3.469446951954E-13,1.E0));
#5383=VECTOR('',#5382,6.4E-2);
#5384=CARTESIAN_POINT('',(-7.138890041750E0,1.072152455506E0,1.67376E1));
#5385=LINE('',#5384,#5383);
#5386=CURVE_STYLE('',#25,POSITIVE_LENGTH_MEASURE(2.E-2),#3454);
#5387=PRESENTATION_STYLE_ASSIGNMENT((#5386));
#5388=STYLED_ITEM('',(#5387),#5385);
#5389=DIRECTION('',(-9.702957262760E-1,2.419218955997E-1,0.E0));
#5390=VECTOR('',#5389,2.607517161820E0);
#5391=CARTESIAN_POINT('',(-4.608827283445E0,4.413369609098E-1,1.68016E1));
#5392=LINE('',#5391,#5390);
#5393=CURVE_STYLE('',#25,POSITIVE_LENGTH_MEASURE(2.E-2),#3454);
#5394=PRESENTATION_STYLE_ASSIGNMENT((#5393));
#5395=STYLED_ITEM('',(#5394),#5392);
#5396=DIRECTION('',(5.386223280039E-14,1.E0,0.E0));
#5397=VECTOR('',#5396,3.957556336701E-1);
#5398=CARTESIAN_POINT('',(-7.138890041750E0,1.072152455506E0,1.68016E1));
#5399=LINE('',#5398,#5397);
#5400=CURVE_STYLE('',#25,POSITIVE_LENGTH_MEASURE(2.E-2),#3454);
#5401=PRESENTATION_STYLE_ASSIGNMENT((#5400));
#5402=STYLED_ITEM('',(#5401),#5399);
#5403=DIRECTION('',(9.702957262760E-1,-2.419218955997E-1,0.E0));
#5404=VECTOR('',#5403,2.607517161820E0);
#5405=CARTESIAN_POINT('',(-7.138890041750E0,1.467908089176E0,1.68016E1));
#5406=LINE('',#5405,#5404);
#5407=CURVE_STYLE('',#25,POSITIVE_LENGTH_MEASURE(2.E-2),#3454);
#5408=PRESENTATION_STYLE_ASSIGNMENT((#5407));
#5409=STYLED_ITEM('',(#5408),#5406);
#5410=DIRECTION('',(9.702957262760E-1,-2.419218955997E-1,0.E0));
#5411=VECTOR('',#5410,2.607517161820E0);
#5412=CARTESIAN_POINT('',(-7.138890041750E0,1.072152455506E0,1.67376E1));
#5413=LINE('',#5412,#5411);
#5414=CURVE_STYLE('',#25,POSITIVE_LENGTH_MEASURE(2.E-2),#3454);
#5415=PRESENTATION_STYLE_ASSIGNMENT((#5414));
#5416=STYLED_ITEM('',(#5415),#5413);
#5417=DIRECTION('',(-9.702957262760E-1,2.419218955997E-1,0.E0));
#5418=VECTOR('',#5417,2.607517161820E0);
#5419=CARTESIAN_POINT('',(-4.608827283445E0,8.370925945799E-1,1.67376E1));
#5420=LINE('',#5419,#5418);
#5421=CURVE_STYLE('',#25,POSITIVE_LENGTH_MEASURE(2.E-2),#3454);
#5422=PRESENTATION_STYLE_ASSIGNMENT((#5421));
#5423=STYLED_ITEM('',(#5422),#5420);
#5424=DIRECTION('',(-7.181631040052E-14,-1.E0,0.E0));
#5425=VECTOR('',#5424,3.957556336701E-1);
#5426=CARTESIAN_POINT('',(-7.138890041750E0,1.467908089176E0,1.67376E1));
#5427=LINE('',#5426,#5425);
#5428=CURVE_STYLE('',#25,POSITIVE_LENGTH_MEASURE(2.E-2),#3454);
#5429=PRESENTATION_STYLE_ASSIGNMENT((#5428));
#5430=STYLED_ITEM('',(#5429),#5427);
#5431=CARTESIAN_POINT('',(-7.138890041750E0,1.467908089176E0,1.68016E1));
#5432=CARTESIAN_POINT('',(-7.138890041750E0,1.467908089176E0,1.67376E1));
#5433=VERTEX_POINT('',#5431);
#5434=VERTEX_POINT('',#5432);
#5435=CARTESIAN_POINT('',(-7.138890041750E0,1.072152455506E0,1.68016E1));
#5436=VERTEX_POINT('',#5435);
#5437=CARTESIAN_POINT('',(-7.138890041750E0,1.072152455506E0,1.67376E1));
#5438=VERTEX_POINT('',#5437);
#5439=CARTESIAN_POINT('',(-4.608827283445E0,8.370925945799E-1,1.68016E1));
#5440=CARTESIAN_POINT('',(-4.608827283445E0,8.370925945799E-1,1.67376E1));
#5441=VERTEX_POINT('',#5439);
#5442=VERTEX_POINT('',#5440);
#5443=CARTESIAN_POINT('',(-4.608827283445E0,4.413369609098E-1,1.67376E1));
#5444=CARTESIAN_POINT('',(-4.608827283445E0,4.413369609098E-1,1.68016E1));
#5445=VERTEX_POINT('',#5443);
#5446=VERTEX_POINT('',#5444);
#5447=CARTESIAN_POINT('',(-7.138890041750E0,1.467908089176E0,1.68656E1));
#5448=DIRECTION('',(1.E0,0.E0,0.E0));
#5449=DIRECTION('',(0.E0,0.E0,-1.E0));
#5450=AXIS2_PLACEMENT_3D('',#5447,#5448,#5449);
#5451=PLANE('',#5450);
#5453=ORIENTED_EDGE('',*,*,#5452,.F.);
#5455=ORIENTED_EDGE('',*,*,#5454,.F.);
#5457=ORIENTED_EDGE('',*,*,#5456,.F.);
#5459=ORIENTED_EDGE('',*,*,#5458,.F.);
#5460=EDGE_LOOP('',(#5453,#5455,#5457,#5459));
#5461=FACE_OUTER_BOUND('',#5460,.F.);
#5463=CARTESIAN_POINT('',(-4.608827283445E0,8.370925945800E-1,1.68656E1));
#5464=DIRECTION('',(-2.419218955997E-1,-9.702957262760E-1,0.E0));
#5465=DIRECTION('',(9.702957262760E-1,-2.419218955997E-1,0.E0));
#5466=AXIS2_PLACEMENT_3D('',#5463,#5464,#5465);
#5467=PLANE('',#5466);
#5469=ORIENTED_EDGE('',*,*,#5468,.F.);
#5471=ORIENTED_EDGE('',*,*,#5470,.F.);
#5472=ORIENTED_EDGE('',*,*,#5452,.T.);
#5474=ORIENTED_EDGE('',*,*,#5473,.F.);
#5475=EDGE_LOOP('',(#5469,#5471,#5472,#5474));
#5476=FACE_OUTER_BOUND('',#5475,.F.);
#5478=CARTESIAN_POINT('',(-4.608827283445E0,4.413369609096E-1,1.68656E1));
#5479=DIRECTION('',(-1.E0,0.E0,0.E0));
#5480=DIRECTION('',(0.E0,0.E0,1.E0));
#5481=AXIS2_PLACEMENT_3D('',#5478,#5479,#5480);
#5482=PLANE('',#5481);
#5484=ORIENTED_EDGE('',*,*,#5483,.T.);
#5486=ORIENTED_EDGE('',*,*,#5485,.T.);
#5487=ORIENTED_EDGE('',*,*,#5468,.T.);
#5489=ORIENTED_EDGE('',*,*,#5488,.T.);
#5490=EDGE_LOOP('',(#5484,#5486,#5487,#5489));
#5491=FACE_OUTER_BOUND('',#5490,.F.);
#5493=CARTESIAN_POINT('',(-7.138890041750E0,1.072152455506E0,1.68656E1));
#5494=DIRECTION('',(2.419218955997E-1,9.702957262760E-1,0.E0));
#5495=DIRECTION('',(-9.702957262760E-1,2.419218955997E-1,0.E0));
#5496=AXIS2_PLACEMENT_3D('',#5493,#5494,#5495);
#5497=PLANE('',#5496);
#5498=ORIENTED_EDGE('',*,*,#5456,.T.);
#5500=ORIENTED_EDGE('',*,*,#5499,.F.);
#5501=ORIENTED_EDGE('',*,*,#5483,.F.);
#5503=ORIENTED_EDGE('',*,*,#5502,.F.);
#5504=EDGE_LOOP('',(#5498,#5500,#5501,#5503));
#5505=FACE_OUTER_BOUND('',#5504,.F.);
#5507=CARTESIAN_POINT('',(-5.92E0,0.E0,1.68016E1));
#5508=DIRECTION('',(0.E0,0.E0,1.E0));
#5509=DIRECTION('',(1.E0,0.E0,0.E0));
#5510=AXIS2_PLACEMENT_3D('',#5507,#5508,#5509);
#5511=PLANE('',#5510);
#5512=ORIENTED_EDGE('',*,*,#5485,.F.);
#5513=ORIENTED_EDGE('',*,*,#5499,.T.);
#5514=ORIENTED_EDGE('',*,*,#5454,.T.);
#5515=ORIENTED_EDGE('',*,*,#5470,.T.);
#5516=EDGE_LOOP('',(#5512,#5513,#5514,#5515));
#5517=FACE_OUTER_BOUND('',#5516,.F.);
#5519=CARTESIAN_POINT('',(7.933796729338E1,-2.738408139160E2,1.67376E1));
#5520=DIRECTION('',(0.E0,0.E0,1.E0));
#5521=DIRECTION('',(0.E0,1.E0,0.E0));
#5522=AXIS2_PLACEMENT_3D('',#5519,#5520,#5521);
#5523=PLANE('',#5522);
#5524=ORIENTED_EDGE('',*,*,#5502,.T.);
#5525=ORIENTED_EDGE('',*,*,#5488,.F.);
#5526=ORIENTED_EDGE('',*,*,#5473,.T.);
#5527=ORIENTED_EDGE('',*,*,#5458,.T.);
#5528=EDGE_LOOP('',(#5524,#5525,#5526,#5527));
#5529=FACE_OUTER_BOUND('',#5528,.F.);
#5531=CLOSED_SHELL('',(#5462,#5477,#5492,#5506,#5518,#5530));
#5532=MANIFOLD_SOLID_BREP('',#5531);
#5533=FILL_AREA_STYLE_COLOUR('',#3454);
#5534=FILL_AREA_STYLE('',(#5533));
#5535=SURFACE_STYLE_FILL_AREA(#5534);
#5536=SURFACE_SIDE_STYLE('',(#5535));
#5537=SURFACE_STYLE_USAGE(.BOTH.,#5536);
#5538=PRESENTATION_STYLE_ASSIGNMENT((#5537));
#5346=STYLED_ITEM('',(#5538),#5532);
#5541=PLANE_ANGLE_MEASURE_WITH_UNIT(PLANE_ANGLE_MEASURE(1.745329251994E-2),
#5540);
#5542=(CONVERSION_BASED_UNIT('DEGREE',#5541)NAMED_UNIT(*)PLANE_ANGLE_UNIT());
#5544=UNCERTAINTY_MEASURE_WITH_UNIT(LENGTH_MEASURE(2.731037370916E-4),#5539,
'distance_accuracy_value',
'Maximum model space distance between geometric entities at asserted connectivities');
#5546=CARTESIAN_POINT('',(0.E0,0.E0,0.E0));
#5547=DIRECTION('',(0.E0,0.E0,1.E0));
#5548=DIRECTION('',(1.E0,0.E0,0.E0));
#5551=PRODUCT_DEFINITION_CONTEXT('part definition',#2656,'design');
#5552=PRODUCT_CONTEXT('',#2656,'mechanical');
#5553=PRODUCT('LOGO_NX_PRT_330_1_1_1_1_2_1_1_8',
'LOGO_NX_PRT_330_1_1_1_1_2_1_1_8','NOT SPECIFIED',(#5552));
#5554=PRODUCT_DEFINITION_FORMATION('1','LAST_VERSION',#5553);
#5562=DERIVED_UNIT_ELEMENT(#5561,2.E0);
#5563=DERIVED_UNIT((#5562));
#5564=MEASURE_REPRESENTATION_ITEM('surface area measure',AREA_MEASURE(
2.386992098099E0),#5563);
#5569=DERIVED_UNIT_ELEMENT(#5568,3.E0);
#5570=DERIVED_UNIT((#5569));
#5571=MEASURE_REPRESENTATION_ITEM('volume measure',VOLUME_MEASURE(
6.408234176884E-2),#5570);
#5575=CARTESIAN_POINT('centre point',(-5.873858662597E0,9.546225250430E-1,
1.67696E1));
#5580=DERIVED_UNIT_ELEMENT(#5579,2.E0);
#5581=DERIVED_UNIT((#5580));
#5582=MEASURE_REPRESENTATION_ITEM('surface area measure',AREA_MEASURE(
2.386992098099E0),#5581);
#5587=DERIVED_UNIT_ELEMENT(#5586,3.E0);
#5588=DERIVED_UNIT((#5587));
#5589=MEASURE_REPRESENTATION_ITEM('volume measure',VOLUME_MEASURE(
6.408234176884E-2),#5588);
#5593=CARTESIAN_POINT('centre point',(-5.873858662597E0,9.546225250430E-1,
1.67696E1));
#5600=CARTESIAN_POINT('centre point',(-5.873858662597E0,9.546225250430E-1,
1.67696E1));
#5604=CARTESIAN_POINT('',(0.E0,0.E0,0.E0));
#5605=DIRECTION('',(0.E0,0.E0,1.E0));
#5606=DIRECTION('',(1.E0,0.E0,0.E0));
#5607=AXIS2_PLACEMENT_3D('',#5604,#5605,#5606);
#5608=ITEM_DEFINED_TRANSFORMATION('','',#5549,#5607);
#5609=CARTESIAN_POINT('',(0.E0,0.E0,0.E0));
#5610=DIRECTION('',(0.E0,0.E0,1.E0));
#5611=DIRECTION('',(1.E0,0.E0,0.E0));
#5613=(REPRESENTATION_RELATIONSHIP('','',#5550,#4299)REPRESENTATION_RELATIONSHIP_WITH_TRANSFORMATION(#5608)SHAPE_REPRESENTATION_RELATIONSHIP());
#5614=CONTEXT_DEPENDENT_SHAPE_REPRESENTATION(#5613,#5599);
#5616=DIRECTION('',(-6.938893903907E-14,3.608224830032E-13,-1.E0));
#5617=VECTOR('',#5616,6.4E-2);
#5618=CARTESIAN_POINT('',(-4.608827283445E0,1.603869134816E0,1.68016E1));
#5619=LINE('',#5618,#5617);
#5620=CURVE_STYLE('',#25,POSITIVE_LENGTH_MEASURE(2.E-2),#3454);
#5621=PRESENTATION_STYLE_ASSIGNMENT((#5620));
#5622=STYLED_ITEM('',(#5621),#5619);
#5623=DIRECTION('',(-2.775557561563E-14,1.460637166772E-12,1.E0));
#5624=VECTOR('',#5623,6.4E-2);
#5625=CARTESIAN_POINT('',(-6.146444998998E0,1.593284594705E0,1.67376E1));
#5626=LINE('',#5625,#5624);
#5627=CURVE_STYLE('',#25,POSITIVE_LENGTH_MEASURE(2.E-2),#3454);
#5628=PRESENTATION_STYLE_ASSIGNMENT((#5627));
#5629=STYLED_ITEM('',(#5628),#5626);
#5630=DIRECTION('',(-1.387778780781E-14,-1.304512053935E-12,-1.E0));
#5631=VECTOR('',#5630,6.4E-2);
#5632=CARTESIAN_POINT('',(-4.608827283445E0,1.209913440550E0,1.68016E1));
#5633=LINE('',#5632,#5631);
#5634=CURVE_STYLE('',#25,POSITIVE_LENGTH_MEASURE(2.E-2),#3454);
#5635=PRESENTATION_STYLE_ASSIGNMENT((#5634));
#5636=STYLED_ITEM('',(#5635),#5633);
#5637=DIRECTION('',(2.775557561563E-14,-1.283695372223E-13,1.E0));
#5638=VECTOR('',#5637,6.4E-2);
#5639=CARTESIAN_POINT('',(-6.146444998998E0,1.987240288971E0,1.67376E1));
#5640=LINE('',#5639,#5638);
#5641=CURVE_STYLE('',#25,POSITIVE_LENGTH_MEASURE(2.E-2),#3454);
#5642=PRESENTATION_STYLE_ASSIGNMENT((#5641));
#5643=STYLED_ITEM('',(#5642),#5640);
#5644=DIRECTION('',(4.509026942E-14,1.E0,0.E0));
#5645=VECTOR('',#5644,3.939556942661E-1);
#5646=CARTESIAN_POINT('',(-6.146444998998E0,1.593284594705E0,1.67376E1));
#5647=LINE('',#5646,#5645);
#5648=CURVE_STYLE('',#25,POSITIVE_LENGTH_MEASURE(2.E-2),#3454);
#5649=PRESENTATION_STYLE_ASSIGNMENT((#5648));
#5650=STYLED_ITEM('',(#5649),#5647);
#5651=DIRECTION('',(-9.702957262760E-1,2.419218955996E-1,0.E0));
#5652=VECTOR('',#5651,1.584689774379E0);
#5653=CARTESIAN_POINT('',(-4.608827283445E0,1.209913440550E0,1.68016E1));
#5654=LINE('',#5653,#5652);
#5655=CURVE_STYLE('',#25,POSITIVE_LENGTH_MEASURE(2.E-2),#3454);
#5656=PRESENTATION_STYLE_ASSIGNMENT((#5655));
#5657=STYLED_ITEM('',(#5656),#5654);
#5658=DIRECTION('',(5.410832330402E-14,1.E0,0.E0));
#5659=VECTOR('',#5658,3.939556942660E-1);
#5660=CARTESIAN_POINT('',(-6.146444998998E0,1.593284594705E0,1.68016E1));
#5661=LINE('',#5660,#5659);
#5662=CURVE_STYLE('',#25,POSITIVE_LENGTH_MEASURE(2.E-2),#3454);
#5663=PRESENTATION_STYLE_ASSIGNMENT((#5662));
#5664=STYLED_ITEM('',(#5663),#5661);
#5665=DIRECTION('',(9.702957262760E-1,-2.419218955996E-1,0.E0));
#5666=VECTOR('',#5665,1.584689774379E0);
#5667=CARTESIAN_POINT('',(-6.146444998998E0,1.987240288971E0,1.68016E1));
#5668=LINE('',#5667,#5666);
#5669=CURVE_STYLE('',#25,POSITIVE_LENGTH_MEASURE(2.E-2),#3454);
#5670=PRESENTATION_STYLE_ASSIGNMENT((#5669));
#5671=STYLED_ITEM('',(#5670),#5668);
#5672=DIRECTION('',(-6.763540413002E-14,-1.E0,0.E0));
#5673=VECTOR('',#5672,3.939556942660E-1);
#5674=CARTESIAN_POINT('',(-4.608827283445E0,1.603869134816E0,1.68016E1));
#5675=LINE('',#5674,#5673);
#5676=CURVE_STYLE('',#25,POSITIVE_LENGTH_MEASURE(2.E-2),#3454);
#5677=PRESENTATION_STYLE_ASSIGNMENT((#5676));
#5678=STYLED_ITEM('',(#5677),#5675);
#5679=DIRECTION('',(9.702957262760E-1,-2.419218955996E-1,0.E0));
#5680=VECTOR('',#5679,1.584689774379E0);
#5681=CARTESIAN_POINT('',(-6.146444998998E0,1.593284594705E0,1.67376E1));
#5682=LINE('',#5681,#5680);
#5683=CURVE_STYLE('',#25,POSITIVE_LENGTH_MEASURE(2.E-2),#3454);
#5684=PRESENTATION_STYLE_ASSIGNMENT((#5683));
#5685=STYLED_ITEM('',(#5684),#5682);
#5686=DIRECTION('',(6.087186371700E-14,1.E0,0.E0));
#5687=VECTOR('',#5686,3.939556942661E-1);
#5688=CARTESIAN_POINT('',(-4.608827283445E0,1.209913440550E0,1.67376E1));
#5689=LINE('',#5688,#5687);
#5690=CURVE_STYLE('',#25,POSITIVE_LENGTH_MEASURE(2.E-2),#3454);
#5691=PRESENTATION_STYLE_ASSIGNMENT((#5690));
#5692=STYLED_ITEM('',(#5691),#5689);
#5693=DIRECTION('',(-9.702957262760E-1,2.419218955996E-1,0.E0));
#5694=VECTOR('',#5693,1.584689774379E0);
#5695=CARTESIAN_POINT('',(-4.608827283445E0,1.603869134816E0,1.67376E1));
#5696=LINE('',#5695,#5694);
#5697=CURVE_STYLE('',#25,POSITIVE_LENGTH_MEASURE(2.E-2),#3454);
#5698=PRESENTATION_STYLE_ASSIGNMENT((#5697));
#5699=STYLED_ITEM('',(#5698),#5696);
#5700=CARTESIAN_POINT('',(-4.608827283445E0,1.603869134816E0,1.68016E1));
#5701=CARTESIAN_POINT('',(-4.608827283445E0,1.603869134816E0,1.67376E1));
#5702=VERTEX_POINT('',#5700);
#5703=VERTEX_POINT('',#5701);
#5704=CARTESIAN_POINT('',(-6.146444998998E0,1.987240288971E0,1.68016E1));
#5705=VERTEX_POINT('',#5704);
#5706=CARTESIAN_POINT('',(-6.146444998998E0,1.987240288971E0,1.67376E1));
#5707=VERTEX_POINT('',#5706);
#5708=CARTESIAN_POINT('',(-4.608827283445E0,1.209913440550E0,1.68016E1));
#5709=CARTESIAN_POINT('',(-4.608827283445E0,1.209913440550E0,1.67376E1));
#5710=VERTEX_POINT('',#5708);
#5711=VERTEX_POINT('',#5709);
#5712=CARTESIAN_POINT('',(-6.146444998998E0,1.593284594705E0,1.67376E1));
#5713=CARTESIAN_POINT('',(-6.146444998998E0,1.593284594705E0,1.68016E1));
#5714=VERTEX_POINT('',#5712);
#5715=VERTEX_POINT('',#5713);
#5716=CARTESIAN_POINT('',(-4.608827283445E0,1.603869134816E0,1.68656E1));
#5717=DIRECTION('',(-2.419218955997E-1,-9.702957262760E-1,0.E0));
#5718=DIRECTION('',(9.702957262760E-1,-2.419218955997E-1,0.E0));
#5719=AXIS2_PLACEMENT_3D('',#5716,#5717,#5718);
#5720=PLANE('',#5719);
#5722=ORIENTED_EDGE('',*,*,#5721,.F.);
#5724=ORIENTED_EDGE('',*,*,#5723,.F.);
#5726=ORIENTED_EDGE('',*,*,#5725,.F.);
#5728=ORIENTED_EDGE('',*,*,#5727,.F.);
#5729=EDGE_LOOP('',(#5722,#5724,#5726,#5728));
#5730=FACE_OUTER_BOUND('',#5729,.F.);
#5732=CARTESIAN_POINT('',(-4.608827283445E0,1.209913440550E0,1.68656E1));
#5733=DIRECTION('',(-1.E0,0.E0,0.E0));
#5734=DIRECTION('',(0.E0,0.E0,1.E0));
#5735=AXIS2_PLACEMENT_3D('',#5732,#5733,#5734);
#5736=PLANE('',#5735);
#5738=ORIENTED_EDGE('',*,*,#5737,.F.);
#5740=ORIENTED_EDGE('',*,*,#5739,.F.);
#5741=ORIENTED_EDGE('',*,*,#5721,.T.);
#5743=ORIENTED_EDGE('',*,*,#5742,.F.);
#5744=EDGE_LOOP('',(#5738,#5740,#5741,#5743));
#5745=FACE_OUTER_BOUND('',#5744,.F.);
#5747=CARTESIAN_POINT('',(-6.146444998998E0,1.593284594705E0,1.68656E1));
#5748=DIRECTION('',(2.419218955997E-1,9.702957262760E-1,0.E0));
#5749=DIRECTION('',(-9.702957262760E-1,2.419218955997E-1,0.E0));
#5750=AXIS2_PLACEMENT_3D('',#5747,#5748,#5749);
#5751=PLANE('',#5750);
#5753=ORIENTED_EDGE('',*,*,#5752,.T.);
#5755=ORIENTED_EDGE('',*,*,#5754,.F.);
#5756=ORIENTED_EDGE('',*,*,#5737,.T.);
#5758=ORIENTED_EDGE('',*,*,#5757,.F.);
#5759=EDGE_LOOP('',(#5753,#5755,#5756,#5758));
#5760=FACE_OUTER_BOUND('',#5759,.F.);
#5762=CARTESIAN_POINT('',(-6.146444998998E0,1.987240288971E0,1.68656E1));
#5763=DIRECTION('',(1.E0,0.E0,0.E0));
#5764=DIRECTION('',(0.E0,0.E0,-1.E0));
#5765=AXIS2_PLACEMENT_3D('',#5762,#5763,#5764);
#5766=PLANE('',#5765);
#5767=ORIENTED_EDGE('',*,*,#5725,.T.);
#5769=ORIENTED_EDGE('',*,*,#5768,.F.);
#5770=ORIENTED_EDGE('',*,*,#5752,.F.);
#5772=ORIENTED_EDGE('',*,*,#5771,.T.);
#5773=EDGE_LOOP('',(#5767,#5769,#5770,#5772));
#5774=FACE_OUTER_BOUND('',#5773,.F.);
#5776=CARTESIAN_POINT('',(-5.92E0,0.E0,1.68016E1));
#5777=DIRECTION('',(0.E0,0.E0,1.E0));
#5778=DIRECTION('',(1.E0,0.E0,0.E0));
#5779=AXIS2_PLACEMENT_3D('',#5776,#5777,#5778);
#5780=PLANE('',#5779);
#5781=ORIENTED_EDGE('',*,*,#5754,.T.);
#5782=ORIENTED_EDGE('',*,*,#5768,.T.);
#5783=ORIENTED_EDGE('',*,*,#5723,.T.);
#5784=ORIENTED_EDGE('',*,*,#5739,.T.);
#5785=EDGE_LOOP('',(#5781,#5782,#5783,#5784));
#5786=FACE_OUTER_BOUND('',#5785,.F.);
#5788=CARTESIAN_POINT('',(7.933796729338E1,-2.738408139160E2,1.67376E1));
#5789=DIRECTION('',(0.E0,0.E0,1.E0));
#5790=DIRECTION('',(0.E0,1.E0,0.E0));
#5791=AXIS2_PLACEMENT_3D('',#5788,#5789,#5790);
#5792=PLANE('',#5791);
#5793=ORIENTED_EDGE('',*,*,#5771,.F.);
#5794=ORIENTED_EDGE('',*,*,#5757,.T.);
#5795=ORIENTED_EDGE('',*,*,#5742,.T.);
#5796=ORIENTED_EDGE('',*,*,#5727,.T.);
#5797=EDGE_LOOP('',(#5793,#5794,#5795,#5796));
#5798=FACE_OUTER_BOUND('',#5797,.F.);
#5800=CLOSED_SHELL('',(#5731,#5746,#5761,#5775,#5787,#5799));
#5801=MANIFOLD_SOLID_BREP('',#5800);
#5802=FILL_AREA_STYLE_COLOUR('',#3454);
#5803=FILL_AREA_STYLE('',(#5802));
#5804=SURFACE_STYLE_FILL_AREA(#5803);
#5805=SURFACE_SIDE_STYLE('',(#5804));
#5806=SURFACE_STYLE_USAGE(.BOTH.,#5805);
#5807=PRESENTATION_STYLE_ASSIGNMENT((#5806));
#5615=STYLED_ITEM('',(#5807),#5801);
#5810=PLANE_ANGLE_MEASURE_WITH_UNIT(PLANE_ANGLE_MEASURE(1.745329251994E-2),
#5809);
#5811=(CONVERSION_BASED_UNIT('DEGREE',#5810)NAMED_UNIT(*)PLANE_ANGLE_UNIT());
#5813=UNCERTAINTY_MEASURE_WITH_UNIT(LENGTH_MEASURE(1.724054368376E-4),#5808,
'distance_accuracy_value',
'Maximum model space distance between geometric entities at asserted connectivities');
#5815=CARTESIAN_POINT('',(0.E0,0.E0,0.E0));
#5816=DIRECTION('',(0.E0,0.E0,1.E0));
#5817=DIRECTION('',(1.E0,0.E0,0.E0));
#5820=PRODUCT_CONTEXT('',#2656,'mechanical');
#5821=PRODUCT('LOGO_NX_PRT_349_1_1_1_1_2_1_1_8',
'LOGO_NX_PRT_349_1_1_1_1_2_1_1_8','NOT SPECIFIED',(#5820));
#5822=PRODUCT_DEFINITION_FORMATION('1','LAST_VERSION',#5821);
#5830=DERIVED_UNIT_ELEMENT(#5829,2.E0);
#5831=DERIVED_UNIT((#5830));
#5832=MEASURE_REPRESENTATION_ITEM('surface area measure',AREA_MEASURE(
1.464773129279E0),#5831);
#5837=DERIVED_UNIT_ELEMENT(#5836,3.E0);
#5838=DERIVED_UNIT((#5837));
#5839=MEASURE_REPRESENTATION_ITEM('volume measure',VOLUME_MEASURE(
3.876820829737E-2),#5838);
#5843=CARTESIAN_POINT('centre point',(-5.377636141222E0,1.598576864761E0,
1.67696E1));
#5848=DERIVED_UNIT_ELEMENT(#5847,2.E0);
#5849=DERIVED_UNIT((#5848));
#5850=MEASURE_REPRESENTATION_ITEM('surface area measure',AREA_MEASURE(
1.464773129279E0),#5849);
#5855=DERIVED_UNIT_ELEMENT(#5854,3.E0);
#5856=DERIVED_UNIT((#5855));
#5857=MEASURE_REPRESENTATION_ITEM('volume measure',VOLUME_MEASURE(
3.876820829737E-2),#5856);
#5861=CARTESIAN_POINT('centre point',(-5.377636141222E0,1.598576864761E0,
1.67696E1));
#5868=CARTESIAN_POINT('centre point',(-5.377636141222E0,1.598576864761E0,
1.67696E1));
#5872=CARTESIAN_POINT('',(0.E0,0.E0,0.E0));
#5873=DIRECTION('',(0.E0,0.E0,1.E0));
#5874=DIRECTION('',(1.E0,0.E0,0.E0));
#5875=AXIS2_PLACEMENT_3D('',#5872,#5873,#5874);
#5876=ITEM_DEFINED_TRANSFORMATION('','',#5818,#5875);
#5877=CARTESIAN_POINT('',(0.E0,0.E0,0.E0));
#5878=DIRECTION('',(0.E0,0.E0,1.E0));
#5879=DIRECTION('',(1.E0,0.E0,0.E0));
#5881=(REPRESENTATION_RELATIONSHIP('','',#5819,#4299)REPRESENTATION_RELATIONSHIP_WITH_TRANSFORMATION(#5876)SHAPE_REPRESENTATION_RELATIONSHIP());
#5882=CONTEXT_DEPENDENT_SHAPE_REPRESENTATION(#5881,#5867);
#5884=DIRECTION('',(9.702957262760E-1,-2.419218955995E-1,0.E0));
#5885=VECTOR('',#5884,5.441639962967E-1);
#5886=CARTESIAN_POINT('',(-7.138890041750E0,1.840728935146E0,1.67376E1));
#5887=LINE('',#5886,#5885);
#5888=CURVE_STYLE('',#25,POSITIVE_LENGTH_MEASURE(2.E-2),#3454);
#5889=PRESENTATION_STYLE_ASSIGNMENT((#5888));
#5890=STYLED_ITEM('',(#5889),#5887);
#5891=CARTESIAN_POINT('',(-6.482411714619E0,2.284880863643E0,1.67376E1));
#5892=DIRECTION('',(0.E0,0.E0,-1.E0));
#5893=DIRECTION('',(-1.E0,-3.418853959821E-11,0.E0));
#5894=AXIS2_PLACEMENT_3D('',#5891,#5892,#5893);
#5896=CURVE_STYLE('',#25,POSITIVE_LENGTH_MEASURE(2.E-2),#3454);
#5897=PRESENTATION_STYLE_ASSIGNMENT((#5896));
#5898=STYLED_ITEM('',(#5897),#5895);
#5899=CARTESIAN_POINT('',(-6.482411714619E0,2.284880863643E0,1.67376E1));
#5900=DIRECTION('',(0.E0,0.E0,-1.E0));
#5901=DIRECTION('',(-2.964320246631E-11,1.E0,0.E0));
#5902=AXIS2_PLACEMENT_3D('',#5899,#5900,#5901);
#5904=CURVE_STYLE('',#25,POSITIVE_LENGTH_MEASURE(2.E-2),#3454);
#5905=PRESENTATION_STYLE_ASSIGNMENT((#5904));
#5906=STYLED_ITEM('',(#5905),#5903);
#5907=DIRECTION('',(9.702957262760E-1,-2.419218955996E-1,0.E0));
#5908=VECTOR('',#5907,1.898908405752E0);
#5909=CARTESIAN_POINT('',(-6.451329994135E0,2.409542835367E0,1.67376E1));
#5910=LINE('',#5909,#5908);
#5911=CURVE_STYLE('',#25,POSITIVE_LENGTH_MEASURE(2.E-2),#3454);
#5912=PRESENTATION_STYLE_ASSIGNMENT((#5911));
#5913=STYLED_ITEM('',(#5912),#5910);
#5914=DIRECTION('',(-9.702957262760E-1,2.419218955996E-1,0.E0));
#5915=VECTOR('',#5914,2.363809328510E0);
#5916=CARTESIAN_POINT('',(-4.608827283445E0,2.345910947949E0,1.67376E1));
#5917=LINE('',#5916,#5915);
#5918=CURVE_STYLE('',#25,POSITIVE_LENGTH_MEASURE(2.E-2),#3454);
#5919=PRESENTATION_STYLE_ASSIGNMENT((#5918));
#5920=STYLED_ITEM('',(#5919),#5917);
#5921=CARTESIAN_POINT('',(-6.948484614530E0,2.733018609250E0,1.67376E1));
#5922=DIRECTION('',(0.E0,0.E0,1.E0));
#5923=DIRECTION('',(2.419218957203E-1,9.702957262459E-1,0.E0));
#5924=AXIS2_PLACEMENT_3D('',#5921,#5922,#5923);
#5926=CURVE_STYLE('',#25,POSITIVE_LENGTH_MEASURE(2.E-2),#3454);
#5927=PRESENTATION_STYLE_ASSIGNMENT((#5926));
#5928=STYLED_ITEM('',(#5927),#5925);
#5929=CARTESIAN_POINT('',(-6.948484614530E0,2.733018609250E0,1.67376E1));
#5930=DIRECTION('',(0.E0,0.E0,1.E0));
#5931=DIRECTION('',(0.E0,1.E0,0.E0));
#5932=AXIS2_PLACEMENT_3D('',#5929,#5930,#5931);
#5934=CURVE_STYLE('',#25,POSITIVE_LENGTH_MEASURE(2.E-2),#3454);
#5935=PRESENTATION_STYLE_ASSIGNMENT((#5934));
#5936=STYLED_ITEM('',(#5935),#5933);
#5937=DIRECTION('',(1.526556658860E-13,-1.439820485061E-12,-1.E0));
#5938=VECTOR('',#5937,6.4E-2);
#5939=CARTESIAN_POINT('',(-7.138890041750E0,1.840728935146E0,1.68016E1));
#5940=LINE('',#5939,#5938);
#5941=CURVE_STYLE('',#25,POSITIVE_LENGTH_MEASURE(2.E-2),#3454);
#5942=PRESENTATION_STYLE_ASSIGNMENT((#5941));
#5943=STYLED_ITEM('',(#5942),#5940);
#5944=DIRECTION('',(0.E0,1.E0,0.E0));
#5945=VECTOR('',#5944,8.922896740990E-1);
#5946=CARTESIAN_POINT('',(-7.138890041750E0,1.840728935146E0,1.67376E1));
#5947=LINE('',#5946,#5945);
#5948=CURVE_STYLE('',#25,POSITIVE_LENGTH_MEASURE(2.E-2),#3454);
#5949=PRESENTATION_STYLE_ASSIGNMENT((#5948));
#5950=STYLED_ITEM('',(#5949),#5947);
#5951=DIRECTION('',(0.E0,-2.238487173400E-11,-1.E0));
#5952=VECTOR('',#5951,6.4E-2);
#5953=CARTESIAN_POINT('',(-7.138890041750E0,2.733018609246E0,1.68016E1));
#5954=LINE('',#5953,#5952);
#5955=CURVE_STYLE('',#25,POSITIVE_LENGTH_MEASURE(2.E-2),#3454);
#5956=PRESENTATION_STYLE_ASSIGNMENT((#5955));
#5957=STYLED_ITEM('',(#5956),#5954);
#5958=DIRECTION('',(1.678657213233E-10,-4.583139423531E-11,1.E0));
#5959=VECTOR('',#5958,6.4E-2);
#5960=CARTESIAN_POINT('',(-6.902421372629E0,2.917768181538E0,1.67376E1));
#5961=LINE('',#5960,#5959);
#5962=CURVE_STYLE('',#25,POSITIVE_LENGTH_MEASURE(2.E-2),#3454);
#5963=PRESENTATION_STYLE_ASSIGNMENT((#5962));
#5964=STYLED_ITEM('',(#5963),#5961);
#5965=DIRECTION('',(-9.702957262760E-1,2.419218955995E-1,0.E0));
#5966=VECTOR('',#5965,5.441639962967E-1);
#5967=CARTESIAN_POINT('',(-6.610890041750E0,1.709083749645E0,1.68016E1));
#5968=LINE('',#5967,#5966);
#5969=CURVE_STYLE('',#25,POSITIVE_LENGTH_MEASURE(2.E-2),#3454);
#5970=PRESENTATION_STYLE_ASSIGNMENT((#5969));
#5971=STYLED_ITEM('',(#5970),#5968);
#5972=DIRECTION('',(1.094931713353E-14,1.E0,0.E0));
#5973=VECTOR('',#5972,8.922896741003E-1);
#5974=CARTESIAN_POINT('',(-7.138890041750E0,1.840728935146E0,1.68016E1));
#5975=LINE('',#5974,#5973);
#5976=CURVE_STYLE('',#25,POSITIVE_LENGTH_MEASURE(2.E-2),#3454);
#5977=PRESENTATION_STYLE_ASSIGNMENT((#5976));
#5978=STYLED_ITEM('',(#5977),#5975);
#5979=CARTESIAN_POINT('',(-6.948484614530E0,2.733018609250E0,1.68016E1));
#5980=DIRECTION('',(0.E0,0.E0,-1.E0));
#5981=DIRECTION('',(-1.E0,-1.108558745008E-11,0.E0));
#5982=AXIS2_PLACEMENT_3D('',#5979,#5980,#5981);
#5984=CURVE_STYLE('',#25,POSITIVE_LENGTH_MEASURE(2.E-2),#3454);
#5985=PRESENTATION_STYLE_ASSIGNMENT((#5984));
#5986=STYLED_ITEM('',(#5985),#5983);
#5987=CARTESIAN_POINT('',(-6.948484614530E0,2.733018609250E0,1.68016E1));
#5988=DIRECTION('',(0.E0,0.E0,-1.E0));
#5989=DIRECTION('',(0.E0,1.E0,0.E0));
#5990=AXIS2_PLACEMENT_3D('',#5987,#5988,#5989);
#5992=CURVE_STYLE('',#25,POSITIVE_LENGTH_MEASURE(2.E-2),#3454);
#5993=PRESENTATION_STYLE_ASSIGNMENT((#5992));
#5994=STYLED_ITEM('',(#5993),#5991);
#5995=DIRECTION('',(9.702957262760E-1,-2.419218955995E-1,0.E0));
#5996=VECTOR('',#5995,2.363809328499E0);
#5997=CARTESIAN_POINT('',(-6.902421372619E0,2.917768181535E0,1.68016E1));
#5998=LINE('',#5997,#5996);
#5999=CURVE_STYLE('',#25,POSITIVE_LENGTH_MEASURE(2.E-2),#3454);
#6000=PRESENTATION_STYLE_ASSIGNMENT((#5999));
#6001=STYLED_ITEM('',(#6000),#5998);
#6002=DIRECTION('',(1.077244656006E-13,-1.E0,0.E0));
#6003=VECTOR('',#6002,3.957556336708E-1);
#6004=CARTESIAN_POINT('',(-4.608827283445E0,2.345910947949E0,1.68016E1));
#6005=LINE('',#6004,#6003);
#6006=CURVE_STYLE('',#25,POSITIVE_LENGTH_MEASURE(2.E-2),#3454);
#6007=PRESENTATION_STYLE_ASSIGNMENT((#6006));
#6008=STYLED_ITEM('',(#6007),#6005);
#6009=DIRECTION('',(-9.702957262760E-1,2.419218955996E-1,0.E0));
#6010=VECTOR('',#6009,1.898908405757E0);
#6011=CARTESIAN_POINT('',(-4.608827283445E0,1.950155314278E0,1.68016E1));
#6012=LINE('',#6011,#6010);
#6013=CURVE_STYLE('',#25,POSITIVE_LENGTH_MEASURE(2.E-2),#3454);
#6014=PRESENTATION_STYLE_ASSIGNMENT((#6013));
#6015=STYLED_ITEM('',(#6014),#6012);
#6016=CARTESIAN_POINT('',(-6.482411714619E0,2.284880863643E0,1.68016E1));
#6017=DIRECTION('',(0.E0,0.E0,1.E0));
#6018=DIRECTION('',(2.419218959784E-1,9.702957261816E-1,0.E0));
#6019=AXIS2_PLACEMENT_3D('',#6016,#6017,#6018);
#6021=CURVE_STYLE('',#25,POSITIVE_LENGTH_MEASURE(2.E-2),#3454);
#6022=PRESENTATION_STYLE_ASSIGNMENT((#6021));
#6023=STYLED_ITEM('',(#6022),#6020);
#6024=CARTESIAN_POINT('',(-6.482411714619E0,2.284880863643E0,1.68016E1));
#6025=DIRECTION('',(0.E0,0.E0,1.E0));
#6026=DIRECTION('',(-1.549216807999E-11,1.E0,0.E0));
#6027=AXIS2_PLACEMENT_3D('',#6024,#6025,#6026);
#6029=CURVE_STYLE('',#25,POSITIVE_LENGTH_MEASURE(2.E-2),#3454);
#6030=PRESENTATION_STYLE_ASSIGNMENT((#6029));
#6031=STYLED_ITEM('',(#6030),#6028);
#6032=DIRECTION('',(-1.403692971503E-13,-1.E0,0.E0));
#6033=VECTOR('',#6032,5.757971139955E-1);
#6034=CARTESIAN_POINT('',(-6.610890041750E0,2.284880863640E0,1.68016E1));
#6035=LINE('',#6034,#6033);
#6036=CURVE_STYLE('',#25,POSITIVE_LENGTH_MEASURE(2.E-2),#3454);
#6037=PRESENTATION_STYLE_ASSIGNMENT((#6036));
#6038=STYLED_ITEM('',(#6037),#6035);
#6039=DIRECTION('',(1.526556658860E-13,-1.436351038109E-12,-1.E0));
#6040=VECTOR('',#6039,6.4E-2);
#6041=CARTESIAN_POINT('',(-6.610890041750E0,1.709083749645E0,1.68016E1));
#6042=LINE('',#6041,#6040);
#6043=CURVE_STYLE('',#25,POSITIVE_LENGTH_MEASURE(2.E-2),#3454);
#6044=PRESENTATION_STYLE_ASSIGNMENT((#6043));
#6045=STYLED_ITEM('',(#6044),#6042);
#6046=DIRECTION('',(-1.280291391592E-13,-1.E0,0.E0));
#6047=VECTOR('',#6046,5.757971139947E-1);
#6048=CARTESIAN_POINT('',(-6.610890041750E0,2.284880863640E0,1.67376E1));
#6049=LINE('',#6048,#6047);
#6050=CURVE_STYLE('',#25,POSITIVE_LENGTH_MEASURE(2.E-2),#3454);
#6051=PRESENTATION_STYLE_ASSIGNMENT((#6050));
#6052=STYLED_ITEM('',(#6051),#6049);
#6053=DIRECTION('',(8.955336472383E-11,-2.154526557163E-11,-1.E0));
#6054=VECTOR('',#6053,6.4E-2);
#6055=CARTESIAN_POINT('',(-6.451329994141E0,2.409542835369E0,1.68016E1));
#6056=LINE('',#6055,#6054);
#6057=CURVE_STYLE('',#25,POSITIVE_LENGTH_MEASURE(2.E-2),#3454);
#6058=PRESENTATION_STYLE_ASSIGNMENT((#6057));
#6059=STYLED_ITEM('',(#6058),#6056);
#6060=DIRECTION('',(0.E0,1.336430965893E-11,1.E0));
#6061=VECTOR('',#6060,6.4E-2);
#6062=CARTESIAN_POINT('',(-6.610890041750E0,2.284880863640E0,1.67376E1));
#6063=LINE('',#6062,#6061);
#6064=CURVE_STYLE('',#25,POSITIVE_LENGTH_MEASURE(2.E-2),#3454);
#6065=PRESENTATION_STYLE_ASSIGNMENT((#6064));
#6066=STYLED_ITEM('',(#6065),#6063);
#6067=DIRECTION('',(-1.942890293094E-13,1.342675970406E-12,-1.E0));
#6068=VECTOR('',#6067,6.4E-2);
#6069=CARTESIAN_POINT('',(-4.608827283445E0,1.950155314278E0,1.68016E1));
#6070=LINE('',#6069,#6068);
#6071=CURVE_STYLE('',#25,POSITIVE_LENGTH_MEASURE(2.E-2),#3454);
#6072=PRESENTATION_STYLE_ASSIGNMENT((#6071));
#6073=STYLED_ITEM('',(#6072),#6070);
#6074=DIRECTION('',(1.665334536938E-13,3.157196726278E-12,-1.E0));
#6075=VECTOR('',#6074,6.4E-2);
#6076=CARTESIAN_POINT('',(-4.608827283445E0,2.345910947949E0,1.68016E1));
#6077=LINE('',#6076,#6075);
#6078=CURVE_STYLE('',#25,POSITIVE_LENGTH_MEASURE(2.E-2),#3454);
#6079=PRESENTATION_STYLE_ASSIGNMENT((#6078));
#6080=STYLED_ITEM('',(#6079),#6077);
#6081=DIRECTION('',(4.937371340026E-14,-1.E0,0.E0));
#6082=VECTOR('',#6081,3.957556336709E-1);
#6083=CARTESIAN_POINT('',(-4.608827283445E0,2.345910947949E0,1.67376E1));
#6084=LINE('',#6083,#6082);
#6085=CURVE_STYLE('',#25,POSITIVE_LENGTH_MEASURE(2.E-2),#3454);
#6086=PRESENTATION_STYLE_ASSIGNMENT((#6085));
#6087=STYLED_ITEM('',(#6086),#6084);
#6088=CARTESIAN_POINT('',(-7.138890041750E0,1.840728935146E0,1.67376E1));
#6089=CARTESIAN_POINT('',(-7.138890041750E0,2.733018609245E0,1.67376E1));
#6090=VERTEX_POINT('',#6088);
#6091=VERTEX_POINT('',#6089);
#6092=CARTESIAN_POINT('',(-6.610890041750E0,1.709083749645E0,1.67376E1));
#6093=VERTEX_POINT('',#6092);
#6094=CARTESIAN_POINT('',(-6.610890041750E0,2.284880863640E0,1.67376E1));
#6095=VERTEX_POINT('',#6094);
#6096=CARTESIAN_POINT('',(-6.482411714623E0,2.413359190774E0,1.67376E1));
#6097=VERTEX_POINT('',#6096);
#6098=CARTESIAN_POINT('',(-6.451329994115E0,2.409542835362E0,1.67376E1));
#6099=VERTEX_POINT('',#6098);
#6100=CARTESIAN_POINT('',(-4.608827283445E0,1.950155314278E0,1.67376E1));
#6101=VERTEX_POINT('',#6100);
#6102=CARTESIAN_POINT('',(-4.608827283445E0,2.345910947949E0,1.67376E1));
#6103=VERTEX_POINT('',#6102);
#6104=CARTESIAN_POINT('',(-6.902421372629E0,2.917768181538E0,1.67376E1));
#6105=VERTEX_POINT('',#6104);
#6106=CARTESIAN_POINT('',(-6.948484614530E0,2.923424036470E0,1.67376E1));
#6107=VERTEX_POINT('',#6106);
#6108=CARTESIAN_POINT('',(-7.138890041750E0,2.733018609246E0,1.68016E1));
#6109=VERTEX_POINT('',#6108);
#6110=CARTESIAN_POINT('',(-7.138890041750E0,1.840728935146E0,1.68016E1));
#6111=VERTEX_POINT('',#6110);
#6112=CARTESIAN_POINT('',(-6.948484614530E0,2.923424036470E0,1.68016E1));
#6113=CARTESIAN_POINT('',(-6.902421372607E0,2.917768181532E0,1.68016E1));
#6114=VERTEX_POINT('',#6112);
#6115=VERTEX_POINT('',#6113);
#6116=CARTESIAN_POINT('',(-6.610890041750E0,1.709083749645E0,1.68016E1));
#6117=VERTEX_POINT('',#6116);
#6118=CARTESIAN_POINT('',(-4.608827283445E0,2.345910947949E0,1.68016E1));
#6119=VERTEX_POINT('',#6118);
#6120=CARTESIAN_POINT('',(-4.608827283445E0,1.950155314278E0,1.68016E1));
#6121=VERTEX_POINT('',#6120);
#6122=CARTESIAN_POINT('',(-6.451329994141E0,2.409542835369E0,1.68016E1));
#6123=VERTEX_POINT('',#6122);
#6124=CARTESIAN_POINT('',(-6.482411714621E0,2.413359190774E0,1.68016E1));
#6125=VERTEX_POINT('',#6124);
#6126=CARTESIAN_POINT('',(-6.610890041750E0,2.284880863641E0,1.68016E1));
#6127=VERTEX_POINT('',#6126);
#6128=CARTESIAN_POINT('',(-6.482411714619E0,2.284880863643E0,1.67376E1));
#6129=DIRECTION('',(0.E0,0.E0,-1.E0));
#6130=DIRECTION('',(0.E0,-1.E0,0.E0));
#6131=AXIS2_PLACEMENT_3D('',#6128,#6129,#6130);
#6132=PLANE('',#6131);
#6134=ORIENTED_EDGE('',*,*,#6133,.F.);
#6136=ORIENTED_EDGE('',*,*,#6135,.T.);
#6138=ORIENTED_EDGE('',*,*,#6137,.F.);
#6140=ORIENTED_EDGE('',*,*,#6139,.T.);
#6142=ORIENTED_EDGE('',*,*,#6141,.T.);
#6144=ORIENTED_EDGE('',*,*,#6143,.T.);
#6146=ORIENTED_EDGE('',*,*,#6145,.F.);
#6148=ORIENTED_EDGE('',*,*,#6147,.T.);
#6150=ORIENTED_EDGE('',*,*,#6149,.T.);
#6152=ORIENTED_EDGE('',*,*,#6151,.T.);
#6153=EDGE_LOOP('',(#6134,#6136,#6138,#6140,#6142,#6144,#6146,#6148,#6150,
#6152));
#6154=FACE_OUTER_BOUND('',#6153,.F.);
#6156=CARTESIAN_POINT('',(-7.138890041750E0,2.733018609250E0,1.68656E1));
#6157=DIRECTION('',(1.E0,0.E0,0.E0));
#6158=DIRECTION('',(0.E0,0.E0,-1.E0));
#6159=AXIS2_PLACEMENT_3D('',#6156,#6157,#6158);
#6160=PLANE('',#6159);
#6162=ORIENTED_EDGE('',*,*,#6161,.F.);
#6164=ORIENTED_EDGE('',*,*,#6163,.F.);
#6166=ORIENTED_EDGE('',*,*,#6165,.T.);
#6167=ORIENTED_EDGE('',*,*,#6133,.T.);
#6168=EDGE_LOOP('',(#6162,#6164,#6166,#6167));
#6169=FACE_OUTER_BOUND('',#6168,.F.);
#6171=CARTESIAN_POINT('',(-6.948484614530E0,2.733018609250E0,1.68656E1));
#6172=DIRECTION('',(0.E0,0.E0,-1.E0));
#6173=DIRECTION('',(0.E0,-1.E0,0.E0));
#6174=AXIS2_PLACEMENT_3D('',#6171,#6172,#6173);
#6175=CYLINDRICAL_SURFACE('',#6174,1.904054272200E-1);
#6177=ORIENTED_EDGE('',*,*,#6176,.F.);
#6179=ORIENTED_EDGE('',*,*,#6178,.F.);
#6180=ORIENTED_EDGE('',*,*,#6161,.T.);
#6181=ORIENTED_EDGE('',*,*,#6151,.F.);
#6182=ORIENTED_EDGE('',*,*,#6149,.F.);
#6184=ORIENTED_EDGE('',*,*,#6183,.T.);
#6185=EDGE_LOOP('',(#6177,#6179,#6180,#6181,#6182,#6184));
#6186=FACE_OUTER_BOUND('',#6185,.F.);
#6188=CARTESIAN_POINT('',(-5.92E0,0.E0,1.68016E1));
#6189=DIRECTION('',(0.E0,0.E0,1.E0));
#6190=DIRECTION('',(1.E0,0.E0,0.E0));
#6191=AXIS2_PLACEMENT_3D('',#6188,#6189,#6190);
#6192=PLANE('',#6191);
#6194=ORIENTED_EDGE('',*,*,#6193,.T.);
#6195=ORIENTED_EDGE('',*,*,#6163,.T.);
#6196=ORIENTED_EDGE('',*,*,#6178,.T.);
#6197=ORIENTED_EDGE('',*,*,#6176,.T.);
#6199=ORIENTED_EDGE('',*,*,#6198,.T.);
#6201=ORIENTED_EDGE('',*,*,#6200,.T.);
#6203=ORIENTED_EDGE('',*,*,#6202,.T.);
#6205=ORIENTED_EDGE('',*,*,#6204,.T.);
#6207=ORIENTED_EDGE('',*,*,#6206,.T.);
#6209=ORIENTED_EDGE('',*,*,#6208,.T.);
#6210=EDGE_LOOP('',(#6194,#6195,#6196,#6197,#6199,#6201,#6203,#6205,#6207,
#6209));
#6211=FACE_OUTER_BOUND('',#6210,.F.);
#6213=CARTESIAN_POINT('',(-7.138890041750E0,1.840728935146E0,1.68656E1));
#6214=DIRECTION('',(2.419218955997E-1,9.702957262760E-1,0.E0));
#6215=DIRECTION('',(-9.702957262760E-1,2.419218955997E-1,0.E0));
#6216=AXIS2_PLACEMENT_3D('',#6213,#6214,#6215);
#6217=PLANE('',#6216);
#6218=ORIENTED_EDGE('',*,*,#6165,.F.);
#6219=ORIENTED_EDGE('',*,*,#6193,.F.);
#6221=ORIENTED_EDGE('',*,*,#6220,.T.);
#6222=ORIENTED_EDGE('',*,*,#6135,.F.);
#6223=EDGE_LOOP('',(#6218,#6219,#6221,#6222));
#6224=FACE_OUTER_BOUND('',#6223,.F.);
#6226=CARTESIAN_POINT('',(-6.610890041750E0,1.709083749645E0,1.68656E1));
#6227=DIRECTION('',(-1.E0,0.E0,0.E0));
#6228=DIRECTION('',(0.E0,0.E0,1.E0));
#6229=AXIS2_PLACEMENT_3D('',#6226,#6227,#6228);
#6230=PLANE('',#6229);
#6231=ORIENTED_EDGE('',*,*,#6220,.F.);
#6232=ORIENTED_EDGE('',*,*,#6208,.F.);
#6234=ORIENTED_EDGE('',*,*,#6233,.F.);
#6235=ORIENTED_EDGE('',*,*,#6137,.T.);
#6236=EDGE_LOOP('',(#6231,#6232,#6234,#6235));
#6237=FACE_OUTER_BOUND('',#6236,.F.);
#6239=CARTESIAN_POINT('',(-6.482411714619E0,2.284880863643E0,1.68656E1));
#6240=DIRECTION('',(0.E0,0.E0,-1.E0));
#6241=DIRECTION('',(0.E0,-1.E0,0.E0));
#6242=AXIS2_PLACEMENT_3D('',#6239,#6240,#6241);
#6243=CYLINDRICAL_SURFACE('',#6242,1.284783271309E-1);
#6244=ORIENTED_EDGE('',*,*,#6206,.F.);
#6245=ORIENTED_EDGE('',*,*,#6204,.F.);
#6247=ORIENTED_EDGE('',*,*,#6246,.T.);
#6248=ORIENTED_EDGE('',*,*,#6141,.F.);
#6249=ORIENTED_EDGE('',*,*,#6139,.F.);
#6250=ORIENTED_EDGE('',*,*,#6233,.T.);
#6251=EDGE_LOOP('',(#6244,#6245,#6247,#6248,#6249,#6250));
#6252=FACE_OUTER_BOUND('',#6251,.F.);
#6254=CARTESIAN_POINT('',(-6.451329994176E0,2.409542835378E0,1.68656E1));
#6255=DIRECTION('',(2.419218955997E-1,9.702957262760E-1,0.E0));
#6256=DIRECTION('',(-9.702957262760E-1,2.419218955997E-1,0.E0));
#6257=AXIS2_PLACEMENT_3D('',#6254,#6255,#6256);
#6258=PLANE('',#6257);
#6259=ORIENTED_EDGE('',*,*,#6246,.F.);
#6260=ORIENTED_EDGE('',*,*,#6202,.F.);
#6262=ORIENTED_EDGE('',*,*,#6261,.T.);
#6263=ORIENTED_EDGE('',*,*,#6143,.F.);
#6264=EDGE_LOOP('',(#6259,#6260,#6262,#6263));
#6265=FACE_OUTER_BOUND('',#6264,.F.);
#6267=CARTESIAN_POINT('',(-4.608827283445E0,1.950155314278E0,1.68656E1));
#6268=DIRECTION('',(-1.E0,0.E0,0.E0));
#6269=DIRECTION('',(0.E0,0.E0,1.E0));
#6270=AXIS2_PLACEMENT_3D('',#6267,#6268,#6269);
#6271=PLANE('',#6270);
#6272=ORIENTED_EDGE('',*,*,#6261,.F.);
#6273=ORIENTED_EDGE('',*,*,#6200,.F.);
#6275=ORIENTED_EDGE('',*,*,#6274,.T.);
#6276=ORIENTED_EDGE('',*,*,#6145,.T.);
#6277=EDGE_LOOP('',(#6272,#6273,#6275,#6276));
#6278=FACE_OUTER_BOUND('',#6277,.F.);
#6280=CARTESIAN_POINT('',(-4.608827283445E0,2.345910947949E0,1.68656E1));
#6281=DIRECTION('',(-2.419218955997E-1,-9.702957262760E-1,0.E0));
#6282=DIRECTION('',(9.702957262760E-1,-2.419218955997E-1,0.E0));
#6283=AXIS2_PLACEMENT_3D('',#6280,#6281,#6282);
#6284=PLANE('',#6283);
#6285=ORIENTED_EDGE('',*,*,#6274,.F.);
#6286=ORIENTED_EDGE('',*,*,#6198,.F.);
#6287=ORIENTED_EDGE('',*,*,#6183,.F.);
#6288=ORIENTED_EDGE('',*,*,#6147,.F.);
#6289=EDGE_LOOP('',(#6285,#6286,#6287,#6288));
#6290=FACE_OUTER_BOUND('',#6289,.F.);
#6292=CLOSED_SHELL('',(#6155,#6170,#6187,#6212,#6225,#6238,#6253,#6266,#6279,
#6291));
#6293=MANIFOLD_SOLID_BREP('',#6292);
#6294=FILL_AREA_STYLE_COLOUR('',#3454);
#6295=FILL_AREA_STYLE('',(#6294));
#6296=SURFACE_STYLE_FILL_AREA(#6295);
#6297=SURFACE_SIDE_STYLE('',(#6296));
#6298=SURFACE_STYLE_USAGE(.BOTH.,#6297);
#6299=PRESENTATION_STYLE_ASSIGNMENT((#6298));
#5883=STYLED_ITEM('',(#6299),#6293);
#6302=PLANE_ANGLE_MEASURE_WITH_UNIT(PLANE_ANGLE_MEASURE(1.745329251994E-2),
#6301);
#6303=(CONVERSION_BASED_UNIT('DEGREE',#6302)NAMED_UNIT(*)PLANE_ANGLE_UNIT());
#6305=UNCERTAINTY_MEASURE_WITH_UNIT(LENGTH_MEASURE(2.807010066050E-4),#6300,
'distance_accuracy_value',
'Maximum model space distance between geometric entities at asserted connectivities');
#6307=CARTESIAN_POINT('',(0.E0,0.E0,0.E0));
#6308=DIRECTION('',(0.E0,0.E0,1.E0));
#6309=DIRECTION('',(1.E0,0.E0,0.E0));
#6312=PRODUCT_DEFINITION_CONTEXT('part definition',#2656,'design');
#6313=PRODUCT_CONTEXT('',#2656,'mechanical');
#6314=PRODUCT('LOGO_NX_PRT_368_1_1_1_1_2_1_1_8',
'LOGO_NX_PRT_368_1_1_1_1_2_1_1_8','NOT SPECIFIED',(#6313));
#6315=PRODUCT_DEFINITION_FORMATION('1','LAST_VERSION',#6314);
#6323=DERIVED_UNIT_ELEMENT(#6322,2.E0);
#6324=DERIVED_UNIT((#6323));
#6325=MEASURE_REPRESENTATION_ITEM('surface area measure',AREA_MEASURE(
3.233532584052E0),#6324);
#6330=DERIVED_UNIT_ELEMENT(#6329,3.E0);
#6331=DERIVED_UNIT((#6330));
#6332=MEASURE_REPRESENTATION_ITEM('volume measure',VOLUME_MEASURE(
8.862597743392E-2),#6331);
#6336=CARTESIAN_POINT('centre point',(-6.147704824590E0,2.368978492850E0,
1.67696E1));
#6341=DERIVED_UNIT_ELEMENT(#6340,2.E0);
#6342=DERIVED_UNIT((#6341));
#6343=MEASURE_REPRESENTATION_ITEM('surface area measure',AREA_MEASURE(
3.233532584052E0),#6342);
#6348=DERIVED_UNIT_ELEMENT(#6347,3.E0);
#6349=DERIVED_UNIT((#6348));
#6350=MEASURE_REPRESENTATION_ITEM('volume measure',VOLUME_MEASURE(
8.862597743392E-2),#6349);
#6354=CARTESIAN_POINT('centre point',(-6.147704824590E0,2.368978492850E0,
1.67696E1));
#6361=CARTESIAN_POINT('centre point',(-6.147704824590E0,2.368978492850E0,
1.67696E1));
#6365=CARTESIAN_POINT('',(0.E0,0.E0,0.E0));
#6366=DIRECTION('',(0.E0,0.E0,1.E0));
#6367=DIRECTION('',(1.E0,0.E0,0.E0));
#6368=AXIS2_PLACEMENT_3D('',#6365,#6366,#6367);
#6369=ITEM_DEFINED_TRANSFORMATION('','',#6310,#6368);
#6370=CARTESIAN_POINT('',(0.E0,0.E0,0.E0));
#6371=DIRECTION('',(0.E0,0.E0,1.E0));
#6372=DIRECTION('',(1.E0,0.E0,0.E0));
#6374=(REPRESENTATION_RELATIONSHIP('','',#6311,#4299)REPRESENTATION_RELATIONSHIP_WITH_TRANSFORMATION(#6369)SHAPE_REPRESENTATION_RELATIONSHIP());
#6375=CONTEXT_DEPENDENT_SHAPE_REPRESENTATION(#6374,#6360);
#6378=PLANE_ANGLE_MEASURE_WITH_UNIT(PLANE_ANGLE_MEASURE(1.745329251994E-2),
#6377);
#6379=(CONVERSION_BASED_UNIT('DEGREE',#6378)NAMED_UNIT(*)PLANE_ANGLE_UNIT());
#6381=UNCERTAINTY_MEASURE_WITH_UNIT(LENGTH_MEASURE(6.654743975437E-4),#6376,
'distance_accuracy_value',
'Maximum model space distance between geometric entities at asserted connectivities');
#6383=CARTESIAN_POINT('',(0.E0,0.E0,0.E0));
#6384=DIRECTION('',(0.E0,0.E0,1.E0));
#6385=DIRECTION('',(1.E0,0.E0,0.E0));
#6387=PRODUCT_CONTEXT('',#2656,'mechanical');
#6388=PRODUCT('LOGO-YMIN_ASM_1_1_ASM_1_1_2_3_8_ASM',
'LOGO-YMIN_ASM_1_1_ASM_1_1_2_3_8_ASM','NOT SPECIFIED',(#6387));
#6389=PRODUCT_DEFINITION_FORMATION('1','LAST_VERSION',#6388);
#6392=DERIVED_UNIT_ELEMENT(#6391,2.E0);
#6393=DERIVED_UNIT((#6392));
#6394=MEASURE_REPRESENTATION_ITEM('surface area measure',AREA_MEASURE(
1.880511122180E1),#6393);
#6399=DERIVED_UNIT_ELEMENT(#6398,3.E0);
#6400=DERIVED_UNIT((#6399));
#6401=MEASURE_REPRESENTATION_ITEM('volume measure',VOLUME_MEASURE(
5.109876282081E-1),#6400);
#6405=CARTESIAN_POINT('centre point',(-5.899315117347E0,-1.292728411255E-1,
1.67696E1));
#6414=CARTESIAN_POINT('centre point',(-5.899315117347E0,-1.292728411255E-1,
1.67696E1));
#6418=CARTESIAN_POINT('',(0.E0,0.E0,0.E0));
#6419=DIRECTION('',(0.E0,0.E0,1.E0));
#6420=DIRECTION('',(1.E0,0.E0,0.E0));
#6421=AXIS2_PLACEMENT_3D('',#6418,#6419,#6420);
#6422=ITEM_DEFINED_TRANSFORMATION('','',#4314,#6421);
#6423=CARTESIAN_POINT('',(0.E0,0.E0,0.E0));
#6424=DIRECTION('',(0.E0,0.E0,1.E0));
#6425=DIRECTION('',(1.E0,0.E0,0.E0));
#6427=(REPRESENTATION_RELATIONSHIP('','',#4299,#6411)REPRESENTATION_RELATIONSHIP_WITH_TRANSFORMATION(#6422)SHAPE_REPRESENTATION_RELATIONSHIP());
#6428=CONTEXT_DEPENDENT_SHAPE_REPRESENTATION(#6427,#6413);
#6431=PLANE_ANGLE_MEASURE_WITH_UNIT(PLANE_ANGLE_MEASURE(1.745329251994E-2),
#6430);
#6432=(CONVERSION_BASED_UNIT('DEGREE',#6431)NAMED_UNIT(*)PLANE_ANGLE_UNIT());
#6434=UNCERTAINTY_MEASURE_WITH_UNIT(LENGTH_MEASURE(6.654743975437E-4),#6429,
'distance_accuracy_value',
'Maximum model space distance between geometric entities at asserted connectivities');
#6436=CARTESIAN_POINT('',(0.E0,0.E0,0.E0));
#6437=DIRECTION('',(0.E0,0.E0,1.E0));
#6438=DIRECTION('',(1.E0,0.E0,0.E0));
#6440=PRODUCT_DEFINITION_CONTEXT('part definition',#2656,'design');
#6441=PRODUCT_CONTEXT('',#2656,'mechanical');
#6442=PRODUCT('ASM0008_ASM_1_1_2_3_4_5_6_7_8_ASM',
'ASM0008_ASM_1_1_2_3_4_5_6_7_8_ASM','NOT SPECIFIED',(#6441));
#6443=PRODUCT_DEFINITION_FORMATION('1','LAST_VERSION',#6442);
#6446=DERIVED_UNIT_ELEMENT(#6445,2.E0);
#6447=DERIVED_UNIT((#6446));
#6448=MEASURE_REPRESENTATION_ITEM('surface area measure',AREA_MEASURE(
1.880511122180E1),#6447);
#6453=DERIVED_UNIT_ELEMENT(#6452,3.E0);
#6454=DERIVED_UNIT((#6453));
#6455=MEASURE_REPRESENTATION_ITEM('volume measure',VOLUME_MEASURE(
5.109876282081E-1),#6454);
#6459=CARTESIAN_POINT('centre point',(-5.899315117347E0,-1.292728411255E-1,
1.67696E1));
#6468=CARTESIAN_POINT('centre point',(-5.899315117347E0,-1.292728411255E-1,
1.67696E1));
#6472=CARTESIAN_POINT('',(0.E0,0.E0,0.E0));
#6473=DIRECTION('',(0.E0,0.E0,1.E0));
#6474=DIRECTION('',(1.E0,0.E0,0.E0));
#6475=AXIS2_PLACEMENT_3D('',#6472,#6473,#6474);
#6476=ITEM_DEFINED_TRANSFORMATION('','',#6426,#6475);
#6477=CARTESIAN_POINT('',(0.E0,0.E0,0.E0));
#6478=DIRECTION('',(0.E0,0.E0,1.E0));
#6479=DIRECTION('',(1.E0,0.E0,0.E0));
#6481=(REPRESENTATION_RELATIONSHIP('','',#6411,#6465)REPRESENTATION_RELATIONSHIP_WITH_TRANSFORMATION(#6476)SHAPE_REPRESENTATION_RELATIONSHIP());
#6482=CONTEXT_DEPENDENT_SHAPE_REPRESENTATION(#6481,#6467);
#6485=PLANE_ANGLE_MEASURE_WITH_UNIT(PLANE_ANGLE_MEASURE(1.745329251994E-2),
#6484);
#6486=(CONVERSION_BASED_UNIT('DEGREE',#6485)NAMED_UNIT(*)PLANE_ANGLE_UNIT());
#6488=UNCERTAINTY_MEASURE_WITH_UNIT(LENGTH_MEASURE(6.654743975437E-4),#6483,
'distance_accuracy_value',
'Maximum model space distance between geometric entities at asserted connectivities');
#6490=CARTESIAN_POINT('',(0.E0,0.E0,0.E0));
#6491=DIRECTION('',(0.E0,0.E0,1.E0));
#6492=DIRECTION('',(1.E0,0.E0,0.E0));
#6494=PRODUCT_CONTEXT('',#2656,'mechanical');
#6495=PRODUCT('ASM0029_ASM','ASM0029_ASM','NOT SPECIFIED',(#6494));
#6496=PRODUCT_DEFINITION_FORMATION('1','LAST_VERSION',#6495);
#6499=DERIVED_UNIT_ELEMENT(#6498,2.E0);
#6500=DERIVED_UNIT((#6499));
#6501=MEASURE_REPRESENTATION_ITEM('surface area measure',AREA_MEASURE(
1.880511122180E1),#6500);
#6506=DERIVED_UNIT_ELEMENT(#6505,3.E0);
#6507=DERIVED_UNIT((#6506));
#6508=MEASURE_REPRESENTATION_ITEM('volume measure',VOLUME_MEASURE(
5.109876282081E-1),#6507);
#6512=CARTESIAN_POINT('centre point',(-5.899315117347E0,-1.292728411255E-1,
1.67696E1));
#6518=CARTESIAN_POINT('centre point',(1.7232E1,8.504085815121E0,
-1.441799866145E1));
#6522=CARTESIAN_POINT('',(4.624E-1,8.339135639344E0,-8.519573298633E0));
#6523=DIRECTION('',(1.E0,0.E0,0.E0));
#6524=DIRECTION('',(0.E0,-6.048108693825E-3,9.999817100234E-1));
#6525=AXIS2_PLACEMENT_3D('',#6522,#6523,#6524);
#6526=ITEM_DEFINED_TRANSFORMATION('','',#6480,#6525);
#6527=(REPRESENTATION_RELATIONSHIP('','',#6465,#2707)REPRESENTATION_RELATIONSHIP_WITH_TRANSFORMATION(#6526)SHAPE_REPRESENTATION_RELATIONSHIP());
#6528=CONTEXT_DEPENDENT_SHAPE_REPRESENTATION(#6527,#6517);
#6531=PLANE_ANGLE_MEASURE_WITH_UNIT(PLANE_ANGLE_MEASURE(1.745329251994E-2),
#6530);
#6532=(CONVERSION_BASED_UNIT('DEGREE',#6531)NAMED_UNIT(*)PLANE_ANGLE_UNIT());
#6534=UNCERTAINTY_MEASURE_WITH_UNIT(LENGTH_MEASURE(3.018232618275E-3),#6529,
'distance_accuracy_value',
'Maximum model space distance between geometric entities at asserted connectivities');
#6536=CARTESIAN_POINT('',(0.E0,0.E0,0.E0));
#6537=DIRECTION('',(0.E0,0.E0,1.E0));
#6538=DIRECTION('',(1.E0,0.E0,0.E0));
#6540=MECHANICAL_DESIGN_GEOMETRIC_PRESENTATION_REPRESENTATION('',(#28,#35,#42,
#49,#56,#63,#70,#77,#84,#92,#99,#106,#114,#121,#128,#135,#142,#149,#156,#163,
#170,#177,#184,#191,#198,#205,#212,#219,#226,#233,#240,#247,#254,#261,#268,#276,
#283,#290,#298,#305,#312,#320,#327,#335,#342,#350,#357,#365,#372,#379,#386,#393,
#401,#408,#416,#423,#431,#438,#445,#453,#460,#467,#474,#481,#488,#495,#502,#509,
#516,#523,#530,#537,#544,#551,#558,#565,#572,#579,#586,#593,#600,#607,#614,#621,
#628,#635,#642,#649,#656,#663,#670,#677,#684,#692,#699,#706,#713,#721,#728,#735,
#742,#749,#756,#763,#771,#778,#786,#793,#801,#808,#825,#832,#839,#846,#853,#860,
#867,#874,#881,#888,#895,#902,#909,#916,#923,#930,#937,#944,#951,#958,#965,#972,
#979,#986,#993,#1000,#1007,#1014,#1021,#1028,#1035,#1042,#1050,#1057,#1064,
#1071,#1079,#1086,#1093,#1101,#1108,#1116,#1123,#1131,#1138,#1145,#1152,#1159,
#1166,#1173,#1180,#1187,#1194,#1201,#1208,#1215,#1222,#1239,#1246,#1253,#2148,
#2175,#2204,#2230,#2258,#2283,#2307,#2456,#2483,#2509,#2535,#2560,#2587,#2611,
#20,#2730,#2738,#2746,#2753,#2761,#2769,#2776,#2784,#2792,#2800,#2807,#2815,
#2823,#2830,#2838,#2846,#2854,#2861,#2868,#2875,#2882,#2889,#2896,#2904,#2912,
#2920,#2927,#2934,#2941,#2948,#2955,#2962,#2969,#2977,#2985,#2993,#3001,#3009,
#3017,#3025,#3033,#3308,#2722,#3462,#3470,#3477,#3484,#3492,#3500,#3507,#3514,
#3522,#3530,#3538,#3546,#3553,#3560,#3567,#3574,#3581,#3588,#3595,#3602,#3609,
#3617,#3625,#3632,#3640,#3648,#3655,#3662,#3669,#3677,#3685,#3692,#3699,#3706,
#3713,#3721,#3728,#3735,#3742,#3749,#3756,#3763,#3770,#3777,#3784,#3791,#3798,
#3805,#3812,#3819,#3826,#3833,#3840,#3847,#3455,#4324,#4331,#4338,#4345,#4352,
#4359,#4366,#4373,#4380,#4387,#4394,#4401,#4317,#4592,#4599,#4606,#4613,#4620,
#4627,#4634,#4641,#4648,#4655,#4662,#4669,#4585,#4861,#4869,#4877,#4884,#4891,
#4899,#4907,#4914,#4921,#4928,#4935,#4942,#4949,#4957,#4965,#4972,#4979,#4986,
#4994,#5002,#5009,#5016,#5023,#5030,#5037,#5044,#5051,#5058,#4854,#5353,#5360,
#5367,#5374,#5381,#5388,#5395,#5402,#5409,#5416,#5423,#5430,#5346,#5622,#5629,
#5636,#5643,#5650,#5657,#5664,#5671,#5678,#5685,#5692,#5699,#5615,#5890,#5898,
#5906,#5913,#5920,#5928,#5936,#5943,#5950,#5957,#5964,#5971,#5978,#5986,#5994,
#6001,#6008,#6015,#6023,#6031,#6038,#6045,#6052,#6059,#6066,#6073,#6080,#6087,
#5883),#6535);
#6541=PRODUCT_DEFINITION_CONTEXT('part definition',#2656,'design');
#6542=PRODUCT_CONTEXT('',#2656,'mechanical');
#6543=PRODUCT('ASM0028_ASM','ASM0028_ASM','NOT SPECIFIED',(#6542));
#6544=PRODUCT_DEFINITION_FORMATION('1','LAST_VERSION',#6543);
#6547=DERIVED_UNIT_ELEMENT(#6546,2.E0);
#6548=DERIVED_UNIT((#6547));
#6549=MEASURE_REPRESENTATION_ITEM('surface area measure',AREA_MEASURE(
2.063547509297E3),#6548);
#6554=DERIVED_UNIT_ELEMENT(#6553,3.E0);
#6555=DERIVED_UNIT((#6554));
#6556=MEASURE_REPRESENTATION_ITEM('volume measure',VOLUME_MEASURE(
3.569496889912E3),#6555);
#6560=CARTESIAN_POINT('centre point',(8.247838717265E0,8.500001026685E0,
-9.118561646301E0));
#6564=PRODUCT_RELATED_PRODUCT_CATEGORY('part','',(#6388,#6442,#6495,#6543,#2660,
#3396,#4252,#4523,#4792,#5284,#5553,#5821,#6314));
#1=DRAUGHTING_PRE_DEFINED_COLOUR('green');
#2=COLOUR_RGB('',1.1E-2,1.2E-2,1.E0);
#3=COLOUR_RGB('',1.607843137255E-1,1.607843137255E-1,1.803921568627E-1);
#4=COLOUR_RGB('',2.392156862745E-1,2.509803921569E-1,2.588235294118E-1);
#5=COLOUR_RGB('',4.1E-1,2.61589E-1,1.12848E-1);
#6=COLOUR_RGB('',5.04854E-1,1.5455E-2,1.5455E-2);
#7=COLOUR_RGB('',6.35294E-1,6.86275E-1,7.4902E-1);
#8=COLOUR_RGB('',6.40777E-1,6.40777E-1,6.40777E-1);
#9=COLOUR_RGB('',6.69062E-1,6.69903E-1,6.55217E-1);
#10=COLOUR_RGB('',8.196078431373E-1,8.117647058824E-1,8.117647058824E-1);
#11=COLOUR_RGB('',9.21569E-1,7.05882E-1,4.70588E-1);
#12=DRAUGHTING_PRE_DEFINED_COLOUR('red');
#13=DRAUGHTING_PRE_DEFINED_COLOUR('yellow');
#14=COLOUR_RGB('',1.E0,1.E0,5.3E-1);
#15=COLOUR_RGB('',1.E0,1.E0,9.49E-1);
#16=DRAUGHTING_PRE_DEFINED_COLOUR('white');
#17=COLOUR_RGB('',2.1E-1,2.2E-1,2.2E-1);
#18=COLOUR_RGB('',8.3E-1,8.4E-1,8.3E-1);
#19=COLOUR_RGB('',9.E-1,9.2E-1,9.2E-1);
#89=CIRCLE('',#88,3.47221875E-1);
#111=CIRCLE('',#110,3.47221875E-1);
#273=CIRCLE('',#272,7.95E0);
#295=CIRCLE('',#294,7.95E0);
#317=CIRCLE('',#316,7.95E0);
#332=CIRCLE('',#331,7.95E0);
#347=CIRCLE('',#346,7.95E0);
#362=CIRCLE('',#361,7.95E0);
#398=CIRCLE('',#397,3.47221875E-1);
#413=CIRCLE('',#412,7.95E0);
#428=CIRCLE('',#427,7.95E0);
#450=CIRCLE('',#449,3.47221875E-1);
#689=CIRCLE('',#688,7.9E-1);
#718=CIRCLE('',#717,7.9E-1);
#768=CIRCLE('',#767,6.E-1);
#783=CIRCLE('',#782,7.9E-1);
#798=CIRCLE('',#797,7.9E-1);
#822=B_SPLINE_CURVE_WITH_KNOTS('',3,(#809,#810,#811,#812,#813,#814,#815,#816,
#817,#818,#819,#820,#821),.UNSPECIFIED.,.F.,.F.,(4,1,1,1,1,1,1,1,1,1,4),(0.E0,
1.25E-1,2.5E-1,3.75E-1,4.375E-1,5.E-1,5.625E-1,6.25E-1,7.5E-1,8.75E-1,1.E0),
.UNSPECIFIED.);
#1047=CIRCLE('',#1046,7.9E-1);
#1076=CIRCLE('',#1075,7.9E-1);
#1098=CIRCLE('',#1097,6.E-1);
#1113=CIRCLE('',#1112,7.9E-1);
#1128=CIRCLE('',#1127,7.9E-1);
#1236=B_SPLINE_CURVE_WITH_KNOTS('',3,(#1223,#1224,#1225,#1226,#1227,#1228,#1229,
#1230,#1231,#1232,#1233,#1234,#1235),.UNSPECIFIED.,.F.,.F.,(4,1,1,1,1,1,1,1,1,1,
4),(0.E0,1.25E-1,2.5E-1,3.75E-1,4.375E-1,5.E-1,5.625E-1,6.25E-1,7.5E-1,8.75E-1,
1.E0),.UNSPECIFIED.);
#1483=EDGE_CURVE('',#1312,#1313,#24,.T.);
#1485=EDGE_CURVE('',#1312,#1272,#32,.T.);
#1487=EDGE_CURVE('',#1272,#1273,#39,.T.);
#1489=EDGE_CURVE('',#1273,#1275,#46,.T.);
#1491=EDGE_CURVE('',#1313,#1275,#139,.T.);
#1495=ADVANCED_FACE('',(#1494),#1482,.F.);
#1501=EDGE_CURVE('',#1316,#1317,#53,.T.);
#1503=EDGE_CURVE('',#1281,#1316,#1032,.T.);
#1505=EDGE_CURVE('',#1281,#1279,#60,.T.);
#1507=EDGE_CURVE('',#1278,#1279,#67,.T.);
#1509=EDGE_CURVE('',#1317,#1278,#639,.T.);
#1513=ADVANCED_FACE('',(#1512),#1500,.F.);
#1519=EDGE_CURVE('',#1320,#1321,#74,.T.);
#1521=EDGE_CURVE('',#1268,#1321,#674,.T.);
#1523=EDGE_CURVE('',#1268,#1269,#81,.T.);
#1525=EDGE_CURVE('',#1269,#1285,#89,.T.);
#1527=EDGE_CURVE('',#1285,#1320,#96,.T.);
#1531=ADVANCED_FACE('',(#1530),#1518,.F.);
#1537=EDGE_CURVE('',#1324,#1325,#103,.T.);
#1539=EDGE_CURVE('',#1283,#1325,#611,.T.);
#1541=EDGE_CURVE('',#1283,#1264,#111,.T.);
#1543=EDGE_CURVE('',#1264,#1265,#118,.T.);
#1545=EDGE_CURVE('',#1324,#1265,#746,.T.);
#1549=ADVANCED_FACE('',(#1548),#1536,.F.);
#1556=EDGE_CURVE('',#1313,#1337,#132,.T.);
#1558=EDGE_CURVE('',#1337,#1328,#153,.T.);
#1560=EDGE_CURVE('',#1312,#1328,#195,.T.);
#1564=ADVANCED_FACE('',(#1563),#1554,.F.);
#1571=EDGE_CURVE('',#1317,#1332,#632,.T.);
#1573=EDGE_CURVE('',#1332,#1341,#160,.T.);
#1575=EDGE_CURVE('',#1316,#1341,#1039,.T.);
#1579=ADVANCED_FACE('',(#1578),#1569,.F.);
#1585=EDGE_CURVE('',#1336,#1337,#125,.T.);
#1589=EDGE_CURVE('',#1275,#1297,#997,.T.);
#1591=EDGE_CURVE('',#1297,#1299,#146,.T.);
#1593=EDGE_CURVE('',#1336,#1299,#1083,.T.);
#1597=ADVANCED_FACE('',(#1596),#1584,.F.);
#1603=EDGE_CURVE('',#1328,#1329,#202,.T.);
#1607=EDGE_CURVE('',#1336,#1352,#1076,.T.);
#1609=EDGE_CURVE('',#1352,#1353,#1061,.T.);
#1611=EDGE_CURVE('',#1353,#1340,#1047,.T.);
#1613=EDGE_CURVE('',#1340,#1341,#1011,.T.);
#1616=EDGE_CURVE('',#1332,#1333,#625,.T.);
#1618=EDGE_CURVE('',#1349,#1333,#167,.T.);
#1620=EDGE_CURVE('',#1348,#1349,#732,.T.);
#1622=EDGE_CURVE('',#1357,#1348,#718,.T.);
#1624=EDGE_CURVE('',#1356,#1357,#703,.T.);
#1626=EDGE_CURVE('',#1344,#1356,#689,.T.);
#1628=EDGE_CURVE('',#1344,#1345,#660,.T.);
#1630=EDGE_CURVE('',#1329,#1345,#174,.T.);
#1634=ADVANCED_FACE('',(#1633),#1602,.T.);
#1640=EDGE_CURVE('',#1428,#1429,#181,.T.);
#1642=EDGE_CURVE('',#1272,#1428,#188,.T.);
#1647=EDGE_CURVE('',#1320,#1329,#209,.T.);
#1650=EDGE_CURVE('',#1285,#1293,#216,.T.);
#1652=EDGE_CURVE('',#1293,#1404,#442,.T.);
#1654=EDGE_CURVE('',#1404,#1412,#223,.T.);
#1656=EDGE_CURVE('',#1412,#1413,#230,.T.);
#1658=EDGE_CURVE('',#1429,#1413,#237,.T.);
#1662=ADVANCED_FACE('',(#1661),#1639,.T.);
#1669=EDGE_CURVE('',#1440,#1429,#258,.T.);
#1671=EDGE_CURVE('',#1440,#1441,#273,.T.);
#1673=EDGE_CURVE('',#1441,#1449,#534,.T.);
#1675=EDGE_CURVE('',#1435,#1449,#927,.T.);
#1677=EDGE_CURVE('',#1428,#1435,#1243,.T.);
#1681=ADVANCED_FACE('',(#1680),#1667,.F.);
#1687=EDGE_CURVE('',#1432,#1433,#576,.T.);
#1689=EDGE_CURVE('',#1432,#1437,#920,.T.);
#1691=EDGE_CURVE('',#1447,#1437,#955,.T.);
#1693=EDGE_CURVE('',#1444,#1447,#376,.T.);
#1695=EDGE_CURVE('',#1444,#1445,#295,.T.);
#1697=EDGE_CURVE('',#1433,#1445,#244,.T.);
#1701=ADVANCED_FACE('',(#1700),#1686,.F.);
#1708=EDGE_CURVE('',#1425,#1445,#309,.T.);
#1710=EDGE_CURVE('',#1425,#1417,#251,.T.);
#1712=EDGE_CURVE('',#1433,#1417,#583,.T.);
#1716=ADVANCED_FACE('',(#1715),#1706,.F.);
#1724=EDGE_CURVE('',#1413,#1423,#265,.T.);
#1726=EDGE_CURVE('',#1423,#1440,#280,.T.);
#1730=ADVANCED_FACE('',(#1729),#1721,.F.);
#1738=EDGE_CURVE('',#1423,#1401,#332,.T.);
#1740=EDGE_CURVE('',#1401,#1441,#287,.T.);
#1744=ADVANCED_FACE('',(#1743),#1735,.F.);
#1751=EDGE_CURVE('',#1399,#1444,#302,.T.);
#1753=EDGE_CURVE('',#1399,#1425,#317,.T.);
#1758=ADVANCED_FACE('',(#1757),#1749,.F.);
#1765=EDGE_CURVE('',#1399,#1393,#324,.T.);
#1767=EDGE_CURVE('',#1392,#1393,#941,.T.);
#1769=EDGE_CURVE('',#1401,#1392,#541,.T.);
#1774=EDGE_CURVE('',#1412,#1421,#339,.T.);
#1776=EDGE_CURVE('',#1397,#1421,#347,.T.);
#1778=EDGE_CURVE('',#1389,#1397,#527,.T.);
#1780=EDGE_CURVE('',#1387,#1389,#471,.T.);
#1782=EDGE_CURVE('',#1387,#1395,#354,.T.);
#1784=EDGE_CURVE('',#1419,#1395,#362,.T.);
#1786=EDGE_CURVE('',#1419,#1416,#369,.T.);
#1788=EDGE_CURVE('',#1416,#1417,#590,.T.);
#1793=ADVANCED_FACE('',(#1792),#1763,.T.);
#1799=EDGE_CURVE('',#1380,#1381,#383,.T.);
#1801=EDGE_CURVE('',#1395,#1381,#548,.T.);
#1804=EDGE_CURVE('',#1380,#1387,#464,.T.);
#1808=ADVANCED_FACE('',(#1807),#1798,.F.);
#1815=EDGE_CURVE('',#1447,#1393,#948,.T.);
#1821=ADVANCED_FACE('',(#1820),#1813,.F.);
#1828=EDGE_CURVE('',#1289,#1380,#390,.T.);
#1830=EDGE_CURVE('',#1288,#1289,#398,.T.);
#1832=EDGE_CURVE('',#1409,#1288,#604,.T.);
#1834=EDGE_CURVE('',#1408,#1409,#405,.T.);
#1836=EDGE_CURVE('',#1408,#1381,#413,.T.);
#1840=ADVANCED_FACE('',(#1839),#1826,.T.);
#1846=EDGE_CURVE('',#1384,#1385,#420,.T.);
#1848=EDGE_CURVE('',#1385,#1405,#428,.T.);
#1850=EDGE_CURVE('',#1404,#1405,#435,.T.);
#1853=EDGE_CURVE('',#1292,#1293,#450,.T.);
#1855=EDGE_CURVE('',#1384,#1292,#457,.T.);
#1859=ADVANCED_FACE('',(#1858),#1845,.T.);
#1867=EDGE_CURVE('',#1384,#1389,#478,.T.);
#1870=EDGE_CURVE('',#1269,#1292,#1250,.T.);
#1873=EDGE_CURVE('',#1268,#1305,#485,.T.);
#1875=EDGE_CURVE('',#1305,#1375,#492,.T.);
#1877=EDGE_CURVE('',#1375,#1377,#499,.T.);
#1879=EDGE_CURVE('',#1377,#1303,#506,.T.);
#1881=EDGE_CURVE('',#1265,#1303,#513,.T.);
#1884=EDGE_CURVE('',#1264,#1289,#520,.T.);
#1889=ADVANCED_FACE('',(#1888),#1864,.T.);
#1898=EDGE_CURVE('',#1397,#1385,#562,.T.);
#1902=ADVANCED_FACE('',(#1901),#1894,.F.);
#1911=EDGE_CURVE('',#1449,#1392,#934,.T.);
#1915=ADVANCED_FACE('',(#1914),#1907,.F.);
#1923=EDGE_CURVE('',#1419,#1408,#555,.T.);
#1928=ADVANCED_FACE('',(#1927),#1920,.F.);
#1936=EDGE_CURVE('',#1421,#1405,#569,.T.);
#1941=ADVANCED_FACE('',(#1940),#1933,.F.);
#1953=ADVANCED_FACE('',(#1952),#1946,.F.);
#1960=EDGE_CURVE('',#1409,#1416,#597,.T.);
#1966=ADVANCED_FACE('',(#1965),#1958,.F.);
#1977=EDGE_CURVE('',#1283,#1288,#653,.T.);
#1980=EDGE_CURVE('',#1325,#1333,#618,.T.);
#1985=EDGE_CURVE('',#1278,#1432,#646,.T.);
#1989=ADVANCED_FACE('',(#1988),#1971,.T.);
#2001=ADVANCED_FACE('',(#2000),#1994,.T.);
#2010=EDGE_CURVE('',#1321,#1345,#681,.T.);
#2014=ADVANCED_FACE('',(#2013),#2006,.F.);
#2021=EDGE_CURVE('',#1324,#1349,#739,.T.);
#2027=ADVANCED_FACE('',(#2026),#2019,.F.);
#2034=EDGE_CURVE('',#1344,#1307,#696,.T.);
#2036=EDGE_CURVE('',#1307,#1305,#667,.T.);
#2043=ADVANCED_FACE('',(#2042),#2032,.T.);
#2050=EDGE_CURVE('',#1356,#1260,#710,.T.);
#2052=EDGE_CURVE('',#1307,#1260,#783,.T.);
#2057=ADVANCED_FACE('',(#2056),#2048,.F.);
#2064=EDGE_CURVE('',#1357,#1261,#725,.T.);
#2066=EDGE_CURVE('',#1260,#1261,#790,.T.);
#2071=ADVANCED_FACE('',(#2070),#2062,.T.);
#2078=EDGE_CURVE('',#1348,#1309,#760,.T.);
#2080=EDGE_CURVE('',#1261,#1309,#798,.T.);
#2085=ADVANCED_FACE('',(#2084),#2076,.F.);
#2095=EDGE_CURVE('',#1303,#1309,#753,.T.);
#2100=ADVANCED_FACE('',(#2099),#2090,.T.);
#2106=EDGE_CURVE('',#1459,#1461,#768,.T.);
#2108=EDGE_CURVE('',#1375,#1461,#775,.T.);
#2117=EDGE_CURVE('',#1377,#1459,#805,.T.);
#2121=ADVANCED_FACE('',(#2120),#2105,.F.);
#2127=EDGE_CURVE('',#1452,#1456,#822,.T.);
#2129=EDGE_CURVE('',#1461,#1452,#850,.T.);
#2132=EDGE_CURVE('',#1456,#1459,#878,.T.);
#2136=ADVANCED_FACE('',(#2135),#2126,.T.);
#2154=EDGE_CURVE('',#1452,#1453,#829,.T.);
#2157=EDGE_CURVE('',#1456,#1457,#871,.T.);
#2159=EDGE_CURVE('',#1453,#1457,#857,.T.);
#2163=ADVANCED_FACE('',(#2162),#2153,.T.);
#2182=EDGE_CURVE('',#1453,#1477,#836,.T.);
#2184=EDGE_CURVE('',#1473,#1477,#843,.T.);
#2186=EDGE_CURVE('',#1473,#1375,#892,.T.);
#2192=ADVANCED_FACE('',(#2191),#2180,.F.);
#2211=EDGE_CURVE('',#1476,#1457,#885,.T.);
#2213=EDGE_CURVE('',#1476,#1477,#864,.T.);
#2218=ADVANCED_FACE('',(#2217),#2209,.F.);
#2239=EDGE_CURVE('',#1377,#1472,#906,.T.);
#2241=EDGE_CURVE('',#1472,#1476,#913,.T.);
#2246=ADVANCED_FACE('',(#2245),#2235,.F.);
#2266=EDGE_CURVE('',#1472,#1473,#899,.T.);
#2271=ADVANCED_FACE('',(#2270),#2263,.T.);
#2295=ADVANCED_FACE('',(#2294),#2288,.F.);
#2316=EDGE_CURVE('',#1279,#1437,#962,.T.);
#2320=ADVANCED_FACE('',(#2319),#2312,.T.);
#2333=EDGE_CURVE('',#1281,#1295,#969,.T.);
#2335=EDGE_CURVE('',#1295,#1359,#976,.T.);
#2337=EDGE_CURVE('',#1361,#1359,#983,.T.);
#2339=EDGE_CURVE('',#1361,#1297,#990,.T.);
#2343=EDGE_CURVE('',#1273,#1435,#1004,.T.);
#2347=ADVANCED_FACE('',(#2346),#2325,.T.);
#2354=EDGE_CURVE('',#1340,#1301,#1018,.T.);
#2356=EDGE_CURVE('',#1301,#1295,#1025,.T.);
#2363=ADVANCED_FACE('',(#2362),#2352,.F.);
#2370=EDGE_CURVE('',#1353,#1257,#1054,.T.);
#2372=EDGE_CURVE('',#1257,#1301,#1113,.T.);
#2377=ADVANCED_FACE('',(#2376),#2368,.F.);
#2384=EDGE_CURVE('',#1352,#1256,#1068,.T.);
#2386=EDGE_CURVE('',#1256,#1257,#1120,.T.);
#2391=ADVANCED_FACE('',(#2390),#2382,.F.);
#2399=EDGE_CURVE('',#1299,#1256,#1128,.T.);
#2404=ADVANCED_FACE('',(#2403),#2396,.F.);
#2410=EDGE_CURVE('',#1361,#1373,#1090,.T.);
#2412=EDGE_CURVE('',#1373,#1371,#1098,.T.);
#2414=EDGE_CURVE('',#1359,#1371,#1105,.T.);
#2425=ADVANCED_FACE('',(#2424),#2409,.T.);
#2431=EDGE_CURVE('',#1364,#1365,#1135,.T.);
#2433=EDGE_CURVE('',#1364,#1373,#1142,.T.);
#2436=EDGE_CURVE('',#1465,#1361,#1198,.T.);
#2438=EDGE_CURVE('',#1465,#1469,#1149,.T.);
#2440=EDGE_CURVE('',#1469,#1365,#1156,.T.);
#2444=ADVANCED_FACE('',(#2443),#2430,.T.);
#2463=EDGE_CURVE('',#1365,#1369,#1163,.T.);
#2465=EDGE_CURVE('',#1368,#1369,#1205,.T.);
#2467=EDGE_CURVE('',#1364,#1368,#1236,.T.);
#2471=ADVANCED_FACE('',(#2470),#2461,.F.);
#2491=EDGE_CURVE('',#1468,#1469,#1170,.T.);
#2493=EDGE_CURVE('',#1369,#1468,#1212,.T.);
#2497=ADVANCED_FACE('',(#2496),#2488,.T.);
#2515=EDGE_CURVE('',#1464,#1465,#1191,.T.);
#2517=EDGE_CURVE('',#1464,#1468,#1177,.T.);
#2523=ADVANCED_FACE('',(#2522),#2514,.T.);
#2542=EDGE_CURVE('',#1359,#1464,#1184,.T.);
#2548=ADVANCED_FACE('',(#2547),#2540,.F.);
#2571=EDGE_CURVE('',#1371,#1368,#1219,.T.);
#2575=ADVANCED_FACE('',(#2574),#2565,.T.);
#2599=ADVANCED_FACE('',(#2598),#2592,.T.);
#2623=ADVANCED_FACE('',(#2622),#2616,.F.);
#2635=ADVANCED_FACE('',(#2634),#2628,.T.);
#2644=(LENGTH_UNIT()NAMED_UNIT(*)SI_UNIT(.MILLI.,.METRE.));
#2645=(NAMED_UNIT(*)PLANE_ANGLE_UNIT()SI_UNIT($,.RADIAN.));
#2648=(NAMED_UNIT(*)SI_UNIT($,.STERADIAN.)SOLID_ANGLE_UNIT());
#2650=(GEOMETRIC_REPRESENTATION_CONTEXT(3)GLOBAL_UNCERTAINTY_ASSIGNED_CONTEXT((
#2649))GLOBAL_UNIT_ASSIGNED_CONTEXT((#2644,#2647,#2648))REPRESENTATION_CONTEXT(
'ID1','3'));
#2654=AXIS2_PLACEMENT_3D('',#2651,#2652,#2653);
#2655=ADVANCED_BREP_SHAPE_REPRESENTATION('',(#2654,#2637),#2650);
#2662=PRODUCT_DEFINITION('part definition','',#2661,#2658);
#2663=PRODUCT_DEFINITION_SHAPE('','SHAPE FOR _1600-1720-000.',#2662);
#2664=SHAPE_ASPECT('','solid data associated with _1600-1720-000',#2663,.F.);
#2665=PROPERTY_DEFINITION('',
'shape for solid data with which properties are associated',#2664);
#2666=SHAPE_REPRESENTATION('',(#2637),#2650);
#2667=SHAPE_DEFINITION_REPRESENTATION(#2665,#2666);
#2668=(LENGTH_UNIT()NAMED_UNIT(*)SI_UNIT(.MILLI.,.METRE.));
#2672=PROPERTY_DEFINITION('geometric validation property',
'area of _1600-1720-000',#2664);
#2673=REPRESENTATION('surface area',(#2671),#2650);
#2674=PROPERTY_DEFINITION_REPRESENTATION(#2672,#2673);
#2675=(LENGTH_UNIT()NAMED_UNIT(*)SI_UNIT(.MILLI.,.METRE.));
#2679=PROPERTY_DEFINITION('geometric validation property',
'volume of _1600-1720-000',#2664);
#2680=REPRESENTATION('volume',(#2678),#2650);
#2681=PROPERTY_DEFINITION_REPRESENTATION(#2679,#2680);
#2683=PROPERTY_DEFINITION('geometric validation property',
'centroid of _1600-1720-000',#2664);
#2684=REPRESENTATION('centroid',(#2682),#2650);
#2685=PROPERTY_DEFINITION_REPRESENTATION(#2683,#2684);
#2686=(LENGTH_UNIT()NAMED_UNIT(*)SI_UNIT(.MILLI.,.METRE.));
#2690=PROPERTY_DEFINITION('geometric validation property',
'area of _1600-1720-000',#2663);
#2691=REPRESENTATION('surface area',(#2689),#2650);
#2692=PROPERTY_DEFINITION_REPRESENTATION(#2690,#2691);
#2693=(LENGTH_UNIT()NAMED_UNIT(*)SI_UNIT(.MILLI.,.METRE.));
#2697=PROPERTY_DEFINITION('geometric validation property',
'volume of _1600-1720-000',#2663);
#2698=REPRESENTATION('volume',(#2696),#2650);
#2699=PROPERTY_DEFINITION_REPRESENTATION(#2697,#2698);
#2701=PROPERTY_DEFINITION('geometric validation property',
'centroid of _1600-1720-000',#2663);
#2702=REPRESENTATION('centroid',(#2700),#2650);
#2703=PROPERTY_DEFINITION_REPRESENTATION(#2701,#2702);
#2704=SHAPE_DEFINITION_REPRESENTATION(#2663,#2655);
#2705=SHAPE_DEFINITION_REPRESENTATION(#2706,#2707);
#2706=PRODUCT_DEFINITION_SHAPE('','SHAPE FOR ASM0028_ASM.',#6545);
#2707=SHAPE_REPRESENTATION('',(#2717,#3450,#6525,#6539),#6535);
#2708=NEXT_ASSEMBLY_USAGE_OCCURRENCE('96','Next assembly relationship',
'\X2\8D347247\X0\-1600-1720-\X2\4E0B\X0\',#6545,#2662,$);
#2709=PRODUCT_DEFINITION_SHAPE('Placement #96',
'Placement of _1600-1720-000 with respect to ASM0028_ASM',#2708);
#2711=PROPERTY_DEFINITION('geometric validation property',
'centroid of \X2\8D347247\X0\-1600-1720-\X2\4E0B\X0\',#2709);
#2712=REPRESENTATION('centroid',(#2710),#2650);
#2713=PROPERTY_DEFINITION_REPRESENTATION(#2711,#2712);
#2721=COLOUR_RGB('',2.5E-1,2.5E-1,2.4E-1);
#2727=CIRCLE('',#2726,7.95E0);
#2735=CIRCLE('',#2734,7.95E0);
#2743=CIRCLE('',#2742,7.95E0);
#2758=CIRCLE('',#2757,7.95E0);
#2766=CIRCLE('',#2765,7.95E0);
#2781=CIRCLE('',#2780,1.2E0);
#2789=CIRCLE('',#2788,1.2E0);
#2797=CIRCLE('',#2796,7.95E0);
#2812=CIRCLE('',#2811,7.95E0);
#2820=CIRCLE('',#2819,7.95E0);
#2835=CIRCLE('',#2834,1.21212E-1);
#2843=CIRCLE('',#2842,7.828788E0);
#2851=CIRCLE('',#2850,1.21212E-1);
#2901=CIRCLE('',#2900,7.828788E0);
#2909=CIRCLE('',#2908,7.828788E0);
#2917=CIRCLE('',#2916,7.828788E0);
#2974=CIRCLE('',#2973,1.2E0);
#2982=CIRCLE('',#2981,1.2E0);
#2990=CIRCLE('',#2989,7.435714285714E0);
#2998=CIRCLE('',#2997,7.435714285714E0);
#3006=CIRCLE('',#3005,7.435714285714E0);
#3014=CIRCLE('',#3013,9.E-1);
#3022=CIRCLE('',#3021,7.435714285714E0);
#3030=CIRCLE('',#3029,9.E-1);
#3085=EDGE_CURVE('',#3036,#3037,#2727,.T.);
#3087=EDGE_CURVE('',#3037,#3036,#2735,.T.);
#3091=ADVANCED_FACE('',(#3090),#3084,.F.);
#3097=EDGE_CURVE('',#3048,#3049,#2743,.T.);
#3099=EDGE_CURVE('',#3048,#3041,#2750,.T.);
#3101=EDGE_CURVE('',#3040,#3041,#2758,.T.);
#3103=EDGE_CURVE('',#3049,#3040,#2804,.T.);
#3107=ADVANCED_FACE('',(#3106),#3096,.T.);
#3113=EDGE_CURVE('',#3056,#3057,#2766,.T.);
#3115=EDGE_CURVE('',#3037,#3056,#2827,.T.);
#3118=EDGE_CURVE('',#3036,#3057,#2773,.T.);
#3122=ADVANCED_FACE('',(#3121),#3112,.T.);
#3129=EDGE_CURVE('',#3049,#3053,#2789,.T.);
#3131=EDGE_CURVE('',#3052,#3053,#2990,.T.);
#3133=EDGE_CURVE('',#3048,#3052,#2781,.T.);
#3137=ADVANCED_FACE('',(#3136),#3127,.T.);
#3143=EDGE_CURVE('',#3049,#3048,#2797,.T.);
#3146=EDGE_CURVE('',#3053,#3052,#3006,.T.);
#3151=ADVANCED_FACE('',(#3150),#3142,.T.);
#3159=EDGE_CURVE('',#3041,#3040,#2812,.T.);
#3164=ADVANCED_FACE('',(#3163),#3156,.T.);
#3170=EDGE_CURVE('',#3057,#3056,#2820,.T.);
#3177=ADVANCED_FACE('',(#3176),#3169,.T.);
#3184=EDGE_CURVE('',#3040,#3045,#2851,.T.);
#3186=EDGE_CURVE('',#3044,#3045,#2909,.T.);
#3188=EDGE_CURVE('',#3041,#3044,#2835,.T.);
#3192=ADVANCED_FACE('',(#3191),#3182,.T.);
#3198=EDGE_CURVE('',#3079,#3074,#2843,.T.);
#3200=EDGE_CURVE('',#3045,#3074,#2917,.T.);
#3205=EDGE_CURVE('',#3079,#3044,#2901,.T.);
#3209=ADVANCED_FACE('',(#3208),#3197,.T.);
#3216=EDGE_CURVE('',#3079,#3071,#2858,.T.);
#3218=EDGE_CURVE('',#3071,#3074,#2865,.T.);
#3222=ADVANCED_FACE('',(#3221),#3214,.F.);
#3228=EDGE_CURVE('',#3077,#3079,#2893,.T.);
#3230=EDGE_CURVE('',#3077,#3067,#2872,.T.);
#3232=EDGE_CURVE('',#3067,#3069,#2952,.T.);
#3234=EDGE_CURVE('',#3071,#3069,#2931,.T.);
#3239=ADVANCED_FACE('',(#3238),#3227,.T.);
#3245=EDGE_CURVE('',#3074,#3075,#2879,.T.);
#3247=EDGE_CURVE('',#3075,#3077,#2886,.T.);
#3255=ADVANCED_FACE('',(#3254),#3244,.T.);
#3262=EDGE_CURVE('',#3074,#3064,#2924,.T.);
#3264=EDGE_CURVE('',#3064,#3065,#2938,.T.);
#3266=EDGE_CURVE('',#3075,#3065,#2966,.T.);
#3270=ADVANCED_FACE('',(#3269),#3260,.T.);
#3278=EDGE_CURVE('',#3069,#3064,#2945,.T.);
#3283=ADVANCED_FACE('',(#3282),#3275,.T.);
#3292=EDGE_CURVE('',#3065,#3067,#2959,.T.);
#3296=ADVANCED_FACE('',(#3295),#3288,.T.);
#3320=ADVANCED_FACE('',(#3319),#3313,.T.);
#3327=EDGE_CURVE('',#3056,#3060,#2982,.T.);
#3329=EDGE_CURVE('',#3061,#3060,#3022,.T.);
#3331=EDGE_CURVE('',#3057,#3061,#2974,.T.);
#3335=ADVANCED_FACE('',(#3334),#3325,.T.);
#3343=EDGE_CURVE('',#3060,#3061,#2998,.T.);
#3348=ADVANCED_FACE('',(#3347),#3340,.T.);
#3355=EDGE_CURVE('',#3060,#3053,#3030,.T.);
#3358=EDGE_CURVE('',#3061,#3052,#3014,.T.);
#3362=ADVANCED_FACE('',(#3361),#3353,.F.);
#3374=ADVANCED_FACE('',(#3373),#3367,.F.);
#3383=(LENGTH_UNIT()NAMED_UNIT(*)SI_UNIT(.MILLI.,.METRE.));
#3384=(NAMED_UNIT(*)PLANE_ANGLE_UNIT()SI_UNIT($,.RADIAN.));
#3387=(NAMED_UNIT(*)SI_UNIT($,.STERADIAN.)SOLID_ANGLE_UNIT());
#3389=(GEOMETRIC_REPRESENTATION_CONTEXT(3)GLOBAL_UNCERTAINTY_ASSIGNED_CONTEXT((
#3388))GLOBAL_UNIT_ASSIGNED_CONTEXT((#3383,#3386,#3387))REPRESENTATION_CONTEXT(
'ID2','3'));
#3393=AXIS2_PLACEMENT_3D('',#3390,#3391,#3392);
#3394=ADVANCED_BREP_SHAPE_REPRESENTATION('',(#3393,#3376),#3389);
#3398=PRODUCT_DEFINITION('part definition','',#3397,#2658);
#3399=PRODUCT_DEFINITION_SHAPE('','SHAPE FOR _1600-1720-000.',#3398);
#3400=SHAPE_ASPECT('','solid data associated with _1600-1720-000',#3399,.F.);
#3401=PROPERTY_DEFINITION('',
'shape for solid data with which properties are associated',#3400);
#3402=SHAPE_REPRESENTATION('',(#3376),#3389);
#3403=SHAPE_DEFINITION_REPRESENTATION(#3401,#3402);
#3404=(LENGTH_UNIT()NAMED_UNIT(*)SI_UNIT(.MILLI.,.METRE.));
#3408=PROPERTY_DEFINITION('geometric validation property',
'area of _1600-1720-000',#3400);
#3409=REPRESENTATION('surface area',(#3407),#3389);
#3410=PROPERTY_DEFINITION_REPRESENTATION(#3408,#3409);
#3411=(LENGTH_UNIT()NAMED_UNIT(*)SI_UNIT(.MILLI.,.METRE.));
#3415=PROPERTY_DEFINITION('geometric validation property',
'volume of _1600-1720-000',#3400);
#3416=REPRESENTATION('volume',(#3414),#3389);
#3417=PROPERTY_DEFINITION_REPRESENTATION(#3415,#3416);
#3419=PROPERTY_DEFINITION('geometric validation property',
'centroid of _1600-1720-000',#3400);
#3420=REPRESENTATION('centroid',(#3418),#3389);
#3421=PROPERTY_DEFINITION_REPRESENTATION(#3419,#3420);
#3422=(LENGTH_UNIT()NAMED_UNIT(*)SI_UNIT(.MILLI.,.METRE.));
#3426=PROPERTY_DEFINITION('geometric validation property',
'area of _1600-1720-000',#3399);
#3427=REPRESENTATION('surface area',(#3425),#3389);
#3428=PROPERTY_DEFINITION_REPRESENTATION(#3426,#3427);
#3429=(LENGTH_UNIT()NAMED_UNIT(*)SI_UNIT(.MILLI.,.METRE.));
#3433=PROPERTY_DEFINITION('geometric validation property',
'volume of _1600-1720-000',#3399);
#3434=REPRESENTATION('volume',(#3432),#3389);
#3435=PROPERTY_DEFINITION_REPRESENTATION(#3433,#3434);
#3437=PROPERTY_DEFINITION('geometric validation property',
'centroid of _1600-1720-000',#3399);
#3438=REPRESENTATION('centroid',(#3436),#3389);
#3439=PROPERTY_DEFINITION_REPRESENTATION(#3437,#3438);
#3440=SHAPE_DEFINITION_REPRESENTATION(#3399,#3394);
#3441=NEXT_ASSEMBLY_USAGE_OCCURRENCE('97','Next assembly relationship',
'\X2\8D347247\X0\-1600-1720-\X2\4E0A\X0\',#6545,#3398,$);
#3442=PRODUCT_DEFINITION_SHAPE('Placement #97',
'Placement of _1600-1720-000 with respect to ASM0028_ASM',#3441);
#3444=PROPERTY_DEFINITION('geometric validation property',
'centroid of \X2\8D347247\X0\-1600-1720-\X2\4E0A\X0\',#3442);
#3445=REPRESENTATION('centroid',(#3443),#3389);
#3446=PROPERTY_DEFINITION_REPRESENTATION(#3444,#3445);
#3454=COLOUR_RGB('',1.9E-1,2.2E-1,2.2E-1);
#3467=CIRCLE('',#3466,1.575919237253E-1);
#3489=CIRCLE('',#3488,9.331444012514E-2);
#3497=CIRCLE('',#3496,9.331444012514E-2);
#3519=CIRCLE('',#3518,2.173750519347E-1);
#3527=CIRCLE('',#3526,2.173750519347E-1);
#3535=CIRCLE('',#3534,7.036141807475E-2);
#3543=CIRCLE('',#3542,7.036141807475E-2);
#3614=CIRCLE('',#3613,7.036141807475E-2);
#3622=CIRCLE('',#3621,7.036141807475E-2);
#3637=CIRCLE('',#3636,2.173750519347E-1);
#3645=CIRCLE('',#3644,2.173750519347E-1);
#3674=CIRCLE('',#3673,9.331444012514E-2);
#3682=CIRCLE('',#3681,9.331444012514E-2);
#3718=CIRCLE('',#3717,1.575919237253E-1);
#3929=EDGE_CURVE('',#3850,#3851,#3564,.T.);
#3931=EDGE_CURVE('',#3850,#3853,#3459,.T.);
#3933=EDGE_CURVE('',#3855,#3853,#3739,.T.);
#3935=EDGE_CURVE('',#3855,#3857,#3467,.T.);
#3937=EDGE_CURVE('',#3857,#3859,#3474,.T.);
#3939=EDGE_CURVE('',#3861,#3859,#3774,.T.);
#3941=EDGE_CURVE('',#3861,#3863,#3481,.T.);
#3943=EDGE_CURVE('',#3865,#3863,#3788,.T.);
#3945=EDGE_CURVE('',#3865,#3867,#3489,.T.);
#3947=EDGE_CURVE('',#3867,#3869,#3497,.T.);
#3949=EDGE_CURVE('',#3869,#3871,#3504,.T.);
#3951=EDGE_CURVE('',#3873,#3871,#3823,.T.);
#3953=EDGE_CURVE('',#3873,#3875,#3511,.T.);
#3955=EDGE_CURVE('',#3875,#3877,#3519,.T.);
#3957=EDGE_CURVE('',#3877,#3879,#3527,.T.);
#3959=EDGE_CURVE('',#3881,#3879,#3844,.T.);
#3961=EDGE_CURVE('',#3881,#3883,#3535,.T.);
#3963=EDGE_CURVE('',#3883,#3885,#3543,.T.);
#3965=EDGE_CURVE('',#3885,#3851,#3550,.T.);
#3969=ADVANCED_FACE('',(#3968),#3928,.F.);
#3975=EDGE_CURVE('',#3887,#3851,#3571,.T.);
#3977=EDGE_CURVE('',#3889,#3887,#3599,.T.);
#3979=EDGE_CURVE('',#3889,#3850,#3557,.T.);
#3984=ADVANCED_FACE('',(#3983),#3974,.F.);
#3990=EDGE_CURVE('',#3891,#3885,#3578,.T.);
#3992=EDGE_CURVE('',#3887,#3891,#3606,.T.);
#3998=ADVANCED_FACE('',(#3997),#3989,.F.);
#4004=EDGE_CURVE('',#3894,#3895,#3622,.T.);
#4006=EDGE_CURVE('',#3891,#3894,#3614,.T.);
#4011=EDGE_CURVE('',#3881,#3895,#3585,.T.);
#4015=ADVANCED_FACE('',(#4014),#4003,.F.);
#4021=EDGE_CURVE('',#3897,#3889,#3592,.T.);
#4027=EDGE_CURVE('',#3895,#3899,#3629,.T.);
#4029=EDGE_CURVE('',#3899,#3901,#3637,.T.);
#4031=EDGE_CURVE('',#3901,#3903,#3645,.T.);
#4033=EDGE_CURVE('',#3903,#3905,#3652,.T.);
#4035=EDGE_CURVE('',#3905,#3907,#3659,.T.);
#4037=EDGE_CURVE('',#3907,#3909,#3666,.T.);
#4039=EDGE_CURVE('',#3909,#3911,#3674,.T.);
#4041=EDGE_CURVE('',#3911,#3913,#3682,.T.);
#4043=EDGE_CURVE('',#3913,#3915,#3689,.T.);
#4045=EDGE_CURVE('',#3915,#3917,#3696,.T.);
#4047=EDGE_CURVE('',#3917,#3919,#3703,.T.);
#4049=EDGE_CURVE('',#3919,#3921,#3710,.T.);
#4051=EDGE_CURVE('',#3921,#3923,#3718,.T.);
#4053=EDGE_CURVE('',#3923,#3897,#3725,.T.);
#4057=ADVANCED_FACE('',(#4056),#4020,.T.);
#4065=EDGE_CURVE('',#3897,#3853,#3732,.T.);
#4070=ADVANCED_FACE('',(#4069),#4062,.F.);
#4078=EDGE_CURVE('',#3855,#3923,#3746,.T.);
#4083=ADVANCED_FACE('',(#4082),#4075,.F.);
#4091=EDGE_CURVE('',#3921,#3857,#3753,.T.);
#4096=ADVANCED_FACE('',(#4095),#4088,.T.);
#4104=EDGE_CURVE('',#3919,#3859,#3760,.T.);
#4109=ADVANCED_FACE('',(#4108),#4101,.F.);
#4117=EDGE_CURVE('',#3917,#3861,#3767,.T.);
#4122=ADVANCED_FACE('',(#4121),#4114,.F.);
#4130=EDGE_CURVE('',#3915,#3863,#3781,.T.);
#4135=ADVANCED_FACE('',(#4134),#4127,.F.);
#4143=EDGE_CURVE('',#3865,#3913,#3802,.T.);
#4148=ADVANCED_FACE('',(#4147),#4140,.F.);
#4156=EDGE_CURVE('',#3909,#3869,#3795,.T.);
#4163=ADVANCED_FACE('',(#4162),#4153,.F.);
#4171=EDGE_CURVE('',#3907,#3871,#3809,.T.);
#4176=ADVANCED_FACE('',(#4175),#4168,.F.);
#4184=EDGE_CURVE('',#3905,#3873,#3816,.T.);
#4189=ADVANCED_FACE('',(#4188),#4181,.F.);
#4197=EDGE_CURVE('',#3875,#3903,#3837,.T.);
#4202=ADVANCED_FACE('',(#4201),#4194,.F.);
#4210=EDGE_CURVE('',#3899,#3879,#3830,.T.);
#4217=ADVANCED_FACE('',(#4216),#4207,.T.);
#4229=ADVANCED_FACE('',(#4228),#4222,.F.);
#4238=(LENGTH_UNIT()NAMED_UNIT(*)SI_UNIT(.MILLI.,.METRE.));
#4239=(NAMED_UNIT(*)PLANE_ANGLE_UNIT()SI_UNIT($,.RADIAN.));
#4242=(NAMED_UNIT(*)SI_UNIT($,.STERADIAN.)SOLID_ANGLE_UNIT());
#4244=(GEOMETRIC_REPRESENTATION_CONTEXT(3)GLOBAL_UNCERTAINTY_ASSIGNED_CONTEXT((
#4243))GLOBAL_UNIT_ASSIGNED_CONTEXT((#4238,#4241,#4242))REPRESENTATION_CONTEXT(
'ID3','3'));
#4248=AXIS2_PLACEMENT_3D('',#4245,#4246,#4247);
#4249=ADVANCED_BREP_SHAPE_REPRESENTATION('',(#4248,#4231),#4244);
#4254=PRODUCT_DEFINITION('part definition','',#4253,#4250);
#4255=PRODUCT_DEFINITION_SHAPE('','SHAPE FOR LOGO_NX_PRT_180_1_1_1_1_2_1_1_8.',
#4254);
#4256=SHAPE_ASPECT('',
'solid data associated with LOGO_NX_PRT_180_1_1_1_1_2_1_1_8',#4255,.F.);
#4257=PROPERTY_DEFINITION('',
'shape for solid data with which properties are associated',#4256);
#4258=SHAPE_REPRESENTATION('',(#4231),#4244);
#4259=SHAPE_DEFINITION_REPRESENTATION(#4257,#4258);
#4260=(LENGTH_UNIT()NAMED_UNIT(*)SI_UNIT(.MILLI.,.METRE.));
#4264=PROPERTY_DEFINITION('geometric validation property',
'area of LOGO_NX_PRT_180_1_1_1_1_2_1_1_8',#4256);
#4265=REPRESENTATION('surface area',(#4263),#4244);
#4266=PROPERTY_DEFINITION_REPRESENTATION(#4264,#4265);
#4267=(LENGTH_UNIT()NAMED_UNIT(*)SI_UNIT(.MILLI.,.METRE.));
#4271=PROPERTY_DEFINITION('geometric validation property',
'volume of LOGO_NX_PRT_180_1_1_1_1_2_1_1_8',#4256);
#4272=REPRESENTATION('volume',(#4270),#4244);
#4273=PROPERTY_DEFINITION_REPRESENTATION(#4271,#4272);
#4275=PROPERTY_DEFINITION('geometric validation property',
'centroid of LOGO_NX_PRT_180_1_1_1_1_2_1_1_8',#4256);
#4276=REPRESENTATION('centroid',(#4274),#4244);
#4277=PROPERTY_DEFINITION_REPRESENTATION(#4275,#4276);
#4278=(LENGTH_UNIT()NAMED_UNIT(*)SI_UNIT(.MILLI.,.METRE.));
#4282=PROPERTY_DEFINITION('geometric validation property',
'area of LOGO_NX_PRT_180_1_1_1_1_2_1_1_8',#4255);
#4283=REPRESENTATION('surface area',(#4281),#4244);
#4284=PROPERTY_DEFINITION_REPRESENTATION(#4282,#4283);
#4285=(LENGTH_UNIT()NAMED_UNIT(*)SI_UNIT(.MILLI.,.METRE.));
#4289=PROPERTY_DEFINITION('geometric validation property',
'volume of LOGO_NX_PRT_180_1_1_1_1_2_1_1_8',#4255);
#4290=REPRESENTATION('volume',(#4288),#4244);
#4291=PROPERTY_DEFINITION_REPRESENTATION(#4289,#4290);
#4293=PROPERTY_DEFINITION('geometric validation property',
'centroid of LOGO_NX_PRT_180_1_1_1_1_2_1_1_8',#4255);
#4294=REPRESENTATION('centroid',(#4292),#4244);
#4295=PROPERTY_DEFINITION_REPRESENTATION(#4293,#4294);
#4296=SHAPE_DEFINITION_REPRESENTATION(#4255,#4249);
#4297=SHAPE_DEFINITION_REPRESENTATION(#4298,#4299);
#4298=PRODUCT_DEFINITION_SHAPE('',
'SHAPE FOR LOGO-YMIN_ASM_1_1_ASM_1_1_2_3_8_ASM.',#6390);
#4299=SHAPE_REPRESENTATION('',(#4314,#4309,#4582,#4577,#4851,#4846,#5343,#5338,
#5612,#5607,#5880,#5875,#6373,#6368,#6386),#6382);
#4300=NEXT_ASSEMBLY_USAGE_OCCURRENCE('98','Next assembly relationship',
'LOGO_NX_PRT_180',#6390,#4254,$);
#4301=PRODUCT_DEFINITION_SHAPE('Placement #98',
'Placement of LOGO_NX_PRT_180_1_1_1_1_2_1_1_8 with respect to LOGO-YMIN_ASM_1_1_ASM_1_1_2_3_8_ASM',#4300);
#4303=PROPERTY_DEFINITION('geometric validation property',
'centroid of LOGO_NX_PRT_180',#4301);
#4304=REPRESENTATION('centroid',(#4302),#4244);
#4305=PROPERTY_DEFINITION_REPRESENTATION(#4303,#4304);
#4314=AXIS2_PLACEMENT_3D('',#4311,#4312,#4313);
#4423=EDGE_CURVE('',#4404,#4405,#4321,.T.);
#4425=EDGE_CURVE('',#4407,#4404,#4370,.T.);
#4427=EDGE_CURVE('',#4409,#4407,#4342,.T.);
#4429=EDGE_CURVE('',#4405,#4409,#4398,.T.);
#4433=ADVANCED_FACE('',(#4432),#4422,.F.);
#4439=EDGE_CURVE('',#4412,#4413,#4335,.T.);
#4441=EDGE_CURVE('',#4404,#4412,#4377,.T.);
#4444=EDGE_CURVE('',#4413,#4405,#4391,.T.);
#4448=ADVANCED_FACE('',(#4447),#4438,.F.);
#4454=EDGE_CURVE('',#4416,#4417,#4328,.T.);
#4456=EDGE_CURVE('',#4412,#4417,#4356,.T.);
#4459=EDGE_CURVE('',#4416,#4413,#4384,.T.);
#4463=ADVANCED_FACE('',(#4462),#4453,.F.);
#4470=EDGE_CURVE('',#4417,#4407,#4363,.T.);
#4473=EDGE_CURVE('',#4416,#4409,#4349,.T.);
#4477=ADVANCED_FACE('',(#4476),#4468,.F.);
#4489=ADVANCED_FACE('',(#4488),#4482,.T.);
#4501=ADVANCED_FACE('',(#4500),#4494,.F.);
#4510=(LENGTH_UNIT()NAMED_UNIT(*)SI_UNIT(.MILLI.,.METRE.));
#4511=(NAMED_UNIT(*)PLANE_ANGLE_UNIT()SI_UNIT($,.RADIAN.));
#4514=(NAMED_UNIT(*)SI_UNIT($,.STERADIAN.)SOLID_ANGLE_UNIT());
#4516=(GEOMETRIC_REPRESENTATION_CONTEXT(3)GLOBAL_UNCERTAINTY_ASSIGNED_CONTEXT((
#4515))GLOBAL_UNIT_ASSIGNED_CONTEXT((#4510,#4513,#4514))REPRESENTATION_CONTEXT(
'ID4','3'));
#4520=AXIS2_PLACEMENT_3D('',#4517,#4518,#4519);
#4521=ADVANCED_BREP_SHAPE_REPRESENTATION('',(#4520,#4503),#4516);
#4525=PRODUCT_DEFINITION('part definition','',#4524,#4250);
#4526=PRODUCT_DEFINITION_SHAPE('','SHAPE FOR LOGO_NX_PRT_253_1_1_1_1_2_1_1_8.',
#4525);
#4527=SHAPE_ASPECT('',
'solid data associated with LOGO_NX_PRT_253_1_1_1_1_2_1_1_8',#4526,.F.);
#4528=PROPERTY_DEFINITION('',
'shape for solid data with which properties are associated',#4527);
#4529=SHAPE_REPRESENTATION('',(#4503),#4516);
#4530=SHAPE_DEFINITION_REPRESENTATION(#4528,#4529);
#4531=(LENGTH_UNIT()NAMED_UNIT(*)SI_UNIT(.MILLI.,.METRE.));
#4535=PROPERTY_DEFINITION('geometric validation property',
'area of LOGO_NX_PRT_253_1_1_1_1_2_1_1_8',#4527);
#4536=REPRESENTATION('surface area',(#4534),#4516);
#4537=PROPERTY_DEFINITION_REPRESENTATION(#4535,#4536);
#4538=(LENGTH_UNIT()NAMED_UNIT(*)SI_UNIT(.MILLI.,.METRE.));
#4542=PROPERTY_DEFINITION('geometric validation property',
'volume of LOGO_NX_PRT_253_1_1_1_1_2_1_1_8',#4527);
#4543=REPRESENTATION('volume',(#4541),#4516);
#4544=PROPERTY_DEFINITION_REPRESENTATION(#4542,#4543);
#4546=PROPERTY_DEFINITION('geometric validation property',
'centroid of LOGO_NX_PRT_253_1_1_1_1_2_1_1_8',#4527);
#4547=REPRESENTATION('centroid',(#4545),#4516);
#4548=PROPERTY_DEFINITION_REPRESENTATION(#4546,#4547);
#4549=(LENGTH_UNIT()NAMED_UNIT(*)SI_UNIT(.MILLI.,.METRE.));
#4553=PROPERTY_DEFINITION('geometric validation property',
'area of LOGO_NX_PRT_253_1_1_1_1_2_1_1_8',#4526);
#4554=REPRESENTATION('surface area',(#4552),#4516);
#4555=PROPERTY_DEFINITION_REPRESENTATION(#4553,#4554);
#4556=(LENGTH_UNIT()NAMED_UNIT(*)SI_UNIT(.MILLI.,.METRE.));
#4560=PROPERTY_DEFINITION('geometric validation property',
'volume of LOGO_NX_PRT_253_1_1_1_1_2_1_1_8',#4526);
#4561=REPRESENTATION('volume',(#4559),#4516);
#4562=PROPERTY_DEFINITION_REPRESENTATION(#4560,#4561);
#4564=PROPERTY_DEFINITION('geometric validation property',
'centroid of LOGO_NX_PRT_253_1_1_1_1_2_1_1_8',#4526);
#4565=REPRESENTATION('centroid',(#4563),#4516);
#4566=PROPERTY_DEFINITION_REPRESENTATION(#4564,#4565);
#4567=SHAPE_DEFINITION_REPRESENTATION(#4526,#4521);
#4568=NEXT_ASSEMBLY_USAGE_OCCURRENCE('99','Next assembly relationship',
'LOGO_NX_PRT_253',#6390,#4525,$);
#4569=PRODUCT_DEFINITION_SHAPE('Placement #99',
'Placement of LOGO_NX_PRT_253_1_1_1_1_2_1_1_8 with respect to LOGO-YMIN_ASM_1_1_ASM_1_1_2_3_8_ASM',#4568);
#4571=PROPERTY_DEFINITION('geometric validation property',
'centroid of LOGO_NX_PRT_253',#4569);
#4572=REPRESENTATION('centroid',(#4570),#4516);
#4573=PROPERTY_DEFINITION_REPRESENTATION(#4571,#4572);
#4582=AXIS2_PLACEMENT_3D('',#4579,#4580,#4581);
#4691=EDGE_CURVE('',#4672,#4673,#4589,.T.);
#4693=EDGE_CURVE('',#4675,#4672,#4638,.T.);
#4695=EDGE_CURVE('',#4677,#4675,#4610,.T.);
#4697=EDGE_CURVE('',#4673,#4677,#4666,.T.);
#4701=ADVANCED_FACE('',(#4700),#4690,.F.);
#4707=EDGE_CURVE('',#4680,#4681,#4603,.T.);
#4709=EDGE_CURVE('',#4672,#4680,#4645,.T.);
#4712=EDGE_CURVE('',#4681,#4673,#4659,.T.);
#4716=ADVANCED_FACE('',(#4715),#4706,.F.);
#4722=EDGE_CURVE('',#4684,#4685,#4596,.T.);
#4724=EDGE_CURVE('',#4680,#4685,#4624,.T.);
#4727=EDGE_CURVE('',#4684,#4681,#4652,.T.);
#4731=ADVANCED_FACE('',(#4730),#4721,.F.);
#4738=EDGE_CURVE('',#4685,#4675,#4631,.T.);
#4741=EDGE_CURVE('',#4684,#4677,#4617,.T.);
#4745=ADVANCED_FACE('',(#4744),#4736,.F.);
#4757=ADVANCED_FACE('',(#4756),#4750,.T.);
#4769=ADVANCED_FACE('',(#4768),#4762,.F.);
#4778=(LENGTH_UNIT()NAMED_UNIT(*)SI_UNIT(.MILLI.,.METRE.));
#4779=(NAMED_UNIT(*)PLANE_ANGLE_UNIT()SI_UNIT($,.RADIAN.));
#4782=(NAMED_UNIT(*)SI_UNIT($,.STERADIAN.)SOLID_ANGLE_UNIT());
#4784=(GEOMETRIC_REPRESENTATION_CONTEXT(3)GLOBAL_UNCERTAINTY_ASSIGNED_CONTEXT((
#4783))GLOBAL_UNIT_ASSIGNED_CONTEXT((#4778,#4781,#4782))REPRESENTATION_CONTEXT(
'ID5','3'));
#4788=AXIS2_PLACEMENT_3D('',#4785,#4786,#4787);
#4789=ADVANCED_BREP_SHAPE_REPRESENTATION('',(#4788,#4771),#4784);
#4794=PRODUCT_DEFINITION('part definition','',#4793,#4790);
#4795=PRODUCT_DEFINITION_SHAPE('','SHAPE FOR LOGO_NX_PRT_272_1_1_1_1_2_1_1_8.',
#4794);
#4796=SHAPE_ASPECT('',
'solid data associated with LOGO_NX_PRT_272_1_1_1_1_2_1_1_8',#4795,.F.);
#4797=PROPERTY_DEFINITION('',
'shape for solid data with which properties are associated',#4796);
#4798=SHAPE_REPRESENTATION('',(#4771),#4784);
#4799=SHAPE_DEFINITION_REPRESENTATION(#4797,#4798);
#4800=(LENGTH_UNIT()NAMED_UNIT(*)SI_UNIT(.MILLI.,.METRE.));
#4804=PROPERTY_DEFINITION('geometric validation property',
'area of LOGO_NX_PRT_272_1_1_1_1_2_1_1_8',#4796);
#4805=REPRESENTATION('surface area',(#4803),#4784);
#4806=PROPERTY_DEFINITION_REPRESENTATION(#4804,#4805);
#4807=(LENGTH_UNIT()NAMED_UNIT(*)SI_UNIT(.MILLI.,.METRE.));
#4811=PROPERTY_DEFINITION('geometric validation property',
'volume of LOGO_NX_PRT_272_1_1_1_1_2_1_1_8',#4796);
#4812=REPRESENTATION('volume',(#4810),#4784);
#4813=PROPERTY_DEFINITION_REPRESENTATION(#4811,#4812);
#4815=PROPERTY_DEFINITION('geometric validation property',
'centroid of LOGO_NX_PRT_272_1_1_1_1_2_1_1_8',#4796);
#4816=REPRESENTATION('centroid',(#4814),#4784);
#4817=PROPERTY_DEFINITION_REPRESENTATION(#4815,#4816);
#4818=(LENGTH_UNIT()NAMED_UNIT(*)SI_UNIT(.MILLI.,.METRE.));
#4822=PROPERTY_DEFINITION('geometric validation property',
'area of LOGO_NX_PRT_272_1_1_1_1_2_1_1_8',#4795);
#4823=REPRESENTATION('surface area',(#4821),#4784);
#4824=PROPERTY_DEFINITION_REPRESENTATION(#4822,#4823);
#4825=(LENGTH_UNIT()NAMED_UNIT(*)SI_UNIT(.MILLI.,.METRE.));
#4829=PROPERTY_DEFINITION('geometric validation property',
'volume of LOGO_NX_PRT_272_1_1_1_1_2_1_1_8',#4795);
#4830=REPRESENTATION('volume',(#4828),#4784);
#4831=PROPERTY_DEFINITION_REPRESENTATION(#4829,#4830);
#4833=PROPERTY_DEFINITION('geometric validation property',
'centroid of LOGO_NX_PRT_272_1_1_1_1_2_1_1_8',#4795);
#4834=REPRESENTATION('centroid',(#4832),#4784);
#4835=PROPERTY_DEFINITION_REPRESENTATION(#4833,#4834);
#4836=SHAPE_DEFINITION_REPRESENTATION(#4795,#4789);
#4837=NEXT_ASSEMBLY_USAGE_OCCURRENCE('100','Next assembly relationship',
'LOGO_NX_PRT_272',#6390,#4794,$);
#4838=PRODUCT_DEFINITION_SHAPE('Placement #100',
'Placement of LOGO_NX_PRT_272_1_1_1_1_2_1_1_8 with respect to LOGO-YMIN_ASM_1_1_ASM_1_1_2_3_8_ASM',#4837);
#4840=PROPERTY_DEFINITION('geometric validation property',
'centroid of LOGO_NX_PRT_272',#4838);
#4841=REPRESENTATION('centroid',(#4839),#4784);
#4842=PROPERTY_DEFINITION_REPRESENTATION(#4840,#4841);
#4851=AXIS2_PLACEMENT_3D('',#4848,#4849,#4850);
#4866=CIRCLE('',#4865,1.505202862389E-1);
#4874=CIRCLE('',#4873,1.505202862389E-1);
#4896=CIRCLE('',#4895,2.005506191363E-1);
#4904=CIRCLE('',#4903,2.005506191363E-1);
#4954=CIRCLE('',#4953,2.005506191363E-1);
#4962=CIRCLE('',#4961,2.005506191363E-1);
#4991=CIRCLE('',#4990,1.505202862389E-1);
#4999=CIRCLE('',#4998,1.505202862389E-1);
#5104=EDGE_CURVE('',#5061,#5062,#4918,.T.);
#5106=EDGE_CURVE('',#5061,#5064,#4858,.T.);
#5108=EDGE_CURVE('',#5066,#5064,#5020,.T.);
#5110=EDGE_CURVE('',#5066,#5068,#4866,.T.);
#5112=EDGE_CURVE('',#5068,#5070,#4874,.T.);
#5114=EDGE_CURVE('',#5070,#5072,#4881,.T.);
#5116=EDGE_CURVE('',#5074,#5072,#5055,.T.);
#5118=EDGE_CURVE('',#5074,#5076,#4888,.T.);
#5120=EDGE_CURVE('',#5076,#5078,#4896,.T.);
#5122=EDGE_CURVE('',#5078,#5062,#4904,.T.);
#5126=ADVANCED_FACE('',(#5125),#5103,.T.);
#5132=EDGE_CURVE('',#5080,#5062,#4925,.T.);
#5134=EDGE_CURVE('',#5082,#5080,#4946,.T.);
#5136=EDGE_CURVE('',#5082,#5061,#4911,.T.);
#5141=ADVANCED_FACE('',(#5140),#5131,.F.);
#5147=EDGE_CURVE('',#5085,#5086,#4962,.T.);
#5149=EDGE_CURVE('',#5080,#5085,#4954,.T.);
#5154=EDGE_CURVE('',#5076,#5086,#4932,.T.);
#5158=ADVANCED_FACE('',(#5157),#5146,.T.);
#5164=EDGE_CURVE('',#5088,#5082,#4939,.T.);
#5169=EDGE_CURVE('',#5086,#5090,#4969,.T.);
#5171=EDGE_CURVE('',#5090,#5092,#4976,.T.);
#5173=EDGE_CURVE('',#5092,#5094,#4983,.T.);
#5175=EDGE_CURVE('',#5094,#5096,#4991,.T.);
#5177=EDGE_CURVE('',#5096,#5098,#4999,.T.);
#5179=EDGE_CURVE('',#5098,#5088,#5006,.T.);
#5183=ADVANCED_FACE('',(#5182),#5163,.T.);
#5191=EDGE_CURVE('',#5088,#5064,#5013,.T.);
#5196=ADVANCED_FACE('',(#5195),#5188,.F.);
#5204=EDGE_CURVE('',#5066,#5098,#5034,.T.);
#5209=ADVANCED_FACE('',(#5208),#5201,.F.);
#5217=EDGE_CURVE('',#5094,#5070,#5027,.T.);
#5224=ADVANCED_FACE('',(#5223),#5214,.F.);
#5232=EDGE_CURVE('',#5092,#5072,#5041,.T.);
#5237=ADVANCED_FACE('',(#5236),#5229,.F.);
#5245=EDGE_CURVE('',#5090,#5074,#5048,.T.);
#5250=ADVANCED_FACE('',(#5249),#5242,.F.);
#5262=ADVANCED_FACE('',(#5261),#5255,.F.);
#5271=(LENGTH_UNIT()NAMED_UNIT(*)SI_UNIT(.MILLI.,.METRE.));
#5272=(NAMED_UNIT(*)PLANE_ANGLE_UNIT()SI_UNIT($,.RADIAN.));
#5275=(NAMED_UNIT(*)SI_UNIT($,.STERADIAN.)SOLID_ANGLE_UNIT());
#5277=(GEOMETRIC_REPRESENTATION_CONTEXT(3)GLOBAL_UNCERTAINTY_ASSIGNED_CONTEXT((
#5276))GLOBAL_UNIT_ASSIGNED_CONTEXT((#5271,#5274,#5275))REPRESENTATION_CONTEXT(
'ID6','3'));
#5281=AXIS2_PLACEMENT_3D('',#5278,#5279,#5280);
#5282=ADVANCED_BREP_SHAPE_REPRESENTATION('',(#5281,#5264),#5277);
#5286=PRODUCT_DEFINITION('part definition','',#5285,#4790);
#5287=PRODUCT_DEFINITION_SHAPE('','SHAPE FOR LOGO_NX_PRT_291_1_1_1_1_2_1_1_8.',
#5286);
#5288=SHAPE_ASPECT('',
'solid data associated with LOGO_NX_PRT_291_1_1_1_1_2_1_1_8',#5287,.F.);
#5289=PROPERTY_DEFINITION('',
'shape for solid data with which properties are associated',#5288);
#5290=SHAPE_REPRESENTATION('',(#5264),#5277);
#5291=SHAPE_DEFINITION_REPRESENTATION(#5289,#5290);
#5292=(LENGTH_UNIT()NAMED_UNIT(*)SI_UNIT(.MILLI.,.METRE.));
#5296=PROPERTY_DEFINITION('geometric validation property',
'area of LOGO_NX_PRT_291_1_1_1_1_2_1_1_8',#5288);
#5297=REPRESENTATION('surface area',(#5295),#5277);
#5298=PROPERTY_DEFINITION_REPRESENTATION(#5296,#5297);
#5299=(LENGTH_UNIT()NAMED_UNIT(*)SI_UNIT(.MILLI.,.METRE.));
#5303=PROPERTY_DEFINITION('geometric validation property',
'volume of LOGO_NX_PRT_291_1_1_1_1_2_1_1_8',#5288);
#5304=REPRESENTATION('volume',(#5302),#5277);
#5305=PROPERTY_DEFINITION_REPRESENTATION(#5303,#5304);
#5307=PROPERTY_DEFINITION('geometric validation property',
'centroid of LOGO_NX_PRT_291_1_1_1_1_2_1_1_8',#5288);
#5308=REPRESENTATION('centroid',(#5306),#5277);
#5309=PROPERTY_DEFINITION_REPRESENTATION(#5307,#5308);
#5310=(LENGTH_UNIT()NAMED_UNIT(*)SI_UNIT(.MILLI.,.METRE.));
#5314=PROPERTY_DEFINITION('geometric validation property',
'area of LOGO_NX_PRT_291_1_1_1_1_2_1_1_8',#5287);
#5315=REPRESENTATION('surface area',(#5313),#5277);
#5316=PROPERTY_DEFINITION_REPRESENTATION(#5314,#5315);
#5317=(LENGTH_UNIT()NAMED_UNIT(*)SI_UNIT(.MILLI.,.METRE.));
#5321=PROPERTY_DEFINITION('geometric validation property',
'volume of LOGO_NX_PRT_291_1_1_1_1_2_1_1_8',#5287);
#5322=REPRESENTATION('volume',(#5320),#5277);
#5323=PROPERTY_DEFINITION_REPRESENTATION(#5321,#5322);
#5325=PROPERTY_DEFINITION('geometric validation property',
'centroid of LOGO_NX_PRT_291_1_1_1_1_2_1_1_8',#5287);
#5326=REPRESENTATION('centroid',(#5324),#5277);
#5327=PROPERTY_DEFINITION_REPRESENTATION(#5325,#5326);
#5328=SHAPE_DEFINITION_REPRESENTATION(#5287,#5282);
#5329=NEXT_ASSEMBLY_USAGE_OCCURRENCE('101','Next assembly relationship',
'LOGO_NX_PRT_291',#6390,#5286,$);
#5330=PRODUCT_DEFINITION_SHAPE('Placement #101',
'Placement of LOGO_NX_PRT_291_1_1_1_1_2_1_1_8 with respect to LOGO-YMIN_ASM_1_1_ASM_1_1_2_3_8_ASM',#5329);
#5332=PROPERTY_DEFINITION('geometric validation property',
'centroid of LOGO_NX_PRT_291',#5330);
#5333=REPRESENTATION('centroid',(#5331),#5277);
#5334=PROPERTY_DEFINITION_REPRESENTATION(#5332,#5333);
#5343=AXIS2_PLACEMENT_3D('',#5340,#5341,#5342);
#5452=EDGE_CURVE('',#5433,#5434,#5350,.T.);
#5454=EDGE_CURVE('',#5436,#5433,#5399,.T.);
#5456=EDGE_CURVE('',#5438,#5436,#5385,.T.);
#5458=EDGE_CURVE('',#5434,#5438,#5427,.T.);
#5462=ADVANCED_FACE('',(#5461),#5451,.F.);
#5468=EDGE_CURVE('',#5441,#5442,#5371,.T.);
#5470=EDGE_CURVE('',#5433,#5441,#5406,.T.);
#5473=EDGE_CURVE('',#5442,#5434,#5420,.T.);
#5477=ADVANCED_FACE('',(#5476),#5467,.F.);
#5483=EDGE_CURVE('',#5445,#5446,#5357,.T.);
#5485=EDGE_CURVE('',#5446,#5441,#5364,.T.);
#5488=EDGE_CURVE('',#5442,#5445,#5378,.T.);
#5492=ADVANCED_FACE('',(#5491),#5482,.F.);
#5499=EDGE_CURVE('',#5446,#5436,#5392,.T.);
#5502=EDGE_CURVE('',#5438,#5445,#5413,.T.);
#5506=ADVANCED_FACE('',(#5505),#5497,.F.);
#5518=ADVANCED_FACE('',(#5517),#5511,.T.);
#5530=ADVANCED_FACE('',(#5529),#5523,.F.);
#5539=(LENGTH_UNIT()NAMED_UNIT(*)SI_UNIT(.MILLI.,.METRE.));
#5540=(NAMED_UNIT(*)PLANE_ANGLE_UNIT()SI_UNIT($,.RADIAN.));
#5543=(NAMED_UNIT(*)SI_UNIT($,.STERADIAN.)SOLID_ANGLE_UNIT());
#5545=(GEOMETRIC_REPRESENTATION_CONTEXT(3)GLOBAL_UNCERTAINTY_ASSIGNED_CONTEXT((
#5544))GLOBAL_UNIT_ASSIGNED_CONTEXT((#5539,#5542,#5543))REPRESENTATION_CONTEXT(
'ID7','3'));
#5549=AXIS2_PLACEMENT_3D('',#5546,#5547,#5548);
#5550=ADVANCED_BREP_SHAPE_REPRESENTATION('',(#5549,#5532),#5545);
#5555=PRODUCT_DEFINITION('part definition','',#5554,#5551);
#5556=PRODUCT_DEFINITION_SHAPE('','SHAPE FOR LOGO_NX_PRT_330_1_1_1_1_2_1_1_8.',
#5555);
#5557=SHAPE_ASPECT('',
'solid data associated with LOGO_NX_PRT_330_1_1_1_1_2_1_1_8',#5556,.F.);
#5558=PROPERTY_DEFINITION('',
'shape for solid data with which properties are associated',#5557);
#5559=SHAPE_REPRESENTATION('',(#5532),#5545);
#5560=SHAPE_DEFINITION_REPRESENTATION(#5558,#5559);
#5561=(LENGTH_UNIT()NAMED_UNIT(*)SI_UNIT(.MILLI.,.METRE.));
#5565=PROPERTY_DEFINITION('geometric validation property',
'area of LOGO_NX_PRT_330_1_1_1_1_2_1_1_8',#5557);
#5566=REPRESENTATION('surface area',(#5564),#5545);
#5567=PROPERTY_DEFINITION_REPRESENTATION(#5565,#5566);
#5568=(LENGTH_UNIT()NAMED_UNIT(*)SI_UNIT(.MILLI.,.METRE.));
#5572=PROPERTY_DEFINITION('geometric validation property',
'volume of LOGO_NX_PRT_330_1_1_1_1_2_1_1_8',#5557);
#5573=REPRESENTATION('volume',(#5571),#5545);
#5574=PROPERTY_DEFINITION_REPRESENTATION(#5572,#5573);
#5576=PROPERTY_DEFINITION('geometric validation property',
'centroid of LOGO_NX_PRT_330_1_1_1_1_2_1_1_8',#5557);
#5577=REPRESENTATION('centroid',(#5575),#5545);
#5578=PROPERTY_DEFINITION_REPRESENTATION(#5576,#5577);
#5579=(LENGTH_UNIT()NAMED_UNIT(*)SI_UNIT(.MILLI.,.METRE.));
#5583=PROPERTY_DEFINITION('geometric validation property',
'area of LOGO_NX_PRT_330_1_1_1_1_2_1_1_8',#5556);
#5584=REPRESENTATION('surface area',(#5582),#5545);
#5585=PROPERTY_DEFINITION_REPRESENTATION(#5583,#5584);
#5586=(LENGTH_UNIT()NAMED_UNIT(*)SI_UNIT(.MILLI.,.METRE.));
#5590=PROPERTY_DEFINITION('geometric validation property',
'volume of LOGO_NX_PRT_330_1_1_1_1_2_1_1_8',#5556);
#5591=REPRESENTATION('volume',(#5589),#5545);
#5592=PROPERTY_DEFINITION_REPRESENTATION(#5590,#5591);
#5594=PROPERTY_DEFINITION('geometric validation property',
'centroid of LOGO_NX_PRT_330_1_1_1_1_2_1_1_8',#5556);
#5595=REPRESENTATION('centroid',(#5593),#5545);
#5596=PROPERTY_DEFINITION_REPRESENTATION(#5594,#5595);
#5597=SHAPE_DEFINITION_REPRESENTATION(#5556,#5550);
#5598=NEXT_ASSEMBLY_USAGE_OCCURRENCE('102','Next assembly relationship',
'LOGO_NX_PRT_330',#6390,#5555,$);
#5599=PRODUCT_DEFINITION_SHAPE('Placement #102',
'Placement of LOGO_NX_PRT_330_1_1_1_1_2_1_1_8 with respect to LOGO-YMIN_ASM_1_1_ASM_1_1_2_3_8_ASM',#5598);
#5601=PROPERTY_DEFINITION('geometric validation property',
'centroid of LOGO_NX_PRT_330',#5599);
#5602=REPRESENTATION('centroid',(#5600),#5545);
#5603=PROPERTY_DEFINITION_REPRESENTATION(#5601,#5602);
#5612=AXIS2_PLACEMENT_3D('',#5609,#5610,#5611);
#5721=EDGE_CURVE('',#5702,#5703,#5619,.T.);
#5723=EDGE_CURVE('',#5705,#5702,#5668,.T.);
#5725=EDGE_CURVE('',#5707,#5705,#5640,.T.);
#5727=EDGE_CURVE('',#5703,#5707,#5696,.T.);
#5731=ADVANCED_FACE('',(#5730),#5720,.F.);
#5737=EDGE_CURVE('',#5710,#5711,#5633,.T.);
#5739=EDGE_CURVE('',#5702,#5710,#5675,.T.);
#5742=EDGE_CURVE('',#5711,#5703,#5689,.T.);
#5746=ADVANCED_FACE('',(#5745),#5736,.F.);
#5752=EDGE_CURVE('',#5714,#5715,#5626,.T.);
#5754=EDGE_CURVE('',#5710,#5715,#5654,.T.);
#5757=EDGE_CURVE('',#5714,#5711,#5682,.T.);
#5761=ADVANCED_FACE('',(#5760),#5751,.F.);
#5768=EDGE_CURVE('',#5715,#5705,#5661,.T.);
#5771=EDGE_CURVE('',#5714,#5707,#5647,.T.);
#5775=ADVANCED_FACE('',(#5774),#5766,.F.);
#5787=ADVANCED_FACE('',(#5786),#5780,.T.);
#5799=ADVANCED_FACE('',(#5798),#5792,.F.);
#5808=(LENGTH_UNIT()NAMED_UNIT(*)SI_UNIT(.MILLI.,.METRE.));
#5809=(NAMED_UNIT(*)PLANE_ANGLE_UNIT()SI_UNIT($,.RADIAN.));
#5812=(NAMED_UNIT(*)SI_UNIT($,.STERADIAN.)SOLID_ANGLE_UNIT());
#5814=(GEOMETRIC_REPRESENTATION_CONTEXT(3)GLOBAL_UNCERTAINTY_ASSIGNED_CONTEXT((
#5813))GLOBAL_UNIT_ASSIGNED_CONTEXT((#5808,#5811,#5812))REPRESENTATION_CONTEXT(
'ID8','3'));
#5818=AXIS2_PLACEMENT_3D('',#5815,#5816,#5817);
#5819=ADVANCED_BREP_SHAPE_REPRESENTATION('',(#5818,#5801),#5814);
#5823=PRODUCT_DEFINITION('part definition','',#5822,#5551);
#5824=PRODUCT_DEFINITION_SHAPE('','SHAPE FOR LOGO_NX_PRT_349_1_1_1_1_2_1_1_8.',
#5823);
#5825=SHAPE_ASPECT('',
'solid data associated with LOGO_NX_PRT_349_1_1_1_1_2_1_1_8',#5824,.F.);
#5826=PROPERTY_DEFINITION('',
'shape for solid data with which properties are associated',#5825);
#5827=SHAPE_REPRESENTATION('',(#5801),#5814);
#5828=SHAPE_DEFINITION_REPRESENTATION(#5826,#5827);
#5829=(LENGTH_UNIT()NAMED_UNIT(*)SI_UNIT(.MILLI.,.METRE.));
#5833=PROPERTY_DEFINITION('geometric validation property',
'area of LOGO_NX_PRT_349_1_1_1_1_2_1_1_8',#5825);
#5834=REPRESENTATION('surface area',(#5832),#5814);
#5835=PROPERTY_DEFINITION_REPRESENTATION(#5833,#5834);
#5836=(LENGTH_UNIT()NAMED_UNIT(*)SI_UNIT(.MILLI.,.METRE.));
#5840=PROPERTY_DEFINITION('geometric validation property',
'volume of LOGO_NX_PRT_349_1_1_1_1_2_1_1_8',#5825);
#5841=REPRESENTATION('volume',(#5839),#5814);
#5842=PROPERTY_DEFINITION_REPRESENTATION(#5840,#5841);
#5844=PROPERTY_DEFINITION('geometric validation property',
'centroid of LOGO_NX_PRT_349_1_1_1_1_2_1_1_8',#5825);
#5845=REPRESENTATION('centroid',(#5843),#5814);
#5846=PROPERTY_DEFINITION_REPRESENTATION(#5844,#5845);
#5847=(LENGTH_UNIT()NAMED_UNIT(*)SI_UNIT(.MILLI.,.METRE.));
#5851=PROPERTY_DEFINITION('geometric validation property',
'area of LOGO_NX_PRT_349_1_1_1_1_2_1_1_8',#5824);
#5852=REPRESENTATION('surface area',(#5850),#5814);
#5853=PROPERTY_DEFINITION_REPRESENTATION(#5851,#5852);
#5854=(LENGTH_UNIT()NAMED_UNIT(*)SI_UNIT(.MILLI.,.METRE.));
#5858=PROPERTY_DEFINITION('geometric validation property',
'volume of LOGO_NX_PRT_349_1_1_1_1_2_1_1_8',#5824);
#5859=REPRESENTATION('volume',(#5857),#5814);
#5860=PROPERTY_DEFINITION_REPRESENTATION(#5858,#5859);
#5862=PROPERTY_DEFINITION('geometric validation property',
'centroid of LOGO_NX_PRT_349_1_1_1_1_2_1_1_8',#5824);
#5863=REPRESENTATION('centroid',(#5861),#5814);
#5864=PROPERTY_DEFINITION_REPRESENTATION(#5862,#5863);
#5865=SHAPE_DEFINITION_REPRESENTATION(#5824,#5819);
#5866=NEXT_ASSEMBLY_USAGE_OCCURRENCE('103','Next assembly relationship',
'LOGO_NX_PRT_349',#6390,#5823,$);
#5867=PRODUCT_DEFINITION_SHAPE('Placement #103',
'Placement of LOGO_NX_PRT_349_1_1_1_1_2_1_1_8 with respect to LOGO-YMIN_ASM_1_1_ASM_1_1_2_3_8_ASM',#5866);
#5869=PROPERTY_DEFINITION('geometric validation property',
'centroid of LOGO_NX_PRT_349',#5867);
#5870=REPRESENTATION('centroid',(#5868),#5814);
#5871=PROPERTY_DEFINITION_REPRESENTATION(#5869,#5870);
#5880=AXIS2_PLACEMENT_3D('',#5877,#5878,#5879);
#5895=CIRCLE('',#5894,1.284783271309E-1);
#5903=CIRCLE('',#5902,1.284783271309E-1);
#5925=CIRCLE('',#5924,1.904054272200E-1);
#5933=CIRCLE('',#5932,1.904054272200E-1);
#5983=CIRCLE('',#5982,1.904054272200E-1);
#5991=CIRCLE('',#5990,1.904054272200E-1);
#6020=CIRCLE('',#6019,1.284783271309E-1);
#6028=CIRCLE('',#6027,1.284783271309E-1);
#6133=EDGE_CURVE('',#6090,#6091,#5947,.T.);
#6135=EDGE_CURVE('',#6090,#6093,#5887,.T.);
#6137=EDGE_CURVE('',#6095,#6093,#6049,.T.);
#6139=EDGE_CURVE('',#6095,#6097,#5895,.T.);
#6141=EDGE_CURVE('',#6097,#6099,#5903,.T.);
#6143=EDGE_CURVE('',#6099,#6101,#5910,.T.);
#6145=EDGE_CURVE('',#6103,#6101,#6084,.T.);
#6147=EDGE_CURVE('',#6103,#6105,#5917,.T.);
#6149=EDGE_CURVE('',#6105,#6107,#5925,.T.);
#6151=EDGE_CURVE('',#6107,#6091,#5933,.T.);
#6155=ADVANCED_FACE('',(#6154),#6132,.T.);
#6161=EDGE_CURVE('',#6109,#6091,#5954,.T.);
#6163=EDGE_CURVE('',#6111,#6109,#5975,.T.);
#6165=EDGE_CURVE('',#6111,#6090,#5940,.T.);
#6170=ADVANCED_FACE('',(#6169),#6160,.F.);
#6176=EDGE_CURVE('',#6114,#6115,#5991,.T.);
#6178=EDGE_CURVE('',#6109,#6114,#5983,.T.);
#6183=EDGE_CURVE('',#6105,#6115,#5961,.T.);
#6187=ADVANCED_FACE('',(#6186),#6175,.T.);
#6193=EDGE_CURVE('',#6117,#6111,#5968,.T.);
#6198=EDGE_CURVE('',#6115,#6119,#5998,.T.);
#6200=EDGE_CURVE('',#6119,#6121,#6005,.T.);
#6202=EDGE_CURVE('',#6121,#6123,#6012,.T.);
#6204=EDGE_CURVE('',#6123,#6125,#6020,.T.);
#6206=EDGE_CURVE('',#6125,#6127,#6028,.T.);
#6208=EDGE_CURVE('',#6127,#6117,#6035,.T.);
#6212=ADVANCED_FACE('',(#6211),#6192,.T.);
#6220=EDGE_CURVE('',#6117,#6093,#6042,.T.);
#6225=ADVANCED_FACE('',(#6224),#6217,.F.);
#6233=EDGE_CURVE('',#6095,#6127,#6063,.T.);
#6238=ADVANCED_FACE('',(#6237),#6230,.F.);
#6246=EDGE_CURVE('',#6123,#6099,#6056,.T.);
#6253=ADVANCED_FACE('',(#6252),#6243,.F.);
#6261=EDGE_CURVE('',#6121,#6101,#6070,.T.);
#6266=ADVANCED_FACE('',(#6265),#6258,.F.);
#6274=EDGE_CURVE('',#6119,#6103,#6077,.T.);
#6279=ADVANCED_FACE('',(#6278),#6271,.F.);
#6291=ADVANCED_FACE('',(#6290),#6284,.F.);
#6300=(LENGTH_UNIT()NAMED_UNIT(*)SI_UNIT(.MILLI.,.METRE.));
#6301=(NAMED_UNIT(*)PLANE_ANGLE_UNIT()SI_UNIT($,.RADIAN.));
#6304=(NAMED_UNIT(*)SI_UNIT($,.STERADIAN.)SOLID_ANGLE_UNIT());
#6306=(GEOMETRIC_REPRESENTATION_CONTEXT(3)GLOBAL_UNCERTAINTY_ASSIGNED_CONTEXT((
#6305))GLOBAL_UNIT_ASSIGNED_CONTEXT((#6300,#6303,#6304))REPRESENTATION_CONTEXT(
'ID9','3'));
#6310=AXIS2_PLACEMENT_3D('',#6307,#6308,#6309);
#6311=ADVANCED_BREP_SHAPE_REPRESENTATION('',(#6310,#6293),#6306);
#6316=PRODUCT_DEFINITION('part definition','',#6315,#6312);
#6317=PRODUCT_DEFINITION_SHAPE('','SHAPE FOR LOGO_NX_PRT_368_1_1_1_1_2_1_1_8.',
#6316);
#6318=SHAPE_ASPECT('',
'solid data associated with LOGO_NX_PRT_368_1_1_1_1_2_1_1_8',#6317,.F.);
#6319=PROPERTY_DEFINITION('',
'shape for solid data with which properties are associated',#6318);
#6320=SHAPE_REPRESENTATION('',(#6293),#6306);
#6321=SHAPE_DEFINITION_REPRESENTATION(#6319,#6320);
#6322=(LENGTH_UNIT()NAMED_UNIT(*)SI_UNIT(.MILLI.,.METRE.));
#6326=PROPERTY_DEFINITION('geometric validation property',
'area of LOGO_NX_PRT_368_1_1_1_1_2_1_1_8',#6318);
#6327=REPRESENTATION('surface area',(#6325),#6306);
#6328=PROPERTY_DEFINITION_REPRESENTATION(#6326,#6327);
#6329=(LENGTH_UNIT()NAMED_UNIT(*)SI_UNIT(.MILLI.,.METRE.));
#6333=PROPERTY_DEFINITION('geometric validation property',
'volume of LOGO_NX_PRT_368_1_1_1_1_2_1_1_8',#6318);
#6334=REPRESENTATION('volume',(#6332),#6306);
#6335=PROPERTY_DEFINITION_REPRESENTATION(#6333,#6334);
#6337=PROPERTY_DEFINITION('geometric validation property',
'centroid of LOGO_NX_PRT_368_1_1_1_1_2_1_1_8',#6318);
#6338=REPRESENTATION('centroid',(#6336),#6306);
#6339=PROPERTY_DEFINITION_REPRESENTATION(#6337,#6338);
#6340=(LENGTH_UNIT()NAMED_UNIT(*)SI_UNIT(.MILLI.,.METRE.));
#6344=PROPERTY_DEFINITION('geometric validation property',
'area of LOGO_NX_PRT_368_1_1_1_1_2_1_1_8',#6317);
#6345=REPRESENTATION('surface area',(#6343),#6306);
#6346=PROPERTY_DEFINITION_REPRESENTATION(#6344,#6345);
#6347=(LENGTH_UNIT()NAMED_UNIT(*)SI_UNIT(.MILLI.,.METRE.));
#6351=PROPERTY_DEFINITION('geometric validation property',
'volume of LOGO_NX_PRT_368_1_1_1_1_2_1_1_8',#6317);
#6352=REPRESENTATION('volume',(#6350),#6306);
#6353=PROPERTY_DEFINITION_REPRESENTATION(#6351,#6352);
#6355=PROPERTY_DEFINITION('geometric validation property',
'centroid of LOGO_NX_PRT_368_1_1_1_1_2_1_1_8',#6317);
#6356=REPRESENTATION('centroid',(#6354),#6306);
#6357=PROPERTY_DEFINITION_REPRESENTATION(#6355,#6356);
#6358=SHAPE_DEFINITION_REPRESENTATION(#6317,#6311);
#6359=NEXT_ASSEMBLY_USAGE_OCCURRENCE('104','Next assembly relationship',
'LOGO_NX_PRT_368',#6390,#6316,$);
#6360=PRODUCT_DEFINITION_SHAPE('Placement #104',
'Placement of LOGO_NX_PRT_368_1_1_1_1_2_1_1_8 with respect to LOGO-YMIN_ASM_1_1_ASM_1_1_2_3_8_ASM',#6359);
#6362=PROPERTY_DEFINITION('geometric validation property',
'centroid of LOGO_NX_PRT_368',#6360);
#6363=REPRESENTATION('centroid',(#6361),#6306);
#6364=PROPERTY_DEFINITION_REPRESENTATION(#6362,#6363);
#6373=AXIS2_PLACEMENT_3D('',#6370,#6371,#6372);
#6376=(LENGTH_UNIT()NAMED_UNIT(*)SI_UNIT(.MILLI.,.METRE.));
#6377=(NAMED_UNIT(*)PLANE_ANGLE_UNIT()SI_UNIT($,.RADIAN.));
#6380=(NAMED_UNIT(*)SI_UNIT($,.STERADIAN.)SOLID_ANGLE_UNIT());
#6382=(GEOMETRIC_REPRESENTATION_CONTEXT(3)GLOBAL_UNCERTAINTY_ASSIGNED_CONTEXT((
#6381))GLOBAL_UNIT_ASSIGNED_CONTEXT((#6376,#6379,#6380))REPRESENTATION_CONTEXT(
'ID10','3'));
#6386=AXIS2_PLACEMENT_3D('',#6383,#6384,#6385);
#6390=PRODUCT_DEFINITION('part definition','',#6389,#6312);
#6391=(LENGTH_UNIT()NAMED_UNIT(*)SI_UNIT(.MILLI.,.METRE.));
#6395=PROPERTY_DEFINITION('geometric validation property',
'area of LOGO-YMIN_ASM_1_1_ASM_1_1_2_3_8_ASM',#4298);
#6396=REPRESENTATION('surface area',(#6394),#6382);
#6397=PROPERTY_DEFINITION_REPRESENTATION(#6395,#6396);
#6398=(LENGTH_UNIT()NAMED_UNIT(*)SI_UNIT(.MILLI.,.METRE.));
#6402=PROPERTY_DEFINITION('geometric validation property',
'volume of LOGO-YMIN_ASM_1_1_ASM_1_1_2_3_8_ASM',#4298);
#6403=REPRESENTATION('volume',(#6401),#6382);
#6404=PROPERTY_DEFINITION_REPRESENTATION(#6402,#6403);
#6406=PROPERTY_DEFINITION('geometric validation property',
'centroid of LOGO-YMIN_ASM_1_1_ASM_1_1_2_3_8_ASM',#4298);
#6407=REPRESENTATION('centroid',(#6405),#6382);
#6408=PROPERTY_DEFINITION_REPRESENTATION(#6406,#6407);
#6409=SHAPE_DEFINITION_REPRESENTATION(#6410,#6411);
#6410=PRODUCT_DEFINITION_SHAPE('',
'SHAPE FOR ASM0008_ASM_1_1_2_3_4_5_6_7_8_ASM.',#6444);
#6411=SHAPE_REPRESENTATION('',(#6426,#6421,#6439),#6435);
#6412=NEXT_ASSEMBLY_USAGE_OCCURRENCE('105','Next assembly relationship',
'LOGO-YMIN_ASM_1_1',#6444,#6390,$);
#6413=PRODUCT_DEFINITION_SHAPE('Placement #105',
'Placement of LOGO-YMIN_ASM_1_1_ASM_1_1_2_3_8_ASM with respect to ASM0008_ASM_1_1_2_3_4_5_6_7_8_ASM',#6412);
#6415=PROPERTY_DEFINITION('geometric validation property',
'centroid of LOGO-YMIN_ASM_1_1',#6413);
#6416=REPRESENTATION('centroid',(#6414),#6382);
#6417=PROPERTY_DEFINITION_REPRESENTATION(#6415,#6416);
#6426=AXIS2_PLACEMENT_3D('',#6423,#6424,#6425);
#6429=(LENGTH_UNIT()NAMED_UNIT(*)SI_UNIT(.MILLI.,.METRE.));
#6430=(NAMED_UNIT(*)PLANE_ANGLE_UNIT()SI_UNIT($,.RADIAN.));
#6433=(NAMED_UNIT(*)SI_UNIT($,.STERADIAN.)SOLID_ANGLE_UNIT());
#6435=(GEOMETRIC_REPRESENTATION_CONTEXT(3)GLOBAL_UNCERTAINTY_ASSIGNED_CONTEXT((
#6434))GLOBAL_UNIT_ASSIGNED_CONTEXT((#6429,#6432,#6433))REPRESENTATION_CONTEXT(
'ID11','3'));
#6439=AXIS2_PLACEMENT_3D('',#6436,#6437,#6438);
#6444=PRODUCT_DEFINITION('part definition','',#6443,#6440);
#6445=(LENGTH_UNIT()NAMED_UNIT(*)SI_UNIT(.MILLI.,.METRE.));
#6449=PROPERTY_DEFINITION('geometric validation property',
'area of ASM0008_ASM_1_1_2_3_4_5_6_7_8_ASM',#6410);
#6450=REPRESENTATION('surface area',(#6448),#6435);
#6451=PROPERTY_DEFINITION_REPRESENTATION(#6449,#6450);
#6452=(LENGTH_UNIT()NAMED_UNIT(*)SI_UNIT(.MILLI.,.METRE.));
#6456=PROPERTY_DEFINITION('geometric validation property',
'volume of ASM0008_ASM_1_1_2_3_4_5_6_7_8_ASM',#6410);
#6457=REPRESENTATION('volume',(#6455),#6435);
#6458=PROPERTY_DEFINITION_REPRESENTATION(#6456,#6457);
#6460=PROPERTY_DEFINITION('geometric validation property',
'centroid of ASM0008_ASM_1_1_2_3_4_5_6_7_8_ASM',#6410);
#6461=REPRESENTATION('centroid',(#6459),#6435);
#6462=PROPERTY_DEFINITION_REPRESENTATION(#6460,#6461);
#6463=SHAPE_DEFINITION_REPRESENTATION(#6464,#6465);
#6464=PRODUCT_DEFINITION_SHAPE('','SHAPE FOR ASM0029_ASM.',#6497);
#6465=SHAPE_REPRESENTATION('',(#6480,#6475,#6493),#6489);
#6466=NEXT_ASSEMBLY_USAGE_OCCURRENCE('106','Next assembly relationship',
'ASM0008_ASM_1_1_2_3_4_5_6_7_8',#6497,#6444,$);
#6467=PRODUCT_DEFINITION_SHAPE('Placement #106',
'Placement of ASM0008_ASM_1_1_2_3_4_5_6_7_8_ASM with respect to ASM0029_ASM',
#6466);
#6469=PROPERTY_DEFINITION('geometric validation property',
'centroid of ASM0008_ASM_1_1_2_3_4_5_6_7_8',#6467);
#6470=REPRESENTATION('centroid',(#6468),#6435);
#6471=PROPERTY_DEFINITION_REPRESENTATION(#6469,#6470);
#6480=AXIS2_PLACEMENT_3D('',#6477,#6478,#6479);
#6483=(LENGTH_UNIT()NAMED_UNIT(*)SI_UNIT(.MILLI.,.METRE.));
#6484=(NAMED_UNIT(*)PLANE_ANGLE_UNIT()SI_UNIT($,.RADIAN.));
#6487=(NAMED_UNIT(*)SI_UNIT($,.STERADIAN.)SOLID_ANGLE_UNIT());
#6489=(GEOMETRIC_REPRESENTATION_CONTEXT(3)GLOBAL_UNCERTAINTY_ASSIGNED_CONTEXT((
#6488))GLOBAL_UNIT_ASSIGNED_CONTEXT((#6483,#6486,#6487))REPRESENTATION_CONTEXT(
'ID12','3'));
#6493=AXIS2_PLACEMENT_3D('',#6490,#6491,#6492);
#6497=PRODUCT_DEFINITION('part definition','',#6496,#6440);
#6498=(LENGTH_UNIT()NAMED_UNIT(*)SI_UNIT(.MILLI.,.METRE.));
#6502=PROPERTY_DEFINITION('geometric validation property','area of ASM0029_ASM',
#6464);
#6503=REPRESENTATION('surface area',(#6501),#6489);
#6504=PROPERTY_DEFINITION_REPRESENTATION(#6502,#6503);
#6505=(LENGTH_UNIT()NAMED_UNIT(*)SI_UNIT(.MILLI.,.METRE.));
#6509=PROPERTY_DEFINITION('geometric validation property',
'volume of ASM0029_ASM',#6464);
#6510=REPRESENTATION('volume',(#6508),#6489);
#6511=PROPERTY_DEFINITION_REPRESENTATION(#6509,#6510);
#6513=PROPERTY_DEFINITION('geometric validation property',
'centroid of ASM0029_ASM',#6464);
#6514=REPRESENTATION('centroid',(#6512),#6489);
#6515=PROPERTY_DEFINITION_REPRESENTATION(#6513,#6514);
#6516=NEXT_ASSEMBLY_USAGE_OCCURRENCE('107','Next assembly relationship',
'ASM0029',#6545,#6497,$);
#6517=PRODUCT_DEFINITION_SHAPE('Placement #107',
'Placement of ASM0029_ASM with respect to ASM0028_ASM',#6516);
#6519=PROPERTY_DEFINITION('geometric validation property','centroid of ASM0029',
#6517);
#6520=REPRESENTATION('centroid',(#6518),#6489);
#6521=PROPERTY_DEFINITION_REPRESENTATION(#6519,#6520);
#6529=(LENGTH_UNIT()NAMED_UNIT(*)SI_UNIT(.MILLI.,.METRE.));
#6530=(NAMED_UNIT(*)PLANE_ANGLE_UNIT()SI_UNIT($,.RADIAN.));
#6533=(NAMED_UNIT(*)SI_UNIT($,.STERADIAN.)SOLID_ANGLE_UNIT());
#6535=(GEOMETRIC_REPRESENTATION_CONTEXT(3)GLOBAL_UNCERTAINTY_ASSIGNED_CONTEXT((
#6534))GLOBAL_UNIT_ASSIGNED_CONTEXT((#6529,#6532,#6533))REPRESENTATION_CONTEXT(
'ID13','3'));
#6539=AXIS2_PLACEMENT_3D('',#6536,#6537,#6538);
#6545=PRODUCT_DEFINITION('part definition','',#6544,#6541);
#6546=(LENGTH_UNIT()NAMED_UNIT(*)SI_UNIT(.MILLI.,.METRE.));
#6550=PROPERTY_DEFINITION('geometric validation property','area of ASM0028_ASM',
#2706);
#6551=REPRESENTATION('surface area',(#6549),#6535);
#6552=PROPERTY_DEFINITION_REPRESENTATION(#6550,#6551);
#6553=(LENGTH_UNIT()NAMED_UNIT(*)SI_UNIT(.MILLI.,.METRE.));
#6557=PROPERTY_DEFINITION('geometric validation property',
'volume of ASM0028_ASM',#2706);
#6558=REPRESENTATION('volume',(#6556),#6535);
#6559=PROPERTY_DEFINITION_REPRESENTATION(#6557,#6558);
#6561=PROPERTY_DEFINITION('geometric validation property',
'centroid of ASM0028_ASM',#2706);
#6562=REPRESENTATION('centroid',(#6560),#6535);
#6563=PROPERTY_DEFINITION_REPRESENTATION(#6561,#6562);
ENDSEC;
END-ISO-10303-21;
