ISO-10303-21;
HEADER;
FILE_DESCRIPTION((''),'2;1');
FILE_NAME('01250160_ASM','2026-04-14T15:21:32',('Administrator'),(''),
'CREO PARAMETRIC BY PTC INC, 2018100','CREO PARAMETRIC BY PTC INC, 2018100','');
FILE_SCHEMA(('AUTOMOTIVE_DESIGN { 1 0 10303 214 1 1 1 1 }'));
ENDSEC;
DATA;
#19=CARTESIAN_POINT('',(0.E0,0.E0,0.E0));
#20=DIRECTION('',(0.E0,-1.E0,0.E0));
#21=DIRECTION('',(0.E0,0.E0,1.E0));
#22=AXIS2_PLACEMENT_3D('',#19,#20,#21);
#24=CARTESIAN_POINT('',(0.E0,0.E0,0.E0));
#25=DIRECTION('',(0.E0,-1.E0,0.E0));
#26=DIRECTION('',(0.E0,0.E0,-1.E0));
#27=AXIS2_PLACEMENT_3D('',#24,#25,#26);
#29=CARTESIAN_POINT('',(0.E0,0.E0,0.E0));
#30=DIRECTION('',(0.E0,1.E0,0.E0));
#31=DIRECTION('',(-4.273983870833E-12,0.E0,1.E0));
#32=AXIS2_PLACEMENT_3D('',#29,#30,#31);
#34=CARTESIAN_POINT('',(0.E0,0.E0,0.E0));
#35=DIRECTION('',(0.E0,1.E0,0.E0));
#36=DIRECTION('',(-1.E0,0.E0,-3.413845197048E-12));
#37=AXIS2_PLACEMENT_3D('',#34,#35,#36);
#39=DIRECTION('',(0.E0,1.E0,0.E0));
#40=VECTOR('',#39,2.5E-1);
#41=CARTESIAN_POINT('',(0.E0,0.E0,4.75E0));
#42=LINE('',#41,#40);
#43=DIRECTION('',(0.E0,1.E0,0.E0));
#44=VECTOR('',#43,2.5E-1);
#45=CARTESIAN_POINT('',(0.E0,0.E0,-4.75E0));
#46=LINE('',#45,#44);
#47=CARTESIAN_POINT('',(0.E0,2.5E-1,0.E0));
#48=DIRECTION('',(0.E0,-1.E0,0.E0));
#49=DIRECTION('',(0.E0,0.E0,1.E0));
#50=AXIS2_PLACEMENT_3D('',#47,#48,#49);
#52=CARTESIAN_POINT('',(0.E0,2.5E-1,0.E0));
#53=DIRECTION('',(0.E0,-1.E0,0.E0));
#54=DIRECTION('',(0.E0,0.E0,-1.E0));
#55=AXIS2_PLACEMENT_3D('',#52,#53,#54);
#57=CARTESIAN_POINT('',(0.E0,2.5E-1,2.5E0));
#58=DIRECTION('',(0.E0,-1.E0,0.E0));
#59=DIRECTION('',(0.E0,0.E0,-1.E0));
#60=AXIS2_PLACEMENT_3D('',#57,#58,#59);
#62=CARTESIAN_POINT('',(0.E0,2.5E-1,2.5E0));
#63=DIRECTION('',(0.E0,-1.E0,0.E0));
#64=DIRECTION('',(0.E0,0.E0,1.E0));
#65=AXIS2_PLACEMENT_3D('',#62,#63,#64);
#67=CARTESIAN_POINT('',(0.E0,2.5E-1,-2.5E0));
#68=DIRECTION('',(0.E0,-1.E0,0.E0));
#69=DIRECTION('',(0.E0,0.E0,-1.E0));
#70=AXIS2_PLACEMENT_3D('',#67,#68,#69);
#72=CARTESIAN_POINT('',(0.E0,2.5E-1,-2.5E0));
#73=DIRECTION('',(0.E0,-1.E0,0.E0));
#74=DIRECTION('',(0.E0,0.E0,1.E0));
#75=AXIS2_PLACEMENT_3D('',#72,#73,#74);
#77=DIRECTION('',(0.E0,1.E0,0.E0));
#78=VECTOR('',#77,1.E-2);
#79=CARTESIAN_POINT('',(0.E0,2.5E-1,2.15E0));
#80=LINE('',#79,#78);
#81=DIRECTION('',(0.E0,1.E0,0.E0));
#82=VECTOR('',#81,1.E-2);
#83=CARTESIAN_POINT('',(0.E0,2.5E-1,2.85E0));
#84=LINE('',#83,#82);
#85=CARTESIAN_POINT('',(0.E0,2.6E-1,2.5E0));
#86=DIRECTION('',(0.E0,1.E0,0.E0));
#87=DIRECTION('',(0.E0,0.E0,1.E0));
#88=AXIS2_PLACEMENT_3D('',#85,#86,#87);
#90=CARTESIAN_POINT('',(0.E0,2.6E-1,2.5E0));
#91=DIRECTION('',(0.E0,1.E0,0.E0));
#92=DIRECTION('',(0.E0,0.E0,-1.E0));
#93=AXIS2_PLACEMENT_3D('',#90,#91,#92);
#95=CARTESIAN_POINT('',(0.E0,2.6E-1,-2.5E0));
#96=DIRECTION('',(0.E0,1.E0,0.E0));
#97=DIRECTION('',(0.E0,0.E0,1.E0));
#98=AXIS2_PLACEMENT_3D('',#95,#96,#97);
#100=CARTESIAN_POINT('',(0.E0,2.6E-1,-2.5E0));
#101=DIRECTION('',(0.E0,1.E0,0.E0));
#102=DIRECTION('',(0.E0,0.E0,-1.E0));
#103=AXIS2_PLACEMENT_3D('',#100,#101,#102);
#105=CARTESIAN_POINT('',(0.E0,2.6E-1,2.5E0));
#106=DIRECTION('',(0.E0,-1.E0,0.E0));
#107=DIRECTION('',(0.E0,0.E0,-1.E0));
#108=AXIS2_PLACEMENT_3D('',#105,#106,#107);
#110=CARTESIAN_POINT('',(0.E0,2.6E-1,2.5E0));
#111=DIRECTION('',(0.E0,-1.E0,0.E0));
#112=DIRECTION('',(0.E0,0.E0,1.E0));
#113=AXIS2_PLACEMENT_3D('',#110,#111,#112);
#115=CARTESIAN_POINT('',(0.E0,2.6E-1,-2.5E0));
#116=DIRECTION('',(0.E0,-1.E0,0.E0));
#117=DIRECTION('',(0.E0,0.E0,-1.E0));
#118=AXIS2_PLACEMENT_3D('',#115,#116,#117);
#120=CARTESIAN_POINT('',(0.E0,2.6E-1,-2.5E0));
#121=DIRECTION('',(0.E0,-1.E0,0.E0));
#122=DIRECTION('',(0.E0,0.E0,1.E0));
#123=AXIS2_PLACEMENT_3D('',#120,#121,#122);
#125=DIRECTION('',(0.E0,1.E0,0.E0));
#126=VECTOR('',#125,1.E-2);
#127=CARTESIAN_POINT('',(0.E0,2.5E-1,-2.85E0));
#128=LINE('',#127,#126);
#129=DIRECTION('',(0.E0,1.E0,0.E0));
#130=VECTOR('',#129,1.E-2);
#131=CARTESIAN_POINT('',(0.E0,2.5E-1,-2.15E0));
#132=LINE('',#131,#130);
#133=DIRECTION('',(0.E0,1.E0,0.E0));
#134=VECTOR('',#133,5.E-1);
#135=CARTESIAN_POINT('',(0.E0,2.6E-1,2.35E0));
#136=LINE('',#135,#134);
#137=DIRECTION('',(0.E0,1.E0,0.E0));
#138=VECTOR('',#137,5.E-1);
#139=CARTESIAN_POINT('',(0.E0,2.6E-1,2.65E0));
#140=LINE('',#139,#138);
#141=CARTESIAN_POINT('',(0.E0,7.6E-1,2.5E0));
#142=DIRECTION('',(0.E0,-1.E0,0.E0));
#143=DIRECTION('',(0.E0,0.E0,-1.E0));
#144=AXIS2_PLACEMENT_3D('',#141,#142,#143);
#146=CARTESIAN_POINT('',(0.E0,7.6E-1,2.5E0));
#147=DIRECTION('',(0.E0,-1.E0,0.E0));
#148=DIRECTION('',(0.E0,0.E0,1.E0));
#149=AXIS2_PLACEMENT_3D('',#146,#147,#148);
#151=CARTESIAN_POINT('',(0.E0,7.6E-1,-2.5E0));
#152=DIRECTION('',(0.E0,-1.E0,0.E0));
#153=DIRECTION('',(0.E0,0.E0,-1.E0));
#154=AXIS2_PLACEMENT_3D('',#151,#152,#153);
#156=CARTESIAN_POINT('',(0.E0,7.6E-1,-2.5E0));
#157=DIRECTION('',(0.E0,-1.E0,0.E0));
#158=DIRECTION('',(0.E0,0.E0,1.E0));
#159=AXIS2_PLACEMENT_3D('',#156,#157,#158);
#161=DIRECTION('',(0.E0,1.E0,0.E0));
#162=VECTOR('',#161,5.E-1);
#163=CARTESIAN_POINT('',(0.E0,2.6E-1,-2.65E0));
#164=LINE('',#163,#162);
#165=DIRECTION('',(0.E0,1.E0,0.E0));
#166=VECTOR('',#165,5.E-1);
#167=CARTESIAN_POINT('',(0.E0,2.6E-1,-2.35E0));
#168=LINE('',#167,#166);
#169=CARTESIAN_POINT('',(-2.460962683637E-11,7.5E-1,5.496451029091E0));
#170=DIRECTION('',(1.E0,0.E0,4.477366394307E-12));
#171=DIRECTION('',(-4.456179670196E-12,9.716754070974E-2,9.952680387878E-1));
#172=AXIS2_PLACEMENT_3D('',#169,#170,#171);
#174=CARTESIAN_POINT('',(0.E0,8.228756555323E-1,0.E0));
#175=DIRECTION('',(0.E0,1.E0,0.E0));
#176=DIRECTION('',(-3.020505778224E-13,0.E0,1.E0));
#177=AXIS2_PLACEMENT_3D('',#174,#175,#176);
#179=CARTESIAN_POINT('',(-2.030142373655E-11,6.771243444677E-1,4.75E0));
#180=DIRECTION('',(1.E0,0.E0,4.273984811898E-12));
#181=DIRECTION('',(-3.205488608923E-12,6.614378277663E-1,7.499999999999E-1));
#182=AXIS2_PLACEMENT_3D('',#179,#180,#181);
#184=CARTESIAN_POINT('',(0.E0,1.669281086117E0,0.E0));
#185=DIRECTION('',(0.E0,1.E0,0.E0));
#186=DIRECTION('',(-4.273984239808E-12,0.E0,1.E0));
#187=AXIS2_PLACEMENT_3D('',#184,#185,#186);
#189=CARTESIAN_POINT('',(0.E0,8.228756555323E-1,0.E0));
#190=DIRECTION('',(0.E0,1.E0,0.E0));
#191=DIRECTION('',(-1.E0,0.E0,1.388593041983E-12));
#192=AXIS2_PLACEMENT_3D('',#189,#190,#191);
#194=CARTESIAN_POINT('',(-4.75E0,6.771243444677E-1,-1.622135171456E-11));
#195=DIRECTION('',(-3.414940205615E-12,0.E0,1.E0));
#196=DIRECTION('',(-7.499999999999E-1,6.614378277663E-1,-2.561205154211E-12));
#197=AXIS2_PLACEMENT_3D('',#194,#195,#196);
#199=CARTESIAN_POINT('',(-5.496451029091E0,7.5E-1,-1.937049238502E-11));
#200=DIRECTION('',(-3.524112425490E-12,0.E0,1.E0));
#201=DIRECTION('',(-9.952680387878E-1,9.716754070973E-2,-3.507436462185E-12));
#202=AXIS2_PLACEMENT_3D('',#199,#200,#201);
#204=CARTESIAN_POINT('',(0.E0,1.669281086117E0,0.E0));
#205=DIRECTION('',(0.E0,1.E0,0.E0));
#206=DIRECTION('',(0.E0,0.E0,-1.E0));
#207=AXIS2_PLACEMENT_3D('',#204,#205,#206);
#209=CARTESIAN_POINT('',(0.E0,2.E0,-6.25E0));
#210=DIRECTION('',(-1.E0,0.E0,0.E0));
#211=DIRECTION('',(0.E0,-6.614378277661E-1,7.5E-1));
#212=AXIS2_PLACEMENT_3D('',#209,#210,#211);
#214=CARTESIAN_POINT('',(0.E0,2.330718913883E0,0.E0));
#215=DIRECTION('',(0.E0,-1.E0,0.E0));
#216=DIRECTION('',(-1.E0,0.E0,0.E0));
#217=AXIS2_PLACEMENT_3D('',#214,#215,#216);
#219=CARTESIAN_POINT('',(0.E0,2.330718913883E0,0.E0));
#220=DIRECTION('',(0.E0,-1.E0,0.E0));
#221=DIRECTION('',(0.E0,0.E0,1.E0));
#222=AXIS2_PLACEMENT_3D('',#219,#220,#221);
#224=CARTESIAN_POINT('',(0.E0,2.E0,6.25E0));
#225=DIRECTION('',(-1.E0,0.E0,0.E0));
#226=DIRECTION('',(0.E0,6.614378277661E-1,-7.5E-1));
#227=AXIS2_PLACEMENT_3D('',#224,#225,#226);
#229=CARTESIAN_POINT('',(0.E0,1.669281086117E0,0.E0));
#230=DIRECTION('',(0.E0,1.E0,0.E0));
#231=DIRECTION('',(-1.E0,0.E0,0.E0));
#232=AXIS2_PLACEMENT_3D('',#229,#230,#231);
#234=CARTESIAN_POINT('',(0.E0,2.330718913883E0,0.E0));
#235=DIRECTION('',(0.E0,-1.E0,0.E0));
#236=DIRECTION('',(2.353885408104E-13,0.E0,-1.E0));
#237=AXIS2_PLACEMENT_3D('',#234,#235,#236);
#239=CARTESIAN_POINT('',(0.E0,3.322875655532E0,0.E0));
#240=DIRECTION('',(0.E0,1.E0,0.E0));
#241=DIRECTION('',(1.E0,0.E0,0.E0));
#242=AXIS2_PLACEMENT_3D('',#239,#240,#241);
#244=CARTESIAN_POINT('',(-4.75E0,3.322875655532E0,2.941725229252E-11));
#245=DIRECTION('',(-6.193185721204E-12,0.E0,-1.E0));
#246=DIRECTION('',(-7.499999999998E-1,-6.614378277664E-1,4.644889290901E-12));
#247=AXIS2_PLACEMENT_3D('',#244,#245,#246);
#249=CARTESIAN_POINT('',(1.743421726430E-11,3.322875655532E0,4.75E0));
#250=DIRECTION('',(-1.E0,0.E0,3.670361757580E-12));
#251=DIRECTION('',(2.752771318184E-12,-6.614378277663E-1,7.499999999999E-1));
#252=AXIS2_PLACEMENT_3D('',#249,#250,#251);
#254=CARTESIAN_POINT('',(0.E0,1.565E1,0.E0));
#255=DIRECTION('',(0.E0,-1.E0,0.E0));
#256=DIRECTION('',(1.E0,0.E0,0.E0));
#257=AXIS2_PLACEMENT_3D('',#254,#255,#256);
#259=CARTESIAN_POINT('',(0.E0,3.322875655532E0,0.E0));
#260=DIRECTION('',(0.E0,-1.E0,0.E0));
#261=DIRECTION('',(1.E0,0.E0,0.E0));
#262=AXIS2_PLACEMENT_3D('',#259,#260,#261);
#264=CARTESIAN_POINT('',(0.E0,3.322875655532E0,0.E0));
#265=DIRECTION('',(0.E0,-1.E0,0.E0));
#266=DIRECTION('',(0.E0,0.E0,1.E0));
#267=AXIS2_PLACEMENT_3D('',#264,#265,#266);
#269=DIRECTION('',(0.E0,1.E0,-3.546237032061E-13));
#270=VECTOR('',#269,1.232712434447E1);
#271=CARTESIAN_POINT('',(-6.25E0,3.322875655532E0,4.341246252877E-12));
#272=LINE('',#271,#270);
#273=CARTESIAN_POINT('',(5.9E0,1.565E1,-9.582543092357E-13));
#274=DIRECTION('',(1.624152201618E-13,0.E0,1.E0));
#275=DIRECTION('',(1.E0,0.E0,-1.624152201618E-13));
#276=AXIS2_PLACEMENT_3D('',#273,#274,#275);
#278=DIRECTION('',(1.E0,0.E0,0.E0));
#279=VECTOR('',#278,1.141387445973E1);
#280=CARTESIAN_POINT('',(-5.783488799018E0,1.6E1,1.166729322352E0));
#281=LINE('',#280,#279);
#282=DIRECTION('',(0.E0,0.E0,-1.E0));
#283=VECTOR('',#282,5.391009712439E-2);
#284=CARTESIAN_POINT('',(5.630385660713E0,1.6E1,1.166729322352E0));
#285=LINE('',#284,#283);
#286=DIRECTION('',(-1.E0,0.E0,0.E0));
#287=VECTOR('',#286,1.141387445973E1);
#288=CARTESIAN_POINT('',(5.630385660713E0,1.6E1,1.112819225228E0));
#289=LINE('',#288,#287);
#290=DIRECTION('',(-3.295035501979E-14,0.E0,1.E0));
#291=VECTOR('',#290,5.391009712439E-2);
#292=CARTESIAN_POINT('',(-5.783488799018E0,1.6E1,1.112819225228E0));
#293=LINE('',#292,#291);
#294=CARTESIAN_POINT('',(0.E0,1.6E1,0.E0));
#295=DIRECTION('',(0.E0,-1.E0,0.E0));
#296=DIRECTION('',(-9.802523388166E-1,0.E0,1.977507326021E-1));
#297=AXIS2_PLACEMENT_3D('',#294,#295,#296);
#299=CARTESIAN_POINT('',(0.E0,1.6E1,0.E0));
#300=DIRECTION('',(0.E0,-1.E0,0.E0));
#301=DIRECTION('',(-1.E0,0.E0,0.E0));
#302=AXIS2_PLACEMENT_3D('',#299,#300,#301);
#304=CARTESIAN_POINT('',(0.E0,1.6E1,0.E0));
#305=DIRECTION('',(0.E0,-1.E0,0.E0));
#306=DIRECTION('',(1.E0,0.E0,0.E0));
#307=AXIS2_PLACEMENT_3D('',#304,#305,#306);
#309=DIRECTION('',(1.776356839400E-13,1.E0,-2.886579864025E-13));
#310=VECTOR('',#309,1.E-2);
#311=CARTESIAN_POINT('',(-5.783488799018E0,1.6E1,1.166729322352E0));
#312=LINE('',#311,#310);
#313=DIRECTION('',(0.E0,1.E0,0.E0));
#314=VECTOR('',#313,1.E-2);
#315=CARTESIAN_POINT('',(-5.783488799018E0,1.6E1,1.112819225228E0));
#316=LINE('',#315,#314);
#317=DIRECTION('',(0.E0,1.E0,0.E0));
#318=VECTOR('',#317,1.E-2);
#319=CARTESIAN_POINT('',(5.630385660713E0,1.6E1,1.112819225228E0));
#320=LINE('',#319,#318);
#321=DIRECTION('',(0.E0,1.E0,0.E0));
#322=VECTOR('',#321,1.E-2);
#323=CARTESIAN_POINT('',(5.630385660713E0,1.6E1,1.166729322352E0));
#324=LINE('',#323,#322);
#325=DIRECTION('',(1.E0,0.E0,0.E0));
#326=VECTOR('',#325,1.141387445973E1);
#327=CARTESIAN_POINT('',(-5.783488799018E0,1.601E1,1.166729322352E0));
#328=LINE('',#327,#326);
#329=DIRECTION('',(0.E0,0.E0,1.E0));
#330=VECTOR('',#329,5.391009712439E-2);
#331=CARTESIAN_POINT('',(-5.783488799018E0,1.601E1,1.112819225228E0));
#332=LINE('',#331,#330);
#333=DIRECTION('',(-1.E0,0.E0,0.E0));
#334=VECTOR('',#333,1.141387445973E1);
#335=CARTESIAN_POINT('',(5.630385660713E0,1.601E1,1.112819225228E0));
#336=LINE('',#335,#334);
#337=DIRECTION('',(0.E0,0.E0,-1.E0));
#338=VECTOR('',#337,5.391009712439E-2);
#339=CARTESIAN_POINT('',(5.630385660713E0,1.601E1,1.166729322352E0));
#340=LINE('',#339,#338);
#341=CARTESIAN_POINT('',(-5.9E0,1.565E1,9.569706138635E-13));
#342=DIRECTION('',(-1.621975123656E-13,0.E0,-1.E0));
#343=DIRECTION('',(-1.E0,0.E0,1.621975123656E-13));
#344=AXIS2_PLACEMENT_3D('',#341,#342,#343);
#346=CARTESIAN_POINT('',(0.E0,1.565E1,0.E0));
#347=DIRECTION('',(0.E0,-1.E0,0.E0));
#348=DIRECTION('',(-1.E0,0.E0,0.E0));
#349=AXIS2_PLACEMENT_3D('',#346,#347,#348);
#351=DIRECTION('',(0.E0,1.E0,2.897301795008E-13));
#352=VECTOR('',#351,1.232712434447E1);
#353=CARTESIAN_POINT('',(6.25E0,3.322875655532E0,-3.540937086742E-12));
#354=LINE('',#353,#352);
#355=CARTESIAN_POINT('',(-6.25E0,1.565E1,0.E0));
#356=CARTESIAN_POINT('',(6.25E0,1.565E1,0.E0));
#357=VERTEX_POINT('',#355);
#358=VERTEX_POINT('',#356);
#359=CARTESIAN_POINT('',(-5.9E0,1.6E1,0.E0));
#360=CARTESIAN_POINT('',(5.9E0,1.6E1,0.E0));
#361=VERTEX_POINT('',#359);
#362=VERTEX_POINT('',#360);
#363=CARTESIAN_POINT('',(0.E0,1.669281086117E0,-5.875E0));
#364=CARTESIAN_POINT('',(-5.875E0,1.669281086117E0,0.E0));
#365=VERTEX_POINT('',#363);
#366=VERTEX_POINT('',#364);
#367=CARTESIAN_POINT('',(0.E0,1.669281086117E0,5.875E0));
#368=VERTEX_POINT('',#367);
#369=CARTESIAN_POINT('',(6.25E0,3.322875655532E0,0.E0));
#370=CARTESIAN_POINT('',(0.E0,3.322875655532E0,6.25E0));
#371=VERTEX_POINT('',#369);
#372=VERTEX_POINT('',#370);
#373=CARTESIAN_POINT('',(0.E0,2.330718913883E0,5.875E0));
#374=CARTESIAN_POINT('',(-5.875E0,2.330718913883E0,0.E0));
#375=VERTEX_POINT('',#373);
#376=VERTEX_POINT('',#374);
#377=CARTESIAN_POINT('',(-6.25E0,3.322875655532E0,0.E0));
#378=VERTEX_POINT('',#377);
#379=CARTESIAN_POINT('',(0.E0,2.330718913883E0,-5.875E0));
#380=VERTEX_POINT('',#379);
#381=CARTESIAN_POINT('',(0.E0,2.5E-1,4.75E0));
#382=CARTESIAN_POINT('',(0.E0,2.5E-1,-4.75E0));
#383=VERTEX_POINT('',#381);
#384=VERTEX_POINT('',#382);
#385=CARTESIAN_POINT('',(0.E0,0.E0,4.75E0));
#386=CARTESIAN_POINT('',(0.E0,0.E0,-4.75E0));
#387=VERTEX_POINT('',#385);
#388=VERTEX_POINT('',#386);
#389=CARTESIAN_POINT('',(-1.885672173962E-12,8.228756555323E-1,
6.242902058182E0));
#390=CARTESIAN_POINT('',(-6.242902058182E0,8.228756555323E-1,
8.664573434382E-12));
#391=VERTEX_POINT('',#389);
#392=VERTEX_POINT('',#390);
#393=CARTESIAN_POINT('',(-2.349174304516E-11,0.E0,5.496451029091E0));
#394=CARTESIAN_POINT('',(-5.496451029091E0,0.E0,-1.876752477403E-11));
#395=VERTEX_POINT('',#393);
#396=VERTEX_POINT('',#394);
#397=CARTESIAN_POINT('',(0.E0,2.6E-1,2.85E0));
#398=CARTESIAN_POINT('',(0.E0,2.6E-1,2.15E0));
#399=VERTEX_POINT('',#397);
#400=VERTEX_POINT('',#398);
#401=CARTESIAN_POINT('',(0.E0,2.6E-1,-2.15E0));
#402=CARTESIAN_POINT('',(0.E0,2.6E-1,-2.85E0));
#403=VERTEX_POINT('',#401);
#404=VERTEX_POINT('',#402);
#405=CARTESIAN_POINT('',(0.E0,2.5E-1,2.15E0));
#406=CARTESIAN_POINT('',(0.E0,2.5E-1,2.85E0));
#407=VERTEX_POINT('',#405);
#408=VERTEX_POINT('',#406);
#409=CARTESIAN_POINT('',(0.E0,2.5E-1,-2.85E0));
#410=CARTESIAN_POINT('',(0.E0,2.5E-1,-2.15E0));
#411=VERTEX_POINT('',#409);
#412=VERTEX_POINT('',#410);
#413=CARTESIAN_POINT('',(0.E0,7.6E-1,2.35E0));
#414=CARTESIAN_POINT('',(0.E0,7.6E-1,2.65E0));
#415=VERTEX_POINT('',#413);
#416=VERTEX_POINT('',#414);
#417=CARTESIAN_POINT('',(0.E0,2.6E-1,2.35E0));
#418=CARTESIAN_POINT('',(0.E0,2.6E-1,2.65E0));
#419=VERTEX_POINT('',#417);
#420=VERTEX_POINT('',#418);
#421=CARTESIAN_POINT('',(0.E0,7.6E-1,-2.65E0));
#422=CARTESIAN_POINT('',(0.E0,7.6E-1,-2.35E0));
#423=VERTEX_POINT('',#421);
#424=VERTEX_POINT('',#422);
#425=CARTESIAN_POINT('',(0.E0,2.6E-1,-2.65E0));
#426=CARTESIAN_POINT('',(0.E0,2.6E-1,-2.35E0));
#427=VERTEX_POINT('',#425);
#428=VERTEX_POINT('',#426);
#429=CARTESIAN_POINT('',(-5.783488799018E0,1.601E1,1.166729322352E0));
#430=CARTESIAN_POINT('',(5.630385660713E0,1.601E1,1.166729322352E0));
#431=VERTEX_POINT('',#429);
#432=VERTEX_POINT('',#430);
#433=CARTESIAN_POINT('',(5.630385660713E0,1.601E1,1.112819225228E0));
#434=VERTEX_POINT('',#433);
#435=CARTESIAN_POINT('',(-5.783488799018E0,1.601E1,1.112819225228E0));
#436=VERTEX_POINT('',#435);
#437=CARTESIAN_POINT('',(-5.783488799018E0,1.6E1,1.166729322352E0));
#438=CARTESIAN_POINT('',(5.630385660713E0,1.6E1,1.166729322352E0));
#439=VERTEX_POINT('',#437);
#440=VERTEX_POINT('',#438);
#441=CARTESIAN_POINT('',(5.630385660713E0,1.6E1,1.112819225228E0));
#442=VERTEX_POINT('',#441);
#443=CARTESIAN_POINT('',(-5.783488799018E0,1.6E1,1.112819225228E0));
#444=VERTEX_POINT('',#443);
#445=CARTESIAN_POINT('',(0.E0,0.E0,0.E0));
#446=DIRECTION('',(0.E0,1.E0,0.E0));
#447=DIRECTION('',(1.E0,0.E0,0.E0));
#448=AXIS2_PLACEMENT_3D('',#445,#446,#447);
#449=PLANE('',#448);
#451=ORIENTED_EDGE('',*,*,#450,.T.);
#453=ORIENTED_EDGE('',*,*,#452,.T.);
#454=EDGE_LOOP('',(#451,#453));
#455=FACE_OUTER_BOUND('',#454,.F.);
#457=ORIENTED_EDGE('',*,*,#456,.T.);
#459=ORIENTED_EDGE('',*,*,#458,.T.);
#460=EDGE_LOOP('',(#457,#459));
#461=FACE_BOUND('',#460,.F.);
#463=FILL_AREA_STYLE_COLOUR('',#18);
#464=FILL_AREA_STYLE('',(#463));
#465=SURFACE_STYLE_FILL_AREA(#464);
#466=SURFACE_SIDE_STYLE('',(#465));
#467=SURFACE_STYLE_USAGE(.POSITIVE.,#466);
#468=PRESENTATION_STYLE_ASSIGNMENT((#467));
#469=STYLED_ITEM('',(#468),#462);
#470=CARTESIAN_POINT('',(0.E0,0.E0,0.E0));
#471=DIRECTION('',(0.E0,-1.E0,0.E0));
#472=DIRECTION('',(0.E0,0.E0,1.E0));
#473=AXIS2_PLACEMENT_3D('',#470,#471,#472);
#474=CYLINDRICAL_SURFACE('',#473,4.75E0);
#475=ORIENTED_EDGE('',*,*,#456,.F.);
#477=ORIENTED_EDGE('',*,*,#476,.T.);
#479=ORIENTED_EDGE('',*,*,#478,.T.);
#481=ORIENTED_EDGE('',*,*,#480,.F.);
#482=EDGE_LOOP('',(#475,#477,#479,#481));
#483=FACE_OUTER_BOUND('',#482,.F.);
#485=FILL_AREA_STYLE_COLOUR('',#18);
#486=FILL_AREA_STYLE('',(#485));
#487=SURFACE_STYLE_FILL_AREA(#486);
#488=SURFACE_SIDE_STYLE('',(#487));
#489=SURFACE_STYLE_USAGE(.POSITIVE.,#488);
#490=PRESENTATION_STYLE_ASSIGNMENT((#489));
#491=STYLED_ITEM('',(#490),#484);
#492=CARTESIAN_POINT('',(0.E0,0.E0,0.E0));
#493=DIRECTION('',(0.E0,-1.E0,0.E0));
#494=DIRECTION('',(0.E0,0.E0,1.E0));
#495=AXIS2_PLACEMENT_3D('',#492,#493,#494);
#496=CYLINDRICAL_SURFACE('',#495,4.75E0);
#497=ORIENTED_EDGE('',*,*,#458,.F.);
#498=ORIENTED_EDGE('',*,*,#480,.T.);
#500=ORIENTED_EDGE('',*,*,#499,.T.);
#501=ORIENTED_EDGE('',*,*,#476,.F.);
#502=EDGE_LOOP('',(#497,#498,#500,#501));
#503=FACE_OUTER_BOUND('',#502,.F.);
#505=FILL_AREA_STYLE_COLOUR('',#18);
#506=FILL_AREA_STYLE('',(#505));
#507=SURFACE_STYLE_FILL_AREA(#506);
#508=SURFACE_SIDE_STYLE('',(#507));
#509=SURFACE_STYLE_USAGE(.POSITIVE.,#508);
#510=PRESENTATION_STYLE_ASSIGNMENT((#509));
#511=STYLED_ITEM('',(#510),#504);
#512=CARTESIAN_POINT('',(0.E0,2.5E-1,0.E0));
#513=DIRECTION('',(0.E0,-1.E0,0.E0));
#514=DIRECTION('',(0.E0,0.E0,1.E0));
#515=AXIS2_PLACEMENT_3D('',#512,#513,#514);
#516=PLANE('',#515);
#517=ORIENTED_EDGE('',*,*,#478,.F.);
#518=ORIENTED_EDGE('',*,*,#499,.F.);
#519=EDGE_LOOP('',(#517,#518));
#520=FACE_OUTER_BOUND('',#519,.F.);
#522=ORIENTED_EDGE('',*,*,#521,.T.);
#524=ORIENTED_EDGE('',*,*,#523,.T.);
#525=EDGE_LOOP('',(#522,#524));
#526=FACE_BOUND('',#525,.F.);
#528=ORIENTED_EDGE('',*,*,#527,.T.);
#530=ORIENTED_EDGE('',*,*,#529,.T.);
#531=EDGE_LOOP('',(#528,#530));
#532=FACE_BOUND('',#531,.F.);
#534=FILL_AREA_STYLE_COLOUR('',#4);
#535=FILL_AREA_STYLE('',(#534));
#536=SURFACE_STYLE_FILL_AREA(#535);
#537=SURFACE_SIDE_STYLE('',(#536));
#538=SURFACE_STYLE_USAGE(.POSITIVE.,#537);
#539=PRESENTATION_STYLE_ASSIGNMENT((#538));
#540=STYLED_ITEM('',(#539),#533);
#541=CARTESIAN_POINT('',(0.E0,2.5E-1,2.5E0));
#542=DIRECTION('',(0.E0,-1.E0,0.E0));
#543=DIRECTION('',(0.E0,0.E0,-1.E0));
#544=AXIS2_PLACEMENT_3D('',#541,#542,#543);
#545=CYLINDRICAL_SURFACE('',#544,3.5E-1);
#546=ORIENTED_EDGE('',*,*,#521,.F.);
#548=ORIENTED_EDGE('',*,*,#547,.T.);
#550=ORIENTED_EDGE('',*,*,#549,.F.);
#552=ORIENTED_EDGE('',*,*,#551,.F.);
#553=EDGE_LOOP('',(#546,#548,#550,#552));
#554=FACE_OUTER_BOUND('',#553,.F.);
#556=CARTESIAN_POINT('',(0.E0,2.5E-1,2.5E0));
#557=DIRECTION('',(0.E0,-1.E0,0.E0));
#558=DIRECTION('',(0.E0,0.E0,-1.E0));
#559=AXIS2_PLACEMENT_3D('',#556,#557,#558);
#560=CYLINDRICAL_SURFACE('',#559,3.5E-1);
#561=ORIENTED_EDGE('',*,*,#523,.F.);
#562=ORIENTED_EDGE('',*,*,#551,.T.);
#564=ORIENTED_EDGE('',*,*,#563,.F.);
#565=ORIENTED_EDGE('',*,*,#547,.F.);
#566=EDGE_LOOP('',(#561,#562,#564,#565));
#567=FACE_OUTER_BOUND('',#566,.F.);
#569=CARTESIAN_POINT('',(0.E0,2.6E-1,0.E0));
#570=DIRECTION('',(0.E0,-1.E0,0.E0));
#571=DIRECTION('',(0.E0,0.E0,-1.E0));
#572=AXIS2_PLACEMENT_3D('',#569,#570,#571);
#573=PLANE('',#572);
#574=ORIENTED_EDGE('',*,*,#549,.T.);
#575=ORIENTED_EDGE('',*,*,#563,.T.);
#576=EDGE_LOOP('',(#574,#575));
#577=FACE_OUTER_BOUND('',#576,.F.);
#579=ORIENTED_EDGE('',*,*,#578,.T.);
#581=ORIENTED_EDGE('',*,*,#580,.T.);
#582=EDGE_LOOP('',(#579,#581));
#583=FACE_BOUND('',#582,.F.);
#585=CARTESIAN_POINT('',(0.E0,2.6E-1,0.E0));
#586=DIRECTION('',(0.E0,-1.E0,0.E0));
#587=DIRECTION('',(0.E0,0.E0,-1.E0));
#588=AXIS2_PLACEMENT_3D('',#585,#586,#587);
#589=PLANE('',#588);
#591=ORIENTED_EDGE('',*,*,#590,.T.);
#593=ORIENTED_EDGE('',*,*,#592,.T.);
#594=EDGE_LOOP('',(#591,#593));
#595=FACE_OUTER_BOUND('',#594,.F.);
#597=ORIENTED_EDGE('',*,*,#596,.T.);
#599=ORIENTED_EDGE('',*,*,#598,.T.);
#600=EDGE_LOOP('',(#597,#599));
#601=FACE_BOUND('',#600,.F.);
#603=CARTESIAN_POINT('',(0.E0,2.5E-1,-2.5E0));
#604=DIRECTION('',(0.E0,-1.E0,0.E0));
#605=DIRECTION('',(0.E0,0.E0,-1.E0));
#606=AXIS2_PLACEMENT_3D('',#603,#604,#605);
#607=CYLINDRICAL_SURFACE('',#606,3.5E-1);
#608=ORIENTED_EDGE('',*,*,#527,.F.);
#610=ORIENTED_EDGE('',*,*,#609,.T.);
#611=ORIENTED_EDGE('',*,*,#590,.F.);
#613=ORIENTED_EDGE('',*,*,#612,.F.);
#614=EDGE_LOOP('',(#608,#610,#611,#613));
#615=FACE_OUTER_BOUND('',#614,.F.);
#617=CARTESIAN_POINT('',(0.E0,2.5E-1,-2.5E0));
#618=DIRECTION('',(0.E0,-1.E0,0.E0));
#619=DIRECTION('',(0.E0,0.E0,-1.E0));
#620=AXIS2_PLACEMENT_3D('',#617,#618,#619);
#621=CYLINDRICAL_SURFACE('',#620,3.5E-1);
#622=ORIENTED_EDGE('',*,*,#529,.F.);
#623=ORIENTED_EDGE('',*,*,#612,.T.);
#624=ORIENTED_EDGE('',*,*,#592,.F.);
#625=ORIENTED_EDGE('',*,*,#609,.F.);
#626=EDGE_LOOP('',(#622,#623,#624,#625));
#627=FACE_OUTER_BOUND('',#626,.F.);
#629=CARTESIAN_POINT('',(0.E0,2.6E-1,2.5E0));
#630=DIRECTION('',(0.E0,-1.E0,0.E0));
#631=DIRECTION('',(0.E0,0.E0,-1.E0));
#632=AXIS2_PLACEMENT_3D('',#629,#630,#631);
#633=CYLINDRICAL_SURFACE('',#632,1.5E-1);
#634=ORIENTED_EDGE('',*,*,#578,.F.);
#636=ORIENTED_EDGE('',*,*,#635,.T.);
#638=ORIENTED_EDGE('',*,*,#637,.T.);
#640=ORIENTED_EDGE('',*,*,#639,.F.);
#641=EDGE_LOOP('',(#634,#636,#638,#640));
#642=FACE_OUTER_BOUND('',#641,.F.);
#644=CARTESIAN_POINT('',(0.E0,2.6E-1,2.5E0));
#645=DIRECTION('',(0.E0,-1.E0,0.E0));
#646=DIRECTION('',(0.E0,0.E0,-1.E0));
#647=AXIS2_PLACEMENT_3D('',#644,#645,#646);
#648=CYLINDRICAL_SURFACE('',#647,1.5E-1);
#649=ORIENTED_EDGE('',*,*,#580,.F.);
#650=ORIENTED_EDGE('',*,*,#639,.T.);
#652=ORIENTED_EDGE('',*,*,#651,.T.);
#653=ORIENTED_EDGE('',*,*,#635,.F.);
#654=EDGE_LOOP('',(#649,#650,#652,#653));
#655=FACE_OUTER_BOUND('',#654,.F.);
#657=CARTESIAN_POINT('',(0.E0,7.6E-1,0.E0));
#658=DIRECTION('',(0.E0,-1.E0,0.E0));
#659=DIRECTION('',(0.E0,0.E0,-1.E0));
#660=AXIS2_PLACEMENT_3D('',#657,#658,#659);
#661=PLANE('',#660);
#662=ORIENTED_EDGE('',*,*,#637,.F.);
#663=ORIENTED_EDGE('',*,*,#651,.F.);
#664=EDGE_LOOP('',(#662,#663));
#665=FACE_OUTER_BOUND('',#664,.F.);
#667=FILL_AREA_STYLE_COLOUR('',#15);
#668=FILL_AREA_STYLE('',(#667));
#669=SURFACE_STYLE_FILL_AREA(#668);
#670=SURFACE_SIDE_STYLE('',(#669));
#671=SURFACE_STYLE_USAGE(.POSITIVE.,#670);
#672=PRESENTATION_STYLE_ASSIGNMENT((#671));
#673=STYLED_ITEM('',(#672),#666);
#674=CARTESIAN_POINT('',(0.E0,7.6E-1,0.E0));
#675=DIRECTION('',(0.E0,-1.E0,0.E0));
#676=DIRECTION('',(0.E0,0.E0,-1.E0));
#677=AXIS2_PLACEMENT_3D('',#674,#675,#676);
#678=PLANE('',#677);
#680=ORIENTED_EDGE('',*,*,#679,.F.);
#682=ORIENTED_EDGE('',*,*,#681,.F.);
#683=EDGE_LOOP('',(#680,#682));
#684=FACE_OUTER_BOUND('',#683,.F.);
#686=FILL_AREA_STYLE_COLOUR('',#15);
#687=FILL_AREA_STYLE('',(#686));
#688=SURFACE_STYLE_FILL_AREA(#687);
#689=SURFACE_SIDE_STYLE('',(#688));
#690=SURFACE_STYLE_USAGE(.POSITIVE.,#689);
#691=PRESENTATION_STYLE_ASSIGNMENT((#690));
#692=STYLED_ITEM('',(#691),#685);
#693=CARTESIAN_POINT('',(0.E0,2.6E-1,-2.5E0));
#694=DIRECTION('',(0.E0,-1.E0,0.E0));
#695=DIRECTION('',(0.E0,0.E0,-1.E0));
#696=AXIS2_PLACEMENT_3D('',#693,#694,#695);
#697=CYLINDRICAL_SURFACE('',#696,1.5E-1);
#698=ORIENTED_EDGE('',*,*,#596,.F.);
#700=ORIENTED_EDGE('',*,*,#699,.T.);
#701=ORIENTED_EDGE('',*,*,#679,.T.);
#703=ORIENTED_EDGE('',*,*,#702,.F.);
#704=EDGE_LOOP('',(#698,#700,#701,#703));
#705=FACE_OUTER_BOUND('',#704,.F.);
#707=CARTESIAN_POINT('',(0.E0,2.6E-1,-2.5E0));
#708=DIRECTION('',(0.E0,-1.E0,0.E0));
#709=DIRECTION('',(0.E0,0.E0,-1.E0));
#710=AXIS2_PLACEMENT_3D('',#707,#708,#709);
#711=CYLINDRICAL_SURFACE('',#710,1.5E-1);
#712=ORIENTED_EDGE('',*,*,#598,.F.);
#713=ORIENTED_EDGE('',*,*,#702,.T.);
#714=ORIENTED_EDGE('',*,*,#681,.T.);
#715=ORIENTED_EDGE('',*,*,#699,.F.);
#716=EDGE_LOOP('',(#712,#713,#714,#715));
#717=FACE_OUTER_BOUND('',#716,.F.);
#719=CARTESIAN_POINT('',(0.E0,7.5E-1,0.E0));
#720=DIRECTION('',(0.E0,1.E0,0.E0));
#721=DIRECTION('',(-6.245561312873E-3,0.E0,9.999804962917E-1));
#722=AXIS2_PLACEMENT_3D('',#719,#720,#721);
#723=TOROIDAL_SURFACE('',#722,5.496451029091E0,7.5E-1);
#725=ORIENTED_EDGE('',*,*,#724,.T.);
#727=ORIENTED_EDGE('',*,*,#726,.T.);
#728=ORIENTED_EDGE('',*,*,#450,.F.);
#730=ORIENTED_EDGE('',*,*,#729,.F.);
#731=EDGE_LOOP('',(#725,#727,#728,#730));
#732=FACE_OUTER_BOUND('',#731,.F.);
#734=FILL_AREA_STYLE_COLOUR('',#18);
#735=FILL_AREA_STYLE('',(#734));
#736=SURFACE_STYLE_FILL_AREA(#735);
#737=SURFACE_SIDE_STYLE('',(#736));
#738=SURFACE_STYLE_USAGE(.POSITIVE.,#737);
#739=PRESENTATION_STYLE_ASSIGNMENT((#738));
#740=STYLED_ITEM('',(#739),#733);
#741=CARTESIAN_POINT('',(0.E0,6.771243444677E-1,0.E0));
#742=DIRECTION('',(0.E0,1.E0,0.E0));
#743=DIRECTION('',(9.999827957248E-1,0.E0,5.865854957476E-3));
#744=AXIS2_PLACEMENT_3D('',#741,#742,#743);
#745=TOROIDAL_SURFACE('',#744,4.75E0,1.5E0);
#746=ORIENTED_EDGE('',*,*,#724,.F.);
#748=ORIENTED_EDGE('',*,*,#747,.F.);
#750=ORIENTED_EDGE('',*,*,#749,.T.);
#752=ORIENTED_EDGE('',*,*,#751,.T.);
#754=ORIENTED_EDGE('',*,*,#753,.T.);
#755=EDGE_LOOP('',(#746,#748,#750,#752,#754));
#756=FACE_OUTER_BOUND('',#755,.F.);
#758=FILL_AREA_STYLE_COLOUR('',#18);
#759=FILL_AREA_STYLE('',(#758));
#760=SURFACE_STYLE_FILL_AREA(#759);
#761=SURFACE_SIDE_STYLE('',(#760));
#762=SURFACE_STYLE_USAGE(.POSITIVE.,#761);
#763=PRESENTATION_STYLE_ASSIGNMENT((#762));
#764=STYLED_ITEM('',(#763),#757);
#765=CARTESIAN_POINT('',(0.E0,6.771243444677E-1,0.E0));
#766=DIRECTION('',(0.E0,1.E0,0.E0));
#767=DIRECTION('',(-9.999827957248E-1,0.E0,-5.865854957476E-3));
#768=AXIS2_PLACEMENT_3D('',#765,#766,#767);
#769=TOROIDAL_SURFACE('',#768,4.75E0,1.5E0);
#771=ORIENTED_EDGE('',*,*,#770,.F.);
#772=ORIENTED_EDGE('',*,*,#753,.F.);
#774=ORIENTED_EDGE('',*,*,#773,.T.);
#775=ORIENTED_EDGE('',*,*,#747,.T.);
#776=EDGE_LOOP('',(#771,#772,#774,#775));
#777=FACE_OUTER_BOUND('',#776,.F.);
#779=FILL_AREA_STYLE_COLOUR('',#18);
#780=FILL_AREA_STYLE('',(#779));
#781=SURFACE_STYLE_FILL_AREA(#780);
#782=SURFACE_SIDE_STYLE('',(#781));
#783=SURFACE_STYLE_USAGE(.POSITIVE.,#782);
#784=PRESENTATION_STYLE_ASSIGNMENT((#783));
#785=STYLED_ITEM('',(#784),#778);
#786=CARTESIAN_POINT('',(0.E0,7.5E-1,0.E0));
#787=DIRECTION('',(0.E0,1.E0,0.E0));
#788=DIRECTION('',(-9.999804962918E-1,0.E0,-6.245561312014E-3));
#789=AXIS2_PLACEMENT_3D('',#786,#787,#788);
#790=TOROIDAL_SURFACE('',#789,5.496451029091E0,7.5E-1);
#791=ORIENTED_EDGE('',*,*,#770,.T.);
#792=ORIENTED_EDGE('',*,*,#729,.T.);
#793=ORIENTED_EDGE('',*,*,#452,.F.);
#794=ORIENTED_EDGE('',*,*,#726,.F.);
#795=EDGE_LOOP('',(#791,#792,#793,#794));
#796=FACE_OUTER_BOUND('',#795,.F.);
#798=FILL_AREA_STYLE_COLOUR('',#18);
#799=FILL_AREA_STYLE('',(#798));
#800=SURFACE_STYLE_FILL_AREA(#799);
#801=SURFACE_SIDE_STYLE('',(#800));
#802=SURFACE_STYLE_USAGE(.POSITIVE.,#801);
#803=PRESENTATION_STYLE_ASSIGNMENT((#802));
#804=STYLED_ITEM('',(#803),#797);
#805=CARTESIAN_POINT('',(0.E0,2.E0,0.E0));
#806=DIRECTION('',(0.E0,1.E0,0.E0));
#807=DIRECTION('',(0.E0,0.E0,-1.E0));
#808=AXIS2_PLACEMENT_3D('',#805,#806,#807);
#809=TOROIDAL_SURFACE('',#808,6.25E0,5.E-1);
#810=ORIENTED_EDGE('',*,*,#751,.F.);
#812=ORIENTED_EDGE('',*,*,#811,.T.);
#814=ORIENTED_EDGE('',*,*,#813,.F.);
#816=ORIENTED_EDGE('',*,*,#815,.F.);
#818=ORIENTED_EDGE('',*,*,#817,.T.);
#819=ORIENTED_EDGE('',*,*,#773,.F.);
#820=EDGE_LOOP('',(#810,#812,#814,#816,#818,#819));
#821=FACE_OUTER_BOUND('',#820,.F.);
#823=FILL_AREA_STYLE_COLOUR('',#18);
#824=FILL_AREA_STYLE('',(#823));
#825=SURFACE_STYLE_FILL_AREA(#824);
#826=SURFACE_SIDE_STYLE('',(#825));
#827=SURFACE_STYLE_USAGE(.POSITIVE.,#826);
#828=PRESENTATION_STYLE_ASSIGNMENT((#827));
#829=STYLED_ITEM('',(#828),#822);
#830=CARTESIAN_POINT('',(0.E0,2.E0,0.E0));
#831=DIRECTION('',(0.E0,1.E0,0.E0));
#832=DIRECTION('',(0.E0,0.E0,-1.E0));
#833=AXIS2_PLACEMENT_3D('',#830,#831,#832);
#834=TOROIDAL_SURFACE('',#833,6.25E0,5.E-1);
#835=ORIENTED_EDGE('',*,*,#749,.F.);
#836=ORIENTED_EDGE('',*,*,#817,.F.);
#838=ORIENTED_EDGE('',*,*,#837,.F.);
#839=ORIENTED_EDGE('',*,*,#811,.F.);
#840=EDGE_LOOP('',(#835,#836,#838,#839));
#841=FACE_OUTER_BOUND('',#840,.F.);
#843=FILL_AREA_STYLE_COLOUR('',#18);
#844=FILL_AREA_STYLE('',(#843));
#845=SURFACE_STYLE_FILL_AREA(#844);
#846=SURFACE_SIDE_STYLE('',(#845));
#847=SURFACE_STYLE_USAGE(.POSITIVE.,#846);
#848=PRESENTATION_STYLE_ASSIGNMENT((#847));
#849=STYLED_ITEM('',(#848),#842);
#850=CARTESIAN_POINT('',(0.E0,3.322875655532E0,0.E0));
#851=DIRECTION('',(0.E0,1.E0,0.E0));
#852=DIRECTION('',(-6.130621456004E-3,0.E0,-9.999812075637E-1));
#853=AXIS2_PLACEMENT_3D('',#850,#851,#852);
#854=TOROIDAL_SURFACE('',#853,4.75E0,1.5E0);
#855=ORIENTED_EDGE('',*,*,#837,.T.);
#857=ORIENTED_EDGE('',*,*,#856,.T.);
#859=ORIENTED_EDGE('',*,*,#858,.F.);
#861=ORIENTED_EDGE('',*,*,#860,.T.);
#863=ORIENTED_EDGE('',*,*,#862,.F.);
#864=ORIENTED_EDGE('',*,*,#813,.T.);
#865=EDGE_LOOP('',(#855,#857,#859,#861,#863,#864));
#866=FACE_OUTER_BOUND('',#865,.F.);
#868=FILL_AREA_STYLE_COLOUR('',#18);
#869=FILL_AREA_STYLE('',(#868));
#870=SURFACE_STYLE_FILL_AREA(#869);
#871=SURFACE_SIDE_STYLE('',(#870));
#872=SURFACE_STYLE_USAGE(.POSITIVE.,#871);
#873=PRESENTATION_STYLE_ASSIGNMENT((#872));
#874=STYLED_ITEM('',(#873),#867);
#875=CARTESIAN_POINT('',(0.E0,3.322875655532E0,0.E0));
#876=DIRECTION('',(0.E0,1.E0,0.E0));
#877=DIRECTION('',(6.130621456004E-3,0.E0,9.999812075637E-1));
#878=AXIS2_PLACEMENT_3D('',#875,#876,#877);
#879=TOROIDAL_SURFACE('',#878,4.75E0,1.5E0);
#880=ORIENTED_EDGE('',*,*,#815,.T.);
#881=ORIENTED_EDGE('',*,*,#862,.T.);
#883=ORIENTED_EDGE('',*,*,#882,.F.);
#884=ORIENTED_EDGE('',*,*,#856,.F.);
#885=EDGE_LOOP('',(#880,#881,#883,#884));
#886=FACE_OUTER_BOUND('',#885,.F.);
#888=FILL_AREA_STYLE_COLOUR('',#18);
#889=FILL_AREA_STYLE('',(#888));
#890=SURFACE_STYLE_FILL_AREA(#889);
#891=SURFACE_SIDE_STYLE('',(#890));
#892=SURFACE_STYLE_USAGE(.POSITIVE.,#891);
#893=PRESENTATION_STYLE_ASSIGNMENT((#892));
#894=STYLED_ITEM('',(#893),#887);
#895=CARTESIAN_POINT('',(0.E0,0.E0,0.E0));
#896=DIRECTION('',(0.E0,1.E0,0.E0));
#897=DIRECTION('',(1.E0,0.E0,0.E0));
#898=AXIS2_PLACEMENT_3D('',#895,#896,#897);
#899=CYLINDRICAL_SURFACE('',#898,6.25E0);
#901=ORIENTED_EDGE('',*,*,#900,.F.);
#903=ORIENTED_EDGE('',*,*,#902,.F.);
#904=ORIENTED_EDGE('',*,*,#858,.T.);
#905=ORIENTED_EDGE('',*,*,#882,.T.);
#907=ORIENTED_EDGE('',*,*,#906,.T.);
#908=EDGE_LOOP('',(#901,#903,#904,#905,#907));
#909=FACE_OUTER_BOUND('',#908,.F.);
#911=FILL_AREA_STYLE_COLOUR('',#18);
#912=FILL_AREA_STYLE('',(#911));
#913=SURFACE_STYLE_FILL_AREA(#912);
#914=SURFACE_SIDE_STYLE('',(#913));
#915=SURFACE_STYLE_USAGE(.POSITIVE.,#914);
#916=PRESENTATION_STYLE_ASSIGNMENT((#915));
#917=STYLED_ITEM('',(#916),#910);
#918=CARTESIAN_POINT('',(0.E0,1.565E1,0.E0));
#919=DIRECTION('',(0.E0,1.E0,0.E0));
#920=DIRECTION('',(9.999840940743E-1,0.E0,-5.640177166375E-3));
#921=AXIS2_PLACEMENT_3D('',#918,#919,#920);
#922=TOROIDAL_SURFACE('',#921,5.9E0,3.5E-1);
#924=ORIENTED_EDGE('',*,*,#923,.F.);
#926=ORIENTED_EDGE('',*,*,#925,.F.);
#927=ORIENTED_EDGE('',*,*,#900,.T.);
#929=ORIENTED_EDGE('',*,*,#928,.T.);
#931=ORIENTED_EDGE('',*,*,#930,.F.);
#932=EDGE_LOOP('',(#924,#926,#927,#929,#931));
#933=FACE_OUTER_BOUND('',#932,.F.);
#935=FILL_AREA_STYLE_COLOUR('',#18);
#936=FILL_AREA_STYLE('',(#935));
#937=SURFACE_STYLE_FILL_AREA(#936);
#938=SURFACE_SIDE_STYLE('',(#937));
#939=SURFACE_STYLE_USAGE(.POSITIVE.,#938);
#940=PRESENTATION_STYLE_ASSIGNMENT((#939));
#941=STYLED_ITEM('',(#940),#934);
#942=CARTESIAN_POINT('',(0.E0,1.6E1,0.E0));
#943=DIRECTION('',(0.E0,1.E0,0.E0));
#944=DIRECTION('',(1.E0,0.E0,0.E0));
#945=AXIS2_PLACEMENT_3D('',#942,#943,#944);
#946=PLANE('',#945);
#948=ORIENTED_EDGE('',*,*,#947,.T.);
#950=ORIENTED_EDGE('',*,*,#949,.T.);
#952=ORIENTED_EDGE('',*,*,#951,.T.);
#954=ORIENTED_EDGE('',*,*,#953,.T.);
#955=ORIENTED_EDGE('',*,*,#930,.T.);
#957=ORIENTED_EDGE('',*,*,#956,.T.);
#958=ORIENTED_EDGE('',*,*,#923,.T.);
#959=EDGE_LOOP('',(#948,#950,#952,#954,#955,#957,#958));
#960=FACE_OUTER_BOUND('',#959,.F.);
#962=FILL_AREA_STYLE_COLOUR('',#18);
#963=FILL_AREA_STYLE('',(#962));
#964=SURFACE_STYLE_FILL_AREA(#963);
#965=SURFACE_SIDE_STYLE('',(#964));
#966=SURFACE_STYLE_USAGE(.POSITIVE.,#965);
#967=PRESENTATION_STYLE_ASSIGNMENT((#966));
#968=STYLED_ITEM('',(#967),#961);
#969=CARTESIAN_POINT('',(-5.783488799018E0,1.6E1,1.166729322352E0));
#970=DIRECTION('',(0.E0,0.E0,1.E0));
#971=DIRECTION('',(1.E0,0.E0,0.E0));
#972=AXIS2_PLACEMENT_3D('',#969,#970,#971);
#973=PLANE('',#972);
#974=ORIENTED_EDGE('',*,*,#947,.F.);
#976=ORIENTED_EDGE('',*,*,#975,.T.);
#978=ORIENTED_EDGE('',*,*,#977,.T.);
#980=ORIENTED_EDGE('',*,*,#979,.F.);
#981=EDGE_LOOP('',(#974,#976,#978,#980));
#982=FACE_OUTER_BOUND('',#981,.F.);
#984=CARTESIAN_POINT('',(-5.783488799018E0,1.6E1,1.112819225228E0));
#985=DIRECTION('',(-1.E0,0.E0,0.E0));
#986=DIRECTION('',(0.E0,0.E0,1.E0));
#987=AXIS2_PLACEMENT_3D('',#984,#985,#986);
#988=PLANE('',#987);
#989=ORIENTED_EDGE('',*,*,#953,.F.);
#991=ORIENTED_EDGE('',*,*,#990,.T.);
#993=ORIENTED_EDGE('',*,*,#992,.T.);
#994=ORIENTED_EDGE('',*,*,#975,.F.);
#995=EDGE_LOOP('',(#989,#991,#993,#994));
#996=FACE_OUTER_BOUND('',#995,.F.);
#998=CARTESIAN_POINT('',(5.630385660713E0,1.6E1,1.112819225228E0));
#999=DIRECTION('',(0.E0,0.E0,-1.E0));
#1000=DIRECTION('',(-1.E0,0.E0,0.E0));
#1001=AXIS2_PLACEMENT_3D('',#998,#999,#1000);
#1002=PLANE('',#1001);
#1003=ORIENTED_EDGE('',*,*,#951,.F.);
#1005=ORIENTED_EDGE('',*,*,#1004,.T.);
#1007=ORIENTED_EDGE('',*,*,#1006,.T.);
#1008=ORIENTED_EDGE('',*,*,#990,.F.);
#1009=EDGE_LOOP('',(#1003,#1005,#1007,#1008));
#1010=FACE_OUTER_BOUND('',#1009,.F.);
#1012=CARTESIAN_POINT('',(5.630385660713E0,1.6E1,1.166729322352E0));
#1013=DIRECTION('',(1.E0,0.E0,0.E0));
#1014=DIRECTION('',(0.E0,0.E0,-1.E0));
#1015=AXIS2_PLACEMENT_3D('',#1012,#1013,#1014);
#1016=PLANE('',#1015);
#1017=ORIENTED_EDGE('',*,*,#949,.F.);
#1018=ORIENTED_EDGE('',*,*,#979,.T.);
#1020=ORIENTED_EDGE('',*,*,#1019,.T.);
#1021=ORIENTED_EDGE('',*,*,#1004,.F.);
#1022=EDGE_LOOP('',(#1017,#1018,#1020,#1021));
#1023=FACE_OUTER_BOUND('',#1022,.F.);
#1025=CARTESIAN_POINT('',(0.E0,1.601E1,0.E0));
#1026=DIRECTION('',(0.E0,1.E0,0.E0));
#1027=DIRECTION('',(0.E0,0.E0,-1.E0));
#1028=AXIS2_PLACEMENT_3D('',#1025,#1026,#1027);
#1029=PLANE('',#1028);
#1030=ORIENTED_EDGE('',*,*,#977,.F.);
#1031=ORIENTED_EDGE('',*,*,#992,.F.);
#1032=ORIENTED_EDGE('',*,*,#1006,.F.);
#1033=ORIENTED_EDGE('',*,*,#1019,.F.);
#1034=EDGE_LOOP('',(#1030,#1031,#1032,#1033));
#1035=FACE_OUTER_BOUND('',#1034,.F.);
#1037=FILL_AREA_STYLE_COLOUR('',#17);
#1038=FILL_AREA_STYLE('',(#1037));
#1039=SURFACE_STYLE_FILL_AREA(#1038);
#1040=SURFACE_SIDE_STYLE('',(#1039));
#1041=SURFACE_STYLE_USAGE(.POSITIVE.,#1040);
#1042=PRESENTATION_STYLE_ASSIGNMENT((#1041));
#1043=STYLED_ITEM('',(#1042),#1036);
#1044=CARTESIAN_POINT('',(0.E0,1.565E1,0.E0));
#1045=DIRECTION('',(0.E0,1.E0,0.E0));
#1046=DIRECTION('',(-9.999840940743E-1,0.E0,5.640177166375E-3));
#1047=AXIS2_PLACEMENT_3D('',#1044,#1045,#1046);
#1048=TOROIDAL_SURFACE('',#1047,5.9E0,3.5E-1);
#1050=ORIENTED_EDGE('',*,*,#1049,.T.);
#1051=ORIENTED_EDGE('',*,*,#925,.T.);
#1052=ORIENTED_EDGE('',*,*,#956,.F.);
#1053=ORIENTED_EDGE('',*,*,#928,.F.);
#1054=EDGE_LOOP('',(#1050,#1051,#1052,#1053));
#1055=FACE_OUTER_BOUND('',#1054,.F.);
#1057=FILL_AREA_STYLE_COLOUR('',#18);
#1058=FILL_AREA_STYLE('',(#1057));
#1059=SURFACE_STYLE_FILL_AREA(#1058);
#1060=SURFACE_SIDE_STYLE('',(#1059));
#1061=SURFACE_STYLE_USAGE(.POSITIVE.,#1060);
#1062=PRESENTATION_STYLE_ASSIGNMENT((#1061));
#1063=STYLED_ITEM('',(#1062),#1056);
#1064=CARTESIAN_POINT('',(0.E0,0.E0,0.E0));
#1065=DIRECTION('',(0.E0,1.E0,0.E0));
#1066=DIRECTION('',(1.E0,0.E0,0.E0));
#1067=AXIS2_PLACEMENT_3D('',#1064,#1065,#1066);
#1068=CYLINDRICAL_SURFACE('',#1067,6.25E0);
#1069=ORIENTED_EDGE('',*,*,#1049,.F.);
#1070=ORIENTED_EDGE('',*,*,#906,.F.);
#1071=ORIENTED_EDGE('',*,*,#860,.F.);
#1072=ORIENTED_EDGE('',*,*,#902,.T.);
#1073=EDGE_LOOP('',(#1069,#1070,#1071,#1072));
#1074=FACE_OUTER_BOUND('',#1073,.F.);
#1076=FILL_AREA_STYLE_COLOUR('',#18);
#1077=FILL_AREA_STYLE('',(#1076));
#1078=SURFACE_STYLE_FILL_AREA(#1077);
#1079=SURFACE_SIDE_STYLE('',(#1078));
#1080=SURFACE_STYLE_USAGE(.POSITIVE.,#1079);
#1081=PRESENTATION_STYLE_ASSIGNMENT((#1080));
#1082=STYLED_ITEM('',(#1081),#1075);
#1083=CLOSED_SHELL('',(#462,#484,#504,#533,#555,#568,#584,#602,#616,#628,#643,
#656,#666,#685,#706,#718,#733,#757,#778,#797,#822,#842,#867,#887,#910,#934,#961,
#983,#997,#1011,#1024,#1036,#1056,#1075));
#1084=MANIFOLD_SOLID_BREP('',#1083);
#1087=PLANE_ANGLE_MEASURE_WITH_UNIT(PLANE_ANGLE_MEASURE(1.745329251994E-2),
#1086);
#1088=(CONVERSION_BASED_UNIT('DEGREE',#1087)NAMED_UNIT(*)PLANE_ANGLE_UNIT());
#1090=UNCERTAINTY_MEASURE_WITH_UNIT(LENGTH_MEASURE(2.384899568749E-3),#1085,
'distance_accuracy_value',
'Maximum model space distance between geometric entities at asserted connectivities');
#1092=CARTESIAN_POINT('',(0.E0,0.E0,0.E0));
#1093=DIRECTION('',(0.E0,0.E0,1.E0));
#1094=DIRECTION('',(1.E0,0.E0,0.E0));
#1097=APPLICATION_CONTEXT('automotive_design');
#1098=APPLICATION_PROTOCOL_DEFINITION('international standard',
'automotive_design',2001,#1097);
#1099=PRODUCT_DEFINITION_CONTEXT('part definition',#1097,'design');
#1100=PRODUCT_CONTEXT('',#1097,'mechanical');
#1101=PRODUCT('Z1','Z1','NOT SPECIFIED',(#1100));
#1102=PRODUCT_DEFINITION_FORMATION('7','LAST_VERSION',#1101);
#1110=DERIVED_UNIT_ELEMENT(#1109,2.E0);
#1111=DERIVED_UNIT((#1110));
#1112=MEASURE_REPRESENTATION_ITEM('surface area measure',AREA_MEASURE(
8.692515204438E2),#1111);
#1117=DERIVED_UNIT_ELEMENT(#1116,3.E0);
#1118=DERIVED_UNIT((#1117));
#1119=MEASURE_REPRESENTATION_ITEM('volume measure',VOLUME_MEASURE(
1.919412604775E3),#1118);
#1123=CARTESIAN_POINT('centre point',(-2.460272686424E-7,8.152309895541E0,
3.647381737301E-6));
#1128=DERIVED_UNIT_ELEMENT(#1127,2.E0);
#1129=DERIVED_UNIT((#1128));
#1130=MEASURE_REPRESENTATION_ITEM('surface area measure',AREA_MEASURE(
8.692515204438E2),#1129);
#1135=DERIVED_UNIT_ELEMENT(#1134,3.E0);
#1136=DERIVED_UNIT((#1135));
#1137=MEASURE_REPRESENTATION_ITEM('volume measure',VOLUME_MEASURE(
1.919412604775E3),#1136);
#1141=CARTESIAN_POINT('centre point',(-2.460272686424E-7,8.152309895541E0,
3.647381737301E-6));
#1151=CARTESIAN_POINT('centre point',(6.249999753973E0,8.152309895541E0,
-6.249996352618E0));
#1155=CARTESIAN_POINT('',(6.25E0,0.E0,-6.25E0));
#1156=DIRECTION('',(0.E0,0.E0,1.E0));
#1157=DIRECTION('',(1.E0,0.E0,0.E0));
#1158=AXIS2_PLACEMENT_3D('',#1155,#1156,#1157);
#1159=ITEM_DEFINED_TRANSFORMATION('','',#1095,#1158);
#1160=(REPRESENTATION_RELATIONSHIP('','',#1096,#1148)REPRESENTATION_RELATIONSHIP_WITH_TRANSFORMATION(#1159)SHAPE_REPRESENTATION_RELATIONSHIP());
#1161=CONTEXT_DEPENDENT_SHAPE_REPRESENTATION(#1160,#1150);
#1163=CARTESIAN_POINT('',(0.E0,3.5E-1,2.E0));
#1164=CARTESIAN_POINT('',(7.323730640090E-2,3.5E-1,2.E0));
#1165=CARTESIAN_POINT('',(2.197119192027E-1,3.024075133026E-1,2.E0));
#1166=CARTESIAN_POINT('',(3.555013530034E-1,1.155093916283E-1,2.E0));
#1167=CARTESIAN_POINT('',(3.555013530034E-1,-1.155093916283E-1,2.E0));
#1168=CARTESIAN_POINT('',(2.197119192027E-1,-3.024075133026E-1,2.E0));
#1169=CARTESIAN_POINT('',(7.323730640090E-2,-3.5E-1,2.E0));
#1170=CARTESIAN_POINT('',(0.E0,-3.5E-1,2.E0));
#1172=CARTESIAN_POINT('',(0.E0,-3.5E-1,2.E0));
#1173=CARTESIAN_POINT('',(-7.323730640090E-2,-3.5E-1,2.E0));
#1174=CARTESIAN_POINT('',(-2.197119192027E-1,-3.024075133026E-1,2.E0));
#1175=CARTESIAN_POINT('',(-3.555013530034E-1,-1.155093916283E-1,2.E0));
#1176=CARTESIAN_POINT('',(-3.555013530034E-1,1.155093916283E-1,2.E0));
#1177=CARTESIAN_POINT('',(-2.197119192027E-1,3.024075133026E-1,2.E0));
#1178=CARTESIAN_POINT('',(-7.323730640090E-2,3.5E-1,2.E0));
#1179=CARTESIAN_POINT('',(0.E0,3.5E-1,2.E0));
#1181=CARTESIAN_POINT('',(0.E0,0.E0,2.E0));
#1182=DIRECTION('',(0.E0,0.E0,1.E0));
#1183=DIRECTION('',(0.E0,1.E0,0.E0));
#1184=AXIS2_PLACEMENT_3D('',#1181,#1182,#1183);
#1186=CARTESIAN_POINT('',(0.E0,0.E0,2.E0));
#1187=DIRECTION('',(0.E0,0.E0,1.E0));
#1188=DIRECTION('',(0.E0,-1.E0,0.E0));
#1189=AXIS2_PLACEMENT_3D('',#1186,#1187,#1188);
#1191=DIRECTION('',(0.E0,0.E0,-1.E0));
#1192=VECTOR('',#1191,1.2E0);
#1193=CARTESIAN_POINT('',(0.E0,3.5E-1,2.E0));
#1194=LINE('',#1193,#1192);
#1195=DIRECTION('',(0.E0,0.E0,-1.E0));
#1196=VECTOR('',#1195,1.2E0);
#1197=CARTESIAN_POINT('',(0.E0,-3.5E-1,2.E0));
#1198=LINE('',#1197,#1196);
#1199=CARTESIAN_POINT('',(0.E0,-3.5E-1,8.E-1));
#1200=CARTESIAN_POINT('',(-7.323730640090E-2,-3.5E-1,8.E-1));
#1201=CARTESIAN_POINT('',(-2.197119192027E-1,-3.024075133026E-1,8.E-1));
#1202=CARTESIAN_POINT('',(-3.555013530034E-1,-1.155093916283E-1,8.E-1));
#1203=CARTESIAN_POINT('',(-3.555013530034E-1,1.155093916283E-1,8.E-1));
#1204=CARTESIAN_POINT('',(-2.197119192027E-1,3.024075133026E-1,8.E-1));
#1205=CARTESIAN_POINT('',(-7.323730640090E-2,3.5E-1,8.E-1));
#1206=CARTESIAN_POINT('',(0.E0,3.5E-1,8.E-1));
#1208=CARTESIAN_POINT('',(0.E0,-3.5E-1,8.E-1));
#1209=CARTESIAN_POINT('',(0.E0,-3.5E-1,7.397861408062E-1));
#1210=CARTESIAN_POINT('',(0.E0,-3.405221651621E-1,6.193591299891E-1));
#1211=CARTESIAN_POINT('',(0.E0,-2.982219720391E-1,4.431660250512E-1));
#1212=CARTESIAN_POINT('',(0.E0,-2.288799091182E-1,2.757595086190E-1));
#1213=CARTESIAN_POINT('',(0.E0,-1.342034083879E-1,1.212614922701E-1));
#1214=CARTESIAN_POINT('',(0.E0,-1.652371851734E-2,-1.652371851734E-2));
#1215=CARTESIAN_POINT('',(0.E0,1.212614922701E-1,-1.342034083879E-1));
#1216=CARTESIAN_POINT('',(0.E0,2.757595086190E-1,-2.288799091182E-1));
#1217=CARTESIAN_POINT('',(0.E0,4.431660250512E-1,-2.982219720391E-1));
#1218=CARTESIAN_POINT('',(0.E0,6.193591299891E-1,-3.405221651621E-1));
#1219=CARTESIAN_POINT('',(0.E0,7.397861408063E-1,-3.5E-1));
#1220=CARTESIAN_POINT('',(0.E0,8.E-1,-3.5E-1));
#1222=CARTESIAN_POINT('',(0.E0,3.5E-1,8.E-1));
#1223=CARTESIAN_POINT('',(7.323730640090E-2,3.5E-1,8.E-1));
#1224=CARTESIAN_POINT('',(2.197119192027E-1,3.024075133026E-1,8.E-1));
#1225=CARTESIAN_POINT('',(3.555013530034E-1,1.155093916283E-1,8.E-1));
#1226=CARTESIAN_POINT('',(3.555013530034E-1,-1.155093916283E-1,8.E-1));
#1227=CARTESIAN_POINT('',(2.197119192027E-1,-3.024075133026E-1,8.E-1));
#1228=CARTESIAN_POINT('',(7.323730640090E-2,-3.5E-1,8.E-1));
#1229=CARTESIAN_POINT('',(0.E0,-3.5E-1,8.E-1));
#1231=CARTESIAN_POINT('',(0.E0,3.5E-1,8.E-1));
#1232=CARTESIAN_POINT('',(0.E0,3.5E-1,7.705475688726E-1));
#1233=CARTESIAN_POINT('',(0.E0,3.558015744659E-1,7.116435529717E-1));
#1234=CARTESIAN_POINT('',(0.E0,3.815742322806E-1,6.266823418467E-1));
#1235=CARTESIAN_POINT('',(0.E0,4.234267586313E-1,5.483818122558E-1));
#1236=CARTESIAN_POINT('',(0.E0,4.797507799773E-1,4.797507799773E-1));
#1237=CARTESIAN_POINT('',(0.E0,5.483818122558E-1,4.234267586313E-1));
#1238=CARTESIAN_POINT('',(0.E0,6.266823418467E-1,3.815742322806E-1));
#1239=CARTESIAN_POINT('',(0.E0,7.116435529717E-1,3.558015744659E-1));
#1240=CARTESIAN_POINT('',(0.E0,7.705475688726E-1,3.5E-1));
#1241=CARTESIAN_POINT('',(0.E0,8.E-1,3.5E-1));
#1243=CARTESIAN_POINT('',(0.E0,2.5E0,0.E0));
#1244=DIRECTION('',(0.E0,1.E0,0.E0));
#1245=DIRECTION('',(0.E0,0.E0,1.E0));
#1246=AXIS2_PLACEMENT_3D('',#1243,#1244,#1245);
#1248=CARTESIAN_POINT('',(0.E0,2.5E0,0.E0));
#1249=DIRECTION('',(0.E0,1.E0,0.E0));
#1250=DIRECTION('',(1.E0,0.E0,0.E0));
#1251=AXIS2_PLACEMENT_3D('',#1248,#1249,#1250);
#1253=CARTESIAN_POINT('',(0.E0,8.E-1,3.5E-1));
#1254=CARTESIAN_POINT('',(7.323730640090E-2,8.E-1,3.5E-1));
#1255=CARTESIAN_POINT('',(2.197119192027E-1,8.E-1,3.024075133026E-1));
#1256=CARTESIAN_POINT('',(3.555013530034E-1,8.E-1,1.155093916283E-1));
#1257=CARTESIAN_POINT('',(3.555013530034E-1,8.E-1,-1.155093916283E-1));
#1258=CARTESIAN_POINT('',(2.197119192027E-1,8.E-1,-3.024075133026E-1));
#1259=CARTESIAN_POINT('',(7.323730640090E-2,8.E-1,-3.5E-1));
#1260=CARTESIAN_POINT('',(0.E0,8.E-1,-3.5E-1));
#1262=DIRECTION('',(0.E0,1.E0,0.E0));
#1263=VECTOR('',#1262,1.7E0);
#1264=CARTESIAN_POINT('',(0.E0,8.E-1,3.5E-1));
#1265=LINE('',#1264,#1263);
#1266=CARTESIAN_POINT('',(1.E0,3.5E0,0.E0));
#1267=DIRECTION('',(-1.E0,0.E0,0.E0));
#1268=DIRECTION('',(0.E0,-1.E0,0.E0));
#1269=AXIS2_PLACEMENT_3D('',#1266,#1267,#1268);
#1271=CARTESIAN_POINT('',(1.E0,2.5E0,0.E0));
#1272=DIRECTION('',(0.E0,0.E0,1.E0));
#1273=DIRECTION('',(0.E0,1.E0,0.E0));
#1274=AXIS2_PLACEMENT_3D('',#1271,#1272,#1273);
#1276=CARTESIAN_POINT('',(0.E0,2.5E0,0.E0));
#1277=DIRECTION('',(0.E0,1.E0,0.E0));
#1278=DIRECTION('',(-1.E0,0.E0,0.E0));
#1279=AXIS2_PLACEMENT_3D('',#1276,#1277,#1278);
#1281=CARTESIAN_POINT('',(0.E0,8.E-1,-3.5E-1));
#1282=CARTESIAN_POINT('',(-7.323730640090E-2,8.E-1,-3.5E-1));
#1283=CARTESIAN_POINT('',(-2.197119192027E-1,8.E-1,-3.024075133026E-1));
#1284=CARTESIAN_POINT('',(-3.555013530034E-1,8.E-1,-1.155093916283E-1));
#1285=CARTESIAN_POINT('',(-3.555013530034E-1,8.E-1,1.155093916283E-1));
#1286=CARTESIAN_POINT('',(-2.197119192027E-1,8.E-1,3.024075133026E-1));
#1287=CARTESIAN_POINT('',(-7.323730640090E-2,8.E-1,3.5E-1));
#1288=CARTESIAN_POINT('',(0.E0,8.E-1,3.5E-1));
#1290=DIRECTION('',(0.E0,1.E0,0.E0));
#1291=VECTOR('',#1290,1.7E0);
#1292=CARTESIAN_POINT('',(0.E0,8.E-1,-3.5E-1));
#1293=LINE('',#1292,#1291);
#1294=CARTESIAN_POINT('',(0.E0,2.5E0,0.E0));
#1295=DIRECTION('',(0.E0,1.E0,0.E0));
#1296=DIRECTION('',(0.E0,0.E0,-1.E0));
#1297=AXIS2_PLACEMENT_3D('',#1294,#1295,#1296);
#1299=CARTESIAN_POINT('',(1.E0,3.5E0,0.E0));
#1300=DIRECTION('',(-1.E0,0.E0,0.E0));
#1301=DIRECTION('',(0.E0,1.E0,0.E0));
#1302=AXIS2_PLACEMENT_3D('',#1299,#1300,#1301);
#1304=CARTESIAN_POINT('',(1.E0,2.5E0,0.E0));
#1305=DIRECTION('',(0.E0,0.E0,1.E0));
#1306=DIRECTION('',(0.E0,1.E0,0.E0));
#1307=AXIS2_PLACEMENT_3D('',#1304,#1305,#1306);
#1309=CARTESIAN_POINT('',(1.5E0,3.5E0,0.E0));
#1310=DIRECTION('',(-1.E0,0.E0,0.E0));
#1311=DIRECTION('',(0.E0,1.E0,0.E0));
#1312=AXIS2_PLACEMENT_3D('',#1309,#1310,#1311);
#1314=DIRECTION('',(-1.E0,0.E0,0.E0));
#1315=VECTOR('',#1314,5.E-1);
#1316=CARTESIAN_POINT('',(1.5E0,3.85E0,0.E0));
#1317=LINE('',#1316,#1315);
#1318=CARTESIAN_POINT('',(2.5E0,2.5E0,0.E0));
#1319=DIRECTION('',(0.E0,1.E0,0.E0));
#1320=DIRECTION('',(1.E0,0.E0,0.E0));
#1321=AXIS2_PLACEMENT_3D('',#1318,#1319,#1320);
#1323=CARTESIAN_POINT('',(1.5E0,2.5E0,0.E0));
#1324=DIRECTION('',(0.E0,0.E0,1.E0));
#1325=DIRECTION('',(1.E0,0.E0,0.E0));
#1326=AXIS2_PLACEMENT_3D('',#1323,#1324,#1325);
#1328=CARTESIAN_POINT('',(2.5E0,-2.637324521102E0,0.E0));
#1329=DIRECTION('',(0.E0,1.E0,0.E0));
#1330=DIRECTION('',(1.E0,0.E0,0.E0));
#1331=AXIS2_PLACEMENT_3D('',#1328,#1329,#1330);
#1333=DIRECTION('',(0.E0,1.E0,0.E0));
#1334=VECTOR('',#1333,5.137324521102E0);
#1335=CARTESIAN_POINT('',(2.85E0,-2.637324521102E0,0.E0));
#1336=LINE('',#1335,#1334);
#1337=CARTESIAN_POINT('',(2.185913821945E0,-3.181337739449E0,0.E0));
#1338=DIRECTION('',(8.660254037844E-1,5.E-1,0.E0));
#1339=DIRECTION('',(5.E-1,-8.660254037844E-1,0.E0));
#1340=AXIS2_PLACEMENT_3D('',#1337,#1338,#1339);
#1342=CARTESIAN_POINT('',(1.871827643890E0,-2.637324521102E0,0.E0));
#1343=DIRECTION('',(0.E0,0.E0,1.E0));
#1344=DIRECTION('',(5.E-1,-8.660254037844E-1,0.E0));
#1345=AXIS2_PLACEMENT_3D('',#1342,#1343,#1344);
#1347=DIRECTION('',(8.660254037844E-1,5.E-1,0.E0));
#1348=VECTOR('',#1347,1.637324521102E0);
#1349=CARTESIAN_POINT('',(9.429491924311E-1,-4.303108891325E0,0.E0));
#1350=LINE('',#1349,#1348);
#1351=CARTESIAN_POINT('',(7.679491924311E-1,-4.E0,0.E0));
#1352=DIRECTION('',(8.660254037844E-1,5.E-1,0.E0));
#1353=DIRECTION('',(-5.E-1,8.660254037844E-1,0.E0));
#1354=AXIS2_PLACEMENT_3D('',#1351,#1352,#1353);
#1356=CARTESIAN_POINT('',(7.679491924311E-1,-4.E0,0.E0));
#1357=DIRECTION('',(8.660254037844E-1,5.E-1,0.E0));
#1358=DIRECTION('',(5.E-1,-8.660254037844E-1,0.E0));
#1359=AXIS2_PLACEMENT_3D('',#1356,#1357,#1358);
#1361=DIRECTION('',(8.660254037844E-1,5.E-1,0.E0));
#1362=VECTOR('',#1361,1.637324521102E0);
#1363=CARTESIAN_POINT('',(5.929491924311E-1,-3.696891108675E0,0.E0));
#1364=LINE('',#1363,#1362);
#1365=CARTESIAN_POINT('',(2.185913821945E0,-3.181337739449E0,0.E0));
#1366=DIRECTION('',(8.660254037844E-1,5.E-1,0.E0));
#1367=DIRECTION('',(-5.E-1,8.660254037844E-1,0.E0));
#1368=AXIS2_PLACEMENT_3D('',#1365,#1366,#1367);
#1370=CARTESIAN_POINT('',(1.871827643890E0,-2.637324521102E0,0.E0));
#1371=DIRECTION('',(0.E0,0.E0,1.E0));
#1372=DIRECTION('',(5.E-1,-8.660254037844E-1,0.E0));
#1373=AXIS2_PLACEMENT_3D('',#1370,#1371,#1372);
#1375=CARTESIAN_POINT('',(2.5E0,-2.637324521102E0,0.E0));
#1376=DIRECTION('',(0.E0,1.E0,0.E0));
#1377=DIRECTION('',(-1.E0,0.E0,0.E0));
#1378=AXIS2_PLACEMENT_3D('',#1375,#1376,#1377);
#1380=DIRECTION('',(0.E0,1.E0,0.E0));
#1381=VECTOR('',#1380,5.137324521102E0);
#1382=CARTESIAN_POINT('',(2.15E0,-2.637324521102E0,0.E0));
#1383=LINE('',#1382,#1381);
#1384=CARTESIAN_POINT('',(2.5E0,2.5E0,0.E0));
#1385=DIRECTION('',(0.E0,1.E0,0.E0));
#1386=DIRECTION('',(-1.E0,0.E0,0.E0));
#1387=AXIS2_PLACEMENT_3D('',#1384,#1385,#1386);
#1389=CARTESIAN_POINT('',(1.5E0,2.5E0,0.E0));
#1390=DIRECTION('',(0.E0,0.E0,1.E0));
#1391=DIRECTION('',(1.E0,0.E0,0.E0));
#1392=AXIS2_PLACEMENT_3D('',#1389,#1390,#1391);
#1394=CARTESIAN_POINT('',(1.5E0,3.5E0,0.E0));
#1395=DIRECTION('',(-1.E0,0.E0,0.E0));
#1396=DIRECTION('',(0.E0,-1.E0,0.E0));
#1397=AXIS2_PLACEMENT_3D('',#1394,#1395,#1396);
#1399=DIRECTION('',(-1.E0,0.E0,0.E0));
#1400=VECTOR('',#1399,5.E-1);
#1401=CARTESIAN_POINT('',(1.5E0,3.15E0,0.E0));
#1402=LINE('',#1401,#1400);
#1403=DIRECTION('',(0.E0,0.E0,1.E0));
#1404=VECTOR('',#1403,5.E-1);
#1405=CARTESIAN_POINT('',(0.E0,1.5E-1,2.E0));
#1406=LINE('',#1405,#1404);
#1407=DIRECTION('',(0.E0,0.E0,1.E0));
#1408=VECTOR('',#1407,5.E-1);
#1409=CARTESIAN_POINT('',(0.E0,-1.5E-1,2.E0));
#1410=LINE('',#1409,#1408);
#1411=CARTESIAN_POINT('',(0.E0,0.E0,2.5E0));
#1412=DIRECTION('',(0.E0,0.E0,1.E0));
#1413=DIRECTION('',(0.E0,1.E0,0.E0));
#1414=AXIS2_PLACEMENT_3D('',#1411,#1412,#1413);
#1416=CARTESIAN_POINT('',(0.E0,0.E0,2.5E0));
#1417=DIRECTION('',(0.E0,0.E0,1.E0));
#1418=DIRECTION('',(0.E0,-1.E0,0.E0));
#1419=AXIS2_PLACEMENT_3D('',#1416,#1417,#1418);
#1421=VERTEX_POINT('',#1163);
#1422=VERTEX_POINT('',#1170);
#1423=VERTEX_POINT('',#1222);
#1424=VERTEX_POINT('',#1229);
#1425=VERTEX_POINT('',#1253);
#1426=VERTEX_POINT('',#1260);
#1427=CARTESIAN_POINT('',(5.929491924311E-1,-3.696891108675E0,0.E0));
#1428=CARTESIAN_POINT('',(9.429491924311E-1,-4.303108891325E0,0.E0));
#1429=VERTEX_POINT('',#1427);
#1430=VERTEX_POINT('',#1428);
#1431=CARTESIAN_POINT('',(2.010913821945E0,-2.878228848124E0,0.E0));
#1432=CARTESIAN_POINT('',(2.360913821945E0,-3.484446630773E0,0.E0));
#1433=VERTEX_POINT('',#1431);
#1434=VERTEX_POINT('',#1432);
#1435=CARTESIAN_POINT('',(2.15E0,-2.637324521102E0,0.E0));
#1436=CARTESIAN_POINT('',(2.85E0,-2.637324521102E0,0.E0));
#1437=VERTEX_POINT('',#1435);
#1438=VERTEX_POINT('',#1436);
#1439=CARTESIAN_POINT('',(2.15E0,2.5E0,0.E0));
#1440=CARTESIAN_POINT('',(2.85E0,2.5E0,0.E0));
#1441=VERTEX_POINT('',#1439);
#1442=VERTEX_POINT('',#1440);
#1443=CARTESIAN_POINT('',(1.5E0,3.15E0,0.E0));
#1444=CARTESIAN_POINT('',(1.5E0,3.85E0,0.E0));
#1445=VERTEX_POINT('',#1443);
#1446=VERTEX_POINT('',#1444);
#1447=CARTESIAN_POINT('',(1.E0,3.15E0,0.E0));
#1448=CARTESIAN_POINT('',(1.E0,3.85E0,0.E0));
#1449=VERTEX_POINT('',#1447);
#1450=VERTEX_POINT('',#1448);
#1451=CARTESIAN_POINT('',(-3.5E-1,2.5E0,0.E0));
#1452=CARTESIAN_POINT('',(0.E0,2.5E0,3.5E-1));
#1453=VERTEX_POINT('',#1451);
#1454=VERTEX_POINT('',#1452);
#1455=CARTESIAN_POINT('',(3.5E-1,2.5E0,0.E0));
#1456=VERTEX_POINT('',#1455);
#1457=CARTESIAN_POINT('',(0.E0,2.5E0,-3.5E-1));
#1458=VERTEX_POINT('',#1457);
#1459=CARTESIAN_POINT('',(0.E0,1.5E-1,2.5E0));
#1460=CARTESIAN_POINT('',(0.E0,-1.5E-1,2.5E0));
#1461=VERTEX_POINT('',#1459);
#1462=VERTEX_POINT('',#1460);
#1463=CARTESIAN_POINT('',(0.E0,1.5E-1,2.E0));
#1464=CARTESIAN_POINT('',(0.E0,-1.5E-1,2.E0));
#1465=VERTEX_POINT('',#1463);
#1466=VERTEX_POINT('',#1464);
#1467=CARTESIAN_POINT('',(0.E0,0.E0,2.E0));
#1468=DIRECTION('',(0.E0,0.E0,-1.E0));
#1469=DIRECTION('',(0.E0,1.E0,0.E0));
#1470=AXIS2_PLACEMENT_3D('',#1467,#1468,#1469);
#1471=PLANE('',#1470);
#1473=ORIENTED_EDGE('',*,*,#1472,.T.);
#1475=ORIENTED_EDGE('',*,*,#1474,.T.);
#1476=EDGE_LOOP('',(#1473,#1475));
#1477=FACE_OUTER_BOUND('',#1476,.F.);
#1479=ORIENTED_EDGE('',*,*,#1478,.T.);
#1481=ORIENTED_EDGE('',*,*,#1480,.T.);
#1482=EDGE_LOOP('',(#1479,#1481));
#1483=FACE_BOUND('',#1482,.F.);
#1485=FILL_AREA_STYLE_COLOUR('',#1162);
#1486=FILL_AREA_STYLE('',(#1485));
#1487=SURFACE_STYLE_FILL_AREA(#1486);
#1488=SURFACE_SIDE_STYLE('',(#1487));
#1489=SURFACE_STYLE_USAGE(.POSITIVE.,#1488);
#1490=PRESENTATION_STYLE_ASSIGNMENT((#1489));
#1491=STYLED_ITEM('',(#1490),#1484);
#1492=CARTESIAN_POINT('',(-2.195720483937E-2,3.492906573776E-1,2.024E0));
#1493=CARTESIAN_POINT('',(-2.195720483937E-2,3.492906573776E-1,
1.608000000001E0));
#1494=CARTESIAN_POINT('',(-2.195720483937E-2,3.492906573776E-1,
1.191999999999E0));
#1495=CARTESIAN_POINT('',(-2.195720483937E-2,3.492906573776E-1,7.76E-1));
#1496=CARTESIAN_POINT('',(-1.464746128018E-2,3.497620375665E-1,2.024E0));
#1497=CARTESIAN_POINT('',(-1.464746128018E-2,3.497620375665E-1,
1.608000000001E0));
#1498=CARTESIAN_POINT('',(-1.464746128018E-2,3.497620375665E-1,
1.191999999999E0));
#1499=CARTESIAN_POINT('',(-1.464746128018E-2,3.497620375665E-1,7.76E-1));
#1500=CARTESIAN_POINT('',(6.591357576081E-2,3.523796243349E-1,2.024E0));
#1501=CARTESIAN_POINT('',(6.591357576081E-2,3.523796243349E-1,
1.608000000001E0));
#1502=CARTESIAN_POINT('',(6.591357576081E-2,3.523796243349E-1,
1.191999999999E0));
#1503=CARTESIAN_POINT('',(6.591357576081E-2,3.523796243349E-1,7.76E-1));
#1504=CARTESIAN_POINT('',(2.197119192027E-1,3.024075133026E-1,2.024E0));
#1505=CARTESIAN_POINT('',(2.197119192027E-1,3.024075133026E-1,
1.608000000001E0));
#1506=CARTESIAN_POINT('',(2.197119192027E-1,3.024075133026E-1,
1.191999999999E0));
#1507=CARTESIAN_POINT('',(2.197119192027E-1,3.024075133026E-1,7.76E-1));
#1508=CARTESIAN_POINT('',(3.555013530034E-1,1.155093916283E-1,2.024E0));
#1509=CARTESIAN_POINT('',(3.555013530034E-1,1.155093916283E-1,
1.608000000001E0));
#1510=CARTESIAN_POINT('',(3.555013530034E-1,1.155093916283E-1,
1.191999999999E0));
#1511=CARTESIAN_POINT('',(3.555013530034E-1,1.155093916283E-1,7.76E-1));
#1512=CARTESIAN_POINT('',(3.555013530034E-1,-1.155093916283E-1,2.024E0));
#1513=CARTESIAN_POINT('',(3.555013530034E-1,-1.155093916283E-1,
1.608000000001E0));
#1514=CARTESIAN_POINT('',(3.555013530034E-1,-1.155093916283E-1,
1.191999999999E0));
#1515=CARTESIAN_POINT('',(3.555013530034E-1,-1.155093916283E-1,7.76E-1));
#1516=CARTESIAN_POINT('',(2.197119192027E-1,-3.024075133026E-1,2.024E0));
#1517=CARTESIAN_POINT('',(2.197119192027E-1,-3.024075133026E-1,
1.608000000001E0));
#1518=CARTESIAN_POINT('',(2.197119192027E-1,-3.024075133026E-1,
1.191999999999E0));
#1519=CARTESIAN_POINT('',(2.197119192027E-1,-3.024075133026E-1,7.76E-1));
#1520=CARTESIAN_POINT('',(6.591357576081E-2,-3.523796243349E-1,2.024E0));
#1521=CARTESIAN_POINT('',(6.591357576081E-2,-3.523796243349E-1,
1.608000000001E0));
#1522=CARTESIAN_POINT('',(6.591357576081E-2,-3.523796243349E-1,
1.191999999999E0));
#1523=CARTESIAN_POINT('',(6.591357576081E-2,-3.523796243349E-1,7.76E-1));
#1524=CARTESIAN_POINT('',(-1.464746128018E-2,-3.497620375665E-1,2.024E0));
#1525=CARTESIAN_POINT('',(-1.464746128018E-2,-3.497620375665E-1,
1.608000000001E0));
#1526=CARTESIAN_POINT('',(-1.464746128018E-2,-3.497620375665E-1,
1.191999999999E0));
#1527=CARTESIAN_POINT('',(-1.464746128018E-2,-3.497620375665E-1,7.76E-1));
#1528=CARTESIAN_POINT('',(-2.195720483937E-2,-3.492906573776E-1,2.024E0));
#1529=CARTESIAN_POINT('',(-2.195720483937E-2,-3.492906573776E-1,
1.608000000001E0));
#1530=CARTESIAN_POINT('',(-2.195720483937E-2,-3.492906573776E-1,
1.191999999999E0));
#1531=CARTESIAN_POINT('',(-2.195720483937E-2,-3.492906573776E-1,7.76E-1));
#1532=B_SPLINE_SURFACE_WITH_KNOTS('',3,3,((#1492,#1493,#1494,#1495),(#1496,
#1497,#1498,#1499),(#1500,#1501,#1502,#1503),(#1504,#1505,#1506,#1507),(#1508,
#1509,#1510,#1511),(#1512,#1513,#1514,#1515),(#1516,#1517,#1518,#1519),(#1520,
#1521,#1522,#1523),(#1524,#1525,#1526,#1527),(#1528,#1529,#1530,#1531)),
.UNSPECIFIED.,.F.,.F.,.F.,(4,1,1,1,1,1,1,4),(4,4),(-1.E-2,0.E0,1.E-1,2.E-1,
3.E-1,4.E-1,5.E-1,5.1E-1),(-2.E-2,1.02E0),.UNSPECIFIED.);
#1533=ORIENTED_EDGE('',*,*,#1472,.F.);
#1535=ORIENTED_EDGE('',*,*,#1534,.T.);
#1537=ORIENTED_EDGE('',*,*,#1536,.T.);
#1539=ORIENTED_EDGE('',*,*,#1538,.F.);
#1540=EDGE_LOOP('',(#1533,#1535,#1537,#1539));
#1541=FACE_OUTER_BOUND('',#1540,.F.);
#1543=FILL_AREA_STYLE_COLOUR('',#1162);
#1544=FILL_AREA_STYLE('',(#1543));
#1545=SURFACE_STYLE_FILL_AREA(#1544);
#1546=SURFACE_SIDE_STYLE('',(#1545));
#1547=SURFACE_STYLE_USAGE(.POSITIVE.,#1546);
#1548=PRESENTATION_STYLE_ASSIGNMENT((#1547));
#1549=STYLED_ITEM('',(#1548),#1542);
#1550=CARTESIAN_POINT('',(2.195720483937E-2,-3.492906573776E-1,2.024E0));
#1551=CARTESIAN_POINT('',(2.195720483937E-2,-3.492906573776E-1,
1.608000000001E0));
#1552=CARTESIAN_POINT('',(2.195720483937E-2,-3.492906573776E-1,
1.191999999999E0));
#1553=CARTESIAN_POINT('',(2.195720483937E-2,-3.492906573776E-1,7.76E-1));
#1554=CARTESIAN_POINT('',(1.464746128018E-2,-3.497620375665E-1,2.024E0));
#1555=CARTESIAN_POINT('',(1.464746128018E-2,-3.497620375665E-1,
1.608000000001E0));
#1556=CARTESIAN_POINT('',(1.464746128018E-2,-3.497620375665E-1,
1.191999999999E0));
#1557=CARTESIAN_POINT('',(1.464746128018E-2,-3.497620375665E-1,7.76E-1));
#1558=CARTESIAN_POINT('',(-6.591357576081E-2,-3.523796243349E-1,2.024E0));
#1559=CARTESIAN_POINT('',(-6.591357576081E-2,-3.523796243349E-1,
1.608000000001E0));
#1560=CARTESIAN_POINT('',(-6.591357576081E-2,-3.523796243349E-1,
1.191999999999E0));
#1561=CARTESIAN_POINT('',(-6.591357576081E-2,-3.523796243349E-1,7.76E-1));
#1562=CARTESIAN_POINT('',(-2.197119192027E-1,-3.024075133026E-1,2.024E0));
#1563=CARTESIAN_POINT('',(-2.197119192027E-1,-3.024075133026E-1,
1.608000000001E0));
#1564=CARTESIAN_POINT('',(-2.197119192027E-1,-3.024075133026E-1,
1.191999999999E0));
#1565=CARTESIAN_POINT('',(-2.197119192027E-1,-3.024075133026E-1,7.76E-1));
#1566=CARTESIAN_POINT('',(-3.555013530034E-1,-1.155093916283E-1,2.024E0));
#1567=CARTESIAN_POINT('',(-3.555013530034E-1,-1.155093916283E-1,
1.608000000001E0));
#1568=CARTESIAN_POINT('',(-3.555013530034E-1,-1.155093916283E-1,
1.191999999999E0));
#1569=CARTESIAN_POINT('',(-3.555013530034E-1,-1.155093916283E-1,7.76E-1));
#1570=CARTESIAN_POINT('',(-3.555013530034E-1,1.155093916283E-1,2.024E0));
#1571=CARTESIAN_POINT('',(-3.555013530034E-1,1.155093916283E-1,
1.608000000001E0));
#1572=CARTESIAN_POINT('',(-3.555013530034E-1,1.155093916283E-1,
1.191999999999E0));
#1573=CARTESIAN_POINT('',(-3.555013530034E-1,1.155093916283E-1,7.76E-1));
#1574=CARTESIAN_POINT('',(-2.197119192027E-1,3.024075133026E-1,2.024E0));
#1575=CARTESIAN_POINT('',(-2.197119192027E-1,3.024075133026E-1,
1.608000000001E0));
#1576=CARTESIAN_POINT('',(-2.197119192027E-1,3.024075133026E-1,
1.191999999999E0));
#1577=CARTESIAN_POINT('',(-2.197119192027E-1,3.024075133026E-1,7.76E-1));
#1578=CARTESIAN_POINT('',(-6.591357576081E-2,3.523796243349E-1,2.024E0));
#1579=CARTESIAN_POINT('',(-6.591357576081E-2,3.523796243349E-1,
1.608000000001E0));
#1580=CARTESIAN_POINT('',(-6.591357576081E-2,3.523796243349E-1,
1.191999999999E0));
#1581=CARTESIAN_POINT('',(-6.591357576081E-2,3.523796243349E-1,7.76E-1));
#1582=CARTESIAN_POINT('',(1.464746128018E-2,3.497620375665E-1,2.024E0));
#1583=CARTESIAN_POINT('',(1.464746128018E-2,3.497620375665E-1,
1.608000000001E0));
#1584=CARTESIAN_POINT('',(1.464746128018E-2,3.497620375665E-1,
1.191999999999E0));
#1585=CARTESIAN_POINT('',(1.464746128018E-2,3.497620375665E-1,7.76E-1));
#1586=CARTESIAN_POINT('',(2.195720483937E-2,3.492906573776E-1,2.024E0));
#1587=CARTESIAN_POINT('',(2.195720483937E-2,3.492906573776E-1,
1.608000000001E0));
#1588=CARTESIAN_POINT('',(2.195720483937E-2,3.492906573776E-1,
1.191999999999E0));
#1589=CARTESIAN_POINT('',(2.195720483937E-2,3.492906573776E-1,7.76E-1));
#1590=B_SPLINE_SURFACE_WITH_KNOTS('',3,3,((#1550,#1551,#1552,#1553),(#1554,
#1555,#1556,#1557),(#1558,#1559,#1560,#1561),(#1562,#1563,#1564,#1565),(#1566,
#1567,#1568,#1569),(#1570,#1571,#1572,#1573),(#1574,#1575,#1576,#1577),(#1578,
#1579,#1580,#1581),(#1582,#1583,#1584,#1585),(#1586,#1587,#1588,#1589)),
.UNSPECIFIED.,.F.,.F.,.F.,(4,1,1,1,1,1,1,4),(4,4),(4.9E-1,5.E-1,6.E-1,7.E-1,
8.E-1,9.E-1,1.E0,1.01E0),(-2.E-2,1.02E0),.UNSPECIFIED.);
#1591=ORIENTED_EDGE('',*,*,#1474,.F.);
#1592=ORIENTED_EDGE('',*,*,#1538,.T.);
#1594=ORIENTED_EDGE('',*,*,#1593,.T.);
#1595=ORIENTED_EDGE('',*,*,#1534,.F.);
#1596=EDGE_LOOP('',(#1591,#1592,#1594,#1595));
#1597=FACE_OUTER_BOUND('',#1596,.F.);
#1599=FILL_AREA_STYLE_COLOUR('',#1162);
#1600=FILL_AREA_STYLE('',(#1599));
#1601=SURFACE_STYLE_FILL_AREA(#1600);
#1602=SURFACE_SIDE_STYLE('',(#1601));
#1603=SURFACE_STYLE_USAGE(.POSITIVE.,#1602);
#1604=PRESENTATION_STYLE_ASSIGNMENT((#1603));
#1605=STYLED_ITEM('',(#1604),#1598);
#1606=CARTESIAN_POINT('',(2.195720483937E-2,-3.487235518160E-1,
8.361000919496E-1));
#1607=CARTESIAN_POINT('',(2.195720483937E-2,-3.512018093108E-1,
7.572406597970E-1));
#1608=CARTESIAN_POINT('',(2.195720483937E-2,-3.407212269955E-1,
6.110816281305E-1));
#1609=CARTESIAN_POINT('',(2.195720483937E-2,-2.854761066237E-1,
4.049187057660E-1));
#1610=CARTESIAN_POINT('',(2.195720483937E-2,-2.003811280503E-1,
2.224298160298E-1));
#1611=CARTESIAN_POINT('',(2.195720483937E-2,-8.488881490189E-2,
5.749005798177E-2));
#1612=CARTESIAN_POINT('',(2.195720483937E-2,5.749005798177E-2,
-8.488881490189E-2));
#1613=CARTESIAN_POINT('',(2.195720483937E-2,2.224298160298E-1,
-2.003811280503E-1));
#1614=CARTESIAN_POINT('',(2.195720483937E-2,4.049187057660E-1,
-2.854761066237E-1));
#1615=CARTESIAN_POINT('',(2.195720483937E-2,6.110816281304E-1,
-3.407212269955E-1));
#1616=CARTESIAN_POINT('',(2.195720483937E-2,7.572406597970E-1,
-3.512018093108E-1));
#1617=CARTESIAN_POINT('',(2.195720483937E-2,8.361000919495E-1,
-3.487235518160E-1));
#1618=CARTESIAN_POINT('',(1.464746128018E-2,-3.491946994072E-1,
8.361148983592E-1));
#1619=CARTESIAN_POINT('',(1.464746128018E-2,-3.516739733564E-1,
7.572231221048E-1));
#1620=CARTESIAN_POINT('',(1.464746128018E-2,-3.411890924428E-1,
6.110041434861E-1));
#1621=CARTESIAN_POINT('',(1.464746128018E-2,-2.859213133510E-1,
4.047566636456E-1));
#1622=CARTESIAN_POINT('',(1.464746128018E-2,-2.007914331738E-1,
2.221929263095E-1));
#1623=CARTESIAN_POINT('',(1.464746128018E-2,-8.525175099124E-2,
5.718551841688E-2));
#1624=CARTESIAN_POINT('',(1.464746128018E-2,5.718551841688E-2,
-8.525175099124E-2));
#1625=CARTESIAN_POINT('',(1.464746128018E-2,2.221929263095E-1,
-2.007914331738E-1));
#1626=CARTESIAN_POINT('',(1.464746128018E-2,4.047566636456E-1,
-2.859213133510E-1));
#1627=CARTESIAN_POINT('',(1.464746128018E-2,6.110041434861E-1,
-3.411890924428E-1));
#1628=CARTESIAN_POINT('',(1.464746128018E-2,7.572231221048E-1,
-3.516739733564E-1));
#1629=CARTESIAN_POINT('',(1.464746128018E-2,8.361148983590E-1,
-3.491946994072E-1));
#1630=CARTESIAN_POINT('',(-6.591357576081E-2,-3.518109945545E-1,
8.361971187465E-1));
#1631=CARTESIAN_POINT('',(-6.591357576081E-2,-3.542959129018E-1,
7.571257348316E-1));
#1632=CARTESIAN_POINT('',(-6.591357576081E-2,-3.437871617571E-1,
6.105738691884E-1));
#1633=CARTESIAN_POINT('',(-6.591357576081E-2,-2.883935581881E-1,
4.038568394265E-1));
#1634=CARTESIAN_POINT('',(-6.591357576081E-2,-2.030698684741E-1,
2.208774713707E-1));
#1635=CARTESIAN_POINT('',(-6.591357576081E-2,-8.726714478087E-2,
5.549440208602E-2));
#1636=CARTESIAN_POINT('',(-6.591357576081E-2,5.549440208602E-2,
-8.726714478087E-2));
#1637=CARTESIAN_POINT('',(-6.591357576081E-2,2.208774713707E-1,
-2.030698684741E-1));
#1638=CARTESIAN_POINT('',(-6.591357576081E-2,4.038568394265E-1,
-2.883935581881E-1));
#1639=CARTESIAN_POINT('',(-6.591357576081E-2,6.105738691883E-1,
-3.437871617571E-1));
#1640=CARTESIAN_POINT('',(-6.591357576081E-2,7.571257348317E-1,
-3.542959129018E-1));
#1641=CARTESIAN_POINT('',(-6.591357576081E-2,8.361971187464E-1,
-3.518109945545E-1));
#1642=CARTESIAN_POINT('',(-2.197119192027E-1,-3.018635417424E-1,
8.346274568063E-1));
#1643=CARTESIAN_POINT('',(-2.197119192027E-1,-3.042407033984E-1,
7.589849464093E-1));
#1644=CARTESIAN_POINT('',(-2.197119192027E-1,-2.941876566655E-1,
6.187881966907E-1));
#1645=CARTESIAN_POINT('',(-2.197119192027E-1,-2.411961567519E-1,
4.210353017898E-1));
#1646=CARTESIAN_POINT('',(-2.197119192027E-1,-1.595724672862E-1,
2.459907020204E-1));
#1647=CARTESIAN_POINT('',(-2.197119192027E-1,-4.879144516074E-2,
8.777935022068E-2));
#1648=CARTESIAN_POINT('',(-2.197119192027E-1,8.777935022068E-2,
-4.879144516074E-2));
#1649=CARTESIAN_POINT('',(-2.197119192027E-1,2.459907020204E-1,
-1.595724672862E-1));
#1650=CARTESIAN_POINT('',(-2.197119192027E-1,4.210353017898E-1,
-2.411961567519E-1));
#1651=CARTESIAN_POINT('',(-2.197119192027E-1,6.187881966907E-1,
-2.941876566655E-1));
#1652=CARTESIAN_POINT('',(-2.197119192027E-1,7.589849464091E-1,
-3.042407033984E-1));
#1653=CARTESIAN_POINT('',(-2.197119192027E-1,8.346274568062E-1,
-3.018635417424E-1));
#1654=CARTESIAN_POINT('',(-3.555013530034E-1,-1.150576430089E-1,
8.287568449342E-1));
#1655=CARTESIAN_POINT('',(-3.555013530034E-1,-1.170317894068E-1,
7.659384879844E-1));
#1656=CARTESIAN_POINT('',(-3.555013530034E-1,-1.086830993014E-1,
6.495101803992E-1));
#1657=CARTESIAN_POINT('',(-3.555013530034E-1,-6.467558369406E-2,
4.852835851349E-1));
#1658=CARTESIAN_POINT('',(-3.555013530034E-1,3.109925188581E-3,
3.399154040322E-1));
#1659=CARTESIAN_POINT('',(-3.555013530034E-1,9.510953961988E-2,
2.085266238515E-1));
#1660=CARTESIAN_POINT('',(-3.555013530034E-1,2.085266238515E-1,
9.510953961988E-2));
#1661=CARTESIAN_POINT('',(-3.555013530034E-1,3.399154040322E-1,
3.109925188581E-3));
#1662=CARTESIAN_POINT('',(-3.555013530034E-1,4.852835851349E-1,
-6.467558369406E-2));
#1663=CARTESIAN_POINT('',(-3.555013530034E-1,6.495101803991E-1,
-1.086830993014E-1));
#1664=CARTESIAN_POINT('',(-3.555013530034E-1,7.659384879844E-1,
-1.170317894068E-1));
#1665=CARTESIAN_POINT('',(-3.555013530034E-1,8.287568449341E-1,
-1.150576430089E-1));
#1666=CARTESIAN_POINT('',(-3.555013530034E-1,1.158471464237E-1,
8.215003695908E-1));
#1667=CARTESIAN_POINT('',(-3.555013530034E-1,1.143711542807E-1,
7.745335380556E-1));
#1668=CARTESIAN_POINT('',(-3.555013530034E-1,1.206131437366E-1,
6.874846406664E-1));
#1669=CARTESIAN_POINT('',(-3.555013530034E-1,1.535158440327E-1,
5.646988307870E-1));
#1670=CARTESIAN_POINT('',(-3.555013530034E-1,2.041964210297E-1,
4.560127204852E-1));
#1671=CARTESIAN_POINT('',(-3.555013530034E-1,2.729809388379E-1,
3.577784621570E-1));
#1672=CARTESIAN_POINT('',(-3.555013530034E-1,3.577784621570E-1,
2.729809388379E-1));
#1673=CARTESIAN_POINT('',(-3.555013530034E-1,4.560127204852E-1,
2.041964210297E-1));
#1674=CARTESIAN_POINT('',(-3.555013530034E-1,5.646988307870E-1,
1.535158440327E-1));
#1675=CARTESIAN_POINT('',(-3.555013530034E-1,6.874846406664E-1,
1.206131437366E-1));
#1676=CARTESIAN_POINT('',(-3.555013530034E-1,7.745335380556E-1,
1.143711542807E-1));
#1677=CARTESIAN_POINT('',(-3.555013530034E-1,8.215003695907E-1,
1.158471464237E-1));
#1678=CARTESIAN_POINT('',(-2.197119192027E-1,3.026530451573E-1,
8.156297577187E-1));
#1679=CARTESIAN_POINT('',(-2.197119192027E-1,3.015800682722E-1,
7.814870796308E-1));
#1680=CARTESIAN_POINT('',(-2.197119192027E-1,3.061177011007E-1,
7.182066243748E-1));
#1681=CARTESIAN_POINT('',(-2.197119192027E-1,3.300364170906E-1,
6.289471141320E-1));
#1682=CARTESIAN_POINT('',(-2.197119192027E-1,3.668788135044E-1,
5.499374224970E-1));
#1683=CARTESIAN_POINT('',(-2.197119192027E-1,4.168819236185E-1,
4.785257357878E-1));
#1684=CARTESIAN_POINT('',(-2.197119192027E-1,4.785257357878E-1,
4.168819236185E-1));
#1685=CARTESIAN_POINT('',(-2.197119192027E-1,5.499374224970E-1,
3.668788135044E-1));
#1686=CARTESIAN_POINT('',(-2.197119192027E-1,6.289471141320E-1,
3.300364170906E-1));
#1687=CARTESIAN_POINT('',(-2.197119192027E-1,7.182066243749E-1,
3.061177011007E-1));
#1688=CARTESIAN_POINT('',(-2.197119192027E-1,7.814870796305E-1,
3.015800682722E-1));
#1689=CARTESIAN_POINT('',(-2.197119192027E-1,8.156297577188E-1,
3.026530451573E-1));
#1690=CARTESIAN_POINT('',(-6.591357576081E-2,3.526004979693E-1,
8.140600957785E-1));
#1691=CARTESIAN_POINT('',(-6.591357576081E-2,3.516352777757E-1,
7.833462912084E-1));
#1692=CARTESIAN_POINT('',(-6.591357576081E-2,3.557172061922E-1,
7.264209518772E-1));
#1693=CARTESIAN_POINT('',(-6.591357576081E-2,3.772338185267E-1,
6.461255764953E-1));
#1694=CARTESIAN_POINT('',(-6.591357576081E-2,4.103762146924E-1,
5.750506531467E-1));
#1695=CARTESIAN_POINT('',(-6.591357576081E-2,4.553576232386E-1,
5.108106839225E-1));
#1696=CARTESIAN_POINT('',(-6.591357576081E-2,5.108106839225E-1,
4.553576232386E-1));
#1697=CARTESIAN_POINT('',(-6.591357576081E-2,5.750506531467E-1,
4.103762146924E-1));
#1698=CARTESIAN_POINT('',(-6.591357576081E-2,6.461255764953E-1,
3.772338185267E-1));
#1699=CARTESIAN_POINT('',(-6.591357576081E-2,7.264209518772E-1,
3.557172061922E-1));
#1700=CARTESIAN_POINT('',(-6.591357576081E-2,7.833462912084E-1,
3.516352777757E-1));
#1701=CARTESIAN_POINT('',(-6.591357576081E-2,8.140600957784E-1,
3.526004979693E-1));
#1702=CARTESIAN_POINT('',(1.464746128018E-2,3.499842028220E-1,
8.141423161658E-1));
#1703=CARTESIAN_POINT('',(1.464746128018E-2,3.490133382303E-1,
7.832489039353E-1));
#1704=CARTESIAN_POINT('',(1.464746128018E-2,3.531191368779E-1,
7.259906775794E-1));
#1705=CARTESIAN_POINT('',(1.464746128018E-2,3.747615736896E-1,
6.452257522763E-1));
#1706=CARTESIAN_POINT('',(1.464746128018E-2,4.080977793920E-1,
5.737351982079E-1));
#1707=CARTESIAN_POINT('',(1.464746128018E-2,4.533422294490E-1,
5.091195675916E-1));
#1708=CARTESIAN_POINT('',(1.464746128018E-2,5.091195675916E-1,
4.533422294490E-1));
#1709=CARTESIAN_POINT('',(1.464746128018E-2,5.737351982079E-1,
4.080977793920E-1));
#1710=CARTESIAN_POINT('',(1.464746128018E-2,6.452257522763E-1,
3.747615736896E-1));
#1711=CARTESIAN_POINT('',(1.464746128018E-2,7.259906775794E-1,
3.531191368779E-1));
#1712=CARTESIAN_POINT('',(1.464746128018E-2,7.832489039353E-1,
3.490133382303E-1));
#1713=CARTESIAN_POINT('',(1.464746128018E-2,8.141423161658E-1,
3.499842028220E-1));
#1714=CARTESIAN_POINT('',(2.195720483937E-2,3.495130552308E-1,
8.141571225754E-1));
#1715=CARTESIAN_POINT('',(2.195720483937E-2,3.485411741847E-1,
7.832313662430E-1));
#1716=CARTESIAN_POINT('',(2.195720483937E-2,3.526512714306E-1,
7.259131929351E-1));
#1717=CARTESIAN_POINT('',(2.195720483937E-2,3.743163669624E-1,
6.450637101559E-1));
#1718=CARTESIAN_POINT('',(2.195720483937E-2,4.076874742685E-1,
5.734983084876E-1));
#1719=CARTESIAN_POINT('',(2.195720483937E-2,4.529792933597E-1,
5.088150280267E-1));
#1720=CARTESIAN_POINT('',(2.195720483937E-2,5.088150280267E-1,
4.529792933597E-1));
#1721=CARTESIAN_POINT('',(2.195720483937E-2,5.734983084876E-1,
4.076874742685E-1));
#1722=CARTESIAN_POINT('',(2.195720483937E-2,6.450637101559E-1,
3.743163669624E-1));
#1723=CARTESIAN_POINT('',(2.195720483937E-2,7.259131929351E-1,
3.526512714306E-1));
#1724=CARTESIAN_POINT('',(2.195720483937E-2,7.832313662430E-1,
3.485411741847E-1));
#1725=CARTESIAN_POINT('',(2.195720483937E-2,8.141571225753E-1,
3.495130552308E-1));
#1726=B_SPLINE_SURFACE_WITH_KNOTS('',3,3,((#1606,#1607,#1608,#1609,#1610,#1611,
#1612,#1613,#1614,#1615,#1616,#1617),(#1618,#1619,#1620,#1621,#1622,#1623,#1624,
#1625,#1626,#1627,#1628,#1629),(#1630,#1631,#1632,#1633,#1634,#1635,#1636,#1637,
#1638,#1639,#1640,#1641),(#1642,#1643,#1644,#1645,#1646,#1647,#1648,#1649,#1650,
#1651,#1652,#1653),(#1654,#1655,#1656,#1657,#1658,#1659,#1660,#1661,#1662,#1663,
#1664,#1665),(#1666,#1667,#1668,#1669,#1670,#1671,#1672,#1673,#1674,#1675,#1676,
#1677),(#1678,#1679,#1680,#1681,#1682,#1683,#1684,#1685,#1686,#1687,#1688,
#1689),(#1690,#1691,#1692,#1693,#1694,#1695,#1696,#1697,#1698,#1699,#1700,
#1701),(#1702,#1703,#1704,#1705,#1706,#1707,#1708,#1709,#1710,#1711,#1712,
#1713),(#1714,#1715,#1716,#1717,#1718,#1719,#1720,#1721,#1722,#1723,#1724,
#1725)),.UNSPECIFIED.,.F.,.F.,.F.,(4,1,1,1,1,1,1,4),(4,1,1,1,1,1,1,1,1,4),(
4.9E-1,5.E-1,6.E-1,7.E-1,8.E-1,9.E-1,1.E0,1.01E0),(-2.E-2,1.111111111111E-1,
2.222222222222E-1,3.333333333333E-1,4.444444444444E-1,5.555555555556E-1,
6.666666666667E-1,7.777777777778E-1,8.888888888889E-1,1.02E0),.UNSPECIFIED.);
#1727=ORIENTED_EDGE('',*,*,#1593,.F.);
#1729=ORIENTED_EDGE('',*,*,#1728,.T.);
#1731=ORIENTED_EDGE('',*,*,#1730,.T.);
#1733=ORIENTED_EDGE('',*,*,#1732,.F.);
#1734=EDGE_LOOP('',(#1727,#1729,#1731,#1733));
#1735=FACE_OUTER_BOUND('',#1734,.F.);
#1737=FILL_AREA_STYLE_COLOUR('',#1162);
#1738=FILL_AREA_STYLE('',(#1737));
#1739=SURFACE_STYLE_FILL_AREA(#1738);
#1740=SURFACE_SIDE_STYLE('',(#1739));
#1741=SURFACE_STYLE_USAGE(.POSITIVE.,#1740);
#1742=PRESENTATION_STYLE_ASSIGNMENT((#1741));
#1743=STYLED_ITEM('',(#1742),#1736);
#1744=CARTESIAN_POINT('',(-2.195720483937E-2,3.495130552308E-1,
8.141571225754E-1));
#1745=CARTESIAN_POINT('',(-2.195720483937E-2,3.485411741847E-1,
7.832313662430E-1));
#1746=CARTESIAN_POINT('',(-2.195720483937E-2,3.526512714306E-1,
7.259131929351E-1));
#1747=CARTESIAN_POINT('',(-2.195720483937E-2,3.743163669624E-1,
6.450637101559E-1));
#1748=CARTESIAN_POINT('',(-2.195720483937E-2,4.076874742685E-1,
5.734983084876E-1));
#1749=CARTESIAN_POINT('',(-2.195720483937E-2,4.529792933597E-1,
5.088150280267E-1));
#1750=CARTESIAN_POINT('',(-2.195720483937E-2,5.088150280267E-1,
4.529792933597E-1));
#1751=CARTESIAN_POINT('',(-2.195720483937E-2,5.734983084876E-1,
4.076874742685E-1));
#1752=CARTESIAN_POINT('',(-2.195720483937E-2,6.450637101559E-1,
3.743163669624E-1));
#1753=CARTESIAN_POINT('',(-2.195720483937E-2,7.259131929351E-1,
3.526512714306E-1));
#1754=CARTESIAN_POINT('',(-2.195720483937E-2,7.832313662430E-1,
3.485411741847E-1));
#1755=CARTESIAN_POINT('',(-2.195720483937E-2,8.141571225753E-1,
3.495130552308E-1));
#1756=CARTESIAN_POINT('',(-1.464746128018E-2,3.499842028220E-1,
8.141423161658E-1));
#1757=CARTESIAN_POINT('',(-1.464746128018E-2,3.490133382303E-1,
7.832489039353E-1));
#1758=CARTESIAN_POINT('',(-1.464746128018E-2,3.531191368779E-1,
7.259906775794E-1));
#1759=CARTESIAN_POINT('',(-1.464746128018E-2,3.747615736896E-1,
6.452257522763E-1));
#1760=CARTESIAN_POINT('',(-1.464746128018E-2,4.080977793920E-1,
5.737351982079E-1));
#1761=CARTESIAN_POINT('',(-1.464746128018E-2,4.533422294490E-1,
5.091195675916E-1));
#1762=CARTESIAN_POINT('',(-1.464746128018E-2,5.091195675916E-1,
4.533422294490E-1));
#1763=CARTESIAN_POINT('',(-1.464746128018E-2,5.737351982079E-1,
4.080977793920E-1));
#1764=CARTESIAN_POINT('',(-1.464746128018E-2,6.452257522763E-1,
3.747615736896E-1));
#1765=CARTESIAN_POINT('',(-1.464746128018E-2,7.259906775794E-1,
3.531191368779E-1));
#1766=CARTESIAN_POINT('',(-1.464746128018E-2,7.832489039353E-1,
3.490133382303E-1));
#1767=CARTESIAN_POINT('',(-1.464746128018E-2,8.141423161658E-1,
3.499842028220E-1));
#1768=CARTESIAN_POINT('',(6.591357576081E-2,3.526004979693E-1,
8.140600957785E-1));
#1769=CARTESIAN_POINT('',(6.591357576081E-2,3.516352777757E-1,
7.833462912084E-1));
#1770=CARTESIAN_POINT('',(6.591357576081E-2,3.557172061922E-1,
7.264209518772E-1));
#1771=CARTESIAN_POINT('',(6.591357576081E-2,3.772338185267E-1,
6.461255764953E-1));
#1772=CARTESIAN_POINT('',(6.591357576081E-2,4.103762146924E-1,
5.750506531467E-1));
#1773=CARTESIAN_POINT('',(6.591357576081E-2,4.553576232386E-1,
5.108106839225E-1));
#1774=CARTESIAN_POINT('',(6.591357576081E-2,5.108106839225E-1,
4.553576232386E-1));
#1775=CARTESIAN_POINT('',(6.591357576081E-2,5.750506531467E-1,
4.103762146924E-1));
#1776=CARTESIAN_POINT('',(6.591357576081E-2,6.461255764953E-1,
3.772338185267E-1));
#1777=CARTESIAN_POINT('',(6.591357576081E-2,7.264209518772E-1,
3.557172061922E-1));
#1778=CARTESIAN_POINT('',(6.591357576081E-2,7.833462912084E-1,
3.516352777757E-1));
#1779=CARTESIAN_POINT('',(6.591357576081E-2,8.140600957784E-1,
3.526004979693E-1));
#1780=CARTESIAN_POINT('',(2.197119192027E-1,3.026530451573E-1,
8.156297577187E-1));
#1781=CARTESIAN_POINT('',(2.197119192027E-1,3.015800682722E-1,
7.814870796308E-1));
#1782=CARTESIAN_POINT('',(2.197119192027E-1,3.061177011007E-1,
7.182066243748E-1));
#1783=CARTESIAN_POINT('',(2.197119192027E-1,3.300364170906E-1,
6.289471141320E-1));
#1784=CARTESIAN_POINT('',(2.197119192027E-1,3.668788135044E-1,
5.499374224970E-1));
#1785=CARTESIAN_POINT('',(2.197119192027E-1,4.168819236185E-1,
4.785257357878E-1));
#1786=CARTESIAN_POINT('',(2.197119192027E-1,4.785257357878E-1,
4.168819236185E-1));
#1787=CARTESIAN_POINT('',(2.197119192027E-1,5.499374224970E-1,
3.668788135044E-1));
#1788=CARTESIAN_POINT('',(2.197119192027E-1,6.289471141320E-1,
3.300364170906E-1));
#1789=CARTESIAN_POINT('',(2.197119192027E-1,7.182066243748E-1,
3.061177011007E-1));
#1790=CARTESIAN_POINT('',(2.197119192027E-1,7.814870796306E-1,
3.015800682722E-1));
#1791=CARTESIAN_POINT('',(2.197119192027E-1,8.156297577187E-1,
3.026530451573E-1));
#1792=CARTESIAN_POINT('',(3.555013530034E-1,1.158471464237E-1,
8.215003695908E-1));
#1793=CARTESIAN_POINT('',(3.555013530034E-1,1.143711542807E-1,
7.745335380556E-1));
#1794=CARTESIAN_POINT('',(3.555013530034E-1,1.206131437366E-1,
6.874846406664E-1));
#1795=CARTESIAN_POINT('',(3.555013530034E-1,1.535158440327E-1,
5.646988307870E-1));
#1796=CARTESIAN_POINT('',(3.555013530034E-1,2.041964210297E-1,
4.560127204852E-1));
#1797=CARTESIAN_POINT('',(3.555013530034E-1,2.729809388379E-1,
3.577784621570E-1));
#1798=CARTESIAN_POINT('',(3.555013530034E-1,3.577784621570E-1,
2.729809388379E-1));
#1799=CARTESIAN_POINT('',(3.555013530034E-1,4.560127204852E-1,
2.041964210297E-1));
#1800=CARTESIAN_POINT('',(3.555013530034E-1,5.646988307870E-1,
1.535158440327E-1));
#1801=CARTESIAN_POINT('',(3.555013530034E-1,6.874846406665E-1,
1.206131437366E-1));
#1802=CARTESIAN_POINT('',(3.555013530034E-1,7.745335380554E-1,
1.143711542807E-1));
#1803=CARTESIAN_POINT('',(3.555013530034E-1,8.215003695909E-1,
1.158471464237E-1));
#1804=CARTESIAN_POINT('',(3.555013530034E-1,-1.150576430089E-1,
8.287568449342E-1));
#1805=CARTESIAN_POINT('',(3.555013530034E-1,-1.170317894068E-1,
7.659384879844E-1));
#1806=CARTESIAN_POINT('',(3.555013530034E-1,-1.086830993014E-1,
6.495101803992E-1));
#1807=CARTESIAN_POINT('',(3.555013530034E-1,-6.467558369406E-2,
4.852835851349E-1));
#1808=CARTESIAN_POINT('',(3.555013530034E-1,3.109925188581E-3,
3.399154040322E-1));
#1809=CARTESIAN_POINT('',(3.555013530034E-1,9.510953961988E-2,
2.085266238515E-1));
#1810=CARTESIAN_POINT('',(3.555013530034E-1,2.085266238515E-1,
9.510953961988E-2));
#1811=CARTESIAN_POINT('',(3.555013530034E-1,3.399154040322E-1,
3.109925188581E-3));
#1812=CARTESIAN_POINT('',(3.555013530034E-1,4.852835851349E-1,
-6.467558369406E-2));
#1813=CARTESIAN_POINT('',(3.555013530034E-1,6.495101803991E-1,
-1.086830993014E-1));
#1814=CARTESIAN_POINT('',(3.555013530034E-1,7.659384879844E-1,
-1.170317894068E-1));
#1815=CARTESIAN_POINT('',(3.555013530034E-1,8.287568449341E-1,
-1.150576430089E-1));
#1816=CARTESIAN_POINT('',(2.197119192027E-1,-3.018635417424E-1,
8.346274568063E-1));
#1817=CARTESIAN_POINT('',(2.197119192027E-1,-3.042407033984E-1,
7.589849464093E-1));
#1818=CARTESIAN_POINT('',(2.197119192027E-1,-2.941876566655E-1,
6.187881966907E-1));
#1819=CARTESIAN_POINT('',(2.197119192027E-1,-2.411961567519E-1,
4.210353017898E-1));
#1820=CARTESIAN_POINT('',(2.197119192027E-1,-1.595724672862E-1,
2.459907020204E-1));
#1821=CARTESIAN_POINT('',(2.197119192027E-1,-4.879144516074E-2,
8.777935022068E-2));
#1822=CARTESIAN_POINT('',(2.197119192027E-1,8.777935022068E-2,
-4.879144516074E-2));
#1823=CARTESIAN_POINT('',(2.197119192027E-1,2.459907020204E-1,
-1.595724672862E-1));
#1824=CARTESIAN_POINT('',(2.197119192027E-1,4.210353017898E-1,
-2.411961567519E-1));
#1825=CARTESIAN_POINT('',(2.197119192027E-1,6.187881966908E-1,
-2.941876566655E-1));
#1826=CARTESIAN_POINT('',(2.197119192027E-1,7.589849464091E-1,
-3.042407033984E-1));
#1827=CARTESIAN_POINT('',(2.197119192027E-1,8.346274568062E-1,
-3.018635417424E-1));
#1828=CARTESIAN_POINT('',(6.591357576081E-2,-3.518109945545E-1,
8.361971187465E-1));
#1829=CARTESIAN_POINT('',(6.591357576081E-2,-3.542959129018E-1,
7.571257348316E-1));
#1830=CARTESIAN_POINT('',(6.591357576081E-2,-3.437871617571E-1,
6.105738691884E-1));
#1831=CARTESIAN_POINT('',(6.591357576081E-2,-2.883935581881E-1,
4.038568394265E-1));
#1832=CARTESIAN_POINT('',(6.591357576081E-2,-2.030698684741E-1,
2.208774713707E-1));
#1833=CARTESIAN_POINT('',(6.591357576081E-2,-8.726714478087E-2,
5.549440208602E-2));
#1834=CARTESIAN_POINT('',(6.591357576081E-2,5.549440208602E-2,
-8.726714478087E-2));
#1835=CARTESIAN_POINT('',(6.591357576081E-2,2.208774713707E-1,
-2.030698684741E-1));
#1836=CARTESIAN_POINT('',(6.591357576081E-2,4.038568394265E-1,
-2.883935581881E-1));
#1837=CARTESIAN_POINT('',(6.591357576081E-2,6.105738691883E-1,
-3.437871617571E-1));
#1838=CARTESIAN_POINT('',(6.591357576081E-2,7.571257348317E-1,
-3.542959129018E-1));
#1839=CARTESIAN_POINT('',(6.591357576081E-2,8.361971187464E-1,
-3.518109945545E-1));
#1840=CARTESIAN_POINT('',(-1.464746128018E-2,-3.491946994072E-1,
8.361148983592E-1));
#1841=CARTESIAN_POINT('',(-1.464746128018E-2,-3.516739733564E-1,
7.572231221048E-1));
#1842=CARTESIAN_POINT('',(-1.464746128018E-2,-3.411890924428E-1,
6.110041434861E-1));
#1843=CARTESIAN_POINT('',(-1.464746128018E-2,-2.859213133510E-1,
4.047566636456E-1));
#1844=CARTESIAN_POINT('',(-1.464746128018E-2,-2.007914331738E-1,
2.221929263095E-1));
#1845=CARTESIAN_POINT('',(-1.464746128018E-2,-8.525175099124E-2,
5.718551841688E-2));
#1846=CARTESIAN_POINT('',(-1.464746128018E-2,5.718551841688E-2,
-8.525175099124E-2));
#1847=CARTESIAN_POINT('',(-1.464746128018E-2,2.221929263095E-1,
-2.007914331738E-1));
#1848=CARTESIAN_POINT('',(-1.464746128018E-2,4.047566636456E-1,
-2.859213133510E-1));
#1849=CARTESIAN_POINT('',(-1.464746128018E-2,6.110041434861E-1,
-3.411890924428E-1));
#1850=CARTESIAN_POINT('',(-1.464746128018E-2,7.572231221048E-1,
-3.516739733564E-1));
#1851=CARTESIAN_POINT('',(-1.464746128018E-2,8.361148983590E-1,
-3.491946994072E-1));
#1852=CARTESIAN_POINT('',(-2.195720483937E-2,-3.487235518160E-1,
8.361000919496E-1));
#1853=CARTESIAN_POINT('',(-2.195720483937E-2,-3.512018093108E-1,
7.572406597970E-1));
#1854=CARTESIAN_POINT('',(-2.195720483937E-2,-3.407212269955E-1,
6.110816281305E-1));
#1855=CARTESIAN_POINT('',(-2.195720483937E-2,-2.854761066237E-1,
4.049187057660E-1));
#1856=CARTESIAN_POINT('',(-2.195720483937E-2,-2.003811280503E-1,
2.224298160298E-1));
#1857=CARTESIAN_POINT('',(-2.195720483937E-2,-8.488881490189E-2,
5.749005798177E-2));
#1858=CARTESIAN_POINT('',(-2.195720483937E-2,5.749005798177E-2,
-8.488881490189E-2));
#1859=CARTESIAN_POINT('',(-2.195720483937E-2,2.224298160298E-1,
-2.003811280503E-1));
#1860=CARTESIAN_POINT('',(-2.195720483937E-2,4.049187057660E-1,
-2.854761066237E-1));
#1861=CARTESIAN_POINT('',(-2.195720483937E-2,6.110816281304E-1,
-3.407212269955E-1));
#1862=CARTESIAN_POINT('',(-2.195720483937E-2,7.572406597970E-1,
-3.512018093108E-1));
#1863=CARTESIAN_POINT('',(-2.195720483937E-2,8.361000919495E-1,
-3.487235518160E-1));
#1864=B_SPLINE_SURFACE_WITH_KNOTS('',3,3,((#1744,#1745,#1746,#1747,#1748,#1749,
#1750,#1751,#1752,#1753,#1754,#1755),(#1756,#1757,#1758,#1759,#1760,#1761,#1762,
#1763,#1764,#1765,#1766,#1767),(#1768,#1769,#1770,#1771,#1772,#1773,#1774,#1775,
#1776,#1777,#1778,#1779),(#1780,#1781,#1782,#1783,#1784,#1785,#1786,#1787,#1788,
#1789,#1790,#1791),(#1792,#1793,#1794,#1795,#1796,#1797,#1798,#1799,#1800,#1801,
#1802,#1803),(#1804,#1805,#1806,#1807,#1808,#1809,#1810,#1811,#1812,#1813,#1814,
#1815),(#1816,#1817,#1818,#1819,#1820,#1821,#1822,#1823,#1824,#1825,#1826,
#1827),(#1828,#1829,#1830,#1831,#1832,#1833,#1834,#1835,#1836,#1837,#1838,
#1839),(#1840,#1841,#1842,#1843,#1844,#1845,#1846,#1847,#1848,#1849,#1850,
#1851),(#1852,#1853,#1854,#1855,#1856,#1857,#1858,#1859,#1860,#1861,#1862,
#1863)),.UNSPECIFIED.,.F.,.F.,.F.,(4,1,1,1,1,1,1,4),(4,1,1,1,1,1,1,1,1,4),(
-1.E-2,0.E0,1.E-1,2.E-1,3.E-1,4.E-1,5.E-1,5.1E-1),(-2.E-2,1.111111111111E-1,
2.222222222222E-1,3.333333333333E-1,4.444444444444E-1,5.555555555556E-1,
6.666666666667E-1,7.777777777778E-1,8.888888888889E-1,1.02E0),.UNSPECIFIED.);
#1865=ORIENTED_EDGE('',*,*,#1536,.F.);
#1866=ORIENTED_EDGE('',*,*,#1732,.T.);
#1868=ORIENTED_EDGE('',*,*,#1867,.T.);
#1869=ORIENTED_EDGE('',*,*,#1728,.F.);
#1870=EDGE_LOOP('',(#1865,#1866,#1868,#1869));
#1871=FACE_OUTER_BOUND('',#1870,.F.);
#1873=FILL_AREA_STYLE_COLOUR('',#1162);
#1874=FILL_AREA_STYLE('',(#1873));
#1875=SURFACE_STYLE_FILL_AREA(#1874);
#1876=SURFACE_SIDE_STYLE('',(#1875));
#1877=SURFACE_STYLE_USAGE(.POSITIVE.,#1876);
#1878=PRESENTATION_STYLE_ASSIGNMENT((#1877));
#1879=STYLED_ITEM('',(#1878),#1872);
#1880=CARTESIAN_POINT('',(-2.195720483937E-2,7.66E-1,3.492906573776E-1));
#1881=CARTESIAN_POINT('',(-2.195720483937E-2,1.355333333333E0,
3.492906573776E-1));
#1882=CARTESIAN_POINT('',(-2.195720483937E-2,1.944666666668E0,
3.492906573776E-1));
#1883=CARTESIAN_POINT('',(-2.195720483937E-2,2.534E0,3.492906573776E-1));
#1884=CARTESIAN_POINT('',(-1.464746128018E-2,7.66E-1,3.497620375665E-1));
#1885=CARTESIAN_POINT('',(-1.464746128018E-2,1.355333333333E0,
3.497620375665E-1));
#1886=CARTESIAN_POINT('',(-1.464746128018E-2,1.944666666668E0,
3.497620375665E-1));
#1887=CARTESIAN_POINT('',(-1.464746128018E-2,2.534E0,3.497620375665E-1));
#1888=CARTESIAN_POINT('',(6.591357576081E-2,7.66E-1,3.523796243349E-1));
#1889=CARTESIAN_POINT('',(6.591357576081E-2,1.355333333333E0,
3.523796243349E-1));
#1890=CARTESIAN_POINT('',(6.591357576081E-2,1.944666666668E0,
3.523796243349E-1));
#1891=CARTESIAN_POINT('',(6.591357576081E-2,2.534E0,3.523796243349E-1));
#1892=CARTESIAN_POINT('',(2.197119192027E-1,7.66E-1,3.024075133026E-1));
#1893=CARTESIAN_POINT('',(2.197119192027E-1,1.355333333333E0,
3.024075133026E-1));
#1894=CARTESIAN_POINT('',(2.197119192027E-1,1.944666666668E0,
3.024075133026E-1));
#1895=CARTESIAN_POINT('',(2.197119192027E-1,2.534E0,3.024075133026E-1));
#1896=CARTESIAN_POINT('',(3.555013530034E-1,7.66E-1,1.155093916283E-1));
#1897=CARTESIAN_POINT('',(3.555013530034E-1,1.355333333333E0,
1.155093916283E-1));
#1898=CARTESIAN_POINT('',(3.555013530034E-1,1.944666666668E0,
1.155093916283E-1));
#1899=CARTESIAN_POINT('',(3.555013530034E-1,2.534E0,1.155093916283E-1));
#1900=CARTESIAN_POINT('',(3.555013530034E-1,7.66E-1,-1.155093916283E-1));
#1901=CARTESIAN_POINT('',(3.555013530034E-1,1.355333333333E0,
-1.155093916283E-1));
#1902=CARTESIAN_POINT('',(3.555013530034E-1,1.944666666668E0,
-1.155093916283E-1));
#1903=CARTESIAN_POINT('',(3.555013530034E-1,2.534E0,-1.155093916283E-1));
#1904=CARTESIAN_POINT('',(2.197119192027E-1,7.66E-1,-3.024075133026E-1));
#1905=CARTESIAN_POINT('',(2.197119192027E-1,1.355333333333E0,
-3.024075133026E-1));
#1906=CARTESIAN_POINT('',(2.197119192027E-1,1.944666666668E0,
-3.024075133026E-1));
#1907=CARTESIAN_POINT('',(2.197119192027E-1,2.534E0,-3.024075133026E-1));
#1908=CARTESIAN_POINT('',(6.591357576081E-2,7.66E-1,-3.523796243349E-1));
#1909=CARTESIAN_POINT('',(6.591357576081E-2,1.355333333333E0,
-3.523796243349E-1));
#1910=CARTESIAN_POINT('',(6.591357576081E-2,1.944666666668E0,
-3.523796243349E-1));
#1911=CARTESIAN_POINT('',(6.591357576081E-2,2.534E0,-3.523796243349E-1));
#1912=CARTESIAN_POINT('',(-1.464746128018E-2,7.66E-1,-3.497620375665E-1));
#1913=CARTESIAN_POINT('',(-1.464746128018E-2,1.355333333333E0,
-3.497620375665E-1));
#1914=CARTESIAN_POINT('',(-1.464746128018E-2,1.944666666668E0,
-3.497620375665E-1));
#1915=CARTESIAN_POINT('',(-1.464746128018E-2,2.534E0,-3.497620375665E-1));
#1916=CARTESIAN_POINT('',(-2.195720483937E-2,7.66E-1,-3.492906573776E-1));
#1917=CARTESIAN_POINT('',(-2.195720483937E-2,1.355333333333E0,
-3.492906573776E-1));
#1918=CARTESIAN_POINT('',(-2.195720483937E-2,1.944666666668E0,
-3.492906573776E-1));
#1919=CARTESIAN_POINT('',(-2.195720483937E-2,2.534E0,-3.492906573776E-1));
#1920=B_SPLINE_SURFACE_WITH_KNOTS('',3,3,((#1880,#1881,#1882,#1883),(#1884,
#1885,#1886,#1887),(#1888,#1889,#1890,#1891),(#1892,#1893,#1894,#1895),(#1896,
#1897,#1898,#1899),(#1900,#1901,#1902,#1903),(#1904,#1905,#1906,#1907),(#1908,
#1909,#1910,#1911),(#1912,#1913,#1914,#1915),(#1916,#1917,#1918,#1919)),
.UNSPECIFIED.,.F.,.F.,.F.,(4,1,1,1,1,1,1,4),(4,4),(-1.E-2,0.E0,1.E-1,2.E-1,
3.E-1,4.E-1,5.E-1,5.1E-1),(-2.E-2,1.02E0),.UNSPECIFIED.);
#1922=ORIENTED_EDGE('',*,*,#1921,.T.);
#1924=ORIENTED_EDGE('',*,*,#1923,.T.);
#1926=ORIENTED_EDGE('',*,*,#1925,.F.);
#1927=ORIENTED_EDGE('',*,*,#1867,.F.);
#1929=ORIENTED_EDGE('',*,*,#1928,.T.);
#1930=EDGE_LOOP('',(#1922,#1924,#1926,#1927,#1929));
#1931=FACE_OUTER_BOUND('',#1930,.F.);
#1933=FILL_AREA_STYLE_COLOUR('',#1162);
#1934=FILL_AREA_STYLE('',(#1933));
#1935=SURFACE_STYLE_FILL_AREA(#1934);
#1936=SURFACE_SIDE_STYLE('',(#1935));
#1937=SURFACE_STYLE_USAGE(.POSITIVE.,#1936);
#1938=PRESENTATION_STYLE_ASSIGNMENT((#1937));
#1939=STYLED_ITEM('',(#1938),#1932);
#1940=CARTESIAN_POINT('',(1.E0,2.5E0,0.E0));
#1941=DIRECTION('',(0.E0,0.E0,1.E0));
#1942=DIRECTION('',(0.E0,-1.E0,0.E0));
#1943=AXIS2_PLACEMENT_3D('',#1940,#1941,#1942);
#1944=TOROIDAL_SURFACE('',#1943,1.E0,3.5E-1);
#1946=ORIENTED_EDGE('',*,*,#1945,.F.);
#1948=ORIENTED_EDGE('',*,*,#1947,.F.);
#1950=ORIENTED_EDGE('',*,*,#1949,.F.);
#1952=ORIENTED_EDGE('',*,*,#1951,.T.);
#1953=ORIENTED_EDGE('',*,*,#1921,.F.);
#1954=EDGE_LOOP('',(#1946,#1948,#1950,#1952,#1953));
#1955=FACE_OUTER_BOUND('',#1954,.F.);
#1957=FILL_AREA_STYLE_COLOUR('',#1162);
#1958=FILL_AREA_STYLE('',(#1957));
#1959=SURFACE_STYLE_FILL_AREA(#1958);
#1960=SURFACE_SIDE_STYLE('',(#1959));
#1961=SURFACE_STYLE_USAGE(.POSITIVE.,#1960);
#1962=PRESENTATION_STYLE_ASSIGNMENT((#1961));
#1963=STYLED_ITEM('',(#1962),#1956);
#1964=CARTESIAN_POINT('',(2.195720483937E-2,7.66E-1,-3.492906573776E-1));
#1965=CARTESIAN_POINT('',(2.195720483937E-2,1.355333333333E0,
-3.492906573776E-1));
#1966=CARTESIAN_POINT('',(2.195720483937E-2,1.944666666668E0,
-3.492906573776E-1));
#1967=CARTESIAN_POINT('',(2.195720483937E-2,2.534E0,-3.492906573776E-1));
#1968=CARTESIAN_POINT('',(1.464746128018E-2,7.66E-1,-3.497620375665E-1));
#1969=CARTESIAN_POINT('',(1.464746128018E-2,1.355333333333E0,
-3.497620375665E-1));
#1970=CARTESIAN_POINT('',(1.464746128018E-2,1.944666666668E0,
-3.497620375665E-1));
#1971=CARTESIAN_POINT('',(1.464746128018E-2,2.534E0,-3.497620375665E-1));
#1972=CARTESIAN_POINT('',(-6.591357576081E-2,7.66E-1,-3.523796243349E-1));
#1973=CARTESIAN_POINT('',(-6.591357576081E-2,1.355333333333E0,
-3.523796243349E-1));
#1974=CARTESIAN_POINT('',(-6.591357576081E-2,1.944666666668E0,
-3.523796243349E-1));
#1975=CARTESIAN_POINT('',(-6.591357576081E-2,2.534E0,-3.523796243349E-1));
#1976=CARTESIAN_POINT('',(-2.197119192027E-1,7.66E-1,-3.024075133026E-1));
#1977=CARTESIAN_POINT('',(-2.197119192027E-1,1.355333333333E0,
-3.024075133026E-1));
#1978=CARTESIAN_POINT('',(-2.197119192027E-1,1.944666666668E0,
-3.024075133026E-1));
#1979=CARTESIAN_POINT('',(-2.197119192027E-1,2.534E0,-3.024075133026E-1));
#1980=CARTESIAN_POINT('',(-3.555013530034E-1,7.66E-1,-1.155093916283E-1));
#1981=CARTESIAN_POINT('',(-3.555013530034E-1,1.355333333333E0,
-1.155093916283E-1));
#1982=CARTESIAN_POINT('',(-3.555013530034E-1,1.944666666668E0,
-1.155093916283E-1));
#1983=CARTESIAN_POINT('',(-3.555013530034E-1,2.534E0,-1.155093916283E-1));
#1984=CARTESIAN_POINT('',(-3.555013530034E-1,7.66E-1,1.155093916283E-1));
#1985=CARTESIAN_POINT('',(-3.555013530034E-1,1.355333333333E0,
1.155093916283E-1));
#1986=CARTESIAN_POINT('',(-3.555013530034E-1,1.944666666668E0,
1.155093916283E-1));
#1987=CARTESIAN_POINT('',(-3.555013530034E-1,2.534E0,1.155093916283E-1));
#1988=CARTESIAN_POINT('',(-2.197119192027E-1,7.66E-1,3.024075133026E-1));
#1989=CARTESIAN_POINT('',(-2.197119192027E-1,1.355333333333E0,
3.024075133026E-1));
#1990=CARTESIAN_POINT('',(-2.197119192027E-1,1.944666666668E0,
3.024075133026E-1));
#1991=CARTESIAN_POINT('',(-2.197119192027E-1,2.534E0,3.024075133026E-1));
#1992=CARTESIAN_POINT('',(-6.591357576081E-2,7.66E-1,3.523796243349E-1));
#1993=CARTESIAN_POINT('',(-6.591357576081E-2,1.355333333333E0,
3.523796243349E-1));
#1994=CARTESIAN_POINT('',(-6.591357576081E-2,1.944666666668E0,
3.523796243349E-1));
#1995=CARTESIAN_POINT('',(-6.591357576081E-2,2.534E0,3.523796243349E-1));
#1996=CARTESIAN_POINT('',(1.464746128018E-2,7.66E-1,3.497620375665E-1));
#1997=CARTESIAN_POINT('',(1.464746128018E-2,1.355333333333E0,
3.497620375665E-1));
#1998=CARTESIAN_POINT('',(1.464746128018E-2,1.944666666668E0,
3.497620375665E-1));
#1999=CARTESIAN_POINT('',(1.464746128018E-2,2.534E0,3.497620375665E-1));
#2000=CARTESIAN_POINT('',(2.195720483937E-2,7.66E-1,3.492906573776E-1));
#2001=CARTESIAN_POINT('',(2.195720483937E-2,1.355333333333E0,
3.492906573776E-1));
#2002=CARTESIAN_POINT('',(2.195720483937E-2,1.944666666668E0,
3.492906573776E-1));
#2003=CARTESIAN_POINT('',(2.195720483937E-2,2.534E0,3.492906573776E-1));
#2004=B_SPLINE_SURFACE_WITH_KNOTS('',3,3,((#1964,#1965,#1966,#1967),(#1968,
#1969,#1970,#1971),(#1972,#1973,#1974,#1975),(#1976,#1977,#1978,#1979),(#1980,
#1981,#1982,#1983),(#1984,#1985,#1986,#1987),(#1988,#1989,#1990,#1991),(#1992,
#1993,#1994,#1995),(#1996,#1997,#1998,#1999),(#2000,#2001,#2002,#2003)),
.UNSPECIFIED.,.F.,.F.,.F.,(4,1,1,1,1,1,1,4),(4,4),(4.9E-1,5.E-1,6.E-1,7.E-1,
8.E-1,9.E-1,1.E0,1.01E0),(-2.E-2,1.02E0),.UNSPECIFIED.);
#2005=ORIENTED_EDGE('',*,*,#1945,.T.);
#2006=ORIENTED_EDGE('',*,*,#1928,.F.);
#2007=ORIENTED_EDGE('',*,*,#1730,.F.);
#2008=ORIENTED_EDGE('',*,*,#1925,.T.);
#2010=ORIENTED_EDGE('',*,*,#2009,.T.);
#2011=EDGE_LOOP('',(#2005,#2006,#2007,#2008,#2010));
#2012=FACE_OUTER_BOUND('',#2011,.F.);
#2014=FILL_AREA_STYLE_COLOUR('',#1162);
#2015=FILL_AREA_STYLE('',(#2014));
#2016=SURFACE_STYLE_FILL_AREA(#2015);
#2017=SURFACE_SIDE_STYLE('',(#2016));
#2018=SURFACE_STYLE_USAGE(.POSITIVE.,#2017);
#2019=PRESENTATION_STYLE_ASSIGNMENT((#2018));
#2020=STYLED_ITEM('',(#2019),#2013);
#2021=CARTESIAN_POINT('',(1.E0,2.5E0,0.E0));
#2022=DIRECTION('',(0.E0,0.E0,1.E0));
#2023=DIRECTION('',(0.E0,-1.E0,0.E0));
#2024=AXIS2_PLACEMENT_3D('',#2021,#2022,#2023);
#2025=TOROIDAL_SURFACE('',#2024,1.E0,3.5E-1);
#2026=ORIENTED_EDGE('',*,*,#1923,.F.);
#2027=ORIENTED_EDGE('',*,*,#1951,.F.);
#2029=ORIENTED_EDGE('',*,*,#2028,.F.);
#2030=ORIENTED_EDGE('',*,*,#1947,.T.);
#2031=ORIENTED_EDGE('',*,*,#2009,.F.);
#2032=EDGE_LOOP('',(#2026,#2027,#2029,#2030,#2031));
#2033=FACE_OUTER_BOUND('',#2032,.F.);
#2035=FILL_AREA_STYLE_COLOUR('',#1162);
#2036=FILL_AREA_STYLE('',(#2035));
#2037=SURFACE_STYLE_FILL_AREA(#2036);
#2038=SURFACE_SIDE_STYLE('',(#2037));
#2039=SURFACE_STYLE_USAGE(.POSITIVE.,#2038);
#2040=PRESENTATION_STYLE_ASSIGNMENT((#2039));
#2041=STYLED_ITEM('',(#2040),#2034);
#2042=CARTESIAN_POINT('',(1.5E0,3.5E0,0.E0));
#2043=DIRECTION('',(-1.E0,0.E0,0.E0));
#2044=DIRECTION('',(0.E0,-1.E0,0.E0));
#2045=AXIS2_PLACEMENT_3D('',#2042,#2043,#2044);
#2046=CYLINDRICAL_SURFACE('',#2045,3.5E-1);
#2048=ORIENTED_EDGE('',*,*,#2047,.F.);
#2050=ORIENTED_EDGE('',*,*,#2049,.T.);
#2051=ORIENTED_EDGE('',*,*,#2028,.T.);
#2053=ORIENTED_EDGE('',*,*,#2052,.F.);
#2054=EDGE_LOOP('',(#2048,#2050,#2051,#2053));
#2055=FACE_OUTER_BOUND('',#2054,.F.);
#2057=FILL_AREA_STYLE_COLOUR('',#1162);
#2058=FILL_AREA_STYLE('',(#2057));
#2059=SURFACE_STYLE_FILL_AREA(#2058);
#2060=SURFACE_SIDE_STYLE('',(#2059));
#2061=SURFACE_STYLE_USAGE(.POSITIVE.,#2060);
#2062=PRESENTATION_STYLE_ASSIGNMENT((#2061));
#2063=STYLED_ITEM('',(#2062),#2056);
#2064=CARTESIAN_POINT('',(1.5E0,2.5E0,0.E0));
#2065=DIRECTION('',(0.E0,0.E0,1.E0));
#2066=DIRECTION('',(-1.E0,0.E0,0.E0));
#2067=AXIS2_PLACEMENT_3D('',#2064,#2065,#2066);
#2068=TOROIDAL_SURFACE('',#2067,1.E0,3.5E-1);
#2070=ORIENTED_EDGE('',*,*,#2069,.F.);
#2072=ORIENTED_EDGE('',*,*,#2071,.T.);
#2073=ORIENTED_EDGE('',*,*,#2047,.T.);
#2075=ORIENTED_EDGE('',*,*,#2074,.F.);
#2076=EDGE_LOOP('',(#2070,#2072,#2073,#2075));
#2077=FACE_OUTER_BOUND('',#2076,.F.);
#2079=FILL_AREA_STYLE_COLOUR('',#1162);
#2080=FILL_AREA_STYLE('',(#2079));
#2081=SURFACE_STYLE_FILL_AREA(#2080);
#2082=SURFACE_SIDE_STYLE('',(#2081));
#2083=SURFACE_STYLE_USAGE(.POSITIVE.,#2082);
#2084=PRESENTATION_STYLE_ASSIGNMENT((#2083));
#2085=STYLED_ITEM('',(#2084),#2078);
#2086=CARTESIAN_POINT('',(2.5E0,-2.637324521102E0,0.E0));
#2087=DIRECTION('',(0.E0,1.E0,0.E0));
#2088=DIRECTION('',(-1.E0,0.E0,0.E0));
#2089=AXIS2_PLACEMENT_3D('',#2086,#2087,#2088);
#2090=CYLINDRICAL_SURFACE('',#2089,3.5E-1);
#2092=ORIENTED_EDGE('',*,*,#2091,.F.);
#2094=ORIENTED_EDGE('',*,*,#2093,.T.);
#2095=ORIENTED_EDGE('',*,*,#2069,.T.);
#2097=ORIENTED_EDGE('',*,*,#2096,.F.);
#2098=EDGE_LOOP('',(#2092,#2094,#2095,#2097));
#2099=FACE_OUTER_BOUND('',#2098,.F.);
#2101=FILL_AREA_STYLE_COLOUR('',#1162);
#2102=FILL_AREA_STYLE('',(#2101));
#2103=SURFACE_STYLE_FILL_AREA(#2102);
#2104=SURFACE_SIDE_STYLE('',(#2103));
#2105=SURFACE_STYLE_USAGE(.POSITIVE.,#2104);
#2106=PRESENTATION_STYLE_ASSIGNMENT((#2105));
#2107=STYLED_ITEM('',(#2106),#2100);
#2108=CARTESIAN_POINT('',(1.871827643890E0,-2.637324521102E0,0.E0));
#2109=DIRECTION('',(0.E0,0.E0,1.E0));
#2110=DIRECTION('',(-5.E-1,8.660254037844E-1,0.E0));
#2111=AXIS2_PLACEMENT_3D('',#2108,#2109,#2110);
#2112=TOROIDAL_SURFACE('',#2111,6.281723561103E-1,3.5E-1);
#2114=ORIENTED_EDGE('',*,*,#2113,.F.);
#2116=ORIENTED_EDGE('',*,*,#2115,.T.);
#2117=ORIENTED_EDGE('',*,*,#2091,.T.);
#2119=ORIENTED_EDGE('',*,*,#2118,.F.);
#2120=EDGE_LOOP('',(#2114,#2116,#2117,#2119));
#2121=FACE_OUTER_BOUND('',#2120,.F.);
#2123=FILL_AREA_STYLE_COLOUR('',#1162);
#2124=FILL_AREA_STYLE('',(#2123));
#2125=SURFACE_STYLE_FILL_AREA(#2124);
#2126=SURFACE_SIDE_STYLE('',(#2125));
#2127=SURFACE_STYLE_USAGE(.POSITIVE.,#2126);
#2128=PRESENTATION_STYLE_ASSIGNMENT((#2127));
#2129=STYLED_ITEM('',(#2128),#2122);
#2130=CARTESIAN_POINT('',(7.679491924311E-1,-4.E0,0.E0));
#2131=DIRECTION('',(8.660254037844E-1,5.E-1,0.E0));
#2132=DIRECTION('',(-5.E-1,8.660254037844E-1,0.E0));
#2133=AXIS2_PLACEMENT_3D('',#2130,#2131,#2132);
#2134=CYLINDRICAL_SURFACE('',#2133,3.5E-1);
#2136=ORIENTED_EDGE('',*,*,#2135,.F.);
#2138=ORIENTED_EDGE('',*,*,#2137,.T.);
#2139=ORIENTED_EDGE('',*,*,#2113,.T.);
#2141=ORIENTED_EDGE('',*,*,#2140,.F.);
#2142=EDGE_LOOP('',(#2136,#2138,#2139,#2141));
#2143=FACE_OUTER_BOUND('',#2142,.F.);
#2145=FILL_AREA_STYLE_COLOUR('',#1162);
#2146=FILL_AREA_STYLE('',(#2145));
#2147=SURFACE_STYLE_FILL_AREA(#2146);
#2148=SURFACE_SIDE_STYLE('',(#2147));
#2149=SURFACE_STYLE_USAGE(.POSITIVE.,#2148);
#2150=PRESENTATION_STYLE_ASSIGNMENT((#2149));
#2151=STYLED_ITEM('',(#2150),#2144);
#2152=CARTESIAN_POINT('',(7.679491924311E-1,-4.E0,0.E0));
#2153=DIRECTION('',(8.660254037844E-1,5.E-1,0.E0));
#2154=DIRECTION('',(-5.E-1,8.660254037844E-1,0.E0));
#2155=AXIS2_PLACEMENT_3D('',#2152,#2153,#2154);
#2156=PLANE('',#2155);
#2158=ORIENTED_EDGE('',*,*,#2157,.T.);
#2159=ORIENTED_EDGE('',*,*,#2135,.T.);
#2160=EDGE_LOOP('',(#2158,#2159));
#2161=FACE_OUTER_BOUND('',#2160,.F.);
#2163=FILL_AREA_STYLE_COLOUR('',#1162);
#2164=FILL_AREA_STYLE('',(#2163));
#2165=SURFACE_STYLE_FILL_AREA(#2164);
#2166=SURFACE_SIDE_STYLE('',(#2165));
#2167=SURFACE_STYLE_USAGE(.POSITIVE.,#2166);
#2168=PRESENTATION_STYLE_ASSIGNMENT((#2167));
#2169=STYLED_ITEM('',(#2168),#2162);
#2170=CARTESIAN_POINT('',(7.679491924311E-1,-4.E0,0.E0));
#2171=DIRECTION('',(8.660254037844E-1,5.E-1,0.E0));
#2172=DIRECTION('',(-5.E-1,8.660254037844E-1,0.E0));
#2173=AXIS2_PLACEMENT_3D('',#2170,#2171,#2172);
#2174=CYLINDRICAL_SURFACE('',#2173,3.5E-1);
#2175=ORIENTED_EDGE('',*,*,#2157,.F.);
#2176=ORIENTED_EDGE('',*,*,#2140,.T.);
#2178=ORIENTED_EDGE('',*,*,#2177,.T.);
#2179=ORIENTED_EDGE('',*,*,#2137,.F.);
#2180=EDGE_LOOP('',(#2175,#2176,#2178,#2179));
#2181=FACE_OUTER_BOUND('',#2180,.F.);
#2183=FILL_AREA_STYLE_COLOUR('',#1162);
#2184=FILL_AREA_STYLE('',(#2183));
#2185=SURFACE_STYLE_FILL_AREA(#2184);
#2186=SURFACE_SIDE_STYLE('',(#2185));
#2187=SURFACE_STYLE_USAGE(.POSITIVE.,#2186);
#2188=PRESENTATION_STYLE_ASSIGNMENT((#2187));
#2189=STYLED_ITEM('',(#2188),#2182);
#2190=CARTESIAN_POINT('',(1.871827643890E0,-2.637324521102E0,0.E0));
#2191=DIRECTION('',(0.E0,0.E0,1.E0));
#2192=DIRECTION('',(-5.E-1,8.660254037844E-1,0.E0));
#2193=AXIS2_PLACEMENT_3D('',#2190,#2191,#2192);
#2194=TOROIDAL_SURFACE('',#2193,6.281723561103E-1,3.5E-1);
#2195=ORIENTED_EDGE('',*,*,#2177,.F.);
#2196=ORIENTED_EDGE('',*,*,#2118,.T.);
#2198=ORIENTED_EDGE('',*,*,#2197,.T.);
#2199=ORIENTED_EDGE('',*,*,#2115,.F.);
#2200=EDGE_LOOP('',(#2195,#2196,#2198,#2199));
#2201=FACE_OUTER_BOUND('',#2200,.F.);
#2203=FILL_AREA_STYLE_COLOUR('',#1162);
#2204=FILL_AREA_STYLE('',(#2203));
#2205=SURFACE_STYLE_FILL_AREA(#2204);
#2206=SURFACE_SIDE_STYLE('',(#2205));
#2207=SURFACE_STYLE_USAGE(.POSITIVE.,#2206);
#2208=PRESENTATION_STYLE_ASSIGNMENT((#2207));
#2209=STYLED_ITEM('',(#2208),#2202);
#2210=CARTESIAN_POINT('',(2.5E0,-2.637324521102E0,0.E0));
#2211=DIRECTION('',(0.E0,1.E0,0.E0));
#2212=DIRECTION('',(-1.E0,0.E0,0.E0));
#2213=AXIS2_PLACEMENT_3D('',#2210,#2211,#2212);
#2214=CYLINDRICAL_SURFACE('',#2213,3.5E-1);
#2215=ORIENTED_EDGE('',*,*,#2197,.F.);
#2216=ORIENTED_EDGE('',*,*,#2096,.T.);
#2218=ORIENTED_EDGE('',*,*,#2217,.T.);
#2219=ORIENTED_EDGE('',*,*,#2093,.F.);
#2220=EDGE_LOOP('',(#2215,#2216,#2218,#2219));
#2221=FACE_OUTER_BOUND('',#2220,.F.);
#2223=FILL_AREA_STYLE_COLOUR('',#1162);
#2224=FILL_AREA_STYLE('',(#2223));
#2225=SURFACE_STYLE_FILL_AREA(#2224);
#2226=SURFACE_SIDE_STYLE('',(#2225));
#2227=SURFACE_STYLE_USAGE(.POSITIVE.,#2226);
#2228=PRESENTATION_STYLE_ASSIGNMENT((#2227));
#2229=STYLED_ITEM('',(#2228),#2222);
#2230=CARTESIAN_POINT('',(1.5E0,2.5E0,0.E0));
#2231=DIRECTION('',(0.E0,0.E0,1.E0));
#2232=DIRECTION('',(-1.E0,0.E0,0.E0));
#2233=AXIS2_PLACEMENT_3D('',#2230,#2231,#2232);
#2234=TOROIDAL_SURFACE('',#2233,1.E0,3.5E-1);
#2235=ORIENTED_EDGE('',*,*,#2217,.F.);
#2236=ORIENTED_EDGE('',*,*,#2074,.T.);
#2238=ORIENTED_EDGE('',*,*,#2237,.T.);
#2239=ORIENTED_EDGE('',*,*,#2071,.F.);
#2240=EDGE_LOOP('',(#2235,#2236,#2238,#2239));
#2241=FACE_OUTER_BOUND('',#2240,.F.);
#2243=FILL_AREA_STYLE_COLOUR('',#1162);
#2244=FILL_AREA_STYLE('',(#2243));
#2245=SURFACE_STYLE_FILL_AREA(#2244);
#2246=SURFACE_SIDE_STYLE('',(#2245));
#2247=SURFACE_STYLE_USAGE(.POSITIVE.,#2246);
#2248=PRESENTATION_STYLE_ASSIGNMENT((#2247));
#2249=STYLED_ITEM('',(#2248),#2242);
#2250=CARTESIAN_POINT('',(1.5E0,3.5E0,0.E0));
#2251=DIRECTION('',(-1.E0,0.E0,0.E0));
#2252=DIRECTION('',(0.E0,-1.E0,0.E0));
#2253=AXIS2_PLACEMENT_3D('',#2250,#2251,#2252);
#2254=CYLINDRICAL_SURFACE('',#2253,3.5E-1);
#2255=ORIENTED_EDGE('',*,*,#2237,.F.);
#2256=ORIENTED_EDGE('',*,*,#2052,.T.);
#2257=ORIENTED_EDGE('',*,*,#1949,.T.);
#2258=ORIENTED_EDGE('',*,*,#2049,.F.);
#2259=EDGE_LOOP('',(#2255,#2256,#2257,#2258));
#2260=FACE_OUTER_BOUND('',#2259,.F.);
#2262=FILL_AREA_STYLE_COLOUR('',#1162);
#2263=FILL_AREA_STYLE('',(#2262));
#2264=SURFACE_STYLE_FILL_AREA(#2263);
#2265=SURFACE_SIDE_STYLE('',(#2264));
#2266=SURFACE_STYLE_USAGE(.POSITIVE.,#2265);
#2267=PRESENTATION_STYLE_ASSIGNMENT((#2266));
#2268=STYLED_ITEM('',(#2267),#2261);
#2269=CARTESIAN_POINT('',(0.E0,0.E0,2.E0));
#2270=DIRECTION('',(0.E0,0.E0,1.E0));
#2271=DIRECTION('',(0.E0,1.E0,0.E0));
#2272=AXIS2_PLACEMENT_3D('',#2269,#2270,#2271);
#2273=CYLINDRICAL_SURFACE('',#2272,1.5E-1);
#2274=ORIENTED_EDGE('',*,*,#1478,.F.);
#2276=ORIENTED_EDGE('',*,*,#2275,.T.);
#2278=ORIENTED_EDGE('',*,*,#2277,.T.);
#2280=ORIENTED_EDGE('',*,*,#2279,.F.);
#2281=EDGE_LOOP('',(#2274,#2276,#2278,#2280));
#2282=FACE_OUTER_BOUND('',#2281,.F.);
#2284=FILL_AREA_STYLE_COLOUR('',#1162);
#2285=FILL_AREA_STYLE('',(#2284));
#2286=SURFACE_STYLE_FILL_AREA(#2285);
#2287=SURFACE_SIDE_STYLE('',(#2286));
#2288=SURFACE_STYLE_USAGE(.POSITIVE.,#2287);
#2289=PRESENTATION_STYLE_ASSIGNMENT((#2288));
#2290=STYLED_ITEM('',(#2289),#2283);
#2291=CARTESIAN_POINT('',(0.E0,0.E0,2.E0));
#2292=DIRECTION('',(0.E0,0.E0,1.E0));
#2293=DIRECTION('',(0.E0,1.E0,0.E0));
#2294=AXIS2_PLACEMENT_3D('',#2291,#2292,#2293);
#2295=CYLINDRICAL_SURFACE('',#2294,1.5E-1);
#2296=ORIENTED_EDGE('',*,*,#1480,.F.);
#2297=ORIENTED_EDGE('',*,*,#2279,.T.);
#2299=ORIENTED_EDGE('',*,*,#2298,.T.);
#2300=ORIENTED_EDGE('',*,*,#2275,.F.);
#2301=EDGE_LOOP('',(#2296,#2297,#2299,#2300));
#2302=FACE_OUTER_BOUND('',#2301,.F.);
#2304=FILL_AREA_STYLE_COLOUR('',#1162);
#2305=FILL_AREA_STYLE('',(#2304));
#2306=SURFACE_STYLE_FILL_AREA(#2305);
#2307=SURFACE_SIDE_STYLE('',(#2306));
#2308=SURFACE_STYLE_USAGE(.POSITIVE.,#2307);
#2309=PRESENTATION_STYLE_ASSIGNMENT((#2308));
#2310=STYLED_ITEM('',(#2309),#2303);
#2311=CARTESIAN_POINT('',(0.E0,0.E0,2.5E0));
#2312=DIRECTION('',(0.E0,0.E0,1.E0));
#2313=DIRECTION('',(0.E0,1.E0,0.E0));
#2314=AXIS2_PLACEMENT_3D('',#2311,#2312,#2313);
#2315=PLANE('',#2314);
#2316=ORIENTED_EDGE('',*,*,#2277,.F.);
#2317=ORIENTED_EDGE('',*,*,#2298,.F.);
#2318=EDGE_LOOP('',(#2316,#2317));
#2319=FACE_OUTER_BOUND('',#2318,.F.);
#2321=FILL_AREA_STYLE_COLOUR('',#1162);
#2322=FILL_AREA_STYLE('',(#2321));
#2323=SURFACE_STYLE_FILL_AREA(#2322);
#2324=SURFACE_SIDE_STYLE('',(#2323));
#2325=SURFACE_STYLE_USAGE(.POSITIVE.,#2324);
#2326=PRESENTATION_STYLE_ASSIGNMENT((#2325));
#2327=STYLED_ITEM('',(#2326),#2320);
#2328=CLOSED_SHELL('',(#1484,#1542,#1598,#1736,#1872,#1932,#1956,#2013,#2034,
#2056,#2078,#2100,#2122,#2144,#2162,#2182,#2202,#2222,#2242,#2261,#2283,#2303,
#2320));
#2329=MANIFOLD_SOLID_BREP('',#2328);
#2332=PLANE_ANGLE_MEASURE_WITH_UNIT(PLANE_ANGLE_MEASURE(1.745329251994E-2),
#2331);
#2333=(CONVERSION_BASED_UNIT('DEGREE',#2332)NAMED_UNIT(*)PLANE_ANGLE_UNIT());
#2335=UNCERTAINTY_MEASURE_WITH_UNIT(LENGTH_MEASURE(9.224786198767E-4),#2330,
'distance_accuracy_value',
'Maximum model space distance between geometric entities at asserted connectivities');
#2337=CARTESIAN_POINT('',(0.E0,0.E0,0.E0));
#2338=DIRECTION('',(0.E0,0.E0,1.E0));
#2339=DIRECTION('',(1.E0,0.E0,0.E0));
#2342=PRODUCT_CONTEXT('',#1097,'mechanical');
#2343=PRODUCT('M00','M00','NOT SPECIFIED',(#2342));
#2344=PRODUCT_DEFINITION_FORMATION('8','LAST_VERSION',#2343);
#2352=DERIVED_UNIT_ELEMENT(#2351,2.E0);
#2353=DERIVED_UNIT((#2352));
#2354=MEASURE_REPRESENTATION_ITEM('surface area measure',AREA_MEASURE(
3.473259579327E1),#2353);
#2359=DERIVED_UNIT_ELEMENT(#2358,3.E0);
#2360=DERIVED_UNIT((#2359));
#2361=MEASURE_REPRESENTATION_ITEM('volume measure',VOLUME_MEASURE(
5.896196204942E0),#2360);
#2365=CARTESIAN_POINT('centre point',(1.397643549960E0,4.324079044463E-1,
1.449272526627E-1));
#2370=DERIVED_UNIT_ELEMENT(#2369,2.E0);
#2371=DERIVED_UNIT((#2370));
#2372=MEASURE_REPRESENTATION_ITEM('surface area measure',AREA_MEASURE(
3.473259579327E1),#2371);
#2377=DERIVED_UNIT_ELEMENT(#2376,3.E0);
#2378=DERIVED_UNIT((#2377));
#2379=MEASURE_REPRESENTATION_ITEM('volume measure',VOLUME_MEASURE(
5.896196204942E0),#2378);
#2383=CARTESIAN_POINT('centre point',(1.397643549960E0,4.324079044463E-1,
1.449272526627E-1));
#2390=CARTESIAN_POINT('centre point',(5.822726079692E0,-1.595072747337E0,
-1.014670944849E1));
#2394=CARTESIAN_POINT('',(6.249371105604E0,-1.74E0,-8.747295960475E0));
#2395=DIRECTION('',(0.E0,1.E0,0.E0));
#2396=DIRECTION('',(4.120655383682E-3,0.E0,-9.999915100636E-1));
#2397=AXIS2_PLACEMENT_3D('',#2394,#2395,#2396);
#2398=ITEM_DEFINED_TRANSFORMATION('','',#2340,#2397);
#2399=(REPRESENTATION_RELATIONSHIP('','',#2341,#1148)REPRESENTATION_RELATIONSHIP_WITH_TRANSFORMATION(#2398)SHAPE_REPRESENTATION_RELATIONSHIP());
#2400=CONTEXT_DEPENDENT_SHAPE_REPRESENTATION(#2399,#2389);
#2402=CARTESIAN_POINT('',(0.E0,3.5E-1,-2.E0));
#2403=CARTESIAN_POINT('',(7.323730640090E-2,3.5E-1,-2.E0));
#2404=CARTESIAN_POINT('',(2.197119192027E-1,3.024075133026E-1,-2.E0));
#2405=CARTESIAN_POINT('',(3.555013530034E-1,1.155093916283E-1,-2.E0));
#2406=CARTESIAN_POINT('',(3.555013530034E-1,-1.155093916283E-1,-2.E0));
#2407=CARTESIAN_POINT('',(2.197119192027E-1,-3.024075133026E-1,-2.E0));
#2408=CARTESIAN_POINT('',(7.323730640090E-2,-3.5E-1,-2.E0));
#2409=CARTESIAN_POINT('',(0.E0,-3.5E-1,-2.E0));
#2411=CARTESIAN_POINT('',(0.E0,-3.5E-1,-2.E0));
#2412=CARTESIAN_POINT('',(-7.323730640090E-2,-3.5E-1,-2.E0));
#2413=CARTESIAN_POINT('',(-2.197119192027E-1,-3.024075133026E-1,-2.E0));
#2414=CARTESIAN_POINT('',(-3.555013530034E-1,-1.155093916283E-1,-2.E0));
#2415=CARTESIAN_POINT('',(-3.555013530034E-1,1.155093916283E-1,-2.E0));
#2416=CARTESIAN_POINT('',(-2.197119192027E-1,3.024075133026E-1,-2.E0));
#2417=CARTESIAN_POINT('',(-7.323730640090E-2,3.5E-1,-2.E0));
#2418=CARTESIAN_POINT('',(0.E0,3.5E-1,-2.E0));
#2420=CARTESIAN_POINT('',(0.E0,0.E0,-2.E0));
#2421=DIRECTION('',(0.E0,0.E0,1.E0));
#2422=DIRECTION('',(0.E0,1.E0,0.E0));
#2423=AXIS2_PLACEMENT_3D('',#2420,#2421,#2422);
#2425=CARTESIAN_POINT('',(0.E0,0.E0,-2.E0));
#2426=DIRECTION('',(0.E0,0.E0,1.E0));
#2427=DIRECTION('',(0.E0,-1.E0,0.E0));
#2428=AXIS2_PLACEMENT_3D('',#2425,#2426,#2427);
#2430=DIRECTION('',(0.E0,0.E0,1.E0));
#2431=VECTOR('',#2430,1.2E0);
#2432=CARTESIAN_POINT('',(0.E0,3.5E-1,-2.E0));
#2433=LINE('',#2432,#2431);
#2434=DIRECTION('',(0.E0,0.E0,1.E0));
#2435=VECTOR('',#2434,1.2E0);
#2436=CARTESIAN_POINT('',(0.E0,-3.5E-1,-2.E0));
#2437=LINE('',#2436,#2435);
#2438=CARTESIAN_POINT('',(0.E0,-3.5E-1,-8.E-1));
#2439=CARTESIAN_POINT('',(-7.323730640090E-2,-3.5E-1,-8.E-1));
#2440=CARTESIAN_POINT('',(-2.197119192027E-1,-3.024075133026E-1,-8.E-1));
#2441=CARTESIAN_POINT('',(-3.555013530034E-1,-1.155093916283E-1,-8.E-1));
#2442=CARTESIAN_POINT('',(-3.555013530034E-1,1.155093916283E-1,-8.E-1));
#2443=CARTESIAN_POINT('',(-2.197119192027E-1,3.024075133026E-1,-8.E-1));
#2444=CARTESIAN_POINT('',(-7.323730640090E-2,3.5E-1,-8.E-1));
#2445=CARTESIAN_POINT('',(0.E0,3.5E-1,-8.E-1));
#2447=CARTESIAN_POINT('',(0.E0,-3.5E-1,-8.E-1));
#2448=CARTESIAN_POINT('',(0.E0,-3.5E-1,-7.397861408062E-1));
#2449=CARTESIAN_POINT('',(0.E0,-3.405221651621E-1,-6.193591299891E-1));
#2450=CARTESIAN_POINT('',(0.E0,-2.982219720391E-1,-4.431660250512E-1));
#2451=CARTESIAN_POINT('',(0.E0,-2.288799091182E-1,-2.757595086190E-1));
#2452=CARTESIAN_POINT('',(0.E0,-1.342034083879E-1,-1.212614922701E-1));
#2453=CARTESIAN_POINT('',(0.E0,-1.652371851734E-2,1.652371851734E-2));
#2454=CARTESIAN_POINT('',(0.E0,1.212614922701E-1,1.342034083879E-1));
#2455=CARTESIAN_POINT('',(0.E0,2.757595086190E-1,2.288799091182E-1));
#2456=CARTESIAN_POINT('',(0.E0,4.431660250512E-1,2.982219720391E-1));
#2457=CARTESIAN_POINT('',(0.E0,6.193591299891E-1,3.405221651621E-1));
#2458=CARTESIAN_POINT('',(0.E0,7.397861408063E-1,3.5E-1));
#2459=CARTESIAN_POINT('',(0.E0,8.E-1,3.5E-1));
#2461=CARTESIAN_POINT('',(0.E0,3.5E-1,-8.E-1));
#2462=CARTESIAN_POINT('',(7.323730640090E-2,3.5E-1,-8.E-1));
#2463=CARTESIAN_POINT('',(2.197119192027E-1,3.024075133026E-1,-8.E-1));
#2464=CARTESIAN_POINT('',(3.555013530034E-1,1.155093916283E-1,-8.E-1));
#2465=CARTESIAN_POINT('',(3.555013530034E-1,-1.155093916283E-1,-8.E-1));
#2466=CARTESIAN_POINT('',(2.197119192027E-1,-3.024075133026E-1,-8.E-1));
#2467=CARTESIAN_POINT('',(7.323730640090E-2,-3.5E-1,-8.E-1));
#2468=CARTESIAN_POINT('',(0.E0,-3.5E-1,-8.E-1));
#2470=CARTESIAN_POINT('',(0.E0,3.5E-1,-8.E-1));
#2471=CARTESIAN_POINT('',(0.E0,3.5E-1,-7.705475688726E-1));
#2472=CARTESIAN_POINT('',(0.E0,3.558015744659E-1,-7.116435529717E-1));
#2473=CARTESIAN_POINT('',(0.E0,3.815742322806E-1,-6.266823418467E-1));
#2474=CARTESIAN_POINT('',(0.E0,4.234267586313E-1,-5.483818122558E-1));
#2475=CARTESIAN_POINT('',(0.E0,4.797507799773E-1,-4.797507799773E-1));
#2476=CARTESIAN_POINT('',(0.E0,5.483818122558E-1,-4.234267586313E-1));
#2477=CARTESIAN_POINT('',(0.E0,6.266823418467E-1,-3.815742322806E-1));
#2478=CARTESIAN_POINT('',(0.E0,7.116435529717E-1,-3.558015744659E-1));
#2479=CARTESIAN_POINT('',(0.E0,7.705475688726E-1,-3.5E-1));
#2480=CARTESIAN_POINT('',(0.E0,8.E-1,-3.5E-1));
#2482=CARTESIAN_POINT('',(0.E0,2.5E0,0.E0));
#2483=DIRECTION('',(0.E0,-1.E0,0.E0));
#2484=DIRECTION('',(0.E0,0.E0,-1.E0));
#2485=AXIS2_PLACEMENT_3D('',#2482,#2483,#2484);
#2487=DIRECTION('',(0.E0,1.E0,0.E0));
#2488=VECTOR('',#2487,1.7E0);
#2489=CARTESIAN_POINT('',(0.E0,8.E-1,-3.5E-1));
#2490=LINE('',#2489,#2488);
#2491=CARTESIAN_POINT('',(0.E0,8.E-1,-3.5E-1));
#2492=CARTESIAN_POINT('',(7.323730640090E-2,8.E-1,-3.5E-1));
#2493=CARTESIAN_POINT('',(2.197119192027E-1,8.E-1,-3.024075133026E-1));
#2494=CARTESIAN_POINT('',(3.555013530034E-1,8.E-1,-1.155093916283E-1));
#2495=CARTESIAN_POINT('',(3.555013530034E-1,8.E-1,1.155093916283E-1));
#2496=CARTESIAN_POINT('',(2.197119192027E-1,8.E-1,3.024075133026E-1));
#2497=CARTESIAN_POINT('',(7.323730640090E-2,8.E-1,3.5E-1));
#2498=CARTESIAN_POINT('',(0.E0,8.E-1,3.5E-1));
#2500=CARTESIAN_POINT('',(0.E0,2.5E0,0.E0));
#2501=DIRECTION('',(0.E0,-1.E0,0.E0));
#2502=DIRECTION('',(1.E0,0.E0,0.E0));
#2503=AXIS2_PLACEMENT_3D('',#2500,#2501,#2502);
#2505=CARTESIAN_POINT('',(1.E0,2.5E0,0.E0));
#2506=DIRECTION('',(0.E0,0.E0,1.E0));
#2507=DIRECTION('',(0.E0,1.E0,0.E0));
#2508=AXIS2_PLACEMENT_3D('',#2505,#2506,#2507);
#2510=CARTESIAN_POINT('',(1.E0,3.5E0,0.E0));
#2511=DIRECTION('',(1.E0,0.E0,0.E0));
#2512=DIRECTION('',(0.E0,-1.E0,0.E0));
#2513=AXIS2_PLACEMENT_3D('',#2510,#2511,#2512);
#2515=CARTESIAN_POINT('',(0.E0,2.5E0,0.E0));
#2516=DIRECTION('',(0.E0,-1.E0,0.E0));
#2517=DIRECTION('',(-1.E0,0.E0,0.E0));
#2518=AXIS2_PLACEMENT_3D('',#2515,#2516,#2517);
#2520=CARTESIAN_POINT('',(0.E0,2.5E0,0.E0));
#2521=DIRECTION('',(0.E0,-1.E0,0.E0));
#2522=DIRECTION('',(0.E0,0.E0,1.E0));
#2523=AXIS2_PLACEMENT_3D('',#2520,#2521,#2522);
#2525=DIRECTION('',(0.E0,1.E0,0.E0));
#2526=VECTOR('',#2525,1.7E0);
#2527=CARTESIAN_POINT('',(0.E0,8.E-1,3.5E-1));
#2528=LINE('',#2527,#2526);
#2529=CARTESIAN_POINT('',(0.E0,8.E-1,3.5E-1));
#2530=CARTESIAN_POINT('',(-7.323730640090E-2,8.E-1,3.5E-1));
#2531=CARTESIAN_POINT('',(-2.197119192027E-1,8.E-1,3.024075133026E-1));
#2532=CARTESIAN_POINT('',(-3.555013530034E-1,8.E-1,1.155093916283E-1));
#2533=CARTESIAN_POINT('',(-3.555013530034E-1,8.E-1,-1.155093916283E-1));
#2534=CARTESIAN_POINT('',(-2.197119192027E-1,8.E-1,-3.024075133026E-1));
#2535=CARTESIAN_POINT('',(-7.323730640090E-2,8.E-1,-3.5E-1));
#2536=CARTESIAN_POINT('',(0.E0,8.E-1,-3.5E-1));
#2538=CARTESIAN_POINT('',(1.E0,2.5E0,0.E0));
#2539=DIRECTION('',(0.E0,0.E0,1.E0));
#2540=DIRECTION('',(0.E0,1.E0,0.E0));
#2541=AXIS2_PLACEMENT_3D('',#2538,#2539,#2540);
#2543=CARTESIAN_POINT('',(1.E0,3.5E0,0.E0));
#2544=DIRECTION('',(1.E0,0.E0,0.E0));
#2545=DIRECTION('',(0.E0,1.E0,0.E0));
#2546=AXIS2_PLACEMENT_3D('',#2543,#2544,#2545);
#2548=CARTESIAN_POINT('',(1.5E0,3.5E0,0.E0));
#2549=DIRECTION('',(1.E0,0.E0,0.E0));
#2550=DIRECTION('',(0.E0,1.E0,0.E0));
#2551=AXIS2_PLACEMENT_3D('',#2548,#2549,#2550);
#2553=DIRECTION('',(-1.E0,0.E0,0.E0));
#2554=VECTOR('',#2553,5.E-1);
#2555=CARTESIAN_POINT('',(1.5E0,3.85E0,0.E0));
#2556=LINE('',#2555,#2554);
#2557=CARTESIAN_POINT('',(2.5E0,2.5E0,0.E0));
#2558=DIRECTION('',(0.E0,-1.E0,0.E0));
#2559=DIRECTION('',(1.E0,0.E0,0.E0));
#2560=AXIS2_PLACEMENT_3D('',#2557,#2558,#2559);
#2562=CARTESIAN_POINT('',(1.5E0,2.5E0,0.E0));
#2563=DIRECTION('',(0.E0,0.E0,1.E0));
#2564=DIRECTION('',(1.E0,0.E0,0.E0));
#2565=AXIS2_PLACEMENT_3D('',#2562,#2563,#2564);
#2567=CARTESIAN_POINT('',(2.5E0,-2.637324521102E0,0.E0));
#2568=DIRECTION('',(0.E0,-1.E0,0.E0));
#2569=DIRECTION('',(1.E0,0.E0,0.E0));
#2570=AXIS2_PLACEMENT_3D('',#2567,#2568,#2569);
#2572=DIRECTION('',(0.E0,1.E0,0.E0));
#2573=VECTOR('',#2572,5.137324521102E0);
#2574=CARTESIAN_POINT('',(2.85E0,-2.637324521102E0,0.E0));
#2575=LINE('',#2574,#2573);
#2576=CARTESIAN_POINT('',(2.185913821945E0,-3.181337739449E0,0.E0));
#2577=DIRECTION('',(-8.660254037844E-1,-5.E-1,0.E0));
#2578=DIRECTION('',(5.E-1,-8.660254037844E-1,0.E0));
#2579=AXIS2_PLACEMENT_3D('',#2576,#2577,#2578);
#2581=CARTESIAN_POINT('',(1.871827643890E0,-2.637324521102E0,0.E0));
#2582=DIRECTION('',(0.E0,0.E0,1.E0));
#2583=DIRECTION('',(5.E-1,-8.660254037844E-1,0.E0));
#2584=AXIS2_PLACEMENT_3D('',#2581,#2582,#2583);
#2586=DIRECTION('',(8.660254037844E-1,5.E-1,0.E0));
#2587=VECTOR('',#2586,1.637324521102E0);
#2588=CARTESIAN_POINT('',(9.429491924311E-1,-4.303108891325E0,0.E0));
#2589=LINE('',#2588,#2587);
#2590=CARTESIAN_POINT('',(7.679491924311E-1,-4.E0,0.E0));
#2591=DIRECTION('',(-8.660254037844E-1,-5.E-1,0.E0));
#2592=DIRECTION('',(-5.E-1,8.660254037844E-1,0.E0));
#2593=AXIS2_PLACEMENT_3D('',#2590,#2591,#2592);
#2595=CARTESIAN_POINT('',(7.679491924311E-1,-4.E0,0.E0));
#2596=DIRECTION('',(-8.660254037844E-1,-5.E-1,0.E0));
#2597=DIRECTION('',(5.E-1,-8.660254037844E-1,0.E0));
#2598=AXIS2_PLACEMENT_3D('',#2595,#2596,#2597);
#2600=DIRECTION('',(8.660254037844E-1,5.E-1,0.E0));
#2601=VECTOR('',#2600,1.637324521102E0);
#2602=CARTESIAN_POINT('',(5.929491924311E-1,-3.696891108675E0,0.E0));
#2603=LINE('',#2602,#2601);
#2604=CARTESIAN_POINT('',(2.185913821945E0,-3.181337739449E0,0.E0));
#2605=DIRECTION('',(-8.660254037844E-1,-5.E-1,0.E0));
#2606=DIRECTION('',(-5.E-1,8.660254037844E-1,0.E0));
#2607=AXIS2_PLACEMENT_3D('',#2604,#2605,#2606);
#2609=CARTESIAN_POINT('',(1.871827643890E0,-2.637324521102E0,0.E0));
#2610=DIRECTION('',(0.E0,0.E0,1.E0));
#2611=DIRECTION('',(5.E-1,-8.660254037844E-1,0.E0));
#2612=AXIS2_PLACEMENT_3D('',#2609,#2610,#2611);
#2614=CARTESIAN_POINT('',(2.5E0,-2.637324521102E0,0.E0));
#2615=DIRECTION('',(0.E0,-1.E0,0.E0));
#2616=DIRECTION('',(-1.E0,0.E0,0.E0));
#2617=AXIS2_PLACEMENT_3D('',#2614,#2615,#2616);
#2619=DIRECTION('',(0.E0,1.E0,0.E0));
#2620=VECTOR('',#2619,5.137324521102E0);
#2621=CARTESIAN_POINT('',(2.15E0,-2.637324521102E0,0.E0));
#2622=LINE('',#2621,#2620);
#2623=CARTESIAN_POINT('',(2.5E0,2.5E0,0.E0));
#2624=DIRECTION('',(0.E0,-1.E0,0.E0));
#2625=DIRECTION('',(-1.E0,0.E0,0.E0));
#2626=AXIS2_PLACEMENT_3D('',#2623,#2624,#2625);
#2628=CARTESIAN_POINT('',(1.5E0,2.5E0,0.E0));
#2629=DIRECTION('',(0.E0,0.E0,1.E0));
#2630=DIRECTION('',(1.E0,0.E0,0.E0));
#2631=AXIS2_PLACEMENT_3D('',#2628,#2629,#2630);
#2633=CARTESIAN_POINT('',(1.5E0,3.5E0,0.E0));
#2634=DIRECTION('',(1.E0,0.E0,0.E0));
#2635=DIRECTION('',(0.E0,-1.E0,0.E0));
#2636=AXIS2_PLACEMENT_3D('',#2633,#2634,#2635);
#2638=DIRECTION('',(-1.E0,0.E0,0.E0));
#2639=VECTOR('',#2638,5.E-1);
#2640=CARTESIAN_POINT('',(1.5E0,3.15E0,0.E0));
#2641=LINE('',#2640,#2639);
#2642=DIRECTION('',(0.E0,0.E0,-1.E0));
#2643=VECTOR('',#2642,5.E-1);
#2644=CARTESIAN_POINT('',(0.E0,1.5E-1,-2.E0));
#2645=LINE('',#2644,#2643);
#2646=DIRECTION('',(0.E0,0.E0,-1.E0));
#2647=VECTOR('',#2646,5.E-1);
#2648=CARTESIAN_POINT('',(0.E0,-1.5E-1,-2.E0));
#2649=LINE('',#2648,#2647);
#2650=CARTESIAN_POINT('',(0.E0,0.E0,-2.5E0));
#2651=DIRECTION('',(0.E0,0.E0,1.E0));
#2652=DIRECTION('',(0.E0,1.E0,0.E0));
#2653=AXIS2_PLACEMENT_3D('',#2650,#2651,#2652);
#2655=CARTESIAN_POINT('',(0.E0,0.E0,-2.5E0));
#2656=DIRECTION('',(0.E0,0.E0,1.E0));
#2657=DIRECTION('',(0.E0,-1.E0,0.E0));
#2658=AXIS2_PLACEMENT_3D('',#2655,#2656,#2657);
#2660=VERTEX_POINT('',#2402);
#2661=VERTEX_POINT('',#2409);
#2662=VERTEX_POINT('',#2461);
#2663=VERTEX_POINT('',#2468);
#2664=VERTEX_POINT('',#2491);
#2665=VERTEX_POINT('',#2498);
#2666=CARTESIAN_POINT('',(5.929491924311E-1,-3.696891108675E0,0.E0));
#2667=CARTESIAN_POINT('',(9.429491924311E-1,-4.303108891325E0,0.E0));
#2668=VERTEX_POINT('',#2666);
#2669=VERTEX_POINT('',#2667);
#2670=CARTESIAN_POINT('',(2.010913821945E0,-2.878228848124E0,0.E0));
#2671=CARTESIAN_POINT('',(2.360913821945E0,-3.484446630773E0,0.E0));
#2672=VERTEX_POINT('',#2670);
#2673=VERTEX_POINT('',#2671);
#2674=CARTESIAN_POINT('',(2.15E0,-2.637324521102E0,0.E0));
#2675=CARTESIAN_POINT('',(2.85E0,-2.637324521102E0,0.E0));
#2676=VERTEX_POINT('',#2674);
#2677=VERTEX_POINT('',#2675);
#2678=CARTESIAN_POINT('',(2.15E0,2.5E0,0.E0));
#2679=CARTESIAN_POINT('',(2.85E0,2.5E0,0.E0));
#2680=VERTEX_POINT('',#2678);
#2681=VERTEX_POINT('',#2679);
#2682=CARTESIAN_POINT('',(1.5E0,3.15E0,0.E0));
#2683=CARTESIAN_POINT('',(1.5E0,3.85E0,0.E0));
#2684=VERTEX_POINT('',#2682);
#2685=VERTEX_POINT('',#2683);
#2686=CARTESIAN_POINT('',(1.E0,3.15E0,0.E0));
#2687=CARTESIAN_POINT('',(1.E0,3.85E0,0.E0));
#2688=VERTEX_POINT('',#2686);
#2689=VERTEX_POINT('',#2687);
#2690=CARTESIAN_POINT('',(-3.5E-1,2.5E0,0.E0));
#2691=CARTESIAN_POINT('',(0.E0,2.5E0,-3.5E-1));
#2692=VERTEX_POINT('',#2690);
#2693=VERTEX_POINT('',#2691);
#2694=CARTESIAN_POINT('',(3.5E-1,2.5E0,0.E0));
#2695=VERTEX_POINT('',#2694);
#2696=CARTESIAN_POINT('',(0.E0,2.5E0,3.5E-1));
#2697=VERTEX_POINT('',#2696);
#2698=CARTESIAN_POINT('',(0.E0,1.5E-1,-2.5E0));
#2699=CARTESIAN_POINT('',(0.E0,-1.5E-1,-2.5E0));
#2700=VERTEX_POINT('',#2698);
#2701=VERTEX_POINT('',#2699);
#2702=CARTESIAN_POINT('',(0.E0,1.5E-1,-2.E0));
#2703=CARTESIAN_POINT('',(0.E0,-1.5E-1,-2.E0));
#2704=VERTEX_POINT('',#2702);
#2705=VERTEX_POINT('',#2703);
#2706=CARTESIAN_POINT('',(0.E0,0.E0,-2.E0));
#2707=DIRECTION('',(0.E0,0.E0,-1.E0));
#2708=DIRECTION('',(0.E0,1.E0,0.E0));
#2709=AXIS2_PLACEMENT_3D('',#2706,#2707,#2708);
#2710=PLANE('',#2709);
#2712=ORIENTED_EDGE('',*,*,#2711,.F.);
#2714=ORIENTED_EDGE('',*,*,#2713,.F.);
#2715=EDGE_LOOP('',(#2712,#2714));
#2716=FACE_OUTER_BOUND('',#2715,.F.);
#2718=ORIENTED_EDGE('',*,*,#2717,.F.);
#2720=ORIENTED_EDGE('',*,*,#2719,.F.);
#2721=EDGE_LOOP('',(#2718,#2720));
#2722=FACE_BOUND('',#2721,.F.);
#2724=FILL_AREA_STYLE_COLOUR('',#2401);
#2725=FILL_AREA_STYLE('',(#2724));
#2726=SURFACE_STYLE_FILL_AREA(#2725);
#2727=SURFACE_SIDE_STYLE('',(#2726));
#2728=SURFACE_STYLE_USAGE(.POSITIVE.,#2727);
#2729=PRESENTATION_STYLE_ASSIGNMENT((#2728));
#2730=STYLED_ITEM('',(#2729),#2723);
#2731=CARTESIAN_POINT('',(-2.195720483937E-2,3.492906573776E-1,-2.024E0));
#2732=CARTESIAN_POINT('',(-2.195720483937E-2,3.492906573776E-1,
-1.608000000001E0));
#2733=CARTESIAN_POINT('',(-2.195720483937E-2,3.492906573776E-1,
-1.191999999999E0));
#2734=CARTESIAN_POINT('',(-2.195720483937E-2,3.492906573776E-1,-7.76E-1));
#2735=CARTESIAN_POINT('',(-1.464746128018E-2,3.497620375665E-1,-2.024E0));
#2736=CARTESIAN_POINT('',(-1.464746128018E-2,3.497620375665E-1,
-1.608000000001E0));
#2737=CARTESIAN_POINT('',(-1.464746128018E-2,3.497620375665E-1,
-1.191999999999E0));
#2738=CARTESIAN_POINT('',(-1.464746128018E-2,3.497620375665E-1,-7.76E-1));
#2739=CARTESIAN_POINT('',(6.591357576081E-2,3.523796243349E-1,-2.024E0));
#2740=CARTESIAN_POINT('',(6.591357576081E-2,3.523796243349E-1,
-1.608000000001E0));
#2741=CARTESIAN_POINT('',(6.591357576081E-2,3.523796243349E-1,
-1.191999999999E0));
#2742=CARTESIAN_POINT('',(6.591357576081E-2,3.523796243349E-1,-7.76E-1));
#2743=CARTESIAN_POINT('',(2.197119192027E-1,3.024075133026E-1,-2.024E0));
#2744=CARTESIAN_POINT('',(2.197119192027E-1,3.024075133026E-1,
-1.608000000001E0));
#2745=CARTESIAN_POINT('',(2.197119192027E-1,3.024075133026E-1,
-1.191999999999E0));
#2746=CARTESIAN_POINT('',(2.197119192027E-1,3.024075133026E-1,-7.76E-1));
#2747=CARTESIAN_POINT('',(3.555013530034E-1,1.155093916283E-1,-2.024E0));
#2748=CARTESIAN_POINT('',(3.555013530034E-1,1.155093916283E-1,
-1.608000000001E0));
#2749=CARTESIAN_POINT('',(3.555013530034E-1,1.155093916283E-1,
-1.191999999999E0));
#2750=CARTESIAN_POINT('',(3.555013530034E-1,1.155093916283E-1,-7.76E-1));
#2751=CARTESIAN_POINT('',(3.555013530034E-1,-1.155093916283E-1,-2.024E0));
#2752=CARTESIAN_POINT('',(3.555013530034E-1,-1.155093916283E-1,
-1.608000000001E0));
#2753=CARTESIAN_POINT('',(3.555013530034E-1,-1.155093916283E-1,
-1.191999999999E0));
#2754=CARTESIAN_POINT('',(3.555013530034E-1,-1.155093916283E-1,-7.76E-1));
#2755=CARTESIAN_POINT('',(2.197119192027E-1,-3.024075133026E-1,-2.024E0));
#2756=CARTESIAN_POINT('',(2.197119192027E-1,-3.024075133026E-1,
-1.608000000001E0));
#2757=CARTESIAN_POINT('',(2.197119192027E-1,-3.024075133026E-1,
-1.191999999999E0));
#2758=CARTESIAN_POINT('',(2.197119192027E-1,-3.024075133026E-1,-7.76E-1));
#2759=CARTESIAN_POINT('',(6.591357576081E-2,-3.523796243349E-1,-2.024E0));
#2760=CARTESIAN_POINT('',(6.591357576081E-2,-3.523796243349E-1,
-1.608000000001E0));
#2761=CARTESIAN_POINT('',(6.591357576081E-2,-3.523796243349E-1,
-1.191999999999E0));
#2762=CARTESIAN_POINT('',(6.591357576081E-2,-3.523796243349E-1,-7.76E-1));
#2763=CARTESIAN_POINT('',(-1.464746128018E-2,-3.497620375665E-1,-2.024E0));
#2764=CARTESIAN_POINT('',(-1.464746128018E-2,-3.497620375665E-1,
-1.608000000001E0));
#2765=CARTESIAN_POINT('',(-1.464746128018E-2,-3.497620375665E-1,
-1.191999999999E0));
#2766=CARTESIAN_POINT('',(-1.464746128018E-2,-3.497620375665E-1,-7.76E-1));
#2767=CARTESIAN_POINT('',(-2.195720483937E-2,-3.492906573776E-1,-2.024E0));
#2768=CARTESIAN_POINT('',(-2.195720483937E-2,-3.492906573776E-1,
-1.608000000001E0));
#2769=CARTESIAN_POINT('',(-2.195720483937E-2,-3.492906573776E-1,
-1.191999999999E0));
#2770=CARTESIAN_POINT('',(-2.195720483937E-2,-3.492906573776E-1,-7.76E-1));
#2771=B_SPLINE_SURFACE_WITH_KNOTS('',3,3,((#2731,#2732,#2733,#2734),(#2735,
#2736,#2737,#2738),(#2739,#2740,#2741,#2742),(#2743,#2744,#2745,#2746),(#2747,
#2748,#2749,#2750),(#2751,#2752,#2753,#2754),(#2755,#2756,#2757,#2758),(#2759,
#2760,#2761,#2762),(#2763,#2764,#2765,#2766),(#2767,#2768,#2769,#2770)),
.UNSPECIFIED.,.F.,.F.,.F.,(4,1,1,1,1,1,1,4),(4,4),(-1.E-2,0.E0,1.E-1,2.E-1,
3.E-1,4.E-1,5.E-1,5.1E-1),(-2.E-2,1.02E0),.UNSPECIFIED.);
#2772=ORIENTED_EDGE('',*,*,#2711,.T.);
#2774=ORIENTED_EDGE('',*,*,#2773,.T.);
#2776=ORIENTED_EDGE('',*,*,#2775,.F.);
#2778=ORIENTED_EDGE('',*,*,#2777,.F.);
#2779=EDGE_LOOP('',(#2772,#2774,#2776,#2778));
#2780=FACE_OUTER_BOUND('',#2779,.F.);
#2782=FILL_AREA_STYLE_COLOUR('',#2401);
#2783=FILL_AREA_STYLE('',(#2782));
#2784=SURFACE_STYLE_FILL_AREA(#2783);
#2785=SURFACE_SIDE_STYLE('',(#2784));
#2786=SURFACE_STYLE_USAGE(.POSITIVE.,#2785);
#2787=PRESENTATION_STYLE_ASSIGNMENT((#2786));
#2788=STYLED_ITEM('',(#2787),#2781);
#2789=CARTESIAN_POINT('',(2.195720483937E-2,-3.492906573776E-1,-2.024E0));
#2790=CARTESIAN_POINT('',(2.195720483937E-2,-3.492906573776E-1,
-1.608000000001E0));
#2791=CARTESIAN_POINT('',(2.195720483937E-2,-3.492906573776E-1,
-1.191999999999E0));
#2792=CARTESIAN_POINT('',(2.195720483937E-2,-3.492906573776E-1,-7.76E-1));
#2793=CARTESIAN_POINT('',(1.464746128018E-2,-3.497620375665E-1,-2.024E0));
#2794=CARTESIAN_POINT('',(1.464746128018E-2,-3.497620375665E-1,
-1.608000000001E0));
#2795=CARTESIAN_POINT('',(1.464746128018E-2,-3.497620375665E-1,
-1.191999999999E0));
#2796=CARTESIAN_POINT('',(1.464746128018E-2,-3.497620375665E-1,-7.76E-1));
#2797=CARTESIAN_POINT('',(-6.591357576081E-2,-3.523796243349E-1,-2.024E0));
#2798=CARTESIAN_POINT('',(-6.591357576081E-2,-3.523796243349E-1,
-1.608000000001E0));
#2799=CARTESIAN_POINT('',(-6.591357576081E-2,-3.523796243349E-1,
-1.191999999999E0));
#2800=CARTESIAN_POINT('',(-6.591357576081E-2,-3.523796243349E-1,-7.76E-1));
#2801=CARTESIAN_POINT('',(-2.197119192027E-1,-3.024075133026E-1,-2.024E0));
#2802=CARTESIAN_POINT('',(-2.197119192027E-1,-3.024075133026E-1,
-1.608000000001E0));
#2803=CARTESIAN_POINT('',(-2.197119192027E-1,-3.024075133026E-1,
-1.191999999999E0));
#2804=CARTESIAN_POINT('',(-2.197119192027E-1,-3.024075133026E-1,-7.76E-1));
#2805=CARTESIAN_POINT('',(-3.555013530034E-1,-1.155093916283E-1,-2.024E0));
#2806=CARTESIAN_POINT('',(-3.555013530034E-1,-1.155093916283E-1,
-1.608000000001E0));
#2807=CARTESIAN_POINT('',(-3.555013530034E-1,-1.155093916283E-1,
-1.191999999999E0));
#2808=CARTESIAN_POINT('',(-3.555013530034E-1,-1.155093916283E-1,-7.76E-1));
#2809=CARTESIAN_POINT('',(-3.555013530034E-1,1.155093916283E-1,-2.024E0));
#2810=CARTESIAN_POINT('',(-3.555013530034E-1,1.155093916283E-1,
-1.608000000001E0));
#2811=CARTESIAN_POINT('',(-3.555013530034E-1,1.155093916283E-1,
-1.191999999999E0));
#2812=CARTESIAN_POINT('',(-3.555013530034E-1,1.155093916283E-1,-7.76E-1));
#2813=CARTESIAN_POINT('',(-2.197119192027E-1,3.024075133026E-1,-2.024E0));
#2814=CARTESIAN_POINT('',(-2.197119192027E-1,3.024075133026E-1,
-1.608000000001E0));
#2815=CARTESIAN_POINT('',(-2.197119192027E-1,3.024075133026E-1,
-1.191999999999E0));
#2816=CARTESIAN_POINT('',(-2.197119192027E-1,3.024075133026E-1,-7.76E-1));
#2817=CARTESIAN_POINT('',(-6.591357576081E-2,3.523796243349E-1,-2.024E0));
#2818=CARTESIAN_POINT('',(-6.591357576081E-2,3.523796243349E-1,
-1.608000000001E0));
#2819=CARTESIAN_POINT('',(-6.591357576081E-2,3.523796243349E-1,
-1.191999999999E0));
#2820=CARTESIAN_POINT('',(-6.591357576081E-2,3.523796243349E-1,-7.76E-1));
#2821=CARTESIAN_POINT('',(1.464746128018E-2,3.497620375665E-1,-2.024E0));
#2822=CARTESIAN_POINT('',(1.464746128018E-2,3.497620375665E-1,
-1.608000000001E0));
#2823=CARTESIAN_POINT('',(1.464746128018E-2,3.497620375665E-1,
-1.191999999999E0));
#2824=CARTESIAN_POINT('',(1.464746128018E-2,3.497620375665E-1,-7.76E-1));
#2825=CARTESIAN_POINT('',(2.195720483937E-2,3.492906573776E-1,-2.024E0));
#2826=CARTESIAN_POINT('',(2.195720483937E-2,3.492906573776E-1,
-1.608000000001E0));
#2827=CARTESIAN_POINT('',(2.195720483937E-2,3.492906573776E-1,
-1.191999999999E0));
#2828=CARTESIAN_POINT('',(2.195720483937E-2,3.492906573776E-1,-7.76E-1));
#2829=B_SPLINE_SURFACE_WITH_KNOTS('',3,3,((#2789,#2790,#2791,#2792),(#2793,
#2794,#2795,#2796),(#2797,#2798,#2799,#2800),(#2801,#2802,#2803,#2804),(#2805,
#2806,#2807,#2808),(#2809,#2810,#2811,#2812),(#2813,#2814,#2815,#2816),(#2817,
#2818,#2819,#2820),(#2821,#2822,#2823,#2824),(#2825,#2826,#2827,#2828)),
.UNSPECIFIED.,.F.,.F.,.F.,(4,1,1,1,1,1,1,4),(4,4),(4.9E-1,5.E-1,6.E-1,7.E-1,
8.E-1,9.E-1,1.E0,1.01E0),(-2.E-2,1.02E0),.UNSPECIFIED.);
#2830=ORIENTED_EDGE('',*,*,#2713,.T.);
#2831=ORIENTED_EDGE('',*,*,#2777,.T.);
#2833=ORIENTED_EDGE('',*,*,#2832,.F.);
#2834=ORIENTED_EDGE('',*,*,#2773,.F.);
#2835=EDGE_LOOP('',(#2830,#2831,#2833,#2834));
#2836=FACE_OUTER_BOUND('',#2835,.F.);
#2838=FILL_AREA_STYLE_COLOUR('',#2401);
#2839=FILL_AREA_STYLE('',(#2838));
#2840=SURFACE_STYLE_FILL_AREA(#2839);
#2841=SURFACE_SIDE_STYLE('',(#2840));
#2842=SURFACE_STYLE_USAGE(.POSITIVE.,#2841);
#2843=PRESENTATION_STYLE_ASSIGNMENT((#2842));
#2844=STYLED_ITEM('',(#2843),#2837);
#2845=CARTESIAN_POINT('',(2.195720483937E-2,-3.487235518160E-1,
-8.361000919496E-1));
#2846=CARTESIAN_POINT('',(2.195720483937E-2,-3.512018093108E-1,
-7.572406597970E-1));
#2847=CARTESIAN_POINT('',(2.195720483937E-2,-3.407212269955E-1,
-6.110816281305E-1));
#2848=CARTESIAN_POINT('',(2.195720483937E-2,-2.854761066237E-1,
-4.049187057660E-1));
#2849=CARTESIAN_POINT('',(2.195720483937E-2,-2.003811280503E-1,
-2.224298160298E-1));
#2850=CARTESIAN_POINT('',(2.195720483937E-2,-8.488881490189E-2,
-5.749005798177E-2));
#2851=CARTESIAN_POINT('',(2.195720483937E-2,5.749005798177E-2,
8.488881490189E-2));
#2852=CARTESIAN_POINT('',(2.195720483937E-2,2.224298160298E-1,
2.003811280503E-1));
#2853=CARTESIAN_POINT('',(2.195720483937E-2,4.049187057660E-1,
2.854761066237E-1));
#2854=CARTESIAN_POINT('',(2.195720483937E-2,6.110816281304E-1,
3.407212269955E-1));
#2855=CARTESIAN_POINT('',(2.195720483937E-2,7.572406597970E-1,
3.512018093108E-1));
#2856=CARTESIAN_POINT('',(2.195720483937E-2,8.361000919495E-1,
3.487235518160E-1));
#2857=CARTESIAN_POINT('',(1.464746128018E-2,-3.491946994072E-1,
-8.361148983592E-1));
#2858=CARTESIAN_POINT('',(1.464746128018E-2,-3.516739733564E-1,
-7.572231221048E-1));
#2859=CARTESIAN_POINT('',(1.464746128018E-2,-3.411890924428E-1,
-6.110041434861E-1));
#2860=CARTESIAN_POINT('',(1.464746128018E-2,-2.859213133510E-1,
-4.047566636456E-1));
#2861=CARTESIAN_POINT('',(1.464746128018E-2,-2.007914331738E-1,
-2.221929263095E-1));
#2862=CARTESIAN_POINT('',(1.464746128018E-2,-8.525175099124E-2,
-5.718551841688E-2));
#2863=CARTESIAN_POINT('',(1.464746128018E-2,5.718551841688E-2,
8.525175099124E-2));
#2864=CARTESIAN_POINT('',(1.464746128018E-2,2.221929263095E-1,
2.007914331738E-1));
#2865=CARTESIAN_POINT('',(1.464746128018E-2,4.047566636456E-1,
2.859213133510E-1));
#2866=CARTESIAN_POINT('',(1.464746128018E-2,6.110041434861E-1,
3.411890924428E-1));
#2867=CARTESIAN_POINT('',(1.464746128018E-2,7.572231221048E-1,
3.516739733564E-1));
#2868=CARTESIAN_POINT('',(1.464746128018E-2,8.361148983590E-1,
3.491946994072E-1));
#2869=CARTESIAN_POINT('',(-6.591357576081E-2,-3.518109945545E-1,
-8.361971187465E-1));
#2870=CARTESIAN_POINT('',(-6.591357576081E-2,-3.542959129018E-1,
-7.571257348316E-1));
#2871=CARTESIAN_POINT('',(-6.591357576081E-2,-3.437871617571E-1,
-6.105738691884E-1));
#2872=CARTESIAN_POINT('',(-6.591357576081E-2,-2.883935581881E-1,
-4.038568394265E-1));
#2873=CARTESIAN_POINT('',(-6.591357576081E-2,-2.030698684741E-1,
-2.208774713707E-1));
#2874=CARTESIAN_POINT('',(-6.591357576081E-2,-8.726714478087E-2,
-5.549440208602E-2));
#2875=CARTESIAN_POINT('',(-6.591357576081E-2,5.549440208602E-2,
8.726714478087E-2));
#2876=CARTESIAN_POINT('',(-6.591357576081E-2,2.208774713707E-1,
2.030698684741E-1));
#2877=CARTESIAN_POINT('',(-6.591357576081E-2,4.038568394265E-1,
2.883935581881E-1));
#2878=CARTESIAN_POINT('',(-6.591357576081E-2,6.105738691883E-1,
3.437871617571E-1));
#2879=CARTESIAN_POINT('',(-6.591357576081E-2,7.571257348317E-1,
3.542959129018E-1));
#2880=CARTESIAN_POINT('',(-6.591357576081E-2,8.361971187464E-1,
3.518109945545E-1));
#2881=CARTESIAN_POINT('',(-2.197119192027E-1,-3.018635417424E-1,
-8.346274568063E-1));
#2882=CARTESIAN_POINT('',(-2.197119192027E-1,-3.042407033984E-1,
-7.589849464093E-1));
#2883=CARTESIAN_POINT('',(-2.197119192027E-1,-2.941876566655E-1,
-6.187881966907E-1));
#2884=CARTESIAN_POINT('',(-2.197119192027E-1,-2.411961567519E-1,
-4.210353017898E-1));
#2885=CARTESIAN_POINT('',(-2.197119192027E-1,-1.595724672862E-1,
-2.459907020204E-1));
#2886=CARTESIAN_POINT('',(-2.197119192027E-1,-4.879144516074E-2,
-8.777935022068E-2));
#2887=CARTESIAN_POINT('',(-2.197119192027E-1,8.777935022068E-2,
4.879144516074E-2));
#2888=CARTESIAN_POINT('',(-2.197119192027E-1,2.459907020204E-1,
1.595724672862E-1));
#2889=CARTESIAN_POINT('',(-2.197119192027E-1,4.210353017898E-1,
2.411961567519E-1));
#2890=CARTESIAN_POINT('',(-2.197119192027E-1,6.187881966907E-1,
2.941876566655E-1));
#2891=CARTESIAN_POINT('',(-2.197119192027E-1,7.589849464091E-1,
3.042407033984E-1));
#2892=CARTESIAN_POINT('',(-2.197119192027E-1,8.346274568062E-1,
3.018635417424E-1));
#2893=CARTESIAN_POINT('',(-3.555013530034E-1,-1.150576430089E-1,
-8.287568449342E-1));
#2894=CARTESIAN_POINT('',(-3.555013530034E-1,-1.170317894068E-1,
-7.659384879844E-1));
#2895=CARTESIAN_POINT('',(-3.555013530034E-1,-1.086830993014E-1,
-6.495101803992E-1));
#2896=CARTESIAN_POINT('',(-3.555013530034E-1,-6.467558369406E-2,
-4.852835851349E-1));
#2897=CARTESIAN_POINT('',(-3.555013530034E-1,3.109925188581E-3,
-3.399154040322E-1));
#2898=CARTESIAN_POINT('',(-3.555013530034E-1,9.510953961988E-2,
-2.085266238515E-1));
#2899=CARTESIAN_POINT('',(-3.555013530034E-1,2.085266238515E-1,
-9.510953961988E-2));
#2900=CARTESIAN_POINT('',(-3.555013530034E-1,3.399154040322E-1,
-3.109925188581E-3));
#2901=CARTESIAN_POINT('',(-3.555013530034E-1,4.852835851349E-1,
6.467558369406E-2));
#2902=CARTESIAN_POINT('',(-3.555013530034E-1,6.495101803991E-1,
1.086830993014E-1));
#2903=CARTESIAN_POINT('',(-3.555013530034E-1,7.659384879844E-1,
1.170317894068E-1));
#2904=CARTESIAN_POINT('',(-3.555013530034E-1,8.287568449341E-1,
1.150576430089E-1));
#2905=CARTESIAN_POINT('',(-3.555013530034E-1,1.158471464237E-1,
-8.215003695908E-1));
#2906=CARTESIAN_POINT('',(-3.555013530034E-1,1.143711542807E-1,
-7.745335380556E-1));
#2907=CARTESIAN_POINT('',(-3.555013530034E-1,1.206131437366E-1,
-6.874846406664E-1));
#2908=CARTESIAN_POINT('',(-3.555013530034E-1,1.535158440327E-1,
-5.646988307870E-1));
#2909=CARTESIAN_POINT('',(-3.555013530034E-1,2.041964210297E-1,
-4.560127204852E-1));
#2910=CARTESIAN_POINT('',(-3.555013530034E-1,2.729809388379E-1,
-3.577784621570E-1));
#2911=CARTESIAN_POINT('',(-3.555013530034E-1,3.577784621570E-1,
-2.729809388379E-1));
#2912=CARTESIAN_POINT('',(-3.555013530034E-1,4.560127204852E-1,
-2.041964210297E-1));
#2913=CARTESIAN_POINT('',(-3.555013530034E-1,5.646988307870E-1,
-1.535158440327E-1));
#2914=CARTESIAN_POINT('',(-3.555013530034E-1,6.874846406664E-1,
-1.206131437366E-1));
#2915=CARTESIAN_POINT('',(-3.555013530034E-1,7.745335380556E-1,
-1.143711542807E-1));
#2916=CARTESIAN_POINT('',(-3.555013530034E-1,8.215003695907E-1,
-1.158471464237E-1));
#2917=CARTESIAN_POINT('',(-2.197119192027E-1,3.026530451573E-1,
-8.156297577187E-1));
#2918=CARTESIAN_POINT('',(-2.197119192027E-1,3.015800682722E-1,
-7.814870796308E-1));
#2919=CARTESIAN_POINT('',(-2.197119192027E-1,3.061177011007E-1,
-7.182066243748E-1));
#2920=CARTESIAN_POINT('',(-2.197119192027E-1,3.300364170906E-1,
-6.289471141320E-1));
#2921=CARTESIAN_POINT('',(-2.197119192027E-1,3.668788135044E-1,
-5.499374224970E-1));
#2922=CARTESIAN_POINT('',(-2.197119192027E-1,4.168819236185E-1,
-4.785257357878E-1));
#2923=CARTESIAN_POINT('',(-2.197119192027E-1,4.785257357878E-1,
-4.168819236185E-1));
#2924=CARTESIAN_POINT('',(-2.197119192027E-1,5.499374224970E-1,
-3.668788135044E-1));
#2925=CARTESIAN_POINT('',(-2.197119192027E-1,6.289471141320E-1,
-3.300364170906E-1));
#2926=CARTESIAN_POINT('',(-2.197119192027E-1,7.182066243749E-1,
-3.061177011007E-1));
#2927=CARTESIAN_POINT('',(-2.197119192027E-1,7.814870796305E-1,
-3.015800682722E-1));
#2928=CARTESIAN_POINT('',(-2.197119192027E-1,8.156297577188E-1,
-3.026530451573E-1));
#2929=CARTESIAN_POINT('',(-6.591357576081E-2,3.526004979693E-1,
-8.140600957785E-1));
#2930=CARTESIAN_POINT('',(-6.591357576081E-2,3.516352777757E-1,
-7.833462912084E-1));
#2931=CARTESIAN_POINT('',(-6.591357576081E-2,3.557172061922E-1,
-7.264209518772E-1));
#2932=CARTESIAN_POINT('',(-6.591357576081E-2,3.772338185267E-1,
-6.461255764953E-1));
#2933=CARTESIAN_POINT('',(-6.591357576081E-2,4.103762146924E-1,
-5.750506531467E-1));
#2934=CARTESIAN_POINT('',(-6.591357576081E-2,4.553576232386E-1,
-5.108106839225E-1));
#2935=CARTESIAN_POINT('',(-6.591357576081E-2,5.108106839225E-1,
-4.553576232386E-1));
#2936=CARTESIAN_POINT('',(-6.591357576081E-2,5.750506531467E-1,
-4.103762146924E-1));
#2937=CARTESIAN_POINT('',(-6.591357576081E-2,6.461255764953E-1,
-3.772338185267E-1));
#2938=CARTESIAN_POINT('',(-6.591357576081E-2,7.264209518772E-1,
-3.557172061922E-1));
#2939=CARTESIAN_POINT('',(-6.591357576081E-2,7.833462912084E-1,
-3.516352777757E-1));
#2940=CARTESIAN_POINT('',(-6.591357576081E-2,8.140600957784E-1,
-3.526004979693E-1));
#2941=CARTESIAN_POINT('',(1.464746128018E-2,3.499842028220E-1,
-8.141423161658E-1));
#2942=CARTESIAN_POINT('',(1.464746128018E-2,3.490133382303E-1,
-7.832489039353E-1));
#2943=CARTESIAN_POINT('',(1.464746128018E-2,3.531191368779E-1,
-7.259906775794E-1));
#2944=CARTESIAN_POINT('',(1.464746128018E-2,3.747615736896E-1,
-6.452257522763E-1));
#2945=CARTESIAN_POINT('',(1.464746128018E-2,4.080977793920E-1,
-5.737351982079E-1));
#2946=CARTESIAN_POINT('',(1.464746128018E-2,4.533422294490E-1,
-5.091195675916E-1));
#2947=CARTESIAN_POINT('',(1.464746128018E-2,5.091195675916E-1,
-4.533422294490E-1));
#2948=CARTESIAN_POINT('',(1.464746128018E-2,5.737351982079E-1,
-4.080977793920E-1));
#2949=CARTESIAN_POINT('',(1.464746128018E-2,6.452257522763E-1,
-3.747615736896E-1));
#2950=CARTESIAN_POINT('',(1.464746128018E-2,7.259906775794E-1,
-3.531191368779E-1));
#2951=CARTESIAN_POINT('',(1.464746128018E-2,7.832489039353E-1,
-3.490133382303E-1));
#2952=CARTESIAN_POINT('',(1.464746128018E-2,8.141423161658E-1,
-3.499842028220E-1));
#2953=CARTESIAN_POINT('',(2.195720483937E-2,3.495130552308E-1,
-8.141571225754E-1));
#2954=CARTESIAN_POINT('',(2.195720483937E-2,3.485411741847E-1,
-7.832313662430E-1));
#2955=CARTESIAN_POINT('',(2.195720483937E-2,3.526512714306E-1,
-7.259131929351E-1));
#2956=CARTESIAN_POINT('',(2.195720483937E-2,3.743163669624E-1,
-6.450637101559E-1));
#2957=CARTESIAN_POINT('',(2.195720483937E-2,4.076874742685E-1,
-5.734983084876E-1));
#2958=CARTESIAN_POINT('',(2.195720483937E-2,4.529792933597E-1,
-5.088150280267E-1));
#2959=CARTESIAN_POINT('',(2.195720483937E-2,5.088150280267E-1,
-4.529792933597E-1));
#2960=CARTESIAN_POINT('',(2.195720483937E-2,5.734983084876E-1,
-4.076874742685E-1));
#2961=CARTESIAN_POINT('',(2.195720483937E-2,6.450637101559E-1,
-3.743163669624E-1));
#2962=CARTESIAN_POINT('',(2.195720483937E-2,7.259131929351E-1,
-3.526512714306E-1));
#2963=CARTESIAN_POINT('',(2.195720483937E-2,7.832313662430E-1,
-3.485411741847E-1));
#2964=CARTESIAN_POINT('',(2.195720483937E-2,8.141571225753E-1,
-3.495130552308E-1));
#2965=B_SPLINE_SURFACE_WITH_KNOTS('',3,3,((#2845,#2846,#2847,#2848,#2849,#2850,
#2851,#2852,#2853,#2854,#2855,#2856),(#2857,#2858,#2859,#2860,#2861,#2862,#2863,
#2864,#2865,#2866,#2867,#2868),(#2869,#2870,#2871,#2872,#2873,#2874,#2875,#2876,
#2877,#2878,#2879,#2880),(#2881,#2882,#2883,#2884,#2885,#2886,#2887,#2888,#2889,
#2890,#2891,#2892),(#2893,#2894,#2895,#2896,#2897,#2898,#2899,#2900,#2901,#2902,
#2903,#2904),(#2905,#2906,#2907,#2908,#2909,#2910,#2911,#2912,#2913,#2914,#2915,
#2916),(#2917,#2918,#2919,#2920,#2921,#2922,#2923,#2924,#2925,#2926,#2927,
#2928),(#2929,#2930,#2931,#2932,#2933,#2934,#2935,#2936,#2937,#2938,#2939,
#2940),(#2941,#2942,#2943,#2944,#2945,#2946,#2947,#2948,#2949,#2950,#2951,
#2952),(#2953,#2954,#2955,#2956,#2957,#2958,#2959,#2960,#2961,#2962,#2963,
#2964)),.UNSPECIFIED.,.F.,.F.,.F.,(4,1,1,1,1,1,1,4),(4,1,1,1,1,1,1,1,1,4),(
4.9E-1,5.E-1,6.E-1,7.E-1,8.E-1,9.E-1,1.E0,1.01E0),(-2.E-2,1.111111111111E-1,
2.222222222222E-1,3.333333333333E-1,4.444444444444E-1,5.555555555556E-1,
6.666666666667E-1,7.777777777778E-1,8.888888888889E-1,1.02E0),.UNSPECIFIED.);
#2966=ORIENTED_EDGE('',*,*,#2832,.T.);
#2968=ORIENTED_EDGE('',*,*,#2967,.T.);
#2970=ORIENTED_EDGE('',*,*,#2969,.F.);
#2972=ORIENTED_EDGE('',*,*,#2971,.F.);
#2973=EDGE_LOOP('',(#2966,#2968,#2970,#2972));
#2974=FACE_OUTER_BOUND('',#2973,.F.);
#2976=FILL_AREA_STYLE_COLOUR('',#2401);
#2977=FILL_AREA_STYLE('',(#2976));
#2978=SURFACE_STYLE_FILL_AREA(#2977);
#2979=SURFACE_SIDE_STYLE('',(#2978));
#2980=SURFACE_STYLE_USAGE(.POSITIVE.,#2979);
#2981=PRESENTATION_STYLE_ASSIGNMENT((#2980));
#2982=STYLED_ITEM('',(#2981),#2975);
#2983=CARTESIAN_POINT('',(-2.195720483937E-2,3.495130552308E-1,
-8.141571225754E-1));
#2984=CARTESIAN_POINT('',(-2.195720483937E-2,3.485411741847E-1,
-7.832313662430E-1));
#2985=CARTESIAN_POINT('',(-2.195720483937E-2,3.526512714306E-1,
-7.259131929351E-1));
#2986=CARTESIAN_POINT('',(-2.195720483937E-2,3.743163669624E-1,
-6.450637101559E-1));
#2987=CARTESIAN_POINT('',(-2.195720483937E-2,4.076874742685E-1,
-5.734983084876E-1));
#2988=CARTESIAN_POINT('',(-2.195720483937E-2,4.529792933597E-1,
-5.088150280267E-1));
#2989=CARTESIAN_POINT('',(-2.195720483937E-2,5.088150280267E-1,
-4.529792933597E-1));
#2990=CARTESIAN_POINT('',(-2.195720483937E-2,5.734983084876E-1,
-4.076874742685E-1));
#2991=CARTESIAN_POINT('',(-2.195720483937E-2,6.450637101559E-1,
-3.743163669624E-1));
#2992=CARTESIAN_POINT('',(-2.195720483937E-2,7.259131929351E-1,
-3.526512714306E-1));
#2993=CARTESIAN_POINT('',(-2.195720483937E-2,7.832313662430E-1,
-3.485411741847E-1));
#2994=CARTESIAN_POINT('',(-2.195720483937E-2,8.141571225753E-1,
-3.495130552308E-1));
#2995=CARTESIAN_POINT('',(-1.464746128018E-2,3.499842028220E-1,
-8.141423161658E-1));
#2996=CARTESIAN_POINT('',(-1.464746128018E-2,3.490133382303E-1,
-7.832489039353E-1));
#2997=CARTESIAN_POINT('',(-1.464746128018E-2,3.531191368779E-1,
-7.259906775794E-1));
#2998=CARTESIAN_POINT('',(-1.464746128018E-2,3.747615736896E-1,
-6.452257522763E-1));
#2999=CARTESIAN_POINT('',(-1.464746128018E-2,4.080977793920E-1,
-5.737351982079E-1));
#3000=CARTESIAN_POINT('',(-1.464746128018E-2,4.533422294490E-1,
-5.091195675916E-1));
#3001=CARTESIAN_POINT('',(-1.464746128018E-2,5.091195675916E-1,
-4.533422294490E-1));
#3002=CARTESIAN_POINT('',(-1.464746128018E-2,5.737351982079E-1,
-4.080977793920E-1));
#3003=CARTESIAN_POINT('',(-1.464746128018E-2,6.452257522763E-1,
-3.747615736896E-1));
#3004=CARTESIAN_POINT('',(-1.464746128018E-2,7.259906775794E-1,
-3.531191368779E-1));
#3005=CARTESIAN_POINT('',(-1.464746128018E-2,7.832489039353E-1,
-3.490133382303E-1));
#3006=CARTESIAN_POINT('',(-1.464746128018E-2,8.141423161658E-1,
-3.499842028220E-1));
#3007=CARTESIAN_POINT('',(6.591357576081E-2,3.526004979693E-1,
-8.140600957785E-1));
#3008=CARTESIAN_POINT('',(6.591357576081E-2,3.516352777757E-1,
-7.833462912084E-1));
#3009=CARTESIAN_POINT('',(6.591357576081E-2,3.557172061922E-1,
-7.264209518772E-1));
#3010=CARTESIAN_POINT('',(6.591357576081E-2,3.772338185267E-1,
-6.461255764953E-1));
#3011=CARTESIAN_POINT('',(6.591357576081E-2,4.103762146924E-1,
-5.750506531467E-1));
#3012=CARTESIAN_POINT('',(6.591357576081E-2,4.553576232386E-1,
-5.108106839225E-1));
#3013=CARTESIAN_POINT('',(6.591357576081E-2,5.108106839225E-1,
-4.553576232386E-1));
#3014=CARTESIAN_POINT('',(6.591357576081E-2,5.750506531467E-1,
-4.103762146924E-1));
#3015=CARTESIAN_POINT('',(6.591357576081E-2,6.461255764953E-1,
-3.772338185267E-1));
#3016=CARTESIAN_POINT('',(6.591357576081E-2,7.264209518772E-1,
-3.557172061922E-1));
#3017=CARTESIAN_POINT('',(6.591357576081E-2,7.833462912084E-1,
-3.516352777757E-1));
#3018=CARTESIAN_POINT('',(6.591357576081E-2,8.140600957784E-1,
-3.526004979693E-1));
#3019=CARTESIAN_POINT('',(2.197119192027E-1,3.026530451573E-1,
-8.156297577187E-1));
#3020=CARTESIAN_POINT('',(2.197119192027E-1,3.015800682722E-1,
-7.814870796308E-1));
#3021=CARTESIAN_POINT('',(2.197119192027E-1,3.061177011007E-1,
-7.182066243748E-1));
#3022=CARTESIAN_POINT('',(2.197119192027E-1,3.300364170906E-1,
-6.289471141320E-1));
#3023=CARTESIAN_POINT('',(2.197119192027E-1,3.668788135044E-1,
-5.499374224970E-1));
#3024=CARTESIAN_POINT('',(2.197119192027E-1,4.168819236185E-1,
-4.785257357878E-1));
#3025=CARTESIAN_POINT('',(2.197119192027E-1,4.785257357878E-1,
-4.168819236185E-1));
#3026=CARTESIAN_POINT('',(2.197119192027E-1,5.499374224970E-1,
-3.668788135044E-1));
#3027=CARTESIAN_POINT('',(2.197119192027E-1,6.289471141320E-1,
-3.300364170906E-1));
#3028=CARTESIAN_POINT('',(2.197119192027E-1,7.182066243748E-1,
-3.061177011007E-1));
#3029=CARTESIAN_POINT('',(2.197119192027E-1,7.814870796306E-1,
-3.015800682722E-1));
#3030=CARTESIAN_POINT('',(2.197119192027E-1,8.156297577187E-1,
-3.026530451573E-1));
#3031=CARTESIAN_POINT('',(3.555013530034E-1,1.158471464237E-1,
-8.215003695908E-1));
#3032=CARTESIAN_POINT('',(3.555013530034E-1,1.143711542807E-1,
-7.745335380556E-1));
#3033=CARTESIAN_POINT('',(3.555013530034E-1,1.206131437366E-1,
-6.874846406664E-1));
#3034=CARTESIAN_POINT('',(3.555013530034E-1,1.535158440327E-1,
-5.646988307870E-1));
#3035=CARTESIAN_POINT('',(3.555013530034E-1,2.041964210297E-1,
-4.560127204852E-1));
#3036=CARTESIAN_POINT('',(3.555013530034E-1,2.729809388379E-1,
-3.577784621570E-1));
#3037=CARTESIAN_POINT('',(3.555013530034E-1,3.577784621570E-1,
-2.729809388379E-1));
#3038=CARTESIAN_POINT('',(3.555013530034E-1,4.560127204852E-1,
-2.041964210297E-1));
#3039=CARTESIAN_POINT('',(3.555013530034E-1,5.646988307870E-1,
-1.535158440327E-1));
#3040=CARTESIAN_POINT('',(3.555013530034E-1,6.874846406665E-1,
-1.206131437366E-1));
#3041=CARTESIAN_POINT('',(3.555013530034E-1,7.745335380554E-1,
-1.143711542807E-1));
#3042=CARTESIAN_POINT('',(3.555013530034E-1,8.215003695909E-1,
-1.158471464237E-1));
#3043=CARTESIAN_POINT('',(3.555013530034E-1,-1.150576430089E-1,
-8.287568449342E-1));
#3044=CARTESIAN_POINT('',(3.555013530034E-1,-1.170317894068E-1,
-7.659384879844E-1));
#3045=CARTESIAN_POINT('',(3.555013530034E-1,-1.086830993014E-1,
-6.495101803992E-1));
#3046=CARTESIAN_POINT('',(3.555013530034E-1,-6.467558369406E-2,
-4.852835851349E-1));
#3047=CARTESIAN_POINT('',(3.555013530034E-1,3.109925188581E-3,
-3.399154040322E-1));
#3048=CARTESIAN_POINT('',(3.555013530034E-1,9.510953961988E-2,
-2.085266238515E-1));
#3049=CARTESIAN_POINT('',(3.555013530034E-1,2.085266238515E-1,
-9.510953961988E-2));
#3050=CARTESIAN_POINT('',(3.555013530034E-1,3.399154040322E-1,
-3.109925188581E-3));
#3051=CARTESIAN_POINT('',(3.555013530034E-1,4.852835851349E-1,
6.467558369406E-2));
#3052=CARTESIAN_POINT('',(3.555013530034E-1,6.495101803991E-1,
1.086830993014E-1));
#3053=CARTESIAN_POINT('',(3.555013530034E-1,7.659384879844E-1,
1.170317894068E-1));
#3054=CARTESIAN_POINT('',(3.555013530034E-1,8.287568449341E-1,
1.150576430089E-1));
#3055=CARTESIAN_POINT('',(2.197119192027E-1,-3.018635417424E-1,
-8.346274568063E-1));
#3056=CARTESIAN_POINT('',(2.197119192027E-1,-3.042407033984E-1,
-7.589849464093E-1));
#3057=CARTESIAN_POINT('',(2.197119192027E-1,-2.941876566655E-1,
-6.187881966907E-1));
#3058=CARTESIAN_POINT('',(2.197119192027E-1,-2.411961567519E-1,
-4.210353017898E-1));
#3059=CARTESIAN_POINT('',(2.197119192027E-1,-1.595724672862E-1,
-2.459907020204E-1));
#3060=CARTESIAN_POINT('',(2.197119192027E-1,-4.879144516074E-2,
-8.777935022068E-2));
#3061=CARTESIAN_POINT('',(2.197119192027E-1,8.777935022068E-2,
4.879144516074E-2));
#3062=CARTESIAN_POINT('',(2.197119192027E-1,2.459907020204E-1,
1.595724672862E-1));
#3063=CARTESIAN_POINT('',(2.197119192027E-1,4.210353017898E-1,
2.411961567519E-1));
#3064=CARTESIAN_POINT('',(2.197119192027E-1,6.187881966908E-1,
2.941876566655E-1));
#3065=CARTESIAN_POINT('',(2.197119192027E-1,7.589849464091E-1,
3.042407033984E-1));
#3066=CARTESIAN_POINT('',(2.197119192027E-1,8.346274568062E-1,
3.018635417424E-1));
#3067=CARTESIAN_POINT('',(6.591357576081E-2,-3.518109945545E-1,
-8.361971187465E-1));
#3068=CARTESIAN_POINT('',(6.591357576081E-2,-3.542959129018E-1,
-7.571257348316E-1));
#3069=CARTESIAN_POINT('',(6.591357576081E-2,-3.437871617571E-1,
-6.105738691884E-1));
#3070=CARTESIAN_POINT('',(6.591357576081E-2,-2.883935581881E-1,
-4.038568394265E-1));
#3071=CARTESIAN_POINT('',(6.591357576081E-2,-2.030698684741E-1,
-2.208774713707E-1));
#3072=CARTESIAN_POINT('',(6.591357576081E-2,-8.726714478087E-2,
-5.549440208602E-2));
#3073=CARTESIAN_POINT('',(6.591357576081E-2,5.549440208602E-2,
8.726714478087E-2));
#3074=CARTESIAN_POINT('',(6.591357576081E-2,2.208774713707E-1,
2.030698684741E-1));
#3075=CARTESIAN_POINT('',(6.591357576081E-2,4.038568394265E-1,
2.883935581881E-1));
#3076=CARTESIAN_POINT('',(6.591357576081E-2,6.105738691883E-1,
3.437871617571E-1));
#3077=CARTESIAN_POINT('',(6.591357576081E-2,7.571257348317E-1,
3.542959129018E-1));
#3078=CARTESIAN_POINT('',(6.591357576081E-2,8.361971187464E-1,
3.518109945545E-1));
#3079=CARTESIAN_POINT('',(-1.464746128018E-2,-3.491946994072E-1,
-8.361148983592E-1));
#3080=CARTESIAN_POINT('',(-1.464746128018E-2,-3.516739733564E-1,
-7.572231221048E-1));
#3081=CARTESIAN_POINT('',(-1.464746128018E-2,-3.411890924428E-1,
-6.110041434861E-1));
#3082=CARTESIAN_POINT('',(-1.464746128018E-2,-2.859213133510E-1,
-4.047566636456E-1));
#3083=CARTESIAN_POINT('',(-1.464746128018E-2,-2.007914331738E-1,
-2.221929263095E-1));
#3084=CARTESIAN_POINT('',(-1.464746128018E-2,-8.525175099124E-2,
-5.718551841688E-2));
#3085=CARTESIAN_POINT('',(-1.464746128018E-2,5.718551841688E-2,
8.525175099124E-2));
#3086=CARTESIAN_POINT('',(-1.464746128018E-2,2.221929263095E-1,
2.007914331738E-1));
#3087=CARTESIAN_POINT('',(-1.464746128018E-2,4.047566636456E-1,
2.859213133510E-1));
#3088=CARTESIAN_POINT('',(-1.464746128018E-2,6.110041434861E-1,
3.411890924428E-1));
#3089=CARTESIAN_POINT('',(-1.464746128018E-2,7.572231221048E-1,
3.516739733564E-1));
#3090=CARTESIAN_POINT('',(-1.464746128018E-2,8.361148983590E-1,
3.491946994072E-1));
#3091=CARTESIAN_POINT('',(-2.195720483937E-2,-3.487235518160E-1,
-8.361000919496E-1));
#3092=CARTESIAN_POINT('',(-2.195720483937E-2,-3.512018093108E-1,
-7.572406597970E-1));
#3093=CARTESIAN_POINT('',(-2.195720483937E-2,-3.407212269955E-1,
-6.110816281305E-1));
#3094=CARTESIAN_POINT('',(-2.195720483937E-2,-2.854761066237E-1,
-4.049187057660E-1));
#3095=CARTESIAN_POINT('',(-2.195720483937E-2,-2.003811280503E-1,
-2.224298160298E-1));
#3096=CARTESIAN_POINT('',(-2.195720483937E-2,-8.488881490189E-2,
-5.749005798177E-2));
#3097=CARTESIAN_POINT('',(-2.195720483937E-2,5.749005798177E-2,
8.488881490189E-2));
#3098=CARTESIAN_POINT('',(-2.195720483937E-2,2.224298160298E-1,
2.003811280503E-1));
#3099=CARTESIAN_POINT('',(-2.195720483937E-2,4.049187057660E-1,
2.854761066237E-1));
#3100=CARTESIAN_POINT('',(-2.195720483937E-2,6.110816281304E-1,
3.407212269955E-1));
#3101=CARTESIAN_POINT('',(-2.195720483937E-2,7.572406597970E-1,
3.512018093108E-1));
#3102=CARTESIAN_POINT('',(-2.195720483937E-2,8.361000919495E-1,
3.487235518160E-1));
#3103=B_SPLINE_SURFACE_WITH_KNOTS('',3,3,((#2983,#2984,#2985,#2986,#2987,#2988,
#2989,#2990,#2991,#2992,#2993,#2994),(#2995,#2996,#2997,#2998,#2999,#3000,#3001,
#3002,#3003,#3004,#3005,#3006),(#3007,#3008,#3009,#3010,#3011,#3012,#3013,#3014,
#3015,#3016,#3017,#3018),(#3019,#3020,#3021,#3022,#3023,#3024,#3025,#3026,#3027,
#3028,#3029,#3030),(#3031,#3032,#3033,#3034,#3035,#3036,#3037,#3038,#3039,#3040,
#3041,#3042),(#3043,#3044,#3045,#3046,#3047,#3048,#3049,#3050,#3051,#3052,#3053,
#3054),(#3055,#3056,#3057,#3058,#3059,#3060,#3061,#3062,#3063,#3064,#3065,
#3066),(#3067,#3068,#3069,#3070,#3071,#3072,#3073,#3074,#3075,#3076,#3077,
#3078),(#3079,#3080,#3081,#3082,#3083,#3084,#3085,#3086,#3087,#3088,#3089,
#3090),(#3091,#3092,#3093,#3094,#3095,#3096,#3097,#3098,#3099,#3100,#3101,
#3102)),.UNSPECIFIED.,.F.,.F.,.F.,(4,1,1,1,1,1,1,4),(4,1,1,1,1,1,1,1,1,4),(
-1.E-2,0.E0,1.E-1,2.E-1,3.E-1,4.E-1,5.E-1,5.1E-1),(-2.E-2,1.111111111111E-1,
2.222222222222E-1,3.333333333333E-1,4.444444444444E-1,5.555555555556E-1,
6.666666666667E-1,7.777777777778E-1,8.888888888889E-1,1.02E0),.UNSPECIFIED.);
#3104=ORIENTED_EDGE('',*,*,#2775,.T.);
#3105=ORIENTED_EDGE('',*,*,#2971,.T.);
#3107=ORIENTED_EDGE('',*,*,#3106,.F.);
#3108=ORIENTED_EDGE('',*,*,#2967,.F.);
#3109=EDGE_LOOP('',(#3104,#3105,#3107,#3108));
#3110=FACE_OUTER_BOUND('',#3109,.F.);
#3112=FILL_AREA_STYLE_COLOUR('',#2401);
#3113=FILL_AREA_STYLE('',(#3112));
#3114=SURFACE_STYLE_FILL_AREA(#3113);
#3115=SURFACE_SIDE_STYLE('',(#3114));
#3116=SURFACE_STYLE_USAGE(.POSITIVE.,#3115);
#3117=PRESENTATION_STYLE_ASSIGNMENT((#3116));
#3118=STYLED_ITEM('',(#3117),#3111);
#3119=CARTESIAN_POINT('',(-2.195720483937E-2,7.66E-1,-3.492906573776E-1));
#3120=CARTESIAN_POINT('',(-2.195720483937E-2,1.355333333333E0,
-3.492906573776E-1));
#3121=CARTESIAN_POINT('',(-2.195720483937E-2,1.944666666668E0,
-3.492906573776E-1));
#3122=CARTESIAN_POINT('',(-2.195720483937E-2,2.534E0,-3.492906573776E-1));
#3123=CARTESIAN_POINT('',(-1.464746128018E-2,7.66E-1,-3.497620375665E-1));
#3124=CARTESIAN_POINT('',(-1.464746128018E-2,1.355333333333E0,
-3.497620375665E-1));
#3125=CARTESIAN_POINT('',(-1.464746128018E-2,1.944666666668E0,
-3.497620375665E-1));
#3126=CARTESIAN_POINT('',(-1.464746128018E-2,2.534E0,-3.497620375665E-1));
#3127=CARTESIAN_POINT('',(6.591357576081E-2,7.66E-1,-3.523796243349E-1));
#3128=CARTESIAN_POINT('',(6.591357576081E-2,1.355333333333E0,
-3.523796243349E-1));
#3129=CARTESIAN_POINT('',(6.591357576081E-2,1.944666666668E0,
-3.523796243349E-1));
#3130=CARTESIAN_POINT('',(6.591357576081E-2,2.534E0,-3.523796243349E-1));
#3131=CARTESIAN_POINT('',(2.197119192027E-1,7.66E-1,-3.024075133026E-1));
#3132=CARTESIAN_POINT('',(2.197119192027E-1,1.355333333333E0,
-3.024075133026E-1));
#3133=CARTESIAN_POINT('',(2.197119192027E-1,1.944666666668E0,
-3.024075133026E-1));
#3134=CARTESIAN_POINT('',(2.197119192027E-1,2.534E0,-3.024075133026E-1));
#3135=CARTESIAN_POINT('',(3.555013530034E-1,7.66E-1,-1.155093916283E-1));
#3136=CARTESIAN_POINT('',(3.555013530034E-1,1.355333333333E0,
-1.155093916283E-1));
#3137=CARTESIAN_POINT('',(3.555013530034E-1,1.944666666668E0,
-1.155093916283E-1));
#3138=CARTESIAN_POINT('',(3.555013530034E-1,2.534E0,-1.155093916283E-1));
#3139=CARTESIAN_POINT('',(3.555013530034E-1,7.66E-1,1.155093916283E-1));
#3140=CARTESIAN_POINT('',(3.555013530034E-1,1.355333333333E0,
1.155093916283E-1));
#3141=CARTESIAN_POINT('',(3.555013530034E-1,1.944666666668E0,
1.155093916283E-1));
#3142=CARTESIAN_POINT('',(3.555013530034E-1,2.534E0,1.155093916283E-1));
#3143=CARTESIAN_POINT('',(2.197119192027E-1,7.66E-1,3.024075133026E-1));
#3144=CARTESIAN_POINT('',(2.197119192027E-1,1.355333333333E0,
3.024075133026E-1));
#3145=CARTESIAN_POINT('',(2.197119192027E-1,1.944666666668E0,
3.024075133026E-1));
#3146=CARTESIAN_POINT('',(2.197119192027E-1,2.534E0,3.024075133026E-1));
#3147=CARTESIAN_POINT('',(6.591357576081E-2,7.66E-1,3.523796243349E-1));
#3148=CARTESIAN_POINT('',(6.591357576081E-2,1.355333333333E0,
3.523796243349E-1));
#3149=CARTESIAN_POINT('',(6.591357576081E-2,1.944666666668E0,
3.523796243349E-1));
#3150=CARTESIAN_POINT('',(6.591357576081E-2,2.534E0,3.523796243349E-1));
#3151=CARTESIAN_POINT('',(-1.464746128018E-2,7.66E-1,3.497620375665E-1));
#3152=CARTESIAN_POINT('',(-1.464746128018E-2,1.355333333333E0,
3.497620375665E-1));
#3153=CARTESIAN_POINT('',(-1.464746128018E-2,1.944666666668E0,
3.497620375665E-1));
#3154=CARTESIAN_POINT('',(-1.464746128018E-2,2.534E0,3.497620375665E-1));
#3155=CARTESIAN_POINT('',(-2.195720483937E-2,7.66E-1,3.492906573776E-1));
#3156=CARTESIAN_POINT('',(-2.195720483937E-2,1.355333333333E0,
3.492906573776E-1));
#3157=CARTESIAN_POINT('',(-2.195720483937E-2,1.944666666668E0,
3.492906573776E-1));
#3158=CARTESIAN_POINT('',(-2.195720483937E-2,2.534E0,3.492906573776E-1));
#3159=B_SPLINE_SURFACE_WITH_KNOTS('',3,3,((#3119,#3120,#3121,#3122),(#3123,
#3124,#3125,#3126),(#3127,#3128,#3129,#3130),(#3131,#3132,#3133,#3134),(#3135,
#3136,#3137,#3138),(#3139,#3140,#3141,#3142),(#3143,#3144,#3145,#3146),(#3147,
#3148,#3149,#3150),(#3151,#3152,#3153,#3154),(#3155,#3156,#3157,#3158)),
.UNSPECIFIED.,.F.,.F.,.F.,(4,1,1,1,1,1,1,4),(4,4),(-1.E-2,0.E0,1.E-1,2.E-1,
3.E-1,4.E-1,5.E-1,5.1E-1),(-2.E-2,1.02E0),.UNSPECIFIED.);
#3161=ORIENTED_EDGE('',*,*,#3160,.F.);
#3163=ORIENTED_EDGE('',*,*,#3162,.F.);
#3164=ORIENTED_EDGE('',*,*,#3106,.T.);
#3166=ORIENTED_EDGE('',*,*,#3165,.T.);
#3168=ORIENTED_EDGE('',*,*,#3167,.F.);
#3169=EDGE_LOOP('',(#3161,#3163,#3164,#3166,#3168));
#3170=FACE_OUTER_BOUND('',#3169,.F.);
#3172=FILL_AREA_STYLE_COLOUR('',#2401);
#3173=FILL_AREA_STYLE('',(#3172));
#3174=SURFACE_STYLE_FILL_AREA(#3173);
#3175=SURFACE_SIDE_STYLE('',(#3174));
#3176=SURFACE_STYLE_USAGE(.POSITIVE.,#3175);
#3177=PRESENTATION_STYLE_ASSIGNMENT((#3176));
#3178=STYLED_ITEM('',(#3177),#3171);
#3179=CARTESIAN_POINT('',(1.E0,2.5E0,0.E0));
#3180=DIRECTION('',(0.E0,0.E0,1.E0));
#3181=DIRECTION('',(0.E0,-1.E0,0.E0));
#3182=AXIS2_PLACEMENT_3D('',#3179,#3180,#3181);
#3183=TOROIDAL_SURFACE('',#3182,1.E0,3.5E-1);
#3185=ORIENTED_EDGE('',*,*,#3184,.T.);
#3186=ORIENTED_EDGE('',*,*,#3160,.T.);
#3188=ORIENTED_EDGE('',*,*,#3187,.F.);
#3190=ORIENTED_EDGE('',*,*,#3189,.T.);
#3192=ORIENTED_EDGE('',*,*,#3191,.T.);
#3193=EDGE_LOOP('',(#3185,#3186,#3188,#3190,#3192));
#3194=FACE_OUTER_BOUND('',#3193,.F.);
#3196=FILL_AREA_STYLE_COLOUR('',#2401);
#3197=FILL_AREA_STYLE('',(#3196));
#3198=SURFACE_STYLE_FILL_AREA(#3197);
#3199=SURFACE_SIDE_STYLE('',(#3198));
#3200=SURFACE_STYLE_USAGE(.POSITIVE.,#3199);
#3201=PRESENTATION_STYLE_ASSIGNMENT((#3200));
#3202=STYLED_ITEM('',(#3201),#3195);
#3203=CARTESIAN_POINT('',(2.195720483937E-2,7.66E-1,3.492906573776E-1));
#3204=CARTESIAN_POINT('',(2.195720483937E-2,1.355333333333E0,
3.492906573776E-1));
#3205=CARTESIAN_POINT('',(2.195720483937E-2,1.944666666668E0,
3.492906573776E-1));
#3206=CARTESIAN_POINT('',(2.195720483937E-2,2.534E0,3.492906573776E-1));
#3207=CARTESIAN_POINT('',(1.464746128018E-2,7.66E-1,3.497620375665E-1));
#3208=CARTESIAN_POINT('',(1.464746128018E-2,1.355333333333E0,
3.497620375665E-1));
#3209=CARTESIAN_POINT('',(1.464746128018E-2,1.944666666668E0,
3.497620375665E-1));
#3210=CARTESIAN_POINT('',(1.464746128018E-2,2.534E0,3.497620375665E-1));
#3211=CARTESIAN_POINT('',(-6.591357576081E-2,7.66E-1,3.523796243349E-1));
#3212=CARTESIAN_POINT('',(-6.591357576081E-2,1.355333333333E0,
3.523796243349E-1));
#3213=CARTESIAN_POINT('',(-6.591357576081E-2,1.944666666668E0,
3.523796243349E-1));
#3214=CARTESIAN_POINT('',(-6.591357576081E-2,2.534E0,3.523796243349E-1));
#3215=CARTESIAN_POINT('',(-2.197119192027E-1,7.66E-1,3.024075133026E-1));
#3216=CARTESIAN_POINT('',(-2.197119192027E-1,1.355333333333E0,
3.024075133026E-1));
#3217=CARTESIAN_POINT('',(-2.197119192027E-1,1.944666666668E0,
3.024075133026E-1));
#3218=CARTESIAN_POINT('',(-2.197119192027E-1,2.534E0,3.024075133026E-1));
#3219=CARTESIAN_POINT('',(-3.555013530034E-1,7.66E-1,1.155093916283E-1));
#3220=CARTESIAN_POINT('',(-3.555013530034E-1,1.355333333333E0,
1.155093916283E-1));
#3221=CARTESIAN_POINT('',(-3.555013530034E-1,1.944666666668E0,
1.155093916283E-1));
#3222=CARTESIAN_POINT('',(-3.555013530034E-1,2.534E0,1.155093916283E-1));
#3223=CARTESIAN_POINT('',(-3.555013530034E-1,7.66E-1,-1.155093916283E-1));
#3224=CARTESIAN_POINT('',(-3.555013530034E-1,1.355333333333E0,
-1.155093916283E-1));
#3225=CARTESIAN_POINT('',(-3.555013530034E-1,1.944666666668E0,
-1.155093916283E-1));
#3226=CARTESIAN_POINT('',(-3.555013530034E-1,2.534E0,-1.155093916283E-1));
#3227=CARTESIAN_POINT('',(-2.197119192027E-1,7.66E-1,-3.024075133026E-1));
#3228=CARTESIAN_POINT('',(-2.197119192027E-1,1.355333333333E0,
-3.024075133026E-1));
#3229=CARTESIAN_POINT('',(-2.197119192027E-1,1.944666666668E0,
-3.024075133026E-1));
#3230=CARTESIAN_POINT('',(-2.197119192027E-1,2.534E0,-3.024075133026E-1));
#3231=CARTESIAN_POINT('',(-6.591357576081E-2,7.66E-1,-3.523796243349E-1));
#3232=CARTESIAN_POINT('',(-6.591357576081E-2,1.355333333333E0,
-3.523796243349E-1));
#3233=CARTESIAN_POINT('',(-6.591357576081E-2,1.944666666668E0,
-3.523796243349E-1));
#3234=CARTESIAN_POINT('',(-6.591357576081E-2,2.534E0,-3.523796243349E-1));
#3235=CARTESIAN_POINT('',(1.464746128018E-2,7.66E-1,-3.497620375665E-1));
#3236=CARTESIAN_POINT('',(1.464746128018E-2,1.355333333333E0,
-3.497620375665E-1));
#3237=CARTESIAN_POINT('',(1.464746128018E-2,1.944666666668E0,
-3.497620375665E-1));
#3238=CARTESIAN_POINT('',(1.464746128018E-2,2.534E0,-3.497620375665E-1));
#3239=CARTESIAN_POINT('',(2.195720483937E-2,7.66E-1,-3.492906573776E-1));
#3240=CARTESIAN_POINT('',(2.195720483937E-2,1.355333333333E0,
-3.492906573776E-1));
#3241=CARTESIAN_POINT('',(2.195720483937E-2,1.944666666668E0,
-3.492906573776E-1));
#3242=CARTESIAN_POINT('',(2.195720483937E-2,2.534E0,-3.492906573776E-1));
#3243=B_SPLINE_SURFACE_WITH_KNOTS('',3,3,((#3203,#3204,#3205,#3206),(#3207,
#3208,#3209,#3210),(#3211,#3212,#3213,#3214),(#3215,#3216,#3217,#3218),(#3219,
#3220,#3221,#3222),(#3223,#3224,#3225,#3226),(#3227,#3228,#3229,#3230),(#3231,
#3232,#3233,#3234),(#3235,#3236,#3237,#3238),(#3239,#3240,#3241,#3242)),
.UNSPECIFIED.,.F.,.F.,.F.,(4,1,1,1,1,1,1,4),(4,4),(4.9E-1,5.E-1,6.E-1,7.E-1,
8.E-1,9.E-1,1.E0,1.01E0),(-2.E-2,1.02E0),.UNSPECIFIED.);
#3244=ORIENTED_EDGE('',*,*,#3184,.F.);
#3246=ORIENTED_EDGE('',*,*,#3245,.F.);
#3247=ORIENTED_EDGE('',*,*,#3165,.F.);
#3248=ORIENTED_EDGE('',*,*,#2969,.T.);
#3249=ORIENTED_EDGE('',*,*,#3162,.T.);
#3250=EDGE_LOOP('',(#3244,#3246,#3247,#3248,#3249));
#3251=FACE_OUTER_BOUND('',#3250,.F.);
#3253=FILL_AREA_STYLE_COLOUR('',#2401);
#3254=FILL_AREA_STYLE('',(#3253));
#3255=SURFACE_STYLE_FILL_AREA(#3254);
#3256=SURFACE_SIDE_STYLE('',(#3255));
#3257=SURFACE_STYLE_USAGE(.POSITIVE.,#3256);
#3258=PRESENTATION_STYLE_ASSIGNMENT((#3257));
#3259=STYLED_ITEM('',(#3258),#3252);
#3260=CARTESIAN_POINT('',(1.E0,2.5E0,0.E0));
#3261=DIRECTION('',(0.E0,0.E0,1.E0));
#3262=DIRECTION('',(0.E0,-1.E0,0.E0));
#3263=AXIS2_PLACEMENT_3D('',#3260,#3261,#3262);
#3264=TOROIDAL_SURFACE('',#3263,1.E0,3.5E-1);
#3265=ORIENTED_EDGE('',*,*,#3167,.T.);
#3266=ORIENTED_EDGE('',*,*,#3245,.T.);
#3267=ORIENTED_EDGE('',*,*,#3191,.F.);
#3269=ORIENTED_EDGE('',*,*,#3268,.T.);
#3270=ORIENTED_EDGE('',*,*,#3187,.T.);
#3271=EDGE_LOOP('',(#3265,#3266,#3267,#3269,#3270));
#3272=FACE_OUTER_BOUND('',#3271,.F.);
#3274=FILL_AREA_STYLE_COLOUR('',#2401);
#3275=FILL_AREA_STYLE('',(#3274));
#3276=SURFACE_STYLE_FILL_AREA(#3275);
#3277=SURFACE_SIDE_STYLE('',(#3276));
#3278=SURFACE_STYLE_USAGE(.POSITIVE.,#3277);
#3279=PRESENTATION_STYLE_ASSIGNMENT((#3278));
#3280=STYLED_ITEM('',(#3279),#3273);
#3281=CARTESIAN_POINT('',(1.5E0,3.5E0,0.E0));
#3282=DIRECTION('',(1.E0,0.E0,0.E0));
#3283=DIRECTION('',(0.E0,-1.E0,0.E0));
#3284=AXIS2_PLACEMENT_3D('',#3281,#3282,#3283);
#3285=CYLINDRICAL_SURFACE('',#3284,3.5E-1);
#3287=ORIENTED_EDGE('',*,*,#3286,.T.);
#3289=ORIENTED_EDGE('',*,*,#3288,.T.);
#3290=ORIENTED_EDGE('',*,*,#3268,.F.);
#3292=ORIENTED_EDGE('',*,*,#3291,.F.);
#3293=EDGE_LOOP('',(#3287,#3289,#3290,#3292));
#3294=FACE_OUTER_BOUND('',#3293,.F.);
#3296=FILL_AREA_STYLE_COLOUR('',#2401);
#3297=FILL_AREA_STYLE('',(#3296));
#3298=SURFACE_STYLE_FILL_AREA(#3297);
#3299=SURFACE_SIDE_STYLE('',(#3298));
#3300=SURFACE_STYLE_USAGE(.POSITIVE.,#3299);
#3301=PRESENTATION_STYLE_ASSIGNMENT((#3300));
#3302=STYLED_ITEM('',(#3301),#3295);
#3303=CARTESIAN_POINT('',(1.5E0,2.5E0,0.E0));
#3304=DIRECTION('',(0.E0,0.E0,1.E0));
#3305=DIRECTION('',(-1.E0,0.E0,0.E0));
#3306=AXIS2_PLACEMENT_3D('',#3303,#3304,#3305);
#3307=TOROIDAL_SURFACE('',#3306,1.E0,3.5E-1);
#3309=ORIENTED_EDGE('',*,*,#3308,.T.);
#3311=ORIENTED_EDGE('',*,*,#3310,.T.);
#3312=ORIENTED_EDGE('',*,*,#3286,.F.);
#3314=ORIENTED_EDGE('',*,*,#3313,.F.);
#3315=EDGE_LOOP('',(#3309,#3311,#3312,#3314));
#3316=FACE_OUTER_BOUND('',#3315,.F.);
#3318=FILL_AREA_STYLE_COLOUR('',#2401);
#3319=FILL_AREA_STYLE('',(#3318));
#3320=SURFACE_STYLE_FILL_AREA(#3319);
#3321=SURFACE_SIDE_STYLE('',(#3320));
#3322=SURFACE_STYLE_USAGE(.POSITIVE.,#3321);
#3323=PRESENTATION_STYLE_ASSIGNMENT((#3322));
#3324=STYLED_ITEM('',(#3323),#3317);
#3325=CARTESIAN_POINT('',(2.5E0,-2.637324521102E0,0.E0));
#3326=DIRECTION('',(0.E0,-1.E0,0.E0));
#3327=DIRECTION('',(-1.E0,0.E0,0.E0));
#3328=AXIS2_PLACEMENT_3D('',#3325,#3326,#3327);
#3329=CYLINDRICAL_SURFACE('',#3328,3.5E-1);
#3331=ORIENTED_EDGE('',*,*,#3330,.T.);
#3333=ORIENTED_EDGE('',*,*,#3332,.T.);
#3334=ORIENTED_EDGE('',*,*,#3308,.F.);
#3336=ORIENTED_EDGE('',*,*,#3335,.F.);
#3337=EDGE_LOOP('',(#3331,#3333,#3334,#3336));
#3338=FACE_OUTER_BOUND('',#3337,.F.);
#3340=FILL_AREA_STYLE_COLOUR('',#2401);
#3341=FILL_AREA_STYLE('',(#3340));
#3342=SURFACE_STYLE_FILL_AREA(#3341);
#3343=SURFACE_SIDE_STYLE('',(#3342));
#3344=SURFACE_STYLE_USAGE(.POSITIVE.,#3343);
#3345=PRESENTATION_STYLE_ASSIGNMENT((#3344));
#3346=STYLED_ITEM('',(#3345),#3339);
#3347=CARTESIAN_POINT('',(1.871827643890E0,-2.637324521102E0,0.E0));
#3348=DIRECTION('',(0.E0,0.E0,1.E0));
#3349=DIRECTION('',(-5.E-1,8.660254037844E-1,0.E0));
#3350=AXIS2_PLACEMENT_3D('',#3347,#3348,#3349);
#3351=TOROIDAL_SURFACE('',#3350,6.281723561103E-1,3.5E-1);
#3353=ORIENTED_EDGE('',*,*,#3352,.T.);
#3355=ORIENTED_EDGE('',*,*,#3354,.T.);
#3356=ORIENTED_EDGE('',*,*,#3330,.F.);
#3358=ORIENTED_EDGE('',*,*,#3357,.F.);
#3359=EDGE_LOOP('',(#3353,#3355,#3356,#3358));
#3360=FACE_OUTER_BOUND('',#3359,.F.);
#3362=FILL_AREA_STYLE_COLOUR('',#2401);
#3363=FILL_AREA_STYLE('',(#3362));
#3364=SURFACE_STYLE_FILL_AREA(#3363);
#3365=SURFACE_SIDE_STYLE('',(#3364));
#3366=SURFACE_STYLE_USAGE(.POSITIVE.,#3365);
#3367=PRESENTATION_STYLE_ASSIGNMENT((#3366));
#3368=STYLED_ITEM('',(#3367),#3361);
#3369=CARTESIAN_POINT('',(7.679491924311E-1,-4.E0,0.E0));
#3370=DIRECTION('',(-8.660254037844E-1,-5.E-1,0.E0));
#3371=DIRECTION('',(-5.E-1,8.660254037844E-1,0.E0));
#3372=AXIS2_PLACEMENT_3D('',#3369,#3370,#3371);
#3373=CYLINDRICAL_SURFACE('',#3372,3.5E-1);
#3375=ORIENTED_EDGE('',*,*,#3374,.T.);
#3377=ORIENTED_EDGE('',*,*,#3376,.T.);
#3378=ORIENTED_EDGE('',*,*,#3352,.F.);
#3380=ORIENTED_EDGE('',*,*,#3379,.F.);
#3381=EDGE_LOOP('',(#3375,#3377,#3378,#3380));
#3382=FACE_OUTER_BOUND('',#3381,.F.);
#3384=FILL_AREA_STYLE_COLOUR('',#2401);
#3385=FILL_AREA_STYLE('',(#3384));
#3386=SURFACE_STYLE_FILL_AREA(#3385);
#3387=SURFACE_SIDE_STYLE('',(#3386));
#3388=SURFACE_STYLE_USAGE(.POSITIVE.,#3387);
#3389=PRESENTATION_STYLE_ASSIGNMENT((#3388));
#3390=STYLED_ITEM('',(#3389),#3383);
#3391=CARTESIAN_POINT('',(7.679491924311E-1,-4.E0,0.E0));
#3392=DIRECTION('',(-8.660254037844E-1,-5.E-1,0.E0));
#3393=DIRECTION('',(-5.E-1,8.660254037844E-1,0.E0));
#3394=AXIS2_PLACEMENT_3D('',#3391,#3392,#3393);
#3395=PLANE('',#3394);
#3397=ORIENTED_EDGE('',*,*,#3396,.F.);
#3398=ORIENTED_EDGE('',*,*,#3374,.F.);
#3399=EDGE_LOOP('',(#3397,#3398));
#3400=FACE_OUTER_BOUND('',#3399,.F.);
#3402=FILL_AREA_STYLE_COLOUR('',#2401);
#3403=FILL_AREA_STYLE('',(#3402));
#3404=SURFACE_STYLE_FILL_AREA(#3403);
#3405=SURFACE_SIDE_STYLE('',(#3404));
#3406=SURFACE_STYLE_USAGE(.POSITIVE.,#3405);
#3407=PRESENTATION_STYLE_ASSIGNMENT((#3406));
#3408=STYLED_ITEM('',(#3407),#3401);
#3409=CARTESIAN_POINT('',(7.679491924311E-1,-4.E0,0.E0));
#3410=DIRECTION('',(-8.660254037844E-1,-5.E-1,0.E0));
#3411=DIRECTION('',(-5.E-1,8.660254037844E-1,0.E0));
#3412=AXIS2_PLACEMENT_3D('',#3409,#3410,#3411);
#3413=CYLINDRICAL_SURFACE('',#3412,3.5E-1);
#3414=ORIENTED_EDGE('',*,*,#3396,.T.);
#3415=ORIENTED_EDGE('',*,*,#3379,.T.);
#3417=ORIENTED_EDGE('',*,*,#3416,.F.);
#3418=ORIENTED_EDGE('',*,*,#3376,.F.);
#3419=EDGE_LOOP('',(#3414,#3415,#3417,#3418));
#3420=FACE_OUTER_BOUND('',#3419,.F.);
#3422=FILL_AREA_STYLE_COLOUR('',#2401);
#3423=FILL_AREA_STYLE('',(#3422));
#3424=SURFACE_STYLE_FILL_AREA(#3423);
#3425=SURFACE_SIDE_STYLE('',(#3424));
#3426=SURFACE_STYLE_USAGE(.POSITIVE.,#3425);
#3427=PRESENTATION_STYLE_ASSIGNMENT((#3426));
#3428=STYLED_ITEM('',(#3427),#3421);
#3429=CARTESIAN_POINT('',(1.871827643890E0,-2.637324521102E0,0.E0));
#3430=DIRECTION('',(0.E0,0.E0,1.E0));
#3431=DIRECTION('',(-5.E-1,8.660254037844E-1,0.E0));
#3432=AXIS2_PLACEMENT_3D('',#3429,#3430,#3431);
#3433=TOROIDAL_SURFACE('',#3432,6.281723561103E-1,3.5E-1);
#3434=ORIENTED_EDGE('',*,*,#3416,.T.);
#3435=ORIENTED_EDGE('',*,*,#3357,.T.);
#3437=ORIENTED_EDGE('',*,*,#3436,.F.);
#3438=ORIENTED_EDGE('',*,*,#3354,.F.);
#3439=EDGE_LOOP('',(#3434,#3435,#3437,#3438));
#3440=FACE_OUTER_BOUND('',#3439,.F.);
#3442=FILL_AREA_STYLE_COLOUR('',#2401);
#3443=FILL_AREA_STYLE('',(#3442));
#3444=SURFACE_STYLE_FILL_AREA(#3443);
#3445=SURFACE_SIDE_STYLE('',(#3444));
#3446=SURFACE_STYLE_USAGE(.POSITIVE.,#3445);
#3447=PRESENTATION_STYLE_ASSIGNMENT((#3446));
#3448=STYLED_ITEM('',(#3447),#3441);
#3449=CARTESIAN_POINT('',(2.5E0,-2.637324521102E0,0.E0));
#3450=DIRECTION('',(0.E0,-1.E0,0.E0));
#3451=DIRECTION('',(-1.E0,0.E0,0.E0));
#3452=AXIS2_PLACEMENT_3D('',#3449,#3450,#3451);
#3453=CYLINDRICAL_SURFACE('',#3452,3.5E-1);
#3454=ORIENTED_EDGE('',*,*,#3436,.T.);
#3455=ORIENTED_EDGE('',*,*,#3335,.T.);
#3457=ORIENTED_EDGE('',*,*,#3456,.F.);
#3458=ORIENTED_EDGE('',*,*,#3332,.F.);
#3459=EDGE_LOOP('',(#3454,#3455,#3457,#3458));
#3460=FACE_OUTER_BOUND('',#3459,.F.);
#3462=FILL_AREA_STYLE_COLOUR('',#2401);
#3463=FILL_AREA_STYLE('',(#3462));
#3464=SURFACE_STYLE_FILL_AREA(#3463);
#3465=SURFACE_SIDE_STYLE('',(#3464));
#3466=SURFACE_STYLE_USAGE(.POSITIVE.,#3465);
#3467=PRESENTATION_STYLE_ASSIGNMENT((#3466));
#3468=STYLED_ITEM('',(#3467),#3461);
#3469=CARTESIAN_POINT('',(1.5E0,2.5E0,0.E0));
#3470=DIRECTION('',(0.E0,0.E0,1.E0));
#3471=DIRECTION('',(-1.E0,0.E0,0.E0));
#3472=AXIS2_PLACEMENT_3D('',#3469,#3470,#3471);
#3473=TOROIDAL_SURFACE('',#3472,1.E0,3.5E-1);
#3474=ORIENTED_EDGE('',*,*,#3456,.T.);
#3475=ORIENTED_EDGE('',*,*,#3313,.T.);
#3477=ORIENTED_EDGE('',*,*,#3476,.F.);
#3478=ORIENTED_EDGE('',*,*,#3310,.F.);
#3479=EDGE_LOOP('',(#3474,#3475,#3477,#3478));
#3480=FACE_OUTER_BOUND('',#3479,.F.);
#3482=FILL_AREA_STYLE_COLOUR('',#2401);
#3483=FILL_AREA_STYLE('',(#3482));
#3484=SURFACE_STYLE_FILL_AREA(#3483);
#3485=SURFACE_SIDE_STYLE('',(#3484));
#3486=SURFACE_STYLE_USAGE(.POSITIVE.,#3485);
#3487=PRESENTATION_STYLE_ASSIGNMENT((#3486));
#3488=STYLED_ITEM('',(#3487),#3481);
#3489=CARTESIAN_POINT('',(1.5E0,3.5E0,0.E0));
#3490=DIRECTION('',(1.E0,0.E0,0.E0));
#3491=DIRECTION('',(0.E0,-1.E0,0.E0));
#3492=AXIS2_PLACEMENT_3D('',#3489,#3490,#3491);
#3493=CYLINDRICAL_SURFACE('',#3492,3.5E-1);
#3494=ORIENTED_EDGE('',*,*,#3476,.T.);
#3495=ORIENTED_EDGE('',*,*,#3291,.T.);
#3496=ORIENTED_EDGE('',*,*,#3189,.F.);
#3497=ORIENTED_EDGE('',*,*,#3288,.F.);
#3498=EDGE_LOOP('',(#3494,#3495,#3496,#3497));
#3499=FACE_OUTER_BOUND('',#3498,.F.);
#3501=FILL_AREA_STYLE_COLOUR('',#2401);
#3502=FILL_AREA_STYLE('',(#3501));
#3503=SURFACE_STYLE_FILL_AREA(#3502);
#3504=SURFACE_SIDE_STYLE('',(#3503));
#3505=SURFACE_STYLE_USAGE(.POSITIVE.,#3504);
#3506=PRESENTATION_STYLE_ASSIGNMENT((#3505));
#3507=STYLED_ITEM('',(#3506),#3500);
#3508=CARTESIAN_POINT('',(0.E0,0.E0,-2.E0));
#3509=DIRECTION('',(0.E0,0.E0,1.E0));
#3510=DIRECTION('',(0.E0,1.E0,0.E0));
#3511=AXIS2_PLACEMENT_3D('',#3508,#3509,#3510);
#3512=CYLINDRICAL_SURFACE('',#3511,1.5E-1);
#3513=ORIENTED_EDGE('',*,*,#2717,.T.);
#3515=ORIENTED_EDGE('',*,*,#3514,.T.);
#3517=ORIENTED_EDGE('',*,*,#3516,.F.);
#3519=ORIENTED_EDGE('',*,*,#3518,.F.);
#3520=EDGE_LOOP('',(#3513,#3515,#3517,#3519));
#3521=FACE_OUTER_BOUND('',#3520,.F.);
#3523=FILL_AREA_STYLE_COLOUR('',#2401);
#3524=FILL_AREA_STYLE('',(#3523));
#3525=SURFACE_STYLE_FILL_AREA(#3524);
#3526=SURFACE_SIDE_STYLE('',(#3525));
#3527=SURFACE_STYLE_USAGE(.POSITIVE.,#3526);
#3528=PRESENTATION_STYLE_ASSIGNMENT((#3527));
#3529=STYLED_ITEM('',(#3528),#3522);
#3530=CARTESIAN_POINT('',(0.E0,0.E0,-2.E0));
#3531=DIRECTION('',(0.E0,0.E0,1.E0));
#3532=DIRECTION('',(0.E0,1.E0,0.E0));
#3533=AXIS2_PLACEMENT_3D('',#3530,#3531,#3532);
#3534=CYLINDRICAL_SURFACE('',#3533,1.5E-1);
#3535=ORIENTED_EDGE('',*,*,#2719,.T.);
#3536=ORIENTED_EDGE('',*,*,#3518,.T.);
#3538=ORIENTED_EDGE('',*,*,#3537,.F.);
#3539=ORIENTED_EDGE('',*,*,#3514,.F.);
#3540=EDGE_LOOP('',(#3535,#3536,#3538,#3539));
#3541=FACE_OUTER_BOUND('',#3540,.F.);
#3543=FILL_AREA_STYLE_COLOUR('',#2401);
#3544=FILL_AREA_STYLE('',(#3543));
#3545=SURFACE_STYLE_FILL_AREA(#3544);
#3546=SURFACE_SIDE_STYLE('',(#3545));
#3547=SURFACE_STYLE_USAGE(.POSITIVE.,#3546);
#3548=PRESENTATION_STYLE_ASSIGNMENT((#3547));
#3549=STYLED_ITEM('',(#3548),#3542);
#3550=CARTESIAN_POINT('',(0.E0,0.E0,-2.5E0));
#3551=DIRECTION('',(0.E0,0.E0,1.E0));
#3552=DIRECTION('',(0.E0,1.E0,0.E0));
#3553=AXIS2_PLACEMENT_3D('',#3550,#3551,#3552);
#3554=PLANE('',#3553);
#3555=ORIENTED_EDGE('',*,*,#3516,.T.);
#3556=ORIENTED_EDGE('',*,*,#3537,.T.);
#3557=EDGE_LOOP('',(#3555,#3556));
#3558=FACE_OUTER_BOUND('',#3557,.F.);
#3560=FILL_AREA_STYLE_COLOUR('',#2401);
#3561=FILL_AREA_STYLE('',(#3560));
#3562=SURFACE_STYLE_FILL_AREA(#3561);
#3563=SURFACE_SIDE_STYLE('',(#3562));
#3564=SURFACE_STYLE_USAGE(.POSITIVE.,#3563);
#3565=PRESENTATION_STYLE_ASSIGNMENT((#3564));
#3566=STYLED_ITEM('',(#3565),#3559);
#3567=CLOSED_SHELL('',(#2723,#2781,#2837,#2975,#3111,#3171,#3195,#3252,#3273,
#3295,#3317,#3339,#3361,#3383,#3401,#3421,#3441,#3461,#3481,#3500,#3522,#3542,
#3559));
#3568=MANIFOLD_SOLID_BREP('',#3567);
#3571=PLANE_ANGLE_MEASURE_WITH_UNIT(PLANE_ANGLE_MEASURE(1.745329251994E-2),
#3570);
#3572=(CONVERSION_BASED_UNIT('DEGREE',#3571)NAMED_UNIT(*)PLANE_ANGLE_UNIT());
#3574=UNCERTAINTY_MEASURE_WITH_UNIT(LENGTH_MEASURE(9.224786198767E-4),#3569,
'distance_accuracy_value',
'Maximum model space distance between geometric entities at asserted connectivities');
#3576=CARTESIAN_POINT('',(0.E0,0.E0,0.E0));
#3577=DIRECTION('',(0.E0,0.E0,1.E0));
#3578=DIRECTION('',(1.E0,0.E0,0.E0));
#3581=PRODUCT_DEFINITION_CONTEXT('part definition',#1097,'design');
#3582=PRODUCT_CONTEXT('',#1097,'mechanical');
#3583=PRODUCT('PRT0001','PRT0001','NOT SPECIFIED',(#3582));
#3584=PRODUCT_DEFINITION_FORMATION('1','LAST_VERSION',#3583);
#3592=DERIVED_UNIT_ELEMENT(#3591,2.E0);
#3593=DERIVED_UNIT((#3592));
#3594=MEASURE_REPRESENTATION_ITEM('surface area measure',AREA_MEASURE(
3.473259579327E1),#3593);
#3599=DERIVED_UNIT_ELEMENT(#3598,3.E0);
#3600=DERIVED_UNIT((#3599));
#3601=MEASURE_REPRESENTATION_ITEM('volume measure',VOLUME_MEASURE(
5.896196203985E0),#3600);
#3605=CARTESIAN_POINT('centre point',(1.397643550190E0,4.324079056312E-1,
-1.449272552703E-1));
#3610=DERIVED_UNIT_ELEMENT(#3609,2.E0);
#3611=DERIVED_UNIT((#3610));
#3612=MEASURE_REPRESENTATION_ITEM('surface area measure',AREA_MEASURE(
3.473259579327E1),#3611);
#3617=DERIVED_UNIT_ELEMENT(#3616,3.E0);
#3618=DERIVED_UNIT((#3617));
#3619=MEASURE_REPRESENTATION_ITEM('volume measure',VOLUME_MEASURE(
5.896196203985E0),#3618);
#3623=CARTESIAN_POINT('centre point',(1.397643550190E0,4.324079056312E-1,
-1.449272552703E-1));
#3630=CARTESIAN_POINT('centre point',(5.822726078508E0,-1.595072744730E0,
-2.353290551275E0));
#3634=CARTESIAN_POINT('',(6.249371105604E0,-1.74E0,-3.752704039525E0));
#3635=DIRECTION('',(0.E0,-1.E0,0.E0));
#3636=DIRECTION('',(4.120655383682E-3,0.E0,9.999915100636E-1));
#3637=AXIS2_PLACEMENT_3D('',#3634,#3635,#3636);
#3638=ITEM_DEFINED_TRANSFORMATION('','',#3579,#3637);
#3639=(REPRESENTATION_RELATIONSHIP('','',#3580,#1148)REPRESENTATION_RELATIONSHIP_WITH_TRANSFORMATION(#3638)SHAPE_REPRESENTATION_RELATIONSHIP());
#3640=CONTEXT_DEPENDENT_SHAPE_REPRESENTATION(#3639,#3629);
#3643=DIRECTION('',(9.702957262760E-1,-2.419218955996E-1,0.E0));
#3644=VECTOR('',#3643,5.564818875667E-1);
#3645=CARTESIAN_POINT('',(-5.148779280701E0,-3.096936340838E0,1.67376E1));
#3646=LINE('',#3645,#3644);
#3647=DRAUGHTING_PRE_DEFINED_CURVE_FONT('continuous');
#3648=CURVE_STYLE('',#3647,POSITIVE_LENGTH_MEASURE(2.E-2),#3641);
#3649=PRESENTATION_STYLE_ASSIGNMENT((#3648));
#3650=STYLED_ITEM('',(#3649),#3646);
#3651=CARTESIAN_POINT('',(-4.766419207170E0,-2.318024695133E0,1.67376E1));
#3652=DIRECTION('',(0.E0,0.E0,1.E0));
#3653=DIRECTION('',(1.E0,7.106918684451E-11,0.E0));
#3654=AXIS2_PLACEMENT_3D('',#3651,#3652,#3653);
#3656=CURVE_STYLE('',#3647,POSITIVE_LENGTH_MEASURE(2.E-2),#3641);
#3657=PRESENTATION_STYLE_ASSIGNMENT((#3656));
#3658=STYLED_ITEM('',(#3657),#3655);
#3659=DIRECTION('',(-9.694524358107E-1,2.452793809123E-1,0.E0));
#3660=VECTOR('',#3659,2.487099722479E0);
#3661=CARTESIAN_POINT('',(-4.727765157689E0,-2.165246820811E0,1.67376E1));
#3662=LINE('',#3661,#3660);
#3663=CURVE_STYLE('',#3647,POSITIVE_LENGTH_MEASURE(2.E-2),#3641);
#3664=PRESENTATION_STYLE_ASSIGNMENT((#3663));
#3665=STYLED_ITEM('',(#3664),#3662);
#3666=DIRECTION('',(9.702957262759E-1,-2.419218955999E-1,0.E0));
#3667=VECTOR('',#3666,1.103168828856E0);
#3668=CARTESIAN_POINT('',(-7.138890041750E0,-1.943314735774E0,1.67376E1));
#3669=LINE('',#3668,#3667);
#3670=CURVE_STYLE('',#3647,POSITIVE_LENGTH_MEASURE(2.E-2),#3641);
#3671=PRESENTATION_STYLE_ASSIGNMENT((#3670));
#3672=STYLED_ITEM('',(#3671),#3669);
#3673=CARTESIAN_POINT('',(-6.161804481875E0,-2.357056472467E0,1.67376E1));
#3674=DIRECTION('',(0.E0,0.E0,-1.E0));
#3675=DIRECTION('',(1.E0,-7.018664697645E-11,0.E0));
#3676=AXIS2_PLACEMENT_3D('',#3673,#3674,#3675);
#3678=CURVE_STYLE('',#3647,POSITIVE_LENGTH_MEASURE(2.E-2),#3641);
#3679=PRESENTATION_STYLE_ASSIGNMENT((#3678));
#3680=STYLED_ITEM('',(#3679),#3677);
#3681=CARTESIAN_POINT('',(-6.161804481875E0,-2.357056472467E0,1.67376E1));
#3682=DIRECTION('',(0.E0,0.E0,-1.E0));
#3683=DIRECTION('',(0.E0,-1.E0,0.E0));
#3684=AXIS2_PLACEMENT_3D('',#3681,#3682,#3683);
#3686=CURVE_STYLE('',#3647,POSITIVE_LENGTH_MEASURE(2.E-2),#3641);
#3687=PRESENTATION_STYLE_ASSIGNMENT((#3686));
#3688=STYLED_ITEM('',(#3687),#3685);
#3689=DIRECTION('',(-9.702957262759E-1,2.419218956E-1,0.E0));
#3690=VECTOR('',#3689,9.837317920759E-1);
#3691=CARTESIAN_POINT('',(-6.184379288097E0,-2.447599074925E0,1.67376E1));
#3692=LINE('',#3691,#3690);
#3693=CURVE_STYLE('',#3647,POSITIVE_LENGTH_MEASURE(2.E-2),#3641);
#3694=PRESENTATION_STYLE_ASSIGNMENT((#3693));
#3695=STYLED_ITEM('',(#3694),#3692);
#3696=DIRECTION('',(9.702957262759E-1,-2.419218955999E-1,0.E0));
#3697=VECTOR('',#3696,1.271655488747E0);
#3698=CARTESIAN_POINT('',(-7.138890041750E0,-2.600745999350E0,1.67376E1));
#3699=LINE('',#3698,#3697);
#3700=CURVE_STYLE('',#3647,POSITIVE_LENGTH_MEASURE(2.E-2),#3641);
#3701=PRESENTATION_STYLE_ASSIGNMENT((#3700));
#3702=STYLED_ITEM('',(#3701),#3699);
#3703=CARTESIAN_POINT('',(-5.852420371110E0,-2.697469221845E0,1.67376E1));
#3704=DIRECTION('',(0.E0,0.E0,1.E0));
#3705=DIRECTION('',(-2.419218955529E-1,-9.702957262877E-1,0.E0));
#3706=AXIS2_PLACEMENT_3D('',#3703,#3704,#3705);
#3708=CURVE_STYLE('',#3647,POSITIVE_LENGTH_MEASURE(2.E-2),#3641);
#3709=PRESENTATION_STYLE_ASSIGNMENT((#3708));
#3710=STYLED_ITEM('',(#3709),#3707);
#3711=CARTESIAN_POINT('',(-5.852420371110E0,-2.697469221845E0,1.67376E1));
#3712=DIRECTION('',(0.E0,0.E0,1.E0));
#3713=DIRECTION('',(0.E0,-1.E0,0.E0));
#3714=AXIS2_PLACEMENT_3D('',#3711,#3712,#3713);
#3716=CURVE_STYLE('',#3647,POSITIVE_LENGTH_MEASURE(2.E-2),#3641);
#3717=PRESENTATION_STYLE_ASSIGNMENT((#3716));
#3718=STYLED_ITEM('',(#3717),#3715);
#3719=CARTESIAN_POINT('',(-5.564683901101E0,-2.408323845333E0,1.67376E1));
#3720=DIRECTION('',(0.E0,0.E0,-1.E0));
#3721=DIRECTION('',(-1.E0,-1.759847907712E-10,0.E0));
#3722=AXIS2_PLACEMENT_3D('',#3719,#3720,#3721);
#3724=CURVE_STYLE('',#3647,POSITIVE_LENGTH_MEASURE(2.E-2),#3641);
#3725=PRESENTATION_STYLE_ASSIGNMENT((#3724));
#3726=STYLED_ITEM('',(#3725),#3723);
#3727=CARTESIAN_POINT('',(-5.564683901101E0,-2.408323845333E0,1.67376E1));
#3728=DIRECTION('',(0.E0,0.E0,-1.E0));
#3729=DIRECTION('',(-1.170539012890E-10,1.E0,0.E0));
#3730=AXIS2_PLACEMENT_3D('',#3727,#3728,#3729);
#3732=CURVE_STYLE('',#3647,POSITIVE_LENGTH_MEASURE(2.E-2),#3641);
#3733=PRESENTATION_STYLE_ASSIGNMENT((#3732));
#3734=STYLED_ITEM('',(#3733),#3731);
#3735=DIRECTION('',(9.702957262761E-1,-2.419218955993E-1,0.E0));
#3736=VECTOR('',#3735,4.110938984507E-1);
#3737=CARTESIAN_POINT('',(-5.547661933466E0,-2.340052462080E0,1.67376E1));
#3738=LINE('',#3737,#3736);
#3739=CURVE_STYLE('',#3647,POSITIVE_LENGTH_MEASURE(2.E-2),#3641);
#3740=PRESENTATION_STYLE_ASSIGNMENT((#3739));
#3741=STYLED_ITEM('',(#3740),#3738);
#3742=DIRECTION('',(-1.387778780781E-14,8.326672684689E-14,-1.E0));
#3743=VECTOR('',#3742,6.4E-2);
#3744=CARTESIAN_POINT('',(-5.148779280701E0,-3.096936340838E0,1.68016E1));
#3745=LINE('',#3744,#3743);
#3746=CURVE_STYLE('',#3647,POSITIVE_LENGTH_MEASURE(2.E-2),#3641);
#3747=PRESENTATION_STYLE_ASSIGNMENT((#3746));
#3748=STYLED_ITEM('',(#3747),#3745);
#3749=DIRECTION('',(-2.296670993828E-14,1.E0,0.E0));
#3750=VECTOR('',#3749,6.574312635759E-1);
#3751=CARTESIAN_POINT('',(-5.148779280701E0,-3.096936340838E0,1.67376E1));
#3752=LINE('',#3751,#3750);
#3753=CURVE_STYLE('',#3647,POSITIVE_LENGTH_MEASURE(2.E-2),#3641);
#3754=PRESENTATION_STYLE_ASSIGNMENT((#3753));
#3755=STYLED_ITEM('',(#3754),#3752);
#3756=DIRECTION('',(9.714451465470E-14,-6.591949208712E-13,-1.E0));
#3757=VECTOR('',#3756,6.4E-2);
#3758=CARTESIAN_POINT('',(-5.148779280701E0,-2.439505077262E0,1.68016E1));
#3759=LINE('',#3758,#3757);
#3760=CURVE_STYLE('',#3647,POSITIVE_LENGTH_MEASURE(2.E-2),#3641);
#3761=PRESENTATION_STYLE_ASSIGNMENT((#3760));
#3762=STYLED_ITEM('',(#3761),#3759);
#3763=DIRECTION('',(-7.011058400508E-11,1.736805144148E-11,-1.E0));
#3764=VECTOR('',#3763,6.4E-2);
#3765=CARTESIAN_POINT('',(-5.547661933461E0,-2.340052462081E0,1.68016E1));
#3766=LINE('',#3765,#3764);
#3767=CURVE_STYLE('',#3647,POSITIVE_LENGTH_MEASURE(2.E-2),#3641);
#3768=PRESENTATION_STYLE_ASSIGNMENT((#3767));
#3769=STYLED_ITEM('',(#3768),#3766);
#3770=DIRECTION('',(-1.387778780781E-14,3.991251773527E-11,1.E0));
#3771=VECTOR('',#3770,6.4E-2);
#3772=CARTESIAN_POINT('',(-5.635045319176E0,-2.408323845341E0,1.67376E1));
#3773=LINE('',#3772,#3771);
#3774=CURVE_STYLE('',#3647,POSITIVE_LENGTH_MEASURE(2.E-2),#3641);
#3775=PRESENTATION_STYLE_ASSIGNMENT((#3774));
#3776=STYLED_ITEM('',(#3775),#3773);
#3777=DIRECTION('',(-9.702957262760E-1,2.419218955996E-1,0.E0));
#3778=VECTOR('',#3777,5.564818875667E-1);
#3779=CARTESIAN_POINT('',(-4.608827283445E0,-3.231561493945E0,1.68016E1));
#3780=LINE('',#3779,#3778);
#3781=CURVE_STYLE('',#3647,POSITIVE_LENGTH_MEASURE(2.E-2),#3641);
#3782=PRESENTATION_STYLE_ASSIGNMENT((#3781));
#3783=STYLED_ITEM('',(#3782),#3780);
#3784=DIRECTION('',(-3.377457343864E-14,1.E0,0.E0));
#3785=VECTOR('',#3784,6.574312635760E-1);
#3786=CARTESIAN_POINT('',(-5.148779280701E0,-3.096936340838E0,1.68016E1));
#3787=LINE('',#3786,#3785);
#3788=CURVE_STYLE('',#3647,POSITIVE_LENGTH_MEASURE(2.E-2),#3641);
#3789=PRESENTATION_STYLE_ASSIGNMENT((#3788));
#3790=STYLED_ITEM('',(#3789),#3787);
#3791=DIRECTION('',(-9.702957262761E-1,2.419218955992E-1,0.E0));
#3792=VECTOR('',#3791,4.110938984460E-1);
#3793=CARTESIAN_POINT('',(-5.148779280701E0,-2.439505077262E0,1.68016E1));
#3794=LINE('',#3793,#3792);
#3795=CURVE_STYLE('',#3647,POSITIVE_LENGTH_MEASURE(2.E-2),#3641);
#3796=PRESENTATION_STYLE_ASSIGNMENT((#3795));
#3797=STYLED_ITEM('',(#3796),#3794);
#3798=CARTESIAN_POINT('',(-5.564683901101E0,-2.408323845333E0,1.68016E1));
#3799=DIRECTION('',(0.E0,0.E0,1.E0));
#3800=DIRECTION('',(2.419218957274E-1,9.702957262441E-1,0.E0));
#3801=AXIS2_PLACEMENT_3D('',#3798,#3799,#3800);
#3803=CURVE_STYLE('',#3647,POSITIVE_LENGTH_MEASURE(2.E-2),#3641);
#3804=PRESENTATION_STYLE_ASSIGNMENT((#3803));
#3805=STYLED_ITEM('',(#3804),#3802);
#3806=CARTESIAN_POINT('',(-5.564683901101E0,-2.408323845333E0,1.68016E1));
#3807=DIRECTION('',(0.E0,0.E0,1.E0));
#3808=DIRECTION('',(-4.007830654510E-11,1.E0,0.E0));
#3809=AXIS2_PLACEMENT_3D('',#3806,#3807,#3808);
#3811=CURVE_STYLE('',#3647,POSITIVE_LENGTH_MEASURE(2.E-2),#3641);
#3812=PRESENTATION_STYLE_ASSIGNMENT((#3811));
#3813=STYLED_ITEM('',(#3812),#3810);
#3814=DIRECTION('',(7.679341360857E-13,-1.E0,0.E0));
#3815=VECTOR('',#3814,2.891453765252E-1);
#3816=CARTESIAN_POINT('',(-5.635045319176E0,-2.408323845338E0,1.68016E1));
#3817=LINE('',#3816,#3815);
#3818=CURVE_STYLE('',#3647,POSITIVE_LENGTH_MEASURE(2.E-2),#3641);
#3819=PRESENTATION_STYLE_ASSIGNMENT((#3818));
#3820=STYLED_ITEM('',(#3819),#3817);
#3821=CARTESIAN_POINT('',(-5.852420371110E0,-2.697469221845E0,1.68016E1));
#3822=DIRECTION('',(0.E0,0.E0,-1.E0));
#3823=DIRECTION('',(1.E0,-1.325842192300E-10,0.E0));
#3824=AXIS2_PLACEMENT_3D('',#3821,#3822,#3823);
#3826=CURVE_STYLE('',#3647,POSITIVE_LENGTH_MEASURE(2.E-2),#3641);
#3827=PRESENTATION_STYLE_ASSIGNMENT((#3826));
#3828=STYLED_ITEM('',(#3827),#3825);
#3829=CARTESIAN_POINT('',(-5.852420371110E0,-2.697469221845E0,1.68016E1));
#3830=DIRECTION('',(0.E0,0.E0,-1.E0));
#3831=DIRECTION('',(0.E0,-1.E0,0.E0));
#3832=AXIS2_PLACEMENT_3D('',#3829,#3830,#3831);
#3834=CURVE_STYLE('',#3647,POSITIVE_LENGTH_MEASURE(2.E-2),#3641);
#3835=PRESENTATION_STYLE_ASSIGNMENT((#3834));
#3836=STYLED_ITEM('',(#3835),#3833);
#3837=DIRECTION('',(-9.702957262759E-1,2.419218955999E-1,0.E0));
#3838=VECTOR('',#3837,1.271655488767E0);
#3839=CARTESIAN_POINT('',(-5.905008155704E0,-2.908387305742E0,1.68016E1));
#3840=LINE('',#3839,#3838);
#3841=CURVE_STYLE('',#3647,POSITIVE_LENGTH_MEASURE(2.E-2),#3641);
#3842=PRESENTATION_STYLE_ASSIGNMENT((#3841));
#3843=STYLED_ITEM('',(#3842),#3840);
#3844=DIRECTION('',(-4.995721666287E-14,1.E0,0.E0));
#3845=VECTOR('',#3844,3.911331843258E-1);
#3846=CARTESIAN_POINT('',(-7.138890041750E0,-2.600745999350E0,1.68016E1));
#3847=LINE('',#3846,#3845);
#3848=CURVE_STYLE('',#3647,POSITIVE_LENGTH_MEASURE(2.E-2),#3641);
#3849=PRESENTATION_STYLE_ASSIGNMENT((#3848));
#3850=STYLED_ITEM('',(#3849),#3847);
#3851=DIRECTION('',(9.702957262759E-1,-2.419218956E-1,0.E0));
#3852=VECTOR('',#3851,9.837317920813E-1);
#3853=CARTESIAN_POINT('',(-7.138890041750E0,-2.209612815024E0,1.68016E1));
#3854=LINE('',#3853,#3852);
#3855=CURVE_STYLE('',#3647,POSITIVE_LENGTH_MEASURE(2.E-2),#3641);
#3856=PRESENTATION_STYLE_ASSIGNMENT((#3855));
#3857=STYLED_ITEM('',(#3856),#3854);
#3858=CARTESIAN_POINT('',(-6.161804481875E0,-2.357056472467E0,1.68016E1));
#3859=DIRECTION('',(0.E0,0.E0,1.E0));
#3860=DIRECTION('',(-2.419218952159E-1,-9.702957263717E-1,0.E0));
#3861=AXIS2_PLACEMENT_3D('',#3858,#3859,#3860);
#3863=CURVE_STYLE('',#3647,POSITIVE_LENGTH_MEASURE(2.E-2),#3641);
#3864=PRESENTATION_STYLE_ASSIGNMENT((#3863));
#3865=STYLED_ITEM('',(#3864),#3862);
#3866=CARTESIAN_POINT('',(-6.161804481875E0,-2.357056472467E0,1.68016E1));
#3867=DIRECTION('',(0.E0,0.E0,1.E0));
#3868=DIRECTION('',(0.E0,-1.E0,0.E0));
#3869=AXIS2_PLACEMENT_3D('',#3866,#3867,#3868);
#3871=CURVE_STYLE('',#3647,POSITIVE_LENGTH_MEASURE(2.E-2),#3641);
#3872=PRESENTATION_STYLE_ASSIGNMENT((#3871));
#3873=STYLED_ITEM('',(#3872),#3870);
#3874=DIRECTION('',(6.652521630913E-14,1.E0,0.E0));
#3875=VECTOR('',#3874,1.468610424550E-1);
#3876=CARTESIAN_POINT('',(-6.068490041750E0,-2.357056472473E0,1.68016E1));
#3877=LINE('',#3876,#3875);
#3878=CURVE_STYLE('',#3647,POSITIVE_LENGTH_MEASURE(2.E-2),#3641);
#3879=PRESENTATION_STYLE_ASSIGNMENT((#3878));
#3880=STYLED_ITEM('',(#3879),#3877);
#3881=DIRECTION('',(-9.702957262759E-1,2.419218955999E-1,0.E0));
#3882=VECTOR('',#3881,1.103168828856E0);
#3883=CARTESIAN_POINT('',(-6.068490041750E0,-2.210195430018E0,1.68016E1));
#3884=LINE('',#3883,#3882);
#3885=CURVE_STYLE('',#3647,POSITIVE_LENGTH_MEASURE(2.E-2),#3641);
#3886=PRESENTATION_STYLE_ASSIGNMENT((#3885));
#3887=STYLED_ITEM('',(#3886),#3884);
#3888=DIRECTION('',(-1.350224951465E-13,1.E0,0.E0));
#3889=VECTOR('',#3888,3.881021951597E-1);
#3890=CARTESIAN_POINT('',(-7.138890041750E0,-1.943314735774E0,1.68016E1));
#3891=LINE('',#3890,#3889);
#3892=CURVE_STYLE('',#3647,POSITIVE_LENGTH_MEASURE(2.E-2),#3641);
#3893=PRESENTATION_STYLE_ASSIGNMENT((#3892));
#3894=STYLED_ITEM('',(#3893),#3891);
#3895=DIRECTION('',(9.694524358107E-1,-2.452793809123E-1,0.E0));
#3896=VECTOR('',#3895,2.487099722467E0);
#3897=CARTESIAN_POINT('',(-7.138890041750E0,-1.555212540614E0,1.68016E1));
#3898=LINE('',#3897,#3896);
#3899=CURVE_STYLE('',#3647,POSITIVE_LENGTH_MEASURE(2.E-2),#3641);
#3900=PRESENTATION_STYLE_ASSIGNMENT((#3899));
#3901=STYLED_ITEM('',(#3900),#3898);
#3902=CARTESIAN_POINT('',(-4.766419207170E0,-2.318024695133E0,1.68016E1));
#3903=DIRECTION('',(0.E0,0.E0,-1.E0));
#3904=DIRECTION('',(2.452793807065E-1,9.694524358628E-1,0.E0));
#3905=AXIS2_PLACEMENT_3D('',#3902,#3903,#3904);
#3907=CURVE_STYLE('',#3647,POSITIVE_LENGTH_MEASURE(2.E-2),#3641);
#3908=PRESENTATION_STYLE_ASSIGNMENT((#3907));
#3909=STYLED_ITEM('',(#3908),#3906);
#3910=DIRECTION('',(-1.633365779048E-13,-1.E0,0.E0));
#3911=VECTOR('',#3910,9.135367988216E-1);
#3912=CARTESIAN_POINT('',(-4.608827283445E0,-2.318024695123E0,1.68016E1));
#3913=LINE('',#3912,#3911);
#3914=CURVE_STYLE('',#3647,POSITIVE_LENGTH_MEASURE(2.E-2),#3641);
#3915=PRESENTATION_STYLE_ASSIGNMENT((#3914));
#3916=STYLED_ITEM('',(#3915),#3913);
#3917=DIRECTION('',(1.387778780781E-14,7.632783294298E-14,-1.E0));
#3918=VECTOR('',#3917,6.4E-2);
#3919=CARTESIAN_POINT('',(-4.608827283445E0,-3.231561493945E0,1.68016E1));
#3920=LINE('',#3919,#3918);
#3921=CURVE_STYLE('',#3647,POSITIVE_LENGTH_MEASURE(2.E-2),#3641);
#3922=PRESENTATION_STYLE_ASSIGNMENT((#3921));
#3923=STYLED_ITEM('',(#3922),#3920);
#3924=DIRECTION('',(-1.604198532995E-13,-1.E0,0.E0));
#3925=VECTOR('',#3924,9.135367988205E-1);
#3926=CARTESIAN_POINT('',(-4.608827283445E0,-2.318024695124E0,1.67376E1));
#3927=LINE('',#3926,#3925);
#3928=CURVE_STYLE('',#3647,POSITIVE_LENGTH_MEASURE(2.E-2),#3641);
#3929=PRESENTATION_STYLE_ASSIGNMENT((#3928));
#3930=STYLED_ITEM('',(#3929),#3927);
#3931=DIRECTION('',(1.387778780781E-14,1.613986722049E-11,1.E0));
#3932=VECTOR('',#3931,6.4E-2);
#3933=CARTESIAN_POINT('',(-4.608827283445E0,-2.318024695124E0,1.67376E1));
#3934=LINE('',#3933,#3932);
#3935=CURVE_STYLE('',#3647,POSITIVE_LENGTH_MEASURE(2.E-2),#3641);
#3936=PRESENTATION_STYLE_ASSIGNMENT((#3935));
#3937=STYLED_ITEM('',(#3936),#3934);
#3938=DIRECTION('',(1.819933093117E-10,-4.753836213567E-11,-1.E0));
#3939=VECTOR('',#3938,6.4E-2);
#3940=CARTESIAN_POINT('',(-4.727765157700E0,-2.165246820808E0,1.68016E1));
#3941=LINE('',#3940,#3939);
#3942=CURVE_STYLE('',#3647,POSITIVE_LENGTH_MEASURE(2.E-2),#3641);
#3943=PRESENTATION_STYLE_ASSIGNMENT((#3942));
#3944=STYLED_ITEM('',(#3943),#3941);
#3945=DIRECTION('',(5.412337245048E-13,-3.268219028740E-12,-1.E0));
#3946=VECTOR('',#3945,6.4E-2);
#3947=CARTESIAN_POINT('',(-7.138890041750E0,-1.555212540614E0,1.68016E1));
#3948=LINE('',#3947,#3946);
#3949=CURVE_STYLE('',#3647,POSITIVE_LENGTH_MEASURE(2.E-2),#3641);
#3950=PRESENTATION_STYLE_ASSIGNMENT((#3949));
#3951=STYLED_ITEM('',(#3950),#3948);
#3952=DIRECTION('',(-3.747002708110E-13,2.820660371938E-12,-1.E0));
#3953=VECTOR('',#3952,6.4E-2);
#3954=CARTESIAN_POINT('',(-7.138890041750E0,-1.943314735774E0,1.68016E1));
#3955=LINE('',#3954,#3953);
#3956=CURVE_STYLE('',#3647,POSITIVE_LENGTH_MEASURE(2.E-2),#3641);
#3957=PRESENTATION_STYLE_ASSIGNMENT((#3956));
#3958=STYLED_ITEM('',(#3957),#3955);
#3959=DIRECTION('',(2.059665180203E-14,1.E0,0.E0));
#3960=VECTOR('',#3959,3.881021951593E-1);
#3961=CARTESIAN_POINT('',(-7.138890041750E0,-1.943314735774E0,1.67376E1));
#3962=LINE('',#3961,#3960);
#3963=CURVE_STYLE('',#3647,POSITIVE_LENGTH_MEASURE(2.E-2),#3641);
#3964=PRESENTATION_STYLE_ASSIGNMENT((#3963));
#3965=STYLED_ITEM('',(#3964),#3962);
#3966=DIRECTION('',(-1.526556658860E-13,2.761679773755E-12,-1.E0));
#3967=VECTOR('',#3966,6.4E-2);
#3968=CARTESIAN_POINT('',(-6.068490041750E0,-2.210195430018E0,1.68016E1));
#3969=LINE('',#3968,#3967);
#3970=CURVE_STYLE('',#3647,POSITIVE_LENGTH_MEASURE(2.E-2),#3641);
#3971=PRESENTATION_STYLE_ASSIGNMENT((#3970));
#3972=STYLED_ITEM('',(#3971),#3969);
#3973=DIRECTION('',(1.814324081166E-14,1.E0,0.E0));
#3974=VECTOR('',#3973,1.468610424543E-1);
#3975=CARTESIAN_POINT('',(-6.068490041750E0,-2.357056472472E0,1.67376E1));
#3976=LINE('',#3975,#3974);
#3977=CURVE_STYLE('',#3647,POSITIVE_LENGTH_MEASURE(2.E-2),#3641);
#3978=PRESENTATION_STYLE_ASSIGNMENT((#3977));
#3979=STYLED_ITEM('',(#3978),#3976);
#3980=DIRECTION('',(-8.060219158779E-11,1.824929096728E-11,-1.E0));
#3981=VECTOR('',#3980,6.4E-2);
#3982=CARTESIAN_POINT('',(-6.184379288092E0,-2.447599074926E0,1.68016E1));
#3983=LINE('',#3982,#3981);
#3984=CURVE_STYLE('',#3647,POSITIVE_LENGTH_MEASURE(2.E-2),#3641);
#3985=PRESENTATION_STYLE_ASSIGNMENT((#3984));
#3986=STYLED_ITEM('',(#3985),#3983);
#3987=DIRECTION('',(4.163336342344E-14,-1.313532616010E-11,1.E0));
#3988=VECTOR('',#3987,6.4E-2);
#3989=CARTESIAN_POINT('',(-6.068490041750E0,-2.357056472472E0,1.67376E1));
#3990=LINE('',#3989,#3988);
#3991=CURVE_STYLE('',#3647,POSITIVE_LENGTH_MEASURE(2.E-2),#3641);
#3992=PRESENTATION_STYLE_ASSIGNMENT((#3991));
#3993=STYLED_ITEM('',(#3992),#3990);
#3994=DIRECTION('',(1.665334536938E-13,-2.366162821232E-12,-1.E0));
#3995=VECTOR('',#3994,6.4E-2);
#3996=CARTESIAN_POINT('',(-7.138890041750E0,-2.209612815024E0,1.68016E1));
#3997=LINE('',#3996,#3995);
#3998=CURVE_STYLE('',#3647,POSITIVE_LENGTH_MEASURE(2.E-2),#3641);
#3999=PRESENTATION_STYLE_ASSIGNMENT((#3998));
#4000=STYLED_ITEM('',(#3999),#3997);
#4001=DIRECTION('',(5.828670879282E-13,-2.754740879851E-12,-1.E0));
#4002=VECTOR('',#4001,6.4E-2);
#4003=CARTESIAN_POINT('',(-7.138890041750E0,-2.600745999350E0,1.68016E1));
#4004=LINE('',#4003,#4002);
#4005=CURVE_STYLE('',#3647,POSITIVE_LENGTH_MEASURE(2.E-2),#3641);
#4006=PRESENTATION_STYLE_ASSIGNMENT((#4005));
#4007=STYLED_ITEM('',(#4006),#4004);
#4008=DIRECTION('',(-1.135391287792E-13,1.E0,0.E0));
#4009=VECTOR('',#4008,3.911331843258E-1);
#4010=CARTESIAN_POINT('',(-7.138890041750E0,-2.600745999350E0,1.67376E1));
#4011=LINE('',#4010,#4009);
#4012=CURVE_STYLE('',#3647,POSITIVE_LENGTH_MEASURE(2.E-2),#3641);
#4013=PRESENTATION_STYLE_ASSIGNMENT((#4012));
#4014=STYLED_ITEM('',(#4013),#4011);
#4015=DIRECTION('',(0.E0,-1.774969060619E-11,-1.E0));
#4016=VECTOR('',#4015,6.4E-2);
#4017=CARTESIAN_POINT('',(-5.635045319176E0,-2.697469221863E0,1.68016E1));
#4018=LINE('',#4017,#4016);
#4019=CURVE_STYLE('',#3647,POSITIVE_LENGTH_MEASURE(2.E-2),#3641);
#4020=PRESENTATION_STYLE_ASSIGNMENT((#4019));
#4021=STYLED_ITEM('',(#4020),#4018);
#4022=DIRECTION('',(3.039374307789E-10,-7.499556531343E-11,1.E0));
#4023=VECTOR('',#4022,6.4E-2);
#4024=CARTESIAN_POINT('',(-5.905008155724E0,-2.908387305738E0,1.67376E1));
#4025=LINE('',#4024,#4023);
#4026=CURVE_STYLE('',#3647,POSITIVE_LENGTH_MEASURE(2.E-2),#3641);
#4027=PRESENTATION_STYLE_ASSIGNMENT((#4026));
#4028=STYLED_ITEM('',(#4027),#4025);
#4029=DIRECTION('',(7.617906630008E-13,-1.E0,0.E0));
#4030=VECTOR('',#4029,2.891453765237E-1);
#4031=CARTESIAN_POINT('',(-5.635045319176E0,-2.408323845341E0,1.67376E1));
#4032=LINE('',#4031,#4030);
#4033=CURVE_STYLE('',#3647,POSITIVE_LENGTH_MEASURE(2.E-2),#3641);
#4034=PRESENTATION_STYLE_ASSIGNMENT((#4033));
#4035=STYLED_ITEM('',(#4034),#4032);
#4036=CARTESIAN_POINT('',(-5.148779280701E0,-3.096936340838E0,1.67376E1));
#4037=CARTESIAN_POINT('',(-5.148779280701E0,-2.439505077262E0,1.67376E1));
#4038=VERTEX_POINT('',#4036);
#4039=VERTEX_POINT('',#4037);
#4040=CARTESIAN_POINT('',(-4.608827283445E0,-3.231561493945E0,1.67376E1));
#4041=VERTEX_POINT('',#4040);
#4042=CARTESIAN_POINT('',(-4.608827283445E0,-2.318024695124E0,1.67376E1));
#4043=VERTEX_POINT('',#4042);
#4044=CARTESIAN_POINT('',(-4.727765157689E0,-2.165246820812E0,1.67376E1));
#4045=VERTEX_POINT('',#4044);
#4046=CARTESIAN_POINT('',(-7.138890041750E0,-1.555212540615E0,1.67376E1));
#4047=VERTEX_POINT('',#4046);
#4048=CARTESIAN_POINT('',(-7.138890041750E0,-1.943314735774E0,1.67376E1));
#4049=VERTEX_POINT('',#4048);
#4050=CARTESIAN_POINT('',(-6.068490041750E0,-2.210195430018E0,1.67376E1));
#4051=VERTEX_POINT('',#4050);
#4052=CARTESIAN_POINT('',(-6.068490041750E0,-2.357056472472E0,1.67376E1));
#4053=VERTEX_POINT('',#4052);
#4054=CARTESIAN_POINT('',(-6.161804481875E0,-2.450370912592E0,1.67376E1));
#4055=VERTEX_POINT('',#4054);
#4056=CARTESIAN_POINT('',(-6.184379288096E0,-2.447599074926E0,1.67376E1));
#4057=VERTEX_POINT('',#4056);
#4058=CARTESIAN_POINT('',(-7.138890041750E0,-2.209612815024E0,1.67376E1));
#4059=VERTEX_POINT('',#4058);
#4060=CARTESIAN_POINT('',(-7.138890041750E0,-2.600745999350E0,1.67376E1));
#4061=VERTEX_POINT('',#4060);
#4062=CARTESIAN_POINT('',(-5.905008155724E0,-2.908387305738E0,1.67376E1));
#4063=VERTEX_POINT('',#4062);
#4064=CARTESIAN_POINT('',(-5.852420371110E0,-2.914844273780E0,1.67376E1));
#4065=VERTEX_POINT('',#4064);
#4066=CARTESIAN_POINT('',(-5.635045319175E0,-2.697469221876E0,1.67376E1));
#4067=VERTEX_POINT('',#4066);
#4068=CARTESIAN_POINT('',(-5.635045319176E0,-2.408323845341E0,1.67376E1));
#4069=VERTEX_POINT('',#4068);
#4070=CARTESIAN_POINT('',(-5.564683901109E0,-2.337962427258E0,1.67376E1));
#4071=VERTEX_POINT('',#4070);
#4072=CARTESIAN_POINT('',(-5.547661933464E0,-2.340052462080E0,1.67376E1));
#4073=VERTEX_POINT('',#4072);
#4074=CARTESIAN_POINT('',(-5.148779280701E0,-2.439505077262E0,1.68016E1));
#4075=VERTEX_POINT('',#4074);
#4076=CARTESIAN_POINT('',(-5.148779280701E0,-3.096936340838E0,1.68016E1));
#4077=VERTEX_POINT('',#4076);
#4078=CARTESIAN_POINT('',(-5.547661933461E0,-2.340052462081E0,1.68016E1));
#4079=VERTEX_POINT('',#4078);
#4080=CARTESIAN_POINT('',(-5.564683901104E0,-2.337962427258E0,1.68016E1));
#4081=CARTESIAN_POINT('',(-5.635045319176E0,-2.408323845339E0,1.68016E1));
#4082=VERTEX_POINT('',#4080);
#4083=VERTEX_POINT('',#4081);
#4084=CARTESIAN_POINT('',(-4.608827283445E0,-3.231561493945E0,1.68016E1));
#4085=VERTEX_POINT('',#4084);
#4086=CARTESIAN_POINT('',(-5.635045319176E0,-2.697469221863E0,1.68016E1));
#4087=VERTEX_POINT('',#4086);
#4088=CARTESIAN_POINT('',(-5.852420371110E0,-2.914844273780E0,1.68016E1));
#4089=VERTEX_POINT('',#4088);
#4090=CARTESIAN_POINT('',(-5.905008155679E0,-2.908387305749E0,1.68016E1));
#4091=VERTEX_POINT('',#4090);
#4092=CARTESIAN_POINT('',(-7.138890041750E0,-2.600745999350E0,1.68016E1));
#4093=VERTEX_POINT('',#4092);
#4094=CARTESIAN_POINT('',(-7.138890041750E0,-2.209612815024E0,1.68016E1));
#4095=VERTEX_POINT('',#4094);
#4096=CARTESIAN_POINT('',(-6.184379288092E0,-2.447599074926E0,1.68016E1));
#4097=VERTEX_POINT('',#4096);
#4098=CARTESIAN_POINT('',(-6.161804481875E0,-2.450370912592E0,1.68016E1));
#4099=VERTEX_POINT('',#4098);
#4100=CARTESIAN_POINT('',(-6.068490041750E0,-2.357056472475E0,1.68016E1));
#4101=VERTEX_POINT('',#4100);
#4102=CARTESIAN_POINT('',(-6.068490041750E0,-2.210195430018E0,1.68016E1));
#4103=VERTEX_POINT('',#4102);
#4104=CARTESIAN_POINT('',(-7.138890041750E0,-1.943314735774E0,1.68016E1));
#4105=VERTEX_POINT('',#4104);
#4106=CARTESIAN_POINT('',(-7.138890041750E0,-1.555212540614E0,1.68016E1));
#4107=VERTEX_POINT('',#4106);
#4108=CARTESIAN_POINT('',(-4.727765157700E0,-2.165246820808E0,1.68016E1));
#4109=VERTEX_POINT('',#4108);
#4110=CARTESIAN_POINT('',(-4.608827283445E0,-2.318024695120E0,1.68016E1));
#4111=VERTEX_POINT('',#4110);
#4112=CARTESIAN_POINT('',(-4.766419207170E0,-2.318024695133E0,1.67376E1));
#4113=DIRECTION('',(0.E0,0.E0,1.E0));
#4114=DIRECTION('',(0.E0,1.E0,0.E0));
#4115=AXIS2_PLACEMENT_3D('',#4112,#4113,#4114);
#4116=PLANE('',#4115);
#4118=ORIENTED_EDGE('',*,*,#4117,.F.);
#4120=ORIENTED_EDGE('',*,*,#4119,.T.);
#4122=ORIENTED_EDGE('',*,*,#4121,.F.);
#4124=ORIENTED_EDGE('',*,*,#4123,.T.);
#4126=ORIENTED_EDGE('',*,*,#4125,.T.);
#4128=ORIENTED_EDGE('',*,*,#4127,.F.);
#4130=ORIENTED_EDGE('',*,*,#4129,.T.);
#4132=ORIENTED_EDGE('',*,*,#4131,.F.);
#4134=ORIENTED_EDGE('',*,*,#4133,.T.);
#4136=ORIENTED_EDGE('',*,*,#4135,.T.);
#4138=ORIENTED_EDGE('',*,*,#4137,.T.);
#4140=ORIENTED_EDGE('',*,*,#4139,.F.);
#4142=ORIENTED_EDGE('',*,*,#4141,.T.);
#4144=ORIENTED_EDGE('',*,*,#4143,.T.);
#4146=ORIENTED_EDGE('',*,*,#4145,.T.);
#4148=ORIENTED_EDGE('',*,*,#4147,.F.);
#4150=ORIENTED_EDGE('',*,*,#4149,.T.);
#4152=ORIENTED_EDGE('',*,*,#4151,.T.);
#4154=ORIENTED_EDGE('',*,*,#4153,.T.);
#4155=EDGE_LOOP('',(#4118,#4120,#4122,#4124,#4126,#4128,#4130,#4132,#4134,#4136,
#4138,#4140,#4142,#4144,#4146,#4148,#4150,#4152,#4154));
#4156=FACE_OUTER_BOUND('',#4155,.F.);
#4158=CARTESIAN_POINT('',(-5.148779280701E0,-2.439505077262E0,1.68656E1));
#4159=DIRECTION('',(1.E0,0.E0,0.E0));
#4160=DIRECTION('',(0.E0,0.E0,-1.E0));
#4161=AXIS2_PLACEMENT_3D('',#4158,#4159,#4160);
#4162=PLANE('',#4161);
#4164=ORIENTED_EDGE('',*,*,#4163,.F.);
#4166=ORIENTED_EDGE('',*,*,#4165,.F.);
#4168=ORIENTED_EDGE('',*,*,#4167,.T.);
#4169=ORIENTED_EDGE('',*,*,#4117,.T.);
#4170=EDGE_LOOP('',(#4164,#4166,#4168,#4169));
#4171=FACE_OUTER_BOUND('',#4170,.F.);
#4173=CARTESIAN_POINT('',(-5.547661933464E0,-2.340052462080E0,1.68656E1));
#4174=DIRECTION('',(2.419218955996E-1,9.702957262760E-1,0.E0));
#4175=DIRECTION('',(-9.702957262760E-1,2.419218955996E-1,0.E0));
#4176=AXIS2_PLACEMENT_3D('',#4173,#4174,#4175);
#4177=PLANE('',#4176);
#4179=ORIENTED_EDGE('',*,*,#4178,.F.);
#4181=ORIENTED_EDGE('',*,*,#4180,.F.);
#4182=ORIENTED_EDGE('',*,*,#4163,.T.);
#4183=ORIENTED_EDGE('',*,*,#4153,.F.);
#4184=EDGE_LOOP('',(#4179,#4181,#4182,#4183));
#4185=FACE_OUTER_BOUND('',#4184,.F.);
#4187=CARTESIAN_POINT('',(-5.564683901101E0,-2.408323845333E0,1.68656E1));
#4188=DIRECTION('',(0.E0,0.E0,-1.E0));
#4189=DIRECTION('',(0.E0,-1.E0,0.E0));
#4190=AXIS2_PLACEMENT_3D('',#4187,#4188,#4189);
#4191=CYLINDRICAL_SURFACE('',#4190,7.036141807475E-2);
#4193=ORIENTED_EDGE('',*,*,#4192,.F.);
#4195=ORIENTED_EDGE('',*,*,#4194,.F.);
#4196=ORIENTED_EDGE('',*,*,#4178,.T.);
#4197=ORIENTED_EDGE('',*,*,#4151,.F.);
#4198=ORIENTED_EDGE('',*,*,#4149,.F.);
#4200=ORIENTED_EDGE('',*,*,#4199,.T.);
#4201=EDGE_LOOP('',(#4193,#4195,#4196,#4197,#4198,#4200));
#4202=FACE_OUTER_BOUND('',#4201,.F.);
#4204=CARTESIAN_POINT('',(-5.92E0,0.E0,1.68016E1));
#4205=DIRECTION('',(0.E0,0.E0,1.E0));
#4206=DIRECTION('',(1.E0,0.E0,0.E0));
#4207=AXIS2_PLACEMENT_3D('',#4204,#4205,#4206);
#4208=PLANE('',#4207);
#4210=ORIENTED_EDGE('',*,*,#4209,.T.);
#4211=ORIENTED_EDGE('',*,*,#4165,.T.);
#4212=ORIENTED_EDGE('',*,*,#4180,.T.);
#4213=ORIENTED_EDGE('',*,*,#4194,.T.);
#4214=ORIENTED_EDGE('',*,*,#4192,.T.);
#4216=ORIENTED_EDGE('',*,*,#4215,.T.);
#4218=ORIENTED_EDGE('',*,*,#4217,.T.);
#4220=ORIENTED_EDGE('',*,*,#4219,.T.);
#4222=ORIENTED_EDGE('',*,*,#4221,.T.);
#4224=ORIENTED_EDGE('',*,*,#4223,.T.);
#4226=ORIENTED_EDGE('',*,*,#4225,.T.);
#4228=ORIENTED_EDGE('',*,*,#4227,.T.);
#4230=ORIENTED_EDGE('',*,*,#4229,.T.);
#4232=ORIENTED_EDGE('',*,*,#4231,.T.);
#4234=ORIENTED_EDGE('',*,*,#4233,.T.);
#4236=ORIENTED_EDGE('',*,*,#4235,.T.);
#4238=ORIENTED_EDGE('',*,*,#4237,.T.);
#4240=ORIENTED_EDGE('',*,*,#4239,.T.);
#4242=ORIENTED_EDGE('',*,*,#4241,.T.);
#4243=EDGE_LOOP('',(#4210,#4211,#4212,#4213,#4214,#4216,#4218,#4220,#4222,#4224,
#4226,#4228,#4230,#4232,#4234,#4236,#4238,#4240,#4242));
#4244=FACE_OUTER_BOUND('',#4243,.F.);
#4246=CARTESIAN_POINT('',(-5.148779280701E0,-3.096936340838E0,1.68656E1));
#4247=DIRECTION('',(2.419218955996E-1,9.702957262760E-1,0.E0));
#4248=DIRECTION('',(-9.702957262760E-1,2.419218955996E-1,0.E0));
#4249=AXIS2_PLACEMENT_3D('',#4246,#4247,#4248);
#4250=PLANE('',#4249);
#4251=ORIENTED_EDGE('',*,*,#4167,.F.);
#4252=ORIENTED_EDGE('',*,*,#4209,.F.);
#4254=ORIENTED_EDGE('',*,*,#4253,.T.);
#4255=ORIENTED_EDGE('',*,*,#4119,.F.);
#4256=EDGE_LOOP('',(#4251,#4252,#4254,#4255));
#4257=FACE_OUTER_BOUND('',#4256,.F.);
#4259=CARTESIAN_POINT('',(-4.608827283445E0,-3.231561493946E0,1.68656E1));
#4260=DIRECTION('',(-1.E0,0.E0,0.E0));
#4261=DIRECTION('',(0.E0,0.E0,1.E0));
#4262=AXIS2_PLACEMENT_3D('',#4259,#4260,#4261);
#4263=PLANE('',#4262);
#4264=ORIENTED_EDGE('',*,*,#4253,.F.);
#4265=ORIENTED_EDGE('',*,*,#4241,.F.);
#4267=ORIENTED_EDGE('',*,*,#4266,.F.);
#4268=ORIENTED_EDGE('',*,*,#4121,.T.);
#4269=EDGE_LOOP('',(#4264,#4265,#4267,#4268));
#4270=FACE_OUTER_BOUND('',#4269,.F.);
#4272=CARTESIAN_POINT('',(-4.766419207170E0,-2.318024695133E0,1.68656E1));
#4273=DIRECTION('',(0.E0,0.E0,-1.E0));
#4274=DIRECTION('',(0.E0,-1.E0,0.E0));
#4275=AXIS2_PLACEMENT_3D('',#4272,#4273,#4274);
#4276=CYLINDRICAL_SURFACE('',#4275,1.575919237253E-1);
#4277=ORIENTED_EDGE('',*,*,#4266,.T.);
#4278=ORIENTED_EDGE('',*,*,#4239,.F.);
#4280=ORIENTED_EDGE('',*,*,#4279,.T.);
#4281=ORIENTED_EDGE('',*,*,#4123,.F.);
#4282=EDGE_LOOP('',(#4277,#4278,#4280,#4281));
#4283=FACE_OUTER_BOUND('',#4282,.F.);
#4285=CARTESIAN_POINT('',(-4.727765157682E0,-2.165246820813E0,1.68656E1));
#4286=DIRECTION('',(-2.452793809122E-1,-9.694524358107E-1,0.E0));
#4287=DIRECTION('',(9.694524358107E-1,-2.452793809122E-1,0.E0));
#4288=AXIS2_PLACEMENT_3D('',#4285,#4286,#4287);
#4289=PLANE('',#4288);
#4290=ORIENTED_EDGE('',*,*,#4279,.F.);
#4291=ORIENTED_EDGE('',*,*,#4237,.F.);
#4293=ORIENTED_EDGE('',*,*,#4292,.T.);
#4294=ORIENTED_EDGE('',*,*,#4125,.F.);
#4295=EDGE_LOOP('',(#4290,#4291,#4293,#4294));
#4296=FACE_OUTER_BOUND('',#4295,.F.);
#4298=CARTESIAN_POINT('',(-7.138890041750E0,-1.555212540615E0,1.68656E1));
#4299=DIRECTION('',(1.E0,0.E0,0.E0));
#4300=DIRECTION('',(0.E0,0.E0,-1.E0));
#4301=AXIS2_PLACEMENT_3D('',#4298,#4299,#4300);
#4302=PLANE('',#4301);
#4303=ORIENTED_EDGE('',*,*,#4292,.F.);
#4304=ORIENTED_EDGE('',*,*,#4235,.F.);
#4306=ORIENTED_EDGE('',*,*,#4305,.T.);
#4307=ORIENTED_EDGE('',*,*,#4127,.T.);
#4308=EDGE_LOOP('',(#4303,#4304,#4306,#4307));
#4309=FACE_OUTER_BOUND('',#4308,.F.);
#4311=CARTESIAN_POINT('',(-7.138890041750E0,-1.943314735774E0,1.68656E1));
#4312=DIRECTION('',(2.419218955997E-1,9.702957262760E-1,0.E0));
#4313=DIRECTION('',(-9.702957262760E-1,2.419218955997E-1,0.E0));
#4314=AXIS2_PLACEMENT_3D('',#4311,#4312,#4313);
#4315=PLANE('',#4314);
#4316=ORIENTED_EDGE('',*,*,#4305,.F.);
#4317=ORIENTED_EDGE('',*,*,#4233,.F.);
#4319=ORIENTED_EDGE('',*,*,#4318,.T.);
#4320=ORIENTED_EDGE('',*,*,#4129,.F.);
#4321=EDGE_LOOP('',(#4316,#4317,#4319,#4320));
#4322=FACE_OUTER_BOUND('',#4321,.F.);
#4324=CARTESIAN_POINT('',(-6.068490041750E0,-2.210195430018E0,1.68656E1));
#4325=DIRECTION('',(1.E0,0.E0,0.E0));
#4326=DIRECTION('',(0.E0,0.E0,-1.E0));
#4327=AXIS2_PLACEMENT_3D('',#4324,#4325,#4326);
#4328=PLANE('',#4327);
#4329=ORIENTED_EDGE('',*,*,#4318,.F.);
#4330=ORIENTED_EDGE('',*,*,#4231,.F.);
#4332=ORIENTED_EDGE('',*,*,#4331,.F.);
#4333=ORIENTED_EDGE('',*,*,#4131,.T.);
#4334=EDGE_LOOP('',(#4329,#4330,#4332,#4333));
#4335=FACE_OUTER_BOUND('',#4334,.F.);
#4337=CARTESIAN_POINT('',(-6.161804481875E0,-2.357056472467E0,1.68656E1));
#4338=DIRECTION('',(0.E0,0.E0,-1.E0));
#4339=DIRECTION('',(0.E0,-1.E0,0.E0));
#4340=AXIS2_PLACEMENT_3D('',#4337,#4338,#4339);
#4341=CYLINDRICAL_SURFACE('',#4340,9.331444012514E-2);
#4342=ORIENTED_EDGE('',*,*,#4229,.F.);
#4343=ORIENTED_EDGE('',*,*,#4227,.F.);
#4345=ORIENTED_EDGE('',*,*,#4344,.T.);
#4346=ORIENTED_EDGE('',*,*,#4135,.F.);
#4347=ORIENTED_EDGE('',*,*,#4133,.F.);
#4348=ORIENTED_EDGE('',*,*,#4331,.T.);
#4349=EDGE_LOOP('',(#4342,#4343,#4345,#4346,#4347,#4348));
#4350=FACE_OUTER_BOUND('',#4349,.F.);
#4352=CARTESIAN_POINT('',(-6.184379288117E0,-2.447599074920E0,1.68656E1));
#4353=DIRECTION('',(-2.419218955997E-1,-9.702957262760E-1,0.E0));
#4354=DIRECTION('',(9.702957262760E-1,-2.419218955997E-1,0.E0));
#4355=AXIS2_PLACEMENT_3D('',#4352,#4353,#4354);
#4356=PLANE('',#4355);
#4357=ORIENTED_EDGE('',*,*,#4344,.F.);
#4358=ORIENTED_EDGE('',*,*,#4225,.F.);
#4360=ORIENTED_EDGE('',*,*,#4359,.T.);
#4361=ORIENTED_EDGE('',*,*,#4137,.F.);
#4362=EDGE_LOOP('',(#4357,#4358,#4360,#4361));
#4363=FACE_OUTER_BOUND('',#4362,.F.);
#4365=CARTESIAN_POINT('',(-7.138890041750E0,-2.209612815024E0,1.68656E1));
#4366=DIRECTION('',(1.E0,0.E0,0.E0));
#4367=DIRECTION('',(0.E0,0.E0,-1.E0));
#4368=AXIS2_PLACEMENT_3D('',#4365,#4366,#4367);
#4369=PLANE('',#4368);
#4370=ORIENTED_EDGE('',*,*,#4359,.F.);
#4371=ORIENTED_EDGE('',*,*,#4223,.F.);
#4373=ORIENTED_EDGE('',*,*,#4372,.T.);
#4374=ORIENTED_EDGE('',*,*,#4139,.T.);
#4375=EDGE_LOOP('',(#4370,#4371,#4373,#4374));
#4376=FACE_OUTER_BOUND('',#4375,.F.);
#4378=CARTESIAN_POINT('',(-7.138890041750E0,-2.600745999350E0,1.68656E1));
#4379=DIRECTION('',(2.419218955997E-1,9.702957262760E-1,0.E0));
#4380=DIRECTION('',(-9.702957262760E-1,2.419218955997E-1,0.E0));
#4381=AXIS2_PLACEMENT_3D('',#4378,#4379,#4380);
#4382=PLANE('',#4381);
#4383=ORIENTED_EDGE('',*,*,#4372,.F.);
#4384=ORIENTED_EDGE('',*,*,#4221,.F.);
#4386=ORIENTED_EDGE('',*,*,#4385,.F.);
#4387=ORIENTED_EDGE('',*,*,#4141,.F.);
#4388=EDGE_LOOP('',(#4383,#4384,#4386,#4387));
#4389=FACE_OUTER_BOUND('',#4388,.F.);
#4391=CARTESIAN_POINT('',(-5.852420371110E0,-2.697469221845E0,1.68656E1));
#4392=DIRECTION('',(0.E0,0.E0,-1.E0));
#4393=DIRECTION('',(0.E0,-1.E0,0.E0));
#4394=AXIS2_PLACEMENT_3D('',#4391,#4392,#4393);
#4395=CYLINDRICAL_SURFACE('',#4394,2.173750519347E-1);
#4396=ORIENTED_EDGE('',*,*,#4219,.F.);
#4397=ORIENTED_EDGE('',*,*,#4217,.F.);
#4399=ORIENTED_EDGE('',*,*,#4398,.T.);
#4400=ORIENTED_EDGE('',*,*,#4145,.F.);
#4401=ORIENTED_EDGE('',*,*,#4143,.F.);
#4402=ORIENTED_EDGE('',*,*,#4385,.T.);
#4403=EDGE_LOOP('',(#4396,#4397,#4399,#4400,#4401,#4402));
#4404=FACE_OUTER_BOUND('',#4403,.F.);
#4406=CARTESIAN_POINT('',(-5.635045319176E0,-2.697469221845E0,1.68656E1));
#4407=DIRECTION('',(-1.E0,0.E0,0.E0));
#4408=DIRECTION('',(0.E0,0.E0,1.E0));
#4409=AXIS2_PLACEMENT_3D('',#4406,#4407,#4408);
#4410=PLANE('',#4409);
#4411=ORIENTED_EDGE('',*,*,#4398,.F.);
#4412=ORIENTED_EDGE('',*,*,#4215,.F.);
#4413=ORIENTED_EDGE('',*,*,#4199,.F.);
#4414=ORIENTED_EDGE('',*,*,#4147,.T.);
#4415=EDGE_LOOP('',(#4411,#4412,#4413,#4414));
#4416=FACE_OUTER_BOUND('',#4415,.F.);
#4418=CLOSED_SHELL('',(#4157,#4172,#4186,#4203,#4245,#4258,#4271,#4284,#4297,
#4310,#4323,#4336,#4351,#4364,#4377,#4390,#4405,#4417));
#4419=MANIFOLD_SOLID_BREP('',#4418);
#4420=FILL_AREA_STYLE_COLOUR('',#3641);
#4421=FILL_AREA_STYLE('',(#4420));
#4422=SURFACE_STYLE_FILL_AREA(#4421);
#4423=SURFACE_SIDE_STYLE('',(#4422));
#4424=SURFACE_STYLE_USAGE(.BOTH.,#4423);
#4425=PRESENTATION_STYLE_ASSIGNMENT((#4424));
#3642=STYLED_ITEM('',(#4425),#4419);
#4428=PLANE_ANGLE_MEASURE_WITH_UNIT(PLANE_ANGLE_MEASURE(1.745329251994E-2),
#4427);
#4429=(CONVERSION_BASED_UNIT('DEGREE',#4428)NAMED_UNIT(*)PLANE_ANGLE_UNIT());
#4431=UNCERTAINTY_MEASURE_WITH_UNIT(LENGTH_MEASURE(3.035576082442E-4),#4426,
'distance_accuracy_value',
'Maximum model space distance between geometric entities at asserted connectivities');
#4433=CARTESIAN_POINT('',(0.E0,0.E0,0.E0));
#4434=DIRECTION('',(0.E0,0.E0,1.E0));
#4435=DIRECTION('',(1.E0,0.E0,0.E0));
#4438=PRODUCT_CONTEXT('',#1097,'mechanical');
#4439=PRODUCT('LOGO_NX_PRT_180_1_1_1_1_2_1','LOGO_NX_PRT_180_1_1_1_1_2_1',
'NOT SPECIFIED',(#4438));
#4440=PRODUCT_DEFINITION_FORMATION('1','LAST_VERSION',#4439);
#4448=DERIVED_UNIT_ELEMENT(#4447,2.E0);
#4449=DERIVED_UNIT((#4448));
#4450=MEASURE_REPRESENTATION_ITEM('surface area measure',AREA_MEASURE(
4.698652859442E0),#4449);
#4455=DERIVED_UNIT_ELEMENT(#4454,3.E0);
#4456=DERIVED_UNIT((#4455));
#4457=MEASURE_REPRESENTATION_ITEM('volume measure',VOLUME_MEASURE(
1.288537200143E-1),#4456);
#4461=CARTESIAN_POINT('centre point',(-5.852969963889E0,-2.367800071398E0,
1.67696E1));
#4466=DERIVED_UNIT_ELEMENT(#4465,2.E0);
#4467=DERIVED_UNIT((#4466));
#4468=MEASURE_REPRESENTATION_ITEM('surface area measure',AREA_MEASURE(
4.698652859442E0),#4467);
#4473=DERIVED_UNIT_ELEMENT(#4472,3.E0);
#4474=DERIVED_UNIT((#4473));
#4475=MEASURE_REPRESENTATION_ITEM('volume measure',VOLUME_MEASURE(
1.288537200143E-1),#4474);
#4479=CARTESIAN_POINT('centre point',(-5.852969963889E0,-2.367800071398E0,
1.67696E1));
#4489=CARTESIAN_POINT('centre point',(-5.852969963889E0,-2.367800071398E0,
1.67696E1));
#4493=CARTESIAN_POINT('',(0.E0,0.E0,0.E0));
#4494=DIRECTION('',(0.E0,0.E0,1.E0));
#4495=DIRECTION('',(1.E0,0.E0,0.E0));
#4496=AXIS2_PLACEMENT_3D('',#4493,#4494,#4495);
#4497=ITEM_DEFINED_TRANSFORMATION('','',#4436,#4496);
#4498=CARTESIAN_POINT('',(0.E0,0.E0,0.E0));
#4499=DIRECTION('',(0.E0,0.E0,1.E0));
#4500=DIRECTION('',(1.E0,0.E0,0.E0));
#4502=(REPRESENTATION_RELATIONSHIP('','',#4437,#4486)REPRESENTATION_RELATIONSHIP_WITH_TRANSFORMATION(#4497)SHAPE_REPRESENTATION_RELATIONSHIP());
#4503=CONTEXT_DEPENDENT_SHAPE_REPRESENTATION(#4502,#4488);
#4505=DIRECTION('',(1.387778780781E-14,7.979727989493E-14,-1.E0));
#4506=VECTOR('',#4505,6.4E-2);
#4507=CARTESIAN_POINT('',(-4.608827283445E0,-1.413767571920E0,1.68016E1));
#4508=LINE('',#4507,#4506);
#4509=CURVE_STYLE('',#3647,POSITIVE_LENGTH_MEASURE(2.E-2),#3641);
#4510=PRESENTATION_STYLE_ASSIGNMENT((#4509));
#4511=STYLED_ITEM('',(#4510),#4508);
#4512=DIRECTION('',(6.938893903907E-14,-4.857225732735E-14,1.E0));
#4513=VECTOR('',#4512,6.4E-2);
#4514=CARTESIAN_POINT('',(-6.146444998998E0,-1.420195003487E0,1.67376E1));
#4515=LINE('',#4514,#4513);
#4516=CURVE_STYLE('',#3647,POSITIVE_LENGTH_MEASURE(2.E-2),#3641);
#4517=PRESENTATION_STYLE_ASSIGNMENT((#4516));
#4518=STYLED_ITEM('',(#4517),#4515);
#4519=DIRECTION('',(2.775557561563E-14,-1.769417945496E-13,-1.E0));
#4520=VECTOR('',#4519,6.4E-2);
#4521=CARTESIAN_POINT('',(-4.608827283445E0,-1.803566157642E0,1.68016E1));
#4522=LINE('',#4521,#4520);
#4523=CURVE_STYLE('',#3647,POSITIVE_LENGTH_MEASURE(2.E-2),#3641);
#4524=PRESENTATION_STYLE_ASSIGNMENT((#4523));
#4525=STYLED_ITEM('',(#4524),#4522);
#4526=DIRECTION('',(8.326672684689E-14,-2.914335439641E-13,1.E0));
#4527=VECTOR('',#4526,6.4E-2);
#4528=CARTESIAN_POINT('',(-6.146444998998E0,-1.030396417765E0,1.67376E1));
#4529=LINE('',#4528,#4527);
#4530=CURVE_STYLE('',#3647,POSITIVE_LENGTH_MEASURE(2.E-2),#3641);
#4531=PRESENTATION_STYLE_ASSIGNMENT((#4530));
#4532=STYLED_ITEM('',(#4531),#4529);
#4533=DIRECTION('',(0.E0,1.E0,0.E0));
#4534=VECTOR('',#4533,3.897985857220E-1);
#4535=CARTESIAN_POINT('',(-6.146444998998E0,-1.420195003487E0,1.67376E1));
#4536=LINE('',#4535,#4534);
#4537=CURVE_STYLE('',#3647,POSITIVE_LENGTH_MEASURE(2.E-2),#3641);
#4538=PRESENTATION_STYLE_ASSIGNMENT((#4537));
#4539=STYLED_ITEM('',(#4538),#4536);
#4540=DIRECTION('',(-9.702957262760E-1,2.419218955996E-1,0.E0));
#4541=VECTOR('',#4540,1.584689774379E0);
#4542=CARTESIAN_POINT('',(-4.608827283445E0,-1.803566157642E0,1.68016E1));
#4543=LINE('',#4542,#4541);
#4544=CURVE_STYLE('',#3647,POSITIVE_LENGTH_MEASURE(2.E-2),#3641);
#4545=PRESENTATION_STYLE_ASSIGNMENT((#4544));
#4546=STYLED_ITEM('',(#4545),#4543);
#4547=DIRECTION('',(0.E0,1.E0,0.E0));
#4548=VECTOR('',#4547,3.897985857220E-1);
#4549=CARTESIAN_POINT('',(-6.146444998998E0,-1.420195003487E0,1.68016E1));
#4550=LINE('',#4549,#4548);
#4551=CURVE_STYLE('',#3647,POSITIVE_LENGTH_MEASURE(2.E-2),#3641);
#4552=PRESENTATION_STYLE_ASSIGNMENT((#4551));
#4553=STYLED_ITEM('',(#4552),#4550);
#4554=DIRECTION('',(9.702957262760E-1,-2.419218955996E-1,0.E0));
#4555=VECTOR('',#4554,1.584689774379E0);
#4556=CARTESIAN_POINT('',(-6.146444998998E0,-1.030396417765E0,1.68016E1));
#4557=LINE('',#4556,#4555);
#4558=CURVE_STYLE('',#3647,POSITIVE_LENGTH_MEASURE(2.E-2),#3641);
#4559=PRESENTATION_STYLE_ASSIGNMENT((#4558));
#4560=STYLED_ITEM('',(#4559),#4557);
#4561=DIRECTION('',(0.E0,-1.E0,0.E0));
#4562=VECTOR('',#4561,3.897985857220E-1);
#4563=CARTESIAN_POINT('',(-4.608827283445E0,-1.413767571920E0,1.68016E1));
#4564=LINE('',#4563,#4562);
#4565=CURVE_STYLE('',#3647,POSITIVE_LENGTH_MEASURE(2.E-2),#3641);
#4566=PRESENTATION_STYLE_ASSIGNMENT((#4565));
#4567=STYLED_ITEM('',(#4566),#4564);
#4568=DIRECTION('',(9.702957262760E-1,-2.419218955996E-1,0.E0));
#4569=VECTOR('',#4568,1.584689774379E0);
#4570=CARTESIAN_POINT('',(-6.146444998998E0,-1.420195003487E0,1.67376E1));
#4571=LINE('',#4570,#4569);
#4572=CURVE_STYLE('',#3647,POSITIVE_LENGTH_MEASURE(2.E-2),#3641);
#4573=PRESENTATION_STYLE_ASSIGNMENT((#4572));
#4574=STYLED_ITEM('',(#4573),#4571);
#4575=DIRECTION('',(0.E0,1.E0,0.E0));
#4576=VECTOR('',#4575,3.897985857220E-1);
#4577=CARTESIAN_POINT('',(-4.608827283445E0,-1.803566157642E0,1.67376E1));
#4578=LINE('',#4577,#4576);
#4579=CURVE_STYLE('',#3647,POSITIVE_LENGTH_MEASURE(2.E-2),#3641);
#4580=PRESENTATION_STYLE_ASSIGNMENT((#4579));
#4581=STYLED_ITEM('',(#4580),#4578);
#4582=DIRECTION('',(-9.702957262760E-1,2.419218955996E-1,0.E0));
#4583=VECTOR('',#4582,1.584689774379E0);
#4584=CARTESIAN_POINT('',(-4.608827283445E0,-1.413767571920E0,1.67376E1));
#4585=LINE('',#4584,#4583);
#4586=CURVE_STYLE('',#3647,POSITIVE_LENGTH_MEASURE(2.E-2),#3641);
#4587=PRESENTATION_STYLE_ASSIGNMENT((#4586));
#4588=STYLED_ITEM('',(#4587),#4585);
#4589=CARTESIAN_POINT('',(-4.608827283445E0,-1.413767571920E0,1.68016E1));
#4590=CARTESIAN_POINT('',(-4.608827283445E0,-1.413767571920E0,1.67376E1));
#4591=VERTEX_POINT('',#4589);
#4592=VERTEX_POINT('',#4590);
#4593=CARTESIAN_POINT('',(-6.146444998998E0,-1.030396417765E0,1.68016E1));
#4594=VERTEX_POINT('',#4593);
#4595=CARTESIAN_POINT('',(-6.146444998998E0,-1.030396417765E0,1.67376E1));
#4596=VERTEX_POINT('',#4595);
#4597=CARTESIAN_POINT('',(-4.608827283445E0,-1.803566157642E0,1.68016E1));
#4598=CARTESIAN_POINT('',(-4.608827283445E0,-1.803566157642E0,1.67376E1));
#4599=VERTEX_POINT('',#4597);
#4600=VERTEX_POINT('',#4598);
#4601=CARTESIAN_POINT('',(-6.146444998998E0,-1.420195003487E0,1.67376E1));
#4602=CARTESIAN_POINT('',(-6.146444998998E0,-1.420195003487E0,1.68016E1));
#4603=VERTEX_POINT('',#4601);
#4604=VERTEX_POINT('',#4602);
#4605=CARTESIAN_POINT('',(-4.608827283445E0,-1.413767571920E0,1.68656E1));
#4606=DIRECTION('',(-2.419218955996E-1,-9.702957262760E-1,0.E0));
#4607=DIRECTION('',(9.702957262760E-1,-2.419218955996E-1,0.E0));
#4608=AXIS2_PLACEMENT_3D('',#4605,#4606,#4607);
#4609=PLANE('',#4608);
#4611=ORIENTED_EDGE('',*,*,#4610,.F.);
#4613=ORIENTED_EDGE('',*,*,#4612,.F.);
#4615=ORIENTED_EDGE('',*,*,#4614,.F.);
#4617=ORIENTED_EDGE('',*,*,#4616,.F.);
#4618=EDGE_LOOP('',(#4611,#4613,#4615,#4617));
#4619=FACE_OUTER_BOUND('',#4618,.F.);
#4621=CARTESIAN_POINT('',(-4.608827283445E0,-1.803566157642E0,1.68656E1));
#4622=DIRECTION('',(-1.E0,0.E0,0.E0));
#4623=DIRECTION('',(0.E0,0.E0,1.E0));
#4624=AXIS2_PLACEMENT_3D('',#4621,#4622,#4623);
#4625=PLANE('',#4624);
#4627=ORIENTED_EDGE('',*,*,#4626,.F.);
#4629=ORIENTED_EDGE('',*,*,#4628,.F.);
#4630=ORIENTED_EDGE('',*,*,#4610,.T.);
#4632=ORIENTED_EDGE('',*,*,#4631,.F.);
#4633=EDGE_LOOP('',(#4627,#4629,#4630,#4632));
#4634=FACE_OUTER_BOUND('',#4633,.F.);
#4636=CARTESIAN_POINT('',(-6.146444998998E0,-1.420195003487E0,1.68656E1));
#4637=DIRECTION('',(2.419218955996E-1,9.702957262760E-1,0.E0));
#4638=DIRECTION('',(-9.702957262760E-1,2.419218955996E-1,0.E0));
#4639=AXIS2_PLACEMENT_3D('',#4636,#4637,#4638);
#4640=PLANE('',#4639);
#4642=ORIENTED_EDGE('',*,*,#4641,.T.);
#4644=ORIENTED_EDGE('',*,*,#4643,.F.);
#4645=ORIENTED_EDGE('',*,*,#4626,.T.);
#4647=ORIENTED_EDGE('',*,*,#4646,.F.);
#4648=EDGE_LOOP('',(#4642,#4644,#4645,#4647));
#4649=FACE_OUTER_BOUND('',#4648,.F.);
#4651=CARTESIAN_POINT('',(-6.146444998998E0,-1.030396417765E0,1.68656E1));
#4652=DIRECTION('',(1.E0,0.E0,0.E0));
#4653=DIRECTION('',(0.E0,0.E0,-1.E0));
#4654=AXIS2_PLACEMENT_3D('',#4651,#4652,#4653);
#4655=PLANE('',#4654);
#4656=ORIENTED_EDGE('',*,*,#4614,.T.);
#4658=ORIENTED_EDGE('',*,*,#4657,.F.);
#4659=ORIENTED_EDGE('',*,*,#4641,.F.);
#4661=ORIENTED_EDGE('',*,*,#4660,.T.);
#4662=EDGE_LOOP('',(#4656,#4658,#4659,#4661));
#4663=FACE_OUTER_BOUND('',#4662,.F.);
#4665=CARTESIAN_POINT('',(-5.92E0,0.E0,1.68016E1));
#4666=DIRECTION('',(0.E0,0.E0,1.E0));
#4667=DIRECTION('',(1.E0,0.E0,0.E0));
#4668=AXIS2_PLACEMENT_3D('',#4665,#4666,#4667);
#4669=PLANE('',#4668);
#4670=ORIENTED_EDGE('',*,*,#4643,.T.);
#4671=ORIENTED_EDGE('',*,*,#4657,.T.);
#4672=ORIENTED_EDGE('',*,*,#4612,.T.);
#4673=ORIENTED_EDGE('',*,*,#4628,.T.);
#4674=EDGE_LOOP('',(#4670,#4671,#4672,#4673));
#4675=FACE_OUTER_BOUND('',#4674,.F.);
#4677=CARTESIAN_POINT('',(7.933796729338E1,-2.738408139160E2,1.67376E1));
#4678=DIRECTION('',(0.E0,0.E0,1.E0));
#4679=DIRECTION('',(0.E0,1.E0,0.E0));
#4680=AXIS2_PLACEMENT_3D('',#4677,#4678,#4679);
#4681=PLANE('',#4680);
#4682=ORIENTED_EDGE('',*,*,#4660,.F.);
#4683=ORIENTED_EDGE('',*,*,#4646,.T.);
#4684=ORIENTED_EDGE('',*,*,#4631,.T.);
#4685=ORIENTED_EDGE('',*,*,#4616,.T.);
#4686=EDGE_LOOP('',(#4682,#4683,#4684,#4685));
#4687=FACE_OUTER_BOUND('',#4686,.F.);
#4689=CLOSED_SHELL('',(#4620,#4635,#4650,#4664,#4676,#4688));
#4690=MANIFOLD_SOLID_BREP('',#4689);
#4691=FILL_AREA_STYLE_COLOUR('',#3641);
#4692=FILL_AREA_STYLE('',(#4691));
#4693=SURFACE_STYLE_FILL_AREA(#4692);
#4694=SURFACE_SIDE_STYLE('',(#4693));
#4695=SURFACE_STYLE_USAGE(.BOTH.,#4694);
#4696=PRESENTATION_STYLE_ASSIGNMENT((#4695));
#4504=STYLED_ITEM('',(#4696),#4690);
#4699=PLANE_ANGLE_MEASURE_WITH_UNIT(PLANE_ANGLE_MEASURE(1.745329251994E-2),
#4698);
#4700=(CONVERSION_BASED_UNIT('DEGREE',#4699)NAMED_UNIT(*)PLANE_ANGLE_UNIT());
#4702=UNCERTAINTY_MEASURE_WITH_UNIT(LENGTH_MEASURE(1.722184194021E-4),#4697,
'distance_accuracy_value',
'Maximum model space distance between geometric entities at asserted connectivities');
#4704=CARTESIAN_POINT('',(0.E0,0.E0,0.E0));
#4705=DIRECTION('',(0.E0,0.E0,1.E0));
#4706=DIRECTION('',(1.E0,0.E0,0.E0));
#4709=PRODUCT_DEFINITION_CONTEXT('part definition',#1097,'design');
#4710=PRODUCT_CONTEXT('',#1097,'mechanical');
#4711=PRODUCT('LOGO_NX_PRT_253_1_1_1_1_2_1','LOGO_NX_PRT_253_1_1_1_1_2_1',
'NOT SPECIFIED',(#4710));
#4712=PRODUCT_DEFINITION_FORMATION('1','LAST_VERSION',#4711);
#4720=DERIVED_UNIT_ELEMENT(#4719,2.E0);
#4721=DERIVED_UNIT((#4720));
#4722=MEASURE_REPRESENTATION_ITEM('surface area measure',AREA_MEASURE(
1.451456931900E0),#4721);
#4727=DERIVED_UNIT_ELEMENT(#4726,3.E0);
#4728=DERIVED_UNIT((#4727));
#4729=MEASURE_REPRESENTATION_ITEM('volume measure',VOLUME_MEASURE(
3.835911749783E-2),#4728);
#4733=CARTESIAN_POINT('centre point',(-5.377636141222E0,-1.416981287703E0,
1.67696E1));
#4738=DERIVED_UNIT_ELEMENT(#4737,2.E0);
#4739=DERIVED_UNIT((#4738));
#4740=MEASURE_REPRESENTATION_ITEM('surface area measure',AREA_MEASURE(
1.451456931900E0),#4739);
#4745=DERIVED_UNIT_ELEMENT(#4744,3.E0);
#4746=DERIVED_UNIT((#4745));
#4747=MEASURE_REPRESENTATION_ITEM('volume measure',VOLUME_MEASURE(
3.835911749783E-2),#4746);
#4751=CARTESIAN_POINT('centre point',(-5.377636141222E0,-1.416981287703E0,
1.67696E1));
#4758=CARTESIAN_POINT('centre point',(-5.377636141222E0,-1.416981287703E0,
1.67696E1));
#4762=CARTESIAN_POINT('',(0.E0,0.E0,0.E0));
#4763=DIRECTION('',(0.E0,0.E0,1.E0));
#4764=DIRECTION('',(1.E0,0.E0,0.E0));
#4765=AXIS2_PLACEMENT_3D('',#4762,#4763,#4764);
#4766=ITEM_DEFINED_TRANSFORMATION('','',#4707,#4765);
#4767=CARTESIAN_POINT('',(0.E0,0.E0,0.E0));
#4768=DIRECTION('',(0.E0,0.E0,1.E0));
#4769=DIRECTION('',(1.E0,0.E0,0.E0));
#4771=(REPRESENTATION_RELATIONSHIP('','',#4708,#4486)REPRESENTATION_RELATIONSHIP_WITH_TRANSFORMATION(#4766)SHAPE_REPRESENTATION_RELATIONSHIP());
#4772=CONTEXT_DEPENDENT_SHAPE_REPRESENTATION(#4771,#4757);
#4774=DIRECTION('',(1.804112415016E-13,-1.006139616067E-13,-1.E0));
#4775=VECTOR('',#4774,6.4E-2);
#4776=CARTESIAN_POINT('',(-4.608827283445E0,-6.717257587883E-1,1.68016E1));
#4777=LINE('',#4776,#4775);
#4778=CURVE_STYLE('',#3647,POSITIVE_LENGTH_MEASURE(2.E-2),#3641);
#4779=PRESENTATION_STYLE_ASSIGNMENT((#4778));
#4780=STYLED_ITEM('',(#4779),#4777);
#4781=DIRECTION('',(-1.387778780781E-14,-1.169203622808E-12,1.E0));
#4782=VECTOR('',#4781,6.4E-2);
#4783=CARTESIAN_POINT('',(-6.146444998998E0,-6.841102383035E-1,1.67376E1));
#4784=LINE('',#4783,#4782);
#4785=CURVE_STYLE('',#3647,POSITIVE_LENGTH_MEASURE(2.E-2),#3641);
#4786=PRESENTATION_STYLE_ASSIGNMENT((#4785));
#4787=STYLED_ITEM('',(#4786),#4784);
#4788=DIRECTION('',(1.804112415016E-13,1.200428645376E-12,-1.E0));
#4789=VECTOR('',#4788,6.4E-2);
#4790=CARTESIAN_POINT('',(-4.608827283445E0,-1.067481392459E0,1.68016E1));
#4791=LINE('',#4790,#4789);
#4792=CURVE_STYLE('',#3647,POSITIVE_LENGTH_MEASURE(2.E-2),#3641);
#4793=PRESENTATION_STYLE_ASSIGNMENT((#4792));
#4794=STYLED_ITEM('',(#4793),#4791);
#4795=DIRECTION('',(8.326672684689E-14,1.708702623837E-13,1.E0));
#4796=VECTOR('',#4795,6.4E-2);
#4797=CARTESIAN_POINT('',(-6.146444998998E0,-2.883546046331E-1,1.67376E1));
#4798=LINE('',#4797,#4796);
#4799=CURVE_STYLE('',#3647,POSITIVE_LENGTH_MEASURE(2.E-2),#3641);
#4800=PRESENTATION_STYLE_ASSIGNMENT((#4799));
#4801=STYLED_ITEM('',(#4800),#4798);
#4802=DIRECTION('',(-4.488519400030E-14,1.E0,0.E0));
#4803=VECTOR('',#4802,3.957556336703E-1);
#4804=CARTESIAN_POINT('',(-6.146444998998E0,-6.841102383035E-1,1.67376E1));
#4805=LINE('',#4804,#4803);
#4806=CURVE_STYLE('',#3647,POSITIVE_LENGTH_MEASURE(2.E-2),#3641);
#4807=PRESENTATION_STYLE_ASSIGNMENT((#4806));
#4808=STYLED_ITEM('',(#4807),#4805);
#4809=DIRECTION('',(-9.702957262760E-1,2.419218955998E-1,0.E0));
#4810=VECTOR('',#4809,1.584689774379E0);
#4811=CARTESIAN_POINT('',(-4.608827283445E0,-1.067481392459E0,1.68016E1));
#4812=LINE('',#4811,#4810);
#4813=CURVE_STYLE('',#3647,POSITIVE_LENGTH_MEASURE(2.E-2),#3641);
#4814=PRESENTATION_STYLE_ASSIGNMENT((#4813));
#4815=STYLED_ITEM('',(#4814),#4812);
#4816=DIRECTION('',(-2.917537610019E-14,1.E0,0.E0));
#4817=VECTOR('',#4816,3.957556336704E-1);
#4818=CARTESIAN_POINT('',(-6.146444998998E0,-6.841102383035E-1,1.68016E1));
#4819=LINE('',#4818,#4817);
#4820=CURVE_STYLE('',#3647,POSITIVE_LENGTH_MEASURE(2.E-2),#3641);
#4821=PRESENTATION_STYLE_ASSIGNMENT((#4820));
#4822=STYLED_ITEM('',(#4821),#4819);
#4823=DIRECTION('',(9.702957262760E-1,-2.419218955997E-1,0.E0));
#4824=VECTOR('',#4823,1.584689774379E0);
#4825=CARTESIAN_POINT('',(-6.146444998998E0,-2.883546046331E-1,1.68016E1));
#4826=LINE('',#4825,#4824);
#4827=CURVE_STYLE('',#3647,POSITIVE_LENGTH_MEASURE(2.E-2),#3641);
#4828=PRESENTATION_STYLE_ASSIGNMENT((#4827));
#4829=STYLED_ITEM('',(#4828),#4826);
#4830=DIRECTION('',(1.211900238007E-13,-1.E0,0.E0));
#4831=VECTOR('',#4830,3.957556336706E-1);
#4832=CARTESIAN_POINT('',(-4.608827283445E0,-6.717257587883E-1,1.68016E1));
#4833=LINE('',#4832,#4831);
#4834=CURVE_STYLE('',#3647,POSITIVE_LENGTH_MEASURE(2.E-2),#3641);
#4835=PRESENTATION_STYLE_ASSIGNMENT((#4834));
#4836=STYLED_ITEM('',(#4835),#4833);
#4837=DIRECTION('',(9.702957262760E-1,-2.419218955998E-1,0.E0));
#4838=VECTOR('',#4837,1.584689774379E0);
#4839=CARTESIAN_POINT('',(-6.146444998998E0,-6.841102383035E-1,1.67376E1));
#4840=LINE('',#4839,#4838);
#4841=CURVE_STYLE('',#3647,POSITIVE_LENGTH_MEASURE(2.E-2),#3641);
#4842=PRESENTATION_STYLE_ASSIGNMENT((#4841));
#4843=STYLED_ITEM('',(#4842),#4840);
#4844=DIRECTION('',(-1.189457641007E-13,1.E0,0.E0));
#4845=VECTOR('',#4844,3.957556336705E-1);
#4846=CARTESIAN_POINT('',(-4.608827283445E0,-1.067481392459E0,1.67376E1));
#4847=LINE('',#4846,#4845);
#4848=CURVE_STYLE('',#3647,POSITIVE_LENGTH_MEASURE(2.E-2),#3641);
#4849=PRESENTATION_STYLE_ASSIGNMENT((#4848));
#4850=STYLED_ITEM('',(#4849),#4847);
#4851=DIRECTION('',(-9.702957262760E-1,2.419218955997E-1,0.E0));
#4852=VECTOR('',#4851,1.584689774379E0);
#4853=CARTESIAN_POINT('',(-4.608827283445E0,-6.717257587883E-1,1.67376E1));
#4854=LINE('',#4853,#4852);
#4855=CURVE_STYLE('',#3647,POSITIVE_LENGTH_MEASURE(2.E-2),#3641);
#4856=PRESENTATION_STYLE_ASSIGNMENT((#4855));
#4857=STYLED_ITEM('',(#4856),#4854);
#4858=CARTESIAN_POINT('',(-4.608827283445E0,-6.717257587883E-1,1.68016E1));
#4859=CARTESIAN_POINT('',(-4.608827283445E0,-6.717257587883E-1,1.67376E1));
#4860=VERTEX_POINT('',#4858);
#4861=VERTEX_POINT('',#4859);
#4862=CARTESIAN_POINT('',(-6.146444998998E0,-2.883546046331E-1,1.68016E1));
#4863=VERTEX_POINT('',#4862);
#4864=CARTESIAN_POINT('',(-6.146444998998E0,-2.883546046331E-1,1.67376E1));
#4865=VERTEX_POINT('',#4864);
#4866=CARTESIAN_POINT('',(-4.608827283445E0,-1.067481392459E0,1.68016E1));
#4867=CARTESIAN_POINT('',(-4.608827283445E0,-1.067481392459E0,1.67376E1));
#4868=VERTEX_POINT('',#4866);
#4869=VERTEX_POINT('',#4867);
#4870=CARTESIAN_POINT('',(-6.146444998998E0,-6.841102383035E-1,1.67376E1));
#4871=CARTESIAN_POINT('',(-6.146444998998E0,-6.841102383035E-1,1.68016E1));
#4872=VERTEX_POINT('',#4870);
#4873=VERTEX_POINT('',#4871);
#4874=CARTESIAN_POINT('',(-4.608827283445E0,-6.717257587883E-1,1.68656E1));
#4875=DIRECTION('',(-2.419218955997E-1,-9.702957262760E-1,0.E0));
#4876=DIRECTION('',(9.702957262760E-1,-2.419218955997E-1,0.E0));
#4877=AXIS2_PLACEMENT_3D('',#4874,#4875,#4876);
#4878=PLANE('',#4877);
#4880=ORIENTED_EDGE('',*,*,#4879,.F.);
#4882=ORIENTED_EDGE('',*,*,#4881,.F.);
#4884=ORIENTED_EDGE('',*,*,#4883,.F.);
#4886=ORIENTED_EDGE('',*,*,#4885,.F.);
#4887=EDGE_LOOP('',(#4880,#4882,#4884,#4886));
#4888=FACE_OUTER_BOUND('',#4887,.F.);
#4890=CARTESIAN_POINT('',(-4.608827283445E0,-1.067481392459E0,1.68656E1));
#4891=DIRECTION('',(-1.E0,0.E0,0.E0));
#4892=DIRECTION('',(0.E0,0.E0,1.E0));
#4893=AXIS2_PLACEMENT_3D('',#4890,#4891,#4892);
#4894=PLANE('',#4893);
#4896=ORIENTED_EDGE('',*,*,#4895,.F.);
#4898=ORIENTED_EDGE('',*,*,#4897,.F.);
#4899=ORIENTED_EDGE('',*,*,#4879,.T.);
#4901=ORIENTED_EDGE('',*,*,#4900,.F.);
#4902=EDGE_LOOP('',(#4896,#4898,#4899,#4901));
#4903=FACE_OUTER_BOUND('',#4902,.F.);
#4905=CARTESIAN_POINT('',(-6.146444998998E0,-6.841102383034E-1,1.68656E1));
#4906=DIRECTION('',(2.419218955997E-1,9.702957262760E-1,0.E0));
#4907=DIRECTION('',(-9.702957262760E-1,2.419218955997E-1,0.E0));
#4908=AXIS2_PLACEMENT_3D('',#4905,#4906,#4907);
#4909=PLANE('',#4908);
#4911=ORIENTED_EDGE('',*,*,#4910,.T.);
#4913=ORIENTED_EDGE('',*,*,#4912,.F.);
#4914=ORIENTED_EDGE('',*,*,#4895,.T.);
#4916=ORIENTED_EDGE('',*,*,#4915,.F.);
#4917=EDGE_LOOP('',(#4911,#4913,#4914,#4916));
#4918=FACE_OUTER_BOUND('',#4917,.F.);
#4920=CARTESIAN_POINT('',(-6.146444998998E0,-2.883546046330E-1,1.68656E1));
#4921=DIRECTION('',(1.E0,0.E0,0.E0));
#4922=DIRECTION('',(0.E0,0.E0,-1.E0));
#4923=AXIS2_PLACEMENT_3D('',#4920,#4921,#4922);
#4924=PLANE('',#4923);
#4925=ORIENTED_EDGE('',*,*,#4883,.T.);
#4927=ORIENTED_EDGE('',*,*,#4926,.F.);
#4928=ORIENTED_EDGE('',*,*,#4910,.F.);
#4930=ORIENTED_EDGE('',*,*,#4929,.T.);
#4931=EDGE_LOOP('',(#4925,#4927,#4928,#4930));
#4932=FACE_OUTER_BOUND('',#4931,.F.);
#4934=CARTESIAN_POINT('',(-5.92E0,0.E0,1.68016E1));
#4935=DIRECTION('',(0.E0,0.E0,1.E0));
#4936=DIRECTION('',(1.E0,0.E0,0.E0));
#4937=AXIS2_PLACEMENT_3D('',#4934,#4935,#4936);
#4938=PLANE('',#4937);
#4939=ORIENTED_EDGE('',*,*,#4912,.T.);
#4940=ORIENTED_EDGE('',*,*,#4926,.T.);
#4941=ORIENTED_EDGE('',*,*,#4881,.T.);
#4942=ORIENTED_EDGE('',*,*,#4897,.T.);
#4943=EDGE_LOOP('',(#4939,#4940,#4941,#4942));
#4944=FACE_OUTER_BOUND('',#4943,.F.);
#4946=CARTESIAN_POINT('',(7.933796729338E1,-2.738408139160E2,1.67376E1));
#4947=DIRECTION('',(0.E0,0.E0,1.E0));
#4948=DIRECTION('',(0.E0,1.E0,0.E0));
#4949=AXIS2_PLACEMENT_3D('',#4946,#4947,#4948);
#4950=PLANE('',#4949);
#4951=ORIENTED_EDGE('',*,*,#4929,.F.);
#4952=ORIENTED_EDGE('',*,*,#4915,.T.);
#4953=ORIENTED_EDGE('',*,*,#4900,.T.);
#4954=ORIENTED_EDGE('',*,*,#4885,.T.);
#4955=EDGE_LOOP('',(#4951,#4952,#4953,#4954));
#4956=FACE_OUTER_BOUND('',#4955,.F.);
#4958=CLOSED_SHELL('',(#4889,#4904,#4919,#4933,#4945,#4957));
#4959=MANIFOLD_SOLID_BREP('',#4958);
#4960=FILL_AREA_STYLE_COLOUR('',#3641);
#4961=FILL_AREA_STYLE('',(#4960));
#4962=SURFACE_STYLE_FILL_AREA(#4961);
#4963=SURFACE_SIDE_STYLE('',(#4962));
#4964=SURFACE_STYLE_USAGE(.BOTH.,#4963);
#4965=PRESENTATION_STYLE_ASSIGNMENT((#4964));
#4773=STYLED_ITEM('',(#4965),#4959);
#4968=PLANE_ANGLE_MEASURE_WITH_UNIT(PLANE_ANGLE_MEASURE(1.745329251994E-2),
#4967);
#4969=(CONVERSION_BASED_UNIT('DEGREE',#4968)NAMED_UNIT(*)PLANE_ANGLE_UNIT());
#4971=UNCERTAINTY_MEASURE_WITH_UNIT(LENGTH_MEASURE(1.724866592879E-4),#4966,
'distance_accuracy_value',
'Maximum model space distance between geometric entities at asserted connectivities');
#4973=CARTESIAN_POINT('',(0.E0,0.E0,0.E0));
#4974=DIRECTION('',(0.E0,0.E0,1.E0));
#4975=DIRECTION('',(1.E0,0.E0,0.E0));
#4978=PRODUCT_CONTEXT('',#1097,'mechanical');
#4979=PRODUCT('LOGO_NX_PRT_272_1_1_1_1_2_1','LOGO_NX_PRT_272_1_1_1_1_2_1',
'NOT SPECIFIED',(#4978));
#4980=PRODUCT_DEFINITION_FORMATION('1','LAST_VERSION',#4979);
#4988=DERIVED_UNIT_ELEMENT(#4987,2.E0);
#4989=DERIVED_UNIT((#4988));
#4990=MEASURE_REPRESENTATION_ITEM('surface area measure',AREA_MEASURE(
1.470538758954E0),#4989);
#4995=DERIVED_UNIT_ELEMENT(#4994,3.E0);
#4996=DERIVED_UNIT((#4995));
#4997=MEASURE_REPRESENTATION_ITEM('volume measure',VOLUME_MEASURE(
3.894533589514E-2),#4996);
#5001=CARTESIAN_POINT('centre point',(-5.377636141221E0,-6.779179985459E-1,
1.67696E1));
#5006=DERIVED_UNIT_ELEMENT(#5005,2.E0);
#5007=DERIVED_UNIT((#5006));
#5008=MEASURE_REPRESENTATION_ITEM('surface area measure',AREA_MEASURE(
1.470538758954E0),#5007);
#5013=DERIVED_UNIT_ELEMENT(#5012,3.E0);
#5014=DERIVED_UNIT((#5013));
#5015=MEASURE_REPRESENTATION_ITEM('volume measure',VOLUME_MEASURE(
3.894533589514E-2),#5014);
#5019=CARTESIAN_POINT('centre point',(-5.377636141221E0,-6.779179985459E-1,
1.67696E1));
#5026=CARTESIAN_POINT('centre point',(-5.377636141221E0,-6.779179985459E-1,
1.67696E1));
#5030=CARTESIAN_POINT('',(0.E0,0.E0,0.E0));
#5031=DIRECTION('',(0.E0,0.E0,1.E0));
#5032=DIRECTION('',(1.E0,0.E0,0.E0));
#5033=AXIS2_PLACEMENT_3D('',#5030,#5031,#5032);
#5034=ITEM_DEFINED_TRANSFORMATION('','',#4976,#5033);
#5035=CARTESIAN_POINT('',(0.E0,0.E0,0.E0));
#5036=DIRECTION('',(0.E0,0.E0,1.E0));
#5037=DIRECTION('',(1.E0,0.E0,0.E0));
#5039=(REPRESENTATION_RELATIONSHIP('','',#4977,#4486)REPRESENTATION_RELATIONSHIP_WITH_TRANSFORMATION(#5034)SHAPE_REPRESENTATION_RELATIONSHIP());
#5040=CONTEXT_DEPENDENT_SHAPE_REPRESENTATION(#5039,#5025);
#5042=DIRECTION('',(9.702957262760E-1,-2.419218955998E-1,0.E0));
#5043=VECTOR('',#5042,5.413348987374E-1);
#5044=CARTESIAN_POINT('',(-7.138890041750E0,-1.172750663046E0,1.67376E1));
#5045=LINE('',#5044,#5043);
#5046=CURVE_STYLE('',#3647,POSITIVE_LENGTH_MEASURE(2.E-2),#3641);
#5047=PRESENTATION_STYLE_ASSIGNMENT((#5046));
#5048=STYLED_ITEM('',(#5047),#5045);
#5049=CARTESIAN_POINT('',(-6.463114816781E0,-1.824203043432E-2,1.67376E1));
#5050=DIRECTION('',(0.E0,0.E0,-1.E0));
#5051=DIRECTION('',(-1.E0,-1.227934101159E-10,0.E0));
#5052=AXIS2_PLACEMENT_3D('',#5049,#5050,#5051);
#5054=CURVE_STYLE('',#3647,POSITIVE_LENGTH_MEASURE(2.E-2),#3641);
#5055=PRESENTATION_STYLE_ASSIGNMENT((#5054));
#5056=STYLED_ITEM('',(#5055),#5053);
#5057=CARTESIAN_POINT('',(-6.463114816781E0,-1.824203043432E-2,1.67376E1));
#5058=DIRECTION('',(0.E0,0.E0,-1.E0));
#5059=DIRECTION('',(-8.435082623655E-11,1.E0,0.E0));
#5060=AXIS2_PLACEMENT_3D('',#5057,#5058,#5059);
#5062=CURVE_STYLE('',#3647,POSITIVE_LENGTH_MEASURE(2.E-2),#3641);
#5063=PRESENTATION_STYLE_ASSIGNMENT((#5062));
#5064=STYLED_ITEM('',(#5063),#5061);
#5065=DIRECTION('',(9.702957262760E-1,-2.419218955997E-1,0.E0));
#5066=VECTOR('',#5065,1.873525082242E0);
#5067=CARTESIAN_POINT('',(-6.426700663816E0,1.278071600231E-1,1.67376E1));
#5068=LINE('',#5067,#5066);
#5069=CURVE_STYLE('',#3647,POSITIVE_LENGTH_MEASURE(2.E-2),#3641);
#5070=PRESENTATION_STYLE_ASSIGNMENT((#5069));
#5071=STYLED_ITEM('',(#5070),#5068);
#5072=DIRECTION('',(-9.702957262760E-1,2.419218955997E-1,0.E0));
#5073=VECTOR('',#5072,2.350824075031E0);
#5074=CARTESIAN_POINT('',(-4.608827283445E0,7.031605434359E-2,1.67376E1));
#5075=LINE('',#5074,#5073);
#5076=CURVE_STYLE('',#3647,POSITIVE_LENGTH_MEASURE(2.E-2),#3641);
#5077=PRESENTATION_STYLE_ASSIGNMENT((#5076));
#5078=STYLED_ITEM('',(#5077),#5075);
#5079=CARTESIAN_POINT('',(-6.938339422614E0,4.444384621453E-1,1.67376E1));
#5080=DIRECTION('',(0.E0,0.E0,1.E0));
#5081=DIRECTION('',(2.419218955495E-1,9.702957262885E-1,0.E0));
#5082=AXIS2_PLACEMENT_3D('',#5079,#5080,#5081);
#5084=CURVE_STYLE('',#3647,POSITIVE_LENGTH_MEASURE(2.E-2),#3641);
#5085=PRESENTATION_STYLE_ASSIGNMENT((#5084));
#5086=STYLED_ITEM('',(#5085),#5083);
#5087=CARTESIAN_POINT('',(-6.938339422614E0,4.444384621453E-1,1.67376E1));
#5088=DIRECTION('',(0.E0,0.E0,1.E0));
#5089=DIRECTION('',(0.E0,1.E0,0.E0));
#5090=AXIS2_PLACEMENT_3D('',#5087,#5088,#5089);
#5092=CURVE_STYLE('',#3647,POSITIVE_LENGTH_MEASURE(2.E-2),#3641);
#5093=PRESENTATION_STYLE_ASSIGNMENT((#5092));
#5094=STYLED_ITEM('',(#5093),#5091);
#5095=DIRECTION('',(-5.551115123126E-14,8.222589276130E-13,-1.E0));
#5096=VECTOR('',#5095,6.4E-2);
#5097=CARTESIAN_POINT('',(-7.138890041750E0,-1.172750663046E0,1.68016E1));
#5098=LINE('',#5097,#5096);
#5099=CURVE_STYLE('',#3647,POSITIVE_LENGTH_MEASURE(2.E-2),#3641);
#5100=PRESENTATION_STYLE_ASSIGNMENT((#5099));
#5101=STYLED_ITEM('',(#5100),#5098);
#5102=DIRECTION('',(-9.226748571626E-14,1.E0,0.E0));
#5103=VECTOR('',#5102,1.617189125197E0);
#5104=CARTESIAN_POINT('',(-7.138890041750E0,-1.172750663046E0,1.67376E1));
#5105=LINE('',#5104,#5103);
#5106=CURVE_STYLE('',#3647,POSITIVE_LENGTH_MEASURE(2.E-2),#3641);
#5107=PRESENTATION_STYLE_ASSIGNMENT((#5106));
#5108=STYLED_ITEM('',(#5107),#5105);
#5109=DIRECTION('',(-1.387778780781E-14,-2.567911161488E-11,-1.E0));
#5110=VECTOR('',#5109,6.4E-2);
#5111=CARTESIAN_POINT('',(-7.138890041750E0,4.444384621527E-1,1.68016E1));
#5112=LINE('',#5111,#5110);
#5113=CURVE_STYLE('',#3647,POSITIVE_LENGTH_MEASURE(2.E-2),#3641);
#5114=PRESENTATION_STYLE_ASSIGNMENT((#5113));
#5115=STYLED_ITEM('',(#5114),#5112);
#5116=DIRECTION('',(3.924638392050E-11,-9.135053824494E-12,1.E0));
#5117=VECTOR('',#5116,6.4E-2);
#5118=CARTESIAN_POINT('',(-6.889821836675E0,6.390318707966E-1,1.67376E1));
#5119=LINE('',#5118,#5117);
#5120=CURVE_STYLE('',#3647,POSITIVE_LENGTH_MEASURE(2.E-2),#3641);
#5121=PRESENTATION_STYLE_ASSIGNMENT((#5120));
#5122=STYLED_ITEM('',(#5121),#5119);
#5123=DIRECTION('',(-9.702957262760E-1,2.419218955998E-1,0.E0));
#5124=VECTOR('',#5123,5.413348987374E-1);
#5125=CARTESIAN_POINT('',(-6.613635103021E0,-1.303711427903E0,1.68016E1));
#5126=LINE('',#5125,#5124);
#5127=CURVE_STYLE('',#3647,POSITIVE_LENGTH_MEASURE(2.E-2),#3641);
#5128=PRESENTATION_STYLE_ASSIGNMENT((#5127));
#5129=STYLED_ITEM('',(#5128),#5126);
#5130=DIRECTION('',(-9.501354183867E-14,1.E0,0.E0));
#5131=VECTOR('',#5130,1.617189125199E0);
#5132=CARTESIAN_POINT('',(-7.138890041750E0,-1.172750663046E0,1.68016E1));
#5133=LINE('',#5132,#5131);
#5134=CURVE_STYLE('',#3647,POSITIVE_LENGTH_MEASURE(2.E-2),#3641);
#5135=PRESENTATION_STYLE_ASSIGNMENT((#5134));
#5136=STYLED_ITEM('',(#5135),#5133);
#5137=CARTESIAN_POINT('',(-6.938339422614E0,4.444384621453E-1,1.68016E1));
#5138=DIRECTION('',(0.E0,0.E0,-1.E0));
#5139=DIRECTION('',(-1.E0,5.767273878464E-11,0.E0));
#5140=AXIS2_PLACEMENT_3D('',#5137,#5138,#5139);
#5142=CURVE_STYLE('',#3647,POSITIVE_LENGTH_MEASURE(2.E-2),#3641);
#5143=PRESENTATION_STYLE_ASSIGNMENT((#5142));
#5144=STYLED_ITEM('',(#5143),#5141);
#5145=CARTESIAN_POINT('',(-6.938339422614E0,4.444384621453E-1,1.68016E1));
#5146=DIRECTION('',(0.E0,0.E0,-1.E0));
#5147=DIRECTION('',(0.E0,1.E0,0.E0));
#5148=AXIS2_PLACEMENT_3D('',#5145,#5146,#5147);
#5150=CURVE_STYLE('',#3647,POSITIVE_LENGTH_MEASURE(2.E-2),#3641);
#5151=PRESENTATION_STYLE_ASSIGNMENT((#5150));
#5152=STYLED_ITEM('',(#5151),#5149);
#5153=DIRECTION('',(9.702957262760E-1,-2.419218955997E-1,0.E0));
#5154=VECTOR('',#5153,2.350824075029E0);
#5155=CARTESIAN_POINT('',(-6.889821836672E0,6.390318707961E-1,1.68016E1));
#5156=LINE('',#5155,#5154);
#5157=CURVE_STYLE('',#3647,POSITIVE_LENGTH_MEASURE(2.E-2),#3641);
#5158=PRESENTATION_STYLE_ASSIGNMENT((#5157));
#5159=STYLED_ITEM('',(#5158),#5156);
#5160=DIRECTION('',(0.E0,-1.E0,0.E0));
#5161=VECTOR('',#5160,3.957556336703E-1);
#5162=CARTESIAN_POINT('',(-4.608827283445E0,7.031605434364E-2,1.68016E1));
#5163=LINE('',#5162,#5161);
#5164=CURVE_STYLE('',#3647,POSITIVE_LENGTH_MEASURE(2.E-2),#3641);
#5165=PRESENTATION_STYLE_ASSIGNMENT((#5164));
#5166=STYLED_ITEM('',(#5165),#5163);
#5167=DIRECTION('',(-9.702957262760E-1,2.419218955997E-1,0.E0));
#5168=VECTOR('',#5167,1.873525082236E0);
#5169=CARTESIAN_POINT('',(-4.608827283445E0,-3.254395793266E-1,1.68016E1));
#5170=LINE('',#5169,#5168);
#5171=CURVE_STYLE('',#3647,POSITIVE_LENGTH_MEASURE(2.E-2),#3641);
#5172=PRESENTATION_STYLE_ASSIGNMENT((#5171));
#5173=STYLED_ITEM('',(#5172),#5170);
#5174=CARTESIAN_POINT('',(-6.463114816781E0,-1.824203043432E-2,1.68016E1));
#5175=DIRECTION('',(0.E0,0.E0,1.E0));
#5176=DIRECTION('',(2.419218956039E-1,9.702957262749E-1,0.E0));
#5177=AXIS2_PLACEMENT_3D('',#5174,#5175,#5176);
#5179=CURVE_STYLE('',#3647,POSITIVE_LENGTH_MEASURE(2.E-2),#3641);
#5180=PRESENTATION_STYLE_ASSIGNMENT((#5179));
#5181=STYLED_ITEM('',(#5180),#5178);
#5182=CARTESIAN_POINT('',(-6.463114816781E0,-1.824203043432E-2,1.68016E1));
#5183=DIRECTION('',(0.E0,0.E0,1.E0));
#5184=DIRECTION('',(-4.640328069425E-11,1.E0,0.E0));
#5185=AXIS2_PLACEMENT_3D('',#5182,#5183,#5184);
#5187=CURVE_STYLE('',#3647,POSITIVE_LENGTH_MEASURE(2.E-2),#3641);
#5188=PRESENTATION_STYLE_ASSIGNMENT((#5187));
#5189=STYLED_ITEM('',(#5188),#5186);
#5190=DIRECTION('',(-4.035072310008E-13,-1.E0,0.E0));
#5191=VECTOR('',#5190,1.285469397459E0);
#5192=CARTESIAN_POINT('',(-6.613635103020E0,-1.824203044401E-2,1.68016E1));
#5193=LINE('',#5192,#5191);
#5194=CURVE_STYLE('',#3647,POSITIVE_LENGTH_MEASURE(2.E-2),#3641);
#5195=PRESENTATION_STYLE_ASSIGNMENT((#5194));
#5196=STYLED_ITEM('',(#5195),#5193);
#5197=DIRECTION('',(-4.163336342344E-14,8.187894806611E-13,-1.E0));
#5198=VECTOR('',#5197,6.4E-2);
#5199=CARTESIAN_POINT('',(-6.613635103021E0,-1.303711427903E0,1.68016E1));
#5200=LINE('',#5199,#5198);
#5201=CURVE_STYLE('',#3647,POSITIVE_LENGTH_MEASURE(2.E-2),#3641);
#5202=PRESENTATION_STYLE_ASSIGNMENT((#5201));
#5203=STYLED_ITEM('',(#5202),#5200);
#5204=DIRECTION('',(-4.055800421198E-13,-1.E0,0.E0));
#5205=VECTOR('',#5204,1.285469397456E0);
#5206=CARTESIAN_POINT('',(-6.613635103020E0,-1.824203044673E-2,1.67376E1));
#5207=LINE('',#5206,#5205);
#5208=CURVE_STYLE('',#3647,POSITIVE_LENGTH_MEASURE(2.E-2),#3641);
#5209=PRESENTATION_STYLE_ASSIGNMENT((#5208));
#5210=STYLED_ITEM('',(#5209),#5207);
#5211=DIRECTION('',(-9.811595980125E-11,2.450253541730E-11,-1.E0));
#5212=VECTOR('',#5211,6.4E-2);
#5213=CARTESIAN_POINT('',(-6.426700663809E0,1.278071600215E-1,1.68016E1));
#5214=LINE('',#5213,#5212);
#5215=CURVE_STYLE('',#3647,POSITIVE_LENGTH_MEASURE(2.E-2),#3641);
#5216=PRESENTATION_STYLE_ASSIGNMENT((#5215));
#5217=STYLED_ITEM('',(#5216),#5214);
#5218=DIRECTION('',(5.551115123126E-14,4.256263310548E-11,1.E0));
#5219=VECTOR('',#5218,6.4E-2);
#5220=CARTESIAN_POINT('',(-6.613635103020E0,-1.824203044673E-2,1.67376E1));
#5221=LINE('',#5220,#5219);
#5222=CURVE_STYLE('',#3647,POSITIVE_LENGTH_MEASURE(2.E-2),#3641);
#5223=PRESENTATION_STYLE_ASSIGNMENT((#5222));
#5224=STYLED_ITEM('',(#5223),#5221);
#5225=DIRECTION('',(9.714451465470E-14,-2.081668171172E-13,-1.E0));
#5226=VECTOR('',#5225,6.4E-2);
#5227=CARTESIAN_POINT('',(-4.608827283445E0,-3.254395793266E-1,1.68016E1));
#5228=LINE('',#5227,#5226);
#5229=CURVE_STYLE('',#3647,POSITIVE_LENGTH_MEASURE(2.E-2),#3641);
#5230=PRESENTATION_STYLE_ASSIGNMENT((#5229));
#5231=STYLED_ITEM('',(#5230),#5228);
#5232=DIRECTION('',(0.E0,-7.814929259276E-13,-1.E0));
#5233=VECTOR('',#5232,6.4E-2);
#5234=CARTESIAN_POINT('',(-4.608827283445E0,7.031605434364E-2,1.68016E1));
#5235=LINE('',#5234,#5233);
#5236=CURVE_STYLE('',#3647,POSITIVE_LENGTH_MEASURE(2.E-2),#3641);
#5237=PRESENTATION_STYLE_ASSIGNMENT((#5236));
#5238=STYLED_ITEM('',(#5237),#5235);
#5239=DIRECTION('',(1.795407760012E-14,-1.E0,0.E0));
#5240=VECTOR('',#5239,3.957556336702E-1);
#5241=CARTESIAN_POINT('',(-4.608827283445E0,7.031605434359E-2,1.67376E1));
#5242=LINE('',#5241,#5240);
#5243=CURVE_STYLE('',#3647,POSITIVE_LENGTH_MEASURE(2.E-2),#3641);
#5244=PRESENTATION_STYLE_ASSIGNMENT((#5243));
#5245=STYLED_ITEM('',(#5244),#5242);
#5246=CARTESIAN_POINT('',(-7.138890041750E0,-1.172750663046E0,1.67376E1));
#5247=CARTESIAN_POINT('',(-7.138890041750E0,4.444384621511E-1,1.67376E1));
#5248=VERTEX_POINT('',#5246);
#5249=VERTEX_POINT('',#5247);
#5250=CARTESIAN_POINT('',(-6.613635103021E0,-1.303711427903E0,1.67376E1));
#5251=VERTEX_POINT('',#5250);
#5252=CARTESIAN_POINT('',(-6.613635103020E0,-1.824203044673E-2,1.67376E1));
#5253=VERTEX_POINT('',#5252);
#5254=CARTESIAN_POINT('',(-6.463114816794E0,1.322782558046E-1,1.67376E1));
#5255=VERTEX_POINT('',#5254);
#5256=CARTESIAN_POINT('',(-6.426700663820E0,1.278071600241E-1,1.67376E1));
#5257=VERTEX_POINT('',#5256);
#5258=CARTESIAN_POINT('',(-4.608827283445E0,-3.254395793266E-1,1.67376E1));
#5259=VERTEX_POINT('',#5258);
#5260=CARTESIAN_POINT('',(-4.608827283445E0,7.031605434359E-2,1.67376E1));
#5261=VERTEX_POINT('',#5260);
#5262=CARTESIAN_POINT('',(-6.889821836675E0,6.390318707966E-1,1.67376E1));
#5263=VERTEX_POINT('',#5262);
#5264=CARTESIAN_POINT('',(-6.938339422614E0,6.449890812816E-1,1.67376E1));
#5265=VERTEX_POINT('',#5264);
#5266=CARTESIAN_POINT('',(-7.138890041750E0,4.444384621527E-1,1.68016E1));
#5267=VERTEX_POINT('',#5266);
#5268=CARTESIAN_POINT('',(-7.138890041750E0,-1.172750663046E0,1.68016E1));
#5269=VERTEX_POINT('',#5268);
#5270=CARTESIAN_POINT('',(-6.938339422614E0,6.449890812816E-1,1.68016E1));
#5271=CARTESIAN_POINT('',(-6.889821836673E0,6.390318707962E-1,1.68016E1));
#5272=VERTEX_POINT('',#5270);
#5273=VERTEX_POINT('',#5271);
#5274=CARTESIAN_POINT('',(-6.613635103021E0,-1.303711427903E0,1.68016E1));
#5275=VERTEX_POINT('',#5274);
#5276=CARTESIAN_POINT('',(-4.608827283445E0,7.031605434364E-2,1.68016E1));
#5277=VERTEX_POINT('',#5276);
#5278=CARTESIAN_POINT('',(-4.608827283445E0,-3.254395793266E-1,1.68016E1));
#5279=VERTEX_POINT('',#5278);
#5280=CARTESIAN_POINT('',(-6.426700663809E0,1.278071600215E-1,1.68016E1));
#5281=VERTEX_POINT('',#5280);
#5282=CARTESIAN_POINT('',(-6.463114816788E0,1.322782558046E-1,1.68016E1));
#5283=VERTEX_POINT('',#5282);
#5284=CARTESIAN_POINT('',(-6.613635103020E0,-1.824203044642E-2,1.68016E1));
#5285=VERTEX_POINT('',#5284);
#5286=CARTESIAN_POINT('',(-6.463114816781E0,-1.824203043432E-2,1.67376E1));
#5287=DIRECTION('',(0.E0,0.E0,-1.E0));
#5288=DIRECTION('',(0.E0,-1.E0,0.E0));
#5289=AXIS2_PLACEMENT_3D('',#5286,#5287,#5288);
#5290=PLANE('',#5289);
#5292=ORIENTED_EDGE('',*,*,#5291,.F.);
#5294=ORIENTED_EDGE('',*,*,#5293,.T.);
#5296=ORIENTED_EDGE('',*,*,#5295,.F.);
#5298=ORIENTED_EDGE('',*,*,#5297,.T.);
#5300=ORIENTED_EDGE('',*,*,#5299,.T.);
#5302=ORIENTED_EDGE('',*,*,#5301,.T.);
#5304=ORIENTED_EDGE('',*,*,#5303,.F.);
#5306=ORIENTED_EDGE('',*,*,#5305,.T.);
#5308=ORIENTED_EDGE('',*,*,#5307,.T.);
#5310=ORIENTED_EDGE('',*,*,#5309,.T.);
#5311=EDGE_LOOP('',(#5292,#5294,#5296,#5298,#5300,#5302,#5304,#5306,#5308,
#5310));
#5312=FACE_OUTER_BOUND('',#5311,.F.);
#5314=CARTESIAN_POINT('',(-7.138890041750E0,4.444384621453E-1,1.68656E1));
#5315=DIRECTION('',(1.E0,0.E0,0.E0));
#5316=DIRECTION('',(0.E0,0.E0,-1.E0));
#5317=AXIS2_PLACEMENT_3D('',#5314,#5315,#5316);
#5318=PLANE('',#5317);
#5320=ORIENTED_EDGE('',*,*,#5319,.F.);
#5322=ORIENTED_EDGE('',*,*,#5321,.F.);
#5324=ORIENTED_EDGE('',*,*,#5323,.T.);
#5325=ORIENTED_EDGE('',*,*,#5291,.T.);
#5326=EDGE_LOOP('',(#5320,#5322,#5324,#5325));
#5327=FACE_OUTER_BOUND('',#5326,.F.);
#5329=CARTESIAN_POINT('',(-6.938339422614E0,4.444384621453E-1,1.68656E1));
#5330=DIRECTION('',(0.E0,0.E0,-1.E0));
#5331=DIRECTION('',(0.E0,-1.E0,0.E0));
#5332=AXIS2_PLACEMENT_3D('',#5329,#5330,#5331);
#5333=CYLINDRICAL_SURFACE('',#5332,2.005506191363E-1);
#5335=ORIENTED_EDGE('',*,*,#5334,.F.);
#5337=ORIENTED_EDGE('',*,*,#5336,.F.);
#5338=ORIENTED_EDGE('',*,*,#5319,.T.);
#5339=ORIENTED_EDGE('',*,*,#5309,.F.);
#5340=ORIENTED_EDGE('',*,*,#5307,.F.);
#5342=ORIENTED_EDGE('',*,*,#5341,.T.);
#5343=EDGE_LOOP('',(#5335,#5337,#5338,#5339,#5340,#5342));
#5344=FACE_OUTER_BOUND('',#5343,.F.);
#5346=CARTESIAN_POINT('',(-5.92E0,0.E0,1.68016E1));
#5347=DIRECTION('',(0.E0,0.E0,1.E0));
#5348=DIRECTION('',(1.E0,0.E0,0.E0));
#5349=AXIS2_PLACEMENT_3D('',#5346,#5347,#5348);
#5350=PLANE('',#5349);
#5352=ORIENTED_EDGE('',*,*,#5351,.T.);
#5353=ORIENTED_EDGE('',*,*,#5321,.T.);
#5354=ORIENTED_EDGE('',*,*,#5336,.T.);
#5355=ORIENTED_EDGE('',*,*,#5334,.T.);
#5357=ORIENTED_EDGE('',*,*,#5356,.T.);
#5359=ORIENTED_EDGE('',*,*,#5358,.T.);
#5361=ORIENTED_EDGE('',*,*,#5360,.T.);
#5363=ORIENTED_EDGE('',*,*,#5362,.T.);
#5365=ORIENTED_EDGE('',*,*,#5364,.T.);
#5367=ORIENTED_EDGE('',*,*,#5366,.T.);
#5368=EDGE_LOOP('',(#5352,#5353,#5354,#5355,#5357,#5359,#5361,#5363,#5365,
#5367));
#5369=FACE_OUTER_BOUND('',#5368,.F.);
#5371=CARTESIAN_POINT('',(-7.138890041750E0,-1.172750663046E0,1.68656E1));
#5372=DIRECTION('',(2.419218955996E-1,9.702957262760E-1,0.E0));
#5373=DIRECTION('',(-9.702957262760E-1,2.419218955996E-1,0.E0));
#5374=AXIS2_PLACEMENT_3D('',#5371,#5372,#5373);
#5375=PLANE('',#5374);
#5376=ORIENTED_EDGE('',*,*,#5323,.F.);
#5377=ORIENTED_EDGE('',*,*,#5351,.F.);
#5379=ORIENTED_EDGE('',*,*,#5378,.T.);
#5380=ORIENTED_EDGE('',*,*,#5293,.F.);
#5381=EDGE_LOOP('',(#5376,#5377,#5379,#5380));
#5382=FACE_OUTER_BOUND('',#5381,.F.);
#5384=CARTESIAN_POINT('',(-6.613635103021E0,-1.303711427903E0,1.68656E1));
#5385=DIRECTION('',(-1.E0,0.E0,0.E0));
#5386=DIRECTION('',(0.E0,0.E0,1.E0));
#5387=AXIS2_PLACEMENT_3D('',#5384,#5385,#5386);
#5388=PLANE('',#5387);
#5389=ORIENTED_EDGE('',*,*,#5378,.F.);
#5390=ORIENTED_EDGE('',*,*,#5366,.F.);
#5392=ORIENTED_EDGE('',*,*,#5391,.F.);
#5393=ORIENTED_EDGE('',*,*,#5295,.T.);
#5394=EDGE_LOOP('',(#5389,#5390,#5392,#5393));
#5395=FACE_OUTER_BOUND('',#5394,.F.);
#5397=CARTESIAN_POINT('',(-6.463114816781E0,-1.824203043432E-2,1.68656E1));
#5398=DIRECTION('',(0.E0,0.E0,-1.E0));
#5399=DIRECTION('',(0.E0,-1.E0,0.E0));
#5400=AXIS2_PLACEMENT_3D('',#5397,#5398,#5399);
#5401=CYLINDRICAL_SURFACE('',#5400,1.505202862389E-1);
#5402=ORIENTED_EDGE('',*,*,#5364,.F.);
#5403=ORIENTED_EDGE('',*,*,#5362,.F.);
#5405=ORIENTED_EDGE('',*,*,#5404,.T.);
#5406=ORIENTED_EDGE('',*,*,#5299,.F.);
#5407=ORIENTED_EDGE('',*,*,#5297,.F.);
#5408=ORIENTED_EDGE('',*,*,#5391,.T.);
#5409=EDGE_LOOP('',(#5402,#5403,#5405,#5406,#5407,#5408));
#5410=FACE_OUTER_BOUND('',#5409,.F.);
#5412=CARTESIAN_POINT('',(-6.426700663808E0,1.278071600211E-1,1.68656E1));
#5413=DIRECTION('',(2.419218955997E-1,9.702957262760E-1,0.E0));
#5414=DIRECTION('',(-9.702957262760E-1,2.419218955997E-1,0.E0));
#5415=AXIS2_PLACEMENT_3D('',#5412,#5413,#5414);
#5416=PLANE('',#5415);
#5417=ORIENTED_EDGE('',*,*,#5404,.F.);
#5418=ORIENTED_EDGE('',*,*,#5360,.F.);
#5420=ORIENTED_EDGE('',*,*,#5419,.T.);
#5421=ORIENTED_EDGE('',*,*,#5301,.F.);
#5422=EDGE_LOOP('',(#5417,#5418,#5420,#5421));
#5423=FACE_OUTER_BOUND('',#5422,.F.);
#5425=CARTESIAN_POINT('',(-4.608827283445E0,-3.254395793267E-1,1.68656E1));
#5426=DIRECTION('',(-1.E0,0.E0,0.E0));
#5427=DIRECTION('',(0.E0,0.E0,1.E0));
#5428=AXIS2_PLACEMENT_3D('',#5425,#5426,#5427);
#5429=PLANE('',#5428);
#5430=ORIENTED_EDGE('',*,*,#5419,.F.);
#5431=ORIENTED_EDGE('',*,*,#5358,.F.);
#5433=ORIENTED_EDGE('',*,*,#5432,.T.);
#5434=ORIENTED_EDGE('',*,*,#5303,.T.);
#5435=EDGE_LOOP('',(#5430,#5431,#5433,#5434));
#5436=FACE_OUTER_BOUND('',#5435,.F.);
#5438=CARTESIAN_POINT('',(-4.608827283445E0,7.031605434358E-2,1.68656E1));
#5439=DIRECTION('',(-2.419218955997E-1,-9.702957262760E-1,0.E0));
#5440=DIRECTION('',(9.702957262760E-1,-2.419218955997E-1,0.E0));
#5441=AXIS2_PLACEMENT_3D('',#5438,#5439,#5440);
#5442=PLANE('',#5441);
#5443=ORIENTED_EDGE('',*,*,#5432,.F.);
#5444=ORIENTED_EDGE('',*,*,#5356,.F.);
#5445=ORIENTED_EDGE('',*,*,#5341,.F.);
#5446=ORIENTED_EDGE('',*,*,#5305,.F.);
#5447=EDGE_LOOP('',(#5443,#5444,#5445,#5446));
#5448=FACE_OUTER_BOUND('',#5447,.F.);
#5450=CLOSED_SHELL('',(#5313,#5328,#5345,#5370,#5383,#5396,#5411,#5424,#5437,
#5449));
#5451=MANIFOLD_SOLID_BREP('',#5450);
#5452=FILL_AREA_STYLE_COLOUR('',#3641);
#5453=FILL_AREA_STYLE('',(#5452));
#5454=SURFACE_STYLE_FILL_AREA(#5453);
#5455=SURFACE_SIDE_STYLE('',(#5454));
#5456=SURFACE_STYLE_USAGE(.BOTH.,#5455);
#5457=PRESENTATION_STYLE_ASSIGNMENT((#5456));
#5041=STYLED_ITEM('',(#5457),#5451);
#5460=PLANE_ANGLE_MEASURE_WITH_UNIT(PLANE_ANGLE_MEASURE(1.745329251994E-2),
#5459);
#5461=(CONVERSION_BASED_UNIT('DEGREE',#5460)NAMED_UNIT(*)PLANE_ANGLE_UNIT());
#5463=UNCERTAINTY_MEASURE_WITH_UNIT(LENGTH_MEASURE(3.194046185015E-4),#5458,
'distance_accuracy_value',
'Maximum model space distance between geometric entities at asserted connectivities');
#5465=CARTESIAN_POINT('',(0.E0,0.E0,0.E0));
#5466=DIRECTION('',(0.E0,0.E0,1.E0));
#5467=DIRECTION('',(1.E0,0.E0,0.E0));
#5470=PRODUCT_DEFINITION_CONTEXT('part definition',#1097,'design');
#5471=PRODUCT_CONTEXT('',#1097,'mechanical');
#5472=PRODUCT('LOGO_NX_PRT_291_1_1_1_1_2_1','LOGO_NX_PRT_291_1_1_1_1_2_1',
'NOT SPECIFIED',(#5471));
#5473=PRODUCT_DEFINITION_FORMATION('1','LAST_VERSION',#5472);
#5481=DERIVED_UNIT_ELEMENT(#5480,2.E0);
#5482=DERIVED_UNIT((#5481));
#5483=MEASURE_REPRESENTATION_ITEM('surface area measure',AREA_MEASURE(
4.099164860071E0),#5482);
#5488=DERIVED_UNIT_ELEMENT(#5487,3.E0);
#5489=DERIVED_UNIT((#5488));
#5490=MEASURE_REPRESENTATION_ITEM('volume measure',VOLUME_MEASURE(
1.133529273007E-1),#5489);
#5494=CARTESIAN_POINT('centre point',(-6.306379517691E0,-1.173548994856E-1,
1.67696E1));
#5499=DERIVED_UNIT_ELEMENT(#5498,2.E0);
#5500=DERIVED_UNIT((#5499));
#5501=MEASURE_REPRESENTATION_ITEM('surface area measure',AREA_MEASURE(
4.099164860071E0),#5500);
#5506=DERIVED_UNIT_ELEMENT(#5505,3.E0);
#5507=DERIVED_UNIT((#5506));
#5508=MEASURE_REPRESENTATION_ITEM('volume measure',VOLUME_MEASURE(
1.133529273007E-1),#5507);
#5512=CARTESIAN_POINT('centre point',(-6.306379517691E0,-1.173548994856E-1,
1.67696E1));
#5519=CARTESIAN_POINT('centre point',(-6.306379517691E0,-1.173548994856E-1,
1.67696E1));
#5523=CARTESIAN_POINT('',(0.E0,0.E0,0.E0));
#5524=DIRECTION('',(0.E0,0.E0,1.E0));
#5525=DIRECTION('',(1.E0,0.E0,0.E0));
#5526=AXIS2_PLACEMENT_3D('',#5523,#5524,#5525);
#5527=ITEM_DEFINED_TRANSFORMATION('','',#5468,#5526);
#5528=CARTESIAN_POINT('',(0.E0,0.E0,0.E0));
#5529=DIRECTION('',(0.E0,0.E0,1.E0));
#5530=DIRECTION('',(1.E0,0.E0,0.E0));
#5532=(REPRESENTATION_RELATIONSHIP('','',#5469,#4486)REPRESENTATION_RELATIONSHIP_WITH_TRANSFORMATION(#5527)SHAPE_REPRESENTATION_RELATIONSHIP());
#5533=CONTEXT_DEPENDENT_SHAPE_REPRESENTATION(#5532,#5518);
#5535=DIRECTION('',(8.326672684689E-14,6.487865800153E-13,-1.E0));
#5536=VECTOR('',#5535,6.4E-2);
#5537=CARTESIAN_POINT('',(-7.138890041750E0,1.467908089176E0,1.68016E1));
#5538=LINE('',#5537,#5536);
#5539=CURVE_STYLE('',#3647,POSITIVE_LENGTH_MEASURE(2.E-2),#3641);
#5540=PRESENTATION_STYLE_ASSIGNMENT((#5539));
#5541=STYLED_ITEM('',(#5540),#5538);
#5542=DIRECTION('',(5.551115123126E-14,-4.805184028456E-13,1.E0));
#5543=VECTOR('',#5542,6.4E-2);
#5544=CARTESIAN_POINT('',(-4.608827283445E0,4.413369609098E-1,1.67376E1));
#5545=LINE('',#5544,#5543);
#5546=CURVE_STYLE('',#3647,POSITIVE_LENGTH_MEASURE(2.E-2),#3641);
#5547=PRESENTATION_STYLE_ASSIGNMENT((#5546));
#5548=STYLED_ITEM('',(#5547),#5545);
#5549=DIRECTION('',(1.122129850008E-14,1.E0,0.E0));
#5550=VECTOR('',#5549,3.957556336701E-1);
#5551=CARTESIAN_POINT('',(-4.608827283445E0,4.413369609098E-1,1.68016E1));
#5552=LINE('',#5551,#5550);
#5553=CURVE_STYLE('',#3647,POSITIVE_LENGTH_MEASURE(2.E-2),#3641);
#5554=PRESENTATION_STYLE_ASSIGNMENT((#5553));
#5555=STYLED_ITEM('',(#5554),#5552);
#5556=DIRECTION('',(5.551115123126E-14,2.966377143920E-13,-1.E0));
#5557=VECTOR('',#5556,6.4E-2);
#5558=CARTESIAN_POINT('',(-4.608827283445E0,8.370925945799E-1,1.68016E1));
#5559=LINE('',#5558,#5557);
#5560=CURVE_STYLE('',#3647,POSITIVE_LENGTH_MEASURE(2.E-2),#3641);
#5561=PRESENTATION_STYLE_ASSIGNMENT((#5560));
#5562=STYLED_ITEM('',(#5561),#5559);
#5563=DIRECTION('',(-2.693111640019E-14,-1.E0,0.E0));
#5564=VECTOR('',#5563,3.957556336701E-1);
#5565=CARTESIAN_POINT('',(-4.608827283445E0,8.370925945799E-1,1.67376E1));
#5566=LINE('',#5565,#5564);
#5567=CURVE_STYLE('',#3647,POSITIVE_LENGTH_MEASURE(2.E-2),#3641);
#5568=PRESENTATION_STYLE_ASSIGNMENT((#5567));
#5569=STYLED_ITEM('',(#5568),#5566);
#5570=DIRECTION('',(-2.775557561563E-14,-3.469446951954E-13,1.E0));
#5571=VECTOR('',#5570,6.4E-2);
#5572=CARTESIAN_POINT('',(-7.138890041750E0,1.072152455506E0,1.67376E1));
#5573=LINE('',#5572,#5571);
#5574=CURVE_STYLE('',#3647,POSITIVE_LENGTH_MEASURE(2.E-2),#3641);
#5575=PRESENTATION_STYLE_ASSIGNMENT((#5574));
#5576=STYLED_ITEM('',(#5575),#5573);
#5577=DIRECTION('',(-9.702957262760E-1,2.419218955997E-1,0.E0));
#5578=VECTOR('',#5577,2.607517161820E0);
#5579=CARTESIAN_POINT('',(-4.608827283445E0,4.413369609098E-1,1.68016E1));
#5580=LINE('',#5579,#5578);
#5581=CURVE_STYLE('',#3647,POSITIVE_LENGTH_MEASURE(2.E-2),#3641);
#5582=PRESENTATION_STYLE_ASSIGNMENT((#5581));
#5583=STYLED_ITEM('',(#5582),#5580);
#5584=DIRECTION('',(5.386223280039E-14,1.E0,0.E0));
#5585=VECTOR('',#5584,3.957556336701E-1);
#5586=CARTESIAN_POINT('',(-7.138890041750E0,1.072152455506E0,1.68016E1));
#5587=LINE('',#5586,#5585);
#5588=CURVE_STYLE('',#3647,POSITIVE_LENGTH_MEASURE(2.E-2),#3641);
#5589=PRESENTATION_STYLE_ASSIGNMENT((#5588));
#5590=STYLED_ITEM('',(#5589),#5587);
#5591=DIRECTION('',(9.702957262760E-1,-2.419218955997E-1,0.E0));
#5592=VECTOR('',#5591,2.607517161820E0);
#5593=CARTESIAN_POINT('',(-7.138890041750E0,1.467908089176E0,1.68016E1));
#5594=LINE('',#5593,#5592);
#5595=CURVE_STYLE('',#3647,POSITIVE_LENGTH_MEASURE(2.E-2),#3641);
#5596=PRESENTATION_STYLE_ASSIGNMENT((#5595));
#5597=STYLED_ITEM('',(#5596),#5594);
#5598=DIRECTION('',(9.702957262760E-1,-2.419218955997E-1,0.E0));
#5599=VECTOR('',#5598,2.607517161820E0);
#5600=CARTESIAN_POINT('',(-7.138890041750E0,1.072152455506E0,1.67376E1));
#5601=LINE('',#5600,#5599);
#5602=CURVE_STYLE('',#3647,POSITIVE_LENGTH_MEASURE(2.E-2),#3641);
#5603=PRESENTATION_STYLE_ASSIGNMENT((#5602));
#5604=STYLED_ITEM('',(#5603),#5601);
#5605=DIRECTION('',(-9.702957262760E-1,2.419218955997E-1,0.E0));
#5606=VECTOR('',#5605,2.607517161820E0);
#5607=CARTESIAN_POINT('',(-4.608827283445E0,8.370925945799E-1,1.67376E1));
#5608=LINE('',#5607,#5606);
#5609=CURVE_STYLE('',#3647,POSITIVE_LENGTH_MEASURE(2.E-2),#3641);
#5610=PRESENTATION_STYLE_ASSIGNMENT((#5609));
#5611=STYLED_ITEM('',(#5610),#5608);
#5612=DIRECTION('',(-7.181631040052E-14,-1.E0,0.E0));
#5613=VECTOR('',#5612,3.957556336701E-1);
#5614=CARTESIAN_POINT('',(-7.138890041750E0,1.467908089176E0,1.67376E1));
#5615=LINE('',#5614,#5613);
#5616=CURVE_STYLE('',#3647,POSITIVE_LENGTH_MEASURE(2.E-2),#3641);
#5617=PRESENTATION_STYLE_ASSIGNMENT((#5616));
#5618=STYLED_ITEM('',(#5617),#5615);
#5619=CARTESIAN_POINT('',(-7.138890041750E0,1.467908089176E0,1.68016E1));
#5620=CARTESIAN_POINT('',(-7.138890041750E0,1.467908089176E0,1.67376E1));
#5621=VERTEX_POINT('',#5619);
#5622=VERTEX_POINT('',#5620);
#5623=CARTESIAN_POINT('',(-7.138890041750E0,1.072152455506E0,1.68016E1));
#5624=VERTEX_POINT('',#5623);
#5625=CARTESIAN_POINT('',(-7.138890041750E0,1.072152455506E0,1.67376E1));
#5626=VERTEX_POINT('',#5625);
#5627=CARTESIAN_POINT('',(-4.608827283445E0,8.370925945799E-1,1.68016E1));
#5628=CARTESIAN_POINT('',(-4.608827283445E0,8.370925945799E-1,1.67376E1));
#5629=VERTEX_POINT('',#5627);
#5630=VERTEX_POINT('',#5628);
#5631=CARTESIAN_POINT('',(-4.608827283445E0,4.413369609098E-1,1.67376E1));
#5632=CARTESIAN_POINT('',(-4.608827283445E0,4.413369609098E-1,1.68016E1));
#5633=VERTEX_POINT('',#5631);
#5634=VERTEX_POINT('',#5632);
#5635=CARTESIAN_POINT('',(-7.138890041750E0,1.467908089176E0,1.68656E1));
#5636=DIRECTION('',(1.E0,0.E0,0.E0));
#5637=DIRECTION('',(0.E0,0.E0,-1.E0));
#5638=AXIS2_PLACEMENT_3D('',#5635,#5636,#5637);
#5639=PLANE('',#5638);
#5641=ORIENTED_EDGE('',*,*,#5640,.F.);
#5643=ORIENTED_EDGE('',*,*,#5642,.F.);
#5645=ORIENTED_EDGE('',*,*,#5644,.F.);
#5647=ORIENTED_EDGE('',*,*,#5646,.F.);
#5648=EDGE_LOOP('',(#5641,#5643,#5645,#5647));
#5649=FACE_OUTER_BOUND('',#5648,.F.);
#5651=CARTESIAN_POINT('',(-4.608827283445E0,8.370925945800E-1,1.68656E1));
#5652=DIRECTION('',(-2.419218955997E-1,-9.702957262760E-1,0.E0));
#5653=DIRECTION('',(9.702957262760E-1,-2.419218955997E-1,0.E0));
#5654=AXIS2_PLACEMENT_3D('',#5651,#5652,#5653);
#5655=PLANE('',#5654);
#5657=ORIENTED_EDGE('',*,*,#5656,.F.);
#5659=ORIENTED_EDGE('',*,*,#5658,.F.);
#5660=ORIENTED_EDGE('',*,*,#5640,.T.);
#5662=ORIENTED_EDGE('',*,*,#5661,.F.);
#5663=EDGE_LOOP('',(#5657,#5659,#5660,#5662));
#5664=FACE_OUTER_BOUND('',#5663,.F.);
#5666=CARTESIAN_POINT('',(-4.608827283445E0,4.413369609096E-1,1.68656E1));
#5667=DIRECTION('',(-1.E0,0.E0,0.E0));
#5668=DIRECTION('',(0.E0,0.E0,1.E0));
#5669=AXIS2_PLACEMENT_3D('',#5666,#5667,#5668);
#5670=PLANE('',#5669);
#5672=ORIENTED_EDGE('',*,*,#5671,.T.);
#5674=ORIENTED_EDGE('',*,*,#5673,.T.);
#5675=ORIENTED_EDGE('',*,*,#5656,.T.);
#5677=ORIENTED_EDGE('',*,*,#5676,.T.);
#5678=EDGE_LOOP('',(#5672,#5674,#5675,#5677));
#5679=FACE_OUTER_BOUND('',#5678,.F.);
#5681=CARTESIAN_POINT('',(-7.138890041750E0,1.072152455506E0,1.68656E1));
#5682=DIRECTION('',(2.419218955997E-1,9.702957262760E-1,0.E0));
#5683=DIRECTION('',(-9.702957262760E-1,2.419218955997E-1,0.E0));
#5684=AXIS2_PLACEMENT_3D('',#5681,#5682,#5683);
#5685=PLANE('',#5684);
#5686=ORIENTED_EDGE('',*,*,#5644,.T.);
#5688=ORIENTED_EDGE('',*,*,#5687,.F.);
#5689=ORIENTED_EDGE('',*,*,#5671,.F.);
#5691=ORIENTED_EDGE('',*,*,#5690,.F.);
#5692=EDGE_LOOP('',(#5686,#5688,#5689,#5691));
#5693=FACE_OUTER_BOUND('',#5692,.F.);
#5695=CARTESIAN_POINT('',(-5.92E0,0.E0,1.68016E1));
#5696=DIRECTION('',(0.E0,0.E0,1.E0));
#5697=DIRECTION('',(1.E0,0.E0,0.E0));
#5698=AXIS2_PLACEMENT_3D('',#5695,#5696,#5697);
#5699=PLANE('',#5698);
#5700=ORIENTED_EDGE('',*,*,#5673,.F.);
#5701=ORIENTED_EDGE('',*,*,#5687,.T.);
#5702=ORIENTED_EDGE('',*,*,#5642,.T.);
#5703=ORIENTED_EDGE('',*,*,#5658,.T.);
#5704=EDGE_LOOP('',(#5700,#5701,#5702,#5703));
#5705=FACE_OUTER_BOUND('',#5704,.F.);
#5707=CARTESIAN_POINT('',(7.933796729338E1,-2.738408139160E2,1.67376E1));
#5708=DIRECTION('',(0.E0,0.E0,1.E0));
#5709=DIRECTION('',(0.E0,1.E0,0.E0));
#5710=AXIS2_PLACEMENT_3D('',#5707,#5708,#5709);
#5711=PLANE('',#5710);
#5712=ORIENTED_EDGE('',*,*,#5690,.T.);
#5713=ORIENTED_EDGE('',*,*,#5676,.F.);
#5714=ORIENTED_EDGE('',*,*,#5661,.T.);
#5715=ORIENTED_EDGE('',*,*,#5646,.T.);
#5716=EDGE_LOOP('',(#5712,#5713,#5714,#5715));
#5717=FACE_OUTER_BOUND('',#5716,.F.);
#5719=CLOSED_SHELL('',(#5650,#5665,#5680,#5694,#5706,#5718));
#5720=MANIFOLD_SOLID_BREP('',#5719);
#5721=FILL_AREA_STYLE_COLOUR('',#3641);
#5722=FILL_AREA_STYLE('',(#5721));
#5723=SURFACE_STYLE_FILL_AREA(#5722);
#5724=SURFACE_SIDE_STYLE('',(#5723));
#5725=SURFACE_STYLE_USAGE(.BOTH.,#5724);
#5726=PRESENTATION_STYLE_ASSIGNMENT((#5725));
#5534=STYLED_ITEM('',(#5726),#5720);
#5729=PLANE_ANGLE_MEASURE_WITH_UNIT(PLANE_ANGLE_MEASURE(1.745329251994E-2),
#5728);
#5730=(CONVERSION_BASED_UNIT('DEGREE',#5729)NAMED_UNIT(*)PLANE_ANGLE_UNIT());
#5732=UNCERTAINTY_MEASURE_WITH_UNIT(LENGTH_MEASURE(2.731037370916E-4),#5727,
'distance_accuracy_value',
'Maximum model space distance between geometric entities at asserted connectivities');
#5734=CARTESIAN_POINT('',(0.E0,0.E0,0.E0));
#5735=DIRECTION('',(0.E0,0.E0,1.E0));
#5736=DIRECTION('',(1.E0,0.E0,0.E0));
#5739=PRODUCT_CONTEXT('',#1097,'mechanical');
#5740=PRODUCT('LOGO_NX_PRT_330_1_1_1_1_2_1','LOGO_NX_PRT_330_1_1_1_1_2_1',
'NOT SPECIFIED',(#5739));
#5741=PRODUCT_DEFINITION_FORMATION('1','LAST_VERSION',#5740);
#5749=DERIVED_UNIT_ELEMENT(#5748,2.E0);
#5750=DERIVED_UNIT((#5749));
#5751=MEASURE_REPRESENTATION_ITEM('surface area measure',AREA_MEASURE(
2.386992098099E0),#5750);
#5756=DERIVED_UNIT_ELEMENT(#5755,3.E0);
#5757=DERIVED_UNIT((#5756));
#5758=MEASURE_REPRESENTATION_ITEM('volume measure',VOLUME_MEASURE(
6.408234176884E-2),#5757);
#5762=CARTESIAN_POINT('centre point',(-5.873858662597E0,9.546225250430E-1,
1.67696E1));
#5767=DERIVED_UNIT_ELEMENT(#5766,2.E0);
#5768=DERIVED_UNIT((#5767));
#5769=MEASURE_REPRESENTATION_ITEM('surface area measure',AREA_MEASURE(
2.386992098099E0),#5768);
#5774=DERIVED_UNIT_ELEMENT(#5773,3.E0);
#5775=DERIVED_UNIT((#5774));
#5776=MEASURE_REPRESENTATION_ITEM('volume measure',VOLUME_MEASURE(
6.408234176884E-2),#5775);
#5780=CARTESIAN_POINT('centre point',(-5.873858662597E0,9.546225250430E-1,
1.67696E1));
#5787=CARTESIAN_POINT('centre point',(-5.873858662597E0,9.546225250430E-1,
1.67696E1));
#5791=CARTESIAN_POINT('',(0.E0,0.E0,0.E0));
#5792=DIRECTION('',(0.E0,0.E0,1.E0));
#5793=DIRECTION('',(1.E0,0.E0,0.E0));
#5794=AXIS2_PLACEMENT_3D('',#5791,#5792,#5793);
#5795=ITEM_DEFINED_TRANSFORMATION('','',#5737,#5794);
#5796=CARTESIAN_POINT('',(0.E0,0.E0,0.E0));
#5797=DIRECTION('',(0.E0,0.E0,1.E0));
#5798=DIRECTION('',(1.E0,0.E0,0.E0));
#5800=(REPRESENTATION_RELATIONSHIP('','',#5738,#4486)REPRESENTATION_RELATIONSHIP_WITH_TRANSFORMATION(#5795)SHAPE_REPRESENTATION_RELATIONSHIP());
#5801=CONTEXT_DEPENDENT_SHAPE_REPRESENTATION(#5800,#5786);
#5803=DIRECTION('',(-6.938893903907E-14,3.608224830032E-13,-1.E0));
#5804=VECTOR('',#5803,6.4E-2);
#5805=CARTESIAN_POINT('',(-4.608827283445E0,1.603869134816E0,1.68016E1));
#5806=LINE('',#5805,#5804);
#5807=CURVE_STYLE('',#3647,POSITIVE_LENGTH_MEASURE(2.E-2),#3641);
#5808=PRESENTATION_STYLE_ASSIGNMENT((#5807));
#5809=STYLED_ITEM('',(#5808),#5806);
#5810=DIRECTION('',(-2.775557561563E-14,1.460637166772E-12,1.E0));
#5811=VECTOR('',#5810,6.4E-2);
#5812=CARTESIAN_POINT('',(-6.146444998998E0,1.593284594705E0,1.67376E1));
#5813=LINE('',#5812,#5811);
#5814=CURVE_STYLE('',#3647,POSITIVE_LENGTH_MEASURE(2.E-2),#3641);
#5815=PRESENTATION_STYLE_ASSIGNMENT((#5814));
#5816=STYLED_ITEM('',(#5815),#5813);
#5817=DIRECTION('',(-1.387778780781E-14,-1.304512053935E-12,-1.E0));
#5818=VECTOR('',#5817,6.4E-2);
#5819=CARTESIAN_POINT('',(-4.608827283445E0,1.209913440550E0,1.68016E1));
#5820=LINE('',#5819,#5818);
#5821=CURVE_STYLE('',#3647,POSITIVE_LENGTH_MEASURE(2.E-2),#3641);
#5822=PRESENTATION_STYLE_ASSIGNMENT((#5821));
#5823=STYLED_ITEM('',(#5822),#5820);
#5824=DIRECTION('',(2.775557561563E-14,-1.283695372223E-13,1.E0));
#5825=VECTOR('',#5824,6.4E-2);
#5826=CARTESIAN_POINT('',(-6.146444998998E0,1.987240288971E0,1.67376E1));
#5827=LINE('',#5826,#5825);
#5828=CURVE_STYLE('',#3647,POSITIVE_LENGTH_MEASURE(2.E-2),#3641);
#5829=PRESENTATION_STYLE_ASSIGNMENT((#5828));
#5830=STYLED_ITEM('',(#5829),#5827);
#5831=DIRECTION('',(4.509026942E-14,1.E0,0.E0));
#5832=VECTOR('',#5831,3.939556942661E-1);
#5833=CARTESIAN_POINT('',(-6.146444998998E0,1.593284594705E0,1.67376E1));
#5834=LINE('',#5833,#5832);
#5835=CURVE_STYLE('',#3647,POSITIVE_LENGTH_MEASURE(2.E-2),#3641);
#5836=PRESENTATION_STYLE_ASSIGNMENT((#5835));
#5837=STYLED_ITEM('',(#5836),#5834);
#5838=DIRECTION('',(-9.702957262760E-1,2.419218955996E-1,0.E0));
#5839=VECTOR('',#5838,1.584689774379E0);
#5840=CARTESIAN_POINT('',(-4.608827283445E0,1.209913440550E0,1.68016E1));
#5841=LINE('',#5840,#5839);
#5842=CURVE_STYLE('',#3647,POSITIVE_LENGTH_MEASURE(2.E-2),#3641);
#5843=PRESENTATION_STYLE_ASSIGNMENT((#5842));
#5844=STYLED_ITEM('',(#5843),#5841);
#5845=DIRECTION('',(5.410832330402E-14,1.E0,0.E0));
#5846=VECTOR('',#5845,3.939556942660E-1);
#5847=CARTESIAN_POINT('',(-6.146444998998E0,1.593284594705E0,1.68016E1));
#5848=LINE('',#5847,#5846);
#5849=CURVE_STYLE('',#3647,POSITIVE_LENGTH_MEASURE(2.E-2),#3641);
#5850=PRESENTATION_STYLE_ASSIGNMENT((#5849));
#5851=STYLED_ITEM('',(#5850),#5848);
#5852=DIRECTION('',(9.702957262760E-1,-2.419218955996E-1,0.E0));
#5853=VECTOR('',#5852,1.584689774379E0);
#5854=CARTESIAN_POINT('',(-6.146444998998E0,1.987240288971E0,1.68016E1));
#5855=LINE('',#5854,#5853);
#5856=CURVE_STYLE('',#3647,POSITIVE_LENGTH_MEASURE(2.E-2),#3641);
#5857=PRESENTATION_STYLE_ASSIGNMENT((#5856));
#5858=STYLED_ITEM('',(#5857),#5855);
#5859=DIRECTION('',(-6.763540413002E-14,-1.E0,0.E0));
#5860=VECTOR('',#5859,3.939556942660E-1);
#5861=CARTESIAN_POINT('',(-4.608827283445E0,1.603869134816E0,1.68016E1));
#5862=LINE('',#5861,#5860);
#5863=CURVE_STYLE('',#3647,POSITIVE_LENGTH_MEASURE(2.E-2),#3641);
#5864=PRESENTATION_STYLE_ASSIGNMENT((#5863));
#5865=STYLED_ITEM('',(#5864),#5862);
#5866=DIRECTION('',(9.702957262760E-1,-2.419218955996E-1,0.E0));
#5867=VECTOR('',#5866,1.584689774379E0);
#5868=CARTESIAN_POINT('',(-6.146444998998E0,1.593284594705E0,1.67376E1));
#5869=LINE('',#5868,#5867);
#5870=CURVE_STYLE('',#3647,POSITIVE_LENGTH_MEASURE(2.E-2),#3641);
#5871=PRESENTATION_STYLE_ASSIGNMENT((#5870));
#5872=STYLED_ITEM('',(#5871),#5869);
#5873=DIRECTION('',(6.087186371700E-14,1.E0,0.E0));
#5874=VECTOR('',#5873,3.939556942661E-1);
#5875=CARTESIAN_POINT('',(-4.608827283445E0,1.209913440550E0,1.67376E1));
#5876=LINE('',#5875,#5874);
#5877=CURVE_STYLE('',#3647,POSITIVE_LENGTH_MEASURE(2.E-2),#3641);
#5878=PRESENTATION_STYLE_ASSIGNMENT((#5877));
#5879=STYLED_ITEM('',(#5878),#5876);
#5880=DIRECTION('',(-9.702957262760E-1,2.419218955996E-1,0.E0));
#5881=VECTOR('',#5880,1.584689774379E0);
#5882=CARTESIAN_POINT('',(-4.608827283445E0,1.603869134816E0,1.67376E1));
#5883=LINE('',#5882,#5881);
#5884=CURVE_STYLE('',#3647,POSITIVE_LENGTH_MEASURE(2.E-2),#3641);
#5885=PRESENTATION_STYLE_ASSIGNMENT((#5884));
#5886=STYLED_ITEM('',(#5885),#5883);
#5887=CARTESIAN_POINT('',(-4.608827283445E0,1.603869134816E0,1.68016E1));
#5888=CARTESIAN_POINT('',(-4.608827283445E0,1.603869134816E0,1.67376E1));
#5889=VERTEX_POINT('',#5887);
#5890=VERTEX_POINT('',#5888);
#5891=CARTESIAN_POINT('',(-6.146444998998E0,1.987240288971E0,1.68016E1));
#5892=VERTEX_POINT('',#5891);
#5893=CARTESIAN_POINT('',(-6.146444998998E0,1.987240288971E0,1.67376E1));
#5894=VERTEX_POINT('',#5893);
#5895=CARTESIAN_POINT('',(-4.608827283445E0,1.209913440550E0,1.68016E1));
#5896=CARTESIAN_POINT('',(-4.608827283445E0,1.209913440550E0,1.67376E1));
#5897=VERTEX_POINT('',#5895);
#5898=VERTEX_POINT('',#5896);
#5899=CARTESIAN_POINT('',(-6.146444998998E0,1.593284594705E0,1.67376E1));
#5900=CARTESIAN_POINT('',(-6.146444998998E0,1.593284594705E0,1.68016E1));
#5901=VERTEX_POINT('',#5899);
#5902=VERTEX_POINT('',#5900);
#5903=CARTESIAN_POINT('',(-4.608827283445E0,1.603869134816E0,1.68656E1));
#5904=DIRECTION('',(-2.419218955997E-1,-9.702957262760E-1,0.E0));
#5905=DIRECTION('',(9.702957262760E-1,-2.419218955997E-1,0.E0));
#5906=AXIS2_PLACEMENT_3D('',#5903,#5904,#5905);
#5907=PLANE('',#5906);
#5909=ORIENTED_EDGE('',*,*,#5908,.F.);
#5911=ORIENTED_EDGE('',*,*,#5910,.F.);
#5913=ORIENTED_EDGE('',*,*,#5912,.F.);
#5915=ORIENTED_EDGE('',*,*,#5914,.F.);
#5916=EDGE_LOOP('',(#5909,#5911,#5913,#5915));
#5917=FACE_OUTER_BOUND('',#5916,.F.);
#5919=CARTESIAN_POINT('',(-4.608827283445E0,1.209913440550E0,1.68656E1));
#5920=DIRECTION('',(-1.E0,0.E0,0.E0));
#5921=DIRECTION('',(0.E0,0.E0,1.E0));
#5922=AXIS2_PLACEMENT_3D('',#5919,#5920,#5921);
#5923=PLANE('',#5922);
#5925=ORIENTED_EDGE('',*,*,#5924,.F.);
#5927=ORIENTED_EDGE('',*,*,#5926,.F.);
#5928=ORIENTED_EDGE('',*,*,#5908,.T.);
#5930=ORIENTED_EDGE('',*,*,#5929,.F.);
#5931=EDGE_LOOP('',(#5925,#5927,#5928,#5930));
#5932=FACE_OUTER_BOUND('',#5931,.F.);
#5934=CARTESIAN_POINT('',(-6.146444998998E0,1.593284594705E0,1.68656E1));
#5935=DIRECTION('',(2.419218955997E-1,9.702957262760E-1,0.E0));
#5936=DIRECTION('',(-9.702957262760E-1,2.419218955997E-1,0.E0));
#5937=AXIS2_PLACEMENT_3D('',#5934,#5935,#5936);
#5938=PLANE('',#5937);
#5940=ORIENTED_EDGE('',*,*,#5939,.T.);
#5942=ORIENTED_EDGE('',*,*,#5941,.F.);
#5943=ORIENTED_EDGE('',*,*,#5924,.T.);
#5945=ORIENTED_EDGE('',*,*,#5944,.F.);
#5946=EDGE_LOOP('',(#5940,#5942,#5943,#5945));
#5947=FACE_OUTER_BOUND('',#5946,.F.);
#5949=CARTESIAN_POINT('',(-6.146444998998E0,1.987240288971E0,1.68656E1));
#5950=DIRECTION('',(1.E0,0.E0,0.E0));
#5951=DIRECTION('',(0.E0,0.E0,-1.E0));
#5952=AXIS2_PLACEMENT_3D('',#5949,#5950,#5951);
#5953=PLANE('',#5952);
#5954=ORIENTED_EDGE('',*,*,#5912,.T.);
#5956=ORIENTED_EDGE('',*,*,#5955,.F.);
#5957=ORIENTED_EDGE('',*,*,#5939,.F.);
#5959=ORIENTED_EDGE('',*,*,#5958,.T.);
#5960=EDGE_LOOP('',(#5954,#5956,#5957,#5959));
#5961=FACE_OUTER_BOUND('',#5960,.F.);
#5963=CARTESIAN_POINT('',(-5.92E0,0.E0,1.68016E1));
#5964=DIRECTION('',(0.E0,0.E0,1.E0));
#5965=DIRECTION('',(1.E0,0.E0,0.E0));
#5966=AXIS2_PLACEMENT_3D('',#5963,#5964,#5965);
#5967=PLANE('',#5966);
#5968=ORIENTED_EDGE('',*,*,#5941,.T.);
#5969=ORIENTED_EDGE('',*,*,#5955,.T.);
#5970=ORIENTED_EDGE('',*,*,#5910,.T.);
#5971=ORIENTED_EDGE('',*,*,#5926,.T.);
#5972=EDGE_LOOP('',(#5968,#5969,#5970,#5971));
#5973=FACE_OUTER_BOUND('',#5972,.F.);
#5975=CARTESIAN_POINT('',(7.933796729338E1,-2.738408139160E2,1.67376E1));
#5976=DIRECTION('',(0.E0,0.E0,1.E0));
#5977=DIRECTION('',(0.E0,1.E0,0.E0));
#5978=AXIS2_PLACEMENT_3D('',#5975,#5976,#5977);
#5979=PLANE('',#5978);
#5980=ORIENTED_EDGE('',*,*,#5958,.F.);
#5981=ORIENTED_EDGE('',*,*,#5944,.T.);
#5982=ORIENTED_EDGE('',*,*,#5929,.T.);
#5983=ORIENTED_EDGE('',*,*,#5914,.T.);
#5984=EDGE_LOOP('',(#5980,#5981,#5982,#5983));
#5985=FACE_OUTER_BOUND('',#5984,.F.);
#5987=CLOSED_SHELL('',(#5918,#5933,#5948,#5962,#5974,#5986));
#5988=MANIFOLD_SOLID_BREP('',#5987);
#5989=FILL_AREA_STYLE_COLOUR('',#3641);
#5990=FILL_AREA_STYLE('',(#5989));
#5991=SURFACE_STYLE_FILL_AREA(#5990);
#5992=SURFACE_SIDE_STYLE('',(#5991));
#5993=SURFACE_STYLE_USAGE(.BOTH.,#5992);
#5994=PRESENTATION_STYLE_ASSIGNMENT((#5993));
#5802=STYLED_ITEM('',(#5994),#5988);
#5997=PLANE_ANGLE_MEASURE_WITH_UNIT(PLANE_ANGLE_MEASURE(1.745329251994E-2),
#5996);
#5998=(CONVERSION_BASED_UNIT('DEGREE',#5997)NAMED_UNIT(*)PLANE_ANGLE_UNIT());
#6000=UNCERTAINTY_MEASURE_WITH_UNIT(LENGTH_MEASURE(1.724054368376E-4),#5995,
'distance_accuracy_value',
'Maximum model space distance between geometric entities at asserted connectivities');
#6002=CARTESIAN_POINT('',(0.E0,0.E0,0.E0));
#6003=DIRECTION('',(0.E0,0.E0,1.E0));
#6004=DIRECTION('',(1.E0,0.E0,0.E0));
#6007=PRODUCT_DEFINITION_CONTEXT('part definition',#1097,'design');
#6008=PRODUCT_CONTEXT('',#1097,'mechanical');
#6009=PRODUCT('LOGO_NX_PRT_349_1_1_1_1_2_1','LOGO_NX_PRT_349_1_1_1_1_2_1',
'NOT SPECIFIED',(#6008));
#6010=PRODUCT_DEFINITION_FORMATION('1','LAST_VERSION',#6009);
#6018=DERIVED_UNIT_ELEMENT(#6017,2.E0);
#6019=DERIVED_UNIT((#6018));
#6020=MEASURE_REPRESENTATION_ITEM('surface area measure',AREA_MEASURE(
1.464773129279E0),#6019);
#6025=DERIVED_UNIT_ELEMENT(#6024,3.E0);
#6026=DERIVED_UNIT((#6025));
#6027=MEASURE_REPRESENTATION_ITEM('volume measure',VOLUME_MEASURE(
3.876820829737E-2),#6026);
#6031=CARTESIAN_POINT('centre point',(-5.377636141222E0,1.598576864761E0,
1.67696E1));
#6036=DERIVED_UNIT_ELEMENT(#6035,2.E0);
#6037=DERIVED_UNIT((#6036));
#6038=MEASURE_REPRESENTATION_ITEM('surface area measure',AREA_MEASURE(
1.464773129279E0),#6037);
#6043=DERIVED_UNIT_ELEMENT(#6042,3.E0);
#6044=DERIVED_UNIT((#6043));
#6045=MEASURE_REPRESENTATION_ITEM('volume measure',VOLUME_MEASURE(
3.876820829737E-2),#6044);
#6049=CARTESIAN_POINT('centre point',(-5.377636141222E0,1.598576864761E0,
1.67696E1));
#6056=CARTESIAN_POINT('centre point',(-5.377636141222E0,1.598576864761E0,
1.67696E1));
#6060=CARTESIAN_POINT('',(0.E0,0.E0,0.E0));
#6061=DIRECTION('',(0.E0,0.E0,1.E0));
#6062=DIRECTION('',(1.E0,0.E0,0.E0));
#6063=AXIS2_PLACEMENT_3D('',#6060,#6061,#6062);
#6064=ITEM_DEFINED_TRANSFORMATION('','',#6005,#6063);
#6065=CARTESIAN_POINT('',(0.E0,0.E0,0.E0));
#6066=DIRECTION('',(0.E0,0.E0,1.E0));
#6067=DIRECTION('',(1.E0,0.E0,0.E0));
#6069=(REPRESENTATION_RELATIONSHIP('','',#6006,#4486)REPRESENTATION_RELATIONSHIP_WITH_TRANSFORMATION(#6064)SHAPE_REPRESENTATION_RELATIONSHIP());
#6070=CONTEXT_DEPENDENT_SHAPE_REPRESENTATION(#6069,#6055);
#6072=DIRECTION('',(9.702957262760E-1,-2.419218955995E-1,0.E0));
#6073=VECTOR('',#6072,5.441639962967E-1);
#6074=CARTESIAN_POINT('',(-7.138890041750E0,1.840728935146E0,1.67376E1));
#6075=LINE('',#6074,#6073);
#6076=CURVE_STYLE('',#3647,POSITIVE_LENGTH_MEASURE(2.E-2),#3641);
#6077=PRESENTATION_STYLE_ASSIGNMENT((#6076));
#6078=STYLED_ITEM('',(#6077),#6075);
#6079=CARTESIAN_POINT('',(-6.482411714619E0,2.284880863643E0,1.67376E1));
#6080=DIRECTION('',(0.E0,0.E0,-1.E0));
#6081=DIRECTION('',(-1.E0,-3.418853959821E-11,0.E0));
#6082=AXIS2_PLACEMENT_3D('',#6079,#6080,#6081);
#6084=CURVE_STYLE('',#3647,POSITIVE_LENGTH_MEASURE(2.E-2),#3641);
#6085=PRESENTATION_STYLE_ASSIGNMENT((#6084));
#6086=STYLED_ITEM('',(#6085),#6083);
#6087=CARTESIAN_POINT('',(-6.482411714619E0,2.284880863643E0,1.67376E1));
#6088=DIRECTION('',(0.E0,0.E0,-1.E0));
#6089=DIRECTION('',(-2.964320246631E-11,1.E0,0.E0));
#6090=AXIS2_PLACEMENT_3D('',#6087,#6088,#6089);
#6092=CURVE_STYLE('',#3647,POSITIVE_LENGTH_MEASURE(2.E-2),#3641);
#6093=PRESENTATION_STYLE_ASSIGNMENT((#6092));
#6094=STYLED_ITEM('',(#6093),#6091);
#6095=DIRECTION('',(9.702957262760E-1,-2.419218955996E-1,0.E0));
#6096=VECTOR('',#6095,1.898908405752E0);
#6097=CARTESIAN_POINT('',(-6.451329994135E0,2.409542835367E0,1.67376E1));
#6098=LINE('',#6097,#6096);
#6099=CURVE_STYLE('',#3647,POSITIVE_LENGTH_MEASURE(2.E-2),#3641);
#6100=PRESENTATION_STYLE_ASSIGNMENT((#6099));
#6101=STYLED_ITEM('',(#6100),#6098);
#6102=DIRECTION('',(-9.702957262760E-1,2.419218955996E-1,0.E0));
#6103=VECTOR('',#6102,2.363809328510E0);
#6104=CARTESIAN_POINT('',(-4.608827283445E0,2.345910947949E0,1.67376E1));
#6105=LINE('',#6104,#6103);
#6106=CURVE_STYLE('',#3647,POSITIVE_LENGTH_MEASURE(2.E-2),#3641);
#6107=PRESENTATION_STYLE_ASSIGNMENT((#6106));
#6108=STYLED_ITEM('',(#6107),#6105);
#6109=CARTESIAN_POINT('',(-6.948484614530E0,2.733018609250E0,1.67376E1));
#6110=DIRECTION('',(0.E0,0.E0,1.E0));
#6111=DIRECTION('',(2.419218957203E-1,9.702957262459E-1,0.E0));
#6112=AXIS2_PLACEMENT_3D('',#6109,#6110,#6111);
#6114=CURVE_STYLE('',#3647,POSITIVE_LENGTH_MEASURE(2.E-2),#3641);
#6115=PRESENTATION_STYLE_ASSIGNMENT((#6114));
#6116=STYLED_ITEM('',(#6115),#6113);
#6117=CARTESIAN_POINT('',(-6.948484614530E0,2.733018609250E0,1.67376E1));
#6118=DIRECTION('',(0.E0,0.E0,1.E0));
#6119=DIRECTION('',(0.E0,1.E0,0.E0));
#6120=AXIS2_PLACEMENT_3D('',#6117,#6118,#6119);
#6122=CURVE_STYLE('',#3647,POSITIVE_LENGTH_MEASURE(2.E-2),#3641);
#6123=PRESENTATION_STYLE_ASSIGNMENT((#6122));
#6124=STYLED_ITEM('',(#6123),#6121);
#6125=DIRECTION('',(1.526556658860E-13,-1.439820485061E-12,-1.E0));
#6126=VECTOR('',#6125,6.4E-2);
#6127=CARTESIAN_POINT('',(-7.138890041750E0,1.840728935146E0,1.68016E1));
#6128=LINE('',#6127,#6126);
#6129=CURVE_STYLE('',#3647,POSITIVE_LENGTH_MEASURE(2.E-2),#3641);
#6130=PRESENTATION_STYLE_ASSIGNMENT((#6129));
#6131=STYLED_ITEM('',(#6130),#6128);
#6132=DIRECTION('',(0.E0,1.E0,0.E0));
#6133=VECTOR('',#6132,8.922896740990E-1);
#6134=CARTESIAN_POINT('',(-7.138890041750E0,1.840728935146E0,1.67376E1));
#6135=LINE('',#6134,#6133);
#6136=CURVE_STYLE('',#3647,POSITIVE_LENGTH_MEASURE(2.E-2),#3641);
#6137=PRESENTATION_STYLE_ASSIGNMENT((#6136));
#6138=STYLED_ITEM('',(#6137),#6135);
#6139=DIRECTION('',(0.E0,-2.238487173400E-11,-1.E0));
#6140=VECTOR('',#6139,6.4E-2);
#6141=CARTESIAN_POINT('',(-7.138890041750E0,2.733018609246E0,1.68016E1));
#6142=LINE('',#6141,#6140);
#6143=CURVE_STYLE('',#3647,POSITIVE_LENGTH_MEASURE(2.E-2),#3641);
#6144=PRESENTATION_STYLE_ASSIGNMENT((#6143));
#6145=STYLED_ITEM('',(#6144),#6142);
#6146=DIRECTION('',(1.678657213233E-10,-4.583139423531E-11,1.E0));
#6147=VECTOR('',#6146,6.4E-2);
#6148=CARTESIAN_POINT('',(-6.902421372629E0,2.917768181538E0,1.67376E1));
#6149=LINE('',#6148,#6147);
#6150=CURVE_STYLE('',#3647,POSITIVE_LENGTH_MEASURE(2.E-2),#3641);
#6151=PRESENTATION_STYLE_ASSIGNMENT((#6150));
#6152=STYLED_ITEM('',(#6151),#6149);
#6153=DIRECTION('',(-9.702957262760E-1,2.419218955995E-1,0.E0));
#6154=VECTOR('',#6153,5.441639962967E-1);
#6155=CARTESIAN_POINT('',(-6.610890041750E0,1.709083749645E0,1.68016E1));
#6156=LINE('',#6155,#6154);
#6157=CURVE_STYLE('',#3647,POSITIVE_LENGTH_MEASURE(2.E-2),#3641);
#6158=PRESENTATION_STYLE_ASSIGNMENT((#6157));
#6159=STYLED_ITEM('',(#6158),#6156);
#6160=DIRECTION('',(1.094931713353E-14,1.E0,0.E0));
#6161=VECTOR('',#6160,8.922896741003E-1);
#6162=CARTESIAN_POINT('',(-7.138890041750E0,1.840728935146E0,1.68016E1));
#6163=LINE('',#6162,#6161);
#6164=CURVE_STYLE('',#3647,POSITIVE_LENGTH_MEASURE(2.E-2),#3641);
#6165=PRESENTATION_STYLE_ASSIGNMENT((#6164));
#6166=STYLED_ITEM('',(#6165),#6163);
#6167=CARTESIAN_POINT('',(-6.948484614530E0,2.733018609250E0,1.68016E1));
#6168=DIRECTION('',(0.E0,0.E0,-1.E0));
#6169=DIRECTION('',(-1.E0,-1.108558745008E-11,0.E0));
#6170=AXIS2_PLACEMENT_3D('',#6167,#6168,#6169);
#6172=CURVE_STYLE('',#3647,POSITIVE_LENGTH_MEASURE(2.E-2),#3641);
#6173=PRESENTATION_STYLE_ASSIGNMENT((#6172));
#6174=STYLED_ITEM('',(#6173),#6171);
#6175=CARTESIAN_POINT('',(-6.948484614530E0,2.733018609250E0,1.68016E1));
#6176=DIRECTION('',(0.E0,0.E0,-1.E0));
#6177=DIRECTION('',(0.E0,1.E0,0.E0));
#6178=AXIS2_PLACEMENT_3D('',#6175,#6176,#6177);
#6180=CURVE_STYLE('',#3647,POSITIVE_LENGTH_MEASURE(2.E-2),#3641);
#6181=PRESENTATION_STYLE_ASSIGNMENT((#6180));
#6182=STYLED_ITEM('',(#6181),#6179);
#6183=DIRECTION('',(9.702957262760E-1,-2.419218955995E-1,0.E0));
#6184=VECTOR('',#6183,2.363809328499E0);
#6185=CARTESIAN_POINT('',(-6.902421372619E0,2.917768181535E0,1.68016E1));
#6186=LINE('',#6185,#6184);
#6187=CURVE_STYLE('',#3647,POSITIVE_LENGTH_MEASURE(2.E-2),#3641);
#6188=PRESENTATION_STYLE_ASSIGNMENT((#6187));
#6189=STYLED_ITEM('',(#6188),#6186);
#6190=DIRECTION('',(1.077244656006E-13,-1.E0,0.E0));
#6191=VECTOR('',#6190,3.957556336708E-1);
#6192=CARTESIAN_POINT('',(-4.608827283445E0,2.345910947949E0,1.68016E1));
#6193=LINE('',#6192,#6191);
#6194=CURVE_STYLE('',#3647,POSITIVE_LENGTH_MEASURE(2.E-2),#3641);
#6195=PRESENTATION_STYLE_ASSIGNMENT((#6194));
#6196=STYLED_ITEM('',(#6195),#6193);
#6197=DIRECTION('',(-9.702957262760E-1,2.419218955996E-1,0.E0));
#6198=VECTOR('',#6197,1.898908405757E0);
#6199=CARTESIAN_POINT('',(-4.608827283445E0,1.950155314278E0,1.68016E1));
#6200=LINE('',#6199,#6198);
#6201=CURVE_STYLE('',#3647,POSITIVE_LENGTH_MEASURE(2.E-2),#3641);
#6202=PRESENTATION_STYLE_ASSIGNMENT((#6201));
#6203=STYLED_ITEM('',(#6202),#6200);
#6204=CARTESIAN_POINT('',(-6.482411714619E0,2.284880863643E0,1.68016E1));
#6205=DIRECTION('',(0.E0,0.E0,1.E0));
#6206=DIRECTION('',(2.419218959784E-1,9.702957261816E-1,0.E0));
#6207=AXIS2_PLACEMENT_3D('',#6204,#6205,#6206);
#6209=CURVE_STYLE('',#3647,POSITIVE_LENGTH_MEASURE(2.E-2),#3641);
#6210=PRESENTATION_STYLE_ASSIGNMENT((#6209));
#6211=STYLED_ITEM('',(#6210),#6208);
#6212=CARTESIAN_POINT('',(-6.482411714619E0,2.284880863643E0,1.68016E1));
#6213=DIRECTION('',(0.E0,0.E0,1.E0));
#6214=DIRECTION('',(-1.549216807999E-11,1.E0,0.E0));
#6215=AXIS2_PLACEMENT_3D('',#6212,#6213,#6214);
#6217=CURVE_STYLE('',#3647,POSITIVE_LENGTH_MEASURE(2.E-2),#3641);
#6218=PRESENTATION_STYLE_ASSIGNMENT((#6217));
#6219=STYLED_ITEM('',(#6218),#6216);
#6220=DIRECTION('',(-1.403692971503E-13,-1.E0,0.E0));
#6221=VECTOR('',#6220,5.757971139955E-1);
#6222=CARTESIAN_POINT('',(-6.610890041750E0,2.284880863640E0,1.68016E1));
#6223=LINE('',#6222,#6221);
#6224=CURVE_STYLE('',#3647,POSITIVE_LENGTH_MEASURE(2.E-2),#3641);
#6225=PRESENTATION_STYLE_ASSIGNMENT((#6224));
#6226=STYLED_ITEM('',(#6225),#6223);
#6227=DIRECTION('',(1.526556658860E-13,-1.436351038109E-12,-1.E0));
#6228=VECTOR('',#6227,6.4E-2);
#6229=CARTESIAN_POINT('',(-6.610890041750E0,1.709083749645E0,1.68016E1));
#6230=LINE('',#6229,#6228);
#6231=CURVE_STYLE('',#3647,POSITIVE_LENGTH_MEASURE(2.E-2),#3641);
#6232=PRESENTATION_STYLE_ASSIGNMENT((#6231));
#6233=STYLED_ITEM('',(#6232),#6230);
#6234=DIRECTION('',(-1.280291391592E-13,-1.E0,0.E0));
#6235=VECTOR('',#6234,5.757971139947E-1);
#6236=CARTESIAN_POINT('',(-6.610890041750E0,2.284880863640E0,1.67376E1));
#6237=LINE('',#6236,#6235);
#6238=CURVE_STYLE('',#3647,POSITIVE_LENGTH_MEASURE(2.E-2),#3641);
#6239=PRESENTATION_STYLE_ASSIGNMENT((#6238));
#6240=STYLED_ITEM('',(#6239),#6237);
#6241=DIRECTION('',(8.955336472383E-11,-2.154526557163E-11,-1.E0));
#6242=VECTOR('',#6241,6.4E-2);
#6243=CARTESIAN_POINT('',(-6.451329994141E0,2.409542835369E0,1.68016E1));
#6244=LINE('',#6243,#6242);
#6245=CURVE_STYLE('',#3647,POSITIVE_LENGTH_MEASURE(2.E-2),#3641);
#6246=PRESENTATION_STYLE_ASSIGNMENT((#6245));
#6247=STYLED_ITEM('',(#6246),#6244);
#6248=DIRECTION('',(0.E0,1.336430965893E-11,1.E0));
#6249=VECTOR('',#6248,6.4E-2);
#6250=CARTESIAN_POINT('',(-6.610890041750E0,2.284880863640E0,1.67376E1));
#6251=LINE('',#6250,#6249);
#6252=CURVE_STYLE('',#3647,POSITIVE_LENGTH_MEASURE(2.E-2),#3641);
#6253=PRESENTATION_STYLE_ASSIGNMENT((#6252));
#6254=STYLED_ITEM('',(#6253),#6251);
#6255=DIRECTION('',(-1.942890293094E-13,1.342675970406E-12,-1.E0));
#6256=VECTOR('',#6255,6.4E-2);
#6257=CARTESIAN_POINT('',(-4.608827283445E0,1.950155314278E0,1.68016E1));
#6258=LINE('',#6257,#6256);
#6259=CURVE_STYLE('',#3647,POSITIVE_LENGTH_MEASURE(2.E-2),#3641);
#6260=PRESENTATION_STYLE_ASSIGNMENT((#6259));
#6261=STYLED_ITEM('',(#6260),#6258);
#6262=DIRECTION('',(1.665334536938E-13,3.157196726278E-12,-1.E0));
#6263=VECTOR('',#6262,6.4E-2);
#6264=CARTESIAN_POINT('',(-4.608827283445E0,2.345910947949E0,1.68016E1));
#6265=LINE('',#6264,#6263);
#6266=CURVE_STYLE('',#3647,POSITIVE_LENGTH_MEASURE(2.E-2),#3641);
#6267=PRESENTATION_STYLE_ASSIGNMENT((#6266));
#6268=STYLED_ITEM('',(#6267),#6265);
#6269=DIRECTION('',(4.937371340026E-14,-1.E0,0.E0));
#6270=VECTOR('',#6269,3.957556336709E-1);
#6271=CARTESIAN_POINT('',(-4.608827283445E0,2.345910947949E0,1.67376E1));
#6272=LINE('',#6271,#6270);
#6273=CURVE_STYLE('',#3647,POSITIVE_LENGTH_MEASURE(2.E-2),#3641);
#6274=PRESENTATION_STYLE_ASSIGNMENT((#6273));
#6275=STYLED_ITEM('',(#6274),#6272);
#6276=CARTESIAN_POINT('',(-7.138890041750E0,1.840728935146E0,1.67376E1));
#6277=CARTESIAN_POINT('',(-7.138890041750E0,2.733018609245E0,1.67376E1));
#6278=VERTEX_POINT('',#6276);
#6279=VERTEX_POINT('',#6277);
#6280=CARTESIAN_POINT('',(-6.610890041750E0,1.709083749645E0,1.67376E1));
#6281=VERTEX_POINT('',#6280);
#6282=CARTESIAN_POINT('',(-6.610890041750E0,2.284880863640E0,1.67376E1));
#6283=VERTEX_POINT('',#6282);
#6284=CARTESIAN_POINT('',(-6.482411714623E0,2.413359190774E0,1.67376E1));
#6285=VERTEX_POINT('',#6284);
#6286=CARTESIAN_POINT('',(-6.451329994115E0,2.409542835362E0,1.67376E1));
#6287=VERTEX_POINT('',#6286);
#6288=CARTESIAN_POINT('',(-4.608827283445E0,1.950155314278E0,1.67376E1));
#6289=VERTEX_POINT('',#6288);
#6290=CARTESIAN_POINT('',(-4.608827283445E0,2.345910947949E0,1.67376E1));
#6291=VERTEX_POINT('',#6290);
#6292=CARTESIAN_POINT('',(-6.902421372629E0,2.917768181538E0,1.67376E1));
#6293=VERTEX_POINT('',#6292);
#6294=CARTESIAN_POINT('',(-6.948484614530E0,2.923424036470E0,1.67376E1));
#6295=VERTEX_POINT('',#6294);
#6296=CARTESIAN_POINT('',(-7.138890041750E0,2.733018609246E0,1.68016E1));
#6297=VERTEX_POINT('',#6296);
#6298=CARTESIAN_POINT('',(-7.138890041750E0,1.840728935146E0,1.68016E1));
#6299=VERTEX_POINT('',#6298);
#6300=CARTESIAN_POINT('',(-6.948484614530E0,2.923424036470E0,1.68016E1));
#6301=CARTESIAN_POINT('',(-6.902421372607E0,2.917768181532E0,1.68016E1));
#6302=VERTEX_POINT('',#6300);
#6303=VERTEX_POINT('',#6301);
#6304=CARTESIAN_POINT('',(-6.610890041750E0,1.709083749645E0,1.68016E1));
#6305=VERTEX_POINT('',#6304);
#6306=CARTESIAN_POINT('',(-4.608827283445E0,2.345910947949E0,1.68016E1));
#6307=VERTEX_POINT('',#6306);
#6308=CARTESIAN_POINT('',(-4.608827283445E0,1.950155314278E0,1.68016E1));
#6309=VERTEX_POINT('',#6308);
#6310=CARTESIAN_POINT('',(-6.451329994141E0,2.409542835369E0,1.68016E1));
#6311=VERTEX_POINT('',#6310);
#6312=CARTESIAN_POINT('',(-6.482411714621E0,2.413359190774E0,1.68016E1));
#6313=VERTEX_POINT('',#6312);
#6314=CARTESIAN_POINT('',(-6.610890041750E0,2.284880863641E0,1.68016E1));
#6315=VERTEX_POINT('',#6314);
#6316=CARTESIAN_POINT('',(-6.482411714619E0,2.284880863643E0,1.67376E1));
#6317=DIRECTION('',(0.E0,0.E0,-1.E0));
#6318=DIRECTION('',(0.E0,-1.E0,0.E0));
#6319=AXIS2_PLACEMENT_3D('',#6316,#6317,#6318);
#6320=PLANE('',#6319);
#6322=ORIENTED_EDGE('',*,*,#6321,.F.);
#6324=ORIENTED_EDGE('',*,*,#6323,.T.);
#6326=ORIENTED_EDGE('',*,*,#6325,.F.);
#6328=ORIENTED_EDGE('',*,*,#6327,.T.);
#6330=ORIENTED_EDGE('',*,*,#6329,.T.);
#6332=ORIENTED_EDGE('',*,*,#6331,.T.);
#6334=ORIENTED_EDGE('',*,*,#6333,.F.);
#6336=ORIENTED_EDGE('',*,*,#6335,.T.);
#6338=ORIENTED_EDGE('',*,*,#6337,.T.);
#6340=ORIENTED_EDGE('',*,*,#6339,.T.);
#6341=EDGE_LOOP('',(#6322,#6324,#6326,#6328,#6330,#6332,#6334,#6336,#6338,
#6340));
#6342=FACE_OUTER_BOUND('',#6341,.F.);
#6344=CARTESIAN_POINT('',(-7.138890041750E0,2.733018609250E0,1.68656E1));
#6345=DIRECTION('',(1.E0,0.E0,0.E0));
#6346=DIRECTION('',(0.E0,0.E0,-1.E0));
#6347=AXIS2_PLACEMENT_3D('',#6344,#6345,#6346);
#6348=PLANE('',#6347);
#6350=ORIENTED_EDGE('',*,*,#6349,.F.);
#6352=ORIENTED_EDGE('',*,*,#6351,.F.);
#6354=ORIENTED_EDGE('',*,*,#6353,.T.);
#6355=ORIENTED_EDGE('',*,*,#6321,.T.);
#6356=EDGE_LOOP('',(#6350,#6352,#6354,#6355));
#6357=FACE_OUTER_BOUND('',#6356,.F.);
#6359=CARTESIAN_POINT('',(-6.948484614530E0,2.733018609250E0,1.68656E1));
#6360=DIRECTION('',(0.E0,0.E0,-1.E0));
#6361=DIRECTION('',(0.E0,-1.E0,0.E0));
#6362=AXIS2_PLACEMENT_3D('',#6359,#6360,#6361);
#6363=CYLINDRICAL_SURFACE('',#6362,1.904054272200E-1);
#6365=ORIENTED_EDGE('',*,*,#6364,.F.);
#6367=ORIENTED_EDGE('',*,*,#6366,.F.);
#6368=ORIENTED_EDGE('',*,*,#6349,.T.);
#6369=ORIENTED_EDGE('',*,*,#6339,.F.);
#6370=ORIENTED_EDGE('',*,*,#6337,.F.);
#6372=ORIENTED_EDGE('',*,*,#6371,.T.);
#6373=EDGE_LOOP('',(#6365,#6367,#6368,#6369,#6370,#6372));
#6374=FACE_OUTER_BOUND('',#6373,.F.);
#6376=CARTESIAN_POINT('',(-5.92E0,0.E0,1.68016E1));
#6377=DIRECTION('',(0.E0,0.E0,1.E0));
#6378=DIRECTION('',(1.E0,0.E0,0.E0));
#6379=AXIS2_PLACEMENT_3D('',#6376,#6377,#6378);
#6380=PLANE('',#6379);
#6382=ORIENTED_EDGE('',*,*,#6381,.T.);
#6383=ORIENTED_EDGE('',*,*,#6351,.T.);
#6384=ORIENTED_EDGE('',*,*,#6366,.T.);
#6385=ORIENTED_EDGE('',*,*,#6364,.T.);
#6387=ORIENTED_EDGE('',*,*,#6386,.T.);
#6389=ORIENTED_EDGE('',*,*,#6388,.T.);
#6391=ORIENTED_EDGE('',*,*,#6390,.T.);
#6393=ORIENTED_EDGE('',*,*,#6392,.T.);
#6395=ORIENTED_EDGE('',*,*,#6394,.T.);
#6397=ORIENTED_EDGE('',*,*,#6396,.T.);
#6398=EDGE_LOOP('',(#6382,#6383,#6384,#6385,#6387,#6389,#6391,#6393,#6395,
#6397));
#6399=FACE_OUTER_BOUND('',#6398,.F.);
#6401=CARTESIAN_POINT('',(-7.138890041750E0,1.840728935146E0,1.68656E1));
#6402=DIRECTION('',(2.419218955997E-1,9.702957262760E-1,0.E0));
#6403=DIRECTION('',(-9.702957262760E-1,2.419218955997E-1,0.E0));
#6404=AXIS2_PLACEMENT_3D('',#6401,#6402,#6403);
#6405=PLANE('',#6404);
#6406=ORIENTED_EDGE('',*,*,#6353,.F.);
#6407=ORIENTED_EDGE('',*,*,#6381,.F.);
#6409=ORIENTED_EDGE('',*,*,#6408,.T.);
#6410=ORIENTED_EDGE('',*,*,#6323,.F.);
#6411=EDGE_LOOP('',(#6406,#6407,#6409,#6410));
#6412=FACE_OUTER_BOUND('',#6411,.F.);
#6414=CARTESIAN_POINT('',(-6.610890041750E0,1.709083749645E0,1.68656E1));
#6415=DIRECTION('',(-1.E0,0.E0,0.E0));
#6416=DIRECTION('',(0.E0,0.E0,1.E0));
#6417=AXIS2_PLACEMENT_3D('',#6414,#6415,#6416);
#6418=PLANE('',#6417);
#6419=ORIENTED_EDGE('',*,*,#6408,.F.);
#6420=ORIENTED_EDGE('',*,*,#6396,.F.);
#6422=ORIENTED_EDGE('',*,*,#6421,.F.);
#6423=ORIENTED_EDGE('',*,*,#6325,.T.);
#6424=EDGE_LOOP('',(#6419,#6420,#6422,#6423));
#6425=FACE_OUTER_BOUND('',#6424,.F.);
#6427=CARTESIAN_POINT('',(-6.482411714619E0,2.284880863643E0,1.68656E1));
#6428=DIRECTION('',(0.E0,0.E0,-1.E0));
#6429=DIRECTION('',(0.E0,-1.E0,0.E0));
#6430=AXIS2_PLACEMENT_3D('',#6427,#6428,#6429);
#6431=CYLINDRICAL_SURFACE('',#6430,1.284783271309E-1);
#6432=ORIENTED_EDGE('',*,*,#6394,.F.);
#6433=ORIENTED_EDGE('',*,*,#6392,.F.);
#6435=ORIENTED_EDGE('',*,*,#6434,.T.);
#6436=ORIENTED_EDGE('',*,*,#6329,.F.);
#6437=ORIENTED_EDGE('',*,*,#6327,.F.);
#6438=ORIENTED_EDGE('',*,*,#6421,.T.);
#6439=EDGE_LOOP('',(#6432,#6433,#6435,#6436,#6437,#6438));
#6440=FACE_OUTER_BOUND('',#6439,.F.);
#6442=CARTESIAN_POINT('',(-6.451329994176E0,2.409542835378E0,1.68656E1));
#6443=DIRECTION('',(2.419218955997E-1,9.702957262760E-1,0.E0));
#6444=DIRECTION('',(-9.702957262760E-1,2.419218955997E-1,0.E0));
#6445=AXIS2_PLACEMENT_3D('',#6442,#6443,#6444);
#6446=PLANE('',#6445);
#6447=ORIENTED_EDGE('',*,*,#6434,.F.);
#6448=ORIENTED_EDGE('',*,*,#6390,.F.);
#6450=ORIENTED_EDGE('',*,*,#6449,.T.);
#6451=ORIENTED_EDGE('',*,*,#6331,.F.);
#6452=EDGE_LOOP('',(#6447,#6448,#6450,#6451));
#6453=FACE_OUTER_BOUND('',#6452,.F.);
#6455=CARTESIAN_POINT('',(-4.608827283445E0,1.950155314278E0,1.68656E1));
#6456=DIRECTION('',(-1.E0,0.E0,0.E0));
#6457=DIRECTION('',(0.E0,0.E0,1.E0));
#6458=AXIS2_PLACEMENT_3D('',#6455,#6456,#6457);
#6459=PLANE('',#6458);
#6460=ORIENTED_EDGE('',*,*,#6449,.F.);
#6461=ORIENTED_EDGE('',*,*,#6388,.F.);
#6463=ORIENTED_EDGE('',*,*,#6462,.T.);
#6464=ORIENTED_EDGE('',*,*,#6333,.T.);
#6465=EDGE_LOOP('',(#6460,#6461,#6463,#6464));
#6466=FACE_OUTER_BOUND('',#6465,.F.);
#6468=CARTESIAN_POINT('',(-4.608827283445E0,2.345910947949E0,1.68656E1));
#6469=DIRECTION('',(-2.419218955997E-1,-9.702957262760E-1,0.E0));
#6470=DIRECTION('',(9.702957262760E-1,-2.419218955997E-1,0.E0));
#6471=AXIS2_PLACEMENT_3D('',#6468,#6469,#6470);
#6472=PLANE('',#6471);
#6473=ORIENTED_EDGE('',*,*,#6462,.F.);
#6474=ORIENTED_EDGE('',*,*,#6386,.F.);
#6475=ORIENTED_EDGE('',*,*,#6371,.F.);
#6476=ORIENTED_EDGE('',*,*,#6335,.F.);
#6477=EDGE_LOOP('',(#6473,#6474,#6475,#6476));
#6478=FACE_OUTER_BOUND('',#6477,.F.);
#6480=CLOSED_SHELL('',(#6343,#6358,#6375,#6400,#6413,#6426,#6441,#6454,#6467,
#6479));
#6481=MANIFOLD_SOLID_BREP('',#6480);
#6482=FILL_AREA_STYLE_COLOUR('',#3641);
#6483=FILL_AREA_STYLE('',(#6482));
#6484=SURFACE_STYLE_FILL_AREA(#6483);
#6485=SURFACE_SIDE_STYLE('',(#6484));
#6486=SURFACE_STYLE_USAGE(.BOTH.,#6485);
#6487=PRESENTATION_STYLE_ASSIGNMENT((#6486));
#6071=STYLED_ITEM('',(#6487),#6481);
#6490=PLANE_ANGLE_MEASURE_WITH_UNIT(PLANE_ANGLE_MEASURE(1.745329251994E-2),
#6489);
#6491=(CONVERSION_BASED_UNIT('DEGREE',#6490)NAMED_UNIT(*)PLANE_ANGLE_UNIT());
#6493=UNCERTAINTY_MEASURE_WITH_UNIT(LENGTH_MEASURE(2.807010066050E-4),#6488,
'distance_accuracy_value',
'Maximum model space distance between geometric entities at asserted connectivities');
#6495=CARTESIAN_POINT('',(0.E0,0.E0,0.E0));
#6496=DIRECTION('',(0.E0,0.E0,1.E0));
#6497=DIRECTION('',(1.E0,0.E0,0.E0));
#6500=PRODUCT_CONTEXT('',#1097,'mechanical');
#6501=PRODUCT('LOGO_NX_PRT_368_1_1_1_1_2_1','LOGO_NX_PRT_368_1_1_1_1_2_1',
'NOT SPECIFIED',(#6500));
#6502=PRODUCT_DEFINITION_FORMATION('1','LAST_VERSION',#6501);
#6510=DERIVED_UNIT_ELEMENT(#6509,2.E0);
#6511=DERIVED_UNIT((#6510));
#6512=MEASURE_REPRESENTATION_ITEM('surface area measure',AREA_MEASURE(
3.233532584052E0),#6511);
#6517=DERIVED_UNIT_ELEMENT(#6516,3.E0);
#6518=DERIVED_UNIT((#6517));
#6519=MEASURE_REPRESENTATION_ITEM('volume measure',VOLUME_MEASURE(
8.862597743392E-2),#6518);
#6523=CARTESIAN_POINT('centre point',(-6.147704824590E0,2.368978492850E0,
1.67696E1));
#6528=DERIVED_UNIT_ELEMENT(#6527,2.E0);
#6529=DERIVED_UNIT((#6528));
#6530=MEASURE_REPRESENTATION_ITEM('surface area measure',AREA_MEASURE(
3.233532584052E0),#6529);
#6535=DERIVED_UNIT_ELEMENT(#6534,3.E0);
#6536=DERIVED_UNIT((#6535));
#6537=MEASURE_REPRESENTATION_ITEM('volume measure',VOLUME_MEASURE(
8.862597743392E-2),#6536);
#6541=CARTESIAN_POINT('centre point',(-6.147704824590E0,2.368978492850E0,
1.67696E1));
#6548=CARTESIAN_POINT('centre point',(-6.147704824590E0,2.368978492850E0,
1.67696E1));
#6552=CARTESIAN_POINT('',(0.E0,0.E0,0.E0));
#6553=DIRECTION('',(0.E0,0.E0,1.E0));
#6554=DIRECTION('',(1.E0,0.E0,0.E0));
#6555=AXIS2_PLACEMENT_3D('',#6552,#6553,#6554);
#6556=ITEM_DEFINED_TRANSFORMATION('','',#6498,#6555);
#6557=CARTESIAN_POINT('',(0.E0,0.E0,0.E0));
#6558=DIRECTION('',(0.E0,0.E0,1.E0));
#6559=DIRECTION('',(1.E0,0.E0,0.E0));
#6561=(REPRESENTATION_RELATIONSHIP('','',#6499,#4486)REPRESENTATION_RELATIONSHIP_WITH_TRANSFORMATION(#6556)SHAPE_REPRESENTATION_RELATIONSHIP());
#6562=CONTEXT_DEPENDENT_SHAPE_REPRESENTATION(#6561,#6547);
#6565=PLANE_ANGLE_MEASURE_WITH_UNIT(PLANE_ANGLE_MEASURE(1.745329251994E-2),
#6564);
#6566=(CONVERSION_BASED_UNIT('DEGREE',#6565)NAMED_UNIT(*)PLANE_ANGLE_UNIT());
#6568=UNCERTAINTY_MEASURE_WITH_UNIT(LENGTH_MEASURE(6.654743975437E-4),#6563,
'distance_accuracy_value',
'Maximum model space distance between geometric entities at asserted connectivities');
#6570=CARTESIAN_POINT('',(0.E0,0.E0,0.E0));
#6571=DIRECTION('',(0.E0,0.E0,1.E0));
#6572=DIRECTION('',(1.E0,0.E0,0.E0));
#6574=PRODUCT_DEFINITION_CONTEXT('part definition',#1097,'design');
#6575=PRODUCT_CONTEXT('',#1097,'mechanical');
#6576=PRODUCT('LOGO-YMIN_ASM_1_1_ASM_1_ASM','LOGO-YMIN_ASM_1_1_ASM_1_ASM',
'NOT SPECIFIED',(#6575));
#6577=PRODUCT_DEFINITION_FORMATION('1','LAST_VERSION',#6576);
#6580=DERIVED_UNIT_ELEMENT(#6579,2.E0);
#6581=DERIVED_UNIT((#6580));
#6582=MEASURE_REPRESENTATION_ITEM('surface area measure',AREA_MEASURE(
1.880511122180E1),#6581);
#6587=DERIVED_UNIT_ELEMENT(#6586,3.E0);
#6588=DERIVED_UNIT((#6587));
#6589=MEASURE_REPRESENTATION_ITEM('volume measure',VOLUME_MEASURE(
5.109876282081E-1),#6588);
#6593=CARTESIAN_POINT('centre point',(-5.899315117347E0,-1.292728411255E-1,
1.67696E1));
#6602=CARTESIAN_POINT('centre point',(-5.899315117347E0,-1.292728411255E-1,
1.67696E1));
#6606=CARTESIAN_POINT('',(0.E0,0.E0,0.E0));
#6607=DIRECTION('',(0.E0,0.E0,1.E0));
#6608=DIRECTION('',(1.E0,0.E0,0.E0));
#6609=AXIS2_PLACEMENT_3D('',#6606,#6607,#6608);
#6610=ITEM_DEFINED_TRANSFORMATION('','',#4501,#6609);
#6611=CARTESIAN_POINT('',(0.E0,0.E0,0.E0));
#6612=DIRECTION('',(0.E0,0.E0,1.E0));
#6613=DIRECTION('',(1.E0,0.E0,0.E0));
#6615=(REPRESENTATION_RELATIONSHIP('','',#4486,#6599)REPRESENTATION_RELATIONSHIP_WITH_TRANSFORMATION(#6610)SHAPE_REPRESENTATION_RELATIONSHIP());
#6616=CONTEXT_DEPENDENT_SHAPE_REPRESENTATION(#6615,#6601);
#6619=PLANE_ANGLE_MEASURE_WITH_UNIT(PLANE_ANGLE_MEASURE(1.745329251994E-2),
#6618);
#6620=(CONVERSION_BASED_UNIT('DEGREE',#6619)NAMED_UNIT(*)PLANE_ANGLE_UNIT());
#6622=UNCERTAINTY_MEASURE_WITH_UNIT(LENGTH_MEASURE(6.654743975437E-4),#6617,
'distance_accuracy_value',
'Maximum model space distance between geometric entities at asserted connectivities');
#6624=CARTESIAN_POINT('',(0.E0,0.E0,0.E0));
#6625=DIRECTION('',(0.E0,0.E0,1.E0));
#6626=DIRECTION('',(1.E0,0.E0,0.E0));
#6628=PRODUCT_CONTEXT('',#1097,'mechanical');
#6629=PRODUCT('ASM0008_ASM_1_ASM','ASM0008_ASM_1_ASM','NOT SPECIFIED',(#6628));
#6630=PRODUCT_DEFINITION_FORMATION('1','LAST_VERSION',#6629);
#6633=DERIVED_UNIT_ELEMENT(#6632,2.E0);
#6634=DERIVED_UNIT((#6633));
#6635=MEASURE_REPRESENTATION_ITEM('surface area measure',AREA_MEASURE(
1.880511122180E1),#6634);
#6640=DERIVED_UNIT_ELEMENT(#6639,3.E0);
#6641=DERIVED_UNIT((#6640));
#6642=MEASURE_REPRESENTATION_ITEM('volume measure',VOLUME_MEASURE(
5.109876282081E-1),#6641);
#6646=CARTESIAN_POINT('centre point',(-5.899315117347E0,-1.292728411255E-1,
1.67696E1));
#6655=CARTESIAN_POINT('centre point',(-5.899315117347E0,-1.292728411255E-1,
1.67696E1));
#6659=CARTESIAN_POINT('',(0.E0,0.E0,0.E0));
#6660=DIRECTION('',(0.E0,0.E0,1.E0));
#6661=DIRECTION('',(1.E0,0.E0,0.E0));
#6662=AXIS2_PLACEMENT_3D('',#6659,#6660,#6661);
#6663=ITEM_DEFINED_TRANSFORMATION('','',#6614,#6662);
#6664=CARTESIAN_POINT('',(0.E0,0.E0,0.E0));
#6665=DIRECTION('',(0.E0,0.E0,1.E0));
#6666=DIRECTION('',(1.E0,0.E0,0.E0));
#6668=(REPRESENTATION_RELATIONSHIP('','',#6599,#6652)REPRESENTATION_RELATIONSHIP_WITH_TRANSFORMATION(#6663)SHAPE_REPRESENTATION_RELATIONSHIP());
#6669=CONTEXT_DEPENDENT_SHAPE_REPRESENTATION(#6668,#6654);
#6672=PLANE_ANGLE_MEASURE_WITH_UNIT(PLANE_ANGLE_MEASURE(1.745329251994E-2),
#6671);
#6673=(CONVERSION_BASED_UNIT('DEGREE',#6672)NAMED_UNIT(*)PLANE_ANGLE_UNIT());
#6675=UNCERTAINTY_MEASURE_WITH_UNIT(LENGTH_MEASURE(6.654743975437E-4),#6670,
'distance_accuracy_value',
'Maximum model space distance between geometric entities at asserted connectivities');
#6677=CARTESIAN_POINT('',(0.E0,0.E0,0.E0));
#6678=DIRECTION('',(0.E0,0.E0,1.E0));
#6679=DIRECTION('',(1.E0,0.E0,0.E0));
#6681=PRODUCT_DEFINITION_CONTEXT('part definition',#1097,'design');
#6682=PRODUCT_CONTEXT('',#1097,'mechanical');
#6683=PRODUCT('ASM0011_ASM','ASM0011_ASM','NOT SPECIFIED',(#6682));
#6684=PRODUCT_DEFINITION_FORMATION('1','LAST_VERSION',#6683);
#6687=DERIVED_UNIT_ELEMENT(#6686,2.E0);
#6688=DERIVED_UNIT((#6687));
#6689=MEASURE_REPRESENTATION_ITEM('surface area measure',AREA_MEASURE(
1.880511122180E1),#6688);
#6694=DERIVED_UNIT_ELEMENT(#6693,3.E0);
#6695=DERIVED_UNIT((#6694));
#6696=MEASURE_REPRESENTATION_ITEM('volume measure',VOLUME_MEASURE(
5.109876282081E-1),#6695);
#6700=CARTESIAN_POINT('centre point',(-5.899315117347E0,-1.292728411255E-1,
1.67696E1));
#6706=CARTESIAN_POINT('centre point',(6.212969099298E0,1.6032E1,
-3.414668525719E0));
#6710=CARTESIAN_POINT('',(6.063502190594E0,-7.376E-1,-9.313506543872E0));
#6711=DIRECTION('',(0.E0,1.E0,0.E0));
#6712=DIRECTION('',(-3.423249077063E-3,0.E0,-9.999941406657E-1));
#6713=AXIS2_PLACEMENT_3D('',#6710,#6711,#6712);
#6714=ITEM_DEFINED_TRANSFORMATION('','',#6667,#6713);
#6715=(REPRESENTATION_RELATIONSHIP('','',#6652,#1148)REPRESENTATION_RELATIONSHIP_WITH_TRANSFORMATION(#6714)SHAPE_REPRESENTATION_RELATIONSHIP());
#6716=CONTEXT_DEPENDENT_SHAPE_REPRESENTATION(#6715,#6705);
#6719=PLANE_ANGLE_MEASURE_WITH_UNIT(PLANE_ANGLE_MEASURE(1.745329251994E-2),
#6718);
#6720=(CONVERSION_BASED_UNIT('DEGREE',#6719)NAMED_UNIT(*)PLANE_ANGLE_UNIT());
#6722=UNCERTAINTY_MEASURE_WITH_UNIT(LENGTH_MEASURE(2.536276931955E-3),#6717,
'distance_accuracy_value',
'Maximum model space distance between geometric entities at asserted connectivities');
#6724=CARTESIAN_POINT('',(0.E0,0.E0,0.E0));
#6725=DIRECTION('',(0.E0,0.E0,1.E0));
#6726=DIRECTION('',(1.E0,0.E0,0.E0));
#6728=MECHANICAL_DESIGN_GEOMETRIC_PRESENTATION_REPRESENTATION('',(#469,#491,
#511,#540,#673,#692,#740,#764,#785,#804,#829,#849,#874,#894,#917,#941,#968,
#1043,#1063,#1082,#1491,#1549,#1605,#1743,#1879,#1939,#1963,#2020,#2041,#2063,
#2085,#2107,#2129,#2151,#2169,#2189,#2209,#2229,#2249,#2268,#2290,#2310,#2327,
#2730,#2788,#2844,#2982,#3118,#3178,#3202,#3259,#3280,#3302,#3324,#3346,#3368,
#3390,#3408,#3428,#3448,#3468,#3488,#3507,#3529,#3549,#3566,#3650,#3658,#3665,
#3672,#3680,#3688,#3695,#3702,#3710,#3718,#3726,#3734,#3741,#3748,#3755,#3762,
#3769,#3776,#3783,#3790,#3797,#3805,#3813,#3820,#3828,#3836,#3843,#3850,#3857,
#3865,#3873,#3880,#3887,#3894,#3901,#3909,#3916,#3923,#3930,#3937,#3944,#3951,
#3958,#3965,#3972,#3979,#3986,#3993,#4000,#4007,#4014,#4021,#4028,#4035,#3642,
#4511,#4518,#4525,#4532,#4539,#4546,#4553,#4560,#4567,#4574,#4581,#4588,#4504,
#4780,#4787,#4794,#4801,#4808,#4815,#4822,#4829,#4836,#4843,#4850,#4857,#4773,
#5048,#5056,#5064,#5071,#5078,#5086,#5094,#5101,#5108,#5115,#5122,#5129,#5136,
#5144,#5152,#5159,#5166,#5173,#5181,#5189,#5196,#5203,#5210,#5217,#5224,#5231,
#5238,#5245,#5041,#5541,#5548,#5555,#5562,#5569,#5576,#5583,#5590,#5597,#5604,
#5611,#5618,#5534,#5809,#5816,#5823,#5830,#5837,#5844,#5851,#5858,#5865,#5872,
#5879,#5886,#5802,#6078,#6086,#6094,#6101,#6108,#6116,#6124,#6131,#6138,#6145,
#6152,#6159,#6166,#6174,#6182,#6189,#6196,#6203,#6211,#6219,#6226,#6233,#6240,
#6247,#6254,#6261,#6268,#6275,#6071),#6723);
#6729=PRODUCT_CONTEXT('',#1097,'mechanical');
#6730=PRODUCT('01250160_ASM','01250160_ASM','NOT SPECIFIED',(#6729));
#6731=PRODUCT_DEFINITION_FORMATION('1','LAST_VERSION',#6730);
#6734=DERIVED_UNIT_ELEMENT(#6733,2.E0);
#6735=DERIVED_UNIT((#6734));
#6736=MEASURE_REPRESENTATION_ITEM('surface area measure',AREA_MEASURE(
9.575218232521E2),#6735);
#6741=DERIVED_UNIT_ELEMENT(#6740,3.E0);
#6742=DERIVED_UNIT((#6741));
#6743=MEASURE_REPRESENTATION_ITEM('volume measure',VOLUME_MEASURE(
1.931715984812E3),#6742);
#6747=CARTESIAN_POINT('centre point',(6.247381614926E0,8.094890203524E0,
-6.249246359121E0));
#6751=PRODUCT_RELATED_PRODUCT_CATEGORY('part','',(#6576,#6629,#6683,#6730,#1101,
#2343,#3583,#4439,#4711,#4979,#5472,#5740,#6009,#6501));
#1=DRAUGHTING_PRE_DEFINED_COLOUR('green');
#2=COLOUR_RGB('',1.1E-2,1.2E-2,1.E0);
#3=COLOUR_RGB('',1.607843137255E-1,1.607843137255E-1,1.803921568627E-1);
#4=COLOUR_RGB('',2.392156862745E-1,2.509803921569E-1,2.588235294118E-1);
#5=COLOUR_RGB('',4.1E-1,2.61589E-1,1.12848E-1);
#6=COLOUR_RGB('',5.04854E-1,1.5455E-2,1.5455E-2);
#7=COLOUR_RGB('',6.35294E-1,6.86275E-1,7.4902E-1);
#8=COLOUR_RGB('',6.40777E-1,6.40777E-1,6.40777E-1);
#9=COLOUR_RGB('',6.69062E-1,6.69903E-1,6.55217E-1);
#10=COLOUR_RGB('',8.196078431373E-1,8.117647058824E-1,8.117647058824E-1);
#11=COLOUR_RGB('',9.21569E-1,7.05882E-1,4.70588E-1);
#12=DRAUGHTING_PRE_DEFINED_COLOUR('red');
#13=DRAUGHTING_PRE_DEFINED_COLOUR('yellow');
#14=COLOUR_RGB('',1.E0,1.E0,5.3E-1);
#15=COLOUR_RGB('',1.E0,1.E0,9.49E-1);
#16=DRAUGHTING_PRE_DEFINED_COLOUR('white');
#17=COLOUR_RGB('',2.5E-1,2.5E-1,2.4E-1);
#18=COLOUR_RGB('',8.3E-1,8.4E-1,8.3E-1);
#23=CIRCLE('',#22,4.75E0);
#28=CIRCLE('',#27,4.75E0);
#33=CIRCLE('',#32,5.496451029091E0);
#38=CIRCLE('',#37,5.496451029091E0);
#51=CIRCLE('',#50,4.75E0);
#56=CIRCLE('',#55,4.75E0);
#61=CIRCLE('',#60,3.5E-1);
#66=CIRCLE('',#65,3.5E-1);
#71=CIRCLE('',#70,3.5E-1);
#76=CIRCLE('',#75,3.5E-1);
#89=CIRCLE('',#88,3.5E-1);
#94=CIRCLE('',#93,3.5E-1);
#99=CIRCLE('',#98,3.5E-1);
#104=CIRCLE('',#103,3.5E-1);
#109=CIRCLE('',#108,1.5E-1);
#114=CIRCLE('',#113,1.5E-1);
#119=CIRCLE('',#118,1.5E-1);
#124=CIRCLE('',#123,1.5E-1);
#145=CIRCLE('',#144,1.5E-1);
#150=CIRCLE('',#149,1.5E-1);
#155=CIRCLE('',#154,1.5E-1);
#160=CIRCLE('',#159,1.5E-1);
#173=CIRCLE('',#172,7.5E-1);
#178=CIRCLE('',#177,6.242902058182E0);
#183=CIRCLE('',#182,1.5E0);
#188=CIRCLE('',#187,5.875E0);
#193=CIRCLE('',#192,6.242902058182E0);
#198=CIRCLE('',#197,1.5E0);
#203=CIRCLE('',#202,7.5E-1);
#208=CIRCLE('',#207,5.875E0);
#213=CIRCLE('',#212,5.E-1);
#218=CIRCLE('',#217,5.875E0);
#223=CIRCLE('',#222,5.875E0);
#228=CIRCLE('',#227,5.E-1);
#233=CIRCLE('',#232,5.875E0);
#238=CIRCLE('',#237,5.875E0);
#243=CIRCLE('',#242,6.25E0);
#248=CIRCLE('',#247,1.5E0);
#253=CIRCLE('',#252,1.5E0);
#258=CIRCLE('',#257,6.25E0);
#263=CIRCLE('',#262,6.25E0);
#268=CIRCLE('',#267,6.25E0);
#277=CIRCLE('',#276,3.5E-1);
#298=CIRCLE('',#297,5.9E0);
#303=CIRCLE('',#302,5.9E0);
#308=CIRCLE('',#307,5.9E0);
#345=CIRCLE('',#344,3.5E-1);
#350=CIRCLE('',#349,6.25E0);
#450=EDGE_CURVE('',#395,#396,#33,.T.);
#452=EDGE_CURVE('',#396,#395,#38,.T.);
#456=EDGE_CURVE('',#387,#388,#23,.T.);
#458=EDGE_CURVE('',#388,#387,#28,.T.);
#462=ADVANCED_FACE('',(#455,#461),#449,.F.);
#476=EDGE_CURVE('',#387,#383,#42,.T.);
#478=EDGE_CURVE('',#383,#384,#51,.T.);
#480=EDGE_CURVE('',#388,#384,#46,.T.);
#484=ADVANCED_FACE('',(#483),#474,.F.);
#499=EDGE_CURVE('',#384,#383,#56,.T.);
#504=ADVANCED_FACE('',(#503),#496,.F.);
#521=EDGE_CURVE('',#407,#408,#61,.T.);
#523=EDGE_CURVE('',#408,#407,#66,.T.);
#527=EDGE_CURVE('',#411,#412,#71,.T.);
#529=EDGE_CURVE('',#412,#411,#76,.T.);
#533=ADVANCED_FACE('',(#520,#526,#532),#516,.T.);
#547=EDGE_CURVE('',#407,#400,#80,.T.);
#549=EDGE_CURVE('',#399,#400,#89,.T.);
#551=EDGE_CURVE('',#408,#399,#84,.T.);
#555=ADVANCED_FACE('',(#554),#545,.F.);
#563=EDGE_CURVE('',#400,#399,#94,.T.);
#568=ADVANCED_FACE('',(#567),#560,.F.);
#578=EDGE_CURVE('',#419,#420,#109,.T.);
#580=EDGE_CURVE('',#420,#419,#114,.T.);
#584=ADVANCED_FACE('',(#577,#583),#573,.T.);
#590=EDGE_CURVE('',#403,#404,#99,.T.);
#592=EDGE_CURVE('',#404,#403,#104,.T.);
#596=EDGE_CURVE('',#427,#428,#119,.T.);
#598=EDGE_CURVE('',#428,#427,#124,.T.);
#602=ADVANCED_FACE('',(#595,#601),#589,.T.);
#609=EDGE_CURVE('',#411,#404,#128,.T.);
#612=EDGE_CURVE('',#412,#403,#132,.T.);
#616=ADVANCED_FACE('',(#615),#607,.F.);
#628=ADVANCED_FACE('',(#627),#621,.F.);
#635=EDGE_CURVE('',#419,#415,#136,.T.);
#637=EDGE_CURVE('',#415,#416,#145,.T.);
#639=EDGE_CURVE('',#420,#416,#140,.T.);
#643=ADVANCED_FACE('',(#642),#633,.F.);
#651=EDGE_CURVE('',#416,#415,#150,.T.);
#656=ADVANCED_FACE('',(#655),#648,.F.);
#666=ADVANCED_FACE('',(#665),#661,.T.);
#679=EDGE_CURVE('',#423,#424,#155,.T.);
#681=EDGE_CURVE('',#424,#423,#160,.T.);
#685=ADVANCED_FACE('',(#684),#678,.T.);
#699=EDGE_CURVE('',#427,#423,#164,.T.);
#702=EDGE_CURVE('',#428,#424,#168,.T.);
#706=ADVANCED_FACE('',(#705),#697,.F.);
#718=ADVANCED_FACE('',(#717),#711,.F.);
#724=EDGE_CURVE('',#391,#392,#178,.T.);
#726=EDGE_CURVE('',#392,#396,#203,.T.);
#729=EDGE_CURVE('',#391,#395,#173,.T.);
#733=ADVANCED_FACE('',(#732),#723,.T.);
#747=EDGE_CURVE('',#368,#391,#183,.T.);
#749=EDGE_CURVE('',#368,#365,#188,.T.);
#751=EDGE_CURVE('',#365,#366,#208,.T.);
#753=EDGE_CURVE('',#366,#392,#198,.T.);
#757=ADVANCED_FACE('',(#756),#745,.T.);
#770=EDGE_CURVE('',#392,#391,#193,.T.);
#773=EDGE_CURVE('',#366,#368,#233,.T.);
#778=ADVANCED_FACE('',(#777),#769,.T.);
#797=ADVANCED_FACE('',(#796),#790,.T.);
#811=EDGE_CURVE('',#365,#380,#213,.T.);
#813=EDGE_CURVE('',#376,#380,#218,.T.);
#815=EDGE_CURVE('',#375,#376,#223,.T.);
#817=EDGE_CURVE('',#375,#368,#228,.T.);
#822=ADVANCED_FACE('',(#821),#809,.F.);
#837=EDGE_CURVE('',#380,#375,#238,.T.);
#842=ADVANCED_FACE('',(#841),#834,.F.);
#856=EDGE_CURVE('',#375,#372,#253,.T.);
#858=EDGE_CURVE('',#371,#372,#263,.T.);
#860=EDGE_CURVE('',#371,#378,#243,.T.);
#862=EDGE_CURVE('',#376,#378,#248,.T.);
#867=ADVANCED_FACE('',(#866),#854,.T.);
#882=EDGE_CURVE('',#372,#378,#268,.T.);
#887=ADVANCED_FACE('',(#886),#879,.T.);
#900=EDGE_CURVE('',#358,#357,#258,.T.);
#902=EDGE_CURVE('',#371,#358,#354,.T.);
#906=EDGE_CURVE('',#378,#357,#272,.T.);
#910=ADVANCED_FACE('',(#909),#899,.T.);
#923=EDGE_CURVE('',#362,#439,#308,.T.);
#925=EDGE_CURVE('',#358,#362,#277,.T.);
#928=EDGE_CURVE('',#357,#361,#345,.T.);
#930=EDGE_CURVE('',#439,#361,#298,.T.);
#934=ADVANCED_FACE('',(#933),#922,.T.);
#947=EDGE_CURVE('',#439,#440,#281,.T.);
#949=EDGE_CURVE('',#440,#442,#285,.T.);
#951=EDGE_CURVE('',#442,#444,#289,.T.);
#953=EDGE_CURVE('',#444,#439,#293,.T.);
#956=EDGE_CURVE('',#361,#362,#303,.T.);
#961=ADVANCED_FACE('',(#960),#946,.T.);
#975=EDGE_CURVE('',#439,#431,#312,.T.);
#977=EDGE_CURVE('',#431,#432,#328,.T.);
#979=EDGE_CURVE('',#440,#432,#324,.T.);
#983=ADVANCED_FACE('',(#982),#973,.T.);
#990=EDGE_CURVE('',#444,#436,#316,.T.);
#992=EDGE_CURVE('',#436,#431,#332,.T.);
#997=ADVANCED_FACE('',(#996),#988,.T.);
#1004=EDGE_CURVE('',#442,#434,#320,.T.);
#1006=EDGE_CURVE('',#434,#436,#336,.T.);
#1011=ADVANCED_FACE('',(#1010),#1002,.T.);
#1019=EDGE_CURVE('',#432,#434,#340,.T.);
#1024=ADVANCED_FACE('',(#1023),#1016,.T.);
#1036=ADVANCED_FACE('',(#1035),#1029,.T.);
#1049=EDGE_CURVE('',#357,#358,#350,.T.);
#1056=ADVANCED_FACE('',(#1055),#1048,.T.);
#1075=ADVANCED_FACE('',(#1074),#1068,.T.);
#1085=(LENGTH_UNIT()NAMED_UNIT(*)SI_UNIT(.MILLI.,.METRE.));
#1086=(NAMED_UNIT(*)PLANE_ANGLE_UNIT()SI_UNIT($,.RADIAN.));
#1089=(NAMED_UNIT(*)SI_UNIT($,.STERADIAN.)SOLID_ANGLE_UNIT());
#1091=(GEOMETRIC_REPRESENTATION_CONTEXT(3)GLOBAL_UNCERTAINTY_ASSIGNED_CONTEXT((
#1090))GLOBAL_UNIT_ASSIGNED_CONTEXT((#1085,#1088,#1089))REPRESENTATION_CONTEXT(
'ID1','3'));
#1095=AXIS2_PLACEMENT_3D('',#1092,#1093,#1094);
#1096=ADVANCED_BREP_SHAPE_REPRESENTATION('',(#1095,#1084),#1091);
#1103=PRODUCT_DEFINITION('part definition','',#1102,#1099);
#1104=PRODUCT_DEFINITION_SHAPE('','SHAPE FOR Z1.',#1103);
#1105=SHAPE_ASPECT('','solid data associated with Z1',#1104,.F.);
#1106=PROPERTY_DEFINITION('',
'shape for solid data with which properties are associated',#1105);
#1107=SHAPE_REPRESENTATION('',(#1084),#1091);
#1108=SHAPE_DEFINITION_REPRESENTATION(#1106,#1107);
#1109=(LENGTH_UNIT()NAMED_UNIT(*)SI_UNIT(.MILLI.,.METRE.));
#1113=PROPERTY_DEFINITION('geometric validation property','area of Z1',#1105);
#1114=REPRESENTATION('surface area',(#1112),#1091);
#1115=PROPERTY_DEFINITION_REPRESENTATION(#1113,#1114);
#1116=(LENGTH_UNIT()NAMED_UNIT(*)SI_UNIT(.MILLI.,.METRE.));
#1120=PROPERTY_DEFINITION('geometric validation property','volume of Z1',#1105);
#1121=REPRESENTATION('volume',(#1119),#1091);
#1122=PROPERTY_DEFINITION_REPRESENTATION(#1120,#1121);
#1124=PROPERTY_DEFINITION('geometric validation property','centroid of Z1',
#1105);
#1125=REPRESENTATION('centroid',(#1123),#1091);
#1126=PROPERTY_DEFINITION_REPRESENTATION(#1124,#1125);
#1127=(LENGTH_UNIT()NAMED_UNIT(*)SI_UNIT(.MILLI.,.METRE.));
#1131=PROPERTY_DEFINITION('geometric validation property','area of Z1',#1104);
#1132=REPRESENTATION('surface area',(#1130),#1091);
#1133=PROPERTY_DEFINITION_REPRESENTATION(#1131,#1132);
#1134=(LENGTH_UNIT()NAMED_UNIT(*)SI_UNIT(.MILLI.,.METRE.));
#1138=PROPERTY_DEFINITION('geometric validation property','volume of Z1',#1104);
#1139=REPRESENTATION('volume',(#1137),#1091);
#1140=PROPERTY_DEFINITION_REPRESENTATION(#1138,#1139);
#1142=PROPERTY_DEFINITION('geometric validation property','centroid of Z1',
#1104);
#1143=REPRESENTATION('centroid',(#1141),#1091);
#1144=PROPERTY_DEFINITION_REPRESENTATION(#1142,#1143);
#1145=SHAPE_DEFINITION_REPRESENTATION(#1104,#1096);
#1146=SHAPE_DEFINITION_REPRESENTATION(#1147,#1148);
#1147=PRODUCT_DEFINITION_SHAPE('','SHAPE FOR 01250160_ASM.',#6732);
#1148=SHAPE_REPRESENTATION('',(#1158,#2397,#3637,#6713,#6727),#6723);
#1149=NEXT_ASSEMBLY_USAGE_OCCURRENCE('0','Next assembly relationship','Z1',
#6732,#1103,$);
#1150=PRODUCT_DEFINITION_SHAPE('Placement #0',
'Placement of Z1 with respect to 01250160_ASM',#1149);
#1152=PROPERTY_DEFINITION('geometric validation property','centroid of Z1',
#1150);
#1153=REPRESENTATION('centroid',(#1151),#1091);
#1154=PROPERTY_DEFINITION_REPRESENTATION(#1152,#1153);
#1162=COLOUR_RGB('',8.1E-1,8.3E-1,8.4E-1);
#1171=B_SPLINE_CURVE_WITH_KNOTS('',3,(#1163,#1164,#1165,#1166,#1167,#1168,#1169,
#1170),.UNSPECIFIED.,.F.,.F.,(4,1,1,1,1,4),(0.E0,2.E-1,4.E-1,6.E-1,8.E-1,1.E0),
.UNSPECIFIED.);
#1180=B_SPLINE_CURVE_WITH_KNOTS('',3,(#1172,#1173,#1174,#1175,#1176,#1177,#1178,
#1179),.UNSPECIFIED.,.F.,.F.,(4,1,1,1,1,4),(0.E0,2.E-1,4.E-1,6.E-1,8.E-1,1.E0),
.UNSPECIFIED.);
#1185=CIRCLE('',#1184,1.5E-1);
#1190=CIRCLE('',#1189,1.5E-1);
#1207=B_SPLINE_CURVE_WITH_KNOTS('',3,(#1199,#1200,#1201,#1202,#1203,#1204,#1205,
#1206),.UNSPECIFIED.,.F.,.F.,(4,1,1,1,1,4),(0.E0,2.E-1,4.E-1,6.E-1,8.E-1,1.E0),
.UNSPECIFIED.);
#1221=B_SPLINE_CURVE_WITH_KNOTS('',3,(#1208,#1209,#1210,#1211,#1212,#1213,#1214,
#1215,#1216,#1217,#1218,#1219,#1220),.UNSPECIFIED.,.F.,.F.,(4,1,1,1,1,1,1,1,1,1,
4),(0.E0,1.E-1,2.E-1,3.E-1,4.E-1,5.E-1,6.E-1,7.E-1,8.E-1,9.E-1,1.E0),
.UNSPECIFIED.);
#1230=B_SPLINE_CURVE_WITH_KNOTS('',3,(#1222,#1223,#1224,#1225,#1226,#1227,#1228,
#1229),.UNSPECIFIED.,.F.,.F.,(4,1,1,1,1,4),(0.E0,2.E-1,4.E-1,6.E-1,8.E-1,1.E0),
.UNSPECIFIED.);
#1242=B_SPLINE_CURVE_WITH_KNOTS('',3,(#1231,#1232,#1233,#1234,#1235,#1236,#1237,
#1238,#1239,#1240,#1241),.UNSPECIFIED.,.F.,.F.,(4,1,1,1,1,1,1,1,4),(0.E0,
1.25E-1,2.5E-1,3.75E-1,5.E-1,6.25E-1,7.5E-1,8.75E-1,1.E0),.UNSPECIFIED.);
#1247=CIRCLE('',#1246,3.5E-1);
#1252=CIRCLE('',#1251,3.5E-1);
#1261=B_SPLINE_CURVE_WITH_KNOTS('',3,(#1253,#1254,#1255,#1256,#1257,#1258,#1259,
#1260),.UNSPECIFIED.,.F.,.F.,(4,1,1,1,1,4),(0.E0,2.E-1,4.E-1,6.E-1,8.E-1,1.E0),
.UNSPECIFIED.);
#1270=CIRCLE('',#1269,3.5E-1);
#1275=CIRCLE('',#1274,6.5E-1);
#1280=CIRCLE('',#1279,3.5E-1);
#1289=B_SPLINE_CURVE_WITH_KNOTS('',3,(#1281,#1282,#1283,#1284,#1285,#1286,#1287,
#1288),.UNSPECIFIED.,.F.,.F.,(4,1,1,1,1,4),(0.E0,2.E-1,4.E-1,6.E-1,8.E-1,1.E0),
.UNSPECIFIED.);
#1298=CIRCLE('',#1297,3.5E-1);
#1303=CIRCLE('',#1302,3.5E-1);
#1308=CIRCLE('',#1307,1.35E0);
#1313=CIRCLE('',#1312,3.5E-1);
#1322=CIRCLE('',#1321,3.5E-1);
#1327=CIRCLE('',#1326,1.35E0);
#1332=CIRCLE('',#1331,3.5E-1);
#1341=CIRCLE('',#1340,3.5E-1);
#1346=CIRCLE('',#1345,9.781723561103E-1);
#1355=CIRCLE('',#1354,3.5E-1);
#1360=CIRCLE('',#1359,3.5E-1);
#1369=CIRCLE('',#1368,3.5E-1);
#1374=CIRCLE('',#1373,2.781723561103E-1);
#1379=CIRCLE('',#1378,3.5E-1);
#1388=CIRCLE('',#1387,3.5E-1);
#1393=CIRCLE('',#1392,6.5E-1);
#1398=CIRCLE('',#1397,3.5E-1);
#1415=CIRCLE('',#1414,1.5E-1);
#1420=CIRCLE('',#1419,1.5E-1);
#1472=EDGE_CURVE('',#1421,#1422,#1171,.T.);
#1474=EDGE_CURVE('',#1422,#1421,#1180,.T.);
#1478=EDGE_CURVE('',#1465,#1466,#1185,.T.);
#1480=EDGE_CURVE('',#1466,#1465,#1190,.T.);
#1484=ADVANCED_FACE('',(#1477,#1483),#1471,.F.);
#1534=EDGE_CURVE('',#1421,#1423,#1194,.T.);
#1536=EDGE_CURVE('',#1423,#1424,#1230,.T.);
#1538=EDGE_CURVE('',#1422,#1424,#1198,.T.);
#1542=ADVANCED_FACE('',(#1541),#1532,.T.);
#1593=EDGE_CURVE('',#1424,#1423,#1207,.T.);
#1598=ADVANCED_FACE('',(#1597),#1590,.T.);
#1728=EDGE_CURVE('',#1424,#1426,#1221,.T.);
#1730=EDGE_CURVE('',#1426,#1425,#1289,.T.);
#1732=EDGE_CURVE('',#1423,#1425,#1242,.T.);
#1736=ADVANCED_FACE('',(#1735),#1726,.T.);
#1867=EDGE_CURVE('',#1425,#1426,#1261,.T.);
#1872=ADVANCED_FACE('',(#1871),#1864,.T.);
#1921=EDGE_CURVE('',#1454,#1456,#1247,.T.);
#1923=EDGE_CURVE('',#1456,#1458,#1252,.T.);
#1925=EDGE_CURVE('',#1426,#1458,#1293,.T.);
#1928=EDGE_CURVE('',#1425,#1454,#1265,.T.);
#1932=ADVANCED_FACE('',(#1931),#1920,.T.);
#1945=EDGE_CURVE('',#1453,#1454,#1280,.T.);
#1947=EDGE_CURVE('',#1450,#1453,#1308,.T.);
#1949=EDGE_CURVE('',#1449,#1450,#1270,.T.);
#1951=EDGE_CURVE('',#1449,#1456,#1275,.T.);
#1956=ADVANCED_FACE('',(#1955),#1944,.T.);
#2009=EDGE_CURVE('',#1458,#1453,#1298,.T.);
#2013=ADVANCED_FACE('',(#2012),#2004,.T.);
#2028=EDGE_CURVE('',#1450,#1449,#1303,.T.);
#2034=ADVANCED_FACE('',(#2033),#2025,.T.);
#2047=EDGE_CURVE('',#1446,#1445,#1313,.T.);
#2049=EDGE_CURVE('',#1446,#1450,#1317,.T.);
#2052=EDGE_CURVE('',#1445,#1449,#1402,.T.);
#2056=ADVANCED_FACE('',(#2055),#2046,.T.);
#2069=EDGE_CURVE('',#1442,#1441,#1322,.T.);
#2071=EDGE_CURVE('',#1442,#1446,#1327,.T.);
#2074=EDGE_CURVE('',#1441,#1445,#1393,.T.);
#2078=ADVANCED_FACE('',(#2077),#2068,.T.);
#2091=EDGE_CURVE('',#1438,#1437,#1332,.T.);
#2093=EDGE_CURVE('',#1438,#1442,#1336,.T.);
#2096=EDGE_CURVE('',#1437,#1441,#1383,.T.);
#2100=ADVANCED_FACE('',(#2099),#2090,.T.);
#2113=EDGE_CURVE('',#1434,#1433,#1341,.T.);
#2115=EDGE_CURVE('',#1434,#1438,#1346,.T.);
#2118=EDGE_CURVE('',#1433,#1437,#1374,.T.);
#2122=ADVANCED_FACE('',(#2121),#2112,.T.);
#2135=EDGE_CURVE('',#1430,#1429,#1360,.T.);
#2137=EDGE_CURVE('',#1430,#1434,#1350,.T.);
#2140=EDGE_CURVE('',#1429,#1433,#1364,.T.);
#2144=ADVANCED_FACE('',(#2143),#2134,.T.);
#2157=EDGE_CURVE('',#1429,#1430,#1355,.T.);
#2162=ADVANCED_FACE('',(#2161),#2156,.F.);
#2177=EDGE_CURVE('',#1433,#1434,#1369,.T.);
#2182=ADVANCED_FACE('',(#2181),#2174,.T.);
#2197=EDGE_CURVE('',#1437,#1438,#1379,.T.);
#2202=ADVANCED_FACE('',(#2201),#2194,.T.);
#2217=EDGE_CURVE('',#1441,#1442,#1388,.T.);
#2222=ADVANCED_FACE('',(#2221),#2214,.T.);
#2237=EDGE_CURVE('',#1445,#1446,#1398,.T.);
#2242=ADVANCED_FACE('',(#2241),#2234,.T.);
#2261=ADVANCED_FACE('',(#2260),#2254,.T.);
#2275=EDGE_CURVE('',#1465,#1461,#1406,.T.);
#2277=EDGE_CURVE('',#1461,#1462,#1415,.T.);
#2279=EDGE_CURVE('',#1466,#1462,#1410,.T.);
#2283=ADVANCED_FACE('',(#2282),#2273,.T.);
#2298=EDGE_CURVE('',#1462,#1461,#1420,.T.);
#2303=ADVANCED_FACE('',(#2302),#2295,.T.);
#2320=ADVANCED_FACE('',(#2319),#2315,.T.);
#2330=(LENGTH_UNIT()NAMED_UNIT(*)SI_UNIT(.MILLI.,.METRE.));
#2331=(NAMED_UNIT(*)PLANE_ANGLE_UNIT()SI_UNIT($,.RADIAN.));
#2334=(NAMED_UNIT(*)SI_UNIT($,.STERADIAN.)SOLID_ANGLE_UNIT());
#2336=(GEOMETRIC_REPRESENTATION_CONTEXT(3)GLOBAL_UNCERTAINTY_ASSIGNED_CONTEXT((
#2335))GLOBAL_UNIT_ASSIGNED_CONTEXT((#2330,#2333,#2334))REPRESENTATION_CONTEXT(
'ID2','3'));
#2340=AXIS2_PLACEMENT_3D('',#2337,#2338,#2339);
#2341=ADVANCED_BREP_SHAPE_REPRESENTATION('',(#2340,#2329),#2336);
#2345=PRODUCT_DEFINITION('part definition','',#2344,#1099);
#2346=PRODUCT_DEFINITION_SHAPE('','SHAPE FOR M00.',#2345);
#2347=SHAPE_ASPECT('','solid data associated with M00',#2346,.F.);
#2348=PROPERTY_DEFINITION('',
'shape for solid data with which properties are associated',#2347);
#2349=SHAPE_REPRESENTATION('',(#2329),#2336);
#2350=SHAPE_DEFINITION_REPRESENTATION(#2348,#2349);
#2351=(LENGTH_UNIT()NAMED_UNIT(*)SI_UNIT(.MILLI.,.METRE.));
#2355=PROPERTY_DEFINITION('geometric validation property','area of M00',#2347);
#2356=REPRESENTATION('surface area',(#2354),#2336);
#2357=PROPERTY_DEFINITION_REPRESENTATION(#2355,#2356);
#2358=(LENGTH_UNIT()NAMED_UNIT(*)SI_UNIT(.MILLI.,.METRE.));
#2362=PROPERTY_DEFINITION('geometric validation property','volume of M00',
#2347);
#2363=REPRESENTATION('volume',(#2361),#2336);
#2364=PROPERTY_DEFINITION_REPRESENTATION(#2362,#2363);
#2366=PROPERTY_DEFINITION('geometric validation property','centroid of M00',
#2347);
#2367=REPRESENTATION('centroid',(#2365),#2336);
#2368=PROPERTY_DEFINITION_REPRESENTATION(#2366,#2367);
#2369=(LENGTH_UNIT()NAMED_UNIT(*)SI_UNIT(.MILLI.,.METRE.));
#2373=PROPERTY_DEFINITION('geometric validation property','area of M00',#2346);
#2374=REPRESENTATION('surface area',(#2372),#2336);
#2375=PROPERTY_DEFINITION_REPRESENTATION(#2373,#2374);
#2376=(LENGTH_UNIT()NAMED_UNIT(*)SI_UNIT(.MILLI.,.METRE.));
#2380=PROPERTY_DEFINITION('geometric validation property','volume of M00',
#2346);
#2381=REPRESENTATION('volume',(#2379),#2336);
#2382=PROPERTY_DEFINITION_REPRESENTATION(#2380,#2381);
#2384=PROPERTY_DEFINITION('geometric validation property','centroid of M00',
#2346);
#2385=REPRESENTATION('centroid',(#2383),#2336);
#2386=PROPERTY_DEFINITION_REPRESENTATION(#2384,#2385);
#2387=SHAPE_DEFINITION_REPRESENTATION(#2346,#2341);
#2388=NEXT_ASSEMBLY_USAGE_OCCURRENCE('1','Next assembly relationship',
'M\X2\5BFC9488\X0\',#6732,#2345,$);
#2389=PRODUCT_DEFINITION_SHAPE('Placement #1',
'Placement of M00 with respect to 01250160_ASM',#2388);
#2391=PROPERTY_DEFINITION('geometric validation property',
'centroid of M\X2\5BFC9488\X0\',#2389);
#2392=REPRESENTATION('centroid',(#2390),#2336);
#2393=PROPERTY_DEFINITION_REPRESENTATION(#2391,#2392);
#2401=COLOUR_RGB('',8.1E-1,8.3E-1,8.4E-1);
#2410=B_SPLINE_CURVE_WITH_KNOTS('',3,(#2402,#2403,#2404,#2405,#2406,#2407,#2408,
#2409),.UNSPECIFIED.,.F.,.F.,(4,1,1,1,1,4),(0.E0,2.E-1,4.E-1,6.E-1,8.E-1,1.E0),
.UNSPECIFIED.);
#2419=B_SPLINE_CURVE_WITH_KNOTS('',3,(#2411,#2412,#2413,#2414,#2415,#2416,#2417,
#2418),.UNSPECIFIED.,.F.,.F.,(4,1,1,1,1,4),(0.E0,2.E-1,4.E-1,6.E-1,8.E-1,1.E0),
.UNSPECIFIED.);
#2424=CIRCLE('',#2423,1.5E-1);
#2429=CIRCLE('',#2428,1.5E-1);
#2446=B_SPLINE_CURVE_WITH_KNOTS('',3,(#2438,#2439,#2440,#2441,#2442,#2443,#2444,
#2445),.UNSPECIFIED.,.F.,.F.,(4,1,1,1,1,4),(0.E0,2.E-1,4.E-1,6.E-1,8.E-1,1.E0),
.UNSPECIFIED.);
#2460=B_SPLINE_CURVE_WITH_KNOTS('',3,(#2447,#2448,#2449,#2450,#2451,#2452,#2453,
#2454,#2455,#2456,#2457,#2458,#2459),.UNSPECIFIED.,.F.,.F.,(4,1,1,1,1,1,1,1,1,1,
4),(0.E0,1.E-1,2.E-1,3.E-1,4.E-1,5.E-1,6.E-1,7.E-1,8.E-1,9.E-1,1.E0),
.UNSPECIFIED.);
#2469=B_SPLINE_CURVE_WITH_KNOTS('',3,(#2461,#2462,#2463,#2464,#2465,#2466,#2467,
#2468),.UNSPECIFIED.,.F.,.F.,(4,1,1,1,1,4),(0.E0,2.E-1,4.E-1,6.E-1,8.E-1,1.E0),
.UNSPECIFIED.);
#2481=B_SPLINE_CURVE_WITH_KNOTS('',3,(#2470,#2471,#2472,#2473,#2474,#2475,#2476,
#2477,#2478,#2479,#2480),.UNSPECIFIED.,.F.,.F.,(4,1,1,1,1,1,1,1,4),(0.E0,
1.25E-1,2.5E-1,3.75E-1,5.E-1,6.25E-1,7.5E-1,8.75E-1,1.E0),.UNSPECIFIED.);
#2486=CIRCLE('',#2485,3.5E-1);
#2499=B_SPLINE_CURVE_WITH_KNOTS('',3,(#2491,#2492,#2493,#2494,#2495,#2496,#2497,
#2498),.UNSPECIFIED.,.F.,.F.,(4,1,1,1,1,4),(0.E0,2.E-1,4.E-1,6.E-1,8.E-1,1.E0),
.UNSPECIFIED.);
#2504=CIRCLE('',#2503,3.5E-1);
#2509=CIRCLE('',#2508,6.5E-1);
#2514=CIRCLE('',#2513,3.5E-1);
#2519=CIRCLE('',#2518,3.5E-1);
#2524=CIRCLE('',#2523,3.5E-1);
#2537=B_SPLINE_CURVE_WITH_KNOTS('',3,(#2529,#2530,#2531,#2532,#2533,#2534,#2535,
#2536),.UNSPECIFIED.,.F.,.F.,(4,1,1,1,1,4),(0.E0,2.E-1,4.E-1,6.E-1,8.E-1,1.E0),
.UNSPECIFIED.);
#2542=CIRCLE('',#2541,1.35E0);
#2547=CIRCLE('',#2546,3.5E-1);
#2552=CIRCLE('',#2551,3.5E-1);
#2561=CIRCLE('',#2560,3.5E-1);
#2566=CIRCLE('',#2565,1.35E0);
#2571=CIRCLE('',#2570,3.5E-1);
#2580=CIRCLE('',#2579,3.5E-1);
#2585=CIRCLE('',#2584,9.781723561103E-1);
#2594=CIRCLE('',#2593,3.5E-1);
#2599=CIRCLE('',#2598,3.5E-1);
#2608=CIRCLE('',#2607,3.5E-1);
#2613=CIRCLE('',#2612,2.781723561103E-1);
#2618=CIRCLE('',#2617,3.5E-1);
#2627=CIRCLE('',#2626,3.5E-1);
#2632=CIRCLE('',#2631,6.5E-1);
#2637=CIRCLE('',#2636,3.5E-1);
#2654=CIRCLE('',#2653,1.5E-1);
#2659=CIRCLE('',#2658,1.5E-1);
#2711=EDGE_CURVE('',#2660,#2661,#2410,.T.);
#2713=EDGE_CURVE('',#2661,#2660,#2419,.T.);
#2717=EDGE_CURVE('',#2704,#2705,#2424,.T.);
#2719=EDGE_CURVE('',#2705,#2704,#2429,.T.);
#2723=ADVANCED_FACE('',(#2716,#2722),#2710,.T.);
#2773=EDGE_CURVE('',#2661,#2663,#2437,.T.);
#2775=EDGE_CURVE('',#2662,#2663,#2469,.T.);
#2777=EDGE_CURVE('',#2660,#2662,#2433,.T.);
#2781=ADVANCED_FACE('',(#2780),#2771,.F.);
#2832=EDGE_CURVE('',#2663,#2662,#2446,.T.);
#2837=ADVANCED_FACE('',(#2836),#2829,.F.);
#2967=EDGE_CURVE('',#2662,#2664,#2481,.T.);
#2969=EDGE_CURVE('',#2665,#2664,#2537,.T.);
#2971=EDGE_CURVE('',#2663,#2665,#2460,.T.);
#2975=ADVANCED_FACE('',(#2974),#2965,.F.);
#3106=EDGE_CURVE('',#2664,#2665,#2499,.T.);
#3111=ADVANCED_FACE('',(#3110),#3103,.F.);
#3160=EDGE_CURVE('',#2693,#2695,#2486,.T.);
#3162=EDGE_CURVE('',#2664,#2693,#2490,.T.);
#3165=EDGE_CURVE('',#2665,#2697,#2528,.T.);
#3167=EDGE_CURVE('',#2695,#2697,#2504,.T.);
#3171=ADVANCED_FACE('',(#3170),#3159,.F.);
#3184=EDGE_CURVE('',#2692,#2693,#2519,.T.);
#3187=EDGE_CURVE('',#2688,#2695,#2509,.T.);
#3189=EDGE_CURVE('',#2688,#2689,#2514,.T.);
#3191=EDGE_CURVE('',#2689,#2692,#2542,.T.);
#3195=ADVANCED_FACE('',(#3194),#3183,.T.);
#3245=EDGE_CURVE('',#2697,#2692,#2524,.T.);
#3252=ADVANCED_FACE('',(#3251),#3243,.F.);
#3268=EDGE_CURVE('',#2689,#2688,#2547,.T.);
#3273=ADVANCED_FACE('',(#3272),#3264,.T.);
#3286=EDGE_CURVE('',#2685,#2684,#2552,.T.);
#3288=EDGE_CURVE('',#2684,#2688,#2641,.T.);
#3291=EDGE_CURVE('',#2685,#2689,#2556,.T.);
#3295=ADVANCED_FACE('',(#3294),#3285,.T.);
#3308=EDGE_CURVE('',#2681,#2680,#2561,.T.);
#3310=EDGE_CURVE('',#2680,#2684,#2632,.T.);
#3313=EDGE_CURVE('',#2681,#2685,#2566,.T.);
#3317=ADVANCED_FACE('',(#3316),#3307,.T.);
#3330=EDGE_CURVE('',#2677,#2676,#2571,.T.);
#3332=EDGE_CURVE('',#2676,#2680,#2622,.T.);
#3335=EDGE_CURVE('',#2677,#2681,#2575,.T.);
#3339=ADVANCED_FACE('',(#3338),#3329,.T.);
#3352=EDGE_CURVE('',#2673,#2672,#2580,.T.);
#3354=EDGE_CURVE('',#2672,#2676,#2613,.T.);
#3357=EDGE_CURVE('',#2673,#2677,#2585,.T.);
#3361=ADVANCED_FACE('',(#3360),#3351,.T.);
#3374=EDGE_CURVE('',#2669,#2668,#2599,.T.);
#3376=EDGE_CURVE('',#2668,#2672,#2603,.T.);
#3379=EDGE_CURVE('',#2669,#2673,#2589,.T.);
#3383=ADVANCED_FACE('',(#3382),#3373,.T.);
#3396=EDGE_CURVE('',#2668,#2669,#2594,.T.);
#3401=ADVANCED_FACE('',(#3400),#3395,.T.);
#3416=EDGE_CURVE('',#2672,#2673,#2608,.T.);
#3421=ADVANCED_FACE('',(#3420),#3413,.T.);
#3436=EDGE_CURVE('',#2676,#2677,#2618,.T.);
#3441=ADVANCED_FACE('',(#3440),#3433,.T.);
#3456=EDGE_CURVE('',#2680,#2681,#2627,.T.);
#3461=ADVANCED_FACE('',(#3460),#3453,.T.);
#3476=EDGE_CURVE('',#2684,#2685,#2637,.T.);
#3481=ADVANCED_FACE('',(#3480),#3473,.T.);
#3500=ADVANCED_FACE('',(#3499),#3493,.T.);
#3514=EDGE_CURVE('',#2705,#2701,#2649,.T.);
#3516=EDGE_CURVE('',#2700,#2701,#2654,.T.);
#3518=EDGE_CURVE('',#2704,#2700,#2645,.T.);
#3522=ADVANCED_FACE('',(#3521),#3512,.T.);
#3537=EDGE_CURVE('',#2701,#2700,#2659,.T.);
#3542=ADVANCED_FACE('',(#3541),#3534,.T.);
#3559=ADVANCED_FACE('',(#3558),#3554,.F.);
#3569=(LENGTH_UNIT()NAMED_UNIT(*)SI_UNIT(.MILLI.,.METRE.));
#3570=(NAMED_UNIT(*)PLANE_ANGLE_UNIT()SI_UNIT($,.RADIAN.));
#3573=(NAMED_UNIT(*)SI_UNIT($,.STERADIAN.)SOLID_ANGLE_UNIT());
#3575=(GEOMETRIC_REPRESENTATION_CONTEXT(3)GLOBAL_UNCERTAINTY_ASSIGNED_CONTEXT((
#3574))GLOBAL_UNIT_ASSIGNED_CONTEXT((#3569,#3572,#3573))REPRESENTATION_CONTEXT(
'ID3','3'));
#3579=AXIS2_PLACEMENT_3D('',#3576,#3577,#3578);
#3580=ADVANCED_BREP_SHAPE_REPRESENTATION('',(#3579,#3568),#3575);
#3585=PRODUCT_DEFINITION('part definition','',#3584,#3581);
#3586=PRODUCT_DEFINITION_SHAPE('','SHAPE FOR PRT0001.',#3585);
#3587=SHAPE_ASPECT('','solid data associated with PRT0001',#3586,.F.);
#3588=PROPERTY_DEFINITION('',
'shape for solid data with which properties are associated',#3587);
#3589=SHAPE_REPRESENTATION('',(#3568),#3575);
#3590=SHAPE_DEFINITION_REPRESENTATION(#3588,#3589);
#3591=(LENGTH_UNIT()NAMED_UNIT(*)SI_UNIT(.MILLI.,.METRE.));
#3595=PROPERTY_DEFINITION('geometric validation property','area of PRT0001',
#3587);
#3596=REPRESENTATION('surface area',(#3594),#3575);
#3597=PROPERTY_DEFINITION_REPRESENTATION(#3595,#3596);
#3598=(LENGTH_UNIT()NAMED_UNIT(*)SI_UNIT(.MILLI.,.METRE.));
#3602=PROPERTY_DEFINITION('geometric validation property','volume of PRT0001',
#3587);
#3603=REPRESENTATION('volume',(#3601),#3575);
#3604=PROPERTY_DEFINITION_REPRESENTATION(#3602,#3603);
#3606=PROPERTY_DEFINITION('geometric validation property','centroid of PRT0001',
#3587);
#3607=REPRESENTATION('centroid',(#3605),#3575);
#3608=PROPERTY_DEFINITION_REPRESENTATION(#3606,#3607);
#3609=(LENGTH_UNIT()NAMED_UNIT(*)SI_UNIT(.MILLI.,.METRE.));
#3613=PROPERTY_DEFINITION('geometric validation property','area of PRT0001',
#3586);
#3614=REPRESENTATION('surface area',(#3612),#3575);
#3615=PROPERTY_DEFINITION_REPRESENTATION(#3613,#3614);
#3616=(LENGTH_UNIT()NAMED_UNIT(*)SI_UNIT(.MILLI.,.METRE.));
#3620=PROPERTY_DEFINITION('geometric validation property','volume of PRT0001',
#3586);
#3621=REPRESENTATION('volume',(#3619),#3575);
#3622=PROPERTY_DEFINITION_REPRESENTATION(#3620,#3621);
#3624=PROPERTY_DEFINITION('geometric validation property','centroid of PRT0001',
#3586);
#3625=REPRESENTATION('centroid',(#3623),#3575);
#3626=PROPERTY_DEFINITION_REPRESENTATION(#3624,#3625);
#3627=SHAPE_DEFINITION_REPRESENTATION(#3586,#3580);
#3628=NEXT_ASSEMBLY_USAGE_OCCURRENCE('2','Next assembly relationship','PRT0001',
#6732,#3585,$);
#3629=PRODUCT_DEFINITION_SHAPE('Placement #2',
'Placement of PRT0001 with respect to 01250160_ASM',#3628);
#3631=PROPERTY_DEFINITION('geometric validation property','centroid of PRT0001',
#3629);
#3632=REPRESENTATION('centroid',(#3630),#3575);
#3633=PROPERTY_DEFINITION_REPRESENTATION(#3631,#3632);
#3641=COLOUR_RGB('',1.9E-1,2.2E-1,2.2E-1);
#3655=CIRCLE('',#3654,1.575919237253E-1);
#3677=CIRCLE('',#3676,9.331444012514E-2);
#3685=CIRCLE('',#3684,9.331444012514E-2);
#3707=CIRCLE('',#3706,2.173750519347E-1);
#3715=CIRCLE('',#3714,2.173750519347E-1);
#3723=CIRCLE('',#3722,7.036141807475E-2);
#3731=CIRCLE('',#3730,7.036141807475E-2);
#3802=CIRCLE('',#3801,7.036141807475E-2);
#3810=CIRCLE('',#3809,7.036141807475E-2);
#3825=CIRCLE('',#3824,2.173750519347E-1);
#3833=CIRCLE('',#3832,2.173750519347E-1);
#3862=CIRCLE('',#3861,9.331444012514E-2);
#3870=CIRCLE('',#3869,9.331444012514E-2);
#3906=CIRCLE('',#3905,1.575919237253E-1);
#4117=EDGE_CURVE('',#4038,#4039,#3752,.T.);
#4119=EDGE_CURVE('',#4038,#4041,#3646,.T.);
#4121=EDGE_CURVE('',#4043,#4041,#3927,.T.);
#4123=EDGE_CURVE('',#4043,#4045,#3655,.T.);
#4125=EDGE_CURVE('',#4045,#4047,#3662,.T.);
#4127=EDGE_CURVE('',#4049,#4047,#3962,.T.);
#4129=EDGE_CURVE('',#4049,#4051,#3669,.T.);
#4131=EDGE_CURVE('',#4053,#4051,#3976,.T.);
#4133=EDGE_CURVE('',#4053,#4055,#3677,.T.);
#4135=EDGE_CURVE('',#4055,#4057,#3685,.T.);
#4137=EDGE_CURVE('',#4057,#4059,#3692,.T.);
#4139=EDGE_CURVE('',#4061,#4059,#4011,.T.);
#4141=EDGE_CURVE('',#4061,#4063,#3699,.T.);
#4143=EDGE_CURVE('',#4063,#4065,#3707,.T.);
#4145=EDGE_CURVE('',#4065,#4067,#3715,.T.);
#4147=EDGE_CURVE('',#4069,#4067,#4032,.T.);
#4149=EDGE_CURVE('',#4069,#4071,#3723,.T.);
#4151=EDGE_CURVE('',#4071,#4073,#3731,.T.);
#4153=EDGE_CURVE('',#4073,#4039,#3738,.T.);
#4157=ADVANCED_FACE('',(#4156),#4116,.F.);
#4163=EDGE_CURVE('',#4075,#4039,#3759,.T.);
#4165=EDGE_CURVE('',#4077,#4075,#3787,.T.);
#4167=EDGE_CURVE('',#4077,#4038,#3745,.T.);
#4172=ADVANCED_FACE('',(#4171),#4162,.F.);
#4178=EDGE_CURVE('',#4079,#4073,#3766,.T.);
#4180=EDGE_CURVE('',#4075,#4079,#3794,.T.);
#4186=ADVANCED_FACE('',(#4185),#4177,.F.);
#4192=EDGE_CURVE('',#4082,#4083,#3810,.T.);
#4194=EDGE_CURVE('',#4079,#4082,#3802,.T.);
#4199=EDGE_CURVE('',#4069,#4083,#3773,.T.);
#4203=ADVANCED_FACE('',(#4202),#4191,.F.);
#4209=EDGE_CURVE('',#4085,#4077,#3780,.T.);
#4215=EDGE_CURVE('',#4083,#4087,#3817,.T.);
#4217=EDGE_CURVE('',#4087,#4089,#3825,.T.);
#4219=EDGE_CURVE('',#4089,#4091,#3833,.T.);
#4221=EDGE_CURVE('',#4091,#4093,#3840,.T.);
#4223=EDGE_CURVE('',#4093,#4095,#3847,.T.);
#4225=EDGE_CURVE('',#4095,#4097,#3854,.T.);
#4227=EDGE_CURVE('',#4097,#4099,#3862,.T.);
#4229=EDGE_CURVE('',#4099,#4101,#3870,.T.);
#4231=EDGE_CURVE('',#4101,#4103,#3877,.T.);
#4233=EDGE_CURVE('',#4103,#4105,#3884,.T.);
#4235=EDGE_CURVE('',#4105,#4107,#3891,.T.);
#4237=EDGE_CURVE('',#4107,#4109,#3898,.T.);
#4239=EDGE_CURVE('',#4109,#4111,#3906,.T.);
#4241=EDGE_CURVE('',#4111,#4085,#3913,.T.);
#4245=ADVANCED_FACE('',(#4244),#4208,.T.);
#4253=EDGE_CURVE('',#4085,#4041,#3920,.T.);
#4258=ADVANCED_FACE('',(#4257),#4250,.F.);
#4266=EDGE_CURVE('',#4043,#4111,#3934,.T.);
#4271=ADVANCED_FACE('',(#4270),#4263,.F.);
#4279=EDGE_CURVE('',#4109,#4045,#3941,.T.);
#4284=ADVANCED_FACE('',(#4283),#4276,.T.);
#4292=EDGE_CURVE('',#4107,#4047,#3948,.T.);
#4297=ADVANCED_FACE('',(#4296),#4289,.F.);
#4305=EDGE_CURVE('',#4105,#4049,#3955,.T.);
#4310=ADVANCED_FACE('',(#4309),#4302,.F.);
#4318=EDGE_CURVE('',#4103,#4051,#3969,.T.);
#4323=ADVANCED_FACE('',(#4322),#4315,.F.);
#4331=EDGE_CURVE('',#4053,#4101,#3990,.T.);
#4336=ADVANCED_FACE('',(#4335),#4328,.F.);
#4344=EDGE_CURVE('',#4097,#4057,#3983,.T.);
#4351=ADVANCED_FACE('',(#4350),#4341,.F.);
#4359=EDGE_CURVE('',#4095,#4059,#3997,.T.);
#4364=ADVANCED_FACE('',(#4363),#4356,.F.);
#4372=EDGE_CURVE('',#4093,#4061,#4004,.T.);
#4377=ADVANCED_FACE('',(#4376),#4369,.F.);
#4385=EDGE_CURVE('',#4063,#4091,#4025,.T.);
#4390=ADVANCED_FACE('',(#4389),#4382,.F.);
#4398=EDGE_CURVE('',#4087,#4067,#4018,.T.);
#4405=ADVANCED_FACE('',(#4404),#4395,.T.);
#4417=ADVANCED_FACE('',(#4416),#4410,.F.);
#4426=(LENGTH_UNIT()NAMED_UNIT(*)SI_UNIT(.MILLI.,.METRE.));
#4427=(NAMED_UNIT(*)PLANE_ANGLE_UNIT()SI_UNIT($,.RADIAN.));
#4430=(NAMED_UNIT(*)SI_UNIT($,.STERADIAN.)SOLID_ANGLE_UNIT());
#4432=(GEOMETRIC_REPRESENTATION_CONTEXT(3)GLOBAL_UNCERTAINTY_ASSIGNED_CONTEXT((
#4431))GLOBAL_UNIT_ASSIGNED_CONTEXT((#4426,#4429,#4430))REPRESENTATION_CONTEXT(
'ID4','3'));
#4436=AXIS2_PLACEMENT_3D('',#4433,#4434,#4435);
#4437=ADVANCED_BREP_SHAPE_REPRESENTATION('',(#4436,#4419),#4432);
#4441=PRODUCT_DEFINITION('part definition','',#4440,#3581);
#4442=PRODUCT_DEFINITION_SHAPE('','SHAPE FOR LOGO_NX_PRT_180_1_1_1_1_2_1.',
#4441);
#4443=SHAPE_ASPECT('','solid data associated with LOGO_NX_PRT_180_1_1_1_1_2_1',
#4442,.F.);
#4444=PROPERTY_DEFINITION('',
'shape for solid data with which properties are associated',#4443);
#4445=SHAPE_REPRESENTATION('',(#4419),#4432);
#4446=SHAPE_DEFINITION_REPRESENTATION(#4444,#4445);
#4447=(LENGTH_UNIT()NAMED_UNIT(*)SI_UNIT(.MILLI.,.METRE.));
#4451=PROPERTY_DEFINITION('geometric validation property',
'area of LOGO_NX_PRT_180_1_1_1_1_2_1',#4443);
#4452=REPRESENTATION('surface area',(#4450),#4432);
#4453=PROPERTY_DEFINITION_REPRESENTATION(#4451,#4452);
#4454=(LENGTH_UNIT()NAMED_UNIT(*)SI_UNIT(.MILLI.,.METRE.));
#4458=PROPERTY_DEFINITION('geometric validation property',
'volume of LOGO_NX_PRT_180_1_1_1_1_2_1',#4443);
#4459=REPRESENTATION('volume',(#4457),#4432);
#4460=PROPERTY_DEFINITION_REPRESENTATION(#4458,#4459);
#4462=PROPERTY_DEFINITION('geometric validation property',
'centroid of LOGO_NX_PRT_180_1_1_1_1_2_1',#4443);
#4463=REPRESENTATION('centroid',(#4461),#4432);
#4464=PROPERTY_DEFINITION_REPRESENTATION(#4462,#4463);
#4465=(LENGTH_UNIT()NAMED_UNIT(*)SI_UNIT(.MILLI.,.METRE.));
#4469=PROPERTY_DEFINITION('geometric validation property',
'area of LOGO_NX_PRT_180_1_1_1_1_2_1',#4442);
#4470=REPRESENTATION('surface area',(#4468),#4432);
#4471=PROPERTY_DEFINITION_REPRESENTATION(#4469,#4470);
#4472=(LENGTH_UNIT()NAMED_UNIT(*)SI_UNIT(.MILLI.,.METRE.));
#4476=PROPERTY_DEFINITION('geometric validation property',
'volume of LOGO_NX_PRT_180_1_1_1_1_2_1',#4442);
#4477=REPRESENTATION('volume',(#4475),#4432);
#4478=PROPERTY_DEFINITION_REPRESENTATION(#4476,#4477);
#4480=PROPERTY_DEFINITION('geometric validation property',
'centroid of LOGO_NX_PRT_180_1_1_1_1_2_1',#4442);
#4481=REPRESENTATION('centroid',(#4479),#4432);
#4482=PROPERTY_DEFINITION_REPRESENTATION(#4480,#4481);
#4483=SHAPE_DEFINITION_REPRESENTATION(#4442,#4437);
#4484=SHAPE_DEFINITION_REPRESENTATION(#4485,#4486);
#4485=PRODUCT_DEFINITION_SHAPE('','SHAPE FOR LOGO-YMIN_ASM_1_1_ASM_1_ASM.',
#6578);
#4486=SHAPE_REPRESENTATION('',(#4501,#4496,#4770,#4765,#5038,#5033,#5531,#5526,
#5799,#5794,#6068,#6063,#6560,#6555,#6573),#6569);
#4487=NEXT_ASSEMBLY_USAGE_OCCURRENCE('3','Next assembly relationship',
'LOGO_NX_PRT_180',#6578,#4441,$);
#4488=PRODUCT_DEFINITION_SHAPE('Placement #3',
'Placement of LOGO_NX_PRT_180_1_1_1_1_2_1 with respect to LOGO-YMIN_ASM_1_1_ASM_1_ASM',#4487);
#4490=PROPERTY_DEFINITION('geometric validation property',
'centroid of LOGO_NX_PRT_180',#4488);
#4491=REPRESENTATION('centroid',(#4489),#4432);
#4492=PROPERTY_DEFINITION_REPRESENTATION(#4490,#4491);
#4501=AXIS2_PLACEMENT_3D('',#4498,#4499,#4500);
#4610=EDGE_CURVE('',#4591,#4592,#4508,.T.);
#4612=EDGE_CURVE('',#4594,#4591,#4557,.T.);
#4614=EDGE_CURVE('',#4596,#4594,#4529,.T.);
#4616=EDGE_CURVE('',#4592,#4596,#4585,.T.);
#4620=ADVANCED_FACE('',(#4619),#4609,.F.);
#4626=EDGE_CURVE('',#4599,#4600,#4522,.T.);
#4628=EDGE_CURVE('',#4591,#4599,#4564,.T.);
#4631=EDGE_CURVE('',#4600,#4592,#4578,.T.);
#4635=ADVANCED_FACE('',(#4634),#4625,.F.);
#4641=EDGE_CURVE('',#4603,#4604,#4515,.T.);
#4643=EDGE_CURVE('',#4599,#4604,#4543,.T.);
#4646=EDGE_CURVE('',#4603,#4600,#4571,.T.);
#4650=ADVANCED_FACE('',(#4649),#4640,.F.);
#4657=EDGE_CURVE('',#4604,#4594,#4550,.T.);
#4660=EDGE_CURVE('',#4603,#4596,#4536,.T.);
#4664=ADVANCED_FACE('',(#4663),#4655,.F.);
#4676=ADVANCED_FACE('',(#4675),#4669,.T.);
#4688=ADVANCED_FACE('',(#4687),#4681,.F.);
#4697=(LENGTH_UNIT()NAMED_UNIT(*)SI_UNIT(.MILLI.,.METRE.));
#4698=(NAMED_UNIT(*)PLANE_ANGLE_UNIT()SI_UNIT($,.RADIAN.));
#4701=(NAMED_UNIT(*)SI_UNIT($,.STERADIAN.)SOLID_ANGLE_UNIT());
#4703=(GEOMETRIC_REPRESENTATION_CONTEXT(3)GLOBAL_UNCERTAINTY_ASSIGNED_CONTEXT((
#4702))GLOBAL_UNIT_ASSIGNED_CONTEXT((#4697,#4700,#4701))REPRESENTATION_CONTEXT(
'ID5','3'));
#4707=AXIS2_PLACEMENT_3D('',#4704,#4705,#4706);
#4708=ADVANCED_BREP_SHAPE_REPRESENTATION('',(#4707,#4690),#4703);
#4713=PRODUCT_DEFINITION('part definition','',#4712,#4709);
#4714=PRODUCT_DEFINITION_SHAPE('','SHAPE FOR LOGO_NX_PRT_253_1_1_1_1_2_1.',
#4713);
#4715=SHAPE_ASPECT('','solid data associated with LOGO_NX_PRT_253_1_1_1_1_2_1',
#4714,.F.);
#4716=PROPERTY_DEFINITION('',
'shape for solid data with which properties are associated',#4715);
#4717=SHAPE_REPRESENTATION('',(#4690),#4703);
#4718=SHAPE_DEFINITION_REPRESENTATION(#4716,#4717);
#4719=(LENGTH_UNIT()NAMED_UNIT(*)SI_UNIT(.MILLI.,.METRE.));
#4723=PROPERTY_DEFINITION('geometric validation property',
'area of LOGO_NX_PRT_253_1_1_1_1_2_1',#4715);
#4724=REPRESENTATION('surface area',(#4722),#4703);
#4725=PROPERTY_DEFINITION_REPRESENTATION(#4723,#4724);
#4726=(LENGTH_UNIT()NAMED_UNIT(*)SI_UNIT(.MILLI.,.METRE.));
#4730=PROPERTY_DEFINITION('geometric validation property',
'volume of LOGO_NX_PRT_253_1_1_1_1_2_1',#4715);
#4731=REPRESENTATION('volume',(#4729),#4703);
#4732=PROPERTY_DEFINITION_REPRESENTATION(#4730,#4731);
#4734=PROPERTY_DEFINITION('geometric validation property',
'centroid of LOGO_NX_PRT_253_1_1_1_1_2_1',#4715);
#4735=REPRESENTATION('centroid',(#4733),#4703);
#4736=PROPERTY_DEFINITION_REPRESENTATION(#4734,#4735);
#4737=(LENGTH_UNIT()NAMED_UNIT(*)SI_UNIT(.MILLI.,.METRE.));
#4741=PROPERTY_DEFINITION('geometric validation property',
'area of LOGO_NX_PRT_253_1_1_1_1_2_1',#4714);
#4742=REPRESENTATION('surface area',(#4740),#4703);
#4743=PROPERTY_DEFINITION_REPRESENTATION(#4741,#4742);
#4744=(LENGTH_UNIT()NAMED_UNIT(*)SI_UNIT(.MILLI.,.METRE.));
#4748=PROPERTY_DEFINITION('geometric validation property',
'volume of LOGO_NX_PRT_253_1_1_1_1_2_1',#4714);
#4749=REPRESENTATION('volume',(#4747),#4703);
#4750=PROPERTY_DEFINITION_REPRESENTATION(#4748,#4749);
#4752=PROPERTY_DEFINITION('geometric validation property',
'centroid of LOGO_NX_PRT_253_1_1_1_1_2_1',#4714);
#4753=REPRESENTATION('centroid',(#4751),#4703);
#4754=PROPERTY_DEFINITION_REPRESENTATION(#4752,#4753);
#4755=SHAPE_DEFINITION_REPRESENTATION(#4714,#4708);
#4756=NEXT_ASSEMBLY_USAGE_OCCURRENCE('4','Next assembly relationship',
'LOGO_NX_PRT_253',#6578,#4713,$);
#4757=PRODUCT_DEFINITION_SHAPE('Placement #4',
'Placement of LOGO_NX_PRT_253_1_1_1_1_2_1 with respect to LOGO-YMIN_ASM_1_1_ASM_1_ASM',#4756);
#4759=PROPERTY_DEFINITION('geometric validation property',
'centroid of LOGO_NX_PRT_253',#4757);
#4760=REPRESENTATION('centroid',(#4758),#4703);
#4761=PROPERTY_DEFINITION_REPRESENTATION(#4759,#4760);
#4770=AXIS2_PLACEMENT_3D('',#4767,#4768,#4769);
#4879=EDGE_CURVE('',#4860,#4861,#4777,.T.);
#4881=EDGE_CURVE('',#4863,#4860,#4826,.T.);
#4883=EDGE_CURVE('',#4865,#4863,#4798,.T.);
#4885=EDGE_CURVE('',#4861,#4865,#4854,.T.);
#4889=ADVANCED_FACE('',(#4888),#4878,.F.);
#4895=EDGE_CURVE('',#4868,#4869,#4791,.T.);
#4897=EDGE_CURVE('',#4860,#4868,#4833,.T.);
#4900=EDGE_CURVE('',#4869,#4861,#4847,.T.);
#4904=ADVANCED_FACE('',(#4903),#4894,.F.);
#4910=EDGE_CURVE('',#4872,#4873,#4784,.T.);
#4912=EDGE_CURVE('',#4868,#4873,#4812,.T.);
#4915=EDGE_CURVE('',#4872,#4869,#4840,.T.);
#4919=ADVANCED_FACE('',(#4918),#4909,.F.);
#4926=EDGE_CURVE('',#4873,#4863,#4819,.T.);
#4929=EDGE_CURVE('',#4872,#4865,#4805,.T.);
#4933=ADVANCED_FACE('',(#4932),#4924,.F.);
#4945=ADVANCED_FACE('',(#4944),#4938,.T.);
#4957=ADVANCED_FACE('',(#4956),#4950,.F.);
#4966=(LENGTH_UNIT()NAMED_UNIT(*)SI_UNIT(.MILLI.,.METRE.));
#4967=(NAMED_UNIT(*)PLANE_ANGLE_UNIT()SI_UNIT($,.RADIAN.));
#4970=(NAMED_UNIT(*)SI_UNIT($,.STERADIAN.)SOLID_ANGLE_UNIT());
#4972=(GEOMETRIC_REPRESENTATION_CONTEXT(3)GLOBAL_UNCERTAINTY_ASSIGNED_CONTEXT((
#4971))GLOBAL_UNIT_ASSIGNED_CONTEXT((#4966,#4969,#4970))REPRESENTATION_CONTEXT(
'ID6','3'));
#4976=AXIS2_PLACEMENT_3D('',#4973,#4974,#4975);
#4977=ADVANCED_BREP_SHAPE_REPRESENTATION('',(#4976,#4959),#4972);
#4981=PRODUCT_DEFINITION('part definition','',#4980,#4709);
#4982=PRODUCT_DEFINITION_SHAPE('','SHAPE FOR LOGO_NX_PRT_272_1_1_1_1_2_1.',
#4981);
#4983=SHAPE_ASPECT('','solid data associated with LOGO_NX_PRT_272_1_1_1_1_2_1',
#4982,.F.);
#4984=PROPERTY_DEFINITION('',
'shape for solid data with which properties are associated',#4983);
#4985=SHAPE_REPRESENTATION('',(#4959),#4972);
#4986=SHAPE_DEFINITION_REPRESENTATION(#4984,#4985);
#4987=(LENGTH_UNIT()NAMED_UNIT(*)SI_UNIT(.MILLI.,.METRE.));
#4991=PROPERTY_DEFINITION('geometric validation property',
'area of LOGO_NX_PRT_272_1_1_1_1_2_1',#4983);
#4992=REPRESENTATION('surface area',(#4990),#4972);
#4993=PROPERTY_DEFINITION_REPRESENTATION(#4991,#4992);
#4994=(LENGTH_UNIT()NAMED_UNIT(*)SI_UNIT(.MILLI.,.METRE.));
#4998=PROPERTY_DEFINITION('geometric validation property',
'volume of LOGO_NX_PRT_272_1_1_1_1_2_1',#4983);
#4999=REPRESENTATION('volume',(#4997),#4972);
#5000=PROPERTY_DEFINITION_REPRESENTATION(#4998,#4999);
#5002=PROPERTY_DEFINITION('geometric validation property',
'centroid of LOGO_NX_PRT_272_1_1_1_1_2_1',#4983);
#5003=REPRESENTATION('centroid',(#5001),#4972);
#5004=PROPERTY_DEFINITION_REPRESENTATION(#5002,#5003);
#5005=(LENGTH_UNIT()NAMED_UNIT(*)SI_UNIT(.MILLI.,.METRE.));
#5009=PROPERTY_DEFINITION('geometric validation property',
'area of LOGO_NX_PRT_272_1_1_1_1_2_1',#4982);
#5010=REPRESENTATION('surface area',(#5008),#4972);
#5011=PROPERTY_DEFINITION_REPRESENTATION(#5009,#5010);
#5012=(LENGTH_UNIT()NAMED_UNIT(*)SI_UNIT(.MILLI.,.METRE.));
#5016=PROPERTY_DEFINITION('geometric validation property',
'volume of LOGO_NX_PRT_272_1_1_1_1_2_1',#4982);
#5017=REPRESENTATION('volume',(#5015),#4972);
#5018=PROPERTY_DEFINITION_REPRESENTATION(#5016,#5017);
#5020=PROPERTY_DEFINITION('geometric validation property',
'centroid of LOGO_NX_PRT_272_1_1_1_1_2_1',#4982);
#5021=REPRESENTATION('centroid',(#5019),#4972);
#5022=PROPERTY_DEFINITION_REPRESENTATION(#5020,#5021);
#5023=SHAPE_DEFINITION_REPRESENTATION(#4982,#4977);
#5024=NEXT_ASSEMBLY_USAGE_OCCURRENCE('5','Next assembly relationship',
'LOGO_NX_PRT_272',#6578,#4981,$);
#5025=PRODUCT_DEFINITION_SHAPE('Placement #5',
'Placement of LOGO_NX_PRT_272_1_1_1_1_2_1 with respect to LOGO-YMIN_ASM_1_1_ASM_1_ASM',#5024);
#5027=PROPERTY_DEFINITION('geometric validation property',
'centroid of LOGO_NX_PRT_272',#5025);
#5028=REPRESENTATION('centroid',(#5026),#4972);
#5029=PROPERTY_DEFINITION_REPRESENTATION(#5027,#5028);
#5038=AXIS2_PLACEMENT_3D('',#5035,#5036,#5037);
#5053=CIRCLE('',#5052,1.505202862389E-1);
#5061=CIRCLE('',#5060,1.505202862389E-1);
#5083=CIRCLE('',#5082,2.005506191363E-1);
#5091=CIRCLE('',#5090,2.005506191363E-1);
#5141=CIRCLE('',#5140,2.005506191363E-1);
#5149=CIRCLE('',#5148,2.005506191363E-1);
#5178=CIRCLE('',#5177,1.505202862389E-1);
#5186=CIRCLE('',#5185,1.505202862389E-1);
#5291=EDGE_CURVE('',#5248,#5249,#5105,.T.);
#5293=EDGE_CURVE('',#5248,#5251,#5045,.T.);
#5295=EDGE_CURVE('',#5253,#5251,#5207,.T.);
#5297=EDGE_CURVE('',#5253,#5255,#5053,.T.);
#5299=EDGE_CURVE('',#5255,#5257,#5061,.T.);
#5301=EDGE_CURVE('',#5257,#5259,#5068,.T.);
#5303=EDGE_CURVE('',#5261,#5259,#5242,.T.);
#5305=EDGE_CURVE('',#5261,#5263,#5075,.T.);
#5307=EDGE_CURVE('',#5263,#5265,#5083,.T.);
#5309=EDGE_CURVE('',#5265,#5249,#5091,.T.);
#5313=ADVANCED_FACE('',(#5312),#5290,.T.);
#5319=EDGE_CURVE('',#5267,#5249,#5112,.T.);
#5321=EDGE_CURVE('',#5269,#5267,#5133,.T.);
#5323=EDGE_CURVE('',#5269,#5248,#5098,.T.);
#5328=ADVANCED_FACE('',(#5327),#5318,.F.);
#5334=EDGE_CURVE('',#5272,#5273,#5149,.T.);
#5336=EDGE_CURVE('',#5267,#5272,#5141,.T.);
#5341=EDGE_CURVE('',#5263,#5273,#5119,.T.);
#5345=ADVANCED_FACE('',(#5344),#5333,.T.);
#5351=EDGE_CURVE('',#5275,#5269,#5126,.T.);
#5356=EDGE_CURVE('',#5273,#5277,#5156,.T.);
#5358=EDGE_CURVE('',#5277,#5279,#5163,.T.);
#5360=EDGE_CURVE('',#5279,#5281,#5170,.T.);
#5362=EDGE_CURVE('',#5281,#5283,#5178,.T.);
#5364=EDGE_CURVE('',#5283,#5285,#5186,.T.);
#5366=EDGE_CURVE('',#5285,#5275,#5193,.T.);
#5370=ADVANCED_FACE('',(#5369),#5350,.T.);
#5378=EDGE_CURVE('',#5275,#5251,#5200,.T.);
#5383=ADVANCED_FACE('',(#5382),#5375,.F.);
#5391=EDGE_CURVE('',#5253,#5285,#5221,.T.);
#5396=ADVANCED_FACE('',(#5395),#5388,.F.);
#5404=EDGE_CURVE('',#5281,#5257,#5214,.T.);
#5411=ADVANCED_FACE('',(#5410),#5401,.F.);
#5419=EDGE_CURVE('',#5279,#5259,#5228,.T.);
#5424=ADVANCED_FACE('',(#5423),#5416,.F.);
#5432=EDGE_CURVE('',#5277,#5261,#5235,.T.);
#5437=ADVANCED_FACE('',(#5436),#5429,.F.);
#5449=ADVANCED_FACE('',(#5448),#5442,.F.);
#5458=(LENGTH_UNIT()NAMED_UNIT(*)SI_UNIT(.MILLI.,.METRE.));
#5459=(NAMED_UNIT(*)PLANE_ANGLE_UNIT()SI_UNIT($,.RADIAN.));
#5462=(NAMED_UNIT(*)SI_UNIT($,.STERADIAN.)SOLID_ANGLE_UNIT());
#5464=(GEOMETRIC_REPRESENTATION_CONTEXT(3)GLOBAL_UNCERTAINTY_ASSIGNED_CONTEXT((
#5463))GLOBAL_UNIT_ASSIGNED_CONTEXT((#5458,#5461,#5462))REPRESENTATION_CONTEXT(
'ID7','3'));
#5468=AXIS2_PLACEMENT_3D('',#5465,#5466,#5467);
#5469=ADVANCED_BREP_SHAPE_REPRESENTATION('',(#5468,#5451),#5464);
#5474=PRODUCT_DEFINITION('part definition','',#5473,#5470);
#5475=PRODUCT_DEFINITION_SHAPE('','SHAPE FOR LOGO_NX_PRT_291_1_1_1_1_2_1.',
#5474);
#5476=SHAPE_ASPECT('','solid data associated with LOGO_NX_PRT_291_1_1_1_1_2_1',
#5475,.F.);
#5477=PROPERTY_DEFINITION('',
'shape for solid data with which properties are associated',#5476);
#5478=SHAPE_REPRESENTATION('',(#5451),#5464);
#5479=SHAPE_DEFINITION_REPRESENTATION(#5477,#5478);
#5480=(LENGTH_UNIT()NAMED_UNIT(*)SI_UNIT(.MILLI.,.METRE.));
#5484=PROPERTY_DEFINITION('geometric validation property',
'area of LOGO_NX_PRT_291_1_1_1_1_2_1',#5476);
#5485=REPRESENTATION('surface area',(#5483),#5464);
#5486=PROPERTY_DEFINITION_REPRESENTATION(#5484,#5485);
#5487=(LENGTH_UNIT()NAMED_UNIT(*)SI_UNIT(.MILLI.,.METRE.));
#5491=PROPERTY_DEFINITION('geometric validation property',
'volume of LOGO_NX_PRT_291_1_1_1_1_2_1',#5476);
#5492=REPRESENTATION('volume',(#5490),#5464);
#5493=PROPERTY_DEFINITION_REPRESENTATION(#5491,#5492);
#5495=PROPERTY_DEFINITION('geometric validation property',
'centroid of LOGO_NX_PRT_291_1_1_1_1_2_1',#5476);
#5496=REPRESENTATION('centroid',(#5494),#5464);
#5497=PROPERTY_DEFINITION_REPRESENTATION(#5495,#5496);
#5498=(LENGTH_UNIT()NAMED_UNIT(*)SI_UNIT(.MILLI.,.METRE.));
#5502=PROPERTY_DEFINITION('geometric validation property',
'area of LOGO_NX_PRT_291_1_1_1_1_2_1',#5475);
#5503=REPRESENTATION('surface area',(#5501),#5464);
#5504=PROPERTY_DEFINITION_REPRESENTATION(#5502,#5503);
#5505=(LENGTH_UNIT()NAMED_UNIT(*)SI_UNIT(.MILLI.,.METRE.));
#5509=PROPERTY_DEFINITION('geometric validation property',
'volume of LOGO_NX_PRT_291_1_1_1_1_2_1',#5475);
#5510=REPRESENTATION('volume',(#5508),#5464);
#5511=PROPERTY_DEFINITION_REPRESENTATION(#5509,#5510);
#5513=PROPERTY_DEFINITION('geometric validation property',
'centroid of LOGO_NX_PRT_291_1_1_1_1_2_1',#5475);
#5514=REPRESENTATION('centroid',(#5512),#5464);
#5515=PROPERTY_DEFINITION_REPRESENTATION(#5513,#5514);
#5516=SHAPE_DEFINITION_REPRESENTATION(#5475,#5469);
#5517=NEXT_ASSEMBLY_USAGE_OCCURRENCE('6','Next assembly relationship',
'LOGO_NX_PRT_291',#6578,#5474,$);
#5518=PRODUCT_DEFINITION_SHAPE('Placement #6',
'Placement of LOGO_NX_PRT_291_1_1_1_1_2_1 with respect to LOGO-YMIN_ASM_1_1_ASM_1_ASM',#5517);
#5520=PROPERTY_DEFINITION('geometric validation property',
'centroid of LOGO_NX_PRT_291',#5518);
#5521=REPRESENTATION('centroid',(#5519),#5464);
#5522=PROPERTY_DEFINITION_REPRESENTATION(#5520,#5521);
#5531=AXIS2_PLACEMENT_3D('',#5528,#5529,#5530);
#5640=EDGE_CURVE('',#5621,#5622,#5538,.T.);
#5642=EDGE_CURVE('',#5624,#5621,#5587,.T.);
#5644=EDGE_CURVE('',#5626,#5624,#5573,.T.);
#5646=EDGE_CURVE('',#5622,#5626,#5615,.T.);
#5650=ADVANCED_FACE('',(#5649),#5639,.F.);
#5656=EDGE_CURVE('',#5629,#5630,#5559,.T.);
#5658=EDGE_CURVE('',#5621,#5629,#5594,.T.);
#5661=EDGE_CURVE('',#5630,#5622,#5608,.T.);
#5665=ADVANCED_FACE('',(#5664),#5655,.F.);
#5671=EDGE_CURVE('',#5633,#5634,#5545,.T.);
#5673=EDGE_CURVE('',#5634,#5629,#5552,.T.);
#5676=EDGE_CURVE('',#5630,#5633,#5566,.T.);
#5680=ADVANCED_FACE('',(#5679),#5670,.F.);
#5687=EDGE_CURVE('',#5634,#5624,#5580,.T.);
#5690=EDGE_CURVE('',#5626,#5633,#5601,.T.);
#5694=ADVANCED_FACE('',(#5693),#5685,.F.);
#5706=ADVANCED_FACE('',(#5705),#5699,.T.);
#5718=ADVANCED_FACE('',(#5717),#5711,.F.);
#5727=(LENGTH_UNIT()NAMED_UNIT(*)SI_UNIT(.MILLI.,.METRE.));
#5728=(NAMED_UNIT(*)PLANE_ANGLE_UNIT()SI_UNIT($,.RADIAN.));
#5731=(NAMED_UNIT(*)SI_UNIT($,.STERADIAN.)SOLID_ANGLE_UNIT());
#5733=(GEOMETRIC_REPRESENTATION_CONTEXT(3)GLOBAL_UNCERTAINTY_ASSIGNED_CONTEXT((
#5732))GLOBAL_UNIT_ASSIGNED_CONTEXT((#5727,#5730,#5731))REPRESENTATION_CONTEXT(
'ID8','3'));
#5737=AXIS2_PLACEMENT_3D('',#5734,#5735,#5736);
#5738=ADVANCED_BREP_SHAPE_REPRESENTATION('',(#5737,#5720),#5733);
#5742=PRODUCT_DEFINITION('part definition','',#5741,#5470);
#5743=PRODUCT_DEFINITION_SHAPE('','SHAPE FOR LOGO_NX_PRT_330_1_1_1_1_2_1.',
#5742);
#5744=SHAPE_ASPECT('','solid data associated with LOGO_NX_PRT_330_1_1_1_1_2_1',
#5743,.F.);
#5745=PROPERTY_DEFINITION('',
'shape for solid data with which properties are associated',#5744);
#5746=SHAPE_REPRESENTATION('',(#5720),#5733);
#5747=SHAPE_DEFINITION_REPRESENTATION(#5745,#5746);
#5748=(LENGTH_UNIT()NAMED_UNIT(*)SI_UNIT(.MILLI.,.METRE.));
#5752=PROPERTY_DEFINITION('geometric validation property',
'area of LOGO_NX_PRT_330_1_1_1_1_2_1',#5744);
#5753=REPRESENTATION('surface area',(#5751),#5733);
#5754=PROPERTY_DEFINITION_REPRESENTATION(#5752,#5753);
#5755=(LENGTH_UNIT()NAMED_UNIT(*)SI_UNIT(.MILLI.,.METRE.));
#5759=PROPERTY_DEFINITION('geometric validation property',
'volume of LOGO_NX_PRT_330_1_1_1_1_2_1',#5744);
#5760=REPRESENTATION('volume',(#5758),#5733);
#5761=PROPERTY_DEFINITION_REPRESENTATION(#5759,#5760);
#5763=PROPERTY_DEFINITION('geometric validation property',
'centroid of LOGO_NX_PRT_330_1_1_1_1_2_1',#5744);
#5764=REPRESENTATION('centroid',(#5762),#5733);
#5765=PROPERTY_DEFINITION_REPRESENTATION(#5763,#5764);
#5766=(LENGTH_UNIT()NAMED_UNIT(*)SI_UNIT(.MILLI.,.METRE.));
#5770=PROPERTY_DEFINITION('geometric validation property',
'area of LOGO_NX_PRT_330_1_1_1_1_2_1',#5743);
#5771=REPRESENTATION('surface area',(#5769),#5733);
#5772=PROPERTY_DEFINITION_REPRESENTATION(#5770,#5771);
#5773=(LENGTH_UNIT()NAMED_UNIT(*)SI_UNIT(.MILLI.,.METRE.));
#5777=PROPERTY_DEFINITION('geometric validation property',
'volume of LOGO_NX_PRT_330_1_1_1_1_2_1',#5743);
#5778=REPRESENTATION('volume',(#5776),#5733);
#5779=PROPERTY_DEFINITION_REPRESENTATION(#5777,#5778);
#5781=PROPERTY_DEFINITION('geometric validation property',
'centroid of LOGO_NX_PRT_330_1_1_1_1_2_1',#5743);
#5782=REPRESENTATION('centroid',(#5780),#5733);
#5783=PROPERTY_DEFINITION_REPRESENTATION(#5781,#5782);
#5784=SHAPE_DEFINITION_REPRESENTATION(#5743,#5738);
#5785=NEXT_ASSEMBLY_USAGE_OCCURRENCE('7','Next assembly relationship',
'LOGO_NX_PRT_330',#6578,#5742,$);
#5786=PRODUCT_DEFINITION_SHAPE('Placement #7',
'Placement of LOGO_NX_PRT_330_1_1_1_1_2_1 with respect to LOGO-YMIN_ASM_1_1_ASM_1_ASM',#5785);
#5788=PROPERTY_DEFINITION('geometric validation property',
'centroid of LOGO_NX_PRT_330',#5786);
#5789=REPRESENTATION('centroid',(#5787),#5733);
#5790=PROPERTY_DEFINITION_REPRESENTATION(#5788,#5789);
#5799=AXIS2_PLACEMENT_3D('',#5796,#5797,#5798);
#5908=EDGE_CURVE('',#5889,#5890,#5806,.T.);
#5910=EDGE_CURVE('',#5892,#5889,#5855,.T.);
#5912=EDGE_CURVE('',#5894,#5892,#5827,.T.);
#5914=EDGE_CURVE('',#5890,#5894,#5883,.T.);
#5918=ADVANCED_FACE('',(#5917),#5907,.F.);
#5924=EDGE_CURVE('',#5897,#5898,#5820,.T.);
#5926=EDGE_CURVE('',#5889,#5897,#5862,.T.);
#5929=EDGE_CURVE('',#5898,#5890,#5876,.T.);
#5933=ADVANCED_FACE('',(#5932),#5923,.F.);
#5939=EDGE_CURVE('',#5901,#5902,#5813,.T.);
#5941=EDGE_CURVE('',#5897,#5902,#5841,.T.);
#5944=EDGE_CURVE('',#5901,#5898,#5869,.T.);
#5948=ADVANCED_FACE('',(#5947),#5938,.F.);
#5955=EDGE_CURVE('',#5902,#5892,#5848,.T.);
#5958=EDGE_CURVE('',#5901,#5894,#5834,.T.);
#5962=ADVANCED_FACE('',(#5961),#5953,.F.);
#5974=ADVANCED_FACE('',(#5973),#5967,.T.);
#5986=ADVANCED_FACE('',(#5985),#5979,.F.);
#5995=(LENGTH_UNIT()NAMED_UNIT(*)SI_UNIT(.MILLI.,.METRE.));
#5996=(NAMED_UNIT(*)PLANE_ANGLE_UNIT()SI_UNIT($,.RADIAN.));
#5999=(NAMED_UNIT(*)SI_UNIT($,.STERADIAN.)SOLID_ANGLE_UNIT());
#6001=(GEOMETRIC_REPRESENTATION_CONTEXT(3)GLOBAL_UNCERTAINTY_ASSIGNED_CONTEXT((
#6000))GLOBAL_UNIT_ASSIGNED_CONTEXT((#5995,#5998,#5999))REPRESENTATION_CONTEXT(
'ID9','3'));
#6005=AXIS2_PLACEMENT_3D('',#6002,#6003,#6004);
#6006=ADVANCED_BREP_SHAPE_REPRESENTATION('',(#6005,#5988),#6001);
#6011=PRODUCT_DEFINITION('part definition','',#6010,#6007);
#6012=PRODUCT_DEFINITION_SHAPE('','SHAPE FOR LOGO_NX_PRT_349_1_1_1_1_2_1.',
#6011);
#6013=SHAPE_ASPECT('','solid data associated with LOGO_NX_PRT_349_1_1_1_1_2_1',
#6012,.F.);
#6014=PROPERTY_DEFINITION('',
'shape for solid data with which properties are associated',#6013);
#6015=SHAPE_REPRESENTATION('',(#5988),#6001);
#6016=SHAPE_DEFINITION_REPRESENTATION(#6014,#6015);
#6017=(LENGTH_UNIT()NAMED_UNIT(*)SI_UNIT(.MILLI.,.METRE.));
#6021=PROPERTY_DEFINITION('geometric validation property',
'area of LOGO_NX_PRT_349_1_1_1_1_2_1',#6013);
#6022=REPRESENTATION('surface area',(#6020),#6001);
#6023=PROPERTY_DEFINITION_REPRESENTATION(#6021,#6022);
#6024=(LENGTH_UNIT()NAMED_UNIT(*)SI_UNIT(.MILLI.,.METRE.));
#6028=PROPERTY_DEFINITION('geometric validation property',
'volume of LOGO_NX_PRT_349_1_1_1_1_2_1',#6013);
#6029=REPRESENTATION('volume',(#6027),#6001);
#6030=PROPERTY_DEFINITION_REPRESENTATION(#6028,#6029);
#6032=PROPERTY_DEFINITION('geometric validation property',
'centroid of LOGO_NX_PRT_349_1_1_1_1_2_1',#6013);
#6033=REPRESENTATION('centroid',(#6031),#6001);
#6034=PROPERTY_DEFINITION_REPRESENTATION(#6032,#6033);
#6035=(LENGTH_UNIT()NAMED_UNIT(*)SI_UNIT(.MILLI.,.METRE.));
#6039=PROPERTY_DEFINITION('geometric validation property',
'area of LOGO_NX_PRT_349_1_1_1_1_2_1',#6012);
#6040=REPRESENTATION('surface area',(#6038),#6001);
#6041=PROPERTY_DEFINITION_REPRESENTATION(#6039,#6040);
#6042=(LENGTH_UNIT()NAMED_UNIT(*)SI_UNIT(.MILLI.,.METRE.));
#6046=PROPERTY_DEFINITION('geometric validation property',
'volume of LOGO_NX_PRT_349_1_1_1_1_2_1',#6012);
#6047=REPRESENTATION('volume',(#6045),#6001);
#6048=PROPERTY_DEFINITION_REPRESENTATION(#6046,#6047);
#6050=PROPERTY_DEFINITION('geometric validation property',
'centroid of LOGO_NX_PRT_349_1_1_1_1_2_1',#6012);
#6051=REPRESENTATION('centroid',(#6049),#6001);
#6052=PROPERTY_DEFINITION_REPRESENTATION(#6050,#6051);
#6053=SHAPE_DEFINITION_REPRESENTATION(#6012,#6006);
#6054=NEXT_ASSEMBLY_USAGE_OCCURRENCE('8','Next assembly relationship',
'LOGO_NX_PRT_349',#6578,#6011,$);
#6055=PRODUCT_DEFINITION_SHAPE('Placement #8',
'Placement of LOGO_NX_PRT_349_1_1_1_1_2_1 with respect to LOGO-YMIN_ASM_1_1_ASM_1_ASM',#6054);
#6057=PROPERTY_DEFINITION('geometric validation property',
'centroid of LOGO_NX_PRT_349',#6055);
#6058=REPRESENTATION('centroid',(#6056),#6001);
#6059=PROPERTY_DEFINITION_REPRESENTATION(#6057,#6058);
#6068=AXIS2_PLACEMENT_3D('',#6065,#6066,#6067);
#6083=CIRCLE('',#6082,1.284783271309E-1);
#6091=CIRCLE('',#6090,1.284783271309E-1);
#6113=CIRCLE('',#6112,1.904054272200E-1);
#6121=CIRCLE('',#6120,1.904054272200E-1);
#6171=CIRCLE('',#6170,1.904054272200E-1);
#6179=CIRCLE('',#6178,1.904054272200E-1);
#6208=CIRCLE('',#6207,1.284783271309E-1);
#6216=CIRCLE('',#6215,1.284783271309E-1);
#6321=EDGE_CURVE('',#6278,#6279,#6135,.T.);
#6323=EDGE_CURVE('',#6278,#6281,#6075,.T.);
#6325=EDGE_CURVE('',#6283,#6281,#6237,.T.);
#6327=EDGE_CURVE('',#6283,#6285,#6083,.T.);
#6329=EDGE_CURVE('',#6285,#6287,#6091,.T.);
#6331=EDGE_CURVE('',#6287,#6289,#6098,.T.);
#6333=EDGE_CURVE('',#6291,#6289,#6272,.T.);
#6335=EDGE_CURVE('',#6291,#6293,#6105,.T.);
#6337=EDGE_CURVE('',#6293,#6295,#6113,.T.);
#6339=EDGE_CURVE('',#6295,#6279,#6121,.T.);
#6343=ADVANCED_FACE('',(#6342),#6320,.T.);
#6349=EDGE_CURVE('',#6297,#6279,#6142,.T.);
#6351=EDGE_CURVE('',#6299,#6297,#6163,.T.);
#6353=EDGE_CURVE('',#6299,#6278,#6128,.T.);
#6358=ADVANCED_FACE('',(#6357),#6348,.F.);
#6364=EDGE_CURVE('',#6302,#6303,#6179,.T.);
#6366=EDGE_CURVE('',#6297,#6302,#6171,.T.);
#6371=EDGE_CURVE('',#6293,#6303,#6149,.T.);
#6375=ADVANCED_FACE('',(#6374),#6363,.T.);
#6381=EDGE_CURVE('',#6305,#6299,#6156,.T.);
#6386=EDGE_CURVE('',#6303,#6307,#6186,.T.);
#6388=EDGE_CURVE('',#6307,#6309,#6193,.T.);
#6390=EDGE_CURVE('',#6309,#6311,#6200,.T.);
#6392=EDGE_CURVE('',#6311,#6313,#6208,.T.);
#6394=EDGE_CURVE('',#6313,#6315,#6216,.T.);
#6396=EDGE_CURVE('',#6315,#6305,#6223,.T.);
#6400=ADVANCED_FACE('',(#6399),#6380,.T.);
#6408=EDGE_CURVE('',#6305,#6281,#6230,.T.);
#6413=ADVANCED_FACE('',(#6412),#6405,.F.);
#6421=EDGE_CURVE('',#6283,#6315,#6251,.T.);
#6426=ADVANCED_FACE('',(#6425),#6418,.F.);
#6434=EDGE_CURVE('',#6311,#6287,#6244,.T.);
#6441=ADVANCED_FACE('',(#6440),#6431,.F.);
#6449=EDGE_CURVE('',#6309,#6289,#6258,.T.);
#6454=ADVANCED_FACE('',(#6453),#6446,.F.);
#6462=EDGE_CURVE('',#6307,#6291,#6265,.T.);
#6467=ADVANCED_FACE('',(#6466),#6459,.F.);
#6479=ADVANCED_FACE('',(#6478),#6472,.F.);
#6488=(LENGTH_UNIT()NAMED_UNIT(*)SI_UNIT(.MILLI.,.METRE.));
#6489=(NAMED_UNIT(*)PLANE_ANGLE_UNIT()SI_UNIT($,.RADIAN.));
#6492=(NAMED_UNIT(*)SI_UNIT($,.STERADIAN.)SOLID_ANGLE_UNIT());
#6494=(GEOMETRIC_REPRESENTATION_CONTEXT(3)GLOBAL_UNCERTAINTY_ASSIGNED_CONTEXT((
#6493))GLOBAL_UNIT_ASSIGNED_CONTEXT((#6488,#6491,#6492))REPRESENTATION_CONTEXT(
'ID10','3'));
#6498=AXIS2_PLACEMENT_3D('',#6495,#6496,#6497);
#6499=ADVANCED_BREP_SHAPE_REPRESENTATION('',(#6498,#6481),#6494);
#6503=PRODUCT_DEFINITION('part definition','',#6502,#6007);
#6504=PRODUCT_DEFINITION_SHAPE('','SHAPE FOR LOGO_NX_PRT_368_1_1_1_1_2_1.',
#6503);
#6505=SHAPE_ASPECT('','solid data associated with LOGO_NX_PRT_368_1_1_1_1_2_1',
#6504,.F.);
#6506=PROPERTY_DEFINITION('',
'shape for solid data with which properties are associated',#6505);
#6507=SHAPE_REPRESENTATION('',(#6481),#6494);
#6508=SHAPE_DEFINITION_REPRESENTATION(#6506,#6507);
#6509=(LENGTH_UNIT()NAMED_UNIT(*)SI_UNIT(.MILLI.,.METRE.));
#6513=PROPERTY_DEFINITION('geometric validation property',
'area of LOGO_NX_PRT_368_1_1_1_1_2_1',#6505);
#6514=REPRESENTATION('surface area',(#6512),#6494);
#6515=PROPERTY_DEFINITION_REPRESENTATION(#6513,#6514);
#6516=(LENGTH_UNIT()NAMED_UNIT(*)SI_UNIT(.MILLI.,.METRE.));
#6520=PROPERTY_DEFINITION('geometric validation property',
'volume of LOGO_NX_PRT_368_1_1_1_1_2_1',#6505);
#6521=REPRESENTATION('volume',(#6519),#6494);
#6522=PROPERTY_DEFINITION_REPRESENTATION(#6520,#6521);
#6524=PROPERTY_DEFINITION('geometric validation property',
'centroid of LOGO_NX_PRT_368_1_1_1_1_2_1',#6505);
#6525=REPRESENTATION('centroid',(#6523),#6494);
#6526=PROPERTY_DEFINITION_REPRESENTATION(#6524,#6525);
#6527=(LENGTH_UNIT()NAMED_UNIT(*)SI_UNIT(.MILLI.,.METRE.));
#6531=PROPERTY_DEFINITION('geometric validation property',
'area of LOGO_NX_PRT_368_1_1_1_1_2_1',#6504);
#6532=REPRESENTATION('surface area',(#6530),#6494);
#6533=PROPERTY_DEFINITION_REPRESENTATION(#6531,#6532);
#6534=(LENGTH_UNIT()NAMED_UNIT(*)SI_UNIT(.MILLI.,.METRE.));
#6538=PROPERTY_DEFINITION('geometric validation property',
'volume of LOGO_NX_PRT_368_1_1_1_1_2_1',#6504);
#6539=REPRESENTATION('volume',(#6537),#6494);
#6540=PROPERTY_DEFINITION_REPRESENTATION(#6538,#6539);
#6542=PROPERTY_DEFINITION('geometric validation property',
'centroid of LOGO_NX_PRT_368_1_1_1_1_2_1',#6504);
#6543=REPRESENTATION('centroid',(#6541),#6494);
#6544=PROPERTY_DEFINITION_REPRESENTATION(#6542,#6543);
#6545=SHAPE_DEFINITION_REPRESENTATION(#6504,#6499);
#6546=NEXT_ASSEMBLY_USAGE_OCCURRENCE('9','Next assembly relationship',
'LOGO_NX_PRT_368',#6578,#6503,$);
#6547=PRODUCT_DEFINITION_SHAPE('Placement #9',
'Placement of LOGO_NX_PRT_368_1_1_1_1_2_1 with respect to LOGO-YMIN_ASM_1_1_ASM_1_ASM',#6546);
#6549=PROPERTY_DEFINITION('geometric validation property',
'centroid of LOGO_NX_PRT_368',#6547);
#6550=REPRESENTATION('centroid',(#6548),#6494);
#6551=PROPERTY_DEFINITION_REPRESENTATION(#6549,#6550);
#6560=AXIS2_PLACEMENT_3D('',#6557,#6558,#6559);
#6563=(LENGTH_UNIT()NAMED_UNIT(*)SI_UNIT(.MILLI.,.METRE.));
#6564=(NAMED_UNIT(*)PLANE_ANGLE_UNIT()SI_UNIT($,.RADIAN.));
#6567=(NAMED_UNIT(*)SI_UNIT($,.STERADIAN.)SOLID_ANGLE_UNIT());
#6569=(GEOMETRIC_REPRESENTATION_CONTEXT(3)GLOBAL_UNCERTAINTY_ASSIGNED_CONTEXT((
#6568))GLOBAL_UNIT_ASSIGNED_CONTEXT((#6563,#6566,#6567))REPRESENTATION_CONTEXT(
'ID11','3'));
#6573=AXIS2_PLACEMENT_3D('',#6570,#6571,#6572);
#6578=PRODUCT_DEFINITION('part definition','',#6577,#6574);
#6579=(LENGTH_UNIT()NAMED_UNIT(*)SI_UNIT(.MILLI.,.METRE.));
#6583=PROPERTY_DEFINITION('geometric validation property',
'area of LOGO-YMIN_ASM_1_1_ASM_1_ASM',#4485);
#6584=REPRESENTATION('surface area',(#6582),#6569);
#6585=PROPERTY_DEFINITION_REPRESENTATION(#6583,#6584);
#6586=(LENGTH_UNIT()NAMED_UNIT(*)SI_UNIT(.MILLI.,.METRE.));
#6590=PROPERTY_DEFINITION('geometric validation property',
'volume of LOGO-YMIN_ASM_1_1_ASM_1_ASM',#4485);
#6591=REPRESENTATION('volume',(#6589),#6569);
#6592=PROPERTY_DEFINITION_REPRESENTATION(#6590,#6591);
#6594=PROPERTY_DEFINITION('geometric validation property',
'centroid of LOGO-YMIN_ASM_1_1_ASM_1_ASM',#4485);
#6595=REPRESENTATION('centroid',(#6593),#6569);
#6596=PROPERTY_DEFINITION_REPRESENTATION(#6594,#6595);
#6597=SHAPE_DEFINITION_REPRESENTATION(#6598,#6599);
#6598=PRODUCT_DEFINITION_SHAPE('','SHAPE FOR ASM0008_ASM_1_ASM.',#6631);
#6599=SHAPE_REPRESENTATION('',(#6614,#6609,#6627),#6623);
#6600=NEXT_ASSEMBLY_USAGE_OCCURRENCE('10','Next assembly relationship',
'LOGO-YMIN_ASM_1_1',#6631,#6578,$);
#6601=PRODUCT_DEFINITION_SHAPE('Placement #10',
'Placement of LOGO-YMIN_ASM_1_1_ASM_1_ASM with respect to ASM0008_ASM_1_ASM',
#6600);
#6603=PROPERTY_DEFINITION('geometric validation property',
'centroid of LOGO-YMIN_ASM_1_1',#6601);
#6604=REPRESENTATION('centroid',(#6602),#6569);
#6605=PROPERTY_DEFINITION_REPRESENTATION(#6603,#6604);
#6614=AXIS2_PLACEMENT_3D('',#6611,#6612,#6613);
#6617=(LENGTH_UNIT()NAMED_UNIT(*)SI_UNIT(.MILLI.,.METRE.));
#6618=(NAMED_UNIT(*)PLANE_ANGLE_UNIT()SI_UNIT($,.RADIAN.));
#6621=(NAMED_UNIT(*)SI_UNIT($,.STERADIAN.)SOLID_ANGLE_UNIT());
#6623=(GEOMETRIC_REPRESENTATION_CONTEXT(3)GLOBAL_UNCERTAINTY_ASSIGNED_CONTEXT((
#6622))GLOBAL_UNIT_ASSIGNED_CONTEXT((#6617,#6620,#6621))REPRESENTATION_CONTEXT(
'ID12','3'));
#6627=AXIS2_PLACEMENT_3D('',#6624,#6625,#6626);
#6631=PRODUCT_DEFINITION('part definition','',#6630,#6574);
#6632=(LENGTH_UNIT()NAMED_UNIT(*)SI_UNIT(.MILLI.,.METRE.));
#6636=PROPERTY_DEFINITION('geometric validation property',
'area of ASM0008_ASM_1_ASM',#6598);
#6637=REPRESENTATION('surface area',(#6635),#6623);
#6638=PROPERTY_DEFINITION_REPRESENTATION(#6636,#6637);
#6639=(LENGTH_UNIT()NAMED_UNIT(*)SI_UNIT(.MILLI.,.METRE.));
#6643=PROPERTY_DEFINITION('geometric validation property',
'volume of ASM0008_ASM_1_ASM',#6598);
#6644=REPRESENTATION('volume',(#6642),#6623);
#6645=PROPERTY_DEFINITION_REPRESENTATION(#6643,#6644);
#6647=PROPERTY_DEFINITION('geometric validation property',
'centroid of ASM0008_ASM_1_ASM',#6598);
#6648=REPRESENTATION('centroid',(#6646),#6623);
#6649=PROPERTY_DEFINITION_REPRESENTATION(#6647,#6648);
#6650=SHAPE_DEFINITION_REPRESENTATION(#6651,#6652);
#6651=PRODUCT_DEFINITION_SHAPE('','SHAPE FOR ASM0011_ASM.',#6685);
#6652=SHAPE_REPRESENTATION('',(#6667,#6662,#6680),#6676);
#6653=NEXT_ASSEMBLY_USAGE_OCCURRENCE('11','Next assembly relationship',
'ASM0008_ASM_1',#6685,#6631,$);
#6654=PRODUCT_DEFINITION_SHAPE('Placement #11',
'Placement of ASM0008_ASM_1_ASM with respect to ASM0011_ASM',#6653);
#6656=PROPERTY_DEFINITION('geometric validation property',
'centroid of ASM0008_ASM_1',#6654);
#6657=REPRESENTATION('centroid',(#6655),#6623);
#6658=PROPERTY_DEFINITION_REPRESENTATION(#6656,#6657);
#6667=AXIS2_PLACEMENT_3D('',#6664,#6665,#6666);
#6670=(LENGTH_UNIT()NAMED_UNIT(*)SI_UNIT(.MILLI.,.METRE.));
#6671=(NAMED_UNIT(*)PLANE_ANGLE_UNIT()SI_UNIT($,.RADIAN.));
#6674=(NAMED_UNIT(*)SI_UNIT($,.STERADIAN.)SOLID_ANGLE_UNIT());
#6676=(GEOMETRIC_REPRESENTATION_CONTEXT(3)GLOBAL_UNCERTAINTY_ASSIGNED_CONTEXT((
#6675))GLOBAL_UNIT_ASSIGNED_CONTEXT((#6670,#6673,#6674))REPRESENTATION_CONTEXT(
'ID13','3'));
#6680=AXIS2_PLACEMENT_3D('',#6677,#6678,#6679);
#6685=PRODUCT_DEFINITION('part definition','',#6684,#6681);
#6686=(LENGTH_UNIT()NAMED_UNIT(*)SI_UNIT(.MILLI.,.METRE.));
#6690=PROPERTY_DEFINITION('geometric validation property','area of ASM0011_ASM',
#6651);
#6691=REPRESENTATION('surface area',(#6689),#6676);
#6692=PROPERTY_DEFINITION_REPRESENTATION(#6690,#6691);
#6693=(LENGTH_UNIT()NAMED_UNIT(*)SI_UNIT(.MILLI.,.METRE.));
#6697=PROPERTY_DEFINITION('geometric validation property',
'volume of ASM0011_ASM',#6651);
#6698=REPRESENTATION('volume',(#6696),#6676);
#6699=PROPERTY_DEFINITION_REPRESENTATION(#6697,#6698);
#6701=PROPERTY_DEFINITION('geometric validation property',
'centroid of ASM0011_ASM',#6651);
#6702=REPRESENTATION('centroid',(#6700),#6676);
#6703=PROPERTY_DEFINITION_REPRESENTATION(#6701,#6702);
#6704=NEXT_ASSEMBLY_USAGE_OCCURRENCE('12','Next assembly relationship',
'ASM0011',#6732,#6685,$);
#6705=PRODUCT_DEFINITION_SHAPE('Placement #12',
'Placement of ASM0011_ASM with respect to 01250160_ASM',#6704);
#6707=PROPERTY_DEFINITION('geometric validation property','centroid of ASM0011',
#6705);
#6708=REPRESENTATION('centroid',(#6706),#6676);
#6709=PROPERTY_DEFINITION_REPRESENTATION(#6707,#6708);
#6717=(LENGTH_UNIT()NAMED_UNIT(*)SI_UNIT(.MILLI.,.METRE.));
#6718=(NAMED_UNIT(*)PLANE_ANGLE_UNIT()SI_UNIT($,.RADIAN.));
#6721=(NAMED_UNIT(*)SI_UNIT($,.STERADIAN.)SOLID_ANGLE_UNIT());
#6723=(GEOMETRIC_REPRESENTATION_CONTEXT(3)GLOBAL_UNCERTAINTY_ASSIGNED_CONTEXT((
#6722))GLOBAL_UNIT_ASSIGNED_CONTEXT((#6717,#6720,#6721))REPRESENTATION_CONTEXT(
'ID14','3'));
#6727=AXIS2_PLACEMENT_3D('',#6724,#6725,#6726);
#6732=PRODUCT_DEFINITION('part definition','',#6731,#6681);
#6733=(LENGTH_UNIT()NAMED_UNIT(*)SI_UNIT(.MILLI.,.METRE.));
#6737=PROPERTY_DEFINITION('geometric validation property',
'area of 01250160_ASM',#1147);
#6738=REPRESENTATION('surface area',(#6736),#6723);
#6739=PROPERTY_DEFINITION_REPRESENTATION(#6737,#6738);
#6740=(LENGTH_UNIT()NAMED_UNIT(*)SI_UNIT(.MILLI.,.METRE.));
#6744=PROPERTY_DEFINITION('geometric validation property',
'volume of 01250160_ASM',#1147);
#6745=REPRESENTATION('volume',(#6743),#6723);
#6746=PROPERTY_DEFINITION_REPRESENTATION(#6744,#6745);
#6748=PROPERTY_DEFINITION('geometric validation property',
'centroid of 01250160_ASM',#1147);
#6749=REPRESENTATION('centroid',(#6747),#6723);
#6750=PROPERTY_DEFINITION_REPRESENTATION(#6748,#6749);
ENDSEC;
END-ISO-10303-21;
