ISO-10303-21;
HEADER;
FILE_DESCRIPTION((''),'2;1');
FILE_NAME('03750112_ASM','2025-06-23T09:40:53',('Administrator'),(''),
'CREO PARAMETRIC BY PTC INC, 2018100','CREO PARAMETRIC BY PTC INC, 2018100','');
FILE_SCHEMA((
'AP242_MANAGED_MODEL_BASED_3D_ENGINEERING_MIM_LF { 1 0 10303 442 1 1 4 }'));
ENDSEC;
DATA;
#17=CARTESIAN_POINT('',(0.E0,0.E0,0.E0));
#18=DIRECTION('',(0.E0,1.E0,0.E0));
#19=DIRECTION('',(2.006203155818E-11,0.E0,1.E0));
#20=AXIS2_PLACEMENT_3D('',#17,#18,#19);
#22=CARTESIAN_POINT('',(0.E0,0.E0,0.E0));
#23=DIRECTION('',(0.E0,1.E0,0.E0));
#24=DIRECTION('',(-1.E0,0.E0,9.459427642296E-12));
#25=AXIS2_PLACEMENT_3D('',#22,#23,#24);
#27=CARTESIAN_POINT('',(0.E0,0.E0,0.E0));
#28=DIRECTION('',(0.E0,-1.E0,0.E0));
#29=DIRECTION('',(0.E0,0.E0,1.E0));
#30=AXIS2_PLACEMENT_3D('',#27,#28,#29);
#32=CARTESIAN_POINT('',(0.E0,0.E0,0.E0));
#33=DIRECTION('',(0.E0,-1.E0,0.E0));
#34=DIRECTION('',(0.E0,0.E0,-1.E0));
#35=AXIS2_PLACEMENT_3D('',#32,#33,#34);
#37=CARTESIAN_POINT('',(4.748403059640E-11,5.E-1,1.049967466941E1));
#38=DIRECTION('',(1.E0,0.E0,-4.522429306042E-12));
#39=DIRECTION('',(4.519486736851E-12,3.606797749851E-2,9.993493388196E-1));
#40=AXIS2_PLACEMENT_3D('',#37,#38,#39);
#42=CARTESIAN_POINT('',(0.E0,5.180339887499E-1,0.E0));
#43=DIRECTION('',(0.E0,1.E0,0.E0));
#44=DIRECTION('',(4.577293855543E-12,0.E0,1.E0));
#45=AXIS2_PLACEMENT_3D('',#42,#43,#44);
#47=CARTESIAN_POINT('',(0.E0,1.227322003750E0,0.E0));
#48=DIRECTION('',(0.E0,1.E0,0.E0));
#49=DIRECTION('',(-1.090809734206E-11,0.E0,1.E0));
#50=AXIS2_PLACEMENT_3D('',#47,#48,#49);
#52=CARTESIAN_POINT('',(-1.E1,4.819660112501E-1,-8.123571260121E-12));
#53=DIRECTION('',(8.123571260121E-13,0.E0,-1.E0));
#54=DIRECTION('',(-9.993493388196E-1,3.606797749979E-2,-8.118285567656E-13));
#55=AXIS2_PLACEMENT_3D('',#52,#53,#54);
#57=CARTESIAN_POINT('',(0.E0,5.180339887499E-1,0.E0));
#58=DIRECTION('',(0.E0,1.E0,0.E0));
#59=DIRECTION('',(-1.E0,0.E0,-8.124991766362E-13));
#60=AXIS2_PLACEMENT_3D('',#57,#58,#59);
#62=CARTESIAN_POINT('',(4.577496715008E-11,4.819660112501E-1,1.E1));
#63=DIRECTION('',(-1.E0,0.E0,4.577496368063E-12));
#64=DIRECTION('',(4.574517968873E-12,3.606797749979E-2,9.993493388196E-1));
#65=AXIS2_PLACEMENT_3D('',#62,#63,#64);
#67=CARTESIAN_POINT('',(-1.049967466941E1,5.E-1,-1.015280914896E-11));
#68=DIRECTION('',(-9.669660905320E-13,0.E0,1.E0));
#69=DIRECTION('',(-9.993493388196E-1,3.606797749962E-2,-9.663369232341E-13));
#70=AXIS2_PLACEMENT_3D('',#67,#68,#69);
#72=CARTESIAN_POINT('',(0.E0,1.6E0,1.1E1));
#73=DIRECTION('',(-1.E0,0.E0,0.E0));
#74=DIRECTION('',(0.E0,7.453559924999E-1,-6.666666666667E-1));
#75=AXIS2_PLACEMENT_3D('',#72,#73,#74);
#77=CARTESIAN_POINT('',(0.E0,1.227322003750E0,0.E0));
#78=DIRECTION('',(0.E0,-1.E0,0.E0));
#79=DIRECTION('',(0.E0,0.E0,1.E0));
#80=AXIS2_PLACEMENT_3D('',#77,#78,#79);
#82=CARTESIAN_POINT('',(0.E0,1.227322003750E0,0.E0));
#83=DIRECTION('',(0.E0,-1.E0,0.E0));
#84=DIRECTION('',(-1.E0,0.E0,0.E0));
#85=AXIS2_PLACEMENT_3D('',#82,#83,#84);
#87=CARTESIAN_POINT('',(0.E0,1.6E0,-1.1E1));
#88=DIRECTION('',(-1.E0,0.E0,0.E0));
#89=DIRECTION('',(0.E0,-7.453559924999E-1,6.666666666667E-1));
#90=AXIS2_PLACEMENT_3D('',#87,#88,#89);
#92=CARTESIAN_POINT('',(0.E0,1.972677996250E0,0.E0));
#93=DIRECTION('',(0.E0,1.E0,0.E0));
#94=DIRECTION('',(0.E0,0.E0,-1.E0));
#95=AXIS2_PLACEMENT_3D('',#92,#93,#94);
#97=CARTESIAN_POINT('',(0.E0,1.972677996250E0,0.E0));
#98=DIRECTION('',(0.E0,1.E0,0.E0));
#99=DIRECTION('',(-1.E0,0.E0,0.E0));
#100=AXIS2_PLACEMENT_3D('',#97,#98,#99);
#102=CARTESIAN_POINT('',(0.E0,2.718033988750E0,0.E0));
#103=DIRECTION('',(0.E0,1.E0,0.E0));
#104=DIRECTION('',(1.E0,0.E0,0.E0));
#105=AXIS2_PLACEMENT_3D('',#102,#103,#104);
#107=CARTESIAN_POINT('',(0.E0,1.972677996250E0,0.E0));
#108=DIRECTION('',(0.E0,-1.E0,0.E0));
#109=DIRECTION('',(-2.912122366169E-12,0.E0,-1.E0));
#110=AXIS2_PLACEMENT_3D('',#107,#108,#109);
#112=CARTESIAN_POINT('',(-1.090559309525E-10,2.718033988750E0,1.E1));
#113=DIRECTION('',(1.E0,0.E0,1.090559240136E-11));
#114=DIRECTION('',(-1.090559240136E-11,-1.847411112976E-13,1.E0));
#115=AXIS2_PLACEMENT_3D('',#112,#113,#114);
#117=CARTESIAN_POINT('',(0.E0,5.08E1,0.E0));
#118=DIRECTION('',(0.E0,-1.E0,0.E0));
#119=DIRECTION('',(-1.E0,0.E0,0.E0));
#120=AXIS2_PLACEMENT_3D('',#117,#118,#119);
#122=DIRECTION('',(0.E0,1.E0,-8.040528266330E-14));
#123=VECTOR('',#122,4.808196601125E1);
#124=CARTESIAN_POINT('',(1.1E1,2.718033988750E0,4.046897684905E-12));
#125=LINE('',#124,#123);
#126=CARTESIAN_POINT('',(-1.07E1,5.08E1,9.221873265020E-12));
#127=DIRECTION('',(-8.618557256757E-13,0.E0,-1.E0));
#128=DIRECTION('',(-1.E0,0.E0,8.618557256757E-13));
#129=AXIS2_PLACEMENT_3D('',#126,#127,#128);
#131=CARTESIAN_POINT('',(0.E0,5.11E1,0.E0));
#132=DIRECTION('',(0.E0,1.E0,0.E0));
#133=DIRECTION('',(-8.541451632932E-1,0.E0,5.200346527136E-1));
#134=AXIS2_PLACEMENT_3D('',#131,#132,#133);
#136=CARTESIAN_POINT('',(0.E0,5.11E1,0.E0));
#137=DIRECTION('',(0.E0,1.E0,0.E0));
#138=DIRECTION('',(8.521089219187E-1,0.E0,5.233644859813E-1));
#139=AXIS2_PLACEMENT_3D('',#136,#137,#138);
#141=CARTESIAN_POINT('',(1.07E1,5.08E1,-9.221914898383E-12));
#142=DIRECTION('',(8.618609298461E-13,0.E0,1.E0));
#143=DIRECTION('',(1.E0,0.E0,-8.618609298461E-13));
#144=AXIS2_PLACEMENT_3D('',#141,#142,#143);
#146=DIRECTION('',(0.E0,-1.994269917301E-13,1.E0));
#147=VECTOR('',#146,3.562921596500E-2);
#148=CARTESIAN_POINT('',(-9.139353247237E0,5.11E1,5.564370784035E0));
#149=LINE('',#148,#147);
#150=DIRECTION('',(1.E0,3.261198008718E-13,4.076497510897E-14));
#151=VECTOR('',#150,2.178778270625E-2);
#152=CARTESIAN_POINT('',(-9.139353247237E0,5.11E1,5.6E0));
#153=LINE('',#152,#151);
#154=DIRECTION('',(0.E0,1.166269042519E-13,-1.E0));
#155=VECTOR('',#154,6.092442737101E-2);
#156=CARTESIAN_POINT('',(9.154705992041E0,5.11E1,5.6E0));
#157=LINE('',#156,#155);
#158=DIRECTION('',(1.E0,-1.913119665753E-13,-2.391399582191E-14));
#159=VECTOR('',#158,3.714052751010E-2);
#160=CARTESIAN_POINT('',(9.117565464531E0,5.11E1,5.6E0));
#161=LINE('',#160,#159);
#162=DIRECTION('',(0.E0,1.E0,0.E0));
#163=VECTOR('',#162,2.E-2);
#164=CARTESIAN_POINT('',(-9.139353247237E0,5.11E1,5.5E0));
#165=LINE('',#164,#163);
#166=DIRECTION('',(-1.E0,0.E0,0.E0));
#167=VECTOR('',#166,1.829405923928E1);
#168=CARTESIAN_POINT('',(9.154705992041E0,5.11E1,5.5E0));
#169=LINE('',#168,#167);
#170=DIRECTION('',(0.E0,1.103827996524E-13,1.E0));
#171=VECTOR('',#170,6.437078403500E-2);
#172=CARTESIAN_POINT('',(-9.139353247237E0,5.11E1,5.5E0));
#173=LINE('',#172,#171);
#174=CARTESIAN_POINT('',(0.E0,5.11E1,0.E0));
#175=DIRECTION('',(0.E0,-1.E0,0.E0));
#176=DIRECTION('',(-8.541451632932E-1,0.E0,5.200346527136E-1));
#177=AXIS2_PLACEMENT_3D('',#174,#175,#176);
#179=CARTESIAN_POINT('',(0.E0,5.11E1,0.E0));
#180=DIRECTION('',(0.E0,-1.E0,0.E0));
#181=DIRECTION('',(-1.E0,0.E0,0.E0));
#182=AXIS2_PLACEMENT_3D('',#179,#180,#181);
#184=CARTESIAN_POINT('',(0.E0,5.11E1,0.E0));
#185=DIRECTION('',(0.E0,-1.E0,0.E0));
#186=DIRECTION('',(1.E0,0.E0,0.E0));
#187=AXIS2_PLACEMENT_3D('',#184,#185,#186);
#189=DIRECTION('',(0.E0,-1.818380865474E-13,-1.E0));
#190=VECTOR('',#189,3.907557262899E-2);
#191=CARTESIAN_POINT('',(9.154705992041E0,5.11E1,5.539075572629E0));
#192=LINE('',#191,#190);
#193=DIRECTION('',(1.E0,0.E0,0.E0));
#194=VECTOR('',#193,1.823513092906E1);
#195=CARTESIAN_POINT('',(-9.117565464531E0,5.11E1,5.6E0));
#196=LINE('',#195,#194);
#197=CARTESIAN_POINT('',(0.E0,5.11E1,0.E0));
#198=DIRECTION('',(0.E0,-1.E0,0.E0));
#199=DIRECTION('',(8.521089219187E-1,0.E0,5.233644859813E-1));
#200=AXIS2_PLACEMENT_3D('',#197,#198,#199);
#202=DIRECTION('',(0.E0,1.E0,0.E0));
#203=VECTOR('',#202,2.E-2);
#204=CARTESIAN_POINT('',(9.154705992041E0,5.11E1,5.5E0));
#205=LINE('',#204,#203);
#206=DIRECTION('',(0.E0,1.E0,0.E0));
#207=VECTOR('',#206,2.E-2);
#208=CARTESIAN_POINT('',(9.154705992041E0,5.11E1,5.6E0));
#209=LINE('',#208,#207);
#210=DIRECTION('',(0.E0,1.E0,0.E0));
#211=VECTOR('',#210,2.E-2);
#212=CARTESIAN_POINT('',(-9.139353247237E0,5.11E1,5.6E0));
#213=LINE('',#212,#211);
#214=DIRECTION('',(0.E0,0.E0,1.E0));
#215=VECTOR('',#214,1.E-1);
#216=CARTESIAN_POINT('',(-9.139353247237E0,5.112E1,5.5E0));
#217=LINE('',#216,#215);
#218=DIRECTION('',(-1.E0,0.E0,0.E0));
#219=VECTOR('',#218,1.829405923928E1);
#220=CARTESIAN_POINT('',(9.154705992041E0,5.112E1,5.5E0));
#221=LINE('',#220,#219);
#222=DIRECTION('',(0.E0,0.E0,-1.E0));
#223=VECTOR('',#222,1.E-1);
#224=CARTESIAN_POINT('',(9.154705992041E0,5.112E1,5.6E0));
#225=LINE('',#224,#223);
#226=DIRECTION('',(1.E0,0.E0,0.E0));
#227=VECTOR('',#226,1.829405923928E1);
#228=CARTESIAN_POINT('',(-9.139353247237E0,5.112E1,5.6E0));
#229=LINE('',#228,#227);
#230=CARTESIAN_POINT('',(0.E0,5.08E1,0.E0));
#231=DIRECTION('',(0.E0,-1.E0,0.E0));
#232=DIRECTION('',(1.E0,0.E0,0.E0));
#233=AXIS2_PLACEMENT_3D('',#230,#231,#232);
#235=CARTESIAN_POINT('',(0.E0,2.718033988750E0,0.E0));
#236=DIRECTION('',(0.E0,1.E0,0.E0));
#237=DIRECTION('',(0.E0,0.E0,1.E0));
#238=AXIS2_PLACEMENT_3D('',#235,#236,#237);
#240=CARTESIAN_POINT('',(0.E0,2.718033988750E0,0.E0));
#241=DIRECTION('',(0.E0,1.E0,0.E0));
#242=DIRECTION('',(-1.E0,0.E0,0.E0));
#243=AXIS2_PLACEMENT_3D('',#240,#241,#242);
#245=DIRECTION('',(0.E0,1.E0,8.897483164129E-14));
#246=VECTOR('',#245,4.808196601125E1);
#247=CARTESIAN_POINT('',(-1.1E1,2.718033988750E0,-4.461393543571E-12));
#248=LINE('',#247,#246);
#249=CARTESIAN_POINT('',(-1.E1,2.718033988750E0,-1.108223651736E-10));
#250=DIRECTION('',(-1.108223582347E-11,0.E0,1.E0));
#251=DIRECTION('',(-1.E0,-1.829647544582E-13,-1.108223582347E-11));
#252=AXIS2_PLACEMENT_3D('',#249,#250,#251);
#254=DIRECTION('',(0.E0,1.E0,0.E0));
#255=VECTOR('',#254,1.E-1);
#256=CARTESIAN_POINT('',(0.E0,0.E0,8.E0));
#257=LINE('',#256,#255);
#258=DIRECTION('',(0.E0,1.E0,0.E0));
#259=VECTOR('',#258,1.E-1);
#260=CARTESIAN_POINT('',(0.E0,0.E0,-8.E0));
#261=LINE('',#260,#259);
#262=CARTESIAN_POINT('',(0.E0,1.E-1,0.E0));
#263=DIRECTION('',(0.E0,-1.E0,0.E0));
#264=DIRECTION('',(0.E0,0.E0,1.E0));
#265=AXIS2_PLACEMENT_3D('',#262,#263,#264);
#267=CARTESIAN_POINT('',(0.E0,1.E-1,0.E0));
#268=DIRECTION('',(0.E0,-1.E0,0.E0));
#269=DIRECTION('',(0.E0,0.E0,-1.E0));
#270=AXIS2_PLACEMENT_3D('',#267,#268,#269);
#272=CARTESIAN_POINT('',(0.E0,1.E-1,5.25E0));
#273=DIRECTION('',(0.E0,-1.E0,0.E0));
#274=DIRECTION('',(0.E0,0.E0,-1.E0));
#275=AXIS2_PLACEMENT_3D('',#272,#273,#274);
#277=CARTESIAN_POINT('',(0.E0,1.E-1,5.25E0));
#278=DIRECTION('',(0.E0,-1.E0,0.E0));
#279=DIRECTION('',(0.E0,0.E0,1.E0));
#280=AXIS2_PLACEMENT_3D('',#277,#278,#279);
#282=CARTESIAN_POINT('',(0.E0,1.E-1,-5.25E0));
#283=DIRECTION('',(0.E0,-1.E0,0.E0));
#284=DIRECTION('',(-1.E0,0.E0,0.E0));
#285=AXIS2_PLACEMENT_3D('',#282,#283,#284);
#287=CARTESIAN_POINT('',(0.E0,1.E-1,-5.25E0));
#288=DIRECTION('',(0.E0,-1.E0,0.E0));
#289=DIRECTION('',(1.E0,0.E0,0.E0));
#290=AXIS2_PLACEMENT_3D('',#287,#288,#289);
#292=DIRECTION('',(0.E0,-1.E0,0.E0));
#293=VECTOR('',#292,2.E1);
#294=CARTESIAN_POINT('',(0.E0,1.E-1,4.85E0));
#295=LINE('',#294,#293);
#296=DIRECTION('',(0.E0,-1.E0,0.E0));
#297=VECTOR('',#296,2.E1);
#298=CARTESIAN_POINT('',(0.E0,1.E-1,5.65E0));
#299=LINE('',#298,#297);
#300=CARTESIAN_POINT('',(0.E0,-1.99E1,5.25E0));
#301=DIRECTION('',(0.E0,-1.E0,0.E0));
#302=DIRECTION('',(0.E0,0.E0,-1.E0));
#303=AXIS2_PLACEMENT_3D('',#300,#301,#302);
#305=CARTESIAN_POINT('',(0.E0,-1.99E1,5.25E0));
#306=DIRECTION('',(0.E0,-1.E0,0.E0));
#307=DIRECTION('',(0.E0,0.E0,1.E0));
#308=AXIS2_PLACEMENT_3D('',#305,#306,#307);
#310=DIRECTION('',(0.E0,-1.E0,0.E0));
#311=VECTOR('',#310,2.5E1);
#312=CARTESIAN_POINT('',(-4.E-1,1.E-1,-5.25E0));
#313=LINE('',#312,#311);
#314=DIRECTION('',(0.E0,-1.E0,0.E0));
#315=VECTOR('',#314,2.5E1);
#316=CARTESIAN_POINT('',(4.E-1,1.E-1,-5.25E0));
#317=LINE('',#316,#315);
#318=CARTESIAN_POINT('',(0.E0,-2.49E1,-5.25E0));
#319=DIRECTION('',(0.E0,-1.E0,0.E0));
#320=DIRECTION('',(-1.E0,0.E0,0.E0));
#321=AXIS2_PLACEMENT_3D('',#318,#319,#320);
#323=CARTESIAN_POINT('',(0.E0,-2.49E1,-5.25E0));
#324=DIRECTION('',(0.E0,-1.E0,0.E0));
#325=DIRECTION('',(1.E0,0.E0,0.E0));
#326=AXIS2_PLACEMENT_3D('',#323,#324,#325);
#328=CARTESIAN_POINT('',(-1.1E1,5.08E1,0.E0));
#329=CARTESIAN_POINT('',(1.1E1,5.08E1,0.E0));
#330=VERTEX_POINT('',#328);
#331=VERTEX_POINT('',#329);
#332=CARTESIAN_POINT('',(-1.07E1,5.11E1,0.E0));
#333=CARTESIAN_POINT('',(1.07E1,5.11E1,0.E0));
#334=VERTEX_POINT('',#332);
#335=VERTEX_POINT('',#333);
#336=CARTESIAN_POINT('',(1.1E1,2.718033988750E0,4.046897684905E-12));
#337=VERTEX_POINT('',#336);
#338=CARTESIAN_POINT('',(-1.1E1,2.718033988750E0,-4.461393543571E-12));
#339=VERTEX_POINT('',#338);
#340=CARTESIAN_POINT('',(0.E0,1.972677996250E0,1.066666666667E1));
#341=CARTESIAN_POINT('',(0.E0,1.227322003750E0,1.066666666667E1));
#342=VERTEX_POINT('',#340);
#343=VERTEX_POINT('',#341);
#344=CARTESIAN_POINT('',(0.E0,1.227322003750E0,-1.066666666667E1));
#345=CARTESIAN_POINT('',(0.E0,1.972677996250E0,-1.066666666667E1));
#346=VERTEX_POINT('',#344);
#347=VERTEX_POINT('',#345);
#348=CARTESIAN_POINT('',(0.E0,1.E-1,8.E0));
#349=CARTESIAN_POINT('',(0.E0,1.E-1,-8.E0));
#350=VERTEX_POINT('',#348);
#351=VERTEX_POINT('',#349);
#352=CARTESIAN_POINT('',(0.E0,0.E0,8.E0));
#353=CARTESIAN_POINT('',(0.E0,0.E0,-8.E0));
#354=VERTEX_POINT('',#352);
#355=VERTEX_POINT('',#353);
#356=CARTESIAN_POINT('',(0.E0,-1.99E1,4.85E0));
#357=CARTESIAN_POINT('',(0.E0,-1.99E1,5.65E0));
#358=VERTEX_POINT('',#356);
#359=VERTEX_POINT('',#357);
#360=CARTESIAN_POINT('',(0.E0,1.E-1,4.85E0));
#361=CARTESIAN_POINT('',(0.E0,1.E-1,5.65E0));
#362=VERTEX_POINT('',#360);
#363=VERTEX_POINT('',#361);
#364=CARTESIAN_POINT('',(-4.E-1,-2.49E1,-5.25E0));
#365=CARTESIAN_POINT('',(4.E-1,-2.49E1,-5.25E0));
#366=VERTEX_POINT('',#364);
#367=VERTEX_POINT('',#365);
#368=CARTESIAN_POINT('',(-4.E-1,1.E-1,-5.25E0));
#369=CARTESIAN_POINT('',(4.E-1,1.E-1,-5.25E0));
#370=VERTEX_POINT('',#368);
#371=VERTEX_POINT('',#369);
#372=CARTESIAN_POINT('',(9.154705992041E0,5.112E1,5.5E0));
#373=CARTESIAN_POINT('',(-9.139353247237E0,5.112E1,5.5E0));
#374=VERTEX_POINT('',#372);
#375=VERTEX_POINT('',#373);
#376=CARTESIAN_POINT('',(9.154705992041E0,5.112E1,5.6E0));
#377=VERTEX_POINT('',#376);
#378=CARTESIAN_POINT('',(-9.139353247237E0,5.112E1,5.6E0));
#379=VERTEX_POINT('',#378);
#380=CARTESIAN_POINT('',(9.154705992041E0,5.11E1,5.5E0));
#381=CARTESIAN_POINT('',(-9.139353247237E0,5.11E1,5.5E0));
#382=VERTEX_POINT('',#380);
#383=VERTEX_POINT('',#381);
#384=CARTESIAN_POINT('',(9.154705992041E0,5.11E1,5.539075572629E0));
#385=VERTEX_POINT('',#384);
#386=CARTESIAN_POINT('',(-9.117565464531E0,5.11E1,5.6E0));
#387=CARTESIAN_POINT('',(9.117565464531E0,5.11E1,5.6E0));
#388=VERTEX_POINT('',#386);
#389=VERTEX_POINT('',#387);
#390=CARTESIAN_POINT('',(-9.139353247237E0,5.11E1,5.564370784035E0));
#391=VERTEX_POINT('',#390);
#392=CARTESIAN_POINT('',(-9.139353247237E0,5.11E1,5.6E0));
#393=VERTEX_POINT('',#392);
#394=CARTESIAN_POINT('',(-1.066666666667E1,1.972677996250E0,0.E0));
#395=VERTEX_POINT('',#394);
#396=CARTESIAN_POINT('',(0.E0,2.718033988750E0,1.1E1));
#397=VERTEX_POINT('',#396);
#398=CARTESIAN_POINT('',(-1.066666666667E1,1.227322003750E0,0.E0));
#399=VERTEX_POINT('',#398);
#400=CARTESIAN_POINT('',(9.154705992041E0,5.11E1,5.6E0));
#401=VERTEX_POINT('',#400);
#402=CARTESIAN_POINT('',(5.034725414355E-11,5.180339887499E-1,
1.099934933882E1));
#403=CARTESIAN_POINT('',(-1.099934933882E1,5.180339887499E-1,
-8.935392845560E-12));
#404=VERTEX_POINT('',#402);
#405=VERTEX_POINT('',#403);
#406=CARTESIAN_POINT('',(2.106448045683E-10,0.E0,1.049967466941E1));
#407=CARTESIAN_POINT('',(-1.049967466941E1,0.E0,9.931404858270E-11));
#408=VERTEX_POINT('',#406);
#409=VERTEX_POINT('',#407);
#410=CARTESIAN_POINT('',(0.E0,0.E0,0.E0));
#411=DIRECTION('',(0.E0,1.E0,0.E0));
#412=DIRECTION('',(1.E0,0.E0,0.E0));
#413=AXIS2_PLACEMENT_3D('',#410,#411,#412);
#414=PLANE('',#413);
#416=ORIENTED_EDGE('',*,*,#415,.T.);
#418=ORIENTED_EDGE('',*,*,#417,.T.);
#419=EDGE_LOOP('',(#416,#418));
#420=FACE_OUTER_BOUND('',#419,.F.);
#422=ORIENTED_EDGE('',*,*,#421,.T.);
#424=ORIENTED_EDGE('',*,*,#423,.T.);
#425=EDGE_LOOP('',(#422,#424));
#426=FACE_BOUND('',#425,.F.);
#428=FILL_AREA_STYLE_COLOUR('',#15);
#429=FILL_AREA_STYLE('',(#428));
#430=SURFACE_STYLE_FILL_AREA(#429);
#431=SURFACE_SIDE_STYLE('',(#430));
#432=SURFACE_STYLE_USAGE(.POSITIVE.,#431);
#433=PRESENTATION_STYLE_ASSIGNMENT((#432));
#434=STYLED_ITEM('',(#433),#427);
#435=CARTESIAN_POINT('',(0.E0,5.E-1,0.E0));
#436=DIRECTION('',(0.E0,1.E0,0.E0));
#437=DIRECTION('',(-8.835954638299E-3,0.E0,9.999609621908E-1));
#438=AXIS2_PLACEMENT_3D('',#435,#436,#437);
#439=TOROIDAL_SURFACE('',#438,1.049967466941E1,5.E-1);
#441=ORIENTED_EDGE('',*,*,#440,.T.);
#443=ORIENTED_EDGE('',*,*,#442,.T.);
#444=ORIENTED_EDGE('',*,*,#415,.F.);
#446=ORIENTED_EDGE('',*,*,#445,.F.);
#447=EDGE_LOOP('',(#441,#443,#444,#446));
#448=FACE_OUTER_BOUND('',#447,.F.);
#450=FILL_AREA_STYLE_COLOUR('',#15);
#451=FILL_AREA_STYLE('',(#450));
#452=SURFACE_STYLE_FILL_AREA(#451);
#453=SURFACE_SIDE_STYLE('',(#452));
#454=SURFACE_STYLE_USAGE(.POSITIVE.,#453);
#455=PRESENTATION_STYLE_ASSIGNMENT((#454));
#456=STYLED_ITEM('',(#455),#449);
#457=CARTESIAN_POINT('',(0.E0,4.819660112501E-1,0.E0));
#458=DIRECTION('',(0.E0,1.E0,0.E0));
#459=DIRECTION('',(-1.244514390162E-2,0.E0,-9.999225561979E-1));
#460=AXIS2_PLACEMENT_3D('',#457,#458,#459);
#461=TOROIDAL_SURFACE('',#460,1.E1,1.E0);
#462=ORIENTED_EDGE('',*,*,#440,.F.);
#464=ORIENTED_EDGE('',*,*,#463,.T.);
#466=ORIENTED_EDGE('',*,*,#465,.T.);
#468=ORIENTED_EDGE('',*,*,#467,.F.);
#470=ORIENTED_EDGE('',*,*,#469,.F.);
#471=EDGE_LOOP('',(#462,#464,#466,#468,#470));
#472=FACE_OUTER_BOUND('',#471,.F.);
#474=FILL_AREA_STYLE_COLOUR('',#15);
#475=FILL_AREA_STYLE('',(#474));
#476=SURFACE_STYLE_FILL_AREA(#475);
#477=SURFACE_SIDE_STYLE('',(#476));
#478=SURFACE_STYLE_USAGE(.POSITIVE.,#477);
#479=PRESENTATION_STYLE_ASSIGNMENT((#478));
#480=STYLED_ITEM('',(#479),#473);
#481=CARTESIAN_POINT('',(0.E0,4.819660112501E-1,0.E0));
#482=DIRECTION('',(0.E0,1.E0,0.E0));
#483=DIRECTION('',(1.244514390162E-2,0.E0,9.999225561979E-1));
#484=AXIS2_PLACEMENT_3D('',#481,#482,#483);
#485=TOROIDAL_SURFACE('',#484,1.E1,1.E0);
#487=ORIENTED_EDGE('',*,*,#486,.F.);
#488=ORIENTED_EDGE('',*,*,#469,.T.);
#490=ORIENTED_EDGE('',*,*,#489,.F.);
#491=ORIENTED_EDGE('',*,*,#463,.F.);
#492=EDGE_LOOP('',(#487,#488,#490,#491));
#493=FACE_OUTER_BOUND('',#492,.F.);
#495=FILL_AREA_STYLE_COLOUR('',#15);
#496=FILL_AREA_STYLE('',(#495));
#497=SURFACE_STYLE_FILL_AREA(#496);
#498=SURFACE_SIDE_STYLE('',(#497));
#499=SURFACE_STYLE_USAGE(.POSITIVE.,#498);
#500=PRESENTATION_STYLE_ASSIGNMENT((#499));
#501=STYLED_ITEM('',(#500),#494);
#502=CARTESIAN_POINT('',(0.E0,5.E-1,0.E0));
#503=DIRECTION('',(0.E0,1.E0,0.E0));
#504=DIRECTION('',(-9.999609621908E-1,0.E0,-8.835954638476E-3));
#505=AXIS2_PLACEMENT_3D('',#502,#503,#504);
#506=TOROIDAL_SURFACE('',#505,1.049967466941E1,5.E-1);
#507=ORIENTED_EDGE('',*,*,#486,.T.);
#508=ORIENTED_EDGE('',*,*,#445,.T.);
#509=ORIENTED_EDGE('',*,*,#417,.F.);
#510=ORIENTED_EDGE('',*,*,#442,.F.);
#511=EDGE_LOOP('',(#507,#508,#509,#510));
#512=FACE_OUTER_BOUND('',#511,.F.);
#514=FILL_AREA_STYLE_COLOUR('',#15);
#515=FILL_AREA_STYLE('',(#514));
#516=SURFACE_STYLE_FILL_AREA(#515);
#517=SURFACE_SIDE_STYLE('',(#516));
#518=SURFACE_STYLE_USAGE(.POSITIVE.,#517);
#519=PRESENTATION_STYLE_ASSIGNMENT((#518));
#520=STYLED_ITEM('',(#519),#513);
#521=CARTESIAN_POINT('',(0.E0,1.6E0,0.E0));
#522=DIRECTION('',(0.E0,1.E0,0.E0));
#523=DIRECTION('',(0.E0,0.E0,-1.E0));
#524=AXIS2_PLACEMENT_3D('',#521,#522,#523);
#525=TOROIDAL_SURFACE('',#524,1.1E1,5.E-1);
#527=ORIENTED_EDGE('',*,*,#526,.T.);
#528=ORIENTED_EDGE('',*,*,#489,.T.);
#529=ORIENTED_EDGE('',*,*,#467,.T.);
#531=ORIENTED_EDGE('',*,*,#530,.T.);
#533=ORIENTED_EDGE('',*,*,#532,.T.);
#535=ORIENTED_EDGE('',*,*,#534,.T.);
#536=EDGE_LOOP('',(#527,#528,#529,#531,#533,#535));
#537=FACE_OUTER_BOUND('',#536,.F.);
#539=FILL_AREA_STYLE_COLOUR('',#15);
#540=FILL_AREA_STYLE('',(#539));
#541=SURFACE_STYLE_FILL_AREA(#540);
#542=SURFACE_SIDE_STYLE('',(#541));
#543=SURFACE_STYLE_USAGE(.POSITIVE.,#542);
#544=PRESENTATION_STYLE_ASSIGNMENT((#543));
#545=STYLED_ITEM('',(#544),#538);
#546=CARTESIAN_POINT('',(0.E0,1.6E0,0.E0));
#547=DIRECTION('',(0.E0,1.E0,0.E0));
#548=DIRECTION('',(0.E0,0.E0,-1.E0));
#549=AXIS2_PLACEMENT_3D('',#546,#547,#548);
#550=TOROIDAL_SURFACE('',#549,1.1E1,5.E-1);
#551=ORIENTED_EDGE('',*,*,#526,.F.);
#553=ORIENTED_EDGE('',*,*,#552,.F.);
#554=ORIENTED_EDGE('',*,*,#530,.F.);
#555=ORIENTED_EDGE('',*,*,#465,.F.);
#556=EDGE_LOOP('',(#551,#553,#554,#555));
#557=FACE_OUTER_BOUND('',#556,.F.);
#559=FILL_AREA_STYLE_COLOUR('',#15);
#560=FILL_AREA_STYLE('',(#559));
#561=SURFACE_STYLE_FILL_AREA(#560);
#562=SURFACE_SIDE_STYLE('',(#561));
#563=SURFACE_STYLE_USAGE(.POSITIVE.,#562);
#564=PRESENTATION_STYLE_ASSIGNMENT((#563));
#565=STYLED_ITEM('',(#564),#558);
#566=CARTESIAN_POINT('',(0.E0,2.718033988750E0,0.E0));
#567=DIRECTION('',(0.E0,1.E0,0.E0));
#568=DIRECTION('',(9.999615781611E-1,0.E0,8.765968380323E-3));
#569=AXIS2_PLACEMENT_3D('',#566,#567,#568);
#570=TOROIDAL_SURFACE('',#569,1.E1,1.E0);
#572=ORIENTED_EDGE('',*,*,#571,.T.);
#574=ORIENTED_EDGE('',*,*,#573,.T.);
#575=ORIENTED_EDGE('',*,*,#532,.F.);
#576=ORIENTED_EDGE('',*,*,#552,.T.);
#578=ORIENTED_EDGE('',*,*,#577,.F.);
#580=ORIENTED_EDGE('',*,*,#579,.T.);
#581=EDGE_LOOP('',(#572,#574,#575,#576,#578,#580));
#582=FACE_OUTER_BOUND('',#581,.F.);
#584=FILL_AREA_STYLE_COLOUR('',#15);
#585=FILL_AREA_STYLE('',(#584));
#586=SURFACE_STYLE_FILL_AREA(#585);
#587=SURFACE_SIDE_STYLE('',(#586));
#588=SURFACE_STYLE_USAGE(.POSITIVE.,#587);
#589=PRESENTATION_STYLE_ASSIGNMENT((#588));
#590=STYLED_ITEM('',(#589),#583);
#591=CARTESIAN_POINT('',(0.E0,0.E0,0.E0));
#592=DIRECTION('',(0.E0,1.E0,0.E0));
#593=DIRECTION('',(1.E0,0.E0,0.E0));
#594=AXIS2_PLACEMENT_3D('',#591,#592,#593);
#595=CYLINDRICAL_SURFACE('',#594,1.1E1);
#597=ORIENTED_EDGE('',*,*,#596,.F.);
#599=ORIENTED_EDGE('',*,*,#598,.F.);
#600=ORIENTED_EDGE('',*,*,#571,.F.);
#602=ORIENTED_EDGE('',*,*,#601,.T.);
#603=EDGE_LOOP('',(#597,#599,#600,#602));
#604=FACE_OUTER_BOUND('',#603,.F.);
#606=FILL_AREA_STYLE_COLOUR('',#15);
#607=FILL_AREA_STYLE('',(#606));
#608=SURFACE_STYLE_FILL_AREA(#607);
#609=SURFACE_SIDE_STYLE('',(#608));
#610=SURFACE_STYLE_USAGE(.POSITIVE.,#609);
#611=PRESENTATION_STYLE_ASSIGNMENT((#610));
#612=STYLED_ITEM('',(#611),#605);
#613=CARTESIAN_POINT('',(0.E0,5.08E1,0.E0));
#614=DIRECTION('',(0.E0,1.E0,0.E0));
#615=DIRECTION('',(-9.999676712333E-1,0.E0,8.040925832308E-3));
#616=AXIS2_PLACEMENT_3D('',#613,#614,#615);
#617=TOROIDAL_SURFACE('',#616,1.07E1,3.E-1);
#618=ORIENTED_EDGE('',*,*,#596,.T.);
#620=ORIENTED_EDGE('',*,*,#619,.T.);
#622=ORIENTED_EDGE('',*,*,#621,.F.);
#624=ORIENTED_EDGE('',*,*,#623,.F.);
#625=EDGE_LOOP('',(#618,#620,#622,#624));
#626=FACE_OUTER_BOUND('',#625,.F.);
#628=FILL_AREA_STYLE_COLOUR('',#15);
#629=FILL_AREA_STYLE('',(#628));
#630=SURFACE_STYLE_FILL_AREA(#629);
#631=SURFACE_SIDE_STYLE('',(#630));
#632=SURFACE_STYLE_USAGE(.POSITIVE.,#631);
#633=PRESENTATION_STYLE_ASSIGNMENT((#632));
#634=STYLED_ITEM('',(#633),#627);
#635=CARTESIAN_POINT('',(0.E0,5.08E1,0.E0));
#636=DIRECTION('',(0.E0,1.E0,0.E0));
#637=DIRECTION('',(9.999676712333E-1,0.E0,-8.040925832308E-3));
#638=AXIS2_PLACEMENT_3D('',#635,#636,#637);
#639=TOROIDAL_SURFACE('',#638,1.07E1,3.E-1);
#641=ORIENTED_EDGE('',*,*,#640,.T.);
#643=ORIENTED_EDGE('',*,*,#642,.F.);
#645=ORIENTED_EDGE('',*,*,#644,.T.);
#647=ORIENTED_EDGE('',*,*,#646,.F.);
#648=ORIENTED_EDGE('',*,*,#619,.F.);
#650=ORIENTED_EDGE('',*,*,#649,.T.);
#651=ORIENTED_EDGE('',*,*,#623,.T.);
#653=ORIENTED_EDGE('',*,*,#652,.F.);
#654=EDGE_LOOP('',(#641,#643,#645,#647,#648,#650,#651,#653));
#655=FACE_OUTER_BOUND('',#654,.F.);
#657=FILL_AREA_STYLE_COLOUR('',#15);
#658=FILL_AREA_STYLE('',(#657));
#659=SURFACE_STYLE_FILL_AREA(#658);
#660=SURFACE_SIDE_STYLE('',(#659));
#661=SURFACE_STYLE_USAGE(.POSITIVE.,#660);
#662=PRESENTATION_STYLE_ASSIGNMENT((#661));
#663=STYLED_ITEM('',(#662),#656);
#664=CARTESIAN_POINT('',(0.E0,5.11E1,0.E0));
#665=DIRECTION('',(0.E0,1.E0,0.E0));
#666=DIRECTION('',(1.E0,0.E0,0.E0));
#667=AXIS2_PLACEMENT_3D('',#664,#665,#666);
#668=PLANE('',#667);
#669=ORIENTED_EDGE('',*,*,#640,.F.);
#671=ORIENTED_EDGE('',*,*,#670,.T.);
#673=ORIENTED_EDGE('',*,*,#672,.T.);
#674=EDGE_LOOP('',(#669,#671,#673));
#675=FACE_OUTER_BOUND('',#674,.F.);
#677=CARTESIAN_POINT('',(0.E0,5.11E1,0.E0));
#678=DIRECTION('',(0.E0,1.E0,0.E0));
#679=DIRECTION('',(1.E0,0.E0,0.E0));
#680=AXIS2_PLACEMENT_3D('',#677,#678,#679);
#681=PLANE('',#680);
#683=ORIENTED_EDGE('',*,*,#682,.T.);
#684=ORIENTED_EDGE('',*,*,#644,.F.);
#686=ORIENTED_EDGE('',*,*,#685,.T.);
#687=EDGE_LOOP('',(#683,#684,#686));
#688=FACE_OUTER_BOUND('',#687,.F.);
#690=CARTESIAN_POINT('',(-9.139353247237E0,5.11E1,5.5E0));
#691=DIRECTION('',(-1.E0,0.E0,0.E0));
#692=DIRECTION('',(0.E0,0.E0,1.E0));
#693=AXIS2_PLACEMENT_3D('',#690,#691,#692);
#694=PLANE('',#693);
#695=ORIENTED_EDGE('',*,*,#670,.F.);
#697=ORIENTED_EDGE('',*,*,#696,.F.);
#699=ORIENTED_EDGE('',*,*,#698,.T.);
#701=ORIENTED_EDGE('',*,*,#700,.T.);
#703=ORIENTED_EDGE('',*,*,#702,.F.);
#704=EDGE_LOOP('',(#695,#697,#699,#701,#703));
#705=FACE_OUTER_BOUND('',#704,.F.);
#707=CARTESIAN_POINT('',(0.E0,5.11E1,0.E0));
#708=DIRECTION('',(0.E0,1.E0,0.E0));
#709=DIRECTION('',(1.E0,0.E0,0.E0));
#710=AXIS2_PLACEMENT_3D('',#707,#708,#709);
#711=PLANE('',#710);
#713=ORIENTED_EDGE('',*,*,#712,.T.);
#714=ORIENTED_EDGE('',*,*,#696,.T.);
#715=ORIENTED_EDGE('',*,*,#652,.T.);
#716=ORIENTED_EDGE('',*,*,#621,.T.);
#717=ORIENTED_EDGE('',*,*,#646,.T.);
#719=ORIENTED_EDGE('',*,*,#718,.T.);
#720=EDGE_LOOP('',(#713,#714,#715,#716,#717,#719));
#721=FACE_OUTER_BOUND('',#720,.F.);
#723=FILL_AREA_STYLE_COLOUR('',#15);
#724=FILL_AREA_STYLE('',(#723));
#725=SURFACE_STYLE_FILL_AREA(#724);
#726=SURFACE_SIDE_STYLE('',(#725));
#727=SURFACE_STYLE_USAGE(.POSITIVE.,#726);
#728=PRESENTATION_STYLE_ASSIGNMENT((#727));
#729=STYLED_ITEM('',(#728),#722);
#730=CARTESIAN_POINT('',(0.E0,5.11E1,0.E0));
#731=DIRECTION('',(0.E0,1.E0,0.E0));
#732=DIRECTION('',(1.E0,0.E0,0.E0));
#733=AXIS2_PLACEMENT_3D('',#730,#731,#732);
#734=PLANE('',#733);
#736=ORIENTED_EDGE('',*,*,#735,.T.);
#737=ORIENTED_EDGE('',*,*,#642,.T.);
#738=EDGE_LOOP('',(#736,#737));
#739=FACE_OUTER_BOUND('',#738,.F.);
#741=FILL_AREA_STYLE_COLOUR('',#15);
#742=FILL_AREA_STYLE('',(#741));
#743=SURFACE_STYLE_FILL_AREA(#742);
#744=SURFACE_SIDE_STYLE('',(#743));
#745=SURFACE_STYLE_USAGE(.POSITIVE.,#744);
#746=PRESENTATION_STYLE_ASSIGNMENT((#745));
#747=STYLED_ITEM('',(#746),#740);
#748=CARTESIAN_POINT('',(9.154705992041E0,5.11E1,5.5E0));
#749=DIRECTION('',(0.E0,0.E0,-1.E0));
#750=DIRECTION('',(-1.E0,0.E0,0.E0));
#751=AXIS2_PLACEMENT_3D('',#748,#749,#750);
#752=PLANE('',#751);
#753=ORIENTED_EDGE('',*,*,#712,.F.);
#755=ORIENTED_EDGE('',*,*,#754,.T.);
#757=ORIENTED_EDGE('',*,*,#756,.T.);
#758=ORIENTED_EDGE('',*,*,#698,.F.);
#759=EDGE_LOOP('',(#753,#755,#757,#758));
#760=FACE_OUTER_BOUND('',#759,.F.);
#762=CARTESIAN_POINT('',(9.154705992041E0,5.11E1,5.6E0));
#763=DIRECTION('',(1.E0,0.E0,0.E0));
#764=DIRECTION('',(0.E0,0.E0,-1.E0));
#765=AXIS2_PLACEMENT_3D('',#762,#763,#764);
#766=PLANE('',#765);
#767=ORIENTED_EDGE('',*,*,#718,.F.);
#768=ORIENTED_EDGE('',*,*,#682,.F.);
#770=ORIENTED_EDGE('',*,*,#769,.T.);
#772=ORIENTED_EDGE('',*,*,#771,.T.);
#773=ORIENTED_EDGE('',*,*,#754,.F.);
#774=EDGE_LOOP('',(#767,#768,#770,#772,#773));
#775=FACE_OUTER_BOUND('',#774,.F.);
#777=CARTESIAN_POINT('',(-9.139353247237E0,5.11E1,5.6E0));
#778=DIRECTION('',(0.E0,0.E0,1.E0));
#779=DIRECTION('',(1.E0,0.E0,0.E0));
#780=AXIS2_PLACEMENT_3D('',#777,#778,#779);
#781=PLANE('',#780);
#782=ORIENTED_EDGE('',*,*,#735,.F.);
#783=ORIENTED_EDGE('',*,*,#672,.F.);
#784=ORIENTED_EDGE('',*,*,#702,.T.);
#786=ORIENTED_EDGE('',*,*,#785,.T.);
#787=ORIENTED_EDGE('',*,*,#769,.F.);
#788=ORIENTED_EDGE('',*,*,#685,.F.);
#789=EDGE_LOOP('',(#782,#783,#784,#786,#787,#788));
#790=FACE_OUTER_BOUND('',#789,.F.);
#792=CARTESIAN_POINT('',(0.E0,5.112E1,0.E0));
#793=DIRECTION('',(0.E0,1.E0,0.E0));
#794=DIRECTION('',(1.E0,0.E0,0.E0));
#795=AXIS2_PLACEMENT_3D('',#792,#793,#794);
#796=PLANE('',#795);
#797=ORIENTED_EDGE('',*,*,#700,.F.);
#798=ORIENTED_EDGE('',*,*,#756,.F.);
#799=ORIENTED_EDGE('',*,*,#771,.F.);
#800=ORIENTED_EDGE('',*,*,#785,.F.);
#801=EDGE_LOOP('',(#797,#798,#799,#800));
#802=FACE_OUTER_BOUND('',#801,.F.);
#804=FILL_AREA_STYLE_COLOUR('',#4);
#805=FILL_AREA_STYLE('',(#804));
#806=SURFACE_STYLE_FILL_AREA(#805);
#807=SURFACE_SIDE_STYLE('',(#806));
#808=SURFACE_STYLE_USAGE(.POSITIVE.,#807);
#809=PRESENTATION_STYLE_ASSIGNMENT((#808));
#810=STYLED_ITEM('',(#809),#803);
#811=CARTESIAN_POINT('',(0.E0,0.E0,0.E0));
#812=DIRECTION('',(0.E0,1.E0,0.E0));
#813=DIRECTION('',(1.E0,0.E0,0.E0));
#814=AXIS2_PLACEMENT_3D('',#811,#812,#813);
#815=CYLINDRICAL_SURFACE('',#814,1.1E1);
#816=ORIENTED_EDGE('',*,*,#649,.F.);
#817=ORIENTED_EDGE('',*,*,#601,.F.);
#818=ORIENTED_EDGE('',*,*,#579,.F.);
#820=ORIENTED_EDGE('',*,*,#819,.F.);
#821=ORIENTED_EDGE('',*,*,#598,.T.);
#822=EDGE_LOOP('',(#816,#817,#818,#820,#821));
#823=FACE_OUTER_BOUND('',#822,.F.);
#825=FILL_AREA_STYLE_COLOUR('',#15);
#826=FILL_AREA_STYLE('',(#825));
#827=SURFACE_STYLE_FILL_AREA(#826);
#828=SURFACE_SIDE_STYLE('',(#827));
#829=SURFACE_STYLE_USAGE(.POSITIVE.,#828);
#830=PRESENTATION_STYLE_ASSIGNMENT((#829));
#831=STYLED_ITEM('',(#830),#824);
#832=CARTESIAN_POINT('',(0.E0,2.718033988750E0,0.E0));
#833=DIRECTION('',(0.E0,1.E0,0.E0));
#834=DIRECTION('',(-9.999615781611E-1,0.E0,-8.765968380323E-3));
#835=AXIS2_PLACEMENT_3D('',#832,#833,#834);
#836=TOROIDAL_SURFACE('',#835,1.E1,1.E0);
#837=ORIENTED_EDGE('',*,*,#819,.T.);
#838=ORIENTED_EDGE('',*,*,#577,.T.);
#839=ORIENTED_EDGE('',*,*,#534,.F.);
#840=ORIENTED_EDGE('',*,*,#573,.F.);
#841=EDGE_LOOP('',(#837,#838,#839,#840));
#842=FACE_OUTER_BOUND('',#841,.F.);
#844=FILL_AREA_STYLE_COLOUR('',#15);
#845=FILL_AREA_STYLE('',(#844));
#846=SURFACE_STYLE_FILL_AREA(#845);
#847=SURFACE_SIDE_STYLE('',(#846));
#848=SURFACE_STYLE_USAGE(.POSITIVE.,#847);
#849=PRESENTATION_STYLE_ASSIGNMENT((#848));
#850=STYLED_ITEM('',(#849),#843);
#851=CARTESIAN_POINT('',(0.E0,0.E0,0.E0));
#852=DIRECTION('',(0.E0,-1.E0,0.E0));
#853=DIRECTION('',(0.E0,0.E0,1.E0));
#854=AXIS2_PLACEMENT_3D('',#851,#852,#853);
#855=CYLINDRICAL_SURFACE('',#854,8.E0);
#856=ORIENTED_EDGE('',*,*,#421,.F.);
#858=ORIENTED_EDGE('',*,*,#857,.T.);
#860=ORIENTED_EDGE('',*,*,#859,.T.);
#862=ORIENTED_EDGE('',*,*,#861,.F.);
#863=EDGE_LOOP('',(#856,#858,#860,#862));
#864=FACE_OUTER_BOUND('',#863,.F.);
#866=FILL_AREA_STYLE_COLOUR('',#15);
#867=FILL_AREA_STYLE('',(#866));
#868=SURFACE_STYLE_FILL_AREA(#867);
#869=SURFACE_SIDE_STYLE('',(#868));
#870=SURFACE_STYLE_USAGE(.POSITIVE.,#869);
#871=PRESENTATION_STYLE_ASSIGNMENT((#870));
#872=STYLED_ITEM('',(#871),#865);
#873=CARTESIAN_POINT('',(0.E0,0.E0,0.E0));
#874=DIRECTION('',(0.E0,-1.E0,0.E0));
#875=DIRECTION('',(0.E0,0.E0,1.E0));
#876=AXIS2_PLACEMENT_3D('',#873,#874,#875);
#877=CYLINDRICAL_SURFACE('',#876,8.E0);
#878=ORIENTED_EDGE('',*,*,#423,.F.);
#879=ORIENTED_EDGE('',*,*,#861,.T.);
#881=ORIENTED_EDGE('',*,*,#880,.T.);
#882=ORIENTED_EDGE('',*,*,#857,.F.);
#883=EDGE_LOOP('',(#878,#879,#881,#882));
#884=FACE_OUTER_BOUND('',#883,.F.);
#886=FILL_AREA_STYLE_COLOUR('',#15);
#887=FILL_AREA_STYLE('',(#886));
#888=SURFACE_STYLE_FILL_AREA(#887);
#889=SURFACE_SIDE_STYLE('',(#888));
#890=SURFACE_STYLE_USAGE(.POSITIVE.,#889);
#891=PRESENTATION_STYLE_ASSIGNMENT((#890));
#892=STYLED_ITEM('',(#891),#885);
#893=CARTESIAN_POINT('',(0.E0,1.E-1,0.E0));
#894=DIRECTION('',(0.E0,-1.E0,0.E0));
#895=DIRECTION('',(0.E0,0.E0,1.E0));
#896=AXIS2_PLACEMENT_3D('',#893,#894,#895);
#897=PLANE('',#896);
#898=ORIENTED_EDGE('',*,*,#859,.F.);
#899=ORIENTED_EDGE('',*,*,#880,.F.);
#900=EDGE_LOOP('',(#898,#899));
#901=FACE_OUTER_BOUND('',#900,.F.);
#903=ORIENTED_EDGE('',*,*,#902,.T.);
#905=ORIENTED_EDGE('',*,*,#904,.T.);
#906=EDGE_LOOP('',(#903,#905));
#907=FACE_BOUND('',#906,.F.);
#909=ORIENTED_EDGE('',*,*,#908,.T.);
#911=ORIENTED_EDGE('',*,*,#910,.T.);
#912=EDGE_LOOP('',(#909,#911));
#913=FACE_BOUND('',#912,.F.);
#915=FILL_AREA_STYLE_COLOUR('',#4);
#916=FILL_AREA_STYLE('',(#915));
#917=SURFACE_STYLE_FILL_AREA(#916);
#918=SURFACE_SIDE_STYLE('',(#917));
#919=SURFACE_STYLE_USAGE(.POSITIVE.,#918);
#920=PRESENTATION_STYLE_ASSIGNMENT((#919));
#921=STYLED_ITEM('',(#920),#914);
#922=CARTESIAN_POINT('',(0.E0,1.E-1,5.25E0));
#923=DIRECTION('',(0.E0,-1.E0,0.E0));
#924=DIRECTION('',(0.E0,0.E0,-1.E0));
#925=AXIS2_PLACEMENT_3D('',#922,#923,#924);
#926=CYLINDRICAL_SURFACE('',#925,4.E-1);
#927=ORIENTED_EDGE('',*,*,#902,.F.);
#929=ORIENTED_EDGE('',*,*,#928,.T.);
#931=ORIENTED_EDGE('',*,*,#930,.T.);
#933=ORIENTED_EDGE('',*,*,#932,.F.);
#934=EDGE_LOOP('',(#927,#929,#931,#933));
#935=FACE_OUTER_BOUND('',#934,.F.);
#937=FILL_AREA_STYLE_COLOUR('',#10);
#938=FILL_AREA_STYLE('',(#937));
#939=SURFACE_STYLE_FILL_AREA(#938);
#940=SURFACE_SIDE_STYLE('',(#939));
#941=SURFACE_STYLE_USAGE(.POSITIVE.,#940);
#942=PRESENTATION_STYLE_ASSIGNMENT((#941));
#943=STYLED_ITEM('',(#942),#936);
#944=CARTESIAN_POINT('',(0.E0,1.E-1,5.25E0));
#945=DIRECTION('',(0.E0,-1.E0,0.E0));
#946=DIRECTION('',(0.E0,0.E0,-1.E0));
#947=AXIS2_PLACEMENT_3D('',#944,#945,#946);
#948=CYLINDRICAL_SURFACE('',#947,4.E-1);
#949=ORIENTED_EDGE('',*,*,#904,.F.);
#950=ORIENTED_EDGE('',*,*,#932,.T.);
#952=ORIENTED_EDGE('',*,*,#951,.T.);
#953=ORIENTED_EDGE('',*,*,#928,.F.);
#954=EDGE_LOOP('',(#949,#950,#952,#953));
#955=FACE_OUTER_BOUND('',#954,.F.);
#957=FILL_AREA_STYLE_COLOUR('',#10);
#958=FILL_AREA_STYLE('',(#957));
#959=SURFACE_STYLE_FILL_AREA(#958);
#960=SURFACE_SIDE_STYLE('',(#959));
#961=SURFACE_STYLE_USAGE(.POSITIVE.,#960);
#962=PRESENTATION_STYLE_ASSIGNMENT((#961));
#963=STYLED_ITEM('',(#962),#956);
#964=CARTESIAN_POINT('',(0.E0,-1.99E1,0.E0));
#965=DIRECTION('',(0.E0,-1.E0,0.E0));
#966=DIRECTION('',(0.E0,0.E0,-1.E0));
#967=AXIS2_PLACEMENT_3D('',#964,#965,#966);
#968=PLANE('',#967);
#969=ORIENTED_EDGE('',*,*,#930,.F.);
#970=ORIENTED_EDGE('',*,*,#951,.F.);
#971=EDGE_LOOP('',(#969,#970));
#972=FACE_OUTER_BOUND('',#971,.F.);
#974=FILL_AREA_STYLE_COLOUR('',#10);
#975=FILL_AREA_STYLE('',(#974));
#976=SURFACE_STYLE_FILL_AREA(#975);
#977=SURFACE_SIDE_STYLE('',(#976));
#978=SURFACE_STYLE_USAGE(.POSITIVE.,#977);
#979=PRESENTATION_STYLE_ASSIGNMENT((#978));
#980=STYLED_ITEM('',(#979),#973);
#981=CARTESIAN_POINT('',(0.E0,1.E-1,-5.25E0));
#982=DIRECTION('',(0.E0,-1.E0,0.E0));
#983=DIRECTION('',(-1.E0,0.E0,0.E0));
#984=AXIS2_PLACEMENT_3D('',#981,#982,#983);
#985=CYLINDRICAL_SURFACE('',#984,4.E-1);
#986=ORIENTED_EDGE('',*,*,#908,.F.);
#988=ORIENTED_EDGE('',*,*,#987,.T.);
#990=ORIENTED_EDGE('',*,*,#989,.T.);
#992=ORIENTED_EDGE('',*,*,#991,.F.);
#993=EDGE_LOOP('',(#986,#988,#990,#992));
#994=FACE_OUTER_BOUND('',#993,.F.);
#996=FILL_AREA_STYLE_COLOUR('',#10);
#997=FILL_AREA_STYLE('',(#996));
#998=SURFACE_STYLE_FILL_AREA(#997);
#999=SURFACE_SIDE_STYLE('',(#998));
#1000=SURFACE_STYLE_USAGE(.POSITIVE.,#999);
#1001=PRESENTATION_STYLE_ASSIGNMENT((#1000));
#1002=STYLED_ITEM('',(#1001),#995);
#1003=CARTESIAN_POINT('',(0.E0,1.E-1,-5.25E0));
#1004=DIRECTION('',(0.E0,-1.E0,0.E0));
#1005=DIRECTION('',(-1.E0,0.E0,0.E0));
#1006=AXIS2_PLACEMENT_3D('',#1003,#1004,#1005);
#1007=CYLINDRICAL_SURFACE('',#1006,4.E-1);
#1008=ORIENTED_EDGE('',*,*,#910,.F.);
#1009=ORIENTED_EDGE('',*,*,#991,.T.);
#1011=ORIENTED_EDGE('',*,*,#1010,.T.);
#1012=ORIENTED_EDGE('',*,*,#987,.F.);
#1013=EDGE_LOOP('',(#1008,#1009,#1011,#1012));
#1014=FACE_OUTER_BOUND('',#1013,.F.);
#1016=FILL_AREA_STYLE_COLOUR('',#10);
#1017=FILL_AREA_STYLE('',(#1016));
#1018=SURFACE_STYLE_FILL_AREA(#1017);
#1019=SURFACE_SIDE_STYLE('',(#1018));
#1020=SURFACE_STYLE_USAGE(.POSITIVE.,#1019);
#1021=PRESENTATION_STYLE_ASSIGNMENT((#1020));
#1022=STYLED_ITEM('',(#1021),#1015);
#1023=CARTESIAN_POINT('',(0.E0,-2.49E1,0.E0));
#1024=DIRECTION('',(0.E0,-1.E0,0.E0));
#1025=DIRECTION('',(-1.E0,0.E0,0.E0));
#1026=AXIS2_PLACEMENT_3D('',#1023,#1024,#1025);
#1027=PLANE('',#1026);
#1028=ORIENTED_EDGE('',*,*,#989,.F.);
#1029=ORIENTED_EDGE('',*,*,#1010,.F.);
#1030=EDGE_LOOP('',(#1028,#1029));
#1031=FACE_OUTER_BOUND('',#1030,.F.);
#1033=FILL_AREA_STYLE_COLOUR('',#10);
#1034=FILL_AREA_STYLE('',(#1033));
#1035=SURFACE_STYLE_FILL_AREA(#1034);
#1036=SURFACE_SIDE_STYLE('',(#1035));
#1037=SURFACE_STYLE_USAGE(.POSITIVE.,#1036);
#1038=PRESENTATION_STYLE_ASSIGNMENT((#1037));
#1039=STYLED_ITEM('',(#1038),#1032);
#1040=CLOSED_SHELL('',(#427,#449,#473,#494,#513,#538,#558,#583,#605,#627,#656,
#676,#689,#706,#722,#740,#761,#776,#791,#803,#824,#843,#865,#885,#914,#936,#956,
#973,#995,#1015,#1032));
#1041=MANIFOLD_SOLID_BREP('',#1040);
#1044=PLANE_ANGLE_MEASURE_WITH_UNIT(PLANE_ANGLE_MEASURE(1.745329251994E-2),
#1043);
#1045=(CONVERSION_BASED_UNIT('DEGREE',#1044)NAMED_UNIT(*)PLANE_ANGLE_UNIT());
#1047=UNCERTAINTY_MEASURE_WITH_UNIT(LENGTH_MEASURE(8.213708448419E-3),#1042,
'closure',
'Maximum model space distance between geometric entities at asserted connectivities');
#1049=CARTESIAN_POINT('',(0.E0,0.E0,0.E0));
#1050=DIRECTION('',(0.E0,0.E0,1.E0));
#1051=DIRECTION('',(1.E0,0.E0,0.E0));
#1054=APPLICATION_CONTEXT('automotive design');
#1055=APPLICATION_PROTOCOL_DEFINITION('international standard',
'config_control_design',1994,#1054);
#1056=PRODUCT_DEFINITION_CONTEXT('',#1054,'design');
#1057=PRODUCT_CONTEXT('',#1054,'mechanical');
#1058=PRODUCT('2200511000','2200511000','NOT SPECIFIED',(#1057));
#1059=PRODUCT_DEFINITION_FORMATION_WITH_SPECIFIED_SOURCE('94','LAST_VERSION',
#1058,.MADE.);
#1067=DERIVED_UNIT_ELEMENT(#1066,2.E0);
#1068=AREA_UNIT((#1067));
#1069=MEASURE_REPRESENTATION_ITEM('surface area measure',AREA_MEASURE(
4.403301629732E3),#1068);
#1074=DERIVED_UNIT_ELEMENT(#1073,3.E0);
#1075=VOLUME_UNIT((#1074));
#1076=MEASURE_REPRESENTATION_ITEM('volume measure',VOLUME_MEASURE(
1.938921742163E4),#1075);
#1080=CARTESIAN_POINT('centre point',(8.320273042562E-7,2.557749398894E1,
-6.697566285452E-4));
#1085=DERIVED_UNIT_ELEMENT(#1084,2.E0);
#1086=AREA_UNIT((#1085));
#1087=MEASURE_REPRESENTATION_ITEM('surface area measure',AREA_MEASURE(
4.403301629732E3),#1086);
#1092=DERIVED_UNIT_ELEMENT(#1091,3.E0);
#1093=VOLUME_UNIT((#1092));
#1094=MEASURE_REPRESENTATION_ITEM('volume measure',VOLUME_MEASURE(
1.938921742163E4),#1093);
#1098=CARTESIAN_POINT('centre point',(8.320273042562E-7,2.557749398894E1,
-6.697566285452E-4));
#1108=CARTESIAN_POINT('centre point',(1.100000083203E1,5.047749398894E1,
-1.100066975663E1));
#1112=CARTESIAN_POINT('',(1.1E1,2.49E1,-1.1E1));
#1113=DIRECTION('',(0.E0,0.E0,1.E0));
#1114=DIRECTION('',(1.E0,0.E0,0.E0));
#1115=AXIS2_PLACEMENT_3D('',#1112,#1113,#1114);
#1116=ITEM_DEFINED_TRANSFORMATION('','',#1052,#1115);
#1117=(REPRESENTATION_RELATIONSHIP('','',#1053,#1105)REPRESENTATION_RELATIONSHIP_WITH_TRANSFORMATION(#1116)SHAPE_REPRESENTATION_RELATIONSHIP());
#1118=CONTEXT_DEPENDENT_SHAPE_REPRESENTATION(#1117,#1107);
#1121=DIRECTION('',(9.702957262760E-1,-2.419218955996E-1,0.E0));
#1122=VECTOR('',#1121,5.564818875667E-1);
#1123=CARTESIAN_POINT('',(-5.148779280701E0,-3.096936340838E0,1.67376E1));
#1124=LINE('',#1123,#1122);
#1125=DRAUGHTING_PRE_DEFINED_CURVE_FONT('continuous');
#1126=CURVE_STYLE('',#1125,POSITIVE_LENGTH_MEASURE(2.E-2),#1119);
#1127=PRESENTATION_STYLE_ASSIGNMENT((#1126));
#1128=STYLED_ITEM('',(#1127),#1124);
#1129=CARTESIAN_POINT('',(-4.766419207170E0,-2.318024695133E0,1.67376E1));
#1130=DIRECTION('',(0.E0,0.E0,1.E0));
#1131=DIRECTION('',(1.E0,7.106918684451E-11,0.E0));
#1132=AXIS2_PLACEMENT_3D('',#1129,#1130,#1131);
#1134=CURVE_STYLE('',#1125,POSITIVE_LENGTH_MEASURE(2.E-2),#1119);
#1135=PRESENTATION_STYLE_ASSIGNMENT((#1134));
#1136=STYLED_ITEM('',(#1135),#1133);
#1137=DIRECTION('',(-9.694524358107E-1,2.452793809123E-1,0.E0));
#1138=VECTOR('',#1137,2.487099722479E0);
#1139=CARTESIAN_POINT('',(-4.727765157689E0,-2.165246820811E0,1.67376E1));
#1140=LINE('',#1139,#1138);
#1141=CURVE_STYLE('',#1125,POSITIVE_LENGTH_MEASURE(2.E-2),#1119);
#1142=PRESENTATION_STYLE_ASSIGNMENT((#1141));
#1143=STYLED_ITEM('',(#1142),#1140);
#1144=DIRECTION('',(9.702957262759E-1,-2.419218955999E-1,0.E0));
#1145=VECTOR('',#1144,1.103168828856E0);
#1146=CARTESIAN_POINT('',(-7.138890041750E0,-1.943314735774E0,1.67376E1));
#1147=LINE('',#1146,#1145);
#1148=CURVE_STYLE('',#1125,POSITIVE_LENGTH_MEASURE(2.E-2),#1119);
#1149=PRESENTATION_STYLE_ASSIGNMENT((#1148));
#1150=STYLED_ITEM('',(#1149),#1147);
#1151=CARTESIAN_POINT('',(-6.161804481875E0,-2.357056472467E0,1.67376E1));
#1152=DIRECTION('',(0.E0,0.E0,-1.E0));
#1153=DIRECTION('',(1.E0,-7.018664697645E-11,0.E0));
#1154=AXIS2_PLACEMENT_3D('',#1151,#1152,#1153);
#1156=CURVE_STYLE('',#1125,POSITIVE_LENGTH_MEASURE(2.E-2),#1119);
#1157=PRESENTATION_STYLE_ASSIGNMENT((#1156));
#1158=STYLED_ITEM('',(#1157),#1155);
#1159=CARTESIAN_POINT('',(-6.161804481875E0,-2.357056472467E0,1.67376E1));
#1160=DIRECTION('',(0.E0,0.E0,-1.E0));
#1161=DIRECTION('',(0.E0,-1.E0,0.E0));
#1162=AXIS2_PLACEMENT_3D('',#1159,#1160,#1161);
#1164=CURVE_STYLE('',#1125,POSITIVE_LENGTH_MEASURE(2.E-2),#1119);
#1165=PRESENTATION_STYLE_ASSIGNMENT((#1164));
#1166=STYLED_ITEM('',(#1165),#1163);
#1167=DIRECTION('',(-9.702957262759E-1,2.419218956E-1,0.E0));
#1168=VECTOR('',#1167,9.837317920759E-1);
#1169=CARTESIAN_POINT('',(-6.184379288097E0,-2.447599074925E0,1.67376E1));
#1170=LINE('',#1169,#1168);
#1171=CURVE_STYLE('',#1125,POSITIVE_LENGTH_MEASURE(2.E-2),#1119);
#1172=PRESENTATION_STYLE_ASSIGNMENT((#1171));
#1173=STYLED_ITEM('',(#1172),#1170);
#1174=DIRECTION('',(9.702957262759E-1,-2.419218955999E-1,0.E0));
#1175=VECTOR('',#1174,1.271655488747E0);
#1176=CARTESIAN_POINT('',(-7.138890041750E0,-2.600745999350E0,1.67376E1));
#1177=LINE('',#1176,#1175);
#1178=CURVE_STYLE('',#1125,POSITIVE_LENGTH_MEASURE(2.E-2),#1119);
#1179=PRESENTATION_STYLE_ASSIGNMENT((#1178));
#1180=STYLED_ITEM('',(#1179),#1177);
#1181=CARTESIAN_POINT('',(-5.852420371110E0,-2.697469221845E0,1.67376E1));
#1182=DIRECTION('',(0.E0,0.E0,1.E0));
#1183=DIRECTION('',(-2.419218955529E-1,-9.702957262877E-1,0.E0));
#1184=AXIS2_PLACEMENT_3D('',#1181,#1182,#1183);
#1186=CURVE_STYLE('',#1125,POSITIVE_LENGTH_MEASURE(2.E-2),#1119);
#1187=PRESENTATION_STYLE_ASSIGNMENT((#1186));
#1188=STYLED_ITEM('',(#1187),#1185);
#1189=CARTESIAN_POINT('',(-5.852420371110E0,-2.697469221845E0,1.67376E1));
#1190=DIRECTION('',(0.E0,0.E0,1.E0));
#1191=DIRECTION('',(0.E0,-1.E0,0.E0));
#1192=AXIS2_PLACEMENT_3D('',#1189,#1190,#1191);
#1194=CURVE_STYLE('',#1125,POSITIVE_LENGTH_MEASURE(2.E-2),#1119);
#1195=PRESENTATION_STYLE_ASSIGNMENT((#1194));
#1196=STYLED_ITEM('',(#1195),#1193);
#1197=CARTESIAN_POINT('',(-5.564683901101E0,-2.408323845333E0,1.67376E1));
#1198=DIRECTION('',(0.E0,0.E0,-1.E0));
#1199=DIRECTION('',(-1.E0,-1.759847907712E-10,0.E0));
#1200=AXIS2_PLACEMENT_3D('',#1197,#1198,#1199);
#1202=CURVE_STYLE('',#1125,POSITIVE_LENGTH_MEASURE(2.E-2),#1119);
#1203=PRESENTATION_STYLE_ASSIGNMENT((#1202));
#1204=STYLED_ITEM('',(#1203),#1201);
#1205=CARTESIAN_POINT('',(-5.564683901101E0,-2.408323845333E0,1.67376E1));
#1206=DIRECTION('',(0.E0,0.E0,-1.E0));
#1207=DIRECTION('',(-1.170539012890E-10,1.E0,0.E0));
#1208=AXIS2_PLACEMENT_3D('',#1205,#1206,#1207);
#1210=CURVE_STYLE('',#1125,POSITIVE_LENGTH_MEASURE(2.E-2),#1119);
#1211=PRESENTATION_STYLE_ASSIGNMENT((#1210));
#1212=STYLED_ITEM('',(#1211),#1209);
#1213=DIRECTION('',(9.702957262761E-1,-2.419218955993E-1,0.E0));
#1214=VECTOR('',#1213,4.110938984507E-1);
#1215=CARTESIAN_POINT('',(-5.547661933466E0,-2.340052462080E0,1.67376E1));
#1216=LINE('',#1215,#1214);
#1217=CURVE_STYLE('',#1125,POSITIVE_LENGTH_MEASURE(2.E-2),#1119);
#1218=PRESENTATION_STYLE_ASSIGNMENT((#1217));
#1219=STYLED_ITEM('',(#1218),#1216);
#1220=DIRECTION('',(-1.387778780781E-14,8.326672684689E-14,-1.E0));
#1221=VECTOR('',#1220,6.4E-2);
#1222=CARTESIAN_POINT('',(-5.148779280701E0,-3.096936340838E0,1.68016E1));
#1223=LINE('',#1222,#1221);
#1224=CURVE_STYLE('',#1125,POSITIVE_LENGTH_MEASURE(2.E-2),#1119);
#1225=PRESENTATION_STYLE_ASSIGNMENT((#1224));
#1226=STYLED_ITEM('',(#1225),#1223);
#1227=DIRECTION('',(-2.296670993828E-14,1.E0,0.E0));
#1228=VECTOR('',#1227,6.574312635759E-1);
#1229=CARTESIAN_POINT('',(-5.148779280701E0,-3.096936340838E0,1.67376E1));
#1230=LINE('',#1229,#1228);
#1231=CURVE_STYLE('',#1125,POSITIVE_LENGTH_MEASURE(2.E-2),#1119);
#1232=PRESENTATION_STYLE_ASSIGNMENT((#1231));
#1233=STYLED_ITEM('',(#1232),#1230);
#1234=DIRECTION('',(9.714451465470E-14,-6.591949208712E-13,-1.E0));
#1235=VECTOR('',#1234,6.4E-2);
#1236=CARTESIAN_POINT('',(-5.148779280701E0,-2.439505077262E0,1.68016E1));
#1237=LINE('',#1236,#1235);
#1238=CURVE_STYLE('',#1125,POSITIVE_LENGTH_MEASURE(2.E-2),#1119);
#1239=PRESENTATION_STYLE_ASSIGNMENT((#1238));
#1240=STYLED_ITEM('',(#1239),#1237);
#1241=DIRECTION('',(-7.011058400508E-11,1.736805144148E-11,-1.E0));
#1242=VECTOR('',#1241,6.4E-2);
#1243=CARTESIAN_POINT('',(-5.547661933461E0,-2.340052462081E0,1.68016E1));
#1244=LINE('',#1243,#1242);
#1245=CURVE_STYLE('',#1125,POSITIVE_LENGTH_MEASURE(2.E-2),#1119);
#1246=PRESENTATION_STYLE_ASSIGNMENT((#1245));
#1247=STYLED_ITEM('',(#1246),#1244);
#1248=DIRECTION('',(-1.387778780781E-14,3.991251773527E-11,1.E0));
#1249=VECTOR('',#1248,6.4E-2);
#1250=CARTESIAN_POINT('',(-5.635045319176E0,-2.408323845341E0,1.67376E1));
#1251=LINE('',#1250,#1249);
#1252=CURVE_STYLE('',#1125,POSITIVE_LENGTH_MEASURE(2.E-2),#1119);
#1253=PRESENTATION_STYLE_ASSIGNMENT((#1252));
#1254=STYLED_ITEM('',(#1253),#1251);
#1255=DIRECTION('',(-9.702957262760E-1,2.419218955996E-1,0.E0));
#1256=VECTOR('',#1255,5.564818875667E-1);
#1257=CARTESIAN_POINT('',(-4.608827283445E0,-3.231561493945E0,1.68016E1));
#1258=LINE('',#1257,#1256);
#1259=CURVE_STYLE('',#1125,POSITIVE_LENGTH_MEASURE(2.E-2),#1119);
#1260=PRESENTATION_STYLE_ASSIGNMENT((#1259));
#1261=STYLED_ITEM('',(#1260),#1258);
#1262=DIRECTION('',(-3.377457343864E-14,1.E0,0.E0));
#1263=VECTOR('',#1262,6.574312635760E-1);
#1264=CARTESIAN_POINT('',(-5.148779280701E0,-3.096936340838E0,1.68016E1));
#1265=LINE('',#1264,#1263);
#1266=CURVE_STYLE('',#1125,POSITIVE_LENGTH_MEASURE(2.E-2),#1119);
#1267=PRESENTATION_STYLE_ASSIGNMENT((#1266));
#1268=STYLED_ITEM('',(#1267),#1265);
#1269=DIRECTION('',(-9.702957262761E-1,2.419218955992E-1,0.E0));
#1270=VECTOR('',#1269,4.110938984460E-1);
#1271=CARTESIAN_POINT('',(-5.148779280701E0,-2.439505077262E0,1.68016E1));
#1272=LINE('',#1271,#1270);
#1273=CURVE_STYLE('',#1125,POSITIVE_LENGTH_MEASURE(2.E-2),#1119);
#1274=PRESENTATION_STYLE_ASSIGNMENT((#1273));
#1275=STYLED_ITEM('',(#1274),#1272);
#1276=CARTESIAN_POINT('',(-5.564683901101E0,-2.408323845333E0,1.68016E1));
#1277=DIRECTION('',(0.E0,0.E0,1.E0));
#1278=DIRECTION('',(2.419218957274E-1,9.702957262441E-1,0.E0));
#1279=AXIS2_PLACEMENT_3D('',#1276,#1277,#1278);
#1281=CURVE_STYLE('',#1125,POSITIVE_LENGTH_MEASURE(2.E-2),#1119);
#1282=PRESENTATION_STYLE_ASSIGNMENT((#1281));
#1283=STYLED_ITEM('',(#1282),#1280);
#1284=CARTESIAN_POINT('',(-5.564683901101E0,-2.408323845333E0,1.68016E1));
#1285=DIRECTION('',(0.E0,0.E0,1.E0));
#1286=DIRECTION('',(-4.007830654510E-11,1.E0,0.E0));
#1287=AXIS2_PLACEMENT_3D('',#1284,#1285,#1286);
#1289=CURVE_STYLE('',#1125,POSITIVE_LENGTH_MEASURE(2.E-2),#1119);
#1290=PRESENTATION_STYLE_ASSIGNMENT((#1289));
#1291=STYLED_ITEM('',(#1290),#1288);
#1292=DIRECTION('',(7.679341360857E-13,-1.E0,0.E0));
#1293=VECTOR('',#1292,2.891453765252E-1);
#1294=CARTESIAN_POINT('',(-5.635045319176E0,-2.408323845338E0,1.68016E1));
#1295=LINE('',#1294,#1293);
#1296=CURVE_STYLE('',#1125,POSITIVE_LENGTH_MEASURE(2.E-2),#1119);
#1297=PRESENTATION_STYLE_ASSIGNMENT((#1296));
#1298=STYLED_ITEM('',(#1297),#1295);
#1299=CARTESIAN_POINT('',(-5.852420371110E0,-2.697469221845E0,1.68016E1));
#1300=DIRECTION('',(0.E0,0.E0,-1.E0));
#1301=DIRECTION('',(1.E0,-1.325842192300E-10,0.E0));
#1302=AXIS2_PLACEMENT_3D('',#1299,#1300,#1301);
#1304=CURVE_STYLE('',#1125,POSITIVE_LENGTH_MEASURE(2.E-2),#1119);
#1305=PRESENTATION_STYLE_ASSIGNMENT((#1304));
#1306=STYLED_ITEM('',(#1305),#1303);
#1307=CARTESIAN_POINT('',(-5.852420371110E0,-2.697469221845E0,1.68016E1));
#1308=DIRECTION('',(0.E0,0.E0,-1.E0));
#1309=DIRECTION('',(0.E0,-1.E0,0.E0));
#1310=AXIS2_PLACEMENT_3D('',#1307,#1308,#1309);
#1312=CURVE_STYLE('',#1125,POSITIVE_LENGTH_MEASURE(2.E-2),#1119);
#1313=PRESENTATION_STYLE_ASSIGNMENT((#1312));
#1314=STYLED_ITEM('',(#1313),#1311);
#1315=DIRECTION('',(-9.702957262759E-1,2.419218955999E-1,0.E0));
#1316=VECTOR('',#1315,1.271655488767E0);
#1317=CARTESIAN_POINT('',(-5.905008155704E0,-2.908387305742E0,1.68016E1));
#1318=LINE('',#1317,#1316);
#1319=CURVE_STYLE('',#1125,POSITIVE_LENGTH_MEASURE(2.E-2),#1119);
#1320=PRESENTATION_STYLE_ASSIGNMENT((#1319));
#1321=STYLED_ITEM('',(#1320),#1318);
#1322=DIRECTION('',(-4.995721666287E-14,1.E0,0.E0));
#1323=VECTOR('',#1322,3.911331843258E-1);
#1324=CARTESIAN_POINT('',(-7.138890041750E0,-2.600745999350E0,1.68016E1));
#1325=LINE('',#1324,#1323);
#1326=CURVE_STYLE('',#1125,POSITIVE_LENGTH_MEASURE(2.E-2),#1119);
#1327=PRESENTATION_STYLE_ASSIGNMENT((#1326));
#1328=STYLED_ITEM('',(#1327),#1325);
#1329=DIRECTION('',(9.702957262759E-1,-2.419218956E-1,0.E0));
#1330=VECTOR('',#1329,9.837317920813E-1);
#1331=CARTESIAN_POINT('',(-7.138890041750E0,-2.209612815024E0,1.68016E1));
#1332=LINE('',#1331,#1330);
#1333=CURVE_STYLE('',#1125,POSITIVE_LENGTH_MEASURE(2.E-2),#1119);
#1334=PRESENTATION_STYLE_ASSIGNMENT((#1333));
#1335=STYLED_ITEM('',(#1334),#1332);
#1336=CARTESIAN_POINT('',(-6.161804481875E0,-2.357056472467E0,1.68016E1));
#1337=DIRECTION('',(0.E0,0.E0,1.E0));
#1338=DIRECTION('',(-2.419218952159E-1,-9.702957263717E-1,0.E0));
#1339=AXIS2_PLACEMENT_3D('',#1336,#1337,#1338);
#1341=CURVE_STYLE('',#1125,POSITIVE_LENGTH_MEASURE(2.E-2),#1119);
#1342=PRESENTATION_STYLE_ASSIGNMENT((#1341));
#1343=STYLED_ITEM('',(#1342),#1340);
#1344=CARTESIAN_POINT('',(-6.161804481875E0,-2.357056472467E0,1.68016E1));
#1345=DIRECTION('',(0.E0,0.E0,1.E0));
#1346=DIRECTION('',(0.E0,-1.E0,0.E0));
#1347=AXIS2_PLACEMENT_3D('',#1344,#1345,#1346);
#1349=CURVE_STYLE('',#1125,POSITIVE_LENGTH_MEASURE(2.E-2),#1119);
#1350=PRESENTATION_STYLE_ASSIGNMENT((#1349));
#1351=STYLED_ITEM('',(#1350),#1348);
#1352=DIRECTION('',(6.652521630913E-14,1.E0,0.E0));
#1353=VECTOR('',#1352,1.468610424550E-1);
#1354=CARTESIAN_POINT('',(-6.068490041750E0,-2.357056472473E0,1.68016E1));
#1355=LINE('',#1354,#1353);
#1356=CURVE_STYLE('',#1125,POSITIVE_LENGTH_MEASURE(2.E-2),#1119);
#1357=PRESENTATION_STYLE_ASSIGNMENT((#1356));
#1358=STYLED_ITEM('',(#1357),#1355);
#1359=DIRECTION('',(-9.702957262759E-1,2.419218955999E-1,0.E0));
#1360=VECTOR('',#1359,1.103168828856E0);
#1361=CARTESIAN_POINT('',(-6.068490041750E0,-2.210195430018E0,1.68016E1));
#1362=LINE('',#1361,#1360);
#1363=CURVE_STYLE('',#1125,POSITIVE_LENGTH_MEASURE(2.E-2),#1119);
#1364=PRESENTATION_STYLE_ASSIGNMENT((#1363));
#1365=STYLED_ITEM('',(#1364),#1362);
#1366=DIRECTION('',(-1.350224951465E-13,1.E0,0.E0));
#1367=VECTOR('',#1366,3.881021951597E-1);
#1368=CARTESIAN_POINT('',(-7.138890041750E0,-1.943314735774E0,1.68016E1));
#1369=LINE('',#1368,#1367);
#1370=CURVE_STYLE('',#1125,POSITIVE_LENGTH_MEASURE(2.E-2),#1119);
#1371=PRESENTATION_STYLE_ASSIGNMENT((#1370));
#1372=STYLED_ITEM('',(#1371),#1369);
#1373=DIRECTION('',(9.694524358107E-1,-2.452793809123E-1,0.E0));
#1374=VECTOR('',#1373,2.487099722467E0);
#1375=CARTESIAN_POINT('',(-7.138890041750E0,-1.555212540614E0,1.68016E1));
#1376=LINE('',#1375,#1374);
#1377=CURVE_STYLE('',#1125,POSITIVE_LENGTH_MEASURE(2.E-2),#1119);
#1378=PRESENTATION_STYLE_ASSIGNMENT((#1377));
#1379=STYLED_ITEM('',(#1378),#1376);
#1380=CARTESIAN_POINT('',(-4.766419207170E0,-2.318024695133E0,1.68016E1));
#1381=DIRECTION('',(0.E0,0.E0,-1.E0));
#1382=DIRECTION('',(2.452793807065E-1,9.694524358628E-1,0.E0));
#1383=AXIS2_PLACEMENT_3D('',#1380,#1381,#1382);
#1385=CURVE_STYLE('',#1125,POSITIVE_LENGTH_MEASURE(2.E-2),#1119);
#1386=PRESENTATION_STYLE_ASSIGNMENT((#1385));
#1387=STYLED_ITEM('',(#1386),#1384);
#1388=DIRECTION('',(-1.633365779048E-13,-1.E0,0.E0));
#1389=VECTOR('',#1388,9.135367988216E-1);
#1390=CARTESIAN_POINT('',(-4.608827283445E0,-2.318024695123E0,1.68016E1));
#1391=LINE('',#1390,#1389);
#1392=CURVE_STYLE('',#1125,POSITIVE_LENGTH_MEASURE(2.E-2),#1119);
#1393=PRESENTATION_STYLE_ASSIGNMENT((#1392));
#1394=STYLED_ITEM('',(#1393),#1391);
#1395=DIRECTION('',(1.387778780781E-14,7.632783294298E-14,-1.E0));
#1396=VECTOR('',#1395,6.4E-2);
#1397=CARTESIAN_POINT('',(-4.608827283445E0,-3.231561493945E0,1.68016E1));
#1398=LINE('',#1397,#1396);
#1399=CURVE_STYLE('',#1125,POSITIVE_LENGTH_MEASURE(2.E-2),#1119);
#1400=PRESENTATION_STYLE_ASSIGNMENT((#1399));
#1401=STYLED_ITEM('',(#1400),#1398);
#1402=DIRECTION('',(-1.604198532995E-13,-1.E0,0.E0));
#1403=VECTOR('',#1402,9.135367988205E-1);
#1404=CARTESIAN_POINT('',(-4.608827283445E0,-2.318024695124E0,1.67376E1));
#1405=LINE('',#1404,#1403);
#1406=CURVE_STYLE('',#1125,POSITIVE_LENGTH_MEASURE(2.E-2),#1119);
#1407=PRESENTATION_STYLE_ASSIGNMENT((#1406));
#1408=STYLED_ITEM('',(#1407),#1405);
#1409=DIRECTION('',(1.387778780781E-14,1.613986722049E-11,1.E0));
#1410=VECTOR('',#1409,6.4E-2);
#1411=CARTESIAN_POINT('',(-4.608827283445E0,-2.318024695124E0,1.67376E1));
#1412=LINE('',#1411,#1410);
#1413=CURVE_STYLE('',#1125,POSITIVE_LENGTH_MEASURE(2.E-2),#1119);
#1414=PRESENTATION_STYLE_ASSIGNMENT((#1413));
#1415=STYLED_ITEM('',(#1414),#1412);
#1416=DIRECTION('',(1.819933093117E-10,-4.753836213567E-11,-1.E0));
#1417=VECTOR('',#1416,6.4E-2);
#1418=CARTESIAN_POINT('',(-4.727765157700E0,-2.165246820808E0,1.68016E1));
#1419=LINE('',#1418,#1417);
#1420=CURVE_STYLE('',#1125,POSITIVE_LENGTH_MEASURE(2.E-2),#1119);
#1421=PRESENTATION_STYLE_ASSIGNMENT((#1420));
#1422=STYLED_ITEM('',(#1421),#1419);
#1423=DIRECTION('',(5.412337245048E-13,-3.268219028740E-12,-1.E0));
#1424=VECTOR('',#1423,6.4E-2);
#1425=CARTESIAN_POINT('',(-7.138890041750E0,-1.555212540614E0,1.68016E1));
#1426=LINE('',#1425,#1424);
#1427=CURVE_STYLE('',#1125,POSITIVE_LENGTH_MEASURE(2.E-2),#1119);
#1428=PRESENTATION_STYLE_ASSIGNMENT((#1427));
#1429=STYLED_ITEM('',(#1428),#1426);
#1430=DIRECTION('',(-3.747002708110E-13,2.820660371938E-12,-1.E0));
#1431=VECTOR('',#1430,6.4E-2);
#1432=CARTESIAN_POINT('',(-7.138890041750E0,-1.943314735774E0,1.68016E1));
#1433=LINE('',#1432,#1431);
#1434=CURVE_STYLE('',#1125,POSITIVE_LENGTH_MEASURE(2.E-2),#1119);
#1435=PRESENTATION_STYLE_ASSIGNMENT((#1434));
#1436=STYLED_ITEM('',(#1435),#1433);
#1437=DIRECTION('',(2.059665180203E-14,1.E0,0.E0));
#1438=VECTOR('',#1437,3.881021951593E-1);
#1439=CARTESIAN_POINT('',(-7.138890041750E0,-1.943314735774E0,1.67376E1));
#1440=LINE('',#1439,#1438);
#1441=CURVE_STYLE('',#1125,POSITIVE_LENGTH_MEASURE(2.E-2),#1119);
#1442=PRESENTATION_STYLE_ASSIGNMENT((#1441));
#1443=STYLED_ITEM('',(#1442),#1440);
#1444=DIRECTION('',(-1.526556658860E-13,2.761679773755E-12,-1.E0));
#1445=VECTOR('',#1444,6.4E-2);
#1446=CARTESIAN_POINT('',(-6.068490041750E0,-2.210195430018E0,1.68016E1));
#1447=LINE('',#1446,#1445);
#1448=CURVE_STYLE('',#1125,POSITIVE_LENGTH_MEASURE(2.E-2),#1119);
#1449=PRESENTATION_STYLE_ASSIGNMENT((#1448));
#1450=STYLED_ITEM('',(#1449),#1447);
#1451=DIRECTION('',(1.814324081166E-14,1.E0,0.E0));
#1452=VECTOR('',#1451,1.468610424543E-1);
#1453=CARTESIAN_POINT('',(-6.068490041750E0,-2.357056472472E0,1.67376E1));
#1454=LINE('',#1453,#1452);
#1455=CURVE_STYLE('',#1125,POSITIVE_LENGTH_MEASURE(2.E-2),#1119);
#1456=PRESENTATION_STYLE_ASSIGNMENT((#1455));
#1457=STYLED_ITEM('',(#1456),#1454);
#1458=DIRECTION('',(-8.060219158779E-11,1.824929096728E-11,-1.E0));
#1459=VECTOR('',#1458,6.4E-2);
#1460=CARTESIAN_POINT('',(-6.184379288092E0,-2.447599074926E0,1.68016E1));
#1461=LINE('',#1460,#1459);
#1462=CURVE_STYLE('',#1125,POSITIVE_LENGTH_MEASURE(2.E-2),#1119);
#1463=PRESENTATION_STYLE_ASSIGNMENT((#1462));
#1464=STYLED_ITEM('',(#1463),#1461);
#1465=DIRECTION('',(4.163336342344E-14,-1.313532616010E-11,1.E0));
#1466=VECTOR('',#1465,6.4E-2);
#1467=CARTESIAN_POINT('',(-6.068490041750E0,-2.357056472472E0,1.67376E1));
#1468=LINE('',#1467,#1466);
#1469=CURVE_STYLE('',#1125,POSITIVE_LENGTH_MEASURE(2.E-2),#1119);
#1470=PRESENTATION_STYLE_ASSIGNMENT((#1469));
#1471=STYLED_ITEM('',(#1470),#1468);
#1472=DIRECTION('',(1.665334536938E-13,-2.366162821232E-12,-1.E0));
#1473=VECTOR('',#1472,6.4E-2);
#1474=CARTESIAN_POINT('',(-7.138890041750E0,-2.209612815024E0,1.68016E1));
#1475=LINE('',#1474,#1473);
#1476=CURVE_STYLE('',#1125,POSITIVE_LENGTH_MEASURE(2.E-2),#1119);
#1477=PRESENTATION_STYLE_ASSIGNMENT((#1476));
#1478=STYLED_ITEM('',(#1477),#1475);
#1479=DIRECTION('',(5.828670879282E-13,-2.754740879851E-12,-1.E0));
#1480=VECTOR('',#1479,6.4E-2);
#1481=CARTESIAN_POINT('',(-7.138890041750E0,-2.600745999350E0,1.68016E1));
#1482=LINE('',#1481,#1480);
#1483=CURVE_STYLE('',#1125,POSITIVE_LENGTH_MEASURE(2.E-2),#1119);
#1484=PRESENTATION_STYLE_ASSIGNMENT((#1483));
#1485=STYLED_ITEM('',(#1484),#1482);
#1486=DIRECTION('',(-1.135391287792E-13,1.E0,0.E0));
#1487=VECTOR('',#1486,3.911331843258E-1);
#1488=CARTESIAN_POINT('',(-7.138890041750E0,-2.600745999350E0,1.67376E1));
#1489=LINE('',#1488,#1487);
#1490=CURVE_STYLE('',#1125,POSITIVE_LENGTH_MEASURE(2.E-2),#1119);
#1491=PRESENTATION_STYLE_ASSIGNMENT((#1490));
#1492=STYLED_ITEM('',(#1491),#1489);
#1493=DIRECTION('',(0.E0,-1.774969060619E-11,-1.E0));
#1494=VECTOR('',#1493,6.4E-2);
#1495=CARTESIAN_POINT('',(-5.635045319176E0,-2.697469221863E0,1.68016E1));
#1496=LINE('',#1495,#1494);
#1497=CURVE_STYLE('',#1125,POSITIVE_LENGTH_MEASURE(2.E-2),#1119);
#1498=PRESENTATION_STYLE_ASSIGNMENT((#1497));
#1499=STYLED_ITEM('',(#1498),#1496);
#1500=DIRECTION('',(3.039374307789E-10,-7.499556531343E-11,1.E0));
#1501=VECTOR('',#1500,6.4E-2);
#1502=CARTESIAN_POINT('',(-5.905008155724E0,-2.908387305738E0,1.67376E1));
#1503=LINE('',#1502,#1501);
#1504=CURVE_STYLE('',#1125,POSITIVE_LENGTH_MEASURE(2.E-2),#1119);
#1505=PRESENTATION_STYLE_ASSIGNMENT((#1504));
#1506=STYLED_ITEM('',(#1505),#1503);
#1507=DIRECTION('',(7.617906630008E-13,-1.E0,0.E0));
#1508=VECTOR('',#1507,2.891453765237E-1);
#1509=CARTESIAN_POINT('',(-5.635045319176E0,-2.408323845341E0,1.67376E1));
#1510=LINE('',#1509,#1508);
#1511=CURVE_STYLE('',#1125,POSITIVE_LENGTH_MEASURE(2.E-2),#1119);
#1512=PRESENTATION_STYLE_ASSIGNMENT((#1511));
#1513=STYLED_ITEM('',(#1512),#1510);
#1514=CARTESIAN_POINT('',(-5.148779280701E0,-3.096936340838E0,1.67376E1));
#1515=CARTESIAN_POINT('',(-5.148779280701E0,-2.439505077262E0,1.67376E1));
#1516=VERTEX_POINT('',#1514);
#1517=VERTEX_POINT('',#1515);
#1518=CARTESIAN_POINT('',(-4.608827283445E0,-3.231561493945E0,1.67376E1));
#1519=VERTEX_POINT('',#1518);
#1520=CARTESIAN_POINT('',(-4.608827283445E0,-2.318024695124E0,1.67376E1));
#1521=VERTEX_POINT('',#1520);
#1522=CARTESIAN_POINT('',(-4.727765157689E0,-2.165246820812E0,1.67376E1));
#1523=VERTEX_POINT('',#1522);
#1524=CARTESIAN_POINT('',(-7.138890041750E0,-1.555212540615E0,1.67376E1));
#1525=VERTEX_POINT('',#1524);
#1526=CARTESIAN_POINT('',(-7.138890041750E0,-1.943314735774E0,1.67376E1));
#1527=VERTEX_POINT('',#1526);
#1528=CARTESIAN_POINT('',(-6.068490041750E0,-2.210195430018E0,1.67376E1));
#1529=VERTEX_POINT('',#1528);
#1530=CARTESIAN_POINT('',(-6.068490041750E0,-2.357056472472E0,1.67376E1));
#1531=VERTEX_POINT('',#1530);
#1532=CARTESIAN_POINT('',(-6.161804481875E0,-2.450370912592E0,1.67376E1));
#1533=VERTEX_POINT('',#1532);
#1534=CARTESIAN_POINT('',(-6.184379288096E0,-2.447599074926E0,1.67376E1));
#1535=VERTEX_POINT('',#1534);
#1536=CARTESIAN_POINT('',(-7.138890041750E0,-2.209612815024E0,1.67376E1));
#1537=VERTEX_POINT('',#1536);
#1538=CARTESIAN_POINT('',(-7.138890041750E0,-2.600745999350E0,1.67376E1));
#1539=VERTEX_POINT('',#1538);
#1540=CARTESIAN_POINT('',(-5.905008155724E0,-2.908387305738E0,1.67376E1));
#1541=VERTEX_POINT('',#1540);
#1542=CARTESIAN_POINT('',(-5.852420371110E0,-2.914844273780E0,1.67376E1));
#1543=VERTEX_POINT('',#1542);
#1544=CARTESIAN_POINT('',(-5.635045319175E0,-2.697469221876E0,1.67376E1));
#1545=VERTEX_POINT('',#1544);
#1546=CARTESIAN_POINT('',(-5.635045319176E0,-2.408323845341E0,1.67376E1));
#1547=VERTEX_POINT('',#1546);
#1548=CARTESIAN_POINT('',(-5.564683901109E0,-2.337962427258E0,1.67376E1));
#1549=VERTEX_POINT('',#1548);
#1550=CARTESIAN_POINT('',(-5.547661933464E0,-2.340052462080E0,1.67376E1));
#1551=VERTEX_POINT('',#1550);
#1552=CARTESIAN_POINT('',(-5.148779280701E0,-2.439505077262E0,1.68016E1));
#1553=VERTEX_POINT('',#1552);
#1554=CARTESIAN_POINT('',(-5.148779280701E0,-3.096936340838E0,1.68016E1));
#1555=VERTEX_POINT('',#1554);
#1556=CARTESIAN_POINT('',(-5.547661933461E0,-2.340052462081E0,1.68016E1));
#1557=VERTEX_POINT('',#1556);
#1558=CARTESIAN_POINT('',(-5.564683901104E0,-2.337962427258E0,1.68016E1));
#1559=CARTESIAN_POINT('',(-5.635045319176E0,-2.408323845339E0,1.68016E1));
#1560=VERTEX_POINT('',#1558);
#1561=VERTEX_POINT('',#1559);
#1562=CARTESIAN_POINT('',(-4.608827283445E0,-3.231561493945E0,1.68016E1));
#1563=VERTEX_POINT('',#1562);
#1564=CARTESIAN_POINT('',(-5.635045319176E0,-2.697469221863E0,1.68016E1));
#1565=VERTEX_POINT('',#1564);
#1566=CARTESIAN_POINT('',(-5.852420371110E0,-2.914844273780E0,1.68016E1));
#1567=VERTEX_POINT('',#1566);
#1568=CARTESIAN_POINT('',(-5.905008155679E0,-2.908387305749E0,1.68016E1));
#1569=VERTEX_POINT('',#1568);
#1570=CARTESIAN_POINT('',(-7.138890041750E0,-2.600745999350E0,1.68016E1));
#1571=VERTEX_POINT('',#1570);
#1572=CARTESIAN_POINT('',(-7.138890041750E0,-2.209612815024E0,1.68016E1));
#1573=VERTEX_POINT('',#1572);
#1574=CARTESIAN_POINT('',(-6.184379288092E0,-2.447599074926E0,1.68016E1));
#1575=VERTEX_POINT('',#1574);
#1576=CARTESIAN_POINT('',(-6.161804481875E0,-2.450370912592E0,1.68016E1));
#1577=VERTEX_POINT('',#1576);
#1578=CARTESIAN_POINT('',(-6.068490041750E0,-2.357056472475E0,1.68016E1));
#1579=VERTEX_POINT('',#1578);
#1580=CARTESIAN_POINT('',(-6.068490041750E0,-2.210195430018E0,1.68016E1));
#1581=VERTEX_POINT('',#1580);
#1582=CARTESIAN_POINT('',(-7.138890041750E0,-1.943314735774E0,1.68016E1));
#1583=VERTEX_POINT('',#1582);
#1584=CARTESIAN_POINT('',(-7.138890041750E0,-1.555212540614E0,1.68016E1));
#1585=VERTEX_POINT('',#1584);
#1586=CARTESIAN_POINT('',(-4.727765157700E0,-2.165246820808E0,1.68016E1));
#1587=VERTEX_POINT('',#1586);
#1588=CARTESIAN_POINT('',(-4.608827283445E0,-2.318024695120E0,1.68016E1));
#1589=VERTEX_POINT('',#1588);
#1590=CARTESIAN_POINT('',(-4.766419207170E0,-2.318024695133E0,1.67376E1));
#1591=DIRECTION('',(0.E0,0.E0,1.E0));
#1592=DIRECTION('',(0.E0,1.E0,0.E0));
#1593=AXIS2_PLACEMENT_3D('',#1590,#1591,#1592);
#1594=PLANE('',#1593);
#1596=ORIENTED_EDGE('',*,*,#1595,.F.);
#1598=ORIENTED_EDGE('',*,*,#1597,.T.);
#1600=ORIENTED_EDGE('',*,*,#1599,.F.);
#1602=ORIENTED_EDGE('',*,*,#1601,.T.);
#1604=ORIENTED_EDGE('',*,*,#1603,.T.);
#1606=ORIENTED_EDGE('',*,*,#1605,.F.);
#1608=ORIENTED_EDGE('',*,*,#1607,.T.);
#1610=ORIENTED_EDGE('',*,*,#1609,.F.);
#1612=ORIENTED_EDGE('',*,*,#1611,.T.);
#1614=ORIENTED_EDGE('',*,*,#1613,.T.);
#1616=ORIENTED_EDGE('',*,*,#1615,.T.);
#1618=ORIENTED_EDGE('',*,*,#1617,.F.);
#1620=ORIENTED_EDGE('',*,*,#1619,.T.);
#1622=ORIENTED_EDGE('',*,*,#1621,.T.);
#1624=ORIENTED_EDGE('',*,*,#1623,.T.);
#1626=ORIENTED_EDGE('',*,*,#1625,.F.);
#1628=ORIENTED_EDGE('',*,*,#1627,.T.);
#1630=ORIENTED_EDGE('',*,*,#1629,.T.);
#1632=ORIENTED_EDGE('',*,*,#1631,.T.);
#1633=EDGE_LOOP('',(#1596,#1598,#1600,#1602,#1604,#1606,#1608,#1610,#1612,#1614,
#1616,#1618,#1620,#1622,#1624,#1626,#1628,#1630,#1632));
#1634=FACE_OUTER_BOUND('',#1633,.F.);
#1636=CARTESIAN_POINT('',(-5.148779280701E0,-2.439505077262E0,1.68656E1));
#1637=DIRECTION('',(1.E0,0.E0,0.E0));
#1638=DIRECTION('',(0.E0,0.E0,-1.E0));
#1639=AXIS2_PLACEMENT_3D('',#1636,#1637,#1638);
#1640=PLANE('',#1639);
#1642=ORIENTED_EDGE('',*,*,#1641,.F.);
#1644=ORIENTED_EDGE('',*,*,#1643,.F.);
#1646=ORIENTED_EDGE('',*,*,#1645,.T.);
#1647=ORIENTED_EDGE('',*,*,#1595,.T.);
#1648=EDGE_LOOP('',(#1642,#1644,#1646,#1647));
#1649=FACE_OUTER_BOUND('',#1648,.F.);
#1651=CARTESIAN_POINT('',(-5.547661933464E0,-2.340052462080E0,1.68656E1));
#1652=DIRECTION('',(2.419218955996E-1,9.702957262760E-1,0.E0));
#1653=DIRECTION('',(-9.702957262760E-1,2.419218955996E-1,0.E0));
#1654=AXIS2_PLACEMENT_3D('',#1651,#1652,#1653);
#1655=PLANE('',#1654);
#1657=ORIENTED_EDGE('',*,*,#1656,.F.);
#1659=ORIENTED_EDGE('',*,*,#1658,.F.);
#1660=ORIENTED_EDGE('',*,*,#1641,.T.);
#1661=ORIENTED_EDGE('',*,*,#1631,.F.);
#1662=EDGE_LOOP('',(#1657,#1659,#1660,#1661));
#1663=FACE_OUTER_BOUND('',#1662,.F.);
#1665=CARTESIAN_POINT('',(-5.564683901101E0,-2.408323845333E0,1.68656E1));
#1666=DIRECTION('',(0.E0,0.E0,-1.E0));
#1667=DIRECTION('',(0.E0,-1.E0,0.E0));
#1668=AXIS2_PLACEMENT_3D('',#1665,#1666,#1667);
#1669=CYLINDRICAL_SURFACE('',#1668,7.036141807475E-2);
#1671=ORIENTED_EDGE('',*,*,#1670,.F.);
#1673=ORIENTED_EDGE('',*,*,#1672,.F.);
#1674=ORIENTED_EDGE('',*,*,#1656,.T.);
#1675=ORIENTED_EDGE('',*,*,#1629,.F.);
#1676=ORIENTED_EDGE('',*,*,#1627,.F.);
#1678=ORIENTED_EDGE('',*,*,#1677,.T.);
#1679=EDGE_LOOP('',(#1671,#1673,#1674,#1675,#1676,#1678));
#1680=FACE_OUTER_BOUND('',#1679,.F.);
#1682=CARTESIAN_POINT('',(-5.92E0,0.E0,1.68016E1));
#1683=DIRECTION('',(0.E0,0.E0,1.E0));
#1684=DIRECTION('',(1.E0,0.E0,0.E0));
#1685=AXIS2_PLACEMENT_3D('',#1682,#1683,#1684);
#1686=PLANE('',#1685);
#1688=ORIENTED_EDGE('',*,*,#1687,.T.);
#1689=ORIENTED_EDGE('',*,*,#1643,.T.);
#1690=ORIENTED_EDGE('',*,*,#1658,.T.);
#1691=ORIENTED_EDGE('',*,*,#1672,.T.);
#1692=ORIENTED_EDGE('',*,*,#1670,.T.);
#1694=ORIENTED_EDGE('',*,*,#1693,.T.);
#1696=ORIENTED_EDGE('',*,*,#1695,.T.);
#1698=ORIENTED_EDGE('',*,*,#1697,.T.);
#1700=ORIENTED_EDGE('',*,*,#1699,.T.);
#1702=ORIENTED_EDGE('',*,*,#1701,.T.);
#1704=ORIENTED_EDGE('',*,*,#1703,.T.);
#1706=ORIENTED_EDGE('',*,*,#1705,.T.);
#1708=ORIENTED_EDGE('',*,*,#1707,.T.);
#1710=ORIENTED_EDGE('',*,*,#1709,.T.);
#1712=ORIENTED_EDGE('',*,*,#1711,.T.);
#1714=ORIENTED_EDGE('',*,*,#1713,.T.);
#1716=ORIENTED_EDGE('',*,*,#1715,.T.);
#1718=ORIENTED_EDGE('',*,*,#1717,.T.);
#1720=ORIENTED_EDGE('',*,*,#1719,.T.);
#1721=EDGE_LOOP('',(#1688,#1689,#1690,#1691,#1692,#1694,#1696,#1698,#1700,#1702,
#1704,#1706,#1708,#1710,#1712,#1714,#1716,#1718,#1720));
#1722=FACE_OUTER_BOUND('',#1721,.F.);
#1724=CARTESIAN_POINT('',(-5.148779280701E0,-3.096936340838E0,1.68656E1));
#1725=DIRECTION('',(2.419218955996E-1,9.702957262760E-1,0.E0));
#1726=DIRECTION('',(-9.702957262760E-1,2.419218955996E-1,0.E0));
#1727=AXIS2_PLACEMENT_3D('',#1724,#1725,#1726);
#1728=PLANE('',#1727);
#1729=ORIENTED_EDGE('',*,*,#1645,.F.);
#1730=ORIENTED_EDGE('',*,*,#1687,.F.);
#1732=ORIENTED_EDGE('',*,*,#1731,.T.);
#1733=ORIENTED_EDGE('',*,*,#1597,.F.);
#1734=EDGE_LOOP('',(#1729,#1730,#1732,#1733));
#1735=FACE_OUTER_BOUND('',#1734,.F.);
#1737=CARTESIAN_POINT('',(-4.608827283445E0,-3.231561493946E0,1.68656E1));
#1738=DIRECTION('',(-1.E0,0.E0,0.E0));
#1739=DIRECTION('',(0.E0,0.E0,1.E0));
#1740=AXIS2_PLACEMENT_3D('',#1737,#1738,#1739);
#1741=PLANE('',#1740);
#1742=ORIENTED_EDGE('',*,*,#1731,.F.);
#1743=ORIENTED_EDGE('',*,*,#1719,.F.);
#1745=ORIENTED_EDGE('',*,*,#1744,.F.);
#1746=ORIENTED_EDGE('',*,*,#1599,.T.);
#1747=EDGE_LOOP('',(#1742,#1743,#1745,#1746));
#1748=FACE_OUTER_BOUND('',#1747,.F.);
#1750=CARTESIAN_POINT('',(-4.766419207170E0,-2.318024695133E0,1.68656E1));
#1751=DIRECTION('',(0.E0,0.E0,-1.E0));
#1752=DIRECTION('',(0.E0,-1.E0,0.E0));
#1753=AXIS2_PLACEMENT_3D('',#1750,#1751,#1752);
#1754=CYLINDRICAL_SURFACE('',#1753,1.575919237253E-1);
#1755=ORIENTED_EDGE('',*,*,#1744,.T.);
#1756=ORIENTED_EDGE('',*,*,#1717,.F.);
#1758=ORIENTED_EDGE('',*,*,#1757,.T.);
#1759=ORIENTED_EDGE('',*,*,#1601,.F.);
#1760=EDGE_LOOP('',(#1755,#1756,#1758,#1759));
#1761=FACE_OUTER_BOUND('',#1760,.F.);
#1763=CARTESIAN_POINT('',(-4.727765157682E0,-2.165246820813E0,1.68656E1));
#1764=DIRECTION('',(-2.452793809122E-1,-9.694524358107E-1,0.E0));
#1765=DIRECTION('',(9.694524358107E-1,-2.452793809122E-1,0.E0));
#1766=AXIS2_PLACEMENT_3D('',#1763,#1764,#1765);
#1767=PLANE('',#1766);
#1768=ORIENTED_EDGE('',*,*,#1757,.F.);
#1769=ORIENTED_EDGE('',*,*,#1715,.F.);
#1771=ORIENTED_EDGE('',*,*,#1770,.T.);
#1772=ORIENTED_EDGE('',*,*,#1603,.F.);
#1773=EDGE_LOOP('',(#1768,#1769,#1771,#1772));
#1774=FACE_OUTER_BOUND('',#1773,.F.);
#1776=CARTESIAN_POINT('',(-7.138890041750E0,-1.555212540615E0,1.68656E1));
#1777=DIRECTION('',(1.E0,0.E0,0.E0));
#1778=DIRECTION('',(0.E0,0.E0,-1.E0));
#1779=AXIS2_PLACEMENT_3D('',#1776,#1777,#1778);
#1780=PLANE('',#1779);
#1781=ORIENTED_EDGE('',*,*,#1770,.F.);
#1782=ORIENTED_EDGE('',*,*,#1713,.F.);
#1784=ORIENTED_EDGE('',*,*,#1783,.T.);
#1785=ORIENTED_EDGE('',*,*,#1605,.T.);
#1786=EDGE_LOOP('',(#1781,#1782,#1784,#1785));
#1787=FACE_OUTER_BOUND('',#1786,.F.);
#1789=CARTESIAN_POINT('',(-7.138890041750E0,-1.943314735774E0,1.68656E1));
#1790=DIRECTION('',(2.419218955997E-1,9.702957262760E-1,0.E0));
#1791=DIRECTION('',(-9.702957262760E-1,2.419218955997E-1,0.E0));
#1792=AXIS2_PLACEMENT_3D('',#1789,#1790,#1791);
#1793=PLANE('',#1792);
#1794=ORIENTED_EDGE('',*,*,#1783,.F.);
#1795=ORIENTED_EDGE('',*,*,#1711,.F.);
#1797=ORIENTED_EDGE('',*,*,#1796,.T.);
#1798=ORIENTED_EDGE('',*,*,#1607,.F.);
#1799=EDGE_LOOP('',(#1794,#1795,#1797,#1798));
#1800=FACE_OUTER_BOUND('',#1799,.F.);
#1802=CARTESIAN_POINT('',(-6.068490041750E0,-2.210195430018E0,1.68656E1));
#1803=DIRECTION('',(1.E0,0.E0,0.E0));
#1804=DIRECTION('',(0.E0,0.E0,-1.E0));
#1805=AXIS2_PLACEMENT_3D('',#1802,#1803,#1804);
#1806=PLANE('',#1805);
#1807=ORIENTED_EDGE('',*,*,#1796,.F.);
#1808=ORIENTED_EDGE('',*,*,#1709,.F.);
#1810=ORIENTED_EDGE('',*,*,#1809,.F.);
#1811=ORIENTED_EDGE('',*,*,#1609,.T.);
#1812=EDGE_LOOP('',(#1807,#1808,#1810,#1811));
#1813=FACE_OUTER_BOUND('',#1812,.F.);
#1815=CARTESIAN_POINT('',(-6.161804481875E0,-2.357056472467E0,1.68656E1));
#1816=DIRECTION('',(0.E0,0.E0,-1.E0));
#1817=DIRECTION('',(0.E0,-1.E0,0.E0));
#1818=AXIS2_PLACEMENT_3D('',#1815,#1816,#1817);
#1819=CYLINDRICAL_SURFACE('',#1818,9.331444012514E-2);
#1820=ORIENTED_EDGE('',*,*,#1707,.F.);
#1821=ORIENTED_EDGE('',*,*,#1705,.F.);
#1823=ORIENTED_EDGE('',*,*,#1822,.T.);
#1824=ORIENTED_EDGE('',*,*,#1613,.F.);
#1825=ORIENTED_EDGE('',*,*,#1611,.F.);
#1826=ORIENTED_EDGE('',*,*,#1809,.T.);
#1827=EDGE_LOOP('',(#1820,#1821,#1823,#1824,#1825,#1826));
#1828=FACE_OUTER_BOUND('',#1827,.F.);
#1830=CARTESIAN_POINT('',(-6.184379288117E0,-2.447599074920E0,1.68656E1));
#1831=DIRECTION('',(-2.419218955997E-1,-9.702957262760E-1,0.E0));
#1832=DIRECTION('',(9.702957262760E-1,-2.419218955997E-1,0.E0));
#1833=AXIS2_PLACEMENT_3D('',#1830,#1831,#1832);
#1834=PLANE('',#1833);
#1835=ORIENTED_EDGE('',*,*,#1822,.F.);
#1836=ORIENTED_EDGE('',*,*,#1703,.F.);
#1838=ORIENTED_EDGE('',*,*,#1837,.T.);
#1839=ORIENTED_EDGE('',*,*,#1615,.F.);
#1840=EDGE_LOOP('',(#1835,#1836,#1838,#1839));
#1841=FACE_OUTER_BOUND('',#1840,.F.);
#1843=CARTESIAN_POINT('',(-7.138890041750E0,-2.209612815024E0,1.68656E1));
#1844=DIRECTION('',(1.E0,0.E0,0.E0));
#1845=DIRECTION('',(0.E0,0.E0,-1.E0));
#1846=AXIS2_PLACEMENT_3D('',#1843,#1844,#1845);
#1847=PLANE('',#1846);
#1848=ORIENTED_EDGE('',*,*,#1837,.F.);
#1849=ORIENTED_EDGE('',*,*,#1701,.F.);
#1851=ORIENTED_EDGE('',*,*,#1850,.T.);
#1852=ORIENTED_EDGE('',*,*,#1617,.T.);
#1853=EDGE_LOOP('',(#1848,#1849,#1851,#1852));
#1854=FACE_OUTER_BOUND('',#1853,.F.);
#1856=CARTESIAN_POINT('',(-7.138890041750E0,-2.600745999350E0,1.68656E1));
#1857=DIRECTION('',(2.419218955997E-1,9.702957262760E-1,0.E0));
#1858=DIRECTION('',(-9.702957262760E-1,2.419218955997E-1,0.E0));
#1859=AXIS2_PLACEMENT_3D('',#1856,#1857,#1858);
#1860=PLANE('',#1859);
#1861=ORIENTED_EDGE('',*,*,#1850,.F.);
#1862=ORIENTED_EDGE('',*,*,#1699,.F.);
#1864=ORIENTED_EDGE('',*,*,#1863,.F.);
#1865=ORIENTED_EDGE('',*,*,#1619,.F.);
#1866=EDGE_LOOP('',(#1861,#1862,#1864,#1865));
#1867=FACE_OUTER_BOUND('',#1866,.F.);
#1869=CARTESIAN_POINT('',(-5.852420371110E0,-2.697469221845E0,1.68656E1));
#1870=DIRECTION('',(0.E0,0.E0,-1.E0));
#1871=DIRECTION('',(0.E0,-1.E0,0.E0));
#1872=AXIS2_PLACEMENT_3D('',#1869,#1870,#1871);
#1873=CYLINDRICAL_SURFACE('',#1872,2.173750519347E-1);
#1874=ORIENTED_EDGE('',*,*,#1697,.F.);
#1875=ORIENTED_EDGE('',*,*,#1695,.F.);
#1877=ORIENTED_EDGE('',*,*,#1876,.T.);
#1878=ORIENTED_EDGE('',*,*,#1623,.F.);
#1879=ORIENTED_EDGE('',*,*,#1621,.F.);
#1880=ORIENTED_EDGE('',*,*,#1863,.T.);
#1881=EDGE_LOOP('',(#1874,#1875,#1877,#1878,#1879,#1880));
#1882=FACE_OUTER_BOUND('',#1881,.F.);
#1884=CARTESIAN_POINT('',(-5.635045319176E0,-2.697469221845E0,1.68656E1));
#1885=DIRECTION('',(-1.E0,0.E0,0.E0));
#1886=DIRECTION('',(0.E0,0.E0,1.E0));
#1887=AXIS2_PLACEMENT_3D('',#1884,#1885,#1886);
#1888=PLANE('',#1887);
#1889=ORIENTED_EDGE('',*,*,#1876,.F.);
#1890=ORIENTED_EDGE('',*,*,#1693,.F.);
#1891=ORIENTED_EDGE('',*,*,#1677,.F.);
#1892=ORIENTED_EDGE('',*,*,#1625,.T.);
#1893=EDGE_LOOP('',(#1889,#1890,#1891,#1892));
#1894=FACE_OUTER_BOUND('',#1893,.F.);
#1896=CLOSED_SHELL('',(#1635,#1650,#1664,#1681,#1723,#1736,#1749,#1762,#1775,
#1788,#1801,#1814,#1829,#1842,#1855,#1868,#1883,#1895));
#1897=MANIFOLD_SOLID_BREP('',#1896);
#1898=FILL_AREA_STYLE_COLOUR('',#1119);
#1899=FILL_AREA_STYLE('',(#1898));
#1900=SURFACE_STYLE_FILL_AREA(#1899);
#1901=SURFACE_SIDE_STYLE('',(#1900));
#1902=SURFACE_STYLE_USAGE(.BOTH.,#1901);
#1903=PRESENTATION_STYLE_ASSIGNMENT((#1902));
#1120=STYLED_ITEM('',(#1903),#1897);
#1906=PLANE_ANGLE_MEASURE_WITH_UNIT(PLANE_ANGLE_MEASURE(1.745329251994E-2),
#1905);
#1907=(CONVERSION_BASED_UNIT('DEGREE',#1906)NAMED_UNIT(*)PLANE_ANGLE_UNIT());
#1909=UNCERTAINTY_MEASURE_WITH_UNIT(LENGTH_MEASURE(3.035576082442E-4),#1904,
'closure',
'Maximum model space distance between geometric entities at asserted connectivities');
#1911=CARTESIAN_POINT('',(0.E0,0.E0,0.E0));
#1912=DIRECTION('',(0.E0,0.E0,1.E0));
#1913=DIRECTION('',(1.E0,0.E0,0.E0));
#1916=PRODUCT_CONTEXT('',#1054,'mechanical');
#1917=PRODUCT('LOGO_NX_PRT_180_1_1_1_1_2_1_1','LOGO_NX_PRT_180_1_1_1_1_2_1_1',
'NOT SPECIFIED',(#1916));
#1918=PRODUCT_DEFINITION_FORMATION_WITH_SPECIFIED_SOURCE('1','LAST_VERSION',
#1917,.MADE.);
#1926=DERIVED_UNIT_ELEMENT(#1925,2.E0);
#1927=AREA_UNIT((#1926));
#1928=MEASURE_REPRESENTATION_ITEM('surface area measure',AREA_MEASURE(
4.698652859442E0),#1927);
#1933=DERIVED_UNIT_ELEMENT(#1932,3.E0);
#1934=VOLUME_UNIT((#1933));
#1935=MEASURE_REPRESENTATION_ITEM('volume measure',VOLUME_MEASURE(
1.288537200143E-1),#1934);
#1939=CARTESIAN_POINT('centre point',(-5.852969963889E0,-2.367800071398E0,
1.67696E1));
#1944=DERIVED_UNIT_ELEMENT(#1943,2.E0);
#1945=AREA_UNIT((#1944));
#1946=MEASURE_REPRESENTATION_ITEM('surface area measure',AREA_MEASURE(
4.698652859442E0),#1945);
#1951=DERIVED_UNIT_ELEMENT(#1950,3.E0);
#1952=VOLUME_UNIT((#1951));
#1953=MEASURE_REPRESENTATION_ITEM('volume measure',VOLUME_MEASURE(
1.288537200143E-1),#1952);
#1957=CARTESIAN_POINT('centre point',(-5.852969963889E0,-2.367800071398E0,
1.67696E1));
#1967=CARTESIAN_POINT('centre point',(-5.852969963889E0,-2.367800071398E0,
1.67696E1));
#1971=CARTESIAN_POINT('',(0.E0,0.E0,0.E0));
#1972=DIRECTION('',(0.E0,0.E0,1.E0));
#1973=DIRECTION('',(1.E0,0.E0,0.E0));
#1974=AXIS2_PLACEMENT_3D('',#1971,#1972,#1973);
#1975=ITEM_DEFINED_TRANSFORMATION('','',#1914,#1974);
#1976=CARTESIAN_POINT('',(0.E0,0.E0,0.E0));
#1977=DIRECTION('',(0.E0,0.E0,1.E0));
#1978=DIRECTION('',(1.E0,0.E0,0.E0));
#1980=(REPRESENTATION_RELATIONSHIP('','',#1915,#1964)REPRESENTATION_RELATIONSHIP_WITH_TRANSFORMATION(#1975)SHAPE_REPRESENTATION_RELATIONSHIP());
#1981=CONTEXT_DEPENDENT_SHAPE_REPRESENTATION(#1980,#1966);
#1983=DIRECTION('',(1.387778780781E-14,7.979727989493E-14,-1.E0));
#1984=VECTOR('',#1983,6.4E-2);
#1985=CARTESIAN_POINT('',(-4.608827283445E0,-1.413767571920E0,1.68016E1));
#1986=LINE('',#1985,#1984);
#1987=CURVE_STYLE('',#1125,POSITIVE_LENGTH_MEASURE(2.E-2),#1119);
#1988=PRESENTATION_STYLE_ASSIGNMENT((#1987));
#1989=STYLED_ITEM('',(#1988),#1986);
#1990=DIRECTION('',(6.938893903907E-14,-4.857225732735E-14,1.E0));
#1991=VECTOR('',#1990,6.4E-2);
#1992=CARTESIAN_POINT('',(-6.146444998998E0,-1.420195003487E0,1.67376E1));
#1993=LINE('',#1992,#1991);
#1994=CURVE_STYLE('',#1125,POSITIVE_LENGTH_MEASURE(2.E-2),#1119);
#1995=PRESENTATION_STYLE_ASSIGNMENT((#1994));
#1996=STYLED_ITEM('',(#1995),#1993);
#1997=DIRECTION('',(2.775557561563E-14,-1.769417945496E-13,-1.E0));
#1998=VECTOR('',#1997,6.4E-2);
#1999=CARTESIAN_POINT('',(-4.608827283445E0,-1.803566157642E0,1.68016E1));
#2000=LINE('',#1999,#1998);
#2001=CURVE_STYLE('',#1125,POSITIVE_LENGTH_MEASURE(2.E-2),#1119);
#2002=PRESENTATION_STYLE_ASSIGNMENT((#2001));
#2003=STYLED_ITEM('',(#2002),#2000);
#2004=DIRECTION('',(8.326672684689E-14,-2.914335439641E-13,1.E0));
#2005=VECTOR('',#2004,6.4E-2);
#2006=CARTESIAN_POINT('',(-6.146444998998E0,-1.030396417765E0,1.67376E1));
#2007=LINE('',#2006,#2005);
#2008=CURVE_STYLE('',#1125,POSITIVE_LENGTH_MEASURE(2.E-2),#1119);
#2009=PRESENTATION_STYLE_ASSIGNMENT((#2008));
#2010=STYLED_ITEM('',(#2009),#2007);
#2011=DIRECTION('',(0.E0,1.E0,0.E0));
#2012=VECTOR('',#2011,3.897985857220E-1);
#2013=CARTESIAN_POINT('',(-6.146444998998E0,-1.420195003487E0,1.67376E1));
#2014=LINE('',#2013,#2012);
#2015=CURVE_STYLE('',#1125,POSITIVE_LENGTH_MEASURE(2.E-2),#1119);
#2016=PRESENTATION_STYLE_ASSIGNMENT((#2015));
#2017=STYLED_ITEM('',(#2016),#2014);
#2018=DIRECTION('',(-9.702957262760E-1,2.419218955996E-1,0.E0));
#2019=VECTOR('',#2018,1.584689774379E0);
#2020=CARTESIAN_POINT('',(-4.608827283445E0,-1.803566157642E0,1.68016E1));
#2021=LINE('',#2020,#2019);
#2022=CURVE_STYLE('',#1125,POSITIVE_LENGTH_MEASURE(2.E-2),#1119);
#2023=PRESENTATION_STYLE_ASSIGNMENT((#2022));
#2024=STYLED_ITEM('',(#2023),#2021);
#2025=DIRECTION('',(0.E0,1.E0,0.E0));
#2026=VECTOR('',#2025,3.897985857220E-1);
#2027=CARTESIAN_POINT('',(-6.146444998998E0,-1.420195003487E0,1.68016E1));
#2028=LINE('',#2027,#2026);
#2029=CURVE_STYLE('',#1125,POSITIVE_LENGTH_MEASURE(2.E-2),#1119);
#2030=PRESENTATION_STYLE_ASSIGNMENT((#2029));
#2031=STYLED_ITEM('',(#2030),#2028);
#2032=DIRECTION('',(9.702957262760E-1,-2.419218955996E-1,0.E0));
#2033=VECTOR('',#2032,1.584689774379E0);
#2034=CARTESIAN_POINT('',(-6.146444998998E0,-1.030396417765E0,1.68016E1));
#2035=LINE('',#2034,#2033);
#2036=CURVE_STYLE('',#1125,POSITIVE_LENGTH_MEASURE(2.E-2),#1119);
#2037=PRESENTATION_STYLE_ASSIGNMENT((#2036));
#2038=STYLED_ITEM('',(#2037),#2035);
#2039=DIRECTION('',(0.E0,-1.E0,0.E0));
#2040=VECTOR('',#2039,3.897985857220E-1);
#2041=CARTESIAN_POINT('',(-4.608827283445E0,-1.413767571920E0,1.68016E1));
#2042=LINE('',#2041,#2040);
#2043=CURVE_STYLE('',#1125,POSITIVE_LENGTH_MEASURE(2.E-2),#1119);
#2044=PRESENTATION_STYLE_ASSIGNMENT((#2043));
#2045=STYLED_ITEM('',(#2044),#2042);
#2046=DIRECTION('',(9.702957262760E-1,-2.419218955996E-1,0.E0));
#2047=VECTOR('',#2046,1.584689774379E0);
#2048=CARTESIAN_POINT('',(-6.146444998998E0,-1.420195003487E0,1.67376E1));
#2049=LINE('',#2048,#2047);
#2050=CURVE_STYLE('',#1125,POSITIVE_LENGTH_MEASURE(2.E-2),#1119);
#2051=PRESENTATION_STYLE_ASSIGNMENT((#2050));
#2052=STYLED_ITEM('',(#2051),#2049);
#2053=DIRECTION('',(0.E0,1.E0,0.E0));
#2054=VECTOR('',#2053,3.897985857220E-1);
#2055=CARTESIAN_POINT('',(-4.608827283445E0,-1.803566157642E0,1.67376E1));
#2056=LINE('',#2055,#2054);
#2057=CURVE_STYLE('',#1125,POSITIVE_LENGTH_MEASURE(2.E-2),#1119);
#2058=PRESENTATION_STYLE_ASSIGNMENT((#2057));
#2059=STYLED_ITEM('',(#2058),#2056);
#2060=DIRECTION('',(-9.702957262760E-1,2.419218955996E-1,0.E0));
#2061=VECTOR('',#2060,1.584689774379E0);
#2062=CARTESIAN_POINT('',(-4.608827283445E0,-1.413767571920E0,1.67376E1));
#2063=LINE('',#2062,#2061);
#2064=CURVE_STYLE('',#1125,POSITIVE_LENGTH_MEASURE(2.E-2),#1119);
#2065=PRESENTATION_STYLE_ASSIGNMENT((#2064));
#2066=STYLED_ITEM('',(#2065),#2063);
#2067=CARTESIAN_POINT('',(-4.608827283445E0,-1.413767571920E0,1.68016E1));
#2068=CARTESIAN_POINT('',(-4.608827283445E0,-1.413767571920E0,1.67376E1));
#2069=VERTEX_POINT('',#2067);
#2070=VERTEX_POINT('',#2068);
#2071=CARTESIAN_POINT('',(-6.146444998998E0,-1.030396417765E0,1.68016E1));
#2072=VERTEX_POINT('',#2071);
#2073=CARTESIAN_POINT('',(-6.146444998998E0,-1.030396417765E0,1.67376E1));
#2074=VERTEX_POINT('',#2073);
#2075=CARTESIAN_POINT('',(-4.608827283445E0,-1.803566157642E0,1.68016E1));
#2076=CARTESIAN_POINT('',(-4.608827283445E0,-1.803566157642E0,1.67376E1));
#2077=VERTEX_POINT('',#2075);
#2078=VERTEX_POINT('',#2076);
#2079=CARTESIAN_POINT('',(-6.146444998998E0,-1.420195003487E0,1.67376E1));
#2080=CARTESIAN_POINT('',(-6.146444998998E0,-1.420195003487E0,1.68016E1));
#2081=VERTEX_POINT('',#2079);
#2082=VERTEX_POINT('',#2080);
#2083=CARTESIAN_POINT('',(-4.608827283445E0,-1.413767571920E0,1.68656E1));
#2084=DIRECTION('',(-2.419218955996E-1,-9.702957262760E-1,0.E0));
#2085=DIRECTION('',(9.702957262760E-1,-2.419218955996E-1,0.E0));
#2086=AXIS2_PLACEMENT_3D('',#2083,#2084,#2085);
#2087=PLANE('',#2086);
#2089=ORIENTED_EDGE('',*,*,#2088,.F.);
#2091=ORIENTED_EDGE('',*,*,#2090,.F.);
#2093=ORIENTED_EDGE('',*,*,#2092,.F.);
#2095=ORIENTED_EDGE('',*,*,#2094,.F.);
#2096=EDGE_LOOP('',(#2089,#2091,#2093,#2095));
#2097=FACE_OUTER_BOUND('',#2096,.F.);
#2099=CARTESIAN_POINT('',(-4.608827283445E0,-1.803566157642E0,1.68656E1));
#2100=DIRECTION('',(-1.E0,0.E0,0.E0));
#2101=DIRECTION('',(0.E0,0.E0,1.E0));
#2102=AXIS2_PLACEMENT_3D('',#2099,#2100,#2101);
#2103=PLANE('',#2102);
#2105=ORIENTED_EDGE('',*,*,#2104,.F.);
#2107=ORIENTED_EDGE('',*,*,#2106,.F.);
#2108=ORIENTED_EDGE('',*,*,#2088,.T.);
#2110=ORIENTED_EDGE('',*,*,#2109,.F.);
#2111=EDGE_LOOP('',(#2105,#2107,#2108,#2110));
#2112=FACE_OUTER_BOUND('',#2111,.F.);
#2114=CARTESIAN_POINT('',(-6.146444998998E0,-1.420195003487E0,1.68656E1));
#2115=DIRECTION('',(2.419218955996E-1,9.702957262760E-1,0.E0));
#2116=DIRECTION('',(-9.702957262760E-1,2.419218955996E-1,0.E0));
#2117=AXIS2_PLACEMENT_3D('',#2114,#2115,#2116);
#2118=PLANE('',#2117);
#2120=ORIENTED_EDGE('',*,*,#2119,.T.);
#2122=ORIENTED_EDGE('',*,*,#2121,.F.);
#2123=ORIENTED_EDGE('',*,*,#2104,.T.);
#2125=ORIENTED_EDGE('',*,*,#2124,.F.);
#2126=EDGE_LOOP('',(#2120,#2122,#2123,#2125));
#2127=FACE_OUTER_BOUND('',#2126,.F.);
#2129=CARTESIAN_POINT('',(-6.146444998998E0,-1.030396417765E0,1.68656E1));
#2130=DIRECTION('',(1.E0,0.E0,0.E0));
#2131=DIRECTION('',(0.E0,0.E0,-1.E0));
#2132=AXIS2_PLACEMENT_3D('',#2129,#2130,#2131);
#2133=PLANE('',#2132);
#2134=ORIENTED_EDGE('',*,*,#2092,.T.);
#2136=ORIENTED_EDGE('',*,*,#2135,.F.);
#2137=ORIENTED_EDGE('',*,*,#2119,.F.);
#2139=ORIENTED_EDGE('',*,*,#2138,.T.);
#2140=EDGE_LOOP('',(#2134,#2136,#2137,#2139));
#2141=FACE_OUTER_BOUND('',#2140,.F.);
#2143=CARTESIAN_POINT('',(-5.92E0,0.E0,1.68016E1));
#2144=DIRECTION('',(0.E0,0.E0,1.E0));
#2145=DIRECTION('',(1.E0,0.E0,0.E0));
#2146=AXIS2_PLACEMENT_3D('',#2143,#2144,#2145);
#2147=PLANE('',#2146);
#2148=ORIENTED_EDGE('',*,*,#2121,.T.);
#2149=ORIENTED_EDGE('',*,*,#2135,.T.);
#2150=ORIENTED_EDGE('',*,*,#2090,.T.);
#2151=ORIENTED_EDGE('',*,*,#2106,.T.);
#2152=EDGE_LOOP('',(#2148,#2149,#2150,#2151));
#2153=FACE_OUTER_BOUND('',#2152,.F.);
#2155=CARTESIAN_POINT('',(7.933796729338E1,-2.738408139160E2,1.67376E1));
#2156=DIRECTION('',(0.E0,0.E0,1.E0));
#2157=DIRECTION('',(0.E0,1.E0,0.E0));
#2158=AXIS2_PLACEMENT_3D('',#2155,#2156,#2157);
#2159=PLANE('',#2158);
#2160=ORIENTED_EDGE('',*,*,#2138,.F.);
#2161=ORIENTED_EDGE('',*,*,#2124,.T.);
#2162=ORIENTED_EDGE('',*,*,#2109,.T.);
#2163=ORIENTED_EDGE('',*,*,#2094,.T.);
#2164=EDGE_LOOP('',(#2160,#2161,#2162,#2163));
#2165=FACE_OUTER_BOUND('',#2164,.F.);
#2167=CLOSED_SHELL('',(#2098,#2113,#2128,#2142,#2154,#2166));
#2168=MANIFOLD_SOLID_BREP('',#2167);
#2169=FILL_AREA_STYLE_COLOUR('',#1119);
#2170=FILL_AREA_STYLE('',(#2169));
#2171=SURFACE_STYLE_FILL_AREA(#2170);
#2172=SURFACE_SIDE_STYLE('',(#2171));
#2173=SURFACE_STYLE_USAGE(.BOTH.,#2172);
#2174=PRESENTATION_STYLE_ASSIGNMENT((#2173));
#1982=STYLED_ITEM('',(#2174),#2168);
#2177=PLANE_ANGLE_MEASURE_WITH_UNIT(PLANE_ANGLE_MEASURE(1.745329251994E-2),
#2176);
#2178=(CONVERSION_BASED_UNIT('DEGREE',#2177)NAMED_UNIT(*)PLANE_ANGLE_UNIT());
#2180=UNCERTAINTY_MEASURE_WITH_UNIT(LENGTH_MEASURE(1.722184194021E-4),#2175,
'closure',
'Maximum model space distance between geometric entities at asserted connectivities');
#2182=CARTESIAN_POINT('',(0.E0,0.E0,0.E0));
#2183=DIRECTION('',(0.E0,0.E0,1.E0));
#2184=DIRECTION('',(1.E0,0.E0,0.E0));
#2187=PRODUCT_DEFINITION_CONTEXT('',#1054,'design');
#2188=PRODUCT_CONTEXT('',#1054,'mechanical');
#2189=PRODUCT('LOGO_NX_PRT_253_1_1_1_1_2_1_1','LOGO_NX_PRT_253_1_1_1_1_2_1_1',
'NOT SPECIFIED',(#2188));
#2190=PRODUCT_DEFINITION_FORMATION_WITH_SPECIFIED_SOURCE('1','LAST_VERSION',
#2189,.MADE.);
#2198=DERIVED_UNIT_ELEMENT(#2197,2.E0);
#2199=AREA_UNIT((#2198));
#2200=MEASURE_REPRESENTATION_ITEM('surface area measure',AREA_MEASURE(
1.451456931900E0),#2199);
#2205=DERIVED_UNIT_ELEMENT(#2204,3.E0);
#2206=VOLUME_UNIT((#2205));
#2207=MEASURE_REPRESENTATION_ITEM('volume measure',VOLUME_MEASURE(
3.835911749783E-2),#2206);
#2211=CARTESIAN_POINT('centre point',(-5.377636141222E0,-1.416981287703E0,
1.67696E1));
#2216=DERIVED_UNIT_ELEMENT(#2215,2.E0);
#2217=AREA_UNIT((#2216));
#2218=MEASURE_REPRESENTATION_ITEM('surface area measure',AREA_MEASURE(
1.451456931900E0),#2217);
#2223=DERIVED_UNIT_ELEMENT(#2222,3.E0);
#2224=VOLUME_UNIT((#2223));
#2225=MEASURE_REPRESENTATION_ITEM('volume measure',VOLUME_MEASURE(
3.835911749783E-2),#2224);
#2229=CARTESIAN_POINT('centre point',(-5.377636141222E0,-1.416981287703E0,
1.67696E1));
#2236=CARTESIAN_POINT('centre point',(-5.377636141222E0,-1.416981287703E0,
1.67696E1));
#2240=CARTESIAN_POINT('',(0.E0,0.E0,0.E0));
#2241=DIRECTION('',(0.E0,0.E0,1.E0));
#2242=DIRECTION('',(1.E0,0.E0,0.E0));
#2243=AXIS2_PLACEMENT_3D('',#2240,#2241,#2242);
#2244=ITEM_DEFINED_TRANSFORMATION('','',#2185,#2243);
#2245=CARTESIAN_POINT('',(0.E0,0.E0,0.E0));
#2246=DIRECTION('',(0.E0,0.E0,1.E0));
#2247=DIRECTION('',(1.E0,0.E0,0.E0));
#2249=(REPRESENTATION_RELATIONSHIP('','',#2186,#1964)REPRESENTATION_RELATIONSHIP_WITH_TRANSFORMATION(#2244)SHAPE_REPRESENTATION_RELATIONSHIP());
#2250=CONTEXT_DEPENDENT_SHAPE_REPRESENTATION(#2249,#2235);
#2252=DIRECTION('',(1.804112415016E-13,-1.006139616067E-13,-1.E0));
#2253=VECTOR('',#2252,6.4E-2);
#2254=CARTESIAN_POINT('',(-4.608827283445E0,-6.717257587883E-1,1.68016E1));
#2255=LINE('',#2254,#2253);
#2256=CURVE_STYLE('',#1125,POSITIVE_LENGTH_MEASURE(2.E-2),#1119);
#2257=PRESENTATION_STYLE_ASSIGNMENT((#2256));
#2258=STYLED_ITEM('',(#2257),#2255);
#2259=DIRECTION('',(-1.387778780781E-14,-1.169203622808E-12,1.E0));
#2260=VECTOR('',#2259,6.4E-2);
#2261=CARTESIAN_POINT('',(-6.146444998998E0,-6.841102383035E-1,1.67376E1));
#2262=LINE('',#2261,#2260);
#2263=CURVE_STYLE('',#1125,POSITIVE_LENGTH_MEASURE(2.E-2),#1119);
#2264=PRESENTATION_STYLE_ASSIGNMENT((#2263));
#2265=STYLED_ITEM('',(#2264),#2262);
#2266=DIRECTION('',(1.804112415016E-13,1.200428645376E-12,-1.E0));
#2267=VECTOR('',#2266,6.4E-2);
#2268=CARTESIAN_POINT('',(-4.608827283445E0,-1.067481392459E0,1.68016E1));
#2269=LINE('',#2268,#2267);
#2270=CURVE_STYLE('',#1125,POSITIVE_LENGTH_MEASURE(2.E-2),#1119);
#2271=PRESENTATION_STYLE_ASSIGNMENT((#2270));
#2272=STYLED_ITEM('',(#2271),#2269);
#2273=DIRECTION('',(8.326672684689E-14,1.708702623837E-13,1.E0));
#2274=VECTOR('',#2273,6.4E-2);
#2275=CARTESIAN_POINT('',(-6.146444998998E0,-2.883546046331E-1,1.67376E1));
#2276=LINE('',#2275,#2274);
#2277=CURVE_STYLE('',#1125,POSITIVE_LENGTH_MEASURE(2.E-2),#1119);
#2278=PRESENTATION_STYLE_ASSIGNMENT((#2277));
#2279=STYLED_ITEM('',(#2278),#2276);
#2280=DIRECTION('',(-4.488519400030E-14,1.E0,0.E0));
#2281=VECTOR('',#2280,3.957556336703E-1);
#2282=CARTESIAN_POINT('',(-6.146444998998E0,-6.841102383035E-1,1.67376E1));
#2283=LINE('',#2282,#2281);
#2284=CURVE_STYLE('',#1125,POSITIVE_LENGTH_MEASURE(2.E-2),#1119);
#2285=PRESENTATION_STYLE_ASSIGNMENT((#2284));
#2286=STYLED_ITEM('',(#2285),#2283);
#2287=DIRECTION('',(-9.702957262760E-1,2.419218955998E-1,0.E0));
#2288=VECTOR('',#2287,1.584689774379E0);
#2289=CARTESIAN_POINT('',(-4.608827283445E0,-1.067481392459E0,1.68016E1));
#2290=LINE('',#2289,#2288);
#2291=CURVE_STYLE('',#1125,POSITIVE_LENGTH_MEASURE(2.E-2),#1119);
#2292=PRESENTATION_STYLE_ASSIGNMENT((#2291));
#2293=STYLED_ITEM('',(#2292),#2290);
#2294=DIRECTION('',(-2.917537610019E-14,1.E0,0.E0));
#2295=VECTOR('',#2294,3.957556336704E-1);
#2296=CARTESIAN_POINT('',(-6.146444998998E0,-6.841102383035E-1,1.68016E1));
#2297=LINE('',#2296,#2295);
#2298=CURVE_STYLE('',#1125,POSITIVE_LENGTH_MEASURE(2.E-2),#1119);
#2299=PRESENTATION_STYLE_ASSIGNMENT((#2298));
#2300=STYLED_ITEM('',(#2299),#2297);
#2301=DIRECTION('',(9.702957262760E-1,-2.419218955997E-1,0.E0));
#2302=VECTOR('',#2301,1.584689774379E0);
#2303=CARTESIAN_POINT('',(-6.146444998998E0,-2.883546046331E-1,1.68016E1));
#2304=LINE('',#2303,#2302);
#2305=CURVE_STYLE('',#1125,POSITIVE_LENGTH_MEASURE(2.E-2),#1119);
#2306=PRESENTATION_STYLE_ASSIGNMENT((#2305));
#2307=STYLED_ITEM('',(#2306),#2304);
#2308=DIRECTION('',(1.211900238007E-13,-1.E0,0.E0));
#2309=VECTOR('',#2308,3.957556336706E-1);
#2310=CARTESIAN_POINT('',(-4.608827283445E0,-6.717257587883E-1,1.68016E1));
#2311=LINE('',#2310,#2309);
#2312=CURVE_STYLE('',#1125,POSITIVE_LENGTH_MEASURE(2.E-2),#1119);
#2313=PRESENTATION_STYLE_ASSIGNMENT((#2312));
#2314=STYLED_ITEM('',(#2313),#2311);
#2315=DIRECTION('',(9.702957262760E-1,-2.419218955998E-1,0.E0));
#2316=VECTOR('',#2315,1.584689774379E0);
#2317=CARTESIAN_POINT('',(-6.146444998998E0,-6.841102383035E-1,1.67376E1));
#2318=LINE('',#2317,#2316);
#2319=CURVE_STYLE('',#1125,POSITIVE_LENGTH_MEASURE(2.E-2),#1119);
#2320=PRESENTATION_STYLE_ASSIGNMENT((#2319));
#2321=STYLED_ITEM('',(#2320),#2318);
#2322=DIRECTION('',(-1.189457641007E-13,1.E0,0.E0));
#2323=VECTOR('',#2322,3.957556336705E-1);
#2324=CARTESIAN_POINT('',(-4.608827283445E0,-1.067481392459E0,1.67376E1));
#2325=LINE('',#2324,#2323);
#2326=CURVE_STYLE('',#1125,POSITIVE_LENGTH_MEASURE(2.E-2),#1119);
#2327=PRESENTATION_STYLE_ASSIGNMENT((#2326));
#2328=STYLED_ITEM('',(#2327),#2325);
#2329=DIRECTION('',(-9.702957262760E-1,2.419218955997E-1,0.E0));
#2330=VECTOR('',#2329,1.584689774379E0);
#2331=CARTESIAN_POINT('',(-4.608827283445E0,-6.717257587883E-1,1.67376E1));
#2332=LINE('',#2331,#2330);
#2333=CURVE_STYLE('',#1125,POSITIVE_LENGTH_MEASURE(2.E-2),#1119);
#2334=PRESENTATION_STYLE_ASSIGNMENT((#2333));
#2335=STYLED_ITEM('',(#2334),#2332);
#2336=CARTESIAN_POINT('',(-4.608827283445E0,-6.717257587883E-1,1.68016E1));
#2337=CARTESIAN_POINT('',(-4.608827283445E0,-6.717257587883E-1,1.67376E1));
#2338=VERTEX_POINT('',#2336);
#2339=VERTEX_POINT('',#2337);
#2340=CARTESIAN_POINT('',(-6.146444998998E0,-2.883546046331E-1,1.68016E1));
#2341=VERTEX_POINT('',#2340);
#2342=CARTESIAN_POINT('',(-6.146444998998E0,-2.883546046331E-1,1.67376E1));
#2343=VERTEX_POINT('',#2342);
#2344=CARTESIAN_POINT('',(-4.608827283445E0,-1.067481392459E0,1.68016E1));
#2345=CARTESIAN_POINT('',(-4.608827283445E0,-1.067481392459E0,1.67376E1));
#2346=VERTEX_POINT('',#2344);
#2347=VERTEX_POINT('',#2345);
#2348=CARTESIAN_POINT('',(-6.146444998998E0,-6.841102383035E-1,1.67376E1));
#2349=CARTESIAN_POINT('',(-6.146444998998E0,-6.841102383035E-1,1.68016E1));
#2350=VERTEX_POINT('',#2348);
#2351=VERTEX_POINT('',#2349);
#2352=CARTESIAN_POINT('',(-4.608827283445E0,-6.717257587883E-1,1.68656E1));
#2353=DIRECTION('',(-2.419218955997E-1,-9.702957262760E-1,0.E0));
#2354=DIRECTION('',(9.702957262760E-1,-2.419218955997E-1,0.E0));
#2355=AXIS2_PLACEMENT_3D('',#2352,#2353,#2354);
#2356=PLANE('',#2355);
#2358=ORIENTED_EDGE('',*,*,#2357,.F.);
#2360=ORIENTED_EDGE('',*,*,#2359,.F.);
#2362=ORIENTED_EDGE('',*,*,#2361,.F.);
#2364=ORIENTED_EDGE('',*,*,#2363,.F.);
#2365=EDGE_LOOP('',(#2358,#2360,#2362,#2364));
#2366=FACE_OUTER_BOUND('',#2365,.F.);
#2368=CARTESIAN_POINT('',(-4.608827283445E0,-1.067481392459E0,1.68656E1));
#2369=DIRECTION('',(-1.E0,0.E0,0.E0));
#2370=DIRECTION('',(0.E0,0.E0,1.E0));
#2371=AXIS2_PLACEMENT_3D('',#2368,#2369,#2370);
#2372=PLANE('',#2371);
#2374=ORIENTED_EDGE('',*,*,#2373,.F.);
#2376=ORIENTED_EDGE('',*,*,#2375,.F.);
#2377=ORIENTED_EDGE('',*,*,#2357,.T.);
#2379=ORIENTED_EDGE('',*,*,#2378,.F.);
#2380=EDGE_LOOP('',(#2374,#2376,#2377,#2379));
#2381=FACE_OUTER_BOUND('',#2380,.F.);
#2383=CARTESIAN_POINT('',(-6.146444998998E0,-6.841102383034E-1,1.68656E1));
#2384=DIRECTION('',(2.419218955997E-1,9.702957262760E-1,0.E0));
#2385=DIRECTION('',(-9.702957262760E-1,2.419218955997E-1,0.E0));
#2386=AXIS2_PLACEMENT_3D('',#2383,#2384,#2385);
#2387=PLANE('',#2386);
#2389=ORIENTED_EDGE('',*,*,#2388,.T.);
#2391=ORIENTED_EDGE('',*,*,#2390,.F.);
#2392=ORIENTED_EDGE('',*,*,#2373,.T.);
#2394=ORIENTED_EDGE('',*,*,#2393,.F.);
#2395=EDGE_LOOP('',(#2389,#2391,#2392,#2394));
#2396=FACE_OUTER_BOUND('',#2395,.F.);
#2398=CARTESIAN_POINT('',(-6.146444998998E0,-2.883546046330E-1,1.68656E1));
#2399=DIRECTION('',(1.E0,0.E0,0.E0));
#2400=DIRECTION('',(0.E0,0.E0,-1.E0));
#2401=AXIS2_PLACEMENT_3D('',#2398,#2399,#2400);
#2402=PLANE('',#2401);
#2403=ORIENTED_EDGE('',*,*,#2361,.T.);
#2405=ORIENTED_EDGE('',*,*,#2404,.F.);
#2406=ORIENTED_EDGE('',*,*,#2388,.F.);
#2408=ORIENTED_EDGE('',*,*,#2407,.T.);
#2409=EDGE_LOOP('',(#2403,#2405,#2406,#2408));
#2410=FACE_OUTER_BOUND('',#2409,.F.);
#2412=CARTESIAN_POINT('',(-5.92E0,0.E0,1.68016E1));
#2413=DIRECTION('',(0.E0,0.E0,1.E0));
#2414=DIRECTION('',(1.E0,0.E0,0.E0));
#2415=AXIS2_PLACEMENT_3D('',#2412,#2413,#2414);
#2416=PLANE('',#2415);
#2417=ORIENTED_EDGE('',*,*,#2390,.T.);
#2418=ORIENTED_EDGE('',*,*,#2404,.T.);
#2419=ORIENTED_EDGE('',*,*,#2359,.T.);
#2420=ORIENTED_EDGE('',*,*,#2375,.T.);
#2421=EDGE_LOOP('',(#2417,#2418,#2419,#2420));
#2422=FACE_OUTER_BOUND('',#2421,.F.);
#2424=CARTESIAN_POINT('',(7.933796729338E1,-2.738408139160E2,1.67376E1));
#2425=DIRECTION('',(0.E0,0.E0,1.E0));
#2426=DIRECTION('',(0.E0,1.E0,0.E0));
#2427=AXIS2_PLACEMENT_3D('',#2424,#2425,#2426);
#2428=PLANE('',#2427);
#2429=ORIENTED_EDGE('',*,*,#2407,.F.);
#2430=ORIENTED_EDGE('',*,*,#2393,.T.);
#2431=ORIENTED_EDGE('',*,*,#2378,.T.);
#2432=ORIENTED_EDGE('',*,*,#2363,.T.);
#2433=EDGE_LOOP('',(#2429,#2430,#2431,#2432));
#2434=FACE_OUTER_BOUND('',#2433,.F.);
#2436=CLOSED_SHELL('',(#2367,#2382,#2397,#2411,#2423,#2435));
#2437=MANIFOLD_SOLID_BREP('',#2436);
#2438=FILL_AREA_STYLE_COLOUR('',#1119);
#2439=FILL_AREA_STYLE('',(#2438));
#2440=SURFACE_STYLE_FILL_AREA(#2439);
#2441=SURFACE_SIDE_STYLE('',(#2440));
#2442=SURFACE_STYLE_USAGE(.BOTH.,#2441);
#2443=PRESENTATION_STYLE_ASSIGNMENT((#2442));
#2251=STYLED_ITEM('',(#2443),#2437);
#2446=PLANE_ANGLE_MEASURE_WITH_UNIT(PLANE_ANGLE_MEASURE(1.745329251994E-2),
#2445);
#2447=(CONVERSION_BASED_UNIT('DEGREE',#2446)NAMED_UNIT(*)PLANE_ANGLE_UNIT());
#2449=UNCERTAINTY_MEASURE_WITH_UNIT(LENGTH_MEASURE(1.724866592879E-4),#2444,
'closure',
'Maximum model space distance between geometric entities at asserted connectivities');
#2451=CARTESIAN_POINT('',(0.E0,0.E0,0.E0));
#2452=DIRECTION('',(0.E0,0.E0,1.E0));
#2453=DIRECTION('',(1.E0,0.E0,0.E0));
#2456=PRODUCT_CONTEXT('',#1054,'mechanical');
#2457=PRODUCT('LOGO_NX_PRT_272_1_1_1_1_2_1_1','LOGO_NX_PRT_272_1_1_1_1_2_1_1',
'NOT SPECIFIED',(#2456));
#2458=PRODUCT_DEFINITION_FORMATION_WITH_SPECIFIED_SOURCE('1','LAST_VERSION',
#2457,.MADE.);
#2466=DERIVED_UNIT_ELEMENT(#2465,2.E0);
#2467=AREA_UNIT((#2466));
#2468=MEASURE_REPRESENTATION_ITEM('surface area measure',AREA_MEASURE(
1.470538758954E0),#2467);
#2473=DERIVED_UNIT_ELEMENT(#2472,3.E0);
#2474=VOLUME_UNIT((#2473));
#2475=MEASURE_REPRESENTATION_ITEM('volume measure',VOLUME_MEASURE(
3.894533589514E-2),#2474);
#2479=CARTESIAN_POINT('centre point',(-5.377636141221E0,-6.779179985459E-1,
1.67696E1));
#2484=DERIVED_UNIT_ELEMENT(#2483,2.E0);
#2485=AREA_UNIT((#2484));
#2486=MEASURE_REPRESENTATION_ITEM('surface area measure',AREA_MEASURE(
1.470538758954E0),#2485);
#2491=DERIVED_UNIT_ELEMENT(#2490,3.E0);
#2492=VOLUME_UNIT((#2491));
#2493=MEASURE_REPRESENTATION_ITEM('volume measure',VOLUME_MEASURE(
3.894533589514E-2),#2492);
#2497=CARTESIAN_POINT('centre point',(-5.377636141221E0,-6.779179985459E-1,
1.67696E1));
#2504=CARTESIAN_POINT('centre point',(-5.377636141221E0,-6.779179985459E-1,
1.67696E1));
#2508=CARTESIAN_POINT('',(0.E0,0.E0,0.E0));
#2509=DIRECTION('',(0.E0,0.E0,1.E0));
#2510=DIRECTION('',(1.E0,0.E0,0.E0));
#2511=AXIS2_PLACEMENT_3D('',#2508,#2509,#2510);
#2512=ITEM_DEFINED_TRANSFORMATION('','',#2454,#2511);
#2513=CARTESIAN_POINT('',(0.E0,0.E0,0.E0));
#2514=DIRECTION('',(0.E0,0.E0,1.E0));
#2515=DIRECTION('',(1.E0,0.E0,0.E0));
#2517=(REPRESENTATION_RELATIONSHIP('','',#2455,#1964)REPRESENTATION_RELATIONSHIP_WITH_TRANSFORMATION(#2512)SHAPE_REPRESENTATION_RELATIONSHIP());
#2518=CONTEXT_DEPENDENT_SHAPE_REPRESENTATION(#2517,#2503);
#2520=DIRECTION('',(9.702957262760E-1,-2.419218955998E-1,0.E0));
#2521=VECTOR('',#2520,5.413348987374E-1);
#2522=CARTESIAN_POINT('',(-7.138890041750E0,-1.172750663046E0,1.67376E1));
#2523=LINE('',#2522,#2521);
#2524=CURVE_STYLE('',#1125,POSITIVE_LENGTH_MEASURE(2.E-2),#1119);
#2525=PRESENTATION_STYLE_ASSIGNMENT((#2524));
#2526=STYLED_ITEM('',(#2525),#2523);
#2527=CARTESIAN_POINT('',(-6.463114816781E0,-1.824203043432E-2,1.67376E1));
#2528=DIRECTION('',(0.E0,0.E0,-1.E0));
#2529=DIRECTION('',(-1.E0,-1.227934101159E-10,0.E0));
#2530=AXIS2_PLACEMENT_3D('',#2527,#2528,#2529);
#2532=CURVE_STYLE('',#1125,POSITIVE_LENGTH_MEASURE(2.E-2),#1119);
#2533=PRESENTATION_STYLE_ASSIGNMENT((#2532));
#2534=STYLED_ITEM('',(#2533),#2531);
#2535=CARTESIAN_POINT('',(-6.463114816781E0,-1.824203043432E-2,1.67376E1));
#2536=DIRECTION('',(0.E0,0.E0,-1.E0));
#2537=DIRECTION('',(-8.435082623655E-11,1.E0,0.E0));
#2538=AXIS2_PLACEMENT_3D('',#2535,#2536,#2537);
#2540=CURVE_STYLE('',#1125,POSITIVE_LENGTH_MEASURE(2.E-2),#1119);
#2541=PRESENTATION_STYLE_ASSIGNMENT((#2540));
#2542=STYLED_ITEM('',(#2541),#2539);
#2543=DIRECTION('',(9.702957262760E-1,-2.419218955997E-1,0.E0));
#2544=VECTOR('',#2543,1.873525082242E0);
#2545=CARTESIAN_POINT('',(-6.426700663816E0,1.278071600231E-1,1.67376E1));
#2546=LINE('',#2545,#2544);
#2547=CURVE_STYLE('',#1125,POSITIVE_LENGTH_MEASURE(2.E-2),#1119);
#2548=PRESENTATION_STYLE_ASSIGNMENT((#2547));
#2549=STYLED_ITEM('',(#2548),#2546);
#2550=DIRECTION('',(-9.702957262760E-1,2.419218955997E-1,0.E0));
#2551=VECTOR('',#2550,2.350824075031E0);
#2552=CARTESIAN_POINT('',(-4.608827283445E0,7.031605434359E-2,1.67376E1));
#2553=LINE('',#2552,#2551);
#2554=CURVE_STYLE('',#1125,POSITIVE_LENGTH_MEASURE(2.E-2),#1119);
#2555=PRESENTATION_STYLE_ASSIGNMENT((#2554));
#2556=STYLED_ITEM('',(#2555),#2553);
#2557=CARTESIAN_POINT('',(-6.938339422614E0,4.444384621453E-1,1.67376E1));
#2558=DIRECTION('',(0.E0,0.E0,1.E0));
#2559=DIRECTION('',(2.419218955495E-1,9.702957262885E-1,0.E0));
#2560=AXIS2_PLACEMENT_3D('',#2557,#2558,#2559);
#2562=CURVE_STYLE('',#1125,POSITIVE_LENGTH_MEASURE(2.E-2),#1119);
#2563=PRESENTATION_STYLE_ASSIGNMENT((#2562));
#2564=STYLED_ITEM('',(#2563),#2561);
#2565=CARTESIAN_POINT('',(-6.938339422614E0,4.444384621453E-1,1.67376E1));
#2566=DIRECTION('',(0.E0,0.E0,1.E0));
#2567=DIRECTION('',(0.E0,1.E0,0.E0));
#2568=AXIS2_PLACEMENT_3D('',#2565,#2566,#2567);
#2570=CURVE_STYLE('',#1125,POSITIVE_LENGTH_MEASURE(2.E-2),#1119);
#2571=PRESENTATION_STYLE_ASSIGNMENT((#2570));
#2572=STYLED_ITEM('',(#2571),#2569);
#2573=DIRECTION('',(-5.551115123126E-14,8.222589276130E-13,-1.E0));
#2574=VECTOR('',#2573,6.4E-2);
#2575=CARTESIAN_POINT('',(-7.138890041750E0,-1.172750663046E0,1.68016E1));
#2576=LINE('',#2575,#2574);
#2577=CURVE_STYLE('',#1125,POSITIVE_LENGTH_MEASURE(2.E-2),#1119);
#2578=PRESENTATION_STYLE_ASSIGNMENT((#2577));
#2579=STYLED_ITEM('',(#2578),#2576);
#2580=DIRECTION('',(-9.226748571626E-14,1.E0,0.E0));
#2581=VECTOR('',#2580,1.617189125197E0);
#2582=CARTESIAN_POINT('',(-7.138890041750E0,-1.172750663046E0,1.67376E1));
#2583=LINE('',#2582,#2581);
#2584=CURVE_STYLE('',#1125,POSITIVE_LENGTH_MEASURE(2.E-2),#1119);
#2585=PRESENTATION_STYLE_ASSIGNMENT((#2584));
#2586=STYLED_ITEM('',(#2585),#2583);
#2587=DIRECTION('',(-1.387778780781E-14,-2.567911161488E-11,-1.E0));
#2588=VECTOR('',#2587,6.4E-2);
#2589=CARTESIAN_POINT('',(-7.138890041750E0,4.444384621527E-1,1.68016E1));
#2590=LINE('',#2589,#2588);
#2591=CURVE_STYLE('',#1125,POSITIVE_LENGTH_MEASURE(2.E-2),#1119);
#2592=PRESENTATION_STYLE_ASSIGNMENT((#2591));
#2593=STYLED_ITEM('',(#2592),#2590);
#2594=DIRECTION('',(3.924638392050E-11,-9.135053824494E-12,1.E0));
#2595=VECTOR('',#2594,6.4E-2);
#2596=CARTESIAN_POINT('',(-6.889821836675E0,6.390318707966E-1,1.67376E1));
#2597=LINE('',#2596,#2595);
#2598=CURVE_STYLE('',#1125,POSITIVE_LENGTH_MEASURE(2.E-2),#1119);
#2599=PRESENTATION_STYLE_ASSIGNMENT((#2598));
#2600=STYLED_ITEM('',(#2599),#2597);
#2601=DIRECTION('',(-9.702957262760E-1,2.419218955998E-1,0.E0));
#2602=VECTOR('',#2601,5.413348987374E-1);
#2603=CARTESIAN_POINT('',(-6.613635103021E0,-1.303711427903E0,1.68016E1));
#2604=LINE('',#2603,#2602);
#2605=CURVE_STYLE('',#1125,POSITIVE_LENGTH_MEASURE(2.E-2),#1119);
#2606=PRESENTATION_STYLE_ASSIGNMENT((#2605));
#2607=STYLED_ITEM('',(#2606),#2604);
#2608=DIRECTION('',(-9.501354183867E-14,1.E0,0.E0));
#2609=VECTOR('',#2608,1.617189125199E0);
#2610=CARTESIAN_POINT('',(-7.138890041750E0,-1.172750663046E0,1.68016E1));
#2611=LINE('',#2610,#2609);
#2612=CURVE_STYLE('',#1125,POSITIVE_LENGTH_MEASURE(2.E-2),#1119);
#2613=PRESENTATION_STYLE_ASSIGNMENT((#2612));
#2614=STYLED_ITEM('',(#2613),#2611);
#2615=CARTESIAN_POINT('',(-6.938339422614E0,4.444384621453E-1,1.68016E1));
#2616=DIRECTION('',(0.E0,0.E0,-1.E0));
#2617=DIRECTION('',(-1.E0,5.767273878464E-11,0.E0));
#2618=AXIS2_PLACEMENT_3D('',#2615,#2616,#2617);
#2620=CURVE_STYLE('',#1125,POSITIVE_LENGTH_MEASURE(2.E-2),#1119);
#2621=PRESENTATION_STYLE_ASSIGNMENT((#2620));
#2622=STYLED_ITEM('',(#2621),#2619);
#2623=CARTESIAN_POINT('',(-6.938339422614E0,4.444384621453E-1,1.68016E1));
#2624=DIRECTION('',(0.E0,0.E0,-1.E0));
#2625=DIRECTION('',(0.E0,1.E0,0.E0));
#2626=AXIS2_PLACEMENT_3D('',#2623,#2624,#2625);
#2628=CURVE_STYLE('',#1125,POSITIVE_LENGTH_MEASURE(2.E-2),#1119);
#2629=PRESENTATION_STYLE_ASSIGNMENT((#2628));
#2630=STYLED_ITEM('',(#2629),#2627);
#2631=DIRECTION('',(9.702957262760E-1,-2.419218955997E-1,0.E0));
#2632=VECTOR('',#2631,2.350824075029E0);
#2633=CARTESIAN_POINT('',(-6.889821836672E0,6.390318707961E-1,1.68016E1));
#2634=LINE('',#2633,#2632);
#2635=CURVE_STYLE('',#1125,POSITIVE_LENGTH_MEASURE(2.E-2),#1119);
#2636=PRESENTATION_STYLE_ASSIGNMENT((#2635));
#2637=STYLED_ITEM('',(#2636),#2634);
#2638=DIRECTION('',(0.E0,-1.E0,0.E0));
#2639=VECTOR('',#2638,3.957556336703E-1);
#2640=CARTESIAN_POINT('',(-4.608827283445E0,7.031605434364E-2,1.68016E1));
#2641=LINE('',#2640,#2639);
#2642=CURVE_STYLE('',#1125,POSITIVE_LENGTH_MEASURE(2.E-2),#1119);
#2643=PRESENTATION_STYLE_ASSIGNMENT((#2642));
#2644=STYLED_ITEM('',(#2643),#2641);
#2645=DIRECTION('',(-9.702957262760E-1,2.419218955997E-1,0.E0));
#2646=VECTOR('',#2645,1.873525082236E0);
#2647=CARTESIAN_POINT('',(-4.608827283445E0,-3.254395793266E-1,1.68016E1));
#2648=LINE('',#2647,#2646);
#2649=CURVE_STYLE('',#1125,POSITIVE_LENGTH_MEASURE(2.E-2),#1119);
#2650=PRESENTATION_STYLE_ASSIGNMENT((#2649));
#2651=STYLED_ITEM('',(#2650),#2648);
#2652=CARTESIAN_POINT('',(-6.463114816781E0,-1.824203043432E-2,1.68016E1));
#2653=DIRECTION('',(0.E0,0.E0,1.E0));
#2654=DIRECTION('',(2.419218956039E-1,9.702957262749E-1,0.E0));
#2655=AXIS2_PLACEMENT_3D('',#2652,#2653,#2654);
#2657=CURVE_STYLE('',#1125,POSITIVE_LENGTH_MEASURE(2.E-2),#1119);
#2658=PRESENTATION_STYLE_ASSIGNMENT((#2657));
#2659=STYLED_ITEM('',(#2658),#2656);
#2660=CARTESIAN_POINT('',(-6.463114816781E0,-1.824203043432E-2,1.68016E1));
#2661=DIRECTION('',(0.E0,0.E0,1.E0));
#2662=DIRECTION('',(-4.640328069425E-11,1.E0,0.E0));
#2663=AXIS2_PLACEMENT_3D('',#2660,#2661,#2662);
#2665=CURVE_STYLE('',#1125,POSITIVE_LENGTH_MEASURE(2.E-2),#1119);
#2666=PRESENTATION_STYLE_ASSIGNMENT((#2665));
#2667=STYLED_ITEM('',(#2666),#2664);
#2668=DIRECTION('',(-4.035072310008E-13,-1.E0,0.E0));
#2669=VECTOR('',#2668,1.285469397459E0);
#2670=CARTESIAN_POINT('',(-6.613635103020E0,-1.824203044401E-2,1.68016E1));
#2671=LINE('',#2670,#2669);
#2672=CURVE_STYLE('',#1125,POSITIVE_LENGTH_MEASURE(2.E-2),#1119);
#2673=PRESENTATION_STYLE_ASSIGNMENT((#2672));
#2674=STYLED_ITEM('',(#2673),#2671);
#2675=DIRECTION('',(-4.163336342344E-14,8.187894806611E-13,-1.E0));
#2676=VECTOR('',#2675,6.4E-2);
#2677=CARTESIAN_POINT('',(-6.613635103021E0,-1.303711427903E0,1.68016E1));
#2678=LINE('',#2677,#2676);
#2679=CURVE_STYLE('',#1125,POSITIVE_LENGTH_MEASURE(2.E-2),#1119);
#2680=PRESENTATION_STYLE_ASSIGNMENT((#2679));
#2681=STYLED_ITEM('',(#2680),#2678);
#2682=DIRECTION('',(-4.055800421198E-13,-1.E0,0.E0));
#2683=VECTOR('',#2682,1.285469397456E0);
#2684=CARTESIAN_POINT('',(-6.613635103020E0,-1.824203044673E-2,1.67376E1));
#2685=LINE('',#2684,#2683);
#2686=CURVE_STYLE('',#1125,POSITIVE_LENGTH_MEASURE(2.E-2),#1119);
#2687=PRESENTATION_STYLE_ASSIGNMENT((#2686));
#2688=STYLED_ITEM('',(#2687),#2685);
#2689=DIRECTION('',(-9.811595980125E-11,2.450253541730E-11,-1.E0));
#2690=VECTOR('',#2689,6.4E-2);
#2691=CARTESIAN_POINT('',(-6.426700663809E0,1.278071600215E-1,1.68016E1));
#2692=LINE('',#2691,#2690);
#2693=CURVE_STYLE('',#1125,POSITIVE_LENGTH_MEASURE(2.E-2),#1119);
#2694=PRESENTATION_STYLE_ASSIGNMENT((#2693));
#2695=STYLED_ITEM('',(#2694),#2692);
#2696=DIRECTION('',(5.551115123126E-14,4.256263310548E-11,1.E0));
#2697=VECTOR('',#2696,6.4E-2);
#2698=CARTESIAN_POINT('',(-6.613635103020E0,-1.824203044673E-2,1.67376E1));
#2699=LINE('',#2698,#2697);
#2700=CURVE_STYLE('',#1125,POSITIVE_LENGTH_MEASURE(2.E-2),#1119);
#2701=PRESENTATION_STYLE_ASSIGNMENT((#2700));
#2702=STYLED_ITEM('',(#2701),#2699);
#2703=DIRECTION('',(9.714451465470E-14,-2.081668171172E-13,-1.E0));
#2704=VECTOR('',#2703,6.4E-2);
#2705=CARTESIAN_POINT('',(-4.608827283445E0,-3.254395793266E-1,1.68016E1));
#2706=LINE('',#2705,#2704);
#2707=CURVE_STYLE('',#1125,POSITIVE_LENGTH_MEASURE(2.E-2),#1119);
#2708=PRESENTATION_STYLE_ASSIGNMENT((#2707));
#2709=STYLED_ITEM('',(#2708),#2706);
#2710=DIRECTION('',(0.E0,-7.814929259276E-13,-1.E0));
#2711=VECTOR('',#2710,6.4E-2);
#2712=CARTESIAN_POINT('',(-4.608827283445E0,7.031605434364E-2,1.68016E1));
#2713=LINE('',#2712,#2711);
#2714=CURVE_STYLE('',#1125,POSITIVE_LENGTH_MEASURE(2.E-2),#1119);
#2715=PRESENTATION_STYLE_ASSIGNMENT((#2714));
#2716=STYLED_ITEM('',(#2715),#2713);
#2717=DIRECTION('',(1.795407760012E-14,-1.E0,0.E0));
#2718=VECTOR('',#2717,3.957556336702E-1);
#2719=CARTESIAN_POINT('',(-4.608827283445E0,7.031605434359E-2,1.67376E1));
#2720=LINE('',#2719,#2718);
#2721=CURVE_STYLE('',#1125,POSITIVE_LENGTH_MEASURE(2.E-2),#1119);
#2722=PRESENTATION_STYLE_ASSIGNMENT((#2721));
#2723=STYLED_ITEM('',(#2722),#2720);
#2724=CARTESIAN_POINT('',(-7.138890041750E0,-1.172750663046E0,1.67376E1));
#2725=CARTESIAN_POINT('',(-7.138890041750E0,4.444384621511E-1,1.67376E1));
#2726=VERTEX_POINT('',#2724);
#2727=VERTEX_POINT('',#2725);
#2728=CARTESIAN_POINT('',(-6.613635103021E0,-1.303711427903E0,1.67376E1));
#2729=VERTEX_POINT('',#2728);
#2730=CARTESIAN_POINT('',(-6.613635103020E0,-1.824203044673E-2,1.67376E1));
#2731=VERTEX_POINT('',#2730);
#2732=CARTESIAN_POINT('',(-6.463114816794E0,1.322782558046E-1,1.67376E1));
#2733=VERTEX_POINT('',#2732);
#2734=CARTESIAN_POINT('',(-6.426700663820E0,1.278071600241E-1,1.67376E1));
#2735=VERTEX_POINT('',#2734);
#2736=CARTESIAN_POINT('',(-4.608827283445E0,-3.254395793266E-1,1.67376E1));
#2737=VERTEX_POINT('',#2736);
#2738=CARTESIAN_POINT('',(-4.608827283445E0,7.031605434359E-2,1.67376E1));
#2739=VERTEX_POINT('',#2738);
#2740=CARTESIAN_POINT('',(-6.889821836675E0,6.390318707966E-1,1.67376E1));
#2741=VERTEX_POINT('',#2740);
#2742=CARTESIAN_POINT('',(-6.938339422614E0,6.449890812816E-1,1.67376E1));
#2743=VERTEX_POINT('',#2742);
#2744=CARTESIAN_POINT('',(-7.138890041750E0,4.444384621527E-1,1.68016E1));
#2745=VERTEX_POINT('',#2744);
#2746=CARTESIAN_POINT('',(-7.138890041750E0,-1.172750663046E0,1.68016E1));
#2747=VERTEX_POINT('',#2746);
#2748=CARTESIAN_POINT('',(-6.938339422614E0,6.449890812816E-1,1.68016E1));
#2749=CARTESIAN_POINT('',(-6.889821836673E0,6.390318707962E-1,1.68016E1));
#2750=VERTEX_POINT('',#2748);
#2751=VERTEX_POINT('',#2749);
#2752=CARTESIAN_POINT('',(-6.613635103021E0,-1.303711427903E0,1.68016E1));
#2753=VERTEX_POINT('',#2752);
#2754=CARTESIAN_POINT('',(-4.608827283445E0,7.031605434364E-2,1.68016E1));
#2755=VERTEX_POINT('',#2754);
#2756=CARTESIAN_POINT('',(-4.608827283445E0,-3.254395793266E-1,1.68016E1));
#2757=VERTEX_POINT('',#2756);
#2758=CARTESIAN_POINT('',(-6.426700663809E0,1.278071600215E-1,1.68016E1));
#2759=VERTEX_POINT('',#2758);
#2760=CARTESIAN_POINT('',(-6.463114816788E0,1.322782558046E-1,1.68016E1));
#2761=VERTEX_POINT('',#2760);
#2762=CARTESIAN_POINT('',(-6.613635103020E0,-1.824203044642E-2,1.68016E1));
#2763=VERTEX_POINT('',#2762);
#2764=CARTESIAN_POINT('',(-6.463114816781E0,-1.824203043432E-2,1.67376E1));
#2765=DIRECTION('',(0.E0,0.E0,-1.E0));
#2766=DIRECTION('',(0.E0,-1.E0,0.E0));
#2767=AXIS2_PLACEMENT_3D('',#2764,#2765,#2766);
#2768=PLANE('',#2767);
#2770=ORIENTED_EDGE('',*,*,#2769,.F.);
#2772=ORIENTED_EDGE('',*,*,#2771,.T.);
#2774=ORIENTED_EDGE('',*,*,#2773,.F.);
#2776=ORIENTED_EDGE('',*,*,#2775,.T.);
#2778=ORIENTED_EDGE('',*,*,#2777,.T.);
#2780=ORIENTED_EDGE('',*,*,#2779,.T.);
#2782=ORIENTED_EDGE('',*,*,#2781,.F.);
#2784=ORIENTED_EDGE('',*,*,#2783,.T.);
#2786=ORIENTED_EDGE('',*,*,#2785,.T.);
#2788=ORIENTED_EDGE('',*,*,#2787,.T.);
#2789=EDGE_LOOP('',(#2770,#2772,#2774,#2776,#2778,#2780,#2782,#2784,#2786,
#2788));
#2790=FACE_OUTER_BOUND('',#2789,.F.);
#2792=CARTESIAN_POINT('',(-7.138890041750E0,4.444384621453E-1,1.68656E1));
#2793=DIRECTION('',(1.E0,0.E0,0.E0));
#2794=DIRECTION('',(0.E0,0.E0,-1.E0));
#2795=AXIS2_PLACEMENT_3D('',#2792,#2793,#2794);
#2796=PLANE('',#2795);
#2798=ORIENTED_EDGE('',*,*,#2797,.F.);
#2800=ORIENTED_EDGE('',*,*,#2799,.F.);
#2802=ORIENTED_EDGE('',*,*,#2801,.T.);
#2803=ORIENTED_EDGE('',*,*,#2769,.T.);
#2804=EDGE_LOOP('',(#2798,#2800,#2802,#2803));
#2805=FACE_OUTER_BOUND('',#2804,.F.);
#2807=CARTESIAN_POINT('',(-6.938339422614E0,4.444384621453E-1,1.68656E1));
#2808=DIRECTION('',(0.E0,0.E0,-1.E0));
#2809=DIRECTION('',(0.E0,-1.E0,0.E0));
#2810=AXIS2_PLACEMENT_3D('',#2807,#2808,#2809);
#2811=CYLINDRICAL_SURFACE('',#2810,2.005506191363E-1);
#2813=ORIENTED_EDGE('',*,*,#2812,.F.);
#2815=ORIENTED_EDGE('',*,*,#2814,.F.);
#2816=ORIENTED_EDGE('',*,*,#2797,.T.);
#2817=ORIENTED_EDGE('',*,*,#2787,.F.);
#2818=ORIENTED_EDGE('',*,*,#2785,.F.);
#2820=ORIENTED_EDGE('',*,*,#2819,.T.);
#2821=EDGE_LOOP('',(#2813,#2815,#2816,#2817,#2818,#2820));
#2822=FACE_OUTER_BOUND('',#2821,.F.);
#2824=CARTESIAN_POINT('',(-5.92E0,0.E0,1.68016E1));
#2825=DIRECTION('',(0.E0,0.E0,1.E0));
#2826=DIRECTION('',(1.E0,0.E0,0.E0));
#2827=AXIS2_PLACEMENT_3D('',#2824,#2825,#2826);
#2828=PLANE('',#2827);
#2830=ORIENTED_EDGE('',*,*,#2829,.T.);
#2831=ORIENTED_EDGE('',*,*,#2799,.T.);
#2832=ORIENTED_EDGE('',*,*,#2814,.T.);
#2833=ORIENTED_EDGE('',*,*,#2812,.T.);
#2835=ORIENTED_EDGE('',*,*,#2834,.T.);
#2837=ORIENTED_EDGE('',*,*,#2836,.T.);
#2839=ORIENTED_EDGE('',*,*,#2838,.T.);
#2841=ORIENTED_EDGE('',*,*,#2840,.T.);
#2843=ORIENTED_EDGE('',*,*,#2842,.T.);
#2845=ORIENTED_EDGE('',*,*,#2844,.T.);
#2846=EDGE_LOOP('',(#2830,#2831,#2832,#2833,#2835,#2837,#2839,#2841,#2843,
#2845));
#2847=FACE_OUTER_BOUND('',#2846,.F.);
#2849=CARTESIAN_POINT('',(-7.138890041750E0,-1.172750663046E0,1.68656E1));
#2850=DIRECTION('',(2.419218955996E-1,9.702957262760E-1,0.E0));
#2851=DIRECTION('',(-9.702957262760E-1,2.419218955996E-1,0.E0));
#2852=AXIS2_PLACEMENT_3D('',#2849,#2850,#2851);
#2853=PLANE('',#2852);
#2854=ORIENTED_EDGE('',*,*,#2801,.F.);
#2855=ORIENTED_EDGE('',*,*,#2829,.F.);
#2857=ORIENTED_EDGE('',*,*,#2856,.T.);
#2858=ORIENTED_EDGE('',*,*,#2771,.F.);
#2859=EDGE_LOOP('',(#2854,#2855,#2857,#2858));
#2860=FACE_OUTER_BOUND('',#2859,.F.);
#2862=CARTESIAN_POINT('',(-6.613635103021E0,-1.303711427903E0,1.68656E1));
#2863=DIRECTION('',(-1.E0,0.E0,0.E0));
#2864=DIRECTION('',(0.E0,0.E0,1.E0));
#2865=AXIS2_PLACEMENT_3D('',#2862,#2863,#2864);
#2866=PLANE('',#2865);
#2867=ORIENTED_EDGE('',*,*,#2856,.F.);
#2868=ORIENTED_EDGE('',*,*,#2844,.F.);
#2870=ORIENTED_EDGE('',*,*,#2869,.F.);
#2871=ORIENTED_EDGE('',*,*,#2773,.T.);
#2872=EDGE_LOOP('',(#2867,#2868,#2870,#2871));
#2873=FACE_OUTER_BOUND('',#2872,.F.);
#2875=CARTESIAN_POINT('',(-6.463114816781E0,-1.824203043432E-2,1.68656E1));
#2876=DIRECTION('',(0.E0,0.E0,-1.E0));
#2877=DIRECTION('',(0.E0,-1.E0,0.E0));
#2878=AXIS2_PLACEMENT_3D('',#2875,#2876,#2877);
#2879=CYLINDRICAL_SURFACE('',#2878,1.505202862389E-1);
#2880=ORIENTED_EDGE('',*,*,#2842,.F.);
#2881=ORIENTED_EDGE('',*,*,#2840,.F.);
#2883=ORIENTED_EDGE('',*,*,#2882,.T.);
#2884=ORIENTED_EDGE('',*,*,#2777,.F.);
#2885=ORIENTED_EDGE('',*,*,#2775,.F.);
#2886=ORIENTED_EDGE('',*,*,#2869,.T.);
#2887=EDGE_LOOP('',(#2880,#2881,#2883,#2884,#2885,#2886));
#2888=FACE_OUTER_BOUND('',#2887,.F.);
#2890=CARTESIAN_POINT('',(-6.426700663808E0,1.278071600211E-1,1.68656E1));
#2891=DIRECTION('',(2.419218955997E-1,9.702957262760E-1,0.E0));
#2892=DIRECTION('',(-9.702957262760E-1,2.419218955997E-1,0.E0));
#2893=AXIS2_PLACEMENT_3D('',#2890,#2891,#2892);
#2894=PLANE('',#2893);
#2895=ORIENTED_EDGE('',*,*,#2882,.F.);
#2896=ORIENTED_EDGE('',*,*,#2838,.F.);
#2898=ORIENTED_EDGE('',*,*,#2897,.T.);
#2899=ORIENTED_EDGE('',*,*,#2779,.F.);
#2900=EDGE_LOOP('',(#2895,#2896,#2898,#2899));
#2901=FACE_OUTER_BOUND('',#2900,.F.);
#2903=CARTESIAN_POINT('',(-4.608827283445E0,-3.254395793267E-1,1.68656E1));
#2904=DIRECTION('',(-1.E0,0.E0,0.E0));
#2905=DIRECTION('',(0.E0,0.E0,1.E0));
#2906=AXIS2_PLACEMENT_3D('',#2903,#2904,#2905);
#2907=PLANE('',#2906);
#2908=ORIENTED_EDGE('',*,*,#2897,.F.);
#2909=ORIENTED_EDGE('',*,*,#2836,.F.);
#2911=ORIENTED_EDGE('',*,*,#2910,.T.);
#2912=ORIENTED_EDGE('',*,*,#2781,.T.);
#2913=EDGE_LOOP('',(#2908,#2909,#2911,#2912));
#2914=FACE_OUTER_BOUND('',#2913,.F.);
#2916=CARTESIAN_POINT('',(-4.608827283445E0,7.031605434358E-2,1.68656E1));
#2917=DIRECTION('',(-2.419218955997E-1,-9.702957262760E-1,0.E0));
#2918=DIRECTION('',(9.702957262760E-1,-2.419218955997E-1,0.E0));
#2919=AXIS2_PLACEMENT_3D('',#2916,#2917,#2918);
#2920=PLANE('',#2919);
#2921=ORIENTED_EDGE('',*,*,#2910,.F.);
#2922=ORIENTED_EDGE('',*,*,#2834,.F.);
#2923=ORIENTED_EDGE('',*,*,#2819,.F.);
#2924=ORIENTED_EDGE('',*,*,#2783,.F.);
#2925=EDGE_LOOP('',(#2921,#2922,#2923,#2924));
#2926=FACE_OUTER_BOUND('',#2925,.F.);
#2928=CLOSED_SHELL('',(#2791,#2806,#2823,#2848,#2861,#2874,#2889,#2902,#2915,
#2927));
#2929=MANIFOLD_SOLID_BREP('',#2928);
#2930=FILL_AREA_STYLE_COLOUR('',#1119);
#2931=FILL_AREA_STYLE('',(#2930));
#2932=SURFACE_STYLE_FILL_AREA(#2931);
#2933=SURFACE_SIDE_STYLE('',(#2932));
#2934=SURFACE_STYLE_USAGE(.BOTH.,#2933);
#2935=PRESENTATION_STYLE_ASSIGNMENT((#2934));
#2519=STYLED_ITEM('',(#2935),#2929);
#2938=PLANE_ANGLE_MEASURE_WITH_UNIT(PLANE_ANGLE_MEASURE(1.745329251994E-2),
#2937);
#2939=(CONVERSION_BASED_UNIT('DEGREE',#2938)NAMED_UNIT(*)PLANE_ANGLE_UNIT());
#2941=UNCERTAINTY_MEASURE_WITH_UNIT(LENGTH_MEASURE(3.194046185015E-4),#2936,
'closure',
'Maximum model space distance between geometric entities at asserted connectivities');
#2943=CARTESIAN_POINT('',(0.E0,0.E0,0.E0));
#2944=DIRECTION('',(0.E0,0.E0,1.E0));
#2945=DIRECTION('',(1.E0,0.E0,0.E0));
#2948=PRODUCT_DEFINITION_CONTEXT('',#1054,'design');
#2949=PRODUCT_CONTEXT('',#1054,'mechanical');
#2950=PRODUCT('LOGO_NX_PRT_291_1_1_1_1_2_1_1','LOGO_NX_PRT_291_1_1_1_1_2_1_1',
'NOT SPECIFIED',(#2949));
#2951=PRODUCT_DEFINITION_FORMATION_WITH_SPECIFIED_SOURCE('1','LAST_VERSION',
#2950,.MADE.);
#2959=DERIVED_UNIT_ELEMENT(#2958,2.E0);
#2960=AREA_UNIT((#2959));
#2961=MEASURE_REPRESENTATION_ITEM('surface area measure',AREA_MEASURE(
4.099164860071E0),#2960);
#2966=DERIVED_UNIT_ELEMENT(#2965,3.E0);
#2967=VOLUME_UNIT((#2966));
#2968=MEASURE_REPRESENTATION_ITEM('volume measure',VOLUME_MEASURE(
1.133529273007E-1),#2967);
#2972=CARTESIAN_POINT('centre point',(-6.306379517691E0,-1.173548994856E-1,
1.67696E1));
#2977=DERIVED_UNIT_ELEMENT(#2976,2.E0);
#2978=AREA_UNIT((#2977));
#2979=MEASURE_REPRESENTATION_ITEM('surface area measure',AREA_MEASURE(
4.099164860071E0),#2978);
#2984=DERIVED_UNIT_ELEMENT(#2983,3.E0);
#2985=VOLUME_UNIT((#2984));
#2986=MEASURE_REPRESENTATION_ITEM('volume measure',VOLUME_MEASURE(
1.133529273007E-1),#2985);
#2990=CARTESIAN_POINT('centre point',(-6.306379517691E0,-1.173548994856E-1,
1.67696E1));
#2997=CARTESIAN_POINT('centre point',(-6.306379517691E0,-1.173548994856E-1,
1.67696E1));
#3001=CARTESIAN_POINT('',(0.E0,0.E0,0.E0));
#3002=DIRECTION('',(0.E0,0.E0,1.E0));
#3003=DIRECTION('',(1.E0,0.E0,0.E0));
#3004=AXIS2_PLACEMENT_3D('',#3001,#3002,#3003);
#3005=ITEM_DEFINED_TRANSFORMATION('','',#2946,#3004);
#3006=CARTESIAN_POINT('',(0.E0,0.E0,0.E0));
#3007=DIRECTION('',(0.E0,0.E0,1.E0));
#3008=DIRECTION('',(1.E0,0.E0,0.E0));
#3010=(REPRESENTATION_RELATIONSHIP('','',#2947,#1964)REPRESENTATION_RELATIONSHIP_WITH_TRANSFORMATION(#3005)SHAPE_REPRESENTATION_RELATIONSHIP());
#3011=CONTEXT_DEPENDENT_SHAPE_REPRESENTATION(#3010,#2996);
#3013=DIRECTION('',(8.326672684689E-14,6.487865800153E-13,-1.E0));
#3014=VECTOR('',#3013,6.4E-2);
#3015=CARTESIAN_POINT('',(-7.138890041750E0,1.467908089176E0,1.68016E1));
#3016=LINE('',#3015,#3014);
#3017=CURVE_STYLE('',#1125,POSITIVE_LENGTH_MEASURE(2.E-2),#1119);
#3018=PRESENTATION_STYLE_ASSIGNMENT((#3017));
#3019=STYLED_ITEM('',(#3018),#3016);
#3020=DIRECTION('',(5.551115123126E-14,-4.805184028456E-13,1.E0));
#3021=VECTOR('',#3020,6.4E-2);
#3022=CARTESIAN_POINT('',(-4.608827283445E0,4.413369609098E-1,1.67376E1));
#3023=LINE('',#3022,#3021);
#3024=CURVE_STYLE('',#1125,POSITIVE_LENGTH_MEASURE(2.E-2),#1119);
#3025=PRESENTATION_STYLE_ASSIGNMENT((#3024));
#3026=STYLED_ITEM('',(#3025),#3023);
#3027=DIRECTION('',(1.122129850008E-14,1.E0,0.E0));
#3028=VECTOR('',#3027,3.957556336701E-1);
#3029=CARTESIAN_POINT('',(-4.608827283445E0,4.413369609098E-1,1.68016E1));
#3030=LINE('',#3029,#3028);
#3031=CURVE_STYLE('',#1125,POSITIVE_LENGTH_MEASURE(2.E-2),#1119);
#3032=PRESENTATION_STYLE_ASSIGNMENT((#3031));
#3033=STYLED_ITEM('',(#3032),#3030);
#3034=DIRECTION('',(5.551115123126E-14,2.966377143920E-13,-1.E0));
#3035=VECTOR('',#3034,6.4E-2);
#3036=CARTESIAN_POINT('',(-4.608827283445E0,8.370925945799E-1,1.68016E1));
#3037=LINE('',#3036,#3035);
#3038=CURVE_STYLE('',#1125,POSITIVE_LENGTH_MEASURE(2.E-2),#1119);
#3039=PRESENTATION_STYLE_ASSIGNMENT((#3038));
#3040=STYLED_ITEM('',(#3039),#3037);
#3041=DIRECTION('',(-2.693111640019E-14,-1.E0,0.E0));
#3042=VECTOR('',#3041,3.957556336701E-1);
#3043=CARTESIAN_POINT('',(-4.608827283445E0,8.370925945799E-1,1.67376E1));
#3044=LINE('',#3043,#3042);
#3045=CURVE_STYLE('',#1125,POSITIVE_LENGTH_MEASURE(2.E-2),#1119);
#3046=PRESENTATION_STYLE_ASSIGNMENT((#3045));
#3047=STYLED_ITEM('',(#3046),#3044);
#3048=DIRECTION('',(-2.775557561563E-14,-3.469446951954E-13,1.E0));
#3049=VECTOR('',#3048,6.4E-2);
#3050=CARTESIAN_POINT('',(-7.138890041750E0,1.072152455506E0,1.67376E1));
#3051=LINE('',#3050,#3049);
#3052=CURVE_STYLE('',#1125,POSITIVE_LENGTH_MEASURE(2.E-2),#1119);
#3053=PRESENTATION_STYLE_ASSIGNMENT((#3052));
#3054=STYLED_ITEM('',(#3053),#3051);
#3055=DIRECTION('',(-9.702957262760E-1,2.419218955997E-1,0.E0));
#3056=VECTOR('',#3055,2.607517161820E0);
#3057=CARTESIAN_POINT('',(-4.608827283445E0,4.413369609098E-1,1.68016E1));
#3058=LINE('',#3057,#3056);
#3059=CURVE_STYLE('',#1125,POSITIVE_LENGTH_MEASURE(2.E-2),#1119);
#3060=PRESENTATION_STYLE_ASSIGNMENT((#3059));
#3061=STYLED_ITEM('',(#3060),#3058);
#3062=DIRECTION('',(5.386223280039E-14,1.E0,0.E0));
#3063=VECTOR('',#3062,3.957556336701E-1);
#3064=CARTESIAN_POINT('',(-7.138890041750E0,1.072152455506E0,1.68016E1));
#3065=LINE('',#3064,#3063);
#3066=CURVE_STYLE('',#1125,POSITIVE_LENGTH_MEASURE(2.E-2),#1119);
#3067=PRESENTATION_STYLE_ASSIGNMENT((#3066));
#3068=STYLED_ITEM('',(#3067),#3065);
#3069=DIRECTION('',(9.702957262760E-1,-2.419218955997E-1,0.E0));
#3070=VECTOR('',#3069,2.607517161820E0);
#3071=CARTESIAN_POINT('',(-7.138890041750E0,1.467908089176E0,1.68016E1));
#3072=LINE('',#3071,#3070);
#3073=CURVE_STYLE('',#1125,POSITIVE_LENGTH_MEASURE(2.E-2),#1119);
#3074=PRESENTATION_STYLE_ASSIGNMENT((#3073));
#3075=STYLED_ITEM('',(#3074),#3072);
#3076=DIRECTION('',(9.702957262760E-1,-2.419218955997E-1,0.E0));
#3077=VECTOR('',#3076,2.607517161820E0);
#3078=CARTESIAN_POINT('',(-7.138890041750E0,1.072152455506E0,1.67376E1));
#3079=LINE('',#3078,#3077);
#3080=CURVE_STYLE('',#1125,POSITIVE_LENGTH_MEASURE(2.E-2),#1119);
#3081=PRESENTATION_STYLE_ASSIGNMENT((#3080));
#3082=STYLED_ITEM('',(#3081),#3079);
#3083=DIRECTION('',(-9.702957262760E-1,2.419218955997E-1,0.E0));
#3084=VECTOR('',#3083,2.607517161820E0);
#3085=CARTESIAN_POINT('',(-4.608827283445E0,8.370925945799E-1,1.67376E1));
#3086=LINE('',#3085,#3084);
#3087=CURVE_STYLE('',#1125,POSITIVE_LENGTH_MEASURE(2.E-2),#1119);
#3088=PRESENTATION_STYLE_ASSIGNMENT((#3087));
#3089=STYLED_ITEM('',(#3088),#3086);
#3090=DIRECTION('',(-7.181631040052E-14,-1.E0,0.E0));
#3091=VECTOR('',#3090,3.957556336701E-1);
#3092=CARTESIAN_POINT('',(-7.138890041750E0,1.467908089176E0,1.67376E1));
#3093=LINE('',#3092,#3091);
#3094=CURVE_STYLE('',#1125,POSITIVE_LENGTH_MEASURE(2.E-2),#1119);
#3095=PRESENTATION_STYLE_ASSIGNMENT((#3094));
#3096=STYLED_ITEM('',(#3095),#3093);
#3097=CARTESIAN_POINT('',(-7.138890041750E0,1.467908089176E0,1.68016E1));
#3098=CARTESIAN_POINT('',(-7.138890041750E0,1.467908089176E0,1.67376E1));
#3099=VERTEX_POINT('',#3097);
#3100=VERTEX_POINT('',#3098);
#3101=CARTESIAN_POINT('',(-7.138890041750E0,1.072152455506E0,1.68016E1));
#3102=VERTEX_POINT('',#3101);
#3103=CARTESIAN_POINT('',(-7.138890041750E0,1.072152455506E0,1.67376E1));
#3104=VERTEX_POINT('',#3103);
#3105=CARTESIAN_POINT('',(-4.608827283445E0,8.370925945799E-1,1.68016E1));
#3106=CARTESIAN_POINT('',(-4.608827283445E0,8.370925945799E-1,1.67376E1));
#3107=VERTEX_POINT('',#3105);
#3108=VERTEX_POINT('',#3106);
#3109=CARTESIAN_POINT('',(-4.608827283445E0,4.413369609098E-1,1.67376E1));
#3110=CARTESIAN_POINT('',(-4.608827283445E0,4.413369609098E-1,1.68016E1));
#3111=VERTEX_POINT('',#3109);
#3112=VERTEX_POINT('',#3110);
#3113=CARTESIAN_POINT('',(-7.138890041750E0,1.467908089176E0,1.68656E1));
#3114=DIRECTION('',(1.E0,0.E0,0.E0));
#3115=DIRECTION('',(0.E0,0.E0,-1.E0));
#3116=AXIS2_PLACEMENT_3D('',#3113,#3114,#3115);
#3117=PLANE('',#3116);
#3119=ORIENTED_EDGE('',*,*,#3118,.F.);
#3121=ORIENTED_EDGE('',*,*,#3120,.F.);
#3123=ORIENTED_EDGE('',*,*,#3122,.F.);
#3125=ORIENTED_EDGE('',*,*,#3124,.F.);
#3126=EDGE_LOOP('',(#3119,#3121,#3123,#3125));
#3127=FACE_OUTER_BOUND('',#3126,.F.);
#3129=CARTESIAN_POINT('',(-4.608827283445E0,8.370925945800E-1,1.68656E1));
#3130=DIRECTION('',(-2.419218955997E-1,-9.702957262760E-1,0.E0));
#3131=DIRECTION('',(9.702957262760E-1,-2.419218955997E-1,0.E0));
#3132=AXIS2_PLACEMENT_3D('',#3129,#3130,#3131);
#3133=PLANE('',#3132);
#3135=ORIENTED_EDGE('',*,*,#3134,.F.);
#3137=ORIENTED_EDGE('',*,*,#3136,.F.);
#3138=ORIENTED_EDGE('',*,*,#3118,.T.);
#3140=ORIENTED_EDGE('',*,*,#3139,.F.);
#3141=EDGE_LOOP('',(#3135,#3137,#3138,#3140));
#3142=FACE_OUTER_BOUND('',#3141,.F.);
#3144=CARTESIAN_POINT('',(-4.608827283445E0,4.413369609096E-1,1.68656E1));
#3145=DIRECTION('',(-1.E0,0.E0,0.E0));
#3146=DIRECTION('',(0.E0,0.E0,1.E0));
#3147=AXIS2_PLACEMENT_3D('',#3144,#3145,#3146);
#3148=PLANE('',#3147);
#3150=ORIENTED_EDGE('',*,*,#3149,.T.);
#3152=ORIENTED_EDGE('',*,*,#3151,.T.);
#3153=ORIENTED_EDGE('',*,*,#3134,.T.);
#3155=ORIENTED_EDGE('',*,*,#3154,.T.);
#3156=EDGE_LOOP('',(#3150,#3152,#3153,#3155));
#3157=FACE_OUTER_BOUND('',#3156,.F.);
#3159=CARTESIAN_POINT('',(-7.138890041750E0,1.072152455506E0,1.68656E1));
#3160=DIRECTION('',(2.419218955997E-1,9.702957262760E-1,0.E0));
#3161=DIRECTION('',(-9.702957262760E-1,2.419218955997E-1,0.E0));
#3162=AXIS2_PLACEMENT_3D('',#3159,#3160,#3161);
#3163=PLANE('',#3162);
#3164=ORIENTED_EDGE('',*,*,#3122,.T.);
#3166=ORIENTED_EDGE('',*,*,#3165,.F.);
#3167=ORIENTED_EDGE('',*,*,#3149,.F.);
#3169=ORIENTED_EDGE('',*,*,#3168,.F.);
#3170=EDGE_LOOP('',(#3164,#3166,#3167,#3169));
#3171=FACE_OUTER_BOUND('',#3170,.F.);
#3173=CARTESIAN_POINT('',(-5.92E0,0.E0,1.68016E1));
#3174=DIRECTION('',(0.E0,0.E0,1.E0));
#3175=DIRECTION('',(1.E0,0.E0,0.E0));
#3176=AXIS2_PLACEMENT_3D('',#3173,#3174,#3175);
#3177=PLANE('',#3176);
#3178=ORIENTED_EDGE('',*,*,#3151,.F.);
#3179=ORIENTED_EDGE('',*,*,#3165,.T.);
#3180=ORIENTED_EDGE('',*,*,#3120,.T.);
#3181=ORIENTED_EDGE('',*,*,#3136,.T.);
#3182=EDGE_LOOP('',(#3178,#3179,#3180,#3181));
#3183=FACE_OUTER_BOUND('',#3182,.F.);
#3185=CARTESIAN_POINT('',(7.933796729338E1,-2.738408139160E2,1.67376E1));
#3186=DIRECTION('',(0.E0,0.E0,1.E0));
#3187=DIRECTION('',(0.E0,1.E0,0.E0));
#3188=AXIS2_PLACEMENT_3D('',#3185,#3186,#3187);
#3189=PLANE('',#3188);
#3190=ORIENTED_EDGE('',*,*,#3168,.T.);
#3191=ORIENTED_EDGE('',*,*,#3154,.F.);
#3192=ORIENTED_EDGE('',*,*,#3139,.T.);
#3193=ORIENTED_EDGE('',*,*,#3124,.T.);
#3194=EDGE_LOOP('',(#3190,#3191,#3192,#3193));
#3195=FACE_OUTER_BOUND('',#3194,.F.);
#3197=CLOSED_SHELL('',(#3128,#3143,#3158,#3172,#3184,#3196));
#3198=MANIFOLD_SOLID_BREP('',#3197);
#3199=FILL_AREA_STYLE_COLOUR('',#1119);
#3200=FILL_AREA_STYLE('',(#3199));
#3201=SURFACE_STYLE_FILL_AREA(#3200);
#3202=SURFACE_SIDE_STYLE('',(#3201));
#3203=SURFACE_STYLE_USAGE(.BOTH.,#3202);
#3204=PRESENTATION_STYLE_ASSIGNMENT((#3203));
#3012=STYLED_ITEM('',(#3204),#3198);
#3207=PLANE_ANGLE_MEASURE_WITH_UNIT(PLANE_ANGLE_MEASURE(1.745329251994E-2),
#3206);
#3208=(CONVERSION_BASED_UNIT('DEGREE',#3207)NAMED_UNIT(*)PLANE_ANGLE_UNIT());
#3210=UNCERTAINTY_MEASURE_WITH_UNIT(LENGTH_MEASURE(2.731037370916E-4),#3205,
'closure',
'Maximum model space distance between geometric entities at asserted connectivities');
#3212=CARTESIAN_POINT('',(0.E0,0.E0,0.E0));
#3213=DIRECTION('',(0.E0,0.E0,1.E0));
#3214=DIRECTION('',(1.E0,0.E0,0.E0));
#3217=PRODUCT_CONTEXT('',#1054,'mechanical');
#3218=PRODUCT('LOGO_NX_PRT_330_1_1_1_1_2_1_1','LOGO_NX_PRT_330_1_1_1_1_2_1_1',
'NOT SPECIFIED',(#3217));
#3219=PRODUCT_DEFINITION_FORMATION_WITH_SPECIFIED_SOURCE('1','LAST_VERSION',
#3218,.MADE.);
#3227=DERIVED_UNIT_ELEMENT(#3226,2.E0);
#3228=AREA_UNIT((#3227));
#3229=MEASURE_REPRESENTATION_ITEM('surface area measure',AREA_MEASURE(
2.386992098099E0),#3228);
#3234=DERIVED_UNIT_ELEMENT(#3233,3.E0);
#3235=VOLUME_UNIT((#3234));
#3236=MEASURE_REPRESENTATION_ITEM('volume measure',VOLUME_MEASURE(
6.408234176884E-2),#3235);
#3240=CARTESIAN_POINT('centre point',(-5.873858662597E0,9.546225250430E-1,
1.67696E1));
#3245=DERIVED_UNIT_ELEMENT(#3244,2.E0);
#3246=AREA_UNIT((#3245));
#3247=MEASURE_REPRESENTATION_ITEM('surface area measure',AREA_MEASURE(
2.386992098099E0),#3246);
#3252=DERIVED_UNIT_ELEMENT(#3251,3.E0);
#3253=VOLUME_UNIT((#3252));
#3254=MEASURE_REPRESENTATION_ITEM('volume measure',VOLUME_MEASURE(
6.408234176884E-2),#3253);
#3258=CARTESIAN_POINT('centre point',(-5.873858662597E0,9.546225250430E-1,
1.67696E1));
#3265=CARTESIAN_POINT('centre point',(-5.873858662597E0,9.546225250430E-1,
1.67696E1));
#3269=CARTESIAN_POINT('',(0.E0,0.E0,0.E0));
#3270=DIRECTION('',(0.E0,0.E0,1.E0));
#3271=DIRECTION('',(1.E0,0.E0,0.E0));
#3272=AXIS2_PLACEMENT_3D('',#3269,#3270,#3271);
#3273=ITEM_DEFINED_TRANSFORMATION('','',#3215,#3272);
#3274=CARTESIAN_POINT('',(0.E0,0.E0,0.E0));
#3275=DIRECTION('',(0.E0,0.E0,1.E0));
#3276=DIRECTION('',(1.E0,0.E0,0.E0));
#3278=(REPRESENTATION_RELATIONSHIP('','',#3216,#1964)REPRESENTATION_RELATIONSHIP_WITH_TRANSFORMATION(#3273)SHAPE_REPRESENTATION_RELATIONSHIP());
#3279=CONTEXT_DEPENDENT_SHAPE_REPRESENTATION(#3278,#3264);
#3281=DIRECTION('',(-6.938893903907E-14,3.608224830032E-13,-1.E0));
#3282=VECTOR('',#3281,6.4E-2);
#3283=CARTESIAN_POINT('',(-4.608827283445E0,1.603869134816E0,1.68016E1));
#3284=LINE('',#3283,#3282);
#3285=CURVE_STYLE('',#1125,POSITIVE_LENGTH_MEASURE(2.E-2),#1119);
#3286=PRESENTATION_STYLE_ASSIGNMENT((#3285));
#3287=STYLED_ITEM('',(#3286),#3284);
#3288=DIRECTION('',(-2.775557561563E-14,1.460637166772E-12,1.E0));
#3289=VECTOR('',#3288,6.4E-2);
#3290=CARTESIAN_POINT('',(-6.146444998998E0,1.593284594705E0,1.67376E1));
#3291=LINE('',#3290,#3289);
#3292=CURVE_STYLE('',#1125,POSITIVE_LENGTH_MEASURE(2.E-2),#1119);
#3293=PRESENTATION_STYLE_ASSIGNMENT((#3292));
#3294=STYLED_ITEM('',(#3293),#3291);
#3295=DIRECTION('',(-1.387778780781E-14,-1.304512053935E-12,-1.E0));
#3296=VECTOR('',#3295,6.4E-2);
#3297=CARTESIAN_POINT('',(-4.608827283445E0,1.209913440550E0,1.68016E1));
#3298=LINE('',#3297,#3296);
#3299=CURVE_STYLE('',#1125,POSITIVE_LENGTH_MEASURE(2.E-2),#1119);
#3300=PRESENTATION_STYLE_ASSIGNMENT((#3299));
#3301=STYLED_ITEM('',(#3300),#3298);
#3302=DIRECTION('',(2.775557561563E-14,-1.283695372223E-13,1.E0));
#3303=VECTOR('',#3302,6.4E-2);
#3304=CARTESIAN_POINT('',(-6.146444998998E0,1.987240288971E0,1.67376E1));
#3305=LINE('',#3304,#3303);
#3306=CURVE_STYLE('',#1125,POSITIVE_LENGTH_MEASURE(2.E-2),#1119);
#3307=PRESENTATION_STYLE_ASSIGNMENT((#3306));
#3308=STYLED_ITEM('',(#3307),#3305);
#3309=DIRECTION('',(4.509026942E-14,1.E0,0.E0));
#3310=VECTOR('',#3309,3.939556942661E-1);
#3311=CARTESIAN_POINT('',(-6.146444998998E0,1.593284594705E0,1.67376E1));
#3312=LINE('',#3311,#3310);
#3313=CURVE_STYLE('',#1125,POSITIVE_LENGTH_MEASURE(2.E-2),#1119);
#3314=PRESENTATION_STYLE_ASSIGNMENT((#3313));
#3315=STYLED_ITEM('',(#3314),#3312);
#3316=DIRECTION('',(-9.702957262760E-1,2.419218955996E-1,0.E0));
#3317=VECTOR('',#3316,1.584689774379E0);
#3318=CARTESIAN_POINT('',(-4.608827283445E0,1.209913440550E0,1.68016E1));
#3319=LINE('',#3318,#3317);
#3320=CURVE_STYLE('',#1125,POSITIVE_LENGTH_MEASURE(2.E-2),#1119);
#3321=PRESENTATION_STYLE_ASSIGNMENT((#3320));
#3322=STYLED_ITEM('',(#3321),#3319);
#3323=DIRECTION('',(5.410832330402E-14,1.E0,0.E0));
#3324=VECTOR('',#3323,3.939556942660E-1);
#3325=CARTESIAN_POINT('',(-6.146444998998E0,1.593284594705E0,1.68016E1));
#3326=LINE('',#3325,#3324);
#3327=CURVE_STYLE('',#1125,POSITIVE_LENGTH_MEASURE(2.E-2),#1119);
#3328=PRESENTATION_STYLE_ASSIGNMENT((#3327));
#3329=STYLED_ITEM('',(#3328),#3326);
#3330=DIRECTION('',(9.702957262760E-1,-2.419218955996E-1,0.E0));
#3331=VECTOR('',#3330,1.584689774379E0);
#3332=CARTESIAN_POINT('',(-6.146444998998E0,1.987240288971E0,1.68016E1));
#3333=LINE('',#3332,#3331);
#3334=CURVE_STYLE('',#1125,POSITIVE_LENGTH_MEASURE(2.E-2),#1119);
#3335=PRESENTATION_STYLE_ASSIGNMENT((#3334));
#3336=STYLED_ITEM('',(#3335),#3333);
#3337=DIRECTION('',(-6.763540413002E-14,-1.E0,0.E0));
#3338=VECTOR('',#3337,3.939556942660E-1);
#3339=CARTESIAN_POINT('',(-4.608827283445E0,1.603869134816E0,1.68016E1));
#3340=LINE('',#3339,#3338);
#3341=CURVE_STYLE('',#1125,POSITIVE_LENGTH_MEASURE(2.E-2),#1119);
#3342=PRESENTATION_STYLE_ASSIGNMENT((#3341));
#3343=STYLED_ITEM('',(#3342),#3340);
#3344=DIRECTION('',(9.702957262760E-1,-2.419218955996E-1,0.E0));
#3345=VECTOR('',#3344,1.584689774379E0);
#3346=CARTESIAN_POINT('',(-6.146444998998E0,1.593284594705E0,1.67376E1));
#3347=LINE('',#3346,#3345);
#3348=CURVE_STYLE('',#1125,POSITIVE_LENGTH_MEASURE(2.E-2),#1119);
#3349=PRESENTATION_STYLE_ASSIGNMENT((#3348));
#3350=STYLED_ITEM('',(#3349),#3347);
#3351=DIRECTION('',(6.087186371700E-14,1.E0,0.E0));
#3352=VECTOR('',#3351,3.939556942661E-1);
#3353=CARTESIAN_POINT('',(-4.608827283445E0,1.209913440550E0,1.67376E1));
#3354=LINE('',#3353,#3352);
#3355=CURVE_STYLE('',#1125,POSITIVE_LENGTH_MEASURE(2.E-2),#1119);
#3356=PRESENTATION_STYLE_ASSIGNMENT((#3355));
#3357=STYLED_ITEM('',(#3356),#3354);
#3358=DIRECTION('',(-9.702957262760E-1,2.419218955996E-1,0.E0));
#3359=VECTOR('',#3358,1.584689774379E0);
#3360=CARTESIAN_POINT('',(-4.608827283445E0,1.603869134816E0,1.67376E1));
#3361=LINE('',#3360,#3359);
#3362=CURVE_STYLE('',#1125,POSITIVE_LENGTH_MEASURE(2.E-2),#1119);
#3363=PRESENTATION_STYLE_ASSIGNMENT((#3362));
#3364=STYLED_ITEM('',(#3363),#3361);
#3365=CARTESIAN_POINT('',(-4.608827283445E0,1.603869134816E0,1.68016E1));
#3366=CARTESIAN_POINT('',(-4.608827283445E0,1.603869134816E0,1.67376E1));
#3367=VERTEX_POINT('',#3365);
#3368=VERTEX_POINT('',#3366);
#3369=CARTESIAN_POINT('',(-6.146444998998E0,1.987240288971E0,1.68016E1));
#3370=VERTEX_POINT('',#3369);
#3371=CARTESIAN_POINT('',(-6.146444998998E0,1.987240288971E0,1.67376E1));
#3372=VERTEX_POINT('',#3371);
#3373=CARTESIAN_POINT('',(-4.608827283445E0,1.209913440550E0,1.68016E1));
#3374=CARTESIAN_POINT('',(-4.608827283445E0,1.209913440550E0,1.67376E1));
#3375=VERTEX_POINT('',#3373);
#3376=VERTEX_POINT('',#3374);
#3377=CARTESIAN_POINT('',(-6.146444998998E0,1.593284594705E0,1.67376E1));
#3378=CARTESIAN_POINT('',(-6.146444998998E0,1.593284594705E0,1.68016E1));
#3379=VERTEX_POINT('',#3377);
#3380=VERTEX_POINT('',#3378);
#3381=CARTESIAN_POINT('',(-4.608827283445E0,1.603869134816E0,1.68656E1));
#3382=DIRECTION('',(-2.419218955997E-1,-9.702957262760E-1,0.E0));
#3383=DIRECTION('',(9.702957262760E-1,-2.419218955997E-1,0.E0));
#3384=AXIS2_PLACEMENT_3D('',#3381,#3382,#3383);
#3385=PLANE('',#3384);
#3387=ORIENTED_EDGE('',*,*,#3386,.F.);
#3389=ORIENTED_EDGE('',*,*,#3388,.F.);
#3391=ORIENTED_EDGE('',*,*,#3390,.F.);
#3393=ORIENTED_EDGE('',*,*,#3392,.F.);
#3394=EDGE_LOOP('',(#3387,#3389,#3391,#3393));
#3395=FACE_OUTER_BOUND('',#3394,.F.);
#3397=CARTESIAN_POINT('',(-4.608827283445E0,1.209913440550E0,1.68656E1));
#3398=DIRECTION('',(-1.E0,0.E0,0.E0));
#3399=DIRECTION('',(0.E0,0.E0,1.E0));
#3400=AXIS2_PLACEMENT_3D('',#3397,#3398,#3399);
#3401=PLANE('',#3400);
#3403=ORIENTED_EDGE('',*,*,#3402,.F.);
#3405=ORIENTED_EDGE('',*,*,#3404,.F.);
#3406=ORIENTED_EDGE('',*,*,#3386,.T.);
#3408=ORIENTED_EDGE('',*,*,#3407,.F.);
#3409=EDGE_LOOP('',(#3403,#3405,#3406,#3408));
#3410=FACE_OUTER_BOUND('',#3409,.F.);
#3412=CARTESIAN_POINT('',(-6.146444998998E0,1.593284594705E0,1.68656E1));
#3413=DIRECTION('',(2.419218955997E-1,9.702957262760E-1,0.E0));
#3414=DIRECTION('',(-9.702957262760E-1,2.419218955997E-1,0.E0));
#3415=AXIS2_PLACEMENT_3D('',#3412,#3413,#3414);
#3416=PLANE('',#3415);
#3418=ORIENTED_EDGE('',*,*,#3417,.T.);
#3420=ORIENTED_EDGE('',*,*,#3419,.F.);
#3421=ORIENTED_EDGE('',*,*,#3402,.T.);
#3423=ORIENTED_EDGE('',*,*,#3422,.F.);
#3424=EDGE_LOOP('',(#3418,#3420,#3421,#3423));
#3425=FACE_OUTER_BOUND('',#3424,.F.);
#3427=CARTESIAN_POINT('',(-6.146444998998E0,1.987240288971E0,1.68656E1));
#3428=DIRECTION('',(1.E0,0.E0,0.E0));
#3429=DIRECTION('',(0.E0,0.E0,-1.E0));
#3430=AXIS2_PLACEMENT_3D('',#3427,#3428,#3429);
#3431=PLANE('',#3430);
#3432=ORIENTED_EDGE('',*,*,#3390,.T.);
#3434=ORIENTED_EDGE('',*,*,#3433,.F.);
#3435=ORIENTED_EDGE('',*,*,#3417,.F.);
#3437=ORIENTED_EDGE('',*,*,#3436,.T.);
#3438=EDGE_LOOP('',(#3432,#3434,#3435,#3437));
#3439=FACE_OUTER_BOUND('',#3438,.F.);
#3441=CARTESIAN_POINT('',(-5.92E0,0.E0,1.68016E1));
#3442=DIRECTION('',(0.E0,0.E0,1.E0));
#3443=DIRECTION('',(1.E0,0.E0,0.E0));
#3444=AXIS2_PLACEMENT_3D('',#3441,#3442,#3443);
#3445=PLANE('',#3444);
#3446=ORIENTED_EDGE('',*,*,#3419,.T.);
#3447=ORIENTED_EDGE('',*,*,#3433,.T.);
#3448=ORIENTED_EDGE('',*,*,#3388,.T.);
#3449=ORIENTED_EDGE('',*,*,#3404,.T.);
#3450=EDGE_LOOP('',(#3446,#3447,#3448,#3449));
#3451=FACE_OUTER_BOUND('',#3450,.F.);
#3453=CARTESIAN_POINT('',(7.933796729338E1,-2.738408139160E2,1.67376E1));
#3454=DIRECTION('',(0.E0,0.E0,1.E0));
#3455=DIRECTION('',(0.E0,1.E0,0.E0));
#3456=AXIS2_PLACEMENT_3D('',#3453,#3454,#3455);
#3457=PLANE('',#3456);
#3458=ORIENTED_EDGE('',*,*,#3436,.F.);
#3459=ORIENTED_EDGE('',*,*,#3422,.T.);
#3460=ORIENTED_EDGE('',*,*,#3407,.T.);
#3461=ORIENTED_EDGE('',*,*,#3392,.T.);
#3462=EDGE_LOOP('',(#3458,#3459,#3460,#3461));
#3463=FACE_OUTER_BOUND('',#3462,.F.);
#3465=CLOSED_SHELL('',(#3396,#3411,#3426,#3440,#3452,#3464));
#3466=MANIFOLD_SOLID_BREP('',#3465);
#3467=FILL_AREA_STYLE_COLOUR('',#1119);
#3468=FILL_AREA_STYLE('',(#3467));
#3469=SURFACE_STYLE_FILL_AREA(#3468);
#3470=SURFACE_SIDE_STYLE('',(#3469));
#3471=SURFACE_STYLE_USAGE(.BOTH.,#3470);
#3472=PRESENTATION_STYLE_ASSIGNMENT((#3471));
#3280=STYLED_ITEM('',(#3472),#3466);
#3475=PLANE_ANGLE_MEASURE_WITH_UNIT(PLANE_ANGLE_MEASURE(1.745329251994E-2),
#3474);
#3476=(CONVERSION_BASED_UNIT('DEGREE',#3475)NAMED_UNIT(*)PLANE_ANGLE_UNIT());
#3478=UNCERTAINTY_MEASURE_WITH_UNIT(LENGTH_MEASURE(1.724054368376E-4),#3473,
'closure',
'Maximum model space distance between geometric entities at asserted connectivities');
#3480=CARTESIAN_POINT('',(0.E0,0.E0,0.E0));
#3481=DIRECTION('',(0.E0,0.E0,1.E0));
#3482=DIRECTION('',(1.E0,0.E0,0.E0));
#3485=PRODUCT_DEFINITION_CONTEXT('',#1054,'design');
#3486=PRODUCT_CONTEXT('',#1054,'mechanical');
#3487=PRODUCT('LOGO_NX_PRT_349_1_1_1_1_2_1_1','LOGO_NX_PRT_349_1_1_1_1_2_1_1',
'NOT SPECIFIED',(#3486));
#3488=PRODUCT_DEFINITION_FORMATION_WITH_SPECIFIED_SOURCE('1','LAST_VERSION',
#3487,.MADE.);
#3496=DERIVED_UNIT_ELEMENT(#3495,2.E0);
#3497=AREA_UNIT((#3496));
#3498=MEASURE_REPRESENTATION_ITEM('surface area measure',AREA_MEASURE(
1.464773129279E0),#3497);
#3503=DERIVED_UNIT_ELEMENT(#3502,3.E0);
#3504=VOLUME_UNIT((#3503));
#3505=MEASURE_REPRESENTATION_ITEM('volume measure',VOLUME_MEASURE(
3.876820829737E-2),#3504);
#3509=CARTESIAN_POINT('centre point',(-5.377636141222E0,1.598576864761E0,
1.67696E1));
#3514=DERIVED_UNIT_ELEMENT(#3513,2.E0);
#3515=AREA_UNIT((#3514));
#3516=MEASURE_REPRESENTATION_ITEM('surface area measure',AREA_MEASURE(
1.464773129279E0),#3515);
#3521=DERIVED_UNIT_ELEMENT(#3520,3.E0);
#3522=VOLUME_UNIT((#3521));
#3523=MEASURE_REPRESENTATION_ITEM('volume measure',VOLUME_MEASURE(
3.876820829737E-2),#3522);
#3527=CARTESIAN_POINT('centre point',(-5.377636141222E0,1.598576864761E0,
1.67696E1));
#3534=CARTESIAN_POINT('centre point',(-5.377636141222E0,1.598576864761E0,
1.67696E1));
#3538=CARTESIAN_POINT('',(0.E0,0.E0,0.E0));
#3539=DIRECTION('',(0.E0,0.E0,1.E0));
#3540=DIRECTION('',(1.E0,0.E0,0.E0));
#3541=AXIS2_PLACEMENT_3D('',#3538,#3539,#3540);
#3542=ITEM_DEFINED_TRANSFORMATION('','',#3483,#3541);
#3543=CARTESIAN_POINT('',(0.E0,0.E0,0.E0));
#3544=DIRECTION('',(0.E0,0.E0,1.E0));
#3545=DIRECTION('',(1.E0,0.E0,0.E0));
#3547=(REPRESENTATION_RELATIONSHIP('','',#3484,#1964)REPRESENTATION_RELATIONSHIP_WITH_TRANSFORMATION(#3542)SHAPE_REPRESENTATION_RELATIONSHIP());
#3548=CONTEXT_DEPENDENT_SHAPE_REPRESENTATION(#3547,#3533);
#3550=DIRECTION('',(9.702957262760E-1,-2.419218955995E-1,0.E0));
#3551=VECTOR('',#3550,5.441639962967E-1);
#3552=CARTESIAN_POINT('',(-7.138890041750E0,1.840728935146E0,1.67376E1));
#3553=LINE('',#3552,#3551);
#3554=CURVE_STYLE('',#1125,POSITIVE_LENGTH_MEASURE(2.E-2),#1119);
#3555=PRESENTATION_STYLE_ASSIGNMENT((#3554));
#3556=STYLED_ITEM('',(#3555),#3553);
#3557=CARTESIAN_POINT('',(-6.482411714619E0,2.284880863643E0,1.67376E1));
#3558=DIRECTION('',(0.E0,0.E0,-1.E0));
#3559=DIRECTION('',(-1.E0,-3.418853959821E-11,0.E0));
#3560=AXIS2_PLACEMENT_3D('',#3557,#3558,#3559);
#3562=CURVE_STYLE('',#1125,POSITIVE_LENGTH_MEASURE(2.E-2),#1119);
#3563=PRESENTATION_STYLE_ASSIGNMENT((#3562));
#3564=STYLED_ITEM('',(#3563),#3561);
#3565=CARTESIAN_POINT('',(-6.482411714619E0,2.284880863643E0,1.67376E1));
#3566=DIRECTION('',(0.E0,0.E0,-1.E0));
#3567=DIRECTION('',(-2.964320246631E-11,1.E0,0.E0));
#3568=AXIS2_PLACEMENT_3D('',#3565,#3566,#3567);
#3570=CURVE_STYLE('',#1125,POSITIVE_LENGTH_MEASURE(2.E-2),#1119);
#3571=PRESENTATION_STYLE_ASSIGNMENT((#3570));
#3572=STYLED_ITEM('',(#3571),#3569);
#3573=DIRECTION('',(9.702957262760E-1,-2.419218955996E-1,0.E0));
#3574=VECTOR('',#3573,1.898908405752E0);
#3575=CARTESIAN_POINT('',(-6.451329994135E0,2.409542835367E0,1.67376E1));
#3576=LINE('',#3575,#3574);
#3577=CURVE_STYLE('',#1125,POSITIVE_LENGTH_MEASURE(2.E-2),#1119);
#3578=PRESENTATION_STYLE_ASSIGNMENT((#3577));
#3579=STYLED_ITEM('',(#3578),#3576);
#3580=DIRECTION('',(-9.702957262760E-1,2.419218955996E-1,0.E0));
#3581=VECTOR('',#3580,2.363809328510E0);
#3582=CARTESIAN_POINT('',(-4.608827283445E0,2.345910947949E0,1.67376E1));
#3583=LINE('',#3582,#3581);
#3584=CURVE_STYLE('',#1125,POSITIVE_LENGTH_MEASURE(2.E-2),#1119);
#3585=PRESENTATION_STYLE_ASSIGNMENT((#3584));
#3586=STYLED_ITEM('',(#3585),#3583);
#3587=CARTESIAN_POINT('',(-6.948484614530E0,2.733018609250E0,1.67376E1));
#3588=DIRECTION('',(0.E0,0.E0,1.E0));
#3589=DIRECTION('',(2.419218957203E-1,9.702957262459E-1,0.E0));
#3590=AXIS2_PLACEMENT_3D('',#3587,#3588,#3589);
#3592=CURVE_STYLE('',#1125,POSITIVE_LENGTH_MEASURE(2.E-2),#1119);
#3593=PRESENTATION_STYLE_ASSIGNMENT((#3592));
#3594=STYLED_ITEM('',(#3593),#3591);
#3595=CARTESIAN_POINT('',(-6.948484614530E0,2.733018609250E0,1.67376E1));
#3596=DIRECTION('',(0.E0,0.E0,1.E0));
#3597=DIRECTION('',(0.E0,1.E0,0.E0));
#3598=AXIS2_PLACEMENT_3D('',#3595,#3596,#3597);
#3600=CURVE_STYLE('',#1125,POSITIVE_LENGTH_MEASURE(2.E-2),#1119);
#3601=PRESENTATION_STYLE_ASSIGNMENT((#3600));
#3602=STYLED_ITEM('',(#3601),#3599);
#3603=DIRECTION('',(1.526556658860E-13,-1.439820485061E-12,-1.E0));
#3604=VECTOR('',#3603,6.4E-2);
#3605=CARTESIAN_POINT('',(-7.138890041750E0,1.840728935146E0,1.68016E1));
#3606=LINE('',#3605,#3604);
#3607=CURVE_STYLE('',#1125,POSITIVE_LENGTH_MEASURE(2.E-2),#1119);
#3608=PRESENTATION_STYLE_ASSIGNMENT((#3607));
#3609=STYLED_ITEM('',(#3608),#3606);
#3610=DIRECTION('',(0.E0,1.E0,0.E0));
#3611=VECTOR('',#3610,8.922896740990E-1);
#3612=CARTESIAN_POINT('',(-7.138890041750E0,1.840728935146E0,1.67376E1));
#3613=LINE('',#3612,#3611);
#3614=CURVE_STYLE('',#1125,POSITIVE_LENGTH_MEASURE(2.E-2),#1119);
#3615=PRESENTATION_STYLE_ASSIGNMENT((#3614));
#3616=STYLED_ITEM('',(#3615),#3613);
#3617=DIRECTION('',(0.E0,-2.238487173400E-11,-1.E0));
#3618=VECTOR('',#3617,6.4E-2);
#3619=CARTESIAN_POINT('',(-7.138890041750E0,2.733018609246E0,1.68016E1));
#3620=LINE('',#3619,#3618);
#3621=CURVE_STYLE('',#1125,POSITIVE_LENGTH_MEASURE(2.E-2),#1119);
#3622=PRESENTATION_STYLE_ASSIGNMENT((#3621));
#3623=STYLED_ITEM('',(#3622),#3620);
#3624=DIRECTION('',(1.678657213233E-10,-4.583139423531E-11,1.E0));
#3625=VECTOR('',#3624,6.4E-2);
#3626=CARTESIAN_POINT('',(-6.902421372629E0,2.917768181538E0,1.67376E1));
#3627=LINE('',#3626,#3625);
#3628=CURVE_STYLE('',#1125,POSITIVE_LENGTH_MEASURE(2.E-2),#1119);
#3629=PRESENTATION_STYLE_ASSIGNMENT((#3628));
#3630=STYLED_ITEM('',(#3629),#3627);
#3631=DIRECTION('',(-9.702957262760E-1,2.419218955995E-1,0.E0));
#3632=VECTOR('',#3631,5.441639962967E-1);
#3633=CARTESIAN_POINT('',(-6.610890041750E0,1.709083749645E0,1.68016E1));
#3634=LINE('',#3633,#3632);
#3635=CURVE_STYLE('',#1125,POSITIVE_LENGTH_MEASURE(2.E-2),#1119);
#3636=PRESENTATION_STYLE_ASSIGNMENT((#3635));
#3637=STYLED_ITEM('',(#3636),#3634);
#3638=DIRECTION('',(1.094931713353E-14,1.E0,0.E0));
#3639=VECTOR('',#3638,8.922896741003E-1);
#3640=CARTESIAN_POINT('',(-7.138890041750E0,1.840728935146E0,1.68016E1));
#3641=LINE('',#3640,#3639);
#3642=CURVE_STYLE('',#1125,POSITIVE_LENGTH_MEASURE(2.E-2),#1119);
#3643=PRESENTATION_STYLE_ASSIGNMENT((#3642));
#3644=STYLED_ITEM('',(#3643),#3641);
#3645=CARTESIAN_POINT('',(-6.948484614530E0,2.733018609250E0,1.68016E1));
#3646=DIRECTION('',(0.E0,0.E0,-1.E0));
#3647=DIRECTION('',(-1.E0,-1.108558745008E-11,0.E0));
#3648=AXIS2_PLACEMENT_3D('',#3645,#3646,#3647);
#3650=CURVE_STYLE('',#1125,POSITIVE_LENGTH_MEASURE(2.E-2),#1119);
#3651=PRESENTATION_STYLE_ASSIGNMENT((#3650));
#3652=STYLED_ITEM('',(#3651),#3649);
#3653=CARTESIAN_POINT('',(-6.948484614530E0,2.733018609250E0,1.68016E1));
#3654=DIRECTION('',(0.E0,0.E0,-1.E0));
#3655=DIRECTION('',(0.E0,1.E0,0.E0));
#3656=AXIS2_PLACEMENT_3D('',#3653,#3654,#3655);
#3658=CURVE_STYLE('',#1125,POSITIVE_LENGTH_MEASURE(2.E-2),#1119);
#3659=PRESENTATION_STYLE_ASSIGNMENT((#3658));
#3660=STYLED_ITEM('',(#3659),#3657);
#3661=DIRECTION('',(9.702957262760E-1,-2.419218955995E-1,0.E0));
#3662=VECTOR('',#3661,2.363809328499E0);
#3663=CARTESIAN_POINT('',(-6.902421372619E0,2.917768181535E0,1.68016E1));
#3664=LINE('',#3663,#3662);
#3665=CURVE_STYLE('',#1125,POSITIVE_LENGTH_MEASURE(2.E-2),#1119);
#3666=PRESENTATION_STYLE_ASSIGNMENT((#3665));
#3667=STYLED_ITEM('',(#3666),#3664);
#3668=DIRECTION('',(1.077244656006E-13,-1.E0,0.E0));
#3669=VECTOR('',#3668,3.957556336708E-1);
#3670=CARTESIAN_POINT('',(-4.608827283445E0,2.345910947949E0,1.68016E1));
#3671=LINE('',#3670,#3669);
#3672=CURVE_STYLE('',#1125,POSITIVE_LENGTH_MEASURE(2.E-2),#1119);
#3673=PRESENTATION_STYLE_ASSIGNMENT((#3672));
#3674=STYLED_ITEM('',(#3673),#3671);
#3675=DIRECTION('',(-9.702957262760E-1,2.419218955996E-1,0.E0));
#3676=VECTOR('',#3675,1.898908405757E0);
#3677=CARTESIAN_POINT('',(-4.608827283445E0,1.950155314278E0,1.68016E1));
#3678=LINE('',#3677,#3676);
#3679=CURVE_STYLE('',#1125,POSITIVE_LENGTH_MEASURE(2.E-2),#1119);
#3680=PRESENTATION_STYLE_ASSIGNMENT((#3679));
#3681=STYLED_ITEM('',(#3680),#3678);
#3682=CARTESIAN_POINT('',(-6.482411714619E0,2.284880863643E0,1.68016E1));
#3683=DIRECTION('',(0.E0,0.E0,1.E0));
#3684=DIRECTION('',(2.419218959784E-1,9.702957261816E-1,0.E0));
#3685=AXIS2_PLACEMENT_3D('',#3682,#3683,#3684);
#3687=CURVE_STYLE('',#1125,POSITIVE_LENGTH_MEASURE(2.E-2),#1119);
#3688=PRESENTATION_STYLE_ASSIGNMENT((#3687));
#3689=STYLED_ITEM('',(#3688),#3686);
#3690=CARTESIAN_POINT('',(-6.482411714619E0,2.284880863643E0,1.68016E1));
#3691=DIRECTION('',(0.E0,0.E0,1.E0));
#3692=DIRECTION('',(-1.549216807999E-11,1.E0,0.E0));
#3693=AXIS2_PLACEMENT_3D('',#3690,#3691,#3692);
#3695=CURVE_STYLE('',#1125,POSITIVE_LENGTH_MEASURE(2.E-2),#1119);
#3696=PRESENTATION_STYLE_ASSIGNMENT((#3695));
#3697=STYLED_ITEM('',(#3696),#3694);
#3698=DIRECTION('',(-1.403692971503E-13,-1.E0,0.E0));
#3699=VECTOR('',#3698,5.757971139955E-1);
#3700=CARTESIAN_POINT('',(-6.610890041750E0,2.284880863640E0,1.68016E1));
#3701=LINE('',#3700,#3699);
#3702=CURVE_STYLE('',#1125,POSITIVE_LENGTH_MEASURE(2.E-2),#1119);
#3703=PRESENTATION_STYLE_ASSIGNMENT((#3702));
#3704=STYLED_ITEM('',(#3703),#3701);
#3705=DIRECTION('',(1.526556658860E-13,-1.436351038109E-12,-1.E0));
#3706=VECTOR('',#3705,6.4E-2);
#3707=CARTESIAN_POINT('',(-6.610890041750E0,1.709083749645E0,1.68016E1));
#3708=LINE('',#3707,#3706);
#3709=CURVE_STYLE('',#1125,POSITIVE_LENGTH_MEASURE(2.E-2),#1119);
#3710=PRESENTATION_STYLE_ASSIGNMENT((#3709));
#3711=STYLED_ITEM('',(#3710),#3708);
#3712=DIRECTION('',(-1.280291391592E-13,-1.E0,0.E0));
#3713=VECTOR('',#3712,5.757971139947E-1);
#3714=CARTESIAN_POINT('',(-6.610890041750E0,2.284880863640E0,1.67376E1));
#3715=LINE('',#3714,#3713);
#3716=CURVE_STYLE('',#1125,POSITIVE_LENGTH_MEASURE(2.E-2),#1119);
#3717=PRESENTATION_STYLE_ASSIGNMENT((#3716));
#3718=STYLED_ITEM('',(#3717),#3715);
#3719=DIRECTION('',(8.955336472383E-11,-2.154526557163E-11,-1.E0));
#3720=VECTOR('',#3719,6.4E-2);
#3721=CARTESIAN_POINT('',(-6.451329994141E0,2.409542835369E0,1.68016E1));
#3722=LINE('',#3721,#3720);
#3723=CURVE_STYLE('',#1125,POSITIVE_LENGTH_MEASURE(2.E-2),#1119);
#3724=PRESENTATION_STYLE_ASSIGNMENT((#3723));
#3725=STYLED_ITEM('',(#3724),#3722);
#3726=DIRECTION('',(0.E0,1.336430965893E-11,1.E0));
#3727=VECTOR('',#3726,6.4E-2);
#3728=CARTESIAN_POINT('',(-6.610890041750E0,2.284880863640E0,1.67376E1));
#3729=LINE('',#3728,#3727);
#3730=CURVE_STYLE('',#1125,POSITIVE_LENGTH_MEASURE(2.E-2),#1119);
#3731=PRESENTATION_STYLE_ASSIGNMENT((#3730));
#3732=STYLED_ITEM('',(#3731),#3729);
#3733=DIRECTION('',(-1.942890293094E-13,1.342675970406E-12,-1.E0));
#3734=VECTOR('',#3733,6.4E-2);
#3735=CARTESIAN_POINT('',(-4.608827283445E0,1.950155314278E0,1.68016E1));
#3736=LINE('',#3735,#3734);
#3737=CURVE_STYLE('',#1125,POSITIVE_LENGTH_MEASURE(2.E-2),#1119);
#3738=PRESENTATION_STYLE_ASSIGNMENT((#3737));
#3739=STYLED_ITEM('',(#3738),#3736);
#3740=DIRECTION('',(1.665334536938E-13,3.157196726278E-12,-1.E0));
#3741=VECTOR('',#3740,6.4E-2);
#3742=CARTESIAN_POINT('',(-4.608827283445E0,2.345910947949E0,1.68016E1));
#3743=LINE('',#3742,#3741);
#3744=CURVE_STYLE('',#1125,POSITIVE_LENGTH_MEASURE(2.E-2),#1119);
#3745=PRESENTATION_STYLE_ASSIGNMENT((#3744));
#3746=STYLED_ITEM('',(#3745),#3743);
#3747=DIRECTION('',(4.937371340026E-14,-1.E0,0.E0));
#3748=VECTOR('',#3747,3.957556336709E-1);
#3749=CARTESIAN_POINT('',(-4.608827283445E0,2.345910947949E0,1.67376E1));
#3750=LINE('',#3749,#3748);
#3751=CURVE_STYLE('',#1125,POSITIVE_LENGTH_MEASURE(2.E-2),#1119);
#3752=PRESENTATION_STYLE_ASSIGNMENT((#3751));
#3753=STYLED_ITEM('',(#3752),#3750);
#3754=CARTESIAN_POINT('',(-7.138890041750E0,1.840728935146E0,1.67376E1));
#3755=CARTESIAN_POINT('',(-7.138890041750E0,2.733018609245E0,1.67376E1));
#3756=VERTEX_POINT('',#3754);
#3757=VERTEX_POINT('',#3755);
#3758=CARTESIAN_POINT('',(-6.610890041750E0,1.709083749645E0,1.67376E1));
#3759=VERTEX_POINT('',#3758);
#3760=CARTESIAN_POINT('',(-6.610890041750E0,2.284880863640E0,1.67376E1));
#3761=VERTEX_POINT('',#3760);
#3762=CARTESIAN_POINT('',(-6.482411714623E0,2.413359190774E0,1.67376E1));
#3763=VERTEX_POINT('',#3762);
#3764=CARTESIAN_POINT('',(-6.451329994115E0,2.409542835362E0,1.67376E1));
#3765=VERTEX_POINT('',#3764);
#3766=CARTESIAN_POINT('',(-4.608827283445E0,1.950155314278E0,1.67376E1));
#3767=VERTEX_POINT('',#3766);
#3768=CARTESIAN_POINT('',(-4.608827283445E0,2.345910947949E0,1.67376E1));
#3769=VERTEX_POINT('',#3768);
#3770=CARTESIAN_POINT('',(-6.902421372629E0,2.917768181538E0,1.67376E1));
#3771=VERTEX_POINT('',#3770);
#3772=CARTESIAN_POINT('',(-6.948484614530E0,2.923424036470E0,1.67376E1));
#3773=VERTEX_POINT('',#3772);
#3774=CARTESIAN_POINT('',(-7.138890041750E0,2.733018609246E0,1.68016E1));
#3775=VERTEX_POINT('',#3774);
#3776=CARTESIAN_POINT('',(-7.138890041750E0,1.840728935146E0,1.68016E1));
#3777=VERTEX_POINT('',#3776);
#3778=CARTESIAN_POINT('',(-6.948484614530E0,2.923424036470E0,1.68016E1));
#3779=CARTESIAN_POINT('',(-6.902421372607E0,2.917768181532E0,1.68016E1));
#3780=VERTEX_POINT('',#3778);
#3781=VERTEX_POINT('',#3779);
#3782=CARTESIAN_POINT('',(-6.610890041750E0,1.709083749645E0,1.68016E1));
#3783=VERTEX_POINT('',#3782);
#3784=CARTESIAN_POINT('',(-4.608827283445E0,2.345910947949E0,1.68016E1));
#3785=VERTEX_POINT('',#3784);
#3786=CARTESIAN_POINT('',(-4.608827283445E0,1.950155314278E0,1.68016E1));
#3787=VERTEX_POINT('',#3786);
#3788=CARTESIAN_POINT('',(-6.451329994141E0,2.409542835369E0,1.68016E1));
#3789=VERTEX_POINT('',#3788);
#3790=CARTESIAN_POINT('',(-6.482411714621E0,2.413359190774E0,1.68016E1));
#3791=VERTEX_POINT('',#3790);
#3792=CARTESIAN_POINT('',(-6.610890041750E0,2.284880863641E0,1.68016E1));
#3793=VERTEX_POINT('',#3792);
#3794=CARTESIAN_POINT('',(-6.482411714619E0,2.284880863643E0,1.67376E1));
#3795=DIRECTION('',(0.E0,0.E0,-1.E0));
#3796=DIRECTION('',(0.E0,-1.E0,0.E0));
#3797=AXIS2_PLACEMENT_3D('',#3794,#3795,#3796);
#3798=PLANE('',#3797);
#3800=ORIENTED_EDGE('',*,*,#3799,.F.);
#3802=ORIENTED_EDGE('',*,*,#3801,.T.);
#3804=ORIENTED_EDGE('',*,*,#3803,.F.);
#3806=ORIENTED_EDGE('',*,*,#3805,.T.);
#3808=ORIENTED_EDGE('',*,*,#3807,.T.);
#3810=ORIENTED_EDGE('',*,*,#3809,.T.);
#3812=ORIENTED_EDGE('',*,*,#3811,.F.);
#3814=ORIENTED_EDGE('',*,*,#3813,.T.);
#3816=ORIENTED_EDGE('',*,*,#3815,.T.);
#3818=ORIENTED_EDGE('',*,*,#3817,.T.);
#3819=EDGE_LOOP('',(#3800,#3802,#3804,#3806,#3808,#3810,#3812,#3814,#3816,
#3818));
#3820=FACE_OUTER_BOUND('',#3819,.F.);
#3822=CARTESIAN_POINT('',(-7.138890041750E0,2.733018609250E0,1.68656E1));
#3823=DIRECTION('',(1.E0,0.E0,0.E0));
#3824=DIRECTION('',(0.E0,0.E0,-1.E0));
#3825=AXIS2_PLACEMENT_3D('',#3822,#3823,#3824);
#3826=PLANE('',#3825);
#3828=ORIENTED_EDGE('',*,*,#3827,.F.);
#3830=ORIENTED_EDGE('',*,*,#3829,.F.);
#3832=ORIENTED_EDGE('',*,*,#3831,.T.);
#3833=ORIENTED_EDGE('',*,*,#3799,.T.);
#3834=EDGE_LOOP('',(#3828,#3830,#3832,#3833));
#3835=FACE_OUTER_BOUND('',#3834,.F.);
#3837=CARTESIAN_POINT('',(-6.948484614530E0,2.733018609250E0,1.68656E1));
#3838=DIRECTION('',(0.E0,0.E0,-1.E0));
#3839=DIRECTION('',(0.E0,-1.E0,0.E0));
#3840=AXIS2_PLACEMENT_3D('',#3837,#3838,#3839);
#3841=CYLINDRICAL_SURFACE('',#3840,1.904054272200E-1);
#3843=ORIENTED_EDGE('',*,*,#3842,.F.);
#3845=ORIENTED_EDGE('',*,*,#3844,.F.);
#3846=ORIENTED_EDGE('',*,*,#3827,.T.);
#3847=ORIENTED_EDGE('',*,*,#3817,.F.);
#3848=ORIENTED_EDGE('',*,*,#3815,.F.);
#3850=ORIENTED_EDGE('',*,*,#3849,.T.);
#3851=EDGE_LOOP('',(#3843,#3845,#3846,#3847,#3848,#3850));
#3852=FACE_OUTER_BOUND('',#3851,.F.);
#3854=CARTESIAN_POINT('',(-5.92E0,0.E0,1.68016E1));
#3855=DIRECTION('',(0.E0,0.E0,1.E0));
#3856=DIRECTION('',(1.E0,0.E0,0.E0));
#3857=AXIS2_PLACEMENT_3D('',#3854,#3855,#3856);
#3858=PLANE('',#3857);
#3860=ORIENTED_EDGE('',*,*,#3859,.T.);
#3861=ORIENTED_EDGE('',*,*,#3829,.T.);
#3862=ORIENTED_EDGE('',*,*,#3844,.T.);
#3863=ORIENTED_EDGE('',*,*,#3842,.T.);
#3865=ORIENTED_EDGE('',*,*,#3864,.T.);
#3867=ORIENTED_EDGE('',*,*,#3866,.T.);
#3869=ORIENTED_EDGE('',*,*,#3868,.T.);
#3871=ORIENTED_EDGE('',*,*,#3870,.T.);
#3873=ORIENTED_EDGE('',*,*,#3872,.T.);
#3875=ORIENTED_EDGE('',*,*,#3874,.T.);
#3876=EDGE_LOOP('',(#3860,#3861,#3862,#3863,#3865,#3867,#3869,#3871,#3873,
#3875));
#3877=FACE_OUTER_BOUND('',#3876,.F.);
#3879=CARTESIAN_POINT('',(-7.138890041750E0,1.840728935146E0,1.68656E1));
#3880=DIRECTION('',(2.419218955997E-1,9.702957262760E-1,0.E0));
#3881=DIRECTION('',(-9.702957262760E-1,2.419218955997E-1,0.E0));
#3882=AXIS2_PLACEMENT_3D('',#3879,#3880,#3881);
#3883=PLANE('',#3882);
#3884=ORIENTED_EDGE('',*,*,#3831,.F.);
#3885=ORIENTED_EDGE('',*,*,#3859,.F.);
#3887=ORIENTED_EDGE('',*,*,#3886,.T.);
#3888=ORIENTED_EDGE('',*,*,#3801,.F.);
#3889=EDGE_LOOP('',(#3884,#3885,#3887,#3888));
#3890=FACE_OUTER_BOUND('',#3889,.F.);
#3892=CARTESIAN_POINT('',(-6.610890041750E0,1.709083749645E0,1.68656E1));
#3893=DIRECTION('',(-1.E0,0.E0,0.E0));
#3894=DIRECTION('',(0.E0,0.E0,1.E0));
#3895=AXIS2_PLACEMENT_3D('',#3892,#3893,#3894);
#3896=PLANE('',#3895);
#3897=ORIENTED_EDGE('',*,*,#3886,.F.);
#3898=ORIENTED_EDGE('',*,*,#3874,.F.);
#3900=ORIENTED_EDGE('',*,*,#3899,.F.);
#3901=ORIENTED_EDGE('',*,*,#3803,.T.);
#3902=EDGE_LOOP('',(#3897,#3898,#3900,#3901));
#3903=FACE_OUTER_BOUND('',#3902,.F.);
#3905=CARTESIAN_POINT('',(-6.482411714619E0,2.284880863643E0,1.68656E1));
#3906=DIRECTION('',(0.E0,0.E0,-1.E0));
#3907=DIRECTION('',(0.E0,-1.E0,0.E0));
#3908=AXIS2_PLACEMENT_3D('',#3905,#3906,#3907);
#3909=CYLINDRICAL_SURFACE('',#3908,1.284783271309E-1);
#3910=ORIENTED_EDGE('',*,*,#3872,.F.);
#3911=ORIENTED_EDGE('',*,*,#3870,.F.);
#3913=ORIENTED_EDGE('',*,*,#3912,.T.);
#3914=ORIENTED_EDGE('',*,*,#3807,.F.);
#3915=ORIENTED_EDGE('',*,*,#3805,.F.);
#3916=ORIENTED_EDGE('',*,*,#3899,.T.);
#3917=EDGE_LOOP('',(#3910,#3911,#3913,#3914,#3915,#3916));
#3918=FACE_OUTER_BOUND('',#3917,.F.);
#3920=CARTESIAN_POINT('',(-6.451329994176E0,2.409542835378E0,1.68656E1));
#3921=DIRECTION('',(2.419218955997E-1,9.702957262760E-1,0.E0));
#3922=DIRECTION('',(-9.702957262760E-1,2.419218955997E-1,0.E0));
#3923=AXIS2_PLACEMENT_3D('',#3920,#3921,#3922);
#3924=PLANE('',#3923);
#3925=ORIENTED_EDGE('',*,*,#3912,.F.);
#3926=ORIENTED_EDGE('',*,*,#3868,.F.);
#3928=ORIENTED_EDGE('',*,*,#3927,.T.);
#3929=ORIENTED_EDGE('',*,*,#3809,.F.);
#3930=EDGE_LOOP('',(#3925,#3926,#3928,#3929));
#3931=FACE_OUTER_BOUND('',#3930,.F.);
#3933=CARTESIAN_POINT('',(-4.608827283445E0,1.950155314278E0,1.68656E1));
#3934=DIRECTION('',(-1.E0,0.E0,0.E0));
#3935=DIRECTION('',(0.E0,0.E0,1.E0));
#3936=AXIS2_PLACEMENT_3D('',#3933,#3934,#3935);
#3937=PLANE('',#3936);
#3938=ORIENTED_EDGE('',*,*,#3927,.F.);
#3939=ORIENTED_EDGE('',*,*,#3866,.F.);
#3941=ORIENTED_EDGE('',*,*,#3940,.T.);
#3942=ORIENTED_EDGE('',*,*,#3811,.T.);
#3943=EDGE_LOOP('',(#3938,#3939,#3941,#3942));
#3944=FACE_OUTER_BOUND('',#3943,.F.);
#3946=CARTESIAN_POINT('',(-4.608827283445E0,2.345910947949E0,1.68656E1));
#3947=DIRECTION('',(-2.419218955997E-1,-9.702957262760E-1,0.E0));
#3948=DIRECTION('',(9.702957262760E-1,-2.419218955997E-1,0.E0));
#3949=AXIS2_PLACEMENT_3D('',#3946,#3947,#3948);
#3950=PLANE('',#3949);
#3951=ORIENTED_EDGE('',*,*,#3940,.F.);
#3952=ORIENTED_EDGE('',*,*,#3864,.F.);
#3953=ORIENTED_EDGE('',*,*,#3849,.F.);
#3954=ORIENTED_EDGE('',*,*,#3813,.F.);
#3955=EDGE_LOOP('',(#3951,#3952,#3953,#3954));
#3956=FACE_OUTER_BOUND('',#3955,.F.);
#3958=CLOSED_SHELL('',(#3821,#3836,#3853,#3878,#3891,#3904,#3919,#3932,#3945,
#3957));
#3959=MANIFOLD_SOLID_BREP('',#3958);
#3960=FILL_AREA_STYLE_COLOUR('',#1119);
#3961=FILL_AREA_STYLE('',(#3960));
#3962=SURFACE_STYLE_FILL_AREA(#3961);
#3963=SURFACE_SIDE_STYLE('',(#3962));
#3964=SURFACE_STYLE_USAGE(.BOTH.,#3963);
#3965=PRESENTATION_STYLE_ASSIGNMENT((#3964));
#3549=STYLED_ITEM('',(#3965),#3959);
#3968=PLANE_ANGLE_MEASURE_WITH_UNIT(PLANE_ANGLE_MEASURE(1.745329251994E-2),
#3967);
#3969=(CONVERSION_BASED_UNIT('DEGREE',#3968)NAMED_UNIT(*)PLANE_ANGLE_UNIT());
#3971=UNCERTAINTY_MEASURE_WITH_UNIT(LENGTH_MEASURE(2.807010066050E-4),#3966,
'closure',
'Maximum model space distance between geometric entities at asserted connectivities');
#3973=CARTESIAN_POINT('',(0.E0,0.E0,0.E0));
#3974=DIRECTION('',(0.E0,0.E0,1.E0));
#3975=DIRECTION('',(1.E0,0.E0,0.E0));
#3978=PRODUCT_CONTEXT('',#1054,'mechanical');
#3979=PRODUCT('LOGO_NX_PRT_368_1_1_1_1_2_1_1','LOGO_NX_PRT_368_1_1_1_1_2_1_1',
'NOT SPECIFIED',(#3978));
#3980=PRODUCT_DEFINITION_FORMATION_WITH_SPECIFIED_SOURCE('1','LAST_VERSION',
#3979,.MADE.);
#3988=DERIVED_UNIT_ELEMENT(#3987,2.E0);
#3989=AREA_UNIT((#3988));
#3990=MEASURE_REPRESENTATION_ITEM('surface area measure',AREA_MEASURE(
3.233532584052E0),#3989);
#3995=DERIVED_UNIT_ELEMENT(#3994,3.E0);
#3996=VOLUME_UNIT((#3995));
#3997=MEASURE_REPRESENTATION_ITEM('volume measure',VOLUME_MEASURE(
8.862597743392E-2),#3996);
#4001=CARTESIAN_POINT('centre point',(-6.147704824590E0,2.368978492850E0,
1.67696E1));
#4006=DERIVED_UNIT_ELEMENT(#4005,2.E0);
#4007=AREA_UNIT((#4006));
#4008=MEASURE_REPRESENTATION_ITEM('surface area measure',AREA_MEASURE(
3.233532584052E0),#4007);
#4013=DERIVED_UNIT_ELEMENT(#4012,3.E0);
#4014=VOLUME_UNIT((#4013));
#4015=MEASURE_REPRESENTATION_ITEM('volume measure',VOLUME_MEASURE(
8.862597743392E-2),#4014);
#4019=CARTESIAN_POINT('centre point',(-6.147704824590E0,2.368978492850E0,
1.67696E1));
#4026=CARTESIAN_POINT('centre point',(-6.147704824590E0,2.368978492850E0,
1.67696E1));
#4030=CARTESIAN_POINT('',(0.E0,0.E0,0.E0));
#4031=DIRECTION('',(0.E0,0.E0,1.E0));
#4032=DIRECTION('',(1.E0,0.E0,0.E0));
#4033=AXIS2_PLACEMENT_3D('',#4030,#4031,#4032);
#4034=ITEM_DEFINED_TRANSFORMATION('','',#3976,#4033);
#4035=CARTESIAN_POINT('',(0.E0,0.E0,0.E0));
#4036=DIRECTION('',(0.E0,0.E0,1.E0));
#4037=DIRECTION('',(1.E0,0.E0,0.E0));
#4039=(REPRESENTATION_RELATIONSHIP('','',#3977,#1964)REPRESENTATION_RELATIONSHIP_WITH_TRANSFORMATION(#4034)SHAPE_REPRESENTATION_RELATIONSHIP());
#4040=CONTEXT_DEPENDENT_SHAPE_REPRESENTATION(#4039,#4025);
#4043=PLANE_ANGLE_MEASURE_WITH_UNIT(PLANE_ANGLE_MEASURE(1.745329251994E-2),
#4042);
#4044=(CONVERSION_BASED_UNIT('DEGREE',#4043)NAMED_UNIT(*)PLANE_ANGLE_UNIT());
#4046=UNCERTAINTY_MEASURE_WITH_UNIT(LENGTH_MEASURE(6.654743975437E-4),#4041,
'closure',
'Maximum model space distance between geometric entities at asserted connectivities');
#4048=CARTESIAN_POINT('',(0.E0,0.E0,0.E0));
#4049=DIRECTION('',(0.E0,0.E0,1.E0));
#4050=DIRECTION('',(1.E0,0.E0,0.E0));
#4052=PRODUCT_DEFINITION_CONTEXT('',#1054,'design');
#4053=PRODUCT_CONTEXT('',#1054,'mechanical');
#4054=PRODUCT('LOGO-YMIN_ASM_1_1_ASM_1_1_ASM','LOGO-YMIN_ASM_1_1_ASM_1_1_ASM',
'NOT SPECIFIED',(#4053));
#4055=PRODUCT_DEFINITION_FORMATION_WITH_SPECIFIED_SOURCE('1','LAST_VERSION',
#4054,.MADE.);
#4058=DERIVED_UNIT_ELEMENT(#4057,2.E0);
#4059=AREA_UNIT((#4058));
#4060=MEASURE_REPRESENTATION_ITEM('surface area measure',AREA_MEASURE(
1.880511122180E1),#4059);
#4065=DERIVED_UNIT_ELEMENT(#4064,3.E0);
#4066=VOLUME_UNIT((#4065));
#4067=MEASURE_REPRESENTATION_ITEM('volume measure',VOLUME_MEASURE(
5.109876282081E-1),#4066);
#4071=CARTESIAN_POINT('centre point',(-5.899315117347E0,-1.292728411255E-1,
1.67696E1));
#4080=CARTESIAN_POINT('centre point',(-5.899315117347E0,-1.292728411255E-1,
1.67696E1));
#4084=CARTESIAN_POINT('',(0.E0,0.E0,0.E0));
#4085=DIRECTION('',(0.E0,0.E0,1.E0));
#4086=DIRECTION('',(1.E0,0.E0,0.E0));
#4087=AXIS2_PLACEMENT_3D('',#4084,#4085,#4086);
#4088=ITEM_DEFINED_TRANSFORMATION('','',#1979,#4087);
#4089=CARTESIAN_POINT('',(0.E0,0.E0,0.E0));
#4090=DIRECTION('',(0.E0,0.E0,1.E0));
#4091=DIRECTION('',(1.E0,0.E0,0.E0));
#4093=(REPRESENTATION_RELATIONSHIP('','',#1964,#4077)REPRESENTATION_RELATIONSHIP_WITH_TRANSFORMATION(#4088)SHAPE_REPRESENTATION_RELATIONSHIP());
#4094=CONTEXT_DEPENDENT_SHAPE_REPRESENTATION(#4093,#4079);
#4097=PLANE_ANGLE_MEASURE_WITH_UNIT(PLANE_ANGLE_MEASURE(1.745329251994E-2),
#4096);
#4098=(CONVERSION_BASED_UNIT('DEGREE',#4097)NAMED_UNIT(*)PLANE_ANGLE_UNIT());
#4100=UNCERTAINTY_MEASURE_WITH_UNIT(LENGTH_MEASURE(6.654743975437E-4),#4095,
'closure',
'Maximum model space distance between geometric entities at asserted connectivities');
#4102=CARTESIAN_POINT('',(0.E0,0.E0,0.E0));
#4103=DIRECTION('',(0.E0,0.E0,1.E0));
#4104=DIRECTION('',(1.E0,0.E0,0.E0));
#4106=PRODUCT_CONTEXT('',#1054,'mechanical');
#4107=PRODUCT('ASM0008_ASM_1_1_ASM','ASM0008_ASM_1_1_ASM','NOT SPECIFIED',
(#4106));
#4108=PRODUCT_DEFINITION_FORMATION_WITH_SPECIFIED_SOURCE('1','LAST_VERSION',
#4107,.MADE.);
#4111=DERIVED_UNIT_ELEMENT(#4110,2.E0);
#4112=AREA_UNIT((#4111));
#4113=MEASURE_REPRESENTATION_ITEM('surface area measure',AREA_MEASURE(
1.880511122180E1),#4112);
#4118=DERIVED_UNIT_ELEMENT(#4117,3.E0);
#4119=VOLUME_UNIT((#4118));
#4120=MEASURE_REPRESENTATION_ITEM('volume measure',VOLUME_MEASURE(
5.109876282081E-1),#4119);
#4124=CARTESIAN_POINT('centre point',(-5.899315117347E0,-1.292728411255E-1,
1.67696E1));
#4133=CARTESIAN_POINT('centre point',(-5.899315117347E0,-1.292728411255E-1,
1.67696E1));
#4137=CARTESIAN_POINT('',(0.E0,0.E0,0.E0));
#4138=DIRECTION('',(0.E0,0.E0,1.E0));
#4139=DIRECTION('',(1.E0,0.E0,0.E0));
#4140=AXIS2_PLACEMENT_3D('',#4137,#4138,#4139);
#4141=ITEM_DEFINED_TRANSFORMATION('','',#4092,#4140);
#4142=CARTESIAN_POINT('',(0.E0,0.E0,0.E0));
#4143=DIRECTION('',(0.E0,0.E0,1.E0));
#4144=DIRECTION('',(1.E0,0.E0,0.E0));
#4146=(REPRESENTATION_RELATIONSHIP('','',#4077,#4130)REPRESENTATION_RELATIONSHIP_WITH_TRANSFORMATION(#4141)SHAPE_REPRESENTATION_RELATIONSHIP());
#4147=CONTEXT_DEPENDENT_SHAPE_REPRESENTATION(#4146,#4132);
#4150=PLANE_ANGLE_MEASURE_WITH_UNIT(PLANE_ANGLE_MEASURE(1.745329251994E-2),
#4149);
#4151=(CONVERSION_BASED_UNIT('DEGREE',#4150)NAMED_UNIT(*)PLANE_ANGLE_UNIT());
#4153=UNCERTAINTY_MEASURE_WITH_UNIT(LENGTH_MEASURE(6.654743975437E-4),#4148,
'closure',
'Maximum model space distance between geometric entities at asserted connectivities');
#4155=CARTESIAN_POINT('',(0.E0,0.E0,0.E0));
#4156=DIRECTION('',(0.E0,0.E0,1.E0));
#4157=DIRECTION('',(1.E0,0.E0,0.E0));
#4159=PRODUCT_DEFINITION_CONTEXT('',#1054,'design');
#4160=PRODUCT_CONTEXT('',#1054,'mechanical');
#4161=PRODUCT('ASM0010_ASM','ASM0010_ASM','NOT SPECIFIED',(#4160));
#4162=PRODUCT_DEFINITION_FORMATION_WITH_SPECIFIED_SOURCE('1','LAST_VERSION',
#4161,.MADE.);
#4165=DERIVED_UNIT_ELEMENT(#4164,2.E0);
#4166=AREA_UNIT((#4165));
#4167=MEASURE_REPRESENTATION_ITEM('surface area measure',AREA_MEASURE(
1.880511122180E1),#4166);
#4172=DERIVED_UNIT_ELEMENT(#4171,3.E0);
#4173=VOLUME_UNIT((#4172));
#4174=MEASURE_REPRESENTATION_ITEM('volume measure',VOLUME_MEASURE(
5.109876282081E-1),#4173);
#4178=CARTESIAN_POINT('centre point',(-5.899315117347E0,-1.292728411255E-1,
1.67696E1));
#4184=CARTESIAN_POINT('centre point',(1.098337631012E1,7.6032E1,
-3.688548287503E0));
#4188=CARTESIAN_POINT('',(1.082655938323E1,5.92624E1,-9.587195486027E0));
#4189=DIRECTION('',(0.E0,1.E0,0.E0));
#4190=DIRECTION('',(-4.669269979436E-3,0.E0,-9.999890988995E-1));
#4191=AXIS2_PLACEMENT_3D('',#4188,#4189,#4190);
#4192=ITEM_DEFINED_TRANSFORMATION('','',#4145,#4191);
#4193=(REPRESENTATION_RELATIONSHIP('','',#4130,#1105)REPRESENTATION_RELATIONSHIP_WITH_TRANSFORMATION(#4192)SHAPE_REPRESENTATION_RELATIONSHIP());
#4194=CONTEXT_DEPENDENT_SHAPE_REPRESENTATION(#4193,#4183);
#4197=PLANE_ANGLE_MEASURE_WITH_UNIT(PLANE_ANGLE_MEASURE(1.745329251994E-2),
#4196);
#4198=(CONVERSION_BASED_UNIT('DEGREE',#4197)NAMED_UNIT(*)PLANE_ANGLE_UNIT());
#4200=UNCERTAINTY_MEASURE_WITH_UNIT(LENGTH_MEASURE(8.217780605637E-3),#4195,
'closure',
'Maximum model space distance between geometric entities at asserted connectivities');
#4202=CARTESIAN_POINT('',(0.E0,0.E0,0.E0));
#4203=DIRECTION('',(0.E0,0.E0,1.E0));
#4204=DIRECTION('',(1.E0,0.E0,0.E0));
#4206=MECHANICAL_DESIGN_GEOMETRIC_PRESENTATION_REPRESENTATION('',(#434,#456,
#480,#501,#520,#545,#565,#590,#612,#634,#663,#729,#747,#810,#831,#850,#872,#892,
#921,#943,#963,#980,#1002,#1022,#1039,#1128,#1136,#1143,#1150,#1158,#1166,#1173,
#1180,#1188,#1196,#1204,#1212,#1219,#1226,#1233,#1240,#1247,#1254,#1261,#1268,
#1275,#1283,#1291,#1298,#1306,#1314,#1321,#1328,#1335,#1343,#1351,#1358,#1365,
#1372,#1379,#1387,#1394,#1401,#1408,#1415,#1422,#1429,#1436,#1443,#1450,#1457,
#1464,#1471,#1478,#1485,#1492,#1499,#1506,#1513,#1120,#1989,#1996,#2003,#2010,
#2017,#2024,#2031,#2038,#2045,#2052,#2059,#2066,#1982,#2258,#2265,#2272,#2279,
#2286,#2293,#2300,#2307,#2314,#2321,#2328,#2335,#2251,#2526,#2534,#2542,#2549,
#2556,#2564,#2572,#2579,#2586,#2593,#2600,#2607,#2614,#2622,#2630,#2637,#2644,
#2651,#2659,#2667,#2674,#2681,#2688,#2695,#2702,#2709,#2716,#2723,#2519,#3019,
#3026,#3033,#3040,#3047,#3054,#3061,#3068,#3075,#3082,#3089,#3096,#3012,#3287,
#3294,#3301,#3308,#3315,#3322,#3329,#3336,#3343,#3350,#3357,#3364,#3280,#3556,
#3564,#3572,#3579,#3586,#3594,#3602,#3609,#3616,#3623,#3630,#3637,#3644,#3652,
#3660,#3667,#3674,#3681,#3689,#3697,#3704,#3711,#3718,#3725,#3732,#3739,#3746,
#3753,#3549),#4201);
#4207=PRODUCT_CONTEXT('',#1054,'mechanical');
#4208=PRODUCT('03750112_ASM','03750112_ASM','NOT SPECIFIED',(#4207));
#4209=PRODUCT_DEFINITION_FORMATION_WITH_SPECIFIED_SOURCE('1','LAST_VERSION',
#4208,.MADE.);
#4212=DERIVED_UNIT_ELEMENT(#4211,2.E0);
#4213=AREA_UNIT((#4212));
#4214=MEASURE_REPRESENTATION_ITEM('surface area measure',AREA_MEASURE(
4.422106740954E3),#4213);
#4219=DERIVED_UNIT_ELEMENT(#4218,3.E0);
#4220=VOLUME_UNIT((#4219));
#4221=MEASURE_REPRESENTATION_ITEM('volume measure',VOLUME_MEASURE(
1.938972840926E4),#4220);
#4225=CARTESIAN_POINT('centre point',(1.100000039391E1,5.047816744017E1,
-1.100047705648E1));
#1=DRAUGHTING_PRE_DEFINED_COLOUR('green');
#2=COLOUR_RGB('',1.1E-2,1.2E-2,1.E0);
#3=COLOUR_RGB('',1.607843137255E-1,1.607843137255E-1,1.803921568627E-1);
#4=COLOUR_RGB('',2.392156862745E-1,2.509803921569E-1,2.588235294118E-1);
#5=COLOUR_RGB('',4.1E-1,2.61589E-1,1.12848E-1);
#6=COLOUR_RGB('',5.04854E-1,1.5455E-2,1.5455E-2);
#7=COLOUR_RGB('',6.35294E-1,6.86275E-1,7.4902E-1);
#8=COLOUR_RGB('',6.40777E-1,6.40777E-1,6.40777E-1);
#9=COLOUR_RGB('',6.69062E-1,6.69903E-1,6.55217E-1);
#10=COLOUR_RGB('',8.196078431373E-1,8.117647058824E-1,8.117647058824E-1);
#11=COLOUR_RGB('',9.21569E-1,7.05882E-1,4.70588E-1);
#12=DRAUGHTING_PRE_DEFINED_COLOUR('red');
#13=DRAUGHTING_PRE_DEFINED_COLOUR('yellow');
#14=COLOUR_RGB('',1.E0,1.E0,5.3E-1);
#15=COLOUR_RGB('',1.E0,1.E0,9.49E-1);
#16=DRAUGHTING_PRE_DEFINED_COLOUR('white');
#21=CIRCLE('',#20,1.049967466941E1);
#26=CIRCLE('',#25,1.049967466941E1);
#31=CIRCLE('',#30,8.E0);
#36=CIRCLE('',#35,8.E0);
#41=CIRCLE('',#40,5.E-1);
#46=CIRCLE('',#45,1.099934933882E1);
#51=CIRCLE('',#50,1.066666666667E1);
#56=CIRCLE('',#55,1.E0);
#61=CIRCLE('',#60,1.099934933882E1);
#66=CIRCLE('',#65,1.E0);
#71=CIRCLE('',#70,5.E-1);
#76=CIRCLE('',#75,5.E-1);
#81=CIRCLE('',#80,1.066666666667E1);
#86=CIRCLE('',#85,1.066666666667E1);
#91=CIRCLE('',#90,5.E-1);
#96=CIRCLE('',#95,1.066666666667E1);
#101=CIRCLE('',#100,1.066666666667E1);
#106=CIRCLE('',#105,1.1E1);
#111=CIRCLE('',#110,1.066666666667E1);
#116=CIRCLE('',#115,1.E0);
#121=CIRCLE('',#120,1.1E1);
#130=CIRCLE('',#129,3.E-1);
#135=CIRCLE('',#134,1.07E1);
#140=CIRCLE('',#139,1.07E1);
#145=CIRCLE('',#144,3.E-1);
#178=CIRCLE('',#177,1.07E1);
#183=CIRCLE('',#182,1.07E1);
#188=CIRCLE('',#187,1.07E1);
#201=CIRCLE('',#200,1.07E1);
#234=CIRCLE('',#233,1.1E1);
#239=CIRCLE('',#238,1.1E1);
#244=CIRCLE('',#243,1.1E1);
#253=CIRCLE('',#252,1.E0);
#266=CIRCLE('',#265,8.E0);
#271=CIRCLE('',#270,8.E0);
#276=CIRCLE('',#275,4.E-1);
#281=CIRCLE('',#280,4.E-1);
#286=CIRCLE('',#285,4.E-1);
#291=CIRCLE('',#290,4.E-1);
#304=CIRCLE('',#303,4.E-1);
#309=CIRCLE('',#308,4.E-1);
#322=CIRCLE('',#321,4.E-1);
#327=CIRCLE('',#326,4.E-1);
#415=EDGE_CURVE('',#408,#409,#21,.T.);
#417=EDGE_CURVE('',#409,#408,#26,.T.);
#421=EDGE_CURVE('',#354,#355,#31,.T.);
#423=EDGE_CURVE('',#355,#354,#36,.T.);
#427=ADVANCED_FACE('',(#420,#426),#414,.F.);
#440=EDGE_CURVE('',#404,#405,#46,.T.);
#442=EDGE_CURVE('',#405,#409,#71,.T.);
#445=EDGE_CURVE('',#404,#408,#41,.T.);
#449=ADVANCED_FACE('',(#448),#439,.T.);
#463=EDGE_CURVE('',#404,#343,#66,.T.);
#465=EDGE_CURVE('',#343,#346,#51,.T.);
#467=EDGE_CURVE('',#399,#346,#86,.T.);
#469=EDGE_CURVE('',#405,#399,#56,.T.);
#473=ADVANCED_FACE('',(#472),#461,.T.);
#486=EDGE_CURVE('',#405,#404,#61,.T.);
#489=EDGE_CURVE('',#343,#399,#81,.T.);
#494=ADVANCED_FACE('',(#493),#485,.T.);
#513=ADVANCED_FACE('',(#512),#506,.T.);
#526=EDGE_CURVE('',#342,#343,#76,.T.);
#530=EDGE_CURVE('',#346,#347,#91,.T.);
#532=EDGE_CURVE('',#347,#395,#96,.T.);
#534=EDGE_CURVE('',#395,#342,#101,.T.);
#538=ADVANCED_FACE('',(#537),#525,.F.);
#552=EDGE_CURVE('',#347,#342,#111,.T.);
#558=ADVANCED_FACE('',(#557),#550,.F.);
#571=EDGE_CURVE('',#337,#339,#106,.T.);
#573=EDGE_CURVE('',#339,#395,#253,.T.);
#577=EDGE_CURVE('',#397,#342,#116,.T.);
#579=EDGE_CURVE('',#397,#337,#239,.T.);
#583=ADVANCED_FACE('',(#582),#570,.T.);
#596=EDGE_CURVE('',#330,#331,#121,.T.);
#598=EDGE_CURVE('',#339,#330,#248,.T.);
#601=EDGE_CURVE('',#337,#331,#125,.T.);
#605=ADVANCED_FACE('',(#604),#595,.T.);
#619=EDGE_CURVE('',#331,#335,#145,.T.);
#621=EDGE_CURVE('',#334,#335,#183,.T.);
#623=EDGE_CURVE('',#330,#334,#130,.T.);
#627=ADVANCED_FACE('',(#626),#617,.T.);
#640=EDGE_CURVE('',#391,#388,#135,.T.);
#642=EDGE_CURVE('',#389,#388,#201,.T.);
#644=EDGE_CURVE('',#389,#385,#140,.T.);
#646=EDGE_CURVE('',#335,#385,#188,.T.);
#649=EDGE_CURVE('',#331,#330,#234,.T.);
#652=EDGE_CURVE('',#391,#334,#178,.T.);
#656=ADVANCED_FACE('',(#655),#639,.T.);
#670=EDGE_CURVE('',#391,#393,#149,.T.);
#672=EDGE_CURVE('',#393,#388,#153,.T.);
#676=ADVANCED_FACE('',(#675),#668,.F.);
#682=EDGE_CURVE('',#401,#385,#157,.T.);
#685=EDGE_CURVE('',#389,#401,#161,.T.);
#689=ADVANCED_FACE('',(#688),#681,.F.);
#696=EDGE_CURVE('',#383,#391,#173,.T.);
#698=EDGE_CURVE('',#383,#375,#165,.T.);
#700=EDGE_CURVE('',#375,#379,#217,.T.);
#702=EDGE_CURVE('',#393,#379,#213,.T.);
#706=ADVANCED_FACE('',(#705),#694,.T.);
#712=EDGE_CURVE('',#382,#383,#169,.T.);
#718=EDGE_CURVE('',#385,#382,#192,.T.);
#722=ADVANCED_FACE('',(#721),#711,.T.);
#735=EDGE_CURVE('',#388,#389,#196,.T.);
#740=ADVANCED_FACE('',(#739),#734,.T.);
#754=EDGE_CURVE('',#382,#374,#205,.T.);
#756=EDGE_CURVE('',#374,#375,#221,.T.);
#761=ADVANCED_FACE('',(#760),#752,.T.);
#769=EDGE_CURVE('',#401,#377,#209,.T.);
#771=EDGE_CURVE('',#377,#374,#225,.T.);
#776=ADVANCED_FACE('',(#775),#766,.T.);
#785=EDGE_CURVE('',#379,#377,#229,.T.);
#791=ADVANCED_FACE('',(#790),#781,.T.);
#803=ADVANCED_FACE('',(#802),#796,.T.);
#819=EDGE_CURVE('',#339,#397,#244,.T.);
#824=ADVANCED_FACE('',(#823),#815,.T.);
#843=ADVANCED_FACE('',(#842),#836,.T.);
#857=EDGE_CURVE('',#354,#350,#257,.T.);
#859=EDGE_CURVE('',#350,#351,#266,.T.);
#861=EDGE_CURVE('',#355,#351,#261,.T.);
#865=ADVANCED_FACE('',(#864),#855,.F.);
#880=EDGE_CURVE('',#351,#350,#271,.T.);
#885=ADVANCED_FACE('',(#884),#877,.F.);
#902=EDGE_CURVE('',#362,#363,#276,.T.);
#904=EDGE_CURVE('',#363,#362,#281,.T.);
#908=EDGE_CURVE('',#370,#371,#286,.T.);
#910=EDGE_CURVE('',#371,#370,#291,.T.);
#914=ADVANCED_FACE('',(#901,#907,#913),#897,.T.);
#928=EDGE_CURVE('',#362,#358,#295,.T.);
#930=EDGE_CURVE('',#358,#359,#304,.T.);
#932=EDGE_CURVE('',#363,#359,#299,.T.);
#936=ADVANCED_FACE('',(#935),#926,.T.);
#951=EDGE_CURVE('',#359,#358,#309,.T.);
#956=ADVANCED_FACE('',(#955),#948,.T.);
#973=ADVANCED_FACE('',(#972),#968,.T.);
#987=EDGE_CURVE('',#370,#366,#313,.T.);
#989=EDGE_CURVE('',#366,#367,#322,.T.);
#991=EDGE_CURVE('',#371,#367,#317,.T.);
#995=ADVANCED_FACE('',(#994),#985,.T.);
#1010=EDGE_CURVE('',#367,#366,#327,.T.);
#1015=ADVANCED_FACE('',(#1014),#1007,.T.);
#1032=ADVANCED_FACE('',(#1031),#1027,.T.);
#1042=(LENGTH_UNIT()NAMED_UNIT(*)SI_UNIT(.MILLI.,.METRE.));
#1043=(NAMED_UNIT(*)PLANE_ANGLE_UNIT()SI_UNIT($,.RADIAN.));
#1046=(NAMED_UNIT(*)SI_UNIT($,.STERADIAN.)SOLID_ANGLE_UNIT());
#1048=(GEOMETRIC_REPRESENTATION_CONTEXT(3)GLOBAL_UNCERTAINTY_ASSIGNED_CONTEXT((
#1047))GLOBAL_UNIT_ASSIGNED_CONTEXT((#1042,#1045,#1046))REPRESENTATION_CONTEXT(
'ID1','3'));
#1052=AXIS2_PLACEMENT_3D('',#1049,#1050,#1051);
#1053=ADVANCED_BREP_SHAPE_REPRESENTATION('',(#1052,#1041),#1048);
#1060=PRODUCT_DEFINITION('design','',#1059,#1056);
#1061=PRODUCT_DEFINITION_SHAPE('','SHAPE FOR 2200511000.',#1060);
#1062=SHAPE_ASPECT('','solid data associated with 2200511000',#1061,.F.);
#1063=PROPERTY_DEFINITION('',
'shape for solid data with which properties are associated',#1062);
#1064=SHAPE_REPRESENTATION('',(#1041),#1048);
#1065=SHAPE_DEFINITION_REPRESENTATION(#1063,#1064);
#1066=(LENGTH_UNIT()NAMED_UNIT(*)SI_UNIT(.MILLI.,.METRE.));
#1070=PROPERTY_DEFINITION('geometric validation property','area of 2200511000',
#1062);
#1071=REPRESENTATION('surface area',(#1069),#1048);
#1072=PROPERTY_DEFINITION_REPRESENTATION(#1070,#1071);
#1073=(LENGTH_UNIT()NAMED_UNIT(*)SI_UNIT(.MILLI.,.METRE.));
#1077=PROPERTY_DEFINITION('geometric validation property',
'volume of 2200511000',#1062);
#1078=REPRESENTATION('volume',(#1076),#1048);
#1079=PROPERTY_DEFINITION_REPRESENTATION(#1077,#1078);
#1081=PROPERTY_DEFINITION('geometric validation property',
'centroid of 2200511000',#1062);
#1082=REPRESENTATION('centroid',(#1080),#1048);
#1083=PROPERTY_DEFINITION_REPRESENTATION(#1081,#1082);
#1084=(LENGTH_UNIT()NAMED_UNIT(*)SI_UNIT(.MILLI.,.METRE.));
#1088=PROPERTY_DEFINITION('geometric validation property','area of 2200511000',
#1061);
#1089=REPRESENTATION('surface area',(#1087),#1048);
#1090=PROPERTY_DEFINITION_REPRESENTATION(#1088,#1089);
#1091=(LENGTH_UNIT()NAMED_UNIT(*)SI_UNIT(.MILLI.,.METRE.));
#1095=PROPERTY_DEFINITION('geometric validation property',
'volume of 2200511000',#1061);
#1096=REPRESENTATION('volume',(#1094),#1048);
#1097=PROPERTY_DEFINITION_REPRESENTATION(#1095,#1096);
#1099=PROPERTY_DEFINITION('geometric validation property',
'centroid of 2200511000',#1061);
#1100=REPRESENTATION('centroid',(#1098),#1048);
#1101=PROPERTY_DEFINITION_REPRESENTATION(#1099,#1100);
#1102=SHAPE_DEFINITION_REPRESENTATION(#1061,#1053);
#1103=SHAPE_DEFINITION_REPRESENTATION(#1104,#1105);
#1104=PRODUCT_DEFINITION_SHAPE('','SHAPE FOR 03750112_ASM.',#4210);
#1105=SHAPE_REPRESENTATION('',(#1115,#4191,#4205),#4201);
#1106=NEXT_ASSEMBLY_USAGE_OCCURRENCE('18','Next assembly relationship',
'\X2\5F157EBF\X0\22005110',#4210,#1060,$);
#1107=PRODUCT_DEFINITION_SHAPE('Placement #18',
'Placement of 2200511000 with respect to 03750112_ASM',#1106);
#1109=PROPERTY_DEFINITION('geometric validation property',
'centroid of \X2\5F157EBF\X0\22005110',#1107);
#1110=REPRESENTATION('centroid',(#1108),#1048);
#1111=PROPERTY_DEFINITION_REPRESENTATION(#1109,#1110);
#1119=COLOUR_RGB('',1.9E-1,2.2E-1,2.2E-1);
#1133=CIRCLE('',#1132,1.575919237253E-1);
#1155=CIRCLE('',#1154,9.331444012514E-2);
#1163=CIRCLE('',#1162,9.331444012514E-2);
#1185=CIRCLE('',#1184,2.173750519347E-1);
#1193=CIRCLE('',#1192,2.173750519347E-1);
#1201=CIRCLE('',#1200,7.036141807475E-2);
#1209=CIRCLE('',#1208,7.036141807475E-2);
#1280=CIRCLE('',#1279,7.036141807475E-2);
#1288=CIRCLE('',#1287,7.036141807475E-2);
#1303=CIRCLE('',#1302,2.173750519347E-1);
#1311=CIRCLE('',#1310,2.173750519347E-1);
#1340=CIRCLE('',#1339,9.331444012514E-2);
#1348=CIRCLE('',#1347,9.331444012514E-2);
#1384=CIRCLE('',#1383,1.575919237253E-1);
#1595=EDGE_CURVE('',#1516,#1517,#1230,.T.);
#1597=EDGE_CURVE('',#1516,#1519,#1124,.T.);
#1599=EDGE_CURVE('',#1521,#1519,#1405,.T.);
#1601=EDGE_CURVE('',#1521,#1523,#1133,.T.);
#1603=EDGE_CURVE('',#1523,#1525,#1140,.T.);
#1605=EDGE_CURVE('',#1527,#1525,#1440,.T.);
#1607=EDGE_CURVE('',#1527,#1529,#1147,.T.);
#1609=EDGE_CURVE('',#1531,#1529,#1454,.T.);
#1611=EDGE_CURVE('',#1531,#1533,#1155,.T.);
#1613=EDGE_CURVE('',#1533,#1535,#1163,.T.);
#1615=EDGE_CURVE('',#1535,#1537,#1170,.T.);
#1617=EDGE_CURVE('',#1539,#1537,#1489,.T.);
#1619=EDGE_CURVE('',#1539,#1541,#1177,.T.);
#1621=EDGE_CURVE('',#1541,#1543,#1185,.T.);
#1623=EDGE_CURVE('',#1543,#1545,#1193,.T.);
#1625=EDGE_CURVE('',#1547,#1545,#1510,.T.);
#1627=EDGE_CURVE('',#1547,#1549,#1201,.T.);
#1629=EDGE_CURVE('',#1549,#1551,#1209,.T.);
#1631=EDGE_CURVE('',#1551,#1517,#1216,.T.);
#1635=ADVANCED_FACE('',(#1634),#1594,.F.);
#1641=EDGE_CURVE('',#1553,#1517,#1237,.T.);
#1643=EDGE_CURVE('',#1555,#1553,#1265,.T.);
#1645=EDGE_CURVE('',#1555,#1516,#1223,.T.);
#1650=ADVANCED_FACE('',(#1649),#1640,.F.);
#1656=EDGE_CURVE('',#1557,#1551,#1244,.T.);
#1658=EDGE_CURVE('',#1553,#1557,#1272,.T.);
#1664=ADVANCED_FACE('',(#1663),#1655,.F.);
#1670=EDGE_CURVE('',#1560,#1561,#1288,.T.);
#1672=EDGE_CURVE('',#1557,#1560,#1280,.T.);
#1677=EDGE_CURVE('',#1547,#1561,#1251,.T.);
#1681=ADVANCED_FACE('',(#1680),#1669,.F.);
#1687=EDGE_CURVE('',#1563,#1555,#1258,.T.);
#1693=EDGE_CURVE('',#1561,#1565,#1295,.T.);
#1695=EDGE_CURVE('',#1565,#1567,#1303,.T.);
#1697=EDGE_CURVE('',#1567,#1569,#1311,.T.);
#1699=EDGE_CURVE('',#1569,#1571,#1318,.T.);
#1701=EDGE_CURVE('',#1571,#1573,#1325,.T.);
#1703=EDGE_CURVE('',#1573,#1575,#1332,.T.);
#1705=EDGE_CURVE('',#1575,#1577,#1340,.T.);
#1707=EDGE_CURVE('',#1577,#1579,#1348,.T.);
#1709=EDGE_CURVE('',#1579,#1581,#1355,.T.);
#1711=EDGE_CURVE('',#1581,#1583,#1362,.T.);
#1713=EDGE_CURVE('',#1583,#1585,#1369,.T.);
#1715=EDGE_CURVE('',#1585,#1587,#1376,.T.);
#1717=EDGE_CURVE('',#1587,#1589,#1384,.T.);
#1719=EDGE_CURVE('',#1589,#1563,#1391,.T.);
#1723=ADVANCED_FACE('',(#1722),#1686,.T.);
#1731=EDGE_CURVE('',#1563,#1519,#1398,.T.);
#1736=ADVANCED_FACE('',(#1735),#1728,.F.);
#1744=EDGE_CURVE('',#1521,#1589,#1412,.T.);
#1749=ADVANCED_FACE('',(#1748),#1741,.F.);
#1757=EDGE_CURVE('',#1587,#1523,#1419,.T.);
#1762=ADVANCED_FACE('',(#1761),#1754,.T.);
#1770=EDGE_CURVE('',#1585,#1525,#1426,.T.);
#1775=ADVANCED_FACE('',(#1774),#1767,.F.);
#1783=EDGE_CURVE('',#1583,#1527,#1433,.T.);
#1788=ADVANCED_FACE('',(#1787),#1780,.F.);
#1796=EDGE_CURVE('',#1581,#1529,#1447,.T.);
#1801=ADVANCED_FACE('',(#1800),#1793,.F.);
#1809=EDGE_CURVE('',#1531,#1579,#1468,.T.);
#1814=ADVANCED_FACE('',(#1813),#1806,.F.);
#1822=EDGE_CURVE('',#1575,#1535,#1461,.T.);
#1829=ADVANCED_FACE('',(#1828),#1819,.F.);
#1837=EDGE_CURVE('',#1573,#1537,#1475,.T.);
#1842=ADVANCED_FACE('',(#1841),#1834,.F.);
#1850=EDGE_CURVE('',#1571,#1539,#1482,.T.);
#1855=ADVANCED_FACE('',(#1854),#1847,.F.);
#1863=EDGE_CURVE('',#1541,#1569,#1503,.T.);
#1868=ADVANCED_FACE('',(#1867),#1860,.F.);
#1876=EDGE_CURVE('',#1565,#1545,#1496,.T.);
#1883=ADVANCED_FACE('',(#1882),#1873,.T.);
#1895=ADVANCED_FACE('',(#1894),#1888,.F.);
#1904=(LENGTH_UNIT()NAMED_UNIT(*)SI_UNIT(.MILLI.,.METRE.));
#1905=(NAMED_UNIT(*)PLANE_ANGLE_UNIT()SI_UNIT($,.RADIAN.));
#1908=(NAMED_UNIT(*)SI_UNIT($,.STERADIAN.)SOLID_ANGLE_UNIT());
#1910=(GEOMETRIC_REPRESENTATION_CONTEXT(3)GLOBAL_UNCERTAINTY_ASSIGNED_CONTEXT((
#1909))GLOBAL_UNIT_ASSIGNED_CONTEXT((#1904,#1907,#1908))REPRESENTATION_CONTEXT(
'ID2','3'));
#1914=AXIS2_PLACEMENT_3D('',#1911,#1912,#1913);
#1915=ADVANCED_BREP_SHAPE_REPRESENTATION('',(#1914,#1897),#1910);
#1919=PRODUCT_DEFINITION('design','',#1918,#1056);
#1920=PRODUCT_DEFINITION_SHAPE('','SHAPE FOR LOGO_NX_PRT_180_1_1_1_1_2_1_1.',
#1919);
#1921=SHAPE_ASPECT('',
'solid data associated with LOGO_NX_PRT_180_1_1_1_1_2_1_1',#1920,.F.);
#1922=PROPERTY_DEFINITION('',
'shape for solid data with which properties are associated',#1921);
#1923=SHAPE_REPRESENTATION('',(#1897),#1910);
#1924=SHAPE_DEFINITION_REPRESENTATION(#1922,#1923);
#1925=(LENGTH_UNIT()NAMED_UNIT(*)SI_UNIT(.MILLI.,.METRE.));
#1929=PROPERTY_DEFINITION('geometric validation property',
'area of LOGO_NX_PRT_180_1_1_1_1_2_1_1',#1921);
#1930=REPRESENTATION('surface area',(#1928),#1910);
#1931=PROPERTY_DEFINITION_REPRESENTATION(#1929,#1930);
#1932=(LENGTH_UNIT()NAMED_UNIT(*)SI_UNIT(.MILLI.,.METRE.));
#1936=PROPERTY_DEFINITION('geometric validation property',
'volume of LOGO_NX_PRT_180_1_1_1_1_2_1_1',#1921);
#1937=REPRESENTATION('volume',(#1935),#1910);
#1938=PROPERTY_DEFINITION_REPRESENTATION(#1936,#1937);
#1940=PROPERTY_DEFINITION('geometric validation property',
'centroid of LOGO_NX_PRT_180_1_1_1_1_2_1_1',#1921);
#1941=REPRESENTATION('centroid',(#1939),#1910);
#1942=PROPERTY_DEFINITION_REPRESENTATION(#1940,#1941);
#1943=(LENGTH_UNIT()NAMED_UNIT(*)SI_UNIT(.MILLI.,.METRE.));
#1947=PROPERTY_DEFINITION('geometric validation property',
'area of LOGO_NX_PRT_180_1_1_1_1_2_1_1',#1920);
#1948=REPRESENTATION('surface area',(#1946),#1910);
#1949=PROPERTY_DEFINITION_REPRESENTATION(#1947,#1948);
#1950=(LENGTH_UNIT()NAMED_UNIT(*)SI_UNIT(.MILLI.,.METRE.));
#1954=PROPERTY_DEFINITION('geometric validation property',
'volume of LOGO_NX_PRT_180_1_1_1_1_2_1_1',#1920);
#1955=REPRESENTATION('volume',(#1953),#1910);
#1956=PROPERTY_DEFINITION_REPRESENTATION(#1954,#1955);
#1958=PROPERTY_DEFINITION('geometric validation property',
'centroid of LOGO_NX_PRT_180_1_1_1_1_2_1_1',#1920);
#1959=REPRESENTATION('centroid',(#1957),#1910);
#1960=PROPERTY_DEFINITION_REPRESENTATION(#1958,#1959);
#1961=SHAPE_DEFINITION_REPRESENTATION(#1920,#1915);
#1962=SHAPE_DEFINITION_REPRESENTATION(#1963,#1964);
#1963=PRODUCT_DEFINITION_SHAPE('','SHAPE FOR LOGO-YMIN_ASM_1_1_ASM_1_1_ASM.',
#4056);
#1964=SHAPE_REPRESENTATION('',(#1979,#1974,#2248,#2243,#2516,#2511,#3009,#3004,
#3277,#3272,#3546,#3541,#4038,#4033,#4051),#4047);
#1965=NEXT_ASSEMBLY_USAGE_OCCURRENCE('19','Next assembly relationship',
'LOGO_NX_PRT_180',#4056,#1919,$);
#1966=PRODUCT_DEFINITION_SHAPE('Placement #19',
'Placement of LOGO_NX_PRT_180_1_1_1_1_2_1_1 with respect to LOGO-YMIN_ASM_1_1_ASM_1_1_ASM',#1965);
#1968=PROPERTY_DEFINITION('geometric validation property',
'centroid of LOGO_NX_PRT_180',#1966);
#1969=REPRESENTATION('centroid',(#1967),#1910);
#1970=PROPERTY_DEFINITION_REPRESENTATION(#1968,#1969);
#1979=AXIS2_PLACEMENT_3D('',#1976,#1977,#1978);
#2088=EDGE_CURVE('',#2069,#2070,#1986,.T.);
#2090=EDGE_CURVE('',#2072,#2069,#2035,.T.);
#2092=EDGE_CURVE('',#2074,#2072,#2007,.T.);
#2094=EDGE_CURVE('',#2070,#2074,#2063,.T.);
#2098=ADVANCED_FACE('',(#2097),#2087,.F.);
#2104=EDGE_CURVE('',#2077,#2078,#2000,.T.);
#2106=EDGE_CURVE('',#2069,#2077,#2042,.T.);
#2109=EDGE_CURVE('',#2078,#2070,#2056,.T.);
#2113=ADVANCED_FACE('',(#2112),#2103,.F.);
#2119=EDGE_CURVE('',#2081,#2082,#1993,.T.);
#2121=EDGE_CURVE('',#2077,#2082,#2021,.T.);
#2124=EDGE_CURVE('',#2081,#2078,#2049,.T.);
#2128=ADVANCED_FACE('',(#2127),#2118,.F.);
#2135=EDGE_CURVE('',#2082,#2072,#2028,.T.);
#2138=EDGE_CURVE('',#2081,#2074,#2014,.T.);
#2142=ADVANCED_FACE('',(#2141),#2133,.F.);
#2154=ADVANCED_FACE('',(#2153),#2147,.T.);
#2166=ADVANCED_FACE('',(#2165),#2159,.F.);
#2175=(LENGTH_UNIT()NAMED_UNIT(*)SI_UNIT(.MILLI.,.METRE.));
#2176=(NAMED_UNIT(*)PLANE_ANGLE_UNIT()SI_UNIT($,.RADIAN.));
#2179=(NAMED_UNIT(*)SI_UNIT($,.STERADIAN.)SOLID_ANGLE_UNIT());
#2181=(GEOMETRIC_REPRESENTATION_CONTEXT(3)GLOBAL_UNCERTAINTY_ASSIGNED_CONTEXT((
#2180))GLOBAL_UNIT_ASSIGNED_CONTEXT((#2175,#2178,#2179))REPRESENTATION_CONTEXT(
'ID3','3'));
#2185=AXIS2_PLACEMENT_3D('',#2182,#2183,#2184);
#2186=ADVANCED_BREP_SHAPE_REPRESENTATION('',(#2185,#2168),#2181);
#2191=PRODUCT_DEFINITION('design','',#2190,#2187);
#2192=PRODUCT_DEFINITION_SHAPE('','SHAPE FOR LOGO_NX_PRT_253_1_1_1_1_2_1_1.',
#2191);
#2193=SHAPE_ASPECT('',
'solid data associated with LOGO_NX_PRT_253_1_1_1_1_2_1_1',#2192,.F.);
#2194=PROPERTY_DEFINITION('',
'shape for solid data with which properties are associated',#2193);
#2195=SHAPE_REPRESENTATION('',(#2168),#2181);
#2196=SHAPE_DEFINITION_REPRESENTATION(#2194,#2195);
#2197=(LENGTH_UNIT()NAMED_UNIT(*)SI_UNIT(.MILLI.,.METRE.));
#2201=PROPERTY_DEFINITION('geometric validation property',
'area of LOGO_NX_PRT_253_1_1_1_1_2_1_1',#2193);
#2202=REPRESENTATION('surface area',(#2200),#2181);
#2203=PROPERTY_DEFINITION_REPRESENTATION(#2201,#2202);
#2204=(LENGTH_UNIT()NAMED_UNIT(*)SI_UNIT(.MILLI.,.METRE.));
#2208=PROPERTY_DEFINITION('geometric validation property',
'volume of LOGO_NX_PRT_253_1_1_1_1_2_1_1',#2193);
#2209=REPRESENTATION('volume',(#2207),#2181);
#2210=PROPERTY_DEFINITION_REPRESENTATION(#2208,#2209);
#2212=PROPERTY_DEFINITION('geometric validation property',
'centroid of LOGO_NX_PRT_253_1_1_1_1_2_1_1',#2193);
#2213=REPRESENTATION('centroid',(#2211),#2181);
#2214=PROPERTY_DEFINITION_REPRESENTATION(#2212,#2213);
#2215=(LENGTH_UNIT()NAMED_UNIT(*)SI_UNIT(.MILLI.,.METRE.));
#2219=PROPERTY_DEFINITION('geometric validation property',
'area of LOGO_NX_PRT_253_1_1_1_1_2_1_1',#2192);
#2220=REPRESENTATION('surface area',(#2218),#2181);
#2221=PROPERTY_DEFINITION_REPRESENTATION(#2219,#2220);
#2222=(LENGTH_UNIT()NAMED_UNIT(*)SI_UNIT(.MILLI.,.METRE.));
#2226=PROPERTY_DEFINITION('geometric validation property',
'volume of LOGO_NX_PRT_253_1_1_1_1_2_1_1',#2192);
#2227=REPRESENTATION('volume',(#2225),#2181);
#2228=PROPERTY_DEFINITION_REPRESENTATION(#2226,#2227);
#2230=PROPERTY_DEFINITION('geometric validation property',
'centroid of LOGO_NX_PRT_253_1_1_1_1_2_1_1',#2192);
#2231=REPRESENTATION('centroid',(#2229),#2181);
#2232=PROPERTY_DEFINITION_REPRESENTATION(#2230,#2231);
#2233=SHAPE_DEFINITION_REPRESENTATION(#2192,#2186);
#2234=NEXT_ASSEMBLY_USAGE_OCCURRENCE('20','Next assembly relationship',
'LOGO_NX_PRT_253',#4056,#2191,$);
#2235=PRODUCT_DEFINITION_SHAPE('Placement #20',
'Placement of LOGO_NX_PRT_253_1_1_1_1_2_1_1 with respect to LOGO-YMIN_ASM_1_1_ASM_1_1_ASM',#2234);
#2237=PROPERTY_DEFINITION('geometric validation property',
'centroid of LOGO_NX_PRT_253',#2235);
#2238=REPRESENTATION('centroid',(#2236),#2181);
#2239=PROPERTY_DEFINITION_REPRESENTATION(#2237,#2238);
#2248=AXIS2_PLACEMENT_3D('',#2245,#2246,#2247);
#2357=EDGE_CURVE('',#2338,#2339,#2255,.T.);
#2359=EDGE_CURVE('',#2341,#2338,#2304,.T.);
#2361=EDGE_CURVE('',#2343,#2341,#2276,.T.);
#2363=EDGE_CURVE('',#2339,#2343,#2332,.T.);
#2367=ADVANCED_FACE('',(#2366),#2356,.F.);
#2373=EDGE_CURVE('',#2346,#2347,#2269,.T.);
#2375=EDGE_CURVE('',#2338,#2346,#2311,.T.);
#2378=EDGE_CURVE('',#2347,#2339,#2325,.T.);
#2382=ADVANCED_FACE('',(#2381),#2372,.F.);
#2388=EDGE_CURVE('',#2350,#2351,#2262,.T.);
#2390=EDGE_CURVE('',#2346,#2351,#2290,.T.);
#2393=EDGE_CURVE('',#2350,#2347,#2318,.T.);
#2397=ADVANCED_FACE('',(#2396),#2387,.F.);
#2404=EDGE_CURVE('',#2351,#2341,#2297,.T.);
#2407=EDGE_CURVE('',#2350,#2343,#2283,.T.);
#2411=ADVANCED_FACE('',(#2410),#2402,.F.);
#2423=ADVANCED_FACE('',(#2422),#2416,.T.);
#2435=ADVANCED_FACE('',(#2434),#2428,.F.);
#2444=(LENGTH_UNIT()NAMED_UNIT(*)SI_UNIT(.MILLI.,.METRE.));
#2445=(NAMED_UNIT(*)PLANE_ANGLE_UNIT()SI_UNIT($,.RADIAN.));
#2448=(NAMED_UNIT(*)SI_UNIT($,.STERADIAN.)SOLID_ANGLE_UNIT());
#2450=(GEOMETRIC_REPRESENTATION_CONTEXT(3)GLOBAL_UNCERTAINTY_ASSIGNED_CONTEXT((
#2449))GLOBAL_UNIT_ASSIGNED_CONTEXT((#2444,#2447,#2448))REPRESENTATION_CONTEXT(
'ID4','3'));
#2454=AXIS2_PLACEMENT_3D('',#2451,#2452,#2453);
#2455=ADVANCED_BREP_SHAPE_REPRESENTATION('',(#2454,#2437),#2450);
#2459=PRODUCT_DEFINITION('design','',#2458,#2187);
#2460=PRODUCT_DEFINITION_SHAPE('','SHAPE FOR LOGO_NX_PRT_272_1_1_1_1_2_1_1.',
#2459);
#2461=SHAPE_ASPECT('',
'solid data associated with LOGO_NX_PRT_272_1_1_1_1_2_1_1',#2460,.F.);
#2462=PROPERTY_DEFINITION('',
'shape for solid data with which properties are associated',#2461);
#2463=SHAPE_REPRESENTATION('',(#2437),#2450);
#2464=SHAPE_DEFINITION_REPRESENTATION(#2462,#2463);
#2465=(LENGTH_UNIT()NAMED_UNIT(*)SI_UNIT(.MILLI.,.METRE.));
#2469=PROPERTY_DEFINITION('geometric validation property',
'area of LOGO_NX_PRT_272_1_1_1_1_2_1_1',#2461);
#2470=REPRESENTATION('surface area',(#2468),#2450);
#2471=PROPERTY_DEFINITION_REPRESENTATION(#2469,#2470);
#2472=(LENGTH_UNIT()NAMED_UNIT(*)SI_UNIT(.MILLI.,.METRE.));
#2476=PROPERTY_DEFINITION('geometric validation property',
'volume of LOGO_NX_PRT_272_1_1_1_1_2_1_1',#2461);
#2477=REPRESENTATION('volume',(#2475),#2450);
#2478=PROPERTY_DEFINITION_REPRESENTATION(#2476,#2477);
#2480=PROPERTY_DEFINITION('geometric validation property',
'centroid of LOGO_NX_PRT_272_1_1_1_1_2_1_1',#2461);
#2481=REPRESENTATION('centroid',(#2479),#2450);
#2482=PROPERTY_DEFINITION_REPRESENTATION(#2480,#2481);
#2483=(LENGTH_UNIT()NAMED_UNIT(*)SI_UNIT(.MILLI.,.METRE.));
#2487=PROPERTY_DEFINITION('geometric validation property',
'area of LOGO_NX_PRT_272_1_1_1_1_2_1_1',#2460);
#2488=REPRESENTATION('surface area',(#2486),#2450);
#2489=PROPERTY_DEFINITION_REPRESENTATION(#2487,#2488);
#2490=(LENGTH_UNIT()NAMED_UNIT(*)SI_UNIT(.MILLI.,.METRE.));
#2494=PROPERTY_DEFINITION('geometric validation property',
'volume of LOGO_NX_PRT_272_1_1_1_1_2_1_1',#2460);
#2495=REPRESENTATION('volume',(#2493),#2450);
#2496=PROPERTY_DEFINITION_REPRESENTATION(#2494,#2495);
#2498=PROPERTY_DEFINITION('geometric validation property',
'centroid of LOGO_NX_PRT_272_1_1_1_1_2_1_1',#2460);
#2499=REPRESENTATION('centroid',(#2497),#2450);
#2500=PROPERTY_DEFINITION_REPRESENTATION(#2498,#2499);
#2501=SHAPE_DEFINITION_REPRESENTATION(#2460,#2455);
#2502=NEXT_ASSEMBLY_USAGE_OCCURRENCE('21','Next assembly relationship',
'LOGO_NX_PRT_272',#4056,#2459,$);
#2503=PRODUCT_DEFINITION_SHAPE('Placement #21',
'Placement of LOGO_NX_PRT_272_1_1_1_1_2_1_1 with respect to LOGO-YMIN_ASM_1_1_ASM_1_1_ASM',#2502);
#2505=PROPERTY_DEFINITION('geometric validation property',
'centroid of LOGO_NX_PRT_272',#2503);
#2506=REPRESENTATION('centroid',(#2504),#2450);
#2507=PROPERTY_DEFINITION_REPRESENTATION(#2505,#2506);
#2516=AXIS2_PLACEMENT_3D('',#2513,#2514,#2515);
#2531=CIRCLE('',#2530,1.505202862389E-1);
#2539=CIRCLE('',#2538,1.505202862389E-1);
#2561=CIRCLE('',#2560,2.005506191363E-1);
#2569=CIRCLE('',#2568,2.005506191363E-1);
#2619=CIRCLE('',#2618,2.005506191363E-1);
#2627=CIRCLE('',#2626,2.005506191363E-1);
#2656=CIRCLE('',#2655,1.505202862389E-1);
#2664=CIRCLE('',#2663,1.505202862389E-1);
#2769=EDGE_CURVE('',#2726,#2727,#2583,.T.);
#2771=EDGE_CURVE('',#2726,#2729,#2523,.T.);
#2773=EDGE_CURVE('',#2731,#2729,#2685,.T.);
#2775=EDGE_CURVE('',#2731,#2733,#2531,.T.);
#2777=EDGE_CURVE('',#2733,#2735,#2539,.T.);
#2779=EDGE_CURVE('',#2735,#2737,#2546,.T.);
#2781=EDGE_CURVE('',#2739,#2737,#2720,.T.);
#2783=EDGE_CURVE('',#2739,#2741,#2553,.T.);
#2785=EDGE_CURVE('',#2741,#2743,#2561,.T.);
#2787=EDGE_CURVE('',#2743,#2727,#2569,.T.);
#2791=ADVANCED_FACE('',(#2790),#2768,.T.);
#2797=EDGE_CURVE('',#2745,#2727,#2590,.T.);
#2799=EDGE_CURVE('',#2747,#2745,#2611,.T.);
#2801=EDGE_CURVE('',#2747,#2726,#2576,.T.);
#2806=ADVANCED_FACE('',(#2805),#2796,.F.);
#2812=EDGE_CURVE('',#2750,#2751,#2627,.T.);
#2814=EDGE_CURVE('',#2745,#2750,#2619,.T.);
#2819=EDGE_CURVE('',#2741,#2751,#2597,.T.);
#2823=ADVANCED_FACE('',(#2822),#2811,.T.);
#2829=EDGE_CURVE('',#2753,#2747,#2604,.T.);
#2834=EDGE_CURVE('',#2751,#2755,#2634,.T.);
#2836=EDGE_CURVE('',#2755,#2757,#2641,.T.);
#2838=EDGE_CURVE('',#2757,#2759,#2648,.T.);
#2840=EDGE_CURVE('',#2759,#2761,#2656,.T.);
#2842=EDGE_CURVE('',#2761,#2763,#2664,.T.);
#2844=EDGE_CURVE('',#2763,#2753,#2671,.T.);
#2848=ADVANCED_FACE('',(#2847),#2828,.T.);
#2856=EDGE_CURVE('',#2753,#2729,#2678,.T.);
#2861=ADVANCED_FACE('',(#2860),#2853,.F.);
#2869=EDGE_CURVE('',#2731,#2763,#2699,.T.);
#2874=ADVANCED_FACE('',(#2873),#2866,.F.);
#2882=EDGE_CURVE('',#2759,#2735,#2692,.T.);
#2889=ADVANCED_FACE('',(#2888),#2879,.F.);
#2897=EDGE_CURVE('',#2757,#2737,#2706,.T.);
#2902=ADVANCED_FACE('',(#2901),#2894,.F.);
#2910=EDGE_CURVE('',#2755,#2739,#2713,.T.);
#2915=ADVANCED_FACE('',(#2914),#2907,.F.);
#2927=ADVANCED_FACE('',(#2926),#2920,.F.);
#2936=(LENGTH_UNIT()NAMED_UNIT(*)SI_UNIT(.MILLI.,.METRE.));
#2937=(NAMED_UNIT(*)PLANE_ANGLE_UNIT()SI_UNIT($,.RADIAN.));
#2940=(NAMED_UNIT(*)SI_UNIT($,.STERADIAN.)SOLID_ANGLE_UNIT());
#2942=(GEOMETRIC_REPRESENTATION_CONTEXT(3)GLOBAL_UNCERTAINTY_ASSIGNED_CONTEXT((
#2941))GLOBAL_UNIT_ASSIGNED_CONTEXT((#2936,#2939,#2940))REPRESENTATION_CONTEXT(
'ID5','3'));
#2946=AXIS2_PLACEMENT_3D('',#2943,#2944,#2945);
#2947=ADVANCED_BREP_SHAPE_REPRESENTATION('',(#2946,#2929),#2942);
#2952=PRODUCT_DEFINITION('design','',#2951,#2948);
#2953=PRODUCT_DEFINITION_SHAPE('','SHAPE FOR LOGO_NX_PRT_291_1_1_1_1_2_1_1.',
#2952);
#2954=SHAPE_ASPECT('',
'solid data associated with LOGO_NX_PRT_291_1_1_1_1_2_1_1',#2953,.F.);
#2955=PROPERTY_DEFINITION('',
'shape for solid data with which properties are associated',#2954);
#2956=SHAPE_REPRESENTATION('',(#2929),#2942);
#2957=SHAPE_DEFINITION_REPRESENTATION(#2955,#2956);
#2958=(LENGTH_UNIT()NAMED_UNIT(*)SI_UNIT(.MILLI.,.METRE.));
#2962=PROPERTY_DEFINITION('geometric validation property',
'area of LOGO_NX_PRT_291_1_1_1_1_2_1_1',#2954);
#2963=REPRESENTATION('surface area',(#2961),#2942);
#2964=PROPERTY_DEFINITION_REPRESENTATION(#2962,#2963);
#2965=(LENGTH_UNIT()NAMED_UNIT(*)SI_UNIT(.MILLI.,.METRE.));
#2969=PROPERTY_DEFINITION('geometric validation property',
'volume of LOGO_NX_PRT_291_1_1_1_1_2_1_1',#2954);
#2970=REPRESENTATION('volume',(#2968),#2942);
#2971=PROPERTY_DEFINITION_REPRESENTATION(#2969,#2970);
#2973=PROPERTY_DEFINITION('geometric validation property',
'centroid of LOGO_NX_PRT_291_1_1_1_1_2_1_1',#2954);
#2974=REPRESENTATION('centroid',(#2972),#2942);
#2975=PROPERTY_DEFINITION_REPRESENTATION(#2973,#2974);
#2976=(LENGTH_UNIT()NAMED_UNIT(*)SI_UNIT(.MILLI.,.METRE.));
#2980=PROPERTY_DEFINITION('geometric validation property',
'area of LOGO_NX_PRT_291_1_1_1_1_2_1_1',#2953);
#2981=REPRESENTATION('surface area',(#2979),#2942);
#2982=PROPERTY_DEFINITION_REPRESENTATION(#2980,#2981);
#2983=(LENGTH_UNIT()NAMED_UNIT(*)SI_UNIT(.MILLI.,.METRE.));
#2987=PROPERTY_DEFINITION('geometric validation property',
'volume of LOGO_NX_PRT_291_1_1_1_1_2_1_1',#2953);
#2988=REPRESENTATION('volume',(#2986),#2942);
#2989=PROPERTY_DEFINITION_REPRESENTATION(#2987,#2988);
#2991=PROPERTY_DEFINITION('geometric validation property',
'centroid of LOGO_NX_PRT_291_1_1_1_1_2_1_1',#2953);
#2992=REPRESENTATION('centroid',(#2990),#2942);
#2993=PROPERTY_DEFINITION_REPRESENTATION(#2991,#2992);
#2994=SHAPE_DEFINITION_REPRESENTATION(#2953,#2947);
#2995=NEXT_ASSEMBLY_USAGE_OCCURRENCE('22','Next assembly relationship',
'LOGO_NX_PRT_291',#4056,#2952,$);
#2996=PRODUCT_DEFINITION_SHAPE('Placement #22',
'Placement of LOGO_NX_PRT_291_1_1_1_1_2_1_1 with respect to LOGO-YMIN_ASM_1_1_ASM_1_1_ASM',#2995);
#2998=PROPERTY_DEFINITION('geometric validation property',
'centroid of LOGO_NX_PRT_291',#2996);
#2999=REPRESENTATION('centroid',(#2997),#2942);
#3000=PROPERTY_DEFINITION_REPRESENTATION(#2998,#2999);
#3009=AXIS2_PLACEMENT_3D('',#3006,#3007,#3008);
#3118=EDGE_CURVE('',#3099,#3100,#3016,.T.);
#3120=EDGE_CURVE('',#3102,#3099,#3065,.T.);
#3122=EDGE_CURVE('',#3104,#3102,#3051,.T.);
#3124=EDGE_CURVE('',#3100,#3104,#3093,.T.);
#3128=ADVANCED_FACE('',(#3127),#3117,.F.);
#3134=EDGE_CURVE('',#3107,#3108,#3037,.T.);
#3136=EDGE_CURVE('',#3099,#3107,#3072,.T.);
#3139=EDGE_CURVE('',#3108,#3100,#3086,.T.);
#3143=ADVANCED_FACE('',(#3142),#3133,.F.);
#3149=EDGE_CURVE('',#3111,#3112,#3023,.T.);
#3151=EDGE_CURVE('',#3112,#3107,#3030,.T.);
#3154=EDGE_CURVE('',#3108,#3111,#3044,.T.);
#3158=ADVANCED_FACE('',(#3157),#3148,.F.);
#3165=EDGE_CURVE('',#3112,#3102,#3058,.T.);
#3168=EDGE_CURVE('',#3104,#3111,#3079,.T.);
#3172=ADVANCED_FACE('',(#3171),#3163,.F.);
#3184=ADVANCED_FACE('',(#3183),#3177,.T.);
#3196=ADVANCED_FACE('',(#3195),#3189,.F.);
#3205=(LENGTH_UNIT()NAMED_UNIT(*)SI_UNIT(.MILLI.,.METRE.));
#3206=(NAMED_UNIT(*)PLANE_ANGLE_UNIT()SI_UNIT($,.RADIAN.));
#3209=(NAMED_UNIT(*)SI_UNIT($,.STERADIAN.)SOLID_ANGLE_UNIT());
#3211=(GEOMETRIC_REPRESENTATION_CONTEXT(3)GLOBAL_UNCERTAINTY_ASSIGNED_CONTEXT((
#3210))GLOBAL_UNIT_ASSIGNED_CONTEXT((#3205,#3208,#3209))REPRESENTATION_CONTEXT(
'ID6','3'));
#3215=AXIS2_PLACEMENT_3D('',#3212,#3213,#3214);
#3216=ADVANCED_BREP_SHAPE_REPRESENTATION('',(#3215,#3198),#3211);
#3220=PRODUCT_DEFINITION('design','',#3219,#2948);
#3221=PRODUCT_DEFINITION_SHAPE('','SHAPE FOR LOGO_NX_PRT_330_1_1_1_1_2_1_1.',
#3220);
#3222=SHAPE_ASPECT('',
'solid data associated with LOGO_NX_PRT_330_1_1_1_1_2_1_1',#3221,.F.);
#3223=PROPERTY_DEFINITION('',
'shape for solid data with which properties are associated',#3222);
#3224=SHAPE_REPRESENTATION('',(#3198),#3211);
#3225=SHAPE_DEFINITION_REPRESENTATION(#3223,#3224);
#3226=(LENGTH_UNIT()NAMED_UNIT(*)SI_UNIT(.MILLI.,.METRE.));
#3230=PROPERTY_DEFINITION('geometric validation property',
'area of LOGO_NX_PRT_330_1_1_1_1_2_1_1',#3222);
#3231=REPRESENTATION('surface area',(#3229),#3211);
#3232=PROPERTY_DEFINITION_REPRESENTATION(#3230,#3231);
#3233=(LENGTH_UNIT()NAMED_UNIT(*)SI_UNIT(.MILLI.,.METRE.));
#3237=PROPERTY_DEFINITION('geometric validation property',
'volume of LOGO_NX_PRT_330_1_1_1_1_2_1_1',#3222);
#3238=REPRESENTATION('volume',(#3236),#3211);
#3239=PROPERTY_DEFINITION_REPRESENTATION(#3237,#3238);
#3241=PROPERTY_DEFINITION('geometric validation property',
'centroid of LOGO_NX_PRT_330_1_1_1_1_2_1_1',#3222);
#3242=REPRESENTATION('centroid',(#3240),#3211);
#3243=PROPERTY_DEFINITION_REPRESENTATION(#3241,#3242);
#3244=(LENGTH_UNIT()NAMED_UNIT(*)SI_UNIT(.MILLI.,.METRE.));
#3248=PROPERTY_DEFINITION('geometric validation property',
'area of LOGO_NX_PRT_330_1_1_1_1_2_1_1',#3221);
#3249=REPRESENTATION('surface area',(#3247),#3211);
#3250=PROPERTY_DEFINITION_REPRESENTATION(#3248,#3249);
#3251=(LENGTH_UNIT()NAMED_UNIT(*)SI_UNIT(.MILLI.,.METRE.));
#3255=PROPERTY_DEFINITION('geometric validation property',
'volume of LOGO_NX_PRT_330_1_1_1_1_2_1_1',#3221);
#3256=REPRESENTATION('volume',(#3254),#3211);
#3257=PROPERTY_DEFINITION_REPRESENTATION(#3255,#3256);
#3259=PROPERTY_DEFINITION('geometric validation property',
'centroid of LOGO_NX_PRT_330_1_1_1_1_2_1_1',#3221);
#3260=REPRESENTATION('centroid',(#3258),#3211);
#3261=PROPERTY_DEFINITION_REPRESENTATION(#3259,#3260);
#3262=SHAPE_DEFINITION_REPRESENTATION(#3221,#3216);
#3263=NEXT_ASSEMBLY_USAGE_OCCURRENCE('23','Next assembly relationship',
'LOGO_NX_PRT_330',#4056,#3220,$);
#3264=PRODUCT_DEFINITION_SHAPE('Placement #23',
'Placement of LOGO_NX_PRT_330_1_1_1_1_2_1_1 with respect to LOGO-YMIN_ASM_1_1_ASM_1_1_ASM',#3263);
#3266=PROPERTY_DEFINITION('geometric validation property',
'centroid of LOGO_NX_PRT_330',#3264);
#3267=REPRESENTATION('centroid',(#3265),#3211);
#3268=PROPERTY_DEFINITION_REPRESENTATION(#3266,#3267);
#3277=AXIS2_PLACEMENT_3D('',#3274,#3275,#3276);
#3386=EDGE_CURVE('',#3367,#3368,#3284,.T.);
#3388=EDGE_CURVE('',#3370,#3367,#3333,.T.);
#3390=EDGE_CURVE('',#3372,#3370,#3305,.T.);
#3392=EDGE_CURVE('',#3368,#3372,#3361,.T.);
#3396=ADVANCED_FACE('',(#3395),#3385,.F.);
#3402=EDGE_CURVE('',#3375,#3376,#3298,.T.);
#3404=EDGE_CURVE('',#3367,#3375,#3340,.T.);
#3407=EDGE_CURVE('',#3376,#3368,#3354,.T.);
#3411=ADVANCED_FACE('',(#3410),#3401,.F.);
#3417=EDGE_CURVE('',#3379,#3380,#3291,.T.);
#3419=EDGE_CURVE('',#3375,#3380,#3319,.T.);
#3422=EDGE_CURVE('',#3379,#3376,#3347,.T.);
#3426=ADVANCED_FACE('',(#3425),#3416,.F.);
#3433=EDGE_CURVE('',#3380,#3370,#3326,.T.);
#3436=EDGE_CURVE('',#3379,#3372,#3312,.T.);
#3440=ADVANCED_FACE('',(#3439),#3431,.F.);
#3452=ADVANCED_FACE('',(#3451),#3445,.T.);
#3464=ADVANCED_FACE('',(#3463),#3457,.F.);
#3473=(LENGTH_UNIT()NAMED_UNIT(*)SI_UNIT(.MILLI.,.METRE.));
#3474=(NAMED_UNIT(*)PLANE_ANGLE_UNIT()SI_UNIT($,.RADIAN.));
#3477=(NAMED_UNIT(*)SI_UNIT($,.STERADIAN.)SOLID_ANGLE_UNIT());
#3479=(GEOMETRIC_REPRESENTATION_CONTEXT(3)GLOBAL_UNCERTAINTY_ASSIGNED_CONTEXT((
#3478))GLOBAL_UNIT_ASSIGNED_CONTEXT((#3473,#3476,#3477))REPRESENTATION_CONTEXT(
'ID7','3'));
#3483=AXIS2_PLACEMENT_3D('',#3480,#3481,#3482);
#3484=ADVANCED_BREP_SHAPE_REPRESENTATION('',(#3483,#3466),#3479);
#3489=PRODUCT_DEFINITION('design','',#3488,#3485);
#3490=PRODUCT_DEFINITION_SHAPE('','SHAPE FOR LOGO_NX_PRT_349_1_1_1_1_2_1_1.',
#3489);
#3491=SHAPE_ASPECT('',
'solid data associated with LOGO_NX_PRT_349_1_1_1_1_2_1_1',#3490,.F.);
#3492=PROPERTY_DEFINITION('',
'shape for solid data with which properties are associated',#3491);
#3493=SHAPE_REPRESENTATION('',(#3466),#3479);
#3494=SHAPE_DEFINITION_REPRESENTATION(#3492,#3493);
#3495=(LENGTH_UNIT()NAMED_UNIT(*)SI_UNIT(.MILLI.,.METRE.));
#3499=PROPERTY_DEFINITION('geometric validation property',
'area of LOGO_NX_PRT_349_1_1_1_1_2_1_1',#3491);
#3500=REPRESENTATION('surface area',(#3498),#3479);
#3501=PROPERTY_DEFINITION_REPRESENTATION(#3499,#3500);
#3502=(LENGTH_UNIT()NAMED_UNIT(*)SI_UNIT(.MILLI.,.METRE.));
#3506=PROPERTY_DEFINITION('geometric validation property',
'volume of LOGO_NX_PRT_349_1_1_1_1_2_1_1',#3491);
#3507=REPRESENTATION('volume',(#3505),#3479);
#3508=PROPERTY_DEFINITION_REPRESENTATION(#3506,#3507);
#3510=PROPERTY_DEFINITION('geometric validation property',
'centroid of LOGO_NX_PRT_349_1_1_1_1_2_1_1',#3491);
#3511=REPRESENTATION('centroid',(#3509),#3479);
#3512=PROPERTY_DEFINITION_REPRESENTATION(#3510,#3511);
#3513=(LENGTH_UNIT()NAMED_UNIT(*)SI_UNIT(.MILLI.,.METRE.));
#3517=PROPERTY_DEFINITION('geometric validation property',
'area of LOGO_NX_PRT_349_1_1_1_1_2_1_1',#3490);
#3518=REPRESENTATION('surface area',(#3516),#3479);
#3519=PROPERTY_DEFINITION_REPRESENTATION(#3517,#3518);
#3520=(LENGTH_UNIT()NAMED_UNIT(*)SI_UNIT(.MILLI.,.METRE.));
#3524=PROPERTY_DEFINITION('geometric validation property',
'volume of LOGO_NX_PRT_349_1_1_1_1_2_1_1',#3490);
#3525=REPRESENTATION('volume',(#3523),#3479);
#3526=PROPERTY_DEFINITION_REPRESENTATION(#3524,#3525);
#3528=PROPERTY_DEFINITION('geometric validation property',
'centroid of LOGO_NX_PRT_349_1_1_1_1_2_1_1',#3490);
#3529=REPRESENTATION('centroid',(#3527),#3479);
#3530=PROPERTY_DEFINITION_REPRESENTATION(#3528,#3529);
#3531=SHAPE_DEFINITION_REPRESENTATION(#3490,#3484);
#3532=NEXT_ASSEMBLY_USAGE_OCCURRENCE('24','Next assembly relationship',
'LOGO_NX_PRT_349',#4056,#3489,$);
#3533=PRODUCT_DEFINITION_SHAPE('Placement #24',
'Placement of LOGO_NX_PRT_349_1_1_1_1_2_1_1 with respect to LOGO-YMIN_ASM_1_1_ASM_1_1_ASM',#3532);
#3535=PROPERTY_DEFINITION('geometric validation property',
'centroid of LOGO_NX_PRT_349',#3533);
#3536=REPRESENTATION('centroid',(#3534),#3479);
#3537=PROPERTY_DEFINITION_REPRESENTATION(#3535,#3536);
#3546=AXIS2_PLACEMENT_3D('',#3543,#3544,#3545);
#3561=CIRCLE('',#3560,1.284783271309E-1);
#3569=CIRCLE('',#3568,1.284783271309E-1);
#3591=CIRCLE('',#3590,1.904054272200E-1);
#3599=CIRCLE('',#3598,1.904054272200E-1);
#3649=CIRCLE('',#3648,1.904054272200E-1);
#3657=CIRCLE('',#3656,1.904054272200E-1);
#3686=CIRCLE('',#3685,1.284783271309E-1);
#3694=CIRCLE('',#3693,1.284783271309E-1);
#3799=EDGE_CURVE('',#3756,#3757,#3613,.T.);
#3801=EDGE_CURVE('',#3756,#3759,#3553,.T.);
#3803=EDGE_CURVE('',#3761,#3759,#3715,.T.);
#3805=EDGE_CURVE('',#3761,#3763,#3561,.T.);
#3807=EDGE_CURVE('',#3763,#3765,#3569,.T.);
#3809=EDGE_CURVE('',#3765,#3767,#3576,.T.);
#3811=EDGE_CURVE('',#3769,#3767,#3750,.T.);
#3813=EDGE_CURVE('',#3769,#3771,#3583,.T.);
#3815=EDGE_CURVE('',#3771,#3773,#3591,.T.);
#3817=EDGE_CURVE('',#3773,#3757,#3599,.T.);
#3821=ADVANCED_FACE('',(#3820),#3798,.T.);
#3827=EDGE_CURVE('',#3775,#3757,#3620,.T.);
#3829=EDGE_CURVE('',#3777,#3775,#3641,.T.);
#3831=EDGE_CURVE('',#3777,#3756,#3606,.T.);
#3836=ADVANCED_FACE('',(#3835),#3826,.F.);
#3842=EDGE_CURVE('',#3780,#3781,#3657,.T.);
#3844=EDGE_CURVE('',#3775,#3780,#3649,.T.);
#3849=EDGE_CURVE('',#3771,#3781,#3627,.T.);
#3853=ADVANCED_FACE('',(#3852),#3841,.T.);
#3859=EDGE_CURVE('',#3783,#3777,#3634,.T.);
#3864=EDGE_CURVE('',#3781,#3785,#3664,.T.);
#3866=EDGE_CURVE('',#3785,#3787,#3671,.T.);
#3868=EDGE_CURVE('',#3787,#3789,#3678,.T.);
#3870=EDGE_CURVE('',#3789,#3791,#3686,.T.);
#3872=EDGE_CURVE('',#3791,#3793,#3694,.T.);
#3874=EDGE_CURVE('',#3793,#3783,#3701,.T.);
#3878=ADVANCED_FACE('',(#3877),#3858,.T.);
#3886=EDGE_CURVE('',#3783,#3759,#3708,.T.);
#3891=ADVANCED_FACE('',(#3890),#3883,.F.);
#3899=EDGE_CURVE('',#3761,#3793,#3729,.T.);
#3904=ADVANCED_FACE('',(#3903),#3896,.F.);
#3912=EDGE_CURVE('',#3789,#3765,#3722,.T.);
#3919=ADVANCED_FACE('',(#3918),#3909,.F.);
#3927=EDGE_CURVE('',#3787,#3767,#3736,.T.);
#3932=ADVANCED_FACE('',(#3931),#3924,.F.);
#3940=EDGE_CURVE('',#3785,#3769,#3743,.T.);
#3945=ADVANCED_FACE('',(#3944),#3937,.F.);
#3957=ADVANCED_FACE('',(#3956),#3950,.F.);
#3966=(LENGTH_UNIT()NAMED_UNIT(*)SI_UNIT(.MILLI.,.METRE.));
#3967=(NAMED_UNIT(*)PLANE_ANGLE_UNIT()SI_UNIT($,.RADIAN.));
#3970=(NAMED_UNIT(*)SI_UNIT($,.STERADIAN.)SOLID_ANGLE_UNIT());
#3972=(GEOMETRIC_REPRESENTATION_CONTEXT(3)GLOBAL_UNCERTAINTY_ASSIGNED_CONTEXT((
#3971))GLOBAL_UNIT_ASSIGNED_CONTEXT((#3966,#3969,#3970))REPRESENTATION_CONTEXT(
'ID8','3'));
#3976=AXIS2_PLACEMENT_3D('',#3973,#3974,#3975);
#3977=ADVANCED_BREP_SHAPE_REPRESENTATION('',(#3976,#3959),#3972);
#3981=PRODUCT_DEFINITION('design','',#3980,#3485);
#3982=PRODUCT_DEFINITION_SHAPE('','SHAPE FOR LOGO_NX_PRT_368_1_1_1_1_2_1_1.',
#3981);
#3983=SHAPE_ASPECT('',
'solid data associated with LOGO_NX_PRT_368_1_1_1_1_2_1_1',#3982,.F.);
#3984=PROPERTY_DEFINITION('',
'shape for solid data with which properties are associated',#3983);
#3985=SHAPE_REPRESENTATION('',(#3959),#3972);
#3986=SHAPE_DEFINITION_REPRESENTATION(#3984,#3985);
#3987=(LENGTH_UNIT()NAMED_UNIT(*)SI_UNIT(.MILLI.,.METRE.));
#3991=PROPERTY_DEFINITION('geometric validation property',
'area of LOGO_NX_PRT_368_1_1_1_1_2_1_1',#3983);
#3992=REPRESENTATION('surface area',(#3990),#3972);
#3993=PROPERTY_DEFINITION_REPRESENTATION(#3991,#3992);
#3994=(LENGTH_UNIT()NAMED_UNIT(*)SI_UNIT(.MILLI.,.METRE.));
#3998=PROPERTY_DEFINITION('geometric validation property',
'volume of LOGO_NX_PRT_368_1_1_1_1_2_1_1',#3983);
#3999=REPRESENTATION('volume',(#3997),#3972);
#4000=PROPERTY_DEFINITION_REPRESENTATION(#3998,#3999);
#4002=PROPERTY_DEFINITION('geometric validation property',
'centroid of LOGO_NX_PRT_368_1_1_1_1_2_1_1',#3983);
#4003=REPRESENTATION('centroid',(#4001),#3972);
#4004=PROPERTY_DEFINITION_REPRESENTATION(#4002,#4003);
#4005=(LENGTH_UNIT()NAMED_UNIT(*)SI_UNIT(.MILLI.,.METRE.));
#4009=PROPERTY_DEFINITION('geometric validation property',
'area of LOGO_NX_PRT_368_1_1_1_1_2_1_1',#3982);
#4010=REPRESENTATION('surface area',(#4008),#3972);
#4011=PROPERTY_DEFINITION_REPRESENTATION(#4009,#4010);
#4012=(LENGTH_UNIT()NAMED_UNIT(*)SI_UNIT(.MILLI.,.METRE.));
#4016=PROPERTY_DEFINITION('geometric validation property',
'volume of LOGO_NX_PRT_368_1_1_1_1_2_1_1',#3982);
#4017=REPRESENTATION('volume',(#4015),#3972);
#4018=PROPERTY_DEFINITION_REPRESENTATION(#4016,#4017);
#4020=PROPERTY_DEFINITION('geometric validation property',
'centroid of LOGO_NX_PRT_368_1_1_1_1_2_1_1',#3982);
#4021=REPRESENTATION('centroid',(#4019),#3972);
#4022=PROPERTY_DEFINITION_REPRESENTATION(#4020,#4021);
#4023=SHAPE_DEFINITION_REPRESENTATION(#3982,#3977);
#4024=NEXT_ASSEMBLY_USAGE_OCCURRENCE('25','Next assembly relationship',
'LOGO_NX_PRT_368',#4056,#3981,$);
#4025=PRODUCT_DEFINITION_SHAPE('Placement #25',
'Placement of LOGO_NX_PRT_368_1_1_1_1_2_1_1 with respect to LOGO-YMIN_ASM_1_1_ASM_1_1_ASM',#4024);
#4027=PROPERTY_DEFINITION('geometric validation property',
'centroid of LOGO_NX_PRT_368',#4025);
#4028=REPRESENTATION('centroid',(#4026),#3972);
#4029=PROPERTY_DEFINITION_REPRESENTATION(#4027,#4028);
#4038=AXIS2_PLACEMENT_3D('',#4035,#4036,#4037);
#4041=(LENGTH_UNIT()NAMED_UNIT(*)SI_UNIT(.MILLI.,.METRE.));
#4042=(NAMED_UNIT(*)PLANE_ANGLE_UNIT()SI_UNIT($,.RADIAN.));
#4045=(NAMED_UNIT(*)SI_UNIT($,.STERADIAN.)SOLID_ANGLE_UNIT());
#4047=(GEOMETRIC_REPRESENTATION_CONTEXT(3)GLOBAL_UNCERTAINTY_ASSIGNED_CONTEXT((
#4046))GLOBAL_UNIT_ASSIGNED_CONTEXT((#4041,#4044,#4045))REPRESENTATION_CONTEXT(
'ID9','3'));
#4051=AXIS2_PLACEMENT_3D('',#4048,#4049,#4050);
#4056=PRODUCT_DEFINITION('design','',#4055,#4052);
#4057=(LENGTH_UNIT()NAMED_UNIT(*)SI_UNIT(.MILLI.,.METRE.));
#4061=PROPERTY_DEFINITION('geometric validation property',
'area of LOGO-YMIN_ASM_1_1_ASM_1_1_ASM',#1963);
#4062=REPRESENTATION('surface area',(#4060),#4047);
#4063=PROPERTY_DEFINITION_REPRESENTATION(#4061,#4062);
#4064=(LENGTH_UNIT()NAMED_UNIT(*)SI_UNIT(.MILLI.,.METRE.));
#4068=PROPERTY_DEFINITION('geometric validation property',
'volume of LOGO-YMIN_ASM_1_1_ASM_1_1_ASM',#1963);
#4069=REPRESENTATION('volume',(#4067),#4047);
#4070=PROPERTY_DEFINITION_REPRESENTATION(#4068,#4069);
#4072=PROPERTY_DEFINITION('geometric validation property',
'centroid of LOGO-YMIN_ASM_1_1_ASM_1_1_ASM',#1963);
#4073=REPRESENTATION('centroid',(#4071),#4047);
#4074=PROPERTY_DEFINITION_REPRESENTATION(#4072,#4073);
#4075=SHAPE_DEFINITION_REPRESENTATION(#4076,#4077);
#4076=PRODUCT_DEFINITION_SHAPE('','SHAPE FOR ASM0008_ASM_1_1_ASM.',#4109);
#4077=SHAPE_REPRESENTATION('',(#4092,#4087,#4105),#4101);
#4078=NEXT_ASSEMBLY_USAGE_OCCURRENCE('26','Next assembly relationship',
'LOGO-YMIN_ASM_1_1',#4109,#4056,$);
#4079=PRODUCT_DEFINITION_SHAPE('Placement #26',
'Placement of LOGO-YMIN_ASM_1_1_ASM_1_1_ASM with respect to ASM0008_ASM_1_1_ASM'
,#4078);
#4081=PROPERTY_DEFINITION('geometric validation property',
'centroid of LOGO-YMIN_ASM_1_1',#4079);
#4082=REPRESENTATION('centroid',(#4080),#4047);
#4083=PROPERTY_DEFINITION_REPRESENTATION(#4081,#4082);
#4092=AXIS2_PLACEMENT_3D('',#4089,#4090,#4091);
#4095=(LENGTH_UNIT()NAMED_UNIT(*)SI_UNIT(.MILLI.,.METRE.));
#4096=(NAMED_UNIT(*)PLANE_ANGLE_UNIT()SI_UNIT($,.RADIAN.));
#4099=(NAMED_UNIT(*)SI_UNIT($,.STERADIAN.)SOLID_ANGLE_UNIT());
#4101=(GEOMETRIC_REPRESENTATION_CONTEXT(3)GLOBAL_UNCERTAINTY_ASSIGNED_CONTEXT((
#4100))GLOBAL_UNIT_ASSIGNED_CONTEXT((#4095,#4098,#4099))REPRESENTATION_CONTEXT(
'ID10','3'));
#4105=AXIS2_PLACEMENT_3D('',#4102,#4103,#4104);
#4109=PRODUCT_DEFINITION('design','',#4108,#4052);
#4110=(LENGTH_UNIT()NAMED_UNIT(*)SI_UNIT(.MILLI.,.METRE.));
#4114=PROPERTY_DEFINITION('geometric validation property',
'area of ASM0008_ASM_1_1_ASM',#4076);
#4115=REPRESENTATION('surface area',(#4113),#4101);
#4116=PROPERTY_DEFINITION_REPRESENTATION(#4114,#4115);
#4117=(LENGTH_UNIT()NAMED_UNIT(*)SI_UNIT(.MILLI.,.METRE.));
#4121=PROPERTY_DEFINITION('geometric validation property',
'volume of ASM0008_ASM_1_1_ASM',#4076);
#4122=REPRESENTATION('volume',(#4120),#4101);
#4123=PROPERTY_DEFINITION_REPRESENTATION(#4121,#4122);
#4125=PROPERTY_DEFINITION('geometric validation property',
'centroid of ASM0008_ASM_1_1_ASM',#4076);
#4126=REPRESENTATION('centroid',(#4124),#4101);
#4127=PROPERTY_DEFINITION_REPRESENTATION(#4125,#4126);
#4128=SHAPE_DEFINITION_REPRESENTATION(#4129,#4130);
#4129=PRODUCT_DEFINITION_SHAPE('','SHAPE FOR ASM0010_ASM.',#4163);
#4130=SHAPE_REPRESENTATION('',(#4145,#4140,#4158),#4154);
#4131=NEXT_ASSEMBLY_USAGE_OCCURRENCE('27','Next assembly relationship',
'ASM0008_ASM_1_1',#4163,#4109,$);
#4132=PRODUCT_DEFINITION_SHAPE('Placement #27',
'Placement of ASM0008_ASM_1_1_ASM with respect to ASM0010_ASM',#4131);
#4134=PROPERTY_DEFINITION('geometric validation property',
'centroid of ASM0008_ASM_1_1',#4132);
#4135=REPRESENTATION('centroid',(#4133),#4101);
#4136=PROPERTY_DEFINITION_REPRESENTATION(#4134,#4135);
#4145=AXIS2_PLACEMENT_3D('',#4142,#4143,#4144);
#4148=(LENGTH_UNIT()NAMED_UNIT(*)SI_UNIT(.MILLI.,.METRE.));
#4149=(NAMED_UNIT(*)PLANE_ANGLE_UNIT()SI_UNIT($,.RADIAN.));
#4152=(NAMED_UNIT(*)SI_UNIT($,.STERADIAN.)SOLID_ANGLE_UNIT());
#4154=(GEOMETRIC_REPRESENTATION_CONTEXT(3)GLOBAL_UNCERTAINTY_ASSIGNED_CONTEXT((
#4153))GLOBAL_UNIT_ASSIGNED_CONTEXT((#4148,#4151,#4152))REPRESENTATION_CONTEXT(
'ID11','3'));
#4158=AXIS2_PLACEMENT_3D('',#4155,#4156,#4157);
#4163=PRODUCT_DEFINITION('design','',#4162,#4159);
#4164=(LENGTH_UNIT()NAMED_UNIT(*)SI_UNIT(.MILLI.,.METRE.));
#4168=PROPERTY_DEFINITION('geometric validation property','area of ASM0010_ASM',
#4129);
#4169=REPRESENTATION('surface area',(#4167),#4154);
#4170=PROPERTY_DEFINITION_REPRESENTATION(#4168,#4169);
#4171=(LENGTH_UNIT()NAMED_UNIT(*)SI_UNIT(.MILLI.,.METRE.));
#4175=PROPERTY_DEFINITION('geometric validation property',
'volume of ASM0010_ASM',#4129);
#4176=REPRESENTATION('volume',(#4174),#4154);
#4177=PROPERTY_DEFINITION_REPRESENTATION(#4175,#4176);
#4179=PROPERTY_DEFINITION('geometric validation property',
'centroid of ASM0010_ASM',#4129);
#4180=REPRESENTATION('centroid',(#4178),#4154);
#4181=PROPERTY_DEFINITION_REPRESENTATION(#4179,#4180);
#4182=NEXT_ASSEMBLY_USAGE_OCCURRENCE('28','Next assembly relationship',
'ASM0010',#4210,#4163,$);
#4183=PRODUCT_DEFINITION_SHAPE('Placement #28',
'Placement of ASM0010_ASM with respect to 03750112_ASM',#4182);
#4185=PROPERTY_DEFINITION('geometric validation property','centroid of ASM0010',
#4183);
#4186=REPRESENTATION('centroid',(#4184),#4154);
#4187=PROPERTY_DEFINITION_REPRESENTATION(#4185,#4186);
#4195=(LENGTH_UNIT()NAMED_UNIT(*)SI_UNIT(.MILLI.,.METRE.));
#4196=(NAMED_UNIT(*)PLANE_ANGLE_UNIT()SI_UNIT($,.RADIAN.));
#4199=(NAMED_UNIT(*)SI_UNIT($,.STERADIAN.)SOLID_ANGLE_UNIT());
#4201=(GEOMETRIC_REPRESENTATION_CONTEXT(3)GLOBAL_UNCERTAINTY_ASSIGNED_CONTEXT((
#4200))GLOBAL_UNIT_ASSIGNED_CONTEXT((#4195,#4198,#4199))REPRESENTATION_CONTEXT(
'ID12','3'));
#4205=AXIS2_PLACEMENT_3D('',#4202,#4203,#4204);
#4210=PRODUCT_DEFINITION('design','',#4209,#4159);
#4211=(LENGTH_UNIT()NAMED_UNIT(*)SI_UNIT(.MILLI.,.METRE.));
#4215=PROPERTY_DEFINITION('geometric validation property',
'area of 03750112_ASM',#1104);
#4216=REPRESENTATION('surface area',(#4214),#4201);
#4217=PROPERTY_DEFINITION_REPRESENTATION(#4215,#4216);
#4218=(LENGTH_UNIT()NAMED_UNIT(*)SI_UNIT(.MILLI.,.METRE.));
#4222=PROPERTY_DEFINITION('geometric validation property',
'volume of 03750112_ASM',#1104);
#4223=REPRESENTATION('volume',(#4221),#4201);
#4224=PROPERTY_DEFINITION_REPRESENTATION(#4222,#4223);
#4226=PROPERTY_DEFINITION('geometric validation property',
'centroid of 03750112_ASM',#1104);
#4227=REPRESENTATION('centroid',(#4225),#4201);
#4228=PROPERTY_DEFINITION_REPRESENTATION(#4226,#4227);
ENDSEC;
END-ISO-10303-21;
