ISO-10303-21;
HEADER;
FILE_DESCRIPTION((''),'2;1');
FILE_NAME('18002100_ASM','2025-12-06T09:41:17',('Administrator'),(''),
'CREO PARAMETRIC BY PTC INC, 2018100','CREO PARAMETRIC BY PTC INC, 2018100','');
FILE_SCHEMA(('AUTOMOTIVE_DESIGN { 1 0 10303 214 1 1 1 1 }'));
ENDSEC;
DATA;
#21=CARTESIAN_POINT('',(0.E0,-6.996511505455E0,7.06790448E0));
#22=DIRECTION('',(-1.E0,0.E0,0.E0));
#23=DIRECTION('',(0.E0,0.E0,-1.E0));
#24=AXIS2_PLACEMENT_3D('',#21,#22,#23);
#26=DRAUGHTING_PRE_DEFINED_CURVE_FONT('continuous');
#27=CURVE_STYLE('',#26,POSITIVE_LENGTH_MEASURE(2.E-2),#17);
#28=PRESENTATION_STYLE_ASSIGNMENT((#27));
#29=STYLED_ITEM('',(#28),#25);
#30=CARTESIAN_POINT('',(0.E0,-6.996511505455E0,7.06790448E0));
#31=DIRECTION('',(-1.E0,0.E0,0.E0));
#32=DIRECTION('',(0.E0,0.E0,1.E0));
#33=AXIS2_PLACEMENT_3D('',#30,#31,#32);
#35=CURVE_STYLE('',#26,POSITIVE_LENGTH_MEASURE(2.E-2),#17);
#36=PRESENTATION_STYLE_ASSIGNMENT((#35));
#37=STYLED_ITEM('',(#36),#34);
#38=CARTESIAN_POINT('',(0.E0,-6.996511505455E0,-7.06790448E0));
#39=DIRECTION('',(-1.E0,0.E0,0.E0));
#40=DIRECTION('',(0.E0,0.E0,-1.E0));
#41=AXIS2_PLACEMENT_3D('',#38,#39,#40);
#43=CURVE_STYLE('',#26,POSITIVE_LENGTH_MEASURE(2.E-2),#17);
#44=PRESENTATION_STYLE_ASSIGNMENT((#43));
#45=STYLED_ITEM('',(#44),#42);
#46=CARTESIAN_POINT('',(0.E0,-6.996511505455E0,-7.06790448E0));
#47=DIRECTION('',(-1.E0,0.E0,0.E0));
#48=DIRECTION('',(0.E0,0.E0,1.E0));
#49=AXIS2_PLACEMENT_3D('',#46,#47,#48);
#51=CURVE_STYLE('',#26,POSITIVE_LENGTH_MEASURE(2.E-2),#17);
#52=PRESENTATION_STYLE_ASSIGNMENT((#51));
#53=STYLED_ITEM('',(#52),#50);
#54=CARTESIAN_POINT('',(0.E0,6.996511505455E0,-7.06790448E0));
#55=DIRECTION('',(-1.E0,0.E0,0.E0));
#56=DIRECTION('',(0.E0,0.E0,-1.E0));
#57=AXIS2_PLACEMENT_3D('',#54,#55,#56);
#59=CURVE_STYLE('',#26,POSITIVE_LENGTH_MEASURE(2.E-2),#17);
#60=PRESENTATION_STYLE_ASSIGNMENT((#59));
#61=STYLED_ITEM('',(#60),#58);
#62=CARTESIAN_POINT('',(0.E0,6.996511505455E0,-7.06790448E0));
#63=DIRECTION('',(-1.E0,0.E0,0.E0));
#64=DIRECTION('',(0.E0,0.E0,1.E0));
#65=AXIS2_PLACEMENT_3D('',#62,#63,#64);
#67=CURVE_STYLE('',#26,POSITIVE_LENGTH_MEASURE(2.E-2),#17);
#68=PRESENTATION_STYLE_ASSIGNMENT((#67));
#69=STYLED_ITEM('',(#68),#66);
#70=CARTESIAN_POINT('',(0.E0,6.996511505455E0,7.06790448E0));
#71=DIRECTION('',(-1.E0,0.E0,0.E0));
#72=DIRECTION('',(0.E0,0.E0,-1.E0));
#73=AXIS2_PLACEMENT_3D('',#70,#71,#72);
#75=CURVE_STYLE('',#26,POSITIVE_LENGTH_MEASURE(2.E-2),#17);
#76=PRESENTATION_STYLE_ASSIGNMENT((#75));
#77=STYLED_ITEM('',(#76),#74);
#78=CARTESIAN_POINT('',(0.E0,6.996511505455E0,7.06790448E0));
#79=DIRECTION('',(-1.E0,0.E0,0.E0));
#80=DIRECTION('',(0.E0,0.E0,1.E0));
#81=AXIS2_PLACEMENT_3D('',#78,#79,#80);
#83=CURVE_STYLE('',#26,POSITIVE_LENGTH_MEASURE(2.E-2),#17);
#84=PRESENTATION_STYLE_ASSIGNMENT((#83));
#85=STYLED_ITEM('',(#84),#82);
#86=DIRECTION('',(0.E0,0.E0,1.E0));
#87=VECTOR('',#86,3.3E0);
#88=CARTESIAN_POINT('',(0.E0,3.5958E0,-9.75E0));
#89=LINE('',#88,#87);
#90=CURVE_STYLE('',#26,POSITIVE_LENGTH_MEASURE(2.E-2),#17);
#91=PRESENTATION_STYLE_ASSIGNMENT((#90));
#92=STYLED_ITEM('',(#91),#89);
#93=DIRECTION('',(0.E0,1.E0,0.E0));
#94=VECTOR('',#93,4.4042E0);
#95=CARTESIAN_POINT('',(0.E0,3.5958E0,-9.75E0));
#96=LINE('',#95,#94);
#97=CURVE_STYLE('',#26,POSITIVE_LENGTH_MEASURE(2.E-2),#17);
#98=PRESENTATION_STYLE_ASSIGNMENT((#97));
#99=STYLED_ITEM('',(#98),#96);
#100=CARTESIAN_POINT('',(0.E0,8.E0,-8.25E0));
#101=DIRECTION('',(1.E0,0.E0,0.E0));
#102=DIRECTION('',(0.E0,0.E0,-1.E0));
#103=AXIS2_PLACEMENT_3D('',#100,#101,#102);
#105=CURVE_STYLE('',#26,POSITIVE_LENGTH_MEASURE(2.E-2),#17);
#106=PRESENTATION_STYLE_ASSIGNMENT((#105));
#107=STYLED_ITEM('',(#106),#104);
#108=DIRECTION('',(0.E0,0.E0,1.E0));
#109=VECTOR('',#108,1.45E1);
#110=CARTESIAN_POINT('',(0.E0,9.5E0,-8.25E0));
#111=LINE('',#110,#109);
#112=CURVE_STYLE('',#26,POSITIVE_LENGTH_MEASURE(2.E-2),#17);
#113=PRESENTATION_STYLE_ASSIGNMENT((#112));
#114=STYLED_ITEM('',(#113),#111);
#115=DIRECTION('',(0.E0,-7.071067811865E-1,7.071067811865E-1));
#116=VECTOR('',#115,4.949747468306E0);
#117=CARTESIAN_POINT('',(0.E0,9.5E0,6.25E0));
#118=LINE('',#117,#116);
#119=CURVE_STYLE('',#26,POSITIVE_LENGTH_MEASURE(2.E-2),#17);
#120=PRESENTATION_STYLE_ASSIGNMENT((#119));
#121=STYLED_ITEM('',(#120),#118);
#122=DIRECTION('',(0.E0,-1.E0,0.E0));
#123=VECTOR('',#122,2.4042E0);
#124=CARTESIAN_POINT('',(0.E0,6.E0,9.75E0));
#125=LINE('',#124,#123);
#126=CURVE_STYLE('',#26,POSITIVE_LENGTH_MEASURE(2.E-2),#17);
#127=PRESENTATION_STYLE_ASSIGNMENT((#126));
#128=STYLED_ITEM('',(#127),#125);
#129=DIRECTION('',(0.E0,0.E0,-1.E0));
#130=VECTOR('',#129,3.3E0);
#131=CARTESIAN_POINT('',(0.E0,3.5958E0,9.75E0));
#132=LINE('',#131,#130);
#133=CURVE_STYLE('',#26,POSITIVE_LENGTH_MEASURE(2.E-2),#17);
#134=PRESENTATION_STYLE_ASSIGNMENT((#133));
#135=STYLED_ITEM('',(#134),#132);
#136=DIRECTION('',(0.E0,-1.E0,0.E0));
#137=VECTOR('',#136,2.9958E0);
#138=CARTESIAN_POINT('',(0.E0,3.5958E0,6.45E0));
#139=LINE('',#138,#137);
#140=CURVE_STYLE('',#26,POSITIVE_LENGTH_MEASURE(2.E-2),#17);
#141=PRESENTATION_STYLE_ASSIGNMENT((#140));
#142=STYLED_ITEM('',(#141),#139);
#143=DIRECTION('',(0.E0,0.E0,-1.E0));
#144=VECTOR('',#143,2.1E0);
#145=CARTESIAN_POINT('',(0.E0,6.E-1,6.45E0));
#146=LINE('',#145,#144);
#147=CURVE_STYLE('',#26,POSITIVE_LENGTH_MEASURE(2.E-2),#17);
#148=PRESENTATION_STYLE_ASSIGNMENT((#147));
#149=STYLED_ITEM('',(#148),#146);
#150=CARTESIAN_POINT('',(0.E0,0.E0,4.35E0));
#151=DIRECTION('',(-1.E0,0.E0,0.E0));
#152=DIRECTION('',(0.E0,1.E0,0.E0));
#153=AXIS2_PLACEMENT_3D('',#150,#151,#152);
#155=CURVE_STYLE('',#26,POSITIVE_LENGTH_MEASURE(2.E-2),#17);
#156=PRESENTATION_STYLE_ASSIGNMENT((#155));
#157=STYLED_ITEM('',(#156),#154);
#158=DIRECTION('',(0.E0,0.E0,-1.E0));
#159=VECTOR('',#158,2.1E0);
#160=CARTESIAN_POINT('',(0.E0,-6.E-1,6.45E0));
#161=LINE('',#160,#159);
#162=CURVE_STYLE('',#26,POSITIVE_LENGTH_MEASURE(2.E-2),#17);
#163=PRESENTATION_STYLE_ASSIGNMENT((#162));
#164=STYLED_ITEM('',(#163),#161);
#165=DIRECTION('',(0.E0,-1.E0,0.E0));
#166=VECTOR('',#165,2.9958E0);
#167=CARTESIAN_POINT('',(0.E0,-6.E-1,6.45E0));
#168=LINE('',#167,#166);
#169=CURVE_STYLE('',#26,POSITIVE_LENGTH_MEASURE(2.E-2),#17);
#170=PRESENTATION_STYLE_ASSIGNMENT((#169));
#171=STYLED_ITEM('',(#170),#168);
#172=DIRECTION('',(0.E0,0.E0,-1.E0));
#173=VECTOR('',#172,3.3E0);
#174=CARTESIAN_POINT('',(0.E0,-3.5958E0,9.75E0));
#175=LINE('',#174,#173);
#176=CURVE_STYLE('',#26,POSITIVE_LENGTH_MEASURE(2.E-2),#17);
#177=PRESENTATION_STYLE_ASSIGNMENT((#176));
#178=STYLED_ITEM('',(#177),#175);
#179=DIRECTION('',(0.E0,-1.E0,0.E0));
#180=VECTOR('',#179,2.4042E0);
#181=CARTESIAN_POINT('',(0.E0,-3.5958E0,9.75E0));
#182=LINE('',#181,#180);
#183=CURVE_STYLE('',#26,POSITIVE_LENGTH_MEASURE(2.E-2),#17);
#184=PRESENTATION_STYLE_ASSIGNMENT((#183));
#185=STYLED_ITEM('',(#184),#182);
#186=DIRECTION('',(0.E0,7.071067811865E-1,7.071067811865E-1));
#187=VECTOR('',#186,4.949747468306E0);
#188=CARTESIAN_POINT('',(0.E0,-9.5E0,6.25E0));
#189=LINE('',#188,#187);
#190=CURVE_STYLE('',#26,POSITIVE_LENGTH_MEASURE(2.E-2),#17);
#191=PRESENTATION_STYLE_ASSIGNMENT((#190));
#192=STYLED_ITEM('',(#191),#189);
#193=CARTESIAN_POINT('',(0.E0,-8.E0,-8.25E0));
#194=DIRECTION('',(1.E0,0.E0,0.E0));
#195=DIRECTION('',(0.E0,-1.E0,0.E0));
#196=AXIS2_PLACEMENT_3D('',#193,#194,#195);
#198=CURVE_STYLE('',#26,POSITIVE_LENGTH_MEASURE(2.E-2),#17);
#199=PRESENTATION_STYLE_ASSIGNMENT((#198));
#200=STYLED_ITEM('',(#199),#197);
#201=DIRECTION('',(0.E0,1.E0,0.E0));
#202=VECTOR('',#201,4.4042E0);
#203=CARTESIAN_POINT('',(0.E0,-8.E0,-9.75E0));
#204=LINE('',#203,#202);
#205=CURVE_STYLE('',#26,POSITIVE_LENGTH_MEASURE(2.E-2),#17);
#206=PRESENTATION_STYLE_ASSIGNMENT((#205));
#207=STYLED_ITEM('',(#206),#204);
#208=DIRECTION('',(0.E0,0.E0,1.E0));
#209=VECTOR('',#208,3.3E0);
#210=CARTESIAN_POINT('',(0.E0,-3.5958E0,-9.75E0));
#211=LINE('',#210,#209);
#212=CURVE_STYLE('',#26,POSITIVE_LENGTH_MEASURE(2.E-2),#17);
#213=PRESENTATION_STYLE_ASSIGNMENT((#212));
#214=STYLED_ITEM('',(#213),#211);
#215=DIRECTION('',(0.E0,-1.E0,0.E0));
#216=VECTOR('',#215,2.9958E0);
#217=CARTESIAN_POINT('',(0.E0,-6.E-1,-6.45E0));
#218=LINE('',#217,#216);
#219=CURVE_STYLE('',#26,POSITIVE_LENGTH_MEASURE(2.E-2),#17);
#220=PRESENTATION_STYLE_ASSIGNMENT((#219));
#221=STYLED_ITEM('',(#220),#218);
#222=DIRECTION('',(0.E0,0.E0,1.E0));
#223=VECTOR('',#222,2.1E0);
#224=CARTESIAN_POINT('',(0.E0,-6.E-1,-6.45E0));
#225=LINE('',#224,#223);
#226=CURVE_STYLE('',#26,POSITIVE_LENGTH_MEASURE(2.E-2),#17);
#227=PRESENTATION_STYLE_ASSIGNMENT((#226));
#228=STYLED_ITEM('',(#227),#225);
#229=CARTESIAN_POINT('',(0.E0,0.E0,-4.35E0));
#230=DIRECTION('',(-1.E0,0.E0,0.E0));
#231=DIRECTION('',(0.E0,-1.E0,0.E0));
#232=AXIS2_PLACEMENT_3D('',#229,#230,#231);
#234=CURVE_STYLE('',#26,POSITIVE_LENGTH_MEASURE(2.E-2),#17);
#235=PRESENTATION_STYLE_ASSIGNMENT((#234));
#236=STYLED_ITEM('',(#235),#233);
#237=DIRECTION('',(0.E0,0.E0,-1.E0));
#238=VECTOR('',#237,2.1E0);
#239=CARTESIAN_POINT('',(0.E0,6.E-1,-4.35E0));
#240=LINE('',#239,#238);
#241=CURVE_STYLE('',#26,POSITIVE_LENGTH_MEASURE(2.E-2),#17);
#242=PRESENTATION_STYLE_ASSIGNMENT((#241));
#243=STYLED_ITEM('',(#242),#240);
#244=DIRECTION('',(0.E0,-1.E0,0.E0));
#245=VECTOR('',#244,2.9958E0);
#246=CARTESIAN_POINT('',(0.E0,3.5958E0,-6.45E0));
#247=LINE('',#246,#245);
#248=CURVE_STYLE('',#26,POSITIVE_LENGTH_MEASURE(2.E-2),#17);
#249=PRESENTATION_STYLE_ASSIGNMENT((#248));
#250=STYLED_ITEM('',(#249),#247);
#251=DIRECTION('',(-1.E0,0.E0,0.E0));
#252=VECTOR('',#251,5.557686053655E-2);
#253=CARTESIAN_POINT('',(0.E0,-6.996511505455E0,6.623289595708E0));
#254=LINE('',#253,#252);
#255=CURVE_STYLE('',#26,POSITIVE_LENGTH_MEASURE(2.E-2),#17);
#256=PRESENTATION_STYLE_ASSIGNMENT((#255));
#257=STYLED_ITEM('',(#256),#254);
#258=DIRECTION('',(-1.E0,0.E0,0.E0));
#259=VECTOR('',#258,5.557686053655E-2);
#260=CARTESIAN_POINT('',(0.E0,-6.996511505455E0,7.512519364292E0));
#261=LINE('',#260,#259);
#262=CURVE_STYLE('',#26,POSITIVE_LENGTH_MEASURE(2.E-2),#17);
#263=PRESENTATION_STYLE_ASSIGNMENT((#262));
#264=STYLED_ITEM('',(#263),#261);
#265=CARTESIAN_POINT('',(-5.557686053655E-2,-6.996511505455E0,7.06790448E0));
#266=DIRECTION('',(-1.E0,0.E0,0.E0));
#267=DIRECTION('',(0.E0,0.E0,-1.E0));
#268=AXIS2_PLACEMENT_3D('',#265,#266,#267);
#270=CURVE_STYLE('',#26,POSITIVE_LENGTH_MEASURE(2.E-2),#17);
#271=PRESENTATION_STYLE_ASSIGNMENT((#270));
#272=STYLED_ITEM('',(#271),#269);
#273=CARTESIAN_POINT('',(-5.557686053655E-2,-6.996511505455E0,7.06790448E0));
#274=DIRECTION('',(-1.E0,0.E0,0.E0));
#275=DIRECTION('',(0.E0,0.E0,1.E0));
#276=AXIS2_PLACEMENT_3D('',#273,#274,#275);
#278=CURVE_STYLE('',#26,POSITIVE_LENGTH_MEASURE(2.E-2),#17);
#279=PRESENTATION_STYLE_ASSIGNMENT((#278));
#280=STYLED_ITEM('',(#279),#277);
#281=CARTESIAN_POINT('',(-5.557686053655E-2,-6.996511505455E0,-7.06790448E0));
#282=DIRECTION('',(-1.E0,0.E0,0.E0));
#283=DIRECTION('',(0.E0,0.E0,-1.E0));
#284=AXIS2_PLACEMENT_3D('',#281,#282,#283);
#286=CURVE_STYLE('',#26,POSITIVE_LENGTH_MEASURE(2.E-2),#17);
#287=PRESENTATION_STYLE_ASSIGNMENT((#286));
#288=STYLED_ITEM('',(#287),#285);
#289=CARTESIAN_POINT('',(-5.557686053655E-2,-6.996511505455E0,-7.06790448E0));
#290=DIRECTION('',(-1.E0,0.E0,0.E0));
#291=DIRECTION('',(0.E0,0.E0,1.E0));
#292=AXIS2_PLACEMENT_3D('',#289,#290,#291);
#294=CURVE_STYLE('',#26,POSITIVE_LENGTH_MEASURE(2.E-2),#17);
#295=PRESENTATION_STYLE_ASSIGNMENT((#294));
#296=STYLED_ITEM('',(#295),#293);
#297=CARTESIAN_POINT('',(-5.557686053655E-2,6.996511505455E0,-7.06790448E0));
#298=DIRECTION('',(-1.E0,0.E0,0.E0));
#299=DIRECTION('',(0.E0,0.E0,-1.E0));
#300=AXIS2_PLACEMENT_3D('',#297,#298,#299);
#302=CURVE_STYLE('',#26,POSITIVE_LENGTH_MEASURE(2.E-2),#17);
#303=PRESENTATION_STYLE_ASSIGNMENT((#302));
#304=STYLED_ITEM('',(#303),#301);
#305=CARTESIAN_POINT('',(-5.557686053655E-2,6.996511505455E0,-7.06790448E0));
#306=DIRECTION('',(-1.E0,0.E0,0.E0));
#307=DIRECTION('',(0.E0,0.E0,1.E0));
#308=AXIS2_PLACEMENT_3D('',#305,#306,#307);
#310=CURVE_STYLE('',#26,POSITIVE_LENGTH_MEASURE(2.E-2),#17);
#311=PRESENTATION_STYLE_ASSIGNMENT((#310));
#312=STYLED_ITEM('',(#311),#309);
#313=CARTESIAN_POINT('',(-5.557686053655E-2,6.996511505455E0,7.06790448E0));
#314=DIRECTION('',(-1.E0,0.E0,0.E0));
#315=DIRECTION('',(0.E0,0.E0,-1.E0));
#316=AXIS2_PLACEMENT_3D('',#313,#314,#315);
#318=CURVE_STYLE('',#26,POSITIVE_LENGTH_MEASURE(2.E-2),#17);
#319=PRESENTATION_STYLE_ASSIGNMENT((#318));
#320=STYLED_ITEM('',(#319),#317);
#321=CARTESIAN_POINT('',(-5.557686053655E-2,6.996511505455E0,7.06790448E0));
#322=DIRECTION('',(-1.E0,0.E0,0.E0));
#323=DIRECTION('',(0.E0,0.E0,1.E0));
#324=AXIS2_PLACEMENT_3D('',#321,#322,#323);
#326=CURVE_STYLE('',#26,POSITIVE_LENGTH_MEASURE(2.E-2),#17);
#327=PRESENTATION_STYLE_ASSIGNMENT((#326));
#328=STYLED_ITEM('',(#327),#325);
#329=DIRECTION('',(-1.E0,0.E0,0.E0));
#330=VECTOR('',#329,5.557686053655E-2);
#331=CARTESIAN_POINT('',(0.E0,-6.996511505455E0,-7.512519364292E0));
#332=LINE('',#331,#330);
#333=CURVE_STYLE('',#26,POSITIVE_LENGTH_MEASURE(2.E-2),#17);
#334=PRESENTATION_STYLE_ASSIGNMENT((#333));
#335=STYLED_ITEM('',(#334),#332);
#336=DIRECTION('',(-1.E0,0.E0,0.E0));
#337=VECTOR('',#336,5.557686053655E-2);
#338=CARTESIAN_POINT('',(0.E0,-6.996511505455E0,-6.623289595708E0));
#339=LINE('',#338,#337);
#340=CURVE_STYLE('',#26,POSITIVE_LENGTH_MEASURE(2.E-2),#17);
#341=PRESENTATION_STYLE_ASSIGNMENT((#340));
#342=STYLED_ITEM('',(#341),#339);
#343=DIRECTION('',(-1.E0,0.E0,0.E0));
#344=VECTOR('',#343,5.557686053655E-2);
#345=CARTESIAN_POINT('',(0.E0,6.996511505455E0,-7.512519364292E0));
#346=LINE('',#345,#344);
#347=CURVE_STYLE('',#26,POSITIVE_LENGTH_MEASURE(2.E-2),#17);
#348=PRESENTATION_STYLE_ASSIGNMENT((#347));
#349=STYLED_ITEM('',(#348),#346);
#350=DIRECTION('',(-1.E0,0.E0,0.E0));
#351=VECTOR('',#350,5.557686053655E-2);
#352=CARTESIAN_POINT('',(0.E0,6.996511505455E0,-6.623289595708E0));
#353=LINE('',#352,#351);
#354=CURVE_STYLE('',#26,POSITIVE_LENGTH_MEASURE(2.E-2),#17);
#355=PRESENTATION_STYLE_ASSIGNMENT((#354));
#356=STYLED_ITEM('',(#355),#353);
#357=DIRECTION('',(-1.E0,0.E0,0.E0));
#358=VECTOR('',#357,5.557686053655E-2);
#359=CARTESIAN_POINT('',(0.E0,6.996511505455E0,6.623289595708E0));
#360=LINE('',#359,#358);
#361=CURVE_STYLE('',#26,POSITIVE_LENGTH_MEASURE(2.E-2),#17);
#362=PRESENTATION_STYLE_ASSIGNMENT((#361));
#363=STYLED_ITEM('',(#362),#360);
#364=DIRECTION('',(-1.E0,0.E0,0.E0));
#365=VECTOR('',#364,5.557686053655E-2);
#366=CARTESIAN_POINT('',(0.E0,6.996511505455E0,7.512519364292E0));
#367=LINE('',#366,#365);
#368=CURVE_STYLE('',#26,POSITIVE_LENGTH_MEASURE(2.E-2),#17);
#369=PRESENTATION_STYLE_ASSIGNMENT((#368));
#370=STYLED_ITEM('',(#369),#367);
#371=DIRECTION('',(0.E0,0.E0,1.E0));
#372=VECTOR('',#371,3.3E0);
#373=CARTESIAN_POINT('',(1.E-2,3.5958E0,-9.75E0));
#374=LINE('',#373,#372);
#375=CURVE_STYLE('',#26,POSITIVE_LENGTH_MEASURE(2.E-2),#17);
#376=PRESENTATION_STYLE_ASSIGNMENT((#375));
#377=STYLED_ITEM('',(#376),#374);
#378=DIRECTION('',(0.E0,-1.E0,0.E0));
#379=VECTOR('',#378,7.1916E0);
#380=CARTESIAN_POINT('',(1.E-2,3.5958E0,-6.45E0));
#381=LINE('',#380,#379);
#382=CURVE_STYLE('',#26,POSITIVE_LENGTH_MEASURE(2.E-2),#17);
#383=PRESENTATION_STYLE_ASSIGNMENT((#382));
#384=STYLED_ITEM('',(#383),#381);
#385=DIRECTION('',(0.E0,0.E0,-1.E0));
#386=VECTOR('',#385,3.3E0);
#387=CARTESIAN_POINT('',(1.E-2,-3.5958E0,-6.45E0));
#388=LINE('',#387,#386);
#389=CURVE_STYLE('',#26,POSITIVE_LENGTH_MEASURE(2.E-2),#17);
#390=PRESENTATION_STYLE_ASSIGNMENT((#389));
#391=STYLED_ITEM('',(#390),#388);
#392=DIRECTION('',(0.E0,1.E0,0.E0));
#393=VECTOR('',#392,1.2E0);
#394=CARTESIAN_POINT('',(1.E-2,-6.E-1,-9.75E0));
#395=LINE('',#394,#393);
#396=CURVE_STYLE('',#26,POSITIVE_LENGTH_MEASURE(2.E-2),#17);
#397=PRESENTATION_STYLE_ASSIGNMENT((#396));
#398=STYLED_ITEM('',(#397),#395);
#399=DIRECTION('',(1.E0,0.E0,0.E0));
#400=VECTOR('',#399,1.E-2);
#401=CARTESIAN_POINT('',(0.E0,3.5958E0,-6.45E0));
#402=LINE('',#401,#400);
#403=CURVE_STYLE('',#26,POSITIVE_LENGTH_MEASURE(2.E-2),#17);
#404=PRESENTATION_STYLE_ASSIGNMENT((#403));
#405=STYLED_ITEM('',(#404),#402);
#406=DIRECTION('',(0.E0,-1.E0,0.E0));
#407=VECTOR('',#406,1.2E0);
#408=CARTESIAN_POINT('',(0.E0,6.E-1,-6.45E0));
#409=LINE('',#408,#407);
#410=CURVE_STYLE('',#26,POSITIVE_LENGTH_MEASURE(2.E-2),#17);
#411=PRESENTATION_STYLE_ASSIGNMENT((#410));
#412=STYLED_ITEM('',(#411),#409);
#413=DIRECTION('',(0.E0,1.E0,0.E0));
#414=VECTOR('',#413,1.2E0);
#415=CARTESIAN_POINT('',(0.E0,-6.E-1,-9.75E0));
#416=LINE('',#415,#414);
#417=CURVE_STYLE('',#26,POSITIVE_LENGTH_MEASURE(2.E-2),#17);
#418=PRESENTATION_STYLE_ASSIGNMENT((#417));
#419=STYLED_ITEM('',(#418),#416);
#420=DIRECTION('',(0.E0,0.E0,-1.E0));
#421=VECTOR('',#420,3.3E0);
#422=CARTESIAN_POINT('',(0.E0,6.E-1,-6.45E0));
#423=LINE('',#422,#421);
#424=CURVE_STYLE('',#26,POSITIVE_LENGTH_MEASURE(2.E-2),#17);
#425=PRESENTATION_STYLE_ASSIGNMENT((#424));
#426=STYLED_ITEM('',(#425),#423);
#427=DIRECTION('',(-1.E0,0.E0,0.E0));
#428=VECTOR('',#427,6.5E-2);
#429=CARTESIAN_POINT('',(0.E0,6.E-1,-4.35E0));
#430=LINE('',#429,#428);
#431=CURVE_STYLE('',#26,POSITIVE_LENGTH_MEASURE(2.E-2),#17);
#432=PRESENTATION_STYLE_ASSIGNMENT((#431));
#433=STYLED_ITEM('',(#432),#430);
#434=DIRECTION('',(-2.499219116020E-2,0.E0,-9.996876464081E-1));
#435=VECTOR('',#434,5.401687236410E0);
#436=CARTESIAN_POINT('',(-6.5E-2,6.E-1,-4.35E0));
#437=LINE('',#436,#435);
#438=CURVE_STYLE('',#26,POSITIVE_LENGTH_MEASURE(2.E-2),#17);
#439=PRESENTATION_STYLE_ASSIGNMENT((#438));
#440=STYLED_ITEM('',(#439),#437);
#441=DIRECTION('',(0.E0,0.E0,-1.E0));
#442=VECTOR('',#441,7.E-1);
#443=CARTESIAN_POINT('',(-2.E-1,6.E-1,-9.75E0));
#444=LINE('',#443,#442);
#445=CURVE_STYLE('',#26,POSITIVE_LENGTH_MEASURE(2.E-2),#17);
#446=PRESENTATION_STYLE_ASSIGNMENT((#445));
#447=STYLED_ITEM('',(#446),#444);
#448=DIRECTION('',(-1.E0,0.E0,0.E0));
#449=VECTOR('',#448,3.E-1);
#450=CARTESIAN_POINT('',(1.E-1,6.E-1,-1.045E1));
#451=LINE('',#450,#449);
#452=CURVE_STYLE('',#26,POSITIVE_LENGTH_MEASURE(2.E-2),#17);
#453=PRESENTATION_STYLE_ASSIGNMENT((#452));
#454=STYLED_ITEM('',(#453),#451);
#455=DIRECTION('',(-1.E0,2.220446049250E-14,0.E0));
#456=VECTOR('',#455,1.E-2);
#457=CARTESIAN_POINT('',(1.E-2,6.E-1,-9.75E0));
#458=LINE('',#457,#456);
#459=CURVE_STYLE('',#26,POSITIVE_LENGTH_MEASURE(2.E-2),#17);
#460=PRESENTATION_STYLE_ASSIGNMENT((#459));
#461=STYLED_ITEM('',(#460),#458);
#462=CARTESIAN_POINT('',(-6.5E-2,6.E-1,-4.35E0));
#463=CARTESIAN_POINT('',(-6.323223304703E-2,6.E-1,-4.279289321881E0));
#464=CARTESIAN_POINT('',(-5.941343216593E-2,5.744021067044E-1,
-4.126537286637E0));
#465=CARTESIAN_POINT('',(-5.407611398812E-2,4.368305103594E-1,
-3.913044559525E0));
#466=CARTESIAN_POINT('',(-5.121477031035E-2,2.593553051680E-1,
-3.798590812414E0));
#467=CARTESIAN_POINT('',(-5.015771709593E-2,1.083648258371E-1,
-3.756308683837E0));
#468=CARTESIAN_POINT('',(-4.992114145203E-2,0.E0,-3.746845658081E0));
#469=CARTESIAN_POINT('',(-5.015771709593E-2,-1.083648258371E-1,
-3.756308683837E0));
#470=CARTESIAN_POINT('',(-5.121477031035E-2,-2.593553051680E-1,
-3.798590812414E0));
#471=CARTESIAN_POINT('',(-5.407611398812E-2,-4.368305103594E-1,
-3.913044559525E0));
#472=CARTESIAN_POINT('',(-5.941343216593E-2,-5.744021067044E-1,
-4.126537286637E0));
#473=CARTESIAN_POINT('',(-6.323223304703E-2,-6.E-1,-4.279289321881E0));
#474=CARTESIAN_POINT('',(-6.5E-2,-6.E-1,-4.35E0));
#476=CURVE_STYLE('',#26,POSITIVE_LENGTH_MEASURE(2.E-2),#17);
#477=PRESENTATION_STYLE_ASSIGNMENT((#476));
#478=STYLED_ITEM('',(#477),#475);
#479=DIRECTION('',(0.E0,0.E0,-1.E0));
#480=VECTOR('',#479,3.3E0);
#481=CARTESIAN_POINT('',(0.E0,-6.E-1,-6.45E0));
#482=LINE('',#481,#480);
#483=CURVE_STYLE('',#26,POSITIVE_LENGTH_MEASURE(2.E-2),#17);
#484=PRESENTATION_STYLE_ASSIGNMENT((#483));
#485=STYLED_ITEM('',(#484),#482);
#486=DIRECTION('',(-1.E0,-2.220446049250E-14,0.E0));
#487=VECTOR('',#486,1.E-2);
#488=CARTESIAN_POINT('',(1.E-2,-6.E-1,-9.75E0));
#489=LINE('',#488,#487);
#490=CURVE_STYLE('',#26,POSITIVE_LENGTH_MEASURE(2.E-2),#17);
#491=PRESENTATION_STYLE_ASSIGNMENT((#490));
#492=STYLED_ITEM('',(#491),#489);
#493=DIRECTION('',(0.E0,0.E0,1.E0));
#494=VECTOR('',#493,7.E-1);
#495=CARTESIAN_POINT('',(-2.E-1,-6.E-1,-1.045E1));
#496=LINE('',#495,#494);
#497=CURVE_STYLE('',#26,POSITIVE_LENGTH_MEASURE(2.E-2),#17);
#498=PRESENTATION_STYLE_ASSIGNMENT((#497));
#499=STYLED_ITEM('',(#498),#496);
#500=DIRECTION('',(-2.499219116020E-2,0.E0,-9.996876464081E-1));
#501=VECTOR('',#500,5.401687236410E0);
#502=CARTESIAN_POINT('',(-6.5E-2,-6.E-1,-4.35E0));
#503=LINE('',#502,#501);
#504=CURVE_STYLE('',#26,POSITIVE_LENGTH_MEASURE(2.E-2),#17);
#505=PRESENTATION_STYLE_ASSIGNMENT((#504));
#506=STYLED_ITEM('',(#505),#503);
#507=DIRECTION('',(1.E0,0.E0,-1.366428338E-14));
#508=VECTOR('',#507,6.5E-2);
#509=CARTESIAN_POINT('',(-6.5E-2,-6.E-1,-4.35E0));
#510=LINE('',#509,#508);
#511=CURVE_STYLE('',#26,POSITIVE_LENGTH_MEASURE(2.E-2),#17);
#512=PRESENTATION_STYLE_ASSIGNMENT((#511));
#513=STYLED_ITEM('',(#512),#510);
#514=DIRECTION('',(0.E0,1.E0,0.E0));
#515=VECTOR('',#514,2.9958E0);
#516=CARTESIAN_POINT('',(1.E-2,-3.5958E0,-9.75E0));
#517=LINE('',#516,#515);
#518=CURVE_STYLE('',#26,POSITIVE_LENGTH_MEASURE(2.E-2),#17);
#519=PRESENTATION_STYLE_ASSIGNMENT((#518));
#520=STYLED_ITEM('',(#519),#517);
#521=DIRECTION('',(1.E0,0.E0,0.E0));
#522=VECTOR('',#521,1.E-2);
#523=CARTESIAN_POINT('',(0.E0,-3.5958E0,-9.75E0));
#524=LINE('',#523,#522);
#525=CURVE_STYLE('',#26,POSITIVE_LENGTH_MEASURE(2.E-2),#17);
#526=PRESENTATION_STYLE_ASSIGNMENT((#525));
#527=STYLED_ITEM('',(#526),#524);
#528=DIRECTION('',(1.E0,0.E0,0.E0));
#529=VECTOR('',#528,1.E1);
#530=CARTESIAN_POINT('',(0.E0,-8.E0,-9.75E0));
#531=LINE('',#530,#529);
#532=CURVE_STYLE('',#26,POSITIVE_LENGTH_MEASURE(2.E-2),#17);
#533=PRESENTATION_STYLE_ASSIGNMENT((#532));
#534=STYLED_ITEM('',(#533),#531);
#535=DIRECTION('',(-1.E0,0.E0,0.E0));
#536=VECTOR('',#535,5.E0);
#537=CARTESIAN_POINT('',(1.E1,-3.227E0,-9.75E0));
#538=LINE('',#537,#536);
#539=CURVE_STYLE('',#26,POSITIVE_LENGTH_MEASURE(2.E-2),#17);
#540=PRESENTATION_STYLE_ASSIGNMENT((#539));
#541=STYLED_ITEM('',(#540),#538);
#542=DIRECTION('',(0.E0,1.E0,0.E0));
#543=VECTOR('',#542,6.454E0);
#544=CARTESIAN_POINT('',(5.E0,-3.227E0,-9.75E0));
#545=LINE('',#544,#543);
#546=CURVE_STYLE('',#26,POSITIVE_LENGTH_MEASURE(2.E-2),#17);
#547=PRESENTATION_STYLE_ASSIGNMENT((#546));
#548=STYLED_ITEM('',(#547),#545);
#549=DIRECTION('',(-1.E0,0.E0,0.E0));
#550=VECTOR('',#549,5.E0);
#551=CARTESIAN_POINT('',(1.E1,3.227E0,-9.75E0));
#552=LINE('',#551,#550);
#553=CURVE_STYLE('',#26,POSITIVE_LENGTH_MEASURE(2.E-2),#17);
#554=PRESENTATION_STYLE_ASSIGNMENT((#553));
#555=STYLED_ITEM('',(#554),#552);
#556=DIRECTION('',(1.E0,0.E0,0.E0));
#557=VECTOR('',#556,1.E-2);
#558=CARTESIAN_POINT('',(0.E0,3.5958E0,-9.75E0));
#559=LINE('',#558,#557);
#560=CURVE_STYLE('',#26,POSITIVE_LENGTH_MEASURE(2.E-2),#17);
#561=PRESENTATION_STYLE_ASSIGNMENT((#560));
#562=STYLED_ITEM('',(#561),#559);
#563=DIRECTION('',(0.E0,1.E0,0.E0));
#564=VECTOR('',#563,2.9958E0);
#565=CARTESIAN_POINT('',(1.E-2,6.E-1,-9.75E0));
#566=LINE('',#565,#564);
#567=CURVE_STYLE('',#26,POSITIVE_LENGTH_MEASURE(2.E-2),#17);
#568=PRESENTATION_STYLE_ASSIGNMENT((#567));
#569=STYLED_ITEM('',(#568),#566);
#570=DIRECTION('',(1.E0,0.E0,0.E0));
#571=VECTOR('',#570,9.E-2);
#572=CARTESIAN_POINT('',(1.E-2,6.E-1,-9.75E0));
#573=LINE('',#572,#571);
#574=CURVE_STYLE('',#26,POSITIVE_LENGTH_MEASURE(2.E-2),#17);
#575=PRESENTATION_STYLE_ASSIGNMENT((#574));
#576=STYLED_ITEM('',(#575),#573);
#577=DIRECTION('',(0.E0,-1.E0,0.E0));
#578=VECTOR('',#577,1.2E0);
#579=CARTESIAN_POINT('',(1.E-1,6.E-1,-9.75E0));
#580=LINE('',#579,#578);
#581=CURVE_STYLE('',#26,POSITIVE_LENGTH_MEASURE(2.E-2),#17);
#582=PRESENTATION_STYLE_ASSIGNMENT((#581));
#583=STYLED_ITEM('',(#582),#580);
#584=DIRECTION('',(1.E0,0.E0,0.E0));
#585=VECTOR('',#584,9.E-2);
#586=CARTESIAN_POINT('',(1.E-2,-6.E-1,-9.75E0));
#587=LINE('',#586,#585);
#588=CURVE_STYLE('',#26,POSITIVE_LENGTH_MEASURE(2.E-2),#17);
#589=PRESENTATION_STYLE_ASSIGNMENT((#588));
#590=STYLED_ITEM('',(#589),#587);
#591=DIRECTION('',(1.E0,0.E0,0.E0));
#592=VECTOR('',#591,1.E-2);
#593=CARTESIAN_POINT('',(0.E0,-3.5958E0,-6.45E0));
#594=LINE('',#593,#592);
#595=CURVE_STYLE('',#26,POSITIVE_LENGTH_MEASURE(2.E-2),#17);
#596=PRESENTATION_STYLE_ASSIGNMENT((#595));
#597=STYLED_ITEM('',(#596),#594);
#598=DIRECTION('',(1.E0,0.E0,0.E0));
#599=VECTOR('',#598,1.E1);
#600=CARTESIAN_POINT('',(0.E0,-9.5E0,-8.25E0));
#601=LINE('',#600,#599);
#602=CURVE_STYLE('',#26,POSITIVE_LENGTH_MEASURE(2.E-2),#17);
#603=PRESENTATION_STYLE_ASSIGNMENT((#602));
#604=STYLED_ITEM('',(#603),#601);
#605=DIRECTION('',(-1.E0,0.E0,0.E0));
#606=VECTOR('',#605,8.E0);
#607=CARTESIAN_POINT('',(1.E1,-9.5E0,-2.85E0));
#608=LINE('',#607,#606);
#609=CURVE_STYLE('',#26,POSITIVE_LENGTH_MEASURE(2.E-2),#17);
#610=PRESENTATION_STYLE_ASSIGNMENT((#609));
#611=STYLED_ITEM('',(#610),#608);
#612=DIRECTION('',(0.E0,0.E0,-1.E0));
#613=VECTOR('',#612,5.4E0);
#614=CARTESIAN_POINT('',(1.E1,-9.5E0,-2.85E0));
#615=LINE('',#614,#613);
#616=CURVE_STYLE('',#26,POSITIVE_LENGTH_MEASURE(2.E-2),#17);
#617=PRESENTATION_STYLE_ASSIGNMENT((#616));
#618=STYLED_ITEM('',(#617),#615);
#619=DIRECTION('',(0.E0,0.E0,1.E0));
#620=VECTOR('',#619,1.45E1);
#621=CARTESIAN_POINT('',(0.E0,-9.5E0,-8.25E0));
#622=LINE('',#621,#620);
#623=CURVE_STYLE('',#26,POSITIVE_LENGTH_MEASURE(2.E-2),#17);
#624=PRESENTATION_STYLE_ASSIGNMENT((#623));
#625=STYLED_ITEM('',(#624),#622);
#626=DIRECTION('',(1.E0,0.E0,0.E0));
#627=VECTOR('',#626,2.E0);
#628=CARTESIAN_POINT('',(0.E0,-9.5E0,6.25E0));
#629=LINE('',#628,#627);
#630=CURVE_STYLE('',#26,POSITIVE_LENGTH_MEASURE(2.E-2),#17);
#631=PRESENTATION_STYLE_ASSIGNMENT((#630));
#632=STYLED_ITEM('',(#631),#629);
#633=CARTESIAN_POINT('',(2.E0,0.E0,0.E0));
#634=DIRECTION('',(1.E0,0.E0,0.E0));
#635=DIRECTION('',(0.E0,1.E0,0.E0));
#636=AXIS2_PLACEMENT_3D('',#633,#634,#635);
#638=CURVE_STYLE('',#26,POSITIVE_LENGTH_MEASURE(2.E-2),#17);
#639=PRESENTATION_STYLE_ASSIGNMENT((#638));
#640=STYLED_ITEM('',(#639),#637);
#641=DIRECTION('',(0.E0,0.E0,-1.E0));
#642=VECTOR('',#641,9.1E0);
#643=CARTESIAN_POINT('',(2.E0,9.5E0,6.25E0));
#644=LINE('',#643,#642);
#645=CURVE_STYLE('',#26,POSITIVE_LENGTH_MEASURE(2.E-2),#17);
#646=PRESENTATION_STYLE_ASSIGNMENT((#645));
#647=STYLED_ITEM('',(#646),#644);
#648=DIRECTION('',(0.E0,-1.E0,0.E0));
#649=VECTOR('',#648,9.631680349207E-1);
#650=CARTESIAN_POINT('',(2.E0,9.5E0,-2.85E0));
#651=LINE('',#650,#649);
#652=CURVE_STYLE('',#26,POSITIVE_LENGTH_MEASURE(2.E-2),#17);
#653=PRESENTATION_STYLE_ASSIGNMENT((#652));
#654=STYLED_ITEM('',(#653),#651);
#655=DIRECTION('',(0.E0,0.E0,1.E0));
#656=VECTOR('',#655,9.1E0);
#657=CARTESIAN_POINT('',(2.E0,-9.5E0,-2.85E0));
#658=LINE('',#657,#656);
#659=CURVE_STYLE('',#26,POSITIVE_LENGTH_MEASURE(2.E-2),#17);
#660=PRESENTATION_STYLE_ASSIGNMENT((#659));
#661=STYLED_ITEM('',(#660),#658);
#662=DIRECTION('',(0.E0,0.E0,-1.E0));
#663=VECTOR('',#662,1.338103662075E0);
#664=CARTESIAN_POINT('',(2.E0,-3.2E0,9.75E0));
#665=LINE('',#664,#663);
#666=CURVE_STYLE('',#26,POSITIVE_LENGTH_MEASURE(2.E-2),#17);
#667=PRESENTATION_STYLE_ASSIGNMENT((#666));
#668=STYLED_ITEM('',(#667),#665);
#669=CARTESIAN_POINT('',(2.E0,0.E0,0.E0));
#670=DIRECTION('',(1.E0,0.E0,0.E0));
#671=DIRECTION('',(0.E0,-3.555555555556E-1,9.346551486584E-1));
#672=AXIS2_PLACEMENT_3D('',#669,#670,#671);
#674=CURVE_STYLE('',#26,POSITIVE_LENGTH_MEASURE(2.E-2),#17);
#675=PRESENTATION_STYLE_ASSIGNMENT((#674));
#676=STYLED_ITEM('',(#675),#673);
#677=DIRECTION('',(0.E0,-1.E0,0.E0));
#678=VECTOR('',#677,9.631680349207E-1);
#679=CARTESIAN_POINT('',(2.E0,-8.536831965079E0,-2.85E0));
#680=LINE('',#679,#678);
#681=CURVE_STYLE('',#26,POSITIVE_LENGTH_MEASURE(2.E-2),#17);
#682=PRESENTATION_STYLE_ASSIGNMENT((#681));
#683=STYLED_ITEM('',(#682),#680);
#684=DIRECTION('',(-1.E0,0.E0,0.E0));
#685=VECTOR('',#684,2.E-1);
#686=CARTESIAN_POINT('',(2.E0,9.E0,0.E0));
#687=LINE('',#686,#685);
#688=CURVE_STYLE('',#26,POSITIVE_LENGTH_MEASURE(2.E-2),#17);
#689=PRESENTATION_STYLE_ASSIGNMENT((#688));
#690=STYLED_ITEM('',(#689),#687);
#691=DIRECTION('',(1.E0,0.E0,0.E0));
#692=VECTOR('',#691,8.E0);
#693=CARTESIAN_POINT('',(2.E0,-3.2E0,8.411896337925E0));
#694=LINE('',#693,#692);
#695=CURVE_STYLE('',#26,POSITIVE_LENGTH_MEASURE(2.E-2),#17);
#696=PRESENTATION_STYLE_ASSIGNMENT((#695));
#697=STYLED_ITEM('',(#696),#694);
#698=DIRECTION('',(1.E0,0.E0,0.E0));
#699=VECTOR('',#698,8.E0);
#700=CARTESIAN_POINT('',(2.E0,3.2E0,8.411896337925E0));
#701=LINE('',#700,#699);
#702=CURVE_STYLE('',#26,POSITIVE_LENGTH_MEASURE(2.E-2),#17);
#703=PRESENTATION_STYLE_ASSIGNMENT((#702));
#704=STYLED_ITEM('',(#703),#701);
#705=DIRECTION('',(1.E0,0.E0,0.E0));
#706=VECTOR('',#705,5.5E0);
#707=CARTESIAN_POINT('',(4.5E0,5.696518293791E0,-6.967759993607E0));
#708=LINE('',#707,#706);
#709=CURVE_STYLE('',#26,POSITIVE_LENGTH_MEASURE(2.E-2),#17);
#710=PRESENTATION_STYLE_ASSIGNMENT((#709));
#711=STYLED_ITEM('',(#710),#708);
#712=DIRECTION('',(1.E0,0.E0,0.E0));
#713=VECTOR('',#712,5.E0);
#714=CARTESIAN_POINT('',(5.E0,3.227E0,-8.401575507011E0));
#715=LINE('',#714,#713);
#716=CURVE_STYLE('',#26,POSITIVE_LENGTH_MEASURE(2.E-2),#17);
#717=PRESENTATION_STYLE_ASSIGNMENT((#716));
#718=STYLED_ITEM('',(#717),#715);
#719=CARTESIAN_POINT('',(5.E0,0.E0,0.E0));
#720=DIRECTION('',(1.E0,0.E0,0.E0));
#721=DIRECTION('',(0.E0,-3.585555555556E-1,-9.335083896678E-1));
#722=AXIS2_PLACEMENT_3D('',#719,#720,#721);
#724=CURVE_STYLE('',#26,POSITIVE_LENGTH_MEASURE(2.E-2),#17);
#725=PRESENTATION_STYLE_ASSIGNMENT((#724));
#726=STYLED_ITEM('',(#725),#723);
#727=DIRECTION('',(1.E0,0.E0,0.E0));
#728=VECTOR('',#727,5.E0);
#729=CARTESIAN_POINT('',(5.E0,-3.227E0,-8.401575507011E0));
#730=LINE('',#729,#728);
#731=CURVE_STYLE('',#26,POSITIVE_LENGTH_MEASURE(2.E-2),#17);
#732=PRESENTATION_STYLE_ASSIGNMENT((#731));
#733=STYLED_ITEM('',(#732),#730);
#734=DIRECTION('',(1.E0,0.E0,0.E0));
#735=VECTOR('',#734,5.5E0);
#736=CARTESIAN_POINT('',(4.5E0,-5.696518293791E0,-6.967759993607E0));
#737=LINE('',#736,#735);
#738=CURVE_STYLE('',#26,POSITIVE_LENGTH_MEASURE(2.E-2),#17);
#739=PRESENTATION_STYLE_ASSIGNMENT((#738));
#740=STYLED_ITEM('',(#739),#737);
#741=CARTESIAN_POINT('',(4.5E0,0.E0,0.E0));
#742=DIRECTION('',(1.E0,0.E0,0.E0));
#743=DIRECTION('',(0.E0,-8.015900626747E-1,-5.978740431070E-1));
#744=AXIS2_PLACEMENT_3D('',#741,#742,#743);
#746=CURVE_STYLE('',#26,POSITIVE_LENGTH_MEASURE(2.E-2),#17);
#747=PRESENTATION_STYLE_ASSIGNMENT((#746));
#748=STYLED_ITEM('',(#747),#745);
#749=DIRECTION('',(1.E0,0.E0,0.E0));
#750=VECTOR('',#749,5.5E0);
#751=CARTESIAN_POINT('',(4.5E0,-7.214310564072E0,-5.380866387963E0));
#752=LINE('',#751,#750);
#753=CURVE_STYLE('',#26,POSITIVE_LENGTH_MEASURE(2.E-2),#17);
#754=PRESENTATION_STYLE_ASSIGNMENT((#753));
#755=STYLED_ITEM('',(#754),#752);
#756=DIRECTION('',(1.E0,0.E0,0.E0));
#757=VECTOR('',#756,8.E0);
#758=CARTESIAN_POINT('',(2.E0,-8.536831965079E0,-2.85E0));
#759=LINE('',#758,#757);
#760=CURVE_STYLE('',#26,POSITIVE_LENGTH_MEASURE(2.E-2),#17);
#761=PRESENTATION_STYLE_ASSIGNMENT((#760));
#762=STYLED_ITEM('',(#761),#759);
#763=CARTESIAN_POINT('',(2.E0,0.E0,0.E0));
#764=DIRECTION('',(1.E0,0.E0,0.E0));
#765=DIRECTION('',(0.E0,-1.E0,0.E0));
#766=AXIS2_PLACEMENT_3D('',#763,#764,#765);
#768=CURVE_STYLE('',#26,POSITIVE_LENGTH_MEASURE(2.E-2),#17);
#769=PRESENTATION_STYLE_ASSIGNMENT((#768));
#770=STYLED_ITEM('',(#769),#767);
#771=DIRECTION('',(-1.E0,0.E0,0.E0));
#772=VECTOR('',#771,2.E-1);
#773=CARTESIAN_POINT('',(2.E0,-9.E0,0.E0));
#774=LINE('',#773,#772);
#775=CURVE_STYLE('',#26,POSITIVE_LENGTH_MEASURE(2.E-2),#17);
#776=PRESENTATION_STYLE_ASSIGNMENT((#775));
#777=STYLED_ITEM('',(#776),#774);
#778=CARTESIAN_POINT('',(2.E0,0.E0,0.E0));
#779=DIRECTION('',(1.E0,0.E0,0.E0));
#780=DIRECTION('',(0.E0,9.485368850088E-1,-3.166666666667E-1));
#781=AXIS2_PLACEMENT_3D('',#778,#779,#780);
#783=CURVE_STYLE('',#26,POSITIVE_LENGTH_MEASURE(2.E-2),#17);
#784=PRESENTATION_STYLE_ASSIGNMENT((#783));
#785=STYLED_ITEM('',(#784),#782);
#786=DIRECTION('',(1.E0,0.E0,0.E0));
#787=VECTOR('',#786,8.E0);
#788=CARTESIAN_POINT('',(2.E0,8.536831965079E0,-2.85E0));
#789=LINE('',#788,#787);
#790=CURVE_STYLE('',#26,POSITIVE_LENGTH_MEASURE(2.E-2),#17);
#791=PRESENTATION_STYLE_ASSIGNMENT((#790));
#792=STYLED_ITEM('',(#791),#789);
#793=DIRECTION('',(1.E0,0.E0,0.E0));
#794=VECTOR('',#793,5.5E0);
#795=CARTESIAN_POINT('',(4.5E0,7.214310564072E0,-5.380866387963E0));
#796=LINE('',#795,#794);
#797=CURVE_STYLE('',#26,POSITIVE_LENGTH_MEASURE(2.E-2),#17);
#798=PRESENTATION_STYLE_ASSIGNMENT((#797));
#799=STYLED_ITEM('',(#798),#796);
#800=CARTESIAN_POINT('',(4.5E0,0.E0,0.E0));
#801=DIRECTION('',(1.E0,0.E0,0.E0));
#802=DIRECTION('',(0.E0,6.329464770879E-1,-7.741955548452E-1));
#803=AXIS2_PLACEMENT_3D('',#800,#801,#802);
#805=CURVE_STYLE('',#26,POSITIVE_LENGTH_MEASURE(2.E-2),#17);
#806=PRESENTATION_STYLE_ASSIGNMENT((#805));
#807=STYLED_ITEM('',(#806),#804);
#808=CARTESIAN_POINT('',(4.5E0,6.503993640692E0,-6.220777019138E0));
#809=DIRECTION('',(1.E0,0.E0,0.E0));
#810=DIRECTION('',(0.E0,-7.340684971832E-1,-6.790754313353E-1));
#811=AXIS2_PLACEMENT_3D('',#808,#809,#810);
#813=CURVE_STYLE('',#26,POSITIVE_LENGTH_MEASURE(2.E-2),#17);
#814=PRESENTATION_STYLE_ASSIGNMENT((#813));
#815=STYLED_ITEM('',(#814),#812);
#816=CARTESIAN_POINT('',(1.E1,6.503993640692E0,-6.220777019138E0));
#817=DIRECTION('',(-1.E0,0.E0,0.E0));
#818=DIRECTION('',(0.E0,6.457426576182E-1,7.635551192495E-1));
#819=AXIS2_PLACEMENT_3D('',#816,#817,#818);
#821=CURVE_STYLE('',#26,POSITIVE_LENGTH_MEASURE(2.E-2),#17);
#822=PRESENTATION_STYLE_ASSIGNMENT((#821));
#823=STYLED_ITEM('',(#822),#820);
#824=CARTESIAN_POINT('',(1.E1,-6.503993640692E0,-6.220777019138E0));
#825=DIRECTION('',(-1.E0,0.E0,0.E0));
#826=DIRECTION('',(0.E0,7.340684971832E-1,-6.790754313353E-1));
#827=AXIS2_PLACEMENT_3D('',#824,#825,#826);
#829=CURVE_STYLE('',#26,POSITIVE_LENGTH_MEASURE(2.E-2),#17);
#830=PRESENTATION_STYLE_ASSIGNMENT((#829));
#831=STYLED_ITEM('',(#830),#828);
#832=CARTESIAN_POINT('',(4.5E0,-6.503993640692E0,-6.220777019138E0));
#833=DIRECTION('',(1.E0,0.E0,0.E0));
#834=DIRECTION('',(0.E0,-6.457426576182E-1,7.635551192495E-1));
#835=AXIS2_PLACEMENT_3D('',#832,#833,#834);
#837=CURVE_STYLE('',#26,POSITIVE_LENGTH_MEASURE(2.E-2),#17);
#838=PRESENTATION_STYLE_ASSIGNMENT((#837));
#839=STYLED_ITEM('',(#838),#836);
#840=DIRECTION('',(0.E0,0.E0,-1.E0));
#841=VECTOR('',#840,1.338103662075E0);
#842=CARTESIAN_POINT('',(1.E1,3.2E0,9.75E0));
#843=LINE('',#842,#841);
#844=CURVE_STYLE('',#26,POSITIVE_LENGTH_MEASURE(2.E-2),#17);
#845=PRESENTATION_STYLE_ASSIGNMENT((#844));
#846=STYLED_ITEM('',(#845),#843);
#847=CARTESIAN_POINT('',(1.E1,0.E0,0.E0));
#848=DIRECTION('',(1.E0,0.E0,0.E0));
#849=DIRECTION('',(0.E0,3.555555555556E-1,9.346551486584E-1));
#850=AXIS2_PLACEMENT_3D('',#847,#848,#849);
#852=CURVE_STYLE('',#26,POSITIVE_LENGTH_MEASURE(2.E-2),#17);
#853=PRESENTATION_STYLE_ASSIGNMENT((#852));
#854=STYLED_ITEM('',(#853),#851);
#855=DIRECTION('',(0.E0,0.E0,-1.E0));
#856=VECTOR('',#855,1.338103662075E0);
#857=CARTESIAN_POINT('',(1.E1,-3.2E0,9.75E0));
#858=LINE('',#857,#856);
#859=CURVE_STYLE('',#26,POSITIVE_LENGTH_MEASURE(2.E-2),#17);
#860=PRESENTATION_STYLE_ASSIGNMENT((#859));
#861=STYLED_ITEM('',(#860),#858);
#862=DIRECTION('',(0.E0,-1.E0,0.E0));
#863=VECTOR('',#862,6.4E0);
#864=CARTESIAN_POINT('',(1.E1,3.2E0,9.75E0));
#865=LINE('',#864,#863);
#866=CURVE_STYLE('',#26,POSITIVE_LENGTH_MEASURE(2.E-2),#17);
#867=PRESENTATION_STYLE_ASSIGNMENT((#866));
#868=STYLED_ITEM('',(#867),#865);
#869=CARTESIAN_POINT('',(1.E1,0.E0,0.E0));
#870=DIRECTION('',(1.E0,0.E0,0.E0));
#871=DIRECTION('',(0.E0,8.015900626747E-1,-5.978740431070E-1));
#872=AXIS2_PLACEMENT_3D('',#869,#870,#871);
#874=CURVE_STYLE('',#26,POSITIVE_LENGTH_MEASURE(2.E-2),#17);
#875=PRESENTATION_STYLE_ASSIGNMENT((#874));
#876=STYLED_ITEM('',(#875),#873);
#877=DIRECTION('',(0.E0,-1.E0,0.E0));
#878=VECTOR('',#877,9.631680349207E-1);
#879=CARTESIAN_POINT('',(1.E1,9.5E0,-2.85E0));
#880=LINE('',#879,#878);
#881=CURVE_STYLE('',#26,POSITIVE_LENGTH_MEASURE(2.E-2),#17);
#882=PRESENTATION_STYLE_ASSIGNMENT((#881));
#883=STYLED_ITEM('',(#882),#880);
#884=DIRECTION('',(0.E0,0.E0,1.E0));
#885=VECTOR('',#884,5.4E0);
#886=CARTESIAN_POINT('',(1.E1,9.5E0,-8.25E0));
#887=LINE('',#886,#885);
#888=CURVE_STYLE('',#26,POSITIVE_LENGTH_MEASURE(2.E-2),#17);
#889=PRESENTATION_STYLE_ASSIGNMENT((#888));
#890=STYLED_ITEM('',(#889),#887);
#891=CARTESIAN_POINT('',(1.E1,8.E0,-8.25E0));
#892=DIRECTION('',(1.E0,0.E0,0.E0));
#893=DIRECTION('',(0.E0,0.E0,-1.E0));
#894=AXIS2_PLACEMENT_3D('',#891,#892,#893);
#896=CURVE_STYLE('',#26,POSITIVE_LENGTH_MEASURE(2.E-2),#17);
#897=PRESENTATION_STYLE_ASSIGNMENT((#896));
#898=STYLED_ITEM('',(#897),#895);
#899=DIRECTION('',(0.E0,1.E0,0.E0));
#900=VECTOR('',#899,4.773E0);
#901=CARTESIAN_POINT('',(1.E1,3.227E0,-9.75E0));
#902=LINE('',#901,#900);
#903=CURVE_STYLE('',#26,POSITIVE_LENGTH_MEASURE(2.E-2),#17);
#904=PRESENTATION_STYLE_ASSIGNMENT((#903));
#905=STYLED_ITEM('',(#904),#902);
#906=DIRECTION('',(0.E0,0.E0,1.E0));
#907=VECTOR('',#906,1.348424492989E0);
#908=CARTESIAN_POINT('',(1.E1,3.227E0,-9.75E0));
#909=LINE('',#908,#907);
#910=CURVE_STYLE('',#26,POSITIVE_LENGTH_MEASURE(2.E-2),#17);
#911=PRESENTATION_STYLE_ASSIGNMENT((#910));
#912=STYLED_ITEM('',(#911),#909);
#913=CARTESIAN_POINT('',(1.E1,0.E0,0.E0));
#914=DIRECTION('',(1.E0,0.E0,0.E0));
#915=DIRECTION('',(0.E0,3.585555555556E-1,-9.335083896678E-1));
#916=AXIS2_PLACEMENT_3D('',#913,#914,#915);
#918=CURVE_STYLE('',#26,POSITIVE_LENGTH_MEASURE(2.E-2),#17);
#919=PRESENTATION_STYLE_ASSIGNMENT((#918));
#920=STYLED_ITEM('',(#919),#917);
#921=CARTESIAN_POINT('',(1.E1,0.E0,0.E0));
#922=DIRECTION('',(1.E0,0.E0,0.E0));
#923=DIRECTION('',(0.E0,-6.329464770879E-1,-7.741955548452E-1));
#924=AXIS2_PLACEMENT_3D('',#921,#922,#923);
#926=CURVE_STYLE('',#26,POSITIVE_LENGTH_MEASURE(2.E-2),#17);
#927=PRESENTATION_STYLE_ASSIGNMENT((#926));
#928=STYLED_ITEM('',(#927),#925);
#929=DIRECTION('',(0.E0,0.E0,1.E0));
#930=VECTOR('',#929,1.348424492989E0);
#931=CARTESIAN_POINT('',(1.E1,-3.227E0,-9.75E0));
#932=LINE('',#931,#930);
#933=CURVE_STYLE('',#26,POSITIVE_LENGTH_MEASURE(2.E-2),#17);
#934=PRESENTATION_STYLE_ASSIGNMENT((#933));
#935=STYLED_ITEM('',(#934),#932);
#936=DIRECTION('',(0.E0,1.E0,0.E0));
#937=VECTOR('',#936,4.773E0);
#938=CARTESIAN_POINT('',(1.E1,-8.E0,-9.75E0));
#939=LINE('',#938,#937);
#940=CURVE_STYLE('',#26,POSITIVE_LENGTH_MEASURE(2.E-2),#17);
#941=PRESENTATION_STYLE_ASSIGNMENT((#940));
#942=STYLED_ITEM('',(#941),#939);
#943=CARTESIAN_POINT('',(1.E1,-8.E0,-8.25E0));
#944=DIRECTION('',(1.E0,0.E0,0.E0));
#945=DIRECTION('',(0.E0,-1.E0,0.E0));
#946=AXIS2_PLACEMENT_3D('',#943,#944,#945);
#948=CURVE_STYLE('',#26,POSITIVE_LENGTH_MEASURE(2.E-2),#17);
#949=PRESENTATION_STYLE_ASSIGNMENT((#948));
#950=STYLED_ITEM('',(#949),#947);
#951=DIRECTION('',(0.E0,-1.E0,0.E0));
#952=VECTOR('',#951,9.631680349207E-1);
#953=CARTESIAN_POINT('',(1.E1,-8.536831965079E0,-2.85E0));
#954=LINE('',#953,#952);
#955=CURVE_STYLE('',#26,POSITIVE_LENGTH_MEASURE(2.E-2),#17);
#956=PRESENTATION_STYLE_ASSIGNMENT((#955));
#957=STYLED_ITEM('',(#956),#954);
#958=CARTESIAN_POINT('',(1.E1,0.E0,0.E0));
#959=DIRECTION('',(1.E0,0.E0,0.E0));
#960=DIRECTION('',(0.E0,-9.485368850088E-1,-3.166666666667E-1));
#961=AXIS2_PLACEMENT_3D('',#958,#959,#960);
#963=CURVE_STYLE('',#26,POSITIVE_LENGTH_MEASURE(2.E-2),#17);
#964=PRESENTATION_STYLE_ASSIGNMENT((#963));
#965=STYLED_ITEM('',(#964),#962);
#966=DIRECTION('',(0.E0,0.E0,-1.E0));
#967=VECTOR('',#966,1.338103662075E0);
#968=CARTESIAN_POINT('',(2.E0,3.2E0,9.75E0));
#969=LINE('',#968,#967);
#970=CURVE_STYLE('',#26,POSITIVE_LENGTH_MEASURE(2.E-2),#17);
#971=PRESENTATION_STYLE_ASSIGNMENT((#970));
#972=STYLED_ITEM('',(#971),#969);
#973=DIRECTION('',(0.E0,1.E0,0.E0));
#974=VECTOR('',#973,2.9958E0);
#975=CARTESIAN_POINT('',(1.E-2,-3.5958E0,9.75E0));
#976=LINE('',#975,#974);
#977=CURVE_STYLE('',#26,POSITIVE_LENGTH_MEASURE(2.E-2),#17);
#978=PRESENTATION_STYLE_ASSIGNMENT((#977));
#979=STYLED_ITEM('',(#978),#976);
#980=DIRECTION('',(1.E0,0.E0,0.E0));
#981=VECTOR('',#980,9.E-2);
#982=CARTESIAN_POINT('',(1.E-2,-6.E-1,9.75E0));
#983=LINE('',#982,#981);
#984=CURVE_STYLE('',#26,POSITIVE_LENGTH_MEASURE(2.E-2),#17);
#985=PRESENTATION_STYLE_ASSIGNMENT((#984));
#986=STYLED_ITEM('',(#985),#983);
#987=DIRECTION('',(0.E0,-1.E0,0.E0));
#988=VECTOR('',#987,1.2E0);
#989=CARTESIAN_POINT('',(1.E-1,6.E-1,9.75E0));
#990=LINE('',#989,#988);
#991=CURVE_STYLE('',#26,POSITIVE_LENGTH_MEASURE(2.E-2),#17);
#992=PRESENTATION_STYLE_ASSIGNMENT((#991));
#993=STYLED_ITEM('',(#992),#990);
#994=DIRECTION('',(1.E0,0.E0,0.E0));
#995=VECTOR('',#994,9.E-2);
#996=CARTESIAN_POINT('',(1.E-2,6.E-1,9.75E0));
#997=LINE('',#996,#995);
#998=CURVE_STYLE('',#26,POSITIVE_LENGTH_MEASURE(2.E-2),#17);
#999=PRESENTATION_STYLE_ASSIGNMENT((#998));
#1000=STYLED_ITEM('',(#999),#997);
#1001=DIRECTION('',(0.E0,1.E0,0.E0));
#1002=VECTOR('',#1001,2.9958E0);
#1003=CARTESIAN_POINT('',(1.E-2,6.E-1,9.75E0));
#1004=LINE('',#1003,#1002);
#1005=CURVE_STYLE('',#26,POSITIVE_LENGTH_MEASURE(2.E-2),#17);
#1006=PRESENTATION_STYLE_ASSIGNMENT((#1005));
#1007=STYLED_ITEM('',(#1006),#1004);
#1008=DIRECTION('',(1.E0,0.E0,0.E0));
#1009=VECTOR('',#1008,1.E-2);
#1010=CARTESIAN_POINT('',(0.E0,3.5958E0,9.75E0));
#1011=LINE('',#1010,#1009);
#1012=CURVE_STYLE('',#26,POSITIVE_LENGTH_MEASURE(2.E-2),#17);
#1013=PRESENTATION_STYLE_ASSIGNMENT((#1012));
#1014=STYLED_ITEM('',(#1013),#1011);
#1015=DIRECTION('',(1.E0,0.E0,0.E0));
#1016=VECTOR('',#1015,2.E0);
#1017=CARTESIAN_POINT('',(0.E0,6.E0,9.75E0));
#1018=LINE('',#1017,#1016);
#1019=CURVE_STYLE('',#26,POSITIVE_LENGTH_MEASURE(2.E-2),#17);
#1020=PRESENTATION_STYLE_ASSIGNMENT((#1019));
#1021=STYLED_ITEM('',(#1020),#1018);
#1022=DIRECTION('',(0.E0,-1.E0,0.E0));
#1023=VECTOR('',#1022,2.8E0);
#1024=CARTESIAN_POINT('',(2.E0,6.E0,9.75E0));
#1025=LINE('',#1024,#1023);
#1026=CURVE_STYLE('',#26,POSITIVE_LENGTH_MEASURE(2.E-2),#17);
#1027=PRESENTATION_STYLE_ASSIGNMENT((#1026));
#1028=STYLED_ITEM('',(#1027),#1025);
#1029=DIRECTION('',(-1.E0,0.E0,0.E0));
#1030=VECTOR('',#1029,8.E0);
#1031=CARTESIAN_POINT('',(1.E1,3.2E0,9.75E0));
#1032=LINE('',#1031,#1030);
#1033=CURVE_STYLE('',#26,POSITIVE_LENGTH_MEASURE(2.E-2),#17);
#1034=PRESENTATION_STYLE_ASSIGNMENT((#1033));
#1035=STYLED_ITEM('',(#1034),#1032);
#1036=DIRECTION('',(-1.E0,0.E0,0.E0));
#1037=VECTOR('',#1036,8.E0);
#1038=CARTESIAN_POINT('',(1.E1,-3.2E0,9.75E0));
#1039=LINE('',#1038,#1037);
#1040=CURVE_STYLE('',#26,POSITIVE_LENGTH_MEASURE(2.E-2),#17);
#1041=PRESENTATION_STYLE_ASSIGNMENT((#1040));
#1042=STYLED_ITEM('',(#1041),#1039);
#1043=DIRECTION('',(0.E0,1.E0,0.E0));
#1044=VECTOR('',#1043,2.8E0);
#1045=CARTESIAN_POINT('',(2.E0,-6.E0,9.75E0));
#1046=LINE('',#1045,#1044);
#1047=CURVE_STYLE('',#26,POSITIVE_LENGTH_MEASURE(2.E-2),#17);
#1048=PRESENTATION_STYLE_ASSIGNMENT((#1047));
#1049=STYLED_ITEM('',(#1048),#1046);
#1050=DIRECTION('',(1.E0,0.E0,0.E0));
#1051=VECTOR('',#1050,2.E0);
#1052=CARTESIAN_POINT('',(0.E0,-6.E0,9.75E0));
#1053=LINE('',#1052,#1051);
#1054=CURVE_STYLE('',#26,POSITIVE_LENGTH_MEASURE(2.E-2),#17);
#1055=PRESENTATION_STYLE_ASSIGNMENT((#1054));
#1056=STYLED_ITEM('',(#1055),#1053);
#1057=DIRECTION('',(1.E0,0.E0,0.E0));
#1058=VECTOR('',#1057,1.E-2);
#1059=CARTESIAN_POINT('',(0.E0,-3.5958E0,9.75E0));
#1060=LINE('',#1059,#1058);
#1061=CURVE_STYLE('',#26,POSITIVE_LENGTH_MEASURE(2.E-2),#17);
#1062=PRESENTATION_STYLE_ASSIGNMENT((#1061));
#1063=STYLED_ITEM('',(#1062),#1060);
#1064=DIRECTION('',(0.E0,0.E0,1.E0));
#1065=VECTOR('',#1064,3.3E0);
#1066=CARTESIAN_POINT('',(1.E-2,-3.5958E0,6.45E0));
#1067=LINE('',#1066,#1065);
#1068=CURVE_STYLE('',#26,POSITIVE_LENGTH_MEASURE(2.E-2),#17);
#1069=PRESENTATION_STYLE_ASSIGNMENT((#1068));
#1070=STYLED_ITEM('',(#1069),#1067);
#1071=DIRECTION('',(0.E0,-1.E0,0.E0));
#1072=VECTOR('',#1071,7.1916E0);
#1073=CARTESIAN_POINT('',(1.E-2,3.5958E0,6.45E0));
#1074=LINE('',#1073,#1072);
#1075=CURVE_STYLE('',#26,POSITIVE_LENGTH_MEASURE(2.E-2),#17);
#1076=PRESENTATION_STYLE_ASSIGNMENT((#1075));
#1077=STYLED_ITEM('',(#1076),#1074);
#1078=DIRECTION('',(0.E0,0.E0,-1.E0));
#1079=VECTOR('',#1078,3.3E0);
#1080=CARTESIAN_POINT('',(1.E-2,3.5958E0,9.75E0));
#1081=LINE('',#1080,#1079);
#1082=CURVE_STYLE('',#26,POSITIVE_LENGTH_MEASURE(2.E-2),#17);
#1083=PRESENTATION_STYLE_ASSIGNMENT((#1082));
#1084=STYLED_ITEM('',(#1083),#1081);
#1085=DIRECTION('',(0.E0,1.E0,0.E0));
#1086=VECTOR('',#1085,1.2E0);
#1087=CARTESIAN_POINT('',(1.E-2,-6.E-1,9.75E0));
#1088=LINE('',#1087,#1086);
#1089=CURVE_STYLE('',#26,POSITIVE_LENGTH_MEASURE(2.E-2),#17);
#1090=PRESENTATION_STYLE_ASSIGNMENT((#1089));
#1091=STYLED_ITEM('',(#1090),#1088);
#1092=DIRECTION('',(1.E0,0.E0,0.E0));
#1093=VECTOR('',#1092,1.E-2);
#1094=CARTESIAN_POINT('',(0.E0,-3.5958E0,6.45E0));
#1095=LINE('',#1094,#1093);
#1096=CURVE_STYLE('',#26,POSITIVE_LENGTH_MEASURE(2.E-2),#17);
#1097=PRESENTATION_STYLE_ASSIGNMENT((#1096));
#1098=STYLED_ITEM('',(#1097),#1095);
#1099=DIRECTION('',(1.E0,0.E0,0.E0));
#1100=VECTOR('',#1099,1.E-2);
#1101=CARTESIAN_POINT('',(0.E0,3.5958E0,6.45E0));
#1102=LINE('',#1101,#1100);
#1103=CURVE_STYLE('',#26,POSITIVE_LENGTH_MEASURE(2.E-2),#17);
#1104=PRESENTATION_STYLE_ASSIGNMENT((#1103));
#1105=STYLED_ITEM('',(#1104),#1102);
#1106=DIRECTION('',(0.E0,-1.E0,0.E0));
#1107=VECTOR('',#1106,1.2E0);
#1108=CARTESIAN_POINT('',(0.E0,6.E-1,6.45E0));
#1109=LINE('',#1108,#1107);
#1110=CURVE_STYLE('',#26,POSITIVE_LENGTH_MEASURE(2.E-2),#17);
#1111=PRESENTATION_STYLE_ASSIGNMENT((#1110));
#1112=STYLED_ITEM('',(#1111),#1109);
#1113=DIRECTION('',(0.E0,1.E0,0.E0));
#1114=VECTOR('',#1113,1.2E0);
#1115=CARTESIAN_POINT('',(0.E0,-6.E-1,9.75E0));
#1116=LINE('',#1115,#1114);
#1117=CURVE_STYLE('',#26,POSITIVE_LENGTH_MEASURE(2.E-2),#17);
#1118=PRESENTATION_STYLE_ASSIGNMENT((#1117));
#1119=STYLED_ITEM('',(#1118),#1116);
#1120=DIRECTION('',(0.E0,0.E0,1.E0));
#1121=VECTOR('',#1120,3.3E0);
#1122=CARTESIAN_POINT('',(0.E0,6.E-1,6.45E0));
#1123=LINE('',#1122,#1121);
#1124=CURVE_STYLE('',#26,POSITIVE_LENGTH_MEASURE(2.E-2),#17);
#1125=PRESENTATION_STYLE_ASSIGNMENT((#1124));
#1126=STYLED_ITEM('',(#1125),#1123);
#1127=DIRECTION('',(-1.E0,2.220446049250E-14,0.E0));
#1128=VECTOR('',#1127,1.E-2);
#1129=CARTESIAN_POINT('',(1.E-2,6.E-1,9.75E0));
#1130=LINE('',#1129,#1128);
#1131=CURVE_STYLE('',#26,POSITIVE_LENGTH_MEASURE(2.E-2),#17);
#1132=PRESENTATION_STYLE_ASSIGNMENT((#1131));
#1133=STYLED_ITEM('',(#1132),#1130);
#1134=DIRECTION('',(-1.E0,0.E0,0.E0));
#1135=VECTOR('',#1134,3.E-1);
#1136=CARTESIAN_POINT('',(1.E-1,6.E-1,1.045E1));
#1137=LINE('',#1136,#1135);
#1138=CURVE_STYLE('',#26,POSITIVE_LENGTH_MEASURE(2.E-2),#17);
#1139=PRESENTATION_STYLE_ASSIGNMENT((#1138));
#1140=STYLED_ITEM('',(#1139),#1137);
#1141=DIRECTION('',(0.E0,0.E0,-1.E0));
#1142=VECTOR('',#1141,7.E-1);
#1143=CARTESIAN_POINT('',(-2.E-1,6.E-1,1.045E1));
#1144=LINE('',#1143,#1142);
#1145=CURVE_STYLE('',#26,POSITIVE_LENGTH_MEASURE(2.E-2),#17);
#1146=PRESENTATION_STYLE_ASSIGNMENT((#1145));
#1147=STYLED_ITEM('',(#1146),#1144);
#1148=DIRECTION('',(-2.499219116020E-2,0.E0,9.996876464081E-1));
#1149=VECTOR('',#1148,5.401687236410E0);
#1150=CARTESIAN_POINT('',(-6.5E-2,6.E-1,4.35E0));
#1151=LINE('',#1150,#1149);
#1152=CURVE_STYLE('',#26,POSITIVE_LENGTH_MEASURE(2.E-2),#17);
#1153=PRESENTATION_STYLE_ASSIGNMENT((#1152));
#1154=STYLED_ITEM('',(#1153),#1151);
#1155=DIRECTION('',(1.E0,0.E0,0.E0));
#1156=VECTOR('',#1155,6.5E-2);
#1157=CARTESIAN_POINT('',(-6.5E-2,6.E-1,4.35E0));
#1158=LINE('',#1157,#1156);
#1159=CURVE_STYLE('',#26,POSITIVE_LENGTH_MEASURE(2.E-2),#17);
#1160=PRESENTATION_STYLE_ASSIGNMENT((#1159));
#1161=STYLED_ITEM('',(#1160),#1158);
#1162=DIRECTION('',(0.E0,0.E0,1.E0));
#1163=VECTOR('',#1162,3.3E0);
#1164=CARTESIAN_POINT('',(0.E0,-6.E-1,6.45E0));
#1165=LINE('',#1164,#1163);
#1166=CURVE_STYLE('',#26,POSITIVE_LENGTH_MEASURE(2.E-2),#17);
#1167=PRESENTATION_STYLE_ASSIGNMENT((#1166));
#1168=STYLED_ITEM('',(#1167),#1165);
#1169=DIRECTION('',(-1.E0,0.E0,0.E0));
#1170=VECTOR('',#1169,6.5E-2);
#1171=CARTESIAN_POINT('',(0.E0,-6.E-1,4.35E0));
#1172=LINE('',#1171,#1170);
#1173=CURVE_STYLE('',#26,POSITIVE_LENGTH_MEASURE(2.E-2),#17);
#1174=PRESENTATION_STYLE_ASSIGNMENT((#1173));
#1175=STYLED_ITEM('',(#1174),#1172);
#1176=DIRECTION('',(-2.499219116020E-2,0.E0,9.996876464081E-1));
#1177=VECTOR('',#1176,5.401687236410E0);
#1178=CARTESIAN_POINT('',(-6.5E-2,-6.E-1,4.35E0));
#1179=LINE('',#1178,#1177);
#1180=CURVE_STYLE('',#26,POSITIVE_LENGTH_MEASURE(2.E-2),#17);
#1181=PRESENTATION_STYLE_ASSIGNMENT((#1180));
#1182=STYLED_ITEM('',(#1181),#1179);
#1183=DIRECTION('',(0.E0,0.E0,1.E0));
#1184=VECTOR('',#1183,7.E-1);
#1185=CARTESIAN_POINT('',(-2.E-1,-6.E-1,9.75E0));
#1186=LINE('',#1185,#1184);
#1187=CURVE_STYLE('',#26,POSITIVE_LENGTH_MEASURE(2.E-2),#17);
#1188=PRESENTATION_STYLE_ASSIGNMENT((#1187));
#1189=STYLED_ITEM('',(#1188),#1186);
#1190=DIRECTION('',(-1.E0,-2.220446049250E-14,0.E0));
#1191=VECTOR('',#1190,1.E-2);
#1192=CARTESIAN_POINT('',(1.E-2,-6.E-1,9.75E0));
#1193=LINE('',#1192,#1191);
#1194=CURVE_STYLE('',#26,POSITIVE_LENGTH_MEASURE(2.E-2),#17);
#1195=PRESENTATION_STYLE_ASSIGNMENT((#1194));
#1196=STYLED_ITEM('',(#1195),#1193);
#1197=CARTESIAN_POINT('',(-6.5E-2,6.E-1,4.35E0));
#1198=CARTESIAN_POINT('',(-6.323223304703E-2,6.E-1,4.279289321881E0));
#1199=CARTESIAN_POINT('',(-5.941343216593E-2,5.744021067044E-1,
4.126537286637E0));
#1200=CARTESIAN_POINT('',(-5.407611398812E-2,4.368305103594E-1,
3.913044559525E0));
#1201=CARTESIAN_POINT('',(-5.121477031035E-2,2.593553051680E-1,
3.798590812414E0));
#1202=CARTESIAN_POINT('',(-5.015771709593E-2,1.083648258371E-1,
3.756308683837E0));
#1203=CARTESIAN_POINT('',(-4.992114145203E-2,0.E0,3.746845658081E0));
#1204=CARTESIAN_POINT('',(-5.015771709593E-2,-1.083648258371E-1,
3.756308683837E0));
#1205=CARTESIAN_POINT('',(-5.121477031035E-2,-2.593553051680E-1,
3.798590812414E0));
#1206=CARTESIAN_POINT('',(-5.407611398812E-2,-4.368305103594E-1,
3.913044559525E0));
#1207=CARTESIAN_POINT('',(-5.941343216593E-2,-5.744021067044E-1,
4.126537286637E0));
#1208=CARTESIAN_POINT('',(-6.323223304703E-2,-6.E-1,4.279289321881E0));
#1209=CARTESIAN_POINT('',(-6.5E-2,-6.E-1,4.35E0));
#1211=CURVE_STYLE('',#26,POSITIVE_LENGTH_MEASURE(2.E-2),#17);
#1212=PRESENTATION_STYLE_ASSIGNMENT((#1211));
#1213=STYLED_ITEM('',(#1212),#1210);
#1214=DIRECTION('',(0.E0,-1.E0,0.E0));
#1215=VECTOR('',#1214,1.2E0);
#1216=CARTESIAN_POINT('',(-2.E-1,6.E-1,9.75E0));
#1217=LINE('',#1216,#1215);
#1218=CURVE_STYLE('',#26,POSITIVE_LENGTH_MEASURE(2.E-2),#17);
#1219=PRESENTATION_STYLE_ASSIGNMENT((#1218));
#1220=STYLED_ITEM('',(#1219),#1217);
#1221=DIRECTION('',(0.E0,1.E0,0.E0));
#1222=VECTOR('',#1221,1.2E0);
#1223=CARTESIAN_POINT('',(-2.E-1,-6.E-1,1.045E1));
#1224=LINE('',#1223,#1222);
#1225=CURVE_STYLE('',#26,POSITIVE_LENGTH_MEASURE(2.E-2),#17);
#1226=PRESENTATION_STYLE_ASSIGNMENT((#1225));
#1227=STYLED_ITEM('',(#1226),#1224);
#1228=DIRECTION('',(-1.E0,0.E0,0.E0));
#1229=VECTOR('',#1228,3.E-1);
#1230=CARTESIAN_POINT('',(1.E-1,-6.E-1,1.045E1));
#1231=LINE('',#1230,#1229);
#1232=CURVE_STYLE('',#26,POSITIVE_LENGTH_MEASURE(2.E-2),#17);
#1233=PRESENTATION_STYLE_ASSIGNMENT((#1232));
#1234=STYLED_ITEM('',(#1233),#1231);
#1235=DIRECTION('',(0.E0,0.E0,1.E0));
#1236=VECTOR('',#1235,7.E-1);
#1237=CARTESIAN_POINT('',(1.E-1,-6.E-1,9.75E0));
#1238=LINE('',#1237,#1236);
#1239=CURVE_STYLE('',#26,POSITIVE_LENGTH_MEASURE(2.E-2),#17);
#1240=PRESENTATION_STYLE_ASSIGNMENT((#1239));
#1241=STYLED_ITEM('',(#1240),#1238);
#1242=DIRECTION('',(0.E0,1.E0,0.E0));
#1243=VECTOR('',#1242,1.2E0);
#1244=CARTESIAN_POINT('',(1.E-1,-6.E-1,1.045E1));
#1245=LINE('',#1244,#1243);
#1246=CURVE_STYLE('',#26,POSITIVE_LENGTH_MEASURE(2.E-2),#17);
#1247=PRESENTATION_STYLE_ASSIGNMENT((#1246));
#1248=STYLED_ITEM('',(#1247),#1245);
#1249=DIRECTION('',(0.E0,0.E0,-1.E0));
#1250=VECTOR('',#1249,7.E-1);
#1251=CARTESIAN_POINT('',(1.E-1,6.E-1,1.045E1));
#1252=LINE('',#1251,#1250);
#1253=CURVE_STYLE('',#26,POSITIVE_LENGTH_MEASURE(2.E-2),#17);
#1254=PRESENTATION_STYLE_ASSIGNMENT((#1253));
#1255=STYLED_ITEM('',(#1254),#1252);
#1256=DIRECTION('',(0.E0,-7.071067811865E-1,7.071067811865E-1));
#1257=VECTOR('',#1256,4.949747468306E0);
#1258=CARTESIAN_POINT('',(2.E0,9.5E0,6.25E0));
#1259=LINE('',#1258,#1257);
#1260=CURVE_STYLE('',#26,POSITIVE_LENGTH_MEASURE(2.E-2),#17);
#1261=PRESENTATION_STYLE_ASSIGNMENT((#1260));
#1262=STYLED_ITEM('',(#1261),#1259);
#1263=DIRECTION('',(1.E0,0.E0,0.E0));
#1264=VECTOR('',#1263,2.E0);
#1265=CARTESIAN_POINT('',(0.E0,9.5E0,6.25E0));
#1266=LINE('',#1265,#1264);
#1267=CURVE_STYLE('',#26,POSITIVE_LENGTH_MEASURE(2.E-2),#17);
#1268=PRESENTATION_STYLE_ASSIGNMENT((#1267));
#1269=STYLED_ITEM('',(#1268),#1266);
#1270=DIRECTION('',(1.E0,0.E0,0.E0));
#1271=VECTOR('',#1270,1.E1);
#1272=CARTESIAN_POINT('',(0.E0,9.5E0,-8.25E0));
#1273=LINE('',#1272,#1271);
#1274=CURVE_STYLE('',#26,POSITIVE_LENGTH_MEASURE(2.E-2),#17);
#1275=PRESENTATION_STYLE_ASSIGNMENT((#1274));
#1276=STYLED_ITEM('',(#1275),#1273);
#1277=DIRECTION('',(-1.E0,0.E0,0.E0));
#1278=VECTOR('',#1277,8.E0);
#1279=CARTESIAN_POINT('',(1.E1,9.5E0,-2.85E0));
#1280=LINE('',#1279,#1278);
#1281=CURVE_STYLE('',#26,POSITIVE_LENGTH_MEASURE(2.E-2),#17);
#1282=PRESENTATION_STYLE_ASSIGNMENT((#1281));
#1283=STYLED_ITEM('',(#1282),#1280);
#1284=DIRECTION('',(1.E0,0.E0,0.E0));
#1285=VECTOR('',#1284,1.E1);
#1286=CARTESIAN_POINT('',(0.E0,8.E0,-9.75E0));
#1287=LINE('',#1286,#1285);
#1288=CURVE_STYLE('',#26,POSITIVE_LENGTH_MEASURE(2.E-2),#17);
#1289=PRESENTATION_STYLE_ASSIGNMENT((#1288));
#1290=STYLED_ITEM('',(#1289),#1287);
#1291=DIRECTION('',(0.E0,7.071067811865E-1,7.071067811865E-1));
#1292=VECTOR('',#1291,4.949747468306E0);
#1293=CARTESIAN_POINT('',(2.E0,-9.5E0,6.25E0));
#1294=LINE('',#1293,#1292);
#1295=CURVE_STYLE('',#26,POSITIVE_LENGTH_MEASURE(2.E-2),#17);
#1296=PRESENTATION_STYLE_ASSIGNMENT((#1295));
#1297=STYLED_ITEM('',(#1296),#1294);
#1298=DIRECTION('',(0.E0,0.E0,1.E0));
#1299=VECTOR('',#1298,1.348424492989E0);
#1300=CARTESIAN_POINT('',(5.E0,3.227E0,-9.75E0));
#1301=LINE('',#1300,#1299);
#1302=CURVE_STYLE('',#26,POSITIVE_LENGTH_MEASURE(2.E-2),#17);
#1303=PRESENTATION_STYLE_ASSIGNMENT((#1302));
#1304=STYLED_ITEM('',(#1303),#1301);
#1305=DIRECTION('',(0.E0,0.E0,1.E0));
#1306=VECTOR('',#1305,1.348424492989E0);
#1307=CARTESIAN_POINT('',(5.E0,-3.227E0,-9.75E0));
#1308=LINE('',#1307,#1306);
#1309=CURVE_STYLE('',#26,POSITIVE_LENGTH_MEASURE(2.E-2),#17);
#1310=PRESENTATION_STYLE_ASSIGNMENT((#1309));
#1311=STYLED_ITEM('',(#1310),#1308);
#1312=CARTESIAN_POINT('',(1.8E0,0.E0,0.E0));
#1313=DIRECTION('',(1.E0,0.E0,0.E0));
#1314=DIRECTION('',(0.E0,1.E0,0.E0));
#1315=AXIS2_PLACEMENT_3D('',#1312,#1313,#1314);
#1317=CURVE_STYLE('',#26,POSITIVE_LENGTH_MEASURE(2.E-2),#17);
#1318=PRESENTATION_STYLE_ASSIGNMENT((#1317));
#1319=STYLED_ITEM('',(#1318),#1316);
#1320=CARTESIAN_POINT('',(1.8E0,0.E0,0.E0));
#1321=DIRECTION('',(1.E0,0.E0,0.E0));
#1322=DIRECTION('',(0.E0,-1.E0,0.E0));
#1323=AXIS2_PLACEMENT_3D('',#1320,#1321,#1322);
#1325=CURVE_STYLE('',#26,POSITIVE_LENGTH_MEASURE(2.E-2),#17);
#1326=PRESENTATION_STYLE_ASSIGNMENT((#1325));
#1327=STYLED_ITEM('',(#1326),#1324);
#1328=DIRECTION('',(0.E0,0.E0,1.E0));
#1329=VECTOR('',#1328,7.E-1);
#1330=CARTESIAN_POINT('',(1.E-1,6.E-1,-1.045E1));
#1331=LINE('',#1330,#1329);
#1332=CURVE_STYLE('',#26,POSITIVE_LENGTH_MEASURE(2.E-2),#17);
#1333=PRESENTATION_STYLE_ASSIGNMENT((#1332));
#1334=STYLED_ITEM('',(#1333),#1331);
#1335=DIRECTION('',(0.E0,1.E0,0.E0));
#1336=VECTOR('',#1335,1.2E0);
#1337=CARTESIAN_POINT('',(1.E-1,-6.E-1,-1.045E1));
#1338=LINE('',#1337,#1336);
#1339=CURVE_STYLE('',#26,POSITIVE_LENGTH_MEASURE(2.E-2),#17);
#1340=PRESENTATION_STYLE_ASSIGNMENT((#1339));
#1341=STYLED_ITEM('',(#1340),#1338);
#1342=DIRECTION('',(0.E0,0.E0,-1.E0));
#1343=VECTOR('',#1342,7.E-1);
#1344=CARTESIAN_POINT('',(1.E-1,-6.E-1,-9.75E0));
#1345=LINE('',#1344,#1343);
#1346=CURVE_STYLE('',#26,POSITIVE_LENGTH_MEASURE(2.E-2),#17);
#1347=PRESENTATION_STYLE_ASSIGNMENT((#1346));
#1348=STYLED_ITEM('',(#1347),#1345);
#1349=DIRECTION('',(-1.E0,0.E0,0.E0));
#1350=VECTOR('',#1349,3.E-1);
#1351=CARTESIAN_POINT('',(1.E-1,-6.E-1,-1.045E1));
#1352=LINE('',#1351,#1350);
#1353=CURVE_STYLE('',#26,POSITIVE_LENGTH_MEASURE(2.E-2),#17);
#1354=PRESENTATION_STYLE_ASSIGNMENT((#1353));
#1355=STYLED_ITEM('',(#1354),#1352);
#1356=DIRECTION('',(0.E0,-1.E0,0.E0));
#1357=VECTOR('',#1356,1.2E0);
#1358=CARTESIAN_POINT('',(-2.E-1,6.E-1,-9.75E0));
#1359=LINE('',#1358,#1357);
#1360=CURVE_STYLE('',#26,POSITIVE_LENGTH_MEASURE(2.E-2),#17);
#1361=PRESENTATION_STYLE_ASSIGNMENT((#1360));
#1362=STYLED_ITEM('',(#1361),#1359);
#1363=DIRECTION('',(0.E0,1.E0,0.E0));
#1364=VECTOR('',#1363,1.2E0);
#1365=CARTESIAN_POINT('',(-2.E-1,-6.E-1,-1.045E1));
#1366=LINE('',#1365,#1364);
#1367=CURVE_STYLE('',#26,POSITIVE_LENGTH_MEASURE(2.E-2),#17);
#1368=PRESENTATION_STYLE_ASSIGNMENT((#1367));
#1369=STYLED_ITEM('',(#1368),#1366);
#1370=CARTESIAN_POINT('',(0.E0,9.5E0,6.25E0));
#1371=CARTESIAN_POINT('',(0.E0,6.E0,9.75E0));
#1372=VERTEX_POINT('',#1370);
#1373=VERTEX_POINT('',#1371);
#1374=CARTESIAN_POINT('',(0.E0,9.5E0,-8.25E0));
#1375=VERTEX_POINT('',#1374);
#1376=CARTESIAN_POINT('',(0.E0,-9.5E0,6.25E0));
#1377=CARTESIAN_POINT('',(0.E0,-6.E0,9.75E0));
#1378=VERTEX_POINT('',#1376);
#1379=VERTEX_POINT('',#1377);
#1380=CARTESIAN_POINT('',(0.E0,-9.5E0,-8.25E0));
#1381=CARTESIAN_POINT('',(0.E0,-8.E0,-9.75E0));
#1382=VERTEX_POINT('',#1380);
#1383=VERTEX_POINT('',#1381);
#1384=CARTESIAN_POINT('',(0.E0,8.E0,-9.75E0));
#1385=VERTEX_POINT('',#1384);
#1386=CARTESIAN_POINT('',(1.E1,-9.5E0,-8.25E0));
#1387=CARTESIAN_POINT('',(1.E1,-8.E0,-9.75E0));
#1388=VERTEX_POINT('',#1386);
#1389=VERTEX_POINT('',#1387);
#1390=CARTESIAN_POINT('',(1.E1,8.E0,-9.75E0));
#1391=CARTESIAN_POINT('',(1.E1,9.5E0,-8.25E0));
#1392=VERTEX_POINT('',#1390);
#1393=VERTEX_POINT('',#1391);
#1394=CARTESIAN_POINT('',(1.8E0,9.E0,0.E0));
#1395=CARTESIAN_POINT('',(1.8E0,-9.E0,0.E0));
#1396=VERTEX_POINT('',#1394);
#1397=VERTEX_POINT('',#1395);
#1398=CARTESIAN_POINT('',(-5.557686053655E-2,-6.996511505455E0,
6.623289595708E0));
#1399=CARTESIAN_POINT('',(-5.557686053655E-2,-6.996511505455E0,
7.512519364292E0));
#1400=VERTEX_POINT('',#1398);
#1401=VERTEX_POINT('',#1399);
#1402=CARTESIAN_POINT('',(-5.557686053655E-2,-6.996511505455E0,
-7.512519364292E0));
#1403=CARTESIAN_POINT('',(-5.557686053655E-2,-6.996511505455E0,
-6.623289595708E0));
#1404=VERTEX_POINT('',#1402);
#1405=VERTEX_POINT('',#1403);
#1406=CARTESIAN_POINT('',(-5.557686053655E-2,6.996511505455E0,
-7.512519364292E0));
#1407=CARTESIAN_POINT('',(-5.557686053655E-2,6.996511505455E0,
-6.623289595708E0));
#1408=VERTEX_POINT('',#1406);
#1409=VERTEX_POINT('',#1407);
#1410=CARTESIAN_POINT('',(-5.557686053655E-2,6.996511505455E0,
6.623289595708E0));
#1411=CARTESIAN_POINT('',(-5.557686053655E-2,6.996511505455E0,
7.512519364292E0));
#1412=VERTEX_POINT('',#1410);
#1413=VERTEX_POINT('',#1411);
#1414=CARTESIAN_POINT('',(0.E0,-6.996511505455E0,6.623289595708E0));
#1415=CARTESIAN_POINT('',(0.E0,-6.996511505455E0,7.512519364292E0));
#1416=VERTEX_POINT('',#1414);
#1417=VERTEX_POINT('',#1415);
#1418=CARTESIAN_POINT('',(0.E0,-6.996511505455E0,-7.512519364292E0));
#1419=CARTESIAN_POINT('',(0.E0,-6.996511505455E0,-6.623289595708E0));
#1420=VERTEX_POINT('',#1418);
#1421=VERTEX_POINT('',#1419);
#1422=CARTESIAN_POINT('',(0.E0,6.996511505455E0,-7.512519364292E0));
#1423=CARTESIAN_POINT('',(0.E0,6.996511505455E0,-6.623289595708E0));
#1424=VERTEX_POINT('',#1422);
#1425=VERTEX_POINT('',#1423);
#1426=CARTESIAN_POINT('',(0.E0,6.996511505455E0,6.623289595708E0));
#1427=CARTESIAN_POINT('',(0.E0,6.996511505455E0,7.512519364292E0));
#1428=VERTEX_POINT('',#1426);
#1429=VERTEX_POINT('',#1427);
#1430=CARTESIAN_POINT('',(-6.5E-2,6.E-1,4.35E0));
#1431=CARTESIAN_POINT('',(-2.E-1,6.E-1,9.75E0));
#1432=VERTEX_POINT('',#1430);
#1433=VERTEX_POINT('',#1431);
#1434=CARTESIAN_POINT('',(-6.5E-2,-6.E-1,4.35E0));
#1435=CARTESIAN_POINT('',(-2.E-1,-6.E-1,9.75E0));
#1436=VERTEX_POINT('',#1434);
#1437=VERTEX_POINT('',#1435);
#1438=CARTESIAN_POINT('',(0.E0,-6.E-1,4.35E0));
#1439=VERTEX_POINT('',#1438);
#1440=CARTESIAN_POINT('',(0.E0,6.E-1,4.35E0));
#1441=VERTEX_POINT('',#1440);
#1442=CARTESIAN_POINT('',(1.E1,-3.227E0,-9.75E0));
#1443=CARTESIAN_POINT('',(1.E1,-3.227E0,-8.401575507011E0));
#1444=VERTEX_POINT('',#1442);
#1445=VERTEX_POINT('',#1443);
#1446=CARTESIAN_POINT('',(1.E1,3.227E0,-9.75E0));
#1447=CARTESIAN_POINT('',(1.E1,3.227E0,-8.401575507011E0));
#1448=VERTEX_POINT('',#1446);
#1449=VERTEX_POINT('',#1447);
#1450=CARTESIAN_POINT('',(5.E0,-3.227E0,-9.75E0));
#1451=VERTEX_POINT('',#1450);
#1452=CARTESIAN_POINT('',(5.E0,3.227E0,-9.75E0));
#1453=VERTEX_POINT('',#1452);
#1454=CARTESIAN_POINT('',(5.E0,-3.227E0,-8.401575507011E0));
#1455=VERTEX_POINT('',#1454);
#1456=CARTESIAN_POINT('',(5.E0,3.227E0,-8.401575507011E0));
#1457=VERTEX_POINT('',#1456);
#1458=CARTESIAN_POINT('',(1.E1,9.5E0,-2.85E0));
#1459=CARTESIAN_POINT('',(1.E1,8.536831965079E0,-2.85E0));
#1460=VERTEX_POINT('',#1458);
#1461=VERTEX_POINT('',#1459);
#1462=CARTESIAN_POINT('',(1.E1,-8.536831965079E0,-2.85E0));
#1463=CARTESIAN_POINT('',(1.E1,-9.5E0,-2.85E0));
#1464=VERTEX_POINT('',#1462);
#1465=VERTEX_POINT('',#1463);
#1466=CARTESIAN_POINT('',(2.E0,9.5E0,-2.85E0));
#1467=VERTEX_POINT('',#1466);
#1468=CARTESIAN_POINT('',(2.E0,-9.5E0,-2.85E0));
#1469=VERTEX_POINT('',#1468);
#1470=CARTESIAN_POINT('',(2.E0,-9.E0,0.E0));
#1471=CARTESIAN_POINT('',(2.E0,-8.536831965079E0,-2.85E0));
#1472=VERTEX_POINT('',#1470);
#1473=VERTEX_POINT('',#1471);
#1474=CARTESIAN_POINT('',(2.E0,8.536831965079E0,-2.85E0));
#1475=CARTESIAN_POINT('',(2.E0,9.E0,0.E0));
#1476=VERTEX_POINT('',#1474);
#1477=VERTEX_POINT('',#1475);
#1478=CARTESIAN_POINT('',(-6.5E-2,6.E-1,-4.35E0));
#1479=CARTESIAN_POINT('',(-2.E-1,6.E-1,-9.75E0));
#1480=VERTEX_POINT('',#1478);
#1481=VERTEX_POINT('',#1479);
#1482=CARTESIAN_POINT('',(-6.5E-2,-6.E-1,-4.35E0));
#1483=CARTESIAN_POINT('',(-2.E-1,-6.E-1,-9.75E0));
#1484=VERTEX_POINT('',#1482);
#1485=VERTEX_POINT('',#1483);
#1486=CARTESIAN_POINT('',(0.E0,-6.E-1,-4.35E0));
#1487=VERTEX_POINT('',#1486);
#1488=CARTESIAN_POINT('',(0.E0,6.E-1,-4.35E0));
#1489=VERTEX_POINT('',#1488);
#1490=CARTESIAN_POINT('',(1.E-1,-6.E-1,1.045E1));
#1491=CARTESIAN_POINT('',(1.E-1,6.E-1,1.045E1));
#1492=VERTEX_POINT('',#1490);
#1493=VERTEX_POINT('',#1491);
#1494=CARTESIAN_POINT('',(-2.E-1,-6.E-1,1.045E1));
#1495=CARTESIAN_POINT('',(-2.E-1,6.E-1,1.045E1));
#1496=VERTEX_POINT('',#1494);
#1497=VERTEX_POINT('',#1495);
#1498=CARTESIAN_POINT('',(1.E-1,6.E-1,9.75E0));
#1499=CARTESIAN_POINT('',(1.E-1,-6.E-1,9.75E0));
#1500=VERTEX_POINT('',#1498);
#1501=VERTEX_POINT('',#1499);
#1502=CARTESIAN_POINT('',(1.E-1,-6.E-1,-1.045E1));
#1503=CARTESIAN_POINT('',(1.E-1,6.E-1,-1.045E1));
#1504=VERTEX_POINT('',#1502);
#1505=VERTEX_POINT('',#1503);
#1506=CARTESIAN_POINT('',(-2.E-1,-6.E-1,-1.045E1));
#1507=CARTESIAN_POINT('',(-2.E-1,6.E-1,-1.045E1));
#1508=VERTEX_POINT('',#1506);
#1509=VERTEX_POINT('',#1507);
#1510=CARTESIAN_POINT('',(1.E-1,6.E-1,-9.75E0));
#1511=CARTESIAN_POINT('',(1.E-1,-6.E-1,-9.75E0));
#1512=VERTEX_POINT('',#1510);
#1513=VERTEX_POINT('',#1511);
#1514=CARTESIAN_POINT('',(1.E1,3.2E0,9.75E0));
#1515=CARTESIAN_POINT('',(1.E1,3.2E0,8.411896337925E0));
#1516=VERTEX_POINT('',#1514);
#1517=VERTEX_POINT('',#1515);
#1518=CARTESIAN_POINT('',(1.E1,-3.2E0,9.75E0));
#1519=CARTESIAN_POINT('',(1.E1,-3.2E0,8.411896337925E0));
#1520=VERTEX_POINT('',#1518);
#1521=VERTEX_POINT('',#1519);
#1522=CARTESIAN_POINT('',(2.E0,6.E0,9.75E0));
#1523=CARTESIAN_POINT('',(2.E0,3.2E0,9.75E0));
#1524=VERTEX_POINT('',#1522);
#1525=VERTEX_POINT('',#1523);
#1526=CARTESIAN_POINT('',(2.E0,-3.2E0,9.75E0));
#1527=VERTEX_POINT('',#1526);
#1528=CARTESIAN_POINT('',(2.E0,-6.E0,9.75E0));
#1529=VERTEX_POINT('',#1528);
#1530=CARTESIAN_POINT('',(2.E0,3.2E0,8.411896337925E0));
#1531=VERTEX_POINT('',#1530);
#1532=CARTESIAN_POINT('',(2.E0,-3.2E0,8.411896337925E0));
#1533=VERTEX_POINT('',#1532);
#1534=CARTESIAN_POINT('',(2.E0,9.5E0,6.25E0));
#1535=VERTEX_POINT('',#1534);
#1536=CARTESIAN_POINT('',(2.E0,-9.5E0,6.25E0));
#1537=VERTEX_POINT('',#1536);
#1538=CARTESIAN_POINT('',(4.5E0,5.696518293791E0,-6.967759993607E0));
#1539=CARTESIAN_POINT('',(1.E1,5.696518293791E0,-6.967759993607E0));
#1540=VERTEX_POINT('',#1538);
#1541=VERTEX_POINT('',#1539);
#1542=CARTESIAN_POINT('',(4.5E0,7.214310564072E0,-5.380866387963E0));
#1543=CARTESIAN_POINT('',(1.E1,7.214310564072E0,-5.380866387963E0));
#1544=VERTEX_POINT('',#1542);
#1545=VERTEX_POINT('',#1543);
#1546=CARTESIAN_POINT('',(4.5E0,-5.696518293791E0,-6.967759993607E0));
#1547=CARTESIAN_POINT('',(1.E1,-5.696518293791E0,-6.967759993607E0));
#1548=VERTEX_POINT('',#1546);
#1549=VERTEX_POINT('',#1547);
#1550=CARTESIAN_POINT('',(4.5E0,-7.214310564072E0,-5.380866387963E0));
#1551=CARTESIAN_POINT('',(1.E1,-7.214310564072E0,-5.380866387963E0));
#1552=VERTEX_POINT('',#1550);
#1553=VERTEX_POINT('',#1551);
#1554=CARTESIAN_POINT('',(1.E-2,3.5958E0,6.45E0));
#1555=CARTESIAN_POINT('',(1.E-2,-3.5958E0,6.45E0));
#1556=VERTEX_POINT('',#1554);
#1557=VERTEX_POINT('',#1555);
#1558=CARTESIAN_POINT('',(0.E0,3.5958E0,9.75E0));
#1559=CARTESIAN_POINT('',(0.E0,3.5958E0,6.45E0));
#1560=VERTEX_POINT('',#1558);
#1561=VERTEX_POINT('',#1559);
#1562=CARTESIAN_POINT('',(0.E0,6.E-1,6.45E0));
#1563=VERTEX_POINT('',#1562);
#1564=CARTESIAN_POINT('',(0.E0,-6.E-1,6.45E0));
#1565=CARTESIAN_POINT('',(0.E0,-3.5958E0,6.45E0));
#1566=VERTEX_POINT('',#1564);
#1567=VERTEX_POINT('',#1565);
#1568=CARTESIAN_POINT('',(0.E0,-3.5958E0,9.75E0));
#1569=VERTEX_POINT('',#1568);
#1570=CARTESIAN_POINT('',(1.E-2,-3.5958E0,9.75E0));
#1571=CARTESIAN_POINT('',(1.E-2,-6.E-1,9.75E0));
#1572=VERTEX_POINT('',#1570);
#1573=VERTEX_POINT('',#1571);
#1574=CARTESIAN_POINT('',(1.E-2,6.E-1,9.75E0));
#1575=CARTESIAN_POINT('',(1.E-2,3.5958E0,9.75E0));
#1576=VERTEX_POINT('',#1574);
#1577=VERTEX_POINT('',#1575);
#1578=CARTESIAN_POINT('',(0.E0,6.E-1,9.75E0));
#1579=VERTEX_POINT('',#1578);
#1580=CARTESIAN_POINT('',(0.E0,-6.E-1,9.75E0));
#1581=VERTEX_POINT('',#1580);
#1582=CARTESIAN_POINT('',(1.E-2,3.5958E0,-6.45E0));
#1583=CARTESIAN_POINT('',(1.E-2,-3.5958E0,-6.45E0));
#1584=VERTEX_POINT('',#1582);
#1585=VERTEX_POINT('',#1583);
#1586=CARTESIAN_POINT('',(0.E0,6.E-1,-6.45E0));
#1587=CARTESIAN_POINT('',(0.E0,-6.E-1,-6.45E0));
#1588=VERTEX_POINT('',#1586);
#1589=VERTEX_POINT('',#1587);
#1590=CARTESIAN_POINT('',(0.E0,-6.E-1,-9.75E0));
#1591=CARTESIAN_POINT('',(0.E0,6.E-1,-9.75E0));
#1592=VERTEX_POINT('',#1590);
#1593=VERTEX_POINT('',#1591);
#1594=CARTESIAN_POINT('',(1.E-2,3.5958E0,-9.75E0));
#1595=VERTEX_POINT('',#1594);
#1596=CARTESIAN_POINT('',(1.E-2,-3.5958E0,-9.75E0));
#1597=VERTEX_POINT('',#1596);
#1598=CARTESIAN_POINT('',(1.E-2,-6.E-1,-9.75E0));
#1599=CARTESIAN_POINT('',(1.E-2,6.E-1,-9.75E0));
#1600=VERTEX_POINT('',#1598);
#1601=VERTEX_POINT('',#1599);
#1602=CARTESIAN_POINT('',(0.E0,3.5958E0,-6.45E0));
#1603=VERTEX_POINT('',#1602);
#1604=CARTESIAN_POINT('',(0.E0,-3.5958E0,-6.45E0));
#1605=VERTEX_POINT('',#1604);
#1606=CARTESIAN_POINT('',(0.E0,3.5958E0,-9.75E0));
#1607=VERTEX_POINT('',#1606);
#1608=CARTESIAN_POINT('',(0.E0,-3.5958E0,-9.75E0));
#1609=VERTEX_POINT('',#1608);
#1610=CARTESIAN_POINT('',(0.E0,0.E0,0.E0));
#1611=DIRECTION('',(1.E0,0.E0,0.E0));
#1612=DIRECTION('',(0.E0,0.E0,1.E0));
#1613=AXIS2_PLACEMENT_3D('',#1610,#1611,#1612);
#1614=PLANE('',#1613);
#1616=ORIENTED_EDGE('',*,*,#1615,.F.);
#1618=ORIENTED_EDGE('',*,*,#1617,.T.);
#1620=ORIENTED_EDGE('',*,*,#1619,.T.);
#1622=ORIENTED_EDGE('',*,*,#1621,.T.);
#1624=ORIENTED_EDGE('',*,*,#1623,.T.);
#1626=ORIENTED_EDGE('',*,*,#1625,.T.);
#1628=ORIENTED_EDGE('',*,*,#1627,.T.);
#1630=ORIENTED_EDGE('',*,*,#1629,.T.);
#1632=ORIENTED_EDGE('',*,*,#1631,.T.);
#1634=ORIENTED_EDGE('',*,*,#1633,.T.);
#1636=ORIENTED_EDGE('',*,*,#1635,.F.);
#1638=ORIENTED_EDGE('',*,*,#1637,.T.);
#1640=ORIENTED_EDGE('',*,*,#1639,.F.);
#1642=ORIENTED_EDGE('',*,*,#1641,.T.);
#1644=ORIENTED_EDGE('',*,*,#1643,.F.);
#1646=ORIENTED_EDGE('',*,*,#1645,.F.);
#1648=ORIENTED_EDGE('',*,*,#1647,.T.);
#1650=ORIENTED_EDGE('',*,*,#1649,.T.);
#1652=ORIENTED_EDGE('',*,*,#1651,.T.);
#1654=ORIENTED_EDGE('',*,*,#1653,.F.);
#1656=ORIENTED_EDGE('',*,*,#1655,.T.);
#1658=ORIENTED_EDGE('',*,*,#1657,.T.);
#1660=ORIENTED_EDGE('',*,*,#1659,.T.);
#1662=ORIENTED_EDGE('',*,*,#1661,.F.);
#1663=EDGE_LOOP('',(#1616,#1618,#1620,#1622,#1624,#1626,#1628,#1630,#1632,#1634,
#1636,#1638,#1640,#1642,#1644,#1646,#1648,#1650,#1652,#1654,#1656,#1658,#1660,
#1662));
#1664=FACE_OUTER_BOUND('',#1663,.F.);
#1666=ORIENTED_EDGE('',*,*,#1665,.T.);
#1668=ORIENTED_EDGE('',*,*,#1667,.T.);
#1669=EDGE_LOOP('',(#1666,#1668));
#1670=FACE_BOUND('',#1669,.F.);
#1672=ORIENTED_EDGE('',*,*,#1671,.T.);
#1674=ORIENTED_EDGE('',*,*,#1673,.T.);
#1675=EDGE_LOOP('',(#1672,#1674));
#1676=FACE_BOUND('',#1675,.F.);
#1678=ORIENTED_EDGE('',*,*,#1677,.T.);
#1680=ORIENTED_EDGE('',*,*,#1679,.T.);
#1681=EDGE_LOOP('',(#1678,#1680));
#1682=FACE_BOUND('',#1681,.F.);
#1684=ORIENTED_EDGE('',*,*,#1683,.T.);
#1686=ORIENTED_EDGE('',*,*,#1685,.T.);
#1687=EDGE_LOOP('',(#1684,#1686));
#1688=FACE_BOUND('',#1687,.F.);
#1690=CARTESIAN_POINT('',(0.E0,-6.996511505455E0,7.06790448E0));
#1691=DIRECTION('',(-1.E0,0.E0,0.E0));
#1692=DIRECTION('',(0.E0,0.E0,-1.E0));
#1693=AXIS2_PLACEMENT_3D('',#1690,#1691,#1692);
#1694=CYLINDRICAL_SURFACE('',#1693,4.446148842924E-1);
#1695=ORIENTED_EDGE('',*,*,#1683,.F.);
#1697=ORIENTED_EDGE('',*,*,#1696,.T.);
#1699=ORIENTED_EDGE('',*,*,#1698,.T.);
#1701=ORIENTED_EDGE('',*,*,#1700,.F.);
#1702=EDGE_LOOP('',(#1695,#1697,#1699,#1701));
#1703=FACE_OUTER_BOUND('',#1702,.F.);
#1705=CARTESIAN_POINT('',(0.E0,-6.996511505455E0,7.06790448E0));
#1706=DIRECTION('',(-1.E0,0.E0,0.E0));
#1707=DIRECTION('',(0.E0,0.E0,-1.E0));
#1708=AXIS2_PLACEMENT_3D('',#1705,#1706,#1707);
#1709=CYLINDRICAL_SURFACE('',#1708,4.446148842924E-1);
#1710=ORIENTED_EDGE('',*,*,#1685,.F.);
#1711=ORIENTED_EDGE('',*,*,#1700,.T.);
#1713=ORIENTED_EDGE('',*,*,#1712,.T.);
#1714=ORIENTED_EDGE('',*,*,#1696,.F.);
#1715=EDGE_LOOP('',(#1710,#1711,#1713,#1714));
#1716=FACE_OUTER_BOUND('',#1715,.F.);
#1718=CARTESIAN_POINT('',(-5.557686053655E-2,0.E0,0.E0));
#1719=DIRECTION('',(-1.E0,0.E0,0.E0));
#1720=DIRECTION('',(0.E0,0.E0,-1.E0));
#1721=AXIS2_PLACEMENT_3D('',#1718,#1719,#1720);
#1722=PLANE('',#1721);
#1723=ORIENTED_EDGE('',*,*,#1698,.F.);
#1724=ORIENTED_EDGE('',*,*,#1712,.F.);
#1725=EDGE_LOOP('',(#1723,#1724));
#1726=FACE_OUTER_BOUND('',#1725,.F.);
#1728=CARTESIAN_POINT('',(-5.557686053655E-2,0.E0,0.E0));
#1729=DIRECTION('',(-1.E0,0.E0,0.E0));
#1730=DIRECTION('',(0.E0,0.E0,-1.E0));
#1731=AXIS2_PLACEMENT_3D('',#1728,#1729,#1730);
#1732=PLANE('',#1731);
#1734=ORIENTED_EDGE('',*,*,#1733,.F.);
#1736=ORIENTED_EDGE('',*,*,#1735,.F.);
#1737=EDGE_LOOP('',(#1734,#1736));
#1738=FACE_OUTER_BOUND('',#1737,.F.);
#1740=CARTESIAN_POINT('',(-5.557686053655E-2,0.E0,0.E0));
#1741=DIRECTION('',(-1.E0,0.E0,0.E0));
#1742=DIRECTION('',(0.E0,0.E0,-1.E0));
#1743=AXIS2_PLACEMENT_3D('',#1740,#1741,#1742);
#1744=PLANE('',#1743);
#1746=ORIENTED_EDGE('',*,*,#1745,.F.);
#1748=ORIENTED_EDGE('',*,*,#1747,.F.);
#1749=EDGE_LOOP('',(#1746,#1748));
#1750=FACE_OUTER_BOUND('',#1749,.F.);
#1752=CARTESIAN_POINT('',(-5.557686053655E-2,0.E0,0.E0));
#1753=DIRECTION('',(-1.E0,0.E0,0.E0));
#1754=DIRECTION('',(0.E0,0.E0,-1.E0));
#1755=AXIS2_PLACEMENT_3D('',#1752,#1753,#1754);
#1756=PLANE('',#1755);
#1758=ORIENTED_EDGE('',*,*,#1757,.F.);
#1760=ORIENTED_EDGE('',*,*,#1759,.F.);
#1761=EDGE_LOOP('',(#1758,#1760));
#1762=FACE_OUTER_BOUND('',#1761,.F.);
#1764=CARTESIAN_POINT('',(0.E0,-6.996511505455E0,-7.06790448E0));
#1765=DIRECTION('',(-1.E0,0.E0,0.E0));
#1766=DIRECTION('',(0.E0,0.E0,-1.E0));
#1767=AXIS2_PLACEMENT_3D('',#1764,#1765,#1766);
#1768=CYLINDRICAL_SURFACE('',#1767,4.446148842924E-1);
#1769=ORIENTED_EDGE('',*,*,#1665,.F.);
#1771=ORIENTED_EDGE('',*,*,#1770,.T.);
#1772=ORIENTED_EDGE('',*,*,#1733,.T.);
#1774=ORIENTED_EDGE('',*,*,#1773,.F.);
#1775=EDGE_LOOP('',(#1769,#1771,#1772,#1774));
#1776=FACE_OUTER_BOUND('',#1775,.F.);
#1778=CARTESIAN_POINT('',(0.E0,-6.996511505455E0,-7.06790448E0));
#1779=DIRECTION('',(-1.E0,0.E0,0.E0));
#1780=DIRECTION('',(0.E0,0.E0,-1.E0));
#1781=AXIS2_PLACEMENT_3D('',#1778,#1779,#1780);
#1782=CYLINDRICAL_SURFACE('',#1781,4.446148842924E-1);
#1783=ORIENTED_EDGE('',*,*,#1667,.F.);
#1784=ORIENTED_EDGE('',*,*,#1773,.T.);
#1785=ORIENTED_EDGE('',*,*,#1735,.T.);
#1786=ORIENTED_EDGE('',*,*,#1770,.F.);
#1787=EDGE_LOOP('',(#1783,#1784,#1785,#1786));
#1788=FACE_OUTER_BOUND('',#1787,.F.);
#1790=CARTESIAN_POINT('',(0.E0,6.996511505455E0,-7.06790448E0));
#1791=DIRECTION('',(-1.E0,0.E0,0.E0));
#1792=DIRECTION('',(0.E0,0.E0,-1.E0));
#1793=AXIS2_PLACEMENT_3D('',#1790,#1791,#1792);
#1794=CYLINDRICAL_SURFACE('',#1793,4.446148842924E-1);
#1795=ORIENTED_EDGE('',*,*,#1671,.F.);
#1797=ORIENTED_EDGE('',*,*,#1796,.T.);
#1798=ORIENTED_EDGE('',*,*,#1745,.T.);
#1800=ORIENTED_EDGE('',*,*,#1799,.F.);
#1801=EDGE_LOOP('',(#1795,#1797,#1798,#1800));
#1802=FACE_OUTER_BOUND('',#1801,.F.);
#1804=CARTESIAN_POINT('',(0.E0,6.996511505455E0,-7.06790448E0));
#1805=DIRECTION('',(-1.E0,0.E0,0.E0));
#1806=DIRECTION('',(0.E0,0.E0,-1.E0));
#1807=AXIS2_PLACEMENT_3D('',#1804,#1805,#1806);
#1808=CYLINDRICAL_SURFACE('',#1807,4.446148842924E-1);
#1809=ORIENTED_EDGE('',*,*,#1673,.F.);
#1810=ORIENTED_EDGE('',*,*,#1799,.T.);
#1811=ORIENTED_EDGE('',*,*,#1747,.T.);
#1812=ORIENTED_EDGE('',*,*,#1796,.F.);
#1813=EDGE_LOOP('',(#1809,#1810,#1811,#1812));
#1814=FACE_OUTER_BOUND('',#1813,.F.);
#1816=CARTESIAN_POINT('',(0.E0,6.996511505455E0,7.06790448E0));
#1817=DIRECTION('',(-1.E0,0.E0,0.E0));
#1818=DIRECTION('',(0.E0,0.E0,-1.E0));
#1819=AXIS2_PLACEMENT_3D('',#1816,#1817,#1818);
#1820=CYLINDRICAL_SURFACE('',#1819,4.446148842924E-1);
#1821=ORIENTED_EDGE('',*,*,#1677,.F.);
#1823=ORIENTED_EDGE('',*,*,#1822,.T.);
#1824=ORIENTED_EDGE('',*,*,#1757,.T.);
#1826=ORIENTED_EDGE('',*,*,#1825,.F.);
#1827=EDGE_LOOP('',(#1821,#1823,#1824,#1826));
#1828=FACE_OUTER_BOUND('',#1827,.F.);
#1830=CARTESIAN_POINT('',(0.E0,6.996511505455E0,7.06790448E0));
#1831=DIRECTION('',(-1.E0,0.E0,0.E0));
#1832=DIRECTION('',(0.E0,0.E0,-1.E0));
#1833=AXIS2_PLACEMENT_3D('',#1830,#1831,#1832);
#1834=CYLINDRICAL_SURFACE('',#1833,4.446148842924E-1);
#1835=ORIENTED_EDGE('',*,*,#1679,.F.);
#1836=ORIENTED_EDGE('',*,*,#1825,.T.);
#1837=ORIENTED_EDGE('',*,*,#1759,.T.);
#1838=ORIENTED_EDGE('',*,*,#1822,.F.);
#1839=EDGE_LOOP('',(#1835,#1836,#1837,#1838));
#1840=FACE_OUTER_BOUND('',#1839,.F.);
#1842=CARTESIAN_POINT('',(0.E0,3.5958E0,-9.75E0));
#1843=DIRECTION('',(0.E0,-1.E0,0.E0));
#1844=DIRECTION('',(0.E0,0.E0,1.E0));
#1845=AXIS2_PLACEMENT_3D('',#1842,#1843,#1844);
#1846=PLANE('',#1845);
#1848=ORIENTED_EDGE('',*,*,#1847,.F.);
#1850=ORIENTED_EDGE('',*,*,#1849,.F.);
#1851=ORIENTED_EDGE('',*,*,#1615,.T.);
#1853=ORIENTED_EDGE('',*,*,#1852,.T.);
#1854=EDGE_LOOP('',(#1848,#1850,#1851,#1853));
#1855=FACE_OUTER_BOUND('',#1854,.F.);
#1857=CARTESIAN_POINT('',(1.E-2,0.E0,0.E0));
#1858=DIRECTION('',(1.E0,0.E0,0.E0));
#1859=DIRECTION('',(0.E0,0.E0,-1.E0));
#1860=AXIS2_PLACEMENT_3D('',#1857,#1858,#1859);
#1861=PLANE('',#1860);
#1862=ORIENTED_EDGE('',*,*,#1847,.T.);
#1864=ORIENTED_EDGE('',*,*,#1863,.T.);
#1866=ORIENTED_EDGE('',*,*,#1865,.T.);
#1868=ORIENTED_EDGE('',*,*,#1867,.T.);
#1870=ORIENTED_EDGE('',*,*,#1869,.T.);
#1872=ORIENTED_EDGE('',*,*,#1871,.T.);
#1873=EDGE_LOOP('',(#1862,#1864,#1866,#1868,#1870,#1872));
#1874=FACE_OUTER_BOUND('',#1873,.F.);
#1876=FILL_AREA_STYLE_COLOUR('',#19);
#1877=FILL_AREA_STYLE('',(#1876));
#1878=SURFACE_STYLE_FILL_AREA(#1877);
#1879=SURFACE_SIDE_STYLE('',(#1878));
#1880=SURFACE_STYLE_USAGE(.POSITIVE.,#1879);
#1881=PRESENTATION_STYLE_ASSIGNMENT((#1880));
#1882=OVER_RIDING_STYLED_ITEM('',(#1881),#1875,#20);
#1883=CARTESIAN_POINT('',(0.E0,3.5958E0,-6.45E0));
#1884=DIRECTION('',(0.E0,0.E0,-1.E0));
#1885=DIRECTION('',(0.E0,-1.E0,0.E0));
#1886=AXIS2_PLACEMENT_3D('',#1883,#1884,#1885);
#1887=PLANE('',#1886);
#1889=ORIENTED_EDGE('',*,*,#1888,.T.);
#1890=ORIENTED_EDGE('',*,*,#1653,.T.);
#1892=ORIENTED_EDGE('',*,*,#1891,.T.);
#1893=ORIENTED_EDGE('',*,*,#1863,.F.);
#1894=ORIENTED_EDGE('',*,*,#1852,.F.);
#1895=ORIENTED_EDGE('',*,*,#1661,.T.);
#1896=EDGE_LOOP('',(#1889,#1890,#1892,#1893,#1894,#1895));
#1897=FACE_OUTER_BOUND('',#1896,.F.);
#1899=CARTESIAN_POINT('',(0.E0,0.E0,0.E0));
#1900=DIRECTION('',(1.E0,0.E0,0.E0));
#1901=DIRECTION('',(0.E0,0.E0,-1.E0));
#1902=AXIS2_PLACEMENT_3D('',#1899,#1900,#1901);
#1903=PLANE('',#1902);
#1904=ORIENTED_EDGE('',*,*,#1888,.F.);
#1906=ORIENTED_EDGE('',*,*,#1905,.T.);
#1908=ORIENTED_EDGE('',*,*,#1907,.F.);
#1910=ORIENTED_EDGE('',*,*,#1909,.F.);
#1911=EDGE_LOOP('',(#1904,#1906,#1908,#1910));
#1912=FACE_OUTER_BOUND('',#1911,.F.);
#1914=CARTESIAN_POINT('',(1.E-1,6.E-1,-9.75E0));
#1915=DIRECTION('',(0.E0,-1.E0,0.E0));
#1916=DIRECTION('',(0.E0,0.E0,1.E0));
#1917=AXIS2_PLACEMENT_3D('',#1914,#1915,#1916);
#1918=PLANE('',#1917);
#1919=ORIENTED_EDGE('',*,*,#1905,.F.);
#1920=ORIENTED_EDGE('',*,*,#1659,.F.);
#1922=ORIENTED_EDGE('',*,*,#1921,.T.);
#1924=ORIENTED_EDGE('',*,*,#1923,.T.);
#1926=ORIENTED_EDGE('',*,*,#1925,.T.);
#1928=ORIENTED_EDGE('',*,*,#1927,.F.);
#1930=ORIENTED_EDGE('',*,*,#1929,.T.);
#1932=ORIENTED_EDGE('',*,*,#1931,.F.);
#1934=ORIENTED_EDGE('',*,*,#1933,.T.);
#1935=EDGE_LOOP('',(#1919,#1920,#1922,#1924,#1926,#1928,#1930,#1932,#1934));
#1936=FACE_OUTER_BOUND('',#1935,.F.);
#1938=FILL_AREA_STYLE_COLOUR('',#18);
#1939=FILL_AREA_STYLE('',(#1938));
#1940=SURFACE_STYLE_FILL_AREA(#1939);
#1941=SURFACE_SIDE_STYLE('',(#1940));
#1942=SURFACE_STYLE_USAGE(.POSITIVE.,#1941);
#1943=FILL_AREA_STYLE_COLOUR('',#17);
#1944=FILL_AREA_STYLE('',(#1943));
#1945=SURFACE_STYLE_FILL_AREA(#1944);
#1946=SURFACE_SIDE_STYLE('',(#1945));
#1947=SURFACE_STYLE_USAGE(.NEGATIVE.,#1946);
#1948=PRESENTATION_STYLE_ASSIGNMENT((#1942,#1947));
#1949=OVER_RIDING_STYLED_ITEM('',(#1948),#1937,#20);
#1950=CARTESIAN_POINT('',(-1.349672E1,0.E0,-4.35E0));
#1951=DIRECTION('',(1.E0,0.E0,0.E0));
#1952=DIRECTION('',(0.E0,0.E0,1.E0));
#1953=AXIS2_PLACEMENT_3D('',#1950,#1951,#1952);
#1954=CYLINDRICAL_SURFACE('',#1953,6.E-1);
#1956=ORIENTED_EDGE('',*,*,#1955,.F.);
#1957=ORIENTED_EDGE('',*,*,#1921,.F.);
#1958=ORIENTED_EDGE('',*,*,#1657,.F.);
#1960=ORIENTED_EDGE('',*,*,#1959,.F.);
#1961=EDGE_LOOP('',(#1956,#1957,#1958,#1960));
#1962=FACE_OUTER_BOUND('',#1961,.F.);
#1964=FILL_AREA_STYLE_COLOUR('',#18);
#1965=FILL_AREA_STYLE('',(#1964));
#1966=SURFACE_STYLE_FILL_AREA(#1965);
#1967=SURFACE_SIDE_STYLE('',(#1966));
#1968=SURFACE_STYLE_USAGE(.POSITIVE.,#1967);
#1969=FILL_AREA_STYLE_COLOUR('',#17);
#1970=FILL_AREA_STYLE('',(#1969));
#1971=SURFACE_STYLE_FILL_AREA(#1970);
#1972=SURFACE_SIDE_STYLE('',(#1971));
#1973=SURFACE_STYLE_USAGE(.NEGATIVE.,#1972);
#1974=PRESENTATION_STYLE_ASSIGNMENT((#1968,#1973));
#1975=OVER_RIDING_STYLED_ITEM('',(#1974),#1963,#20);
#1976=CARTESIAN_POINT('',(-2.E-1,6.E-1,-9.75E0));
#1977=DIRECTION('',(-9.996876464081E-1,0.E0,2.499219116020E-2));
#1978=DIRECTION('',(2.499219116020E-2,0.E0,9.996876464081E-1));
#1979=AXIS2_PLACEMENT_3D('',#1976,#1977,#1978);
#1980=PLANE('',#1979);
#1981=ORIENTED_EDGE('',*,*,#1923,.F.);
#1982=ORIENTED_EDGE('',*,*,#1955,.T.);
#1984=ORIENTED_EDGE('',*,*,#1983,.T.);
#1986=ORIENTED_EDGE('',*,*,#1985,.F.);
#1987=EDGE_LOOP('',(#1981,#1982,#1984,#1986));
#1988=FACE_OUTER_BOUND('',#1987,.F.);
#1990=FILL_AREA_STYLE_COLOUR('',#18);
#1991=FILL_AREA_STYLE('',(#1990));
#1992=SURFACE_STYLE_FILL_AREA(#1991);
#1993=SURFACE_SIDE_STYLE('',(#1992));
#1994=SURFACE_STYLE_USAGE(.POSITIVE.,#1993);
#1995=FILL_AREA_STYLE_COLOUR('',#17);
#1996=FILL_AREA_STYLE('',(#1995));
#1997=SURFACE_STYLE_FILL_AREA(#1996);
#1998=SURFACE_SIDE_STYLE('',(#1997));
#1999=SURFACE_STYLE_USAGE(.NEGATIVE.,#1998);
#2000=PRESENTATION_STYLE_ASSIGNMENT((#1994,#1999));
#2001=OVER_RIDING_STYLED_ITEM('',(#2000),#1989,#20);
#2002=CARTESIAN_POINT('',(1.E-1,-6.E-1,-3.75E0));
#2003=DIRECTION('',(0.E0,1.E0,0.E0));
#2004=DIRECTION('',(0.E0,0.E0,-1.E0));
#2005=AXIS2_PLACEMENT_3D('',#2002,#2003,#2004);
#2006=PLANE('',#2005);
#2007=ORIENTED_EDGE('',*,*,#1909,.T.);
#2009=ORIENTED_EDGE('',*,*,#2008,.F.);
#2011=ORIENTED_EDGE('',*,*,#2010,.T.);
#2013=ORIENTED_EDGE('',*,*,#2012,.T.);
#2015=ORIENTED_EDGE('',*,*,#2014,.T.);
#2017=ORIENTED_EDGE('',*,*,#2016,.T.);
#2018=ORIENTED_EDGE('',*,*,#1983,.F.);
#2019=ORIENTED_EDGE('',*,*,#1959,.T.);
#2020=ORIENTED_EDGE('',*,*,#1655,.F.);
#2021=EDGE_LOOP('',(#2007,#2009,#2011,#2013,#2015,#2017,#2018,#2019,#2020));
#2022=FACE_OUTER_BOUND('',#2021,.F.);
#2024=FILL_AREA_STYLE_COLOUR('',#18);
#2025=FILL_AREA_STYLE('',(#2024));
#2026=SURFACE_STYLE_FILL_AREA(#2025);
#2027=SURFACE_SIDE_STYLE('',(#2026));
#2028=SURFACE_STYLE_USAGE(.POSITIVE.,#2027);
#2029=FILL_AREA_STYLE_COLOUR('',#17);
#2030=FILL_AREA_STYLE('',(#2029));
#2031=SURFACE_STYLE_FILL_AREA(#2030);
#2032=SURFACE_SIDE_STYLE('',(#2031));
#2033=SURFACE_STYLE_USAGE(.NEGATIVE.,#2032);
#2034=PRESENTATION_STYLE_ASSIGNMENT((#2028,#2033));
#2035=OVER_RIDING_STYLED_ITEM('',(#2034),#2023,#20);
#2036=CARTESIAN_POINT('',(0.E0,-3.5958E0,-9.75E0));
#2037=DIRECTION('',(0.E0,0.E0,1.E0));
#2038=DIRECTION('',(0.E0,1.E0,0.E0));
#2039=AXIS2_PLACEMENT_3D('',#2036,#2037,#2038);
#2040=PLANE('',#2039);
#2041=ORIENTED_EDGE('',*,*,#1907,.T.);
#2042=ORIENTED_EDGE('',*,*,#1933,.F.);
#2043=ORIENTED_EDGE('',*,*,#1869,.F.);
#2044=ORIENTED_EDGE('',*,*,#2008,.T.);
#2045=EDGE_LOOP('',(#2041,#2042,#2043,#2044));
#2046=FACE_OUTER_BOUND('',#2045,.F.);
#2048=CARTESIAN_POINT('',(0.E0,-8.E0,-9.75E0));
#2049=DIRECTION('',(0.E0,0.E0,-1.E0));
#2050=DIRECTION('',(0.E0,1.E0,0.E0));
#2051=AXIS2_PLACEMENT_3D('',#2048,#2049,#2050);
#2052=PLANE('',#2051);
#2053=ORIENTED_EDGE('',*,*,#1867,.F.);
#2055=ORIENTED_EDGE('',*,*,#2054,.F.);
#2056=ORIENTED_EDGE('',*,*,#1649,.F.);
#2058=ORIENTED_EDGE('',*,*,#2057,.T.);
#2060=ORIENTED_EDGE('',*,*,#2059,.T.);
#2062=ORIENTED_EDGE('',*,*,#2061,.T.);
#2064=ORIENTED_EDGE('',*,*,#2063,.T.);
#2066=ORIENTED_EDGE('',*,*,#2065,.F.);
#2068=ORIENTED_EDGE('',*,*,#2067,.T.);
#2070=ORIENTED_EDGE('',*,*,#2069,.F.);
#2071=ORIENTED_EDGE('',*,*,#1617,.F.);
#2072=ORIENTED_EDGE('',*,*,#1849,.T.);
#2073=ORIENTED_EDGE('',*,*,#1871,.F.);
#2074=ORIENTED_EDGE('',*,*,#1931,.T.);
#2076=ORIENTED_EDGE('',*,*,#2075,.T.);
#2077=ORIENTED_EDGE('',*,*,#2010,.F.);
#2078=EDGE_LOOP('',(#2053,#2055,#2056,#2058,#2060,#2062,#2064,#2066,#2068,#2070,
#2071,#2072,#2073,#2074,#2076,#2077));
#2079=FACE_OUTER_BOUND('',#2078,.F.);
#2081=CARTESIAN_POINT('',(0.E0,-3.5958E0,-6.45E0));
#2082=DIRECTION('',(0.E0,1.E0,0.E0));
#2083=DIRECTION('',(0.E0,0.E0,-1.E0));
#2084=AXIS2_PLACEMENT_3D('',#2081,#2082,#2083);
#2085=PLANE('',#2084);
#2086=ORIENTED_EDGE('',*,*,#1865,.F.);
#2087=ORIENTED_EDGE('',*,*,#1891,.F.);
#2088=ORIENTED_EDGE('',*,*,#1651,.F.);
#2089=ORIENTED_EDGE('',*,*,#2054,.T.);
#2090=EDGE_LOOP('',(#2086,#2087,#2088,#2089));
#2091=FACE_OUTER_BOUND('',#2090,.F.);
#2093=CARTESIAN_POINT('',(0.E0,-8.E0,-8.25E0));
#2094=DIRECTION('',(1.E0,0.E0,0.E0));
#2095=DIRECTION('',(0.E0,0.E0,1.E0));
#2096=AXIS2_PLACEMENT_3D('',#2093,#2094,#2095);
#2097=CYLINDRICAL_SURFACE('',#2096,1.5E0);
#2098=ORIENTED_EDGE('',*,*,#1647,.F.);
#2100=ORIENTED_EDGE('',*,*,#2099,.T.);
#2102=ORIENTED_EDGE('',*,*,#2101,.T.);
#2103=ORIENTED_EDGE('',*,*,#2057,.F.);
#2104=EDGE_LOOP('',(#2098,#2100,#2102,#2103));
#2105=FACE_OUTER_BOUND('',#2104,.F.);
#2107=CARTESIAN_POINT('',(0.E0,-9.5E0,9.75E0));
#2108=DIRECTION('',(0.E0,-1.E0,0.E0));
#2109=DIRECTION('',(0.E0,0.E0,-1.E0));
#2110=AXIS2_PLACEMENT_3D('',#2107,#2108,#2109);
#2111=PLANE('',#2110);
#2113=ORIENTED_EDGE('',*,*,#2112,.F.);
#2115=ORIENTED_EDGE('',*,*,#2114,.F.);
#2117=ORIENTED_EDGE('',*,*,#2116,.T.);
#2118=ORIENTED_EDGE('',*,*,#2099,.F.);
#2119=ORIENTED_EDGE('',*,*,#1645,.T.);
#2121=ORIENTED_EDGE('',*,*,#2120,.T.);
#2122=EDGE_LOOP('',(#2113,#2115,#2117,#2118,#2119,#2121));
#2123=FACE_OUTER_BOUND('',#2122,.F.);
#2125=CARTESIAN_POINT('',(2.E0,9.5E0,-2.85E0));
#2126=DIRECTION('',(-1.E0,0.E0,0.E0));
#2127=DIRECTION('',(0.E0,0.E0,1.E0));
#2128=AXIS2_PLACEMENT_3D('',#2125,#2126,#2127);
#2129=PLANE('',#2128);
#2131=ORIENTED_EDGE('',*,*,#2130,.T.);
#2133=ORIENTED_EDGE('',*,*,#2132,.F.);
#2135=ORIENTED_EDGE('',*,*,#2134,.F.);
#2137=ORIENTED_EDGE('',*,*,#2136,.F.);
#2139=ORIENTED_EDGE('',*,*,#2138,.T.);
#2141=ORIENTED_EDGE('',*,*,#2140,.T.);
#2143=ORIENTED_EDGE('',*,*,#2142,.T.);
#2144=EDGE_LOOP('',(#2131,#2133,#2135,#2137,#2139,#2141,#2143));
#2145=FACE_OUTER_BOUND('',#2144,.F.);
#2147=CARTESIAN_POINT('',(2.E0,9.5E0,-2.85E0));
#2148=DIRECTION('',(-1.E0,0.E0,0.E0));
#2149=DIRECTION('',(0.E0,0.E0,1.E0));
#2150=AXIS2_PLACEMENT_3D('',#2147,#2148,#2149);
#2151=PLANE('',#2150);
#2152=ORIENTED_EDGE('',*,*,#2112,.T.);
#2154=ORIENTED_EDGE('',*,*,#2153,.T.);
#2156=ORIENTED_EDGE('',*,*,#2155,.T.);
#2158=ORIENTED_EDGE('',*,*,#2157,.T.);
#2160=ORIENTED_EDGE('',*,*,#2159,.T.);
#2162=ORIENTED_EDGE('',*,*,#2161,.T.);
#2164=ORIENTED_EDGE('',*,*,#2163,.T.);
#2165=EDGE_LOOP('',(#2152,#2154,#2156,#2158,#2160,#2162,#2164));
#2166=FACE_OUTER_BOUND('',#2165,.F.);
#2168=CARTESIAN_POINT('',(1.E1,0.E0,0.E0));
#2169=DIRECTION('',(1.E0,0.E0,0.E0));
#2170=DIRECTION('',(0.E0,1.E0,0.E0));
#2171=AXIS2_PLACEMENT_3D('',#2168,#2169,#2170);
#2172=CYLINDRICAL_SURFACE('',#2171,9.E0);
#2173=ORIENTED_EDGE('',*,*,#2130,.F.);
#2175=ORIENTED_EDGE('',*,*,#2174,.T.);
#2177=ORIENTED_EDGE('',*,*,#2176,.T.);
#2179=ORIENTED_EDGE('',*,*,#2178,.F.);
#2180=ORIENTED_EDGE('',*,*,#2159,.F.);
#2182=ORIENTED_EDGE('',*,*,#2181,.T.);
#2184=ORIENTED_EDGE('',*,*,#2183,.F.);
#2186=ORIENTED_EDGE('',*,*,#2185,.F.);
#2187=EDGE_LOOP('',(#2173,#2175,#2177,#2179,#2180,#2182,#2184,#2186));
#2188=FACE_OUTER_BOUND('',#2187,.F.);
#2190=CARTESIAN_POINT('',(1.E1,0.E0,0.E0));
#2191=DIRECTION('',(1.E0,0.E0,0.E0));
#2192=DIRECTION('',(0.E0,1.E0,0.E0));
#2193=AXIS2_PLACEMENT_3D('',#2190,#2191,#2192);
#2194=CYLINDRICAL_SURFACE('',#2193,9.E0);
#2196=ORIENTED_EDGE('',*,*,#2195,.T.);
#2198=ORIENTED_EDGE('',*,*,#2197,.F.);
#2200=ORIENTED_EDGE('',*,*,#2199,.F.);
#2202=ORIENTED_EDGE('',*,*,#2201,.F.);
#2204=ORIENTED_EDGE('',*,*,#2203,.T.);
#2206=ORIENTED_EDGE('',*,*,#2205,.F.);
#2208=ORIENTED_EDGE('',*,*,#2207,.F.);
#2210=ORIENTED_EDGE('',*,*,#2209,.F.);
#2212=ORIENTED_EDGE('',*,*,#2211,.T.);
#2214=ORIENTED_EDGE('',*,*,#2213,.F.);
#2216=ORIENTED_EDGE('',*,*,#2215,.F.);
#2217=ORIENTED_EDGE('',*,*,#2161,.F.);
#2218=ORIENTED_EDGE('',*,*,#2178,.T.);
#2220=ORIENTED_EDGE('',*,*,#2219,.T.);
#2221=ORIENTED_EDGE('',*,*,#2174,.F.);
#2222=ORIENTED_EDGE('',*,*,#2142,.F.);
#2224=ORIENTED_EDGE('',*,*,#2223,.T.);
#2226=ORIENTED_EDGE('',*,*,#2225,.F.);
#2228=ORIENTED_EDGE('',*,*,#2227,.F.);
#2230=ORIENTED_EDGE('',*,*,#2229,.F.);
#2231=EDGE_LOOP('',(#2196,#2198,#2200,#2202,#2204,#2206,#2208,#2210,#2212,#2214,
#2216,#2217,#2218,#2220,#2221,#2222,#2224,#2226,#2228,#2230));
#2232=FACE_OUTER_BOUND('',#2231,.F.);
#2234=CARTESIAN_POINT('',(1.E1,6.503993640692E0,-6.220777019138E0));
#2235=DIRECTION('',(1.E0,0.E0,0.E0));
#2236=DIRECTION('',(0.E0,-1.E0,0.E0));
#2237=AXIS2_PLACEMENT_3D('',#2234,#2235,#2236);
#2238=CYLINDRICAL_SURFACE('',#2237,1.1E0);
#2240=ORIENTED_EDGE('',*,*,#2239,.T.);
#2241=ORIENTED_EDGE('',*,*,#2227,.T.);
#2243=ORIENTED_EDGE('',*,*,#2242,.T.);
#2244=ORIENTED_EDGE('',*,*,#2195,.F.);
#2245=EDGE_LOOP('',(#2240,#2241,#2243,#2244));
#2246=FACE_OUTER_BOUND('',#2245,.F.);
#2248=CARTESIAN_POINT('',(4.5E0,0.E0,0.E0));
#2249=DIRECTION('',(1.E0,0.E0,0.E0));
#2250=DIRECTION('',(0.E0,-1.E0,0.E0));
#2251=AXIS2_PLACEMENT_3D('',#2248,#2249,#2250);
#2252=PLANE('',#2251);
#2253=ORIENTED_EDGE('',*,*,#2239,.F.);
#2254=ORIENTED_EDGE('',*,*,#2229,.T.);
#2255=EDGE_LOOP('',(#2253,#2254));
#2256=FACE_OUTER_BOUND('',#2255,.F.);
#2258=CARTESIAN_POINT('',(4.5E0,0.E0,0.E0));
#2259=DIRECTION('',(1.E0,0.E0,0.E0));
#2260=DIRECTION('',(0.E0,-1.E0,0.E0));
#2261=AXIS2_PLACEMENT_3D('',#2258,#2259,#2260);
#2262=PLANE('',#2261);
#2264=ORIENTED_EDGE('',*,*,#2263,.F.);
#2265=ORIENTED_EDGE('',*,*,#2209,.T.);
#2266=EDGE_LOOP('',(#2264,#2265));
#2267=FACE_OUTER_BOUND('',#2266,.F.);
#2269=CARTESIAN_POINT('',(1.E1,-6.503993640692E0,-6.220777019138E0));
#2270=DIRECTION('',(1.E0,0.E0,0.E0));
#2271=DIRECTION('',(0.E0,-1.E0,0.E0));
#2272=AXIS2_PLACEMENT_3D('',#2269,#2270,#2271);
#2273=CYLINDRICAL_SURFACE('',#2272,1.1E0);
#2275=ORIENTED_EDGE('',*,*,#2274,.T.);
#2276=ORIENTED_EDGE('',*,*,#2211,.F.);
#2277=ORIENTED_EDGE('',*,*,#2263,.T.);
#2278=ORIENTED_EDGE('',*,*,#2207,.T.);
#2279=EDGE_LOOP('',(#2275,#2276,#2277,#2278));
#2280=FACE_OUTER_BOUND('',#2279,.F.);
#2282=CARTESIAN_POINT('',(1.E1,0.E0,0.E0));
#2283=DIRECTION('',(1.E0,0.E0,0.E0));
#2284=DIRECTION('',(0.E0,0.E0,1.E0));
#2285=AXIS2_PLACEMENT_3D('',#2282,#2283,#2284);
#2286=PLANE('',#2285);
#2288=ORIENTED_EDGE('',*,*,#2287,.T.);
#2289=ORIENTED_EDGE('',*,*,#2183,.T.);
#2291=ORIENTED_EDGE('',*,*,#2290,.F.);
#2293=ORIENTED_EDGE('',*,*,#2292,.F.);
#2294=EDGE_LOOP('',(#2288,#2289,#2291,#2293));
#2295=FACE_OUTER_BOUND('',#2294,.F.);
#2297=CARTESIAN_POINT('',(1.E1,0.E0,0.E0));
#2298=DIRECTION('',(1.E0,0.E0,0.E0));
#2299=DIRECTION('',(0.E0,0.E0,1.E0));
#2300=AXIS2_PLACEMENT_3D('',#2297,#2298,#2299);
#2301=PLANE('',#2300);
#2302=ORIENTED_EDGE('',*,*,#2242,.F.);
#2303=ORIENTED_EDGE('',*,*,#2225,.T.);
#2305=ORIENTED_EDGE('',*,*,#2304,.F.);
#2307=ORIENTED_EDGE('',*,*,#2306,.F.);
#2309=ORIENTED_EDGE('',*,*,#2308,.F.);
#2310=ORIENTED_EDGE('',*,*,#2067,.F.);
#2312=ORIENTED_EDGE('',*,*,#2311,.T.);
#2313=ORIENTED_EDGE('',*,*,#2197,.T.);
#2314=EDGE_LOOP('',(#2302,#2303,#2305,#2307,#2309,#2310,#2312,#2313));
#2315=FACE_OUTER_BOUND('',#2314,.F.);
#2317=CARTESIAN_POINT('',(1.E1,0.E0,0.E0));
#2318=DIRECTION('',(1.E0,0.E0,0.E0));
#2319=DIRECTION('',(0.E0,0.E0,1.E0));
#2320=AXIS2_PLACEMENT_3D('',#2317,#2318,#2319);
#2321=PLANE('',#2320);
#2322=ORIENTED_EDGE('',*,*,#2274,.F.);
#2323=ORIENTED_EDGE('',*,*,#2205,.T.);
#2325=ORIENTED_EDGE('',*,*,#2324,.F.);
#2326=ORIENTED_EDGE('',*,*,#2059,.F.);
#2327=ORIENTED_EDGE('',*,*,#2101,.F.);
#2328=ORIENTED_EDGE('',*,*,#2116,.F.);
#2330=ORIENTED_EDGE('',*,*,#2329,.F.);
#2331=ORIENTED_EDGE('',*,*,#2213,.T.);
#2332=EDGE_LOOP('',(#2322,#2323,#2325,#2326,#2327,#2328,#2330,#2331));
#2333=FACE_OUTER_BOUND('',#2332,.F.);
#2335=CARTESIAN_POINT('',(2.E0,3.2E0,9.75E0));
#2336=DIRECTION('',(0.E0,-1.E0,0.E0));
#2337=DIRECTION('',(1.E0,0.E0,0.E0));
#2338=AXIS2_PLACEMENT_3D('',#2335,#2336,#2337);
#2339=PLANE('',#2338);
#2340=ORIENTED_EDGE('',*,*,#2287,.F.);
#2342=ORIENTED_EDGE('',*,*,#2341,.T.);
#2343=ORIENTED_EDGE('',*,*,#2132,.T.);
#2344=ORIENTED_EDGE('',*,*,#2185,.T.);
#2345=EDGE_LOOP('',(#2340,#2342,#2343,#2344));
#2346=FACE_OUTER_BOUND('',#2345,.F.);
#2348=CARTESIAN_POINT('',(0.E0,9.5E0,9.75E0));
#2349=DIRECTION('',(0.E0,0.E0,1.E0));
#2350=DIRECTION('',(0.E0,-1.E0,0.E0));
#2351=AXIS2_PLACEMENT_3D('',#2348,#2349,#2350);
#2352=PLANE('',#2351);
#2354=ORIENTED_EDGE('',*,*,#2353,.T.);
#2356=ORIENTED_EDGE('',*,*,#2355,.T.);
#2358=ORIENTED_EDGE('',*,*,#2357,.F.);
#2360=ORIENTED_EDGE('',*,*,#2359,.F.);
#2362=ORIENTED_EDGE('',*,*,#2361,.T.);
#2364=ORIENTED_EDGE('',*,*,#2363,.F.);
#2365=ORIENTED_EDGE('',*,*,#1625,.F.);
#2367=ORIENTED_EDGE('',*,*,#2366,.T.);
#2368=ORIENTED_EDGE('',*,*,#2134,.T.);
#2369=ORIENTED_EDGE('',*,*,#2341,.F.);
#2370=ORIENTED_EDGE('',*,*,#2292,.T.);
#2372=ORIENTED_EDGE('',*,*,#2371,.T.);
#2373=ORIENTED_EDGE('',*,*,#2155,.F.);
#2375=ORIENTED_EDGE('',*,*,#2374,.F.);
#2376=ORIENTED_EDGE('',*,*,#1641,.F.);
#2378=ORIENTED_EDGE('',*,*,#2377,.T.);
#2379=EDGE_LOOP('',(#2354,#2356,#2358,#2360,#2362,#2364,#2365,#2367,#2368,#2369,
#2370,#2372,#2373,#2375,#2376,#2378));
#2380=FACE_OUTER_BOUND('',#2379,.F.);
#2382=CARTESIAN_POINT('',(1.E-2,0.E0,0.E0));
#2383=DIRECTION('',(-1.E0,0.E0,0.E0));
#2384=DIRECTION('',(0.E0,0.E0,1.E0));
#2385=AXIS2_PLACEMENT_3D('',#2382,#2383,#2384);
#2386=PLANE('',#2385);
#2387=ORIENTED_EDGE('',*,*,#2353,.F.);
#2389=ORIENTED_EDGE('',*,*,#2388,.F.);
#2391=ORIENTED_EDGE('',*,*,#2390,.F.);
#2393=ORIENTED_EDGE('',*,*,#2392,.F.);
#2394=ORIENTED_EDGE('',*,*,#2361,.F.);
#2396=ORIENTED_EDGE('',*,*,#2395,.F.);
#2397=EDGE_LOOP('',(#2387,#2389,#2391,#2393,#2394,#2396));
#2398=FACE_OUTER_BOUND('',#2397,.F.);
#2400=FILL_AREA_STYLE_COLOUR('',#19);
#2401=FILL_AREA_STYLE('',(#2400));
#2402=SURFACE_STYLE_FILL_AREA(#2401);
#2403=SURFACE_SIDE_STYLE('',(#2402));
#2404=SURFACE_STYLE_USAGE(.POSITIVE.,#2403);
#2405=FILL_AREA_STYLE_COLOUR('',#17);
#2406=FILL_AREA_STYLE('',(#2405));
#2407=SURFACE_STYLE_FILL_AREA(#2406);
#2408=SURFACE_SIDE_STYLE('',(#2407));
#2409=SURFACE_STYLE_USAGE(.NEGATIVE.,#2408);
#2410=PRESENTATION_STYLE_ASSIGNMENT((#2404,#2409));
#2411=OVER_RIDING_STYLED_ITEM('',(#2410),#2399,#20);
#2412=CARTESIAN_POINT('',(0.E0,-3.5958E0,6.45E0));
#2413=DIRECTION('',(0.E0,-1.E0,0.E0));
#2414=DIRECTION('',(0.E0,0.E0,1.E0));
#2415=AXIS2_PLACEMENT_3D('',#2412,#2413,#2414);
#2416=PLANE('',#2415);
#2417=ORIENTED_EDGE('',*,*,#1639,.T.);
#2419=ORIENTED_EDGE('',*,*,#2418,.T.);
#2420=ORIENTED_EDGE('',*,*,#2388,.T.);
#2421=ORIENTED_EDGE('',*,*,#2377,.F.);
#2422=EDGE_LOOP('',(#2417,#2419,#2420,#2421));
#2423=FACE_OUTER_BOUND('',#2422,.F.);
#2425=CARTESIAN_POINT('',(0.E0,3.5958E0,6.45E0));
#2426=DIRECTION('',(0.E0,0.E0,-1.E0));
#2427=DIRECTION('',(0.E0,-1.E0,0.E0));
#2428=AXIS2_PLACEMENT_3D('',#2425,#2426,#2427);
#2429=PLANE('',#2428);
#2430=ORIENTED_EDGE('',*,*,#1629,.F.);
#2432=ORIENTED_EDGE('',*,*,#2431,.T.);
#2433=ORIENTED_EDGE('',*,*,#2390,.T.);
#2434=ORIENTED_EDGE('',*,*,#2418,.F.);
#2435=ORIENTED_EDGE('',*,*,#1637,.F.);
#2437=ORIENTED_EDGE('',*,*,#2436,.F.);
#2438=EDGE_LOOP('',(#2430,#2432,#2433,#2434,#2435,#2437));
#2439=FACE_OUTER_BOUND('',#2438,.F.);
#2441=CARTESIAN_POINT('',(0.E0,3.5958E0,9.75E0));
#2442=DIRECTION('',(0.E0,1.E0,0.E0));
#2443=DIRECTION('',(0.E0,0.E0,-1.E0));
#2444=AXIS2_PLACEMENT_3D('',#2441,#2442,#2443);
#2445=PLANE('',#2444);
#2446=ORIENTED_EDGE('',*,*,#1627,.F.);
#2447=ORIENTED_EDGE('',*,*,#2363,.T.);
#2448=ORIENTED_EDGE('',*,*,#2392,.T.);
#2449=ORIENTED_EDGE('',*,*,#2431,.F.);
#2450=EDGE_LOOP('',(#2446,#2447,#2448,#2449));
#2451=FACE_OUTER_BOUND('',#2450,.F.);
#2453=CARTESIAN_POINT('',(0.E0,0.E0,0.E0));
#2454=DIRECTION('',(-1.E0,0.E0,0.E0));
#2455=DIRECTION('',(0.E0,0.E0,1.E0));
#2456=AXIS2_PLACEMENT_3D('',#2453,#2454,#2455);
#2457=PLANE('',#2456);
#2459=ORIENTED_EDGE('',*,*,#2458,.F.);
#2460=ORIENTED_EDGE('',*,*,#2436,.T.);
#2462=ORIENTED_EDGE('',*,*,#2461,.T.);
#2464=ORIENTED_EDGE('',*,*,#2463,.T.);
#2465=EDGE_LOOP('',(#2459,#2460,#2462,#2464));
#2466=FACE_OUTER_BOUND('',#2465,.F.);
#2468=CARTESIAN_POINT('',(1.E-1,6.E-1,9.75E0));
#2469=DIRECTION('',(0.E0,1.E0,0.E0));
#2470=DIRECTION('',(0.E0,0.E0,-1.E0));
#2471=AXIS2_PLACEMENT_3D('',#2468,#2469,#2470);
#2472=PLANE('',#2471);
#2473=ORIENTED_EDGE('',*,*,#2458,.T.);
#2475=ORIENTED_EDGE('',*,*,#2474,.F.);
#2476=ORIENTED_EDGE('',*,*,#2359,.T.);
#2478=ORIENTED_EDGE('',*,*,#2477,.F.);
#2480=ORIENTED_EDGE('',*,*,#2479,.T.);
#2482=ORIENTED_EDGE('',*,*,#2481,.T.);
#2484=ORIENTED_EDGE('',*,*,#2483,.F.);
#2486=ORIENTED_EDGE('',*,*,#2485,.T.);
#2487=ORIENTED_EDGE('',*,*,#1631,.F.);
#2488=EDGE_LOOP('',(#2473,#2475,#2476,#2478,#2480,#2482,#2484,#2486,#2487));
#2489=FACE_OUTER_BOUND('',#2488,.F.);
#2491=FILL_AREA_STYLE_COLOUR('',#18);
#2492=FILL_AREA_STYLE('',(#2491));
#2493=SURFACE_STYLE_FILL_AREA(#2492);
#2494=SURFACE_SIDE_STYLE('',(#2493));
#2495=SURFACE_STYLE_USAGE(.POSITIVE.,#2494);
#2496=FILL_AREA_STYLE_COLOUR('',#17);
#2497=FILL_AREA_STYLE('',(#2496));
#2498=SURFACE_STYLE_FILL_AREA(#2497);
#2499=SURFACE_SIDE_STYLE('',(#2498));
#2500=SURFACE_STYLE_USAGE(.NEGATIVE.,#2499);
#2501=PRESENTATION_STYLE_ASSIGNMENT((#2495,#2500));
#2502=OVER_RIDING_STYLED_ITEM('',(#2501),#2490,#20);
#2503=CARTESIAN_POINT('',(0.E0,-3.5958E0,9.75E0));
#2504=DIRECTION('',(0.E0,0.E0,1.E0));
#2505=DIRECTION('',(0.E0,1.E0,0.E0));
#2506=AXIS2_PLACEMENT_3D('',#2503,#2504,#2505);
#2507=PLANE('',#2506);
#2508=ORIENTED_EDGE('',*,*,#2474,.T.);
#2509=ORIENTED_EDGE('',*,*,#2463,.F.);
#2511=ORIENTED_EDGE('',*,*,#2510,.F.);
#2512=ORIENTED_EDGE('',*,*,#2395,.T.);
#2513=EDGE_LOOP('',(#2508,#2509,#2511,#2512));
#2514=FACE_OUTER_BOUND('',#2513,.F.);
#2516=CARTESIAN_POINT('',(1.E-1,-6.E-1,3.75E0));
#2517=DIRECTION('',(0.E0,-1.E0,0.E0));
#2518=DIRECTION('',(0.E0,0.E0,1.E0));
#2519=AXIS2_PLACEMENT_3D('',#2516,#2517,#2518);
#2520=PLANE('',#2519);
#2521=ORIENTED_EDGE('',*,*,#2461,.F.);
#2522=ORIENTED_EDGE('',*,*,#1635,.T.);
#2524=ORIENTED_EDGE('',*,*,#2523,.T.);
#2526=ORIENTED_EDGE('',*,*,#2525,.T.);
#2528=ORIENTED_EDGE('',*,*,#2527,.T.);
#2530=ORIENTED_EDGE('',*,*,#2529,.F.);
#2532=ORIENTED_EDGE('',*,*,#2531,.F.);
#2533=ORIENTED_EDGE('',*,*,#2355,.F.);
#2534=ORIENTED_EDGE('',*,*,#2510,.T.);
#2535=EDGE_LOOP('',(#2521,#2522,#2524,#2526,#2528,#2530,#2532,#2533,#2534));
#2536=FACE_OUTER_BOUND('',#2535,.F.);
#2538=FILL_AREA_STYLE_COLOUR('',#18);
#2539=FILL_AREA_STYLE('',(#2538));
#2540=SURFACE_STYLE_FILL_AREA(#2539);
#2541=SURFACE_SIDE_STYLE('',(#2540));
#2542=SURFACE_STYLE_USAGE(.POSITIVE.,#2541);
#2543=FILL_AREA_STYLE_COLOUR('',#17);
#2544=FILL_AREA_STYLE('',(#2543));
#2545=SURFACE_STYLE_FILL_AREA(#2544);
#2546=SURFACE_SIDE_STYLE('',(#2545));
#2547=SURFACE_STYLE_USAGE(.NEGATIVE.,#2546);
#2548=PRESENTATION_STYLE_ASSIGNMENT((#2542,#2547));
#2549=OVER_RIDING_STYLED_ITEM('',(#2548),#2537,#20);
#2550=CARTESIAN_POINT('',(2.329672E1,0.E0,4.35E0));
#2551=DIRECTION('',(-1.E0,0.E0,0.E0));
#2552=DIRECTION('',(0.E0,0.E0,-1.E0));
#2553=AXIS2_PLACEMENT_3D('',#2550,#2551,#2552);
#2554=CYLINDRICAL_SURFACE('',#2553,6.E-1);
#2556=ORIENTED_EDGE('',*,*,#2555,.T.);
#2557=ORIENTED_EDGE('',*,*,#2523,.F.);
#2558=ORIENTED_EDGE('',*,*,#1633,.F.);
#2559=ORIENTED_EDGE('',*,*,#2485,.F.);
#2560=EDGE_LOOP('',(#2556,#2557,#2558,#2559));
#2561=FACE_OUTER_BOUND('',#2560,.F.);
#2563=FILL_AREA_STYLE_COLOUR('',#18);
#2564=FILL_AREA_STYLE('',(#2563));
#2565=SURFACE_STYLE_FILL_AREA(#2564);
#2566=SURFACE_SIDE_STYLE('',(#2565));
#2567=SURFACE_STYLE_USAGE(.POSITIVE.,#2566);
#2568=FILL_AREA_STYLE_COLOUR('',#17);
#2569=FILL_AREA_STYLE('',(#2568));
#2570=SURFACE_STYLE_FILL_AREA(#2569);
#2571=SURFACE_SIDE_STYLE('',(#2570));
#2572=SURFACE_STYLE_USAGE(.NEGATIVE.,#2571);
#2573=PRESENTATION_STYLE_ASSIGNMENT((#2567,#2572));
#2574=OVER_RIDING_STYLED_ITEM('',(#2573),#2562,#20);
#2575=CARTESIAN_POINT('',(-2.E-1,6.E-1,9.75E0));
#2576=DIRECTION('',(9.996876464081E-1,0.E0,2.499219116020E-2));
#2577=DIRECTION('',(2.499219116020E-2,0.E0,-9.996876464081E-1));
#2578=AXIS2_PLACEMENT_3D('',#2575,#2576,#2577);
#2579=PLANE('',#2578);
#2580=ORIENTED_EDGE('',*,*,#2483,.T.);
#2582=ORIENTED_EDGE('',*,*,#2581,.T.);
#2583=ORIENTED_EDGE('',*,*,#2525,.F.);
#2584=ORIENTED_EDGE('',*,*,#2555,.F.);
#2585=EDGE_LOOP('',(#2580,#2582,#2583,#2584));
#2586=FACE_OUTER_BOUND('',#2585,.F.);
#2588=FILL_AREA_STYLE_COLOUR('',#18);
#2589=FILL_AREA_STYLE('',(#2588));
#2590=SURFACE_STYLE_FILL_AREA(#2589);
#2591=SURFACE_SIDE_STYLE('',(#2590));
#2592=SURFACE_STYLE_USAGE(.POSITIVE.,#2591);
#2593=FILL_AREA_STYLE_COLOUR('',#17);
#2594=FILL_AREA_STYLE('',(#2593));
#2595=SURFACE_STYLE_FILL_AREA(#2594);
#2596=SURFACE_SIDE_STYLE('',(#2595));
#2597=SURFACE_STYLE_USAGE(.NEGATIVE.,#2596);
#2598=PRESENTATION_STYLE_ASSIGNMENT((#2592,#2597));
#2599=OVER_RIDING_STYLED_ITEM('',(#2598),#2587,#20);
#2600=CARTESIAN_POINT('',(-2.E-1,0.E0,0.E0));
#2601=DIRECTION('',(-1.E0,0.E0,0.E0));
#2602=DIRECTION('',(0.E0,0.E0,-1.E0));
#2603=AXIS2_PLACEMENT_3D('',#2600,#2601,#2602);
#2604=PLANE('',#2603);
#2605=ORIENTED_EDGE('',*,*,#2581,.F.);
#2606=ORIENTED_EDGE('',*,*,#2481,.F.);
#2608=ORIENTED_EDGE('',*,*,#2607,.F.);
#2609=ORIENTED_EDGE('',*,*,#2527,.F.);
#2610=EDGE_LOOP('',(#2605,#2606,#2608,#2609));
#2611=FACE_OUTER_BOUND('',#2610,.F.);
#2613=FILL_AREA_STYLE_COLOUR('',#18);
#2614=FILL_AREA_STYLE('',(#2613));
#2615=SURFACE_STYLE_FILL_AREA(#2614);
#2616=SURFACE_SIDE_STYLE('',(#2615));
#2617=SURFACE_STYLE_USAGE(.POSITIVE.,#2616);
#2618=FILL_AREA_STYLE_COLOUR('',#17);
#2619=FILL_AREA_STYLE('',(#2618));
#2620=SURFACE_STYLE_FILL_AREA(#2619);
#2621=SURFACE_SIDE_STYLE('',(#2620));
#2622=SURFACE_STYLE_USAGE(.NEGATIVE.,#2621);
#2623=PRESENTATION_STYLE_ASSIGNMENT((#2617,#2622));
#2624=OVER_RIDING_STYLED_ITEM('',(#2623),#2612,#20);
#2625=CARTESIAN_POINT('',(1.E-1,-6.E-1,1.045E1));
#2626=DIRECTION('',(0.E0,0.E0,1.E0));
#2627=DIRECTION('',(0.E0,1.E0,0.E0));
#2628=AXIS2_PLACEMENT_3D('',#2625,#2626,#2627);
#2629=PLANE('',#2628);
#2631=ORIENTED_EDGE('',*,*,#2630,.F.);
#2632=ORIENTED_EDGE('',*,*,#2529,.T.);
#2633=ORIENTED_EDGE('',*,*,#2607,.T.);
#2634=ORIENTED_EDGE('',*,*,#2479,.F.);
#2635=EDGE_LOOP('',(#2631,#2632,#2633,#2634));
#2636=FACE_OUTER_BOUND('',#2635,.F.);
#2638=FILL_AREA_STYLE_COLOUR('',#18);
#2639=FILL_AREA_STYLE('',(#2638));
#2640=SURFACE_STYLE_FILL_AREA(#2639);
#2641=SURFACE_SIDE_STYLE('',(#2640));
#2642=SURFACE_STYLE_USAGE(.POSITIVE.,#2641);
#2643=FILL_AREA_STYLE_COLOUR('',#17);
#2644=FILL_AREA_STYLE('',(#2643));
#2645=SURFACE_STYLE_FILL_AREA(#2644);
#2646=SURFACE_SIDE_STYLE('',(#2645));
#2647=SURFACE_STYLE_USAGE(.NEGATIVE.,#2646);
#2648=PRESENTATION_STYLE_ASSIGNMENT((#2642,#2647));
#2649=OVER_RIDING_STYLED_ITEM('',(#2648),#2637,#20);
#2650=CARTESIAN_POINT('',(1.E-1,0.E0,0.E0));
#2651=DIRECTION('',(-1.E0,0.E0,0.E0));
#2652=DIRECTION('',(0.E0,0.E0,-1.E0));
#2653=AXIS2_PLACEMENT_3D('',#2650,#2651,#2652);
#2654=PLANE('',#2653);
#2655=ORIENTED_EDGE('',*,*,#2357,.T.);
#2656=ORIENTED_EDGE('',*,*,#2531,.T.);
#2657=ORIENTED_EDGE('',*,*,#2630,.T.);
#2658=ORIENTED_EDGE('',*,*,#2477,.T.);
#2659=EDGE_LOOP('',(#2655,#2656,#2657,#2658));
#2660=FACE_OUTER_BOUND('',#2659,.F.);
#2662=FILL_AREA_STYLE_COLOUR('',#18);
#2663=FILL_AREA_STYLE('',(#2662));
#2664=SURFACE_STYLE_FILL_AREA(#2663);
#2665=SURFACE_SIDE_STYLE('',(#2664));
#2666=SURFACE_STYLE_USAGE(.POSITIVE.,#2665);
#2667=FILL_AREA_STYLE_COLOUR('',#17);
#2668=FILL_AREA_STYLE('',(#2667));
#2669=SURFACE_STYLE_FILL_AREA(#2668);
#2670=SURFACE_SIDE_STYLE('',(#2669));
#2671=SURFACE_STYLE_USAGE(.NEGATIVE.,#2670);
#2672=PRESENTATION_STYLE_ASSIGNMENT((#2666,#2671));
#2673=OVER_RIDING_STYLED_ITEM('',(#2672),#2661,#20);
#2674=CARTESIAN_POINT('',(0.E0,9.5E0,6.25E0));
#2675=DIRECTION('',(0.E0,-7.071067811865E-1,-7.071067811865E-1));
#2676=DIRECTION('',(0.E0,-7.071067811865E-1,7.071067811865E-1));
#2677=AXIS2_PLACEMENT_3D('',#2674,#2675,#2676);
#2678=PLANE('',#2677);
#2680=ORIENTED_EDGE('',*,*,#2679,.T.);
#2681=ORIENTED_EDGE('',*,*,#2136,.T.);
#2682=ORIENTED_EDGE('',*,*,#2366,.F.);
#2683=ORIENTED_EDGE('',*,*,#1623,.F.);
#2684=EDGE_LOOP('',(#2680,#2681,#2682,#2683));
#2685=FACE_OUTER_BOUND('',#2684,.F.);
#2687=CARTESIAN_POINT('',(0.E0,9.5E0,-8.25E0));
#2688=DIRECTION('',(0.E0,1.E0,0.E0));
#2689=DIRECTION('',(0.E0,0.E0,1.E0));
#2690=AXIS2_PLACEMENT_3D('',#2687,#2688,#2689);
#2691=PLANE('',#2690);
#2692=ORIENTED_EDGE('',*,*,#2138,.F.);
#2693=ORIENTED_EDGE('',*,*,#2679,.F.);
#2694=ORIENTED_EDGE('',*,*,#1621,.F.);
#2696=ORIENTED_EDGE('',*,*,#2695,.T.);
#2697=ORIENTED_EDGE('',*,*,#2306,.T.);
#2699=ORIENTED_EDGE('',*,*,#2698,.T.);
#2700=EDGE_LOOP('',(#2692,#2693,#2694,#2696,#2697,#2699));
#2701=FACE_OUTER_BOUND('',#2700,.F.);
#2703=CARTESIAN_POINT('',(0.E0,8.E0,-8.25E0));
#2704=DIRECTION('',(1.E0,0.E0,0.E0));
#2705=DIRECTION('',(0.E0,0.E0,1.E0));
#2706=AXIS2_PLACEMENT_3D('',#2703,#2704,#2705);
#2707=CYLINDRICAL_SURFACE('',#2706,1.5E0);
#2708=ORIENTED_EDGE('',*,*,#1619,.F.);
#2709=ORIENTED_EDGE('',*,*,#2069,.T.);
#2710=ORIENTED_EDGE('',*,*,#2308,.T.);
#2711=ORIENTED_EDGE('',*,*,#2695,.F.);
#2712=EDGE_LOOP('',(#2708,#2709,#2710,#2711));
#2713=FACE_OUTER_BOUND('',#2712,.F.);
#2715=CARTESIAN_POINT('',(1.E1,9.5E0,-2.85E0));
#2716=DIRECTION('',(0.E0,0.E0,-1.E0));
#2717=DIRECTION('',(-1.E0,0.E0,0.E0));
#2718=AXIS2_PLACEMENT_3D('',#2715,#2716,#2717);
#2719=PLANE('',#2718);
#2720=ORIENTED_EDGE('',*,*,#2304,.T.);
#2721=ORIENTED_EDGE('',*,*,#2223,.F.);
#2722=ORIENTED_EDGE('',*,*,#2140,.F.);
#2723=ORIENTED_EDGE('',*,*,#2698,.F.);
#2724=EDGE_LOOP('',(#2720,#2721,#2722,#2723));
#2725=FACE_OUTER_BOUND('',#2724,.F.);
#2727=CARTESIAN_POINT('',(1.E1,9.5E0,-2.85E0));
#2728=DIRECTION('',(0.E0,0.E0,-1.E0));
#2729=DIRECTION('',(-1.E0,0.E0,0.E0));
#2730=AXIS2_PLACEMENT_3D('',#2727,#2728,#2729);
#2731=PLANE('',#2730);
#2732=ORIENTED_EDGE('',*,*,#2329,.T.);
#2733=ORIENTED_EDGE('',*,*,#2114,.T.);
#2734=ORIENTED_EDGE('',*,*,#2163,.F.);
#2735=ORIENTED_EDGE('',*,*,#2215,.T.);
#2736=EDGE_LOOP('',(#2732,#2733,#2734,#2735));
#2737=FACE_OUTER_BOUND('',#2736,.F.);
#2739=CARTESIAN_POINT('',(1.E1,-3.2E0,9.75E0));
#2740=DIRECTION('',(0.E0,1.E0,0.E0));
#2741=DIRECTION('',(-1.E0,0.E0,0.E0));
#2742=AXIS2_PLACEMENT_3D('',#2739,#2740,#2741);
#2743=PLANE('',#2742);
#2744=ORIENTED_EDGE('',*,*,#2290,.T.);
#2745=ORIENTED_EDGE('',*,*,#2181,.F.);
#2746=ORIENTED_EDGE('',*,*,#2157,.F.);
#2747=ORIENTED_EDGE('',*,*,#2371,.F.);
#2748=EDGE_LOOP('',(#2744,#2745,#2746,#2747));
#2749=FACE_OUTER_BOUND('',#2748,.F.);
#2751=CARTESIAN_POINT('',(0.E0,-9.5E0,6.25E0));
#2752=DIRECTION('',(0.E0,-7.071067811865E-1,7.071067811865E-1));
#2753=DIRECTION('',(0.E0,7.071067811865E-1,7.071067811865E-1));
#2754=AXIS2_PLACEMENT_3D('',#2751,#2752,#2753);
#2755=PLANE('',#2754);
#2756=ORIENTED_EDGE('',*,*,#2374,.T.);
#2757=ORIENTED_EDGE('',*,*,#2153,.F.);
#2758=ORIENTED_EDGE('',*,*,#2120,.F.);
#2759=ORIENTED_EDGE('',*,*,#1643,.T.);
#2760=EDGE_LOOP('',(#2756,#2757,#2758,#2759));
#2761=FACE_OUTER_BOUND('',#2760,.F.);
#2763=CARTESIAN_POINT('',(5.E0,3.227E0,-9.75E0));
#2764=DIRECTION('',(0.E0,1.E0,0.E0));
#2765=DIRECTION('',(1.E0,0.E0,0.E0));
#2766=AXIS2_PLACEMENT_3D('',#2763,#2764,#2765);
#2767=PLANE('',#2766);
#2768=ORIENTED_EDGE('',*,*,#2311,.F.);
#2769=ORIENTED_EDGE('',*,*,#2065,.T.);
#2771=ORIENTED_EDGE('',*,*,#2770,.T.);
#2772=ORIENTED_EDGE('',*,*,#2199,.T.);
#2773=EDGE_LOOP('',(#2768,#2769,#2771,#2772));
#2774=FACE_OUTER_BOUND('',#2773,.F.);
#2776=CARTESIAN_POINT('',(5.E0,-3.227E0,-9.75E0));
#2777=DIRECTION('',(-1.E0,0.E0,0.E0));
#2778=DIRECTION('',(0.E0,1.E0,0.E0));
#2779=AXIS2_PLACEMENT_3D('',#2776,#2777,#2778);
#2780=PLANE('',#2779);
#2781=ORIENTED_EDGE('',*,*,#2063,.F.);
#2783=ORIENTED_EDGE('',*,*,#2782,.T.);
#2784=ORIENTED_EDGE('',*,*,#2201,.T.);
#2785=ORIENTED_EDGE('',*,*,#2770,.F.);
#2786=EDGE_LOOP('',(#2781,#2783,#2784,#2785));
#2787=FACE_OUTER_BOUND('',#2786,.F.);
#2789=CARTESIAN_POINT('',(1.E1,-3.227E0,-9.75E0));
#2790=DIRECTION('',(0.E0,-1.E0,0.E0));
#2791=DIRECTION('',(-1.E0,0.E0,0.E0));
#2792=AXIS2_PLACEMENT_3D('',#2789,#2790,#2791);
#2793=PLANE('',#2792);
#2794=ORIENTED_EDGE('',*,*,#2324,.T.);
#2795=ORIENTED_EDGE('',*,*,#2203,.F.);
#2796=ORIENTED_EDGE('',*,*,#2782,.F.);
#2797=ORIENTED_EDGE('',*,*,#2061,.F.);
#2798=EDGE_LOOP('',(#2794,#2795,#2796,#2797));
#2799=FACE_OUTER_BOUND('',#2798,.F.);
#2801=CARTESIAN_POINT('',(1.8E0,0.E0,0.E0));
#2802=DIRECTION('',(1.E0,0.E0,0.E0));
#2803=DIRECTION('',(0.E0,1.E0,0.E0));
#2804=AXIS2_PLACEMENT_3D('',#2801,#2802,#2803);
#2805=PLANE('',#2804);
#2806=ORIENTED_EDGE('',*,*,#2176,.F.);
#2807=ORIENTED_EDGE('',*,*,#2219,.F.);
#2808=EDGE_LOOP('',(#2806,#2807));
#2809=FACE_OUTER_BOUND('',#2808,.F.);
#2811=CARTESIAN_POINT('',(1.E-1,0.E0,0.E0));
#2812=DIRECTION('',(1.E0,0.E0,0.E0));
#2813=DIRECTION('',(0.E0,0.E0,1.E0));
#2814=AXIS2_PLACEMENT_3D('',#2811,#2812,#2813);
#2815=PLANE('',#2814);
#2816=ORIENTED_EDGE('',*,*,#2075,.F.);
#2817=ORIENTED_EDGE('',*,*,#1929,.F.);
#2819=ORIENTED_EDGE('',*,*,#2818,.F.);
#2820=ORIENTED_EDGE('',*,*,#2012,.F.);
#2821=EDGE_LOOP('',(#2816,#2817,#2819,#2820));
#2822=FACE_OUTER_BOUND('',#2821,.F.);
#2824=FILL_AREA_STYLE_COLOUR('',#18);
#2825=FILL_AREA_STYLE('',(#2824));
#2826=SURFACE_STYLE_FILL_AREA(#2825);
#2827=SURFACE_SIDE_STYLE('',(#2826));
#2828=SURFACE_STYLE_USAGE(.POSITIVE.,#2827);
#2829=FILL_AREA_STYLE_COLOUR('',#17);
#2830=FILL_AREA_STYLE('',(#2829));
#2831=SURFACE_STYLE_FILL_AREA(#2830);
#2832=SURFACE_SIDE_STYLE('',(#2831));
#2833=SURFACE_STYLE_USAGE(.NEGATIVE.,#2832);
#2834=PRESENTATION_STYLE_ASSIGNMENT((#2828,#2833));
#2835=OVER_RIDING_STYLED_ITEM('',(#2834),#2823,#20);
#2836=CARTESIAN_POINT('',(1.E-1,-6.E-1,-1.045E1));
#2837=DIRECTION('',(0.E0,0.E0,1.E0));
#2838=DIRECTION('',(0.E0,1.E0,0.E0));
#2839=AXIS2_PLACEMENT_3D('',#2836,#2837,#2838);
#2840=PLANE('',#2839);
#2841=ORIENTED_EDGE('',*,*,#2818,.T.);
#2842=ORIENTED_EDGE('',*,*,#1927,.T.);
#2844=ORIENTED_EDGE('',*,*,#2843,.F.);
#2845=ORIENTED_EDGE('',*,*,#2014,.F.);
#2846=EDGE_LOOP('',(#2841,#2842,#2844,#2845));
#2847=FACE_OUTER_BOUND('',#2846,.F.);
#2849=FILL_AREA_STYLE_COLOUR('',#18);
#2850=FILL_AREA_STYLE('',(#2849));
#2851=SURFACE_STYLE_FILL_AREA(#2850);
#2852=SURFACE_SIDE_STYLE('',(#2851));
#2853=SURFACE_STYLE_USAGE(.POSITIVE.,#2852);
#2854=FILL_AREA_STYLE_COLOUR('',#17);
#2855=FILL_AREA_STYLE('',(#2854));
#2856=SURFACE_STYLE_FILL_AREA(#2855);
#2857=SURFACE_SIDE_STYLE('',(#2856));
#2858=SURFACE_STYLE_USAGE(.NEGATIVE.,#2857);
#2859=PRESENTATION_STYLE_ASSIGNMENT((#2853,#2858));
#2860=OVER_RIDING_STYLED_ITEM('',(#2859),#2848,#20);
#2861=CARTESIAN_POINT('',(-2.E-1,0.E0,0.E0));
#2862=DIRECTION('',(1.E0,0.E0,0.E0));
#2863=DIRECTION('',(0.E0,0.E0,1.E0));
#2864=AXIS2_PLACEMENT_3D('',#2861,#2862,#2863);
#2865=PLANE('',#2864);
#2866=ORIENTED_EDGE('',*,*,#1985,.T.);
#2867=ORIENTED_EDGE('',*,*,#2016,.F.);
#2868=ORIENTED_EDGE('',*,*,#2843,.T.);
#2869=ORIENTED_EDGE('',*,*,#1925,.F.);
#2870=EDGE_LOOP('',(#2866,#2867,#2868,#2869));
#2871=FACE_OUTER_BOUND('',#2870,.F.);
#2873=FILL_AREA_STYLE_COLOUR('',#18);
#2874=FILL_AREA_STYLE('',(#2873));
#2875=SURFACE_STYLE_FILL_AREA(#2874);
#2876=SURFACE_SIDE_STYLE('',(#2875));
#2877=SURFACE_STYLE_USAGE(.POSITIVE.,#2876);
#2878=FILL_AREA_STYLE_COLOUR('',#17);
#2879=FILL_AREA_STYLE('',(#2878));
#2880=SURFACE_STYLE_FILL_AREA(#2879);
#2881=SURFACE_SIDE_STYLE('',(#2880));
#2882=SURFACE_STYLE_USAGE(.NEGATIVE.,#2881);
#2883=PRESENTATION_STYLE_ASSIGNMENT((#2877,#2882));
#2884=OVER_RIDING_STYLED_ITEM('',(#2883),#2872,#20);
#2885=CLOSED_SHELL('',(#1689,#1704,#1717,#1727,#1739,#1751,#1763,#1777,#1789,
#1803,#1815,#1829,#1841,#1856,#1875,#1898,#1913,#1937,#1963,#1989,#2023,#2047,
#2080,#2092,#2106,#2124,#2146,#2167,#2189,#2233,#2247,#2257,#2268,#2281,#2296,
#2316,#2334,#2347,#2381,#2399,#2424,#2440,#2452,#2467,#2490,#2515,#2537,#2562,
#2587,#2612,#2637,#2661,#2686,#2702,#2714,#2726,#2738,#2750,#2762,#2775,#2788,
#2800,#2810,#2823,#2848,#2872));
#2886=MANIFOLD_SOLID_BREP('',#2885);
#2887=FILL_AREA_STYLE_COLOUR('',#17);
#2888=FILL_AREA_STYLE('',(#2887));
#2889=SURFACE_STYLE_FILL_AREA(#2888);
#2890=SURFACE_SIDE_STYLE('',(#2889));
#2891=SURFACE_STYLE_USAGE(.BOTH.,#2890);
#2892=PRESENTATION_STYLE_ASSIGNMENT((#2891));
#20=STYLED_ITEM('',(#2892),#2886);
#2895=PLANE_ANGLE_MEASURE_WITH_UNIT(PLANE_ANGLE_MEASURE(1.745329251994E-2),
#2894);
#2896=(CONVERSION_BASED_UNIT('DEGREE',#2895)NAMED_UNIT(*)PLANE_ANGLE_UNIT());
#2898=UNCERTAINTY_MEASURE_WITH_UNIT(LENGTH_MEASURE(3.002961627199E-3),#2893,
'distance_accuracy_value',
'Maximum model space distance between geometric entities at asserted connectivities');
#2900=CARTESIAN_POINT('',(0.E0,0.E0,0.E0));
#2901=DIRECTION('',(0.E0,0.E0,1.E0));
#2902=DIRECTION('',(1.E0,0.E0,0.E0));
#2905=APPLICATION_CONTEXT('automotive_design');
#2906=APPLICATION_PROTOCOL_DEFINITION('international standard',
'automotive_design',2001,#2905);
#2907=PRODUCT_DEFINITION_CONTEXT('part definition',#2905,'design');
#2908=PRODUCT_CONTEXT('',#2905,'mechanical');
#2909=PRODUCT('09-000','09-000','NOT SPECIFIED',(#2908));
#2910=PRODUCT_DEFINITION_FORMATION('31','LAST_VERSION',#2909);
#2918=DERIVED_UNIT_ELEMENT(#2917,2.E0);
#2919=DERIVED_UNIT((#2918));
#2920=MEASURE_REPRESENTATION_ITEM('surface area measure',AREA_MEASURE(
1.429246488676E3),#2919);
#2925=DERIVED_UNIT_ELEMENT(#2924,3.E0);
#2926=DERIVED_UNIT((#2925));
#2927=MEASURE_REPRESENTATION_ITEM('volume measure',VOLUME_MEASURE(
1.088558555597E3),#2926);
#2931=CARTESIAN_POINT('centre point',(2.831884576826E0,2.198823166547E-7,
-2.331757394262E0));
#2936=DERIVED_UNIT_ELEMENT(#2935,2.E0);
#2937=DERIVED_UNIT((#2936));
#2938=MEASURE_REPRESENTATION_ITEM('surface area measure',AREA_MEASURE(
1.429246488676E3),#2937);
#2943=DERIVED_UNIT_ELEMENT(#2942,3.E0);
#2944=DERIVED_UNIT((#2943));
#2945=MEASURE_REPRESENTATION_ITEM('volume measure',VOLUME_MEASURE(
1.088558555597E3),#2944);
#2949=CARTESIAN_POINT('centre point',(2.831884576826E0,2.198823166547E-7,
-2.331757394262E0));
#2959=CARTESIAN_POINT('centre point',(3.031884576826E0,9.500000219882E0,
-1.278175739426E1));
#2963=CARTESIAN_POINT('',(2.E-1,9.5E0,-1.045E1));
#2964=DIRECTION('',(0.E0,0.E0,1.E0));
#2965=DIRECTION('',(1.E0,0.E0,0.E0));
#2966=AXIS2_PLACEMENT_3D('',#2963,#2964,#2965);
#2967=ITEM_DEFINED_TRANSFORMATION('','',#2903,#2966);
#2968=(REPRESENTATION_RELATIONSHIP('','',#2904,#2956)REPRESENTATION_RELATIONSHIP_WITH_TRANSFORMATION(#2967)SHAPE_REPRESENTATION_RELATIONSHIP());
#2969=CONTEXT_DEPENDENT_SHAPE_REPRESENTATION(#2968,#2958);
#2971=CARTESIAN_POINT('',(0.E0,0.E0,0.E0));
#2972=DIRECTION('',(0.E0,1.E0,0.E0));
#2973=DIRECTION('',(1.E0,0.E0,0.E0));
#2974=AXIS2_PLACEMENT_3D('',#2971,#2972,#2973);
#2976=CURVE_STYLE('',#26,POSITIVE_LENGTH_MEASURE(2.E-2),#15);
#2977=PRESENTATION_STYLE_ASSIGNMENT((#2976));
#2978=STYLED_ITEM('',(#2977),#2975);
#2979=CARTESIAN_POINT('',(0.E0,0.E0,0.E0));
#2980=DIRECTION('',(0.E0,1.E0,0.E0));
#2981=DIRECTION('',(-1.E0,0.E0,0.E0));
#2982=AXIS2_PLACEMENT_3D('',#2979,#2980,#2981);
#2984=CURVE_STYLE('',#26,POSITIVE_LENGTH_MEASURE(2.E-2),#15);
#2985=PRESENTATION_STYLE_ASSIGNMENT((#2984));
#2986=STYLED_ITEM('',(#2985),#2983);
#2987=CARTESIAN_POINT('',(0.E0,4.559126028197E0,0.E0));
#2988=DIRECTION('',(0.E0,1.E0,0.E0));
#2989=DIRECTION('',(1.E0,0.E0,0.E0));
#2990=AXIS2_PLACEMENT_3D('',#2987,#2988,#2989);
#2992=CURVE_STYLE('',#26,POSITIVE_LENGTH_MEASURE(2.E-2),#15);
#2993=PRESENTATION_STYLE_ASSIGNMENT((#2992));
#2994=STYLED_ITEM('',(#2993),#2991);
#2995=DIRECTION('',(0.E0,1.E0,0.E0));
#2996=VECTOR('',#2995,1.408087397180E1);
#2997=CARTESIAN_POINT('',(9.E0,4.559126028197E0,-2.439736110541E-14));
#2998=LINE('',#2997,#2996);
#2999=CURVE_STYLE('',#26,POSITIVE_LENGTH_MEASURE(2.E-2),#15);
#3000=PRESENTATION_STYLE_ASSIGNMENT((#2999));
#3001=STYLED_ITEM('',(#3000),#2998);
#3002=CARTESIAN_POINT('',(0.E0,1.864E1,0.E0));
#3003=DIRECTION('',(0.E0,-1.E0,0.E0));
#3004=DIRECTION('',(-1.E0,0.E0,0.E0));
#3005=AXIS2_PLACEMENT_3D('',#3002,#3003,#3004);
#3007=CURVE_STYLE('',#26,POSITIVE_LENGTH_MEASURE(2.E-2),#15);
#3008=PRESENTATION_STYLE_ASSIGNMENT((#3007));
#3009=STYLED_ITEM('',(#3008),#3006);
#3010=CARTESIAN_POINT('',(0.E0,4.408739718026E-1,0.E0));
#3011=DIRECTION('',(0.E0,-1.E0,0.E0));
#3012=DIRECTION('',(-1.E0,0.E0,0.E0));
#3013=AXIS2_PLACEMENT_3D('',#3010,#3011,#3012);
#3015=CURVE_STYLE('',#26,POSITIVE_LENGTH_MEASURE(2.E-2),#15);
#3016=PRESENTATION_STYLE_ASSIGNMENT((#3015));
#3017=STYLED_ITEM('',(#3016),#3014);
#3018=DIRECTION('',(0.E0,1.E0,4.033241626652E-13));
#3019=VECTOR('',#3018,4.408739718026E-1);
#3020=CARTESIAN_POINT('',(9.E0,0.E0,0.E0));
#3021=LINE('',#3020,#3019);
#3022=CURVE_STYLE('',#26,POSITIVE_LENGTH_MEASURE(2.E-2),#15);
#3023=PRESENTATION_STYLE_ASSIGNMENT((#3022));
#3024=STYLED_ITEM('',(#3023),#3021);
#3025=CARTESIAN_POINT('',(7.38E0,4.559126028197E0,1.698682167151E-11));
#3026=DIRECTION('',(2.301737793420E-12,0.E0,-1.E0));
#3027=DIRECTION('',(1.E0,0.E0,2.301737793420E-12));
#3028=AXIS2_PLACEMENT_3D('',#3025,#3026,#3027);
#3030=CURVE_STYLE('',#26,POSITIVE_LENGTH_MEASURE(2.E-2),#15);
#3031=PRESENTATION_STYLE_ASSIGNMENT((#3030));
#3032=STYLED_ITEM('',(#3031),#3029);
#3033=CARTESIAN_POINT('',(-7.38E0,4.559126028197E0,-1.699009682943E-11));
#3034=DIRECTION('',(-2.302181015268E-12,0.E0,1.E0));
#3035=DIRECTION('',(-1.E0,0.E0,-2.302181015268E-12));
#3036=AXIS2_PLACEMENT_3D('',#3033,#3034,#3035);
#3038=CURVE_STYLE('',#26,POSITIVE_LENGTH_MEASURE(2.E-2),#15);
#3039=PRESENTATION_STYLE_ASSIGNMENT((#3038));
#3040=STYLED_ITEM('',(#3039),#3037);
#3041=CARTESIAN_POINT('',(0.E0,4.559126028197E0,0.E0));
#3042=DIRECTION('',(0.E0,1.E0,0.E0));
#3043=DIRECTION('',(-1.E0,0.E0,0.E0));
#3044=AXIS2_PLACEMENT_3D('',#3041,#3042,#3043);
#3046=CURVE_STYLE('',#26,POSITIVE_LENGTH_MEASURE(2.E-2),#15);
#3047=PRESENTATION_STYLE_ASSIGNMENT((#3046));
#3048=STYLED_ITEM('',(#3047),#3045);
#3049=DIRECTION('',(0.E0,1.E0,0.E0));
#3050=VECTOR('',#3049,1.408087397180E1);
#3051=CARTESIAN_POINT('',(-9.E0,4.559126028197E0,2.366738338850E-14));
#3052=LINE('',#3051,#3050);
#3053=CURVE_STYLE('',#26,POSITIVE_LENGTH_MEASURE(2.E-2),#15);
#3054=PRESENTATION_STYLE_ASSIGNMENT((#3053));
#3055=STYLED_ITEM('',(#3054),#3052);
#3056=CARTESIAN_POINT('',(0.E0,1.864E1,0.E0));
#3057=DIRECTION('',(0.E0,-1.E0,0.E0));
#3058=DIRECTION('',(1.E0,0.E0,0.E0));
#3059=AXIS2_PLACEMENT_3D('',#3056,#3057,#3058);
#3061=CURVE_STYLE('',#26,POSITIVE_LENGTH_MEASURE(2.E-2),#15);
#3062=PRESENTATION_STYLE_ASSIGNMENT((#3061));
#3063=STYLED_ITEM('',(#3062),#3060);
#3064=CARTESIAN_POINT('',(0.E0,4.408739718026E-1,0.E0));
#3065=DIRECTION('',(0.E0,-1.E0,0.E0));
#3066=DIRECTION('',(1.E0,0.E0,0.E0));
#3067=AXIS2_PLACEMENT_3D('',#3064,#3065,#3066);
#3069=CURVE_STYLE('',#26,POSITIVE_LENGTH_MEASURE(2.E-2),#15);
#3070=PRESENTATION_STYLE_ASSIGNMENT((#3069));
#3071=STYLED_ITEM('',(#3070),#3068);
#3072=DIRECTION('',(0.E0,1.E0,-4.036541951165E-13));
#3073=VECTOR('',#3072,4.408739718026E-1);
#3074=CARTESIAN_POINT('',(-9.E0,0.E0,0.E0));
#3075=LINE('',#3074,#3073);
#3076=CURVE_STYLE('',#26,POSITIVE_LENGTH_MEASURE(2.E-2),#15);
#3077=PRESENTATION_STYLE_ASSIGNMENT((#3076));
#3078=STYLED_ITEM('',(#3077),#3075);
#3079=CARTESIAN_POINT('',(8.64E0,1.864E1,-1.134675686743E-12));
#3080=DIRECTION('',(1.313272407488E-13,0.E0,1.E0));
#3081=DIRECTION('',(1.E0,0.E0,-1.313272407488E-13));
#3082=AXIS2_PLACEMENT_3D('',#3079,#3080,#3081);
#3084=CURVE_STYLE('',#26,POSITIVE_LENGTH_MEASURE(2.E-2),#15);
#3085=PRESENTATION_STYLE_ASSIGNMENT((#3084));
#3086=STYLED_ITEM('',(#3085),#3083);
#3087=CARTESIAN_POINT('',(0.E0,1.9E1,0.E0));
#3088=DIRECTION('',(0.E0,1.E0,0.E0));
#3089=DIRECTION('',(8.912037037037E-1,0.E0,-4.536033052181E-1));
#3090=AXIS2_PLACEMENT_3D('',#3087,#3088,#3089);
#3092=CURVE_STYLE('',#26,POSITIVE_LENGTH_MEASURE(2.E-2),#15);
#3093=PRESENTATION_STYLE_ASSIGNMENT((#3092));
#3094=STYLED_ITEM('',(#3093),#3091);
#3095=CARTESIAN_POINT('',(0.E0,1.9E1,0.E0));
#3096=DIRECTION('',(0.E0,1.E0,0.E0));
#3097=DIRECTION('',(-8.887803753209E-1,0.E0,-4.583333333333E-1));
#3098=AXIS2_PLACEMENT_3D('',#3095,#3096,#3097);
#3100=CURVE_STYLE('',#26,POSITIVE_LENGTH_MEASURE(2.E-2),#15);
#3101=PRESENTATION_STYLE_ASSIGNMENT((#3100));
#3102=STYLED_ITEM('',(#3101),#3099);
#3103=CARTESIAN_POINT('',(-8.64E0,1.864E1,1.134682625636E-12));
#3104=DIRECTION('',(-1.313281081106E-13,0.E0,-1.E0));
#3105=DIRECTION('',(-1.E0,0.E0,1.313281081106E-13));
#3106=AXIS2_PLACEMENT_3D('',#3103,#3104,#3105);
#3108=CURVE_STYLE('',#26,POSITIVE_LENGTH_MEASURE(2.E-2),#15);
#3109=PRESENTATION_STYLE_ASSIGNMENT((#3108));
#3110=STYLED_ITEM('',(#3109),#3107);
#3111=DIRECTION('',(-4.346630747300E-14,0.E0,-1.E0));
#3112=VECTOR('',#3111,4.086744291550E-2);
#3113=CARTESIAN_POINT('',(7.7E0,1.9E1,-3.919132557085E0));
#3114=LINE('',#3113,#3112);
#3115=CURVE_STYLE('',#26,POSITIVE_LENGTH_MEASURE(2.E-2),#15);
#3116=PRESENTATION_STYLE_ASSIGNMENT((#3115));
#3117=STYLED_ITEM('',(#3116),#3114);
#3118=DIRECTION('',(-1.E0,0.E0,0.E0));
#3119=VECTOR('',#3118,2.093755722747E-2);
#3120=CARTESIAN_POINT('',(7.7E0,1.9E1,-3.96E0));
#3121=LINE('',#3120,#3119);
#3122=CURVE_STYLE('',#26,POSITIVE_LENGTH_MEASURE(2.E-2),#15);
#3123=PRESENTATION_STYLE_ASSIGNMENT((#3122));
#3124=STYLED_ITEM('',(#3123),#3121);
#3125=DIRECTION('',(-1.E0,0.E0,2.121017294551E-14));
#3126=VECTOR('',#3125,2.093755722742E-2);
#3127=CARTESIAN_POINT('',(-7.679062442773E0,1.9E1,-3.96E0));
#3128=LINE('',#3127,#3126);
#3129=CURVE_STYLE('',#26,POSITIVE_LENGTH_MEASURE(2.E-2),#15);
#3130=PRESENTATION_STYLE_ASSIGNMENT((#3129));
#3131=STYLED_ITEM('',(#3130),#3128);
#3132=DIRECTION('',(-2.173315373655E-14,0.E0,1.E0));
#3133=VECTOR('',#3132,4.086744291541E-2);
#3134=CARTESIAN_POINT('',(-7.7E0,1.9E1,-3.96E0));
#3135=LINE('',#3134,#3133);
#3136=CURVE_STYLE('',#26,POSITIVE_LENGTH_MEASURE(2.E-2),#15);
#3137=PRESENTATION_STYLE_ASSIGNMENT((#3136));
#3138=STYLED_ITEM('',(#3137),#3135);
#3139=DIRECTION('',(8.881784197E-14,1.E0,0.E0));
#3140=VECTOR('',#3139,1.E-2);
#3141=CARTESIAN_POINT('',(7.7E0,1.9E1,-3.8E0));
#3142=LINE('',#3141,#3140);
#3143=CURVE_STYLE('',#26,POSITIVE_LENGTH_MEASURE(2.E-2),#15);
#3144=PRESENTATION_STYLE_ASSIGNMENT((#3143));
#3145=STYLED_ITEM('',(#3144),#3142);
#3146=DIRECTION('',(-1.E0,0.E0,0.E0));
#3147=VECTOR('',#3146,1.535812488555E1);
#3148=CARTESIAN_POINT('',(7.679062442773E0,1.9E1,-3.96E0));
#3149=LINE('',#3148,#3147);
#3150=CURVE_STYLE('',#26,POSITIVE_LENGTH_MEASURE(2.E-2),#15);
#3151=PRESENTATION_STYLE_ASSIGNMENT((#3150));
#3152=STYLED_ITEM('',(#3151),#3149);
#3153=CARTESIAN_POINT('',(0.E0,1.9E1,0.E0));
#3154=DIRECTION('',(0.E0,-1.E0,0.E0));
#3155=DIRECTION('',(-8.887803753209E-1,0.E0,-4.583333333333E-1));
#3156=AXIS2_PLACEMENT_3D('',#3153,#3154,#3155);
#3158=CURVE_STYLE('',#26,POSITIVE_LENGTH_MEASURE(2.E-2),#15);
#3159=PRESENTATION_STYLE_ASSIGNMENT((#3158));
#3160=STYLED_ITEM('',(#3159),#3157);
#3161=DIRECTION('',(1.E0,0.E0,0.E0));
#3162=VECTOR('',#3161,1.54E1);
#3163=CARTESIAN_POINT('',(-7.7E0,1.9E1,-3.8E0));
#3164=LINE('',#3163,#3162);
#3165=CURVE_STYLE('',#26,POSITIVE_LENGTH_MEASURE(2.E-2),#15);
#3166=PRESENTATION_STYLE_ASSIGNMENT((#3165));
#3167=STYLED_ITEM('',(#3166),#3164);
#3168=DIRECTION('',(1.491075892999E-14,0.E0,-1.E0));
#3169=VECTOR('',#3168,1.191325570845E-1);
#3170=CARTESIAN_POINT('',(7.7E0,1.9E1,-3.8E0));
#3171=LINE('',#3170,#3169);
#3172=CURVE_STYLE('',#26,POSITIVE_LENGTH_MEASURE(2.E-2),#15);
#3173=PRESENTATION_STYLE_ASSIGNMENT((#3172));
#3174=STYLED_ITEM('',(#3173),#3171);
#3175=CARTESIAN_POINT('',(0.E0,1.9E1,0.E0));
#3176=DIRECTION('',(0.E0,-1.E0,0.E0));
#3177=DIRECTION('',(8.912037037037E-1,0.E0,-4.536033052181E-1));
#3178=AXIS2_PLACEMENT_3D('',#3175,#3176,#3177);
#3180=CURVE_STYLE('',#26,POSITIVE_LENGTH_MEASURE(2.E-2),#15);
#3181=PRESENTATION_STYLE_ASSIGNMENT((#3180));
#3182=STYLED_ITEM('',(#3181),#3179);
#3183=CARTESIAN_POINT('',(0.E0,1.9E1,0.E0));
#3184=DIRECTION('',(0.E0,-1.E0,0.E0));
#3185=DIRECTION('',(1.E0,0.E0,0.E0));
#3186=AXIS2_PLACEMENT_3D('',#3183,#3184,#3185);
#3188=CURVE_STYLE('',#26,POSITIVE_LENGTH_MEASURE(2.E-2),#15);
#3189=PRESENTATION_STYLE_ASSIGNMENT((#3188));
#3190=STYLED_ITEM('',(#3189),#3187);
#3191=CARTESIAN_POINT('',(0.E0,1.9E1,0.E0));
#3192=DIRECTION('',(0.E0,-1.E0,0.E0));
#3193=DIRECTION('',(-1.E0,0.E0,0.E0));
#3194=AXIS2_PLACEMENT_3D('',#3191,#3192,#3193);
#3196=CURVE_STYLE('',#26,POSITIVE_LENGTH_MEASURE(2.E-2),#15);
#3197=PRESENTATION_STYLE_ASSIGNMENT((#3196));
#3198=STYLED_ITEM('',(#3197),#3195);
#3199=DIRECTION('',(0.E0,0.E0,1.E0));
#3200=VECTOR('',#3199,1.191325570846E-1);
#3201=CARTESIAN_POINT('',(-7.7E0,1.9E1,-3.919132557085E0));
#3202=LINE('',#3201,#3200);
#3203=CURVE_STYLE('',#26,POSITIVE_LENGTH_MEASURE(2.E-2),#15);
#3204=PRESENTATION_STYLE_ASSIGNMENT((#3203));
#3205=STYLED_ITEM('',(#3204),#3202);
#3206=DIRECTION('',(1.E0,0.E0,0.E0));
#3207=VECTOR('',#3206,2.7E0);
#3208=CARTESIAN_POINT('',(2.825729930634E0,1.9E1,-2.095323461406E0));
#3209=LINE('',#3208,#3207);
#3210=CURVE_STYLE('',#26,POSITIVE_LENGTH_MEASURE(2.E-2),#15);
#3211=PRESENTATION_STYLE_ASSIGNMENT((#3210));
#3212=STYLED_ITEM('',(#3211),#3209);
#3213=DIRECTION('',(0.E0,0.E0,-1.E0));
#3214=VECTOR('',#3213,3.375E-1);
#3215=CARTESIAN_POINT('',(5.525729930634E0,1.9E1,-2.095323461406E0));
#3216=LINE('',#3215,#3214);
#3217=CURVE_STYLE('',#26,POSITIVE_LENGTH_MEASURE(2.E-2),#15);
#3218=PRESENTATION_STYLE_ASSIGNMENT((#3217));
#3219=STYLED_ITEM('',(#3218),#3216);
#3220=DIRECTION('',(-7.659742160926E-1,0.E0,-6.428712937139E-1));
#3221=VECTOR('',#3220,5.249884437214E-1);
#3222=CARTESIAN_POINT('',(5.525729930634E0,1.9E1,-2.432823461406E0));
#3223=LINE('',#3222,#3221);
#3224=CURVE_STYLE('',#26,POSITIVE_LENGTH_MEASURE(2.E-2),#15);
#3225=PRESENTATION_STYLE_ASSIGNMENT((#3224));
#3226=STYLED_ITEM('',(#3225),#3223);
#3227=DIRECTION('',(-1.E0,0.E0,0.E0));
#3228=VECTOR('',#3227,4.595745742321E-1);
#3229=CARTESIAN_POINT('',(5.123602318997E0,1.9E1,-2.770323461406E0));
#3230=LINE('',#3229,#3228);
#3231=CURVE_STYLE('',#26,POSITIVE_LENGTH_MEASURE(2.E-2),#15);
#3232=PRESENTATION_STYLE_ASSIGNMENT((#3231));
#3233=STYLED_ITEM('',(#3232),#3230);
#3234=DIRECTION('',(7.659743427825E-1,0.E0,6.428711427642E-1));
#3235=VECTOR('',#3234,5.249885669915E-1);
#3236=CARTESIAN_POINT('',(4.664027744765E0,1.9E1,-2.770323461406E0));
#3237=LINE('',#3236,#3235);
#3238=CURVE_STYLE('',#26,POSITIVE_LENGTH_MEASURE(2.E-2),#15);
#3239=PRESENTATION_STYLE_ASSIGNMENT((#3238));
#3240=STYLED_ITEM('',(#3239),#3237);
#3241=DIRECTION('',(-1.E0,0.E0,0.E0));
#3242=VECTOR('',#3241,2.240425586700E0);
#3243=CARTESIAN_POINT('',(5.066155517334E0,1.9E1,-2.432823461406E0));
#3244=LINE('',#3243,#3242);
#3245=CURVE_STYLE('',#26,POSITIVE_LENGTH_MEASURE(2.E-2),#15);
#3246=PRESENTATION_STYLE_ASSIGNMENT((#3245));
#3247=STYLED_ITEM('',(#3246),#3244);
#3248=DIRECTION('',(0.E0,0.E0,1.E0));
#3249=VECTOR('',#3248,3.375E-1);
#3250=CARTESIAN_POINT('',(2.825729930634E0,1.9E1,-2.432823461406E0));
#3251=LINE('',#3250,#3249);
#3252=CURVE_STYLE('',#26,POSITIVE_LENGTH_MEASURE(2.E-2),#15);
#3253=PRESENTATION_STYLE_ASSIGNMENT((#3252));
#3254=STYLED_ITEM('',(#3253),#3251);
#3255=DIRECTION('',(0.E0,0.E0,1.E0));
#3256=VECTOR('',#3255,3.937499865890E-1);
#3257=CARTESIAN_POINT('',(1.536600805097E-1,1.9E1,-2.770323461406E0));
#3258=LINE('',#3257,#3256);
#3259=CURVE_STYLE('',#26,POSITIVE_LENGTH_MEASURE(2.E-2),#15);
#3260=PRESENTATION_STYLE_ASSIGNMENT((#3259));
#3261=STYLED_ITEM('',(#3260),#3258);
#3262=DIRECTION('',(6.080767864179E-1,0.E0,7.938782159876E-1));
#3263=VECTOR('',#3262,2.834188195253E-1);
#3264=CARTESIAN_POINT('',(1.536600805097E-1,1.9E1,-2.376573474817E0));
#3265=LINE('',#3264,#3263);
#3266=CURVE_STYLE('',#26,POSITIVE_LENGTH_MEASURE(2.E-2),#15);
#3267=PRESENTATION_STYLE_ASSIGNMENT((#3266));
#3268=STYLED_ITEM('',(#3267),#3265);
#3269=DIRECTION('',(2.473832314230E-1,0.E0,9.689177141588E-1));
#3270=VECTOR('',#3269,2.322178481217E-1);
#3271=CARTESIAN_POINT('',(3.260004854970E-1,1.9E1,-2.151573447995E0));
#3272=LINE('',#3271,#3270);
#3273=CURVE_STYLE('',#26,POSITIVE_LENGTH_MEASURE(2.E-2),#15);
#3274=PRESENTATION_STYLE_ASSIGNMENT((#3273));
#3275=STYLED_ITEM('',(#3274),#3272);
#3276=DIRECTION('',(0.E0,0.E0,1.E0));
#3277=VECTOR('',#3276,3.375E-1);
#3278=CARTESIAN_POINT('',(3.834472871595E-1,1.9E1,-1.926573461406E0));
#3279=LINE('',#3278,#3277);
#3280=CURVE_STYLE('',#26,POSITIVE_LENGTH_MEASURE(2.E-2),#15);
#3281=PRESENTATION_STYLE_ASSIGNMENT((#3280));
#3282=STYLED_ITEM('',(#3281),#3279);
#3283=DIRECTION('',(-2.473832729514E-1,0.E0,9.689177035558E-1));
#3284=VECTOR('',#3283,2.322178091391E-1);
#3285=CARTESIAN_POINT('',(3.834472871595E-1,1.9E1,-1.589073461406E0));
#3286=LINE('',#3285,#3284);
#3287=CURVE_STYLE('',#26,POSITIVE_LENGTH_MEASURE(2.E-2),#15);
#3288=PRESENTATION_STYLE_ASSIGNMENT((#3287));
#3289=STYLED_ITEM('',(#3288),#3286);
#3290=DIRECTION('',(-5.627909312417E-1,0.E0,8.265992787996E-1));
#3291=VECTOR('',#3290,2.041497063064E-1);
#3292=CARTESIAN_POINT('',(3.260004854970E-1,1.9E1,-1.364073515050E0));
#3293=LINE('',#3292,#3291);
#3294=CURVE_STYLE('',#26,POSITIVE_LENGTH_MEASURE(2.E-2),#15);
#3295=PRESENTATION_STYLE_ASSIGNMENT((#3294));
#3296=STYLED_ITEM('',(#3295),#3293);
#3297=DIRECTION('',(-8.373790012342E-1,0.E0,5.466227293958E-1));
#3298=VECTOR('',#3297,2.058093225807E-1);
#3299=CARTESIAN_POINT('',(2.111068821721E-1,1.9E1,-1.195323515050E0));
#3300=LINE('',#3299,#3298);
#3301=CURVE_STYLE('',#26,POSITIVE_LENGTH_MEASURE(2.E-2),#15);
#3302=PRESENTATION_STYLE_ASSIGNMENT((#3301));
#3303=STYLED_ITEM('',(#3302),#3300);
#3304=DIRECTION('',(-9.506453221247E-1,0.E0,3.102796666273E-1));
#3305=VECTOR('',#3304,1.812878909123E-1);
#3306=CARTESIAN_POINT('',(3.876647718480E-2,1.9E1,-1.082823461406E0));
#3307=LINE('',#3306,#3305);
#3308=CURVE_STYLE('',#26,POSITIVE_LENGTH_MEASURE(2.E-2),#15);
#3309=PRESENTATION_STYLE_ASSIGNMENT((#3308));
#3310=STYLED_ITEM('',(#3309),#3307);
#3311=DIRECTION('',(-1.E0,0.E0,0.E0));
#3312=VECTOR('',#3311,1.148936033249E-1);
#3313=CARTESIAN_POINT('',(-1.335740082688E-1,1.9E1,-1.026573515050E0));
#3314=LINE('',#3313,#3312);
#3315=CURVE_STYLE('',#26,POSITIVE_LENGTH_MEASURE(2.E-2),#15);
#3316=PRESENTATION_STYLE_ASSIGNMENT((#3315));
#3317=STYLED_ITEM('',(#3316),#3314);
#3318=DIRECTION('',(-9.506452793929E-1,0.E0,-3.102797975506E-1));
#3319=VECTOR('',#3318,1.812878144174E-1);
#3320=CARTESIAN_POINT('',(-2.484676115937E-1,1.9E1,-1.026573515050E0));
#3321=LINE('',#3320,#3319);
#3322=CURVE_STYLE('',#26,POSITIVE_LENGTH_MEASURE(2.E-2),#15);
#3323=PRESENTATION_STYLE_ASSIGNMENT((#3322));
#3324=STYLED_ITEM('',(#3323),#3321);
#3325=DIRECTION('',(-8.373790596451E-1,0.E0,-5.466226399153E-1));
#3326=VECTOR('',#3325,2.058093562711E-1);
#3327=CARTESIAN_POINT('',(-4.208080165810E-1,1.9E1,-1.082823461406E0));
#3328=LINE('',#3327,#3326);
#3329=CURVE_STYLE('',#26,POSITIVE_LENGTH_MEASURE(2.E-2),#15);
#3330=PRESENTATION_STYLE_ASSIGNMENT((#3329));
#3331=STYLED_ITEM('',(#3330),#3328);
#3332=DIRECTION('',(-5.627909312417E-1,0.E0,-8.265992787996E-1));
#3333=VECTOR('',#3332,2.041497063064E-1);
#3334=CARTESIAN_POINT('',(-5.931484618015E-1,1.9E1,-1.195323515050E0));
#3335=LINE('',#3334,#3333);
#3336=CURVE_STYLE('',#26,POSITIVE_LENGTH_MEASURE(2.E-2),#15);
#3337=PRESENTATION_STYLE_ASSIGNMENT((#3336));
#3338=STYLED_ITEM('',(#3337),#3335);
#3339=DIRECTION('',(-2.473832729514E-1,0.E0,-9.689177035558E-1));
#3340=VECTOR('',#3339,2.322178091391E-1);
#3341=CARTESIAN_POINT('',(-7.080420651264E-1,1.9E1,-1.364073515050E0));
#3342=LINE('',#3341,#3340);
#3343=CURVE_STYLE('',#26,POSITIVE_LENGTH_MEASURE(2.E-2),#15);
#3344=PRESENTATION_STYLE_ASSIGNMENT((#3343));
#3345=STYLED_ITEM('',(#3344),#3342);
#3346=DIRECTION('',(0.E0,0.E0,-1.E0));
#3347=VECTOR('',#3346,3.375E-1);
#3348=CARTESIAN_POINT('',(-7.654888667888E-1,1.9E1,-1.589073461406E0));
#3349=LINE('',#3348,#3347);
#3350=CURVE_STYLE('',#26,POSITIVE_LENGTH_MEASURE(2.E-2),#15);
#3351=PRESENTATION_STYLE_ASSIGNMENT((#3350));
#3352=STYLED_ITEM('',(#3351),#3349);
#3353=DIRECTION('',(2.473832314230E-1,0.E0,-9.689177141588E-1));
#3354=VECTOR('',#3353,2.322178481217E-1);
#3355=CARTESIAN_POINT('',(-7.654888667888E-1,1.9E1,-1.926573461406E0));
#3356=LINE('',#3355,#3354);
#3357=CURVE_STYLE('',#26,POSITIVE_LENGTH_MEASURE(2.E-2),#15);
#3358=PRESENTATION_STYLE_ASSIGNMENT((#3357));
#3359=STYLED_ITEM('',(#3358),#3356);
#3360=DIRECTION('',(5.627909312417E-1,0.E0,-8.265992787996E-1));
#3361=VECTOR('',#3360,2.041497063064E-1);
#3362=CARTESIAN_POINT('',(-7.080420651264E-1,1.9E1,-2.151573447995E0));
#3363=LINE('',#3362,#3361);
#3364=CURVE_STYLE('',#26,POSITIVE_LENGTH_MEASURE(2.E-2),#15);
#3365=PRESENTATION_STYLE_ASSIGNMENT((#3364));
#3366=STYLED_ITEM('',(#3365),#3363);
#3367=DIRECTION('',(8.981381068745E-1,0.E0,-4.397134760043E-1));
#3368=VECTOR('',#3367,2.558484548468E-1);
#3369=CARTESIAN_POINT('',(-5.931484618015E-1,1.9E1,-2.320323447995E0));
#3370=LINE('',#3369,#3368);
#3371=CURVE_STYLE('',#26,POSITIVE_LENGTH_MEASURE(2.E-2),#15);
#3372=PRESENTATION_STYLE_ASSIGNMENT((#3371));
#3373=STYLED_ITEM('',(#3372),#3370);
#3374=DIRECTION('',(0.E0,0.E0,-1.E0));
#3375=VECTOR('',#3374,3.375E-1);
#3376=CARTESIAN_POINT('',(-3.633612149186E-1,1.9E1,-2.432823461406E0));
#3377=LINE('',#3376,#3375);
#3378=CURVE_STYLE('',#26,POSITIVE_LENGTH_MEASURE(2.E-2),#15);
#3379=PRESENTATION_STYLE_ASSIGNMENT((#3378));
#3380=STYLED_ITEM('',(#3379),#3377);
#3381=DIRECTION('',(-8.981381224003E-1,0.E0,4.397134442921E-1));
#3382=VECTOR('',#3381,2.558484504241E-1);
#3383=CARTESIAN_POINT('',(-3.633612149186E-1,1.9E1,-2.770323461406E0));
#3384=LINE('',#3383,#3382);
#3385=CURVE_STYLE('',#26,POSITIVE_LENGTH_MEASURE(2.E-2),#15);
#3386=PRESENTATION_STYLE_ASSIGNMENT((#3385));
#3387=STYLED_ITEM('',(#3386),#3384);
#3388=DIRECTION('',(-8.060044373844E-1,0.E0,5.919094921664E-1));
#3389=VECTOR('',#3388,2.850942452774E-1);
#3390=CARTESIAN_POINT('',(-5.931484618015E-1,1.9E1,-2.657823458053E0));
#3391=LINE('',#3390,#3389);
#3392=CURVE_STYLE('',#26,POSITIVE_LENGTH_MEASURE(2.E-2),#15);
#3393=PRESENTATION_STYLE_ASSIGNMENT((#3392));
#3394=STYLED_ITEM('',(#3393),#3391);
#3395=DIRECTION('',(-5.224769709020E-1,0.E0,8.526533966842E-1));
#3396=VECTOR('',#3395,3.298526627446E-1);
#3397=CARTESIAN_POINT('',(-8.229356885679E-1,1.9E1,-2.489073468111E0));
#3398=LINE('',#3397,#3396);
#3399=CURVE_STYLE('',#26,POSITIVE_LENGTH_MEASURE(2.E-2),#15);
#3400=PRESENTATION_STYLE_ASSIGNMENT((#3399));
#3401=STYLED_ITEM('',(#3400),#3398);
#3402=DIRECTION('',(-2.001233627174E-1,0.E0,9.797707077141E-1));
#3403=VECTOR('',#3402,2.870569728168E-1);
#3404=CARTESIAN_POINT('',(-9.952761086426E-1,1.9E1,-2.207823474817E0));
#3405=LINE('',#3404,#3403);
#3406=CURVE_STYLE('',#26,POSITIVE_LENGTH_MEASURE(2.E-2),#15);
#3407=PRESENTATION_STYLE_ASSIGNMENT((#3406));
#3408=STYLED_ITEM('',(#3407),#3405);
#3409=DIRECTION('',(0.E0,0.E0,1.E0));
#3410=VECTOR('',#3409,3.375E-1);
#3411=CARTESIAN_POINT('',(-1.052722915334E0,1.9E1,-1.926573461406E0));
#3412=LINE('',#3411,#3410);
#3413=CURVE_STYLE('',#26,POSITIVE_LENGTH_MEASURE(2.E-2),#15);
#3414=PRESENTATION_STYLE_ASSIGNMENT((#3413));
#3415=STYLED_ITEM('',(#3414),#3412);
#3416=DIRECTION('',(2.001233352361E-1,0.E0,9.797707133274E-1));
#3417=VECTOR('',#3416,2.870570122361E-1);
#3418=CARTESIAN_POINT('',(-1.052722915334E0,1.9E1,-1.589073461406E0));
#3419=LINE('',#3418,#3417);
#3420=CURVE_STYLE('',#26,POSITIVE_LENGTH_MEASURE(2.E-2),#15);
#3421=PRESENTATION_STYLE_ASSIGNMENT((#3420));
#3422=STYLED_ITEM('',(#3421),#3419);
#3423=DIRECTION('',(5.224771067470E-1,0.E0,8.526533134429E-1));
#3424=VECTOR('',#3423,3.298525769823E-1);
#3425=CARTESIAN_POINT('',(-9.952761086426E-1,1.9E1,-1.307823407762E0));
#3426=LINE('',#3425,#3424);
#3427=CURVE_STYLE('',#26,POSITIVE_LENGTH_MEASURE(2.E-2),#15);
#3428=PRESENTATION_STYLE_ASSIGNMENT((#3427));
#3429=STYLED_ITEM('',(#3428),#3426);
#3430=DIRECTION('',(8.060044205527E-1,0.E0,5.919095150862E-1));
#3431=VECTOR('',#3430,2.850942512310E-1);
#3432=CARTESIAN_POINT('',(-8.229356885679E-1,1.9E1,-1.026573515050E0));
#3433=LINE('',#3432,#3431);
#3434=CURVE_STYLE('',#26,POSITIVE_LENGTH_MEASURE(2.E-2),#15);
#3435=PRESENTATION_STYLE_ASSIGNMENT((#3434));
#3436=STYLED_ITEM('',(#3435),#3433);
#3437=DIRECTION('',(9.311281942981E-1,0.E0,3.646920423907E-1));
#3438=VECTOR('',#3437,3.084795952955E-1);
#3439=CARTESIAN_POINT('',(-5.931484618015E-1,1.9E1,-8.578235150500E-1));
#3440=LINE('',#3439,#3438);
#3441=CURVE_STYLE('',#26,POSITIVE_LENGTH_MEASURE(2.E-2),#15);
#3442=PRESENTATION_STYLE_ASSIGNMENT((#3441));
#3443=STYLED_ITEM('',(#3442),#3440);
#3444=DIRECTION('',(1.E0,0.E0,0.E0));
#3445=VECTOR('',#3444,2.297872066498E-1);
#3446=CARTESIAN_POINT('',(-3.059144132561E-1,1.9E1,-7.453234614058E-1));
#3447=LINE('',#3446,#3445);
#3448=CURVE_STYLE('',#26,POSITIVE_LENGTH_MEASURE(2.E-2),#15);
#3449=PRESENTATION_STYLE_ASSIGNMENT((#3448));
#3450=STYLED_ITEM('',(#3449),#3447);
#3451=DIRECTION('',(9.311282116446E-1,0.E0,-3.646919981020E-1));
#3452=VECTOR('',#3451,3.084796327577E-1);
#3453=CARTESIAN_POINT('',(-7.612720660636E-2,1.9E1,-7.453234614058E-1));
#3454=LINE('',#3453,#3452);
#3455=CURVE_STYLE('',#26,POSITIVE_LENGTH_MEASURE(2.E-2),#15);
#3456=PRESENTATION_STYLE_ASSIGNMENT((#3455));
#3457=STYLED_ITEM('',(#3456),#3454);
#3458=DIRECTION('',(8.060043958311E-1,0.E0,-5.919095487496E-1));
#3459=VECTOR('',#3458,2.850942350170E-1);
#3460=CARTESIAN_POINT('',(2.111068821721E-1,1.9E1,-8.578235150500E-1));
#3461=LINE('',#3460,#3459);
#3462=CURVE_STYLE('',#26,POSITIVE_LENGTH_MEASURE(2.E-2),#15);
#3463=PRESENTATION_STYLE_ASSIGNMENT((#3462));
#3464=STYLED_ITEM('',(#3463),#3461);
#3465=DIRECTION('',(5.224770734933E-1,0.E0,-8.526533338197E-1));
#3466=VECTOR('',#3465,3.298525690995E-1);
#3467=CARTESIAN_POINT('',(4.408940888219E-1,1.9E1,-1.026573515050E0));
#3468=LINE('',#3467,#3466);
#3469=CURVE_STYLE('',#26,POSITIVE_LENGTH_MEASURE(2.E-2),#15);
#3470=PRESENTATION_STYLE_ASSIGNMENT((#3469));
#3471=STYLED_ITEM('',(#3470),#3468);
#3472=DIRECTION('',(2.001233184181E-1,0.E0,-9.797707167625E-1));
#3473=VECTOR('',#3472,2.870570112296E-1);
#3474=CARTESIAN_POINT('',(6.132344938092E-1,1.9E1,-1.307823407762E0));
#3475=LINE('',#3474,#3473);
#3476=CURVE_STYLE('',#26,POSITIVE_LENGTH_MEASURE(2.E-2),#15);
#3477=PRESENTATION_STYLE_ASSIGNMENT((#3476));
#3478=STYLED_ITEM('',(#3477),#3475);
#3479=DIRECTION('',(0.E0,0.E0,-1.E0));
#3480=VECTOR('',#3479,3.375E-1);
#3481=CARTESIAN_POINT('',(6.706812954717E-1,1.9E1,-1.589073461406E0));
#3482=LINE('',#3481,#3480);
#3483=CURVE_STYLE('',#26,POSITIVE_LENGTH_MEASURE(2.E-2),#15);
#3484=PRESENTATION_STYLE_ASSIGNMENT((#3483));
#3485=STYLED_ITEM('',(#3484),#3482);
#3486=DIRECTION('',(-2.001233458994E-1,0.E0,-9.797707111493E-1));
#3487=VECTOR('',#3486,2.870569718104E-1);
#3488=CARTESIAN_POINT('',(6.706812954717E-1,1.9E1,-1.926573461406E0));
#3489=LINE('',#3488,#3487);
#3490=CURVE_STYLE('',#26,POSITIVE_LENGTH_MEASURE(2.E-2),#15);
#3491=PRESENTATION_STYLE_ASSIGNMENT((#3490));
#3492=STYLED_ITEM('',(#3491),#3489);
#3493=DIRECTION('',(-5.224769376483E-1,0.E0,-8.526534170609E-1));
#3494=VECTOR('',#3493,3.298526548617E-1);
#3495=CARTESIAN_POINT('',(6.132344938092E-1,1.9E1,-2.207823474817E0));
#3496=LINE('',#3495,#3494);
#3497=CURVE_STYLE('',#26,POSITIVE_LENGTH_MEASURE(2.E-2),#15);
#3498=PRESENTATION_STYLE_ASSIGNMENT((#3497));
#3499=STYLED_ITEM('',(#3498),#3496);
#3500=DIRECTION('',(1.E0,0.E0,0.E0));
#3501=VECTOR('',#3500,9.191489875317E-1);
#3502=CARTESIAN_POINT('',(4.408940888219E-1,1.9E1,-2.489073468111E0));
#3503=LINE('',#3502,#3501);
#3504=CURVE_STYLE('',#26,POSITIVE_LENGTH_MEASURE(2.E-2),#15);
#3505=PRESENTATION_STYLE_ASSIGNMENT((#3504));
#3506=STYLED_ITEM('',(#3505),#3503);
#3507=DIRECTION('',(0.E0,0.E0,1.E0));
#3508=VECTOR('',#3507,1.631249953061E0);
#3509=CARTESIAN_POINT('',(1.360043076354E0,1.9E1,-2.489073468111E0));
#3510=LINE('',#3509,#3508);
#3511=CURVE_STYLE('',#26,POSITIVE_LENGTH_MEASURE(2.E-2),#15);
#3512=PRESENTATION_STYLE_ASSIGNMENT((#3511));
#3513=STYLED_ITEM('',(#3512),#3510);
#3514=DIRECTION('',(1.E0,0.E0,0.E0));
#3515=VECTOR('',#3514,2.872340083122E-1);
#3516=CARTESIAN_POINT('',(1.360043076354E0,1.9E1,-8.578235150500E-1));
#3517=LINE('',#3516,#3515);
#3518=CURVE_STYLE('',#26,POSITIVE_LENGTH_MEASURE(2.E-2),#15);
#3519=PRESENTATION_STYLE_ASSIGNMENT((#3518));
#3520=STYLED_ITEM('',(#3519),#3517);
#3521=DIRECTION('',(0.E0,0.E0,-1.E0));
#3522=VECTOR('',#3521,1.912499946356E0);
#3523=CARTESIAN_POINT('',(1.647277084666E0,1.9E1,-8.578235150500E-1));
#3524=LINE('',#3523,#3522);
#3525=CURVE_STYLE('',#26,POSITIVE_LENGTH_MEASURE(2.E-2),#15);
#3526=PRESENTATION_STYLE_ASSIGNMENT((#3525));
#3527=STYLED_ITEM('',(#3526),#3524);
#3528=DIRECTION('',(-1.E0,0.E0,0.E0));
#3529=VECTOR('',#3528,1.493617004156E0);
#3530=CARTESIAN_POINT('',(1.647277084666E0,1.9E1,-2.770323461406E0));
#3531=LINE('',#3530,#3529);
#3532=CURVE_STYLE('',#26,POSITIVE_LENGTH_MEASURE(2.E-2),#15);
#3533=PRESENTATION_STYLE_ASSIGNMENT((#3532));
#3534=STYLED_ITEM('',(#3533),#3531);
#3535=DIRECTION('',(-1.E0,0.E0,0.E0));
#3536=VECTOR('',#3535,5.170212149620E-1);
#3537=CARTESIAN_POINT('',(5.557876921468E-1,1.9E1,-2.953234077616E-1));
#3538=LINE('',#3537,#3536);
#3539=CURVE_STYLE('',#26,POSITIVE_LENGTH_MEASURE(2.E-2),#15);
#3540=PRESENTATION_STYLE_ASSIGNMENT((#3539));
#3541=STYLED_ITEM('',(#3540),#3538);
#3542=DIRECTION('',(-9.813591792138E-1,0.E0,1.921826250544E-1));
#3543=VECTOR('',#3542,2.926900719557E-1);
#3544=CARTESIAN_POINT('',(3.876647718480E-2,1.9E1,-2.953234077616E-1));
#3545=LINE('',#3544,#3543);
#3546=CURVE_STYLE('',#26,POSITIVE_LENGTH_MEASURE(2.E-2),#15);
#3547=PRESENTATION_STYLE_ASSIGNMENT((#3546));
#3548=STYLED_ITEM('',(#3547),#3545);
#3549=DIRECTION('',(-9.506452793929E-1,0.E0,3.102797975506E-1));
#3550=VECTOR('',#3549,1.812878144174E-1);
#3551=CARTESIAN_POINT('',(-2.484676115937E-1,1.9E1,-2.390734614058E-1));
#3552=LINE('',#3551,#3550);
#3553=CURVE_STYLE('',#26,POSITIVE_LENGTH_MEASURE(2.E-2),#15);
#3554=PRESENTATION_STYLE_ASSIGNMENT((#3553));
#3555=STYLED_ITEM('',(#3554),#3552);
#3556=DIRECTION('',(-8.981380447713E-1,0.E0,4.397136028534E-1));
#3557=VECTOR('',#3556,2.558484725379E-1);
#3558=CARTESIAN_POINT('',(-4.208080165810E-1,1.9E1,-1.828235150500E-1));
#3559=LINE('',#3558,#3557);
#3560=CURVE_STYLE('',#26,POSITIVE_LENGTH_MEASURE(2.E-2),#15);
#3561=PRESENTATION_STYLE_ASSIGNMENT((#3560));
#3562=STYLED_ITEM('',(#3561),#3559);
#3563=DIRECTION('',(-7.145104256249E-1,0.E0,6.996247934953E-1));
#3564=VECTOR('',#3563,2.412007143957E-1);
#3565=CARTESIAN_POINT('',(-6.505952634639E-1,1.9E1,-7.032346140580E-2));
#3566=LINE('',#3565,#3564);
#3567=CURVE_STYLE('',#26,POSITIVE_LENGTH_MEASURE(2.E-2),#15);
#3568=PRESENTATION_STYLE_ASSIGNMENT((#3567));
#3569=STYLED_ITEM('',(#3568),#3566);
#3570=DIRECTION('',(-5.224771067470E-1,0.E0,8.526533134429E-1));
#3571=VECTOR('',#3570,3.298525769823E-1);
#3572=CARTESIAN_POINT('',(-8.229356885679E-1,1.9E1,9.842653859420E-2));
#3573=LINE('',#3572,#3571);
#3574=CURVE_STYLE('',#26,POSITIVE_LENGTH_MEASURE(2.E-2),#15);
#3575=PRESENTATION_STYLE_ASSIGNMENT((#3574));
#3576=STYLED_ITEM('',(#3575),#3573);
#3577=DIRECTION('',(-1.677993428846E-1,0.E0,9.858211706631E-1));
#3578=VECTOR('',#3577,3.423541815125E-1);
#3579=CARTESIAN_POINT('',(-9.952761086426E-1,1.9E1,3.796764313058E-1));
#3580=LINE('',#3579,#3578);
#3581=CURVE_STYLE('',#26,POSITIVE_LENGTH_MEASURE(2.E-2),#15);
#3582=PRESENTATION_STYLE_ASSIGNMENT((#3581));
#3583=STYLED_ITEM('',(#3582),#3580);
#3584=DIRECTION('',(1.677993428846E-1,0.E0,9.858211706631E-1));
#3585=VECTOR('',#3584,3.423541815125E-1);
#3586=CARTESIAN_POINT('',(-1.052722915334E0,1.9E1,7.171764313058E-1));
#3587=LINE('',#3586,#3585);
#3588=CURVE_STYLE('',#26,POSITIVE_LENGTH_MEASURE(2.E-2),#15);
#3589=PRESENTATION_STYLE_ASSIGNMENT((#3588));
#3590=STYLED_ITEM('',(#3589),#3587);
#3591=DIRECTION('',(5.224766720432E-1,0.E0,8.526535798146E-1));
#3592=VECTOR('',#3591,3.298528514217E-1);
#3593=CARTESIAN_POINT('',(-9.952761086426E-1,1.9E1,1.054676431306E0));
#3594=LINE('',#3593,#3592);
#3595=CURVE_STYLE('',#26,POSITIVE_LENGTH_MEASURE(2.E-2),#15);
#3596=PRESENTATION_STYLE_ASSIGNMENT((#3595));
#3597=STYLED_ITEM('',(#3596),#3594);
#3598=DIRECTION('',(7.145104256249E-1,0.E0,6.996247934953E-1));
#3599=VECTOR('',#3598,2.412007143957E-1);
#3600=CARTESIAN_POINT('',(-8.229356885679E-1,1.9E1,1.335926645883E0));
#3601=LINE('',#3600,#3599);
#3602=CURVE_STYLE('',#26,POSITIVE_LENGTH_MEASURE(2.E-2),#15);
#3603=PRESENTATION_STYLE_ASSIGNMENT((#3602));
#3604=STYLED_ITEM('',(#3603),#3601);
#3605=DIRECTION('',(8.981382931841E-1,0.E0,4.397130954570E-1));
#3606=VECTOR('',#3605,2.558484017737E-1);
#3607=CARTESIAN_POINT('',(-6.505952634639E-1,1.9E1,1.504676645883E0));
#3608=LINE('',#3607,#3606);
#3609=CURVE_STYLE('',#26,POSITIVE_LENGTH_MEASURE(2.E-2),#15);
#3610=PRESENTATION_STYLE_ASSIGNMENT((#3609));
#3611=STYLED_ITEM('',(#3610),#3608);
#3612=DIRECTION('',(9.506450175458E-1,0.E0,3.102805998049E-1));
#3613=VECTOR('',#3612,1.812878643516E-1);
#3614=CARTESIAN_POINT('',(-4.208080165810E-1,1.9E1,1.617176538594E0));
#3615=LINE('',#3614,#3613);
#3616=CURVE_STYLE('',#26,POSITIVE_LENGTH_MEASURE(2.E-2),#15);
#3617=PRESENTATION_STYLE_ASSIGNMENT((#3616));
#3618=STYLED_ITEM('',(#3617),#3615);
#3619=DIRECTION('',(9.813592829135E-1,0.E0,1.921820955228E-1));
#3620=VECTOR('',#3619,2.926900410273E-1);
#3621=CARTESIAN_POINT('',(-2.484676115937E-1,1.9E1,1.673426645883E0));
#3622=LINE('',#3621,#3620);
#3623=CURVE_STYLE('',#26,POSITIVE_LENGTH_MEASURE(2.E-2),#15);
#3624=PRESENTATION_STYLE_ASSIGNMENT((#3623));
#3625=STYLED_ITEM('',(#3624),#3622);
#3626=DIRECTION('',(1.E0,0.E0,0.E0));
#3627=VECTOR('',#3626,5.170212149620E-1);
#3628=CARTESIAN_POINT('',(3.876647718480E-2,1.9E1,1.729676431306E0));
#3629=LINE('',#3628,#3627);
#3630=CURVE_STYLE('',#26,POSITIVE_LENGTH_MEASURE(2.E-2),#15);
#3631=PRESENTATION_STYLE_ASSIGNMENT((#3630));
#3632=STYLED_ITEM('',(#3631),#3629);
#3633=DIRECTION('',(9.813592727596E-1,0.E0,-1.921821473726E-1));
#3634=VECTOR('',#3633,2.926899620610E-1);
#3635=CARTESIAN_POINT('',(5.557876921468E-1,1.9E1,1.729676431306E0));
#3636=LINE('',#3635,#3634);
#3637=CURVE_STYLE('',#26,POSITIVE_LENGTH_MEASURE(2.E-2),#15);
#3638=PRESENTATION_STYLE_ASSIGNMENT((#3637));
#3639=STYLED_ITEM('',(#3638),#3636);
#3640=DIRECTION('',(9.506451030099E-1,0.E0,-3.102803379578E-1));
#3641=VECTOR('',#3640,1.812880173413E-1);
#3642=CARTESIAN_POINT('',(8.430217004590E-1,1.9E1,1.673426645883E0));
#3643=LINE('',#3642,#3641);
#3644=CURVE_STYLE('',#26,POSITIVE_LENGTH_MEASURE(2.E-2),#15);
#3645=PRESENTATION_STYLE_ASSIGNMENT((#3644));
#3646=STYLED_ITEM('',(#3645),#3643);
#3647=DIRECTION('',(8.981382627794E-1,0.E0,-4.397131575602E-1));
#3648=VECTOR('',#3647,2.558483656388E-1);
#3649=CARTESIAN_POINT('',(1.015362266379E0,1.9E1,1.617176538594E0));
#3650=LINE('',#3649,#3648);
#3651=CURVE_STYLE('',#26,POSITIVE_LENGTH_MEASURE(2.E-2),#15);
#3652=PRESENTATION_STYLE_ASSIGNMENT((#3651));
#3653=STYLED_ITEM('',(#3652),#3650);
#3654=DIRECTION('',(7.145103848018E-1,0.E0,-6.996248351869E-1));
#3655=VECTOR('',#3654,2.412007000222E-1);
#3656=CARTESIAN_POINT('',(1.245149473029E0,1.9E1,1.504676645883E0));
#3657=LINE('',#3656,#3655);
#3658=CURVE_STYLE('',#26,POSITIVE_LENGTH_MEASURE(2.E-2),#15);
#3659=PRESENTATION_STYLE_ASSIGNMENT((#3658));
#3660=STYLED_ITEM('',(#3659),#3657);
#3661=DIRECTION('',(5.224766387895E-1,0.E0,-8.526536001913E-1));
#3662=VECTOR('',#3661,3.298528435388E-1);
#3663=CARTESIAN_POINT('',(1.417489878016E0,1.9E1,1.335926645883E0));
#3664=LINE('',#3663,#3662);
#3665=CURVE_STYLE('',#26,POSITIVE_LENGTH_MEASURE(2.E-2),#15);
#3666=PRESENTATION_STYLE_ASSIGNMENT((#3665));
#3667=STYLED_ITEM('',(#3666),#3664);
#3668=DIRECTION('',(1.677993286083E-1,0.E0,-9.858211730931E-1));
#3669=VECTOR('',#3668,3.423541806686E-1);
#3670=CARTESIAN_POINT('',(1.589830283003E0,1.9E1,1.054676431306E0));
#3671=LINE('',#3670,#3669);
#3672=CURVE_STYLE('',#26,POSITIVE_LENGTH_MEASURE(2.E-2),#15);
#3673=PRESENTATION_STYLE_ASSIGNMENT((#3672));
#3674=STYLED_ITEM('',(#3673),#3671);
#3675=DIRECTION('',(-1.677993286083E-1,0.E0,-9.858211730931E-1));
#3676=VECTOR('',#3675,3.423541806686E-1);
#3677=CARTESIAN_POINT('',(1.647277084666E0,1.9E1,7.171764313058E-1));
#3678=LINE('',#3677,#3676);
#3679=CURVE_STYLE('',#26,POSITIVE_LENGTH_MEASURE(2.E-2),#15);
#3680=PRESENTATION_STYLE_ASSIGNMENT((#3679));
#3681=STYLED_ITEM('',(#3680),#3678);
#3682=DIRECTION('',(-5.224770734933E-1,0.E0,-8.526533338197E-1));
#3683=VECTOR('',#3682,3.298525690994E-1);
#3684=CARTESIAN_POINT('',(1.589830283003E0,1.9E1,3.796764313058E-1));
#3685=LINE('',#3684,#3683);
#3686=CURVE_STYLE('',#26,POSITIVE_LENGTH_MEASURE(2.E-2),#15);
#3687=PRESENTATION_STYLE_ASSIGNMENT((#3686));
#3688=STYLED_ITEM('',(#3687),#3685);
#3689=DIRECTION('',(-7.145103848018E-1,0.E0,-6.996248351869E-1));
#3690=VECTOR('',#3689,2.412007000222E-1);
#3691=CARTESIAN_POINT('',(1.417489878016E0,1.9E1,9.842653859420E-2));
#3692=LINE('',#3691,#3690);
#3693=CURVE_STYLE('',#26,POSITIVE_LENGTH_MEASURE(2.E-2),#15);
#3694=PRESENTATION_STYLE_ASSIGNMENT((#3693));
#3695=STYLED_ITEM('',(#3694),#3692);
#3696=DIRECTION('',(-8.981380143666E-1,0.E0,-4.397136649566E-1));
#3697=VECTOR('',#3696,2.558484364030E-1);
#3698=CARTESIAN_POINT('',(1.245149473029E0,1.9E1,-7.032346140580E-2));
#3699=LINE('',#3698,#3697);
#3700=CURVE_STYLE('',#26,POSITIVE_LENGTH_MEASURE(2.E-2),#15);
#3701=PRESENTATION_STYLE_ASSIGNMENT((#3700));
#3702=STYLED_ITEM('',(#3701),#3699);
#3703=DIRECTION('',(-9.506453648566E-1,0.E0,-3.102795357040E-1));
#3704=VECTOR('',#3703,1.812879674071E-1);
#3705=CARTESIAN_POINT('',(1.015362266379E0,1.9E1,-1.828235150500E-1));
#3706=LINE('',#3705,#3704);
#3707=CURVE_STYLE('',#26,POSITIVE_LENGTH_MEASURE(2.E-2),#15);
#3708=PRESENTATION_STYLE_ASSIGNMENT((#3707));
#3709=STYLED_ITEM('',(#3708),#3706);
#3710=DIRECTION('',(-9.813591690599E-1,0.E0,-1.921826769043E-1));
#3711=VECTOR('',#3710,2.926899929894E-1);
#3712=CARTESIAN_POINT('',(8.430217004590E-1,1.9E1,-2.390734614058E-1));
#3713=LINE('',#3712,#3711);
#3714=CURVE_STYLE('',#26,POSITIVE_LENGTH_MEASURE(2.E-2),#15);
#3715=PRESENTATION_STYLE_ASSIGNMENT((#3714));
#3716=STYLED_ITEM('',(#3715),#3713);
#3717=DIRECTION('',(0.E0,0.E0,1.E0));
#3718=VECTOR('',#3717,3.375E-1);
#3719=CARTESIAN_POINT('',(-4.958878995916E0,1.9E1,-4.078234614058E-1));
#3720=LINE('',#3719,#3718);
#3721=CURVE_STYLE('',#26,POSITIVE_LENGTH_MEASURE(2.E-2),#15);
#3722=PRESENTATION_STYLE_ASSIGNMENT((#3721));
#3723=STYLED_ITEM('',(#3722),#3720);
#3724=DIRECTION('',(1.E0,0.E0,0.E0));
#3725=VECTOR('',#3724,2.7E0);
#3726=CARTESIAN_POINT('',(-4.958878995916E0,1.9E1,-7.032346140580E-2));
#3727=LINE('',#3726,#3725);
#3728=CURVE_STYLE('',#26,POSITIVE_LENGTH_MEASURE(2.E-2),#15);
#3729=PRESENTATION_STYLE_ASSIGNMENT((#3728));
#3730=STYLED_ITEM('',(#3729),#3727);
#3731=DIRECTION('',(0.E0,0.E0,-1.E0));
#3732=VECTOR('',#3731,5.0625E-1);
#3733=CARTESIAN_POINT('',(-2.258878995916E0,1.9E1,-7.032346140580E-2));
#3734=LINE('',#3733,#3732);
#3735=CURVE_STYLE('',#26,POSITIVE_LENGTH_MEASURE(2.E-2),#15);
#3736=PRESENTATION_STYLE_ASSIGNMENT((#3735));
#3737=STYLED_ITEM('',(#3736),#3734);
#3738=DIRECTION('',(-9.439459199884E-1,0.E0,-3.301001365301E-1));
#3739=VECTOR('',#3738,2.556042565960E0);
#3740=CARTESIAN_POINT('',(-2.258878995916E0,1.9E1,-5.765734614058E-1));
#3741=LINE('',#3740,#3739);
#3742=CURVE_STYLE('',#26,POSITIVE_LENGTH_MEASURE(2.E-2),#15);
#3743=PRESENTATION_STYLE_ASSIGNMENT((#3742));
#3744=STYLED_ITEM('',(#3743),#3741);
#3745=DIRECTION('',(9.439459199884E-1,0.E0,-3.301001365301E-1));
#3746=VECTOR('',#3745,2.556042565960E0);
#3747=CARTESIAN_POINT('',(-4.671644947371E0,1.9E1,-1.420323461406E0));
#3748=LINE('',#3747,#3746);
#3749=CURVE_STYLE('',#26,POSITIVE_LENGTH_MEASURE(2.E-2),#15);
#3750=PRESENTATION_STYLE_ASSIGNMENT((#3749));
#3751=STYLED_ITEM('',(#3750),#3748);
#3752=DIRECTION('',(0.E0,0.E0,-1.E0));
#3753=VECTOR('',#3752,5.0625E-1);
#3754=CARTESIAN_POINT('',(-2.258878995916E0,1.9E1,-2.264073461406E0));
#3755=LINE('',#3754,#3753);
#3756=CURVE_STYLE('',#26,POSITIVE_LENGTH_MEASURE(2.E-2),#15);
#3757=PRESENTATION_STYLE_ASSIGNMENT((#3756));
#3758=STYLED_ITEM('',(#3757),#3755);
#3759=DIRECTION('',(-1.E0,0.E0,0.E0));
#3760=VECTOR('',#3759,2.7E0);
#3761=CARTESIAN_POINT('',(-2.258878995916E0,1.9E1,-2.770323461406E0));
#3762=LINE('',#3761,#3760);
#3763=CURVE_STYLE('',#26,POSITIVE_LENGTH_MEASURE(2.E-2),#15);
#3764=PRESENTATION_STYLE_ASSIGNMENT((#3763));
#3765=STYLED_ITEM('',(#3764),#3762);
#3766=DIRECTION('',(0.E0,0.E0,1.E0));
#3767=VECTOR('',#3766,3.375E-1);
#3768=CARTESIAN_POINT('',(-4.958878995916E0,1.9E1,-2.770323461406E0));
#3769=LINE('',#3768,#3767);
#3770=CURVE_STYLE('',#26,POSITIVE_LENGTH_MEASURE(2.E-2),#15);
#3771=PRESENTATION_STYLE_ASSIGNMENT((#3770));
#3772=STYLED_ITEM('',(#3771),#3769);
#3773=DIRECTION('',(1.E0,0.E0,0.E0));
#3774=VECTOR('',#3773,2.125531983376E0);
#3775=CARTESIAN_POINT('',(-4.958878995916E0,1.9E1,-2.432823461406E0));
#3776=LINE('',#3775,#3774);
#3777=CURVE_STYLE('',#26,POSITIVE_LENGTH_MEASURE(2.E-2),#15);
#3778=PRESENTATION_STYLE_ASSIGNMENT((#3777));
#3779=STYLED_ITEM('',(#3778),#3776);
#3780=DIRECTION('',(-9.377105485439E-1,0.E0,3.474175112878E-1));
#3781=VECTOR('',#3780,2.266725042899E0);
#3782=CARTESIAN_POINT('',(-2.833347012541E0,1.9E1,-2.432823461406E0));
#3783=LINE('',#3782,#3781);
#3784=CURVE_STYLE('',#26,POSITIVE_LENGTH_MEASURE(2.E-2),#15);
#3785=PRESENTATION_STYLE_ASSIGNMENT((#3784));
#3786=STYLED_ITEM('',(#3785),#3783);
#3787=DIRECTION('',(0.E0,0.E0,1.E0));
#3788=VECTOR('',#3787,4.499999731779E-1);
#3789=CARTESIAN_POINT('',(-4.958878995916E0,1.9E1,-1.645323488228E0));
#3790=LINE('',#3789,#3788);
#3791=CURVE_STYLE('',#26,POSITIVE_LENGTH_MEASURE(2.E-2),#15);
#3792=PRESENTATION_STYLE_ASSIGNMENT((#3791));
#3793=STYLED_ITEM('',(#3792),#3790);
#3794=DIRECTION('',(9.377105369792E-1,0.E0,3.474175425020E-1));
#3795=VECTOR('',#3794,2.266725070855E0);
#3796=CARTESIAN_POINT('',(-4.958878995916E0,1.9E1,-1.195323515050E0));
#3797=LINE('',#3796,#3795);
#3798=CURVE_STYLE('',#26,POSITIVE_LENGTH_MEASURE(2.E-2),#15);
#3799=PRESENTATION_STYLE_ASSIGNMENT((#3798));
#3800=STYLED_ITEM('',(#3799),#3797);
#3801=DIRECTION('',(-1.E0,0.E0,0.E0));
#3802=VECTOR('',#3801,2.125531983376E0);
#3803=CARTESIAN_POINT('',(-2.833347012541E0,1.9E1,-4.078234614058E-1));
#3804=LINE('',#3803,#3802);
#3805=CURVE_STYLE('',#26,POSITIVE_LENGTH_MEASURE(2.E-2),#15);
#3806=PRESENTATION_STYLE_ASSIGNMENT((#3805));
#3807=STYLED_ITEM('',(#3806),#3804);
#3808=DIRECTION('',(6.080769234738E-1,0.E0,7.938781110087E-1));
#3809=VECTOR('',#3808,2.834187556449E-1);
#3810=CARTESIAN_POINT('',(4.032112926478E0,1.9E1,-1.251573461406E0));
#3811=LINE('',#3810,#3809);
#3812=CURVE_STYLE('',#26,POSITIVE_LENGTH_MEASURE(2.E-2),#15);
#3813=PRESENTATION_STYLE_ASSIGNMENT((#3812));
#3814=STYLED_ITEM('',(#3813),#3811);
#3815=DIRECTION('',(2.473831068378E-1,0.E0,9.689177459678E-1));
#3816=VECTOR('',#3815,2.322179650695E-1);
#3817=CARTESIAN_POINT('',(4.204453331465E0,1.9E1,-1.026573515050E0));
#3818=LINE('',#3817,#3816);
#3819=CURVE_STYLE('',#26,POSITIVE_LENGTH_MEASURE(2.E-2),#15);
#3820=PRESENTATION_STYLE_ASSIGNMENT((#3819));
#3821=STYLED_ITEM('',(#3820),#3818);
#3822=DIRECTION('',(0.E0,0.E0,1.E0));
#3823=VECTOR('',#3822,3.375E-1);
#3824=CARTESIAN_POINT('',(4.261900133128E0,1.9E1,-8.015734077616E-1));
#3825=LINE('',#3824,#3823);
#3826=CURVE_STYLE('',#26,POSITIVE_LENGTH_MEASURE(2.E-2),#15);
#3827=PRESENTATION_STYLE_ASSIGNMENT((#3826));
#3828=STYLED_ITEM('',(#3827),#3825);
#3829=DIRECTION('',(-2.473832729514E-1,0.E0,9.689177035558E-1));
#3830=VECTOR('',#3829,2.322178091391E-1);
#3831=CARTESIAN_POINT('',(4.261900133128E0,1.9E1,-4.640734077616E-1));
#3832=LINE('',#3831,#3830);
#3833=CURVE_STYLE('',#26,POSITIVE_LENGTH_MEASURE(2.E-2),#15);
#3834=PRESENTATION_STYLE_ASSIGNMENT((#3833));
#3835=STYLED_ITEM('',(#3834),#3832);
#3836=DIRECTION('',(-5.627909312417E-1,0.E0,8.265992787996E-1));
#3837=VECTOR('',#3836,2.041497063064E-1);
#3838=CARTESIAN_POINT('',(4.204453331465E0,1.9E1,-2.390734614058E-1));
#3839=LINE('',#3838,#3837);
#3840=CURVE_STYLE('',#26,POSITIVE_LENGTH_MEASURE(2.E-2),#15);
#3841=PRESENTATION_STYLE_ASSIGNMENT((#3840));
#3842=STYLED_ITEM('',(#3841),#3839);
#3843=DIRECTION('',(-8.373793591563E-1,0.E0,5.466221810895E-1));
#3844=VECTOR('',#3843,2.058092346114E-1);
#3845=CARTESIAN_POINT('',(4.089559728140E0,1.9E1,-7.032346140580E-2));
#3846=LINE('',#3845,#3844);
#3847=CURVE_STYLE('',#26,POSITIVE_LENGTH_MEASURE(2.E-2),#15);
#3848=PRESENTATION_STYLE_ASSIGNMENT((#3847));
#3849=STYLED_ITEM('',(#3848),#3846);
#3850=DIRECTION('',(-9.506450602779E-1,0.E0,3.102804688813E-1));
#3851=VECTOR('',#3850,1.812879408464E-1);
#3852=CARTESIAN_POINT('',(3.917219323153E0,1.9E1,4.217643130584E-2));
#3853=LINE('',#3852,#3851);
#3854=CURVE_STYLE('',#26,POSITIVE_LENGTH_MEASURE(2.E-2),#15);
#3855=PRESENTATION_STYLE_ASSIGNMENT((#3854));
#3856=STYLED_ITEM('',(#3855),#3853);
#3857=DIRECTION('',(-1.E0,0.E0,0.E0));
#3858=VECTOR('',#3857,1.148936033249E-1);
#3859=CARTESIAN_POINT('',(3.744878837699E0,1.9E1,9.842653859420E-2));
#3860=LINE('',#3859,#3858);
#3861=CURVE_STYLE('',#26,POSITIVE_LENGTH_MEASURE(2.E-2),#15);
#3862=PRESENTATION_STYLE_ASSIGNMENT((#3861));
#3863=STYLED_ITEM('',(#3862),#3860);
#3864=DIRECTION('',(-9.506450175458E-1,0.E0,-3.102805998049E-1));
#3865=VECTOR('',#3864,1.812878643516E-1);
#3866=CARTESIAN_POINT('',(3.629985234374E0,1.9E1,9.842653859420E-2));
#3867=LINE('',#3866,#3865);
#3868=CURVE_STYLE('',#26,POSITIVE_LENGTH_MEASURE(2.E-2),#15);
#3869=PRESENTATION_STYLE_ASSIGNMENT((#3868));
#3870=STYLED_ITEM('',(#3869),#3867);
#3871=DIRECTION('',(-8.373794175671E-1,0.E0,-5.466220916090E-1));
#3872=VECTOR('',#3871,2.058092683018E-1);
#3873=CARTESIAN_POINT('',(3.457644829387E0,1.9E1,4.217643130584E-2));
#3874=LINE('',#3873,#3872);
#3875=CURVE_STYLE('',#26,POSITIVE_LENGTH_MEASURE(2.E-2),#15);
#3876=PRESENTATION_STYLE_ASSIGNMENT((#3875));
#3877=STYLED_ITEM('',(#3876),#3874);
#3878=DIRECTION('',(-5.627909312417E-1,0.E0,-8.265992787996E-1));
#3879=VECTOR('',#3878,2.041497063064E-1);
#3880=CARTESIAN_POINT('',(3.285304384167E0,1.9E1,-7.032346140580E-2));
#3881=LINE('',#3880,#3879);
#3882=CURVE_STYLE('',#26,POSITIVE_LENGTH_MEASURE(2.E-2),#15);
#3883=PRESENTATION_STYLE_ASSIGNMENT((#3882));
#3884=STYLED_ITEM('',(#3883),#3881);
#3885=DIRECTION('',(-2.473832729514E-1,0.E0,-9.689177035558E-1));
#3886=VECTOR('',#3885,2.322178091391E-1);
#3887=CARTESIAN_POINT('',(3.170410780842E0,1.9E1,-2.390734614058E-1));
#3888=LINE('',#3887,#3886);
#3889=CURVE_STYLE('',#26,POSITIVE_LENGTH_MEASURE(2.E-2),#15);
#3890=PRESENTATION_STYLE_ASSIGNMENT((#3889));
#3891=STYLED_ITEM('',(#3890),#3888);
#3892=DIRECTION('',(0.E0,0.E0,-1.E0));
#3893=VECTOR('',#3892,3.375E-1);
#3894=CARTESIAN_POINT('',(3.112963979179E0,1.9E1,-4.640734077616E-1));
#3895=LINE('',#3894,#3893);
#3896=CURVE_STYLE('',#26,POSITIVE_LENGTH_MEASURE(2.E-2),#15);
#3897=PRESENTATION_STYLE_ASSIGNMENT((#3896));
#3898=STYLED_ITEM('',(#3897),#3895);
#3899=DIRECTION('',(2.473831068378E-1,0.E0,-9.689177459678E-1));
#3900=VECTOR('',#3899,2.322179650695E-1);
#3901=CARTESIAN_POINT('',(3.112963979179E0,1.9E1,-8.015734077616E-1));
#3902=LINE('',#3901,#3900);
#3903=CURVE_STYLE('',#26,POSITIVE_LENGTH_MEASURE(2.E-2),#15);
#3904=PRESENTATION_STYLE_ASSIGNMENT((#3903));
#3905=STYLED_ITEM('',(#3904),#3902);
#3906=DIRECTION('',(5.627909312417E-1,0.E0,-8.265992787996E-1));
#3907=VECTOR('',#3906,2.041497063064E-1);
#3908=CARTESIAN_POINT('',(3.170410780842E0,1.9E1,-1.026573515050E0));
#3909=LINE('',#3908,#3907);
#3910=CURVE_STYLE('',#26,POSITIVE_LENGTH_MEASURE(2.E-2),#15);
#3911=PRESENTATION_STYLE_ASSIGNMENT((#3910));
#3912=STYLED_ITEM('',(#3911),#3909);
#3913=DIRECTION('',(8.981382931841E-1,0.E0,-4.397130954570E-1));
#3914=VECTOR('',#3913,2.558484017737E-1);
#3915=CARTESIAN_POINT('',(3.285304384167E0,1.9E1,-1.195323515050E0));
#3916=LINE('',#3915,#3914);
#3917=CURVE_STYLE('',#26,POSITIVE_LENGTH_MEASURE(2.E-2),#15);
#3918=PRESENTATION_STYLE_ASSIGNMENT((#3917));
#3919=STYLED_ITEM('',(#3918),#3916);
#3920=DIRECTION('',(0.E0,0.E0,-1.E0));
#3921=VECTOR('',#3920,3.375000804663E-1);
#3922=CARTESIAN_POINT('',(3.515091631050E0,1.9E1,-1.307823407762E0));
#3923=LINE('',#3922,#3921);
#3924=CURVE_STYLE('',#26,POSITIVE_LENGTH_MEASURE(2.E-2),#15);
#3925=PRESENTATION_STYLE_ASSIGNMENT((#3924));
#3926=STYLED_ITEM('',(#3925),#3923);
#3927=DIRECTION('',(-8.981380447713E-1,0.E0,4.397136028534E-1));
#3928=VECTOR('',#3927,2.558484725379E-1);
#3929=CARTESIAN_POINT('',(3.515091631050E0,1.9E1,-1.645323488228E0));
#3930=LINE('',#3929,#3928);
#3931=CURVE_STYLE('',#26,POSITIVE_LENGTH_MEASURE(2.E-2),#15);
#3932=PRESENTATION_STYLE_ASSIGNMENT((#3931));
#3933=STYLED_ITEM('',(#3932),#3930);
#3934=DIRECTION('',(-8.060045552063E-1,0.E0,5.919093317280E-1));
#3935=VECTOR('',#3934,2.850942036023E-1);
#3936=CARTESIAN_POINT('',(3.285304384167E0,1.9E1,-1.532823434584E0));
#3937=LINE('',#3936,#3935);
#3938=CURVE_STYLE('',#26,POSITIVE_LENGTH_MEASURE(2.E-2),#15);
#3939=PRESENTATION_STYLE_ASSIGNMENT((#3938));
#3940=STYLED_ITEM('',(#3939),#3937);
#3941=DIRECTION('',(-5.224768893951E-1,0.E0,8.526534466288E-1));
#3942=VECTOR('',#3941,3.298527142020E-1);
#3943=CARTESIAN_POINT('',(3.055517157400E0,1.9E1,-1.364073515050E0));
#3944=LINE('',#3943,#3942);
#3945=CURVE_STYLE('',#26,POSITIVE_LENGTH_MEASURE(2.E-2),#15);
#3946=PRESENTATION_STYLE_ASSIGNMENT((#3945));
#3947=STYLED_ITEM('',(#3946),#3944);
#3948=DIRECTION('',(-2.001233352361E-1,0.E0,9.797707133274E-1));
#3949=VECTOR('',#3948,2.870570122361E-1);
#3950=CARTESIAN_POINT('',(2.883176737326E0,1.9E1,-1.082823461406E0));
#3951=LINE('',#3950,#3949);
#3952=CURVE_STYLE('',#26,POSITIVE_LENGTH_MEASURE(2.E-2),#15);
#3953=PRESENTATION_STYLE_ASSIGNMENT((#3952));
#3954=STYLED_ITEM('',(#3953),#3951);
#3955=DIRECTION('',(0.E0,0.E0,1.E0));
#3956=VECTOR('',#3955,3.375E-1);
#3957=CARTESIAN_POINT('',(2.825729930634E0,1.9E1,-8.015734077616E-1));
#3958=LINE('',#3957,#3956);
#3959=CURVE_STYLE('',#26,POSITIVE_LENGTH_MEASURE(2.E-2),#15);
#3960=PRESENTATION_STYLE_ASSIGNMENT((#3959));
#3961=STYLED_ITEM('',(#3960),#3958);
#3962=DIRECTION('',(2.001234451615E-1,0.E0,9.797706908745E-1));
#3963=VECTOR('',#3962,2.870568545591E-1);
#3964=CARTESIAN_POINT('',(2.825729930634E0,1.9E1,-4.640734077616E-1));
#3965=LINE('',#3964,#3963);
#3966=CURVE_STYLE('',#26,POSITIVE_LENGTH_MEASURE(2.E-2),#15);
#3967=PRESENTATION_STYLE_ASSIGNMENT((#3966));
#3968=STYLED_ITEM('',(#3967),#3965);
#3969=DIRECTION('',(5.224768893951E-1,0.E0,8.526534466288E-1));
#3970=VECTOR('',#3969,3.298527142020E-1);
#3971=CARTESIAN_POINT('',(2.883176737326E0,1.9E1,-1.828235150500E-1));
#3972=LINE('',#3971,#3970);
#3973=CURVE_STYLE('',#26,POSITIVE_LENGTH_MEASURE(2.E-2),#15);
#3974=PRESENTATION_STYLE_ASSIGNMENT((#3973));
#3975=STYLED_ITEM('',(#3974),#3972);
#3976=DIRECTION('',(8.060044205527E-1,0.E0,5.919095150862E-1));
#3977=VECTOR('',#3976,2.850942512310E-1);
#3978=CARTESIAN_POINT('',(3.055517157400E0,1.9E1,9.842653859420E-2));
#3979=LINE('',#3978,#3977);
#3980=CURVE_STYLE('',#26,POSITIVE_LENGTH_MEASURE(2.E-2),#15);
#3981=PRESENTATION_STYLE_ASSIGNMENT((#3980));
#3982=STYLED_ITEM('',(#3981),#3979);
#3983=DIRECTION('',(9.311283714530E-1,0.E0,3.646915900803E-1));
#3984=VECTOR('',#3983,3.084795366048E-1);
#3985=CARTESIAN_POINT('',(3.285304384167E0,1.9E1,2.671765385942E-1));
#3986=LINE('',#3985,#3984);
#3987=CURVE_STYLE('',#26,POSITIVE_LENGTH_MEASURE(2.E-2),#15);
#3988=PRESENTATION_STYLE_ASSIGNMENT((#3987));
#3989=STYLED_ITEM('',(#3988),#3986);
#3990=DIRECTION('',(1.E0,0.E0,0.E0));
#3991=VECTOR('',#3990,2.297872066498E-1);
#3992=CARTESIAN_POINT('',(3.572538432712E0,1.9E1,3.796764313058E-1));
#3993=LINE('',#3992,#3991);
#3994=CURVE_STYLE('',#26,POSITIVE_LENGTH_MEASURE(2.E-2),#15);
#3995=PRESENTATION_STYLE_ASSIGNMENT((#3994));
#3996=STYLED_ITEM('',(#3995),#3993);
#3997=DIRECTION('',(9.311283887994E-1,0.E0,-3.646915457917E-1));
#3998=VECTOR('',#3997,3.084795740670E-1);
#3999=CARTESIAN_POINT('',(3.802325639362E0,1.9E1,3.796764313058E-1));
#4000=LINE('',#3999,#3998);
#4001=CURVE_STYLE('',#26,POSITIVE_LENGTH_MEASURE(2.E-2),#15);
#4002=PRESENTATION_STYLE_ASSIGNMENT((#4001));
#4003=STYLED_ITEM('',(#4002),#4000);
#4004=DIRECTION('',(8.060043958311E-1,0.E0,-5.919095487496E-1));
#4005=VECTOR('',#4004,2.850942350170E-1);
#4006=CARTESIAN_POINT('',(4.089559728140E0,1.9E1,2.671765385942E-1));
#4007=LINE('',#4006,#4005);
#4008=CURVE_STYLE('',#26,POSITIVE_LENGTH_MEASURE(2.E-2),#15);
#4009=PRESENTATION_STYLE_ASSIGNMENT((#4008));
#4010=STYLED_ITEM('',(#4009),#4007);
#4011=DIRECTION('',(5.224768561414E-1,0.E0,-8.526534670056E-1));
#4012=VECTOR('',#4011,3.298527063191E-1);
#4013=CARTESIAN_POINT('',(4.319346934790E0,1.9E1,9.842653859420E-2));
#4014=LINE('',#4013,#4012);
#4015=CURVE_STYLE('',#26,POSITIVE_LENGTH_MEASURE(2.E-2),#15);
#4016=PRESENTATION_STYLE_ASSIGNMENT((#4015));
#4017=STYLED_ITEM('',(#4016),#4014);
#4018=DIRECTION('',(2.001234283435E-1,0.E0,-9.797706943097E-1));
#4019=VECTOR('',#4018,2.870568535527E-1);
#4020=CARTESIAN_POINT('',(4.491687339777E0,1.9E1,-1.828235150500E-1));
#4021=LINE('',#4020,#4019);
#4022=CURVE_STYLE('',#26,POSITIVE_LENGTH_MEASURE(2.E-2),#15);
#4023=PRESENTATION_STYLE_ASSIGNMENT((#4022));
#4024=STYLED_ITEM('',(#4023),#4021);
#4025=DIRECTION('',(0.E0,0.E0,-1.E0));
#4026=VECTOR('',#4025,3.375E-1);
#4027=CARTESIAN_POINT('',(4.549134141440E0,1.9E1,-4.640734077616E-1));
#4028=LINE('',#4027,#4026);
#4029=CURVE_STYLE('',#26,POSITIVE_LENGTH_MEASURE(2.E-2),#15);
#4030=PRESENTATION_STYLE_ASSIGNMENT((#4029));
#4031=STYLED_ITEM('',(#4030),#4028);
#4032=DIRECTION('',(-2.001233184181E-1,0.E0,-9.797707167625E-1));
#4033=VECTOR('',#4032,2.870570112296E-1);
#4034=CARTESIAN_POINT('',(4.549134141440E0,1.9E1,-8.015734077616E-1));
#4035=LINE('',#4034,#4033);
#4036=CURVE_STYLE('',#26,POSITIVE_LENGTH_MEASURE(2.E-2),#15);
#4037=PRESENTATION_STYLE_ASSIGNMENT((#4036));
#4038=STYLED_ITEM('',(#4037),#4035);
#4039=DIRECTION('',(-5.224768561414E-1,0.E0,-8.526534670056E-1));
#4040=VECTOR('',#4039,3.298527063191E-1);
#4041=CARTESIAN_POINT('',(4.491687339777E0,1.9E1,-1.082823461406E0));
#4042=LINE('',#4041,#4040);
#4043=CURVE_STYLE('',#26,POSITIVE_LENGTH_MEASURE(2.E-2),#15);
#4044=PRESENTATION_STYLE_ASSIGNMENT((#4043));
#4045=STYLED_ITEM('',(#4044),#4042);
#4046=DIRECTION('',(1.E0,0.E0,0.E0));
#4047=VECTOR('',#4046,9.191489875317E-1);
#4048=CARTESIAN_POINT('',(4.319346934790E0,1.9E1,-1.364073515050E0));
#4049=LINE('',#4048,#4047);
#4050=CURVE_STYLE('',#26,POSITIVE_LENGTH_MEASURE(2.E-2),#15);
#4051=PRESENTATION_STYLE_ASSIGNMENT((#4050));
#4052=STYLED_ITEM('',(#4051),#4049);
#4053=DIRECTION('',(0.E0,0.E0,1.E0));
#4054=VECTOR('',#4053,1.631250053644E0);
#4055=CARTESIAN_POINT('',(5.238495922322E0,1.9E1,-1.364073515050E0));
#4056=LINE('',#4055,#4054);
#4057=CURVE_STYLE('',#26,POSITIVE_LENGTH_MEASURE(2.E-2),#15);
#4058=PRESENTATION_STYLE_ASSIGNMENT((#4057));
#4059=STYLED_ITEM('',(#4058),#4056);
#4060=DIRECTION('',(1.E0,0.E0,0.E0));
#4061=VECTOR('',#4060,2.872340083122E-1);
#4062=CARTESIAN_POINT('',(5.238495922322E0,1.9E1,2.671765385942E-1));
#4063=LINE('',#4062,#4061);
#4064=CURVE_STYLE('',#26,POSITIVE_LENGTH_MEASURE(2.E-2),#15);
#4065=PRESENTATION_STYLE_ASSIGNMENT((#4064));
#4066=STYLED_ITEM('',(#4065),#4063);
#4067=DIRECTION('',(0.E0,0.E0,-1.E0));
#4068=VECTOR('',#4067,1.912500026822E0);
#4069=CARTESIAN_POINT('',(5.525729930634E0,1.9E1,2.671765385942E-1));
#4070=LINE('',#4069,#4068);
#4071=CURVE_STYLE('',#26,POSITIVE_LENGTH_MEASURE(2.E-2),#15);
#4072=PRESENTATION_STYLE_ASSIGNMENT((#4071));
#4073=STYLED_ITEM('',(#4072),#4070);
#4074=DIRECTION('',(-1.E0,0.E0,0.E0));
#4075=VECTOR('',#4074,1.493617004156E0);
#4076=CARTESIAN_POINT('',(5.525729930634E0,1.9E1,-1.645323488228E0));
#4077=LINE('',#4076,#4075);
#4078=CURVE_STYLE('',#26,POSITIVE_LENGTH_MEASURE(2.E-2),#15);
#4079=PRESENTATION_STYLE_ASSIGNMENT((#4078));
#4080=STYLED_ITEM('',(#4079),#4077);
#4081=DIRECTION('',(0.E0,0.E0,1.E0));
#4082=VECTOR('',#4081,3.937500268221E-1);
#4083=CARTESIAN_POINT('',(4.032112926478E0,1.9E1,-1.645323488228E0));
#4084=LINE('',#4083,#4082);
#4085=CURVE_STYLE('',#26,POSITIVE_LENGTH_MEASURE(2.E-2),#15);
#4086=PRESENTATION_STYLE_ASSIGNMENT((#4085));
#4087=STYLED_ITEM('',(#4086),#4084);
#4088=DIRECTION('',(-1.E0,0.E0,0.E0));
#4089=VECTOR('',#4088,5.170212149620E-1);
#4090=CARTESIAN_POINT('',(4.434240538115E0,1.9E1,8.296766458826E-1));
#4091=LINE('',#4090,#4089);
#4092=CURVE_STYLE('',#26,POSITIVE_LENGTH_MEASURE(2.E-2),#15);
#4093=PRESENTATION_STYLE_ASSIGNMENT((#4092));
#4094=STYLED_ITEM('',(#4093),#4091);
#4095=DIRECTION('',(-9.813592829135E-1,0.E0,1.921820955228E-1));
#4096=VECTOR('',#4095,2.926900410273E-1);
#4097=CARTESIAN_POINT('',(3.917219323153E0,1.9E1,8.296766458826E-1));
#4098=LINE('',#4097,#4096);
#4099=CURVE_STYLE('',#26,POSITIVE_LENGTH_MEASURE(2.E-2),#15);
#4100=PRESENTATION_STYLE_ASSIGNMENT((#4099));
#4101=STYLED_ITEM('',(#4100),#4098);
#4102=DIRECTION('',(-9.506450175458E-1,0.E0,3.102805998049E-1));
#4103=VECTOR('',#4102,1.812878643516E-1);
#4104=CARTESIAN_POINT('',(3.629985234374E0,1.9E1,8.859264313058E-1));
#4105=LINE('',#4104,#4103);
#4106=CURVE_STYLE('',#26,POSITIVE_LENGTH_MEASURE(2.E-2),#15);
#4107=PRESENTATION_STYLE_ASSIGNMENT((#4106));
#4108=STYLED_ITEM('',(#4107),#4105);
#4109=DIRECTION('',(-8.981382931841E-1,0.E0,4.397130954570E-1));
#4110=VECTOR('',#4109,2.558484017737E-1);
#4111=CARTESIAN_POINT('',(3.457644829387E0,1.9E1,9.421765385942E-1));
#4112=LINE('',#4111,#4110);
#4113=CURVE_STYLE('',#26,POSITIVE_LENGTH_MEASURE(2.E-2),#15);
#4114=PRESENTATION_STYLE_ASSIGNMENT((#4113));
#4115=STYLED_ITEM('',(#4114),#4112);
#4116=DIRECTION('',(-7.145104256249E-1,0.E0,6.996247934953E-1));
#4117=VECTOR('',#4116,2.412007143957E-1);
#4118=CARTESIAN_POINT('',(3.227857582504E0,1.9E1,1.054676431306E0));
#4119=LINE('',#4118,#4117);
#4120=CURVE_STYLE('',#26,POSITIVE_LENGTH_MEASURE(2.E-2),#15);
#4121=PRESENTATION_STYLE_ASSIGNMENT((#4120));
#4122=STYLED_ITEM('',(#4121),#4119);
#4123=DIRECTION('',(-5.224766720432E-1,0.E0,8.526535798146E-1));
#4124=VECTOR('',#4123,3.298528514217E-1);
#4125=CARTESIAN_POINT('',(3.055517157400E0,1.9E1,1.223426431306E0));
#4126=LINE('',#4125,#4124);
#4127=CURVE_STYLE('',#26,POSITIVE_LENGTH_MEASURE(2.E-2),#15);
#4128=PRESENTATION_STYLE_ASSIGNMENT((#4127));
#4129=STYLED_ITEM('',(#4128),#4126);
#4130=DIRECTION('',(-1.677993428846E-1,0.E0,9.858211706631E-1));
#4131=VECTOR('',#4130,3.423541815125E-1);
#4132=CARTESIAN_POINT('',(2.883176737326E0,1.9E1,1.504676645883E0));
#4133=LINE('',#4132,#4131);
#4134=CURVE_STYLE('',#26,POSITIVE_LENGTH_MEASURE(2.E-2),#15);
#4135=PRESENTATION_STYLE_ASSIGNMENT((#4134));
#4136=STYLED_ITEM('',(#4135),#4133);
#4137=DIRECTION('',(1.677993428846E-1,0.E0,9.858211706631E-1));
#4138=VECTOR('',#4137,3.423541815125E-1);
#4139=CARTESIAN_POINT('',(2.825729930634E0,1.9E1,1.842176645883E0));
#4140=LINE('',#4139,#4138);
#4141=CURVE_STYLE('',#26,POSITIVE_LENGTH_MEASURE(2.E-2),#15);
#4142=PRESENTATION_STYLE_ASSIGNMENT((#4141));
#4143=STYLED_ITEM('',(#4142),#4140);
#4144=DIRECTION('',(5.224771067470E-1,0.E0,8.526533134429E-1));
#4145=VECTOR('',#4144,3.298525769823E-1);
#4146=CARTESIAN_POINT('',(2.883176737326E0,1.9E1,2.179676645883E0));
#4147=LINE('',#4146,#4145);
#4148=CURVE_STYLE('',#26,POSITIVE_LENGTH_MEASURE(2.E-2),#15);
#4149=PRESENTATION_STYLE_ASSIGNMENT((#4148));
#4150=STYLED_ITEM('',(#4149),#4147);
#4151=DIRECTION('',(7.145104256249E-1,0.E0,6.996247934953E-1));
#4152=VECTOR('',#4151,2.412007143957E-1);
#4153=CARTESIAN_POINT('',(3.055517157400E0,1.9E1,2.460926538594E0));
#4154=LINE('',#4153,#4152);
#4155=CURVE_STYLE('',#26,POSITIVE_LENGTH_MEASURE(2.E-2),#15);
#4156=PRESENTATION_STYLE_ASSIGNMENT((#4155));
#4157=STYLED_ITEM('',(#4156),#4154);
#4158=DIRECTION('',(8.981377963584E-1,0.E0,4.397141102494E-1));
#4159=VECTOR('',#4158,2.558485433022E-1);
#4160=CARTESIAN_POINT('',(3.227857582504E0,1.9E1,2.629676538594E0));
#4161=LINE('',#4160,#4159);
#4162=CURVE_STYLE('',#26,POSITIVE_LENGTH_MEASURE(2.E-2),#15);
#4163=PRESENTATION_STYLE_ASSIGNMENT((#4162));
#4164=STYLED_ITEM('',(#4163),#4161);
#4165=DIRECTION('',(9.506455412394E-1,0.E0,3.102789952956E-1));
#4166=VECTOR('',#4165,1.812877644833E-1);
#4167=CARTESIAN_POINT('',(3.457644829387E0,1.9E1,2.742176753171E0));
#4168=LINE('',#4167,#4166);
#4169=CURVE_STYLE('',#26,POSITIVE_LENGTH_MEASURE(2.E-2),#15);
#4170=PRESENTATION_STYLE_ASSIGNMENT((#4169));
#4171=STYLED_ITEM('',(#4170),#4168);
#4172=DIRECTION('',(9.813592829135E-1,0.E0,1.921820955228E-1));
#4173=VECTOR('',#4172,2.926900410273E-1);
#4174=CARTESIAN_POINT('',(3.629985234374E0,1.9E1,2.798426538594E0));
#4175=LINE('',#4174,#4173);
#4176=CURVE_STYLE('',#26,POSITIVE_LENGTH_MEASURE(2.E-2),#15);
#4177=PRESENTATION_STYLE_ASSIGNMENT((#4176));
#4178=STYLED_ITEM('',(#4177),#4175);
#4179=DIRECTION('',(1.E0,0.E0,0.E0));
#4180=VECTOR('',#4179,5.170212149620E-1);
#4181=CARTESIAN_POINT('',(3.917219323153E0,1.9E1,2.854676324017E0));
#4182=LINE('',#4181,#4180);
#4183=CURVE_STYLE('',#26,POSITIVE_LENGTH_MEASURE(2.E-2),#15);
#4184=PRESENTATION_STYLE_ASSIGNMENT((#4183));
#4185=STYLED_ITEM('',(#4184),#4182);
#4186=DIRECTION('',(9.813592727596E-1,0.E0,-1.921821473726E-1));
#4187=VECTOR('',#4186,2.926899620610E-1);
#4188=CARTESIAN_POINT('',(4.434240538115E0,1.9E1,2.854676324017E0));
#4189=LINE('',#4188,#4187);
#4190=CURVE_STYLE('',#26,POSITIVE_LENGTH_MEASURE(2.E-2),#15);
#4191=PRESENTATION_STYLE_ASSIGNMENT((#4190));
#4192=STYLED_ITEM('',(#4191),#4189);
#4193=DIRECTION('',(9.506456267027E-1,0.E0,-3.102787334496E-1));
#4194=VECTOR('',#4193,1.812879174731E-1);
#4195=CARTESIAN_POINT('',(4.721474546427E0,1.9E1,2.798426538594E0));
#4196=LINE('',#4195,#4194);
#4197=CURVE_STYLE('',#26,POSITIVE_LENGTH_MEASURE(2.E-2),#15);
#4198=PRESENTATION_STYLE_ASSIGNMENT((#4197));
#4199=STYLED_ITEM('',(#4198),#4196);
#4200=DIRECTION('',(8.981377659536E-1,0.E0,-4.397141723527E-1));
#4201=VECTOR('',#4200,2.558485071673E-1);
#4202=CARTESIAN_POINT('',(4.893815112347E0,1.9E1,2.742176753171E0));
#4203=LINE('',#4202,#4201);
#4204=CURVE_STYLE('',#26,POSITIVE_LENGTH_MEASURE(2.E-2),#15);
#4205=PRESENTATION_STYLE_ASSIGNMENT((#4204));
#4206=STYLED_ITEM('',(#4205),#4203);
#4207=DIRECTION('',(7.145103848018E-1,0.E0,-6.996248351869E-1));
#4208=VECTOR('',#4207,2.412007000222E-1);
#4209=CARTESIAN_POINT('',(5.123602318997E0,1.9E1,2.629676538594E0));
#4210=LINE('',#4209,#4208);
#4211=CURVE_STYLE('',#26,POSITIVE_LENGTH_MEASURE(2.E-2),#15);
#4212=PRESENTATION_STYLE_ASSIGNMENT((#4211));
#4213=STYLED_ITEM('',(#4212),#4210);
#4214=DIRECTION('',(5.224770734933E-1,0.E0,-8.526533338197E-1));
#4215=VECTOR('',#4214,3.298525690995E-1);
#4216=CARTESIAN_POINT('',(5.295942723984E0,1.9E1,2.460926538594E0));
#4217=LINE('',#4216,#4215);
#4218=CURVE_STYLE('',#26,POSITIVE_LENGTH_MEASURE(2.E-2),#15);
#4219=PRESENTATION_STYLE_ASSIGNMENT((#4218));
#4220=STYLED_ITEM('',(#4219),#4217);
#4221=DIRECTION('',(1.677993286083E-1,0.E0,-9.858211730931E-1));
#4222=VECTOR('',#4221,3.423541806686E-1);
#4223=CARTESIAN_POINT('',(5.468283128971E0,1.9E1,2.179676645883E0));
#4224=LINE('',#4223,#4222);
#4225=CURVE_STYLE('',#26,POSITIVE_LENGTH_MEASURE(2.E-2),#15);
#4226=PRESENTATION_STYLE_ASSIGNMENT((#4225));
#4227=STYLED_ITEM('',(#4226),#4224);
#4228=DIRECTION('',(-1.677993286083E-1,0.E0,-9.858211730931E-1));
#4229=VECTOR('',#4228,3.423541806686E-1);
#4230=CARTESIAN_POINT('',(5.525729930634E0,1.9E1,1.842176645883E0));
#4231=LINE('',#4230,#4229);
#4232=CURVE_STYLE('',#26,POSITIVE_LENGTH_MEASURE(2.E-2),#15);
#4233=PRESENTATION_STYLE_ASSIGNMENT((#4232));
#4234=STYLED_ITEM('',(#4233),#4231);
#4235=DIRECTION('',(-5.224766387895E-1,0.E0,-8.526536001913E-1));
#4236=VECTOR('',#4235,3.298528435388E-1);
#4237=CARTESIAN_POINT('',(5.468283128971E0,1.9E1,1.504676645883E0));
#4238=LINE('',#4237,#4236);
#4239=CURVE_STYLE('',#26,POSITIVE_LENGTH_MEASURE(2.E-2),#15);
#4240=PRESENTATION_STYLE_ASSIGNMENT((#4239));
#4241=STYLED_ITEM('',(#4240),#4238);
#4242=DIRECTION('',(-7.145103848018E-1,0.E0,-6.996248351869E-1));
#4243=VECTOR('',#4242,2.412007000222E-1);
#4244=CARTESIAN_POINT('',(5.295942723984E0,1.9E1,1.223426431306E0));
#4245=LINE('',#4244,#4243);
#4246=CURVE_STYLE('',#26,POSITIVE_LENGTH_MEASURE(2.E-2),#15);
#4247=PRESENTATION_STYLE_ASSIGNMENT((#4246));
#4248=STYLED_ITEM('',(#4247),#4245);
#4249=DIRECTION('',(-8.981382627794E-1,0.E0,-4.397131575602E-1));
#4250=VECTOR('',#4249,2.558483656388E-1);
#4251=CARTESIAN_POINT('',(5.123602318997E0,1.9E1,1.054676431306E0));
#4252=LINE('',#4251,#4250);
#4253=CURVE_STYLE('',#26,POSITIVE_LENGTH_MEASURE(2.E-2),#15);
#4254=PRESENTATION_STYLE_ASSIGNMENT((#4253));
#4255=STYLED_ITEM('',(#4254),#4252);
#4256=DIRECTION('',(-9.506451030099E-1,0.E0,-3.102803379578E-1));
#4257=VECTOR('',#4256,1.812880173413E-1);
#4258=CARTESIAN_POINT('',(4.893815112347E0,1.9E1,9.421765385942E-1));
#4259=LINE('',#4258,#4257);
#4260=CURVE_STYLE('',#26,POSITIVE_LENGTH_MEASURE(2.E-2),#15);
#4261=PRESENTATION_STYLE_ASSIGNMENT((#4260));
#4262=STYLED_ITEM('',(#4261),#4259);
#4263=DIRECTION('',(-9.813592727596E-1,0.E0,-1.921821473726E-1));
#4264=VECTOR('',#4263,2.926899620610E-1);
#4265=CARTESIAN_POINT('',(4.721474546427E0,1.9E1,8.859264313058E-1));
#4266=LINE('',#4265,#4264);
#4267=CURVE_STYLE('',#26,POSITIVE_LENGTH_MEASURE(2.E-2),#15);
#4268=PRESENTATION_STYLE_ASSIGNMENT((#4267));
#4269=STYLED_ITEM('',(#4268),#4266);
#4270=DIRECTION('',(9.869439482880E-1,0.E0,1.610640957438E-1));
#4271=VECTOR('',#4270,3.492405121614E-1);
#4272=CARTESIAN_POINT('',(4.376793736452E0,1.9E1,1.110926538594E0));
#4273=LINE('',#4272,#4271);
#4274=CURVE_STYLE('',#26,POSITIVE_LENGTH_MEASURE(2.E-2),#15);
#4275=PRESENTATION_STYLE_ASSIGNMENT((#4274));
#4276=STYLED_ITEM('',(#4275),#4273);
#4277=DIRECTION('',(8.373794759779E-1,0.E0,5.466220021285E-1));
#4278=VECTOR('',#4277,4.116186039844E-1);
#4279=CARTESIAN_POINT('',(4.721474546427E0,1.9E1,1.167176645883E0));
#4280=LINE('',#4279,#4278);
#4281=CURVE_STYLE('',#26,POSITIVE_LENGTH_MEASURE(2.E-2),#15);
#4282=PRESENTATION_STYLE_ASSIGNMENT((#4281));
#4283=STYLED_ITEM('',(#4282),#4280);
#4284=DIRECTION('',(5.627909312417E-1,0.E0,8.265992787996E-1));
#4285=VECTOR('',#4284,2.041497063064E-1);
#4286=CARTESIAN_POINT('',(5.066155517334E0,1.9E1,1.392176431306E0));
#4287=LINE('',#4286,#4285);
#4288=CURVE_STYLE('',#26,POSITIVE_LENGTH_MEASURE(2.E-2),#15);
#4289=PRESENTATION_STYLE_ASSIGNMENT((#4288));
#4290=STYLED_ITEM('',(#4289),#4287);
#4291=DIRECTION('',(2.001232084928E-1,0.E0,9.797707392153E-1));
#4292=VECTOR('',#4291,2.870571689066E-1);
#4293=CARTESIAN_POINT('',(5.181049120659E0,1.9E1,1.560926431306E0));
#4294=LINE('',#4293,#4292);
#4295=CURVE_STYLE('',#26,POSITIVE_LENGTH_MEASURE(2.E-2),#15);
#4296=PRESENTATION_STYLE_ASSIGNMENT((#4295));
#4297=STYLED_ITEM('',(#4296),#4294);
#4298=DIRECTION('',(-2.001234283435E-1,0.E0,9.797706943097E-1));
#4299=VECTOR('',#4298,2.870568535527E-1);
#4300=CARTESIAN_POINT('',(5.238495922322E0,1.9E1,1.842176645883E0));
#4301=LINE('',#4300,#4299);
#4302=CURVE_STYLE('',#26,POSITIVE_LENGTH_MEASURE(2.E-2),#15);
#4303=PRESENTATION_STYLE_ASSIGNMENT((#4302));
#4304=STYLED_ITEM('',(#4303),#4301);
#4305=DIRECTION('',(-5.627909312417E-1,0.E0,8.265992787996E-1));
#4306=VECTOR('',#4305,2.041497063064E-1);
#4307=CARTESIAN_POINT('',(5.181049120659E0,1.9E1,2.123426538594E0));
#4308=LINE('',#4307,#4306);
#4309=CURVE_STYLE('',#26,POSITIVE_LENGTH_MEASURE(2.E-2),#15);
#4310=PRESENTATION_STYLE_ASSIGNMENT((#4309));
#4311=STYLED_ITEM('',(#4310),#4308);
#4312=DIRECTION('',(-8.373791180560E-1,0.E0,5.466225504348E-1));
#4313=VECTOR('',#4312,4.116187799230E-1);
#4314=CARTESIAN_POINT('',(5.066155517334E0,1.9E1,2.292176538594E0));
#4315=LINE('',#4314,#4313);
#4316=CURVE_STYLE('',#26,POSITIVE_LENGTH_MEASURE(2.E-2),#15);
#4317=PRESENTATION_STYLE_ASSIGNMENT((#4316));
#4318=STYLED_ITEM('',(#4317),#4315);
#4319=DIRECTION('',(-9.869440947885E-1,0.E0,1.610631980374E-1));
#4320=VECTOR('',#4319,3.492404603206E-1);
#4321=CARTESIAN_POINT('',(4.721474546427E0,1.9E1,2.517176645883E0));
#4322=LINE('',#4321,#4320);
#4323=CURVE_STYLE('',#26,POSITIVE_LENGTH_MEASURE(2.E-2),#15);
#4324=PRESENTATION_STYLE_ASSIGNMENT((#4323));
#4325=STYLED_ITEM('',(#4324),#4322);
#4326=DIRECTION('',(-1.E0,0.E0,0.E0));
#4327=VECTOR('',#4326,4.021276116371E-1);
#4328=CARTESIAN_POINT('',(4.376793736452E0,1.9E1,2.573426431306E0));
#4329=LINE('',#4328,#4327);
#4330=CURVE_STYLE('',#26,POSITIVE_LENGTH_MEASURE(2.E-2),#15);
#4331=PRESENTATION_STYLE_ASSIGNMENT((#4330));
#4332=STYLED_ITEM('',(#4331),#4329);
#4333=DIRECTION('',(-9.869441007655E-1,0.E0,-1.610631614123E-1));
#4334=VECTOR('',#4333,3.492405397363E-1);
#4335=CARTESIAN_POINT('',(3.974666124815E0,1.9E1,2.573426431306E0));
#4336=LINE('',#4335,#4334);
#4337=CURVE_STYLE('',#26,POSITIVE_LENGTH_MEASURE(2.E-2),#15);
#4338=PRESENTATION_STYLE_ASSIGNMENT((#4337));
#4339=STYLED_ITEM('',(#4338),#4336);
#4340=DIRECTION('',(-8.373790304396E-1,0.E0,-5.466226846555E-1));
#4341=VECTOR('',#4340,4.116186788519E-1);
#4342=CARTESIAN_POINT('',(3.629985234374E0,1.9E1,2.517176645883E0));
#4343=LINE('',#4342,#4341);
#4344=CURVE_STYLE('',#26,POSITIVE_LENGTH_MEASURE(2.E-2),#15);
#4345=PRESENTATION_STYLE_ASSIGNMENT((#4344));
#4346=STYLED_ITEM('',(#4345),#4343);
#4347=DIRECTION('',(-5.627909312417E-1,0.E0,-8.265992787996E-1));
#4348=VECTOR('',#4347,2.041497063064E-1);
#4349=CARTESIAN_POINT('',(3.285304384167E0,1.9E1,2.292176538594E0));
#4350=LINE('',#4349,#4348);
#4351=CURVE_STYLE('',#26,POSITIVE_LENGTH_MEASURE(2.E-2),#15);
#4352=PRESENTATION_STYLE_ASSIGNMENT((#4351));
#4353=STYLED_ITEM('',(#4352),#4350);
#4354=DIRECTION('',(-2.001234283435E-1,0.E0,-9.797706943097E-1));
#4355=VECTOR('',#4354,2.870568535527E-1);
#4356=CARTESIAN_POINT('',(3.170410780842E0,1.9E1,2.123426538594E0));
#4357=LINE('',#4356,#4355);
#4358=CURVE_STYLE('',#26,POSITIVE_LENGTH_MEASURE(2.E-2),#15);
#4359=PRESENTATION_STYLE_ASSIGNMENT((#4358));
#4360=STYLED_ITEM('',(#4359),#4357);
#4361=DIRECTION('',(2.001232084928E-1,0.E0,-9.797707392153E-1));
#4362=VECTOR('',#4361,2.870571689066E-1);
#4363=CARTESIAN_POINT('',(3.112963979179E0,1.9E1,1.842176645883E0));
#4364=LINE('',#4363,#4362);
#4365=CURVE_STYLE('',#26,POSITIVE_LENGTH_MEASURE(2.E-2),#15);
#4366=PRESENTATION_STYLE_ASSIGNMENT((#4365));
#4367=STYLED_ITEM('',(#4366),#4364);
#4368=DIRECTION('',(5.627909312417E-1,0.E0,-8.265992787996E-1));
#4369=VECTOR('',#4368,2.041497063064E-1);
#4370=CARTESIAN_POINT('',(3.170410780842E0,1.9E1,1.560926431306E0));
#4371=LINE('',#4370,#4369);
#4372=CURVE_STYLE('',#26,POSITIVE_LENGTH_MEASURE(2.E-2),#15);
#4373=PRESENTATION_STYLE_ASSIGNMENT((#4372));
#4374=STYLED_ITEM('',(#4373),#4371);
#4375=DIRECTION('',(8.373793883617E-1,0.E0,-5.466221363492E-1));
#4376=VECTOR('',#4375,4.116185029132E-1);
#4377=CARTESIAN_POINT('',(3.285304384167E0,1.9E1,1.392176431306E0));
#4378=LINE('',#4377,#4376);
#4379=CURVE_STYLE('',#26,POSITIVE_LENGTH_MEASURE(2.E-2),#15);
#4380=PRESENTATION_STYLE_ASSIGNMENT((#4379));
#4381=STYLED_ITEM('',(#4380),#4378);
#4382=DIRECTION('',(9.869439542650E-1,0.E0,-1.610640591185E-1));
#4383=VECTOR('',#4382,3.492405915771E-1);
#4384=CARTESIAN_POINT('',(3.629985234374E0,1.9E1,1.167176645883E0));
#4385=LINE('',#4384,#4383);
#4386=CURVE_STYLE('',#26,POSITIVE_LENGTH_MEASURE(2.E-2),#15);
#4387=PRESENTATION_STYLE_ASSIGNMENT((#4386));
#4388=STYLED_ITEM('',(#4387),#4385);
#4389=DIRECTION('',(1.E0,0.E0,0.E0));
#4390=VECTOR('',#4389,4.021276116371E-1);
#4391=CARTESIAN_POINT('',(3.974666124815E0,1.9E1,1.110926538594E0));
#4392=LINE('',#4391,#4390);
#4393=CURVE_STYLE('',#26,POSITIVE_LENGTH_MEASURE(2.E-2),#15);
#4394=PRESENTATION_STYLE_ASSIGNMENT((#4393));
#4395=STYLED_ITEM('',(#4394),#4392);
#4396=DIRECTION('',(-1.E0,0.E0,0.E0));
#4397=VECTOR('',#4396,5.170212149620E-1);
#4398=CARTESIAN_POINT('',(4.434240538115E0,1.9E1,3.304676538594E0));
#4399=LINE('',#4398,#4397);
#4400=CURVE_STYLE('',#26,POSITIVE_LENGTH_MEASURE(2.E-2),#15);
#4401=PRESENTATION_STYLE_ASSIGNMENT((#4400));
#4402=STYLED_ITEM('',(#4401),#4399);
#4403=DIRECTION('',(-9.813592829135E-1,0.E0,1.921820955228E-1));
#4404=VECTOR('',#4403,2.926900410273E-1);
#4405=CARTESIAN_POINT('',(3.917219323153E0,1.9E1,3.304676538594E0));
#4406=LINE('',#4405,#4404);
#4407=CURVE_STYLE('',#26,POSITIVE_LENGTH_MEASURE(2.E-2),#15);
#4408=PRESENTATION_STYLE_ASSIGNMENT((#4407));
#4409=STYLED_ITEM('',(#4408),#4406);
#4410=DIRECTION('',(-9.506444938501E-1,0.E0,3.102822043116E-1));
#4411=VECTOR('',#4410,1.812879642203E-1);
#4412=CARTESIAN_POINT('',(3.629985234374E0,1.9E1,3.360926324017E0));
#4413=LINE('',#4412,#4411);
#4414=CURVE_STYLE('',#26,POSITIVE_LENGTH_MEASURE(2.E-2),#15);
#4415=PRESENTATION_STYLE_ASSIGNMENT((#4414));
#4416=STYLED_ITEM('',(#4415),#4413);
#4417=DIRECTION('',(-8.981387900092E-1,0.E0,4.397120806629E-1));
#4418=VECTOR('',#4417,2.558482602456E-1);
#4419=CARTESIAN_POINT('',(3.457644829387E0,1.9E1,3.417176753171E0));
#4420=LINE('',#4419,#4418);
#4421=CURVE_STYLE('',#26,POSITIVE_LENGTH_MEASURE(2.E-2),#15);
#4422=PRESENTATION_STYLE_ASSIGNMENT((#4421));
#4423=STYLED_ITEM('',(#4422),#4420);
#4424=DIRECTION('',(-7.145104256249E-1,0.E0,6.996247934953E-1));
#4425=VECTOR('',#4424,2.412007143957E-1);
#4426=CARTESIAN_POINT('',(3.227857582504E0,1.9E1,3.529676324017E0));
#4427=LINE('',#4426,#4425);
#4428=CURVE_STYLE('',#26,POSITIVE_LENGTH_MEASURE(2.E-2),#15);
#4429=PRESENTATION_STYLE_ASSIGNMENT((#4428));
#4430=STYLED_ITEM('',(#4429),#4427);
#4431=DIRECTION('',(-5.224766720432E-1,0.E0,8.526535798146E-1));
#4432=VECTOR('',#4431,3.298528514217E-1);
#4433=CARTESIAN_POINT('',(3.055517157400E0,1.9E1,3.698426324017E0));
#4434=LINE('',#4433,#4432);
#4435=CURVE_STYLE('',#26,POSITIVE_LENGTH_MEASURE(2.E-2),#15);
#4436=PRESENTATION_STYLE_ASSIGNMENT((#4435));
#4437=STYLED_ITEM('',(#4436),#4434);
#4438=DIRECTION('',(-1.677993428846E-1,0.E0,9.858211706631E-1));
#4439=VECTOR('',#4438,3.423541815125E-1);
#4440=CARTESIAN_POINT('',(2.883176737326E0,1.9E1,3.979676538594E0));
#4441=LINE('',#4440,#4439);
#4442=CURVE_STYLE('',#26,POSITIVE_LENGTH_MEASURE(2.E-2),#15);
#4443=PRESENTATION_STYLE_ASSIGNMENT((#4442));
#4444=STYLED_ITEM('',(#4443),#4441);
#4445=DIRECTION('',(1.677993428846E-1,0.E0,9.858211706631E-1));
#4446=VECTOR('',#4445,3.423541815125E-1);
#4447=CARTESIAN_POINT('',(2.825729930634E0,1.9E1,4.317176538594E0));
#4448=LINE('',#4447,#4446);
#4449=CURVE_STYLE('',#26,POSITIVE_LENGTH_MEASURE(2.E-2),#15);
#4450=PRESENTATION_STYLE_ASSIGNMENT((#4449));
#4451=STYLED_ITEM('',(#4450),#4448);
#4452=DIRECTION('',(5.224766720432E-1,0.E0,8.526535798146E-1));
#4453=VECTOR('',#4452,3.298528514217E-1);
#4454=CARTESIAN_POINT('',(2.883176737326E0,1.9E1,4.654676538594E0));
#4455=LINE('',#4454,#4453);
#4456=CURVE_STYLE('',#26,POSITIVE_LENGTH_MEASURE(2.E-2),#15);
#4457=PRESENTATION_STYLE_ASSIGNMENT((#4456));
#4458=STYLED_ITEM('',(#4457),#4455);
#4459=DIRECTION('',(7.145104256249E-1,0.E0,6.996247934953E-1));
#4460=VECTOR('',#4459,2.412007143957E-1);
#4461=CARTESIAN_POINT('',(3.055517157400E0,1.9E1,4.935926753171E0));
#4462=LINE('',#4461,#4460);
#4463=CURVE_STYLE('',#26,POSITIVE_LENGTH_MEASURE(2.E-2),#15);
#4464=PRESENTATION_STYLE_ASSIGNMENT((#4463));
#4465=STYLED_ITEM('',(#4464),#4462);
#4466=DIRECTION('',(8.981387900092E-1,0.E0,4.397120806629E-1));
#4467=VECTOR('',#4466,2.558482602456E-1);
#4468=CARTESIAN_POINT('',(3.227857582504E0,1.9E1,5.104676753171E0));
#4469=LINE('',#4468,#4467);
#4470=CURVE_STYLE('',#26,POSITIVE_LENGTH_MEASURE(2.E-2),#15);
#4471=PRESENTATION_STYLE_ASSIGNMENT((#4470));
#4472=STYLED_ITEM('',(#4471),#4469);
#4473=DIRECTION('',(9.506444938501E-1,0.E0,3.102822043116E-1));
#4474=VECTOR('',#4473,1.812879642203E-1);
#4475=CARTESIAN_POINT('',(3.457644829387E0,1.9E1,5.217176324017E0));
#4476=LINE('',#4475,#4474);
#4477=CURVE_STYLE('',#26,POSITIVE_LENGTH_MEASURE(2.E-2),#15);
#4478=PRESENTATION_STYLE_ASSIGNMENT((#4477));
#4479=STYLED_ITEM('',(#4478),#4476);
#4480=DIRECTION('',(9.813592829135E-1,0.E0,1.921820955228E-1));
#4481=VECTOR('',#4480,2.926900410273E-1);
#4482=CARTESIAN_POINT('',(3.629985234374E0,1.9E1,5.273426753171E0));
#4483=LINE('',#4482,#4481);
#4484=CURVE_STYLE('',#26,POSITIVE_LENGTH_MEASURE(2.E-2),#15);
#4485=PRESENTATION_STYLE_ASSIGNMENT((#4484));
#4486=STYLED_ITEM('',(#4485),#4483);
#4487=DIRECTION('',(1.E0,0.E0,0.E0));
#4488=VECTOR('',#4487,5.170212149620E-1);
#4489=CARTESIAN_POINT('',(3.917219323153E0,1.9E1,5.329676538594E0));
#4490=LINE('',#4489,#4488);
#4491=CURVE_STYLE('',#26,POSITIVE_LENGTH_MEASURE(2.E-2),#15);
#4492=PRESENTATION_STYLE_ASSIGNMENT((#4491));
#4493=STYLED_ITEM('',(#4492),#4490);
#4494=DIRECTION('',(9.813592727596E-1,0.E0,-1.921821473726E-1));
#4495=VECTOR('',#4494,2.926899620610E-1);
#4496=CARTESIAN_POINT('',(4.434240538115E0,1.9E1,5.329676538594E0));
#4497=LINE('',#4496,#4495);
#4498=CURVE_STYLE('',#26,POSITIVE_LENGTH_MEASURE(2.E-2),#15);
#4499=PRESENTATION_STYLE_ASSIGNMENT((#4498));
#4500=STYLED_ITEM('',(#4499),#4497);
#4501=DIRECTION('',(9.506445793151E-1,0.E0,-3.102819424634E-1));
#4502=VECTOR('',#4501,1.812881172100E-1);
#4503=CARTESIAN_POINT('',(4.721474546427E0,1.9E1,5.273426753171E0));
#4504=LINE('',#4503,#4502);
#4505=CURVE_STYLE('',#26,POSITIVE_LENGTH_MEASURE(2.E-2),#15);
#4506=PRESENTATION_STYLE_ASSIGNMENT((#4505));
#4507=STYLED_ITEM('',(#4506),#4504);
#4508=DIRECTION('',(8.981387596046E-1,0.E0,-4.397121427660E-1));
#4509=VECTOR('',#4508,2.558482241106E-1);
#4510=CARTESIAN_POINT('',(4.893815112347E0,1.9E1,5.217176324017E0));
#4511=LINE('',#4510,#4509);
#4512=CURVE_STYLE('',#26,POSITIVE_LENGTH_MEASURE(2.E-2),#15);
#4513=PRESENTATION_STYLE_ASSIGNMENT((#4512));
#4514=STYLED_ITEM('',(#4513),#4511);
#4515=DIRECTION('',(7.145103848018E-1,0.E0,-6.996248351869E-1));
#4516=VECTOR('',#4515,2.412007000222E-1);
#4517=CARTESIAN_POINT('',(5.123602318997E0,1.9E1,5.104676753171E0));
#4518=LINE('',#4517,#4516);
#4519=CURVE_STYLE('',#26,POSITIVE_LENGTH_MEASURE(2.E-2),#15);
#4520=PRESENTATION_STYLE_ASSIGNMENT((#4519));
#4521=STYLED_ITEM('',(#4520),#4518);
#4522=DIRECTION('',(5.224766387895E-1,0.E0,-8.526536001913E-1));
#4523=VECTOR('',#4522,3.298528435388E-1);
#4524=CARTESIAN_POINT('',(5.295942723984E0,1.9E1,4.935926753171E0));
#4525=LINE('',#4524,#4523);
#4526=CURVE_STYLE('',#26,POSITIVE_LENGTH_MEASURE(2.E-2),#15);
#4527=PRESENTATION_STYLE_ASSIGNMENT((#4526));
#4528=STYLED_ITEM('',(#4527),#4525);
#4529=DIRECTION('',(1.677993286083E-1,0.E0,-9.858211730931E-1));
#4530=VECTOR('',#4529,3.423541806686E-1);
#4531=CARTESIAN_POINT('',(5.468283128971E0,1.9E1,4.654676538594E0));
#4532=LINE('',#4531,#4530);
#4533=CURVE_STYLE('',#26,POSITIVE_LENGTH_MEASURE(2.E-2),#15);
#4534=PRESENTATION_STYLE_ASSIGNMENT((#4533));
#4535=STYLED_ITEM('',(#4534),#4532);
#4536=DIRECTION('',(-1.677993286083E-1,0.E0,-9.858211730931E-1));
#4537=VECTOR('',#4536,3.423541806686E-1);
#4538=CARTESIAN_POINT('',(5.525729930634E0,1.9E1,4.317176538594E0));
#4539=LINE('',#4538,#4537);
#4540=CURVE_STYLE('',#26,POSITIVE_LENGTH_MEASURE(2.E-2),#15);
#4541=PRESENTATION_STYLE_ASSIGNMENT((#4540));
#4542=STYLED_ITEM('',(#4541),#4539);
#4543=DIRECTION('',(-5.224766387895E-1,0.E0,-8.526536001913E-1));
#4544=VECTOR('',#4543,3.298528435388E-1);
#4545=CARTESIAN_POINT('',(5.468283128971E0,1.9E1,3.979676538594E0));
#4546=LINE('',#4545,#4544);
#4547=CURVE_STYLE('',#26,POSITIVE_LENGTH_MEASURE(2.E-2),#15);
#4548=PRESENTATION_STYLE_ASSIGNMENT((#4547));
#4549=STYLED_ITEM('',(#4548),#4546);
#4550=DIRECTION('',(-7.145103848018E-1,0.E0,-6.996248351869E-1));
#4551=VECTOR('',#4550,2.412007000222E-1);
#4552=CARTESIAN_POINT('',(5.295942723984E0,1.9E1,3.698426324017E0));
#4553=LINE('',#4552,#4551);
#4554=CURVE_STYLE('',#26,POSITIVE_LENGTH_MEASURE(2.E-2),#15);
#4555=PRESENTATION_STYLE_ASSIGNMENT((#4554));
#4556=STYLED_ITEM('',(#4555),#4553);
#4557=DIRECTION('',(-8.981387596046E-1,0.E0,-4.397121427660E-1));
#4558=VECTOR('',#4557,2.558482241106E-1);
#4559=CARTESIAN_POINT('',(5.123602318997E0,1.9E1,3.529676324017E0));
#4560=LINE('',#4559,#4558);
#4561=CURVE_STYLE('',#26,POSITIVE_LENGTH_MEASURE(2.E-2),#15);
#4562=PRESENTATION_STYLE_ASSIGNMENT((#4561));
#4563=STYLED_ITEM('',(#4562),#4560);
#4564=DIRECTION('',(-9.506445793151E-1,0.E0,-3.102819424634E-1));
#4565=VECTOR('',#4564,1.812881172100E-1);
#4566=CARTESIAN_POINT('',(4.893815112347E0,1.9E1,3.417176753171E0));
#4567=LINE('',#4566,#4565);
#4568=CURVE_STYLE('',#26,POSITIVE_LENGTH_MEASURE(2.E-2),#15);
#4569=PRESENTATION_STYLE_ASSIGNMENT((#4568));
#4570=STYLED_ITEM('',(#4569),#4567);
#4571=DIRECTION('',(-9.813592727596E-1,0.E0,-1.921821473726E-1));
#4572=VECTOR('',#4571,2.926899620610E-1);
#4573=CARTESIAN_POINT('',(4.721474546427E0,1.9E1,3.360926324017E0));
#4574=LINE('',#4573,#4572);
#4575=CURVE_STYLE('',#26,POSITIVE_LENGTH_MEASURE(2.E-2),#15);
#4576=PRESENTATION_STYLE_ASSIGNMENT((#4575));
#4577=STYLED_ITEM('',(#4576),#4574);
#4578=DIRECTION('',(9.869440947885E-1,0.E0,1.610631980374E-1));
#4579=VECTOR('',#4578,3.492404603206E-1);
#4580=CARTESIAN_POINT('',(4.376793736452E0,1.9E1,3.585926753171E0));
#4581=LINE('',#4580,#4579);
#4582=CURVE_STYLE('',#26,POSITIVE_LENGTH_MEASURE(2.E-2),#15);
#4583=PRESENTATION_STYLE_ASSIGNMENT((#4582));
#4584=STYLED_ITEM('',(#4583),#4581);
#4585=DIRECTION('',(8.373794759779E-1,0.E0,5.466220021285E-1));
#4586=VECTOR('',#4585,4.116186039844E-1);
#4587=CARTESIAN_POINT('',(4.721474546427E0,1.9E1,3.642176538594E0));
#4588=LINE('',#4587,#4586);
#4589=CURVE_STYLE('',#26,POSITIVE_LENGTH_MEASURE(2.E-2),#15);
#4590=PRESENTATION_STYLE_ASSIGNMENT((#4589));
#4591=STYLED_ITEM('',(#4590),#4588);
#4592=DIRECTION('',(5.627909312417E-1,0.E0,8.265992787996E-1));
#4593=VECTOR('',#4592,2.041497063064E-1);
#4594=CARTESIAN_POINT('',(5.066155517334E0,1.9E1,3.867176324017E0));
#4595=LINE('',#4594,#4593);
#4596=CURVE_STYLE('',#26,POSITIVE_LENGTH_MEASURE(2.E-2),#15);
#4597=PRESENTATION_STYLE_ASSIGNMENT((#4596));
#4598=STYLED_ITEM('',(#4597),#4595);
#4599=DIRECTION('',(2.001232084928E-1,0.E0,9.797707392153E-1));
#4600=VECTOR('',#4599,2.870571689066E-1);
#4601=CARTESIAN_POINT('',(5.181049120659E0,1.9E1,4.035926324017E0));
#4602=LINE('',#4601,#4600);
#4603=CURVE_STYLE('',#26,POSITIVE_LENGTH_MEASURE(2.E-2),#15);
#4604=PRESENTATION_STYLE_ASSIGNMENT((#4603));
#4605=STYLED_ITEM('',(#4604),#4602);
#4606=DIRECTION('',(-2.001232084928E-1,0.E0,9.797707392153E-1));
#4607=VECTOR('',#4606,2.870571689066E-1);
#4608=CARTESIAN_POINT('',(5.238495922322E0,1.9E1,4.317176538594E0));
#4609=LINE('',#4608,#4607);
#4610=CURVE_STYLE('',#26,POSITIVE_LENGTH_MEASURE(2.E-2),#15);
#4611=PRESENTATION_STYLE_ASSIGNMENT((#4610));
#4612=STYLED_ITEM('',(#4611),#4609);
#4613=DIRECTION('',(-5.627909312417E-1,0.E0,8.265992787996E-1));
#4614=VECTOR('',#4613,2.041497063064E-1);
#4615=CARTESIAN_POINT('',(5.181049120659E0,1.9E1,4.598426753171E0));
#4616=LINE('',#4615,#4614);
#4617=CURVE_STYLE('',#26,POSITIVE_LENGTH_MEASURE(2.E-2),#15);
#4618=PRESENTATION_STYLE_ASSIGNMENT((#4617));
#4619=STYLED_ITEM('',(#4618),#4616);
#4620=DIRECTION('',(-8.373794759779E-1,0.E0,5.466220021285E-1));
#4621=VECTOR('',#4620,4.116186039844E-1);
#4622=CARTESIAN_POINT('',(5.066155517334E0,1.9E1,4.767176753171E0));
#4623=LINE('',#4622,#4621);
#4624=CURVE_STYLE('',#26,POSITIVE_LENGTH_MEASURE(2.E-2),#15);
#4625=PRESENTATION_STYLE_ASSIGNMENT((#4624));
#4626=STYLED_ITEM('',(#4625),#4623);
#4627=DIRECTION('',(-9.869440947885E-1,0.E0,1.610631980374E-1));
#4628=VECTOR('',#4627,3.492404603206E-1);
#4629=CARTESIAN_POINT('',(4.721474546427E0,1.9E1,4.992176538594E0));
#4630=LINE('',#4629,#4628);
#4631=CURVE_STYLE('',#26,POSITIVE_LENGTH_MEASURE(2.E-2),#15);
#4632=PRESENTATION_STYLE_ASSIGNMENT((#4631));
#4633=STYLED_ITEM('',(#4632),#4630);
#4634=DIRECTION('',(-1.E0,0.E0,0.E0));
#4635=VECTOR('',#4634,4.021276116371E-1);
#4636=CARTESIAN_POINT('',(4.376793736452E0,1.9E1,5.048426324017E0));
#4637=LINE('',#4636,#4635);
#4638=CURVE_STYLE('',#26,POSITIVE_LENGTH_MEASURE(2.E-2),#15);
#4639=PRESENTATION_STYLE_ASSIGNMENT((#4638));
#4640=STYLED_ITEM('',(#4639),#4637);
#4641=DIRECTION('',(-9.869441007655E-1,0.E0,-1.610631614123E-1));
#4642=VECTOR('',#4641,3.492405397363E-1);
#4643=CARTESIAN_POINT('',(3.974666124815E0,1.9E1,5.048426324017E0));
#4644=LINE('',#4643,#4642);
#4645=CURVE_STYLE('',#26,POSITIVE_LENGTH_MEASURE(2.E-2),#15);
#4646=PRESENTATION_STYLE_ASSIGNMENT((#4645));
#4647=STYLED_ITEM('',(#4646),#4644);
#4648=DIRECTION('',(-8.373793883617E-1,0.E0,-5.466221363492E-1));
#4649=VECTOR('',#4648,4.116185029132E-1);
#4650=CARTESIAN_POINT('',(3.629985234374E0,1.9E1,4.992176538594E0));
#4651=LINE('',#4650,#4649);
#4652=CURVE_STYLE('',#26,POSITIVE_LENGTH_MEASURE(2.E-2),#15);
#4653=PRESENTATION_STYLE_ASSIGNMENT((#4652));
#4654=STYLED_ITEM('',(#4653),#4651);
#4655=DIRECTION('',(-5.627909312417E-1,0.E0,-8.265992787996E-1));
#4656=VECTOR('',#4655,2.041497063064E-1);
#4657=CARTESIAN_POINT('',(3.285304384167E0,1.9E1,4.767176753171E0));
#4658=LINE('',#4657,#4656);
#4659=CURVE_STYLE('',#26,POSITIVE_LENGTH_MEASURE(2.E-2),#15);
#4660=PRESENTATION_STYLE_ASSIGNMENT((#4659));
#4661=STYLED_ITEM('',(#4660),#4658);
#4662=DIRECTION('',(-2.001232084928E-1,0.E0,-9.797707392153E-1));
#4663=VECTOR('',#4662,2.870571689066E-1);
#4664=CARTESIAN_POINT('',(3.170410780842E0,1.9E1,4.598426753171E0));
#4665=LINE('',#4664,#4663);
#4666=CURVE_STYLE('',#26,POSITIVE_LENGTH_MEASURE(2.E-2),#15);
#4667=PRESENTATION_STYLE_ASSIGNMENT((#4666));
#4668=STYLED_ITEM('',(#4667),#4665);
#4669=DIRECTION('',(2.001232084928E-1,0.E0,-9.797707392153E-1));
#4670=VECTOR('',#4669,2.870571689066E-1);
#4671=CARTESIAN_POINT('',(3.112963979179E0,1.9E1,4.317176538594E0));
#4672=LINE('',#4671,#4670);
#4673=CURVE_STYLE('',#26,POSITIVE_LENGTH_MEASURE(2.E-2),#15);
#4674=PRESENTATION_STYLE_ASSIGNMENT((#4673));
#4675=STYLED_ITEM('',(#4674),#4672);
#4676=DIRECTION('',(5.627909312417E-1,0.E0,-8.265992787996E-1));
#4677=VECTOR('',#4676,2.041497063064E-1);
#4678=CARTESIAN_POINT('',(3.170410780842E0,1.9E1,4.035926324017E0));
#4679=LINE('',#4678,#4677);
#4680=CURVE_STYLE('',#26,POSITIVE_LENGTH_MEASURE(2.E-2),#15);
#4681=PRESENTATION_STYLE_ASSIGNMENT((#4680));
#4682=STYLED_ITEM('',(#4681),#4679);
#4683=DIRECTION('',(8.373793883617E-1,0.E0,-5.466221363492E-1));
#4684=VECTOR('',#4683,4.116185029132E-1);
#4685=CARTESIAN_POINT('',(3.285304384167E0,1.9E1,3.867176324017E0));
#4686=LINE('',#4685,#4684);
#4687=CURVE_STYLE('',#26,POSITIVE_LENGTH_MEASURE(2.E-2),#15);
#4688=PRESENTATION_STYLE_ASSIGNMENT((#4687));
#4689=STYLED_ITEM('',(#4688),#4686);
#4690=DIRECTION('',(9.869441007655E-1,0.E0,-1.610631614123E-1));
#4691=VECTOR('',#4690,3.492405397363E-1);
#4692=CARTESIAN_POINT('',(3.629985234374E0,1.9E1,3.642176538594E0));
#4693=LINE('',#4692,#4691);
#4694=CURVE_STYLE('',#26,POSITIVE_LENGTH_MEASURE(2.E-2),#15);
#4695=PRESENTATION_STYLE_ASSIGNMENT((#4694));
#4696=STYLED_ITEM('',(#4695),#4693);
#4697=DIRECTION('',(1.E0,0.E0,0.E0));
#4698=VECTOR('',#4697,4.021276116371E-1);
#4699=CARTESIAN_POINT('',(3.974666124815E0,1.9E1,3.585926753171E0));
#4700=LINE('',#4699,#4698);
#4701=CURVE_STYLE('',#26,POSITIVE_LENGTH_MEASURE(2.E-2),#15);
#4702=PRESENTATION_STYLE_ASSIGNMENT((#4701));
#4703=STYLED_ITEM('',(#4702),#4700);
#4704=DIRECTION('',(9.869440947885E-1,0.E0,1.610631980374E-1));
#4705=VECTOR('',#4704,3.492404603206E-1);
#4706=CARTESIAN_POINT('',(4.983408904844E-1,1.9E1,-1.407335411744E-2));
#4707=LINE('',#4706,#4705);
#4708=CURVE_STYLE('',#26,POSITIVE_LENGTH_MEASURE(2.E-2),#15);
#4709=PRESENTATION_STYLE_ASSIGNMENT((#4708));
#4710=STYLED_ITEM('',(#4709),#4707);
#4711=DIRECTION('',(8.373791180560E-1,0.E0,5.466225504348E-1));
#4712=VECTOR('',#4711,4.116187799230E-1);
#4713=CARTESIAN_POINT('',(8.430217004590E-1,1.9E1,4.217643130584E-2));
#4714=LINE('',#4713,#4712);
#4715=CURVE_STYLE('',#26,POSITIVE_LENGTH_MEASURE(2.E-2),#15);
#4716=PRESENTATION_STYLE_ASSIGNMENT((#4715));
#4717=STYLED_ITEM('',(#4716),#4714);
#4718=DIRECTION('',(5.627909312417E-1,0.E0,8.265992787996E-1));
#4719=VECTOR('',#4718,2.041497063064E-1);
#4720=CARTESIAN_POINT('',(1.187702671366E0,1.9E1,2.671765385942E-1));
#4721=LINE('',#4720,#4719);
#4722=CURVE_STYLE('',#26,POSITIVE_LENGTH_MEASURE(2.E-2),#15);
#4723=PRESENTATION_STYLE_ASSIGNMENT((#4722));
#4724=STYLED_ITEM('',(#4723),#4721);
#4725=DIRECTION('',(2.001234283435E-1,0.E0,9.797706943097E-1));
#4726=VECTOR('',#4725,2.870568535527E-1);
#4727=CARTESIAN_POINT('',(1.302596274691E0,1.9E1,4.359265385942E-1));
#4728=LINE('',#4727,#4726);
#4729=CURVE_STYLE('',#26,POSITIVE_LENGTH_MEASURE(2.E-2),#15);
#4730=PRESENTATION_STYLE_ASSIGNMENT((#4729));
#4731=STYLED_ITEM('',(#4730),#4728);
#4732=DIRECTION('',(-2.001232084928E-1,0.E0,9.797707392153E-1));
#4733=VECTOR('',#4732,2.870571689066E-1);
#4734=CARTESIAN_POINT('',(1.360043076354E0,1.9E1,7.171764313058E-1));
#4735=LINE('',#4734,#4733);
#4736=CURVE_STYLE('',#26,POSITIVE_LENGTH_MEASURE(2.E-2),#15);
#4737=PRESENTATION_STYLE_ASSIGNMENT((#4736));
#4738=STYLED_ITEM('',(#4737),#4735);
#4739=DIRECTION('',(-5.627909312417E-1,0.E0,8.265992787996E-1));
#4740=VECTOR('',#4739,2.041497063064E-1);
#4741=CARTESIAN_POINT('',(1.302596274691E0,1.9E1,9.984266458826E-1));
#4742=LINE('',#4741,#4740);
#4743=CURVE_STYLE('',#26,POSITIVE_LENGTH_MEASURE(2.E-2),#15);
#4744=PRESENTATION_STYLE_ASSIGNMENT((#4743));
#4745=STYLED_ITEM('',(#4744),#4742);
#4746=DIRECTION('',(-8.373794759779E-1,0.E0,5.466220021285E-1));
#4747=VECTOR('',#4746,4.116186039844E-1);
#4748=CARTESIAN_POINT('',(1.187702671366E0,1.9E1,1.167176645883E0));
#4749=LINE('',#4748,#4747);
#4750=CURVE_STYLE('',#26,POSITIVE_LENGTH_MEASURE(2.E-2),#15);
#4751=PRESENTATION_STYLE_ASSIGNMENT((#4750));
#4752=STYLED_ITEM('',(#4751),#4749);
#4753=DIRECTION('',(-9.869439482880E-1,0.E0,1.610640957438E-1));
#4754=VECTOR('',#4753,3.492405121614E-1);
#4755=CARTESIAN_POINT('',(8.430217004590E-1,1.9E1,1.392176431306E0));
#4756=LINE('',#4755,#4754);
#4757=CURVE_STYLE('',#26,POSITIVE_LENGTH_MEASURE(2.E-2),#15);
#4758=PRESENTATION_STYLE_ASSIGNMENT((#4757));
#4759=STYLED_ITEM('',(#4758),#4756);
#4760=DIRECTION('',(-1.E0,0.E0,0.E0));
#4761=VECTOR('',#4760,4.021276116371E-1);
#4762=CARTESIAN_POINT('',(4.983408904844E-1,1.9E1,1.448426538594E0));
#4763=LINE('',#4762,#4761);
#4764=CURVE_STYLE('',#26,POSITIVE_LENGTH_MEASURE(2.E-2),#15);
#4765=PRESENTATION_STYLE_ASSIGNMENT((#4764));
#4766=STYLED_ITEM('',(#4765),#4763);
#4767=DIRECTION('',(-9.869439542650E-1,0.E0,-1.610640591185E-1));
#4768=VECTOR('',#4767,3.492405915771E-1);
#4769=CARTESIAN_POINT('',(9.621327884724E-2,1.9E1,1.448426538594E0));
#4770=LINE('',#4769,#4768);
#4771=CURVE_STYLE('',#26,POSITIVE_LENGTH_MEASURE(2.E-2),#15);
#4772=PRESENTATION_STYLE_ASSIGNMENT((#4771));
#4773=STYLED_ITEM('',(#4772),#4770);
#4774=DIRECTION('',(-8.373793883617E-1,0.E0,-5.466221363492E-1));
#4775=VECTOR('',#4774,4.116185029132E-1);
#4776=CARTESIAN_POINT('',(-2.484676115937E-1,1.9E1,1.392176431306E0));
#4777=LINE('',#4776,#4775);
#4778=CURVE_STYLE('',#26,POSITIVE_LENGTH_MEASURE(2.E-2),#15);
#4779=PRESENTATION_STYLE_ASSIGNMENT((#4778));
#4780=STYLED_ITEM('',(#4779),#4777);
#4781=DIRECTION('',(-5.627909312417E-1,0.E0,-8.265992787996E-1));
#4782=VECTOR('',#4781,2.041497063064E-1);
#4783=CARTESIAN_POINT('',(-5.931484618015E-1,1.9E1,1.167176645883E0));
#4784=LINE('',#4783,#4782);
#4785=CURVE_STYLE('',#26,POSITIVE_LENGTH_MEASURE(2.E-2),#15);
#4786=PRESENTATION_STYLE_ASSIGNMENT((#4785));
#4787=STYLED_ITEM('',(#4786),#4784);
#4788=DIRECTION('',(-2.001232084928E-1,0.E0,-9.797707392153E-1));
#4789=VECTOR('',#4788,2.870571689066E-1);
#4790=CARTESIAN_POINT('',(-7.080420651264E-1,1.9E1,9.984266458826E-1));
#4791=LINE('',#4790,#4789);
#4792=CURVE_STYLE('',#26,POSITIVE_LENGTH_MEASURE(2.E-2),#15);
#4793=PRESENTATION_STYLE_ASSIGNMENT((#4792));
#4794=STYLED_ITEM('',(#4793),#4791);
#4795=DIRECTION('',(2.001234283435E-1,0.E0,-9.797706943097E-1));
#4796=VECTOR('',#4795,2.870568535527E-1);
#4797=CARTESIAN_POINT('',(-7.654888667888E-1,1.9E1,7.171764313058E-1));
#4798=LINE('',#4797,#4796);
#4799=CURVE_STYLE('',#26,POSITIVE_LENGTH_MEASURE(2.E-2),#15);
#4800=PRESENTATION_STYLE_ASSIGNMENT((#4799));
#4801=STYLED_ITEM('',(#4800),#4798);
#4802=DIRECTION('',(5.627909312417E-1,0.E0,-8.265992787996E-1));
#4803=VECTOR('',#4802,2.041497063064E-1);
#4804=CARTESIAN_POINT('',(-7.080420651264E-1,1.9E1,4.359265385942E-1));
#4805=LINE('',#4804,#4803);
#4806=CURVE_STYLE('',#26,POSITIVE_LENGTH_MEASURE(2.E-2),#15);
#4807=PRESENTATION_STYLE_ASSIGNMENT((#4806));
#4808=STYLED_ITEM('',(#4807),#4805);
#4809=DIRECTION('',(8.373790304396E-1,0.E0,-5.466226846555E-1));
#4810=VECTOR('',#4809,4.116186788519E-1);
#4811=CARTESIAN_POINT('',(-5.931484618015E-1,1.9E1,2.671765385942E-1));
#4812=LINE('',#4811,#4810);
#4813=CURVE_STYLE('',#26,POSITIVE_LENGTH_MEASURE(2.E-2),#15);
#4814=PRESENTATION_STYLE_ASSIGNMENT((#4813));
#4815=STYLED_ITEM('',(#4814),#4812);
#4816=DIRECTION('',(9.869441007655E-1,0.E0,-1.610631614123E-1));
#4817=VECTOR('',#4816,3.492405397363E-1);
#4818=CARTESIAN_POINT('',(-2.484676115937E-1,1.9E1,4.217643130584E-2));
#4819=LINE('',#4818,#4817);
#4820=CURVE_STYLE('',#26,POSITIVE_LENGTH_MEASURE(2.E-2),#15);
#4821=PRESENTATION_STYLE_ASSIGNMENT((#4820));
#4822=STYLED_ITEM('',(#4821),#4819);
#4823=DIRECTION('',(1.E0,0.E0,0.E0));
#4824=VECTOR('',#4823,4.021276116371E-1);
#4825=CARTESIAN_POINT('',(9.621327884724E-2,1.9E1,-1.407335411744E-2));
#4826=LINE('',#4825,#4824);
#4827=CURVE_STYLE('',#26,POSITIVE_LENGTH_MEASURE(2.E-2),#15);
#4828=PRESENTATION_STYLE_ASSIGNMENT((#4827));
#4829=STYLED_ITEM('',(#4828),#4826);
#4830=DIRECTION('',(9.486832528138E-1,0.E0,3.162279017271E-1));
#4831=VECTOR('',#4830,2.846050029862E0);
#4832=CARTESIAN_POINT('',(-1.052722915334E0,1.9E1,3.529676324017E0));
#4833=LINE('',#4832,#4831);
#4834=CURVE_STYLE('',#26,POSITIVE_LENGTH_MEASURE(2.E-2),#15);
#4835=PRESENTATION_STYLE_ASSIGNMENT((#4834));
#4836=STYLED_ITEM('',(#4835),#4833);
#4837=DIRECTION('',(0.E0,0.E0,-1.E0));
#4838=VECTOR('',#4837,3.375E-1);
#4839=CARTESIAN_POINT('',(1.647277084666E0,1.9E1,4.429676753171E0));
#4840=LINE('',#4839,#4838);
#4841=CURVE_STYLE('',#26,POSITIVE_LENGTH_MEASURE(2.E-2),#15);
#4842=PRESENTATION_STYLE_ASSIGNMENT((#4841));
#4843=STYLED_ITEM('',(#4842),#4840);
#4844=DIRECTION('',(-9.483937310923E-1,0.E0,-3.170951447511E-1));
#4845=VECTOR('',#4844,2.483482410917E0);
#4846=CARTESIAN_POINT('',(1.647277084666E0,1.9E1,4.092176753171E0));
#4847=LINE('',#4846,#4845);
#4848=CURVE_STYLE('',#26,POSITIVE_LENGTH_MEASURE(2.E-2),#15);
#4849=PRESENTATION_STYLE_ASSIGNMENT((#4848));
#4850=STYLED_ITEM('',(#4849),#4847);
#4851=DIRECTION('',(9.483937700678E-1,0.E0,-3.170950281802E-1));
#4852=VECTOR('',#4851,2.483482308856E0);
#4853=CARTESIAN_POINT('',(-7.080420651264E-1,1.9E1,3.304676538594E0));
#4854=LINE('',#4853,#4852);
#4855=CURVE_STYLE('',#26,POSITIVE_LENGTH_MEASURE(2.E-2),#15);
#4856=PRESENTATION_STYLE_ASSIGNMENT((#4855));
#4857=STYLED_ITEM('',(#4856),#4854);
#4858=DIRECTION('',(0.E0,0.E0,-1.E0));
#4859=VECTOR('',#4858,3.375E-1);
#4860=CARTESIAN_POINT('',(1.647277084666E0,1.9E1,2.517176645883E0));
#4861=LINE('',#4860,#4859);
#4862=CURVE_STYLE('',#26,POSITIVE_LENGTH_MEASURE(2.E-2),#15);
#4863=PRESENTATION_STYLE_ASSIGNMENT((#4862));
#4864=STYLED_ITEM('',(#4863),#4861);
#4865=DIRECTION('',(-9.486832867413E-1,0.E0,3.162277999444E-1));
#4866=VECTOR('',#4865,2.846049928079E0);
#4867=CARTESIAN_POINT('',(1.647277084666E0,1.9E1,2.179676645883E0));
#4868=LINE('',#4867,#4866);
#4869=CURVE_STYLE('',#26,POSITIVE_LENGTH_MEASURE(2.E-2),#15);
#4870=PRESENTATION_STYLE_ASSIGNMENT((#4869));
#4871=STYLED_ITEM('',(#4870),#4868);
#4872=DIRECTION('',(0.E0,0.E0,1.E0));
#4873=VECTOR('',#4872,4.499995708466E-1);
#4874=CARTESIAN_POINT('',(-1.052722915334E0,1.9E1,3.079676753171E0));
#4875=LINE('',#4874,#4873);
#4876=CURVE_STYLE('',#26,POSITIVE_LENGTH_MEASURE(2.E-2),#15);
#4877=PRESENTATION_STYLE_ASSIGNMENT((#4876));
#4878=STYLED_ITEM('',(#4877),#4875);
#4879=DIRECTION('',(1.E0,0.E0,0.E0));
#4880=VECTOR('',#4879,1.263829797506E0);
#4881=CARTESIAN_POINT('',(-4.958878995916E0,1.9E1,7.171764313058E-1));
#4882=LINE('',#4881,#4880);
#4883=CURVE_STYLE('',#26,POSITIVE_LENGTH_MEASURE(2.E-2),#15);
#4884=PRESENTATION_STYLE_ASSIGNMENT((#4883));
#4885=STYLED_ITEM('',(#4884),#4882);
#4886=DIRECTION('',(0.E0,0.E0,1.E0));
#4887=VECTOR('',#4886,1.575000107288E0);
#4888=CARTESIAN_POINT('',(-3.695049198410E0,1.9E1,7.171764313058E-1));
#4889=LINE('',#4888,#4887);
#4890=CURVE_STYLE('',#26,POSITIVE_LENGTH_MEASURE(2.E-2),#15);
#4891=PRESENTATION_STYLE_ASSIGNMENT((#4890));
#4892=STYLED_ITEM('',(#4891),#4889);
#4893=DIRECTION('',(-1.E0,0.E0,0.E0));
#4894=VECTOR('',#4893,1.263829797506E0);
#4895=CARTESIAN_POINT('',(-3.695049198410E0,1.9E1,2.292176538594E0));
#4896=LINE('',#4895,#4894);
#4897=CURVE_STYLE('',#26,POSITIVE_LENGTH_MEASURE(2.E-2),#15);
#4898=PRESENTATION_STYLE_ASSIGNMENT((#4897));
#4899=STYLED_ITEM('',(#4898),#4896);
#4900=DIRECTION('',(0.E0,0.E0,1.E0));
#4901=VECTOR('',#4900,3.375E-1);
#4902=CARTESIAN_POINT('',(-4.958878995916E0,1.9E1,2.292176538594E0));
#4903=LINE('',#4902,#4901);
#4904=CURVE_STYLE('',#26,POSITIVE_LENGTH_MEASURE(2.E-2),#15);
#4905=PRESENTATION_STYLE_ASSIGNMENT((#4904));
#4906=STYLED_ITEM('',(#4905),#4903);
#4907=DIRECTION('',(1.E0,0.E0,0.E0));
#4908=VECTOR('',#4907,2.7E0);
#4909=CARTESIAN_POINT('',(-4.958878995916E0,1.9E1,2.629676538594E0));
#4910=LINE('',#4909,#4908);
#4911=CURVE_STYLE('',#26,POSITIVE_LENGTH_MEASURE(2.E-2),#15);
#4912=PRESENTATION_STYLE_ASSIGNMENT((#4911));
#4913=STYLED_ITEM('',(#4912),#4910);
#4914=DIRECTION('',(0.E0,0.E0,-1.E0));
#4915=VECTOR('',#4914,3.375E-1);
#4916=CARTESIAN_POINT('',(-2.258878995916E0,1.9E1,2.629676538594E0));
#4917=LINE('',#4916,#4915);
#4918=CURVE_STYLE('',#26,POSITIVE_LENGTH_MEASURE(2.E-2),#15);
#4919=PRESENTATION_STYLE_ASSIGNMENT((#4918));
#4920=STYLED_ITEM('',(#4919),#4917);
#4921=DIRECTION('',(-1.E0,0.E0,0.E0));
#4922=VECTOR('',#4921,1.091489392519E0);
#4923=CARTESIAN_POINT('',(-2.258878995916E0,1.9E1,2.292176538594E0));
#4924=LINE('',#4923,#4922);
#4925=CURVE_STYLE('',#26,POSITIVE_LENGTH_MEASURE(2.E-2),#15);
#4926=PRESENTATION_STYLE_ASSIGNMENT((#4925));
#4927=STYLED_ITEM('',(#4926),#4924);
#4928=DIRECTION('',(0.E0,0.E0,-1.E0));
#4929=VECTOR('',#4928,1.575000107288E0);
#4930=CARTESIAN_POINT('',(-3.350368388435E0,1.9E1,2.292176538594E0));
#4931=LINE('',#4930,#4929);
#4932=CURVE_STYLE('',#26,POSITIVE_LENGTH_MEASURE(2.E-2),#15);
#4933=PRESENTATION_STYLE_ASSIGNMENT((#4932));
#4934=STYLED_ITEM('',(#4933),#4931);
#4935=DIRECTION('',(1.E0,0.E0,0.E0));
#4936=VECTOR('',#4935,1.091489392519E0);
#4937=CARTESIAN_POINT('',(-3.350368388435E0,1.9E1,7.171764313058E-1));
#4938=LINE('',#4937,#4936);
#4939=CURVE_STYLE('',#26,POSITIVE_LENGTH_MEASURE(2.E-2),#15);
#4940=PRESENTATION_STYLE_ASSIGNMENT((#4939));
#4941=STYLED_ITEM('',(#4940),#4938);
#4942=DIRECTION('',(0.E0,0.E0,-1.E0));
#4943=VECTOR('',#4942,3.375E-1);
#4944=CARTESIAN_POINT('',(-2.258878995916E0,1.9E1,7.171764313058E-1));
#4945=LINE('',#4944,#4943);
#4946=CURVE_STYLE('',#26,POSITIVE_LENGTH_MEASURE(2.E-2),#15);
#4947=PRESENTATION_STYLE_ASSIGNMENT((#4946));
#4948=STYLED_ITEM('',(#4947),#4945);
#4949=DIRECTION('',(-1.E0,0.E0,0.E0));
#4950=VECTOR('',#4949,2.7E0);
#4951=CARTESIAN_POINT('',(-2.258878995916E0,1.9E1,3.796764313058E-1));
#4952=LINE('',#4951,#4950);
#4953=CURVE_STYLE('',#26,POSITIVE_LENGTH_MEASURE(2.E-2),#15);
#4954=PRESENTATION_STYLE_ASSIGNMENT((#4953));
#4955=STYLED_ITEM('',(#4954),#4952);
#4956=DIRECTION('',(0.E0,0.E0,1.E0));
#4957=VECTOR('',#4956,3.375E-1);
#4958=CARTESIAN_POINT('',(-4.958878995916E0,1.9E1,3.796764313058E-1));
#4959=LINE('',#4958,#4957);
#4960=CURVE_STYLE('',#26,POSITIVE_LENGTH_MEASURE(2.E-2),#15);
#4961=PRESENTATION_STYLE_ASSIGNMENT((#4960));
#4962=STYLED_ITEM('',(#4961),#4959);
#4963=DIRECTION('',(0.E0,0.E0,-1.E0));
#4964=VECTOR('',#4963,3.375E-1);
#4965=CARTESIAN_POINT('',(-4.269517295501E0,1.9E1,5.273426753171E0));
#4966=LINE('',#4965,#4964);
#4967=CURVE_STYLE('',#26,POSITIVE_LENGTH_MEASURE(2.E-2),#15);
#4968=PRESENTATION_STYLE_ASSIGNMENT((#4967));
#4969=STYLED_ITEM('',(#4968),#4966);
#4970=DIRECTION('',(-9.506444938501E-1,0.E0,-3.102822043116E-1));
#4971=VECTOR('',#4970,1.812879642203E-1);
#4972=CARTESIAN_POINT('',(-4.269517295501E0,1.9E1,4.935926753171E0));
#4973=LINE('',#4972,#4971);
#4974=CURVE_STYLE('',#26,POSITIVE_LENGTH_MEASURE(2.E-2),#15);
#4975=PRESENTATION_STYLE_ASSIGNMENT((#4974));
#4976=STYLED_ITEM('',(#4975),#4973);
#4977=DIRECTION('',(-5.627910658975E-1,0.E0,-8.265991871191E-1));
#4978=VECTOR('',#4977,2.041497289492E-1);
#4979=CARTESIAN_POINT('',(-4.441857700488E0,1.9E1,4.879676324017E0));
#4980=LINE('',#4979,#4978);
#4981=CURVE_STYLE('',#26,POSITIVE_LENGTH_MEASURE(2.E-2),#15);
#4982=PRESENTATION_STYLE_ASSIGNMENT((#4981));
#4983=STYLED_ITEM('',(#4982),#4980);
#4984=DIRECTION('',(-2.473834390653E-1,0.E0,-9.689176611437E-1));
#4985=VECTOR('',#4984,2.322176532087E-1);
#4986=CARTESIAN_POINT('',(-4.556751344046E0,1.9E1,4.710926324017E0));
#4987=LINE('',#4986,#4985);
#4988=CURVE_STYLE('',#26,POSITIVE_LENGTH_MEASURE(2.E-2),#15);
#4989=PRESENTATION_STYLE_ASSIGNMENT((#4988));
#4990=STYLED_ITEM('',(#4989),#4987);
#4991=DIRECTION('',(0.E0,0.E0,-1.E0));
#4992=VECTOR('',#4991,5.0625E-1);
#4993=CARTESIAN_POINT('',(-4.614198145709E0,1.9E1,4.485926538594E0));
#4994=LINE('',#4993,#4992);
#4995=CURVE_STYLE('',#26,POSITIVE_LENGTH_MEASURE(2.E-2),#15);
#4996=PRESENTATION_STYLE_ASSIGNMENT((#4995));
#4997=STYLED_ITEM('',(#4996),#4994);
#4998=DIRECTION('',(2.473834390653E-1,0.E0,-9.689176611437E-1));
#4999=VECTOR('',#4998,2.322176532087E-1);
#5000=CARTESIAN_POINT('',(-4.614198145709E0,1.9E1,3.979676538594E0));
#5001=LINE('',#5000,#4999);
#5002=CURVE_STYLE('',#26,POSITIVE_LENGTH_MEASURE(2.E-2),#15);
#5003=PRESENTATION_STYLE_ASSIGNMENT((#5002));
#5004=STYLED_ITEM('',(#5003),#5001);
#5005=DIRECTION('',(5.627910658975E-1,0.E0,-8.265991871191E-1));
#5006=VECTOR('',#5005,2.041497289492E-1);
#5007=CARTESIAN_POINT('',(-4.556751344046E0,1.9E1,3.754676753171E0));
#5008=LINE('',#5007,#5006);
#5009=CURVE_STYLE('',#26,POSITIVE_LENGTH_MEASURE(2.E-2),#15);
#5010=PRESENTATION_STYLE_ASSIGNMENT((#5009));
#5011=STYLED_ITEM('',(#5010),#5008);
#5012=DIRECTION('',(8.373786433120E-1,0.E0,-5.466232777014E-1));
#5013=VECTOR('',#5012,2.058094105502E-1);
#5014=CARTESIAN_POINT('',(-4.441857700488E0,1.9E1,3.585926753171E0));
#5015=LINE('',#5014,#5013);
#5016=CURVE_STYLE('',#26,POSITIVE_LENGTH_MEASURE(2.E-2),#15);
#5017=PRESENTATION_STYLE_ASSIGNMENT((#5016));
#5018=STYLED_ITEM('',(#5017),#5015);
#5019=DIRECTION('',(9.713213633444E-1,0.E0,-2.377704967207E-1));
#5020=VECTOR('',#5019,2.365717622627E-1);
#5021=CARTESIAN_POINT('',(-4.269517295501E0,1.9E1,3.473426538594E0));
#5022=LINE('',#5021,#5020);
#5023=CURVE_STYLE('',#26,POSITIVE_LENGTH_MEASURE(2.E-2),#15);
#5024=PRESENTATION_STYLE_ASSIGNMENT((#5023));
#5025=STYLED_ITEM('',(#5024),#5022);
#5026=DIRECTION('',(1.E0,0.E0,0.E0));
#5027=VECTOR('',#5026,8.617021054029E-1);
#5028=CARTESIAN_POINT('',(-4.039730088851E0,1.9E1,3.417176753171E0));
#5029=LINE('',#5028,#5027);
#5030=CURVE_STYLE('',#26,POSITIVE_LENGTH_MEASURE(2.E-2),#15);
#5031=PRESENTATION_STYLE_ASSIGNMENT((#5030));
#5032=STYLED_ITEM('',(#5031),#5029);
#5033=DIRECTION('',(9.713213633444E-1,0.E0,2.377704967207E-1));
#5034=VECTOR('',#5033,2.365717622627E-1);
#5035=CARTESIAN_POINT('',(-3.178027983448E0,1.9E1,3.417176753171E0));
#5036=LINE('',#5035,#5034);
#5037=CURVE_STYLE('',#26,POSITIVE_LENGTH_MEASURE(2.E-2),#15);
#5038=PRESENTATION_STYLE_ASSIGNMENT((#5037));
#5039=STYLED_ITEM('',(#5038),#5036);
#5040=DIRECTION('',(8.373788769559E-1,0.E0,5.466229197794E-1));
#5041=VECTOR('',#5040,2.058095453117E-1);
#5042=CARTESIAN_POINT('',(-2.948240776798E0,1.9E1,3.473426538594E0));
#5043=LINE('',#5042,#5041);
#5044=CURVE_STYLE('',#26,POSITIVE_LENGTH_MEASURE(2.E-2),#15);
#5045=PRESENTATION_STYLE_ASSIGNMENT((#5044));
#5046=STYLED_ITEM('',(#5045),#5043);
#5047=DIRECTION('',(5.627909312417E-1,0.E0,8.265992787996E-1));
#5048=VECTOR('',#5047,2.041497063064E-1);
#5049=CARTESIAN_POINT('',(-2.775900210878E0,1.9E1,3.585926753171E0));
#5050=LINE('',#5049,#5048);
#5051=CURVE_STYLE('',#26,POSITIVE_LENGTH_MEASURE(2.E-2),#15);
#5052=PRESENTATION_STYLE_ASSIGNMENT((#5051));
#5053=STYLED_ITEM('',(#5052),#5050);
#5054=DIRECTION('',(2.473834390653E-1,0.E0,9.689176611437E-1));
#5055=VECTOR('',#5054,2.322176532087E-1);
#5056=CARTESIAN_POINT('',(-2.661006607553E0,1.9E1,3.754676753171E0));
#5057=LINE('',#5056,#5055);
#5058=CURVE_STYLE('',#26,POSITIVE_LENGTH_MEASURE(2.E-2),#15);
#5059=PRESENTATION_STYLE_ASSIGNMENT((#5058));
#5060=STYLED_ITEM('',(#5059),#5057);
#5061=DIRECTION('',(0.E0,0.E0,1.E0));
#5062=VECTOR('',#5061,5.0625E-1);
#5063=CARTESIAN_POINT('',(-2.603559805891E0,1.9E1,3.979676538594E0));
#5064=LINE('',#5063,#5062);
#5065=CURVE_STYLE('',#26,POSITIVE_LENGTH_MEASURE(2.E-2),#15);
#5066=PRESENTATION_STYLE_ASSIGNMENT((#5065));
#5067=STYLED_ITEM('',(#5066),#5064);
#5068=DIRECTION('',(-2.473834390653E-1,0.E0,9.689176611437E-1));
#5069=VECTOR('',#5068,2.322176532087E-1);
#5070=CARTESIAN_POINT('',(-2.603559805891E0,1.9E1,4.485926538594E0));
#5071=LINE('',#5070,#5069);
#5072=CURVE_STYLE('',#26,POSITIVE_LENGTH_MEASURE(2.E-2),#15);
#5073=PRESENTATION_STYLE_ASSIGNMENT((#5072));
#5074=STYLED_ITEM('',(#5073),#5071);
#5075=DIRECTION('',(-5.627909312417E-1,0.E0,8.265992787996E-1));
#5076=VECTOR('',#5075,2.041497063064E-1);
#5077=CARTESIAN_POINT('',(-2.661006607553E0,1.9E1,4.710926324017E0));
#5078=LINE('',#5077,#5076);
#5079=CURVE_STYLE('',#26,POSITIVE_LENGTH_MEASURE(2.E-2),#15);
#5080=PRESENTATION_STYLE_ASSIGNMENT((#5079));
#5081=STYLED_ITEM('',(#5080),#5078);
#5082=DIRECTION('',(-9.506445793151E-1,0.E0,3.102819424634E-1));
#5083=VECTOR('',#5082,1.812881172100E-1);
#5084=CARTESIAN_POINT('',(-2.775900210878E0,1.9E1,4.879676324017E0));
#5085=LINE('',#5084,#5083);
#5086=CURVE_STYLE('',#26,POSITIVE_LENGTH_MEASURE(2.E-2),#15);
#5087=PRESENTATION_STYLE_ASSIGNMENT((#5086));
#5088=STYLED_ITEM('',(#5087),#5085);
#5089=DIRECTION('',(0.E0,0.E0,1.E0));
#5090=VECTOR('',#5089,3.375E-1);
#5091=CARTESIAN_POINT('',(-2.948240776798E0,1.9E1,4.935926753171E0));
#5092=LINE('',#5091,#5090);
#5093=CURVE_STYLE('',#26,POSITIVE_LENGTH_MEASURE(2.E-2),#15);
#5094=PRESENTATION_STYLE_ASSIGNMENT((#5093));
#5095=STYLED_ITEM('',(#5094),#5092);
#5096=DIRECTION('',(9.813588782673E-1,0.E0,-1.921841617981E-1));
#5097=VECTOR('',#5096,2.926902437077E-1);
#5098=CARTESIAN_POINT('',(-2.948240776798E0,1.9E1,5.273426753171E0));
#5099=LINE('',#5098,#5097);
#5100=CURVE_STYLE('',#26,POSITIVE_LENGTH_MEASURE(2.E-2),#15);
#5101=PRESENTATION_STYLE_ASSIGNMENT((#5100));
#5102=STYLED_ITEM('',(#5101),#5099);
#5103=DIRECTION('',(7.145107183351E-1,0.E0,-6.996244945571E-1));
#5104=VECTOR('',#5103,3.216007832398E-1);
#5105=CARTESIAN_POINT('',(-2.661006607553E0,1.9E1,5.217176324017E0));
#5106=LINE('',#5105,#5104);
#5107=CURVE_STYLE('',#26,POSITIVE_LENGTH_MEASURE(2.E-2),#15);
#5108=PRESENTATION_STYLE_ASSIGNMENT((#5107));
#5109=STYLED_ITEM('',(#5108),#5106);
#5110=DIRECTION('',(4.547774575564E-1,0.E0,-8.906051112017E-1));
#5111=VECTOR('',#5110,2.526369797268E-1);
#5112=CARTESIAN_POINT('',(-2.431219400904E0,1.9E1,4.992176538594E0));
#5113=LINE('',#5112,#5111);
#5114=CURVE_STYLE('',#26,POSITIVE_LENGTH_MEASURE(2.E-2),#15);
#5115=PRESENTATION_STYLE_ASSIGNMENT((#5114));
#5116=STYLED_ITEM('',(#5115),#5113);
#5117=DIRECTION('',(2.001232084928E-1,0.E0,-9.797707392153E-1));
#5118=VECTOR('',#5117,2.870571689066E-1);
#5119=CARTESIAN_POINT('',(-2.316325797579E0,1.9E1,4.767176753171E0));
#5120=LINE('',#5119,#5118);
#5121=CURVE_STYLE('',#26,POSITIVE_LENGTH_MEASURE(2.E-2),#15);
#5122=PRESENTATION_STYLE_ASSIGNMENT((#5121));
#5123=STYLED_ITEM('',(#5122),#5120);
#5124=DIRECTION('',(0.E0,0.E0,-1.E0));
#5125=VECTOR('',#5124,5.0625E-1);
#5126=CARTESIAN_POINT('',(-2.258878995916E0,1.9E1,4.485926538594E0));
#5127=LINE('',#5126,#5125);
#5128=CURVE_STYLE('',#26,POSITIVE_LENGTH_MEASURE(2.E-2),#15);
#5129=PRESENTATION_STYLE_ASSIGNMENT((#5128));
#5130=STYLED_ITEM('',(#5129),#5127);
#5131=DIRECTION('',(-2.001232084928E-1,0.E0,-9.797707392153E-1));
#5132=VECTOR('',#5131,2.870571689066E-1);
#5133=CARTESIAN_POINT('',(-2.258878995916E0,1.9E1,3.979676538594E0));
#5134=LINE('',#5133,#5132);
#5135=CURVE_STYLE('',#26,POSITIVE_LENGTH_MEASURE(2.E-2),#15);
#5136=PRESENTATION_STYLE_ASSIGNMENT((#5135));
#5137=STYLED_ITEM('',(#5136),#5134);
#5138=DIRECTION('',(-4.547774575564E-1,0.E0,-8.906051112017E-1));
#5139=VECTOR('',#5138,2.526369797268E-1);
#5140=CARTESIAN_POINT('',(-2.316325797579E0,1.9E1,3.698426324017E0));
#5141=LINE('',#5140,#5139);
#5142=CURVE_STYLE('',#26,POSITIVE_LENGTH_MEASURE(2.E-2),#15);
#5143=PRESENTATION_STYLE_ASSIGNMENT((#5142));
#5144=STYLED_ITEM('',(#5143),#5141);
#5145=DIRECTION('',(-7.145107183351E-1,0.E0,-6.996244945571E-1));
#5146=VECTOR('',#5145,3.216007832398E-1);
#5147=CARTESIAN_POINT('',(-2.431219400904E0,1.9E1,3.473426538594E0));
#5148=LINE('',#5147,#5146);
#5149=CURVE_STYLE('',#26,POSITIVE_LENGTH_MEASURE(2.E-2),#15);
#5150=PRESENTATION_STYLE_ASSIGNMENT((#5149));
#5151=STYLED_ITEM('',(#5150),#5148);
#5152=DIRECTION('',(-8.981377659536E-1,0.E0,-4.397141723527E-1));
#5153=VECTOR('',#5152,2.558485071673E-1);
#5154=CARTESIAN_POINT('',(-2.661006607553E0,1.9E1,3.248426753171E0));
#5155=LINE('',#5154,#5153);
#5156=CURVE_STYLE('',#26,POSITIVE_LENGTH_MEASURE(2.E-2),#15);
#5157=PRESENTATION_STYLE_ASSIGNMENT((#5156));
#5158=STYLED_ITEM('',(#5157),#5155);
#5159=DIRECTION('',(-9.813592930674E-1,0.E0,-1.921820436730E-1));
#5160=VECTOR('',#5159,2.926901199936E-1);
#5161=CARTESIAN_POINT('',(-2.890793814203E0,1.9E1,3.135926538594E0));
#5162=LINE('',#5161,#5160);
#5163=CURVE_STYLE('',#26,POSITIVE_LENGTH_MEASURE(2.E-2),#15);
#5164=PRESENTATION_STYLE_ASSIGNMENT((#5163));
#5165=STYLED_ITEM('',(#5164),#5162);
#5166=DIRECTION('',(-1.E0,0.E0,0.E0));
#5167=VECTOR('',#5166,8.617021054029E-1);
#5168=CARTESIAN_POINT('',(-3.178027983448E0,1.9E1,3.079676753171E0));
#5169=LINE('',#5168,#5167);
#5170=CURVE_STYLE('',#26,POSITIVE_LENGTH_MEASURE(2.E-2),#15);
#5171=PRESENTATION_STYLE_ASSIGNMENT((#5170));
#5172=STYLED_ITEM('',(#5171),#5169);
#5173=DIRECTION('',(-9.813592727596E-1,0.E0,1.921821473726E-1));
#5174=VECTOR('',#5173,2.926899620610E-1);
#5175=CARTESIAN_POINT('',(-4.039730088851E0,1.9E1,3.079676753171E0));
#5176=LINE('',#5175,#5174);
#5177=CURVE_STYLE('',#26,POSITIVE_LENGTH_MEASURE(2.E-2),#15);
#5178=PRESENTATION_STYLE_ASSIGNMENT((#5177));
#5179=STYLED_ITEM('',(#5178),#5176);
#5180=DIRECTION('',(-8.981377963584E-1,0.E0,4.397141102494E-1));
#5181=VECTOR('',#5180,2.558485433022E-1);
#5182=CARTESIAN_POINT('',(-4.326964097163E0,1.9E1,3.135926538594E0));
#5183=LINE('',#5182,#5181);
#5184=CURVE_STYLE('',#26,POSITIVE_LENGTH_MEASURE(2.E-2),#15);
#5185=PRESENTATION_STYLE_ASSIGNMENT((#5184));
#5186=STYLED_ITEM('',(#5185),#5183);
#5187=DIRECTION('',(-7.145107489524E-1,0.E0,6.996244632883E-1));
#5188=VECTOR('',#5187,3.216007976133E-1);
#5189=CARTESIAN_POINT('',(-4.556751344046E0,1.9E1,3.248426753171E0));
#5190=LINE('',#5189,#5188);
#5191=CURVE_STYLE('',#26,POSITIVE_LENGTH_MEASURE(2.E-2),#15);
#5192=PRESENTATION_STYLE_ASSIGNMENT((#5191));
#5193=STYLED_ITEM('',(#5192),#5190);
#5194=DIRECTION('',(-4.547775049248E-1,0.E0,8.906050870136E-1));
#5195=VECTOR('',#5194,2.526369865883E-1);
#5196=CARTESIAN_POINT('',(-4.786538570812E0,1.9E1,3.473426538594E0));
#5197=LINE('',#5196,#5195);
#5198=CURVE_STYLE('',#26,POSITIVE_LENGTH_MEASURE(2.E-2),#15);
#5199=PRESENTATION_STYLE_ASSIGNMENT((#5198));
#5200=STYLED_ITEM('',(#5199),#5197);
#5201=DIRECTION('',(-2.001232253108E-1,0.E0,9.797707357802E-1));
#5202=VECTOR('',#5201,2.870571699131E-1);
#5203=CARTESIAN_POINT('',(-4.901432189225E0,1.9E1,3.698426324017E0));
#5204=LINE('',#5203,#5202);
#5205=CURVE_STYLE('',#26,POSITIVE_LENGTH_MEASURE(2.E-2),#15);
#5206=PRESENTATION_STYLE_ASSIGNMENT((#5205));
#5207=STYLED_ITEM('',(#5206),#5204);
#5208=DIRECTION('',(0.E0,0.E0,1.E0));
#5209=VECTOR('',#5208,5.0625E-1);
#5210=CARTESIAN_POINT('',(-4.958878995916E0,1.9E1,3.979676538594E0));
#5211=LINE('',#5210,#5209);
#5212=CURVE_STYLE('',#26,POSITIVE_LENGTH_MEASURE(2.E-2),#15);
#5213=PRESENTATION_STYLE_ASSIGNMENT((#5212));
#5214=STYLED_ITEM('',(#5213),#5211);
#5215=DIRECTION('',(2.001232253108E-1,0.E0,9.797707357802E-1));
#5216=VECTOR('',#5215,2.870571699131E-1);
#5217=CARTESIAN_POINT('',(-4.958878995916E0,1.9E1,4.485926538594E0));
#5218=LINE('',#5217,#5216);
#5219=CURVE_STYLE('',#26,POSITIVE_LENGTH_MEASURE(2.E-2),#15);
#5220=PRESENTATION_STYLE_ASSIGNMENT((#5219));
#5221=STYLED_ITEM('',(#5220),#5218);
#5222=DIRECTION('',(4.547775049247E-1,0.E0,8.906050870136E-1));
#5223=VECTOR('',#5222,2.526369865883E-1);
#5224=CARTESIAN_POINT('',(-4.901432189225E0,1.9E1,4.767176753171E0));
#5225=LINE('',#5224,#5223);
#5226=CURVE_STYLE('',#26,POSITIVE_LENGTH_MEASURE(2.E-2),#15);
#5227=PRESENTATION_STYLE_ASSIGNMENT((#5226));
#5228=STYLED_ITEM('',(#5227),#5225);
#5229=DIRECTION('',(7.145107489524E-1,0.E0,6.996244632883E-1));
#5230=VECTOR('',#5229,3.216007976133E-1);
#5231=CARTESIAN_POINT('',(-4.786538570812E0,1.9E1,4.992176538594E0));
#5232=LINE('',#5231,#5230);
#5233=CURVE_STYLE('',#26,POSITIVE_LENGTH_MEASURE(2.E-2),#15);
#5234=PRESENTATION_STYLE_ASSIGNMENT((#5233));
#5235=STYLED_ITEM('',(#5234),#5232);
#5236=DIRECTION('',(9.813588630361E-1,0.E0,1.921842395735E-1));
#5237=VECTOR('',#5236,2.926901252583E-1);
#5238=CARTESIAN_POINT('',(-4.556751344046E0,1.9E1,5.217176324017E0));
#5239=LINE('',#5238,#5237);
#5240=CURVE_STYLE('',#26,POSITIVE_LENGTH_MEASURE(2.E-2),#15);
#5241=PRESENTATION_STYLE_ASSIGNMENT((#5240));
#5242=STYLED_ITEM('',(#5241),#5239);
#5243=DIRECTION('',(-8.881784197E-14,1.E0,0.E0));
#5244=VECTOR('',#5243,1.E-2);
#5245=CARTESIAN_POINT('',(7.7E0,1.9E1,-3.96E0));
#5246=LINE('',#5245,#5244);
#5247=CURVE_STYLE('',#26,POSITIVE_LENGTH_MEASURE(2.E-2),#15);
#5248=PRESENTATION_STYLE_ASSIGNMENT((#5247));
#5249=STYLED_ITEM('',(#5248),#5246);
#5250=DIRECTION('',(0.E0,0.E0,1.E0));
#5251=VECTOR('',#5250,1.6E-1);
#5252=CARTESIAN_POINT('',(-7.7E0,1.901E1,-3.96E0));
#5253=LINE('',#5252,#5251);
#5254=CURVE_STYLE('',#26,POSITIVE_LENGTH_MEASURE(2.E-2),#15);
#5255=PRESENTATION_STYLE_ASSIGNMENT((#5254));
#5256=STYLED_ITEM('',(#5255),#5253);
#5257=DIRECTION('',(-1.E0,0.E0,0.E0));
#5258=VECTOR('',#5257,1.54E1);
#5259=CARTESIAN_POINT('',(7.7E0,1.901E1,-3.96E0));
#5260=LINE('',#5259,#5258);
#5261=CURVE_STYLE('',#26,POSITIVE_LENGTH_MEASURE(2.E-2),#15);
#5262=PRESENTATION_STYLE_ASSIGNMENT((#5261));
#5263=STYLED_ITEM('',(#5262),#5260);
#5264=DIRECTION('',(0.E0,0.E0,-1.E0));
#5265=VECTOR('',#5264,1.6E-1);
#5266=CARTESIAN_POINT('',(7.7E0,1.901E1,-3.8E0));
#5267=LINE('',#5266,#5265);
#5268=CURVE_STYLE('',#26,POSITIVE_LENGTH_MEASURE(2.E-2),#15);
#5269=PRESENTATION_STYLE_ASSIGNMENT((#5268));
#5270=STYLED_ITEM('',(#5269),#5267);
#5271=DIRECTION('',(1.E0,0.E0,0.E0));
#5272=VECTOR('',#5271,1.54E1);
#5273=CARTESIAN_POINT('',(-7.7E0,1.901E1,-3.8E0));
#5274=LINE('',#5273,#5272);
#5275=CURVE_STYLE('',#26,POSITIVE_LENGTH_MEASURE(2.E-2),#15);
#5276=PRESENTATION_STYLE_ASSIGNMENT((#5275));
#5277=STYLED_ITEM('',(#5276),#5274);
#5278=DIRECTION('',(-8.881784197E-14,1.E0,0.E0));
#5279=VECTOR('',#5278,1.E-2);
#5280=CARTESIAN_POINT('',(-7.7E0,1.9E1,-3.96E0));
#5281=LINE('',#5280,#5279);
#5282=CURVE_STYLE('',#26,POSITIVE_LENGTH_MEASURE(2.E-2),#15);
#5283=PRESENTATION_STYLE_ASSIGNMENT((#5282));
#5284=STYLED_ITEM('',(#5283),#5281);
#5285=DIRECTION('',(8.881784197E-14,1.E0,0.E0));
#5286=VECTOR('',#5285,1.E-2);
#5287=CARTESIAN_POINT('',(-7.7E0,1.9E1,-3.8E0));
#5288=LINE('',#5287,#5286);
#5289=CURVE_STYLE('',#26,POSITIVE_LENGTH_MEASURE(2.E-2),#15);
#5290=PRESENTATION_STYLE_ASSIGNMENT((#5289));
#5291=STYLED_ITEM('',(#5290),#5288);
#5292=DIRECTION('',(0.E0,1.E0,0.E0));
#5293=VECTOR('',#5292,1.E-2);
#5294=CARTESIAN_POINT('',(2.825729930634E0,1.9E1,-2.095323461406E0));
#5295=LINE('',#5294,#5293);
#5296=CURVE_STYLE('',#26,POSITIVE_LENGTH_MEASURE(2.E-2),#15);
#5297=PRESENTATION_STYLE_ASSIGNMENT((#5296));
#5298=STYLED_ITEM('',(#5297),#5295);
#5299=DIRECTION('',(0.E0,1.E0,0.E0));
#5300=VECTOR('',#5299,1.E-2);
#5301=CARTESIAN_POINT('',(2.825729930634E0,1.9E1,-2.432823461406E0));
#5302=LINE('',#5301,#5300);
#5303=CURVE_STYLE('',#26,POSITIVE_LENGTH_MEASURE(2.E-2),#15);
#5304=PRESENTATION_STYLE_ASSIGNMENT((#5303));
#5305=STYLED_ITEM('',(#5304),#5302);
#5306=DIRECTION('',(0.E0,1.E0,0.E0));
#5307=VECTOR('',#5306,1.E-2);
#5308=CARTESIAN_POINT('',(5.066155517334E0,1.9E1,-2.432823461406E0));
#5309=LINE('',#5308,#5307);
#5310=CURVE_STYLE('',#26,POSITIVE_LENGTH_MEASURE(2.E-2),#15);
#5311=PRESENTATION_STYLE_ASSIGNMENT((#5310));
#5312=STYLED_ITEM('',(#5311),#5309);
#5313=DIRECTION('',(0.E0,1.E0,0.E0));
#5314=VECTOR('',#5313,1.E-2);
#5315=CARTESIAN_POINT('',(4.664027744765E0,1.9E1,-2.770323461406E0));
#5316=LINE('',#5315,#5314);
#5317=CURVE_STYLE('',#26,POSITIVE_LENGTH_MEASURE(2.E-2),#15);
#5318=PRESENTATION_STYLE_ASSIGNMENT((#5317));
#5319=STYLED_ITEM('',(#5318),#5316);
#5320=DIRECTION('',(0.E0,1.E0,8.881784197E-14));
#5321=VECTOR('',#5320,1.E-2);
#5322=CARTESIAN_POINT('',(5.123602318997E0,1.9E1,-2.770323461406E0));
#5323=LINE('',#5322,#5321);
#5324=CURVE_STYLE('',#26,POSITIVE_LENGTH_MEASURE(2.E-2),#15);
#5325=PRESENTATION_STYLE_ASSIGNMENT((#5324));
#5326=STYLED_ITEM('',(#5325),#5323);
#5327=DIRECTION('',(0.E0,1.E0,0.E0));
#5328=VECTOR('',#5327,1.E-2);
#5329=CARTESIAN_POINT('',(5.525729930634E0,1.9E1,-2.432823461406E0));
#5330=LINE('',#5329,#5328);
#5331=CURVE_STYLE('',#26,POSITIVE_LENGTH_MEASURE(2.E-2),#15);
#5332=PRESENTATION_STYLE_ASSIGNMENT((#5331));
#5333=STYLED_ITEM('',(#5332),#5330);
#5334=DIRECTION('',(0.E0,1.E0,0.E0));
#5335=VECTOR('',#5334,1.E-2);
#5336=CARTESIAN_POINT('',(5.525729930634E0,1.9E1,-2.095323461406E0));
#5337=LINE('',#5336,#5335);
#5338=CURVE_STYLE('',#26,POSITIVE_LENGTH_MEASURE(2.E-2),#15);
#5339=PRESENTATION_STYLE_ASSIGNMENT((#5338));
#5340=STYLED_ITEM('',(#5339),#5337);
#5341=DIRECTION('',(1.E0,0.E0,0.E0));
#5342=VECTOR('',#5341,2.7E0);
#5343=CARTESIAN_POINT('',(2.825729930634E0,1.901E1,-2.095323461406E0));
#5344=LINE('',#5343,#5342);
#5345=CURVE_STYLE('',#26,POSITIVE_LENGTH_MEASURE(2.E-2),#15);
#5346=PRESENTATION_STYLE_ASSIGNMENT((#5345));
#5347=STYLED_ITEM('',(#5346),#5344);
#5348=DIRECTION('',(0.E0,0.E0,1.E0));
#5349=VECTOR('',#5348,3.375E-1);
#5350=CARTESIAN_POINT('',(2.825729930634E0,1.901E1,-2.432823461406E0));
#5351=LINE('',#5350,#5349);
#5352=CURVE_STYLE('',#26,POSITIVE_LENGTH_MEASURE(2.E-2),#15);
#5353=PRESENTATION_STYLE_ASSIGNMENT((#5352));
#5354=STYLED_ITEM('',(#5353),#5351);
#5355=DIRECTION('',(-1.E0,0.E0,0.E0));
#5356=VECTOR('',#5355,2.240425586700E0);
#5357=CARTESIAN_POINT('',(5.066155517334E0,1.901E1,-2.432823461406E0));
#5358=LINE('',#5357,#5356);
#5359=CURVE_STYLE('',#26,POSITIVE_LENGTH_MEASURE(2.E-2),#15);
#5360=PRESENTATION_STYLE_ASSIGNMENT((#5359));
#5361=STYLED_ITEM('',(#5360),#5358);
#5362=DIRECTION('',(7.659743427825E-1,0.E0,6.428711427642E-1));
#5363=VECTOR('',#5362,5.249885669915E-1);
#5364=CARTESIAN_POINT('',(4.664027744765E0,1.901E1,-2.770323461406E0));
#5365=LINE('',#5364,#5363);
#5366=CURVE_STYLE('',#26,POSITIVE_LENGTH_MEASURE(2.E-2),#15);
#5367=PRESENTATION_STYLE_ASSIGNMENT((#5366));
#5368=STYLED_ITEM('',(#5367),#5365);
#5369=DIRECTION('',(-1.E0,0.E0,0.E0));
#5370=VECTOR('',#5369,4.595745742321E-1);
#5371=CARTESIAN_POINT('',(5.123602318997E0,1.901E1,-2.770323461406E0));
#5372=LINE('',#5371,#5370);
#5373=CURVE_STYLE('',#26,POSITIVE_LENGTH_MEASURE(2.E-2),#15);
#5374=PRESENTATION_STYLE_ASSIGNMENT((#5373));
#5375=STYLED_ITEM('',(#5374),#5372);
#5376=DIRECTION('',(-7.659742160926E-1,0.E0,-6.428712937139E-1));
#5377=VECTOR('',#5376,5.249884437214E-1);
#5378=CARTESIAN_POINT('',(5.525729930634E0,1.901E1,-2.432823461406E0));
#5379=LINE('',#5378,#5377);
#5380=CURVE_STYLE('',#26,POSITIVE_LENGTH_MEASURE(2.E-2),#15);
#5381=PRESENTATION_STYLE_ASSIGNMENT((#5380));
#5382=STYLED_ITEM('',(#5381),#5379);
#5383=DIRECTION('',(0.E0,0.E0,-1.E0));
#5384=VECTOR('',#5383,3.375E-1);
#5385=CARTESIAN_POINT('',(5.525729930634E0,1.901E1,-2.095323461406E0));
#5386=LINE('',#5385,#5384);
#5387=CURVE_STYLE('',#26,POSITIVE_LENGTH_MEASURE(2.E-2),#15);
#5388=PRESENTATION_STYLE_ASSIGNMENT((#5387));
#5389=STYLED_ITEM('',(#5388),#5386);
#5390=DIRECTION('',(6.080769234738E-1,0.E0,7.938781110087E-1));
#5391=VECTOR('',#5390,2.834187556449E-1);
#5392=CARTESIAN_POINT('',(4.032112926478E0,1.901E1,-1.251573461406E0));
#5393=LINE('',#5392,#5391);
#5394=CURVE_STYLE('',#26,POSITIVE_LENGTH_MEASURE(2.E-2),#15);
#5395=PRESENTATION_STYLE_ASSIGNMENT((#5394));
#5396=STYLED_ITEM('',(#5395),#5393);
#5397=DIRECTION('',(0.E0,0.E0,1.E0));
#5398=VECTOR('',#5397,3.937500268221E-1);
#5399=CARTESIAN_POINT('',(4.032112926478E0,1.901E1,-1.645323488228E0));
#5400=LINE('',#5399,#5398);
#5401=CURVE_STYLE('',#26,POSITIVE_LENGTH_MEASURE(2.E-2),#15);
#5402=PRESENTATION_STYLE_ASSIGNMENT((#5401));
#5403=STYLED_ITEM('',(#5402),#5400);
#5404=DIRECTION('',(-1.E0,0.E0,0.E0));
#5405=VECTOR('',#5404,1.493617004156E0);
#5406=CARTESIAN_POINT('',(5.525729930634E0,1.901E1,-1.645323488228E0));
#5407=LINE('',#5406,#5405);
#5408=CURVE_STYLE('',#26,POSITIVE_LENGTH_MEASURE(2.E-2),#15);
#5409=PRESENTATION_STYLE_ASSIGNMENT((#5408));
#5410=STYLED_ITEM('',(#5409),#5407);
#5411=DIRECTION('',(0.E0,0.E0,-1.E0));
#5412=VECTOR('',#5411,1.912500026822E0);
#5413=CARTESIAN_POINT('',(5.525729930634E0,1.901E1,2.671765385942E-1));
#5414=LINE('',#5413,#5412);
#5415=CURVE_STYLE('',#26,POSITIVE_LENGTH_MEASURE(2.E-2),#15);
#5416=PRESENTATION_STYLE_ASSIGNMENT((#5415));
#5417=STYLED_ITEM('',(#5416),#5414);
#5418=DIRECTION('',(1.E0,0.E0,0.E0));
#5419=VECTOR('',#5418,2.872340083122E-1);
#5420=CARTESIAN_POINT('',(5.238495922322E0,1.901E1,2.671765385942E-1));
#5421=LINE('',#5420,#5419);
#5422=CURVE_STYLE('',#26,POSITIVE_LENGTH_MEASURE(2.E-2),#15);
#5423=PRESENTATION_STYLE_ASSIGNMENT((#5422));
#5424=STYLED_ITEM('',(#5423),#5421);
#5425=DIRECTION('',(0.E0,0.E0,1.E0));
#5426=VECTOR('',#5425,1.631250053644E0);
#5427=CARTESIAN_POINT('',(5.238495922322E0,1.901E1,-1.364073515050E0));
#5428=LINE('',#5427,#5426);
#5429=CURVE_STYLE('',#26,POSITIVE_LENGTH_MEASURE(2.E-2),#15);
#5430=PRESENTATION_STYLE_ASSIGNMENT((#5429));
#5431=STYLED_ITEM('',(#5430),#5428);
#5432=DIRECTION('',(1.E0,0.E0,0.E0));
#5433=VECTOR('',#5432,9.191489875317E-1);
#5434=CARTESIAN_POINT('',(4.319346934790E0,1.901E1,-1.364073515050E0));
#5435=LINE('',#5434,#5433);
#5436=CURVE_STYLE('',#26,POSITIVE_LENGTH_MEASURE(2.E-2),#15);
#5437=PRESENTATION_STYLE_ASSIGNMENT((#5436));
#5438=STYLED_ITEM('',(#5437),#5435);
#5439=DIRECTION('',(-5.224768561414E-1,0.E0,-8.526534670056E-1));
#5440=VECTOR('',#5439,3.298527063191E-1);
#5441=CARTESIAN_POINT('',(4.491687339777E0,1.901E1,-1.082823461406E0));
#5442=LINE('',#5441,#5440);
#5443=CURVE_STYLE('',#26,POSITIVE_LENGTH_MEASURE(2.E-2),#15);
#5444=PRESENTATION_STYLE_ASSIGNMENT((#5443));
#5445=STYLED_ITEM('',(#5444),#5442);
#5446=DIRECTION('',(-2.001233184181E-1,0.E0,-9.797707167625E-1));
#5447=VECTOR('',#5446,2.870570112296E-1);
#5448=CARTESIAN_POINT('',(4.549134141440E0,1.901E1,-8.015734077616E-1));
#5449=LINE('',#5448,#5447);
#5450=CURVE_STYLE('',#26,POSITIVE_LENGTH_MEASURE(2.E-2),#15);
#5451=PRESENTATION_STYLE_ASSIGNMENT((#5450));
#5452=STYLED_ITEM('',(#5451),#5449);
#5453=DIRECTION('',(0.E0,0.E0,-1.E0));
#5454=VECTOR('',#5453,3.375E-1);
#5455=CARTESIAN_POINT('',(4.549134141440E0,1.901E1,-4.640734077616E-1));
#5456=LINE('',#5455,#5454);
#5457=CURVE_STYLE('',#26,POSITIVE_LENGTH_MEASURE(2.E-2),#15);
#5458=PRESENTATION_STYLE_ASSIGNMENT((#5457));
#5459=STYLED_ITEM('',(#5458),#5456);
#5460=DIRECTION('',(2.001234283435E-1,0.E0,-9.797706943097E-1));
#5461=VECTOR('',#5460,2.870568535527E-1);
#5462=CARTESIAN_POINT('',(4.491687339777E0,1.901E1,-1.828235150500E-1));
#5463=LINE('',#5462,#5461);
#5464=CURVE_STYLE('',#26,POSITIVE_LENGTH_MEASURE(2.E-2),#15);
#5465=PRESENTATION_STYLE_ASSIGNMENT((#5464));
#5466=STYLED_ITEM('',(#5465),#5463);
#5467=DIRECTION('',(5.224768561414E-1,0.E0,-8.526534670056E-1));
#5468=VECTOR('',#5467,3.298527063191E-1);
#5469=CARTESIAN_POINT('',(4.319346934790E0,1.901E1,9.842653859420E-2));
#5470=LINE('',#5469,#5468);
#5471=CURVE_STYLE('',#26,POSITIVE_LENGTH_MEASURE(2.E-2),#15);
#5472=PRESENTATION_STYLE_ASSIGNMENT((#5471));
#5473=STYLED_ITEM('',(#5472),#5470);
#5474=DIRECTION('',(8.060043958311E-1,0.E0,-5.919095487496E-1));
#5475=VECTOR('',#5474,2.850942350170E-1);
#5476=CARTESIAN_POINT('',(4.089559728140E0,1.901E1,2.671765385942E-1));
#5477=LINE('',#5476,#5475);
#5478=CURVE_STYLE('',#26,POSITIVE_LENGTH_MEASURE(2.E-2),#15);
#5479=PRESENTATION_STYLE_ASSIGNMENT((#5478));
#5480=STYLED_ITEM('',(#5479),#5477);
#5481=DIRECTION('',(9.311283887994E-1,0.E0,-3.646915457917E-1));
#5482=VECTOR('',#5481,3.084795740670E-1);
#5483=CARTESIAN_POINT('',(3.802325639362E0,1.901E1,3.796764313058E-1));
#5484=LINE('',#5483,#5482);
#5485=CURVE_STYLE('',#26,POSITIVE_LENGTH_MEASURE(2.E-2),#15);
#5486=PRESENTATION_STYLE_ASSIGNMENT((#5485));
#5487=STYLED_ITEM('',(#5486),#5484);
#5488=DIRECTION('',(1.E0,0.E0,0.E0));
#5489=VECTOR('',#5488,2.297872066498E-1);
#5490=CARTESIAN_POINT('',(3.572538432712E0,1.901E1,3.796764313058E-1));
#5491=LINE('',#5490,#5489);
#5492=CURVE_STYLE('',#26,POSITIVE_LENGTH_MEASURE(2.E-2),#15);
#5493=PRESENTATION_STYLE_ASSIGNMENT((#5492));
#5494=STYLED_ITEM('',(#5493),#5491);
#5495=DIRECTION('',(9.311283714530E-1,0.E0,3.646915900803E-1));
#5496=VECTOR('',#5495,3.084795366048E-1);
#5497=CARTESIAN_POINT('',(3.285304384167E0,1.901E1,2.671765385942E-1));
#5498=LINE('',#5497,#5496);
#5499=CURVE_STYLE('',#26,POSITIVE_LENGTH_MEASURE(2.E-2),#15);
#5500=PRESENTATION_STYLE_ASSIGNMENT((#5499));
#5501=STYLED_ITEM('',(#5500),#5498);
#5502=DIRECTION('',(8.060044205527E-1,0.E0,5.919095150862E-1));
#5503=VECTOR('',#5502,2.850942512310E-1);
#5504=CARTESIAN_POINT('',(3.055517157400E0,1.901E1,9.842653859420E-2));
#5505=LINE('',#5504,#5503);
#5506=CURVE_STYLE('',#26,POSITIVE_LENGTH_MEASURE(2.E-2),#15);
#5507=PRESENTATION_STYLE_ASSIGNMENT((#5506));
#5508=STYLED_ITEM('',(#5507),#5505);
#5509=DIRECTION('',(5.224768893951E-1,0.E0,8.526534466288E-1));
#5510=VECTOR('',#5509,3.298527142020E-1);
#5511=CARTESIAN_POINT('',(2.883176737326E0,1.901E1,-1.828235150500E-1));
#5512=LINE('',#5511,#5510);
#5513=CURVE_STYLE('',#26,POSITIVE_LENGTH_MEASURE(2.E-2),#15);
#5514=PRESENTATION_STYLE_ASSIGNMENT((#5513));
#5515=STYLED_ITEM('',(#5514),#5512);
#5516=DIRECTION('',(2.001234451615E-1,0.E0,9.797706908745E-1));
#5517=VECTOR('',#5516,2.870568545591E-1);
#5518=CARTESIAN_POINT('',(2.825729930634E0,1.901E1,-4.640734077616E-1));
#5519=LINE('',#5518,#5517);
#5520=CURVE_STYLE('',#26,POSITIVE_LENGTH_MEASURE(2.E-2),#15);
#5521=PRESENTATION_STYLE_ASSIGNMENT((#5520));
#5522=STYLED_ITEM('',(#5521),#5519);
#5523=DIRECTION('',(0.E0,0.E0,1.E0));
#5524=VECTOR('',#5523,3.375E-1);
#5525=CARTESIAN_POINT('',(2.825729930634E0,1.901E1,-8.015734077616E-1));
#5526=LINE('',#5525,#5524);
#5527=CURVE_STYLE('',#26,POSITIVE_LENGTH_MEASURE(2.E-2),#15);
#5528=PRESENTATION_STYLE_ASSIGNMENT((#5527));
#5529=STYLED_ITEM('',(#5528),#5526);
#5530=DIRECTION('',(-2.001233352361E-1,0.E0,9.797707133274E-1));
#5531=VECTOR('',#5530,2.870570122361E-1);
#5532=CARTESIAN_POINT('',(2.883176737326E0,1.901E1,-1.082823461406E0));
#5533=LINE('',#5532,#5531);
#5534=CURVE_STYLE('',#26,POSITIVE_LENGTH_MEASURE(2.E-2),#15);
#5535=PRESENTATION_STYLE_ASSIGNMENT((#5534));
#5536=STYLED_ITEM('',(#5535),#5533);
#5537=DIRECTION('',(-5.224768893951E-1,0.E0,8.526534466288E-1));
#5538=VECTOR('',#5537,3.298527142020E-1);
#5539=CARTESIAN_POINT('',(3.055517157400E0,1.901E1,-1.364073515050E0));
#5540=LINE('',#5539,#5538);
#5541=CURVE_STYLE('',#26,POSITIVE_LENGTH_MEASURE(2.E-2),#15);
#5542=PRESENTATION_STYLE_ASSIGNMENT((#5541));
#5543=STYLED_ITEM('',(#5542),#5540);
#5544=DIRECTION('',(-8.060045552063E-1,0.E0,5.919093317280E-1));
#5545=VECTOR('',#5544,2.850942036023E-1);
#5546=CARTESIAN_POINT('',(3.285304384167E0,1.901E1,-1.532823434584E0));
#5547=LINE('',#5546,#5545);
#5548=CURVE_STYLE('',#26,POSITIVE_LENGTH_MEASURE(2.E-2),#15);
#5549=PRESENTATION_STYLE_ASSIGNMENT((#5548));
#5550=STYLED_ITEM('',(#5549),#5547);
#5551=DIRECTION('',(-8.981380447713E-1,0.E0,4.397136028534E-1));
#5552=VECTOR('',#5551,2.558484725379E-1);
#5553=CARTESIAN_POINT('',(3.515091631050E0,1.901E1,-1.645323488228E0));
#5554=LINE('',#5553,#5552);
#5555=CURVE_STYLE('',#26,POSITIVE_LENGTH_MEASURE(2.E-2),#15);
#5556=PRESENTATION_STYLE_ASSIGNMENT((#5555));
#5557=STYLED_ITEM('',(#5556),#5554);
#5558=DIRECTION('',(0.E0,0.E0,-1.E0));
#5559=VECTOR('',#5558,3.375000804663E-1);
#5560=CARTESIAN_POINT('',(3.515091631050E0,1.901E1,-1.307823407762E0));
#5561=LINE('',#5560,#5559);
#5562=CURVE_STYLE('',#26,POSITIVE_LENGTH_MEASURE(2.E-2),#15);
#5563=PRESENTATION_STYLE_ASSIGNMENT((#5562));
#5564=STYLED_ITEM('',(#5563),#5561);
#5565=DIRECTION('',(8.981382931841E-1,0.E0,-4.397130954570E-1));
#5566=VECTOR('',#5565,2.558484017737E-1);
#5567=CARTESIAN_POINT('',(3.285304384167E0,1.901E1,-1.195323515050E0));
#5568=LINE('',#5567,#5566);
#5569=CURVE_STYLE('',#26,POSITIVE_LENGTH_MEASURE(2.E-2),#15);
#5570=PRESENTATION_STYLE_ASSIGNMENT((#5569));
#5571=STYLED_ITEM('',(#5570),#5568);
#5572=DIRECTION('',(5.627909312417E-1,0.E0,-8.265992787996E-1));
#5573=VECTOR('',#5572,2.041497063064E-1);
#5574=CARTESIAN_POINT('',(3.170410780842E0,1.901E1,-1.026573515050E0));
#5575=LINE('',#5574,#5573);
#5576=CURVE_STYLE('',#26,POSITIVE_LENGTH_MEASURE(2.E-2),#15);
#5577=PRESENTATION_STYLE_ASSIGNMENT((#5576));
#5578=STYLED_ITEM('',(#5577),#5575);
#5579=DIRECTION('',(2.473831068378E-1,0.E0,-9.689177459678E-1));
#5580=VECTOR('',#5579,2.322179650695E-1);
#5581=CARTESIAN_POINT('',(3.112963979179E0,1.901E1,-8.015734077616E-1));
#5582=LINE('',#5581,#5580);
#5583=CURVE_STYLE('',#26,POSITIVE_LENGTH_MEASURE(2.E-2),#15);
#5584=PRESENTATION_STYLE_ASSIGNMENT((#5583));
#5585=STYLED_ITEM('',(#5584),#5582);
#5586=DIRECTION('',(0.E0,0.E0,-1.E0));
#5587=VECTOR('',#5586,3.375E-1);
#5588=CARTESIAN_POINT('',(3.112963979179E0,1.901E1,-4.640734077616E-1));
#5589=LINE('',#5588,#5587);
#5590=CURVE_STYLE('',#26,POSITIVE_LENGTH_MEASURE(2.E-2),#15);
#5591=PRESENTATION_STYLE_ASSIGNMENT((#5590));
#5592=STYLED_ITEM('',(#5591),#5589);
#5593=DIRECTION('',(-2.473832729514E-1,0.E0,-9.689177035558E-1));
#5594=VECTOR('',#5593,2.322178091391E-1);
#5595=CARTESIAN_POINT('',(3.170410780842E0,1.901E1,-2.390734614058E-1));
#5596=LINE('',#5595,#5594);
#5597=CURVE_STYLE('',#26,POSITIVE_LENGTH_MEASURE(2.E-2),#15);
#5598=PRESENTATION_STYLE_ASSIGNMENT((#5597));
#5599=STYLED_ITEM('',(#5598),#5596);
#5600=DIRECTION('',(-5.627909312417E-1,0.E0,-8.265992787996E-1));
#5601=VECTOR('',#5600,2.041497063064E-1);
#5602=CARTESIAN_POINT('',(3.285304384167E0,1.901E1,-7.032346140580E-2));
#5603=LINE('',#5602,#5601);
#5604=CURVE_STYLE('',#26,POSITIVE_LENGTH_MEASURE(2.E-2),#15);
#5605=PRESENTATION_STYLE_ASSIGNMENT((#5604));
#5606=STYLED_ITEM('',(#5605),#5603);
#5607=DIRECTION('',(-8.373794175671E-1,0.E0,-5.466220916090E-1));
#5608=VECTOR('',#5607,2.058092683018E-1);
#5609=CARTESIAN_POINT('',(3.457644829387E0,1.901E1,4.217643130584E-2));
#5610=LINE('',#5609,#5608);
#5611=CURVE_STYLE('',#26,POSITIVE_LENGTH_MEASURE(2.E-2),#15);
#5612=PRESENTATION_STYLE_ASSIGNMENT((#5611));
#5613=STYLED_ITEM('',(#5612),#5610);
#5614=DIRECTION('',(-9.506450175458E-1,0.E0,-3.102805998049E-1));
#5615=VECTOR('',#5614,1.812878643516E-1);
#5616=CARTESIAN_POINT('',(3.629985234374E0,1.901E1,9.842653859420E-2));
#5617=LINE('',#5616,#5615);
#5618=CURVE_STYLE('',#26,POSITIVE_LENGTH_MEASURE(2.E-2),#15);
#5619=PRESENTATION_STYLE_ASSIGNMENT((#5618));
#5620=STYLED_ITEM('',(#5619),#5617);
#5621=DIRECTION('',(-1.E0,0.E0,0.E0));
#5622=VECTOR('',#5621,1.148936033249E-1);
#5623=CARTESIAN_POINT('',(3.744878837699E0,1.901E1,9.842653859420E-2));
#5624=LINE('',#5623,#5622);
#5625=CURVE_STYLE('',#26,POSITIVE_LENGTH_MEASURE(2.E-2),#15);
#5626=PRESENTATION_STYLE_ASSIGNMENT((#5625));
#5627=STYLED_ITEM('',(#5626),#5624);
#5628=DIRECTION('',(-9.506450602779E-1,0.E0,3.102804688813E-1));
#5629=VECTOR('',#5628,1.812879408464E-1);
#5630=CARTESIAN_POINT('',(3.917219323153E0,1.901E1,4.217643130584E-2));
#5631=LINE('',#5630,#5629);
#5632=CURVE_STYLE('',#26,POSITIVE_LENGTH_MEASURE(2.E-2),#15);
#5633=PRESENTATION_STYLE_ASSIGNMENT((#5632));
#5634=STYLED_ITEM('',(#5633),#5631);
#5635=DIRECTION('',(-8.373793591563E-1,0.E0,5.466221810895E-1));
#5636=VECTOR('',#5635,2.058092346114E-1);
#5637=CARTESIAN_POINT('',(4.089559728140E0,1.901E1,-7.032346140580E-2));
#5638=LINE('',#5637,#5636);
#5639=CURVE_STYLE('',#26,POSITIVE_LENGTH_MEASURE(2.E-2),#15);
#5640=PRESENTATION_STYLE_ASSIGNMENT((#5639));
#5641=STYLED_ITEM('',(#5640),#5638);
#5642=DIRECTION('',(-5.627909312417E-1,0.E0,8.265992787996E-1));
#5643=VECTOR('',#5642,2.041497063064E-1);
#5644=CARTESIAN_POINT('',(4.204453331465E0,1.901E1,-2.390734614058E-1));
#5645=LINE('',#5644,#5643);
#5646=CURVE_STYLE('',#26,POSITIVE_LENGTH_MEASURE(2.E-2),#15);
#5647=PRESENTATION_STYLE_ASSIGNMENT((#5646));
#5648=STYLED_ITEM('',(#5647),#5645);
#5649=DIRECTION('',(-2.473832729514E-1,0.E0,9.689177035558E-1));
#5650=VECTOR('',#5649,2.322178091391E-1);
#5651=CARTESIAN_POINT('',(4.261900133128E0,1.901E1,-4.640734077616E-1));
#5652=LINE('',#5651,#5650);
#5653=CURVE_STYLE('',#26,POSITIVE_LENGTH_MEASURE(2.E-2),#15);
#5654=PRESENTATION_STYLE_ASSIGNMENT((#5653));
#5655=STYLED_ITEM('',(#5654),#5652);
#5656=DIRECTION('',(0.E0,0.E0,1.E0));
#5657=VECTOR('',#5656,3.375E-1);
#5658=CARTESIAN_POINT('',(4.261900133128E0,1.901E1,-8.015734077616E-1));
#5659=LINE('',#5658,#5657);
#5660=CURVE_STYLE('',#26,POSITIVE_LENGTH_MEASURE(2.E-2),#15);
#5661=PRESENTATION_STYLE_ASSIGNMENT((#5660));
#5662=STYLED_ITEM('',(#5661),#5659);
#5663=DIRECTION('',(2.473831068378E-1,0.E0,9.689177459678E-1));
#5664=VECTOR('',#5663,2.322179650695E-1);
#5665=CARTESIAN_POINT('',(4.204453331465E0,1.901E1,-1.026573515050E0));
#5666=LINE('',#5665,#5664);
#5667=CURVE_STYLE('',#26,POSITIVE_LENGTH_MEASURE(2.E-2),#15);
#5668=PRESENTATION_STYLE_ASSIGNMENT((#5667));
#5669=STYLED_ITEM('',(#5668),#5666);
#5670=DIRECTION('',(-1.E0,0.E0,0.E0));
#5671=VECTOR('',#5670,5.170212149620E-1);
#5672=CARTESIAN_POINT('',(4.434240538115E0,1.901E1,8.296766458826E-1));
#5673=LINE('',#5672,#5671);
#5674=CURVE_STYLE('',#26,POSITIVE_LENGTH_MEASURE(2.E-2),#15);
#5675=PRESENTATION_STYLE_ASSIGNMENT((#5674));
#5676=STYLED_ITEM('',(#5675),#5673);
#5677=DIRECTION('',(-9.813592727596E-1,0.E0,-1.921821473726E-1));
#5678=VECTOR('',#5677,2.926899620610E-1);
#5679=CARTESIAN_POINT('',(4.721474546427E0,1.901E1,8.859264313058E-1));
#5680=LINE('',#5679,#5678);
#5681=CURVE_STYLE('',#26,POSITIVE_LENGTH_MEASURE(2.E-2),#15);
#5682=PRESENTATION_STYLE_ASSIGNMENT((#5681));
#5683=STYLED_ITEM('',(#5682),#5680);
#5684=DIRECTION('',(-9.506451030099E-1,0.E0,-3.102803379578E-1));
#5685=VECTOR('',#5684,1.812880173413E-1);
#5686=CARTESIAN_POINT('',(4.893815112347E0,1.901E1,9.421765385942E-1));
#5687=LINE('',#5686,#5685);
#5688=CURVE_STYLE('',#26,POSITIVE_LENGTH_MEASURE(2.E-2),#15);
#5689=PRESENTATION_STYLE_ASSIGNMENT((#5688));
#5690=STYLED_ITEM('',(#5689),#5687);
#5691=DIRECTION('',(-8.981382627794E-1,0.E0,-4.397131575602E-1));
#5692=VECTOR('',#5691,2.558483656388E-1);
#5693=CARTESIAN_POINT('',(5.123602318997E0,1.901E1,1.054676431306E0));
#5694=LINE('',#5693,#5692);
#5695=CURVE_STYLE('',#26,POSITIVE_LENGTH_MEASURE(2.E-2),#15);
#5696=PRESENTATION_STYLE_ASSIGNMENT((#5695));
#5697=STYLED_ITEM('',(#5696),#5694);
#5698=DIRECTION('',(-7.145103848018E-1,0.E0,-6.996248351869E-1));
#5699=VECTOR('',#5698,2.412007000222E-1);
#5700=CARTESIAN_POINT('',(5.295942723984E0,1.901E1,1.223426431306E0));
#5701=LINE('',#5700,#5699);
#5702=CURVE_STYLE('',#26,POSITIVE_LENGTH_MEASURE(2.E-2),#15);
#5703=PRESENTATION_STYLE_ASSIGNMENT((#5702));
#5704=STYLED_ITEM('',(#5703),#5701);
#5705=DIRECTION('',(-5.224766387895E-1,0.E0,-8.526536001913E-1));
#5706=VECTOR('',#5705,3.298528435388E-1);
#5707=CARTESIAN_POINT('',(5.468283128971E0,1.901E1,1.504676645883E0));
#5708=LINE('',#5707,#5706);
#5709=CURVE_STYLE('',#26,POSITIVE_LENGTH_MEASURE(2.E-2),#15);
#5710=PRESENTATION_STYLE_ASSIGNMENT((#5709));
#5711=STYLED_ITEM('',(#5710),#5708);
#5712=DIRECTION('',(-1.677993286083E-1,0.E0,-9.858211730931E-1));
#5713=VECTOR('',#5712,3.423541806686E-1);
#5714=CARTESIAN_POINT('',(5.525729930634E0,1.901E1,1.842176645883E0));
#5715=LINE('',#5714,#5713);
#5716=CURVE_STYLE('',#26,POSITIVE_LENGTH_MEASURE(2.E-2),#15);
#5717=PRESENTATION_STYLE_ASSIGNMENT((#5716));
#5718=STYLED_ITEM('',(#5717),#5715);
#5719=DIRECTION('',(1.677993286083E-1,0.E0,-9.858211730931E-1));
#5720=VECTOR('',#5719,3.423541806686E-1);
#5721=CARTESIAN_POINT('',(5.468283128971E0,1.901E1,2.179676645883E0));
#5722=LINE('',#5721,#5720);
#5723=CURVE_STYLE('',#26,POSITIVE_LENGTH_MEASURE(2.E-2),#15);
#5724=PRESENTATION_STYLE_ASSIGNMENT((#5723));
#5725=STYLED_ITEM('',(#5724),#5722);
#5726=DIRECTION('',(5.224770734933E-1,0.E0,-8.526533338197E-1));
#5727=VECTOR('',#5726,3.298525690995E-1);
#5728=CARTESIAN_POINT('',(5.295942723984E0,1.901E1,2.460926538594E0));
#5729=LINE('',#5728,#5727);
#5730=CURVE_STYLE('',#26,POSITIVE_LENGTH_MEASURE(2.E-2),#15);
#5731=PRESENTATION_STYLE_ASSIGNMENT((#5730));
#5732=STYLED_ITEM('',(#5731),#5729);
#5733=DIRECTION('',(7.145103848018E-1,0.E0,-6.996248351869E-1));
#5734=VECTOR('',#5733,2.412007000222E-1);
#5735=CARTESIAN_POINT('',(5.123602318997E0,1.901E1,2.629676538594E0));
#5736=LINE('',#5735,#5734);
#5737=CURVE_STYLE('',#26,POSITIVE_LENGTH_MEASURE(2.E-2),#15);
#5738=PRESENTATION_STYLE_ASSIGNMENT((#5737));
#5739=STYLED_ITEM('',(#5738),#5736);
#5740=DIRECTION('',(8.981377659536E-1,0.E0,-4.397141723527E-1));
#5741=VECTOR('',#5740,2.558485071673E-1);
#5742=CARTESIAN_POINT('',(4.893815112347E0,1.901E1,2.742176753171E0));
#5743=LINE('',#5742,#5741);
#5744=CURVE_STYLE('',#26,POSITIVE_LENGTH_MEASURE(2.E-2),#15);
#5745=PRESENTATION_STYLE_ASSIGNMENT((#5744));
#5746=STYLED_ITEM('',(#5745),#5743);
#5747=DIRECTION('',(9.506456267027E-1,0.E0,-3.102787334496E-1));
#5748=VECTOR('',#5747,1.812879174731E-1);
#5749=CARTESIAN_POINT('',(4.721474546427E0,1.901E1,2.798426538594E0));
#5750=LINE('',#5749,#5748);
#5751=CURVE_STYLE('',#26,POSITIVE_LENGTH_MEASURE(2.E-2),#15);
#5752=PRESENTATION_STYLE_ASSIGNMENT((#5751));
#5753=STYLED_ITEM('',(#5752),#5750);
#5754=DIRECTION('',(9.813592727596E-1,0.E0,-1.921821473726E-1));
#5755=VECTOR('',#5754,2.926899620610E-1);
#5756=CARTESIAN_POINT('',(4.434240538115E0,1.901E1,2.854676324017E0));
#5757=LINE('',#5756,#5755);
#5758=CURVE_STYLE('',#26,POSITIVE_LENGTH_MEASURE(2.E-2),#15);
#5759=PRESENTATION_STYLE_ASSIGNMENT((#5758));
#5760=STYLED_ITEM('',(#5759),#5757);
#5761=DIRECTION('',(1.E0,0.E0,0.E0));
#5762=VECTOR('',#5761,5.170212149620E-1);
#5763=CARTESIAN_POINT('',(3.917219323153E0,1.901E1,2.854676324017E0));
#5764=LINE('',#5763,#5762);
#5765=CURVE_STYLE('',#26,POSITIVE_LENGTH_MEASURE(2.E-2),#15);
#5766=PRESENTATION_STYLE_ASSIGNMENT((#5765));
#5767=STYLED_ITEM('',(#5766),#5764);
#5768=DIRECTION('',(9.813592829135E-1,0.E0,1.921820955228E-1));
#5769=VECTOR('',#5768,2.926900410273E-1);
#5770=CARTESIAN_POINT('',(3.629985234374E0,1.901E1,2.798426538594E0));
#5771=LINE('',#5770,#5769);
#5772=CURVE_STYLE('',#26,POSITIVE_LENGTH_MEASURE(2.E-2),#15);
#5773=PRESENTATION_STYLE_ASSIGNMENT((#5772));
#5774=STYLED_ITEM('',(#5773),#5771);
#5775=DIRECTION('',(9.506455412394E-1,0.E0,3.102789952956E-1));
#5776=VECTOR('',#5775,1.812877644833E-1);
#5777=CARTESIAN_POINT('',(3.457644829387E0,1.901E1,2.742176753171E0));
#5778=LINE('',#5777,#5776);
#5779=CURVE_STYLE('',#26,POSITIVE_LENGTH_MEASURE(2.E-2),#15);
#5780=PRESENTATION_STYLE_ASSIGNMENT((#5779));
#5781=STYLED_ITEM('',(#5780),#5778);
#5782=DIRECTION('',(8.981377963584E-1,0.E0,4.397141102494E-1));
#5783=VECTOR('',#5782,2.558485433022E-1);
#5784=CARTESIAN_POINT('',(3.227857582504E0,1.901E1,2.629676538594E0));
#5785=LINE('',#5784,#5783);
#5786=CURVE_STYLE('',#26,POSITIVE_LENGTH_MEASURE(2.E-2),#15);
#5787=PRESENTATION_STYLE_ASSIGNMENT((#5786));
#5788=STYLED_ITEM('',(#5787),#5785);
#5789=DIRECTION('',(7.145104256249E-1,0.E0,6.996247934953E-1));
#5790=VECTOR('',#5789,2.412007143957E-1);
#5791=CARTESIAN_POINT('',(3.055517157400E0,1.901E1,2.460926538594E0));
#5792=LINE('',#5791,#5790);
#5793=CURVE_STYLE('',#26,POSITIVE_LENGTH_MEASURE(2.E-2),#15);
#5794=PRESENTATION_STYLE_ASSIGNMENT((#5793));
#5795=STYLED_ITEM('',(#5794),#5792);
#5796=DIRECTION('',(5.224771067470E-1,0.E0,8.526533134429E-1));
#5797=VECTOR('',#5796,3.298525769823E-1);
#5798=CARTESIAN_POINT('',(2.883176737326E0,1.901E1,2.179676645883E0));
#5799=LINE('',#5798,#5797);
#5800=CURVE_STYLE('',#26,POSITIVE_LENGTH_MEASURE(2.E-2),#15);
#5801=PRESENTATION_STYLE_ASSIGNMENT((#5800));
#5802=STYLED_ITEM('',(#5801),#5799);
#5803=DIRECTION('',(1.677993428846E-1,0.E0,9.858211706631E-1));
#5804=VECTOR('',#5803,3.423541815125E-1);
#5805=CARTESIAN_POINT('',(2.825729930634E0,1.901E1,1.842176645883E0));
#5806=LINE('',#5805,#5804);
#5807=CURVE_STYLE('',#26,POSITIVE_LENGTH_MEASURE(2.E-2),#15);
#5808=PRESENTATION_STYLE_ASSIGNMENT((#5807));
#5809=STYLED_ITEM('',(#5808),#5806);
#5810=DIRECTION('',(-1.677993428846E-1,0.E0,9.858211706631E-1));
#5811=VECTOR('',#5810,3.423541815125E-1);
#5812=CARTESIAN_POINT('',(2.883176737326E0,1.901E1,1.504676645883E0));
#5813=LINE('',#5812,#5811);
#5814=CURVE_STYLE('',#26,POSITIVE_LENGTH_MEASURE(2.E-2),#15);
#5815=PRESENTATION_STYLE_ASSIGNMENT((#5814));
#5816=STYLED_ITEM('',(#5815),#5813);
#5817=DIRECTION('',(-5.224766720432E-1,0.E0,8.526535798146E-1));
#5818=VECTOR('',#5817,3.298528514217E-1);
#5819=CARTESIAN_POINT('',(3.055517157400E0,1.901E1,1.223426431306E0));
#5820=LINE('',#5819,#5818);
#5821=CURVE_STYLE('',#26,POSITIVE_LENGTH_MEASURE(2.E-2),#15);
#5822=PRESENTATION_STYLE_ASSIGNMENT((#5821));
#5823=STYLED_ITEM('',(#5822),#5820);
#5824=DIRECTION('',(-7.145104256249E-1,0.E0,6.996247934953E-1));
#5825=VECTOR('',#5824,2.412007143957E-1);
#5826=CARTESIAN_POINT('',(3.227857582504E0,1.901E1,1.054676431306E0));
#5827=LINE('',#5826,#5825);
#5828=CURVE_STYLE('',#26,POSITIVE_LENGTH_MEASURE(2.E-2),#15);
#5829=PRESENTATION_STYLE_ASSIGNMENT((#5828));
#5830=STYLED_ITEM('',(#5829),#5827);
#5831=DIRECTION('',(-8.981382931841E-1,0.E0,4.397130954570E-1));
#5832=VECTOR('',#5831,2.558484017737E-1);
#5833=CARTESIAN_POINT('',(3.457644829387E0,1.901E1,9.421765385942E-1));
#5834=LINE('',#5833,#5832);
#5835=CURVE_STYLE('',#26,POSITIVE_LENGTH_MEASURE(2.E-2),#15);
#5836=PRESENTATION_STYLE_ASSIGNMENT((#5835));
#5837=STYLED_ITEM('',(#5836),#5834);
#5838=DIRECTION('',(-9.506450175458E-1,0.E0,3.102805998049E-1));
#5839=VECTOR('',#5838,1.812878643516E-1);
#5840=CARTESIAN_POINT('',(3.629985234374E0,1.901E1,8.859264313058E-1));
#5841=LINE('',#5840,#5839);
#5842=CURVE_STYLE('',#26,POSITIVE_LENGTH_MEASURE(2.E-2),#15);
#5843=PRESENTATION_STYLE_ASSIGNMENT((#5842));
#5844=STYLED_ITEM('',(#5843),#5841);
#5845=DIRECTION('',(-9.813592829135E-1,0.E0,1.921820955228E-1));
#5846=VECTOR('',#5845,2.926900410273E-1);
#5847=CARTESIAN_POINT('',(3.917219323153E0,1.901E1,8.296766458826E-1));
#5848=LINE('',#5847,#5846);
#5849=CURVE_STYLE('',#26,POSITIVE_LENGTH_MEASURE(2.E-2),#15);
#5850=PRESENTATION_STYLE_ASSIGNMENT((#5849));
#5851=STYLED_ITEM('',(#5850),#5848);
#5852=DIRECTION('',(9.869439482880E-1,0.E0,1.610640957438E-1));
#5853=VECTOR('',#5852,3.492405121614E-1);
#5854=CARTESIAN_POINT('',(4.376793736452E0,1.901E1,1.110926538594E0));
#5855=LINE('',#5854,#5853);
#5856=CURVE_STYLE('',#26,POSITIVE_LENGTH_MEASURE(2.E-2),#15);
#5857=PRESENTATION_STYLE_ASSIGNMENT((#5856));
#5858=STYLED_ITEM('',(#5857),#5855);
#5859=DIRECTION('',(1.E0,0.E0,0.E0));
#5860=VECTOR('',#5859,4.021276116371E-1);
#5861=CARTESIAN_POINT('',(3.974666124815E0,1.901E1,1.110926538594E0));
#5862=LINE('',#5861,#5860);
#5863=CURVE_STYLE('',#26,POSITIVE_LENGTH_MEASURE(2.E-2),#15);
#5864=PRESENTATION_STYLE_ASSIGNMENT((#5863));
#5865=STYLED_ITEM('',(#5864),#5862);
#5866=DIRECTION('',(9.869439542650E-1,0.E0,-1.610640591185E-1));
#5867=VECTOR('',#5866,3.492405915771E-1);
#5868=CARTESIAN_POINT('',(3.629985234374E0,1.901E1,1.167176645883E0));
#5869=LINE('',#5868,#5867);
#5870=CURVE_STYLE('',#26,POSITIVE_LENGTH_MEASURE(2.E-2),#15);
#5871=PRESENTATION_STYLE_ASSIGNMENT((#5870));
#5872=STYLED_ITEM('',(#5871),#5869);
#5873=DIRECTION('',(8.373793883617E-1,0.E0,-5.466221363492E-1));
#5874=VECTOR('',#5873,4.116185029132E-1);
#5875=CARTESIAN_POINT('',(3.285304384167E0,1.901E1,1.392176431306E0));
#5876=LINE('',#5875,#5874);
#5877=CURVE_STYLE('',#26,POSITIVE_LENGTH_MEASURE(2.E-2),#15);
#5878=PRESENTATION_STYLE_ASSIGNMENT((#5877));
#5879=STYLED_ITEM('',(#5878),#5876);
#5880=DIRECTION('',(5.627909312417E-1,0.E0,-8.265992787996E-1));
#5881=VECTOR('',#5880,2.041497063064E-1);
#5882=CARTESIAN_POINT('',(3.170410780842E0,1.901E1,1.560926431306E0));
#5883=LINE('',#5882,#5881);
#5884=CURVE_STYLE('',#26,POSITIVE_LENGTH_MEASURE(2.E-2),#15);
#5885=PRESENTATION_STYLE_ASSIGNMENT((#5884));
#5886=STYLED_ITEM('',(#5885),#5883);
#5887=DIRECTION('',(2.001232084928E-1,0.E0,-9.797707392153E-1));
#5888=VECTOR('',#5887,2.870571689066E-1);
#5889=CARTESIAN_POINT('',(3.112963979179E0,1.901E1,1.842176645883E0));
#5890=LINE('',#5889,#5888);
#5891=CURVE_STYLE('',#26,POSITIVE_LENGTH_MEASURE(2.E-2),#15);
#5892=PRESENTATION_STYLE_ASSIGNMENT((#5891));
#5893=STYLED_ITEM('',(#5892),#5890);
#5894=DIRECTION('',(-2.001234283435E-1,0.E0,-9.797706943097E-1));
#5895=VECTOR('',#5894,2.870568535527E-1);
#5896=CARTESIAN_POINT('',(3.170410780842E0,1.901E1,2.123426538594E0));
#5897=LINE('',#5896,#5895);
#5898=CURVE_STYLE('',#26,POSITIVE_LENGTH_MEASURE(2.E-2),#15);
#5899=PRESENTATION_STYLE_ASSIGNMENT((#5898));
#5900=STYLED_ITEM('',(#5899),#5897);
#5901=DIRECTION('',(-5.627909312417E-1,0.E0,-8.265992787996E-1));
#5902=VECTOR('',#5901,2.041497063064E-1);
#5903=CARTESIAN_POINT('',(3.285304384167E0,1.901E1,2.292176538594E0));
#5904=LINE('',#5903,#5902);
#5905=CURVE_STYLE('',#26,POSITIVE_LENGTH_MEASURE(2.E-2),#15);
#5906=PRESENTATION_STYLE_ASSIGNMENT((#5905));
#5907=STYLED_ITEM('',(#5906),#5904);
#5908=DIRECTION('',(-8.373790304396E-1,0.E0,-5.466226846555E-1));
#5909=VECTOR('',#5908,4.116186788519E-1);
#5910=CARTESIAN_POINT('',(3.629985234374E0,1.901E1,2.517176645883E0));
#5911=LINE('',#5910,#5909);
#5912=CURVE_STYLE('',#26,POSITIVE_LENGTH_MEASURE(2.E-2),#15);
#5913=PRESENTATION_STYLE_ASSIGNMENT((#5912));
#5914=STYLED_ITEM('',(#5913),#5911);
#5915=DIRECTION('',(-9.869441007655E-1,0.E0,-1.610631614123E-1));
#5916=VECTOR('',#5915,3.492405397363E-1);
#5917=CARTESIAN_POINT('',(3.974666124815E0,1.901E1,2.573426431306E0));
#5918=LINE('',#5917,#5916);
#5919=CURVE_STYLE('',#26,POSITIVE_LENGTH_MEASURE(2.E-2),#15);
#5920=PRESENTATION_STYLE_ASSIGNMENT((#5919));
#5921=STYLED_ITEM('',(#5920),#5918);
#5922=DIRECTION('',(-1.E0,0.E0,0.E0));
#5923=VECTOR('',#5922,4.021276116371E-1);
#5924=CARTESIAN_POINT('',(4.376793736452E0,1.901E1,2.573426431306E0));
#5925=LINE('',#5924,#5923);
#5926=CURVE_STYLE('',#26,POSITIVE_LENGTH_MEASURE(2.E-2),#15);
#5927=PRESENTATION_STYLE_ASSIGNMENT((#5926));
#5928=STYLED_ITEM('',(#5927),#5925);
#5929=DIRECTION('',(-9.869440947885E-1,0.E0,1.610631980374E-1));
#5930=VECTOR('',#5929,3.492404603206E-1);
#5931=CARTESIAN_POINT('',(4.721474546427E0,1.901E1,2.517176645883E0));
#5932=LINE('',#5931,#5930);
#5933=CURVE_STYLE('',#26,POSITIVE_LENGTH_MEASURE(2.E-2),#15);
#5934=PRESENTATION_STYLE_ASSIGNMENT((#5933));
#5935=STYLED_ITEM('',(#5934),#5932);
#5936=DIRECTION('',(-8.373791180560E-1,0.E0,5.466225504348E-1));
#5937=VECTOR('',#5936,4.116187799230E-1);
#5938=CARTESIAN_POINT('',(5.066155517334E0,1.901E1,2.292176538594E0));
#5939=LINE('',#5938,#5937);
#5940=CURVE_STYLE('',#26,POSITIVE_LENGTH_MEASURE(2.E-2),#15);
#5941=PRESENTATION_STYLE_ASSIGNMENT((#5940));
#5942=STYLED_ITEM('',(#5941),#5939);
#5943=DIRECTION('',(-5.627909312417E-1,0.E0,8.265992787996E-1));
#5944=VECTOR('',#5943,2.041497063064E-1);
#5945=CARTESIAN_POINT('',(5.181049120659E0,1.901E1,2.123426538594E0));
#5946=LINE('',#5945,#5944);
#5947=CURVE_STYLE('',#26,POSITIVE_LENGTH_MEASURE(2.E-2),#15);
#5948=PRESENTATION_STYLE_ASSIGNMENT((#5947));
#5949=STYLED_ITEM('',(#5948),#5946);
#5950=DIRECTION('',(-2.001234283435E-1,0.E0,9.797706943097E-1));
#5951=VECTOR('',#5950,2.870568535527E-1);
#5952=CARTESIAN_POINT('',(5.238495922322E0,1.901E1,1.842176645883E0));
#5953=LINE('',#5952,#5951);
#5954=CURVE_STYLE('',#26,POSITIVE_LENGTH_MEASURE(2.E-2),#15);
#5955=PRESENTATION_STYLE_ASSIGNMENT((#5954));
#5956=STYLED_ITEM('',(#5955),#5953);
#5957=DIRECTION('',(2.001232084928E-1,0.E0,9.797707392153E-1));
#5958=VECTOR('',#5957,2.870571689066E-1);
#5959=CARTESIAN_POINT('',(5.181049120659E0,1.901E1,1.560926431306E0));
#5960=LINE('',#5959,#5958);
#5961=CURVE_STYLE('',#26,POSITIVE_LENGTH_MEASURE(2.E-2),#15);
#5962=PRESENTATION_STYLE_ASSIGNMENT((#5961));
#5963=STYLED_ITEM('',(#5962),#5960);
#5964=DIRECTION('',(5.627909312417E-1,0.E0,8.265992787996E-1));
#5965=VECTOR('',#5964,2.041497063064E-1);
#5966=CARTESIAN_POINT('',(5.066155517334E0,1.901E1,1.392176431306E0));
#5967=LINE('',#5966,#5965);
#5968=CURVE_STYLE('',#26,POSITIVE_LENGTH_MEASURE(2.E-2),#15);
#5969=PRESENTATION_STYLE_ASSIGNMENT((#5968));
#5970=STYLED_ITEM('',(#5969),#5967);
#5971=DIRECTION('',(8.373794759779E-1,0.E0,5.466220021285E-1));
#5972=VECTOR('',#5971,4.116186039844E-1);
#5973=CARTESIAN_POINT('',(4.721474546427E0,1.901E1,1.167176645883E0));
#5974=LINE('',#5973,#5972);
#5975=CURVE_STYLE('',#26,POSITIVE_LENGTH_MEASURE(2.E-2),#15);
#5976=PRESENTATION_STYLE_ASSIGNMENT((#5975));
#5977=STYLED_ITEM('',(#5976),#5974);
#5978=DIRECTION('',(-1.E0,0.E0,0.E0));
#5979=VECTOR('',#5978,5.170212149620E-1);
#5980=CARTESIAN_POINT('',(4.434240538115E0,1.901E1,3.304676538594E0));
#5981=LINE('',#5980,#5979);
#5982=CURVE_STYLE('',#26,POSITIVE_LENGTH_MEASURE(2.E-2),#15);
#5983=PRESENTATION_STYLE_ASSIGNMENT((#5982));
#5984=STYLED_ITEM('',(#5983),#5981);
#5985=DIRECTION('',(-9.813592727596E-1,0.E0,-1.921821473726E-1));
#5986=VECTOR('',#5985,2.926899620610E-1);
#5987=CARTESIAN_POINT('',(4.721474546427E0,1.901E1,3.360926324017E0));
#5988=LINE('',#5987,#5986);
#5989=CURVE_STYLE('',#26,POSITIVE_LENGTH_MEASURE(2.E-2),#15);
#5990=PRESENTATION_STYLE_ASSIGNMENT((#5989));
#5991=STYLED_ITEM('',(#5990),#5988);
#5992=DIRECTION('',(-9.506445793151E-1,0.E0,-3.102819424634E-1));
#5993=VECTOR('',#5992,1.812881172100E-1);
#5994=CARTESIAN_POINT('',(4.893815112347E0,1.901E1,3.417176753171E0));
#5995=LINE('',#5994,#5993);
#5996=CURVE_STYLE('',#26,POSITIVE_LENGTH_MEASURE(2.E-2),#15);
#5997=PRESENTATION_STYLE_ASSIGNMENT((#5996));
#5998=STYLED_ITEM('',(#5997),#5995);
#5999=DIRECTION('',(-8.981387596046E-1,0.E0,-4.397121427660E-1));
#6000=VECTOR('',#5999,2.558482241106E-1);
#6001=CARTESIAN_POINT('',(5.123602318997E0,1.901E1,3.529676324017E0));
#6002=LINE('',#6001,#6000);
#6003=CURVE_STYLE('',#26,POSITIVE_LENGTH_MEASURE(2.E-2),#15);
#6004=PRESENTATION_STYLE_ASSIGNMENT((#6003));
#6005=STYLED_ITEM('',(#6004),#6002);
#6006=DIRECTION('',(-7.145103848018E-1,0.E0,-6.996248351869E-1));
#6007=VECTOR('',#6006,2.412007000222E-1);
#6008=CARTESIAN_POINT('',(5.295942723984E0,1.901E1,3.698426324017E0));
#6009=LINE('',#6008,#6007);
#6010=CURVE_STYLE('',#26,POSITIVE_LENGTH_MEASURE(2.E-2),#15);
#6011=PRESENTATION_STYLE_ASSIGNMENT((#6010));
#6012=STYLED_ITEM('',(#6011),#6009);
#6013=DIRECTION('',(-5.224766387895E-1,0.E0,-8.526536001913E-1));
#6014=VECTOR('',#6013,3.298528435388E-1);
#6015=CARTESIAN_POINT('',(5.468283128971E0,1.901E1,3.979676538594E0));
#6016=LINE('',#6015,#6014);
#6017=CURVE_STYLE('',#26,POSITIVE_LENGTH_MEASURE(2.E-2),#15);
#6018=PRESENTATION_STYLE_ASSIGNMENT((#6017));
#6019=STYLED_ITEM('',(#6018),#6016);
#6020=DIRECTION('',(-1.677993286083E-1,0.E0,-9.858211730931E-1));
#6021=VECTOR('',#6020,3.423541806686E-1);
#6022=CARTESIAN_POINT('',(5.525729930634E0,1.901E1,4.317176538594E0));
#6023=LINE('',#6022,#6021);
#6024=CURVE_STYLE('',#26,POSITIVE_LENGTH_MEASURE(2.E-2),#15);
#6025=PRESENTATION_STYLE_ASSIGNMENT((#6024));
#6026=STYLED_ITEM('',(#6025),#6023);
#6027=DIRECTION('',(1.677993286083E-1,0.E0,-9.858211730931E-1));
#6028=VECTOR('',#6027,3.423541806686E-1);
#6029=CARTESIAN_POINT('',(5.468283128971E0,1.901E1,4.654676538594E0));
#6030=LINE('',#6029,#6028);
#6031=CURVE_STYLE('',#26,POSITIVE_LENGTH_MEASURE(2.E-2),#15);
#6032=PRESENTATION_STYLE_ASSIGNMENT((#6031));
#6033=STYLED_ITEM('',(#6032),#6030);
#6034=DIRECTION('',(5.224766387895E-1,0.E0,-8.526536001913E-1));
#6035=VECTOR('',#6034,3.298528435388E-1);
#6036=CARTESIAN_POINT('',(5.295942723984E0,1.901E1,4.935926753171E0));
#6037=LINE('',#6036,#6035);
#6038=CURVE_STYLE('',#26,POSITIVE_LENGTH_MEASURE(2.E-2),#15);
#6039=PRESENTATION_STYLE_ASSIGNMENT((#6038));
#6040=STYLED_ITEM('',(#6039),#6037);
#6041=DIRECTION('',(7.145103848018E-1,0.E0,-6.996248351869E-1));
#6042=VECTOR('',#6041,2.412007000222E-1);
#6043=CARTESIAN_POINT('',(5.123602318997E0,1.901E1,5.104676753171E0));
#6044=LINE('',#6043,#6042);
#6045=CURVE_STYLE('',#26,POSITIVE_LENGTH_MEASURE(2.E-2),#15);
#6046=PRESENTATION_STYLE_ASSIGNMENT((#6045));
#6047=STYLED_ITEM('',(#6046),#6044);
#6048=DIRECTION('',(8.981387596046E-1,0.E0,-4.397121427660E-1));
#6049=VECTOR('',#6048,2.558482241106E-1);
#6050=CARTESIAN_POINT('',(4.893815112347E0,1.901E1,5.217176324017E0));
#6051=LINE('',#6050,#6049);
#6052=CURVE_STYLE('',#26,POSITIVE_LENGTH_MEASURE(2.E-2),#15);
#6053=PRESENTATION_STYLE_ASSIGNMENT((#6052));
#6054=STYLED_ITEM('',(#6053),#6051);
#6055=DIRECTION('',(9.506445793151E-1,0.E0,-3.102819424634E-1));
#6056=VECTOR('',#6055,1.812881172100E-1);
#6057=CARTESIAN_POINT('',(4.721474546427E0,1.901E1,5.273426753171E0));
#6058=LINE('',#6057,#6056);
#6059=CURVE_STYLE('',#26,POSITIVE_LENGTH_MEASURE(2.E-2),#15);
#6060=PRESENTATION_STYLE_ASSIGNMENT((#6059));
#6061=STYLED_ITEM('',(#6060),#6058);
#6062=DIRECTION('',(9.813592727596E-1,0.E0,-1.921821473726E-1));
#6063=VECTOR('',#6062,2.926899620610E-1);
#6064=CARTESIAN_POINT('',(4.434240538115E0,1.901E1,5.329676538594E0));
#6065=LINE('',#6064,#6063);
#6066=CURVE_STYLE('',#26,POSITIVE_LENGTH_MEASURE(2.E-2),#15);
#6067=PRESENTATION_STYLE_ASSIGNMENT((#6066));
#6068=STYLED_ITEM('',(#6067),#6065);
#6069=DIRECTION('',(1.E0,0.E0,0.E0));
#6070=VECTOR('',#6069,5.170212149620E-1);
#6071=CARTESIAN_POINT('',(3.917219323153E0,1.901E1,5.329676538594E0));
#6072=LINE('',#6071,#6070);
#6073=CURVE_STYLE('',#26,POSITIVE_LENGTH_MEASURE(2.E-2),#15);
#6074=PRESENTATION_STYLE_ASSIGNMENT((#6073));
#6075=STYLED_ITEM('',(#6074),#6072);
#6076=DIRECTION('',(9.813592829135E-1,0.E0,1.921820955228E-1));
#6077=VECTOR('',#6076,2.926900410273E-1);
#6078=CARTESIAN_POINT('',(3.629985234374E0,1.901E1,5.273426753171E0));
#6079=LINE('',#6078,#6077);
#6080=CURVE_STYLE('',#26,POSITIVE_LENGTH_MEASURE(2.E-2),#15);
#6081=PRESENTATION_STYLE_ASSIGNMENT((#6080));
#6082=STYLED_ITEM('',(#6081),#6079);
#6083=DIRECTION('',(9.506444938501E-1,0.E0,3.102822043116E-1));
#6084=VECTOR('',#6083,1.812879642203E-1);
#6085=CARTESIAN_POINT('',(3.457644829387E0,1.901E1,5.217176324017E0));
#6086=LINE('',#6085,#6084);
#6087=CURVE_STYLE('',#26,POSITIVE_LENGTH_MEASURE(2.E-2),#15);
#6088=PRESENTATION_STYLE_ASSIGNMENT((#6087));
#6089=STYLED_ITEM('',(#6088),#6086);
#6090=DIRECTION('',(8.981387900092E-1,0.E0,4.397120806629E-1));
#6091=VECTOR('',#6090,2.558482602456E-1);
#6092=CARTESIAN_POINT('',(3.227857582504E0,1.901E1,5.104676753171E0));
#6093=LINE('',#6092,#6091);
#6094=CURVE_STYLE('',#26,POSITIVE_LENGTH_MEASURE(2.E-2),#15);
#6095=PRESENTATION_STYLE_ASSIGNMENT((#6094));
#6096=STYLED_ITEM('',(#6095),#6093);
#6097=DIRECTION('',(7.145104256249E-1,0.E0,6.996247934953E-1));
#6098=VECTOR('',#6097,2.412007143957E-1);
#6099=CARTESIAN_POINT('',(3.055517157400E0,1.901E1,4.935926753171E0));
#6100=LINE('',#6099,#6098);
#6101=CURVE_STYLE('',#26,POSITIVE_LENGTH_MEASURE(2.E-2),#15);
#6102=PRESENTATION_STYLE_ASSIGNMENT((#6101));
#6103=STYLED_ITEM('',(#6102),#6100);
#6104=DIRECTION('',(5.224766720432E-1,0.E0,8.526535798146E-1));
#6105=VECTOR('',#6104,3.298528514217E-1);
#6106=CARTESIAN_POINT('',(2.883176737326E0,1.901E1,4.654676538594E0));
#6107=LINE('',#6106,#6105);
#6108=CURVE_STYLE('',#26,POSITIVE_LENGTH_MEASURE(2.E-2),#15);
#6109=PRESENTATION_STYLE_ASSIGNMENT((#6108));
#6110=STYLED_ITEM('',(#6109),#6107);
#6111=DIRECTION('',(1.677993428846E-1,0.E0,9.858211706631E-1));
#6112=VECTOR('',#6111,3.423541815125E-1);
#6113=CARTESIAN_POINT('',(2.825729930634E0,1.901E1,4.317176538594E0));
#6114=LINE('',#6113,#6112);
#6115=CURVE_STYLE('',#26,POSITIVE_LENGTH_MEASURE(2.E-2),#15);
#6116=PRESENTATION_STYLE_ASSIGNMENT((#6115));
#6117=STYLED_ITEM('',(#6116),#6114);
#6118=DIRECTION('',(-1.677993428846E-1,0.E0,9.858211706631E-1));
#6119=VECTOR('',#6118,3.423541815125E-1);
#6120=CARTESIAN_POINT('',(2.883176737326E0,1.901E1,3.979676538594E0));
#6121=LINE('',#6120,#6119);
#6122=CURVE_STYLE('',#26,POSITIVE_LENGTH_MEASURE(2.E-2),#15);
#6123=PRESENTATION_STYLE_ASSIGNMENT((#6122));
#6124=STYLED_ITEM('',(#6123),#6121);
#6125=DIRECTION('',(-5.224766720432E-1,0.E0,8.526535798146E-1));
#6126=VECTOR('',#6125,3.298528514217E-1);
#6127=CARTESIAN_POINT('',(3.055517157400E0,1.901E1,3.698426324017E0));
#6128=LINE('',#6127,#6126);
#6129=CURVE_STYLE('',#26,POSITIVE_LENGTH_MEASURE(2.E-2),#15);
#6130=PRESENTATION_STYLE_ASSIGNMENT((#6129));
#6131=STYLED_ITEM('',(#6130),#6128);
#6132=DIRECTION('',(-7.145104256249E-1,0.E0,6.996247934953E-1));
#6133=VECTOR('',#6132,2.412007143957E-1);
#6134=CARTESIAN_POINT('',(3.227857582504E0,1.901E1,3.529676324017E0));
#6135=LINE('',#6134,#6133);
#6136=CURVE_STYLE('',#26,POSITIVE_LENGTH_MEASURE(2.E-2),#15);
#6137=PRESENTATION_STYLE_ASSIGNMENT((#6136));
#6138=STYLED_ITEM('',(#6137),#6135);
#6139=DIRECTION('',(-8.981387900092E-1,0.E0,4.397120806629E-1));
#6140=VECTOR('',#6139,2.558482602456E-1);
#6141=CARTESIAN_POINT('',(3.457644829387E0,1.901E1,3.417176753171E0));
#6142=LINE('',#6141,#6140);
#6143=CURVE_STYLE('',#26,POSITIVE_LENGTH_MEASURE(2.E-2),#15);
#6144=PRESENTATION_STYLE_ASSIGNMENT((#6143));
#6145=STYLED_ITEM('',(#6144),#6142);
#6146=DIRECTION('',(-9.506444938501E-1,0.E0,3.102822043116E-1));
#6147=VECTOR('',#6146,1.812879642203E-1);
#6148=CARTESIAN_POINT('',(3.629985234374E0,1.901E1,3.360926324017E0));
#6149=LINE('',#6148,#6147);
#6150=CURVE_STYLE('',#26,POSITIVE_LENGTH_MEASURE(2.E-2),#15);
#6151=PRESENTATION_STYLE_ASSIGNMENT((#6150));
#6152=STYLED_ITEM('',(#6151),#6149);
#6153=DIRECTION('',(-9.813592829135E-1,0.E0,1.921820955228E-1));
#6154=VECTOR('',#6153,2.926900410273E-1);
#6155=CARTESIAN_POINT('',(3.917219323153E0,1.901E1,3.304676538594E0));
#6156=LINE('',#6155,#6154);
#6157=CURVE_STYLE('',#26,POSITIVE_LENGTH_MEASURE(2.E-2),#15);
#6158=PRESENTATION_STYLE_ASSIGNMENT((#6157));
#6159=STYLED_ITEM('',(#6158),#6156);
#6160=DIRECTION('',(9.869440947885E-1,0.E0,1.610631980374E-1));
#6161=VECTOR('',#6160,3.492404603206E-1);
#6162=CARTESIAN_POINT('',(4.376793736452E0,1.901E1,3.585926753171E0));
#6163=LINE('',#6162,#6161);
#6164=CURVE_STYLE('',#26,POSITIVE_LENGTH_MEASURE(2.E-2),#15);
#6165=PRESENTATION_STYLE_ASSIGNMENT((#6164));
#6166=STYLED_ITEM('',(#6165),#6163);
#6167=DIRECTION('',(1.E0,0.E0,0.E0));
#6168=VECTOR('',#6167,4.021276116371E-1);
#6169=CARTESIAN_POINT('',(3.974666124815E0,1.901E1,3.585926753171E0));
#6170=LINE('',#6169,#6168);
#6171=CURVE_STYLE('',#26,POSITIVE_LENGTH_MEASURE(2.E-2),#15);
#6172=PRESENTATION_STYLE_ASSIGNMENT((#6171));
#6173=STYLED_ITEM('',(#6172),#6170);
#6174=DIRECTION('',(9.869441007655E-1,0.E0,-1.610631614123E-1));
#6175=VECTOR('',#6174,3.492405397363E-1);
#6176=CARTESIAN_POINT('',(3.629985234374E0,1.901E1,3.642176538594E0));
#6177=LINE('',#6176,#6175);
#6178=CURVE_STYLE('',#26,POSITIVE_LENGTH_MEASURE(2.E-2),#15);
#6179=PRESENTATION_STYLE_ASSIGNMENT((#6178));
#6180=STYLED_ITEM('',(#6179),#6177);
#6181=DIRECTION('',(8.373793883617E-1,0.E0,-5.466221363492E-1));
#6182=VECTOR('',#6181,4.116185029132E-1);
#6183=CARTESIAN_POINT('',(3.285304384167E0,1.901E1,3.867176324017E0));
#6184=LINE('',#6183,#6182);
#6185=CURVE_STYLE('',#26,POSITIVE_LENGTH_MEASURE(2.E-2),#15);
#6186=PRESENTATION_STYLE_ASSIGNMENT((#6185));
#6187=STYLED_ITEM('',(#6186),#6184);
#6188=DIRECTION('',(5.627909312417E-1,0.E0,-8.265992787996E-1));
#6189=VECTOR('',#6188,2.041497063064E-1);
#6190=CARTESIAN_POINT('',(3.170410780842E0,1.901E1,4.035926324017E0));
#6191=LINE('',#6190,#6189);
#6192=CURVE_STYLE('',#26,POSITIVE_LENGTH_MEASURE(2.E-2),#15);
#6193=PRESENTATION_STYLE_ASSIGNMENT((#6192));
#6194=STYLED_ITEM('',(#6193),#6191);
#6195=DIRECTION('',(2.001232084928E-1,0.E0,-9.797707392153E-1));
#6196=VECTOR('',#6195,2.870571689066E-1);
#6197=CARTESIAN_POINT('',(3.112963979179E0,1.901E1,4.317176538594E0));
#6198=LINE('',#6197,#6196);
#6199=CURVE_STYLE('',#26,POSITIVE_LENGTH_MEASURE(2.E-2),#15);
#6200=PRESENTATION_STYLE_ASSIGNMENT((#6199));
#6201=STYLED_ITEM('',(#6200),#6198);
#6202=DIRECTION('',(-2.001232084928E-1,0.E0,-9.797707392153E-1));
#6203=VECTOR('',#6202,2.870571689066E-1);
#6204=CARTESIAN_POINT('',(3.170410780842E0,1.901E1,4.598426753171E0));
#6205=LINE('',#6204,#6203);
#6206=CURVE_STYLE('',#26,POSITIVE_LENGTH_MEASURE(2.E-2),#15);
#6207=PRESENTATION_STYLE_ASSIGNMENT((#6206));
#6208=STYLED_ITEM('',(#6207),#6205);
#6209=DIRECTION('',(-5.627909312417E-1,0.E0,-8.265992787996E-1));
#6210=VECTOR('',#6209,2.041497063064E-1);
#6211=CARTESIAN_POINT('',(3.285304384167E0,1.901E1,4.767176753171E0));
#6212=LINE('',#6211,#6210);
#6213=CURVE_STYLE('',#26,POSITIVE_LENGTH_MEASURE(2.E-2),#15);
#6214=PRESENTATION_STYLE_ASSIGNMENT((#6213));
#6215=STYLED_ITEM('',(#6214),#6212);
#6216=DIRECTION('',(-8.373793883617E-1,0.E0,-5.466221363492E-1));
#6217=VECTOR('',#6216,4.116185029132E-1);
#6218=CARTESIAN_POINT('',(3.629985234374E0,1.901E1,4.992176538594E0));
#6219=LINE('',#6218,#6217);
#6220=CURVE_STYLE('',#26,POSITIVE_LENGTH_MEASURE(2.E-2),#15);
#6221=PRESENTATION_STYLE_ASSIGNMENT((#6220));
#6222=STYLED_ITEM('',(#6221),#6219);
#6223=DIRECTION('',(-9.869441007655E-1,0.E0,-1.610631614123E-1));
#6224=VECTOR('',#6223,3.492405397363E-1);
#6225=CARTESIAN_POINT('',(3.974666124815E0,1.901E1,5.048426324017E0));
#6226=LINE('',#6225,#6224);
#6227=CURVE_STYLE('',#26,POSITIVE_LENGTH_MEASURE(2.E-2),#15);
#6228=PRESENTATION_STYLE_ASSIGNMENT((#6227));
#6229=STYLED_ITEM('',(#6228),#6226);
#6230=DIRECTION('',(-1.E0,0.E0,0.E0));
#6231=VECTOR('',#6230,4.021276116371E-1);
#6232=CARTESIAN_POINT('',(4.376793736452E0,1.901E1,5.048426324017E0));
#6233=LINE('',#6232,#6231);
#6234=CURVE_STYLE('',#26,POSITIVE_LENGTH_MEASURE(2.E-2),#15);
#6235=PRESENTATION_STYLE_ASSIGNMENT((#6234));
#6236=STYLED_ITEM('',(#6235),#6233);
#6237=DIRECTION('',(-9.869440947885E-1,0.E0,1.610631980374E-1));
#6238=VECTOR('',#6237,3.492404603206E-1);
#6239=CARTESIAN_POINT('',(4.721474546427E0,1.901E1,4.992176538594E0));
#6240=LINE('',#6239,#6238);
#6241=CURVE_STYLE('',#26,POSITIVE_LENGTH_MEASURE(2.E-2),#15);
#6242=PRESENTATION_STYLE_ASSIGNMENT((#6241));
#6243=STYLED_ITEM('',(#6242),#6240);
#6244=DIRECTION('',(-8.373794759779E-1,0.E0,5.466220021285E-1));
#6245=VECTOR('',#6244,4.116186039844E-1);
#6246=CARTESIAN_POINT('',(5.066155517334E0,1.901E1,4.767176753171E0));
#6247=LINE('',#6246,#6245);
#6248=CURVE_STYLE('',#26,POSITIVE_LENGTH_MEASURE(2.E-2),#15);
#6249=PRESENTATION_STYLE_ASSIGNMENT((#6248));
#6250=STYLED_ITEM('',(#6249),#6247);
#6251=DIRECTION('',(-5.627909312417E-1,0.E0,8.265992787996E-1));
#6252=VECTOR('',#6251,2.041497063064E-1);
#6253=CARTESIAN_POINT('',(5.181049120659E0,1.901E1,4.598426753171E0));
#6254=LINE('',#6253,#6252);
#6255=CURVE_STYLE('',#26,POSITIVE_LENGTH_MEASURE(2.E-2),#15);
#6256=PRESENTATION_STYLE_ASSIGNMENT((#6255));
#6257=STYLED_ITEM('',(#6256),#6254);
#6258=DIRECTION('',(-2.001232084928E-1,0.E0,9.797707392153E-1));
#6259=VECTOR('',#6258,2.870571689066E-1);
#6260=CARTESIAN_POINT('',(5.238495922322E0,1.901E1,4.317176538594E0));
#6261=LINE('',#6260,#6259);
#6262=CURVE_STYLE('',#26,POSITIVE_LENGTH_MEASURE(2.E-2),#15);
#6263=PRESENTATION_STYLE_ASSIGNMENT((#6262));
#6264=STYLED_ITEM('',(#6263),#6261);
#6265=DIRECTION('',(2.001232084928E-1,0.E0,9.797707392153E-1));
#6266=VECTOR('',#6265,2.870571689066E-1);
#6267=CARTESIAN_POINT('',(5.181049120659E0,1.901E1,4.035926324017E0));
#6268=LINE('',#6267,#6266);
#6269=CURVE_STYLE('',#26,POSITIVE_LENGTH_MEASURE(2.E-2),#15);
#6270=PRESENTATION_STYLE_ASSIGNMENT((#6269));
#6271=STYLED_ITEM('',(#6270),#6268);
#6272=DIRECTION('',(5.627909312417E-1,0.E0,8.265992787996E-1));
#6273=VECTOR('',#6272,2.041497063064E-1);
#6274=CARTESIAN_POINT('',(5.066155517334E0,1.901E1,3.867176324017E0));
#6275=LINE('',#6274,#6273);
#6276=CURVE_STYLE('',#26,POSITIVE_LENGTH_MEASURE(2.E-2),#15);
#6277=PRESENTATION_STYLE_ASSIGNMENT((#6276));
#6278=STYLED_ITEM('',(#6277),#6275);
#6279=DIRECTION('',(8.373794759779E-1,0.E0,5.466220021285E-1));
#6280=VECTOR('',#6279,4.116186039844E-1);
#6281=CARTESIAN_POINT('',(4.721474546427E0,1.901E1,3.642176538594E0));
#6282=LINE('',#6281,#6280);
#6283=CURVE_STYLE('',#26,POSITIVE_LENGTH_MEASURE(2.E-2),#15);
#6284=PRESENTATION_STYLE_ASSIGNMENT((#6283));
#6285=STYLED_ITEM('',(#6284),#6282);
#6286=DIRECTION('',(6.080767864179E-1,0.E0,7.938782159876E-1));
#6287=VECTOR('',#6286,2.834188195253E-1);
#6288=CARTESIAN_POINT('',(1.536600805097E-1,1.901E1,-2.376573474817E0));
#6289=LINE('',#6288,#6287);
#6290=CURVE_STYLE('',#26,POSITIVE_LENGTH_MEASURE(2.E-2),#15);
#6291=PRESENTATION_STYLE_ASSIGNMENT((#6290));
#6292=STYLED_ITEM('',(#6291),#6289);
#6293=DIRECTION('',(0.E0,0.E0,1.E0));
#6294=VECTOR('',#6293,3.937499865890E-1);
#6295=CARTESIAN_POINT('',(1.536600805097E-1,1.901E1,-2.770323461406E0));
#6296=LINE('',#6295,#6294);
#6297=CURVE_STYLE('',#26,POSITIVE_LENGTH_MEASURE(2.E-2),#15);
#6298=PRESENTATION_STYLE_ASSIGNMENT((#6297));
#6299=STYLED_ITEM('',(#6298),#6296);
#6300=DIRECTION('',(-1.E0,0.E0,0.E0));
#6301=VECTOR('',#6300,1.493617004156E0);
#6302=CARTESIAN_POINT('',(1.647277084666E0,1.901E1,-2.770323461406E0));
#6303=LINE('',#6302,#6301);
#6304=CURVE_STYLE('',#26,POSITIVE_LENGTH_MEASURE(2.E-2),#15);
#6305=PRESENTATION_STYLE_ASSIGNMENT((#6304));
#6306=STYLED_ITEM('',(#6305),#6303);
#6307=DIRECTION('',(0.E0,0.E0,-1.E0));
#6308=VECTOR('',#6307,1.912499946356E0);
#6309=CARTESIAN_POINT('',(1.647277084666E0,1.901E1,-8.578235150500E-1));
#6310=LINE('',#6309,#6308);
#6311=CURVE_STYLE('',#26,POSITIVE_LENGTH_MEASURE(2.E-2),#15);
#6312=PRESENTATION_STYLE_ASSIGNMENT((#6311));
#6313=STYLED_ITEM('',(#6312),#6310);
#6314=DIRECTION('',(1.E0,0.E0,0.E0));
#6315=VECTOR('',#6314,2.872340083122E-1);
#6316=CARTESIAN_POINT('',(1.360043076354E0,1.901E1,-8.578235150500E-1));
#6317=LINE('',#6316,#6315);
#6318=CURVE_STYLE('',#26,POSITIVE_LENGTH_MEASURE(2.E-2),#15);
#6319=PRESENTATION_STYLE_ASSIGNMENT((#6318));
#6320=STYLED_ITEM('',(#6319),#6317);
#6321=DIRECTION('',(0.E0,0.E0,1.E0));
#6322=VECTOR('',#6321,1.631249953061E0);
#6323=CARTESIAN_POINT('',(1.360043076354E0,1.901E1,-2.489073468111E0));
#6324=LINE('',#6323,#6322);
#6325=CURVE_STYLE('',#26,POSITIVE_LENGTH_MEASURE(2.E-2),#15);
#6326=PRESENTATION_STYLE_ASSIGNMENT((#6325));
#6327=STYLED_ITEM('',(#6326),#6324);
#6328=DIRECTION('',(1.E0,0.E0,0.E0));
#6329=VECTOR('',#6328,9.191489875317E-1);
#6330=CARTESIAN_POINT('',(4.408940888219E-1,1.901E1,-2.489073468111E0));
#6331=LINE('',#6330,#6329);
#6332=CURVE_STYLE('',#26,POSITIVE_LENGTH_MEASURE(2.E-2),#15);
#6333=PRESENTATION_STYLE_ASSIGNMENT((#6332));
#6334=STYLED_ITEM('',(#6333),#6331);
#6335=DIRECTION('',(-5.224769376483E-1,0.E0,-8.526534170609E-1));
#6336=VECTOR('',#6335,3.298526548617E-1);
#6337=CARTESIAN_POINT('',(6.132344938092E-1,1.901E1,-2.207823474817E0));
#6338=LINE('',#6337,#6336);
#6339=CURVE_STYLE('',#26,POSITIVE_LENGTH_MEASURE(2.E-2),#15);
#6340=PRESENTATION_STYLE_ASSIGNMENT((#6339));
#6341=STYLED_ITEM('',(#6340),#6338);
#6342=DIRECTION('',(-2.001233458994E-1,0.E0,-9.797707111493E-1));
#6343=VECTOR('',#6342,2.870569718104E-1);
#6344=CARTESIAN_POINT('',(6.706812954717E-1,1.901E1,-1.926573461406E0));
#6345=LINE('',#6344,#6343);
#6346=CURVE_STYLE('',#26,POSITIVE_LENGTH_MEASURE(2.E-2),#15);
#6347=PRESENTATION_STYLE_ASSIGNMENT((#6346));
#6348=STYLED_ITEM('',(#6347),#6345);
#6349=DIRECTION('',(0.E0,0.E0,-1.E0));
#6350=VECTOR('',#6349,3.375E-1);
#6351=CARTESIAN_POINT('',(6.706812954717E-1,1.901E1,-1.589073461406E0));
#6352=LINE('',#6351,#6350);
#6353=CURVE_STYLE('',#26,POSITIVE_LENGTH_MEASURE(2.E-2),#15);
#6354=PRESENTATION_STYLE_ASSIGNMENT((#6353));
#6355=STYLED_ITEM('',(#6354),#6352);
#6356=DIRECTION('',(2.001233184181E-1,0.E0,-9.797707167625E-1));
#6357=VECTOR('',#6356,2.870570112296E-1);
#6358=CARTESIAN_POINT('',(6.132344938092E-1,1.901E1,-1.307823407762E0));
#6359=LINE('',#6358,#6357);
#6360=CURVE_STYLE('',#26,POSITIVE_LENGTH_MEASURE(2.E-2),#15);
#6361=PRESENTATION_STYLE_ASSIGNMENT((#6360));
#6362=STYLED_ITEM('',(#6361),#6359);
#6363=DIRECTION('',(5.224770734933E-1,0.E0,-8.526533338197E-1));
#6364=VECTOR('',#6363,3.298525690995E-1);
#6365=CARTESIAN_POINT('',(4.408940888219E-1,1.901E1,-1.026573515050E0));
#6366=LINE('',#6365,#6364);
#6367=CURVE_STYLE('',#26,POSITIVE_LENGTH_MEASURE(2.E-2),#15);
#6368=PRESENTATION_STYLE_ASSIGNMENT((#6367));
#6369=STYLED_ITEM('',(#6368),#6366);
#6370=DIRECTION('',(8.060043958311E-1,0.E0,-5.919095487496E-1));
#6371=VECTOR('',#6370,2.850942350170E-1);
#6372=CARTESIAN_POINT('',(2.111068821721E-1,1.901E1,-8.578235150500E-1));
#6373=LINE('',#6372,#6371);
#6374=CURVE_STYLE('',#26,POSITIVE_LENGTH_MEASURE(2.E-2),#15);
#6375=PRESENTATION_STYLE_ASSIGNMENT((#6374));
#6376=STYLED_ITEM('',(#6375),#6373);
#6377=DIRECTION('',(9.311282116446E-1,0.E0,-3.646919981020E-1));
#6378=VECTOR('',#6377,3.084796327577E-1);
#6379=CARTESIAN_POINT('',(-7.612720660636E-2,1.901E1,-7.453234614058E-1));
#6380=LINE('',#6379,#6378);
#6381=CURVE_STYLE('',#26,POSITIVE_LENGTH_MEASURE(2.E-2),#15);
#6382=PRESENTATION_STYLE_ASSIGNMENT((#6381));
#6383=STYLED_ITEM('',(#6382),#6380);
#6384=DIRECTION('',(1.E0,0.E0,0.E0));
#6385=VECTOR('',#6384,2.297872066498E-1);
#6386=CARTESIAN_POINT('',(-3.059144132561E-1,1.901E1,-7.453234614058E-1));
#6387=LINE('',#6386,#6385);
#6388=CURVE_STYLE('',#26,POSITIVE_LENGTH_MEASURE(2.E-2),#15);
#6389=PRESENTATION_STYLE_ASSIGNMENT((#6388));
#6390=STYLED_ITEM('',(#6389),#6387);
#6391=DIRECTION('',(9.311281942981E-1,0.E0,3.646920423907E-1));
#6392=VECTOR('',#6391,3.084795952955E-1);
#6393=CARTESIAN_POINT('',(-5.931484618015E-1,1.901E1,-8.578235150500E-1));
#6394=LINE('',#6393,#6392);
#6395=CURVE_STYLE('',#26,POSITIVE_LENGTH_MEASURE(2.E-2),#15);
#6396=PRESENTATION_STYLE_ASSIGNMENT((#6395));
#6397=STYLED_ITEM('',(#6396),#6394);
#6398=DIRECTION('',(8.060044205527E-1,0.E0,5.919095150862E-1));
#6399=VECTOR('',#6398,2.850942512310E-1);
#6400=CARTESIAN_POINT('',(-8.229356885679E-1,1.901E1,-1.026573515050E0));
#6401=LINE('',#6400,#6399);
#6402=CURVE_STYLE('',#26,POSITIVE_LENGTH_MEASURE(2.E-2),#15);
#6403=PRESENTATION_STYLE_ASSIGNMENT((#6402));
#6404=STYLED_ITEM('',(#6403),#6401);
#6405=DIRECTION('',(5.224771067470E-1,0.E0,8.526533134429E-1));
#6406=VECTOR('',#6405,3.298525769823E-1);
#6407=CARTESIAN_POINT('',(-9.952761086426E-1,1.901E1,-1.307823407762E0));
#6408=LINE('',#6407,#6406);
#6409=CURVE_STYLE('',#26,POSITIVE_LENGTH_MEASURE(2.E-2),#15);
#6410=PRESENTATION_STYLE_ASSIGNMENT((#6409));
#6411=STYLED_ITEM('',(#6410),#6408);
#6412=DIRECTION('',(2.001233352361E-1,0.E0,9.797707133274E-1));
#6413=VECTOR('',#6412,2.870570122361E-1);
#6414=CARTESIAN_POINT('',(-1.052722915334E0,1.901E1,-1.589073461406E0));
#6415=LINE('',#6414,#6413);
#6416=CURVE_STYLE('',#26,POSITIVE_LENGTH_MEASURE(2.E-2),#15);
#6417=PRESENTATION_STYLE_ASSIGNMENT((#6416));
#6418=STYLED_ITEM('',(#6417),#6415);
#6419=DIRECTION('',(0.E0,0.E0,1.E0));
#6420=VECTOR('',#6419,3.375E-1);
#6421=CARTESIAN_POINT('',(-1.052722915334E0,1.901E1,-1.926573461406E0));
#6422=LINE('',#6421,#6420);
#6423=CURVE_STYLE('',#26,POSITIVE_LENGTH_MEASURE(2.E-2),#15);
#6424=PRESENTATION_STYLE_ASSIGNMENT((#6423));
#6425=STYLED_ITEM('',(#6424),#6422);
#6426=DIRECTION('',(-2.001233627174E-1,0.E0,9.797707077141E-1));
#6427=VECTOR('',#6426,2.870569728168E-1);
#6428=CARTESIAN_POINT('',(-9.952761086426E-1,1.901E1,-2.207823474817E0));
#6429=LINE('',#6428,#6427);
#6430=CURVE_STYLE('',#26,POSITIVE_LENGTH_MEASURE(2.E-2),#15);
#6431=PRESENTATION_STYLE_ASSIGNMENT((#6430));
#6432=STYLED_ITEM('',(#6431),#6429);
#6433=DIRECTION('',(-5.224769709020E-1,0.E0,8.526533966842E-1));
#6434=VECTOR('',#6433,3.298526627446E-1);
#6435=CARTESIAN_POINT('',(-8.229356885679E-1,1.901E1,-2.489073468111E0));
#6436=LINE('',#6435,#6434);
#6437=CURVE_STYLE('',#26,POSITIVE_LENGTH_MEASURE(2.E-2),#15);
#6438=PRESENTATION_STYLE_ASSIGNMENT((#6437));
#6439=STYLED_ITEM('',(#6438),#6436);
#6440=DIRECTION('',(-8.060044373844E-1,0.E0,5.919094921664E-1));
#6441=VECTOR('',#6440,2.850942452774E-1);
#6442=CARTESIAN_POINT('',(-5.931484618015E-1,1.901E1,-2.657823458053E0));
#6443=LINE('',#6442,#6441);
#6444=CURVE_STYLE('',#26,POSITIVE_LENGTH_MEASURE(2.E-2),#15);
#6445=PRESENTATION_STYLE_ASSIGNMENT((#6444));
#6446=STYLED_ITEM('',(#6445),#6443);
#6447=DIRECTION('',(-8.981381224003E-1,0.E0,4.397134442921E-1));
#6448=VECTOR('',#6447,2.558484504241E-1);
#6449=CARTESIAN_POINT('',(-3.633612149186E-1,1.901E1,-2.770323461406E0));
#6450=LINE('',#6449,#6448);
#6451=CURVE_STYLE('',#26,POSITIVE_LENGTH_MEASURE(2.E-2),#15);
#6452=PRESENTATION_STYLE_ASSIGNMENT((#6451));
#6453=STYLED_ITEM('',(#6452),#6450);
#6454=DIRECTION('',(0.E0,0.E0,-1.E0));
#6455=VECTOR('',#6454,3.375E-1);
#6456=CARTESIAN_POINT('',(-3.633612149186E-1,1.901E1,-2.432823461406E0));
#6457=LINE('',#6456,#6455);
#6458=CURVE_STYLE('',#26,POSITIVE_LENGTH_MEASURE(2.E-2),#15);
#6459=PRESENTATION_STYLE_ASSIGNMENT((#6458));
#6460=STYLED_ITEM('',(#6459),#6457);
#6461=DIRECTION('',(8.981381068745E-1,0.E0,-4.397134760043E-1));
#6462=VECTOR('',#6461,2.558484548468E-1);
#6463=CARTESIAN_POINT('',(-5.931484618015E-1,1.901E1,-2.320323447995E0));
#6464=LINE('',#6463,#6462);
#6465=CURVE_STYLE('',#26,POSITIVE_LENGTH_MEASURE(2.E-2),#15);
#6466=PRESENTATION_STYLE_ASSIGNMENT((#6465));
#6467=STYLED_ITEM('',(#6466),#6464);
#6468=DIRECTION('',(5.627909312417E-1,0.E0,-8.265992787996E-1));
#6469=VECTOR('',#6468,2.041497063064E-1);
#6470=CARTESIAN_POINT('',(-7.080420651264E-1,1.901E1,-2.151573447995E0));
#6471=LINE('',#6470,#6469);
#6472=CURVE_STYLE('',#26,POSITIVE_LENGTH_MEASURE(2.E-2),#15);
#6473=PRESENTATION_STYLE_ASSIGNMENT((#6472));
#6474=STYLED_ITEM('',(#6473),#6471);
#6475=DIRECTION('',(2.473832314230E-1,0.E0,-9.689177141588E-1));
#6476=VECTOR('',#6475,2.322178481217E-1);
#6477=CARTESIAN_POINT('',(-7.654888667888E-1,1.901E1,-1.926573461406E0));
#6478=LINE('',#6477,#6476);
#6479=CURVE_STYLE('',#26,POSITIVE_LENGTH_MEASURE(2.E-2),#15);
#6480=PRESENTATION_STYLE_ASSIGNMENT((#6479));
#6481=STYLED_ITEM('',(#6480),#6478);
#6482=DIRECTION('',(0.E0,0.E0,-1.E0));
#6483=VECTOR('',#6482,3.375E-1);
#6484=CARTESIAN_POINT('',(-7.654888667888E-1,1.901E1,-1.589073461406E0));
#6485=LINE('',#6484,#6483);
#6486=CURVE_STYLE('',#26,POSITIVE_LENGTH_MEASURE(2.E-2),#15);
#6487=PRESENTATION_STYLE_ASSIGNMENT((#6486));
#6488=STYLED_ITEM('',(#6487),#6485);
#6489=DIRECTION('',(-2.473832729514E-1,0.E0,-9.689177035558E-1));
#6490=VECTOR('',#6489,2.322178091391E-1);
#6491=CARTESIAN_POINT('',(-7.080420651264E-1,1.901E1,-1.364073515050E0));
#6492=LINE('',#6491,#6490);
#6493=CURVE_STYLE('',#26,POSITIVE_LENGTH_MEASURE(2.E-2),#15);
#6494=PRESENTATION_STYLE_ASSIGNMENT((#6493));
#6495=STYLED_ITEM('',(#6494),#6492);
#6496=DIRECTION('',(-5.627909312417E-1,0.E0,-8.265992787996E-1));
#6497=VECTOR('',#6496,2.041497063064E-1);
#6498=CARTESIAN_POINT('',(-5.931484618015E-1,1.901E1,-1.195323515050E0));
#6499=LINE('',#6498,#6497);
#6500=CURVE_STYLE('',#26,POSITIVE_LENGTH_MEASURE(2.E-2),#15);
#6501=PRESENTATION_STYLE_ASSIGNMENT((#6500));
#6502=STYLED_ITEM('',(#6501),#6499);
#6503=DIRECTION('',(-8.373790596451E-1,0.E0,-5.466226399153E-1));
#6504=VECTOR('',#6503,2.058093562711E-1);
#6505=CARTESIAN_POINT('',(-4.208080165810E-1,1.901E1,-1.082823461406E0));
#6506=LINE('',#6505,#6504);
#6507=CURVE_STYLE('',#26,POSITIVE_LENGTH_MEASURE(2.E-2),#15);
#6508=PRESENTATION_STYLE_ASSIGNMENT((#6507));
#6509=STYLED_ITEM('',(#6508),#6506);
#6510=DIRECTION('',(-9.506452793929E-1,0.E0,-3.102797975506E-1));
#6511=VECTOR('',#6510,1.812878144174E-1);
#6512=CARTESIAN_POINT('',(-2.484676115937E-1,1.901E1,-1.026573515050E0));
#6513=LINE('',#6512,#6511);
#6514=CURVE_STYLE('',#26,POSITIVE_LENGTH_MEASURE(2.E-2),#15);
#6515=PRESENTATION_STYLE_ASSIGNMENT((#6514));
#6516=STYLED_ITEM('',(#6515),#6513);
#6517=DIRECTION('',(-1.E0,0.E0,0.E0));
#6518=VECTOR('',#6517,1.148936033249E-1);
#6519=CARTESIAN_POINT('',(-1.335740082688E-1,1.901E1,-1.026573515050E0));
#6520=LINE('',#6519,#6518);
#6521=CURVE_STYLE('',#26,POSITIVE_LENGTH_MEASURE(2.E-2),#15);
#6522=PRESENTATION_STYLE_ASSIGNMENT((#6521));
#6523=STYLED_ITEM('',(#6522),#6520);
#6524=DIRECTION('',(-9.506453221247E-1,0.E0,3.102796666273E-1));
#6525=VECTOR('',#6524,1.812878909123E-1);
#6526=CARTESIAN_POINT('',(3.876647718480E-2,1.901E1,-1.082823461406E0));
#6527=LINE('',#6526,#6525);
#6528=CURVE_STYLE('',#26,POSITIVE_LENGTH_MEASURE(2.E-2),#15);
#6529=PRESENTATION_STYLE_ASSIGNMENT((#6528));
#6530=STYLED_ITEM('',(#6529),#6527);
#6531=DIRECTION('',(-8.373790012342E-1,0.E0,5.466227293958E-1));
#6532=VECTOR('',#6531,2.058093225807E-1);
#6533=CARTESIAN_POINT('',(2.111068821721E-1,1.901E1,-1.195323515050E0));
#6534=LINE('',#6533,#6532);
#6535=CURVE_STYLE('',#26,POSITIVE_LENGTH_MEASURE(2.E-2),#15);
#6536=PRESENTATION_STYLE_ASSIGNMENT((#6535));
#6537=STYLED_ITEM('',(#6536),#6534);
#6538=DIRECTION('',(-5.627909312417E-1,0.E0,8.265992787996E-1));
#6539=VECTOR('',#6538,2.041497063064E-1);
#6540=CARTESIAN_POINT('',(3.260004854970E-1,1.901E1,-1.364073515050E0));
#6541=LINE('',#6540,#6539);
#6542=CURVE_STYLE('',#26,POSITIVE_LENGTH_MEASURE(2.E-2),#15);
#6543=PRESENTATION_STYLE_ASSIGNMENT((#6542));
#6544=STYLED_ITEM('',(#6543),#6541);
#6545=DIRECTION('',(-2.473832729514E-1,0.E0,9.689177035558E-1));
#6546=VECTOR('',#6545,2.322178091391E-1);
#6547=CARTESIAN_POINT('',(3.834472871595E-1,1.901E1,-1.589073461406E0));
#6548=LINE('',#6547,#6546);
#6549=CURVE_STYLE('',#26,POSITIVE_LENGTH_MEASURE(2.E-2),#15);
#6550=PRESENTATION_STYLE_ASSIGNMENT((#6549));
#6551=STYLED_ITEM('',(#6550),#6548);
#6552=DIRECTION('',(0.E0,0.E0,1.E0));
#6553=VECTOR('',#6552,3.375E-1);
#6554=CARTESIAN_POINT('',(3.834472871595E-1,1.901E1,-1.926573461406E0));
#6555=LINE('',#6554,#6553);
#6556=CURVE_STYLE('',#26,POSITIVE_LENGTH_MEASURE(2.E-2),#15);
#6557=PRESENTATION_STYLE_ASSIGNMENT((#6556));
#6558=STYLED_ITEM('',(#6557),#6555);
#6559=DIRECTION('',(2.473832314230E-1,0.E0,9.689177141588E-1));
#6560=VECTOR('',#6559,2.322178481217E-1);
#6561=CARTESIAN_POINT('',(3.260004854970E-1,1.901E1,-2.151573447995E0));
#6562=LINE('',#6561,#6560);
#6563=CURVE_STYLE('',#26,POSITIVE_LENGTH_MEASURE(2.E-2),#15);
#6564=PRESENTATION_STYLE_ASSIGNMENT((#6563));
#6565=STYLED_ITEM('',(#6564),#6562);
#6566=DIRECTION('',(-1.E0,0.E0,0.E0));
#6567=VECTOR('',#6566,5.170212149620E-1);
#6568=CARTESIAN_POINT('',(5.557876921468E-1,1.901E1,-2.953234077616E-1));
#6569=LINE('',#6568,#6567);
#6570=CURVE_STYLE('',#26,POSITIVE_LENGTH_MEASURE(2.E-2),#15);
#6571=PRESENTATION_STYLE_ASSIGNMENT((#6570));
#6572=STYLED_ITEM('',(#6571),#6569);
#6573=DIRECTION('',(-9.813591690599E-1,0.E0,-1.921826769043E-1));
#6574=VECTOR('',#6573,2.926899929894E-1);
#6575=CARTESIAN_POINT('',(8.430217004590E-1,1.901E1,-2.390734614058E-1));
#6576=LINE('',#6575,#6574);
#6577=CURVE_STYLE('',#26,POSITIVE_LENGTH_MEASURE(2.E-2),#15);
#6578=PRESENTATION_STYLE_ASSIGNMENT((#6577));
#6579=STYLED_ITEM('',(#6578),#6576);
#6580=DIRECTION('',(-9.506453648566E-1,0.E0,-3.102795357040E-1));
#6581=VECTOR('',#6580,1.812879674071E-1);
#6582=CARTESIAN_POINT('',(1.015362266379E0,1.901E1,-1.828235150500E-1));
#6583=LINE('',#6582,#6581);
#6584=CURVE_STYLE('',#26,POSITIVE_LENGTH_MEASURE(2.E-2),#15);
#6585=PRESENTATION_STYLE_ASSIGNMENT((#6584));
#6586=STYLED_ITEM('',(#6585),#6583);
#6587=DIRECTION('',(-8.981380143666E-1,0.E0,-4.397136649566E-1));
#6588=VECTOR('',#6587,2.558484364030E-1);
#6589=CARTESIAN_POINT('',(1.245149473029E0,1.901E1,-7.032346140580E-2));
#6590=LINE('',#6589,#6588);
#6591=CURVE_STYLE('',#26,POSITIVE_LENGTH_MEASURE(2.E-2),#15);
#6592=PRESENTATION_STYLE_ASSIGNMENT((#6591));
#6593=STYLED_ITEM('',(#6592),#6590);
#6594=DIRECTION('',(-7.145103848018E-1,0.E0,-6.996248351869E-1));
#6595=VECTOR('',#6594,2.412007000222E-1);
#6596=CARTESIAN_POINT('',(1.417489878016E0,1.901E1,9.842653859420E-2));
#6597=LINE('',#6596,#6595);
#6598=CURVE_STYLE('',#26,POSITIVE_LENGTH_MEASURE(2.E-2),#15);
#6599=PRESENTATION_STYLE_ASSIGNMENT((#6598));
#6600=STYLED_ITEM('',(#6599),#6597);
#6601=DIRECTION('',(-5.224770734933E-1,0.E0,-8.526533338197E-1));
#6602=VECTOR('',#6601,3.298525690994E-1);
#6603=CARTESIAN_POINT('',(1.589830283003E0,1.901E1,3.796764313058E-1));
#6604=LINE('',#6603,#6602);
#6605=CURVE_STYLE('',#26,POSITIVE_LENGTH_MEASURE(2.E-2),#15);
#6606=PRESENTATION_STYLE_ASSIGNMENT((#6605));
#6607=STYLED_ITEM('',(#6606),#6604);
#6608=DIRECTION('',(-1.677993286083E-1,0.E0,-9.858211730931E-1));
#6609=VECTOR('',#6608,3.423541806686E-1);
#6610=CARTESIAN_POINT('',(1.647277084666E0,1.901E1,7.171764313058E-1));
#6611=LINE('',#6610,#6609);
#6612=CURVE_STYLE('',#26,POSITIVE_LENGTH_MEASURE(2.E-2),#15);
#6613=PRESENTATION_STYLE_ASSIGNMENT((#6612));
#6614=STYLED_ITEM('',(#6613),#6611);
#6615=DIRECTION('',(1.677993286083E-1,0.E0,-9.858211730931E-1));
#6616=VECTOR('',#6615,3.423541806686E-1);
#6617=CARTESIAN_POINT('',(1.589830283003E0,1.901E1,1.054676431306E0));
#6618=LINE('',#6617,#6616);
#6619=CURVE_STYLE('',#26,POSITIVE_LENGTH_MEASURE(2.E-2),#15);
#6620=PRESENTATION_STYLE_ASSIGNMENT((#6619));
#6621=STYLED_ITEM('',(#6620),#6618);
#6622=DIRECTION('',(5.224766387895E-1,0.E0,-8.526536001913E-1));
#6623=VECTOR('',#6622,3.298528435388E-1);
#6624=CARTESIAN_POINT('',(1.417489878016E0,1.901E1,1.335926645883E0));
#6625=LINE('',#6624,#6623);
#6626=CURVE_STYLE('',#26,POSITIVE_LENGTH_MEASURE(2.E-2),#15);
#6627=PRESENTATION_STYLE_ASSIGNMENT((#6626));
#6628=STYLED_ITEM('',(#6627),#6625);
#6629=DIRECTION('',(7.145103848018E-1,0.E0,-6.996248351869E-1));
#6630=VECTOR('',#6629,2.412007000222E-1);
#6631=CARTESIAN_POINT('',(1.245149473029E0,1.901E1,1.504676645883E0));
#6632=LINE('',#6631,#6630);
#6633=CURVE_STYLE('',#26,POSITIVE_LENGTH_MEASURE(2.E-2),#15);
#6634=PRESENTATION_STYLE_ASSIGNMENT((#6633));
#6635=STYLED_ITEM('',(#6634),#6632);
#6636=DIRECTION('',(8.981382627794E-1,0.E0,-4.397131575602E-1));
#6637=VECTOR('',#6636,2.558483656388E-1);
#6638=CARTESIAN_POINT('',(1.015362266379E0,1.901E1,1.617176538594E0));
#6639=LINE('',#6638,#6637);
#6640=CURVE_STYLE('',#26,POSITIVE_LENGTH_MEASURE(2.E-2),#15);
#6641=PRESENTATION_STYLE_ASSIGNMENT((#6640));
#6642=STYLED_ITEM('',(#6641),#6639);
#6643=DIRECTION('',(9.506451030099E-1,0.E0,-3.102803379578E-1));
#6644=VECTOR('',#6643,1.812880173413E-1);
#6645=CARTESIAN_POINT('',(8.430217004590E-1,1.901E1,1.673426645883E0));
#6646=LINE('',#6645,#6644);
#6647=CURVE_STYLE('',#26,POSITIVE_LENGTH_MEASURE(2.E-2),#15);
#6648=PRESENTATION_STYLE_ASSIGNMENT((#6647));
#6649=STYLED_ITEM('',(#6648),#6646);
#6650=DIRECTION('',(9.813592727596E-1,0.E0,-1.921821473726E-1));
#6651=VECTOR('',#6650,2.926899620610E-1);
#6652=CARTESIAN_POINT('',(5.557876921468E-1,1.901E1,1.729676431306E0));
#6653=LINE('',#6652,#6651);
#6654=CURVE_STYLE('',#26,POSITIVE_LENGTH_MEASURE(2.E-2),#15);
#6655=PRESENTATION_STYLE_ASSIGNMENT((#6654));
#6656=STYLED_ITEM('',(#6655),#6653);
#6657=DIRECTION('',(1.E0,0.E0,0.E0));
#6658=VECTOR('',#6657,5.170212149620E-1);
#6659=CARTESIAN_POINT('',(3.876647718480E-2,1.901E1,1.729676431306E0));
#6660=LINE('',#6659,#6658);
#6661=CURVE_STYLE('',#26,POSITIVE_LENGTH_MEASURE(2.E-2),#15);
#6662=PRESENTATION_STYLE_ASSIGNMENT((#6661));
#6663=STYLED_ITEM('',(#6662),#6660);
#6664=DIRECTION('',(9.813592829135E-1,0.E0,1.921820955228E-1));
#6665=VECTOR('',#6664,2.926900410273E-1);
#6666=CARTESIAN_POINT('',(-2.484676115937E-1,1.901E1,1.673426645883E0));
#6667=LINE('',#6666,#6665);
#6668=CURVE_STYLE('',#26,POSITIVE_LENGTH_MEASURE(2.E-2),#15);
#6669=PRESENTATION_STYLE_ASSIGNMENT((#6668));
#6670=STYLED_ITEM('',(#6669),#6667);
#6671=DIRECTION('',(9.506450175458E-1,0.E0,3.102805998049E-1));
#6672=VECTOR('',#6671,1.812878643516E-1);
#6673=CARTESIAN_POINT('',(-4.208080165810E-1,1.901E1,1.617176538594E0));
#6674=LINE('',#6673,#6672);
#6675=CURVE_STYLE('',#26,POSITIVE_LENGTH_MEASURE(2.E-2),#15);
#6676=PRESENTATION_STYLE_ASSIGNMENT((#6675));
#6677=STYLED_ITEM('',(#6676),#6674);
#6678=DIRECTION('',(8.981382931841E-1,0.E0,4.397130954570E-1));
#6679=VECTOR('',#6678,2.558484017737E-1);
#6680=CARTESIAN_POINT('',(-6.505952634639E-1,1.901E1,1.504676645883E0));
#6681=LINE('',#6680,#6679);
#6682=CURVE_STYLE('',#26,POSITIVE_LENGTH_MEASURE(2.E-2),#15);
#6683=PRESENTATION_STYLE_ASSIGNMENT((#6682));
#6684=STYLED_ITEM('',(#6683),#6681);
#6685=DIRECTION('',(7.145104256249E-1,0.E0,6.996247934953E-1));
#6686=VECTOR('',#6685,2.412007143957E-1);
#6687=CARTESIAN_POINT('',(-8.229356885679E-1,1.901E1,1.335926645883E0));
#6688=LINE('',#6687,#6686);
#6689=CURVE_STYLE('',#26,POSITIVE_LENGTH_MEASURE(2.E-2),#15);
#6690=PRESENTATION_STYLE_ASSIGNMENT((#6689));
#6691=STYLED_ITEM('',(#6690),#6688);
#6692=DIRECTION('',(5.224766720432E-1,0.E0,8.526535798146E-1));
#6693=VECTOR('',#6692,3.298528514217E-1);
#6694=CARTESIAN_POINT('',(-9.952761086426E-1,1.901E1,1.054676431306E0));
#6695=LINE('',#6694,#6693);
#6696=CURVE_STYLE('',#26,POSITIVE_LENGTH_MEASURE(2.E-2),#15);
#6697=PRESENTATION_STYLE_ASSIGNMENT((#6696));
#6698=STYLED_ITEM('',(#6697),#6695);
#6699=DIRECTION('',(1.677993428846E-1,0.E0,9.858211706631E-1));
#6700=VECTOR('',#6699,3.423541815125E-1);
#6701=CARTESIAN_POINT('',(-1.052722915334E0,1.901E1,7.171764313058E-1));
#6702=LINE('',#6701,#6700);
#6703=CURVE_STYLE('',#26,POSITIVE_LENGTH_MEASURE(2.E-2),#15);
#6704=PRESENTATION_STYLE_ASSIGNMENT((#6703));
#6705=STYLED_ITEM('',(#6704),#6702);
#6706=DIRECTION('',(-1.677993428846E-1,0.E0,9.858211706631E-1));
#6707=VECTOR('',#6706,3.423541815125E-1);
#6708=CARTESIAN_POINT('',(-9.952761086426E-1,1.901E1,3.796764313058E-1));
#6709=LINE('',#6708,#6707);
#6710=CURVE_STYLE('',#26,POSITIVE_LENGTH_MEASURE(2.E-2),#15);
#6711=PRESENTATION_STYLE_ASSIGNMENT((#6710));
#6712=STYLED_ITEM('',(#6711),#6709);
#6713=DIRECTION('',(-5.224771067470E-1,0.E0,8.526533134429E-1));
#6714=VECTOR('',#6713,3.298525769823E-1);
#6715=CARTESIAN_POINT('',(-8.229356885679E-1,1.901E1,9.842653859420E-2));
#6716=LINE('',#6715,#6714);
#6717=CURVE_STYLE('',#26,POSITIVE_LENGTH_MEASURE(2.E-2),#15);
#6718=PRESENTATION_STYLE_ASSIGNMENT((#6717));
#6719=STYLED_ITEM('',(#6718),#6716);
#6720=DIRECTION('',(-7.145104256249E-1,0.E0,6.996247934953E-1));
#6721=VECTOR('',#6720,2.412007143957E-1);
#6722=CARTESIAN_POINT('',(-6.505952634639E-1,1.901E1,-7.032346140580E-2));
#6723=LINE('',#6722,#6721);
#6724=CURVE_STYLE('',#26,POSITIVE_LENGTH_MEASURE(2.E-2),#15);
#6725=PRESENTATION_STYLE_ASSIGNMENT((#6724));
#6726=STYLED_ITEM('',(#6725),#6723);
#6727=DIRECTION('',(-8.981380447713E-1,0.E0,4.397136028534E-1));
#6728=VECTOR('',#6727,2.558484725379E-1);
#6729=CARTESIAN_POINT('',(-4.208080165810E-1,1.901E1,-1.828235150500E-1));
#6730=LINE('',#6729,#6728);
#6731=CURVE_STYLE('',#26,POSITIVE_LENGTH_MEASURE(2.E-2),#15);
#6732=PRESENTATION_STYLE_ASSIGNMENT((#6731));
#6733=STYLED_ITEM('',(#6732),#6730);
#6734=DIRECTION('',(-9.506452793929E-1,0.E0,3.102797975506E-1));
#6735=VECTOR('',#6734,1.812878144174E-1);
#6736=CARTESIAN_POINT('',(-2.484676115937E-1,1.901E1,-2.390734614058E-1));
#6737=LINE('',#6736,#6735);
#6738=CURVE_STYLE('',#26,POSITIVE_LENGTH_MEASURE(2.E-2),#15);
#6739=PRESENTATION_STYLE_ASSIGNMENT((#6738));
#6740=STYLED_ITEM('',(#6739),#6737);
#6741=DIRECTION('',(-9.813591792138E-1,0.E0,1.921826250544E-1));
#6742=VECTOR('',#6741,2.926900719557E-1);
#6743=CARTESIAN_POINT('',(3.876647718480E-2,1.901E1,-2.953234077616E-1));
#6744=LINE('',#6743,#6742);
#6745=CURVE_STYLE('',#26,POSITIVE_LENGTH_MEASURE(2.E-2),#15);
#6746=PRESENTATION_STYLE_ASSIGNMENT((#6745));
#6747=STYLED_ITEM('',(#6746),#6744);
#6748=DIRECTION('',(9.869440947885E-1,0.E0,1.610631980374E-1));
#6749=VECTOR('',#6748,3.492404603206E-1);
#6750=CARTESIAN_POINT('',(4.983408904844E-1,1.901E1,-1.407335411744E-2));
#6751=LINE('',#6750,#6749);
#6752=CURVE_STYLE('',#26,POSITIVE_LENGTH_MEASURE(2.E-2),#15);
#6753=PRESENTATION_STYLE_ASSIGNMENT((#6752));
#6754=STYLED_ITEM('',(#6753),#6751);
#6755=DIRECTION('',(1.E0,0.E0,0.E0));
#6756=VECTOR('',#6755,4.021276116371E-1);
#6757=CARTESIAN_POINT('',(9.621327884724E-2,1.901E1,-1.407335411744E-2));
#6758=LINE('',#6757,#6756);
#6759=CURVE_STYLE('',#26,POSITIVE_LENGTH_MEASURE(2.E-2),#15);
#6760=PRESENTATION_STYLE_ASSIGNMENT((#6759));
#6761=STYLED_ITEM('',(#6760),#6758);
#6762=DIRECTION('',(9.869441007655E-1,0.E0,-1.610631614123E-1));
#6763=VECTOR('',#6762,3.492405397363E-1);
#6764=CARTESIAN_POINT('',(-2.484676115937E-1,1.901E1,4.217643130584E-2));
#6765=LINE('',#6764,#6763);
#6766=CURVE_STYLE('',#26,POSITIVE_LENGTH_MEASURE(2.E-2),#15);
#6767=PRESENTATION_STYLE_ASSIGNMENT((#6766));
#6768=STYLED_ITEM('',(#6767),#6765);
#6769=DIRECTION('',(8.373790304396E-1,0.E0,-5.466226846555E-1));
#6770=VECTOR('',#6769,4.116186788519E-1);
#6771=CARTESIAN_POINT('',(-5.931484618015E-1,1.901E1,2.671765385942E-1));
#6772=LINE('',#6771,#6770);
#6773=CURVE_STYLE('',#26,POSITIVE_LENGTH_MEASURE(2.E-2),#15);
#6774=PRESENTATION_STYLE_ASSIGNMENT((#6773));
#6775=STYLED_ITEM('',(#6774),#6772);
#6776=DIRECTION('',(5.627909312417E-1,0.E0,-8.265992787996E-1));
#6777=VECTOR('',#6776,2.041497063064E-1);
#6778=CARTESIAN_POINT('',(-7.080420651264E-1,1.901E1,4.359265385942E-1));
#6779=LINE('',#6778,#6777);
#6780=CURVE_STYLE('',#26,POSITIVE_LENGTH_MEASURE(2.E-2),#15);
#6781=PRESENTATION_STYLE_ASSIGNMENT((#6780));
#6782=STYLED_ITEM('',(#6781),#6779);
#6783=DIRECTION('',(2.001234283435E-1,0.E0,-9.797706943097E-1));
#6784=VECTOR('',#6783,2.870568535527E-1);
#6785=CARTESIAN_POINT('',(-7.654888667888E-1,1.901E1,7.171764313058E-1));
#6786=LINE('',#6785,#6784);
#6787=CURVE_STYLE('',#26,POSITIVE_LENGTH_MEASURE(2.E-2),#15);
#6788=PRESENTATION_STYLE_ASSIGNMENT((#6787));
#6789=STYLED_ITEM('',(#6788),#6786);
#6790=DIRECTION('',(-2.001232084928E-1,0.E0,-9.797707392153E-1));
#6791=VECTOR('',#6790,2.870571689066E-1);
#6792=CARTESIAN_POINT('',(-7.080420651264E-1,1.901E1,9.984266458826E-1));
#6793=LINE('',#6792,#6791);
#6794=CURVE_STYLE('',#26,POSITIVE_LENGTH_MEASURE(2.E-2),#15);
#6795=PRESENTATION_STYLE_ASSIGNMENT((#6794));
#6796=STYLED_ITEM('',(#6795),#6793);
#6797=DIRECTION('',(-5.627909312417E-1,0.E0,-8.265992787996E-1));
#6798=VECTOR('',#6797,2.041497063064E-1);
#6799=CARTESIAN_POINT('',(-5.931484618015E-1,1.901E1,1.167176645883E0));
#6800=LINE('',#6799,#6798);
#6801=CURVE_STYLE('',#26,POSITIVE_LENGTH_MEASURE(2.E-2),#15);
#6802=PRESENTATION_STYLE_ASSIGNMENT((#6801));
#6803=STYLED_ITEM('',(#6802),#6800);
#6804=DIRECTION('',(-8.373793883617E-1,0.E0,-5.466221363492E-1));
#6805=VECTOR('',#6804,4.116185029132E-1);
#6806=CARTESIAN_POINT('',(-2.484676115937E-1,1.901E1,1.392176431306E0));
#6807=LINE('',#6806,#6805);
#6808=CURVE_STYLE('',#26,POSITIVE_LENGTH_MEASURE(2.E-2),#15);
#6809=PRESENTATION_STYLE_ASSIGNMENT((#6808));
#6810=STYLED_ITEM('',(#6809),#6807);
#6811=DIRECTION('',(-9.869439542650E-1,0.E0,-1.610640591185E-1));
#6812=VECTOR('',#6811,3.492405915771E-1);
#6813=CARTESIAN_POINT('',(9.621327884724E-2,1.901E1,1.448426538594E0));
#6814=LINE('',#6813,#6812);
#6815=CURVE_STYLE('',#26,POSITIVE_LENGTH_MEASURE(2.E-2),#15);
#6816=PRESENTATION_STYLE_ASSIGNMENT((#6815));
#6817=STYLED_ITEM('',(#6816),#6814);
#6818=DIRECTION('',(-1.E0,0.E0,0.E0));
#6819=VECTOR('',#6818,4.021276116371E-1);
#6820=CARTESIAN_POINT('',(4.983408904844E-1,1.901E1,1.448426538594E0));
#6821=LINE('',#6820,#6819);
#6822=CURVE_STYLE('',#26,POSITIVE_LENGTH_MEASURE(2.E-2),#15);
#6823=PRESENTATION_STYLE_ASSIGNMENT((#6822));
#6824=STYLED_ITEM('',(#6823),#6821);
#6825=DIRECTION('',(-9.869439482880E-1,0.E0,1.610640957438E-1));
#6826=VECTOR('',#6825,3.492405121614E-1);
#6827=CARTESIAN_POINT('',(8.430217004590E-1,1.901E1,1.392176431306E0));
#6828=LINE('',#6827,#6826);
#6829=CURVE_STYLE('',#26,POSITIVE_LENGTH_MEASURE(2.E-2),#15);
#6830=PRESENTATION_STYLE_ASSIGNMENT((#6829));
#6831=STYLED_ITEM('',(#6830),#6828);
#6832=DIRECTION('',(-8.373794759779E-1,0.E0,5.466220021285E-1));
#6833=VECTOR('',#6832,4.116186039844E-1);
#6834=CARTESIAN_POINT('',(1.187702671366E0,1.901E1,1.167176645883E0));
#6835=LINE('',#6834,#6833);
#6836=CURVE_STYLE('',#26,POSITIVE_LENGTH_MEASURE(2.E-2),#15);
#6837=PRESENTATION_STYLE_ASSIGNMENT((#6836));
#6838=STYLED_ITEM('',(#6837),#6835);
#6839=DIRECTION('',(-5.627909312417E-1,0.E0,8.265992787996E-1));
#6840=VECTOR('',#6839,2.041497063064E-1);
#6841=CARTESIAN_POINT('',(1.302596274691E0,1.901E1,9.984266458826E-1));
#6842=LINE('',#6841,#6840);
#6843=CURVE_STYLE('',#26,POSITIVE_LENGTH_MEASURE(2.E-2),#15);
#6844=PRESENTATION_STYLE_ASSIGNMENT((#6843));
#6845=STYLED_ITEM('',(#6844),#6842);
#6846=DIRECTION('',(-2.001232084928E-1,0.E0,9.797707392153E-1));
#6847=VECTOR('',#6846,2.870571689066E-1);
#6848=CARTESIAN_POINT('',(1.360043076354E0,1.901E1,7.171764313058E-1));
#6849=LINE('',#6848,#6847);
#6850=CURVE_STYLE('',#26,POSITIVE_LENGTH_MEASURE(2.E-2),#15);
#6851=PRESENTATION_STYLE_ASSIGNMENT((#6850));
#6852=STYLED_ITEM('',(#6851),#6849);
#6853=DIRECTION('',(2.001234283435E-1,0.E0,9.797706943097E-1));
#6854=VECTOR('',#6853,2.870568535527E-1);
#6855=CARTESIAN_POINT('',(1.302596274691E0,1.901E1,4.359265385942E-1));
#6856=LINE('',#6855,#6854);
#6857=CURVE_STYLE('',#26,POSITIVE_LENGTH_MEASURE(2.E-2),#15);
#6858=PRESENTATION_STYLE_ASSIGNMENT((#6857));
#6859=STYLED_ITEM('',(#6858),#6856);
#6860=DIRECTION('',(5.627909312417E-1,0.E0,8.265992787996E-1));
#6861=VECTOR('',#6860,2.041497063064E-1);
#6862=CARTESIAN_POINT('',(1.187702671366E0,1.901E1,2.671765385942E-1));
#6863=LINE('',#6862,#6861);
#6864=CURVE_STYLE('',#26,POSITIVE_LENGTH_MEASURE(2.E-2),#15);
#6865=PRESENTATION_STYLE_ASSIGNMENT((#6864));
#6866=STYLED_ITEM('',(#6865),#6863);
#6867=DIRECTION('',(8.373791180560E-1,0.E0,5.466225504348E-1));
#6868=VECTOR('',#6867,4.116187799230E-1);
#6869=CARTESIAN_POINT('',(8.430217004590E-1,1.901E1,4.217643130584E-2));
#6870=LINE('',#6869,#6868);
#6871=CURVE_STYLE('',#26,POSITIVE_LENGTH_MEASURE(2.E-2),#15);
#6872=PRESENTATION_STYLE_ASSIGNMENT((#6871));
#6873=STYLED_ITEM('',(#6872),#6870);
#6874=DIRECTION('',(9.486832528138E-1,0.E0,3.162279017271E-1));
#6875=VECTOR('',#6874,2.846050029862E0);
#6876=CARTESIAN_POINT('',(-1.052722915334E0,1.901E1,3.529676324017E0));
#6877=LINE('',#6876,#6875);
#6878=CURVE_STYLE('',#26,POSITIVE_LENGTH_MEASURE(2.E-2),#15);
#6879=PRESENTATION_STYLE_ASSIGNMENT((#6878));
#6880=STYLED_ITEM('',(#6879),#6877);
#6881=DIRECTION('',(0.E0,0.E0,1.E0));
#6882=VECTOR('',#6881,4.499995708466E-1);
#6883=CARTESIAN_POINT('',(-1.052722915334E0,1.901E1,3.079676753171E0));
#6884=LINE('',#6883,#6882);
#6885=CURVE_STYLE('',#26,POSITIVE_LENGTH_MEASURE(2.E-2),#15);
#6886=PRESENTATION_STYLE_ASSIGNMENT((#6885));
#6887=STYLED_ITEM('',(#6886),#6884);
#6888=DIRECTION('',(-9.486832867413E-1,0.E0,3.162277999444E-1));
#6889=VECTOR('',#6888,2.846049928079E0);
#6890=CARTESIAN_POINT('',(1.647277084666E0,1.901E1,2.179676645883E0));
#6891=LINE('',#6890,#6889);
#6892=CURVE_STYLE('',#26,POSITIVE_LENGTH_MEASURE(2.E-2),#15);
#6893=PRESENTATION_STYLE_ASSIGNMENT((#6892));
#6894=STYLED_ITEM('',(#6893),#6891);
#6895=DIRECTION('',(0.E0,0.E0,-1.E0));
#6896=VECTOR('',#6895,3.375E-1);
#6897=CARTESIAN_POINT('',(1.647277084666E0,1.901E1,2.517176645883E0));
#6898=LINE('',#6897,#6896);
#6899=CURVE_STYLE('',#26,POSITIVE_LENGTH_MEASURE(2.E-2),#15);
#6900=PRESENTATION_STYLE_ASSIGNMENT((#6899));
#6901=STYLED_ITEM('',(#6900),#6898);
#6902=DIRECTION('',(9.483937700678E-1,0.E0,-3.170950281802E-1));
#6903=VECTOR('',#6902,2.483482308856E0);
#6904=CARTESIAN_POINT('',(-7.080420651264E-1,1.901E1,3.304676538594E0));
#6905=LINE('',#6904,#6903);
#6906=CURVE_STYLE('',#26,POSITIVE_LENGTH_MEASURE(2.E-2),#15);
#6907=PRESENTATION_STYLE_ASSIGNMENT((#6906));
#6908=STYLED_ITEM('',(#6907),#6905);
#6909=DIRECTION('',(-9.483937310923E-1,0.E0,-3.170951447511E-1));
#6910=VECTOR('',#6909,2.483482410917E0);
#6911=CARTESIAN_POINT('',(1.647277084666E0,1.901E1,4.092176753171E0));
#6912=LINE('',#6911,#6910);
#6913=CURVE_STYLE('',#26,POSITIVE_LENGTH_MEASURE(2.E-2),#15);
#6914=PRESENTATION_STYLE_ASSIGNMENT((#6913));
#6915=STYLED_ITEM('',(#6914),#6912);
#6916=DIRECTION('',(0.E0,0.E0,-1.E0));
#6917=VECTOR('',#6916,3.375E-1);
#6918=CARTESIAN_POINT('',(1.647277084666E0,1.901E1,4.429676753171E0));
#6919=LINE('',#6918,#6917);
#6920=CURVE_STYLE('',#26,POSITIVE_LENGTH_MEASURE(2.E-2),#15);
#6921=PRESENTATION_STYLE_ASSIGNMENT((#6920));
#6922=STYLED_ITEM('',(#6921),#6919);
#6923=DIRECTION('',(-1.E0,0.E0,0.E0));
#6924=VECTOR('',#6923,2.125531983376E0);
#6925=CARTESIAN_POINT('',(-2.833347012541E0,1.901E1,-4.078234614058E-1));
#6926=LINE('',#6925,#6924);
#6927=CURVE_STYLE('',#26,POSITIVE_LENGTH_MEASURE(2.E-2),#15);
#6928=PRESENTATION_STYLE_ASSIGNMENT((#6927));
#6929=STYLED_ITEM('',(#6928),#6926);
#6930=DIRECTION('',(9.377105369792E-1,0.E0,3.474175425020E-1));
#6931=VECTOR('',#6930,2.266725070855E0);
#6932=CARTESIAN_POINT('',(-4.958878995916E0,1.901E1,-1.195323515050E0));
#6933=LINE('',#6932,#6931);
#6934=CURVE_STYLE('',#26,POSITIVE_LENGTH_MEASURE(2.E-2),#15);
#6935=PRESENTATION_STYLE_ASSIGNMENT((#6934));
#6936=STYLED_ITEM('',(#6935),#6933);
#6937=DIRECTION('',(0.E0,0.E0,1.E0));
#6938=VECTOR('',#6937,4.499999731779E-1);
#6939=CARTESIAN_POINT('',(-4.958878995916E0,1.901E1,-1.645323488228E0));
#6940=LINE('',#6939,#6938);
#6941=CURVE_STYLE('',#26,POSITIVE_LENGTH_MEASURE(2.E-2),#15);
#6942=PRESENTATION_STYLE_ASSIGNMENT((#6941));
#6943=STYLED_ITEM('',(#6942),#6940);
#6944=DIRECTION('',(-9.377105485439E-1,0.E0,3.474175112878E-1));
#6945=VECTOR('',#6944,2.266725042899E0);
#6946=CARTESIAN_POINT('',(-2.833347012541E0,1.901E1,-2.432823461406E0));
#6947=LINE('',#6946,#6945);
#6948=CURVE_STYLE('',#26,POSITIVE_LENGTH_MEASURE(2.E-2),#15);
#6949=PRESENTATION_STYLE_ASSIGNMENT((#6948));
#6950=STYLED_ITEM('',(#6949),#6947);
#6951=DIRECTION('',(1.E0,0.E0,0.E0));
#6952=VECTOR('',#6951,2.125531983376E0);
#6953=CARTESIAN_POINT('',(-4.958878995916E0,1.901E1,-2.432823461406E0));
#6954=LINE('',#6953,#6952);
#6955=CURVE_STYLE('',#26,POSITIVE_LENGTH_MEASURE(2.E-2),#15);
#6956=PRESENTATION_STYLE_ASSIGNMENT((#6955));
#6957=STYLED_ITEM('',(#6956),#6954);
#6958=DIRECTION('',(0.E0,0.E0,1.E0));
#6959=VECTOR('',#6958,3.375E-1);
#6960=CARTESIAN_POINT('',(-4.958878995916E0,1.901E1,-2.770323461406E0));
#6961=LINE('',#6960,#6959);
#6962=CURVE_STYLE('',#26,POSITIVE_LENGTH_MEASURE(2.E-2),#15);
#6963=PRESENTATION_STYLE_ASSIGNMENT((#6962));
#6964=STYLED_ITEM('',(#6963),#6961);
#6965=DIRECTION('',(-1.E0,0.E0,0.E0));
#6966=VECTOR('',#6965,2.7E0);
#6967=CARTESIAN_POINT('',(-2.258878995916E0,1.901E1,-2.770323461406E0));
#6968=LINE('',#6967,#6966);
#6969=CURVE_STYLE('',#26,POSITIVE_LENGTH_MEASURE(2.E-2),#15);
#6970=PRESENTATION_STYLE_ASSIGNMENT((#6969));
#6971=STYLED_ITEM('',(#6970),#6968);
#6972=DIRECTION('',(0.E0,0.E0,-1.E0));
#6973=VECTOR('',#6972,5.0625E-1);
#6974=CARTESIAN_POINT('',(-2.258878995916E0,1.901E1,-2.264073461406E0));
#6975=LINE('',#6974,#6973);
#6976=CURVE_STYLE('',#26,POSITIVE_LENGTH_MEASURE(2.E-2),#15);
#6977=PRESENTATION_STYLE_ASSIGNMENT((#6976));
#6978=STYLED_ITEM('',(#6977),#6975);
#6979=DIRECTION('',(9.439459199884E-1,0.E0,-3.301001365301E-1));
#6980=VECTOR('',#6979,2.556042565960E0);
#6981=CARTESIAN_POINT('',(-4.671644947371E0,1.901E1,-1.420323461406E0));
#6982=LINE('',#6981,#6980);
#6983=CURVE_STYLE('',#26,POSITIVE_LENGTH_MEASURE(2.E-2),#15);
#6984=PRESENTATION_STYLE_ASSIGNMENT((#6983));
#6985=STYLED_ITEM('',(#6984),#6982);
#6986=DIRECTION('',(-9.439459199884E-1,0.E0,-3.301001365301E-1));
#6987=VECTOR('',#6986,2.556042565960E0);
#6988=CARTESIAN_POINT('',(-2.258878995916E0,1.901E1,-5.765734614058E-1));
#6989=LINE('',#6988,#6987);
#6990=CURVE_STYLE('',#26,POSITIVE_LENGTH_MEASURE(2.E-2),#15);
#6991=PRESENTATION_STYLE_ASSIGNMENT((#6990));
#6992=STYLED_ITEM('',(#6991),#6989);
#6993=DIRECTION('',(0.E0,0.E0,-1.E0));
#6994=VECTOR('',#6993,5.0625E-1);
#6995=CARTESIAN_POINT('',(-2.258878995916E0,1.901E1,-7.032346140580E-2));
#6996=LINE('',#6995,#6994);
#6997=CURVE_STYLE('',#26,POSITIVE_LENGTH_MEASURE(2.E-2),#15);
#6998=PRESENTATION_STYLE_ASSIGNMENT((#6997));
#6999=STYLED_ITEM('',(#6998),#6996);
#7000=DIRECTION('',(1.E0,0.E0,0.E0));
#7001=VECTOR('',#7000,2.7E0);
#7002=CARTESIAN_POINT('',(-4.958878995916E0,1.901E1,-7.032346140580E-2));
#7003=LINE('',#7002,#7001);
#7004=CURVE_STYLE('',#26,POSITIVE_LENGTH_MEASURE(2.E-2),#15);
#7005=PRESENTATION_STYLE_ASSIGNMENT((#7004));
#7006=STYLED_ITEM('',(#7005),#7003);
#7007=DIRECTION('',(0.E0,0.E0,1.E0));
#7008=VECTOR('',#7007,3.375E-1);
#7009=CARTESIAN_POINT('',(-4.958878995916E0,1.901E1,-4.078234614058E-1));
#7010=LINE('',#7009,#7008);
#7011=CURVE_STYLE('',#26,POSITIVE_LENGTH_MEASURE(2.E-2),#15);
#7012=PRESENTATION_STYLE_ASSIGNMENT((#7011));
#7013=STYLED_ITEM('',(#7012),#7010);
#7014=DIRECTION('',(1.E0,0.E0,0.E0));
#7015=VECTOR('',#7014,1.263829797506E0);
#7016=CARTESIAN_POINT('',(-4.958878995916E0,1.901E1,7.171764313058E-1));
#7017=LINE('',#7016,#7015);
#7018=CURVE_STYLE('',#26,POSITIVE_LENGTH_MEASURE(2.E-2),#15);
#7019=PRESENTATION_STYLE_ASSIGNMENT((#7018));
#7020=STYLED_ITEM('',(#7019),#7017);
#7021=DIRECTION('',(0.E0,0.E0,1.E0));
#7022=VECTOR('',#7021,3.375E-1);
#7023=CARTESIAN_POINT('',(-4.958878995916E0,1.901E1,3.796764313058E-1));
#7024=LINE('',#7023,#7022);
#7025=CURVE_STYLE('',#26,POSITIVE_LENGTH_MEASURE(2.E-2),#15);
#7026=PRESENTATION_STYLE_ASSIGNMENT((#7025));
#7027=STYLED_ITEM('',(#7026),#7024);
#7028=DIRECTION('',(-1.E0,0.E0,0.E0));
#7029=VECTOR('',#7028,2.7E0);
#7030=CARTESIAN_POINT('',(-2.258878995916E0,1.901E1,3.796764313058E-1));
#7031=LINE('',#7030,#7029);
#7032=CURVE_STYLE('',#26,POSITIVE_LENGTH_MEASURE(2.E-2),#15);
#7033=PRESENTATION_STYLE_ASSIGNMENT((#7032));
#7034=STYLED_ITEM('',(#7033),#7031);
#7035=DIRECTION('',(0.E0,0.E0,-1.E0));
#7036=VECTOR('',#7035,3.375E-1);
#7037=CARTESIAN_POINT('',(-2.258878995916E0,1.901E1,7.171764313058E-1));
#7038=LINE('',#7037,#7036);
#7039=CURVE_STYLE('',#26,POSITIVE_LENGTH_MEASURE(2.E-2),#15);
#7040=PRESENTATION_STYLE_ASSIGNMENT((#7039));
#7041=STYLED_ITEM('',(#7040),#7038);
#7042=DIRECTION('',(1.E0,0.E0,0.E0));
#7043=VECTOR('',#7042,1.091489392519E0);
#7044=CARTESIAN_POINT('',(-3.350368388435E0,1.901E1,7.171764313058E-1));
#7045=LINE('',#7044,#7043);
#7046=CURVE_STYLE('',#26,POSITIVE_LENGTH_MEASURE(2.E-2),#15);
#7047=PRESENTATION_STYLE_ASSIGNMENT((#7046));
#7048=STYLED_ITEM('',(#7047),#7045);
#7049=DIRECTION('',(0.E0,0.E0,-1.E0));
#7050=VECTOR('',#7049,1.575000107288E0);
#7051=CARTESIAN_POINT('',(-3.350368388435E0,1.901E1,2.292176538594E0));
#7052=LINE('',#7051,#7050);
#7053=CURVE_STYLE('',#26,POSITIVE_LENGTH_MEASURE(2.E-2),#15);
#7054=PRESENTATION_STYLE_ASSIGNMENT((#7053));
#7055=STYLED_ITEM('',(#7054),#7052);
#7056=DIRECTION('',(-1.E0,0.E0,0.E0));
#7057=VECTOR('',#7056,1.091489392519E0);
#7058=CARTESIAN_POINT('',(-2.258878995916E0,1.901E1,2.292176538594E0));
#7059=LINE('',#7058,#7057);
#7060=CURVE_STYLE('',#26,POSITIVE_LENGTH_MEASURE(2.E-2),#15);
#7061=PRESENTATION_STYLE_ASSIGNMENT((#7060));
#7062=STYLED_ITEM('',(#7061),#7059);
#7063=DIRECTION('',(0.E0,0.E0,-1.E0));
#7064=VECTOR('',#7063,3.375E-1);
#7065=CARTESIAN_POINT('',(-2.258878995916E0,1.901E1,2.629676538594E0));
#7066=LINE('',#7065,#7064);
#7067=CURVE_STYLE('',#26,POSITIVE_LENGTH_MEASURE(2.E-2),#15);
#7068=PRESENTATION_STYLE_ASSIGNMENT((#7067));
#7069=STYLED_ITEM('',(#7068),#7066);
#7070=DIRECTION('',(1.E0,0.E0,0.E0));
#7071=VECTOR('',#7070,2.7E0);
#7072=CARTESIAN_POINT('',(-4.958878995916E0,1.901E1,2.629676538594E0));
#7073=LINE('',#7072,#7071);
#7074=CURVE_STYLE('',#26,POSITIVE_LENGTH_MEASURE(2.E-2),#15);
#7075=PRESENTATION_STYLE_ASSIGNMENT((#7074));
#7076=STYLED_ITEM('',(#7075),#7073);
#7077=DIRECTION('',(0.E0,0.E0,1.E0));
#7078=VECTOR('',#7077,3.375E-1);
#7079=CARTESIAN_POINT('',(-4.958878995916E0,1.901E1,2.292176538594E0));
#7080=LINE('',#7079,#7078);
#7081=CURVE_STYLE('',#26,POSITIVE_LENGTH_MEASURE(2.E-2),#15);
#7082=PRESENTATION_STYLE_ASSIGNMENT((#7081));
#7083=STYLED_ITEM('',(#7082),#7080);
#7084=DIRECTION('',(-1.E0,0.E0,0.E0));
#7085=VECTOR('',#7084,1.263829797506E0);
#7086=CARTESIAN_POINT('',(-3.695049198410E0,1.901E1,2.292176538594E0));
#7087=LINE('',#7086,#7085);
#7088=CURVE_STYLE('',#26,POSITIVE_LENGTH_MEASURE(2.E-2),#15);
#7089=PRESENTATION_STYLE_ASSIGNMENT((#7088));
#7090=STYLED_ITEM('',(#7089),#7087);
#7091=DIRECTION('',(0.E0,0.E0,1.E0));
#7092=VECTOR('',#7091,1.575000107288E0);
#7093=CARTESIAN_POINT('',(-3.695049198410E0,1.901E1,7.171764313058E-1));
#7094=LINE('',#7093,#7092);
#7095=CURVE_STYLE('',#26,POSITIVE_LENGTH_MEASURE(2.E-2),#15);
#7096=PRESENTATION_STYLE_ASSIGNMENT((#7095));
#7097=STYLED_ITEM('',(#7096),#7094);
#7098=DIRECTION('',(0.E0,0.E0,-1.E0));
#7099=VECTOR('',#7098,3.375E-1);
#7100=CARTESIAN_POINT('',(-4.269517295501E0,1.901E1,5.273426753171E0));
#7101=LINE('',#7100,#7099);
#7102=CURVE_STYLE('',#26,POSITIVE_LENGTH_MEASURE(2.E-2),#15);
#7103=PRESENTATION_STYLE_ASSIGNMENT((#7102));
#7104=STYLED_ITEM('',(#7103),#7101);
#7105=DIRECTION('',(9.813588630361E-1,0.E0,1.921842395735E-1));
#7106=VECTOR('',#7105,2.926901252583E-1);
#7107=CARTESIAN_POINT('',(-4.556751344046E0,1.901E1,5.217176324017E0));
#7108=LINE('',#7107,#7106);
#7109=CURVE_STYLE('',#26,POSITIVE_LENGTH_MEASURE(2.E-2),#15);
#7110=PRESENTATION_STYLE_ASSIGNMENT((#7109));
#7111=STYLED_ITEM('',(#7110),#7108);
#7112=DIRECTION('',(7.145107489524E-1,0.E0,6.996244632883E-1));
#7113=VECTOR('',#7112,3.216007976133E-1);
#7114=CARTESIAN_POINT('',(-4.786538570812E0,1.901E1,4.992176538594E0));
#7115=LINE('',#7114,#7113);
#7116=CURVE_STYLE('',#26,POSITIVE_LENGTH_MEASURE(2.E-2),#15);
#7117=PRESENTATION_STYLE_ASSIGNMENT((#7116));
#7118=STYLED_ITEM('',(#7117),#7115);
#7119=DIRECTION('',(4.547775049248E-1,0.E0,8.906050870136E-1));
#7120=VECTOR('',#7119,2.526369865883E-1);
#7121=CARTESIAN_POINT('',(-4.901432189225E0,1.901E1,4.767176753171E0));
#7122=LINE('',#7121,#7120);
#7123=CURVE_STYLE('',#26,POSITIVE_LENGTH_MEASURE(2.E-2),#15);
#7124=PRESENTATION_STYLE_ASSIGNMENT((#7123));
#7125=STYLED_ITEM('',(#7124),#7122);
#7126=DIRECTION('',(2.001232253108E-1,0.E0,9.797707357802E-1));
#7127=VECTOR('',#7126,2.870571699131E-1);
#7128=CARTESIAN_POINT('',(-4.958878995916E0,1.901E1,4.485926538594E0));
#7129=LINE('',#7128,#7127);
#7130=CURVE_STYLE('',#26,POSITIVE_LENGTH_MEASURE(2.E-2),#15);
#7131=PRESENTATION_STYLE_ASSIGNMENT((#7130));
#7132=STYLED_ITEM('',(#7131),#7129);
#7133=DIRECTION('',(0.E0,0.E0,1.E0));
#7134=VECTOR('',#7133,5.0625E-1);
#7135=CARTESIAN_POINT('',(-4.958878995916E0,1.901E1,3.979676538594E0));
#7136=LINE('',#7135,#7134);
#7137=CURVE_STYLE('',#26,POSITIVE_LENGTH_MEASURE(2.E-2),#15);
#7138=PRESENTATION_STYLE_ASSIGNMENT((#7137));
#7139=STYLED_ITEM('',(#7138),#7136);
#7140=DIRECTION('',(-2.001232253108E-1,0.E0,9.797707357802E-1));
#7141=VECTOR('',#7140,2.870571699131E-1);
#7142=CARTESIAN_POINT('',(-4.901432189225E0,1.901E1,3.698426324017E0));
#7143=LINE('',#7142,#7141);
#7144=CURVE_STYLE('',#26,POSITIVE_LENGTH_MEASURE(2.E-2),#15);
#7145=PRESENTATION_STYLE_ASSIGNMENT((#7144));
#7146=STYLED_ITEM('',(#7145),#7143);
#7147=DIRECTION('',(-4.547775049248E-1,0.E0,8.906050870136E-1));
#7148=VECTOR('',#7147,2.526369865883E-1);
#7149=CARTESIAN_POINT('',(-4.786538570812E0,1.901E1,3.473426538594E0));
#7150=LINE('',#7149,#7148);
#7151=CURVE_STYLE('',#26,POSITIVE_LENGTH_MEASURE(2.E-2),#15);
#7152=PRESENTATION_STYLE_ASSIGNMENT((#7151));
#7153=STYLED_ITEM('',(#7152),#7150);
#7154=DIRECTION('',(-7.145107489524E-1,0.E0,6.996244632883E-1));
#7155=VECTOR('',#7154,3.216007976133E-1);
#7156=CARTESIAN_POINT('',(-4.556751344046E0,1.901E1,3.248426753171E0));
#7157=LINE('',#7156,#7155);
#7158=CURVE_STYLE('',#26,POSITIVE_LENGTH_MEASURE(2.E-2),#15);
#7159=PRESENTATION_STYLE_ASSIGNMENT((#7158));
#7160=STYLED_ITEM('',(#7159),#7157);
#7161=DIRECTION('',(-8.981377963584E-1,0.E0,4.397141102494E-1));
#7162=VECTOR('',#7161,2.558485433022E-1);
#7163=CARTESIAN_POINT('',(-4.326964097163E0,1.901E1,3.135926538594E0));
#7164=LINE('',#7163,#7162);
#7165=CURVE_STYLE('',#26,POSITIVE_LENGTH_MEASURE(2.E-2),#15);
#7166=PRESENTATION_STYLE_ASSIGNMENT((#7165));
#7167=STYLED_ITEM('',(#7166),#7164);
#7168=DIRECTION('',(-9.813592727596E-1,0.E0,1.921821473726E-1));
#7169=VECTOR('',#7168,2.926899620610E-1);
#7170=CARTESIAN_POINT('',(-4.039730088851E0,1.901E1,3.079676753171E0));
#7171=LINE('',#7170,#7169);
#7172=CURVE_STYLE('',#26,POSITIVE_LENGTH_MEASURE(2.E-2),#15);
#7173=PRESENTATION_STYLE_ASSIGNMENT((#7172));
#7174=STYLED_ITEM('',(#7173),#7171);
#7175=DIRECTION('',(-1.E0,0.E0,0.E0));
#7176=VECTOR('',#7175,8.617021054029E-1);
#7177=CARTESIAN_POINT('',(-3.178027983448E0,1.901E1,3.079676753171E0));
#7178=LINE('',#7177,#7176);
#7179=CURVE_STYLE('',#26,POSITIVE_LENGTH_MEASURE(2.E-2),#15);
#7180=PRESENTATION_STYLE_ASSIGNMENT((#7179));
#7181=STYLED_ITEM('',(#7180),#7178);
#7182=DIRECTION('',(-9.813592930674E-1,0.E0,-1.921820436730E-1));
#7183=VECTOR('',#7182,2.926901199936E-1);
#7184=CARTESIAN_POINT('',(-2.890793814203E0,1.901E1,3.135926538594E0));
#7185=LINE('',#7184,#7183);
#7186=CURVE_STYLE('',#26,POSITIVE_LENGTH_MEASURE(2.E-2),#15);
#7187=PRESENTATION_STYLE_ASSIGNMENT((#7186));
#7188=STYLED_ITEM('',(#7187),#7185);
#7189=DIRECTION('',(-8.981377659536E-1,0.E0,-4.397141723527E-1));
#7190=VECTOR('',#7189,2.558485071673E-1);
#7191=CARTESIAN_POINT('',(-2.661006607553E0,1.901E1,3.248426753171E0));
#7192=LINE('',#7191,#7190);
#7193=CURVE_STYLE('',#26,POSITIVE_LENGTH_MEASURE(2.E-2),#15);
#7194=PRESENTATION_STYLE_ASSIGNMENT((#7193));
#7195=STYLED_ITEM('',(#7194),#7192);
#7196=DIRECTION('',(-7.145107183351E-1,0.E0,-6.996244945571E-1));
#7197=VECTOR('',#7196,3.216007832398E-1);
#7198=CARTESIAN_POINT('',(-2.431219400904E0,1.901E1,3.473426538594E0));
#7199=LINE('',#7198,#7197);
#7200=CURVE_STYLE('',#26,POSITIVE_LENGTH_MEASURE(2.E-2),#15);
#7201=PRESENTATION_STYLE_ASSIGNMENT((#7200));
#7202=STYLED_ITEM('',(#7201),#7199);
#7203=DIRECTION('',(-4.547774575564E-1,0.E0,-8.906051112017E-1));
#7204=VECTOR('',#7203,2.526369797268E-1);
#7205=CARTESIAN_POINT('',(-2.316325797579E0,1.901E1,3.698426324017E0));
#7206=LINE('',#7205,#7204);
#7207=CURVE_STYLE('',#26,POSITIVE_LENGTH_MEASURE(2.E-2),#15);
#7208=PRESENTATION_STYLE_ASSIGNMENT((#7207));
#7209=STYLED_ITEM('',(#7208),#7206);
#7210=DIRECTION('',(-2.001232084928E-1,0.E0,-9.797707392153E-1));
#7211=VECTOR('',#7210,2.870571689066E-1);
#7212=CARTESIAN_POINT('',(-2.258878995916E0,1.901E1,3.979676538594E0));
#7213=LINE('',#7212,#7211);
#7214=CURVE_STYLE('',#26,POSITIVE_LENGTH_MEASURE(2.E-2),#15);
#7215=PRESENTATION_STYLE_ASSIGNMENT((#7214));
#7216=STYLED_ITEM('',(#7215),#7213);
#7217=DIRECTION('',(0.E0,0.E0,-1.E0));
#7218=VECTOR('',#7217,5.0625E-1);
#7219=CARTESIAN_POINT('',(-2.258878995916E0,1.901E1,4.485926538594E0));
#7220=LINE('',#7219,#7218);
#7221=CURVE_STYLE('',#26,POSITIVE_LENGTH_MEASURE(2.E-2),#15);
#7222=PRESENTATION_STYLE_ASSIGNMENT((#7221));
#7223=STYLED_ITEM('',(#7222),#7220);
#7224=DIRECTION('',(2.001232084928E-1,0.E0,-9.797707392153E-1));
#7225=VECTOR('',#7224,2.870571689066E-1);
#7226=CARTESIAN_POINT('',(-2.316325797579E0,1.901E1,4.767176753171E0));
#7227=LINE('',#7226,#7225);
#7228=CURVE_STYLE('',#26,POSITIVE_LENGTH_MEASURE(2.E-2),#15);
#7229=PRESENTATION_STYLE_ASSIGNMENT((#7228));
#7230=STYLED_ITEM('',(#7229),#7227);
#7231=DIRECTION('',(4.547774575564E-1,0.E0,-8.906051112017E-1));
#7232=VECTOR('',#7231,2.526369797268E-1);
#7233=CARTESIAN_POINT('',(-2.431219400904E0,1.901E1,4.992176538594E0));
#7234=LINE('',#7233,#7232);
#7235=CURVE_STYLE('',#26,POSITIVE_LENGTH_MEASURE(2.E-2),#15);
#7236=PRESENTATION_STYLE_ASSIGNMENT((#7235));
#7237=STYLED_ITEM('',(#7236),#7234);
#7238=DIRECTION('',(7.145107183351E-1,0.E0,-6.996244945571E-1));
#7239=VECTOR('',#7238,3.216007832398E-1);
#7240=CARTESIAN_POINT('',(-2.661006607553E0,1.901E1,5.217176324017E0));
#7241=LINE('',#7240,#7239);
#7242=CURVE_STYLE('',#26,POSITIVE_LENGTH_MEASURE(2.E-2),#15);
#7243=PRESENTATION_STYLE_ASSIGNMENT((#7242));
#7244=STYLED_ITEM('',(#7243),#7241);
#7245=DIRECTION('',(9.813588782673E-1,0.E0,-1.921841617981E-1));
#7246=VECTOR('',#7245,2.926902437077E-1);
#7247=CARTESIAN_POINT('',(-2.948240776798E0,1.901E1,5.273426753171E0));
#7248=LINE('',#7247,#7246);
#7249=CURVE_STYLE('',#26,POSITIVE_LENGTH_MEASURE(2.E-2),#15);
#7250=PRESENTATION_STYLE_ASSIGNMENT((#7249));
#7251=STYLED_ITEM('',(#7250),#7248);
#7252=DIRECTION('',(0.E0,0.E0,1.E0));
#7253=VECTOR('',#7252,3.375E-1);
#7254=CARTESIAN_POINT('',(-2.948240776798E0,1.901E1,4.935926753171E0));
#7255=LINE('',#7254,#7253);
#7256=CURVE_STYLE('',#26,POSITIVE_LENGTH_MEASURE(2.E-2),#15);
#7257=PRESENTATION_STYLE_ASSIGNMENT((#7256));
#7258=STYLED_ITEM('',(#7257),#7255);
#7259=DIRECTION('',(-9.506445793151E-1,0.E0,3.102819424634E-1));
#7260=VECTOR('',#7259,1.812881172100E-1);
#7261=CARTESIAN_POINT('',(-2.775900210878E0,1.901E1,4.879676324017E0));
#7262=LINE('',#7261,#7260);
#7263=CURVE_STYLE('',#26,POSITIVE_LENGTH_MEASURE(2.E-2),#15);
#7264=PRESENTATION_STYLE_ASSIGNMENT((#7263));
#7265=STYLED_ITEM('',(#7264),#7262);
#7266=DIRECTION('',(-5.627909312417E-1,0.E0,8.265992787996E-1));
#7267=VECTOR('',#7266,2.041497063064E-1);
#7268=CARTESIAN_POINT('',(-2.661006607553E0,1.901E1,4.710926324017E0));
#7269=LINE('',#7268,#7267);
#7270=CURVE_STYLE('',#26,POSITIVE_LENGTH_MEASURE(2.E-2),#15);
#7271=PRESENTATION_STYLE_ASSIGNMENT((#7270));
#7272=STYLED_ITEM('',(#7271),#7269);
#7273=DIRECTION('',(-2.473834390653E-1,0.E0,9.689176611437E-1));
#7274=VECTOR('',#7273,2.322176532087E-1);
#7275=CARTESIAN_POINT('',(-2.603559805891E0,1.901E1,4.485926538594E0));
#7276=LINE('',#7275,#7274);
#7277=CURVE_STYLE('',#26,POSITIVE_LENGTH_MEASURE(2.E-2),#15);
#7278=PRESENTATION_STYLE_ASSIGNMENT((#7277));
#7279=STYLED_ITEM('',(#7278),#7276);
#7280=DIRECTION('',(0.E0,0.E0,1.E0));
#7281=VECTOR('',#7280,5.0625E-1);
#7282=CARTESIAN_POINT('',(-2.603559805891E0,1.901E1,3.979676538594E0));
#7283=LINE('',#7282,#7281);
#7284=CURVE_STYLE('',#26,POSITIVE_LENGTH_MEASURE(2.E-2),#15);
#7285=PRESENTATION_STYLE_ASSIGNMENT((#7284));
#7286=STYLED_ITEM('',(#7285),#7283);
#7287=DIRECTION('',(2.473834390653E-1,0.E0,9.689176611437E-1));
#7288=VECTOR('',#7287,2.322176532087E-1);
#7289=CARTESIAN_POINT('',(-2.661006607553E0,1.901E1,3.754676753171E0));
#7290=LINE('',#7289,#7288);
#7291=CURVE_STYLE('',#26,POSITIVE_LENGTH_MEASURE(2.E-2),#15);
#7292=PRESENTATION_STYLE_ASSIGNMENT((#7291));
#7293=STYLED_ITEM('',(#7292),#7290);
#7294=DIRECTION('',(5.627909312417E-1,0.E0,8.265992787996E-1));
#7295=VECTOR('',#7294,2.041497063064E-1);
#7296=CARTESIAN_POINT('',(-2.775900210878E0,1.901E1,3.585926753171E0));
#7297=LINE('',#7296,#7295);
#7298=CURVE_STYLE('',#26,POSITIVE_LENGTH_MEASURE(2.E-2),#15);
#7299=PRESENTATION_STYLE_ASSIGNMENT((#7298));
#7300=STYLED_ITEM('',(#7299),#7297);
#7301=DIRECTION('',(8.373788769559E-1,0.E0,5.466229197794E-1));
#7302=VECTOR('',#7301,2.058095453117E-1);
#7303=CARTESIAN_POINT('',(-2.948240776798E0,1.901E1,3.473426538594E0));
#7304=LINE('',#7303,#7302);
#7305=CURVE_STYLE('',#26,POSITIVE_LENGTH_MEASURE(2.E-2),#15);
#7306=PRESENTATION_STYLE_ASSIGNMENT((#7305));
#7307=STYLED_ITEM('',(#7306),#7304);
#7308=DIRECTION('',(9.713213633444E-1,0.E0,2.377704967207E-1));
#7309=VECTOR('',#7308,2.365717622627E-1);
#7310=CARTESIAN_POINT('',(-3.178027983448E0,1.901E1,3.417176753171E0));
#7311=LINE('',#7310,#7309);
#7312=CURVE_STYLE('',#26,POSITIVE_LENGTH_MEASURE(2.E-2),#15);
#7313=PRESENTATION_STYLE_ASSIGNMENT((#7312));
#7314=STYLED_ITEM('',(#7313),#7311);
#7315=DIRECTION('',(1.E0,0.E0,0.E0));
#7316=VECTOR('',#7315,8.617021054029E-1);
#7317=CARTESIAN_POINT('',(-4.039730088851E0,1.901E1,3.417176753171E0));
#7318=LINE('',#7317,#7316);
#7319=CURVE_STYLE('',#26,POSITIVE_LENGTH_MEASURE(2.E-2),#15);
#7320=PRESENTATION_STYLE_ASSIGNMENT((#7319));
#7321=STYLED_ITEM('',(#7320),#7318);
#7322=DIRECTION('',(9.713213633444E-1,0.E0,-2.377704967207E-1));
#7323=VECTOR('',#7322,2.365717622627E-1);
#7324=CARTESIAN_POINT('',(-4.269517295501E0,1.901E1,3.473426538594E0));
#7325=LINE('',#7324,#7323);
#7326=CURVE_STYLE('',#26,POSITIVE_LENGTH_MEASURE(2.E-2),#15);
#7327=PRESENTATION_STYLE_ASSIGNMENT((#7326));
#7328=STYLED_ITEM('',(#7327),#7325);
#7329=DIRECTION('',(8.373786433120E-1,0.E0,-5.466232777014E-1));
#7330=VECTOR('',#7329,2.058094105502E-1);
#7331=CARTESIAN_POINT('',(-4.441857700488E0,1.901E1,3.585926753171E0));
#7332=LINE('',#7331,#7330);
#7333=CURVE_STYLE('',#26,POSITIVE_LENGTH_MEASURE(2.E-2),#15);
#7334=PRESENTATION_STYLE_ASSIGNMENT((#7333));
#7335=STYLED_ITEM('',(#7334),#7332);
#7336=DIRECTION('',(5.627910658975E-1,0.E0,-8.265991871191E-1));
#7337=VECTOR('',#7336,2.041497289492E-1);
#7338=CARTESIAN_POINT('',(-4.556751344046E0,1.901E1,3.754676753171E0));
#7339=LINE('',#7338,#7337);
#7340=CURVE_STYLE('',#26,POSITIVE_LENGTH_MEASURE(2.E-2),#15);
#7341=PRESENTATION_STYLE_ASSIGNMENT((#7340));
#7342=STYLED_ITEM('',(#7341),#7339);
#7343=DIRECTION('',(2.473834390653E-1,0.E0,-9.689176611437E-1));
#7344=VECTOR('',#7343,2.322176532087E-1);
#7345=CARTESIAN_POINT('',(-4.614198145709E0,1.901E1,3.979676538594E0));
#7346=LINE('',#7345,#7344);
#7347=CURVE_STYLE('',#26,POSITIVE_LENGTH_MEASURE(2.E-2),#15);
#7348=PRESENTATION_STYLE_ASSIGNMENT((#7347));
#7349=STYLED_ITEM('',(#7348),#7346);
#7350=DIRECTION('',(0.E0,0.E0,-1.E0));
#7351=VECTOR('',#7350,5.0625E-1);
#7352=CARTESIAN_POINT('',(-4.614198145709E0,1.901E1,4.485926538594E0));
#7353=LINE('',#7352,#7351);
#7354=CURVE_STYLE('',#26,POSITIVE_LENGTH_MEASURE(2.E-2),#15);
#7355=PRESENTATION_STYLE_ASSIGNMENT((#7354));
#7356=STYLED_ITEM('',(#7355),#7353);
#7357=DIRECTION('',(-2.473834390653E-1,0.E0,-9.689176611437E-1));
#7358=VECTOR('',#7357,2.322176532087E-1);
#7359=CARTESIAN_POINT('',(-4.556751344046E0,1.901E1,4.710926324017E0));
#7360=LINE('',#7359,#7358);
#7361=CURVE_STYLE('',#26,POSITIVE_LENGTH_MEASURE(2.E-2),#15);
#7362=PRESENTATION_STYLE_ASSIGNMENT((#7361));
#7363=STYLED_ITEM('',(#7362),#7360);
#7364=DIRECTION('',(-5.627910658975E-1,0.E0,-8.265991871191E-1));
#7365=VECTOR('',#7364,2.041497289492E-1);
#7366=CARTESIAN_POINT('',(-4.441857700488E0,1.901E1,4.879676324017E0));
#7367=LINE('',#7366,#7365);
#7368=CURVE_STYLE('',#26,POSITIVE_LENGTH_MEASURE(2.E-2),#15);
#7369=PRESENTATION_STYLE_ASSIGNMENT((#7368));
#7370=STYLED_ITEM('',(#7369),#7367);
#7371=DIRECTION('',(-9.506444938501E-1,0.E0,-3.102822043116E-1));
#7372=VECTOR('',#7371,1.812879642203E-1);
#7373=CARTESIAN_POINT('',(-4.269517295501E0,1.901E1,4.935926753171E0));
#7374=LINE('',#7373,#7372);
#7375=CURVE_STYLE('',#26,POSITIVE_LENGTH_MEASURE(2.E-2),#15);
#7376=PRESENTATION_STYLE_ASSIGNMENT((#7375));
#7377=STYLED_ITEM('',(#7376),#7374);
#7378=DIRECTION('',(0.E0,1.E0,2.220446049250E-14));
#7379=VECTOR('',#7378,1.E-2);
#7380=CARTESIAN_POINT('',(4.032112926478E0,1.9E1,-1.251573461406E0));
#7381=LINE('',#7380,#7379);
#7382=CURVE_STYLE('',#26,POSITIVE_LENGTH_MEASURE(2.E-2),#15);
#7383=PRESENTATION_STYLE_ASSIGNMENT((#7382));
#7384=STYLED_ITEM('',(#7383),#7381);
#7385=DIRECTION('',(0.E0,1.E0,0.E0));
#7386=VECTOR('',#7385,1.E-2);
#7387=CARTESIAN_POINT('',(4.032112926478E0,1.9E1,-1.645323488228E0));
#7388=LINE('',#7387,#7386);
#7389=CURVE_STYLE('',#26,POSITIVE_LENGTH_MEASURE(2.E-2),#15);
#7390=PRESENTATION_STYLE_ASSIGNMENT((#7389));
#7391=STYLED_ITEM('',(#7390),#7388);
#7392=DIRECTION('',(0.E0,1.E0,0.E0));
#7393=VECTOR('',#7392,1.E-2);
#7394=CARTESIAN_POINT('',(5.525729930634E0,1.9E1,-1.645323488228E0));
#7395=LINE('',#7394,#7393);
#7396=CURVE_STYLE('',#26,POSITIVE_LENGTH_MEASURE(2.E-2),#15);
#7397=PRESENTATION_STYLE_ASSIGNMENT((#7396));
#7398=STYLED_ITEM('',(#7397),#7395);
#7399=DIRECTION('',(0.E0,1.E0,0.E0));
#7400=VECTOR('',#7399,1.E-2);
#7401=CARTESIAN_POINT('',(5.525729930634E0,1.9E1,2.671765385942E-1));
#7402=LINE('',#7401,#7400);
#7403=CURVE_STYLE('',#26,POSITIVE_LENGTH_MEASURE(2.E-2),#15);
#7404=PRESENTATION_STYLE_ASSIGNMENT((#7403));
#7405=STYLED_ITEM('',(#7404),#7402);
#7406=DIRECTION('',(0.E0,1.E0,0.E0));
#7407=VECTOR('',#7406,1.E-2);
#7408=CARTESIAN_POINT('',(5.238495922322E0,1.9E1,2.671765385942E-1));
#7409=LINE('',#7408,#7407);
#7410=CURVE_STYLE('',#26,POSITIVE_LENGTH_MEASURE(2.E-2),#15);
#7411=PRESENTATION_STYLE_ASSIGNMENT((#7410));
#7412=STYLED_ITEM('',(#7411),#7409);
#7413=DIRECTION('',(0.E0,1.E0,0.E0));
#7414=VECTOR('',#7413,1.E-2);
#7415=CARTESIAN_POINT('',(5.238495922322E0,1.9E1,-1.364073515050E0));
#7416=LINE('',#7415,#7414);
#7417=CURVE_STYLE('',#26,POSITIVE_LENGTH_MEASURE(2.E-2),#15);
#7418=PRESENTATION_STYLE_ASSIGNMENT((#7417));
#7419=STYLED_ITEM('',(#7418),#7416);
#7420=DIRECTION('',(0.E0,1.E0,2.220446049250E-14));
#7421=VECTOR('',#7420,1.E-2);
#7422=CARTESIAN_POINT('',(4.319346934790E0,1.9E1,-1.364073515050E0));
#7423=LINE('',#7422,#7421);
#7424=CURVE_STYLE('',#26,POSITIVE_LENGTH_MEASURE(2.E-2),#15);
#7425=PRESENTATION_STYLE_ASSIGNMENT((#7424));
#7426=STYLED_ITEM('',(#7425),#7423);
#7427=DIRECTION('',(0.E0,1.E0,0.E0));
#7428=VECTOR('',#7427,1.E-2);
#7429=CARTESIAN_POINT('',(4.491687339777E0,1.9E1,-1.082823461406E0));
#7430=LINE('',#7429,#7428);
#7431=CURVE_STYLE('',#26,POSITIVE_LENGTH_MEASURE(2.E-2),#15);
#7432=PRESENTATION_STYLE_ASSIGNMENT((#7431));
#7433=STYLED_ITEM('',(#7432),#7430);
#7434=DIRECTION('',(0.E0,1.E0,0.E0));
#7435=VECTOR('',#7434,1.E-2);
#7436=CARTESIAN_POINT('',(4.549134141440E0,1.9E1,-8.015734077616E-1));
#7437=LINE('',#7436,#7435);
#7438=CURVE_STYLE('',#26,POSITIVE_LENGTH_MEASURE(2.E-2),#15);
#7439=PRESENTATION_STYLE_ASSIGNMENT((#7438));
#7440=STYLED_ITEM('',(#7439),#7437);
#7441=DIRECTION('',(0.E0,1.E0,0.E0));
#7442=VECTOR('',#7441,1.E-2);
#7443=CARTESIAN_POINT('',(4.549134141440E0,1.9E1,-4.640734077616E-1));
#7444=LINE('',#7443,#7442);
#7445=CURVE_STYLE('',#26,POSITIVE_LENGTH_MEASURE(2.E-2),#15);
#7446=PRESENTATION_STYLE_ASSIGNMENT((#7445));
#7447=STYLED_ITEM('',(#7446),#7444);
#7448=DIRECTION('',(0.E0,1.E0,0.E0));
#7449=VECTOR('',#7448,1.E-2);
#7450=CARTESIAN_POINT('',(4.491687339777E0,1.9E1,-1.828235150500E-1));
#7451=LINE('',#7450,#7449);
#7452=CURVE_STYLE('',#26,POSITIVE_LENGTH_MEASURE(2.E-2),#15);
#7453=PRESENTATION_STYLE_ASSIGNMENT((#7452));
#7454=STYLED_ITEM('',(#7453),#7451);
#7455=DIRECTION('',(0.E0,1.E0,0.E0));
#7456=VECTOR('',#7455,1.E-2);
#7457=CARTESIAN_POINT('',(4.319346934790E0,1.9E1,9.842653859420E-2));
#7458=LINE('',#7457,#7456);
#7459=CURVE_STYLE('',#26,POSITIVE_LENGTH_MEASURE(2.E-2),#15);
#7460=PRESENTATION_STYLE_ASSIGNMENT((#7459));
#7461=STYLED_ITEM('',(#7460),#7458);
#7462=DIRECTION('',(0.E0,1.E0,0.E0));
#7463=VECTOR('',#7462,1.E-2);
#7464=CARTESIAN_POINT('',(4.089559728140E0,1.9E1,2.671765385942E-1));
#7465=LINE('',#7464,#7463);
#7466=CURVE_STYLE('',#26,POSITIVE_LENGTH_MEASURE(2.E-2),#15);
#7467=PRESENTATION_STYLE_ASSIGNMENT((#7466));
#7468=STYLED_ITEM('',(#7467),#7465);
#7469=DIRECTION('',(0.E0,1.E0,0.E0));
#7470=VECTOR('',#7469,1.E-2);
#7471=CARTESIAN_POINT('',(3.802325639362E0,1.9E1,3.796764313058E-1));
#7472=LINE('',#7471,#7470);
#7473=CURVE_STYLE('',#26,POSITIVE_LENGTH_MEASURE(2.E-2),#15);
#7474=PRESENTATION_STYLE_ASSIGNMENT((#7473));
#7475=STYLED_ITEM('',(#7474),#7472);
#7476=DIRECTION('',(0.E0,1.E0,0.E0));
#7477=VECTOR('',#7476,1.E-2);
#7478=CARTESIAN_POINT('',(3.572538432712E0,1.9E1,3.796764313058E-1));
#7479=LINE('',#7478,#7477);
#7480=CURVE_STYLE('',#26,POSITIVE_LENGTH_MEASURE(2.E-2),#15);
#7481=PRESENTATION_STYLE_ASSIGNMENT((#7480));
#7482=STYLED_ITEM('',(#7481),#7479);
#7483=DIRECTION('',(0.E0,1.E0,0.E0));
#7484=VECTOR('',#7483,1.E-2);
#7485=CARTESIAN_POINT('',(3.285304384167E0,1.9E1,2.671765385942E-1));
#7486=LINE('',#7485,#7484);
#7487=CURVE_STYLE('',#26,POSITIVE_LENGTH_MEASURE(2.E-2),#15);
#7488=PRESENTATION_STYLE_ASSIGNMENT((#7487));
#7489=STYLED_ITEM('',(#7488),#7486);
#7490=DIRECTION('',(0.E0,1.E0,0.E0));
#7491=VECTOR('',#7490,1.E-2);
#7492=CARTESIAN_POINT('',(3.055517157400E0,1.9E1,9.842653859420E-2));
#7493=LINE('',#7492,#7491);
#7494=CURVE_STYLE('',#26,POSITIVE_LENGTH_MEASURE(2.E-2),#15);
#7495=PRESENTATION_STYLE_ASSIGNMENT((#7494));
#7496=STYLED_ITEM('',(#7495),#7493);
#7497=DIRECTION('',(0.E0,1.E0,0.E0));
#7498=VECTOR('',#7497,1.E-2);
#7499=CARTESIAN_POINT('',(2.883176737326E0,1.9E1,-1.828235150500E-1));
#7500=LINE('',#7499,#7498);
#7501=CURVE_STYLE('',#26,POSITIVE_LENGTH_MEASURE(2.E-2),#15);
#7502=PRESENTATION_STYLE_ASSIGNMENT((#7501));
#7503=STYLED_ITEM('',(#7502),#7500);
#7504=DIRECTION('',(0.E0,1.E0,0.E0));
#7505=VECTOR('',#7504,1.E-2);
#7506=CARTESIAN_POINT('',(2.825729930634E0,1.9E1,-4.640734077616E-1));
#7507=LINE('',#7506,#7505);
#7508=CURVE_STYLE('',#26,POSITIVE_LENGTH_MEASURE(2.E-2),#15);
#7509=PRESENTATION_STYLE_ASSIGNMENT((#7508));
#7510=STYLED_ITEM('',(#7509),#7507);
#7511=DIRECTION('',(0.E0,1.E0,0.E0));
#7512=VECTOR('',#7511,1.E-2);
#7513=CARTESIAN_POINT('',(2.825729930634E0,1.9E1,-8.015734077616E-1));
#7514=LINE('',#7513,#7512);
#7515=CURVE_STYLE('',#26,POSITIVE_LENGTH_MEASURE(2.E-2),#15);
#7516=PRESENTATION_STYLE_ASSIGNMENT((#7515));
#7517=STYLED_ITEM('',(#7516),#7514);
#7518=DIRECTION('',(0.E0,1.E0,0.E0));
#7519=VECTOR('',#7518,1.E-2);
#7520=CARTESIAN_POINT('',(2.883176737326E0,1.9E1,-1.082823461406E0));
#7521=LINE('',#7520,#7519);
#7522=CURVE_STYLE('',#26,POSITIVE_LENGTH_MEASURE(2.E-2),#15);
#7523=PRESENTATION_STYLE_ASSIGNMENT((#7522));
#7524=STYLED_ITEM('',(#7523),#7521);
#7525=DIRECTION('',(0.E0,1.E0,0.E0));
#7526=VECTOR('',#7525,1.E-2);
#7527=CARTESIAN_POINT('',(3.055517157400E0,1.9E1,-1.364073515050E0));
#7528=LINE('',#7527,#7526);
#7529=CURVE_STYLE('',#26,POSITIVE_LENGTH_MEASURE(2.E-2),#15);
#7530=PRESENTATION_STYLE_ASSIGNMENT((#7529));
#7531=STYLED_ITEM('',(#7530),#7528);
#7532=DIRECTION('',(0.E0,1.E0,0.E0));
#7533=VECTOR('',#7532,1.E-2);
#7534=CARTESIAN_POINT('',(3.285304384167E0,1.9E1,-1.532823434584E0));
#7535=LINE('',#7534,#7533);
#7536=CURVE_STYLE('',#26,POSITIVE_LENGTH_MEASURE(2.E-2),#15);
#7537=PRESENTATION_STYLE_ASSIGNMENT((#7536));
#7538=STYLED_ITEM('',(#7537),#7535);
#7539=DIRECTION('',(0.E0,1.E0,-2.220446049250E-14));
#7540=VECTOR('',#7539,1.E-2);
#7541=CARTESIAN_POINT('',(3.515091631050E0,1.9E1,-1.645323488228E0));
#7542=LINE('',#7541,#7540);
#7543=CURVE_STYLE('',#26,POSITIVE_LENGTH_MEASURE(2.E-2),#15);
#7544=PRESENTATION_STYLE_ASSIGNMENT((#7543));
#7545=STYLED_ITEM('',(#7544),#7542);
#7546=DIRECTION('',(0.E0,1.E0,0.E0));
#7547=VECTOR('',#7546,1.E-2);
#7548=CARTESIAN_POINT('',(3.515091631050E0,1.9E1,-1.307823407762E0));
#7549=LINE('',#7548,#7547);
#7550=CURVE_STYLE('',#26,POSITIVE_LENGTH_MEASURE(2.E-2),#15);
#7551=PRESENTATION_STYLE_ASSIGNMENT((#7550));
#7552=STYLED_ITEM('',(#7551),#7549);
#7553=DIRECTION('',(-1.332267629550E-13,1.E0,0.E0));
#7554=VECTOR('',#7553,1.E-2);
#7555=CARTESIAN_POINT('',(3.285304384167E0,1.9E1,-1.195323515050E0));
#7556=LINE('',#7555,#7554);
#7557=CURVE_STYLE('',#26,POSITIVE_LENGTH_MEASURE(2.E-2),#15);
#7558=PRESENTATION_STYLE_ASSIGNMENT((#7557));
#7559=STYLED_ITEM('',(#7558),#7556);
#7560=DIRECTION('',(0.E0,1.E0,0.E0));
#7561=VECTOR('',#7560,1.E-2);
#7562=CARTESIAN_POINT('',(3.170410780842E0,1.9E1,-1.026573515050E0));
#7563=LINE('',#7562,#7561);
#7564=CURVE_STYLE('',#26,POSITIVE_LENGTH_MEASURE(2.E-2),#15);
#7565=PRESENTATION_STYLE_ASSIGNMENT((#7564));
#7566=STYLED_ITEM('',(#7565),#7563);
#7567=DIRECTION('',(0.E0,1.E0,0.E0));
#7568=VECTOR('',#7567,1.E-2);
#7569=CARTESIAN_POINT('',(3.112963979179E0,1.9E1,-8.015734077616E-1));
#7570=LINE('',#7569,#7568);
#7571=CURVE_STYLE('',#26,POSITIVE_LENGTH_MEASURE(2.E-2),#15);
#7572=PRESENTATION_STYLE_ASSIGNMENT((#7571));
#7573=STYLED_ITEM('',(#7572),#7570);
#7574=DIRECTION('',(0.E0,1.E0,-1.110223024625E-14));
#7575=VECTOR('',#7574,1.E-2);
#7576=CARTESIAN_POINT('',(3.112963979179E0,1.9E1,-4.640734077616E-1));
#7577=LINE('',#7576,#7575);
#7578=CURVE_STYLE('',#26,POSITIVE_LENGTH_MEASURE(2.E-2),#15);
#7579=PRESENTATION_STYLE_ASSIGNMENT((#7578));
#7580=STYLED_ITEM('',(#7579),#7577);
#7581=DIRECTION('',(0.E0,1.E0,0.E0));
#7582=VECTOR('',#7581,1.E-2);
#7583=CARTESIAN_POINT('',(3.170410780842E0,1.9E1,-2.390734614058E-1));
#7584=LINE('',#7583,#7582);
#7585=CURVE_STYLE('',#26,POSITIVE_LENGTH_MEASURE(2.E-2),#15);
#7586=PRESENTATION_STYLE_ASSIGNMENT((#7585));
#7587=STYLED_ITEM('',(#7586),#7584);
#7588=DIRECTION('',(-1.332267629550E-13,1.E0,0.E0));
#7589=VECTOR('',#7588,1.E-2);
#7590=CARTESIAN_POINT('',(3.285304384167E0,1.9E1,-7.032346140580E-2));
#7591=LINE('',#7590,#7589);
#7592=CURVE_STYLE('',#26,POSITIVE_LENGTH_MEASURE(2.E-2),#15);
#7593=PRESENTATION_STYLE_ASSIGNMENT((#7592));
#7594=STYLED_ITEM('',(#7593),#7591);
#7595=DIRECTION('',(0.E0,1.E0,0.E0));
#7596=VECTOR('',#7595,1.E-2);
#7597=CARTESIAN_POINT('',(3.457644829387E0,1.9E1,4.217643130584E-2));
#7598=LINE('',#7597,#7596);
#7599=CURVE_STYLE('',#26,POSITIVE_LENGTH_MEASURE(2.E-2),#15);
#7600=PRESENTATION_STYLE_ASSIGNMENT((#7599));
#7601=STYLED_ITEM('',(#7600),#7598);
#7602=DIRECTION('',(0.E0,1.E0,0.E0));
#7603=VECTOR('',#7602,1.E-2);
#7604=CARTESIAN_POINT('',(3.629985234374E0,1.9E1,9.842653859420E-2));
#7605=LINE('',#7604,#7603);
#7606=CURVE_STYLE('',#26,POSITIVE_LENGTH_MEASURE(2.E-2),#15);
#7607=PRESENTATION_STYLE_ASSIGNMENT((#7606));
#7608=STYLED_ITEM('',(#7607),#7605);
#7609=DIRECTION('',(0.E0,1.E0,0.E0));
#7610=VECTOR('',#7609,1.E-2);
#7611=CARTESIAN_POINT('',(3.744878837699E0,1.9E1,9.842653859420E-2));
#7612=LINE('',#7611,#7610);
#7613=CURVE_STYLE('',#26,POSITIVE_LENGTH_MEASURE(2.E-2),#15);
#7614=PRESENTATION_STYLE_ASSIGNMENT((#7613));
#7615=STYLED_ITEM('',(#7614),#7612);
#7616=DIRECTION('',(0.E0,1.E0,0.E0));
#7617=VECTOR('',#7616,1.E-2);
#7618=CARTESIAN_POINT('',(3.917219323153E0,1.9E1,4.217643130584E-2));
#7619=LINE('',#7618,#7617);
#7620=CURVE_STYLE('',#26,POSITIVE_LENGTH_MEASURE(2.E-2),#15);
#7621=PRESENTATION_STYLE_ASSIGNMENT((#7620));
#7622=STYLED_ITEM('',(#7621),#7619);
#7623=DIRECTION('',(0.E0,1.E0,0.E0));
#7624=VECTOR('',#7623,1.E-2);
#7625=CARTESIAN_POINT('',(4.089559728140E0,1.9E1,-7.032346140580E-2));
#7626=LINE('',#7625,#7624);
#7627=CURVE_STYLE('',#26,POSITIVE_LENGTH_MEASURE(2.E-2),#15);
#7628=PRESENTATION_STYLE_ASSIGNMENT((#7627));
#7629=STYLED_ITEM('',(#7628),#7626);
#7630=DIRECTION('',(0.E0,1.E0,0.E0));
#7631=VECTOR('',#7630,1.E-2);
#7632=CARTESIAN_POINT('',(4.204453331465E0,1.9E1,-2.390734614058E-1));
#7633=LINE('',#7632,#7631);
#7634=CURVE_STYLE('',#26,POSITIVE_LENGTH_MEASURE(2.E-2),#15);
#7635=PRESENTATION_STYLE_ASSIGNMENT((#7634));
#7636=STYLED_ITEM('',(#7635),#7633);
#7637=DIRECTION('',(0.E0,1.E0,0.E0));
#7638=VECTOR('',#7637,1.E-2);
#7639=CARTESIAN_POINT('',(4.261900133128E0,1.9E1,-4.640734077616E-1));
#7640=LINE('',#7639,#7638);
#7641=CURVE_STYLE('',#26,POSITIVE_LENGTH_MEASURE(2.E-2),#15);
#7642=PRESENTATION_STYLE_ASSIGNMENT((#7641));
#7643=STYLED_ITEM('',(#7642),#7640);
#7644=DIRECTION('',(0.E0,1.E0,0.E0));
#7645=VECTOR('',#7644,1.E-2);
#7646=CARTESIAN_POINT('',(4.261900133128E0,1.9E1,-8.015734077616E-1));
#7647=LINE('',#7646,#7645);
#7648=CURVE_STYLE('',#26,POSITIVE_LENGTH_MEASURE(2.E-2),#15);
#7649=PRESENTATION_STYLE_ASSIGNMENT((#7648));
#7650=STYLED_ITEM('',(#7649),#7647);
#7651=DIRECTION('',(0.E0,1.E0,0.E0));
#7652=VECTOR('',#7651,1.E-2);
#7653=CARTESIAN_POINT('',(4.204453331465E0,1.9E1,-1.026573515050E0));
#7654=LINE('',#7653,#7652);
#7655=CURVE_STYLE('',#26,POSITIVE_LENGTH_MEASURE(2.E-2),#15);
#7656=PRESENTATION_STYLE_ASSIGNMENT((#7655));
#7657=STYLED_ITEM('',(#7656),#7654);
#7658=DIRECTION('',(0.E0,1.E0,0.E0));
#7659=VECTOR('',#7658,1.E-2);
#7660=CARTESIAN_POINT('',(4.434240538115E0,1.9E1,8.296766458826E-1));
#7661=LINE('',#7660,#7659);
#7662=CURVE_STYLE('',#26,POSITIVE_LENGTH_MEASURE(2.E-2),#15);
#7663=PRESENTATION_STYLE_ASSIGNMENT((#7662));
#7664=STYLED_ITEM('',(#7663),#7661);
#7665=DIRECTION('',(0.E0,1.E0,3.330669073875E-14));
#7666=VECTOR('',#7665,1.E-2);
#7667=CARTESIAN_POINT('',(4.721474546427E0,1.9E1,8.859264313058E-1));
#7668=LINE('',#7667,#7666);
#7669=CURVE_STYLE('',#26,POSITIVE_LENGTH_MEASURE(2.E-2),#15);
#7670=PRESENTATION_STYLE_ASSIGNMENT((#7669));
#7671=STYLED_ITEM('',(#7670),#7668);
#7672=DIRECTION('',(0.E0,1.E0,-3.330669073875E-14));
#7673=VECTOR('',#7672,1.E-2);
#7674=CARTESIAN_POINT('',(4.893815112347E0,1.9E1,9.421765385942E-1));
#7675=LINE('',#7674,#7673);
#7676=CURVE_STYLE('',#26,POSITIVE_LENGTH_MEASURE(2.E-2),#15);
#7677=PRESENTATION_STYLE_ASSIGNMENT((#7676));
#7678=STYLED_ITEM('',(#7677),#7675);
#7679=DIRECTION('',(0.E0,1.E0,0.E0));
#7680=VECTOR('',#7679,1.E-2);
#7681=CARTESIAN_POINT('',(5.123602318997E0,1.9E1,1.054676431306E0));
#7682=LINE('',#7681,#7680);
#7683=CURVE_STYLE('',#26,POSITIVE_LENGTH_MEASURE(2.E-2),#15);
#7684=PRESENTATION_STYLE_ASSIGNMENT((#7683));
#7685=STYLED_ITEM('',(#7684),#7682);
#7686=DIRECTION('',(0.E0,1.E0,0.E0));
#7687=VECTOR('',#7686,1.E-2);
#7688=CARTESIAN_POINT('',(5.295942723984E0,1.9E1,1.223426431306E0));
#7689=LINE('',#7688,#7687);
#7690=CURVE_STYLE('',#26,POSITIVE_LENGTH_MEASURE(2.E-2),#15);
#7691=PRESENTATION_STYLE_ASSIGNMENT((#7690));
#7692=STYLED_ITEM('',(#7691),#7689);
#7693=DIRECTION('',(0.E0,1.E0,0.E0));
#7694=VECTOR('',#7693,1.E-2);
#7695=CARTESIAN_POINT('',(5.468283128971E0,1.9E1,1.504676645883E0));
#7696=LINE('',#7695,#7694);
#7697=CURVE_STYLE('',#26,POSITIVE_LENGTH_MEASURE(2.E-2),#15);
#7698=PRESENTATION_STYLE_ASSIGNMENT((#7697));
#7699=STYLED_ITEM('',(#7698),#7696);
#7700=DIRECTION('',(0.E0,1.E0,0.E0));
#7701=VECTOR('',#7700,1.E-2);
#7702=CARTESIAN_POINT('',(5.525729930634E0,1.9E1,1.842176645883E0));
#7703=LINE('',#7702,#7701);
#7704=CURVE_STYLE('',#26,POSITIVE_LENGTH_MEASURE(2.E-2),#15);
#7705=PRESENTATION_STYLE_ASSIGNMENT((#7704));
#7706=STYLED_ITEM('',(#7705),#7703);
#7707=DIRECTION('',(0.E0,1.E0,-8.881784197E-14));
#7708=VECTOR('',#7707,1.E-2);
#7709=CARTESIAN_POINT('',(5.468283128971E0,1.9E1,2.179676645883E0));
#7710=LINE('',#7709,#7708);
#7711=CURVE_STYLE('',#26,POSITIVE_LENGTH_MEASURE(2.E-2),#15);
#7712=PRESENTATION_STYLE_ASSIGNMENT((#7711));
#7713=STYLED_ITEM('',(#7712),#7710);
#7714=DIRECTION('',(0.E0,1.E0,0.E0));
#7715=VECTOR('',#7714,1.E-2);
#7716=CARTESIAN_POINT('',(5.295942723984E0,1.9E1,2.460926538594E0));
#7717=LINE('',#7716,#7715);
#7718=CURVE_STYLE('',#26,POSITIVE_LENGTH_MEASURE(2.E-2),#15);
#7719=PRESENTATION_STYLE_ASSIGNMENT((#7718));
#7720=STYLED_ITEM('',(#7719),#7717);
#7721=DIRECTION('',(0.E0,1.E0,0.E0));
#7722=VECTOR('',#7721,1.E-2);
#7723=CARTESIAN_POINT('',(5.123602318997E0,1.9E1,2.629676538594E0));
#7724=LINE('',#7723,#7722);
#7725=CURVE_STYLE('',#26,POSITIVE_LENGTH_MEASURE(2.E-2),#15);
#7726=PRESENTATION_STYLE_ASSIGNMENT((#7725));
#7727=STYLED_ITEM('',(#7726),#7724);
#7728=DIRECTION('',(0.E0,1.E0,0.E0));
#7729=VECTOR('',#7728,1.E-2);
#7730=CARTESIAN_POINT('',(4.893815112347E0,1.9E1,2.742176753171E0));
#7731=LINE('',#7730,#7729);
#7732=CURVE_STYLE('',#26,POSITIVE_LENGTH_MEASURE(2.E-2),#15);
#7733=PRESENTATION_STYLE_ASSIGNMENT((#7732));
#7734=STYLED_ITEM('',(#7733),#7731);
#7735=DIRECTION('',(0.E0,1.E0,0.E0));
#7736=VECTOR('',#7735,1.E-2);
#7737=CARTESIAN_POINT('',(4.721474546427E0,1.9E1,2.798426538594E0));
#7738=LINE('',#7737,#7736);
#7739=CURVE_STYLE('',#26,POSITIVE_LENGTH_MEASURE(2.E-2),#15);
#7740=PRESENTATION_STYLE_ASSIGNMENT((#7739));
#7741=STYLED_ITEM('',(#7740),#7738);
#7742=DIRECTION('',(0.E0,1.E0,0.E0));
#7743=VECTOR('',#7742,1.E-2);
#7744=CARTESIAN_POINT('',(4.434240538115E0,1.9E1,2.854676324017E0));
#7745=LINE('',#7744,#7743);
#7746=CURVE_STYLE('',#26,POSITIVE_LENGTH_MEASURE(2.E-2),#15);
#7747=PRESENTATION_STYLE_ASSIGNMENT((#7746));
#7748=STYLED_ITEM('',(#7747),#7745);
#7749=DIRECTION('',(0.E0,1.E0,0.E0));
#7750=VECTOR('',#7749,1.E-2);
#7751=CARTESIAN_POINT('',(3.917219323153E0,1.9E1,2.854676324017E0));
#7752=LINE('',#7751,#7750);
#7753=CURVE_STYLE('',#26,POSITIVE_LENGTH_MEASURE(2.E-2),#15);
#7754=PRESENTATION_STYLE_ASSIGNMENT((#7753));
#7755=STYLED_ITEM('',(#7754),#7752);
#7756=DIRECTION('',(0.E0,1.E0,0.E0));
#7757=VECTOR('',#7756,1.E-2);
#7758=CARTESIAN_POINT('',(3.629985234374E0,1.9E1,2.798426538594E0));
#7759=LINE('',#7758,#7757);
#7760=CURVE_STYLE('',#26,POSITIVE_LENGTH_MEASURE(2.E-2),#15);
#7761=PRESENTATION_STYLE_ASSIGNMENT((#7760));
#7762=STYLED_ITEM('',(#7761),#7759);
#7763=DIRECTION('',(-1.332267629550E-13,1.E0,0.E0));
#7764=VECTOR('',#7763,1.E-2);
#7765=CARTESIAN_POINT('',(3.457644829387E0,1.9E1,2.742176753171E0));
#7766=LINE('',#7765,#7764);
#7767=CURVE_STYLE('',#26,POSITIVE_LENGTH_MEASURE(2.E-2),#15);
#7768=PRESENTATION_STYLE_ASSIGNMENT((#7767));
#7769=STYLED_ITEM('',(#7768),#7766);
#7770=DIRECTION('',(4.440892098500E-14,1.E0,0.E0));
#7771=VECTOR('',#7770,1.E-2);
#7772=CARTESIAN_POINT('',(3.227857582504E0,1.9E1,2.629676538594E0));
#7773=LINE('',#7772,#7771);
#7774=CURVE_STYLE('',#26,POSITIVE_LENGTH_MEASURE(2.E-2),#15);
#7775=PRESENTATION_STYLE_ASSIGNMENT((#7774));
#7776=STYLED_ITEM('',(#7775),#7773);
#7777=DIRECTION('',(0.E0,1.E0,0.E0));
#7778=VECTOR('',#7777,1.E-2);
#7779=CARTESIAN_POINT('',(3.055517157400E0,1.9E1,2.460926538594E0));
#7780=LINE('',#7779,#7778);
#7781=CURVE_STYLE('',#26,POSITIVE_LENGTH_MEASURE(2.E-2),#15);
#7782=PRESENTATION_STYLE_ASSIGNMENT((#7781));
#7783=STYLED_ITEM('',(#7782),#7780);
#7784=DIRECTION('',(0.E0,1.E0,-4.440892098500E-14));
#7785=VECTOR('',#7784,1.E-2);
#7786=CARTESIAN_POINT('',(2.883176737326E0,1.9E1,2.179676645883E0));
#7787=LINE('',#7786,#7785);
#7788=CURVE_STYLE('',#26,POSITIVE_LENGTH_MEASURE(2.E-2),#15);
#7789=PRESENTATION_STYLE_ASSIGNMENT((#7788));
#7790=STYLED_ITEM('',(#7789),#7787);
#7791=DIRECTION('',(0.E0,1.E0,2.220446049250E-14));
#7792=VECTOR('',#7791,1.E-2);
#7793=CARTESIAN_POINT('',(2.825729930634E0,1.9E1,1.842176645883E0));
#7794=LINE('',#7793,#7792);
#7795=CURVE_STYLE('',#26,POSITIVE_LENGTH_MEASURE(2.E-2),#15);
#7796=PRESENTATION_STYLE_ASSIGNMENT((#7795));
#7797=STYLED_ITEM('',(#7796),#7794);
#7798=DIRECTION('',(0.E0,1.E0,0.E0));
#7799=VECTOR('',#7798,1.E-2);
#7800=CARTESIAN_POINT('',(2.883176737326E0,1.9E1,1.504676645883E0));
#7801=LINE('',#7800,#7799);
#7802=CURVE_STYLE('',#26,POSITIVE_LENGTH_MEASURE(2.E-2),#15);
#7803=PRESENTATION_STYLE_ASSIGNMENT((#7802));
#7804=STYLED_ITEM('',(#7803),#7801);
#7805=DIRECTION('',(0.E0,1.E0,0.E0));
#7806=VECTOR('',#7805,1.E-2);
#7807=CARTESIAN_POINT('',(3.055517157400E0,1.9E1,1.223426431306E0));
#7808=LINE('',#7807,#7806);
#7809=CURVE_STYLE('',#26,POSITIVE_LENGTH_MEASURE(2.E-2),#15);
#7810=PRESENTATION_STYLE_ASSIGNMENT((#7809));
#7811=STYLED_ITEM('',(#7810),#7808);
#7812=DIRECTION('',(4.440892098500E-14,1.E0,-2.220446049250E-14));
#7813=VECTOR('',#7812,1.E-2);
#7814=CARTESIAN_POINT('',(3.227857582504E0,1.9E1,1.054676431306E0));
#7815=LINE('',#7814,#7813);
#7816=CURVE_STYLE('',#26,POSITIVE_LENGTH_MEASURE(2.E-2),#15);
#7817=PRESENTATION_STYLE_ASSIGNMENT((#7816));
#7818=STYLED_ITEM('',(#7817),#7815);
#7819=DIRECTION('',(0.E0,1.E0,0.E0));
#7820=VECTOR('',#7819,1.E-2);
#7821=CARTESIAN_POINT('',(3.457644829387E0,1.9E1,9.421765385942E-1));
#7822=LINE('',#7821,#7820);
#7823=CURVE_STYLE('',#26,POSITIVE_LENGTH_MEASURE(2.E-2),#15);
#7824=PRESENTATION_STYLE_ASSIGNMENT((#7823));
#7825=STYLED_ITEM('',(#7824),#7822);
#7826=DIRECTION('',(0.E0,1.E0,0.E0));
#7827=VECTOR('',#7826,1.E-2);
#7828=CARTESIAN_POINT('',(3.629985234374E0,1.9E1,8.859264313058E-1));
#7829=LINE('',#7828,#7827);
#7830=CURVE_STYLE('',#26,POSITIVE_LENGTH_MEASURE(2.E-2),#15);
#7831=PRESENTATION_STYLE_ASSIGNMENT((#7830));
#7832=STYLED_ITEM('',(#7831),#7829);
#7833=DIRECTION('',(0.E0,1.E0,0.E0));
#7834=VECTOR('',#7833,1.E-2);
#7835=CARTESIAN_POINT('',(3.917219323153E0,1.9E1,8.296766458826E-1));
#7836=LINE('',#7835,#7834);
#7837=CURVE_STYLE('',#26,POSITIVE_LENGTH_MEASURE(2.E-2),#15);
#7838=PRESENTATION_STYLE_ASSIGNMENT((#7837));
#7839=STYLED_ITEM('',(#7838),#7836);
#7840=DIRECTION('',(0.E0,1.E0,0.E0));
#7841=VECTOR('',#7840,1.E-2);
#7842=CARTESIAN_POINT('',(4.376793736452E0,1.9E1,1.110926538594E0));
#7843=LINE('',#7842,#7841);
#7844=CURVE_STYLE('',#26,POSITIVE_LENGTH_MEASURE(2.E-2),#15);
#7845=PRESENTATION_STYLE_ASSIGNMENT((#7844));
#7846=STYLED_ITEM('',(#7845),#7843);
#7847=DIRECTION('',(0.E0,1.E0,0.E0));
#7848=VECTOR('',#7847,1.E-2);
#7849=CARTESIAN_POINT('',(3.974666124815E0,1.9E1,1.110926538594E0));
#7850=LINE('',#7849,#7848);
#7851=CURVE_STYLE('',#26,POSITIVE_LENGTH_MEASURE(2.E-2),#15);
#7852=PRESENTATION_STYLE_ASSIGNMENT((#7851));
#7853=STYLED_ITEM('',(#7852),#7850);
#7854=DIRECTION('',(0.E0,1.E0,0.E0));
#7855=VECTOR('',#7854,1.E-2);
#7856=CARTESIAN_POINT('',(3.629985234374E0,1.9E1,1.167176645883E0));
#7857=LINE('',#7856,#7855);
#7858=CURVE_STYLE('',#26,POSITIVE_LENGTH_MEASURE(2.E-2),#15);
#7859=PRESENTATION_STYLE_ASSIGNMENT((#7858));
#7860=STYLED_ITEM('',(#7859),#7857);
#7861=DIRECTION('',(0.E0,1.E0,-2.220446049250E-14));
#7862=VECTOR('',#7861,1.E-2);
#7863=CARTESIAN_POINT('',(3.285304384167E0,1.9E1,1.392176431306E0));
#7864=LINE('',#7863,#7862);
#7865=CURVE_STYLE('',#26,POSITIVE_LENGTH_MEASURE(2.E-2),#15);
#7866=PRESENTATION_STYLE_ASSIGNMENT((#7865));
#7867=STYLED_ITEM('',(#7866),#7864);
#7868=DIRECTION('',(0.E0,1.E0,0.E0));
#7869=VECTOR('',#7868,1.E-2);
#7870=CARTESIAN_POINT('',(3.170410780842E0,1.9E1,1.560926431306E0));
#7871=LINE('',#7870,#7869);
#7872=CURVE_STYLE('',#26,POSITIVE_LENGTH_MEASURE(2.E-2),#15);
#7873=PRESENTATION_STYLE_ASSIGNMENT((#7872));
#7874=STYLED_ITEM('',(#7873),#7871);
#7875=DIRECTION('',(0.E0,1.E0,0.E0));
#7876=VECTOR('',#7875,1.E-2);
#7877=CARTESIAN_POINT('',(3.112963979179E0,1.9E1,1.842176645883E0));
#7878=LINE('',#7877,#7876);
#7879=CURVE_STYLE('',#26,POSITIVE_LENGTH_MEASURE(2.E-2),#15);
#7880=PRESENTATION_STYLE_ASSIGNMENT((#7879));
#7881=STYLED_ITEM('',(#7880),#7878);
#7882=DIRECTION('',(0.E0,1.E0,0.E0));
#7883=VECTOR('',#7882,1.E-2);
#7884=CARTESIAN_POINT('',(3.170410780842E0,1.9E1,2.123426538594E0));
#7885=LINE('',#7884,#7883);
#7886=CURVE_STYLE('',#26,POSITIVE_LENGTH_MEASURE(2.E-2),#15);
#7887=PRESENTATION_STYLE_ASSIGNMENT((#7886));
#7888=STYLED_ITEM('',(#7887),#7885);
#7889=DIRECTION('',(-1.332267629550E-13,1.E0,-4.440892098500E-14));
#7890=VECTOR('',#7889,1.E-2);
#7891=CARTESIAN_POINT('',(3.285304384167E0,1.9E1,2.292176538594E0));
#7892=LINE('',#7891,#7890);
#7893=CURVE_STYLE('',#26,POSITIVE_LENGTH_MEASURE(2.E-2),#15);
#7894=PRESENTATION_STYLE_ASSIGNMENT((#7893));
#7895=STYLED_ITEM('',(#7894),#7892);
#7896=DIRECTION('',(0.E0,1.E0,0.E0));
#7897=VECTOR('',#7896,1.E-2);
#7898=CARTESIAN_POINT('',(3.629985234374E0,1.9E1,2.517176645883E0));
#7899=LINE('',#7898,#7897);
#7900=CURVE_STYLE('',#26,POSITIVE_LENGTH_MEASURE(2.E-2),#15);
#7901=PRESENTATION_STYLE_ASSIGNMENT((#7900));
#7902=STYLED_ITEM('',(#7901),#7899);
#7903=DIRECTION('',(0.E0,1.E0,0.E0));
#7904=VECTOR('',#7903,1.E-2);
#7905=CARTESIAN_POINT('',(3.974666124815E0,1.9E1,2.573426431306E0));
#7906=LINE('',#7905,#7904);
#7907=CURVE_STYLE('',#26,POSITIVE_LENGTH_MEASURE(2.E-2),#15);
#7908=PRESENTATION_STYLE_ASSIGNMENT((#7907));
#7909=STYLED_ITEM('',(#7908),#7906);
#7910=DIRECTION('',(0.E0,1.E0,0.E0));
#7911=VECTOR('',#7910,1.E-2);
#7912=CARTESIAN_POINT('',(4.376793736452E0,1.9E1,2.573426431306E0));
#7913=LINE('',#7912,#7911);
#7914=CURVE_STYLE('',#26,POSITIVE_LENGTH_MEASURE(2.E-2),#15);
#7915=PRESENTATION_STYLE_ASSIGNMENT((#7914));
#7916=STYLED_ITEM('',(#7915),#7913);
#7917=DIRECTION('',(0.E0,1.E0,0.E0));
#7918=VECTOR('',#7917,1.E-2);
#7919=CARTESIAN_POINT('',(4.721474546427E0,1.9E1,2.517176645883E0));
#7920=LINE('',#7919,#7918);
#7921=CURVE_STYLE('',#26,POSITIVE_LENGTH_MEASURE(2.E-2),#15);
#7922=PRESENTATION_STYLE_ASSIGNMENT((#7921));
#7923=STYLED_ITEM('',(#7922),#7920);
#7924=DIRECTION('',(-8.881784197E-14,1.E0,0.E0));
#7925=VECTOR('',#7924,1.E-2);
#7926=CARTESIAN_POINT('',(5.066155517334E0,1.9E1,2.292176538594E0));
#7927=LINE('',#7926,#7925);
#7928=CURVE_STYLE('',#26,POSITIVE_LENGTH_MEASURE(2.E-2),#15);
#7929=PRESENTATION_STYLE_ASSIGNMENT((#7928));
#7930=STYLED_ITEM('',(#7929),#7927);
#7931=DIRECTION('',(0.E0,1.E0,0.E0));
#7932=VECTOR('',#7931,1.E-2);
#7933=CARTESIAN_POINT('',(5.181049120659E0,1.9E1,2.123426538594E0));
#7934=LINE('',#7933,#7932);
#7935=CURVE_STYLE('',#26,POSITIVE_LENGTH_MEASURE(2.E-2),#15);
#7936=PRESENTATION_STYLE_ASSIGNMENT((#7935));
#7937=STYLED_ITEM('',(#7936),#7934);
#7938=DIRECTION('',(0.E0,1.E0,0.E0));
#7939=VECTOR('',#7938,1.E-2);
#7940=CARTESIAN_POINT('',(5.238495922322E0,1.9E1,1.842176645883E0));
#7941=LINE('',#7940,#7939);
#7942=CURVE_STYLE('',#26,POSITIVE_LENGTH_MEASURE(2.E-2),#15);
#7943=PRESENTATION_STYLE_ASSIGNMENT((#7942));
#7944=STYLED_ITEM('',(#7943),#7941);
#7945=DIRECTION('',(0.E0,1.E0,0.E0));
#7946=VECTOR('',#7945,1.E-2);
#7947=CARTESIAN_POINT('',(5.181049120659E0,1.9E1,1.560926431306E0));
#7948=LINE('',#7947,#7946);
#7949=CURVE_STYLE('',#26,POSITIVE_LENGTH_MEASURE(2.E-2),#15);
#7950=PRESENTATION_STYLE_ASSIGNMENT((#7949));
#7951=STYLED_ITEM('',(#7950),#7948);
#7952=DIRECTION('',(0.E0,1.E0,0.E0));
#7953=VECTOR('',#7952,1.E-2);
#7954=CARTESIAN_POINT('',(5.066155517334E0,1.9E1,1.392176431306E0));
#7955=LINE('',#7954,#7953);
#7956=CURVE_STYLE('',#26,POSITIVE_LENGTH_MEASURE(2.E-2),#15);
#7957=PRESENTATION_STYLE_ASSIGNMENT((#7956));
#7958=STYLED_ITEM('',(#7957),#7955);
#7959=DIRECTION('',(0.E0,1.E0,0.E0));
#7960=VECTOR('',#7959,1.E-2);
#7961=CARTESIAN_POINT('',(4.721474546427E0,1.9E1,1.167176645883E0));
#7962=LINE('',#7961,#7960);
#7963=CURVE_STYLE('',#26,POSITIVE_LENGTH_MEASURE(2.E-2),#15);
#7964=PRESENTATION_STYLE_ASSIGNMENT((#7963));
#7965=STYLED_ITEM('',(#7964),#7962);
#7966=DIRECTION('',(0.E0,1.E0,0.E0));
#7967=VECTOR('',#7966,1.E-2);
#7968=CARTESIAN_POINT('',(4.434240538115E0,1.9E1,3.304676538594E0));
#7969=LINE('',#7968,#7967);
#7970=CURVE_STYLE('',#26,POSITIVE_LENGTH_MEASURE(2.E-2),#15);
#7971=PRESENTATION_STYLE_ASSIGNMENT((#7970));
#7972=STYLED_ITEM('',(#7971),#7969);
#7973=DIRECTION('',(0.E0,1.E0,0.E0));
#7974=VECTOR('',#7973,1.E-2);
#7975=CARTESIAN_POINT('',(4.721474546427E0,1.9E1,3.360926324017E0));
#7976=LINE('',#7975,#7974);
#7977=CURVE_STYLE('',#26,POSITIVE_LENGTH_MEASURE(2.E-2),#15);
#7978=PRESENTATION_STYLE_ASSIGNMENT((#7977));
#7979=STYLED_ITEM('',(#7978),#7976);
#7980=DIRECTION('',(0.E0,1.E0,0.E0));
#7981=VECTOR('',#7980,1.E-2);
#7982=CARTESIAN_POINT('',(4.893815112347E0,1.9E1,3.417176753171E0));
#7983=LINE('',#7982,#7981);
#7984=CURVE_STYLE('',#26,POSITIVE_LENGTH_MEASURE(2.E-2),#15);
#7985=PRESENTATION_STYLE_ASSIGNMENT((#7984));
#7986=STYLED_ITEM('',(#7985),#7983);
#7987=DIRECTION('',(0.E0,1.E0,0.E0));
#7988=VECTOR('',#7987,1.E-2);
#7989=CARTESIAN_POINT('',(5.123602318997E0,1.9E1,3.529676324017E0));
#7990=LINE('',#7989,#7988);
#7991=CURVE_STYLE('',#26,POSITIVE_LENGTH_MEASURE(2.E-2),#15);
#7992=PRESENTATION_STYLE_ASSIGNMENT((#7991));
#7993=STYLED_ITEM('',(#7992),#7990);
#7994=DIRECTION('',(0.E0,1.E0,4.440892098500E-14));
#7995=VECTOR('',#7994,1.E-2);
#7996=CARTESIAN_POINT('',(5.295942723984E0,1.9E1,3.698426324017E0));
#7997=LINE('',#7996,#7995);
#7998=CURVE_STYLE('',#26,POSITIVE_LENGTH_MEASURE(2.E-2),#15);
#7999=PRESENTATION_STYLE_ASSIGNMENT((#7998));
#8000=STYLED_ITEM('',(#7999),#7997);
#8001=DIRECTION('',(0.E0,1.E0,0.E0));
#8002=VECTOR('',#8001,1.E-2);
#8003=CARTESIAN_POINT('',(5.468283128971E0,1.9E1,3.979676538594E0));
#8004=LINE('',#8003,#8002);
#8005=CURVE_STYLE('',#26,POSITIVE_LENGTH_MEASURE(2.E-2),#15);
#8006=PRESENTATION_STYLE_ASSIGNMENT((#8005));
#8007=STYLED_ITEM('',(#8006),#8004);
#8008=DIRECTION('',(0.E0,1.E0,0.E0));
#8009=VECTOR('',#8008,1.E-2);
#8010=CARTESIAN_POINT('',(5.525729930634E0,1.9E1,4.317176538594E0));
#8011=LINE('',#8010,#8009);
#8012=CURVE_STYLE('',#26,POSITIVE_LENGTH_MEASURE(2.E-2),#15);
#8013=PRESENTATION_STYLE_ASSIGNMENT((#8012));
#8014=STYLED_ITEM('',(#8013),#8011);
#8015=DIRECTION('',(0.E0,1.E0,0.E0));
#8016=VECTOR('',#8015,1.E-2);
#8017=CARTESIAN_POINT('',(5.468283128971E0,1.9E1,4.654676538594E0));
#8018=LINE('',#8017,#8016);
#8019=CURVE_STYLE('',#26,POSITIVE_LENGTH_MEASURE(2.E-2),#15);
#8020=PRESENTATION_STYLE_ASSIGNMENT((#8019));
#8021=STYLED_ITEM('',(#8020),#8018);
#8022=DIRECTION('',(0.E0,1.E0,-8.881784197E-14));
#8023=VECTOR('',#8022,1.E-2);
#8024=CARTESIAN_POINT('',(5.295942723984E0,1.9E1,4.935926753171E0));
#8025=LINE('',#8024,#8023);
#8026=CURVE_STYLE('',#26,POSITIVE_LENGTH_MEASURE(2.E-2),#15);
#8027=PRESENTATION_STYLE_ASSIGNMENT((#8026));
#8028=STYLED_ITEM('',(#8027),#8025);
#8029=DIRECTION('',(0.E0,1.E0,0.E0));
#8030=VECTOR('',#8029,1.E-2);
#8031=CARTESIAN_POINT('',(5.123602318997E0,1.9E1,5.104676753171E0));
#8032=LINE('',#8031,#8030);
#8033=CURVE_STYLE('',#26,POSITIVE_LENGTH_MEASURE(2.E-2),#15);
#8034=PRESENTATION_STYLE_ASSIGNMENT((#8033));
#8035=STYLED_ITEM('',(#8034),#8032);
#8036=DIRECTION('',(0.E0,1.E0,0.E0));
#8037=VECTOR('',#8036,1.E-2);
#8038=CARTESIAN_POINT('',(4.893815112347E0,1.9E1,5.217176324017E0));
#8039=LINE('',#8038,#8037);
#8040=CURVE_STYLE('',#26,POSITIVE_LENGTH_MEASURE(2.E-2),#15);
#8041=PRESENTATION_STYLE_ASSIGNMENT((#8040));
#8042=STYLED_ITEM('',(#8041),#8039);
#8043=DIRECTION('',(0.E0,1.E0,0.E0));
#8044=VECTOR('',#8043,1.E-2);
#8045=CARTESIAN_POINT('',(4.721474546427E0,1.9E1,5.273426753171E0));
#8046=LINE('',#8045,#8044);
#8047=CURVE_STYLE('',#26,POSITIVE_LENGTH_MEASURE(2.E-2),#15);
#8048=PRESENTATION_STYLE_ASSIGNMENT((#8047));
#8049=STYLED_ITEM('',(#8048),#8046);
#8050=DIRECTION('',(0.E0,1.E0,0.E0));
#8051=VECTOR('',#8050,1.E-2);
#8052=CARTESIAN_POINT('',(4.434240538115E0,1.9E1,5.329676538594E0));
#8053=LINE('',#8052,#8051);
#8054=CURVE_STYLE('',#26,POSITIVE_LENGTH_MEASURE(2.E-2),#15);
#8055=PRESENTATION_STYLE_ASSIGNMENT((#8054));
#8056=STYLED_ITEM('',(#8055),#8053);
#8057=DIRECTION('',(0.E0,1.E0,0.E0));
#8058=VECTOR('',#8057,1.E-2);
#8059=CARTESIAN_POINT('',(3.917219323153E0,1.9E1,5.329676538594E0));
#8060=LINE('',#8059,#8058);
#8061=CURVE_STYLE('',#26,POSITIVE_LENGTH_MEASURE(2.E-2),#15);
#8062=PRESENTATION_STYLE_ASSIGNMENT((#8061));
#8063=STYLED_ITEM('',(#8062),#8060);
#8064=DIRECTION('',(0.E0,1.E0,0.E0));
#8065=VECTOR('',#8064,1.E-2);
#8066=CARTESIAN_POINT('',(3.629985234374E0,1.9E1,5.273426753171E0));
#8067=LINE('',#8066,#8065);
#8068=CURVE_STYLE('',#26,POSITIVE_LENGTH_MEASURE(2.E-2),#15);
#8069=PRESENTATION_STYLE_ASSIGNMENT((#8068));
#8070=STYLED_ITEM('',(#8069),#8067);
#8071=DIRECTION('',(0.E0,1.E0,0.E0));
#8072=VECTOR('',#8071,1.E-2);
#8073=CARTESIAN_POINT('',(3.457644829387E0,1.9E1,5.217176324017E0));
#8074=LINE('',#8073,#8072);
#8075=CURVE_STYLE('',#26,POSITIVE_LENGTH_MEASURE(2.E-2),#15);
#8076=PRESENTATION_STYLE_ASSIGNMENT((#8075));
#8077=STYLED_ITEM('',(#8076),#8074);
#8078=DIRECTION('',(0.E0,1.E0,0.E0));
#8079=VECTOR('',#8078,1.E-2);
#8080=CARTESIAN_POINT('',(3.227857582504E0,1.9E1,5.104676753171E0));
#8081=LINE('',#8080,#8079);
#8082=CURVE_STYLE('',#26,POSITIVE_LENGTH_MEASURE(2.E-2),#15);
#8083=PRESENTATION_STYLE_ASSIGNMENT((#8082));
#8084=STYLED_ITEM('',(#8083),#8081);
#8085=DIRECTION('',(0.E0,1.E0,0.E0));
#8086=VECTOR('',#8085,1.E-2);
#8087=CARTESIAN_POINT('',(3.055517157400E0,1.9E1,4.935926753171E0));
#8088=LINE('',#8087,#8086);
#8089=CURVE_STYLE('',#26,POSITIVE_LENGTH_MEASURE(2.E-2),#15);
#8090=PRESENTATION_STYLE_ASSIGNMENT((#8089));
#8091=STYLED_ITEM('',(#8090),#8088);
#8092=DIRECTION('',(0.E0,1.E0,0.E0));
#8093=VECTOR('',#8092,1.E-2);
#8094=CARTESIAN_POINT('',(2.883176737326E0,1.9E1,4.654676538594E0));
#8095=LINE('',#8094,#8093);
#8096=CURVE_STYLE('',#26,POSITIVE_LENGTH_MEASURE(2.E-2),#15);
#8097=PRESENTATION_STYLE_ASSIGNMENT((#8096));
#8098=STYLED_ITEM('',(#8097),#8095);
#8099=DIRECTION('',(0.E0,1.E0,0.E0));
#8100=VECTOR('',#8099,1.E-2);
#8101=CARTESIAN_POINT('',(2.825729930634E0,1.9E1,4.317176538594E0));
#8102=LINE('',#8101,#8100);
#8103=CURVE_STYLE('',#26,POSITIVE_LENGTH_MEASURE(2.E-2),#15);
#8104=PRESENTATION_STYLE_ASSIGNMENT((#8103));
#8105=STYLED_ITEM('',(#8104),#8102);
#8106=DIRECTION('',(0.E0,1.E0,4.440892098500E-14));
#8107=VECTOR('',#8106,1.E-2);
#8108=CARTESIAN_POINT('',(2.883176737326E0,1.9E1,3.979676538594E0));
#8109=LINE('',#8108,#8107);
#8110=CURVE_STYLE('',#26,POSITIVE_LENGTH_MEASURE(2.E-2),#15);
#8111=PRESENTATION_STYLE_ASSIGNMENT((#8110));
#8112=STYLED_ITEM('',(#8111),#8109);
#8113=DIRECTION('',(0.E0,1.E0,0.E0));
#8114=VECTOR('',#8113,1.E-2);
#8115=CARTESIAN_POINT('',(3.055517157400E0,1.9E1,3.698426324017E0));
#8116=LINE('',#8115,#8114);
#8117=CURVE_STYLE('',#26,POSITIVE_LENGTH_MEASURE(2.E-2),#15);
#8118=PRESENTATION_STYLE_ASSIGNMENT((#8117));
#8119=STYLED_ITEM('',(#8118),#8116);
#8120=DIRECTION('',(0.E0,1.E0,0.E0));
#8121=VECTOR('',#8120,1.E-2);
#8122=CARTESIAN_POINT('',(3.227857582504E0,1.9E1,3.529676324017E0));
#8123=LINE('',#8122,#8121);
#8124=CURVE_STYLE('',#26,POSITIVE_LENGTH_MEASURE(2.E-2),#15);
#8125=PRESENTATION_STYLE_ASSIGNMENT((#8124));
#8126=STYLED_ITEM('',(#8125),#8123);
#8127=DIRECTION('',(0.E0,1.E0,0.E0));
#8128=VECTOR('',#8127,1.E-2);
#8129=CARTESIAN_POINT('',(3.457644829387E0,1.9E1,3.417176753171E0));
#8130=LINE('',#8129,#8128);
#8131=CURVE_STYLE('',#26,POSITIVE_LENGTH_MEASURE(2.E-2),#15);
#8132=PRESENTATION_STYLE_ASSIGNMENT((#8131));
#8133=STYLED_ITEM('',(#8132),#8130);
#8134=DIRECTION('',(0.E0,1.E0,0.E0));
#8135=VECTOR('',#8134,1.E-2);
#8136=CARTESIAN_POINT('',(3.629985234374E0,1.9E1,3.360926324017E0));
#8137=LINE('',#8136,#8135);
#8138=CURVE_STYLE('',#26,POSITIVE_LENGTH_MEASURE(2.E-2),#15);
#8139=PRESENTATION_STYLE_ASSIGNMENT((#8138));
#8140=STYLED_ITEM('',(#8139),#8137);
#8141=DIRECTION('',(0.E0,1.E0,0.E0));
#8142=VECTOR('',#8141,1.E-2);
#8143=CARTESIAN_POINT('',(3.917219323153E0,1.9E1,3.304676538594E0));
#8144=LINE('',#8143,#8142);
#8145=CURVE_STYLE('',#26,POSITIVE_LENGTH_MEASURE(2.E-2),#15);
#8146=PRESENTATION_STYLE_ASSIGNMENT((#8145));
#8147=STYLED_ITEM('',(#8146),#8144);
#8148=DIRECTION('',(0.E0,1.E0,0.E0));
#8149=VECTOR('',#8148,1.E-2);
#8150=CARTESIAN_POINT('',(4.376793736452E0,1.9E1,3.585926753171E0));
#8151=LINE('',#8150,#8149);
#8152=CURVE_STYLE('',#26,POSITIVE_LENGTH_MEASURE(2.E-2),#15);
#8153=PRESENTATION_STYLE_ASSIGNMENT((#8152));
#8154=STYLED_ITEM('',(#8153),#8151);
#8155=DIRECTION('',(0.E0,1.E0,0.E0));
#8156=VECTOR('',#8155,1.E-2);
#8157=CARTESIAN_POINT('',(3.974666124815E0,1.9E1,3.585926753171E0));
#8158=LINE('',#8157,#8156);
#8159=CURVE_STYLE('',#26,POSITIVE_LENGTH_MEASURE(2.E-2),#15);
#8160=PRESENTATION_STYLE_ASSIGNMENT((#8159));
#8161=STYLED_ITEM('',(#8160),#8158);
#8162=DIRECTION('',(0.E0,1.E0,0.E0));
#8163=VECTOR('',#8162,1.E-2);
#8164=CARTESIAN_POINT('',(3.629985234374E0,1.9E1,3.642176538594E0));
#8165=LINE('',#8164,#8163);
#8166=CURVE_STYLE('',#26,POSITIVE_LENGTH_MEASURE(2.E-2),#15);
#8167=PRESENTATION_STYLE_ASSIGNMENT((#8166));
#8168=STYLED_ITEM('',(#8167),#8165);
#8169=DIRECTION('',(-1.332267629550E-13,1.E0,0.E0));
#8170=VECTOR('',#8169,1.E-2);
#8171=CARTESIAN_POINT('',(3.285304384167E0,1.9E1,3.867176324017E0));
#8172=LINE('',#8171,#8170);
#8173=CURVE_STYLE('',#26,POSITIVE_LENGTH_MEASURE(2.E-2),#15);
#8174=PRESENTATION_STYLE_ASSIGNMENT((#8173));
#8175=STYLED_ITEM('',(#8174),#8172);
#8176=DIRECTION('',(0.E0,1.E0,0.E0));
#8177=VECTOR('',#8176,1.E-2);
#8178=CARTESIAN_POINT('',(3.170410780842E0,1.9E1,4.035926324017E0));
#8179=LINE('',#8178,#8177);
#8180=CURVE_STYLE('',#26,POSITIVE_LENGTH_MEASURE(2.E-2),#15);
#8181=PRESENTATION_STYLE_ASSIGNMENT((#8180));
#8182=STYLED_ITEM('',(#8181),#8179);
#8183=DIRECTION('',(-4.440892098500E-14,1.E0,0.E0));
#8184=VECTOR('',#8183,1.E-2);
#8185=CARTESIAN_POINT('',(3.112963979179E0,1.9E1,4.317176538594E0));
#8186=LINE('',#8185,#8184);
#8187=CURVE_STYLE('',#26,POSITIVE_LENGTH_MEASURE(2.E-2),#15);
#8188=PRESENTATION_STYLE_ASSIGNMENT((#8187));
#8189=STYLED_ITEM('',(#8188),#8186);
#8190=DIRECTION('',(4.440892098500E-14,1.E0,0.E0));
#8191=VECTOR('',#8190,1.E-2);
#8192=CARTESIAN_POINT('',(3.170410780842E0,1.9E1,4.598426753171E0));
#8193=LINE('',#8192,#8191);
#8194=CURVE_STYLE('',#26,POSITIVE_LENGTH_MEASURE(2.E-2),#15);
#8195=PRESENTATION_STYLE_ASSIGNMENT((#8194));
#8196=STYLED_ITEM('',(#8195),#8193);
#8197=DIRECTION('',(-1.332267629550E-13,1.E0,0.E0));
#8198=VECTOR('',#8197,1.E-2);
#8199=CARTESIAN_POINT('',(3.285304384167E0,1.9E1,4.767176753171E0));
#8200=LINE('',#8199,#8198);
#8201=CURVE_STYLE('',#26,POSITIVE_LENGTH_MEASURE(2.E-2),#15);
#8202=PRESENTATION_STYLE_ASSIGNMENT((#8201));
#8203=STYLED_ITEM('',(#8202),#8200);
#8204=DIRECTION('',(0.E0,1.E0,0.E0));
#8205=VECTOR('',#8204,1.E-2);
#8206=CARTESIAN_POINT('',(3.629985234374E0,1.9E1,4.992176538594E0));
#8207=LINE('',#8206,#8205);
#8208=CURVE_STYLE('',#26,POSITIVE_LENGTH_MEASURE(2.E-2),#15);
#8209=PRESENTATION_STYLE_ASSIGNMENT((#8208));
#8210=STYLED_ITEM('',(#8209),#8207);
#8211=DIRECTION('',(0.E0,1.E0,0.E0));
#8212=VECTOR('',#8211,1.E-2);
#8213=CARTESIAN_POINT('',(3.974666124815E0,1.9E1,5.048426324017E0));
#8214=LINE('',#8213,#8212);
#8215=CURVE_STYLE('',#26,POSITIVE_LENGTH_MEASURE(2.E-2),#15);
#8216=PRESENTATION_STYLE_ASSIGNMENT((#8215));
#8217=STYLED_ITEM('',(#8216),#8214);
#8218=DIRECTION('',(0.E0,1.E0,0.E0));
#8219=VECTOR('',#8218,1.E-2);
#8220=CARTESIAN_POINT('',(4.376793736452E0,1.9E1,5.048426324017E0));
#8221=LINE('',#8220,#8219);
#8222=CURVE_STYLE('',#26,POSITIVE_LENGTH_MEASURE(2.E-2),#15);
#8223=PRESENTATION_STYLE_ASSIGNMENT((#8222));
#8224=STYLED_ITEM('',(#8223),#8221);
#8225=DIRECTION('',(0.E0,1.E0,0.E0));
#8226=VECTOR('',#8225,1.E-2);
#8227=CARTESIAN_POINT('',(4.721474546427E0,1.9E1,4.992176538594E0));
#8228=LINE('',#8227,#8226);
#8229=CURVE_STYLE('',#26,POSITIVE_LENGTH_MEASURE(2.E-2),#15);
#8230=PRESENTATION_STYLE_ASSIGNMENT((#8229));
#8231=STYLED_ITEM('',(#8230),#8228);
#8232=DIRECTION('',(0.E0,1.E0,0.E0));
#8233=VECTOR('',#8232,1.E-2);
#8234=CARTESIAN_POINT('',(5.066155517334E0,1.9E1,4.767176753171E0));
#8235=LINE('',#8234,#8233);
#8236=CURVE_STYLE('',#26,POSITIVE_LENGTH_MEASURE(2.E-2),#15);
#8237=PRESENTATION_STYLE_ASSIGNMENT((#8236));
#8238=STYLED_ITEM('',(#8237),#8235);
#8239=DIRECTION('',(0.E0,1.E0,0.E0));
#8240=VECTOR('',#8239,1.E-2);
#8241=CARTESIAN_POINT('',(5.181049120659E0,1.9E1,4.598426753171E0));
#8242=LINE('',#8241,#8240);
#8243=CURVE_STYLE('',#26,POSITIVE_LENGTH_MEASURE(2.E-2),#15);
#8244=PRESENTATION_STYLE_ASSIGNMENT((#8243));
#8245=STYLED_ITEM('',(#8244),#8242);
#8246=DIRECTION('',(0.E0,1.E0,0.E0));
#8247=VECTOR('',#8246,1.E-2);
#8248=CARTESIAN_POINT('',(5.238495922322E0,1.9E1,4.317176538594E0));
#8249=LINE('',#8248,#8247);
#8250=CURVE_STYLE('',#26,POSITIVE_LENGTH_MEASURE(2.E-2),#15);
#8251=PRESENTATION_STYLE_ASSIGNMENT((#8250));
#8252=STYLED_ITEM('',(#8251),#8249);
#8253=DIRECTION('',(0.E0,1.E0,0.E0));
#8254=VECTOR('',#8253,1.E-2);
#8255=CARTESIAN_POINT('',(5.181049120659E0,1.9E1,4.035926324017E0));
#8256=LINE('',#8255,#8254);
#8257=CURVE_STYLE('',#26,POSITIVE_LENGTH_MEASURE(2.E-2),#15);
#8258=PRESENTATION_STYLE_ASSIGNMENT((#8257));
#8259=STYLED_ITEM('',(#8258),#8256);
#8260=DIRECTION('',(0.E0,1.E0,0.E0));
#8261=VECTOR('',#8260,1.E-2);
#8262=CARTESIAN_POINT('',(5.066155517334E0,1.9E1,3.867176324017E0));
#8263=LINE('',#8262,#8261);
#8264=CURVE_STYLE('',#26,POSITIVE_LENGTH_MEASURE(2.E-2),#15);
#8265=PRESENTATION_STYLE_ASSIGNMENT((#8264));
#8266=STYLED_ITEM('',(#8265),#8263);
#8267=DIRECTION('',(0.E0,1.E0,0.E0));
#8268=VECTOR('',#8267,1.E-2);
#8269=CARTESIAN_POINT('',(4.721474546427E0,1.9E1,3.642176538594E0));
#8270=LINE('',#8269,#8268);
#8271=CURVE_STYLE('',#26,POSITIVE_LENGTH_MEASURE(2.E-2),#15);
#8272=PRESENTATION_STYLE_ASSIGNMENT((#8271));
#8273=STYLED_ITEM('',(#8272),#8270);
#8274=DIRECTION('',(0.E0,1.E0,0.E0));
#8275=VECTOR('',#8274,1.E-2);
#8276=CARTESIAN_POINT('',(1.536600805097E-1,1.9E1,-2.376573474817E0));
#8277=LINE('',#8276,#8275);
#8278=CURVE_STYLE('',#26,POSITIVE_LENGTH_MEASURE(2.E-2),#15);
#8279=PRESENTATION_STYLE_ASSIGNMENT((#8278));
#8280=STYLED_ITEM('',(#8279),#8277);
#8281=DIRECTION('',(0.E0,1.E0,0.E0));
#8282=VECTOR('',#8281,1.E-2);
#8283=CARTESIAN_POINT('',(1.536600805097E-1,1.9E1,-2.770323461406E0));
#8284=LINE('',#8283,#8282);
#8285=CURVE_STYLE('',#26,POSITIVE_LENGTH_MEASURE(2.E-2),#15);
#8286=PRESENTATION_STYLE_ASSIGNMENT((#8285));
#8287=STYLED_ITEM('',(#8286),#8284);
#8288=DIRECTION('',(0.E0,1.E0,0.E0));
#8289=VECTOR('',#8288,1.E-2);
#8290=CARTESIAN_POINT('',(1.647277084666E0,1.9E1,-2.770323461406E0));
#8291=LINE('',#8290,#8289);
#8292=CURVE_STYLE('',#26,POSITIVE_LENGTH_MEASURE(2.E-2),#15);
#8293=PRESENTATION_STYLE_ASSIGNMENT((#8292));
#8294=STYLED_ITEM('',(#8293),#8291);
#8295=DIRECTION('',(0.E0,1.E0,0.E0));
#8296=VECTOR('',#8295,1.E-2);
#8297=CARTESIAN_POINT('',(1.647277084666E0,1.9E1,-8.578235150500E-1));
#8298=LINE('',#8297,#8296);
#8299=CURVE_STYLE('',#26,POSITIVE_LENGTH_MEASURE(2.E-2),#15);
#8300=PRESENTATION_STYLE_ASSIGNMENT((#8299));
#8301=STYLED_ITEM('',(#8300),#8298);
#8302=DIRECTION('',(0.E0,1.E0,0.E0));
#8303=VECTOR('',#8302,1.E-2);
#8304=CARTESIAN_POINT('',(1.360043076354E0,1.9E1,-8.578235150500E-1));
#8305=LINE('',#8304,#8303);
#8306=CURVE_STYLE('',#26,POSITIVE_LENGTH_MEASURE(2.E-2),#15);
#8307=PRESENTATION_STYLE_ASSIGNMENT((#8306));
#8308=STYLED_ITEM('',(#8307),#8305);
#8309=DIRECTION('',(0.E0,1.E0,0.E0));
#8310=VECTOR('',#8309,1.E-2);
#8311=CARTESIAN_POINT('',(1.360043076354E0,1.9E1,-2.489073468111E0));
#8312=LINE('',#8311,#8310);
#8313=CURVE_STYLE('',#26,POSITIVE_LENGTH_MEASURE(2.E-2),#15);
#8314=PRESENTATION_STYLE_ASSIGNMENT((#8313));
#8315=STYLED_ITEM('',(#8314),#8312);
#8316=DIRECTION('',(1.110223024625E-14,1.E0,0.E0));
#8317=VECTOR('',#8316,1.E-2);
#8318=CARTESIAN_POINT('',(4.408940888219E-1,1.9E1,-2.489073468111E0));
#8319=LINE('',#8318,#8317);
#8320=CURVE_STYLE('',#26,POSITIVE_LENGTH_MEASURE(2.E-2),#15);
#8321=PRESENTATION_STYLE_ASSIGNMENT((#8320));
#8322=STYLED_ITEM('',(#8321),#8319);
#8323=DIRECTION('',(0.E0,1.E0,0.E0));
#8324=VECTOR('',#8323,1.E-2);
#8325=CARTESIAN_POINT('',(6.132344938092E-1,1.9E1,-2.207823474817E0));
#8326=LINE('',#8325,#8324);
#8327=CURVE_STYLE('',#26,POSITIVE_LENGTH_MEASURE(2.E-2),#15);
#8328=PRESENTATION_STYLE_ASSIGNMENT((#8327));
#8329=STYLED_ITEM('',(#8328),#8326);
#8330=DIRECTION('',(0.E0,1.E0,0.E0));
#8331=VECTOR('',#8330,1.E-2);
#8332=CARTESIAN_POINT('',(6.706812954717E-1,1.9E1,-1.926573461406E0));
#8333=LINE('',#8332,#8331);
#8334=CURVE_STYLE('',#26,POSITIVE_LENGTH_MEASURE(2.E-2),#15);
#8335=PRESENTATION_STYLE_ASSIGNMENT((#8334));
#8336=STYLED_ITEM('',(#8335),#8333);
#8337=DIRECTION('',(0.E0,1.E0,0.E0));
#8338=VECTOR('',#8337,1.E-2);
#8339=CARTESIAN_POINT('',(6.706812954717E-1,1.9E1,-1.589073461406E0));
#8340=LINE('',#8339,#8338);
#8341=CURVE_STYLE('',#26,POSITIVE_LENGTH_MEASURE(2.E-2),#15);
#8342=PRESENTATION_STYLE_ASSIGNMENT((#8341));
#8343=STYLED_ITEM('',(#8342),#8340);
#8344=DIRECTION('',(0.E0,1.E0,2.220446049250E-14));
#8345=VECTOR('',#8344,1.E-2);
#8346=CARTESIAN_POINT('',(6.132344938092E-1,1.9E1,-1.307823407762E0));
#8347=LINE('',#8346,#8345);
#8348=CURVE_STYLE('',#26,POSITIVE_LENGTH_MEASURE(2.E-2),#15);
#8349=PRESENTATION_STYLE_ASSIGNMENT((#8348));
#8350=STYLED_ITEM('',(#8349),#8347);
#8351=DIRECTION('',(0.E0,1.E0,0.E0));
#8352=VECTOR('',#8351,1.E-2);
#8353=CARTESIAN_POINT('',(4.408940888219E-1,1.9E1,-1.026573515050E0));
#8354=LINE('',#8353,#8352);
#8355=CURVE_STYLE('',#26,POSITIVE_LENGTH_MEASURE(2.E-2),#15);
#8356=PRESENTATION_STYLE_ASSIGNMENT((#8355));
#8357=STYLED_ITEM('',(#8356),#8354);
#8358=DIRECTION('',(0.E0,1.E0,0.E0));
#8359=VECTOR('',#8358,1.E-2);
#8360=CARTESIAN_POINT('',(2.111068821721E-1,1.9E1,-8.578235150500E-1));
#8361=LINE('',#8360,#8359);
#8362=CURVE_STYLE('',#26,POSITIVE_LENGTH_MEASURE(2.E-2),#15);
#8363=PRESENTATION_STYLE_ASSIGNMENT((#8362));
#8364=STYLED_ITEM('',(#8363),#8361);
#8365=DIRECTION('',(0.E0,1.E0,0.E0));
#8366=VECTOR('',#8365,1.E-2);
#8367=CARTESIAN_POINT('',(-7.612720660636E-2,1.9E1,-7.453234614058E-1));
#8368=LINE('',#8367,#8366);
#8369=CURVE_STYLE('',#26,POSITIVE_LENGTH_MEASURE(2.E-2),#15);
#8370=PRESENTATION_STYLE_ASSIGNMENT((#8369));
#8371=STYLED_ITEM('',(#8370),#8368);
#8372=DIRECTION('',(0.E0,1.E0,0.E0));
#8373=VECTOR('',#8372,1.E-2);
#8374=CARTESIAN_POINT('',(-3.059144132561E-1,1.9E1,-7.453234614058E-1));
#8375=LINE('',#8374,#8373);
#8376=CURVE_STYLE('',#26,POSITIVE_LENGTH_MEASURE(2.E-2),#15);
#8377=PRESENTATION_STYLE_ASSIGNMENT((#8376));
#8378=STYLED_ITEM('',(#8377),#8375);
#8379=DIRECTION('',(0.E0,1.E0,0.E0));
#8380=VECTOR('',#8379,1.E-2);
#8381=CARTESIAN_POINT('',(-5.931484618015E-1,1.9E1,-8.578235150500E-1));
#8382=LINE('',#8381,#8380);
#8383=CURVE_STYLE('',#26,POSITIVE_LENGTH_MEASURE(2.E-2),#15);
#8384=PRESENTATION_STYLE_ASSIGNMENT((#8383));
#8385=STYLED_ITEM('',(#8384),#8382);
#8386=DIRECTION('',(-3.330669073875E-14,1.E0,0.E0));
#8387=VECTOR('',#8386,1.E-2);
#8388=CARTESIAN_POINT('',(-8.229356885679E-1,1.9E1,-1.026573515050E0));
#8389=LINE('',#8388,#8387);
#8390=CURVE_STYLE('',#26,POSITIVE_LENGTH_MEASURE(2.E-2),#15);
#8391=PRESENTATION_STYLE_ASSIGNMENT((#8390));
#8392=STYLED_ITEM('',(#8391),#8389);
#8393=DIRECTION('',(0.E0,1.E0,2.220446049250E-14));
#8394=VECTOR('',#8393,1.E-2);
#8395=CARTESIAN_POINT('',(-9.952761086426E-1,1.9E1,-1.307823407762E0));
#8396=LINE('',#8395,#8394);
#8397=CURVE_STYLE('',#26,POSITIVE_LENGTH_MEASURE(2.E-2),#15);
#8398=PRESENTATION_STYLE_ASSIGNMENT((#8397));
#8399=STYLED_ITEM('',(#8398),#8396);
#8400=DIRECTION('',(0.E0,1.E0,0.E0));
#8401=VECTOR('',#8400,1.E-2);
#8402=CARTESIAN_POINT('',(-1.052722915334E0,1.9E1,-1.589073461406E0));
#8403=LINE('',#8402,#8401);
#8404=CURVE_STYLE('',#26,POSITIVE_LENGTH_MEASURE(2.E-2),#15);
#8405=PRESENTATION_STYLE_ASSIGNMENT((#8404));
#8406=STYLED_ITEM('',(#8405),#8403);
#8407=DIRECTION('',(0.E0,1.E0,0.E0));
#8408=VECTOR('',#8407,1.E-2);
#8409=CARTESIAN_POINT('',(-1.052722915334E0,1.9E1,-1.926573461406E0));
#8410=LINE('',#8409,#8408);
#8411=CURVE_STYLE('',#26,POSITIVE_LENGTH_MEASURE(2.E-2),#15);
#8412=PRESENTATION_STYLE_ASSIGNMENT((#8411));
#8413=STYLED_ITEM('',(#8412),#8410);
#8414=DIRECTION('',(-3.330669073875E-14,1.E0,0.E0));
#8415=VECTOR('',#8414,1.E-2);
#8416=CARTESIAN_POINT('',(-9.952761086426E-1,1.9E1,-2.207823474817E0));
#8417=LINE('',#8416,#8415);
#8418=CURVE_STYLE('',#26,POSITIVE_LENGTH_MEASURE(2.E-2),#15);
#8419=PRESENTATION_STYLE_ASSIGNMENT((#8418));
#8420=STYLED_ITEM('',(#8419),#8417);
#8421=DIRECTION('',(-3.330669073875E-14,1.E0,0.E0));
#8422=VECTOR('',#8421,1.E-2);
#8423=CARTESIAN_POINT('',(-8.229356885679E-1,1.9E1,-2.489073468111E0));
#8424=LINE('',#8423,#8422);
#8425=CURVE_STYLE('',#26,POSITIVE_LENGTH_MEASURE(2.E-2),#15);
#8426=PRESENTATION_STYLE_ASSIGNMENT((#8425));
#8427=STYLED_ITEM('',(#8426),#8424);
#8428=DIRECTION('',(0.E0,1.E0,0.E0));
#8429=VECTOR('',#8428,1.E-2);
#8430=CARTESIAN_POINT('',(-5.931484618015E-1,1.9E1,-2.657823458053E0));
#8431=LINE('',#8430,#8429);
#8432=CURVE_STYLE('',#26,POSITIVE_LENGTH_MEASURE(2.E-2),#15);
#8433=PRESENTATION_STYLE_ASSIGNMENT((#8432));
#8434=STYLED_ITEM('',(#8433),#8431);
#8435=DIRECTION('',(0.E0,1.E0,8.881784197E-14));
#8436=VECTOR('',#8435,1.E-2);
#8437=CARTESIAN_POINT('',(-3.633612149186E-1,1.9E1,-2.770323461406E0));
#8438=LINE('',#8437,#8436);
#8439=CURVE_STYLE('',#26,POSITIVE_LENGTH_MEASURE(2.E-2),#15);
#8440=PRESENTATION_STYLE_ASSIGNMENT((#8439));
#8441=STYLED_ITEM('',(#8440),#8438);
#8442=DIRECTION('',(0.E0,1.E0,0.E0));
#8443=VECTOR('',#8442,1.E-2);
#8444=CARTESIAN_POINT('',(-3.633612149186E-1,1.9E1,-2.432823461406E0));
#8445=LINE('',#8444,#8443);
#8446=CURVE_STYLE('',#26,POSITIVE_LENGTH_MEASURE(2.E-2),#15);
#8447=PRESENTATION_STYLE_ASSIGNMENT((#8446));
#8448=STYLED_ITEM('',(#8447),#8445);
#8449=DIRECTION('',(0.E0,1.E0,0.E0));
#8450=VECTOR('',#8449,1.E-2);
#8451=CARTESIAN_POINT('',(-5.931484618015E-1,1.9E1,-2.320323447995E0));
#8452=LINE('',#8451,#8450);
#8453=CURVE_STYLE('',#26,POSITIVE_LENGTH_MEASURE(2.E-2),#15);
#8454=PRESENTATION_STYLE_ASSIGNMENT((#8453));
#8455=STYLED_ITEM('',(#8454),#8452);
#8456=DIRECTION('',(0.E0,1.E0,0.E0));
#8457=VECTOR('',#8456,1.E-2);
#8458=CARTESIAN_POINT('',(-7.080420651264E-1,1.9E1,-2.151573447995E0));
#8459=LINE('',#8458,#8457);
#8460=CURVE_STYLE('',#26,POSITIVE_LENGTH_MEASURE(2.E-2),#15);
#8461=PRESENTATION_STYLE_ASSIGNMENT((#8460));
#8462=STYLED_ITEM('',(#8461),#8459);
#8463=DIRECTION('',(0.E0,1.E0,0.E0));
#8464=VECTOR('',#8463,1.E-2);
#8465=CARTESIAN_POINT('',(-7.654888667888E-1,1.9E1,-1.926573461406E0));
#8466=LINE('',#8465,#8464);
#8467=CURVE_STYLE('',#26,POSITIVE_LENGTH_MEASURE(2.E-2),#15);
#8468=PRESENTATION_STYLE_ASSIGNMENT((#8467));
#8469=STYLED_ITEM('',(#8468),#8466);
#8470=DIRECTION('',(0.E0,1.E0,0.E0));
#8471=VECTOR('',#8470,1.E-2);
#8472=CARTESIAN_POINT('',(-7.654888667888E-1,1.9E1,-1.589073461406E0));
#8473=LINE('',#8472,#8471);
#8474=CURVE_STYLE('',#26,POSITIVE_LENGTH_MEASURE(2.E-2),#15);
#8475=PRESENTATION_STYLE_ASSIGNMENT((#8474));
#8476=STYLED_ITEM('',(#8475),#8473);
#8477=DIRECTION('',(0.E0,1.E0,0.E0));
#8478=VECTOR('',#8477,1.E-2);
#8479=CARTESIAN_POINT('',(-7.080420651264E-1,1.9E1,-1.364073515050E0));
#8480=LINE('',#8479,#8478);
#8481=CURVE_STYLE('',#26,POSITIVE_LENGTH_MEASURE(2.E-2),#15);
#8482=PRESENTATION_STYLE_ASSIGNMENT((#8481));
#8483=STYLED_ITEM('',(#8482),#8480);
#8484=DIRECTION('',(0.E0,1.E0,0.E0));
#8485=VECTOR('',#8484,1.E-2);
#8486=CARTESIAN_POINT('',(-5.931484618015E-1,1.9E1,-1.195323515050E0));
#8487=LINE('',#8486,#8485);
#8488=CURVE_STYLE('',#26,POSITIVE_LENGTH_MEASURE(2.E-2),#15);
#8489=PRESENTATION_STYLE_ASSIGNMENT((#8488));
#8490=STYLED_ITEM('',(#8489),#8487);
#8491=DIRECTION('',(0.E0,1.E0,0.E0));
#8492=VECTOR('',#8491,1.E-2);
#8493=CARTESIAN_POINT('',(-4.208080165810E-1,1.9E1,-1.082823461406E0));
#8494=LINE('',#8493,#8492);
#8495=CURVE_STYLE('',#26,POSITIVE_LENGTH_MEASURE(2.E-2),#15);
#8496=PRESENTATION_STYLE_ASSIGNMENT((#8495));
#8497=STYLED_ITEM('',(#8496),#8494);
#8498=DIRECTION('',(0.E0,1.E0,0.E0));
#8499=VECTOR('',#8498,1.E-2);
#8500=CARTESIAN_POINT('',(-2.484676115937E-1,1.9E1,-1.026573515050E0));
#8501=LINE('',#8500,#8499);
#8502=CURVE_STYLE('',#26,POSITIVE_LENGTH_MEASURE(2.E-2),#15);
#8503=PRESENTATION_STYLE_ASSIGNMENT((#8502));
#8504=STYLED_ITEM('',(#8503),#8501);
#8505=DIRECTION('',(0.E0,1.E0,0.E0));
#8506=VECTOR('',#8505,1.E-2);
#8507=CARTESIAN_POINT('',(-1.335740082688E-1,1.9E1,-1.026573515050E0));
#8508=LINE('',#8507,#8506);
#8509=CURVE_STYLE('',#26,POSITIVE_LENGTH_MEASURE(2.E-2),#15);
#8510=PRESENTATION_STYLE_ASSIGNMENT((#8509));
#8511=STYLED_ITEM('',(#8510),#8508);
#8512=DIRECTION('',(1.318389841742E-14,1.E0,-2.220446049250E-14));
#8513=VECTOR('',#8512,1.E-2);
#8514=CARTESIAN_POINT('',(3.876647718480E-2,1.9E1,-1.082823461406E0));
#8515=LINE('',#8514,#8513);
#8516=CURVE_STYLE('',#26,POSITIVE_LENGTH_MEASURE(2.E-2),#15);
#8517=PRESENTATION_STYLE_ASSIGNMENT((#8516));
#8518=STYLED_ITEM('',(#8517),#8515);
#8519=DIRECTION('',(0.E0,1.E0,0.E0));
#8520=VECTOR('',#8519,1.E-2);
#8521=CARTESIAN_POINT('',(2.111068821721E-1,1.9E1,-1.195323515050E0));
#8522=LINE('',#8521,#8520);
#8523=CURVE_STYLE('',#26,POSITIVE_LENGTH_MEASURE(2.E-2),#15);
#8524=PRESENTATION_STYLE_ASSIGNMENT((#8523));
#8525=STYLED_ITEM('',(#8524),#8522);
#8526=DIRECTION('',(0.E0,1.E0,0.E0));
#8527=VECTOR('',#8526,1.E-2);
#8528=CARTESIAN_POINT('',(3.260004854970E-1,1.9E1,-1.364073515050E0));
#8529=LINE('',#8528,#8527);
#8530=CURVE_STYLE('',#26,POSITIVE_LENGTH_MEASURE(2.E-2),#15);
#8531=PRESENTATION_STYLE_ASSIGNMENT((#8530));
#8532=STYLED_ITEM('',(#8531),#8529);
#8533=DIRECTION('',(0.E0,1.E0,0.E0));
#8534=VECTOR('',#8533,1.E-2);
#8535=CARTESIAN_POINT('',(3.834472871595E-1,1.9E1,-1.589073461406E0));
#8536=LINE('',#8535,#8534);
#8537=CURVE_STYLE('',#26,POSITIVE_LENGTH_MEASURE(2.E-2),#15);
#8538=PRESENTATION_STYLE_ASSIGNMENT((#8537));
#8539=STYLED_ITEM('',(#8538),#8536);
#8540=DIRECTION('',(0.E0,1.E0,0.E0));
#8541=VECTOR('',#8540,1.E-2);
#8542=CARTESIAN_POINT('',(3.834472871595E-1,1.9E1,-1.926573461406E0));
#8543=LINE('',#8542,#8541);
#8544=CURVE_STYLE('',#26,POSITIVE_LENGTH_MEASURE(2.E-2),#15);
#8545=PRESENTATION_STYLE_ASSIGNMENT((#8544));
#8546=STYLED_ITEM('',(#8545),#8543);
#8547=DIRECTION('',(0.E0,1.E0,0.E0));
#8548=VECTOR('',#8547,1.E-2);
#8549=CARTESIAN_POINT('',(3.260004854970E-1,1.9E1,-2.151573447995E0));
#8550=LINE('',#8549,#8548);
#8551=CURVE_STYLE('',#26,POSITIVE_LENGTH_MEASURE(2.E-2),#15);
#8552=PRESENTATION_STYLE_ASSIGNMENT((#8551));
#8553=STYLED_ITEM('',(#8552),#8550);
#8554=DIRECTION('',(0.E0,1.E0,0.E0));
#8555=VECTOR('',#8554,1.E-2);
#8556=CARTESIAN_POINT('',(5.557876921468E-1,1.9E1,-2.953234077616E-1));
#8557=LINE('',#8556,#8555);
#8558=CURVE_STYLE('',#26,POSITIVE_LENGTH_MEASURE(2.E-2),#15);
#8559=PRESENTATION_STYLE_ASSIGNMENT((#8558));
#8560=STYLED_ITEM('',(#8559),#8557);
#8561=DIRECTION('',(0.E0,1.E0,0.E0));
#8562=VECTOR('',#8561,1.E-2);
#8563=CARTESIAN_POINT('',(8.430217004590E-1,1.9E1,-2.390734614058E-1));
#8564=LINE('',#8563,#8562);
#8565=CURVE_STYLE('',#26,POSITIVE_LENGTH_MEASURE(2.E-2),#15);
#8566=PRESENTATION_STYLE_ASSIGNMENT((#8565));
#8567=STYLED_ITEM('',(#8566),#8564);
#8568=DIRECTION('',(0.E0,1.E0,0.E0));
#8569=VECTOR('',#8568,1.E-2);
#8570=CARTESIAN_POINT('',(1.015362266379E0,1.9E1,-1.828235150500E-1));
#8571=LINE('',#8570,#8569);
#8572=CURVE_STYLE('',#26,POSITIVE_LENGTH_MEASURE(2.E-2),#15);
#8573=PRESENTATION_STYLE_ASSIGNMENT((#8572));
#8574=STYLED_ITEM('',(#8573),#8571);
#8575=DIRECTION('',(0.E0,1.E0,0.E0));
#8576=VECTOR('',#8575,1.E-2);
#8577=CARTESIAN_POINT('',(1.245149473029E0,1.9E1,-7.032346140580E-2));
#8578=LINE('',#8577,#8576);
#8579=CURVE_STYLE('',#26,POSITIVE_LENGTH_MEASURE(2.E-2),#15);
#8580=PRESENTATION_STYLE_ASSIGNMENT((#8579));
#8581=STYLED_ITEM('',(#8580),#8578);
#8582=DIRECTION('',(0.E0,1.E0,0.E0));
#8583=VECTOR('',#8582,1.E-2);
#8584=CARTESIAN_POINT('',(1.417489878016E0,1.9E1,9.842653859420E-2));
#8585=LINE('',#8584,#8583);
#8586=CURVE_STYLE('',#26,POSITIVE_LENGTH_MEASURE(2.E-2),#15);
#8587=PRESENTATION_STYLE_ASSIGNMENT((#8586));
#8588=STYLED_ITEM('',(#8587),#8585);
#8589=DIRECTION('',(0.E0,1.E0,0.E0));
#8590=VECTOR('',#8589,1.E-2);
#8591=CARTESIAN_POINT('',(1.589830283003E0,1.9E1,3.796764313058E-1));
#8592=LINE('',#8591,#8590);
#8593=CURVE_STYLE('',#26,POSITIVE_LENGTH_MEASURE(2.E-2),#15);
#8594=PRESENTATION_STYLE_ASSIGNMENT((#8593));
#8595=STYLED_ITEM('',(#8594),#8592);
#8596=DIRECTION('',(0.E0,1.E0,0.E0));
#8597=VECTOR('',#8596,1.E-2);
#8598=CARTESIAN_POINT('',(1.647277084666E0,1.9E1,7.171764313058E-1));
#8599=LINE('',#8598,#8597);
#8600=CURVE_STYLE('',#26,POSITIVE_LENGTH_MEASURE(2.E-2),#15);
#8601=PRESENTATION_STYLE_ASSIGNMENT((#8600));
#8602=STYLED_ITEM('',(#8601),#8599);
#8603=DIRECTION('',(0.E0,1.E0,0.E0));
#8604=VECTOR('',#8603,1.E-2);
#8605=CARTESIAN_POINT('',(1.589830283003E0,1.9E1,1.054676431306E0));
#8606=LINE('',#8605,#8604);
#8607=CURVE_STYLE('',#26,POSITIVE_LENGTH_MEASURE(2.E-2),#15);
#8608=PRESENTATION_STYLE_ASSIGNMENT((#8607));
#8609=STYLED_ITEM('',(#8608),#8606);
#8610=DIRECTION('',(0.E0,1.E0,0.E0));
#8611=VECTOR('',#8610,1.E-2);
#8612=CARTESIAN_POINT('',(1.417489878016E0,1.9E1,1.335926645883E0));
#8613=LINE('',#8612,#8611);
#8614=CURVE_STYLE('',#26,POSITIVE_LENGTH_MEASURE(2.E-2),#15);
#8615=PRESENTATION_STYLE_ASSIGNMENT((#8614));
#8616=STYLED_ITEM('',(#8615),#8613);
#8617=DIRECTION('',(-2.220446049250E-14,1.E0,2.220446049250E-14));
#8618=VECTOR('',#8617,1.E-2);
#8619=CARTESIAN_POINT('',(1.245149473029E0,1.9E1,1.504676645883E0));
#8620=LINE('',#8619,#8618);
#8621=CURVE_STYLE('',#26,POSITIVE_LENGTH_MEASURE(2.E-2),#15);
#8622=PRESENTATION_STYLE_ASSIGNMENT((#8621));
#8623=STYLED_ITEM('',(#8622),#8620);
#8624=DIRECTION('',(0.E0,1.E0,0.E0));
#8625=VECTOR('',#8624,1.E-2);
#8626=CARTESIAN_POINT('',(1.015362266379E0,1.9E1,1.617176538594E0));
#8627=LINE('',#8626,#8625);
#8628=CURVE_STYLE('',#26,POSITIVE_LENGTH_MEASURE(2.E-2),#15);
#8629=PRESENTATION_STYLE_ASSIGNMENT((#8628));
#8630=STYLED_ITEM('',(#8629),#8627);
#8631=DIRECTION('',(-1.110223024625E-14,1.E0,0.E0));
#8632=VECTOR('',#8631,1.E-2);
#8633=CARTESIAN_POINT('',(8.430217004590E-1,1.9E1,1.673426645883E0));
#8634=LINE('',#8633,#8632);
#8635=CURVE_STYLE('',#26,POSITIVE_LENGTH_MEASURE(2.E-2),#15);
#8636=PRESENTATION_STYLE_ASSIGNMENT((#8635));
#8637=STYLED_ITEM('',(#8636),#8634);
#8638=DIRECTION('',(0.E0,1.E0,0.E0));
#8639=VECTOR('',#8638,1.E-2);
#8640=CARTESIAN_POINT('',(5.557876921468E-1,1.9E1,1.729676431306E0));
#8641=LINE('',#8640,#8639);
#8642=CURVE_STYLE('',#26,POSITIVE_LENGTH_MEASURE(2.E-2),#15);
#8643=PRESENTATION_STYLE_ASSIGNMENT((#8642));
#8644=STYLED_ITEM('',(#8643),#8641);
#8645=DIRECTION('',(0.E0,1.E0,0.E0));
#8646=VECTOR('',#8645,1.E-2);
#8647=CARTESIAN_POINT('',(3.876647718480E-2,1.9E1,1.729676431306E0));
#8648=LINE('',#8647,#8646);
#8649=CURVE_STYLE('',#26,POSITIVE_LENGTH_MEASURE(2.E-2),#15);
#8650=PRESENTATION_STYLE_ASSIGNMENT((#8649));
#8651=STYLED_ITEM('',(#8650),#8648);
#8652=DIRECTION('',(0.E0,1.E0,0.E0));
#8653=VECTOR('',#8652,1.E-2);
#8654=CARTESIAN_POINT('',(-2.484676115937E-1,1.9E1,1.673426645883E0));
#8655=LINE('',#8654,#8653);
#8656=CURVE_STYLE('',#26,POSITIVE_LENGTH_MEASURE(2.E-2),#15);
#8657=PRESENTATION_STYLE_ASSIGNMENT((#8656));
#8658=STYLED_ITEM('',(#8657),#8655);
#8659=DIRECTION('',(-1.665334536937E-14,1.E0,0.E0));
#8660=VECTOR('',#8659,1.E-2);
#8661=CARTESIAN_POINT('',(-4.208080165810E-1,1.9E1,1.617176538594E0));
#8662=LINE('',#8661,#8660);
#8663=CURVE_STYLE('',#26,POSITIVE_LENGTH_MEASURE(2.E-2),#15);
#8664=PRESENTATION_STYLE_ASSIGNMENT((#8663));
#8665=STYLED_ITEM('',(#8664),#8662);
#8666=DIRECTION('',(-2.220446049250E-14,1.E0,0.E0));
#8667=VECTOR('',#8666,1.E-2);
#8668=CARTESIAN_POINT('',(-6.505952634639E-1,1.9E1,1.504676645883E0));
#8669=LINE('',#8668,#8667);
#8670=CURVE_STYLE('',#26,POSITIVE_LENGTH_MEASURE(2.E-2),#15);
#8671=PRESENTATION_STYLE_ASSIGNMENT((#8670));
#8672=STYLED_ITEM('',(#8671),#8669);
#8673=DIRECTION('',(0.E0,1.E0,0.E0));
#8674=VECTOR('',#8673,1.E-2);
#8675=CARTESIAN_POINT('',(-8.229356885679E-1,1.9E1,1.335926645883E0));
#8676=LINE('',#8675,#8674);
#8677=CURVE_STYLE('',#26,POSITIVE_LENGTH_MEASURE(2.E-2),#15);
#8678=PRESENTATION_STYLE_ASSIGNMENT((#8677));
#8679=STYLED_ITEM('',(#8678),#8676);
#8680=DIRECTION('',(0.E0,1.E0,0.E0));
#8681=VECTOR('',#8680,1.E-2);
#8682=CARTESIAN_POINT('',(-9.952761086426E-1,1.9E1,1.054676431306E0));
#8683=LINE('',#8682,#8681);
#8684=CURVE_STYLE('',#26,POSITIVE_LENGTH_MEASURE(2.E-2),#15);
#8685=PRESENTATION_STYLE_ASSIGNMENT((#8684));
#8686=STYLED_ITEM('',(#8685),#8683);
#8687=DIRECTION('',(0.E0,1.E0,0.E0));
#8688=VECTOR('',#8687,1.E-2);
#8689=CARTESIAN_POINT('',(-1.052722915334E0,1.9E1,7.171764313058E-1));
#8690=LINE('',#8689,#8688);
#8691=CURVE_STYLE('',#26,POSITIVE_LENGTH_MEASURE(2.E-2),#15);
#8692=PRESENTATION_STYLE_ASSIGNMENT((#8691));
#8693=STYLED_ITEM('',(#8692),#8690);
#8694=DIRECTION('',(0.E0,1.E0,0.E0));
#8695=VECTOR('',#8694,1.E-2);
#8696=CARTESIAN_POINT('',(-9.952761086426E-1,1.9E1,3.796764313058E-1));
#8697=LINE('',#8696,#8695);
#8698=CURVE_STYLE('',#26,POSITIVE_LENGTH_MEASURE(2.E-2),#15);
#8699=PRESENTATION_STYLE_ASSIGNMENT((#8698));
#8700=STYLED_ITEM('',(#8699),#8697);
#8701=DIRECTION('',(0.E0,1.E0,0.E0));
#8702=VECTOR('',#8701,1.E-2);
#8703=CARTESIAN_POINT('',(-8.229356885679E-1,1.9E1,9.842653859420E-2));
#8704=LINE('',#8703,#8702);
#8705=CURVE_STYLE('',#26,POSITIVE_LENGTH_MEASURE(2.E-2),#15);
#8706=PRESENTATION_STYLE_ASSIGNMENT((#8705));
#8707=STYLED_ITEM('',(#8706),#8704);
#8708=DIRECTION('',(0.E0,1.E0,0.E0));
#8709=VECTOR('',#8708,1.E-2);
#8710=CARTESIAN_POINT('',(-6.505952634639E-1,1.9E1,-7.032346140580E-2));
#8711=LINE('',#8710,#8709);
#8712=CURVE_STYLE('',#26,POSITIVE_LENGTH_MEASURE(2.E-2),#15);
#8713=PRESENTATION_STYLE_ASSIGNMENT((#8712));
#8714=STYLED_ITEM('',(#8713),#8711);
#8715=DIRECTION('',(0.E0,1.E0,0.E0));
#8716=VECTOR('',#8715,1.E-2);
#8717=CARTESIAN_POINT('',(-4.208080165810E-1,1.9E1,-1.828235150500E-1));
#8718=LINE('',#8717,#8716);
#8719=CURVE_STYLE('',#26,POSITIVE_LENGTH_MEASURE(2.E-2),#15);
#8720=PRESENTATION_STYLE_ASSIGNMENT((#8719));
#8721=STYLED_ITEM('',(#8720),#8718);
#8722=DIRECTION('',(0.E0,1.E0,0.E0));
#8723=VECTOR('',#8722,1.E-2);
#8724=CARTESIAN_POINT('',(-2.484676115937E-1,1.9E1,-2.390734614058E-1));
#8725=LINE('',#8724,#8723);
#8726=CURVE_STYLE('',#26,POSITIVE_LENGTH_MEASURE(2.E-2),#15);
#8727=PRESENTATION_STYLE_ASSIGNMENT((#8726));
#8728=STYLED_ITEM('',(#8727),#8725);
#8729=DIRECTION('',(0.E0,1.E0,0.E0));
#8730=VECTOR('',#8729,1.E-2);
#8731=CARTESIAN_POINT('',(3.876647718480E-2,1.9E1,-2.953234077616E-1));
#8732=LINE('',#8731,#8730);
#8733=CURVE_STYLE('',#26,POSITIVE_LENGTH_MEASURE(2.E-2),#15);
#8734=PRESENTATION_STYLE_ASSIGNMENT((#8733));
#8735=STYLED_ITEM('',(#8734),#8732);
#8736=DIRECTION('',(0.E0,1.E0,0.E0));
#8737=VECTOR('',#8736,1.E-2);
#8738=CARTESIAN_POINT('',(4.983408904844E-1,1.9E1,-1.407335411744E-2));
#8739=LINE('',#8738,#8737);
#8740=CURVE_STYLE('',#26,POSITIVE_LENGTH_MEASURE(2.E-2),#15);
#8741=PRESENTATION_STYLE_ASSIGNMENT((#8740));
#8742=STYLED_ITEM('',(#8741),#8739);
#8743=DIRECTION('',(0.E0,1.E0,0.E0));
#8744=VECTOR('',#8743,1.E-2);
#8745=CARTESIAN_POINT('',(9.621327884724E-2,1.9E1,-1.407335411744E-2));
#8746=LINE('',#8745,#8744);
#8747=CURVE_STYLE('',#26,POSITIVE_LENGTH_MEASURE(2.E-2),#15);
#8748=PRESENTATION_STYLE_ASSIGNMENT((#8747));
#8749=STYLED_ITEM('',(#8748),#8746);
#8750=DIRECTION('',(0.E0,1.E0,0.E0));
#8751=VECTOR('',#8750,1.E-2);
#8752=CARTESIAN_POINT('',(-2.484676115937E-1,1.9E1,4.217643130584E-2));
#8753=LINE('',#8752,#8751);
#8754=CURVE_STYLE('',#26,POSITIVE_LENGTH_MEASURE(2.E-2),#15);
#8755=PRESENTATION_STYLE_ASSIGNMENT((#8754));
#8756=STYLED_ITEM('',(#8755),#8753);
#8757=DIRECTION('',(0.E0,1.E0,0.E0));
#8758=VECTOR('',#8757,1.E-2);
#8759=CARTESIAN_POINT('',(-5.931484618015E-1,1.9E1,2.671765385942E-1));
#8760=LINE('',#8759,#8758);
#8761=CURVE_STYLE('',#26,POSITIVE_LENGTH_MEASURE(2.E-2),#15);
#8762=PRESENTATION_STYLE_ASSIGNMENT((#8761));
#8763=STYLED_ITEM('',(#8762),#8760);
#8764=DIRECTION('',(0.E0,1.E0,1.110223024625E-14));
#8765=VECTOR('',#8764,1.E-2);
#8766=CARTESIAN_POINT('',(-7.080420651264E-1,1.9E1,4.359265385942E-1));
#8767=LINE('',#8766,#8765);
#8768=CURVE_STYLE('',#26,POSITIVE_LENGTH_MEASURE(2.E-2),#15);
#8769=PRESENTATION_STYLE_ASSIGNMENT((#8768));
#8770=STYLED_ITEM('',(#8769),#8767);
#8771=DIRECTION('',(0.E0,1.E0,0.E0));
#8772=VECTOR('',#8771,1.E-2);
#8773=CARTESIAN_POINT('',(-7.654888667888E-1,1.9E1,7.171764313058E-1));
#8774=LINE('',#8773,#8772);
#8775=CURVE_STYLE('',#26,POSITIVE_LENGTH_MEASURE(2.E-2),#15);
#8776=PRESENTATION_STYLE_ASSIGNMENT((#8775));
#8777=STYLED_ITEM('',(#8776),#8774);
#8778=DIRECTION('',(0.E0,1.E0,0.E0));
#8779=VECTOR('',#8778,1.E-2);
#8780=CARTESIAN_POINT('',(-7.080420651264E-1,1.9E1,9.984266458826E-1));
#8781=LINE('',#8780,#8779);
#8782=CURVE_STYLE('',#26,POSITIVE_LENGTH_MEASURE(2.E-2),#15);
#8783=PRESENTATION_STYLE_ASSIGNMENT((#8782));
#8784=STYLED_ITEM('',(#8783),#8781);
#8785=DIRECTION('',(0.E0,1.E0,0.E0));
#8786=VECTOR('',#8785,1.E-2);
#8787=CARTESIAN_POINT('',(-5.931484618015E-1,1.9E1,1.167176645883E0));
#8788=LINE('',#8787,#8786);
#8789=CURVE_STYLE('',#26,POSITIVE_LENGTH_MEASURE(2.E-2),#15);
#8790=PRESENTATION_STYLE_ASSIGNMENT((#8789));
#8791=STYLED_ITEM('',(#8790),#8788);
#8792=DIRECTION('',(0.E0,1.E0,0.E0));
#8793=VECTOR('',#8792,1.E-2);
#8794=CARTESIAN_POINT('',(-2.484676115937E-1,1.9E1,1.392176431306E0));
#8795=LINE('',#8794,#8793);
#8796=CURVE_STYLE('',#26,POSITIVE_LENGTH_MEASURE(2.E-2),#15);
#8797=PRESENTATION_STYLE_ASSIGNMENT((#8796));
#8798=STYLED_ITEM('',(#8797),#8795);
#8799=DIRECTION('',(0.E0,1.E0,0.E0));
#8800=VECTOR('',#8799,1.E-2);
#8801=CARTESIAN_POINT('',(9.621327884724E-2,1.9E1,1.448426538594E0));
#8802=LINE('',#8801,#8800);
#8803=CURVE_STYLE('',#26,POSITIVE_LENGTH_MEASURE(2.E-2),#15);
#8804=PRESENTATION_STYLE_ASSIGNMENT((#8803));
#8805=STYLED_ITEM('',(#8804),#8802);
#8806=DIRECTION('',(0.E0,1.E0,0.E0));
#8807=VECTOR('',#8806,1.E-2);
#8808=CARTESIAN_POINT('',(4.983408904844E-1,1.9E1,1.448426538594E0));
#8809=LINE('',#8808,#8807);
#8810=CURVE_STYLE('',#26,POSITIVE_LENGTH_MEASURE(2.E-2),#15);
#8811=PRESENTATION_STYLE_ASSIGNMENT((#8810));
#8812=STYLED_ITEM('',(#8811),#8809);
#8813=DIRECTION('',(0.E0,1.E0,0.E0));
#8814=VECTOR('',#8813,1.E-2);
#8815=CARTESIAN_POINT('',(8.430217004590E-1,1.9E1,1.392176431306E0));
#8816=LINE('',#8815,#8814);
#8817=CURVE_STYLE('',#26,POSITIVE_LENGTH_MEASURE(2.E-2),#15);
#8818=PRESENTATION_STYLE_ASSIGNMENT((#8817));
#8819=STYLED_ITEM('',(#8818),#8816);
#8820=DIRECTION('',(0.E0,1.E0,0.E0));
#8821=VECTOR('',#8820,1.E-2);
#8822=CARTESIAN_POINT('',(1.187702671366E0,1.9E1,1.167176645883E0));
#8823=LINE('',#8822,#8821);
#8824=CURVE_STYLE('',#26,POSITIVE_LENGTH_MEASURE(2.E-2),#15);
#8825=PRESENTATION_STYLE_ASSIGNMENT((#8824));
#8826=STYLED_ITEM('',(#8825),#8823);
#8827=DIRECTION('',(0.E0,1.E0,0.E0));
#8828=VECTOR('',#8827,1.E-2);
#8829=CARTESIAN_POINT('',(1.302596274691E0,1.9E1,9.984266458826E-1));
#8830=LINE('',#8829,#8828);
#8831=CURVE_STYLE('',#26,POSITIVE_LENGTH_MEASURE(2.E-2),#15);
#8832=PRESENTATION_STYLE_ASSIGNMENT((#8831));
#8833=STYLED_ITEM('',(#8832),#8830);
#8834=DIRECTION('',(0.E0,1.E0,0.E0));
#8835=VECTOR('',#8834,1.E-2);
#8836=CARTESIAN_POINT('',(1.360043076354E0,1.9E1,7.171764313058E-1));
#8837=LINE('',#8836,#8835);
#8838=CURVE_STYLE('',#26,POSITIVE_LENGTH_MEASURE(2.E-2),#15);
#8839=PRESENTATION_STYLE_ASSIGNMENT((#8838));
#8840=STYLED_ITEM('',(#8839),#8837);
#8841=DIRECTION('',(0.E0,1.E0,1.110223024625E-14));
#8842=VECTOR('',#8841,1.E-2);
#8843=CARTESIAN_POINT('',(1.302596274691E0,1.9E1,4.359265385942E-1));
#8844=LINE('',#8843,#8842);
#8845=CURVE_STYLE('',#26,POSITIVE_LENGTH_MEASURE(2.E-2),#15);
#8846=PRESENTATION_STYLE_ASSIGNMENT((#8845));
#8847=STYLED_ITEM('',(#8846),#8844);
#8848=DIRECTION('',(0.E0,1.E0,1.110223024625E-14));
#8849=VECTOR('',#8848,1.E-2);
#8850=CARTESIAN_POINT('',(1.187702671366E0,1.9E1,2.671765385942E-1));
#8851=LINE('',#8850,#8849);
#8852=CURVE_STYLE('',#26,POSITIVE_LENGTH_MEASURE(2.E-2),#15);
#8853=PRESENTATION_STYLE_ASSIGNMENT((#8852));
#8854=STYLED_ITEM('',(#8853),#8851);
#8855=DIRECTION('',(0.E0,1.E0,0.E0));
#8856=VECTOR('',#8855,1.E-2);
#8857=CARTESIAN_POINT('',(8.430217004590E-1,1.9E1,4.217643130584E-2));
#8858=LINE('',#8857,#8856);
#8859=CURVE_STYLE('',#26,POSITIVE_LENGTH_MEASURE(2.E-2),#15);
#8860=PRESENTATION_STYLE_ASSIGNMENT((#8859));
#8861=STYLED_ITEM('',(#8860),#8858);
#8862=DIRECTION('',(0.E0,1.E0,0.E0));
#8863=VECTOR('',#8862,1.E-2);
#8864=CARTESIAN_POINT('',(-1.052722915334E0,1.9E1,3.529676324017E0));
#8865=LINE('',#8864,#8863);
#8866=CURVE_STYLE('',#26,POSITIVE_LENGTH_MEASURE(2.E-2),#15);
#8867=PRESENTATION_STYLE_ASSIGNMENT((#8866));
#8868=STYLED_ITEM('',(#8867),#8865);
#8869=DIRECTION('',(0.E0,1.E0,0.E0));
#8870=VECTOR('',#8869,1.E-2);
#8871=CARTESIAN_POINT('',(-1.052722915334E0,1.9E1,3.079676753171E0));
#8872=LINE('',#8871,#8870);
#8873=CURVE_STYLE('',#26,POSITIVE_LENGTH_MEASURE(2.E-2),#15);
#8874=PRESENTATION_STYLE_ASSIGNMENT((#8873));
#8875=STYLED_ITEM('',(#8874),#8872);
#8876=DIRECTION('',(0.E0,1.E0,0.E0));
#8877=VECTOR('',#8876,1.E-2);
#8878=CARTESIAN_POINT('',(1.647277084666E0,1.9E1,2.179676645883E0));
#8879=LINE('',#8878,#8877);
#8880=CURVE_STYLE('',#26,POSITIVE_LENGTH_MEASURE(2.E-2),#15);
#8881=PRESENTATION_STYLE_ASSIGNMENT((#8880));
#8882=STYLED_ITEM('',(#8881),#8879);
#8883=DIRECTION('',(2.220446049250E-14,1.E0,0.E0));
#8884=VECTOR('',#8883,1.E-2);
#8885=CARTESIAN_POINT('',(1.647277084666E0,1.9E1,2.517176645883E0));
#8886=LINE('',#8885,#8884);
#8887=CURVE_STYLE('',#26,POSITIVE_LENGTH_MEASURE(2.E-2),#15);
#8888=PRESENTATION_STYLE_ASSIGNMENT((#8887));
#8889=STYLED_ITEM('',(#8888),#8886);
#8890=DIRECTION('',(8.881784197E-14,1.E0,0.E0));
#8891=VECTOR('',#8890,1.E-2);
#8892=CARTESIAN_POINT('',(-7.080420651264E-1,1.9E1,3.304676538594E0));
#8893=LINE('',#8892,#8891);
#8894=CURVE_STYLE('',#26,POSITIVE_LENGTH_MEASURE(2.E-2),#15);
#8895=PRESENTATION_STYLE_ASSIGNMENT((#8894));
#8896=STYLED_ITEM('',(#8895),#8893);
#8897=DIRECTION('',(-2.220446049250E-14,1.E0,0.E0));
#8898=VECTOR('',#8897,1.E-2);
#8899=CARTESIAN_POINT('',(1.647277084666E0,1.9E1,4.092176753171E0));
#8900=LINE('',#8899,#8898);
#8901=CURVE_STYLE('',#26,POSITIVE_LENGTH_MEASURE(2.E-2),#15);
#8902=PRESENTATION_STYLE_ASSIGNMENT((#8901));
#8903=STYLED_ITEM('',(#8902),#8900);
#8904=DIRECTION('',(0.E0,1.E0,0.E0));
#8905=VECTOR('',#8904,1.E-2);
#8906=CARTESIAN_POINT('',(1.647277084666E0,1.9E1,4.429676753171E0));
#8907=LINE('',#8906,#8905);
#8908=CURVE_STYLE('',#26,POSITIVE_LENGTH_MEASURE(2.E-2),#15);
#8909=PRESENTATION_STYLE_ASSIGNMENT((#8908));
#8910=STYLED_ITEM('',(#8909),#8907);
#8911=DIRECTION('',(0.E0,1.E0,0.E0));
#8912=VECTOR('',#8911,1.E-2);
#8913=CARTESIAN_POINT('',(-2.833347012541E0,1.9E1,-4.078234614058E-1));
#8914=LINE('',#8913,#8912);
#8915=CURVE_STYLE('',#26,POSITIVE_LENGTH_MEASURE(2.E-2),#15);
#8916=PRESENTATION_STYLE_ASSIGNMENT((#8915));
#8917=STYLED_ITEM('',(#8916),#8914);
#8918=DIRECTION('',(0.E0,1.E0,2.220446049250E-14));
#8919=VECTOR('',#8918,1.E-2);
#8920=CARTESIAN_POINT('',(-4.958878995916E0,1.9E1,-1.195323515050E0));
#8921=LINE('',#8920,#8919);
#8922=CURVE_STYLE('',#26,POSITIVE_LENGTH_MEASURE(2.E-2),#15);
#8923=PRESENTATION_STYLE_ASSIGNMENT((#8922));
#8924=STYLED_ITEM('',(#8923),#8921);
#8925=DIRECTION('',(8.881784197E-14,1.E0,-2.220446049250E-14));
#8926=VECTOR('',#8925,1.E-2);
#8927=CARTESIAN_POINT('',(-4.958878995916E0,1.9E1,-1.645323488228E0));
#8928=LINE('',#8927,#8926);
#8929=CURVE_STYLE('',#26,POSITIVE_LENGTH_MEASURE(2.E-2),#15);
#8930=PRESENTATION_STYLE_ASSIGNMENT((#8929));
#8931=STYLED_ITEM('',(#8930),#8928);
#8932=DIRECTION('',(0.E0,1.E0,0.E0));
#8933=VECTOR('',#8932,1.E-2);
#8934=CARTESIAN_POINT('',(-2.833347012541E0,1.9E1,-2.432823461406E0));
#8935=LINE('',#8934,#8933);
#8936=CURVE_STYLE('',#26,POSITIVE_LENGTH_MEASURE(2.E-2),#15);
#8937=PRESENTATION_STYLE_ASSIGNMENT((#8936));
#8938=STYLED_ITEM('',(#8937),#8935);
#8939=DIRECTION('',(0.E0,1.E0,0.E0));
#8940=VECTOR('',#8939,1.E-2);
#8941=CARTESIAN_POINT('',(-4.958878995916E0,1.9E1,-2.432823461406E0));
#8942=LINE('',#8941,#8940);
#8943=CURVE_STYLE('',#26,POSITIVE_LENGTH_MEASURE(2.E-2),#15);
#8944=PRESENTATION_STYLE_ASSIGNMENT((#8943));
#8945=STYLED_ITEM('',(#8944),#8942);
#8946=DIRECTION('',(0.E0,1.E0,0.E0));
#8947=VECTOR('',#8946,1.E-2);
#8948=CARTESIAN_POINT('',(-4.958878995916E0,1.9E1,-2.770323461406E0));
#8949=LINE('',#8948,#8947);
#8950=CURVE_STYLE('',#26,POSITIVE_LENGTH_MEASURE(2.E-2),#15);
#8951=PRESENTATION_STYLE_ASSIGNMENT((#8950));
#8952=STYLED_ITEM('',(#8951),#8949);
#8953=DIRECTION('',(0.E0,1.E0,0.E0));
#8954=VECTOR('',#8953,1.E-2);
#8955=CARTESIAN_POINT('',(-2.258878995916E0,1.9E1,-2.770323461406E0));
#8956=LINE('',#8955,#8954);
#8957=CURVE_STYLE('',#26,POSITIVE_LENGTH_MEASURE(2.E-2),#15);
#8958=PRESENTATION_STYLE_ASSIGNMENT((#8957));
#8959=STYLED_ITEM('',(#8958),#8956);
#8960=DIRECTION('',(0.E0,1.E0,0.E0));
#8961=VECTOR('',#8960,1.E-2);
#8962=CARTESIAN_POINT('',(-2.258878995916E0,1.9E1,-2.264073461406E0));
#8963=LINE('',#8962,#8961);
#8964=CURVE_STYLE('',#26,POSITIVE_LENGTH_MEASURE(2.E-2),#15);
#8965=PRESENTATION_STYLE_ASSIGNMENT((#8964));
#8966=STYLED_ITEM('',(#8965),#8963);
#8967=DIRECTION('',(0.E0,1.E0,0.E0));
#8968=VECTOR('',#8967,1.E-2);
#8969=CARTESIAN_POINT('',(-4.671644947371E0,1.9E1,-1.420323461406E0));
#8970=LINE('',#8969,#8968);
#8971=CURVE_STYLE('',#26,POSITIVE_LENGTH_MEASURE(2.E-2),#15);
#8972=PRESENTATION_STYLE_ASSIGNMENT((#8971));
#8973=STYLED_ITEM('',(#8972),#8970);
#8974=DIRECTION('',(0.E0,1.E0,0.E0));
#8975=VECTOR('',#8974,1.E-2);
#8976=CARTESIAN_POINT('',(-2.258878995916E0,1.9E1,-5.765734614058E-1));
#8977=LINE('',#8976,#8975);
#8978=CURVE_STYLE('',#26,POSITIVE_LENGTH_MEASURE(2.E-2),#15);
#8979=PRESENTATION_STYLE_ASSIGNMENT((#8978));
#8980=STYLED_ITEM('',(#8979),#8977);
#8981=DIRECTION('',(0.E0,1.E0,0.E0));
#8982=VECTOR('',#8981,1.E-2);
#8983=CARTESIAN_POINT('',(-2.258878995916E0,1.9E1,-7.032346140580E-2));
#8984=LINE('',#8983,#8982);
#8985=CURVE_STYLE('',#26,POSITIVE_LENGTH_MEASURE(2.E-2),#15);
#8986=PRESENTATION_STYLE_ASSIGNMENT((#8985));
#8987=STYLED_ITEM('',(#8986),#8984);
#8988=DIRECTION('',(0.E0,1.E0,0.E0));
#8989=VECTOR('',#8988,1.E-2);
#8990=CARTESIAN_POINT('',(-4.958878995916E0,1.9E1,-7.032346140580E-2));
#8991=LINE('',#8990,#8989);
#8992=CURVE_STYLE('',#26,POSITIVE_LENGTH_MEASURE(2.E-2),#15);
#8993=PRESENTATION_STYLE_ASSIGNMENT((#8992));
#8994=STYLED_ITEM('',(#8993),#8991);
#8995=DIRECTION('',(0.E0,1.E0,0.E0));
#8996=VECTOR('',#8995,1.E-2);
#8997=CARTESIAN_POINT('',(-4.958878995916E0,1.9E1,-4.078234614058E-1));
#8998=LINE('',#8997,#8996);
#8999=CURVE_STYLE('',#26,POSITIVE_LENGTH_MEASURE(2.E-2),#15);
#9000=PRESENTATION_STYLE_ASSIGNMENT((#8999));
#9001=STYLED_ITEM('',(#9000),#8998);
#9002=DIRECTION('',(0.E0,1.E0,0.E0));
#9003=VECTOR('',#9002,1.E-2);
#9004=CARTESIAN_POINT('',(-4.958878995916E0,1.9E1,7.171764313058E-1));
#9005=LINE('',#9004,#9003);
#9006=CURVE_STYLE('',#26,POSITIVE_LENGTH_MEASURE(2.E-2),#15);
#9007=PRESENTATION_STYLE_ASSIGNMENT((#9006));
#9008=STYLED_ITEM('',(#9007),#9005);
#9009=DIRECTION('',(0.E0,1.E0,0.E0));
#9010=VECTOR('',#9009,1.E-2);
#9011=CARTESIAN_POINT('',(-4.958878995916E0,1.9E1,3.796764313058E-1));
#9012=LINE('',#9011,#9010);
#9013=CURVE_STYLE('',#26,POSITIVE_LENGTH_MEASURE(2.E-2),#15);
#9014=PRESENTATION_STYLE_ASSIGNMENT((#9013));
#9015=STYLED_ITEM('',(#9014),#9012);
#9016=DIRECTION('',(0.E0,1.E0,0.E0));
#9017=VECTOR('',#9016,1.E-2);
#9018=CARTESIAN_POINT('',(-2.258878995916E0,1.9E1,3.796764313058E-1));
#9019=LINE('',#9018,#9017);
#9020=CURVE_STYLE('',#26,POSITIVE_LENGTH_MEASURE(2.E-2),#15);
#9021=PRESENTATION_STYLE_ASSIGNMENT((#9020));
#9022=STYLED_ITEM('',(#9021),#9019);
#9023=DIRECTION('',(0.E0,1.E0,0.E0));
#9024=VECTOR('',#9023,1.E-2);
#9025=CARTESIAN_POINT('',(-2.258878995916E0,1.9E1,7.171764313058E-1));
#9026=LINE('',#9025,#9024);
#9027=CURVE_STYLE('',#26,POSITIVE_LENGTH_MEASURE(2.E-2),#15);
#9028=PRESENTATION_STYLE_ASSIGNMENT((#9027));
#9029=STYLED_ITEM('',(#9028),#9026);
#9030=DIRECTION('',(0.E0,1.E0,0.E0));
#9031=VECTOR('',#9030,1.E-2);
#9032=CARTESIAN_POINT('',(-3.350368388435E0,1.9E1,7.171764313058E-1));
#9033=LINE('',#9032,#9031);
#9034=CURVE_STYLE('',#26,POSITIVE_LENGTH_MEASURE(2.E-2),#15);
#9035=PRESENTATION_STYLE_ASSIGNMENT((#9034));
#9036=STYLED_ITEM('',(#9035),#9033);
#9037=DIRECTION('',(0.E0,1.E0,0.E0));
#9038=VECTOR('',#9037,1.E-2);
#9039=CARTESIAN_POINT('',(-3.350368388435E0,1.9E1,2.292176538594E0));
#9040=LINE('',#9039,#9038);
#9041=CURVE_STYLE('',#26,POSITIVE_LENGTH_MEASURE(2.E-2),#15);
#9042=PRESENTATION_STYLE_ASSIGNMENT((#9041));
#9043=STYLED_ITEM('',(#9042),#9040);
#9044=DIRECTION('',(0.E0,1.E0,0.E0));
#9045=VECTOR('',#9044,1.E-2);
#9046=CARTESIAN_POINT('',(-2.258878995916E0,1.9E1,2.292176538594E0));
#9047=LINE('',#9046,#9045);
#9048=CURVE_STYLE('',#26,POSITIVE_LENGTH_MEASURE(2.E-2),#15);
#9049=PRESENTATION_STYLE_ASSIGNMENT((#9048));
#9050=STYLED_ITEM('',(#9049),#9047);
#9051=DIRECTION('',(0.E0,1.E0,0.E0));
#9052=VECTOR('',#9051,1.E-2);
#9053=CARTESIAN_POINT('',(-2.258878995916E0,1.9E1,2.629676538594E0));
#9054=LINE('',#9053,#9052);
#9055=CURVE_STYLE('',#26,POSITIVE_LENGTH_MEASURE(2.E-2),#15);
#9056=PRESENTATION_STYLE_ASSIGNMENT((#9055));
#9057=STYLED_ITEM('',(#9056),#9054);
#9058=DIRECTION('',(0.E0,1.E0,0.E0));
#9059=VECTOR('',#9058,1.E-2);
#9060=CARTESIAN_POINT('',(-4.958878995916E0,1.9E1,2.629676538594E0));
#9061=LINE('',#9060,#9059);
#9062=CURVE_STYLE('',#26,POSITIVE_LENGTH_MEASURE(2.E-2),#15);
#9063=PRESENTATION_STYLE_ASSIGNMENT((#9062));
#9064=STYLED_ITEM('',(#9063),#9061);
#9065=DIRECTION('',(0.E0,1.E0,0.E0));
#9066=VECTOR('',#9065,1.E-2);
#9067=CARTESIAN_POINT('',(-4.958878995916E0,1.9E1,2.292176538594E0));
#9068=LINE('',#9067,#9066);
#9069=CURVE_STYLE('',#26,POSITIVE_LENGTH_MEASURE(2.E-2),#15);
#9070=PRESENTATION_STYLE_ASSIGNMENT((#9069));
#9071=STYLED_ITEM('',(#9070),#9068);
#9072=DIRECTION('',(0.E0,1.E0,0.E0));
#9073=VECTOR('',#9072,1.E-2);
#9074=CARTESIAN_POINT('',(-3.695049198410E0,1.9E1,2.292176538594E0));
#9075=LINE('',#9074,#9073);
#9076=CURVE_STYLE('',#26,POSITIVE_LENGTH_MEASURE(2.E-2),#15);
#9077=PRESENTATION_STYLE_ASSIGNMENT((#9076));
#9078=STYLED_ITEM('',(#9077),#9075);
#9079=DIRECTION('',(0.E0,1.E0,0.E0));
#9080=VECTOR('',#9079,1.E-2);
#9081=CARTESIAN_POINT('',(-3.695049198410E0,1.9E1,7.171764313058E-1));
#9082=LINE('',#9081,#9080);
#9083=CURVE_STYLE('',#26,POSITIVE_LENGTH_MEASURE(2.E-2),#15);
#9084=PRESENTATION_STYLE_ASSIGNMENT((#9083));
#9085=STYLED_ITEM('',(#9084),#9082);
#9086=DIRECTION('',(0.E0,1.E0,0.E0));
#9087=VECTOR('',#9086,1.E-2);
#9088=CARTESIAN_POINT('',(-4.269517295501E0,1.9E1,5.273426753171E0));
#9089=LINE('',#9088,#9087);
#9090=CURVE_STYLE('',#26,POSITIVE_LENGTH_MEASURE(2.E-2),#15);
#9091=PRESENTATION_STYLE_ASSIGNMENT((#9090));
#9092=STYLED_ITEM('',(#9091),#9089);
#9093=DIRECTION('',(0.E0,1.E0,0.E0));
#9094=VECTOR('',#9093,1.E-2);
#9095=CARTESIAN_POINT('',(-4.556751344046E0,1.9E1,5.217176324017E0));
#9096=LINE('',#9095,#9094);
#9097=CURVE_STYLE('',#26,POSITIVE_LENGTH_MEASURE(2.E-2),#15);
#9098=PRESENTATION_STYLE_ASSIGNMENT((#9097));
#9099=STYLED_ITEM('',(#9098),#9096);
#9100=DIRECTION('',(0.E0,1.E0,8.881784197E-14));
#9101=VECTOR('',#9100,1.E-2);
#9102=CARTESIAN_POINT('',(-4.786538570812E0,1.9E1,4.992176538594E0));
#9103=LINE('',#9102,#9101);
#9104=CURVE_STYLE('',#26,POSITIVE_LENGTH_MEASURE(2.E-2),#15);
#9105=PRESENTATION_STYLE_ASSIGNMENT((#9104));
#9106=STYLED_ITEM('',(#9105),#9103);
#9107=DIRECTION('',(0.E0,1.E0,8.881784197E-14));
#9108=VECTOR('',#9107,1.E-2);
#9109=CARTESIAN_POINT('',(-4.901432189225E0,1.9E1,4.767176753171E0));
#9110=LINE('',#9109,#9108);
#9111=CURVE_STYLE('',#26,POSITIVE_LENGTH_MEASURE(2.E-2),#15);
#9112=PRESENTATION_STYLE_ASSIGNMENT((#9111));
#9113=STYLED_ITEM('',(#9112),#9110);
#9114=DIRECTION('',(0.E0,1.E0,0.E0));
#9115=VECTOR('',#9114,1.E-2);
#9116=CARTESIAN_POINT('',(-4.958878995916E0,1.9E1,4.485926538594E0));
#9117=LINE('',#9116,#9115);
#9118=CURVE_STYLE('',#26,POSITIVE_LENGTH_MEASURE(2.E-2),#15);
#9119=PRESENTATION_STYLE_ASSIGNMENT((#9118));
#9120=STYLED_ITEM('',(#9119),#9117);
#9121=DIRECTION('',(0.E0,1.E0,0.E0));
#9122=VECTOR('',#9121,1.E-2);
#9123=CARTESIAN_POINT('',(-4.958878995916E0,1.9E1,3.979676538594E0));
#9124=LINE('',#9123,#9122);
#9125=CURVE_STYLE('',#26,POSITIVE_LENGTH_MEASURE(2.E-2),#15);
#9126=PRESENTATION_STYLE_ASSIGNMENT((#9125));
#9127=STYLED_ITEM('',(#9126),#9124);
#9128=DIRECTION('',(0.E0,1.E0,4.440892098500E-14));
#9129=VECTOR('',#9128,1.E-2);
#9130=CARTESIAN_POINT('',(-4.901432189225E0,1.9E1,3.698426324017E0));
#9131=LINE('',#9130,#9129);
#9132=CURVE_STYLE('',#26,POSITIVE_LENGTH_MEASURE(2.E-2),#15);
#9133=PRESENTATION_STYLE_ASSIGNMENT((#9132));
#9134=STYLED_ITEM('',(#9133),#9131);
#9135=DIRECTION('',(0.E0,1.E0,0.E0));
#9136=VECTOR('',#9135,1.E-2);
#9137=CARTESIAN_POINT('',(-4.786538570812E0,1.9E1,3.473426538594E0));
#9138=LINE('',#9137,#9136);
#9139=CURVE_STYLE('',#26,POSITIVE_LENGTH_MEASURE(2.E-2),#15);
#9140=PRESENTATION_STYLE_ASSIGNMENT((#9139));
#9141=STYLED_ITEM('',(#9140),#9138);
#9142=DIRECTION('',(0.E0,1.E0,0.E0));
#9143=VECTOR('',#9142,1.E-2);
#9144=CARTESIAN_POINT('',(-4.556751344046E0,1.9E1,3.248426753171E0));
#9145=LINE('',#9144,#9143);
#9146=CURVE_STYLE('',#26,POSITIVE_LENGTH_MEASURE(2.E-2),#15);
#9147=PRESENTATION_STYLE_ASSIGNMENT((#9146));
#9148=STYLED_ITEM('',(#9147),#9145);
#9149=DIRECTION('',(0.E0,1.E0,0.E0));
#9150=VECTOR('',#9149,1.E-2);
#9151=CARTESIAN_POINT('',(-4.326964097163E0,1.9E1,3.135926538594E0));
#9152=LINE('',#9151,#9150);
#9153=CURVE_STYLE('',#26,POSITIVE_LENGTH_MEASURE(2.E-2),#15);
#9154=PRESENTATION_STYLE_ASSIGNMENT((#9153));
#9155=STYLED_ITEM('',(#9154),#9152);
#9156=DIRECTION('',(0.E0,1.E0,0.E0));
#9157=VECTOR('',#9156,1.E-2);
#9158=CARTESIAN_POINT('',(-4.039730088851E0,1.9E1,3.079676753171E0));
#9159=LINE('',#9158,#9157);
#9160=CURVE_STYLE('',#26,POSITIVE_LENGTH_MEASURE(2.E-2),#15);
#9161=PRESENTATION_STYLE_ASSIGNMENT((#9160));
#9162=STYLED_ITEM('',(#9161),#9159);
#9163=DIRECTION('',(0.E0,1.E0,0.E0));
#9164=VECTOR('',#9163,1.E-2);
#9165=CARTESIAN_POINT('',(-3.178027983448E0,1.9E1,3.079676753171E0));
#9166=LINE('',#9165,#9164);
#9167=CURVE_STYLE('',#26,POSITIVE_LENGTH_MEASURE(2.E-2),#15);
#9168=PRESENTATION_STYLE_ASSIGNMENT((#9167));
#9169=STYLED_ITEM('',(#9168),#9166);
#9170=DIRECTION('',(0.E0,1.E0,0.E0));
#9171=VECTOR('',#9170,1.E-2);
#9172=CARTESIAN_POINT('',(-2.890793814203E0,1.9E1,3.135926538594E0));
#9173=LINE('',#9172,#9171);
#9174=CURVE_STYLE('',#26,POSITIVE_LENGTH_MEASURE(2.E-2),#15);
#9175=PRESENTATION_STYLE_ASSIGNMENT((#9174));
#9176=STYLED_ITEM('',(#9175),#9173);
#9177=DIRECTION('',(4.440892098500E-14,1.E0,0.E0));
#9178=VECTOR('',#9177,1.E-2);
#9179=CARTESIAN_POINT('',(-2.661006607553E0,1.9E1,3.248426753171E0));
#9180=LINE('',#9179,#9178);
#9181=CURVE_STYLE('',#26,POSITIVE_LENGTH_MEASURE(2.E-2),#15);
#9182=PRESENTATION_STYLE_ASSIGNMENT((#9181));
#9183=STYLED_ITEM('',(#9182),#9180);
#9184=DIRECTION('',(0.E0,1.E0,0.E0));
#9185=VECTOR('',#9184,1.E-2);
#9186=CARTESIAN_POINT('',(-2.431219400904E0,1.9E1,3.473426538594E0));
#9187=LINE('',#9186,#9185);
#9188=CURVE_STYLE('',#26,POSITIVE_LENGTH_MEASURE(2.E-2),#15);
#9189=PRESENTATION_STYLE_ASSIGNMENT((#9188));
#9190=STYLED_ITEM('',(#9189),#9187);
#9191=DIRECTION('',(0.E0,1.E0,0.E0));
#9192=VECTOR('',#9191,1.E-2);
#9193=CARTESIAN_POINT('',(-2.316325797579E0,1.9E1,3.698426324017E0));
#9194=LINE('',#9193,#9192);
#9195=CURVE_STYLE('',#26,POSITIVE_LENGTH_MEASURE(2.E-2),#15);
#9196=PRESENTATION_STYLE_ASSIGNMENT((#9195));
#9197=STYLED_ITEM('',(#9196),#9194);
#9198=DIRECTION('',(0.E0,1.E0,4.440892098500E-14));
#9199=VECTOR('',#9198,1.E-2);
#9200=CARTESIAN_POINT('',(-2.258878995916E0,1.9E1,3.979676538594E0));
#9201=LINE('',#9200,#9199);
#9202=CURVE_STYLE('',#26,POSITIVE_LENGTH_MEASURE(2.E-2),#15);
#9203=PRESENTATION_STYLE_ASSIGNMENT((#9202));
#9204=STYLED_ITEM('',(#9203),#9201);
#9205=DIRECTION('',(0.E0,1.E0,0.E0));
#9206=VECTOR('',#9205,1.E-2);
#9207=CARTESIAN_POINT('',(-2.258878995916E0,1.9E1,4.485926538594E0));
#9208=LINE('',#9207,#9206);
#9209=CURVE_STYLE('',#26,POSITIVE_LENGTH_MEASURE(2.E-2),#15);
#9210=PRESENTATION_STYLE_ASSIGNMENT((#9209));
#9211=STYLED_ITEM('',(#9210),#9208);
#9212=DIRECTION('',(-4.440892098500E-14,1.E0,8.881784197E-14));
#9213=VECTOR('',#9212,1.E-2);
#9214=CARTESIAN_POINT('',(-2.316325797579E0,1.9E1,4.767176753171E0));
#9215=LINE('',#9214,#9213);
#9216=CURVE_STYLE('',#26,POSITIVE_LENGTH_MEASURE(2.E-2),#15);
#9217=PRESENTATION_STYLE_ASSIGNMENT((#9216));
#9218=STYLED_ITEM('',(#9217),#9215);
#9219=DIRECTION('',(0.E0,1.E0,0.E0));
#9220=VECTOR('',#9219,1.E-2);
#9221=CARTESIAN_POINT('',(-2.431219400904E0,1.9E1,4.992176538594E0));
#9222=LINE('',#9221,#9220);
#9223=CURVE_STYLE('',#26,POSITIVE_LENGTH_MEASURE(2.E-2),#15);
#9224=PRESENTATION_STYLE_ASSIGNMENT((#9223));
#9225=STYLED_ITEM('',(#9224),#9222);
#9226=DIRECTION('',(4.440892098500E-14,1.E0,0.E0));
#9227=VECTOR('',#9226,1.E-2);
#9228=CARTESIAN_POINT('',(-2.661006607553E0,1.9E1,5.217176324017E0));
#9229=LINE('',#9228,#9227);
#9230=CURVE_STYLE('',#26,POSITIVE_LENGTH_MEASURE(2.E-2),#15);
#9231=PRESENTATION_STYLE_ASSIGNMENT((#9230));
#9232=STYLED_ITEM('',(#9231),#9229);
#9233=DIRECTION('',(0.E0,1.E0,0.E0));
#9234=VECTOR('',#9233,1.E-2);
#9235=CARTESIAN_POINT('',(-2.948240776798E0,1.9E1,5.273426753171E0));
#9236=LINE('',#9235,#9234);
#9237=CURVE_STYLE('',#26,POSITIVE_LENGTH_MEASURE(2.E-2),#15);
#9238=PRESENTATION_STYLE_ASSIGNMENT((#9237));
#9239=STYLED_ITEM('',(#9238),#9236);
#9240=DIRECTION('',(0.E0,1.E0,0.E0));
#9241=VECTOR('',#9240,1.E-2);
#9242=CARTESIAN_POINT('',(-2.948240776798E0,1.9E1,4.935926753171E0));
#9243=LINE('',#9242,#9241);
#9244=CURVE_STYLE('',#26,POSITIVE_LENGTH_MEASURE(2.E-2),#15);
#9245=PRESENTATION_STYLE_ASSIGNMENT((#9244));
#9246=STYLED_ITEM('',(#9245),#9243);
#9247=DIRECTION('',(0.E0,1.E0,0.E0));
#9248=VECTOR('',#9247,1.E-2);
#9249=CARTESIAN_POINT('',(-2.775900210878E0,1.9E1,4.879676324017E0));
#9250=LINE('',#9249,#9248);
#9251=CURVE_STYLE('',#26,POSITIVE_LENGTH_MEASURE(2.E-2),#15);
#9252=PRESENTATION_STYLE_ASSIGNMENT((#9251));
#9253=STYLED_ITEM('',(#9252),#9250);
#9254=DIRECTION('',(4.440892098500E-14,1.E0,0.E0));
#9255=VECTOR('',#9254,1.E-2);
#9256=CARTESIAN_POINT('',(-2.661006607553E0,1.9E1,4.710926324017E0));
#9257=LINE('',#9256,#9255);
#9258=CURVE_STYLE('',#26,POSITIVE_LENGTH_MEASURE(2.E-2),#15);
#9259=PRESENTATION_STYLE_ASSIGNMENT((#9258));
#9260=STYLED_ITEM('',(#9259),#9257);
#9261=DIRECTION('',(0.E0,1.E0,0.E0));
#9262=VECTOR('',#9261,1.E-2);
#9263=CARTESIAN_POINT('',(-2.603559805891E0,1.9E1,4.485926538594E0));
#9264=LINE('',#9263,#9262);
#9265=CURVE_STYLE('',#26,POSITIVE_LENGTH_MEASURE(2.E-2),#15);
#9266=PRESENTATION_STYLE_ASSIGNMENT((#9265));
#9267=STYLED_ITEM('',(#9266),#9264);
#9268=DIRECTION('',(0.E0,1.E0,0.E0));
#9269=VECTOR('',#9268,1.E-2);
#9270=CARTESIAN_POINT('',(-2.603559805891E0,1.9E1,3.979676538594E0));
#9271=LINE('',#9270,#9269);
#9272=CURVE_STYLE('',#26,POSITIVE_LENGTH_MEASURE(2.E-2),#15);
#9273=PRESENTATION_STYLE_ASSIGNMENT((#9272));
#9274=STYLED_ITEM('',(#9273),#9271);
#9275=DIRECTION('',(0.E0,1.E0,0.E0));
#9276=VECTOR('',#9275,1.E-2);
#9277=CARTESIAN_POINT('',(-2.661006607553E0,1.9E1,3.754676753171E0));
#9278=LINE('',#9277,#9276);
#9279=CURVE_STYLE('',#26,POSITIVE_LENGTH_MEASURE(2.E-2),#15);
#9280=PRESENTATION_STYLE_ASSIGNMENT((#9279));
#9281=STYLED_ITEM('',(#9280),#9278);
#9282=DIRECTION('',(0.E0,1.E0,4.440892098500E-14));
#9283=VECTOR('',#9282,1.E-2);
#9284=CARTESIAN_POINT('',(-2.775900210878E0,1.9E1,3.585926753171E0));
#9285=LINE('',#9284,#9283);
#9286=CURVE_STYLE('',#26,POSITIVE_LENGTH_MEASURE(2.E-2),#15);
#9287=PRESENTATION_STYLE_ASSIGNMENT((#9286));
#9288=STYLED_ITEM('',(#9287),#9285);
#9289=DIRECTION('',(-8.881784197E-14,1.E0,0.E0));
#9290=VECTOR('',#9289,1.E-2);
#9291=CARTESIAN_POINT('',(-2.948240776798E0,1.9E1,3.473426538594E0));
#9292=LINE('',#9291,#9290);
#9293=CURVE_STYLE('',#26,POSITIVE_LENGTH_MEASURE(2.E-2),#15);
#9294=PRESENTATION_STYLE_ASSIGNMENT((#9293));
#9295=STYLED_ITEM('',(#9294),#9292);
#9296=DIRECTION('',(-4.440892098500E-14,1.E0,0.E0));
#9297=VECTOR('',#9296,1.E-2);
#9298=CARTESIAN_POINT('',(-3.178027983448E0,1.9E1,3.417176753171E0));
#9299=LINE('',#9298,#9297);
#9300=CURVE_STYLE('',#26,POSITIVE_LENGTH_MEASURE(2.E-2),#15);
#9301=PRESENTATION_STYLE_ASSIGNMENT((#9300));
#9302=STYLED_ITEM('',(#9301),#9299);
#9303=DIRECTION('',(0.E0,1.E0,0.E0));
#9304=VECTOR('',#9303,1.E-2);
#9305=CARTESIAN_POINT('',(-4.039730088851E0,1.9E1,3.417176753171E0));
#9306=LINE('',#9305,#9304);
#9307=CURVE_STYLE('',#26,POSITIVE_LENGTH_MEASURE(2.E-2),#15);
#9308=PRESENTATION_STYLE_ASSIGNMENT((#9307));
#9309=STYLED_ITEM('',(#9308),#9306);
#9310=DIRECTION('',(0.E0,1.E0,0.E0));
#9311=VECTOR('',#9310,1.E-2);
#9312=CARTESIAN_POINT('',(-4.269517295501E0,1.9E1,3.473426538594E0));
#9313=LINE('',#9312,#9311);
#9314=CURVE_STYLE('',#26,POSITIVE_LENGTH_MEASURE(2.E-2),#15);
#9315=PRESENTATION_STYLE_ASSIGNMENT((#9314));
#9316=STYLED_ITEM('',(#9315),#9313);
#9317=DIRECTION('',(0.E0,1.E0,0.E0));
#9318=VECTOR('',#9317,1.E-2);
#9319=CARTESIAN_POINT('',(-4.441857700488E0,1.9E1,3.585926753171E0));
#9320=LINE('',#9319,#9318);
#9321=CURVE_STYLE('',#26,POSITIVE_LENGTH_MEASURE(2.E-2),#15);
#9322=PRESENTATION_STYLE_ASSIGNMENT((#9321));
#9323=STYLED_ITEM('',(#9322),#9320);
#9324=DIRECTION('',(0.E0,1.E0,0.E0));
#9325=VECTOR('',#9324,1.E-2);
#9326=CARTESIAN_POINT('',(-4.556751344046E0,1.9E1,3.754676753171E0));
#9327=LINE('',#9326,#9325);
#9328=CURVE_STYLE('',#26,POSITIVE_LENGTH_MEASURE(2.E-2),#15);
#9329=PRESENTATION_STYLE_ASSIGNMENT((#9328));
#9330=STYLED_ITEM('',(#9329),#9327);
#9331=DIRECTION('',(0.E0,1.E0,0.E0));
#9332=VECTOR('',#9331,1.E-2);
#9333=CARTESIAN_POINT('',(-4.614198145709E0,1.9E1,3.979676538594E0));
#9334=LINE('',#9333,#9332);
#9335=CURVE_STYLE('',#26,POSITIVE_LENGTH_MEASURE(2.E-2),#15);
#9336=PRESENTATION_STYLE_ASSIGNMENT((#9335));
#9337=STYLED_ITEM('',(#9336),#9334);
#9338=DIRECTION('',(0.E0,1.E0,0.E0));
#9339=VECTOR('',#9338,1.E-2);
#9340=CARTESIAN_POINT('',(-4.614198145709E0,1.9E1,4.485926538594E0));
#9341=LINE('',#9340,#9339);
#9342=CURVE_STYLE('',#26,POSITIVE_LENGTH_MEASURE(2.E-2),#15);
#9343=PRESENTATION_STYLE_ASSIGNMENT((#9342));
#9344=STYLED_ITEM('',(#9343),#9341);
#9345=DIRECTION('',(0.E0,1.E0,0.E0));
#9346=VECTOR('',#9345,1.E-2);
#9347=CARTESIAN_POINT('',(-4.556751344046E0,1.9E1,4.710926324017E0));
#9348=LINE('',#9347,#9346);
#9349=CURVE_STYLE('',#26,POSITIVE_LENGTH_MEASURE(2.E-2),#15);
#9350=PRESENTATION_STYLE_ASSIGNMENT((#9349));
#9351=STYLED_ITEM('',(#9350),#9348);
#9352=DIRECTION('',(0.E0,1.E0,0.E0));
#9353=VECTOR('',#9352,1.E-2);
#9354=CARTESIAN_POINT('',(-4.441857700488E0,1.9E1,4.879676324017E0));
#9355=LINE('',#9354,#9353);
#9356=CURVE_STYLE('',#26,POSITIVE_LENGTH_MEASURE(2.E-2),#15);
#9357=PRESENTATION_STYLE_ASSIGNMENT((#9356));
#9358=STYLED_ITEM('',(#9357),#9355);
#9359=DIRECTION('',(0.E0,1.E0,0.E0));
#9360=VECTOR('',#9359,1.E-2);
#9361=CARTESIAN_POINT('',(-4.269517295501E0,1.9E1,4.935926753171E0));
#9362=LINE('',#9361,#9360);
#9363=CURVE_STYLE('',#26,POSITIVE_LENGTH_MEASURE(2.E-2),#15);
#9364=PRESENTATION_STYLE_ASSIGNMENT((#9363));
#9365=STYLED_ITEM('',(#9364),#9362);
#9366=CARTESIAN_POINT('',(7.38E0,4.408739718026E-1,-1.696307677657E-11));
#9367=DIRECTION('',(2.298519881372E-12,0.E0,1.E0));
#9368=DIRECTION('',(1.E0,0.E0,-2.298519881372E-12));
#9369=AXIS2_PLACEMENT_3D('',#9366,#9367,#9368);
#9371=CURVE_STYLE('',#26,POSITIVE_LENGTH_MEASURE(2.E-2),#15);
#9372=PRESENTATION_STYLE_ASSIGNMENT((#9371));
#9373=STYLED_ITEM('',(#9372),#9370);
#9374=CARTESIAN_POINT('',(-7.38E0,4.408739718026E-1,1.696246615390E-11));
#9375=DIRECTION('',(-2.298436614645E-12,0.E0,-1.E0));
#9376=DIRECTION('',(-1.E0,0.E0,2.298436614645E-12));
#9377=AXIS2_PLACEMENT_3D('',#9374,#9375,#9376);
#9379=CURVE_STYLE('',#26,POSITIVE_LENGTH_MEASURE(2.E-2),#15);
#9380=PRESENTATION_STYLE_ASSIGNMENT((#9379));
#9381=STYLED_ITEM('',(#9380),#9378);
#9382=CARTESIAN_POINT('',(0.E0,3.285925964961E0,0.E0));
#9383=DIRECTION('',(0.E0,1.E0,0.E0));
#9384=DIRECTION('',(1.E0,0.E0,0.E0));
#9385=AXIS2_PLACEMENT_3D('',#9382,#9383,#9384);
#9387=CURVE_STYLE('',#26,POSITIVE_LENGTH_MEASURE(2.E-2),#15);
#9388=PRESENTATION_STYLE_ASSIGNMENT((#9387));
#9389=STYLED_ITEM('',(#9388),#9386);
#9390=CARTESIAN_POINT('',(0.E0,1.714074035039E0,0.E0));
#9391=DIRECTION('',(0.E0,-1.E0,0.E0));
#9392=DIRECTION('',(-1.E0,0.E0,0.E0));
#9393=AXIS2_PLACEMENT_3D('',#9390,#9391,#9392);
#9395=CURVE_STYLE('',#26,POSITIVE_LENGTH_MEASURE(2.E-2),#15);
#9396=PRESENTATION_STYLE_ASSIGNMENT((#9395));
#9397=STYLED_ITEM('',(#9396),#9394);
#9398=CARTESIAN_POINT('',(0.E0,3.285925964961E0,0.E0));
#9399=DIRECTION('',(0.E0,1.E0,0.E0));
#9400=DIRECTION('',(-1.E0,0.E0,0.E0));
#9401=AXIS2_PLACEMENT_3D('',#9398,#9399,#9400);
#9403=CURVE_STYLE('',#26,POSITIVE_LENGTH_MEASURE(2.E-2),#15);
#9404=PRESENTATION_STYLE_ASSIGNMENT((#9403));
#9405=STYLED_ITEM('',(#9404),#9402);
#9406=CARTESIAN_POINT('',(9.E0,2.5E0,0.E0));
#9407=DIRECTION('',(0.E0,0.E0,-1.E0));
#9408=DIRECTION('',(-6.183206106870E-1,-7.859259649608E-1,0.E0));
#9409=AXIS2_PLACEMENT_3D('',#9406,#9407,#9408);
#9411=CURVE_STYLE('',#26,POSITIVE_LENGTH_MEASURE(2.E-2),#15);
#9412=PRESENTATION_STYLE_ASSIGNMENT((#9411));
#9413=STYLED_ITEM('',(#9412),#9410);
#9414=CARTESIAN_POINT('',(0.E0,1.714074035039E0,0.E0));
#9415=DIRECTION('',(0.E0,-1.E0,0.E0));
#9416=DIRECTION('',(1.E0,0.E0,0.E0));
#9417=AXIS2_PLACEMENT_3D('',#9414,#9415,#9416);
#9419=CURVE_STYLE('',#26,POSITIVE_LENGTH_MEASURE(2.E-2),#15);
#9420=PRESENTATION_STYLE_ASSIGNMENT((#9419));
#9421=STYLED_ITEM('',(#9420),#9418);
#9422=CARTESIAN_POINT('',(-9.E0,2.5E0,0.E0));
#9423=DIRECTION('',(0.E0,0.E0,1.E0));
#9424=DIRECTION('',(6.183206106870E-1,-7.859259649608E-1,0.E0));
#9425=AXIS2_PLACEMENT_3D('',#9422,#9423,#9424);
#9427=CURVE_STYLE('',#26,POSITIVE_LENGTH_MEASURE(2.E-2),#15);
#9428=PRESENTATION_STYLE_ASSIGNMENT((#9427));
#9429=STYLED_ITEM('',(#9428),#9426);
#9430=CARTESIAN_POINT('',(9.E0,0.E0,0.E0));
#9431=CARTESIAN_POINT('',(-9.E0,0.E0,0.E0));
#9432=VERTEX_POINT('',#9430);
#9433=VERTEX_POINT('',#9431);
#9434=CARTESIAN_POINT('',(-9.E0,1.864E1,0.E0));
#9435=CARTESIAN_POINT('',(9.E0,1.864E1,0.E0));
#9436=VERTEX_POINT('',#9434);
#9437=VERTEX_POINT('',#9435);
#9438=CARTESIAN_POINT('',(8.64E0,1.9E1,0.E0));
#9439=CARTESIAN_POINT('',(-8.64E0,1.9E1,0.E0));
#9440=VERTEX_POINT('',#9438);
#9441=VERTEX_POINT('',#9439);
#9442=CARTESIAN_POINT('',(9.E0,4.559126028197E0,0.E0));
#9443=CARTESIAN_POINT('',(-9.E0,4.559126028197E0,0.E0));
#9444=VERTEX_POINT('',#9442);
#9445=VERTEX_POINT('',#9443);
#9446=CARTESIAN_POINT('',(8.381679389313E0,3.285925964961E0,0.E0));
#9447=CARTESIAN_POINT('',(-8.381679389313E0,3.285925964961E0,0.E0));
#9448=VERTEX_POINT('',#9446);
#9449=VERTEX_POINT('',#9447);
#9450=CARTESIAN_POINT('',(-9.E0,4.408739718026E-1,0.E0));
#9451=CARTESIAN_POINT('',(9.E0,4.408739718026E-1,0.E0));
#9452=VERTEX_POINT('',#9450);
#9453=VERTEX_POINT('',#9451);
#9454=CARTESIAN_POINT('',(-8.381679389313E0,1.714074035039E0,0.E0));
#9455=CARTESIAN_POINT('',(8.381679389313E0,1.714074035039E0,0.E0));
#9456=VERTEX_POINT('',#9454);
#9457=VERTEX_POINT('',#9455);
#9458=CARTESIAN_POINT('',(7.7E0,1.901E1,-3.96E0));
#9459=CARTESIAN_POINT('',(-7.7E0,1.901E1,-3.96E0));
#9460=VERTEX_POINT('',#9458);
#9461=VERTEX_POINT('',#9459);
#9462=CARTESIAN_POINT('',(7.7E0,1.901E1,-3.8E0));
#9463=VERTEX_POINT('',#9462);
#9464=CARTESIAN_POINT('',(-7.7E0,1.901E1,-3.8E0));
#9465=VERTEX_POINT('',#9464);
#9466=CARTESIAN_POINT('',(7.679062442773E0,1.9E1,-3.96E0));
#9467=CARTESIAN_POINT('',(-7.679062442773E0,1.9E1,-3.96E0));
#9468=VERTEX_POINT('',#9466);
#9469=VERTEX_POINT('',#9467);
#9470=CARTESIAN_POINT('',(-7.7E0,1.9E1,-3.8E0));
#9471=CARTESIAN_POINT('',(7.7E0,1.9E1,-3.8E0));
#9472=VERTEX_POINT('',#9470);
#9473=VERTEX_POINT('',#9471);
#9474=CARTESIAN_POINT('',(7.7E0,1.9E1,-3.919132557085E0));
#9475=VERTEX_POINT('',#9474);
#9476=CARTESIAN_POINT('',(-7.7E0,1.9E1,-3.919132557085E0));
#9477=VERTEX_POINT('',#9476);
#9478=CARTESIAN_POINT('',(7.7E0,1.9E1,-3.96E0));
#9479=VERTEX_POINT('',#9478);
#9480=CARTESIAN_POINT('',(-7.7E0,1.9E1,-3.96E0));
#9481=VERTEX_POINT('',#9480);
#9482=CARTESIAN_POINT('',(2.825729930634E0,1.901E1,-2.095323461406E0));
#9483=CARTESIAN_POINT('',(5.525729930634E0,1.901E1,-2.095323461406E0));
#9484=VERTEX_POINT('',#9482);
#9485=VERTEX_POINT('',#9483);
#9486=CARTESIAN_POINT('',(5.525729930634E0,1.901E1,-2.432823461406E0));
#9487=VERTEX_POINT('',#9486);
#9488=CARTESIAN_POINT('',(5.123602318997E0,1.901E1,-2.770323461406E0));
#9489=VERTEX_POINT('',#9488);
#9490=CARTESIAN_POINT('',(4.664027744765E0,1.901E1,-2.770323461406E0));
#9491=VERTEX_POINT('',#9490);
#9492=CARTESIAN_POINT('',(5.066155517334E0,1.901E1,-2.432823461406E0));
#9493=VERTEX_POINT('',#9492);
#9494=CARTESIAN_POINT('',(2.825729930634E0,1.901E1,-2.432823461406E0));
#9495=VERTEX_POINT('',#9494);
#9496=CARTESIAN_POINT('',(1.536600805097E-1,1.901E1,-2.770323461406E0));
#9497=CARTESIAN_POINT('',(1.536600805097E-1,1.901E1,-2.376573474817E0));
#9498=VERTEX_POINT('',#9496);
#9499=VERTEX_POINT('',#9497);
#9500=CARTESIAN_POINT('',(1.647277084666E0,1.901E1,-2.770323461406E0));
#9501=VERTEX_POINT('',#9500);
#9502=CARTESIAN_POINT('',(1.647277084666E0,1.901E1,-8.578235150500E-1));
#9503=VERTEX_POINT('',#9502);
#9504=CARTESIAN_POINT('',(1.360043076354E0,1.901E1,-8.578235150500E-1));
#9505=VERTEX_POINT('',#9504);
#9506=CARTESIAN_POINT('',(1.360043076354E0,1.901E1,-2.489073468111E0));
#9507=VERTEX_POINT('',#9506);
#9508=CARTESIAN_POINT('',(4.408940888219E-1,1.901E1,-2.489073468111E0));
#9509=VERTEX_POINT('',#9508);
#9510=CARTESIAN_POINT('',(6.132344938092E-1,1.901E1,-2.207823474817E0));
#9511=VERTEX_POINT('',#9510);
#9512=CARTESIAN_POINT('',(6.706812954717E-1,1.901E1,-1.926573461406E0));
#9513=VERTEX_POINT('',#9512);
#9514=CARTESIAN_POINT('',(6.706812954717E-1,1.901E1,-1.589073461406E0));
#9515=VERTEX_POINT('',#9514);
#9516=CARTESIAN_POINT('',(6.132344938092E-1,1.901E1,-1.307823407762E0));
#9517=VERTEX_POINT('',#9516);
#9518=CARTESIAN_POINT('',(4.408940888219E-1,1.901E1,-1.026573515050E0));
#9519=VERTEX_POINT('',#9518);
#9520=CARTESIAN_POINT('',(2.111068821721E-1,1.901E1,-8.578235150500E-1));
#9521=VERTEX_POINT('',#9520);
#9522=CARTESIAN_POINT('',(-7.612720660636E-2,1.901E1,-7.453234614058E-1));
#9523=VERTEX_POINT('',#9522);
#9524=CARTESIAN_POINT('',(-3.059144132561E-1,1.901E1,-7.453234614058E-1));
#9525=VERTEX_POINT('',#9524);
#9526=CARTESIAN_POINT('',(-5.931484618015E-1,1.901E1,-8.578235150500E-1));
#9527=VERTEX_POINT('',#9526);
#9528=CARTESIAN_POINT('',(-8.229356885679E-1,1.901E1,-1.026573515050E0));
#9529=VERTEX_POINT('',#9528);
#9530=CARTESIAN_POINT('',(-9.952761086426E-1,1.901E1,-1.307823407762E0));
#9531=VERTEX_POINT('',#9530);
#9532=CARTESIAN_POINT('',(-1.052722915334E0,1.901E1,-1.589073461406E0));
#9533=VERTEX_POINT('',#9532);
#9534=CARTESIAN_POINT('',(-1.052722915334E0,1.901E1,-1.926573461406E0));
#9535=VERTEX_POINT('',#9534);
#9536=CARTESIAN_POINT('',(-9.952761086426E-1,1.901E1,-2.207823474817E0));
#9537=VERTEX_POINT('',#9536);
#9538=CARTESIAN_POINT('',(-8.229356885679E-1,1.901E1,-2.489073468111E0));
#9539=VERTEX_POINT('',#9538);
#9540=CARTESIAN_POINT('',(-5.931484618015E-1,1.901E1,-2.657823458053E0));
#9541=VERTEX_POINT('',#9540);
#9542=CARTESIAN_POINT('',(-3.633612149186E-1,1.901E1,-2.770323461406E0));
#9543=VERTEX_POINT('',#9542);
#9544=CARTESIAN_POINT('',(-3.633612149186E-1,1.901E1,-2.432823461406E0));
#9545=VERTEX_POINT('',#9544);
#9546=CARTESIAN_POINT('',(-5.931484618015E-1,1.901E1,-2.320323447995E0));
#9547=VERTEX_POINT('',#9546);
#9548=CARTESIAN_POINT('',(-7.080420651264E-1,1.901E1,-2.151573447995E0));
#9549=VERTEX_POINT('',#9548);
#9550=CARTESIAN_POINT('',(-7.654888667888E-1,1.901E1,-1.926573461406E0));
#9551=VERTEX_POINT('',#9550);
#9552=CARTESIAN_POINT('',(-7.654888667888E-1,1.901E1,-1.589073461406E0));
#9553=VERTEX_POINT('',#9552);
#9554=CARTESIAN_POINT('',(-7.080420651264E-1,1.901E1,-1.364073515050E0));
#9555=VERTEX_POINT('',#9554);
#9556=CARTESIAN_POINT('',(-5.931484618015E-1,1.901E1,-1.195323515050E0));
#9557=VERTEX_POINT('',#9556);
#9558=CARTESIAN_POINT('',(-4.208080165810E-1,1.901E1,-1.082823461406E0));
#9559=VERTEX_POINT('',#9558);
#9560=CARTESIAN_POINT('',(-2.484676115937E-1,1.901E1,-1.026573515050E0));
#9561=VERTEX_POINT('',#9560);
#9562=CARTESIAN_POINT('',(-1.335740082688E-1,1.901E1,-1.026573515050E0));
#9563=VERTEX_POINT('',#9562);
#9564=CARTESIAN_POINT('',(3.876647718480E-2,1.901E1,-1.082823461406E0));
#9565=VERTEX_POINT('',#9564);
#9566=CARTESIAN_POINT('',(2.111068821721E-1,1.901E1,-1.195323515050E0));
#9567=VERTEX_POINT('',#9566);
#9568=CARTESIAN_POINT('',(3.260004854970E-1,1.901E1,-1.364073515050E0));
#9569=VERTEX_POINT('',#9568);
#9570=CARTESIAN_POINT('',(3.834472871595E-1,1.901E1,-1.589073461406E0));
#9571=VERTEX_POINT('',#9570);
#9572=CARTESIAN_POINT('',(3.834472871595E-1,1.901E1,-1.926573461406E0));
#9573=VERTEX_POINT('',#9572);
#9574=CARTESIAN_POINT('',(3.260004854970E-1,1.901E1,-2.151573447995E0));
#9575=VERTEX_POINT('',#9574);
#9576=CARTESIAN_POINT('',(5.557876921468E-1,1.901E1,-2.953234077616E-1));
#9577=CARTESIAN_POINT('',(3.876647718480E-2,1.901E1,-2.953234077616E-1));
#9578=VERTEX_POINT('',#9576);
#9579=VERTEX_POINT('',#9577);
#9580=CARTESIAN_POINT('',(-2.484676115937E-1,1.901E1,-2.390734614058E-1));
#9581=VERTEX_POINT('',#9580);
#9582=CARTESIAN_POINT('',(-4.208080165810E-1,1.901E1,-1.828235150500E-1));
#9583=VERTEX_POINT('',#9582);
#9584=CARTESIAN_POINT('',(-6.505952634639E-1,1.901E1,-7.032346140580E-2));
#9585=VERTEX_POINT('',#9584);
#9586=CARTESIAN_POINT('',(-8.229356885679E-1,1.901E1,9.842653859420E-2));
#9587=VERTEX_POINT('',#9586);
#9588=CARTESIAN_POINT('',(-9.952761086426E-1,1.901E1,3.796764313058E-1));
#9589=VERTEX_POINT('',#9588);
#9590=CARTESIAN_POINT('',(-1.052722915334E0,1.901E1,7.171764313058E-1));
#9591=VERTEX_POINT('',#9590);
#9592=CARTESIAN_POINT('',(-4.958878995916E0,1.901E1,-4.078234614058E-1));
#9593=CARTESIAN_POINT('',(-4.958878995916E0,1.901E1,-7.032346140580E-2));
#9594=VERTEX_POINT('',#9592);
#9595=VERTEX_POINT('',#9593);
#9596=CARTESIAN_POINT('',(-2.258878995916E0,1.901E1,-7.032346140580E-2));
#9597=VERTEX_POINT('',#9596);
#9598=CARTESIAN_POINT('',(-2.258878995916E0,1.901E1,-5.765734614058E-1));
#9599=VERTEX_POINT('',#9598);
#9600=CARTESIAN_POINT('',(-4.671644947371E0,1.901E1,-1.420323461406E0));
#9601=VERTEX_POINT('',#9600);
#9602=CARTESIAN_POINT('',(-2.258878995916E0,1.901E1,-2.264073461406E0));
#9603=VERTEX_POINT('',#9602);
#9604=CARTESIAN_POINT('',(-2.258878995916E0,1.901E1,-2.770323461406E0));
#9605=VERTEX_POINT('',#9604);
#9606=CARTESIAN_POINT('',(-4.958878995916E0,1.901E1,-2.770323461406E0));
#9607=VERTEX_POINT('',#9606);
#9608=CARTESIAN_POINT('',(-4.958878995916E0,1.901E1,-2.432823461406E0));
#9609=VERTEX_POINT('',#9608);
#9610=CARTESIAN_POINT('',(-2.833347012541E0,1.901E1,-2.432823461406E0));
#9611=VERTEX_POINT('',#9610);
#9612=CARTESIAN_POINT('',(-4.958878995916E0,1.901E1,-1.645323488228E0));
#9613=VERTEX_POINT('',#9612);
#9614=CARTESIAN_POINT('',(-4.958878995916E0,1.901E1,-1.195323515050E0));
#9615=VERTEX_POINT('',#9614);
#9616=CARTESIAN_POINT('',(-2.833347012541E0,1.901E1,-4.078234614058E-1));
#9617=VERTEX_POINT('',#9616);
#9618=CARTESIAN_POINT('',(2.825729930634E0,1.9E1,-2.095323461406E0));
#9619=CARTESIAN_POINT('',(5.525729930634E0,1.9E1,-2.095323461406E0));
#9620=VERTEX_POINT('',#9618);
#9621=VERTEX_POINT('',#9619);
#9622=CARTESIAN_POINT('',(5.525729930634E0,1.9E1,-2.432823461406E0));
#9623=VERTEX_POINT('',#9622);
#9624=CARTESIAN_POINT('',(5.123602318997E0,1.9E1,-2.770323461406E0));
#9625=VERTEX_POINT('',#9624);
#9626=CARTESIAN_POINT('',(4.664027744765E0,1.9E1,-2.770323461406E0));
#9627=VERTEX_POINT('',#9626);
#9628=CARTESIAN_POINT('',(5.066155517334E0,1.9E1,-2.432823461406E0));
#9629=VERTEX_POINT('',#9628);
#9630=CARTESIAN_POINT('',(2.825729930634E0,1.9E1,-2.432823461406E0));
#9631=VERTEX_POINT('',#9630);
#9632=CARTESIAN_POINT('',(1.536600805097E-1,1.9E1,-2.770323461406E0));
#9633=CARTESIAN_POINT('',(1.536600805097E-1,1.9E1,-2.376573474817E0));
#9634=VERTEX_POINT('',#9632);
#9635=VERTEX_POINT('',#9633);
#9636=CARTESIAN_POINT('',(1.647277084666E0,1.9E1,-2.770323461406E0));
#9637=VERTEX_POINT('',#9636);
#9638=CARTESIAN_POINT('',(1.647277084666E0,1.9E1,-8.578235150500E-1));
#9639=VERTEX_POINT('',#9638);
#9640=CARTESIAN_POINT('',(1.360043076354E0,1.9E1,-8.578235150500E-1));
#9641=VERTEX_POINT('',#9640);
#9642=CARTESIAN_POINT('',(1.360043076354E0,1.9E1,-2.489073468111E0));
#9643=VERTEX_POINT('',#9642);
#9644=CARTESIAN_POINT('',(4.408940888219E-1,1.9E1,-2.489073468111E0));
#9645=VERTEX_POINT('',#9644);
#9646=CARTESIAN_POINT('',(6.132344938092E-1,1.9E1,-2.207823474817E0));
#9647=VERTEX_POINT('',#9646);
#9648=CARTESIAN_POINT('',(6.706812954717E-1,1.9E1,-1.926573461406E0));
#9649=VERTEX_POINT('',#9648);
#9650=CARTESIAN_POINT('',(6.706812954717E-1,1.9E1,-1.589073461406E0));
#9651=VERTEX_POINT('',#9650);
#9652=CARTESIAN_POINT('',(6.132344938092E-1,1.9E1,-1.307823407762E0));
#9653=VERTEX_POINT('',#9652);
#9654=CARTESIAN_POINT('',(4.408940888219E-1,1.9E1,-1.026573515050E0));
#9655=VERTEX_POINT('',#9654);
#9656=CARTESIAN_POINT('',(2.111068821721E-1,1.9E1,-8.578235150500E-1));
#9657=VERTEX_POINT('',#9656);
#9658=CARTESIAN_POINT('',(-7.612720660636E-2,1.9E1,-7.453234614058E-1));
#9659=VERTEX_POINT('',#9658);
#9660=CARTESIAN_POINT('',(-3.059144132561E-1,1.9E1,-7.453234614058E-1));
#9661=VERTEX_POINT('',#9660);
#9662=CARTESIAN_POINT('',(-5.931484618015E-1,1.9E1,-8.578235150500E-1));
#9663=VERTEX_POINT('',#9662);
#9664=CARTESIAN_POINT('',(-8.229356885679E-1,1.9E1,-1.026573515050E0));
#9665=VERTEX_POINT('',#9664);
#9666=CARTESIAN_POINT('',(-9.952761086426E-1,1.9E1,-1.307823407762E0));
#9667=VERTEX_POINT('',#9666);
#9668=CARTESIAN_POINT('',(-1.052722915334E0,1.9E1,-1.589073461406E0));
#9669=VERTEX_POINT('',#9668);
#9670=CARTESIAN_POINT('',(-1.052722915334E0,1.9E1,-1.926573461406E0));
#9671=VERTEX_POINT('',#9670);
#9672=CARTESIAN_POINT('',(-9.952761086426E-1,1.9E1,-2.207823474817E0));
#9673=VERTEX_POINT('',#9672);
#9674=CARTESIAN_POINT('',(-8.229356885679E-1,1.9E1,-2.489073468111E0));
#9675=VERTEX_POINT('',#9674);
#9676=CARTESIAN_POINT('',(-5.931484618015E-1,1.9E1,-2.657823458053E0));
#9677=VERTEX_POINT('',#9676);
#9678=CARTESIAN_POINT('',(-3.633612149186E-1,1.9E1,-2.770323461406E0));
#9679=VERTEX_POINT('',#9678);
#9680=CARTESIAN_POINT('',(-3.633612149186E-1,1.9E1,-2.432823461406E0));
#9681=VERTEX_POINT('',#9680);
#9682=CARTESIAN_POINT('',(-5.931484618015E-1,1.9E1,-2.320323447995E0));
#9683=VERTEX_POINT('',#9682);
#9684=CARTESIAN_POINT('',(-7.080420651264E-1,1.9E1,-2.151573447995E0));
#9685=VERTEX_POINT('',#9684);
#9686=CARTESIAN_POINT('',(-7.654888667888E-1,1.9E1,-1.926573461406E0));
#9687=VERTEX_POINT('',#9686);
#9688=CARTESIAN_POINT('',(-7.654888667888E-1,1.9E1,-1.589073461406E0));
#9689=VERTEX_POINT('',#9688);
#9690=CARTESIAN_POINT('',(-7.080420651264E-1,1.9E1,-1.364073515050E0));
#9691=VERTEX_POINT('',#9690);
#9692=CARTESIAN_POINT('',(-5.931484618015E-1,1.9E1,-1.195323515050E0));
#9693=VERTEX_POINT('',#9692);
#9694=CARTESIAN_POINT('',(-4.208080165810E-1,1.9E1,-1.082823461406E0));
#9695=VERTEX_POINT('',#9694);
#9696=CARTESIAN_POINT('',(-2.484676115937E-1,1.9E1,-1.026573515050E0));
#9697=VERTEX_POINT('',#9696);
#9698=CARTESIAN_POINT('',(-1.335740082688E-1,1.9E1,-1.026573515050E0));
#9699=VERTEX_POINT('',#9698);
#9700=CARTESIAN_POINT('',(3.876647718480E-2,1.9E1,-1.082823461406E0));
#9701=VERTEX_POINT('',#9700);
#9702=CARTESIAN_POINT('',(2.111068821721E-1,1.9E1,-1.195323515050E0));
#9703=VERTEX_POINT('',#9702);
#9704=CARTESIAN_POINT('',(3.260004854970E-1,1.9E1,-1.364073515050E0));
#9705=VERTEX_POINT('',#9704);
#9706=CARTESIAN_POINT('',(3.834472871595E-1,1.9E1,-1.589073461406E0));
#9707=VERTEX_POINT('',#9706);
#9708=CARTESIAN_POINT('',(3.834472871595E-1,1.9E1,-1.926573461406E0));
#9709=VERTEX_POINT('',#9708);
#9710=CARTESIAN_POINT('',(3.260004854970E-1,1.9E1,-2.151573447995E0));
#9711=VERTEX_POINT('',#9710);
#9712=CARTESIAN_POINT('',(5.557876921468E-1,1.9E1,-2.953234077616E-1));
#9713=CARTESIAN_POINT('',(3.876647718480E-2,1.9E1,-2.953234077616E-1));
#9714=VERTEX_POINT('',#9712);
#9715=VERTEX_POINT('',#9713);
#9716=CARTESIAN_POINT('',(-2.484676115937E-1,1.9E1,-2.390734614058E-1));
#9717=VERTEX_POINT('',#9716);
#9718=CARTESIAN_POINT('',(-4.208080165810E-1,1.9E1,-1.828235150500E-1));
#9719=VERTEX_POINT('',#9718);
#9720=CARTESIAN_POINT('',(-6.505952634639E-1,1.9E1,-7.032346140580E-2));
#9721=VERTEX_POINT('',#9720);
#9722=CARTESIAN_POINT('',(-8.229356885679E-1,1.9E1,9.842653859420E-2));
#9723=VERTEX_POINT('',#9722);
#9724=CARTESIAN_POINT('',(-9.952761086426E-1,1.9E1,3.796764313058E-1));
#9725=VERTEX_POINT('',#9724);
#9726=CARTESIAN_POINT('',(-1.052722915334E0,1.9E1,7.171764313058E-1));
#9727=VERTEX_POINT('',#9726);
#9728=CARTESIAN_POINT('',(-4.958878995916E0,1.9E1,-4.078234614058E-1));
#9729=CARTESIAN_POINT('',(-4.958878995916E0,1.9E1,-7.032346140580E-2));
#9730=VERTEX_POINT('',#9728);
#9731=VERTEX_POINT('',#9729);
#9732=CARTESIAN_POINT('',(-2.258878995916E0,1.9E1,-7.032346140580E-2));
#9733=VERTEX_POINT('',#9732);
#9734=CARTESIAN_POINT('',(-2.258878995916E0,1.9E1,-5.765734614058E-1));
#9735=VERTEX_POINT('',#9734);
#9736=CARTESIAN_POINT('',(-4.671644947371E0,1.9E1,-1.420323461406E0));
#9737=VERTEX_POINT('',#9736);
#9738=CARTESIAN_POINT('',(-2.258878995916E0,1.9E1,-2.264073461406E0));
#9739=VERTEX_POINT('',#9738);
#9740=CARTESIAN_POINT('',(-2.258878995916E0,1.9E1,-2.770323461406E0));
#9741=VERTEX_POINT('',#9740);
#9742=CARTESIAN_POINT('',(-4.958878995916E0,1.9E1,-2.770323461406E0));
#9743=VERTEX_POINT('',#9742);
#9744=CARTESIAN_POINT('',(-4.958878995916E0,1.9E1,-2.432823461406E0));
#9745=VERTEX_POINT('',#9744);
#9746=CARTESIAN_POINT('',(-2.833347012541E0,1.9E1,-2.432823461406E0));
#9747=VERTEX_POINT('',#9746);
#9748=CARTESIAN_POINT('',(-4.958878995916E0,1.9E1,-1.645323488228E0));
#9749=VERTEX_POINT('',#9748);
#9750=CARTESIAN_POINT('',(-4.958878995916E0,1.9E1,-1.195323515050E0));
#9751=VERTEX_POINT('',#9750);
#9752=CARTESIAN_POINT('',(-2.833347012541E0,1.9E1,-4.078234614058E-1));
#9753=VERTEX_POINT('',#9752);
#9754=CARTESIAN_POINT('',(4.032112926478E0,1.901E1,-1.251573461406E0));
#9755=CARTESIAN_POINT('',(4.204453331465E0,1.901E1,-1.026573515050E0));
#9756=VERTEX_POINT('',#9754);
#9757=VERTEX_POINT('',#9755);
#9758=CARTESIAN_POINT('',(4.261900133128E0,1.901E1,-8.015734077616E-1));
#9759=VERTEX_POINT('',#9758);
#9760=CARTESIAN_POINT('',(4.261900133128E0,1.901E1,-4.640734077616E-1));
#9761=VERTEX_POINT('',#9760);
#9762=CARTESIAN_POINT('',(4.204453331465E0,1.901E1,-2.390734614058E-1));
#9763=VERTEX_POINT('',#9762);
#9764=CARTESIAN_POINT('',(4.089559728140E0,1.901E1,-7.032346140580E-2));
#9765=VERTEX_POINT('',#9764);
#9766=CARTESIAN_POINT('',(3.917219323153E0,1.901E1,4.217643130584E-2));
#9767=VERTEX_POINT('',#9766);
#9768=CARTESIAN_POINT('',(3.744878837699E0,1.901E1,9.842653859420E-2));
#9769=VERTEX_POINT('',#9768);
#9770=CARTESIAN_POINT('',(3.629985234374E0,1.901E1,9.842653859420E-2));
#9771=VERTEX_POINT('',#9770);
#9772=CARTESIAN_POINT('',(3.457644829387E0,1.901E1,4.217643130584E-2));
#9773=VERTEX_POINT('',#9772);
#9774=CARTESIAN_POINT('',(3.285304384167E0,1.901E1,-7.032346140580E-2));
#9775=VERTEX_POINT('',#9774);
#9776=CARTESIAN_POINT('',(3.170410780842E0,1.901E1,-2.390734614058E-1));
#9777=VERTEX_POINT('',#9776);
#9778=CARTESIAN_POINT('',(3.112963979179E0,1.901E1,-4.640734077616E-1));
#9779=VERTEX_POINT('',#9778);
#9780=CARTESIAN_POINT('',(3.112963979179E0,1.901E1,-8.015734077616E-1));
#9781=VERTEX_POINT('',#9780);
#9782=CARTESIAN_POINT('',(3.170410780842E0,1.901E1,-1.026573515050E0));
#9783=VERTEX_POINT('',#9782);
#9784=CARTESIAN_POINT('',(3.285304384167E0,1.901E1,-1.195323515050E0));
#9785=VERTEX_POINT('',#9784);
#9786=CARTESIAN_POINT('',(3.515091631050E0,1.901E1,-1.307823407762E0));
#9787=VERTEX_POINT('',#9786);
#9788=CARTESIAN_POINT('',(3.515091631050E0,1.901E1,-1.645323488228E0));
#9789=VERTEX_POINT('',#9788);
#9790=CARTESIAN_POINT('',(3.285304384167E0,1.901E1,-1.532823434584E0));
#9791=VERTEX_POINT('',#9790);
#9792=CARTESIAN_POINT('',(3.055517157400E0,1.901E1,-1.364073515050E0));
#9793=VERTEX_POINT('',#9792);
#9794=CARTESIAN_POINT('',(2.883176737326E0,1.901E1,-1.082823461406E0));
#9795=VERTEX_POINT('',#9794);
#9796=CARTESIAN_POINT('',(2.825729930634E0,1.901E1,-8.015734077616E-1));
#9797=VERTEX_POINT('',#9796);
#9798=CARTESIAN_POINT('',(2.825729930634E0,1.901E1,-4.640734077616E-1));
#9799=VERTEX_POINT('',#9798);
#9800=CARTESIAN_POINT('',(2.883176737326E0,1.901E1,-1.828235150500E-1));
#9801=VERTEX_POINT('',#9800);
#9802=CARTESIAN_POINT('',(3.055517157400E0,1.901E1,9.842653859420E-2));
#9803=VERTEX_POINT('',#9802);
#9804=CARTESIAN_POINT('',(3.285304384167E0,1.901E1,2.671765385942E-1));
#9805=VERTEX_POINT('',#9804);
#9806=CARTESIAN_POINT('',(3.572538432712E0,1.901E1,3.796764313058E-1));
#9807=VERTEX_POINT('',#9806);
#9808=CARTESIAN_POINT('',(3.802325639362E0,1.901E1,3.796764313058E-1));
#9809=VERTEX_POINT('',#9808);
#9810=CARTESIAN_POINT('',(4.089559728140E0,1.901E1,2.671765385942E-1));
#9811=VERTEX_POINT('',#9810);
#9812=CARTESIAN_POINT('',(4.319346934790E0,1.901E1,9.842653859420E-2));
#9813=VERTEX_POINT('',#9812);
#9814=CARTESIAN_POINT('',(4.491687339777E0,1.901E1,-1.828235150500E-1));
#9815=VERTEX_POINT('',#9814);
#9816=CARTESIAN_POINT('',(4.549134141440E0,1.901E1,-4.640734077616E-1));
#9817=VERTEX_POINT('',#9816);
#9818=CARTESIAN_POINT('',(4.549134141440E0,1.901E1,-8.015734077616E-1));
#9819=VERTEX_POINT('',#9818);
#9820=CARTESIAN_POINT('',(4.491687339777E0,1.901E1,-1.082823461406E0));
#9821=VERTEX_POINT('',#9820);
#9822=CARTESIAN_POINT('',(4.319346934790E0,1.901E1,-1.364073515050E0));
#9823=VERTEX_POINT('',#9822);
#9824=CARTESIAN_POINT('',(5.238495922322E0,1.901E1,-1.364073515050E0));
#9825=VERTEX_POINT('',#9824);
#9826=CARTESIAN_POINT('',(5.238495922322E0,1.901E1,2.671765385942E-1));
#9827=VERTEX_POINT('',#9826);
#9828=CARTESIAN_POINT('',(5.525729930634E0,1.901E1,2.671765385942E-1));
#9829=VERTEX_POINT('',#9828);
#9830=CARTESIAN_POINT('',(5.525729930634E0,1.901E1,-1.645323488228E0));
#9831=VERTEX_POINT('',#9830);
#9832=CARTESIAN_POINT('',(4.032112926478E0,1.901E1,-1.645323488228E0));
#9833=VERTEX_POINT('',#9832);
#9834=CARTESIAN_POINT('',(4.434240538115E0,1.901E1,8.296766458826E-1));
#9835=CARTESIAN_POINT('',(3.917219323153E0,1.901E1,8.296766458826E-1));
#9836=VERTEX_POINT('',#9834);
#9837=VERTEX_POINT('',#9835);
#9838=CARTESIAN_POINT('',(3.629985234374E0,1.901E1,8.859264313058E-1));
#9839=VERTEX_POINT('',#9838);
#9840=CARTESIAN_POINT('',(3.457644829387E0,1.901E1,9.421765385942E-1));
#9841=VERTEX_POINT('',#9840);
#9842=CARTESIAN_POINT('',(3.227857582504E0,1.901E1,1.054676431306E0));
#9843=VERTEX_POINT('',#9842);
#9844=CARTESIAN_POINT('',(3.055517157400E0,1.901E1,1.223426431306E0));
#9845=VERTEX_POINT('',#9844);
#9846=CARTESIAN_POINT('',(2.883176737326E0,1.901E1,1.504676645883E0));
#9847=VERTEX_POINT('',#9846);
#9848=CARTESIAN_POINT('',(2.825729930634E0,1.901E1,1.842176645883E0));
#9849=VERTEX_POINT('',#9848);
#9850=CARTESIAN_POINT('',(2.883176737326E0,1.901E1,2.179676645883E0));
#9851=VERTEX_POINT('',#9850);
#9852=CARTESIAN_POINT('',(3.055517157400E0,1.901E1,2.460926538594E0));
#9853=VERTEX_POINT('',#9852);
#9854=CARTESIAN_POINT('',(3.227857582504E0,1.901E1,2.629676538594E0));
#9855=VERTEX_POINT('',#9854);
#9856=CARTESIAN_POINT('',(3.457644829387E0,1.901E1,2.742176753171E0));
#9857=VERTEX_POINT('',#9856);
#9858=CARTESIAN_POINT('',(3.629985234374E0,1.901E1,2.798426538594E0));
#9859=VERTEX_POINT('',#9858);
#9860=CARTESIAN_POINT('',(3.917219323153E0,1.901E1,2.854676324017E0));
#9861=VERTEX_POINT('',#9860);
#9862=CARTESIAN_POINT('',(4.434240538115E0,1.901E1,2.854676324017E0));
#9863=VERTEX_POINT('',#9862);
#9864=CARTESIAN_POINT('',(4.721474546427E0,1.901E1,2.798426538594E0));
#9865=VERTEX_POINT('',#9864);
#9866=CARTESIAN_POINT('',(4.893815112347E0,1.901E1,2.742176753171E0));
#9867=VERTEX_POINT('',#9866);
#9868=CARTESIAN_POINT('',(5.123602318997E0,1.901E1,2.629676538594E0));
#9869=VERTEX_POINT('',#9868);
#9870=CARTESIAN_POINT('',(5.295942723984E0,1.901E1,2.460926538594E0));
#9871=VERTEX_POINT('',#9870);
#9872=CARTESIAN_POINT('',(5.468283128971E0,1.901E1,2.179676645883E0));
#9873=VERTEX_POINT('',#9872);
#9874=CARTESIAN_POINT('',(5.525729930634E0,1.901E1,1.842176645883E0));
#9875=VERTEX_POINT('',#9874);
#9876=CARTESIAN_POINT('',(5.468283128971E0,1.901E1,1.504676645883E0));
#9877=VERTEX_POINT('',#9876);
#9878=CARTESIAN_POINT('',(5.295942723984E0,1.901E1,1.223426431306E0));
#9879=VERTEX_POINT('',#9878);
#9880=CARTESIAN_POINT('',(5.123602318997E0,1.901E1,1.054676431306E0));
#9881=VERTEX_POINT('',#9880);
#9882=CARTESIAN_POINT('',(4.893815112347E0,1.901E1,9.421765385942E-1));
#9883=VERTEX_POINT('',#9882);
#9884=CARTESIAN_POINT('',(4.721474546427E0,1.901E1,8.859264313058E-1));
#9885=VERTEX_POINT('',#9884);
#9886=CARTESIAN_POINT('',(4.376793736452E0,1.901E1,1.110926538594E0));
#9887=CARTESIAN_POINT('',(4.721474546427E0,1.901E1,1.167176645883E0));
#9888=VERTEX_POINT('',#9886);
#9889=VERTEX_POINT('',#9887);
#9890=CARTESIAN_POINT('',(5.066155517334E0,1.901E1,1.392176431306E0));
#9891=VERTEX_POINT('',#9890);
#9892=CARTESIAN_POINT('',(5.181049120659E0,1.901E1,1.560926431306E0));
#9893=VERTEX_POINT('',#9892);
#9894=CARTESIAN_POINT('',(5.238495922322E0,1.901E1,1.842176645883E0));
#9895=VERTEX_POINT('',#9894);
#9896=CARTESIAN_POINT('',(5.181049120659E0,1.901E1,2.123426538594E0));
#9897=VERTEX_POINT('',#9896);
#9898=CARTESIAN_POINT('',(5.066155517334E0,1.901E1,2.292176538594E0));
#9899=VERTEX_POINT('',#9898);
#9900=CARTESIAN_POINT('',(4.721474546427E0,1.901E1,2.517176645883E0));
#9901=VERTEX_POINT('',#9900);
#9902=CARTESIAN_POINT('',(4.376793736452E0,1.901E1,2.573426431306E0));
#9903=VERTEX_POINT('',#9902);
#9904=CARTESIAN_POINT('',(3.974666124815E0,1.901E1,2.573426431306E0));
#9905=VERTEX_POINT('',#9904);
#9906=CARTESIAN_POINT('',(3.629985234374E0,1.901E1,2.517176645883E0));
#9907=VERTEX_POINT('',#9906);
#9908=CARTESIAN_POINT('',(3.285304384167E0,1.901E1,2.292176538594E0));
#9909=VERTEX_POINT('',#9908);
#9910=CARTESIAN_POINT('',(3.170410780842E0,1.901E1,2.123426538594E0));
#9911=VERTEX_POINT('',#9910);
#9912=CARTESIAN_POINT('',(3.112963979179E0,1.901E1,1.842176645883E0));
#9913=VERTEX_POINT('',#9912);
#9914=CARTESIAN_POINT('',(3.170410780842E0,1.901E1,1.560926431306E0));
#9915=VERTEX_POINT('',#9914);
#9916=CARTESIAN_POINT('',(3.285304384167E0,1.901E1,1.392176431306E0));
#9917=VERTEX_POINT('',#9916);
#9918=CARTESIAN_POINT('',(3.629985234374E0,1.901E1,1.167176645883E0));
#9919=VERTEX_POINT('',#9918);
#9920=CARTESIAN_POINT('',(3.974666124815E0,1.901E1,1.110926538594E0));
#9921=VERTEX_POINT('',#9920);
#9922=CARTESIAN_POINT('',(4.434240538115E0,1.901E1,3.304676538594E0));
#9923=CARTESIAN_POINT('',(3.917219323153E0,1.901E1,3.304676538594E0));
#9924=VERTEX_POINT('',#9922);
#9925=VERTEX_POINT('',#9923);
#9926=CARTESIAN_POINT('',(3.629985234374E0,1.901E1,3.360926324017E0));
#9927=VERTEX_POINT('',#9926);
#9928=CARTESIAN_POINT('',(3.457644829387E0,1.901E1,3.417176753171E0));
#9929=VERTEX_POINT('',#9928);
#9930=CARTESIAN_POINT('',(3.227857582504E0,1.901E1,3.529676324017E0));
#9931=VERTEX_POINT('',#9930);
#9932=CARTESIAN_POINT('',(3.055517157400E0,1.901E1,3.698426324017E0));
#9933=VERTEX_POINT('',#9932);
#9934=CARTESIAN_POINT('',(2.883176737326E0,1.901E1,3.979676538594E0));
#9935=VERTEX_POINT('',#9934);
#9936=CARTESIAN_POINT('',(2.825729930634E0,1.901E1,4.317176538594E0));
#9937=VERTEX_POINT('',#9936);
#9938=CARTESIAN_POINT('',(2.883176737326E0,1.901E1,4.654676538594E0));
#9939=VERTEX_POINT('',#9938);
#9940=CARTESIAN_POINT('',(3.055517157400E0,1.901E1,4.935926753171E0));
#9941=VERTEX_POINT('',#9940);
#9942=CARTESIAN_POINT('',(3.227857582504E0,1.901E1,5.104676753171E0));
#9943=VERTEX_POINT('',#9942);
#9944=CARTESIAN_POINT('',(3.457644829387E0,1.901E1,5.217176324017E0));
#9945=VERTEX_POINT('',#9944);
#9946=CARTESIAN_POINT('',(3.629985234374E0,1.901E1,5.273426753171E0));
#9947=VERTEX_POINT('',#9946);
#9948=CARTESIAN_POINT('',(3.917219323153E0,1.901E1,5.329676538594E0));
#9949=VERTEX_POINT('',#9948);
#9950=CARTESIAN_POINT('',(4.434240538115E0,1.901E1,5.329676538594E0));
#9951=VERTEX_POINT('',#9950);
#9952=CARTESIAN_POINT('',(4.721474546427E0,1.901E1,5.273426753171E0));
#9953=VERTEX_POINT('',#9952);
#9954=CARTESIAN_POINT('',(4.893815112347E0,1.901E1,5.217176324017E0));
#9955=VERTEX_POINT('',#9954);
#9956=CARTESIAN_POINT('',(5.123602318997E0,1.901E1,5.104676753171E0));
#9957=VERTEX_POINT('',#9956);
#9958=CARTESIAN_POINT('',(5.295942723984E0,1.901E1,4.935926753171E0));
#9959=VERTEX_POINT('',#9958);
#9960=CARTESIAN_POINT('',(5.468283128971E0,1.901E1,4.654676538594E0));
#9961=VERTEX_POINT('',#9960);
#9962=CARTESIAN_POINT('',(5.525729930634E0,1.901E1,4.317176538594E0));
#9963=VERTEX_POINT('',#9962);
#9964=CARTESIAN_POINT('',(5.468283128971E0,1.901E1,3.979676538594E0));
#9965=VERTEX_POINT('',#9964);
#9966=CARTESIAN_POINT('',(5.295942723984E0,1.901E1,3.698426324017E0));
#9967=VERTEX_POINT('',#9966);
#9968=CARTESIAN_POINT('',(5.123602318997E0,1.901E1,3.529676324017E0));
#9969=VERTEX_POINT('',#9968);
#9970=CARTESIAN_POINT('',(4.893815112347E0,1.901E1,3.417176753171E0));
#9971=VERTEX_POINT('',#9970);
#9972=CARTESIAN_POINT('',(4.721474546427E0,1.901E1,3.360926324017E0));
#9973=VERTEX_POINT('',#9972);
#9974=CARTESIAN_POINT('',(4.376793736452E0,1.901E1,3.585926753171E0));
#9975=CARTESIAN_POINT('',(4.721474546427E0,1.901E1,3.642176538594E0));
#9976=VERTEX_POINT('',#9974);
#9977=VERTEX_POINT('',#9975);
#9978=CARTESIAN_POINT('',(5.066155517334E0,1.901E1,3.867176324017E0));
#9979=VERTEX_POINT('',#9978);
#9980=CARTESIAN_POINT('',(5.181049120659E0,1.901E1,4.035926324017E0));
#9981=VERTEX_POINT('',#9980);
#9982=CARTESIAN_POINT('',(5.238495922322E0,1.901E1,4.317176538594E0));
#9983=VERTEX_POINT('',#9982);
#9984=CARTESIAN_POINT('',(5.181049120659E0,1.901E1,4.598426753171E0));
#9985=VERTEX_POINT('',#9984);
#9986=CARTESIAN_POINT('',(5.066155517334E0,1.901E1,4.767176753171E0));
#9987=VERTEX_POINT('',#9986);
#9988=CARTESIAN_POINT('',(4.721474546427E0,1.901E1,4.992176538594E0));
#9989=VERTEX_POINT('',#9988);
#9990=CARTESIAN_POINT('',(4.376793736452E0,1.901E1,5.048426324017E0));
#9991=VERTEX_POINT('',#9990);
#9992=CARTESIAN_POINT('',(3.974666124815E0,1.901E1,5.048426324017E0));
#9993=VERTEX_POINT('',#9992);
#9994=CARTESIAN_POINT('',(3.629985234374E0,1.901E1,4.992176538594E0));
#9995=VERTEX_POINT('',#9994);
#9996=CARTESIAN_POINT('',(3.285304384167E0,1.901E1,4.767176753171E0));
#9997=VERTEX_POINT('',#9996);
#9998=CARTESIAN_POINT('',(3.170410780842E0,1.901E1,4.598426753171E0));
#9999=VERTEX_POINT('',#9998);
#10000=CARTESIAN_POINT('',(3.112963979179E0,1.901E1,4.317176538594E0));
#10001=VERTEX_POINT('',#10000);
#10002=CARTESIAN_POINT('',(3.170410780842E0,1.901E1,4.035926324017E0));
#10003=VERTEX_POINT('',#10002);
#10004=CARTESIAN_POINT('',(3.285304384167E0,1.901E1,3.867176324017E0));
#10005=VERTEX_POINT('',#10004);
#10006=CARTESIAN_POINT('',(3.629985234374E0,1.901E1,3.642176538594E0));
#10007=VERTEX_POINT('',#10006);
#10008=CARTESIAN_POINT('',(3.974666124815E0,1.901E1,3.585926753171E0));
#10009=VERTEX_POINT('',#10008);
#10010=CARTESIAN_POINT('',(-9.952761086426E-1,1.901E1,1.054676431306E0));
#10011=VERTEX_POINT('',#10010);
#10012=CARTESIAN_POINT('',(-8.229356885679E-1,1.901E1,1.335926645883E0));
#10013=VERTEX_POINT('',#10012);
#10014=CARTESIAN_POINT('',(-6.505952634639E-1,1.901E1,1.504676645883E0));
#10015=VERTEX_POINT('',#10014);
#10016=CARTESIAN_POINT('',(-4.208080165810E-1,1.901E1,1.617176538594E0));
#10017=VERTEX_POINT('',#10016);
#10018=CARTESIAN_POINT('',(-2.484676115937E-1,1.901E1,1.673426645883E0));
#10019=VERTEX_POINT('',#10018);
#10020=CARTESIAN_POINT('',(3.876647718480E-2,1.901E1,1.729676431306E0));
#10021=VERTEX_POINT('',#10020);
#10022=CARTESIAN_POINT('',(5.557876921468E-1,1.901E1,1.729676431306E0));
#10023=VERTEX_POINT('',#10022);
#10024=CARTESIAN_POINT('',(8.430217004590E-1,1.901E1,1.673426645883E0));
#10025=VERTEX_POINT('',#10024);
#10026=CARTESIAN_POINT('',(1.015362266379E0,1.901E1,1.617176538594E0));
#10027=VERTEX_POINT('',#10026);
#10028=CARTESIAN_POINT('',(1.245149473029E0,1.901E1,1.504676645883E0));
#10029=VERTEX_POINT('',#10028);
#10030=CARTESIAN_POINT('',(1.417489878016E0,1.901E1,1.335926645883E0));
#10031=VERTEX_POINT('',#10030);
#10032=CARTESIAN_POINT('',(1.589830283003E0,1.901E1,1.054676431306E0));
#10033=VERTEX_POINT('',#10032);
#10034=CARTESIAN_POINT('',(1.647277084666E0,1.901E1,7.171764313058E-1));
#10035=VERTEX_POINT('',#10034);
#10036=CARTESIAN_POINT('',(1.589830283003E0,1.901E1,3.796764313058E-1));
#10037=VERTEX_POINT('',#10036);
#10038=CARTESIAN_POINT('',(1.417489878016E0,1.901E1,9.842653859420E-2));
#10039=VERTEX_POINT('',#10038);
#10040=CARTESIAN_POINT('',(1.245149473029E0,1.901E1,-7.032346140580E-2));
#10041=VERTEX_POINT('',#10040);
#10042=CARTESIAN_POINT('',(1.015362266379E0,1.901E1,-1.828235150500E-1));
#10043=VERTEX_POINT('',#10042);
#10044=CARTESIAN_POINT('',(8.430217004590E-1,1.901E1,-2.390734614058E-1));
#10045=VERTEX_POINT('',#10044);
#10046=CARTESIAN_POINT('',(4.983408904844E-1,1.901E1,-1.407335411744E-2));
#10047=CARTESIAN_POINT('',(8.430217004590E-1,1.901E1,4.217643130584E-2));
#10048=VERTEX_POINT('',#10046);
#10049=VERTEX_POINT('',#10047);
#10050=CARTESIAN_POINT('',(1.187702671366E0,1.901E1,2.671765385942E-1));
#10051=VERTEX_POINT('',#10050);
#10052=CARTESIAN_POINT('',(1.302596274691E0,1.901E1,4.359265385942E-1));
#10053=VERTEX_POINT('',#10052);
#10054=CARTESIAN_POINT('',(1.360043076354E0,1.901E1,7.171764313058E-1));
#10055=VERTEX_POINT('',#10054);
#10056=CARTESIAN_POINT('',(1.302596274691E0,1.901E1,9.984266458826E-1));
#10057=VERTEX_POINT('',#10056);
#10058=CARTESIAN_POINT('',(1.187702671366E0,1.901E1,1.167176645883E0));
#10059=VERTEX_POINT('',#10058);
#10060=CARTESIAN_POINT('',(8.430217004590E-1,1.901E1,1.392176431306E0));
#10061=VERTEX_POINT('',#10060);
#10062=CARTESIAN_POINT('',(4.983408904844E-1,1.901E1,1.448426538594E0));
#10063=VERTEX_POINT('',#10062);
#10064=CARTESIAN_POINT('',(9.621327884724E-2,1.901E1,1.448426538594E0));
#10065=VERTEX_POINT('',#10064);
#10066=CARTESIAN_POINT('',(-2.484676115937E-1,1.901E1,1.392176431306E0));
#10067=VERTEX_POINT('',#10066);
#10068=CARTESIAN_POINT('',(-5.931484618015E-1,1.901E1,1.167176645883E0));
#10069=VERTEX_POINT('',#10068);
#10070=CARTESIAN_POINT('',(-7.080420651264E-1,1.901E1,9.984266458826E-1));
#10071=VERTEX_POINT('',#10070);
#10072=CARTESIAN_POINT('',(-7.654888667888E-1,1.901E1,7.171764313058E-1));
#10073=VERTEX_POINT('',#10072);
#10074=CARTESIAN_POINT('',(-7.080420651264E-1,1.901E1,4.359265385942E-1));
#10075=VERTEX_POINT('',#10074);
#10076=CARTESIAN_POINT('',(-5.931484618015E-1,1.901E1,2.671765385942E-1));
#10077=VERTEX_POINT('',#10076);
#10078=CARTESIAN_POINT('',(-2.484676115937E-1,1.901E1,4.217643130584E-2));
#10079=VERTEX_POINT('',#10078);
#10080=CARTESIAN_POINT('',(9.621327884724E-2,1.901E1,-1.407335411744E-2));
#10081=VERTEX_POINT('',#10080);
#10082=CARTESIAN_POINT('',(-1.052722915334E0,1.901E1,3.529676324017E0));
#10083=CARTESIAN_POINT('',(1.647277084666E0,1.901E1,4.429676753171E0));
#10084=VERTEX_POINT('',#10082);
#10085=VERTEX_POINT('',#10083);
#10086=CARTESIAN_POINT('',(1.647277084666E0,1.901E1,4.092176753171E0));
#10087=VERTEX_POINT('',#10086);
#10088=CARTESIAN_POINT('',(-7.080420651264E-1,1.901E1,3.304676538594E0));
#10089=VERTEX_POINT('',#10088);
#10090=CARTESIAN_POINT('',(1.647277084666E0,1.901E1,2.517176645883E0));
#10091=VERTEX_POINT('',#10090);
#10092=CARTESIAN_POINT('',(1.647277084666E0,1.901E1,2.179676645883E0));
#10093=VERTEX_POINT('',#10092);
#10094=CARTESIAN_POINT('',(-1.052722915334E0,1.901E1,3.079676753171E0));
#10095=VERTEX_POINT('',#10094);
#10096=CARTESIAN_POINT('',(-4.958878995916E0,1.901E1,7.171764313058E-1));
#10097=CARTESIAN_POINT('',(-3.695049198410E0,1.901E1,7.171764313058E-1));
#10098=VERTEX_POINT('',#10096);
#10099=VERTEX_POINT('',#10097);
#10100=CARTESIAN_POINT('',(-3.695049198410E0,1.901E1,2.292176538594E0));
#10101=VERTEX_POINT('',#10100);
#10102=CARTESIAN_POINT('',(-4.958878995916E0,1.901E1,2.292176538594E0));
#10103=VERTEX_POINT('',#10102);
#10104=CARTESIAN_POINT('',(-4.958878995916E0,1.901E1,2.629676538594E0));
#10105=VERTEX_POINT('',#10104);
#10106=CARTESIAN_POINT('',(-2.258878995916E0,1.901E1,2.629676538594E0));
#10107=VERTEX_POINT('',#10106);
#10108=CARTESIAN_POINT('',(-2.258878995916E0,1.901E1,2.292176538594E0));
#10109=VERTEX_POINT('',#10108);
#10110=CARTESIAN_POINT('',(-3.350368388435E0,1.901E1,2.292176538594E0));
#10111=VERTEX_POINT('',#10110);
#10112=CARTESIAN_POINT('',(-3.350368388435E0,1.901E1,7.171764313058E-1));
#10113=VERTEX_POINT('',#10112);
#10114=CARTESIAN_POINT('',(-2.258878995916E0,1.901E1,7.171764313058E-1));
#10115=VERTEX_POINT('',#10114);
#10116=CARTESIAN_POINT('',(-2.258878995916E0,1.901E1,3.796764313058E-1));
#10117=VERTEX_POINT('',#10116);
#10118=CARTESIAN_POINT('',(-4.958878995916E0,1.901E1,3.796764313058E-1));
#10119=VERTEX_POINT('',#10118);
#10120=CARTESIAN_POINT('',(-4.269517295501E0,1.901E1,5.273426753171E0));
#10121=CARTESIAN_POINT('',(-4.269517295501E0,1.901E1,4.935926753171E0));
#10122=VERTEX_POINT('',#10120);
#10123=VERTEX_POINT('',#10121);
#10124=CARTESIAN_POINT('',(-4.441857700488E0,1.901E1,4.879676324017E0));
#10125=VERTEX_POINT('',#10124);
#10126=CARTESIAN_POINT('',(-4.556751344046E0,1.901E1,4.710926324017E0));
#10127=VERTEX_POINT('',#10126);
#10128=CARTESIAN_POINT('',(-4.614198145709E0,1.901E1,4.485926538594E0));
#10129=VERTEX_POINT('',#10128);
#10130=CARTESIAN_POINT('',(-4.614198145709E0,1.901E1,3.979676538594E0));
#10131=VERTEX_POINT('',#10130);
#10132=CARTESIAN_POINT('',(-4.556751344046E0,1.901E1,3.754676753171E0));
#10133=VERTEX_POINT('',#10132);
#10134=CARTESIAN_POINT('',(-4.441857700488E0,1.901E1,3.585926753171E0));
#10135=VERTEX_POINT('',#10134);
#10136=CARTESIAN_POINT('',(-4.269517295501E0,1.901E1,3.473426538594E0));
#10137=VERTEX_POINT('',#10136);
#10138=CARTESIAN_POINT('',(-4.039730088851E0,1.901E1,3.417176753171E0));
#10139=VERTEX_POINT('',#10138);
#10140=CARTESIAN_POINT('',(-3.178027983448E0,1.901E1,3.417176753171E0));
#10141=VERTEX_POINT('',#10140);
#10142=CARTESIAN_POINT('',(-2.948240776798E0,1.901E1,3.473426538594E0));
#10143=VERTEX_POINT('',#10142);
#10144=CARTESIAN_POINT('',(-2.775900210878E0,1.901E1,3.585926753171E0));
#10145=VERTEX_POINT('',#10144);
#10146=CARTESIAN_POINT('',(-2.661006607553E0,1.901E1,3.754676753171E0));
#10147=VERTEX_POINT('',#10146);
#10148=CARTESIAN_POINT('',(-2.603559805891E0,1.901E1,3.979676538594E0));
#10149=VERTEX_POINT('',#10148);
#10150=CARTESIAN_POINT('',(-2.603559805891E0,1.901E1,4.485926538594E0));
#10151=VERTEX_POINT('',#10150);
#10152=CARTESIAN_POINT('',(-2.661006607553E0,1.901E1,4.710926324017E0));
#10153=VERTEX_POINT('',#10152);
#10154=CARTESIAN_POINT('',(-2.775900210878E0,1.901E1,4.879676324017E0));
#10155=VERTEX_POINT('',#10154);
#10156=CARTESIAN_POINT('',(-2.948240776798E0,1.901E1,4.935926753171E0));
#10157=VERTEX_POINT('',#10156);
#10158=CARTESIAN_POINT('',(-2.948240776798E0,1.901E1,5.273426753171E0));
#10159=VERTEX_POINT('',#10158);
#10160=CARTESIAN_POINT('',(-2.661006607553E0,1.901E1,5.217176324017E0));
#10161=VERTEX_POINT('',#10160);
#10162=CARTESIAN_POINT('',(-2.431219400904E0,1.901E1,4.992176538594E0));
#10163=VERTEX_POINT('',#10162);
#10164=CARTESIAN_POINT('',(-2.316325797579E0,1.901E1,4.767176753171E0));
#10165=VERTEX_POINT('',#10164);
#10166=CARTESIAN_POINT('',(-2.258878995916E0,1.901E1,4.485926538594E0));
#10167=VERTEX_POINT('',#10166);
#10168=CARTESIAN_POINT('',(-2.258878995916E0,1.901E1,3.979676538594E0));
#10169=VERTEX_POINT('',#10168);
#10170=CARTESIAN_POINT('',(-2.316325797579E0,1.901E1,3.698426324017E0));
#10171=VERTEX_POINT('',#10170);
#10172=CARTESIAN_POINT('',(-2.431219400904E0,1.901E1,3.473426538594E0));
#10173=VERTEX_POINT('',#10172);
#10174=CARTESIAN_POINT('',(-2.661006607553E0,1.901E1,3.248426753171E0));
#10175=VERTEX_POINT('',#10174);
#10176=CARTESIAN_POINT('',(-2.890793814203E0,1.901E1,3.135926538594E0));
#10177=VERTEX_POINT('',#10176);
#10178=CARTESIAN_POINT('',(-3.178027983448E0,1.901E1,3.079676753171E0));
#10179=VERTEX_POINT('',#10178);
#10180=CARTESIAN_POINT('',(-4.039730088851E0,1.901E1,3.079676753171E0));
#10181=VERTEX_POINT('',#10180);
#10182=CARTESIAN_POINT('',(-4.326964097163E0,1.901E1,3.135926538594E0));
#10183=VERTEX_POINT('',#10182);
#10184=CARTESIAN_POINT('',(-4.556751344046E0,1.901E1,3.248426753171E0));
#10185=VERTEX_POINT('',#10184);
#10186=CARTESIAN_POINT('',(-4.786538570812E0,1.901E1,3.473426538594E0));
#10187=VERTEX_POINT('',#10186);
#10188=CARTESIAN_POINT('',(-4.901432189225E0,1.901E1,3.698426324017E0));
#10189=VERTEX_POINT('',#10188);
#10190=CARTESIAN_POINT('',(-4.958878995916E0,1.901E1,3.979676538594E0));
#10191=VERTEX_POINT('',#10190);
#10192=CARTESIAN_POINT('',(-4.958878995916E0,1.901E1,4.485926538594E0));
#10193=VERTEX_POINT('',#10192);
#10194=CARTESIAN_POINT('',(-4.901432189225E0,1.901E1,4.767176753171E0));
#10195=VERTEX_POINT('',#10194);
#10196=CARTESIAN_POINT('',(-4.786538570812E0,1.901E1,4.992176538594E0));
#10197=VERTEX_POINT('',#10196);
#10198=CARTESIAN_POINT('',(-4.556751344046E0,1.901E1,5.217176324017E0));
#10199=VERTEX_POINT('',#10198);
#10200=CARTESIAN_POINT('',(4.032112926478E0,1.9E1,-1.251573461406E0));
#10201=CARTESIAN_POINT('',(4.204453331465E0,1.9E1,-1.026573515050E0));
#10202=VERTEX_POINT('',#10200);
#10203=VERTEX_POINT('',#10201);
#10204=CARTESIAN_POINT('',(4.261900133128E0,1.9E1,-8.015734077616E-1));
#10205=VERTEX_POINT('',#10204);
#10206=CARTESIAN_POINT('',(4.261900133128E0,1.9E1,-4.640734077616E-1));
#10207=VERTEX_POINT('',#10206);
#10208=CARTESIAN_POINT('',(4.204453331465E0,1.9E1,-2.390734614058E-1));
#10209=VERTEX_POINT('',#10208);
#10210=CARTESIAN_POINT('',(4.089559728140E0,1.9E1,-7.032346140580E-2));
#10211=VERTEX_POINT('',#10210);
#10212=CARTESIAN_POINT('',(3.917219323153E0,1.9E1,4.217643130584E-2));
#10213=VERTEX_POINT('',#10212);
#10214=CARTESIAN_POINT('',(3.744878837699E0,1.9E1,9.842653859420E-2));
#10215=VERTEX_POINT('',#10214);
#10216=CARTESIAN_POINT('',(3.629985234374E0,1.9E1,9.842653859420E-2));
#10217=VERTEX_POINT('',#10216);
#10218=CARTESIAN_POINT('',(3.457644829387E0,1.9E1,4.217643130584E-2));
#10219=VERTEX_POINT('',#10218);
#10220=CARTESIAN_POINT('',(3.285304384167E0,1.9E1,-7.032346140580E-2));
#10221=VERTEX_POINT('',#10220);
#10222=CARTESIAN_POINT('',(3.170410780842E0,1.9E1,-2.390734614058E-1));
#10223=VERTEX_POINT('',#10222);
#10224=CARTESIAN_POINT('',(3.112963979179E0,1.9E1,-4.640734077616E-1));
#10225=VERTEX_POINT('',#10224);
#10226=CARTESIAN_POINT('',(3.112963979179E0,1.9E1,-8.015734077616E-1));
#10227=VERTEX_POINT('',#10226);
#10228=CARTESIAN_POINT('',(3.170410780842E0,1.9E1,-1.026573515050E0));
#10229=VERTEX_POINT('',#10228);
#10230=CARTESIAN_POINT('',(3.285304384167E0,1.9E1,-1.195323515050E0));
#10231=VERTEX_POINT('',#10230);
#10232=CARTESIAN_POINT('',(3.515091631050E0,1.9E1,-1.307823407762E0));
#10233=VERTEX_POINT('',#10232);
#10234=CARTESIAN_POINT('',(3.515091631050E0,1.9E1,-1.645323488228E0));
#10235=VERTEX_POINT('',#10234);
#10236=CARTESIAN_POINT('',(3.285304384167E0,1.9E1,-1.532823434584E0));
#10237=VERTEX_POINT('',#10236);
#10238=CARTESIAN_POINT('',(3.055517157400E0,1.9E1,-1.364073515050E0));
#10239=VERTEX_POINT('',#10238);
#10240=CARTESIAN_POINT('',(2.883176737326E0,1.9E1,-1.082823461406E0));
#10241=VERTEX_POINT('',#10240);
#10242=CARTESIAN_POINT('',(2.825729930634E0,1.9E1,-8.015734077616E-1));
#10243=VERTEX_POINT('',#10242);
#10244=CARTESIAN_POINT('',(2.825729930634E0,1.9E1,-4.640734077616E-1));
#10245=VERTEX_POINT('',#10244);
#10246=CARTESIAN_POINT('',(2.883176737326E0,1.9E1,-1.828235150500E-1));
#10247=VERTEX_POINT('',#10246);
#10248=CARTESIAN_POINT('',(3.055517157400E0,1.9E1,9.842653859420E-2));
#10249=VERTEX_POINT('',#10248);
#10250=CARTESIAN_POINT('',(3.285304384167E0,1.9E1,2.671765385942E-1));
#10251=VERTEX_POINT('',#10250);
#10252=CARTESIAN_POINT('',(3.572538432712E0,1.9E1,3.796764313058E-1));
#10253=VERTEX_POINT('',#10252);
#10254=CARTESIAN_POINT('',(3.802325639362E0,1.9E1,3.796764313058E-1));
#10255=VERTEX_POINT('',#10254);
#10256=CARTESIAN_POINT('',(4.089559728140E0,1.9E1,2.671765385942E-1));
#10257=VERTEX_POINT('',#10256);
#10258=CARTESIAN_POINT('',(4.319346934790E0,1.9E1,9.842653859420E-2));
#10259=VERTEX_POINT('',#10258);
#10260=CARTESIAN_POINT('',(4.491687339777E0,1.9E1,-1.828235150500E-1));
#10261=VERTEX_POINT('',#10260);
#10262=CARTESIAN_POINT('',(4.549134141440E0,1.9E1,-4.640734077616E-1));
#10263=VERTEX_POINT('',#10262);
#10264=CARTESIAN_POINT('',(4.549134141440E0,1.9E1,-8.015734077616E-1));
#10265=VERTEX_POINT('',#10264);
#10266=CARTESIAN_POINT('',(4.491687339777E0,1.9E1,-1.082823461406E0));
#10267=VERTEX_POINT('',#10266);
#10268=CARTESIAN_POINT('',(4.319346934790E0,1.9E1,-1.364073515050E0));
#10269=VERTEX_POINT('',#10268);
#10270=CARTESIAN_POINT('',(5.238495922322E0,1.9E1,-1.364073515050E0));
#10271=VERTEX_POINT('',#10270);
#10272=CARTESIAN_POINT('',(5.238495922322E0,1.9E1,2.671765385942E-1));
#10273=VERTEX_POINT('',#10272);
#10274=CARTESIAN_POINT('',(5.525729930634E0,1.9E1,2.671765385942E-1));
#10275=VERTEX_POINT('',#10274);
#10276=CARTESIAN_POINT('',(5.525729930634E0,1.9E1,-1.645323488228E0));
#10277=VERTEX_POINT('',#10276);
#10278=CARTESIAN_POINT('',(4.032112926478E0,1.9E1,-1.645323488228E0));
#10279=VERTEX_POINT('',#10278);
#10280=CARTESIAN_POINT('',(4.434240538115E0,1.9E1,8.296766458826E-1));
#10281=CARTESIAN_POINT('',(3.917219323153E0,1.9E1,8.296766458826E-1));
#10282=VERTEX_POINT('',#10280);
#10283=VERTEX_POINT('',#10281);
#10284=CARTESIAN_POINT('',(3.629985234374E0,1.9E1,8.859264313058E-1));
#10285=VERTEX_POINT('',#10284);
#10286=CARTESIAN_POINT('',(3.457644829387E0,1.9E1,9.421765385942E-1));
#10287=VERTEX_POINT('',#10286);
#10288=CARTESIAN_POINT('',(3.227857582504E0,1.9E1,1.054676431306E0));
#10289=VERTEX_POINT('',#10288);
#10290=CARTESIAN_POINT('',(3.055517157400E0,1.9E1,1.223426431306E0));
#10291=VERTEX_POINT('',#10290);
#10292=CARTESIAN_POINT('',(2.883176737326E0,1.9E1,1.504676645883E0));
#10293=VERTEX_POINT('',#10292);
#10294=CARTESIAN_POINT('',(2.825729930634E0,1.9E1,1.842176645883E0));
#10295=VERTEX_POINT('',#10294);
#10296=CARTESIAN_POINT('',(2.883176737326E0,1.9E1,2.179676645883E0));
#10297=VERTEX_POINT('',#10296);
#10298=CARTESIAN_POINT('',(3.055517157400E0,1.9E1,2.460926538594E0));
#10299=VERTEX_POINT('',#10298);
#10300=CARTESIAN_POINT('',(3.227857582504E0,1.9E1,2.629676538594E0));
#10301=VERTEX_POINT('',#10300);
#10302=CARTESIAN_POINT('',(3.457644829387E0,1.9E1,2.742176753171E0));
#10303=VERTEX_POINT('',#10302);
#10304=CARTESIAN_POINT('',(3.629985234374E0,1.9E1,2.798426538594E0));
#10305=VERTEX_POINT('',#10304);
#10306=CARTESIAN_POINT('',(3.917219323153E0,1.9E1,2.854676324017E0));
#10307=VERTEX_POINT('',#10306);
#10308=CARTESIAN_POINT('',(4.434240538115E0,1.9E1,2.854676324017E0));
#10309=VERTEX_POINT('',#10308);
#10310=CARTESIAN_POINT('',(4.721474546427E0,1.9E1,2.798426538594E0));
#10311=VERTEX_POINT('',#10310);
#10312=CARTESIAN_POINT('',(4.893815112347E0,1.9E1,2.742176753171E0));
#10313=VERTEX_POINT('',#10312);
#10314=CARTESIAN_POINT('',(5.123602318997E0,1.9E1,2.629676538594E0));
#10315=VERTEX_POINT('',#10314);
#10316=CARTESIAN_POINT('',(5.295942723984E0,1.9E1,2.460926538594E0));
#10317=VERTEX_POINT('',#10316);
#10318=CARTESIAN_POINT('',(5.468283128971E0,1.9E1,2.179676645883E0));
#10319=VERTEX_POINT('',#10318);
#10320=CARTESIAN_POINT('',(5.525729930634E0,1.9E1,1.842176645883E0));
#10321=VERTEX_POINT('',#10320);
#10322=CARTESIAN_POINT('',(5.468283128971E0,1.9E1,1.504676645883E0));
#10323=VERTEX_POINT('',#10322);
#10324=CARTESIAN_POINT('',(5.295942723984E0,1.9E1,1.223426431306E0));
#10325=VERTEX_POINT('',#10324);
#10326=CARTESIAN_POINT('',(5.123602318997E0,1.9E1,1.054676431306E0));
#10327=VERTEX_POINT('',#10326);
#10328=CARTESIAN_POINT('',(4.893815112347E0,1.9E1,9.421765385942E-1));
#10329=VERTEX_POINT('',#10328);
#10330=CARTESIAN_POINT('',(4.721474546427E0,1.9E1,8.859264313058E-1));
#10331=VERTEX_POINT('',#10330);
#10332=CARTESIAN_POINT('',(4.376793736452E0,1.9E1,1.110926538594E0));
#10333=CARTESIAN_POINT('',(4.721474546427E0,1.9E1,1.167176645883E0));
#10334=VERTEX_POINT('',#10332);
#10335=VERTEX_POINT('',#10333);
#10336=CARTESIAN_POINT('',(5.066155517334E0,1.9E1,1.392176431306E0));
#10337=VERTEX_POINT('',#10336);
#10338=CARTESIAN_POINT('',(5.181049120659E0,1.9E1,1.560926431306E0));
#10339=VERTEX_POINT('',#10338);
#10340=CARTESIAN_POINT('',(5.238495922322E0,1.9E1,1.842176645883E0));
#10341=VERTEX_POINT('',#10340);
#10342=CARTESIAN_POINT('',(5.181049120659E0,1.9E1,2.123426538594E0));
#10343=VERTEX_POINT('',#10342);
#10344=CARTESIAN_POINT('',(5.066155517334E0,1.9E1,2.292176538594E0));
#10345=VERTEX_POINT('',#10344);
#10346=CARTESIAN_POINT('',(4.721474546427E0,1.9E1,2.517176645883E0));
#10347=VERTEX_POINT('',#10346);
#10348=CARTESIAN_POINT('',(4.376793736452E0,1.9E1,2.573426431306E0));
#10349=VERTEX_POINT('',#10348);
#10350=CARTESIAN_POINT('',(3.974666124815E0,1.9E1,2.573426431306E0));
#10351=VERTEX_POINT('',#10350);
#10352=CARTESIAN_POINT('',(3.629985234374E0,1.9E1,2.517176645883E0));
#10353=VERTEX_POINT('',#10352);
#10354=CARTESIAN_POINT('',(3.285304384167E0,1.9E1,2.292176538594E0));
#10355=VERTEX_POINT('',#10354);
#10356=CARTESIAN_POINT('',(3.170410780842E0,1.9E1,2.123426538594E0));
#10357=VERTEX_POINT('',#10356);
#10358=CARTESIAN_POINT('',(3.112963979179E0,1.9E1,1.842176645883E0));
#10359=VERTEX_POINT('',#10358);
#10360=CARTESIAN_POINT('',(3.170410780842E0,1.9E1,1.560926431306E0));
#10361=VERTEX_POINT('',#10360);
#10362=CARTESIAN_POINT('',(3.285304384167E0,1.9E1,1.392176431306E0));
#10363=VERTEX_POINT('',#10362);
#10364=CARTESIAN_POINT('',(3.629985234374E0,1.9E1,1.167176645883E0));
#10365=VERTEX_POINT('',#10364);
#10366=CARTESIAN_POINT('',(3.974666124815E0,1.9E1,1.110926538594E0));
#10367=VERTEX_POINT('',#10366);
#10368=CARTESIAN_POINT('',(4.434240538115E0,1.9E1,3.304676538594E0));
#10369=CARTESIAN_POINT('',(3.917219323153E0,1.9E1,3.304676538594E0));
#10370=VERTEX_POINT('',#10368);
#10371=VERTEX_POINT('',#10369);
#10372=CARTESIAN_POINT('',(3.629985234374E0,1.9E1,3.360926324017E0));
#10373=VERTEX_POINT('',#10372);
#10374=CARTESIAN_POINT('',(3.457644829387E0,1.9E1,3.417176753171E0));
#10375=VERTEX_POINT('',#10374);
#10376=CARTESIAN_POINT('',(3.227857582504E0,1.9E1,3.529676324017E0));
#10377=VERTEX_POINT('',#10376);
#10378=CARTESIAN_POINT('',(3.055517157400E0,1.9E1,3.698426324017E0));
#10379=VERTEX_POINT('',#10378);
#10380=CARTESIAN_POINT('',(2.883176737326E0,1.9E1,3.979676538594E0));
#10381=VERTEX_POINT('',#10380);
#10382=CARTESIAN_POINT('',(2.825729930634E0,1.9E1,4.317176538594E0));
#10383=VERTEX_POINT('',#10382);
#10384=CARTESIAN_POINT('',(2.883176737326E0,1.9E1,4.654676538594E0));
#10385=VERTEX_POINT('',#10384);
#10386=CARTESIAN_POINT('',(3.055517157400E0,1.9E1,4.935926753171E0));
#10387=VERTEX_POINT('',#10386);
#10388=CARTESIAN_POINT('',(3.227857582504E0,1.9E1,5.104676753171E0));
#10389=VERTEX_POINT('',#10388);
#10390=CARTESIAN_POINT('',(3.457644829387E0,1.9E1,5.217176324017E0));
#10391=VERTEX_POINT('',#10390);
#10392=CARTESIAN_POINT('',(3.629985234374E0,1.9E1,5.273426753171E0));
#10393=VERTEX_POINT('',#10392);
#10394=CARTESIAN_POINT('',(3.917219323153E0,1.9E1,5.329676538594E0));
#10395=VERTEX_POINT('',#10394);
#10396=CARTESIAN_POINT('',(4.434240538115E0,1.9E1,5.329676538594E0));
#10397=VERTEX_POINT('',#10396);
#10398=CARTESIAN_POINT('',(4.721474546427E0,1.9E1,5.273426753171E0));
#10399=VERTEX_POINT('',#10398);
#10400=CARTESIAN_POINT('',(4.893815112347E0,1.9E1,5.217176324017E0));
#10401=VERTEX_POINT('',#10400);
#10402=CARTESIAN_POINT('',(5.123602318997E0,1.9E1,5.104676753171E0));
#10403=VERTEX_POINT('',#10402);
#10404=CARTESIAN_POINT('',(5.295942723984E0,1.9E1,4.935926753171E0));
#10405=VERTEX_POINT('',#10404);
#10406=CARTESIAN_POINT('',(5.468283128971E0,1.9E1,4.654676538594E0));
#10407=VERTEX_POINT('',#10406);
#10408=CARTESIAN_POINT('',(5.525729930634E0,1.9E1,4.317176538594E0));
#10409=VERTEX_POINT('',#10408);
#10410=CARTESIAN_POINT('',(5.468283128971E0,1.9E1,3.979676538594E0));
#10411=VERTEX_POINT('',#10410);
#10412=CARTESIAN_POINT('',(5.295942723984E0,1.9E1,3.698426324017E0));
#10413=VERTEX_POINT('',#10412);
#10414=CARTESIAN_POINT('',(5.123602318997E0,1.9E1,3.529676324017E0));
#10415=VERTEX_POINT('',#10414);
#10416=CARTESIAN_POINT('',(4.893815112347E0,1.9E1,3.417176753171E0));
#10417=VERTEX_POINT('',#10416);
#10418=CARTESIAN_POINT('',(4.721474546427E0,1.9E1,3.360926324017E0));
#10419=VERTEX_POINT('',#10418);
#10420=CARTESIAN_POINT('',(4.376793736452E0,1.9E1,3.585926753171E0));
#10421=CARTESIAN_POINT('',(4.721474546427E0,1.9E1,3.642176538594E0));
#10422=VERTEX_POINT('',#10420);
#10423=VERTEX_POINT('',#10421);
#10424=CARTESIAN_POINT('',(5.066155517334E0,1.9E1,3.867176324017E0));
#10425=VERTEX_POINT('',#10424);
#10426=CARTESIAN_POINT('',(5.181049120659E0,1.9E1,4.035926324017E0));
#10427=VERTEX_POINT('',#10426);
#10428=CARTESIAN_POINT('',(5.238495922322E0,1.9E1,4.317176538594E0));
#10429=VERTEX_POINT('',#10428);
#10430=CARTESIAN_POINT('',(5.181049120659E0,1.9E1,4.598426753171E0));
#10431=VERTEX_POINT('',#10430);
#10432=CARTESIAN_POINT('',(5.066155517334E0,1.9E1,4.767176753171E0));
#10433=VERTEX_POINT('',#10432);
#10434=CARTESIAN_POINT('',(4.721474546427E0,1.9E1,4.992176538594E0));
#10435=VERTEX_POINT('',#10434);
#10436=CARTESIAN_POINT('',(4.376793736452E0,1.9E1,5.048426324017E0));
#10437=VERTEX_POINT('',#10436);
#10438=CARTESIAN_POINT('',(3.974666124815E0,1.9E1,5.048426324017E0));
#10439=VERTEX_POINT('',#10438);
#10440=CARTESIAN_POINT('',(3.629985234374E0,1.9E1,4.992176538594E0));
#10441=VERTEX_POINT('',#10440);
#10442=CARTESIAN_POINT('',(3.285304384167E0,1.9E1,4.767176753171E0));
#10443=VERTEX_POINT('',#10442);
#10444=CARTESIAN_POINT('',(3.170410780842E0,1.9E1,4.598426753171E0));
#10445=VERTEX_POINT('',#10444);
#10446=CARTESIAN_POINT('',(3.112963979179E0,1.9E1,4.317176538594E0));
#10447=VERTEX_POINT('',#10446);
#10448=CARTESIAN_POINT('',(3.170410780842E0,1.9E1,4.035926324017E0));
#10449=VERTEX_POINT('',#10448);
#10450=CARTESIAN_POINT('',(3.285304384167E0,1.9E1,3.867176324017E0));
#10451=VERTEX_POINT('',#10450);
#10452=CARTESIAN_POINT('',(3.629985234374E0,1.9E1,3.642176538594E0));
#10453=VERTEX_POINT('',#10452);
#10454=CARTESIAN_POINT('',(3.974666124815E0,1.9E1,3.585926753171E0));
#10455=VERTEX_POINT('',#10454);
#10456=CARTESIAN_POINT('',(-9.952761086426E-1,1.9E1,1.054676431306E0));
#10457=VERTEX_POINT('',#10456);
#10458=CARTESIAN_POINT('',(-8.229356885679E-1,1.9E1,1.335926645883E0));
#10459=VERTEX_POINT('',#10458);
#10460=CARTESIAN_POINT('',(-6.505952634639E-1,1.9E1,1.504676645883E0));
#10461=VERTEX_POINT('',#10460);
#10462=CARTESIAN_POINT('',(-4.208080165810E-1,1.9E1,1.617176538594E0));
#10463=VERTEX_POINT('',#10462);
#10464=CARTESIAN_POINT('',(-2.484676115937E-1,1.9E1,1.673426645883E0));
#10465=VERTEX_POINT('',#10464);
#10466=CARTESIAN_POINT('',(3.876647718480E-2,1.9E1,1.729676431306E0));
#10467=VERTEX_POINT('',#10466);
#10468=CARTESIAN_POINT('',(5.557876921468E-1,1.9E1,1.729676431306E0));
#10469=VERTEX_POINT('',#10468);
#10470=CARTESIAN_POINT('',(8.430217004590E-1,1.9E1,1.673426645883E0));
#10471=VERTEX_POINT('',#10470);
#10472=CARTESIAN_POINT('',(1.015362266379E0,1.9E1,1.617176538594E0));
#10473=VERTEX_POINT('',#10472);
#10474=CARTESIAN_POINT('',(1.245149473029E0,1.9E1,1.504676645883E0));
#10475=VERTEX_POINT('',#10474);
#10476=CARTESIAN_POINT('',(1.417489878016E0,1.9E1,1.335926645883E0));
#10477=VERTEX_POINT('',#10476);
#10478=CARTESIAN_POINT('',(1.589830283003E0,1.9E1,1.054676431306E0));
#10479=VERTEX_POINT('',#10478);
#10480=CARTESIAN_POINT('',(1.647277084666E0,1.9E1,7.171764313058E-1));
#10481=VERTEX_POINT('',#10480);
#10482=CARTESIAN_POINT('',(1.589830283003E0,1.9E1,3.796764313058E-1));
#10483=VERTEX_POINT('',#10482);
#10484=CARTESIAN_POINT('',(1.417489878016E0,1.9E1,9.842653859420E-2));
#10485=VERTEX_POINT('',#10484);
#10486=CARTESIAN_POINT('',(1.245149473029E0,1.9E1,-7.032346140580E-2));
#10487=VERTEX_POINT('',#10486);
#10488=CARTESIAN_POINT('',(1.015362266379E0,1.9E1,-1.828235150500E-1));
#10489=VERTEX_POINT('',#10488);
#10490=CARTESIAN_POINT('',(8.430217004590E-1,1.9E1,-2.390734614058E-1));
#10491=VERTEX_POINT('',#10490);
#10492=CARTESIAN_POINT('',(4.983408904844E-1,1.9E1,-1.407335411744E-2));
#10493=CARTESIAN_POINT('',(8.430217004590E-1,1.9E1,4.217643130584E-2));
#10494=VERTEX_POINT('',#10492);
#10495=VERTEX_POINT('',#10493);
#10496=CARTESIAN_POINT('',(1.187702671366E0,1.9E1,2.671765385942E-1));
#10497=VERTEX_POINT('',#10496);
#10498=CARTESIAN_POINT('',(1.302596274691E0,1.9E1,4.359265385942E-1));
#10499=VERTEX_POINT('',#10498);
#10500=CARTESIAN_POINT('',(1.360043076354E0,1.9E1,7.171764313058E-1));
#10501=VERTEX_POINT('',#10500);
#10502=CARTESIAN_POINT('',(1.302596274691E0,1.9E1,9.984266458826E-1));
#10503=VERTEX_POINT('',#10502);
#10504=CARTESIAN_POINT('',(1.187702671366E0,1.9E1,1.167176645883E0));
#10505=VERTEX_POINT('',#10504);
#10506=CARTESIAN_POINT('',(8.430217004590E-1,1.9E1,1.392176431306E0));
#10507=VERTEX_POINT('',#10506);
#10508=CARTESIAN_POINT('',(4.983408904844E-1,1.9E1,1.448426538594E0));
#10509=VERTEX_POINT('',#10508);
#10510=CARTESIAN_POINT('',(9.621327884724E-2,1.9E1,1.448426538594E0));
#10511=VERTEX_POINT('',#10510);
#10512=CARTESIAN_POINT('',(-2.484676115937E-1,1.9E1,1.392176431306E0));
#10513=VERTEX_POINT('',#10512);
#10514=CARTESIAN_POINT('',(-5.931484618015E-1,1.9E1,1.167176645883E0));
#10515=VERTEX_POINT('',#10514);
#10516=CARTESIAN_POINT('',(-7.080420651264E-1,1.9E1,9.984266458826E-1));
#10517=VERTEX_POINT('',#10516);
#10518=CARTESIAN_POINT('',(-7.654888667888E-1,1.9E1,7.171764313058E-1));
#10519=VERTEX_POINT('',#10518);
#10520=CARTESIAN_POINT('',(-7.080420651264E-1,1.9E1,4.359265385942E-1));
#10521=VERTEX_POINT('',#10520);
#10522=CARTESIAN_POINT('',(-5.931484618015E-1,1.9E1,2.671765385942E-1));
#10523=VERTEX_POINT('',#10522);
#10524=CARTESIAN_POINT('',(-2.484676115937E-1,1.9E1,4.217643130584E-2));
#10525=VERTEX_POINT('',#10524);
#10526=CARTESIAN_POINT('',(9.621327884724E-2,1.9E1,-1.407335411744E-2));
#10527=VERTEX_POINT('',#10526);
#10528=CARTESIAN_POINT('',(-1.052722915334E0,1.9E1,3.529676324017E0));
#10529=CARTESIAN_POINT('',(1.647277084666E0,1.9E1,4.429676753171E0));
#10530=VERTEX_POINT('',#10528);
#10531=VERTEX_POINT('',#10529);
#10532=CARTESIAN_POINT('',(1.647277084666E0,1.9E1,4.092176753171E0));
#10533=VERTEX_POINT('',#10532);
#10534=CARTESIAN_POINT('',(-7.080420651264E-1,1.9E1,3.304676538594E0));
#10535=VERTEX_POINT('',#10534);
#10536=CARTESIAN_POINT('',(1.647277084666E0,1.9E1,2.517176645883E0));
#10537=VERTEX_POINT('',#10536);
#10538=CARTESIAN_POINT('',(1.647277084666E0,1.9E1,2.179676645883E0));
#10539=VERTEX_POINT('',#10538);
#10540=CARTESIAN_POINT('',(-1.052722915334E0,1.9E1,3.079676753171E0));
#10541=VERTEX_POINT('',#10540);
#10542=CARTESIAN_POINT('',(-4.958878995916E0,1.9E1,7.171764313058E-1));
#10543=CARTESIAN_POINT('',(-3.695049198410E0,1.9E1,7.171764313058E-1));
#10544=VERTEX_POINT('',#10542);
#10545=VERTEX_POINT('',#10543);
#10546=CARTESIAN_POINT('',(-3.695049198410E0,1.9E1,2.292176538594E0));
#10547=VERTEX_POINT('',#10546);
#10548=CARTESIAN_POINT('',(-4.958878995916E0,1.9E1,2.292176538594E0));
#10549=VERTEX_POINT('',#10548);
#10550=CARTESIAN_POINT('',(-4.958878995916E0,1.9E1,2.629676538594E0));
#10551=VERTEX_POINT('',#10550);
#10552=CARTESIAN_POINT('',(-2.258878995916E0,1.9E1,2.629676538594E0));
#10553=VERTEX_POINT('',#10552);
#10554=CARTESIAN_POINT('',(-2.258878995916E0,1.9E1,2.292176538594E0));
#10555=VERTEX_POINT('',#10554);
#10556=CARTESIAN_POINT('',(-3.350368388435E0,1.9E1,2.292176538594E0));
#10557=VERTEX_POINT('',#10556);
#10558=CARTESIAN_POINT('',(-3.350368388435E0,1.9E1,7.171764313058E-1));
#10559=VERTEX_POINT('',#10558);
#10560=CARTESIAN_POINT('',(-2.258878995916E0,1.9E1,7.171764313058E-1));
#10561=VERTEX_POINT('',#10560);
#10562=CARTESIAN_POINT('',(-2.258878995916E0,1.9E1,3.796764313058E-1));
#10563=VERTEX_POINT('',#10562);
#10564=CARTESIAN_POINT('',(-4.958878995916E0,1.9E1,3.796764313058E-1));
#10565=VERTEX_POINT('',#10564);
#10566=CARTESIAN_POINT('',(-4.269517295501E0,1.9E1,5.273426753171E0));
#10567=CARTESIAN_POINT('',(-4.269517295501E0,1.9E1,4.935926753171E0));
#10568=VERTEX_POINT('',#10566);
#10569=VERTEX_POINT('',#10567);
#10570=CARTESIAN_POINT('',(-4.441857700488E0,1.9E1,4.879676324017E0));
#10571=VERTEX_POINT('',#10570);
#10572=CARTESIAN_POINT('',(-4.556751344046E0,1.9E1,4.710926324017E0));
#10573=VERTEX_POINT('',#10572);
#10574=CARTESIAN_POINT('',(-4.614198145709E0,1.9E1,4.485926538594E0));
#10575=VERTEX_POINT('',#10574);
#10576=CARTESIAN_POINT('',(-4.614198145709E0,1.9E1,3.979676538594E0));
#10577=VERTEX_POINT('',#10576);
#10578=CARTESIAN_POINT('',(-4.556751344046E0,1.9E1,3.754676753171E0));
#10579=VERTEX_POINT('',#10578);
#10580=CARTESIAN_POINT('',(-4.441857700488E0,1.9E1,3.585926753171E0));
#10581=VERTEX_POINT('',#10580);
#10582=CARTESIAN_POINT('',(-4.269517295501E0,1.9E1,3.473426538594E0));
#10583=VERTEX_POINT('',#10582);
#10584=CARTESIAN_POINT('',(-4.039730088851E0,1.9E1,3.417176753171E0));
#10585=VERTEX_POINT('',#10584);
#10586=CARTESIAN_POINT('',(-3.178027983448E0,1.9E1,3.417176753171E0));
#10587=VERTEX_POINT('',#10586);
#10588=CARTESIAN_POINT('',(-2.948240776798E0,1.9E1,3.473426538594E0));
#10589=VERTEX_POINT('',#10588);
#10590=CARTESIAN_POINT('',(-2.775900210878E0,1.9E1,3.585926753171E0));
#10591=VERTEX_POINT('',#10590);
#10592=CARTESIAN_POINT('',(-2.661006607553E0,1.9E1,3.754676753171E0));
#10593=VERTEX_POINT('',#10592);
#10594=CARTESIAN_POINT('',(-2.603559805891E0,1.9E1,3.979676538594E0));
#10595=VERTEX_POINT('',#10594);
#10596=CARTESIAN_POINT('',(-2.603559805891E0,1.9E1,4.485926538594E0));
#10597=VERTEX_POINT('',#10596);
#10598=CARTESIAN_POINT('',(-2.661006607553E0,1.9E1,4.710926324017E0));
#10599=VERTEX_POINT('',#10598);
#10600=CARTESIAN_POINT('',(-2.775900210878E0,1.9E1,4.879676324017E0));
#10601=VERTEX_POINT('',#10600);
#10602=CARTESIAN_POINT('',(-2.948240776798E0,1.9E1,4.935926753171E0));
#10603=VERTEX_POINT('',#10602);
#10604=CARTESIAN_POINT('',(-2.948240776798E0,1.9E1,5.273426753171E0));
#10605=VERTEX_POINT('',#10604);
#10606=CARTESIAN_POINT('',(-2.661006607553E0,1.9E1,5.217176324017E0));
#10607=VERTEX_POINT('',#10606);
#10608=CARTESIAN_POINT('',(-2.431219400904E0,1.9E1,4.992176538594E0));
#10609=VERTEX_POINT('',#10608);
#10610=CARTESIAN_POINT('',(-2.316325797579E0,1.9E1,4.767176753171E0));
#10611=VERTEX_POINT('',#10610);
#10612=CARTESIAN_POINT('',(-2.258878995916E0,1.9E1,4.485926538594E0));
#10613=VERTEX_POINT('',#10612);
#10614=CARTESIAN_POINT('',(-2.258878995916E0,1.9E1,3.979676538594E0));
#10615=VERTEX_POINT('',#10614);
#10616=CARTESIAN_POINT('',(-2.316325797579E0,1.9E1,3.698426324017E0));
#10617=VERTEX_POINT('',#10616);
#10618=CARTESIAN_POINT('',(-2.431219400904E0,1.9E1,3.473426538594E0));
#10619=VERTEX_POINT('',#10618);
#10620=CARTESIAN_POINT('',(-2.661006607553E0,1.9E1,3.248426753171E0));
#10621=VERTEX_POINT('',#10620);
#10622=CARTESIAN_POINT('',(-2.890793814203E0,1.9E1,3.135926538594E0));
#10623=VERTEX_POINT('',#10622);
#10624=CARTESIAN_POINT('',(-3.178027983448E0,1.9E1,3.079676753171E0));
#10625=VERTEX_POINT('',#10624);
#10626=CARTESIAN_POINT('',(-4.039730088851E0,1.9E1,3.079676753171E0));
#10627=VERTEX_POINT('',#10626);
#10628=CARTESIAN_POINT('',(-4.326964097163E0,1.9E1,3.135926538594E0));
#10629=VERTEX_POINT('',#10628);
#10630=CARTESIAN_POINT('',(-4.556751344046E0,1.9E1,3.248426753171E0));
#10631=VERTEX_POINT('',#10630);
#10632=CARTESIAN_POINT('',(-4.786538570812E0,1.9E1,3.473426538594E0));
#10633=VERTEX_POINT('',#10632);
#10634=CARTESIAN_POINT('',(-4.901432189225E0,1.9E1,3.698426324017E0));
#10635=VERTEX_POINT('',#10634);
#10636=CARTESIAN_POINT('',(-4.958878995916E0,1.9E1,3.979676538594E0));
#10637=VERTEX_POINT('',#10636);
#10638=CARTESIAN_POINT('',(-4.958878995916E0,1.9E1,4.485926538594E0));
#10639=VERTEX_POINT('',#10638);
#10640=CARTESIAN_POINT('',(-4.901432189225E0,1.9E1,4.767176753171E0));
#10641=VERTEX_POINT('',#10640);
#10642=CARTESIAN_POINT('',(-4.786538570812E0,1.9E1,4.992176538594E0));
#10643=VERTEX_POINT('',#10642);
#10644=CARTESIAN_POINT('',(-4.556751344046E0,1.9E1,5.217176324017E0));
#10645=VERTEX_POINT('',#10644);
#10646=CARTESIAN_POINT('',(0.E0,0.E0,0.E0));
#10647=DIRECTION('',(0.E0,1.E0,0.E0));
#10648=DIRECTION('',(1.E0,0.E0,0.E0));
#10649=AXIS2_PLACEMENT_3D('',#10646,#10647,#10648);
#10650=PLANE('',#10649);
#10652=ORIENTED_EDGE('',*,*,#10651,.T.);
#10654=ORIENTED_EDGE('',*,*,#10653,.T.);
#10655=EDGE_LOOP('',(#10652,#10654));
#10656=FACE_OUTER_BOUND('',#10655,.F.);
#10658=CARTESIAN_POINT('',(0.E0,0.E0,0.E0));
#10659=DIRECTION('',(0.E0,1.E0,0.E0));
#10660=DIRECTION('',(1.E0,0.E0,0.E0));
#10661=AXIS2_PLACEMENT_3D('',#10658,#10659,#10660);
#10662=CYLINDRICAL_SURFACE('',#10661,9.E0);
#10664=ORIENTED_EDGE('',*,*,#10663,.F.);
#10666=ORIENTED_EDGE('',*,*,#10665,.T.);
#10668=ORIENTED_EDGE('',*,*,#10667,.F.);
#10670=ORIENTED_EDGE('',*,*,#10669,.F.);
#10671=EDGE_LOOP('',(#10664,#10666,#10668,#10670));
#10672=FACE_OUTER_BOUND('',#10671,.F.);
#10674=CARTESIAN_POINT('',(0.E0,0.E0,0.E0));
#10675=DIRECTION('',(0.E0,1.E0,0.E0));
#10676=DIRECTION('',(1.E0,0.E0,0.E0));
#10677=AXIS2_PLACEMENT_3D('',#10674,#10675,#10676);
#10678=CYLINDRICAL_SURFACE('',#10677,9.E0);
#10680=ORIENTED_EDGE('',*,*,#10679,.F.);
#10682=ORIENTED_EDGE('',*,*,#10681,.F.);
#10683=ORIENTED_EDGE('',*,*,#10651,.F.);
#10685=ORIENTED_EDGE('',*,*,#10684,.T.);
#10686=EDGE_LOOP('',(#10680,#10682,#10683,#10685));
#10687=FACE_OUTER_BOUND('',#10686,.F.);
#10689=CARTESIAN_POINT('',(0.E0,4.559126028197E0,0.E0));
#10690=DIRECTION('',(0.E0,1.E0,0.E0));
#10691=DIRECTION('',(9.999838197922E-1,0.E0,5.688598577981E-3));
#10692=AXIS2_PLACEMENT_3D('',#10689,#10690,#10691);
#10693=TOROIDAL_SURFACE('',#10692,7.38E0,1.62E0);
#10694=ORIENTED_EDGE('',*,*,#10663,.T.);
#10696=ORIENTED_EDGE('',*,*,#10695,.T.);
#10698=ORIENTED_EDGE('',*,*,#10697,.F.);
#10700=ORIENTED_EDGE('',*,*,#10699,.F.);
#10701=EDGE_LOOP('',(#10694,#10696,#10698,#10700));
#10702=FACE_OUTER_BOUND('',#10701,.F.);
#10704=CARTESIAN_POINT('',(0.E0,4.559126028197E0,0.E0));
#10705=DIRECTION('',(0.E0,1.E0,0.E0));
#10706=DIRECTION('',(-9.999838197922E-1,0.E0,-5.688598577981E-3));
#10707=AXIS2_PLACEMENT_3D('',#10704,#10705,#10706);
#10708=TOROIDAL_SURFACE('',#10707,7.38E0,1.62E0);
#10710=ORIENTED_EDGE('',*,*,#10709,.T.);
#10711=ORIENTED_EDGE('',*,*,#10699,.T.);
#10713=ORIENTED_EDGE('',*,*,#10712,.F.);
#10714=ORIENTED_EDGE('',*,*,#10695,.F.);
#10715=EDGE_LOOP('',(#10710,#10711,#10713,#10714));
#10716=FACE_OUTER_BOUND('',#10715,.F.);
#10718=CARTESIAN_POINT('',(0.E0,0.E0,0.E0));
#10719=DIRECTION('',(0.E0,1.E0,0.E0));
#10720=DIRECTION('',(1.E0,0.E0,0.E0));
#10721=AXIS2_PLACEMENT_3D('',#10718,#10719,#10720);
#10722=CYLINDRICAL_SURFACE('',#10721,9.E0);
#10723=ORIENTED_EDGE('',*,*,#10709,.F.);
#10724=ORIENTED_EDGE('',*,*,#10669,.T.);
#10726=ORIENTED_EDGE('',*,*,#10725,.F.);
#10727=ORIENTED_EDGE('',*,*,#10665,.F.);
#10728=EDGE_LOOP('',(#10723,#10724,#10726,#10727));
#10729=FACE_OUTER_BOUND('',#10728,.F.);
#10731=CARTESIAN_POINT('',(0.E0,0.E0,0.E0));
#10732=DIRECTION('',(0.E0,1.E0,0.E0));
#10733=DIRECTION('',(1.E0,0.E0,0.E0));
#10734=AXIS2_PLACEMENT_3D('',#10731,#10732,#10733);
#10735=CYLINDRICAL_SURFACE('',#10734,9.E0);
#10737=ORIENTED_EDGE('',*,*,#10736,.F.);
#10738=ORIENTED_EDGE('',*,*,#10684,.F.);
#10739=ORIENTED_EDGE('',*,*,#10653,.F.);
#10740=ORIENTED_EDGE('',*,*,#10681,.T.);
#10741=EDGE_LOOP('',(#10737,#10738,#10739,#10740));
#10742=FACE_OUTER_BOUND('',#10741,.F.);
#10744=CARTESIAN_POINT('',(0.E0,1.864E1,0.E0));
#10745=DIRECTION('',(0.E0,1.E0,0.E0));
#10746=DIRECTION('',(9.999863857153E-1,0.E0,-5.218082417182E-3));
#10747=AXIS2_PLACEMENT_3D('',#10744,#10745,#10746);
#10748=TOROIDAL_SURFACE('',#10747,8.64E0,3.6E-1);
#10749=ORIENTED_EDGE('',*,*,#10725,.T.);
#10751=ORIENTED_EDGE('',*,*,#10750,.T.);
#10753=ORIENTED_EDGE('',*,*,#10752,.F.);
#10755=ORIENTED_EDGE('',*,*,#10754,.F.);
#10756=EDGE_LOOP('',(#10749,#10751,#10753,#10755));
#10757=FACE_OUTER_BOUND('',#10756,.F.);
#10759=CARTESIAN_POINT('',(0.E0,1.864E1,0.E0));
#10760=DIRECTION('',(0.E0,1.E0,0.E0));
#10761=DIRECTION('',(-9.999863857153E-1,0.E0,5.218082417182E-3));
#10762=AXIS2_PLACEMENT_3D('',#10759,#10760,#10761);
#10763=TOROIDAL_SURFACE('',#10762,8.64E0,3.6E-1);
#10765=ORIENTED_EDGE('',*,*,#10764,.T.);
#10767=ORIENTED_EDGE('',*,*,#10766,.F.);
#10769=ORIENTED_EDGE('',*,*,#10768,.T.);
#10771=ORIENTED_EDGE('',*,*,#10770,.F.);
#10772=ORIENTED_EDGE('',*,*,#10750,.F.);
#10773=ORIENTED_EDGE('',*,*,#10667,.T.);
#10774=ORIENTED_EDGE('',*,*,#10754,.T.);
#10776=ORIENTED_EDGE('',*,*,#10775,.F.);
#10777=EDGE_LOOP('',(#10765,#10767,#10769,#10771,#10772,#10773,#10774,#10776));
#10778=FACE_OUTER_BOUND('',#10777,.F.);
#10780=CARTESIAN_POINT('',(0.E0,1.9E1,0.E0));
#10781=DIRECTION('',(0.E0,1.E0,0.E0));
#10782=DIRECTION('',(0.E0,0.E0,-1.E0));
#10783=AXIS2_PLACEMENT_3D('',#10780,#10781,#10782);
#10784=PLANE('',#10783);
#10785=ORIENTED_EDGE('',*,*,#10764,.F.);
#10787=ORIENTED_EDGE('',*,*,#10786,.T.);
#10789=ORIENTED_EDGE('',*,*,#10788,.T.);
#10790=EDGE_LOOP('',(#10785,#10787,#10789));
#10791=FACE_OUTER_BOUND('',#10790,.F.);
#10793=CARTESIAN_POINT('',(0.E0,1.9E1,0.E0));
#10794=DIRECTION('',(0.E0,1.E0,0.E0));
#10795=DIRECTION('',(0.E0,0.E0,-1.E0));
#10796=AXIS2_PLACEMENT_3D('',#10793,#10794,#10795);
#10797=PLANE('',#10796);
#10798=ORIENTED_EDGE('',*,*,#10768,.F.);
#10800=ORIENTED_EDGE('',*,*,#10799,.T.);
#10802=ORIENTED_EDGE('',*,*,#10801,.T.);
#10803=EDGE_LOOP('',(#10798,#10800,#10802));
#10804=FACE_OUTER_BOUND('',#10803,.F.);
#10806=CARTESIAN_POINT('',(7.7E0,1.9E1,-3.8E0));
#10807=DIRECTION('',(1.E0,0.E0,0.E0));
#10808=DIRECTION('',(0.E0,0.E0,-1.E0));
#10809=AXIS2_PLACEMENT_3D('',#10806,#10807,#10808);
#10810=PLANE('',#10809);
#10812=ORIENTED_EDGE('',*,*,#10811,.F.);
#10814=ORIENTED_EDGE('',*,*,#10813,.T.);
#10816=ORIENTED_EDGE('',*,*,#10815,.T.);
#10818=ORIENTED_EDGE('',*,*,#10817,.F.);
#10819=ORIENTED_EDGE('',*,*,#10786,.F.);
#10820=EDGE_LOOP('',(#10812,#10814,#10816,#10818,#10819));
#10821=FACE_OUTER_BOUND('',#10820,.F.);
#10823=CARTESIAN_POINT('',(0.E0,1.9E1,0.E0));
#10824=DIRECTION('',(0.E0,1.E0,0.E0));
#10825=DIRECTION('',(1.E0,0.E0,0.E0));
#10826=AXIS2_PLACEMENT_3D('',#10823,#10824,#10825);
#10827=PLANE('',#10826);
#10829=ORIENTED_EDGE('',*,*,#10828,.T.);
#10830=ORIENTED_EDGE('',*,*,#10766,.T.);
#10831=EDGE_LOOP('',(#10829,#10830));
#10832=FACE_OUTER_BOUND('',#10831,.F.);
#10834=CARTESIAN_POINT('',(0.E0,1.9E1,0.E0));
#10835=DIRECTION('',(0.E0,1.E0,0.E0));
#10836=DIRECTION('',(1.E0,0.E0,0.E0));
#10837=AXIS2_PLACEMENT_3D('',#10834,#10835,#10836);
#10838=PLANE('',#10837);
#10840=ORIENTED_EDGE('',*,*,#10839,.T.);
#10841=ORIENTED_EDGE('',*,*,#10811,.T.);
#10842=ORIENTED_EDGE('',*,*,#10775,.T.);
#10843=ORIENTED_EDGE('',*,*,#10752,.T.);
#10844=ORIENTED_EDGE('',*,*,#10770,.T.);
#10846=ORIENTED_EDGE('',*,*,#10845,.T.);
#10847=EDGE_LOOP('',(#10840,#10841,#10842,#10843,#10844,#10846));
#10848=FACE_OUTER_BOUND('',#10847,.F.);
#10850=ORIENTED_EDGE('',*,*,#10849,.T.);
#10852=ORIENTED_EDGE('',*,*,#10851,.T.);
#10854=ORIENTED_EDGE('',*,*,#10853,.T.);
#10856=ORIENTED_EDGE('',*,*,#10855,.T.);
#10858=ORIENTED_EDGE('',*,*,#10857,.T.);
#10860=ORIENTED_EDGE('',*,*,#10859,.T.);
#10862=ORIENTED_EDGE('',*,*,#10861,.T.);
#10863=EDGE_LOOP('',(#10850,#10852,#10854,#10856,#10858,#10860,#10862));
#10864=FACE_BOUND('',#10863,.F.);
#10866=ORIENTED_EDGE('',*,*,#10865,.T.);
#10868=ORIENTED_EDGE('',*,*,#10867,.T.);
#10870=ORIENTED_EDGE('',*,*,#10869,.T.);
#10872=ORIENTED_EDGE('',*,*,#10871,.T.);
#10874=ORIENTED_EDGE('',*,*,#10873,.T.);
#10876=ORIENTED_EDGE('',*,*,#10875,.T.);
#10878=ORIENTED_EDGE('',*,*,#10877,.T.);
#10880=ORIENTED_EDGE('',*,*,#10879,.T.);
#10882=ORIENTED_EDGE('',*,*,#10881,.T.);
#10884=ORIENTED_EDGE('',*,*,#10883,.T.);
#10886=ORIENTED_EDGE('',*,*,#10885,.T.);
#10888=ORIENTED_EDGE('',*,*,#10887,.T.);
#10890=ORIENTED_EDGE('',*,*,#10889,.T.);
#10892=ORIENTED_EDGE('',*,*,#10891,.T.);
#10894=ORIENTED_EDGE('',*,*,#10893,.T.);
#10896=ORIENTED_EDGE('',*,*,#10895,.T.);
#10898=ORIENTED_EDGE('',*,*,#10897,.T.);
#10900=ORIENTED_EDGE('',*,*,#10899,.T.);
#10902=ORIENTED_EDGE('',*,*,#10901,.T.);
#10904=ORIENTED_EDGE('',*,*,#10903,.T.);
#10906=ORIENTED_EDGE('',*,*,#10905,.T.);
#10908=ORIENTED_EDGE('',*,*,#10907,.T.);
#10910=ORIENTED_EDGE('',*,*,#10909,.T.);
#10912=ORIENTED_EDGE('',*,*,#10911,.T.);
#10914=ORIENTED_EDGE('',*,*,#10913,.T.);
#10916=ORIENTED_EDGE('',*,*,#10915,.T.);
#10918=ORIENTED_EDGE('',*,*,#10917,.T.);
#10920=ORIENTED_EDGE('',*,*,#10919,.T.);
#10922=ORIENTED_EDGE('',*,*,#10921,.T.);
#10924=ORIENTED_EDGE('',*,*,#10923,.T.);
#10926=ORIENTED_EDGE('',*,*,#10925,.T.);
#10928=ORIENTED_EDGE('',*,*,#10927,.T.);
#10930=ORIENTED_EDGE('',*,*,#10929,.T.);
#10932=ORIENTED_EDGE('',*,*,#10931,.T.);
#10934=ORIENTED_EDGE('',*,*,#10933,.T.);
#10936=ORIENTED_EDGE('',*,*,#10935,.T.);
#10938=ORIENTED_EDGE('',*,*,#10937,.T.);
#10940=ORIENTED_EDGE('',*,*,#10939,.T.);
#10942=ORIENTED_EDGE('',*,*,#10941,.T.);
#10944=ORIENTED_EDGE('',*,*,#10943,.T.);
#10945=EDGE_LOOP('',(#10866,#10868,#10870,#10872,#10874,#10876,#10878,#10880,
#10882,#10884,#10886,#10888,#10890,#10892,#10894,#10896,#10898,#10900,#10902,
#10904,#10906,#10908,#10910,#10912,#10914,#10916,#10918,#10920,#10922,#10924,
#10926,#10928,#10930,#10932,#10934,#10936,#10938,#10940,#10942,#10944));
#10946=FACE_BOUND('',#10945,.F.);
#10948=ORIENTED_EDGE('',*,*,#10947,.T.);
#10950=ORIENTED_EDGE('',*,*,#10949,.T.);
#10952=ORIENTED_EDGE('',*,*,#10951,.T.);
#10954=ORIENTED_EDGE('',*,*,#10953,.T.);
#10956=ORIENTED_EDGE('',*,*,#10955,.T.);
#10958=ORIENTED_EDGE('',*,*,#10957,.T.);
#10960=ORIENTED_EDGE('',*,*,#10959,.T.);
#10962=ORIENTED_EDGE('',*,*,#10961,.T.);
#10964=ORIENTED_EDGE('',*,*,#10963,.T.);
#10966=ORIENTED_EDGE('',*,*,#10965,.T.);
#10968=ORIENTED_EDGE('',*,*,#10967,.T.);
#10970=ORIENTED_EDGE('',*,*,#10969,.T.);
#10972=ORIENTED_EDGE('',*,*,#10971,.T.);
#10974=ORIENTED_EDGE('',*,*,#10973,.T.);
#10976=ORIENTED_EDGE('',*,*,#10975,.T.);
#10978=ORIENTED_EDGE('',*,*,#10977,.T.);
#10980=ORIENTED_EDGE('',*,*,#10979,.T.);
#10982=ORIENTED_EDGE('',*,*,#10981,.T.);
#10984=ORIENTED_EDGE('',*,*,#10983,.T.);
#10986=ORIENTED_EDGE('',*,*,#10985,.T.);
#10988=ORIENTED_EDGE('',*,*,#10987,.T.);
#10990=ORIENTED_EDGE('',*,*,#10989,.T.);
#10992=ORIENTED_EDGE('',*,*,#10991,.T.);
#10994=ORIENTED_EDGE('',*,*,#10993,.T.);
#10996=ORIENTED_EDGE('',*,*,#10995,.T.);
#10998=ORIENTED_EDGE('',*,*,#10997,.T.);
#10999=EDGE_LOOP('',(#10948,#10950,#10952,#10954,#10956,#10958,#10960,#10962,
#10964,#10966,#10968,#10970,#10972,#10974,#10976,#10978,#10980,#10982,#10984,
#10986,#10988,#10990,#10992,#10994,#10996,#10998));
#11000=FACE_BOUND('',#10999,.F.);
#11002=ORIENTED_EDGE('',*,*,#11001,.T.);
#11004=ORIENTED_EDGE('',*,*,#11003,.T.);
#11006=ORIENTED_EDGE('',*,*,#11005,.T.);
#11008=ORIENTED_EDGE('',*,*,#11007,.T.);
#11010=ORIENTED_EDGE('',*,*,#11009,.T.);
#11012=ORIENTED_EDGE('',*,*,#11011,.T.);
#11014=ORIENTED_EDGE('',*,*,#11013,.T.);
#11016=ORIENTED_EDGE('',*,*,#11015,.T.);
#11018=ORIENTED_EDGE('',*,*,#11017,.T.);
#11020=ORIENTED_EDGE('',*,*,#11019,.T.);
#11022=ORIENTED_EDGE('',*,*,#11021,.T.);
#11024=ORIENTED_EDGE('',*,*,#11023,.T.);
#11026=ORIENTED_EDGE('',*,*,#11025,.T.);
#11027=EDGE_LOOP('',(#11002,#11004,#11006,#11008,#11010,#11012,#11014,#11016,
#11018,#11020,#11022,#11024,#11026));
#11028=FACE_BOUND('',#11027,.F.);
#11030=ORIENTED_EDGE('',*,*,#11029,.T.);
#11032=ORIENTED_EDGE('',*,*,#11031,.T.);
#11034=ORIENTED_EDGE('',*,*,#11033,.T.);
#11036=ORIENTED_EDGE('',*,*,#11035,.T.);
#11038=ORIENTED_EDGE('',*,*,#11037,.T.);
#11040=ORIENTED_EDGE('',*,*,#11039,.T.);
#11042=ORIENTED_EDGE('',*,*,#11041,.T.);
#11044=ORIENTED_EDGE('',*,*,#11043,.T.);
#11046=ORIENTED_EDGE('',*,*,#11045,.T.);
#11048=ORIENTED_EDGE('',*,*,#11047,.T.);
#11050=ORIENTED_EDGE('',*,*,#11049,.T.);
#11052=ORIENTED_EDGE('',*,*,#11051,.T.);
#11054=ORIENTED_EDGE('',*,*,#11053,.T.);
#11056=ORIENTED_EDGE('',*,*,#11055,.T.);
#11058=ORIENTED_EDGE('',*,*,#11057,.T.);
#11060=ORIENTED_EDGE('',*,*,#11059,.T.);
#11062=ORIENTED_EDGE('',*,*,#11061,.T.);
#11064=ORIENTED_EDGE('',*,*,#11063,.T.);
#11066=ORIENTED_EDGE('',*,*,#11065,.T.);
#11068=ORIENTED_EDGE('',*,*,#11067,.T.);
#11070=ORIENTED_EDGE('',*,*,#11069,.T.);
#11072=ORIENTED_EDGE('',*,*,#11071,.T.);
#11074=ORIENTED_EDGE('',*,*,#11073,.T.);
#11076=ORIENTED_EDGE('',*,*,#11075,.T.);
#11078=ORIENTED_EDGE('',*,*,#11077,.T.);
#11080=ORIENTED_EDGE('',*,*,#11079,.T.);
#11082=ORIENTED_EDGE('',*,*,#11081,.T.);
#11084=ORIENTED_EDGE('',*,*,#11083,.T.);
#11086=ORIENTED_EDGE('',*,*,#11085,.T.);
#11088=ORIENTED_EDGE('',*,*,#11087,.T.);
#11090=ORIENTED_EDGE('',*,*,#11089,.T.);
#11092=ORIENTED_EDGE('',*,*,#11091,.T.);
#11094=ORIENTED_EDGE('',*,*,#11093,.T.);
#11096=ORIENTED_EDGE('',*,*,#11095,.T.);
#11098=ORIENTED_EDGE('',*,*,#11097,.T.);
#11100=ORIENTED_EDGE('',*,*,#11099,.T.);
#11102=ORIENTED_EDGE('',*,*,#11101,.T.);
#11104=ORIENTED_EDGE('',*,*,#11103,.T.);
#11106=ORIENTED_EDGE('',*,*,#11105,.T.);
#11108=ORIENTED_EDGE('',*,*,#11107,.T.);
#11109=EDGE_LOOP('',(#11030,#11032,#11034,#11036,#11038,#11040,#11042,#11044,
#11046,#11048,#11050,#11052,#11054,#11056,#11058,#11060,#11062,#11064,#11066,
#11068,#11070,#11072,#11074,#11076,#11078,#11080,#11082,#11084,#11086,#11088,
#11090,#11092,#11094,#11096,#11098,#11100,#11102,#11104,#11106,#11108));
#11110=FACE_BOUND('',#11109,.F.);
#11112=ORIENTED_EDGE('',*,*,#11111,.T.);
#11114=ORIENTED_EDGE('',*,*,#11113,.T.);
#11116=ORIENTED_EDGE('',*,*,#11115,.T.);
#11118=ORIENTED_EDGE('',*,*,#11117,.T.);
#11120=ORIENTED_EDGE('',*,*,#11119,.T.);
#11122=ORIENTED_EDGE('',*,*,#11121,.T.);
#11124=ORIENTED_EDGE('',*,*,#11123,.T.);
#11126=ORIENTED_EDGE('',*,*,#11125,.T.);
#11128=ORIENTED_EDGE('',*,*,#11127,.T.);
#11130=ORIENTED_EDGE('',*,*,#11129,.T.);
#11132=ORIENTED_EDGE('',*,*,#11131,.T.);
#11134=ORIENTED_EDGE('',*,*,#11133,.T.);
#11136=ORIENTED_EDGE('',*,*,#11135,.T.);
#11138=ORIENTED_EDGE('',*,*,#11137,.T.);
#11140=ORIENTED_EDGE('',*,*,#11139,.T.);
#11142=ORIENTED_EDGE('',*,*,#11141,.T.);
#11144=ORIENTED_EDGE('',*,*,#11143,.T.);
#11146=ORIENTED_EDGE('',*,*,#11145,.T.);
#11148=ORIENTED_EDGE('',*,*,#11147,.T.);
#11150=ORIENTED_EDGE('',*,*,#11149,.T.);
#11152=ORIENTED_EDGE('',*,*,#11151,.T.);
#11154=ORIENTED_EDGE('',*,*,#11153,.T.);
#11156=ORIENTED_EDGE('',*,*,#11155,.T.);
#11158=ORIENTED_EDGE('',*,*,#11157,.T.);
#11160=ORIENTED_EDGE('',*,*,#11159,.T.);
#11162=ORIENTED_EDGE('',*,*,#11161,.T.);
#11163=EDGE_LOOP('',(#11112,#11114,#11116,#11118,#11120,#11122,#11124,#11126,
#11128,#11130,#11132,#11134,#11136,#11138,#11140,#11142,#11144,#11146,#11148,
#11150,#11152,#11154,#11156,#11158,#11160,#11162));
#11164=FACE_BOUND('',#11163,.F.);
#11166=ORIENTED_EDGE('',*,*,#11165,.T.);
#11168=ORIENTED_EDGE('',*,*,#11167,.T.);
#11170=ORIENTED_EDGE('',*,*,#11169,.T.);
#11172=ORIENTED_EDGE('',*,*,#11171,.T.);
#11174=ORIENTED_EDGE('',*,*,#11173,.T.);
#11176=ORIENTED_EDGE('',*,*,#11175,.T.);
#11178=ORIENTED_EDGE('',*,*,#11177,.T.);
#11180=ORIENTED_EDGE('',*,*,#11179,.T.);
#11182=ORIENTED_EDGE('',*,*,#11181,.T.);
#11184=ORIENTED_EDGE('',*,*,#11183,.T.);
#11186=ORIENTED_EDGE('',*,*,#11185,.T.);
#11188=ORIENTED_EDGE('',*,*,#11187,.T.);
#11190=ORIENTED_EDGE('',*,*,#11189,.T.);
#11192=ORIENTED_EDGE('',*,*,#11191,.T.);
#11194=ORIENTED_EDGE('',*,*,#11193,.T.);
#11196=ORIENTED_EDGE('',*,*,#11195,.T.);
#11198=ORIENTED_EDGE('',*,*,#11197,.T.);
#11200=ORIENTED_EDGE('',*,*,#11199,.T.);
#11202=ORIENTED_EDGE('',*,*,#11201,.T.);
#11204=ORIENTED_EDGE('',*,*,#11203,.T.);
#11206=ORIENTED_EDGE('',*,*,#11205,.T.);
#11208=ORIENTED_EDGE('',*,*,#11207,.T.);
#11210=ORIENTED_EDGE('',*,*,#11209,.T.);
#11212=ORIENTED_EDGE('',*,*,#11211,.T.);
#11214=ORIENTED_EDGE('',*,*,#11213,.T.);
#11216=ORIENTED_EDGE('',*,*,#11215,.T.);
#11217=EDGE_LOOP('',(#11166,#11168,#11170,#11172,#11174,#11176,#11178,#11180,
#11182,#11184,#11186,#11188,#11190,#11192,#11194,#11196,#11198,#11200,#11202,
#11204,#11206,#11208,#11210,#11212,#11214,#11216));
#11218=FACE_BOUND('',#11217,.F.);
#11220=ORIENTED_EDGE('',*,*,#11219,.T.);
#11222=ORIENTED_EDGE('',*,*,#11221,.T.);
#11224=ORIENTED_EDGE('',*,*,#11223,.T.);
#11226=ORIENTED_EDGE('',*,*,#11225,.T.);
#11228=ORIENTED_EDGE('',*,*,#11227,.T.);
#11230=ORIENTED_EDGE('',*,*,#11229,.T.);
#11232=ORIENTED_EDGE('',*,*,#11231,.T.);
#11233=EDGE_LOOP('',(#11220,#11222,#11224,#11226,#11228,#11230,#11232));
#11234=FACE_BOUND('',#11233,.F.);
#11236=ORIENTED_EDGE('',*,*,#11235,.T.);
#11238=ORIENTED_EDGE('',*,*,#11237,.T.);
#11240=ORIENTED_EDGE('',*,*,#11239,.T.);
#11242=ORIENTED_EDGE('',*,*,#11241,.T.);
#11244=ORIENTED_EDGE('',*,*,#11243,.T.);
#11246=ORIENTED_EDGE('',*,*,#11245,.T.);
#11248=ORIENTED_EDGE('',*,*,#11247,.T.);
#11250=ORIENTED_EDGE('',*,*,#11249,.T.);
#11252=ORIENTED_EDGE('',*,*,#11251,.T.);
#11254=ORIENTED_EDGE('',*,*,#11253,.T.);
#11256=ORIENTED_EDGE('',*,*,#11255,.T.);
#11258=ORIENTED_EDGE('',*,*,#11257,.T.);
#11259=EDGE_LOOP('',(#11236,#11238,#11240,#11242,#11244,#11246,#11248,#11250,
#11252,#11254,#11256,#11258));
#11260=FACE_BOUND('',#11259,.F.);
#11262=ORIENTED_EDGE('',*,*,#11261,.T.);
#11264=ORIENTED_EDGE('',*,*,#11263,.T.);
#11266=ORIENTED_EDGE('',*,*,#11265,.T.);
#11268=ORIENTED_EDGE('',*,*,#11267,.T.);
#11270=ORIENTED_EDGE('',*,*,#11269,.T.);
#11272=ORIENTED_EDGE('',*,*,#11271,.T.);
#11274=ORIENTED_EDGE('',*,*,#11273,.T.);
#11276=ORIENTED_EDGE('',*,*,#11275,.T.);
#11278=ORIENTED_EDGE('',*,*,#11277,.T.);
#11280=ORIENTED_EDGE('',*,*,#11279,.T.);
#11282=ORIENTED_EDGE('',*,*,#11281,.T.);
#11284=ORIENTED_EDGE('',*,*,#11283,.T.);
#11286=ORIENTED_EDGE('',*,*,#11285,.T.);
#11288=ORIENTED_EDGE('',*,*,#11287,.T.);
#11290=ORIENTED_EDGE('',*,*,#11289,.T.);
#11292=ORIENTED_EDGE('',*,*,#11291,.T.);
#11294=ORIENTED_EDGE('',*,*,#11293,.T.);
#11296=ORIENTED_EDGE('',*,*,#11295,.T.);
#11298=ORIENTED_EDGE('',*,*,#11297,.T.);
#11300=ORIENTED_EDGE('',*,*,#11299,.T.);
#11302=ORIENTED_EDGE('',*,*,#11301,.T.);
#11304=ORIENTED_EDGE('',*,*,#11303,.T.);
#11306=ORIENTED_EDGE('',*,*,#11305,.T.);
#11308=ORIENTED_EDGE('',*,*,#11307,.T.);
#11310=ORIENTED_EDGE('',*,*,#11309,.T.);
#11312=ORIENTED_EDGE('',*,*,#11311,.T.);
#11314=ORIENTED_EDGE('',*,*,#11313,.T.);
#11316=ORIENTED_EDGE('',*,*,#11315,.T.);
#11318=ORIENTED_EDGE('',*,*,#11317,.T.);
#11320=ORIENTED_EDGE('',*,*,#11319,.T.);
#11322=ORIENTED_EDGE('',*,*,#11321,.T.);
#11324=ORIENTED_EDGE('',*,*,#11323,.T.);
#11326=ORIENTED_EDGE('',*,*,#11325,.T.);
#11328=ORIENTED_EDGE('',*,*,#11327,.T.);
#11330=ORIENTED_EDGE('',*,*,#11329,.T.);
#11332=ORIENTED_EDGE('',*,*,#11331,.T.);
#11334=ORIENTED_EDGE('',*,*,#11333,.T.);
#11336=ORIENTED_EDGE('',*,*,#11335,.T.);
#11338=ORIENTED_EDGE('',*,*,#11337,.T.);
#11340=ORIENTED_EDGE('',*,*,#11339,.T.);
#11341=EDGE_LOOP('',(#11262,#11264,#11266,#11268,#11270,#11272,#11274,#11276,
#11278,#11280,#11282,#11284,#11286,#11288,#11290,#11292,#11294,#11296,#11298,
#11300,#11302,#11304,#11306,#11308,#11310,#11312,#11314,#11316,#11318,#11320,
#11322,#11324,#11326,#11328,#11330,#11332,#11334,#11336,#11338,#11340));
#11342=FACE_BOUND('',#11341,.F.);
#11344=CARTESIAN_POINT('',(0.E0,1.9E1,0.E0));
#11345=DIRECTION('',(0.E0,1.E0,0.E0));
#11346=DIRECTION('',(1.E0,0.E0,0.E0));
#11347=AXIS2_PLACEMENT_3D('',#11344,#11345,#11346);
#11348=PLANE('',#11347);
#11350=ORIENTED_EDGE('',*,*,#11349,.T.);
#11352=ORIENTED_EDGE('',*,*,#11351,.T.);
#11354=ORIENTED_EDGE('',*,*,#11353,.T.);
#11356=ORIENTED_EDGE('',*,*,#11355,.T.);
#11358=ORIENTED_EDGE('',*,*,#11357,.T.);
#11360=ORIENTED_EDGE('',*,*,#11359,.T.);
#11362=ORIENTED_EDGE('',*,*,#11361,.T.);
#11364=ORIENTED_EDGE('',*,*,#11363,.T.);
#11366=ORIENTED_EDGE('',*,*,#11365,.T.);
#11368=ORIENTED_EDGE('',*,*,#11367,.T.);
#11370=ORIENTED_EDGE('',*,*,#11369,.T.);
#11372=ORIENTED_EDGE('',*,*,#11371,.T.);
#11374=ORIENTED_EDGE('',*,*,#11373,.T.);
#11376=ORIENTED_EDGE('',*,*,#11375,.T.);
#11378=ORIENTED_EDGE('',*,*,#11377,.T.);
#11380=ORIENTED_EDGE('',*,*,#11379,.T.);
#11382=ORIENTED_EDGE('',*,*,#11381,.T.);
#11384=ORIENTED_EDGE('',*,*,#11383,.T.);
#11385=EDGE_LOOP('',(#11350,#11352,#11354,#11356,#11358,#11360,#11362,#11364,
#11366,#11368,#11370,#11372,#11374,#11376,#11378,#11380,#11382,#11384));
#11386=FACE_OUTER_BOUND('',#11385,.F.);
#11388=CARTESIAN_POINT('',(0.E0,1.9E1,0.E0));
#11389=DIRECTION('',(0.E0,1.E0,0.E0));
#11390=DIRECTION('',(1.E0,0.E0,0.E0));
#11391=AXIS2_PLACEMENT_3D('',#11388,#11389,#11390);
#11392=PLANE('',#11391);
#11394=ORIENTED_EDGE('',*,*,#11393,.T.);
#11396=ORIENTED_EDGE('',*,*,#11395,.T.);
#11398=ORIENTED_EDGE('',*,*,#11397,.T.);
#11400=ORIENTED_EDGE('',*,*,#11399,.T.);
#11402=ORIENTED_EDGE('',*,*,#11401,.T.);
#11404=ORIENTED_EDGE('',*,*,#11403,.T.);
#11406=ORIENTED_EDGE('',*,*,#11405,.T.);
#11408=ORIENTED_EDGE('',*,*,#11407,.T.);
#11410=ORIENTED_EDGE('',*,*,#11409,.T.);
#11412=ORIENTED_EDGE('',*,*,#11411,.T.);
#11414=ORIENTED_EDGE('',*,*,#11413,.T.);
#11416=ORIENTED_EDGE('',*,*,#11415,.T.);
#11418=ORIENTED_EDGE('',*,*,#11417,.T.);
#11420=ORIENTED_EDGE('',*,*,#11419,.T.);
#11422=ORIENTED_EDGE('',*,*,#11421,.T.);
#11424=ORIENTED_EDGE('',*,*,#11423,.T.);
#11426=ORIENTED_EDGE('',*,*,#11425,.T.);
#11428=ORIENTED_EDGE('',*,*,#11427,.T.);
#11429=EDGE_LOOP('',(#11394,#11396,#11398,#11400,#11402,#11404,#11406,#11408,
#11410,#11412,#11414,#11416,#11418,#11420,#11422,#11424,#11426,#11428));
#11430=FACE_OUTER_BOUND('',#11429,.F.);
#11432=CARTESIAN_POINT('',(0.E0,1.9E1,0.E0));
#11433=DIRECTION('',(0.E0,1.E0,0.E0));
#11434=DIRECTION('',(1.E0,0.E0,0.E0));
#11435=AXIS2_PLACEMENT_3D('',#11432,#11433,#11434);
#11436=PLANE('',#11435);
#11438=ORIENTED_EDGE('',*,*,#11437,.T.);
#11440=ORIENTED_EDGE('',*,*,#11439,.T.);
#11442=ORIENTED_EDGE('',*,*,#11441,.T.);
#11444=ORIENTED_EDGE('',*,*,#11443,.T.);
#11446=ORIENTED_EDGE('',*,*,#11445,.T.);
#11448=ORIENTED_EDGE('',*,*,#11447,.T.);
#11450=ORIENTED_EDGE('',*,*,#11449,.T.);
#11452=ORIENTED_EDGE('',*,*,#11451,.T.);
#11454=ORIENTED_EDGE('',*,*,#11453,.T.);
#11456=ORIENTED_EDGE('',*,*,#11455,.T.);
#11458=ORIENTED_EDGE('',*,*,#11457,.T.);
#11460=ORIENTED_EDGE('',*,*,#11459,.T.);
#11462=ORIENTED_EDGE('',*,*,#11461,.T.);
#11464=ORIENTED_EDGE('',*,*,#11463,.T.);
#11466=ORIENTED_EDGE('',*,*,#11465,.T.);
#11468=ORIENTED_EDGE('',*,*,#11467,.T.);
#11470=ORIENTED_EDGE('',*,*,#11469,.T.);
#11472=ORIENTED_EDGE('',*,*,#11471,.T.);
#11473=EDGE_LOOP('',(#11438,#11440,#11442,#11444,#11446,#11448,#11450,#11452,
#11454,#11456,#11458,#11460,#11462,#11464,#11466,#11468,#11470,#11472));
#11474=FACE_OUTER_BOUND('',#11473,.F.);
#11476=CARTESIAN_POINT('',(7.7E0,1.9E1,-3.96E0));
#11477=DIRECTION('',(0.E0,0.E0,-1.E0));
#11478=DIRECTION('',(-1.E0,0.E0,0.E0));
#11479=AXIS2_PLACEMENT_3D('',#11476,#11477,#11478);
#11480=PLANE('',#11479);
#11481=ORIENTED_EDGE('',*,*,#10828,.F.);
#11482=ORIENTED_EDGE('',*,*,#10788,.F.);
#11483=ORIENTED_EDGE('',*,*,#10817,.T.);
#11485=ORIENTED_EDGE('',*,*,#11484,.T.);
#11487=ORIENTED_EDGE('',*,*,#11486,.F.);
#11488=ORIENTED_EDGE('',*,*,#10799,.F.);
#11489=EDGE_LOOP('',(#11481,#11482,#11483,#11485,#11487,#11488));
#11490=FACE_OUTER_BOUND('',#11489,.F.);
#11492=CARTESIAN_POINT('',(0.E0,1.901E1,0.E0));
#11493=DIRECTION('',(0.E0,1.E0,0.E0));
#11494=DIRECTION('',(0.E0,0.E0,-1.E0));
#11495=AXIS2_PLACEMENT_3D('',#11492,#11493,#11494);
#11496=PLANE('',#11495);
#11498=ORIENTED_EDGE('',*,*,#11497,.F.);
#11499=ORIENTED_EDGE('',*,*,#11484,.F.);
#11500=ORIENTED_EDGE('',*,*,#10815,.F.);
#11502=ORIENTED_EDGE('',*,*,#11501,.F.);
#11503=EDGE_LOOP('',(#11498,#11499,#11500,#11502));
#11504=FACE_OUTER_BOUND('',#11503,.F.);
#11506=FILL_AREA_STYLE_COLOUR('',#4);
#11507=FILL_AREA_STYLE('',(#11506));
#11508=SURFACE_STYLE_FILL_AREA(#11507);
#11509=SURFACE_SIDE_STYLE('',(#11508));
#11510=SURFACE_STYLE_USAGE(.POSITIVE.,#11509);
#11511=FILL_AREA_STYLE_COLOUR('',#15);
#11512=FILL_AREA_STYLE('',(#11511));
#11513=SURFACE_STYLE_FILL_AREA(#11512);
#11514=SURFACE_SIDE_STYLE('',(#11513));
#11515=SURFACE_STYLE_USAGE(.NEGATIVE.,#11514);
#11516=PRESENTATION_STYLE_ASSIGNMENT((#11510,#11515));
#11517=OVER_RIDING_STYLED_ITEM('',(#11516),#11505,#2970);
#11518=CARTESIAN_POINT('',(-7.7E0,1.9E1,-3.96E0));
#11519=DIRECTION('',(-1.E0,0.E0,0.E0));
#11520=DIRECTION('',(0.E0,0.E0,1.E0));
#11521=AXIS2_PLACEMENT_3D('',#11518,#11519,#11520);
#11522=PLANE('',#11521);
#11523=ORIENTED_EDGE('',*,*,#10845,.F.);
#11524=ORIENTED_EDGE('',*,*,#10801,.F.);
#11525=ORIENTED_EDGE('',*,*,#11486,.T.);
#11526=ORIENTED_EDGE('',*,*,#11497,.T.);
#11528=ORIENTED_EDGE('',*,*,#11527,.F.);
#11529=EDGE_LOOP('',(#11523,#11524,#11525,#11526,#11528));
#11530=FACE_OUTER_BOUND('',#11529,.F.);
#11532=CARTESIAN_POINT('',(-7.7E0,1.9E1,-3.8E0));
#11533=DIRECTION('',(0.E0,0.E0,1.E0));
#11534=DIRECTION('',(1.E0,0.E0,0.E0));
#11535=AXIS2_PLACEMENT_3D('',#11532,#11533,#11534);
#11536=PLANE('',#11535);
#11537=ORIENTED_EDGE('',*,*,#10839,.F.);
#11538=ORIENTED_EDGE('',*,*,#11527,.T.);
#11539=ORIENTED_EDGE('',*,*,#11501,.T.);
#11540=ORIENTED_EDGE('',*,*,#10813,.F.);
#11541=EDGE_LOOP('',(#11537,#11538,#11539,#11540));
#11542=FACE_OUTER_BOUND('',#11541,.F.);
#11544=CARTESIAN_POINT('',(2.825729930634E0,1.9E1,-2.095323461406E0));
#11545=DIRECTION('',(0.E0,0.E0,1.E0));
#11546=DIRECTION('',(1.E0,0.E0,0.E0));
#11547=AXIS2_PLACEMENT_3D('',#11544,#11545,#11546);
#11548=PLANE('',#11547);
#11549=ORIENTED_EDGE('',*,*,#10849,.F.);
#11551=ORIENTED_EDGE('',*,*,#11550,.T.);
#11553=ORIENTED_EDGE('',*,*,#11552,.T.);
#11555=ORIENTED_EDGE('',*,*,#11554,.F.);
#11556=EDGE_LOOP('',(#11549,#11551,#11553,#11555));
#11557=FACE_OUTER_BOUND('',#11556,.F.);
#11559=CARTESIAN_POINT('',(2.825729930634E0,1.9E1,-2.432823461406E0));
#11560=DIRECTION('',(-1.E0,0.E0,0.E0));
#11561=DIRECTION('',(0.E0,0.E0,1.E0));
#11562=AXIS2_PLACEMENT_3D('',#11559,#11560,#11561);
#11563=PLANE('',#11562);
#11564=ORIENTED_EDGE('',*,*,#10861,.F.);
#11566=ORIENTED_EDGE('',*,*,#11565,.T.);
#11568=ORIENTED_EDGE('',*,*,#11567,.T.);
#11569=ORIENTED_EDGE('',*,*,#11550,.F.);
#11570=EDGE_LOOP('',(#11564,#11566,#11568,#11569));
#11571=FACE_OUTER_BOUND('',#11570,.F.);
#11573=CARTESIAN_POINT('',(5.066155517334E0,1.9E1,-2.432823461406E0));
#11574=DIRECTION('',(0.E0,0.E0,-1.E0));
#11575=DIRECTION('',(-1.E0,0.E0,0.E0));
#11576=AXIS2_PLACEMENT_3D('',#11573,#11574,#11575);
#11577=PLANE('',#11576);
#11578=ORIENTED_EDGE('',*,*,#10859,.F.);
#11580=ORIENTED_EDGE('',*,*,#11579,.T.);
#11582=ORIENTED_EDGE('',*,*,#11581,.T.);
#11583=ORIENTED_EDGE('',*,*,#11565,.F.);
#11584=EDGE_LOOP('',(#11578,#11580,#11582,#11583));
#11585=FACE_OUTER_BOUND('',#11584,.F.);
#11587=CARTESIAN_POINT('',(4.664027744765E0,1.9E1,-2.770323461406E0));
#11588=DIRECTION('',(-6.428711427642E-1,0.E0,7.659743427825E-1));
#11589=DIRECTION('',(7.659743427825E-1,0.E0,6.428711427642E-1));
#11590=AXIS2_PLACEMENT_3D('',#11587,#11588,#11589);
#11591=PLANE('',#11590);
#11592=ORIENTED_EDGE('',*,*,#10857,.F.);
#11594=ORIENTED_EDGE('',*,*,#11593,.T.);
#11596=ORIENTED_EDGE('',*,*,#11595,.T.);
#11597=ORIENTED_EDGE('',*,*,#11579,.F.);
#11598=EDGE_LOOP('',(#11592,#11594,#11596,#11597));
#11599=FACE_OUTER_BOUND('',#11598,.F.);
#11601=CARTESIAN_POINT('',(5.123602318997E0,1.9E1,-2.770323461406E0));
#11602=DIRECTION('',(0.E0,0.E0,-1.E0));
#11603=DIRECTION('',(-1.E0,0.E0,0.E0));
#11604=AXIS2_PLACEMENT_3D('',#11601,#11602,#11603);
#11605=PLANE('',#11604);
#11606=ORIENTED_EDGE('',*,*,#10855,.F.);
#11608=ORIENTED_EDGE('',*,*,#11607,.T.);
#11610=ORIENTED_EDGE('',*,*,#11609,.T.);
#11611=ORIENTED_EDGE('',*,*,#11593,.F.);
#11612=EDGE_LOOP('',(#11606,#11608,#11610,#11611));
#11613=FACE_OUTER_BOUND('',#11612,.F.);
#11615=CARTESIAN_POINT('',(5.525729930634E0,1.9E1,-2.432823461406E0));
#11616=DIRECTION('',(6.428712937139E-1,0.E0,-7.659742160926E-1));
#11617=DIRECTION('',(-7.659742160926E-1,0.E0,-6.428712937139E-1));
#11618=AXIS2_PLACEMENT_3D('',#11615,#11616,#11617);
#11619=PLANE('',#11618);
#11620=ORIENTED_EDGE('',*,*,#10853,.F.);
#11622=ORIENTED_EDGE('',*,*,#11621,.T.);
#11624=ORIENTED_EDGE('',*,*,#11623,.T.);
#11625=ORIENTED_EDGE('',*,*,#11607,.F.);
#11626=EDGE_LOOP('',(#11620,#11622,#11624,#11625));
#11627=FACE_OUTER_BOUND('',#11626,.F.);
#11629=CARTESIAN_POINT('',(5.525729930634E0,1.9E1,-2.095323461406E0));
#11630=DIRECTION('',(1.E0,0.E0,0.E0));
#11631=DIRECTION('',(0.E0,0.E0,-1.E0));
#11632=AXIS2_PLACEMENT_3D('',#11629,#11630,#11631);
#11633=PLANE('',#11632);
#11634=ORIENTED_EDGE('',*,*,#10851,.F.);
#11635=ORIENTED_EDGE('',*,*,#11554,.T.);
#11637=ORIENTED_EDGE('',*,*,#11636,.T.);
#11638=ORIENTED_EDGE('',*,*,#11621,.F.);
#11639=EDGE_LOOP('',(#11634,#11635,#11637,#11638));
#11640=FACE_OUTER_BOUND('',#11639,.F.);
#11642=CARTESIAN_POINT('',(0.E0,1.901E1,0.E0));
#11643=DIRECTION('',(0.E0,1.E0,0.E0));
#11644=DIRECTION('',(0.E0,0.E0,1.E0));
#11645=AXIS2_PLACEMENT_3D('',#11642,#11643,#11644);
#11646=PLANE('',#11645);
#11647=ORIENTED_EDGE('',*,*,#11552,.F.);
#11648=ORIENTED_EDGE('',*,*,#11567,.F.);
#11649=ORIENTED_EDGE('',*,*,#11581,.F.);
#11650=ORIENTED_EDGE('',*,*,#11595,.F.);
#11651=ORIENTED_EDGE('',*,*,#11609,.F.);
#11652=ORIENTED_EDGE('',*,*,#11623,.F.);
#11653=ORIENTED_EDGE('',*,*,#11636,.F.);
#11654=EDGE_LOOP('',(#11647,#11648,#11649,#11650,#11651,#11652,#11653));
#11655=FACE_OUTER_BOUND('',#11654,.F.);
#11657=FILL_AREA_STYLE_COLOUR('',#4);
#11658=FILL_AREA_STYLE('',(#11657));
#11659=SURFACE_STYLE_FILL_AREA(#11658);
#11660=SURFACE_SIDE_STYLE('',(#11659));
#11661=SURFACE_STYLE_USAGE(.POSITIVE.,#11660);
#11662=FILL_AREA_STYLE_COLOUR('',#15);
#11663=FILL_AREA_STYLE('',(#11662));
#11664=SURFACE_STYLE_FILL_AREA(#11663);
#11665=SURFACE_SIDE_STYLE('',(#11664));
#11666=SURFACE_STYLE_USAGE(.NEGATIVE.,#11665);
#11667=PRESENTATION_STYLE_ASSIGNMENT((#11661,#11666));
#11668=OVER_RIDING_STYLED_ITEM('',(#11667),#11656,#2970);
#11669=CARTESIAN_POINT('',(0.E0,1.901E1,0.E0));
#11670=DIRECTION('',(0.E0,1.E0,0.E0));
#11671=DIRECTION('',(0.E0,0.E0,1.E0));
#11672=AXIS2_PLACEMENT_3D('',#11669,#11670,#11671);
#11673=PLANE('',#11672);
#11675=ORIENTED_EDGE('',*,*,#11674,.F.);
#11677=ORIENTED_EDGE('',*,*,#11676,.F.);
#11679=ORIENTED_EDGE('',*,*,#11678,.F.);
#11681=ORIENTED_EDGE('',*,*,#11680,.F.);
#11683=ORIENTED_EDGE('',*,*,#11682,.F.);
#11685=ORIENTED_EDGE('',*,*,#11684,.F.);
#11687=ORIENTED_EDGE('',*,*,#11686,.F.);
#11689=ORIENTED_EDGE('',*,*,#11688,.F.);
#11691=ORIENTED_EDGE('',*,*,#11690,.F.);
#11693=ORIENTED_EDGE('',*,*,#11692,.F.);
#11695=ORIENTED_EDGE('',*,*,#11694,.F.);
#11697=ORIENTED_EDGE('',*,*,#11696,.F.);
#11699=ORIENTED_EDGE('',*,*,#11698,.F.);
#11701=ORIENTED_EDGE('',*,*,#11700,.F.);
#11703=ORIENTED_EDGE('',*,*,#11702,.F.);
#11705=ORIENTED_EDGE('',*,*,#11704,.F.);
#11707=ORIENTED_EDGE('',*,*,#11706,.F.);
#11709=ORIENTED_EDGE('',*,*,#11708,.F.);
#11711=ORIENTED_EDGE('',*,*,#11710,.F.);
#11713=ORIENTED_EDGE('',*,*,#11712,.F.);
#11715=ORIENTED_EDGE('',*,*,#11714,.F.);
#11717=ORIENTED_EDGE('',*,*,#11716,.F.);
#11719=ORIENTED_EDGE('',*,*,#11718,.F.);
#11721=ORIENTED_EDGE('',*,*,#11720,.F.);
#11723=ORIENTED_EDGE('',*,*,#11722,.F.);
#11725=ORIENTED_EDGE('',*,*,#11724,.F.);
#11727=ORIENTED_EDGE('',*,*,#11726,.F.);
#11729=ORIENTED_EDGE('',*,*,#11728,.F.);
#11731=ORIENTED_EDGE('',*,*,#11730,.F.);
#11733=ORIENTED_EDGE('',*,*,#11732,.F.);
#11735=ORIENTED_EDGE('',*,*,#11734,.F.);
#11737=ORIENTED_EDGE('',*,*,#11736,.F.);
#11739=ORIENTED_EDGE('',*,*,#11738,.F.);
#11741=ORIENTED_EDGE('',*,*,#11740,.F.);
#11743=ORIENTED_EDGE('',*,*,#11742,.F.);
#11745=ORIENTED_EDGE('',*,*,#11744,.F.);
#11747=ORIENTED_EDGE('',*,*,#11746,.F.);
#11749=ORIENTED_EDGE('',*,*,#11748,.F.);
#11751=ORIENTED_EDGE('',*,*,#11750,.F.);
#11753=ORIENTED_EDGE('',*,*,#11752,.F.);
#11754=EDGE_LOOP('',(#11675,#11677,#11679,#11681,#11683,#11685,#11687,#11689,
#11691,#11693,#11695,#11697,#11699,#11701,#11703,#11705,#11707,#11709,#11711,
#11713,#11715,#11717,#11719,#11721,#11723,#11725,#11727,#11729,#11731,#11733,
#11735,#11737,#11739,#11741,#11743,#11745,#11747,#11749,#11751,#11753));
#11755=FACE_OUTER_BOUND('',#11754,.F.);
#11757=FILL_AREA_STYLE_COLOUR('',#4);
#11758=FILL_AREA_STYLE('',(#11757));
#11759=SURFACE_STYLE_FILL_AREA(#11758);
#11760=SURFACE_SIDE_STYLE('',(#11759));
#11761=SURFACE_STYLE_USAGE(.POSITIVE.,#11760);
#11762=FILL_AREA_STYLE_COLOUR('',#15);
#11763=FILL_AREA_STYLE('',(#11762));
#11764=SURFACE_STYLE_FILL_AREA(#11763);
#11765=SURFACE_SIDE_STYLE('',(#11764));
#11766=SURFACE_STYLE_USAGE(.NEGATIVE.,#11765);
#11767=PRESENTATION_STYLE_ASSIGNMENT((#11761,#11766));
#11768=OVER_RIDING_STYLED_ITEM('',(#11767),#11756,#2970);
#11769=CARTESIAN_POINT('',(0.E0,1.901E1,0.E0));
#11770=DIRECTION('',(0.E0,1.E0,0.E0));
#11771=DIRECTION('',(0.E0,0.E0,1.E0));
#11772=AXIS2_PLACEMENT_3D('',#11769,#11770,#11771);
#11773=PLANE('',#11772);
#11775=ORIENTED_EDGE('',*,*,#11774,.F.);
#11777=ORIENTED_EDGE('',*,*,#11776,.F.);
#11779=ORIENTED_EDGE('',*,*,#11778,.F.);
#11781=ORIENTED_EDGE('',*,*,#11780,.F.);
#11783=ORIENTED_EDGE('',*,*,#11782,.F.);
#11785=ORIENTED_EDGE('',*,*,#11784,.F.);
#11787=ORIENTED_EDGE('',*,*,#11786,.F.);
#11789=ORIENTED_EDGE('',*,*,#11788,.F.);
#11791=ORIENTED_EDGE('',*,*,#11790,.F.);
#11793=ORIENTED_EDGE('',*,*,#11792,.F.);
#11795=ORIENTED_EDGE('',*,*,#11794,.F.);
#11797=ORIENTED_EDGE('',*,*,#11796,.F.);
#11799=ORIENTED_EDGE('',*,*,#11798,.F.);
#11801=ORIENTED_EDGE('',*,*,#11800,.F.);
#11803=ORIENTED_EDGE('',*,*,#11802,.F.);
#11805=ORIENTED_EDGE('',*,*,#11804,.F.);
#11807=ORIENTED_EDGE('',*,*,#11806,.F.);
#11809=ORIENTED_EDGE('',*,*,#11808,.F.);
#11811=ORIENTED_EDGE('',*,*,#11810,.F.);
#11813=ORIENTED_EDGE('',*,*,#11812,.F.);
#11815=ORIENTED_EDGE('',*,*,#11814,.F.);
#11817=ORIENTED_EDGE('',*,*,#11816,.F.);
#11819=ORIENTED_EDGE('',*,*,#11818,.F.);
#11821=ORIENTED_EDGE('',*,*,#11820,.F.);
#11823=ORIENTED_EDGE('',*,*,#11822,.F.);
#11825=ORIENTED_EDGE('',*,*,#11824,.F.);
#11826=EDGE_LOOP('',(#11775,#11777,#11779,#11781,#11783,#11785,#11787,#11789,
#11791,#11793,#11795,#11797,#11799,#11801,#11803,#11805,#11807,#11809,#11811,
#11813,#11815,#11817,#11819,#11821,#11823,#11825));
#11827=FACE_OUTER_BOUND('',#11826,.F.);
#11829=ORIENTED_EDGE('',*,*,#11828,.F.);
#11831=ORIENTED_EDGE('',*,*,#11830,.F.);
#11833=ORIENTED_EDGE('',*,*,#11832,.F.);
#11835=ORIENTED_EDGE('',*,*,#11834,.F.);
#11837=ORIENTED_EDGE('',*,*,#11836,.F.);
#11839=ORIENTED_EDGE('',*,*,#11838,.F.);
#11841=ORIENTED_EDGE('',*,*,#11840,.F.);
#11843=ORIENTED_EDGE('',*,*,#11842,.F.);
#11845=ORIENTED_EDGE('',*,*,#11844,.F.);
#11847=ORIENTED_EDGE('',*,*,#11846,.F.);
#11849=ORIENTED_EDGE('',*,*,#11848,.F.);
#11851=ORIENTED_EDGE('',*,*,#11850,.F.);
#11853=ORIENTED_EDGE('',*,*,#11852,.F.);
#11855=ORIENTED_EDGE('',*,*,#11854,.F.);
#11857=ORIENTED_EDGE('',*,*,#11856,.F.);
#11859=ORIENTED_EDGE('',*,*,#11858,.F.);
#11861=ORIENTED_EDGE('',*,*,#11860,.F.);
#11863=ORIENTED_EDGE('',*,*,#11862,.F.);
#11864=EDGE_LOOP('',(#11829,#11831,#11833,#11835,#11837,#11839,#11841,#11843,
#11845,#11847,#11849,#11851,#11853,#11855,#11857,#11859,#11861,#11863));
#11865=FACE_BOUND('',#11864,.F.);
#11867=FILL_AREA_STYLE_COLOUR('',#4);
#11868=FILL_AREA_STYLE('',(#11867));
#11869=SURFACE_STYLE_FILL_AREA(#11868);
#11870=SURFACE_SIDE_STYLE('',(#11869));
#11871=SURFACE_STYLE_USAGE(.POSITIVE.,#11870);
#11872=FILL_AREA_STYLE_COLOUR('',#15);
#11873=FILL_AREA_STYLE('',(#11872));
#11874=SURFACE_STYLE_FILL_AREA(#11873);
#11875=SURFACE_SIDE_STYLE('',(#11874));
#11876=SURFACE_STYLE_USAGE(.NEGATIVE.,#11875);
#11877=PRESENTATION_STYLE_ASSIGNMENT((#11871,#11876));
#11878=OVER_RIDING_STYLED_ITEM('',(#11877),#11866,#2970);
#11879=CARTESIAN_POINT('',(0.E0,1.901E1,0.E0));
#11880=DIRECTION('',(0.E0,1.E0,0.E0));
#11881=DIRECTION('',(0.E0,0.E0,1.E0));
#11882=AXIS2_PLACEMENT_3D('',#11879,#11880,#11881);
#11883=PLANE('',#11882);
#11885=ORIENTED_EDGE('',*,*,#11884,.F.);
#11887=ORIENTED_EDGE('',*,*,#11886,.F.);
#11889=ORIENTED_EDGE('',*,*,#11888,.F.);
#11891=ORIENTED_EDGE('',*,*,#11890,.F.);
#11893=ORIENTED_EDGE('',*,*,#11892,.F.);
#11895=ORIENTED_EDGE('',*,*,#11894,.F.);
#11897=ORIENTED_EDGE('',*,*,#11896,.F.);
#11899=ORIENTED_EDGE('',*,*,#11898,.F.);
#11901=ORIENTED_EDGE('',*,*,#11900,.F.);
#11903=ORIENTED_EDGE('',*,*,#11902,.F.);
#11905=ORIENTED_EDGE('',*,*,#11904,.F.);
#11907=ORIENTED_EDGE('',*,*,#11906,.F.);
#11909=ORIENTED_EDGE('',*,*,#11908,.F.);
#11911=ORIENTED_EDGE('',*,*,#11910,.F.);
#11913=ORIENTED_EDGE('',*,*,#11912,.F.);
#11915=ORIENTED_EDGE('',*,*,#11914,.F.);
#11917=ORIENTED_EDGE('',*,*,#11916,.F.);
#11919=ORIENTED_EDGE('',*,*,#11918,.F.);
#11921=ORIENTED_EDGE('',*,*,#11920,.F.);
#11923=ORIENTED_EDGE('',*,*,#11922,.F.);
#11925=ORIENTED_EDGE('',*,*,#11924,.F.);
#11927=ORIENTED_EDGE('',*,*,#11926,.F.);
#11929=ORIENTED_EDGE('',*,*,#11928,.F.);
#11931=ORIENTED_EDGE('',*,*,#11930,.F.);
#11933=ORIENTED_EDGE('',*,*,#11932,.F.);
#11935=ORIENTED_EDGE('',*,*,#11934,.F.);
#11936=EDGE_LOOP('',(#11885,#11887,#11889,#11891,#11893,#11895,#11897,#11899,
#11901,#11903,#11905,#11907,#11909,#11911,#11913,#11915,#11917,#11919,#11921,
#11923,#11925,#11927,#11929,#11931,#11933,#11935));
#11937=FACE_OUTER_BOUND('',#11936,.F.);
#11939=ORIENTED_EDGE('',*,*,#11938,.F.);
#11941=ORIENTED_EDGE('',*,*,#11940,.F.);
#11943=ORIENTED_EDGE('',*,*,#11942,.F.);
#11945=ORIENTED_EDGE('',*,*,#11944,.F.);
#11947=ORIENTED_EDGE('',*,*,#11946,.F.);
#11949=ORIENTED_EDGE('',*,*,#11948,.F.);
#11951=ORIENTED_EDGE('',*,*,#11950,.F.);
#11953=ORIENTED_EDGE('',*,*,#11952,.F.);
#11955=ORIENTED_EDGE('',*,*,#11954,.F.);
#11957=ORIENTED_EDGE('',*,*,#11956,.F.);
#11959=ORIENTED_EDGE('',*,*,#11958,.F.);
#11961=ORIENTED_EDGE('',*,*,#11960,.F.);
#11963=ORIENTED_EDGE('',*,*,#11962,.F.);
#11965=ORIENTED_EDGE('',*,*,#11964,.F.);
#11967=ORIENTED_EDGE('',*,*,#11966,.F.);
#11969=ORIENTED_EDGE('',*,*,#11968,.F.);
#11971=ORIENTED_EDGE('',*,*,#11970,.F.);
#11973=ORIENTED_EDGE('',*,*,#11972,.F.);
#11974=EDGE_LOOP('',(#11939,#11941,#11943,#11945,#11947,#11949,#11951,#11953,
#11955,#11957,#11959,#11961,#11963,#11965,#11967,#11969,#11971,#11973));
#11975=FACE_BOUND('',#11974,.F.);
#11977=FILL_AREA_STYLE_COLOUR('',#4);
#11978=FILL_AREA_STYLE('',(#11977));
#11979=SURFACE_STYLE_FILL_AREA(#11978);
#11980=SURFACE_SIDE_STYLE('',(#11979));
#11981=SURFACE_STYLE_USAGE(.POSITIVE.,#11980);
#11982=FILL_AREA_STYLE_COLOUR('',#15);
#11983=FILL_AREA_STYLE('',(#11982));
#11984=SURFACE_STYLE_FILL_AREA(#11983);
#11985=SURFACE_SIDE_STYLE('',(#11984));
#11986=SURFACE_STYLE_USAGE(.NEGATIVE.,#11985);
#11987=PRESENTATION_STYLE_ASSIGNMENT((#11981,#11986));
#11988=OVER_RIDING_STYLED_ITEM('',(#11987),#11976,#2970);
#11989=CARTESIAN_POINT('',(0.E0,1.901E1,0.E0));
#11990=DIRECTION('',(0.E0,1.E0,0.E0));
#11991=DIRECTION('',(0.E0,0.E0,1.E0));
#11992=AXIS2_PLACEMENT_3D('',#11989,#11990,#11991);
#11993=PLANE('',#11992);
#11995=ORIENTED_EDGE('',*,*,#11994,.F.);
#11997=ORIENTED_EDGE('',*,*,#11996,.F.);
#11999=ORIENTED_EDGE('',*,*,#11998,.F.);
#12001=ORIENTED_EDGE('',*,*,#12000,.F.);
#12003=ORIENTED_EDGE('',*,*,#12002,.F.);
#12005=ORIENTED_EDGE('',*,*,#12004,.F.);
#12007=ORIENTED_EDGE('',*,*,#12006,.F.);
#12009=ORIENTED_EDGE('',*,*,#12008,.F.);
#12011=ORIENTED_EDGE('',*,*,#12010,.F.);
#12013=ORIENTED_EDGE('',*,*,#12012,.F.);
#12015=ORIENTED_EDGE('',*,*,#12014,.F.);
#12017=ORIENTED_EDGE('',*,*,#12016,.F.);
#12019=ORIENTED_EDGE('',*,*,#12018,.F.);
#12021=ORIENTED_EDGE('',*,*,#12020,.F.);
#12023=ORIENTED_EDGE('',*,*,#12022,.F.);
#12025=ORIENTED_EDGE('',*,*,#12024,.F.);
#12027=ORIENTED_EDGE('',*,*,#12026,.F.);
#12029=ORIENTED_EDGE('',*,*,#12028,.F.);
#12031=ORIENTED_EDGE('',*,*,#12030,.F.);
#12033=ORIENTED_EDGE('',*,*,#12032,.F.);
#12035=ORIENTED_EDGE('',*,*,#12034,.F.);
#12037=ORIENTED_EDGE('',*,*,#12036,.F.);
#12039=ORIENTED_EDGE('',*,*,#12038,.F.);
#12041=ORIENTED_EDGE('',*,*,#12040,.F.);
#12043=ORIENTED_EDGE('',*,*,#12042,.F.);
#12045=ORIENTED_EDGE('',*,*,#12044,.F.);
#12047=ORIENTED_EDGE('',*,*,#12046,.F.);
#12049=ORIENTED_EDGE('',*,*,#12048,.F.);
#12051=ORIENTED_EDGE('',*,*,#12050,.F.);
#12053=ORIENTED_EDGE('',*,*,#12052,.F.);
#12055=ORIENTED_EDGE('',*,*,#12054,.F.);
#12057=ORIENTED_EDGE('',*,*,#12056,.F.);
#12059=ORIENTED_EDGE('',*,*,#12058,.F.);
#12061=ORIENTED_EDGE('',*,*,#12060,.F.);
#12063=ORIENTED_EDGE('',*,*,#12062,.F.);
#12065=ORIENTED_EDGE('',*,*,#12064,.F.);
#12067=ORIENTED_EDGE('',*,*,#12066,.F.);
#12069=ORIENTED_EDGE('',*,*,#12068,.F.);
#12071=ORIENTED_EDGE('',*,*,#12070,.F.);
#12073=ORIENTED_EDGE('',*,*,#12072,.F.);
#12074=EDGE_LOOP('',(#11995,#11997,#11999,#12001,#12003,#12005,#12007,#12009,
#12011,#12013,#12015,#12017,#12019,#12021,#12023,#12025,#12027,#12029,#12031,
#12033,#12035,#12037,#12039,#12041,#12043,#12045,#12047,#12049,#12051,#12053,
#12055,#12057,#12059,#12061,#12063,#12065,#12067,#12069,#12071,#12073));
#12075=FACE_OUTER_BOUND('',#12074,.F.);
#12077=FILL_AREA_STYLE_COLOUR('',#4);
#12078=FILL_AREA_STYLE('',(#12077));
#12079=SURFACE_STYLE_FILL_AREA(#12078);
#12080=SURFACE_SIDE_STYLE('',(#12079));
#12081=SURFACE_STYLE_USAGE(.POSITIVE.,#12080);
#12082=FILL_AREA_STYLE_COLOUR('',#15);
#12083=FILL_AREA_STYLE('',(#12082));
#12084=SURFACE_STYLE_FILL_AREA(#12083);
#12085=SURFACE_SIDE_STYLE('',(#12084));
#12086=SURFACE_STYLE_USAGE(.NEGATIVE.,#12085);
#12087=PRESENTATION_STYLE_ASSIGNMENT((#12081,#12086));
#12088=OVER_RIDING_STYLED_ITEM('',(#12087),#12076,#2970);
#12089=CARTESIAN_POINT('',(0.E0,1.901E1,0.E0));
#12090=DIRECTION('',(0.E0,1.E0,0.E0));
#12091=DIRECTION('',(0.E0,0.E0,1.E0));
#12092=AXIS2_PLACEMENT_3D('',#12089,#12090,#12091);
#12093=PLANE('',#12092);
#12095=ORIENTED_EDGE('',*,*,#12094,.F.);
#12097=ORIENTED_EDGE('',*,*,#12096,.F.);
#12099=ORIENTED_EDGE('',*,*,#12098,.F.);
#12101=ORIENTED_EDGE('',*,*,#12100,.F.);
#12103=ORIENTED_EDGE('',*,*,#12102,.F.);
#12105=ORIENTED_EDGE('',*,*,#12104,.F.);
#12107=ORIENTED_EDGE('',*,*,#12106,.F.);
#12109=ORIENTED_EDGE('',*,*,#12108,.F.);
#12111=ORIENTED_EDGE('',*,*,#12110,.F.);
#12113=ORIENTED_EDGE('',*,*,#12112,.F.);
#12115=ORIENTED_EDGE('',*,*,#12114,.F.);
#12117=ORIENTED_EDGE('',*,*,#12116,.F.);
#12119=ORIENTED_EDGE('',*,*,#12118,.F.);
#12121=ORIENTED_EDGE('',*,*,#12120,.F.);
#12123=ORIENTED_EDGE('',*,*,#12122,.F.);
#12125=ORIENTED_EDGE('',*,*,#12124,.F.);
#12127=ORIENTED_EDGE('',*,*,#12126,.F.);
#12129=ORIENTED_EDGE('',*,*,#12128,.F.);
#12131=ORIENTED_EDGE('',*,*,#12130,.F.);
#12133=ORIENTED_EDGE('',*,*,#12132,.F.);
#12135=ORIENTED_EDGE('',*,*,#12134,.F.);
#12137=ORIENTED_EDGE('',*,*,#12136,.F.);
#12139=ORIENTED_EDGE('',*,*,#12138,.F.);
#12141=ORIENTED_EDGE('',*,*,#12140,.F.);
#12143=ORIENTED_EDGE('',*,*,#12142,.F.);
#12145=ORIENTED_EDGE('',*,*,#12144,.F.);
#12146=EDGE_LOOP('',(#12095,#12097,#12099,#12101,#12103,#12105,#12107,#12109,
#12111,#12113,#12115,#12117,#12119,#12121,#12123,#12125,#12127,#12129,#12131,
#12133,#12135,#12137,#12139,#12141,#12143,#12145));
#12147=FACE_OUTER_BOUND('',#12146,.F.);
#12149=ORIENTED_EDGE('',*,*,#12148,.F.);
#12151=ORIENTED_EDGE('',*,*,#12150,.F.);
#12153=ORIENTED_EDGE('',*,*,#12152,.F.);
#12155=ORIENTED_EDGE('',*,*,#12154,.F.);
#12157=ORIENTED_EDGE('',*,*,#12156,.F.);
#12159=ORIENTED_EDGE('',*,*,#12158,.F.);
#12161=ORIENTED_EDGE('',*,*,#12160,.F.);
#12163=ORIENTED_EDGE('',*,*,#12162,.F.);
#12165=ORIENTED_EDGE('',*,*,#12164,.F.);
#12167=ORIENTED_EDGE('',*,*,#12166,.F.);
#12169=ORIENTED_EDGE('',*,*,#12168,.F.);
#12171=ORIENTED_EDGE('',*,*,#12170,.F.);
#12173=ORIENTED_EDGE('',*,*,#12172,.F.);
#12175=ORIENTED_EDGE('',*,*,#12174,.F.);
#12177=ORIENTED_EDGE('',*,*,#12176,.F.);
#12179=ORIENTED_EDGE('',*,*,#12178,.F.);
#12181=ORIENTED_EDGE('',*,*,#12180,.F.);
#12183=ORIENTED_EDGE('',*,*,#12182,.F.);
#12184=EDGE_LOOP('',(#12149,#12151,#12153,#12155,#12157,#12159,#12161,#12163,
#12165,#12167,#12169,#12171,#12173,#12175,#12177,#12179,#12181,#12183));
#12185=FACE_BOUND('',#12184,.F.);
#12187=FILL_AREA_STYLE_COLOUR('',#4);
#12188=FILL_AREA_STYLE('',(#12187));
#12189=SURFACE_STYLE_FILL_AREA(#12188);
#12190=SURFACE_SIDE_STYLE('',(#12189));
#12191=SURFACE_STYLE_USAGE(.POSITIVE.,#12190);
#12192=FILL_AREA_STYLE_COLOUR('',#15);
#12193=FILL_AREA_STYLE('',(#12192));
#12194=SURFACE_STYLE_FILL_AREA(#12193);
#12195=SURFACE_SIDE_STYLE('',(#12194));
#12196=SURFACE_STYLE_USAGE(.NEGATIVE.,#12195);
#12197=PRESENTATION_STYLE_ASSIGNMENT((#12191,#12196));
#12198=OVER_RIDING_STYLED_ITEM('',(#12197),#12186,#2970);
#12199=CARTESIAN_POINT('',(0.E0,1.901E1,0.E0));
#12200=DIRECTION('',(0.E0,1.E0,0.E0));
#12201=DIRECTION('',(0.E0,0.E0,1.E0));
#12202=AXIS2_PLACEMENT_3D('',#12199,#12200,#12201);
#12203=PLANE('',#12202);
#12205=ORIENTED_EDGE('',*,*,#12204,.F.);
#12207=ORIENTED_EDGE('',*,*,#12206,.F.);
#12209=ORIENTED_EDGE('',*,*,#12208,.F.);
#12211=ORIENTED_EDGE('',*,*,#12210,.F.);
#12213=ORIENTED_EDGE('',*,*,#12212,.F.);
#12215=ORIENTED_EDGE('',*,*,#12214,.F.);
#12217=ORIENTED_EDGE('',*,*,#12216,.F.);
#12218=EDGE_LOOP('',(#12205,#12207,#12209,#12211,#12213,#12215,#12217));
#12219=FACE_OUTER_BOUND('',#12218,.F.);
#12221=FILL_AREA_STYLE_COLOUR('',#4);
#12222=FILL_AREA_STYLE('',(#12221));
#12223=SURFACE_STYLE_FILL_AREA(#12222);
#12224=SURFACE_SIDE_STYLE('',(#12223));
#12225=SURFACE_STYLE_USAGE(.POSITIVE.,#12224);
#12226=FILL_AREA_STYLE_COLOUR('',#15);
#12227=FILL_AREA_STYLE('',(#12226));
#12228=SURFACE_STYLE_FILL_AREA(#12227);
#12229=SURFACE_SIDE_STYLE('',(#12228));
#12230=SURFACE_STYLE_USAGE(.NEGATIVE.,#12229);
#12231=PRESENTATION_STYLE_ASSIGNMENT((#12225,#12230));
#12232=OVER_RIDING_STYLED_ITEM('',(#12231),#12220,#2970);
#12233=CARTESIAN_POINT('',(0.E0,1.901E1,0.E0));
#12234=DIRECTION('',(0.E0,1.E0,0.E0));
#12235=DIRECTION('',(0.E0,0.E0,1.E0));
#12236=AXIS2_PLACEMENT_3D('',#12233,#12234,#12235);
#12237=PLANE('',#12236);
#12239=ORIENTED_EDGE('',*,*,#12238,.F.);
#12241=ORIENTED_EDGE('',*,*,#12240,.F.);
#12243=ORIENTED_EDGE('',*,*,#12242,.F.);
#12245=ORIENTED_EDGE('',*,*,#12244,.F.);
#12247=ORIENTED_EDGE('',*,*,#12246,.F.);
#12249=ORIENTED_EDGE('',*,*,#12248,.F.);
#12251=ORIENTED_EDGE('',*,*,#12250,.F.);
#12253=ORIENTED_EDGE('',*,*,#12252,.F.);
#12255=ORIENTED_EDGE('',*,*,#12254,.F.);
#12257=ORIENTED_EDGE('',*,*,#12256,.F.);
#12259=ORIENTED_EDGE('',*,*,#12258,.F.);
#12261=ORIENTED_EDGE('',*,*,#12260,.F.);
#12263=ORIENTED_EDGE('',*,*,#12262,.F.);
#12264=EDGE_LOOP('',(#12239,#12241,#12243,#12245,#12247,#12249,#12251,#12253,
#12255,#12257,#12259,#12261,#12263));
#12265=FACE_OUTER_BOUND('',#12264,.F.);
#12267=FILL_AREA_STYLE_COLOUR('',#4);
#12268=FILL_AREA_STYLE('',(#12267));
#12269=SURFACE_STYLE_FILL_AREA(#12268);
#12270=SURFACE_SIDE_STYLE('',(#12269));
#12271=SURFACE_STYLE_USAGE(.POSITIVE.,#12270);
#12272=FILL_AREA_STYLE_COLOUR('',#15);
#12273=FILL_AREA_STYLE('',(#12272));
#12274=SURFACE_STYLE_FILL_AREA(#12273);
#12275=SURFACE_SIDE_STYLE('',(#12274));
#12276=SURFACE_STYLE_USAGE(.NEGATIVE.,#12275);
#12277=PRESENTATION_STYLE_ASSIGNMENT((#12271,#12276));
#12278=OVER_RIDING_STYLED_ITEM('',(#12277),#12266,#2970);
#12279=CARTESIAN_POINT('',(0.E0,1.901E1,0.E0));
#12280=DIRECTION('',(0.E0,1.E0,0.E0));
#12281=DIRECTION('',(0.E0,0.E0,1.E0));
#12282=AXIS2_PLACEMENT_3D('',#12279,#12280,#12281);
#12283=PLANE('',#12282);
#12285=ORIENTED_EDGE('',*,*,#12284,.F.);
#12287=ORIENTED_EDGE('',*,*,#12286,.F.);
#12289=ORIENTED_EDGE('',*,*,#12288,.F.);
#12291=ORIENTED_EDGE('',*,*,#12290,.F.);
#12293=ORIENTED_EDGE('',*,*,#12292,.F.);
#12295=ORIENTED_EDGE('',*,*,#12294,.F.);
#12297=ORIENTED_EDGE('',*,*,#12296,.F.);
#12299=ORIENTED_EDGE('',*,*,#12298,.F.);
#12301=ORIENTED_EDGE('',*,*,#12300,.F.);
#12303=ORIENTED_EDGE('',*,*,#12302,.F.);
#12305=ORIENTED_EDGE('',*,*,#12304,.F.);
#12307=ORIENTED_EDGE('',*,*,#12306,.F.);
#12308=EDGE_LOOP('',(#12285,#12287,#12289,#12291,#12293,#12295,#12297,#12299,
#12301,#12303,#12305,#12307));
#12309=FACE_OUTER_BOUND('',#12308,.F.);
#12311=FILL_AREA_STYLE_COLOUR('',#4);
#12312=FILL_AREA_STYLE('',(#12311));
#12313=SURFACE_STYLE_FILL_AREA(#12312);
#12314=SURFACE_SIDE_STYLE('',(#12313));
#12315=SURFACE_STYLE_USAGE(.POSITIVE.,#12314);
#12316=FILL_AREA_STYLE_COLOUR('',#15);
#12317=FILL_AREA_STYLE('',(#12316));
#12318=SURFACE_STYLE_FILL_AREA(#12317);
#12319=SURFACE_SIDE_STYLE('',(#12318));
#12320=SURFACE_STYLE_USAGE(.NEGATIVE.,#12319);
#12321=PRESENTATION_STYLE_ASSIGNMENT((#12315,#12320));
#12322=OVER_RIDING_STYLED_ITEM('',(#12321),#12310,#2970);
#12323=CARTESIAN_POINT('',(0.E0,1.901E1,0.E0));
#12324=DIRECTION('',(0.E0,1.E0,0.E0));
#12325=DIRECTION('',(0.E0,0.E0,1.E0));
#12326=AXIS2_PLACEMENT_3D('',#12323,#12324,#12325);
#12327=PLANE('',#12326);
#12329=ORIENTED_EDGE('',*,*,#12328,.F.);
#12331=ORIENTED_EDGE('',*,*,#12330,.F.);
#12333=ORIENTED_EDGE('',*,*,#12332,.F.);
#12335=ORIENTED_EDGE('',*,*,#12334,.F.);
#12337=ORIENTED_EDGE('',*,*,#12336,.F.);
#12339=ORIENTED_EDGE('',*,*,#12338,.F.);
#12341=ORIENTED_EDGE('',*,*,#12340,.F.);
#12343=ORIENTED_EDGE('',*,*,#12342,.F.);
#12345=ORIENTED_EDGE('',*,*,#12344,.F.);
#12347=ORIENTED_EDGE('',*,*,#12346,.F.);
#12349=ORIENTED_EDGE('',*,*,#12348,.F.);
#12351=ORIENTED_EDGE('',*,*,#12350,.F.);
#12353=ORIENTED_EDGE('',*,*,#12352,.F.);
#12355=ORIENTED_EDGE('',*,*,#12354,.F.);
#12357=ORIENTED_EDGE('',*,*,#12356,.F.);
#12359=ORIENTED_EDGE('',*,*,#12358,.F.);
#12361=ORIENTED_EDGE('',*,*,#12360,.F.);
#12363=ORIENTED_EDGE('',*,*,#12362,.F.);
#12365=ORIENTED_EDGE('',*,*,#12364,.F.);
#12367=ORIENTED_EDGE('',*,*,#12366,.F.);
#12369=ORIENTED_EDGE('',*,*,#12368,.F.);
#12371=ORIENTED_EDGE('',*,*,#12370,.F.);
#12373=ORIENTED_EDGE('',*,*,#12372,.F.);
#12375=ORIENTED_EDGE('',*,*,#12374,.F.);
#12377=ORIENTED_EDGE('',*,*,#12376,.F.);
#12379=ORIENTED_EDGE('',*,*,#12378,.F.);
#12381=ORIENTED_EDGE('',*,*,#12380,.F.);
#12383=ORIENTED_EDGE('',*,*,#12382,.F.);
#12385=ORIENTED_EDGE('',*,*,#12384,.F.);
#12387=ORIENTED_EDGE('',*,*,#12386,.F.);
#12389=ORIENTED_EDGE('',*,*,#12388,.F.);
#12391=ORIENTED_EDGE('',*,*,#12390,.F.);
#12393=ORIENTED_EDGE('',*,*,#12392,.F.);
#12395=ORIENTED_EDGE('',*,*,#12394,.F.);
#12397=ORIENTED_EDGE('',*,*,#12396,.F.);
#12399=ORIENTED_EDGE('',*,*,#12398,.F.);
#12401=ORIENTED_EDGE('',*,*,#12400,.F.);
#12403=ORIENTED_EDGE('',*,*,#12402,.F.);
#12405=ORIENTED_EDGE('',*,*,#12404,.F.);
#12407=ORIENTED_EDGE('',*,*,#12406,.F.);
#12408=EDGE_LOOP('',(#12329,#12331,#12333,#12335,#12337,#12339,#12341,#12343,
#12345,#12347,#12349,#12351,#12353,#12355,#12357,#12359,#12361,#12363,#12365,
#12367,#12369,#12371,#12373,#12375,#12377,#12379,#12381,#12383,#12385,#12387,
#12389,#12391,#12393,#12395,#12397,#12399,#12401,#12403,#12405,#12407));
#12409=FACE_OUTER_BOUND('',#12408,.F.);
#12411=FILL_AREA_STYLE_COLOUR('',#4);
#12412=FILL_AREA_STYLE('',(#12411));
#12413=SURFACE_STYLE_FILL_AREA(#12412);
#12414=SURFACE_SIDE_STYLE('',(#12413));
#12415=SURFACE_STYLE_USAGE(.POSITIVE.,#12414);
#12416=FILL_AREA_STYLE_COLOUR('',#15);
#12417=FILL_AREA_STYLE('',(#12416));
#12418=SURFACE_STYLE_FILL_AREA(#12417);
#12419=SURFACE_SIDE_STYLE('',(#12418));
#12420=SURFACE_STYLE_USAGE(.NEGATIVE.,#12419);
#12421=PRESENTATION_STYLE_ASSIGNMENT((#12415,#12420));
#12422=OVER_RIDING_STYLED_ITEM('',(#12421),#12410,#2970);
#12423=CARTESIAN_POINT('',(4.032112926478E0,1.9E1,-1.251573461406E0));
#12424=DIRECTION('',(-7.938781110087E-1,0.E0,6.080769234738E-1));
#12425=DIRECTION('',(6.080769234738E-1,0.E0,7.938781110087E-1));
#12426=AXIS2_PLACEMENT_3D('',#12423,#12424,#12425);
#12427=PLANE('',#12426);
#12428=ORIENTED_EDGE('',*,*,#11029,.F.);
#12430=ORIENTED_EDGE('',*,*,#12429,.T.);
#12431=ORIENTED_EDGE('',*,*,#11674,.T.);
#12433=ORIENTED_EDGE('',*,*,#12432,.F.);
#12434=EDGE_LOOP('',(#12428,#12430,#12431,#12433));
#12435=FACE_OUTER_BOUND('',#12434,.F.);
#12437=CARTESIAN_POINT('',(4.032112926478E0,1.9E1,-1.645323488228E0));
#12438=DIRECTION('',(-1.E0,0.E0,0.E0));
#12439=DIRECTION('',(0.E0,0.E0,1.E0));
#12440=AXIS2_PLACEMENT_3D('',#12437,#12438,#12439);
#12441=PLANE('',#12440);
#12442=ORIENTED_EDGE('',*,*,#11107,.F.);
#12444=ORIENTED_EDGE('',*,*,#12443,.T.);
#12445=ORIENTED_EDGE('',*,*,#11676,.T.);
#12446=ORIENTED_EDGE('',*,*,#12429,.F.);
#12447=EDGE_LOOP('',(#12442,#12444,#12445,#12446));
#12448=FACE_OUTER_BOUND('',#12447,.F.);
#12450=CARTESIAN_POINT('',(5.525729930634E0,1.9E1,-1.645323488228E0));
#12451=DIRECTION('',(0.E0,0.E0,-1.E0));
#12452=DIRECTION('',(-1.E0,0.E0,0.E0));
#12453=AXIS2_PLACEMENT_3D('',#12450,#12451,#12452);
#12454=PLANE('',#12453);
#12455=ORIENTED_EDGE('',*,*,#11105,.F.);
#12457=ORIENTED_EDGE('',*,*,#12456,.T.);
#12458=ORIENTED_EDGE('',*,*,#11678,.T.);
#12459=ORIENTED_EDGE('',*,*,#12443,.F.);
#12460=EDGE_LOOP('',(#12455,#12457,#12458,#12459));
#12461=FACE_OUTER_BOUND('',#12460,.F.);
#12463=CARTESIAN_POINT('',(5.525729930634E0,1.9E1,2.671765385942E-1));
#12464=DIRECTION('',(1.E0,0.E0,0.E0));
#12465=DIRECTION('',(0.E0,0.E0,-1.E0));
#12466=AXIS2_PLACEMENT_3D('',#12463,#12464,#12465);
#12467=PLANE('',#12466);
#12468=ORIENTED_EDGE('',*,*,#11103,.F.);
#12470=ORIENTED_EDGE('',*,*,#12469,.T.);
#12471=ORIENTED_EDGE('',*,*,#11680,.T.);
#12472=ORIENTED_EDGE('',*,*,#12456,.F.);
#12473=EDGE_LOOP('',(#12468,#12470,#12471,#12472));
#12474=FACE_OUTER_BOUND('',#12473,.F.);
#12476=CARTESIAN_POINT('',(5.238495922322E0,1.9E1,2.671765385942E-1));
#12477=DIRECTION('',(0.E0,0.E0,1.E0));
#12478=DIRECTION('',(1.E0,0.E0,0.E0));
#12479=AXIS2_PLACEMENT_3D('',#12476,#12477,#12478);
#12480=PLANE('',#12479);
#12481=ORIENTED_EDGE('',*,*,#11101,.F.);
#12483=ORIENTED_EDGE('',*,*,#12482,.T.);
#12484=ORIENTED_EDGE('',*,*,#11682,.T.);
#12485=ORIENTED_EDGE('',*,*,#12469,.F.);
#12486=EDGE_LOOP('',(#12481,#12483,#12484,#12485));
#12487=FACE_OUTER_BOUND('',#12486,.F.);
#12489=CARTESIAN_POINT('',(5.238495922322E0,1.9E1,-1.364073515050E0));
#12490=DIRECTION('',(-1.E0,0.E0,0.E0));
#12491=DIRECTION('',(0.E0,0.E0,1.E0));
#12492=AXIS2_PLACEMENT_3D('',#12489,#12490,#12491);
#12493=PLANE('',#12492);
#12494=ORIENTED_EDGE('',*,*,#11099,.F.);
#12496=ORIENTED_EDGE('',*,*,#12495,.T.);
#12497=ORIENTED_EDGE('',*,*,#11684,.T.);
#12498=ORIENTED_EDGE('',*,*,#12482,.F.);
#12499=EDGE_LOOP('',(#12494,#12496,#12497,#12498));
#12500=FACE_OUTER_BOUND('',#12499,.F.);
#12502=CARTESIAN_POINT('',(4.319346934790E0,1.9E1,-1.364073515050E0));
#12503=DIRECTION('',(0.E0,0.E0,1.E0));
#12504=DIRECTION('',(1.E0,0.E0,0.E0));
#12505=AXIS2_PLACEMENT_3D('',#12502,#12503,#12504);
#12506=PLANE('',#12505);
#12507=ORIENTED_EDGE('',*,*,#11097,.F.);
#12509=ORIENTED_EDGE('',*,*,#12508,.T.);
#12510=ORIENTED_EDGE('',*,*,#11686,.T.);
#12511=ORIENTED_EDGE('',*,*,#12495,.F.);
#12512=EDGE_LOOP('',(#12507,#12509,#12510,#12511));
#12513=FACE_OUTER_BOUND('',#12512,.F.);
#12515=CARTESIAN_POINT('',(4.491687339777E0,1.9E1,-1.082823461406E0));
#12516=DIRECTION('',(8.526534670056E-1,0.E0,-5.224768561414E-1));
#12517=DIRECTION('',(-5.224768561414E-1,0.E0,-8.526534670056E-1));
#12518=AXIS2_PLACEMENT_3D('',#12515,#12516,#12517);
#12519=PLANE('',#12518);
#12520=ORIENTED_EDGE('',*,*,#11095,.F.);
#12522=ORIENTED_EDGE('',*,*,#12521,.T.);
#12523=ORIENTED_EDGE('',*,*,#11688,.T.);
#12524=ORIENTED_EDGE('',*,*,#12508,.F.);
#12525=EDGE_LOOP('',(#12520,#12522,#12523,#12524));
#12526=FACE_OUTER_BOUND('',#12525,.F.);
#12528=CARTESIAN_POINT('',(4.549134141440E0,1.9E1,-8.015734077616E-1));
#12529=DIRECTION('',(9.797707167625E-1,0.E0,-2.001233184181E-1));
#12530=DIRECTION('',(-2.001233184181E-1,0.E0,-9.797707167625E-1));
#12531=AXIS2_PLACEMENT_3D('',#12528,#12529,#12530);
#12532=PLANE('',#12531);
#12533=ORIENTED_EDGE('',*,*,#11093,.F.);
#12535=ORIENTED_EDGE('',*,*,#12534,.T.);
#12536=ORIENTED_EDGE('',*,*,#11690,.T.);
#12537=ORIENTED_EDGE('',*,*,#12521,.F.);
#12538=EDGE_LOOP('',(#12533,#12535,#12536,#12537));
#12539=FACE_OUTER_BOUND('',#12538,.F.);
#12541=CARTESIAN_POINT('',(4.549134141440E0,1.9E1,-4.640734077616E-1));
#12542=DIRECTION('',(1.E0,0.E0,0.E0));
#12543=DIRECTION('',(0.E0,0.E0,-1.E0));
#12544=AXIS2_PLACEMENT_3D('',#12541,#12542,#12543);
#12545=PLANE('',#12544);
#12546=ORIENTED_EDGE('',*,*,#11091,.F.);
#12548=ORIENTED_EDGE('',*,*,#12547,.T.);
#12549=ORIENTED_EDGE('',*,*,#11692,.T.);
#12550=ORIENTED_EDGE('',*,*,#12534,.F.);
#12551=EDGE_LOOP('',(#12546,#12548,#12549,#12550));
#12552=FACE_OUTER_BOUND('',#12551,.F.);
#12554=CARTESIAN_POINT('',(4.491687339777E0,1.9E1,-1.828235150500E-1));
#12555=DIRECTION('',(9.797706943097E-1,0.E0,2.001234283435E-1));
#12556=DIRECTION('',(2.001234283435E-1,0.E0,-9.797706943097E-1));
#12557=AXIS2_PLACEMENT_3D('',#12554,#12555,#12556);
#12558=PLANE('',#12557);
#12559=ORIENTED_EDGE('',*,*,#11089,.F.);
#12561=ORIENTED_EDGE('',*,*,#12560,.T.);
#12562=ORIENTED_EDGE('',*,*,#11694,.T.);
#12563=ORIENTED_EDGE('',*,*,#12547,.F.);
#12564=EDGE_LOOP('',(#12559,#12561,#12562,#12563));
#12565=FACE_OUTER_BOUND('',#12564,.F.);
#12567=CARTESIAN_POINT('',(4.319346934790E0,1.9E1,9.842653859420E-2));
#12568=DIRECTION('',(8.526534670056E-1,0.E0,5.224768561414E-1));
#12569=DIRECTION('',(5.224768561414E-1,0.E0,-8.526534670056E-1));
#12570=AXIS2_PLACEMENT_3D('',#12567,#12568,#12569);
#12571=PLANE('',#12570);
#12572=ORIENTED_EDGE('',*,*,#11087,.F.);
#12574=ORIENTED_EDGE('',*,*,#12573,.T.);
#12575=ORIENTED_EDGE('',*,*,#11696,.T.);
#12576=ORIENTED_EDGE('',*,*,#12560,.F.);
#12577=EDGE_LOOP('',(#12572,#12574,#12575,#12576));
#12578=FACE_OUTER_BOUND('',#12577,.F.);
#12580=CARTESIAN_POINT('',(4.089559728140E0,1.9E1,2.671765385942E-1));
#12581=DIRECTION('',(5.919095487496E-1,0.E0,8.060043958311E-1));
#12582=DIRECTION('',(8.060043958311E-1,0.E0,-5.919095487496E-1));
#12583=AXIS2_PLACEMENT_3D('',#12580,#12581,#12582);
#12584=PLANE('',#12583);
#12585=ORIENTED_EDGE('',*,*,#11085,.F.);
#12587=ORIENTED_EDGE('',*,*,#12586,.T.);
#12588=ORIENTED_EDGE('',*,*,#11698,.T.);
#12589=ORIENTED_EDGE('',*,*,#12573,.F.);
#12590=EDGE_LOOP('',(#12585,#12587,#12588,#12589));
#12591=FACE_OUTER_BOUND('',#12590,.F.);
#12593=CARTESIAN_POINT('',(3.802325639362E0,1.9E1,3.796764313058E-1));
#12594=DIRECTION('',(3.646915457917E-1,0.E0,9.311283887994E-1));
#12595=DIRECTION('',(9.311283887994E-1,0.E0,-3.646915457917E-1));
#12596=AXIS2_PLACEMENT_3D('',#12593,#12594,#12595);
#12597=PLANE('',#12596);
#12598=ORIENTED_EDGE('',*,*,#11083,.F.);
#12600=ORIENTED_EDGE('',*,*,#12599,.T.);
#12601=ORIENTED_EDGE('',*,*,#11700,.T.);
#12602=ORIENTED_EDGE('',*,*,#12586,.F.);
#12603=EDGE_LOOP('',(#12598,#12600,#12601,#12602));
#12604=FACE_OUTER_BOUND('',#12603,.F.);
#12606=CARTESIAN_POINT('',(3.572538432712E0,1.9E1,3.796764313058E-1));
#12607=DIRECTION('',(0.E0,0.E0,1.E0));
#12608=DIRECTION('',(1.E0,0.E0,0.E0));
#12609=AXIS2_PLACEMENT_3D('',#12606,#12607,#12608);
#12610=PLANE('',#12609);
#12611=ORIENTED_EDGE('',*,*,#11081,.F.);
#12613=ORIENTED_EDGE('',*,*,#12612,.T.);
#12614=ORIENTED_EDGE('',*,*,#11702,.T.);
#12615=ORIENTED_EDGE('',*,*,#12599,.F.);
#12616=EDGE_LOOP('',(#12611,#12613,#12614,#12615));
#12617=FACE_OUTER_BOUND('',#12616,.F.);
#12619=CARTESIAN_POINT('',(3.285304384167E0,1.9E1,2.671765385942E-1));
#12620=DIRECTION('',(-3.646915900803E-1,0.E0,9.311283714530E-1));
#12621=DIRECTION('',(9.311283714530E-1,0.E0,3.646915900803E-1));
#12622=AXIS2_PLACEMENT_3D('',#12619,#12620,#12621);
#12623=PLANE('',#12622);
#12624=ORIENTED_EDGE('',*,*,#11079,.F.);
#12626=ORIENTED_EDGE('',*,*,#12625,.T.);
#12627=ORIENTED_EDGE('',*,*,#11704,.T.);
#12628=ORIENTED_EDGE('',*,*,#12612,.F.);
#12629=EDGE_LOOP('',(#12624,#12626,#12627,#12628));
#12630=FACE_OUTER_BOUND('',#12629,.F.);
#12632=CARTESIAN_POINT('',(3.055517157400E0,1.9E1,9.842653859420E-2));
#12633=DIRECTION('',(-5.919095150862E-1,0.E0,8.060044205527E-1));
#12634=DIRECTION('',(8.060044205527E-1,0.E0,5.919095150862E-1));
#12635=AXIS2_PLACEMENT_3D('',#12632,#12633,#12634);
#12636=PLANE('',#12635);
#12637=ORIENTED_EDGE('',*,*,#11077,.F.);
#12639=ORIENTED_EDGE('',*,*,#12638,.T.);
#12640=ORIENTED_EDGE('',*,*,#11706,.T.);
#12641=ORIENTED_EDGE('',*,*,#12625,.F.);
#12642=EDGE_LOOP('',(#12637,#12639,#12640,#12641));
#12643=FACE_OUTER_BOUND('',#12642,.F.);
#12645=CARTESIAN_POINT('',(2.883176737326E0,1.9E1,-1.828235150500E-1));
#12646=DIRECTION('',(-8.526534466288E-1,0.E0,5.224768893951E-1));
#12647=DIRECTION('',(5.224768893951E-1,0.E0,8.526534466288E-1));
#12648=AXIS2_PLACEMENT_3D('',#12645,#12646,#12647);
#12649=PLANE('',#12648);
#12650=ORIENTED_EDGE('',*,*,#11075,.F.);
#12652=ORIENTED_EDGE('',*,*,#12651,.T.);
#12653=ORIENTED_EDGE('',*,*,#11708,.T.);
#12654=ORIENTED_EDGE('',*,*,#12638,.F.);
#12655=EDGE_LOOP('',(#12650,#12652,#12653,#12654));
#12656=FACE_OUTER_BOUND('',#12655,.F.);
#12658=CARTESIAN_POINT('',(2.825729930634E0,1.9E1,-4.640734077616E-1));
#12659=DIRECTION('',(-9.797706908745E-1,0.E0,2.001234451615E-1));
#12660=DIRECTION('',(2.001234451615E-1,0.E0,9.797706908745E-1));
#12661=AXIS2_PLACEMENT_3D('',#12658,#12659,#12660);
#12662=PLANE('',#12661);
#12663=ORIENTED_EDGE('',*,*,#11073,.F.);
#12665=ORIENTED_EDGE('',*,*,#12664,.T.);
#12666=ORIENTED_EDGE('',*,*,#11710,.T.);
#12667=ORIENTED_EDGE('',*,*,#12651,.F.);
#12668=EDGE_LOOP('',(#12663,#12665,#12666,#12667));
#12669=FACE_OUTER_BOUND('',#12668,.F.);
#12671=CARTESIAN_POINT('',(2.825729930634E0,1.9E1,-8.015734077616E-1));
#12672=DIRECTION('',(-1.E0,0.E0,0.E0));
#12673=DIRECTION('',(0.E0,0.E0,1.E0));
#12674=AXIS2_PLACEMENT_3D('',#12671,#12672,#12673);
#12675=PLANE('',#12674);
#12676=ORIENTED_EDGE('',*,*,#11071,.F.);
#12678=ORIENTED_EDGE('',*,*,#12677,.T.);
#12679=ORIENTED_EDGE('',*,*,#11712,.T.);
#12680=ORIENTED_EDGE('',*,*,#12664,.F.);
#12681=EDGE_LOOP('',(#12676,#12678,#12679,#12680));
#12682=FACE_OUTER_BOUND('',#12681,.F.);
#12684=CARTESIAN_POINT('',(2.883176737326E0,1.9E1,-1.082823461406E0));
#12685=DIRECTION('',(-9.797707133274E-1,0.E0,-2.001233352361E-1));
#12686=DIRECTION('',(-2.001233352361E-1,0.E0,9.797707133274E-1));
#12687=AXIS2_PLACEMENT_3D('',#12684,#12685,#12686);
#12688=PLANE('',#12687);
#12689=ORIENTED_EDGE('',*,*,#11069,.F.);
#12691=ORIENTED_EDGE('',*,*,#12690,.T.);
#12692=ORIENTED_EDGE('',*,*,#11714,.T.);
#12693=ORIENTED_EDGE('',*,*,#12677,.F.);
#12694=EDGE_LOOP('',(#12689,#12691,#12692,#12693));
#12695=FACE_OUTER_BOUND('',#12694,.F.);
#12697=CARTESIAN_POINT('',(3.055517157400E0,1.9E1,-1.364073515050E0));
#12698=DIRECTION('',(-8.526534466288E-1,0.E0,-5.224768893951E-1));
#12699=DIRECTION('',(-5.224768893951E-1,0.E0,8.526534466288E-1));
#12700=AXIS2_PLACEMENT_3D('',#12697,#12698,#12699);
#12701=PLANE('',#12700);
#12702=ORIENTED_EDGE('',*,*,#11067,.F.);
#12704=ORIENTED_EDGE('',*,*,#12703,.T.);
#12705=ORIENTED_EDGE('',*,*,#11716,.T.);
#12706=ORIENTED_EDGE('',*,*,#12690,.F.);
#12707=EDGE_LOOP('',(#12702,#12704,#12705,#12706));
#12708=FACE_OUTER_BOUND('',#12707,.F.);
#12710=CARTESIAN_POINT('',(3.285304384167E0,1.9E1,-1.532823434584E0));
#12711=DIRECTION('',(-5.919093317280E-1,0.E0,-8.060045552063E-1));
#12712=DIRECTION('',(-8.060045552063E-1,0.E0,5.919093317280E-1));
#12713=AXIS2_PLACEMENT_3D('',#12710,#12711,#12712);
#12714=PLANE('',#12713);
#12715=ORIENTED_EDGE('',*,*,#11065,.F.);
#12717=ORIENTED_EDGE('',*,*,#12716,.T.);
#12718=ORIENTED_EDGE('',*,*,#11718,.T.);
#12719=ORIENTED_EDGE('',*,*,#12703,.F.);
#12720=EDGE_LOOP('',(#12715,#12717,#12718,#12719));
#12721=FACE_OUTER_BOUND('',#12720,.F.);
#12723=CARTESIAN_POINT('',(3.515091631050E0,1.9E1,-1.645323488228E0));
#12724=DIRECTION('',(-4.397136028534E-1,0.E0,-8.981380447713E-1));
#12725=DIRECTION('',(-8.981380447713E-1,0.E0,4.397136028534E-1));
#12726=AXIS2_PLACEMENT_3D('',#12723,#12724,#12725);
#12727=PLANE('',#12726);
#12728=ORIENTED_EDGE('',*,*,#11063,.F.);
#12730=ORIENTED_EDGE('',*,*,#12729,.T.);
#12731=ORIENTED_EDGE('',*,*,#11720,.T.);
#12732=ORIENTED_EDGE('',*,*,#12716,.F.);
#12733=EDGE_LOOP('',(#12728,#12730,#12731,#12732));
#12734=FACE_OUTER_BOUND('',#12733,.F.);
#12736=CARTESIAN_POINT('',(3.515091631050E0,1.9E1,-1.307823407762E0));
#12737=DIRECTION('',(1.E0,0.E0,0.E0));
#12738=DIRECTION('',(0.E0,0.E0,-1.E0));
#12739=AXIS2_PLACEMENT_3D('',#12736,#12737,#12738);
#12740=PLANE('',#12739);
#12741=ORIENTED_EDGE('',*,*,#11061,.F.);
#12743=ORIENTED_EDGE('',*,*,#12742,.T.);
#12744=ORIENTED_EDGE('',*,*,#11722,.T.);
#12745=ORIENTED_EDGE('',*,*,#12729,.F.);
#12746=EDGE_LOOP('',(#12741,#12743,#12744,#12745));
#12747=FACE_OUTER_BOUND('',#12746,.F.);
#12749=CARTESIAN_POINT('',(3.285304384167E0,1.9E1,-1.195323515050E0));
#12750=DIRECTION('',(4.397130954570E-1,0.E0,8.981382931841E-1));
#12751=DIRECTION('',(8.981382931841E-1,0.E0,-4.397130954570E-1));
#12752=AXIS2_PLACEMENT_3D('',#12749,#12750,#12751);
#12753=PLANE('',#12752);
#12754=ORIENTED_EDGE('',*,*,#11059,.F.);
#12756=ORIENTED_EDGE('',*,*,#12755,.T.);
#12757=ORIENTED_EDGE('',*,*,#11724,.T.);
#12758=ORIENTED_EDGE('',*,*,#12742,.F.);
#12759=EDGE_LOOP('',(#12754,#12756,#12757,#12758));
#12760=FACE_OUTER_BOUND('',#12759,.F.);
#12762=CARTESIAN_POINT('',(3.170410780842E0,1.9E1,-1.026573515050E0));
#12763=DIRECTION('',(8.265992787996E-1,0.E0,5.627909312417E-1));
#12764=DIRECTION('',(5.627909312417E-1,0.E0,-8.265992787996E-1));
#12765=AXIS2_PLACEMENT_3D('',#12762,#12763,#12764);
#12766=PLANE('',#12765);
#12767=ORIENTED_EDGE('',*,*,#11057,.F.);
#12769=ORIENTED_EDGE('',*,*,#12768,.T.);
#12770=ORIENTED_EDGE('',*,*,#11726,.T.);
#12771=ORIENTED_EDGE('',*,*,#12755,.F.);
#12772=EDGE_LOOP('',(#12767,#12769,#12770,#12771));
#12773=FACE_OUTER_BOUND('',#12772,.F.);
#12775=CARTESIAN_POINT('',(3.112963979179E0,1.9E1,-8.015734077616E-1));
#12776=DIRECTION('',(9.689177459678E-1,0.E0,2.473831068378E-1));
#12777=DIRECTION('',(2.473831068378E-1,0.E0,-9.689177459678E-1));
#12778=AXIS2_PLACEMENT_3D('',#12775,#12776,#12777);
#12779=PLANE('',#12778);
#12780=ORIENTED_EDGE('',*,*,#11055,.F.);
#12782=ORIENTED_EDGE('',*,*,#12781,.T.);
#12783=ORIENTED_EDGE('',*,*,#11728,.T.);
#12784=ORIENTED_EDGE('',*,*,#12768,.F.);
#12785=EDGE_LOOP('',(#12780,#12782,#12783,#12784));
#12786=FACE_OUTER_BOUND('',#12785,.F.);
#12788=CARTESIAN_POINT('',(3.112963979179E0,1.9E1,-4.640734077616E-1));
#12789=DIRECTION('',(1.E0,0.E0,0.E0));
#12790=DIRECTION('',(0.E0,0.E0,-1.E0));
#12791=AXIS2_PLACEMENT_3D('',#12788,#12789,#12790);
#12792=PLANE('',#12791);
#12793=ORIENTED_EDGE('',*,*,#11053,.F.);
#12795=ORIENTED_EDGE('',*,*,#12794,.T.);
#12796=ORIENTED_EDGE('',*,*,#11730,.T.);
#12797=ORIENTED_EDGE('',*,*,#12781,.F.);
#12798=EDGE_LOOP('',(#12793,#12795,#12796,#12797));
#12799=FACE_OUTER_BOUND('',#12798,.F.);
#12801=CARTESIAN_POINT('',(3.170410780842E0,1.9E1,-2.390734614058E-1));
#12802=DIRECTION('',(9.689177035558E-1,0.E0,-2.473832729514E-1));
#12803=DIRECTION('',(-2.473832729514E-1,0.E0,-9.689177035558E-1));
#12804=AXIS2_PLACEMENT_3D('',#12801,#12802,#12803);
#12805=PLANE('',#12804);
#12806=ORIENTED_EDGE('',*,*,#11051,.F.);
#12808=ORIENTED_EDGE('',*,*,#12807,.T.);
#12809=ORIENTED_EDGE('',*,*,#11732,.T.);
#12810=ORIENTED_EDGE('',*,*,#12794,.F.);
#12811=EDGE_LOOP('',(#12806,#12808,#12809,#12810));
#12812=FACE_OUTER_BOUND('',#12811,.F.);
#12814=CARTESIAN_POINT('',(3.285304384167E0,1.9E1,-7.032346140580E-2));
#12815=DIRECTION('',(8.265992787996E-1,0.E0,-5.627909312417E-1));
#12816=DIRECTION('',(-5.627909312417E-1,0.E0,-8.265992787996E-1));
#12817=AXIS2_PLACEMENT_3D('',#12814,#12815,#12816);
#12818=PLANE('',#12817);
#12819=ORIENTED_EDGE('',*,*,#11049,.F.);
#12821=ORIENTED_EDGE('',*,*,#12820,.T.);
#12822=ORIENTED_EDGE('',*,*,#11734,.T.);
#12823=ORIENTED_EDGE('',*,*,#12807,.F.);
#12824=EDGE_LOOP('',(#12819,#12821,#12822,#12823));
#12825=FACE_OUTER_BOUND('',#12824,.F.);
#12827=CARTESIAN_POINT('',(3.457644829387E0,1.9E1,4.217643130584E-2));
#12828=DIRECTION('',(5.466220916090E-1,0.E0,-8.373794175671E-1));
#12829=DIRECTION('',(-8.373794175671E-1,0.E0,-5.466220916090E-1));
#12830=AXIS2_PLACEMENT_3D('',#12827,#12828,#12829);
#12831=PLANE('',#12830);
#12832=ORIENTED_EDGE('',*,*,#11047,.F.);
#12834=ORIENTED_EDGE('',*,*,#12833,.T.);
#12835=ORIENTED_EDGE('',*,*,#11736,.T.);
#12836=ORIENTED_EDGE('',*,*,#12820,.F.);
#12837=EDGE_LOOP('',(#12832,#12834,#12835,#12836));
#12838=FACE_OUTER_BOUND('',#12837,.F.);
#12840=CARTESIAN_POINT('',(3.629985234374E0,1.9E1,9.842653859420E-2));
#12841=DIRECTION('',(3.102805998049E-1,0.E0,-9.506450175458E-1));
#12842=DIRECTION('',(-9.506450175458E-1,0.E0,-3.102805998049E-1));
#12843=AXIS2_PLACEMENT_3D('',#12840,#12841,#12842);
#12844=PLANE('',#12843);
#12845=ORIENTED_EDGE('',*,*,#11045,.F.);
#12847=ORIENTED_EDGE('',*,*,#12846,.T.);
#12848=ORIENTED_EDGE('',*,*,#11738,.T.);
#12849=ORIENTED_EDGE('',*,*,#12833,.F.);
#12850=EDGE_LOOP('',(#12845,#12847,#12848,#12849));
#12851=FACE_OUTER_BOUND('',#12850,.F.);
#12853=CARTESIAN_POINT('',(3.744878837699E0,1.9E1,9.842653859420E-2));
#12854=DIRECTION('',(0.E0,0.E0,-1.E0));
#12855=DIRECTION('',(-1.E0,0.E0,0.E0));
#12856=AXIS2_PLACEMENT_3D('',#12853,#12854,#12855);
#12857=PLANE('',#12856);
#12858=ORIENTED_EDGE('',*,*,#11043,.F.);
#12860=ORIENTED_EDGE('',*,*,#12859,.T.);
#12861=ORIENTED_EDGE('',*,*,#11740,.T.);
#12862=ORIENTED_EDGE('',*,*,#12846,.F.);
#12863=EDGE_LOOP('',(#12858,#12860,#12861,#12862));
#12864=FACE_OUTER_BOUND('',#12863,.F.);
#12866=CARTESIAN_POINT('',(3.917219323153E0,1.9E1,4.217643130584E-2));
#12867=DIRECTION('',(-3.102804688813E-1,0.E0,-9.506450602779E-1));
#12868=DIRECTION('',(-9.506450602779E-1,0.E0,3.102804688813E-1));
#12869=AXIS2_PLACEMENT_3D('',#12866,#12867,#12868);
#12870=PLANE('',#12869);
#12871=ORIENTED_EDGE('',*,*,#11041,.F.);
#12873=ORIENTED_EDGE('',*,*,#12872,.T.);
#12874=ORIENTED_EDGE('',*,*,#11742,.T.);
#12875=ORIENTED_EDGE('',*,*,#12859,.F.);
#12876=EDGE_LOOP('',(#12871,#12873,#12874,#12875));
#12877=FACE_OUTER_BOUND('',#12876,.F.);
#12879=CARTESIAN_POINT('',(4.089559728140E0,1.9E1,-7.032346140580E-2));
#12880=DIRECTION('',(-5.466221810895E-1,0.E0,-8.373793591563E-1));
#12881=DIRECTION('',(-8.373793591563E-1,0.E0,5.466221810895E-1));
#12882=AXIS2_PLACEMENT_3D('',#12879,#12880,#12881);
#12883=PLANE('',#12882);
#12884=ORIENTED_EDGE('',*,*,#11039,.F.);
#12886=ORIENTED_EDGE('',*,*,#12885,.T.);
#12887=ORIENTED_EDGE('',*,*,#11744,.T.);
#12888=ORIENTED_EDGE('',*,*,#12872,.F.);
#12889=EDGE_LOOP('',(#12884,#12886,#12887,#12888));
#12890=FACE_OUTER_BOUND('',#12889,.F.);
#12892=CARTESIAN_POINT('',(4.204453331465E0,1.9E1,-2.390734614058E-1));
#12893=DIRECTION('',(-8.265992787996E-1,0.E0,-5.627909312417E-1));
#12894=DIRECTION('',(-5.627909312417E-1,0.E0,8.265992787996E-1));
#12895=AXIS2_PLACEMENT_3D('',#12892,#12893,#12894);
#12896=PLANE('',#12895);
#12897=ORIENTED_EDGE('',*,*,#11037,.F.);
#12899=ORIENTED_EDGE('',*,*,#12898,.T.);
#12900=ORIENTED_EDGE('',*,*,#11746,.T.);
#12901=ORIENTED_EDGE('',*,*,#12885,.F.);
#12902=EDGE_LOOP('',(#12897,#12899,#12900,#12901));
#12903=FACE_OUTER_BOUND('',#12902,.F.);
#12905=CARTESIAN_POINT('',(4.261900133128E0,1.9E1,-4.640734077616E-1));
#12906=DIRECTION('',(-9.689177035558E-1,0.E0,-2.473832729514E-1));
#12907=DIRECTION('',(-2.473832729514E-1,0.E0,9.689177035558E-1));
#12908=AXIS2_PLACEMENT_3D('',#12905,#12906,#12907);
#12909=PLANE('',#12908);
#12910=ORIENTED_EDGE('',*,*,#11035,.F.);
#12912=ORIENTED_EDGE('',*,*,#12911,.T.);
#12913=ORIENTED_EDGE('',*,*,#11748,.T.);
#12914=ORIENTED_EDGE('',*,*,#12898,.F.);
#12915=EDGE_LOOP('',(#12910,#12912,#12913,#12914));
#12916=FACE_OUTER_BOUND('',#12915,.F.);
#12918=CARTESIAN_POINT('',(4.261900133128E0,1.9E1,-8.015734077616E-1));
#12919=DIRECTION('',(-1.E0,0.E0,0.E0));
#12920=DIRECTION('',(0.E0,0.E0,1.E0));
#12921=AXIS2_PLACEMENT_3D('',#12918,#12919,#12920);
#12922=PLANE('',#12921);
#12923=ORIENTED_EDGE('',*,*,#11033,.F.);
#12925=ORIENTED_EDGE('',*,*,#12924,.T.);
#12926=ORIENTED_EDGE('',*,*,#11750,.T.);
#12927=ORIENTED_EDGE('',*,*,#12911,.F.);
#12928=EDGE_LOOP('',(#12923,#12925,#12926,#12927));
#12929=FACE_OUTER_BOUND('',#12928,.F.);
#12931=CARTESIAN_POINT('',(4.204453331465E0,1.9E1,-1.026573515050E0));
#12932=DIRECTION('',(-9.689177459678E-1,0.E0,2.473831068378E-1));
#12933=DIRECTION('',(2.473831068378E-1,0.E0,9.689177459678E-1));
#12934=AXIS2_PLACEMENT_3D('',#12931,#12932,#12933);
#12935=PLANE('',#12934);
#12936=ORIENTED_EDGE('',*,*,#11031,.F.);
#12937=ORIENTED_EDGE('',*,*,#12432,.T.);
#12938=ORIENTED_EDGE('',*,*,#11752,.T.);
#12939=ORIENTED_EDGE('',*,*,#12924,.F.);
#12940=EDGE_LOOP('',(#12936,#12937,#12938,#12939));
#12941=FACE_OUTER_BOUND('',#12940,.F.);
#12943=CARTESIAN_POINT('',(4.434240538115E0,1.9E1,8.296766458826E-1));
#12944=DIRECTION('',(0.E0,0.E0,-1.E0));
#12945=DIRECTION('',(-1.E0,0.E0,0.E0));
#12946=AXIS2_PLACEMENT_3D('',#12943,#12944,#12945);
#12947=PLANE('',#12946);
#12948=ORIENTED_EDGE('',*,*,#11111,.F.);
#12950=ORIENTED_EDGE('',*,*,#12949,.T.);
#12951=ORIENTED_EDGE('',*,*,#11774,.T.);
#12953=ORIENTED_EDGE('',*,*,#12952,.F.);
#12954=EDGE_LOOP('',(#12948,#12950,#12951,#12953));
#12955=FACE_OUTER_BOUND('',#12954,.F.);
#12957=CARTESIAN_POINT('',(4.721474546427E0,1.9E1,8.859264313058E-1));
#12958=DIRECTION('',(1.921821473726E-1,0.E0,-9.813592727596E-1));
#12959=DIRECTION('',(-9.813592727596E-1,0.E0,-1.921821473726E-1));
#12960=AXIS2_PLACEMENT_3D('',#12957,#12958,#12959);
#12961=PLANE('',#12960);
#12962=ORIENTED_EDGE('',*,*,#11161,.F.);
#12964=ORIENTED_EDGE('',*,*,#12963,.T.);
#12965=ORIENTED_EDGE('',*,*,#11776,.T.);
#12966=ORIENTED_EDGE('',*,*,#12949,.F.);
#12967=EDGE_LOOP('',(#12962,#12964,#12965,#12966));
#12968=FACE_OUTER_BOUND('',#12967,.F.);
#12970=CARTESIAN_POINT('',(4.893815112347E0,1.9E1,9.421765385942E-1));
#12971=DIRECTION('',(3.102803379578E-1,0.E0,-9.506451030099E-1));
#12972=DIRECTION('',(-9.506451030099E-1,0.E0,-3.102803379578E-1));
#12973=AXIS2_PLACEMENT_3D('',#12970,#12971,#12972);
#12974=PLANE('',#12973);
#12975=ORIENTED_EDGE('',*,*,#11159,.F.);
#12977=ORIENTED_EDGE('',*,*,#12976,.T.);
#12978=ORIENTED_EDGE('',*,*,#11778,.T.);
#12979=ORIENTED_EDGE('',*,*,#12963,.F.);
#12980=EDGE_LOOP('',(#12975,#12977,#12978,#12979));
#12981=FACE_OUTER_BOUND('',#12980,.F.);
#12983=CARTESIAN_POINT('',(5.123602318997E0,1.9E1,1.054676431306E0));
#12984=DIRECTION('',(4.397131575602E-1,0.E0,-8.981382627794E-1));
#12985=DIRECTION('',(-8.981382627794E-1,0.E0,-4.397131575602E-1));
#12986=AXIS2_PLACEMENT_3D('',#12983,#12984,#12985);
#12987=PLANE('',#12986);
#12988=ORIENTED_EDGE('',*,*,#11157,.F.);
#12990=ORIENTED_EDGE('',*,*,#12989,.T.);
#12991=ORIENTED_EDGE('',*,*,#11780,.T.);
#12992=ORIENTED_EDGE('',*,*,#12976,.F.);
#12993=EDGE_LOOP('',(#12988,#12990,#12991,#12992));
#12994=FACE_OUTER_BOUND('',#12993,.F.);
#12996=CARTESIAN_POINT('',(5.295942723984E0,1.9E1,1.223426431306E0));
#12997=DIRECTION('',(6.996248351869E-1,0.E0,-7.145103848018E-1));
#12998=DIRECTION('',(-7.145103848018E-1,0.E0,-6.996248351869E-1));
#12999=AXIS2_PLACEMENT_3D('',#12996,#12997,#12998);
#13000=PLANE('',#12999);
#13001=ORIENTED_EDGE('',*,*,#11155,.F.);
#13003=ORIENTED_EDGE('',*,*,#13002,.T.);
#13004=ORIENTED_EDGE('',*,*,#11782,.T.);
#13005=ORIENTED_EDGE('',*,*,#12989,.F.);
#13006=EDGE_LOOP('',(#13001,#13003,#13004,#13005));
#13007=FACE_OUTER_BOUND('',#13006,.F.);
#13009=CARTESIAN_POINT('',(5.468283128971E0,1.9E1,1.504676645883E0));
#13010=DIRECTION('',(8.526536001913E-1,0.E0,-5.224766387895E-1));
#13011=DIRECTION('',(-5.224766387895E-1,0.E0,-8.526536001913E-1));
#13012=AXIS2_PLACEMENT_3D('',#13009,#13010,#13011);
#13013=PLANE('',#13012);
#13014=ORIENTED_EDGE('',*,*,#11153,.F.);
#13016=ORIENTED_EDGE('',*,*,#13015,.T.);
#13017=ORIENTED_EDGE('',*,*,#11784,.T.);
#13018=ORIENTED_EDGE('',*,*,#13002,.F.);
#13019=EDGE_LOOP('',(#13014,#13016,#13017,#13018));
#13020=FACE_OUTER_BOUND('',#13019,.F.);
#13022=CARTESIAN_POINT('',(5.525729930634E0,1.9E1,1.842176645883E0));
#13023=DIRECTION('',(9.858211730931E-1,0.E0,-1.677993286083E-1));
#13024=DIRECTION('',(-1.677993286083E-1,0.E0,-9.858211730931E-1));
#13025=AXIS2_PLACEMENT_3D('',#13022,#13023,#13024);
#13026=PLANE('',#13025);
#13027=ORIENTED_EDGE('',*,*,#11151,.F.);
#13029=ORIENTED_EDGE('',*,*,#13028,.T.);
#13030=ORIENTED_EDGE('',*,*,#11786,.T.);
#13031=ORIENTED_EDGE('',*,*,#13015,.F.);
#13032=EDGE_LOOP('',(#13027,#13029,#13030,#13031));
#13033=FACE_OUTER_BOUND('',#13032,.F.);
#13035=CARTESIAN_POINT('',(5.468283128971E0,1.9E1,2.179676645883E0));
#13036=DIRECTION('',(9.858211730931E-1,0.E0,1.677993286083E-1));
#13037=DIRECTION('',(1.677993286083E-1,0.E0,-9.858211730931E-1));
#13038=AXIS2_PLACEMENT_3D('',#13035,#13036,#13037);
#13039=PLANE('',#13038);
#13040=ORIENTED_EDGE('',*,*,#11149,.F.);
#13042=ORIENTED_EDGE('',*,*,#13041,.T.);
#13043=ORIENTED_EDGE('',*,*,#11788,.T.);
#13044=ORIENTED_EDGE('',*,*,#13028,.F.);
#13045=EDGE_LOOP('',(#13040,#13042,#13043,#13044));
#13046=FACE_OUTER_BOUND('',#13045,.F.);
#13048=CARTESIAN_POINT('',(5.295942723984E0,1.9E1,2.460926538594E0));
#13049=DIRECTION('',(8.526533338197E-1,0.E0,5.224770734933E-1));
#13050=DIRECTION('',(5.224770734933E-1,0.E0,-8.526533338197E-1));
#13051=AXIS2_PLACEMENT_3D('',#13048,#13049,#13050);
#13052=PLANE('',#13051);
#13053=ORIENTED_EDGE('',*,*,#11147,.F.);
#13055=ORIENTED_EDGE('',*,*,#13054,.T.);
#13056=ORIENTED_EDGE('',*,*,#11790,.T.);
#13057=ORIENTED_EDGE('',*,*,#13041,.F.);
#13058=EDGE_LOOP('',(#13053,#13055,#13056,#13057));
#13059=FACE_OUTER_BOUND('',#13058,.F.);
#13061=CARTESIAN_POINT('',(5.123602318997E0,1.9E1,2.629676538594E0));
#13062=DIRECTION('',(6.996248351869E-1,0.E0,7.145103848018E-1));
#13063=DIRECTION('',(7.145103848018E-1,0.E0,-6.996248351869E-1));
#13064=AXIS2_PLACEMENT_3D('',#13061,#13062,#13063);
#13065=PLANE('',#13064);
#13066=ORIENTED_EDGE('',*,*,#11145,.F.);
#13068=ORIENTED_EDGE('',*,*,#13067,.T.);
#13069=ORIENTED_EDGE('',*,*,#11792,.T.);
#13070=ORIENTED_EDGE('',*,*,#13054,.F.);
#13071=EDGE_LOOP('',(#13066,#13068,#13069,#13070));
#13072=FACE_OUTER_BOUND('',#13071,.F.);
#13074=CARTESIAN_POINT('',(4.893815112347E0,1.9E1,2.742176753171E0));
#13075=DIRECTION('',(4.397141723527E-1,0.E0,8.981377659536E-1));
#13076=DIRECTION('',(8.981377659536E-1,0.E0,-4.397141723527E-1));
#13077=AXIS2_PLACEMENT_3D('',#13074,#13075,#13076);
#13078=PLANE('',#13077);
#13079=ORIENTED_EDGE('',*,*,#11143,.F.);
#13081=ORIENTED_EDGE('',*,*,#13080,.T.);
#13082=ORIENTED_EDGE('',*,*,#11794,.T.);
#13083=ORIENTED_EDGE('',*,*,#13067,.F.);
#13084=EDGE_LOOP('',(#13079,#13081,#13082,#13083));
#13085=FACE_OUTER_BOUND('',#13084,.F.);
#13087=CARTESIAN_POINT('',(4.721474546427E0,1.9E1,2.798426538594E0));
#13088=DIRECTION('',(3.102787334496E-1,0.E0,9.506456267027E-1));
#13089=DIRECTION('',(9.506456267027E-1,0.E0,-3.102787334496E-1));
#13090=AXIS2_PLACEMENT_3D('',#13087,#13088,#13089);
#13091=PLANE('',#13090);
#13092=ORIENTED_EDGE('',*,*,#11141,.F.);
#13094=ORIENTED_EDGE('',*,*,#13093,.T.);
#13095=ORIENTED_EDGE('',*,*,#11796,.T.);
#13096=ORIENTED_EDGE('',*,*,#13080,.F.);
#13097=EDGE_LOOP('',(#13092,#13094,#13095,#13096));
#13098=FACE_OUTER_BOUND('',#13097,.F.);
#13100=CARTESIAN_POINT('',(4.434240538115E0,1.9E1,2.854676324017E0));
#13101=DIRECTION('',(1.921821473726E-1,0.E0,9.813592727596E-1));
#13102=DIRECTION('',(9.813592727596E-1,0.E0,-1.921821473726E-1));
#13103=AXIS2_PLACEMENT_3D('',#13100,#13101,#13102);
#13104=PLANE('',#13103);
#13105=ORIENTED_EDGE('',*,*,#11139,.F.);
#13107=ORIENTED_EDGE('',*,*,#13106,.T.);
#13108=ORIENTED_EDGE('',*,*,#11798,.T.);
#13109=ORIENTED_EDGE('',*,*,#13093,.F.);
#13110=EDGE_LOOP('',(#13105,#13107,#13108,#13109));
#13111=FACE_OUTER_BOUND('',#13110,.F.);
#13113=CARTESIAN_POINT('',(3.917219323153E0,1.9E1,2.854676324017E0));
#13114=DIRECTION('',(0.E0,0.E0,1.E0));
#13115=DIRECTION('',(1.E0,0.E0,0.E0));
#13116=AXIS2_PLACEMENT_3D('',#13113,#13114,#13115);
#13117=PLANE('',#13116);
#13118=ORIENTED_EDGE('',*,*,#11137,.F.);
#13120=ORIENTED_EDGE('',*,*,#13119,.T.);
#13121=ORIENTED_EDGE('',*,*,#11800,.T.);
#13122=ORIENTED_EDGE('',*,*,#13106,.F.);
#13123=EDGE_LOOP('',(#13118,#13120,#13121,#13122));
#13124=FACE_OUTER_BOUND('',#13123,.F.);
#13126=CARTESIAN_POINT('',(3.629985234374E0,1.9E1,2.798426538594E0));
#13127=DIRECTION('',(-1.921820955228E-1,0.E0,9.813592829135E-1));
#13128=DIRECTION('',(9.813592829135E-1,0.E0,1.921820955228E-1));
#13129=AXIS2_PLACEMENT_3D('',#13126,#13127,#13128);
#13130=PLANE('',#13129);
#13131=ORIENTED_EDGE('',*,*,#11135,.F.);
#13133=ORIENTED_EDGE('',*,*,#13132,.T.);
#13134=ORIENTED_EDGE('',*,*,#11802,.T.);
#13135=ORIENTED_EDGE('',*,*,#13119,.F.);
#13136=EDGE_LOOP('',(#13131,#13133,#13134,#13135));
#13137=FACE_OUTER_BOUND('',#13136,.F.);
#13139=CARTESIAN_POINT('',(3.457644829387E0,1.9E1,2.742176753171E0));
#13140=DIRECTION('',(-3.102789952956E-1,0.E0,9.506455412394E-1));
#13141=DIRECTION('',(9.506455412394E-1,0.E0,3.102789952956E-1));
#13142=AXIS2_PLACEMENT_3D('',#13139,#13140,#13141);
#13143=PLANE('',#13142);
#13144=ORIENTED_EDGE('',*,*,#11133,.F.);
#13146=ORIENTED_EDGE('',*,*,#13145,.T.);
#13147=ORIENTED_EDGE('',*,*,#11804,.T.);
#13148=ORIENTED_EDGE('',*,*,#13132,.F.);
#13149=EDGE_LOOP('',(#13144,#13146,#13147,#13148));
#13150=FACE_OUTER_BOUND('',#13149,.F.);
#13152=CARTESIAN_POINT('',(3.227857582504E0,1.9E1,2.629676538594E0));
#13153=DIRECTION('',(-4.397141102494E-1,0.E0,8.981377963584E-1));
#13154=DIRECTION('',(8.981377963584E-1,0.E0,4.397141102494E-1));
#13155=AXIS2_PLACEMENT_3D('',#13152,#13153,#13154);
#13156=PLANE('',#13155);
#13157=ORIENTED_EDGE('',*,*,#11131,.F.);
#13159=ORIENTED_EDGE('',*,*,#13158,.T.);
#13160=ORIENTED_EDGE('',*,*,#11806,.T.);
#13161=ORIENTED_EDGE('',*,*,#13145,.F.);
#13162=EDGE_LOOP('',(#13157,#13159,#13160,#13161));
#13163=FACE_OUTER_BOUND('',#13162,.F.);
#13165=CARTESIAN_POINT('',(3.055517157400E0,1.9E1,2.460926538594E0));
#13166=DIRECTION('',(-6.996247934953E-1,0.E0,7.145104256249E-1));
#13167=DIRECTION('',(7.145104256249E-1,0.E0,6.996247934953E-1));
#13168=AXIS2_PLACEMENT_3D('',#13165,#13166,#13167);
#13169=PLANE('',#13168);
#13170=ORIENTED_EDGE('',*,*,#11129,.F.);
#13172=ORIENTED_EDGE('',*,*,#13171,.T.);
#13173=ORIENTED_EDGE('',*,*,#11808,.T.);
#13174=ORIENTED_EDGE('',*,*,#13158,.F.);
#13175=EDGE_LOOP('',(#13170,#13172,#13173,#13174));
#13176=FACE_OUTER_BOUND('',#13175,.F.);
#13178=CARTESIAN_POINT('',(2.883176737326E0,1.9E1,2.179676645883E0));
#13179=DIRECTION('',(-8.526533134429E-1,0.E0,5.224771067470E-1));
#13180=DIRECTION('',(5.224771067470E-1,0.E0,8.526533134429E-1));
#13181=AXIS2_PLACEMENT_3D('',#13178,#13179,#13180);
#13182=PLANE('',#13181);
#13183=ORIENTED_EDGE('',*,*,#11127,.F.);
#13185=ORIENTED_EDGE('',*,*,#13184,.T.);
#13186=ORIENTED_EDGE('',*,*,#11810,.T.);
#13187=ORIENTED_EDGE('',*,*,#13171,.F.);
#13188=EDGE_LOOP('',(#13183,#13185,#13186,#13187));
#13189=FACE_OUTER_BOUND('',#13188,.F.);
#13191=CARTESIAN_POINT('',(2.825729930634E0,1.9E1,1.842176645883E0));
#13192=DIRECTION('',(-9.858211706631E-1,0.E0,1.677993428846E-1));
#13193=DIRECTION('',(1.677993428846E-1,0.E0,9.858211706631E-1));
#13194=AXIS2_PLACEMENT_3D('',#13191,#13192,#13193);
#13195=PLANE('',#13194);
#13196=ORIENTED_EDGE('',*,*,#11125,.F.);
#13198=ORIENTED_EDGE('',*,*,#13197,.T.);
#13199=ORIENTED_EDGE('',*,*,#11812,.T.);
#13200=ORIENTED_EDGE('',*,*,#13184,.F.);
#13201=EDGE_LOOP('',(#13196,#13198,#13199,#13200));
#13202=FACE_OUTER_BOUND('',#13201,.F.);
#13204=CARTESIAN_POINT('',(2.883176737326E0,1.9E1,1.504676645883E0));
#13205=DIRECTION('',(-9.858211706631E-1,0.E0,-1.677993428846E-1));
#13206=DIRECTION('',(-1.677993428846E-1,0.E0,9.858211706631E-1));
#13207=AXIS2_PLACEMENT_3D('',#13204,#13205,#13206);
#13208=PLANE('',#13207);
#13209=ORIENTED_EDGE('',*,*,#11123,.F.);
#13211=ORIENTED_EDGE('',*,*,#13210,.T.);
#13212=ORIENTED_EDGE('',*,*,#11814,.T.);
#13213=ORIENTED_EDGE('',*,*,#13197,.F.);
#13214=EDGE_LOOP('',(#13209,#13211,#13212,#13213));
#13215=FACE_OUTER_BOUND('',#13214,.F.);
#13217=CARTESIAN_POINT('',(3.055517157400E0,1.9E1,1.223426431306E0));
#13218=DIRECTION('',(-8.526535798146E-1,0.E0,-5.224766720432E-1));
#13219=DIRECTION('',(-5.224766720432E-1,0.E0,8.526535798146E-1));
#13220=AXIS2_PLACEMENT_3D('',#13217,#13218,#13219);
#13221=PLANE('',#13220);
#13222=ORIENTED_EDGE('',*,*,#11121,.F.);
#13224=ORIENTED_EDGE('',*,*,#13223,.T.);
#13225=ORIENTED_EDGE('',*,*,#11816,.T.);
#13226=ORIENTED_EDGE('',*,*,#13210,.F.);
#13227=EDGE_LOOP('',(#13222,#13224,#13225,#13226));
#13228=FACE_OUTER_BOUND('',#13227,.F.);
#13230=CARTESIAN_POINT('',(3.227857582504E0,1.9E1,1.054676431306E0));
#13231=DIRECTION('',(-6.996247934953E-1,0.E0,-7.145104256249E-1));
#13232=DIRECTION('',(-7.145104256249E-1,0.E0,6.996247934953E-1));
#13233=AXIS2_PLACEMENT_3D('',#13230,#13231,#13232);
#13234=PLANE('',#13233);
#13235=ORIENTED_EDGE('',*,*,#11119,.F.);
#13237=ORIENTED_EDGE('',*,*,#13236,.T.);
#13238=ORIENTED_EDGE('',*,*,#11818,.T.);
#13239=ORIENTED_EDGE('',*,*,#13223,.F.);
#13240=EDGE_LOOP('',(#13235,#13237,#13238,#13239));
#13241=FACE_OUTER_BOUND('',#13240,.F.);
#13243=CARTESIAN_POINT('',(3.457644829387E0,1.9E1,9.421765385942E-1));
#13244=DIRECTION('',(-4.397130954570E-1,0.E0,-8.981382931841E-1));
#13245=DIRECTION('',(-8.981382931841E-1,0.E0,4.397130954570E-1));
#13246=AXIS2_PLACEMENT_3D('',#13243,#13244,#13245);
#13247=PLANE('',#13246);
#13248=ORIENTED_EDGE('',*,*,#11117,.F.);
#13250=ORIENTED_EDGE('',*,*,#13249,.T.);
#13251=ORIENTED_EDGE('',*,*,#11820,.T.);
#13252=ORIENTED_EDGE('',*,*,#13236,.F.);
#13253=EDGE_LOOP('',(#13248,#13250,#13251,#13252));
#13254=FACE_OUTER_BOUND('',#13253,.F.);
#13256=CARTESIAN_POINT('',(3.629985234374E0,1.9E1,8.859264313058E-1));
#13257=DIRECTION('',(-3.102805998049E-1,0.E0,-9.506450175458E-1));
#13258=DIRECTION('',(-9.506450175458E-1,0.E0,3.102805998049E-1));
#13259=AXIS2_PLACEMENT_3D('',#13256,#13257,#13258);
#13260=PLANE('',#13259);
#13261=ORIENTED_EDGE('',*,*,#11115,.F.);
#13263=ORIENTED_EDGE('',*,*,#13262,.T.);
#13264=ORIENTED_EDGE('',*,*,#11822,.T.);
#13265=ORIENTED_EDGE('',*,*,#13249,.F.);
#13266=EDGE_LOOP('',(#13261,#13263,#13264,#13265));
#13267=FACE_OUTER_BOUND('',#13266,.F.);
#13269=CARTESIAN_POINT('',(3.917219323153E0,1.9E1,8.296766458826E-1));
#13270=DIRECTION('',(-1.921820955228E-1,0.E0,-9.813592829135E-1));
#13271=DIRECTION('',(-9.813592829135E-1,0.E0,1.921820955228E-1));
#13272=AXIS2_PLACEMENT_3D('',#13269,#13270,#13271);
#13273=PLANE('',#13272);
#13274=ORIENTED_EDGE('',*,*,#11113,.F.);
#13275=ORIENTED_EDGE('',*,*,#12952,.T.);
#13276=ORIENTED_EDGE('',*,*,#11824,.T.);
#13277=ORIENTED_EDGE('',*,*,#13262,.F.);
#13278=EDGE_LOOP('',(#13274,#13275,#13276,#13277));
#13279=FACE_OUTER_BOUND('',#13278,.F.);
#13281=CARTESIAN_POINT('',(4.376793736452E0,1.9E1,1.110926538594E0));
#13282=DIRECTION('',(-1.610640957438E-1,0.E0,9.869439482880E-1));
#13283=DIRECTION('',(9.869439482880E-1,0.E0,1.610640957438E-1));
#13284=AXIS2_PLACEMENT_3D('',#13281,#13282,#13283);
#13285=PLANE('',#13284);
#13286=ORIENTED_EDGE('',*,*,#11349,.F.);
#13288=ORIENTED_EDGE('',*,*,#13287,.T.);
#13289=ORIENTED_EDGE('',*,*,#11828,.T.);
#13291=ORIENTED_EDGE('',*,*,#13290,.F.);
#13292=EDGE_LOOP('',(#13286,#13288,#13289,#13291));
#13293=FACE_OUTER_BOUND('',#13292,.F.);
#13295=CARTESIAN_POINT('',(3.974666124815E0,1.9E1,1.110926538594E0));
#13296=DIRECTION('',(0.E0,0.E0,1.E0));
#13297=DIRECTION('',(1.E0,0.E0,0.E0));
#13298=AXIS2_PLACEMENT_3D('',#13295,#13296,#13297);
#13299=PLANE('',#13298);
#13300=ORIENTED_EDGE('',*,*,#11383,.F.);
#13302=ORIENTED_EDGE('',*,*,#13301,.T.);
#13303=ORIENTED_EDGE('',*,*,#11830,.T.);
#13304=ORIENTED_EDGE('',*,*,#13287,.F.);
#13305=EDGE_LOOP('',(#13300,#13302,#13303,#13304));
#13306=FACE_OUTER_BOUND('',#13305,.F.);
#13308=CARTESIAN_POINT('',(3.629985234374E0,1.9E1,1.167176645883E0));
#13309=DIRECTION('',(1.610640591185E-1,0.E0,9.869439542650E-1));
#13310=DIRECTION('',(9.869439542650E-1,0.E0,-1.610640591185E-1));
#13311=AXIS2_PLACEMENT_3D('',#13308,#13309,#13310);
#13312=PLANE('',#13311);
#13313=ORIENTED_EDGE('',*,*,#11381,.F.);
#13315=ORIENTED_EDGE('',*,*,#13314,.T.);
#13316=ORIENTED_EDGE('',*,*,#11832,.T.);
#13317=ORIENTED_EDGE('',*,*,#13301,.F.);
#13318=EDGE_LOOP('',(#13313,#13315,#13316,#13317));
#13319=FACE_OUTER_BOUND('',#13318,.F.);
#13321=CARTESIAN_POINT('',(3.285304384167E0,1.9E1,1.392176431306E0));
#13322=DIRECTION('',(5.466221363492E-1,0.E0,8.373793883617E-1));
#13323=DIRECTION('',(8.373793883617E-1,0.E0,-5.466221363492E-1));
#13324=AXIS2_PLACEMENT_3D('',#13321,#13322,#13323);
#13325=PLANE('',#13324);
#13326=ORIENTED_EDGE('',*,*,#11379,.F.);
#13328=ORIENTED_EDGE('',*,*,#13327,.T.);
#13329=ORIENTED_EDGE('',*,*,#11834,.T.);
#13330=ORIENTED_EDGE('',*,*,#13314,.F.);
#13331=EDGE_LOOP('',(#13326,#13328,#13329,#13330));
#13332=FACE_OUTER_BOUND('',#13331,.F.);
#13334=CARTESIAN_POINT('',(3.170410780842E0,1.9E1,1.560926431306E0));
#13335=DIRECTION('',(8.265992787996E-1,0.E0,5.627909312417E-1));
#13336=DIRECTION('',(5.627909312417E-1,0.E0,-8.265992787996E-1));
#13337=AXIS2_PLACEMENT_3D('',#13334,#13335,#13336);
#13338=PLANE('',#13337);
#13339=ORIENTED_EDGE('',*,*,#11377,.F.);
#13341=ORIENTED_EDGE('',*,*,#13340,.T.);
#13342=ORIENTED_EDGE('',*,*,#11836,.T.);
#13343=ORIENTED_EDGE('',*,*,#13327,.F.);
#13344=EDGE_LOOP('',(#13339,#13341,#13342,#13343));
#13345=FACE_OUTER_BOUND('',#13344,.F.);
#13347=CARTESIAN_POINT('',(3.112963979179E0,1.9E1,1.842176645883E0));
#13348=DIRECTION('',(9.797707392153E-1,0.E0,2.001232084928E-1));
#13349=DIRECTION('',(2.001232084928E-1,0.E0,-9.797707392153E-1));
#13350=AXIS2_PLACEMENT_3D('',#13347,#13348,#13349);
#13351=PLANE('',#13350);
#13352=ORIENTED_EDGE('',*,*,#11375,.F.);
#13354=ORIENTED_EDGE('',*,*,#13353,.T.);
#13355=ORIENTED_EDGE('',*,*,#11838,.T.);
#13356=ORIENTED_EDGE('',*,*,#13340,.F.);
#13357=EDGE_LOOP('',(#13352,#13354,#13355,#13356));
#13358=FACE_OUTER_BOUND('',#13357,.F.);
#13360=CARTESIAN_POINT('',(3.170410780842E0,1.9E1,2.123426538594E0));
#13361=DIRECTION('',(9.797706943097E-1,0.E0,-2.001234283435E-1));
#13362=DIRECTION('',(-2.001234283435E-1,0.E0,-9.797706943097E-1));
#13363=AXIS2_PLACEMENT_3D('',#13360,#13361,#13362);
#13364=PLANE('',#13363);
#13365=ORIENTED_EDGE('',*,*,#11373,.F.);
#13367=ORIENTED_EDGE('',*,*,#13366,.T.);
#13368=ORIENTED_EDGE('',*,*,#11840,.T.);
#13369=ORIENTED_EDGE('',*,*,#13353,.F.);
#13370=EDGE_LOOP('',(#13365,#13367,#13368,#13369));
#13371=FACE_OUTER_BOUND('',#13370,.F.);
#13373=CARTESIAN_POINT('',(3.285304384167E0,1.9E1,2.292176538594E0));
#13374=DIRECTION('',(8.265992787996E-1,0.E0,-5.627909312417E-1));
#13375=DIRECTION('',(-5.627909312417E-1,0.E0,-8.265992787996E-1));
#13376=AXIS2_PLACEMENT_3D('',#13373,#13374,#13375);
#13377=PLANE('',#13376);
#13378=ORIENTED_EDGE('',*,*,#11371,.F.);
#13380=ORIENTED_EDGE('',*,*,#13379,.T.);
#13381=ORIENTED_EDGE('',*,*,#11842,.T.);
#13382=ORIENTED_EDGE('',*,*,#13366,.F.);
#13383=EDGE_LOOP('',(#13378,#13380,#13381,#13382));
#13384=FACE_OUTER_BOUND('',#13383,.F.);
#13386=CARTESIAN_POINT('',(3.629985234374E0,1.9E1,2.517176645883E0));
#13387=DIRECTION('',(5.466226846555E-1,0.E0,-8.373790304396E-1));
#13388=DIRECTION('',(-8.373790304396E-1,0.E0,-5.466226846555E-1));
#13389=AXIS2_PLACEMENT_3D('',#13386,#13387,#13388);
#13390=PLANE('',#13389);
#13391=ORIENTED_EDGE('',*,*,#11369,.F.);
#13393=ORIENTED_EDGE('',*,*,#13392,.T.);
#13394=ORIENTED_EDGE('',*,*,#11844,.T.);
#13395=ORIENTED_EDGE('',*,*,#13379,.F.);
#13396=EDGE_LOOP('',(#13391,#13393,#13394,#13395));
#13397=FACE_OUTER_BOUND('',#13396,.F.);
#13399=CARTESIAN_POINT('',(3.974666124815E0,1.9E1,2.573426431306E0));
#13400=DIRECTION('',(1.610631614123E-1,0.E0,-9.869441007655E-1));
#13401=DIRECTION('',(-9.869441007655E-1,0.E0,-1.610631614123E-1));
#13402=AXIS2_PLACEMENT_3D('',#13399,#13400,#13401);
#13403=PLANE('',#13402);
#13404=ORIENTED_EDGE('',*,*,#11367,.F.);
#13406=ORIENTED_EDGE('',*,*,#13405,.T.);
#13407=ORIENTED_EDGE('',*,*,#11846,.T.);
#13408=ORIENTED_EDGE('',*,*,#13392,.F.);
#13409=EDGE_LOOP('',(#13404,#13406,#13407,#13408));
#13410=FACE_OUTER_BOUND('',#13409,.F.);
#13412=CARTESIAN_POINT('',(4.376793736452E0,1.9E1,2.573426431306E0));
#13413=DIRECTION('',(0.E0,0.E0,-1.E0));
#13414=DIRECTION('',(-1.E0,0.E0,0.E0));
#13415=AXIS2_PLACEMENT_3D('',#13412,#13413,#13414);
#13416=PLANE('',#13415);
#13417=ORIENTED_EDGE('',*,*,#11365,.F.);
#13419=ORIENTED_EDGE('',*,*,#13418,.T.);
#13420=ORIENTED_EDGE('',*,*,#11848,.T.);
#13421=ORIENTED_EDGE('',*,*,#13405,.F.);
#13422=EDGE_LOOP('',(#13417,#13419,#13420,#13421));
#13423=FACE_OUTER_BOUND('',#13422,.F.);
#13425=CARTESIAN_POINT('',(4.721474546427E0,1.9E1,2.517176645883E0));
#13426=DIRECTION('',(-1.610631980374E-1,0.E0,-9.869440947885E-1));
#13427=DIRECTION('',(-9.869440947885E-1,0.E0,1.610631980374E-1));
#13428=AXIS2_PLACEMENT_3D('',#13425,#13426,#13427);
#13429=PLANE('',#13428);
#13430=ORIENTED_EDGE('',*,*,#11363,.F.);
#13432=ORIENTED_EDGE('',*,*,#13431,.T.);
#13433=ORIENTED_EDGE('',*,*,#11850,.T.);
#13434=ORIENTED_EDGE('',*,*,#13418,.F.);
#13435=EDGE_LOOP('',(#13430,#13432,#13433,#13434));
#13436=FACE_OUTER_BOUND('',#13435,.F.);
#13438=CARTESIAN_POINT('',(5.066155517334E0,1.9E1,2.292176538594E0));
#13439=DIRECTION('',(-5.466225504348E-1,0.E0,-8.373791180560E-1));
#13440=DIRECTION('',(-8.373791180560E-1,0.E0,5.466225504348E-1));
#13441=AXIS2_PLACEMENT_3D('',#13438,#13439,#13440);
#13442=PLANE('',#13441);
#13443=ORIENTED_EDGE('',*,*,#11361,.F.);
#13445=ORIENTED_EDGE('',*,*,#13444,.T.);
#13446=ORIENTED_EDGE('',*,*,#11852,.T.);
#13447=ORIENTED_EDGE('',*,*,#13431,.F.);
#13448=EDGE_LOOP('',(#13443,#13445,#13446,#13447));
#13449=FACE_OUTER_BOUND('',#13448,.F.);
#13451=CARTESIAN_POINT('',(5.181049120659E0,1.9E1,2.123426538594E0));
#13452=DIRECTION('',(-8.265992787996E-1,0.E0,-5.627909312417E-1));
#13453=DIRECTION('',(-5.627909312417E-1,0.E0,8.265992787996E-1));
#13454=AXIS2_PLACEMENT_3D('',#13451,#13452,#13453);
#13455=PLANE('',#13454);
#13456=ORIENTED_EDGE('',*,*,#11359,.F.);
#13458=ORIENTED_EDGE('',*,*,#13457,.T.);
#13459=ORIENTED_EDGE('',*,*,#11854,.T.);
#13460=ORIENTED_EDGE('',*,*,#13444,.F.);
#13461=EDGE_LOOP('',(#13456,#13458,#13459,#13460));
#13462=FACE_OUTER_BOUND('',#13461,.F.);
#13464=CARTESIAN_POINT('',(5.238495922322E0,1.9E1,1.842176645883E0));
#13465=DIRECTION('',(-9.797706943097E-1,0.E0,-2.001234283435E-1));
#13466=DIRECTION('',(-2.001234283435E-1,0.E0,9.797706943097E-1));
#13467=AXIS2_PLACEMENT_3D('',#13464,#13465,#13466);
#13468=PLANE('',#13467);
#13469=ORIENTED_EDGE('',*,*,#11357,.F.);
#13471=ORIENTED_EDGE('',*,*,#13470,.T.);
#13472=ORIENTED_EDGE('',*,*,#11856,.T.);
#13473=ORIENTED_EDGE('',*,*,#13457,.F.);
#13474=EDGE_LOOP('',(#13469,#13471,#13472,#13473));
#13475=FACE_OUTER_BOUND('',#13474,.F.);
#13477=CARTESIAN_POINT('',(5.181049120659E0,1.9E1,1.560926431306E0));
#13478=DIRECTION('',(-9.797707392153E-1,0.E0,2.001232084928E-1));
#13479=DIRECTION('',(2.001232084928E-1,0.E0,9.797707392153E-1));
#13480=AXIS2_PLACEMENT_3D('',#13477,#13478,#13479);
#13481=PLANE('',#13480);
#13482=ORIENTED_EDGE('',*,*,#11355,.F.);
#13484=ORIENTED_EDGE('',*,*,#13483,.T.);
#13485=ORIENTED_EDGE('',*,*,#11858,.T.);
#13486=ORIENTED_EDGE('',*,*,#13470,.F.);
#13487=EDGE_LOOP('',(#13482,#13484,#13485,#13486));
#13488=FACE_OUTER_BOUND('',#13487,.F.);
#13490=CARTESIAN_POINT('',(5.066155517334E0,1.9E1,1.392176431306E0));
#13491=DIRECTION('',(-8.265992787996E-1,0.E0,5.627909312417E-1));
#13492=DIRECTION('',(5.627909312417E-1,0.E0,8.265992787996E-1));
#13493=AXIS2_PLACEMENT_3D('',#13490,#13491,#13492);
#13494=PLANE('',#13493);
#13495=ORIENTED_EDGE('',*,*,#11353,.F.);
#13497=ORIENTED_EDGE('',*,*,#13496,.T.);
#13498=ORIENTED_EDGE('',*,*,#11860,.T.);
#13499=ORIENTED_EDGE('',*,*,#13483,.F.);
#13500=EDGE_LOOP('',(#13495,#13497,#13498,#13499));
#13501=FACE_OUTER_BOUND('',#13500,.F.);
#13503=CARTESIAN_POINT('',(4.721474546427E0,1.9E1,1.167176645883E0));
#13504=DIRECTION('',(-5.466220021285E-1,0.E0,8.373794759779E-1));
#13505=DIRECTION('',(8.373794759779E-1,0.E0,5.466220021285E-1));
#13506=AXIS2_PLACEMENT_3D('',#13503,#13504,#13505);
#13507=PLANE('',#13506);
#13508=ORIENTED_EDGE('',*,*,#11351,.F.);
#13509=ORIENTED_EDGE('',*,*,#13290,.T.);
#13510=ORIENTED_EDGE('',*,*,#11862,.T.);
#13511=ORIENTED_EDGE('',*,*,#13496,.F.);
#13512=EDGE_LOOP('',(#13508,#13509,#13510,#13511));
#13513=FACE_OUTER_BOUND('',#13512,.F.);
#13515=CARTESIAN_POINT('',(4.434240538115E0,1.9E1,3.304676538594E0));
#13516=DIRECTION('',(0.E0,0.E0,-1.E0));
#13517=DIRECTION('',(-1.E0,0.E0,0.E0));
#13518=AXIS2_PLACEMENT_3D('',#13515,#13516,#13517);
#13519=PLANE('',#13518);
#13520=ORIENTED_EDGE('',*,*,#11165,.F.);
#13522=ORIENTED_EDGE('',*,*,#13521,.T.);
#13523=ORIENTED_EDGE('',*,*,#11884,.T.);
#13525=ORIENTED_EDGE('',*,*,#13524,.F.);
#13526=EDGE_LOOP('',(#13520,#13522,#13523,#13525));
#13527=FACE_OUTER_BOUND('',#13526,.F.);
#13529=CARTESIAN_POINT('',(4.721474546427E0,1.9E1,3.360926324017E0));
#13530=DIRECTION('',(1.921821473726E-1,0.E0,-9.813592727596E-1));
#13531=DIRECTION('',(-9.813592727596E-1,0.E0,-1.921821473726E-1));
#13532=AXIS2_PLACEMENT_3D('',#13529,#13530,#13531);
#13533=PLANE('',#13532);
#13534=ORIENTED_EDGE('',*,*,#11215,.F.);
#13536=ORIENTED_EDGE('',*,*,#13535,.T.);
#13537=ORIENTED_EDGE('',*,*,#11886,.T.);
#13538=ORIENTED_EDGE('',*,*,#13521,.F.);
#13539=EDGE_LOOP('',(#13534,#13536,#13537,#13538));
#13540=FACE_OUTER_BOUND('',#13539,.F.);
#13542=CARTESIAN_POINT('',(4.893815112347E0,1.9E1,3.417176753171E0));
#13543=DIRECTION('',(3.102819424634E-1,0.E0,-9.506445793151E-1));
#13544=DIRECTION('',(-9.506445793151E-1,0.E0,-3.102819424634E-1));
#13545=AXIS2_PLACEMENT_3D('',#13542,#13543,#13544);
#13546=PLANE('',#13545);
#13547=ORIENTED_EDGE('',*,*,#11213,.F.);
#13549=ORIENTED_EDGE('',*,*,#13548,.T.);
#13550=ORIENTED_EDGE('',*,*,#11888,.T.);
#13551=ORIENTED_EDGE('',*,*,#13535,.F.);
#13552=EDGE_LOOP('',(#13547,#13549,#13550,#13551));
#13553=FACE_OUTER_BOUND('',#13552,.F.);
#13555=CARTESIAN_POINT('',(5.123602318997E0,1.9E1,3.529676324017E0));
#13556=DIRECTION('',(4.397121427660E-1,0.E0,-8.981387596046E-1));
#13557=DIRECTION('',(-8.981387596046E-1,0.E0,-4.397121427660E-1));
#13558=AXIS2_PLACEMENT_3D('',#13555,#13556,#13557);
#13559=PLANE('',#13558);
#13560=ORIENTED_EDGE('',*,*,#11211,.F.);
#13562=ORIENTED_EDGE('',*,*,#13561,.T.);
#13563=ORIENTED_EDGE('',*,*,#11890,.T.);
#13564=ORIENTED_EDGE('',*,*,#13548,.F.);
#13565=EDGE_LOOP('',(#13560,#13562,#13563,#13564));
#13566=FACE_OUTER_BOUND('',#13565,.F.);
#13568=CARTESIAN_POINT('',(5.295942723984E0,1.9E1,3.698426324017E0));
#13569=DIRECTION('',(6.996248351869E-1,0.E0,-7.145103848018E-1));
#13570=DIRECTION('',(-7.145103848018E-1,0.E0,-6.996248351869E-1));
#13571=AXIS2_PLACEMENT_3D('',#13568,#13569,#13570);
#13572=PLANE('',#13571);
#13573=ORIENTED_EDGE('',*,*,#11209,.F.);
#13575=ORIENTED_EDGE('',*,*,#13574,.T.);
#13576=ORIENTED_EDGE('',*,*,#11892,.T.);
#13577=ORIENTED_EDGE('',*,*,#13561,.F.);
#13578=EDGE_LOOP('',(#13573,#13575,#13576,#13577));
#13579=FACE_OUTER_BOUND('',#13578,.F.);
#13581=CARTESIAN_POINT('',(5.468283128971E0,1.9E1,3.979676538594E0));
#13582=DIRECTION('',(8.526536001913E-1,0.E0,-5.224766387895E-1));
#13583=DIRECTION('',(-5.224766387895E-1,0.E0,-8.526536001913E-1));
#13584=AXIS2_PLACEMENT_3D('',#13581,#13582,#13583);
#13585=PLANE('',#13584);
#13586=ORIENTED_EDGE('',*,*,#11207,.F.);
#13588=ORIENTED_EDGE('',*,*,#13587,.T.);
#13589=ORIENTED_EDGE('',*,*,#11894,.T.);
#13590=ORIENTED_EDGE('',*,*,#13574,.F.);
#13591=EDGE_LOOP('',(#13586,#13588,#13589,#13590));
#13592=FACE_OUTER_BOUND('',#13591,.F.);
#13594=CARTESIAN_POINT('',(5.525729930634E0,1.9E1,4.317176538594E0));
#13595=DIRECTION('',(9.858211730931E-1,0.E0,-1.677993286083E-1));
#13596=DIRECTION('',(-1.677993286083E-1,0.E0,-9.858211730931E-1));
#13597=AXIS2_PLACEMENT_3D('',#13594,#13595,#13596);
#13598=PLANE('',#13597);
#13599=ORIENTED_EDGE('',*,*,#11205,.F.);
#13601=ORIENTED_EDGE('',*,*,#13600,.T.);
#13602=ORIENTED_EDGE('',*,*,#11896,.T.);
#13603=ORIENTED_EDGE('',*,*,#13587,.F.);
#13604=EDGE_LOOP('',(#13599,#13601,#13602,#13603));
#13605=FACE_OUTER_BOUND('',#13604,.F.);
#13607=CARTESIAN_POINT('',(5.468283128971E0,1.9E1,4.654676538594E0));
#13608=DIRECTION('',(9.858211730931E-1,0.E0,1.677993286083E-1));
#13609=DIRECTION('',(1.677993286083E-1,0.E0,-9.858211730931E-1));
#13610=AXIS2_PLACEMENT_3D('',#13607,#13608,#13609);
#13611=PLANE('',#13610);
#13612=ORIENTED_EDGE('',*,*,#11203,.F.);
#13614=ORIENTED_EDGE('',*,*,#13613,.T.);
#13615=ORIENTED_EDGE('',*,*,#11898,.T.);
#13616=ORIENTED_EDGE('',*,*,#13600,.F.);
#13617=EDGE_LOOP('',(#13612,#13614,#13615,#13616));
#13618=FACE_OUTER_BOUND('',#13617,.F.);
#13620=CARTESIAN_POINT('',(5.295942723984E0,1.9E1,4.935926753171E0));
#13621=DIRECTION('',(8.526536001913E-1,0.E0,5.224766387895E-1));
#13622=DIRECTION('',(5.224766387895E-1,0.E0,-8.526536001913E-1));
#13623=AXIS2_PLACEMENT_3D('',#13620,#13621,#13622);
#13624=PLANE('',#13623);
#13625=ORIENTED_EDGE('',*,*,#11201,.F.);
#13627=ORIENTED_EDGE('',*,*,#13626,.T.);
#13628=ORIENTED_EDGE('',*,*,#11900,.T.);
#13629=ORIENTED_EDGE('',*,*,#13613,.F.);
#13630=EDGE_LOOP('',(#13625,#13627,#13628,#13629));
#13631=FACE_OUTER_BOUND('',#13630,.F.);
#13633=CARTESIAN_POINT('',(5.123602318997E0,1.9E1,5.104676753171E0));
#13634=DIRECTION('',(6.996248351869E-1,0.E0,7.145103848018E-1));
#13635=DIRECTION('',(7.145103848018E-1,0.E0,-6.996248351869E-1));
#13636=AXIS2_PLACEMENT_3D('',#13633,#13634,#13635);
#13637=PLANE('',#13636);
#13638=ORIENTED_EDGE('',*,*,#11199,.F.);
#13640=ORIENTED_EDGE('',*,*,#13639,.T.);
#13641=ORIENTED_EDGE('',*,*,#11902,.T.);
#13642=ORIENTED_EDGE('',*,*,#13626,.F.);
#13643=EDGE_LOOP('',(#13638,#13640,#13641,#13642));
#13644=FACE_OUTER_BOUND('',#13643,.F.);
#13646=CARTESIAN_POINT('',(4.893815112347E0,1.9E1,5.217176324017E0));
#13647=DIRECTION('',(4.397121427660E-1,0.E0,8.981387596046E-1));
#13648=DIRECTION('',(8.981387596046E-1,0.E0,-4.397121427660E-1));
#13649=AXIS2_PLACEMENT_3D('',#13646,#13647,#13648);
#13650=PLANE('',#13649);
#13651=ORIENTED_EDGE('',*,*,#11197,.F.);
#13653=ORIENTED_EDGE('',*,*,#13652,.T.);
#13654=ORIENTED_EDGE('',*,*,#11904,.T.);
#13655=ORIENTED_EDGE('',*,*,#13639,.F.);
#13656=EDGE_LOOP('',(#13651,#13653,#13654,#13655));
#13657=FACE_OUTER_BOUND('',#13656,.F.);
#13659=CARTESIAN_POINT('',(4.721474546427E0,1.9E1,5.273426753171E0));
#13660=DIRECTION('',(3.102819424634E-1,0.E0,9.506445793151E-1));
#13661=DIRECTION('',(9.506445793151E-1,0.E0,-3.102819424634E-1));
#13662=AXIS2_PLACEMENT_3D('',#13659,#13660,#13661);
#13663=PLANE('',#13662);
#13664=ORIENTED_EDGE('',*,*,#11195,.F.);
#13666=ORIENTED_EDGE('',*,*,#13665,.T.);
#13667=ORIENTED_EDGE('',*,*,#11906,.T.);
#13668=ORIENTED_EDGE('',*,*,#13652,.F.);
#13669=EDGE_LOOP('',(#13664,#13666,#13667,#13668));
#13670=FACE_OUTER_BOUND('',#13669,.F.);
#13672=CARTESIAN_POINT('',(4.434240538115E0,1.9E1,5.329676538594E0));
#13673=DIRECTION('',(1.921821473726E-1,0.E0,9.813592727596E-1));
#13674=DIRECTION('',(9.813592727596E-1,0.E0,-1.921821473726E-1));
#13675=AXIS2_PLACEMENT_3D('',#13672,#13673,#13674);
#13676=PLANE('',#13675);
#13677=ORIENTED_EDGE('',*,*,#11193,.F.);
#13679=ORIENTED_EDGE('',*,*,#13678,.T.);
#13680=ORIENTED_EDGE('',*,*,#11908,.T.);
#13681=ORIENTED_EDGE('',*,*,#13665,.F.);
#13682=EDGE_LOOP('',(#13677,#13679,#13680,#13681));
#13683=FACE_OUTER_BOUND('',#13682,.F.);
#13685=CARTESIAN_POINT('',(3.917219323153E0,1.9E1,5.329676538594E0));
#13686=DIRECTION('',(0.E0,0.E0,1.E0));
#13687=DIRECTION('',(1.E0,0.E0,0.E0));
#13688=AXIS2_PLACEMENT_3D('',#13685,#13686,#13687);
#13689=PLANE('',#13688);
#13690=ORIENTED_EDGE('',*,*,#11191,.F.);
#13692=ORIENTED_EDGE('',*,*,#13691,.T.);
#13693=ORIENTED_EDGE('',*,*,#11910,.T.);
#13694=ORIENTED_EDGE('',*,*,#13678,.F.);
#13695=EDGE_LOOP('',(#13690,#13692,#13693,#13694));
#13696=FACE_OUTER_BOUND('',#13695,.F.);
#13698=CARTESIAN_POINT('',(3.629985234374E0,1.9E1,5.273426753171E0));
#13699=DIRECTION('',(-1.921820955228E-1,0.E0,9.813592829135E-1));
#13700=DIRECTION('',(9.813592829135E-1,0.E0,1.921820955228E-1));
#13701=AXIS2_PLACEMENT_3D('',#13698,#13699,#13700);
#13702=PLANE('',#13701);
#13703=ORIENTED_EDGE('',*,*,#11189,.F.);
#13705=ORIENTED_EDGE('',*,*,#13704,.T.);
#13706=ORIENTED_EDGE('',*,*,#11912,.T.);
#13707=ORIENTED_EDGE('',*,*,#13691,.F.);
#13708=EDGE_LOOP('',(#13703,#13705,#13706,#13707));
#13709=FACE_OUTER_BOUND('',#13708,.F.);
#13711=CARTESIAN_POINT('',(3.457644829387E0,1.9E1,5.217176324017E0));
#13712=DIRECTION('',(-3.102822043116E-1,0.E0,9.506444938501E-1));
#13713=DIRECTION('',(9.506444938501E-1,0.E0,3.102822043116E-1));
#13714=AXIS2_PLACEMENT_3D('',#13711,#13712,#13713);
#13715=PLANE('',#13714);
#13716=ORIENTED_EDGE('',*,*,#11187,.F.);
#13718=ORIENTED_EDGE('',*,*,#13717,.T.);
#13719=ORIENTED_EDGE('',*,*,#11914,.T.);
#13720=ORIENTED_EDGE('',*,*,#13704,.F.);
#13721=EDGE_LOOP('',(#13716,#13718,#13719,#13720));
#13722=FACE_OUTER_BOUND('',#13721,.F.);
#13724=CARTESIAN_POINT('',(3.227857582504E0,1.9E1,5.104676753171E0));
#13725=DIRECTION('',(-4.397120806629E-1,0.E0,8.981387900092E-1));
#13726=DIRECTION('',(8.981387900092E-1,0.E0,4.397120806629E-1));
#13727=AXIS2_PLACEMENT_3D('',#13724,#13725,#13726);
#13728=PLANE('',#13727);
#13729=ORIENTED_EDGE('',*,*,#11185,.F.);
#13731=ORIENTED_EDGE('',*,*,#13730,.T.);
#13732=ORIENTED_EDGE('',*,*,#11916,.T.);
#13733=ORIENTED_EDGE('',*,*,#13717,.F.);
#13734=EDGE_LOOP('',(#13729,#13731,#13732,#13733));
#13735=FACE_OUTER_BOUND('',#13734,.F.);
#13737=CARTESIAN_POINT('',(3.055517157400E0,1.9E1,4.935926753171E0));
#13738=DIRECTION('',(-6.996247934953E-1,0.E0,7.145104256249E-1));
#13739=DIRECTION('',(7.145104256249E-1,0.E0,6.996247934953E-1));
#13740=AXIS2_PLACEMENT_3D('',#13737,#13738,#13739);
#13741=PLANE('',#13740);
#13742=ORIENTED_EDGE('',*,*,#11183,.F.);
#13744=ORIENTED_EDGE('',*,*,#13743,.T.);
#13745=ORIENTED_EDGE('',*,*,#11918,.T.);
#13746=ORIENTED_EDGE('',*,*,#13730,.F.);
#13747=EDGE_LOOP('',(#13742,#13744,#13745,#13746));
#13748=FACE_OUTER_BOUND('',#13747,.F.);
#13750=CARTESIAN_POINT('',(2.883176737326E0,1.9E1,4.654676538594E0));
#13751=DIRECTION('',(-8.526535798146E-1,0.E0,5.224766720432E-1));
#13752=DIRECTION('',(5.224766720432E-1,0.E0,8.526535798146E-1));
#13753=AXIS2_PLACEMENT_3D('',#13750,#13751,#13752);
#13754=PLANE('',#13753);
#13755=ORIENTED_EDGE('',*,*,#11181,.F.);
#13757=ORIENTED_EDGE('',*,*,#13756,.T.);
#13758=ORIENTED_EDGE('',*,*,#11920,.T.);
#13759=ORIENTED_EDGE('',*,*,#13743,.F.);
#13760=EDGE_LOOP('',(#13755,#13757,#13758,#13759));
#13761=FACE_OUTER_BOUND('',#13760,.F.);
#13763=CARTESIAN_POINT('',(2.825729930634E0,1.9E1,4.317176538594E0));
#13764=DIRECTION('',(-9.858211706631E-1,0.E0,1.677993428846E-1));
#13765=DIRECTION('',(1.677993428846E-1,0.E0,9.858211706631E-1));
#13766=AXIS2_PLACEMENT_3D('',#13763,#13764,#13765);
#13767=PLANE('',#13766);
#13768=ORIENTED_EDGE('',*,*,#11179,.F.);
#13770=ORIENTED_EDGE('',*,*,#13769,.T.);
#13771=ORIENTED_EDGE('',*,*,#11922,.T.);
#13772=ORIENTED_EDGE('',*,*,#13756,.F.);
#13773=EDGE_LOOP('',(#13768,#13770,#13771,#13772));
#13774=FACE_OUTER_BOUND('',#13773,.F.);
#13776=CARTESIAN_POINT('',(2.883176737326E0,1.9E1,3.979676538594E0));
#13777=DIRECTION('',(-9.858211706631E-1,0.E0,-1.677993428846E-1));
#13778=DIRECTION('',(-1.677993428846E-1,0.E0,9.858211706631E-1));
#13779=AXIS2_PLACEMENT_3D('',#13776,#13777,#13778);
#13780=PLANE('',#13779);
#13781=ORIENTED_EDGE('',*,*,#11177,.F.);
#13783=ORIENTED_EDGE('',*,*,#13782,.T.);
#13784=ORIENTED_EDGE('',*,*,#11924,.T.);
#13785=ORIENTED_EDGE('',*,*,#13769,.F.);
#13786=EDGE_LOOP('',(#13781,#13783,#13784,#13785));
#13787=FACE_OUTER_BOUND('',#13786,.F.);
#13789=CARTESIAN_POINT('',(3.055517157400E0,1.9E1,3.698426324017E0));
#13790=DIRECTION('',(-8.526535798146E-1,0.E0,-5.224766720432E-1));
#13791=DIRECTION('',(-5.224766720432E-1,0.E0,8.526535798146E-1));
#13792=AXIS2_PLACEMENT_3D('',#13789,#13790,#13791);
#13793=PLANE('',#13792);
#13794=ORIENTED_EDGE('',*,*,#11175,.F.);
#13796=ORIENTED_EDGE('',*,*,#13795,.T.);
#13797=ORIENTED_EDGE('',*,*,#11926,.T.);
#13798=ORIENTED_EDGE('',*,*,#13782,.F.);
#13799=EDGE_LOOP('',(#13794,#13796,#13797,#13798));
#13800=FACE_OUTER_BOUND('',#13799,.F.);
#13802=CARTESIAN_POINT('',(3.227857582504E0,1.9E1,3.529676324017E0));
#13803=DIRECTION('',(-6.996247934953E-1,0.E0,-7.145104256249E-1));
#13804=DIRECTION('',(-7.145104256249E-1,0.E0,6.996247934953E-1));
#13805=AXIS2_PLACEMENT_3D('',#13802,#13803,#13804);
#13806=PLANE('',#13805);
#13807=ORIENTED_EDGE('',*,*,#11173,.F.);
#13809=ORIENTED_EDGE('',*,*,#13808,.T.);
#13810=ORIENTED_EDGE('',*,*,#11928,.T.);
#13811=ORIENTED_EDGE('',*,*,#13795,.F.);
#13812=EDGE_LOOP('',(#13807,#13809,#13810,#13811));
#13813=FACE_OUTER_BOUND('',#13812,.F.);
#13815=CARTESIAN_POINT('',(3.457644829387E0,1.9E1,3.417176753171E0));
#13816=DIRECTION('',(-4.397120806629E-1,0.E0,-8.981387900092E-1));
#13817=DIRECTION('',(-8.981387900092E-1,0.E0,4.397120806629E-1));
#13818=AXIS2_PLACEMENT_3D('',#13815,#13816,#13817);
#13819=PLANE('',#13818);
#13820=ORIENTED_EDGE('',*,*,#11171,.F.);
#13822=ORIENTED_EDGE('',*,*,#13821,.T.);
#13823=ORIENTED_EDGE('',*,*,#11930,.T.);
#13824=ORIENTED_EDGE('',*,*,#13808,.F.);
#13825=EDGE_LOOP('',(#13820,#13822,#13823,#13824));
#13826=FACE_OUTER_BOUND('',#13825,.F.);
#13828=CARTESIAN_POINT('',(3.629985234374E0,1.9E1,3.360926324017E0));
#13829=DIRECTION('',(-3.102822043116E-1,0.E0,-9.506444938501E-1));
#13830=DIRECTION('',(-9.506444938501E-1,0.E0,3.102822043116E-1));
#13831=AXIS2_PLACEMENT_3D('',#13828,#13829,#13830);
#13832=PLANE('',#13831);
#13833=ORIENTED_EDGE('',*,*,#11169,.F.);
#13835=ORIENTED_EDGE('',*,*,#13834,.T.);
#13836=ORIENTED_EDGE('',*,*,#11932,.T.);
#13837=ORIENTED_EDGE('',*,*,#13821,.F.);
#13838=EDGE_LOOP('',(#13833,#13835,#13836,#13837));
#13839=FACE_OUTER_BOUND('',#13838,.F.);
#13841=CARTESIAN_POINT('',(3.917219323153E0,1.9E1,3.304676538594E0));
#13842=DIRECTION('',(-1.921820955228E-1,0.E0,-9.813592829135E-1));
#13843=DIRECTION('',(-9.813592829135E-1,0.E0,1.921820955228E-1));
#13844=AXIS2_PLACEMENT_3D('',#13841,#13842,#13843);
#13845=PLANE('',#13844);
#13846=ORIENTED_EDGE('',*,*,#11167,.F.);
#13847=ORIENTED_EDGE('',*,*,#13524,.T.);
#13848=ORIENTED_EDGE('',*,*,#11934,.T.);
#13849=ORIENTED_EDGE('',*,*,#13834,.F.);
#13850=EDGE_LOOP('',(#13846,#13847,#13848,#13849));
#13851=FACE_OUTER_BOUND('',#13850,.F.);
#13853=CARTESIAN_POINT('',(4.376793736452E0,1.9E1,3.585926753171E0));
#13854=DIRECTION('',(-1.610631980374E-1,0.E0,9.869440947885E-1));
#13855=DIRECTION('',(9.869440947885E-1,0.E0,1.610631980374E-1));
#13856=AXIS2_PLACEMENT_3D('',#13853,#13854,#13855);
#13857=PLANE('',#13856);
#13858=ORIENTED_EDGE('',*,*,#11393,.F.);
#13860=ORIENTED_EDGE('',*,*,#13859,.T.);
#13861=ORIENTED_EDGE('',*,*,#11938,.T.);
#13863=ORIENTED_EDGE('',*,*,#13862,.F.);
#13864=EDGE_LOOP('',(#13858,#13860,#13861,#13863));
#13865=FACE_OUTER_BOUND('',#13864,.F.);
#13867=CARTESIAN_POINT('',(3.974666124815E0,1.9E1,3.585926753171E0));
#13868=DIRECTION('',(0.E0,0.E0,1.E0));
#13869=DIRECTION('',(1.E0,0.E0,0.E0));
#13870=AXIS2_PLACEMENT_3D('',#13867,#13868,#13869);
#13871=PLANE('',#13870);
#13872=ORIENTED_EDGE('',*,*,#11427,.F.);
#13874=ORIENTED_EDGE('',*,*,#13873,.T.);
#13875=ORIENTED_EDGE('',*,*,#11940,.T.);
#13876=ORIENTED_EDGE('',*,*,#13859,.F.);
#13877=EDGE_LOOP('',(#13872,#13874,#13875,#13876));
#13878=FACE_OUTER_BOUND('',#13877,.F.);
#13880=CARTESIAN_POINT('',(3.629985234374E0,1.9E1,3.642176538594E0));
#13881=DIRECTION('',(1.610631614123E-1,0.E0,9.869441007655E-1));
#13882=DIRECTION('',(9.869441007655E-1,0.E0,-1.610631614123E-1));
#13883=AXIS2_PLACEMENT_3D('',#13880,#13881,#13882);
#13884=PLANE('',#13883);
#13885=ORIENTED_EDGE('',*,*,#11425,.F.);
#13887=ORIENTED_EDGE('',*,*,#13886,.T.);
#13888=ORIENTED_EDGE('',*,*,#11942,.T.);
#13889=ORIENTED_EDGE('',*,*,#13873,.F.);
#13890=EDGE_LOOP('',(#13885,#13887,#13888,#13889));
#13891=FACE_OUTER_BOUND('',#13890,.F.);
#13893=CARTESIAN_POINT('',(3.285304384167E0,1.9E1,3.867176324017E0));
#13894=DIRECTION('',(5.466221363492E-1,0.E0,8.373793883617E-1));
#13895=DIRECTION('',(8.373793883617E-1,0.E0,-5.466221363492E-1));
#13896=AXIS2_PLACEMENT_3D('',#13893,#13894,#13895);
#13897=PLANE('',#13896);
#13898=ORIENTED_EDGE('',*,*,#11423,.F.);
#13900=ORIENTED_EDGE('',*,*,#13899,.T.);
#13901=ORIENTED_EDGE('',*,*,#11944,.T.);
#13902=ORIENTED_EDGE('',*,*,#13886,.F.);
#13903=EDGE_LOOP('',(#13898,#13900,#13901,#13902));
#13904=FACE_OUTER_BOUND('',#13903,.F.);
#13906=CARTESIAN_POINT('',(3.170410780842E0,1.9E1,4.035926324017E0));
#13907=DIRECTION('',(8.265992787996E-1,0.E0,5.627909312417E-1));
#13908=DIRECTION('',(5.627909312417E-1,0.E0,-8.265992787996E-1));
#13909=AXIS2_PLACEMENT_3D('',#13906,#13907,#13908);
#13910=PLANE('',#13909);
#13911=ORIENTED_EDGE('',*,*,#11421,.F.);
#13913=ORIENTED_EDGE('',*,*,#13912,.T.);
#13914=ORIENTED_EDGE('',*,*,#11946,.T.);
#13915=ORIENTED_EDGE('',*,*,#13899,.F.);
#13916=EDGE_LOOP('',(#13911,#13913,#13914,#13915));
#13917=FACE_OUTER_BOUND('',#13916,.F.);
#13919=CARTESIAN_POINT('',(3.112963979179E0,1.9E1,4.317176538594E0));
#13920=DIRECTION('',(9.797707392153E-1,0.E0,2.001232084928E-1));
#13921=DIRECTION('',(2.001232084928E-1,0.E0,-9.797707392153E-1));
#13922=AXIS2_PLACEMENT_3D('',#13919,#13920,#13921);
#13923=PLANE('',#13922);
#13924=ORIENTED_EDGE('',*,*,#11419,.F.);
#13926=ORIENTED_EDGE('',*,*,#13925,.T.);
#13927=ORIENTED_EDGE('',*,*,#11948,.T.);
#13928=ORIENTED_EDGE('',*,*,#13912,.F.);
#13929=EDGE_LOOP('',(#13924,#13926,#13927,#13928));
#13930=FACE_OUTER_BOUND('',#13929,.F.);
#13932=CARTESIAN_POINT('',(3.170410780842E0,1.9E1,4.598426753171E0));
#13933=DIRECTION('',(9.797707392153E-1,0.E0,-2.001232084928E-1));
#13934=DIRECTION('',(-2.001232084928E-1,0.E0,-9.797707392153E-1));
#13935=AXIS2_PLACEMENT_3D('',#13932,#13933,#13934);
#13936=PLANE('',#13935);
#13937=ORIENTED_EDGE('',*,*,#11417,.F.);
#13939=ORIENTED_EDGE('',*,*,#13938,.T.);
#13940=ORIENTED_EDGE('',*,*,#11950,.T.);
#13941=ORIENTED_EDGE('',*,*,#13925,.F.);
#13942=EDGE_LOOP('',(#13937,#13939,#13940,#13941));
#13943=FACE_OUTER_BOUND('',#13942,.F.);
#13945=CARTESIAN_POINT('',(3.285304384167E0,1.9E1,4.767176753171E0));
#13946=DIRECTION('',(8.265992787996E-1,0.E0,-5.627909312417E-1));
#13947=DIRECTION('',(-5.627909312417E-1,0.E0,-8.265992787996E-1));
#13948=AXIS2_PLACEMENT_3D('',#13945,#13946,#13947);
#13949=PLANE('',#13948);
#13950=ORIENTED_EDGE('',*,*,#11415,.F.);
#13952=ORIENTED_EDGE('',*,*,#13951,.T.);
#13953=ORIENTED_EDGE('',*,*,#11952,.T.);
#13954=ORIENTED_EDGE('',*,*,#13938,.F.);
#13955=EDGE_LOOP('',(#13950,#13952,#13953,#13954));
#13956=FACE_OUTER_BOUND('',#13955,.F.);
#13958=CARTESIAN_POINT('',(3.629985234374E0,1.9E1,4.992176538594E0));
#13959=DIRECTION('',(5.466221363492E-1,0.E0,-8.373793883617E-1));
#13960=DIRECTION('',(-8.373793883617E-1,0.E0,-5.466221363492E-1));
#13961=AXIS2_PLACEMENT_3D('',#13958,#13959,#13960);
#13962=PLANE('',#13961);
#13963=ORIENTED_EDGE('',*,*,#11413,.F.);
#13965=ORIENTED_EDGE('',*,*,#13964,.T.);
#13966=ORIENTED_EDGE('',*,*,#11954,.T.);
#13967=ORIENTED_EDGE('',*,*,#13951,.F.);
#13968=EDGE_LOOP('',(#13963,#13965,#13966,#13967));
#13969=FACE_OUTER_BOUND('',#13968,.F.);
#13971=CARTESIAN_POINT('',(3.974666124815E0,1.9E1,5.048426324017E0));
#13972=DIRECTION('',(1.610631614123E-1,0.E0,-9.869441007655E-1));
#13973=DIRECTION('',(-9.869441007655E-1,0.E0,-1.610631614123E-1));
#13974=AXIS2_PLACEMENT_3D('',#13971,#13972,#13973);
#13975=PLANE('',#13974);
#13976=ORIENTED_EDGE('',*,*,#11411,.F.);
#13978=ORIENTED_EDGE('',*,*,#13977,.T.);
#13979=ORIENTED_EDGE('',*,*,#11956,.T.);
#13980=ORIENTED_EDGE('',*,*,#13964,.F.);
#13981=EDGE_LOOP('',(#13976,#13978,#13979,#13980));
#13982=FACE_OUTER_BOUND('',#13981,.F.);
#13984=CARTESIAN_POINT('',(4.376793736452E0,1.9E1,5.048426324017E0));
#13985=DIRECTION('',(0.E0,0.E0,-1.E0));
#13986=DIRECTION('',(-1.E0,0.E0,0.E0));
#13987=AXIS2_PLACEMENT_3D('',#13984,#13985,#13986);
#13988=PLANE('',#13987);
#13989=ORIENTED_EDGE('',*,*,#11409,.F.);
#13991=ORIENTED_EDGE('',*,*,#13990,.T.);
#13992=ORIENTED_EDGE('',*,*,#11958,.T.);
#13993=ORIENTED_EDGE('',*,*,#13977,.F.);
#13994=EDGE_LOOP('',(#13989,#13991,#13992,#13993));
#13995=FACE_OUTER_BOUND('',#13994,.F.);
#13997=CARTESIAN_POINT('',(4.721474546427E0,1.9E1,4.992176538594E0));
#13998=DIRECTION('',(-1.610631980374E-1,0.E0,-9.869440947885E-1));
#13999=DIRECTION('',(-9.869440947885E-1,0.E0,1.610631980374E-1));
#14000=AXIS2_PLACEMENT_3D('',#13997,#13998,#13999);
#14001=PLANE('',#14000);
#14002=ORIENTED_EDGE('',*,*,#11407,.F.);
#14004=ORIENTED_EDGE('',*,*,#14003,.T.);
#14005=ORIENTED_EDGE('',*,*,#11960,.T.);
#14006=ORIENTED_EDGE('',*,*,#13990,.F.);
#14007=EDGE_LOOP('',(#14002,#14004,#14005,#14006));
#14008=FACE_OUTER_BOUND('',#14007,.F.);
#14010=CARTESIAN_POINT('',(5.066155517334E0,1.9E1,4.767176753171E0));
#14011=DIRECTION('',(-5.466220021285E-1,0.E0,-8.373794759779E-1));
#14012=DIRECTION('',(-8.373794759779E-1,0.E0,5.466220021285E-1));
#14013=AXIS2_PLACEMENT_3D('',#14010,#14011,#14012);
#14014=PLANE('',#14013);
#14015=ORIENTED_EDGE('',*,*,#11405,.F.);
#14017=ORIENTED_EDGE('',*,*,#14016,.T.);
#14018=ORIENTED_EDGE('',*,*,#11962,.T.);
#14019=ORIENTED_EDGE('',*,*,#14003,.F.);
#14020=EDGE_LOOP('',(#14015,#14017,#14018,#14019));
#14021=FACE_OUTER_BOUND('',#14020,.F.);
#14023=CARTESIAN_POINT('',(5.181049120659E0,1.9E1,4.598426753171E0));
#14024=DIRECTION('',(-8.265992787996E-1,0.E0,-5.627909312417E-1));
#14025=DIRECTION('',(-5.627909312417E-1,0.E0,8.265992787996E-1));
#14026=AXIS2_PLACEMENT_3D('',#14023,#14024,#14025);
#14027=PLANE('',#14026);
#14028=ORIENTED_EDGE('',*,*,#11403,.F.);
#14030=ORIENTED_EDGE('',*,*,#14029,.T.);
#14031=ORIENTED_EDGE('',*,*,#11964,.T.);
#14032=ORIENTED_EDGE('',*,*,#14016,.F.);
#14033=EDGE_LOOP('',(#14028,#14030,#14031,#14032));
#14034=FACE_OUTER_BOUND('',#14033,.F.);
#14036=CARTESIAN_POINT('',(5.238495922322E0,1.9E1,4.317176538594E0));
#14037=DIRECTION('',(-9.797707392153E-1,0.E0,-2.001232084928E-1));
#14038=DIRECTION('',(-2.001232084928E-1,0.E0,9.797707392153E-1));
#14039=AXIS2_PLACEMENT_3D('',#14036,#14037,#14038);
#14040=PLANE('',#14039);
#14041=ORIENTED_EDGE('',*,*,#11401,.F.);
#14043=ORIENTED_EDGE('',*,*,#14042,.T.);
#14044=ORIENTED_EDGE('',*,*,#11966,.T.);
#14045=ORIENTED_EDGE('',*,*,#14029,.F.);
#14046=EDGE_LOOP('',(#14041,#14043,#14044,#14045));
#14047=FACE_OUTER_BOUND('',#14046,.F.);
#14049=CARTESIAN_POINT('',(5.181049120659E0,1.9E1,4.035926324017E0));
#14050=DIRECTION('',(-9.797707392153E-1,0.E0,2.001232084928E-1));
#14051=DIRECTION('',(2.001232084928E-1,0.E0,9.797707392153E-1));
#14052=AXIS2_PLACEMENT_3D('',#14049,#14050,#14051);
#14053=PLANE('',#14052);
#14054=ORIENTED_EDGE('',*,*,#11399,.F.);
#14056=ORIENTED_EDGE('',*,*,#14055,.T.);
#14057=ORIENTED_EDGE('',*,*,#11968,.T.);
#14058=ORIENTED_EDGE('',*,*,#14042,.F.);
#14059=EDGE_LOOP('',(#14054,#14056,#14057,#14058));
#14060=FACE_OUTER_BOUND('',#14059,.F.);
#14062=CARTESIAN_POINT('',(5.066155517334E0,1.9E1,3.867176324017E0));
#14063=DIRECTION('',(-8.265992787996E-1,0.E0,5.627909312417E-1));
#14064=DIRECTION('',(5.627909312417E-1,0.E0,8.265992787996E-1));
#14065=AXIS2_PLACEMENT_3D('',#14062,#14063,#14064);
#14066=PLANE('',#14065);
#14067=ORIENTED_EDGE('',*,*,#11397,.F.);
#14069=ORIENTED_EDGE('',*,*,#14068,.T.);
#14070=ORIENTED_EDGE('',*,*,#11970,.T.);
#14071=ORIENTED_EDGE('',*,*,#14055,.F.);
#14072=EDGE_LOOP('',(#14067,#14069,#14070,#14071));
#14073=FACE_OUTER_BOUND('',#14072,.F.);
#14075=CARTESIAN_POINT('',(4.721474546427E0,1.9E1,3.642176538594E0));
#14076=DIRECTION('',(-5.466220021285E-1,0.E0,8.373794759779E-1));
#14077=DIRECTION('',(8.373794759779E-1,0.E0,5.466220021285E-1));
#14078=AXIS2_PLACEMENT_3D('',#14075,#14076,#14077);
#14079=PLANE('',#14078);
#14080=ORIENTED_EDGE('',*,*,#11395,.F.);
#14081=ORIENTED_EDGE('',*,*,#13862,.T.);
#14082=ORIENTED_EDGE('',*,*,#11972,.T.);
#14083=ORIENTED_EDGE('',*,*,#14068,.F.);
#14084=EDGE_LOOP('',(#14080,#14081,#14082,#14083));
#14085=FACE_OUTER_BOUND('',#14084,.F.);
#14087=CARTESIAN_POINT('',(1.536600805097E-1,1.9E1,-2.376573474817E0));
#14088=DIRECTION('',(-7.938782159876E-1,0.E0,6.080767864179E-1));
#14089=DIRECTION('',(6.080767864179E-1,0.E0,7.938782159876E-1));
#14090=AXIS2_PLACEMENT_3D('',#14087,#14088,#14089);
#14091=PLANE('',#14090);
#14092=ORIENTED_EDGE('',*,*,#10867,.F.);
#14094=ORIENTED_EDGE('',*,*,#14093,.T.);
#14095=ORIENTED_EDGE('',*,*,#11994,.T.);
#14097=ORIENTED_EDGE('',*,*,#14096,.F.);
#14098=EDGE_LOOP('',(#14092,#14094,#14095,#14097));
#14099=FACE_OUTER_BOUND('',#14098,.F.);
#14101=CARTESIAN_POINT('',(1.536600805097E-1,1.9E1,-2.770323461406E0));
#14102=DIRECTION('',(-1.E0,0.E0,0.E0));
#14103=DIRECTION('',(0.E0,0.E0,1.E0));
#14104=AXIS2_PLACEMENT_3D('',#14101,#14102,#14103);
#14105=PLANE('',#14104);
#14106=ORIENTED_EDGE('',*,*,#10865,.F.);
#14108=ORIENTED_EDGE('',*,*,#14107,.T.);
#14109=ORIENTED_EDGE('',*,*,#11996,.T.);
#14110=ORIENTED_EDGE('',*,*,#14093,.F.);
#14111=EDGE_LOOP('',(#14106,#14108,#14109,#14110));
#14112=FACE_OUTER_BOUND('',#14111,.F.);
#14114=CARTESIAN_POINT('',(1.647277084666E0,1.9E1,-2.770323461406E0));
#14115=DIRECTION('',(0.E0,0.E0,-1.E0));
#14116=DIRECTION('',(-1.E0,0.E0,0.E0));
#14117=AXIS2_PLACEMENT_3D('',#14114,#14115,#14116);
#14118=PLANE('',#14117);
#14119=ORIENTED_EDGE('',*,*,#10943,.F.);
#14121=ORIENTED_EDGE('',*,*,#14120,.T.);
#14122=ORIENTED_EDGE('',*,*,#11998,.T.);
#14123=ORIENTED_EDGE('',*,*,#14107,.F.);
#14124=EDGE_LOOP('',(#14119,#14121,#14122,#14123));
#14125=FACE_OUTER_BOUND('',#14124,.F.);
#14127=CARTESIAN_POINT('',(1.647277084666E0,1.9E1,-8.578235150500E-1));
#14128=DIRECTION('',(1.E0,0.E0,0.E0));
#14129=DIRECTION('',(0.E0,0.E0,-1.E0));
#14130=AXIS2_PLACEMENT_3D('',#14127,#14128,#14129);
#14131=PLANE('',#14130);
#14132=ORIENTED_EDGE('',*,*,#10941,.F.);
#14134=ORIENTED_EDGE('',*,*,#14133,.T.);
#14135=ORIENTED_EDGE('',*,*,#12000,.T.);
#14136=ORIENTED_EDGE('',*,*,#14120,.F.);
#14137=EDGE_LOOP('',(#14132,#14134,#14135,#14136));
#14138=FACE_OUTER_BOUND('',#14137,.F.);
#14140=CARTESIAN_POINT('',(1.360043076354E0,1.9E1,-8.578235150500E-1));
#14141=DIRECTION('',(0.E0,0.E0,1.E0));
#14142=DIRECTION('',(1.E0,0.E0,0.E0));
#14143=AXIS2_PLACEMENT_3D('',#14140,#14141,#14142);
#14144=PLANE('',#14143);
#14145=ORIENTED_EDGE('',*,*,#10939,.F.);
#14147=ORIENTED_EDGE('',*,*,#14146,.T.);
#14148=ORIENTED_EDGE('',*,*,#12002,.T.);
#14149=ORIENTED_EDGE('',*,*,#14133,.F.);
#14150=EDGE_LOOP('',(#14145,#14147,#14148,#14149));
#14151=FACE_OUTER_BOUND('',#14150,.F.);
#14153=CARTESIAN_POINT('',(1.360043076354E0,1.9E1,-2.489073468111E0));
#14154=DIRECTION('',(-1.E0,0.E0,0.E0));
#14155=DIRECTION('',(0.E0,0.E0,1.E0));
#14156=AXIS2_PLACEMENT_3D('',#14153,#14154,#14155);
#14157=PLANE('',#14156);
#14158=ORIENTED_EDGE('',*,*,#10937,.F.);
#14160=ORIENTED_EDGE('',*,*,#14159,.T.);
#14161=ORIENTED_EDGE('',*,*,#12004,.T.);
#14162=ORIENTED_EDGE('',*,*,#14146,.F.);
#14163=EDGE_LOOP('',(#14158,#14160,#14161,#14162));
#14164=FACE_OUTER_BOUND('',#14163,.F.);
#14166=CARTESIAN_POINT('',(4.408940888219E-1,1.9E1,-2.489073468111E0));
#14167=DIRECTION('',(0.E0,0.E0,1.E0));
#14168=DIRECTION('',(1.E0,0.E0,0.E0));
#14169=AXIS2_PLACEMENT_3D('',#14166,#14167,#14168);
#14170=PLANE('',#14169);
#14171=ORIENTED_EDGE('',*,*,#10935,.F.);
#14173=ORIENTED_EDGE('',*,*,#14172,.T.);
#14174=ORIENTED_EDGE('',*,*,#12006,.T.);
#14175=ORIENTED_EDGE('',*,*,#14159,.F.);
#14176=EDGE_LOOP('',(#14171,#14173,#14174,#14175));
#14177=FACE_OUTER_BOUND('',#14176,.F.);
#14179=CARTESIAN_POINT('',(6.132344938092E-1,1.9E1,-2.207823474817E0));
#14180=DIRECTION('',(8.526534170609E-1,0.E0,-5.224769376483E-1));
#14181=DIRECTION('',(-5.224769376483E-1,0.E0,-8.526534170609E-1));
#14182=AXIS2_PLACEMENT_3D('',#14179,#14180,#14181);
#14183=PLANE('',#14182);
#14184=ORIENTED_EDGE('',*,*,#10933,.F.);
#14186=ORIENTED_EDGE('',*,*,#14185,.T.);
#14187=ORIENTED_EDGE('',*,*,#12008,.T.);
#14188=ORIENTED_EDGE('',*,*,#14172,.F.);
#14189=EDGE_LOOP('',(#14184,#14186,#14187,#14188));
#14190=FACE_OUTER_BOUND('',#14189,.F.);
#14192=CARTESIAN_POINT('',(6.706812954717E-1,1.9E1,-1.926573461406E0));
#14193=DIRECTION('',(9.797707111493E-1,0.E0,-2.001233458994E-1));
#14194=DIRECTION('',(-2.001233458994E-1,0.E0,-9.797707111493E-1));
#14195=AXIS2_PLACEMENT_3D('',#14192,#14193,#14194);
#14196=PLANE('',#14195);
#14197=ORIENTED_EDGE('',*,*,#10931,.F.);
#14199=ORIENTED_EDGE('',*,*,#14198,.T.);
#14200=ORIENTED_EDGE('',*,*,#12010,.T.);
#14201=ORIENTED_EDGE('',*,*,#14185,.F.);
#14202=EDGE_LOOP('',(#14197,#14199,#14200,#14201));
#14203=FACE_OUTER_BOUND('',#14202,.F.);
#14205=CARTESIAN_POINT('',(6.706812954717E-1,1.9E1,-1.589073461406E0));
#14206=DIRECTION('',(1.E0,0.E0,0.E0));
#14207=DIRECTION('',(0.E0,0.E0,-1.E0));
#14208=AXIS2_PLACEMENT_3D('',#14205,#14206,#14207);
#14209=PLANE('',#14208);
#14210=ORIENTED_EDGE('',*,*,#10929,.F.);
#14212=ORIENTED_EDGE('',*,*,#14211,.T.);
#14213=ORIENTED_EDGE('',*,*,#12012,.T.);
#14214=ORIENTED_EDGE('',*,*,#14198,.F.);
#14215=EDGE_LOOP('',(#14210,#14212,#14213,#14214));
#14216=FACE_OUTER_BOUND('',#14215,.F.);
#14218=CARTESIAN_POINT('',(6.132344938092E-1,1.9E1,-1.307823407762E0));
#14219=DIRECTION('',(9.797707167625E-1,0.E0,2.001233184181E-1));
#14220=DIRECTION('',(2.001233184181E-1,0.E0,-9.797707167625E-1));
#14221=AXIS2_PLACEMENT_3D('',#14218,#14219,#14220);
#14222=PLANE('',#14221);
#14223=ORIENTED_EDGE('',*,*,#10927,.F.);
#14225=ORIENTED_EDGE('',*,*,#14224,.T.);
#14226=ORIENTED_EDGE('',*,*,#12014,.T.);
#14227=ORIENTED_EDGE('',*,*,#14211,.F.);
#14228=EDGE_LOOP('',(#14223,#14225,#14226,#14227));
#14229=FACE_OUTER_BOUND('',#14228,.F.);
#14231=CARTESIAN_POINT('',(4.408940888219E-1,1.9E1,-1.026573515050E0));
#14232=DIRECTION('',(8.526533338197E-1,0.E0,5.224770734933E-1));
#14233=DIRECTION('',(5.224770734933E-1,0.E0,-8.526533338197E-1));
#14234=AXIS2_PLACEMENT_3D('',#14231,#14232,#14233);
#14235=PLANE('',#14234);
#14236=ORIENTED_EDGE('',*,*,#10925,.F.);
#14238=ORIENTED_EDGE('',*,*,#14237,.T.);
#14239=ORIENTED_EDGE('',*,*,#12016,.T.);
#14240=ORIENTED_EDGE('',*,*,#14224,.F.);
#14241=EDGE_LOOP('',(#14236,#14238,#14239,#14240));
#14242=FACE_OUTER_BOUND('',#14241,.F.);
#14244=CARTESIAN_POINT('',(2.111068821721E-1,1.9E1,-8.578235150500E-1));
#14245=DIRECTION('',(5.919095487496E-1,0.E0,8.060043958311E-1));
#14246=DIRECTION('',(8.060043958311E-1,0.E0,-5.919095487496E-1));
#14247=AXIS2_PLACEMENT_3D('',#14244,#14245,#14246);
#14248=PLANE('',#14247);
#14249=ORIENTED_EDGE('',*,*,#10923,.F.);
#14251=ORIENTED_EDGE('',*,*,#14250,.T.);
#14252=ORIENTED_EDGE('',*,*,#12018,.T.);
#14253=ORIENTED_EDGE('',*,*,#14237,.F.);
#14254=EDGE_LOOP('',(#14249,#14251,#14252,#14253));
#14255=FACE_OUTER_BOUND('',#14254,.F.);
#14257=CARTESIAN_POINT('',(-7.612720660636E-2,1.9E1,-7.453234614058E-1));
#14258=DIRECTION('',(3.646919981020E-1,0.E0,9.311282116446E-1));
#14259=DIRECTION('',(9.311282116446E-1,0.E0,-3.646919981020E-1));
#14260=AXIS2_PLACEMENT_3D('',#14257,#14258,#14259);
#14261=PLANE('',#14260);
#14262=ORIENTED_EDGE('',*,*,#10921,.F.);
#14264=ORIENTED_EDGE('',*,*,#14263,.T.);
#14265=ORIENTED_EDGE('',*,*,#12020,.T.);
#14266=ORIENTED_EDGE('',*,*,#14250,.F.);
#14267=EDGE_LOOP('',(#14262,#14264,#14265,#14266));
#14268=FACE_OUTER_BOUND('',#14267,.F.);
#14270=CARTESIAN_POINT('',(-3.059144132561E-1,1.9E1,-7.453234614058E-1));
#14271=DIRECTION('',(0.E0,0.E0,1.E0));
#14272=DIRECTION('',(1.E0,0.E0,0.E0));
#14273=AXIS2_PLACEMENT_3D('',#14270,#14271,#14272);
#14274=PLANE('',#14273);
#14275=ORIENTED_EDGE('',*,*,#10919,.F.);
#14277=ORIENTED_EDGE('',*,*,#14276,.T.);
#14278=ORIENTED_EDGE('',*,*,#12022,.T.);
#14279=ORIENTED_EDGE('',*,*,#14263,.F.);
#14280=EDGE_LOOP('',(#14275,#14277,#14278,#14279));
#14281=FACE_OUTER_BOUND('',#14280,.F.);
#14283=CARTESIAN_POINT('',(-5.931484618015E-1,1.9E1,-8.578235150500E-1));
#14284=DIRECTION('',(-3.646920423907E-1,0.E0,9.311281942981E-1));
#14285=DIRECTION('',(9.311281942981E-1,0.E0,3.646920423907E-1));
#14286=AXIS2_PLACEMENT_3D('',#14283,#14284,#14285);
#14287=PLANE('',#14286);
#14288=ORIENTED_EDGE('',*,*,#10917,.F.);
#14290=ORIENTED_EDGE('',*,*,#14289,.T.);
#14291=ORIENTED_EDGE('',*,*,#12024,.T.);
#14292=ORIENTED_EDGE('',*,*,#14276,.F.);
#14293=EDGE_LOOP('',(#14288,#14290,#14291,#14292));
#14294=FACE_OUTER_BOUND('',#14293,.F.);
#14296=CARTESIAN_POINT('',(-8.229356885679E-1,1.9E1,-1.026573515050E0));
#14297=DIRECTION('',(-5.919095150862E-1,0.E0,8.060044205527E-1));
#14298=DIRECTION('',(8.060044205527E-1,0.E0,5.919095150862E-1));
#14299=AXIS2_PLACEMENT_3D('',#14296,#14297,#14298);
#14300=PLANE('',#14299);
#14301=ORIENTED_EDGE('',*,*,#10915,.F.);
#14303=ORIENTED_EDGE('',*,*,#14302,.T.);
#14304=ORIENTED_EDGE('',*,*,#12026,.T.);
#14305=ORIENTED_EDGE('',*,*,#14289,.F.);
#14306=EDGE_LOOP('',(#14301,#14303,#14304,#14305));
#14307=FACE_OUTER_BOUND('',#14306,.F.);
#14309=CARTESIAN_POINT('',(-9.952761086426E-1,1.9E1,-1.307823407762E0));
#14310=DIRECTION('',(-8.526533134429E-1,0.E0,5.224771067470E-1));
#14311=DIRECTION('',(5.224771067470E-1,0.E0,8.526533134429E-1));
#14312=AXIS2_PLACEMENT_3D('',#14309,#14310,#14311);
#14313=PLANE('',#14312);
#14314=ORIENTED_EDGE('',*,*,#10913,.F.);
#14316=ORIENTED_EDGE('',*,*,#14315,.T.);
#14317=ORIENTED_EDGE('',*,*,#12028,.T.);
#14318=ORIENTED_EDGE('',*,*,#14302,.F.);
#14319=EDGE_LOOP('',(#14314,#14316,#14317,#14318));
#14320=FACE_OUTER_BOUND('',#14319,.F.);
#14322=CARTESIAN_POINT('',(-1.052722915334E0,1.9E1,-1.589073461406E0));
#14323=DIRECTION('',(-9.797707133274E-1,0.E0,2.001233352361E-1));
#14324=DIRECTION('',(2.001233352361E-1,0.E0,9.797707133274E-1));
#14325=AXIS2_PLACEMENT_3D('',#14322,#14323,#14324);
#14326=PLANE('',#14325);
#14327=ORIENTED_EDGE('',*,*,#10911,.F.);
#14329=ORIENTED_EDGE('',*,*,#14328,.T.);
#14330=ORIENTED_EDGE('',*,*,#12030,.T.);
#14331=ORIENTED_EDGE('',*,*,#14315,.F.);
#14332=EDGE_LOOP('',(#14327,#14329,#14330,#14331));
#14333=FACE_OUTER_BOUND('',#14332,.F.);
#14335=CARTESIAN_POINT('',(-1.052722915334E0,1.9E1,-1.926573461406E0));
#14336=DIRECTION('',(-1.E0,0.E0,0.E0));
#14337=DIRECTION('',(0.E0,0.E0,1.E0));
#14338=AXIS2_PLACEMENT_3D('',#14335,#14336,#14337);
#14339=PLANE('',#14338);
#14340=ORIENTED_EDGE('',*,*,#10909,.F.);
#14342=ORIENTED_EDGE('',*,*,#14341,.T.);
#14343=ORIENTED_EDGE('',*,*,#12032,.T.);
#14344=ORIENTED_EDGE('',*,*,#14328,.F.);
#14345=EDGE_LOOP('',(#14340,#14342,#14343,#14344));
#14346=FACE_OUTER_BOUND('',#14345,.F.);
#14348=CARTESIAN_POINT('',(-9.952761086426E-1,1.9E1,-2.207823474817E0));
#14349=DIRECTION('',(-9.797707077141E-1,0.E0,-2.001233627174E-1));
#14350=DIRECTION('',(-2.001233627174E-1,0.E0,9.797707077141E-1));
#14351=AXIS2_PLACEMENT_3D('',#14348,#14349,#14350);
#14352=PLANE('',#14351);
#14353=ORIENTED_EDGE('',*,*,#10907,.F.);
#14355=ORIENTED_EDGE('',*,*,#14354,.T.);
#14356=ORIENTED_EDGE('',*,*,#12034,.T.);
#14357=ORIENTED_EDGE('',*,*,#14341,.F.);
#14358=EDGE_LOOP('',(#14353,#14355,#14356,#14357));
#14359=FACE_OUTER_BOUND('',#14358,.F.);
#14361=CARTESIAN_POINT('',(-8.229356885679E-1,1.9E1,-2.489073468111E0));
#14362=DIRECTION('',(-8.526533966842E-1,0.E0,-5.224769709020E-1));
#14363=DIRECTION('',(-5.224769709020E-1,0.E0,8.526533966842E-1));
#14364=AXIS2_PLACEMENT_3D('',#14361,#14362,#14363);
#14365=PLANE('',#14364);
#14366=ORIENTED_EDGE('',*,*,#10905,.F.);
#14368=ORIENTED_EDGE('',*,*,#14367,.T.);
#14369=ORIENTED_EDGE('',*,*,#12036,.T.);
#14370=ORIENTED_EDGE('',*,*,#14354,.F.);
#14371=EDGE_LOOP('',(#14366,#14368,#14369,#14370));
#14372=FACE_OUTER_BOUND('',#14371,.F.);
#14374=CARTESIAN_POINT('',(-5.931484618015E-1,1.9E1,-2.657823458053E0));
#14375=DIRECTION('',(-5.919094921664E-1,0.E0,-8.060044373844E-1));
#14376=DIRECTION('',(-8.060044373844E-1,0.E0,5.919094921664E-1));
#14377=AXIS2_PLACEMENT_3D('',#14374,#14375,#14376);
#14378=PLANE('',#14377);
#14379=ORIENTED_EDGE('',*,*,#10903,.F.);
#14381=ORIENTED_EDGE('',*,*,#14380,.T.);
#14382=ORIENTED_EDGE('',*,*,#12038,.T.);
#14383=ORIENTED_EDGE('',*,*,#14367,.F.);
#14384=EDGE_LOOP('',(#14379,#14381,#14382,#14383));
#14385=FACE_OUTER_BOUND('',#14384,.F.);
#14387=CARTESIAN_POINT('',(-3.633612149186E-1,1.9E1,-2.770323461406E0));
#14388=DIRECTION('',(-4.397134442921E-1,0.E0,-8.981381224003E-1));
#14389=DIRECTION('',(-8.981381224003E-1,0.E0,4.397134442921E-1));
#14390=AXIS2_PLACEMENT_3D('',#14387,#14388,#14389);
#14391=PLANE('',#14390);
#14392=ORIENTED_EDGE('',*,*,#10901,.F.);
#14394=ORIENTED_EDGE('',*,*,#14393,.T.);
#14395=ORIENTED_EDGE('',*,*,#12040,.T.);
#14396=ORIENTED_EDGE('',*,*,#14380,.F.);
#14397=EDGE_LOOP('',(#14392,#14394,#14395,#14396));
#14398=FACE_OUTER_BOUND('',#14397,.F.);
#14400=CARTESIAN_POINT('',(-3.633612149186E-1,1.9E1,-2.432823461406E0));
#14401=DIRECTION('',(1.E0,0.E0,0.E0));
#14402=DIRECTION('',(0.E0,0.E0,-1.E0));
#14403=AXIS2_PLACEMENT_3D('',#14400,#14401,#14402);
#14404=PLANE('',#14403);
#14405=ORIENTED_EDGE('',*,*,#10899,.F.);
#14407=ORIENTED_EDGE('',*,*,#14406,.T.);
#14408=ORIENTED_EDGE('',*,*,#12042,.T.);
#14409=ORIENTED_EDGE('',*,*,#14393,.F.);
#14410=EDGE_LOOP('',(#14405,#14407,#14408,#14409));
#14411=FACE_OUTER_BOUND('',#14410,.F.);
#14413=CARTESIAN_POINT('',(-5.931484618015E-1,1.9E1,-2.320323447995E0));
#14414=DIRECTION('',(4.397134760043E-1,0.E0,8.981381068745E-1));
#14415=DIRECTION('',(8.981381068745E-1,0.E0,-4.397134760043E-1));
#14416=AXIS2_PLACEMENT_3D('',#14413,#14414,#14415);
#14417=PLANE('',#14416);
#14418=ORIENTED_EDGE('',*,*,#10897,.F.);
#14420=ORIENTED_EDGE('',*,*,#14419,.T.);
#14421=ORIENTED_EDGE('',*,*,#12044,.T.);
#14422=ORIENTED_EDGE('',*,*,#14406,.F.);
#14423=EDGE_LOOP('',(#14418,#14420,#14421,#14422));
#14424=FACE_OUTER_BOUND('',#14423,.F.);
#14426=CARTESIAN_POINT('',(-7.080420651264E-1,1.9E1,-2.151573447995E0));
#14427=DIRECTION('',(8.265992787996E-1,0.E0,5.627909312417E-1));
#14428=DIRECTION('',(5.627909312417E-1,0.E0,-8.265992787996E-1));
#14429=AXIS2_PLACEMENT_3D('',#14426,#14427,#14428);
#14430=PLANE('',#14429);
#14431=ORIENTED_EDGE('',*,*,#10895,.F.);
#14433=ORIENTED_EDGE('',*,*,#14432,.T.);
#14434=ORIENTED_EDGE('',*,*,#12046,.T.);
#14435=ORIENTED_EDGE('',*,*,#14419,.F.);
#14436=EDGE_LOOP('',(#14431,#14433,#14434,#14435));
#14437=FACE_OUTER_BOUND('',#14436,.F.);
#14439=CARTESIAN_POINT('',(-7.654888667888E-1,1.9E1,-1.926573461406E0));
#14440=DIRECTION('',(9.689177141588E-1,0.E0,2.473832314230E-1));
#14441=DIRECTION('',(2.473832314230E-1,0.E0,-9.689177141588E-1));
#14442=AXIS2_PLACEMENT_3D('',#14439,#14440,#14441);
#14443=PLANE('',#14442);
#14444=ORIENTED_EDGE('',*,*,#10893,.F.);
#14446=ORIENTED_EDGE('',*,*,#14445,.T.);
#14447=ORIENTED_EDGE('',*,*,#12048,.T.);
#14448=ORIENTED_EDGE('',*,*,#14432,.F.);
#14449=EDGE_LOOP('',(#14444,#14446,#14447,#14448));
#14450=FACE_OUTER_BOUND('',#14449,.F.);
#14452=CARTESIAN_POINT('',(-7.654888667888E-1,1.9E1,-1.589073461406E0));
#14453=DIRECTION('',(1.E0,0.E0,0.E0));
#14454=DIRECTION('',(0.E0,0.E0,-1.E0));
#14455=AXIS2_PLACEMENT_3D('',#14452,#14453,#14454);
#14456=PLANE('',#14455);
#14457=ORIENTED_EDGE('',*,*,#10891,.F.);
#14459=ORIENTED_EDGE('',*,*,#14458,.T.);
#14460=ORIENTED_EDGE('',*,*,#12050,.T.);
#14461=ORIENTED_EDGE('',*,*,#14445,.F.);
#14462=EDGE_LOOP('',(#14457,#14459,#14460,#14461));
#14463=FACE_OUTER_BOUND('',#14462,.F.);
#14465=CARTESIAN_POINT('',(-7.080420651264E-1,1.9E1,-1.364073515050E0));
#14466=DIRECTION('',(9.689177035558E-1,0.E0,-2.473832729514E-1));
#14467=DIRECTION('',(-2.473832729514E-1,0.E0,-9.689177035558E-1));
#14468=AXIS2_PLACEMENT_3D('',#14465,#14466,#14467);
#14469=PLANE('',#14468);
#14470=ORIENTED_EDGE('',*,*,#10889,.F.);
#14472=ORIENTED_EDGE('',*,*,#14471,.T.);
#14473=ORIENTED_EDGE('',*,*,#12052,.T.);
#14474=ORIENTED_EDGE('',*,*,#14458,.F.);
#14475=EDGE_LOOP('',(#14470,#14472,#14473,#14474));
#14476=FACE_OUTER_BOUND('',#14475,.F.);
#14478=CARTESIAN_POINT('',(-5.931484618015E-1,1.9E1,-1.195323515050E0));
#14479=DIRECTION('',(8.265992787996E-1,0.E0,-5.627909312417E-1));
#14480=DIRECTION('',(-5.627909312417E-1,0.E0,-8.265992787996E-1));
#14481=AXIS2_PLACEMENT_3D('',#14478,#14479,#14480);
#14482=PLANE('',#14481);
#14483=ORIENTED_EDGE('',*,*,#10887,.F.);
#14485=ORIENTED_EDGE('',*,*,#14484,.T.);
#14486=ORIENTED_EDGE('',*,*,#12054,.T.);
#14487=ORIENTED_EDGE('',*,*,#14471,.F.);
#14488=EDGE_LOOP('',(#14483,#14485,#14486,#14487));
#14489=FACE_OUTER_BOUND('',#14488,.F.);
#14491=CARTESIAN_POINT('',(-4.208080165810E-1,1.9E1,-1.082823461406E0));
#14492=DIRECTION('',(5.466226399153E-1,0.E0,-8.373790596451E-1));
#14493=DIRECTION('',(-8.373790596451E-1,0.E0,-5.466226399153E-1));
#14494=AXIS2_PLACEMENT_3D('',#14491,#14492,#14493);
#14495=PLANE('',#14494);
#14496=ORIENTED_EDGE('',*,*,#10885,.F.);
#14498=ORIENTED_EDGE('',*,*,#14497,.T.);
#14499=ORIENTED_EDGE('',*,*,#12056,.T.);
#14500=ORIENTED_EDGE('',*,*,#14484,.F.);
#14501=EDGE_LOOP('',(#14496,#14498,#14499,#14500));
#14502=FACE_OUTER_BOUND('',#14501,.F.);
#14504=CARTESIAN_POINT('',(-2.484676115937E-1,1.9E1,-1.026573515050E0));
#14505=DIRECTION('',(3.102797975506E-1,0.E0,-9.506452793929E-1));
#14506=DIRECTION('',(-9.506452793929E-1,0.E0,-3.102797975506E-1));
#14507=AXIS2_PLACEMENT_3D('',#14504,#14505,#14506);
#14508=PLANE('',#14507);
#14509=ORIENTED_EDGE('',*,*,#10883,.F.);
#14511=ORIENTED_EDGE('',*,*,#14510,.T.);
#14512=ORIENTED_EDGE('',*,*,#12058,.T.);
#14513=ORIENTED_EDGE('',*,*,#14497,.F.);
#14514=EDGE_LOOP('',(#14509,#14511,#14512,#14513));
#14515=FACE_OUTER_BOUND('',#14514,.F.);
#14517=CARTESIAN_POINT('',(-1.335740082688E-1,1.9E1,-1.026573515050E0));
#14518=DIRECTION('',(0.E0,0.E0,-1.E0));
#14519=DIRECTION('',(-1.E0,0.E0,0.E0));
#14520=AXIS2_PLACEMENT_3D('',#14517,#14518,#14519);
#14521=PLANE('',#14520);
#14522=ORIENTED_EDGE('',*,*,#10881,.F.);
#14524=ORIENTED_EDGE('',*,*,#14523,.T.);
#14525=ORIENTED_EDGE('',*,*,#12060,.T.);
#14526=ORIENTED_EDGE('',*,*,#14510,.F.);
#14527=EDGE_LOOP('',(#14522,#14524,#14525,#14526));
#14528=FACE_OUTER_BOUND('',#14527,.F.);
#14530=CARTESIAN_POINT('',(3.876647718480E-2,1.9E1,-1.082823461406E0));
#14531=DIRECTION('',(-3.102796666273E-1,0.E0,-9.506453221247E-1));
#14532=DIRECTION('',(-9.506453221247E-1,0.E0,3.102796666273E-1));
#14533=AXIS2_PLACEMENT_3D('',#14530,#14531,#14532);
#14534=PLANE('',#14533);
#14535=ORIENTED_EDGE('',*,*,#10879,.F.);
#14537=ORIENTED_EDGE('',*,*,#14536,.T.);
#14538=ORIENTED_EDGE('',*,*,#12062,.T.);
#14539=ORIENTED_EDGE('',*,*,#14523,.F.);
#14540=EDGE_LOOP('',(#14535,#14537,#14538,#14539));
#14541=FACE_OUTER_BOUND('',#14540,.F.);
#14543=CARTESIAN_POINT('',(2.111068821721E-1,1.9E1,-1.195323515050E0));
#14544=DIRECTION('',(-5.466227293958E-1,0.E0,-8.373790012342E-1));
#14545=DIRECTION('',(-8.373790012342E-1,0.E0,5.466227293958E-1));
#14546=AXIS2_PLACEMENT_3D('',#14543,#14544,#14545);
#14547=PLANE('',#14546);
#14548=ORIENTED_EDGE('',*,*,#10877,.F.);
#14550=ORIENTED_EDGE('',*,*,#14549,.T.);
#14551=ORIENTED_EDGE('',*,*,#12064,.T.);
#14552=ORIENTED_EDGE('',*,*,#14536,.F.);
#14553=EDGE_LOOP('',(#14548,#14550,#14551,#14552));
#14554=FACE_OUTER_BOUND('',#14553,.F.);
#14556=CARTESIAN_POINT('',(3.260004854970E-1,1.9E1,-1.364073515050E0));
#14557=DIRECTION('',(-8.265992787996E-1,0.E0,-5.627909312417E-1));
#14558=DIRECTION('',(-5.627909312417E-1,0.E0,8.265992787996E-1));
#14559=AXIS2_PLACEMENT_3D('',#14556,#14557,#14558);
#14560=PLANE('',#14559);
#14561=ORIENTED_EDGE('',*,*,#10875,.F.);
#14563=ORIENTED_EDGE('',*,*,#14562,.T.);
#14564=ORIENTED_EDGE('',*,*,#12066,.T.);
#14565=ORIENTED_EDGE('',*,*,#14549,.F.);
#14566=EDGE_LOOP('',(#14561,#14563,#14564,#14565));
#14567=FACE_OUTER_BOUND('',#14566,.F.);
#14569=CARTESIAN_POINT('',(3.834472871595E-1,1.9E1,-1.589073461406E0));
#14570=DIRECTION('',(-9.689177035558E-1,0.E0,-2.473832729514E-1));
#14571=DIRECTION('',(-2.473832729514E-1,0.E0,9.689177035558E-1));
#14572=AXIS2_PLACEMENT_3D('',#14569,#14570,#14571);
#14573=PLANE('',#14572);
#14574=ORIENTED_EDGE('',*,*,#10873,.F.);
#14576=ORIENTED_EDGE('',*,*,#14575,.T.);
#14577=ORIENTED_EDGE('',*,*,#12068,.T.);
#14578=ORIENTED_EDGE('',*,*,#14562,.F.);
#14579=EDGE_LOOP('',(#14574,#14576,#14577,#14578));
#14580=FACE_OUTER_BOUND('',#14579,.F.);
#14582=CARTESIAN_POINT('',(3.834472871595E-1,1.9E1,-1.926573461406E0));
#14583=DIRECTION('',(-1.E0,0.E0,0.E0));
#14584=DIRECTION('',(0.E0,0.E0,1.E0));
#14585=AXIS2_PLACEMENT_3D('',#14582,#14583,#14584);
#14586=PLANE('',#14585);
#14587=ORIENTED_EDGE('',*,*,#10871,.F.);
#14589=ORIENTED_EDGE('',*,*,#14588,.T.);
#14590=ORIENTED_EDGE('',*,*,#12070,.T.);
#14591=ORIENTED_EDGE('',*,*,#14575,.F.);
#14592=EDGE_LOOP('',(#14587,#14589,#14590,#14591));
#14593=FACE_OUTER_BOUND('',#14592,.F.);
#14595=CARTESIAN_POINT('',(3.260004854970E-1,1.9E1,-2.151573447995E0));
#14596=DIRECTION('',(-9.689177141588E-1,0.E0,2.473832314230E-1));
#14597=DIRECTION('',(2.473832314230E-1,0.E0,9.689177141588E-1));
#14598=AXIS2_PLACEMENT_3D('',#14595,#14596,#14597);
#14599=PLANE('',#14598);
#14600=ORIENTED_EDGE('',*,*,#10869,.F.);
#14601=ORIENTED_EDGE('',*,*,#14096,.T.);
#14602=ORIENTED_EDGE('',*,*,#12072,.T.);
#14603=ORIENTED_EDGE('',*,*,#14588,.F.);
#14604=EDGE_LOOP('',(#14600,#14601,#14602,#14603));
#14605=FACE_OUTER_BOUND('',#14604,.F.);
#14607=CARTESIAN_POINT('',(5.557876921468E-1,1.9E1,-2.953234077616E-1));
#14608=DIRECTION('',(0.E0,0.E0,-1.E0));
#14609=DIRECTION('',(-1.E0,0.E0,0.E0));
#14610=AXIS2_PLACEMENT_3D('',#14607,#14608,#14609);
#14611=PLANE('',#14610);
#14612=ORIENTED_EDGE('',*,*,#10947,.F.);
#14614=ORIENTED_EDGE('',*,*,#14613,.T.);
#14615=ORIENTED_EDGE('',*,*,#12094,.T.);
#14617=ORIENTED_EDGE('',*,*,#14616,.F.);
#14618=EDGE_LOOP('',(#14612,#14614,#14615,#14617));
#14619=FACE_OUTER_BOUND('',#14618,.F.);
#14621=CARTESIAN_POINT('',(8.430217004590E-1,1.9E1,-2.390734614058E-1));
#14622=DIRECTION('',(1.921826769043E-1,0.E0,-9.813591690599E-1));
#14623=DIRECTION('',(-9.813591690599E-1,0.E0,-1.921826769043E-1));
#14624=AXIS2_PLACEMENT_3D('',#14621,#14622,#14623);
#14625=PLANE('',#14624);
#14626=ORIENTED_EDGE('',*,*,#10997,.F.);
#14628=ORIENTED_EDGE('',*,*,#14627,.T.);
#14629=ORIENTED_EDGE('',*,*,#12096,.T.);
#14630=ORIENTED_EDGE('',*,*,#14613,.F.);
#14631=EDGE_LOOP('',(#14626,#14628,#14629,#14630));
#14632=FACE_OUTER_BOUND('',#14631,.F.);
#14634=CARTESIAN_POINT('',(1.015362266379E0,1.9E1,-1.828235150500E-1));
#14635=DIRECTION('',(3.102795357040E-1,0.E0,-9.506453648566E-1));
#14636=DIRECTION('',(-9.506453648566E-1,0.E0,-3.102795357040E-1));
#14637=AXIS2_PLACEMENT_3D('',#14634,#14635,#14636);
#14638=PLANE('',#14637);
#14639=ORIENTED_EDGE('',*,*,#10995,.F.);
#14641=ORIENTED_EDGE('',*,*,#14640,.T.);
#14642=ORIENTED_EDGE('',*,*,#12098,.T.);
#14643=ORIENTED_EDGE('',*,*,#14627,.F.);
#14644=EDGE_LOOP('',(#14639,#14641,#14642,#14643));
#14645=FACE_OUTER_BOUND('',#14644,.F.);
#14647=CARTESIAN_POINT('',(1.245149473029E0,1.9E1,-7.032346140580E-2));
#14648=DIRECTION('',(4.397136649566E-1,0.E0,-8.981380143666E-1));
#14649=DIRECTION('',(-8.981380143666E-1,0.E0,-4.397136649566E-1));
#14650=AXIS2_PLACEMENT_3D('',#14647,#14648,#14649);
#14651=PLANE('',#14650);
#14652=ORIENTED_EDGE('',*,*,#10993,.F.);
#14654=ORIENTED_EDGE('',*,*,#14653,.T.);
#14655=ORIENTED_EDGE('',*,*,#12100,.T.);
#14656=ORIENTED_EDGE('',*,*,#14640,.F.);
#14657=EDGE_LOOP('',(#14652,#14654,#14655,#14656));
#14658=FACE_OUTER_BOUND('',#14657,.F.);
#14660=CARTESIAN_POINT('',(1.417489878016E0,1.9E1,9.842653859420E-2));
#14661=DIRECTION('',(6.996248351869E-1,0.E0,-7.145103848018E-1));
#14662=DIRECTION('',(-7.145103848018E-1,0.E0,-6.996248351869E-1));
#14663=AXIS2_PLACEMENT_3D('',#14660,#14661,#14662);
#14664=PLANE('',#14663);
#14665=ORIENTED_EDGE('',*,*,#10991,.F.);
#14667=ORIENTED_EDGE('',*,*,#14666,.T.);
#14668=ORIENTED_EDGE('',*,*,#12102,.T.);
#14669=ORIENTED_EDGE('',*,*,#14653,.F.);
#14670=EDGE_LOOP('',(#14665,#14667,#14668,#14669));
#14671=FACE_OUTER_BOUND('',#14670,.F.);
#14673=CARTESIAN_POINT('',(1.589830283003E0,1.9E1,3.796764313058E-1));
#14674=DIRECTION('',(8.526533338197E-1,0.E0,-5.224770734933E-1));
#14675=DIRECTION('',(-5.224770734933E-1,0.E0,-8.526533338197E-1));
#14676=AXIS2_PLACEMENT_3D('',#14673,#14674,#14675);
#14677=PLANE('',#14676);
#14678=ORIENTED_EDGE('',*,*,#10989,.F.);
#14680=ORIENTED_EDGE('',*,*,#14679,.T.);
#14681=ORIENTED_EDGE('',*,*,#12104,.T.);
#14682=ORIENTED_EDGE('',*,*,#14666,.F.);
#14683=EDGE_LOOP('',(#14678,#14680,#14681,#14682));
#14684=FACE_OUTER_BOUND('',#14683,.F.);
#14686=CARTESIAN_POINT('',(1.647277084666E0,1.9E1,7.171764313058E-1));
#14687=DIRECTION('',(9.858211730931E-1,0.E0,-1.677993286083E-1));
#14688=DIRECTION('',(-1.677993286083E-1,0.E0,-9.858211730931E-1));
#14689=AXIS2_PLACEMENT_3D('',#14686,#14687,#14688);
#14690=PLANE('',#14689);
#14691=ORIENTED_EDGE('',*,*,#10987,.F.);
#14693=ORIENTED_EDGE('',*,*,#14692,.T.);
#14694=ORIENTED_EDGE('',*,*,#12106,.T.);
#14695=ORIENTED_EDGE('',*,*,#14679,.F.);
#14696=EDGE_LOOP('',(#14691,#14693,#14694,#14695));
#14697=FACE_OUTER_BOUND('',#14696,.F.);
#14699=CARTESIAN_POINT('',(1.589830283003E0,1.9E1,1.054676431306E0));
#14700=DIRECTION('',(9.858211730931E-1,0.E0,1.677993286083E-1));
#14701=DIRECTION('',(1.677993286083E-1,0.E0,-9.858211730931E-1));
#14702=AXIS2_PLACEMENT_3D('',#14699,#14700,#14701);
#14703=PLANE('',#14702);
#14704=ORIENTED_EDGE('',*,*,#10985,.F.);
#14706=ORIENTED_EDGE('',*,*,#14705,.T.);
#14707=ORIENTED_EDGE('',*,*,#12108,.T.);
#14708=ORIENTED_EDGE('',*,*,#14692,.F.);
#14709=EDGE_LOOP('',(#14704,#14706,#14707,#14708));
#14710=FACE_OUTER_BOUND('',#14709,.F.);
#14712=CARTESIAN_POINT('',(1.417489878016E0,1.9E1,1.335926645883E0));
#14713=DIRECTION('',(8.526536001913E-1,0.E0,5.224766387895E-1));
#14714=DIRECTION('',(5.224766387895E-1,0.E0,-8.526536001913E-1));
#14715=AXIS2_PLACEMENT_3D('',#14712,#14713,#14714);
#14716=PLANE('',#14715);
#14717=ORIENTED_EDGE('',*,*,#10983,.F.);
#14719=ORIENTED_EDGE('',*,*,#14718,.T.);
#14720=ORIENTED_EDGE('',*,*,#12110,.T.);
#14721=ORIENTED_EDGE('',*,*,#14705,.F.);
#14722=EDGE_LOOP('',(#14717,#14719,#14720,#14721));
#14723=FACE_OUTER_BOUND('',#14722,.F.);
#14725=CARTESIAN_POINT('',(1.245149473029E0,1.9E1,1.504676645883E0));
#14726=DIRECTION('',(6.996248351869E-1,0.E0,7.145103848018E-1));
#14727=DIRECTION('',(7.145103848018E-1,0.E0,-6.996248351869E-1));
#14728=AXIS2_PLACEMENT_3D('',#14725,#14726,#14727);
#14729=PLANE('',#14728);
#14730=ORIENTED_EDGE('',*,*,#10981,.F.);
#14732=ORIENTED_EDGE('',*,*,#14731,.T.);
#14733=ORIENTED_EDGE('',*,*,#12112,.T.);
#14734=ORIENTED_EDGE('',*,*,#14718,.F.);
#14735=EDGE_LOOP('',(#14730,#14732,#14733,#14734));
#14736=FACE_OUTER_BOUND('',#14735,.F.);
#14738=CARTESIAN_POINT('',(1.015362266379E0,1.9E1,1.617176538594E0));
#14739=DIRECTION('',(4.397131575602E-1,0.E0,8.981382627794E-1));
#14740=DIRECTION('',(8.981382627794E-1,0.E0,-4.397131575602E-1));
#14741=AXIS2_PLACEMENT_3D('',#14738,#14739,#14740);
#14742=PLANE('',#14741);
#14743=ORIENTED_EDGE('',*,*,#10979,.F.);
#14745=ORIENTED_EDGE('',*,*,#14744,.T.);
#14746=ORIENTED_EDGE('',*,*,#12114,.T.);
#14747=ORIENTED_EDGE('',*,*,#14731,.F.);
#14748=EDGE_LOOP('',(#14743,#14745,#14746,#14747));
#14749=FACE_OUTER_BOUND('',#14748,.F.);
#14751=CARTESIAN_POINT('',(8.430217004590E-1,1.9E1,1.673426645883E0));
#14752=DIRECTION('',(3.102803379578E-1,0.E0,9.506451030099E-1));
#14753=DIRECTION('',(9.506451030099E-1,0.E0,-3.102803379578E-1));
#14754=AXIS2_PLACEMENT_3D('',#14751,#14752,#14753);
#14755=PLANE('',#14754);
#14756=ORIENTED_EDGE('',*,*,#10977,.F.);
#14758=ORIENTED_EDGE('',*,*,#14757,.T.);
#14759=ORIENTED_EDGE('',*,*,#12116,.T.);
#14760=ORIENTED_EDGE('',*,*,#14744,.F.);
#14761=EDGE_LOOP('',(#14756,#14758,#14759,#14760));
#14762=FACE_OUTER_BOUND('',#14761,.F.);
#14764=CARTESIAN_POINT('',(5.557876921468E-1,1.9E1,1.729676431306E0));
#14765=DIRECTION('',(1.921821473726E-1,0.E0,9.813592727596E-1));
#14766=DIRECTION('',(9.813592727596E-1,0.E0,-1.921821473726E-1));
#14767=AXIS2_PLACEMENT_3D('',#14764,#14765,#14766);
#14768=PLANE('',#14767);
#14769=ORIENTED_EDGE('',*,*,#10975,.F.);
#14771=ORIENTED_EDGE('',*,*,#14770,.T.);
#14772=ORIENTED_EDGE('',*,*,#12118,.T.);
#14773=ORIENTED_EDGE('',*,*,#14757,.F.);
#14774=EDGE_LOOP('',(#14769,#14771,#14772,#14773));
#14775=FACE_OUTER_BOUND('',#14774,.F.);
#14777=CARTESIAN_POINT('',(3.876647718480E-2,1.9E1,1.729676431306E0));
#14778=DIRECTION('',(0.E0,0.E0,1.E0));
#14779=DIRECTION('',(1.E0,0.E0,0.E0));
#14780=AXIS2_PLACEMENT_3D('',#14777,#14778,#14779);
#14781=PLANE('',#14780);
#14782=ORIENTED_EDGE('',*,*,#10973,.F.);
#14784=ORIENTED_EDGE('',*,*,#14783,.T.);
#14785=ORIENTED_EDGE('',*,*,#12120,.T.);
#14786=ORIENTED_EDGE('',*,*,#14770,.F.);
#14787=EDGE_LOOP('',(#14782,#14784,#14785,#14786));
#14788=FACE_OUTER_BOUND('',#14787,.F.);
#14790=CARTESIAN_POINT('',(-2.484676115937E-1,1.9E1,1.673426645883E0));
#14791=DIRECTION('',(-1.921820955228E-1,0.E0,9.813592829135E-1));
#14792=DIRECTION('',(9.813592829135E-1,0.E0,1.921820955228E-1));
#14793=AXIS2_PLACEMENT_3D('',#14790,#14791,#14792);
#14794=PLANE('',#14793);
#14795=ORIENTED_EDGE('',*,*,#10971,.F.);
#14797=ORIENTED_EDGE('',*,*,#14796,.T.);
#14798=ORIENTED_EDGE('',*,*,#12122,.T.);
#14799=ORIENTED_EDGE('',*,*,#14783,.F.);
#14800=EDGE_LOOP('',(#14795,#14797,#14798,#14799));
#14801=FACE_OUTER_BOUND('',#14800,.F.);
#14803=CARTESIAN_POINT('',(-4.208080165810E-1,1.9E1,1.617176538594E0));
#14804=DIRECTION('',(-3.102805998049E-1,0.E0,9.506450175458E-1));
#14805=DIRECTION('',(9.506450175458E-1,0.E0,3.102805998049E-1));
#14806=AXIS2_PLACEMENT_3D('',#14803,#14804,#14805);
#14807=PLANE('',#14806);
#14808=ORIENTED_EDGE('',*,*,#10969,.F.);
#14810=ORIENTED_EDGE('',*,*,#14809,.T.);
#14811=ORIENTED_EDGE('',*,*,#12124,.T.);
#14812=ORIENTED_EDGE('',*,*,#14796,.F.);
#14813=EDGE_LOOP('',(#14808,#14810,#14811,#14812));
#14814=FACE_OUTER_BOUND('',#14813,.F.);
#14816=CARTESIAN_POINT('',(-6.505952634639E-1,1.9E1,1.504676645883E0));
#14817=DIRECTION('',(-4.397130954570E-1,0.E0,8.981382931841E-1));
#14818=DIRECTION('',(8.981382931841E-1,0.E0,4.397130954570E-1));
#14819=AXIS2_PLACEMENT_3D('',#14816,#14817,#14818);
#14820=PLANE('',#14819);
#14821=ORIENTED_EDGE('',*,*,#10967,.F.);
#14823=ORIENTED_EDGE('',*,*,#14822,.T.);
#14824=ORIENTED_EDGE('',*,*,#12126,.T.);
#14825=ORIENTED_EDGE('',*,*,#14809,.F.);
#14826=EDGE_LOOP('',(#14821,#14823,#14824,#14825));
#14827=FACE_OUTER_BOUND('',#14826,.F.);
#14829=CARTESIAN_POINT('',(-8.229356885679E-1,1.9E1,1.335926645883E0));
#14830=DIRECTION('',(-6.996247934953E-1,0.E0,7.145104256249E-1));
#14831=DIRECTION('',(7.145104256249E-1,0.E0,6.996247934953E-1));
#14832=AXIS2_PLACEMENT_3D('',#14829,#14830,#14831);
#14833=PLANE('',#14832);
#14834=ORIENTED_EDGE('',*,*,#10965,.F.);
#14836=ORIENTED_EDGE('',*,*,#14835,.T.);
#14837=ORIENTED_EDGE('',*,*,#12128,.T.);
#14838=ORIENTED_EDGE('',*,*,#14822,.F.);
#14839=EDGE_LOOP('',(#14834,#14836,#14837,#14838));
#14840=FACE_OUTER_BOUND('',#14839,.F.);
#14842=CARTESIAN_POINT('',(-9.952761086426E-1,1.9E1,1.054676431306E0));
#14843=DIRECTION('',(-8.526535798146E-1,0.E0,5.224766720432E-1));
#14844=DIRECTION('',(5.224766720432E-1,0.E0,8.526535798146E-1));
#14845=AXIS2_PLACEMENT_3D('',#14842,#14843,#14844);
#14846=PLANE('',#14845);
#14847=ORIENTED_EDGE('',*,*,#10963,.F.);
#14849=ORIENTED_EDGE('',*,*,#14848,.T.);
#14850=ORIENTED_EDGE('',*,*,#12130,.T.);
#14851=ORIENTED_EDGE('',*,*,#14835,.F.);
#14852=EDGE_LOOP('',(#14847,#14849,#14850,#14851));
#14853=FACE_OUTER_BOUND('',#14852,.F.);
#14855=CARTESIAN_POINT('',(-1.052722915334E0,1.9E1,7.171764313058E-1));
#14856=DIRECTION('',(-9.858211706631E-1,0.E0,1.677993428846E-1));
#14857=DIRECTION('',(1.677993428846E-1,0.E0,9.858211706631E-1));
#14858=AXIS2_PLACEMENT_3D('',#14855,#14856,#14857);
#14859=PLANE('',#14858);
#14860=ORIENTED_EDGE('',*,*,#10961,.F.);
#14862=ORIENTED_EDGE('',*,*,#14861,.T.);
#14863=ORIENTED_EDGE('',*,*,#12132,.T.);
#14864=ORIENTED_EDGE('',*,*,#14848,.F.);
#14865=EDGE_LOOP('',(#14860,#14862,#14863,#14864));
#14866=FACE_OUTER_BOUND('',#14865,.F.);
#14868=CARTESIAN_POINT('',(-9.952761086426E-1,1.9E1,3.796764313058E-1));
#14869=DIRECTION('',(-9.858211706631E-1,0.E0,-1.677993428846E-1));
#14870=DIRECTION('',(-1.677993428846E-1,0.E0,9.858211706631E-1));
#14871=AXIS2_PLACEMENT_3D('',#14868,#14869,#14870);
#14872=PLANE('',#14871);
#14873=ORIENTED_EDGE('',*,*,#10959,.F.);
#14875=ORIENTED_EDGE('',*,*,#14874,.T.);
#14876=ORIENTED_EDGE('',*,*,#12134,.T.);
#14877=ORIENTED_EDGE('',*,*,#14861,.F.);
#14878=EDGE_LOOP('',(#14873,#14875,#14876,#14877));
#14879=FACE_OUTER_BOUND('',#14878,.F.);
#14881=CARTESIAN_POINT('',(-8.229356885679E-1,1.9E1,9.842653859420E-2));
#14882=DIRECTION('',(-8.526533134429E-1,0.E0,-5.224771067470E-1));
#14883=DIRECTION('',(-5.224771067470E-1,0.E0,8.526533134429E-1));
#14884=AXIS2_PLACEMENT_3D('',#14881,#14882,#14883);
#14885=PLANE('',#14884);
#14886=ORIENTED_EDGE('',*,*,#10957,.F.);
#14888=ORIENTED_EDGE('',*,*,#14887,.T.);
#14889=ORIENTED_EDGE('',*,*,#12136,.T.);
#14890=ORIENTED_EDGE('',*,*,#14874,.F.);
#14891=EDGE_LOOP('',(#14886,#14888,#14889,#14890));
#14892=FACE_OUTER_BOUND('',#14891,.F.);
#14894=CARTESIAN_POINT('',(-6.505952634639E-1,1.9E1,-7.032346140580E-2));
#14895=DIRECTION('',(-6.996247934953E-1,0.E0,-7.145104256249E-1));
#14896=DIRECTION('',(-7.145104256249E-1,0.E0,6.996247934953E-1));
#14897=AXIS2_PLACEMENT_3D('',#14894,#14895,#14896);
#14898=PLANE('',#14897);
#14899=ORIENTED_EDGE('',*,*,#10955,.F.);
#14901=ORIENTED_EDGE('',*,*,#14900,.T.);
#14902=ORIENTED_EDGE('',*,*,#12138,.T.);
#14903=ORIENTED_EDGE('',*,*,#14887,.F.);
#14904=EDGE_LOOP('',(#14899,#14901,#14902,#14903));
#14905=FACE_OUTER_BOUND('',#14904,.F.);
#14907=CARTESIAN_POINT('',(-4.208080165810E-1,1.9E1,-1.828235150500E-1));
#14908=DIRECTION('',(-4.397136028534E-1,0.E0,-8.981380447713E-1));
#14909=DIRECTION('',(-8.981380447713E-1,0.E0,4.397136028534E-1));
#14910=AXIS2_PLACEMENT_3D('',#14907,#14908,#14909);
#14911=PLANE('',#14910);
#14912=ORIENTED_EDGE('',*,*,#10953,.F.);
#14914=ORIENTED_EDGE('',*,*,#14913,.T.);
#14915=ORIENTED_EDGE('',*,*,#12140,.T.);
#14916=ORIENTED_EDGE('',*,*,#14900,.F.);
#14917=EDGE_LOOP('',(#14912,#14914,#14915,#14916));
#14918=FACE_OUTER_BOUND('',#14917,.F.);
#14920=CARTESIAN_POINT('',(-2.484676115937E-1,1.9E1,-2.390734614058E-1));
#14921=DIRECTION('',(-3.102797975506E-1,0.E0,-9.506452793929E-1));
#14922=DIRECTION('',(-9.506452793929E-1,0.E0,3.102797975506E-1));
#14923=AXIS2_PLACEMENT_3D('',#14920,#14921,#14922);
#14924=PLANE('',#14923);
#14925=ORIENTED_EDGE('',*,*,#10951,.F.);
#14927=ORIENTED_EDGE('',*,*,#14926,.T.);
#14928=ORIENTED_EDGE('',*,*,#12142,.T.);
#14929=ORIENTED_EDGE('',*,*,#14913,.F.);
#14930=EDGE_LOOP('',(#14925,#14927,#14928,#14929));
#14931=FACE_OUTER_BOUND('',#14930,.F.);
#14933=CARTESIAN_POINT('',(3.876647718480E-2,1.9E1,-2.953234077616E-1));
#14934=DIRECTION('',(-1.921826250544E-1,0.E0,-9.813591792138E-1));
#14935=DIRECTION('',(-9.813591792138E-1,0.E0,1.921826250544E-1));
#14936=AXIS2_PLACEMENT_3D('',#14933,#14934,#14935);
#14937=PLANE('',#14936);
#14938=ORIENTED_EDGE('',*,*,#10949,.F.);
#14939=ORIENTED_EDGE('',*,*,#14616,.T.);
#14940=ORIENTED_EDGE('',*,*,#12144,.T.);
#14941=ORIENTED_EDGE('',*,*,#14926,.F.);
#14942=EDGE_LOOP('',(#14938,#14939,#14940,#14941));
#14943=FACE_OUTER_BOUND('',#14942,.F.);
#14945=CARTESIAN_POINT('',(4.983408904844E-1,1.9E1,-1.407335411744E-2));
#14946=DIRECTION('',(-1.610631980374E-1,0.E0,9.869440947885E-1));
#14947=DIRECTION('',(9.869440947885E-1,0.E0,1.610631980374E-1));
#14948=AXIS2_PLACEMENT_3D('',#14945,#14946,#14947);
#14949=PLANE('',#14948);
#14950=ORIENTED_EDGE('',*,*,#11437,.F.);
#14952=ORIENTED_EDGE('',*,*,#14951,.T.);
#14953=ORIENTED_EDGE('',*,*,#12148,.T.);
#14955=ORIENTED_EDGE('',*,*,#14954,.F.);
#14956=EDGE_LOOP('',(#14950,#14952,#14953,#14955));
#14957=FACE_OUTER_BOUND('',#14956,.F.);
#14959=CARTESIAN_POINT('',(9.621327884724E-2,1.9E1,-1.407335411744E-2));
#14960=DIRECTION('',(0.E0,0.E0,1.E0));
#14961=DIRECTION('',(1.E0,0.E0,0.E0));
#14962=AXIS2_PLACEMENT_3D('',#14959,#14960,#14961);
#14963=PLANE('',#14962);
#14964=ORIENTED_EDGE('',*,*,#11471,.F.);
#14966=ORIENTED_EDGE('',*,*,#14965,.T.);
#14967=ORIENTED_EDGE('',*,*,#12150,.T.);
#14968=ORIENTED_EDGE('',*,*,#14951,.F.);
#14969=EDGE_LOOP('',(#14964,#14966,#14967,#14968));
#14970=FACE_OUTER_BOUND('',#14969,.F.);
#14972=CARTESIAN_POINT('',(-2.484676115937E-1,1.9E1,4.217643130584E-2));
#14973=DIRECTION('',(1.610631614123E-1,0.E0,9.869441007655E-1));
#14974=DIRECTION('',(9.869441007655E-1,0.E0,-1.610631614123E-1));
#14975=AXIS2_PLACEMENT_3D('',#14972,#14973,#14974);
#14976=PLANE('',#14975);
#14977=ORIENTED_EDGE('',*,*,#11469,.F.);
#14979=ORIENTED_EDGE('',*,*,#14978,.T.);
#14980=ORIENTED_EDGE('',*,*,#12152,.T.);
#14981=ORIENTED_EDGE('',*,*,#14965,.F.);
#14982=EDGE_LOOP('',(#14977,#14979,#14980,#14981));
#14983=FACE_OUTER_BOUND('',#14982,.F.);
#14985=CARTESIAN_POINT('',(-5.931484618015E-1,1.9E1,2.671765385942E-1));
#14986=DIRECTION('',(5.466226846555E-1,0.E0,8.373790304396E-1));
#14987=DIRECTION('',(8.373790304396E-1,0.E0,-5.466226846555E-1));
#14988=AXIS2_PLACEMENT_3D('',#14985,#14986,#14987);
#14989=PLANE('',#14988);
#14990=ORIENTED_EDGE('',*,*,#11467,.F.);
#14992=ORIENTED_EDGE('',*,*,#14991,.T.);
#14993=ORIENTED_EDGE('',*,*,#12154,.T.);
#14994=ORIENTED_EDGE('',*,*,#14978,.F.);
#14995=EDGE_LOOP('',(#14990,#14992,#14993,#14994));
#14996=FACE_OUTER_BOUND('',#14995,.F.);
#14998=CARTESIAN_POINT('',(-7.080420651264E-1,1.9E1,4.359265385942E-1));
#14999=DIRECTION('',(8.265992787996E-1,0.E0,5.627909312417E-1));
#15000=DIRECTION('',(5.627909312417E-1,0.E0,-8.265992787996E-1));
#15001=AXIS2_PLACEMENT_3D('',#14998,#14999,#15000);
#15002=PLANE('',#15001);
#15003=ORIENTED_EDGE('',*,*,#11465,.F.);
#15005=ORIENTED_EDGE('',*,*,#15004,.T.);
#15006=ORIENTED_EDGE('',*,*,#12156,.T.);
#15007=ORIENTED_EDGE('',*,*,#14991,.F.);
#15008=EDGE_LOOP('',(#15003,#15005,#15006,#15007));
#15009=FACE_OUTER_BOUND('',#15008,.F.);
#15011=CARTESIAN_POINT('',(-7.654888667888E-1,1.9E1,7.171764313058E-1));
#15012=DIRECTION('',(9.797706943097E-1,0.E0,2.001234283435E-1));
#15013=DIRECTION('',(2.001234283435E-1,0.E0,-9.797706943097E-1));
#15014=AXIS2_PLACEMENT_3D('',#15011,#15012,#15013);
#15015=PLANE('',#15014);
#15016=ORIENTED_EDGE('',*,*,#11463,.F.);
#15018=ORIENTED_EDGE('',*,*,#15017,.T.);
#15019=ORIENTED_EDGE('',*,*,#12158,.T.);
#15020=ORIENTED_EDGE('',*,*,#15004,.F.);
#15021=EDGE_LOOP('',(#15016,#15018,#15019,#15020));
#15022=FACE_OUTER_BOUND('',#15021,.F.);
#15024=CARTESIAN_POINT('',(-7.080420651264E-1,1.9E1,9.984266458826E-1));
#15025=DIRECTION('',(9.797707392153E-1,0.E0,-2.001232084928E-1));
#15026=DIRECTION('',(-2.001232084928E-1,0.E0,-9.797707392153E-1));
#15027=AXIS2_PLACEMENT_3D('',#15024,#15025,#15026);
#15028=PLANE('',#15027);
#15029=ORIENTED_EDGE('',*,*,#11461,.F.);
#15031=ORIENTED_EDGE('',*,*,#15030,.T.);
#15032=ORIENTED_EDGE('',*,*,#12160,.T.);
#15033=ORIENTED_EDGE('',*,*,#15017,.F.);
#15034=EDGE_LOOP('',(#15029,#15031,#15032,#15033));
#15035=FACE_OUTER_BOUND('',#15034,.F.);
#15037=CARTESIAN_POINT('',(-5.931484618015E-1,1.9E1,1.167176645883E0));
#15038=DIRECTION('',(8.265992787996E-1,0.E0,-5.627909312417E-1));
#15039=DIRECTION('',(-5.627909312417E-1,0.E0,-8.265992787996E-1));
#15040=AXIS2_PLACEMENT_3D('',#15037,#15038,#15039);
#15041=PLANE('',#15040);
#15042=ORIENTED_EDGE('',*,*,#11459,.F.);
#15044=ORIENTED_EDGE('',*,*,#15043,.T.);
#15045=ORIENTED_EDGE('',*,*,#12162,.T.);
#15046=ORIENTED_EDGE('',*,*,#15030,.F.);
#15047=EDGE_LOOP('',(#15042,#15044,#15045,#15046));
#15048=FACE_OUTER_BOUND('',#15047,.F.);
#15050=CARTESIAN_POINT('',(-2.484676115937E-1,1.9E1,1.392176431306E0));
#15051=DIRECTION('',(5.466221363492E-1,0.E0,-8.373793883617E-1));
#15052=DIRECTION('',(-8.373793883617E-1,0.E0,-5.466221363492E-1));
#15053=AXIS2_PLACEMENT_3D('',#15050,#15051,#15052);
#15054=PLANE('',#15053);
#15055=ORIENTED_EDGE('',*,*,#11457,.F.);
#15057=ORIENTED_EDGE('',*,*,#15056,.T.);
#15058=ORIENTED_EDGE('',*,*,#12164,.T.);
#15059=ORIENTED_EDGE('',*,*,#15043,.F.);
#15060=EDGE_LOOP('',(#15055,#15057,#15058,#15059));
#15061=FACE_OUTER_BOUND('',#15060,.F.);
#15063=CARTESIAN_POINT('',(9.621327884724E-2,1.9E1,1.448426538594E0));
#15064=DIRECTION('',(1.610640591185E-1,0.E0,-9.869439542650E-1));
#15065=DIRECTION('',(-9.869439542650E-1,0.E0,-1.610640591185E-1));
#15066=AXIS2_PLACEMENT_3D('',#15063,#15064,#15065);
#15067=PLANE('',#15066);
#15068=ORIENTED_EDGE('',*,*,#11455,.F.);
#15070=ORIENTED_EDGE('',*,*,#15069,.T.);
#15071=ORIENTED_EDGE('',*,*,#12166,.T.);
#15072=ORIENTED_EDGE('',*,*,#15056,.F.);
#15073=EDGE_LOOP('',(#15068,#15070,#15071,#15072));
#15074=FACE_OUTER_BOUND('',#15073,.F.);
#15076=CARTESIAN_POINT('',(4.983408904844E-1,1.9E1,1.448426538594E0));
#15077=DIRECTION('',(0.E0,0.E0,-1.E0));
#15078=DIRECTION('',(-1.E0,0.E0,0.E0));
#15079=AXIS2_PLACEMENT_3D('',#15076,#15077,#15078);
#15080=PLANE('',#15079);
#15081=ORIENTED_EDGE('',*,*,#11453,.F.);
#15083=ORIENTED_EDGE('',*,*,#15082,.T.);
#15084=ORIENTED_EDGE('',*,*,#12168,.T.);
#15085=ORIENTED_EDGE('',*,*,#15069,.F.);
#15086=EDGE_LOOP('',(#15081,#15083,#15084,#15085));
#15087=FACE_OUTER_BOUND('',#15086,.F.);
#15089=CARTESIAN_POINT('',(8.430217004590E-1,1.9E1,1.392176431306E0));
#15090=DIRECTION('',(-1.610640957438E-1,0.E0,-9.869439482880E-1));
#15091=DIRECTION('',(-9.869439482880E-1,0.E0,1.610640957438E-1));
#15092=AXIS2_PLACEMENT_3D('',#15089,#15090,#15091);
#15093=PLANE('',#15092);
#15094=ORIENTED_EDGE('',*,*,#11451,.F.);
#15096=ORIENTED_EDGE('',*,*,#15095,.T.);
#15097=ORIENTED_EDGE('',*,*,#12170,.T.);
#15098=ORIENTED_EDGE('',*,*,#15082,.F.);
#15099=EDGE_LOOP('',(#15094,#15096,#15097,#15098));
#15100=FACE_OUTER_BOUND('',#15099,.F.);
#15102=CARTESIAN_POINT('',(1.187702671366E0,1.9E1,1.167176645883E0));
#15103=DIRECTION('',(-5.466220021285E-1,0.E0,-8.373794759779E-1));
#15104=DIRECTION('',(-8.373794759779E-1,0.E0,5.466220021285E-1));
#15105=AXIS2_PLACEMENT_3D('',#15102,#15103,#15104);
#15106=PLANE('',#15105);
#15107=ORIENTED_EDGE('',*,*,#11449,.F.);
#15109=ORIENTED_EDGE('',*,*,#15108,.T.);
#15110=ORIENTED_EDGE('',*,*,#12172,.T.);
#15111=ORIENTED_EDGE('',*,*,#15095,.F.);
#15112=EDGE_LOOP('',(#15107,#15109,#15110,#15111));
#15113=FACE_OUTER_BOUND('',#15112,.F.);
#15115=CARTESIAN_POINT('',(1.302596274691E0,1.9E1,9.984266458826E-1));
#15116=DIRECTION('',(-8.265992787996E-1,0.E0,-5.627909312417E-1));
#15117=DIRECTION('',(-5.627909312417E-1,0.E0,8.265992787996E-1));
#15118=AXIS2_PLACEMENT_3D('',#15115,#15116,#15117);
#15119=PLANE('',#15118);
#15120=ORIENTED_EDGE('',*,*,#11447,.F.);
#15122=ORIENTED_EDGE('',*,*,#15121,.T.);
#15123=ORIENTED_EDGE('',*,*,#12174,.T.);
#15124=ORIENTED_EDGE('',*,*,#15108,.F.);
#15125=EDGE_LOOP('',(#15120,#15122,#15123,#15124));
#15126=FACE_OUTER_BOUND('',#15125,.F.);
#15128=CARTESIAN_POINT('',(1.360043076354E0,1.9E1,7.171764313058E-1));
#15129=DIRECTION('',(-9.797707392153E-1,0.E0,-2.001232084928E-1));
#15130=DIRECTION('',(-2.001232084928E-1,0.E0,9.797707392153E-1));
#15131=AXIS2_PLACEMENT_3D('',#15128,#15129,#15130);
#15132=PLANE('',#15131);
#15133=ORIENTED_EDGE('',*,*,#11445,.F.);
#15135=ORIENTED_EDGE('',*,*,#15134,.T.);
#15136=ORIENTED_EDGE('',*,*,#12176,.T.);
#15137=ORIENTED_EDGE('',*,*,#15121,.F.);
#15138=EDGE_LOOP('',(#15133,#15135,#15136,#15137));
#15139=FACE_OUTER_BOUND('',#15138,.F.);
#15141=CARTESIAN_POINT('',(1.302596274691E0,1.9E1,4.359265385942E-1));
#15142=DIRECTION('',(-9.797706943097E-1,0.E0,2.001234283435E-1));
#15143=DIRECTION('',(2.001234283435E-1,0.E0,9.797706943097E-1));
#15144=AXIS2_PLACEMENT_3D('',#15141,#15142,#15143);
#15145=PLANE('',#15144);
#15146=ORIENTED_EDGE('',*,*,#11443,.F.);
#15148=ORIENTED_EDGE('',*,*,#15147,.T.);
#15149=ORIENTED_EDGE('',*,*,#12178,.T.);
#15150=ORIENTED_EDGE('',*,*,#15134,.F.);
#15151=EDGE_LOOP('',(#15146,#15148,#15149,#15150));
#15152=FACE_OUTER_BOUND('',#15151,.F.);
#15154=CARTESIAN_POINT('',(1.187702671366E0,1.9E1,2.671765385942E-1));
#15155=DIRECTION('',(-8.265992787996E-1,0.E0,5.627909312417E-1));
#15156=DIRECTION('',(5.627909312417E-1,0.E0,8.265992787996E-1));
#15157=AXIS2_PLACEMENT_3D('',#15154,#15155,#15156);
#15158=PLANE('',#15157);
#15159=ORIENTED_EDGE('',*,*,#11441,.F.);
#15161=ORIENTED_EDGE('',*,*,#15160,.T.);
#15162=ORIENTED_EDGE('',*,*,#12180,.T.);
#15163=ORIENTED_EDGE('',*,*,#15147,.F.);
#15164=EDGE_LOOP('',(#15159,#15161,#15162,#15163));
#15165=FACE_OUTER_BOUND('',#15164,.F.);
#15167=CARTESIAN_POINT('',(8.430217004590E-1,1.9E1,4.217643130584E-2));
#15168=DIRECTION('',(-5.466225504348E-1,0.E0,8.373791180560E-1));
#15169=DIRECTION('',(8.373791180560E-1,0.E0,5.466225504348E-1));
#15170=AXIS2_PLACEMENT_3D('',#15167,#15168,#15169);
#15171=PLANE('',#15170);
#15172=ORIENTED_EDGE('',*,*,#11439,.F.);
#15173=ORIENTED_EDGE('',*,*,#14954,.T.);
#15174=ORIENTED_EDGE('',*,*,#12182,.T.);
#15175=ORIENTED_EDGE('',*,*,#15160,.F.);
#15176=EDGE_LOOP('',(#15172,#15173,#15174,#15175));
#15177=FACE_OUTER_BOUND('',#15176,.F.);
#15179=CARTESIAN_POINT('',(-1.052722915334E0,1.9E1,3.529676324017E0));
#15180=DIRECTION('',(-3.162279017271E-1,0.E0,9.486832528138E-1));
#15181=DIRECTION('',(9.486832528138E-1,0.E0,3.162279017271E-1));
#15182=AXIS2_PLACEMENT_3D('',#15179,#15180,#15181);
#15183=PLANE('',#15182);
#15184=ORIENTED_EDGE('',*,*,#11219,.F.);
#15186=ORIENTED_EDGE('',*,*,#15185,.T.);
#15187=ORIENTED_EDGE('',*,*,#12204,.T.);
#15189=ORIENTED_EDGE('',*,*,#15188,.F.);
#15190=EDGE_LOOP('',(#15184,#15186,#15187,#15189));
#15191=FACE_OUTER_BOUND('',#15190,.F.);
#15193=CARTESIAN_POINT('',(-1.052722915334E0,1.9E1,3.079676753171E0));
#15194=DIRECTION('',(-1.E0,0.E0,0.E0));
#15195=DIRECTION('',(0.E0,0.E0,1.E0));
#15196=AXIS2_PLACEMENT_3D('',#15193,#15194,#15195);
#15197=PLANE('',#15196);
#15198=ORIENTED_EDGE('',*,*,#11231,.F.);
#15200=ORIENTED_EDGE('',*,*,#15199,.T.);
#15201=ORIENTED_EDGE('',*,*,#12206,.T.);
#15202=ORIENTED_EDGE('',*,*,#15185,.F.);
#15203=EDGE_LOOP('',(#15198,#15200,#15201,#15202));
#15204=FACE_OUTER_BOUND('',#15203,.F.);
#15206=CARTESIAN_POINT('',(1.647277084666E0,1.9E1,2.179676645883E0));
#15207=DIRECTION('',(-3.162277999444E-1,0.E0,-9.486832867413E-1));
#15208=DIRECTION('',(-9.486832867413E-1,0.E0,3.162277999444E-1));
#15209=AXIS2_PLACEMENT_3D('',#15206,#15207,#15208);
#15210=PLANE('',#15209);
#15211=ORIENTED_EDGE('',*,*,#11229,.F.);
#15213=ORIENTED_EDGE('',*,*,#15212,.T.);
#15214=ORIENTED_EDGE('',*,*,#12208,.T.);
#15215=ORIENTED_EDGE('',*,*,#15199,.F.);
#15216=EDGE_LOOP('',(#15211,#15213,#15214,#15215));
#15217=FACE_OUTER_BOUND('',#15216,.F.);
#15219=CARTESIAN_POINT('',(1.647277084666E0,1.9E1,2.517176645883E0));
#15220=DIRECTION('',(1.E0,0.E0,0.E0));
#15221=DIRECTION('',(0.E0,0.E0,-1.E0));
#15222=AXIS2_PLACEMENT_3D('',#15219,#15220,#15221);
#15223=PLANE('',#15222);
#15224=ORIENTED_EDGE('',*,*,#11227,.F.);
#15226=ORIENTED_EDGE('',*,*,#15225,.T.);
#15227=ORIENTED_EDGE('',*,*,#12210,.T.);
#15228=ORIENTED_EDGE('',*,*,#15212,.F.);
#15229=EDGE_LOOP('',(#15224,#15226,#15227,#15228));
#15230=FACE_OUTER_BOUND('',#15229,.F.);
#15232=CARTESIAN_POINT('',(-7.080420651264E-1,1.9E1,3.304676538594E0));
#15233=DIRECTION('',(3.170950281802E-1,0.E0,9.483937700678E-1));
#15234=DIRECTION('',(9.483937700678E-1,0.E0,-3.170950281802E-1));
#15235=AXIS2_PLACEMENT_3D('',#15232,#15233,#15234);
#15236=PLANE('',#15235);
#15237=ORIENTED_EDGE('',*,*,#11225,.F.);
#15239=ORIENTED_EDGE('',*,*,#15238,.T.);
#15240=ORIENTED_EDGE('',*,*,#12212,.T.);
#15241=ORIENTED_EDGE('',*,*,#15225,.F.);
#15242=EDGE_LOOP('',(#15237,#15239,#15240,#15241));
#15243=FACE_OUTER_BOUND('',#15242,.F.);
#15245=CARTESIAN_POINT('',(1.647277084666E0,1.9E1,4.092176753171E0));
#15246=DIRECTION('',(3.170951447511E-1,0.E0,-9.483937310923E-1));
#15247=DIRECTION('',(-9.483937310923E-1,0.E0,-3.170951447511E-1));
#15248=AXIS2_PLACEMENT_3D('',#15245,#15246,#15247);
#15249=PLANE('',#15248);
#15250=ORIENTED_EDGE('',*,*,#11223,.F.);
#15252=ORIENTED_EDGE('',*,*,#15251,.T.);
#15253=ORIENTED_EDGE('',*,*,#12214,.T.);
#15254=ORIENTED_EDGE('',*,*,#15238,.F.);
#15255=EDGE_LOOP('',(#15250,#15252,#15253,#15254));
#15256=FACE_OUTER_BOUND('',#15255,.F.);
#15258=CARTESIAN_POINT('',(1.647277084666E0,1.9E1,4.429676753171E0));
#15259=DIRECTION('',(1.E0,0.E0,0.E0));
#15260=DIRECTION('',(0.E0,0.E0,-1.E0));
#15261=AXIS2_PLACEMENT_3D('',#15258,#15259,#15260);
#15262=PLANE('',#15261);
#15263=ORIENTED_EDGE('',*,*,#11221,.F.);
#15264=ORIENTED_EDGE('',*,*,#15188,.T.);
#15265=ORIENTED_EDGE('',*,*,#12216,.T.);
#15266=ORIENTED_EDGE('',*,*,#15251,.F.);
#15267=EDGE_LOOP('',(#15263,#15264,#15265,#15266));
#15268=FACE_OUTER_BOUND('',#15267,.F.);
#15270=CARTESIAN_POINT('',(-2.833347012541E0,1.9E1,-4.078234614058E-1));
#15271=DIRECTION('',(0.E0,0.E0,-1.E0));
#15272=DIRECTION('',(-1.E0,0.E0,0.E0));
#15273=AXIS2_PLACEMENT_3D('',#15270,#15271,#15272);
#15274=PLANE('',#15273);
#15275=ORIENTED_EDGE('',*,*,#11025,.F.);
#15277=ORIENTED_EDGE('',*,*,#15276,.T.);
#15278=ORIENTED_EDGE('',*,*,#12238,.T.);
#15280=ORIENTED_EDGE('',*,*,#15279,.F.);
#15281=EDGE_LOOP('',(#15275,#15277,#15278,#15280));
#15282=FACE_OUTER_BOUND('',#15281,.F.);
#15284=CARTESIAN_POINT('',(-4.958878995916E0,1.9E1,-1.195323515050E0));
#15285=DIRECTION('',(-3.474175425020E-1,0.E0,9.377105369792E-1));
#15286=DIRECTION('',(9.377105369792E-1,0.E0,3.474175425020E-1));
#15287=AXIS2_PLACEMENT_3D('',#15284,#15285,#15286);
#15288=PLANE('',#15287);
#15289=ORIENTED_EDGE('',*,*,#11023,.F.);
#15291=ORIENTED_EDGE('',*,*,#15290,.T.);
#15292=ORIENTED_EDGE('',*,*,#12240,.T.);
#15293=ORIENTED_EDGE('',*,*,#15276,.F.);
#15294=EDGE_LOOP('',(#15289,#15291,#15292,#15293));
#15295=FACE_OUTER_BOUND('',#15294,.F.);
#15297=CARTESIAN_POINT('',(-4.958878995916E0,1.9E1,-1.645323488228E0));
#15298=DIRECTION('',(-1.E0,0.E0,0.E0));
#15299=DIRECTION('',(0.E0,0.E0,1.E0));
#15300=AXIS2_PLACEMENT_3D('',#15297,#15298,#15299);
#15301=PLANE('',#15300);
#15302=ORIENTED_EDGE('',*,*,#11021,.F.);
#15304=ORIENTED_EDGE('',*,*,#15303,.T.);
#15305=ORIENTED_EDGE('',*,*,#12242,.T.);
#15306=ORIENTED_EDGE('',*,*,#15290,.F.);
#15307=EDGE_LOOP('',(#15302,#15304,#15305,#15306));
#15308=FACE_OUTER_BOUND('',#15307,.F.);
#15310=CARTESIAN_POINT('',(-2.833347012541E0,1.9E1,-2.432823461406E0));
#15311=DIRECTION('',(-3.474175112878E-1,0.E0,-9.377105485439E-1));
#15312=DIRECTION('',(-9.377105485439E-1,0.E0,3.474175112878E-1));
#15313=AXIS2_PLACEMENT_3D('',#15310,#15311,#15312);
#15314=PLANE('',#15313);
#15315=ORIENTED_EDGE('',*,*,#11019,.F.);
#15317=ORIENTED_EDGE('',*,*,#15316,.T.);
#15318=ORIENTED_EDGE('',*,*,#12244,.T.);
#15319=ORIENTED_EDGE('',*,*,#15303,.F.);
#15320=EDGE_LOOP('',(#15315,#15317,#15318,#15319));
#15321=FACE_OUTER_BOUND('',#15320,.F.);
#15323=CARTESIAN_POINT('',(-4.958878995916E0,1.9E1,-2.432823461406E0));
#15324=DIRECTION('',(0.E0,0.E0,1.E0));
#15325=DIRECTION('',(1.E0,0.E0,0.E0));
#15326=AXIS2_PLACEMENT_3D('',#15323,#15324,#15325);
#15327=PLANE('',#15326);
#15328=ORIENTED_EDGE('',*,*,#11017,.F.);
#15330=ORIENTED_EDGE('',*,*,#15329,.T.);
#15331=ORIENTED_EDGE('',*,*,#12246,.T.);
#15332=ORIENTED_EDGE('',*,*,#15316,.F.);
#15333=EDGE_LOOP('',(#15328,#15330,#15331,#15332));
#15334=FACE_OUTER_BOUND('',#15333,.F.);
#15336=CARTESIAN_POINT('',(-4.958878995916E0,1.9E1,-2.770323461406E0));
#15337=DIRECTION('',(-1.E0,0.E0,0.E0));
#15338=DIRECTION('',(0.E0,0.E0,1.E0));
#15339=AXIS2_PLACEMENT_3D('',#15336,#15337,#15338);
#15340=PLANE('',#15339);
#15341=ORIENTED_EDGE('',*,*,#11015,.F.);
#15343=ORIENTED_EDGE('',*,*,#15342,.T.);
#15344=ORIENTED_EDGE('',*,*,#12248,.T.);
#15345=ORIENTED_EDGE('',*,*,#15329,.F.);
#15346=EDGE_LOOP('',(#15341,#15343,#15344,#15345));
#15347=FACE_OUTER_BOUND('',#15346,.F.);
#15349=CARTESIAN_POINT('',(-2.258878995916E0,1.9E1,-2.770323461406E0));
#15350=DIRECTION('',(0.E0,0.E0,-1.E0));
#15351=DIRECTION('',(-1.E0,0.E0,0.E0));
#15352=AXIS2_PLACEMENT_3D('',#15349,#15350,#15351);
#15353=PLANE('',#15352);
#15354=ORIENTED_EDGE('',*,*,#11013,.F.);
#15356=ORIENTED_EDGE('',*,*,#15355,.T.);
#15357=ORIENTED_EDGE('',*,*,#12250,.T.);
#15358=ORIENTED_EDGE('',*,*,#15342,.F.);
#15359=EDGE_LOOP('',(#15354,#15356,#15357,#15358));
#15360=FACE_OUTER_BOUND('',#15359,.F.);
#15362=CARTESIAN_POINT('',(-2.258878995916E0,1.9E1,-2.264073461406E0));
#15363=DIRECTION('',(1.E0,0.E0,0.E0));
#15364=DIRECTION('',(0.E0,0.E0,-1.E0));
#15365=AXIS2_PLACEMENT_3D('',#15362,#15363,#15364);
#15366=PLANE('',#15365);
#15367=ORIENTED_EDGE('',*,*,#11011,.F.);
#15369=ORIENTED_EDGE('',*,*,#15368,.T.);
#15370=ORIENTED_EDGE('',*,*,#12252,.T.);
#15371=ORIENTED_EDGE('',*,*,#15355,.F.);
#15372=EDGE_LOOP('',(#15367,#15369,#15370,#15371));
#15373=FACE_OUTER_BOUND('',#15372,.F.);
#15375=CARTESIAN_POINT('',(-4.671644947371E0,1.9E1,-1.420323461406E0));
#15376=DIRECTION('',(3.301001365301E-1,0.E0,9.439459199884E-1));
#15377=DIRECTION('',(9.439459199884E-1,0.E0,-3.301001365301E-1));
#15378=AXIS2_PLACEMENT_3D('',#15375,#15376,#15377);
#15379=PLANE('',#15378);
#15380=ORIENTED_EDGE('',*,*,#11009,.F.);
#15382=ORIENTED_EDGE('',*,*,#15381,.T.);
#15383=ORIENTED_EDGE('',*,*,#12254,.T.);
#15384=ORIENTED_EDGE('',*,*,#15368,.F.);
#15385=EDGE_LOOP('',(#15380,#15382,#15383,#15384));
#15386=FACE_OUTER_BOUND('',#15385,.F.);
#15388=CARTESIAN_POINT('',(-2.258878995916E0,1.9E1,-5.765734614058E-1));
#15389=DIRECTION('',(3.301001365301E-1,0.E0,-9.439459199884E-1));
#15390=DIRECTION('',(-9.439459199884E-1,0.E0,-3.301001365301E-1));
#15391=AXIS2_PLACEMENT_3D('',#15388,#15389,#15390);
#15392=PLANE('',#15391);
#15393=ORIENTED_EDGE('',*,*,#11007,.F.);
#15395=ORIENTED_EDGE('',*,*,#15394,.T.);
#15396=ORIENTED_EDGE('',*,*,#12256,.T.);
#15397=ORIENTED_EDGE('',*,*,#15381,.F.);
#15398=EDGE_LOOP('',(#15393,#15395,#15396,#15397));
#15399=FACE_OUTER_BOUND('',#15398,.F.);
#15401=CARTESIAN_POINT('',(-2.258878995916E0,1.9E1,-7.032346140580E-2));
#15402=DIRECTION('',(1.E0,0.E0,0.E0));
#15403=DIRECTION('',(0.E0,0.E0,-1.E0));
#15404=AXIS2_PLACEMENT_3D('',#15401,#15402,#15403);
#15405=PLANE('',#15404);
#15406=ORIENTED_EDGE('',*,*,#11005,.F.);
#15408=ORIENTED_EDGE('',*,*,#15407,.T.);
#15409=ORIENTED_EDGE('',*,*,#12258,.T.);
#15410=ORIENTED_EDGE('',*,*,#15394,.F.);
#15411=EDGE_LOOP('',(#15406,#15408,#15409,#15410));
#15412=FACE_OUTER_BOUND('',#15411,.F.);
#15414=CARTESIAN_POINT('',(-4.958878995916E0,1.9E1,-7.032346140580E-2));
#15415=DIRECTION('',(0.E0,0.E0,1.E0));
#15416=DIRECTION('',(1.E0,0.E0,0.E0));
#15417=AXIS2_PLACEMENT_3D('',#15414,#15415,#15416);
#15418=PLANE('',#15417);
#15419=ORIENTED_EDGE('',*,*,#11003,.F.);
#15421=ORIENTED_EDGE('',*,*,#15420,.T.);
#15422=ORIENTED_EDGE('',*,*,#12260,.T.);
#15423=ORIENTED_EDGE('',*,*,#15407,.F.);
#15424=EDGE_LOOP('',(#15419,#15421,#15422,#15423));
#15425=FACE_OUTER_BOUND('',#15424,.F.);
#15427=CARTESIAN_POINT('',(-4.958878995916E0,1.9E1,-4.078234614058E-1));
#15428=DIRECTION('',(-1.E0,0.E0,0.E0));
#15429=DIRECTION('',(0.E0,0.E0,1.E0));
#15430=AXIS2_PLACEMENT_3D('',#15427,#15428,#15429);
#15431=PLANE('',#15430);
#15432=ORIENTED_EDGE('',*,*,#11001,.F.);
#15433=ORIENTED_EDGE('',*,*,#15279,.T.);
#15434=ORIENTED_EDGE('',*,*,#12262,.T.);
#15435=ORIENTED_EDGE('',*,*,#15420,.F.);
#15436=EDGE_LOOP('',(#15432,#15433,#15434,#15435));
#15437=FACE_OUTER_BOUND('',#15436,.F.);
#15439=CARTESIAN_POINT('',(-4.958878995916E0,1.9E1,7.171764313058E-1));
#15440=DIRECTION('',(0.E0,0.E0,1.E0));
#15441=DIRECTION('',(1.E0,0.E0,0.E0));
#15442=AXIS2_PLACEMENT_3D('',#15439,#15440,#15441);
#15443=PLANE('',#15442);
#15444=ORIENTED_EDGE('',*,*,#11235,.F.);
#15446=ORIENTED_EDGE('',*,*,#15445,.T.);
#15447=ORIENTED_EDGE('',*,*,#12284,.T.);
#15449=ORIENTED_EDGE('',*,*,#15448,.F.);
#15450=EDGE_LOOP('',(#15444,#15446,#15447,#15449));
#15451=FACE_OUTER_BOUND('',#15450,.F.);
#15453=CARTESIAN_POINT('',(-4.958878995916E0,1.9E1,3.796764313058E-1));
#15454=DIRECTION('',(-1.E0,0.E0,0.E0));
#15455=DIRECTION('',(0.E0,0.E0,1.E0));
#15456=AXIS2_PLACEMENT_3D('',#15453,#15454,#15455);
#15457=PLANE('',#15456);
#15458=ORIENTED_EDGE('',*,*,#11257,.F.);
#15460=ORIENTED_EDGE('',*,*,#15459,.T.);
#15461=ORIENTED_EDGE('',*,*,#12286,.T.);
#15462=ORIENTED_EDGE('',*,*,#15445,.F.);
#15463=EDGE_LOOP('',(#15458,#15460,#15461,#15462));
#15464=FACE_OUTER_BOUND('',#15463,.F.);
#15466=CARTESIAN_POINT('',(-2.258878995916E0,1.9E1,3.796764313058E-1));
#15467=DIRECTION('',(0.E0,0.E0,-1.E0));
#15468=DIRECTION('',(-1.E0,0.E0,0.E0));
#15469=AXIS2_PLACEMENT_3D('',#15466,#15467,#15468);
#15470=PLANE('',#15469);
#15471=ORIENTED_EDGE('',*,*,#11255,.F.);
#15473=ORIENTED_EDGE('',*,*,#15472,.T.);
#15474=ORIENTED_EDGE('',*,*,#12288,.T.);
#15475=ORIENTED_EDGE('',*,*,#15459,.F.);
#15476=EDGE_LOOP('',(#15471,#15473,#15474,#15475));
#15477=FACE_OUTER_BOUND('',#15476,.F.);
#15479=CARTESIAN_POINT('',(-2.258878995916E0,1.9E1,7.171764313058E-1));
#15480=DIRECTION('',(1.E0,0.E0,0.E0));
#15481=DIRECTION('',(0.E0,0.E0,-1.E0));
#15482=AXIS2_PLACEMENT_3D('',#15479,#15480,#15481);
#15483=PLANE('',#15482);
#15484=ORIENTED_EDGE('',*,*,#11253,.F.);
#15486=ORIENTED_EDGE('',*,*,#15485,.T.);
#15487=ORIENTED_EDGE('',*,*,#12290,.T.);
#15488=ORIENTED_EDGE('',*,*,#15472,.F.);
#15489=EDGE_LOOP('',(#15484,#15486,#15487,#15488));
#15490=FACE_OUTER_BOUND('',#15489,.F.);
#15492=CARTESIAN_POINT('',(-3.350368388435E0,1.9E1,7.171764313058E-1));
#15493=DIRECTION('',(0.E0,0.E0,1.E0));
#15494=DIRECTION('',(1.E0,0.E0,0.E0));
#15495=AXIS2_PLACEMENT_3D('',#15492,#15493,#15494);
#15496=PLANE('',#15495);
#15497=ORIENTED_EDGE('',*,*,#11251,.F.);
#15499=ORIENTED_EDGE('',*,*,#15498,.T.);
#15500=ORIENTED_EDGE('',*,*,#12292,.T.);
#15501=ORIENTED_EDGE('',*,*,#15485,.F.);
#15502=EDGE_LOOP('',(#15497,#15499,#15500,#15501));
#15503=FACE_OUTER_BOUND('',#15502,.F.);
#15505=CARTESIAN_POINT('',(-3.350368388435E0,1.9E1,2.292176538594E0));
#15506=DIRECTION('',(1.E0,0.E0,0.E0));
#15507=DIRECTION('',(0.E0,0.E0,-1.E0));
#15508=AXIS2_PLACEMENT_3D('',#15505,#15506,#15507);
#15509=PLANE('',#15508);
#15510=ORIENTED_EDGE('',*,*,#11249,.F.);
#15512=ORIENTED_EDGE('',*,*,#15511,.T.);
#15513=ORIENTED_EDGE('',*,*,#12294,.T.);
#15514=ORIENTED_EDGE('',*,*,#15498,.F.);
#15515=EDGE_LOOP('',(#15510,#15512,#15513,#15514));
#15516=FACE_OUTER_BOUND('',#15515,.F.);
#15518=CARTESIAN_POINT('',(-2.258878995916E0,1.9E1,2.292176538594E0));
#15519=DIRECTION('',(0.E0,0.E0,-1.E0));
#15520=DIRECTION('',(-1.E0,0.E0,0.E0));
#15521=AXIS2_PLACEMENT_3D('',#15518,#15519,#15520);
#15522=PLANE('',#15521);
#15523=ORIENTED_EDGE('',*,*,#11247,.F.);
#15525=ORIENTED_EDGE('',*,*,#15524,.T.);
#15526=ORIENTED_EDGE('',*,*,#12296,.T.);
#15527=ORIENTED_EDGE('',*,*,#15511,.F.);
#15528=EDGE_LOOP('',(#15523,#15525,#15526,#15527));
#15529=FACE_OUTER_BOUND('',#15528,.F.);
#15531=CARTESIAN_POINT('',(-2.258878995916E0,1.9E1,2.629676538594E0));
#15532=DIRECTION('',(1.E0,0.E0,0.E0));
#15533=DIRECTION('',(0.E0,0.E0,-1.E0));
#15534=AXIS2_PLACEMENT_3D('',#15531,#15532,#15533);
#15535=PLANE('',#15534);
#15536=ORIENTED_EDGE('',*,*,#11245,.F.);
#15538=ORIENTED_EDGE('',*,*,#15537,.T.);
#15539=ORIENTED_EDGE('',*,*,#12298,.T.);
#15540=ORIENTED_EDGE('',*,*,#15524,.F.);
#15541=EDGE_LOOP('',(#15536,#15538,#15539,#15540));
#15542=FACE_OUTER_BOUND('',#15541,.F.);
#15544=CARTESIAN_POINT('',(-4.958878995916E0,1.9E1,2.629676538594E0));
#15545=DIRECTION('',(0.E0,0.E0,1.E0));
#15546=DIRECTION('',(1.E0,0.E0,0.E0));
#15547=AXIS2_PLACEMENT_3D('',#15544,#15545,#15546);
#15548=PLANE('',#15547);
#15549=ORIENTED_EDGE('',*,*,#11243,.F.);
#15551=ORIENTED_EDGE('',*,*,#15550,.T.);
#15552=ORIENTED_EDGE('',*,*,#12300,.T.);
#15553=ORIENTED_EDGE('',*,*,#15537,.F.);
#15554=EDGE_LOOP('',(#15549,#15551,#15552,#15553));
#15555=FACE_OUTER_BOUND('',#15554,.F.);
#15557=CARTESIAN_POINT('',(-4.958878995916E0,1.9E1,2.292176538594E0));
#15558=DIRECTION('',(-1.E0,0.E0,0.E0));
#15559=DIRECTION('',(0.E0,0.E0,1.E0));
#15560=AXIS2_PLACEMENT_3D('',#15557,#15558,#15559);
#15561=PLANE('',#15560);
#15562=ORIENTED_EDGE('',*,*,#11241,.F.);
#15564=ORIENTED_EDGE('',*,*,#15563,.T.);
#15565=ORIENTED_EDGE('',*,*,#12302,.T.);
#15566=ORIENTED_EDGE('',*,*,#15550,.F.);
#15567=EDGE_LOOP('',(#15562,#15564,#15565,#15566));
#15568=FACE_OUTER_BOUND('',#15567,.F.);
#15570=CARTESIAN_POINT('',(-3.695049198410E0,1.9E1,2.292176538594E0));
#15571=DIRECTION('',(0.E0,0.E0,-1.E0));
#15572=DIRECTION('',(-1.E0,0.E0,0.E0));
#15573=AXIS2_PLACEMENT_3D('',#15570,#15571,#15572);
#15574=PLANE('',#15573);
#15575=ORIENTED_EDGE('',*,*,#11239,.F.);
#15577=ORIENTED_EDGE('',*,*,#15576,.T.);
#15578=ORIENTED_EDGE('',*,*,#12304,.T.);
#15579=ORIENTED_EDGE('',*,*,#15563,.F.);
#15580=EDGE_LOOP('',(#15575,#15577,#15578,#15579));
#15581=FACE_OUTER_BOUND('',#15580,.F.);
#15583=CARTESIAN_POINT('',(-3.695049198410E0,1.9E1,7.171764313058E-1));
#15584=DIRECTION('',(-1.E0,0.E0,0.E0));
#15585=DIRECTION('',(0.E0,0.E0,1.E0));
#15586=AXIS2_PLACEMENT_3D('',#15583,#15584,#15585);
#15587=PLANE('',#15586);
#15588=ORIENTED_EDGE('',*,*,#11237,.F.);
#15589=ORIENTED_EDGE('',*,*,#15448,.T.);
#15590=ORIENTED_EDGE('',*,*,#12306,.T.);
#15591=ORIENTED_EDGE('',*,*,#15576,.F.);
#15592=EDGE_LOOP('',(#15588,#15589,#15590,#15591));
#15593=FACE_OUTER_BOUND('',#15592,.F.);
#15595=CARTESIAN_POINT('',(-4.269517295501E0,1.9E1,5.273426753171E0));
#15596=DIRECTION('',(1.E0,0.E0,0.E0));
#15597=DIRECTION('',(0.E0,0.E0,-1.E0));
#15598=AXIS2_PLACEMENT_3D('',#15595,#15596,#15597);
#15599=PLANE('',#15598);
#15600=ORIENTED_EDGE('',*,*,#11261,.F.);
#15602=ORIENTED_EDGE('',*,*,#15601,.T.);
#15603=ORIENTED_EDGE('',*,*,#12328,.T.);
#15605=ORIENTED_EDGE('',*,*,#15604,.F.);
#15606=EDGE_LOOP('',(#15600,#15602,#15603,#15605));
#15607=FACE_OUTER_BOUND('',#15606,.F.);
#15609=CARTESIAN_POINT('',(-4.556751344046E0,1.9E1,5.217176324017E0));
#15610=DIRECTION('',(-1.921842395735E-1,0.E0,9.813588630361E-1));
#15611=DIRECTION('',(9.813588630361E-1,0.E0,1.921842395735E-1));
#15612=AXIS2_PLACEMENT_3D('',#15609,#15610,#15611);
#15613=PLANE('',#15612);
#15614=ORIENTED_EDGE('',*,*,#11339,.F.);
#15616=ORIENTED_EDGE('',*,*,#15615,.T.);
#15617=ORIENTED_EDGE('',*,*,#12330,.T.);
#15618=ORIENTED_EDGE('',*,*,#15601,.F.);
#15619=EDGE_LOOP('',(#15614,#15616,#15617,#15618));
#15620=FACE_OUTER_BOUND('',#15619,.F.);
#15622=CARTESIAN_POINT('',(-4.786538570812E0,1.9E1,4.992176538594E0));
#15623=DIRECTION('',(-6.996244632883E-1,0.E0,7.145107489524E-1));
#15624=DIRECTION('',(7.145107489524E-1,0.E0,6.996244632883E-1));
#15625=AXIS2_PLACEMENT_3D('',#15622,#15623,#15624);
#15626=PLANE('',#15625);
#15627=ORIENTED_EDGE('',*,*,#11337,.F.);
#15629=ORIENTED_EDGE('',*,*,#15628,.T.);
#15630=ORIENTED_EDGE('',*,*,#12332,.T.);
#15631=ORIENTED_EDGE('',*,*,#15615,.F.);
#15632=EDGE_LOOP('',(#15627,#15629,#15630,#15631));
#15633=FACE_OUTER_BOUND('',#15632,.F.);
#15635=CARTESIAN_POINT('',(-4.901432189225E0,1.9E1,4.767176753171E0));
#15636=DIRECTION('',(-8.906050870136E-1,0.E0,4.547775049247E-1));
#15637=DIRECTION('',(4.547775049247E-1,0.E0,8.906050870136E-1));
#15638=AXIS2_PLACEMENT_3D('',#15635,#15636,#15637);
#15639=PLANE('',#15638);
#15640=ORIENTED_EDGE('',*,*,#11335,.F.);
#15642=ORIENTED_EDGE('',*,*,#15641,.T.);
#15643=ORIENTED_EDGE('',*,*,#12334,.T.);
#15644=ORIENTED_EDGE('',*,*,#15628,.F.);
#15645=EDGE_LOOP('',(#15640,#15642,#15643,#15644));
#15646=FACE_OUTER_BOUND('',#15645,.F.);
#15648=CARTESIAN_POINT('',(-4.958878995916E0,1.9E1,4.485926538594E0));
#15649=DIRECTION('',(-9.797707357802E-1,0.E0,2.001232253108E-1));
#15650=DIRECTION('',(2.001232253108E-1,0.E0,9.797707357802E-1));
#15651=AXIS2_PLACEMENT_3D('',#15648,#15649,#15650);
#15652=PLANE('',#15651);
#15653=ORIENTED_EDGE('',*,*,#11333,.F.);
#15655=ORIENTED_EDGE('',*,*,#15654,.T.);
#15656=ORIENTED_EDGE('',*,*,#12336,.T.);
#15657=ORIENTED_EDGE('',*,*,#15641,.F.);
#15658=EDGE_LOOP('',(#15653,#15655,#15656,#15657));
#15659=FACE_OUTER_BOUND('',#15658,.F.);
#15661=CARTESIAN_POINT('',(-4.958878995916E0,1.9E1,3.979676538594E0));
#15662=DIRECTION('',(-1.E0,0.E0,0.E0));
#15663=DIRECTION('',(0.E0,0.E0,1.E0));
#15664=AXIS2_PLACEMENT_3D('',#15661,#15662,#15663);
#15665=PLANE('',#15664);
#15666=ORIENTED_EDGE('',*,*,#11331,.F.);
#15668=ORIENTED_EDGE('',*,*,#15667,.T.);
#15669=ORIENTED_EDGE('',*,*,#12338,.T.);
#15670=ORIENTED_EDGE('',*,*,#15654,.F.);
#15671=EDGE_LOOP('',(#15666,#15668,#15669,#15670));
#15672=FACE_OUTER_BOUND('',#15671,.F.);
#15674=CARTESIAN_POINT('',(-4.901432189225E0,1.9E1,3.698426324017E0));
#15675=DIRECTION('',(-9.797707357802E-1,0.E0,-2.001232253108E-1));
#15676=DIRECTION('',(-2.001232253108E-1,0.E0,9.797707357802E-1));
#15677=AXIS2_PLACEMENT_3D('',#15674,#15675,#15676);
#15678=PLANE('',#15677);
#15679=ORIENTED_EDGE('',*,*,#11329,.F.);
#15681=ORIENTED_EDGE('',*,*,#15680,.T.);
#15682=ORIENTED_EDGE('',*,*,#12340,.T.);
#15683=ORIENTED_EDGE('',*,*,#15667,.F.);
#15684=EDGE_LOOP('',(#15679,#15681,#15682,#15683));
#15685=FACE_OUTER_BOUND('',#15684,.F.);
#15687=CARTESIAN_POINT('',(-4.786538570812E0,1.9E1,3.473426538594E0));
#15688=DIRECTION('',(-8.906050870136E-1,0.E0,-4.547775049247E-1));
#15689=DIRECTION('',(-4.547775049247E-1,0.E0,8.906050870136E-1));
#15690=AXIS2_PLACEMENT_3D('',#15687,#15688,#15689);
#15691=PLANE('',#15690);
#15692=ORIENTED_EDGE('',*,*,#11327,.F.);
#15694=ORIENTED_EDGE('',*,*,#15693,.T.);
#15695=ORIENTED_EDGE('',*,*,#12342,.T.);
#15696=ORIENTED_EDGE('',*,*,#15680,.F.);
#15697=EDGE_LOOP('',(#15692,#15694,#15695,#15696));
#15698=FACE_OUTER_BOUND('',#15697,.F.);
#15700=CARTESIAN_POINT('',(-4.556751344046E0,1.9E1,3.248426753171E0));
#15701=DIRECTION('',(-6.996244632883E-1,0.E0,-7.145107489524E-1));
#15702=DIRECTION('',(-7.145107489524E-1,0.E0,6.996244632883E-1));
#15703=AXIS2_PLACEMENT_3D('',#15700,#15701,#15702);
#15704=PLANE('',#15703);
#15705=ORIENTED_EDGE('',*,*,#11325,.F.);
#15707=ORIENTED_EDGE('',*,*,#15706,.T.);
#15708=ORIENTED_EDGE('',*,*,#12344,.T.);
#15709=ORIENTED_EDGE('',*,*,#15693,.F.);
#15710=EDGE_LOOP('',(#15705,#15707,#15708,#15709));
#15711=FACE_OUTER_BOUND('',#15710,.F.);
#15713=CARTESIAN_POINT('',(-4.326964097163E0,1.9E1,3.135926538594E0));
#15714=DIRECTION('',(-4.397141102494E-1,0.E0,-8.981377963584E-1));
#15715=DIRECTION('',(-8.981377963584E-1,0.E0,4.397141102494E-1));
#15716=AXIS2_PLACEMENT_3D('',#15713,#15714,#15715);
#15717=PLANE('',#15716);
#15718=ORIENTED_EDGE('',*,*,#11323,.F.);
#15720=ORIENTED_EDGE('',*,*,#15719,.T.);
#15721=ORIENTED_EDGE('',*,*,#12346,.T.);
#15722=ORIENTED_EDGE('',*,*,#15706,.F.);
#15723=EDGE_LOOP('',(#15718,#15720,#15721,#15722));
#15724=FACE_OUTER_BOUND('',#15723,.F.);
#15726=CARTESIAN_POINT('',(-4.039730088851E0,1.9E1,3.079676753171E0));
#15727=DIRECTION('',(-1.921821473726E-1,0.E0,-9.813592727596E-1));
#15728=DIRECTION('',(-9.813592727596E-1,0.E0,1.921821473726E-1));
#15729=AXIS2_PLACEMENT_3D('',#15726,#15727,#15728);
#15730=PLANE('',#15729);
#15731=ORIENTED_EDGE('',*,*,#11321,.F.);
#15733=ORIENTED_EDGE('',*,*,#15732,.T.);
#15734=ORIENTED_EDGE('',*,*,#12348,.T.);
#15735=ORIENTED_EDGE('',*,*,#15719,.F.);
#15736=EDGE_LOOP('',(#15731,#15733,#15734,#15735));
#15737=FACE_OUTER_BOUND('',#15736,.F.);
#15739=CARTESIAN_POINT('',(-3.178027983448E0,1.9E1,3.079676753171E0));
#15740=DIRECTION('',(0.E0,0.E0,-1.E0));
#15741=DIRECTION('',(-1.E0,0.E0,0.E0));
#15742=AXIS2_PLACEMENT_3D('',#15739,#15740,#15741);
#15743=PLANE('',#15742);
#15744=ORIENTED_EDGE('',*,*,#11319,.F.);
#15746=ORIENTED_EDGE('',*,*,#15745,.T.);
#15747=ORIENTED_EDGE('',*,*,#12350,.T.);
#15748=ORIENTED_EDGE('',*,*,#15732,.F.);
#15749=EDGE_LOOP('',(#15744,#15746,#15747,#15748));
#15750=FACE_OUTER_BOUND('',#15749,.F.);
#15752=CARTESIAN_POINT('',(-2.890793814203E0,1.9E1,3.135926538594E0));
#15753=DIRECTION('',(1.921820436730E-1,0.E0,-9.813592930674E-1));
#15754=DIRECTION('',(-9.813592930674E-1,0.E0,-1.921820436730E-1));
#15755=AXIS2_PLACEMENT_3D('',#15752,#15753,#15754);
#15756=PLANE('',#15755);
#15757=ORIENTED_EDGE('',*,*,#11317,.F.);
#15759=ORIENTED_EDGE('',*,*,#15758,.T.);
#15760=ORIENTED_EDGE('',*,*,#12352,.T.);
#15761=ORIENTED_EDGE('',*,*,#15745,.F.);
#15762=EDGE_LOOP('',(#15757,#15759,#15760,#15761));
#15763=FACE_OUTER_BOUND('',#15762,.F.);
#15765=CARTESIAN_POINT('',(-2.661006607553E0,1.9E1,3.248426753171E0));
#15766=DIRECTION('',(4.397141723527E-1,0.E0,-8.981377659536E-1));
#15767=DIRECTION('',(-8.981377659536E-1,0.E0,-4.397141723527E-1));
#15768=AXIS2_PLACEMENT_3D('',#15765,#15766,#15767);
#15769=PLANE('',#15768);
#15770=ORIENTED_EDGE('',*,*,#11315,.F.);
#15772=ORIENTED_EDGE('',*,*,#15771,.T.);
#15773=ORIENTED_EDGE('',*,*,#12354,.T.);
#15774=ORIENTED_EDGE('',*,*,#15758,.F.);
#15775=EDGE_LOOP('',(#15770,#15772,#15773,#15774));
#15776=FACE_OUTER_BOUND('',#15775,.F.);
#15778=CARTESIAN_POINT('',(-2.431219400904E0,1.9E1,3.473426538594E0));
#15779=DIRECTION('',(6.996244945571E-1,0.E0,-7.145107183351E-1));
#15780=DIRECTION('',(-7.145107183351E-1,0.E0,-6.996244945571E-1));
#15781=AXIS2_PLACEMENT_3D('',#15778,#15779,#15780);
#15782=PLANE('',#15781);
#15783=ORIENTED_EDGE('',*,*,#11313,.F.);
#15785=ORIENTED_EDGE('',*,*,#15784,.T.);
#15786=ORIENTED_EDGE('',*,*,#12356,.T.);
#15787=ORIENTED_EDGE('',*,*,#15771,.F.);
#15788=EDGE_LOOP('',(#15783,#15785,#15786,#15787));
#15789=FACE_OUTER_BOUND('',#15788,.F.);
#15791=CARTESIAN_POINT('',(-2.316325797579E0,1.9E1,3.698426324017E0));
#15792=DIRECTION('',(8.906051112017E-1,0.E0,-4.547774575564E-1));
#15793=DIRECTION('',(-4.547774575564E-1,0.E0,-8.906051112017E-1));
#15794=AXIS2_PLACEMENT_3D('',#15791,#15792,#15793);
#15795=PLANE('',#15794);
#15796=ORIENTED_EDGE('',*,*,#11311,.F.);
#15798=ORIENTED_EDGE('',*,*,#15797,.T.);
#15799=ORIENTED_EDGE('',*,*,#12358,.T.);
#15800=ORIENTED_EDGE('',*,*,#15784,.F.);
#15801=EDGE_LOOP('',(#15796,#15798,#15799,#15800));
#15802=FACE_OUTER_BOUND('',#15801,.F.);
#15804=CARTESIAN_POINT('',(-2.258878995916E0,1.9E1,3.979676538594E0));
#15805=DIRECTION('',(9.797707392153E-1,0.E0,-2.001232084928E-1));
#15806=DIRECTION('',(-2.001232084928E-1,0.E0,-9.797707392153E-1));
#15807=AXIS2_PLACEMENT_3D('',#15804,#15805,#15806);
#15808=PLANE('',#15807);
#15809=ORIENTED_EDGE('',*,*,#11309,.F.);
#15811=ORIENTED_EDGE('',*,*,#15810,.T.);
#15812=ORIENTED_EDGE('',*,*,#12360,.T.);
#15813=ORIENTED_EDGE('',*,*,#15797,.F.);
#15814=EDGE_LOOP('',(#15809,#15811,#15812,#15813));
#15815=FACE_OUTER_BOUND('',#15814,.F.);
#15817=CARTESIAN_POINT('',(-2.258878995916E0,1.9E1,4.485926538594E0));
#15818=DIRECTION('',(1.E0,0.E0,0.E0));
#15819=DIRECTION('',(0.E0,0.E0,-1.E0));
#15820=AXIS2_PLACEMENT_3D('',#15817,#15818,#15819);
#15821=PLANE('',#15820);
#15822=ORIENTED_EDGE('',*,*,#11307,.F.);
#15824=ORIENTED_EDGE('',*,*,#15823,.T.);
#15825=ORIENTED_EDGE('',*,*,#12362,.T.);
#15826=ORIENTED_EDGE('',*,*,#15810,.F.);
#15827=EDGE_LOOP('',(#15822,#15824,#15825,#15826));
#15828=FACE_OUTER_BOUND('',#15827,.F.);
#15830=CARTESIAN_POINT('',(-2.316325797579E0,1.9E1,4.767176753171E0));
#15831=DIRECTION('',(9.797707392153E-1,0.E0,2.001232084928E-1));
#15832=DIRECTION('',(2.001232084928E-1,0.E0,-9.797707392153E-1));
#15833=AXIS2_PLACEMENT_3D('',#15830,#15831,#15832);
#15834=PLANE('',#15833);
#15835=ORIENTED_EDGE('',*,*,#11305,.F.);
#15837=ORIENTED_EDGE('',*,*,#15836,.T.);
#15838=ORIENTED_EDGE('',*,*,#12364,.T.);
#15839=ORIENTED_EDGE('',*,*,#15823,.F.);
#15840=EDGE_LOOP('',(#15835,#15837,#15838,#15839));
#15841=FACE_OUTER_BOUND('',#15840,.F.);
#15843=CARTESIAN_POINT('',(-2.431219400904E0,1.9E1,4.992176538594E0));
#15844=DIRECTION('',(8.906051112017E-1,0.E0,4.547774575564E-1));
#15845=DIRECTION('',(4.547774575564E-1,0.E0,-8.906051112017E-1));
#15846=AXIS2_PLACEMENT_3D('',#15843,#15844,#15845);
#15847=PLANE('',#15846);
#15848=ORIENTED_EDGE('',*,*,#11303,.F.);
#15850=ORIENTED_EDGE('',*,*,#15849,.T.);
#15851=ORIENTED_EDGE('',*,*,#12366,.T.);
#15852=ORIENTED_EDGE('',*,*,#15836,.F.);
#15853=EDGE_LOOP('',(#15848,#15850,#15851,#15852));
#15854=FACE_OUTER_BOUND('',#15853,.F.);
#15856=CARTESIAN_POINT('',(-2.661006607553E0,1.9E1,5.217176324017E0));
#15857=DIRECTION('',(6.996244945571E-1,0.E0,7.145107183351E-1));
#15858=DIRECTION('',(7.145107183351E-1,0.E0,-6.996244945571E-1));
#15859=AXIS2_PLACEMENT_3D('',#15856,#15857,#15858);
#15860=PLANE('',#15859);
#15861=ORIENTED_EDGE('',*,*,#11301,.F.);
#15863=ORIENTED_EDGE('',*,*,#15862,.T.);
#15864=ORIENTED_EDGE('',*,*,#12368,.T.);
#15865=ORIENTED_EDGE('',*,*,#15849,.F.);
#15866=EDGE_LOOP('',(#15861,#15863,#15864,#15865));
#15867=FACE_OUTER_BOUND('',#15866,.F.);
#15869=CARTESIAN_POINT('',(-2.948240776798E0,1.9E1,5.273426753171E0));
#15870=DIRECTION('',(1.921841617981E-1,0.E0,9.813588782673E-1));
#15871=DIRECTION('',(9.813588782673E-1,0.E0,-1.921841617981E-1));
#15872=AXIS2_PLACEMENT_3D('',#15869,#15870,#15871);
#15873=PLANE('',#15872);
#15874=ORIENTED_EDGE('',*,*,#11299,.F.);
#15876=ORIENTED_EDGE('',*,*,#15875,.T.);
#15877=ORIENTED_EDGE('',*,*,#12370,.T.);
#15878=ORIENTED_EDGE('',*,*,#15862,.F.);
#15879=EDGE_LOOP('',(#15874,#15876,#15877,#15878));
#15880=FACE_OUTER_BOUND('',#15879,.F.);
#15882=CARTESIAN_POINT('',(-2.948240776798E0,1.9E1,4.935926753171E0));
#15883=DIRECTION('',(-1.E0,0.E0,0.E0));
#15884=DIRECTION('',(0.E0,0.E0,1.E0));
#15885=AXIS2_PLACEMENT_3D('',#15882,#15883,#15884);
#15886=PLANE('',#15885);
#15887=ORIENTED_EDGE('',*,*,#11297,.F.);
#15889=ORIENTED_EDGE('',*,*,#15888,.T.);
#15890=ORIENTED_EDGE('',*,*,#12372,.T.);
#15891=ORIENTED_EDGE('',*,*,#15875,.F.);
#15892=EDGE_LOOP('',(#15887,#15889,#15890,#15891));
#15893=FACE_OUTER_BOUND('',#15892,.F.);
#15895=CARTESIAN_POINT('',(-2.775900210878E0,1.9E1,4.879676324017E0));
#15896=DIRECTION('',(-3.102819424634E-1,0.E0,-9.506445793151E-1));
#15897=DIRECTION('',(-9.506445793151E-1,0.E0,3.102819424634E-1));
#15898=AXIS2_PLACEMENT_3D('',#15895,#15896,#15897);
#15899=PLANE('',#15898);
#15900=ORIENTED_EDGE('',*,*,#11295,.F.);
#15902=ORIENTED_EDGE('',*,*,#15901,.T.);
#15903=ORIENTED_EDGE('',*,*,#12374,.T.);
#15904=ORIENTED_EDGE('',*,*,#15888,.F.);
#15905=EDGE_LOOP('',(#15900,#15902,#15903,#15904));
#15906=FACE_OUTER_BOUND('',#15905,.F.);
#15908=CARTESIAN_POINT('',(-2.661006607553E0,1.9E1,4.710926324017E0));
#15909=DIRECTION('',(-8.265992787996E-1,0.E0,-5.627909312417E-1));
#15910=DIRECTION('',(-5.627909312417E-1,0.E0,8.265992787996E-1));
#15911=AXIS2_PLACEMENT_3D('',#15908,#15909,#15910);
#15912=PLANE('',#15911);
#15913=ORIENTED_EDGE('',*,*,#11293,.F.);
#15915=ORIENTED_EDGE('',*,*,#15914,.T.);
#15916=ORIENTED_EDGE('',*,*,#12376,.T.);
#15917=ORIENTED_EDGE('',*,*,#15901,.F.);
#15918=EDGE_LOOP('',(#15913,#15915,#15916,#15917));
#15919=FACE_OUTER_BOUND('',#15918,.F.);
#15921=CARTESIAN_POINT('',(-2.603559805891E0,1.9E1,4.485926538594E0));
#15922=DIRECTION('',(-9.689176611437E-1,0.E0,-2.473834390653E-1));
#15923=DIRECTION('',(-2.473834390653E-1,0.E0,9.689176611437E-1));
#15924=AXIS2_PLACEMENT_3D('',#15921,#15922,#15923);
#15925=PLANE('',#15924);
#15926=ORIENTED_EDGE('',*,*,#11291,.F.);
#15928=ORIENTED_EDGE('',*,*,#15927,.T.);
#15929=ORIENTED_EDGE('',*,*,#12378,.T.);
#15930=ORIENTED_EDGE('',*,*,#15914,.F.);
#15931=EDGE_LOOP('',(#15926,#15928,#15929,#15930));
#15932=FACE_OUTER_BOUND('',#15931,.F.);
#15934=CARTESIAN_POINT('',(-2.603559805891E0,1.9E1,3.979676538594E0));
#15935=DIRECTION('',(-1.E0,0.E0,0.E0));
#15936=DIRECTION('',(0.E0,0.E0,1.E0));
#15937=AXIS2_PLACEMENT_3D('',#15934,#15935,#15936);
#15938=PLANE('',#15937);
#15939=ORIENTED_EDGE('',*,*,#11289,.F.);
#15941=ORIENTED_EDGE('',*,*,#15940,.T.);
#15942=ORIENTED_EDGE('',*,*,#12380,.T.);
#15943=ORIENTED_EDGE('',*,*,#15927,.F.);
#15944=EDGE_LOOP('',(#15939,#15941,#15942,#15943));
#15945=FACE_OUTER_BOUND('',#15944,.F.);
#15947=CARTESIAN_POINT('',(-2.661006607553E0,1.9E1,3.754676753171E0));
#15948=DIRECTION('',(-9.689176611437E-1,0.E0,2.473834390653E-1));
#15949=DIRECTION('',(2.473834390653E-1,0.E0,9.689176611437E-1));
#15950=AXIS2_PLACEMENT_3D('',#15947,#15948,#15949);
#15951=PLANE('',#15950);
#15952=ORIENTED_EDGE('',*,*,#11287,.F.);
#15954=ORIENTED_EDGE('',*,*,#15953,.T.);
#15955=ORIENTED_EDGE('',*,*,#12382,.T.);
#15956=ORIENTED_EDGE('',*,*,#15940,.F.);
#15957=EDGE_LOOP('',(#15952,#15954,#15955,#15956));
#15958=FACE_OUTER_BOUND('',#15957,.F.);
#15960=CARTESIAN_POINT('',(-2.775900210878E0,1.9E1,3.585926753171E0));
#15961=DIRECTION('',(-8.265992787996E-1,0.E0,5.627909312417E-1));
#15962=DIRECTION('',(5.627909312417E-1,0.E0,8.265992787996E-1));
#15963=AXIS2_PLACEMENT_3D('',#15960,#15961,#15962);
#15964=PLANE('',#15963);
#15965=ORIENTED_EDGE('',*,*,#11285,.F.);
#15967=ORIENTED_EDGE('',*,*,#15966,.T.);
#15968=ORIENTED_EDGE('',*,*,#12384,.T.);
#15969=ORIENTED_EDGE('',*,*,#15953,.F.);
#15970=EDGE_LOOP('',(#15965,#15967,#15968,#15969));
#15971=FACE_OUTER_BOUND('',#15970,.F.);
#15973=CARTESIAN_POINT('',(-2.948240776798E0,1.9E1,3.473426538594E0));
#15974=DIRECTION('',(-5.466229197794E-1,0.E0,8.373788769559E-1));
#15975=DIRECTION('',(8.373788769559E-1,0.E0,5.466229197794E-1));
#15976=AXIS2_PLACEMENT_3D('',#15973,#15974,#15975);
#15977=PLANE('',#15976);
#15978=ORIENTED_EDGE('',*,*,#11283,.F.);
#15980=ORIENTED_EDGE('',*,*,#15979,.T.);
#15981=ORIENTED_EDGE('',*,*,#12386,.T.);
#15982=ORIENTED_EDGE('',*,*,#15966,.F.);
#15983=EDGE_LOOP('',(#15978,#15980,#15981,#15982));
#15984=FACE_OUTER_BOUND('',#15983,.F.);
#15986=CARTESIAN_POINT('',(-3.178027983448E0,1.9E1,3.417176753171E0));
#15987=DIRECTION('',(-2.377704967206E-1,0.E0,9.713213633444E-1));
#15988=DIRECTION('',(9.713213633444E-1,0.E0,2.377704967206E-1));
#15989=AXIS2_PLACEMENT_3D('',#15986,#15987,#15988);
#15990=PLANE('',#15989);
#15991=ORIENTED_EDGE('',*,*,#11281,.F.);
#15993=ORIENTED_EDGE('',*,*,#15992,.T.);
#15994=ORIENTED_EDGE('',*,*,#12388,.T.);
#15995=ORIENTED_EDGE('',*,*,#15979,.F.);
#15996=EDGE_LOOP('',(#15991,#15993,#15994,#15995));
#15997=FACE_OUTER_BOUND('',#15996,.F.);
#15999=CARTESIAN_POINT('',(-4.039730088851E0,1.9E1,3.417176753171E0));
#16000=DIRECTION('',(0.E0,0.E0,1.E0));
#16001=DIRECTION('',(1.E0,0.E0,0.E0));
#16002=AXIS2_PLACEMENT_3D('',#15999,#16000,#16001);
#16003=PLANE('',#16002);
#16004=ORIENTED_EDGE('',*,*,#11279,.F.);
#16006=ORIENTED_EDGE('',*,*,#16005,.T.);
#16007=ORIENTED_EDGE('',*,*,#12390,.T.);
#16008=ORIENTED_EDGE('',*,*,#15992,.F.);
#16009=EDGE_LOOP('',(#16004,#16006,#16007,#16008));
#16010=FACE_OUTER_BOUND('',#16009,.F.);
#16012=CARTESIAN_POINT('',(-4.269517295501E0,1.9E1,3.473426538594E0));
#16013=DIRECTION('',(2.377704967206E-1,0.E0,9.713213633444E-1));
#16014=DIRECTION('',(9.713213633444E-1,0.E0,-2.377704967206E-1));
#16015=AXIS2_PLACEMENT_3D('',#16012,#16013,#16014);
#16016=PLANE('',#16015);
#16017=ORIENTED_EDGE('',*,*,#11277,.F.);
#16019=ORIENTED_EDGE('',*,*,#16018,.T.);
#16020=ORIENTED_EDGE('',*,*,#12392,.T.);
#16021=ORIENTED_EDGE('',*,*,#16005,.F.);
#16022=EDGE_LOOP('',(#16017,#16019,#16020,#16021));
#16023=FACE_OUTER_BOUND('',#16022,.F.);
#16025=CARTESIAN_POINT('',(-4.441857700488E0,1.9E1,3.585926753171E0));
#16026=DIRECTION('',(5.466232777014E-1,0.E0,8.373786433120E-1));
#16027=DIRECTION('',(8.373786433120E-1,0.E0,-5.466232777014E-1));
#16028=AXIS2_PLACEMENT_3D('',#16025,#16026,#16027);
#16029=PLANE('',#16028);
#16030=ORIENTED_EDGE('',*,*,#11275,.F.);
#16032=ORIENTED_EDGE('',*,*,#16031,.T.);
#16033=ORIENTED_EDGE('',*,*,#12394,.T.);
#16034=ORIENTED_EDGE('',*,*,#16018,.F.);
#16035=EDGE_LOOP('',(#16030,#16032,#16033,#16034));
#16036=FACE_OUTER_BOUND('',#16035,.F.);
#16038=CARTESIAN_POINT('',(-4.556751344046E0,1.9E1,3.754676753171E0));
#16039=DIRECTION('',(8.265991871191E-1,0.E0,5.627910658976E-1));
#16040=DIRECTION('',(5.627910658976E-1,0.E0,-8.265991871191E-1));
#16041=AXIS2_PLACEMENT_3D('',#16038,#16039,#16040);
#16042=PLANE('',#16041);
#16043=ORIENTED_EDGE('',*,*,#11273,.F.);
#16045=ORIENTED_EDGE('',*,*,#16044,.T.);
#16046=ORIENTED_EDGE('',*,*,#12396,.T.);
#16047=ORIENTED_EDGE('',*,*,#16031,.F.);
#16048=EDGE_LOOP('',(#16043,#16045,#16046,#16047));
#16049=FACE_OUTER_BOUND('',#16048,.F.);
#16051=CARTESIAN_POINT('',(-4.614198145709E0,1.9E1,3.979676538594E0));
#16052=DIRECTION('',(9.689176611437E-1,0.E0,2.473834390653E-1));
#16053=DIRECTION('',(2.473834390653E-1,0.E0,-9.689176611437E-1));
#16054=AXIS2_PLACEMENT_3D('',#16051,#16052,#16053);
#16055=PLANE('',#16054);
#16056=ORIENTED_EDGE('',*,*,#11271,.F.);
#16058=ORIENTED_EDGE('',*,*,#16057,.T.);
#16059=ORIENTED_EDGE('',*,*,#12398,.T.);
#16060=ORIENTED_EDGE('',*,*,#16044,.F.);
#16061=EDGE_LOOP('',(#16056,#16058,#16059,#16060));
#16062=FACE_OUTER_BOUND('',#16061,.F.);
#16064=CARTESIAN_POINT('',(-4.614198145709E0,1.9E1,4.485926538594E0));
#16065=DIRECTION('',(1.E0,0.E0,0.E0));
#16066=DIRECTION('',(0.E0,0.E0,-1.E0));
#16067=AXIS2_PLACEMENT_3D('',#16064,#16065,#16066);
#16068=PLANE('',#16067);
#16069=ORIENTED_EDGE('',*,*,#11269,.F.);
#16071=ORIENTED_EDGE('',*,*,#16070,.T.);
#16072=ORIENTED_EDGE('',*,*,#12400,.T.);
#16073=ORIENTED_EDGE('',*,*,#16057,.F.);
#16074=EDGE_LOOP('',(#16069,#16071,#16072,#16073));
#16075=FACE_OUTER_BOUND('',#16074,.F.);
#16077=CARTESIAN_POINT('',(-4.556751344046E0,1.9E1,4.710926324017E0));
#16078=DIRECTION('',(9.689176611437E-1,0.E0,-2.473834390653E-1));
#16079=DIRECTION('',(-2.473834390653E-1,0.E0,-9.689176611437E-1));
#16080=AXIS2_PLACEMENT_3D('',#16077,#16078,#16079);
#16081=PLANE('',#16080);
#16082=ORIENTED_EDGE('',*,*,#11267,.F.);
#16084=ORIENTED_EDGE('',*,*,#16083,.T.);
#16085=ORIENTED_EDGE('',*,*,#12402,.T.);
#16086=ORIENTED_EDGE('',*,*,#16070,.F.);
#16087=EDGE_LOOP('',(#16082,#16084,#16085,#16086));
#16088=FACE_OUTER_BOUND('',#16087,.F.);
#16090=CARTESIAN_POINT('',(-4.441857700488E0,1.9E1,4.879676324017E0));
#16091=DIRECTION('',(8.265991871191E-1,0.E0,-5.627910658976E-1));
#16092=DIRECTION('',(-5.627910658976E-1,0.E0,-8.265991871191E-1));
#16093=AXIS2_PLACEMENT_3D('',#16090,#16091,#16092);
#16094=PLANE('',#16093);
#16095=ORIENTED_EDGE('',*,*,#11265,.F.);
#16097=ORIENTED_EDGE('',*,*,#16096,.T.);
#16098=ORIENTED_EDGE('',*,*,#12404,.T.);
#16099=ORIENTED_EDGE('',*,*,#16083,.F.);
#16100=EDGE_LOOP('',(#16095,#16097,#16098,#16099));
#16101=FACE_OUTER_BOUND('',#16100,.F.);
#16103=CARTESIAN_POINT('',(-4.269517295501E0,1.9E1,4.935926753171E0));
#16104=DIRECTION('',(3.102822043116E-1,0.E0,-9.506444938501E-1));
#16105=DIRECTION('',(-9.506444938501E-1,0.E0,-3.102822043116E-1));
#16106=AXIS2_PLACEMENT_3D('',#16103,#16104,#16105);
#16107=PLANE('',#16106);
#16108=ORIENTED_EDGE('',*,*,#11263,.F.);
#16109=ORIENTED_EDGE('',*,*,#15604,.T.);
#16110=ORIENTED_EDGE('',*,*,#12406,.T.);
#16111=ORIENTED_EDGE('',*,*,#16096,.F.);
#16112=EDGE_LOOP('',(#16108,#16109,#16110,#16111));
#16113=FACE_OUTER_BOUND('',#16112,.F.);
#16115=CARTESIAN_POINT('',(0.E0,4.408739718026E-1,0.E0));
#16116=DIRECTION('',(0.E0,1.E0,0.E0));
#16117=DIRECTION('',(9.999863857153E-1,0.E0,-5.218082417183E-3));
#16118=AXIS2_PLACEMENT_3D('',#16115,#16116,#16117);
#16119=TOROIDAL_SURFACE('',#16118,7.38E0,1.62E0);
#16120=ORIENTED_EDGE('',*,*,#10736,.T.);
#16122=ORIENTED_EDGE('',*,*,#16121,.T.);
#16124=ORIENTED_EDGE('',*,*,#16123,.F.);
#16126=ORIENTED_EDGE('',*,*,#16125,.F.);
#16127=EDGE_LOOP('',(#16120,#16122,#16124,#16126));
#16128=FACE_OUTER_BOUND('',#16127,.F.);
#16130=CARTESIAN_POINT('',(0.E0,4.408739718026E-1,0.E0));
#16131=DIRECTION('',(0.E0,1.E0,0.E0));
#16132=DIRECTION('',(-9.999863857153E-1,0.E0,5.218082417182E-3));
#16133=AXIS2_PLACEMENT_3D('',#16130,#16131,#16132);
#16134=TOROIDAL_SURFACE('',#16133,7.38E0,1.62E0);
#16135=ORIENTED_EDGE('',*,*,#10679,.T.);
#16136=ORIENTED_EDGE('',*,*,#16125,.T.);
#16138=ORIENTED_EDGE('',*,*,#16137,.F.);
#16139=ORIENTED_EDGE('',*,*,#16121,.F.);
#16140=EDGE_LOOP('',(#16135,#16136,#16138,#16139));
#16141=FACE_OUTER_BOUND('',#16140,.F.);
#16143=CARTESIAN_POINT('',(0.E0,2.5E0,0.E0));
#16144=DIRECTION('',(0.E0,-1.E0,0.E0));
#16145=DIRECTION('',(-1.E0,0.E0,0.E0));
#16146=AXIS2_PLACEMENT_3D('',#16143,#16144,#16145);
#16147=TOROIDAL_SURFACE('',#16146,9.E0,1.E0);
#16148=ORIENTED_EDGE('',*,*,#10697,.T.);
#16150=ORIENTED_EDGE('',*,*,#16149,.F.);
#16151=ORIENTED_EDGE('',*,*,#16137,.T.);
#16153=ORIENTED_EDGE('',*,*,#16152,.T.);
#16154=EDGE_LOOP('',(#16148,#16150,#16151,#16153));
#16155=FACE_OUTER_BOUND('',#16154,.F.);
#16157=CARTESIAN_POINT('',(0.E0,2.5E0,0.E0));
#16158=DIRECTION('',(0.E0,-1.E0,0.E0));
#16159=DIRECTION('',(-1.E0,0.E0,0.E0));
#16160=AXIS2_PLACEMENT_3D('',#16157,#16158,#16159);
#16161=TOROIDAL_SURFACE('',#16160,9.E0,1.E0);
#16162=ORIENTED_EDGE('',*,*,#10712,.T.);
#16163=ORIENTED_EDGE('',*,*,#16152,.F.);
#16164=ORIENTED_EDGE('',*,*,#16123,.T.);
#16165=ORIENTED_EDGE('',*,*,#16149,.T.);
#16166=EDGE_LOOP('',(#16162,#16163,#16164,#16165));
#16167=FACE_OUTER_BOUND('',#16166,.F.);
#16169=CLOSED_SHELL('',(#10657,#10673,#10688,#10703,#10717,#10730,#10743,#10758,
#10779,#10792,#10805,#10822,#10833,#11343,#11387,#11431,#11475,#11491,#11505,
#11531,#11543,#11558,#11572,#11586,#11600,#11614,#11628,#11641,#11656,#11756,
#11866,#11976,#12076,#12186,#12220,#12266,#12310,#12410,#12436,#12449,#12462,
#12475,#12488,#12501,#12514,#12527,#12540,#12553,#12566,#12579,#12592,#12605,
#12618,#12631,#12644,#12657,#12670,#12683,#12696,#12709,#12722,#12735,#12748,
#12761,#12774,#12787,#12800,#12813,#12826,#12839,#12852,#12865,#12878,#12891,
#12904,#12917,#12930,#12942,#12956,#12969,#12982,#12995,#13008,#13021,#13034,
#13047,#13060,#13073,#13086,#13099,#13112,#13125,#13138,#13151,#13164,#13177,
#13190,#13203,#13216,#13229,#13242,#13255,#13268,#13280,#13294,#13307,#13320,
#13333,#13346,#13359,#13372,#13385,#13398,#13411,#13424,#13437,#13450,#13463,
#13476,#13489,#13502,#13514,#13528,#13541,#13554,#13567,#13580,#13593,#13606,
#13619,#13632,#13645,#13658,#13671,#13684,#13697,#13710,#13723,#13736,#13749,
#13762,#13775,#13788,#13801,#13814,#13827,#13840,#13852,#13866,#13879,#13892,
#13905,#13918,#13931,#13944,#13957,#13970,#13983,#13996,#14009,#14022,#14035,
#14048,#14061,#14074,#14086,#14100,#14113,#14126,#14139,#14152,#14165,#14178,
#14191,#14204,#14217,#14230,#14243,#14256,#14269,#14282,#14295,#14308,#14321,
#14334,#14347,#14360,#14373,#14386,#14399,#14412,#14425,#14438,#14451,#14464,
#14477,#14490,#14503,#14516,#14529,#14542,#14555,#14568,#14581,#14594,#14606,
#14620,#14633,#14646,#14659,#14672,#14685,#14698,#14711,#14724,#14737,#14750,
#14763,#14776,#14789,#14802,#14815,#14828,#14841,#14854,#14867,#14880,#14893,
#14906,#14919,#14932,#14944,#14958,#14971,#14984,#14997,#15010,#15023,#15036,
#15049,#15062,#15075,#15088,#15101,#15114,#15127,#15140,#15153,#15166,#15178,
#15192,#15205,#15218,#15231,#15244,#15257,#15269,#15283,#15296,#15309,#15322,
#15335,#15348,#15361,#15374,#15387,#15400,#15413,#15426,#15438,#15452,#15465,
#15478,#15491,#15504,#15517,#15530,#15543,#15556,#15569,#15582,#15594,#15608,
#15621,#15634,#15647,#15660,#15673,#15686,#15699,#15712,#15725,#15738,#15751,
#15764,#15777,#15790,#15803,#15816,#15829,#15842,#15855,#15868,#15881,#15894,
#15907,#15920,#15933,#15946,#15959,#15972,#15985,#15998,#16011,#16024,#16037,
#16050,#16063,#16076,#16089,#16102,#16114,#16129,#16142,#16156,#16168));
#16170=MANIFOLD_SOLID_BREP('',#16169);
#16171=FILL_AREA_STYLE_COLOUR('',#15);
#16172=FILL_AREA_STYLE('',(#16171));
#16173=SURFACE_STYLE_FILL_AREA(#16172);
#16174=SURFACE_SIDE_STYLE('',(#16173));
#16175=SURFACE_STYLE_USAGE(.BOTH.,#16174);
#16176=PRESENTATION_STYLE_ASSIGNMENT((#16175));
#2970=STYLED_ITEM('',(#16176),#16170);
#16179=PLANE_ANGLE_MEASURE_WITH_UNIT(PLANE_ANGLE_MEASURE(1.745329251994E-2),
#16178);
#16180=(CONVERSION_BASED_UNIT('DEGREE',#16179)NAMED_UNIT(*)PLANE_ANGLE_UNIT());
#16182=UNCERTAINTY_MEASURE_WITH_UNIT(LENGTH_MEASURE(3.176947200076E-3),#16177,
'distance_accuracy_value',
'Maximum model space distance between geometric entities at asserted connectivities');
#16184=CARTESIAN_POINT('',(0.E0,0.E0,0.E0));
#16185=DIRECTION('',(0.E0,0.E0,1.E0));
#16186=DIRECTION('',(1.E0,0.E0,0.E0));
#16189=PRODUCT_CONTEXT('',#2905,'mechanical');
#16190=PRODUCT('03-000','03-000','NOT SPECIFIED',(#16189));
#16191=PRODUCT_DEFINITION_FORMATION('41','LAST_VERSION',#16190);
#16199=DERIVED_UNIT_ELEMENT(#16198,2.E0);
#16200=DERIVED_UNIT((#16199));
#16201=MEASURE_REPRESENTATION_ITEM('surface area measure',AREA_MEASURE(
1.597539912966E3),#16200);
#16206=DERIVED_UNIT_ELEMENT(#16205,3.E0);
#16207=DERIVED_UNIT((#16206));
#16208=MEASURE_REPRESENTATION_ITEM('volume measure',VOLUME_MEASURE(
4.732460870750E3),#16207);
#16212=CARTESIAN_POINT('centre point',(6.272548187521E-6,9.646943404039E0,
1.706166339071E-5));
#16217=DERIVED_UNIT_ELEMENT(#16216,2.E0);
#16218=DERIVED_UNIT((#16217));
#16219=MEASURE_REPRESENTATION_ITEM('surface area measure',AREA_MEASURE(
1.597539912966E3),#16218);
#16224=DERIVED_UNIT_ELEMENT(#16223,3.E0);
#16225=DERIVED_UNIT((#16224));
#16226=MEASURE_REPRESENTATION_ITEM('volume measure',VOLUME_MEASURE(
4.732460870750E3),#16225);
#16230=CARTESIAN_POINT('centre point',(6.272548187521E-6,9.646943404039E0,
1.706166339071E-5));
#16237=CARTESIAN_POINT('centre point',(1.164694340404E1,9.499993727452E0,
-1.044998293834E1));
#16241=CARTESIAN_POINT('',(2.E0,9.5E0,-1.045E1));
#16242=DIRECTION('',(0.E0,0.E0,1.E0));
#16243=DIRECTION('',(0.E0,-1.E0,0.E0));
#16244=AXIS2_PLACEMENT_3D('',#16241,#16242,#16243);
#16245=ITEM_DEFINED_TRANSFORMATION('','',#16187,#16244);
#16246=(REPRESENTATION_RELATIONSHIP('','',#16188,#2956)REPRESENTATION_RELATIONSHIP_WITH_TRANSFORMATION(#16245)SHAPE_REPRESENTATION_RELATIONSHIP());
#16247=CONTEXT_DEPENDENT_SHAPE_REPRESENTATION(#16246,#16236);
#16250=DIRECTION('',(9.702957262760E-1,-2.419218955996E-1,0.E0));
#16251=VECTOR('',#16250,5.564818875667E-1);
#16252=CARTESIAN_POINT('',(-5.148779280701E0,-3.096936340838E0,1.67376E1));
#16253=LINE('',#16252,#16251);
#16254=CURVE_STYLE('',#26,POSITIVE_LENGTH_MEASURE(2.E-2),#16248);
#16255=PRESENTATION_STYLE_ASSIGNMENT((#16254));
#16256=STYLED_ITEM('',(#16255),#16253);
#16257=CARTESIAN_POINT('',(-4.766419207170E0,-2.318024695133E0,1.67376E1));
#16258=DIRECTION('',(0.E0,0.E0,1.E0));
#16259=DIRECTION('',(1.E0,7.106918684451E-11,0.E0));
#16260=AXIS2_PLACEMENT_3D('',#16257,#16258,#16259);
#16262=CURVE_STYLE('',#26,POSITIVE_LENGTH_MEASURE(2.E-2),#16248);
#16263=PRESENTATION_STYLE_ASSIGNMENT((#16262));
#16264=STYLED_ITEM('',(#16263),#16261);
#16265=DIRECTION('',(-9.694524358107E-1,2.452793809123E-1,0.E0));
#16266=VECTOR('',#16265,2.487099722479E0);
#16267=CARTESIAN_POINT('',(-4.727765157689E0,-2.165246820811E0,1.67376E1));
#16268=LINE('',#16267,#16266);
#16269=CURVE_STYLE('',#26,POSITIVE_LENGTH_MEASURE(2.E-2),#16248);
#16270=PRESENTATION_STYLE_ASSIGNMENT((#16269));
#16271=STYLED_ITEM('',(#16270),#16268);
#16272=DIRECTION('',(9.702957262759E-1,-2.419218955999E-1,0.E0));
#16273=VECTOR('',#16272,1.103168828856E0);
#16274=CARTESIAN_POINT('',(-7.138890041750E0,-1.943314735774E0,1.67376E1));
#16275=LINE('',#16274,#16273);
#16276=CURVE_STYLE('',#26,POSITIVE_LENGTH_MEASURE(2.E-2),#16248);
#16277=PRESENTATION_STYLE_ASSIGNMENT((#16276));
#16278=STYLED_ITEM('',(#16277),#16275);
#16279=CARTESIAN_POINT('',(-6.161804481875E0,-2.357056472467E0,1.67376E1));
#16280=DIRECTION('',(0.E0,0.E0,-1.E0));
#16281=DIRECTION('',(1.E0,-7.018664697645E-11,0.E0));
#16282=AXIS2_PLACEMENT_3D('',#16279,#16280,#16281);
#16284=CURVE_STYLE('',#26,POSITIVE_LENGTH_MEASURE(2.E-2),#16248);
#16285=PRESENTATION_STYLE_ASSIGNMENT((#16284));
#16286=STYLED_ITEM('',(#16285),#16283);
#16287=CARTESIAN_POINT('',(-6.161804481875E0,-2.357056472467E0,1.67376E1));
#16288=DIRECTION('',(0.E0,0.E0,-1.E0));
#16289=DIRECTION('',(0.E0,-1.E0,0.E0));
#16290=AXIS2_PLACEMENT_3D('',#16287,#16288,#16289);
#16292=CURVE_STYLE('',#26,POSITIVE_LENGTH_MEASURE(2.E-2),#16248);
#16293=PRESENTATION_STYLE_ASSIGNMENT((#16292));
#16294=STYLED_ITEM('',(#16293),#16291);
#16295=DIRECTION('',(-9.702957262759E-1,2.419218956E-1,0.E0));
#16296=VECTOR('',#16295,9.837317920759E-1);
#16297=CARTESIAN_POINT('',(-6.184379288097E0,-2.447599074925E0,1.67376E1));
#16298=LINE('',#16297,#16296);
#16299=CURVE_STYLE('',#26,POSITIVE_LENGTH_MEASURE(2.E-2),#16248);
#16300=PRESENTATION_STYLE_ASSIGNMENT((#16299));
#16301=STYLED_ITEM('',(#16300),#16298);
#16302=DIRECTION('',(9.702957262759E-1,-2.419218955999E-1,0.E0));
#16303=VECTOR('',#16302,1.271655488747E0);
#16304=CARTESIAN_POINT('',(-7.138890041750E0,-2.600745999350E0,1.67376E1));
#16305=LINE('',#16304,#16303);
#16306=CURVE_STYLE('',#26,POSITIVE_LENGTH_MEASURE(2.E-2),#16248);
#16307=PRESENTATION_STYLE_ASSIGNMENT((#16306));
#16308=STYLED_ITEM('',(#16307),#16305);
#16309=CARTESIAN_POINT('',(-5.852420371110E0,-2.697469221845E0,1.67376E1));
#16310=DIRECTION('',(0.E0,0.E0,1.E0));
#16311=DIRECTION('',(-2.419218955529E-1,-9.702957262877E-1,0.E0));
#16312=AXIS2_PLACEMENT_3D('',#16309,#16310,#16311);
#16314=CURVE_STYLE('',#26,POSITIVE_LENGTH_MEASURE(2.E-2),#16248);
#16315=PRESENTATION_STYLE_ASSIGNMENT((#16314));
#16316=STYLED_ITEM('',(#16315),#16313);
#16317=CARTESIAN_POINT('',(-5.852420371110E0,-2.697469221845E0,1.67376E1));
#16318=DIRECTION('',(0.E0,0.E0,1.E0));
#16319=DIRECTION('',(0.E0,-1.E0,0.E0));
#16320=AXIS2_PLACEMENT_3D('',#16317,#16318,#16319);
#16322=CURVE_STYLE('',#26,POSITIVE_LENGTH_MEASURE(2.E-2),#16248);
#16323=PRESENTATION_STYLE_ASSIGNMENT((#16322));
#16324=STYLED_ITEM('',(#16323),#16321);
#16325=CARTESIAN_POINT('',(-5.564683901101E0,-2.408323845333E0,1.67376E1));
#16326=DIRECTION('',(0.E0,0.E0,-1.E0));
#16327=DIRECTION('',(-1.E0,-1.759847907712E-10,0.E0));
#16328=AXIS2_PLACEMENT_3D('',#16325,#16326,#16327);
#16330=CURVE_STYLE('',#26,POSITIVE_LENGTH_MEASURE(2.E-2),#16248);
#16331=PRESENTATION_STYLE_ASSIGNMENT((#16330));
#16332=STYLED_ITEM('',(#16331),#16329);
#16333=CARTESIAN_POINT('',(-5.564683901101E0,-2.408323845333E0,1.67376E1));
#16334=DIRECTION('',(0.E0,0.E0,-1.E0));
#16335=DIRECTION('',(-1.170539012890E-10,1.E0,0.E0));
#16336=AXIS2_PLACEMENT_3D('',#16333,#16334,#16335);
#16338=CURVE_STYLE('',#26,POSITIVE_LENGTH_MEASURE(2.E-2),#16248);
#16339=PRESENTATION_STYLE_ASSIGNMENT((#16338));
#16340=STYLED_ITEM('',(#16339),#16337);
#16341=DIRECTION('',(9.702957262761E-1,-2.419218955993E-1,0.E0));
#16342=VECTOR('',#16341,4.110938984507E-1);
#16343=CARTESIAN_POINT('',(-5.547661933466E0,-2.340052462080E0,1.67376E1));
#16344=LINE('',#16343,#16342);
#16345=CURVE_STYLE('',#26,POSITIVE_LENGTH_MEASURE(2.E-2),#16248);
#16346=PRESENTATION_STYLE_ASSIGNMENT((#16345));
#16347=STYLED_ITEM('',(#16346),#16344);
#16348=DIRECTION('',(-1.387778780781E-14,8.326672684689E-14,-1.E0));
#16349=VECTOR('',#16348,6.4E-2);
#16350=CARTESIAN_POINT('',(-5.148779280701E0,-3.096936340838E0,1.68016E1));
#16351=LINE('',#16350,#16349);
#16352=CURVE_STYLE('',#26,POSITIVE_LENGTH_MEASURE(2.E-2),#16248);
#16353=PRESENTATION_STYLE_ASSIGNMENT((#16352));
#16354=STYLED_ITEM('',(#16353),#16351);
#16355=DIRECTION('',(-2.296670993828E-14,1.E0,0.E0));
#16356=VECTOR('',#16355,6.574312635759E-1);
#16357=CARTESIAN_POINT('',(-5.148779280701E0,-3.096936340838E0,1.67376E1));
#16358=LINE('',#16357,#16356);
#16359=CURVE_STYLE('',#26,POSITIVE_LENGTH_MEASURE(2.E-2),#16248);
#16360=PRESENTATION_STYLE_ASSIGNMENT((#16359));
#16361=STYLED_ITEM('',(#16360),#16358);
#16362=DIRECTION('',(9.714451465470E-14,-6.591949208712E-13,-1.E0));
#16363=VECTOR('',#16362,6.4E-2);
#16364=CARTESIAN_POINT('',(-5.148779280701E0,-2.439505077262E0,1.68016E1));
#16365=LINE('',#16364,#16363);
#16366=CURVE_STYLE('',#26,POSITIVE_LENGTH_MEASURE(2.E-2),#16248);
#16367=PRESENTATION_STYLE_ASSIGNMENT((#16366));
#16368=STYLED_ITEM('',(#16367),#16365);
#16369=DIRECTION('',(-7.011058400508E-11,1.736805144148E-11,-1.E0));
#16370=VECTOR('',#16369,6.4E-2);
#16371=CARTESIAN_POINT('',(-5.547661933461E0,-2.340052462081E0,1.68016E1));
#16372=LINE('',#16371,#16370);
#16373=CURVE_STYLE('',#26,POSITIVE_LENGTH_MEASURE(2.E-2),#16248);
#16374=PRESENTATION_STYLE_ASSIGNMENT((#16373));
#16375=STYLED_ITEM('',(#16374),#16372);
#16376=DIRECTION('',(-1.387778780781E-14,3.991251773527E-11,1.E0));
#16377=VECTOR('',#16376,6.4E-2);
#16378=CARTESIAN_POINT('',(-5.635045319176E0,-2.408323845341E0,1.67376E1));
#16379=LINE('',#16378,#16377);
#16380=CURVE_STYLE('',#26,POSITIVE_LENGTH_MEASURE(2.E-2),#16248);
#16381=PRESENTATION_STYLE_ASSIGNMENT((#16380));
#16382=STYLED_ITEM('',(#16381),#16379);
#16383=DIRECTION('',(-9.702957262760E-1,2.419218955996E-1,0.E0));
#16384=VECTOR('',#16383,5.564818875667E-1);
#16385=CARTESIAN_POINT('',(-4.608827283445E0,-3.231561493945E0,1.68016E1));
#16386=LINE('',#16385,#16384);
#16387=CURVE_STYLE('',#26,POSITIVE_LENGTH_MEASURE(2.E-2),#16248);
#16388=PRESENTATION_STYLE_ASSIGNMENT((#16387));
#16389=STYLED_ITEM('',(#16388),#16386);
#16390=DIRECTION('',(-3.377457343864E-14,1.E0,0.E0));
#16391=VECTOR('',#16390,6.574312635760E-1);
#16392=CARTESIAN_POINT('',(-5.148779280701E0,-3.096936340838E0,1.68016E1));
#16393=LINE('',#16392,#16391);
#16394=CURVE_STYLE('',#26,POSITIVE_LENGTH_MEASURE(2.E-2),#16248);
#16395=PRESENTATION_STYLE_ASSIGNMENT((#16394));
#16396=STYLED_ITEM('',(#16395),#16393);
#16397=DIRECTION('',(-9.702957262761E-1,2.419218955992E-1,0.E0));
#16398=VECTOR('',#16397,4.110938984460E-1);
#16399=CARTESIAN_POINT('',(-5.148779280701E0,-2.439505077262E0,1.68016E1));
#16400=LINE('',#16399,#16398);
#16401=CURVE_STYLE('',#26,POSITIVE_LENGTH_MEASURE(2.E-2),#16248);
#16402=PRESENTATION_STYLE_ASSIGNMENT((#16401));
#16403=STYLED_ITEM('',(#16402),#16400);
#16404=CARTESIAN_POINT('',(-5.564683901101E0,-2.408323845333E0,1.68016E1));
#16405=DIRECTION('',(0.E0,0.E0,1.E0));
#16406=DIRECTION('',(2.419218957274E-1,9.702957262441E-1,0.E0));
#16407=AXIS2_PLACEMENT_3D('',#16404,#16405,#16406);
#16409=CURVE_STYLE('',#26,POSITIVE_LENGTH_MEASURE(2.E-2),#16248);
#16410=PRESENTATION_STYLE_ASSIGNMENT((#16409));
#16411=STYLED_ITEM('',(#16410),#16408);
#16412=CARTESIAN_POINT('',(-5.564683901101E0,-2.408323845333E0,1.68016E1));
#16413=DIRECTION('',(0.E0,0.E0,1.E0));
#16414=DIRECTION('',(-4.007830654510E-11,1.E0,0.E0));
#16415=AXIS2_PLACEMENT_3D('',#16412,#16413,#16414);
#16417=CURVE_STYLE('',#26,POSITIVE_LENGTH_MEASURE(2.E-2),#16248);
#16418=PRESENTATION_STYLE_ASSIGNMENT((#16417));
#16419=STYLED_ITEM('',(#16418),#16416);
#16420=DIRECTION('',(7.679341360857E-13,-1.E0,0.E0));
#16421=VECTOR('',#16420,2.891453765252E-1);
#16422=CARTESIAN_POINT('',(-5.635045319176E0,-2.408323845338E0,1.68016E1));
#16423=LINE('',#16422,#16421);
#16424=CURVE_STYLE('',#26,POSITIVE_LENGTH_MEASURE(2.E-2),#16248);
#16425=PRESENTATION_STYLE_ASSIGNMENT((#16424));
#16426=STYLED_ITEM('',(#16425),#16423);
#16427=CARTESIAN_POINT('',(-5.852420371110E0,-2.697469221845E0,1.68016E1));
#16428=DIRECTION('',(0.E0,0.E0,-1.E0));
#16429=DIRECTION('',(1.E0,-1.325842192300E-10,0.E0));
#16430=AXIS2_PLACEMENT_3D('',#16427,#16428,#16429);
#16432=CURVE_STYLE('',#26,POSITIVE_LENGTH_MEASURE(2.E-2),#16248);
#16433=PRESENTATION_STYLE_ASSIGNMENT((#16432));
#16434=STYLED_ITEM('',(#16433),#16431);
#16435=CARTESIAN_POINT('',(-5.852420371110E0,-2.697469221845E0,1.68016E1));
#16436=DIRECTION('',(0.E0,0.E0,-1.E0));
#16437=DIRECTION('',(0.E0,-1.E0,0.E0));
#16438=AXIS2_PLACEMENT_3D('',#16435,#16436,#16437);
#16440=CURVE_STYLE('',#26,POSITIVE_LENGTH_MEASURE(2.E-2),#16248);
#16441=PRESENTATION_STYLE_ASSIGNMENT((#16440));
#16442=STYLED_ITEM('',(#16441),#16439);
#16443=DIRECTION('',(-9.702957262759E-1,2.419218955999E-1,0.E0));
#16444=VECTOR('',#16443,1.271655488767E0);
#16445=CARTESIAN_POINT('',(-5.905008155704E0,-2.908387305742E0,1.68016E1));
#16446=LINE('',#16445,#16444);
#16447=CURVE_STYLE('',#26,POSITIVE_LENGTH_MEASURE(2.E-2),#16248);
#16448=PRESENTATION_STYLE_ASSIGNMENT((#16447));
#16449=STYLED_ITEM('',(#16448),#16446);
#16450=DIRECTION('',(-4.995721666287E-14,1.E0,0.E0));
#16451=VECTOR('',#16450,3.911331843258E-1);
#16452=CARTESIAN_POINT('',(-7.138890041750E0,-2.600745999350E0,1.68016E1));
#16453=LINE('',#16452,#16451);
#16454=CURVE_STYLE('',#26,POSITIVE_LENGTH_MEASURE(2.E-2),#16248);
#16455=PRESENTATION_STYLE_ASSIGNMENT((#16454));
#16456=STYLED_ITEM('',(#16455),#16453);
#16457=DIRECTION('',(9.702957262759E-1,-2.419218956E-1,0.E0));
#16458=VECTOR('',#16457,9.837317920813E-1);
#16459=CARTESIAN_POINT('',(-7.138890041750E0,-2.209612815024E0,1.68016E1));
#16460=LINE('',#16459,#16458);
#16461=CURVE_STYLE('',#26,POSITIVE_LENGTH_MEASURE(2.E-2),#16248);
#16462=PRESENTATION_STYLE_ASSIGNMENT((#16461));
#16463=STYLED_ITEM('',(#16462),#16460);
#16464=CARTESIAN_POINT('',(-6.161804481875E0,-2.357056472467E0,1.68016E1));
#16465=DIRECTION('',(0.E0,0.E0,1.E0));
#16466=DIRECTION('',(-2.419218952159E-1,-9.702957263717E-1,0.E0));
#16467=AXIS2_PLACEMENT_3D('',#16464,#16465,#16466);
#16469=CURVE_STYLE('',#26,POSITIVE_LENGTH_MEASURE(2.E-2),#16248);
#16470=PRESENTATION_STYLE_ASSIGNMENT((#16469));
#16471=STYLED_ITEM('',(#16470),#16468);
#16472=CARTESIAN_POINT('',(-6.161804481875E0,-2.357056472467E0,1.68016E1));
#16473=DIRECTION('',(0.E0,0.E0,1.E0));
#16474=DIRECTION('',(0.E0,-1.E0,0.E0));
#16475=AXIS2_PLACEMENT_3D('',#16472,#16473,#16474);
#16477=CURVE_STYLE('',#26,POSITIVE_LENGTH_MEASURE(2.E-2),#16248);
#16478=PRESENTATION_STYLE_ASSIGNMENT((#16477));
#16479=STYLED_ITEM('',(#16478),#16476);
#16480=DIRECTION('',(6.652521630913E-14,1.E0,0.E0));
#16481=VECTOR('',#16480,1.468610424550E-1);
#16482=CARTESIAN_POINT('',(-6.068490041750E0,-2.357056472473E0,1.68016E1));
#16483=LINE('',#16482,#16481);
#16484=CURVE_STYLE('',#26,POSITIVE_LENGTH_MEASURE(2.E-2),#16248);
#16485=PRESENTATION_STYLE_ASSIGNMENT((#16484));
#16486=STYLED_ITEM('',(#16485),#16483);
#16487=DIRECTION('',(-9.702957262759E-1,2.419218955999E-1,0.E0));
#16488=VECTOR('',#16487,1.103168828856E0);
#16489=CARTESIAN_POINT('',(-6.068490041750E0,-2.210195430018E0,1.68016E1));
#16490=LINE('',#16489,#16488);
#16491=CURVE_STYLE('',#26,POSITIVE_LENGTH_MEASURE(2.E-2),#16248);
#16492=PRESENTATION_STYLE_ASSIGNMENT((#16491));
#16493=STYLED_ITEM('',(#16492),#16490);
#16494=DIRECTION('',(-1.350224951465E-13,1.E0,0.E0));
#16495=VECTOR('',#16494,3.881021951597E-1);
#16496=CARTESIAN_POINT('',(-7.138890041750E0,-1.943314735774E0,1.68016E1));
#16497=LINE('',#16496,#16495);
#16498=CURVE_STYLE('',#26,POSITIVE_LENGTH_MEASURE(2.E-2),#16248);
#16499=PRESENTATION_STYLE_ASSIGNMENT((#16498));
#16500=STYLED_ITEM('',(#16499),#16497);
#16501=DIRECTION('',(9.694524358107E-1,-2.452793809123E-1,0.E0));
#16502=VECTOR('',#16501,2.487099722467E0);
#16503=CARTESIAN_POINT('',(-7.138890041750E0,-1.555212540614E0,1.68016E1));
#16504=LINE('',#16503,#16502);
#16505=CURVE_STYLE('',#26,POSITIVE_LENGTH_MEASURE(2.E-2),#16248);
#16506=PRESENTATION_STYLE_ASSIGNMENT((#16505));
#16507=STYLED_ITEM('',(#16506),#16504);
#16508=CARTESIAN_POINT('',(-4.766419207170E0,-2.318024695133E0,1.68016E1));
#16509=DIRECTION('',(0.E0,0.E0,-1.E0));
#16510=DIRECTION('',(2.452793807065E-1,9.694524358628E-1,0.E0));
#16511=AXIS2_PLACEMENT_3D('',#16508,#16509,#16510);
#16513=CURVE_STYLE('',#26,POSITIVE_LENGTH_MEASURE(2.E-2),#16248);
#16514=PRESENTATION_STYLE_ASSIGNMENT((#16513));
#16515=STYLED_ITEM('',(#16514),#16512);
#16516=DIRECTION('',(-1.633365779048E-13,-1.E0,0.E0));
#16517=VECTOR('',#16516,9.135367988216E-1);
#16518=CARTESIAN_POINT('',(-4.608827283445E0,-2.318024695123E0,1.68016E1));
#16519=LINE('',#16518,#16517);
#16520=CURVE_STYLE('',#26,POSITIVE_LENGTH_MEASURE(2.E-2),#16248);
#16521=PRESENTATION_STYLE_ASSIGNMENT((#16520));
#16522=STYLED_ITEM('',(#16521),#16519);
#16523=DIRECTION('',(1.387778780781E-14,7.632783294298E-14,-1.E0));
#16524=VECTOR('',#16523,6.4E-2);
#16525=CARTESIAN_POINT('',(-4.608827283445E0,-3.231561493945E0,1.68016E1));
#16526=LINE('',#16525,#16524);
#16527=CURVE_STYLE('',#26,POSITIVE_LENGTH_MEASURE(2.E-2),#16248);
#16528=PRESENTATION_STYLE_ASSIGNMENT((#16527));
#16529=STYLED_ITEM('',(#16528),#16526);
#16530=DIRECTION('',(-1.604198532995E-13,-1.E0,0.E0));
#16531=VECTOR('',#16530,9.135367988205E-1);
#16532=CARTESIAN_POINT('',(-4.608827283445E0,-2.318024695124E0,1.67376E1));
#16533=LINE('',#16532,#16531);
#16534=CURVE_STYLE('',#26,POSITIVE_LENGTH_MEASURE(2.E-2),#16248);
#16535=PRESENTATION_STYLE_ASSIGNMENT((#16534));
#16536=STYLED_ITEM('',(#16535),#16533);
#16537=DIRECTION('',(1.387778780781E-14,1.613986722049E-11,1.E0));
#16538=VECTOR('',#16537,6.4E-2);
#16539=CARTESIAN_POINT('',(-4.608827283445E0,-2.318024695124E0,1.67376E1));
#16540=LINE('',#16539,#16538);
#16541=CURVE_STYLE('',#26,POSITIVE_LENGTH_MEASURE(2.E-2),#16248);
#16542=PRESENTATION_STYLE_ASSIGNMENT((#16541));
#16543=STYLED_ITEM('',(#16542),#16540);
#16544=DIRECTION('',(1.819933093117E-10,-4.753836213567E-11,-1.E0));
#16545=VECTOR('',#16544,6.4E-2);
#16546=CARTESIAN_POINT('',(-4.727765157700E0,-2.165246820808E0,1.68016E1));
#16547=LINE('',#16546,#16545);
#16548=CURVE_STYLE('',#26,POSITIVE_LENGTH_MEASURE(2.E-2),#16248);
#16549=PRESENTATION_STYLE_ASSIGNMENT((#16548));
#16550=STYLED_ITEM('',(#16549),#16547);
#16551=DIRECTION('',(5.412337245048E-13,-3.268219028740E-12,-1.E0));
#16552=VECTOR('',#16551,6.4E-2);
#16553=CARTESIAN_POINT('',(-7.138890041750E0,-1.555212540614E0,1.68016E1));
#16554=LINE('',#16553,#16552);
#16555=CURVE_STYLE('',#26,POSITIVE_LENGTH_MEASURE(2.E-2),#16248);
#16556=PRESENTATION_STYLE_ASSIGNMENT((#16555));
#16557=STYLED_ITEM('',(#16556),#16554);
#16558=DIRECTION('',(-3.747002708110E-13,2.820660371938E-12,-1.E0));
#16559=VECTOR('',#16558,6.4E-2);
#16560=CARTESIAN_POINT('',(-7.138890041750E0,-1.943314735774E0,1.68016E1));
#16561=LINE('',#16560,#16559);
#16562=CURVE_STYLE('',#26,POSITIVE_LENGTH_MEASURE(2.E-2),#16248);
#16563=PRESENTATION_STYLE_ASSIGNMENT((#16562));
#16564=STYLED_ITEM('',(#16563),#16561);
#16565=DIRECTION('',(2.059665180203E-14,1.E0,0.E0));
#16566=VECTOR('',#16565,3.881021951593E-1);
#16567=CARTESIAN_POINT('',(-7.138890041750E0,-1.943314735774E0,1.67376E1));
#16568=LINE('',#16567,#16566);
#16569=CURVE_STYLE('',#26,POSITIVE_LENGTH_MEASURE(2.E-2),#16248);
#16570=PRESENTATION_STYLE_ASSIGNMENT((#16569));
#16571=STYLED_ITEM('',(#16570),#16568);
#16572=DIRECTION('',(-1.526556658860E-13,2.761679773755E-12,-1.E0));
#16573=VECTOR('',#16572,6.4E-2);
#16574=CARTESIAN_POINT('',(-6.068490041750E0,-2.210195430018E0,1.68016E1));
#16575=LINE('',#16574,#16573);
#16576=CURVE_STYLE('',#26,POSITIVE_LENGTH_MEASURE(2.E-2),#16248);
#16577=PRESENTATION_STYLE_ASSIGNMENT((#16576));
#16578=STYLED_ITEM('',(#16577),#16575);
#16579=DIRECTION('',(1.814324081166E-14,1.E0,0.E0));
#16580=VECTOR('',#16579,1.468610424543E-1);
#16581=CARTESIAN_POINT('',(-6.068490041750E0,-2.357056472472E0,1.67376E1));
#16582=LINE('',#16581,#16580);
#16583=CURVE_STYLE('',#26,POSITIVE_LENGTH_MEASURE(2.E-2),#16248);
#16584=PRESENTATION_STYLE_ASSIGNMENT((#16583));
#16585=STYLED_ITEM('',(#16584),#16582);
#16586=DIRECTION('',(-8.060219158779E-11,1.824929096728E-11,-1.E0));
#16587=VECTOR('',#16586,6.4E-2);
#16588=CARTESIAN_POINT('',(-6.184379288092E0,-2.447599074926E0,1.68016E1));
#16589=LINE('',#16588,#16587);
#16590=CURVE_STYLE('',#26,POSITIVE_LENGTH_MEASURE(2.E-2),#16248);
#16591=PRESENTATION_STYLE_ASSIGNMENT((#16590));
#16592=STYLED_ITEM('',(#16591),#16589);
#16593=DIRECTION('',(4.163336342344E-14,-1.313532616010E-11,1.E0));
#16594=VECTOR('',#16593,6.4E-2);
#16595=CARTESIAN_POINT('',(-6.068490041750E0,-2.357056472472E0,1.67376E1));
#16596=LINE('',#16595,#16594);
#16597=CURVE_STYLE('',#26,POSITIVE_LENGTH_MEASURE(2.E-2),#16248);
#16598=PRESENTATION_STYLE_ASSIGNMENT((#16597));
#16599=STYLED_ITEM('',(#16598),#16596);
#16600=DIRECTION('',(1.665334536938E-13,-2.366162821232E-12,-1.E0));
#16601=VECTOR('',#16600,6.4E-2);
#16602=CARTESIAN_POINT('',(-7.138890041750E0,-2.209612815024E0,1.68016E1));
#16603=LINE('',#16602,#16601);
#16604=CURVE_STYLE('',#26,POSITIVE_LENGTH_MEASURE(2.E-2),#16248);
#16605=PRESENTATION_STYLE_ASSIGNMENT((#16604));
#16606=STYLED_ITEM('',(#16605),#16603);
#16607=DIRECTION('',(5.828670879282E-13,-2.754740879851E-12,-1.E0));
#16608=VECTOR('',#16607,6.4E-2);
#16609=CARTESIAN_POINT('',(-7.138890041750E0,-2.600745999350E0,1.68016E1));
#16610=LINE('',#16609,#16608);
#16611=CURVE_STYLE('',#26,POSITIVE_LENGTH_MEASURE(2.E-2),#16248);
#16612=PRESENTATION_STYLE_ASSIGNMENT((#16611));
#16613=STYLED_ITEM('',(#16612),#16610);
#16614=DIRECTION('',(-1.135391287792E-13,1.E0,0.E0));
#16615=VECTOR('',#16614,3.911331843258E-1);
#16616=CARTESIAN_POINT('',(-7.138890041750E0,-2.600745999350E0,1.67376E1));
#16617=LINE('',#16616,#16615);
#16618=CURVE_STYLE('',#26,POSITIVE_LENGTH_MEASURE(2.E-2),#16248);
#16619=PRESENTATION_STYLE_ASSIGNMENT((#16618));
#16620=STYLED_ITEM('',(#16619),#16617);
#16621=DIRECTION('',(0.E0,-1.774969060619E-11,-1.E0));
#16622=VECTOR('',#16621,6.4E-2);
#16623=CARTESIAN_POINT('',(-5.635045319176E0,-2.697469221863E0,1.68016E1));
#16624=LINE('',#16623,#16622);
#16625=CURVE_STYLE('',#26,POSITIVE_LENGTH_MEASURE(2.E-2),#16248);
#16626=PRESENTATION_STYLE_ASSIGNMENT((#16625));
#16627=STYLED_ITEM('',(#16626),#16624);
#16628=DIRECTION('',(3.039374307789E-10,-7.499556531343E-11,1.E0));
#16629=VECTOR('',#16628,6.4E-2);
#16630=CARTESIAN_POINT('',(-5.905008155724E0,-2.908387305738E0,1.67376E1));
#16631=LINE('',#16630,#16629);
#16632=CURVE_STYLE('',#26,POSITIVE_LENGTH_MEASURE(2.E-2),#16248);
#16633=PRESENTATION_STYLE_ASSIGNMENT((#16632));
#16634=STYLED_ITEM('',(#16633),#16631);
#16635=DIRECTION('',(7.617906630008E-13,-1.E0,0.E0));
#16636=VECTOR('',#16635,2.891453765237E-1);
#16637=CARTESIAN_POINT('',(-5.635045319176E0,-2.408323845341E0,1.67376E1));
#16638=LINE('',#16637,#16636);
#16639=CURVE_STYLE('',#26,POSITIVE_LENGTH_MEASURE(2.E-2),#16248);
#16640=PRESENTATION_STYLE_ASSIGNMENT((#16639));
#16641=STYLED_ITEM('',(#16640),#16638);
#16642=CARTESIAN_POINT('',(-5.148779280701E0,-3.096936340838E0,1.67376E1));
#16643=CARTESIAN_POINT('',(-5.148779280701E0,-2.439505077262E0,1.67376E1));
#16644=VERTEX_POINT('',#16642);
#16645=VERTEX_POINT('',#16643);
#16646=CARTESIAN_POINT('',(-4.608827283445E0,-3.231561493945E0,1.67376E1));
#16647=VERTEX_POINT('',#16646);
#16648=CARTESIAN_POINT('',(-4.608827283445E0,-2.318024695124E0,1.67376E1));
#16649=VERTEX_POINT('',#16648);
#16650=CARTESIAN_POINT('',(-4.727765157689E0,-2.165246820812E0,1.67376E1));
#16651=VERTEX_POINT('',#16650);
#16652=CARTESIAN_POINT('',(-7.138890041750E0,-1.555212540615E0,1.67376E1));
#16653=VERTEX_POINT('',#16652);
#16654=CARTESIAN_POINT('',(-7.138890041750E0,-1.943314735774E0,1.67376E1));
#16655=VERTEX_POINT('',#16654);
#16656=CARTESIAN_POINT('',(-6.068490041750E0,-2.210195430018E0,1.67376E1));
#16657=VERTEX_POINT('',#16656);
#16658=CARTESIAN_POINT('',(-6.068490041750E0,-2.357056472472E0,1.67376E1));
#16659=VERTEX_POINT('',#16658);
#16660=CARTESIAN_POINT('',(-6.161804481875E0,-2.450370912592E0,1.67376E1));
#16661=VERTEX_POINT('',#16660);
#16662=CARTESIAN_POINT('',(-6.184379288096E0,-2.447599074926E0,1.67376E1));
#16663=VERTEX_POINT('',#16662);
#16664=CARTESIAN_POINT('',(-7.138890041750E0,-2.209612815024E0,1.67376E1));
#16665=VERTEX_POINT('',#16664);
#16666=CARTESIAN_POINT('',(-7.138890041750E0,-2.600745999350E0,1.67376E1));
#16667=VERTEX_POINT('',#16666);
#16668=CARTESIAN_POINT('',(-5.905008155724E0,-2.908387305738E0,1.67376E1));
#16669=VERTEX_POINT('',#16668);
#16670=CARTESIAN_POINT('',(-5.852420371110E0,-2.914844273780E0,1.67376E1));
#16671=VERTEX_POINT('',#16670);
#16672=CARTESIAN_POINT('',(-5.635045319175E0,-2.697469221876E0,1.67376E1));
#16673=VERTEX_POINT('',#16672);
#16674=CARTESIAN_POINT('',(-5.635045319176E0,-2.408323845341E0,1.67376E1));
#16675=VERTEX_POINT('',#16674);
#16676=CARTESIAN_POINT('',(-5.564683901109E0,-2.337962427258E0,1.67376E1));
#16677=VERTEX_POINT('',#16676);
#16678=CARTESIAN_POINT('',(-5.547661933464E0,-2.340052462080E0,1.67376E1));
#16679=VERTEX_POINT('',#16678);
#16680=CARTESIAN_POINT('',(-5.148779280701E0,-2.439505077262E0,1.68016E1));
#16681=VERTEX_POINT('',#16680);
#16682=CARTESIAN_POINT('',(-5.148779280701E0,-3.096936340838E0,1.68016E1));
#16683=VERTEX_POINT('',#16682);
#16684=CARTESIAN_POINT('',(-5.547661933461E0,-2.340052462081E0,1.68016E1));
#16685=VERTEX_POINT('',#16684);
#16686=CARTESIAN_POINT('',(-5.564683901104E0,-2.337962427258E0,1.68016E1));
#16687=CARTESIAN_POINT('',(-5.635045319176E0,-2.408323845339E0,1.68016E1));
#16688=VERTEX_POINT('',#16686);
#16689=VERTEX_POINT('',#16687);
#16690=CARTESIAN_POINT('',(-4.608827283445E0,-3.231561493945E0,1.68016E1));
#16691=VERTEX_POINT('',#16690);
#16692=CARTESIAN_POINT('',(-5.635045319176E0,-2.697469221863E0,1.68016E1));
#16693=VERTEX_POINT('',#16692);
#16694=CARTESIAN_POINT('',(-5.852420371110E0,-2.914844273780E0,1.68016E1));
#16695=VERTEX_POINT('',#16694);
#16696=CARTESIAN_POINT('',(-5.905008155679E0,-2.908387305749E0,1.68016E1));
#16697=VERTEX_POINT('',#16696);
#16698=CARTESIAN_POINT('',(-7.138890041750E0,-2.600745999350E0,1.68016E1));
#16699=VERTEX_POINT('',#16698);
#16700=CARTESIAN_POINT('',(-7.138890041750E0,-2.209612815024E0,1.68016E1));
#16701=VERTEX_POINT('',#16700);
#16702=CARTESIAN_POINT('',(-6.184379288092E0,-2.447599074926E0,1.68016E1));
#16703=VERTEX_POINT('',#16702);
#16704=CARTESIAN_POINT('',(-6.161804481875E0,-2.450370912592E0,1.68016E1));
#16705=VERTEX_POINT('',#16704);
#16706=CARTESIAN_POINT('',(-6.068490041750E0,-2.357056472475E0,1.68016E1));
#16707=VERTEX_POINT('',#16706);
#16708=CARTESIAN_POINT('',(-6.068490041750E0,-2.210195430018E0,1.68016E1));
#16709=VERTEX_POINT('',#16708);
#16710=CARTESIAN_POINT('',(-7.138890041750E0,-1.943314735774E0,1.68016E1));
#16711=VERTEX_POINT('',#16710);
#16712=CARTESIAN_POINT('',(-7.138890041750E0,-1.555212540614E0,1.68016E1));
#16713=VERTEX_POINT('',#16712);
#16714=CARTESIAN_POINT('',(-4.727765157700E0,-2.165246820808E0,1.68016E1));
#16715=VERTEX_POINT('',#16714);
#16716=CARTESIAN_POINT('',(-4.608827283445E0,-2.318024695120E0,1.68016E1));
#16717=VERTEX_POINT('',#16716);
#16718=CARTESIAN_POINT('',(-4.766419207170E0,-2.318024695133E0,1.67376E1));
#16719=DIRECTION('',(0.E0,0.E0,1.E0));
#16720=DIRECTION('',(0.E0,1.E0,0.E0));
#16721=AXIS2_PLACEMENT_3D('',#16718,#16719,#16720);
#16722=PLANE('',#16721);
#16724=ORIENTED_EDGE('',*,*,#16723,.F.);
#16726=ORIENTED_EDGE('',*,*,#16725,.T.);
#16728=ORIENTED_EDGE('',*,*,#16727,.F.);
#16730=ORIENTED_EDGE('',*,*,#16729,.T.);
#16732=ORIENTED_EDGE('',*,*,#16731,.T.);
#16734=ORIENTED_EDGE('',*,*,#16733,.F.);
#16736=ORIENTED_EDGE('',*,*,#16735,.T.);
#16738=ORIENTED_EDGE('',*,*,#16737,.F.);
#16740=ORIENTED_EDGE('',*,*,#16739,.T.);
#16742=ORIENTED_EDGE('',*,*,#16741,.T.);
#16744=ORIENTED_EDGE('',*,*,#16743,.T.);
#16746=ORIENTED_EDGE('',*,*,#16745,.F.);
#16748=ORIENTED_EDGE('',*,*,#16747,.T.);
#16750=ORIENTED_EDGE('',*,*,#16749,.T.);
#16752=ORIENTED_EDGE('',*,*,#16751,.T.);
#16754=ORIENTED_EDGE('',*,*,#16753,.F.);
#16756=ORIENTED_EDGE('',*,*,#16755,.T.);
#16758=ORIENTED_EDGE('',*,*,#16757,.T.);
#16760=ORIENTED_EDGE('',*,*,#16759,.T.);
#16761=EDGE_LOOP('',(#16724,#16726,#16728,#16730,#16732,#16734,#16736,#16738,
#16740,#16742,#16744,#16746,#16748,#16750,#16752,#16754,#16756,#16758,#16760));
#16762=FACE_OUTER_BOUND('',#16761,.F.);
#16764=CARTESIAN_POINT('',(-5.148779280701E0,-2.439505077262E0,1.68656E1));
#16765=DIRECTION('',(1.E0,0.E0,0.E0));
#16766=DIRECTION('',(0.E0,0.E0,-1.E0));
#16767=AXIS2_PLACEMENT_3D('',#16764,#16765,#16766);
#16768=PLANE('',#16767);
#16770=ORIENTED_EDGE('',*,*,#16769,.F.);
#16772=ORIENTED_EDGE('',*,*,#16771,.F.);
#16774=ORIENTED_EDGE('',*,*,#16773,.T.);
#16775=ORIENTED_EDGE('',*,*,#16723,.T.);
#16776=EDGE_LOOP('',(#16770,#16772,#16774,#16775));
#16777=FACE_OUTER_BOUND('',#16776,.F.);
#16779=CARTESIAN_POINT('',(-5.547661933464E0,-2.340052462080E0,1.68656E1));
#16780=DIRECTION('',(2.419218955996E-1,9.702957262760E-1,0.E0));
#16781=DIRECTION('',(-9.702957262760E-1,2.419218955996E-1,0.E0));
#16782=AXIS2_PLACEMENT_3D('',#16779,#16780,#16781);
#16783=PLANE('',#16782);
#16785=ORIENTED_EDGE('',*,*,#16784,.F.);
#16787=ORIENTED_EDGE('',*,*,#16786,.F.);
#16788=ORIENTED_EDGE('',*,*,#16769,.T.);
#16789=ORIENTED_EDGE('',*,*,#16759,.F.);
#16790=EDGE_LOOP('',(#16785,#16787,#16788,#16789));
#16791=FACE_OUTER_BOUND('',#16790,.F.);
#16793=CARTESIAN_POINT('',(-5.564683901101E0,-2.408323845333E0,1.68656E1));
#16794=DIRECTION('',(0.E0,0.E0,-1.E0));
#16795=DIRECTION('',(0.E0,-1.E0,0.E0));
#16796=AXIS2_PLACEMENT_3D('',#16793,#16794,#16795);
#16797=CYLINDRICAL_SURFACE('',#16796,7.036141807475E-2);
#16799=ORIENTED_EDGE('',*,*,#16798,.F.);
#16801=ORIENTED_EDGE('',*,*,#16800,.F.);
#16802=ORIENTED_EDGE('',*,*,#16784,.T.);
#16803=ORIENTED_EDGE('',*,*,#16757,.F.);
#16804=ORIENTED_EDGE('',*,*,#16755,.F.);
#16806=ORIENTED_EDGE('',*,*,#16805,.T.);
#16807=EDGE_LOOP('',(#16799,#16801,#16802,#16803,#16804,#16806));
#16808=FACE_OUTER_BOUND('',#16807,.F.);
#16810=CARTESIAN_POINT('',(-5.92E0,0.E0,1.68016E1));
#16811=DIRECTION('',(0.E0,0.E0,1.E0));
#16812=DIRECTION('',(1.E0,0.E0,0.E0));
#16813=AXIS2_PLACEMENT_3D('',#16810,#16811,#16812);
#16814=PLANE('',#16813);
#16816=ORIENTED_EDGE('',*,*,#16815,.T.);
#16817=ORIENTED_EDGE('',*,*,#16771,.T.);
#16818=ORIENTED_EDGE('',*,*,#16786,.T.);
#16819=ORIENTED_EDGE('',*,*,#16800,.T.);
#16820=ORIENTED_EDGE('',*,*,#16798,.T.);
#16822=ORIENTED_EDGE('',*,*,#16821,.T.);
#16824=ORIENTED_EDGE('',*,*,#16823,.T.);
#16826=ORIENTED_EDGE('',*,*,#16825,.T.);
#16828=ORIENTED_EDGE('',*,*,#16827,.T.);
#16830=ORIENTED_EDGE('',*,*,#16829,.T.);
#16832=ORIENTED_EDGE('',*,*,#16831,.T.);
#16834=ORIENTED_EDGE('',*,*,#16833,.T.);
#16836=ORIENTED_EDGE('',*,*,#16835,.T.);
#16838=ORIENTED_EDGE('',*,*,#16837,.T.);
#16840=ORIENTED_EDGE('',*,*,#16839,.T.);
#16842=ORIENTED_EDGE('',*,*,#16841,.T.);
#16844=ORIENTED_EDGE('',*,*,#16843,.T.);
#16846=ORIENTED_EDGE('',*,*,#16845,.T.);
#16848=ORIENTED_EDGE('',*,*,#16847,.T.);
#16849=EDGE_LOOP('',(#16816,#16817,#16818,#16819,#16820,#16822,#16824,#16826,
#16828,#16830,#16832,#16834,#16836,#16838,#16840,#16842,#16844,#16846,#16848));
#16850=FACE_OUTER_BOUND('',#16849,.F.);
#16852=CARTESIAN_POINT('',(-5.148779280701E0,-3.096936340838E0,1.68656E1));
#16853=DIRECTION('',(2.419218955996E-1,9.702957262760E-1,0.E0));
#16854=DIRECTION('',(-9.702957262760E-1,2.419218955996E-1,0.E0));
#16855=AXIS2_PLACEMENT_3D('',#16852,#16853,#16854);
#16856=PLANE('',#16855);
#16857=ORIENTED_EDGE('',*,*,#16773,.F.);
#16858=ORIENTED_EDGE('',*,*,#16815,.F.);
#16860=ORIENTED_EDGE('',*,*,#16859,.T.);
#16861=ORIENTED_EDGE('',*,*,#16725,.F.);
#16862=EDGE_LOOP('',(#16857,#16858,#16860,#16861));
#16863=FACE_OUTER_BOUND('',#16862,.F.);
#16865=CARTESIAN_POINT('',(-4.608827283445E0,-3.231561493946E0,1.68656E1));
#16866=DIRECTION('',(-1.E0,0.E0,0.E0));
#16867=DIRECTION('',(0.E0,0.E0,1.E0));
#16868=AXIS2_PLACEMENT_3D('',#16865,#16866,#16867);
#16869=PLANE('',#16868);
#16870=ORIENTED_EDGE('',*,*,#16859,.F.);
#16871=ORIENTED_EDGE('',*,*,#16847,.F.);
#16873=ORIENTED_EDGE('',*,*,#16872,.F.);
#16874=ORIENTED_EDGE('',*,*,#16727,.T.);
#16875=EDGE_LOOP('',(#16870,#16871,#16873,#16874));
#16876=FACE_OUTER_BOUND('',#16875,.F.);
#16878=CARTESIAN_POINT('',(-4.766419207170E0,-2.318024695133E0,1.68656E1));
#16879=DIRECTION('',(0.E0,0.E0,-1.E0));
#16880=DIRECTION('',(0.E0,-1.E0,0.E0));
#16881=AXIS2_PLACEMENT_3D('',#16878,#16879,#16880);
#16882=CYLINDRICAL_SURFACE('',#16881,1.575919237253E-1);
#16883=ORIENTED_EDGE('',*,*,#16872,.T.);
#16884=ORIENTED_EDGE('',*,*,#16845,.F.);
#16886=ORIENTED_EDGE('',*,*,#16885,.T.);
#16887=ORIENTED_EDGE('',*,*,#16729,.F.);
#16888=EDGE_LOOP('',(#16883,#16884,#16886,#16887));
#16889=FACE_OUTER_BOUND('',#16888,.F.);
#16891=CARTESIAN_POINT('',(-4.727765157682E0,-2.165246820813E0,1.68656E1));
#16892=DIRECTION('',(-2.452793809122E-1,-9.694524358107E-1,0.E0));
#16893=DIRECTION('',(9.694524358107E-1,-2.452793809122E-1,0.E0));
#16894=AXIS2_PLACEMENT_3D('',#16891,#16892,#16893);
#16895=PLANE('',#16894);
#16896=ORIENTED_EDGE('',*,*,#16885,.F.);
#16897=ORIENTED_EDGE('',*,*,#16843,.F.);
#16899=ORIENTED_EDGE('',*,*,#16898,.T.);
#16900=ORIENTED_EDGE('',*,*,#16731,.F.);
#16901=EDGE_LOOP('',(#16896,#16897,#16899,#16900));
#16902=FACE_OUTER_BOUND('',#16901,.F.);
#16904=CARTESIAN_POINT('',(-7.138890041750E0,-1.555212540615E0,1.68656E1));
#16905=DIRECTION('',(1.E0,0.E0,0.E0));
#16906=DIRECTION('',(0.E0,0.E0,-1.E0));
#16907=AXIS2_PLACEMENT_3D('',#16904,#16905,#16906);
#16908=PLANE('',#16907);
#16909=ORIENTED_EDGE('',*,*,#16898,.F.);
#16910=ORIENTED_EDGE('',*,*,#16841,.F.);
#16912=ORIENTED_EDGE('',*,*,#16911,.T.);
#16913=ORIENTED_EDGE('',*,*,#16733,.T.);
#16914=EDGE_LOOP('',(#16909,#16910,#16912,#16913));
#16915=FACE_OUTER_BOUND('',#16914,.F.);
#16917=CARTESIAN_POINT('',(-7.138890041750E0,-1.943314735774E0,1.68656E1));
#16918=DIRECTION('',(2.419218955997E-1,9.702957262760E-1,0.E0));
#16919=DIRECTION('',(-9.702957262760E-1,2.419218955997E-1,0.E0));
#16920=AXIS2_PLACEMENT_3D('',#16917,#16918,#16919);
#16921=PLANE('',#16920);
#16922=ORIENTED_EDGE('',*,*,#16911,.F.);
#16923=ORIENTED_EDGE('',*,*,#16839,.F.);
#16925=ORIENTED_EDGE('',*,*,#16924,.T.);
#16926=ORIENTED_EDGE('',*,*,#16735,.F.);
#16927=EDGE_LOOP('',(#16922,#16923,#16925,#16926));
#16928=FACE_OUTER_BOUND('',#16927,.F.);
#16930=CARTESIAN_POINT('',(-6.068490041750E0,-2.210195430018E0,1.68656E1));
#16931=DIRECTION('',(1.E0,0.E0,0.E0));
#16932=DIRECTION('',(0.E0,0.E0,-1.E0));
#16933=AXIS2_PLACEMENT_3D('',#16930,#16931,#16932);
#16934=PLANE('',#16933);
#16935=ORIENTED_EDGE('',*,*,#16924,.F.);
#16936=ORIENTED_EDGE('',*,*,#16837,.F.);
#16938=ORIENTED_EDGE('',*,*,#16937,.F.);
#16939=ORIENTED_EDGE('',*,*,#16737,.T.);
#16940=EDGE_LOOP('',(#16935,#16936,#16938,#16939));
#16941=FACE_OUTER_BOUND('',#16940,.F.);
#16943=CARTESIAN_POINT('',(-6.161804481875E0,-2.357056472467E0,1.68656E1));
#16944=DIRECTION('',(0.E0,0.E0,-1.E0));
#16945=DIRECTION('',(0.E0,-1.E0,0.E0));
#16946=AXIS2_PLACEMENT_3D('',#16943,#16944,#16945);
#16947=CYLINDRICAL_SURFACE('',#16946,9.331444012514E-2);
#16948=ORIENTED_EDGE('',*,*,#16835,.F.);
#16949=ORIENTED_EDGE('',*,*,#16833,.F.);
#16951=ORIENTED_EDGE('',*,*,#16950,.T.);
#16952=ORIENTED_EDGE('',*,*,#16741,.F.);
#16953=ORIENTED_EDGE('',*,*,#16739,.F.);
#16954=ORIENTED_EDGE('',*,*,#16937,.T.);
#16955=EDGE_LOOP('',(#16948,#16949,#16951,#16952,#16953,#16954));
#16956=FACE_OUTER_BOUND('',#16955,.F.);
#16958=CARTESIAN_POINT('',(-6.184379288117E0,-2.447599074920E0,1.68656E1));
#16959=DIRECTION('',(-2.419218955997E-1,-9.702957262760E-1,0.E0));
#16960=DIRECTION('',(9.702957262760E-1,-2.419218955997E-1,0.E0));
#16961=AXIS2_PLACEMENT_3D('',#16958,#16959,#16960);
#16962=PLANE('',#16961);
#16963=ORIENTED_EDGE('',*,*,#16950,.F.);
#16964=ORIENTED_EDGE('',*,*,#16831,.F.);
#16966=ORIENTED_EDGE('',*,*,#16965,.T.);
#16967=ORIENTED_EDGE('',*,*,#16743,.F.);
#16968=EDGE_LOOP('',(#16963,#16964,#16966,#16967));
#16969=FACE_OUTER_BOUND('',#16968,.F.);
#16971=CARTESIAN_POINT('',(-7.138890041750E0,-2.209612815024E0,1.68656E1));
#16972=DIRECTION('',(1.E0,0.E0,0.E0));
#16973=DIRECTION('',(0.E0,0.E0,-1.E0));
#16974=AXIS2_PLACEMENT_3D('',#16971,#16972,#16973);
#16975=PLANE('',#16974);
#16976=ORIENTED_EDGE('',*,*,#16965,.F.);
#16977=ORIENTED_EDGE('',*,*,#16829,.F.);
#16979=ORIENTED_EDGE('',*,*,#16978,.T.);
#16980=ORIENTED_EDGE('',*,*,#16745,.T.);
#16981=EDGE_LOOP('',(#16976,#16977,#16979,#16980));
#16982=FACE_OUTER_BOUND('',#16981,.F.);
#16984=CARTESIAN_POINT('',(-7.138890041750E0,-2.600745999350E0,1.68656E1));
#16985=DIRECTION('',(2.419218955997E-1,9.702957262760E-1,0.E0));
#16986=DIRECTION('',(-9.702957262760E-1,2.419218955997E-1,0.E0));
#16987=AXIS2_PLACEMENT_3D('',#16984,#16985,#16986);
#16988=PLANE('',#16987);
#16989=ORIENTED_EDGE('',*,*,#16978,.F.);
#16990=ORIENTED_EDGE('',*,*,#16827,.F.);
#16992=ORIENTED_EDGE('',*,*,#16991,.F.);
#16993=ORIENTED_EDGE('',*,*,#16747,.F.);
#16994=EDGE_LOOP('',(#16989,#16990,#16992,#16993));
#16995=FACE_OUTER_BOUND('',#16994,.F.);
#16997=CARTESIAN_POINT('',(-5.852420371110E0,-2.697469221845E0,1.68656E1));
#16998=DIRECTION('',(0.E0,0.E0,-1.E0));
#16999=DIRECTION('',(0.E0,-1.E0,0.E0));
#17000=AXIS2_PLACEMENT_3D('',#16997,#16998,#16999);
#17001=CYLINDRICAL_SURFACE('',#17000,2.173750519347E-1);
#17002=ORIENTED_EDGE('',*,*,#16825,.F.);
#17003=ORIENTED_EDGE('',*,*,#16823,.F.);
#17005=ORIENTED_EDGE('',*,*,#17004,.T.);
#17006=ORIENTED_EDGE('',*,*,#16751,.F.);
#17007=ORIENTED_EDGE('',*,*,#16749,.F.);
#17008=ORIENTED_EDGE('',*,*,#16991,.T.);
#17009=EDGE_LOOP('',(#17002,#17003,#17005,#17006,#17007,#17008));
#17010=FACE_OUTER_BOUND('',#17009,.F.);
#17012=CARTESIAN_POINT('',(-5.635045319176E0,-2.697469221845E0,1.68656E1));
#17013=DIRECTION('',(-1.E0,0.E0,0.E0));
#17014=DIRECTION('',(0.E0,0.E0,1.E0));
#17015=AXIS2_PLACEMENT_3D('',#17012,#17013,#17014);
#17016=PLANE('',#17015);
#17017=ORIENTED_EDGE('',*,*,#17004,.F.);
#17018=ORIENTED_EDGE('',*,*,#16821,.F.);
#17019=ORIENTED_EDGE('',*,*,#16805,.F.);
#17020=ORIENTED_EDGE('',*,*,#16753,.T.);
#17021=EDGE_LOOP('',(#17017,#17018,#17019,#17020));
#17022=FACE_OUTER_BOUND('',#17021,.F.);
#17024=CLOSED_SHELL('',(#16763,#16778,#16792,#16809,#16851,#16864,#16877,#16890,
#16903,#16916,#16929,#16942,#16957,#16970,#16983,#16996,#17011,#17023));
#17025=MANIFOLD_SOLID_BREP('',#17024);
#17026=FILL_AREA_STYLE_COLOUR('',#16248);
#17027=FILL_AREA_STYLE('',(#17026));
#17028=SURFACE_STYLE_FILL_AREA(#17027);
#17029=SURFACE_SIDE_STYLE('',(#17028));
#17030=SURFACE_STYLE_USAGE(.BOTH.,#17029);
#17031=PRESENTATION_STYLE_ASSIGNMENT((#17030));
#16249=STYLED_ITEM('',(#17031),#17025);
#17034=PLANE_ANGLE_MEASURE_WITH_UNIT(PLANE_ANGLE_MEASURE(1.745329251994E-2),
#17033);
#17035=(CONVERSION_BASED_UNIT('DEGREE',#17034)NAMED_UNIT(*)PLANE_ANGLE_UNIT());
#17037=UNCERTAINTY_MEASURE_WITH_UNIT(LENGTH_MEASURE(3.035576082442E-4),#17032,
'distance_accuracy_value',
'Maximum model space distance between geometric entities at asserted connectivities');
#17039=CARTESIAN_POINT('',(0.E0,0.E0,0.E0));
#17040=DIRECTION('',(0.E0,0.E0,1.E0));
#17041=DIRECTION('',(1.E0,0.E0,0.E0));
#17044=PRODUCT_DEFINITION_CONTEXT('part definition',#2905,'design');
#17045=PRODUCT_CONTEXT('',#2905,'mechanical');
#17046=PRODUCT('LOGO_NX_PRT_180_1_1_1_1_2_1','LOGO_NX_PRT_180_1_1_1_1_2_1',
'NOT SPECIFIED',(#17045));
#17047=PRODUCT_DEFINITION_FORMATION('1','LAST_VERSION',#17046);
#17055=DERIVED_UNIT_ELEMENT(#17054,2.E0);
#17056=DERIVED_UNIT((#17055));
#17057=MEASURE_REPRESENTATION_ITEM('surface area measure',AREA_MEASURE(
4.698652859442E0),#17056);
#17062=DERIVED_UNIT_ELEMENT(#17061,3.E0);
#17063=DERIVED_UNIT((#17062));
#17064=MEASURE_REPRESENTATION_ITEM('volume measure',VOLUME_MEASURE(
1.288537200143E-1),#17063);
#17068=CARTESIAN_POINT('centre point',(-5.852969963889E0,-2.367800071398E0,
1.67696E1));
#17073=DERIVED_UNIT_ELEMENT(#17072,2.E0);
#17074=DERIVED_UNIT((#17073));
#17075=MEASURE_REPRESENTATION_ITEM('surface area measure',AREA_MEASURE(
4.698652859442E0),#17074);
#17080=DERIVED_UNIT_ELEMENT(#17079,3.E0);
#17081=DERIVED_UNIT((#17080));
#17082=MEASURE_REPRESENTATION_ITEM('volume measure',VOLUME_MEASURE(
1.288537200143E-1),#17081);
#17086=CARTESIAN_POINT('centre point',(-5.852969963889E0,-2.367800071398E0,
1.67696E1));
#17096=CARTESIAN_POINT('centre point',(-5.852969963889E0,-2.367800071398E0,
1.67696E1));
#17100=CARTESIAN_POINT('',(0.E0,0.E0,0.E0));
#17101=DIRECTION('',(0.E0,0.E0,1.E0));
#17102=DIRECTION('',(1.E0,0.E0,0.E0));
#17103=AXIS2_PLACEMENT_3D('',#17100,#17101,#17102);
#17104=ITEM_DEFINED_TRANSFORMATION('','',#17042,#17103);
#17105=CARTESIAN_POINT('',(0.E0,0.E0,0.E0));
#17106=DIRECTION('',(0.E0,0.E0,1.E0));
#17107=DIRECTION('',(1.E0,0.E0,0.E0));
#17109=(REPRESENTATION_RELATIONSHIP('','',#17043,#17093)REPRESENTATION_RELATIONSHIP_WITH_TRANSFORMATION(#17104)SHAPE_REPRESENTATION_RELATIONSHIP());
#17110=CONTEXT_DEPENDENT_SHAPE_REPRESENTATION(#17109,#17095);
#17112=DIRECTION('',(1.387778780781E-14,7.979727989493E-14,-1.E0));
#17113=VECTOR('',#17112,6.4E-2);
#17114=CARTESIAN_POINT('',(-4.608827283445E0,-1.413767571920E0,1.68016E1));
#17115=LINE('',#17114,#17113);
#17116=CURVE_STYLE('',#26,POSITIVE_LENGTH_MEASURE(2.E-2),#16248);
#17117=PRESENTATION_STYLE_ASSIGNMENT((#17116));
#17118=STYLED_ITEM('',(#17117),#17115);
#17119=DIRECTION('',(6.938893903907E-14,-4.857225732735E-14,1.E0));
#17120=VECTOR('',#17119,6.4E-2);
#17121=CARTESIAN_POINT('',(-6.146444998998E0,-1.420195003487E0,1.67376E1));
#17122=LINE('',#17121,#17120);
#17123=CURVE_STYLE('',#26,POSITIVE_LENGTH_MEASURE(2.E-2),#16248);
#17124=PRESENTATION_STYLE_ASSIGNMENT((#17123));
#17125=STYLED_ITEM('',(#17124),#17122);
#17126=DIRECTION('',(2.775557561563E-14,-1.769417945496E-13,-1.E0));
#17127=VECTOR('',#17126,6.4E-2);
#17128=CARTESIAN_POINT('',(-4.608827283445E0,-1.803566157642E0,1.68016E1));
#17129=LINE('',#17128,#17127);
#17130=CURVE_STYLE('',#26,POSITIVE_LENGTH_MEASURE(2.E-2),#16248);
#17131=PRESENTATION_STYLE_ASSIGNMENT((#17130));
#17132=STYLED_ITEM('',(#17131),#17129);
#17133=DIRECTION('',(8.326672684689E-14,-2.914335439641E-13,1.E0));
#17134=VECTOR('',#17133,6.4E-2);
#17135=CARTESIAN_POINT('',(-6.146444998998E0,-1.030396417765E0,1.67376E1));
#17136=LINE('',#17135,#17134);
#17137=CURVE_STYLE('',#26,POSITIVE_LENGTH_MEASURE(2.E-2),#16248);
#17138=PRESENTATION_STYLE_ASSIGNMENT((#17137));
#17139=STYLED_ITEM('',(#17138),#17136);
#17140=DIRECTION('',(0.E0,1.E0,0.E0));
#17141=VECTOR('',#17140,3.897985857220E-1);
#17142=CARTESIAN_POINT('',(-6.146444998998E0,-1.420195003487E0,1.67376E1));
#17143=LINE('',#17142,#17141);
#17144=CURVE_STYLE('',#26,POSITIVE_LENGTH_MEASURE(2.E-2),#16248);
#17145=PRESENTATION_STYLE_ASSIGNMENT((#17144));
#17146=STYLED_ITEM('',(#17145),#17143);
#17147=DIRECTION('',(-9.702957262760E-1,2.419218955996E-1,0.E0));
#17148=VECTOR('',#17147,1.584689774379E0);
#17149=CARTESIAN_POINT('',(-4.608827283445E0,-1.803566157642E0,1.68016E1));
#17150=LINE('',#17149,#17148);
#17151=CURVE_STYLE('',#26,POSITIVE_LENGTH_MEASURE(2.E-2),#16248);
#17152=PRESENTATION_STYLE_ASSIGNMENT((#17151));
#17153=STYLED_ITEM('',(#17152),#17150);
#17154=DIRECTION('',(0.E0,1.E0,0.E0));
#17155=VECTOR('',#17154,3.897985857220E-1);
#17156=CARTESIAN_POINT('',(-6.146444998998E0,-1.420195003487E0,1.68016E1));
#17157=LINE('',#17156,#17155);
#17158=CURVE_STYLE('',#26,POSITIVE_LENGTH_MEASURE(2.E-2),#16248);
#17159=PRESENTATION_STYLE_ASSIGNMENT((#17158));
#17160=STYLED_ITEM('',(#17159),#17157);
#17161=DIRECTION('',(9.702957262760E-1,-2.419218955996E-1,0.E0));
#17162=VECTOR('',#17161,1.584689774379E0);
#17163=CARTESIAN_POINT('',(-6.146444998998E0,-1.030396417765E0,1.68016E1));
#17164=LINE('',#17163,#17162);
#17165=CURVE_STYLE('',#26,POSITIVE_LENGTH_MEASURE(2.E-2),#16248);
#17166=PRESENTATION_STYLE_ASSIGNMENT((#17165));
#17167=STYLED_ITEM('',(#17166),#17164);
#17168=DIRECTION('',(0.E0,-1.E0,0.E0));
#17169=VECTOR('',#17168,3.897985857220E-1);
#17170=CARTESIAN_POINT('',(-4.608827283445E0,-1.413767571920E0,1.68016E1));
#17171=LINE('',#17170,#17169);
#17172=CURVE_STYLE('',#26,POSITIVE_LENGTH_MEASURE(2.E-2),#16248);
#17173=PRESENTATION_STYLE_ASSIGNMENT((#17172));
#17174=STYLED_ITEM('',(#17173),#17171);
#17175=DIRECTION('',(9.702957262760E-1,-2.419218955996E-1,0.E0));
#17176=VECTOR('',#17175,1.584689774379E0);
#17177=CARTESIAN_POINT('',(-6.146444998998E0,-1.420195003487E0,1.67376E1));
#17178=LINE('',#17177,#17176);
#17179=CURVE_STYLE('',#26,POSITIVE_LENGTH_MEASURE(2.E-2),#16248);
#17180=PRESENTATION_STYLE_ASSIGNMENT((#17179));
#17181=STYLED_ITEM('',(#17180),#17178);
#17182=DIRECTION('',(0.E0,1.E0,0.E0));
#17183=VECTOR('',#17182,3.897985857220E-1);
#17184=CARTESIAN_POINT('',(-4.608827283445E0,-1.803566157642E0,1.67376E1));
#17185=LINE('',#17184,#17183);
#17186=CURVE_STYLE('',#26,POSITIVE_LENGTH_MEASURE(2.E-2),#16248);
#17187=PRESENTATION_STYLE_ASSIGNMENT((#17186));
#17188=STYLED_ITEM('',(#17187),#17185);
#17189=DIRECTION('',(-9.702957262760E-1,2.419218955996E-1,0.E0));
#17190=VECTOR('',#17189,1.584689774379E0);
#17191=CARTESIAN_POINT('',(-4.608827283445E0,-1.413767571920E0,1.67376E1));
#17192=LINE('',#17191,#17190);
#17193=CURVE_STYLE('',#26,POSITIVE_LENGTH_MEASURE(2.E-2),#16248);
#17194=PRESENTATION_STYLE_ASSIGNMENT((#17193));
#17195=STYLED_ITEM('',(#17194),#17192);
#17196=CARTESIAN_POINT('',(-4.608827283445E0,-1.413767571920E0,1.68016E1));
#17197=CARTESIAN_POINT('',(-4.608827283445E0,-1.413767571920E0,1.67376E1));
#17198=VERTEX_POINT('',#17196);
#17199=VERTEX_POINT('',#17197);
#17200=CARTESIAN_POINT('',(-6.146444998998E0,-1.030396417765E0,1.68016E1));
#17201=VERTEX_POINT('',#17200);
#17202=CARTESIAN_POINT('',(-6.146444998998E0,-1.030396417765E0,1.67376E1));
#17203=VERTEX_POINT('',#17202);
#17204=CARTESIAN_POINT('',(-4.608827283445E0,-1.803566157642E0,1.68016E1));
#17205=CARTESIAN_POINT('',(-4.608827283445E0,-1.803566157642E0,1.67376E1));
#17206=VERTEX_POINT('',#17204);
#17207=VERTEX_POINT('',#17205);
#17208=CARTESIAN_POINT('',(-6.146444998998E0,-1.420195003487E0,1.67376E1));
#17209=CARTESIAN_POINT('',(-6.146444998998E0,-1.420195003487E0,1.68016E1));
#17210=VERTEX_POINT('',#17208);
#17211=VERTEX_POINT('',#17209);
#17212=CARTESIAN_POINT('',(-4.608827283445E0,-1.413767571920E0,1.68656E1));
#17213=DIRECTION('',(-2.419218955996E-1,-9.702957262760E-1,0.E0));
#17214=DIRECTION('',(9.702957262760E-1,-2.419218955996E-1,0.E0));
#17215=AXIS2_PLACEMENT_3D('',#17212,#17213,#17214);
#17216=PLANE('',#17215);
#17218=ORIENTED_EDGE('',*,*,#17217,.F.);
#17220=ORIENTED_EDGE('',*,*,#17219,.F.);
#17222=ORIENTED_EDGE('',*,*,#17221,.F.);
#17224=ORIENTED_EDGE('',*,*,#17223,.F.);
#17225=EDGE_LOOP('',(#17218,#17220,#17222,#17224));
#17226=FACE_OUTER_BOUND('',#17225,.F.);
#17228=CARTESIAN_POINT('',(-4.608827283445E0,-1.803566157642E0,1.68656E1));
#17229=DIRECTION('',(-1.E0,0.E0,0.E0));
#17230=DIRECTION('',(0.E0,0.E0,1.E0));
#17231=AXIS2_PLACEMENT_3D('',#17228,#17229,#17230);
#17232=PLANE('',#17231);
#17234=ORIENTED_EDGE('',*,*,#17233,.F.);
#17236=ORIENTED_EDGE('',*,*,#17235,.F.);
#17237=ORIENTED_EDGE('',*,*,#17217,.T.);
#17239=ORIENTED_EDGE('',*,*,#17238,.F.);
#17240=EDGE_LOOP('',(#17234,#17236,#17237,#17239));
#17241=FACE_OUTER_BOUND('',#17240,.F.);
#17243=CARTESIAN_POINT('',(-6.146444998998E0,-1.420195003487E0,1.68656E1));
#17244=DIRECTION('',(2.419218955996E-1,9.702957262760E-1,0.E0));
#17245=DIRECTION('',(-9.702957262760E-1,2.419218955996E-1,0.E0));
#17246=AXIS2_PLACEMENT_3D('',#17243,#17244,#17245);
#17247=PLANE('',#17246);
#17249=ORIENTED_EDGE('',*,*,#17248,.T.);
#17251=ORIENTED_EDGE('',*,*,#17250,.F.);
#17252=ORIENTED_EDGE('',*,*,#17233,.T.);
#17254=ORIENTED_EDGE('',*,*,#17253,.F.);
#17255=EDGE_LOOP('',(#17249,#17251,#17252,#17254));
#17256=FACE_OUTER_BOUND('',#17255,.F.);
#17258=CARTESIAN_POINT('',(-6.146444998998E0,-1.030396417765E0,1.68656E1));
#17259=DIRECTION('',(1.E0,0.E0,0.E0));
#17260=DIRECTION('',(0.E0,0.E0,-1.E0));
#17261=AXIS2_PLACEMENT_3D('',#17258,#17259,#17260);
#17262=PLANE('',#17261);
#17263=ORIENTED_EDGE('',*,*,#17221,.T.);
#17265=ORIENTED_EDGE('',*,*,#17264,.F.);
#17266=ORIENTED_EDGE('',*,*,#17248,.F.);
#17268=ORIENTED_EDGE('',*,*,#17267,.T.);
#17269=EDGE_LOOP('',(#17263,#17265,#17266,#17268));
#17270=FACE_OUTER_BOUND('',#17269,.F.);
#17272=CARTESIAN_POINT('',(-5.92E0,0.E0,1.68016E1));
#17273=DIRECTION('',(0.E0,0.E0,1.E0));
#17274=DIRECTION('',(1.E0,0.E0,0.E0));
#17275=AXIS2_PLACEMENT_3D('',#17272,#17273,#17274);
#17276=PLANE('',#17275);
#17277=ORIENTED_EDGE('',*,*,#17250,.T.);
#17278=ORIENTED_EDGE('',*,*,#17264,.T.);
#17279=ORIENTED_EDGE('',*,*,#17219,.T.);
#17280=ORIENTED_EDGE('',*,*,#17235,.T.);
#17281=EDGE_LOOP('',(#17277,#17278,#17279,#17280));
#17282=FACE_OUTER_BOUND('',#17281,.F.);
#17284=CARTESIAN_POINT('',(7.933796729338E1,-2.738408139160E2,1.67376E1));
#17285=DIRECTION('',(0.E0,0.E0,1.E0));
#17286=DIRECTION('',(0.E0,1.E0,0.E0));
#17287=AXIS2_PLACEMENT_3D('',#17284,#17285,#17286);
#17288=PLANE('',#17287);
#17289=ORIENTED_EDGE('',*,*,#17267,.F.);
#17290=ORIENTED_EDGE('',*,*,#17253,.T.);
#17291=ORIENTED_EDGE('',*,*,#17238,.T.);
#17292=ORIENTED_EDGE('',*,*,#17223,.T.);
#17293=EDGE_LOOP('',(#17289,#17290,#17291,#17292));
#17294=FACE_OUTER_BOUND('',#17293,.F.);
#17296=CLOSED_SHELL('',(#17227,#17242,#17257,#17271,#17283,#17295));
#17297=MANIFOLD_SOLID_BREP('',#17296);
#17298=FILL_AREA_STYLE_COLOUR('',#16248);
#17299=FILL_AREA_STYLE('',(#17298));
#17300=SURFACE_STYLE_FILL_AREA(#17299);
#17301=SURFACE_SIDE_STYLE('',(#17300));
#17302=SURFACE_STYLE_USAGE(.BOTH.,#17301);
#17303=PRESENTATION_STYLE_ASSIGNMENT((#17302));
#17111=STYLED_ITEM('',(#17303),#17297);
#17306=PLANE_ANGLE_MEASURE_WITH_UNIT(PLANE_ANGLE_MEASURE(1.745329251994E-2),
#17305);
#17307=(CONVERSION_BASED_UNIT('DEGREE',#17306)NAMED_UNIT(*)PLANE_ANGLE_UNIT());
#17309=UNCERTAINTY_MEASURE_WITH_UNIT(LENGTH_MEASURE(1.722184194021E-4),#17304,
'distance_accuracy_value',
'Maximum model space distance between geometric entities at asserted connectivities');
#17311=CARTESIAN_POINT('',(0.E0,0.E0,0.E0));
#17312=DIRECTION('',(0.E0,0.E0,1.E0));
#17313=DIRECTION('',(1.E0,0.E0,0.E0));
#17316=PRODUCT_CONTEXT('',#2905,'mechanical');
#17317=PRODUCT('LOGO_NX_PRT_253_1_1_1_1_2_1','LOGO_NX_PRT_253_1_1_1_1_2_1',
'NOT SPECIFIED',(#17316));
#17318=PRODUCT_DEFINITION_FORMATION('1','LAST_VERSION',#17317);
#17326=DERIVED_UNIT_ELEMENT(#17325,2.E0);
#17327=DERIVED_UNIT((#17326));
#17328=MEASURE_REPRESENTATION_ITEM('surface area measure',AREA_MEASURE(
1.451456931900E0),#17327);
#17333=DERIVED_UNIT_ELEMENT(#17332,3.E0);
#17334=DERIVED_UNIT((#17333));
#17335=MEASURE_REPRESENTATION_ITEM('volume measure',VOLUME_MEASURE(
3.835911749783E-2),#17334);
#17339=CARTESIAN_POINT('centre point',(-5.377636141222E0,-1.416981287703E0,
1.67696E1));
#17344=DERIVED_UNIT_ELEMENT(#17343,2.E0);
#17345=DERIVED_UNIT((#17344));
#17346=MEASURE_REPRESENTATION_ITEM('surface area measure',AREA_MEASURE(
1.451456931900E0),#17345);
#17351=DERIVED_UNIT_ELEMENT(#17350,3.E0);
#17352=DERIVED_UNIT((#17351));
#17353=MEASURE_REPRESENTATION_ITEM('volume measure',VOLUME_MEASURE(
3.835911749783E-2),#17352);
#17357=CARTESIAN_POINT('centre point',(-5.377636141222E0,-1.416981287703E0,
1.67696E1));
#17364=CARTESIAN_POINT('centre point',(-5.377636141222E0,-1.416981287703E0,
1.67696E1));
#17368=CARTESIAN_POINT('',(0.E0,0.E0,0.E0));
#17369=DIRECTION('',(0.E0,0.E0,1.E0));
#17370=DIRECTION('',(1.E0,0.E0,0.E0));
#17371=AXIS2_PLACEMENT_3D('',#17368,#17369,#17370);
#17372=ITEM_DEFINED_TRANSFORMATION('','',#17314,#17371);
#17373=CARTESIAN_POINT('',(0.E0,0.E0,0.E0));
#17374=DIRECTION('',(0.E0,0.E0,1.E0));
#17375=DIRECTION('',(1.E0,0.E0,0.E0));
#17377=(REPRESENTATION_RELATIONSHIP('','',#17315,#17093)REPRESENTATION_RELATIONSHIP_WITH_TRANSFORMATION(#17372)SHAPE_REPRESENTATION_RELATIONSHIP());
#17378=CONTEXT_DEPENDENT_SHAPE_REPRESENTATION(#17377,#17363);
#17380=DIRECTION('',(1.804112415016E-13,-1.006139616067E-13,-1.E0));
#17381=VECTOR('',#17380,6.4E-2);
#17382=CARTESIAN_POINT('',(-4.608827283445E0,-6.717257587883E-1,1.68016E1));
#17383=LINE('',#17382,#17381);
#17384=CURVE_STYLE('',#26,POSITIVE_LENGTH_MEASURE(2.E-2),#16248);
#17385=PRESENTATION_STYLE_ASSIGNMENT((#17384));
#17386=STYLED_ITEM('',(#17385),#17383);
#17387=DIRECTION('',(-1.387778780781E-14,-1.169203622808E-12,1.E0));
#17388=VECTOR('',#17387,6.4E-2);
#17389=CARTESIAN_POINT('',(-6.146444998998E0,-6.841102383035E-1,1.67376E1));
#17390=LINE('',#17389,#17388);
#17391=CURVE_STYLE('',#26,POSITIVE_LENGTH_MEASURE(2.E-2),#16248);
#17392=PRESENTATION_STYLE_ASSIGNMENT((#17391));
#17393=STYLED_ITEM('',(#17392),#17390);
#17394=DIRECTION('',(1.804112415016E-13,1.200428645376E-12,-1.E0));
#17395=VECTOR('',#17394,6.4E-2);
#17396=CARTESIAN_POINT('',(-4.608827283445E0,-1.067481392459E0,1.68016E1));
#17397=LINE('',#17396,#17395);
#17398=CURVE_STYLE('',#26,POSITIVE_LENGTH_MEASURE(2.E-2),#16248);
#17399=PRESENTATION_STYLE_ASSIGNMENT((#17398));
#17400=STYLED_ITEM('',(#17399),#17397);
#17401=DIRECTION('',(8.326672684689E-14,1.708702623837E-13,1.E0));
#17402=VECTOR('',#17401,6.4E-2);
#17403=CARTESIAN_POINT('',(-6.146444998998E0,-2.883546046331E-1,1.67376E1));
#17404=LINE('',#17403,#17402);
#17405=CURVE_STYLE('',#26,POSITIVE_LENGTH_MEASURE(2.E-2),#16248);
#17406=PRESENTATION_STYLE_ASSIGNMENT((#17405));
#17407=STYLED_ITEM('',(#17406),#17404);
#17408=DIRECTION('',(-4.488519400030E-14,1.E0,0.E0));
#17409=VECTOR('',#17408,3.957556336703E-1);
#17410=CARTESIAN_POINT('',(-6.146444998998E0,-6.841102383035E-1,1.67376E1));
#17411=LINE('',#17410,#17409);
#17412=CURVE_STYLE('',#26,POSITIVE_LENGTH_MEASURE(2.E-2),#16248);
#17413=PRESENTATION_STYLE_ASSIGNMENT((#17412));
#17414=STYLED_ITEM('',(#17413),#17411);
#17415=DIRECTION('',(-9.702957262760E-1,2.419218955998E-1,0.E0));
#17416=VECTOR('',#17415,1.584689774379E0);
#17417=CARTESIAN_POINT('',(-4.608827283445E0,-1.067481392459E0,1.68016E1));
#17418=LINE('',#17417,#17416);
#17419=CURVE_STYLE('',#26,POSITIVE_LENGTH_MEASURE(2.E-2),#16248);
#17420=PRESENTATION_STYLE_ASSIGNMENT((#17419));
#17421=STYLED_ITEM('',(#17420),#17418);
#17422=DIRECTION('',(-2.917537610019E-14,1.E0,0.E0));
#17423=VECTOR('',#17422,3.957556336704E-1);
#17424=CARTESIAN_POINT('',(-6.146444998998E0,-6.841102383035E-1,1.68016E1));
#17425=LINE('',#17424,#17423);
#17426=CURVE_STYLE('',#26,POSITIVE_LENGTH_MEASURE(2.E-2),#16248);
#17427=PRESENTATION_STYLE_ASSIGNMENT((#17426));
#17428=STYLED_ITEM('',(#17427),#17425);
#17429=DIRECTION('',(9.702957262760E-1,-2.419218955997E-1,0.E0));
#17430=VECTOR('',#17429,1.584689774379E0);
#17431=CARTESIAN_POINT('',(-6.146444998998E0,-2.883546046331E-1,1.68016E1));
#17432=LINE('',#17431,#17430);
#17433=CURVE_STYLE('',#26,POSITIVE_LENGTH_MEASURE(2.E-2),#16248);
#17434=PRESENTATION_STYLE_ASSIGNMENT((#17433));
#17435=STYLED_ITEM('',(#17434),#17432);
#17436=DIRECTION('',(1.211900238007E-13,-1.E0,0.E0));
#17437=VECTOR('',#17436,3.957556336706E-1);
#17438=CARTESIAN_POINT('',(-4.608827283445E0,-6.717257587883E-1,1.68016E1));
#17439=LINE('',#17438,#17437);
#17440=CURVE_STYLE('',#26,POSITIVE_LENGTH_MEASURE(2.E-2),#16248);
#17441=PRESENTATION_STYLE_ASSIGNMENT((#17440));
#17442=STYLED_ITEM('',(#17441),#17439);
#17443=DIRECTION('',(9.702957262760E-1,-2.419218955998E-1,0.E0));
#17444=VECTOR('',#17443,1.584689774379E0);
#17445=CARTESIAN_POINT('',(-6.146444998998E0,-6.841102383035E-1,1.67376E1));
#17446=LINE('',#17445,#17444);
#17447=CURVE_STYLE('',#26,POSITIVE_LENGTH_MEASURE(2.E-2),#16248);
#17448=PRESENTATION_STYLE_ASSIGNMENT((#17447));
#17449=STYLED_ITEM('',(#17448),#17446);
#17450=DIRECTION('',(-1.189457641007E-13,1.E0,0.E0));
#17451=VECTOR('',#17450,3.957556336705E-1);
#17452=CARTESIAN_POINT('',(-4.608827283445E0,-1.067481392459E0,1.67376E1));
#17453=LINE('',#17452,#17451);
#17454=CURVE_STYLE('',#26,POSITIVE_LENGTH_MEASURE(2.E-2),#16248);
#17455=PRESENTATION_STYLE_ASSIGNMENT((#17454));
#17456=STYLED_ITEM('',(#17455),#17453);
#17457=DIRECTION('',(-9.702957262760E-1,2.419218955997E-1,0.E0));
#17458=VECTOR('',#17457,1.584689774379E0);
#17459=CARTESIAN_POINT('',(-4.608827283445E0,-6.717257587883E-1,1.67376E1));
#17460=LINE('',#17459,#17458);
#17461=CURVE_STYLE('',#26,POSITIVE_LENGTH_MEASURE(2.E-2),#16248);
#17462=PRESENTATION_STYLE_ASSIGNMENT((#17461));
#17463=STYLED_ITEM('',(#17462),#17460);
#17464=CARTESIAN_POINT('',(-4.608827283445E0,-6.717257587883E-1,1.68016E1));
#17465=CARTESIAN_POINT('',(-4.608827283445E0,-6.717257587883E-1,1.67376E1));
#17466=VERTEX_POINT('',#17464);
#17467=VERTEX_POINT('',#17465);
#17468=CARTESIAN_POINT('',(-6.146444998998E0,-2.883546046331E-1,1.68016E1));
#17469=VERTEX_POINT('',#17468);
#17470=CARTESIAN_POINT('',(-6.146444998998E0,-2.883546046331E-1,1.67376E1));
#17471=VERTEX_POINT('',#17470);
#17472=CARTESIAN_POINT('',(-4.608827283445E0,-1.067481392459E0,1.68016E1));
#17473=CARTESIAN_POINT('',(-4.608827283445E0,-1.067481392459E0,1.67376E1));
#17474=VERTEX_POINT('',#17472);
#17475=VERTEX_POINT('',#17473);
#17476=CARTESIAN_POINT('',(-6.146444998998E0,-6.841102383035E-1,1.67376E1));
#17477=CARTESIAN_POINT('',(-6.146444998998E0,-6.841102383035E-1,1.68016E1));
#17478=VERTEX_POINT('',#17476);
#17479=VERTEX_POINT('',#17477);
#17480=CARTESIAN_POINT('',(-4.608827283445E0,-6.717257587883E-1,1.68656E1));
#17481=DIRECTION('',(-2.419218955997E-1,-9.702957262760E-1,0.E0));
#17482=DIRECTION('',(9.702957262760E-1,-2.419218955997E-1,0.E0));
#17483=AXIS2_PLACEMENT_3D('',#17480,#17481,#17482);
#17484=PLANE('',#17483);
#17486=ORIENTED_EDGE('',*,*,#17485,.F.);
#17488=ORIENTED_EDGE('',*,*,#17487,.F.);
#17490=ORIENTED_EDGE('',*,*,#17489,.F.);
#17492=ORIENTED_EDGE('',*,*,#17491,.F.);
#17493=EDGE_LOOP('',(#17486,#17488,#17490,#17492));
#17494=FACE_OUTER_BOUND('',#17493,.F.);
#17496=CARTESIAN_POINT('',(-4.608827283445E0,-1.067481392459E0,1.68656E1));
#17497=DIRECTION('',(-1.E0,0.E0,0.E0));
#17498=DIRECTION('',(0.E0,0.E0,1.E0));
#17499=AXIS2_PLACEMENT_3D('',#17496,#17497,#17498);
#17500=PLANE('',#17499);
#17502=ORIENTED_EDGE('',*,*,#17501,.F.);
#17504=ORIENTED_EDGE('',*,*,#17503,.F.);
#17505=ORIENTED_EDGE('',*,*,#17485,.T.);
#17507=ORIENTED_EDGE('',*,*,#17506,.F.);
#17508=EDGE_LOOP('',(#17502,#17504,#17505,#17507));
#17509=FACE_OUTER_BOUND('',#17508,.F.);
#17511=CARTESIAN_POINT('',(-6.146444998998E0,-6.841102383034E-1,1.68656E1));
#17512=DIRECTION('',(2.419218955997E-1,9.702957262760E-1,0.E0));
#17513=DIRECTION('',(-9.702957262760E-1,2.419218955997E-1,0.E0));
#17514=AXIS2_PLACEMENT_3D('',#17511,#17512,#17513);
#17515=PLANE('',#17514);
#17517=ORIENTED_EDGE('',*,*,#17516,.T.);
#17519=ORIENTED_EDGE('',*,*,#17518,.F.);
#17520=ORIENTED_EDGE('',*,*,#17501,.T.);
#17522=ORIENTED_EDGE('',*,*,#17521,.F.);
#17523=EDGE_LOOP('',(#17517,#17519,#17520,#17522));
#17524=FACE_OUTER_BOUND('',#17523,.F.);
#17526=CARTESIAN_POINT('',(-6.146444998998E0,-2.883546046330E-1,1.68656E1));
#17527=DIRECTION('',(1.E0,0.E0,0.E0));
#17528=DIRECTION('',(0.E0,0.E0,-1.E0));
#17529=AXIS2_PLACEMENT_3D('',#17526,#17527,#17528);
#17530=PLANE('',#17529);
#17531=ORIENTED_EDGE('',*,*,#17489,.T.);
#17533=ORIENTED_EDGE('',*,*,#17532,.F.);
#17534=ORIENTED_EDGE('',*,*,#17516,.F.);
#17536=ORIENTED_EDGE('',*,*,#17535,.T.);
#17537=EDGE_LOOP('',(#17531,#17533,#17534,#17536));
#17538=FACE_OUTER_BOUND('',#17537,.F.);
#17540=CARTESIAN_POINT('',(-5.92E0,0.E0,1.68016E1));
#17541=DIRECTION('',(0.E0,0.E0,1.E0));
#17542=DIRECTION('',(1.E0,0.E0,0.E0));
#17543=AXIS2_PLACEMENT_3D('',#17540,#17541,#17542);
#17544=PLANE('',#17543);
#17545=ORIENTED_EDGE('',*,*,#17518,.T.);
#17546=ORIENTED_EDGE('',*,*,#17532,.T.);
#17547=ORIENTED_EDGE('',*,*,#17487,.T.);
#17548=ORIENTED_EDGE('',*,*,#17503,.T.);
#17549=EDGE_LOOP('',(#17545,#17546,#17547,#17548));
#17550=FACE_OUTER_BOUND('',#17549,.F.);
#17552=CARTESIAN_POINT('',(7.933796729338E1,-2.738408139160E2,1.67376E1));
#17553=DIRECTION('',(0.E0,0.E0,1.E0));
#17554=DIRECTION('',(0.E0,1.E0,0.E0));
#17555=AXIS2_PLACEMENT_3D('',#17552,#17553,#17554);
#17556=PLANE('',#17555);
#17557=ORIENTED_EDGE('',*,*,#17535,.F.);
#17558=ORIENTED_EDGE('',*,*,#17521,.T.);
#17559=ORIENTED_EDGE('',*,*,#17506,.T.);
#17560=ORIENTED_EDGE('',*,*,#17491,.T.);
#17561=EDGE_LOOP('',(#17557,#17558,#17559,#17560));
#17562=FACE_OUTER_BOUND('',#17561,.F.);
#17564=CLOSED_SHELL('',(#17495,#17510,#17525,#17539,#17551,#17563));
#17565=MANIFOLD_SOLID_BREP('',#17564);
#17566=FILL_AREA_STYLE_COLOUR('',#16248);
#17567=FILL_AREA_STYLE('',(#17566));
#17568=SURFACE_STYLE_FILL_AREA(#17567);
#17569=SURFACE_SIDE_STYLE('',(#17568));
#17570=SURFACE_STYLE_USAGE(.BOTH.,#17569);
#17571=PRESENTATION_STYLE_ASSIGNMENT((#17570));
#17379=STYLED_ITEM('',(#17571),#17565);
#17574=PLANE_ANGLE_MEASURE_WITH_UNIT(PLANE_ANGLE_MEASURE(1.745329251994E-2),
#17573);
#17575=(CONVERSION_BASED_UNIT('DEGREE',#17574)NAMED_UNIT(*)PLANE_ANGLE_UNIT());
#17577=UNCERTAINTY_MEASURE_WITH_UNIT(LENGTH_MEASURE(1.724866592879E-4),#17572,
'distance_accuracy_value',
'Maximum model space distance between geometric entities at asserted connectivities');
#17579=CARTESIAN_POINT('',(0.E0,0.E0,0.E0));
#17580=DIRECTION('',(0.E0,0.E0,1.E0));
#17581=DIRECTION('',(1.E0,0.E0,0.E0));
#17584=PRODUCT_DEFINITION_CONTEXT('part definition',#2905,'design');
#17585=PRODUCT_CONTEXT('',#2905,'mechanical');
#17586=PRODUCT('LOGO_NX_PRT_272_1_1_1_1_2_1','LOGO_NX_PRT_272_1_1_1_1_2_1',
'NOT SPECIFIED',(#17585));
#17587=PRODUCT_DEFINITION_FORMATION('1','LAST_VERSION',#17586);
#17595=DERIVED_UNIT_ELEMENT(#17594,2.E0);
#17596=DERIVED_UNIT((#17595));
#17597=MEASURE_REPRESENTATION_ITEM('surface area measure',AREA_MEASURE(
1.470538758954E0),#17596);
#17602=DERIVED_UNIT_ELEMENT(#17601,3.E0);
#17603=DERIVED_UNIT((#17602));
#17604=MEASURE_REPRESENTATION_ITEM('volume measure',VOLUME_MEASURE(
3.894533589514E-2),#17603);
#17608=CARTESIAN_POINT('centre point',(-5.377636141221E0,-6.779179985459E-1,
1.67696E1));
#17613=DERIVED_UNIT_ELEMENT(#17612,2.E0);
#17614=DERIVED_UNIT((#17613));
#17615=MEASURE_REPRESENTATION_ITEM('surface area measure',AREA_MEASURE(
1.470538758954E0),#17614);
#17620=DERIVED_UNIT_ELEMENT(#17619,3.E0);
#17621=DERIVED_UNIT((#17620));
#17622=MEASURE_REPRESENTATION_ITEM('volume measure',VOLUME_MEASURE(
3.894533589514E-2),#17621);
#17626=CARTESIAN_POINT('centre point',(-5.377636141221E0,-6.779179985459E-1,
1.67696E1));
#17633=CARTESIAN_POINT('centre point',(-5.377636141221E0,-6.779179985459E-1,
1.67696E1));
#17637=CARTESIAN_POINT('',(0.E0,0.E0,0.E0));
#17638=DIRECTION('',(0.E0,0.E0,1.E0));
#17639=DIRECTION('',(1.E0,0.E0,0.E0));
#17640=AXIS2_PLACEMENT_3D('',#17637,#17638,#17639);
#17641=ITEM_DEFINED_TRANSFORMATION('','',#17582,#17640);
#17642=CARTESIAN_POINT('',(0.E0,0.E0,0.E0));
#17643=DIRECTION('',(0.E0,0.E0,1.E0));
#17644=DIRECTION('',(1.E0,0.E0,0.E0));
#17646=(REPRESENTATION_RELATIONSHIP('','',#17583,#17093)REPRESENTATION_RELATIONSHIP_WITH_TRANSFORMATION(#17641)SHAPE_REPRESENTATION_RELATIONSHIP());
#17647=CONTEXT_DEPENDENT_SHAPE_REPRESENTATION(#17646,#17632);
#17649=DIRECTION('',(9.702957262760E-1,-2.419218955998E-1,0.E0));
#17650=VECTOR('',#17649,5.413348987374E-1);
#17651=CARTESIAN_POINT('',(-7.138890041750E0,-1.172750663046E0,1.67376E1));
#17652=LINE('',#17651,#17650);
#17653=CURVE_STYLE('',#26,POSITIVE_LENGTH_MEASURE(2.E-2),#16248);
#17654=PRESENTATION_STYLE_ASSIGNMENT((#17653));
#17655=STYLED_ITEM('',(#17654),#17652);
#17656=CARTESIAN_POINT('',(-6.463114816781E0,-1.824203043432E-2,1.67376E1));
#17657=DIRECTION('',(0.E0,0.E0,-1.E0));
#17658=DIRECTION('',(-1.E0,-1.227934101159E-10,0.E0));
#17659=AXIS2_PLACEMENT_3D('',#17656,#17657,#17658);
#17661=CURVE_STYLE('',#26,POSITIVE_LENGTH_MEASURE(2.E-2),#16248);
#17662=PRESENTATION_STYLE_ASSIGNMENT((#17661));
#17663=STYLED_ITEM('',(#17662),#17660);
#17664=CARTESIAN_POINT('',(-6.463114816781E0,-1.824203043432E-2,1.67376E1));
#17665=DIRECTION('',(0.E0,0.E0,-1.E0));
#17666=DIRECTION('',(-8.435082623655E-11,1.E0,0.E0));
#17667=AXIS2_PLACEMENT_3D('',#17664,#17665,#17666);
#17669=CURVE_STYLE('',#26,POSITIVE_LENGTH_MEASURE(2.E-2),#16248);
#17670=PRESENTATION_STYLE_ASSIGNMENT((#17669));
#17671=STYLED_ITEM('',(#17670),#17668);
#17672=DIRECTION('',(9.702957262760E-1,-2.419218955997E-1,0.E0));
#17673=VECTOR('',#17672,1.873525082242E0);
#17674=CARTESIAN_POINT('',(-6.426700663816E0,1.278071600231E-1,1.67376E1));
#17675=LINE('',#17674,#17673);
#17676=CURVE_STYLE('',#26,POSITIVE_LENGTH_MEASURE(2.E-2),#16248);
#17677=PRESENTATION_STYLE_ASSIGNMENT((#17676));
#17678=STYLED_ITEM('',(#17677),#17675);
#17679=DIRECTION('',(-9.702957262760E-1,2.419218955997E-1,0.E0));
#17680=VECTOR('',#17679,2.350824075031E0);
#17681=CARTESIAN_POINT('',(-4.608827283445E0,7.031605434359E-2,1.67376E1));
#17682=LINE('',#17681,#17680);
#17683=CURVE_STYLE('',#26,POSITIVE_LENGTH_MEASURE(2.E-2),#16248);
#17684=PRESENTATION_STYLE_ASSIGNMENT((#17683));
#17685=STYLED_ITEM('',(#17684),#17682);
#17686=CARTESIAN_POINT('',(-6.938339422614E0,4.444384621453E-1,1.67376E1));
#17687=DIRECTION('',(0.E0,0.E0,1.E0));
#17688=DIRECTION('',(2.419218955495E-1,9.702957262885E-1,0.E0));
#17689=AXIS2_PLACEMENT_3D('',#17686,#17687,#17688);
#17691=CURVE_STYLE('',#26,POSITIVE_LENGTH_MEASURE(2.E-2),#16248);
#17692=PRESENTATION_STYLE_ASSIGNMENT((#17691));
#17693=STYLED_ITEM('',(#17692),#17690);
#17694=CARTESIAN_POINT('',(-6.938339422614E0,4.444384621453E-1,1.67376E1));
#17695=DIRECTION('',(0.E0,0.E0,1.E0));
#17696=DIRECTION('',(0.E0,1.E0,0.E0));
#17697=AXIS2_PLACEMENT_3D('',#17694,#17695,#17696);
#17699=CURVE_STYLE('',#26,POSITIVE_LENGTH_MEASURE(2.E-2),#16248);
#17700=PRESENTATION_STYLE_ASSIGNMENT((#17699));
#17701=STYLED_ITEM('',(#17700),#17698);
#17702=DIRECTION('',(-5.551115123126E-14,8.222589276130E-13,-1.E0));
#17703=VECTOR('',#17702,6.4E-2);
#17704=CARTESIAN_POINT('',(-7.138890041750E0,-1.172750663046E0,1.68016E1));
#17705=LINE('',#17704,#17703);
#17706=CURVE_STYLE('',#26,POSITIVE_LENGTH_MEASURE(2.E-2),#16248);
#17707=PRESENTATION_STYLE_ASSIGNMENT((#17706));
#17708=STYLED_ITEM('',(#17707),#17705);
#17709=DIRECTION('',(-9.226748571626E-14,1.E0,0.E0));
#17710=VECTOR('',#17709,1.617189125197E0);
#17711=CARTESIAN_POINT('',(-7.138890041750E0,-1.172750663046E0,1.67376E1));
#17712=LINE('',#17711,#17710);
#17713=CURVE_STYLE('',#26,POSITIVE_LENGTH_MEASURE(2.E-2),#16248);
#17714=PRESENTATION_STYLE_ASSIGNMENT((#17713));
#17715=STYLED_ITEM('',(#17714),#17712);
#17716=DIRECTION('',(-1.387778780781E-14,-2.567911161488E-11,-1.E0));
#17717=VECTOR('',#17716,6.4E-2);
#17718=CARTESIAN_POINT('',(-7.138890041750E0,4.444384621527E-1,1.68016E1));
#17719=LINE('',#17718,#17717);
#17720=CURVE_STYLE('',#26,POSITIVE_LENGTH_MEASURE(2.E-2),#16248);
#17721=PRESENTATION_STYLE_ASSIGNMENT((#17720));
#17722=STYLED_ITEM('',(#17721),#17719);
#17723=DIRECTION('',(3.924638392050E-11,-9.135053824494E-12,1.E0));
#17724=VECTOR('',#17723,6.4E-2);
#17725=CARTESIAN_POINT('',(-6.889821836675E0,6.390318707966E-1,1.67376E1));
#17726=LINE('',#17725,#17724);
#17727=CURVE_STYLE('',#26,POSITIVE_LENGTH_MEASURE(2.E-2),#16248);
#17728=PRESENTATION_STYLE_ASSIGNMENT((#17727));
#17729=STYLED_ITEM('',(#17728),#17726);
#17730=DIRECTION('',(-9.702957262760E-1,2.419218955998E-1,0.E0));
#17731=VECTOR('',#17730,5.413348987374E-1);
#17732=CARTESIAN_POINT('',(-6.613635103021E0,-1.303711427903E0,1.68016E1));
#17733=LINE('',#17732,#17731);
#17734=CURVE_STYLE('',#26,POSITIVE_LENGTH_MEASURE(2.E-2),#16248);
#17735=PRESENTATION_STYLE_ASSIGNMENT((#17734));
#17736=STYLED_ITEM('',(#17735),#17733);
#17737=DIRECTION('',(-9.501354183867E-14,1.E0,0.E0));
#17738=VECTOR('',#17737,1.617189125199E0);
#17739=CARTESIAN_POINT('',(-7.138890041750E0,-1.172750663046E0,1.68016E1));
#17740=LINE('',#17739,#17738);
#17741=CURVE_STYLE('',#26,POSITIVE_LENGTH_MEASURE(2.E-2),#16248);
#17742=PRESENTATION_STYLE_ASSIGNMENT((#17741));
#17743=STYLED_ITEM('',(#17742),#17740);
#17744=CARTESIAN_POINT('',(-6.938339422614E0,4.444384621453E-1,1.68016E1));
#17745=DIRECTION('',(0.E0,0.E0,-1.E0));
#17746=DIRECTION('',(-1.E0,5.767273878464E-11,0.E0));
#17747=AXIS2_PLACEMENT_3D('',#17744,#17745,#17746);
#17749=CURVE_STYLE('',#26,POSITIVE_LENGTH_MEASURE(2.E-2),#16248);
#17750=PRESENTATION_STYLE_ASSIGNMENT((#17749));
#17751=STYLED_ITEM('',(#17750),#17748);
#17752=CARTESIAN_POINT('',(-6.938339422614E0,4.444384621453E-1,1.68016E1));
#17753=DIRECTION('',(0.E0,0.E0,-1.E0));
#17754=DIRECTION('',(0.E0,1.E0,0.E0));
#17755=AXIS2_PLACEMENT_3D('',#17752,#17753,#17754);
#17757=CURVE_STYLE('',#26,POSITIVE_LENGTH_MEASURE(2.E-2),#16248);
#17758=PRESENTATION_STYLE_ASSIGNMENT((#17757));
#17759=STYLED_ITEM('',(#17758),#17756);
#17760=DIRECTION('',(9.702957262760E-1,-2.419218955997E-1,0.E0));
#17761=VECTOR('',#17760,2.350824075029E0);
#17762=CARTESIAN_POINT('',(-6.889821836672E0,6.390318707961E-1,1.68016E1));
#17763=LINE('',#17762,#17761);
#17764=CURVE_STYLE('',#26,POSITIVE_LENGTH_MEASURE(2.E-2),#16248);
#17765=PRESENTATION_STYLE_ASSIGNMENT((#17764));
#17766=STYLED_ITEM('',(#17765),#17763);
#17767=DIRECTION('',(0.E0,-1.E0,0.E0));
#17768=VECTOR('',#17767,3.957556336703E-1);
#17769=CARTESIAN_POINT('',(-4.608827283445E0,7.031605434364E-2,1.68016E1));
#17770=LINE('',#17769,#17768);
#17771=CURVE_STYLE('',#26,POSITIVE_LENGTH_MEASURE(2.E-2),#16248);
#17772=PRESENTATION_STYLE_ASSIGNMENT((#17771));
#17773=STYLED_ITEM('',(#17772),#17770);
#17774=DIRECTION('',(-9.702957262760E-1,2.419218955997E-1,0.E0));
#17775=VECTOR('',#17774,1.873525082236E0);
#17776=CARTESIAN_POINT('',(-4.608827283445E0,-3.254395793266E-1,1.68016E1));
#17777=LINE('',#17776,#17775);
#17778=CURVE_STYLE('',#26,POSITIVE_LENGTH_MEASURE(2.E-2),#16248);
#17779=PRESENTATION_STYLE_ASSIGNMENT((#17778));
#17780=STYLED_ITEM('',(#17779),#17777);
#17781=CARTESIAN_POINT('',(-6.463114816781E0,-1.824203043432E-2,1.68016E1));
#17782=DIRECTION('',(0.E0,0.E0,1.E0));
#17783=DIRECTION('',(2.419218956039E-1,9.702957262749E-1,0.E0));
#17784=AXIS2_PLACEMENT_3D('',#17781,#17782,#17783);
#17786=CURVE_STYLE('',#26,POSITIVE_LENGTH_MEASURE(2.E-2),#16248);
#17787=PRESENTATION_STYLE_ASSIGNMENT((#17786));
#17788=STYLED_ITEM('',(#17787),#17785);
#17789=CARTESIAN_POINT('',(-6.463114816781E0,-1.824203043432E-2,1.68016E1));
#17790=DIRECTION('',(0.E0,0.E0,1.E0));
#17791=DIRECTION('',(-4.640328069425E-11,1.E0,0.E0));
#17792=AXIS2_PLACEMENT_3D('',#17789,#17790,#17791);
#17794=CURVE_STYLE('',#26,POSITIVE_LENGTH_MEASURE(2.E-2),#16248);
#17795=PRESENTATION_STYLE_ASSIGNMENT((#17794));
#17796=STYLED_ITEM('',(#17795),#17793);
#17797=DIRECTION('',(-4.035072310008E-13,-1.E0,0.E0));
#17798=VECTOR('',#17797,1.285469397459E0);
#17799=CARTESIAN_POINT('',(-6.613635103020E0,-1.824203044401E-2,1.68016E1));
#17800=LINE('',#17799,#17798);
#17801=CURVE_STYLE('',#26,POSITIVE_LENGTH_MEASURE(2.E-2),#16248);
#17802=PRESENTATION_STYLE_ASSIGNMENT((#17801));
#17803=STYLED_ITEM('',(#17802),#17800);
#17804=DIRECTION('',(-4.163336342344E-14,8.187894806611E-13,-1.E0));
#17805=VECTOR('',#17804,6.4E-2);
#17806=CARTESIAN_POINT('',(-6.613635103021E0,-1.303711427903E0,1.68016E1));
#17807=LINE('',#17806,#17805);
#17808=CURVE_STYLE('',#26,POSITIVE_LENGTH_MEASURE(2.E-2),#16248);
#17809=PRESENTATION_STYLE_ASSIGNMENT((#17808));
#17810=STYLED_ITEM('',(#17809),#17807);
#17811=DIRECTION('',(-4.055800421198E-13,-1.E0,0.E0));
#17812=VECTOR('',#17811,1.285469397456E0);
#17813=CARTESIAN_POINT('',(-6.613635103020E0,-1.824203044673E-2,1.67376E1));
#17814=LINE('',#17813,#17812);
#17815=CURVE_STYLE('',#26,POSITIVE_LENGTH_MEASURE(2.E-2),#16248);
#17816=PRESENTATION_STYLE_ASSIGNMENT((#17815));
#17817=STYLED_ITEM('',(#17816),#17814);
#17818=DIRECTION('',(-9.811595980125E-11,2.450253541730E-11,-1.E0));
#17819=VECTOR('',#17818,6.4E-2);
#17820=CARTESIAN_POINT('',(-6.426700663809E0,1.278071600215E-1,1.68016E1));
#17821=LINE('',#17820,#17819);
#17822=CURVE_STYLE('',#26,POSITIVE_LENGTH_MEASURE(2.E-2),#16248);
#17823=PRESENTATION_STYLE_ASSIGNMENT((#17822));
#17824=STYLED_ITEM('',(#17823),#17821);
#17825=DIRECTION('',(5.551115123126E-14,4.256263310548E-11,1.E0));
#17826=VECTOR('',#17825,6.4E-2);
#17827=CARTESIAN_POINT('',(-6.613635103020E0,-1.824203044673E-2,1.67376E1));
#17828=LINE('',#17827,#17826);
#17829=CURVE_STYLE('',#26,POSITIVE_LENGTH_MEASURE(2.E-2),#16248);
#17830=PRESENTATION_STYLE_ASSIGNMENT((#17829));
#17831=STYLED_ITEM('',(#17830),#17828);
#17832=DIRECTION('',(9.714451465470E-14,-2.081668171172E-13,-1.E0));
#17833=VECTOR('',#17832,6.4E-2);
#17834=CARTESIAN_POINT('',(-4.608827283445E0,-3.254395793266E-1,1.68016E1));
#17835=LINE('',#17834,#17833);
#17836=CURVE_STYLE('',#26,POSITIVE_LENGTH_MEASURE(2.E-2),#16248);
#17837=PRESENTATION_STYLE_ASSIGNMENT((#17836));
#17838=STYLED_ITEM('',(#17837),#17835);
#17839=DIRECTION('',(0.E0,-7.814929259276E-13,-1.E0));
#17840=VECTOR('',#17839,6.4E-2);
#17841=CARTESIAN_POINT('',(-4.608827283445E0,7.031605434364E-2,1.68016E1));
#17842=LINE('',#17841,#17840);
#17843=CURVE_STYLE('',#26,POSITIVE_LENGTH_MEASURE(2.E-2),#16248);
#17844=PRESENTATION_STYLE_ASSIGNMENT((#17843));
#17845=STYLED_ITEM('',(#17844),#17842);
#17846=DIRECTION('',(1.795407760012E-14,-1.E0,0.E0));
#17847=VECTOR('',#17846,3.957556336702E-1);
#17848=CARTESIAN_POINT('',(-4.608827283445E0,7.031605434359E-2,1.67376E1));
#17849=LINE('',#17848,#17847);
#17850=CURVE_STYLE('',#26,POSITIVE_LENGTH_MEASURE(2.E-2),#16248);
#17851=PRESENTATION_STYLE_ASSIGNMENT((#17850));
#17852=STYLED_ITEM('',(#17851),#17849);
#17853=CARTESIAN_POINT('',(-7.138890041750E0,-1.172750663046E0,1.67376E1));
#17854=CARTESIAN_POINT('',(-7.138890041750E0,4.444384621511E-1,1.67376E1));
#17855=VERTEX_POINT('',#17853);
#17856=VERTEX_POINT('',#17854);
#17857=CARTESIAN_POINT('',(-6.613635103021E0,-1.303711427903E0,1.67376E1));
#17858=VERTEX_POINT('',#17857);
#17859=CARTESIAN_POINT('',(-6.613635103020E0,-1.824203044673E-2,1.67376E1));
#17860=VERTEX_POINT('',#17859);
#17861=CARTESIAN_POINT('',(-6.463114816794E0,1.322782558046E-1,1.67376E1));
#17862=VERTEX_POINT('',#17861);
#17863=CARTESIAN_POINT('',(-6.426700663820E0,1.278071600241E-1,1.67376E1));
#17864=VERTEX_POINT('',#17863);
#17865=CARTESIAN_POINT('',(-4.608827283445E0,-3.254395793266E-1,1.67376E1));
#17866=VERTEX_POINT('',#17865);
#17867=CARTESIAN_POINT('',(-4.608827283445E0,7.031605434359E-2,1.67376E1));
#17868=VERTEX_POINT('',#17867);
#17869=CARTESIAN_POINT('',(-6.889821836675E0,6.390318707966E-1,1.67376E1));
#17870=VERTEX_POINT('',#17869);
#17871=CARTESIAN_POINT('',(-6.938339422614E0,6.449890812816E-1,1.67376E1));
#17872=VERTEX_POINT('',#17871);
#17873=CARTESIAN_POINT('',(-7.138890041750E0,4.444384621527E-1,1.68016E1));
#17874=VERTEX_POINT('',#17873);
#17875=CARTESIAN_POINT('',(-7.138890041750E0,-1.172750663046E0,1.68016E1));
#17876=VERTEX_POINT('',#17875);
#17877=CARTESIAN_POINT('',(-6.938339422614E0,6.449890812816E-1,1.68016E1));
#17878=CARTESIAN_POINT('',(-6.889821836673E0,6.390318707962E-1,1.68016E1));
#17879=VERTEX_POINT('',#17877);
#17880=VERTEX_POINT('',#17878);
#17881=CARTESIAN_POINT('',(-6.613635103021E0,-1.303711427903E0,1.68016E1));
#17882=VERTEX_POINT('',#17881);
#17883=CARTESIAN_POINT('',(-4.608827283445E0,7.031605434364E-2,1.68016E1));
#17884=VERTEX_POINT('',#17883);
#17885=CARTESIAN_POINT('',(-4.608827283445E0,-3.254395793266E-1,1.68016E1));
#17886=VERTEX_POINT('',#17885);
#17887=CARTESIAN_POINT('',(-6.426700663809E0,1.278071600215E-1,1.68016E1));
#17888=VERTEX_POINT('',#17887);
#17889=CARTESIAN_POINT('',(-6.463114816788E0,1.322782558046E-1,1.68016E1));
#17890=VERTEX_POINT('',#17889);
#17891=CARTESIAN_POINT('',(-6.613635103020E0,-1.824203044642E-2,1.68016E1));
#17892=VERTEX_POINT('',#17891);
#17893=CARTESIAN_POINT('',(-6.463114816781E0,-1.824203043432E-2,1.67376E1));
#17894=DIRECTION('',(0.E0,0.E0,-1.E0));
#17895=DIRECTION('',(0.E0,-1.E0,0.E0));
#17896=AXIS2_PLACEMENT_3D('',#17893,#17894,#17895);
#17897=PLANE('',#17896);
#17899=ORIENTED_EDGE('',*,*,#17898,.F.);
#17901=ORIENTED_EDGE('',*,*,#17900,.T.);
#17903=ORIENTED_EDGE('',*,*,#17902,.F.);
#17905=ORIENTED_EDGE('',*,*,#17904,.T.);
#17907=ORIENTED_EDGE('',*,*,#17906,.T.);
#17909=ORIENTED_EDGE('',*,*,#17908,.T.);
#17911=ORIENTED_EDGE('',*,*,#17910,.F.);
#17913=ORIENTED_EDGE('',*,*,#17912,.T.);
#17915=ORIENTED_EDGE('',*,*,#17914,.T.);
#17917=ORIENTED_EDGE('',*,*,#17916,.T.);
#17918=EDGE_LOOP('',(#17899,#17901,#17903,#17905,#17907,#17909,#17911,#17913,
#17915,#17917));
#17919=FACE_OUTER_BOUND('',#17918,.F.);
#17921=CARTESIAN_POINT('',(-7.138890041750E0,4.444384621453E-1,1.68656E1));
#17922=DIRECTION('',(1.E0,0.E0,0.E0));
#17923=DIRECTION('',(0.E0,0.E0,-1.E0));
#17924=AXIS2_PLACEMENT_3D('',#17921,#17922,#17923);
#17925=PLANE('',#17924);
#17927=ORIENTED_EDGE('',*,*,#17926,.F.);
#17929=ORIENTED_EDGE('',*,*,#17928,.F.);
#17931=ORIENTED_EDGE('',*,*,#17930,.T.);
#17932=ORIENTED_EDGE('',*,*,#17898,.T.);
#17933=EDGE_LOOP('',(#17927,#17929,#17931,#17932));
#17934=FACE_OUTER_BOUND('',#17933,.F.);
#17936=CARTESIAN_POINT('',(-6.938339422614E0,4.444384621453E-1,1.68656E1));
#17937=DIRECTION('',(0.E0,0.E0,-1.E0));
#17938=DIRECTION('',(0.E0,-1.E0,0.E0));
#17939=AXIS2_PLACEMENT_3D('',#17936,#17937,#17938);
#17940=CYLINDRICAL_SURFACE('',#17939,2.005506191363E-1);
#17942=ORIENTED_EDGE('',*,*,#17941,.F.);
#17944=ORIENTED_EDGE('',*,*,#17943,.F.);
#17945=ORIENTED_EDGE('',*,*,#17926,.T.);
#17946=ORIENTED_EDGE('',*,*,#17916,.F.);
#17947=ORIENTED_EDGE('',*,*,#17914,.F.);
#17949=ORIENTED_EDGE('',*,*,#17948,.T.);
#17950=EDGE_LOOP('',(#17942,#17944,#17945,#17946,#17947,#17949));
#17951=FACE_OUTER_BOUND('',#17950,.F.);
#17953=CARTESIAN_POINT('',(-5.92E0,0.E0,1.68016E1));
#17954=DIRECTION('',(0.E0,0.E0,1.E0));
#17955=DIRECTION('',(1.E0,0.E0,0.E0));
#17956=AXIS2_PLACEMENT_3D('',#17953,#17954,#17955);
#17957=PLANE('',#17956);
#17959=ORIENTED_EDGE('',*,*,#17958,.T.);
#17960=ORIENTED_EDGE('',*,*,#17928,.T.);
#17961=ORIENTED_EDGE('',*,*,#17943,.T.);
#17962=ORIENTED_EDGE('',*,*,#17941,.T.);
#17964=ORIENTED_EDGE('',*,*,#17963,.T.);
#17966=ORIENTED_EDGE('',*,*,#17965,.T.);
#17968=ORIENTED_EDGE('',*,*,#17967,.T.);
#17970=ORIENTED_EDGE('',*,*,#17969,.T.);
#17972=ORIENTED_EDGE('',*,*,#17971,.T.);
#17974=ORIENTED_EDGE('',*,*,#17973,.T.);
#17975=EDGE_LOOP('',(#17959,#17960,#17961,#17962,#17964,#17966,#17968,#17970,
#17972,#17974));
#17976=FACE_OUTER_BOUND('',#17975,.F.);
#17978=CARTESIAN_POINT('',(-7.138890041750E0,-1.172750663046E0,1.68656E1));
#17979=DIRECTION('',(2.419218955996E-1,9.702957262760E-1,0.E0));
#17980=DIRECTION('',(-9.702957262760E-1,2.419218955996E-1,0.E0));
#17981=AXIS2_PLACEMENT_3D('',#17978,#17979,#17980);
#17982=PLANE('',#17981);
#17983=ORIENTED_EDGE('',*,*,#17930,.F.);
#17984=ORIENTED_EDGE('',*,*,#17958,.F.);
#17986=ORIENTED_EDGE('',*,*,#17985,.T.);
#17987=ORIENTED_EDGE('',*,*,#17900,.F.);
#17988=EDGE_LOOP('',(#17983,#17984,#17986,#17987));
#17989=FACE_OUTER_BOUND('',#17988,.F.);
#17991=CARTESIAN_POINT('',(-6.613635103021E0,-1.303711427903E0,1.68656E1));
#17992=DIRECTION('',(-1.E0,0.E0,0.E0));
#17993=DIRECTION('',(0.E0,0.E0,1.E0));
#17994=AXIS2_PLACEMENT_3D('',#17991,#17992,#17993);
#17995=PLANE('',#17994);
#17996=ORIENTED_EDGE('',*,*,#17985,.F.);
#17997=ORIENTED_EDGE('',*,*,#17973,.F.);
#17999=ORIENTED_EDGE('',*,*,#17998,.F.);
#18000=ORIENTED_EDGE('',*,*,#17902,.T.);
#18001=EDGE_LOOP('',(#17996,#17997,#17999,#18000));
#18002=FACE_OUTER_BOUND('',#18001,.F.);
#18004=CARTESIAN_POINT('',(-6.463114816781E0,-1.824203043432E-2,1.68656E1));
#18005=DIRECTION('',(0.E0,0.E0,-1.E0));
#18006=DIRECTION('',(0.E0,-1.E0,0.E0));
#18007=AXIS2_PLACEMENT_3D('',#18004,#18005,#18006);
#18008=CYLINDRICAL_SURFACE('',#18007,1.505202862389E-1);
#18009=ORIENTED_EDGE('',*,*,#17971,.F.);
#18010=ORIENTED_EDGE('',*,*,#17969,.F.);
#18012=ORIENTED_EDGE('',*,*,#18011,.T.);
#18013=ORIENTED_EDGE('',*,*,#17906,.F.);
#18014=ORIENTED_EDGE('',*,*,#17904,.F.);
#18015=ORIENTED_EDGE('',*,*,#17998,.T.);
#18016=EDGE_LOOP('',(#18009,#18010,#18012,#18013,#18014,#18015));
#18017=FACE_OUTER_BOUND('',#18016,.F.);
#18019=CARTESIAN_POINT('',(-6.426700663808E0,1.278071600211E-1,1.68656E1));
#18020=DIRECTION('',(2.419218955997E-1,9.702957262760E-1,0.E0));
#18021=DIRECTION('',(-9.702957262760E-1,2.419218955997E-1,0.E0));
#18022=AXIS2_PLACEMENT_3D('',#18019,#18020,#18021);
#18023=PLANE('',#18022);
#18024=ORIENTED_EDGE('',*,*,#18011,.F.);
#18025=ORIENTED_EDGE('',*,*,#17967,.F.);
#18027=ORIENTED_EDGE('',*,*,#18026,.T.);
#18028=ORIENTED_EDGE('',*,*,#17908,.F.);
#18029=EDGE_LOOP('',(#18024,#18025,#18027,#18028));
#18030=FACE_OUTER_BOUND('',#18029,.F.);
#18032=CARTESIAN_POINT('',(-4.608827283445E0,-3.254395793267E-1,1.68656E1));
#18033=DIRECTION('',(-1.E0,0.E0,0.E0));
#18034=DIRECTION('',(0.E0,0.E0,1.E0));
#18035=AXIS2_PLACEMENT_3D('',#18032,#18033,#18034);
#18036=PLANE('',#18035);
#18037=ORIENTED_EDGE('',*,*,#18026,.F.);
#18038=ORIENTED_EDGE('',*,*,#17965,.F.);
#18040=ORIENTED_EDGE('',*,*,#18039,.T.);
#18041=ORIENTED_EDGE('',*,*,#17910,.T.);
#18042=EDGE_LOOP('',(#18037,#18038,#18040,#18041));
#18043=FACE_OUTER_BOUND('',#18042,.F.);
#18045=CARTESIAN_POINT('',(-4.608827283445E0,7.031605434358E-2,1.68656E1));
#18046=DIRECTION('',(-2.419218955997E-1,-9.702957262760E-1,0.E0));
#18047=DIRECTION('',(9.702957262760E-1,-2.419218955997E-1,0.E0));
#18048=AXIS2_PLACEMENT_3D('',#18045,#18046,#18047);
#18049=PLANE('',#18048);
#18050=ORIENTED_EDGE('',*,*,#18039,.F.);
#18051=ORIENTED_EDGE('',*,*,#17963,.F.);
#18052=ORIENTED_EDGE('',*,*,#17948,.F.);
#18053=ORIENTED_EDGE('',*,*,#17912,.F.);
#18054=EDGE_LOOP('',(#18050,#18051,#18052,#18053));
#18055=FACE_OUTER_BOUND('',#18054,.F.);
#18057=CLOSED_SHELL('',(#17920,#17935,#17952,#17977,#17990,#18003,#18018,#18031,
#18044,#18056));
#18058=MANIFOLD_SOLID_BREP('',#18057);
#18059=FILL_AREA_STYLE_COLOUR('',#16248);
#18060=FILL_AREA_STYLE('',(#18059));
#18061=SURFACE_STYLE_FILL_AREA(#18060);
#18062=SURFACE_SIDE_STYLE('',(#18061));
#18063=SURFACE_STYLE_USAGE(.BOTH.,#18062);
#18064=PRESENTATION_STYLE_ASSIGNMENT((#18063));
#17648=STYLED_ITEM('',(#18064),#18058);
#18067=PLANE_ANGLE_MEASURE_WITH_UNIT(PLANE_ANGLE_MEASURE(1.745329251994E-2),
#18066);
#18068=(CONVERSION_BASED_UNIT('DEGREE',#18067)NAMED_UNIT(*)PLANE_ANGLE_UNIT());
#18070=UNCERTAINTY_MEASURE_WITH_UNIT(LENGTH_MEASURE(3.194046185015E-4),#18065,
'distance_accuracy_value',
'Maximum model space distance between geometric entities at asserted connectivities');
#18072=CARTESIAN_POINT('',(0.E0,0.E0,0.E0));
#18073=DIRECTION('',(0.E0,0.E0,1.E0));
#18074=DIRECTION('',(1.E0,0.E0,0.E0));
#18077=PRODUCT_CONTEXT('',#2905,'mechanical');
#18078=PRODUCT('LOGO_NX_PRT_291_1_1_1_1_2_1','LOGO_NX_PRT_291_1_1_1_1_2_1',
'NOT SPECIFIED',(#18077));
#18079=PRODUCT_DEFINITION_FORMATION('1','LAST_VERSION',#18078);
#18087=DERIVED_UNIT_ELEMENT(#18086,2.E0);
#18088=DERIVED_UNIT((#18087));
#18089=MEASURE_REPRESENTATION_ITEM('surface area measure',AREA_MEASURE(
4.099164860071E0),#18088);
#18094=DERIVED_UNIT_ELEMENT(#18093,3.E0);
#18095=DERIVED_UNIT((#18094));
#18096=MEASURE_REPRESENTATION_ITEM('volume measure',VOLUME_MEASURE(
1.133529273007E-1),#18095);
#18100=CARTESIAN_POINT('centre point',(-6.306379517691E0,-1.173548994856E-1,
1.67696E1));
#18105=DERIVED_UNIT_ELEMENT(#18104,2.E0);
#18106=DERIVED_UNIT((#18105));
#18107=MEASURE_REPRESENTATION_ITEM('surface area measure',AREA_MEASURE(
4.099164860071E0),#18106);
#18112=DERIVED_UNIT_ELEMENT(#18111,3.E0);
#18113=DERIVED_UNIT((#18112));
#18114=MEASURE_REPRESENTATION_ITEM('volume measure',VOLUME_MEASURE(
1.133529273007E-1),#18113);
#18118=CARTESIAN_POINT('centre point',(-6.306379517691E0,-1.173548994856E-1,
1.67696E1));
#18125=CARTESIAN_POINT('centre point',(-6.306379517691E0,-1.173548994856E-1,
1.67696E1));
#18129=CARTESIAN_POINT('',(0.E0,0.E0,0.E0));
#18130=DIRECTION('',(0.E0,0.E0,1.E0));
#18131=DIRECTION('',(1.E0,0.E0,0.E0));
#18132=AXIS2_PLACEMENT_3D('',#18129,#18130,#18131);
#18133=ITEM_DEFINED_TRANSFORMATION('','',#18075,#18132);
#18134=CARTESIAN_POINT('',(0.E0,0.E0,0.E0));
#18135=DIRECTION('',(0.E0,0.E0,1.E0));
#18136=DIRECTION('',(1.E0,0.E0,0.E0));
#18138=(REPRESENTATION_RELATIONSHIP('','',#18076,#17093)REPRESENTATION_RELATIONSHIP_WITH_TRANSFORMATION(#18133)SHAPE_REPRESENTATION_RELATIONSHIP());
#18139=CONTEXT_DEPENDENT_SHAPE_REPRESENTATION(#18138,#18124);
#18141=DIRECTION('',(8.326672684689E-14,6.487865800153E-13,-1.E0));
#18142=VECTOR('',#18141,6.4E-2);
#18143=CARTESIAN_POINT('',(-7.138890041750E0,1.467908089176E0,1.68016E1));
#18144=LINE('',#18143,#18142);
#18145=CURVE_STYLE('',#26,POSITIVE_LENGTH_MEASURE(2.E-2),#16248);
#18146=PRESENTATION_STYLE_ASSIGNMENT((#18145));
#18147=STYLED_ITEM('',(#18146),#18144);
#18148=DIRECTION('',(5.551115123126E-14,-4.805184028456E-13,1.E0));
#18149=VECTOR('',#18148,6.4E-2);
#18150=CARTESIAN_POINT('',(-4.608827283445E0,4.413369609098E-1,1.67376E1));
#18151=LINE('',#18150,#18149);
#18152=CURVE_STYLE('',#26,POSITIVE_LENGTH_MEASURE(2.E-2),#16248);
#18153=PRESENTATION_STYLE_ASSIGNMENT((#18152));
#18154=STYLED_ITEM('',(#18153),#18151);
#18155=DIRECTION('',(1.122129850008E-14,1.E0,0.E0));
#18156=VECTOR('',#18155,3.957556336701E-1);
#18157=CARTESIAN_POINT('',(-4.608827283445E0,4.413369609098E-1,1.68016E1));
#18158=LINE('',#18157,#18156);
#18159=CURVE_STYLE('',#26,POSITIVE_LENGTH_MEASURE(2.E-2),#16248);
#18160=PRESENTATION_STYLE_ASSIGNMENT((#18159));
#18161=STYLED_ITEM('',(#18160),#18158);
#18162=DIRECTION('',(5.551115123126E-14,2.966377143920E-13,-1.E0));
#18163=VECTOR('',#18162,6.4E-2);
#18164=CARTESIAN_POINT('',(-4.608827283445E0,8.370925945799E-1,1.68016E1));
#18165=LINE('',#18164,#18163);
#18166=CURVE_STYLE('',#26,POSITIVE_LENGTH_MEASURE(2.E-2),#16248);
#18167=PRESENTATION_STYLE_ASSIGNMENT((#18166));
#18168=STYLED_ITEM('',(#18167),#18165);
#18169=DIRECTION('',(-2.693111640019E-14,-1.E0,0.E0));
#18170=VECTOR('',#18169,3.957556336701E-1);
#18171=CARTESIAN_POINT('',(-4.608827283445E0,8.370925945799E-1,1.67376E1));
#18172=LINE('',#18171,#18170);
#18173=CURVE_STYLE('',#26,POSITIVE_LENGTH_MEASURE(2.E-2),#16248);
#18174=PRESENTATION_STYLE_ASSIGNMENT((#18173));
#18175=STYLED_ITEM('',(#18174),#18172);
#18176=DIRECTION('',(-2.775557561563E-14,-3.469446951954E-13,1.E0));
#18177=VECTOR('',#18176,6.4E-2);
#18178=CARTESIAN_POINT('',(-7.138890041750E0,1.072152455506E0,1.67376E1));
#18179=LINE('',#18178,#18177);
#18180=CURVE_STYLE('',#26,POSITIVE_LENGTH_MEASURE(2.E-2),#16248);
#18181=PRESENTATION_STYLE_ASSIGNMENT((#18180));
#18182=STYLED_ITEM('',(#18181),#18179);
#18183=DIRECTION('',(-9.702957262760E-1,2.419218955997E-1,0.E0));
#18184=VECTOR('',#18183,2.607517161820E0);
#18185=CARTESIAN_POINT('',(-4.608827283445E0,4.413369609098E-1,1.68016E1));
#18186=LINE('',#18185,#18184);
#18187=CURVE_STYLE('',#26,POSITIVE_LENGTH_MEASURE(2.E-2),#16248);
#18188=PRESENTATION_STYLE_ASSIGNMENT((#18187));
#18189=STYLED_ITEM('',(#18188),#18186);
#18190=DIRECTION('',(5.386223280039E-14,1.E0,0.E0));
#18191=VECTOR('',#18190,3.957556336701E-1);
#18192=CARTESIAN_POINT('',(-7.138890041750E0,1.072152455506E0,1.68016E1));
#18193=LINE('',#18192,#18191);
#18194=CURVE_STYLE('',#26,POSITIVE_LENGTH_MEASURE(2.E-2),#16248);
#18195=PRESENTATION_STYLE_ASSIGNMENT((#18194));
#18196=STYLED_ITEM('',(#18195),#18193);
#18197=DIRECTION('',(9.702957262760E-1,-2.419218955997E-1,0.E0));
#18198=VECTOR('',#18197,2.607517161820E0);
#18199=CARTESIAN_POINT('',(-7.138890041750E0,1.467908089176E0,1.68016E1));
#18200=LINE('',#18199,#18198);
#18201=CURVE_STYLE('',#26,POSITIVE_LENGTH_MEASURE(2.E-2),#16248);
#18202=PRESENTATION_STYLE_ASSIGNMENT((#18201));
#18203=STYLED_ITEM('',(#18202),#18200);
#18204=DIRECTION('',(9.702957262760E-1,-2.419218955997E-1,0.E0));
#18205=VECTOR('',#18204,2.607517161820E0);
#18206=CARTESIAN_POINT('',(-7.138890041750E0,1.072152455506E0,1.67376E1));
#18207=LINE('',#18206,#18205);
#18208=CURVE_STYLE('',#26,POSITIVE_LENGTH_MEASURE(2.E-2),#16248);
#18209=PRESENTATION_STYLE_ASSIGNMENT((#18208));
#18210=STYLED_ITEM('',(#18209),#18207);
#18211=DIRECTION('',(-9.702957262760E-1,2.419218955997E-1,0.E0));
#18212=VECTOR('',#18211,2.607517161820E0);
#18213=CARTESIAN_POINT('',(-4.608827283445E0,8.370925945799E-1,1.67376E1));
#18214=LINE('',#18213,#18212);
#18215=CURVE_STYLE('',#26,POSITIVE_LENGTH_MEASURE(2.E-2),#16248);
#18216=PRESENTATION_STYLE_ASSIGNMENT((#18215));
#18217=STYLED_ITEM('',(#18216),#18214);
#18218=DIRECTION('',(-7.181631040052E-14,-1.E0,0.E0));
#18219=VECTOR('',#18218,3.957556336701E-1);
#18220=CARTESIAN_POINT('',(-7.138890041750E0,1.467908089176E0,1.67376E1));
#18221=LINE('',#18220,#18219);
#18222=CURVE_STYLE('',#26,POSITIVE_LENGTH_MEASURE(2.E-2),#16248);
#18223=PRESENTATION_STYLE_ASSIGNMENT((#18222));
#18224=STYLED_ITEM('',(#18223),#18221);
#18225=CARTESIAN_POINT('',(-7.138890041750E0,1.467908089176E0,1.68016E1));
#18226=CARTESIAN_POINT('',(-7.138890041750E0,1.467908089176E0,1.67376E1));
#18227=VERTEX_POINT('',#18225);
#18228=VERTEX_POINT('',#18226);
#18229=CARTESIAN_POINT('',(-7.138890041750E0,1.072152455506E0,1.68016E1));
#18230=VERTEX_POINT('',#18229);
#18231=CARTESIAN_POINT('',(-7.138890041750E0,1.072152455506E0,1.67376E1));
#18232=VERTEX_POINT('',#18231);
#18233=CARTESIAN_POINT('',(-4.608827283445E0,8.370925945799E-1,1.68016E1));
#18234=CARTESIAN_POINT('',(-4.608827283445E0,8.370925945799E-1,1.67376E1));
#18235=VERTEX_POINT('',#18233);
#18236=VERTEX_POINT('',#18234);
#18237=CARTESIAN_POINT('',(-4.608827283445E0,4.413369609098E-1,1.67376E1));
#18238=CARTESIAN_POINT('',(-4.608827283445E0,4.413369609098E-1,1.68016E1));
#18239=VERTEX_POINT('',#18237);
#18240=VERTEX_POINT('',#18238);
#18241=CARTESIAN_POINT('',(-7.138890041750E0,1.467908089176E0,1.68656E1));
#18242=DIRECTION('',(1.E0,0.E0,0.E0));
#18243=DIRECTION('',(0.E0,0.E0,-1.E0));
#18244=AXIS2_PLACEMENT_3D('',#18241,#18242,#18243);
#18245=PLANE('',#18244);
#18247=ORIENTED_EDGE('',*,*,#18246,.F.);
#18249=ORIENTED_EDGE('',*,*,#18248,.F.);
#18251=ORIENTED_EDGE('',*,*,#18250,.F.);
#18253=ORIENTED_EDGE('',*,*,#18252,.F.);
#18254=EDGE_LOOP('',(#18247,#18249,#18251,#18253));
#18255=FACE_OUTER_BOUND('',#18254,.F.);
#18257=CARTESIAN_POINT('',(-4.608827283445E0,8.370925945800E-1,1.68656E1));
#18258=DIRECTION('',(-2.419218955997E-1,-9.702957262760E-1,0.E0));
#18259=DIRECTION('',(9.702957262760E-1,-2.419218955997E-1,0.E0));
#18260=AXIS2_PLACEMENT_3D('',#18257,#18258,#18259);
#18261=PLANE('',#18260);
#18263=ORIENTED_EDGE('',*,*,#18262,.F.);
#18265=ORIENTED_EDGE('',*,*,#18264,.F.);
#18266=ORIENTED_EDGE('',*,*,#18246,.T.);
#18268=ORIENTED_EDGE('',*,*,#18267,.F.);
#18269=EDGE_LOOP('',(#18263,#18265,#18266,#18268));
#18270=FACE_OUTER_BOUND('',#18269,.F.);
#18272=CARTESIAN_POINT('',(-4.608827283445E0,4.413369609096E-1,1.68656E1));
#18273=DIRECTION('',(-1.E0,0.E0,0.E0));
#18274=DIRECTION('',(0.E0,0.E0,1.E0));
#18275=AXIS2_PLACEMENT_3D('',#18272,#18273,#18274);
#18276=PLANE('',#18275);
#18278=ORIENTED_EDGE('',*,*,#18277,.T.);
#18280=ORIENTED_EDGE('',*,*,#18279,.T.);
#18281=ORIENTED_EDGE('',*,*,#18262,.T.);
#18283=ORIENTED_EDGE('',*,*,#18282,.T.);
#18284=EDGE_LOOP('',(#18278,#18280,#18281,#18283));
#18285=FACE_OUTER_BOUND('',#18284,.F.);
#18287=CARTESIAN_POINT('',(-7.138890041750E0,1.072152455506E0,1.68656E1));
#18288=DIRECTION('',(2.419218955997E-1,9.702957262760E-1,0.E0));
#18289=DIRECTION('',(-9.702957262760E-1,2.419218955997E-1,0.E0));
#18290=AXIS2_PLACEMENT_3D('',#18287,#18288,#18289);
#18291=PLANE('',#18290);
#18292=ORIENTED_EDGE('',*,*,#18250,.T.);
#18294=ORIENTED_EDGE('',*,*,#18293,.F.);
#18295=ORIENTED_EDGE('',*,*,#18277,.F.);
#18297=ORIENTED_EDGE('',*,*,#18296,.F.);
#18298=EDGE_LOOP('',(#18292,#18294,#18295,#18297));
#18299=FACE_OUTER_BOUND('',#18298,.F.);
#18301=CARTESIAN_POINT('',(-5.92E0,0.E0,1.68016E1));
#18302=DIRECTION('',(0.E0,0.E0,1.E0));
#18303=DIRECTION('',(1.E0,0.E0,0.E0));
#18304=AXIS2_PLACEMENT_3D('',#18301,#18302,#18303);
#18305=PLANE('',#18304);
#18306=ORIENTED_EDGE('',*,*,#18279,.F.);
#18307=ORIENTED_EDGE('',*,*,#18293,.T.);
#18308=ORIENTED_EDGE('',*,*,#18248,.T.);
#18309=ORIENTED_EDGE('',*,*,#18264,.T.);
#18310=EDGE_LOOP('',(#18306,#18307,#18308,#18309));
#18311=FACE_OUTER_BOUND('',#18310,.F.);
#18313=CARTESIAN_POINT('',(7.933796729338E1,-2.738408139160E2,1.67376E1));
#18314=DIRECTION('',(0.E0,0.E0,1.E0));
#18315=DIRECTION('',(0.E0,1.E0,0.E0));
#18316=AXIS2_PLACEMENT_3D('',#18313,#18314,#18315);
#18317=PLANE('',#18316);
#18318=ORIENTED_EDGE('',*,*,#18296,.T.);
#18319=ORIENTED_EDGE('',*,*,#18282,.F.);
#18320=ORIENTED_EDGE('',*,*,#18267,.T.);
#18321=ORIENTED_EDGE('',*,*,#18252,.T.);
#18322=EDGE_LOOP('',(#18318,#18319,#18320,#18321));
#18323=FACE_OUTER_BOUND('',#18322,.F.);
#18325=CLOSED_SHELL('',(#18256,#18271,#18286,#18300,#18312,#18324));
#18326=MANIFOLD_SOLID_BREP('',#18325);
#18327=FILL_AREA_STYLE_COLOUR('',#16248);
#18328=FILL_AREA_STYLE('',(#18327));
#18329=SURFACE_STYLE_FILL_AREA(#18328);
#18330=SURFACE_SIDE_STYLE('',(#18329));
#18331=SURFACE_STYLE_USAGE(.BOTH.,#18330);
#18332=PRESENTATION_STYLE_ASSIGNMENT((#18331));
#18140=STYLED_ITEM('',(#18332),#18326);
#18335=PLANE_ANGLE_MEASURE_WITH_UNIT(PLANE_ANGLE_MEASURE(1.745329251994E-2),
#18334);
#18336=(CONVERSION_BASED_UNIT('DEGREE',#18335)NAMED_UNIT(*)PLANE_ANGLE_UNIT());
#18338=UNCERTAINTY_MEASURE_WITH_UNIT(LENGTH_MEASURE(2.731037370916E-4),#18333,
'distance_accuracy_value',
'Maximum model space distance between geometric entities at asserted connectivities');
#18340=CARTESIAN_POINT('',(0.E0,0.E0,0.E0));
#18341=DIRECTION('',(0.E0,0.E0,1.E0));
#18342=DIRECTION('',(1.E0,0.E0,0.E0));
#18345=PRODUCT_DEFINITION_CONTEXT('part definition',#2905,'design');
#18346=PRODUCT_CONTEXT('',#2905,'mechanical');
#18347=PRODUCT('LOGO_NX_PRT_330_1_1_1_1_2_1','LOGO_NX_PRT_330_1_1_1_1_2_1',
'NOT SPECIFIED',(#18346));
#18348=PRODUCT_DEFINITION_FORMATION('1','LAST_VERSION',#18347);
#18356=DERIVED_UNIT_ELEMENT(#18355,2.E0);
#18357=DERIVED_UNIT((#18356));
#18358=MEASURE_REPRESENTATION_ITEM('surface area measure',AREA_MEASURE(
2.386992098099E0),#18357);
#18363=DERIVED_UNIT_ELEMENT(#18362,3.E0);
#18364=DERIVED_UNIT((#18363));
#18365=MEASURE_REPRESENTATION_ITEM('volume measure',VOLUME_MEASURE(
6.408234176884E-2),#18364);
#18369=CARTESIAN_POINT('centre point',(-5.873858662597E0,9.546225250430E-1,
1.67696E1));
#18374=DERIVED_UNIT_ELEMENT(#18373,2.E0);
#18375=DERIVED_UNIT((#18374));
#18376=MEASURE_REPRESENTATION_ITEM('surface area measure',AREA_MEASURE(
2.386992098099E0),#18375);
#18381=DERIVED_UNIT_ELEMENT(#18380,3.E0);
#18382=DERIVED_UNIT((#18381));
#18383=MEASURE_REPRESENTATION_ITEM('volume measure',VOLUME_MEASURE(
6.408234176884E-2),#18382);
#18387=CARTESIAN_POINT('centre point',(-5.873858662597E0,9.546225250430E-1,
1.67696E1));
#18394=CARTESIAN_POINT('centre point',(-5.873858662597E0,9.546225250430E-1,
1.67696E1));
#18398=CARTESIAN_POINT('',(0.E0,0.E0,0.E0));
#18399=DIRECTION('',(0.E0,0.E0,1.E0));
#18400=DIRECTION('',(1.E0,0.E0,0.E0));
#18401=AXIS2_PLACEMENT_3D('',#18398,#18399,#18400);
#18402=ITEM_DEFINED_TRANSFORMATION('','',#18343,#18401);
#18403=CARTESIAN_POINT('',(0.E0,0.E0,0.E0));
#18404=DIRECTION('',(0.E0,0.E0,1.E0));
#18405=DIRECTION('',(1.E0,0.E0,0.E0));
#18407=(REPRESENTATION_RELATIONSHIP('','',#18344,#17093)REPRESENTATION_RELATIONSHIP_WITH_TRANSFORMATION(#18402)SHAPE_REPRESENTATION_RELATIONSHIP());
#18408=CONTEXT_DEPENDENT_SHAPE_REPRESENTATION(#18407,#18393);
#18410=DIRECTION('',(-6.938893903907E-14,3.608224830032E-13,-1.E0));
#18411=VECTOR('',#18410,6.4E-2);
#18412=CARTESIAN_POINT('',(-4.608827283445E0,1.603869134816E0,1.68016E1));
#18413=LINE('',#18412,#18411);
#18414=CURVE_STYLE('',#26,POSITIVE_LENGTH_MEASURE(2.E-2),#16248);
#18415=PRESENTATION_STYLE_ASSIGNMENT((#18414));
#18416=STYLED_ITEM('',(#18415),#18413);
#18417=DIRECTION('',(-2.775557561563E-14,1.460637166772E-12,1.E0));
#18418=VECTOR('',#18417,6.4E-2);
#18419=CARTESIAN_POINT('',(-6.146444998998E0,1.593284594705E0,1.67376E1));
#18420=LINE('',#18419,#18418);
#18421=CURVE_STYLE('',#26,POSITIVE_LENGTH_MEASURE(2.E-2),#16248);
#18422=PRESENTATION_STYLE_ASSIGNMENT((#18421));
#18423=STYLED_ITEM('',(#18422),#18420);
#18424=DIRECTION('',(-1.387778780781E-14,-1.304512053935E-12,-1.E0));
#18425=VECTOR('',#18424,6.4E-2);
#18426=CARTESIAN_POINT('',(-4.608827283445E0,1.209913440550E0,1.68016E1));
#18427=LINE('',#18426,#18425);
#18428=CURVE_STYLE('',#26,POSITIVE_LENGTH_MEASURE(2.E-2),#16248);
#18429=PRESENTATION_STYLE_ASSIGNMENT((#18428));
#18430=STYLED_ITEM('',(#18429),#18427);
#18431=DIRECTION('',(2.775557561563E-14,-1.283695372223E-13,1.E0));
#18432=VECTOR('',#18431,6.4E-2);
#18433=CARTESIAN_POINT('',(-6.146444998998E0,1.987240288971E0,1.67376E1));
#18434=LINE('',#18433,#18432);
#18435=CURVE_STYLE('',#26,POSITIVE_LENGTH_MEASURE(2.E-2),#16248);
#18436=PRESENTATION_STYLE_ASSIGNMENT((#18435));
#18437=STYLED_ITEM('',(#18436),#18434);
#18438=DIRECTION('',(4.509026942E-14,1.E0,0.E0));
#18439=VECTOR('',#18438,3.939556942661E-1);
#18440=CARTESIAN_POINT('',(-6.146444998998E0,1.593284594705E0,1.67376E1));
#18441=LINE('',#18440,#18439);
#18442=CURVE_STYLE('',#26,POSITIVE_LENGTH_MEASURE(2.E-2),#16248);
#18443=PRESENTATION_STYLE_ASSIGNMENT((#18442));
#18444=STYLED_ITEM('',(#18443),#18441);
#18445=DIRECTION('',(-9.702957262760E-1,2.419218955996E-1,0.E0));
#18446=VECTOR('',#18445,1.584689774379E0);
#18447=CARTESIAN_POINT('',(-4.608827283445E0,1.209913440550E0,1.68016E1));
#18448=LINE('',#18447,#18446);
#18449=CURVE_STYLE('',#26,POSITIVE_LENGTH_MEASURE(2.E-2),#16248);
#18450=PRESENTATION_STYLE_ASSIGNMENT((#18449));
#18451=STYLED_ITEM('',(#18450),#18448);
#18452=DIRECTION('',(5.410832330402E-14,1.E0,0.E0));
#18453=VECTOR('',#18452,3.939556942660E-1);
#18454=CARTESIAN_POINT('',(-6.146444998998E0,1.593284594705E0,1.68016E1));
#18455=LINE('',#18454,#18453);
#18456=CURVE_STYLE('',#26,POSITIVE_LENGTH_MEASURE(2.E-2),#16248);
#18457=PRESENTATION_STYLE_ASSIGNMENT((#18456));
#18458=STYLED_ITEM('',(#18457),#18455);
#18459=DIRECTION('',(9.702957262760E-1,-2.419218955996E-1,0.E0));
#18460=VECTOR('',#18459,1.584689774379E0);
#18461=CARTESIAN_POINT('',(-6.146444998998E0,1.987240288971E0,1.68016E1));
#18462=LINE('',#18461,#18460);
#18463=CURVE_STYLE('',#26,POSITIVE_LENGTH_MEASURE(2.E-2),#16248);
#18464=PRESENTATION_STYLE_ASSIGNMENT((#18463));
#18465=STYLED_ITEM('',(#18464),#18462);
#18466=DIRECTION('',(-6.763540413002E-14,-1.E0,0.E0));
#18467=VECTOR('',#18466,3.939556942660E-1);
#18468=CARTESIAN_POINT('',(-4.608827283445E0,1.603869134816E0,1.68016E1));
#18469=LINE('',#18468,#18467);
#18470=CURVE_STYLE('',#26,POSITIVE_LENGTH_MEASURE(2.E-2),#16248);
#18471=PRESENTATION_STYLE_ASSIGNMENT((#18470));
#18472=STYLED_ITEM('',(#18471),#18469);
#18473=DIRECTION('',(9.702957262760E-1,-2.419218955996E-1,0.E0));
#18474=VECTOR('',#18473,1.584689774379E0);
#18475=CARTESIAN_POINT('',(-6.146444998998E0,1.593284594705E0,1.67376E1));
#18476=LINE('',#18475,#18474);
#18477=CURVE_STYLE('',#26,POSITIVE_LENGTH_MEASURE(2.E-2),#16248);
#18478=PRESENTATION_STYLE_ASSIGNMENT((#18477));
#18479=STYLED_ITEM('',(#18478),#18476);
#18480=DIRECTION('',(6.087186371700E-14,1.E0,0.E0));
#18481=VECTOR('',#18480,3.939556942661E-1);
#18482=CARTESIAN_POINT('',(-4.608827283445E0,1.209913440550E0,1.67376E1));
#18483=LINE('',#18482,#18481);
#18484=CURVE_STYLE('',#26,POSITIVE_LENGTH_MEASURE(2.E-2),#16248);
#18485=PRESENTATION_STYLE_ASSIGNMENT((#18484));
#18486=STYLED_ITEM('',(#18485),#18483);
#18487=DIRECTION('',(-9.702957262760E-1,2.419218955996E-1,0.E0));
#18488=VECTOR('',#18487,1.584689774379E0);
#18489=CARTESIAN_POINT('',(-4.608827283445E0,1.603869134816E0,1.67376E1));
#18490=LINE('',#18489,#18488);
#18491=CURVE_STYLE('',#26,POSITIVE_LENGTH_MEASURE(2.E-2),#16248);
#18492=PRESENTATION_STYLE_ASSIGNMENT((#18491));
#18493=STYLED_ITEM('',(#18492),#18490);
#18494=CARTESIAN_POINT('',(-4.608827283445E0,1.603869134816E0,1.68016E1));
#18495=CARTESIAN_POINT('',(-4.608827283445E0,1.603869134816E0,1.67376E1));
#18496=VERTEX_POINT('',#18494);
#18497=VERTEX_POINT('',#18495);
#18498=CARTESIAN_POINT('',(-6.146444998998E0,1.987240288971E0,1.68016E1));
#18499=VERTEX_POINT('',#18498);
#18500=CARTESIAN_POINT('',(-6.146444998998E0,1.987240288971E0,1.67376E1));
#18501=VERTEX_POINT('',#18500);
#18502=CARTESIAN_POINT('',(-4.608827283445E0,1.209913440550E0,1.68016E1));
#18503=CARTESIAN_POINT('',(-4.608827283445E0,1.209913440550E0,1.67376E1));
#18504=VERTEX_POINT('',#18502);
#18505=VERTEX_POINT('',#18503);
#18506=CARTESIAN_POINT('',(-6.146444998998E0,1.593284594705E0,1.67376E1));
#18507=CARTESIAN_POINT('',(-6.146444998998E0,1.593284594705E0,1.68016E1));
#18508=VERTEX_POINT('',#18506);
#18509=VERTEX_POINT('',#18507);
#18510=CARTESIAN_POINT('',(-4.608827283445E0,1.603869134816E0,1.68656E1));
#18511=DIRECTION('',(-2.419218955997E-1,-9.702957262760E-1,0.E0));
#18512=DIRECTION('',(9.702957262760E-1,-2.419218955997E-1,0.E0));
#18513=AXIS2_PLACEMENT_3D('',#18510,#18511,#18512);
#18514=PLANE('',#18513);
#18516=ORIENTED_EDGE('',*,*,#18515,.F.);
#18518=ORIENTED_EDGE('',*,*,#18517,.F.);
#18520=ORIENTED_EDGE('',*,*,#18519,.F.);
#18522=ORIENTED_EDGE('',*,*,#18521,.F.);
#18523=EDGE_LOOP('',(#18516,#18518,#18520,#18522));
#18524=FACE_OUTER_BOUND('',#18523,.F.);
#18526=CARTESIAN_POINT('',(-4.608827283445E0,1.209913440550E0,1.68656E1));
#18527=DIRECTION('',(-1.E0,0.E0,0.E0));
#18528=DIRECTION('',(0.E0,0.E0,1.E0));
#18529=AXIS2_PLACEMENT_3D('',#18526,#18527,#18528);
#18530=PLANE('',#18529);
#18532=ORIENTED_EDGE('',*,*,#18531,.F.);
#18534=ORIENTED_EDGE('',*,*,#18533,.F.);
#18535=ORIENTED_EDGE('',*,*,#18515,.T.);
#18537=ORIENTED_EDGE('',*,*,#18536,.F.);
#18538=EDGE_LOOP('',(#18532,#18534,#18535,#18537));
#18539=FACE_OUTER_BOUND('',#18538,.F.);
#18541=CARTESIAN_POINT('',(-6.146444998998E0,1.593284594705E0,1.68656E1));
#18542=DIRECTION('',(2.419218955997E-1,9.702957262760E-1,0.E0));
#18543=DIRECTION('',(-9.702957262760E-1,2.419218955997E-1,0.E0));
#18544=AXIS2_PLACEMENT_3D('',#18541,#18542,#18543);
#18545=PLANE('',#18544);
#18547=ORIENTED_EDGE('',*,*,#18546,.T.);
#18549=ORIENTED_EDGE('',*,*,#18548,.F.);
#18550=ORIENTED_EDGE('',*,*,#18531,.T.);
#18552=ORIENTED_EDGE('',*,*,#18551,.F.);
#18553=EDGE_LOOP('',(#18547,#18549,#18550,#18552));
#18554=FACE_OUTER_BOUND('',#18553,.F.);
#18556=CARTESIAN_POINT('',(-6.146444998998E0,1.987240288971E0,1.68656E1));
#18557=DIRECTION('',(1.E0,0.E0,0.E0));
#18558=DIRECTION('',(0.E0,0.E0,-1.E0));
#18559=AXIS2_PLACEMENT_3D('',#18556,#18557,#18558);
#18560=PLANE('',#18559);
#18561=ORIENTED_EDGE('',*,*,#18519,.T.);
#18563=ORIENTED_EDGE('',*,*,#18562,.F.);
#18564=ORIENTED_EDGE('',*,*,#18546,.F.);
#18566=ORIENTED_EDGE('',*,*,#18565,.T.);
#18567=EDGE_LOOP('',(#18561,#18563,#18564,#18566));
#18568=FACE_OUTER_BOUND('',#18567,.F.);
#18570=CARTESIAN_POINT('',(-5.92E0,0.E0,1.68016E1));
#18571=DIRECTION('',(0.E0,0.E0,1.E0));
#18572=DIRECTION('',(1.E0,0.E0,0.E0));
#18573=AXIS2_PLACEMENT_3D('',#18570,#18571,#18572);
#18574=PLANE('',#18573);
#18575=ORIENTED_EDGE('',*,*,#18548,.T.);
#18576=ORIENTED_EDGE('',*,*,#18562,.T.);
#18577=ORIENTED_EDGE('',*,*,#18517,.T.);
#18578=ORIENTED_EDGE('',*,*,#18533,.T.);
#18579=EDGE_LOOP('',(#18575,#18576,#18577,#18578));
#18580=FACE_OUTER_BOUND('',#18579,.F.);
#18582=CARTESIAN_POINT('',(7.933796729338E1,-2.738408139160E2,1.67376E1));
#18583=DIRECTION('',(0.E0,0.E0,1.E0));
#18584=DIRECTION('',(0.E0,1.E0,0.E0));
#18585=AXIS2_PLACEMENT_3D('',#18582,#18583,#18584);
#18586=PLANE('',#18585);
#18587=ORIENTED_EDGE('',*,*,#18565,.F.);
#18588=ORIENTED_EDGE('',*,*,#18551,.T.);
#18589=ORIENTED_EDGE('',*,*,#18536,.T.);
#18590=ORIENTED_EDGE('',*,*,#18521,.T.);
#18591=EDGE_LOOP('',(#18587,#18588,#18589,#18590));
#18592=FACE_OUTER_BOUND('',#18591,.F.);
#18594=CLOSED_SHELL('',(#18525,#18540,#18555,#18569,#18581,#18593));
#18595=MANIFOLD_SOLID_BREP('',#18594);
#18596=FILL_AREA_STYLE_COLOUR('',#16248);
#18597=FILL_AREA_STYLE('',(#18596));
#18598=SURFACE_STYLE_FILL_AREA(#18597);
#18599=SURFACE_SIDE_STYLE('',(#18598));
#18600=SURFACE_STYLE_USAGE(.BOTH.,#18599);
#18601=PRESENTATION_STYLE_ASSIGNMENT((#18600));
#18409=STYLED_ITEM('',(#18601),#18595);
#18604=PLANE_ANGLE_MEASURE_WITH_UNIT(PLANE_ANGLE_MEASURE(1.745329251994E-2),
#18603);
#18605=(CONVERSION_BASED_UNIT('DEGREE',#18604)NAMED_UNIT(*)PLANE_ANGLE_UNIT());
#18607=UNCERTAINTY_MEASURE_WITH_UNIT(LENGTH_MEASURE(1.724054368376E-4),#18602,
'distance_accuracy_value',
'Maximum model space distance between geometric entities at asserted connectivities');
#18609=CARTESIAN_POINT('',(0.E0,0.E0,0.E0));
#18610=DIRECTION('',(0.E0,0.E0,1.E0));
#18611=DIRECTION('',(1.E0,0.E0,0.E0));
#18614=PRODUCT_CONTEXT('',#2905,'mechanical');
#18615=PRODUCT('LOGO_NX_PRT_349_1_1_1_1_2_1','LOGO_NX_PRT_349_1_1_1_1_2_1',
'NOT SPECIFIED',(#18614));
#18616=PRODUCT_DEFINITION_FORMATION('1','LAST_VERSION',#18615);
#18624=DERIVED_UNIT_ELEMENT(#18623,2.E0);
#18625=DERIVED_UNIT((#18624));
#18626=MEASURE_REPRESENTATION_ITEM('surface area measure',AREA_MEASURE(
1.464773129279E0),#18625);
#18631=DERIVED_UNIT_ELEMENT(#18630,3.E0);
#18632=DERIVED_UNIT((#18631));
#18633=MEASURE_REPRESENTATION_ITEM('volume measure',VOLUME_MEASURE(
3.876820829737E-2),#18632);
#18637=CARTESIAN_POINT('centre point',(-5.377636141222E0,1.598576864761E0,
1.67696E1));
#18642=DERIVED_UNIT_ELEMENT(#18641,2.E0);
#18643=DERIVED_UNIT((#18642));
#18644=MEASURE_REPRESENTATION_ITEM('surface area measure',AREA_MEASURE(
1.464773129279E0),#18643);
#18649=DERIVED_UNIT_ELEMENT(#18648,3.E0);
#18650=DERIVED_UNIT((#18649));
#18651=MEASURE_REPRESENTATION_ITEM('volume measure',VOLUME_MEASURE(
3.876820829737E-2),#18650);
#18655=CARTESIAN_POINT('centre point',(-5.377636141222E0,1.598576864761E0,
1.67696E1));
#18662=CARTESIAN_POINT('centre point',(-5.377636141222E0,1.598576864761E0,
1.67696E1));
#18666=CARTESIAN_POINT('',(0.E0,0.E0,0.E0));
#18667=DIRECTION('',(0.E0,0.E0,1.E0));
#18668=DIRECTION('',(1.E0,0.E0,0.E0));
#18669=AXIS2_PLACEMENT_3D('',#18666,#18667,#18668);
#18670=ITEM_DEFINED_TRANSFORMATION('','',#18612,#18669);
#18671=CARTESIAN_POINT('',(0.E0,0.E0,0.E0));
#18672=DIRECTION('',(0.E0,0.E0,1.E0));
#18673=DIRECTION('',(1.E0,0.E0,0.E0));
#18675=(REPRESENTATION_RELATIONSHIP('','',#18613,#17093)REPRESENTATION_RELATIONSHIP_WITH_TRANSFORMATION(#18670)SHAPE_REPRESENTATION_RELATIONSHIP());
#18676=CONTEXT_DEPENDENT_SHAPE_REPRESENTATION(#18675,#18661);
#18678=DIRECTION('',(9.702957262760E-1,-2.419218955995E-1,0.E0));
#18679=VECTOR('',#18678,5.441639962967E-1);
#18680=CARTESIAN_POINT('',(-7.138890041750E0,1.840728935146E0,1.67376E1));
#18681=LINE('',#18680,#18679);
#18682=CURVE_STYLE('',#26,POSITIVE_LENGTH_MEASURE(2.E-2),#16248);
#18683=PRESENTATION_STYLE_ASSIGNMENT((#18682));
#18684=STYLED_ITEM('',(#18683),#18681);
#18685=CARTESIAN_POINT('',(-6.482411714619E0,2.284880863643E0,1.67376E1));
#18686=DIRECTION('',(0.E0,0.E0,-1.E0));
#18687=DIRECTION('',(-1.E0,-3.418853959821E-11,0.E0));
#18688=AXIS2_PLACEMENT_3D('',#18685,#18686,#18687);
#18690=CURVE_STYLE('',#26,POSITIVE_LENGTH_MEASURE(2.E-2),#16248);
#18691=PRESENTATION_STYLE_ASSIGNMENT((#18690));
#18692=STYLED_ITEM('',(#18691),#18689);
#18693=CARTESIAN_POINT('',(-6.482411714619E0,2.284880863643E0,1.67376E1));
#18694=DIRECTION('',(0.E0,0.E0,-1.E0));
#18695=DIRECTION('',(-2.964320246631E-11,1.E0,0.E0));
#18696=AXIS2_PLACEMENT_3D('',#18693,#18694,#18695);
#18698=CURVE_STYLE('',#26,POSITIVE_LENGTH_MEASURE(2.E-2),#16248);
#18699=PRESENTATION_STYLE_ASSIGNMENT((#18698));
#18700=STYLED_ITEM('',(#18699),#18697);
#18701=DIRECTION('',(9.702957262760E-1,-2.419218955996E-1,0.E0));
#18702=VECTOR('',#18701,1.898908405752E0);
#18703=CARTESIAN_POINT('',(-6.451329994135E0,2.409542835367E0,1.67376E1));
#18704=LINE('',#18703,#18702);
#18705=CURVE_STYLE('',#26,POSITIVE_LENGTH_MEASURE(2.E-2),#16248);
#18706=PRESENTATION_STYLE_ASSIGNMENT((#18705));
#18707=STYLED_ITEM('',(#18706),#18704);
#18708=DIRECTION('',(-9.702957262760E-1,2.419218955996E-1,0.E0));
#18709=VECTOR('',#18708,2.363809328510E0);
#18710=CARTESIAN_POINT('',(-4.608827283445E0,2.345910947949E0,1.67376E1));
#18711=LINE('',#18710,#18709);
#18712=CURVE_STYLE('',#26,POSITIVE_LENGTH_MEASURE(2.E-2),#16248);
#18713=PRESENTATION_STYLE_ASSIGNMENT((#18712));
#18714=STYLED_ITEM('',(#18713),#18711);
#18715=CARTESIAN_POINT('',(-6.948484614530E0,2.733018609250E0,1.67376E1));
#18716=DIRECTION('',(0.E0,0.E0,1.E0));
#18717=DIRECTION('',(2.419218957203E-1,9.702957262459E-1,0.E0));
#18718=AXIS2_PLACEMENT_3D('',#18715,#18716,#18717);
#18720=CURVE_STYLE('',#26,POSITIVE_LENGTH_MEASURE(2.E-2),#16248);
#18721=PRESENTATION_STYLE_ASSIGNMENT((#18720));
#18722=STYLED_ITEM('',(#18721),#18719);
#18723=CARTESIAN_POINT('',(-6.948484614530E0,2.733018609250E0,1.67376E1));
#18724=DIRECTION('',(0.E0,0.E0,1.E0));
#18725=DIRECTION('',(0.E0,1.E0,0.E0));
#18726=AXIS2_PLACEMENT_3D('',#18723,#18724,#18725);
#18728=CURVE_STYLE('',#26,POSITIVE_LENGTH_MEASURE(2.E-2),#16248);
#18729=PRESENTATION_STYLE_ASSIGNMENT((#18728));
#18730=STYLED_ITEM('',(#18729),#18727);
#18731=DIRECTION('',(1.526556658860E-13,-1.439820485061E-12,-1.E0));
#18732=VECTOR('',#18731,6.4E-2);
#18733=CARTESIAN_POINT('',(-7.138890041750E0,1.840728935146E0,1.68016E1));
#18734=LINE('',#18733,#18732);
#18735=CURVE_STYLE('',#26,POSITIVE_LENGTH_MEASURE(2.E-2),#16248);
#18736=PRESENTATION_STYLE_ASSIGNMENT((#18735));
#18737=STYLED_ITEM('',(#18736),#18734);
#18738=DIRECTION('',(0.E0,1.E0,0.E0));
#18739=VECTOR('',#18738,8.922896740990E-1);
#18740=CARTESIAN_POINT('',(-7.138890041750E0,1.840728935146E0,1.67376E1));
#18741=LINE('',#18740,#18739);
#18742=CURVE_STYLE('',#26,POSITIVE_LENGTH_MEASURE(2.E-2),#16248);
#18743=PRESENTATION_STYLE_ASSIGNMENT((#18742));
#18744=STYLED_ITEM('',(#18743),#18741);
#18745=DIRECTION('',(0.E0,-2.238487173400E-11,-1.E0));
#18746=VECTOR('',#18745,6.4E-2);
#18747=CARTESIAN_POINT('',(-7.138890041750E0,2.733018609246E0,1.68016E1));
#18748=LINE('',#18747,#18746);
#18749=CURVE_STYLE('',#26,POSITIVE_LENGTH_MEASURE(2.E-2),#16248);
#18750=PRESENTATION_STYLE_ASSIGNMENT((#18749));
#18751=STYLED_ITEM('',(#18750),#18748);
#18752=DIRECTION('',(1.678657213233E-10,-4.583139423531E-11,1.E0));
#18753=VECTOR('',#18752,6.4E-2);
#18754=CARTESIAN_POINT('',(-6.902421372629E0,2.917768181538E0,1.67376E1));
#18755=LINE('',#18754,#18753);
#18756=CURVE_STYLE('',#26,POSITIVE_LENGTH_MEASURE(2.E-2),#16248);
#18757=PRESENTATION_STYLE_ASSIGNMENT((#18756));
#18758=STYLED_ITEM('',(#18757),#18755);
#18759=DIRECTION('',(-9.702957262760E-1,2.419218955995E-1,0.E0));
#18760=VECTOR('',#18759,5.441639962967E-1);
#18761=CARTESIAN_POINT('',(-6.610890041750E0,1.709083749645E0,1.68016E1));
#18762=LINE('',#18761,#18760);
#18763=CURVE_STYLE('',#26,POSITIVE_LENGTH_MEASURE(2.E-2),#16248);
#18764=PRESENTATION_STYLE_ASSIGNMENT((#18763));
#18765=STYLED_ITEM('',(#18764),#18762);
#18766=DIRECTION('',(1.094931713353E-14,1.E0,0.E0));
#18767=VECTOR('',#18766,8.922896741003E-1);
#18768=CARTESIAN_POINT('',(-7.138890041750E0,1.840728935146E0,1.68016E1));
#18769=LINE('',#18768,#18767);
#18770=CURVE_STYLE('',#26,POSITIVE_LENGTH_MEASURE(2.E-2),#16248);
#18771=PRESENTATION_STYLE_ASSIGNMENT((#18770));
#18772=STYLED_ITEM('',(#18771),#18769);
#18773=CARTESIAN_POINT('',(-6.948484614530E0,2.733018609250E0,1.68016E1));
#18774=DIRECTION('',(0.E0,0.E0,-1.E0));
#18775=DIRECTION('',(-1.E0,-1.108558745008E-11,0.E0));
#18776=AXIS2_PLACEMENT_3D('',#18773,#18774,#18775);
#18778=CURVE_STYLE('',#26,POSITIVE_LENGTH_MEASURE(2.E-2),#16248);
#18779=PRESENTATION_STYLE_ASSIGNMENT((#18778));
#18780=STYLED_ITEM('',(#18779),#18777);
#18781=CARTESIAN_POINT('',(-6.948484614530E0,2.733018609250E0,1.68016E1));
#18782=DIRECTION('',(0.E0,0.E0,-1.E0));
#18783=DIRECTION('',(0.E0,1.E0,0.E0));
#18784=AXIS2_PLACEMENT_3D('',#18781,#18782,#18783);
#18786=CURVE_STYLE('',#26,POSITIVE_LENGTH_MEASURE(2.E-2),#16248);
#18787=PRESENTATION_STYLE_ASSIGNMENT((#18786));
#18788=STYLED_ITEM('',(#18787),#18785);
#18789=DIRECTION('',(9.702957262760E-1,-2.419218955995E-1,0.E0));
#18790=VECTOR('',#18789,2.363809328499E0);
#18791=CARTESIAN_POINT('',(-6.902421372619E0,2.917768181535E0,1.68016E1));
#18792=LINE('',#18791,#18790);
#18793=CURVE_STYLE('',#26,POSITIVE_LENGTH_MEASURE(2.E-2),#16248);
#18794=PRESENTATION_STYLE_ASSIGNMENT((#18793));
#18795=STYLED_ITEM('',(#18794),#18792);
#18796=DIRECTION('',(1.077244656006E-13,-1.E0,0.E0));
#18797=VECTOR('',#18796,3.957556336708E-1);
#18798=CARTESIAN_POINT('',(-4.608827283445E0,2.345910947949E0,1.68016E1));
#18799=LINE('',#18798,#18797);
#18800=CURVE_STYLE('',#26,POSITIVE_LENGTH_MEASURE(2.E-2),#16248);
#18801=PRESENTATION_STYLE_ASSIGNMENT((#18800));
#18802=STYLED_ITEM('',(#18801),#18799);
#18803=DIRECTION('',(-9.702957262760E-1,2.419218955996E-1,0.E0));
#18804=VECTOR('',#18803,1.898908405757E0);
#18805=CARTESIAN_POINT('',(-4.608827283445E0,1.950155314278E0,1.68016E1));
#18806=LINE('',#18805,#18804);
#18807=CURVE_STYLE('',#26,POSITIVE_LENGTH_MEASURE(2.E-2),#16248);
#18808=PRESENTATION_STYLE_ASSIGNMENT((#18807));
#18809=STYLED_ITEM('',(#18808),#18806);
#18810=CARTESIAN_POINT('',(-6.482411714619E0,2.284880863643E0,1.68016E1));
#18811=DIRECTION('',(0.E0,0.E0,1.E0));
#18812=DIRECTION('',(2.419218959784E-1,9.702957261816E-1,0.E0));
#18813=AXIS2_PLACEMENT_3D('',#18810,#18811,#18812);
#18815=CURVE_STYLE('',#26,POSITIVE_LENGTH_MEASURE(2.E-2),#16248);
#18816=PRESENTATION_STYLE_ASSIGNMENT((#18815));
#18817=STYLED_ITEM('',(#18816),#18814);
#18818=CARTESIAN_POINT('',(-6.482411714619E0,2.284880863643E0,1.68016E1));
#18819=DIRECTION('',(0.E0,0.E0,1.E0));
#18820=DIRECTION('',(-1.549216807999E-11,1.E0,0.E0));
#18821=AXIS2_PLACEMENT_3D('',#18818,#18819,#18820);
#18823=CURVE_STYLE('',#26,POSITIVE_LENGTH_MEASURE(2.E-2),#16248);
#18824=PRESENTATION_STYLE_ASSIGNMENT((#18823));
#18825=STYLED_ITEM('',(#18824),#18822);
#18826=DIRECTION('',(-1.403692971503E-13,-1.E0,0.E0));
#18827=VECTOR('',#18826,5.757971139955E-1);
#18828=CARTESIAN_POINT('',(-6.610890041750E0,2.284880863640E0,1.68016E1));
#18829=LINE('',#18828,#18827);
#18830=CURVE_STYLE('',#26,POSITIVE_LENGTH_MEASURE(2.E-2),#16248);
#18831=PRESENTATION_STYLE_ASSIGNMENT((#18830));
#18832=STYLED_ITEM('',(#18831),#18829);
#18833=DIRECTION('',(1.526556658860E-13,-1.436351038109E-12,-1.E0));
#18834=VECTOR('',#18833,6.4E-2);
#18835=CARTESIAN_POINT('',(-6.610890041750E0,1.709083749645E0,1.68016E1));
#18836=LINE('',#18835,#18834);
#18837=CURVE_STYLE('',#26,POSITIVE_LENGTH_MEASURE(2.E-2),#16248);
#18838=PRESENTATION_STYLE_ASSIGNMENT((#18837));
#18839=STYLED_ITEM('',(#18838),#18836);
#18840=DIRECTION('',(-1.280291391592E-13,-1.E0,0.E0));
#18841=VECTOR('',#18840,5.757971139947E-1);
#18842=CARTESIAN_POINT('',(-6.610890041750E0,2.284880863640E0,1.67376E1));
#18843=LINE('',#18842,#18841);
#18844=CURVE_STYLE('',#26,POSITIVE_LENGTH_MEASURE(2.E-2),#16248);
#18845=PRESENTATION_STYLE_ASSIGNMENT((#18844));
#18846=STYLED_ITEM('',(#18845),#18843);
#18847=DIRECTION('',(8.955336472383E-11,-2.154526557163E-11,-1.E0));
#18848=VECTOR('',#18847,6.4E-2);
#18849=CARTESIAN_POINT('',(-6.451329994141E0,2.409542835369E0,1.68016E1));
#18850=LINE('',#18849,#18848);
#18851=CURVE_STYLE('',#26,POSITIVE_LENGTH_MEASURE(2.E-2),#16248);
#18852=PRESENTATION_STYLE_ASSIGNMENT((#18851));
#18853=STYLED_ITEM('',(#18852),#18850);
#18854=DIRECTION('',(0.E0,1.336430965893E-11,1.E0));
#18855=VECTOR('',#18854,6.4E-2);
#18856=CARTESIAN_POINT('',(-6.610890041750E0,2.284880863640E0,1.67376E1));
#18857=LINE('',#18856,#18855);
#18858=CURVE_STYLE('',#26,POSITIVE_LENGTH_MEASURE(2.E-2),#16248);
#18859=PRESENTATION_STYLE_ASSIGNMENT((#18858));
#18860=STYLED_ITEM('',(#18859),#18857);
#18861=DIRECTION('',(-1.942890293094E-13,1.342675970406E-12,-1.E0));
#18862=VECTOR('',#18861,6.4E-2);
#18863=CARTESIAN_POINT('',(-4.608827283445E0,1.950155314278E0,1.68016E1));
#18864=LINE('',#18863,#18862);
#18865=CURVE_STYLE('',#26,POSITIVE_LENGTH_MEASURE(2.E-2),#16248);
#18866=PRESENTATION_STYLE_ASSIGNMENT((#18865));
#18867=STYLED_ITEM('',(#18866),#18864);
#18868=DIRECTION('',(1.665334536938E-13,3.157196726278E-12,-1.E0));
#18869=VECTOR('',#18868,6.4E-2);
#18870=CARTESIAN_POINT('',(-4.608827283445E0,2.345910947949E0,1.68016E1));
#18871=LINE('',#18870,#18869);
#18872=CURVE_STYLE('',#26,POSITIVE_LENGTH_MEASURE(2.E-2),#16248);
#18873=PRESENTATION_STYLE_ASSIGNMENT((#18872));
#18874=STYLED_ITEM('',(#18873),#18871);
#18875=DIRECTION('',(4.937371340026E-14,-1.E0,0.E0));
#18876=VECTOR('',#18875,3.957556336709E-1);
#18877=CARTESIAN_POINT('',(-4.608827283445E0,2.345910947949E0,1.67376E1));
#18878=LINE('',#18877,#18876);
#18879=CURVE_STYLE('',#26,POSITIVE_LENGTH_MEASURE(2.E-2),#16248);
#18880=PRESENTATION_STYLE_ASSIGNMENT((#18879));
#18881=STYLED_ITEM('',(#18880),#18878);
#18882=CARTESIAN_POINT('',(-7.138890041750E0,1.840728935146E0,1.67376E1));
#18883=CARTESIAN_POINT('',(-7.138890041750E0,2.733018609245E0,1.67376E1));
#18884=VERTEX_POINT('',#18882);
#18885=VERTEX_POINT('',#18883);
#18886=CARTESIAN_POINT('',(-6.610890041750E0,1.709083749645E0,1.67376E1));
#18887=VERTEX_POINT('',#18886);
#18888=CARTESIAN_POINT('',(-6.610890041750E0,2.284880863640E0,1.67376E1));
#18889=VERTEX_POINT('',#18888);
#18890=CARTESIAN_POINT('',(-6.482411714623E0,2.413359190774E0,1.67376E1));
#18891=VERTEX_POINT('',#18890);
#18892=CARTESIAN_POINT('',(-6.451329994115E0,2.409542835362E0,1.67376E1));
#18893=VERTEX_POINT('',#18892);
#18894=CARTESIAN_POINT('',(-4.608827283445E0,1.950155314278E0,1.67376E1));
#18895=VERTEX_POINT('',#18894);
#18896=CARTESIAN_POINT('',(-4.608827283445E0,2.345910947949E0,1.67376E1));
#18897=VERTEX_POINT('',#18896);
#18898=CARTESIAN_POINT('',(-6.902421372629E0,2.917768181538E0,1.67376E1));
#18899=VERTEX_POINT('',#18898);
#18900=CARTESIAN_POINT('',(-6.948484614530E0,2.923424036470E0,1.67376E1));
#18901=VERTEX_POINT('',#18900);
#18902=CARTESIAN_POINT('',(-7.138890041750E0,2.733018609246E0,1.68016E1));
#18903=VERTEX_POINT('',#18902);
#18904=CARTESIAN_POINT('',(-7.138890041750E0,1.840728935146E0,1.68016E1));
#18905=VERTEX_POINT('',#18904);
#18906=CARTESIAN_POINT('',(-6.948484614530E0,2.923424036470E0,1.68016E1));
#18907=CARTESIAN_POINT('',(-6.902421372607E0,2.917768181532E0,1.68016E1));
#18908=VERTEX_POINT('',#18906);
#18909=VERTEX_POINT('',#18907);
#18910=CARTESIAN_POINT('',(-6.610890041750E0,1.709083749645E0,1.68016E1));
#18911=VERTEX_POINT('',#18910);
#18912=CARTESIAN_POINT('',(-4.608827283445E0,2.345910947949E0,1.68016E1));
#18913=VERTEX_POINT('',#18912);
#18914=CARTESIAN_POINT('',(-4.608827283445E0,1.950155314278E0,1.68016E1));
#18915=VERTEX_POINT('',#18914);
#18916=CARTESIAN_POINT('',(-6.451329994141E0,2.409542835369E0,1.68016E1));
#18917=VERTEX_POINT('',#18916);
#18918=CARTESIAN_POINT('',(-6.482411714621E0,2.413359190774E0,1.68016E1));
#18919=VERTEX_POINT('',#18918);
#18920=CARTESIAN_POINT('',(-6.610890041750E0,2.284880863641E0,1.68016E1));
#18921=VERTEX_POINT('',#18920);
#18922=CARTESIAN_POINT('',(-6.482411714619E0,2.284880863643E0,1.67376E1));
#18923=DIRECTION('',(0.E0,0.E0,-1.E0));
#18924=DIRECTION('',(0.E0,-1.E0,0.E0));
#18925=AXIS2_PLACEMENT_3D('',#18922,#18923,#18924);
#18926=PLANE('',#18925);
#18928=ORIENTED_EDGE('',*,*,#18927,.F.);
#18930=ORIENTED_EDGE('',*,*,#18929,.T.);
#18932=ORIENTED_EDGE('',*,*,#18931,.F.);
#18934=ORIENTED_EDGE('',*,*,#18933,.T.);
#18936=ORIENTED_EDGE('',*,*,#18935,.T.);
#18938=ORIENTED_EDGE('',*,*,#18937,.T.);
#18940=ORIENTED_EDGE('',*,*,#18939,.F.);
#18942=ORIENTED_EDGE('',*,*,#18941,.T.);
#18944=ORIENTED_EDGE('',*,*,#18943,.T.);
#18946=ORIENTED_EDGE('',*,*,#18945,.T.);
#18947=EDGE_LOOP('',(#18928,#18930,#18932,#18934,#18936,#18938,#18940,#18942,
#18944,#18946));
#18948=FACE_OUTER_BOUND('',#18947,.F.);
#18950=CARTESIAN_POINT('',(-7.138890041750E0,2.733018609250E0,1.68656E1));
#18951=DIRECTION('',(1.E0,0.E0,0.E0));
#18952=DIRECTION('',(0.E0,0.E0,-1.E0));
#18953=AXIS2_PLACEMENT_3D('',#18950,#18951,#18952);
#18954=PLANE('',#18953);
#18956=ORIENTED_EDGE('',*,*,#18955,.F.);
#18958=ORIENTED_EDGE('',*,*,#18957,.F.);
#18960=ORIENTED_EDGE('',*,*,#18959,.T.);
#18961=ORIENTED_EDGE('',*,*,#18927,.T.);
#18962=EDGE_LOOP('',(#18956,#18958,#18960,#18961));
#18963=FACE_OUTER_BOUND('',#18962,.F.);
#18965=CARTESIAN_POINT('',(-6.948484614530E0,2.733018609250E0,1.68656E1));
#18966=DIRECTION('',(0.E0,0.E0,-1.E0));
#18967=DIRECTION('',(0.E0,-1.E0,0.E0));
#18968=AXIS2_PLACEMENT_3D('',#18965,#18966,#18967);
#18969=CYLINDRICAL_SURFACE('',#18968,1.904054272200E-1);
#18971=ORIENTED_EDGE('',*,*,#18970,.F.);
#18973=ORIENTED_EDGE('',*,*,#18972,.F.);
#18974=ORIENTED_EDGE('',*,*,#18955,.T.);
#18975=ORIENTED_EDGE('',*,*,#18945,.F.);
#18976=ORIENTED_EDGE('',*,*,#18943,.F.);
#18978=ORIENTED_EDGE('',*,*,#18977,.T.);
#18979=EDGE_LOOP('',(#18971,#18973,#18974,#18975,#18976,#18978));
#18980=FACE_OUTER_BOUND('',#18979,.F.);
#18982=CARTESIAN_POINT('',(-5.92E0,0.E0,1.68016E1));
#18983=DIRECTION('',(0.E0,0.E0,1.E0));
#18984=DIRECTION('',(1.E0,0.E0,0.E0));
#18985=AXIS2_PLACEMENT_3D('',#18982,#18983,#18984);
#18986=PLANE('',#18985);
#18988=ORIENTED_EDGE('',*,*,#18987,.T.);
#18989=ORIENTED_EDGE('',*,*,#18957,.T.);
#18990=ORIENTED_EDGE('',*,*,#18972,.T.);
#18991=ORIENTED_EDGE('',*,*,#18970,.T.);
#18993=ORIENTED_EDGE('',*,*,#18992,.T.);
#18995=ORIENTED_EDGE('',*,*,#18994,.T.);
#18997=ORIENTED_EDGE('',*,*,#18996,.T.);
#18999=ORIENTED_EDGE('',*,*,#18998,.T.);
#19001=ORIENTED_EDGE('',*,*,#19000,.T.);
#19003=ORIENTED_EDGE('',*,*,#19002,.T.);
#19004=EDGE_LOOP('',(#18988,#18989,#18990,#18991,#18993,#18995,#18997,#18999,
#19001,#19003));
#19005=FACE_OUTER_BOUND('',#19004,.F.);
#19007=CARTESIAN_POINT('',(-7.138890041750E0,1.840728935146E0,1.68656E1));
#19008=DIRECTION('',(2.419218955997E-1,9.702957262760E-1,0.E0));
#19009=DIRECTION('',(-9.702957262760E-1,2.419218955997E-1,0.E0));
#19010=AXIS2_PLACEMENT_3D('',#19007,#19008,#19009);
#19011=PLANE('',#19010);
#19012=ORIENTED_EDGE('',*,*,#18959,.F.);
#19013=ORIENTED_EDGE('',*,*,#18987,.F.);
#19015=ORIENTED_EDGE('',*,*,#19014,.T.);
#19016=ORIENTED_EDGE('',*,*,#18929,.F.);
#19017=EDGE_LOOP('',(#19012,#19013,#19015,#19016));
#19018=FACE_OUTER_BOUND('',#19017,.F.);
#19020=CARTESIAN_POINT('',(-6.610890041750E0,1.709083749645E0,1.68656E1));
#19021=DIRECTION('',(-1.E0,0.E0,0.E0));
#19022=DIRECTION('',(0.E0,0.E0,1.E0));
#19023=AXIS2_PLACEMENT_3D('',#19020,#19021,#19022);
#19024=PLANE('',#19023);
#19025=ORIENTED_EDGE('',*,*,#19014,.F.);
#19026=ORIENTED_EDGE('',*,*,#19002,.F.);
#19028=ORIENTED_EDGE('',*,*,#19027,.F.);
#19029=ORIENTED_EDGE('',*,*,#18931,.T.);
#19030=EDGE_LOOP('',(#19025,#19026,#19028,#19029));
#19031=FACE_OUTER_BOUND('',#19030,.F.);
#19033=CARTESIAN_POINT('',(-6.482411714619E0,2.284880863643E0,1.68656E1));
#19034=DIRECTION('',(0.E0,0.E0,-1.E0));
#19035=DIRECTION('',(0.E0,-1.E0,0.E0));
#19036=AXIS2_PLACEMENT_3D('',#19033,#19034,#19035);
#19037=CYLINDRICAL_SURFACE('',#19036,1.284783271309E-1);
#19038=ORIENTED_EDGE('',*,*,#19000,.F.);
#19039=ORIENTED_EDGE('',*,*,#18998,.F.);
#19041=ORIENTED_EDGE('',*,*,#19040,.T.);
#19042=ORIENTED_EDGE('',*,*,#18935,.F.);
#19043=ORIENTED_EDGE('',*,*,#18933,.F.);
#19044=ORIENTED_EDGE('',*,*,#19027,.T.);
#19045=EDGE_LOOP('',(#19038,#19039,#19041,#19042,#19043,#19044));
#19046=FACE_OUTER_BOUND('',#19045,.F.);
#19048=CARTESIAN_POINT('',(-6.451329994176E0,2.409542835378E0,1.68656E1));
#19049=DIRECTION('',(2.419218955997E-1,9.702957262760E-1,0.E0));
#19050=DIRECTION('',(-9.702957262760E-1,2.419218955997E-1,0.E0));
#19051=AXIS2_PLACEMENT_3D('',#19048,#19049,#19050);
#19052=PLANE('',#19051);
#19053=ORIENTED_EDGE('',*,*,#19040,.F.);
#19054=ORIENTED_EDGE('',*,*,#18996,.F.);
#19056=ORIENTED_EDGE('',*,*,#19055,.T.);
#19057=ORIENTED_EDGE('',*,*,#18937,.F.);
#19058=EDGE_LOOP('',(#19053,#19054,#19056,#19057));
#19059=FACE_OUTER_BOUND('',#19058,.F.);
#19061=CARTESIAN_POINT('',(-4.608827283445E0,1.950155314278E0,1.68656E1));
#19062=DIRECTION('',(-1.E0,0.E0,0.E0));
#19063=DIRECTION('',(0.E0,0.E0,1.E0));
#19064=AXIS2_PLACEMENT_3D('',#19061,#19062,#19063);
#19065=PLANE('',#19064);
#19066=ORIENTED_EDGE('',*,*,#19055,.F.);
#19067=ORIENTED_EDGE('',*,*,#18994,.F.);
#19069=ORIENTED_EDGE('',*,*,#19068,.T.);
#19070=ORIENTED_EDGE('',*,*,#18939,.T.);
#19071=EDGE_LOOP('',(#19066,#19067,#19069,#19070));
#19072=FACE_OUTER_BOUND('',#19071,.F.);
#19074=CARTESIAN_POINT('',(-4.608827283445E0,2.345910947949E0,1.68656E1));
#19075=DIRECTION('',(-2.419218955997E-1,-9.702957262760E-1,0.E0));
#19076=DIRECTION('',(9.702957262760E-1,-2.419218955997E-1,0.E0));
#19077=AXIS2_PLACEMENT_3D('',#19074,#19075,#19076);
#19078=PLANE('',#19077);
#19079=ORIENTED_EDGE('',*,*,#19068,.F.);
#19080=ORIENTED_EDGE('',*,*,#18992,.F.);
#19081=ORIENTED_EDGE('',*,*,#18977,.F.);
#19082=ORIENTED_EDGE('',*,*,#18941,.F.);
#19083=EDGE_LOOP('',(#19079,#19080,#19081,#19082));
#19084=FACE_OUTER_BOUND('',#19083,.F.);
#19086=CLOSED_SHELL('',(#18949,#18964,#18981,#19006,#19019,#19032,#19047,#19060,
#19073,#19085));
#19087=MANIFOLD_SOLID_BREP('',#19086);
#19088=FILL_AREA_STYLE_COLOUR('',#16248);
#19089=FILL_AREA_STYLE('',(#19088));
#19090=SURFACE_STYLE_FILL_AREA(#19089);
#19091=SURFACE_SIDE_STYLE('',(#19090));
#19092=SURFACE_STYLE_USAGE(.BOTH.,#19091);
#19093=PRESENTATION_STYLE_ASSIGNMENT((#19092));
#18677=STYLED_ITEM('',(#19093),#19087);
#19096=PLANE_ANGLE_MEASURE_WITH_UNIT(PLANE_ANGLE_MEASURE(1.745329251994E-2),
#19095);
#19097=(CONVERSION_BASED_UNIT('DEGREE',#19096)NAMED_UNIT(*)PLANE_ANGLE_UNIT());
#19099=UNCERTAINTY_MEASURE_WITH_UNIT(LENGTH_MEASURE(2.807010066050E-4),#19094,
'distance_accuracy_value',
'Maximum model space distance between geometric entities at asserted connectivities');
#19101=CARTESIAN_POINT('',(0.E0,0.E0,0.E0));
#19102=DIRECTION('',(0.E0,0.E0,1.E0));
#19103=DIRECTION('',(1.E0,0.E0,0.E0));
#19106=PRODUCT_DEFINITION_CONTEXT('part definition',#2905,'design');
#19107=PRODUCT_CONTEXT('',#2905,'mechanical');
#19108=PRODUCT('LOGO_NX_PRT_368_1_1_1_1_2_1','LOGO_NX_PRT_368_1_1_1_1_2_1',
'NOT SPECIFIED',(#19107));
#19109=PRODUCT_DEFINITION_FORMATION('1','LAST_VERSION',#19108);
#19117=DERIVED_UNIT_ELEMENT(#19116,2.E0);
#19118=DERIVED_UNIT((#19117));
#19119=MEASURE_REPRESENTATION_ITEM('surface area measure',AREA_MEASURE(
3.233532584052E0),#19118);
#19124=DERIVED_UNIT_ELEMENT(#19123,3.E0);
#19125=DERIVED_UNIT((#19124));
#19126=MEASURE_REPRESENTATION_ITEM('volume measure',VOLUME_MEASURE(
8.862597743392E-2),#19125);
#19130=CARTESIAN_POINT('centre point',(-6.147704824590E0,2.368978492850E0,
1.67696E1));
#19135=DERIVED_UNIT_ELEMENT(#19134,2.E0);
#19136=DERIVED_UNIT((#19135));
#19137=MEASURE_REPRESENTATION_ITEM('surface area measure',AREA_MEASURE(
3.233532584052E0),#19136);
#19142=DERIVED_UNIT_ELEMENT(#19141,3.E0);
#19143=DERIVED_UNIT((#19142));
#19144=MEASURE_REPRESENTATION_ITEM('volume measure',VOLUME_MEASURE(
8.862597743392E-2),#19143);
#19148=CARTESIAN_POINT('centre point',(-6.147704824590E0,2.368978492850E0,
1.67696E1));
#19155=CARTESIAN_POINT('centre point',(-6.147704824590E0,2.368978492850E0,
1.67696E1));
#19159=CARTESIAN_POINT('',(0.E0,0.E0,0.E0));
#19160=DIRECTION('',(0.E0,0.E0,1.E0));
#19161=DIRECTION('',(1.E0,0.E0,0.E0));
#19162=AXIS2_PLACEMENT_3D('',#19159,#19160,#19161);
#19163=ITEM_DEFINED_TRANSFORMATION('','',#19104,#19162);
#19164=CARTESIAN_POINT('',(0.E0,0.E0,0.E0));
#19165=DIRECTION('',(0.E0,0.E0,1.E0));
#19166=DIRECTION('',(1.E0,0.E0,0.E0));
#19168=(REPRESENTATION_RELATIONSHIP('','',#19105,#17093)REPRESENTATION_RELATIONSHIP_WITH_TRANSFORMATION(#19163)SHAPE_REPRESENTATION_RELATIONSHIP());
#19169=CONTEXT_DEPENDENT_SHAPE_REPRESENTATION(#19168,#19154);
#19172=PLANE_ANGLE_MEASURE_WITH_UNIT(PLANE_ANGLE_MEASURE(1.745329251994E-2),
#19171);
#19173=(CONVERSION_BASED_UNIT('DEGREE',#19172)NAMED_UNIT(*)PLANE_ANGLE_UNIT());
#19175=UNCERTAINTY_MEASURE_WITH_UNIT(LENGTH_MEASURE(6.654743975437E-4),#19170,
'distance_accuracy_value',
'Maximum model space distance between geometric entities at asserted connectivities');
#19177=CARTESIAN_POINT('',(0.E0,0.E0,0.E0));
#19178=DIRECTION('',(0.E0,0.E0,1.E0));
#19179=DIRECTION('',(1.E0,0.E0,0.E0));
#19181=PRODUCT_CONTEXT('',#2905,'mechanical');
#19182=PRODUCT('LOGO-YMIN_ASM_1_1_ASM_1_ASM','LOGO-YMIN_ASM_1_1_ASM_1_ASM',
'NOT SPECIFIED',(#19181));
#19183=PRODUCT_DEFINITION_FORMATION('1','LAST_VERSION',#19182);
#19186=DERIVED_UNIT_ELEMENT(#19185,2.E0);
#19187=DERIVED_UNIT((#19186));
#19188=MEASURE_REPRESENTATION_ITEM('surface area measure',AREA_MEASURE(
1.880511122180E1),#19187);
#19193=DERIVED_UNIT_ELEMENT(#19192,3.E0);
#19194=DERIVED_UNIT((#19193));
#19195=MEASURE_REPRESENTATION_ITEM('volume measure',VOLUME_MEASURE(
5.109876282081E-1),#19194);
#19199=CARTESIAN_POINT('centre point',(-5.899315117347E0,-1.292728411255E-1,
1.67696E1));
#19208=CARTESIAN_POINT('centre point',(-5.899315117347E0,-1.292728411255E-1,
1.67696E1));
#19212=CARTESIAN_POINT('',(0.E0,0.E0,0.E0));
#19213=DIRECTION('',(0.E0,0.E0,1.E0));
#19214=DIRECTION('',(1.E0,0.E0,0.E0));
#19215=AXIS2_PLACEMENT_3D('',#19212,#19213,#19214);
#19216=ITEM_DEFINED_TRANSFORMATION('','',#17108,#19215);
#19217=CARTESIAN_POINT('',(0.E0,0.E0,0.E0));
#19218=DIRECTION('',(0.E0,0.E0,1.E0));
#19219=DIRECTION('',(1.E0,0.E0,0.E0));
#19221=(REPRESENTATION_RELATIONSHIP('','',#17093,#19205)REPRESENTATION_RELATIONSHIP_WITH_TRANSFORMATION(#19216)SHAPE_REPRESENTATION_RELATIONSHIP());
#19222=CONTEXT_DEPENDENT_SHAPE_REPRESENTATION(#19221,#19207);
#19225=PLANE_ANGLE_MEASURE_WITH_UNIT(PLANE_ANGLE_MEASURE(1.745329251994E-2),
#19224);
#19226=(CONVERSION_BASED_UNIT('DEGREE',#19225)NAMED_UNIT(*)PLANE_ANGLE_UNIT());
#19228=UNCERTAINTY_MEASURE_WITH_UNIT(LENGTH_MEASURE(6.654743975437E-4),#19223,
'distance_accuracy_value',
'Maximum model space distance between geometric entities at asserted connectivities');
#19230=CARTESIAN_POINT('',(0.E0,0.E0,0.E0));
#19231=DIRECTION('',(0.E0,0.E0,1.E0));
#19232=DIRECTION('',(1.E0,0.E0,0.E0));
#19234=PRODUCT_DEFINITION_CONTEXT('part definition',#2905,'design');
#19235=PRODUCT_CONTEXT('',#2905,'mechanical');
#19236=PRODUCT('ASM0008_ASM_1_ASM','ASM0008_ASM_1_ASM','NOT SPECIFIED',
(#19235));
#19237=PRODUCT_DEFINITION_FORMATION('1','LAST_VERSION',#19236);
#19240=DERIVED_UNIT_ELEMENT(#19239,2.E0);
#19241=DERIVED_UNIT((#19240));
#19242=MEASURE_REPRESENTATION_ITEM('surface area measure',AREA_MEASURE(
1.880511122180E1),#19241);
#19247=DERIVED_UNIT_ELEMENT(#19246,3.E0);
#19248=DERIVED_UNIT((#19247));
#19249=MEASURE_REPRESENTATION_ITEM('volume measure',VOLUME_MEASURE(
5.109876282081E-1),#19248);
#19253=CARTESIAN_POINT('centre point',(-5.899315117347E0,-1.292728411255E-1,
1.67696E1));
#19262=CARTESIAN_POINT('centre point',(-5.899315117347E0,-1.292728411255E-1,
1.67696E1));
#19266=CARTESIAN_POINT('',(0.E0,0.E0,0.E0));
#19267=DIRECTION('',(0.E0,0.E0,1.E0));
#19268=DIRECTION('',(1.E0,0.E0,0.E0));
#19269=AXIS2_PLACEMENT_3D('',#19266,#19267,#19268);
#19270=ITEM_DEFINED_TRANSFORMATION('','',#19220,#19269);
#19271=CARTESIAN_POINT('',(0.E0,0.E0,0.E0));
#19272=DIRECTION('',(0.E0,0.E0,1.E0));
#19273=DIRECTION('',(1.E0,0.E0,0.E0));
#19275=(REPRESENTATION_RELATIONSHIP('','',#19205,#19259)REPRESENTATION_RELATIONSHIP_WITH_TRANSFORMATION(#19270)SHAPE_REPRESENTATION_RELATIONSHIP());
#19276=CONTEXT_DEPENDENT_SHAPE_REPRESENTATION(#19275,#19261);
#19279=PLANE_ANGLE_MEASURE_WITH_UNIT(PLANE_ANGLE_MEASURE(1.745329251994E-2),
#19278);
#19280=(CONVERSION_BASED_UNIT('DEGREE',#19279)NAMED_UNIT(*)PLANE_ANGLE_UNIT());
#19282=UNCERTAINTY_MEASURE_WITH_UNIT(LENGTH_MEASURE(6.654743975437E-4),#19277,
'distance_accuracy_value',
'Maximum model space distance between geometric entities at asserted connectivities');
#19284=CARTESIAN_POINT('',(0.E0,0.E0,0.E0));
#19285=DIRECTION('',(0.E0,0.E0,1.E0));
#19286=DIRECTION('',(1.E0,0.E0,0.E0));
#19288=PRODUCT_CONTEXT('',#2905,'mechanical');
#19289=PRODUCT('ASM0011_ASM','ASM0011_ASM','NOT SPECIFIED',(#19288));
#19290=PRODUCT_DEFINITION_FORMATION('1','LAST_VERSION',#19289);
#19293=DERIVED_UNIT_ELEMENT(#19292,2.E0);
#19294=DERIVED_UNIT((#19293));
#19295=MEASURE_REPRESENTATION_ITEM('surface area measure',AREA_MEASURE(
1.880511122180E1),#19294);
#19300=DERIVED_UNIT_ELEMENT(#19299,3.E0);
#19301=DERIVED_UNIT((#19300));
#19302=MEASURE_REPRESENTATION_ITEM('volume measure',VOLUME_MEASURE(
5.109876282081E-1),#19301);
#19306=CARTESIAN_POINT('centre point',(-5.899315117347E0,-1.292728411255E-1,
1.67696E1));
#19312=CARTESIAN_POINT('centre point',(2.1032E1,9.482328056712E0,
-1.622213112983E1));
#19316=CARTESIAN_POINT('',(4.2624E0,9.359933101185E0,-1.032266930725E1));
#19317=DIRECTION('',(1.E0,0.E0,0.E0));
#19318=DIRECTION('',(0.E0,1.165863766395E-3,9.999993203806E-1));
#19319=AXIS2_PLACEMENT_3D('',#19316,#19317,#19318);
#19320=ITEM_DEFINED_TRANSFORMATION('','',#19274,#19319);
#19321=(REPRESENTATION_RELATIONSHIP('','',#19259,#2956)REPRESENTATION_RELATIONSHIP_WITH_TRANSFORMATION(#19320)SHAPE_REPRESENTATION_RELATIONSHIP());
#19322=CONTEXT_DEPENDENT_SHAPE_REPRESENTATION(#19321,#19311);
#19325=PLANE_ANGLE_MEASURE_WITH_UNIT(PLANE_ANGLE_MEASURE(1.745329251994E-2),
#19324);
#19326=(CONVERSION_BASED_UNIT('DEGREE',#19325)NAMED_UNIT(*)PLANE_ANGLE_UNIT());
#19328=UNCERTAINTY_MEASURE_WITH_UNIT(LENGTH_MEASURE(3.523354619987E-3),#19323,
'distance_accuracy_value',
'Maximum model space distance between geometric entities at asserted connectivities');
#19330=CARTESIAN_POINT('',(0.E0,0.E0,0.E0));
#19331=DIRECTION('',(0.E0,0.E0,1.E0));
#19332=DIRECTION('',(1.E0,0.E0,0.E0));
#19334=MECHANICAL_DESIGN_GEOMETRIC_PRESENTATION_REPRESENTATION('',(#29,#37,#45,
#53,#61,#69,#77,#85,#92,#99,#107,#114,#121,#128,#135,#142,#149,#157,#164,#171,
#178,#185,#192,#200,#207,#214,#221,#228,#236,#243,#250,#257,#264,#272,#280,#288,
#296,#304,#312,#320,#328,#335,#342,#349,#356,#363,#370,#377,#384,#391,#398,#405,
#412,#419,#426,#433,#440,#447,#454,#461,#478,#485,#492,#499,#506,#513,#520,#527,
#534,#541,#548,#555,#562,#569,#576,#583,#590,#597,#604,#611,#618,#625,#632,#640,
#647,#654,#661,#668,#676,#683,#690,#697,#704,#711,#718,#726,#733,#740,#748,#755,
#762,#770,#777,#785,#792,#799,#807,#815,#823,#831,#839,#846,#854,#861,#868,#876,
#883,#890,#898,#905,#912,#920,#928,#935,#942,#950,#957,#965,#972,#979,#986,#993,
#1000,#1007,#1014,#1021,#1028,#1035,#1042,#1049,#1056,#1063,#1070,#1077,#1084,
#1091,#1098,#1105,#1112,#1119,#1126,#1133,#1140,#1147,#1154,#1161,#1168,#1175,
#1182,#1189,#1196,#1213,#1220,#1227,#1234,#1241,#1248,#1255,#1262,#1269,#1276,
#1283,#1290,#1297,#1304,#1311,#1319,#1327,#1334,#1341,#1348,#1355,#1362,#1369,
#1882,#1949,#1975,#2001,#2035,#2411,#2502,#2549,#2574,#2599,#2624,#2649,#2673,
#2835,#2860,#2884,#20,#2978,#2986,#2994,#3001,#3009,#3017,#3024,#3032,#3040,
#3048,#3055,#3063,#3071,#3078,#3086,#3094,#3102,#3110,#3117,#3124,#3131,#3138,
#3145,#3152,#3160,#3167,#3174,#3182,#3190,#3198,#3205,#3212,#3219,#3226,#3233,
#3240,#3247,#3254,#3261,#3268,#3275,#3282,#3289,#3296,#3303,#3310,#3317,#3324,
#3331,#3338,#3345,#3352,#3359,#3366,#3373,#3380,#3387,#3394,#3401,#3408,#3415,
#3422,#3429,#3436,#3443,#3450,#3457,#3464,#3471,#3478,#3485,#3492,#3499,#3506,
#3513,#3520,#3527,#3534,#3541,#3548,#3555,#3562,#3569,#3576,#3583,#3590,#3597,
#3604,#3611,#3618,#3625,#3632,#3639,#3646,#3653,#3660,#3667,#3674,#3681,#3688,
#3695,#3702,#3709,#3716,#3723,#3730,#3737,#3744,#3751,#3758,#3765,#3772,#3779,
#3786,#3793,#3800,#3807,#3814,#3821,#3828,#3835,#3842,#3849,#3856,#3863,#3870,
#3877,#3884,#3891,#3898,#3905,#3912,#3919,#3926,#3933,#3940,#3947,#3954,#3961,
#3968,#3975,#3982,#3989,#3996,#4003,#4010,#4017,#4024,#4031,#4038,#4045,#4052,
#4059,#4066,#4073,#4080,#4087,#4094,#4101,#4108,#4115,#4122,#4129,#4136,#4143,
#4150,#4157,#4164,#4171,#4178,#4185,#4192,#4199,#4206,#4213,#4220,#4227,#4234,
#4241,#4248,#4255,#4262,#4269,#4276,#4283,#4290,#4297,#4304,#4311,#4318,#4325,
#4332,#4339,#4346,#4353,#4360,#4367,#4374,#4381,#4388,#4395,#4402,#4409,#4416,
#4423,#4430,#4437,#4444,#4451,#4458,#4465,#4472,#4479,#4486,#4493,#4500,#4507,
#4514,#4521,#4528,#4535,#4542,#4549,#4556,#4563,#4570,#4577,#4584,#4591,#4598,
#4605,#4612,#4619,#4626,#4633,#4640,#4647,#4654,#4661,#4668,#4675,#4682,#4689,
#4696,#4703,#4710,#4717,#4724,#4731,#4738,#4745,#4752,#4759,#4766,#4773,#4780,
#4787,#4794,#4801,#4808,#4815,#4822,#4829,#4836,#4843,#4850,#4857,#4864,#4871,
#4878,#4885,#4892,#4899,#4906,#4913,#4920,#4927,#4934,#4941,#4948,#4955,#4962,
#4969,#4976,#4983,#4990,#4997,#5004,#5011,#5018,#5025,#5032,#5039,#5046,#5053,
#5060,#5067,#5074,#5081,#5088,#5095,#5102,#5109,#5116,#5123,#5130,#5137,#5144,
#5151,#5158,#5165,#5172,#5179,#5186,#5193,#5200,#5207,#5214,#5221,#5228,#5235,
#5242,#5249,#5256,#5263,#5270,#5277,#5284,#5291,#5298,#5305,#5312,#5319,#5326,
#5333,#5340,#5347,#5354,#5361,#5368,#5375,#5382,#5389,#5396,#5403,#5410,#5417,
#5424,#5431,#5438,#5445,#5452,#5459,#5466,#5473,#5480,#5487,#5494,#5501,#5508,
#5515,#5522,#5529,#5536,#5543,#5550,#5557,#5564,#5571,#5578,#5585,#5592,#5599,
#5606,#5613,#5620,#5627,#5634,#5641,#5648,#5655,#5662,#5669,#5676,#5683,#5690,
#5697,#5704,#5711,#5718,#5725,#5732,#5739,#5746,#5753,#5760,#5767,#5774,#5781,
#5788,#5795,#5802,#5809,#5816,#5823,#5830,#5837,#5844,#5851,#5858,#5865,#5872,
#5879,#5886,#5893,#5900,#5907,#5914,#5921,#5928,#5935,#5942,#5949,#5956,#5963,
#5970,#5977,#5984,#5991,#5998,#6005,#6012,#6019,#6026,#6033,#6040,#6047,#6054,
#6061,#6068,#6075,#6082,#6089,#6096,#6103,#6110,#6117,#6124,#6131,#6138,#6145,
#6152,#6159,#6166,#6173,#6180,#6187,#6194,#6201,#6208,#6215,#6222,#6229,#6236,
#6243,#6250,#6257,#6264,#6271,#6278,#6285,#6292,#6299,#6306,#6313,#6320,#6327,
#6334,#6341,#6348,#6355,#6362,#6369,#6376,#6383,#6390,#6397,#6404,#6411,#6418,
#6425,#6432,#6439,#6446,#6453,#6460,#6467,#6474,#6481,#6488,#6495,#6502,#6509,
#6516,#6523,#6530,#6537,#6544,#6551,#6558,#6565,#6572,#6579,#6586,#6593,#6600,
#6607,#6614,#6621,#6628,#6635,#6642,#6649,#6656,#6663,#6670,#6677,#6684,#6691,
#6698,#6705,#6712,#6719,#6726,#6733,#6740,#6747,#6754,#6761,#6768,#6775,#6782,
#6789,#6796,#6803,#6810,#6817,#6824,#6831,#6838,#6845,#6852,#6859,#6866,#6873,
#6880,#6887,#6894,#6901,#6908,#6915,#6922,#6929,#6936,#6943,#6950,#6957,#6964,
#6971,#6978,#6985,#6992,#6999,#7006,#7013,#7020,#7027,#7034,#7041,#7048,#7055,
#7062,#7069,#7076,#7083,#7090,#7097,#7104,#7111,#7118,#7125,#7132,#7139,#7146,
#7153,#7160,#7167,#7174,#7181,#7188,#7195,#7202,#7209,#7216,#7223,#7230,#7237,
#7244,#7251,#7258,#7265,#7272,#7279,#7286,#7293,#7300,#7307,#7314,#7321,#7328,
#7335,#7342,#7349,#7356,#7363,#7370,#7377,#7384,#7391,#7398,#7405,#7412,#7419,
#7426,#7433,#7440,#7447,#7454,#7461,#7468,#7475,#7482,#7489,#7496,#7503,#7510,
#7517,#7524,#7531,#7538,#7545,#7552,#7559,#7566,#7573,#7580,#7587,#7594,#7601,
#7608,#7615,#7622,#7629,#7636,#7643,#7650,#7657,#7664,#7671,#7678,#7685,#7692,
#7699,#7706,#7713,#7720,#7727,#7734,#7741,#7748,#7755,#7762,#7769,#7776,#7783,
#7790,#7797,#7804,#7811,#7818,#7825,#7832,#7839,#7846,#7853,#7860,#7867,#7874,
#7881,#7888,#7895,#7902,#7909,#7916,#7923,#7930,#7937,#7944,#7951,#7958,#7965,
#7972,#7979,#7986,#7993,#8000,#8007,#8014,#8021,#8028,#8035,#8042,#8049,#8056,
#8063,#8070,#8077,#8084,#8091,#8098,#8105,#8112,#8119,#8126,#8133,#8140,#8147,
#8154,#8161,#8168,#8175,#8182,#8189,#8196,#8203,#8210,#8217,#8224,#8231,#8238,
#8245,#8252,#8259,#8266,#8273,#8280,#8287,#8294,#8301,#8308,#8315,#8322,#8329,
#8336,#8343,#8350,#8357,#8364,#8371,#8378,#8385,#8392,#8399,#8406,#8413,#8420,
#8427,#8434,#8441,#8448,#8455,#8462,#8469,#8476,#8483,#8490,#8497,#8504,#8511,
#8518,#8525,#8532,#8539,#8546,#8553,#8560,#8567,#8574,#8581,#8588,#8595,#8602,
#8609,#8616,#8623,#8630,#8637,#8644,#8651,#8658,#8665,#8672,#8679,#8686,#8693,
#8700,#8707,#8714,#8721,#8728,#8735,#8742,#8749,#8756,#8763,#8770,#8777,#8784,
#8791,#8798,#8805,#8812,#8819,#8826,#8833,#8840,#8847,#8854,#8861,#8868,#8875,
#8882,#8889,#8896,#8903,#8910,#8917,#8924,#8931,#8938,#8945,#8952,#8959,#8966,
#8973,#8980,#8987,#8994,#9001,#9008,#9015,#9022,#9029,#9036,#9043,#9050,#9057,
#9064,#9071,#9078,#9085,#9092,#9099,#9106,#9113,#9120,#9127,#9134,#9141,#9148,
#9155,#9162,#9169,#9176,#9183,#9190,#9197,#9204,#9211,#9218,#9225,#9232,#9239,
#9246,#9253,#9260,#9267,#9274,#9281,#9288,#9295,#9302,#9309,#9316,#9323,#9330,
#9337,#9344,#9351,#9358,#9365,#9373,#9381,#9389,#9397,#9405,#9413,#9421,#9429,
#11517,#11668,#11768,#11878,#11988,#12088,#12198,#12232,#12278,#12322,#12422,
#2970,#16256,#16264,#16271,#16278,#16286,#16294,#16301,#16308,#16316,#16324,
#16332,#16340,#16347,#16354,#16361,#16368,#16375,#16382,#16389,#16396,#16403,
#16411,#16419,#16426,#16434,#16442,#16449,#16456,#16463,#16471,#16479,#16486,
#16493,#16500,#16507,#16515,#16522,#16529,#16536,#16543,#16550,#16557,#16564,
#16571,#16578,#16585,#16592,#16599,#16606,#16613,#16620,#16627,#16634,#16641,
#16249,#17118,#17125,#17132,#17139,#17146,#17153,#17160,#17167,#17174,#17181,
#17188,#17195,#17111,#17386,#17393,#17400,#17407,#17414,#17421,#17428,#17435,
#17442,#17449,#17456,#17463,#17379,#17655,#17663,#17671,#17678,#17685,#17693,
#17701,#17708,#17715,#17722,#17729,#17736,#17743,#17751,#17759,#17766,#17773,
#17780,#17788,#17796,#17803,#17810,#17817,#17824,#17831,#17838,#17845,#17852,
#17648,#18147,#18154,#18161,#18168,#18175,#18182,#18189,#18196,#18203,#18210,
#18217,#18224,#18140,#18416,#18423,#18430,#18437,#18444,#18451,#18458,#18465,
#18472,#18479,#18486,#18493,#18409,#18684,#18692,#18700,#18707,#18714,#18722,
#18730,#18737,#18744,#18751,#18758,#18765,#18772,#18780,#18788,#18795,#18802,
#18809,#18817,#18825,#18832,#18839,#18846,#18853,#18860,#18867,#18874,#18881,
#18677),#19329);
#19335=PRODUCT_DEFINITION_CONTEXT('part definition',#2905,'design');
#19336=PRODUCT_CONTEXT('',#2905,'mechanical');
#19337=PRODUCT('18002100_ASM','18002100_ASM','NOT SPECIFIED',(#19336));
#19338=PRODUCT_DEFINITION_FORMATION('1','LAST_VERSION',#19337);
#19341=DERIVED_UNIT_ELEMENT(#19340,2.E0);
#19342=DERIVED_UNIT((#19341));
#19343=MEASURE_REPRESENTATION_ITEM('surface area measure',AREA_MEASURE(
3.045591512865E3),#19342);
#19348=DERIVED_UNIT_ELEMENT(#19347,3.E0);
#19349=DERIVED_UNIT((#19348));
#19350=MEASURE_REPRESENTATION_ITEM('volume measure',VOLUME_MEASURE(
5.821530413975E3),#19349);
#19354=CARTESIAN_POINT('centre point',(1.003685126692E1,9.499993390848E0,
-1.088650432521E1));
#19358=PRODUCT_RELATED_PRODUCT_CATEGORY('part','',(#19182,#19236,#19289,#19337,
#2909,#16190,#17046,#17317,#17586,#18078,#18347,#18615,#19108));
#1=DRAUGHTING_PRE_DEFINED_COLOUR('green');
#2=COLOUR_RGB('',1.1E-2,1.2E-2,1.E0);
#3=COLOUR_RGB('',1.607843137255E-1,1.607843137255E-1,1.803921568627E-1);
#4=COLOUR_RGB('',2.392156862745E-1,2.509803921569E-1,2.588235294118E-1);
#5=COLOUR_RGB('',4.1E-1,2.61589E-1,1.12848E-1);
#6=COLOUR_RGB('',5.04854E-1,1.5455E-2,1.5455E-2);
#7=COLOUR_RGB('',6.35294E-1,6.86275E-1,7.4902E-1);
#8=COLOUR_RGB('',6.40777E-1,6.40777E-1,6.40777E-1);
#9=COLOUR_RGB('',6.69062E-1,6.69903E-1,6.55217E-1);
#10=COLOUR_RGB('',8.196078431373E-1,8.117647058824E-1,8.117647058824E-1);
#11=COLOUR_RGB('',9.21569E-1,7.05882E-1,4.70588E-1);
#12=DRAUGHTING_PRE_DEFINED_COLOUR('red');
#13=DRAUGHTING_PRE_DEFINED_COLOUR('yellow');
#14=COLOUR_RGB('',1.E0,1.E0,5.3E-1);
#15=COLOUR_RGB('',1.E0,1.E0,9.49E-1);
#16=DRAUGHTING_PRE_DEFINED_COLOUR('white');
#17=COLOUR_RGB('',2.1E-1,2.2E-1,2.2E-1);
#18=COLOUR_RGB('',8.3E-1,8.4E-1,8.3E-1);
#19=COLOUR_RGB('',8.5E-1,8.5E-1,8.3E-1);
#25=CIRCLE('',#24,4.446148842924E-1);
#34=CIRCLE('',#33,4.446148842924E-1);
#42=CIRCLE('',#41,4.446148842924E-1);
#50=CIRCLE('',#49,4.446148842924E-1);
#58=CIRCLE('',#57,4.446148842924E-1);
#66=CIRCLE('',#65,4.446148842924E-1);
#74=CIRCLE('',#73,4.446148842924E-1);
#82=CIRCLE('',#81,4.446148842924E-1);
#104=CIRCLE('',#103,1.5E0);
#154=CIRCLE('',#153,6.E-1);
#197=CIRCLE('',#196,1.5E0);
#233=CIRCLE('',#232,6.E-1);
#269=CIRCLE('',#268,4.446148842924E-1);
#277=CIRCLE('',#276,4.446148842924E-1);
#285=CIRCLE('',#284,4.446148842924E-1);
#293=CIRCLE('',#292,4.446148842924E-1);
#301=CIRCLE('',#300,4.446148842924E-1);
#309=CIRCLE('',#308,4.446148842924E-1);
#317=CIRCLE('',#316,4.446148842924E-1);
#325=CIRCLE('',#324,4.446148842924E-1);
#475=B_SPLINE_CURVE_WITH_KNOTS('',3,(#462,#463,#464,#465,#466,#467,#468,#469,
#470,#471,#472,#473,#474),.UNSPECIFIED.,.F.,.F.,(4,1,1,1,1,1,1,1,1,1,4),(0.E0,
1.25E-1,2.5E-1,3.75E-1,4.375E-1,5.E-1,5.625E-1,6.25E-1,7.5E-1,8.75E-1,1.E0),
.UNSPECIFIED.);
#637=CIRCLE('',#636,9.E0);
#673=CIRCLE('',#672,9.E0);
#723=CIRCLE('',#722,9.E0);
#745=CIRCLE('',#744,9.E0);
#767=CIRCLE('',#766,9.E0);
#782=CIRCLE('',#781,9.E0);
#804=CIRCLE('',#803,9.E0);
#812=CIRCLE('',#811,1.1E0);
#820=CIRCLE('',#819,1.1E0);
#828=CIRCLE('',#827,1.1E0);
#836=CIRCLE('',#835,1.1E0);
#851=CIRCLE('',#850,9.E0);
#873=CIRCLE('',#872,9.E0);
#895=CIRCLE('',#894,1.5E0);
#917=CIRCLE('',#916,9.E0);
#925=CIRCLE('',#924,9.E0);
#947=CIRCLE('',#946,1.5E0);
#962=CIRCLE('',#961,9.E0);
#1210=B_SPLINE_CURVE_WITH_KNOTS('',3,(#1197,#1198,#1199,#1200,#1201,#1202,#1203,
#1204,#1205,#1206,#1207,#1208,#1209),.UNSPECIFIED.,.F.,.F.,(4,1,1,1,1,1,1,1,1,1,
4),(0.E0,1.25E-1,2.5E-1,3.75E-1,4.375E-1,5.E-1,5.625E-1,6.25E-1,7.5E-1,8.75E-1,
1.E0),.UNSPECIFIED.);
#1316=CIRCLE('',#1315,9.E0);
#1324=CIRCLE('',#1323,9.E0);
#1615=EDGE_CURVE('',#1607,#1603,#89,.T.);
#1617=EDGE_CURVE('',#1607,#1385,#96,.T.);
#1619=EDGE_CURVE('',#1385,#1375,#104,.T.);
#1621=EDGE_CURVE('',#1375,#1372,#111,.T.);
#1623=EDGE_CURVE('',#1372,#1373,#118,.T.);
#1625=EDGE_CURVE('',#1373,#1560,#125,.T.);
#1627=EDGE_CURVE('',#1560,#1561,#132,.T.);
#1629=EDGE_CURVE('',#1561,#1563,#139,.T.);
#1631=EDGE_CURVE('',#1563,#1441,#146,.T.);
#1633=EDGE_CURVE('',#1441,#1439,#154,.T.);
#1635=EDGE_CURVE('',#1566,#1439,#161,.T.);
#1637=EDGE_CURVE('',#1566,#1567,#168,.T.);
#1639=EDGE_CURVE('',#1569,#1567,#175,.T.);
#1641=EDGE_CURVE('',#1569,#1379,#182,.T.);
#1643=EDGE_CURVE('',#1378,#1379,#189,.T.);
#1645=EDGE_CURVE('',#1382,#1378,#622,.T.);
#1647=EDGE_CURVE('',#1382,#1383,#197,.T.);
#1649=EDGE_CURVE('',#1383,#1609,#204,.T.);
#1651=EDGE_CURVE('',#1609,#1605,#211,.T.);
#1653=EDGE_CURVE('',#1589,#1605,#218,.T.);
#1655=EDGE_CURVE('',#1589,#1487,#225,.T.);
#1657=EDGE_CURVE('',#1487,#1489,#233,.T.);
#1659=EDGE_CURVE('',#1489,#1588,#240,.T.);
#1661=EDGE_CURVE('',#1603,#1588,#247,.T.);
#1665=EDGE_CURVE('',#1420,#1421,#42,.T.);
#1667=EDGE_CURVE('',#1421,#1420,#50,.T.);
#1671=EDGE_CURVE('',#1424,#1425,#58,.T.);
#1673=EDGE_CURVE('',#1425,#1424,#66,.T.);
#1677=EDGE_CURVE('',#1428,#1429,#74,.T.);
#1679=EDGE_CURVE('',#1429,#1428,#82,.T.);
#1683=EDGE_CURVE('',#1416,#1417,#25,.T.);
#1685=EDGE_CURVE('',#1417,#1416,#34,.T.);
#1689=ADVANCED_FACE('',(#1664,#1670,#1676,#1682,#1688),#1614,.F.);
#1696=EDGE_CURVE('',#1416,#1400,#254,.T.);
#1698=EDGE_CURVE('',#1400,#1401,#269,.T.);
#1700=EDGE_CURVE('',#1417,#1401,#261,.T.);
#1704=ADVANCED_FACE('',(#1703),#1694,.T.);
#1712=EDGE_CURVE('',#1401,#1400,#277,.T.);
#1717=ADVANCED_FACE('',(#1716),#1709,.T.);
#1727=ADVANCED_FACE('',(#1726),#1722,.T.);
#1733=EDGE_CURVE('',#1404,#1405,#285,.T.);
#1735=EDGE_CURVE('',#1405,#1404,#293,.T.);
#1739=ADVANCED_FACE('',(#1738),#1732,.T.);
#1745=EDGE_CURVE('',#1408,#1409,#301,.T.);
#1747=EDGE_CURVE('',#1409,#1408,#309,.T.);
#1751=ADVANCED_FACE('',(#1750),#1744,.T.);
#1757=EDGE_CURVE('',#1412,#1413,#317,.T.);
#1759=EDGE_CURVE('',#1413,#1412,#325,.T.);
#1763=ADVANCED_FACE('',(#1762),#1756,.T.);
#1770=EDGE_CURVE('',#1420,#1404,#332,.T.);
#1773=EDGE_CURVE('',#1421,#1405,#339,.T.);
#1777=ADVANCED_FACE('',(#1776),#1768,.T.);
#1789=ADVANCED_FACE('',(#1788),#1782,.T.);
#1796=EDGE_CURVE('',#1424,#1408,#346,.T.);
#1799=EDGE_CURVE('',#1425,#1409,#353,.T.);
#1803=ADVANCED_FACE('',(#1802),#1794,.T.);
#1815=ADVANCED_FACE('',(#1814),#1808,.T.);
#1822=EDGE_CURVE('',#1428,#1412,#360,.T.);
#1825=EDGE_CURVE('',#1429,#1413,#367,.T.);
#1829=ADVANCED_FACE('',(#1828),#1820,.T.);
#1841=ADVANCED_FACE('',(#1840),#1834,.T.);
#1847=EDGE_CURVE('',#1595,#1584,#374,.T.);
#1849=EDGE_CURVE('',#1607,#1595,#559,.T.);
#1852=EDGE_CURVE('',#1603,#1584,#402,.T.);
#1856=ADVANCED_FACE('',(#1855),#1846,.T.);
#1863=EDGE_CURVE('',#1584,#1585,#381,.T.);
#1865=EDGE_CURVE('',#1585,#1597,#388,.T.);
#1867=EDGE_CURVE('',#1597,#1600,#517,.T.);
#1869=EDGE_CURVE('',#1600,#1601,#395,.T.);
#1871=EDGE_CURVE('',#1601,#1595,#566,.T.);
#1875=ADVANCED_FACE('',(#1874),#1861,.F.);
#1888=EDGE_CURVE('',#1588,#1589,#409,.T.);
#1891=EDGE_CURVE('',#1605,#1585,#594,.T.);
#1898=ADVANCED_FACE('',(#1897),#1887,.T.);
#1905=EDGE_CURVE('',#1588,#1593,#423,.T.);
#1907=EDGE_CURVE('',#1592,#1593,#416,.T.);
#1909=EDGE_CURVE('',#1589,#1592,#482,.T.);
#1913=ADVANCED_FACE('',(#1912),#1903,.T.);
#1921=EDGE_CURVE('',#1489,#1480,#430,.T.);
#1923=EDGE_CURVE('',#1480,#1481,#437,.T.);
#1925=EDGE_CURVE('',#1481,#1509,#444,.T.);
#1927=EDGE_CURVE('',#1505,#1509,#451,.T.);
#1929=EDGE_CURVE('',#1505,#1512,#1331,.T.);
#1931=EDGE_CURVE('',#1601,#1512,#573,.T.);
#1933=EDGE_CURVE('',#1601,#1593,#458,.T.);
#1937=ADVANCED_FACE('',(#1936),#1918,.F.);
#1955=EDGE_CURVE('',#1480,#1484,#475,.T.);
#1959=EDGE_CURVE('',#1484,#1487,#510,.T.);
#1963=ADVANCED_FACE('',(#1962),#1954,.T.);
#1983=EDGE_CURVE('',#1484,#1485,#503,.T.);
#1985=EDGE_CURVE('',#1481,#1485,#1359,.T.);
#1989=ADVANCED_FACE('',(#1988),#1980,.T.);
#2008=EDGE_CURVE('',#1600,#1592,#489,.T.);
#2010=EDGE_CURVE('',#1600,#1513,#587,.T.);
#2012=EDGE_CURVE('',#1513,#1504,#1345,.T.);
#2014=EDGE_CURVE('',#1504,#1508,#1352,.T.);
#2016=EDGE_CURVE('',#1508,#1485,#496,.T.);
#2023=ADVANCED_FACE('',(#2022),#2006,.F.);
#2047=ADVANCED_FACE('',(#2046),#2040,.T.);
#2054=EDGE_CURVE('',#1609,#1597,#524,.T.);
#2057=EDGE_CURVE('',#1383,#1389,#531,.T.);
#2059=EDGE_CURVE('',#1389,#1444,#939,.T.);
#2061=EDGE_CURVE('',#1444,#1451,#538,.T.);
#2063=EDGE_CURVE('',#1451,#1453,#545,.T.);
#2065=EDGE_CURVE('',#1448,#1453,#552,.T.);
#2067=EDGE_CURVE('',#1448,#1392,#902,.T.);
#2069=EDGE_CURVE('',#1385,#1392,#1287,.T.);
#2075=EDGE_CURVE('',#1512,#1513,#580,.T.);
#2080=ADVANCED_FACE('',(#2079),#2052,.T.);
#2092=ADVANCED_FACE('',(#2091),#2085,.T.);
#2099=EDGE_CURVE('',#1382,#1388,#601,.T.);
#2101=EDGE_CURVE('',#1388,#1389,#947,.T.);
#2106=ADVANCED_FACE('',(#2105),#2097,.T.);
#2112=EDGE_CURVE('',#1469,#1537,#658,.T.);
#2114=EDGE_CURVE('',#1465,#1469,#608,.T.);
#2116=EDGE_CURVE('',#1465,#1388,#615,.T.);
#2120=EDGE_CURVE('',#1378,#1537,#629,.T.);
#2124=ADVANCED_FACE('',(#2123),#2111,.T.);
#2130=EDGE_CURVE('',#1477,#1531,#637,.T.);
#2132=EDGE_CURVE('',#1525,#1531,#969,.T.);
#2134=EDGE_CURVE('',#1524,#1525,#1025,.T.);
#2136=EDGE_CURVE('',#1535,#1524,#1259,.T.);
#2138=EDGE_CURVE('',#1535,#1467,#644,.T.);
#2140=EDGE_CURVE('',#1467,#1476,#651,.T.);
#2142=EDGE_CURVE('',#1476,#1477,#782,.T.);
#2146=ADVANCED_FACE('',(#2145),#2129,.F.);
#2153=EDGE_CURVE('',#1537,#1529,#1294,.T.);
#2155=EDGE_CURVE('',#1529,#1527,#1046,.T.);
#2157=EDGE_CURVE('',#1527,#1533,#665,.T.);
#2159=EDGE_CURVE('',#1533,#1472,#673,.T.);
#2161=EDGE_CURVE('',#1472,#1473,#767,.T.);
#2163=EDGE_CURVE('',#1473,#1469,#680,.T.);
#2167=ADVANCED_FACE('',(#2166),#2151,.F.);
#2174=EDGE_CURVE('',#1477,#1396,#687,.T.);
#2176=EDGE_CURVE('',#1396,#1397,#1316,.T.);
#2178=EDGE_CURVE('',#1472,#1397,#774,.T.);
#2181=EDGE_CURVE('',#1533,#1521,#694,.T.);
#2183=EDGE_CURVE('',#1517,#1521,#851,.T.);
#2185=EDGE_CURVE('',#1531,#1517,#701,.T.);
#2189=ADVANCED_FACE('',(#2188),#2172,.F.);
#2195=EDGE_CURVE('',#1540,#1541,#708,.T.);
#2197=EDGE_CURVE('',#1449,#1541,#917,.T.);
#2199=EDGE_CURVE('',#1457,#1449,#715,.T.);
#2201=EDGE_CURVE('',#1455,#1457,#723,.T.);
#2203=EDGE_CURVE('',#1455,#1445,#730,.T.);
#2205=EDGE_CURVE('',#1549,#1445,#925,.T.);
#2207=EDGE_CURVE('',#1548,#1549,#737,.T.);
#2209=EDGE_CURVE('',#1552,#1548,#745,.T.);
#2211=EDGE_CURVE('',#1552,#1553,#752,.T.);
#2213=EDGE_CURVE('',#1464,#1553,#962,.T.);
#2215=EDGE_CURVE('',#1473,#1464,#759,.T.);
#2219=EDGE_CURVE('',#1397,#1396,#1324,.T.);
#2223=EDGE_CURVE('',#1476,#1461,#789,.T.);
#2225=EDGE_CURVE('',#1545,#1461,#873,.T.);
#2227=EDGE_CURVE('',#1544,#1545,#796,.T.);
#2229=EDGE_CURVE('',#1540,#1544,#804,.T.);
#2233=ADVANCED_FACE('',(#2232),#2194,.F.);
#2239=EDGE_CURVE('',#1540,#1544,#812,.T.);
#2242=EDGE_CURVE('',#1545,#1541,#820,.T.);
#2247=ADVANCED_FACE('',(#2246),#2238,.F.);
#2257=ADVANCED_FACE('',(#2256),#2252,.T.);
#2263=EDGE_CURVE('',#1552,#1548,#836,.T.);
#2268=ADVANCED_FACE('',(#2267),#2262,.T.);
#2274=EDGE_CURVE('',#1549,#1553,#828,.T.);
#2281=ADVANCED_FACE('',(#2280),#2273,.F.);
#2287=EDGE_CURVE('',#1516,#1517,#843,.T.);
#2290=EDGE_CURVE('',#1520,#1521,#858,.T.);
#2292=EDGE_CURVE('',#1516,#1520,#865,.T.);
#2296=ADVANCED_FACE('',(#2295),#2286,.T.);
#2304=EDGE_CURVE('',#1460,#1461,#880,.T.);
#2306=EDGE_CURVE('',#1393,#1460,#887,.T.);
#2308=EDGE_CURVE('',#1392,#1393,#895,.T.);
#2311=EDGE_CURVE('',#1448,#1449,#909,.T.);
#2316=ADVANCED_FACE('',(#2315),#2301,.T.);
#2324=EDGE_CURVE('',#1444,#1445,#932,.T.);
#2329=EDGE_CURVE('',#1464,#1465,#954,.T.);
#2334=ADVANCED_FACE('',(#2333),#2321,.T.);
#2341=EDGE_CURVE('',#1516,#1525,#1032,.T.);
#2347=ADVANCED_FACE('',(#2346),#2339,.F.);
#2353=EDGE_CURVE('',#1572,#1573,#976,.T.);
#2355=EDGE_CURVE('',#1573,#1501,#983,.T.);
#2357=EDGE_CURVE('',#1500,#1501,#990,.T.);
#2359=EDGE_CURVE('',#1576,#1500,#997,.T.);
#2361=EDGE_CURVE('',#1576,#1577,#1004,.T.);
#2363=EDGE_CURVE('',#1560,#1577,#1011,.T.);
#2366=EDGE_CURVE('',#1373,#1524,#1018,.T.);
#2371=EDGE_CURVE('',#1520,#1527,#1039,.T.);
#2374=EDGE_CURVE('',#1379,#1529,#1053,.T.);
#2377=EDGE_CURVE('',#1569,#1572,#1060,.T.);
#2381=ADVANCED_FACE('',(#2380),#2352,.T.);
#2388=EDGE_CURVE('',#1557,#1572,#1067,.T.);
#2390=EDGE_CURVE('',#1556,#1557,#1074,.T.);
#2392=EDGE_CURVE('',#1577,#1556,#1081,.T.);
#2395=EDGE_CURVE('',#1573,#1576,#1088,.T.);
#2399=ADVANCED_FACE('',(#2398),#2386,.T.);
#2418=EDGE_CURVE('',#1567,#1557,#1095,.T.);
#2424=ADVANCED_FACE('',(#2423),#2416,.F.);
#2431=EDGE_CURVE('',#1561,#1556,#1102,.T.);
#2436=EDGE_CURVE('',#1563,#1566,#1109,.T.);
#2440=ADVANCED_FACE('',(#2439),#2429,.F.);
#2452=ADVANCED_FACE('',(#2451),#2445,.F.);
#2458=EDGE_CURVE('',#1563,#1579,#1123,.T.);
#2461=EDGE_CURVE('',#1566,#1581,#1165,.T.);
#2463=EDGE_CURVE('',#1581,#1579,#1116,.T.);
#2467=ADVANCED_FACE('',(#2466),#2457,.F.);
#2474=EDGE_CURVE('',#1576,#1579,#1130,.T.);
#2477=EDGE_CURVE('',#1493,#1500,#1252,.T.);
#2479=EDGE_CURVE('',#1493,#1497,#1137,.T.);
#2481=EDGE_CURVE('',#1497,#1433,#1144,.T.);
#2483=EDGE_CURVE('',#1432,#1433,#1151,.T.);
#2485=EDGE_CURVE('',#1432,#1441,#1158,.T.);
#2490=ADVANCED_FACE('',(#2489),#2472,.T.);
#2510=EDGE_CURVE('',#1573,#1581,#1193,.T.);
#2515=ADVANCED_FACE('',(#2514),#2507,.F.);
#2523=EDGE_CURVE('',#1439,#1436,#1172,.T.);
#2525=EDGE_CURVE('',#1436,#1437,#1179,.T.);
#2527=EDGE_CURVE('',#1437,#1496,#1186,.T.);
#2529=EDGE_CURVE('',#1492,#1496,#1231,.T.);
#2531=EDGE_CURVE('',#1501,#1492,#1238,.T.);
#2537=ADVANCED_FACE('',(#2536),#2520,.T.);
#2555=EDGE_CURVE('',#1432,#1436,#1210,.T.);
#2562=ADVANCED_FACE('',(#2561),#2554,.T.);
#2581=EDGE_CURVE('',#1433,#1437,#1217,.T.);
#2587=ADVANCED_FACE('',(#2586),#2579,.F.);
#2607=EDGE_CURVE('',#1496,#1497,#1224,.T.);
#2612=ADVANCED_FACE('',(#2611),#2604,.T.);
#2630=EDGE_CURVE('',#1492,#1493,#1245,.T.);
#2637=ADVANCED_FACE('',(#2636),#2629,.T.);
#2661=ADVANCED_FACE('',(#2660),#2654,.F.);
#2679=EDGE_CURVE('',#1372,#1535,#1266,.T.);
#2686=ADVANCED_FACE('',(#2685),#2678,.F.);
#2695=EDGE_CURVE('',#1375,#1393,#1273,.T.);
#2698=EDGE_CURVE('',#1460,#1467,#1280,.T.);
#2702=ADVANCED_FACE('',(#2701),#2691,.T.);
#2714=ADVANCED_FACE('',(#2713),#2707,.T.);
#2726=ADVANCED_FACE('',(#2725),#2719,.F.);
#2738=ADVANCED_FACE('',(#2737),#2731,.F.);
#2750=ADVANCED_FACE('',(#2749),#2743,.F.);
#2762=ADVANCED_FACE('',(#2761),#2755,.T.);
#2770=EDGE_CURVE('',#1453,#1457,#1301,.T.);
#2775=ADVANCED_FACE('',(#2774),#2767,.F.);
#2782=EDGE_CURVE('',#1451,#1455,#1308,.T.);
#2788=ADVANCED_FACE('',(#2787),#2780,.F.);
#2800=ADVANCED_FACE('',(#2799),#2793,.F.);
#2810=ADVANCED_FACE('',(#2809),#2805,.T.);
#2818=EDGE_CURVE('',#1504,#1505,#1338,.T.);
#2823=ADVANCED_FACE('',(#2822),#2815,.T.);
#2843=EDGE_CURVE('',#1508,#1509,#1366,.T.);
#2848=ADVANCED_FACE('',(#2847),#2840,.F.);
#2872=ADVANCED_FACE('',(#2871),#2865,.F.);
#2893=(LENGTH_UNIT()NAMED_UNIT(*)SI_UNIT(.MILLI.,.METRE.));
#2894=(NAMED_UNIT(*)PLANE_ANGLE_UNIT()SI_UNIT($,.RADIAN.));
#2897=(NAMED_UNIT(*)SI_UNIT($,.STERADIAN.)SOLID_ANGLE_UNIT());
#2899=(GEOMETRIC_REPRESENTATION_CONTEXT(3)GLOBAL_UNCERTAINTY_ASSIGNED_CONTEXT((
#2898))GLOBAL_UNIT_ASSIGNED_CONTEXT((#2893,#2896,#2897))REPRESENTATION_CONTEXT(
'ID1','3'));
#2903=AXIS2_PLACEMENT_3D('',#2900,#2901,#2902);
#2904=ADVANCED_BREP_SHAPE_REPRESENTATION('',(#2903,#2886),#2899);
#2911=PRODUCT_DEFINITION('part definition','',#2910,#2907);
#2912=PRODUCT_DEFINITION_SHAPE('','SHAPE FOR 09-000.',#2911);
#2913=SHAPE_ASPECT('','solid data associated with 09-000',#2912,.F.);
#2914=PROPERTY_DEFINITION('',
'shape for solid data with which properties are associated',#2913);
#2915=SHAPE_REPRESENTATION('',(#2886),#2899);
#2916=SHAPE_DEFINITION_REPRESENTATION(#2914,#2915);
#2917=(LENGTH_UNIT()NAMED_UNIT(*)SI_UNIT(.MILLI.,.METRE.));
#2921=PROPERTY_DEFINITION('geometric validation property','area of 09-000',
#2913);
#2922=REPRESENTATION('surface area',(#2920),#2899);
#2923=PROPERTY_DEFINITION_REPRESENTATION(#2921,#2922);
#2924=(LENGTH_UNIT()NAMED_UNIT(*)SI_UNIT(.MILLI.,.METRE.));
#2928=PROPERTY_DEFINITION('geometric validation property','volume of 09-000',
#2913);
#2929=REPRESENTATION('volume',(#2927),#2899);
#2930=PROPERTY_DEFINITION_REPRESENTATION(#2928,#2929);
#2932=PROPERTY_DEFINITION('geometric validation property','centroid of 09-000',
#2913);
#2933=REPRESENTATION('centroid',(#2931),#2899);
#2934=PROPERTY_DEFINITION_REPRESENTATION(#2932,#2933);
#2935=(LENGTH_UNIT()NAMED_UNIT(*)SI_UNIT(.MILLI.,.METRE.));
#2939=PROPERTY_DEFINITION('geometric validation property','area of 09-000',
#2912);
#2940=REPRESENTATION('surface area',(#2938),#2899);
#2941=PROPERTY_DEFINITION_REPRESENTATION(#2939,#2940);
#2942=(LENGTH_UNIT()NAMED_UNIT(*)SI_UNIT(.MILLI.,.METRE.));
#2946=PROPERTY_DEFINITION('geometric validation property','volume of 09-000',
#2912);
#2947=REPRESENTATION('volume',(#2945),#2899);
#2948=PROPERTY_DEFINITION_REPRESENTATION(#2946,#2947);
#2950=PROPERTY_DEFINITION('geometric validation property','centroid of 09-000',
#2912);
#2951=REPRESENTATION('centroid',(#2949),#2899);
#2952=PROPERTY_DEFINITION_REPRESENTATION(#2950,#2951);
#2953=SHAPE_DEFINITION_REPRESENTATION(#2912,#2904);
#2954=SHAPE_DEFINITION_REPRESENTATION(#2955,#2956);
#2955=PRODUCT_DEFINITION_SHAPE('','SHAPE FOR 18002100_ASM.',#19339);
#2956=SHAPE_REPRESENTATION('',(#2966,#16244,#19319,#19333),#19329);
#2957=NEXT_ASSEMBLY_USAGE_OCCURRENCE('0','Next assembly relationship',
'\X2\8D347247\X0\09-\X2\4E0B\X0\',#19339,#2911,$);
#2958=PRODUCT_DEFINITION_SHAPE('Placement #0',
'Placement of 09-000 with respect to 18002100_ASM',#2957);
#2960=PROPERTY_DEFINITION('geometric validation property',
'centroid of \X2\8D347247\X0\09-\X2\4E0B\X0\',#2958);
#2961=REPRESENTATION('centroid',(#2959),#2899);
#2962=PROPERTY_DEFINITION_REPRESENTATION(#2960,#2961);
#2975=CIRCLE('',#2974,9.E0);
#2983=CIRCLE('',#2982,9.E0);
#2991=CIRCLE('',#2990,9.E0);
#3006=CIRCLE('',#3005,9.E0);
#3014=CIRCLE('',#3013,9.E0);
#3029=CIRCLE('',#3028,1.62E0);
#3037=CIRCLE('',#3036,1.62E0);
#3045=CIRCLE('',#3044,9.E0);
#3060=CIRCLE('',#3059,9.E0);
#3068=CIRCLE('',#3067,9.E0);
#3083=CIRCLE('',#3082,3.6E-1);
#3091=CIRCLE('',#3090,8.64E0);
#3099=CIRCLE('',#3098,8.64E0);
#3107=CIRCLE('',#3106,3.6E-1);
#3157=CIRCLE('',#3156,8.64E0);
#3179=CIRCLE('',#3178,8.64E0);
#3187=CIRCLE('',#3186,8.64E0);
#3195=CIRCLE('',#3194,8.64E0);
#9370=CIRCLE('',#9369,1.62E0);
#9378=CIRCLE('',#9377,1.62E0);
#9386=CIRCLE('',#9385,8.381679389313E0);
#9394=CIRCLE('',#9393,8.381679389313E0);
#9402=CIRCLE('',#9401,8.381679389313E0);
#9410=CIRCLE('',#9409,1.E0);
#9418=CIRCLE('',#9417,8.381679389313E0);
#9426=CIRCLE('',#9425,1.E0);
#10651=EDGE_CURVE('',#9432,#9433,#2975,.T.);
#10653=EDGE_CURVE('',#9433,#9432,#2983,.T.);
#10657=ADVANCED_FACE('',(#10656),#10650,.F.);
#10663=EDGE_CURVE('',#9444,#9445,#2991,.T.);
#10665=EDGE_CURVE('',#9444,#9437,#2998,.T.);
#10667=EDGE_CURVE('',#9436,#9437,#3006,.T.);
#10669=EDGE_CURVE('',#9445,#9436,#3052,.T.);
#10673=ADVANCED_FACE('',(#10672),#10662,.T.);
#10679=EDGE_CURVE('',#9452,#9453,#3014,.T.);
#10681=EDGE_CURVE('',#9433,#9452,#3075,.T.);
#10684=EDGE_CURVE('',#9432,#9453,#3021,.T.);
#10688=ADVANCED_FACE('',(#10687),#10678,.T.);
#10695=EDGE_CURVE('',#9445,#9449,#3037,.T.);
#10697=EDGE_CURVE('',#9448,#9449,#9386,.T.);
#10699=EDGE_CURVE('',#9444,#9448,#3029,.T.);
#10703=ADVANCED_FACE('',(#10702),#10693,.T.);
#10709=EDGE_CURVE('',#9445,#9444,#3045,.T.);
#10712=EDGE_CURVE('',#9449,#9448,#9402,.T.);
#10717=ADVANCED_FACE('',(#10716),#10708,.T.);
#10725=EDGE_CURVE('',#9437,#9436,#3060,.T.);
#10730=ADVANCED_FACE('',(#10729),#10722,.T.);
#10736=EDGE_CURVE('',#9453,#9452,#3068,.T.);
#10743=ADVANCED_FACE('',(#10742),#10735,.T.);
#10750=EDGE_CURVE('',#9436,#9441,#3107,.T.);
#10752=EDGE_CURVE('',#9440,#9441,#3187,.T.);
#10754=EDGE_CURVE('',#9437,#9440,#3083,.T.);
#10758=ADVANCED_FACE('',(#10757),#10748,.T.);
#10764=EDGE_CURVE('',#9475,#9468,#3091,.T.);
#10766=EDGE_CURVE('',#9469,#9468,#3157,.T.);
#10768=EDGE_CURVE('',#9469,#9477,#3099,.T.);
#10770=EDGE_CURVE('',#9441,#9477,#3195,.T.);
#10775=EDGE_CURVE('',#9475,#9440,#3179,.T.);
#10779=ADVANCED_FACE('',(#10778),#10763,.T.);
#10786=EDGE_CURVE('',#9475,#9479,#3114,.T.);
#10788=EDGE_CURVE('',#9479,#9468,#3121,.T.);
#10792=ADVANCED_FACE('',(#10791),#10784,.F.);
#10799=EDGE_CURVE('',#9469,#9481,#3128,.T.);
#10801=EDGE_CURVE('',#9481,#9477,#3135,.T.);
#10805=ADVANCED_FACE('',(#10804),#10797,.F.);
#10811=EDGE_CURVE('',#9473,#9475,#3171,.T.);
#10813=EDGE_CURVE('',#9473,#9463,#3142,.T.);
#10815=EDGE_CURVE('',#9463,#9460,#5267,.T.);
#10817=EDGE_CURVE('',#9479,#9460,#5246,.T.);
#10822=ADVANCED_FACE('',(#10821),#10810,.T.);
#10828=EDGE_CURVE('',#9468,#9469,#3149,.T.);
#10833=ADVANCED_FACE('',(#10832),#10827,.T.);
#10839=EDGE_CURVE('',#9472,#9473,#3164,.T.);
#10845=EDGE_CURVE('',#9477,#9472,#3202,.T.);
#10849=EDGE_CURVE('',#9620,#9621,#3209,.T.);
#10851=EDGE_CURVE('',#9621,#9623,#3216,.T.);
#10853=EDGE_CURVE('',#9623,#9625,#3223,.T.);
#10855=EDGE_CURVE('',#9625,#9627,#3230,.T.);
#10857=EDGE_CURVE('',#9627,#9629,#3237,.T.);
#10859=EDGE_CURVE('',#9629,#9631,#3244,.T.);
#10861=EDGE_CURVE('',#9631,#9620,#3251,.T.);
#10865=EDGE_CURVE('',#9634,#9635,#3258,.T.);
#10867=EDGE_CURVE('',#9635,#9711,#3265,.T.);
#10869=EDGE_CURVE('',#9711,#9709,#3272,.T.);
#10871=EDGE_CURVE('',#9709,#9707,#3279,.T.);
#10873=EDGE_CURVE('',#9707,#9705,#3286,.T.);
#10875=EDGE_CURVE('',#9705,#9703,#3293,.T.);
#10877=EDGE_CURVE('',#9703,#9701,#3300,.T.);
#10879=EDGE_CURVE('',#9701,#9699,#3307,.T.);
#10881=EDGE_CURVE('',#9699,#9697,#3314,.T.);
#10883=EDGE_CURVE('',#9697,#9695,#3321,.T.);
#10885=EDGE_CURVE('',#9695,#9693,#3328,.T.);
#10887=EDGE_CURVE('',#9693,#9691,#3335,.T.);
#10889=EDGE_CURVE('',#9691,#9689,#3342,.T.);
#10891=EDGE_CURVE('',#9689,#9687,#3349,.T.);
#10893=EDGE_CURVE('',#9687,#9685,#3356,.T.);
#10895=EDGE_CURVE('',#9685,#9683,#3363,.T.);
#10897=EDGE_CURVE('',#9683,#9681,#3370,.T.);
#10899=EDGE_CURVE('',#9681,#9679,#3377,.T.);
#10901=EDGE_CURVE('',#9679,#9677,#3384,.T.);
#10903=EDGE_CURVE('',#9677,#9675,#3391,.T.);
#10905=EDGE_CURVE('',#9675,#9673,#3398,.T.);
#10907=EDGE_CURVE('',#9673,#9671,#3405,.T.);
#10909=EDGE_CURVE('',#9671,#9669,#3412,.T.);
#10911=EDGE_CURVE('',#9669,#9667,#3419,.T.);
#10913=EDGE_CURVE('',#9667,#9665,#3426,.T.);
#10915=EDGE_CURVE('',#9665,#9663,#3433,.T.);
#10917=EDGE_CURVE('',#9663,#9661,#3440,.T.);
#10919=EDGE_CURVE('',#9661,#9659,#3447,.T.);
#10921=EDGE_CURVE('',#9659,#9657,#3454,.T.);
#10923=EDGE_CURVE('',#9657,#9655,#3461,.T.);
#10925=EDGE_CURVE('',#9655,#9653,#3468,.T.);
#10927=EDGE_CURVE('',#9653,#9651,#3475,.T.);
#10929=EDGE_CURVE('',#9651,#9649,#3482,.T.);
#10931=EDGE_CURVE('',#9649,#9647,#3489,.T.);
#10933=EDGE_CURVE('',#9647,#9645,#3496,.T.);
#10935=EDGE_CURVE('',#9645,#9643,#3503,.T.);
#10937=EDGE_CURVE('',#9643,#9641,#3510,.T.);
#10939=EDGE_CURVE('',#9641,#9639,#3517,.T.);
#10941=EDGE_CURVE('',#9639,#9637,#3524,.T.);
#10943=EDGE_CURVE('',#9637,#9634,#3531,.T.);
#10947=EDGE_CURVE('',#9714,#9715,#3538,.T.);
#10949=EDGE_CURVE('',#9715,#9717,#3545,.T.);
#10951=EDGE_CURVE('',#9717,#9719,#3552,.T.);
#10953=EDGE_CURVE('',#9719,#9721,#3559,.T.);
#10955=EDGE_CURVE('',#9721,#9723,#3566,.T.);
#10957=EDGE_CURVE('',#9723,#9725,#3573,.T.);
#10959=EDGE_CURVE('',#9725,#9727,#3580,.T.);
#10961=EDGE_CURVE('',#9727,#10457,#3587,.T.);
#10963=EDGE_CURVE('',#10457,#10459,#3594,.T.);
#10965=EDGE_CURVE('',#10459,#10461,#3601,.T.);
#10967=EDGE_CURVE('',#10461,#10463,#3608,.T.);
#10969=EDGE_CURVE('',#10463,#10465,#3615,.T.);
#10971=EDGE_CURVE('',#10465,#10467,#3622,.T.);
#10973=EDGE_CURVE('',#10467,#10469,#3629,.T.);
#10975=EDGE_CURVE('',#10469,#10471,#3636,.T.);
#10977=EDGE_CURVE('',#10471,#10473,#3643,.T.);
#10979=EDGE_CURVE('',#10473,#10475,#3650,.T.);
#10981=EDGE_CURVE('',#10475,#10477,#3657,.T.);
#10983=EDGE_CURVE('',#10477,#10479,#3664,.T.);
#10985=EDGE_CURVE('',#10479,#10481,#3671,.T.);
#10987=EDGE_CURVE('',#10481,#10483,#3678,.T.);
#10989=EDGE_CURVE('',#10483,#10485,#3685,.T.);
#10991=EDGE_CURVE('',#10485,#10487,#3692,.T.);
#10993=EDGE_CURVE('',#10487,#10489,#3699,.T.);
#10995=EDGE_CURVE('',#10489,#10491,#3706,.T.);
#10997=EDGE_CURVE('',#10491,#9714,#3713,.T.);
#11001=EDGE_CURVE('',#9730,#9731,#3720,.T.);
#11003=EDGE_CURVE('',#9731,#9733,#3727,.T.);
#11005=EDGE_CURVE('',#9733,#9735,#3734,.T.);
#11007=EDGE_CURVE('',#9735,#9737,#3741,.T.);
#11009=EDGE_CURVE('',#9737,#9739,#3748,.T.);
#11011=EDGE_CURVE('',#9739,#9741,#3755,.T.);
#11013=EDGE_CURVE('',#9741,#9743,#3762,.T.);
#11015=EDGE_CURVE('',#9743,#9745,#3769,.T.);
#11017=EDGE_CURVE('',#9745,#9747,#3776,.T.);
#11019=EDGE_CURVE('',#9747,#9749,#3783,.T.);
#11021=EDGE_CURVE('',#9749,#9751,#3790,.T.);
#11023=EDGE_CURVE('',#9751,#9753,#3797,.T.);
#11025=EDGE_CURVE('',#9753,#9730,#3804,.T.);
#11029=EDGE_CURVE('',#10202,#10203,#3811,.T.);
#11031=EDGE_CURVE('',#10203,#10205,#3818,.T.);
#11033=EDGE_CURVE('',#10205,#10207,#3825,.T.);
#11035=EDGE_CURVE('',#10207,#10209,#3832,.T.);
#11037=EDGE_CURVE('',#10209,#10211,#3839,.T.);
#11039=EDGE_CURVE('',#10211,#10213,#3846,.T.);
#11041=EDGE_CURVE('',#10213,#10215,#3853,.T.);
#11043=EDGE_CURVE('',#10215,#10217,#3860,.T.);
#11045=EDGE_CURVE('',#10217,#10219,#3867,.T.);
#11047=EDGE_CURVE('',#10219,#10221,#3874,.T.);
#11049=EDGE_CURVE('',#10221,#10223,#3881,.T.);
#11051=EDGE_CURVE('',#10223,#10225,#3888,.T.);
#11053=EDGE_CURVE('',#10225,#10227,#3895,.T.);
#11055=EDGE_CURVE('',#10227,#10229,#3902,.T.);
#11057=EDGE_CURVE('',#10229,#10231,#3909,.T.);
#11059=EDGE_CURVE('',#10231,#10233,#3916,.T.);
#11061=EDGE_CURVE('',#10233,#10235,#3923,.T.);
#11063=EDGE_CURVE('',#10235,#10237,#3930,.T.);
#11065=EDGE_CURVE('',#10237,#10239,#3937,.T.);
#11067=EDGE_CURVE('',#10239,#10241,#3944,.T.);
#11069=EDGE_CURVE('',#10241,#10243,#3951,.T.);
#11071=EDGE_CURVE('',#10243,#10245,#3958,.T.);
#11073=EDGE_CURVE('',#10245,#10247,#3965,.T.);
#11075=EDGE_CURVE('',#10247,#10249,#3972,.T.);
#11077=EDGE_CURVE('',#10249,#10251,#3979,.T.);
#11079=EDGE_CURVE('',#10251,#10253,#3986,.T.);
#11081=EDGE_CURVE('',#10253,#10255,#3993,.T.);
#11083=EDGE_CURVE('',#10255,#10257,#4000,.T.);
#11085=EDGE_CURVE('',#10257,#10259,#4007,.T.);
#11087=EDGE_CURVE('',#10259,#10261,#4014,.T.);
#11089=EDGE_CURVE('',#10261,#10263,#4021,.T.);
#11091=EDGE_CURVE('',#10263,#10265,#4028,.T.);
#11093=EDGE_CURVE('',#10265,#10267,#4035,.T.);
#11095=EDGE_CURVE('',#10267,#10269,#4042,.T.);
#11097=EDGE_CURVE('',#10269,#10271,#4049,.T.);
#11099=EDGE_CURVE('',#10271,#10273,#4056,.T.);
#11101=EDGE_CURVE('',#10273,#10275,#4063,.T.);
#11103=EDGE_CURVE('',#10275,#10277,#4070,.T.);
#11105=EDGE_CURVE('',#10277,#10279,#4077,.T.);
#11107=EDGE_CURVE('',#10279,#10202,#4084,.T.);
#11111=EDGE_CURVE('',#10282,#10283,#4091,.T.);
#11113=EDGE_CURVE('',#10283,#10285,#4098,.T.);
#11115=EDGE_CURVE('',#10285,#10287,#4105,.T.);
#11117=EDGE_CURVE('',#10287,#10289,#4112,.T.);
#11119=EDGE_CURVE('',#10289,#10291,#4119,.T.);
#11121=EDGE_CURVE('',#10291,#10293,#4126,.T.);
#11123=EDGE_CURVE('',#10293,#10295,#4133,.T.);
#11125=EDGE_CURVE('',#10295,#10297,#4140,.T.);
#11127=EDGE_CURVE('',#10297,#10299,#4147,.T.);
#11129=EDGE_CURVE('',#10299,#10301,#4154,.T.);
#11131=EDGE_CURVE('',#10301,#10303,#4161,.T.);
#11133=EDGE_CURVE('',#10303,#10305,#4168,.T.);
#11135=EDGE_CURVE('',#10305,#10307,#4175,.T.);
#11137=EDGE_CURVE('',#10307,#10309,#4182,.T.);
#11139=EDGE_CURVE('',#10309,#10311,#4189,.T.);
#11141=EDGE_CURVE('',#10311,#10313,#4196,.T.);
#11143=EDGE_CURVE('',#10313,#10315,#4203,.T.);
#11145=EDGE_CURVE('',#10315,#10317,#4210,.T.);
#11147=EDGE_CURVE('',#10317,#10319,#4217,.T.);
#11149=EDGE_CURVE('',#10319,#10321,#4224,.T.);
#11151=EDGE_CURVE('',#10321,#10323,#4231,.T.);
#11153=EDGE_CURVE('',#10323,#10325,#4238,.T.);
#11155=EDGE_CURVE('',#10325,#10327,#4245,.T.);
#11157=EDGE_CURVE('',#10327,#10329,#4252,.T.);
#11159=EDGE_CURVE('',#10329,#10331,#4259,.T.);
#11161=EDGE_CURVE('',#10331,#10282,#4266,.T.);
#11165=EDGE_CURVE('',#10370,#10371,#4399,.T.);
#11167=EDGE_CURVE('',#10371,#10373,#4406,.T.);
#11169=EDGE_CURVE('',#10373,#10375,#4413,.T.);
#11171=EDGE_CURVE('',#10375,#10377,#4420,.T.);
#11173=EDGE_CURVE('',#10377,#10379,#4427,.T.);
#11175=EDGE_CURVE('',#10379,#10381,#4434,.T.);
#11177=EDGE_CURVE('',#10381,#10383,#4441,.T.);
#11179=EDGE_CURVE('',#10383,#10385,#4448,.T.);
#11181=EDGE_CURVE('',#10385,#10387,#4455,.T.);
#11183=EDGE_CURVE('',#10387,#10389,#4462,.T.);
#11185=EDGE_CURVE('',#10389,#10391,#4469,.T.);
#11187=EDGE_CURVE('',#10391,#10393,#4476,.T.);
#11189=EDGE_CURVE('',#10393,#10395,#4483,.T.);
#11191=EDGE_CURVE('',#10395,#10397,#4490,.T.);
#11193=EDGE_CURVE('',#10397,#10399,#4497,.T.);
#11195=EDGE_CURVE('',#10399,#10401,#4504,.T.);
#11197=EDGE_CURVE('',#10401,#10403,#4511,.T.);
#11199=EDGE_CURVE('',#10403,#10405,#4518,.T.);
#11201=EDGE_CURVE('',#10405,#10407,#4525,.T.);
#11203=EDGE_CURVE('',#10407,#10409,#4532,.T.);
#11205=EDGE_CURVE('',#10409,#10411,#4539,.T.);
#11207=EDGE_CURVE('',#10411,#10413,#4546,.T.);
#11209=EDGE_CURVE('',#10413,#10415,#4553,.T.);
#11211=EDGE_CURVE('',#10415,#10417,#4560,.T.);
#11213=EDGE_CURVE('',#10417,#10419,#4567,.T.);
#11215=EDGE_CURVE('',#10419,#10370,#4574,.T.);
#11219=EDGE_CURVE('',#10530,#10531,#4833,.T.);
#11221=EDGE_CURVE('',#10531,#10533,#4840,.T.);
#11223=EDGE_CURVE('',#10533,#10535,#4847,.T.);
#11225=EDGE_CURVE('',#10535,#10537,#4854,.T.);
#11227=EDGE_CURVE('',#10537,#10539,#4861,.T.);
#11229=EDGE_CURVE('',#10539,#10541,#4868,.T.);
#11231=EDGE_CURVE('',#10541,#10530,#4875,.T.);
#11235=EDGE_CURVE('',#10544,#10545,#4882,.T.);
#11237=EDGE_CURVE('',#10545,#10547,#4889,.T.);
#11239=EDGE_CURVE('',#10547,#10549,#4896,.T.);
#11241=EDGE_CURVE('',#10549,#10551,#4903,.T.);
#11243=EDGE_CURVE('',#10551,#10553,#4910,.T.);
#11245=EDGE_CURVE('',#10553,#10555,#4917,.T.);
#11247=EDGE_CURVE('',#10555,#10557,#4924,.T.);
#11249=EDGE_CURVE('',#10557,#10559,#4931,.T.);
#11251=EDGE_CURVE('',#10559,#10561,#4938,.T.);
#11253=EDGE_CURVE('',#10561,#10563,#4945,.T.);
#11255=EDGE_CURVE('',#10563,#10565,#4952,.T.);
#11257=EDGE_CURVE('',#10565,#10544,#4959,.T.);
#11261=EDGE_CURVE('',#10568,#10569,#4966,.T.);
#11263=EDGE_CURVE('',#10569,#10571,#4973,.T.);
#11265=EDGE_CURVE('',#10571,#10573,#4980,.T.);
#11267=EDGE_CURVE('',#10573,#10575,#4987,.T.);
#11269=EDGE_CURVE('',#10575,#10577,#4994,.T.);
#11271=EDGE_CURVE('',#10577,#10579,#5001,.T.);
#11273=EDGE_CURVE('',#10579,#10581,#5008,.T.);
#11275=EDGE_CURVE('',#10581,#10583,#5015,.T.);
#11277=EDGE_CURVE('',#10583,#10585,#5022,.T.);
#11279=EDGE_CURVE('',#10585,#10587,#5029,.T.);
#11281=EDGE_CURVE('',#10587,#10589,#5036,.T.);
#11283=EDGE_CURVE('',#10589,#10591,#5043,.T.);
#11285=EDGE_CURVE('',#10591,#10593,#5050,.T.);
#11287=EDGE_CURVE('',#10593,#10595,#5057,.T.);
#11289=EDGE_CURVE('',#10595,#10597,#5064,.T.);
#11291=EDGE_CURVE('',#10597,#10599,#5071,.T.);
#11293=EDGE_CURVE('',#10599,#10601,#5078,.T.);
#11295=EDGE_CURVE('',#10601,#10603,#5085,.T.);
#11297=EDGE_CURVE('',#10603,#10605,#5092,.T.);
#11299=EDGE_CURVE('',#10605,#10607,#5099,.T.);
#11301=EDGE_CURVE('',#10607,#10609,#5106,.T.);
#11303=EDGE_CURVE('',#10609,#10611,#5113,.T.);
#11305=EDGE_CURVE('',#10611,#10613,#5120,.T.);
#11307=EDGE_CURVE('',#10613,#10615,#5127,.T.);
#11309=EDGE_CURVE('',#10615,#10617,#5134,.T.);
#11311=EDGE_CURVE('',#10617,#10619,#5141,.T.);
#11313=EDGE_CURVE('',#10619,#10621,#5148,.T.);
#11315=EDGE_CURVE('',#10621,#10623,#5155,.T.);
#11317=EDGE_CURVE('',#10623,#10625,#5162,.T.);
#11319=EDGE_CURVE('',#10625,#10627,#5169,.T.);
#11321=EDGE_CURVE('',#10627,#10629,#5176,.T.);
#11323=EDGE_CURVE('',#10629,#10631,#5183,.T.);
#11325=EDGE_CURVE('',#10631,#10633,#5190,.T.);
#11327=EDGE_CURVE('',#10633,#10635,#5197,.T.);
#11329=EDGE_CURVE('',#10635,#10637,#5204,.T.);
#11331=EDGE_CURVE('',#10637,#10639,#5211,.T.);
#11333=EDGE_CURVE('',#10639,#10641,#5218,.T.);
#11335=EDGE_CURVE('',#10641,#10643,#5225,.T.);
#11337=EDGE_CURVE('',#10643,#10645,#5232,.T.);
#11339=EDGE_CURVE('',#10645,#10568,#5239,.T.);
#11343=ADVANCED_FACE('',(#10848,#10864,#10946,#11000,#11028,#11110,#11164,
#11218,#11234,#11260,#11342),#10838,.T.);
#11349=EDGE_CURVE('',#10334,#10335,#4273,.T.);
#11351=EDGE_CURVE('',#10335,#10337,#4280,.T.);
#11353=EDGE_CURVE('',#10337,#10339,#4287,.T.);
#11355=EDGE_CURVE('',#10339,#10341,#4294,.T.);
#11357=EDGE_CURVE('',#10341,#10343,#4301,.T.);
#11359=EDGE_CURVE('',#10343,#10345,#4308,.T.);
#11361=EDGE_CURVE('',#10345,#10347,#4315,.T.);
#11363=EDGE_CURVE('',#10347,#10349,#4322,.T.);
#11365=EDGE_CURVE('',#10349,#10351,#4329,.T.);
#11367=EDGE_CURVE('',#10351,#10353,#4336,.T.);
#11369=EDGE_CURVE('',#10353,#10355,#4343,.T.);
#11371=EDGE_CURVE('',#10355,#10357,#4350,.T.);
#11373=EDGE_CURVE('',#10357,#10359,#4357,.T.);
#11375=EDGE_CURVE('',#10359,#10361,#4364,.T.);
#11377=EDGE_CURVE('',#10361,#10363,#4371,.T.);
#11379=EDGE_CURVE('',#10363,#10365,#4378,.T.);
#11381=EDGE_CURVE('',#10365,#10367,#4385,.T.);
#11383=EDGE_CURVE('',#10367,#10334,#4392,.T.);
#11387=ADVANCED_FACE('',(#11386),#11348,.T.);
#11393=EDGE_CURVE('',#10422,#10423,#4581,.T.);
#11395=EDGE_CURVE('',#10423,#10425,#4588,.T.);
#11397=EDGE_CURVE('',#10425,#10427,#4595,.T.);
#11399=EDGE_CURVE('',#10427,#10429,#4602,.T.);
#11401=EDGE_CURVE('',#10429,#10431,#4609,.T.);
#11403=EDGE_CURVE('',#10431,#10433,#4616,.T.);
#11405=EDGE_CURVE('',#10433,#10435,#4623,.T.);
#11407=EDGE_CURVE('',#10435,#10437,#4630,.T.);
#11409=EDGE_CURVE('',#10437,#10439,#4637,.T.);
#11411=EDGE_CURVE('',#10439,#10441,#4644,.T.);
#11413=EDGE_CURVE('',#10441,#10443,#4651,.T.);
#11415=EDGE_CURVE('',#10443,#10445,#4658,.T.);
#11417=EDGE_CURVE('',#10445,#10447,#4665,.T.);
#11419=EDGE_CURVE('',#10447,#10449,#4672,.T.);
#11421=EDGE_CURVE('',#10449,#10451,#4679,.T.);
#11423=EDGE_CURVE('',#10451,#10453,#4686,.T.);
#11425=EDGE_CURVE('',#10453,#10455,#4693,.T.);
#11427=EDGE_CURVE('',#10455,#10422,#4700,.T.);
#11431=ADVANCED_FACE('',(#11430),#11392,.T.);
#11437=EDGE_CURVE('',#10494,#10495,#4707,.T.);
#11439=EDGE_CURVE('',#10495,#10497,#4714,.T.);
#11441=EDGE_CURVE('',#10497,#10499,#4721,.T.);
#11443=EDGE_CURVE('',#10499,#10501,#4728,.T.);
#11445=EDGE_CURVE('',#10501,#10503,#4735,.T.);
#11447=EDGE_CURVE('',#10503,#10505,#4742,.T.);
#11449=EDGE_CURVE('',#10505,#10507,#4749,.T.);
#11451=EDGE_CURVE('',#10507,#10509,#4756,.T.);
#11453=EDGE_CURVE('',#10509,#10511,#4763,.T.);
#11455=EDGE_CURVE('',#10511,#10513,#4770,.T.);
#11457=EDGE_CURVE('',#10513,#10515,#4777,.T.);
#11459=EDGE_CURVE('',#10515,#10517,#4784,.T.);
#11461=EDGE_CURVE('',#10517,#10519,#4791,.T.);
#11463=EDGE_CURVE('',#10519,#10521,#4798,.T.);
#11465=EDGE_CURVE('',#10521,#10523,#4805,.T.);
#11467=EDGE_CURVE('',#10523,#10525,#4812,.T.);
#11469=EDGE_CURVE('',#10525,#10527,#4819,.T.);
#11471=EDGE_CURVE('',#10527,#10494,#4826,.T.);
#11475=ADVANCED_FACE('',(#11474),#11436,.T.);
#11484=EDGE_CURVE('',#9460,#9461,#5260,.T.);
#11486=EDGE_CURVE('',#9481,#9461,#5281,.T.);
#11491=ADVANCED_FACE('',(#11490),#11480,.T.);
#11497=EDGE_CURVE('',#9461,#9465,#5253,.T.);
#11501=EDGE_CURVE('',#9465,#9463,#5274,.T.);
#11505=ADVANCED_FACE('',(#11504),#11496,.T.);
#11527=EDGE_CURVE('',#9472,#9465,#5288,.T.);
#11531=ADVANCED_FACE('',(#11530),#11522,.T.);
#11543=ADVANCED_FACE('',(#11542),#11536,.T.);
#11550=EDGE_CURVE('',#9620,#9484,#5295,.T.);
#11552=EDGE_CURVE('',#9484,#9485,#5344,.T.);
#11554=EDGE_CURVE('',#9621,#9485,#5337,.T.);
#11558=ADVANCED_FACE('',(#11557),#11548,.T.);
#11565=EDGE_CURVE('',#9631,#9495,#5302,.T.);
#11567=EDGE_CURVE('',#9495,#9484,#5351,.T.);
#11572=ADVANCED_FACE('',(#11571),#11563,.T.);
#11579=EDGE_CURVE('',#9629,#9493,#5309,.T.);
#11581=EDGE_CURVE('',#9493,#9495,#5358,.T.);
#11586=ADVANCED_FACE('',(#11585),#11577,.T.);
#11593=EDGE_CURVE('',#9627,#9491,#5316,.T.);
#11595=EDGE_CURVE('',#9491,#9493,#5365,.T.);
#11600=ADVANCED_FACE('',(#11599),#11591,.T.);
#11607=EDGE_CURVE('',#9625,#9489,#5323,.T.);
#11609=EDGE_CURVE('',#9489,#9491,#5372,.T.);
#11614=ADVANCED_FACE('',(#11613),#11605,.T.);
#11621=EDGE_CURVE('',#9623,#9487,#5330,.T.);
#11623=EDGE_CURVE('',#9487,#9489,#5379,.T.);
#11628=ADVANCED_FACE('',(#11627),#11619,.T.);
#11636=EDGE_CURVE('',#9485,#9487,#5386,.T.);
#11641=ADVANCED_FACE('',(#11640),#11633,.T.);
#11656=ADVANCED_FACE('',(#11655),#11646,.T.);
#11674=EDGE_CURVE('',#9756,#9757,#5393,.T.);
#11676=EDGE_CURVE('',#9833,#9756,#5400,.T.);
#11678=EDGE_CURVE('',#9831,#9833,#5407,.T.);
#11680=EDGE_CURVE('',#9829,#9831,#5414,.T.);
#11682=EDGE_CURVE('',#9827,#9829,#5421,.T.);
#11684=EDGE_CURVE('',#9825,#9827,#5428,.T.);
#11686=EDGE_CURVE('',#9823,#9825,#5435,.T.);
#11688=EDGE_CURVE('',#9821,#9823,#5442,.T.);
#11690=EDGE_CURVE('',#9819,#9821,#5449,.T.);
#11692=EDGE_CURVE('',#9817,#9819,#5456,.T.);
#11694=EDGE_CURVE('',#9815,#9817,#5463,.T.);
#11696=EDGE_CURVE('',#9813,#9815,#5470,.T.);
#11698=EDGE_CURVE('',#9811,#9813,#5477,.T.);
#11700=EDGE_CURVE('',#9809,#9811,#5484,.T.);
#11702=EDGE_CURVE('',#9807,#9809,#5491,.T.);
#11704=EDGE_CURVE('',#9805,#9807,#5498,.T.);
#11706=EDGE_CURVE('',#9803,#9805,#5505,.T.);
#11708=EDGE_CURVE('',#9801,#9803,#5512,.T.);
#11710=EDGE_CURVE('',#9799,#9801,#5519,.T.);
#11712=EDGE_CURVE('',#9797,#9799,#5526,.T.);
#11714=EDGE_CURVE('',#9795,#9797,#5533,.T.);
#11716=EDGE_CURVE('',#9793,#9795,#5540,.T.);
#11718=EDGE_CURVE('',#9791,#9793,#5547,.T.);
#11720=EDGE_CURVE('',#9789,#9791,#5554,.T.);
#11722=EDGE_CURVE('',#9787,#9789,#5561,.T.);
#11724=EDGE_CURVE('',#9785,#9787,#5568,.T.);
#11726=EDGE_CURVE('',#9783,#9785,#5575,.T.);
#11728=EDGE_CURVE('',#9781,#9783,#5582,.T.);
#11730=EDGE_CURVE('',#9779,#9781,#5589,.T.);
#11732=EDGE_CURVE('',#9777,#9779,#5596,.T.);
#11734=EDGE_CURVE('',#9775,#9777,#5603,.T.);
#11736=EDGE_CURVE('',#9773,#9775,#5610,.T.);
#11738=EDGE_CURVE('',#9771,#9773,#5617,.T.);
#11740=EDGE_CURVE('',#9769,#9771,#5624,.T.);
#11742=EDGE_CURVE('',#9767,#9769,#5631,.T.);
#11744=EDGE_CURVE('',#9765,#9767,#5638,.T.);
#11746=EDGE_CURVE('',#9763,#9765,#5645,.T.);
#11748=EDGE_CURVE('',#9761,#9763,#5652,.T.);
#11750=EDGE_CURVE('',#9759,#9761,#5659,.T.);
#11752=EDGE_CURVE('',#9757,#9759,#5666,.T.);
#11756=ADVANCED_FACE('',(#11755),#11673,.T.);
#11774=EDGE_CURVE('',#9836,#9837,#5673,.T.);
#11776=EDGE_CURVE('',#9885,#9836,#5680,.T.);
#11778=EDGE_CURVE('',#9883,#9885,#5687,.T.);
#11780=EDGE_CURVE('',#9881,#9883,#5694,.T.);
#11782=EDGE_CURVE('',#9879,#9881,#5701,.T.);
#11784=EDGE_CURVE('',#9877,#9879,#5708,.T.);
#11786=EDGE_CURVE('',#9875,#9877,#5715,.T.);
#11788=EDGE_CURVE('',#9873,#9875,#5722,.T.);
#11790=EDGE_CURVE('',#9871,#9873,#5729,.T.);
#11792=EDGE_CURVE('',#9869,#9871,#5736,.T.);
#11794=EDGE_CURVE('',#9867,#9869,#5743,.T.);
#11796=EDGE_CURVE('',#9865,#9867,#5750,.T.);
#11798=EDGE_CURVE('',#9863,#9865,#5757,.T.);
#11800=EDGE_CURVE('',#9861,#9863,#5764,.T.);
#11802=EDGE_CURVE('',#9859,#9861,#5771,.T.);
#11804=EDGE_CURVE('',#9857,#9859,#5778,.T.);
#11806=EDGE_CURVE('',#9855,#9857,#5785,.T.);
#11808=EDGE_CURVE('',#9853,#9855,#5792,.T.);
#11810=EDGE_CURVE('',#9851,#9853,#5799,.T.);
#11812=EDGE_CURVE('',#9849,#9851,#5806,.T.);
#11814=EDGE_CURVE('',#9847,#9849,#5813,.T.);
#11816=EDGE_CURVE('',#9845,#9847,#5820,.T.);
#11818=EDGE_CURVE('',#9843,#9845,#5827,.T.);
#11820=EDGE_CURVE('',#9841,#9843,#5834,.T.);
#11822=EDGE_CURVE('',#9839,#9841,#5841,.T.);
#11824=EDGE_CURVE('',#9837,#9839,#5848,.T.);
#11828=EDGE_CURVE('',#9888,#9889,#5855,.T.);
#11830=EDGE_CURVE('',#9921,#9888,#5862,.T.);
#11832=EDGE_CURVE('',#9919,#9921,#5869,.T.);
#11834=EDGE_CURVE('',#9917,#9919,#5876,.T.);
#11836=EDGE_CURVE('',#9915,#9917,#5883,.T.);
#11838=EDGE_CURVE('',#9913,#9915,#5890,.T.);
#11840=EDGE_CURVE('',#9911,#9913,#5897,.T.);
#11842=EDGE_CURVE('',#9909,#9911,#5904,.T.);
#11844=EDGE_CURVE('',#9907,#9909,#5911,.T.);
#11846=EDGE_CURVE('',#9905,#9907,#5918,.T.);
#11848=EDGE_CURVE('',#9903,#9905,#5925,.T.);
#11850=EDGE_CURVE('',#9901,#9903,#5932,.T.);
#11852=EDGE_CURVE('',#9899,#9901,#5939,.T.);
#11854=EDGE_CURVE('',#9897,#9899,#5946,.T.);
#11856=EDGE_CURVE('',#9895,#9897,#5953,.T.);
#11858=EDGE_CURVE('',#9893,#9895,#5960,.T.);
#11860=EDGE_CURVE('',#9891,#9893,#5967,.T.);
#11862=EDGE_CURVE('',#9889,#9891,#5974,.T.);
#11866=ADVANCED_FACE('',(#11827,#11865),#11773,.T.);
#11884=EDGE_CURVE('',#9924,#9925,#5981,.T.);
#11886=EDGE_CURVE('',#9973,#9924,#5988,.T.);
#11888=EDGE_CURVE('',#9971,#9973,#5995,.T.);
#11890=EDGE_CURVE('',#9969,#9971,#6002,.T.);
#11892=EDGE_CURVE('',#9967,#9969,#6009,.T.);
#11894=EDGE_CURVE('',#9965,#9967,#6016,.T.);
#11896=EDGE_CURVE('',#9963,#9965,#6023,.T.);
#11898=EDGE_CURVE('',#9961,#9963,#6030,.T.);
#11900=EDGE_CURVE('',#9959,#9961,#6037,.T.);
#11902=EDGE_CURVE('',#9957,#9959,#6044,.T.);
#11904=EDGE_CURVE('',#9955,#9957,#6051,.T.);
#11906=EDGE_CURVE('',#9953,#9955,#6058,.T.);
#11908=EDGE_CURVE('',#9951,#9953,#6065,.T.);
#11910=EDGE_CURVE('',#9949,#9951,#6072,.T.);
#11912=EDGE_CURVE('',#9947,#9949,#6079,.T.);
#11914=EDGE_CURVE('',#9945,#9947,#6086,.T.);
#11916=EDGE_CURVE('',#9943,#9945,#6093,.T.);
#11918=EDGE_CURVE('',#9941,#9943,#6100,.T.);
#11920=EDGE_CURVE('',#9939,#9941,#6107,.T.);
#11922=EDGE_CURVE('',#9937,#9939,#6114,.T.);
#11924=EDGE_CURVE('',#9935,#9937,#6121,.T.);
#11926=EDGE_CURVE('',#9933,#9935,#6128,.T.);
#11928=EDGE_CURVE('',#9931,#9933,#6135,.T.);
#11930=EDGE_CURVE('',#9929,#9931,#6142,.T.);
#11932=EDGE_CURVE('',#9927,#9929,#6149,.T.);
#11934=EDGE_CURVE('',#9925,#9927,#6156,.T.);
#11938=EDGE_CURVE('',#9976,#9977,#6163,.T.);
#11940=EDGE_CURVE('',#10009,#9976,#6170,.T.);
#11942=EDGE_CURVE('',#10007,#10009,#6177,.T.);
#11944=EDGE_CURVE('',#10005,#10007,#6184,.T.);
#11946=EDGE_CURVE('',#10003,#10005,#6191,.T.);
#11948=EDGE_CURVE('',#10001,#10003,#6198,.T.);
#11950=EDGE_CURVE('',#9999,#10001,#6205,.T.);
#11952=EDGE_CURVE('',#9997,#9999,#6212,.T.);
#11954=EDGE_CURVE('',#9995,#9997,#6219,.T.);
#11956=EDGE_CURVE('',#9993,#9995,#6226,.T.);
#11958=EDGE_CURVE('',#9991,#9993,#6233,.T.);
#11960=EDGE_CURVE('',#9989,#9991,#6240,.T.);
#11962=EDGE_CURVE('',#9987,#9989,#6247,.T.);
#11964=EDGE_CURVE('',#9985,#9987,#6254,.T.);
#11966=EDGE_CURVE('',#9983,#9985,#6261,.T.);
#11968=EDGE_CURVE('',#9981,#9983,#6268,.T.);
#11970=EDGE_CURVE('',#9979,#9981,#6275,.T.);
#11972=EDGE_CURVE('',#9977,#9979,#6282,.T.);
#11976=ADVANCED_FACE('',(#11937,#11975),#11883,.T.);
#11994=EDGE_CURVE('',#9499,#9575,#6289,.T.);
#11996=EDGE_CURVE('',#9498,#9499,#6296,.T.);
#11998=EDGE_CURVE('',#9501,#9498,#6303,.T.);
#12000=EDGE_CURVE('',#9503,#9501,#6310,.T.);
#12002=EDGE_CURVE('',#9505,#9503,#6317,.T.);
#12004=EDGE_CURVE('',#9507,#9505,#6324,.T.);
#12006=EDGE_CURVE('',#9509,#9507,#6331,.T.);
#12008=EDGE_CURVE('',#9511,#9509,#6338,.T.);
#12010=EDGE_CURVE('',#9513,#9511,#6345,.T.);
#12012=EDGE_CURVE('',#9515,#9513,#6352,.T.);
#12014=EDGE_CURVE('',#9517,#9515,#6359,.T.);
#12016=EDGE_CURVE('',#9519,#9517,#6366,.T.);
#12018=EDGE_CURVE('',#9521,#9519,#6373,.T.);
#12020=EDGE_CURVE('',#9523,#9521,#6380,.T.);
#12022=EDGE_CURVE('',#9525,#9523,#6387,.T.);
#12024=EDGE_CURVE('',#9527,#9525,#6394,.T.);
#12026=EDGE_CURVE('',#9529,#9527,#6401,.T.);
#12028=EDGE_CURVE('',#9531,#9529,#6408,.T.);
#12030=EDGE_CURVE('',#9533,#9531,#6415,.T.);
#12032=EDGE_CURVE('',#9535,#9533,#6422,.T.);
#12034=EDGE_CURVE('',#9537,#9535,#6429,.T.);
#12036=EDGE_CURVE('',#9539,#9537,#6436,.T.);
#12038=EDGE_CURVE('',#9541,#9539,#6443,.T.);
#12040=EDGE_CURVE('',#9543,#9541,#6450,.T.);
#12042=EDGE_CURVE('',#9545,#9543,#6457,.T.);
#12044=EDGE_CURVE('',#9547,#9545,#6464,.T.);
#12046=EDGE_CURVE('',#9549,#9547,#6471,.T.);
#12048=EDGE_CURVE('',#9551,#9549,#6478,.T.);
#12050=EDGE_CURVE('',#9553,#9551,#6485,.T.);
#12052=EDGE_CURVE('',#9555,#9553,#6492,.T.);
#12054=EDGE_CURVE('',#9557,#9555,#6499,.T.);
#12056=EDGE_CURVE('',#9559,#9557,#6506,.T.);
#12058=EDGE_CURVE('',#9561,#9559,#6513,.T.);
#12060=EDGE_CURVE('',#9563,#9561,#6520,.T.);
#12062=EDGE_CURVE('',#9565,#9563,#6527,.T.);
#12064=EDGE_CURVE('',#9567,#9565,#6534,.T.);
#12066=EDGE_CURVE('',#9569,#9567,#6541,.T.);
#12068=EDGE_CURVE('',#9571,#9569,#6548,.T.);
#12070=EDGE_CURVE('',#9573,#9571,#6555,.T.);
#12072=EDGE_CURVE('',#9575,#9573,#6562,.T.);
#12076=ADVANCED_FACE('',(#12075),#11993,.T.);
#12094=EDGE_CURVE('',#9578,#9579,#6569,.T.);
#12096=EDGE_CURVE('',#10045,#9578,#6576,.T.);
#12098=EDGE_CURVE('',#10043,#10045,#6583,.T.);
#12100=EDGE_CURVE('',#10041,#10043,#6590,.T.);
#12102=EDGE_CURVE('',#10039,#10041,#6597,.T.);
#12104=EDGE_CURVE('',#10037,#10039,#6604,.T.);
#12106=EDGE_CURVE('',#10035,#10037,#6611,.T.);
#12108=EDGE_CURVE('',#10033,#10035,#6618,.T.);
#12110=EDGE_CURVE('',#10031,#10033,#6625,.T.);
#12112=EDGE_CURVE('',#10029,#10031,#6632,.T.);
#12114=EDGE_CURVE('',#10027,#10029,#6639,.T.);
#12116=EDGE_CURVE('',#10025,#10027,#6646,.T.);
#12118=EDGE_CURVE('',#10023,#10025,#6653,.T.);
#12120=EDGE_CURVE('',#10021,#10023,#6660,.T.);
#12122=EDGE_CURVE('',#10019,#10021,#6667,.T.);
#12124=EDGE_CURVE('',#10017,#10019,#6674,.T.);
#12126=EDGE_CURVE('',#10015,#10017,#6681,.T.);
#12128=EDGE_CURVE('',#10013,#10015,#6688,.T.);
#12130=EDGE_CURVE('',#10011,#10013,#6695,.T.);
#12132=EDGE_CURVE('',#9591,#10011,#6702,.T.);
#12134=EDGE_CURVE('',#9589,#9591,#6709,.T.);
#12136=EDGE_CURVE('',#9587,#9589,#6716,.T.);
#12138=EDGE_CURVE('',#9585,#9587,#6723,.T.);
#12140=EDGE_CURVE('',#9583,#9585,#6730,.T.);
#12142=EDGE_CURVE('',#9581,#9583,#6737,.T.);
#12144=EDGE_CURVE('',#9579,#9581,#6744,.T.);
#12148=EDGE_CURVE('',#10048,#10049,#6751,.T.);
#12150=EDGE_CURVE('',#10081,#10048,#6758,.T.);
#12152=EDGE_CURVE('',#10079,#10081,#6765,.T.);
#12154=EDGE_CURVE('',#10077,#10079,#6772,.T.);
#12156=EDGE_CURVE('',#10075,#10077,#6779,.T.);
#12158=EDGE_CURVE('',#10073,#10075,#6786,.T.);
#12160=EDGE_CURVE('',#10071,#10073,#6793,.T.);
#12162=EDGE_CURVE('',#10069,#10071,#6800,.T.);
#12164=EDGE_CURVE('',#10067,#10069,#6807,.T.);
#12166=EDGE_CURVE('',#10065,#10067,#6814,.T.);
#12168=EDGE_CURVE('',#10063,#10065,#6821,.T.);
#12170=EDGE_CURVE('',#10061,#10063,#6828,.T.);
#12172=EDGE_CURVE('',#10059,#10061,#6835,.T.);
#12174=EDGE_CURVE('',#10057,#10059,#6842,.T.);
#12176=EDGE_CURVE('',#10055,#10057,#6849,.T.);
#12178=EDGE_CURVE('',#10053,#10055,#6856,.T.);
#12180=EDGE_CURVE('',#10051,#10053,#6863,.T.);
#12182=EDGE_CURVE('',#10049,#10051,#6870,.T.);
#12186=ADVANCED_FACE('',(#12147,#12185),#12093,.T.);
#12204=EDGE_CURVE('',#10084,#10085,#6877,.T.);
#12206=EDGE_CURVE('',#10095,#10084,#6884,.T.);
#12208=EDGE_CURVE('',#10093,#10095,#6891,.T.);
#12210=EDGE_CURVE('',#10091,#10093,#6898,.T.);
#12212=EDGE_CURVE('',#10089,#10091,#6905,.T.);
#12214=EDGE_CURVE('',#10087,#10089,#6912,.T.);
#12216=EDGE_CURVE('',#10085,#10087,#6919,.T.);
#12220=ADVANCED_FACE('',(#12219),#12203,.T.);
#12238=EDGE_CURVE('',#9617,#9594,#6926,.T.);
#12240=EDGE_CURVE('',#9615,#9617,#6933,.T.);
#12242=EDGE_CURVE('',#9613,#9615,#6940,.T.);
#12244=EDGE_CURVE('',#9611,#9613,#6947,.T.);
#12246=EDGE_CURVE('',#9609,#9611,#6954,.T.);
#12248=EDGE_CURVE('',#9607,#9609,#6961,.T.);
#12250=EDGE_CURVE('',#9605,#9607,#6968,.T.);
#12252=EDGE_CURVE('',#9603,#9605,#6975,.T.);
#12254=EDGE_CURVE('',#9601,#9603,#6982,.T.);
#12256=EDGE_CURVE('',#9599,#9601,#6989,.T.);
#12258=EDGE_CURVE('',#9597,#9599,#6996,.T.);
#12260=EDGE_CURVE('',#9595,#9597,#7003,.T.);
#12262=EDGE_CURVE('',#9594,#9595,#7010,.T.);
#12266=ADVANCED_FACE('',(#12265),#12237,.T.);
#12284=EDGE_CURVE('',#10098,#10099,#7017,.T.);
#12286=EDGE_CURVE('',#10119,#10098,#7024,.T.);
#12288=EDGE_CURVE('',#10117,#10119,#7031,.T.);
#12290=EDGE_CURVE('',#10115,#10117,#7038,.T.);
#12292=EDGE_CURVE('',#10113,#10115,#7045,.T.);
#12294=EDGE_CURVE('',#10111,#10113,#7052,.T.);
#12296=EDGE_CURVE('',#10109,#10111,#7059,.T.);
#12298=EDGE_CURVE('',#10107,#10109,#7066,.T.);
#12300=EDGE_CURVE('',#10105,#10107,#7073,.T.);
#12302=EDGE_CURVE('',#10103,#10105,#7080,.T.);
#12304=EDGE_CURVE('',#10101,#10103,#7087,.T.);
#12306=EDGE_CURVE('',#10099,#10101,#7094,.T.);
#12310=ADVANCED_FACE('',(#12309),#12283,.T.);
#12328=EDGE_CURVE('',#10122,#10123,#7101,.T.);
#12330=EDGE_CURVE('',#10199,#10122,#7108,.T.);
#12332=EDGE_CURVE('',#10197,#10199,#7115,.T.);
#12334=EDGE_CURVE('',#10195,#10197,#7122,.T.);
#12336=EDGE_CURVE('',#10193,#10195,#7129,.T.);
#12338=EDGE_CURVE('',#10191,#10193,#7136,.T.);
#12340=EDGE_CURVE('',#10189,#10191,#7143,.T.);
#12342=EDGE_CURVE('',#10187,#10189,#7150,.T.);
#12344=EDGE_CURVE('',#10185,#10187,#7157,.T.);
#12346=EDGE_CURVE('',#10183,#10185,#7164,.T.);
#12348=EDGE_CURVE('',#10181,#10183,#7171,.T.);
#12350=EDGE_CURVE('',#10179,#10181,#7178,.T.);
#12352=EDGE_CURVE('',#10177,#10179,#7185,.T.);
#12354=EDGE_CURVE('',#10175,#10177,#7192,.T.);
#12356=EDGE_CURVE('',#10173,#10175,#7199,.T.);
#12358=EDGE_CURVE('',#10171,#10173,#7206,.T.);
#12360=EDGE_CURVE('',#10169,#10171,#7213,.T.);
#12362=EDGE_CURVE('',#10167,#10169,#7220,.T.);
#12364=EDGE_CURVE('',#10165,#10167,#7227,.T.);
#12366=EDGE_CURVE('',#10163,#10165,#7234,.T.);
#12368=EDGE_CURVE('',#10161,#10163,#7241,.T.);
#12370=EDGE_CURVE('',#10159,#10161,#7248,.T.);
#12372=EDGE_CURVE('',#10157,#10159,#7255,.T.);
#12374=EDGE_CURVE('',#10155,#10157,#7262,.T.);
#12376=EDGE_CURVE('',#10153,#10155,#7269,.T.);
#12378=EDGE_CURVE('',#10151,#10153,#7276,.T.);
#12380=EDGE_CURVE('',#10149,#10151,#7283,.T.);
#12382=EDGE_CURVE('',#10147,#10149,#7290,.T.);
#12384=EDGE_CURVE('',#10145,#10147,#7297,.T.);
#12386=EDGE_CURVE('',#10143,#10145,#7304,.T.);
#12388=EDGE_CURVE('',#10141,#10143,#7311,.T.);
#12390=EDGE_CURVE('',#10139,#10141,#7318,.T.);
#12392=EDGE_CURVE('',#10137,#10139,#7325,.T.);
#12394=EDGE_CURVE('',#10135,#10137,#7332,.T.);
#12396=EDGE_CURVE('',#10133,#10135,#7339,.T.);
#12398=EDGE_CURVE('',#10131,#10133,#7346,.T.);
#12400=EDGE_CURVE('',#10129,#10131,#7353,.T.);
#12402=EDGE_CURVE('',#10127,#10129,#7360,.T.);
#12404=EDGE_CURVE('',#10125,#10127,#7367,.T.);
#12406=EDGE_CURVE('',#10123,#10125,#7374,.T.);
#12410=ADVANCED_FACE('',(#12409),#12327,.T.);
#12429=EDGE_CURVE('',#10202,#9756,#7381,.T.);
#12432=EDGE_CURVE('',#10203,#9757,#7654,.T.);
#12436=ADVANCED_FACE('',(#12435),#12427,.T.);
#12443=EDGE_CURVE('',#10279,#9833,#7388,.T.);
#12449=ADVANCED_FACE('',(#12448),#12441,.T.);
#12456=EDGE_CURVE('',#10277,#9831,#7395,.T.);
#12462=ADVANCED_FACE('',(#12461),#12454,.T.);
#12469=EDGE_CURVE('',#10275,#9829,#7402,.T.);
#12475=ADVANCED_FACE('',(#12474),#12467,.T.);
#12482=EDGE_CURVE('',#10273,#9827,#7409,.T.);
#12488=ADVANCED_FACE('',(#12487),#12480,.T.);
#12495=EDGE_CURVE('',#10271,#9825,#7416,.T.);
#12501=ADVANCED_FACE('',(#12500),#12493,.T.);
#12508=EDGE_CURVE('',#10269,#9823,#7423,.T.);
#12514=ADVANCED_FACE('',(#12513),#12506,.T.);
#12521=EDGE_CURVE('',#10267,#9821,#7430,.T.);
#12527=ADVANCED_FACE('',(#12526),#12519,.T.);
#12534=EDGE_CURVE('',#10265,#9819,#7437,.T.);
#12540=ADVANCED_FACE('',(#12539),#12532,.T.);
#12547=EDGE_CURVE('',#10263,#9817,#7444,.T.);
#12553=ADVANCED_FACE('',(#12552),#12545,.T.);
#12560=EDGE_CURVE('',#10261,#9815,#7451,.T.);
#12566=ADVANCED_FACE('',(#12565),#12558,.T.);
#12573=EDGE_CURVE('',#10259,#9813,#7458,.T.);
#12579=ADVANCED_FACE('',(#12578),#12571,.T.);
#12586=EDGE_CURVE('',#10257,#9811,#7465,.T.);
#12592=ADVANCED_FACE('',(#12591),#12584,.T.);
#12599=EDGE_CURVE('',#10255,#9809,#7472,.T.);
#12605=ADVANCED_FACE('',(#12604),#12597,.T.);
#12612=EDGE_CURVE('',#10253,#9807,#7479,.T.);
#12618=ADVANCED_FACE('',(#12617),#12610,.T.);
#12625=EDGE_CURVE('',#10251,#9805,#7486,.T.);
#12631=ADVANCED_FACE('',(#12630),#12623,.T.);
#12638=EDGE_CURVE('',#10249,#9803,#7493,.T.);
#12644=ADVANCED_FACE('',(#12643),#12636,.T.);
#12651=EDGE_CURVE('',#10247,#9801,#7500,.T.);
#12657=ADVANCED_FACE('',(#12656),#12649,.T.);
#12664=EDGE_CURVE('',#10245,#9799,#7507,.T.);
#12670=ADVANCED_FACE('',(#12669),#12662,.T.);
#12677=EDGE_CURVE('',#10243,#9797,#7514,.T.);
#12683=ADVANCED_FACE('',(#12682),#12675,.T.);
#12690=EDGE_CURVE('',#10241,#9795,#7521,.T.);
#12696=ADVANCED_FACE('',(#12695),#12688,.T.);
#12703=EDGE_CURVE('',#10239,#9793,#7528,.T.);
#12709=ADVANCED_FACE('',(#12708),#12701,.T.);
#12716=EDGE_CURVE('',#10237,#9791,#7535,.T.);
#12722=ADVANCED_FACE('',(#12721),#12714,.T.);
#12729=EDGE_CURVE('',#10235,#9789,#7542,.T.);
#12735=ADVANCED_FACE('',(#12734),#12727,.T.);
#12742=EDGE_CURVE('',#10233,#9787,#7549,.T.);
#12748=ADVANCED_FACE('',(#12747),#12740,.T.);
#12755=EDGE_CURVE('',#10231,#9785,#7556,.T.);
#12761=ADVANCED_FACE('',(#12760),#12753,.T.);
#12768=EDGE_CURVE('',#10229,#9783,#7563,.T.);
#12774=ADVANCED_FACE('',(#12773),#12766,.T.);
#12781=EDGE_CURVE('',#10227,#9781,#7570,.T.);
#12787=ADVANCED_FACE('',(#12786),#12779,.T.);
#12794=EDGE_CURVE('',#10225,#9779,#7577,.T.);
#12800=ADVANCED_FACE('',(#12799),#12792,.T.);
#12807=EDGE_CURVE('',#10223,#9777,#7584,.T.);
#12813=ADVANCED_FACE('',(#12812),#12805,.T.);
#12820=EDGE_CURVE('',#10221,#9775,#7591,.T.);
#12826=ADVANCED_FACE('',(#12825),#12818,.T.);
#12833=EDGE_CURVE('',#10219,#9773,#7598,.T.);
#12839=ADVANCED_FACE('',(#12838),#12831,.T.);
#12846=EDGE_CURVE('',#10217,#9771,#7605,.T.);
#12852=ADVANCED_FACE('',(#12851),#12844,.T.);
#12859=EDGE_CURVE('',#10215,#9769,#7612,.T.);
#12865=ADVANCED_FACE('',(#12864),#12857,.T.);
#12872=EDGE_CURVE('',#10213,#9767,#7619,.T.);
#12878=ADVANCED_FACE('',(#12877),#12870,.T.);
#12885=EDGE_CURVE('',#10211,#9765,#7626,.T.);
#12891=ADVANCED_FACE('',(#12890),#12883,.T.);
#12898=EDGE_CURVE('',#10209,#9763,#7633,.T.);
#12904=ADVANCED_FACE('',(#12903),#12896,.T.);
#12911=EDGE_CURVE('',#10207,#9761,#7640,.T.);
#12917=ADVANCED_FACE('',(#12916),#12909,.T.);
#12924=EDGE_CURVE('',#10205,#9759,#7647,.T.);
#12930=ADVANCED_FACE('',(#12929),#12922,.T.);
#12942=ADVANCED_FACE('',(#12941),#12935,.T.);
#12949=EDGE_CURVE('',#10282,#9836,#7661,.T.);
#12952=EDGE_CURVE('',#10283,#9837,#7836,.T.);
#12956=ADVANCED_FACE('',(#12955),#12947,.T.);
#12963=EDGE_CURVE('',#10331,#9885,#7668,.T.);
#12969=ADVANCED_FACE('',(#12968),#12961,.T.);
#12976=EDGE_CURVE('',#10329,#9883,#7675,.T.);
#12982=ADVANCED_FACE('',(#12981),#12974,.T.);
#12989=EDGE_CURVE('',#10327,#9881,#7682,.T.);
#12995=ADVANCED_FACE('',(#12994),#12987,.T.);
#13002=EDGE_CURVE('',#10325,#9879,#7689,.T.);
#13008=ADVANCED_FACE('',(#13007),#13000,.T.);
#13015=EDGE_CURVE('',#10323,#9877,#7696,.T.);
#13021=ADVANCED_FACE('',(#13020),#13013,.T.);
#13028=EDGE_CURVE('',#10321,#9875,#7703,.T.);
#13034=ADVANCED_FACE('',(#13033),#13026,.T.);
#13041=EDGE_CURVE('',#10319,#9873,#7710,.T.);
#13047=ADVANCED_FACE('',(#13046),#13039,.T.);
#13054=EDGE_CURVE('',#10317,#9871,#7717,.T.);
#13060=ADVANCED_FACE('',(#13059),#13052,.T.);
#13067=EDGE_CURVE('',#10315,#9869,#7724,.T.);
#13073=ADVANCED_FACE('',(#13072),#13065,.T.);
#13080=EDGE_CURVE('',#10313,#9867,#7731,.T.);
#13086=ADVANCED_FACE('',(#13085),#13078,.T.);
#13093=EDGE_CURVE('',#10311,#9865,#7738,.T.);
#13099=ADVANCED_FACE('',(#13098),#13091,.T.);
#13106=EDGE_CURVE('',#10309,#9863,#7745,.T.);
#13112=ADVANCED_FACE('',(#13111),#13104,.T.);
#13119=EDGE_CURVE('',#10307,#9861,#7752,.T.);
#13125=ADVANCED_FACE('',(#13124),#13117,.T.);
#13132=EDGE_CURVE('',#10305,#9859,#7759,.T.);
#13138=ADVANCED_FACE('',(#13137),#13130,.T.);
#13145=EDGE_CURVE('',#10303,#9857,#7766,.T.);
#13151=ADVANCED_FACE('',(#13150),#13143,.T.);
#13158=EDGE_CURVE('',#10301,#9855,#7773,.T.);
#13164=ADVANCED_FACE('',(#13163),#13156,.T.);
#13171=EDGE_CURVE('',#10299,#9853,#7780,.T.);
#13177=ADVANCED_FACE('',(#13176),#13169,.T.);
#13184=EDGE_CURVE('',#10297,#9851,#7787,.T.);
#13190=ADVANCED_FACE('',(#13189),#13182,.T.);
#13197=EDGE_CURVE('',#10295,#9849,#7794,.T.);
#13203=ADVANCED_FACE('',(#13202),#13195,.T.);
#13210=EDGE_CURVE('',#10293,#9847,#7801,.T.);
#13216=ADVANCED_FACE('',(#13215),#13208,.T.);
#13223=EDGE_CURVE('',#10291,#9845,#7808,.T.);
#13229=ADVANCED_FACE('',(#13228),#13221,.T.);
#13236=EDGE_CURVE('',#10289,#9843,#7815,.T.);
#13242=ADVANCED_FACE('',(#13241),#13234,.T.);
#13249=EDGE_CURVE('',#10287,#9841,#7822,.T.);
#13255=ADVANCED_FACE('',(#13254),#13247,.T.);
#13262=EDGE_CURVE('',#10285,#9839,#7829,.T.);
#13268=ADVANCED_FACE('',(#13267),#13260,.T.);
#13280=ADVANCED_FACE('',(#13279),#13273,.T.);
#13287=EDGE_CURVE('',#10334,#9888,#7843,.T.);
#13290=EDGE_CURVE('',#10335,#9889,#7962,.T.);
#13294=ADVANCED_FACE('',(#13293),#13285,.T.);
#13301=EDGE_CURVE('',#10367,#9921,#7850,.T.);
#13307=ADVANCED_FACE('',(#13306),#13299,.T.);
#13314=EDGE_CURVE('',#10365,#9919,#7857,.T.);
#13320=ADVANCED_FACE('',(#13319),#13312,.T.);
#13327=EDGE_CURVE('',#10363,#9917,#7864,.T.);
#13333=ADVANCED_FACE('',(#13332),#13325,.T.);
#13340=EDGE_CURVE('',#10361,#9915,#7871,.T.);
#13346=ADVANCED_FACE('',(#13345),#13338,.T.);
#13353=EDGE_CURVE('',#10359,#9913,#7878,.T.);
#13359=ADVANCED_FACE('',(#13358),#13351,.T.);
#13366=EDGE_CURVE('',#10357,#9911,#7885,.T.);
#13372=ADVANCED_FACE('',(#13371),#13364,.T.);
#13379=EDGE_CURVE('',#10355,#9909,#7892,.T.);
#13385=ADVANCED_FACE('',(#13384),#13377,.T.);
#13392=EDGE_CURVE('',#10353,#9907,#7899,.T.);
#13398=ADVANCED_FACE('',(#13397),#13390,.T.);
#13405=EDGE_CURVE('',#10351,#9905,#7906,.T.);
#13411=ADVANCED_FACE('',(#13410),#13403,.T.);
#13418=EDGE_CURVE('',#10349,#9903,#7913,.T.);
#13424=ADVANCED_FACE('',(#13423),#13416,.T.);
#13431=EDGE_CURVE('',#10347,#9901,#7920,.T.);
#13437=ADVANCED_FACE('',(#13436),#13429,.T.);
#13444=EDGE_CURVE('',#10345,#9899,#7927,.T.);
#13450=ADVANCED_FACE('',(#13449),#13442,.T.);
#13457=EDGE_CURVE('',#10343,#9897,#7934,.T.);
#13463=ADVANCED_FACE('',(#13462),#13455,.T.);
#13470=EDGE_CURVE('',#10341,#9895,#7941,.T.);
#13476=ADVANCED_FACE('',(#13475),#13468,.T.);
#13483=EDGE_CURVE('',#10339,#9893,#7948,.T.);
#13489=ADVANCED_FACE('',(#13488),#13481,.T.);
#13496=EDGE_CURVE('',#10337,#9891,#7955,.T.);
#13502=ADVANCED_FACE('',(#13501),#13494,.T.);
#13514=ADVANCED_FACE('',(#13513),#13507,.T.);
#13521=EDGE_CURVE('',#10370,#9924,#7969,.T.);
#13524=EDGE_CURVE('',#10371,#9925,#8144,.T.);
#13528=ADVANCED_FACE('',(#13527),#13519,.T.);
#13535=EDGE_CURVE('',#10419,#9973,#7976,.T.);
#13541=ADVANCED_FACE('',(#13540),#13533,.T.);
#13548=EDGE_CURVE('',#10417,#9971,#7983,.T.);
#13554=ADVANCED_FACE('',(#13553),#13546,.T.);
#13561=EDGE_CURVE('',#10415,#9969,#7990,.T.);
#13567=ADVANCED_FACE('',(#13566),#13559,.T.);
#13574=EDGE_CURVE('',#10413,#9967,#7997,.T.);
#13580=ADVANCED_FACE('',(#13579),#13572,.T.);
#13587=EDGE_CURVE('',#10411,#9965,#8004,.T.);
#13593=ADVANCED_FACE('',(#13592),#13585,.T.);
#13600=EDGE_CURVE('',#10409,#9963,#8011,.T.);
#13606=ADVANCED_FACE('',(#13605),#13598,.T.);
#13613=EDGE_CURVE('',#10407,#9961,#8018,.T.);
#13619=ADVANCED_FACE('',(#13618),#13611,.T.);
#13626=EDGE_CURVE('',#10405,#9959,#8025,.T.);
#13632=ADVANCED_FACE('',(#13631),#13624,.T.);
#13639=EDGE_CURVE('',#10403,#9957,#8032,.T.);
#13645=ADVANCED_FACE('',(#13644),#13637,.T.);
#13652=EDGE_CURVE('',#10401,#9955,#8039,.T.);
#13658=ADVANCED_FACE('',(#13657),#13650,.T.);
#13665=EDGE_CURVE('',#10399,#9953,#8046,.T.);
#13671=ADVANCED_FACE('',(#13670),#13663,.T.);
#13678=EDGE_CURVE('',#10397,#9951,#8053,.T.);
#13684=ADVANCED_FACE('',(#13683),#13676,.T.);
#13691=EDGE_CURVE('',#10395,#9949,#8060,.T.);
#13697=ADVANCED_FACE('',(#13696),#13689,.T.);
#13704=EDGE_CURVE('',#10393,#9947,#8067,.T.);
#13710=ADVANCED_FACE('',(#13709),#13702,.T.);
#13717=EDGE_CURVE('',#10391,#9945,#8074,.T.);
#13723=ADVANCED_FACE('',(#13722),#13715,.T.);
#13730=EDGE_CURVE('',#10389,#9943,#8081,.T.);
#13736=ADVANCED_FACE('',(#13735),#13728,.T.);
#13743=EDGE_CURVE('',#10387,#9941,#8088,.T.);
#13749=ADVANCED_FACE('',(#13748),#13741,.T.);
#13756=EDGE_CURVE('',#10385,#9939,#8095,.T.);
#13762=ADVANCED_FACE('',(#13761),#13754,.T.);
#13769=EDGE_CURVE('',#10383,#9937,#8102,.T.);
#13775=ADVANCED_FACE('',(#13774),#13767,.T.);
#13782=EDGE_CURVE('',#10381,#9935,#8109,.T.);
#13788=ADVANCED_FACE('',(#13787),#13780,.T.);
#13795=EDGE_CURVE('',#10379,#9933,#8116,.T.);
#13801=ADVANCED_FACE('',(#13800),#13793,.T.);
#13808=EDGE_CURVE('',#10377,#9931,#8123,.T.);
#13814=ADVANCED_FACE('',(#13813),#13806,.T.);
#13821=EDGE_CURVE('',#10375,#9929,#8130,.T.);
#13827=ADVANCED_FACE('',(#13826),#13819,.T.);
#13834=EDGE_CURVE('',#10373,#9927,#8137,.T.);
#13840=ADVANCED_FACE('',(#13839),#13832,.T.);
#13852=ADVANCED_FACE('',(#13851),#13845,.T.);
#13859=EDGE_CURVE('',#10422,#9976,#8151,.T.);
#13862=EDGE_CURVE('',#10423,#9977,#8270,.T.);
#13866=ADVANCED_FACE('',(#13865),#13857,.T.);
#13873=EDGE_CURVE('',#10455,#10009,#8158,.T.);
#13879=ADVANCED_FACE('',(#13878),#13871,.T.);
#13886=EDGE_CURVE('',#10453,#10007,#8165,.T.);
#13892=ADVANCED_FACE('',(#13891),#13884,.T.);
#13899=EDGE_CURVE('',#10451,#10005,#8172,.T.);
#13905=ADVANCED_FACE('',(#13904),#13897,.T.);
#13912=EDGE_CURVE('',#10449,#10003,#8179,.T.);
#13918=ADVANCED_FACE('',(#13917),#13910,.T.);
#13925=EDGE_CURVE('',#10447,#10001,#8186,.T.);
#13931=ADVANCED_FACE('',(#13930),#13923,.T.);
#13938=EDGE_CURVE('',#10445,#9999,#8193,.T.);
#13944=ADVANCED_FACE('',(#13943),#13936,.T.);
#13951=EDGE_CURVE('',#10443,#9997,#8200,.T.);
#13957=ADVANCED_FACE('',(#13956),#13949,.T.);
#13964=EDGE_CURVE('',#10441,#9995,#8207,.T.);
#13970=ADVANCED_FACE('',(#13969),#13962,.T.);
#13977=EDGE_CURVE('',#10439,#9993,#8214,.T.);
#13983=ADVANCED_FACE('',(#13982),#13975,.T.);
#13990=EDGE_CURVE('',#10437,#9991,#8221,.T.);
#13996=ADVANCED_FACE('',(#13995),#13988,.T.);
#14003=EDGE_CURVE('',#10435,#9989,#8228,.T.);
#14009=ADVANCED_FACE('',(#14008),#14001,.T.);
#14016=EDGE_CURVE('',#10433,#9987,#8235,.T.);
#14022=ADVANCED_FACE('',(#14021),#14014,.T.);
#14029=EDGE_CURVE('',#10431,#9985,#8242,.T.);
#14035=ADVANCED_FACE('',(#14034),#14027,.T.);
#14042=EDGE_CURVE('',#10429,#9983,#8249,.T.);
#14048=ADVANCED_FACE('',(#14047),#14040,.T.);
#14055=EDGE_CURVE('',#10427,#9981,#8256,.T.);
#14061=ADVANCED_FACE('',(#14060),#14053,.T.);
#14068=EDGE_CURVE('',#10425,#9979,#8263,.T.);
#14074=ADVANCED_FACE('',(#14073),#14066,.T.);
#14086=ADVANCED_FACE('',(#14085),#14079,.T.);
#14093=EDGE_CURVE('',#9635,#9499,#8277,.T.);
#14096=EDGE_CURVE('',#9711,#9575,#8550,.T.);
#14100=ADVANCED_FACE('',(#14099),#14091,.T.);
#14107=EDGE_CURVE('',#9634,#9498,#8284,.T.);
#14113=ADVANCED_FACE('',(#14112),#14105,.T.);
#14120=EDGE_CURVE('',#9637,#9501,#8291,.T.);
#14126=ADVANCED_FACE('',(#14125),#14118,.T.);
#14133=EDGE_CURVE('',#9639,#9503,#8298,.T.);
#14139=ADVANCED_FACE('',(#14138),#14131,.T.);
#14146=EDGE_CURVE('',#9641,#9505,#8305,.T.);
#14152=ADVANCED_FACE('',(#14151),#14144,.T.);
#14159=EDGE_CURVE('',#9643,#9507,#8312,.T.);
#14165=ADVANCED_FACE('',(#14164),#14157,.T.);
#14172=EDGE_CURVE('',#9645,#9509,#8319,.T.);
#14178=ADVANCED_FACE('',(#14177),#14170,.T.);
#14185=EDGE_CURVE('',#9647,#9511,#8326,.T.);
#14191=ADVANCED_FACE('',(#14190),#14183,.T.);
#14198=EDGE_CURVE('',#9649,#9513,#8333,.T.);
#14204=ADVANCED_FACE('',(#14203),#14196,.T.);
#14211=EDGE_CURVE('',#9651,#9515,#8340,.T.);
#14217=ADVANCED_FACE('',(#14216),#14209,.T.);
#14224=EDGE_CURVE('',#9653,#9517,#8347,.T.);
#14230=ADVANCED_FACE('',(#14229),#14222,.T.);
#14237=EDGE_CURVE('',#9655,#9519,#8354,.T.);
#14243=ADVANCED_FACE('',(#14242),#14235,.T.);
#14250=EDGE_CURVE('',#9657,#9521,#8361,.T.);
#14256=ADVANCED_FACE('',(#14255),#14248,.T.);
#14263=EDGE_CURVE('',#9659,#9523,#8368,.T.);
#14269=ADVANCED_FACE('',(#14268),#14261,.T.);
#14276=EDGE_CURVE('',#9661,#9525,#8375,.T.);
#14282=ADVANCED_FACE('',(#14281),#14274,.T.);
#14289=EDGE_CURVE('',#9663,#9527,#8382,.T.);
#14295=ADVANCED_FACE('',(#14294),#14287,.T.);
#14302=EDGE_CURVE('',#9665,#9529,#8389,.T.);
#14308=ADVANCED_FACE('',(#14307),#14300,.T.);
#14315=EDGE_CURVE('',#9667,#9531,#8396,.T.);
#14321=ADVANCED_FACE('',(#14320),#14313,.T.);
#14328=EDGE_CURVE('',#9669,#9533,#8403,.T.);
#14334=ADVANCED_FACE('',(#14333),#14326,.T.);
#14341=EDGE_CURVE('',#9671,#9535,#8410,.T.);
#14347=ADVANCED_FACE('',(#14346),#14339,.T.);
#14354=EDGE_CURVE('',#9673,#9537,#8417,.T.);
#14360=ADVANCED_FACE('',(#14359),#14352,.T.);
#14367=EDGE_CURVE('',#9675,#9539,#8424,.T.);
#14373=ADVANCED_FACE('',(#14372),#14365,.T.);
#14380=EDGE_CURVE('',#9677,#9541,#8431,.T.);
#14386=ADVANCED_FACE('',(#14385),#14378,.T.);
#14393=EDGE_CURVE('',#9679,#9543,#8438,.T.);
#14399=ADVANCED_FACE('',(#14398),#14391,.T.);
#14406=EDGE_CURVE('',#9681,#9545,#8445,.T.);
#14412=ADVANCED_FACE('',(#14411),#14404,.T.);
#14419=EDGE_CURVE('',#9683,#9547,#8452,.T.);
#14425=ADVANCED_FACE('',(#14424),#14417,.T.);
#14432=EDGE_CURVE('',#9685,#9549,#8459,.T.);
#14438=ADVANCED_FACE('',(#14437),#14430,.T.);
#14445=EDGE_CURVE('',#9687,#9551,#8466,.T.);
#14451=ADVANCED_FACE('',(#14450),#14443,.T.);
#14458=EDGE_CURVE('',#9689,#9553,#8473,.T.);
#14464=ADVANCED_FACE('',(#14463),#14456,.T.);
#14471=EDGE_CURVE('',#9691,#9555,#8480,.T.);
#14477=ADVANCED_FACE('',(#14476),#14469,.T.);
#14484=EDGE_CURVE('',#9693,#9557,#8487,.T.);
#14490=ADVANCED_FACE('',(#14489),#14482,.T.);
#14497=EDGE_CURVE('',#9695,#9559,#8494,.T.);
#14503=ADVANCED_FACE('',(#14502),#14495,.T.);
#14510=EDGE_CURVE('',#9697,#9561,#8501,.T.);
#14516=ADVANCED_FACE('',(#14515),#14508,.T.);
#14523=EDGE_CURVE('',#9699,#9563,#8508,.T.);
#14529=ADVANCED_FACE('',(#14528),#14521,.T.);
#14536=EDGE_CURVE('',#9701,#9565,#8515,.T.);
#14542=ADVANCED_FACE('',(#14541),#14534,.T.);
#14549=EDGE_CURVE('',#9703,#9567,#8522,.T.);
#14555=ADVANCED_FACE('',(#14554),#14547,.T.);
#14562=EDGE_CURVE('',#9705,#9569,#8529,.T.);
#14568=ADVANCED_FACE('',(#14567),#14560,.T.);
#14575=EDGE_CURVE('',#9707,#9571,#8536,.T.);
#14581=ADVANCED_FACE('',(#14580),#14573,.T.);
#14588=EDGE_CURVE('',#9709,#9573,#8543,.T.);
#14594=ADVANCED_FACE('',(#14593),#14586,.T.);
#14606=ADVANCED_FACE('',(#14605),#14599,.T.);
#14613=EDGE_CURVE('',#9714,#9578,#8557,.T.);
#14616=EDGE_CURVE('',#9715,#9579,#8732,.T.);
#14620=ADVANCED_FACE('',(#14619),#14611,.T.);
#14627=EDGE_CURVE('',#10491,#10045,#8564,.T.);
#14633=ADVANCED_FACE('',(#14632),#14625,.T.);
#14640=EDGE_CURVE('',#10489,#10043,#8571,.T.);
#14646=ADVANCED_FACE('',(#14645),#14638,.T.);
#14653=EDGE_CURVE('',#10487,#10041,#8578,.T.);
#14659=ADVANCED_FACE('',(#14658),#14651,.T.);
#14666=EDGE_CURVE('',#10485,#10039,#8585,.T.);
#14672=ADVANCED_FACE('',(#14671),#14664,.T.);
#14679=EDGE_CURVE('',#10483,#10037,#8592,.T.);
#14685=ADVANCED_FACE('',(#14684),#14677,.T.);
#14692=EDGE_CURVE('',#10481,#10035,#8599,.T.);
#14698=ADVANCED_FACE('',(#14697),#14690,.T.);
#14705=EDGE_CURVE('',#10479,#10033,#8606,.T.);
#14711=ADVANCED_FACE('',(#14710),#14703,.T.);
#14718=EDGE_CURVE('',#10477,#10031,#8613,.T.);
#14724=ADVANCED_FACE('',(#14723),#14716,.T.);
#14731=EDGE_CURVE('',#10475,#10029,#8620,.T.);
#14737=ADVANCED_FACE('',(#14736),#14729,.T.);
#14744=EDGE_CURVE('',#10473,#10027,#8627,.T.);
#14750=ADVANCED_FACE('',(#14749),#14742,.T.);
#14757=EDGE_CURVE('',#10471,#10025,#8634,.T.);
#14763=ADVANCED_FACE('',(#14762),#14755,.T.);
#14770=EDGE_CURVE('',#10469,#10023,#8641,.T.);
#14776=ADVANCED_FACE('',(#14775),#14768,.T.);
#14783=EDGE_CURVE('',#10467,#10021,#8648,.T.);
#14789=ADVANCED_FACE('',(#14788),#14781,.T.);
#14796=EDGE_CURVE('',#10465,#10019,#8655,.T.);
#14802=ADVANCED_FACE('',(#14801),#14794,.T.);
#14809=EDGE_CURVE('',#10463,#10017,#8662,.T.);
#14815=ADVANCED_FACE('',(#14814),#14807,.T.);
#14822=EDGE_CURVE('',#10461,#10015,#8669,.T.);
#14828=ADVANCED_FACE('',(#14827),#14820,.T.);
#14835=EDGE_CURVE('',#10459,#10013,#8676,.T.);
#14841=ADVANCED_FACE('',(#14840),#14833,.T.);
#14848=EDGE_CURVE('',#10457,#10011,#8683,.T.);
#14854=ADVANCED_FACE('',(#14853),#14846,.T.);
#14861=EDGE_CURVE('',#9727,#9591,#8690,.T.);
#14867=ADVANCED_FACE('',(#14866),#14859,.T.);
#14874=EDGE_CURVE('',#9725,#9589,#8697,.T.);
#14880=ADVANCED_FACE('',(#14879),#14872,.T.);
#14887=EDGE_CURVE('',#9723,#9587,#8704,.T.);
#14893=ADVANCED_FACE('',(#14892),#14885,.T.);
#14900=EDGE_CURVE('',#9721,#9585,#8711,.T.);
#14906=ADVANCED_FACE('',(#14905),#14898,.T.);
#14913=EDGE_CURVE('',#9719,#9583,#8718,.T.);
#14919=ADVANCED_FACE('',(#14918),#14911,.T.);
#14926=EDGE_CURVE('',#9717,#9581,#8725,.T.);
#14932=ADVANCED_FACE('',(#14931),#14924,.T.);
#14944=ADVANCED_FACE('',(#14943),#14937,.T.);
#14951=EDGE_CURVE('',#10494,#10048,#8739,.T.);
#14954=EDGE_CURVE('',#10495,#10049,#8858,.T.);
#14958=ADVANCED_FACE('',(#14957),#14949,.T.);
#14965=EDGE_CURVE('',#10527,#10081,#8746,.T.);
#14971=ADVANCED_FACE('',(#14970),#14963,.T.);
#14978=EDGE_CURVE('',#10525,#10079,#8753,.T.);
#14984=ADVANCED_FACE('',(#14983),#14976,.T.);
#14991=EDGE_CURVE('',#10523,#10077,#8760,.T.);
#14997=ADVANCED_FACE('',(#14996),#14989,.T.);
#15004=EDGE_CURVE('',#10521,#10075,#8767,.T.);
#15010=ADVANCED_FACE('',(#15009),#15002,.T.);
#15017=EDGE_CURVE('',#10519,#10073,#8774,.T.);
#15023=ADVANCED_FACE('',(#15022),#15015,.T.);
#15030=EDGE_CURVE('',#10517,#10071,#8781,.T.);
#15036=ADVANCED_FACE('',(#15035),#15028,.T.);
#15043=EDGE_CURVE('',#10515,#10069,#8788,.T.);
#15049=ADVANCED_FACE('',(#15048),#15041,.T.);
#15056=EDGE_CURVE('',#10513,#10067,#8795,.T.);
#15062=ADVANCED_FACE('',(#15061),#15054,.T.);
#15069=EDGE_CURVE('',#10511,#10065,#8802,.T.);
#15075=ADVANCED_FACE('',(#15074),#15067,.T.);
#15082=EDGE_CURVE('',#10509,#10063,#8809,.T.);
#15088=ADVANCED_FACE('',(#15087),#15080,.T.);
#15095=EDGE_CURVE('',#10507,#10061,#8816,.T.);
#15101=ADVANCED_FACE('',(#15100),#15093,.T.);
#15108=EDGE_CURVE('',#10505,#10059,#8823,.T.);
#15114=ADVANCED_FACE('',(#15113),#15106,.T.);
#15121=EDGE_CURVE('',#10503,#10057,#8830,.T.);
#15127=ADVANCED_FACE('',(#15126),#15119,.T.);
#15134=EDGE_CURVE('',#10501,#10055,#8837,.T.);
#15140=ADVANCED_FACE('',(#15139),#15132,.T.);
#15147=EDGE_CURVE('',#10499,#10053,#8844,.T.);
#15153=ADVANCED_FACE('',(#15152),#15145,.T.);
#15160=EDGE_CURVE('',#10497,#10051,#8851,.T.);
#15166=ADVANCED_FACE('',(#15165),#15158,.T.);
#15178=ADVANCED_FACE('',(#15177),#15171,.T.);
#15185=EDGE_CURVE('',#10530,#10084,#8865,.T.);
#15188=EDGE_CURVE('',#10531,#10085,#8907,.T.);
#15192=ADVANCED_FACE('',(#15191),#15183,.T.);
#15199=EDGE_CURVE('',#10541,#10095,#8872,.T.);
#15205=ADVANCED_FACE('',(#15204),#15197,.T.);
#15212=EDGE_CURVE('',#10539,#10093,#8879,.T.);
#15218=ADVANCED_FACE('',(#15217),#15210,.T.);
#15225=EDGE_CURVE('',#10537,#10091,#8886,.T.);
#15231=ADVANCED_FACE('',(#15230),#15223,.T.);
#15238=EDGE_CURVE('',#10535,#10089,#8893,.T.);
#15244=ADVANCED_FACE('',(#15243),#15236,.T.);
#15251=EDGE_CURVE('',#10533,#10087,#8900,.T.);
#15257=ADVANCED_FACE('',(#15256),#15249,.T.);
#15269=ADVANCED_FACE('',(#15268),#15262,.T.);
#15276=EDGE_CURVE('',#9753,#9617,#8914,.T.);
#15279=EDGE_CURVE('',#9730,#9594,#8998,.T.);
#15283=ADVANCED_FACE('',(#15282),#15274,.T.);
#15290=EDGE_CURVE('',#9751,#9615,#8921,.T.);
#15296=ADVANCED_FACE('',(#15295),#15288,.T.);
#15303=EDGE_CURVE('',#9749,#9613,#8928,.T.);
#15309=ADVANCED_FACE('',(#15308),#15301,.T.);
#15316=EDGE_CURVE('',#9747,#9611,#8935,.T.);
#15322=ADVANCED_FACE('',(#15321),#15314,.T.);
#15329=EDGE_CURVE('',#9745,#9609,#8942,.T.);
#15335=ADVANCED_FACE('',(#15334),#15327,.T.);
#15342=EDGE_CURVE('',#9743,#9607,#8949,.T.);
#15348=ADVANCED_FACE('',(#15347),#15340,.T.);
#15355=EDGE_CURVE('',#9741,#9605,#8956,.T.);
#15361=ADVANCED_FACE('',(#15360),#15353,.T.);
#15368=EDGE_CURVE('',#9739,#9603,#8963,.T.);
#15374=ADVANCED_FACE('',(#15373),#15366,.T.);
#15381=EDGE_CURVE('',#9737,#9601,#8970,.T.);
#15387=ADVANCED_FACE('',(#15386),#15379,.T.);
#15394=EDGE_CURVE('',#9735,#9599,#8977,.T.);
#15400=ADVANCED_FACE('',(#15399),#15392,.T.);
#15407=EDGE_CURVE('',#9733,#9597,#8984,.T.);
#15413=ADVANCED_FACE('',(#15412),#15405,.T.);
#15420=EDGE_CURVE('',#9731,#9595,#8991,.T.);
#15426=ADVANCED_FACE('',(#15425),#15418,.T.);
#15438=ADVANCED_FACE('',(#15437),#15431,.T.);
#15445=EDGE_CURVE('',#10544,#10098,#9005,.T.);
#15448=EDGE_CURVE('',#10545,#10099,#9082,.T.);
#15452=ADVANCED_FACE('',(#15451),#15443,.T.);
#15459=EDGE_CURVE('',#10565,#10119,#9012,.T.);
#15465=ADVANCED_FACE('',(#15464),#15457,.T.);
#15472=EDGE_CURVE('',#10563,#10117,#9019,.T.);
#15478=ADVANCED_FACE('',(#15477),#15470,.T.);
#15485=EDGE_CURVE('',#10561,#10115,#9026,.T.);
#15491=ADVANCED_FACE('',(#15490),#15483,.T.);
#15498=EDGE_CURVE('',#10559,#10113,#9033,.T.);
#15504=ADVANCED_FACE('',(#15503),#15496,.T.);
#15511=EDGE_CURVE('',#10557,#10111,#9040,.T.);
#15517=ADVANCED_FACE('',(#15516),#15509,.T.);
#15524=EDGE_CURVE('',#10555,#10109,#9047,.T.);
#15530=ADVANCED_FACE('',(#15529),#15522,.T.);
#15537=EDGE_CURVE('',#10553,#10107,#9054,.T.);
#15543=ADVANCED_FACE('',(#15542),#15535,.T.);
#15550=EDGE_CURVE('',#10551,#10105,#9061,.T.);
#15556=ADVANCED_FACE('',(#15555),#15548,.T.);
#15563=EDGE_CURVE('',#10549,#10103,#9068,.T.);
#15569=ADVANCED_FACE('',(#15568),#15561,.T.);
#15576=EDGE_CURVE('',#10547,#10101,#9075,.T.);
#15582=ADVANCED_FACE('',(#15581),#15574,.T.);
#15594=ADVANCED_FACE('',(#15593),#15587,.T.);
#15601=EDGE_CURVE('',#10568,#10122,#9089,.T.);
#15604=EDGE_CURVE('',#10569,#10123,#9362,.T.);
#15608=ADVANCED_FACE('',(#15607),#15599,.T.);
#15615=EDGE_CURVE('',#10645,#10199,#9096,.T.);
#15621=ADVANCED_FACE('',(#15620),#15613,.T.);
#15628=EDGE_CURVE('',#10643,#10197,#9103,.T.);
#15634=ADVANCED_FACE('',(#15633),#15626,.T.);
#15641=EDGE_CURVE('',#10641,#10195,#9110,.T.);
#15647=ADVANCED_FACE('',(#15646),#15639,.T.);
#15654=EDGE_CURVE('',#10639,#10193,#9117,.T.);
#15660=ADVANCED_FACE('',(#15659),#15652,.T.);
#15667=EDGE_CURVE('',#10637,#10191,#9124,.T.);
#15673=ADVANCED_FACE('',(#15672),#15665,.T.);
#15680=EDGE_CURVE('',#10635,#10189,#9131,.T.);
#15686=ADVANCED_FACE('',(#15685),#15678,.T.);
#15693=EDGE_CURVE('',#10633,#10187,#9138,.T.);
#15699=ADVANCED_FACE('',(#15698),#15691,.T.);
#15706=EDGE_CURVE('',#10631,#10185,#9145,.T.);
#15712=ADVANCED_FACE('',(#15711),#15704,.T.);
#15719=EDGE_CURVE('',#10629,#10183,#9152,.T.);
#15725=ADVANCED_FACE('',(#15724),#15717,.T.);
#15732=EDGE_CURVE('',#10627,#10181,#9159,.T.);
#15738=ADVANCED_FACE('',(#15737),#15730,.T.);
#15745=EDGE_CURVE('',#10625,#10179,#9166,.T.);
#15751=ADVANCED_FACE('',(#15750),#15743,.T.);
#15758=EDGE_CURVE('',#10623,#10177,#9173,.T.);
#15764=ADVANCED_FACE('',(#15763),#15756,.T.);
#15771=EDGE_CURVE('',#10621,#10175,#9180,.T.);
#15777=ADVANCED_FACE('',(#15776),#15769,.T.);
#15784=EDGE_CURVE('',#10619,#10173,#9187,.T.);
#15790=ADVANCED_FACE('',(#15789),#15782,.T.);
#15797=EDGE_CURVE('',#10617,#10171,#9194,.T.);
#15803=ADVANCED_FACE('',(#15802),#15795,.T.);
#15810=EDGE_CURVE('',#10615,#10169,#9201,.T.);
#15816=ADVANCED_FACE('',(#15815),#15808,.T.);
#15823=EDGE_CURVE('',#10613,#10167,#9208,.T.);
#15829=ADVANCED_FACE('',(#15828),#15821,.T.);
#15836=EDGE_CURVE('',#10611,#10165,#9215,.T.);
#15842=ADVANCED_FACE('',(#15841),#15834,.T.);
#15849=EDGE_CURVE('',#10609,#10163,#9222,.T.);
#15855=ADVANCED_FACE('',(#15854),#15847,.T.);
#15862=EDGE_CURVE('',#10607,#10161,#9229,.T.);
#15868=ADVANCED_FACE('',(#15867),#15860,.T.);
#15875=EDGE_CURVE('',#10605,#10159,#9236,.T.);
#15881=ADVANCED_FACE('',(#15880),#15873,.T.);
#15888=EDGE_CURVE('',#10603,#10157,#9243,.T.);
#15894=ADVANCED_FACE('',(#15893),#15886,.T.);
#15901=EDGE_CURVE('',#10601,#10155,#9250,.T.);
#15907=ADVANCED_FACE('',(#15906),#15899,.T.);
#15914=EDGE_CURVE('',#10599,#10153,#9257,.T.);
#15920=ADVANCED_FACE('',(#15919),#15912,.T.);
#15927=EDGE_CURVE('',#10597,#10151,#9264,.T.);
#15933=ADVANCED_FACE('',(#15932),#15925,.T.);
#15940=EDGE_CURVE('',#10595,#10149,#9271,.T.);
#15946=ADVANCED_FACE('',(#15945),#15938,.T.);
#15953=EDGE_CURVE('',#10593,#10147,#9278,.T.);
#15959=ADVANCED_FACE('',(#15958),#15951,.T.);
#15966=EDGE_CURVE('',#10591,#10145,#9285,.T.);
#15972=ADVANCED_FACE('',(#15971),#15964,.T.);
#15979=EDGE_CURVE('',#10589,#10143,#9292,.T.);
#15985=ADVANCED_FACE('',(#15984),#15977,.T.);
#15992=EDGE_CURVE('',#10587,#10141,#9299,.T.);
#15998=ADVANCED_FACE('',(#15997),#15990,.T.);
#16005=EDGE_CURVE('',#10585,#10139,#9306,.T.);
#16011=ADVANCED_FACE('',(#16010),#16003,.T.);
#16018=EDGE_CURVE('',#10583,#10137,#9313,.T.);
#16024=ADVANCED_FACE('',(#16023),#16016,.T.);
#16031=EDGE_CURVE('',#10581,#10135,#9320,.T.);
#16037=ADVANCED_FACE('',(#16036),#16029,.T.);
#16044=EDGE_CURVE('',#10579,#10133,#9327,.T.);
#16050=ADVANCED_FACE('',(#16049),#16042,.T.);
#16057=EDGE_CURVE('',#10577,#10131,#9334,.T.);
#16063=ADVANCED_FACE('',(#16062),#16055,.T.);
#16070=EDGE_CURVE('',#10575,#10129,#9341,.T.);
#16076=ADVANCED_FACE('',(#16075),#16068,.T.);
#16083=EDGE_CURVE('',#10573,#10127,#9348,.T.);
#16089=ADVANCED_FACE('',(#16088),#16081,.T.);
#16096=EDGE_CURVE('',#10571,#10125,#9355,.T.);
#16102=ADVANCED_FACE('',(#16101),#16094,.T.);
#16114=ADVANCED_FACE('',(#16113),#16107,.T.);
#16121=EDGE_CURVE('',#9452,#9456,#9378,.T.);
#16123=EDGE_CURVE('',#9457,#9456,#9418,.T.);
#16125=EDGE_CURVE('',#9453,#9457,#9370,.T.);
#16129=ADVANCED_FACE('',(#16128),#16119,.T.);
#16137=EDGE_CURVE('',#9456,#9457,#9394,.T.);
#16142=ADVANCED_FACE('',(#16141),#16134,.T.);
#16149=EDGE_CURVE('',#9456,#9449,#9426,.T.);
#16152=EDGE_CURVE('',#9457,#9448,#9410,.T.);
#16156=ADVANCED_FACE('',(#16155),#16147,.F.);
#16168=ADVANCED_FACE('',(#16167),#16161,.F.);
#16177=(LENGTH_UNIT()NAMED_UNIT(*)SI_UNIT(.MILLI.,.METRE.));
#16178=(NAMED_UNIT(*)PLANE_ANGLE_UNIT()SI_UNIT($,.RADIAN.));
#16181=(NAMED_UNIT(*)SI_UNIT($,.STERADIAN.)SOLID_ANGLE_UNIT());
#16183=(GEOMETRIC_REPRESENTATION_CONTEXT(3)GLOBAL_UNCERTAINTY_ASSIGNED_CONTEXT((
#16182))GLOBAL_UNIT_ASSIGNED_CONTEXT((#16177,#16180,#16181))REPRESENTATION_CONTEXT('ID2','3'));
#16187=AXIS2_PLACEMENT_3D('',#16184,#16185,#16186);
#16188=ADVANCED_BREP_SHAPE_REPRESENTATION('',(#16187,#16170),#16183);
#16192=PRODUCT_DEFINITION('part definition','',#16191,#2907);
#16193=PRODUCT_DEFINITION_SHAPE('','SHAPE FOR 03-000.',#16192);
#16194=SHAPE_ASPECT('','solid data associated with 03-000',#16193,.F.);
#16195=PROPERTY_DEFINITION('',
'shape for solid data with which properties are associated',#16194);
#16196=SHAPE_REPRESENTATION('',(#16170),#16183);
#16197=SHAPE_DEFINITION_REPRESENTATION(#16195,#16196);
#16198=(LENGTH_UNIT()NAMED_UNIT(*)SI_UNIT(.MILLI.,.METRE.));
#16202=PROPERTY_DEFINITION('geometric validation property','area of 03-000',
#16194);
#16203=REPRESENTATION('surface area',(#16201),#16183);
#16204=PROPERTY_DEFINITION_REPRESENTATION(#16202,#16203);
#16205=(LENGTH_UNIT()NAMED_UNIT(*)SI_UNIT(.MILLI.,.METRE.));
#16209=PROPERTY_DEFINITION('geometric validation property','volume of 03-000',
#16194);
#16210=REPRESENTATION('volume',(#16208),#16183);
#16211=PROPERTY_DEFINITION_REPRESENTATION(#16209,#16210);
#16213=PROPERTY_DEFINITION('geometric validation property','centroid of 03-000',
#16194);
#16214=REPRESENTATION('centroid',(#16212),#16183);
#16215=PROPERTY_DEFINITION_REPRESENTATION(#16213,#16214);
#16216=(LENGTH_UNIT()NAMED_UNIT(*)SI_UNIT(.MILLI.,.METRE.));
#16220=PROPERTY_DEFINITION('geometric validation property','area of 03-000',
#16193);
#16221=REPRESENTATION('surface area',(#16219),#16183);
#16222=PROPERTY_DEFINITION_REPRESENTATION(#16220,#16221);
#16223=(LENGTH_UNIT()NAMED_UNIT(*)SI_UNIT(.MILLI.,.METRE.));
#16227=PROPERTY_DEFINITION('geometric validation property','volume of 03-000',
#16193);
#16228=REPRESENTATION('volume',(#16226),#16183);
#16229=PROPERTY_DEFINITION_REPRESENTATION(#16227,#16228);
#16231=PROPERTY_DEFINITION('geometric validation property','centroid of 03-000',
#16193);
#16232=REPRESENTATION('centroid',(#16230),#16183);
#16233=PROPERTY_DEFINITION_REPRESENTATION(#16231,#16232);
#16234=SHAPE_DEFINITION_REPRESENTATION(#16193,#16188);
#16235=NEXT_ASSEMBLY_USAGE_OCCURRENCE('1','Next assembly relationship',
'\X2\8D347247\X0\03-\X2\4E0A\X0\',#19339,#16192,$);
#16236=PRODUCT_DEFINITION_SHAPE('Placement #1',
'Placement of 03-000 with respect to 18002100_ASM',#16235);
#16238=PROPERTY_DEFINITION('geometric validation property',
'centroid of \X2\8D347247\X0\03-\X2\4E0A\X0\',#16236);
#16239=REPRESENTATION('centroid',(#16237),#16183);
#16240=PROPERTY_DEFINITION_REPRESENTATION(#16238,#16239);
#16248=COLOUR_RGB('',1.9E-1,2.2E-1,2.2E-1);
#16261=CIRCLE('',#16260,1.575919237253E-1);
#16283=CIRCLE('',#16282,9.331444012514E-2);
#16291=CIRCLE('',#16290,9.331444012514E-2);
#16313=CIRCLE('',#16312,2.173750519347E-1);
#16321=CIRCLE('',#16320,2.173750519347E-1);
#16329=CIRCLE('',#16328,7.036141807475E-2);
#16337=CIRCLE('',#16336,7.036141807475E-2);
#16408=CIRCLE('',#16407,7.036141807475E-2);
#16416=CIRCLE('',#16415,7.036141807475E-2);
#16431=CIRCLE('',#16430,2.173750519347E-1);
#16439=CIRCLE('',#16438,2.173750519347E-1);
#16468=CIRCLE('',#16467,9.331444012514E-2);
#16476=CIRCLE('',#16475,9.331444012514E-2);
#16512=CIRCLE('',#16511,1.575919237253E-1);
#16723=EDGE_CURVE('',#16644,#16645,#16358,.T.);
#16725=EDGE_CURVE('',#16644,#16647,#16253,.T.);
#16727=EDGE_CURVE('',#16649,#16647,#16533,.T.);
#16729=EDGE_CURVE('',#16649,#16651,#16261,.T.);
#16731=EDGE_CURVE('',#16651,#16653,#16268,.T.);
#16733=EDGE_CURVE('',#16655,#16653,#16568,.T.);
#16735=EDGE_CURVE('',#16655,#16657,#16275,.T.);
#16737=EDGE_CURVE('',#16659,#16657,#16582,.T.);
#16739=EDGE_CURVE('',#16659,#16661,#16283,.T.);
#16741=EDGE_CURVE('',#16661,#16663,#16291,.T.);
#16743=EDGE_CURVE('',#16663,#16665,#16298,.T.);
#16745=EDGE_CURVE('',#16667,#16665,#16617,.T.);
#16747=EDGE_CURVE('',#16667,#16669,#16305,.T.);
#16749=EDGE_CURVE('',#16669,#16671,#16313,.T.);
#16751=EDGE_CURVE('',#16671,#16673,#16321,.T.);
#16753=EDGE_CURVE('',#16675,#16673,#16638,.T.);
#16755=EDGE_CURVE('',#16675,#16677,#16329,.T.);
#16757=EDGE_CURVE('',#16677,#16679,#16337,.T.);
#16759=EDGE_CURVE('',#16679,#16645,#16344,.T.);
#16763=ADVANCED_FACE('',(#16762),#16722,.F.);
#16769=EDGE_CURVE('',#16681,#16645,#16365,.T.);
#16771=EDGE_CURVE('',#16683,#16681,#16393,.T.);
#16773=EDGE_CURVE('',#16683,#16644,#16351,.T.);
#16778=ADVANCED_FACE('',(#16777),#16768,.F.);
#16784=EDGE_CURVE('',#16685,#16679,#16372,.T.);
#16786=EDGE_CURVE('',#16681,#16685,#16400,.T.);
#16792=ADVANCED_FACE('',(#16791),#16783,.F.);
#16798=EDGE_CURVE('',#16688,#16689,#16416,.T.);
#16800=EDGE_CURVE('',#16685,#16688,#16408,.T.);
#16805=EDGE_CURVE('',#16675,#16689,#16379,.T.);
#16809=ADVANCED_FACE('',(#16808),#16797,.F.);
#16815=EDGE_CURVE('',#16691,#16683,#16386,.T.);
#16821=EDGE_CURVE('',#16689,#16693,#16423,.T.);
#16823=EDGE_CURVE('',#16693,#16695,#16431,.T.);
#16825=EDGE_CURVE('',#16695,#16697,#16439,.T.);
#16827=EDGE_CURVE('',#16697,#16699,#16446,.T.);
#16829=EDGE_CURVE('',#16699,#16701,#16453,.T.);
#16831=EDGE_CURVE('',#16701,#16703,#16460,.T.);
#16833=EDGE_CURVE('',#16703,#16705,#16468,.T.);
#16835=EDGE_CURVE('',#16705,#16707,#16476,.T.);
#16837=EDGE_CURVE('',#16707,#16709,#16483,.T.);
#16839=EDGE_CURVE('',#16709,#16711,#16490,.T.);
#16841=EDGE_CURVE('',#16711,#16713,#16497,.T.);
#16843=EDGE_CURVE('',#16713,#16715,#16504,.T.);
#16845=EDGE_CURVE('',#16715,#16717,#16512,.T.);
#16847=EDGE_CURVE('',#16717,#16691,#16519,.T.);
#16851=ADVANCED_FACE('',(#16850),#16814,.T.);
#16859=EDGE_CURVE('',#16691,#16647,#16526,.T.);
#16864=ADVANCED_FACE('',(#16863),#16856,.F.);
#16872=EDGE_CURVE('',#16649,#16717,#16540,.T.);
#16877=ADVANCED_FACE('',(#16876),#16869,.F.);
#16885=EDGE_CURVE('',#16715,#16651,#16547,.T.);
#16890=ADVANCED_FACE('',(#16889),#16882,.T.);
#16898=EDGE_CURVE('',#16713,#16653,#16554,.T.);
#16903=ADVANCED_FACE('',(#16902),#16895,.F.);
#16911=EDGE_CURVE('',#16711,#16655,#16561,.T.);
#16916=ADVANCED_FACE('',(#16915),#16908,.F.);
#16924=EDGE_CURVE('',#16709,#16657,#16575,.T.);
#16929=ADVANCED_FACE('',(#16928),#16921,.F.);
#16937=EDGE_CURVE('',#16659,#16707,#16596,.T.);
#16942=ADVANCED_FACE('',(#16941),#16934,.F.);
#16950=EDGE_CURVE('',#16703,#16663,#16589,.T.);
#16957=ADVANCED_FACE('',(#16956),#16947,.F.);
#16965=EDGE_CURVE('',#16701,#16665,#16603,.T.);
#16970=ADVANCED_FACE('',(#16969),#16962,.F.);
#16978=EDGE_CURVE('',#16699,#16667,#16610,.T.);
#16983=ADVANCED_FACE('',(#16982),#16975,.F.);
#16991=EDGE_CURVE('',#16669,#16697,#16631,.T.);
#16996=ADVANCED_FACE('',(#16995),#16988,.F.);
#17004=EDGE_CURVE('',#16693,#16673,#16624,.T.);
#17011=ADVANCED_FACE('',(#17010),#17001,.T.);
#17023=ADVANCED_FACE('',(#17022),#17016,.F.);
#17032=(LENGTH_UNIT()NAMED_UNIT(*)SI_UNIT(.MILLI.,.METRE.));
#17033=(NAMED_UNIT(*)PLANE_ANGLE_UNIT()SI_UNIT($,.RADIAN.));
#17036=(NAMED_UNIT(*)SI_UNIT($,.STERADIAN.)SOLID_ANGLE_UNIT());
#17038=(GEOMETRIC_REPRESENTATION_CONTEXT(3)GLOBAL_UNCERTAINTY_ASSIGNED_CONTEXT((
#17037))GLOBAL_UNIT_ASSIGNED_CONTEXT((#17032,#17035,#17036))REPRESENTATION_CONTEXT('ID3','3'));
#17042=AXIS2_PLACEMENT_3D('',#17039,#17040,#17041);
#17043=ADVANCED_BREP_SHAPE_REPRESENTATION('',(#17042,#17025),#17038);
#17048=PRODUCT_DEFINITION('part definition','',#17047,#17044);
#17049=PRODUCT_DEFINITION_SHAPE('','SHAPE FOR LOGO_NX_PRT_180_1_1_1_1_2_1.',
#17048);
#17050=SHAPE_ASPECT('','solid data associated with LOGO_NX_PRT_180_1_1_1_1_2_1',
#17049,.F.);
#17051=PROPERTY_DEFINITION('',
'shape for solid data with which properties are associated',#17050);
#17052=SHAPE_REPRESENTATION('',(#17025),#17038);
#17053=SHAPE_DEFINITION_REPRESENTATION(#17051,#17052);
#17054=(LENGTH_UNIT()NAMED_UNIT(*)SI_UNIT(.MILLI.,.METRE.));
#17058=PROPERTY_DEFINITION('geometric validation property',
'area of LOGO_NX_PRT_180_1_1_1_1_2_1',#17050);
#17059=REPRESENTATION('surface area',(#17057),#17038);
#17060=PROPERTY_DEFINITION_REPRESENTATION(#17058,#17059);
#17061=(LENGTH_UNIT()NAMED_UNIT(*)SI_UNIT(.MILLI.,.METRE.));
#17065=PROPERTY_DEFINITION('geometric validation property',
'volume of LOGO_NX_PRT_180_1_1_1_1_2_1',#17050);
#17066=REPRESENTATION('volume',(#17064),#17038);
#17067=PROPERTY_DEFINITION_REPRESENTATION(#17065,#17066);
#17069=PROPERTY_DEFINITION('geometric validation property',
'centroid of LOGO_NX_PRT_180_1_1_1_1_2_1',#17050);
#17070=REPRESENTATION('centroid',(#17068),#17038);
#17071=PROPERTY_DEFINITION_REPRESENTATION(#17069,#17070);
#17072=(LENGTH_UNIT()NAMED_UNIT(*)SI_UNIT(.MILLI.,.METRE.));
#17076=PROPERTY_DEFINITION('geometric validation property',
'area of LOGO_NX_PRT_180_1_1_1_1_2_1',#17049);
#17077=REPRESENTATION('surface area',(#17075),#17038);
#17078=PROPERTY_DEFINITION_REPRESENTATION(#17076,#17077);
#17079=(LENGTH_UNIT()NAMED_UNIT(*)SI_UNIT(.MILLI.,.METRE.));
#17083=PROPERTY_DEFINITION('geometric validation property',
'volume of LOGO_NX_PRT_180_1_1_1_1_2_1',#17049);
#17084=REPRESENTATION('volume',(#17082),#17038);
#17085=PROPERTY_DEFINITION_REPRESENTATION(#17083,#17084);
#17087=PROPERTY_DEFINITION('geometric validation property',
'centroid of LOGO_NX_PRT_180_1_1_1_1_2_1',#17049);
#17088=REPRESENTATION('centroid',(#17086),#17038);
#17089=PROPERTY_DEFINITION_REPRESENTATION(#17087,#17088);
#17090=SHAPE_DEFINITION_REPRESENTATION(#17049,#17043);
#17091=SHAPE_DEFINITION_REPRESENTATION(#17092,#17093);
#17092=PRODUCT_DEFINITION_SHAPE('','SHAPE FOR LOGO-YMIN_ASM_1_1_ASM_1_ASM.',
#19184);
#17093=SHAPE_REPRESENTATION('',(#17108,#17103,#17376,#17371,#17645,#17640,
#18137,#18132,#18406,#18401,#18674,#18669,#19167,#19162,#19180),#19176);
#17094=NEXT_ASSEMBLY_USAGE_OCCURRENCE('2','Next assembly relationship',
'LOGO_NX_PRT_180',#19184,#17048,$);
#17095=PRODUCT_DEFINITION_SHAPE('Placement #2',
'Placement of LOGO_NX_PRT_180_1_1_1_1_2_1 with respect to LOGO-YMIN_ASM_1_1_ASM_1_ASM',#17094);
#17097=PROPERTY_DEFINITION('geometric validation property',
'centroid of LOGO_NX_PRT_180',#17095);
#17098=REPRESENTATION('centroid',(#17096),#17038);
#17099=PROPERTY_DEFINITION_REPRESENTATION(#17097,#17098);
#17108=AXIS2_PLACEMENT_3D('',#17105,#17106,#17107);
#17217=EDGE_CURVE('',#17198,#17199,#17115,.T.);
#17219=EDGE_CURVE('',#17201,#17198,#17164,.T.);
#17221=EDGE_CURVE('',#17203,#17201,#17136,.T.);
#17223=EDGE_CURVE('',#17199,#17203,#17192,.T.);
#17227=ADVANCED_FACE('',(#17226),#17216,.F.);
#17233=EDGE_CURVE('',#17206,#17207,#17129,.T.);
#17235=EDGE_CURVE('',#17198,#17206,#17171,.T.);
#17238=EDGE_CURVE('',#17207,#17199,#17185,.T.);
#17242=ADVANCED_FACE('',(#17241),#17232,.F.);
#17248=EDGE_CURVE('',#17210,#17211,#17122,.T.);
#17250=EDGE_CURVE('',#17206,#17211,#17150,.T.);
#17253=EDGE_CURVE('',#17210,#17207,#17178,.T.);
#17257=ADVANCED_FACE('',(#17256),#17247,.F.);
#17264=EDGE_CURVE('',#17211,#17201,#17157,.T.);
#17267=EDGE_CURVE('',#17210,#17203,#17143,.T.);
#17271=ADVANCED_FACE('',(#17270),#17262,.F.);
#17283=ADVANCED_FACE('',(#17282),#17276,.T.);
#17295=ADVANCED_FACE('',(#17294),#17288,.F.);
#17304=(LENGTH_UNIT()NAMED_UNIT(*)SI_UNIT(.MILLI.,.METRE.));
#17305=(NAMED_UNIT(*)PLANE_ANGLE_UNIT()SI_UNIT($,.RADIAN.));
#17308=(NAMED_UNIT(*)SI_UNIT($,.STERADIAN.)SOLID_ANGLE_UNIT());
#17310=(GEOMETRIC_REPRESENTATION_CONTEXT(3)GLOBAL_UNCERTAINTY_ASSIGNED_CONTEXT((
#17309))GLOBAL_UNIT_ASSIGNED_CONTEXT((#17304,#17307,#17308))REPRESENTATION_CONTEXT('ID4','3'));
#17314=AXIS2_PLACEMENT_3D('',#17311,#17312,#17313);
#17315=ADVANCED_BREP_SHAPE_REPRESENTATION('',(#17314,#17297),#17310);
#17319=PRODUCT_DEFINITION('part definition','',#17318,#17044);
#17320=PRODUCT_DEFINITION_SHAPE('','SHAPE FOR LOGO_NX_PRT_253_1_1_1_1_2_1.',
#17319);
#17321=SHAPE_ASPECT('','solid data associated with LOGO_NX_PRT_253_1_1_1_1_2_1',
#17320,.F.);
#17322=PROPERTY_DEFINITION('',
'shape for solid data with which properties are associated',#17321);
#17323=SHAPE_REPRESENTATION('',(#17297),#17310);
#17324=SHAPE_DEFINITION_REPRESENTATION(#17322,#17323);
#17325=(LENGTH_UNIT()NAMED_UNIT(*)SI_UNIT(.MILLI.,.METRE.));
#17329=PROPERTY_DEFINITION('geometric validation property',
'area of LOGO_NX_PRT_253_1_1_1_1_2_1',#17321);
#17330=REPRESENTATION('surface area',(#17328),#17310);
#17331=PROPERTY_DEFINITION_REPRESENTATION(#17329,#17330);
#17332=(LENGTH_UNIT()NAMED_UNIT(*)SI_UNIT(.MILLI.,.METRE.));
#17336=PROPERTY_DEFINITION('geometric validation property',
'volume of LOGO_NX_PRT_253_1_1_1_1_2_1',#17321);
#17337=REPRESENTATION('volume',(#17335),#17310);
#17338=PROPERTY_DEFINITION_REPRESENTATION(#17336,#17337);
#17340=PROPERTY_DEFINITION('geometric validation property',
'centroid of LOGO_NX_PRT_253_1_1_1_1_2_1',#17321);
#17341=REPRESENTATION('centroid',(#17339),#17310);
#17342=PROPERTY_DEFINITION_REPRESENTATION(#17340,#17341);
#17343=(LENGTH_UNIT()NAMED_UNIT(*)SI_UNIT(.MILLI.,.METRE.));
#17347=PROPERTY_DEFINITION('geometric validation property',
'area of LOGO_NX_PRT_253_1_1_1_1_2_1',#17320);
#17348=REPRESENTATION('surface area',(#17346),#17310);
#17349=PROPERTY_DEFINITION_REPRESENTATION(#17347,#17348);
#17350=(LENGTH_UNIT()NAMED_UNIT(*)SI_UNIT(.MILLI.,.METRE.));
#17354=PROPERTY_DEFINITION('geometric validation property',
'volume of LOGO_NX_PRT_253_1_1_1_1_2_1',#17320);
#17355=REPRESENTATION('volume',(#17353),#17310);
#17356=PROPERTY_DEFINITION_REPRESENTATION(#17354,#17355);
#17358=PROPERTY_DEFINITION('geometric validation property',
'centroid of LOGO_NX_PRT_253_1_1_1_1_2_1',#17320);
#17359=REPRESENTATION('centroid',(#17357),#17310);
#17360=PROPERTY_DEFINITION_REPRESENTATION(#17358,#17359);
#17361=SHAPE_DEFINITION_REPRESENTATION(#17320,#17315);
#17362=NEXT_ASSEMBLY_USAGE_OCCURRENCE('3','Next assembly relationship',
'LOGO_NX_PRT_253',#19184,#17319,$);
#17363=PRODUCT_DEFINITION_SHAPE('Placement #3',
'Placement of LOGO_NX_PRT_253_1_1_1_1_2_1 with respect to LOGO-YMIN_ASM_1_1_ASM_1_ASM',#17362);
#17365=PROPERTY_DEFINITION('geometric validation property',
'centroid of LOGO_NX_PRT_253',#17363);
#17366=REPRESENTATION('centroid',(#17364),#17310);
#17367=PROPERTY_DEFINITION_REPRESENTATION(#17365,#17366);
#17376=AXIS2_PLACEMENT_3D('',#17373,#17374,#17375);
#17485=EDGE_CURVE('',#17466,#17467,#17383,.T.);
#17487=EDGE_CURVE('',#17469,#17466,#17432,.T.);
#17489=EDGE_CURVE('',#17471,#17469,#17404,.T.);
#17491=EDGE_CURVE('',#17467,#17471,#17460,.T.);
#17495=ADVANCED_FACE('',(#17494),#17484,.F.);
#17501=EDGE_CURVE('',#17474,#17475,#17397,.T.);
#17503=EDGE_CURVE('',#17466,#17474,#17439,.T.);
#17506=EDGE_CURVE('',#17475,#17467,#17453,.T.);
#17510=ADVANCED_FACE('',(#17509),#17500,.F.);
#17516=EDGE_CURVE('',#17478,#17479,#17390,.T.);
#17518=EDGE_CURVE('',#17474,#17479,#17418,.T.);
#17521=EDGE_CURVE('',#17478,#17475,#17446,.T.);
#17525=ADVANCED_FACE('',(#17524),#17515,.F.);
#17532=EDGE_CURVE('',#17479,#17469,#17425,.T.);
#17535=EDGE_CURVE('',#17478,#17471,#17411,.T.);
#17539=ADVANCED_FACE('',(#17538),#17530,.F.);
#17551=ADVANCED_FACE('',(#17550),#17544,.T.);
#17563=ADVANCED_FACE('',(#17562),#17556,.F.);
#17572=(LENGTH_UNIT()NAMED_UNIT(*)SI_UNIT(.MILLI.,.METRE.));
#17573=(NAMED_UNIT(*)PLANE_ANGLE_UNIT()SI_UNIT($,.RADIAN.));
#17576=(NAMED_UNIT(*)SI_UNIT($,.STERADIAN.)SOLID_ANGLE_UNIT());
#17578=(GEOMETRIC_REPRESENTATION_CONTEXT(3)GLOBAL_UNCERTAINTY_ASSIGNED_CONTEXT((
#17577))GLOBAL_UNIT_ASSIGNED_CONTEXT((#17572,#17575,#17576))REPRESENTATION_CONTEXT('ID5','3'));
#17582=AXIS2_PLACEMENT_3D('',#17579,#17580,#17581);
#17583=ADVANCED_BREP_SHAPE_REPRESENTATION('',(#17582,#17565),#17578);
#17588=PRODUCT_DEFINITION('part definition','',#17587,#17584);
#17589=PRODUCT_DEFINITION_SHAPE('','SHAPE FOR LOGO_NX_PRT_272_1_1_1_1_2_1.',
#17588);
#17590=SHAPE_ASPECT('','solid data associated with LOGO_NX_PRT_272_1_1_1_1_2_1',
#17589,.F.);
#17591=PROPERTY_DEFINITION('',
'shape for solid data with which properties are associated',#17590);
#17592=SHAPE_REPRESENTATION('',(#17565),#17578);
#17593=SHAPE_DEFINITION_REPRESENTATION(#17591,#17592);
#17594=(LENGTH_UNIT()NAMED_UNIT(*)SI_UNIT(.MILLI.,.METRE.));
#17598=PROPERTY_DEFINITION('geometric validation property',
'area of LOGO_NX_PRT_272_1_1_1_1_2_1',#17590);
#17599=REPRESENTATION('surface area',(#17597),#17578);
#17600=PROPERTY_DEFINITION_REPRESENTATION(#17598,#17599);
#17601=(LENGTH_UNIT()NAMED_UNIT(*)SI_UNIT(.MILLI.,.METRE.));
#17605=PROPERTY_DEFINITION('geometric validation property',
'volume of LOGO_NX_PRT_272_1_1_1_1_2_1',#17590);
#17606=REPRESENTATION('volume',(#17604),#17578);
#17607=PROPERTY_DEFINITION_REPRESENTATION(#17605,#17606);
#17609=PROPERTY_DEFINITION('geometric validation property',
'centroid of LOGO_NX_PRT_272_1_1_1_1_2_1',#17590);
#17610=REPRESENTATION('centroid',(#17608),#17578);
#17611=PROPERTY_DEFINITION_REPRESENTATION(#17609,#17610);
#17612=(LENGTH_UNIT()NAMED_UNIT(*)SI_UNIT(.MILLI.,.METRE.));
#17616=PROPERTY_DEFINITION('geometric validation property',
'area of LOGO_NX_PRT_272_1_1_1_1_2_1',#17589);
#17617=REPRESENTATION('surface area',(#17615),#17578);
#17618=PROPERTY_DEFINITION_REPRESENTATION(#17616,#17617);
#17619=(LENGTH_UNIT()NAMED_UNIT(*)SI_UNIT(.MILLI.,.METRE.));
#17623=PROPERTY_DEFINITION('geometric validation property',
'volume of LOGO_NX_PRT_272_1_1_1_1_2_1',#17589);
#17624=REPRESENTATION('volume',(#17622),#17578);
#17625=PROPERTY_DEFINITION_REPRESENTATION(#17623,#17624);
#17627=PROPERTY_DEFINITION('geometric validation property',
'centroid of LOGO_NX_PRT_272_1_1_1_1_2_1',#17589);
#17628=REPRESENTATION('centroid',(#17626),#17578);
#17629=PROPERTY_DEFINITION_REPRESENTATION(#17627,#17628);
#17630=SHAPE_DEFINITION_REPRESENTATION(#17589,#17583);
#17631=NEXT_ASSEMBLY_USAGE_OCCURRENCE('4','Next assembly relationship',
'LOGO_NX_PRT_272',#19184,#17588,$);
#17632=PRODUCT_DEFINITION_SHAPE('Placement #4',
'Placement of LOGO_NX_PRT_272_1_1_1_1_2_1 with respect to LOGO-YMIN_ASM_1_1_ASM_1_ASM',#17631);
#17634=PROPERTY_DEFINITION('geometric validation property',
'centroid of LOGO_NX_PRT_272',#17632);
#17635=REPRESENTATION('centroid',(#17633),#17578);
#17636=PROPERTY_DEFINITION_REPRESENTATION(#17634,#17635);
#17645=AXIS2_PLACEMENT_3D('',#17642,#17643,#17644);
#17660=CIRCLE('',#17659,1.505202862389E-1);
#17668=CIRCLE('',#17667,1.505202862389E-1);
#17690=CIRCLE('',#17689,2.005506191363E-1);
#17698=CIRCLE('',#17697,2.005506191363E-1);
#17748=CIRCLE('',#17747,2.005506191363E-1);
#17756=CIRCLE('',#17755,2.005506191363E-1);
#17785=CIRCLE('',#17784,1.505202862389E-1);
#17793=CIRCLE('',#17792,1.505202862389E-1);
#17898=EDGE_CURVE('',#17855,#17856,#17712,.T.);
#17900=EDGE_CURVE('',#17855,#17858,#17652,.T.);
#17902=EDGE_CURVE('',#17860,#17858,#17814,.T.);
#17904=EDGE_CURVE('',#17860,#17862,#17660,.T.);
#17906=EDGE_CURVE('',#17862,#17864,#17668,.T.);
#17908=EDGE_CURVE('',#17864,#17866,#17675,.T.);
#17910=EDGE_CURVE('',#17868,#17866,#17849,.T.);
#17912=EDGE_CURVE('',#17868,#17870,#17682,.T.);
#17914=EDGE_CURVE('',#17870,#17872,#17690,.T.);
#17916=EDGE_CURVE('',#17872,#17856,#17698,.T.);
#17920=ADVANCED_FACE('',(#17919),#17897,.T.);
#17926=EDGE_CURVE('',#17874,#17856,#17719,.T.);
#17928=EDGE_CURVE('',#17876,#17874,#17740,.T.);
#17930=EDGE_CURVE('',#17876,#17855,#17705,.T.);
#17935=ADVANCED_FACE('',(#17934),#17925,.F.);
#17941=EDGE_CURVE('',#17879,#17880,#17756,.T.);
#17943=EDGE_CURVE('',#17874,#17879,#17748,.T.);
#17948=EDGE_CURVE('',#17870,#17880,#17726,.T.);
#17952=ADVANCED_FACE('',(#17951),#17940,.T.);
#17958=EDGE_CURVE('',#17882,#17876,#17733,.T.);
#17963=EDGE_CURVE('',#17880,#17884,#17763,.T.);
#17965=EDGE_CURVE('',#17884,#17886,#17770,.T.);
#17967=EDGE_CURVE('',#17886,#17888,#17777,.T.);
#17969=EDGE_CURVE('',#17888,#17890,#17785,.T.);
#17971=EDGE_CURVE('',#17890,#17892,#17793,.T.);
#17973=EDGE_CURVE('',#17892,#17882,#17800,.T.);
#17977=ADVANCED_FACE('',(#17976),#17957,.T.);
#17985=EDGE_CURVE('',#17882,#17858,#17807,.T.);
#17990=ADVANCED_FACE('',(#17989),#17982,.F.);
#17998=EDGE_CURVE('',#17860,#17892,#17828,.T.);
#18003=ADVANCED_FACE('',(#18002),#17995,.F.);
#18011=EDGE_CURVE('',#17888,#17864,#17821,.T.);
#18018=ADVANCED_FACE('',(#18017),#18008,.F.);
#18026=EDGE_CURVE('',#17886,#17866,#17835,.T.);
#18031=ADVANCED_FACE('',(#18030),#18023,.F.);
#18039=EDGE_CURVE('',#17884,#17868,#17842,.T.);
#18044=ADVANCED_FACE('',(#18043),#18036,.F.);
#18056=ADVANCED_FACE('',(#18055),#18049,.F.);
#18065=(LENGTH_UNIT()NAMED_UNIT(*)SI_UNIT(.MILLI.,.METRE.));
#18066=(NAMED_UNIT(*)PLANE_ANGLE_UNIT()SI_UNIT($,.RADIAN.));
#18069=(NAMED_UNIT(*)SI_UNIT($,.STERADIAN.)SOLID_ANGLE_UNIT());
#18071=(GEOMETRIC_REPRESENTATION_CONTEXT(3)GLOBAL_UNCERTAINTY_ASSIGNED_CONTEXT((
#18070))GLOBAL_UNIT_ASSIGNED_CONTEXT((#18065,#18068,#18069))REPRESENTATION_CONTEXT('ID6','3'));
#18075=AXIS2_PLACEMENT_3D('',#18072,#18073,#18074);
#18076=ADVANCED_BREP_SHAPE_REPRESENTATION('',(#18075,#18058),#18071);
#18080=PRODUCT_DEFINITION('part definition','',#18079,#17584);
#18081=PRODUCT_DEFINITION_SHAPE('','SHAPE FOR LOGO_NX_PRT_291_1_1_1_1_2_1.',
#18080);
#18082=SHAPE_ASPECT('','solid data associated with LOGO_NX_PRT_291_1_1_1_1_2_1',
#18081,.F.);
#18083=PROPERTY_DEFINITION('',
'shape for solid data with which properties are associated',#18082);
#18084=SHAPE_REPRESENTATION('',(#18058),#18071);
#18085=SHAPE_DEFINITION_REPRESENTATION(#18083,#18084);
#18086=(LENGTH_UNIT()NAMED_UNIT(*)SI_UNIT(.MILLI.,.METRE.));
#18090=PROPERTY_DEFINITION('geometric validation property',
'area of LOGO_NX_PRT_291_1_1_1_1_2_1',#18082);
#18091=REPRESENTATION('surface area',(#18089),#18071);
#18092=PROPERTY_DEFINITION_REPRESENTATION(#18090,#18091);
#18093=(LENGTH_UNIT()NAMED_UNIT(*)SI_UNIT(.MILLI.,.METRE.));
#18097=PROPERTY_DEFINITION('geometric validation property',
'volume of LOGO_NX_PRT_291_1_1_1_1_2_1',#18082);
#18098=REPRESENTATION('volume',(#18096),#18071);
#18099=PROPERTY_DEFINITION_REPRESENTATION(#18097,#18098);
#18101=PROPERTY_DEFINITION('geometric validation property',
'centroid of LOGO_NX_PRT_291_1_1_1_1_2_1',#18082);
#18102=REPRESENTATION('centroid',(#18100),#18071);
#18103=PROPERTY_DEFINITION_REPRESENTATION(#18101,#18102);
#18104=(LENGTH_UNIT()NAMED_UNIT(*)SI_UNIT(.MILLI.,.METRE.));
#18108=PROPERTY_DEFINITION('geometric validation property',
'area of LOGO_NX_PRT_291_1_1_1_1_2_1',#18081);
#18109=REPRESENTATION('surface area',(#18107),#18071);
#18110=PROPERTY_DEFINITION_REPRESENTATION(#18108,#18109);
#18111=(LENGTH_UNIT()NAMED_UNIT(*)SI_UNIT(.MILLI.,.METRE.));
#18115=PROPERTY_DEFINITION('geometric validation property',
'volume of LOGO_NX_PRT_291_1_1_1_1_2_1',#18081);
#18116=REPRESENTATION('volume',(#18114),#18071);
#18117=PROPERTY_DEFINITION_REPRESENTATION(#18115,#18116);
#18119=PROPERTY_DEFINITION('geometric validation property',
'centroid of LOGO_NX_PRT_291_1_1_1_1_2_1',#18081);
#18120=REPRESENTATION('centroid',(#18118),#18071);
#18121=PROPERTY_DEFINITION_REPRESENTATION(#18119,#18120);
#18122=SHAPE_DEFINITION_REPRESENTATION(#18081,#18076);
#18123=NEXT_ASSEMBLY_USAGE_OCCURRENCE('5','Next assembly relationship',
'LOGO_NX_PRT_291',#19184,#18080,$);
#18124=PRODUCT_DEFINITION_SHAPE('Placement #5',
'Placement of LOGO_NX_PRT_291_1_1_1_1_2_1 with respect to LOGO-YMIN_ASM_1_1_ASM_1_ASM',#18123);
#18126=PROPERTY_DEFINITION('geometric validation property',
'centroid of LOGO_NX_PRT_291',#18124);
#18127=REPRESENTATION('centroid',(#18125),#18071);
#18128=PROPERTY_DEFINITION_REPRESENTATION(#18126,#18127);
#18137=AXIS2_PLACEMENT_3D('',#18134,#18135,#18136);
#18246=EDGE_CURVE('',#18227,#18228,#18144,.T.);
#18248=EDGE_CURVE('',#18230,#18227,#18193,.T.);
#18250=EDGE_CURVE('',#18232,#18230,#18179,.T.);
#18252=EDGE_CURVE('',#18228,#18232,#18221,.T.);
#18256=ADVANCED_FACE('',(#18255),#18245,.F.);
#18262=EDGE_CURVE('',#18235,#18236,#18165,.T.);
#18264=EDGE_CURVE('',#18227,#18235,#18200,.T.);
#18267=EDGE_CURVE('',#18236,#18228,#18214,.T.);
#18271=ADVANCED_FACE('',(#18270),#18261,.F.);
#18277=EDGE_CURVE('',#18239,#18240,#18151,.T.);
#18279=EDGE_CURVE('',#18240,#18235,#18158,.T.);
#18282=EDGE_CURVE('',#18236,#18239,#18172,.T.);
#18286=ADVANCED_FACE('',(#18285),#18276,.F.);
#18293=EDGE_CURVE('',#18240,#18230,#18186,.T.);
#18296=EDGE_CURVE('',#18232,#18239,#18207,.T.);
#18300=ADVANCED_FACE('',(#18299),#18291,.F.);
#18312=ADVANCED_FACE('',(#18311),#18305,.T.);
#18324=ADVANCED_FACE('',(#18323),#18317,.F.);
#18333=(LENGTH_UNIT()NAMED_UNIT(*)SI_UNIT(.MILLI.,.METRE.));
#18334=(NAMED_UNIT(*)PLANE_ANGLE_UNIT()SI_UNIT($,.RADIAN.));
#18337=(NAMED_UNIT(*)SI_UNIT($,.STERADIAN.)SOLID_ANGLE_UNIT());
#18339=(GEOMETRIC_REPRESENTATION_CONTEXT(3)GLOBAL_UNCERTAINTY_ASSIGNED_CONTEXT((
#18338))GLOBAL_UNIT_ASSIGNED_CONTEXT((#18333,#18336,#18337))REPRESENTATION_CONTEXT('ID7','3'));
#18343=AXIS2_PLACEMENT_3D('',#18340,#18341,#18342);
#18344=ADVANCED_BREP_SHAPE_REPRESENTATION('',(#18343,#18326),#18339);
#18349=PRODUCT_DEFINITION('part definition','',#18348,#18345);
#18350=PRODUCT_DEFINITION_SHAPE('','SHAPE FOR LOGO_NX_PRT_330_1_1_1_1_2_1.',
#18349);
#18351=SHAPE_ASPECT('','solid data associated with LOGO_NX_PRT_330_1_1_1_1_2_1',
#18350,.F.);
#18352=PROPERTY_DEFINITION('',
'shape for solid data with which properties are associated',#18351);
#18353=SHAPE_REPRESENTATION('',(#18326),#18339);
#18354=SHAPE_DEFINITION_REPRESENTATION(#18352,#18353);
#18355=(LENGTH_UNIT()NAMED_UNIT(*)SI_UNIT(.MILLI.,.METRE.));
#18359=PROPERTY_DEFINITION('geometric validation property',
'area of LOGO_NX_PRT_330_1_1_1_1_2_1',#18351);
#18360=REPRESENTATION('surface area',(#18358),#18339);
#18361=PROPERTY_DEFINITION_REPRESENTATION(#18359,#18360);
#18362=(LENGTH_UNIT()NAMED_UNIT(*)SI_UNIT(.MILLI.,.METRE.));
#18366=PROPERTY_DEFINITION('geometric validation property',
'volume of LOGO_NX_PRT_330_1_1_1_1_2_1',#18351);
#18367=REPRESENTATION('volume',(#18365),#18339);
#18368=PROPERTY_DEFINITION_REPRESENTATION(#18366,#18367);
#18370=PROPERTY_DEFINITION('geometric validation property',
'centroid of LOGO_NX_PRT_330_1_1_1_1_2_1',#18351);
#18371=REPRESENTATION('centroid',(#18369),#18339);
#18372=PROPERTY_DEFINITION_REPRESENTATION(#18370,#18371);
#18373=(LENGTH_UNIT()NAMED_UNIT(*)SI_UNIT(.MILLI.,.METRE.));
#18377=PROPERTY_DEFINITION('geometric validation property',
'area of LOGO_NX_PRT_330_1_1_1_1_2_1',#18350);
#18378=REPRESENTATION('surface area',(#18376),#18339);
#18379=PROPERTY_DEFINITION_REPRESENTATION(#18377,#18378);
#18380=(LENGTH_UNIT()NAMED_UNIT(*)SI_UNIT(.MILLI.,.METRE.));
#18384=PROPERTY_DEFINITION('geometric validation property',
'volume of LOGO_NX_PRT_330_1_1_1_1_2_1',#18350);
#18385=REPRESENTATION('volume',(#18383),#18339);
#18386=PROPERTY_DEFINITION_REPRESENTATION(#18384,#18385);
#18388=PROPERTY_DEFINITION('geometric validation property',
'centroid of LOGO_NX_PRT_330_1_1_1_1_2_1',#18350);
#18389=REPRESENTATION('centroid',(#18387),#18339);
#18390=PROPERTY_DEFINITION_REPRESENTATION(#18388,#18389);
#18391=SHAPE_DEFINITION_REPRESENTATION(#18350,#18344);
#18392=NEXT_ASSEMBLY_USAGE_OCCURRENCE('6','Next assembly relationship',
'LOGO_NX_PRT_330',#19184,#18349,$);
#18393=PRODUCT_DEFINITION_SHAPE('Placement #6',
'Placement of LOGO_NX_PRT_330_1_1_1_1_2_1 with respect to LOGO-YMIN_ASM_1_1_ASM_1_ASM',#18392);
#18395=PROPERTY_DEFINITION('geometric validation property',
'centroid of LOGO_NX_PRT_330',#18393);
#18396=REPRESENTATION('centroid',(#18394),#18339);
#18397=PROPERTY_DEFINITION_REPRESENTATION(#18395,#18396);
#18406=AXIS2_PLACEMENT_3D('',#18403,#18404,#18405);
#18515=EDGE_CURVE('',#18496,#18497,#18413,.T.);
#18517=EDGE_CURVE('',#18499,#18496,#18462,.T.);
#18519=EDGE_CURVE('',#18501,#18499,#18434,.T.);
#18521=EDGE_CURVE('',#18497,#18501,#18490,.T.);
#18525=ADVANCED_FACE('',(#18524),#18514,.F.);
#18531=EDGE_CURVE('',#18504,#18505,#18427,.T.);
#18533=EDGE_CURVE('',#18496,#18504,#18469,.T.);
#18536=EDGE_CURVE('',#18505,#18497,#18483,.T.);
#18540=ADVANCED_FACE('',(#18539),#18530,.F.);
#18546=EDGE_CURVE('',#18508,#18509,#18420,.T.);
#18548=EDGE_CURVE('',#18504,#18509,#18448,.T.);
#18551=EDGE_CURVE('',#18508,#18505,#18476,.T.);
#18555=ADVANCED_FACE('',(#18554),#18545,.F.);
#18562=EDGE_CURVE('',#18509,#18499,#18455,.T.);
#18565=EDGE_CURVE('',#18508,#18501,#18441,.T.);
#18569=ADVANCED_FACE('',(#18568),#18560,.F.);
#18581=ADVANCED_FACE('',(#18580),#18574,.T.);
#18593=ADVANCED_FACE('',(#18592),#18586,.F.);
#18602=(LENGTH_UNIT()NAMED_UNIT(*)SI_UNIT(.MILLI.,.METRE.));
#18603=(NAMED_UNIT(*)PLANE_ANGLE_UNIT()SI_UNIT($,.RADIAN.));
#18606=(NAMED_UNIT(*)SI_UNIT($,.STERADIAN.)SOLID_ANGLE_UNIT());
#18608=(GEOMETRIC_REPRESENTATION_CONTEXT(3)GLOBAL_UNCERTAINTY_ASSIGNED_CONTEXT((
#18607))GLOBAL_UNIT_ASSIGNED_CONTEXT((#18602,#18605,#18606))REPRESENTATION_CONTEXT('ID8','3'));
#18612=AXIS2_PLACEMENT_3D('',#18609,#18610,#18611);
#18613=ADVANCED_BREP_SHAPE_REPRESENTATION('',(#18612,#18595),#18608);
#18617=PRODUCT_DEFINITION('part definition','',#18616,#18345);
#18618=PRODUCT_DEFINITION_SHAPE('','SHAPE FOR LOGO_NX_PRT_349_1_1_1_1_2_1.',
#18617);
#18619=SHAPE_ASPECT('','solid data associated with LOGO_NX_PRT_349_1_1_1_1_2_1',
#18618,.F.);
#18620=PROPERTY_DEFINITION('',
'shape for solid data with which properties are associated',#18619);
#18621=SHAPE_REPRESENTATION('',(#18595),#18608);
#18622=SHAPE_DEFINITION_REPRESENTATION(#18620,#18621);
#18623=(LENGTH_UNIT()NAMED_UNIT(*)SI_UNIT(.MILLI.,.METRE.));
#18627=PROPERTY_DEFINITION('geometric validation property',
'area of LOGO_NX_PRT_349_1_1_1_1_2_1',#18619);
#18628=REPRESENTATION('surface area',(#18626),#18608);
#18629=PROPERTY_DEFINITION_REPRESENTATION(#18627,#18628);
#18630=(LENGTH_UNIT()NAMED_UNIT(*)SI_UNIT(.MILLI.,.METRE.));
#18634=PROPERTY_DEFINITION('geometric validation property',
'volume of LOGO_NX_PRT_349_1_1_1_1_2_1',#18619);
#18635=REPRESENTATION('volume',(#18633),#18608);
#18636=PROPERTY_DEFINITION_REPRESENTATION(#18634,#18635);
#18638=PROPERTY_DEFINITION('geometric validation property',
'centroid of LOGO_NX_PRT_349_1_1_1_1_2_1',#18619);
#18639=REPRESENTATION('centroid',(#18637),#18608);
#18640=PROPERTY_DEFINITION_REPRESENTATION(#18638,#18639);
#18641=(LENGTH_UNIT()NAMED_UNIT(*)SI_UNIT(.MILLI.,.METRE.));
#18645=PROPERTY_DEFINITION('geometric validation property',
'area of LOGO_NX_PRT_349_1_1_1_1_2_1',#18618);
#18646=REPRESENTATION('surface area',(#18644),#18608);
#18647=PROPERTY_DEFINITION_REPRESENTATION(#18645,#18646);
#18648=(LENGTH_UNIT()NAMED_UNIT(*)SI_UNIT(.MILLI.,.METRE.));
#18652=PROPERTY_DEFINITION('geometric validation property',
'volume of LOGO_NX_PRT_349_1_1_1_1_2_1',#18618);
#18653=REPRESENTATION('volume',(#18651),#18608);
#18654=PROPERTY_DEFINITION_REPRESENTATION(#18652,#18653);
#18656=PROPERTY_DEFINITION('geometric validation property',
'centroid of LOGO_NX_PRT_349_1_1_1_1_2_1',#18618);
#18657=REPRESENTATION('centroid',(#18655),#18608);
#18658=PROPERTY_DEFINITION_REPRESENTATION(#18656,#18657);
#18659=SHAPE_DEFINITION_REPRESENTATION(#18618,#18613);
#18660=NEXT_ASSEMBLY_USAGE_OCCURRENCE('7','Next assembly relationship',
'LOGO_NX_PRT_349',#19184,#18617,$);
#18661=PRODUCT_DEFINITION_SHAPE('Placement #7',
'Placement of LOGO_NX_PRT_349_1_1_1_1_2_1 with respect to LOGO-YMIN_ASM_1_1_ASM_1_ASM',#18660);
#18663=PROPERTY_DEFINITION('geometric validation property',
'centroid of LOGO_NX_PRT_349',#18661);
#18664=REPRESENTATION('centroid',(#18662),#18608);
#18665=PROPERTY_DEFINITION_REPRESENTATION(#18663,#18664);
#18674=AXIS2_PLACEMENT_3D('',#18671,#18672,#18673);
#18689=CIRCLE('',#18688,1.284783271309E-1);
#18697=CIRCLE('',#18696,1.284783271309E-1);
#18719=CIRCLE('',#18718,1.904054272200E-1);
#18727=CIRCLE('',#18726,1.904054272200E-1);
#18777=CIRCLE('',#18776,1.904054272200E-1);
#18785=CIRCLE('',#18784,1.904054272200E-1);
#18814=CIRCLE('',#18813,1.284783271309E-1);
#18822=CIRCLE('',#18821,1.284783271309E-1);
#18927=EDGE_CURVE('',#18884,#18885,#18741,.T.);
#18929=EDGE_CURVE('',#18884,#18887,#18681,.T.);
#18931=EDGE_CURVE('',#18889,#18887,#18843,.T.);
#18933=EDGE_CURVE('',#18889,#18891,#18689,.T.);
#18935=EDGE_CURVE('',#18891,#18893,#18697,.T.);
#18937=EDGE_CURVE('',#18893,#18895,#18704,.T.);
#18939=EDGE_CURVE('',#18897,#18895,#18878,.T.);
#18941=EDGE_CURVE('',#18897,#18899,#18711,.T.);
#18943=EDGE_CURVE('',#18899,#18901,#18719,.T.);
#18945=EDGE_CURVE('',#18901,#18885,#18727,.T.);
#18949=ADVANCED_FACE('',(#18948),#18926,.T.);
#18955=EDGE_CURVE('',#18903,#18885,#18748,.T.);
#18957=EDGE_CURVE('',#18905,#18903,#18769,.T.);
#18959=EDGE_CURVE('',#18905,#18884,#18734,.T.);
#18964=ADVANCED_FACE('',(#18963),#18954,.F.);
#18970=EDGE_CURVE('',#18908,#18909,#18785,.T.);
#18972=EDGE_CURVE('',#18903,#18908,#18777,.T.);
#18977=EDGE_CURVE('',#18899,#18909,#18755,.T.);
#18981=ADVANCED_FACE('',(#18980),#18969,.T.);
#18987=EDGE_CURVE('',#18911,#18905,#18762,.T.);
#18992=EDGE_CURVE('',#18909,#18913,#18792,.T.);
#18994=EDGE_CURVE('',#18913,#18915,#18799,.T.);
#18996=EDGE_CURVE('',#18915,#18917,#18806,.T.);
#18998=EDGE_CURVE('',#18917,#18919,#18814,.T.);
#19000=EDGE_CURVE('',#18919,#18921,#18822,.T.);
#19002=EDGE_CURVE('',#18921,#18911,#18829,.T.);
#19006=ADVANCED_FACE('',(#19005),#18986,.T.);
#19014=EDGE_CURVE('',#18911,#18887,#18836,.T.);
#19019=ADVANCED_FACE('',(#19018),#19011,.F.);
#19027=EDGE_CURVE('',#18889,#18921,#18857,.T.);
#19032=ADVANCED_FACE('',(#19031),#19024,.F.);
#19040=EDGE_CURVE('',#18917,#18893,#18850,.T.);
#19047=ADVANCED_FACE('',(#19046),#19037,.F.);
#19055=EDGE_CURVE('',#18915,#18895,#18864,.T.);
#19060=ADVANCED_FACE('',(#19059),#19052,.F.);
#19068=EDGE_CURVE('',#18913,#18897,#18871,.T.);
#19073=ADVANCED_FACE('',(#19072),#19065,.F.);
#19085=ADVANCED_FACE('',(#19084),#19078,.F.);
#19094=(LENGTH_UNIT()NAMED_UNIT(*)SI_UNIT(.MILLI.,.METRE.));
#19095=(NAMED_UNIT(*)PLANE_ANGLE_UNIT()SI_UNIT($,.RADIAN.));
#19098=(NAMED_UNIT(*)SI_UNIT($,.STERADIAN.)SOLID_ANGLE_UNIT());
#19100=(GEOMETRIC_REPRESENTATION_CONTEXT(3)GLOBAL_UNCERTAINTY_ASSIGNED_CONTEXT((
#19099))GLOBAL_UNIT_ASSIGNED_CONTEXT((#19094,#19097,#19098))REPRESENTATION_CONTEXT('ID9','3'));
#19104=AXIS2_PLACEMENT_3D('',#19101,#19102,#19103);
#19105=ADVANCED_BREP_SHAPE_REPRESENTATION('',(#19104,#19087),#19100);
#19110=PRODUCT_DEFINITION('part definition','',#19109,#19106);
#19111=PRODUCT_DEFINITION_SHAPE('','SHAPE FOR LOGO_NX_PRT_368_1_1_1_1_2_1.',
#19110);
#19112=SHAPE_ASPECT('','solid data associated with LOGO_NX_PRT_368_1_1_1_1_2_1',
#19111,.F.);
#19113=PROPERTY_DEFINITION('',
'shape for solid data with which properties are associated',#19112);
#19114=SHAPE_REPRESENTATION('',(#19087),#19100);
#19115=SHAPE_DEFINITION_REPRESENTATION(#19113,#19114);
#19116=(LENGTH_UNIT()NAMED_UNIT(*)SI_UNIT(.MILLI.,.METRE.));
#19120=PROPERTY_DEFINITION('geometric validation property',
'area of LOGO_NX_PRT_368_1_1_1_1_2_1',#19112);
#19121=REPRESENTATION('surface area',(#19119),#19100);
#19122=PROPERTY_DEFINITION_REPRESENTATION(#19120,#19121);
#19123=(LENGTH_UNIT()NAMED_UNIT(*)SI_UNIT(.MILLI.,.METRE.));
#19127=PROPERTY_DEFINITION('geometric validation property',
'volume of LOGO_NX_PRT_368_1_1_1_1_2_1',#19112);
#19128=REPRESENTATION('volume',(#19126),#19100);
#19129=PROPERTY_DEFINITION_REPRESENTATION(#19127,#19128);
#19131=PROPERTY_DEFINITION('geometric validation property',
'centroid of LOGO_NX_PRT_368_1_1_1_1_2_1',#19112);
#19132=REPRESENTATION('centroid',(#19130),#19100);
#19133=PROPERTY_DEFINITION_REPRESENTATION(#19131,#19132);
#19134=(LENGTH_UNIT()NAMED_UNIT(*)SI_UNIT(.MILLI.,.METRE.));
#19138=PROPERTY_DEFINITION('geometric validation property',
'area of LOGO_NX_PRT_368_1_1_1_1_2_1',#19111);
#19139=REPRESENTATION('surface area',(#19137),#19100);
#19140=PROPERTY_DEFINITION_REPRESENTATION(#19138,#19139);
#19141=(LENGTH_UNIT()NAMED_UNIT(*)SI_UNIT(.MILLI.,.METRE.));
#19145=PROPERTY_DEFINITION('geometric validation property',
'volume of LOGO_NX_PRT_368_1_1_1_1_2_1',#19111);
#19146=REPRESENTATION('volume',(#19144),#19100);
#19147=PROPERTY_DEFINITION_REPRESENTATION(#19145,#19146);
#19149=PROPERTY_DEFINITION('geometric validation property',
'centroid of LOGO_NX_PRT_368_1_1_1_1_2_1',#19111);
#19150=REPRESENTATION('centroid',(#19148),#19100);
#19151=PROPERTY_DEFINITION_REPRESENTATION(#19149,#19150);
#19152=SHAPE_DEFINITION_REPRESENTATION(#19111,#19105);
#19153=NEXT_ASSEMBLY_USAGE_OCCURRENCE('8','Next assembly relationship',
'LOGO_NX_PRT_368',#19184,#19110,$);
#19154=PRODUCT_DEFINITION_SHAPE('Placement #8',
'Placement of LOGO_NX_PRT_368_1_1_1_1_2_1 with respect to LOGO-YMIN_ASM_1_1_ASM_1_ASM',#19153);
#19156=PROPERTY_DEFINITION('geometric validation property',
'centroid of LOGO_NX_PRT_368',#19154);
#19157=REPRESENTATION('centroid',(#19155),#19100);
#19158=PROPERTY_DEFINITION_REPRESENTATION(#19156,#19157);
#19167=AXIS2_PLACEMENT_3D('',#19164,#19165,#19166);
#19170=(LENGTH_UNIT()NAMED_UNIT(*)SI_UNIT(.MILLI.,.METRE.));
#19171=(NAMED_UNIT(*)PLANE_ANGLE_UNIT()SI_UNIT($,.RADIAN.));
#19174=(NAMED_UNIT(*)SI_UNIT($,.STERADIAN.)SOLID_ANGLE_UNIT());
#19176=(GEOMETRIC_REPRESENTATION_CONTEXT(3)GLOBAL_UNCERTAINTY_ASSIGNED_CONTEXT((
#19175))GLOBAL_UNIT_ASSIGNED_CONTEXT((#19170,#19173,#19174))REPRESENTATION_CONTEXT('ID10','3'));
#19180=AXIS2_PLACEMENT_3D('',#19177,#19178,#19179);
#19184=PRODUCT_DEFINITION('part definition','',#19183,#19106);
#19185=(LENGTH_UNIT()NAMED_UNIT(*)SI_UNIT(.MILLI.,.METRE.));
#19189=PROPERTY_DEFINITION('geometric validation property',
'area of LOGO-YMIN_ASM_1_1_ASM_1_ASM',#17092);
#19190=REPRESENTATION('surface area',(#19188),#19176);
#19191=PROPERTY_DEFINITION_REPRESENTATION(#19189,#19190);
#19192=(LENGTH_UNIT()NAMED_UNIT(*)SI_UNIT(.MILLI.,.METRE.));
#19196=PROPERTY_DEFINITION('geometric validation property',
'volume of LOGO-YMIN_ASM_1_1_ASM_1_ASM',#17092);
#19197=REPRESENTATION('volume',(#19195),#19176);
#19198=PROPERTY_DEFINITION_REPRESENTATION(#19196,#19197);
#19200=PROPERTY_DEFINITION('geometric validation property',
'centroid of LOGO-YMIN_ASM_1_1_ASM_1_ASM',#17092);
#19201=REPRESENTATION('centroid',(#19199),#19176);
#19202=PROPERTY_DEFINITION_REPRESENTATION(#19200,#19201);
#19203=SHAPE_DEFINITION_REPRESENTATION(#19204,#19205);
#19204=PRODUCT_DEFINITION_SHAPE('','SHAPE FOR ASM0008_ASM_1_ASM.',#19238);
#19205=SHAPE_REPRESENTATION('',(#19220,#19215,#19233),#19229);
#19206=NEXT_ASSEMBLY_USAGE_OCCURRENCE('9','Next assembly relationship',
'LOGO-YMIN_ASM_1_1',#19238,#19184,$);
#19207=PRODUCT_DEFINITION_SHAPE('Placement #9',
'Placement of LOGO-YMIN_ASM_1_1_ASM_1_ASM with respect to ASM0008_ASM_1_ASM',
#19206);
#19209=PROPERTY_DEFINITION('geometric validation property',
'centroid of LOGO-YMIN_ASM_1_1',#19207);
#19210=REPRESENTATION('centroid',(#19208),#19176);
#19211=PROPERTY_DEFINITION_REPRESENTATION(#19209,#19210);
#19220=AXIS2_PLACEMENT_3D('',#19217,#19218,#19219);
#19223=(LENGTH_UNIT()NAMED_UNIT(*)SI_UNIT(.MILLI.,.METRE.));
#19224=(NAMED_UNIT(*)PLANE_ANGLE_UNIT()SI_UNIT($,.RADIAN.));
#19227=(NAMED_UNIT(*)SI_UNIT($,.STERADIAN.)SOLID_ANGLE_UNIT());
#19229=(GEOMETRIC_REPRESENTATION_CONTEXT(3)GLOBAL_UNCERTAINTY_ASSIGNED_CONTEXT((
#19228))GLOBAL_UNIT_ASSIGNED_CONTEXT((#19223,#19226,#19227))REPRESENTATION_CONTEXT('ID11','3'));
#19233=AXIS2_PLACEMENT_3D('',#19230,#19231,#19232);
#19238=PRODUCT_DEFINITION('part definition','',#19237,#19234);
#19239=(LENGTH_UNIT()NAMED_UNIT(*)SI_UNIT(.MILLI.,.METRE.));
#19243=PROPERTY_DEFINITION('geometric validation property',
'area of ASM0008_ASM_1_ASM',#19204);
#19244=REPRESENTATION('surface area',(#19242),#19229);
#19245=PROPERTY_DEFINITION_REPRESENTATION(#19243,#19244);
#19246=(LENGTH_UNIT()NAMED_UNIT(*)SI_UNIT(.MILLI.,.METRE.));
#19250=PROPERTY_DEFINITION('geometric validation property',
'volume of ASM0008_ASM_1_ASM',#19204);
#19251=REPRESENTATION('volume',(#19249),#19229);
#19252=PROPERTY_DEFINITION_REPRESENTATION(#19250,#19251);
#19254=PROPERTY_DEFINITION('geometric validation property',
'centroid of ASM0008_ASM_1_ASM',#19204);
#19255=REPRESENTATION('centroid',(#19253),#19229);
#19256=PROPERTY_DEFINITION_REPRESENTATION(#19254,#19255);
#19257=SHAPE_DEFINITION_REPRESENTATION(#19258,#19259);
#19258=PRODUCT_DEFINITION_SHAPE('','SHAPE FOR ASM0011_ASM.',#19291);
#19259=SHAPE_REPRESENTATION('',(#19274,#19269,#19287),#19283);
#19260=NEXT_ASSEMBLY_USAGE_OCCURRENCE('10','Next assembly relationship',
'ASM0008_ASM_1',#19291,#19238,$);
#19261=PRODUCT_DEFINITION_SHAPE('Placement #10',
'Placement of ASM0008_ASM_1_ASM with respect to ASM0011_ASM',#19260);
#19263=PROPERTY_DEFINITION('geometric validation property',
'centroid of ASM0008_ASM_1',#19261);
#19264=REPRESENTATION('centroid',(#19262),#19229);
#19265=PROPERTY_DEFINITION_REPRESENTATION(#19263,#19264);
#19274=AXIS2_PLACEMENT_3D('',#19271,#19272,#19273);
#19277=(LENGTH_UNIT()NAMED_UNIT(*)SI_UNIT(.MILLI.,.METRE.));
#19278=(NAMED_UNIT(*)PLANE_ANGLE_UNIT()SI_UNIT($,.RADIAN.));
#19281=(NAMED_UNIT(*)SI_UNIT($,.STERADIAN.)SOLID_ANGLE_UNIT());
#19283=(GEOMETRIC_REPRESENTATION_CONTEXT(3)GLOBAL_UNCERTAINTY_ASSIGNED_CONTEXT((
#19282))GLOBAL_UNIT_ASSIGNED_CONTEXT((#19277,#19280,#19281))REPRESENTATION_CONTEXT('ID12','3'));
#19287=AXIS2_PLACEMENT_3D('',#19284,#19285,#19286);
#19291=PRODUCT_DEFINITION('part definition','',#19290,#19234);
#19292=(LENGTH_UNIT()NAMED_UNIT(*)SI_UNIT(.MILLI.,.METRE.));
#19296=PROPERTY_DEFINITION('geometric validation property',
'area of ASM0011_ASM',#19258);
#19297=REPRESENTATION('surface area',(#19295),#19283);
#19298=PROPERTY_DEFINITION_REPRESENTATION(#19296,#19297);
#19299=(LENGTH_UNIT()NAMED_UNIT(*)SI_UNIT(.MILLI.,.METRE.));
#19303=PROPERTY_DEFINITION('geometric validation property',
'volume of ASM0011_ASM',#19258);
#19304=REPRESENTATION('volume',(#19302),#19283);
#19305=PROPERTY_DEFINITION_REPRESENTATION(#19303,#19304);
#19307=PROPERTY_DEFINITION('geometric validation property',
'centroid of ASM0011_ASM',#19258);
#19308=REPRESENTATION('centroid',(#19306),#19283);
#19309=PROPERTY_DEFINITION_REPRESENTATION(#19307,#19308);
#19310=NEXT_ASSEMBLY_USAGE_OCCURRENCE('11','Next assembly relationship',
'ASM0011',#19339,#19291,$);
#19311=PRODUCT_DEFINITION_SHAPE('Placement #11',
'Placement of ASM0011_ASM with respect to 18002100_ASM',#19310);
#19313=PROPERTY_DEFINITION('geometric validation property',
'centroid of ASM0011',#19311);
#19314=REPRESENTATION('centroid',(#19312),#19283);
#19315=PROPERTY_DEFINITION_REPRESENTATION(#19313,#19314);
#19323=(LENGTH_UNIT()NAMED_UNIT(*)SI_UNIT(.MILLI.,.METRE.));
#19324=(NAMED_UNIT(*)PLANE_ANGLE_UNIT()SI_UNIT($,.RADIAN.));
#19327=(NAMED_UNIT(*)SI_UNIT($,.STERADIAN.)SOLID_ANGLE_UNIT());
#19329=(GEOMETRIC_REPRESENTATION_CONTEXT(3)GLOBAL_UNCERTAINTY_ASSIGNED_CONTEXT((
#19328))GLOBAL_UNIT_ASSIGNED_CONTEXT((#19323,#19326,#19327))REPRESENTATION_CONTEXT('ID13','3'));
#19333=AXIS2_PLACEMENT_3D('',#19330,#19331,#19332);
#19339=PRODUCT_DEFINITION('part definition','',#19338,#19335);
#19340=(LENGTH_UNIT()NAMED_UNIT(*)SI_UNIT(.MILLI.,.METRE.));
#19344=PROPERTY_DEFINITION('geometric validation property',
'area of 18002100_ASM',#2955);
#19345=REPRESENTATION('surface area',(#19343),#19329);
#19346=PROPERTY_DEFINITION_REPRESENTATION(#19344,#19345);
#19347=(LENGTH_UNIT()NAMED_UNIT(*)SI_UNIT(.MILLI.,.METRE.));
#19351=PROPERTY_DEFINITION('geometric validation property',
'volume of 18002100_ASM',#2955);
#19352=REPRESENTATION('volume',(#19350),#19329);
#19353=PROPERTY_DEFINITION_REPRESENTATION(#19351,#19352);
#19355=PROPERTY_DEFINITION('geometric validation property',
'centroid of 18002100_ASM',#2955);
#19356=REPRESENTATION('centroid',(#19354),#19329);
#19357=PROPERTY_DEFINITION_REPRESENTATION(#19355,#19356);
ENDSEC;
END-ISO-10303-21;
