ISO-10303-21;
HEADER;
FILE_DESCRIPTION((''),'2;1');
FILE_NAME('1013_ASM_ASM','2025-09-13T08:32:54',('Administrator'),(''),
'CREO PARAMETRIC BY PTC INC, 2018100','CREO PARAMETRIC BY PTC INC, 2018100','');
FILE_SCHEMA(('AUTOMOTIVE_DESIGN { 1 0 10303 214 1 1 1 1 }'));
ENDSEC;
DATA;
#18=DIRECTION('',(0.E0,1.E0,0.E0));
#19=VECTOR('',#18,9.E-1);
#20=CARTESIAN_POINT('',(3.E-1,-4.5E-1,-5.15E0));
#21=LINE('',#20,#19);
#22=DRAUGHTING_PRE_DEFINED_CURVE_FONT('continuous');
#23=CURVE_STYLE('',#22,POSITIVE_LENGTH_MEASURE(2.E-2),#3);
#24=PRESENTATION_STYLE_ASSIGNMENT((#23));
#25=STYLED_ITEM('',(#24),#21);
#26=DIRECTION('',(0.E0,0.E0,-1.E0));
#27=VECTOR('',#26,6.5E-1);
#28=CARTESIAN_POINT('',(3.E-1,4.5E-1,-5.15E0));
#29=LINE('',#28,#27);
#30=CURVE_STYLE('',#22,POSITIVE_LENGTH_MEASURE(2.E-2),#3);
#31=PRESENTATION_STYLE_ASSIGNMENT((#30));
#32=STYLED_ITEM('',(#31),#29);
#33=DIRECTION('',(0.E0,-1.E0,0.E0));
#34=VECTOR('',#33,9.E-1);
#35=CARTESIAN_POINT('',(3.E-1,4.5E-1,-5.8E0));
#36=LINE('',#35,#34);
#37=CURVE_STYLE('',#22,POSITIVE_LENGTH_MEASURE(2.E-2),#3);
#38=PRESENTATION_STYLE_ASSIGNMENT((#37));
#39=STYLED_ITEM('',(#38),#36);
#40=DIRECTION('',(0.E0,0.E0,1.E0));
#41=VECTOR('',#40,6.5E-1);
#42=CARTESIAN_POINT('',(3.E-1,-4.5E-1,-5.8E0));
#43=LINE('',#42,#41);
#44=CURVE_STYLE('',#22,POSITIVE_LENGTH_MEASURE(2.E-2),#3);
#45=PRESENTATION_STYLE_ASSIGNMENT((#44));
#46=STYLED_ITEM('',(#45),#43);
#47=DIRECTION('',(1.E0,0.E0,0.E0));
#48=VECTOR('',#47,1.35E0);
#49=CARTESIAN_POINT('',(5.5E-1,9.848475E-1,-5.15E0));
#50=LINE('',#49,#48);
#51=CURVE_STYLE('',#22,POSITIVE_LENGTH_MEASURE(2.E-2),#3);
#52=PRESENTATION_STYLE_ASSIGNMENT((#51));
#53=STYLED_ITEM('',(#52),#50);
#54=DIRECTION('',(0.E0,-1.E0,0.E0));
#55=VECTOR('',#54,4.252778125E0);
#56=CARTESIAN_POINT('',(0.E0,4.802778125E0,-5.15E0));
#57=LINE('',#56,#55);
#58=CURVE_STYLE('',#22,POSITIVE_LENGTH_MEASURE(2.E-2),#3);
#59=PRESENTATION_STYLE_ASSIGNMENT((#58));
#60=STYLED_ITEM('',(#59),#57);
#61=DIRECTION('',(-1.E0,0.E0,0.E0));
#62=VECTOR('',#61,3.E-1);
#63=CARTESIAN_POINT('',(3.E-1,-5.5E-1,-5.15E0));
#64=LINE('',#63,#62);
#65=CURVE_STYLE('',#22,POSITIVE_LENGTH_MEASURE(2.E-2),#3);
#66=PRESENTATION_STYLE_ASSIGNMENT((#65));
#67=STYLED_ITEM('',(#66),#64);
#68=DIRECTION('',(0.E0,-1.E0,0.E0));
#69=VECTOR('',#68,4.252778125E0);
#70=CARTESIAN_POINT('',(0.E0,-5.5E-1,-5.15E0));
#71=LINE('',#70,#69);
#72=CURVE_STYLE('',#22,POSITIVE_LENGTH_MEASURE(2.E-2),#3);
#73=PRESENTATION_STYLE_ASSIGNMENT((#72));
#74=STYLED_ITEM('',(#73),#71);
#75=DIRECTION('',(0.E0,9.850662488905E-14,-1.E0));
#76=VECTOR('',#75,2.479519176427E-1);
#77=CARTESIAN_POINT('',(5.5E-1,-9.848475E-1,-4.902048082357E0));
#78=LINE('',#77,#76);
#79=CURVE_STYLE('',#22,POSITIVE_LENGTH_MEASURE(2.E-2),#3);
#80=PRESENTATION_STYLE_ASSIGNMENT((#79));
#81=STYLED_ITEM('',(#80),#78);
#82=DIRECTION('',(1.E0,0.E0,0.E0));
#83=VECTOR('',#82,1.35E0);
#84=CARTESIAN_POINT('',(5.5E-1,-9.848475E-1,-5.15E0));
#85=LINE('',#84,#83);
#86=CURVE_STYLE('',#22,POSITIVE_LENGTH_MEASURE(2.E-2),#3);
#87=PRESENTATION_STYLE_ASSIGNMENT((#86));
#88=STYLED_ITEM('',(#87),#85);
#89=DIRECTION('',(0.E0,9.850662488905E-14,-1.E0));
#90=VECTOR('',#89,2.479519176427E-1);
#91=CARTESIAN_POINT('',(1.9E0,-9.848475E-1,-4.902048082357E0));
#92=LINE('',#91,#90);
#93=CURVE_STYLE('',#22,POSITIVE_LENGTH_MEASURE(2.E-2),#3);
#94=PRESENTATION_STYLE_ASSIGNMENT((#93));
#95=STYLED_ITEM('',(#94),#92);
#96=DIRECTION('',(0.E0,-1.E0,0.E0));
#97=VECTOR('',#96,3.817930625E0);
#98=CARTESIAN_POINT('',(1.9E0,-9.848475E-1,-5.15E0));
#99=LINE('',#98,#97);
#100=CURVE_STYLE('',#22,POSITIVE_LENGTH_MEASURE(2.E-2),#3);
#101=PRESENTATION_STYLE_ASSIGNMENT((#100));
#102=STYLED_ITEM('',(#101),#99);
#103=CARTESIAN_POINT('',(1.9E0,-4.802778125E0,-4.802778125E0));
#104=DIRECTION('',(-1.E0,0.E0,0.E0));
#105=DIRECTION('',(0.E0,2.302160766023E-14,-1.E0));
#106=AXIS2_PLACEMENT_3D('',#103,#104,#105);
#108=CURVE_STYLE('',#22,POSITIVE_LENGTH_MEASURE(2.E-2),#3);
#109=PRESENTATION_STYLE_ASSIGNMENT((#108));
#110=STYLED_ITEM('',(#109),#107);
#111=DIRECTION('',(0.E0,0.E0,1.E0));
#112=VECTOR('',#111,3.817930625E0);
#113=CARTESIAN_POINT('',(1.9E0,-5.15E0,-4.802778125E0));
#114=LINE('',#113,#112);
#115=CURVE_STYLE('',#22,POSITIVE_LENGTH_MEASURE(2.E-2),#3);
#116=PRESENTATION_STYLE_ASSIGNMENT((#115));
#117=STYLED_ITEM('',(#116),#114);
#118=DIRECTION('',(0.E0,1.E0,-1.002976544325E-13));
#119=VECTOR('',#118,2.479519176427E-1);
#120=CARTESIAN_POINT('',(1.9E0,-5.15E0,-9.848475E-1));
#121=LINE('',#120,#119);
#122=CURVE_STYLE('',#22,POSITIVE_LENGTH_MEASURE(2.E-2),#3);
#123=PRESENTATION_STYLE_ASSIGNMENT((#122));
#124=STYLED_ITEM('',(#123),#121);
#125=CARTESIAN_POINT('',(1.9E0,0.E0,0.E0));
#126=DIRECTION('',(1.E0,0.E0,0.E0));
#127=DIRECTION('',(0.E0,-9.804096164715E-1,-1.969695E-1));
#128=AXIS2_PLACEMENT_3D('',#125,#126,#127);
#130=CURVE_STYLE('',#22,POSITIVE_LENGTH_MEASURE(2.E-2),#3);
#131=PRESENTATION_STYLE_ASSIGNMENT((#130));
#132=STYLED_ITEM('',(#131),#129);
#133=DIRECTION('',(1.E0,0.E0,0.E0));
#134=VECTOR('',#133,1.9E0);
#135=CARTESIAN_POINT('',(0.E0,-5.15E0,-4.802778125E0));
#136=LINE('',#135,#134);
#137=CURVE_STYLE('',#22,POSITIVE_LENGTH_MEASURE(2.E-2),#3);
#138=PRESENTATION_STYLE_ASSIGNMENT((#137));
#139=STYLED_ITEM('',(#138),#136);
#140=DIRECTION('',(-1.E0,0.E0,0.E0));
#141=VECTOR('',#140,1.9E0);
#142=CARTESIAN_POINT('',(1.9E0,-4.802778125E0,-5.15E0));
#143=LINE('',#142,#141);
#144=CURVE_STYLE('',#22,POSITIVE_LENGTH_MEASURE(2.E-2),#3);
#145=PRESENTATION_STYLE_ASSIGNMENT((#144));
#146=STYLED_ITEM('',(#145),#143);
#147=DIRECTION('',(0.E0,0.E0,-1.E0));
#148=VECTOR('',#147,2.052778125E0);
#149=CARTESIAN_POINT('',(0.E0,-5.15E0,-2.75E0));
#150=LINE('',#149,#148);
#151=CURVE_STYLE('',#22,POSITIVE_LENGTH_MEASURE(2.E-2),#3);
#152=PRESENTATION_STYLE_ASSIGNMENT((#151));
#153=STYLED_ITEM('',(#152),#150);
#154=CARTESIAN_POINT('',(0.E0,-4.802778125E0,-4.802778125E0));
#155=DIRECTION('',(1.E0,0.E0,0.E0));
#156=DIRECTION('',(0.E0,-1.E0,0.E0));
#157=AXIS2_PLACEMENT_3D('',#154,#155,#156);
#159=CURVE_STYLE('',#22,POSITIVE_LENGTH_MEASURE(2.E-2),#3);
#160=PRESENTATION_STYLE_ASSIGNMENT((#159));
#161=STYLED_ITEM('',(#160),#158);
#162=DIRECTION('',(0.E0,0.E0,1.E0));
#163=VECTOR('',#162,2.4E0);
#164=CARTESIAN_POINT('',(0.E0,-5.5E-1,-5.15E0));
#165=LINE('',#164,#163);
#166=CURVE_STYLE('',#22,POSITIVE_LENGTH_MEASURE(2.E-2),#3);
#167=PRESENTATION_STYLE_ASSIGNMENT((#166));
#168=STYLED_ITEM('',(#167),#165);
#169=DIRECTION('',(0.E0,1.E0,0.E0));
#170=VECTOR('',#169,4.6E0);
#171=CARTESIAN_POINT('',(0.E0,-5.15E0,-2.75E0));
#172=LINE('',#171,#170);
#173=CURVE_STYLE('',#22,POSITIVE_LENGTH_MEASURE(2.E-2),#3);
#174=PRESENTATION_STYLE_ASSIGNMENT((#173));
#175=STYLED_ITEM('',(#174),#172);
#176=DIRECTION('',(-1.E0,0.E0,0.E0));
#177=VECTOR('',#176,5.E-2);
#178=CARTESIAN_POINT('',(5.E-2,-5.15E0,-2.75E0));
#179=LINE('',#178,#177);
#180=CURVE_STYLE('',#22,POSITIVE_LENGTH_MEASURE(2.E-2),#3);
#181=PRESENTATION_STYLE_ASSIGNMENT((#180));
#182=STYLED_ITEM('',(#181),#179);
#183=DIRECTION('',(-1.E0,0.E0,0.E0));
#184=VECTOR('',#183,5.E-2);
#185=CARTESIAN_POINT('',(5.E-2,-5.5E-1,-2.75E0));
#186=LINE('',#185,#184);
#187=CURVE_STYLE('',#22,POSITIVE_LENGTH_MEASURE(2.E-2),#3);
#188=PRESENTATION_STYLE_ASSIGNMENT((#187));
#189=STYLED_ITEM('',(#188),#186);
#190=DIRECTION('',(0.E0,0.E0,1.E0));
#191=VECTOR('',#190,5.5E0);
#192=CARTESIAN_POINT('',(5.E-2,5.15E0,-2.75E0));
#193=LINE('',#192,#191);
#194=CURVE_STYLE('',#22,POSITIVE_LENGTH_MEASURE(2.E-2),#3);
#195=PRESENTATION_STYLE_ASSIGNMENT((#194));
#196=STYLED_ITEM('',(#195),#193);
#197=DIRECTION('',(0.E0,-1.E0,0.E0));
#198=VECTOR('',#197,4.6E0);
#199=CARTESIAN_POINT('',(5.E-2,5.15E0,2.75E0));
#200=LINE('',#199,#198);
#201=CURVE_STYLE('',#22,POSITIVE_LENGTH_MEASURE(2.E-2),#3);
#202=PRESENTATION_STYLE_ASSIGNMENT((#201));
#203=STYLED_ITEM('',(#202),#200);
#204=DIRECTION('',(0.E0,0.E0,-1.E0));
#205=VECTOR('',#204,1.6E-1);
#206=CARTESIAN_POINT('',(5.E-2,5.5E-1,2.75E0));
#207=LINE('',#206,#205);
#208=CURVE_STYLE('',#22,POSITIVE_LENGTH_MEASURE(2.E-2),#3);
#209=PRESENTATION_STYLE_ASSIGNMENT((#208));
#210=STYLED_ITEM('',(#209),#207);
#211=CARTESIAN_POINT('',(5.E-2,1.E-2,2.59E0));
#212=DIRECTION('',(-1.E0,0.E0,0.E0));
#213=DIRECTION('',(0.E0,1.E0,0.E0));
#214=AXIS2_PLACEMENT_3D('',#211,#212,#213);
#216=CURVE_STYLE('',#22,POSITIVE_LENGTH_MEASURE(2.E-2),#3);
#217=PRESENTATION_STYLE_ASSIGNMENT((#216));
#218=STYLED_ITEM('',(#217),#215);
#219=CARTESIAN_POINT('',(5.E-2,-1.E-2,2.59E0));
#220=DIRECTION('',(-1.E0,0.E0,0.E0));
#221=DIRECTION('',(0.E0,0.E0,-1.E0));
#222=AXIS2_PLACEMENT_3D('',#219,#220,#221);
#224=CURVE_STYLE('',#22,POSITIVE_LENGTH_MEASURE(2.E-2),#3);
#225=PRESENTATION_STYLE_ASSIGNMENT((#224));
#226=STYLED_ITEM('',(#225),#223);
#227=DIRECTION('',(0.E0,-1.E0,0.E0));
#228=VECTOR('',#227,4.6E0);
#229=CARTESIAN_POINT('',(5.E-2,-5.5E-1,2.75E0));
#230=LINE('',#229,#228);
#231=CURVE_STYLE('',#22,POSITIVE_LENGTH_MEASURE(2.E-2),#3);
#232=PRESENTATION_STYLE_ASSIGNMENT((#231));
#233=STYLED_ITEM('',(#232),#230);
#234=DIRECTION('',(0.E0,1.E0,0.E0));
#235=VECTOR('',#234,4.6E0);
#236=CARTESIAN_POINT('',(5.E-2,-5.15E0,-2.75E0));
#237=LINE('',#236,#235);
#238=CURVE_STYLE('',#22,POSITIVE_LENGTH_MEASURE(2.E-2),#3);
#239=PRESENTATION_STYLE_ASSIGNMENT((#238));
#240=STYLED_ITEM('',(#239),#237);
#241=DIRECTION('',(0.E0,0.E0,1.E0));
#242=VECTOR('',#241,1.6E-1);
#243=CARTESIAN_POINT('',(5.E-2,-5.5E-1,-2.75E0));
#244=LINE('',#243,#242);
#245=CURVE_STYLE('',#22,POSITIVE_LENGTH_MEASURE(2.E-2),#3);
#246=PRESENTATION_STYLE_ASSIGNMENT((#245));
#247=STYLED_ITEM('',(#246),#244);
#248=CARTESIAN_POINT('',(5.E-2,-1.E-2,-2.59E0));
#249=DIRECTION('',(-1.E0,0.E0,0.E0));
#250=DIRECTION('',(0.E0,-1.E0,0.E0));
#251=AXIS2_PLACEMENT_3D('',#248,#249,#250);
#253=CURVE_STYLE('',#22,POSITIVE_LENGTH_MEASURE(2.E-2),#3);
#254=PRESENTATION_STYLE_ASSIGNMENT((#253));
#255=STYLED_ITEM('',(#254),#252);
#256=DIRECTION('',(0.E0,1.E0,-2.220446049250E-14));
#257=VECTOR('',#256,2.E-2);
#258=CARTESIAN_POINT('',(5.E-2,-9.999999999999E-3,-2.05E0));
#259=LINE('',#258,#257);
#260=CURVE_STYLE('',#22,POSITIVE_LENGTH_MEASURE(2.E-2),#3);
#261=PRESENTATION_STYLE_ASSIGNMENT((#260));
#262=STYLED_ITEM('',(#261),#259);
#263=CARTESIAN_POINT('',(5.E-2,1.E-2,-2.59E0));
#264=DIRECTION('',(-1.E0,0.E0,0.E0));
#265=DIRECTION('',(0.E0,0.E0,1.E0));
#266=AXIS2_PLACEMENT_3D('',#263,#264,#265);
#268=CURVE_STYLE('',#22,POSITIVE_LENGTH_MEASURE(2.E-2),#3);
#269=PRESENTATION_STYLE_ASSIGNMENT((#268));
#270=STYLED_ITEM('',(#269),#267);
#271=DIRECTION('',(0.E0,1.E0,0.E0));
#272=VECTOR('',#271,4.6E0);
#273=CARTESIAN_POINT('',(5.E-2,5.5E-1,-2.75E0));
#274=LINE('',#273,#272);
#275=CURVE_STYLE('',#22,POSITIVE_LENGTH_MEASURE(2.E-2),#3);
#276=PRESENTATION_STYLE_ASSIGNMENT((#275));
#277=STYLED_ITEM('',(#276),#274);
#278=DIRECTION('',(0.E0,0.E0,1.E0));
#279=VECTOR('',#278,3.27878975E0);
#280=CARTESIAN_POINT('',(1.1E0,5.15E0,9.848475E-1));
#281=LINE('',#280,#279);
#282=CURVE_STYLE('',#22,POSITIVE_LENGTH_MEASURE(2.E-2),#3);
#283=PRESENTATION_STYLE_ASSIGNMENT((#282));
#284=STYLED_ITEM('',(#283),#281);
#285=DIRECTION('',(-1.E0,0.E0,0.E0));
#286=VECTOR('',#285,1.1E0);
#287=CARTESIAN_POINT('',(1.1E0,5.15E0,4.26363725E0));
#288=LINE('',#287,#286);
#289=CURVE_STYLE('',#22,POSITIVE_LENGTH_MEASURE(2.E-2),#3);
#290=PRESENTATION_STYLE_ASSIGNMENT((#289));
#291=STYLED_ITEM('',(#290),#288);
#292=DIRECTION('',(0.E0,0.E0,-1.E0));
#293=VECTOR('',#292,1.51363725E0);
#294=CARTESIAN_POINT('',(0.E0,5.15E0,4.26363725E0));
#295=LINE('',#294,#293);
#296=CURVE_STYLE('',#22,POSITIVE_LENGTH_MEASURE(2.E-2),#3);
#297=PRESENTATION_STYLE_ASSIGNMENT((#296));
#298=STYLED_ITEM('',(#297),#295);
#299=DIRECTION('',(-1.E0,0.E0,0.E0));
#300=VECTOR('',#299,5.E-2);
#301=CARTESIAN_POINT('',(5.E-2,5.15E0,-2.75E0));
#302=LINE('',#301,#300);
#303=CURVE_STYLE('',#22,POSITIVE_LENGTH_MEASURE(2.E-2),#3);
#304=PRESENTATION_STYLE_ASSIGNMENT((#303));
#305=STYLED_ITEM('',(#304),#302);
#306=DIRECTION('',(0.E0,0.E0,-1.E0));
#307=VECTOR('',#306,2.052778125E0);
#308=CARTESIAN_POINT('',(0.E0,5.15E0,-2.75E0));
#309=LINE('',#308,#307);
#310=CURVE_STYLE('',#22,POSITIVE_LENGTH_MEASURE(2.E-2),#3);
#311=PRESENTATION_STYLE_ASSIGNMENT((#310));
#312=STYLED_ITEM('',(#311),#309);
#313=DIRECTION('',(1.E0,0.E0,0.E0));
#314=VECTOR('',#313,5.5E-1);
#315=CARTESIAN_POINT('',(5.5E-1,5.15E0,9.848475E-1));
#316=LINE('',#315,#314);
#317=CURVE_STYLE('',#22,POSITIVE_LENGTH_MEASURE(2.E-2),#3);
#318=PRESENTATION_STYLE_ASSIGNMENT((#317));
#319=STYLED_ITEM('',(#318),#316);
#320=DIRECTION('',(0.E0,-1.E0,1.011931692042E-13));
#321=VECTOR('',#320,2.479519176427E-1);
#322=CARTESIAN_POINT('',(1.1E0,5.15E0,9.848475E-1));
#323=LINE('',#322,#321);
#324=CURVE_STYLE('',#22,POSITIVE_LENGTH_MEASURE(2.E-2),#3);
#325=PRESENTATION_STYLE_ASSIGNMENT((#324));
#326=STYLED_ITEM('',(#325),#323);
#327=CARTESIAN_POINT('',(1.1E0,0.E0,0.E0));
#328=DIRECTION('',(1.E0,0.E0,0.E0));
#329=DIRECTION('',(0.E0,9.804096164715E-1,1.969695E-1));
#330=AXIS2_PLACEMENT_3D('',#327,#328,#329);
#332=CURVE_STYLE('',#22,POSITIVE_LENGTH_MEASURE(2.E-2),#3);
#333=PRESENTATION_STYLE_ASSIGNMENT((#332));
#334=STYLED_ITEM('',(#333),#331);
#335=DIRECTION('',(0.E0,1.E0,0.E0));
#336=VECTOR('',#335,3.27878975E0);
#337=CARTESIAN_POINT('',(1.1E0,9.848475E-1,5.15E0));
#338=LINE('',#337,#336);
#339=CURVE_STYLE('',#22,POSITIVE_LENGTH_MEASURE(2.E-2),#3);
#340=PRESENTATION_STYLE_ASSIGNMENT((#339));
#341=STYLED_ITEM('',(#340),#338);
#342=DIRECTION('',(0.E0,7.071067811865E-1,-7.071067811865E-1));
#343=VECTOR('',#342,1.253506222232E0);
#344=CARTESIAN_POINT('',(1.1E0,4.26363725E0,5.15E0));
#345=LINE('',#344,#343);
#346=CURVE_STYLE('',#22,POSITIVE_LENGTH_MEASURE(2.E-2),#3);
#347=PRESENTATION_STYLE_ASSIGNMENT((#346));
#348=STYLED_ITEM('',(#347),#345);
#349=CARTESIAN_POINT('',(5.5E-1,0.E0,0.E0));
#350=DIRECTION('',(-1.E0,0.E0,0.E0));
#351=DIRECTION('',(0.E0,-9.804096164715E-1,1.969695E-1));
#352=AXIS2_PLACEMENT_3D('',#349,#350,#351);
#354=CURVE_STYLE('',#22,POSITIVE_LENGTH_MEASURE(2.E-2),#3);
#355=PRESENTATION_STYLE_ASSIGNMENT((#354));
#356=STYLED_ITEM('',(#355),#353);
#357=DIRECTION('',(0.E0,1.E0,0.E0));
#358=VECTOR('',#357,1.969695E0);
#359=CARTESIAN_POINT('',(5.5E-1,-9.848475E-1,5.15E0));
#360=LINE('',#359,#358);
#361=CURVE_STYLE('',#22,POSITIVE_LENGTH_MEASURE(2.E-2),#3);
#362=PRESENTATION_STYLE_ASSIGNMENT((#361));
#363=STYLED_ITEM('',(#362),#360);
#364=DIRECTION('',(0.E0,1.007454118183E-13,-1.E0));
#365=VECTOR('',#364,2.479519176427E-1);
#366=CARTESIAN_POINT('',(5.5E-1,9.848475E-1,5.15E0));
#367=LINE('',#366,#365);
#368=CURVE_STYLE('',#22,POSITIVE_LENGTH_MEASURE(2.E-2),#3);
#369=PRESENTATION_STYLE_ASSIGNMENT((#368));
#370=STYLED_ITEM('',(#369),#367);
#371=CARTESIAN_POINT('',(5.5E-1,0.E0,0.E0));
#372=DIRECTION('',(-1.E0,0.E0,0.E0));
#373=DIRECTION('',(0.E0,1.969695E-1,9.804096164715E-1));
#374=AXIS2_PLACEMENT_3D('',#371,#372,#373);
#376=CURVE_STYLE('',#22,POSITIVE_LENGTH_MEASURE(2.E-2),#3);
#377=PRESENTATION_STYLE_ASSIGNMENT((#376));
#378=STYLED_ITEM('',(#377),#375);
#379=DIRECTION('',(0.E0,1.E0,-1.007454118183E-13));
#380=VECTOR('',#379,2.479519176427E-1);
#381=CARTESIAN_POINT('',(5.5E-1,4.902048082357E0,9.848475E-1));
#382=LINE('',#381,#380);
#383=CURVE_STYLE('',#22,POSITIVE_LENGTH_MEASURE(2.E-2),#3);
#384=PRESENTATION_STYLE_ASSIGNMENT((#383));
#385=STYLED_ITEM('',(#384),#382);
#386=DIRECTION('',(0.E0,0.E0,-1.E0));
#387=VECTOR('',#386,1.969695E0);
#388=CARTESIAN_POINT('',(5.5E-1,5.15E0,9.848475E-1));
#389=LINE('',#388,#387);
#390=CURVE_STYLE('',#22,POSITIVE_LENGTH_MEASURE(2.E-2),#3);
#391=PRESENTATION_STYLE_ASSIGNMENT((#390));
#392=STYLED_ITEM('',(#391),#389);
#393=CARTESIAN_POINT('',(5.5E-1,0.E0,0.E0));
#394=DIRECTION('',(-1.E0,0.E0,0.E0));
#395=DIRECTION('',(0.E0,9.804096164715E-1,-1.969695E-1));
#396=AXIS2_PLACEMENT_3D('',#393,#394,#395);
#398=CURVE_STYLE('',#22,POSITIVE_LENGTH_MEASURE(2.E-2),#3);
#399=PRESENTATION_STYLE_ASSIGNMENT((#398));
#400=STYLED_ITEM('',(#399),#397);
#401=DIRECTION('',(0.E0,-9.626783795975E-14,-1.E0));
#402=VECTOR('',#401,2.479519176427E-1);
#403=CARTESIAN_POINT('',(5.5E-1,9.848475E-1,-4.902048082357E0));
#404=LINE('',#403,#402);
#405=CURVE_STYLE('',#22,POSITIVE_LENGTH_MEASURE(2.E-2),#3);
#406=PRESENTATION_STYLE_ASSIGNMENT((#405));
#407=STYLED_ITEM('',(#406),#404);
#408=DIRECTION('',(0.E0,-1.E0,0.E0));
#409=VECTOR('',#408,1.969695E0);
#410=CARTESIAN_POINT('',(5.5E-1,9.848475E-1,-5.15E0));
#411=LINE('',#410,#409);
#412=CURVE_STYLE('',#22,POSITIVE_LENGTH_MEASURE(2.E-2),#3);
#413=PRESENTATION_STYLE_ASSIGNMENT((#412));
#414=STYLED_ITEM('',(#413),#411);
#415=CARTESIAN_POINT('',(5.5E-1,0.E0,0.E0));
#416=DIRECTION('',(-1.E0,0.E0,0.E0));
#417=DIRECTION('',(0.E0,-1.969695E-1,-9.804096164715E-1));
#418=AXIS2_PLACEMENT_3D('',#415,#416,#417);
#420=CURVE_STYLE('',#22,POSITIVE_LENGTH_MEASURE(2.E-2),#3);
#421=PRESENTATION_STYLE_ASSIGNMENT((#420));
#422=STYLED_ITEM('',(#421),#419);
#423=DIRECTION('',(0.E0,1.E0,1.016409265901E-13));
#424=VECTOR('',#423,2.479519176427E-1);
#425=CARTESIAN_POINT('',(5.5E-1,-5.15E0,9.848475E-1));
#426=LINE('',#425,#424);
#427=CURVE_STYLE('',#22,POSITIVE_LENGTH_MEASURE(2.E-2),#3);
#428=PRESENTATION_STYLE_ASSIGNMENT((#427));
#429=STYLED_ITEM('',(#428),#426);
#430=DIRECTION('',(-1.E0,0.E0,0.E0));
#431=VECTOR('',#430,5.5E-1);
#432=CARTESIAN_POINT('',(1.1E0,-9.848475E-1,4.902048082357E0));
#433=LINE('',#432,#431);
#434=CURVE_STYLE('',#22,POSITIVE_LENGTH_MEASURE(2.E-2),#3);
#435=PRESENTATION_STYLE_ASSIGNMENT((#434));
#436=STYLED_ITEM('',(#435),#433);
#437=DIRECTION('',(1.E0,0.E0,0.E0));
#438=VECTOR('',#437,5.5E-1);
#439=CARTESIAN_POINT('',(5.5E-1,-4.902048082357E0,9.848475E-1));
#440=LINE('',#439,#438);
#441=CURVE_STYLE('',#22,POSITIVE_LENGTH_MEASURE(2.E-2),#3);
#442=PRESENTATION_STYLE_ASSIGNMENT((#441));
#443=STYLED_ITEM('',(#442),#440);
#444=DIRECTION('',(0.E0,0.E0,1.E0));
#445=VECTOR('',#444,3.27878975E0);
#446=CARTESIAN_POINT('',(1.1E0,-5.15E0,9.848475E-1));
#447=LINE('',#446,#445);
#448=CURVE_STYLE('',#22,POSITIVE_LENGTH_MEASURE(2.E-2),#3);
#449=PRESENTATION_STYLE_ASSIGNMENT((#448));
#450=STYLED_ITEM('',(#449),#447);
#451=DIRECTION('',(0.E0,7.071067811865E-1,7.071067811865E-1));
#452=VECTOR('',#451,1.253506222232E0);
#453=CARTESIAN_POINT('',(1.1E0,-5.15E0,4.26363725E0));
#454=LINE('',#453,#452);
#455=CURVE_STYLE('',#22,POSITIVE_LENGTH_MEASURE(2.E-2),#3);
#456=PRESENTATION_STYLE_ASSIGNMENT((#455));
#457=STYLED_ITEM('',(#456),#454);
#458=DIRECTION('',(0.E0,1.E0,0.E0));
#459=VECTOR('',#458,3.27878975E0);
#460=CARTESIAN_POINT('',(1.1E0,-4.26363725E0,5.15E0));
#461=LINE('',#460,#459);
#462=CURVE_STYLE('',#22,POSITIVE_LENGTH_MEASURE(2.E-2),#3);
#463=PRESENTATION_STYLE_ASSIGNMENT((#462));
#464=STYLED_ITEM('',(#463),#461);
#465=DIRECTION('',(0.E0,-1.002976544325E-13,-1.E0));
#466=VECTOR('',#465,2.479519176427E-1);
#467=CARTESIAN_POINT('',(1.1E0,-9.848475E-1,5.15E0));
#468=LINE('',#467,#466);
#469=CURVE_STYLE('',#22,POSITIVE_LENGTH_MEASURE(2.E-2),#3);
#470=PRESENTATION_STYLE_ASSIGNMENT((#469));
#471=STYLED_ITEM('',(#470),#468);
#472=CARTESIAN_POINT('',(1.1E0,0.E0,0.E0));
#473=DIRECTION('',(1.E0,0.E0,0.E0));
#474=DIRECTION('',(0.E0,-1.969695E-1,9.804096164715E-1));
#475=AXIS2_PLACEMENT_3D('',#472,#473,#474);
#477=CURVE_STYLE('',#22,POSITIVE_LENGTH_MEASURE(2.E-2),#3);
#478=PRESENTATION_STYLE_ASSIGNMENT((#477));
#479=STYLED_ITEM('',(#478),#476);
#480=DIRECTION('',(0.E0,-1.E0,-1.007454118183E-13));
#481=VECTOR('',#480,2.479519176427E-1);
#482=CARTESIAN_POINT('',(1.1E0,-4.902048082357E0,9.848475E-1));
#483=LINE('',#482,#481);
#484=CURVE_STYLE('',#22,POSITIVE_LENGTH_MEASURE(2.E-2),#3);
#485=PRESENTATION_STYLE_ASSIGNMENT((#484));
#486=STYLED_ITEM('',(#485),#483);
#487=DIRECTION('',(0.E0,0.E0,-1.E0));
#488=VECTOR('',#487,1.969695E0);
#489=CARTESIAN_POINT('',(5.5E-1,-5.15E0,9.848475E-1));
#490=LINE('',#489,#488);
#491=CURVE_STYLE('',#22,POSITIVE_LENGTH_MEASURE(2.E-2),#3);
#492=PRESENTATION_STYLE_ASSIGNMENT((#491));
#493=STYLED_ITEM('',(#492),#490);
#494=DIRECTION('',(1.E0,0.E0,0.E0));
#495=VECTOR('',#494,1.35E0);
#496=CARTESIAN_POINT('',(5.5E-1,-5.15E0,-9.848475E-1));
#497=LINE('',#496,#495);
#498=CURVE_STYLE('',#22,POSITIVE_LENGTH_MEASURE(2.E-2),#3);
#499=PRESENTATION_STYLE_ASSIGNMENT((#498));
#500=STYLED_ITEM('',(#499),#497);
#501=DIRECTION('',(0.E0,0.E0,1.E0));
#502=VECTOR('',#501,5.5E0);
#503=CARTESIAN_POINT('',(5.E-2,-5.15E0,-2.75E0));
#504=LINE('',#503,#502);
#505=CURVE_STYLE('',#22,POSITIVE_LENGTH_MEASURE(2.E-2),#3);
#506=PRESENTATION_STYLE_ASSIGNMENT((#505));
#507=STYLED_ITEM('',(#506),#504);
#508=DIRECTION('',(-1.E0,0.E0,0.E0));
#509=VECTOR('',#508,5.E-2);
#510=CARTESIAN_POINT('',(5.E-2,-5.15E0,2.75E0));
#511=LINE('',#510,#509);
#512=CURVE_STYLE('',#22,POSITIVE_LENGTH_MEASURE(2.E-2),#3);
#513=PRESENTATION_STYLE_ASSIGNMENT((#512));
#514=STYLED_ITEM('',(#513),#511);
#515=DIRECTION('',(1.E0,0.E0,0.E0));
#516=VECTOR('',#515,5.5E-1);
#517=CARTESIAN_POINT('',(5.5E-1,-5.15E0,9.848475E-1));
#518=LINE('',#517,#516);
#519=CURVE_STYLE('',#22,POSITIVE_LENGTH_MEASURE(2.E-2),#3);
#520=PRESENTATION_STYLE_ASSIGNMENT((#519));
#521=STYLED_ITEM('',(#520),#518);
#522=DIRECTION('',(0.E0,1.E0,-1.002976544325E-13));
#523=VECTOR('',#522,2.479519176427E-1);
#524=CARTESIAN_POINT('',(5.5E-1,-5.15E0,-9.848475E-1));
#525=LINE('',#524,#523);
#526=CURVE_STYLE('',#22,POSITIVE_LENGTH_MEASURE(2.E-2),#3);
#527=PRESENTATION_STYLE_ASSIGNMENT((#526));
#528=STYLED_ITEM('',(#527),#525);
#529=DIRECTION('',(1.E0,0.E0,0.E0));
#530=VECTOR('',#529,1.35E0);
#531=CARTESIAN_POINT('',(5.5E-1,-9.848475E-1,-4.902048082357E0));
#532=LINE('',#531,#530);
#533=CURVE_STYLE('',#22,POSITIVE_LENGTH_MEASURE(2.E-2),#3);
#534=PRESENTATION_STYLE_ASSIGNMENT((#533));
#535=STYLED_ITEM('',(#534),#532);
#536=DIRECTION('',(-1.E0,0.E0,0.E0));
#537=VECTOR('',#536,1.35E0);
#538=CARTESIAN_POINT('',(1.9E0,-4.902048082357E0,-9.848475E-1));
#539=LINE('',#538,#537);
#540=CURVE_STYLE('',#22,POSITIVE_LENGTH_MEASURE(2.E-2),#3);
#541=PRESENTATION_STYLE_ASSIGNMENT((#540));
#542=STYLED_ITEM('',(#541),#539);
#543=DIRECTION('',(-1.E0,0.E0,0.E0));
#544=VECTOR('',#543,5.E-2);
#545=CARTESIAN_POINT('',(5.E-2,-5.5E-1,2.75E0));
#546=LINE('',#545,#544);
#547=CURVE_STYLE('',#22,POSITIVE_LENGTH_MEASURE(2.E-2),#3);
#548=PRESENTATION_STYLE_ASSIGNMENT((#547));
#549=STYLED_ITEM('',(#548),#546);
#550=DIRECTION('',(0.E0,1.E0,0.E0));
#551=VECTOR('',#550,4.6E0);
#552=CARTESIAN_POINT('',(0.E0,-5.15E0,2.75E0));
#553=LINE('',#552,#551);
#554=CURVE_STYLE('',#22,POSITIVE_LENGTH_MEASURE(2.E-2),#3);
#555=PRESENTATION_STYLE_ASSIGNMENT((#554));
#556=STYLED_ITEM('',(#555),#553);
#557=DIRECTION('',(0.E0,0.E0,1.E0));
#558=VECTOR('',#557,2.4E0);
#559=CARTESIAN_POINT('',(0.E0,-5.5E-1,2.75E0));
#560=LINE('',#559,#558);
#561=CURVE_STYLE('',#22,POSITIVE_LENGTH_MEASURE(2.E-2),#3);
#562=PRESENTATION_STYLE_ASSIGNMENT((#561));
#563=STYLED_ITEM('',(#562),#560);
#564=DIRECTION('',(0.E0,-7.071067811865E-1,-7.071067811865E-1));
#565=VECTOR('',#564,1.253506222232E0);
#566=CARTESIAN_POINT('',(0.E0,-4.26363725E0,5.15E0));
#567=LINE('',#566,#565);
#568=CURVE_STYLE('',#22,POSITIVE_LENGTH_MEASURE(2.E-2),#3);
#569=PRESENTATION_STYLE_ASSIGNMENT((#568));
#570=STYLED_ITEM('',(#569),#567);
#571=DIRECTION('',(0.E0,0.E0,-1.E0));
#572=VECTOR('',#571,1.51363725E0);
#573=CARTESIAN_POINT('',(0.E0,-5.15E0,4.26363725E0));
#574=LINE('',#573,#572);
#575=CURVE_STYLE('',#22,POSITIVE_LENGTH_MEASURE(2.E-2),#3);
#576=PRESENTATION_STYLE_ASSIGNMENT((#575));
#577=STYLED_ITEM('',(#576),#574);
#578=DIRECTION('',(0.E0,0.E0,-1.E0));
#579=VECTOR('',#578,1.6E-1);
#580=CARTESIAN_POINT('',(5.E-2,-5.5E-1,2.75E0));
#581=LINE('',#580,#579);
#582=CURVE_STYLE('',#22,POSITIVE_LENGTH_MEASURE(2.E-2),#3);
#583=PRESENTATION_STYLE_ASSIGNMENT((#582));
#584=STYLED_ITEM('',(#583),#581);
#585=DIRECTION('',(-1.E0,0.E0,0.E0));
#586=VECTOR('',#585,3.E-1);
#587=CARTESIAN_POINT('',(3.E-1,-5.5E-1,5.15E0));
#588=LINE('',#587,#586);
#589=CURVE_STYLE('',#22,POSITIVE_LENGTH_MEASURE(2.E-2),#3);
#590=PRESENTATION_STYLE_ASSIGNMENT((#589));
#591=STYLED_ITEM('',(#590),#588);
#592=DIRECTION('',(1.E0,0.E0,0.E0));
#593=VECTOR('',#592,2.5E-1);
#594=CARTESIAN_POINT('',(5.E-2,-1.E-2,2.05E0));
#595=LINE('',#594,#593);
#596=CURVE_STYLE('',#22,POSITIVE_LENGTH_MEASURE(2.E-2),#3);
#597=PRESENTATION_STYLE_ASSIGNMENT((#596));
#598=STYLED_ITEM('',(#597),#595);
#599=DIRECTION('',(-1.E0,0.E0,0.E0));
#600=VECTOR('',#599,2.5E-1);
#601=CARTESIAN_POINT('',(3.E-1,-5.5E-1,2.59E0));
#602=LINE('',#601,#600);
#603=CURVE_STYLE('',#22,POSITIVE_LENGTH_MEASURE(2.E-2),#3);
#604=PRESENTATION_STYLE_ASSIGNMENT((#603));
#605=STYLED_ITEM('',(#604),#602);
#606=DIRECTION('',(0.E0,1.E0,0.E0));
#607=VECTOR('',#606,2.E-2);
#608=CARTESIAN_POINT('',(5.E-2,-1.E-2,2.05E0));
#609=LINE('',#608,#607);
#610=CURVE_STYLE('',#22,POSITIVE_LENGTH_MEASURE(2.E-2),#3);
#611=PRESENTATION_STYLE_ASSIGNMENT((#610));
#612=STYLED_ITEM('',(#611),#609);
#613=DIRECTION('',(1.E0,0.E0,0.E0));
#614=VECTOR('',#613,2.5E-1);
#615=CARTESIAN_POINT('',(5.E-2,5.5E-1,2.59E0));
#616=LINE('',#615,#614);
#617=CURVE_STYLE('',#22,POSITIVE_LENGTH_MEASURE(2.E-2),#3);
#618=PRESENTATION_STYLE_ASSIGNMENT((#617));
#619=STYLED_ITEM('',(#618),#616);
#620=DIRECTION('',(-1.E0,0.E0,0.E0));
#621=VECTOR('',#620,2.5E-1);
#622=CARTESIAN_POINT('',(3.E-1,1.E-2,2.05E0));
#623=LINE('',#622,#621);
#624=CURVE_STYLE('',#22,POSITIVE_LENGTH_MEASURE(2.E-2),#3);
#625=PRESENTATION_STYLE_ASSIGNMENT((#624));
#626=STYLED_ITEM('',(#625),#623);
#627=DIRECTION('',(-1.E0,0.E0,0.E0));
#628=VECTOR('',#627,5.E-2);
#629=CARTESIAN_POINT('',(5.E-2,5.5E-1,2.75E0));
#630=LINE('',#629,#628);
#631=CURVE_STYLE('',#22,POSITIVE_LENGTH_MEASURE(2.E-2),#3);
#632=PRESENTATION_STYLE_ASSIGNMENT((#631));
#633=STYLED_ITEM('',(#632),#630);
#634=DIRECTION('',(-1.E0,0.E0,0.E0));
#635=VECTOR('',#634,5.E-2);
#636=CARTESIAN_POINT('',(5.E-2,5.15E0,2.75E0));
#637=LINE('',#636,#635);
#638=CURVE_STYLE('',#22,POSITIVE_LENGTH_MEASURE(2.E-2),#3);
#639=PRESENTATION_STYLE_ASSIGNMENT((#638));
#640=STYLED_ITEM('',(#639),#637);
#641=DIRECTION('',(0.E0,1.E0,0.E0));
#642=VECTOR('',#641,4.6E0);
#643=CARTESIAN_POINT('',(0.E0,5.5E-1,2.75E0));
#644=LINE('',#643,#642);
#645=CURVE_STYLE('',#22,POSITIVE_LENGTH_MEASURE(2.E-2),#3);
#646=PRESENTATION_STYLE_ASSIGNMENT((#645));
#647=STYLED_ITEM('',(#646),#644);
#648=DIRECTION('',(0.E0,-7.071067811865E-1,7.071067811865E-1));
#649=VECTOR('',#648,1.253506222232E0);
#650=CARTESIAN_POINT('',(0.E0,5.15E0,4.26363725E0));
#651=LINE('',#650,#649);
#652=CURVE_STYLE('',#22,POSITIVE_LENGTH_MEASURE(2.E-2),#3);
#653=PRESENTATION_STYLE_ASSIGNMENT((#652));
#654=STYLED_ITEM('',(#653),#651);
#655=DIRECTION('',(0.E0,0.E0,-1.E0));
#656=VECTOR('',#655,2.4E0);
#657=CARTESIAN_POINT('',(0.E0,5.5E-1,5.15E0));
#658=LINE('',#657,#656);
#659=CURVE_STYLE('',#22,POSITIVE_LENGTH_MEASURE(2.E-2),#3);
#660=PRESENTATION_STYLE_ASSIGNMENT((#659));
#661=STYLED_ITEM('',(#660),#658);
#662=DIRECTION('',(-1.E0,0.E0,0.E0));
#663=VECTOR('',#662,1.1E0);
#664=CARTESIAN_POINT('',(1.1E0,4.26363725E0,5.15E0));
#665=LINE('',#664,#663);
#666=CURVE_STYLE('',#22,POSITIVE_LENGTH_MEASURE(2.E-2),#3);
#667=PRESENTATION_STYLE_ASSIGNMENT((#666));
#668=STYLED_ITEM('',(#667),#665);
#669=DIRECTION('',(1.E0,0.E0,0.E0));
#670=VECTOR('',#669,5.5E-1);
#671=CARTESIAN_POINT('',(5.5E-1,-9.848475E-1,5.15E0));
#672=LINE('',#671,#670);
#673=CURVE_STYLE('',#22,POSITIVE_LENGTH_MEASURE(2.E-2),#3);
#674=PRESENTATION_STYLE_ASSIGNMENT((#673));
#675=STYLED_ITEM('',(#674),#672);
#676=DIRECTION('',(-1.E0,0.E0,0.E0));
#677=VECTOR('',#676,1.1E0);
#678=CARTESIAN_POINT('',(1.1E0,-4.26363725E0,5.15E0));
#679=LINE('',#678,#677);
#680=CURVE_STYLE('',#22,POSITIVE_LENGTH_MEASURE(2.E-2),#3);
#681=PRESENTATION_STYLE_ASSIGNMENT((#680));
#682=STYLED_ITEM('',(#681),#679);
#683=DIRECTION('',(0.E0,1.E0,0.E0));
#684=VECTOR('',#683,3.71363725E0);
#685=CARTESIAN_POINT('',(0.E0,-4.26363725E0,5.15E0));
#686=LINE('',#685,#684);
#687=CURVE_STYLE('',#22,POSITIVE_LENGTH_MEASURE(2.E-2),#3);
#688=PRESENTATION_STYLE_ASSIGNMENT((#687));
#689=STYLED_ITEM('',(#688),#686);
#690=DIRECTION('',(0.E0,1.E0,0.E0));
#691=VECTOR('',#690,9.E-1);
#692=CARTESIAN_POINT('',(3.E-1,-4.5E-1,5.15E0));
#693=LINE('',#692,#691);
#694=CURVE_STYLE('',#22,POSITIVE_LENGTH_MEASURE(2.E-2),#3);
#695=PRESENTATION_STYLE_ASSIGNMENT((#694));
#696=STYLED_ITEM('',(#695),#693);
#697=DIRECTION('',(-1.E0,0.E0,0.E0));
#698=VECTOR('',#697,3.E-1);
#699=CARTESIAN_POINT('',(3.E-1,5.5E-1,5.15E0));
#700=LINE('',#699,#698);
#701=CURVE_STYLE('',#22,POSITIVE_LENGTH_MEASURE(2.E-2),#3);
#702=PRESENTATION_STYLE_ASSIGNMENT((#701));
#703=STYLED_ITEM('',(#702),#700);
#704=DIRECTION('',(0.E0,1.E0,0.E0));
#705=VECTOR('',#704,3.71363725E0);
#706=CARTESIAN_POINT('',(0.E0,5.5E-1,5.15E0));
#707=LINE('',#706,#705);
#708=CURVE_STYLE('',#22,POSITIVE_LENGTH_MEASURE(2.E-2),#3);
#709=PRESENTATION_STYLE_ASSIGNMENT((#708));
#710=STYLED_ITEM('',(#709),#707);
#711=DIRECTION('',(0.E0,1.011931692042E-13,-1.E0));
#712=VECTOR('',#711,2.479519176427E-1);
#713=CARTESIAN_POINT('',(1.1E0,9.848475E-1,5.15E0));
#714=LINE('',#713,#712);
#715=CURVE_STYLE('',#22,POSITIVE_LENGTH_MEASURE(2.E-2),#3);
#716=PRESENTATION_STYLE_ASSIGNMENT((#715));
#717=STYLED_ITEM('',(#716),#714);
#718=DIRECTION('',(1.E0,0.E0,0.E0));
#719=VECTOR('',#718,5.5E-1);
#720=CARTESIAN_POINT('',(5.5E-1,9.848475E-1,5.15E0));
#721=LINE('',#720,#719);
#722=CURVE_STYLE('',#22,POSITIVE_LENGTH_MEASURE(2.E-2),#3);
#723=PRESENTATION_STYLE_ASSIGNMENT((#722));
#724=STYLED_ITEM('',(#723),#721);
#725=DIRECTION('',(-1.E0,0.E0,0.E0));
#726=VECTOR('',#725,5.5E-1);
#727=CARTESIAN_POINT('',(1.1E0,4.902048082357E0,9.848475E-1));
#728=LINE('',#727,#726);
#729=CURVE_STYLE('',#22,POSITIVE_LENGTH_MEASURE(2.E-2),#3);
#730=PRESENTATION_STYLE_ASSIGNMENT((#729));
#731=STYLED_ITEM('',(#730),#728);
#732=DIRECTION('',(1.E0,0.E0,0.E0));
#733=VECTOR('',#732,5.5E-1);
#734=CARTESIAN_POINT('',(5.5E-1,9.848475E-1,4.902048082357E0));
#735=LINE('',#734,#733);
#736=CURVE_STYLE('',#22,POSITIVE_LENGTH_MEASURE(2.E-2),#3);
#737=PRESENTATION_STYLE_ASSIGNMENT((#736));
#738=STYLED_ITEM('',(#737),#735);
#739=DIRECTION('',(0.E0,-9.984989704662E-14,-1.E0));
#740=VECTOR('',#739,2.479519176427E-1);
#741=CARTESIAN_POINT('',(5.5E-1,-9.848475E-1,5.15E0));
#742=LINE('',#741,#740);
#743=CURVE_STYLE('',#22,POSITIVE_LENGTH_MEASURE(2.E-2),#3);
#744=PRESENTATION_STYLE_ASSIGNMENT((#743));
#745=STYLED_ITEM('',(#744),#742);
#746=DIRECTION('',(-1.E0,0.E0,0.E0));
#747=VECTOR('',#746,1.1E0);
#748=CARTESIAN_POINT('',(1.1E0,-5.15E0,4.26363725E0));
#749=LINE('',#748,#747);
#750=CURVE_STYLE('',#22,POSITIVE_LENGTH_MEASURE(2.E-2),#3);
#751=PRESENTATION_STYLE_ASSIGNMENT((#750));
#752=STYLED_ITEM('',(#751),#749);
#753=CARTESIAN_POINT('',(3.E-1,0.E0,2.75E0));
#754=DIRECTION('',(-1.E0,0.E0,0.E0));
#755=DIRECTION('',(0.E0,1.E0,0.E0));
#756=AXIS2_PLACEMENT_3D('',#753,#754,#755);
#758=CURVE_STYLE('',#22,POSITIVE_LENGTH_MEASURE(2.E-2),#3);
#759=PRESENTATION_STYLE_ASSIGNMENT((#758));
#760=STYLED_ITEM('',(#759),#757);
#761=CARTESIAN_POINT('',(3.E-1,0.E0,2.75E0));
#762=DIRECTION('',(-1.E0,0.E0,0.E0));
#763=DIRECTION('',(0.E0,0.E0,-1.E0));
#764=AXIS2_PLACEMENT_3D('',#761,#762,#763);
#766=CURVE_STYLE('',#22,POSITIVE_LENGTH_MEASURE(2.E-2),#3);
#767=PRESENTATION_STYLE_ASSIGNMENT((#766));
#768=STYLED_ITEM('',(#767),#765);
#769=DIRECTION('',(0.E0,0.E0,1.E0));
#770=VECTOR('',#769,2.4E0);
#771=CARTESIAN_POINT('',(3.E-1,-4.5E-1,2.75E0));
#772=LINE('',#771,#770);
#773=CURVE_STYLE('',#22,POSITIVE_LENGTH_MEASURE(2.E-2),#3);
#774=PRESENTATION_STYLE_ASSIGNMENT((#773));
#775=STYLED_ITEM('',(#774),#772);
#776=DIRECTION('',(0.E0,-1.E0,0.E0));
#777=VECTOR('',#776,1.E-1);
#778=CARTESIAN_POINT('',(3.E-1,-4.5E-1,5.15E0));
#779=LINE('',#778,#777);
#780=CURVE_STYLE('',#22,POSITIVE_LENGTH_MEASURE(2.E-2),#3);
#781=PRESENTATION_STYLE_ASSIGNMENT((#780));
#782=STYLED_ITEM('',(#781),#779);
#783=DIRECTION('',(0.E0,0.E0,-1.E0));
#784=VECTOR('',#783,2.56E0);
#785=CARTESIAN_POINT('',(3.E-1,-5.5E-1,5.15E0));
#786=LINE('',#785,#784);
#787=CURVE_STYLE('',#22,POSITIVE_LENGTH_MEASURE(2.E-2),#3);
#788=PRESENTATION_STYLE_ASSIGNMENT((#787));
#789=STYLED_ITEM('',(#788),#786);
#790=CARTESIAN_POINT('',(3.E-1,-1.E-2,2.59E0));
#791=DIRECTION('',(1.E0,0.E0,0.E0));
#792=DIRECTION('',(0.E0,-1.E0,0.E0));
#793=AXIS2_PLACEMENT_3D('',#790,#791,#792);
#795=CURVE_STYLE('',#22,POSITIVE_LENGTH_MEASURE(2.E-2),#3);
#796=PRESENTATION_STYLE_ASSIGNMENT((#795));
#797=STYLED_ITEM('',(#796),#794);
#798=DIRECTION('',(0.E0,1.E0,0.E0));
#799=VECTOR('',#798,2.E-2);
#800=CARTESIAN_POINT('',(3.E-1,-1.E-2,2.05E0));
#801=LINE('',#800,#799);
#802=CURVE_STYLE('',#22,POSITIVE_LENGTH_MEASURE(2.E-2),#3);
#803=PRESENTATION_STYLE_ASSIGNMENT((#802));
#804=STYLED_ITEM('',(#803),#801);
#805=CARTESIAN_POINT('',(3.E-1,1.E-2,2.59E0));
#806=DIRECTION('',(1.E0,0.E0,0.E0));
#807=DIRECTION('',(0.E0,0.E0,-1.E0));
#808=AXIS2_PLACEMENT_3D('',#805,#806,#807);
#810=CURVE_STYLE('',#22,POSITIVE_LENGTH_MEASURE(2.E-2),#3);
#811=PRESENTATION_STYLE_ASSIGNMENT((#810));
#812=STYLED_ITEM('',(#811),#809);
#813=DIRECTION('',(0.E0,0.E0,1.E0));
#814=VECTOR('',#813,2.56E0);
#815=CARTESIAN_POINT('',(3.E-1,5.5E-1,2.59E0));
#816=LINE('',#815,#814);
#817=CURVE_STYLE('',#22,POSITIVE_LENGTH_MEASURE(2.E-2),#3);
#818=PRESENTATION_STYLE_ASSIGNMENT((#817));
#819=STYLED_ITEM('',(#818),#816);
#820=DIRECTION('',(0.E0,-1.E0,0.E0));
#821=VECTOR('',#820,1.E-1);
#822=CARTESIAN_POINT('',(3.E-1,5.5E-1,5.15E0));
#823=LINE('',#822,#821);
#824=CURVE_STYLE('',#22,POSITIVE_LENGTH_MEASURE(2.E-2),#3);
#825=PRESENTATION_STYLE_ASSIGNMENT((#824));
#826=STYLED_ITEM('',(#825),#823);
#827=DIRECTION('',(5.255883312380E-2,0.E0,-9.986178293325E-1));
#828=VECTOR('',#827,2.403248865357E0);
#829=CARTESIAN_POINT('',(0.E0,4.5E-1,5.15E0));
#830=LINE('',#829,#828);
#831=CURVE_STYLE('',#22,POSITIVE_LENGTH_MEASURE(2.E-2),#3);
#832=PRESENTATION_STYLE_ASSIGNMENT((#831));
#833=STYLED_ITEM('',(#832),#830);
#834=DIRECTION('',(0.E0,0.E0,1.E0));
#835=VECTOR('',#834,2.4E0);
#836=CARTESIAN_POINT('',(3.E-1,4.5E-1,2.75E0));
#837=LINE('',#836,#835);
#838=CURVE_STYLE('',#22,POSITIVE_LENGTH_MEASURE(2.E-2),#3);
#839=PRESENTATION_STYLE_ASSIGNMENT((#838));
#840=STYLED_ITEM('',(#839),#837);
#841=DIRECTION('',(0.E0,0.E0,1.E0));
#842=VECTOR('',#841,6.5E-1);
#843=CARTESIAN_POINT('',(3.E-1,4.5E-1,5.15E0));
#844=LINE('',#843,#842);
#845=CURVE_STYLE('',#22,POSITIVE_LENGTH_MEASURE(2.E-2),#3);
#846=PRESENTATION_STYLE_ASSIGNMENT((#845));
#847=STYLED_ITEM('',(#846),#844);
#848=CARTESIAN_POINT('',(1.263121901983E-1,-4.5E-1,2.750068386280E0));
#849=CARTESIAN_POINT('',(1.281302102081E-1,-4.5E-1,2.715526006094E0));
#850=CARTESIAN_POINT('',(1.316434216077E-1,-4.423458675319E-1,
2.648775000148E0));
#851=CARTESIAN_POINT('',(1.367025997128E-1,-4.086910821966E-1,
2.552650567954E0));
#852=CARTESIAN_POINT('',(1.412075549680E-1,-3.547546521089E-1,
2.467056594928E0));
#853=CARTESIAN_POINT('',(1.449744487480E-1,-2.831925426175E-1,
2.395484954013E0));
#854=CARTESIAN_POINT('',(1.478162711372E-1,-1.975560682658E-1,
2.341492788175E0));
#855=CARTESIAN_POINT('',(1.495918583013E-1,-1.013693470887E-1,
2.307747452922E0));
#856=CARTESIAN_POINT('',(1.500016219914E-1,-3.448759108712E-2,
2.299984780800E0));
#857=CARTESIAN_POINT('',(1.500016232663E-1,-3.110682762306E-6,
2.299984756576E0));
#859=CURVE_STYLE('',#22,POSITIVE_LENGTH_MEASURE(2.E-2),#3);
#860=PRESENTATION_STYLE_ASSIGNMENT((#859));
#861=STYLED_ITEM('',(#860),#858);
#862=CARTESIAN_POINT('',(1.500016232663E-1,-3.110682762306E-6,
2.299984756576E0));
#863=CARTESIAN_POINT('',(1.500016245415E-1,3.448733948744E-2,2.299984732348E0));
#864=CARTESIAN_POINT('',(1.495918364818E-1,1.013697127183E-1,2.307747867492E0));
#865=CARTESIAN_POINT('',(1.478163162889E-1,1.975566499849E-1,2.341491930293E0));
#866=CARTESIAN_POINT('',(1.449745031291E-1,2.831934897083E-1,2.395483920772E0));
#867=CARTESIAN_POINT('',(1.412076019215E-1,3.547556046259E-1,2.467055702811E0));
#868=CARTESIAN_POINT('',(1.367026476425E-1,4.086918730665E-1,2.552649657289E0));
#869=CARTESIAN_POINT('',(1.316433790002E-1,4.423452876709E-1,2.648775809691E0));
#870=CARTESIAN_POINT('',(1.281303307056E-1,4.5E-1,2.715523716642E0));
#871=CARTESIAN_POINT('',(1.263119560693E-1,4.5E-1,2.750072834732E0));
#873=CURVE_STYLE('',#22,POSITIVE_LENGTH_MEASURE(2.E-2),#3);
#874=PRESENTATION_STYLE_ASSIGNMENT((#873));
#875=STYLED_ITEM('',(#874),#872);
#876=DIRECTION('',(0.E0,1.E0,0.E0));
#877=VECTOR('',#876,9.E-1);
#878=CARTESIAN_POINT('',(0.E0,-4.5E-1,5.15E0));
#879=LINE('',#878,#877);
#880=CURVE_STYLE('',#22,POSITIVE_LENGTH_MEASURE(2.E-2),#3);
#881=PRESENTATION_STYLE_ASSIGNMENT((#880));
#882=STYLED_ITEM('',(#881),#879);
#883=DIRECTION('',(0.E0,0.E0,1.E0));
#884=VECTOR('',#883,6.499999999999E-1);
#885=CARTESIAN_POINT('',(0.E0,4.5E-1,5.15E0));
#886=LINE('',#885,#884);
#887=CURVE_STYLE('',#22,POSITIVE_LENGTH_MEASURE(2.E-2),#3);
#888=PRESENTATION_STYLE_ASSIGNMENT((#887));
#889=STYLED_ITEM('',(#888),#886);
#890=DIRECTION('',(0.E0,-1.E0,0.E0));
#891=VECTOR('',#890,9.E-1);
#892=CARTESIAN_POINT('',(0.E0,4.5E-1,5.8E0));
#893=LINE('',#892,#891);
#894=CURVE_STYLE('',#22,POSITIVE_LENGTH_MEASURE(2.E-2),#3);
#895=PRESENTATION_STYLE_ASSIGNMENT((#894));
#896=STYLED_ITEM('',(#895),#893);
#897=DIRECTION('',(0.E0,0.E0,-1.E0));
#898=VECTOR('',#897,6.499999999999E-1);
#899=CARTESIAN_POINT('',(0.E0,-4.5E-1,5.8E0));
#900=LINE('',#899,#898);
#901=CURVE_STYLE('',#22,POSITIVE_LENGTH_MEASURE(2.E-2),#3);
#902=PRESENTATION_STYLE_ASSIGNMENT((#901));
#903=STYLED_ITEM('',(#902),#900);
#904=DIRECTION('',(0.E0,-1.E0,0.E0));
#905=VECTOR('',#904,9.E-1);
#906=CARTESIAN_POINT('',(3.E-1,4.5E-1,5.8E0));
#907=LINE('',#906,#905);
#908=CURVE_STYLE('',#22,POSITIVE_LENGTH_MEASURE(2.E-2),#3);
#909=PRESENTATION_STYLE_ASSIGNMENT((#908));
#910=STYLED_ITEM('',(#909),#907);
#911=DIRECTION('',(1.E0,0.E0,0.E0));
#912=VECTOR('',#911,3.E-1);
#913=CARTESIAN_POINT('',(0.E0,4.5E-1,5.8E0));
#914=LINE('',#913,#912);
#915=CURVE_STYLE('',#22,POSITIVE_LENGTH_MEASURE(2.E-2),#3);
#916=PRESENTATION_STYLE_ASSIGNMENT((#915));
#917=STYLED_ITEM('',(#916),#914);
#918=DIRECTION('',(-5.255883312381E-2,0.E0,9.986178293325E-1));
#919=VECTOR('',#918,2.403253319966E0);
#920=CARTESIAN_POINT('',(1.263121901983E-1,-4.5E-1,2.750068386280E0));
#921=LINE('',#920,#919);
#922=CURVE_STYLE('',#22,POSITIVE_LENGTH_MEASURE(2.E-2),#3);
#923=PRESENTATION_STYLE_ASSIGNMENT((#922));
#924=STYLED_ITEM('',(#923),#921);
#925=DIRECTION('',(1.E0,0.E0,0.E0));
#926=VECTOR('',#925,3.E-1);
#927=CARTESIAN_POINT('',(0.E0,-4.5E-1,5.8E0));
#928=LINE('',#927,#926);
#929=CURVE_STYLE('',#22,POSITIVE_LENGTH_MEASURE(2.E-2),#3);
#930=PRESENTATION_STYLE_ASSIGNMENT((#929));
#931=STYLED_ITEM('',(#930),#928);
#932=DIRECTION('',(0.E0,0.E0,-1.E0));
#933=VECTOR('',#932,6.5E-1);
#934=CARTESIAN_POINT('',(3.E-1,-4.5E-1,5.8E0));
#935=LINE('',#934,#933);
#936=CURVE_STYLE('',#22,POSITIVE_LENGTH_MEASURE(2.E-2),#3);
#937=PRESENTATION_STYLE_ASSIGNMENT((#936));
#938=STYLED_ITEM('',(#937),#935);
#939=DIRECTION('',(9.999999224879E-1,0.E0,-3.937309961462E-4));
#940=VECTOR('',#939,1.736878232646E-1);
#941=CARTESIAN_POINT('',(1.263121901983E-1,-4.5E-1,2.750068386280E0));
#942=LINE('',#941,#940);
#943=CURVE_STYLE('',#22,POSITIVE_LENGTH_MEASURE(2.E-2),#3);
#944=PRESENTATION_STYLE_ASSIGNMENT((#943));
#945=STYLED_ITEM('',(#944),#942);
#946=DIRECTION('',(-9.999999120761E-1,0.E0,4.193421942167E-4));
#947=VECTOR('',#946,1.736880592021E-1);
#948=CARTESIAN_POINT('',(3.E-1,4.5E-1,2.75E0));
#949=LINE('',#948,#947);
#950=CURVE_STYLE('',#22,POSITIVE_LENGTH_MEASURE(2.E-2),#3);
#951=PRESENTATION_STYLE_ASSIGNMENT((#950));
#952=STYLED_ITEM('',(#951),#949);
#953=DIRECTION('',(0.E0,1.E0,1.052229856769E-13));
#954=VECTOR('',#953,2.479519176427E-1);
#955=CARTESIAN_POINT('',(5.5E-1,4.902048082357E0,-9.848475E-1));
#956=LINE('',#955,#954);
#957=CURVE_STYLE('',#22,POSITIVE_LENGTH_MEASURE(2.E-2),#3);
#958=PRESENTATION_STYLE_ASSIGNMENT((#957));
#959=STYLED_ITEM('',(#958),#956);
#960=DIRECTION('',(1.E0,0.E0,0.E0));
#961=VECTOR('',#960,1.35E0);
#962=CARTESIAN_POINT('',(5.5E-1,5.15E0,-9.848475E-1));
#963=LINE('',#962,#961);
#964=CURVE_STYLE('',#22,POSITIVE_LENGTH_MEASURE(2.E-2),#3);
#965=PRESENTATION_STYLE_ASSIGNMENT((#964));
#966=STYLED_ITEM('',(#965),#963);
#967=CARTESIAN_POINT('',(1.9E0,0.E0,0.E0));
#968=DIRECTION('',(1.E0,0.E0,0.E0));
#969=DIRECTION('',(0.E0,1.969695E-1,-9.804096164715E-1));
#970=AXIS2_PLACEMENT_3D('',#967,#968,#969);
#972=CURVE_STYLE('',#22,POSITIVE_LENGTH_MEASURE(2.E-2),#3);
#973=PRESENTATION_STYLE_ASSIGNMENT((#972));
#974=STYLED_ITEM('',(#973),#971);
#975=DIRECTION('',(0.E0,1.E0,1.043274709052E-13));
#976=VECTOR('',#975,2.479519176427E-1);
#977=CARTESIAN_POINT('',(1.9E0,4.902048082357E0,-9.848475E-1));
#978=LINE('',#977,#976);
#979=CURVE_STYLE('',#22,POSITIVE_LENGTH_MEASURE(2.E-2),#3);
#980=PRESENTATION_STYLE_ASSIGNMENT((#979));
#981=STYLED_ITEM('',(#980),#978);
#982=DIRECTION('',(0.E0,0.E0,-1.E0));
#983=VECTOR('',#982,3.817930625E0);
#984=CARTESIAN_POINT('',(1.9E0,5.15E0,-9.848475E-1));
#985=LINE('',#984,#983);
#986=CURVE_STYLE('',#22,POSITIVE_LENGTH_MEASURE(2.E-2),#3);
#987=PRESENTATION_STYLE_ASSIGNMENT((#986));
#988=STYLED_ITEM('',(#987),#985);
#989=CARTESIAN_POINT('',(1.9E0,4.802778125E0,-4.802778125E0));
#990=DIRECTION('',(-1.E0,0.E0,0.E0));
#991=DIRECTION('',(0.E0,1.E0,2.046365125354E-14));
#992=AXIS2_PLACEMENT_3D('',#989,#990,#991);
#994=CURVE_STYLE('',#22,POSITIVE_LENGTH_MEASURE(2.E-2),#3);
#995=PRESENTATION_STYLE_ASSIGNMENT((#994));
#996=STYLED_ITEM('',(#995),#993);
#997=DIRECTION('',(0.E0,-1.E0,0.E0));
#998=VECTOR('',#997,3.817930625E0);
#999=CARTESIAN_POINT('',(1.9E0,4.802778125E0,-5.15E0));
#1000=LINE('',#999,#998);
#1001=CURVE_STYLE('',#22,POSITIVE_LENGTH_MEASURE(2.E-2),#3);
#1002=PRESENTATION_STYLE_ASSIGNMENT((#1001));
#1003=STYLED_ITEM('',(#1002),#1000);
#1004=DIRECTION('',(0.E0,-9.671559534561E-14,-1.E0));
#1005=VECTOR('',#1004,2.479519176427E-1);
#1006=CARTESIAN_POINT('',(1.9E0,9.848475E-1,-4.902048082357E0));
#1007=LINE('',#1006,#1005);
#1008=CURVE_STYLE('',#22,POSITIVE_LENGTH_MEASURE(2.E-2),#3);
#1009=PRESENTATION_STYLE_ASSIGNMENT((#1008));
#1010=STYLED_ITEM('',(#1009),#1007);
#1011=DIRECTION('',(-1.E0,0.E0,0.E0));
#1012=VECTOR('',#1011,1.35E0);
#1013=CARTESIAN_POINT('',(1.9E0,9.848475E-1,-4.902048082357E0));
#1014=LINE('',#1013,#1012);
#1015=CURVE_STYLE('',#22,POSITIVE_LENGTH_MEASURE(2.E-2),#3);
#1016=PRESENTATION_STYLE_ASSIGNMENT((#1015));
#1017=STYLED_ITEM('',(#1016),#1014);
#1018=DIRECTION('',(1.E0,0.E0,0.E0));
#1019=VECTOR('',#1018,1.35E0);
#1020=CARTESIAN_POINT('',(5.5E-1,4.902048082357E0,-9.848475E-1));
#1021=LINE('',#1020,#1019);
#1022=CURVE_STYLE('',#22,POSITIVE_LENGTH_MEASURE(2.E-2),#3);
#1023=PRESENTATION_STYLE_ASSIGNMENT((#1022));
#1024=STYLED_ITEM('',(#1023),#1021);
#1025=DIRECTION('',(1.E0,0.E0,0.E0));
#1026=VECTOR('',#1025,1.9E0);
#1027=CARTESIAN_POINT('',(0.E0,4.802778125E0,-5.15E0));
#1028=LINE('',#1027,#1026);
#1029=CURVE_STYLE('',#22,POSITIVE_LENGTH_MEASURE(2.E-2),#3);
#1030=PRESENTATION_STYLE_ASSIGNMENT((#1029));
#1031=STYLED_ITEM('',(#1030),#1028);
#1032=DIRECTION('',(-1.E0,0.E0,0.E0));
#1033=VECTOR('',#1032,1.9E0);
#1034=CARTESIAN_POINT('',(1.9E0,5.15E0,-4.802778125E0));
#1035=LINE('',#1034,#1033);
#1036=CURVE_STYLE('',#22,POSITIVE_LENGTH_MEASURE(2.E-2),#3);
#1037=PRESENTATION_STYLE_ASSIGNMENT((#1036));
#1038=STYLED_ITEM('',(#1037),#1035);
#1039=DIRECTION('',(0.E0,0.E0,-1.E0));
#1040=VECTOR('',#1039,2.4E0);
#1041=CARTESIAN_POINT('',(0.E0,5.5E-1,-2.75E0));
#1042=LINE('',#1041,#1040);
#1043=CURVE_STYLE('',#22,POSITIVE_LENGTH_MEASURE(2.E-2),#3);
#1044=PRESENTATION_STYLE_ASSIGNMENT((#1043));
#1045=STYLED_ITEM('',(#1044),#1042);
#1046=CARTESIAN_POINT('',(0.E0,4.802778125E0,-4.802778125E0));
#1047=DIRECTION('',(1.E0,0.E0,0.E0));
#1048=DIRECTION('',(0.E0,-2.046365125354E-14,-1.E0));
#1049=AXIS2_PLACEMENT_3D('',#1046,#1047,#1048);
#1051=CURVE_STYLE('',#22,POSITIVE_LENGTH_MEASURE(2.E-2),#3);
#1052=PRESENTATION_STYLE_ASSIGNMENT((#1051));
#1053=STYLED_ITEM('',(#1052),#1050);
#1054=DIRECTION('',(0.E0,1.E0,0.E0));
#1055=VECTOR('',#1054,4.6E0);
#1056=CARTESIAN_POINT('',(0.E0,5.5E-1,-2.75E0));
#1057=LINE('',#1056,#1055);
#1058=CURVE_STYLE('',#22,POSITIVE_LENGTH_MEASURE(2.E-2),#3);
#1059=PRESENTATION_STYLE_ASSIGNMENT((#1058));
#1060=STYLED_ITEM('',(#1059),#1057);
#1061=DIRECTION('',(-1.E0,0.E0,0.E0));
#1062=VECTOR('',#1061,5.E-2);
#1063=CARTESIAN_POINT('',(5.E-2,5.5E-1,-2.75E0));
#1064=LINE('',#1063,#1062);
#1065=CURVE_STYLE('',#22,POSITIVE_LENGTH_MEASURE(2.E-2),#3);
#1066=PRESENTATION_STYLE_ASSIGNMENT((#1065));
#1067=STYLED_ITEM('',(#1066),#1064);
#1068=DIRECTION('',(0.E0,0.E0,1.E0));
#1069=VECTOR('',#1068,1.6E-1);
#1070=CARTESIAN_POINT('',(5.E-2,5.5E-1,-2.75E0));
#1071=LINE('',#1070,#1069);
#1072=CURVE_STYLE('',#22,POSITIVE_LENGTH_MEASURE(2.E-2),#3);
#1073=PRESENTATION_STYLE_ASSIGNMENT((#1072));
#1074=STYLED_ITEM('',(#1073),#1071);
#1075=DIRECTION('',(-1.E0,0.E0,0.E0));
#1076=VECTOR('',#1075,3.E-1);
#1077=CARTESIAN_POINT('',(3.E-1,5.5E-1,-5.15E0));
#1078=LINE('',#1077,#1076);
#1079=CURVE_STYLE('',#22,POSITIVE_LENGTH_MEASURE(2.E-2),#3);
#1080=PRESENTATION_STYLE_ASSIGNMENT((#1079));
#1081=STYLED_ITEM('',(#1080),#1078);
#1082=DIRECTION('',(1.E0,0.E0,0.E0));
#1083=VECTOR('',#1082,2.5E-1);
#1084=CARTESIAN_POINT('',(5.E-2,1.E-2,-2.05E0));
#1085=LINE('',#1084,#1083);
#1086=CURVE_STYLE('',#22,POSITIVE_LENGTH_MEASURE(2.E-2),#3);
#1087=PRESENTATION_STYLE_ASSIGNMENT((#1086));
#1088=STYLED_ITEM('',(#1087),#1085);
#1089=DIRECTION('',(-1.E0,0.E0,0.E0));
#1090=VECTOR('',#1089,2.5E-1);
#1091=CARTESIAN_POINT('',(3.E-1,5.5E-1,-2.59E0));
#1092=LINE('',#1091,#1090);
#1093=CURVE_STYLE('',#22,POSITIVE_LENGTH_MEASURE(2.E-2),#3);
#1094=PRESENTATION_STYLE_ASSIGNMENT((#1093));
#1095=STYLED_ITEM('',(#1094),#1092);
#1096=DIRECTION('',(0.E0,1.E0,0.E0));
#1097=VECTOR('',#1096,2.E-2);
#1098=CARTESIAN_POINT('',(3.E-1,-9.999999999999E-3,-2.05E0));
#1099=LINE('',#1098,#1097);
#1100=CURVE_STYLE('',#22,POSITIVE_LENGTH_MEASURE(2.E-2),#3);
#1101=PRESENTATION_STYLE_ASSIGNMENT((#1100));
#1102=STYLED_ITEM('',(#1101),#1099);
#1103=DIRECTION('',(1.E0,0.E0,0.E0));
#1104=VECTOR('',#1103,2.5E-1);
#1105=CARTESIAN_POINT('',(5.E-2,-5.5E-1,-2.59E0));
#1106=LINE('',#1105,#1104);
#1107=CURVE_STYLE('',#22,POSITIVE_LENGTH_MEASURE(2.E-2),#3);
#1108=PRESENTATION_STYLE_ASSIGNMENT((#1107));
#1109=STYLED_ITEM('',(#1108),#1106);
#1110=DIRECTION('',(-1.E0,0.E0,0.E0));
#1111=VECTOR('',#1110,2.5E-1);
#1112=CARTESIAN_POINT('',(3.E-1,-9.999999999999E-3,-2.05E0));
#1113=LINE('',#1112,#1111);
#1114=CURVE_STYLE('',#22,POSITIVE_LENGTH_MEASURE(2.E-2),#3);
#1115=PRESENTATION_STYLE_ASSIGNMENT((#1114));
#1116=STYLED_ITEM('',(#1115),#1113);
#1117=CARTESIAN_POINT('',(3.E-1,0.E0,-2.75E0));
#1118=DIRECTION('',(-1.E0,0.E0,0.E0));
#1119=DIRECTION('',(0.E0,-1.E0,0.E0));
#1120=AXIS2_PLACEMENT_3D('',#1117,#1118,#1119);
#1122=CURVE_STYLE('',#22,POSITIVE_LENGTH_MEASURE(2.E-2),#3);
#1123=PRESENTATION_STYLE_ASSIGNMENT((#1122));
#1124=STYLED_ITEM('',(#1123),#1121);
#1125=CARTESIAN_POINT('',(3.E-1,0.E0,-2.75E0));
#1126=DIRECTION('',(-1.E0,0.E0,0.E0));
#1127=DIRECTION('',(0.E0,0.E0,1.E0));
#1128=AXIS2_PLACEMENT_3D('',#1125,#1126,#1127);
#1130=CURVE_STYLE('',#22,POSITIVE_LENGTH_MEASURE(2.E-2),#3);
#1131=PRESENTATION_STYLE_ASSIGNMENT((#1130));
#1132=STYLED_ITEM('',(#1131),#1129);
#1133=DIRECTION('',(0.E0,0.E0,-1.E0));
#1134=VECTOR('',#1133,2.4E0);
#1135=CARTESIAN_POINT('',(3.E-1,4.5E-1,-2.75E0));
#1136=LINE('',#1135,#1134);
#1137=CURVE_STYLE('',#22,POSITIVE_LENGTH_MEASURE(2.E-2),#3);
#1138=PRESENTATION_STYLE_ASSIGNMENT((#1137));
#1139=STYLED_ITEM('',(#1138),#1136);
#1140=DIRECTION('',(0.E0,1.E0,0.E0));
#1141=VECTOR('',#1140,1.E-1);
#1142=CARTESIAN_POINT('',(3.E-1,4.5E-1,-5.15E0));
#1143=LINE('',#1142,#1141);
#1144=CURVE_STYLE('',#22,POSITIVE_LENGTH_MEASURE(2.E-2),#3);
#1145=PRESENTATION_STYLE_ASSIGNMENT((#1144));
#1146=STYLED_ITEM('',(#1145),#1143);
#1147=DIRECTION('',(0.E0,0.E0,1.E0));
#1148=VECTOR('',#1147,2.56E0);
#1149=CARTESIAN_POINT('',(3.E-1,5.5E-1,-5.15E0));
#1150=LINE('',#1149,#1148);
#1151=CURVE_STYLE('',#22,POSITIVE_LENGTH_MEASURE(2.E-2),#3);
#1152=PRESENTATION_STYLE_ASSIGNMENT((#1151));
#1153=STYLED_ITEM('',(#1152),#1150);
#1154=CARTESIAN_POINT('',(3.E-1,1.E-2,-2.59E0));
#1155=DIRECTION('',(1.E0,0.E0,0.E0));
#1156=DIRECTION('',(0.E0,1.E0,0.E0));
#1157=AXIS2_PLACEMENT_3D('',#1154,#1155,#1156);
#1159=CURVE_STYLE('',#22,POSITIVE_LENGTH_MEASURE(2.E-2),#3);
#1160=PRESENTATION_STYLE_ASSIGNMENT((#1159));
#1161=STYLED_ITEM('',(#1160),#1158);
#1162=CARTESIAN_POINT('',(3.E-1,-1.E-2,-2.59E0));
#1163=DIRECTION('',(1.E0,0.E0,0.E0));
#1164=DIRECTION('',(0.E0,0.E0,1.E0));
#1165=AXIS2_PLACEMENT_3D('',#1162,#1163,#1164);
#1167=CURVE_STYLE('',#22,POSITIVE_LENGTH_MEASURE(2.E-2),#3);
#1168=PRESENTATION_STYLE_ASSIGNMENT((#1167));
#1169=STYLED_ITEM('',(#1168),#1166);
#1170=DIRECTION('',(0.E0,0.E0,-1.E0));
#1171=VECTOR('',#1170,2.56E0);
#1172=CARTESIAN_POINT('',(3.E-1,-5.5E-1,-2.59E0));
#1173=LINE('',#1172,#1171);
#1174=CURVE_STYLE('',#22,POSITIVE_LENGTH_MEASURE(2.E-2),#3);
#1175=PRESENTATION_STYLE_ASSIGNMENT((#1174));
#1176=STYLED_ITEM('',(#1175),#1173);
#1177=DIRECTION('',(0.E0,1.E0,0.E0));
#1178=VECTOR('',#1177,1.E-1);
#1179=CARTESIAN_POINT('',(3.E-1,-5.5E-1,-5.15E0));
#1180=LINE('',#1179,#1178);
#1181=CURVE_STYLE('',#22,POSITIVE_LENGTH_MEASURE(2.E-2),#3);
#1182=PRESENTATION_STYLE_ASSIGNMENT((#1181));
#1183=STYLED_ITEM('',(#1182),#1180);
#1184=CARTESIAN_POINT('',(1.263121993616E-1,-4.5E-1,-2.750068212178E0));
#1185=CARTESIAN_POINT('',(1.281201840491E-1,-4.5E-1,-2.715716503115E0));
#1186=CARTESIAN_POINT('',(1.316206381244E-1,-4.423997024510E-1,
-2.649207886323E0));
#1187=CARTESIAN_POINT('',(1.366884072445E-1,-4.087988769935E-1,
-2.552920224878E0));
#1188=CARTESIAN_POINT('',(1.412118684655E-1,-3.547074484895E-1,
-2.466974638374E0));
#1189=CARTESIAN_POINT('',(1.449938099843E-1,-2.828045708020E-1,
-2.395117090897E0));
#1190=CARTESIAN_POINT('',(1.478374431304E-1,-1.968424206085E-1,
-2.341090518908E0));
#1191=CARTESIAN_POINT('',(1.496009531869E-1,-1.006249094432E-1,
-2.307574655308E0));
#1192=CARTESIAN_POINT('',(1.500016402099E-1,-3.417742259888E-2,
-2.299984423418E0));
#1193=CARTESIAN_POINT('',(1.500016396499E-1,2.015791723661E-7,
-2.299984434057E0));
#1195=CURVE_STYLE('',#22,POSITIVE_LENGTH_MEASURE(2.E-2),#3);
#1196=PRESENTATION_STYLE_ASSIGNMENT((#1195));
#1197=STYLED_ITEM('',(#1196),#1194);
#1198=CARTESIAN_POINT('',(1.500016396499E-1,2.015791723661E-7,
-2.299984434057E0));
#1199=CARTESIAN_POINT('',(1.500016390899E-1,3.418179479664E-2,
-2.299984444698E0));
#1200=CARTESIAN_POINT('',(1.496008489588E-1,1.006347989909E-1,
-2.307576635641E0));
#1201=CARTESIAN_POINT('',(1.478372158745E-1,1.968507140799E-1,
-2.341094836770E0));
#1202=CARTESIAN_POINT('',(1.449936688106E-1,2.828070836495E-1,
-2.395119773197E0));
#1203=CARTESIAN_POINT('',(1.412120080783E-1,3.547046539835E-1,
-2.466971985732E0));
#1204=CARTESIAN_POINT('',(1.366888501146E-1,4.087945002032E-1,
-2.552911810345E0));
#1205=CARTESIAN_POINT('',(1.316211633502E-1,4.423976959409E-1,
-2.649197907033E0));
#1206=CARTESIAN_POINT('',(1.281204141956E-1,4.5E-1,-2.715712130332E0));
#1207=CARTESIAN_POINT('',(1.263121875491E-1,4.5E-1,-2.750068436615E0));
#1209=CURVE_STYLE('',#22,POSITIVE_LENGTH_MEASURE(2.E-2),#3);
#1210=PRESENTATION_STYLE_ASSIGNMENT((#1209));
#1211=STYLED_ITEM('',(#1210),#1208);
#1212=DIRECTION('',(9.999999223738E-1,0.E0,3.940207957283E-4));
#1213=VECTOR('',#1212,1.736878259337E-1);
#1214=CARTESIAN_POINT('',(1.263121875491E-1,4.5E-1,-2.750068436615E0));
#1215=LINE('',#1214,#1213);
#1216=CURVE_STYLE('',#22,POSITIVE_LENGTH_MEASURE(2.E-2),#3);
#1217=PRESENTATION_STYLE_ASSIGNMENT((#1216));
#1218=STYLED_ITEM('',(#1217),#1215);
#1219=DIRECTION('',(-9.999999228821E-1,0.E0,-3.927286324342E-4));
#1220=VECTOR('',#1219,1.736878140329E-1);
#1221=CARTESIAN_POINT('',(3.E-1,-4.5E-1,-2.75E0));
#1222=LINE('',#1221,#1220);
#1223=CURVE_STYLE('',#22,POSITIVE_LENGTH_MEASURE(2.E-2),#3);
#1224=PRESENTATION_STYLE_ASSIGNMENT((#1223));
#1225=STYLED_ITEM('',(#1224),#1222);
#1226=DIRECTION('',(0.E0,1.E0,0.E0));
#1227=VECTOR('',#1226,9.E-1);
#1228=CARTESIAN_POINT('',(0.E0,-4.5E-1,-5.15E0));
#1229=LINE('',#1228,#1227);
#1230=CURVE_STYLE('',#22,POSITIVE_LENGTH_MEASURE(2.E-2),#3);
#1231=PRESENTATION_STYLE_ASSIGNMENT((#1230));
#1232=STYLED_ITEM('',(#1231),#1229);
#1233=DIRECTION('',(-5.255883312380E-2,0.E0,-9.986178293325E-1));
#1234=VECTOR('',#1233,2.403253269561E0);
#1235=CARTESIAN_POINT('',(1.263121875491E-1,4.5E-1,-2.750068436615E0));
#1236=LINE('',#1235,#1234);
#1237=CURVE_STYLE('',#22,POSITIVE_LENGTH_MEASURE(2.E-2),#3);
#1238=PRESENTATION_STYLE_ASSIGNMENT((#1237));
#1239=STYLED_ITEM('',(#1238),#1236);
#1240=DIRECTION('',(1.E0,0.E0,0.E0));
#1241=VECTOR('',#1240,3.E-1);
#1242=CARTESIAN_POINT('',(0.E0,4.5E-1,-5.8E0));
#1243=LINE('',#1242,#1241);
#1244=CURVE_STYLE('',#22,POSITIVE_LENGTH_MEASURE(2.E-2),#3);
#1245=PRESENTATION_STYLE_ASSIGNMENT((#1244));
#1246=STYLED_ITEM('',(#1245),#1243);
#1247=DIRECTION('',(0.E0,0.E0,-1.E0));
#1248=VECTOR('',#1247,6.499999999999E-1);
#1249=CARTESIAN_POINT('',(0.E0,-4.5E-1,-5.15E0));
#1250=LINE('',#1249,#1248);
#1251=CURVE_STYLE('',#22,POSITIVE_LENGTH_MEASURE(2.E-2),#3);
#1252=PRESENTATION_STYLE_ASSIGNMENT((#1251));
#1253=STYLED_ITEM('',(#1252),#1250);
#1254=DIRECTION('',(0.E0,0.E0,1.E0));
#1255=VECTOR('',#1254,6.499999999999E-1);
#1256=CARTESIAN_POINT('',(0.E0,4.5E-1,-5.8E0));
#1257=LINE('',#1256,#1255);
#1258=CURVE_STYLE('',#22,POSITIVE_LENGTH_MEASURE(2.E-2),#3);
#1259=PRESENTATION_STYLE_ASSIGNMENT((#1258));
#1260=STYLED_ITEM('',(#1259),#1257);
#1261=DIRECTION('',(5.255883312380E-2,0.E0,9.986178293325E-1));
#1262=VECTOR('',#1261,2.403253494309E0);
#1263=CARTESIAN_POINT('',(0.E0,-4.5E-1,-5.15E0));
#1264=LINE('',#1263,#1262);
#1265=CURVE_STYLE('',#22,POSITIVE_LENGTH_MEASURE(2.E-2),#3);
#1266=PRESENTATION_STYLE_ASSIGNMENT((#1265));
#1267=STYLED_ITEM('',(#1266),#1264);
#1268=DIRECTION('',(0.E0,0.E0,-1.E0));
#1269=VECTOR('',#1268,2.4E0);
#1270=CARTESIAN_POINT('',(3.E-1,-4.5E-1,-2.75E0));
#1271=LINE('',#1270,#1269);
#1272=CURVE_STYLE('',#22,POSITIVE_LENGTH_MEASURE(2.E-2),#3);
#1273=PRESENTATION_STYLE_ASSIGNMENT((#1272));
#1274=STYLED_ITEM('',(#1273),#1271);
#1275=DIRECTION('',(0.E0,-1.E0,0.E0));
#1276=VECTOR('',#1275,9.E-1);
#1277=CARTESIAN_POINT('',(0.E0,4.5E-1,-5.8E0));
#1278=LINE('',#1277,#1276);
#1279=CURVE_STYLE('',#22,POSITIVE_LENGTH_MEASURE(2.E-2),#3);
#1280=PRESENTATION_STYLE_ASSIGNMENT((#1279));
#1281=STYLED_ITEM('',(#1280),#1278);
#1282=DIRECTION('',(1.E0,0.E0,0.E0));
#1283=VECTOR('',#1282,3.E-1);
#1284=CARTESIAN_POINT('',(0.E0,-4.5E-1,-5.8E0));
#1285=LINE('',#1284,#1283);
#1286=CURVE_STYLE('',#22,POSITIVE_LENGTH_MEASURE(2.E-2),#3);
#1287=PRESENTATION_STYLE_ASSIGNMENT((#1286));
#1288=STYLED_ITEM('',(#1287),#1285);
#1289=CARTESIAN_POINT('',(3.E-1,-4.5E-1,-5.15E0));
#1290=CARTESIAN_POINT('',(3.E-1,4.5E-1,-5.15E0));
#1291=VERTEX_POINT('',#1289);
#1292=VERTEX_POINT('',#1290);
#1293=CARTESIAN_POINT('',(3.E-1,4.5E-1,-5.8E0));
#1294=VERTEX_POINT('',#1293);
#1295=CARTESIAN_POINT('',(3.E-1,-4.5E-1,-5.8E0));
#1296=VERTEX_POINT('',#1295);
#1297=CARTESIAN_POINT('',(5.5E-1,-9.848475E-1,-5.15E0));
#1298=CARTESIAN_POINT('',(1.9E0,-9.848475E-1,-5.15E0));
#1299=VERTEX_POINT('',#1297);
#1300=VERTEX_POINT('',#1298);
#1301=CARTESIAN_POINT('',(5.5E-1,9.848475E-1,-5.15E0));
#1302=VERTEX_POINT('',#1301);
#1303=CARTESIAN_POINT('',(1.9E0,9.848475E-1,-5.15E0));
#1304=VERTEX_POINT('',#1303);
#1305=CARTESIAN_POINT('',(1.9E0,4.802778125E0,-5.15E0));
#1306=VERTEX_POINT('',#1305);
#1307=CARTESIAN_POINT('',(0.E0,4.802778125E0,-5.15E0));
#1308=VERTEX_POINT('',#1307);
#1309=CARTESIAN_POINT('',(0.E0,5.5E-1,-5.15E0));
#1310=VERTEX_POINT('',#1309);
#1311=CARTESIAN_POINT('',(3.E-1,5.5E-1,-5.15E0));
#1312=VERTEX_POINT('',#1311);
#1313=CARTESIAN_POINT('',(3.E-1,-5.5E-1,-5.15E0));
#1314=VERTEX_POINT('',#1313);
#1315=CARTESIAN_POINT('',(0.E0,-5.5E-1,-5.15E0));
#1316=VERTEX_POINT('',#1315);
#1317=CARTESIAN_POINT('',(0.E0,-4.802778125E0,-5.15E0));
#1318=VERTEX_POINT('',#1317);
#1319=CARTESIAN_POINT('',(1.9E0,-4.802778125E0,-5.15E0));
#1320=VERTEX_POINT('',#1319);
#1321=CARTESIAN_POINT('',(1.9E0,-9.848475E-1,-4.902048082357E0));
#1322=VERTEX_POINT('',#1321);
#1323=CARTESIAN_POINT('',(5.5E-1,-9.848475E-1,-4.902048082357E0));
#1324=VERTEX_POINT('',#1323);
#1325=CARTESIAN_POINT('',(1.1E0,-9.848475E-1,5.15E0));
#1326=CARTESIAN_POINT('',(1.1E0,-9.848475E-1,4.902048082357E0));
#1327=VERTEX_POINT('',#1325);
#1328=VERTEX_POINT('',#1326);
#1329=CARTESIAN_POINT('',(5.5E-1,-9.848475E-1,5.15E0));
#1330=VERTEX_POINT('',#1329);
#1331=CARTESIAN_POINT('',(5.5E-1,-9.848475E-1,4.902048082357E0));
#1332=VERTEX_POINT('',#1331);
#1333=CARTESIAN_POINT('',(1.9E0,-5.15E0,-4.802778125E0));
#1334=VERTEX_POINT('',#1333);
#1335=CARTESIAN_POINT('',(1.9E0,-5.15E0,-9.848475E-1));
#1336=VERTEX_POINT('',#1335);
#1337=CARTESIAN_POINT('',(1.9E0,-4.902048082357E0,-9.848475E-1));
#1338=VERTEX_POINT('',#1337);
#1339=CARTESIAN_POINT('',(1.9E0,9.848475E-1,-4.902048082357E0));
#1340=VERTEX_POINT('',#1339);
#1341=CARTESIAN_POINT('',(1.9E0,4.902048082357E0,-9.848475E-1));
#1342=VERTEX_POINT('',#1341);
#1343=CARTESIAN_POINT('',(1.9E0,5.15E0,-9.848475E-1));
#1344=VERTEX_POINT('',#1343);
#1345=CARTESIAN_POINT('',(1.9E0,5.15E0,-4.802778125E0));
#1346=VERTEX_POINT('',#1345);
#1347=CARTESIAN_POINT('',(0.E0,-5.15E0,-4.802778125E0));
#1348=VERTEX_POINT('',#1347);
#1349=CARTESIAN_POINT('',(0.E0,5.5E-1,2.75E0));
#1350=CARTESIAN_POINT('',(0.E0,5.15E0,2.75E0));
#1351=VERTEX_POINT('',#1349);
#1352=VERTEX_POINT('',#1350);
#1353=CARTESIAN_POINT('',(0.E0,5.15E0,4.26363725E0));
#1354=VERTEX_POINT('',#1353);
#1355=CARTESIAN_POINT('',(0.E0,4.26363725E0,5.15E0));
#1356=VERTEX_POINT('',#1355);
#1357=CARTESIAN_POINT('',(0.E0,5.5E-1,5.15E0));
#1358=VERTEX_POINT('',#1357);
#1359=CARTESIAN_POINT('',(0.E0,-5.15E0,2.75E0));
#1360=CARTESIAN_POINT('',(0.E0,-5.5E-1,2.75E0));
#1361=VERTEX_POINT('',#1359);
#1362=VERTEX_POINT('',#1360);
#1363=CARTESIAN_POINT('',(0.E0,-5.5E-1,5.15E0));
#1364=VERTEX_POINT('',#1363);
#1365=CARTESIAN_POINT('',(0.E0,-4.26363725E0,5.15E0));
#1366=VERTEX_POINT('',#1365);
#1367=CARTESIAN_POINT('',(0.E0,-5.15E0,4.26363725E0));
#1368=VERTEX_POINT('',#1367);
#1369=CARTESIAN_POINT('',(0.E0,5.5E-1,-2.75E0));
#1370=CARTESIAN_POINT('',(0.E0,5.15E0,-2.75E0));
#1371=VERTEX_POINT('',#1369);
#1372=VERTEX_POINT('',#1370);
#1373=CARTESIAN_POINT('',(0.E0,5.15E0,-4.802778125E0));
#1374=VERTEX_POINT('',#1373);
#1375=CARTESIAN_POINT('',(0.E0,-5.15E0,-2.75E0));
#1376=CARTESIAN_POINT('',(0.E0,-5.5E-1,-2.75E0));
#1377=VERTEX_POINT('',#1375);
#1378=VERTEX_POINT('',#1376);
#1379=CARTESIAN_POINT('',(5.E-2,5.5E-1,2.75E0));
#1380=VERTEX_POINT('',#1379);
#1381=CARTESIAN_POINT('',(5.E-2,5.15E0,2.75E0));
#1382=VERTEX_POINT('',#1381);
#1383=CARTESIAN_POINT('',(5.E-2,-5.15E0,2.75E0));
#1384=VERTEX_POINT('',#1383);
#1385=CARTESIAN_POINT('',(5.E-2,-5.5E-1,2.75E0));
#1386=VERTEX_POINT('',#1385);
#1387=CARTESIAN_POINT('',(5.E-2,5.5E-1,2.59E0));
#1388=VERTEX_POINT('',#1387);
#1389=CARTESIAN_POINT('',(3.E-1,5.5E-1,5.15E0));
#1390=VERTEX_POINT('',#1389);
#1391=CARTESIAN_POINT('',(3.E-1,5.5E-1,2.59E0));
#1392=VERTEX_POINT('',#1391);
#1393=CARTESIAN_POINT('',(5.E-2,5.15E0,-2.75E0));
#1394=VERTEX_POINT('',#1393);
#1395=CARTESIAN_POINT('',(5.E-2,1.E-2,2.05E0));
#1396=VERTEX_POINT('',#1395);
#1397=CARTESIAN_POINT('',(5.E-2,-1.E-2,2.05E0));
#1398=VERTEX_POINT('',#1397);
#1399=CARTESIAN_POINT('',(5.E-2,-5.5E-1,2.59E0));
#1400=VERTEX_POINT('',#1399);
#1401=CARTESIAN_POINT('',(5.E-2,-5.15E0,-2.75E0));
#1402=VERTEX_POINT('',#1401);
#1403=CARTESIAN_POINT('',(5.E-2,-5.5E-1,-2.75E0));
#1404=VERTEX_POINT('',#1403);
#1405=CARTESIAN_POINT('',(5.E-2,-5.5E-1,-2.59E0));
#1406=VERTEX_POINT('',#1405);
#1407=CARTESIAN_POINT('',(5.E-2,-9.999999999996E-3,-2.05E0));
#1408=VERTEX_POINT('',#1407);
#1409=CARTESIAN_POINT('',(5.E-2,1.E-2,-2.05E0));
#1410=VERTEX_POINT('',#1409);
#1411=CARTESIAN_POINT('',(5.E-2,5.5E-1,-2.59E0));
#1412=VERTEX_POINT('',#1411);
#1413=CARTESIAN_POINT('',(5.E-2,5.5E-1,-2.75E0));
#1414=VERTEX_POINT('',#1413);
#1415=CARTESIAN_POINT('',(1.1E0,5.15E0,9.848475E-1));
#1416=CARTESIAN_POINT('',(1.1E0,5.15E0,4.26363725E0));
#1417=VERTEX_POINT('',#1415);
#1418=VERTEX_POINT('',#1416);
#1419=CARTESIAN_POINT('',(5.5E-1,5.15E0,-9.848475E-1));
#1420=VERTEX_POINT('',#1419);
#1421=CARTESIAN_POINT('',(5.5E-1,5.15E0,9.848475E-1));
#1422=VERTEX_POINT('',#1421);
#1423=CARTESIAN_POINT('',(1.1E0,4.902048082357E0,9.848475E-1));
#1424=VERTEX_POINT('',#1423);
#1425=CARTESIAN_POINT('',(1.1E0,9.848475E-1,4.902048082357E0));
#1426=VERTEX_POINT('',#1425);
#1427=CARTESIAN_POINT('',(1.1E0,9.848475E-1,5.15E0));
#1428=VERTEX_POINT('',#1427);
#1429=CARTESIAN_POINT('',(1.1E0,4.26363725E0,5.15E0));
#1430=VERTEX_POINT('',#1429);
#1431=CARTESIAN_POINT('',(1.1E0,-5.15E0,9.848475E-1));
#1432=CARTESIAN_POINT('',(1.1E0,-5.15E0,4.26363725E0));
#1433=VERTEX_POINT('',#1431);
#1434=VERTEX_POINT('',#1432);
#1435=CARTESIAN_POINT('',(1.1E0,-4.26363725E0,5.15E0));
#1436=VERTEX_POINT('',#1435);
#1437=CARTESIAN_POINT('',(1.1E0,-4.902048082357E0,9.848475E-1));
#1438=VERTEX_POINT('',#1437);
#1439=CARTESIAN_POINT('',(5.5E-1,-4.902048082357E0,9.848475E-1));
#1440=VERTEX_POINT('',#1439);
#1441=CARTESIAN_POINT('',(5.5E-1,-5.15E0,9.848475E-1));
#1442=VERTEX_POINT('',#1441);
#1443=CARTESIAN_POINT('',(5.5E-1,4.902048082357E0,9.848475E-1));
#1444=VERTEX_POINT('',#1443);
#1445=CARTESIAN_POINT('',(5.5E-1,9.848475E-1,4.902048082357E0));
#1446=VERTEX_POINT('',#1445);
#1447=CARTESIAN_POINT('',(5.5E-1,9.848475E-1,5.15E0));
#1448=VERTEX_POINT('',#1447);
#1449=CARTESIAN_POINT('',(5.5E-1,4.902048082357E0,-9.848475E-1));
#1450=VERTEX_POINT('',#1449);
#1451=CARTESIAN_POINT('',(5.5E-1,9.848475E-1,-4.902048082357E0));
#1452=VERTEX_POINT('',#1451);
#1453=CARTESIAN_POINT('',(5.5E-1,-4.902048082357E0,-9.848475E-1));
#1454=VERTEX_POINT('',#1453);
#1455=CARTESIAN_POINT('',(5.5E-1,-5.15E0,-9.848475E-1));
#1456=VERTEX_POINT('',#1455);
#1457=CARTESIAN_POINT('',(3.E-1,-5.5E-1,5.15E0));
#1458=VERTEX_POINT('',#1457);
#1459=CARTESIAN_POINT('',(3.E-1,-4.5E-1,5.15E0));
#1460=VERTEX_POINT('',#1459);
#1461=CARTESIAN_POINT('',(3.E-1,4.5E-1,5.15E0));
#1462=VERTEX_POINT('',#1461);
#1463=CARTESIAN_POINT('',(3.E-1,5.5E-1,-2.59E0));
#1464=VERTEX_POINT('',#1463);
#1465=CARTESIAN_POINT('',(3.E-1,1.E-2,-2.05E0));
#1466=VERTEX_POINT('',#1465);
#1467=CARTESIAN_POINT('',(3.E-1,-9.999999999999E-3,-2.05E0));
#1468=VERTEX_POINT('',#1467);
#1469=CARTESIAN_POINT('',(3.E-1,-5.5E-1,-2.59E0));
#1470=VERTEX_POINT('',#1469);
#1471=CARTESIAN_POINT('',(3.E-1,-4.5E-1,-2.75E0));
#1472=CARTESIAN_POINT('',(3.E-1,0.E0,-2.3E0));
#1473=VERTEX_POINT('',#1471);
#1474=VERTEX_POINT('',#1472);
#1475=CARTESIAN_POINT('',(3.E-1,4.5E-1,-2.75E0));
#1476=VERTEX_POINT('',#1475);
#1477=VERTEX_POINT('',#1198);
#1478=VERTEX_POINT('',#1207);
#1479=VERTEX_POINT('',#1184);
#1480=CARTESIAN_POINT('',(0.E0,4.5E-1,-5.15E0));
#1481=VERTEX_POINT('',#1480);
#1482=CARTESIAN_POINT('',(0.E0,-4.5E-1,-5.15E0));
#1483=VERTEX_POINT('',#1482);
#1484=CARTESIAN_POINT('',(0.E0,4.5E-1,-5.8E0));
#1485=VERTEX_POINT('',#1484);
#1486=CARTESIAN_POINT('',(0.E0,-4.5E-1,-5.8E0));
#1487=VERTEX_POINT('',#1486);
#1488=CARTESIAN_POINT('',(3.E-1,-5.5E-1,2.59E0));
#1489=VERTEX_POINT('',#1488);
#1490=CARTESIAN_POINT('',(3.E-1,-1.E-2,2.05E0));
#1491=VERTEX_POINT('',#1490);
#1492=CARTESIAN_POINT('',(3.E-1,1.E-2,2.05E0));
#1493=VERTEX_POINT('',#1492);
#1494=CARTESIAN_POINT('',(3.E-1,4.5E-1,2.75E0));
#1495=VERTEX_POINT('',#1494);
#1496=CARTESIAN_POINT('',(3.E-1,0.E0,2.3E0));
#1497=VERTEX_POINT('',#1496);
#1498=CARTESIAN_POINT('',(3.E-1,-4.5E-1,2.75E0));
#1499=VERTEX_POINT('',#1498);
#1500=CARTESIAN_POINT('',(0.E0,4.5E-1,5.15E0));
#1501=CARTESIAN_POINT('',(1.263119560693E-1,4.5E-1,2.750072834732E0));
#1502=VERTEX_POINT('',#1500);
#1503=VERTEX_POINT('',#1501);
#1504=CARTESIAN_POINT('',(3.E-1,4.5E-1,5.8E0));
#1505=VERTEX_POINT('',#1504);
#1506=CARTESIAN_POINT('',(0.E0,4.5E-1,5.8E0));
#1507=VERTEX_POINT('',#1506);
#1508=CARTESIAN_POINT('',(0.E0,-4.5E-1,5.15E0));
#1509=VERTEX_POINT('',#1508);
#1510=CARTESIAN_POINT('',(1.263121901983E-1,-4.5E-1,2.750068386280E0));
#1511=VERTEX_POINT('',#1510);
#1512=VERTEX_POINT('',#862);
#1513=CARTESIAN_POINT('',(0.E0,-4.5E-1,5.8E0));
#1514=VERTEX_POINT('',#1513);
#1515=CARTESIAN_POINT('',(3.E-1,-4.5E-1,5.8E0));
#1516=VERTEX_POINT('',#1515);
#1517=CARTESIAN_POINT('',(3.E-1,0.E0,0.E0));
#1518=DIRECTION('',(1.E0,0.E0,0.E0));
#1519=DIRECTION('',(0.E0,0.E0,1.E0));
#1520=AXIS2_PLACEMENT_3D('',#1517,#1518,#1519);
#1521=PLANE('',#1520);
#1523=ORIENTED_EDGE('',*,*,#1522,.T.);
#1525=ORIENTED_EDGE('',*,*,#1524,.T.);
#1527=ORIENTED_EDGE('',*,*,#1526,.T.);
#1529=ORIENTED_EDGE('',*,*,#1528,.T.);
#1530=EDGE_LOOP('',(#1523,#1525,#1527,#1529));
#1531=FACE_OUTER_BOUND('',#1530,.F.);
#1533=FILL_AREA_STYLE_COLOUR('',#9);
#1534=FILL_AREA_STYLE('',(#1533));
#1535=SURFACE_STYLE_FILL_AREA(#1534);
#1536=SURFACE_SIDE_STYLE('',(#1535));
#1537=SURFACE_STYLE_USAGE(.POSITIVE.,#1536);
#1538=PRESENTATION_STYLE_ASSIGNMENT((#1537));
#1539=OVER_RIDING_STYLED_ITEM('',(#1538),#1532,#17);
#1540=CARTESIAN_POINT('',(0.E0,-4.802778125E0,-5.15E0));
#1541=DIRECTION('',(0.E0,0.E0,-1.E0));
#1542=DIRECTION('',(0.E0,1.E0,0.E0));
#1543=AXIS2_PLACEMENT_3D('',#1540,#1541,#1542);
#1544=PLANE('',#1543);
#1546=ORIENTED_EDGE('',*,*,#1545,.F.);
#1548=ORIENTED_EDGE('',*,*,#1547,.F.);
#1550=ORIENTED_EDGE('',*,*,#1549,.T.);
#1552=ORIENTED_EDGE('',*,*,#1551,.F.);
#1554=ORIENTED_EDGE('',*,*,#1553,.F.);
#1556=ORIENTED_EDGE('',*,*,#1555,.T.);
#1558=ORIENTED_EDGE('',*,*,#1557,.F.);
#1560=ORIENTED_EDGE('',*,*,#1559,.F.);
#1561=ORIENTED_EDGE('',*,*,#1522,.F.);
#1563=ORIENTED_EDGE('',*,*,#1562,.F.);
#1565=ORIENTED_EDGE('',*,*,#1564,.T.);
#1567=ORIENTED_EDGE('',*,*,#1566,.T.);
#1569=ORIENTED_EDGE('',*,*,#1568,.F.);
#1571=ORIENTED_EDGE('',*,*,#1570,.F.);
#1572=EDGE_LOOP('',(#1546,#1548,#1550,#1552,#1554,#1556,#1558,#1560,#1561,#1563,
#1565,#1567,#1569,#1571));
#1573=FACE_OUTER_BOUND('',#1572,.F.);
#1575=CARTESIAN_POINT('',(1.9E0,-9.848475E-1,-5.15E0));
#1576=DIRECTION('',(0.E0,-1.E0,0.E0));
#1577=DIRECTION('',(-1.E0,0.E0,0.E0));
#1578=AXIS2_PLACEMENT_3D('',#1575,#1576,#1577);
#1579=PLANE('',#1578);
#1581=ORIENTED_EDGE('',*,*,#1580,.F.);
#1583=ORIENTED_EDGE('',*,*,#1582,.F.);
#1585=ORIENTED_EDGE('',*,*,#1584,.T.);
#1586=ORIENTED_EDGE('',*,*,#1545,.T.);
#1587=EDGE_LOOP('',(#1581,#1583,#1585,#1586));
#1588=FACE_OUTER_BOUND('',#1587,.F.);
#1590=CARTESIAN_POINT('',(1.9E0,0.E0,0.E0));
#1591=DIRECTION('',(1.E0,0.E0,0.E0));
#1592=DIRECTION('',(0.E0,0.E0,1.E0));
#1593=AXIS2_PLACEMENT_3D('',#1590,#1591,#1592);
#1594=PLANE('',#1593);
#1595=ORIENTED_EDGE('',*,*,#1580,.T.);
#1596=ORIENTED_EDGE('',*,*,#1570,.T.);
#1598=ORIENTED_EDGE('',*,*,#1597,.T.);
#1600=ORIENTED_EDGE('',*,*,#1599,.T.);
#1602=ORIENTED_EDGE('',*,*,#1601,.T.);
#1604=ORIENTED_EDGE('',*,*,#1603,.T.);
#1605=EDGE_LOOP('',(#1595,#1596,#1598,#1600,#1602,#1604));
#1606=FACE_OUTER_BOUND('',#1605,.F.);
#1608=CARTESIAN_POINT('',(0.E0,-4.802778125E0,-4.802778125E0));
#1609=DIRECTION('',(1.E0,0.E0,0.E0));
#1610=DIRECTION('',(0.E0,0.E0,1.E0));
#1611=AXIS2_PLACEMENT_3D('',#1608,#1609,#1610);
#1612=CYLINDRICAL_SURFACE('',#1611,3.47221875E-1);
#1614=ORIENTED_EDGE('',*,*,#1613,.F.);
#1616=ORIENTED_EDGE('',*,*,#1615,.T.);
#1617=ORIENTED_EDGE('',*,*,#1597,.F.);
#1618=ORIENTED_EDGE('',*,*,#1568,.T.);
#1619=EDGE_LOOP('',(#1614,#1616,#1617,#1618));
#1620=FACE_OUTER_BOUND('',#1619,.F.);
#1622=CARTESIAN_POINT('',(0.E0,0.E0,0.E0));
#1623=DIRECTION('',(1.E0,0.E0,0.E0));
#1624=DIRECTION('',(0.E0,0.E0,1.E0));
#1625=AXIS2_PLACEMENT_3D('',#1622,#1623,#1624);
#1626=PLANE('',#1625);
#1628=ORIENTED_EDGE('',*,*,#1627,.F.);
#1630=ORIENTED_EDGE('',*,*,#1629,.T.);
#1631=ORIENTED_EDGE('',*,*,#1613,.T.);
#1632=ORIENTED_EDGE('',*,*,#1566,.F.);
#1634=ORIENTED_EDGE('',*,*,#1633,.T.);
#1635=EDGE_LOOP('',(#1628,#1630,#1631,#1632,#1634));
#1636=FACE_OUTER_BOUND('',#1635,.F.);
#1638=CARTESIAN_POINT('',(0.E0,5.15E0,-2.75E0));
#1639=DIRECTION('',(0.E0,0.E0,-1.E0));
#1640=DIRECTION('',(0.E0,-1.E0,0.E0));
#1641=AXIS2_PLACEMENT_3D('',#1638,#1639,#1640);
#1642=PLANE('',#1641);
#1643=ORIENTED_EDGE('',*,*,#1627,.T.);
#1645=ORIENTED_EDGE('',*,*,#1644,.F.);
#1647=ORIENTED_EDGE('',*,*,#1646,.F.);
#1649=ORIENTED_EDGE('',*,*,#1648,.T.);
#1650=EDGE_LOOP('',(#1643,#1645,#1647,#1649));
#1651=FACE_OUTER_BOUND('',#1650,.F.);
#1653=CARTESIAN_POINT('',(0.E0,-5.5E-1,-2.59E0));
#1654=DIRECTION('',(0.E0,1.E0,0.E0));
#1655=DIRECTION('',(0.E0,0.E0,-1.E0));
#1656=AXIS2_PLACEMENT_3D('',#1653,#1654,#1655);
#1657=PLANE('',#1656);
#1659=ORIENTED_EDGE('',*,*,#1658,.F.);
#1660=ORIENTED_EDGE('',*,*,#1644,.T.);
#1661=ORIENTED_EDGE('',*,*,#1633,.F.);
#1662=ORIENTED_EDGE('',*,*,#1564,.F.);
#1664=ORIENTED_EDGE('',*,*,#1663,.F.);
#1666=ORIENTED_EDGE('',*,*,#1665,.F.);
#1667=EDGE_LOOP('',(#1659,#1660,#1661,#1662,#1664,#1666));
#1668=FACE_OUTER_BOUND('',#1667,.F.);
#1670=CARTESIAN_POINT('',(5.E-2,0.E0,0.E0));
#1671=DIRECTION('',(-1.E0,0.E0,0.E0));
#1672=DIRECTION('',(0.E0,1.E0,0.E0));
#1673=AXIS2_PLACEMENT_3D('',#1670,#1671,#1672);
#1674=PLANE('',#1673);
#1676=ORIENTED_EDGE('',*,*,#1675,.T.);
#1678=ORIENTED_EDGE('',*,*,#1677,.T.);
#1680=ORIENTED_EDGE('',*,*,#1679,.T.);
#1682=ORIENTED_EDGE('',*,*,#1681,.T.);
#1684=ORIENTED_EDGE('',*,*,#1683,.F.);
#1686=ORIENTED_EDGE('',*,*,#1685,.T.);
#1688=ORIENTED_EDGE('',*,*,#1687,.F.);
#1690=ORIENTED_EDGE('',*,*,#1689,.T.);
#1692=ORIENTED_EDGE('',*,*,#1691,.F.);
#1693=ORIENTED_EDGE('',*,*,#1646,.T.);
#1694=ORIENTED_EDGE('',*,*,#1658,.T.);
#1696=ORIENTED_EDGE('',*,*,#1695,.T.);
#1698=ORIENTED_EDGE('',*,*,#1697,.T.);
#1700=ORIENTED_EDGE('',*,*,#1699,.T.);
#1702=ORIENTED_EDGE('',*,*,#1701,.F.);
#1704=ORIENTED_EDGE('',*,*,#1703,.T.);
#1705=EDGE_LOOP('',(#1676,#1678,#1680,#1682,#1684,#1686,#1688,#1690,#1692,#1693,
#1694,#1696,#1698,#1700,#1702,#1704));
#1706=FACE_OUTER_BOUND('',#1705,.F.);
#1708=CARTESIAN_POINT('',(0.E0,5.15E0,-4.802778125E0));
#1709=DIRECTION('',(0.E0,1.E0,0.E0));
#1710=DIRECTION('',(0.E0,0.E0,1.E0));
#1711=AXIS2_PLACEMENT_3D('',#1708,#1709,#1710);
#1712=PLANE('',#1711);
#1714=ORIENTED_EDGE('',*,*,#1713,.T.);
#1716=ORIENTED_EDGE('',*,*,#1715,.T.);
#1718=ORIENTED_EDGE('',*,*,#1717,.T.);
#1720=ORIENTED_EDGE('',*,*,#1719,.F.);
#1721=ORIENTED_EDGE('',*,*,#1675,.F.);
#1723=ORIENTED_EDGE('',*,*,#1722,.T.);
#1725=ORIENTED_EDGE('',*,*,#1724,.T.);
#1727=ORIENTED_EDGE('',*,*,#1726,.F.);
#1729=ORIENTED_EDGE('',*,*,#1728,.F.);
#1731=ORIENTED_EDGE('',*,*,#1730,.F.);
#1733=ORIENTED_EDGE('',*,*,#1732,.F.);
#1735=ORIENTED_EDGE('',*,*,#1734,.T.);
#1736=EDGE_LOOP('',(#1714,#1716,#1718,#1720,#1721,#1723,#1725,#1727,#1729,#1731,
#1733,#1735));
#1737=FACE_OUTER_BOUND('',#1736,.F.);
#1739=CARTESIAN_POINT('',(1.1E0,5.15E0,9.848475E-1));
#1740=DIRECTION('',(-1.E0,0.E0,0.E0));
#1741=DIRECTION('',(0.E0,0.E0,1.E0));
#1742=AXIS2_PLACEMENT_3D('',#1739,#1740,#1741);
#1743=PLANE('',#1742);
#1744=ORIENTED_EDGE('',*,*,#1713,.F.);
#1746=ORIENTED_EDGE('',*,*,#1745,.T.);
#1748=ORIENTED_EDGE('',*,*,#1747,.T.);
#1750=ORIENTED_EDGE('',*,*,#1749,.F.);
#1752=ORIENTED_EDGE('',*,*,#1751,.T.);
#1754=ORIENTED_EDGE('',*,*,#1753,.T.);
#1755=EDGE_LOOP('',(#1744,#1746,#1748,#1750,#1752,#1754));
#1756=FACE_OUTER_BOUND('',#1755,.F.);
#1758=CARTESIAN_POINT('',(5.5E-1,5.15E0,9.848475E-1));
#1759=DIRECTION('',(0.E0,0.E0,1.E0));
#1760=DIRECTION('',(1.E0,0.E0,0.E0));
#1761=AXIS2_PLACEMENT_3D('',#1758,#1759,#1760);
#1762=PLANE('',#1761);
#1763=ORIENTED_EDGE('',*,*,#1745,.F.);
#1764=ORIENTED_EDGE('',*,*,#1734,.F.);
#1766=ORIENTED_EDGE('',*,*,#1765,.F.);
#1768=ORIENTED_EDGE('',*,*,#1767,.F.);
#1769=EDGE_LOOP('',(#1763,#1764,#1766,#1768));
#1770=FACE_OUTER_BOUND('',#1769,.F.);
#1772=CARTESIAN_POINT('',(5.5E-1,0.E0,0.E0));
#1773=DIRECTION('',(1.E0,0.E0,0.E0));
#1774=DIRECTION('',(0.E0,1.E0,0.E0));
#1775=AXIS2_PLACEMENT_3D('',#1772,#1773,#1774);
#1776=PLANE('',#1775);
#1778=ORIENTED_EDGE('',*,*,#1777,.T.);
#1780=ORIENTED_EDGE('',*,*,#1779,.F.);
#1782=ORIENTED_EDGE('',*,*,#1781,.T.);
#1784=ORIENTED_EDGE('',*,*,#1783,.T.);
#1786=ORIENTED_EDGE('',*,*,#1785,.T.);
#1787=ORIENTED_EDGE('',*,*,#1765,.T.);
#1788=ORIENTED_EDGE('',*,*,#1732,.T.);
#1790=ORIENTED_EDGE('',*,*,#1789,.F.);
#1792=ORIENTED_EDGE('',*,*,#1791,.T.);
#1794=ORIENTED_EDGE('',*,*,#1793,.T.);
#1795=ORIENTED_EDGE('',*,*,#1547,.T.);
#1796=ORIENTED_EDGE('',*,*,#1584,.F.);
#1798=ORIENTED_EDGE('',*,*,#1797,.T.);
#1800=ORIENTED_EDGE('',*,*,#1799,.F.);
#1802=ORIENTED_EDGE('',*,*,#1801,.F.);
#1804=ORIENTED_EDGE('',*,*,#1803,.T.);
#1805=EDGE_LOOP('',(#1778,#1780,#1782,#1784,#1786,#1787,#1788,#1790,#1792,#1794,
#1795,#1796,#1798,#1800,#1802,#1804));
#1806=FACE_OUTER_BOUND('',#1805,.F.);
#1808=CARTESIAN_POINT('',(1.9E0,0.E0,0.E0));
#1809=DIRECTION('',(1.E0,0.E0,0.E0));
#1810=DIRECTION('',(0.E0,1.E0,0.E0));
#1811=AXIS2_PLACEMENT_3D('',#1808,#1809,#1810);
#1812=CYLINDRICAL_SURFACE('',#1811,5.E0);
#1814=ORIENTED_EDGE('',*,*,#1813,.F.);
#1816=ORIENTED_EDGE('',*,*,#1815,.T.);
#1817=ORIENTED_EDGE('',*,*,#1777,.F.);
#1819=ORIENTED_EDGE('',*,*,#1818,.T.);
#1820=EDGE_LOOP('',(#1814,#1816,#1817,#1819));
#1821=FACE_OUTER_BOUND('',#1820,.F.);
#1823=CARTESIAN_POINT('',(1.1E0,5.15E0,9.848475E-1));
#1824=DIRECTION('',(-1.E0,0.E0,0.E0));
#1825=DIRECTION('',(0.E0,0.E0,1.E0));
#1826=AXIS2_PLACEMENT_3D('',#1823,#1824,#1825);
#1827=PLANE('',#1826);
#1829=ORIENTED_EDGE('',*,*,#1828,.T.);
#1831=ORIENTED_EDGE('',*,*,#1830,.T.);
#1833=ORIENTED_EDGE('',*,*,#1832,.T.);
#1835=ORIENTED_EDGE('',*,*,#1834,.T.);
#1836=ORIENTED_EDGE('',*,*,#1813,.T.);
#1838=ORIENTED_EDGE('',*,*,#1837,.T.);
#1839=EDGE_LOOP('',(#1829,#1831,#1833,#1835,#1836,#1838));
#1840=FACE_OUTER_BOUND('',#1839,.F.);
#1842=CARTESIAN_POINT('',(0.E0,-5.15E0,5.15E0));
#1843=DIRECTION('',(0.E0,-1.E0,0.E0));
#1844=DIRECTION('',(0.E0,0.E0,-1.E0));
#1845=AXIS2_PLACEMENT_3D('',#1842,#1843,#1844);
#1846=PLANE('',#1845);
#1847=ORIENTED_EDGE('',*,*,#1828,.F.);
#1849=ORIENTED_EDGE('',*,*,#1848,.F.);
#1850=ORIENTED_EDGE('',*,*,#1801,.T.);
#1852=ORIENTED_EDGE('',*,*,#1851,.T.);
#1853=ORIENTED_EDGE('',*,*,#1599,.F.);
#1854=ORIENTED_EDGE('',*,*,#1615,.F.);
#1855=ORIENTED_EDGE('',*,*,#1629,.F.);
#1856=ORIENTED_EDGE('',*,*,#1648,.F.);
#1857=ORIENTED_EDGE('',*,*,#1691,.T.);
#1859=ORIENTED_EDGE('',*,*,#1858,.T.);
#1861=ORIENTED_EDGE('',*,*,#1860,.F.);
#1863=ORIENTED_EDGE('',*,*,#1862,.F.);
#1864=EDGE_LOOP('',(#1847,#1849,#1850,#1852,#1853,#1854,#1855,#1856,#1857,#1859,
#1861,#1863));
#1865=FACE_OUTER_BOUND('',#1864,.F.);
#1867=CARTESIAN_POINT('',(5.5E-1,5.15E0,9.848475E-1));
#1868=DIRECTION('',(0.E0,0.E0,1.E0));
#1869=DIRECTION('',(1.E0,0.E0,0.E0));
#1870=AXIS2_PLACEMENT_3D('',#1867,#1868,#1869);
#1871=PLANE('',#1870);
#1872=ORIENTED_EDGE('',*,*,#1837,.F.);
#1873=ORIENTED_EDGE('',*,*,#1818,.F.);
#1874=ORIENTED_EDGE('',*,*,#1803,.F.);
#1875=ORIENTED_EDGE('',*,*,#1848,.T.);
#1876=EDGE_LOOP('',(#1872,#1873,#1874,#1875));
#1877=FACE_OUTER_BOUND('',#1876,.F.);
#1879=CARTESIAN_POINT('',(1.9E0,5.15E0,-9.848475E-1));
#1880=DIRECTION('',(0.E0,0.E0,-1.E0));
#1881=DIRECTION('',(-1.E0,0.E0,0.E0));
#1882=AXIS2_PLACEMENT_3D('',#1879,#1880,#1881);
#1883=PLANE('',#1882);
#1884=ORIENTED_EDGE('',*,*,#1601,.F.);
#1885=ORIENTED_EDGE('',*,*,#1851,.F.);
#1886=ORIENTED_EDGE('',*,*,#1799,.T.);
#1888=ORIENTED_EDGE('',*,*,#1887,.F.);
#1889=EDGE_LOOP('',(#1884,#1885,#1886,#1888));
#1890=FACE_OUTER_BOUND('',#1889,.F.);
#1892=CARTESIAN_POINT('',(1.9E0,0.E0,0.E0));
#1893=DIRECTION('',(1.E0,0.E0,0.E0));
#1894=DIRECTION('',(0.E0,1.E0,0.E0));
#1895=AXIS2_PLACEMENT_3D('',#1892,#1893,#1894);
#1896=CYLINDRICAL_SURFACE('',#1895,5.E0);
#1897=ORIENTED_EDGE('',*,*,#1582,.T.);
#1898=ORIENTED_EDGE('',*,*,#1603,.F.);
#1899=ORIENTED_EDGE('',*,*,#1887,.T.);
#1900=ORIENTED_EDGE('',*,*,#1797,.F.);
#1901=EDGE_LOOP('',(#1897,#1898,#1899,#1900));
#1902=FACE_OUTER_BOUND('',#1901,.F.);
#1904=CARTESIAN_POINT('',(0.E0,-5.15E0,2.75E0));
#1905=DIRECTION('',(0.E0,0.E0,1.E0));
#1906=DIRECTION('',(0.E0,1.E0,0.E0));
#1907=AXIS2_PLACEMENT_3D('',#1904,#1905,#1906);
#1908=PLANE('',#1907);
#1910=ORIENTED_EDGE('',*,*,#1909,.F.);
#1911=ORIENTED_EDGE('',*,*,#1858,.F.);
#1912=ORIENTED_EDGE('',*,*,#1689,.F.);
#1914=ORIENTED_EDGE('',*,*,#1913,.T.);
#1915=EDGE_LOOP('',(#1910,#1911,#1912,#1914));
#1916=FACE_OUTER_BOUND('',#1915,.F.);
#1918=CARTESIAN_POINT('',(0.E0,0.E0,0.E0));
#1919=DIRECTION('',(1.E0,0.E0,0.E0));
#1920=DIRECTION('',(0.E0,0.E0,1.E0));
#1921=AXIS2_PLACEMENT_3D('',#1918,#1919,#1920);
#1922=PLANE('',#1921);
#1923=ORIENTED_EDGE('',*,*,#1909,.T.);
#1925=ORIENTED_EDGE('',*,*,#1924,.T.);
#1927=ORIENTED_EDGE('',*,*,#1926,.F.);
#1929=ORIENTED_EDGE('',*,*,#1928,.T.);
#1930=ORIENTED_EDGE('',*,*,#1860,.T.);
#1931=EDGE_LOOP('',(#1923,#1925,#1927,#1929,#1930));
#1932=FACE_OUTER_BOUND('',#1931,.F.);
#1934=CARTESIAN_POINT('',(0.E0,-5.5E-1,2.59E0));
#1935=DIRECTION('',(0.E0,-1.E0,0.E0));
#1936=DIRECTION('',(0.E0,0.E0,1.E0));
#1937=AXIS2_PLACEMENT_3D('',#1934,#1935,#1936);
#1938=PLANE('',#1937);
#1939=ORIENTED_EDGE('',*,*,#1687,.T.);
#1941=ORIENTED_EDGE('',*,*,#1940,.F.);
#1943=ORIENTED_EDGE('',*,*,#1942,.F.);
#1945=ORIENTED_EDGE('',*,*,#1944,.T.);
#1946=ORIENTED_EDGE('',*,*,#1924,.F.);
#1947=ORIENTED_EDGE('',*,*,#1913,.F.);
#1948=EDGE_LOOP('',(#1939,#1941,#1943,#1945,#1946,#1947));
#1949=FACE_OUTER_BOUND('',#1948,.F.);
#1951=CARTESIAN_POINT('',(0.E0,-1.E-2,2.59E0));
#1952=DIRECTION('',(-1.E0,0.E0,0.E0));
#1953=DIRECTION('',(0.E0,1.E0,0.E0));
#1954=AXIS2_PLACEMENT_3D('',#1951,#1952,#1953);
#1955=CYLINDRICAL_SURFACE('',#1954,5.4E-1);
#1956=ORIENTED_EDGE('',*,*,#1685,.F.);
#1958=ORIENTED_EDGE('',*,*,#1957,.T.);
#1960=ORIENTED_EDGE('',*,*,#1959,.F.);
#1961=ORIENTED_EDGE('',*,*,#1940,.T.);
#1962=EDGE_LOOP('',(#1956,#1958,#1960,#1961));
#1963=FACE_OUTER_BOUND('',#1962,.F.);
#1965=CARTESIAN_POINT('',(0.E0,1.E-2,2.05E0));
#1966=DIRECTION('',(0.E0,0.E0,-1.E0));
#1967=DIRECTION('',(0.E0,-1.E0,0.E0));
#1968=AXIS2_PLACEMENT_3D('',#1965,#1966,#1967);
#1969=PLANE('',#1968);
#1970=ORIENTED_EDGE('',*,*,#1683,.T.);
#1972=ORIENTED_EDGE('',*,*,#1971,.F.);
#1974=ORIENTED_EDGE('',*,*,#1973,.F.);
#1975=ORIENTED_EDGE('',*,*,#1957,.F.);
#1976=EDGE_LOOP('',(#1970,#1972,#1974,#1975));
#1977=FACE_OUTER_BOUND('',#1976,.F.);
#1979=CARTESIAN_POINT('',(0.E0,1.E-2,2.59E0));
#1980=DIRECTION('',(-1.E0,0.E0,0.E0));
#1981=DIRECTION('',(0.E0,1.E0,0.E0));
#1982=AXIS2_PLACEMENT_3D('',#1979,#1980,#1981);
#1983=CYLINDRICAL_SURFACE('',#1982,5.4E-1);
#1984=ORIENTED_EDGE('',*,*,#1681,.F.);
#1986=ORIENTED_EDGE('',*,*,#1985,.T.);
#1988=ORIENTED_EDGE('',*,*,#1987,.F.);
#1989=ORIENTED_EDGE('',*,*,#1971,.T.);
#1990=EDGE_LOOP('',(#1984,#1986,#1988,#1989));
#1991=FACE_OUTER_BOUND('',#1990,.F.);
#1993=CARTESIAN_POINT('',(0.E0,5.5E-1,5.047184063734E0));
#1994=DIRECTION('',(0.E0,1.E0,0.E0));
#1995=DIRECTION('',(0.E0,0.E0,-1.E0));
#1996=AXIS2_PLACEMENT_3D('',#1993,#1994,#1995);
#1997=PLANE('',#1996);
#1998=ORIENTED_EDGE('',*,*,#1679,.F.);
#2000=ORIENTED_EDGE('',*,*,#1999,.T.);
#2002=ORIENTED_EDGE('',*,*,#2001,.F.);
#2004=ORIENTED_EDGE('',*,*,#2003,.F.);
#2006=ORIENTED_EDGE('',*,*,#2005,.F.);
#2007=ORIENTED_EDGE('',*,*,#1985,.F.);
#2008=EDGE_LOOP('',(#1998,#2000,#2002,#2004,#2006,#2007));
#2009=FACE_OUTER_BOUND('',#2008,.F.);
#2011=CARTESIAN_POINT('',(0.E0,-5.15E0,2.75E0));
#2012=DIRECTION('',(0.E0,0.E0,1.E0));
#2013=DIRECTION('',(0.E0,1.E0,0.E0));
#2014=AXIS2_PLACEMENT_3D('',#2011,#2012,#2013);
#2015=PLANE('',#2014);
#2017=ORIENTED_EDGE('',*,*,#2016,.F.);
#2018=ORIENTED_EDGE('',*,*,#1999,.F.);
#2019=ORIENTED_EDGE('',*,*,#1677,.F.);
#2020=ORIENTED_EDGE('',*,*,#1719,.T.);
#2021=EDGE_LOOP('',(#2017,#2018,#2019,#2020));
#2022=FACE_OUTER_BOUND('',#2021,.F.);
#2024=CARTESIAN_POINT('',(0.E0,0.E0,0.E0));
#2025=DIRECTION('',(1.E0,0.E0,0.E0));
#2026=DIRECTION('',(0.E0,0.E0,1.E0));
#2027=AXIS2_PLACEMENT_3D('',#2024,#2025,#2026);
#2028=PLANE('',#2027);
#2029=ORIENTED_EDGE('',*,*,#2016,.T.);
#2030=ORIENTED_EDGE('',*,*,#1717,.F.);
#2032=ORIENTED_EDGE('',*,*,#2031,.T.);
#2034=ORIENTED_EDGE('',*,*,#2033,.F.);
#2035=ORIENTED_EDGE('',*,*,#2001,.T.);
#2036=EDGE_LOOP('',(#2029,#2030,#2032,#2034,#2035));
#2037=FACE_OUTER_BOUND('',#2036,.F.);
#2039=CARTESIAN_POINT('',(0.E0,5.15E0,4.26363725E0));
#2040=DIRECTION('',(0.E0,-7.071067811865E-1,-7.071067811865E-1));
#2041=DIRECTION('',(0.E0,-7.071067811865E-1,7.071067811865E-1));
#2042=AXIS2_PLACEMENT_3D('',#2039,#2040,#2041);
#2043=PLANE('',#2042);
#2044=ORIENTED_EDGE('',*,*,#1753,.F.);
#2046=ORIENTED_EDGE('',*,*,#2045,.T.);
#2047=ORIENTED_EDGE('',*,*,#2031,.F.);
#2048=ORIENTED_EDGE('',*,*,#1715,.F.);
#2049=EDGE_LOOP('',(#2044,#2046,#2047,#2048));
#2050=FACE_OUTER_BOUND('',#2049,.F.);
#2052=CARTESIAN_POINT('',(0.E0,5.15E0,5.15E0));
#2053=DIRECTION('',(0.E0,0.E0,1.E0));
#2054=DIRECTION('',(0.E0,-1.E0,0.E0));
#2055=AXIS2_PLACEMENT_3D('',#2052,#2053,#2054);
#2056=PLANE('',#2055);
#2057=ORIENTED_EDGE('',*,*,#1751,.F.);
#2059=ORIENTED_EDGE('',*,*,#2058,.F.);
#2060=ORIENTED_EDGE('',*,*,#1781,.F.);
#2062=ORIENTED_EDGE('',*,*,#2061,.T.);
#2063=ORIENTED_EDGE('',*,*,#1832,.F.);
#2065=ORIENTED_EDGE('',*,*,#2064,.T.);
#2066=ORIENTED_EDGE('',*,*,#1926,.T.);
#2067=ORIENTED_EDGE('',*,*,#1944,.F.);
#2069=ORIENTED_EDGE('',*,*,#2068,.F.);
#2071=ORIENTED_EDGE('',*,*,#2070,.T.);
#2073=ORIENTED_EDGE('',*,*,#2072,.F.);
#2074=ORIENTED_EDGE('',*,*,#2003,.T.);
#2075=ORIENTED_EDGE('',*,*,#2033,.T.);
#2076=ORIENTED_EDGE('',*,*,#2045,.F.);
#2077=EDGE_LOOP('',(#2057,#2059,#2060,#2062,#2063,#2065,#2066,#2067,#2069,#2071,
#2073,#2074,#2075,#2076));
#2078=FACE_OUTER_BOUND('',#2077,.F.);
#2080=CARTESIAN_POINT('',(5.5E-1,9.848475E-1,-5.15E0));
#2081=DIRECTION('',(0.E0,1.E0,0.E0));
#2082=DIRECTION('',(1.E0,0.E0,0.E0));
#2083=AXIS2_PLACEMENT_3D('',#2080,#2081,#2082);
#2084=PLANE('',#2083);
#2085=ORIENTED_EDGE('',*,*,#1749,.T.);
#2087=ORIENTED_EDGE('',*,*,#2086,.F.);
#2088=ORIENTED_EDGE('',*,*,#1783,.F.);
#2089=ORIENTED_EDGE('',*,*,#2058,.T.);
#2090=EDGE_LOOP('',(#2085,#2087,#2088,#2089));
#2091=FACE_OUTER_BOUND('',#2090,.F.);
#2093=CARTESIAN_POINT('',(1.9E0,0.E0,0.E0));
#2094=DIRECTION('',(1.E0,0.E0,0.E0));
#2095=DIRECTION('',(0.E0,1.E0,0.E0));
#2096=AXIS2_PLACEMENT_3D('',#2093,#2094,#2095);
#2097=CYLINDRICAL_SURFACE('',#2096,5.E0);
#2098=ORIENTED_EDGE('',*,*,#1747,.F.);
#2099=ORIENTED_EDGE('',*,*,#1767,.T.);
#2100=ORIENTED_EDGE('',*,*,#1785,.F.);
#2101=ORIENTED_EDGE('',*,*,#2086,.T.);
#2102=EDGE_LOOP('',(#2098,#2099,#2100,#2101));
#2103=FACE_OUTER_BOUND('',#2102,.F.);
#2105=CARTESIAN_POINT('',(1.9E0,-9.848475E-1,-5.15E0));
#2106=DIRECTION('',(0.E0,-1.E0,0.E0));
#2107=DIRECTION('',(-1.E0,0.E0,0.E0));
#2108=AXIS2_PLACEMENT_3D('',#2105,#2106,#2107);
#2109=PLANE('',#2108);
#2110=ORIENTED_EDGE('',*,*,#1834,.F.);
#2111=ORIENTED_EDGE('',*,*,#2061,.F.);
#2112=ORIENTED_EDGE('',*,*,#1779,.T.);
#2113=ORIENTED_EDGE('',*,*,#1815,.F.);
#2114=EDGE_LOOP('',(#2110,#2111,#2112,#2113));
#2115=FACE_OUTER_BOUND('',#2114,.F.);
#2117=CARTESIAN_POINT('',(0.E0,-5.15E0,4.26363725E0));
#2118=DIRECTION('',(0.E0,-7.071067811865E-1,7.071067811865E-1));
#2119=DIRECTION('',(0.E0,7.071067811865E-1,7.071067811865E-1));
#2120=AXIS2_PLACEMENT_3D('',#2117,#2118,#2119);
#2121=PLANE('',#2120);
#2122=ORIENTED_EDGE('',*,*,#1830,.F.);
#2123=ORIENTED_EDGE('',*,*,#1862,.T.);
#2124=ORIENTED_EDGE('',*,*,#1928,.F.);
#2125=ORIENTED_EDGE('',*,*,#2064,.F.);
#2126=EDGE_LOOP('',(#2122,#2123,#2124,#2125));
#2127=FACE_OUTER_BOUND('',#2126,.F.);
#2129=CARTESIAN_POINT('',(3.E-1,0.E0,0.E0));
#2130=DIRECTION('',(-1.E0,0.E0,0.E0));
#2131=DIRECTION('',(0.E0,1.E0,0.E0));
#2132=AXIS2_PLACEMENT_3D('',#2129,#2130,#2131);
#2133=PLANE('',#2132);
#2135=ORIENTED_EDGE('',*,*,#2134,.F.);
#2137=ORIENTED_EDGE('',*,*,#2136,.T.);
#2139=ORIENTED_EDGE('',*,*,#2138,.T.);
#2141=ORIENTED_EDGE('',*,*,#2140,.T.);
#2142=ORIENTED_EDGE('',*,*,#2068,.T.);
#2143=ORIENTED_EDGE('',*,*,#1942,.T.);
#2144=ORIENTED_EDGE('',*,*,#1959,.T.);
#2145=ORIENTED_EDGE('',*,*,#1973,.T.);
#2146=ORIENTED_EDGE('',*,*,#1987,.T.);
#2147=ORIENTED_EDGE('',*,*,#2005,.T.);
#2148=ORIENTED_EDGE('',*,*,#2072,.T.);
#2149=EDGE_LOOP('',(#2135,#2137,#2139,#2141,#2142,#2143,#2144,#2145,#2146,#2147,
#2148));
#2150=FACE_OUTER_BOUND('',#2149,.F.);
#2152=CARTESIAN_POINT('',(3.E-1,4.5E-1,5.15E0));
#2153=DIRECTION('',(0.E0,1.E0,0.E0));
#2154=DIRECTION('',(0.E0,0.E0,-1.E0));
#2155=AXIS2_PLACEMENT_3D('',#2152,#2153,#2154);
#2156=PLANE('',#2155);
#2158=ORIENTED_EDGE('',*,*,#2157,.T.);
#2160=ORIENTED_EDGE('',*,*,#2159,.F.);
#2161=ORIENTED_EDGE('',*,*,#2134,.T.);
#2163=ORIENTED_EDGE('',*,*,#2162,.T.);
#2165=ORIENTED_EDGE('',*,*,#2164,.F.);
#2167=ORIENTED_EDGE('',*,*,#2166,.F.);
#2168=EDGE_LOOP('',(#2158,#2160,#2161,#2163,#2165,#2167));
#2169=FACE_OUTER_BOUND('',#2168,.F.);
#2171=FILL_AREA_STYLE_COLOUR('',#10);
#2172=FILL_AREA_STYLE('',(#2171));
#2173=SURFACE_STYLE_FILL_AREA(#2172);
#2174=SURFACE_SIDE_STYLE('',(#2173));
#2175=SURFACE_STYLE_USAGE(.POSITIVE.,#2174);
#2176=PRESENTATION_STYLE_ASSIGNMENT((#2175));
#2177=OVER_RIDING_STYLED_ITEM('',(#2176),#2170,#17);
#2178=CARTESIAN_POINT('',(0.E0,4.5E-1,5.15E0));
#2179=DIRECTION('',(9.986178293325E-1,0.E0,5.255883312276E-2));
#2180=DIRECTION('',(5.255883312276E-2,0.E0,-9.986178293325E-1));
#2181=AXIS2_PLACEMENT_3D('',#2178,#2179,#2180);
#2182=PLANE('',#2181);
#2183=ORIENTED_EDGE('',*,*,#2157,.F.);
#2185=ORIENTED_EDGE('',*,*,#2184,.F.);
#2187=ORIENTED_EDGE('',*,*,#2186,.F.);
#2189=ORIENTED_EDGE('',*,*,#2188,.T.);
#2191=ORIENTED_EDGE('',*,*,#2190,.T.);
#2192=EDGE_LOOP('',(#2183,#2185,#2187,#2189,#2191));
#2193=FACE_OUTER_BOUND('',#2192,.F.);
#2195=FILL_AREA_STYLE_COLOUR('',#10);
#2196=FILL_AREA_STYLE('',(#2195));
#2197=SURFACE_STYLE_FILL_AREA(#2196);
#2198=SURFACE_SIDE_STYLE('',(#2197));
#2199=SURFACE_STYLE_USAGE(.POSITIVE.,#2198);
#2200=PRESENTATION_STYLE_ASSIGNMENT((#2199));
#2201=OVER_RIDING_STYLED_ITEM('',(#2200),#2194,#17);
#2202=CARTESIAN_POINT('',(0.E0,0.E0,0.E0));
#2203=DIRECTION('',(-1.E0,0.E0,0.E0));
#2204=DIRECTION('',(0.E0,0.E0,-1.E0));
#2205=AXIS2_PLACEMENT_3D('',#2202,#2203,#2204);
#2206=PLANE('',#2205);
#2207=ORIENTED_EDGE('',*,*,#2184,.T.);
#2208=ORIENTED_EDGE('',*,*,#2166,.T.);
#2210=ORIENTED_EDGE('',*,*,#2209,.T.);
#2212=ORIENTED_EDGE('',*,*,#2211,.T.);
#2213=EDGE_LOOP('',(#2207,#2208,#2210,#2212));
#2214=FACE_OUTER_BOUND('',#2213,.F.);
#2216=FILL_AREA_STYLE_COLOUR('',#10);
#2217=FILL_AREA_STYLE('',(#2216));
#2218=SURFACE_STYLE_FILL_AREA(#2217);
#2219=SURFACE_SIDE_STYLE('',(#2218));
#2220=SURFACE_STYLE_USAGE(.POSITIVE.,#2219);
#2221=PRESENTATION_STYLE_ASSIGNMENT((#2220));
#2222=OVER_RIDING_STYLED_ITEM('',(#2221),#2215,#17);
#2223=CARTESIAN_POINT('',(3.E-1,-4.5E-1,5.8E0));
#2224=DIRECTION('',(0.E0,0.E0,1.E0));
#2225=DIRECTION('',(0.E0,1.E0,0.E0));
#2226=AXIS2_PLACEMENT_3D('',#2223,#2224,#2225);
#2227=PLANE('',#2226);
#2229=ORIENTED_EDGE('',*,*,#2228,.T.);
#2231=ORIENTED_EDGE('',*,*,#2230,.F.);
#2232=ORIENTED_EDGE('',*,*,#2209,.F.);
#2233=ORIENTED_EDGE('',*,*,#2164,.T.);
#2234=EDGE_LOOP('',(#2229,#2231,#2232,#2233));
#2235=FACE_OUTER_BOUND('',#2234,.F.);
#2237=FILL_AREA_STYLE_COLOUR('',#10);
#2238=FILL_AREA_STYLE('',(#2237));
#2239=SURFACE_STYLE_FILL_AREA(#2238);
#2240=SURFACE_SIDE_STYLE('',(#2239));
#2241=SURFACE_STYLE_USAGE(.POSITIVE.,#2240);
#2242=PRESENTATION_STYLE_ASSIGNMENT((#2241));
#2243=OVER_RIDING_STYLED_ITEM('',(#2242),#2236,#17);
#2244=CARTESIAN_POINT('',(3.E-1,0.E0,0.E0));
#2245=DIRECTION('',(-1.E0,0.E0,0.E0));
#2246=DIRECTION('',(0.E0,0.E0,-1.E0));
#2247=AXIS2_PLACEMENT_3D('',#2244,#2245,#2246);
#2248=PLANE('',#2247);
#2249=ORIENTED_EDGE('',*,*,#2070,.F.);
#2251=ORIENTED_EDGE('',*,*,#2250,.F.);
#2252=ORIENTED_EDGE('',*,*,#2228,.F.);
#2253=ORIENTED_EDGE('',*,*,#2162,.F.);
#2254=EDGE_LOOP('',(#2249,#2251,#2252,#2253));
#2255=FACE_OUTER_BOUND('',#2254,.F.);
#2257=FILL_AREA_STYLE_COLOUR('',#10);
#2258=FILL_AREA_STYLE('',(#2257));
#2259=SURFACE_STYLE_FILL_AREA(#2258);
#2260=SURFACE_SIDE_STYLE('',(#2259));
#2261=SURFACE_STYLE_USAGE(.POSITIVE.,#2260);
#2262=PRESENTATION_STYLE_ASSIGNMENT((#2261));
#2263=OVER_RIDING_STYLED_ITEM('',(#2262),#2256,#17);
#2264=CARTESIAN_POINT('',(3.E-1,-4.5E-1,2.3E0));
#2265=DIRECTION('',(0.E0,-1.E0,0.E0));
#2266=DIRECTION('',(0.E0,0.E0,1.E0));
#2267=AXIS2_PLACEMENT_3D('',#2264,#2265,#2266);
#2268=PLANE('',#2267);
#2269=ORIENTED_EDGE('',*,*,#2186,.T.);
#2270=ORIENTED_EDGE('',*,*,#2211,.F.);
#2271=ORIENTED_EDGE('',*,*,#2230,.T.);
#2272=ORIENTED_EDGE('',*,*,#2250,.T.);
#2273=ORIENTED_EDGE('',*,*,#2140,.F.);
#2275=ORIENTED_EDGE('',*,*,#2274,.F.);
#2276=EDGE_LOOP('',(#2269,#2270,#2271,#2272,#2273,#2275));
#2277=FACE_OUTER_BOUND('',#2276,.F.);
#2279=FILL_AREA_STYLE_COLOUR('',#10);
#2280=FILL_AREA_STYLE('',(#2279));
#2281=SURFACE_STYLE_FILL_AREA(#2280);
#2282=SURFACE_SIDE_STYLE('',(#2281));
#2283=SURFACE_STYLE_USAGE(.POSITIVE.,#2282);
#2284=PRESENTATION_STYLE_ASSIGNMENT((#2283));
#2285=OVER_RIDING_STYLED_ITEM('',(#2284),#2278,#17);
#2286=CARTESIAN_POINT('',(4.401825720687E0,0.E0,2.75E0));
#2287=DIRECTION('',(-1.E0,0.E0,0.E0));
#2288=DIRECTION('',(0.E0,0.E0,-1.E0));
#2289=AXIS2_PLACEMENT_3D('',#2286,#2287,#2288);
#2290=CYLINDRICAL_SURFACE('',#2289,4.5E-1);
#2291=ORIENTED_EDGE('',*,*,#2190,.F.);
#2292=ORIENTED_EDGE('',*,*,#2188,.F.);
#2293=ORIENTED_EDGE('',*,*,#2274,.T.);
#2294=ORIENTED_EDGE('',*,*,#2138,.F.);
#2295=ORIENTED_EDGE('',*,*,#2136,.F.);
#2296=ORIENTED_EDGE('',*,*,#2159,.T.);
#2297=EDGE_LOOP('',(#2291,#2292,#2293,#2294,#2295,#2296));
#2298=FACE_OUTER_BOUND('',#2297,.F.);
#2300=FILL_AREA_STYLE_COLOUR('',#10);
#2301=FILL_AREA_STYLE('',(#2300));
#2302=SURFACE_STYLE_FILL_AREA(#2301);
#2303=SURFACE_SIDE_STYLE('',(#2302));
#2304=SURFACE_STYLE_USAGE(.POSITIVE.,#2303);
#2305=PRESENTATION_STYLE_ASSIGNMENT((#2304));
#2306=OVER_RIDING_STYLED_ITEM('',(#2305),#2299,#17);
#2307=CARTESIAN_POINT('',(1.9E0,5.15E0,-9.848475E-1));
#2308=DIRECTION('',(0.E0,0.E0,-1.E0));
#2309=DIRECTION('',(-1.E0,0.E0,0.E0));
#2310=AXIS2_PLACEMENT_3D('',#2307,#2308,#2309);
#2311=PLANE('',#2310);
#2313=ORIENTED_EDGE('',*,*,#2312,.F.);
#2315=ORIENTED_EDGE('',*,*,#2314,.F.);
#2316=ORIENTED_EDGE('',*,*,#1789,.T.);
#2317=ORIENTED_EDGE('',*,*,#1730,.T.);
#2318=EDGE_LOOP('',(#2313,#2315,#2316,#2317));
#2319=FACE_OUTER_BOUND('',#2318,.F.);
#2321=CARTESIAN_POINT('',(1.9E0,0.E0,0.E0));
#2322=DIRECTION('',(1.E0,0.E0,0.E0));
#2323=DIRECTION('',(0.E0,0.E0,1.E0));
#2324=AXIS2_PLACEMENT_3D('',#2321,#2322,#2323);
#2325=PLANE('',#2324);
#2327=ORIENTED_EDGE('',*,*,#2326,.F.);
#2329=ORIENTED_EDGE('',*,*,#2328,.T.);
#2330=ORIENTED_EDGE('',*,*,#2312,.T.);
#2331=ORIENTED_EDGE('',*,*,#1728,.T.);
#2333=ORIENTED_EDGE('',*,*,#2332,.T.);
#2334=ORIENTED_EDGE('',*,*,#1551,.T.);
#2335=EDGE_LOOP('',(#2327,#2329,#2330,#2331,#2333,#2334));
#2336=FACE_OUTER_BOUND('',#2335,.F.);
#2338=CARTESIAN_POINT('',(5.5E-1,9.848475E-1,-5.15E0));
#2339=DIRECTION('',(0.E0,1.E0,0.E0));
#2340=DIRECTION('',(1.E0,0.E0,0.E0));
#2341=AXIS2_PLACEMENT_3D('',#2338,#2339,#2340);
#2342=PLANE('',#2341);
#2343=ORIENTED_EDGE('',*,*,#2326,.T.);
#2344=ORIENTED_EDGE('',*,*,#1549,.F.);
#2345=ORIENTED_EDGE('',*,*,#1793,.F.);
#2347=ORIENTED_EDGE('',*,*,#2346,.F.);
#2348=EDGE_LOOP('',(#2343,#2344,#2345,#2347));
#2349=FACE_OUTER_BOUND('',#2348,.F.);
#2351=CARTESIAN_POINT('',(1.9E0,0.E0,0.E0));
#2352=DIRECTION('',(1.E0,0.E0,0.E0));
#2353=DIRECTION('',(0.E0,1.E0,0.E0));
#2354=AXIS2_PLACEMENT_3D('',#2351,#2352,#2353);
#2355=CYLINDRICAL_SURFACE('',#2354,5.E0);
#2356=ORIENTED_EDGE('',*,*,#2346,.T.);
#2357=ORIENTED_EDGE('',*,*,#1791,.F.);
#2358=ORIENTED_EDGE('',*,*,#2314,.T.);
#2359=ORIENTED_EDGE('',*,*,#2328,.F.);
#2360=EDGE_LOOP('',(#2356,#2357,#2358,#2359));
#2361=FACE_OUTER_BOUND('',#2360,.F.);
#2363=CARTESIAN_POINT('',(0.E0,4.802778125E0,-4.802778125E0));
#2364=DIRECTION('',(1.E0,0.E0,0.E0));
#2365=DIRECTION('',(0.E0,0.E0,1.E0));
#2366=AXIS2_PLACEMENT_3D('',#2363,#2364,#2365);
#2367=CYLINDRICAL_SURFACE('',#2366,3.47221875E-1);
#2369=ORIENTED_EDGE('',*,*,#2368,.F.);
#2370=ORIENTED_EDGE('',*,*,#1553,.T.);
#2371=ORIENTED_EDGE('',*,*,#2332,.F.);
#2372=ORIENTED_EDGE('',*,*,#1726,.T.);
#2373=EDGE_LOOP('',(#2369,#2370,#2371,#2372));
#2374=FACE_OUTER_BOUND('',#2373,.F.);
#2376=CARTESIAN_POINT('',(0.E0,0.E0,0.E0));
#2377=DIRECTION('',(1.E0,0.E0,0.E0));
#2378=DIRECTION('',(0.E0,0.E0,1.E0));
#2379=AXIS2_PLACEMENT_3D('',#2376,#2377,#2378);
#2380=PLANE('',#2379);
#2382=ORIENTED_EDGE('',*,*,#2381,.F.);
#2384=ORIENTED_EDGE('',*,*,#2383,.T.);
#2385=ORIENTED_EDGE('',*,*,#1555,.F.);
#2386=ORIENTED_EDGE('',*,*,#2368,.T.);
#2387=ORIENTED_EDGE('',*,*,#1724,.F.);
#2388=EDGE_LOOP('',(#2382,#2384,#2385,#2386,#2387));
#2389=FACE_OUTER_BOUND('',#2388,.F.);
#2391=CARTESIAN_POINT('',(0.E0,5.15E0,-2.75E0));
#2392=DIRECTION('',(0.E0,0.E0,-1.E0));
#2393=DIRECTION('',(0.E0,-1.E0,0.E0));
#2394=AXIS2_PLACEMENT_3D('',#2391,#2392,#2393);
#2395=PLANE('',#2394);
#2396=ORIENTED_EDGE('',*,*,#2381,.T.);
#2397=ORIENTED_EDGE('',*,*,#1722,.F.);
#2398=ORIENTED_EDGE('',*,*,#1703,.F.);
#2400=ORIENTED_EDGE('',*,*,#2399,.T.);
#2401=EDGE_LOOP('',(#2396,#2397,#2398,#2400));
#2402=FACE_OUTER_BOUND('',#2401,.F.);
#2404=CARTESIAN_POINT('',(0.E0,5.5E-1,-5.047184063734E0));
#2405=DIRECTION('',(0.E0,-1.E0,0.E0));
#2406=DIRECTION('',(0.E0,0.E0,1.E0));
#2407=AXIS2_PLACEMENT_3D('',#2404,#2405,#2406);
#2408=PLANE('',#2407);
#2409=ORIENTED_EDGE('',*,*,#1701,.T.);
#2411=ORIENTED_EDGE('',*,*,#2410,.F.);
#2413=ORIENTED_EDGE('',*,*,#2412,.F.);
#2414=ORIENTED_EDGE('',*,*,#1557,.T.);
#2415=ORIENTED_EDGE('',*,*,#2383,.F.);
#2416=ORIENTED_EDGE('',*,*,#2399,.F.);
#2417=EDGE_LOOP('',(#2409,#2411,#2413,#2414,#2415,#2416));
#2418=FACE_OUTER_BOUND('',#2417,.F.);
#2420=CARTESIAN_POINT('',(0.E0,1.E-2,-2.59E0));
#2421=DIRECTION('',(1.E0,0.E0,0.E0));
#2422=DIRECTION('',(0.E0,1.E0,0.E0));
#2423=AXIS2_PLACEMENT_3D('',#2420,#2421,#2422);
#2424=CYLINDRICAL_SURFACE('',#2423,5.4E-1);
#2425=ORIENTED_EDGE('',*,*,#1699,.F.);
#2427=ORIENTED_EDGE('',*,*,#2426,.T.);
#2429=ORIENTED_EDGE('',*,*,#2428,.F.);
#2430=ORIENTED_EDGE('',*,*,#2410,.T.);
#2431=EDGE_LOOP('',(#2425,#2427,#2429,#2430));
#2432=FACE_OUTER_BOUND('',#2431,.F.);
#2434=CARTESIAN_POINT('',(0.E0,1.E-2,-2.05E0));
#2435=DIRECTION('',(0.E0,0.E0,-1.E0));
#2436=DIRECTION('',(0.E0,-1.E0,0.E0));
#2437=AXIS2_PLACEMENT_3D('',#2434,#2435,#2436);
#2438=PLANE('',#2437);
#2439=ORIENTED_EDGE('',*,*,#1697,.F.);
#2441=ORIENTED_EDGE('',*,*,#2440,.F.);
#2443=ORIENTED_EDGE('',*,*,#2442,.T.);
#2444=ORIENTED_EDGE('',*,*,#2426,.F.);
#2445=EDGE_LOOP('',(#2439,#2441,#2443,#2444));
#2446=FACE_OUTER_BOUND('',#2445,.F.);
#2448=CARTESIAN_POINT('',(0.E0,-1.E-2,-2.59E0));
#2449=DIRECTION('',(1.E0,0.E0,0.E0));
#2450=DIRECTION('',(0.E0,1.E0,0.E0));
#2451=AXIS2_PLACEMENT_3D('',#2448,#2449,#2450);
#2452=CYLINDRICAL_SURFACE('',#2451,5.4E-1);
#2453=ORIENTED_EDGE('',*,*,#1695,.F.);
#2454=ORIENTED_EDGE('',*,*,#1665,.T.);
#2456=ORIENTED_EDGE('',*,*,#2455,.F.);
#2457=ORIENTED_EDGE('',*,*,#2440,.T.);
#2458=EDGE_LOOP('',(#2453,#2454,#2456,#2457));
#2459=FACE_OUTER_BOUND('',#2458,.F.);
#2461=CARTESIAN_POINT('',(3.E-1,0.E0,0.E0));
#2462=DIRECTION('',(1.E0,0.E0,0.E0));
#2463=DIRECTION('',(0.E0,1.E0,0.E0));
#2464=AXIS2_PLACEMENT_3D('',#2461,#2462,#2463);
#2465=PLANE('',#2464);
#2467=ORIENTED_EDGE('',*,*,#2466,.T.);
#2469=ORIENTED_EDGE('',*,*,#2468,.T.);
#2471=ORIENTED_EDGE('',*,*,#2470,.T.);
#2472=ORIENTED_EDGE('',*,*,#1559,.T.);
#2473=ORIENTED_EDGE('',*,*,#2412,.T.);
#2474=ORIENTED_EDGE('',*,*,#2428,.T.);
#2475=ORIENTED_EDGE('',*,*,#2442,.F.);
#2476=ORIENTED_EDGE('',*,*,#2455,.T.);
#2477=ORIENTED_EDGE('',*,*,#1663,.T.);
#2478=ORIENTED_EDGE('',*,*,#1562,.T.);
#2480=ORIENTED_EDGE('',*,*,#2479,.F.);
#2481=EDGE_LOOP('',(#2467,#2469,#2471,#2472,#2473,#2474,#2475,#2476,#2477,#2478,
#2480));
#2482=FACE_OUTER_BOUND('',#2481,.F.);
#2484=CARTESIAN_POINT('',(-2.520992428793E0,0.E0,-2.75E0));
#2485=DIRECTION('',(1.E0,0.E0,0.E0));
#2486=DIRECTION('',(0.E0,0.E0,1.E0));
#2487=AXIS2_PLACEMENT_3D('',#2484,#2485,#2486);
#2488=CYLINDRICAL_SURFACE('',#2487,4.5E-1);
#2490=ORIENTED_EDGE('',*,*,#2489,.T.);
#2492=ORIENTED_EDGE('',*,*,#2491,.T.);
#2494=ORIENTED_EDGE('',*,*,#2493,.T.);
#2495=ORIENTED_EDGE('',*,*,#2468,.F.);
#2496=ORIENTED_EDGE('',*,*,#2466,.F.);
#2498=ORIENTED_EDGE('',*,*,#2497,.T.);
#2499=EDGE_LOOP('',(#2490,#2492,#2494,#2495,#2496,#2498));
#2500=FACE_OUTER_BOUND('',#2499,.F.);
#2502=FILL_AREA_STYLE_COLOUR('',#10);
#2503=FILL_AREA_STYLE('',(#2502));
#2504=SURFACE_STYLE_FILL_AREA(#2503);
#2505=SURFACE_SIDE_STYLE('',(#2504));
#2506=SURFACE_STYLE_USAGE(.POSITIVE.,#2505);
#2507=PRESENTATION_STYLE_ASSIGNMENT((#2506));
#2508=OVER_RIDING_STYLED_ITEM('',(#2507),#2501,#17);
#2509=CARTESIAN_POINT('',(0.E0,4.5E-1,-5.15E0));
#2510=DIRECTION('',(-9.986178293325E-1,0.E0,5.255883312276E-2));
#2511=DIRECTION('',(5.255883312276E-2,0.E0,9.986178293325E-1));
#2512=AXIS2_PLACEMENT_3D('',#2509,#2510,#2511);
#2513=PLANE('',#2512);
#2515=ORIENTED_EDGE('',*,*,#2514,.F.);
#2516=ORIENTED_EDGE('',*,*,#2491,.F.);
#2517=ORIENTED_EDGE('',*,*,#2489,.F.);
#2519=ORIENTED_EDGE('',*,*,#2518,.F.);
#2521=ORIENTED_EDGE('',*,*,#2520,.T.);
#2522=EDGE_LOOP('',(#2515,#2516,#2517,#2519,#2521));
#2523=FACE_OUTER_BOUND('',#2522,.F.);
#2525=FILL_AREA_STYLE_COLOUR('',#10);
#2526=FILL_AREA_STYLE('',(#2525));
#2527=SURFACE_STYLE_FILL_AREA(#2526);
#2528=SURFACE_SIDE_STYLE('',(#2527));
#2529=SURFACE_STYLE_USAGE(.POSITIVE.,#2528);
#2530=PRESENTATION_STYLE_ASSIGNMENT((#2529));
#2531=OVER_RIDING_STYLED_ITEM('',(#2530),#2524,#17);
#2532=CARTESIAN_POINT('',(3.E-1,4.5E-1,-5.15E0));
#2533=DIRECTION('',(0.E0,-1.E0,0.E0));
#2534=DIRECTION('',(0.E0,0.E0,1.E0));
#2535=AXIS2_PLACEMENT_3D('',#2532,#2533,#2534);
#2536=PLANE('',#2535);
#2537=ORIENTED_EDGE('',*,*,#2514,.T.);
#2539=ORIENTED_EDGE('',*,*,#2538,.F.);
#2541=ORIENTED_EDGE('',*,*,#2540,.T.);
#2542=ORIENTED_EDGE('',*,*,#1524,.F.);
#2543=ORIENTED_EDGE('',*,*,#2470,.F.);
#2544=ORIENTED_EDGE('',*,*,#2493,.F.);
#2545=EDGE_LOOP('',(#2537,#2539,#2541,#2542,#2543,#2544));
#2546=FACE_OUTER_BOUND('',#2545,.F.);
#2548=FILL_AREA_STYLE_COLOUR('',#10);
#2549=FILL_AREA_STYLE('',(#2548));
#2550=SURFACE_STYLE_FILL_AREA(#2549);
#2551=SURFACE_SIDE_STYLE('',(#2550));
#2552=SURFACE_STYLE_USAGE(.POSITIVE.,#2551);
#2553=PRESENTATION_STYLE_ASSIGNMENT((#2552));
#2554=OVER_RIDING_STYLED_ITEM('',(#2553),#2547,#17);
#2555=CARTESIAN_POINT('',(0.E0,0.E0,0.E0));
#2556=DIRECTION('',(1.E0,0.E0,0.E0));
#2557=DIRECTION('',(0.E0,0.E0,1.E0));
#2558=AXIS2_PLACEMENT_3D('',#2555,#2556,#2557);
#2559=PLANE('',#2558);
#2560=ORIENTED_EDGE('',*,*,#2520,.F.);
#2562=ORIENTED_EDGE('',*,*,#2561,.T.);
#2564=ORIENTED_EDGE('',*,*,#2563,.F.);
#2565=ORIENTED_EDGE('',*,*,#2538,.T.);
#2566=EDGE_LOOP('',(#2560,#2562,#2564,#2565));
#2567=FACE_OUTER_BOUND('',#2566,.F.);
#2569=FILL_AREA_STYLE_COLOUR('',#10);
#2570=FILL_AREA_STYLE('',(#2569));
#2571=SURFACE_STYLE_FILL_AREA(#2570);
#2572=SURFACE_SIDE_STYLE('',(#2571));
#2573=SURFACE_STYLE_USAGE(.POSITIVE.,#2572);
#2574=PRESENTATION_STYLE_ASSIGNMENT((#2573));
#2575=OVER_RIDING_STYLED_ITEM('',(#2574),#2568,#17);
#2576=CARTESIAN_POINT('',(3.E-1,-4.5E-1,-2.3E0));
#2577=DIRECTION('',(0.E0,1.E0,0.E0));
#2578=DIRECTION('',(0.E0,0.E0,-1.E0));
#2579=AXIS2_PLACEMENT_3D('',#2576,#2577,#2578);
#2580=PLANE('',#2579);
#2581=ORIENTED_EDGE('',*,*,#2518,.T.);
#2582=ORIENTED_EDGE('',*,*,#2497,.F.);
#2583=ORIENTED_EDGE('',*,*,#2479,.T.);
#2584=ORIENTED_EDGE('',*,*,#1528,.F.);
#2586=ORIENTED_EDGE('',*,*,#2585,.F.);
#2587=ORIENTED_EDGE('',*,*,#2561,.F.);
#2588=EDGE_LOOP('',(#2581,#2582,#2583,#2584,#2586,#2587));
#2589=FACE_OUTER_BOUND('',#2588,.F.);
#2591=FILL_AREA_STYLE_COLOUR('',#10);
#2592=FILL_AREA_STYLE('',(#2591));
#2593=SURFACE_STYLE_FILL_AREA(#2592);
#2594=SURFACE_SIDE_STYLE('',(#2593));
#2595=SURFACE_STYLE_USAGE(.POSITIVE.,#2594);
#2596=PRESENTATION_STYLE_ASSIGNMENT((#2595));
#2597=OVER_RIDING_STYLED_ITEM('',(#2596),#2590,#17);
#2598=CARTESIAN_POINT('',(3.E-1,-4.5E-1,-5.8E0));
#2599=DIRECTION('',(0.E0,0.E0,1.E0));
#2600=DIRECTION('',(0.E0,1.E0,0.E0));
#2601=AXIS2_PLACEMENT_3D('',#2598,#2599,#2600);
#2602=PLANE('',#2601);
#2603=ORIENTED_EDGE('',*,*,#1526,.F.);
#2604=ORIENTED_EDGE('',*,*,#2540,.F.);
#2605=ORIENTED_EDGE('',*,*,#2563,.T.);
#2606=ORIENTED_EDGE('',*,*,#2585,.T.);
#2607=EDGE_LOOP('',(#2603,#2604,#2605,#2606));
#2608=FACE_OUTER_BOUND('',#2607,.F.);
#2610=FILL_AREA_STYLE_COLOUR('',#10);
#2611=FILL_AREA_STYLE('',(#2610));
#2612=SURFACE_STYLE_FILL_AREA(#2611);
#2613=SURFACE_SIDE_STYLE('',(#2612));
#2614=SURFACE_STYLE_USAGE(.POSITIVE.,#2613);
#2615=PRESENTATION_STYLE_ASSIGNMENT((#2614));
#2616=OVER_RIDING_STYLED_ITEM('',(#2615),#2609,#17);
#2617=CLOSED_SHELL('',(#1532,#1574,#1589,#1607,#1621,#1637,#1652,#1669,#1707,
#1738,#1757,#1771,#1807,#1822,#1841,#1866,#1878,#1891,#1903,#1917,#1933,#1950,
#1964,#1978,#1992,#2010,#2023,#2038,#2051,#2079,#2092,#2104,#2116,#2128,#2151,
#2170,#2194,#2215,#2236,#2256,#2278,#2299,#2320,#2337,#2350,#2362,#2375,#2390,
#2403,#2419,#2433,#2447,#2460,#2483,#2501,#2524,#2547,#2568,#2590,#2609));
#2618=MANIFOLD_SOLID_BREP('',#2617);
#2619=FILL_AREA_STYLE_COLOUR('',#3);
#2620=FILL_AREA_STYLE('',(#2619));
#2621=SURFACE_STYLE_FILL_AREA(#2620);
#2622=SURFACE_SIDE_STYLE('',(#2621));
#2623=SURFACE_STYLE_USAGE(.BOTH.,#2622);
#2624=PRESENTATION_STYLE_ASSIGNMENT((#2623));
#17=STYLED_ITEM('',(#2624),#2618);
#2627=PLANE_ANGLE_MEASURE_WITH_UNIT(PLANE_ANGLE_MEASURE(1.745329251994E-2),
#2626);
#2628=(CONVERSION_BASED_UNIT('DEGREE',#2627)NAMED_UNIT(*)PLANE_ANGLE_UNIT());
#2630=UNCERTAINTY_MEASURE_WITH_UNIT(LENGTH_MEASURE(1.562819438038E-3),#2625,
'distance_accuracy_value',
'Maximum model space distance between geometric entities at asserted connectivities');
#2632=CARTESIAN_POINT('',(0.E0,0.E0,0.E0));
#2633=DIRECTION('',(0.E0,0.E0,1.E0));
#2634=DIRECTION('',(1.E0,0.E0,0.E0));
#2637=APPLICATION_CONTEXT('automotive_design');
#2638=APPLICATION_PROTOCOL_DEFINITION('international standard',
'automotive_design',2001,#2637);
#2639=PRODUCT_DEFINITION_CONTEXT('part definition',#2637,'design');
#2640=PRODUCT_CONTEXT('',#2637,'mechanical');
#2641=PRODUCT('_000_56_1','_000_56_1','NOT SPECIFIED',(#2640));
#2642=PRODUCT_DEFINITION_FORMATION('1','LAST_VERSION',#2641);
#2650=DERIVED_UNIT_ELEMENT(#2649,2.E0);
#2651=DERIVED_UNIT((#2650));
#2652=MEASURE_REPRESENTATION_ITEM('surface area measure',AREA_MEASURE(
2.973044377625E2),#2651);
#2657=DERIVED_UNIT_ELEMENT(#2656,3.E0);
#2658=DERIVED_UNIT((#2657));
#2659=MEASURE_REPRESENTATION_ITEM('volume measure',VOLUME_MEASURE(
7.893283167600E1),#2658);
#2663=CARTESIAN_POINT('centre point',(5.433288444196E-1,-5.135697547715E-8,
-5.662294606640E-1));
#2668=DERIVED_UNIT_ELEMENT(#2667,2.E0);
#2669=DERIVED_UNIT((#2668));
#2670=MEASURE_REPRESENTATION_ITEM('surface area measure',AREA_MEASURE(
2.973044377625E2),#2669);
#2675=DERIVED_UNIT_ELEMENT(#2674,3.E0);
#2676=DERIVED_UNIT((#2675));
#2677=MEASURE_REPRESENTATION_ITEM('volume measure',VOLUME_MEASURE(
7.893283167600E1),#2676);
#2681=CARTESIAN_POINT('centre point',(5.433288444196E-1,-5.135697547715E-8,
-5.662294606640E-1));
#2691=CARTESIAN_POINT('centre point',(5.433288444196E-1,-5.135697547715E-8,
-5.662294606640E-1));
#2695=CARTESIAN_POINT('',(0.E0,0.E0,0.E0));
#2696=DIRECTION('',(0.E0,0.E0,1.E0));
#2697=DIRECTION('',(1.E0,0.E0,0.E0));
#2698=AXIS2_PLACEMENT_3D('',#2695,#2696,#2697);
#2699=ITEM_DEFINED_TRANSFORMATION('','',#2635,#2698);
#2700=CARTESIAN_POINT('',(0.E0,0.E0,0.E0));
#2701=DIRECTION('',(0.E0,0.E0,1.E0));
#2702=DIRECTION('',(1.E0,0.E0,0.E0));
#2704=(REPRESENTATION_RELATIONSHIP('','',#2636,#2688)REPRESENTATION_RELATIONSHIP_WITH_TRANSFORMATION(#2699)SHAPE_REPRESENTATION_RELATIONSHIP());
#2705=CONTEXT_DEPENDENT_SHAPE_REPRESENTATION(#2704,#2690);
#2707=CARTESIAN_POINT('',(0.E0,-2.412876375E0,2.437497562500E0));
#2708=DIRECTION('',(-1.E0,0.E0,0.E0));
#2709=DIRECTION('',(0.E0,0.E0,-1.E0));
#2710=AXIS2_PLACEMENT_3D('',#2707,#2708,#2709);
#2712=CURVE_STYLE('',#22,POSITIVE_LENGTH_MEASURE(2.E-2),#3);
#2713=PRESENTATION_STYLE_ASSIGNMENT((#2712));
#2714=STYLED_ITEM('',(#2713),#2711);
#2715=CARTESIAN_POINT('',(0.E0,-2.412876375E0,2.437497562500E0));
#2716=DIRECTION('',(-1.E0,0.E0,0.E0));
#2717=DIRECTION('',(0.E0,0.E0,1.E0));
#2718=AXIS2_PLACEMENT_3D('',#2715,#2716,#2717);
#2720=CURVE_STYLE('',#22,POSITIVE_LENGTH_MEASURE(2.E-2),#3);
#2721=PRESENTATION_STYLE_ASSIGNMENT((#2720));
#2722=STYLED_ITEM('',(#2721),#2719);
#2723=DIRECTION('',(1.E0,0.E0,0.E0));
#2724=VECTOR('',#2723,1.916670810600E-2);
#2725=CARTESIAN_POINT('',(-1.916670810600E-2,-2.412876375E0,2.590831227348E0));
#2726=LINE('',#2725,#2724);
#2727=CURVE_STYLE('',#22,POSITIVE_LENGTH_MEASURE(2.E-2),#3);
#2728=PRESENTATION_STYLE_ASSIGNMENT((#2727));
#2729=STYLED_ITEM('',(#2728),#2726);
#2730=DIRECTION('',(1.E0,0.E0,0.E0));
#2731=VECTOR('',#2730,1.916670810600E-2);
#2732=CARTESIAN_POINT('',(-1.916670810600E-2,-2.412876375E0,2.284163897652E0));
#2733=LINE('',#2732,#2731);
#2734=CURVE_STYLE('',#22,POSITIVE_LENGTH_MEASURE(2.E-2),#3);
#2735=PRESENTATION_STYLE_ASSIGNMENT((#2734));
#2736=STYLED_ITEM('',(#2735),#2733);
#2737=CARTESIAN_POINT('',(-1.916670810600E-2,-2.412876375E0,2.437497562500E0));
#2738=DIRECTION('',(1.E0,0.E0,0.E0));
#2739=DIRECTION('',(0.E0,0.E0,1.E0));
#2740=AXIS2_PLACEMENT_3D('',#2737,#2738,#2739);
#2742=CURVE_STYLE('',#22,POSITIVE_LENGTH_MEASURE(2.E-2),#3);
#2743=PRESENTATION_STYLE_ASSIGNMENT((#2742));
#2744=STYLED_ITEM('',(#2743),#2741);
#2745=CARTESIAN_POINT('',(-1.916670810600E-2,-2.412876375E0,2.437497562500E0));
#2746=DIRECTION('',(1.E0,0.E0,0.E0));
#2747=DIRECTION('',(0.E0,0.E0,-1.E0));
#2748=AXIS2_PLACEMENT_3D('',#2745,#2746,#2747);
#2750=CURVE_STYLE('',#22,POSITIVE_LENGTH_MEASURE(2.E-2),#3);
#2751=PRESENTATION_STYLE_ASSIGNMENT((#2750));
#2752=STYLED_ITEM('',(#2751),#2749);
#2753=CARTESIAN_POINT('',(0.E0,-2.412876375E0,2.284163897652E0));
#2754=CARTESIAN_POINT('',(0.E0,-2.412876375E0,2.590831227348E0));
#2755=VERTEX_POINT('',#2753);
#2756=VERTEX_POINT('',#2754);
#2757=CARTESIAN_POINT('',(-1.916670810600E-2,-2.412876375E0,2.284163897652E0));
#2758=VERTEX_POINT('',#2757);
#2759=CARTESIAN_POINT('',(-1.916670810600E-2,-2.412876375E0,2.590831227348E0));
#2760=VERTEX_POINT('',#2759);
#2761=CARTESIAN_POINT('',(0.E0,0.E0,0.E0));
#2762=DIRECTION('',(-1.E0,0.E0,0.E0));
#2763=DIRECTION('',(0.E0,0.E0,-1.E0));
#2764=AXIS2_PLACEMENT_3D('',#2761,#2762,#2763);
#2765=PLANE('',#2764);
#2767=ORIENTED_EDGE('',*,*,#2766,.T.);
#2769=ORIENTED_EDGE('',*,*,#2768,.T.);
#2770=EDGE_LOOP('',(#2767,#2769));
#2771=FACE_OUTER_BOUND('',#2770,.F.);
#2773=CARTESIAN_POINT('',(0.E0,-2.412876375E0,2.437497562500E0));
#2774=DIRECTION('',(-1.E0,0.E0,0.E0));
#2775=DIRECTION('',(0.E0,0.E0,-1.E0));
#2776=AXIS2_PLACEMENT_3D('',#2773,#2774,#2775);
#2777=CYLINDRICAL_SURFACE('',#2776,1.533336648480E-1);
#2778=ORIENTED_EDGE('',*,*,#2766,.F.);
#2780=ORIENTED_EDGE('',*,*,#2779,.F.);
#2782=ORIENTED_EDGE('',*,*,#2781,.F.);
#2784=ORIENTED_EDGE('',*,*,#2783,.T.);
#2785=EDGE_LOOP('',(#2778,#2780,#2782,#2784));
#2786=FACE_OUTER_BOUND('',#2785,.F.);
#2788=CARTESIAN_POINT('',(0.E0,-2.412876375E0,2.437497562500E0));
#2789=DIRECTION('',(-1.E0,0.E0,0.E0));
#2790=DIRECTION('',(0.E0,0.E0,-1.E0));
#2791=AXIS2_PLACEMENT_3D('',#2788,#2789,#2790);
#2792=CYLINDRICAL_SURFACE('',#2791,1.533336648480E-1);
#2793=ORIENTED_EDGE('',*,*,#2768,.F.);
#2794=ORIENTED_EDGE('',*,*,#2783,.F.);
#2796=ORIENTED_EDGE('',*,*,#2795,.F.);
#2797=ORIENTED_EDGE('',*,*,#2779,.T.);
#2798=EDGE_LOOP('',(#2793,#2794,#2796,#2797));
#2799=FACE_OUTER_BOUND('',#2798,.F.);
#2801=CARTESIAN_POINT('',(-1.916670810600E-2,0.E0,0.E0));
#2802=DIRECTION('',(-1.E0,0.E0,0.E0));
#2803=DIRECTION('',(0.E0,0.E0,-1.E0));
#2804=AXIS2_PLACEMENT_3D('',#2801,#2802,#2803);
#2805=PLANE('',#2804);
#2806=ORIENTED_EDGE('',*,*,#2781,.T.);
#2807=ORIENTED_EDGE('',*,*,#2795,.T.);
#2808=EDGE_LOOP('',(#2806,#2807));
#2809=FACE_OUTER_BOUND('',#2808,.F.);
#2811=CLOSED_SHELL('',(#2772,#2787,#2800,#2810));
#2812=MANIFOLD_SOLID_BREP('',#2811);
#2813=FILL_AREA_STYLE_COLOUR('',#3);
#2814=FILL_AREA_STYLE('',(#2813));
#2815=SURFACE_STYLE_FILL_AREA(#2814);
#2816=SURFACE_SIDE_STYLE('',(#2815));
#2817=SURFACE_STYLE_USAGE(.BOTH.,#2816);
#2818=PRESENTATION_STYLE_ASSIGNMENT((#2817));
#2706=STYLED_ITEM('',(#2818),#2812);
#2821=PLANE_ANGLE_MEASURE_WITH_UNIT(PLANE_ANGLE_MEASURE(1.745329251994E-2),
#2820);
#2822=(CONVERSION_BASED_UNIT('DEGREE',#2821)NAMED_UNIT(*)PLANE_ANGLE_UNIT());
#2824=UNCERTAINTY_MEASURE_WITH_UNIT(LENGTH_MEASURE(4.342469727863E-5),#2819,
'distance_accuracy_value',
'Maximum model space distance between geometric entities at asserted connectivities');
#2826=CARTESIAN_POINT('',(0.E0,0.E0,0.E0));
#2827=DIRECTION('',(0.E0,0.E0,1.E0));
#2828=DIRECTION('',(1.E0,0.E0,0.E0));
#2831=PRODUCT_CONTEXT('',#2637,'mechanical');
#2832=PRODUCT('_000_56_2','_000_56_2','NOT SPECIFIED',(#2831));
#2833=PRODUCT_DEFINITION_FORMATION('1','LAST_VERSION',#2832);
#2841=DERIVED_UNIT_ELEMENT(#2840,2.E0);
#2842=DERIVED_UNIT((#2841));
#2843=MEASURE_REPRESENTATION_ITEM('surface area measure',AREA_MEASURE(
1.661909699918E-1),#2842);
#2848=DERIVED_UNIT_ELEMENT(#2847,3.E0);
#2849=DERIVED_UNIT((#2848));
#2850=MEASURE_REPRESENTATION_ITEM('volume measure',VOLUME_MEASURE(
1.415703916347E-3),#2849);
#2854=CARTESIAN_POINT('centre point',(-9.583354053E-3,-2.412876375E0,
2.437497562500E0));
#2859=DERIVED_UNIT_ELEMENT(#2858,2.E0);
#2860=DERIVED_UNIT((#2859));
#2861=MEASURE_REPRESENTATION_ITEM('surface area measure',AREA_MEASURE(
1.661909699918E-1),#2860);
#2866=DERIVED_UNIT_ELEMENT(#2865,3.E0);
#2867=DERIVED_UNIT((#2866));
#2868=MEASURE_REPRESENTATION_ITEM('volume measure',VOLUME_MEASURE(
1.415703916347E-3),#2867);
#2872=CARTESIAN_POINT('centre point',(-9.583354053E-3,-2.412876375E0,
2.437497562500E0));
#2879=CARTESIAN_POINT('centre point',(-9.583354053E-3,-2.412876375E0,
2.437497562500E0));
#2883=CARTESIAN_POINT('',(0.E0,0.E0,0.E0));
#2884=DIRECTION('',(0.E0,0.E0,1.E0));
#2885=DIRECTION('',(1.E0,0.E0,0.E0));
#2886=AXIS2_PLACEMENT_3D('',#2883,#2884,#2885);
#2887=ITEM_DEFINED_TRANSFORMATION('','',#2829,#2886);
#2888=CARTESIAN_POINT('',(0.E0,0.E0,0.E0));
#2889=DIRECTION('',(0.E0,0.E0,1.E0));
#2890=DIRECTION('',(1.E0,0.E0,0.E0));
#2892=(REPRESENTATION_RELATIONSHIP('','',#2830,#2688)REPRESENTATION_RELATIONSHIP_WITH_TRANSFORMATION(#2887)SHAPE_REPRESENTATION_RELATIONSHIP());
#2893=CONTEXT_DEPENDENT_SHAPE_REPRESENTATION(#2892,#2878);
#2895=CARTESIAN_POINT('',(0.E0,-2.412876375E0,-2.437497562500E0));
#2896=DIRECTION('',(-1.E0,0.E0,0.E0));
#2897=DIRECTION('',(0.E0,0.E0,-1.E0));
#2898=AXIS2_PLACEMENT_3D('',#2895,#2896,#2897);
#2900=CURVE_STYLE('',#22,POSITIVE_LENGTH_MEASURE(2.E-2),#3);
#2901=PRESENTATION_STYLE_ASSIGNMENT((#2900));
#2902=STYLED_ITEM('',(#2901),#2899);
#2903=CARTESIAN_POINT('',(0.E0,-2.412876375E0,-2.437497562500E0));
#2904=DIRECTION('',(-1.E0,0.E0,0.E0));
#2905=DIRECTION('',(0.E0,0.E0,1.E0));
#2906=AXIS2_PLACEMENT_3D('',#2903,#2904,#2905);
#2908=CURVE_STYLE('',#22,POSITIVE_LENGTH_MEASURE(2.E-2),#3);
#2909=PRESENTATION_STYLE_ASSIGNMENT((#2908));
#2910=STYLED_ITEM('',(#2909),#2907);
#2911=DIRECTION('',(1.E0,0.E0,0.E0));
#2912=VECTOR('',#2911,1.916670810600E-2);
#2913=CARTESIAN_POINT('',(-1.916670810600E-2,-2.412876375E0,-2.284163897652E0));
#2914=LINE('',#2913,#2912);
#2915=CURVE_STYLE('',#22,POSITIVE_LENGTH_MEASURE(2.E-2),#3);
#2916=PRESENTATION_STYLE_ASSIGNMENT((#2915));
#2917=STYLED_ITEM('',(#2916),#2914);
#2918=DIRECTION('',(1.E0,0.E0,0.E0));
#2919=VECTOR('',#2918,1.916670810600E-2);
#2920=CARTESIAN_POINT('',(-1.916670810600E-2,-2.412876375E0,-2.590831227348E0));
#2921=LINE('',#2920,#2919);
#2922=CURVE_STYLE('',#22,POSITIVE_LENGTH_MEASURE(2.E-2),#3);
#2923=PRESENTATION_STYLE_ASSIGNMENT((#2922));
#2924=STYLED_ITEM('',(#2923),#2921);
#2925=CARTESIAN_POINT('',(-1.916670810600E-2,-2.412876375E0,-2.437497562500E0));
#2926=DIRECTION('',(1.E0,0.E0,0.E0));
#2927=DIRECTION('',(0.E0,0.E0,1.E0));
#2928=AXIS2_PLACEMENT_3D('',#2925,#2926,#2927);
#2930=CURVE_STYLE('',#22,POSITIVE_LENGTH_MEASURE(2.E-2),#3);
#2931=PRESENTATION_STYLE_ASSIGNMENT((#2930));
#2932=STYLED_ITEM('',(#2931),#2929);
#2933=CARTESIAN_POINT('',(-1.916670810600E-2,-2.412876375E0,-2.437497562500E0));
#2934=DIRECTION('',(1.E0,0.E0,0.E0));
#2935=DIRECTION('',(0.E0,0.E0,-1.E0));
#2936=AXIS2_PLACEMENT_3D('',#2933,#2934,#2935);
#2938=CURVE_STYLE('',#22,POSITIVE_LENGTH_MEASURE(2.E-2),#3);
#2939=PRESENTATION_STYLE_ASSIGNMENT((#2938));
#2940=STYLED_ITEM('',(#2939),#2937);
#2941=CARTESIAN_POINT('',(0.E0,-2.412876375E0,-2.590831227348E0));
#2942=CARTESIAN_POINT('',(0.E0,-2.412876375E0,-2.284163897652E0));
#2943=VERTEX_POINT('',#2941);
#2944=VERTEX_POINT('',#2942);
#2945=CARTESIAN_POINT('',(-1.916670810600E-2,-2.412876375E0,-2.590831227348E0));
#2946=VERTEX_POINT('',#2945);
#2947=CARTESIAN_POINT('',(-1.916670810600E-2,-2.412876375E0,-2.284163897652E0));
#2948=VERTEX_POINT('',#2947);
#2949=CARTESIAN_POINT('',(0.E0,0.E0,0.E0));
#2950=DIRECTION('',(-1.E0,0.E0,0.E0));
#2951=DIRECTION('',(0.E0,0.E0,-1.E0));
#2952=AXIS2_PLACEMENT_3D('',#2949,#2950,#2951);
#2953=PLANE('',#2952);
#2955=ORIENTED_EDGE('',*,*,#2954,.T.);
#2957=ORIENTED_EDGE('',*,*,#2956,.T.);
#2958=EDGE_LOOP('',(#2955,#2957));
#2959=FACE_OUTER_BOUND('',#2958,.F.);
#2961=CARTESIAN_POINT('',(0.E0,-2.412876375E0,-2.437497562500E0));
#2962=DIRECTION('',(-1.E0,0.E0,0.E0));
#2963=DIRECTION('',(0.E0,0.E0,-1.E0));
#2964=AXIS2_PLACEMENT_3D('',#2961,#2962,#2963);
#2965=CYLINDRICAL_SURFACE('',#2964,1.533336648480E-1);
#2966=ORIENTED_EDGE('',*,*,#2954,.F.);
#2968=ORIENTED_EDGE('',*,*,#2967,.F.);
#2970=ORIENTED_EDGE('',*,*,#2969,.F.);
#2972=ORIENTED_EDGE('',*,*,#2971,.T.);
#2973=EDGE_LOOP('',(#2966,#2968,#2970,#2972));
#2974=FACE_OUTER_BOUND('',#2973,.F.);
#2976=CARTESIAN_POINT('',(0.E0,-2.412876375E0,-2.437497562500E0));
#2977=DIRECTION('',(-1.E0,0.E0,0.E0));
#2978=DIRECTION('',(0.E0,0.E0,-1.E0));
#2979=AXIS2_PLACEMENT_3D('',#2976,#2977,#2978);
#2980=CYLINDRICAL_SURFACE('',#2979,1.533336648480E-1);
#2981=ORIENTED_EDGE('',*,*,#2956,.F.);
#2982=ORIENTED_EDGE('',*,*,#2971,.F.);
#2984=ORIENTED_EDGE('',*,*,#2983,.F.);
#2985=ORIENTED_EDGE('',*,*,#2967,.T.);
#2986=EDGE_LOOP('',(#2981,#2982,#2984,#2985));
#2987=FACE_OUTER_BOUND('',#2986,.F.);
#2989=CARTESIAN_POINT('',(-1.916670810600E-2,0.E0,0.E0));
#2990=DIRECTION('',(-1.E0,0.E0,0.E0));
#2991=DIRECTION('',(0.E0,0.E0,-1.E0));
#2992=AXIS2_PLACEMENT_3D('',#2989,#2990,#2991);
#2993=PLANE('',#2992);
#2994=ORIENTED_EDGE('',*,*,#2969,.T.);
#2995=ORIENTED_EDGE('',*,*,#2983,.T.);
#2996=EDGE_LOOP('',(#2994,#2995));
#2997=FACE_OUTER_BOUND('',#2996,.F.);
#2999=CLOSED_SHELL('',(#2960,#2975,#2988,#2998));
#3000=MANIFOLD_SOLID_BREP('',#2999);
#3001=FILL_AREA_STYLE_COLOUR('',#3);
#3002=FILL_AREA_STYLE('',(#3001));
#3003=SURFACE_STYLE_FILL_AREA(#3002);
#3004=SURFACE_SIDE_STYLE('',(#3003));
#3005=SURFACE_STYLE_USAGE(.BOTH.,#3004);
#3006=PRESENTATION_STYLE_ASSIGNMENT((#3005));
#2894=STYLED_ITEM('',(#3006),#3000);
#3009=PLANE_ANGLE_MEASURE_WITH_UNIT(PLANE_ANGLE_MEASURE(1.745329251994E-2),
#3008);
#3010=(CONVERSION_BASED_UNIT('DEGREE',#3009)NAMED_UNIT(*)PLANE_ANGLE_UNIT());
#3012=UNCERTAINTY_MEASURE_WITH_UNIT(LENGTH_MEASURE(4.342469727863E-5),#3007,
'distance_accuracy_value',
'Maximum model space distance between geometric entities at asserted connectivities');
#3014=CARTESIAN_POINT('',(0.E0,0.E0,0.E0));
#3015=DIRECTION('',(0.E0,0.E0,1.E0));
#3016=DIRECTION('',(1.E0,0.E0,0.E0));
#3019=PRODUCT_DEFINITION_CONTEXT('part definition',#2637,'design');
#3020=PRODUCT_CONTEXT('',#2637,'mechanical');
#3021=PRODUCT('_000_56_3','_000_56_3','NOT SPECIFIED',(#3020));
#3022=PRODUCT_DEFINITION_FORMATION('1','LAST_VERSION',#3021);
#3030=DERIVED_UNIT_ELEMENT(#3029,2.E0);
#3031=DERIVED_UNIT((#3030));
#3032=MEASURE_REPRESENTATION_ITEM('surface area measure',AREA_MEASURE(
1.661909699918E-1),#3031);
#3037=DERIVED_UNIT_ELEMENT(#3036,3.E0);
#3038=DERIVED_UNIT((#3037));
#3039=MEASURE_REPRESENTATION_ITEM('volume measure',VOLUME_MEASURE(
1.415703916347E-3),#3038);
#3043=CARTESIAN_POINT('centre point',(-9.583354053E-3,-2.412876375E0,
-2.437497562500E0));
#3048=DERIVED_UNIT_ELEMENT(#3047,2.E0);
#3049=DERIVED_UNIT((#3048));
#3050=MEASURE_REPRESENTATION_ITEM('surface area measure',AREA_MEASURE(
1.661909699918E-1),#3049);
#3055=DERIVED_UNIT_ELEMENT(#3054,3.E0);
#3056=DERIVED_UNIT((#3055));
#3057=MEASURE_REPRESENTATION_ITEM('volume measure',VOLUME_MEASURE(
1.415703916347E-3),#3056);
#3061=CARTESIAN_POINT('centre point',(-9.583354053E-3,-2.412876375E0,
-2.437497562500E0));
#3068=CARTESIAN_POINT('centre point',(-9.583354053E-3,-2.412876375E0,
-2.437497562500E0));
#3072=CARTESIAN_POINT('',(0.E0,0.E0,0.E0));
#3073=DIRECTION('',(0.E0,0.E0,1.E0));
#3074=DIRECTION('',(1.E0,0.E0,0.E0));
#3075=AXIS2_PLACEMENT_3D('',#3072,#3073,#3074);
#3076=ITEM_DEFINED_TRANSFORMATION('','',#3017,#3075);
#3077=CARTESIAN_POINT('',(0.E0,0.E0,0.E0));
#3078=DIRECTION('',(0.E0,0.E0,1.E0));
#3079=DIRECTION('',(1.E0,0.E0,0.E0));
#3081=(REPRESENTATION_RELATIONSHIP('','',#3018,#2688)REPRESENTATION_RELATIONSHIP_WITH_TRANSFORMATION(#3076)SHAPE_REPRESENTATION_RELATIONSHIP());
#3082=CONTEXT_DEPENDENT_SHAPE_REPRESENTATION(#3081,#3067);
#3084=CARTESIAN_POINT('',(0.E0,2.412876375E0,-2.437497562500E0));
#3085=DIRECTION('',(-1.E0,0.E0,0.E0));
#3086=DIRECTION('',(0.E0,0.E0,-1.E0));
#3087=AXIS2_PLACEMENT_3D('',#3084,#3085,#3086);
#3089=CURVE_STYLE('',#22,POSITIVE_LENGTH_MEASURE(2.E-2),#3);
#3090=PRESENTATION_STYLE_ASSIGNMENT((#3089));
#3091=STYLED_ITEM('',(#3090),#3088);
#3092=CARTESIAN_POINT('',(0.E0,2.412876375E0,-2.437497562500E0));
#3093=DIRECTION('',(-1.E0,0.E0,0.E0));
#3094=DIRECTION('',(0.E0,0.E0,1.E0));
#3095=AXIS2_PLACEMENT_3D('',#3092,#3093,#3094);
#3097=CURVE_STYLE('',#22,POSITIVE_LENGTH_MEASURE(2.E-2),#3);
#3098=PRESENTATION_STYLE_ASSIGNMENT((#3097));
#3099=STYLED_ITEM('',(#3098),#3096);
#3100=DIRECTION('',(1.E0,0.E0,0.E0));
#3101=VECTOR('',#3100,1.916670810600E-2);
#3102=CARTESIAN_POINT('',(-1.916670810600E-2,2.412876375E0,-2.284163897652E0));
#3103=LINE('',#3102,#3101);
#3104=CURVE_STYLE('',#22,POSITIVE_LENGTH_MEASURE(2.E-2),#3);
#3105=PRESENTATION_STYLE_ASSIGNMENT((#3104));
#3106=STYLED_ITEM('',(#3105),#3103);
#3107=DIRECTION('',(1.E0,0.E0,0.E0));
#3108=VECTOR('',#3107,1.916670810600E-2);
#3109=CARTESIAN_POINT('',(-1.916670810600E-2,2.412876375E0,-2.590831227348E0));
#3110=LINE('',#3109,#3108);
#3111=CURVE_STYLE('',#22,POSITIVE_LENGTH_MEASURE(2.E-2),#3);
#3112=PRESENTATION_STYLE_ASSIGNMENT((#3111));
#3113=STYLED_ITEM('',(#3112),#3110);
#3114=CARTESIAN_POINT('',(-1.916670810600E-2,2.412876375E0,-2.437497562500E0));
#3115=DIRECTION('',(1.E0,0.E0,0.E0));
#3116=DIRECTION('',(0.E0,0.E0,1.E0));
#3117=AXIS2_PLACEMENT_3D('',#3114,#3115,#3116);
#3119=CURVE_STYLE('',#22,POSITIVE_LENGTH_MEASURE(2.E-2),#3);
#3120=PRESENTATION_STYLE_ASSIGNMENT((#3119));
#3121=STYLED_ITEM('',(#3120),#3118);
#3122=CARTESIAN_POINT('',(-1.916670810600E-2,2.412876375E0,-2.437497562500E0));
#3123=DIRECTION('',(1.E0,0.E0,0.E0));
#3124=DIRECTION('',(0.E0,0.E0,-1.E0));
#3125=AXIS2_PLACEMENT_3D('',#3122,#3123,#3124);
#3127=CURVE_STYLE('',#22,POSITIVE_LENGTH_MEASURE(2.E-2),#3);
#3128=PRESENTATION_STYLE_ASSIGNMENT((#3127));
#3129=STYLED_ITEM('',(#3128),#3126);
#3130=CARTESIAN_POINT('',(0.E0,2.412876375E0,-2.590831227348E0));
#3131=CARTESIAN_POINT('',(0.E0,2.412876375E0,-2.284163897652E0));
#3132=VERTEX_POINT('',#3130);
#3133=VERTEX_POINT('',#3131);
#3134=CARTESIAN_POINT('',(-1.916670810600E-2,2.412876375E0,-2.590831227348E0));
#3135=VERTEX_POINT('',#3134);
#3136=CARTESIAN_POINT('',(-1.916670810600E-2,2.412876375E0,-2.284163897652E0));
#3137=VERTEX_POINT('',#3136);
#3138=CARTESIAN_POINT('',(0.E0,0.E0,0.E0));
#3139=DIRECTION('',(-1.E0,0.E0,0.E0));
#3140=DIRECTION('',(0.E0,0.E0,-1.E0));
#3141=AXIS2_PLACEMENT_3D('',#3138,#3139,#3140);
#3142=PLANE('',#3141);
#3144=ORIENTED_EDGE('',*,*,#3143,.T.);
#3146=ORIENTED_EDGE('',*,*,#3145,.T.);
#3147=EDGE_LOOP('',(#3144,#3146));
#3148=FACE_OUTER_BOUND('',#3147,.F.);
#3150=CARTESIAN_POINT('',(0.E0,2.412876375E0,-2.437497562500E0));
#3151=DIRECTION('',(-1.E0,0.E0,0.E0));
#3152=DIRECTION('',(0.E0,0.E0,-1.E0));
#3153=AXIS2_PLACEMENT_3D('',#3150,#3151,#3152);
#3154=CYLINDRICAL_SURFACE('',#3153,1.533336648480E-1);
#3155=ORIENTED_EDGE('',*,*,#3143,.F.);
#3157=ORIENTED_EDGE('',*,*,#3156,.F.);
#3159=ORIENTED_EDGE('',*,*,#3158,.F.);
#3161=ORIENTED_EDGE('',*,*,#3160,.T.);
#3162=EDGE_LOOP('',(#3155,#3157,#3159,#3161));
#3163=FACE_OUTER_BOUND('',#3162,.F.);
#3165=CARTESIAN_POINT('',(0.E0,2.412876375E0,-2.437497562500E0));
#3166=DIRECTION('',(-1.E0,0.E0,0.E0));
#3167=DIRECTION('',(0.E0,0.E0,-1.E0));
#3168=AXIS2_PLACEMENT_3D('',#3165,#3166,#3167);
#3169=CYLINDRICAL_SURFACE('',#3168,1.533336648480E-1);
#3170=ORIENTED_EDGE('',*,*,#3145,.F.);
#3171=ORIENTED_EDGE('',*,*,#3160,.F.);
#3173=ORIENTED_EDGE('',*,*,#3172,.F.);
#3174=ORIENTED_EDGE('',*,*,#3156,.T.);
#3175=EDGE_LOOP('',(#3170,#3171,#3173,#3174));
#3176=FACE_OUTER_BOUND('',#3175,.F.);
#3178=CARTESIAN_POINT('',(-1.916670810600E-2,0.E0,0.E0));
#3179=DIRECTION('',(-1.E0,0.E0,0.E0));
#3180=DIRECTION('',(0.E0,0.E0,-1.E0));
#3181=AXIS2_PLACEMENT_3D('',#3178,#3179,#3180);
#3182=PLANE('',#3181);
#3183=ORIENTED_EDGE('',*,*,#3158,.T.);
#3184=ORIENTED_EDGE('',*,*,#3172,.T.);
#3185=EDGE_LOOP('',(#3183,#3184));
#3186=FACE_OUTER_BOUND('',#3185,.F.);
#3188=CLOSED_SHELL('',(#3149,#3164,#3177,#3187));
#3189=MANIFOLD_SOLID_BREP('',#3188);
#3190=FILL_AREA_STYLE_COLOUR('',#3);
#3191=FILL_AREA_STYLE('',(#3190));
#3192=SURFACE_STYLE_FILL_AREA(#3191);
#3193=SURFACE_SIDE_STYLE('',(#3192));
#3194=SURFACE_STYLE_USAGE(.BOTH.,#3193);
#3195=PRESENTATION_STYLE_ASSIGNMENT((#3194));
#3083=STYLED_ITEM('',(#3195),#3189);
#3198=PLANE_ANGLE_MEASURE_WITH_UNIT(PLANE_ANGLE_MEASURE(1.745329251994E-2),
#3197);
#3199=(CONVERSION_BASED_UNIT('DEGREE',#3198)NAMED_UNIT(*)PLANE_ANGLE_UNIT());
#3201=UNCERTAINTY_MEASURE_WITH_UNIT(LENGTH_MEASURE(4.342469727863E-5),#3196,
'distance_accuracy_value',
'Maximum model space distance between geometric entities at asserted connectivities');
#3203=CARTESIAN_POINT('',(0.E0,0.E0,0.E0));
#3204=DIRECTION('',(0.E0,0.E0,1.E0));
#3205=DIRECTION('',(1.E0,0.E0,0.E0));
#3208=PRODUCT_CONTEXT('',#2637,'mechanical');
#3209=PRODUCT('_000_56_4','_000_56_4','NOT SPECIFIED',(#3208));
#3210=PRODUCT_DEFINITION_FORMATION('1','LAST_VERSION',#3209);
#3218=DERIVED_UNIT_ELEMENT(#3217,2.E0);
#3219=DERIVED_UNIT((#3218));
#3220=MEASURE_REPRESENTATION_ITEM('surface area measure',AREA_MEASURE(
1.661909699918E-1),#3219);
#3225=DERIVED_UNIT_ELEMENT(#3224,3.E0);
#3226=DERIVED_UNIT((#3225));
#3227=MEASURE_REPRESENTATION_ITEM('volume measure',VOLUME_MEASURE(
1.415703916347E-3),#3226);
#3231=CARTESIAN_POINT('centre point',(-9.583354053E-3,2.412876375E0,
-2.437497562500E0));
#3236=DERIVED_UNIT_ELEMENT(#3235,2.E0);
#3237=DERIVED_UNIT((#3236));
#3238=MEASURE_REPRESENTATION_ITEM('surface area measure',AREA_MEASURE(
1.661909699918E-1),#3237);
#3243=DERIVED_UNIT_ELEMENT(#3242,3.E0);
#3244=DERIVED_UNIT((#3243));
#3245=MEASURE_REPRESENTATION_ITEM('volume measure',VOLUME_MEASURE(
1.415703916347E-3),#3244);
#3249=CARTESIAN_POINT('centre point',(-9.583354053E-3,2.412876375E0,
-2.437497562500E0));
#3256=CARTESIAN_POINT('centre point',(-9.583354053E-3,2.412876375E0,
-2.437497562500E0));
#3260=CARTESIAN_POINT('',(0.E0,0.E0,0.E0));
#3261=DIRECTION('',(0.E0,0.E0,1.E0));
#3262=DIRECTION('',(1.E0,0.E0,0.E0));
#3263=AXIS2_PLACEMENT_3D('',#3260,#3261,#3262);
#3264=ITEM_DEFINED_TRANSFORMATION('','',#3206,#3263);
#3265=CARTESIAN_POINT('',(0.E0,0.E0,0.E0));
#3266=DIRECTION('',(0.E0,0.E0,1.E0));
#3267=DIRECTION('',(1.E0,0.E0,0.E0));
#3269=(REPRESENTATION_RELATIONSHIP('','',#3207,#2688)REPRESENTATION_RELATIONSHIP_WITH_TRANSFORMATION(#3264)SHAPE_REPRESENTATION_RELATIONSHIP());
#3270=CONTEXT_DEPENDENT_SHAPE_REPRESENTATION(#3269,#3255);
#3272=CARTESIAN_POINT('',(0.E0,2.412876375E0,2.437497562500E0));
#3273=DIRECTION('',(-1.E0,0.E0,0.E0));
#3274=DIRECTION('',(0.E0,0.E0,-1.E0));
#3275=AXIS2_PLACEMENT_3D('',#3272,#3273,#3274);
#3277=CURVE_STYLE('',#22,POSITIVE_LENGTH_MEASURE(2.E-2),#3);
#3278=PRESENTATION_STYLE_ASSIGNMENT((#3277));
#3279=STYLED_ITEM('',(#3278),#3276);
#3280=CARTESIAN_POINT('',(0.E0,2.412876375E0,2.437497562500E0));
#3281=DIRECTION('',(-1.E0,0.E0,0.E0));
#3282=DIRECTION('',(0.E0,0.E0,1.E0));
#3283=AXIS2_PLACEMENT_3D('',#3280,#3281,#3282);
#3285=CURVE_STYLE('',#22,POSITIVE_LENGTH_MEASURE(2.E-2),#3);
#3286=PRESENTATION_STYLE_ASSIGNMENT((#3285));
#3287=STYLED_ITEM('',(#3286),#3284);
#3288=DIRECTION('',(1.E0,0.E0,0.E0));
#3289=VECTOR('',#3288,1.916670810600E-2);
#3290=CARTESIAN_POINT('',(-1.916670810600E-2,2.412876375E0,2.590831227348E0));
#3291=LINE('',#3290,#3289);
#3292=CURVE_STYLE('',#22,POSITIVE_LENGTH_MEASURE(2.E-2),#3);
#3293=PRESENTATION_STYLE_ASSIGNMENT((#3292));
#3294=STYLED_ITEM('',(#3293),#3291);
#3295=DIRECTION('',(1.E0,0.E0,0.E0));
#3296=VECTOR('',#3295,1.916670810600E-2);
#3297=CARTESIAN_POINT('',(-1.916670810600E-2,2.412876375E0,2.284163897652E0));
#3298=LINE('',#3297,#3296);
#3299=CURVE_STYLE('',#22,POSITIVE_LENGTH_MEASURE(2.E-2),#3);
#3300=PRESENTATION_STYLE_ASSIGNMENT((#3299));
#3301=STYLED_ITEM('',(#3300),#3298);
#3302=CARTESIAN_POINT('',(-1.916670810600E-2,2.412876375E0,2.437497562500E0));
#3303=DIRECTION('',(1.E0,0.E0,0.E0));
#3304=DIRECTION('',(0.E0,0.E0,1.E0));
#3305=AXIS2_PLACEMENT_3D('',#3302,#3303,#3304);
#3307=CURVE_STYLE('',#22,POSITIVE_LENGTH_MEASURE(2.E-2),#3);
#3308=PRESENTATION_STYLE_ASSIGNMENT((#3307));
#3309=STYLED_ITEM('',(#3308),#3306);
#3310=CARTESIAN_POINT('',(-1.916670810600E-2,2.412876375E0,2.437497562500E0));
#3311=DIRECTION('',(1.E0,0.E0,0.E0));
#3312=DIRECTION('',(0.E0,0.E0,-1.E0));
#3313=AXIS2_PLACEMENT_3D('',#3310,#3311,#3312);
#3315=CURVE_STYLE('',#22,POSITIVE_LENGTH_MEASURE(2.E-2),#3);
#3316=PRESENTATION_STYLE_ASSIGNMENT((#3315));
#3317=STYLED_ITEM('',(#3316),#3314);
#3318=CARTESIAN_POINT('',(0.E0,2.412876375E0,2.284163897652E0));
#3319=CARTESIAN_POINT('',(0.E0,2.412876375E0,2.590831227348E0));
#3320=VERTEX_POINT('',#3318);
#3321=VERTEX_POINT('',#3319);
#3322=CARTESIAN_POINT('',(-1.916670810600E-2,2.412876375E0,2.284163897652E0));
#3323=VERTEX_POINT('',#3322);
#3324=CARTESIAN_POINT('',(-1.916670810600E-2,2.412876375E0,2.590831227348E0));
#3325=VERTEX_POINT('',#3324);
#3326=CARTESIAN_POINT('',(0.E0,0.E0,0.E0));
#3327=DIRECTION('',(-1.E0,0.E0,0.E0));
#3328=DIRECTION('',(0.E0,0.E0,-1.E0));
#3329=AXIS2_PLACEMENT_3D('',#3326,#3327,#3328);
#3330=PLANE('',#3329);
#3332=ORIENTED_EDGE('',*,*,#3331,.T.);
#3334=ORIENTED_EDGE('',*,*,#3333,.T.);
#3335=EDGE_LOOP('',(#3332,#3334));
#3336=FACE_OUTER_BOUND('',#3335,.F.);
#3338=CARTESIAN_POINT('',(0.E0,2.412876375E0,2.437497562500E0));
#3339=DIRECTION('',(-1.E0,0.E0,0.E0));
#3340=DIRECTION('',(0.E0,0.E0,-1.E0));
#3341=AXIS2_PLACEMENT_3D('',#3338,#3339,#3340);
#3342=CYLINDRICAL_SURFACE('',#3341,1.533336648480E-1);
#3343=ORIENTED_EDGE('',*,*,#3331,.F.);
#3345=ORIENTED_EDGE('',*,*,#3344,.F.);
#3347=ORIENTED_EDGE('',*,*,#3346,.F.);
#3349=ORIENTED_EDGE('',*,*,#3348,.T.);
#3350=EDGE_LOOP('',(#3343,#3345,#3347,#3349));
#3351=FACE_OUTER_BOUND('',#3350,.F.);
#3353=CARTESIAN_POINT('',(0.E0,2.412876375E0,2.437497562500E0));
#3354=DIRECTION('',(-1.E0,0.E0,0.E0));
#3355=DIRECTION('',(0.E0,0.E0,-1.E0));
#3356=AXIS2_PLACEMENT_3D('',#3353,#3354,#3355);
#3357=CYLINDRICAL_SURFACE('',#3356,1.533336648480E-1);
#3358=ORIENTED_EDGE('',*,*,#3333,.F.);
#3359=ORIENTED_EDGE('',*,*,#3348,.F.);
#3361=ORIENTED_EDGE('',*,*,#3360,.F.);
#3362=ORIENTED_EDGE('',*,*,#3344,.T.);
#3363=EDGE_LOOP('',(#3358,#3359,#3361,#3362));
#3364=FACE_OUTER_BOUND('',#3363,.F.);
#3366=CARTESIAN_POINT('',(-1.916670810600E-2,0.E0,0.E0));
#3367=DIRECTION('',(-1.E0,0.E0,0.E0));
#3368=DIRECTION('',(0.E0,0.E0,-1.E0));
#3369=AXIS2_PLACEMENT_3D('',#3366,#3367,#3368);
#3370=PLANE('',#3369);
#3371=ORIENTED_EDGE('',*,*,#3346,.T.);
#3372=ORIENTED_EDGE('',*,*,#3360,.T.);
#3373=EDGE_LOOP('',(#3371,#3372));
#3374=FACE_OUTER_BOUND('',#3373,.F.);
#3376=CLOSED_SHELL('',(#3337,#3352,#3365,#3375));
#3377=MANIFOLD_SOLID_BREP('',#3376);
#3378=FILL_AREA_STYLE_COLOUR('',#3);
#3379=FILL_AREA_STYLE('',(#3378));
#3380=SURFACE_STYLE_FILL_AREA(#3379);
#3381=SURFACE_SIDE_STYLE('',(#3380));
#3382=SURFACE_STYLE_USAGE(.BOTH.,#3381);
#3383=PRESENTATION_STYLE_ASSIGNMENT((#3382));
#3271=STYLED_ITEM('',(#3383),#3377);
#3386=PLANE_ANGLE_MEASURE_WITH_UNIT(PLANE_ANGLE_MEASURE(1.745329251994E-2),
#3385);
#3387=(CONVERSION_BASED_UNIT('DEGREE',#3386)NAMED_UNIT(*)PLANE_ANGLE_UNIT());
#3389=UNCERTAINTY_MEASURE_WITH_UNIT(LENGTH_MEASURE(4.342469727863E-5),#3384,
'distance_accuracy_value',
'Maximum model space distance between geometric entities at asserted connectivities');
#3391=CARTESIAN_POINT('',(0.E0,0.E0,0.E0));
#3392=DIRECTION('',(0.E0,0.E0,1.E0));
#3393=DIRECTION('',(1.E0,0.E0,0.E0));
#3396=PRODUCT_DEFINITION_CONTEXT('part definition',#2637,'design');
#3397=PRODUCT_CONTEXT('',#2637,'mechanical');
#3398=PRODUCT('_000_56_5','_000_56_5','NOT SPECIFIED',(#3397));
#3399=PRODUCT_DEFINITION_FORMATION('1','LAST_VERSION',#3398);
#3407=DERIVED_UNIT_ELEMENT(#3406,2.E0);
#3408=DERIVED_UNIT((#3407));
#3409=MEASURE_REPRESENTATION_ITEM('surface area measure',AREA_MEASURE(
1.661909699918E-1),#3408);
#3414=DERIVED_UNIT_ELEMENT(#3413,3.E0);
#3415=DERIVED_UNIT((#3414));
#3416=MEASURE_REPRESENTATION_ITEM('volume measure',VOLUME_MEASURE(
1.415703916347E-3),#3415);
#3420=CARTESIAN_POINT('centre point',(-9.583354053E-3,2.412876375E0,
2.437497562500E0));
#3425=DERIVED_UNIT_ELEMENT(#3424,2.E0);
#3426=DERIVED_UNIT((#3425));
#3427=MEASURE_REPRESENTATION_ITEM('surface area measure',AREA_MEASURE(
1.661909699918E-1),#3426);
#3432=DERIVED_UNIT_ELEMENT(#3431,3.E0);
#3433=DERIVED_UNIT((#3432));
#3434=MEASURE_REPRESENTATION_ITEM('volume measure',VOLUME_MEASURE(
1.415703916347E-3),#3433);
#3438=CARTESIAN_POINT('centre point',(-9.583354053E-3,2.412876375E0,
2.437497562500E0));
#3445=CARTESIAN_POINT('centre point',(-9.583354053E-3,2.412876375E0,
2.437497562500E0));
#3449=CARTESIAN_POINT('',(0.E0,0.E0,0.E0));
#3450=DIRECTION('',(0.E0,0.E0,1.E0));
#3451=DIRECTION('',(1.E0,0.E0,0.E0));
#3452=AXIS2_PLACEMENT_3D('',#3449,#3450,#3451);
#3453=ITEM_DEFINED_TRANSFORMATION('','',#3394,#3452);
#3454=CARTESIAN_POINT('',(0.E0,0.E0,0.E0));
#3455=DIRECTION('',(0.E0,0.E0,1.E0));
#3456=DIRECTION('',(1.E0,0.E0,0.E0));
#3458=(REPRESENTATION_RELATIONSHIP('','',#3395,#2688)REPRESENTATION_RELATIONSHIP_WITH_TRANSFORMATION(#3453)SHAPE_REPRESENTATION_RELATIONSHIP());
#3459=CONTEXT_DEPENDENT_SHAPE_REPRESENTATION(#3458,#3444);
#3462=PLANE_ANGLE_MEASURE_WITH_UNIT(PLANE_ANGLE_MEASURE(1.745329251994E-2),
#3461);
#3463=(CONVERSION_BASED_UNIT('DEGREE',#3462)NAMED_UNIT(*)PLANE_ANGLE_UNIT());
#3465=UNCERTAINTY_MEASURE_WITH_UNIT(LENGTH_MEASURE(1.563053596613E-3),#3460,
'distance_accuracy_value',
'Maximum model space distance between geometric entities at asserted connectivities');
#3467=CARTESIAN_POINT('',(0.E0,0.E0,0.E0));
#3468=DIRECTION('',(0.E0,0.E0,1.E0));
#3469=DIRECTION('',(1.E0,0.E0,0.E0));
#3471=PRODUCT_CONTEXT('',#2637,'mechanical');
#3472=PRODUCT('_000_56_ASM','_000_56_ASM','NOT SPECIFIED',(#3471));
#3473=PRODUCT_DEFINITION_FORMATION('1','LAST_VERSION',#3472);
#3476=DERIVED_UNIT_ELEMENT(#3475,2.E0);
#3477=DERIVED_UNIT((#3476));
#3478=MEASURE_REPRESENTATION_ITEM('surface area measure',AREA_MEASURE(
2.979692016425E2),#3477);
#3483=DERIVED_UNIT_ELEMENT(#3482,3.E0);
#3484=DERIVED_UNIT((#3483));
#3485=MEASURE_REPRESENTATION_ITEM('volume measure',VOLUME_MEASURE(
7.893849449166E1),#3484);
#3489=CARTESIAN_POINT('centre point',(5.432891801229E-1,-5.135329127863E-8,
-5.661888410262E-1));
#3498=CARTESIAN_POINT('centre point',(5.624558882289E-1,5.149999948647E0,
-6.366188841026E0));
#3502=CARTESIAN_POINT('',(1.916670810600E-2,5.15E0,-5.8E0));
#3503=DIRECTION('',(0.E0,0.E0,1.E0));
#3504=DIRECTION('',(1.E0,0.E0,0.E0));
#3505=AXIS2_PLACEMENT_3D('',#3502,#3503,#3504);
#3506=ITEM_DEFINED_TRANSFORMATION('','',#2703,#3505);
#3507=CARTESIAN_POINT('',(0.E0,0.E0,0.E0));
#3508=DIRECTION('',(0.E0,0.E0,1.E0));
#3509=DIRECTION('',(1.E0,0.E0,0.E0));
#3511=(REPRESENTATION_RELATIONSHIP('','',#2688,#3495)REPRESENTATION_RELATIONSHIP_WITH_TRANSFORMATION(#3506)SHAPE_REPRESENTATION_RELATIONSHIP());
#3512=CONTEXT_DEPENDENT_SHAPE_REPRESENTATION(#3511,#3497);
#3514=CARTESIAN_POINT('',(0.E0,0.E0,0.E0));
#3515=DIRECTION('',(0.E0,1.E0,0.E0));
#3516=DIRECTION('',(1.E0,0.E0,0.E0));
#3517=AXIS2_PLACEMENT_3D('',#3514,#3515,#3516);
#3519=CURVE_STYLE('',#22,POSITIVE_LENGTH_MEASURE(2.E-2),#15);
#3520=PRESENTATION_STYLE_ASSIGNMENT((#3519));
#3521=STYLED_ITEM('',(#3520),#3518);
#3522=CARTESIAN_POINT('',(0.E0,0.E0,0.E0));
#3523=DIRECTION('',(0.E0,1.E0,0.E0));
#3524=DIRECTION('',(-1.E0,0.E0,0.E0));
#3525=AXIS2_PLACEMENT_3D('',#3522,#3523,#3524);
#3527=CURVE_STYLE('',#22,POSITIVE_LENGTH_MEASURE(2.E-2),#15);
#3528=PRESENTATION_STYLE_ASSIGNMENT((#3527));
#3529=STYLED_ITEM('',(#3528),#3526);
#3530=DIRECTION('',(0.E0,-1.E0,-3.426877642749E-12));
#3531=VECTOR('',#3530,5.291796067501E-1);
#3532=CARTESIAN_POINT('',(-5.E0,5.291796067501E-1,2.023125607660E-12));
#3533=LINE('',#3532,#3531);
#3534=CURVE_STYLE('',#22,POSITIVE_LENGTH_MEASURE(2.E-2),#15);
#3535=PRESENTATION_STYLE_ASSIGNMENT((#3534));
#3536=STYLED_ITEM('',(#3535),#3533);
#3537=CARTESIAN_POINT('',(0.E0,5.291796067501E-1,0.E0));
#3538=DIRECTION('',(0.E0,-1.E0,0.E0));
#3539=DIRECTION('',(-1.E0,0.E0,6.293820311879E-14));
#3540=AXIS2_PLACEMENT_3D('',#3537,#3538,#3539);
#3542=CURVE_STYLE('',#22,POSITIVE_LENGTH_MEASURE(2.E-2),#15);
#3543=PRESENTATION_STYLE_ASSIGNMENT((#3542));
#3544=STYLED_ITEM('',(#3543),#3541);
#3545=CARTESIAN_POINT('',(0.E0,5.291796067501E-1,0.E0));
#3546=DIRECTION('',(0.E0,-1.E0,0.E0));
#3547=DIRECTION('',(9.999844804206E-1,0.E0,-5.571258198491E-3));
#3548=AXIS2_PLACEMENT_3D('',#3545,#3546,#3547);
#3550=CURVE_STYLE('',#22,POSITIVE_LENGTH_MEASURE(2.E-2),#15);
#3551=PRESENTATION_STYLE_ASSIGNMENT((#3550));
#3552=STYLED_ITEM('',(#3551),#3549);
#3553=CARTESIAN_POINT('',(0.E0,9.763932022500E-1,0.E0));
#3554=DIRECTION('',(0.E0,1.E0,0.E0));
#3555=DIRECTION('',(1.E0,0.E0,-7.459289262657E-13));
#3556=AXIS2_PLACEMENT_3D('',#3553,#3554,#3555);
#3558=CURVE_STYLE('',#22,POSITIVE_LENGTH_MEASURE(2.E-2),#15);
#3559=PRESENTATION_STYLE_ASSIGNMENT((#3558));
#3560=STYLED_ITEM('',(#3559),#3557);
#3561=CARTESIAN_POINT('',(0.E0,9.763932022500E-1,0.E0));
#3562=DIRECTION('',(0.E0,1.E0,0.E0));
#3563=DIRECTION('',(9.999844804206E-1,0.E0,-5.571258198490E-3));
#3564=AXIS2_PLACEMENT_3D('',#3561,#3562,#3563);
#3566=CURVE_STYLE('',#22,POSITIVE_LENGTH_MEASURE(2.E-2),#15);
#3567=PRESENTATION_STYLE_ASSIGNMENT((#3566));
#3568=STYLED_ITEM('',(#3567),#3565);
#3569=CARTESIAN_POINT('',(-4.4E0,5.291796067501E-1,3.285458710645E-12));
#3570=DIRECTION('',(7.466943729995E-13,0.E0,1.E0));
#3571=DIRECTION('',(-6.666666666667E-1,7.453559924999E-1,4.977962486663E-13));
#3572=AXIS2_PLACEMENT_3D('',#3569,#3570,#3571);
#3574=CURVE_STYLE('',#22,POSITIVE_LENGTH_MEASURE(2.E-2),#15);
#3575=PRESENTATION_STYLE_ASSIGNMENT((#3574));
#3576=STYLED_ITEM('',(#3575),#3573);
#3577=CARTESIAN_POINT('',(0.E0,5.291796067501E-1,0.E0));
#3578=DIRECTION('',(0.E0,-1.E0,0.E0));
#3579=DIRECTION('',(1.E0,0.E0,0.E0));
#3580=AXIS2_PLACEMENT_3D('',#3577,#3578,#3579);
#3582=CURVE_STYLE('',#22,POSITIVE_LENGTH_MEASURE(2.E-2),#15);
#3583=PRESENTATION_STYLE_ASSIGNMENT((#3582));
#3584=STYLED_ITEM('',(#3583),#3581);
#3585=CARTESIAN_POINT('',(0.E0,5.291796067501E-1,0.E0));
#3586=DIRECTION('',(0.E0,-1.E0,0.E0));
#3587=DIRECTION('',(-9.999844804206E-1,0.E0,5.571258198490E-3));
#3588=AXIS2_PLACEMENT_3D('',#3585,#3586,#3587);
#3590=CURVE_STYLE('',#22,POSITIVE_LENGTH_MEASURE(2.E-2),#15);
#3591=PRESENTATION_STYLE_ASSIGNMENT((#3590));
#3592=STYLED_ITEM('',(#3591),#3589);
#3593=CARTESIAN_POINT('',(0.E0,9.763932022500E-1,0.E0));
#3594=DIRECTION('',(0.E0,1.E0,0.E0));
#3595=DIRECTION('',(-1.E0,0.E0,7.459289262657E-13));
#3596=AXIS2_PLACEMENT_3D('',#3593,#3594,#3595);
#3598=CURVE_STYLE('',#22,POSITIVE_LENGTH_MEASURE(2.E-2),#15);
#3599=PRESENTATION_STYLE_ASSIGNMENT((#3598));
#3600=STYLED_ITEM('',(#3599),#3597);
#3601=CARTESIAN_POINT('',(0.E0,9.763932022500E-1,0.E0));
#3602=DIRECTION('',(0.E0,1.E0,0.E0));
#3603=DIRECTION('',(-9.999844804206E-1,0.E0,5.571258198490E-3));
#3604=AXIS2_PLACEMENT_3D('',#3601,#3602,#3603);
#3606=CURVE_STYLE('',#22,POSITIVE_LENGTH_MEASURE(2.E-2),#15);
#3607=PRESENTATION_STYLE_ASSIGNMENT((#3606));
#3608=STYLED_ITEM('',(#3607),#3605);
#3609=CARTESIAN_POINT('',(4.4E0,5.291796067501E-1,-3.285458710645E-12));
#3610=DIRECTION('',(-7.466943729995E-13,0.E0,-1.E0));
#3611=DIRECTION('',(6.666666666667E-1,7.453559924999E-1,-4.977962486663E-13));
#3612=AXIS2_PLACEMENT_3D('',#3609,#3610,#3611);
#3614=CURVE_STYLE('',#22,POSITIVE_LENGTH_MEASURE(2.E-2),#15);
#3615=PRESENTATION_STYLE_ASSIGNMENT((#3614));
#3616=STYLED_ITEM('',(#3615),#3613);
#3617=DIRECTION('',(0.E0,-1.E0,3.526183352623E-12));
#3618=VECTOR('',#3617,5.291796067501E-1);
#3619=CARTESIAN_POINT('',(5.E0,5.291796067501E-1,-1.865473938164E-12));
#3620=LINE('',#3619,#3618);
#3621=CURVE_STYLE('',#22,POSITIVE_LENGTH_MEASURE(2.E-2),#15);
#3622=PRESENTATION_STYLE_ASSIGNMENT((#3621));
#3623=STYLED_ITEM('',(#3622),#3620);
#3624=CARTESIAN_POINT('',(5.E0,1.2E0,0.E0));
#3625=DIRECTION('',(0.E0,0.E0,1.E0));
#3626=DIRECTION('',(-6.666666666666E-1,7.453559925E-1,0.E0));
#3627=AXIS2_PLACEMENT_3D('',#3624,#3625,#3626);
#3629=CURVE_STYLE('',#22,POSITIVE_LENGTH_MEASURE(2.E-2),#15);
#3630=PRESENTATION_STYLE_ASSIGNMENT((#3629));
#3631=STYLED_ITEM('',(#3630),#3628);
#3632=CARTESIAN_POINT('',(5.E0,1.2E0,0.E0));
#3633=DIRECTION('',(0.E0,0.E0,1.E0));
#3634=DIRECTION('',(-1.E0,0.E0,0.E0));
#3635=AXIS2_PLACEMENT_3D('',#3632,#3633,#3634);
#3637=CURVE_STYLE('',#22,POSITIVE_LENGTH_MEASURE(2.E-2),#15);
#3638=PRESENTATION_STYLE_ASSIGNMENT((#3637));
#3639=STYLED_ITEM('',(#3638),#3636);
#3640=CARTESIAN_POINT('',(0.E0,1.870820393250E0,0.E0));
#3641=DIRECTION('',(0.E0,1.E0,0.E0));
#3642=DIRECTION('',(-1.E0,0.E0,8.780719887040E-14));
#3643=AXIS2_PLACEMENT_3D('',#3640,#3641,#3642);
#3645=CURVE_STYLE('',#22,POSITIVE_LENGTH_MEASURE(2.E-2),#15);
#3646=PRESENTATION_STYLE_ASSIGNMENT((#3645));
#3647=STYLED_ITEM('',(#3646),#3644);
#3648=CARTESIAN_POINT('',(0.E0,1.870820393250E0,0.E0));
#3649=DIRECTION('',(0.E0,1.E0,0.E0));
#3650=DIRECTION('',(9.999815554023E-1,0.E0,6.073619605455E-3));
#3651=AXIS2_PLACEMENT_3D('',#3648,#3649,#3650);
#3653=CURVE_STYLE('',#22,POSITIVE_LENGTH_MEASURE(2.E-2),#15);
#3654=PRESENTATION_STYLE_ASSIGNMENT((#3653));
#3655=STYLED_ITEM('',(#3654),#3652);
#3656=CARTESIAN_POINT('',(0.E0,1.423606797750E0,0.E0));
#3657=DIRECTION('',(0.E0,-1.E0,0.E0));
#3658=DIRECTION('',(1.E0,0.E0,1.925853862957E-13));
#3659=AXIS2_PLACEMENT_3D('',#3656,#3657,#3658);
#3661=CURVE_STYLE('',#22,POSITIVE_LENGTH_MEASURE(2.E-2),#15);
#3662=PRESENTATION_STYLE_ASSIGNMENT((#3661));
#3663=STYLED_ITEM('',(#3662),#3660);
#3664=CARTESIAN_POINT('',(0.E0,1.423606797750E0,0.E0));
#3665=DIRECTION('',(0.E0,-1.E0,0.E0));
#3666=DIRECTION('',(9.999815554023E-1,0.E0,6.073619605455E-3));
#3667=AXIS2_PLACEMENT_3D('',#3664,#3665,#3666);
#3669=CURVE_STYLE('',#22,POSITIVE_LENGTH_MEASURE(2.E-2),#15);
#3670=PRESENTATION_STYLE_ASSIGNMENT((#3669));
#3671=STYLED_ITEM('',(#3670),#3668);
#3672=CARTESIAN_POINT('',(-4.4E0,1.870820393250E0,-8.433913289974E-13));
#3673=DIRECTION('',(1.916782704781E-13,0.E0,-1.E0));
#3674=DIRECTION('',(-6.666666666666E-1,-7.453559925E-1,-1.277855136520E-13));
#3675=AXIS2_PLACEMENT_3D('',#3672,#3673,#3674);
#3677=CURVE_STYLE('',#22,POSITIVE_LENGTH_MEASURE(2.E-2),#15);
#3678=PRESENTATION_STYLE_ASSIGNMENT((#3677));
#3679=STYLED_ITEM('',(#3678),#3676);
#3680=DIRECTION('',(0.E0,-1.E0,5.295501161533E-14));
#3681=VECTOR('',#3680,1.045796760675E1);
#3682=CARTESIAN_POINT('',(5.E0,1.2328788E1,-7.301886490628E-14));
#3683=LINE('',#3682,#3681);
#3684=CURVE_STYLE('',#22,POSITIVE_LENGTH_MEASURE(2.E-2),#15);
#3685=PRESENTATION_STYLE_ASSIGNMENT((#3684));
#3686=STYLED_ITEM('',(#3685),#3683);
#3687=DIRECTION('',(0.E0,-1.E0,-5.310015291798E-14));
#3688=VECTOR('',#3687,1.045796760675E1);
#3689=CARTESIAN_POINT('',(-5.E0,1.2328788E1,2.945083583190E-13));
#3690=LINE('',#3689,#3688);
#3691=CURVE_STYLE('',#22,POSITIVE_LENGTH_MEASURE(2.E-2),#15);
#3692=PRESENTATION_STYLE_ASSIGNMENT((#3691));
#3693=STYLED_ITEM('',(#3692),#3690);
#3694=CARTESIAN_POINT('',(0.E0,1.870820393250E0,0.E0));
#3695=DIRECTION('',(0.E0,1.E0,0.E0));
#3696=DIRECTION('',(1.E0,0.E0,0.E0));
#3697=AXIS2_PLACEMENT_3D('',#3694,#3695,#3696);
#3699=CURVE_STYLE('',#22,POSITIVE_LENGTH_MEASURE(2.E-2),#15);
#3700=PRESENTATION_STYLE_ASSIGNMENT((#3699));
#3701=STYLED_ITEM('',(#3700),#3698);
#3702=CARTESIAN_POINT('',(0.E0,1.870820393250E0,0.E0));
#3703=DIRECTION('',(0.E0,1.E0,0.E0));
#3704=DIRECTION('',(-9.999815554023E-1,0.E0,-6.073619605455E-3));
#3705=AXIS2_PLACEMENT_3D('',#3702,#3703,#3704);
#3707=CURVE_STYLE('',#22,POSITIVE_LENGTH_MEASURE(2.E-2),#15);
#3708=PRESENTATION_STYLE_ASSIGNMENT((#3707));
#3709=STYLED_ITEM('',(#3708),#3706);
#3710=CARTESIAN_POINT('',(0.E0,1.423606797750E0,0.E0));
#3711=DIRECTION('',(0.E0,-1.E0,0.E0));
#3712=DIRECTION('',(-1.E0,0.E0,-1.925853862957E-13));
#3713=AXIS2_PLACEMENT_3D('',#3710,#3711,#3712);
#3715=CURVE_STYLE('',#22,POSITIVE_LENGTH_MEASURE(2.E-2),#15);
#3716=PRESENTATION_STYLE_ASSIGNMENT((#3715));
#3717=STYLED_ITEM('',(#3716),#3714);
#3718=CARTESIAN_POINT('',(0.E0,1.423606797750E0,0.E0));
#3719=DIRECTION('',(0.E0,-1.E0,0.E0));
#3720=DIRECTION('',(-9.999815554023E-1,0.E0,-6.073619605455E-3));
#3721=AXIS2_PLACEMENT_3D('',#3718,#3719,#3720);
#3723=CURVE_STYLE('',#22,POSITIVE_LENGTH_MEASURE(2.E-2),#15);
#3724=PRESENTATION_STYLE_ASSIGNMENT((#3723));
#3725=STYLED_ITEM('',(#3724),#3722);
#3726=CARTESIAN_POINT('',(4.4E0,1.870820393250E0,8.439117460401E-13));
#3727=DIRECTION('',(-1.917962316744E-13,0.E0,1.E0));
#3728=DIRECTION('',(6.666666666666E-1,-7.453559925E-1,1.278641544496E-13));
#3729=AXIS2_PLACEMENT_3D('',#3726,#3727,#3728);
#3731=CURVE_STYLE('',#22,POSITIVE_LENGTH_MEASURE(2.E-2),#15);
#3732=PRESENTATION_STYLE_ASSIGNMENT((#3731));
#3733=STYLED_ITEM('',(#3732),#3730);
#3734=CARTESIAN_POINT('',(-5.E0,1.2E0,0.E0));
#3735=DIRECTION('',(0.E0,0.E0,-1.E0));
#3736=DIRECTION('',(6.666666666666E-1,7.453559925E-1,0.E0));
#3737=AXIS2_PLACEMENT_3D('',#3734,#3735,#3736);
#3739=CURVE_STYLE('',#22,POSITIVE_LENGTH_MEASURE(2.E-2),#15);
#3740=PRESENTATION_STYLE_ASSIGNMENT((#3739));
#3741=STYLED_ITEM('',(#3740),#3738);
#3742=CARTESIAN_POINT('',(-5.E0,1.2E0,0.E0));
#3743=DIRECTION('',(0.E0,0.E0,-1.E0));
#3744=DIRECTION('',(1.E0,0.E0,0.E0));
#3745=AXIS2_PLACEMENT_3D('',#3742,#3743,#3744);
#3747=CURVE_STYLE('',#22,POSITIVE_LENGTH_MEASURE(2.E-2),#15);
#3748=PRESENTATION_STYLE_ASSIGNMENT((#3747));
#3749=STYLED_ITEM('',(#3748),#3746);
#3750=CARTESIAN_POINT('',(0.E0,1.2328788E1,0.E0));
#3751=DIRECTION('',(0.E0,-1.E0,0.E0));
#3752=DIRECTION('',(-1.E0,0.E0,8.780719887040E-14));
#3753=AXIS2_PLACEMENT_3D('',#3750,#3751,#3752);
#3755=CURVE_STYLE('',#22,POSITIVE_LENGTH_MEASURE(2.E-2),#15);
#3756=PRESENTATION_STYLE_ASSIGNMENT((#3755));
#3757=STYLED_ITEM('',(#3756),#3754);
#3758=CARTESIAN_POINT('',(0.E0,1.2328788E1,0.E0));
#3759=DIRECTION('',(0.E0,-1.E0,0.E0));
#3760=DIRECTION('',(9.999844804206E-1,0.E0,-5.571258198491E-3));
#3761=AXIS2_PLACEMENT_3D('',#3758,#3759,#3760);
#3763=CURVE_STYLE('',#22,POSITIVE_LENGTH_MEASURE(2.E-2),#15);
#3764=PRESENTATION_STYLE_ASSIGNMENT((#3763));
#3765=STYLED_ITEM('',(#3764),#3762);
#3766=CARTESIAN_POINT('',(0.E0,1.245E1,0.E0));
#3767=DIRECTION('',(0.E0,1.E0,0.E0));
#3768=DIRECTION('',(1.E0,0.E0,0.E0));
#3769=AXIS2_PLACEMENT_3D('',#3766,#3767,#3768);
#3771=CURVE_STYLE('',#22,POSITIVE_LENGTH_MEASURE(2.E-2),#15);
#3772=PRESENTATION_STYLE_ASSIGNMENT((#3771));
#3773=STYLED_ITEM('',(#3772),#3770);
#3774=CARTESIAN_POINT('',(-4.878788E0,1.2328788E1,1.460394305486E-13));
#3775=DIRECTION('',(2.993438830146E-14,0.E0,1.E0));
#3776=DIRECTION('',(0.E0,1.E0,0.E0));
#3777=AXIS2_PLACEMENT_3D('',#3774,#3775,#3776);
#3779=CURVE_STYLE('',#22,POSITIVE_LENGTH_MEASURE(2.E-2),#15);
#3780=PRESENTATION_STYLE_ASSIGNMENT((#3779));
#3781=STYLED_ITEM('',(#3780),#3778);
#3782=CARTESIAN_POINT('',(0.E0,1.2328788E1,0.E0));
#3783=DIRECTION('',(0.E0,-1.E0,0.E0));
#3784=DIRECTION('',(1.E0,0.E0,0.E0));
#3785=AXIS2_PLACEMENT_3D('',#3782,#3783,#3784);
#3787=CURVE_STYLE('',#22,POSITIVE_LENGTH_MEASURE(2.E-2),#15);
#3788=PRESENTATION_STYLE_ASSIGNMENT((#3787));
#3789=STYLED_ITEM('',(#3788),#3786);
#3790=CARTESIAN_POINT('',(0.E0,1.2328788E1,0.E0));
#3791=DIRECTION('',(0.E0,-1.E0,0.E0));
#3792=DIRECTION('',(-9.999844804206E-1,0.E0,5.571258198490E-3));
#3793=AXIS2_PLACEMENT_3D('',#3790,#3791,#3792);
#3795=CURVE_STYLE('',#22,POSITIVE_LENGTH_MEASURE(2.E-2),#15);
#3796=PRESENTATION_STYLE_ASSIGNMENT((#3795));
#3797=STYLED_ITEM('',(#3796),#3794);
#3798=CARTESIAN_POINT('',(0.E0,1.245E1,0.E0));
#3799=DIRECTION('',(0.E0,1.E0,0.E0));
#3800=DIRECTION('',(-1.E0,0.E0,0.E0));
#3801=AXIS2_PLACEMENT_3D('',#3798,#3799,#3800);
#3803=CURVE_STYLE('',#22,POSITIVE_LENGTH_MEASURE(2.E-2),#15);
#3804=PRESENTATION_STYLE_ASSIGNMENT((#3803));
#3805=STYLED_ITEM('',(#3804),#3802);
#3806=CARTESIAN_POINT('',(4.878788E0,1.2328788E1,-1.417095607525E-13));
#3807=DIRECTION('',(-2.904620988176E-14,0.E0,-1.E0));
#3808=DIRECTION('',(0.E0,1.E0,0.E0));
#3809=AXIS2_PLACEMENT_3D('',#3806,#3807,#3808);
#3811=CURVE_STYLE('',#22,POSITIVE_LENGTH_MEASURE(2.E-2),#15);
#3812=PRESENTATION_STYLE_ASSIGNMENT((#3811));
#3813=STYLED_ITEM('',(#3812),#3810);
#3814=CARTESIAN_POINT('',(0.E0,1.245E1,0.E0));
#3815=DIRECTION('',(0.E0,-1.E0,0.E0));
#3816=DIRECTION('',(-1.E0,0.E0,0.E0));
#3817=AXIS2_PLACEMENT_3D('',#3814,#3815,#3816);
#3819=CURVE_STYLE('',#22,POSITIVE_LENGTH_MEASURE(2.E-2),#15);
#3820=PRESENTATION_STYLE_ASSIGNMENT((#3819));
#3821=STYLED_ITEM('',(#3820),#3818);
#3822=CARTESIAN_POINT('',(0.E0,1.245E1,0.E0));
#3823=DIRECTION('',(0.E0,-1.E0,0.E0));
#3824=DIRECTION('',(1.E0,0.E0,0.E0));
#3825=AXIS2_PLACEMENT_3D('',#3822,#3823,#3824);
#3827=CURVE_STYLE('',#22,POSITIVE_LENGTH_MEASURE(2.E-2),#15);
#3828=PRESENTATION_STYLE_ASSIGNMENT((#3827));
#3829=STYLED_ITEM('',(#3828),#3826);
#3830=DIRECTION('',(-5.453864326996E-1,0.E0,-8.381847284622E-1));
#3831=VECTOR('',#3830,4.326105889736E0);
#3832=CARTESIAN_POINT('',(0.E0,1.245E1,-2.999999999999E-2));
#3833=LINE('',#3832,#3831);
#3834=CURVE_STYLE('',#22,POSITIVE_LENGTH_MEASURE(2.E-2),#15);
#3835=PRESENTATION_STYLE_ASSIGNMENT((#3834));
#3836=STYLED_ITEM('',(#3835),#3833);
#3837=DIRECTION('',(-8.347711523819E-1,0.E0,5.505970606087E-1));
#3838=VECTOR('',#3837,8.520459123675E-2);
#3839=CARTESIAN_POINT('',(-2.359399458684E0,1.245E1,-3.656075890487E0));
#3840=LINE('',#3839,#3838);
#3841=CURVE_STYLE('',#22,POSITIVE_LENGTH_MEASURE(2.E-2),#15);
#3842=PRESENTATION_STYLE_ASSIGNMENT((#3841));
#3843=STYLED_ITEM('',(#3842),#3840);
#3844=DIRECTION('',(5.505970606102E-1,0.E0,8.347711523809E-1));
#3845=VECTOR('',#3844,4.323535238020E0);
#3846=CARTESIAN_POINT('',(-2.430525793499E0,1.245E1,-3.609162493002E0));
#3847=LINE('',#3846,#3845);
#3848=CURVE_STYLE('',#22,POSITIVE_LENGTH_MEASURE(2.E-2),#15);
#3849=PRESENTATION_STYLE_ASSIGNMENT((#3848));
#3850=STYLED_ITEM('',(#3849),#3847);
#3851=DIRECTION('',(-4.911794487158E-1,0.E0,8.710584074327E-1));
#3852=VECTOR('',#3851,4.202762760351E0);
#3853=CARTESIAN_POINT('',(-5.000000000006E-2,1.245E1,7.262145679746E-14));
#3854=LINE('',#3853,#3852);
#3855=CURVE_STYLE('',#22,POSITIVE_LENGTH_MEASURE(2.E-2),#15);
#3856=PRESENTATION_STYLE_ASSIGNMENT((#3855));
#3857=STYLED_ITEM('',(#3856),#3854);
#3858=DIRECTION('',(8.478241800201E-1,0.E0,5.302774366059E-1));
#3859=VECTOR('',#3858,9.385485211034E-2);
#3860=CARTESIAN_POINT('',(-2.114310695712E0,1.245E1,3.660851836849E0));
#3861=LINE('',#3860,#3859);
#3862=CURVE_STYLE('',#22,POSITIVE_LENGTH_MEASURE(2.E-2),#15);
#3863=PRESENTATION_STYLE_ASSIGNMENT((#3862));
#3864=STYLED_ITEM('',(#3863),#3861);
#3865=DIRECTION('',(4.858363198396E-1,0.E0,-8.740498099792E-1));
#3866=VECTOR('',#3865,4.188114802435E0);
#3867=CARTESIAN_POINT('',(-2.034738282681E0,1.245E1,3.710620947239E0));
#3868=LINE('',#3867,#3866);
#3869=CURVE_STYLE('',#22,POSITIVE_LENGTH_MEASURE(2.E-2),#15);
#3870=PRESENTATION_STYLE_ASSIGNMENT((#3869));
#3871=STYLED_ITEM('',(#3870),#3868);
#3872=DIRECTION('',(1.E0,0.E0,0.E0));
#3873=VECTOR('',#3872,4.E0);
#3874=CARTESIAN_POINT('',(0.E0,1.245E1,-2.999999999999E-2));
#3875=LINE('',#3874,#3873);
#3876=CURVE_STYLE('',#22,POSITIVE_LENGTH_MEASURE(2.E-2),#15);
#3877=PRESENTATION_STYLE_ASSIGNMENT((#3876));
#3878=STYLED_ITEM('',(#3877),#3875);
#3879=DIRECTION('',(0.E0,1.E0,0.E0));
#3880=VECTOR('',#3879,1.E-2);
#3881=CARTESIAN_POINT('',(0.E0,1.244E1,-2.999999999999E-2));
#3882=LINE('',#3881,#3880);
#3883=CURVE_STYLE('',#22,POSITIVE_LENGTH_MEASURE(2.E-2),#15);
#3884=PRESENTATION_STYLE_ASSIGNMENT((#3883));
#3885=STYLED_ITEM('',(#3884),#3882);
#3886=DIRECTION('',(0.E0,0.E0,1.E0));
#3887=VECTOR('',#3886,8.E-2);
#3888=CARTESIAN_POINT('',(4.E0,1.245E1,-2.999999999999E-2));
#3889=LINE('',#3888,#3887);
#3890=CURVE_STYLE('',#22,POSITIVE_LENGTH_MEASURE(2.E-2),#15);
#3891=PRESENTATION_STYLE_ASSIGNMENT((#3890));
#3892=STYLED_ITEM('',(#3891),#3889);
#3893=DIRECTION('',(0.E0,1.E0,0.E0));
#3894=VECTOR('',#3893,1.E-2);
#3895=CARTESIAN_POINT('',(4.E0,1.244E1,-2.999999999999E-2));
#3896=LINE('',#3895,#3894);
#3897=CURVE_STYLE('',#22,POSITIVE_LENGTH_MEASURE(2.E-2),#15);
#3898=PRESENTATION_STYLE_ASSIGNMENT((#3897));
#3899=STYLED_ITEM('',(#3898),#3896);
#3900=DIRECTION('',(-1.E0,0.E0,-1.572353358625E-14));
#3901=VECTOR('',#3900,4.E0);
#3902=CARTESIAN_POINT('',(4.E0,1.245E1,5.000000000001E-2));
#3903=LINE('',#3902,#3901);
#3904=CURVE_STYLE('',#22,POSITIVE_LENGTH_MEASURE(2.E-2),#15);
#3905=PRESENTATION_STYLE_ASSIGNMENT((#3904));
#3906=STYLED_ITEM('',(#3905),#3903);
#3907=DIRECTION('',(0.E0,1.E0,0.E0));
#3908=VECTOR('',#3907,1.E-2);
#3909=CARTESIAN_POINT('',(4.E0,1.244E1,5.000000000001E-2));
#3910=LINE('',#3909,#3908);
#3911=CURVE_STYLE('',#22,POSITIVE_LENGTH_MEASURE(2.E-2),#15);
#3912=PRESENTATION_STYLE_ASSIGNMENT((#3911));
#3913=STYLED_ITEM('',(#3912),#3910);
#3914=DIRECTION('',(0.E0,1.E0,0.E0));
#3915=VECTOR('',#3914,1.E-2);
#3916=CARTESIAN_POINT('',(-2.625446450746E-13,1.244E1,4.999999999995E-2));
#3917=LINE('',#3916,#3915);
#3918=CURVE_STYLE('',#22,POSITIVE_LENGTH_MEASURE(2.E-2),#15);
#3919=PRESENTATION_STYLE_ASSIGNMENT((#3918));
#3920=STYLED_ITEM('',(#3919),#3917);
#3921=DIRECTION('',(0.E0,1.E0,4.440892098501E-14));
#3922=VECTOR('',#3921,1.E-2);
#3923=CARTESIAN_POINT('',(-2.034738282681E0,1.244E1,3.710620947239E0));
#3924=LINE('',#3923,#3922);
#3925=CURVE_STYLE('',#22,POSITIVE_LENGTH_MEASURE(2.E-2),#15);
#3926=PRESENTATION_STYLE_ASSIGNMENT((#3925));
#3927=STYLED_ITEM('',(#3926),#3924);
#3928=DIRECTION('',(0.E0,1.E0,0.E0));
#3929=VECTOR('',#3928,1.E-2);
#3930=CARTESIAN_POINT('',(-2.114310695712E0,1.244E1,3.660851836849E0));
#3931=LINE('',#3930,#3929);
#3932=CURVE_STYLE('',#22,POSITIVE_LENGTH_MEASURE(2.E-2),#15);
#3933=PRESENTATION_STYLE_ASSIGNMENT((#3932));
#3934=STYLED_ITEM('',(#3933),#3931);
#3935=DIRECTION('',(0.E0,1.E0,0.E0));
#3936=VECTOR('',#3935,1.E-2);
#3937=CARTESIAN_POINT('',(-5.000000000006E-2,1.244E1,7.262145679746E-14));
#3938=LINE('',#3937,#3936);
#3939=CURVE_STYLE('',#22,POSITIVE_LENGTH_MEASURE(2.E-2),#15);
#3940=PRESENTATION_STYLE_ASSIGNMENT((#3939));
#3941=STYLED_ITEM('',(#3940),#3938);
#3942=DIRECTION('',(4.440892098501E-14,1.E0,0.E0));
#3943=VECTOR('',#3942,1.E-2);
#3944=CARTESIAN_POINT('',(-2.430525793499E0,1.244E1,-3.609162493002E0));
#3945=LINE('',#3944,#3943);
#3946=CURVE_STYLE('',#22,POSITIVE_LENGTH_MEASURE(2.E-2),#15);
#3947=PRESENTATION_STYLE_ASSIGNMENT((#3946));
#3948=STYLED_ITEM('',(#3947),#3945);
#3949=DIRECTION('',(0.E0,1.E0,0.E0));
#3950=VECTOR('',#3949,1.E-2);
#3951=CARTESIAN_POINT('',(-2.359399458684E0,1.244E1,-3.656075890487E0));
#3952=LINE('',#3951,#3950);
#3953=CURVE_STYLE('',#22,POSITIVE_LENGTH_MEASURE(2.E-2),#15);
#3954=PRESENTATION_STYLE_ASSIGNMENT((#3953));
#3955=STYLED_ITEM('',(#3954),#3952);
#3956=DIRECTION('',(1.E0,0.E0,0.E0));
#3957=VECTOR('',#3956,4.E0);
#3958=CARTESIAN_POINT('',(0.E0,1.244E1,-2.999999999999E-2));
#3959=LINE('',#3958,#3957);
#3960=CURVE_STYLE('',#22,POSITIVE_LENGTH_MEASURE(2.E-2),#15);
#3961=PRESENTATION_STYLE_ASSIGNMENT((#3960));
#3962=STYLED_ITEM('',(#3961),#3959);
#3963=DIRECTION('',(0.E0,0.E0,1.E0));
#3964=VECTOR('',#3963,8.E-2);
#3965=CARTESIAN_POINT('',(4.E0,1.244E1,-2.999999999999E-2));
#3966=LINE('',#3965,#3964);
#3967=CURVE_STYLE('',#22,POSITIVE_LENGTH_MEASURE(2.E-2),#15);
#3968=PRESENTATION_STYLE_ASSIGNMENT((#3967));
#3969=STYLED_ITEM('',(#3968),#3966);
#3970=DIRECTION('',(-1.E0,0.E0,-1.572526830973E-14));
#3971=VECTOR('',#3970,4.E0);
#3972=CARTESIAN_POINT('',(4.E0,1.244E1,5.000000000001E-2));
#3973=LINE('',#3972,#3971);
#3974=CURVE_STYLE('',#22,POSITIVE_LENGTH_MEASURE(2.E-2),#15);
#3975=PRESENTATION_STYLE_ASSIGNMENT((#3974));
#3976=STYLED_ITEM('',(#3975),#3973);
#3977=DIRECTION('',(-4.858363198396E-1,0.E0,8.740498099792E-1));
#3978=VECTOR('',#3977,4.188114802435E0);
#3979=CARTESIAN_POINT('',(-2.625446450746E-13,1.244E1,4.999999999995E-2));
#3980=LINE('',#3979,#3978);
#3981=CURVE_STYLE('',#22,POSITIVE_LENGTH_MEASURE(2.E-2),#15);
#3982=PRESENTATION_STYLE_ASSIGNMENT((#3981));
#3983=STYLED_ITEM('',(#3982),#3980);
#3984=DIRECTION('',(-8.478241800201E-1,0.E0,-5.302774366059E-1));
#3985=VECTOR('',#3984,9.385485211034E-2);
#3986=CARTESIAN_POINT('',(-2.034738282681E0,1.244E1,3.710620947239E0));
#3987=LINE('',#3986,#3985);
#3988=CURVE_STYLE('',#22,POSITIVE_LENGTH_MEASURE(2.E-2),#15);
#3989=PRESENTATION_STYLE_ASSIGNMENT((#3988));
#3990=STYLED_ITEM('',(#3989),#3987);
#3991=DIRECTION('',(4.911794487158E-1,0.E0,-8.710584074327E-1));
#3992=VECTOR('',#3991,4.202762760351E0);
#3993=CARTESIAN_POINT('',(-2.114310695712E0,1.244E1,3.660851836849E0));
#3994=LINE('',#3993,#3992);
#3995=CURVE_STYLE('',#22,POSITIVE_LENGTH_MEASURE(2.E-2),#15);
#3996=PRESENTATION_STYLE_ASSIGNMENT((#3995));
#3997=STYLED_ITEM('',(#3996),#3994);
#3998=DIRECTION('',(-5.505970606102E-1,0.E0,-8.347711523809E-1));
#3999=VECTOR('',#3998,4.323535238020E0);
#4000=CARTESIAN_POINT('',(-5.000000000006E-2,1.244E1,7.262145679746E-14));
#4001=LINE('',#4000,#3999);
#4002=CURVE_STYLE('',#22,POSITIVE_LENGTH_MEASURE(2.E-2),#15);
#4003=PRESENTATION_STYLE_ASSIGNMENT((#4002));
#4004=STYLED_ITEM('',(#4003),#4001);
#4005=DIRECTION('',(8.347711523819E-1,0.E0,-5.505970606087E-1));
#4006=VECTOR('',#4005,8.520459123675E-2);
#4007=CARTESIAN_POINT('',(-2.430525793499E0,1.244E1,-3.609162493002E0));
#4008=LINE('',#4007,#4006);
#4009=CURVE_STYLE('',#22,POSITIVE_LENGTH_MEASURE(2.E-2),#15);
#4010=PRESENTATION_STYLE_ASSIGNMENT((#4009));
#4011=STYLED_ITEM('',(#4010),#4008);
#4012=DIRECTION('',(5.453864326996E-1,0.E0,8.381847284622E-1));
#4013=VECTOR('',#4012,4.326105889736E0);
#4014=CARTESIAN_POINT('',(-2.359399458684E0,1.244E1,-3.656075890487E0));
#4015=LINE('',#4014,#4013);
#4016=CURVE_STYLE('',#22,POSITIVE_LENGTH_MEASURE(2.E-2),#15);
#4017=PRESENTATION_STYLE_ASSIGNMENT((#4016));
#4018=STYLED_ITEM('',(#4017),#4015);
#4019=CARTESIAN_POINT('',(5.E0,0.E0,0.E0));
#4020=CARTESIAN_POINT('',(-5.E0,0.E0,0.E0));
#4021=VERTEX_POINT('',#4019);
#4022=VERTEX_POINT('',#4020);
#4023=CARTESIAN_POINT('',(5.E0,1.870820393250E0,0.E0));
#4024=CARTESIAN_POINT('',(-4.999907777012E0,1.870820393250E0,
-3.036809802727E-2));
#4025=VERTEX_POINT('',#4023);
#4026=VERTEX_POINT('',#4024);
#4027=CARTESIAN_POINT('',(-5.E0,1.870820393250E0,4.390411645350E-13));
#4028=VERTEX_POINT('',#4027);
#4029=CARTESIAN_POINT('',(5.E0,1.2328788E1,-7.301886490628E-14));
#4030=VERTEX_POINT('',#4029);
#4031=CARTESIAN_POINT('',(-5.E0,1.2328788E1,4.390359943520E-13));
#4032=CARTESIAN_POINT('',(4.999922402103E0,1.2328788E1,-2.785629099245E-2));
#4033=VERTEX_POINT('',#4031);
#4034=VERTEX_POINT('',#4032);
#4035=CARTESIAN_POINT('',(-5.E0,5.291796067501E-1,3.146910155940E-13));
#4036=CARTESIAN_POINT('',(4.999922402103E0,5.291796067501E-1,
-2.785629099245E-2));
#4037=VERTEX_POINT('',#4035);
#4038=VERTEX_POINT('',#4036);
#4039=CARTESIAN_POINT('',(5.E0,5.291796067501E-1,0.E0));
#4040=VERTEX_POINT('',#4039);
#4041=CARTESIAN_POINT('',(-4.8E0,1.423606797750E0,-9.200626371886E-13));
#4042=VERTEX_POINT('',#4041);
#4043=CARTESIAN_POINT('',(-4.799911465931E0,1.423606797750E0,
-2.915337410618E-2));
#4044=CARTESIAN_POINT('',(4.8E0,1.423606797750E0,9.216828689151E-13));
#4045=VERTEX_POINT('',#4043);
#4046=VERTEX_POINT('',#4044);
#4047=CARTESIAN_POINT('',(4.999907777012E0,1.870820393250E0,3.036809802728E-2));
#4048=VERTEX_POINT('',#4047);
#4049=CARTESIAN_POINT('',(4.799911465931E0,1.423606797750E0,2.915337410618E-2));
#4050=VERTEX_POINT('',#4049);
#4051=CARTESIAN_POINT('',(-4.999922402103E0,1.2328788E1,2.785629099245E-2));
#4052=VERTEX_POINT('',#4051);
#4053=CARTESIAN_POINT('',(-4.999922402103E0,5.291796067501E-1,
2.785629099245E-2));
#4054=VERTEX_POINT('',#4053);
#4055=CARTESIAN_POINT('',(-4.878788E0,1.245E1,1.460394305486E-13));
#4056=VERTEX_POINT('',#4055);
#4057=CARTESIAN_POINT('',(4.878788E0,1.245E1,0.E0));
#4058=CARTESIAN_POINT('',(-4.878712283262E0,1.245E1,2.718098764370E-2));
#4059=VERTEX_POINT('',#4057);
#4060=VERTEX_POINT('',#4058);
#4061=CARTESIAN_POINT('',(4.878712283262E0,1.245E1,-2.718098764370E-2));
#4062=VERTEX_POINT('',#4061);
#4063=CARTESIAN_POINT('',(0.E0,1.245E1,-2.999999999999E-2));
#4064=CARTESIAN_POINT('',(4.E0,1.245E1,-2.999999999999E-2));
#4065=VERTEX_POINT('',#4063);
#4066=VERTEX_POINT('',#4064);
#4067=CARTESIAN_POINT('',(-2.359399458684E0,1.245E1,-3.656075890487E0));
#4068=VERTEX_POINT('',#4067);
#4069=CARTESIAN_POINT('',(-2.430525793499E0,1.245E1,-3.609162493002E0));
#4070=VERTEX_POINT('',#4069);
#4071=CARTESIAN_POINT('',(-5.000000000006E-2,1.245E1,7.283063041541E-14));
#4072=VERTEX_POINT('',#4071);
#4073=CARTESIAN_POINT('',(-2.114310695712E0,1.245E1,3.660851836849E0));
#4074=VERTEX_POINT('',#4073);
#4075=CARTESIAN_POINT('',(-2.034738282681E0,1.245E1,3.710620947239E0));
#4076=VERTEX_POINT('',#4075);
#4077=CARTESIAN_POINT('',(-2.624567230214E-13,1.245E1,4.999999999995E-2));
#4078=VERTEX_POINT('',#4077);
#4079=CARTESIAN_POINT('',(4.E0,1.245E1,5.000000000001E-2));
#4080=VERTEX_POINT('',#4079);
#4081=CARTESIAN_POINT('',(4.E0,1.244E1,-2.999999999999E-2));
#4082=VERTEX_POINT('',#4081);
#4083=CARTESIAN_POINT('',(0.E0,1.244E1,-2.999999999999E-2));
#4084=VERTEX_POINT('',#4083);
#4085=CARTESIAN_POINT('',(4.E0,1.244E1,5.000000000001E-2));
#4086=VERTEX_POINT('',#4085);
#4087=CARTESIAN_POINT('',(-2.625446450746E-13,1.244E1,4.999999999995E-2));
#4088=VERTEX_POINT('',#4087);
#4089=CARTESIAN_POINT('',(-2.034738282681E0,1.244E1,3.710620947239E0));
#4090=VERTEX_POINT('',#4089);
#4091=CARTESIAN_POINT('',(-2.114310695712E0,1.244E1,3.660851836849E0));
#4092=VERTEX_POINT('',#4091);
#4093=CARTESIAN_POINT('',(-5.000000000006E-2,1.244E1,7.262145679746E-14));
#4094=VERTEX_POINT('',#4093);
#4095=CARTESIAN_POINT('',(-2.430525793499E0,1.244E1,-3.609162493002E0));
#4096=VERTEX_POINT('',#4095);
#4097=CARTESIAN_POINT('',(-2.359399458684E0,1.244E1,-3.656075890487E0));
#4098=VERTEX_POINT('',#4097);
#4099=CARTESIAN_POINT('',(-4.8E0,9.763932022500E-1,3.584136459844E-12));
#4100=VERTEX_POINT('',#4099);
#4101=CARTESIAN_POINT('',(-4.799925506019E0,9.763932022500E-1,
2.674203935275E-2));
#4102=CARTESIAN_POINT('',(4.8E0,9.763932022500E-1,-3.584139929291E-12));
#4103=VERTEX_POINT('',#4101);
#4104=VERTEX_POINT('',#4102);
#4105=CARTESIAN_POINT('',(4.799925506019E0,9.763932022500E-1,
-2.674203935275E-2));
#4106=VERTEX_POINT('',#4105);
#4107=CARTESIAN_POINT('',(-4.7E0,1.2E0,0.E0));
#4108=VERTEX_POINT('',#4107);
#4109=CARTESIAN_POINT('',(4.7E0,1.2E0,0.E0));
#4110=VERTEX_POINT('',#4109);
#4111=CARTESIAN_POINT('',(0.E0,0.E0,0.E0));
#4112=DIRECTION('',(0.E0,1.E0,0.E0));
#4113=DIRECTION('',(1.E0,0.E0,0.E0));
#4114=AXIS2_PLACEMENT_3D('',#4111,#4112,#4113);
#4115=PLANE('',#4114);
#4117=ORIENTED_EDGE('',*,*,#4116,.T.);
#4119=ORIENTED_EDGE('',*,*,#4118,.T.);
#4120=EDGE_LOOP('',(#4117,#4119));
#4121=FACE_OUTER_BOUND('',#4120,.F.);
#4123=CARTESIAN_POINT('',(0.E0,0.E0,0.E0));
#4124=DIRECTION('',(0.E0,1.E0,0.E0));
#4125=DIRECTION('',(1.E0,0.E0,0.E0));
#4126=AXIS2_PLACEMENT_3D('',#4123,#4124,#4125);
#4127=CYLINDRICAL_SURFACE('',#4126,5.E0);
#4129=ORIENTED_EDGE('',*,*,#4128,.F.);
#4131=ORIENTED_EDGE('',*,*,#4130,.F.);
#4133=ORIENTED_EDGE('',*,*,#4132,.T.);
#4134=ORIENTED_EDGE('',*,*,#4116,.F.);
#4136=ORIENTED_EDGE('',*,*,#4135,.F.);
#4137=EDGE_LOOP('',(#4129,#4131,#4133,#4134,#4136));
#4138=FACE_OUTER_BOUND('',#4137,.F.);
#4140=CARTESIAN_POINT('',(0.E0,5.291796067501E-1,0.E0));
#4141=DIRECTION('',(0.E0,1.E0,0.E0));
#4142=DIRECTION('',(-9.999844804206E-1,0.E0,5.571258198490E-3));
#4143=AXIS2_PLACEMENT_3D('',#4140,#4141,#4142);
#4144=TOROIDAL_SURFACE('',#4143,4.4E0,6.E-1);
#4145=ORIENTED_EDGE('',*,*,#4130,.T.);
#4146=ORIENTED_EDGE('',*,*,#4128,.T.);
#4148=ORIENTED_EDGE('',*,*,#4147,.F.);
#4150=ORIENTED_EDGE('',*,*,#4149,.T.);
#4152=ORIENTED_EDGE('',*,*,#4151,.T.);
#4154=ORIENTED_EDGE('',*,*,#4153,.T.);
#4155=EDGE_LOOP('',(#4145,#4146,#4148,#4150,#4152,#4154));
#4156=FACE_OUTER_BOUND('',#4155,.F.);
#4158=CARTESIAN_POINT('',(0.E0,5.291796067501E-1,0.E0));
#4159=DIRECTION('',(0.E0,1.E0,0.E0));
#4160=DIRECTION('',(9.999844804206E-1,0.E0,-5.571258198490E-3));
#4161=AXIS2_PLACEMENT_3D('',#4158,#4159,#4160);
#4162=TOROIDAL_SURFACE('',#4161,4.4E0,6.E-1);
#4164=ORIENTED_EDGE('',*,*,#4163,.T.);
#4166=ORIENTED_EDGE('',*,*,#4165,.T.);
#4167=ORIENTED_EDGE('',*,*,#4153,.F.);
#4169=ORIENTED_EDGE('',*,*,#4168,.T.);
#4171=ORIENTED_EDGE('',*,*,#4170,.T.);
#4172=ORIENTED_EDGE('',*,*,#4147,.T.);
#4173=EDGE_LOOP('',(#4164,#4166,#4167,#4169,#4171,#4172));
#4174=FACE_OUTER_BOUND('',#4173,.F.);
#4176=CARTESIAN_POINT('',(0.E0,0.E0,0.E0));
#4177=DIRECTION('',(0.E0,1.E0,0.E0));
#4178=DIRECTION('',(1.E0,0.E0,0.E0));
#4179=AXIS2_PLACEMENT_3D('',#4176,#4177,#4178);
#4180=CYLINDRICAL_SURFACE('',#4179,5.E0);
#4181=ORIENTED_EDGE('',*,*,#4165,.F.);
#4182=ORIENTED_EDGE('',*,*,#4163,.F.);
#4183=ORIENTED_EDGE('',*,*,#4135,.T.);
#4184=ORIENTED_EDGE('',*,*,#4118,.F.);
#4185=ORIENTED_EDGE('',*,*,#4132,.F.);
#4186=EDGE_LOOP('',(#4181,#4182,#4183,#4184,#4185));
#4187=FACE_OUTER_BOUND('',#4186,.F.);
#4189=CARTESIAN_POINT('',(0.E0,1.2E0,0.E0));
#4190=DIRECTION('',(0.E0,-1.E0,0.E0));
#4191=DIRECTION('',(-1.E0,0.E0,0.E0));
#4192=AXIS2_PLACEMENT_3D('',#4189,#4190,#4191);
#4193=TOROIDAL_SURFACE('',#4192,5.E0,3.E-1);
#4195=ORIENTED_EDGE('',*,*,#4194,.F.);
#4197=ORIENTED_EDGE('',*,*,#4196,.F.);
#4199=ORIENTED_EDGE('',*,*,#4198,.T.);
#4201=ORIENTED_EDGE('',*,*,#4200,.T.);
#4202=ORIENTED_EDGE('',*,*,#4170,.F.);
#4203=ORIENTED_EDGE('',*,*,#4168,.F.);
#4205=ORIENTED_EDGE('',*,*,#4204,.F.);
#4207=ORIENTED_EDGE('',*,*,#4206,.F.);
#4208=EDGE_LOOP('',(#4195,#4197,#4199,#4201,#4202,#4203,#4205,#4207));
#4209=FACE_OUTER_BOUND('',#4208,.F.);
#4211=CARTESIAN_POINT('',(0.E0,1.870820393250E0,0.E0));
#4212=DIRECTION('',(0.E0,1.E0,0.E0));
#4213=DIRECTION('',(-9.999815554023E-1,0.E0,-6.073619605455E-3));
#4214=AXIS2_PLACEMENT_3D('',#4211,#4212,#4213);
#4215=TOROIDAL_SURFACE('',#4214,4.4E0,6.E-1);
#4217=ORIENTED_EDGE('',*,*,#4216,.T.);
#4219=ORIENTED_EDGE('',*,*,#4218,.T.);
#4221=ORIENTED_EDGE('',*,*,#4220,.F.);
#4222=ORIENTED_EDGE('',*,*,#4196,.T.);
#4223=ORIENTED_EDGE('',*,*,#4194,.T.);
#4225=ORIENTED_EDGE('',*,*,#4224,.T.);
#4226=EDGE_LOOP('',(#4217,#4219,#4221,#4222,#4223,#4225));
#4227=FACE_OUTER_BOUND('',#4226,.F.);
#4229=CARTESIAN_POINT('',(0.E0,0.E0,0.E0));
#4230=DIRECTION('',(0.E0,1.E0,0.E0));
#4231=DIRECTION('',(1.E0,0.E0,0.E0));
#4232=AXIS2_PLACEMENT_3D('',#4229,#4230,#4231);
#4233=CYLINDRICAL_SURFACE('',#4232,5.E0);
#4234=ORIENTED_EDGE('',*,*,#4218,.F.);
#4235=ORIENTED_EDGE('',*,*,#4216,.F.);
#4237=ORIENTED_EDGE('',*,*,#4236,.F.);
#4239=ORIENTED_EDGE('',*,*,#4238,.F.);
#4241=ORIENTED_EDGE('',*,*,#4240,.F.);
#4243=ORIENTED_EDGE('',*,*,#4242,.T.);
#4244=EDGE_LOOP('',(#4234,#4235,#4237,#4239,#4241,#4243));
#4245=FACE_OUTER_BOUND('',#4244,.F.);
#4247=CARTESIAN_POINT('',(0.E0,0.E0,0.E0));
#4248=DIRECTION('',(0.E0,1.E0,0.E0));
#4249=DIRECTION('',(1.E0,0.E0,0.E0));
#4250=AXIS2_PLACEMENT_3D('',#4247,#4248,#4249);
#4251=CYLINDRICAL_SURFACE('',#4250,5.E0);
#4253=ORIENTED_EDGE('',*,*,#4252,.F.);
#4255=ORIENTED_EDGE('',*,*,#4254,.F.);
#4256=ORIENTED_EDGE('',*,*,#4242,.F.);
#4258=ORIENTED_EDGE('',*,*,#4257,.F.);
#4260=ORIENTED_EDGE('',*,*,#4259,.F.);
#4261=ORIENTED_EDGE('',*,*,#4236,.T.);
#4262=EDGE_LOOP('',(#4253,#4255,#4256,#4258,#4260,#4261));
#4263=FACE_OUTER_BOUND('',#4262,.F.);
#4265=CARTESIAN_POINT('',(0.E0,1.870820393250E0,0.E0));
#4266=DIRECTION('',(0.E0,1.E0,0.E0));
#4267=DIRECTION('',(9.999815554023E-1,0.E0,6.073619605455E-3));
#4268=AXIS2_PLACEMENT_3D('',#4265,#4266,#4267);
#4269=TOROIDAL_SURFACE('',#4268,4.4E0,6.E-1);
#4270=ORIENTED_EDGE('',*,*,#4254,.T.);
#4271=ORIENTED_EDGE('',*,*,#4252,.T.);
#4272=ORIENTED_EDGE('',*,*,#4224,.F.);
#4274=ORIENTED_EDGE('',*,*,#4273,.T.);
#4276=ORIENTED_EDGE('',*,*,#4275,.T.);
#4277=ORIENTED_EDGE('',*,*,#4220,.T.);
#4278=EDGE_LOOP('',(#4270,#4271,#4272,#4274,#4276,#4277));
#4279=FACE_OUTER_BOUND('',#4278,.F.);
#4281=CARTESIAN_POINT('',(0.E0,1.2E0,0.E0));
#4282=DIRECTION('',(0.E0,-1.E0,0.E0));
#4283=DIRECTION('',(-1.E0,0.E0,0.E0));
#4284=AXIS2_PLACEMENT_3D('',#4281,#4282,#4283);
#4285=TOROIDAL_SURFACE('',#4284,5.E0,3.E-1);
#4286=ORIENTED_EDGE('',*,*,#4275,.F.);
#4287=ORIENTED_EDGE('',*,*,#4273,.F.);
#4288=ORIENTED_EDGE('',*,*,#4206,.T.);
#4289=ORIENTED_EDGE('',*,*,#4204,.T.);
#4290=ORIENTED_EDGE('',*,*,#4151,.F.);
#4291=ORIENTED_EDGE('',*,*,#4149,.F.);
#4292=ORIENTED_EDGE('',*,*,#4200,.F.);
#4293=ORIENTED_EDGE('',*,*,#4198,.F.);
#4294=EDGE_LOOP('',(#4286,#4287,#4288,#4289,#4290,#4291,#4292,#4293));
#4295=FACE_OUTER_BOUND('',#4294,.F.);
#4297=CARTESIAN_POINT('',(0.E0,1.2328788E1,0.E0));
#4298=DIRECTION('',(0.E0,1.E0,0.E0));
#4299=DIRECTION('',(-9.999844804206E-1,0.E0,5.571258198490E-3));
#4300=AXIS2_PLACEMENT_3D('',#4297,#4298,#4299);
#4301=TOROIDAL_SURFACE('',#4300,4.878788E0,1.21212E-1);
#4302=ORIENTED_EDGE('',*,*,#4259,.T.);
#4303=ORIENTED_EDGE('',*,*,#4257,.T.);
#4305=ORIENTED_EDGE('',*,*,#4304,.F.);
#4307=ORIENTED_EDGE('',*,*,#4306,.T.);
#4309=ORIENTED_EDGE('',*,*,#4308,.F.);
#4311=ORIENTED_EDGE('',*,*,#4310,.T.);
#4312=EDGE_LOOP('',(#4302,#4303,#4305,#4307,#4309,#4311));
#4313=FACE_OUTER_BOUND('',#4312,.F.);
#4315=CARTESIAN_POINT('',(0.E0,1.2328788E1,0.E0));
#4316=DIRECTION('',(0.E0,1.E0,0.E0));
#4317=DIRECTION('',(9.999844804206E-1,0.E0,-5.571258198490E-3));
#4318=AXIS2_PLACEMENT_3D('',#4315,#4316,#4317);
#4319=TOROIDAL_SURFACE('',#4318,4.878788E0,1.21212E-1);
#4320=ORIENTED_EDGE('',*,*,#4240,.T.);
#4321=ORIENTED_EDGE('',*,*,#4238,.T.);
#4322=ORIENTED_EDGE('',*,*,#4310,.F.);
#4324=ORIENTED_EDGE('',*,*,#4323,.T.);
#4326=ORIENTED_EDGE('',*,*,#4325,.F.);
#4327=ORIENTED_EDGE('',*,*,#4304,.T.);
#4328=EDGE_LOOP('',(#4320,#4321,#4322,#4324,#4326,#4327));
#4329=FACE_OUTER_BOUND('',#4328,.F.);
#4331=CARTESIAN_POINT('',(0.E0,1.245E1,0.E0));
#4332=DIRECTION('',(0.E0,1.E0,0.E0));
#4333=DIRECTION('',(1.E0,0.E0,0.E0));
#4334=AXIS2_PLACEMENT_3D('',#4331,#4332,#4333);
#4335=PLANE('',#4334);
#4336=ORIENTED_EDGE('',*,*,#4308,.T.);
#4337=ORIENTED_EDGE('',*,*,#4306,.F.);
#4338=ORIENTED_EDGE('',*,*,#4325,.T.);
#4339=ORIENTED_EDGE('',*,*,#4323,.F.);
#4340=EDGE_LOOP('',(#4336,#4337,#4338,#4339));
#4341=FACE_OUTER_BOUND('',#4340,.F.);
#4343=ORIENTED_EDGE('',*,*,#4342,.F.);
#4345=ORIENTED_EDGE('',*,*,#4344,.T.);
#4347=ORIENTED_EDGE('',*,*,#4346,.T.);
#4349=ORIENTED_EDGE('',*,*,#4348,.T.);
#4351=ORIENTED_EDGE('',*,*,#4350,.T.);
#4353=ORIENTED_EDGE('',*,*,#4352,.T.);
#4355=ORIENTED_EDGE('',*,*,#4354,.T.);
#4357=ORIENTED_EDGE('',*,*,#4356,.F.);
#4359=ORIENTED_EDGE('',*,*,#4358,.F.);
#4360=EDGE_LOOP('',(#4343,#4345,#4347,#4349,#4351,#4353,#4355,#4357,#4359));
#4361=FACE_BOUND('',#4360,.F.);
#4363=CARTESIAN_POINT('',(4.E0,1.245E1,-2.999999999999E-2));
#4364=DIRECTION('',(0.E0,0.E0,-1.E0));
#4365=DIRECTION('',(-1.E0,0.E0,0.E0));
#4366=AXIS2_PLACEMENT_3D('',#4363,#4364,#4365);
#4367=PLANE('',#4366);
#4368=ORIENTED_EDGE('',*,*,#4342,.T.);
#4370=ORIENTED_EDGE('',*,*,#4369,.F.);
#4372=ORIENTED_EDGE('',*,*,#4371,.F.);
#4374=ORIENTED_EDGE('',*,*,#4373,.T.);
#4375=EDGE_LOOP('',(#4368,#4370,#4372,#4374));
#4376=FACE_OUTER_BOUND('',#4375,.F.);
#4378=CARTESIAN_POINT('',(4.E0,1.245E1,5.000000000001E-2));
#4379=DIRECTION('',(1.E0,0.E0,0.E0));
#4380=DIRECTION('',(0.E0,0.E0,-1.E0));
#4381=AXIS2_PLACEMENT_3D('',#4378,#4379,#4380);
#4382=PLANE('',#4381);
#4383=ORIENTED_EDGE('',*,*,#4358,.T.);
#4385=ORIENTED_EDGE('',*,*,#4384,.F.);
#4387=ORIENTED_EDGE('',*,*,#4386,.F.);
#4388=ORIENTED_EDGE('',*,*,#4369,.T.);
#4389=EDGE_LOOP('',(#4383,#4385,#4387,#4388));
#4390=FACE_OUTER_BOUND('',#4389,.F.);
#4392=CARTESIAN_POINT('',(0.E0,1.245E1,5.000000000001E-2));
#4393=DIRECTION('',(0.E0,0.E0,1.E0));
#4394=DIRECTION('',(1.E0,0.E0,0.E0));
#4395=AXIS2_PLACEMENT_3D('',#4392,#4393,#4394);
#4396=PLANE('',#4395);
#4397=ORIENTED_EDGE('',*,*,#4356,.T.);
#4399=ORIENTED_EDGE('',*,*,#4398,.F.);
#4401=ORIENTED_EDGE('',*,*,#4400,.F.);
#4402=ORIENTED_EDGE('',*,*,#4384,.T.);
#4403=EDGE_LOOP('',(#4397,#4399,#4401,#4402));
#4404=FACE_OUTER_BOUND('',#4403,.F.);
#4406=CARTESIAN_POINT('',(-2.034738282681E0,1.245E1,3.710620947239E0));
#4407=DIRECTION('',(8.740498099792E-1,0.E0,4.858363198396E-1));
#4408=DIRECTION('',(4.858363198396E-1,0.E0,-8.740498099792E-1));
#4409=AXIS2_PLACEMENT_3D('',#4406,#4407,#4408);
#4410=PLANE('',#4409);
#4411=ORIENTED_EDGE('',*,*,#4354,.F.);
#4413=ORIENTED_EDGE('',*,*,#4412,.F.);
#4415=ORIENTED_EDGE('',*,*,#4414,.F.);
#4416=ORIENTED_EDGE('',*,*,#4398,.T.);
#4417=EDGE_LOOP('',(#4411,#4413,#4415,#4416));
#4418=FACE_OUTER_BOUND('',#4417,.F.);
#4420=CARTESIAN_POINT('',(-2.114310695712E0,1.245E1,3.660851836849E0));
#4421=DIRECTION('',(-5.302774366055E-1,0.E0,8.478241800203E-1));
#4422=DIRECTION('',(8.478241800203E-1,0.E0,5.302774366055E-1));
#4423=AXIS2_PLACEMENT_3D('',#4420,#4421,#4422);
#4424=PLANE('',#4423);
#4425=ORIENTED_EDGE('',*,*,#4352,.F.);
#4427=ORIENTED_EDGE('',*,*,#4426,.F.);
#4429=ORIENTED_EDGE('',*,*,#4428,.F.);
#4430=ORIENTED_EDGE('',*,*,#4412,.T.);
#4431=EDGE_LOOP('',(#4425,#4427,#4429,#4430));
#4432=FACE_OUTER_BOUND('',#4431,.F.);
#4434=CARTESIAN_POINT('',(-4.999999999999E-2,1.245E1,0.E0));
#4435=DIRECTION('',(-8.710584074327E-1,0.E0,-4.911794487158E-1));
#4436=DIRECTION('',(-4.911794487158E-1,0.E0,8.710584074327E-1));
#4437=AXIS2_PLACEMENT_3D('',#4434,#4435,#4436);
#4438=PLANE('',#4437);
#4439=ORIENTED_EDGE('',*,*,#4350,.F.);
#4441=ORIENTED_EDGE('',*,*,#4440,.F.);
#4443=ORIENTED_EDGE('',*,*,#4442,.F.);
#4444=ORIENTED_EDGE('',*,*,#4426,.T.);
#4445=EDGE_LOOP('',(#4439,#4441,#4443,#4444));
#4446=FACE_OUTER_BOUND('',#4445,.F.);
#4448=CARTESIAN_POINT('',(-2.430525793499E0,1.245E1,-3.609162493002E0));
#4449=DIRECTION('',(-8.347711523809E-1,0.E0,5.505970606102E-1));
#4450=DIRECTION('',(5.505970606102E-1,0.E0,8.347711523809E-1));
#4451=AXIS2_PLACEMENT_3D('',#4448,#4449,#4450);
#4452=PLANE('',#4451);
#4453=ORIENTED_EDGE('',*,*,#4348,.F.);
#4455=ORIENTED_EDGE('',*,*,#4454,.F.);
#4457=ORIENTED_EDGE('',*,*,#4456,.F.);
#4458=ORIENTED_EDGE('',*,*,#4440,.T.);
#4459=EDGE_LOOP('',(#4453,#4455,#4457,#4458));
#4460=FACE_OUTER_BOUND('',#4459,.F.);
#4462=CARTESIAN_POINT('',(-2.359399458684E0,1.245E1,-3.656075890487E0));
#4463=DIRECTION('',(-5.505970606102E-1,0.E0,-8.347711523809E-1));
#4464=DIRECTION('',(-8.347711523809E-1,0.E0,5.505970606102E-1));
#4465=AXIS2_PLACEMENT_3D('',#4462,#4463,#4464);
#4466=PLANE('',#4465);
#4467=ORIENTED_EDGE('',*,*,#4346,.F.);
#4469=ORIENTED_EDGE('',*,*,#4468,.F.);
#4471=ORIENTED_EDGE('',*,*,#4470,.F.);
#4472=ORIENTED_EDGE('',*,*,#4454,.T.);
#4473=EDGE_LOOP('',(#4467,#4469,#4471,#4472));
#4474=FACE_OUTER_BOUND('',#4473,.F.);
#4476=CARTESIAN_POINT('',(0.E0,1.245E1,-2.999999999999E-2));
#4477=DIRECTION('',(8.381847284622E-1,0.E0,-5.453864326996E-1));
#4478=DIRECTION('',(-5.453864326996E-1,0.E0,-8.381847284622E-1));
#4479=AXIS2_PLACEMENT_3D('',#4476,#4477,#4478);
#4480=PLANE('',#4479);
#4481=ORIENTED_EDGE('',*,*,#4344,.F.);
#4482=ORIENTED_EDGE('',*,*,#4373,.F.);
#4484=ORIENTED_EDGE('',*,*,#4483,.F.);
#4485=ORIENTED_EDGE('',*,*,#4468,.T.);
#4486=EDGE_LOOP('',(#4481,#4482,#4484,#4485));
#4487=FACE_OUTER_BOUND('',#4486,.F.);
#4489=CARTESIAN_POINT('',(0.E0,1.244E1,0.E0));
#4490=DIRECTION('',(0.E0,1.E0,0.E0));
#4491=DIRECTION('',(0.E0,0.E0,1.E0));
#4492=AXIS2_PLACEMENT_3D('',#4489,#4490,#4491);
#4493=PLANE('',#4492);
#4494=ORIENTED_EDGE('',*,*,#4371,.T.);
#4495=ORIENTED_EDGE('',*,*,#4386,.T.);
#4496=ORIENTED_EDGE('',*,*,#4400,.T.);
#4497=ORIENTED_EDGE('',*,*,#4414,.T.);
#4498=ORIENTED_EDGE('',*,*,#4428,.T.);
#4499=ORIENTED_EDGE('',*,*,#4442,.T.);
#4500=ORIENTED_EDGE('',*,*,#4456,.T.);
#4501=ORIENTED_EDGE('',*,*,#4470,.T.);
#4502=ORIENTED_EDGE('',*,*,#4483,.T.);
#4503=EDGE_LOOP('',(#4494,#4495,#4496,#4497,#4498,#4499,#4500,#4501,#4502));
#4504=FACE_OUTER_BOUND('',#4503,.F.);
#4506=FILL_AREA_STYLE_COLOUR('',#6);
#4507=FILL_AREA_STYLE('',(#4506));
#4508=SURFACE_STYLE_FILL_AREA(#4507);
#4509=SURFACE_SIDE_STYLE('',(#4508));
#4510=SURFACE_STYLE_USAGE(.BOTH.,#4509);
#4511=PRESENTATION_STYLE_ASSIGNMENT((#4510));
#4512=OVER_RIDING_STYLED_ITEM('',(#4511),#4505,#3513);
#4513=CLOSED_SHELL('',(#4122,#4139,#4157,#4175,#4188,#4210,#4228,#4246,#4264,
#4280,#4296,#4314,#4330,#4362,#4377,#4391,#4405,#4419,#4433,#4447,#4461,#4475,
#4488,#4505));
#4514=MANIFOLD_SOLID_BREP('',#4513);
#4515=FILL_AREA_STYLE_COLOUR('',#15);
#4516=FILL_AREA_STYLE('',(#4515));
#4517=SURFACE_STYLE_FILL_AREA(#4516);
#4518=SURFACE_SIDE_STYLE('',(#4517));
#4519=SURFACE_STYLE_USAGE(.BOTH.,#4518);
#4520=PRESENTATION_STYLE_ASSIGNMENT((#4519));
#3513=STYLED_ITEM('',(#4520),#4514);
#4523=PLANE_ANGLE_MEASURE_WITH_UNIT(PLANE_ANGLE_MEASURE(1.745329251994E-2),
#4522);
#4524=(CONVERSION_BASED_UNIT('DEGREE',#4523)NAMED_UNIT(*)PLANE_ANGLE_UNIT());
#4526=UNCERTAINTY_MEASURE_WITH_UNIT(LENGTH_MEASURE(1.884075636401E-3),#4521,
'distance_accuracy_value',
'Maximum model space distance between geometric entities at asserted connectivities');
#4528=CARTESIAN_POINT('',(0.E0,0.E0,0.E0));
#4529=DIRECTION('',(0.E0,0.E0,1.E0));
#4530=DIRECTION('',(1.E0,0.E0,0.E0));
#4533=PRODUCT_DEFINITION_CONTEXT('part definition',#2637,'design');
#4534=PRODUCT_CONTEXT('',#2637,'mechanical');
#4535=PRODUCT('_000_69','_000_69','NOT SPECIFIED',(#4534));
#4536=PRODUCT_DEFINITION_FORMATION('1','LAST_VERSION',#4535);
#4544=DERIVED_UNIT_ELEMENT(#4543,2.E0);
#4545=DERIVED_UNIT((#4544));
#4546=MEASURE_REPRESENTATION_ITEM('surface area measure',AREA_MEASURE(
5.509564288503E2),#4545);
#4551=DERIVED_UNIT_ELEMENT(#4550,3.E0);
#4552=DERIVED_UNIT((#4551));
#4553=MEASURE_REPRESENTATION_ITEM('volume measure',VOLUME_MEASURE(
9.723250043328E2),#4552);
#4557=CARTESIAN_POINT('centre point',(1.369224301211E-6,6.252152465011E0,
-6.671973962515E-7));
#4562=DERIVED_UNIT_ELEMENT(#4561,2.E0);
#4563=DERIVED_UNIT((#4562));
#4564=MEASURE_REPRESENTATION_ITEM('surface area measure',AREA_MEASURE(
5.509564288503E2),#4563);
#4569=DERIVED_UNIT_ELEMENT(#4568,3.E0);
#4570=DERIVED_UNIT((#4569));
#4571=MEASURE_REPRESENTATION_ITEM('volume measure',VOLUME_MEASURE(
9.723250043328E2),#4570);
#4575=CARTESIAN_POINT('centre point',(1.369224301211E-6,6.252152465011E0,
-6.671973962515E-7));
#4582=CARTESIAN_POINT('centre point',(6.821319173117E0,5.149998630776E0,
-5.800000667197E0));
#4586=CARTESIAN_POINT('',(5.691667081060E-1,5.15E0,-5.8E0));
#4587=DIRECTION('',(0.E0,0.E0,1.E0));
#4588=DIRECTION('',(0.E0,-1.E0,0.E0));
#4589=AXIS2_PLACEMENT_3D('',#4586,#4587,#4588);
#4590=ITEM_DEFINED_TRANSFORMATION('','',#4531,#4589);
#4591=CARTESIAN_POINT('',(0.E0,0.E0,0.E0));
#4592=DIRECTION('',(0.E0,0.E0,1.E0));
#4593=DIRECTION('',(1.E0,0.E0,0.E0));
#4595=(REPRESENTATION_RELATIONSHIP('','',#4532,#3495)REPRESENTATION_RELATIONSHIP_WITH_TRANSFORMATION(#4590)SHAPE_REPRESENTATION_RELATIONSHIP());
#4596=CONTEXT_DEPENDENT_SHAPE_REPRESENTATION(#4595,#4581);
#4599=CARTESIAN_POINT('',(0.E0,0.E0,0.E0));
#4600=DIRECTION('',(0.E0,1.E0,0.E0));
#4601=DIRECTION('',(-2.511540962416E-1,0.E0,9.679471162936E-1));
#4602=AXIS2_PLACEMENT_3D('',#4599,#4600,#4601);
#4604=CURVE_STYLE('',#22,POSITIVE_LENGTH_MEASURE(2.E-2),#15);
#4605=PRESENTATION_STYLE_ASSIGNMENT((#4604));
#4606=STYLED_ITEM('',(#4605),#4603);
#4607=CARTESIAN_POINT('',(0.E0,0.E0,0.E0));
#4608=DIRECTION('',(0.E0,-1.E0,0.E0));
#4609=DIRECTION('',(2.514052503354E-1,0.E0,9.678819143386E-1));
#4610=AXIS2_PLACEMENT_3D('',#4607,#4608,#4609);
#4612=CURVE_STYLE('',#22,POSITIVE_LENGTH_MEASURE(2.E-2),#15);
#4613=PRESENTATION_STYLE_ASSIGNMENT((#4612));
#4614=STYLED_ITEM('',(#4613),#4611);
#4615=DIRECTION('',(0.E0,1.E0,0.E0));
#4616=VECTOR('',#4615,1.05E1);
#4617=CARTESIAN_POINT('',(-1.257026251689E0,0.E0,4.844575317049E0));
#4618=LINE('',#4617,#4616);
#4619=CURVE_STYLE('',#22,POSITIVE_LENGTH_MEASURE(2.E-2),#15);
#4620=PRESENTATION_STYLE_ASSIGNMENT((#4619));
#4621=STYLED_ITEM('',(#4620),#4618);
#4622=DIRECTION('',(0.E0,-1.E0,0.E0));
#4623=VECTOR('',#4622,1.05E1);
#4624=CARTESIAN_POINT('',(1.257026251677E0,1.05E1,4.844575317052E0));
#4625=LINE('',#4624,#4623);
#4626=CURVE_STYLE('',#22,POSITIVE_LENGTH_MEASURE(2.E-2),#15);
#4627=PRESENTATION_STYLE_ASSIGNMENT((#4626));
#4628=STYLED_ITEM('',(#4627),#4625);
#4629=DIRECTION('',(7.178334672602E-12,0.E0,-1.E0));
#4630=VECTOR('',#4629,5.165745359298E-3);
#4631=CARTESIAN_POINT('',(-1.257026251689E0,0.E0,4.844575317049E0));
#4632=LINE('',#4631,#4630);
#4633=CURVE_STYLE('',#22,POSITIVE_LENGTH_MEASURE(2.E-2),#15);
#4634=PRESENTATION_STYLE_ASSIGNMENT((#4633));
#4635=STYLED_ITEM('',(#4634),#4632);
#4636=DIRECTION('',(0.E0,1.E0,0.E0));
#4637=VECTOR('',#4636,1.05E1);
#4638=CARTESIAN_POINT('',(1.257026251677E0,0.E0,4.839409571693E0));
#4639=LINE('',#4638,#4637);
#4640=CURVE_STYLE('',#22,POSITIVE_LENGTH_MEASURE(2.E-2),#15);
#4641=PRESENTATION_STYLE_ASSIGNMENT((#4640));
#4642=STYLED_ITEM('',(#4641),#4639);
#4643=DIRECTION('',(0.E0,-1.E0,0.E0));
#4644=VECTOR('',#4643,1.05E1);
#4645=CARTESIAN_POINT('',(-1.257026251689E0,1.05E1,4.839409571690E0));
#4646=LINE('',#4645,#4644);
#4647=CURVE_STYLE('',#22,POSITIVE_LENGTH_MEASURE(2.E-2),#15);
#4648=PRESENTATION_STYLE_ASSIGNMENT((#4647));
#4649=STYLED_ITEM('',(#4648),#4646);
#4650=DIRECTION('',(6.877446392915E-12,0.E0,1.E0));
#4651=VECTOR('',#4650,5.165745359296E-3);
#4652=CARTESIAN_POINT('',(1.257026251677E0,0.E0,4.839409571693E0));
#4653=LINE('',#4652,#4651);
#4654=CURVE_STYLE('',#22,POSITIVE_LENGTH_MEASURE(2.E-2),#15);
#4655=PRESENTATION_STYLE_ASSIGNMENT((#4654));
#4656=STYLED_ITEM('',(#4655),#4653);
#4657=CARTESIAN_POINT('',(0.E0,1.05E1,0.E0));
#4658=DIRECTION('',(0.E0,-1.E0,0.E0));
#4659=DIRECTION('',(2.511540962392E-1,0.E0,9.679471162942E-1));
#4660=AXIS2_PLACEMENT_3D('',#4657,#4658,#4659);
#4662=CURVE_STYLE('',#22,POSITIVE_LENGTH_MEASURE(2.E-2),#15);
#4663=PRESENTATION_STYLE_ASSIGNMENT((#4662));
#4664=STYLED_ITEM('',(#4663),#4661);
#4665=DIRECTION('',(7.178334672601E-12,0.E0,-1.E0));
#4666=VECTOR('',#4665,5.165745359299E-3);
#4667=CARTESIAN_POINT('',(-1.257026251689E0,1.05E1,4.844575317049E0));
#4668=LINE('',#4667,#4666);
#4669=CURVE_STYLE('',#22,POSITIVE_LENGTH_MEASURE(2.E-2),#15);
#4670=PRESENTATION_STYLE_ASSIGNMENT((#4669));
#4671=STYLED_ITEM('',(#4670),#4668);
#4672=CARTESIAN_POINT('',(0.E0,1.05E1,0.E0));
#4673=DIRECTION('',(0.E0,1.E0,0.E0));
#4674=DIRECTION('',(-2.514052503378E-1,0.E0,9.678819143380E-1));
#4675=AXIS2_PLACEMENT_3D('',#4672,#4673,#4674);
#4677=CURVE_STYLE('',#22,POSITIVE_LENGTH_MEASURE(2.E-2),#15);
#4678=PRESENTATION_STYLE_ASSIGNMENT((#4677));
#4679=STYLED_ITEM('',(#4678),#4676);
#4680=DIRECTION('',(6.877446392915E-12,0.E0,1.E0));
#4681=VECTOR('',#4680,5.165745359296E-3);
#4682=CARTESIAN_POINT('',(1.257026251677E0,1.05E1,4.839409571693E0));
#4683=LINE('',#4682,#4681);
#4684=CURVE_STYLE('',#22,POSITIVE_LENGTH_MEASURE(2.E-2),#15);
#4685=PRESENTATION_STYLE_ASSIGNMENT((#4684));
#4686=STYLED_ITEM('',(#4685),#4683);
#4687=CARTESIAN_POINT('',(-1.257026251689E0,0.E0,4.844575317049E0));
#4688=CARTESIAN_POINT('',(1.257026251677E0,0.E0,4.844575317053E0));
#4689=VERTEX_POINT('',#4687);
#4690=VERTEX_POINT('',#4688);
#4691=CARTESIAN_POINT('',(1.257026251677E0,0.E0,4.839409571693E0));
#4692=VERTEX_POINT('',#4691);
#4693=CARTESIAN_POINT('',(-1.257026251689E0,0.E0,4.839409571690E0));
#4694=VERTEX_POINT('',#4693);
#4695=CARTESIAN_POINT('',(-1.257026251689E0,1.05E1,4.844575317049E0));
#4696=VERTEX_POINT('',#4695);
#4697=CARTESIAN_POINT('',(1.257026251677E0,1.05E1,4.844575317053E0));
#4698=VERTEX_POINT('',#4697);
#4699=CARTESIAN_POINT('',(-1.257026251689E0,1.05E1,4.839409571690E0));
#4700=VERTEX_POINT('',#4699);
#4701=CARTESIAN_POINT('',(1.257026251677E0,1.05E1,4.839409571693E0));
#4702=VERTEX_POINT('',#4701);
#4703=CARTESIAN_POINT('',(0.E0,0.E0,0.E0));
#4704=DIRECTION('',(0.E0,1.E0,0.E0));
#4705=DIRECTION('',(1.E0,0.E0,0.E0));
#4706=AXIS2_PLACEMENT_3D('',#4703,#4704,#4705);
#4707=PLANE('',#4706);
#4709=ORIENTED_EDGE('',*,*,#4708,.T.);
#4711=ORIENTED_EDGE('',*,*,#4710,.F.);
#4713=ORIENTED_EDGE('',*,*,#4712,.T.);
#4715=ORIENTED_EDGE('',*,*,#4714,.F.);
#4716=EDGE_LOOP('',(#4709,#4711,#4713,#4715));
#4717=FACE_OUTER_BOUND('',#4716,.F.);
#4719=CARTESIAN_POINT('',(0.E0,0.E0,0.E0));
#4720=DIRECTION('',(0.E0,1.E0,0.E0));
#4721=DIRECTION('',(1.E0,0.E0,0.E0));
#4722=AXIS2_PLACEMENT_3D('',#4719,#4720,#4721);
#4723=CYLINDRICAL_SURFACE('',#4722,5.005E0);
#4724=ORIENTED_EDGE('',*,*,#4708,.F.);
#4726=ORIENTED_EDGE('',*,*,#4725,.T.);
#4728=ORIENTED_EDGE('',*,*,#4727,.F.);
#4730=ORIENTED_EDGE('',*,*,#4729,.T.);
#4731=EDGE_LOOP('',(#4724,#4726,#4728,#4730));
#4732=FACE_OUTER_BOUND('',#4731,.F.);
#4734=FILL_AREA_STYLE_COLOUR('',#4597);
#4735=FILL_AREA_STYLE('',(#4734));
#4736=SURFACE_STYLE_FILL_AREA(#4735);
#4737=SURFACE_SIDE_STYLE('',(#4736));
#4738=SURFACE_STYLE_USAGE(.POSITIVE.,#4737);
#4739=FILL_AREA_STYLE_COLOUR('',#15);
#4740=FILL_AREA_STYLE('',(#4739));
#4741=SURFACE_STYLE_FILL_AREA(#4740);
#4742=SURFACE_SIDE_STYLE('',(#4741));
#4743=SURFACE_STYLE_USAGE(.NEGATIVE.,#4742);
#4744=PRESENTATION_STYLE_ASSIGNMENT((#4738,#4743));
#4745=OVER_RIDING_STYLED_ITEM('',(#4744),#4733,#4598);
#4746=CARTESIAN_POINT('',(-1.257026251689E0,0.E0,4.839409571690E0));
#4747=DIRECTION('',(-1.E0,0.E0,0.E0));
#4748=DIRECTION('',(0.E0,0.E0,1.E0));
#4749=AXIS2_PLACEMENT_3D('',#4746,#4747,#4748);
#4750=PLANE('',#4749);
#4751=ORIENTED_EDGE('',*,*,#4714,.T.);
#4753=ORIENTED_EDGE('',*,*,#4752,.F.);
#4755=ORIENTED_EDGE('',*,*,#4754,.F.);
#4756=ORIENTED_EDGE('',*,*,#4725,.F.);
#4757=EDGE_LOOP('',(#4751,#4753,#4755,#4756));
#4758=FACE_OUTER_BOUND('',#4757,.F.);
#4760=CARTESIAN_POINT('',(0.E0,0.E0,0.E0));
#4761=DIRECTION('',(0.E0,1.E0,0.E0));
#4762=DIRECTION('',(1.E0,0.E0,0.E0));
#4763=AXIS2_PLACEMENT_3D('',#4760,#4761,#4762);
#4764=CYLINDRICAL_SURFACE('',#4763,5.E0);
#4765=ORIENTED_EDGE('',*,*,#4712,.F.);
#4767=ORIENTED_EDGE('',*,*,#4766,.T.);
#4769=ORIENTED_EDGE('',*,*,#4768,.F.);
#4770=ORIENTED_EDGE('',*,*,#4752,.T.);
#4771=EDGE_LOOP('',(#4765,#4767,#4769,#4770));
#4772=FACE_OUTER_BOUND('',#4771,.F.);
#4774=CARTESIAN_POINT('',(1.257026251677E0,0.E0,4.844575317052E0));
#4775=DIRECTION('',(1.E0,0.E0,0.E0));
#4776=DIRECTION('',(0.E0,0.E0,-1.E0));
#4777=AXIS2_PLACEMENT_3D('',#4774,#4775,#4776);
#4778=PLANE('',#4777);
#4779=ORIENTED_EDGE('',*,*,#4710,.T.);
#4780=ORIENTED_EDGE('',*,*,#4729,.F.);
#4782=ORIENTED_EDGE('',*,*,#4781,.F.);
#4783=ORIENTED_EDGE('',*,*,#4766,.F.);
#4784=EDGE_LOOP('',(#4779,#4780,#4782,#4783));
#4785=FACE_OUTER_BOUND('',#4784,.F.);
#4787=CARTESIAN_POINT('',(0.E0,1.05E1,0.E0));
#4788=DIRECTION('',(0.E0,1.E0,0.E0));
#4789=DIRECTION('',(1.E0,0.E0,0.E0));
#4790=AXIS2_PLACEMENT_3D('',#4787,#4788,#4789);
#4791=PLANE('',#4790);
#4792=ORIENTED_EDGE('',*,*,#4727,.T.);
#4793=ORIENTED_EDGE('',*,*,#4754,.T.);
#4794=ORIENTED_EDGE('',*,*,#4768,.T.);
#4795=ORIENTED_EDGE('',*,*,#4781,.T.);
#4796=EDGE_LOOP('',(#4792,#4793,#4794,#4795));
#4797=FACE_OUTER_BOUND('',#4796,.F.);
#4799=CLOSED_SHELL('',(#4718,#4733,#4759,#4773,#4786,#4798));
#4800=MANIFOLD_SOLID_BREP('',#4799);
#4801=FILL_AREA_STYLE_COLOUR('',#15);
#4802=FILL_AREA_STYLE('',(#4801));
#4803=SURFACE_STYLE_FILL_AREA(#4802);
#4804=SURFACE_SIDE_STYLE('',(#4803));
#4805=SURFACE_STYLE_USAGE(.BOTH.,#4804);
#4806=PRESENTATION_STYLE_ASSIGNMENT((#4805));
#4598=STYLED_ITEM('',(#4806),#4800);
#4809=PLANE_ANGLE_MEASURE_WITH_UNIT(PLANE_ANGLE_MEASURE(1.745329251994E-2),
#4808);
#4810=(CONVERSION_BASED_UNIT('DEGREE',#4809)NAMED_UNIT(*)PLANE_ANGLE_UNIT());
#4812=UNCERTAINTY_MEASURE_WITH_UNIT(LENGTH_MEASURE(1.079761791025E-3),#4807,
'distance_accuracy_value',
'Maximum model space distance between geometric entities at asserted connectivities');
#4814=CARTESIAN_POINT('',(0.E0,0.E0,0.E0));
#4815=DIRECTION('',(0.E0,0.E0,1.E0));
#4816=DIRECTION('',(1.E0,0.E0,0.E0));
#4819=PRODUCT_CONTEXT('',#2637,'mechanical');
#4820=PRODUCT('FJB_5','FJB_5','NOT SPECIFIED',(#4819));
#4821=PRODUCT_DEFINITION_FORMATION('1','LAST_VERSION',#4820);
#4829=DERIVED_UNIT_ELEMENT(#4828,2.E0);
#4830=DERIVED_UNIT((#4829));
#4831=MEASURE_REPRESENTATION_ITEM('surface area measure',AREA_MEASURE(
5.350099623676E1),#4830);
#4836=DERIVED_UNIT_ELEMENT(#4835,3.E0);
#4837=DERIVED_UNIT((#4836));
#4838=MEASURE_REPRESENTATION_ITEM('volume measure',VOLUME_MEASURE(
1.334177559274E-1),#4837);
#4842=CARTESIAN_POINT('centre point',(-8.250480257588E-12,5.25E0,
4.948882155304E0));
#4847=DERIVED_UNIT_ELEMENT(#4846,2.E0);
#4848=DERIVED_UNIT((#4847));
#4849=MEASURE_REPRESENTATION_ITEM('surface area measure',AREA_MEASURE(
5.350099623676E1),#4848);
#4854=DERIVED_UNIT_ELEMENT(#4853,3.E0);
#4855=DERIVED_UNIT((#4854));
#4856=MEASURE_REPRESENTATION_ITEM('volume measure',VOLUME_MEASURE(
1.334177559274E-1),#4855);
#4860=CARTESIAN_POINT('centre point',(-8.250480257588E-12,5.25E0,
4.948882155304E0));
#4867=CARTESIAN_POINT('centre point',(7.648148484957E0,5.232326274667E0,
-1.074819734566E1));
#4871=CARTESIAN_POINT('',(2.398148484957E0,5.15E0,-5.8E0));
#4872=DIRECTION('',(0.E0,1.663532735095E-2,-9.998616233679E-1));
#4873=DIRECTION('',(0.E0,9.998616233679E-1,1.663532735095E-2));
#4874=AXIS2_PLACEMENT_3D('',#4871,#4872,#4873);
#4875=ITEM_DEFINED_TRANSFORMATION('','',#4817,#4874);
#4876=CARTESIAN_POINT('',(0.E0,0.E0,0.E0));
#4877=DIRECTION('',(0.E0,0.E0,1.E0));
#4878=DIRECTION('',(1.E0,0.E0,0.E0));
#4880=(REPRESENTATION_RELATIONSHIP('','',#4818,#3495)REPRESENTATION_RELATIONSHIP_WITH_TRANSFORMATION(#4875)SHAPE_REPRESENTATION_RELATIONSHIP());
#4881=CONTEXT_DEPENDENT_SHAPE_REPRESENTATION(#4880,#4866);
#4883=CARTESIAN_POINT('',(-7.5E-3,0.E0,-5.7E-1));
#4884=DIRECTION('',(0.E0,1.E0,0.E0));
#4885=DIRECTION('',(0.E0,0.E0,-1.E0));
#4886=AXIS2_PLACEMENT_3D('',#4883,#4884,#4885);
#4888=CURVE_STYLE('',#22,POSITIVE_LENGTH_MEASURE(2.E-2),#15);
#4889=PRESENTATION_STYLE_ASSIGNMENT((#4888));
#4890=STYLED_ITEM('',(#4889),#4887);
#4891=CARTESIAN_POINT('',(-7.5E-3,0.E0,5.7E-1));
#4892=DIRECTION('',(0.E0,1.E0,0.E0));
#4893=DIRECTION('',(-1.E0,0.E0,0.E0));
#4894=AXIS2_PLACEMENT_3D('',#4891,#4892,#4893);
#4896=CURVE_STYLE('',#22,POSITIVE_LENGTH_MEASURE(2.E-2),#15);
#4897=PRESENTATION_STYLE_ASSIGNMENT((#4896));
#4898=STYLED_ITEM('',(#4897),#4895);
#4899=CARTESIAN_POINT('',(7.5E-3,0.E0,5.7E-1));
#4900=DIRECTION('',(0.E0,1.E0,0.E0));
#4901=DIRECTION('',(0.E0,0.E0,1.E0));
#4902=AXIS2_PLACEMENT_3D('',#4899,#4900,#4901);
#4904=CURVE_STYLE('',#22,POSITIVE_LENGTH_MEASURE(2.E-2),#15);
#4905=PRESENTATION_STYLE_ASSIGNMENT((#4904));
#4906=STYLED_ITEM('',(#4905),#4903);
#4907=CARTESIAN_POINT('',(7.5E-3,0.E0,-5.7E-1));
#4908=DIRECTION('',(0.E0,1.E0,0.E0));
#4909=DIRECTION('',(1.E0,0.E0,0.E0));
#4910=AXIS2_PLACEMENT_3D('',#4907,#4908,#4909);
#4912=CURVE_STYLE('',#22,POSITIVE_LENGTH_MEASURE(2.E-2),#15);
#4913=PRESENTATION_STYLE_ASSIGNMENT((#4912));
#4914=STYLED_ITEM('',(#4913),#4911);
#4915=CARTESIAN_POINT('',(1.335034043483E-3,0.E0,-4.804521943802E-1));
#4916=DIRECTION('',(0.E0,-1.E0,0.E0));
#4917=DIRECTION('',(0.E0,0.E0,-1.E0));
#4918=AXIS2_PLACEMENT_3D('',#4915,#4916,#4917);
#4920=CURVE_STYLE('',#22,POSITIVE_LENGTH_MEASURE(2.E-2),#15);
#4921=PRESENTATION_STYLE_ASSIGNMENT((#4920));
#4922=STYLED_ITEM('',(#4921),#4919);
#4923=CARTESIAN_POINT('',(1.335034043483E-3,0.E0,4.804521943802E-1));
#4924=DIRECTION('',(0.E0,-1.E0,0.E0));
#4925=DIRECTION('',(1.E0,0.E0,-5.743553780727E-13));
#4926=AXIS2_PLACEMENT_3D('',#4923,#4924,#4925);
#4928=CURVE_STYLE('',#22,POSITIVE_LENGTH_MEASURE(2.E-2),#15);
#4929=PRESENTATION_STYLE_ASSIGNMENT((#4928));
#4930=STYLED_ITEM('',(#4929),#4927);
#4931=CARTESIAN_POINT('',(-1.335034043483E-3,0.E0,4.804521943802E-1));
#4932=DIRECTION('',(0.E0,-1.E0,0.E0));
#4933=DIRECTION('',(0.E0,0.E0,1.E0));
#4934=AXIS2_PLACEMENT_3D('',#4931,#4932,#4933);
#4936=CURVE_STYLE('',#22,POSITIVE_LENGTH_MEASURE(2.E-2),#15);
#4937=PRESENTATION_STYLE_ASSIGNMENT((#4936));
#4938=STYLED_ITEM('',(#4937),#4935);
#4939=CARTESIAN_POINT('',(-1.335034043483E-3,0.E0,-4.804521943802E-1));
#4940=DIRECTION('',(0.E0,-1.E0,0.E0));
#4941=DIRECTION('',(-1.E0,0.E0,5.743553780727E-13));
#4942=AXIS2_PLACEMENT_3D('',#4939,#4940,#4941);
#4944=CURVE_STYLE('',#22,POSITIVE_LENGTH_MEASURE(2.E-2),#15);
#4945=PRESENTATION_STYLE_ASSIGNMENT((#4944));
#4946=STYLED_ITEM('',(#4945),#4943);
#4947=DIRECTION('',(0.E0,1.E0,0.E0));
#4948=VECTOR('',#4947,7.5E-3);
#4949=CARTESIAN_POINT('',(-7.5E-3,0.E0,-1.125E0));
#4950=LINE('',#4949,#4948);
#4951=CURVE_STYLE('',#22,POSITIVE_LENGTH_MEASURE(2.E-2),#15);
#4952=PRESENTATION_STYLE_ASSIGNMENT((#4951));
#4953=STYLED_ITEM('',(#4952),#4950);
#4954=DIRECTION('',(0.E0,-1.E0,0.E0));
#4955=VECTOR('',#4954,7.5E-3);
#4956=CARTESIAN_POINT('',(-5.625E-1,7.5E-3,-5.7E-1));
#4957=LINE('',#4956,#4955);
#4958=CURVE_STYLE('',#22,POSITIVE_LENGTH_MEASURE(2.E-2),#15);
#4959=PRESENTATION_STYLE_ASSIGNMENT((#4958));
#4960=STYLED_ITEM('',(#4959),#4957);
#4961=DIRECTION('',(1.E0,0.E0,0.E0));
#4962=VECTOR('',#4961,1.5E-2);
#4963=CARTESIAN_POINT('',(-7.5E-3,0.E0,-1.125E0));
#4964=LINE('',#4963,#4962);
#4965=CURVE_STYLE('',#22,POSITIVE_LENGTH_MEASURE(2.E-2),#15);
#4966=PRESENTATION_STYLE_ASSIGNMENT((#4965));
#4967=STYLED_ITEM('',(#4966),#4964);
#4968=DIRECTION('',(0.E0,1.E0,0.E0));
#4969=VECTOR('',#4968,7.5E-3);
#4970=CARTESIAN_POINT('',(5.625E-1,0.E0,-5.7E-1));
#4971=LINE('',#4970,#4969);
#4972=CURVE_STYLE('',#22,POSITIVE_LENGTH_MEASURE(2.E-2),#15);
#4973=PRESENTATION_STYLE_ASSIGNMENT((#4972));
#4974=STYLED_ITEM('',(#4973),#4971);
#4975=DIRECTION('',(0.E0,-1.E0,0.E0));
#4976=VECTOR('',#4975,7.5E-3);
#4977=CARTESIAN_POINT('',(7.5E-3,7.5E-3,-1.125E0));
#4978=LINE('',#4977,#4976);
#4979=CURVE_STYLE('',#22,POSITIVE_LENGTH_MEASURE(2.E-2),#15);
#4980=PRESENTATION_STYLE_ASSIGNMENT((#4979));
#4981=STYLED_ITEM('',(#4980),#4978);
#4982=DIRECTION('',(0.E0,0.E0,1.E0));
#4983=VECTOR('',#4982,1.14E0);
#4984=CARTESIAN_POINT('',(5.625E-1,0.E0,-5.7E-1));
#4985=LINE('',#4984,#4983);
#4986=CURVE_STYLE('',#22,POSITIVE_LENGTH_MEASURE(2.E-2),#15);
#4987=PRESENTATION_STYLE_ASSIGNMENT((#4986));
#4988=STYLED_ITEM('',(#4987),#4985);
#4989=DIRECTION('',(0.E0,1.E0,0.E0));
#4990=VECTOR('',#4989,7.5E-3);
#4991=CARTESIAN_POINT('',(7.5E-3,0.E0,1.125E0));
#4992=LINE('',#4991,#4990);
#4993=CURVE_STYLE('',#22,POSITIVE_LENGTH_MEASURE(2.E-2),#15);
#4994=PRESENTATION_STYLE_ASSIGNMENT((#4993));
#4995=STYLED_ITEM('',(#4994),#4992);
#4996=DIRECTION('',(0.E0,-1.E0,0.E0));
#4997=VECTOR('',#4996,7.5E-3);
#4998=CARTESIAN_POINT('',(5.625E-1,7.5E-3,5.7E-1));
#4999=LINE('',#4998,#4997);
#5000=CURVE_STYLE('',#22,POSITIVE_LENGTH_MEASURE(2.E-2),#15);
#5001=PRESENTATION_STYLE_ASSIGNMENT((#5000));
#5002=STYLED_ITEM('',(#5001),#4999);
#5003=DIRECTION('',(-1.E0,0.E0,0.E0));
#5004=VECTOR('',#5003,1.5E-2);
#5005=CARTESIAN_POINT('',(7.5E-3,0.E0,1.125E0));
#5006=LINE('',#5005,#5004);
#5007=CURVE_STYLE('',#22,POSITIVE_LENGTH_MEASURE(2.E-2),#15);
#5008=PRESENTATION_STYLE_ASSIGNMENT((#5007));
#5009=STYLED_ITEM('',(#5008),#5006);
#5010=DIRECTION('',(0.E0,1.E0,0.E0));
#5011=VECTOR('',#5010,7.5E-3);
#5012=CARTESIAN_POINT('',(-5.625E-1,0.E0,5.7E-1));
#5013=LINE('',#5012,#5011);
#5014=CURVE_STYLE('',#22,POSITIVE_LENGTH_MEASURE(2.E-2),#15);
#5015=PRESENTATION_STYLE_ASSIGNMENT((#5014));
#5016=STYLED_ITEM('',(#5015),#5013);
#5017=DIRECTION('',(0.E0,-1.E0,0.E0));
#5018=VECTOR('',#5017,7.5E-3);
#5019=CARTESIAN_POINT('',(-7.5E-3,7.5E-3,1.125E0));
#5020=LINE('',#5019,#5018);
#5021=CURVE_STYLE('',#22,POSITIVE_LENGTH_MEASURE(2.E-2),#15);
#5022=PRESENTATION_STYLE_ASSIGNMENT((#5021));
#5023=STYLED_ITEM('',(#5022),#5020);
#5024=DIRECTION('',(0.E0,0.E0,-1.E0));
#5025=VECTOR('',#5024,1.14E0);
#5026=CARTESIAN_POINT('',(-5.625E-1,0.E0,5.7E-1));
#5027=LINE('',#5026,#5025);
#5028=CURVE_STYLE('',#22,POSITIVE_LENGTH_MEASURE(2.E-2),#15);
#5029=PRESENTATION_STYLE_ASSIGNMENT((#5028));
#5030=STYLED_ITEM('',(#5029),#5027);
#5031=CARTESIAN_POINT('',(-7.5E-3,7.5E-3,-5.7E-1));
#5032=DIRECTION('',(0.E0,-1.E0,0.E0));
#5033=DIRECTION('',(-1.E0,0.E0,0.E0));
#5034=AXIS2_PLACEMENT_3D('',#5031,#5032,#5033);
#5036=CURVE_STYLE('',#22,POSITIVE_LENGTH_MEASURE(2.E-2),#15);
#5037=PRESENTATION_STYLE_ASSIGNMENT((#5036));
#5038=STYLED_ITEM('',(#5037),#5035);
#5039=DIRECTION('',(1.E0,0.E0,0.E0));
#5040=VECTOR('',#5039,1.5E-2);
#5041=CARTESIAN_POINT('',(-7.5E-3,7.5E-3,-1.125E0));
#5042=LINE('',#5041,#5040);
#5043=CURVE_STYLE('',#22,POSITIVE_LENGTH_MEASURE(2.E-2),#15);
#5044=PRESENTATION_STYLE_ASSIGNMENT((#5043));
#5045=STYLED_ITEM('',(#5044),#5042);
#5046=CARTESIAN_POINT('',(7.5E-3,7.5E-3,-5.7E-1));
#5047=DIRECTION('',(0.E0,-1.E0,0.E0));
#5048=DIRECTION('',(0.E0,0.E0,-1.E0));
#5049=AXIS2_PLACEMENT_3D('',#5046,#5047,#5048);
#5051=CURVE_STYLE('',#22,POSITIVE_LENGTH_MEASURE(2.E-2),#15);
#5052=PRESENTATION_STYLE_ASSIGNMENT((#5051));
#5053=STYLED_ITEM('',(#5052),#5050);
#5054=DIRECTION('',(0.E0,0.E0,1.E0));
#5055=VECTOR('',#5054,1.14E0);
#5056=CARTESIAN_POINT('',(5.625E-1,7.5E-3,-5.7E-1));
#5057=LINE('',#5056,#5055);
#5058=CURVE_STYLE('',#22,POSITIVE_LENGTH_MEASURE(2.E-2),#15);
#5059=PRESENTATION_STYLE_ASSIGNMENT((#5058));
#5060=STYLED_ITEM('',(#5059),#5057);
#5061=CARTESIAN_POINT('',(7.5E-3,7.5E-3,5.7E-1));
#5062=DIRECTION('',(0.E0,-1.E0,0.E0));
#5063=DIRECTION('',(1.E0,0.E0,0.E0));
#5064=AXIS2_PLACEMENT_3D('',#5061,#5062,#5063);
#5066=CURVE_STYLE('',#22,POSITIVE_LENGTH_MEASURE(2.E-2),#15);
#5067=PRESENTATION_STYLE_ASSIGNMENT((#5066));
#5068=STYLED_ITEM('',(#5067),#5065);
#5069=DIRECTION('',(-1.E0,0.E0,0.E0));
#5070=VECTOR('',#5069,1.5E-2);
#5071=CARTESIAN_POINT('',(7.5E-3,7.5E-3,1.125E0));
#5072=LINE('',#5071,#5070);
#5073=CURVE_STYLE('',#22,POSITIVE_LENGTH_MEASURE(2.E-2),#15);
#5074=PRESENTATION_STYLE_ASSIGNMENT((#5073));
#5075=STYLED_ITEM('',(#5074),#5072);
#5076=CARTESIAN_POINT('',(-7.5E-3,7.5E-3,5.7E-1));
#5077=DIRECTION('',(0.E0,-1.E0,0.E0));
#5078=DIRECTION('',(0.E0,0.E0,1.E0));
#5079=AXIS2_PLACEMENT_3D('',#5076,#5077,#5078);
#5081=CURVE_STYLE('',#22,POSITIVE_LENGTH_MEASURE(2.E-2),#15);
#5082=PRESENTATION_STYLE_ASSIGNMENT((#5081));
#5083=STYLED_ITEM('',(#5082),#5080);
#5084=DIRECTION('',(0.E0,0.E0,-1.E0));
#5085=VECTOR('',#5084,1.14E0);
#5086=CARTESIAN_POINT('',(-5.625E-1,7.5E-3,5.7E-1));
#5087=LINE('',#5086,#5085);
#5088=CURVE_STYLE('',#22,POSITIVE_LENGTH_MEASURE(2.E-2),#15);
#5089=PRESENTATION_STYLE_ASSIGNMENT((#5088));
#5090=STYLED_ITEM('',(#5089),#5087);
#5091=DIRECTION('',(-1.E0,0.E0,0.E0));
#5092=VECTOR('',#5091,2.670068086965E-3);
#5093=CARTESIAN_POINT('',(1.335034043483E-3,7.5E-3,-8.179521943802E-1));
#5094=LINE('',#5093,#5092);
#5095=CURVE_STYLE('',#22,POSITIVE_LENGTH_MEASURE(2.E-2),#15);
#5096=PRESENTATION_STYLE_ASSIGNMENT((#5095));
#5097=STYLED_ITEM('',(#5096),#5094);
#5098=CARTESIAN_POINT('',(-1.335034043483E-3,7.5E-3,-4.804521943802E-1));
#5099=DIRECTION('',(0.E0,1.E0,0.E0));
#5100=DIRECTION('',(0.E0,0.E0,-1.E0));
#5101=AXIS2_PLACEMENT_3D('',#5098,#5099,#5100);
#5103=CURVE_STYLE('',#22,POSITIVE_LENGTH_MEASURE(2.E-2),#15);
#5104=PRESENTATION_STYLE_ASSIGNMENT((#5103));
#5105=STYLED_ITEM('',(#5104),#5102);
#5106=DIRECTION('',(0.E0,0.E0,1.E0));
#5107=VECTOR('',#5106,9.609043887603E-1);
#5108=CARTESIAN_POINT('',(-3.388350340435E-1,7.5E-3,-4.804521943801E-1));
#5109=LINE('',#5108,#5107);
#5110=CURVE_STYLE('',#22,POSITIVE_LENGTH_MEASURE(2.E-2),#15);
#5111=PRESENTATION_STYLE_ASSIGNMENT((#5110));
#5112=STYLED_ITEM('',(#5111),#5109);
#5113=CARTESIAN_POINT('',(-1.335034043483E-3,7.5E-3,4.804521943802E-1));
#5114=DIRECTION('',(0.E0,1.E0,0.E0));
#5115=DIRECTION('',(-1.E0,0.E0,-5.743553780727E-13));
#5116=AXIS2_PLACEMENT_3D('',#5113,#5114,#5115);
#5118=CURVE_STYLE('',#22,POSITIVE_LENGTH_MEASURE(2.E-2),#15);
#5119=PRESENTATION_STYLE_ASSIGNMENT((#5118));
#5120=STYLED_ITEM('',(#5119),#5117);
#5121=DIRECTION('',(1.E0,0.E0,0.E0));
#5122=VECTOR('',#5121,2.670068086965E-3);
#5123=CARTESIAN_POINT('',(-1.335034043483E-3,7.5E-3,8.179521943802E-1));
#5124=LINE('',#5123,#5122);
#5125=CURVE_STYLE('',#22,POSITIVE_LENGTH_MEASURE(2.E-2),#15);
#5126=PRESENTATION_STYLE_ASSIGNMENT((#5125));
#5127=STYLED_ITEM('',(#5126),#5124);
#5128=CARTESIAN_POINT('',(1.335034043483E-3,7.5E-3,4.804521943802E-1));
#5129=DIRECTION('',(0.E0,1.E0,0.E0));
#5130=DIRECTION('',(0.E0,0.E0,1.E0));
#5131=AXIS2_PLACEMENT_3D('',#5128,#5129,#5130);
#5133=CURVE_STYLE('',#22,POSITIVE_LENGTH_MEASURE(2.E-2),#15);
#5134=PRESENTATION_STYLE_ASSIGNMENT((#5133));
#5135=STYLED_ITEM('',(#5134),#5132);
#5136=DIRECTION('',(0.E0,0.E0,-1.E0));
#5137=VECTOR('',#5136,9.609043887603E-1);
#5138=CARTESIAN_POINT('',(3.388350340435E-1,7.5E-3,4.804521943801E-1));
#5139=LINE('',#5138,#5137);
#5140=CURVE_STYLE('',#22,POSITIVE_LENGTH_MEASURE(2.E-2),#15);
#5141=PRESENTATION_STYLE_ASSIGNMENT((#5140));
#5142=STYLED_ITEM('',(#5141),#5139);
#5143=CARTESIAN_POINT('',(1.335034043483E-3,7.5E-3,-4.804521943802E-1));
#5144=DIRECTION('',(0.E0,1.E0,0.E0));
#5145=DIRECTION('',(1.E0,0.E0,5.743553780727E-13));
#5146=AXIS2_PLACEMENT_3D('',#5143,#5144,#5145);
#5148=CURVE_STYLE('',#22,POSITIVE_LENGTH_MEASURE(2.E-2),#15);
#5149=PRESENTATION_STYLE_ASSIGNMENT((#5148));
#5150=STYLED_ITEM('',(#5149),#5147);
#5151=DIRECTION('',(-1.E0,0.E0,0.E0));
#5152=VECTOR('',#5151,2.670068086965E-3);
#5153=CARTESIAN_POINT('',(1.335034043483E-3,0.E0,-8.179521943802E-1));
#5154=LINE('',#5153,#5152);
#5155=CURVE_STYLE('',#22,POSITIVE_LENGTH_MEASURE(2.E-2),#15);
#5156=PRESENTATION_STYLE_ASSIGNMENT((#5155));
#5157=STYLED_ITEM('',(#5156),#5154);
#5158=DIRECTION('',(0.E0,1.E0,0.E0));
#5159=VECTOR('',#5158,7.5E-3);
#5160=CARTESIAN_POINT('',(-3.388350340435E-1,0.E0,-4.804521943801E-1));
#5161=LINE('',#5160,#5159);
#5162=CURVE_STYLE('',#22,POSITIVE_LENGTH_MEASURE(2.E-2),#15);
#5163=PRESENTATION_STYLE_ASSIGNMENT((#5162));
#5164=STYLED_ITEM('',(#5163),#5161);
#5165=DIRECTION('',(0.E0,-1.E0,0.E0));
#5166=VECTOR('',#5165,7.5E-3);
#5167=CARTESIAN_POINT('',(-1.335034043482E-3,7.5E-3,-8.179521943802E-1));
#5168=LINE('',#5167,#5166);
#5169=CURVE_STYLE('',#22,POSITIVE_LENGTH_MEASURE(2.E-2),#15);
#5170=PRESENTATION_STYLE_ASSIGNMENT((#5169));
#5171=STYLED_ITEM('',(#5170),#5168);
#5172=DIRECTION('',(0.E0,0.E0,1.E0));
#5173=VECTOR('',#5172,9.609043887603E-1);
#5174=CARTESIAN_POINT('',(-3.388350340435E-1,0.E0,-4.804521943801E-1));
#5175=LINE('',#5174,#5173);
#5176=CURVE_STYLE('',#22,POSITIVE_LENGTH_MEASURE(2.E-2),#15);
#5177=PRESENTATION_STYLE_ASSIGNMENT((#5176));
#5178=STYLED_ITEM('',(#5177),#5175);
#5179=DIRECTION('',(0.E0,1.E0,0.E0));
#5180=VECTOR('',#5179,7.5E-3);
#5181=CARTESIAN_POINT('',(-1.335034043483E-3,0.E0,8.179521943802E-1));
#5182=LINE('',#5181,#5180);
#5183=CURVE_STYLE('',#22,POSITIVE_LENGTH_MEASURE(2.E-2),#15);
#5184=PRESENTATION_STYLE_ASSIGNMENT((#5183));
#5185=STYLED_ITEM('',(#5184),#5182);
#5186=DIRECTION('',(0.E0,-1.E0,0.E0));
#5187=VECTOR('',#5186,7.5E-3);
#5188=CARTESIAN_POINT('',(-3.388350340435E-1,7.5E-3,4.804521943801E-1));
#5189=LINE('',#5188,#5187);
#5190=CURVE_STYLE('',#22,POSITIVE_LENGTH_MEASURE(2.E-2),#15);
#5191=PRESENTATION_STYLE_ASSIGNMENT((#5190));
#5192=STYLED_ITEM('',(#5191),#5189);
#5193=DIRECTION('',(1.E0,0.E0,0.E0));
#5194=VECTOR('',#5193,2.670068086965E-3);
#5195=CARTESIAN_POINT('',(-1.335034043483E-3,0.E0,8.179521943802E-1));
#5196=LINE('',#5195,#5194);
#5197=CURVE_STYLE('',#22,POSITIVE_LENGTH_MEASURE(2.E-2),#15);
#5198=PRESENTATION_STYLE_ASSIGNMENT((#5197));
#5199=STYLED_ITEM('',(#5198),#5196);
#5200=DIRECTION('',(0.E0,1.E0,0.E0));
#5201=VECTOR('',#5200,7.5E-3);
#5202=CARTESIAN_POINT('',(3.388350340435E-1,0.E0,4.804521943801E-1));
#5203=LINE('',#5202,#5201);
#5204=CURVE_STYLE('',#22,POSITIVE_LENGTH_MEASURE(2.E-2),#15);
#5205=PRESENTATION_STYLE_ASSIGNMENT((#5204));
#5206=STYLED_ITEM('',(#5205),#5203);
#5207=DIRECTION('',(0.E0,-1.E0,0.E0));
#5208=VECTOR('',#5207,7.5E-3);
#5209=CARTESIAN_POINT('',(1.335034043482E-3,7.5E-3,8.179521943802E-1));
#5210=LINE('',#5209,#5208);
#5211=CURVE_STYLE('',#22,POSITIVE_LENGTH_MEASURE(2.E-2),#15);
#5212=PRESENTATION_STYLE_ASSIGNMENT((#5211));
#5213=STYLED_ITEM('',(#5212),#5210);
#5214=DIRECTION('',(0.E0,0.E0,-1.E0));
#5215=VECTOR('',#5214,9.609043887603E-1);
#5216=CARTESIAN_POINT('',(3.388350340435E-1,0.E0,4.804521943801E-1));
#5217=LINE('',#5216,#5215);
#5218=CURVE_STYLE('',#22,POSITIVE_LENGTH_MEASURE(2.E-2),#15);
#5219=PRESENTATION_STYLE_ASSIGNMENT((#5218));
#5220=STYLED_ITEM('',(#5219),#5217);
#5221=DIRECTION('',(0.E0,1.E0,0.E0));
#5222=VECTOR('',#5221,7.5E-3);
#5223=CARTESIAN_POINT('',(1.335034043483E-3,0.E0,-8.179521943802E-1));
#5224=LINE('',#5223,#5222);
#5225=CURVE_STYLE('',#22,POSITIVE_LENGTH_MEASURE(2.E-2),#15);
#5226=PRESENTATION_STYLE_ASSIGNMENT((#5225));
#5227=STYLED_ITEM('',(#5226),#5224);
#5228=DIRECTION('',(0.E0,-1.E0,0.E0));
#5229=VECTOR('',#5228,7.5E-3);
#5230=CARTESIAN_POINT('',(3.388350340435E-1,7.5E-3,-4.804521943801E-1));
#5231=LINE('',#5230,#5229);
#5232=CURVE_STYLE('',#22,POSITIVE_LENGTH_MEASURE(2.E-2),#15);
#5233=PRESENTATION_STYLE_ASSIGNMENT((#5232));
#5234=STYLED_ITEM('',(#5233),#5231);
#5235=CARTESIAN_POINT('',(-7.5E-3,0.E0,-1.125E0));
#5236=CARTESIAN_POINT('',(-5.625E-1,0.E0,-5.7E-1));
#5237=VERTEX_POINT('',#5235);
#5238=VERTEX_POINT('',#5236);
#5239=CARTESIAN_POINT('',(-5.625E-1,0.E0,5.7E-1));
#5240=VERTEX_POINT('',#5239);
#5241=CARTESIAN_POINT('',(-7.5E-3,0.E0,1.125E0));
#5242=VERTEX_POINT('',#5241);
#5243=CARTESIAN_POINT('',(7.5E-3,0.E0,1.125E0));
#5244=VERTEX_POINT('',#5243);
#5245=CARTESIAN_POINT('',(5.625E-1,0.E0,5.7E-1));
#5246=VERTEX_POINT('',#5245);
#5247=CARTESIAN_POINT('',(5.625E-1,0.E0,-5.7E-1));
#5248=VERTEX_POINT('',#5247);
#5249=CARTESIAN_POINT('',(7.5E-3,0.E0,-1.125E0));
#5250=VERTEX_POINT('',#5249);
#5251=CARTESIAN_POINT('',(1.335034043483E-3,0.E0,-8.179521943802E-1));
#5252=CARTESIAN_POINT('',(-1.335034043482E-3,0.E0,-8.179521943802E-1));
#5253=VERTEX_POINT('',#5251);
#5254=VERTEX_POINT('',#5252);
#5255=CARTESIAN_POINT('',(3.388350340435E-1,0.E0,-4.804521943800E-1));
#5256=VERTEX_POINT('',#5255);
#5257=CARTESIAN_POINT('',(3.388350340435E-1,0.E0,4.804521943801E-1));
#5258=VERTEX_POINT('',#5257);
#5259=CARTESIAN_POINT('',(1.335034043483E-3,0.E0,8.179521943802E-1));
#5260=VERTEX_POINT('',#5259);
#5261=CARTESIAN_POINT('',(-1.335034043483E-3,0.E0,8.179521943802E-1));
#5262=VERTEX_POINT('',#5261);
#5263=CARTESIAN_POINT('',(-3.388350340435E-1,0.E0,4.804521943800E-1));
#5264=VERTEX_POINT('',#5263);
#5265=CARTESIAN_POINT('',(-3.388350340435E-1,0.E0,-4.804521943801E-1));
#5266=VERTEX_POINT('',#5265);
#5267=CARTESIAN_POINT('',(-7.5E-3,7.5E-3,-1.125E0));
#5268=VERTEX_POINT('',#5267);
#5269=CARTESIAN_POINT('',(-5.625E-1,7.5E-3,-5.7E-1));
#5270=VERTEX_POINT('',#5269);
#5271=CARTESIAN_POINT('',(7.5E-3,7.5E-3,-1.125E0));
#5272=VERTEX_POINT('',#5271);
#5273=CARTESIAN_POINT('',(5.625E-1,7.5E-3,-5.7E-1));
#5274=VERTEX_POINT('',#5273);
#5275=CARTESIAN_POINT('',(5.625E-1,7.5E-3,5.7E-1));
#5276=VERTEX_POINT('',#5275);
#5277=CARTESIAN_POINT('',(7.5E-3,7.5E-3,1.125E0));
#5278=VERTEX_POINT('',#5277);
#5279=CARTESIAN_POINT('',(-7.5E-3,7.5E-3,1.125E0));
#5280=VERTEX_POINT('',#5279);
#5281=CARTESIAN_POINT('',(-5.625E-1,7.5E-3,5.7E-1));
#5282=VERTEX_POINT('',#5281);
#5283=CARTESIAN_POINT('',(1.335034043483E-3,7.5E-3,-8.179521943802E-1));
#5284=CARTESIAN_POINT('',(-1.335034043482E-3,7.5E-3,-8.179521943802E-1));
#5285=VERTEX_POINT('',#5283);
#5286=VERTEX_POINT('',#5284);
#5287=CARTESIAN_POINT('',(-3.388350340435E-1,7.5E-3,-4.804521943800E-1));
#5288=VERTEX_POINT('',#5287);
#5289=CARTESIAN_POINT('',(-3.388350340435E-1,7.5E-3,4.804521943801E-1));
#5290=VERTEX_POINT('',#5289);
#5291=CARTESIAN_POINT('',(-1.335034043483E-3,7.5E-3,8.179521943802E-1));
#5292=VERTEX_POINT('',#5291);
#5293=CARTESIAN_POINT('',(1.335034043482E-3,7.5E-3,8.179521943802E-1));
#5294=VERTEX_POINT('',#5293);
#5295=CARTESIAN_POINT('',(3.388350340435E-1,7.5E-3,4.804521943800E-1));
#5296=VERTEX_POINT('',#5295);
#5297=CARTESIAN_POINT('',(3.388350340435E-1,7.5E-3,-4.804521943801E-1));
#5298=VERTEX_POINT('',#5297);
#5299=CARTESIAN_POINT('',(0.E0,0.E0,0.E0));
#5300=DIRECTION('',(0.E0,1.E0,0.E0));
#5301=DIRECTION('',(1.E0,0.E0,0.E0));
#5302=AXIS2_PLACEMENT_3D('',#5299,#5300,#5301);
#5303=PLANE('',#5302);
#5305=ORIENTED_EDGE('',*,*,#5304,.T.);
#5307=ORIENTED_EDGE('',*,*,#5306,.F.);
#5309=ORIENTED_EDGE('',*,*,#5308,.T.);
#5311=ORIENTED_EDGE('',*,*,#5310,.F.);
#5313=ORIENTED_EDGE('',*,*,#5312,.T.);
#5315=ORIENTED_EDGE('',*,*,#5314,.F.);
#5317=ORIENTED_EDGE('',*,*,#5316,.T.);
#5319=ORIENTED_EDGE('',*,*,#5318,.F.);
#5320=EDGE_LOOP('',(#5305,#5307,#5309,#5311,#5313,#5315,#5317,#5319));
#5321=FACE_OUTER_BOUND('',#5320,.F.);
#5323=ORIENTED_EDGE('',*,*,#5322,.F.);
#5325=ORIENTED_EDGE('',*,*,#5324,.T.);
#5327=ORIENTED_EDGE('',*,*,#5326,.F.);
#5329=ORIENTED_EDGE('',*,*,#5328,.T.);
#5331=ORIENTED_EDGE('',*,*,#5330,.F.);
#5333=ORIENTED_EDGE('',*,*,#5332,.T.);
#5335=ORIENTED_EDGE('',*,*,#5334,.F.);
#5337=ORIENTED_EDGE('',*,*,#5336,.T.);
#5338=EDGE_LOOP('',(#5323,#5325,#5327,#5329,#5331,#5333,#5335,#5337));
#5339=FACE_BOUND('',#5338,.F.);
#5341=FILL_AREA_STYLE_COLOUR('',#15);
#5342=FILL_AREA_STYLE('',(#5341));
#5343=SURFACE_STYLE_FILL_AREA(#5342);
#5344=SURFACE_SIDE_STYLE('',(#5343));
#5345=SURFACE_STYLE_USAGE(.NEGATIVE.,#5344);
#5346=PRESENTATION_STYLE_ASSIGNMENT((#5345));
#5347=STYLED_ITEM('',(#5346),#5340);
#5348=CARTESIAN_POINT('',(-7.5E-3,0.E0,-5.7E-1));
#5349=DIRECTION('',(0.E0,1.E0,0.E0));
#5350=DIRECTION('',(1.E0,0.E0,0.E0));
#5351=AXIS2_PLACEMENT_3D('',#5348,#5349,#5350);
#5352=CYLINDRICAL_SURFACE('',#5351,5.55E-1);
#5353=ORIENTED_EDGE('',*,*,#5304,.F.);
#5355=ORIENTED_EDGE('',*,*,#5354,.T.);
#5357=ORIENTED_EDGE('',*,*,#5356,.F.);
#5359=ORIENTED_EDGE('',*,*,#5358,.T.);
#5360=EDGE_LOOP('',(#5353,#5355,#5357,#5359));
#5361=FACE_OUTER_BOUND('',#5360,.F.);
#5363=CARTESIAN_POINT('',(7.5E-3,0.E0,-1.125E0));
#5364=DIRECTION('',(0.E0,0.E0,-1.E0));
#5365=DIRECTION('',(-1.E0,0.E0,0.E0));
#5366=AXIS2_PLACEMENT_3D('',#5363,#5364,#5365);
#5367=PLANE('',#5366);
#5368=ORIENTED_EDGE('',*,*,#5318,.T.);
#5370=ORIENTED_EDGE('',*,*,#5369,.F.);
#5372=ORIENTED_EDGE('',*,*,#5371,.F.);
#5373=ORIENTED_EDGE('',*,*,#5354,.F.);
#5374=EDGE_LOOP('',(#5368,#5370,#5372,#5373));
#5375=FACE_OUTER_BOUND('',#5374,.F.);
#5377=CARTESIAN_POINT('',(7.5E-3,0.E0,-5.7E-1));
#5378=DIRECTION('',(0.E0,1.E0,0.E0));
#5379=DIRECTION('',(1.E0,0.E0,0.E0));
#5380=AXIS2_PLACEMENT_3D('',#5377,#5378,#5379);
#5381=CYLINDRICAL_SURFACE('',#5380,5.55E-1);
#5382=ORIENTED_EDGE('',*,*,#5316,.F.);
#5384=ORIENTED_EDGE('',*,*,#5383,.T.);
#5386=ORIENTED_EDGE('',*,*,#5385,.F.);
#5387=ORIENTED_EDGE('',*,*,#5369,.T.);
#5388=EDGE_LOOP('',(#5382,#5384,#5386,#5387));
#5389=FACE_OUTER_BOUND('',#5388,.F.);
#5391=CARTESIAN_POINT('',(5.625E-1,0.E0,5.7E-1));
#5392=DIRECTION('',(1.E0,0.E0,0.E0));
#5393=DIRECTION('',(0.E0,0.E0,-1.E0));
#5394=AXIS2_PLACEMENT_3D('',#5391,#5392,#5393);
#5395=PLANE('',#5394);
#5396=ORIENTED_EDGE('',*,*,#5314,.T.);
#5398=ORIENTED_EDGE('',*,*,#5397,.F.);
#5400=ORIENTED_EDGE('',*,*,#5399,.F.);
#5401=ORIENTED_EDGE('',*,*,#5383,.F.);
#5402=EDGE_LOOP('',(#5396,#5398,#5400,#5401));
#5403=FACE_OUTER_BOUND('',#5402,.F.);
#5405=CARTESIAN_POINT('',(7.5E-3,0.E0,5.7E-1));
#5406=DIRECTION('',(0.E0,1.E0,0.E0));
#5407=DIRECTION('',(1.E0,0.E0,0.E0));
#5408=AXIS2_PLACEMENT_3D('',#5405,#5406,#5407);
#5409=CYLINDRICAL_SURFACE('',#5408,5.55E-1);
#5410=ORIENTED_EDGE('',*,*,#5312,.F.);
#5412=ORIENTED_EDGE('',*,*,#5411,.T.);
#5414=ORIENTED_EDGE('',*,*,#5413,.F.);
#5415=ORIENTED_EDGE('',*,*,#5397,.T.);
#5416=EDGE_LOOP('',(#5410,#5412,#5414,#5415));
#5417=FACE_OUTER_BOUND('',#5416,.F.);
#5419=CARTESIAN_POINT('',(-7.5E-3,0.E0,1.125E0));
#5420=DIRECTION('',(0.E0,0.E0,1.E0));
#5421=DIRECTION('',(1.E0,0.E0,0.E0));
#5422=AXIS2_PLACEMENT_3D('',#5419,#5420,#5421);
#5423=PLANE('',#5422);
#5424=ORIENTED_EDGE('',*,*,#5310,.T.);
#5426=ORIENTED_EDGE('',*,*,#5425,.F.);
#5428=ORIENTED_EDGE('',*,*,#5427,.F.);
#5429=ORIENTED_EDGE('',*,*,#5411,.F.);
#5430=EDGE_LOOP('',(#5424,#5426,#5428,#5429));
#5431=FACE_OUTER_BOUND('',#5430,.F.);
#5433=CARTESIAN_POINT('',(-7.5E-3,0.E0,5.7E-1));
#5434=DIRECTION('',(0.E0,1.E0,0.E0));
#5435=DIRECTION('',(1.E0,0.E0,0.E0));
#5436=AXIS2_PLACEMENT_3D('',#5433,#5434,#5435);
#5437=CYLINDRICAL_SURFACE('',#5436,5.55E-1);
#5438=ORIENTED_EDGE('',*,*,#5308,.F.);
#5440=ORIENTED_EDGE('',*,*,#5439,.T.);
#5442=ORIENTED_EDGE('',*,*,#5441,.F.);
#5443=ORIENTED_EDGE('',*,*,#5425,.T.);
#5444=EDGE_LOOP('',(#5438,#5440,#5442,#5443));
#5445=FACE_OUTER_BOUND('',#5444,.F.);
#5447=CARTESIAN_POINT('',(-5.625E-1,0.E0,-5.7E-1));
#5448=DIRECTION('',(-1.E0,0.E0,0.E0));
#5449=DIRECTION('',(0.E0,0.E0,1.E0));
#5450=AXIS2_PLACEMENT_3D('',#5447,#5448,#5449);
#5451=PLANE('',#5450);
#5452=ORIENTED_EDGE('',*,*,#5306,.T.);
#5453=ORIENTED_EDGE('',*,*,#5358,.F.);
#5455=ORIENTED_EDGE('',*,*,#5454,.F.);
#5456=ORIENTED_EDGE('',*,*,#5439,.F.);
#5457=EDGE_LOOP('',(#5452,#5453,#5455,#5456));
#5458=FACE_OUTER_BOUND('',#5457,.F.);
#5460=CARTESIAN_POINT('',(0.E0,7.5E-3,0.E0));
#5461=DIRECTION('',(0.E0,1.E0,0.E0));
#5462=DIRECTION('',(1.E0,0.E0,0.E0));
#5463=AXIS2_PLACEMENT_3D('',#5460,#5461,#5462);
#5464=PLANE('',#5463);
#5465=ORIENTED_EDGE('',*,*,#5356,.T.);
#5466=ORIENTED_EDGE('',*,*,#5371,.T.);
#5467=ORIENTED_EDGE('',*,*,#5385,.T.);
#5468=ORIENTED_EDGE('',*,*,#5399,.T.);
#5469=ORIENTED_EDGE('',*,*,#5413,.T.);
#5470=ORIENTED_EDGE('',*,*,#5427,.T.);
#5471=ORIENTED_EDGE('',*,*,#5441,.T.);
#5472=ORIENTED_EDGE('',*,*,#5454,.T.);
#5473=EDGE_LOOP('',(#5465,#5466,#5467,#5468,#5469,#5470,#5471,#5472));
#5474=FACE_OUTER_BOUND('',#5473,.F.);
#5476=ORIENTED_EDGE('',*,*,#5475,.T.);
#5478=ORIENTED_EDGE('',*,*,#5477,.T.);
#5480=ORIENTED_EDGE('',*,*,#5479,.T.);
#5482=ORIENTED_EDGE('',*,*,#5481,.T.);
#5484=ORIENTED_EDGE('',*,*,#5483,.T.);
#5486=ORIENTED_EDGE('',*,*,#5485,.T.);
#5488=ORIENTED_EDGE('',*,*,#5487,.T.);
#5490=ORIENTED_EDGE('',*,*,#5489,.T.);
#5491=EDGE_LOOP('',(#5476,#5478,#5480,#5482,#5484,#5486,#5488,#5490));
#5492=FACE_BOUND('',#5491,.F.);
#5494=FILL_AREA_STYLE_COLOUR('',#15);
#5495=FILL_AREA_STYLE('',(#5494));
#5496=SURFACE_STYLE_FILL_AREA(#5495);
#5497=SURFACE_SIDE_STYLE('',(#5496));
#5498=SURFACE_STYLE_USAGE(.NEGATIVE.,#5497);
#5499=PRESENTATION_STYLE_ASSIGNMENT((#5498));
#5500=STYLED_ITEM('',(#5499),#5493);
#5501=CARTESIAN_POINT('',(-1.335034043483E-3,0.E0,-8.179521943802E-1));
#5502=DIRECTION('',(0.E0,0.E0,1.E0));
#5503=DIRECTION('',(1.E0,0.E0,0.E0));
#5504=AXIS2_PLACEMENT_3D('',#5501,#5502,#5503);
#5505=PLANE('',#5504);
#5506=ORIENTED_EDGE('',*,*,#5322,.T.);
#5508=ORIENTED_EDGE('',*,*,#5507,.F.);
#5509=ORIENTED_EDGE('',*,*,#5475,.F.);
#5511=ORIENTED_EDGE('',*,*,#5510,.F.);
#5512=EDGE_LOOP('',(#5506,#5508,#5509,#5511));
#5513=FACE_OUTER_BOUND('',#5512,.F.);
#5515=CARTESIAN_POINT('',(-1.335034043483E-3,0.E0,-4.804521943802E-1));
#5516=DIRECTION('',(0.E0,1.E0,0.E0));
#5517=DIRECTION('',(1.E0,0.E0,0.E0));
#5518=AXIS2_PLACEMENT_3D('',#5515,#5516,#5517);
#5519=CYLINDRICAL_SURFACE('',#5518,3.375E-1);
#5520=ORIENTED_EDGE('',*,*,#5336,.F.);
#5522=ORIENTED_EDGE('',*,*,#5521,.T.);
#5523=ORIENTED_EDGE('',*,*,#5477,.F.);
#5524=ORIENTED_EDGE('',*,*,#5507,.T.);
#5525=EDGE_LOOP('',(#5520,#5522,#5523,#5524));
#5526=FACE_OUTER_BOUND('',#5525,.F.);
#5528=CARTESIAN_POINT('',(-3.388350340435E-1,0.E0,4.804521943802E-1));
#5529=DIRECTION('',(1.E0,0.E0,0.E0));
#5530=DIRECTION('',(0.E0,0.E0,-1.E0));
#5531=AXIS2_PLACEMENT_3D('',#5528,#5529,#5530);
#5532=PLANE('',#5531);
#5533=ORIENTED_EDGE('',*,*,#5334,.T.);
#5535=ORIENTED_EDGE('',*,*,#5534,.F.);
#5536=ORIENTED_EDGE('',*,*,#5479,.F.);
#5537=ORIENTED_EDGE('',*,*,#5521,.F.);
#5538=EDGE_LOOP('',(#5533,#5535,#5536,#5537));
#5539=FACE_OUTER_BOUND('',#5538,.F.);
#5541=CARTESIAN_POINT('',(-1.335034043483E-3,0.E0,4.804521943802E-1));
#5542=DIRECTION('',(0.E0,1.E0,0.E0));
#5543=DIRECTION('',(1.E0,0.E0,0.E0));
#5544=AXIS2_PLACEMENT_3D('',#5541,#5542,#5543);
#5545=CYLINDRICAL_SURFACE('',#5544,3.375E-1);
#5546=ORIENTED_EDGE('',*,*,#5332,.F.);
#5548=ORIENTED_EDGE('',*,*,#5547,.T.);
#5549=ORIENTED_EDGE('',*,*,#5481,.F.);
#5550=ORIENTED_EDGE('',*,*,#5534,.T.);
#5551=EDGE_LOOP('',(#5546,#5548,#5549,#5550));
#5552=FACE_OUTER_BOUND('',#5551,.F.);
#5554=CARTESIAN_POINT('',(1.335034043483E-3,0.E0,8.179521943802E-1));
#5555=DIRECTION('',(0.E0,0.E0,-1.E0));
#5556=DIRECTION('',(-1.E0,0.E0,0.E0));
#5557=AXIS2_PLACEMENT_3D('',#5554,#5555,#5556);
#5558=PLANE('',#5557);
#5559=ORIENTED_EDGE('',*,*,#5330,.T.);
#5561=ORIENTED_EDGE('',*,*,#5560,.F.);
#5562=ORIENTED_EDGE('',*,*,#5483,.F.);
#5563=ORIENTED_EDGE('',*,*,#5547,.F.);
#5564=EDGE_LOOP('',(#5559,#5561,#5562,#5563));
#5565=FACE_OUTER_BOUND('',#5564,.F.);
#5567=CARTESIAN_POINT('',(1.335034043483E-3,0.E0,4.804521943802E-1));
#5568=DIRECTION('',(0.E0,1.E0,0.E0));
#5569=DIRECTION('',(1.E0,0.E0,0.E0));
#5570=AXIS2_PLACEMENT_3D('',#5567,#5568,#5569);
#5571=CYLINDRICAL_SURFACE('',#5570,3.375E-1);
#5572=ORIENTED_EDGE('',*,*,#5328,.F.);
#5574=ORIENTED_EDGE('',*,*,#5573,.T.);
#5575=ORIENTED_EDGE('',*,*,#5485,.F.);
#5576=ORIENTED_EDGE('',*,*,#5560,.T.);
#5577=EDGE_LOOP('',(#5572,#5574,#5575,#5576));
#5578=FACE_OUTER_BOUND('',#5577,.F.);
#5580=CARTESIAN_POINT('',(3.388350340435E-1,0.E0,-4.804521943802E-1));
#5581=DIRECTION('',(-1.E0,0.E0,0.E0));
#5582=DIRECTION('',(0.E0,0.E0,1.E0));
#5583=AXIS2_PLACEMENT_3D('',#5580,#5581,#5582);
#5584=PLANE('',#5583);
#5585=ORIENTED_EDGE('',*,*,#5326,.T.);
#5587=ORIENTED_EDGE('',*,*,#5586,.F.);
#5588=ORIENTED_EDGE('',*,*,#5487,.F.);
#5589=ORIENTED_EDGE('',*,*,#5573,.F.);
#5590=EDGE_LOOP('',(#5585,#5587,#5588,#5589));
#5591=FACE_OUTER_BOUND('',#5590,.F.);
#5593=CARTESIAN_POINT('',(1.335034043483E-3,0.E0,-4.804521943802E-1));
#5594=DIRECTION('',(0.E0,1.E0,0.E0));
#5595=DIRECTION('',(1.E0,0.E0,0.E0));
#5596=AXIS2_PLACEMENT_3D('',#5593,#5594,#5595);
#5597=CYLINDRICAL_SURFACE('',#5596,3.375E-1);
#5598=ORIENTED_EDGE('',*,*,#5324,.F.);
#5599=ORIENTED_EDGE('',*,*,#5510,.T.);
#5600=ORIENTED_EDGE('',*,*,#5489,.F.);
#5601=ORIENTED_EDGE('',*,*,#5586,.T.);
#5602=EDGE_LOOP('',(#5598,#5599,#5600,#5601));
#5603=FACE_OUTER_BOUND('',#5602,.F.);
#5605=CLOSED_SHELL('',(#5340,#5362,#5376,#5390,#5404,#5418,#5432,#5446,#5459,
#5493,#5514,#5527,#5540,#5553,#5566,#5579,#5592,#5604));
#5606=MANIFOLD_SOLID_BREP('',#5605);
#5607=FILL_AREA_STYLE_COLOUR('',#15);
#5608=FILL_AREA_STYLE('',(#5607));
#5609=SURFACE_STYLE_FILL_AREA(#5608);
#5610=SURFACE_SIDE_STYLE('',(#5609));
#5611=SURFACE_STYLE_USAGE(.BOTH.,#5610);
#5612=PRESENTATION_STYLE_ASSIGNMENT((#5611));
#4882=STYLED_ITEM('',(#5612),#5606);
#5615=PLANE_ANGLE_MEASURE_WITH_UNIT(PLANE_ANGLE_MEASURE(1.745329251994E-2),
#5614);
#5616=(CONVERSION_BASED_UNIT('DEGREE',#5615)NAMED_UNIT(*)PLANE_ANGLE_UNIT());
#5618=UNCERTAINTY_MEASURE_WITH_UNIT(LENGTH_MEASURE(2.515487031496E-4),#5613,
'distance_accuracy_value',
'Maximum model space distance between geometric entities at asserted connectivities');
#5620=CARTESIAN_POINT('',(0.E0,0.E0,0.E0));
#5621=DIRECTION('',(0.E0,0.E0,1.E0));
#5622=DIRECTION('',(1.E0,0.E0,0.E0));
#5625=PRODUCT_DEFINITION_CONTEXT('part definition',#2637,'design');
#5626=PRODUCT_CONTEXT('',#2637,'mechanical');
#5627=PRODUCT('YUAN_3','YUAN_3','NOT SPECIFIED',(#5626));
#5628=PRODUCT_DEFINITION_FORMATION('1','LAST_VERSION',#5627);
#5636=DERIVED_UNIT_ELEMENT(#5635,2.E0);
#5637=DERIVED_UNIT((#5636));
#5638=MEASURE_REPRESENTATION_ITEM('surface area measure',AREA_MEASURE(
2.585863889321E0),#5637);
#5643=DERIVED_UNIT_ELEMENT(#5642,3.E0);
#5644=DERIVED_UNIT((#5643));
#5645=MEASURE_REPRESENTATION_ITEM('volume measure',VOLUME_MEASURE(
9.420102003071E-3),#5644);
#5649=CARTESIAN_POINT('centre point',(0.E0,3.75E-3,0.E0));
#5654=DERIVED_UNIT_ELEMENT(#5653,2.E0);
#5655=DERIVED_UNIT((#5654));
#5656=MEASURE_REPRESENTATION_ITEM('surface area measure',AREA_MEASURE(
2.585863889321E0),#5655);
#5661=DERIVED_UNIT_ELEMENT(#5660,3.E0);
#5662=DERIVED_UNIT((#5661));
#5663=MEASURE_REPRESENTATION_ITEM('volume measure',VOLUME_MEASURE(
9.420102003071E-3),#5662);
#5667=CARTESIAN_POINT('centre point',(0.E0,3.75E-3,0.E0));
#5674=CARTESIAN_POINT('centre point',(9.904780030366E0,5.198504082646E0,
-1.080852773035E1));
#5678=CARTESIAN_POINT('',(9.904780030366E0,5.198531989727E0,-1.081227762651E1));
#5679=DIRECTION('',(-9.999954625234E-1,3.012379477293E-3,2.241841254857E-5));
#5680=DIRECTION('',(-3.012462896110E-3,-9.999677714145E-1,-7.441854588320E-3));
#5681=AXIS2_PLACEMENT_3D('',#5678,#5679,#5680);
#5682=ITEM_DEFINED_TRANSFORMATION('','',#5623,#5681);
#5683=CARTESIAN_POINT('',(0.E0,0.E0,0.E0));
#5684=DIRECTION('',(0.E0,0.E0,1.E0));
#5685=DIRECTION('',(1.E0,0.E0,0.E0));
#5687=(REPRESENTATION_RELATIONSHIP('','',#5624,#3495)REPRESENTATION_RELATIONSHIP_WITH_TRANSFORMATION(#5682)SHAPE_REPRESENTATION_RELATIONSHIP());
#5688=CONTEXT_DEPENDENT_SHAPE_REPRESENTATION(#5687,#5673);
#5691=CARTESIAN_POINT('centre point',(5.773014337263E0,5.210950585301E0,
-1.080843510230E1));
#5695=CARTESIAN_POINT('',(5.773014337263E0,5.210978492382E0,-1.081218499846E1));
#5696=DIRECTION('',(-9.999954625234E-1,3.012379477293E-3,2.241841254857E-5));
#5697=DIRECTION('',(-3.012462896110E-3,-9.999677714145E-1,-7.441854588320E-3));
#5698=AXIS2_PLACEMENT_3D('',#5695,#5696,#5697);
#5699=ITEM_DEFINED_TRANSFORMATION('','',#5623,#5698);
#5700=CARTESIAN_POINT('',(0.E0,0.E0,0.E0));
#5701=DIRECTION('',(0.E0,0.E0,1.E0));
#5702=DIRECTION('',(1.E0,0.E0,0.E0));
#5704=(REPRESENTATION_RELATIONSHIP('','',#5624,#3495)REPRESENTATION_RELATIONSHIP_WITH_TRANSFORMATION(#5699)SHAPE_REPRESENTATION_RELATIONSHIP());
#5705=CONTEXT_DEPENDENT_SHAPE_REPRESENTATION(#5704,#5690);
#5708=PLANE_ANGLE_MEASURE_WITH_UNIT(PLANE_ANGLE_MEASURE(1.745329251994E-2),
#5707);
#5709=(CONVERSION_BASED_UNIT('DEGREE',#5708)NAMED_UNIT(*)PLANE_ANGLE_UNIT());
#5711=UNCERTAINTY_MEASURE_WITH_UNIT(LENGTH_MEASURE(2.025131824187E-3),#5706,
'distance_accuracy_value',
'Maximum model space distance between geometric entities at asserted connectivities');
#5713=CARTESIAN_POINT('',(0.E0,0.E0,0.E0));
#5714=DIRECTION('',(0.E0,0.E0,1.E0));
#5715=DIRECTION('',(1.E0,0.E0,0.E0));
#5717=PRODUCT_CONTEXT('',#2637,'mechanical');
#5718=PRODUCT('1013_ASM_1_ASM','1013_ASM_1_ASM','NOT SPECIFIED',(#5717));
#5719=PRODUCT_DEFINITION_FORMATION('1','LAST_VERSION',#5718);
#5722=DERIVED_UNIT_ELEMENT(#5721,2.E0);
#5723=DERIVED_UNIT((#5722));
#5724=MEASURE_REPRESENTATION_ITEM('surface area measure',AREA_MEASURE(
9.075983545082E2),#5723);
#5729=DERIVED_UNIT_ELEMENT(#5728,3.E0);
#5730=DERIVED_UNIT((#5729));
#5731=MEASURE_REPRESENTATION_ITEM('volume measure',VOLUME_MEASURE(
1.051415756784E3),#5730);
#5735=CARTESIAN_POINT('centre point',(6.351537588941E0,5.150010157234E0,
-5.843226745791E0));
#5744=CARTESIAN_POINT('centre point',(6.351537588941E0,5.150010157234E0,
-5.843226745791E0));
#5748=CARTESIAN_POINT('',(0.E0,0.E0,0.E0));
#5749=DIRECTION('',(0.E0,0.E0,1.E0));
#5750=DIRECTION('',(1.E0,0.E0,0.E0));
#5751=AXIS2_PLACEMENT_3D('',#5748,#5749,#5750);
#5752=ITEM_DEFINED_TRANSFORMATION('','',#3510,#5751);
#5753=(REPRESENTATION_RELATIONSHIP('','',#3495,#5741)REPRESENTATION_RELATIONSHIP_WITH_TRANSFORMATION(#5752)SHAPE_REPRESENTATION_RELATIONSHIP());
#5754=CONTEXT_DEPENDENT_SHAPE_REPRESENTATION(#5753,#5743);
#5757=PLANE_ANGLE_MEASURE_WITH_UNIT(PLANE_ANGLE_MEASURE(1.745329251994E-2),
#5756);
#5758=(CONVERSION_BASED_UNIT('DEGREE',#5757)NAMED_UNIT(*)PLANE_ANGLE_UNIT());
#5760=UNCERTAINTY_MEASURE_WITH_UNIT(LENGTH_MEASURE(2.025131824187E-3),#5755,
'distance_accuracy_value',
'Maximum model space distance between geometric entities at asserted connectivities');
#5762=CARTESIAN_POINT('',(0.E0,0.E0,0.E0));
#5763=DIRECTION('',(0.E0,0.E0,1.E0));
#5764=DIRECTION('',(1.E0,0.E0,0.E0));
#5766=MECHANICAL_DESIGN_GEOMETRIC_PRESENTATION_REPRESENTATION('',(#25,#32,#39,
#46,#53,#60,#67,#74,#81,#88,#95,#102,#110,#117,#124,#132,#139,#146,#153,#161,
#168,#175,#182,#189,#196,#203,#210,#218,#226,#233,#240,#247,#255,#262,#270,#277,
#284,#291,#298,#305,#312,#319,#326,#334,#341,#348,#356,#363,#370,#378,#385,#392,
#400,#407,#414,#422,#429,#436,#443,#450,#457,#464,#471,#479,#486,#493,#500,#507,
#514,#521,#528,#535,#542,#549,#556,#563,#570,#577,#584,#591,#598,#605,#612,#619,
#626,#633,#640,#647,#654,#661,#668,#675,#682,#689,#696,#703,#710,#717,#724,#731,
#738,#745,#752,#760,#768,#775,#782,#789,#797,#804,#812,#819,#826,#833,#840,#847,
#861,#875,#882,#889,#896,#903,#910,#917,#924,#931,#938,#945,#952,#959,#966,#974,
#981,#988,#996,#1003,#1010,#1017,#1024,#1031,#1038,#1045,#1053,#1060,#1067,
#1074,#1081,#1088,#1095,#1102,#1109,#1116,#1124,#1132,#1139,#1146,#1153,#1161,
#1169,#1176,#1183,#1197,#1211,#1218,#1225,#1232,#1239,#1246,#1253,#1260,#1267,
#1274,#1281,#1288,#1539,#2177,#2201,#2222,#2243,#2263,#2285,#2306,#2508,#2531,
#2554,#2575,#2597,#2616,#17,#2714,#2722,#2729,#2736,#2744,#2752,#2706,#2902,
#2910,#2917,#2924,#2932,#2940,#2894,#3091,#3099,#3106,#3113,#3121,#3129,#3083,
#3279,#3287,#3294,#3301,#3309,#3317,#3271,#3521,#3529,#3536,#3544,#3552,#3560,
#3568,#3576,#3584,#3592,#3600,#3608,#3616,#3623,#3631,#3639,#3647,#3655,#3663,
#3671,#3679,#3686,#3693,#3701,#3709,#3717,#3725,#3733,#3741,#3749,#3757,#3765,
#3773,#3781,#3789,#3797,#3805,#3813,#3821,#3829,#3836,#3843,#3850,#3857,#3864,
#3871,#3878,#3885,#3892,#3899,#3906,#3913,#3920,#3927,#3934,#3941,#3948,#3955,
#3962,#3969,#3976,#3983,#3990,#3997,#4004,#4011,#4018,#4512,#3513,#4606,#4614,
#4621,#4628,#4635,#4642,#4649,#4656,#4664,#4671,#4679,#4686,#4745,#4598,#4890,
#4898,#4906,#4914,#4922,#4930,#4938,#4946,#4953,#4960,#4967,#4974,#4981,#4988,
#4995,#5002,#5009,#5016,#5023,#5030,#5038,#5045,#5053,#5060,#5068,#5075,#5083,
#5090,#5097,#5105,#5112,#5120,#5127,#5135,#5142,#5150,#5157,#5164,#5171,#5178,
#5185,#5192,#5199,#5206,#5213,#5220,#5227,#5234,#5347,#5500,#4882),#5761);
#5767=PRODUCT_DEFINITION_CONTEXT('part definition',#2637,'design');
#5768=PRODUCT_CONTEXT('',#2637,'mechanical');
#5769=PRODUCT('1013_ASM_ASM','1013_ASM_ASM','NOT SPECIFIED',(#5768));
#5770=PRODUCT_DEFINITION_FORMATION('1','LAST_VERSION',#5769);
#5773=DERIVED_UNIT_ELEMENT(#5772,2.E0);
#5774=DERIVED_UNIT((#5773));
#5775=MEASURE_REPRESENTATION_ITEM('surface area measure',AREA_MEASURE(
9.075983545082E2),#5774);
#5780=DERIVED_UNIT_ELEMENT(#5779,3.E0);
#5781=DERIVED_UNIT((#5780));
#5782=MEASURE_REPRESENTATION_ITEM('volume measure',VOLUME_MEASURE(
1.051415756784E3),#5781);
#5786=CARTESIAN_POINT('centre point',(6.351537588941E0,5.150010157234E0,
-5.843226745791E0));
#5790=PRODUCT_RELATED_PRODUCT_CATEGORY('part','',(#3472,#5718,#5769,#2641,#2832,
#3021,#3209,#3398,#4535,#4820,#5627));
#1=DRAUGHTING_PRE_DEFINED_COLOUR('green');
#2=COLOUR_RGB('',1.1E-2,1.2E-2,1.E0);
#3=COLOUR_RGB('',2.117647058824E-1,2.196078431373E-1,2.196078431373E-1);
#4=COLOUR_RGB('',4.1E-1,2.61589E-1,1.12848E-1);
#5=COLOUR_RGB('',5.04854E-1,1.5455E-2,1.5455E-2);
#6=COLOUR_RGB('',6.35294E-1,6.86275E-1,7.4902E-1);
#7=COLOUR_RGB('',6.40777E-1,6.40777E-1,6.40777E-1);
#8=COLOUR_RGB('',6.69062E-1,6.69903E-1,6.55217E-1);
#9=COLOUR_RGB('',8.313725490196E-1,8.392156862745E-1,8.313725490196E-1);
#10=COLOUR_RGB('',9.019607843137E-1,9.215686274510E-1,9.215686274510E-1);
#11=COLOUR_RGB('',9.21569E-1,7.05882E-1,4.70588E-1);
#12=DRAUGHTING_PRE_DEFINED_COLOUR('red');
#13=DRAUGHTING_PRE_DEFINED_COLOUR('yellow');
#14=COLOUR_RGB('',1.E0,1.E0,5.3E-1);
#15=COLOUR_RGB('',1.E0,1.E0,9.49E-1);
#16=DRAUGHTING_PRE_DEFINED_COLOUR('white');
#107=CIRCLE('',#106,3.47221875E-1);
#129=CIRCLE('',#128,5.E0);
#158=CIRCLE('',#157,3.47221875E-1);
#215=CIRCLE('',#214,5.4E-1);
#223=CIRCLE('',#222,5.4E-1);
#252=CIRCLE('',#251,5.4E-1);
#267=CIRCLE('',#266,5.4E-1);
#331=CIRCLE('',#330,5.E0);
#353=CIRCLE('',#352,5.E0);
#375=CIRCLE('',#374,5.E0);
#397=CIRCLE('',#396,5.E0);
#419=CIRCLE('',#418,5.E0);
#476=CIRCLE('',#475,5.E0);
#757=CIRCLE('',#756,4.5E-1);
#765=CIRCLE('',#764,4.5E-1);
#794=CIRCLE('',#793,5.4E-1);
#809=CIRCLE('',#808,5.4E-1);
#858=B_SPLINE_CURVE_WITH_KNOTS('',3,(#848,#849,#850,#851,#852,#853,#854,#855,
#856,#857),.UNSPECIFIED.,.F.,.F.,(4,1,1,1,1,1,1,4),(0.E0,1.428571428571E-1,
2.857142857143E-1,4.285714285714E-1,5.714285714286E-1,7.142857142857E-1,
8.571428571429E-1,1.E0),.UNSPECIFIED.);
#872=B_SPLINE_CURVE_WITH_KNOTS('',3,(#862,#863,#864,#865,#866,#867,#868,#869,
#870,#871),.UNSPECIFIED.,.F.,.F.,(4,1,1,1,1,1,1,4),(0.E0,1.428571428571E-1,
2.857142857143E-1,4.285714285714E-1,5.714285714286E-1,7.142857142857E-1,
8.571428571429E-1,1.E0),.UNSPECIFIED.);
#971=CIRCLE('',#970,5.E0);
#993=CIRCLE('',#992,3.47221875E-1);
#1050=CIRCLE('',#1049,3.47221875E-1);
#1121=CIRCLE('',#1120,4.5E-1);
#1129=CIRCLE('',#1128,4.5E-1);
#1158=CIRCLE('',#1157,5.4E-1);
#1166=CIRCLE('',#1165,5.4E-1);
#1194=B_SPLINE_CURVE_WITH_KNOTS('',3,(#1184,#1185,#1186,#1187,#1188,#1189,#1190,
#1191,#1192,#1193),.UNSPECIFIED.,.F.,.F.,(4,1,1,1,1,1,1,4),(0.E0,
1.428571428571E-1,2.857142857143E-1,4.285714285714E-1,5.714285714286E-1,
7.142857142857E-1,8.571428571429E-1,1.E0),.UNSPECIFIED.);
#1208=B_SPLINE_CURVE_WITH_KNOTS('',3,(#1198,#1199,#1200,#1201,#1202,#1203,#1204,
#1205,#1206,#1207),.UNSPECIFIED.,.F.,.F.,(4,1,1,1,1,1,1,4),(0.E0,
1.428571428571E-1,2.857142857143E-1,4.285714285714E-1,5.714285714286E-1,
7.142857142857E-1,8.571428571429E-1,1.E0),.UNSPECIFIED.);
#1522=EDGE_CURVE('',#1291,#1292,#21,.T.);
#1524=EDGE_CURVE('',#1292,#1294,#29,.T.);
#1526=EDGE_CURVE('',#1294,#1296,#36,.T.);
#1528=EDGE_CURVE('',#1296,#1291,#43,.T.);
#1532=ADVANCED_FACE('',(#1531),#1521,.T.);
#1545=EDGE_CURVE('',#1299,#1300,#85,.T.);
#1547=EDGE_CURVE('',#1302,#1299,#411,.T.);
#1549=EDGE_CURVE('',#1302,#1304,#50,.T.);
#1551=EDGE_CURVE('',#1306,#1304,#1000,.T.);
#1553=EDGE_CURVE('',#1308,#1306,#1028,.T.);
#1555=EDGE_CURVE('',#1308,#1310,#57,.T.);
#1557=EDGE_CURVE('',#1312,#1310,#1078,.T.);
#1559=EDGE_CURVE('',#1292,#1312,#1143,.T.);
#1562=EDGE_CURVE('',#1314,#1291,#1180,.T.);
#1564=EDGE_CURVE('',#1314,#1316,#64,.T.);
#1566=EDGE_CURVE('',#1316,#1318,#71,.T.);
#1568=EDGE_CURVE('',#1320,#1318,#143,.T.);
#1570=EDGE_CURVE('',#1300,#1320,#99,.T.);
#1574=ADVANCED_FACE('',(#1573),#1544,.T.);
#1580=EDGE_CURVE('',#1322,#1300,#92,.T.);
#1582=EDGE_CURVE('',#1324,#1322,#532,.T.);
#1584=EDGE_CURVE('',#1324,#1299,#78,.T.);
#1589=ADVANCED_FACE('',(#1588),#1579,.F.);
#1597=EDGE_CURVE('',#1320,#1334,#107,.T.);
#1599=EDGE_CURVE('',#1334,#1336,#114,.T.);
#1601=EDGE_CURVE('',#1336,#1338,#121,.T.);
#1603=EDGE_CURVE('',#1338,#1322,#129,.T.);
#1607=ADVANCED_FACE('',(#1606),#1594,.T.);
#1613=EDGE_CURVE('',#1348,#1318,#158,.T.);
#1615=EDGE_CURVE('',#1348,#1334,#136,.T.);
#1621=ADVANCED_FACE('',(#1620),#1612,.T.);
#1627=EDGE_CURVE('',#1377,#1378,#172,.T.);
#1629=EDGE_CURVE('',#1377,#1348,#150,.T.);
#1633=EDGE_CURVE('',#1316,#1378,#165,.T.);
#1637=ADVANCED_FACE('',(#1636),#1626,.F.);
#1644=EDGE_CURVE('',#1404,#1378,#186,.T.);
#1646=EDGE_CURVE('',#1402,#1404,#237,.T.);
#1648=EDGE_CURVE('',#1402,#1377,#179,.T.);
#1652=ADVANCED_FACE('',(#1651),#1642,.F.);
#1658=EDGE_CURVE('',#1404,#1406,#244,.T.);
#1663=EDGE_CURVE('',#1470,#1314,#1173,.T.);
#1665=EDGE_CURVE('',#1406,#1470,#1106,.T.);
#1669=ADVANCED_FACE('',(#1668),#1657,.T.);
#1675=EDGE_CURVE('',#1394,#1382,#193,.T.);
#1677=EDGE_CURVE('',#1382,#1380,#200,.T.);
#1679=EDGE_CURVE('',#1380,#1388,#207,.T.);
#1681=EDGE_CURVE('',#1388,#1396,#215,.T.);
#1683=EDGE_CURVE('',#1398,#1396,#609,.T.);
#1685=EDGE_CURVE('',#1398,#1400,#223,.T.);
#1687=EDGE_CURVE('',#1386,#1400,#581,.T.);
#1689=EDGE_CURVE('',#1386,#1384,#230,.T.);
#1691=EDGE_CURVE('',#1402,#1384,#504,.T.);
#1695=EDGE_CURVE('',#1406,#1408,#252,.T.);
#1697=EDGE_CURVE('',#1408,#1410,#259,.T.);
#1699=EDGE_CURVE('',#1410,#1412,#267,.T.);
#1701=EDGE_CURVE('',#1414,#1412,#1071,.T.);
#1703=EDGE_CURVE('',#1414,#1394,#274,.T.);
#1707=ADVANCED_FACE('',(#1706),#1674,.T.);
#1713=EDGE_CURVE('',#1417,#1418,#281,.T.);
#1715=EDGE_CURVE('',#1418,#1354,#288,.T.);
#1717=EDGE_CURVE('',#1354,#1352,#295,.T.);
#1719=EDGE_CURVE('',#1382,#1352,#637,.T.);
#1722=EDGE_CURVE('',#1394,#1372,#302,.T.);
#1724=EDGE_CURVE('',#1372,#1374,#309,.T.);
#1726=EDGE_CURVE('',#1346,#1374,#1035,.T.);
#1728=EDGE_CURVE('',#1344,#1346,#985,.T.);
#1730=EDGE_CURVE('',#1420,#1344,#963,.T.);
#1732=EDGE_CURVE('',#1422,#1420,#389,.T.);
#1734=EDGE_CURVE('',#1422,#1417,#316,.T.);
#1738=ADVANCED_FACE('',(#1737),#1712,.T.);
#1745=EDGE_CURVE('',#1417,#1424,#323,.T.);
#1747=EDGE_CURVE('',#1424,#1426,#331,.T.);
#1749=EDGE_CURVE('',#1428,#1426,#714,.T.);
#1751=EDGE_CURVE('',#1428,#1430,#338,.T.);
#1753=EDGE_CURVE('',#1430,#1418,#345,.T.);
#1757=ADVANCED_FACE('',(#1756),#1743,.F.);
#1765=EDGE_CURVE('',#1444,#1422,#382,.T.);
#1767=EDGE_CURVE('',#1424,#1444,#728,.T.);
#1771=ADVANCED_FACE('',(#1770),#1762,.F.);
#1777=EDGE_CURVE('',#1440,#1332,#353,.T.);
#1779=EDGE_CURVE('',#1330,#1332,#742,.T.);
#1781=EDGE_CURVE('',#1330,#1448,#360,.T.);
#1783=EDGE_CURVE('',#1448,#1446,#367,.T.);
#1785=EDGE_CURVE('',#1446,#1444,#375,.T.);
#1789=EDGE_CURVE('',#1450,#1420,#956,.T.);
#1791=EDGE_CURVE('',#1450,#1452,#397,.T.);
#1793=EDGE_CURVE('',#1452,#1302,#404,.T.);
#1797=EDGE_CURVE('',#1324,#1454,#419,.T.);
#1799=EDGE_CURVE('',#1456,#1454,#525,.T.);
#1801=EDGE_CURVE('',#1442,#1456,#490,.T.);
#1803=EDGE_CURVE('',#1442,#1440,#426,.T.);
#1807=ADVANCED_FACE('',(#1806),#1776,.T.);
#1813=EDGE_CURVE('',#1328,#1438,#476,.T.);
#1815=EDGE_CURVE('',#1328,#1332,#433,.T.);
#1818=EDGE_CURVE('',#1440,#1438,#440,.T.);
#1822=ADVANCED_FACE('',(#1821),#1812,.F.);
#1828=EDGE_CURVE('',#1433,#1434,#447,.T.);
#1830=EDGE_CURVE('',#1434,#1436,#454,.T.);
#1832=EDGE_CURVE('',#1436,#1327,#461,.T.);
#1834=EDGE_CURVE('',#1327,#1328,#468,.T.);
#1837=EDGE_CURVE('',#1438,#1433,#483,.T.);
#1841=ADVANCED_FACE('',(#1840),#1827,.F.);
#1848=EDGE_CURVE('',#1442,#1433,#518,.T.);
#1851=EDGE_CURVE('',#1456,#1336,#497,.T.);
#1858=EDGE_CURVE('',#1384,#1361,#511,.T.);
#1860=EDGE_CURVE('',#1368,#1361,#574,.T.);
#1862=EDGE_CURVE('',#1434,#1368,#749,.T.);
#1866=ADVANCED_FACE('',(#1865),#1846,.T.);
#1878=ADVANCED_FACE('',(#1877),#1871,.F.);
#1887=EDGE_CURVE('',#1338,#1454,#539,.T.);
#1891=ADVANCED_FACE('',(#1890),#1883,.F.);
#1903=ADVANCED_FACE('',(#1902),#1896,.F.);
#1909=EDGE_CURVE('',#1361,#1362,#553,.T.);
#1913=EDGE_CURVE('',#1386,#1362,#546,.T.);
#1917=ADVANCED_FACE('',(#1916),#1908,.F.);
#1924=EDGE_CURVE('',#1362,#1364,#560,.T.);
#1926=EDGE_CURVE('',#1366,#1364,#686,.T.);
#1928=EDGE_CURVE('',#1366,#1368,#567,.T.);
#1933=ADVANCED_FACE('',(#1932),#1922,.F.);
#1940=EDGE_CURVE('',#1489,#1400,#602,.T.);
#1942=EDGE_CURVE('',#1458,#1489,#786,.T.);
#1944=EDGE_CURVE('',#1458,#1364,#588,.T.);
#1950=ADVANCED_FACE('',(#1949),#1938,.F.);
#1957=EDGE_CURVE('',#1398,#1491,#595,.T.);
#1959=EDGE_CURVE('',#1489,#1491,#794,.T.);
#1964=ADVANCED_FACE('',(#1963),#1955,.F.);
#1971=EDGE_CURVE('',#1493,#1396,#623,.T.);
#1973=EDGE_CURVE('',#1491,#1493,#801,.T.);
#1978=ADVANCED_FACE('',(#1977),#1969,.F.);
#1985=EDGE_CURVE('',#1388,#1392,#616,.T.);
#1987=EDGE_CURVE('',#1493,#1392,#809,.T.);
#1992=ADVANCED_FACE('',(#1991),#1983,.F.);
#1999=EDGE_CURVE('',#1380,#1351,#630,.T.);
#2001=EDGE_CURVE('',#1358,#1351,#658,.T.);
#2003=EDGE_CURVE('',#1390,#1358,#700,.T.);
#2005=EDGE_CURVE('',#1392,#1390,#816,.T.);
#2010=ADVANCED_FACE('',(#2009),#1997,.F.);
#2016=EDGE_CURVE('',#1351,#1352,#644,.T.);
#2023=ADVANCED_FACE('',(#2022),#2015,.F.);
#2031=EDGE_CURVE('',#1354,#1356,#651,.T.);
#2033=EDGE_CURVE('',#1358,#1356,#707,.T.);
#2038=ADVANCED_FACE('',(#2037),#2028,.F.);
#2045=EDGE_CURVE('',#1430,#1356,#665,.T.);
#2051=ADVANCED_FACE('',(#2050),#2043,.F.);
#2058=EDGE_CURVE('',#1448,#1428,#721,.T.);
#2061=EDGE_CURVE('',#1330,#1327,#672,.T.);
#2064=EDGE_CURVE('',#1436,#1366,#679,.T.);
#2068=EDGE_CURVE('',#1460,#1458,#779,.T.);
#2070=EDGE_CURVE('',#1460,#1462,#693,.T.);
#2072=EDGE_CURVE('',#1390,#1462,#823,.T.);
#2079=ADVANCED_FACE('',(#2078),#2056,.T.);
#2086=EDGE_CURVE('',#1446,#1426,#735,.T.);
#2092=ADVANCED_FACE('',(#2091),#2084,.F.);
#2104=ADVANCED_FACE('',(#2103),#2097,.F.);
#2116=ADVANCED_FACE('',(#2115),#2109,.F.);
#2128=ADVANCED_FACE('',(#2127),#2121,.T.);
#2134=EDGE_CURVE('',#1495,#1462,#837,.T.);
#2136=EDGE_CURVE('',#1495,#1497,#757,.T.);
#2138=EDGE_CURVE('',#1497,#1499,#765,.T.);
#2140=EDGE_CURVE('',#1499,#1460,#772,.T.);
#2151=ADVANCED_FACE('',(#2150),#2133,.T.);
#2157=EDGE_CURVE('',#1502,#1503,#830,.T.);
#2159=EDGE_CURVE('',#1495,#1503,#949,.T.);
#2162=EDGE_CURVE('',#1462,#1505,#844,.T.);
#2164=EDGE_CURVE('',#1507,#1505,#914,.T.);
#2166=EDGE_CURVE('',#1502,#1507,#886,.T.);
#2170=ADVANCED_FACE('',(#2169),#2156,.T.);
#2184=EDGE_CURVE('',#1509,#1502,#879,.T.);
#2186=EDGE_CURVE('',#1511,#1509,#921,.T.);
#2188=EDGE_CURVE('',#1511,#1512,#858,.T.);
#2190=EDGE_CURVE('',#1512,#1503,#872,.T.);
#2194=ADVANCED_FACE('',(#2193),#2182,.F.);
#2209=EDGE_CURVE('',#1507,#1514,#893,.T.);
#2211=EDGE_CURVE('',#1514,#1509,#900,.T.);
#2215=ADVANCED_FACE('',(#2214),#2206,.T.);
#2228=EDGE_CURVE('',#1505,#1516,#907,.T.);
#2230=EDGE_CURVE('',#1514,#1516,#928,.T.);
#2236=ADVANCED_FACE('',(#2235),#2227,.T.);
#2250=EDGE_CURVE('',#1516,#1460,#935,.T.);
#2256=ADVANCED_FACE('',(#2255),#2248,.F.);
#2274=EDGE_CURVE('',#1511,#1499,#942,.T.);
#2278=ADVANCED_FACE('',(#2277),#2268,.T.);
#2299=ADVANCED_FACE('',(#2298),#2290,.T.);
#2312=EDGE_CURVE('',#1342,#1344,#978,.T.);
#2314=EDGE_CURVE('',#1450,#1342,#1021,.T.);
#2320=ADVANCED_FACE('',(#2319),#2311,.F.);
#2326=EDGE_CURVE('',#1340,#1304,#1007,.T.);
#2328=EDGE_CURVE('',#1340,#1342,#971,.T.);
#2332=EDGE_CURVE('',#1346,#1306,#993,.T.);
#2337=ADVANCED_FACE('',(#2336),#2325,.T.);
#2346=EDGE_CURVE('',#1340,#1452,#1014,.T.);
#2350=ADVANCED_FACE('',(#2349),#2342,.F.);
#2362=ADVANCED_FACE('',(#2361),#2355,.F.);
#2368=EDGE_CURVE('',#1308,#1374,#1050,.T.);
#2375=ADVANCED_FACE('',(#2374),#2367,.T.);
#2381=EDGE_CURVE('',#1371,#1372,#1057,.T.);
#2383=EDGE_CURVE('',#1371,#1310,#1042,.T.);
#2390=ADVANCED_FACE('',(#2389),#2380,.F.);
#2399=EDGE_CURVE('',#1414,#1371,#1064,.T.);
#2403=ADVANCED_FACE('',(#2402),#2395,.F.);
#2410=EDGE_CURVE('',#1464,#1412,#1092,.T.);
#2412=EDGE_CURVE('',#1312,#1464,#1150,.T.);
#2419=ADVANCED_FACE('',(#2418),#2408,.T.);
#2426=EDGE_CURVE('',#1410,#1466,#1085,.T.);
#2428=EDGE_CURVE('',#1464,#1466,#1158,.T.);
#2433=ADVANCED_FACE('',(#2432),#2424,.F.);
#2440=EDGE_CURVE('',#1468,#1408,#1113,.T.);
#2442=EDGE_CURVE('',#1468,#1466,#1099,.T.);
#2447=ADVANCED_FACE('',(#2446),#2438,.T.);
#2455=EDGE_CURVE('',#1468,#1470,#1166,.T.);
#2460=ADVANCED_FACE('',(#2459),#2452,.F.);
#2466=EDGE_CURVE('',#1473,#1474,#1121,.T.);
#2468=EDGE_CURVE('',#1474,#1476,#1129,.T.);
#2470=EDGE_CURVE('',#1476,#1292,#1136,.T.);
#2479=EDGE_CURVE('',#1473,#1291,#1271,.T.);
#2483=ADVANCED_FACE('',(#2482),#2465,.F.);
#2489=EDGE_CURVE('',#1479,#1477,#1194,.T.);
#2491=EDGE_CURVE('',#1477,#1478,#1208,.T.);
#2493=EDGE_CURVE('',#1478,#1476,#1215,.T.);
#2497=EDGE_CURVE('',#1473,#1479,#1222,.T.);
#2501=ADVANCED_FACE('',(#2500),#2488,.T.);
#2514=EDGE_CURVE('',#1478,#1481,#1236,.T.);
#2518=EDGE_CURVE('',#1483,#1479,#1264,.T.);
#2520=EDGE_CURVE('',#1483,#1481,#1229,.T.);
#2524=ADVANCED_FACE('',(#2523),#2513,.T.);
#2538=EDGE_CURVE('',#1485,#1481,#1257,.T.);
#2540=EDGE_CURVE('',#1485,#1294,#1243,.T.);
#2547=ADVANCED_FACE('',(#2546),#2536,.F.);
#2561=EDGE_CURVE('',#1483,#1487,#1250,.T.);
#2563=EDGE_CURVE('',#1485,#1487,#1278,.T.);
#2568=ADVANCED_FACE('',(#2567),#2559,.F.);
#2585=EDGE_CURVE('',#1487,#1296,#1285,.T.);
#2590=ADVANCED_FACE('',(#2589),#2580,.F.);
#2609=ADVANCED_FACE('',(#2608),#2602,.F.);
#2625=(LENGTH_UNIT()NAMED_UNIT(*)SI_UNIT(.MILLI.,.METRE.));
#2626=(NAMED_UNIT(*)PLANE_ANGLE_UNIT()SI_UNIT($,.RADIAN.));
#2629=(NAMED_UNIT(*)SI_UNIT($,.STERADIAN.)SOLID_ANGLE_UNIT());
#2631=(GEOMETRIC_REPRESENTATION_CONTEXT(3)GLOBAL_UNCERTAINTY_ASSIGNED_CONTEXT((
#2630))GLOBAL_UNIT_ASSIGNED_CONTEXT((#2625,#2628,#2629))REPRESENTATION_CONTEXT(
'ID1','3'));
#2635=AXIS2_PLACEMENT_3D('',#2632,#2633,#2634);
#2636=ADVANCED_BREP_SHAPE_REPRESENTATION('',(#2635,#2618),#2631);
#2643=PRODUCT_DEFINITION('part definition','',#2642,#2639);
#2644=PRODUCT_DEFINITION_SHAPE('','SHAPE FOR _000_56_1.',#2643);
#2645=SHAPE_ASPECT('','solid data associated with _000_56_1',#2644,.F.);
#2646=PROPERTY_DEFINITION('',
'shape for solid data with which properties are associated',#2645);
#2647=SHAPE_REPRESENTATION('',(#2618),#2631);
#2648=SHAPE_DEFINITION_REPRESENTATION(#2646,#2647);
#2649=(LENGTH_UNIT()NAMED_UNIT(*)SI_UNIT(.MILLI.,.METRE.));
#2653=PROPERTY_DEFINITION('geometric validation property','area of _000_56_1',
#2645);
#2654=REPRESENTATION('surface area',(#2652),#2631);
#2655=PROPERTY_DEFINITION_REPRESENTATION(#2653,#2654);
#2656=(LENGTH_UNIT()NAMED_UNIT(*)SI_UNIT(.MILLI.,.METRE.));
#2660=PROPERTY_DEFINITION('geometric validation property','volume of _000_56_1',
#2645);
#2661=REPRESENTATION('volume',(#2659),#2631);
#2662=PROPERTY_DEFINITION_REPRESENTATION(#2660,#2661);
#2664=PROPERTY_DEFINITION('geometric validation property',
'centroid of _000_56_1',#2645);
#2665=REPRESENTATION('centroid',(#2663),#2631);
#2666=PROPERTY_DEFINITION_REPRESENTATION(#2664,#2665);
#2667=(LENGTH_UNIT()NAMED_UNIT(*)SI_UNIT(.MILLI.,.METRE.));
#2671=PROPERTY_DEFINITION('geometric validation property','area of _000_56_1',
#2644);
#2672=REPRESENTATION('surface area',(#2670),#2631);
#2673=PROPERTY_DEFINITION_REPRESENTATION(#2671,#2672);
#2674=(LENGTH_UNIT()NAMED_UNIT(*)SI_UNIT(.MILLI.,.METRE.));
#2678=PROPERTY_DEFINITION('geometric validation property','volume of _000_56_1',
#2644);
#2679=REPRESENTATION('volume',(#2677),#2631);
#2680=PROPERTY_DEFINITION_REPRESENTATION(#2678,#2679);
#2682=PROPERTY_DEFINITION('geometric validation property',
'centroid of _000_56_1',#2644);
#2683=REPRESENTATION('centroid',(#2681),#2631);
#2684=PROPERTY_DEFINITION_REPRESENTATION(#2682,#2683);
#2685=SHAPE_DEFINITION_REPRESENTATION(#2644,#2636);
#2686=SHAPE_DEFINITION_REPRESENTATION(#2687,#2688);
#2687=PRODUCT_DEFINITION_SHAPE('','SHAPE FOR _000_56_ASM.',#3474);
#2688=SHAPE_REPRESENTATION('',(#2703,#2698,#2891,#2886,#3080,#3075,#3268,#3263,
#3457,#3452,#3470),#3466);
#2689=NEXT_ASSEMBLY_USAGE_OCCURRENCE('10','Next assembly relationship',
'_000_56_1',#3474,#2643,$);
#2690=PRODUCT_DEFINITION_SHAPE('Placement #10',
'Placement of _000_56_1 with respect to _000_56_ASM',#2689);
#2692=PROPERTY_DEFINITION('geometric validation property',
'centroid of _000_56_1',#2690);
#2693=REPRESENTATION('centroid',(#2691),#2631);
#2694=PROPERTY_DEFINITION_REPRESENTATION(#2692,#2693);
#2703=AXIS2_PLACEMENT_3D('',#2700,#2701,#2702);
#2711=CIRCLE('',#2710,1.533336648480E-1);
#2719=CIRCLE('',#2718,1.533336648480E-1);
#2741=CIRCLE('',#2740,1.533336648480E-1);
#2749=CIRCLE('',#2748,1.533336648480E-1);
#2766=EDGE_CURVE('',#2755,#2756,#2711,.T.);
#2768=EDGE_CURVE('',#2756,#2755,#2719,.T.);
#2772=ADVANCED_FACE('',(#2771),#2765,.F.);
#2779=EDGE_CURVE('',#2758,#2755,#2733,.T.);
#2781=EDGE_CURVE('',#2760,#2758,#2741,.T.);
#2783=EDGE_CURVE('',#2760,#2756,#2726,.T.);
#2787=ADVANCED_FACE('',(#2786),#2777,.T.);
#2795=EDGE_CURVE('',#2758,#2760,#2749,.T.);
#2800=ADVANCED_FACE('',(#2799),#2792,.T.);
#2810=ADVANCED_FACE('',(#2809),#2805,.T.);
#2819=(LENGTH_UNIT()NAMED_UNIT(*)SI_UNIT(.MILLI.,.METRE.));
#2820=(NAMED_UNIT(*)PLANE_ANGLE_UNIT()SI_UNIT($,.RADIAN.));
#2823=(NAMED_UNIT(*)SI_UNIT($,.STERADIAN.)SOLID_ANGLE_UNIT());
#2825=(GEOMETRIC_REPRESENTATION_CONTEXT(3)GLOBAL_UNCERTAINTY_ASSIGNED_CONTEXT((
#2824))GLOBAL_UNIT_ASSIGNED_CONTEXT((#2819,#2822,#2823))REPRESENTATION_CONTEXT(
'ID2','3'));
#2829=AXIS2_PLACEMENT_3D('',#2826,#2827,#2828);
#2830=ADVANCED_BREP_SHAPE_REPRESENTATION('',(#2829,#2812),#2825);
#2834=PRODUCT_DEFINITION('part definition','',#2833,#2639);
#2835=PRODUCT_DEFINITION_SHAPE('','SHAPE FOR _000_56_2.',#2834);
#2836=SHAPE_ASPECT('','solid data associated with _000_56_2',#2835,.F.);
#2837=PROPERTY_DEFINITION('',
'shape for solid data with which properties are associated',#2836);
#2838=SHAPE_REPRESENTATION('',(#2812),#2825);
#2839=SHAPE_DEFINITION_REPRESENTATION(#2837,#2838);
#2840=(LENGTH_UNIT()NAMED_UNIT(*)SI_UNIT(.MILLI.,.METRE.));
#2844=PROPERTY_DEFINITION('geometric validation property','area of _000_56_2',
#2836);
#2845=REPRESENTATION('surface area',(#2843),#2825);
#2846=PROPERTY_DEFINITION_REPRESENTATION(#2844,#2845);
#2847=(LENGTH_UNIT()NAMED_UNIT(*)SI_UNIT(.MILLI.,.METRE.));
#2851=PROPERTY_DEFINITION('geometric validation property','volume of _000_56_2',
#2836);
#2852=REPRESENTATION('volume',(#2850),#2825);
#2853=PROPERTY_DEFINITION_REPRESENTATION(#2851,#2852);
#2855=PROPERTY_DEFINITION('geometric validation property',
'centroid of _000_56_2',#2836);
#2856=REPRESENTATION('centroid',(#2854),#2825);
#2857=PROPERTY_DEFINITION_REPRESENTATION(#2855,#2856);
#2858=(LENGTH_UNIT()NAMED_UNIT(*)SI_UNIT(.MILLI.,.METRE.));
#2862=PROPERTY_DEFINITION('geometric validation property','area of _000_56_2',
#2835);
#2863=REPRESENTATION('surface area',(#2861),#2825);
#2864=PROPERTY_DEFINITION_REPRESENTATION(#2862,#2863);
#2865=(LENGTH_UNIT()NAMED_UNIT(*)SI_UNIT(.MILLI.,.METRE.));
#2869=PROPERTY_DEFINITION('geometric validation property','volume of _000_56_2',
#2835);
#2870=REPRESENTATION('volume',(#2868),#2825);
#2871=PROPERTY_DEFINITION_REPRESENTATION(#2869,#2870);
#2873=PROPERTY_DEFINITION('geometric validation property',
'centroid of _000_56_2',#2835);
#2874=REPRESENTATION('centroid',(#2872),#2825);
#2875=PROPERTY_DEFINITION_REPRESENTATION(#2873,#2874);
#2876=SHAPE_DEFINITION_REPRESENTATION(#2835,#2830);
#2877=NEXT_ASSEMBLY_USAGE_OCCURRENCE('11','Next assembly relationship',
'_000_56_2',#3474,#2834,$);
#2878=PRODUCT_DEFINITION_SHAPE('Placement #11',
'Placement of _000_56_2 with respect to _000_56_ASM',#2877);
#2880=PROPERTY_DEFINITION('geometric validation property',
'centroid of _000_56_2',#2878);
#2881=REPRESENTATION('centroid',(#2879),#2825);
#2882=PROPERTY_DEFINITION_REPRESENTATION(#2880,#2881);
#2891=AXIS2_PLACEMENT_3D('',#2888,#2889,#2890);
#2899=CIRCLE('',#2898,1.533336648480E-1);
#2907=CIRCLE('',#2906,1.533336648480E-1);
#2929=CIRCLE('',#2928,1.533336648480E-1);
#2937=CIRCLE('',#2936,1.533336648480E-1);
#2954=EDGE_CURVE('',#2943,#2944,#2899,.T.);
#2956=EDGE_CURVE('',#2944,#2943,#2907,.T.);
#2960=ADVANCED_FACE('',(#2959),#2953,.F.);
#2967=EDGE_CURVE('',#2946,#2943,#2921,.T.);
#2969=EDGE_CURVE('',#2948,#2946,#2929,.T.);
#2971=EDGE_CURVE('',#2948,#2944,#2914,.T.);
#2975=ADVANCED_FACE('',(#2974),#2965,.T.);
#2983=EDGE_CURVE('',#2946,#2948,#2937,.T.);
#2988=ADVANCED_FACE('',(#2987),#2980,.T.);
#2998=ADVANCED_FACE('',(#2997),#2993,.T.);
#3007=(LENGTH_UNIT()NAMED_UNIT(*)SI_UNIT(.MILLI.,.METRE.));
#3008=(NAMED_UNIT(*)PLANE_ANGLE_UNIT()SI_UNIT($,.RADIAN.));
#3011=(NAMED_UNIT(*)SI_UNIT($,.STERADIAN.)SOLID_ANGLE_UNIT());
#3013=(GEOMETRIC_REPRESENTATION_CONTEXT(3)GLOBAL_UNCERTAINTY_ASSIGNED_CONTEXT((
#3012))GLOBAL_UNIT_ASSIGNED_CONTEXT((#3007,#3010,#3011))REPRESENTATION_CONTEXT(
'ID3','3'));
#3017=AXIS2_PLACEMENT_3D('',#3014,#3015,#3016);
#3018=ADVANCED_BREP_SHAPE_REPRESENTATION('',(#3017,#3000),#3013);
#3023=PRODUCT_DEFINITION('part definition','',#3022,#3019);
#3024=PRODUCT_DEFINITION_SHAPE('','SHAPE FOR _000_56_3.',#3023);
#3025=SHAPE_ASPECT('','solid data associated with _000_56_3',#3024,.F.);
#3026=PROPERTY_DEFINITION('',
'shape for solid data with which properties are associated',#3025);
#3027=SHAPE_REPRESENTATION('',(#3000),#3013);
#3028=SHAPE_DEFINITION_REPRESENTATION(#3026,#3027);
#3029=(LENGTH_UNIT()NAMED_UNIT(*)SI_UNIT(.MILLI.,.METRE.));
#3033=PROPERTY_DEFINITION('geometric validation property','area of _000_56_3',
#3025);
#3034=REPRESENTATION('surface area',(#3032),#3013);
#3035=PROPERTY_DEFINITION_REPRESENTATION(#3033,#3034);
#3036=(LENGTH_UNIT()NAMED_UNIT(*)SI_UNIT(.MILLI.,.METRE.));
#3040=PROPERTY_DEFINITION('geometric validation property','volume of _000_56_3',
#3025);
#3041=REPRESENTATION('volume',(#3039),#3013);
#3042=PROPERTY_DEFINITION_REPRESENTATION(#3040,#3041);
#3044=PROPERTY_DEFINITION('geometric validation property',
'centroid of _000_56_3',#3025);
#3045=REPRESENTATION('centroid',(#3043),#3013);
#3046=PROPERTY_DEFINITION_REPRESENTATION(#3044,#3045);
#3047=(LENGTH_UNIT()NAMED_UNIT(*)SI_UNIT(.MILLI.,.METRE.));
#3051=PROPERTY_DEFINITION('geometric validation property','area of _000_56_3',
#3024);
#3052=REPRESENTATION('surface area',(#3050),#3013);
#3053=PROPERTY_DEFINITION_REPRESENTATION(#3051,#3052);
#3054=(LENGTH_UNIT()NAMED_UNIT(*)SI_UNIT(.MILLI.,.METRE.));
#3058=PROPERTY_DEFINITION('geometric validation property','volume of _000_56_3',
#3024);
#3059=REPRESENTATION('volume',(#3057),#3013);
#3060=PROPERTY_DEFINITION_REPRESENTATION(#3058,#3059);
#3062=PROPERTY_DEFINITION('geometric validation property',
'centroid of _000_56_3',#3024);
#3063=REPRESENTATION('centroid',(#3061),#3013);
#3064=PROPERTY_DEFINITION_REPRESENTATION(#3062,#3063);
#3065=SHAPE_DEFINITION_REPRESENTATION(#3024,#3018);
#3066=NEXT_ASSEMBLY_USAGE_OCCURRENCE('12','Next assembly relationship',
'_000_56_3',#3474,#3023,$);
#3067=PRODUCT_DEFINITION_SHAPE('Placement #12',
'Placement of _000_56_3 with respect to _000_56_ASM',#3066);
#3069=PROPERTY_DEFINITION('geometric validation property',
'centroid of _000_56_3',#3067);
#3070=REPRESENTATION('centroid',(#3068),#3013);
#3071=PROPERTY_DEFINITION_REPRESENTATION(#3069,#3070);
#3080=AXIS2_PLACEMENT_3D('',#3077,#3078,#3079);
#3088=CIRCLE('',#3087,1.533336648480E-1);
#3096=CIRCLE('',#3095,1.533336648480E-1);
#3118=CIRCLE('',#3117,1.533336648480E-1);
#3126=CIRCLE('',#3125,1.533336648480E-1);
#3143=EDGE_CURVE('',#3132,#3133,#3088,.T.);
#3145=EDGE_CURVE('',#3133,#3132,#3096,.T.);
#3149=ADVANCED_FACE('',(#3148),#3142,.F.);
#3156=EDGE_CURVE('',#3135,#3132,#3110,.T.);
#3158=EDGE_CURVE('',#3137,#3135,#3118,.T.);
#3160=EDGE_CURVE('',#3137,#3133,#3103,.T.);
#3164=ADVANCED_FACE('',(#3163),#3154,.T.);
#3172=EDGE_CURVE('',#3135,#3137,#3126,.T.);
#3177=ADVANCED_FACE('',(#3176),#3169,.T.);
#3187=ADVANCED_FACE('',(#3186),#3182,.T.);
#3196=(LENGTH_UNIT()NAMED_UNIT(*)SI_UNIT(.MILLI.,.METRE.));
#3197=(NAMED_UNIT(*)PLANE_ANGLE_UNIT()SI_UNIT($,.RADIAN.));
#3200=(NAMED_UNIT(*)SI_UNIT($,.STERADIAN.)SOLID_ANGLE_UNIT());
#3202=(GEOMETRIC_REPRESENTATION_CONTEXT(3)GLOBAL_UNCERTAINTY_ASSIGNED_CONTEXT((
#3201))GLOBAL_UNIT_ASSIGNED_CONTEXT((#3196,#3199,#3200))REPRESENTATION_CONTEXT(
'ID4','3'));
#3206=AXIS2_PLACEMENT_3D('',#3203,#3204,#3205);
#3207=ADVANCED_BREP_SHAPE_REPRESENTATION('',(#3206,#3189),#3202);
#3211=PRODUCT_DEFINITION('part definition','',#3210,#3019);
#3212=PRODUCT_DEFINITION_SHAPE('','SHAPE FOR _000_56_4.',#3211);
#3213=SHAPE_ASPECT('','solid data associated with _000_56_4',#3212,.F.);
#3214=PROPERTY_DEFINITION('',
'shape for solid data with which properties are associated',#3213);
#3215=SHAPE_REPRESENTATION('',(#3189),#3202);
#3216=SHAPE_DEFINITION_REPRESENTATION(#3214,#3215);
#3217=(LENGTH_UNIT()NAMED_UNIT(*)SI_UNIT(.MILLI.,.METRE.));
#3221=PROPERTY_DEFINITION('geometric validation property','area of _000_56_4',
#3213);
#3222=REPRESENTATION('surface area',(#3220),#3202);
#3223=PROPERTY_DEFINITION_REPRESENTATION(#3221,#3222);
#3224=(LENGTH_UNIT()NAMED_UNIT(*)SI_UNIT(.MILLI.,.METRE.));
#3228=PROPERTY_DEFINITION('geometric validation property','volume of _000_56_4',
#3213);
#3229=REPRESENTATION('volume',(#3227),#3202);
#3230=PROPERTY_DEFINITION_REPRESENTATION(#3228,#3229);
#3232=PROPERTY_DEFINITION('geometric validation property',
'centroid of _000_56_4',#3213);
#3233=REPRESENTATION('centroid',(#3231),#3202);
#3234=PROPERTY_DEFINITION_REPRESENTATION(#3232,#3233);
#3235=(LENGTH_UNIT()NAMED_UNIT(*)SI_UNIT(.MILLI.,.METRE.));
#3239=PROPERTY_DEFINITION('geometric validation property','area of _000_56_4',
#3212);
#3240=REPRESENTATION('surface area',(#3238),#3202);
#3241=PROPERTY_DEFINITION_REPRESENTATION(#3239,#3240);
#3242=(LENGTH_UNIT()NAMED_UNIT(*)SI_UNIT(.MILLI.,.METRE.));
#3246=PROPERTY_DEFINITION('geometric validation property','volume of _000_56_4',
#3212);
#3247=REPRESENTATION('volume',(#3245),#3202);
#3248=PROPERTY_DEFINITION_REPRESENTATION(#3246,#3247);
#3250=PROPERTY_DEFINITION('geometric validation property',
'centroid of _000_56_4',#3212);
#3251=REPRESENTATION('centroid',(#3249),#3202);
#3252=PROPERTY_DEFINITION_REPRESENTATION(#3250,#3251);
#3253=SHAPE_DEFINITION_REPRESENTATION(#3212,#3207);
#3254=NEXT_ASSEMBLY_USAGE_OCCURRENCE('13','Next assembly relationship',
'_000_56_4',#3474,#3211,$);
#3255=PRODUCT_DEFINITION_SHAPE('Placement #13',
'Placement of _000_56_4 with respect to _000_56_ASM',#3254);
#3257=PROPERTY_DEFINITION('geometric validation property',
'centroid of _000_56_4',#3255);
#3258=REPRESENTATION('centroid',(#3256),#3202);
#3259=PROPERTY_DEFINITION_REPRESENTATION(#3257,#3258);
#3268=AXIS2_PLACEMENT_3D('',#3265,#3266,#3267);
#3276=CIRCLE('',#3275,1.533336648480E-1);
#3284=CIRCLE('',#3283,1.533336648480E-1);
#3306=CIRCLE('',#3305,1.533336648480E-1);
#3314=CIRCLE('',#3313,1.533336648480E-1);
#3331=EDGE_CURVE('',#3320,#3321,#3276,.T.);
#3333=EDGE_CURVE('',#3321,#3320,#3284,.T.);
#3337=ADVANCED_FACE('',(#3336),#3330,.F.);
#3344=EDGE_CURVE('',#3323,#3320,#3298,.T.);
#3346=EDGE_CURVE('',#3325,#3323,#3306,.T.);
#3348=EDGE_CURVE('',#3325,#3321,#3291,.T.);
#3352=ADVANCED_FACE('',(#3351),#3342,.T.);
#3360=EDGE_CURVE('',#3323,#3325,#3314,.T.);
#3365=ADVANCED_FACE('',(#3364),#3357,.T.);
#3375=ADVANCED_FACE('',(#3374),#3370,.T.);
#3384=(LENGTH_UNIT()NAMED_UNIT(*)SI_UNIT(.MILLI.,.METRE.));
#3385=(NAMED_UNIT(*)PLANE_ANGLE_UNIT()SI_UNIT($,.RADIAN.));
#3388=(NAMED_UNIT(*)SI_UNIT($,.STERADIAN.)SOLID_ANGLE_UNIT());
#3390=(GEOMETRIC_REPRESENTATION_CONTEXT(3)GLOBAL_UNCERTAINTY_ASSIGNED_CONTEXT((
#3389))GLOBAL_UNIT_ASSIGNED_CONTEXT((#3384,#3387,#3388))REPRESENTATION_CONTEXT(
'ID5','3'));
#3394=AXIS2_PLACEMENT_3D('',#3391,#3392,#3393);
#3395=ADVANCED_BREP_SHAPE_REPRESENTATION('',(#3394,#3377),#3390);
#3400=PRODUCT_DEFINITION('part definition','',#3399,#3396);
#3401=PRODUCT_DEFINITION_SHAPE('','SHAPE FOR _000_56_5.',#3400);
#3402=SHAPE_ASPECT('','solid data associated with _000_56_5',#3401,.F.);
#3403=PROPERTY_DEFINITION('',
'shape for solid data with which properties are associated',#3402);
#3404=SHAPE_REPRESENTATION('',(#3377),#3390);
#3405=SHAPE_DEFINITION_REPRESENTATION(#3403,#3404);
#3406=(LENGTH_UNIT()NAMED_UNIT(*)SI_UNIT(.MILLI.,.METRE.));
#3410=PROPERTY_DEFINITION('geometric validation property','area of _000_56_5',
#3402);
#3411=REPRESENTATION('surface area',(#3409),#3390);
#3412=PROPERTY_DEFINITION_REPRESENTATION(#3410,#3411);
#3413=(LENGTH_UNIT()NAMED_UNIT(*)SI_UNIT(.MILLI.,.METRE.));
#3417=PROPERTY_DEFINITION('geometric validation property','volume of _000_56_5',
#3402);
#3418=REPRESENTATION('volume',(#3416),#3390);
#3419=PROPERTY_DEFINITION_REPRESENTATION(#3417,#3418);
#3421=PROPERTY_DEFINITION('geometric validation property',
'centroid of _000_56_5',#3402);
#3422=REPRESENTATION('centroid',(#3420),#3390);
#3423=PROPERTY_DEFINITION_REPRESENTATION(#3421,#3422);
#3424=(LENGTH_UNIT()NAMED_UNIT(*)SI_UNIT(.MILLI.,.METRE.));
#3428=PROPERTY_DEFINITION('geometric validation property','area of _000_56_5',
#3401);
#3429=REPRESENTATION('surface area',(#3427),#3390);
#3430=PROPERTY_DEFINITION_REPRESENTATION(#3428,#3429);
#3431=(LENGTH_UNIT()NAMED_UNIT(*)SI_UNIT(.MILLI.,.METRE.));
#3435=PROPERTY_DEFINITION('geometric validation property','volume of _000_56_5',
#3401);
#3436=REPRESENTATION('volume',(#3434),#3390);
#3437=PROPERTY_DEFINITION_REPRESENTATION(#3435,#3436);
#3439=PROPERTY_DEFINITION('geometric validation property',
'centroid of _000_56_5',#3401);
#3440=REPRESENTATION('centroid',(#3438),#3390);
#3441=PROPERTY_DEFINITION_REPRESENTATION(#3439,#3440);
#3442=SHAPE_DEFINITION_REPRESENTATION(#3401,#3395);
#3443=NEXT_ASSEMBLY_USAGE_OCCURRENCE('14','Next assembly relationship',
'_000_56_5',#3474,#3400,$);
#3444=PRODUCT_DEFINITION_SHAPE('Placement #14',
'Placement of _000_56_5 with respect to _000_56_ASM',#3443);
#3446=PROPERTY_DEFINITION('geometric validation property',
'centroid of _000_56_5',#3444);
#3447=REPRESENTATION('centroid',(#3445),#3390);
#3448=PROPERTY_DEFINITION_REPRESENTATION(#3446,#3447);
#3457=AXIS2_PLACEMENT_3D('',#3454,#3455,#3456);
#3460=(LENGTH_UNIT()NAMED_UNIT(*)SI_UNIT(.MILLI.,.METRE.));
#3461=(NAMED_UNIT(*)PLANE_ANGLE_UNIT()SI_UNIT($,.RADIAN.));
#3464=(NAMED_UNIT(*)SI_UNIT($,.STERADIAN.)SOLID_ANGLE_UNIT());
#3466=(GEOMETRIC_REPRESENTATION_CONTEXT(3)GLOBAL_UNCERTAINTY_ASSIGNED_CONTEXT((
#3465))GLOBAL_UNIT_ASSIGNED_CONTEXT((#3460,#3463,#3464))REPRESENTATION_CONTEXT(
'ID6','3'));
#3470=AXIS2_PLACEMENT_3D('',#3467,#3468,#3469);
#3474=PRODUCT_DEFINITION('part definition','',#3473,#3396);
#3475=(LENGTH_UNIT()NAMED_UNIT(*)SI_UNIT(.MILLI.,.METRE.));
#3479=PROPERTY_DEFINITION('geometric validation property','area of _000_56_ASM',
#2687);
#3480=REPRESENTATION('surface area',(#3478),#3466);
#3481=PROPERTY_DEFINITION_REPRESENTATION(#3479,#3480);
#3482=(LENGTH_UNIT()NAMED_UNIT(*)SI_UNIT(.MILLI.,.METRE.));
#3486=PROPERTY_DEFINITION('geometric validation property',
'volume of _000_56_ASM',#2687);
#3487=REPRESENTATION('volume',(#3485),#3466);
#3488=PROPERTY_DEFINITION_REPRESENTATION(#3486,#3487);
#3490=PROPERTY_DEFINITION('geometric validation property',
'centroid of _000_56_ASM',#2687);
#3491=REPRESENTATION('centroid',(#3489),#3466);
#3492=PROPERTY_DEFINITION_REPRESENTATION(#3490,#3491);
#3493=SHAPE_DEFINITION_REPRESENTATION(#3494,#3495);
#3494=PRODUCT_DEFINITION_SHAPE('','SHAPE FOR 1013_ASM_1_ASM.',#5720);
#3495=SHAPE_REPRESENTATION('',(#3510,#3505,#4594,#4589,#4879,#4874,#5686,#5681,
#5703,#5698,#5716),#5712);
#3496=NEXT_ASSEMBLY_USAGE_OCCURRENCE('15','Next assembly relationship',
'_X2_8D347247_X0_-_X2_4E0B_X0_',#5720,#3474,$);
#3497=PRODUCT_DEFINITION_SHAPE('Placement #15',
'Placement of _000_56_ASM with respect to 1013_ASM_1_ASM',#3496);
#3499=PROPERTY_DEFINITION('geometric validation property',
'centroid of _X2_8D347247_X0_-_X2_4E0B_X0_',#3497);
#3500=REPRESENTATION('centroid',(#3498),#3466);
#3501=PROPERTY_DEFINITION_REPRESENTATION(#3499,#3500);
#3510=AXIS2_PLACEMENT_3D('',#3507,#3508,#3509);
#3518=CIRCLE('',#3517,5.E0);
#3526=CIRCLE('',#3525,5.E0);
#3541=CIRCLE('',#3540,5.E0);
#3549=CIRCLE('',#3548,5.E0);
#3557=CIRCLE('',#3556,4.8E0);
#3565=CIRCLE('',#3564,4.8E0);
#3573=CIRCLE('',#3572,6.E-1);
#3581=CIRCLE('',#3580,5.E0);
#3589=CIRCLE('',#3588,5.E0);
#3597=CIRCLE('',#3596,4.8E0);
#3605=CIRCLE('',#3604,4.8E0);
#3613=CIRCLE('',#3612,6.E-1);
#3628=CIRCLE('',#3627,3.E-1);
#3636=CIRCLE('',#3635,3.E-1);
#3644=CIRCLE('',#3643,5.E0);
#3652=CIRCLE('',#3651,5.E0);
#3660=CIRCLE('',#3659,4.8E0);
#3668=CIRCLE('',#3667,4.8E0);
#3676=CIRCLE('',#3675,6.E-1);
#3698=CIRCLE('',#3697,5.E0);
#3706=CIRCLE('',#3705,5.E0);
#3714=CIRCLE('',#3713,4.8E0);
#3722=CIRCLE('',#3721,4.8E0);
#3730=CIRCLE('',#3729,6.E-1);
#3738=CIRCLE('',#3737,3.E-1);
#3746=CIRCLE('',#3745,3.E-1);
#3754=CIRCLE('',#3753,5.E0);
#3762=CIRCLE('',#3761,5.E0);
#3770=CIRCLE('',#3769,4.878788E0);
#3778=CIRCLE('',#3777,1.21212E-1);
#3786=CIRCLE('',#3785,5.E0);
#3794=CIRCLE('',#3793,5.E0);
#3802=CIRCLE('',#3801,4.878788E0);
#3810=CIRCLE('',#3809,1.21212E-1);
#3818=CIRCLE('',#3817,4.878788E0);
#3826=CIRCLE('',#3825,4.878788E0);
#4116=EDGE_CURVE('',#4021,#4022,#3518,.T.);
#4118=EDGE_CURVE('',#4022,#4021,#3526,.T.);
#4122=ADVANCED_FACE('',(#4121),#4115,.F.);
#4128=EDGE_CURVE('',#4038,#4040,#3549,.T.);
#4130=EDGE_CURVE('',#4037,#4038,#3541,.T.);
#4132=EDGE_CURVE('',#4037,#4022,#3533,.T.);
#4135=EDGE_CURVE('',#4040,#4021,#3620,.T.);
#4139=ADVANCED_FACE('',(#4138),#4127,.T.);
#4147=EDGE_CURVE('',#4104,#4040,#3613,.T.);
#4149=EDGE_CURVE('',#4104,#4106,#3557,.T.);
#4151=EDGE_CURVE('',#4106,#4100,#3565,.T.);
#4153=EDGE_CURVE('',#4100,#4037,#3573,.T.);
#4157=ADVANCED_FACE('',(#4156),#4144,.T.);
#4163=EDGE_CURVE('',#4040,#4054,#3581,.T.);
#4165=EDGE_CURVE('',#4054,#4037,#3589,.T.);
#4168=EDGE_CURVE('',#4100,#4103,#3597,.T.);
#4170=EDGE_CURVE('',#4103,#4104,#3605,.T.);
#4175=ADVANCED_FACE('',(#4174),#4162,.T.);
#4188=ADVANCED_FACE('',(#4187),#4180,.T.);
#4194=EDGE_CURVE('',#4050,#4042,#3668,.T.);
#4196=EDGE_CURVE('',#4046,#4050,#3660,.T.);
#4198=EDGE_CURVE('',#4046,#4110,#3628,.T.);
#4200=EDGE_CURVE('',#4110,#4104,#3636,.T.);
#4204=EDGE_CURVE('',#4108,#4100,#3746,.T.);
#4206=EDGE_CURVE('',#4042,#4108,#3738,.T.);
#4210=ADVANCED_FACE('',(#4209),#4193,.F.);
#4216=EDGE_CURVE('',#4028,#4048,#3644,.T.);
#4218=EDGE_CURVE('',#4048,#4025,#3652,.T.);
#4220=EDGE_CURVE('',#4046,#4025,#3730,.T.);
#4224=EDGE_CURVE('',#4042,#4028,#3676,.T.);
#4228=ADVANCED_FACE('',(#4227),#4215,.T.);
#4236=EDGE_CURVE('',#4033,#4028,#3690,.T.);
#4238=EDGE_CURVE('',#4052,#4033,#3794,.T.);
#4240=EDGE_CURVE('',#4030,#4052,#3786,.T.);
#4242=EDGE_CURVE('',#4030,#4025,#3683,.T.);
#4246=ADVANCED_FACE('',(#4245),#4233,.T.);
#4252=EDGE_CURVE('',#4026,#4028,#3706,.T.);
#4254=EDGE_CURVE('',#4025,#4026,#3698,.T.);
#4257=EDGE_CURVE('',#4034,#4030,#3762,.T.);
#4259=EDGE_CURVE('',#4033,#4034,#3754,.T.);
#4264=ADVANCED_FACE('',(#4263),#4251,.T.);
#4273=EDGE_CURVE('',#4042,#4045,#3714,.T.);
#4275=EDGE_CURVE('',#4045,#4046,#3722,.T.);
#4280=ADVANCED_FACE('',(#4279),#4269,.T.);
#4296=ADVANCED_FACE('',(#4295),#4285,.F.);
#4304=EDGE_CURVE('',#4059,#4030,#3810,.T.);
#4306=EDGE_CURVE('',#4059,#4062,#3770,.T.);
#4308=EDGE_CURVE('',#4056,#4062,#3818,.T.);
#4310=EDGE_CURVE('',#4056,#4033,#3778,.T.);
#4314=ADVANCED_FACE('',(#4313),#4301,.T.);
#4323=EDGE_CURVE('',#4056,#4060,#3802,.T.);
#4325=EDGE_CURVE('',#4059,#4060,#3826,.T.);
#4330=ADVANCED_FACE('',(#4329),#4319,.T.);
#4342=EDGE_CURVE('',#4065,#4066,#3875,.T.);
#4344=EDGE_CURVE('',#4065,#4068,#3833,.T.);
#4346=EDGE_CURVE('',#4068,#4070,#3840,.T.);
#4348=EDGE_CURVE('',#4070,#4072,#3847,.T.);
#4350=EDGE_CURVE('',#4072,#4074,#3854,.T.);
#4352=EDGE_CURVE('',#4074,#4076,#3861,.T.);
#4354=EDGE_CURVE('',#4076,#4078,#3868,.T.);
#4356=EDGE_CURVE('',#4080,#4078,#3903,.T.);
#4358=EDGE_CURVE('',#4066,#4080,#3889,.T.);
#4362=ADVANCED_FACE('',(#4341,#4361),#4335,.T.);
#4369=EDGE_CURVE('',#4082,#4066,#3896,.T.);
#4371=EDGE_CURVE('',#4084,#4082,#3959,.T.);
#4373=EDGE_CURVE('',#4084,#4065,#3882,.T.);
#4377=ADVANCED_FACE('',(#4376),#4367,.F.);
#4384=EDGE_CURVE('',#4086,#4080,#3910,.T.);
#4386=EDGE_CURVE('',#4082,#4086,#3966,.T.);
#4391=ADVANCED_FACE('',(#4390),#4382,.F.);
#4398=EDGE_CURVE('',#4088,#4078,#3917,.T.);
#4400=EDGE_CURVE('',#4086,#4088,#3973,.T.);
#4405=ADVANCED_FACE('',(#4404),#4396,.F.);
#4412=EDGE_CURVE('',#4090,#4076,#3924,.T.);
#4414=EDGE_CURVE('',#4088,#4090,#3980,.T.);
#4419=ADVANCED_FACE('',(#4418),#4410,.F.);
#4426=EDGE_CURVE('',#4092,#4074,#3931,.T.);
#4428=EDGE_CURVE('',#4090,#4092,#3987,.T.);
#4433=ADVANCED_FACE('',(#4432),#4424,.F.);
#4440=EDGE_CURVE('',#4094,#4072,#3938,.T.);
#4442=EDGE_CURVE('',#4092,#4094,#3994,.T.);
#4447=ADVANCED_FACE('',(#4446),#4438,.F.);
#4454=EDGE_CURVE('',#4096,#4070,#3945,.T.);
#4456=EDGE_CURVE('',#4094,#4096,#4001,.T.);
#4461=ADVANCED_FACE('',(#4460),#4452,.F.);
#4468=EDGE_CURVE('',#4098,#4068,#3952,.T.);
#4470=EDGE_CURVE('',#4096,#4098,#4008,.T.);
#4475=ADVANCED_FACE('',(#4474),#4466,.F.);
#4483=EDGE_CURVE('',#4098,#4084,#4015,.T.);
#4488=ADVANCED_FACE('',(#4487),#4480,.F.);
#4505=ADVANCED_FACE('',(#4504),#4493,.T.);
#4521=(LENGTH_UNIT()NAMED_UNIT(*)SI_UNIT(.MILLI.,.METRE.));
#4522=(NAMED_UNIT(*)PLANE_ANGLE_UNIT()SI_UNIT($,.RADIAN.));
#4525=(NAMED_UNIT(*)SI_UNIT($,.STERADIAN.)SOLID_ANGLE_UNIT());
#4527=(GEOMETRIC_REPRESENTATION_CONTEXT(3)GLOBAL_UNCERTAINTY_ASSIGNED_CONTEXT((
#4526))GLOBAL_UNIT_ASSIGNED_CONTEXT((#4521,#4524,#4525))REPRESENTATION_CONTEXT(
'ID7','3'));
#4531=AXIS2_PLACEMENT_3D('',#4528,#4529,#4530);
#4532=ADVANCED_BREP_SHAPE_REPRESENTATION('',(#4531,#4514),#4527);
#4537=PRODUCT_DEFINITION('part definition','',#4536,#4533);
#4538=PRODUCT_DEFINITION_SHAPE('','SHAPE FOR _000_69.',#4537);
#4539=SHAPE_ASPECT('','solid data associated with _000_69',#4538,.F.);
#4540=PROPERTY_DEFINITION('',
'shape for solid data with which properties are associated',#4539);
#4541=SHAPE_REPRESENTATION('',(#4514),#4527);
#4542=SHAPE_DEFINITION_REPRESENTATION(#4540,#4541);
#4543=(LENGTH_UNIT()NAMED_UNIT(*)SI_UNIT(.MILLI.,.METRE.));
#4547=PROPERTY_DEFINITION('geometric validation property','area of _000_69',
#4539);
#4548=REPRESENTATION('surface area',(#4546),#4527);
#4549=PROPERTY_DEFINITION_REPRESENTATION(#4547,#4548);
#4550=(LENGTH_UNIT()NAMED_UNIT(*)SI_UNIT(.MILLI.,.METRE.));
#4554=PROPERTY_DEFINITION('geometric validation property','volume of _000_69',
#4539);
#4555=REPRESENTATION('volume',(#4553),#4527);
#4556=PROPERTY_DEFINITION_REPRESENTATION(#4554,#4555);
#4558=PROPERTY_DEFINITION('geometric validation property','centroid of _000_69',
#4539);
#4559=REPRESENTATION('centroid',(#4557),#4527);
#4560=PROPERTY_DEFINITION_REPRESENTATION(#4558,#4559);
#4561=(LENGTH_UNIT()NAMED_UNIT(*)SI_UNIT(.MILLI.,.METRE.));
#4565=PROPERTY_DEFINITION('geometric validation property','area of _000_69',
#4538);
#4566=REPRESENTATION('surface area',(#4564),#4527);
#4567=PROPERTY_DEFINITION_REPRESENTATION(#4565,#4566);
#4568=(LENGTH_UNIT()NAMED_UNIT(*)SI_UNIT(.MILLI.,.METRE.));
#4572=PROPERTY_DEFINITION('geometric validation property','volume of _000_69',
#4538);
#4573=REPRESENTATION('volume',(#4571),#4527);
#4574=PROPERTY_DEFINITION_REPRESENTATION(#4572,#4573);
#4576=PROPERTY_DEFINITION('geometric validation property','centroid of _000_69',
#4538);
#4577=REPRESENTATION('centroid',(#4575),#4527);
#4578=PROPERTY_DEFINITION_REPRESENTATION(#4576,#4577);
#4579=SHAPE_DEFINITION_REPRESENTATION(#4538,#4532);
#4580=NEXT_ASSEMBLY_USAGE_OCCURRENCE('16','Next assembly relationship',
'_X2_8D347247_X0_-_X2_4E0A_X0_',#5720,#4537,$);
#4581=PRODUCT_DEFINITION_SHAPE('Placement #16',
'Placement of _000_69 with respect to 1013_ASM_1_ASM',#4580);
#4583=PROPERTY_DEFINITION('geometric validation property',
'centroid of _X2_8D347247_X0_-_X2_4E0A_X0_',#4581);
#4584=REPRESENTATION('centroid',(#4582),#4527);
#4585=PROPERTY_DEFINITION_REPRESENTATION(#4583,#4584);
#4594=AXIS2_PLACEMENT_3D('',#4591,#4592,#4593);
#4597=COLOUR_RGB('',2.2E-1,2.2E-1,2.2E-1);
#4603=CIRCLE('',#4602,5.005E0);
#4611=CIRCLE('',#4610,5.E0);
#4661=CIRCLE('',#4660,5.005E0);
#4676=CIRCLE('',#4675,5.E0);
#4708=EDGE_CURVE('',#4689,#4690,#4603,.T.);
#4710=EDGE_CURVE('',#4692,#4690,#4653,.T.);
#4712=EDGE_CURVE('',#4692,#4694,#4611,.T.);
#4714=EDGE_CURVE('',#4689,#4694,#4632,.T.);
#4718=ADVANCED_FACE('',(#4717),#4707,.F.);
#4725=EDGE_CURVE('',#4689,#4696,#4618,.T.);
#4727=EDGE_CURVE('',#4698,#4696,#4661,.T.);
#4729=EDGE_CURVE('',#4698,#4690,#4625,.T.);
#4733=ADVANCED_FACE('',(#4732),#4723,.T.);
#4752=EDGE_CURVE('',#4700,#4694,#4646,.T.);
#4754=EDGE_CURVE('',#4696,#4700,#4668,.T.);
#4759=ADVANCED_FACE('',(#4758),#4750,.T.);
#4766=EDGE_CURVE('',#4692,#4702,#4639,.T.);
#4768=EDGE_CURVE('',#4700,#4702,#4676,.T.);
#4773=ADVANCED_FACE('',(#4772),#4764,.F.);
#4781=EDGE_CURVE('',#4702,#4698,#4683,.T.);
#4786=ADVANCED_FACE('',(#4785),#4778,.T.);
#4798=ADVANCED_FACE('',(#4797),#4791,.T.);
#4807=(LENGTH_UNIT()NAMED_UNIT(*)SI_UNIT(.MILLI.,.METRE.));
#4808=(NAMED_UNIT(*)PLANE_ANGLE_UNIT()SI_UNIT($,.RADIAN.));
#4811=(NAMED_UNIT(*)SI_UNIT($,.STERADIAN.)SOLID_ANGLE_UNIT());
#4813=(GEOMETRIC_REPRESENTATION_CONTEXT(3)GLOBAL_UNCERTAINTY_ASSIGNED_CONTEXT((
#4812))GLOBAL_UNIT_ASSIGNED_CONTEXT((#4807,#4810,#4811))REPRESENTATION_CONTEXT(
'ID8','3'));
#4817=AXIS2_PLACEMENT_3D('',#4814,#4815,#4816);
#4818=ADVANCED_BREP_SHAPE_REPRESENTATION('',(#4817,#4800),#4813);
#4822=PRODUCT_DEFINITION('part definition','',#4821,#4533);
#4823=PRODUCT_DEFINITION_SHAPE('','SHAPE FOR FJB_5.',#4822);
#4824=SHAPE_ASPECT('','solid data associated with FJB_5',#4823,.F.);
#4825=PROPERTY_DEFINITION('',
'shape for solid data with which properties are associated',#4824);
#4826=SHAPE_REPRESENTATION('',(#4800),#4813);
#4827=SHAPE_DEFINITION_REPRESENTATION(#4825,#4826);
#4828=(LENGTH_UNIT()NAMED_UNIT(*)SI_UNIT(.MILLI.,.METRE.));
#4832=PROPERTY_DEFINITION('geometric validation property','area of FJB_5',
#4824);
#4833=REPRESENTATION('surface area',(#4831),#4813);
#4834=PROPERTY_DEFINITION_REPRESENTATION(#4832,#4833);
#4835=(LENGTH_UNIT()NAMED_UNIT(*)SI_UNIT(.MILLI.,.METRE.));
#4839=PROPERTY_DEFINITION('geometric validation property','volume of FJB_5',
#4824);
#4840=REPRESENTATION('volume',(#4838),#4813);
#4841=PROPERTY_DEFINITION_REPRESENTATION(#4839,#4840);
#4843=PROPERTY_DEFINITION('geometric validation property','centroid of FJB_5',
#4824);
#4844=REPRESENTATION('centroid',(#4842),#4813);
#4845=PROPERTY_DEFINITION_REPRESENTATION(#4843,#4844);
#4846=(LENGTH_UNIT()NAMED_UNIT(*)SI_UNIT(.MILLI.,.METRE.));
#4850=PROPERTY_DEFINITION('geometric validation property','area of FJB_5',
#4823);
#4851=REPRESENTATION('surface area',(#4849),#4813);
#4852=PROPERTY_DEFINITION_REPRESENTATION(#4850,#4851);
#4853=(LENGTH_UNIT()NAMED_UNIT(*)SI_UNIT(.MILLI.,.METRE.));
#4857=PROPERTY_DEFINITION('geometric validation property','volume of FJB_5',
#4823);
#4858=REPRESENTATION('volume',(#4856),#4813);
#4859=PROPERTY_DEFINITION_REPRESENTATION(#4857,#4858);
#4861=PROPERTY_DEFINITION('geometric validation property','centroid of FJB_5',
#4823);
#4862=REPRESENTATION('centroid',(#4860),#4813);
#4863=PROPERTY_DEFINITION_REPRESENTATION(#4861,#4862);
#4864=SHAPE_DEFINITION_REPRESENTATION(#4823,#4818);
#4865=NEXT_ASSEMBLY_USAGE_OCCURRENCE('17','Next assembly relationship','FJB',
#5720,#4822,$);
#4866=PRODUCT_DEFINITION_SHAPE('Placement #17',
'Placement of FJB_5 with respect to 1013_ASM_1_ASM',#4865);
#4868=PROPERTY_DEFINITION('geometric validation property','centroid of FJB',
#4866);
#4869=REPRESENTATION('centroid',(#4867),#4813);
#4870=PROPERTY_DEFINITION_REPRESENTATION(#4868,#4869);
#4879=AXIS2_PLACEMENT_3D('',#4876,#4877,#4878);
#4887=CIRCLE('',#4886,5.55E-1);
#4895=CIRCLE('',#4894,5.55E-1);
#4903=CIRCLE('',#4902,5.55E-1);
#4911=CIRCLE('',#4910,5.55E-1);
#4919=CIRCLE('',#4918,3.375E-1);
#4927=CIRCLE('',#4926,3.375E-1);
#4935=CIRCLE('',#4934,3.375E-1);
#4943=CIRCLE('',#4942,3.375E-1);
#5035=CIRCLE('',#5034,5.55E-1);
#5050=CIRCLE('',#5049,5.55E-1);
#5065=CIRCLE('',#5064,5.55E-1);
#5080=CIRCLE('',#5079,5.55E-1);
#5102=CIRCLE('',#5101,3.375E-1);
#5117=CIRCLE('',#5116,3.375E-1);
#5132=CIRCLE('',#5131,3.375E-1);
#5147=CIRCLE('',#5146,3.375E-1);
#5304=EDGE_CURVE('',#5237,#5238,#4887,.T.);
#5306=EDGE_CURVE('',#5240,#5238,#5027,.T.);
#5308=EDGE_CURVE('',#5240,#5242,#4895,.T.);
#5310=EDGE_CURVE('',#5244,#5242,#5006,.T.);
#5312=EDGE_CURVE('',#5244,#5246,#4903,.T.);
#5314=EDGE_CURVE('',#5248,#5246,#4985,.T.);
#5316=EDGE_CURVE('',#5248,#5250,#4911,.T.);
#5318=EDGE_CURVE('',#5237,#5250,#4964,.T.);
#5322=EDGE_CURVE('',#5253,#5254,#5154,.T.);
#5324=EDGE_CURVE('',#5253,#5256,#4919,.T.);
#5326=EDGE_CURVE('',#5258,#5256,#5217,.T.);
#5328=EDGE_CURVE('',#5258,#5260,#4927,.T.);
#5330=EDGE_CURVE('',#5262,#5260,#5196,.T.);
#5332=EDGE_CURVE('',#5262,#5264,#4935,.T.);
#5334=EDGE_CURVE('',#5266,#5264,#5175,.T.);
#5336=EDGE_CURVE('',#5266,#5254,#4943,.T.);
#5340=ADVANCED_FACE('',(#5321,#5339),#5303,.F.);
#5354=EDGE_CURVE('',#5237,#5268,#4950,.T.);
#5356=EDGE_CURVE('',#5270,#5268,#5035,.T.);
#5358=EDGE_CURVE('',#5270,#5238,#4957,.T.);
#5362=ADVANCED_FACE('',(#5361),#5352,.T.);
#5369=EDGE_CURVE('',#5272,#5250,#4978,.T.);
#5371=EDGE_CURVE('',#5268,#5272,#5042,.T.);
#5376=ADVANCED_FACE('',(#5375),#5367,.T.);
#5383=EDGE_CURVE('',#5248,#5274,#4971,.T.);
#5385=EDGE_CURVE('',#5272,#5274,#5050,.T.);
#5390=ADVANCED_FACE('',(#5389),#5381,.T.);
#5397=EDGE_CURVE('',#5276,#5246,#4999,.T.);
#5399=EDGE_CURVE('',#5274,#5276,#5057,.T.);
#5404=ADVANCED_FACE('',(#5403),#5395,.T.);
#5411=EDGE_CURVE('',#5244,#5278,#4992,.T.);
#5413=EDGE_CURVE('',#5276,#5278,#5065,.T.);
#5418=ADVANCED_FACE('',(#5417),#5409,.T.);
#5425=EDGE_CURVE('',#5280,#5242,#5020,.T.);
#5427=EDGE_CURVE('',#5278,#5280,#5072,.T.);
#5432=ADVANCED_FACE('',(#5431),#5423,.T.);
#5439=EDGE_CURVE('',#5240,#5282,#5013,.T.);
#5441=EDGE_CURVE('',#5280,#5282,#5080,.T.);
#5446=ADVANCED_FACE('',(#5445),#5437,.T.);
#5454=EDGE_CURVE('',#5282,#5270,#5087,.T.);
#5459=ADVANCED_FACE('',(#5458),#5451,.T.);
#5475=EDGE_CURVE('',#5285,#5286,#5094,.T.);
#5477=EDGE_CURVE('',#5286,#5288,#5102,.T.);
#5479=EDGE_CURVE('',#5288,#5290,#5109,.T.);
#5481=EDGE_CURVE('',#5290,#5292,#5117,.T.);
#5483=EDGE_CURVE('',#5292,#5294,#5124,.T.);
#5485=EDGE_CURVE('',#5294,#5296,#5132,.T.);
#5487=EDGE_CURVE('',#5296,#5298,#5139,.T.);
#5489=EDGE_CURVE('',#5298,#5285,#5147,.T.);
#5493=ADVANCED_FACE('',(#5474,#5492),#5464,.T.);
#5507=EDGE_CURVE('',#5286,#5254,#5168,.T.);
#5510=EDGE_CURVE('',#5253,#5285,#5224,.T.);
#5514=ADVANCED_FACE('',(#5513),#5505,.T.);
#5521=EDGE_CURVE('',#5266,#5288,#5161,.T.);
#5527=ADVANCED_FACE('',(#5526),#5519,.F.);
#5534=EDGE_CURVE('',#5290,#5264,#5189,.T.);
#5540=ADVANCED_FACE('',(#5539),#5532,.T.);
#5547=EDGE_CURVE('',#5262,#5292,#5182,.T.);
#5553=ADVANCED_FACE('',(#5552),#5545,.F.);
#5560=EDGE_CURVE('',#5294,#5260,#5210,.T.);
#5566=ADVANCED_FACE('',(#5565),#5558,.T.);
#5573=EDGE_CURVE('',#5258,#5296,#5203,.T.);
#5579=ADVANCED_FACE('',(#5578),#5571,.F.);
#5586=EDGE_CURVE('',#5298,#5256,#5231,.T.);
#5592=ADVANCED_FACE('',(#5591),#5584,.T.);
#5604=ADVANCED_FACE('',(#5603),#5597,.F.);
#5613=(LENGTH_UNIT()NAMED_UNIT(*)SI_UNIT(.MILLI.,.METRE.));
#5614=(NAMED_UNIT(*)PLANE_ANGLE_UNIT()SI_UNIT($,.RADIAN.));
#5617=(NAMED_UNIT(*)SI_UNIT($,.STERADIAN.)SOLID_ANGLE_UNIT());
#5619=(GEOMETRIC_REPRESENTATION_CONTEXT(3)GLOBAL_UNCERTAINTY_ASSIGNED_CONTEXT((
#5618))GLOBAL_UNIT_ASSIGNED_CONTEXT((#5613,#5616,#5617))REPRESENTATION_CONTEXT(
'ID9','3'));
#5623=AXIS2_PLACEMENT_3D('',#5620,#5621,#5622);
#5624=ADVANCED_BREP_SHAPE_REPRESENTATION('',(#5623,#5606),#5619);
#5629=PRODUCT_DEFINITION('part definition','',#5628,#5625);
#5630=PRODUCT_DEFINITION_SHAPE('','SHAPE FOR YUAN_3.',#5629);
#5631=SHAPE_ASPECT('','solid data associated with YUAN_3',#5630,.F.);
#5632=PROPERTY_DEFINITION('',
'shape for solid data with which properties are associated',#5631);
#5633=SHAPE_REPRESENTATION('',(#5606),#5619);
#5634=SHAPE_DEFINITION_REPRESENTATION(#5632,#5633);
#5635=(LENGTH_UNIT()NAMED_UNIT(*)SI_UNIT(.MILLI.,.METRE.));
#5639=PROPERTY_DEFINITION('geometric validation property','area of YUAN_3',
#5631);
#5640=REPRESENTATION('surface area',(#5638),#5619);
#5641=PROPERTY_DEFINITION_REPRESENTATION(#5639,#5640);
#5642=(LENGTH_UNIT()NAMED_UNIT(*)SI_UNIT(.MILLI.,.METRE.));
#5646=PROPERTY_DEFINITION('geometric validation property','volume of YUAN_3',
#5631);
#5647=REPRESENTATION('volume',(#5645),#5619);
#5648=PROPERTY_DEFINITION_REPRESENTATION(#5646,#5647);
#5650=PROPERTY_DEFINITION('geometric validation property','centroid of YUAN_3',
#5631);
#5651=REPRESENTATION('centroid',(#5649),#5619);
#5652=PROPERTY_DEFINITION_REPRESENTATION(#5650,#5651);
#5653=(LENGTH_UNIT()NAMED_UNIT(*)SI_UNIT(.MILLI.,.METRE.));
#5657=PROPERTY_DEFINITION('geometric validation property','area of YUAN_3',
#5630);
#5658=REPRESENTATION('surface area',(#5656),#5619);
#5659=PROPERTY_DEFINITION_REPRESENTATION(#5657,#5658);
#5660=(LENGTH_UNIT()NAMED_UNIT(*)SI_UNIT(.MILLI.,.METRE.));
#5664=PROPERTY_DEFINITION('geometric validation property','volume of YUAN_3',
#5630);
#5665=REPRESENTATION('volume',(#5663),#5619);
#5666=PROPERTY_DEFINITION_REPRESENTATION(#5664,#5665);
#5668=PROPERTY_DEFINITION('geometric validation property','centroid of YUAN_3',
#5630);
#5669=REPRESENTATION('centroid',(#5667),#5619);
#5670=PROPERTY_DEFINITION_REPRESENTATION(#5668,#5669);
#5671=SHAPE_DEFINITION_REPRESENTATION(#5630,#5624);
#5672=NEXT_ASSEMBLY_USAGE_OCCURRENCE('18','Next assembly relationship','YUAN',
#5720,#5629,$);
#5673=PRODUCT_DEFINITION_SHAPE('Placement #18',
'Placement of YUAN_3 with respect to 1013_ASM_1_ASM',#5672);
#5675=PROPERTY_DEFINITION('geometric validation property','centroid of YUAN',
#5673);
#5676=REPRESENTATION('centroid',(#5674),#5619);
#5677=PROPERTY_DEFINITION_REPRESENTATION(#5675,#5676);
#5686=AXIS2_PLACEMENT_3D('',#5683,#5684,#5685);
#5689=NEXT_ASSEMBLY_USAGE_OCCURRENCE('19','Next assembly relationship','YUAN_3',
#5720,#5629,$);
#5690=PRODUCT_DEFINITION_SHAPE('Placement #19',
'Placement of YUAN_3 with respect to 1013_ASM_1_ASM',#5689);
#5692=PROPERTY_DEFINITION('geometric validation property','centroid of YUAN_3',
#5690);
#5693=REPRESENTATION('centroid',(#5691),#5619);
#5694=PROPERTY_DEFINITION_REPRESENTATION(#5692,#5693);
#5703=AXIS2_PLACEMENT_3D('',#5700,#5701,#5702);
#5706=(LENGTH_UNIT()NAMED_UNIT(*)SI_UNIT(.MILLI.,.METRE.));
#5707=(NAMED_UNIT(*)PLANE_ANGLE_UNIT()SI_UNIT($,.RADIAN.));
#5710=(NAMED_UNIT(*)SI_UNIT($,.STERADIAN.)SOLID_ANGLE_UNIT());
#5712=(GEOMETRIC_REPRESENTATION_CONTEXT(3)GLOBAL_UNCERTAINTY_ASSIGNED_CONTEXT((
#5711))GLOBAL_UNIT_ASSIGNED_CONTEXT((#5706,#5709,#5710))REPRESENTATION_CONTEXT(
'ID10','3'));
#5716=AXIS2_PLACEMENT_3D('',#5713,#5714,#5715);
#5720=PRODUCT_DEFINITION('part definition','',#5719,#5625);
#5721=(LENGTH_UNIT()NAMED_UNIT(*)SI_UNIT(.MILLI.,.METRE.));
#5725=PROPERTY_DEFINITION('geometric validation property',
'area of 1013_ASM_1_ASM',#3494);
#5726=REPRESENTATION('surface area',(#5724),#5712);
#5727=PROPERTY_DEFINITION_REPRESENTATION(#5725,#5726);
#5728=(LENGTH_UNIT()NAMED_UNIT(*)SI_UNIT(.MILLI.,.METRE.));
#5732=PROPERTY_DEFINITION('geometric validation property',
'volume of 1013_ASM_1_ASM',#3494);
#5733=REPRESENTATION('volume',(#5731),#5712);
#5734=PROPERTY_DEFINITION_REPRESENTATION(#5732,#5733);
#5736=PROPERTY_DEFINITION('geometric validation property',
'centroid of 1013_ASM_1_ASM',#3494);
#5737=REPRESENTATION('centroid',(#5735),#5712);
#5738=PROPERTY_DEFINITION_REPRESENTATION(#5736,#5737);
#5739=SHAPE_DEFINITION_REPRESENTATION(#5740,#5741);
#5740=PRODUCT_DEFINITION_SHAPE('','SHAPE FOR 1013_ASM_ASM.',#5771);
#5741=SHAPE_REPRESENTATION('',(#5751,#5765),#5761);
#5742=NEXT_ASSEMBLY_USAGE_OCCURRENCE('20','Next assembly relationship',
'1013_ASM_1',#5771,#5720,$);
#5743=PRODUCT_DEFINITION_SHAPE('Placement #20',
'Placement of 1013_ASM_1_ASM with respect to 1013_ASM_ASM',#5742);
#5745=PROPERTY_DEFINITION('geometric validation property',
'centroid of 1013_ASM_1',#5743);
#5746=REPRESENTATION('centroid',(#5744),#5712);
#5747=PROPERTY_DEFINITION_REPRESENTATION(#5745,#5746);
#5755=(LENGTH_UNIT()NAMED_UNIT(*)SI_UNIT(.MILLI.,.METRE.));
#5756=(NAMED_UNIT(*)PLANE_ANGLE_UNIT()SI_UNIT($,.RADIAN.));
#5759=(NAMED_UNIT(*)SI_UNIT($,.STERADIAN.)SOLID_ANGLE_UNIT());
#5761=(GEOMETRIC_REPRESENTATION_CONTEXT(3)GLOBAL_UNCERTAINTY_ASSIGNED_CONTEXT((
#5760))GLOBAL_UNIT_ASSIGNED_CONTEXT((#5755,#5758,#5759))REPRESENTATION_CONTEXT(
'ID11','3'));
#5765=AXIS2_PLACEMENT_3D('',#5762,#5763,#5764);
#5771=PRODUCT_DEFINITION('part definition','',#5770,#5767);
#5772=(LENGTH_UNIT()NAMED_UNIT(*)SI_UNIT(.MILLI.,.METRE.));
#5776=PROPERTY_DEFINITION('geometric validation property',
'area of 1013_ASM_ASM',#5740);
#5777=REPRESENTATION('surface area',(#5775),#5761);
#5778=PROPERTY_DEFINITION_REPRESENTATION(#5776,#5777);
#5779=(LENGTH_UNIT()NAMED_UNIT(*)SI_UNIT(.MILLI.,.METRE.));
#5783=PROPERTY_DEFINITION('geometric validation property',
'volume of 1013_ASM_ASM',#5740);
#5784=REPRESENTATION('volume',(#5782),#5761);
#5785=PROPERTY_DEFINITION_REPRESENTATION(#5783,#5784);
#5787=PROPERTY_DEFINITION('geometric validation property',
'centroid of 1013_ASM_ASM',#5740);
#5788=REPRESENTATION('centroid',(#5786),#5761);
#5789=PROPERTY_DEFINITION_REPRESENTATION(#5787,#5788);
ENDSEC;
END-ISO-10303-21;
