ISO-10303-21;
HEADER;
FILE_DESCRIPTION((''),'2;1');
FILE_NAME('08000790_ASM','2025-09-25T15:50:16',('Administrator'),(''),
'CREO PARAMETRIC BY PTC INC, 2018100','CREO PARAMETRIC BY PTC INC, 2018100','');
FILE_SCHEMA(('AUTOMOTIVE_DESIGN { 1 0 10303 214 1 1 1 1 }'));
ENDSEC;
DATA;
#27=DIRECTION('',(0.E0,-1.E0,0.E0));
#28=VECTOR('',#27,3.6E0);
#29=CARTESIAN_POINT('',(0.E0,4.15E0,2.26514925E0));
#30=LINE('',#29,#28);
#31=DRAUGHTING_PRE_DEFINED_CURVE_FONT('continuous');
#32=CURVE_STYLE('',#31,POSITIVE_LENGTH_MEASURE(2.E-2),#23);
#33=PRESENTATION_STYLE_ASSIGNMENT((#32));
#34=STYLED_ITEM('',(#33),#30);
#35=DIRECTION('',(0.E0,0.E0,1.E0));
#36=VECTOR('',#35,9.98488E-1);
#37=CARTESIAN_POINT('',(0.E0,4.15E0,2.26514925E0));
#38=LINE('',#37,#36);
#39=CURVE_STYLE('',#31,POSITIVE_LENGTH_MEASURE(2.E-2),#23);
#40=PRESENTATION_STYLE_ASSIGNMENT((#39));
#41=STYLED_ITEM('',(#40),#38);
#42=DIRECTION('',(0.E0,-7.071067811865E-1,7.071067811865E-1));
#43=VECTOR('',#42,1.253506222232E0);
#44=CARTESIAN_POINT('',(0.E0,4.15E0,3.26363725E0));
#45=LINE('',#44,#43);
#46=CURVE_STYLE('',#31,POSITIVE_LENGTH_MEASURE(2.E-2),#23);
#47=PRESENTATION_STYLE_ASSIGNMENT((#46));
#48=STYLED_ITEM('',(#47),#45);
#49=DIRECTION('',(0.E0,-1.E0,0.E0));
#50=VECTOR('',#49,2.71363725E0);
#51=CARTESIAN_POINT('',(0.E0,3.26363725E0,4.15E0));
#52=LINE('',#51,#50);
#53=CURVE_STYLE('',#31,POSITIVE_LENGTH_MEASURE(2.E-2),#23);
#54=PRESENTATION_STYLE_ASSIGNMENT((#53));
#55=STYLED_ITEM('',(#54),#52);
#56=DIRECTION('',(0.E0,-1.E0,0.E0));
#57=VECTOR('',#56,3.6E0);
#58=CARTESIAN_POINT('',(0.E0,-5.5E-1,2.26514925E0));
#59=LINE('',#58,#57);
#60=CURVE_STYLE('',#31,POSITIVE_LENGTH_MEASURE(2.E-2),#23);
#61=PRESENTATION_STYLE_ASSIGNMENT((#60));
#62=STYLED_ITEM('',(#61),#59);
#63=DIRECTION('',(0.E0,-1.E0,0.E0));
#64=VECTOR('',#63,2.71363725E0);
#65=CARTESIAN_POINT('',(0.E0,-5.5E-1,4.15E0));
#66=LINE('',#65,#64);
#67=CURVE_STYLE('',#31,POSITIVE_LENGTH_MEASURE(2.E-2),#23);
#68=PRESENTATION_STYLE_ASSIGNMENT((#67));
#69=STYLED_ITEM('',(#68),#66);
#70=DIRECTION('',(0.E0,7.071067811865E-1,7.071067811865E-1));
#71=VECTOR('',#70,1.253506222232E0);
#72=CARTESIAN_POINT('',(0.E0,-4.15E0,3.26363725E0));
#73=LINE('',#72,#71);
#74=CURVE_STYLE('',#31,POSITIVE_LENGTH_MEASURE(2.E-2),#23);
#75=PRESENTATION_STYLE_ASSIGNMENT((#74));
#76=STYLED_ITEM('',(#75),#73);
#77=DIRECTION('',(0.E0,-1.E0,0.E0));
#78=VECTOR('',#77,3.6E0);
#79=CARTESIAN_POINT('',(0.E0,4.15E0,-2.26514925E0));
#80=LINE('',#79,#78);
#81=CURVE_STYLE('',#31,POSITIVE_LENGTH_MEASURE(2.E-2),#23);
#82=PRESENTATION_STYLE_ASSIGNMENT((#81));
#83=STYLED_ITEM('',(#82),#80);
#84=DIRECTION('',(0.E0,1.E0,0.E0));
#85=VECTOR('',#84,3.252778125E0);
#86=CARTESIAN_POINT('',(0.E0,5.5E-1,-4.15E0));
#87=LINE('',#86,#85);
#88=CURVE_STYLE('',#31,POSITIVE_LENGTH_MEASURE(2.E-2),#23);
#89=PRESENTATION_STYLE_ASSIGNMENT((#88));
#90=STYLED_ITEM('',(#89),#87);
#91=CARTESIAN_POINT('',(0.E0,3.802778125E0,-3.802778125E0));
#92=DIRECTION('',(1.E0,0.E0,0.E0));
#93=DIRECTION('',(0.E0,1.662671664350E-14,-1.E0));
#94=AXIS2_PLACEMENT_3D('',#91,#92,#93);
#96=CURVE_STYLE('',#31,POSITIVE_LENGTH_MEASURE(2.E-2),#23);
#97=PRESENTATION_STYLE_ASSIGNMENT((#96));
#98=STYLED_ITEM('',(#97),#95);
#99=DIRECTION('',(0.E0,0.E0,1.E0));
#100=VECTOR('',#99,1.537628875E0);
#101=CARTESIAN_POINT('',(0.E0,4.15E0,-3.802778125E0));
#102=LINE('',#101,#100);
#103=CURVE_STYLE('',#31,POSITIVE_LENGTH_MEASURE(2.E-2),#23);
#104=PRESENTATION_STYLE_ASSIGNMENT((#103));
#105=STYLED_ITEM('',(#104),#102);
#106=DIRECTION('',(0.E0,-1.E0,0.E0));
#107=VECTOR('',#106,3.6E0);
#108=CARTESIAN_POINT('',(0.E0,-5.5E-1,-2.26514925E0));
#109=LINE('',#108,#107);
#110=CURVE_STYLE('',#31,POSITIVE_LENGTH_MEASURE(2.E-2),#23);
#111=PRESENTATION_STYLE_ASSIGNMENT((#110));
#112=STYLED_ITEM('',(#111),#109);
#113=CARTESIAN_POINT('',(0.E0,-3.802778125E0,-3.802778125E0));
#114=DIRECTION('',(1.E0,0.E0,0.E0));
#115=DIRECTION('',(0.E0,-1.E0,-1.662671664350E-14));
#116=AXIS2_PLACEMENT_3D('',#113,#114,#115);
#118=CURVE_STYLE('',#31,POSITIVE_LENGTH_MEASURE(2.E-2),#23);
#119=PRESENTATION_STYLE_ASSIGNMENT((#118));
#120=STYLED_ITEM('',(#119),#117);
#121=DIRECTION('',(0.E0,1.E0,0.E0));
#122=VECTOR('',#121,3.252778125E0);
#123=CARTESIAN_POINT('',(0.E0,-3.802778125E0,-4.15E0));
#124=LINE('',#123,#122);
#125=CURVE_STYLE('',#31,POSITIVE_LENGTH_MEASURE(2.E-2),#23);
#126=PRESENTATION_STYLE_ASSIGNMENT((#125));
#127=STYLED_ITEM('',(#126),#124);
#128=CARTESIAN_POINT('',(0.E0,-2.412876375E0,2.437497562500E0));
#129=DIRECTION('',(-1.E0,0.E0,0.E0));
#130=DIRECTION('',(0.E0,0.E0,-1.E0));
#131=AXIS2_PLACEMENT_3D('',#128,#129,#130);
#133=CURVE_STYLE('',#31,POSITIVE_LENGTH_MEASURE(2.E-2),#23);
#134=PRESENTATION_STYLE_ASSIGNMENT((#133));
#135=STYLED_ITEM('',(#134),#132);
#136=CARTESIAN_POINT('',(0.E0,-2.412876375E0,2.437497562500E0));
#137=DIRECTION('',(-1.E0,0.E0,0.E0));
#138=DIRECTION('',(0.E0,0.E0,1.E0));
#139=AXIS2_PLACEMENT_3D('',#136,#137,#138);
#141=CURVE_STYLE('',#31,POSITIVE_LENGTH_MEASURE(2.E-2),#23);
#142=PRESENTATION_STYLE_ASSIGNMENT((#141));
#143=STYLED_ITEM('',(#142),#140);
#144=CARTESIAN_POINT('',(0.E0,-2.412876375E0,-2.437497562500E0));
#145=DIRECTION('',(-1.E0,0.E0,0.E0));
#146=DIRECTION('',(0.E0,0.E0,-1.E0));
#147=AXIS2_PLACEMENT_3D('',#144,#145,#146);
#149=CURVE_STYLE('',#31,POSITIVE_LENGTH_MEASURE(2.E-2),#23);
#150=PRESENTATION_STYLE_ASSIGNMENT((#149));
#151=STYLED_ITEM('',(#150),#148);
#152=CARTESIAN_POINT('',(0.E0,-2.412876375E0,-2.437497562500E0));
#153=DIRECTION('',(-1.E0,0.E0,0.E0));
#154=DIRECTION('',(0.E0,0.E0,1.E0));
#155=AXIS2_PLACEMENT_3D('',#152,#153,#154);
#157=CURVE_STYLE('',#31,POSITIVE_LENGTH_MEASURE(2.E-2),#23);
#158=PRESENTATION_STYLE_ASSIGNMENT((#157));
#159=STYLED_ITEM('',(#158),#156);
#160=CARTESIAN_POINT('',(0.E0,2.412876375E0,-2.437497562500E0));
#161=DIRECTION('',(-1.E0,0.E0,0.E0));
#162=DIRECTION('',(0.E0,0.E0,-1.E0));
#163=AXIS2_PLACEMENT_3D('',#160,#161,#162);
#165=CURVE_STYLE('',#31,POSITIVE_LENGTH_MEASURE(2.E-2),#23);
#166=PRESENTATION_STYLE_ASSIGNMENT((#165));
#167=STYLED_ITEM('',(#166),#164);
#168=CARTESIAN_POINT('',(0.E0,2.412876375E0,-2.437497562500E0));
#169=DIRECTION('',(-1.E0,0.E0,0.E0));
#170=DIRECTION('',(0.E0,0.E0,1.E0));
#171=AXIS2_PLACEMENT_3D('',#168,#169,#170);
#173=CURVE_STYLE('',#31,POSITIVE_LENGTH_MEASURE(2.E-2),#23);
#174=PRESENTATION_STYLE_ASSIGNMENT((#173));
#175=STYLED_ITEM('',(#174),#172);
#176=CARTESIAN_POINT('',(0.E0,2.412876375E0,2.437497562500E0));
#177=DIRECTION('',(-1.E0,0.E0,0.E0));
#178=DIRECTION('',(0.E0,0.E0,-1.E0));
#179=AXIS2_PLACEMENT_3D('',#176,#177,#178);
#181=CURVE_STYLE('',#31,POSITIVE_LENGTH_MEASURE(2.E-2),#23);
#182=PRESENTATION_STYLE_ASSIGNMENT((#181));
#183=STYLED_ITEM('',(#182),#180);
#184=CARTESIAN_POINT('',(0.E0,2.412876375E0,2.437497562500E0));
#185=DIRECTION('',(-1.E0,0.E0,0.E0));
#186=DIRECTION('',(0.E0,0.E0,1.E0));
#187=AXIS2_PLACEMENT_3D('',#184,#185,#186);
#189=CURVE_STYLE('',#31,POSITIVE_LENGTH_MEASURE(2.E-2),#23);
#190=PRESENTATION_STYLE_ASSIGNMENT((#189));
#191=STYLED_ITEM('',(#190),#188);
#192=DIRECTION('',(0.E0,0.E0,1.E0));
#193=VECTOR('',#192,2.7514925E-1);
#194=CARTESIAN_POINT('',(5.E-2,5.5E-1,1.99E0));
#195=LINE('',#194,#193);
#196=CURVE_STYLE('',#31,POSITIVE_LENGTH_MEASURE(2.E-2),#23);
#197=PRESENTATION_STYLE_ASSIGNMENT((#196));
#198=STYLED_ITEM('',(#197),#195);
#199=DIRECTION('',(1.E0,0.E0,0.E0));
#200=VECTOR('',#199,5.E-2);
#201=CARTESIAN_POINT('',(0.E0,5.5E-1,2.26514925E0));
#202=LINE('',#201,#200);
#203=CURVE_STYLE('',#31,POSITIVE_LENGTH_MEASURE(2.E-2),#23);
#204=PRESENTATION_STYLE_ASSIGNMENT((#203));
#205=STYLED_ITEM('',(#204),#202);
#206=DIRECTION('',(0.E0,0.E0,1.E0));
#207=VECTOR('',#206,1.88485075E0);
#208=CARTESIAN_POINT('',(0.E0,5.5E-1,2.26514925E0));
#209=LINE('',#208,#207);
#210=CURVE_STYLE('',#31,POSITIVE_LENGTH_MEASURE(2.E-2),#23);
#211=PRESENTATION_STYLE_ASSIGNMENT((#210));
#212=STYLED_ITEM('',(#211),#209);
#213=DIRECTION('',(0.E0,0.E0,-1.E0));
#214=VECTOR('',#213,2.16E0);
#215=CARTESIAN_POINT('',(2.E-1,5.5E-1,4.15E0));
#216=LINE('',#215,#214);
#217=CURVE_STYLE('',#31,POSITIVE_LENGTH_MEASURE(2.E-2),#23);
#218=PRESENTATION_STYLE_ASSIGNMENT((#217));
#219=STYLED_ITEM('',(#218),#216);
#220=DIRECTION('',(0.E0,-1.E0,0.E0));
#221=VECTOR('',#220,3.6E0);
#222=CARTESIAN_POINT('',(5.E-2,4.15E0,-2.26514925E0));
#223=LINE('',#222,#221);
#224=CURVE_STYLE('',#31,POSITIVE_LENGTH_MEASURE(2.E-2),#23);
#225=PRESENTATION_STYLE_ASSIGNMENT((#224));
#226=STYLED_ITEM('',(#225),#223);
#227=DIRECTION('',(0.E0,1.E0,0.E0));
#228=VECTOR('',#227,3.6E0);
#229=CARTESIAN_POINT('',(5.E-2,5.5E-1,2.26514925E0));
#230=LINE('',#229,#228);
#231=CURVE_STYLE('',#31,POSITIVE_LENGTH_MEASURE(2.E-2),#23);
#232=PRESENTATION_STYLE_ASSIGNMENT((#231));
#233=STYLED_ITEM('',(#232),#230);
#234=DIRECTION('',(0.E0,1.E0,0.E0));
#235=VECTOR('',#234,3.6E0);
#236=CARTESIAN_POINT('',(5.E-2,-4.15E0,2.26514925E0));
#237=LINE('',#236,#235);
#238=CURVE_STYLE('',#31,POSITIVE_LENGTH_MEASURE(2.E-2),#23);
#239=PRESENTATION_STYLE_ASSIGNMENT((#238));
#240=STYLED_ITEM('',(#239),#237);
#241=DIRECTION('',(0.E0,-1.E0,0.E0));
#242=VECTOR('',#241,3.6E0);
#243=CARTESIAN_POINT('',(5.E-2,-5.5E-1,-2.26514925E0));
#244=LINE('',#243,#242);
#245=CURVE_STYLE('',#31,POSITIVE_LENGTH_MEASURE(2.E-2),#23);
#246=PRESENTATION_STYLE_ASSIGNMENT((#245));
#247=STYLED_ITEM('',(#246),#244);
#248=CARTESIAN_POINT('',(5.E-2,1.E-2,-1.99E0));
#249=DIRECTION('',(1.E0,0.E0,0.E0));
#250=DIRECTION('',(0.E0,1.E0,0.E0));
#251=AXIS2_PLACEMENT_3D('',#248,#249,#250);
#253=CURVE_STYLE('',#31,POSITIVE_LENGTH_MEASURE(2.E-2),#23);
#254=PRESENTATION_STYLE_ASSIGNMENT((#253));
#255=STYLED_ITEM('',(#254),#252);
#256=CARTESIAN_POINT('',(2.E-1,1.E-2,-1.99E0));
#257=DIRECTION('',(-1.E0,0.E0,0.E0));
#258=DIRECTION('',(0.E0,0.E0,1.E0));
#259=AXIS2_PLACEMENT_3D('',#256,#257,#258);
#261=CURVE_STYLE('',#31,POSITIVE_LENGTH_MEASURE(2.E-2),#23);
#262=PRESENTATION_STYLE_ASSIGNMENT((#261));
#263=STYLED_ITEM('',(#262),#260);
#264=DIRECTION('',(1.E0,0.E0,0.E0));
#265=VECTOR('',#264,1.5E-1);
#266=CARTESIAN_POINT('',(5.E-2,5.5E-1,-1.99E0));
#267=LINE('',#266,#265);
#268=CURVE_STYLE('',#31,POSITIVE_LENGTH_MEASURE(2.E-2),#23);
#269=PRESENTATION_STYLE_ASSIGNMENT((#268));
#270=STYLED_ITEM('',(#269),#267);
#271=DIRECTION('',(0.E0,-1.E0,0.E0));
#272=VECTOR('',#271,2.E-2);
#273=CARTESIAN_POINT('',(5.E-2,1.E-2,-1.45E0));
#274=LINE('',#273,#272);
#275=CURVE_STYLE('',#31,POSITIVE_LENGTH_MEASURE(2.E-2),#23);
#276=PRESENTATION_STYLE_ASSIGNMENT((#275));
#277=STYLED_ITEM('',(#276),#274);
#278=DIRECTION('',(1.E0,0.E0,0.E0));
#279=VECTOR('',#278,1.5E-1);
#280=CARTESIAN_POINT('',(5.E-2,1.E-2,-1.45E0));
#281=LINE('',#280,#279);
#282=CURVE_STYLE('',#31,POSITIVE_LENGTH_MEASURE(2.E-2),#23);
#283=PRESENTATION_STYLE_ASSIGNMENT((#282));
#284=STYLED_ITEM('',(#283),#281);
#285=CARTESIAN_POINT('',(5.E-2,-1.E-2,-1.99E0));
#286=DIRECTION('',(1.E0,0.E0,0.E0));
#287=DIRECTION('',(0.E0,0.E0,1.E0));
#288=AXIS2_PLACEMENT_3D('',#285,#286,#287);
#290=CURVE_STYLE('',#31,POSITIVE_LENGTH_MEASURE(2.E-2),#23);
#291=PRESENTATION_STYLE_ASSIGNMENT((#290));
#292=STYLED_ITEM('',(#291),#289);
#293=CARTESIAN_POINT('',(2.E-1,-1.E-2,-1.99E0));
#294=DIRECTION('',(-1.E0,0.E0,0.E0));
#295=DIRECTION('',(0.E0,-1.E0,0.E0));
#296=AXIS2_PLACEMENT_3D('',#293,#294,#295);
#298=CURVE_STYLE('',#31,POSITIVE_LENGTH_MEASURE(2.E-2),#23);
#299=PRESENTATION_STYLE_ASSIGNMENT((#298));
#300=STYLED_ITEM('',(#299),#297);
#301=DIRECTION('',(1.E0,0.E0,0.E0));
#302=VECTOR('',#301,1.5E-1);
#303=CARTESIAN_POINT('',(5.E-2,-1.E-2,-1.45E0));
#304=LINE('',#303,#302);
#305=CURVE_STYLE('',#31,POSITIVE_LENGTH_MEASURE(2.E-2),#23);
#306=PRESENTATION_STYLE_ASSIGNMENT((#305));
#307=STYLED_ITEM('',(#306),#304);
#308=DIRECTION('',(0.E0,0.E0,-1.E0));
#309=VECTOR('',#308,2.7514925E-1);
#310=CARTESIAN_POINT('',(5.E-2,-5.5E-1,-1.99E0));
#311=LINE('',#310,#309);
#312=CURVE_STYLE('',#31,POSITIVE_LENGTH_MEASURE(2.E-2),#23);
#313=PRESENTATION_STYLE_ASSIGNMENT((#312));
#314=STYLED_ITEM('',(#313),#311);
#315=DIRECTION('',(1.E0,0.E0,0.E0));
#316=VECTOR('',#315,5.E-2);
#317=CARTESIAN_POINT('',(0.E0,-5.5E-1,-2.26514925E0));
#318=LINE('',#317,#316);
#319=CURVE_STYLE('',#31,POSITIVE_LENGTH_MEASURE(2.E-2),#23);
#320=PRESENTATION_STYLE_ASSIGNMENT((#319));
#321=STYLED_ITEM('',(#320),#318);
#322=DIRECTION('',(0.E0,0.E0,-1.E0));
#323=VECTOR('',#322,1.88485075E0);
#324=CARTESIAN_POINT('',(0.E0,-5.5E-1,-2.26514925E0));
#325=LINE('',#324,#323);
#326=CURVE_STYLE('',#31,POSITIVE_LENGTH_MEASURE(2.E-2),#23);
#327=PRESENTATION_STYLE_ASSIGNMENT((#326));
#328=STYLED_ITEM('',(#327),#325);
#329=DIRECTION('',(0.E0,0.E0,1.E0));
#330=VECTOR('',#329,2.16E0);
#331=CARTESIAN_POINT('',(2.E-1,-5.5E-1,-4.15E0));
#332=LINE('',#331,#330);
#333=CURVE_STYLE('',#31,POSITIVE_LENGTH_MEASURE(2.E-2),#23);
#334=PRESENTATION_STYLE_ASSIGNMENT((#333));
#335=STYLED_ITEM('',(#334),#332);
#336=DIRECTION('',(1.E0,0.E0,0.E0));
#337=VECTOR('',#336,1.5E-1);
#338=CARTESIAN_POINT('',(5.E-2,-5.5E-1,-1.99E0));
#339=LINE('',#338,#337);
#340=CURVE_STYLE('',#31,POSITIVE_LENGTH_MEASURE(2.E-2),#23);
#341=PRESENTATION_STYLE_ASSIGNMENT((#340));
#342=STYLED_ITEM('',(#341),#339);
#343=DIRECTION('',(0.E0,0.E0,-1.E0));
#344=VECTOR('',#343,2.27878975E0);
#345=CARTESIAN_POINT('',(1.1E0,4.15E0,3.26363725E0));
#346=LINE('',#345,#344);
#347=CURVE_STYLE('',#31,POSITIVE_LENGTH_MEASURE(2.E-2),#23);
#348=PRESENTATION_STYLE_ASSIGNMENT((#347));
#349=STYLED_ITEM('',(#348),#346);
#350=DIRECTION('',(1.E0,0.E0,0.E0));
#351=VECTOR('',#350,1.1E0);
#352=CARTESIAN_POINT('',(0.E0,4.15E0,3.26363725E0));
#353=LINE('',#352,#351);
#354=CURVE_STYLE('',#31,POSITIVE_LENGTH_MEASURE(2.E-2),#23);
#355=PRESENTATION_STYLE_ASSIGNMENT((#354));
#356=STYLED_ITEM('',(#355),#353);
#357=DIRECTION('',(1.E0,0.E0,0.E0));
#358=VECTOR('',#357,5.E-2);
#359=CARTESIAN_POINT('',(0.E0,4.15E0,2.26514925E0));
#360=LINE('',#359,#358);
#361=CURVE_STYLE('',#31,POSITIVE_LENGTH_MEASURE(2.E-2),#23);
#362=PRESENTATION_STYLE_ASSIGNMENT((#361));
#363=STYLED_ITEM('',(#362),#360);
#364=DIRECTION('',(0.E0,0.E0,-1.E0));
#365=VECTOR('',#364,4.5302985E0);
#366=CARTESIAN_POINT('',(5.E-2,4.15E0,2.26514925E0));
#367=LINE('',#366,#365);
#368=CURVE_STYLE('',#31,POSITIVE_LENGTH_MEASURE(2.E-2),#23);
#369=PRESENTATION_STYLE_ASSIGNMENT((#368));
#370=STYLED_ITEM('',(#369),#367);
#371=DIRECTION('',(1.E0,0.E0,0.E0));
#372=VECTOR('',#371,5.E-2);
#373=CARTESIAN_POINT('',(0.E0,4.15E0,-2.26514925E0));
#374=LINE('',#373,#372);
#375=CURVE_STYLE('',#31,POSITIVE_LENGTH_MEASURE(2.E-2),#23);
#376=PRESENTATION_STYLE_ASSIGNMENT((#375));
#377=STYLED_ITEM('',(#376),#374);
#378=DIRECTION('',(1.E0,0.E0,0.E0));
#379=VECTOR('',#378,1.9E0);
#380=CARTESIAN_POINT('',(0.E0,4.15E0,-3.802778125E0));
#381=LINE('',#380,#379);
#382=CURVE_STYLE('',#31,POSITIVE_LENGTH_MEASURE(2.E-2),#23);
#383=PRESENTATION_STYLE_ASSIGNMENT((#382));
#384=STYLED_ITEM('',(#383),#381);
#385=DIRECTION('',(-1.E0,0.E0,0.E0));
#386=VECTOR('',#385,1.35E0);
#387=CARTESIAN_POINT('',(1.9E0,4.15E0,-9.848475E-1));
#388=LINE('',#387,#386);
#389=CURVE_STYLE('',#31,POSITIVE_LENGTH_MEASURE(2.E-2),#23);
#390=PRESENTATION_STYLE_ASSIGNMENT((#389));
#391=STYLED_ITEM('',(#390),#388);
#392=DIRECTION('',(0.E0,0.E0,1.E0));
#393=VECTOR('',#392,1.969695E0);
#394=CARTESIAN_POINT('',(5.5E-1,4.15E0,-9.848475E-1));
#395=LINE('',#394,#393);
#396=CURVE_STYLE('',#31,POSITIVE_LENGTH_MEASURE(2.E-2),#23);
#397=PRESENTATION_STYLE_ASSIGNMENT((#396));
#398=STYLED_ITEM('',(#397),#395);
#399=DIRECTION('',(-1.E0,0.E0,0.E0));
#400=VECTOR('',#399,5.5E-1);
#401=CARTESIAN_POINT('',(1.1E0,4.15E0,9.848475E-1));
#402=LINE('',#401,#400);
#403=CURVE_STYLE('',#31,POSITIVE_LENGTH_MEASURE(2.E-2),#23);
#404=PRESENTATION_STYLE_ASSIGNMENT((#403));
#405=STYLED_ITEM('',(#404),#402);
#406=DIRECTION('',(0.E0,1.E0,0.E0));
#407=VECTOR('',#406,2.731358804127E-1);
#408=CARTESIAN_POINT('',(1.1E0,-4.15E0,9.848475E-1));
#409=LINE('',#408,#407);
#410=CURVE_STYLE('',#31,POSITIVE_LENGTH_MEASURE(2.E-2),#23);
#411=PRESENTATION_STYLE_ASSIGNMENT((#410));
#412=STYLED_ITEM('',(#411),#409);
#413=DIRECTION('',(0.E0,-1.E0,0.E0));
#414=VECTOR('',#413,2.731358804127E-1);
#415=CARTESIAN_POINT('',(5.5E-1,-3.876864119587E0,9.848475E-1));
#416=LINE('',#415,#414);
#417=CURVE_STYLE('',#31,POSITIVE_LENGTH_MEASURE(2.E-2),#23);
#418=PRESENTATION_STYLE_ASSIGNMENT((#417));
#419=STYLED_ITEM('',(#418),#416);
#420=DIRECTION('',(0.E0,1.E0,0.E0));
#421=VECTOR('',#420,2.731358804127E-1);
#422=CARTESIAN_POINT('',(1.1E0,3.876864119587E0,9.848475E-1));
#423=LINE('',#422,#421);
#424=CURVE_STYLE('',#31,POSITIVE_LENGTH_MEASURE(2.E-2),#23);
#425=PRESENTATION_STYLE_ASSIGNMENT((#424));
#426=STYLED_ITEM('',(#425),#423);
#427=DIRECTION('',(0.E0,-1.E0,0.E0));
#428=VECTOR('',#427,2.731358804127E-1);
#429=CARTESIAN_POINT('',(5.5E-1,4.15E0,9.848475E-1));
#430=LINE('',#429,#428);
#431=CURVE_STYLE('',#31,POSITIVE_LENGTH_MEASURE(2.E-2),#23);
#432=PRESENTATION_STYLE_ASSIGNMENT((#431));
#433=STYLED_ITEM('',(#432),#430);
#434=CARTESIAN_POINT('',(1.1E0,0.E0,0.E0));
#435=DIRECTION('',(1.E0,0.E0,0.E0));
#436=DIRECTION('',(0.E0,9.692160298968E-1,2.46211875E-1));
#437=AXIS2_PLACEMENT_3D('',#434,#435,#436);
#439=CURVE_STYLE('',#31,POSITIVE_LENGTH_MEASURE(2.E-2),#23);
#440=PRESENTATION_STYLE_ASSIGNMENT((#439));
#441=STYLED_ITEM('',(#440),#438);
#442=DIRECTION('',(1.E0,0.E0,0.E0));
#443=VECTOR('',#442,5.5E-1);
#444=CARTESIAN_POINT('',(5.5E-1,3.876864119587E0,9.848475E-1));
#445=LINE('',#444,#443);
#446=CURVE_STYLE('',#31,POSITIVE_LENGTH_MEASURE(2.E-2),#23);
#447=PRESENTATION_STYLE_ASSIGNMENT((#446));
#448=STYLED_ITEM('',(#447),#445);
#449=DIRECTION('',(1.E0,0.E0,0.E0));
#450=VECTOR('',#449,5.5E-1);
#451=CARTESIAN_POINT('',(5.5E-1,9.848475E-1,3.876864119587E0));
#452=LINE('',#451,#450);
#453=CURVE_STYLE('',#31,POSITIVE_LENGTH_MEASURE(2.E-2),#23);
#454=PRESENTATION_STYLE_ASSIGNMENT((#453));
#455=STYLED_ITEM('',(#454),#452);
#456=CARTESIAN_POINT('',(1.1E0,0.E0,0.E0));
#457=DIRECTION('',(1.E0,0.E0,0.E0));
#458=DIRECTION('',(0.E0,-2.46211875E-1,9.692160298968E-1));
#459=AXIS2_PLACEMENT_3D('',#456,#457,#458);
#461=CURVE_STYLE('',#31,POSITIVE_LENGTH_MEASURE(2.E-2),#23);
#462=PRESENTATION_STYLE_ASSIGNMENT((#461));
#463=STYLED_ITEM('',(#462),#460);
#464=DIRECTION('',(1.E0,0.E0,0.E0));
#465=VECTOR('',#464,5.5E-1);
#466=CARTESIAN_POINT('',(5.5E-1,-9.848475E-1,3.876864119587E0));
#467=LINE('',#466,#465);
#468=CURVE_STYLE('',#31,POSITIVE_LENGTH_MEASURE(2.E-2),#23);
#469=PRESENTATION_STYLE_ASSIGNMENT((#468));
#470=STYLED_ITEM('',(#469),#467);
#471=DIRECTION('',(1.E0,0.E0,0.E0));
#472=VECTOR('',#471,5.5E-1);
#473=CARTESIAN_POINT('',(5.5E-1,-3.876864119587E0,9.848475E-1));
#474=LINE('',#473,#472);
#475=CURVE_STYLE('',#31,POSITIVE_LENGTH_MEASURE(2.E-2),#23);
#476=PRESENTATION_STYLE_ASSIGNMENT((#475));
#477=STYLED_ITEM('',(#476),#474);
#478=CARTESIAN_POINT('',(5.5E-1,0.E0,0.E0));
#479=DIRECTION('',(1.E0,0.E0,0.E0));
#480=DIRECTION('',(0.E0,-2.46211875E-1,9.692160298968E-1));
#481=AXIS2_PLACEMENT_3D('',#478,#479,#480);
#483=CURVE_STYLE('',#31,POSITIVE_LENGTH_MEASURE(2.E-2),#23);
#484=PRESENTATION_STYLE_ASSIGNMENT((#483));
#485=STYLED_ITEM('',(#484),#482);
#486=DIRECTION('',(0.E0,0.E0,1.E0));
#487=VECTOR('',#486,2.731358804127E-1);
#488=CARTESIAN_POINT('',(5.5E-1,-9.848475E-1,3.876864119587E0));
#489=LINE('',#488,#487);
#490=CURVE_STYLE('',#31,POSITIVE_LENGTH_MEASURE(2.E-2),#23);
#491=PRESENTATION_STYLE_ASSIGNMENT((#490));
#492=STYLED_ITEM('',(#491),#489);
#493=CARTESIAN_POINT('',(5.5E-1,0.E0,0.E0));
#494=DIRECTION('',(1.E0,0.E0,0.E0));
#495=DIRECTION('',(0.E0,9.692160298968E-1,2.46211875E-1));
#496=AXIS2_PLACEMENT_3D('',#493,#494,#495);
#498=CURVE_STYLE('',#31,POSITIVE_LENGTH_MEASURE(2.E-2),#23);
#499=PRESENTATION_STYLE_ASSIGNMENT((#498));
#500=STYLED_ITEM('',(#499),#497);
#501=DIRECTION('',(0.E0,-1.E0,0.E0));
#502=VECTOR('',#501,2.731358804127E-1);
#503=CARTESIAN_POINT('',(5.5E-1,4.15E0,-9.848475E-1));
#504=LINE('',#503,#502);
#505=CURVE_STYLE('',#31,POSITIVE_LENGTH_MEASURE(2.E-2),#23);
#506=PRESENTATION_STYLE_ASSIGNMENT((#505));
#507=STYLED_ITEM('',(#506),#504);
#508=CARTESIAN_POINT('',(5.5E-1,0.E0,0.E0));
#509=DIRECTION('',(1.E0,0.E0,0.E0));
#510=DIRECTION('',(0.E0,2.46211875E-1,-9.692160298968E-1));
#511=AXIS2_PLACEMENT_3D('',#508,#509,#510);
#513=CURVE_STYLE('',#31,POSITIVE_LENGTH_MEASURE(2.E-2),#23);
#514=PRESENTATION_STYLE_ASSIGNMENT((#513));
#515=STYLED_ITEM('',(#514),#512);
#516=DIRECTION('',(0.E0,0.E0,1.E0));
#517=VECTOR('',#516,2.731358804127E-1);
#518=CARTESIAN_POINT('',(5.5E-1,-9.848475E-1,-4.15E0));
#519=LINE('',#518,#517);
#520=CURVE_STYLE('',#31,POSITIVE_LENGTH_MEASURE(2.E-2),#23);
#521=PRESENTATION_STYLE_ASSIGNMENT((#520));
#522=STYLED_ITEM('',(#521),#519);
#523=CARTESIAN_POINT('',(5.5E-1,0.E0,0.E0));
#524=DIRECTION('',(1.E0,0.E0,0.E0));
#525=DIRECTION('',(0.E0,-9.692160298968E-1,-2.46211875E-1));
#526=AXIS2_PLACEMENT_3D('',#523,#524,#525);
#528=CURVE_STYLE('',#31,POSITIVE_LENGTH_MEASURE(2.E-2),#23);
#529=PRESENTATION_STYLE_ASSIGNMENT((#528));
#530=STYLED_ITEM('',(#529),#527);
#531=DIRECTION('',(0.E0,-1.E0,0.E0));
#532=VECTOR('',#531,2.731358804127E-1);
#533=CARTESIAN_POINT('',(5.5E-1,-3.876864119587E0,-9.848475E-1));
#534=LINE('',#533,#532);
#535=CURVE_STYLE('',#31,POSITIVE_LENGTH_MEASURE(2.E-2),#23);
#536=PRESENTATION_STYLE_ASSIGNMENT((#535));
#537=STYLED_ITEM('',(#536),#534);
#538=DIRECTION('',(0.E0,0.E0,1.E0));
#539=VECTOR('',#538,2.731358804127E-1);
#540=CARTESIAN_POINT('',(1.1E0,-9.848475E-1,3.876864119587E0));
#541=LINE('',#540,#539);
#542=CURVE_STYLE('',#31,POSITIVE_LENGTH_MEASURE(2.E-2),#23);
#543=PRESENTATION_STYLE_ASSIGNMENT((#542));
#544=STYLED_ITEM('',(#543),#541);
#545=DIRECTION('',(0.E0,0.E0,1.E0));
#546=VECTOR('',#545,2.731358804127E-1);
#547=CARTESIAN_POINT('',(1.9E0,-9.848475E-1,-4.15E0));
#548=LINE('',#547,#546);
#549=CURVE_STYLE('',#31,POSITIVE_LENGTH_MEASURE(2.E-2),#23);
#550=PRESENTATION_STYLE_ASSIGNMENT((#549));
#551=STYLED_ITEM('',(#550),#548);
#552=DIRECTION('',(0.E0,1.E0,0.E0));
#553=VECTOR('',#552,2.817930625E0);
#554=CARTESIAN_POINT('',(1.9E0,-3.802778125E0,-4.15E0));
#555=LINE('',#554,#553);
#556=CURVE_STYLE('',#31,POSITIVE_LENGTH_MEASURE(2.E-2),#23);
#557=PRESENTATION_STYLE_ASSIGNMENT((#556));
#558=STYLED_ITEM('',(#557),#555);
#559=CARTESIAN_POINT('',(1.9E0,-3.802778125E0,-3.802778125E0));
#560=DIRECTION('',(1.E0,0.E0,0.E0));
#561=DIRECTION('',(0.E0,-1.E0,-1.662671664350E-14));
#562=AXIS2_PLACEMENT_3D('',#559,#560,#561);
#564=CURVE_STYLE('',#31,POSITIVE_LENGTH_MEASURE(2.E-2),#23);
#565=PRESENTATION_STYLE_ASSIGNMENT((#564));
#566=STYLED_ITEM('',(#565),#563);
#567=DIRECTION('',(0.E0,-1.E0,0.E0));
#568=VECTOR('',#567,2.731358804127E-1);
#569=CARTESIAN_POINT('',(1.9E0,-3.876864119587E0,-9.848475E-1));
#570=LINE('',#569,#568);
#571=CURVE_STYLE('',#31,POSITIVE_LENGTH_MEASURE(2.E-2),#23);
#572=PRESENTATION_STYLE_ASSIGNMENT((#571));
#573=STYLED_ITEM('',(#572),#570);
#574=CARTESIAN_POINT('',(1.9E0,0.E0,0.E0));
#575=DIRECTION('',(1.E0,0.E0,0.E0));
#576=DIRECTION('',(0.E0,-9.692160298968E-1,-2.46211875E-1));
#577=AXIS2_PLACEMENT_3D('',#574,#575,#576);
#579=CURVE_STYLE('',#31,POSITIVE_LENGTH_MEASURE(2.E-2),#23);
#580=PRESENTATION_STYLE_ASSIGNMENT((#579));
#581=STYLED_ITEM('',(#580),#578);
#582=DIRECTION('',(0.E0,0.E0,1.E0));
#583=VECTOR('',#582,2.731358804127E-1);
#584=CARTESIAN_POINT('',(1.9E0,9.848475E-1,-4.15E0));
#585=LINE('',#584,#583);
#586=CURVE_STYLE('',#31,POSITIVE_LENGTH_MEASURE(2.E-2),#23);
#587=PRESENTATION_STYLE_ASSIGNMENT((#586));
#588=STYLED_ITEM('',(#587),#585);
#589=CARTESIAN_POINT('',(1.9E0,0.E0,0.E0));
#590=DIRECTION('',(1.E0,0.E0,0.E0));
#591=DIRECTION('',(0.E0,2.46211875E-1,-9.692160298968E-1));
#592=AXIS2_PLACEMENT_3D('',#589,#590,#591);
#594=CURVE_STYLE('',#31,POSITIVE_LENGTH_MEASURE(2.E-2),#23);
#595=PRESENTATION_STYLE_ASSIGNMENT((#594));
#596=STYLED_ITEM('',(#595),#593);
#597=DIRECTION('',(0.E0,-1.E0,0.E0));
#598=VECTOR('',#597,2.731358804127E-1);
#599=CARTESIAN_POINT('',(1.9E0,4.15E0,-9.848475E-1));
#600=LINE('',#599,#598);
#601=CURVE_STYLE('',#31,POSITIVE_LENGTH_MEASURE(2.E-2),#23);
#602=PRESENTATION_STYLE_ASSIGNMENT((#601));
#603=STYLED_ITEM('',(#602),#600);
#604=DIRECTION('',(0.E0,0.E0,1.E0));
#605=VECTOR('',#604,2.817930625E0);
#606=CARTESIAN_POINT('',(1.9E0,4.15E0,-3.802778125E0));
#607=LINE('',#606,#605);
#608=CURVE_STYLE('',#31,POSITIVE_LENGTH_MEASURE(2.E-2),#23);
#609=PRESENTATION_STYLE_ASSIGNMENT((#608));
#610=STYLED_ITEM('',(#609),#607);
#611=CARTESIAN_POINT('',(1.9E0,3.802778125E0,-3.802778125E0));
#612=DIRECTION('',(1.E0,0.E0,0.E0));
#613=DIRECTION('',(0.E0,1.662671664350E-14,-1.E0));
#614=AXIS2_PLACEMENT_3D('',#611,#612,#613);
#616=CURVE_STYLE('',#31,POSITIVE_LENGTH_MEASURE(2.E-2),#23);
#617=PRESENTATION_STYLE_ASSIGNMENT((#616));
#618=STYLED_ITEM('',(#617),#615);
#619=DIRECTION('',(0.E0,1.E0,0.E0));
#620=VECTOR('',#619,2.817930625E0);
#621=CARTESIAN_POINT('',(1.9E0,9.848475E-1,-4.15E0));
#622=LINE('',#621,#620);
#623=CURVE_STYLE('',#31,POSITIVE_LENGTH_MEASURE(2.E-2),#23);
#624=PRESENTATION_STYLE_ASSIGNMENT((#623));
#625=STYLED_ITEM('',(#624),#622);
#626=DIRECTION('',(-1.E0,0.E0,0.E0));
#627=VECTOR('',#626,1.35E0);
#628=CARTESIAN_POINT('',(1.9E0,-9.848475E-1,-4.15E0));
#629=LINE('',#628,#627);
#630=CURVE_STYLE('',#31,POSITIVE_LENGTH_MEASURE(2.E-2),#23);
#631=PRESENTATION_STYLE_ASSIGNMENT((#630));
#632=STYLED_ITEM('',(#631),#629);
#633=DIRECTION('',(0.E0,1.E0,0.E0));
#634=VECTOR('',#633,1.969695E0);
#635=CARTESIAN_POINT('',(5.5E-1,-9.848475E-1,-4.15E0));
#636=LINE('',#635,#634);
#637=CURVE_STYLE('',#31,POSITIVE_LENGTH_MEASURE(2.E-2),#23);
#638=PRESENTATION_STYLE_ASSIGNMENT((#637));
#639=STYLED_ITEM('',(#638),#636);
#640=DIRECTION('',(-1.E0,0.E0,0.E0));
#641=VECTOR('',#640,1.35E0);
#642=CARTESIAN_POINT('',(1.9E0,9.848475E-1,-4.15E0));
#643=LINE('',#642,#641);
#644=CURVE_STYLE('',#31,POSITIVE_LENGTH_MEASURE(2.E-2),#23);
#645=PRESENTATION_STYLE_ASSIGNMENT((#644));
#646=STYLED_ITEM('',(#645),#643);
#647=DIRECTION('',(1.E0,0.E0,0.E0));
#648=VECTOR('',#647,2.E-1);
#649=CARTESIAN_POINT('',(0.E0,5.5E-1,-4.15E0));
#650=LINE('',#649,#648);
#651=CURVE_STYLE('',#31,POSITIVE_LENGTH_MEASURE(2.E-2),#23);
#652=PRESENTATION_STYLE_ASSIGNMENT((#651));
#653=STYLED_ITEM('',(#652),#650);
#654=DIRECTION('',(0.E0,-1.E0,0.E0));
#655=VECTOR('',#654,1.E-1);
#656=CARTESIAN_POINT('',(2.E-1,5.5E-1,-4.15E0));
#657=LINE('',#656,#655);
#658=CURVE_STYLE('',#31,POSITIVE_LENGTH_MEASURE(2.E-2),#23);
#659=PRESENTATION_STYLE_ASSIGNMENT((#658));
#660=STYLED_ITEM('',(#659),#657);
#661=DIRECTION('',(0.E0,-1.E0,0.E0));
#662=VECTOR('',#661,9.E-1);
#663=CARTESIAN_POINT('',(2.E-1,4.5E-1,-4.15E0));
#664=LINE('',#663,#662);
#665=CURVE_STYLE('',#31,POSITIVE_LENGTH_MEASURE(2.E-2),#23);
#666=PRESENTATION_STYLE_ASSIGNMENT((#665));
#667=STYLED_ITEM('',(#666),#664);
#668=DIRECTION('',(0.E0,-1.E0,0.E0));
#669=VECTOR('',#668,1.E-1);
#670=CARTESIAN_POINT('',(2.E-1,-4.5E-1,-4.15E0));
#671=LINE('',#670,#669);
#672=CURVE_STYLE('',#31,POSITIVE_LENGTH_MEASURE(2.E-2),#23);
#673=PRESENTATION_STYLE_ASSIGNMENT((#672));
#674=STYLED_ITEM('',(#673),#671);
#675=DIRECTION('',(1.E0,0.E0,0.E0));
#676=VECTOR('',#675,2.E-1);
#677=CARTESIAN_POINT('',(0.E0,-5.5E-1,-4.15E0));
#678=LINE('',#677,#676);
#679=CURVE_STYLE('',#31,POSITIVE_LENGTH_MEASURE(2.E-2),#23);
#680=PRESENTATION_STYLE_ASSIGNMENT((#679));
#681=STYLED_ITEM('',(#680),#678);
#682=DIRECTION('',(1.E0,0.E0,0.E0));
#683=VECTOR('',#682,1.9E0);
#684=CARTESIAN_POINT('',(0.E0,-3.802778125E0,-4.15E0));
#685=LINE('',#684,#683);
#686=CURVE_STYLE('',#31,POSITIVE_LENGTH_MEASURE(2.E-2),#23);
#687=PRESENTATION_STYLE_ASSIGNMENT((#686));
#688=STYLED_ITEM('',(#687),#685);
#689=DIRECTION('',(0.E0,0.E0,1.E0));
#690=VECTOR('',#689,2.731358804127E-1);
#691=CARTESIAN_POINT('',(5.5E-1,9.848475E-1,-4.15E0));
#692=LINE('',#691,#690);
#693=CURVE_STYLE('',#31,POSITIVE_LENGTH_MEASURE(2.E-2),#23);
#694=PRESENTATION_STYLE_ASSIGNMENT((#693));
#695=STYLED_ITEM('',(#694),#692);
#696=DIRECTION('',(0.E0,0.E0,1.E0));
#697=VECTOR('',#696,2.731358804127E-1);
#698=CARTESIAN_POINT('',(1.1E0,9.848475E-1,3.876864119587E0));
#699=LINE('',#698,#697);
#700=CURVE_STYLE('',#31,POSITIVE_LENGTH_MEASURE(2.E-2),#23);
#701=PRESENTATION_STYLE_ASSIGNMENT((#700));
#702=STYLED_ITEM('',(#701),#699);
#703=DIRECTION('',(0.E0,0.E0,1.E0));
#704=VECTOR('',#703,2.731358804127E-1);
#705=CARTESIAN_POINT('',(5.5E-1,9.848475E-1,3.876864119587E0));
#706=LINE('',#705,#704);
#707=CURVE_STYLE('',#31,POSITIVE_LENGTH_MEASURE(2.E-2),#23);
#708=PRESENTATION_STYLE_ASSIGNMENT((#707));
#709=STYLED_ITEM('',(#708),#706);
#710=DIRECTION('',(1.E0,0.E0,0.E0));
#711=VECTOR('',#710,1.35E0);
#712=CARTESIAN_POINT('',(5.5E-1,-9.848475E-1,-3.876864119587E0));
#713=LINE('',#712,#711);
#714=CURVE_STYLE('',#31,POSITIVE_LENGTH_MEASURE(2.E-2),#23);
#715=PRESENTATION_STYLE_ASSIGNMENT((#714));
#716=STYLED_ITEM('',(#715),#713);
#717=DIRECTION('',(1.E0,0.E0,0.E0));
#718=VECTOR('',#717,1.35E0);
#719=CARTESIAN_POINT('',(5.5E-1,-3.876864119587E0,-9.848475E-1));
#720=LINE('',#719,#718);
#721=CURVE_STYLE('',#31,POSITIVE_LENGTH_MEASURE(2.E-2),#23);
#722=PRESENTATION_STYLE_ASSIGNMENT((#721));
#723=STYLED_ITEM('',(#722),#720);
#724=DIRECTION('',(1.E0,0.E0,0.E0));
#725=VECTOR('',#724,1.35E0);
#726=CARTESIAN_POINT('',(5.5E-1,9.848475E-1,-3.876864119587E0));
#727=LINE('',#726,#725);
#728=CURVE_STYLE('',#31,POSITIVE_LENGTH_MEASURE(2.E-2),#23);
#729=PRESENTATION_STYLE_ASSIGNMENT((#728));
#730=STYLED_ITEM('',(#729),#727);
#731=DIRECTION('',(1.E0,0.E0,0.E0));
#732=VECTOR('',#731,1.35E0);
#733=CARTESIAN_POINT('',(5.5E-1,3.876864119587E0,-9.848475E-1));
#734=LINE('',#733,#732);
#735=CURVE_STYLE('',#31,POSITIVE_LENGTH_MEASURE(2.E-2),#23);
#736=PRESENTATION_STYLE_ASSIGNMENT((#735));
#737=STYLED_ITEM('',(#736),#734);
#738=DIRECTION('',(0.E0,0.E0,-1.E0));
#739=VECTOR('',#738,2.27878975E0);
#740=CARTESIAN_POINT('',(1.1E0,-4.15E0,3.26363725E0));
#741=LINE('',#740,#739);
#742=CURVE_STYLE('',#31,POSITIVE_LENGTH_MEASURE(2.E-2),#23);
#743=PRESENTATION_STYLE_ASSIGNMENT((#742));
#744=STYLED_ITEM('',(#743),#741);
#745=DIRECTION('',(-1.E0,0.E0,0.E0));
#746=VECTOR('',#745,5.5E-1);
#747=CARTESIAN_POINT('',(1.1E0,-4.15E0,9.848475E-1));
#748=LINE('',#747,#746);
#749=CURVE_STYLE('',#31,POSITIVE_LENGTH_MEASURE(2.E-2),#23);
#750=PRESENTATION_STYLE_ASSIGNMENT((#749));
#751=STYLED_ITEM('',(#750),#748);
#752=DIRECTION('',(0.E0,0.E0,1.E0));
#753=VECTOR('',#752,1.969695E0);
#754=CARTESIAN_POINT('',(5.5E-1,-4.15E0,-9.848475E-1));
#755=LINE('',#754,#753);
#756=CURVE_STYLE('',#31,POSITIVE_LENGTH_MEASURE(2.E-2),#23);
#757=PRESENTATION_STYLE_ASSIGNMENT((#756));
#758=STYLED_ITEM('',(#757),#755);
#759=DIRECTION('',(-1.E0,0.E0,0.E0));
#760=VECTOR('',#759,1.35E0);
#761=CARTESIAN_POINT('',(1.9E0,-4.15E0,-9.848475E-1));
#762=LINE('',#761,#760);
#763=CURVE_STYLE('',#31,POSITIVE_LENGTH_MEASURE(2.E-2),#23);
#764=PRESENTATION_STYLE_ASSIGNMENT((#763));
#765=STYLED_ITEM('',(#764),#762);
#766=DIRECTION('',(0.E0,0.E0,-1.E0));
#767=VECTOR('',#766,2.817930625E0);
#768=CARTESIAN_POINT('',(1.9E0,-4.15E0,-9.848475E-1));
#769=LINE('',#768,#767);
#770=CURVE_STYLE('',#31,POSITIVE_LENGTH_MEASURE(2.E-2),#23);
#771=PRESENTATION_STYLE_ASSIGNMENT((#770));
#772=STYLED_ITEM('',(#771),#769);
#773=DIRECTION('',(0.E0,0.E0,1.E0));
#774=VECTOR('',#773,1.537628875E0);
#775=CARTESIAN_POINT('',(0.E0,-4.15E0,-3.802778125E0));
#776=LINE('',#775,#774);
#777=CURVE_STYLE('',#31,POSITIVE_LENGTH_MEASURE(2.E-2),#23);
#778=PRESENTATION_STYLE_ASSIGNMENT((#777));
#779=STYLED_ITEM('',(#778),#776);
#780=DIRECTION('',(1.E0,0.E0,0.E0));
#781=VECTOR('',#780,5.E-2);
#782=CARTESIAN_POINT('',(0.E0,-4.15E0,-2.26514925E0));
#783=LINE('',#782,#781);
#784=CURVE_STYLE('',#31,POSITIVE_LENGTH_MEASURE(2.E-2),#23);
#785=PRESENTATION_STYLE_ASSIGNMENT((#784));
#786=STYLED_ITEM('',(#785),#783);
#787=DIRECTION('',(0.E0,0.E0,-1.E0));
#788=VECTOR('',#787,4.5302985E0);
#789=CARTESIAN_POINT('',(5.E-2,-4.15E0,2.26514925E0));
#790=LINE('',#789,#788);
#791=CURVE_STYLE('',#31,POSITIVE_LENGTH_MEASURE(2.E-2),#23);
#792=PRESENTATION_STYLE_ASSIGNMENT((#791));
#793=STYLED_ITEM('',(#792),#790);
#794=DIRECTION('',(1.E0,0.E0,0.E0));
#795=VECTOR('',#794,5.E-2);
#796=CARTESIAN_POINT('',(0.E0,-4.15E0,2.26514925E0));
#797=LINE('',#796,#795);
#798=CURVE_STYLE('',#31,POSITIVE_LENGTH_MEASURE(2.E-2),#23);
#799=PRESENTATION_STYLE_ASSIGNMENT((#798));
#800=STYLED_ITEM('',(#799),#797);
#801=DIRECTION('',(0.E0,0.E0,1.E0));
#802=VECTOR('',#801,9.98488E-1);
#803=CARTESIAN_POINT('',(0.E0,-4.15E0,2.26514925E0));
#804=LINE('',#803,#802);
#805=CURVE_STYLE('',#31,POSITIVE_LENGTH_MEASURE(2.E-2),#23);
#806=PRESENTATION_STYLE_ASSIGNMENT((#805));
#807=STYLED_ITEM('',(#806),#804);
#808=DIRECTION('',(1.E0,0.E0,0.E0));
#809=VECTOR('',#808,1.1E0);
#810=CARTESIAN_POINT('',(0.E0,-4.15E0,3.26363725E0));
#811=LINE('',#810,#809);
#812=CURVE_STYLE('',#31,POSITIVE_LENGTH_MEASURE(2.E-2),#23);
#813=PRESENTATION_STYLE_ASSIGNMENT((#812));
#814=STYLED_ITEM('',(#813),#811);
#815=DIRECTION('',(1.E0,0.E0,0.E0));
#816=VECTOR('',#815,1.9E0);
#817=CARTESIAN_POINT('',(0.E0,-4.15E0,-3.802778125E0));
#818=LINE('',#817,#816);
#819=CURVE_STYLE('',#31,POSITIVE_LENGTH_MEASURE(2.E-2),#23);
#820=PRESENTATION_STYLE_ASSIGNMENT((#819));
#821=STYLED_ITEM('',(#820),#818);
#822=DIRECTION('',(0.E0,7.071067811865E-1,7.071067811865E-1));
#823=VECTOR('',#822,1.253506222232E0);
#824=CARTESIAN_POINT('',(1.1E0,-4.15E0,3.26363725E0));
#825=LINE('',#824,#823);
#826=CURVE_STYLE('',#31,POSITIVE_LENGTH_MEASURE(2.E-2),#23);
#827=PRESENTATION_STYLE_ASSIGNMENT((#826));
#828=STYLED_ITEM('',(#827),#825);
#829=DIRECTION('',(0.E0,-1.E0,0.E0));
#830=VECTOR('',#829,2.27878975E0);
#831=CARTESIAN_POINT('',(1.1E0,3.26363725E0,4.15E0));
#832=LINE('',#831,#830);
#833=CURVE_STYLE('',#31,POSITIVE_LENGTH_MEASURE(2.E-2),#23);
#834=PRESENTATION_STYLE_ASSIGNMENT((#833));
#835=STYLED_ITEM('',(#834),#832);
#836=DIRECTION('',(-1.E0,0.E0,0.E0));
#837=VECTOR('',#836,5.5E-1);
#838=CARTESIAN_POINT('',(1.1E0,9.848475E-1,4.15E0));
#839=LINE('',#838,#837);
#840=CURVE_STYLE('',#31,POSITIVE_LENGTH_MEASURE(2.E-2),#23);
#841=PRESENTATION_STYLE_ASSIGNMENT((#840));
#842=STYLED_ITEM('',(#841),#839);
#843=DIRECTION('',(0.E0,-1.E0,0.E0));
#844=VECTOR('',#843,1.969695E0);
#845=CARTESIAN_POINT('',(5.5E-1,9.848475E-1,4.15E0));
#846=LINE('',#845,#844);
#847=CURVE_STYLE('',#31,POSITIVE_LENGTH_MEASURE(2.E-2),#23);
#848=PRESENTATION_STYLE_ASSIGNMENT((#847));
#849=STYLED_ITEM('',(#848),#846);
#850=DIRECTION('',(-1.E0,0.E0,0.E0));
#851=VECTOR('',#850,5.5E-1);
#852=CARTESIAN_POINT('',(1.1E0,-9.848475E-1,4.15E0));
#853=LINE('',#852,#851);
#854=CURVE_STYLE('',#31,POSITIVE_LENGTH_MEASURE(2.E-2),#23);
#855=PRESENTATION_STYLE_ASSIGNMENT((#854));
#856=STYLED_ITEM('',(#855),#853);
#857=DIRECTION('',(0.E0,-1.E0,0.E0));
#858=VECTOR('',#857,2.27878975E0);
#859=CARTESIAN_POINT('',(1.1E0,-9.848475E-1,4.15E0));
#860=LINE('',#859,#858);
#861=CURVE_STYLE('',#31,POSITIVE_LENGTH_MEASURE(2.E-2),#23);
#862=PRESENTATION_STYLE_ASSIGNMENT((#861));
#863=STYLED_ITEM('',(#862),#860);
#864=DIRECTION('',(1.E0,0.E0,0.E0));
#865=VECTOR('',#864,1.1E0);
#866=CARTESIAN_POINT('',(0.E0,-3.26363725E0,4.15E0));
#867=LINE('',#866,#865);
#868=CURVE_STYLE('',#31,POSITIVE_LENGTH_MEASURE(2.E-2),#23);
#869=PRESENTATION_STYLE_ASSIGNMENT((#868));
#870=STYLED_ITEM('',(#869),#867);
#871=DIRECTION('',(1.E0,0.E0,0.E0));
#872=VECTOR('',#871,2.E-1);
#873=CARTESIAN_POINT('',(0.E0,-5.5E-1,4.15E0));
#874=LINE('',#873,#872);
#875=CURVE_STYLE('',#31,POSITIVE_LENGTH_MEASURE(2.E-2),#23);
#876=PRESENTATION_STYLE_ASSIGNMENT((#875));
#877=STYLED_ITEM('',(#876),#874);
#878=DIRECTION('',(0.E0,1.E0,0.E0));
#879=VECTOR('',#878,1.E-1);
#880=CARTESIAN_POINT('',(2.E-1,-5.5E-1,4.15E0));
#881=LINE('',#880,#879);
#882=CURVE_STYLE('',#31,POSITIVE_LENGTH_MEASURE(2.E-2),#23);
#883=PRESENTATION_STYLE_ASSIGNMENT((#882));
#884=STYLED_ITEM('',(#883),#881);
#885=DIRECTION('',(0.E0,-1.E0,0.E0));
#886=VECTOR('',#885,9.E-1);
#887=CARTESIAN_POINT('',(2.E-1,4.5E-1,4.15E0));
#888=LINE('',#887,#886);
#889=CURVE_STYLE('',#31,POSITIVE_LENGTH_MEASURE(2.E-2),#23);
#890=PRESENTATION_STYLE_ASSIGNMENT((#889));
#891=STYLED_ITEM('',(#890),#888);
#892=DIRECTION('',(0.E0,1.E0,0.E0));
#893=VECTOR('',#892,1.E-1);
#894=CARTESIAN_POINT('',(2.E-1,4.5E-1,4.15E0));
#895=LINE('',#894,#893);
#896=CURVE_STYLE('',#31,POSITIVE_LENGTH_MEASURE(2.E-2),#23);
#897=PRESENTATION_STYLE_ASSIGNMENT((#896));
#898=STYLED_ITEM('',(#897),#895);
#899=DIRECTION('',(1.E0,0.E0,0.E0));
#900=VECTOR('',#899,2.E-1);
#901=CARTESIAN_POINT('',(0.E0,5.5E-1,4.15E0));
#902=LINE('',#901,#900);
#903=CURVE_STYLE('',#31,POSITIVE_LENGTH_MEASURE(2.E-2),#23);
#904=PRESENTATION_STYLE_ASSIGNMENT((#903));
#905=STYLED_ITEM('',(#904),#902);
#906=DIRECTION('',(1.E0,0.E0,0.E0));
#907=VECTOR('',#906,1.1E0);
#908=CARTESIAN_POINT('',(0.E0,3.26363725E0,4.15E0));
#909=LINE('',#908,#907);
#910=CURVE_STYLE('',#31,POSITIVE_LENGTH_MEASURE(2.E-2),#23);
#911=PRESENTATION_STYLE_ASSIGNMENT((#910));
#912=STYLED_ITEM('',(#911),#909);
#913=DIRECTION('',(0.E0,0.E0,1.E0));
#914=VECTOR('',#913,2.7514925E-1);
#915=CARTESIAN_POINT('',(5.E-2,-5.5E-1,1.99E0));
#916=LINE('',#915,#914);
#917=CURVE_STYLE('',#31,POSITIVE_LENGTH_MEASURE(2.E-2),#23);
#918=PRESENTATION_STYLE_ASSIGNMENT((#917));
#919=STYLED_ITEM('',(#918),#916);
#920=DIRECTION('',(1.E0,0.E0,0.E0));
#921=VECTOR('',#920,1.5E-1);
#922=CARTESIAN_POINT('',(5.E-2,-5.5E-1,1.99E0));
#923=LINE('',#922,#921);
#924=CURVE_STYLE('',#31,POSITIVE_LENGTH_MEASURE(2.E-2),#23);
#925=PRESENTATION_STYLE_ASSIGNMENT((#924));
#926=STYLED_ITEM('',(#925),#923);
#927=DIRECTION('',(0.E0,0.E0,1.E0));
#928=VECTOR('',#927,2.16E0);
#929=CARTESIAN_POINT('',(2.E-1,-5.5E-1,1.99E0));
#930=LINE('',#929,#928);
#931=CURVE_STYLE('',#31,POSITIVE_LENGTH_MEASURE(2.E-2),#23);
#932=PRESENTATION_STYLE_ASSIGNMENT((#931));
#933=STYLED_ITEM('',(#932),#930);
#934=DIRECTION('',(0.E0,0.E0,-1.E0));
#935=VECTOR('',#934,1.88485075E0);
#936=CARTESIAN_POINT('',(0.E0,-5.5E-1,4.15E0));
#937=LINE('',#936,#935);
#938=CURVE_STYLE('',#31,POSITIVE_LENGTH_MEASURE(2.E-2),#23);
#939=PRESENTATION_STYLE_ASSIGNMENT((#938));
#940=STYLED_ITEM('',(#939),#937);
#941=DIRECTION('',(1.E0,0.E0,0.E0));
#942=VECTOR('',#941,5.E-2);
#943=CARTESIAN_POINT('',(0.E0,-5.5E-1,2.26514925E0));
#944=LINE('',#943,#942);
#945=CURVE_STYLE('',#31,POSITIVE_LENGTH_MEASURE(2.E-2),#23);
#946=PRESENTATION_STYLE_ASSIGNMENT((#945));
#947=STYLED_ITEM('',(#946),#944);
#948=CARTESIAN_POINT('',(5.E-2,-1.E-2,1.99E0));
#949=DIRECTION('',(1.E0,0.E0,0.E0));
#950=DIRECTION('',(0.E0,-1.E0,0.E0));
#951=AXIS2_PLACEMENT_3D('',#948,#949,#950);
#953=CURVE_STYLE('',#31,POSITIVE_LENGTH_MEASURE(2.E-2),#23);
#954=PRESENTATION_STYLE_ASSIGNMENT((#953));
#955=STYLED_ITEM('',(#954),#952);
#956=DIRECTION('',(1.E0,0.E0,0.E0));
#957=VECTOR('',#956,1.5E-1);
#958=CARTESIAN_POINT('',(5.E-2,-1.E-2,1.45E0));
#959=LINE('',#958,#957);
#960=CURVE_STYLE('',#31,POSITIVE_LENGTH_MEASURE(2.E-2),#23);
#961=PRESENTATION_STYLE_ASSIGNMENT((#960));
#962=STYLED_ITEM('',(#961),#959);
#963=CARTESIAN_POINT('',(2.E-1,-1.E-2,1.99E0));
#964=DIRECTION('',(-1.E0,0.E0,0.E0));
#965=DIRECTION('',(0.E0,0.E0,-1.E0));
#966=AXIS2_PLACEMENT_3D('',#963,#964,#965);
#968=CURVE_STYLE('',#31,POSITIVE_LENGTH_MEASURE(2.E-2),#23);
#969=PRESENTATION_STYLE_ASSIGNMENT((#968));
#970=STYLED_ITEM('',(#969),#967);
#971=DIRECTION('',(0.E0,-1.E0,1.110223024625E-14));
#972=VECTOR('',#971,2.E-2);
#973=CARTESIAN_POINT('',(5.E-2,1.E-2,1.45E0));
#974=LINE('',#973,#972);
#975=CURVE_STYLE('',#31,POSITIVE_LENGTH_MEASURE(2.E-2),#23);
#976=PRESENTATION_STYLE_ASSIGNMENT((#975));
#977=STYLED_ITEM('',(#976),#974);
#978=DIRECTION('',(1.E0,0.E0,0.E0));
#979=VECTOR('',#978,1.5E-1);
#980=CARTESIAN_POINT('',(5.E-2,1.E-2,1.45E0));
#981=LINE('',#980,#979);
#982=CURVE_STYLE('',#31,POSITIVE_LENGTH_MEASURE(2.E-2),#23);
#983=PRESENTATION_STYLE_ASSIGNMENT((#982));
#984=STYLED_ITEM('',(#983),#981);
#985=CARTESIAN_POINT('',(5.E-2,1.E-2,1.99E0));
#986=DIRECTION('',(1.E0,0.E0,0.E0));
#987=DIRECTION('',(0.E0,0.E0,-1.E0));
#988=AXIS2_PLACEMENT_3D('',#985,#986,#987);
#990=CURVE_STYLE('',#31,POSITIVE_LENGTH_MEASURE(2.E-2),#23);
#991=PRESENTATION_STYLE_ASSIGNMENT((#990));
#992=STYLED_ITEM('',(#991),#989);
#993=DIRECTION('',(1.E0,0.E0,0.E0));
#994=VECTOR('',#993,1.5E-1);
#995=CARTESIAN_POINT('',(5.E-2,5.5E-1,1.99E0));
#996=LINE('',#995,#994);
#997=CURVE_STYLE('',#31,POSITIVE_LENGTH_MEASURE(2.E-2),#23);
#998=PRESENTATION_STYLE_ASSIGNMENT((#997));
#999=STYLED_ITEM('',(#998),#996);
#1000=CARTESIAN_POINT('',(2.E-1,1.E-2,1.99E0));
#1001=DIRECTION('',(-1.E0,0.E0,0.E0));
#1002=DIRECTION('',(0.E0,1.E0,0.E0));
#1003=AXIS2_PLACEMENT_3D('',#1000,#1001,#1002);
#1005=CURVE_STYLE('',#31,POSITIVE_LENGTH_MEASURE(2.E-2),#23);
#1006=PRESENTATION_STYLE_ASSIGNMENT((#1005));
#1007=STYLED_ITEM('',(#1006),#1004);
#1008=DIRECTION('',(0.E0,0.E0,-1.E0));
#1009=VECTOR('',#1008,2.15E0);
#1010=CARTESIAN_POINT('',(2.E-1,4.5E-1,4.15E0));
#1011=LINE('',#1010,#1009);
#1012=CURVE_STYLE('',#31,POSITIVE_LENGTH_MEASURE(2.E-2),#23);
#1013=PRESENTATION_STYLE_ASSIGNMENT((#1012));
#1014=STYLED_ITEM('',(#1013),#1011);
#1015=CARTESIAN_POINT('',(2.E-1,0.E0,2.E0));
#1016=DIRECTION('',(-1.E0,0.E0,0.E0));
#1017=DIRECTION('',(0.E0,1.E0,0.E0));
#1018=AXIS2_PLACEMENT_3D('',#1015,#1016,#1017);
#1020=CURVE_STYLE('',#31,POSITIVE_LENGTH_MEASURE(2.E-2),#23);
#1021=PRESENTATION_STYLE_ASSIGNMENT((#1020));
#1022=STYLED_ITEM('',(#1021),#1019);
#1023=DIRECTION('',(0.E0,0.E0,-1.E0));
#1024=VECTOR('',#1023,2.15E0);
#1025=CARTESIAN_POINT('',(2.E-1,-4.5E-1,4.15E0));
#1026=LINE('',#1025,#1024);
#1027=CURVE_STYLE('',#31,POSITIVE_LENGTH_MEASURE(2.E-2),#23);
#1028=PRESENTATION_STYLE_ASSIGNMENT((#1027));
#1029=STYLED_ITEM('',(#1028),#1026);
#1030=DIRECTION('',(0.E0,-1.E0,0.E0));
#1031=VECTOR('',#1030,2.E-2);
#1032=CARTESIAN_POINT('',(2.E-1,1.E-2,1.45E0));
#1033=LINE('',#1032,#1031);
#1034=CURVE_STYLE('',#31,POSITIVE_LENGTH_MEASURE(2.E-2),#23);
#1035=PRESENTATION_STYLE_ASSIGNMENT((#1034));
#1036=STYLED_ITEM('',(#1035),#1033);
#1037=DIRECTION('',(-5.759653509667E-2,0.E0,9.983399416756E-1));
#1038=VECTOR('',#1037,2.153575060206E0);
#1039=CARTESIAN_POINT('',(2.403846153846E-2,4.5E-1,2.E0));
#1040=LINE('',#1039,#1038);
#1041=CURVE_STYLE('',#31,POSITIVE_LENGTH_MEASURE(2.E-2),#23);
#1042=PRESENTATION_STYLE_ASSIGNMENT((#1041));
#1043=STYLED_ITEM('',(#1042),#1040);
#1044=DIRECTION('',(1.E0,0.E0,0.E0));
#1045=VECTOR('',#1044,1.759615384615E-1);
#1046=CARTESIAN_POINT('',(2.403846153846E-2,4.5E-1,2.E0));
#1047=LINE('',#1046,#1045);
#1048=CURVE_STYLE('',#31,POSITIVE_LENGTH_MEASURE(2.E-2),#23);
#1049=PRESENTATION_STYLE_ASSIGNMENT((#1048));
#1050=STYLED_ITEM('',(#1049),#1047);
#1051=DIRECTION('',(-1.E0,0.E0,0.E0));
#1052=VECTOR('',#1051,3.E-1);
#1053=CARTESIAN_POINT('',(2.E-1,4.5E-1,4.55E0));
#1054=LINE('',#1053,#1052);
#1055=CURVE_STYLE('',#31,POSITIVE_LENGTH_MEASURE(2.E-2),#23);
#1056=PRESENTATION_STYLE_ASSIGNMENT((#1055));
#1057=STYLED_ITEM('',(#1056),#1054);
#1058=DIRECTION('',(0.E0,0.E0,-1.E0));
#1059=VECTOR('',#1058,4.E-1);
#1060=CARTESIAN_POINT('',(-1.E-1,4.5E-1,4.55E0));
#1061=LINE('',#1060,#1059);
#1062=CURVE_STYLE('',#31,POSITIVE_LENGTH_MEASURE(2.E-2),#23);
#1063=PRESENTATION_STYLE_ASSIGNMENT((#1062));
#1064=STYLED_ITEM('',(#1063),#1061);
#1065=DIRECTION('',(0.E0,-1.E0,0.E0));
#1066=VECTOR('',#1065,9.E-1);
#1067=CARTESIAN_POINT('',(-1.E-1,4.5E-1,4.15E0));
#1068=LINE('',#1067,#1066);
#1069=CURVE_STYLE('',#31,POSITIVE_LENGTH_MEASURE(2.E-2),#23);
#1070=PRESENTATION_STYLE_ASSIGNMENT((#1069));
#1071=STYLED_ITEM('',(#1070),#1068);
#1072=DIRECTION('',(0.E0,1.E0,0.E0));
#1073=VECTOR('',#1072,9.E-1);
#1074=CARTESIAN_POINT('',(-1.E-1,-4.5E-1,4.55E0));
#1075=LINE('',#1074,#1073);
#1076=CURVE_STYLE('',#31,POSITIVE_LENGTH_MEASURE(2.E-2),#23);
#1077=PRESENTATION_STYLE_ASSIGNMENT((#1076));
#1078=STYLED_ITEM('',(#1077),#1075);
#1079=DIRECTION('',(-1.E0,0.E0,0.E0));
#1080=VECTOR('',#1079,3.E-1);
#1081=CARTESIAN_POINT('',(2.E-1,-4.5E-1,4.55E0));
#1082=LINE('',#1081,#1080);
#1083=CURVE_STYLE('',#31,POSITIVE_LENGTH_MEASURE(2.E-2),#23);
#1084=PRESENTATION_STYLE_ASSIGNMENT((#1083));
#1085=STYLED_ITEM('',(#1084),#1082);
#1086=DIRECTION('',(0.E0,0.E0,1.E0));
#1087=VECTOR('',#1086,4.E-1);
#1088=CARTESIAN_POINT('',(2.E-1,-4.5E-1,4.15E0));
#1089=LINE('',#1088,#1087);
#1090=CURVE_STYLE('',#31,POSITIVE_LENGTH_MEASURE(2.E-2),#23);
#1091=PRESENTATION_STYLE_ASSIGNMENT((#1090));
#1092=STYLED_ITEM('',(#1091),#1089);
#1093=DIRECTION('',(0.E0,1.E0,0.E0));
#1094=VECTOR('',#1093,9.E-1);
#1095=CARTESIAN_POINT('',(2.E-1,-4.5E-1,4.55E0));
#1096=LINE('',#1095,#1094);
#1097=CURVE_STYLE('',#31,POSITIVE_LENGTH_MEASURE(2.E-2),#23);
#1098=PRESENTATION_STYLE_ASSIGNMENT((#1097));
#1099=STYLED_ITEM('',(#1098),#1096);
#1100=DIRECTION('',(0.E0,0.E0,-1.E0));
#1101=VECTOR('',#1100,4.E-1);
#1102=CARTESIAN_POINT('',(2.E-1,4.5E-1,4.55E0));
#1103=LINE('',#1102,#1101);
#1104=CURVE_STYLE('',#31,POSITIVE_LENGTH_MEASURE(2.E-2),#23);
#1105=PRESENTATION_STYLE_ASSIGNMENT((#1104));
#1106=STYLED_ITEM('',(#1105),#1103);
#1107=DIRECTION('',(-5.759653509667E-2,0.E0,9.983399416756E-1));
#1108=VECTOR('',#1107,2.153575060206E0);
#1109=CARTESIAN_POINT('',(2.403846153846E-2,-4.5E-1,2.E0));
#1110=LINE('',#1109,#1108);
#1111=CURVE_STYLE('',#31,POSITIVE_LENGTH_MEASURE(2.E-2),#23);
#1112=PRESENTATION_STYLE_ASSIGNMENT((#1111));
#1113=STYLED_ITEM('',(#1112),#1110);
#1114=DIRECTION('',(0.E0,0.E0,1.E0));
#1115=VECTOR('',#1114,4.E-1);
#1116=CARTESIAN_POINT('',(-1.E-1,-4.5E-1,4.15E0));
#1117=LINE('',#1116,#1115);
#1118=CURVE_STYLE('',#31,POSITIVE_LENGTH_MEASURE(2.E-2),#23);
#1119=PRESENTATION_STYLE_ASSIGNMENT((#1118));
#1120=STYLED_ITEM('',(#1119),#1117);
#1121=DIRECTION('',(-1.E0,0.E0,0.E0));
#1122=VECTOR('',#1121,1.759615384615E-1);
#1123=CARTESIAN_POINT('',(2.E-1,-4.5E-1,2.E0));
#1124=LINE('',#1123,#1122);
#1125=CURVE_STYLE('',#31,POSITIVE_LENGTH_MEASURE(2.E-2),#23);
#1126=PRESENTATION_STYLE_ASSIGNMENT((#1125));
#1127=STYLED_ITEM('',(#1126),#1124);
#1128=CARTESIAN_POINT('',(2.403846153846E-2,4.5E-1,2.E0));
#1129=CARTESIAN_POINT('',(2.709805818783E-2,4.5E-1,1.946966991411E0));
#1130=CARTESIAN_POINT('',(3.370752125127E-2,4.308015800283E-1,
1.832402964978E0));
#1131=CARTESIAN_POINT('',(4.294518732825E-2,3.276228827695E-1,
1.672283419644E0));
#1132=CARTESIAN_POINT('',(4.789751292439E-2,1.945164788760E-1,
1.586443109311E0));
#1133=CARTESIAN_POINT('',(4.972702810320E-2,8.127361937783E-2,
1.554731512878E0));
#1134=CARTESIAN_POINT('',(5.013648594840E-2,0.E0,1.547634243561E0));
#1135=CARTESIAN_POINT('',(4.972702810320E-2,-8.127361937783E-2,
1.554731512878E0));
#1136=CARTESIAN_POINT('',(4.789751292439E-2,-1.945164788760E-1,
1.586443109311E0));
#1137=CARTESIAN_POINT('',(4.294518732825E-2,-3.276228827695E-1,
1.672283419644E0));
#1138=CARTESIAN_POINT('',(3.370752125127E-2,-4.308015800283E-1,
1.832402964978E0));
#1139=CARTESIAN_POINT('',(2.709805818783E-2,-4.5E-1,1.946966991411E0));
#1140=CARTESIAN_POINT('',(2.403846153846E-2,-4.5E-1,2.E0));
#1142=CURVE_STYLE('',#31,POSITIVE_LENGTH_MEASURE(2.E-2),#23);
#1143=PRESENTATION_STYLE_ASSIGNMENT((#1142));
#1144=STYLED_ITEM('',(#1143),#1141);
#1145=DIRECTION('',(0.E0,-7.071067811865E-1,7.071067811865E-1));
#1146=VECTOR('',#1145,1.253506222232E0);
#1147=CARTESIAN_POINT('',(1.1E0,4.15E0,3.26363725E0));
#1148=LINE('',#1147,#1146);
#1149=CURVE_STYLE('',#31,POSITIVE_LENGTH_MEASURE(2.E-2),#23);
#1150=PRESENTATION_STYLE_ASSIGNMENT((#1149));
#1151=STYLED_ITEM('',(#1150),#1148);
#1152=DIRECTION('',(1.E0,0.E0,0.E0));
#1153=VECTOR('',#1152,1.9E0);
#1154=CARTESIAN_POINT('',(0.E0,3.802778125E0,-4.15E0));
#1155=LINE('',#1154,#1153);
#1156=CURVE_STYLE('',#31,POSITIVE_LENGTH_MEASURE(2.E-2),#23);
#1157=PRESENTATION_STYLE_ASSIGNMENT((#1156));
#1158=STYLED_ITEM('',(#1157),#1155);
#1159=DIRECTION('',(0.E0,0.E0,-1.E0));
#1160=VECTOR('',#1159,2.7514925E-1);
#1161=CARTESIAN_POINT('',(5.E-2,5.5E-1,-1.99E0));
#1162=LINE('',#1161,#1160);
#1163=CURVE_STYLE('',#31,POSITIVE_LENGTH_MEASURE(2.E-2),#23);
#1164=PRESENTATION_STYLE_ASSIGNMENT((#1163));
#1165=STYLED_ITEM('',(#1164),#1162);
#1166=DIRECTION('',(0.E0,0.E0,-1.E0));
#1167=VECTOR('',#1166,2.16E0);
#1168=CARTESIAN_POINT('',(2.E-1,5.5E-1,-1.99E0));
#1169=LINE('',#1168,#1167);
#1170=CURVE_STYLE('',#31,POSITIVE_LENGTH_MEASURE(2.E-2),#23);
#1171=PRESENTATION_STYLE_ASSIGNMENT((#1170));
#1172=STYLED_ITEM('',(#1171),#1169);
#1173=DIRECTION('',(0.E0,0.E0,1.E0));
#1174=VECTOR('',#1173,1.88485075E0);
#1175=CARTESIAN_POINT('',(0.E0,5.5E-1,-4.15E0));
#1176=LINE('',#1175,#1174);
#1177=CURVE_STYLE('',#31,POSITIVE_LENGTH_MEASURE(2.E-2),#23);
#1178=PRESENTATION_STYLE_ASSIGNMENT((#1177));
#1179=STYLED_ITEM('',(#1178),#1176);
#1180=DIRECTION('',(1.E0,0.E0,0.E0));
#1181=VECTOR('',#1180,5.E-2);
#1182=CARTESIAN_POINT('',(0.E0,5.5E-1,-2.26514925E0));
#1183=LINE('',#1182,#1181);
#1184=CURVE_STYLE('',#31,POSITIVE_LENGTH_MEASURE(2.E-2),#23);
#1185=PRESENTATION_STYLE_ASSIGNMENT((#1184));
#1186=STYLED_ITEM('',(#1185),#1183);
#1187=DIRECTION('',(0.E0,-1.E0,-1.110223024625E-14));
#1188=VECTOR('',#1187,2.E-2);
#1189=CARTESIAN_POINT('',(2.E-1,1.E-2,-1.45E0));
#1190=LINE('',#1189,#1188);
#1191=CURVE_STYLE('',#31,POSITIVE_LENGTH_MEASURE(2.E-2),#23);
#1192=PRESENTATION_STYLE_ASSIGNMENT((#1191));
#1193=STYLED_ITEM('',(#1192),#1190);
#1194=DIRECTION('',(0.E0,0.E0,1.E0));
#1195=VECTOR('',#1194,2.15E0);
#1196=CARTESIAN_POINT('',(2.E-1,-4.5E-1,-4.15E0));
#1197=LINE('',#1196,#1195);
#1198=CURVE_STYLE('',#31,POSITIVE_LENGTH_MEASURE(2.E-2),#23);
#1199=PRESENTATION_STYLE_ASSIGNMENT((#1198));
#1200=STYLED_ITEM('',(#1199),#1197);
#1201=CARTESIAN_POINT('',(2.E-1,0.E0,-2.E0));
#1202=DIRECTION('',(-1.E0,0.E0,0.E0));
#1203=DIRECTION('',(0.E0,-1.E0,0.E0));
#1204=AXIS2_PLACEMENT_3D('',#1201,#1202,#1203);
#1206=CURVE_STYLE('',#31,POSITIVE_LENGTH_MEASURE(2.E-2),#23);
#1207=PRESENTATION_STYLE_ASSIGNMENT((#1206));
#1208=STYLED_ITEM('',(#1207),#1205);
#1209=DIRECTION('',(0.E0,0.E0,1.E0));
#1210=VECTOR('',#1209,2.15E0);
#1211=CARTESIAN_POINT('',(2.E-1,4.5E-1,-4.15E0));
#1212=LINE('',#1211,#1210);
#1213=CURVE_STYLE('',#31,POSITIVE_LENGTH_MEASURE(2.E-2),#23);
#1214=PRESENTATION_STYLE_ASSIGNMENT((#1213));
#1215=STYLED_ITEM('',(#1214),#1212);
#1216=DIRECTION('',(-5.759653509667E-2,0.E0,-9.983399416756E-1));
#1217=VECTOR('',#1216,2.153575060206E0);
#1218=CARTESIAN_POINT('',(2.403846153846E-2,-4.5E-1,-2.E0));
#1219=LINE('',#1218,#1217);
#1220=CURVE_STYLE('',#31,POSITIVE_LENGTH_MEASURE(2.E-2),#23);
#1221=PRESENTATION_STYLE_ASSIGNMENT((#1220));
#1222=STYLED_ITEM('',(#1221),#1219);
#1223=DIRECTION('',(1.E0,0.E0,0.E0));
#1224=VECTOR('',#1223,1.759615384615E-1);
#1225=CARTESIAN_POINT('',(2.403846153846E-2,-4.5E-1,-2.E0));
#1226=LINE('',#1225,#1224);
#1227=CURVE_STYLE('',#31,POSITIVE_LENGTH_MEASURE(2.E-2),#23);
#1228=PRESENTATION_STYLE_ASSIGNMENT((#1227));
#1229=STYLED_ITEM('',(#1228),#1226);
#1230=DIRECTION('',(0.E0,0.E0,1.E0));
#1231=VECTOR('',#1230,4.E-1);
#1232=CARTESIAN_POINT('',(-1.E-1,-4.5E-1,-4.55E0));
#1233=LINE('',#1232,#1231);
#1234=CURVE_STYLE('',#31,POSITIVE_LENGTH_MEASURE(2.E-2),#23);
#1235=PRESENTATION_STYLE_ASSIGNMENT((#1234));
#1236=STYLED_ITEM('',(#1235),#1233);
#1237=DIRECTION('',(-5.759653509667E-2,0.E0,-9.983399416756E-1));
#1238=VECTOR('',#1237,2.153575060206E0);
#1239=CARTESIAN_POINT('',(2.403846153846E-2,4.5E-1,-2.E0));
#1240=LINE('',#1239,#1238);
#1241=CURVE_STYLE('',#31,POSITIVE_LENGTH_MEASURE(2.E-2),#23);
#1242=PRESENTATION_STYLE_ASSIGNMENT((#1241));
#1243=STYLED_ITEM('',(#1242),#1240);
#1244=DIRECTION('',(0.E0,0.E0,-1.E0));
#1245=VECTOR('',#1244,4.E-1);
#1246=CARTESIAN_POINT('',(-1.E-1,4.5E-1,-4.15E0));
#1247=LINE('',#1246,#1245);
#1248=CURVE_STYLE('',#31,POSITIVE_LENGTH_MEASURE(2.E-2),#23);
#1249=PRESENTATION_STYLE_ASSIGNMENT((#1248));
#1250=STYLED_ITEM('',(#1249),#1247);
#1251=DIRECTION('',(-1.E0,0.E0,0.E0));
#1252=VECTOR('',#1251,3.E-1);
#1253=CARTESIAN_POINT('',(2.E-1,4.5E-1,-4.55E0));
#1254=LINE('',#1253,#1252);
#1255=CURVE_STYLE('',#31,POSITIVE_LENGTH_MEASURE(2.E-2),#23);
#1256=PRESENTATION_STYLE_ASSIGNMENT((#1255));
#1257=STYLED_ITEM('',(#1256),#1254);
#1258=DIRECTION('',(-1.E0,0.E0,0.E0));
#1259=VECTOR('',#1258,1.759615384615E-1);
#1260=CARTESIAN_POINT('',(2.E-1,4.5E-1,-2.E0));
#1261=LINE('',#1260,#1259);
#1262=CURVE_STYLE('',#31,POSITIVE_LENGTH_MEASURE(2.E-2),#23);
#1263=PRESENTATION_STYLE_ASSIGNMENT((#1262));
#1264=STYLED_ITEM('',(#1263),#1261);
#1265=DIRECTION('',(0.E0,-1.E0,0.E0));
#1266=VECTOR('',#1265,9.E-1);
#1267=CARTESIAN_POINT('',(-1.E-1,4.5E-1,-4.15E0));
#1268=LINE('',#1267,#1266);
#1269=CURVE_STYLE('',#31,POSITIVE_LENGTH_MEASURE(2.E-2),#23);
#1270=PRESENTATION_STYLE_ASSIGNMENT((#1269));
#1271=STYLED_ITEM('',(#1270),#1268);
#1272=DIRECTION('',(0.E0,1.E0,0.E0));
#1273=VECTOR('',#1272,9.E-1);
#1274=CARTESIAN_POINT('',(-1.E-1,-4.5E-1,-4.55E0));
#1275=LINE('',#1274,#1273);
#1276=CURVE_STYLE('',#31,POSITIVE_LENGTH_MEASURE(2.E-2),#23);
#1277=PRESENTATION_STYLE_ASSIGNMENT((#1276));
#1278=STYLED_ITEM('',(#1277),#1275);
#1279=DIRECTION('',(-1.E0,0.E0,0.E0));
#1280=VECTOR('',#1279,3.E-1);
#1281=CARTESIAN_POINT('',(2.E-1,-4.5E-1,-4.55E0));
#1282=LINE('',#1281,#1280);
#1283=CURVE_STYLE('',#31,POSITIVE_LENGTH_MEASURE(2.E-2),#23);
#1284=PRESENTATION_STYLE_ASSIGNMENT((#1283));
#1285=STYLED_ITEM('',(#1284),#1282);
#1286=DIRECTION('',(0.E0,0.E0,1.E0));
#1287=VECTOR('',#1286,4.E-1);
#1288=CARTESIAN_POINT('',(2.E-1,4.5E-1,-4.55E0));
#1289=LINE('',#1288,#1287);
#1290=CURVE_STYLE('',#31,POSITIVE_LENGTH_MEASURE(2.E-2),#23);
#1291=PRESENTATION_STYLE_ASSIGNMENT((#1290));
#1292=STYLED_ITEM('',(#1291),#1289);
#1293=DIRECTION('',(0.E0,1.E0,0.E0));
#1294=VECTOR('',#1293,9.E-1);
#1295=CARTESIAN_POINT('',(2.E-1,-4.5E-1,-4.55E0));
#1296=LINE('',#1295,#1294);
#1297=CURVE_STYLE('',#31,POSITIVE_LENGTH_MEASURE(2.E-2),#23);
#1298=PRESENTATION_STYLE_ASSIGNMENT((#1297));
#1299=STYLED_ITEM('',(#1298),#1296);
#1300=DIRECTION('',(0.E0,0.E0,-1.E0));
#1301=VECTOR('',#1300,4.E-1);
#1302=CARTESIAN_POINT('',(2.E-1,-4.5E-1,-4.15E0));
#1303=LINE('',#1302,#1301);
#1304=CURVE_STYLE('',#31,POSITIVE_LENGTH_MEASURE(2.E-2),#23);
#1305=PRESENTATION_STYLE_ASSIGNMENT((#1304));
#1306=STYLED_ITEM('',(#1305),#1303);
#1307=CARTESIAN_POINT('',(2.403846153846E-2,4.5E-1,-2.E0));
#1308=CARTESIAN_POINT('',(2.709805818783E-2,4.5E-1,-1.946966991411E0));
#1309=CARTESIAN_POINT('',(3.370752125127E-2,4.308015800283E-1,
-1.832402964978E0));
#1310=CARTESIAN_POINT('',(4.294518732825E-2,3.276228827695E-1,
-1.672283419644E0));
#1311=CARTESIAN_POINT('',(4.789751292439E-2,1.945164788760E-1,
-1.586443109311E0));
#1312=CARTESIAN_POINT('',(4.972702810320E-2,8.127361937783E-2,
-1.554731512878E0));
#1313=CARTESIAN_POINT('',(5.013648594840E-2,0.E0,-1.547634243561E0));
#1314=CARTESIAN_POINT('',(4.972702810320E-2,-8.127361937783E-2,
-1.554731512878E0));
#1315=CARTESIAN_POINT('',(4.789751292439E-2,-1.945164788760E-1,
-1.586443109311E0));
#1316=CARTESIAN_POINT('',(4.294518732825E-2,-3.276228827695E-1,
-1.672283419644E0));
#1317=CARTESIAN_POINT('',(3.370752125127E-2,-4.308015800283E-1,
-1.832402964978E0));
#1318=CARTESIAN_POINT('',(2.709805818783E-2,-4.5E-1,-1.946966991411E0));
#1319=CARTESIAN_POINT('',(2.403846153846E-2,-4.5E-1,-2.E0));
#1321=CURVE_STYLE('',#31,POSITIVE_LENGTH_MEASURE(2.E-2),#23);
#1322=PRESENTATION_STYLE_ASSIGNMENT((#1321));
#1323=STYLED_ITEM('',(#1322),#1320);
#1324=DIRECTION('',(-1.E0,0.E0,0.E0));
#1325=VECTOR('',#1324,1.916670810600E-2);
#1326=CARTESIAN_POINT('',(0.E0,-2.412876375E0,2.284163897652E0));
#1327=LINE('',#1326,#1325);
#1328=CURVE_STYLE('',#31,POSITIVE_LENGTH_MEASURE(2.E-2),#23);
#1329=PRESENTATION_STYLE_ASSIGNMENT((#1328));
#1330=STYLED_ITEM('',(#1329),#1327);
#1331=DIRECTION('',(-1.E0,0.E0,0.E0));
#1332=VECTOR('',#1331,1.916670810600E-2);
#1333=CARTESIAN_POINT('',(0.E0,-2.412876375E0,2.590831227348E0));
#1334=LINE('',#1333,#1332);
#1335=CURVE_STYLE('',#31,POSITIVE_LENGTH_MEASURE(2.E-2),#23);
#1336=PRESENTATION_STYLE_ASSIGNMENT((#1335));
#1337=STYLED_ITEM('',(#1336),#1334);
#1338=CARTESIAN_POINT('',(-1.916670810600E-2,-2.412876375E0,2.437497562500E0));
#1339=DIRECTION('',(-1.E0,0.E0,0.E0));
#1340=DIRECTION('',(0.E0,0.E0,-1.E0));
#1341=AXIS2_PLACEMENT_3D('',#1338,#1339,#1340);
#1343=CURVE_STYLE('',#31,POSITIVE_LENGTH_MEASURE(2.E-2),#23);
#1344=PRESENTATION_STYLE_ASSIGNMENT((#1343));
#1345=STYLED_ITEM('',(#1344),#1342);
#1346=CARTESIAN_POINT('',(-1.916670810600E-2,-2.412876375E0,2.437497562500E0));
#1347=DIRECTION('',(-1.E0,0.E0,0.E0));
#1348=DIRECTION('',(0.E0,0.E0,1.E0));
#1349=AXIS2_PLACEMENT_3D('',#1346,#1347,#1348);
#1351=CURVE_STYLE('',#31,POSITIVE_LENGTH_MEASURE(2.E-2),#23);
#1352=PRESENTATION_STYLE_ASSIGNMENT((#1351));
#1353=STYLED_ITEM('',(#1352),#1350);
#1354=CARTESIAN_POINT('',(-1.916670810600E-2,-2.412876375E0,-2.437497562500E0));
#1355=DIRECTION('',(-1.E0,0.E0,0.E0));
#1356=DIRECTION('',(0.E0,0.E0,-1.E0));
#1357=AXIS2_PLACEMENT_3D('',#1354,#1355,#1356);
#1359=CURVE_STYLE('',#31,POSITIVE_LENGTH_MEASURE(2.E-2),#23);
#1360=PRESENTATION_STYLE_ASSIGNMENT((#1359));
#1361=STYLED_ITEM('',(#1360),#1358);
#1362=CARTESIAN_POINT('',(-1.916670810600E-2,-2.412876375E0,-2.437497562500E0));
#1363=DIRECTION('',(-1.E0,0.E0,0.E0));
#1364=DIRECTION('',(0.E0,0.E0,1.E0));
#1365=AXIS2_PLACEMENT_3D('',#1362,#1363,#1364);
#1367=CURVE_STYLE('',#31,POSITIVE_LENGTH_MEASURE(2.E-2),#23);
#1368=PRESENTATION_STYLE_ASSIGNMENT((#1367));
#1369=STYLED_ITEM('',(#1368),#1366);
#1370=CARTESIAN_POINT('',(-1.916670810600E-2,2.412876375E0,-2.437497562500E0));
#1371=DIRECTION('',(-1.E0,0.E0,0.E0));
#1372=DIRECTION('',(0.E0,0.E0,-1.E0));
#1373=AXIS2_PLACEMENT_3D('',#1370,#1371,#1372);
#1375=CURVE_STYLE('',#31,POSITIVE_LENGTH_MEASURE(2.E-2),#23);
#1376=PRESENTATION_STYLE_ASSIGNMENT((#1375));
#1377=STYLED_ITEM('',(#1376),#1374);
#1378=CARTESIAN_POINT('',(-1.916670810600E-2,2.412876375E0,-2.437497562500E0));
#1379=DIRECTION('',(-1.E0,0.E0,0.E0));
#1380=DIRECTION('',(0.E0,0.E0,1.E0));
#1381=AXIS2_PLACEMENT_3D('',#1378,#1379,#1380);
#1383=CURVE_STYLE('',#31,POSITIVE_LENGTH_MEASURE(2.E-2),#23);
#1384=PRESENTATION_STYLE_ASSIGNMENT((#1383));
#1385=STYLED_ITEM('',(#1384),#1382);
#1386=CARTESIAN_POINT('',(-1.916670810600E-2,2.412876375E0,2.437497562500E0));
#1387=DIRECTION('',(-1.E0,0.E0,0.E0));
#1388=DIRECTION('',(0.E0,0.E0,-1.E0));
#1389=AXIS2_PLACEMENT_3D('',#1386,#1387,#1388);
#1391=CURVE_STYLE('',#31,POSITIVE_LENGTH_MEASURE(2.E-2),#23);
#1392=PRESENTATION_STYLE_ASSIGNMENT((#1391));
#1393=STYLED_ITEM('',(#1392),#1390);
#1394=CARTESIAN_POINT('',(-1.916670810600E-2,2.412876375E0,2.437497562500E0));
#1395=DIRECTION('',(-1.E0,0.E0,0.E0));
#1396=DIRECTION('',(0.E0,0.E0,1.E0));
#1397=AXIS2_PLACEMENT_3D('',#1394,#1395,#1396);
#1399=CURVE_STYLE('',#31,POSITIVE_LENGTH_MEASURE(2.E-2),#23);
#1400=PRESENTATION_STYLE_ASSIGNMENT((#1399));
#1401=STYLED_ITEM('',(#1400),#1398);
#1402=DIRECTION('',(-1.E0,0.E0,0.E0));
#1403=VECTOR('',#1402,1.916670810600E-2);
#1404=CARTESIAN_POINT('',(0.E0,-2.412876375E0,-2.590831227348E0));
#1405=LINE('',#1404,#1403);
#1406=CURVE_STYLE('',#31,POSITIVE_LENGTH_MEASURE(2.E-2),#23);
#1407=PRESENTATION_STYLE_ASSIGNMENT((#1406));
#1408=STYLED_ITEM('',(#1407),#1405);
#1409=DIRECTION('',(-1.E0,0.E0,0.E0));
#1410=VECTOR('',#1409,1.916670810600E-2);
#1411=CARTESIAN_POINT('',(0.E0,-2.412876375E0,-2.284163897652E0));
#1412=LINE('',#1411,#1410);
#1413=CURVE_STYLE('',#31,POSITIVE_LENGTH_MEASURE(2.E-2),#23);
#1414=PRESENTATION_STYLE_ASSIGNMENT((#1413));
#1415=STYLED_ITEM('',(#1414),#1412);
#1416=DIRECTION('',(-1.E0,0.E0,0.E0));
#1417=VECTOR('',#1416,1.916670810600E-2);
#1418=CARTESIAN_POINT('',(0.E0,2.412876375E0,-2.590831227348E0));
#1419=LINE('',#1418,#1417);
#1420=CURVE_STYLE('',#31,POSITIVE_LENGTH_MEASURE(2.E-2),#23);
#1421=PRESENTATION_STYLE_ASSIGNMENT((#1420));
#1422=STYLED_ITEM('',(#1421),#1419);
#1423=DIRECTION('',(-1.E0,0.E0,0.E0));
#1424=VECTOR('',#1423,1.916670810600E-2);
#1425=CARTESIAN_POINT('',(0.E0,2.412876375E0,-2.284163897652E0));
#1426=LINE('',#1425,#1424);
#1427=CURVE_STYLE('',#31,POSITIVE_LENGTH_MEASURE(2.E-2),#23);
#1428=PRESENTATION_STYLE_ASSIGNMENT((#1427));
#1429=STYLED_ITEM('',(#1428),#1426);
#1430=DIRECTION('',(-1.E0,0.E0,0.E0));
#1431=VECTOR('',#1430,1.916670810600E-2);
#1432=CARTESIAN_POINT('',(0.E0,2.412876375E0,2.284163897652E0));
#1433=LINE('',#1432,#1431);
#1434=CURVE_STYLE('',#31,POSITIVE_LENGTH_MEASURE(2.E-2),#23);
#1435=PRESENTATION_STYLE_ASSIGNMENT((#1434));
#1436=STYLED_ITEM('',(#1435),#1433);
#1437=DIRECTION('',(-1.E0,0.E0,0.E0));
#1438=VECTOR('',#1437,1.916670810600E-2);
#1439=CARTESIAN_POINT('',(0.E0,2.412876375E0,2.590831227348E0));
#1440=LINE('',#1439,#1438);
#1441=CURVE_STYLE('',#31,POSITIVE_LENGTH_MEASURE(2.E-2),#23);
#1442=PRESENTATION_STYLE_ASSIGNMENT((#1441));
#1443=STYLED_ITEM('',(#1442),#1440);
#1444=CARTESIAN_POINT('',(2.E-1,1.E-2,1.45E0));
#1445=CARTESIAN_POINT('',(2.E-1,-1.E-2,1.45E0));
#1446=VERTEX_POINT('',#1444);
#1447=VERTEX_POINT('',#1445);
#1448=CARTESIAN_POINT('',(2.E-1,1.E-2,-1.45E0));
#1449=CARTESIAN_POINT('',(2.E-1,-1.E-2,-1.45E0));
#1450=VERTEX_POINT('',#1448);
#1451=VERTEX_POINT('',#1449);
#1452=CARTESIAN_POINT('',(0.E0,-3.802778125E0,-4.15E0));
#1453=CARTESIAN_POINT('',(0.E0,-5.5E-1,-4.15E0));
#1454=VERTEX_POINT('',#1452);
#1455=VERTEX_POINT('',#1453);
#1456=CARTESIAN_POINT('',(0.E0,5.5E-1,-4.15E0));
#1457=CARTESIAN_POINT('',(0.E0,3.802778125E0,-4.15E0));
#1458=VERTEX_POINT('',#1456);
#1459=VERTEX_POINT('',#1457);
#1460=CARTESIAN_POINT('',(0.E0,4.15E0,3.26363725E0));
#1461=CARTESIAN_POINT('',(0.E0,3.26363725E0,4.15E0));
#1462=VERTEX_POINT('',#1460);
#1463=VERTEX_POINT('',#1461);
#1464=CARTESIAN_POINT('',(0.E0,5.5E-1,4.15E0));
#1465=VERTEX_POINT('',#1464);
#1466=CARTESIAN_POINT('',(0.E0,-4.15E0,3.26363725E0));
#1467=CARTESIAN_POINT('',(0.E0,-3.26363725E0,4.15E0));
#1468=VERTEX_POINT('',#1466);
#1469=VERTEX_POINT('',#1467);
#1470=CARTESIAN_POINT('',(0.E0,-5.5E-1,4.15E0));
#1471=VERTEX_POINT('',#1470);
#1472=CARTESIAN_POINT('',(0.E0,-4.15E0,-3.802778125E0));
#1473=VERTEX_POINT('',#1472);
#1474=CARTESIAN_POINT('',(0.E0,4.15E0,-3.802778125E0));
#1475=VERTEX_POINT('',#1474);
#1476=CARTESIAN_POINT('',(1.9E0,-4.15E0,-3.802778125E0));
#1477=CARTESIAN_POINT('',(1.9E0,-3.802778125E0,-4.15E0));
#1478=VERTEX_POINT('',#1476);
#1479=VERTEX_POINT('',#1477);
#1480=CARTESIAN_POINT('',(1.9E0,3.802778125E0,-4.15E0));
#1481=CARTESIAN_POINT('',(1.9E0,4.15E0,-3.802778125E0));
#1482=VERTEX_POINT('',#1480);
#1483=VERTEX_POINT('',#1481);
#1484=CARTESIAN_POINT('',(2.E-1,-5.5E-1,4.15E0));
#1485=VERTEX_POINT('',#1484);
#1486=CARTESIAN_POINT('',(2.E-1,5.5E-1,4.15E0));
#1487=VERTEX_POINT('',#1486);
#1488=CARTESIAN_POINT('',(2.E-1,5.5E-1,1.99E0));
#1489=VERTEX_POINT('',#1488);
#1490=CARTESIAN_POINT('',(2.E-1,-5.5E-1,1.99E0));
#1491=VERTEX_POINT('',#1490);
#1492=CARTESIAN_POINT('',(2.E-1,-5.5E-1,-4.15E0));
#1493=VERTEX_POINT('',#1492);
#1494=CARTESIAN_POINT('',(2.E-1,5.5E-1,-4.15E0));
#1495=VERTEX_POINT('',#1494);
#1496=CARTESIAN_POINT('',(2.E-1,5.5E-1,-1.99E0));
#1497=VERTEX_POINT('',#1496);
#1498=CARTESIAN_POINT('',(2.E-1,-5.5E-1,-1.99E0));
#1499=VERTEX_POINT('',#1498);
#1500=CARTESIAN_POINT('',(0.E0,4.15E0,2.26514925E0));
#1501=CARTESIAN_POINT('',(0.E0,5.5E-1,2.26514925E0));
#1502=VERTEX_POINT('',#1500);
#1503=VERTEX_POINT('',#1501);
#1504=CARTESIAN_POINT('',(0.E0,-5.5E-1,2.26514925E0));
#1505=CARTESIAN_POINT('',(0.E0,-4.15E0,2.26514925E0));
#1506=VERTEX_POINT('',#1504);
#1507=VERTEX_POINT('',#1505);
#1508=CARTESIAN_POINT('',(0.E0,4.15E0,-2.26514925E0));
#1509=CARTESIAN_POINT('',(0.E0,5.5E-1,-2.26514925E0));
#1510=VERTEX_POINT('',#1508);
#1511=VERTEX_POINT('',#1509);
#1512=CARTESIAN_POINT('',(0.E0,-5.5E-1,-2.26514925E0));
#1513=CARTESIAN_POINT('',(0.E0,-4.15E0,-2.26514925E0));
#1514=VERTEX_POINT('',#1512);
#1515=VERTEX_POINT('',#1513);
#1516=CARTESIAN_POINT('',(5.E-2,4.15E0,2.26514925E0));
#1517=CARTESIAN_POINT('',(5.E-2,4.15E0,-2.26514925E0));
#1518=VERTEX_POINT('',#1516);
#1519=VERTEX_POINT('',#1517);
#1520=CARTESIAN_POINT('',(5.E-2,-4.15E0,2.26514925E0));
#1521=CARTESIAN_POINT('',(5.E-2,-4.15E0,-2.26514925E0));
#1522=VERTEX_POINT('',#1520);
#1523=VERTEX_POINT('',#1521);
#1524=CARTESIAN_POINT('',(5.E-2,5.5E-1,1.99E0));
#1525=CARTESIAN_POINT('',(5.E-2,5.5E-1,2.26514925E0));
#1526=VERTEX_POINT('',#1524);
#1527=VERTEX_POINT('',#1525);
#1528=CARTESIAN_POINT('',(5.E-2,-5.5E-1,1.99E0));
#1529=CARTESIAN_POINT('',(5.E-2,-5.5E-1,2.26514925E0));
#1530=VERTEX_POINT('',#1528);
#1531=VERTEX_POINT('',#1529);
#1532=CARTESIAN_POINT('',(5.E-2,5.5E-1,-1.99E0));
#1533=CARTESIAN_POINT('',(5.E-2,5.5E-1,-2.26514925E0));
#1534=VERTEX_POINT('',#1532);
#1535=VERTEX_POINT('',#1533);
#1536=CARTESIAN_POINT('',(5.E-2,-5.5E-1,-1.99E0));
#1537=CARTESIAN_POINT('',(5.E-2,-5.5E-1,-2.26514925E0));
#1538=VERTEX_POINT('',#1536);
#1539=VERTEX_POINT('',#1537);
#1540=CARTESIAN_POINT('',(5.E-2,1.E-2,1.45E0));
#1541=CARTESIAN_POINT('',(5.E-2,-1.E-2,1.45E0));
#1542=VERTEX_POINT('',#1540);
#1543=VERTEX_POINT('',#1541);
#1544=CARTESIAN_POINT('',(5.E-2,1.E-2,-1.45E0));
#1545=CARTESIAN_POINT('',(5.E-2,-1.E-2,-1.45E0));
#1546=VERTEX_POINT('',#1544);
#1547=VERTEX_POINT('',#1545);
#1548=CARTESIAN_POINT('',(-1.916670810600E-2,-2.412876375E0,2.284163897652E0));
#1549=CARTESIAN_POINT('',(-1.916670810600E-2,-2.412876375E0,2.590831227348E0));
#1550=VERTEX_POINT('',#1548);
#1551=VERTEX_POINT('',#1549);
#1552=CARTESIAN_POINT('',(-1.916670810600E-2,-2.412876375E0,-2.590831227348E0));
#1553=CARTESIAN_POINT('',(-1.916670810600E-2,-2.412876375E0,-2.284163897652E0));
#1554=VERTEX_POINT('',#1552);
#1555=VERTEX_POINT('',#1553);
#1556=CARTESIAN_POINT('',(-1.916670810600E-2,2.412876375E0,-2.590831227348E0));
#1557=CARTESIAN_POINT('',(-1.916670810600E-2,2.412876375E0,-2.284163897652E0));
#1558=VERTEX_POINT('',#1556);
#1559=VERTEX_POINT('',#1557);
#1560=CARTESIAN_POINT('',(-1.916670810600E-2,2.412876375E0,2.284163897652E0));
#1561=CARTESIAN_POINT('',(-1.916670810600E-2,2.412876375E0,2.590831227348E0));
#1562=VERTEX_POINT('',#1560);
#1563=VERTEX_POINT('',#1561);
#1564=CARTESIAN_POINT('',(0.E0,-2.412876375E0,2.284163897652E0));
#1565=CARTESIAN_POINT('',(0.E0,-2.412876375E0,2.590831227348E0));
#1566=VERTEX_POINT('',#1564);
#1567=VERTEX_POINT('',#1565);
#1568=CARTESIAN_POINT('',(0.E0,-2.412876375E0,-2.590831227348E0));
#1569=CARTESIAN_POINT('',(0.E0,-2.412876375E0,-2.284163897652E0));
#1570=VERTEX_POINT('',#1568);
#1571=VERTEX_POINT('',#1569);
#1572=CARTESIAN_POINT('',(0.E0,2.412876375E0,-2.590831227348E0));
#1573=CARTESIAN_POINT('',(0.E0,2.412876375E0,-2.284163897652E0));
#1574=VERTEX_POINT('',#1572);
#1575=VERTEX_POINT('',#1573);
#1576=CARTESIAN_POINT('',(0.E0,2.412876375E0,2.284163897652E0));
#1577=CARTESIAN_POINT('',(0.E0,2.412876375E0,2.590831227348E0));
#1578=VERTEX_POINT('',#1576);
#1579=VERTEX_POINT('',#1577);
#1580=CARTESIAN_POINT('',(2.E-1,-4.5E-1,4.15E0));
#1581=VERTEX_POINT('',#1580);
#1582=CARTESIAN_POINT('',(2.E-1,4.5E-1,4.15E0));
#1583=VERTEX_POINT('',#1582);
#1584=CARTESIAN_POINT('',(2.403846153846E-2,4.5E-1,2.E0));
#1585=CARTESIAN_POINT('',(-1.E-1,4.5E-1,4.15E0));
#1586=VERTEX_POINT('',#1584);
#1587=VERTEX_POINT('',#1585);
#1588=CARTESIAN_POINT('',(2.403846153846E-2,-4.5E-1,2.E0));
#1589=CARTESIAN_POINT('',(-1.E-1,-4.5E-1,4.15E0));
#1590=VERTEX_POINT('',#1588);
#1591=VERTEX_POINT('',#1589);
#1592=CARTESIAN_POINT('',(2.E-1,-4.5E-1,2.E0));
#1593=VERTEX_POINT('',#1592);
#1594=CARTESIAN_POINT('',(2.E-1,4.5E-1,2.E0));
#1595=VERTEX_POINT('',#1594);
#1596=CARTESIAN_POINT('',(2.E-1,4.5E-1,-4.15E0));
#1597=VERTEX_POINT('',#1596);
#1598=CARTESIAN_POINT('',(2.E-1,-4.5E-1,-4.15E0));
#1599=VERTEX_POINT('',#1598);
#1600=CARTESIAN_POINT('',(1.9E0,-9.848475E-1,-4.15E0));
#1601=CARTESIAN_POINT('',(1.9E0,-9.848475E-1,-3.876864119587E0));
#1602=VERTEX_POINT('',#1600);
#1603=VERTEX_POINT('',#1601);
#1604=CARTESIAN_POINT('',(1.9E0,9.848475E-1,-4.15E0));
#1605=CARTESIAN_POINT('',(1.9E0,9.848475E-1,-3.876864119587E0));
#1606=VERTEX_POINT('',#1604);
#1607=VERTEX_POINT('',#1605);
#1608=CARTESIAN_POINT('',(5.5E-1,-9.848475E-1,-4.15E0));
#1609=VERTEX_POINT('',#1608);
#1610=CARTESIAN_POINT('',(5.5E-1,9.848475E-1,-4.15E0));
#1611=VERTEX_POINT('',#1610);
#1612=CARTESIAN_POINT('',(5.5E-1,9.848475E-1,4.15E0));
#1613=CARTESIAN_POINT('',(5.5E-1,-9.848475E-1,4.15E0));
#1614=VERTEX_POINT('',#1612);
#1615=VERTEX_POINT('',#1613);
#1616=CARTESIAN_POINT('',(5.5E-1,-9.848475E-1,-3.876864119587E0));
#1617=VERTEX_POINT('',#1616);
#1618=CARTESIAN_POINT('',(5.5E-1,9.848475E-1,-3.876864119587E0));
#1619=VERTEX_POINT('',#1618);
#1620=CARTESIAN_POINT('',(5.5E-1,-9.848475E-1,3.876864119587E0));
#1621=VERTEX_POINT('',#1620);
#1622=CARTESIAN_POINT('',(5.5E-1,9.848475E-1,3.876864119587E0));
#1623=VERTEX_POINT('',#1622);
#1624=CARTESIAN_POINT('',(1.9E0,4.15E0,-9.848475E-1));
#1625=CARTESIAN_POINT('',(1.9E0,3.876864119587E0,-9.848475E-1));
#1626=VERTEX_POINT('',#1624);
#1627=VERTEX_POINT('',#1625);
#1628=CARTESIAN_POINT('',(1.9E0,-3.876864119587E0,-9.848475E-1));
#1629=CARTESIAN_POINT('',(1.9E0,-4.15E0,-9.848475E-1));
#1630=VERTEX_POINT('',#1628);
#1631=VERTEX_POINT('',#1629);
#1632=CARTESIAN_POINT('',(5.5E-1,4.15E0,-9.848475E-1));
#1633=CARTESIAN_POINT('',(5.5E-1,4.15E0,9.848475E-1));
#1634=VERTEX_POINT('',#1632);
#1635=VERTEX_POINT('',#1633);
#1636=CARTESIAN_POINT('',(5.5E-1,-4.15E0,-9.848475E-1));
#1637=CARTESIAN_POINT('',(5.5E-1,-4.15E0,9.848475E-1));
#1638=VERTEX_POINT('',#1636);
#1639=VERTEX_POINT('',#1637);
#1640=CARTESIAN_POINT('',(5.5E-1,-3.876864119587E0,-9.848475E-1));
#1641=VERTEX_POINT('',#1640);
#1642=CARTESIAN_POINT('',(5.5E-1,3.876864119587E0,-9.848475E-1));
#1643=VERTEX_POINT('',#1642);
#1644=CARTESIAN_POINT('',(5.5E-1,3.876864119587E0,9.848475E-1));
#1645=VERTEX_POINT('',#1644);
#1646=CARTESIAN_POINT('',(5.5E-1,-3.876864119587E0,9.848475E-1));
#1647=VERTEX_POINT('',#1646);
#1648=CARTESIAN_POINT('',(1.1E0,4.15E0,3.26363725E0));
#1649=CARTESIAN_POINT('',(1.1E0,4.15E0,9.848475E-1));
#1650=VERTEX_POINT('',#1648);
#1651=VERTEX_POINT('',#1649);
#1652=CARTESIAN_POINT('',(1.1E0,-4.15E0,3.26363725E0));
#1653=CARTESIAN_POINT('',(1.1E0,-4.15E0,9.848475E-1));
#1654=VERTEX_POINT('',#1652);
#1655=VERTEX_POINT('',#1653);
#1656=CARTESIAN_POINT('',(1.1E0,3.26363725E0,4.15E0));
#1657=VERTEX_POINT('',#1656);
#1658=CARTESIAN_POINT('',(1.1E0,-3.26363725E0,4.15E0));
#1659=VERTEX_POINT('',#1658);
#1660=CARTESIAN_POINT('',(1.1E0,3.876864119587E0,9.848475E-1));
#1661=CARTESIAN_POINT('',(1.1E0,9.848475E-1,3.876864119587E0));
#1662=VERTEX_POINT('',#1660);
#1663=VERTEX_POINT('',#1661);
#1664=CARTESIAN_POINT('',(1.1E0,-9.848475E-1,3.876864119587E0));
#1665=CARTESIAN_POINT('',(1.1E0,-3.876864119587E0,9.848475E-1));
#1666=VERTEX_POINT('',#1664);
#1667=VERTEX_POINT('',#1665);
#1668=CARTESIAN_POINT('',(1.1E0,-9.848475E-1,4.15E0));
#1669=VERTEX_POINT('',#1668);
#1670=CARTESIAN_POINT('',(1.1E0,9.848475E-1,4.15E0));
#1671=VERTEX_POINT('',#1670);
#1672=CARTESIAN_POINT('',(2.403846153846E-2,4.5E-1,-2.E0));
#1673=CARTESIAN_POINT('',(-1.E-1,4.5E-1,-4.15E0));
#1674=VERTEX_POINT('',#1672);
#1675=VERTEX_POINT('',#1673);
#1676=CARTESIAN_POINT('',(2.403846153846E-2,-4.5E-1,-2.E0));
#1677=CARTESIAN_POINT('',(-1.E-1,-4.5E-1,-4.15E0));
#1678=VERTEX_POINT('',#1676);
#1679=VERTEX_POINT('',#1677);
#1680=CARTESIAN_POINT('',(2.E-1,-4.5E-1,-2.E0));
#1681=VERTEX_POINT('',#1680);
#1682=CARTESIAN_POINT('',(2.E-1,4.5E-1,-2.E0));
#1683=VERTEX_POINT('',#1682);
#1684=CARTESIAN_POINT('',(2.E-1,-4.5E-1,4.55E0));
#1685=CARTESIAN_POINT('',(2.E-1,4.5E-1,4.55E0));
#1686=VERTEX_POINT('',#1684);
#1687=VERTEX_POINT('',#1685);
#1688=CARTESIAN_POINT('',(-1.E-1,-4.5E-1,4.55E0));
#1689=CARTESIAN_POINT('',(-1.E-1,4.5E-1,4.55E0));
#1690=VERTEX_POINT('',#1688);
#1691=VERTEX_POINT('',#1689);
#1692=CARTESIAN_POINT('',(2.E-1,-4.5E-1,-4.55E0));
#1693=CARTESIAN_POINT('',(2.E-1,4.5E-1,-4.55E0));
#1694=VERTEX_POINT('',#1692);
#1695=VERTEX_POINT('',#1693);
#1696=CARTESIAN_POINT('',(-1.E-1,-4.5E-1,-4.55E0));
#1697=CARTESIAN_POINT('',(-1.E-1,4.5E-1,-4.55E0));
#1698=VERTEX_POINT('',#1696);
#1699=VERTEX_POINT('',#1697);
#1700=CARTESIAN_POINT('',(0.E0,0.E0,0.E0));
#1701=DIRECTION('',(1.E0,0.E0,0.E0));
#1702=DIRECTION('',(0.E0,0.E0,1.E0));
#1703=AXIS2_PLACEMENT_3D('',#1700,#1701,#1702);
#1704=PLANE('',#1703);
#1706=ORIENTED_EDGE('',*,*,#1705,.F.);
#1708=ORIENTED_EDGE('',*,*,#1707,.T.);
#1710=ORIENTED_EDGE('',*,*,#1709,.T.);
#1712=ORIENTED_EDGE('',*,*,#1711,.T.);
#1714=ORIENTED_EDGE('',*,*,#1713,.F.);
#1715=EDGE_LOOP('',(#1706,#1708,#1710,#1712,#1714));
#1716=FACE_OUTER_BOUND('',#1715,.F.);
#1718=ORIENTED_EDGE('',*,*,#1717,.T.);
#1720=ORIENTED_EDGE('',*,*,#1719,.T.);
#1721=EDGE_LOOP('',(#1718,#1720));
#1722=FACE_BOUND('',#1721,.F.);
#1724=CARTESIAN_POINT('',(0.E0,0.E0,0.E0));
#1725=DIRECTION('',(1.E0,0.E0,0.E0));
#1726=DIRECTION('',(0.E0,0.E0,1.E0));
#1727=AXIS2_PLACEMENT_3D('',#1724,#1725,#1726);
#1728=PLANE('',#1727);
#1730=ORIENTED_EDGE('',*,*,#1729,.F.);
#1732=ORIENTED_EDGE('',*,*,#1731,.F.);
#1734=ORIENTED_EDGE('',*,*,#1733,.T.);
#1736=ORIENTED_EDGE('',*,*,#1735,.F.);
#1738=ORIENTED_EDGE('',*,*,#1737,.F.);
#1739=EDGE_LOOP('',(#1730,#1732,#1734,#1736,#1738));
#1740=FACE_OUTER_BOUND('',#1739,.F.);
#1742=ORIENTED_EDGE('',*,*,#1741,.T.);
#1744=ORIENTED_EDGE('',*,*,#1743,.T.);
#1745=EDGE_LOOP('',(#1742,#1744));
#1746=FACE_BOUND('',#1745,.F.);
#1748=CARTESIAN_POINT('',(0.E0,0.E0,0.E0));
#1749=DIRECTION('',(1.E0,0.E0,0.E0));
#1750=DIRECTION('',(0.E0,0.E0,1.E0));
#1751=AXIS2_PLACEMENT_3D('',#1748,#1749,#1750);
#1752=PLANE('',#1751);
#1754=ORIENTED_EDGE('',*,*,#1753,.T.);
#1756=ORIENTED_EDGE('',*,*,#1755,.F.);
#1758=ORIENTED_EDGE('',*,*,#1757,.T.);
#1760=ORIENTED_EDGE('',*,*,#1759,.T.);
#1762=ORIENTED_EDGE('',*,*,#1761,.T.);
#1763=EDGE_LOOP('',(#1754,#1756,#1758,#1760,#1762));
#1764=FACE_OUTER_BOUND('',#1763,.F.);
#1766=ORIENTED_EDGE('',*,*,#1765,.T.);
#1768=ORIENTED_EDGE('',*,*,#1767,.T.);
#1769=EDGE_LOOP('',(#1766,#1768));
#1770=FACE_BOUND('',#1769,.F.);
#1772=CARTESIAN_POINT('',(0.E0,0.E0,0.E0));
#1773=DIRECTION('',(1.E0,0.E0,0.E0));
#1774=DIRECTION('',(0.E0,0.E0,1.E0));
#1775=AXIS2_PLACEMENT_3D('',#1772,#1773,#1774);
#1776=PLANE('',#1775);
#1778=ORIENTED_EDGE('',*,*,#1777,.T.);
#1780=ORIENTED_EDGE('',*,*,#1779,.F.);
#1782=ORIENTED_EDGE('',*,*,#1781,.T.);
#1784=ORIENTED_EDGE('',*,*,#1783,.T.);
#1786=ORIENTED_EDGE('',*,*,#1785,.F.);
#1787=EDGE_LOOP('',(#1778,#1780,#1782,#1784,#1786));
#1788=FACE_OUTER_BOUND('',#1787,.F.);
#1790=ORIENTED_EDGE('',*,*,#1789,.T.);
#1792=ORIENTED_EDGE('',*,*,#1791,.T.);
#1793=EDGE_LOOP('',(#1790,#1792));
#1794=FACE_BOUND('',#1793,.F.);
#1796=CARTESIAN_POINT('',(0.E0,-4.15E0,2.26514925E0));
#1797=DIRECTION('',(0.E0,0.E0,1.E0));
#1798=DIRECTION('',(0.E0,1.E0,0.E0));
#1799=AXIS2_PLACEMENT_3D('',#1796,#1797,#1798);
#1800=PLANE('',#1799);
#1801=ORIENTED_EDGE('',*,*,#1705,.T.);
#1803=ORIENTED_EDGE('',*,*,#1802,.T.);
#1805=ORIENTED_EDGE('',*,*,#1804,.T.);
#1807=ORIENTED_EDGE('',*,*,#1806,.F.);
#1808=EDGE_LOOP('',(#1801,#1803,#1805,#1807));
#1809=FACE_OUTER_BOUND('',#1808,.F.);
#1811=CARTESIAN_POINT('',(0.E0,-4.15E0,2.26514925E0));
#1812=DIRECTION('',(0.E0,0.E0,1.E0));
#1813=DIRECTION('',(0.E0,1.E0,0.E0));
#1814=AXIS2_PLACEMENT_3D('',#1811,#1812,#1813);
#1815=PLANE('',#1814);
#1816=ORIENTED_EDGE('',*,*,#1729,.T.);
#1818=ORIENTED_EDGE('',*,*,#1817,.T.);
#1820=ORIENTED_EDGE('',*,*,#1819,.T.);
#1822=ORIENTED_EDGE('',*,*,#1821,.F.);
#1823=EDGE_LOOP('',(#1816,#1818,#1820,#1822));
#1824=FACE_OUTER_BOUND('',#1823,.F.);
#1826=CARTESIAN_POINT('',(0.E0,5.5E-1,4.047184063734E0));
#1827=DIRECTION('',(0.E0,1.E0,0.E0));
#1828=DIRECTION('',(0.E0,0.E0,-1.E0));
#1829=AXIS2_PLACEMENT_3D('',#1826,#1827,#1828);
#1830=PLANE('',#1829);
#1832=ORIENTED_EDGE('',*,*,#1831,.T.);
#1833=ORIENTED_EDGE('',*,*,#1802,.F.);
#1834=ORIENTED_EDGE('',*,*,#1713,.T.);
#1836=ORIENTED_EDGE('',*,*,#1835,.T.);
#1838=ORIENTED_EDGE('',*,*,#1837,.T.);
#1840=ORIENTED_EDGE('',*,*,#1839,.F.);
#1841=EDGE_LOOP('',(#1832,#1833,#1834,#1836,#1838,#1840));
#1842=FACE_OUTER_BOUND('',#1841,.F.);
#1844=CARTESIAN_POINT('',(5.E-2,0.E0,0.E0));
#1845=DIRECTION('',(-1.E0,0.E0,0.E0));
#1846=DIRECTION('',(0.E0,1.E0,0.E0));
#1847=AXIS2_PLACEMENT_3D('',#1844,#1845,#1846);
#1848=PLANE('',#1847);
#1850=ORIENTED_EDGE('',*,*,#1849,.F.);
#1852=ORIENTED_EDGE('',*,*,#1851,.T.);
#1854=ORIENTED_EDGE('',*,*,#1853,.F.);
#1856=ORIENTED_EDGE('',*,*,#1855,.F.);
#1857=ORIENTED_EDGE('',*,*,#1804,.F.);
#1858=ORIENTED_EDGE('',*,*,#1831,.F.);
#1860=ORIENTED_EDGE('',*,*,#1859,.F.);
#1862=ORIENTED_EDGE('',*,*,#1861,.T.);
#1864=ORIENTED_EDGE('',*,*,#1863,.F.);
#1866=ORIENTED_EDGE('',*,*,#1865,.T.);
#1867=ORIENTED_EDGE('',*,*,#1819,.F.);
#1869=ORIENTED_EDGE('',*,*,#1868,.T.);
#1871=ORIENTED_EDGE('',*,*,#1870,.F.);
#1873=ORIENTED_EDGE('',*,*,#1872,.F.);
#1875=ORIENTED_EDGE('',*,*,#1874,.F.);
#1877=ORIENTED_EDGE('',*,*,#1876,.F.);
#1878=EDGE_LOOP('',(#1850,#1852,#1854,#1856,#1857,#1858,#1860,#1862,#1864,#1866,
#1867,#1869,#1871,#1873,#1875,#1877));
#1879=FACE_OUTER_BOUND('',#1878,.F.);
#1881=CARTESIAN_POINT('',(0.E0,1.E-2,-1.99E0));
#1882=DIRECTION('',(1.E0,0.E0,0.E0));
#1883=DIRECTION('',(0.E0,1.E0,0.E0));
#1884=AXIS2_PLACEMENT_3D('',#1881,#1882,#1883);
#1885=CYLINDRICAL_SURFACE('',#1884,5.4E-1);
#1886=ORIENTED_EDGE('',*,*,#1849,.T.);
#1888=ORIENTED_EDGE('',*,*,#1887,.T.);
#1890=ORIENTED_EDGE('',*,*,#1889,.T.);
#1892=ORIENTED_EDGE('',*,*,#1891,.F.);
#1893=EDGE_LOOP('',(#1886,#1888,#1890,#1892));
#1894=FACE_OUTER_BOUND('',#1893,.F.);
#1896=CARTESIAN_POINT('',(0.E0,1.E-2,-1.45E0));
#1897=DIRECTION('',(0.E0,0.E0,-1.E0));
#1898=DIRECTION('',(0.E0,-1.E0,0.E0));
#1899=AXIS2_PLACEMENT_3D('',#1896,#1897,#1898);
#1900=PLANE('',#1899);
#1901=ORIENTED_EDGE('',*,*,#1876,.T.);
#1903=ORIENTED_EDGE('',*,*,#1902,.T.);
#1905=ORIENTED_EDGE('',*,*,#1904,.F.);
#1906=ORIENTED_EDGE('',*,*,#1887,.F.);
#1907=EDGE_LOOP('',(#1901,#1903,#1905,#1906));
#1908=FACE_OUTER_BOUND('',#1907,.F.);
#1910=CARTESIAN_POINT('',(0.E0,-1.E-2,-1.99E0));
#1911=DIRECTION('',(1.E0,0.E0,0.E0));
#1912=DIRECTION('',(0.E0,1.E0,0.E0));
#1913=AXIS2_PLACEMENT_3D('',#1910,#1911,#1912);
#1914=CYLINDRICAL_SURFACE('',#1913,5.4E-1);
#1915=ORIENTED_EDGE('',*,*,#1874,.T.);
#1917=ORIENTED_EDGE('',*,*,#1916,.T.);
#1919=ORIENTED_EDGE('',*,*,#1918,.T.);
#1920=ORIENTED_EDGE('',*,*,#1902,.F.);
#1921=EDGE_LOOP('',(#1915,#1917,#1919,#1920));
#1922=FACE_OUTER_BOUND('',#1921,.F.);
#1924=CARTESIAN_POINT('',(0.E0,-5.5E-1,-1.99E0));
#1925=DIRECTION('',(0.E0,1.E0,0.E0));
#1926=DIRECTION('',(0.E0,0.E0,-1.E0));
#1927=AXIS2_PLACEMENT_3D('',#1924,#1925,#1926);
#1928=PLANE('',#1927);
#1929=ORIENTED_EDGE('',*,*,#1872,.T.);
#1931=ORIENTED_EDGE('',*,*,#1930,.F.);
#1932=ORIENTED_EDGE('',*,*,#1785,.T.);
#1934=ORIENTED_EDGE('',*,*,#1933,.T.);
#1936=ORIENTED_EDGE('',*,*,#1935,.T.);
#1937=ORIENTED_EDGE('',*,*,#1916,.F.);
#1938=EDGE_LOOP('',(#1929,#1931,#1932,#1934,#1936,#1937));
#1939=FACE_OUTER_BOUND('',#1938,.F.);
#1941=CARTESIAN_POINT('',(0.E0,4.15E0,-2.26514925E0));
#1942=DIRECTION('',(0.E0,0.E0,-1.E0));
#1943=DIRECTION('',(0.E0,-1.E0,0.E0));
#1944=AXIS2_PLACEMENT_3D('',#1941,#1942,#1943);
#1945=PLANE('',#1944);
#1946=ORIENTED_EDGE('',*,*,#1753,.F.);
#1948=ORIENTED_EDGE('',*,*,#1947,.T.);
#1949=ORIENTED_EDGE('',*,*,#1853,.T.);
#1951=ORIENTED_EDGE('',*,*,#1950,.F.);
#1952=EDGE_LOOP('',(#1946,#1948,#1949,#1951));
#1953=FACE_OUTER_BOUND('',#1952,.F.);
#1955=CARTESIAN_POINT('',(0.E0,4.15E0,-2.26514925E0));
#1956=DIRECTION('',(0.E0,0.E0,-1.E0));
#1957=DIRECTION('',(0.E0,-1.E0,0.E0));
#1958=AXIS2_PLACEMENT_3D('',#1955,#1956,#1957);
#1959=PLANE('',#1958);
#1960=ORIENTED_EDGE('',*,*,#1777,.F.);
#1961=ORIENTED_EDGE('',*,*,#1930,.T.);
#1962=ORIENTED_EDGE('',*,*,#1870,.T.);
#1964=ORIENTED_EDGE('',*,*,#1963,.F.);
#1965=EDGE_LOOP('',(#1960,#1961,#1962,#1964));
#1966=FACE_OUTER_BOUND('',#1965,.F.);
#1968=CARTESIAN_POINT('',(0.E0,4.15E0,-3.802778125E0));
#1969=DIRECTION('',(0.E0,1.E0,0.E0));
#1970=DIRECTION('',(0.E0,0.E0,1.E0));
#1971=AXIS2_PLACEMENT_3D('',#1968,#1969,#1970);
#1972=PLANE('',#1971);
#1974=ORIENTED_EDGE('',*,*,#1973,.F.);
#1976=ORIENTED_EDGE('',*,*,#1975,.F.);
#1977=ORIENTED_EDGE('',*,*,#1707,.F.);
#1978=ORIENTED_EDGE('',*,*,#1806,.T.);
#1979=ORIENTED_EDGE('',*,*,#1855,.T.);
#1980=ORIENTED_EDGE('',*,*,#1947,.F.);
#1981=ORIENTED_EDGE('',*,*,#1761,.F.);
#1983=ORIENTED_EDGE('',*,*,#1982,.T.);
#1985=ORIENTED_EDGE('',*,*,#1984,.T.);
#1987=ORIENTED_EDGE('',*,*,#1986,.T.);
#1989=ORIENTED_EDGE('',*,*,#1988,.T.);
#1991=ORIENTED_EDGE('',*,*,#1990,.F.);
#1992=EDGE_LOOP('',(#1974,#1976,#1977,#1978,#1979,#1980,#1981,#1983,#1985,#1987,
#1989,#1991));
#1993=FACE_OUTER_BOUND('',#1992,.F.);
#1995=CARTESIAN_POINT('',(1.1E0,4.15E0,9.848475E-1));
#1996=DIRECTION('',(-1.E0,0.E0,0.E0));
#1997=DIRECTION('',(0.E0,0.E0,1.E0));
#1998=AXIS2_PLACEMENT_3D('',#1995,#1996,#1997);
#1999=PLANE('',#1998);
#2000=ORIENTED_EDGE('',*,*,#1973,.T.);
#2002=ORIENTED_EDGE('',*,*,#2001,.F.);
#2004=ORIENTED_EDGE('',*,*,#2003,.T.);
#2006=ORIENTED_EDGE('',*,*,#2005,.T.);
#2008=ORIENTED_EDGE('',*,*,#2007,.F.);
#2010=ORIENTED_EDGE('',*,*,#2009,.F.);
#2011=EDGE_LOOP('',(#2000,#2002,#2004,#2006,#2008,#2010));
#2012=FACE_OUTER_BOUND('',#2011,.F.);
#2014=CARTESIAN_POINT('',(1.1E0,4.15E0,9.848475E-1));
#2015=DIRECTION('',(-1.E0,0.E0,0.E0));
#2016=DIRECTION('',(0.E0,0.E0,1.E0));
#2017=AXIS2_PLACEMENT_3D('',#2014,#2015,#2016);
#2018=PLANE('',#2017);
#2020=ORIENTED_EDGE('',*,*,#2019,.F.);
#2022=ORIENTED_EDGE('',*,*,#2021,.T.);
#2024=ORIENTED_EDGE('',*,*,#2023,.F.);
#2026=ORIENTED_EDGE('',*,*,#2025,.F.);
#2028=ORIENTED_EDGE('',*,*,#2027,.T.);
#2030=ORIENTED_EDGE('',*,*,#2029,.F.);
#2031=EDGE_LOOP('',(#2020,#2022,#2024,#2026,#2028,#2030));
#2032=FACE_OUTER_BOUND('',#2031,.F.);
#2034=CARTESIAN_POINT('',(5.5E-1,4.15E0,9.848475E-1));
#2035=DIRECTION('',(0.E0,0.E0,1.E0));
#2036=DIRECTION('',(1.E0,0.E0,0.E0));
#2037=AXIS2_PLACEMENT_3D('',#2034,#2035,#2036);
#2038=PLANE('',#2037);
#2039=ORIENTED_EDGE('',*,*,#2029,.T.);
#2041=ORIENTED_EDGE('',*,*,#2040,.F.);
#2043=ORIENTED_EDGE('',*,*,#2042,.T.);
#2045=ORIENTED_EDGE('',*,*,#2044,.F.);
#2046=EDGE_LOOP('',(#2039,#2041,#2043,#2045));
#2047=FACE_OUTER_BOUND('',#2046,.F.);
#2049=CARTESIAN_POINT('',(5.5E-1,4.15E0,9.848475E-1));
#2050=DIRECTION('',(0.E0,0.E0,1.E0));
#2051=DIRECTION('',(1.E0,0.E0,0.E0));
#2052=AXIS2_PLACEMENT_3D('',#2049,#2050,#2051);
#2053=PLANE('',#2052);
#2054=ORIENTED_EDGE('',*,*,#2001,.T.);
#2055=ORIENTED_EDGE('',*,*,#1990,.T.);
#2057=ORIENTED_EDGE('',*,*,#2056,.T.);
#2059=ORIENTED_EDGE('',*,*,#2058,.T.);
#2060=EDGE_LOOP('',(#2054,#2055,#2057,#2059));
#2061=FACE_OUTER_BOUND('',#2060,.F.);
#2063=CARTESIAN_POINT('',(1.9E0,0.E0,0.E0));
#2064=DIRECTION('',(1.E0,0.E0,0.E0));
#2065=DIRECTION('',(0.E0,1.E0,0.E0));
#2066=AXIS2_PLACEMENT_3D('',#2063,#2064,#2065);
#2067=CYLINDRICAL_SURFACE('',#2066,4.E0);
#2068=ORIENTED_EDGE('',*,*,#2003,.F.);
#2069=ORIENTED_EDGE('',*,*,#2058,.F.);
#2071=ORIENTED_EDGE('',*,*,#2070,.T.);
#2073=ORIENTED_EDGE('',*,*,#2072,.T.);
#2074=EDGE_LOOP('',(#2068,#2069,#2071,#2073));
#2075=FACE_OUTER_BOUND('',#2074,.F.);
#2077=CARTESIAN_POINT('',(1.9E0,0.E0,0.E0));
#2078=DIRECTION('',(1.E0,0.E0,0.E0));
#2079=DIRECTION('',(0.E0,1.E0,0.E0));
#2080=AXIS2_PLACEMENT_3D('',#2077,#2078,#2079);
#2081=CYLINDRICAL_SURFACE('',#2080,4.E0);
#2082=ORIENTED_EDGE('',*,*,#2027,.F.);
#2084=ORIENTED_EDGE('',*,*,#2083,.F.);
#2086=ORIENTED_EDGE('',*,*,#2085,.T.);
#2087=ORIENTED_EDGE('',*,*,#2040,.T.);
#2088=EDGE_LOOP('',(#2082,#2084,#2086,#2087));
#2089=FACE_OUTER_BOUND('',#2088,.F.);
#2091=CARTESIAN_POINT('',(5.5E-1,0.E0,0.E0));
#2092=DIRECTION('',(1.E0,0.E0,0.E0));
#2093=DIRECTION('',(0.E0,1.E0,0.E0));
#2094=AXIS2_PLACEMENT_3D('',#2091,#2092,#2093);
#2095=PLANE('',#2094);
#2096=ORIENTED_EDGE('',*,*,#2085,.F.);
#2098=ORIENTED_EDGE('',*,*,#2097,.T.);
#2100=ORIENTED_EDGE('',*,*,#2099,.F.);
#2102=ORIENTED_EDGE('',*,*,#2101,.F.);
#2103=ORIENTED_EDGE('',*,*,#2070,.F.);
#2104=ORIENTED_EDGE('',*,*,#2056,.F.);
#2105=ORIENTED_EDGE('',*,*,#1988,.F.);
#2107=ORIENTED_EDGE('',*,*,#2106,.T.);
#2109=ORIENTED_EDGE('',*,*,#2108,.F.);
#2111=ORIENTED_EDGE('',*,*,#2110,.F.);
#2113=ORIENTED_EDGE('',*,*,#2112,.F.);
#2115=ORIENTED_EDGE('',*,*,#2114,.T.);
#2117=ORIENTED_EDGE('',*,*,#2116,.F.);
#2119=ORIENTED_EDGE('',*,*,#2118,.T.);
#2121=ORIENTED_EDGE('',*,*,#2120,.T.);
#2122=ORIENTED_EDGE('',*,*,#2042,.F.);
#2123=EDGE_LOOP('',(#2096,#2098,#2100,#2102,#2103,#2104,#2105,#2107,#2109,#2111,
#2113,#2115,#2117,#2119,#2121,#2122));
#2124=FACE_OUTER_BOUND('',#2123,.F.);
#2126=CARTESIAN_POINT('',(1.9E0,-9.848475E-1,-4.15E0));
#2127=DIRECTION('',(0.E0,-1.E0,0.E0));
#2128=DIRECTION('',(-1.E0,0.E0,0.E0));
#2129=AXIS2_PLACEMENT_3D('',#2126,#2127,#2128);
#2130=PLANE('',#2129);
#2132=ORIENTED_EDGE('',*,*,#2131,.T.);
#2134=ORIENTED_EDGE('',*,*,#2133,.F.);
#2135=ORIENTED_EDGE('',*,*,#2114,.F.);
#2137=ORIENTED_EDGE('',*,*,#2136,.F.);
#2138=EDGE_LOOP('',(#2132,#2134,#2135,#2137));
#2139=FACE_OUTER_BOUND('',#2138,.F.);
#2141=CARTESIAN_POINT('',(1.9E0,-9.848475E-1,-4.15E0));
#2142=DIRECTION('',(0.E0,-1.E0,0.E0));
#2143=DIRECTION('',(-1.E0,0.E0,0.E0));
#2144=AXIS2_PLACEMENT_3D('',#2141,#2142,#2143);
#2145=PLANE('',#2144);
#2146=ORIENTED_EDGE('',*,*,#2025,.T.);
#2148=ORIENTED_EDGE('',*,*,#2147,.T.);
#2149=ORIENTED_EDGE('',*,*,#2097,.F.);
#2150=ORIENTED_EDGE('',*,*,#2083,.T.);
#2151=EDGE_LOOP('',(#2146,#2148,#2149,#2150));
#2152=FACE_OUTER_BOUND('',#2151,.F.);
#2154=CARTESIAN_POINT('',(1.9E0,0.E0,0.E0));
#2155=DIRECTION('',(1.E0,0.E0,0.E0));
#2156=DIRECTION('',(0.E0,0.E0,1.E0));
#2157=AXIS2_PLACEMENT_3D('',#2154,#2155,#2156);
#2158=PLANE('',#2157);
#2159=ORIENTED_EDGE('',*,*,#2131,.F.);
#2161=ORIENTED_EDGE('',*,*,#2160,.F.);
#2163=ORIENTED_EDGE('',*,*,#2162,.F.);
#2165=ORIENTED_EDGE('',*,*,#2164,.F.);
#2167=ORIENTED_EDGE('',*,*,#2166,.F.);
#2169=ORIENTED_EDGE('',*,*,#2168,.T.);
#2170=EDGE_LOOP('',(#2159,#2161,#2163,#2165,#2167,#2169));
#2171=FACE_OUTER_BOUND('',#2170,.F.);
#2173=CARTESIAN_POINT('',(1.9E0,0.E0,0.E0));
#2174=DIRECTION('',(1.E0,0.E0,0.E0));
#2175=DIRECTION('',(0.E0,0.E0,1.E0));
#2176=AXIS2_PLACEMENT_3D('',#2173,#2174,#2175);
#2177=PLANE('',#2176);
#2179=ORIENTED_EDGE('',*,*,#2178,.T.);
#2181=ORIENTED_EDGE('',*,*,#2180,.T.);
#2183=ORIENTED_EDGE('',*,*,#2182,.F.);
#2184=ORIENTED_EDGE('',*,*,#1984,.F.);
#2186=ORIENTED_EDGE('',*,*,#2185,.F.);
#2188=ORIENTED_EDGE('',*,*,#2187,.F.);
#2189=EDGE_LOOP('',(#2179,#2181,#2183,#2184,#2186,#2188));
#2190=FACE_OUTER_BOUND('',#2189,.F.);
#2192=CARTESIAN_POINT('',(0.E0,-3.802778125E0,-4.15E0));
#2193=DIRECTION('',(0.E0,0.E0,-1.E0));
#2194=DIRECTION('',(0.E0,1.E0,0.E0));
#2195=AXIS2_PLACEMENT_3D('',#2192,#2193,#2194);
#2196=PLANE('',#2195);
#2197=ORIENTED_EDGE('',*,*,#2136,.T.);
#2198=ORIENTED_EDGE('',*,*,#2112,.T.);
#2200=ORIENTED_EDGE('',*,*,#2199,.F.);
#2201=ORIENTED_EDGE('',*,*,#2187,.T.);
#2203=ORIENTED_EDGE('',*,*,#2202,.F.);
#2204=ORIENTED_EDGE('',*,*,#1757,.F.);
#2206=ORIENTED_EDGE('',*,*,#2205,.T.);
#2208=ORIENTED_EDGE('',*,*,#2207,.T.);
#2210=ORIENTED_EDGE('',*,*,#2209,.T.);
#2212=ORIENTED_EDGE('',*,*,#2211,.T.);
#2213=ORIENTED_EDGE('',*,*,#1933,.F.);
#2214=ORIENTED_EDGE('',*,*,#1783,.F.);
#2216=ORIENTED_EDGE('',*,*,#2215,.T.);
#2217=ORIENTED_EDGE('',*,*,#2160,.T.);
#2218=EDGE_LOOP('',(#2197,#2198,#2200,#2201,#2203,#2204,#2206,#2208,#2210,#2212,
#2213,#2214,#2216,#2217));
#2219=FACE_OUTER_BOUND('',#2218,.F.);
#2221=CARTESIAN_POINT('',(5.5E-1,9.848475E-1,-4.15E0));
#2222=DIRECTION('',(0.E0,1.E0,0.E0));
#2223=DIRECTION('',(1.E0,0.E0,0.E0));
#2224=AXIS2_PLACEMENT_3D('',#2221,#2222,#2223);
#2225=PLANE('',#2224);
#2226=ORIENTED_EDGE('',*,*,#2178,.F.);
#2227=ORIENTED_EDGE('',*,*,#2199,.T.);
#2228=ORIENTED_EDGE('',*,*,#2110,.T.);
#2230=ORIENTED_EDGE('',*,*,#2229,.T.);
#2231=EDGE_LOOP('',(#2226,#2227,#2228,#2230));
#2232=FACE_OUTER_BOUND('',#2231,.F.);
#2234=CARTESIAN_POINT('',(5.5E-1,9.848475E-1,-4.15E0));
#2235=DIRECTION('',(0.E0,1.E0,0.E0));
#2236=DIRECTION('',(1.E0,0.E0,0.E0));
#2237=AXIS2_PLACEMENT_3D('',#2234,#2235,#2236);
#2238=PLANE('',#2237);
#2239=ORIENTED_EDGE('',*,*,#2005,.F.);
#2240=ORIENTED_EDGE('',*,*,#2072,.F.);
#2241=ORIENTED_EDGE('',*,*,#2101,.T.);
#2243=ORIENTED_EDGE('',*,*,#2242,.F.);
#2244=EDGE_LOOP('',(#2239,#2240,#2241,#2243));
#2245=FACE_OUTER_BOUND('',#2244,.F.);
#2247=CARTESIAN_POINT('',(1.9E0,0.E0,0.E0));
#2248=DIRECTION('',(1.E0,0.E0,0.E0));
#2249=DIRECTION('',(0.E0,1.E0,0.E0));
#2250=AXIS2_PLACEMENT_3D('',#2247,#2248,#2249);
#2251=CYLINDRICAL_SURFACE('',#2250,4.E0);
#2252=ORIENTED_EDGE('',*,*,#2133,.T.);
#2253=ORIENTED_EDGE('',*,*,#2168,.F.);
#2255=ORIENTED_EDGE('',*,*,#2254,.F.);
#2256=ORIENTED_EDGE('',*,*,#2116,.T.);
#2257=EDGE_LOOP('',(#2252,#2253,#2255,#2256));
#2258=FACE_OUTER_BOUND('',#2257,.F.);
#2260=CARTESIAN_POINT('',(1.9E0,0.E0,0.E0));
#2261=DIRECTION('',(1.E0,0.E0,0.E0));
#2262=DIRECTION('',(0.E0,1.E0,0.E0));
#2263=AXIS2_PLACEMENT_3D('',#2260,#2261,#2262);
#2264=CYLINDRICAL_SURFACE('',#2263,4.E0);
#2265=ORIENTED_EDGE('',*,*,#2229,.F.);
#2266=ORIENTED_EDGE('',*,*,#2108,.T.);
#2268=ORIENTED_EDGE('',*,*,#2267,.T.);
#2269=ORIENTED_EDGE('',*,*,#2180,.F.);
#2270=EDGE_LOOP('',(#2265,#2266,#2268,#2269));
#2271=FACE_OUTER_BOUND('',#2270,.F.);
#2273=CARTESIAN_POINT('',(1.9E0,4.15E0,-9.848475E-1));
#2274=DIRECTION('',(0.E0,0.E0,-1.E0));
#2275=DIRECTION('',(-1.E0,0.E0,0.E0));
#2276=AXIS2_PLACEMENT_3D('',#2273,#2274,#2275);
#2277=PLANE('',#2276);
#2278=ORIENTED_EDGE('',*,*,#2182,.T.);
#2279=ORIENTED_EDGE('',*,*,#2267,.F.);
#2280=ORIENTED_EDGE('',*,*,#2106,.F.);
#2281=ORIENTED_EDGE('',*,*,#1986,.F.);
#2282=EDGE_LOOP('',(#2278,#2279,#2280,#2281));
#2283=FACE_OUTER_BOUND('',#2282,.F.);
#2285=CARTESIAN_POINT('',(1.9E0,4.15E0,-9.848475E-1));
#2286=DIRECTION('',(0.E0,0.E0,-1.E0));
#2287=DIRECTION('',(-1.E0,0.E0,0.E0));
#2288=AXIS2_PLACEMENT_3D('',#2285,#2286,#2287);
#2289=PLANE('',#2288);
#2290=ORIENTED_EDGE('',*,*,#2166,.T.);
#2292=ORIENTED_EDGE('',*,*,#2291,.T.);
#2293=ORIENTED_EDGE('',*,*,#2118,.F.);
#2294=ORIENTED_EDGE('',*,*,#2254,.T.);
#2295=EDGE_LOOP('',(#2290,#2292,#2293,#2294));
#2296=FACE_OUTER_BOUND('',#2295,.F.);
#2298=CARTESIAN_POINT('',(0.E0,-4.15E0,4.15E0));
#2299=DIRECTION('',(0.E0,-1.E0,0.E0));
#2300=DIRECTION('',(0.E0,0.E0,-1.E0));
#2301=AXIS2_PLACEMENT_3D('',#2298,#2299,#2300);
#2302=PLANE('',#2301);
#2303=ORIENTED_EDGE('',*,*,#2019,.T.);
#2304=ORIENTED_EDGE('',*,*,#2044,.T.);
#2305=ORIENTED_EDGE('',*,*,#2120,.F.);
#2306=ORIENTED_EDGE('',*,*,#2291,.F.);
#2307=ORIENTED_EDGE('',*,*,#2164,.T.);
#2309=ORIENTED_EDGE('',*,*,#2308,.F.);
#2310=ORIENTED_EDGE('',*,*,#1779,.T.);
#2311=ORIENTED_EDGE('',*,*,#1963,.T.);
#2312=ORIENTED_EDGE('',*,*,#1868,.F.);
#2313=ORIENTED_EDGE('',*,*,#1817,.F.);
#2314=ORIENTED_EDGE('',*,*,#1737,.T.);
#2316=ORIENTED_EDGE('',*,*,#2315,.T.);
#2317=EDGE_LOOP('',(#2303,#2304,#2305,#2306,#2307,#2309,#2310,#2311,#2312,#2313,
#2314,#2316));
#2318=FACE_OUTER_BOUND('',#2317,.F.);
#2320=CARTESIAN_POINT('',(0.E0,-3.802778125E0,-3.802778125E0));
#2321=DIRECTION('',(1.E0,0.E0,0.E0));
#2322=DIRECTION('',(0.E0,0.E0,1.E0));
#2323=AXIS2_PLACEMENT_3D('',#2320,#2321,#2322);
#2324=CYLINDRICAL_SURFACE('',#2323,3.47221875E-1);
#2325=ORIENTED_EDGE('',*,*,#1781,.F.);
#2326=ORIENTED_EDGE('',*,*,#2308,.T.);
#2327=ORIENTED_EDGE('',*,*,#2162,.T.);
#2328=ORIENTED_EDGE('',*,*,#2215,.F.);
#2329=EDGE_LOOP('',(#2325,#2326,#2327,#2328));
#2330=FACE_OUTER_BOUND('',#2329,.F.);
#2332=CARTESIAN_POINT('',(0.E0,-4.15E0,3.26363725E0));
#2333=DIRECTION('',(0.E0,-7.071067811865E-1,7.071067811865E-1));
#2334=DIRECTION('',(0.E0,7.071067811865E-1,7.071067811865E-1));
#2335=AXIS2_PLACEMENT_3D('',#2332,#2333,#2334);
#2336=PLANE('',#2335);
#2337=ORIENTED_EDGE('',*,*,#2021,.F.);
#2338=ORIENTED_EDGE('',*,*,#2315,.F.);
#2339=ORIENTED_EDGE('',*,*,#1735,.T.);
#2341=ORIENTED_EDGE('',*,*,#2340,.T.);
#2342=EDGE_LOOP('',(#2337,#2338,#2339,#2341));
#2343=FACE_OUTER_BOUND('',#2342,.F.);
#2345=CARTESIAN_POINT('',(0.E0,4.15E0,4.15E0));
#2346=DIRECTION('',(0.E0,0.E0,1.E0));
#2347=DIRECTION('',(0.E0,-1.E0,0.E0));
#2348=AXIS2_PLACEMENT_3D('',#2345,#2346,#2347);
#2349=PLANE('',#2348);
#2350=ORIENTED_EDGE('',*,*,#2007,.T.);
#2351=ORIENTED_EDGE('',*,*,#2242,.T.);
#2352=ORIENTED_EDGE('',*,*,#2099,.T.);
#2353=ORIENTED_EDGE('',*,*,#2147,.F.);
#2354=ORIENTED_EDGE('',*,*,#2023,.T.);
#2355=ORIENTED_EDGE('',*,*,#2340,.F.);
#2356=ORIENTED_EDGE('',*,*,#1733,.F.);
#2358=ORIENTED_EDGE('',*,*,#2357,.T.);
#2360=ORIENTED_EDGE('',*,*,#2359,.T.);
#2362=ORIENTED_EDGE('',*,*,#2361,.F.);
#2364=ORIENTED_EDGE('',*,*,#2363,.T.);
#2365=ORIENTED_EDGE('',*,*,#1835,.F.);
#2366=ORIENTED_EDGE('',*,*,#1711,.F.);
#2368=ORIENTED_EDGE('',*,*,#2367,.T.);
#2369=EDGE_LOOP('',(#2350,#2351,#2352,#2353,#2354,#2355,#2356,#2358,#2360,#2362,
#2364,#2365,#2366,#2368));
#2370=FACE_OUTER_BOUND('',#2369,.F.);
#2372=CARTESIAN_POINT('',(0.E0,-5.5E-1,1.99E0));
#2373=DIRECTION('',(0.E0,-1.E0,0.E0));
#2374=DIRECTION('',(0.E0,0.E0,1.E0));
#2375=AXIS2_PLACEMENT_3D('',#2372,#2373,#2374);
#2376=PLANE('',#2375);
#2377=ORIENTED_EDGE('',*,*,#1865,.F.);
#2379=ORIENTED_EDGE('',*,*,#2378,.T.);
#2381=ORIENTED_EDGE('',*,*,#2380,.T.);
#2382=ORIENTED_EDGE('',*,*,#2357,.F.);
#2383=ORIENTED_EDGE('',*,*,#1731,.T.);
#2384=ORIENTED_EDGE('',*,*,#1821,.T.);
#2385=EDGE_LOOP('',(#2377,#2379,#2381,#2382,#2383,#2384));
#2386=FACE_OUTER_BOUND('',#2385,.F.);
#2388=CARTESIAN_POINT('',(0.E0,-1.E-2,1.99E0));
#2389=DIRECTION('',(-1.E0,0.E0,0.E0));
#2390=DIRECTION('',(0.E0,1.E0,0.E0));
#2391=AXIS2_PLACEMENT_3D('',#2388,#2389,#2390);
#2392=CYLINDRICAL_SURFACE('',#2391,5.4E-1);
#2393=ORIENTED_EDGE('',*,*,#1863,.T.);
#2395=ORIENTED_EDGE('',*,*,#2394,.T.);
#2397=ORIENTED_EDGE('',*,*,#2396,.T.);
#2398=ORIENTED_EDGE('',*,*,#2378,.F.);
#2399=EDGE_LOOP('',(#2393,#2395,#2397,#2398));
#2400=FACE_OUTER_BOUND('',#2399,.F.);
#2402=CARTESIAN_POINT('',(0.E0,1.E-2,1.45E0));
#2403=DIRECTION('',(0.E0,0.E0,-1.E0));
#2404=DIRECTION('',(0.E0,-1.E0,0.E0));
#2405=AXIS2_PLACEMENT_3D('',#2402,#2403,#2404);
#2406=PLANE('',#2405);
#2407=ORIENTED_EDGE('',*,*,#1861,.F.);
#2409=ORIENTED_EDGE('',*,*,#2408,.T.);
#2411=ORIENTED_EDGE('',*,*,#2410,.T.);
#2412=ORIENTED_EDGE('',*,*,#2394,.F.);
#2413=EDGE_LOOP('',(#2407,#2409,#2411,#2412));
#2414=FACE_OUTER_BOUND('',#2413,.F.);
#2416=CARTESIAN_POINT('',(0.E0,1.E-2,1.99E0));
#2417=DIRECTION('',(-1.E0,0.E0,0.E0));
#2418=DIRECTION('',(0.E0,1.E0,0.E0));
#2419=AXIS2_PLACEMENT_3D('',#2416,#2417,#2418);
#2420=CYLINDRICAL_SURFACE('',#2419,5.4E-1);
#2421=ORIENTED_EDGE('',*,*,#1859,.T.);
#2422=ORIENTED_EDGE('',*,*,#1839,.T.);
#2424=ORIENTED_EDGE('',*,*,#2423,.T.);
#2425=ORIENTED_EDGE('',*,*,#2408,.F.);
#2426=EDGE_LOOP('',(#2421,#2422,#2424,#2425));
#2427=FACE_OUTER_BOUND('',#2426,.F.);
#2429=CARTESIAN_POINT('',(2.E-1,0.E0,0.E0));
#2430=DIRECTION('',(-1.E0,0.E0,0.E0));
#2431=DIRECTION('',(0.E0,1.E0,0.E0));
#2432=AXIS2_PLACEMENT_3D('',#2429,#2430,#2431);
#2433=PLANE('',#2432);
#2434=ORIENTED_EDGE('',*,*,#2423,.F.);
#2435=ORIENTED_EDGE('',*,*,#1837,.F.);
#2436=ORIENTED_EDGE('',*,*,#2363,.F.);
#2438=ORIENTED_EDGE('',*,*,#2437,.T.);
#2440=ORIENTED_EDGE('',*,*,#2439,.T.);
#2442=ORIENTED_EDGE('',*,*,#2441,.F.);
#2443=ORIENTED_EDGE('',*,*,#2359,.F.);
#2444=ORIENTED_EDGE('',*,*,#2380,.F.);
#2445=ORIENTED_EDGE('',*,*,#2396,.F.);
#2446=ORIENTED_EDGE('',*,*,#2410,.F.);
#2447=EDGE_LOOP('',(#2434,#2435,#2436,#2438,#2440,#2442,#2443,#2444,#2445,
#2446));
#2448=FACE_OUTER_BOUND('',#2447,.F.);
#2450=CARTESIAN_POINT('',(2.E-1,4.5E-1,4.15E0));
#2451=DIRECTION('',(0.E0,1.E0,0.E0));
#2452=DIRECTION('',(0.E0,0.E0,-1.E0));
#2453=AXIS2_PLACEMENT_3D('',#2450,#2451,#2452);
#2454=PLANE('',#2453);
#2456=ORIENTED_EDGE('',*,*,#2455,.F.);
#2458=ORIENTED_EDGE('',*,*,#2457,.T.);
#2459=ORIENTED_EDGE('',*,*,#2437,.F.);
#2461=ORIENTED_EDGE('',*,*,#2460,.F.);
#2463=ORIENTED_EDGE('',*,*,#2462,.T.);
#2465=ORIENTED_EDGE('',*,*,#2464,.T.);
#2466=EDGE_LOOP('',(#2456,#2458,#2459,#2461,#2463,#2465));
#2467=FACE_OUTER_BOUND('',#2466,.F.);
#2469=FILL_AREA_STYLE_COLOUR('',#25);
#2470=FILL_AREA_STYLE('',(#2469));
#2471=SURFACE_STYLE_FILL_AREA(#2470);
#2472=SURFACE_SIDE_STYLE('',(#2471));
#2473=SURFACE_STYLE_USAGE(.POSITIVE.,#2472);
#2474=FILL_AREA_STYLE_COLOUR('',#23);
#2475=FILL_AREA_STYLE('',(#2474));
#2476=SURFACE_STYLE_FILL_AREA(#2475);
#2477=SURFACE_SIDE_STYLE('',(#2476));
#2478=SURFACE_STYLE_USAGE(.NEGATIVE.,#2477);
#2479=PRESENTATION_STYLE_ASSIGNMENT((#2473,#2478));
#2480=OVER_RIDING_STYLED_ITEM('',(#2479),#2468,#26);
#2481=CARTESIAN_POINT('',(-1.E-1,4.5E-1,4.15E0));
#2482=DIRECTION('',(9.983399416756E-1,0.E0,5.759653509667E-2));
#2483=DIRECTION('',(5.759653509667E-2,0.E0,-9.983399416756E-1));
#2484=AXIS2_PLACEMENT_3D('',#2481,#2482,#2483);
#2485=PLANE('',#2484);
#2486=ORIENTED_EDGE('',*,*,#2455,.T.);
#2488=ORIENTED_EDGE('',*,*,#2487,.T.);
#2490=ORIENTED_EDGE('',*,*,#2489,.F.);
#2492=ORIENTED_EDGE('',*,*,#2491,.F.);
#2493=EDGE_LOOP('',(#2486,#2488,#2490,#2492));
#2494=FACE_OUTER_BOUND('',#2493,.F.);
#2496=FILL_AREA_STYLE_COLOUR('',#25);
#2497=FILL_AREA_STYLE('',(#2496));
#2498=SURFACE_STYLE_FILL_AREA(#2497);
#2499=SURFACE_SIDE_STYLE('',(#2498));
#2500=SURFACE_STYLE_USAGE(.POSITIVE.,#2499);
#2501=FILL_AREA_STYLE_COLOUR('',#23);
#2502=FILL_AREA_STYLE('',(#2501));
#2503=SURFACE_STYLE_FILL_AREA(#2502);
#2504=SURFACE_SIDE_STYLE('',(#2503));
#2505=SURFACE_STYLE_USAGE(.NEGATIVE.,#2504);
#2506=PRESENTATION_STYLE_ASSIGNMENT((#2500,#2505));
#2507=OVER_RIDING_STYLED_ITEM('',(#2506),#2495,#26);
#2508=CARTESIAN_POINT('',(-1.E-1,0.E0,0.E0));
#2509=DIRECTION('',(-1.E0,0.E0,0.E0));
#2510=DIRECTION('',(0.E0,0.E0,-1.E0));
#2511=AXIS2_PLACEMENT_3D('',#2508,#2509,#2510);
#2512=PLANE('',#2511);
#2513=ORIENTED_EDGE('',*,*,#2487,.F.);
#2514=ORIENTED_EDGE('',*,*,#2464,.F.);
#2516=ORIENTED_EDGE('',*,*,#2515,.F.);
#2518=ORIENTED_EDGE('',*,*,#2517,.F.);
#2519=EDGE_LOOP('',(#2513,#2514,#2516,#2518));
#2520=FACE_OUTER_BOUND('',#2519,.F.);
#2522=FILL_AREA_STYLE_COLOUR('',#25);
#2523=FILL_AREA_STYLE('',(#2522));
#2524=SURFACE_STYLE_FILL_AREA(#2523);
#2525=SURFACE_SIDE_STYLE('',(#2524));
#2526=SURFACE_STYLE_USAGE(.POSITIVE.,#2525);
#2527=FILL_AREA_STYLE_COLOUR('',#23);
#2528=FILL_AREA_STYLE('',(#2527));
#2529=SURFACE_STYLE_FILL_AREA(#2528);
#2530=SURFACE_SIDE_STYLE('',(#2529));
#2531=SURFACE_STYLE_USAGE(.NEGATIVE.,#2530);
#2532=PRESENTATION_STYLE_ASSIGNMENT((#2526,#2531));
#2533=OVER_RIDING_STYLED_ITEM('',(#2532),#2521,#26);
#2534=CARTESIAN_POINT('',(2.E-1,-4.5E-1,4.55E0));
#2535=DIRECTION('',(0.E0,0.E0,1.E0));
#2536=DIRECTION('',(0.E0,1.E0,0.E0));
#2537=AXIS2_PLACEMENT_3D('',#2534,#2535,#2536);
#2538=PLANE('',#2537);
#2540=ORIENTED_EDGE('',*,*,#2539,.F.);
#2542=ORIENTED_EDGE('',*,*,#2541,.T.);
#2543=ORIENTED_EDGE('',*,*,#2515,.T.);
#2544=ORIENTED_EDGE('',*,*,#2462,.F.);
#2545=EDGE_LOOP('',(#2540,#2542,#2543,#2544));
#2546=FACE_OUTER_BOUND('',#2545,.F.);
#2548=FILL_AREA_STYLE_COLOUR('',#25);
#2549=FILL_AREA_STYLE('',(#2548));
#2550=SURFACE_STYLE_FILL_AREA(#2549);
#2551=SURFACE_SIDE_STYLE('',(#2550));
#2552=SURFACE_STYLE_USAGE(.POSITIVE.,#2551);
#2553=FILL_AREA_STYLE_COLOUR('',#23);
#2554=FILL_AREA_STYLE('',(#2553));
#2555=SURFACE_STYLE_FILL_AREA(#2554);
#2556=SURFACE_SIDE_STYLE('',(#2555));
#2557=SURFACE_STYLE_USAGE(.NEGATIVE.,#2556);
#2558=PRESENTATION_STYLE_ASSIGNMENT((#2552,#2557));
#2559=OVER_RIDING_STYLED_ITEM('',(#2558),#2547,#26);
#2560=CARTESIAN_POINT('',(2.E-1,0.E0,0.E0));
#2561=DIRECTION('',(-1.E0,0.E0,0.E0));
#2562=DIRECTION('',(0.E0,0.E0,-1.E0));
#2563=AXIS2_PLACEMENT_3D('',#2560,#2561,#2562);
#2564=PLANE('',#2563);
#2565=ORIENTED_EDGE('',*,*,#2361,.T.);
#2567=ORIENTED_EDGE('',*,*,#2566,.T.);
#2568=ORIENTED_EDGE('',*,*,#2539,.T.);
#2569=ORIENTED_EDGE('',*,*,#2460,.T.);
#2570=EDGE_LOOP('',(#2565,#2567,#2568,#2569));
#2571=FACE_OUTER_BOUND('',#2570,.F.);
#2573=FILL_AREA_STYLE_COLOUR('',#25);
#2574=FILL_AREA_STYLE('',(#2573));
#2575=SURFACE_STYLE_FILL_AREA(#2574);
#2576=SURFACE_SIDE_STYLE('',(#2575));
#2577=SURFACE_STYLE_USAGE(.POSITIVE.,#2576);
#2578=FILL_AREA_STYLE_COLOUR('',#23);
#2579=FILL_AREA_STYLE('',(#2578));
#2580=SURFACE_STYLE_FILL_AREA(#2579);
#2581=SURFACE_SIDE_STYLE('',(#2580));
#2582=SURFACE_STYLE_USAGE(.NEGATIVE.,#2581);
#2583=PRESENTATION_STYLE_ASSIGNMENT((#2577,#2582));
#2584=OVER_RIDING_STYLED_ITEM('',(#2583),#2572,#26);
#2585=CARTESIAN_POINT('',(2.E-1,-4.5E-1,1.55E0));
#2586=DIRECTION('',(0.E0,-1.E0,0.E0));
#2587=DIRECTION('',(0.E0,0.E0,1.E0));
#2588=AXIS2_PLACEMENT_3D('',#2585,#2586,#2587);
#2589=PLANE('',#2588);
#2590=ORIENTED_EDGE('',*,*,#2489,.T.);
#2591=ORIENTED_EDGE('',*,*,#2517,.T.);
#2592=ORIENTED_EDGE('',*,*,#2541,.F.);
#2593=ORIENTED_EDGE('',*,*,#2566,.F.);
#2594=ORIENTED_EDGE('',*,*,#2441,.T.);
#2596=ORIENTED_EDGE('',*,*,#2595,.T.);
#2597=EDGE_LOOP('',(#2590,#2591,#2592,#2593,#2594,#2596));
#2598=FACE_OUTER_BOUND('',#2597,.F.);
#2600=FILL_AREA_STYLE_COLOUR('',#25);
#2601=FILL_AREA_STYLE('',(#2600));
#2602=SURFACE_STYLE_FILL_AREA(#2601);
#2603=SURFACE_SIDE_STYLE('',(#2602));
#2604=SURFACE_STYLE_USAGE(.POSITIVE.,#2603);
#2605=FILL_AREA_STYLE_COLOUR('',#23);
#2606=FILL_AREA_STYLE('',(#2605));
#2607=SURFACE_STYLE_FILL_AREA(#2606);
#2608=SURFACE_SIDE_STYLE('',(#2607));
#2609=SURFACE_STYLE_USAGE(.NEGATIVE.,#2608);
#2610=PRESENTATION_STYLE_ASSIGNMENT((#2604,#2609));
#2611=OVER_RIDING_STYLED_ITEM('',(#2610),#2599,#26);
#2612=CARTESIAN_POINT('',(4.5072E0,0.E0,2.E0));
#2613=DIRECTION('',(-1.E0,0.E0,0.E0));
#2614=DIRECTION('',(0.E0,0.E0,-1.E0));
#2615=AXIS2_PLACEMENT_3D('',#2612,#2613,#2614);
#2616=CYLINDRICAL_SURFACE('',#2615,4.5E-1);
#2617=ORIENTED_EDGE('',*,*,#2491,.T.);
#2618=ORIENTED_EDGE('',*,*,#2595,.F.);
#2619=ORIENTED_EDGE('',*,*,#2439,.F.);
#2620=ORIENTED_EDGE('',*,*,#2457,.F.);
#2621=EDGE_LOOP('',(#2617,#2618,#2619,#2620));
#2622=FACE_OUTER_BOUND('',#2621,.F.);
#2624=FILL_AREA_STYLE_COLOUR('',#25);
#2625=FILL_AREA_STYLE('',(#2624));
#2626=SURFACE_STYLE_FILL_AREA(#2625);
#2627=SURFACE_SIDE_STYLE('',(#2626));
#2628=SURFACE_STYLE_USAGE(.POSITIVE.,#2627);
#2629=FILL_AREA_STYLE_COLOUR('',#23);
#2630=FILL_AREA_STYLE('',(#2629));
#2631=SURFACE_STYLE_FILL_AREA(#2630);
#2632=SURFACE_SIDE_STYLE('',(#2631));
#2633=SURFACE_STYLE_USAGE(.NEGATIVE.,#2632);
#2634=PRESENTATION_STYLE_ASSIGNMENT((#2628,#2633));
#2635=OVER_RIDING_STYLED_ITEM('',(#2634),#2623,#26);
#2636=CARTESIAN_POINT('',(0.E0,4.15E0,3.26363725E0));
#2637=DIRECTION('',(0.E0,-7.071067811865E-1,-7.071067811865E-1));
#2638=DIRECTION('',(0.E0,-7.071067811865E-1,7.071067811865E-1));
#2639=AXIS2_PLACEMENT_3D('',#2636,#2637,#2638);
#2640=PLANE('',#2639);
#2641=ORIENTED_EDGE('',*,*,#2009,.T.);
#2642=ORIENTED_EDGE('',*,*,#2367,.F.);
#2643=ORIENTED_EDGE('',*,*,#1709,.F.);
#2644=ORIENTED_EDGE('',*,*,#1975,.T.);
#2645=EDGE_LOOP('',(#2641,#2642,#2643,#2644));
#2646=FACE_OUTER_BOUND('',#2645,.F.);
#2648=CARTESIAN_POINT('',(0.E0,3.802778125E0,-3.802778125E0));
#2649=DIRECTION('',(1.E0,0.E0,0.E0));
#2650=DIRECTION('',(0.E0,0.E0,1.E0));
#2651=AXIS2_PLACEMENT_3D('',#2648,#2649,#2650);
#2652=CYLINDRICAL_SURFACE('',#2651,3.47221875E-1);
#2653=ORIENTED_EDGE('',*,*,#1759,.F.);
#2654=ORIENTED_EDGE('',*,*,#2202,.T.);
#2655=ORIENTED_EDGE('',*,*,#2185,.T.);
#2656=ORIENTED_EDGE('',*,*,#1982,.F.);
#2657=EDGE_LOOP('',(#2653,#2654,#2655,#2656));
#2658=FACE_OUTER_BOUND('',#2657,.F.);
#2660=CARTESIAN_POINT('',(0.E0,5.5E-1,-4.047184063734E0));
#2661=DIRECTION('',(0.E0,-1.E0,0.E0));
#2662=DIRECTION('',(0.E0,0.E0,1.E0));
#2663=AXIS2_PLACEMENT_3D('',#2660,#2661,#2662);
#2664=PLANE('',#2663);
#2665=ORIENTED_EDGE('',*,*,#1851,.F.);
#2666=ORIENTED_EDGE('',*,*,#1891,.T.);
#2668=ORIENTED_EDGE('',*,*,#2667,.T.);
#2669=ORIENTED_EDGE('',*,*,#2205,.F.);
#2670=ORIENTED_EDGE('',*,*,#1755,.T.);
#2671=ORIENTED_EDGE('',*,*,#1950,.T.);
#2672=EDGE_LOOP('',(#2665,#2666,#2668,#2669,#2670,#2671));
#2673=FACE_OUTER_BOUND('',#2672,.F.);
#2675=CARTESIAN_POINT('',(2.E-1,0.E0,0.E0));
#2676=DIRECTION('',(1.E0,0.E0,0.E0));
#2677=DIRECTION('',(0.E0,1.E0,0.E0));
#2678=AXIS2_PLACEMENT_3D('',#2675,#2676,#2677);
#2679=PLANE('',#2678);
#2680=ORIENTED_EDGE('',*,*,#1889,.F.);
#2681=ORIENTED_EDGE('',*,*,#1904,.T.);
#2682=ORIENTED_EDGE('',*,*,#1918,.F.);
#2683=ORIENTED_EDGE('',*,*,#1935,.F.);
#2684=ORIENTED_EDGE('',*,*,#2211,.F.);
#2686=ORIENTED_EDGE('',*,*,#2685,.T.);
#2688=ORIENTED_EDGE('',*,*,#2687,.T.);
#2690=ORIENTED_EDGE('',*,*,#2689,.F.);
#2691=ORIENTED_EDGE('',*,*,#2207,.F.);
#2692=ORIENTED_EDGE('',*,*,#2667,.F.);
#2693=EDGE_LOOP('',(#2680,#2681,#2682,#2683,#2684,#2686,#2688,#2690,#2691,
#2692));
#2694=FACE_OUTER_BOUND('',#2693,.F.);
#2696=CARTESIAN_POINT('',(2.E-1,-4.5E-1,-1.55E0));
#2697=DIRECTION('',(0.E0,1.E0,0.E0));
#2698=DIRECTION('',(0.E0,0.E0,-1.E0));
#2699=AXIS2_PLACEMENT_3D('',#2696,#2697,#2698);
#2700=PLANE('',#2699);
#2702=ORIENTED_EDGE('',*,*,#2701,.F.);
#2704=ORIENTED_EDGE('',*,*,#2703,.T.);
#2705=ORIENTED_EDGE('',*,*,#2685,.F.);
#2707=ORIENTED_EDGE('',*,*,#2706,.T.);
#2709=ORIENTED_EDGE('',*,*,#2708,.T.);
#2711=ORIENTED_EDGE('',*,*,#2710,.T.);
#2712=EDGE_LOOP('',(#2702,#2704,#2705,#2707,#2709,#2711));
#2713=FACE_OUTER_BOUND('',#2712,.F.);
#2715=FILL_AREA_STYLE_COLOUR('',#25);
#2716=FILL_AREA_STYLE('',(#2715));
#2717=SURFACE_STYLE_FILL_AREA(#2716);
#2718=SURFACE_SIDE_STYLE('',(#2717));
#2719=SURFACE_STYLE_USAGE(.POSITIVE.,#2718);
#2720=FILL_AREA_STYLE_COLOUR('',#23);
#2721=FILL_AREA_STYLE('',(#2720));
#2722=SURFACE_STYLE_FILL_AREA(#2721);
#2723=SURFACE_SIDE_STYLE('',(#2722));
#2724=SURFACE_STYLE_USAGE(.NEGATIVE.,#2723);
#2725=PRESENTATION_STYLE_ASSIGNMENT((#2719,#2724));
#2726=OVER_RIDING_STYLED_ITEM('',(#2725),#2714,#26);
#2727=CARTESIAN_POINT('',(-1.E-1,4.5E-1,-4.15E0));
#2728=DIRECTION('',(-9.983399416756E-1,0.E0,5.759653509667E-2));
#2729=DIRECTION('',(5.759653509667E-2,0.E0,9.983399416756E-1));
#2730=AXIS2_PLACEMENT_3D('',#2727,#2728,#2729);
#2731=PLANE('',#2730);
#2733=ORIENTED_EDGE('',*,*,#2732,.F.);
#2735=ORIENTED_EDGE('',*,*,#2734,.T.);
#2736=ORIENTED_EDGE('',*,*,#2701,.T.);
#2738=ORIENTED_EDGE('',*,*,#2737,.F.);
#2739=EDGE_LOOP('',(#2733,#2735,#2736,#2738));
#2740=FACE_OUTER_BOUND('',#2739,.F.);
#2742=FILL_AREA_STYLE_COLOUR('',#25);
#2743=FILL_AREA_STYLE('',(#2742));
#2744=SURFACE_STYLE_FILL_AREA(#2743);
#2745=SURFACE_SIDE_STYLE('',(#2744));
#2746=SURFACE_STYLE_USAGE(.POSITIVE.,#2745);
#2747=FILL_AREA_STYLE_COLOUR('',#23);
#2748=FILL_AREA_STYLE('',(#2747));
#2749=SURFACE_STYLE_FILL_AREA(#2748);
#2750=SURFACE_SIDE_STYLE('',(#2749));
#2751=SURFACE_STYLE_USAGE(.NEGATIVE.,#2750);
#2752=PRESENTATION_STYLE_ASSIGNMENT((#2746,#2751));
#2753=OVER_RIDING_STYLED_ITEM('',(#2752),#2741,#26);
#2754=CARTESIAN_POINT('',(2.E-1,4.5E-1,-4.15E0));
#2755=DIRECTION('',(0.E0,-1.E0,0.E0));
#2756=DIRECTION('',(0.E0,0.E0,1.E0));
#2757=AXIS2_PLACEMENT_3D('',#2754,#2755,#2756);
#2758=PLANE('',#2757);
#2759=ORIENTED_EDGE('',*,*,#2732,.T.);
#2761=ORIENTED_EDGE('',*,*,#2760,.T.);
#2763=ORIENTED_EDGE('',*,*,#2762,.F.);
#2765=ORIENTED_EDGE('',*,*,#2764,.T.);
#2766=ORIENTED_EDGE('',*,*,#2689,.T.);
#2768=ORIENTED_EDGE('',*,*,#2767,.T.);
#2769=EDGE_LOOP('',(#2759,#2761,#2763,#2765,#2766,#2768));
#2770=FACE_OUTER_BOUND('',#2769,.F.);
#2772=FILL_AREA_STYLE_COLOUR('',#25);
#2773=FILL_AREA_STYLE('',(#2772));
#2774=SURFACE_STYLE_FILL_AREA(#2773);
#2775=SURFACE_SIDE_STYLE('',(#2774));
#2776=SURFACE_STYLE_USAGE(.POSITIVE.,#2775);
#2777=FILL_AREA_STYLE_COLOUR('',#23);
#2778=FILL_AREA_STYLE('',(#2777));
#2779=SURFACE_STYLE_FILL_AREA(#2778);
#2780=SURFACE_SIDE_STYLE('',(#2779));
#2781=SURFACE_STYLE_USAGE(.NEGATIVE.,#2780);
#2782=PRESENTATION_STYLE_ASSIGNMENT((#2776,#2781));
#2783=OVER_RIDING_STYLED_ITEM('',(#2782),#2771,#26);
#2784=CARTESIAN_POINT('',(-1.E-1,0.E0,0.E0));
#2785=DIRECTION('',(1.E0,0.E0,0.E0));
#2786=DIRECTION('',(0.E0,0.E0,1.E0));
#2787=AXIS2_PLACEMENT_3D('',#2784,#2785,#2786);
#2788=PLANE('',#2787);
#2789=ORIENTED_EDGE('',*,*,#2737,.T.);
#2790=ORIENTED_EDGE('',*,*,#2710,.F.);
#2792=ORIENTED_EDGE('',*,*,#2791,.T.);
#2793=ORIENTED_EDGE('',*,*,#2760,.F.);
#2794=EDGE_LOOP('',(#2789,#2790,#2792,#2793));
#2795=FACE_OUTER_BOUND('',#2794,.F.);
#2797=FILL_AREA_STYLE_COLOUR('',#25);
#2798=FILL_AREA_STYLE('',(#2797));
#2799=SURFACE_STYLE_FILL_AREA(#2798);
#2800=SURFACE_SIDE_STYLE('',(#2799));
#2801=SURFACE_STYLE_USAGE(.POSITIVE.,#2800);
#2802=FILL_AREA_STYLE_COLOUR('',#23);
#2803=FILL_AREA_STYLE('',(#2802));
#2804=SURFACE_STYLE_FILL_AREA(#2803);
#2805=SURFACE_SIDE_STYLE('',(#2804));
#2806=SURFACE_STYLE_USAGE(.NEGATIVE.,#2805);
#2807=PRESENTATION_STYLE_ASSIGNMENT((#2801,#2806));
#2808=OVER_RIDING_STYLED_ITEM('',(#2807),#2796,#26);
#2809=CARTESIAN_POINT('',(2.E-1,-4.5E-1,-4.55E0));
#2810=DIRECTION('',(0.E0,0.E0,1.E0));
#2811=DIRECTION('',(0.E0,1.E0,0.E0));
#2812=AXIS2_PLACEMENT_3D('',#2809,#2810,#2811);
#2813=PLANE('',#2812);
#2815=ORIENTED_EDGE('',*,*,#2814,.T.);
#2816=ORIENTED_EDGE('',*,*,#2762,.T.);
#2817=ORIENTED_EDGE('',*,*,#2791,.F.);
#2818=ORIENTED_EDGE('',*,*,#2708,.F.);
#2819=EDGE_LOOP('',(#2815,#2816,#2817,#2818));
#2820=FACE_OUTER_BOUND('',#2819,.F.);
#2822=FILL_AREA_STYLE_COLOUR('',#25);
#2823=FILL_AREA_STYLE('',(#2822));
#2824=SURFACE_STYLE_FILL_AREA(#2823);
#2825=SURFACE_SIDE_STYLE('',(#2824));
#2826=SURFACE_STYLE_USAGE(.POSITIVE.,#2825);
#2827=FILL_AREA_STYLE_COLOUR('',#23);
#2828=FILL_AREA_STYLE('',(#2827));
#2829=SURFACE_STYLE_FILL_AREA(#2828);
#2830=SURFACE_SIDE_STYLE('',(#2829));
#2831=SURFACE_STYLE_USAGE(.NEGATIVE.,#2830);
#2832=PRESENTATION_STYLE_ASSIGNMENT((#2826,#2831));
#2833=OVER_RIDING_STYLED_ITEM('',(#2832),#2821,#26);
#2834=CARTESIAN_POINT('',(2.E-1,0.E0,0.E0));
#2835=DIRECTION('',(1.E0,0.E0,0.E0));
#2836=DIRECTION('',(0.E0,0.E0,1.E0));
#2837=AXIS2_PLACEMENT_3D('',#2834,#2835,#2836);
#2838=PLANE('',#2837);
#2839=ORIENTED_EDGE('',*,*,#2209,.F.);
#2840=ORIENTED_EDGE('',*,*,#2764,.F.);
#2841=ORIENTED_EDGE('',*,*,#2814,.F.);
#2842=ORIENTED_EDGE('',*,*,#2706,.F.);
#2843=EDGE_LOOP('',(#2839,#2840,#2841,#2842));
#2844=FACE_OUTER_BOUND('',#2843,.F.);
#2846=FILL_AREA_STYLE_COLOUR('',#24);
#2847=FILL_AREA_STYLE('',(#2846));
#2848=SURFACE_STYLE_FILL_AREA(#2847);
#2849=SURFACE_SIDE_STYLE('',(#2848));
#2850=SURFACE_STYLE_USAGE(.POSITIVE.,#2849);
#2851=FILL_AREA_STYLE_COLOUR('',#23);
#2852=FILL_AREA_STYLE('',(#2851));
#2853=SURFACE_STYLE_FILL_AREA(#2852);
#2854=SURFACE_SIDE_STYLE('',(#2853));
#2855=SURFACE_STYLE_USAGE(.NEGATIVE.,#2854);
#2856=PRESENTATION_STYLE_ASSIGNMENT((#2850,#2855));
#2857=OVER_RIDING_STYLED_ITEM('',(#2856),#2845,#26);
#2858=CARTESIAN_POINT('',(-2.7072E0,0.E0,-2.E0));
#2859=DIRECTION('',(1.E0,0.E0,0.E0));
#2860=DIRECTION('',(0.E0,0.E0,1.E0));
#2861=AXIS2_PLACEMENT_3D('',#2858,#2859,#2860);
#2862=CYLINDRICAL_SURFACE('',#2861,4.5E-1);
#2863=ORIENTED_EDGE('',*,*,#2734,.F.);
#2864=ORIENTED_EDGE('',*,*,#2767,.F.);
#2865=ORIENTED_EDGE('',*,*,#2687,.F.);
#2866=ORIENTED_EDGE('',*,*,#2703,.F.);
#2867=EDGE_LOOP('',(#2863,#2864,#2865,#2866));
#2868=FACE_OUTER_BOUND('',#2867,.F.);
#2870=FILL_AREA_STYLE_COLOUR('',#25);
#2871=FILL_AREA_STYLE('',(#2870));
#2872=SURFACE_STYLE_FILL_AREA(#2871);
#2873=SURFACE_SIDE_STYLE('',(#2872));
#2874=SURFACE_STYLE_USAGE(.POSITIVE.,#2873);
#2875=FILL_AREA_STYLE_COLOUR('',#23);
#2876=FILL_AREA_STYLE('',(#2875));
#2877=SURFACE_STYLE_FILL_AREA(#2876);
#2878=SURFACE_SIDE_STYLE('',(#2877));
#2879=SURFACE_STYLE_USAGE(.NEGATIVE.,#2878);
#2880=PRESENTATION_STYLE_ASSIGNMENT((#2874,#2879));
#2881=OVER_RIDING_STYLED_ITEM('',(#2880),#2869,#26);
#2882=CARTESIAN_POINT('',(0.E0,-2.412876375E0,2.437497562500E0));
#2883=DIRECTION('',(-1.E0,0.E0,0.E0));
#2884=DIRECTION('',(0.E0,0.E0,-1.E0));
#2885=AXIS2_PLACEMENT_3D('',#2882,#2883,#2884);
#2886=CYLINDRICAL_SURFACE('',#2885,1.533336648480E-1);
#2887=ORIENTED_EDGE('',*,*,#1741,.F.);
#2889=ORIENTED_EDGE('',*,*,#2888,.T.);
#2891=ORIENTED_EDGE('',*,*,#2890,.T.);
#2893=ORIENTED_EDGE('',*,*,#2892,.F.);
#2894=EDGE_LOOP('',(#2887,#2889,#2891,#2893));
#2895=FACE_OUTER_BOUND('',#2894,.F.);
#2897=CARTESIAN_POINT('',(0.E0,-2.412876375E0,2.437497562500E0));
#2898=DIRECTION('',(-1.E0,0.E0,0.E0));
#2899=DIRECTION('',(0.E0,0.E0,-1.E0));
#2900=AXIS2_PLACEMENT_3D('',#2897,#2898,#2899);
#2901=CYLINDRICAL_SURFACE('',#2900,1.533336648480E-1);
#2902=ORIENTED_EDGE('',*,*,#1743,.F.);
#2903=ORIENTED_EDGE('',*,*,#2892,.T.);
#2905=ORIENTED_EDGE('',*,*,#2904,.T.);
#2906=ORIENTED_EDGE('',*,*,#2888,.F.);
#2907=EDGE_LOOP('',(#2902,#2903,#2905,#2906));
#2908=FACE_OUTER_BOUND('',#2907,.F.);
#2910=CARTESIAN_POINT('',(-1.916670810600E-2,0.E0,0.E0));
#2911=DIRECTION('',(-1.E0,0.E0,0.E0));
#2912=DIRECTION('',(0.E0,0.E0,-1.E0));
#2913=AXIS2_PLACEMENT_3D('',#2910,#2911,#2912);
#2914=PLANE('',#2913);
#2915=ORIENTED_EDGE('',*,*,#2890,.F.);
#2916=ORIENTED_EDGE('',*,*,#2904,.F.);
#2917=EDGE_LOOP('',(#2915,#2916));
#2918=FACE_OUTER_BOUND('',#2917,.F.);
#2920=CARTESIAN_POINT('',(-1.916670810600E-2,0.E0,0.E0));
#2921=DIRECTION('',(-1.E0,0.E0,0.E0));
#2922=DIRECTION('',(0.E0,0.E0,-1.E0));
#2923=AXIS2_PLACEMENT_3D('',#2920,#2921,#2922);
#2924=PLANE('',#2923);
#2926=ORIENTED_EDGE('',*,*,#2925,.F.);
#2928=ORIENTED_EDGE('',*,*,#2927,.F.);
#2929=EDGE_LOOP('',(#2926,#2928));
#2930=FACE_OUTER_BOUND('',#2929,.F.);
#2932=CARTESIAN_POINT('',(-1.916670810600E-2,0.E0,0.E0));
#2933=DIRECTION('',(-1.E0,0.E0,0.E0));
#2934=DIRECTION('',(0.E0,0.E0,-1.E0));
#2935=AXIS2_PLACEMENT_3D('',#2932,#2933,#2934);
#2936=PLANE('',#2935);
#2938=ORIENTED_EDGE('',*,*,#2937,.F.);
#2940=ORIENTED_EDGE('',*,*,#2939,.F.);
#2941=EDGE_LOOP('',(#2938,#2940));
#2942=FACE_OUTER_BOUND('',#2941,.F.);
#2944=CARTESIAN_POINT('',(-1.916670810600E-2,0.E0,0.E0));
#2945=DIRECTION('',(-1.E0,0.E0,0.E0));
#2946=DIRECTION('',(0.E0,0.E0,-1.E0));
#2947=AXIS2_PLACEMENT_3D('',#2944,#2945,#2946);
#2948=PLANE('',#2947);
#2950=ORIENTED_EDGE('',*,*,#2949,.F.);
#2952=ORIENTED_EDGE('',*,*,#2951,.F.);
#2953=EDGE_LOOP('',(#2950,#2952));
#2954=FACE_OUTER_BOUND('',#2953,.F.);
#2956=CARTESIAN_POINT('',(0.E0,-2.412876375E0,-2.437497562500E0));
#2957=DIRECTION('',(-1.E0,0.E0,0.E0));
#2958=DIRECTION('',(0.E0,0.E0,-1.E0));
#2959=AXIS2_PLACEMENT_3D('',#2956,#2957,#2958);
#2960=CYLINDRICAL_SURFACE('',#2959,1.533336648480E-1);
#2961=ORIENTED_EDGE('',*,*,#1789,.F.);
#2963=ORIENTED_EDGE('',*,*,#2962,.T.);
#2964=ORIENTED_EDGE('',*,*,#2925,.T.);
#2966=ORIENTED_EDGE('',*,*,#2965,.F.);
#2967=EDGE_LOOP('',(#2961,#2963,#2964,#2966));
#2968=FACE_OUTER_BOUND('',#2967,.F.);
#2970=CARTESIAN_POINT('',(0.E0,-2.412876375E0,-2.437497562500E0));
#2971=DIRECTION('',(-1.E0,0.E0,0.E0));
#2972=DIRECTION('',(0.E0,0.E0,-1.E0));
#2973=AXIS2_PLACEMENT_3D('',#2970,#2971,#2972);
#2974=CYLINDRICAL_SURFACE('',#2973,1.533336648480E-1);
#2975=ORIENTED_EDGE('',*,*,#1791,.F.);
#2976=ORIENTED_EDGE('',*,*,#2965,.T.);
#2977=ORIENTED_EDGE('',*,*,#2927,.T.);
#2978=ORIENTED_EDGE('',*,*,#2962,.F.);
#2979=EDGE_LOOP('',(#2975,#2976,#2977,#2978));
#2980=FACE_OUTER_BOUND('',#2979,.F.);
#2982=CARTESIAN_POINT('',(0.E0,2.412876375E0,-2.437497562500E0));
#2983=DIRECTION('',(-1.E0,0.E0,0.E0));
#2984=DIRECTION('',(0.E0,0.E0,-1.E0));
#2985=AXIS2_PLACEMENT_3D('',#2982,#2983,#2984);
#2986=CYLINDRICAL_SURFACE('',#2985,1.533336648480E-1);
#2987=ORIENTED_EDGE('',*,*,#1765,.F.);
#2989=ORIENTED_EDGE('',*,*,#2988,.T.);
#2990=ORIENTED_EDGE('',*,*,#2937,.T.);
#2992=ORIENTED_EDGE('',*,*,#2991,.F.);
#2993=EDGE_LOOP('',(#2987,#2989,#2990,#2992));
#2994=FACE_OUTER_BOUND('',#2993,.F.);
#2996=CARTESIAN_POINT('',(0.E0,2.412876375E0,-2.437497562500E0));
#2997=DIRECTION('',(-1.E0,0.E0,0.E0));
#2998=DIRECTION('',(0.E0,0.E0,-1.E0));
#2999=AXIS2_PLACEMENT_3D('',#2996,#2997,#2998);
#3000=CYLINDRICAL_SURFACE('',#2999,1.533336648480E-1);
#3001=ORIENTED_EDGE('',*,*,#1767,.F.);
#3002=ORIENTED_EDGE('',*,*,#2991,.T.);
#3003=ORIENTED_EDGE('',*,*,#2939,.T.);
#3004=ORIENTED_EDGE('',*,*,#2988,.F.);
#3005=EDGE_LOOP('',(#3001,#3002,#3003,#3004));
#3006=FACE_OUTER_BOUND('',#3005,.F.);
#3008=CARTESIAN_POINT('',(0.E0,2.412876375E0,2.437497562500E0));
#3009=DIRECTION('',(-1.E0,0.E0,0.E0));
#3010=DIRECTION('',(0.E0,0.E0,-1.E0));
#3011=AXIS2_PLACEMENT_3D('',#3008,#3009,#3010);
#3012=CYLINDRICAL_SURFACE('',#3011,1.533336648480E-1);
#3013=ORIENTED_EDGE('',*,*,#1717,.F.);
#3015=ORIENTED_EDGE('',*,*,#3014,.T.);
#3016=ORIENTED_EDGE('',*,*,#2949,.T.);
#3018=ORIENTED_EDGE('',*,*,#3017,.F.);
#3019=EDGE_LOOP('',(#3013,#3015,#3016,#3018));
#3020=FACE_OUTER_BOUND('',#3019,.F.);
#3022=CARTESIAN_POINT('',(0.E0,2.412876375E0,2.437497562500E0));
#3023=DIRECTION('',(-1.E0,0.E0,0.E0));
#3024=DIRECTION('',(0.E0,0.E0,-1.E0));
#3025=AXIS2_PLACEMENT_3D('',#3022,#3023,#3024);
#3026=CYLINDRICAL_SURFACE('',#3025,1.533336648480E-1);
#3027=ORIENTED_EDGE('',*,*,#1719,.F.);
#3028=ORIENTED_EDGE('',*,*,#3017,.T.);
#3029=ORIENTED_EDGE('',*,*,#2951,.T.);
#3030=ORIENTED_EDGE('',*,*,#3014,.F.);
#3031=EDGE_LOOP('',(#3027,#3028,#3029,#3030));
#3032=FACE_OUTER_BOUND('',#3031,.F.);
#3034=CLOSED_SHELL('',(#1723,#1747,#1771,#1795,#1810,#1825,#1843,#1880,#1895,
#1909,#1923,#1940,#1954,#1967,#1994,#2013,#2033,#2048,#2062,#2076,#2090,#2125,
#2140,#2153,#2172,#2191,#2220,#2233,#2246,#2259,#2272,#2284,#2297,#2319,#2331,
#2344,#2371,#2387,#2401,#2415,#2428,#2449,#2468,#2495,#2521,#2547,#2572,#2599,
#2623,#2647,#2659,#2674,#2695,#2714,#2741,#2771,#2796,#2821,#2845,#2869,#2896,
#2909,#2919,#2931,#2943,#2955,#2969,#2981,#2995,#3007,#3021,#3033));
#3035=MANIFOLD_SOLID_BREP('',#3034);
#3036=FILL_AREA_STYLE_COLOUR('',#23);
#3037=FILL_AREA_STYLE('',(#3036));
#3038=SURFACE_STYLE_FILL_AREA(#3037);
#3039=SURFACE_SIDE_STYLE('',(#3038));
#3040=SURFACE_STYLE_USAGE(.BOTH.,#3039);
#3041=PRESENTATION_STYLE_ASSIGNMENT((#3040));
#26=STYLED_ITEM('',(#3041),#3035);
#3044=PLANE_ANGLE_MEASURE_WITH_UNIT(PLANE_ANGLE_MEASURE(1.745329251994E-2),
#3043);
#3045=(CONVERSION_BASED_UNIT('DEGREE',#3044)NAMED_UNIT(*)PLANE_ANGLE_UNIT());
#3047=UNCERTAINTY_MEASURE_WITH_UNIT(LENGTH_MEASURE(1.291125335367E-3),#3042,
'distance_accuracy_value',
'Maximum model space distance between geometric entities at asserted connectivities');
#3049=CARTESIAN_POINT('',(0.E0,0.E0,0.E0));
#3050=DIRECTION('',(0.E0,0.E0,1.E0));
#3051=DIRECTION('',(1.E0,0.E0,0.E0));
#3054=APPLICATION_CONTEXT('automotive_design');
#3055=APPLICATION_PROTOCOL_DEFINITION('international standard',
'automotive_design',2001,#3054);
#3056=PRODUCT_DEFINITION_CONTEXT('part definition',#3054,'design');
#3057=PRODUCT_CONTEXT('',#3054,'mechanical');
#3058=PRODUCT('_000','_000','NOT SPECIFIED',(#3057));
#3059=PRODUCT_DEFINITION_FORMATION('53','LAST_VERSION',#3058);
#3067=DERIVED_UNIT_ELEMENT(#3066,2.E0);
#3068=DERIVED_UNIT((#3067));
#3069=MEASURE_REPRESENTATION_ITEM('surface area measure',AREA_MEASURE(
2.021547259146E2),#3068);
#3074=DERIVED_UNIT_ELEMENT(#3073,3.E0);
#3075=DERIVED_UNIT((#3074));
#3076=MEASURE_REPRESENTATION_ITEM('volume measure',VOLUME_MEASURE(
5.149894872468E1),#3075);
#3080=CARTESIAN_POINT('centre point',(5.403765137462E-1,-5.841123643787E-8,
-4.775681911933E-1));
#3085=DERIVED_UNIT_ELEMENT(#3084,2.E0);
#3086=DERIVED_UNIT((#3085));
#3087=MEASURE_REPRESENTATION_ITEM('surface area measure',AREA_MEASURE(
2.021547259146E2),#3086);
#3092=DERIVED_UNIT_ELEMENT(#3091,3.E0);
#3093=DERIVED_UNIT((#3092));
#3094=MEASURE_REPRESENTATION_ITEM('volume measure',VOLUME_MEASURE(
5.149894872468E1),#3093);
#3098=CARTESIAN_POINT('centre point',(5.403765137462E-1,-5.841123643787E-8,
-4.775681911933E-1));
#3108=CARTESIAN_POINT('centre point',(6.403765137462E-1,4.149999941589E0,
-5.027568191193E0));
#3112=CARTESIAN_POINT('',(1.E-1,4.15E0,-4.55E0));
#3113=DIRECTION('',(0.E0,0.E0,1.E0));
#3114=DIRECTION('',(1.E0,0.E0,0.E0));
#3115=AXIS2_PLACEMENT_3D('',#3112,#3113,#3114);
#3116=ITEM_DEFINED_TRANSFORMATION('','',#3052,#3115);
#3117=(REPRESENTATION_RELATIONSHIP('','',#3053,#3105)REPRESENTATION_RELATIONSHIP_WITH_TRANSFORMATION(#3116)SHAPE_REPRESENTATION_RELATIONSHIP());
#3118=CONTEXT_DEPENDENT_SHAPE_REPRESENTATION(#3117,#3107);
#3120=CARTESIAN_POINT('',(0.E0,0.E0,0.E0));
#3121=DIRECTION('',(0.E0,1.E0,0.E0));
#3122=DIRECTION('',(1.E0,0.E0,0.E0));
#3123=AXIS2_PLACEMENT_3D('',#3120,#3121,#3122);
#3125=CURVE_STYLE('',#31,POSITIVE_LENGTH_MEASURE(2.E-2),#21);
#3126=PRESENTATION_STYLE_ASSIGNMENT((#3125));
#3127=STYLED_ITEM('',(#3126),#3124);
#3128=CARTESIAN_POINT('',(0.E0,0.E0,0.E0));
#3129=DIRECTION('',(0.E0,1.E0,0.E0));
#3130=DIRECTION('',(-1.E0,0.E0,0.E0));
#3131=AXIS2_PLACEMENT_3D('',#3128,#3129,#3130);
#3133=CURVE_STYLE('',#31,POSITIVE_LENGTH_MEASURE(2.E-2),#21);
#3134=PRESENTATION_STYLE_ASSIGNMENT((#3133));
#3135=STYLED_ITEM('',(#3134),#3132);
#3136=CARTESIAN_POINT('',(0.E0,1.870820393250E0,0.E0));
#3137=DIRECTION('',(0.E0,1.E0,0.E0));
#3138=DIRECTION('',(1.E0,0.E0,0.E0));
#3139=AXIS2_PLACEMENT_3D('',#3136,#3137,#3138);
#3141=CURVE_STYLE('',#31,POSITIVE_LENGTH_MEASURE(2.E-2),#21);
#3142=PRESENTATION_STYLE_ASSIGNMENT((#3141));
#3143=STYLED_ITEM('',(#3142),#3140);
#3144=DIRECTION('',(0.E0,1.E0,2.394753772201E-13));
#3145=VECTOR('',#3144,5.257967606750E0);
#3146=CARTESIAN_POINT('',(4.E0,1.870820393250E0,-1.251999276398E-12));
#3147=LINE('',#3146,#3145);
#3148=CURVE_STYLE('',#31,POSITIVE_LENGTH_MEASURE(2.E-2),#21);
#3149=PRESENTATION_STYLE_ASSIGNMENT((#3148));
#3150=STYLED_ITEM('',(#3149),#3147);
#3151=CARTESIAN_POINT('',(0.E0,7.128788E0,0.E0));
#3152=DIRECTION('',(0.E0,-1.E0,0.E0));
#3153=DIRECTION('',(-1.E0,0.E0,0.E0));
#3154=AXIS2_PLACEMENT_3D('',#3151,#3152,#3153);
#3156=CURVE_STYLE('',#31,POSITIVE_LENGTH_MEASURE(2.E-2),#21);
#3157=PRESENTATION_STYLE_ASSIGNMENT((#3156));
#3158=STYLED_ITEM('',(#3157),#3155);
#3159=CARTESIAN_POINT('',(0.E0,5.291796067501E-1,0.E0));
#3160=DIRECTION('',(0.E0,-1.E0,0.E0));
#3161=DIRECTION('',(-1.E0,0.E0,0.E0));
#3162=AXIS2_PLACEMENT_3D('',#3159,#3160,#3161);
#3164=CURVE_STYLE('',#31,POSITIVE_LENGTH_MEASURE(2.E-2),#21);
#3165=PRESENTATION_STYLE_ASSIGNMENT((#3164));
#3166=STYLED_ITEM('',(#3165),#3163);
#3167=DIRECTION('',(0.E0,1.E0,-1.890339691301E-12));
#3168=VECTOR('',#3167,5.291796067501E-1);
#3169=CARTESIAN_POINT('',(4.E0,0.E0,0.E0));
#3170=LINE('',#3169,#3168);
#3171=CURVE_STYLE('',#31,POSITIVE_LENGTH_MEASURE(2.E-2),#21);
#3172=PRESENTATION_STYLE_ASSIGNMENT((#3171));
#3173=STYLED_ITEM('',(#3172),#3170);
#3174=CARTESIAN_POINT('',(3.4E0,1.870820393250E0,2.333126747356E-12));
#3175=DIRECTION('',(6.862149737330E-13,0.E0,-1.E0));
#3176=DIRECTION('',(1.E0,0.E0,6.862149737330E-13));
#3177=AXIS2_PLACEMENT_3D('',#3174,#3175,#3176);
#3179=CURVE_STYLE('',#31,POSITIVE_LENGTH_MEASURE(2.E-2),#21);
#3180=PRESENTATION_STYLE_ASSIGNMENT((#3179));
#3181=STYLED_ITEM('',(#3180),#3178);
#3182=CARTESIAN_POINT('',(-3.4E0,1.870820393250E0,-2.334153703654E-12));
#3183=DIRECTION('',(-6.865168156178E-13,0.E0,1.E0));
#3184=DIRECTION('',(-1.E0,0.E0,-6.865168156178E-13));
#3185=AXIS2_PLACEMENT_3D('',#3182,#3183,#3184);
#3187=CURVE_STYLE('',#31,POSITIVE_LENGTH_MEASURE(2.E-2),#21);
#3188=PRESENTATION_STYLE_ASSIGNMENT((#3187));
#3189=STYLED_ITEM('',(#3188),#3186);
#3190=CARTESIAN_POINT('',(0.E0,1.870820393250E0,0.E0));
#3191=DIRECTION('',(0.E0,1.E0,0.E0));
#3192=DIRECTION('',(-1.E0,0.E0,0.E0));
#3193=AXIS2_PLACEMENT_3D('',#3190,#3191,#3192);
#3195=CURVE_STYLE('',#31,POSITIVE_LENGTH_MEASURE(2.E-2),#21);
#3196=PRESENTATION_STYLE_ASSIGNMENT((#3195));
#3197=STYLED_ITEM('',(#3196),#3194);
#3198=DIRECTION('',(0.E0,1.E0,-2.393735191594E-13));
#3199=VECTOR('',#3198,5.257967606750E0);
#3200=CARTESIAN_POINT('',(-4.E0,1.870820393250E0,1.251470815583E-12));
#3201=LINE('',#3200,#3199);
#3202=CURVE_STYLE('',#31,POSITIVE_LENGTH_MEASURE(2.E-2),#21);
#3203=PRESENTATION_STYLE_ASSIGNMENT((#3202));
#3204=STYLED_ITEM('',(#3203),#3201);
#3205=CARTESIAN_POINT('',(0.E0,7.128788E0,0.E0));
#3206=DIRECTION('',(0.E0,-1.E0,0.E0));
#3207=DIRECTION('',(1.E0,0.E0,0.E0));
#3208=AXIS2_PLACEMENT_3D('',#3205,#3206,#3207);
#3210=CURVE_STYLE('',#31,POSITIVE_LENGTH_MEASURE(2.E-2),#21);
#3211=PRESENTATION_STYLE_ASSIGNMENT((#3210));
#3212=STYLED_ITEM('',(#3211),#3209);
#3213=CARTESIAN_POINT('',(0.E0,5.291796067501E-1,0.E0));
#3214=DIRECTION('',(0.E0,-1.E0,0.E0));
#3215=DIRECTION('',(1.E0,0.E0,0.E0));
#3216=AXIS2_PLACEMENT_3D('',#3213,#3214,#3215);
#3218=CURVE_STYLE('',#31,POSITIVE_LENGTH_MEASURE(2.E-2),#21);
#3219=PRESENTATION_STYLE_ASSIGNMENT((#3218));
#3220=STYLED_ITEM('',(#3219),#3217);
#3221=DIRECTION('',(0.E0,1.E0,1.890622137721E-12));
#3222=VECTOR('',#3221,5.291796067501E-1);
#3223=CARTESIAN_POINT('',(-4.E0,0.E0,0.E0));
#3224=LINE('',#3223,#3222);
#3225=CURVE_STYLE('',#31,POSITIVE_LENGTH_MEASURE(2.E-2),#21);
#3226=PRESENTATION_STYLE_ASSIGNMENT((#3225));
#3227=STYLED_ITEM('',(#3226),#3224);
#3228=CARTESIAN_POINT('',(3.878788E0,7.128788E0,-1.252505044125E-13));
#3229=DIRECTION('',(3.229187750531E-14,0.E0,1.E0));
#3230=DIRECTION('',(1.E0,0.E0,-3.229187750531E-14));
#3231=AXIS2_PLACEMENT_3D('',#3228,#3229,#3230);
#3233=CURVE_STYLE('',#31,POSITIVE_LENGTH_MEASURE(2.E-2),#21);
#3234=PRESENTATION_STYLE_ASSIGNMENT((#3233));
#3235=STYLED_ITEM('',(#3234),#3232);
#3236=CARTESIAN_POINT('',(-3.878788E0,7.128788E0,1.252817294350E-13));
#3237=DIRECTION('',(-3.229968376095E-14,0.E0,-1.E0));
#3238=DIRECTION('',(-1.E0,0.E0,3.229968376095E-14));
#3239=AXIS2_PLACEMENT_3D('',#3236,#3237,#3238);
#3241=CURVE_STYLE('',#31,POSITIVE_LENGTH_MEASURE(2.E-2),#21);
#3242=PRESENTATION_STYLE_ASSIGNMENT((#3241));
#3243=STYLED_ITEM('',(#3242),#3240);
#3244=CARTESIAN_POINT('',(0.E0,7.25E0,0.E0));
#3245=DIRECTION('',(0.E0,-1.E0,0.E0));
#3246=DIRECTION('',(-1.E0,0.E0,0.E0));
#3247=AXIS2_PLACEMENT_3D('',#3244,#3245,#3246);
#3249=CURVE_STYLE('',#31,POSITIVE_LENGTH_MEASURE(2.E-2),#21);
#3250=PRESENTATION_STYLE_ASSIGNMENT((#3249));
#3251=STYLED_ITEM('',(#3250),#3248);
#3252=CARTESIAN_POINT('',(0.E0,7.25E0,0.E0));
#3253=DIRECTION('',(0.E0,-1.E0,0.E0));
#3254=DIRECTION('',(1.E0,0.E0,0.E0));
#3255=AXIS2_PLACEMENT_3D('',#3252,#3253,#3254);
#3257=CURVE_STYLE('',#31,POSITIVE_LENGTH_MEASURE(2.E-2),#21);
#3258=PRESENTATION_STYLE_ASSIGNMENT((#3257));
#3259=STYLED_ITEM('',(#3258),#3256);
#3260=CARTESIAN_POINT('',(3.4E0,5.291796067501E-1,-6.544452479940E-12));
#3261=DIRECTION('',(1.924838760603E-12,0.E0,1.E0));
#3262=DIRECTION('',(1.E0,0.E0,-1.924838760603E-12));
#3263=AXIS2_PLACEMENT_3D('',#3260,#3261,#3262);
#3265=CURVE_STYLE('',#31,POSITIVE_LENGTH_MEASURE(2.E-2),#21);
#3266=PRESENTATION_STYLE_ASSIGNMENT((#3265));
#3267=STYLED_ITEM('',(#3266),#3264);
#3268=CARTESIAN_POINT('',(-3.4E0,5.291796067501E-1,6.544830649657E-12));
#3269=DIRECTION('',(-1.924949782905E-12,0.E0,-1.E0));
#3270=DIRECTION('',(-1.E0,0.E0,1.924949782905E-12));
#3271=AXIS2_PLACEMENT_3D('',#3268,#3269,#3270);
#3273=CURVE_STYLE('',#31,POSITIVE_LENGTH_MEASURE(2.E-2),#21);
#3274=PRESENTATION_STYLE_ASSIGNMENT((#3273));
#3275=STYLED_ITEM('',(#3274),#3272);
#3276=CARTESIAN_POINT('',(0.E0,1.423606797750E0,0.E0));
#3277=DIRECTION('',(0.E0,1.E0,0.E0));
#3278=DIRECTION('',(1.E0,0.E0,0.E0));
#3279=AXIS2_PLACEMENT_3D('',#3276,#3277,#3278);
#3281=CURVE_STYLE('',#31,POSITIVE_LENGTH_MEASURE(2.E-2),#21);
#3282=PRESENTATION_STYLE_ASSIGNMENT((#3281));
#3283=STYLED_ITEM('',(#3282),#3280);
#3284=CARTESIAN_POINT('',(0.E0,9.763932022500E-1,0.E0));
#3285=DIRECTION('',(0.E0,-1.E0,0.E0));
#3286=DIRECTION('',(-1.E0,0.E0,0.E0));
#3287=AXIS2_PLACEMENT_3D('',#3284,#3285,#3286);
#3289=CURVE_STYLE('',#31,POSITIVE_LENGTH_MEASURE(2.E-2),#21);
#3290=PRESENTATION_STYLE_ASSIGNMENT((#3289));
#3291=STYLED_ITEM('',(#3290),#3288);
#3292=CARTESIAN_POINT('',(0.E0,1.423606797750E0,0.E0));
#3293=DIRECTION('',(0.E0,1.E0,0.E0));
#3294=DIRECTION('',(-1.E0,0.E0,0.E0));
#3295=AXIS2_PLACEMENT_3D('',#3292,#3293,#3294);
#3297=CURVE_STYLE('',#31,POSITIVE_LENGTH_MEASURE(2.E-2),#21);
#3298=PRESENTATION_STYLE_ASSIGNMENT((#3297));
#3299=STYLED_ITEM('',(#3298),#3296);
#3300=CARTESIAN_POINT('',(4.E0,1.2E0,0.E0));
#3301=DIRECTION('',(0.E0,0.E0,-1.E0));
#3302=DIRECTION('',(-6.666666666667E-1,-7.453559924999E-1,0.E0));
#3303=AXIS2_PLACEMENT_3D('',#3300,#3301,#3302);
#3305=CURVE_STYLE('',#31,POSITIVE_LENGTH_MEASURE(2.E-2),#21);
#3306=PRESENTATION_STYLE_ASSIGNMENT((#3305));
#3307=STYLED_ITEM('',(#3306),#3304);
#3308=CARTESIAN_POINT('',(0.E0,9.763932022500E-1,0.E0));
#3309=DIRECTION('',(0.E0,-1.E0,0.E0));
#3310=DIRECTION('',(1.E0,0.E0,0.E0));
#3311=AXIS2_PLACEMENT_3D('',#3308,#3309,#3310);
#3313=CURVE_STYLE('',#31,POSITIVE_LENGTH_MEASURE(2.E-2),#21);
#3314=PRESENTATION_STYLE_ASSIGNMENT((#3313));
#3315=STYLED_ITEM('',(#3314),#3312);
#3316=CARTESIAN_POINT('',(-4.E0,1.2E0,0.E0));
#3317=DIRECTION('',(0.E0,0.E0,1.E0));
#3318=DIRECTION('',(6.666666666667E-1,-7.453559924999E-1,0.E0));
#3319=AXIS2_PLACEMENT_3D('',#3316,#3317,#3318);
#3321=CURVE_STYLE('',#31,POSITIVE_LENGTH_MEASURE(2.E-2),#21);
#3322=PRESENTATION_STYLE_ASSIGNMENT((#3321));
#3323=STYLED_ITEM('',(#3322),#3320);
#3324=CARTESIAN_POINT('',(4.E0,0.E0,0.E0));
#3325=CARTESIAN_POINT('',(-4.E0,0.E0,0.E0));
#3326=VERTEX_POINT('',#3324);
#3327=VERTEX_POINT('',#3325);
#3328=CARTESIAN_POINT('',(-4.E0,7.128788E0,0.E0));
#3329=CARTESIAN_POINT('',(4.E0,7.128788E0,0.E0));
#3330=VERTEX_POINT('',#3328);
#3331=VERTEX_POINT('',#3329);
#3332=CARTESIAN_POINT('',(-3.878788E0,7.25E0,0.E0));
#3333=CARTESIAN_POINT('',(3.878788E0,7.25E0,0.E0));
#3334=VERTEX_POINT('',#3332);
#3335=VERTEX_POINT('',#3333);
#3336=CARTESIAN_POINT('',(4.E0,1.870820393250E0,0.E0));
#3337=CARTESIAN_POINT('',(-4.E0,1.870820393250E0,0.E0));
#3338=VERTEX_POINT('',#3336);
#3339=VERTEX_POINT('',#3337);
#3340=CARTESIAN_POINT('',(3.8E0,1.423606797750E0,0.E0));
#3341=CARTESIAN_POINT('',(-3.8E0,1.423606797750E0,0.E0));
#3342=VERTEX_POINT('',#3340);
#3343=VERTEX_POINT('',#3341);
#3344=CARTESIAN_POINT('',(-4.E0,5.291796067501E-1,0.E0));
#3345=CARTESIAN_POINT('',(4.E0,5.291796067501E-1,0.E0));
#3346=VERTEX_POINT('',#3344);
#3347=VERTEX_POINT('',#3345);
#3348=CARTESIAN_POINT('',(-3.8E0,9.763932022500E-1,0.E0));
#3349=CARTESIAN_POINT('',(3.8E0,9.763932022500E-1,0.E0));
#3350=VERTEX_POINT('',#3348);
#3351=VERTEX_POINT('',#3349);
#3352=CARTESIAN_POINT('',(0.E0,0.E0,0.E0));
#3353=DIRECTION('',(0.E0,1.E0,0.E0));
#3354=DIRECTION('',(1.E0,0.E0,0.E0));
#3355=AXIS2_PLACEMENT_3D('',#3352,#3353,#3354);
#3356=PLANE('',#3355);
#3358=ORIENTED_EDGE('',*,*,#3357,.T.);
#3360=ORIENTED_EDGE('',*,*,#3359,.T.);
#3361=EDGE_LOOP('',(#3358,#3360));
#3362=FACE_OUTER_BOUND('',#3361,.F.);
#3364=CARTESIAN_POINT('',(0.E0,0.E0,0.E0));
#3365=DIRECTION('',(0.E0,1.E0,0.E0));
#3366=DIRECTION('',(1.E0,0.E0,0.E0));
#3367=AXIS2_PLACEMENT_3D('',#3364,#3365,#3366);
#3368=CYLINDRICAL_SURFACE('',#3367,4.E0);
#3370=ORIENTED_EDGE('',*,*,#3369,.F.);
#3372=ORIENTED_EDGE('',*,*,#3371,.T.);
#3374=ORIENTED_EDGE('',*,*,#3373,.F.);
#3376=ORIENTED_EDGE('',*,*,#3375,.F.);
#3377=EDGE_LOOP('',(#3370,#3372,#3374,#3376));
#3378=FACE_OUTER_BOUND('',#3377,.F.);
#3380=CARTESIAN_POINT('',(0.E0,0.E0,0.E0));
#3381=DIRECTION('',(0.E0,1.E0,0.E0));
#3382=DIRECTION('',(1.E0,0.E0,0.E0));
#3383=AXIS2_PLACEMENT_3D('',#3380,#3381,#3382);
#3384=CYLINDRICAL_SURFACE('',#3383,4.E0);
#3386=ORIENTED_EDGE('',*,*,#3385,.F.);
#3388=ORIENTED_EDGE('',*,*,#3387,.F.);
#3389=ORIENTED_EDGE('',*,*,#3357,.F.);
#3391=ORIENTED_EDGE('',*,*,#3390,.T.);
#3392=EDGE_LOOP('',(#3386,#3388,#3389,#3391));
#3393=FACE_OUTER_BOUND('',#3392,.F.);
#3395=CARTESIAN_POINT('',(0.E0,1.870820393250E0,0.E0));
#3396=DIRECTION('',(0.E0,1.E0,0.E0));
#3397=DIRECTION('',(9.999853416315E-1,0.E0,5.414473385322E-3));
#3398=AXIS2_PLACEMENT_3D('',#3395,#3396,#3397);
#3399=TOROIDAL_SURFACE('',#3398,3.4E0,6.E-1);
#3400=ORIENTED_EDGE('',*,*,#3369,.T.);
#3402=ORIENTED_EDGE('',*,*,#3401,.T.);
#3404=ORIENTED_EDGE('',*,*,#3403,.F.);
#3406=ORIENTED_EDGE('',*,*,#3405,.F.);
#3407=EDGE_LOOP('',(#3400,#3402,#3404,#3406));
#3408=FACE_OUTER_BOUND('',#3407,.F.);
#3410=CARTESIAN_POINT('',(0.E0,1.870820393250E0,0.E0));
#3411=DIRECTION('',(0.E0,1.E0,0.E0));
#3412=DIRECTION('',(-9.999853416315E-1,0.E0,-5.414473385322E-3));
#3413=AXIS2_PLACEMENT_3D('',#3410,#3411,#3412);
#3414=TOROIDAL_SURFACE('',#3413,3.4E0,6.E-1);
#3416=ORIENTED_EDGE('',*,*,#3415,.T.);
#3417=ORIENTED_EDGE('',*,*,#3405,.T.);
#3419=ORIENTED_EDGE('',*,*,#3418,.F.);
#3420=ORIENTED_EDGE('',*,*,#3401,.F.);
#3421=EDGE_LOOP('',(#3416,#3417,#3419,#3420));
#3422=FACE_OUTER_BOUND('',#3421,.F.);
#3424=CARTESIAN_POINT('',(0.E0,0.E0,0.E0));
#3425=DIRECTION('',(0.E0,1.E0,0.E0));
#3426=DIRECTION('',(1.E0,0.E0,0.E0));
#3427=AXIS2_PLACEMENT_3D('',#3424,#3425,#3426);
#3428=CYLINDRICAL_SURFACE('',#3427,4.E0);
#3429=ORIENTED_EDGE('',*,*,#3415,.F.);
#3430=ORIENTED_EDGE('',*,*,#3375,.T.);
#3432=ORIENTED_EDGE('',*,*,#3431,.F.);
#3433=ORIENTED_EDGE('',*,*,#3371,.F.);
#3434=EDGE_LOOP('',(#3429,#3430,#3432,#3433));
#3435=FACE_OUTER_BOUND('',#3434,.F.);
#3437=CARTESIAN_POINT('',(0.E0,0.E0,0.E0));
#3438=DIRECTION('',(0.E0,1.E0,0.E0));
#3439=DIRECTION('',(1.E0,0.E0,0.E0));
#3440=AXIS2_PLACEMENT_3D('',#3437,#3438,#3439);
#3441=CYLINDRICAL_SURFACE('',#3440,4.E0);
#3443=ORIENTED_EDGE('',*,*,#3442,.F.);
#3444=ORIENTED_EDGE('',*,*,#3390,.F.);
#3445=ORIENTED_EDGE('',*,*,#3359,.F.);
#3446=ORIENTED_EDGE('',*,*,#3387,.T.);
#3447=EDGE_LOOP('',(#3443,#3444,#3445,#3446));
#3448=FACE_OUTER_BOUND('',#3447,.F.);
#3450=CARTESIAN_POINT('',(0.E0,7.128788E0,0.E0));
#3451=DIRECTION('',(0.E0,1.E0,0.E0));
#3452=DIRECTION('',(9.999876662156E-1,0.E0,-4.966630306226E-3));
#3453=AXIS2_PLACEMENT_3D('',#3450,#3451,#3452);
#3454=TOROIDAL_SURFACE('',#3453,3.878788E0,1.21212E-1);
#3455=ORIENTED_EDGE('',*,*,#3431,.T.);
#3457=ORIENTED_EDGE('',*,*,#3456,.T.);
#3459=ORIENTED_EDGE('',*,*,#3458,.F.);
#3461=ORIENTED_EDGE('',*,*,#3460,.F.);
#3462=EDGE_LOOP('',(#3455,#3457,#3459,#3461));
#3463=FACE_OUTER_BOUND('',#3462,.F.);
#3465=CARTESIAN_POINT('',(0.E0,7.128788E0,0.E0));
#3466=DIRECTION('',(0.E0,1.E0,0.E0));
#3467=DIRECTION('',(-9.999876662156E-1,0.E0,4.966630306226E-3));
#3468=AXIS2_PLACEMENT_3D('',#3465,#3466,#3467);
#3469=TOROIDAL_SURFACE('',#3468,3.878788E0,1.21212E-1);
#3470=ORIENTED_EDGE('',*,*,#3373,.T.);
#3471=ORIENTED_EDGE('',*,*,#3460,.T.);
#3473=ORIENTED_EDGE('',*,*,#3472,.F.);
#3474=ORIENTED_EDGE('',*,*,#3456,.F.);
#3475=EDGE_LOOP('',(#3470,#3471,#3473,#3474));
#3476=FACE_OUTER_BOUND('',#3475,.F.);
#3478=CARTESIAN_POINT('',(0.E0,7.25E0,0.E0));
#3479=DIRECTION('',(0.E0,1.E0,0.E0));
#3480=DIRECTION('',(1.E0,0.E0,0.E0));
#3481=AXIS2_PLACEMENT_3D('',#3478,#3479,#3480);
#3482=PLANE('',#3481);
#3483=ORIENTED_EDGE('',*,*,#3472,.T.);
#3484=ORIENTED_EDGE('',*,*,#3458,.T.);
#3485=EDGE_LOOP('',(#3483,#3484));
#3486=FACE_OUTER_BOUND('',#3485,.F.);
#3488=CARTESIAN_POINT('',(0.E0,5.291796067501E-1,0.E0));
#3489=DIRECTION('',(0.E0,1.E0,0.E0));
#3490=DIRECTION('',(9.999876662156E-1,0.E0,-4.966630306226E-3));
#3491=AXIS2_PLACEMENT_3D('',#3488,#3489,#3490);
#3492=TOROIDAL_SURFACE('',#3491,3.4E0,6.E-1);
#3493=ORIENTED_EDGE('',*,*,#3442,.T.);
#3495=ORIENTED_EDGE('',*,*,#3494,.T.);
#3497=ORIENTED_EDGE('',*,*,#3496,.F.);
#3499=ORIENTED_EDGE('',*,*,#3498,.F.);
#3500=EDGE_LOOP('',(#3493,#3495,#3497,#3499));
#3501=FACE_OUTER_BOUND('',#3500,.F.);
#3503=CARTESIAN_POINT('',(0.E0,5.291796067501E-1,0.E0));
#3504=DIRECTION('',(0.E0,1.E0,0.E0));
#3505=DIRECTION('',(-9.999876662156E-1,0.E0,4.966630306226E-3));
#3506=AXIS2_PLACEMENT_3D('',#3503,#3504,#3505);
#3507=TOROIDAL_SURFACE('',#3506,3.4E0,6.E-1);
#3508=ORIENTED_EDGE('',*,*,#3385,.T.);
#3509=ORIENTED_EDGE('',*,*,#3498,.T.);
#3511=ORIENTED_EDGE('',*,*,#3510,.F.);
#3512=ORIENTED_EDGE('',*,*,#3494,.F.);
#3513=EDGE_LOOP('',(#3508,#3509,#3511,#3512));
#3514=FACE_OUTER_BOUND('',#3513,.F.);
#3516=CARTESIAN_POINT('',(0.E0,1.2E0,0.E0));
#3517=DIRECTION('',(0.E0,-1.E0,0.E0));
#3518=DIRECTION('',(-1.E0,0.E0,0.E0));
#3519=AXIS2_PLACEMENT_3D('',#3516,#3517,#3518);
#3520=TOROIDAL_SURFACE('',#3519,4.E0,3.E-1);
#3521=ORIENTED_EDGE('',*,*,#3403,.T.);
#3523=ORIENTED_EDGE('',*,*,#3522,.F.);
#3524=ORIENTED_EDGE('',*,*,#3510,.T.);
#3526=ORIENTED_EDGE('',*,*,#3525,.T.);
#3527=EDGE_LOOP('',(#3521,#3523,#3524,#3526));
#3528=FACE_OUTER_BOUND('',#3527,.F.);
#3530=CARTESIAN_POINT('',(0.E0,1.2E0,0.E0));
#3531=DIRECTION('',(0.E0,-1.E0,0.E0));
#3532=DIRECTION('',(-1.E0,0.E0,0.E0));
#3533=AXIS2_PLACEMENT_3D('',#3530,#3531,#3532);
#3534=TOROIDAL_SURFACE('',#3533,4.E0,3.E-1);
#3535=ORIENTED_EDGE('',*,*,#3418,.T.);
#3536=ORIENTED_EDGE('',*,*,#3525,.F.);
#3537=ORIENTED_EDGE('',*,*,#3496,.T.);
#3538=ORIENTED_EDGE('',*,*,#3522,.T.);
#3539=EDGE_LOOP('',(#3535,#3536,#3537,#3538));
#3540=FACE_OUTER_BOUND('',#3539,.F.);
#3542=CLOSED_SHELL('',(#3363,#3379,#3394,#3409,#3423,#3436,#3449,#3464,#3477,
#3487,#3502,#3515,#3529,#3541));
#3543=MANIFOLD_SOLID_BREP('',#3542);
#3544=FILL_AREA_STYLE_COLOUR('',#21);
#3545=FILL_AREA_STYLE('',(#3544));
#3546=SURFACE_STYLE_FILL_AREA(#3545);
#3547=SURFACE_SIDE_STYLE('',(#3546));
#3548=SURFACE_STYLE_USAGE(.BOTH.,#3547);
#3549=PRESENTATION_STYLE_ASSIGNMENT((#3548));
#3119=STYLED_ITEM('',(#3549),#3543);
#3552=PLANE_ANGLE_MEASURE_WITH_UNIT(PLANE_ANGLE_MEASURE(1.745329251994E-2),
#3551);
#3553=(CONVERSION_BASED_UNIT('DEGREE',#3552)NAMED_UNIT(*)PLANE_ANGLE_UNIT());
#3555=UNCERTAINTY_MEASURE_WITH_UNIT(LENGTH_MEASURE(1.343681715619E-3),#3550,
'distance_accuracy_value',
'Maximum model space distance between geometric entities at asserted connectivities');
#3557=CARTESIAN_POINT('',(0.E0,0.E0,0.E0));
#3558=DIRECTION('',(0.E0,0.E0,1.E0));
#3559=DIRECTION('',(1.E0,0.E0,0.E0));
#3562=PRODUCT_CONTEXT('',#3054,'mechanical');
#3563=PRODUCT('_-TG000','_-TG000','NOT SPECIFIED',(#3562));
#3564=PRODUCT_DEFINITION_FORMATION('66','LAST_VERSION',#3563);
#3572=DERIVED_UNIT_ELEMENT(#3571,2.E0);
#3573=DERIVED_UNIT((#3572));
#3574=MEASURE_REPRESENTATION_ITEM('surface area measure',AREA_MEASURE(
2.844832493963E2),#3573);
#3579=DERIVED_UNIT_ELEMENT(#3578,3.E0);
#3580=DERIVED_UNIT((#3579));
#3581=MEASURE_REPRESENTATION_ITEM('volume measure',VOLUME_MEASURE(
3.600606599961E2),#3580);
#3585=CARTESIAN_POINT('centre point',(0.E0,3.653075466164E0,0.E0));
#3590=DERIVED_UNIT_ELEMENT(#3589,2.E0);
#3591=DERIVED_UNIT((#3590));
#3592=MEASURE_REPRESENTATION_ITEM('surface area measure',AREA_MEASURE(
2.844832493963E2),#3591);
#3597=DERIVED_UNIT_ELEMENT(#3596,3.E0);
#3598=DERIVED_UNIT((#3597));
#3599=MEASURE_REPRESENTATION_ITEM('volume measure',VOLUME_MEASURE(
3.600606599961E2),#3598);
#3603=CARTESIAN_POINT('centre point',(0.E0,3.653075466164E0,0.E0));
#3610=CARTESIAN_POINT('centre point',(4.303075466164E0,4.15E0,-4.55E0));
#3614=CARTESIAN_POINT('',(6.5E-1,4.15E0,-4.55E0));
#3615=DIRECTION('',(0.E0,0.E0,1.E0));
#3616=DIRECTION('',(0.E0,-1.E0,0.E0));
#3617=AXIS2_PLACEMENT_3D('',#3614,#3615,#3616);
#3618=ITEM_DEFINED_TRANSFORMATION('','',#3560,#3617);
#3619=(REPRESENTATION_RELATIONSHIP('','',#3561,#3105)REPRESENTATION_RELATIONSHIP_WITH_TRANSFORMATION(#3618)SHAPE_REPRESENTATION_RELATIONSHIP());
#3620=CONTEXT_DEPENDENT_SHAPE_REPRESENTATION(#3619,#3609);
#3622=CARTESIAN_POINT('',(0.E0,0.E0,0.E0));
#3623=DIRECTION('',(0.E0,-1.E0,0.E0));
#3624=DIRECTION('',(9.326853789332E-1,0.E0,-3.606909812072E-1));
#3625=AXIS2_PLACEMENT_3D('',#3622,#3623,#3624);
#3627=DIRECTION('',(1.E0,0.E0,1.665221390024E-10));
#3628=VECTOR('',#3627,5.360364196292E-3);
#3629=CARTESIAN_POINT('',(3.730741515733E0,0.E0,1.442763924829E0));
#3630=LINE('',#3629,#3628);
#3631=CARTESIAN_POINT('',(0.E0,0.E0,0.E0));
#3632=DIRECTION('',(0.E0,1.E0,0.E0));
#3633=DIRECTION('',(9.328593957376E-1,0.E0,3.602406803570E-1));
#3634=AXIS2_PLACEMENT_3D('',#3631,#3632,#3633);
#3636=DIRECTION('',(-1.E0,0.E0,0.E0));
#3637=VECTOR('',#3636,5.360364196637E-3);
#3638=CARTESIAN_POINT('',(3.736101879929E0,0.E0,-1.442763924829E0));
#3639=LINE('',#3638,#3637);
#3640=DIRECTION('',(0.E0,1.E0,0.E0));
#3641=VECTOR('',#3640,5.3E0);
#3642=CARTESIAN_POINT('',(3.730741515733E0,0.E0,-1.442763924829E0));
#3643=LINE('',#3642,#3641);
#3644=DIRECTION('',(0.E0,1.E0,0.E0));
#3645=VECTOR('',#3644,5.3E0);
#3646=CARTESIAN_POINT('',(3.736101879929E0,0.E0,-1.442763924829E0));
#3647=LINE('',#3646,#3645);
#3648=DIRECTION('',(0.E0,1.E0,0.E0));
#3649=VECTOR('',#3648,5.3E0);
#3650=CARTESIAN_POINT('',(3.736101879929E0,0.E0,1.442763924830E0));
#3651=LINE('',#3650,#3649);
#3652=DIRECTION('',(0.E0,1.E0,0.E0));
#3653=VECTOR('',#3652,5.3E0);
#3654=CARTESIAN_POINT('',(3.730741515733E0,0.E0,1.442763924829E0));
#3655=LINE('',#3654,#3653);
#3656=CARTESIAN_POINT('',(0.E0,5.3E0,0.E0));
#3657=DIRECTION('',(0.E0,-1.E0,0.E0));
#3658=DIRECTION('',(9.326853789332E-1,0.E0,-3.606909812072E-1));
#3659=AXIS2_PLACEMENT_3D('',#3656,#3657,#3658);
#3661=DIRECTION('',(-1.E0,0.E0,8.284683531927E-14));
#3662=VECTOR('',#3661,5.360364196636E-3);
#3663=CARTESIAN_POINT('',(3.736101879929E0,5.3E0,-1.442763924829E0));
#3664=LINE('',#3663,#3662);
#3665=CARTESIAN_POINT('',(0.E0,5.3E0,0.E0));
#3666=DIRECTION('',(0.E0,1.E0,0.E0));
#3667=DIRECTION('',(9.328593957376E-1,0.E0,3.602406803570E-1));
#3668=AXIS2_PLACEMENT_3D('',#3665,#3666,#3667);
#3670=DIRECTION('',(1.E0,0.E0,1.665635624201E-10));
#3671=VECTOR('',#3670,5.360364196292E-3);
#3672=CARTESIAN_POINT('',(3.730741515733E0,5.3E0,1.442763924829E0));
#3673=LINE('',#3672,#3671);
#3674=CARTESIAN_POINT('',(3.730741515733E0,0.E0,-1.442763924829E0));
#3675=CARTESIAN_POINT('',(3.730741515733E0,0.E0,1.442763924829E0));
#3676=VERTEX_POINT('',#3674);
#3677=VERTEX_POINT('',#3675);
#3678=CARTESIAN_POINT('',(3.736101879929E0,0.E0,1.442763924830E0));
#3679=VERTEX_POINT('',#3678);
#3680=CARTESIAN_POINT('',(3.736101879929E0,0.E0,-1.442763924829E0));
#3681=VERTEX_POINT('',#3680);
#3682=CARTESIAN_POINT('',(3.730741515733E0,5.3E0,-1.442763924829E0));
#3683=CARTESIAN_POINT('',(3.730741515733E0,5.3E0,1.442763924829E0));
#3684=VERTEX_POINT('',#3682);
#3685=VERTEX_POINT('',#3683);
#3686=CARTESIAN_POINT('',(3.736101879929E0,5.3E0,1.442763924830E0));
#3687=VERTEX_POINT('',#3686);
#3688=CARTESIAN_POINT('',(3.736101879929E0,5.3E0,-1.442763924829E0));
#3689=VERTEX_POINT('',#3688);
#3690=CARTESIAN_POINT('',(0.E0,0.E0,0.E0));
#3691=DIRECTION('',(0.E0,1.E0,0.E0));
#3692=DIRECTION('',(0.E0,0.E0,-1.E0));
#3693=AXIS2_PLACEMENT_3D('',#3690,#3691,#3692);
#3694=PLANE('',#3693);
#3696=ORIENTED_EDGE('',*,*,#3695,.T.);
#3698=ORIENTED_EDGE('',*,*,#3697,.T.);
#3700=ORIENTED_EDGE('',*,*,#3699,.T.);
#3702=ORIENTED_EDGE('',*,*,#3701,.T.);
#3703=EDGE_LOOP('',(#3696,#3698,#3700,#3702));
#3704=FACE_OUTER_BOUND('',#3703,.F.);
#3706=CARTESIAN_POINT('',(0.E0,0.E0,0.E0));
#3707=DIRECTION('',(0.E0,1.E0,0.E0));
#3708=DIRECTION('',(0.E0,0.E0,-1.E0));
#3709=AXIS2_PLACEMENT_3D('',#3706,#3707,#3708);
#3710=CYLINDRICAL_SURFACE('',#3709,4.E0);
#3711=ORIENTED_EDGE('',*,*,#3695,.F.);
#3713=ORIENTED_EDGE('',*,*,#3712,.T.);
#3715=ORIENTED_EDGE('',*,*,#3714,.T.);
#3717=ORIENTED_EDGE('',*,*,#3716,.F.);
#3718=EDGE_LOOP('',(#3711,#3713,#3715,#3717));
#3719=FACE_OUTER_BOUND('',#3718,.F.);
#3721=CARTESIAN_POINT('',(3.736101879929E0,0.E0,-1.442763924829E0));
#3722=DIRECTION('',(0.E0,0.E0,-1.E0));
#3723=DIRECTION('',(-1.E0,0.E0,0.E0));
#3724=AXIS2_PLACEMENT_3D('',#3721,#3722,#3723);
#3725=PLANE('',#3724);
#3726=ORIENTED_EDGE('',*,*,#3701,.F.);
#3728=ORIENTED_EDGE('',*,*,#3727,.T.);
#3730=ORIENTED_EDGE('',*,*,#3729,.T.);
#3731=ORIENTED_EDGE('',*,*,#3712,.F.);
#3732=EDGE_LOOP('',(#3726,#3728,#3730,#3731));
#3733=FACE_OUTER_BOUND('',#3732,.F.);
#3735=CARTESIAN_POINT('',(0.E0,0.E0,0.E0));
#3736=DIRECTION('',(0.E0,1.E0,0.E0));
#3737=DIRECTION('',(0.E0,0.E0,-1.E0));
#3738=AXIS2_PLACEMENT_3D('',#3735,#3736,#3737);
#3739=CYLINDRICAL_SURFACE('',#3738,4.005E0);
#3740=ORIENTED_EDGE('',*,*,#3699,.F.);
#3742=ORIENTED_EDGE('',*,*,#3741,.T.);
#3744=ORIENTED_EDGE('',*,*,#3743,.T.);
#3745=ORIENTED_EDGE('',*,*,#3727,.F.);
#3746=EDGE_LOOP('',(#3740,#3742,#3744,#3745));
#3747=FACE_OUTER_BOUND('',#3746,.F.);
#3749=FILL_AREA_STYLE_COLOUR('',#3621);
#3750=FILL_AREA_STYLE('',(#3749));
#3751=SURFACE_STYLE_FILL_AREA(#3750);
#3752=SURFACE_SIDE_STYLE('',(#3751));
#3753=SURFACE_STYLE_USAGE(.POSITIVE.,#3752);
#3754=PRESENTATION_STYLE_ASSIGNMENT((#3753));
#3755=STYLED_ITEM('',(#3754),#3748);
#3756=CARTESIAN_POINT('',(3.730741515733E0,0.E0,1.442763924829E0));
#3757=DIRECTION('',(-1.665221390024E-10,0.E0,1.E0));
#3758=DIRECTION('',(1.E0,0.E0,1.665221390024E-10));
#3759=AXIS2_PLACEMENT_3D('',#3756,#3757,#3758);
#3760=PLANE('',#3759);
#3761=ORIENTED_EDGE('',*,*,#3697,.F.);
#3762=ORIENTED_EDGE('',*,*,#3716,.T.);
#3764=ORIENTED_EDGE('',*,*,#3763,.T.);
#3765=ORIENTED_EDGE('',*,*,#3741,.F.);
#3766=EDGE_LOOP('',(#3761,#3762,#3764,#3765));
#3767=FACE_OUTER_BOUND('',#3766,.F.);
#3769=CARTESIAN_POINT('',(0.E0,5.3E0,0.E0));
#3770=DIRECTION('',(0.E0,1.E0,0.E0));
#3771=DIRECTION('',(0.E0,0.E0,-1.E0));
#3772=AXIS2_PLACEMENT_3D('',#3769,#3770,#3771);
#3773=PLANE('',#3772);
#3774=ORIENTED_EDGE('',*,*,#3714,.F.);
#3775=ORIENTED_EDGE('',*,*,#3729,.F.);
#3776=ORIENTED_EDGE('',*,*,#3743,.F.);
#3777=ORIENTED_EDGE('',*,*,#3763,.F.);
#3778=EDGE_LOOP('',(#3774,#3775,#3776,#3777));
#3779=FACE_OUTER_BOUND('',#3778,.F.);
#3781=CLOSED_SHELL('',(#3705,#3720,#3734,#3748,#3768,#3780));
#3782=MANIFOLD_SOLID_BREP('',#3781);
#3785=PLANE_ANGLE_MEASURE_WITH_UNIT(PLANE_ANGLE_MEASURE(1.745329251994E-2),
#3784);
#3786=(CONVERSION_BASED_UNIT('DEGREE',#3785)NAMED_UNIT(*)PLANE_ANGLE_UNIT());
#3788=UNCERTAINTY_MEASURE_WITH_UNIT(LENGTH_MEASURE(6.040576911739E-4),#3783,
'distance_accuracy_value',
'Maximum model space distance between geometric entities at asserted connectivities');
#3790=CARTESIAN_POINT('',(0.E0,0.E0,0.E0));
#3791=DIRECTION('',(0.E0,0.E0,1.E0));
#3792=DIRECTION('',(1.E0,0.E0,0.E0));
#3795=PRODUCT_DEFINITION_CONTEXT('part definition',#3054,'design');
#3796=PRODUCT_CONTEXT('',#3054,'mechanical');
#3797=PRODUCT('FJB','FJB','NOT SPECIFIED',(#3796));
#3798=PRODUCT_DEFINITION_FORMATION('7','LAST_VERSION',#3797);
#3806=DERIVED_UNIT_ELEMENT(#3805,2.E0);
#3807=DERIVED_UNIT((#3806));
#3808=MEASURE_REPRESENTATION_ITEM('surface area measure',AREA_MEASURE(
3.137733527807E1),#3807);
#3813=DERIVED_UNIT_ELEMENT(#3812,3.E0);
#3814=DERIVED_UNIT((#3813));
#3815=MEASURE_REPRESENTATION_ITEM('volume measure',VOLUME_MEASURE(
7.822748743543E-2),#3814);
#3819=CARTESIAN_POINT('centre point',(3.912398676191E0,2.65E0,
-1.789964947266E-12));
#3824=DERIVED_UNIT_ELEMENT(#3823,2.E0);
#3825=DERIVED_UNIT((#3824));
#3826=MEASURE_REPRESENTATION_ITEM('surface area measure',AREA_MEASURE(
3.137733527807E1),#3825);
#3831=DERIVED_UNIT_ELEMENT(#3830,3.E0);
#3832=DERIVED_UNIT((#3831));
#3833=MEASURE_REPRESENTATION_ITEM('volume measure',VOLUME_MEASURE(
7.822748743543E-2),#3832);
#3837=CARTESIAN_POINT('centre point',(3.912398676191E0,2.65E0,
-1.789964947266E-12));
#3844=CARTESIAN_POINT('centre point',(5.140400267125E0,4.226422635073E0,
-8.461652206205E0));
#3848=CARTESIAN_POINT('',(2.490400267125E0,4.15E0,-4.55E0));
#3849=DIRECTION('',(0.E0,-9.998092040082E-1,-1.953344773785E-2));
#3850=DIRECTION('',(0.E0,1.953344773785E-2,-9.998092040082E-1));
#3851=AXIS2_PLACEMENT_3D('',#3848,#3849,#3850);
#3852=ITEM_DEFINED_TRANSFORMATION('','',#3793,#3851);
#3853=(REPRESENTATION_RELATIONSHIP('','',#3794,#3105)REPRESENTATION_RELATIONSHIP_WITH_TRANSFORMATION(#3852)SHAPE_REPRESENTATION_RELATIONSHIP());
#3854=CONTEXT_DEPENDENT_SHAPE_REPRESENTATION(#3853,#3843);
#3855=CARTESIAN_POINT('',(-7.5E-3,0.E0,-5.7E-1));
#3856=DIRECTION('',(0.E0,1.E0,0.E0));
#3857=DIRECTION('',(0.E0,0.E0,-1.E0));
#3858=AXIS2_PLACEMENT_3D('',#3855,#3856,#3857);
#3860=DIRECTION('',(0.E0,0.E0,1.E0));
#3861=VECTOR('',#3860,1.14E0);
#3862=CARTESIAN_POINT('',(-5.625E-1,0.E0,-5.7E-1));
#3863=LINE('',#3862,#3861);
#3864=CARTESIAN_POINT('',(-7.5E-3,0.E0,5.7E-1));
#3865=DIRECTION('',(0.E0,1.E0,0.E0));
#3866=DIRECTION('',(-1.E0,0.E0,0.E0));
#3867=AXIS2_PLACEMENT_3D('',#3864,#3865,#3866);
#3869=DIRECTION('',(1.E0,0.E0,0.E0));
#3870=VECTOR('',#3869,1.5E-2);
#3871=CARTESIAN_POINT('',(-7.5E-3,0.E0,1.125E0));
#3872=LINE('',#3871,#3870);
#3873=CARTESIAN_POINT('',(7.5E-3,0.E0,5.7E-1));
#3874=DIRECTION('',(0.E0,1.E0,0.E0));
#3875=DIRECTION('',(0.E0,0.E0,1.E0));
#3876=AXIS2_PLACEMENT_3D('',#3873,#3874,#3875);
#3878=DIRECTION('',(0.E0,0.E0,-1.E0));
#3879=VECTOR('',#3878,1.14E0);
#3880=CARTESIAN_POINT('',(5.625E-1,0.E0,5.7E-1));
#3881=LINE('',#3880,#3879);
#3882=CARTESIAN_POINT('',(7.5E-3,0.E0,-5.7E-1));
#3883=DIRECTION('',(0.E0,1.E0,0.E0));
#3884=DIRECTION('',(1.E0,0.E0,0.E0));
#3885=AXIS2_PLACEMENT_3D('',#3882,#3883,#3884);
#3887=DIRECTION('',(-1.E0,0.E0,0.E0));
#3888=VECTOR('',#3887,1.5E-2);
#3889=CARTESIAN_POINT('',(7.5E-3,0.E0,-1.125E0));
#3890=LINE('',#3889,#3888);
#3891=DIRECTION('',(1.E0,0.E0,0.E0));
#3892=VECTOR('',#3891,2.670068086965E-3);
#3893=CARTESIAN_POINT('',(-1.335034043482E-3,0.E0,-8.179521943802E-1));
#3894=LINE('',#3893,#3892);
#3895=CARTESIAN_POINT('',(1.335034043483E-3,0.E0,-4.804521943802E-1));
#3896=DIRECTION('',(0.E0,-1.E0,0.E0));
#3897=DIRECTION('',(0.E0,0.E0,-1.E0));
#3898=AXIS2_PLACEMENT_3D('',#3895,#3896,#3897);
#3900=DIRECTION('',(0.E0,0.E0,1.E0));
#3901=VECTOR('',#3900,9.609043887604E-1);
#3902=CARTESIAN_POINT('',(3.388350340435E-1,0.E0,-4.804521943802E-1));
#3903=LINE('',#3902,#3901);
#3904=CARTESIAN_POINT('',(1.335034043483E-3,0.E0,4.804521943802E-1));
#3905=DIRECTION('',(0.E0,-1.E0,0.E0));
#3906=DIRECTION('',(1.E0,0.E0,0.E0));
#3907=AXIS2_PLACEMENT_3D('',#3904,#3905,#3906);
#3909=DIRECTION('',(-1.E0,0.E0,0.E0));
#3910=VECTOR('',#3909,2.670068086965E-3);
#3911=CARTESIAN_POINT('',(1.335034043482E-3,0.E0,8.179521943802E-1));
#3912=LINE('',#3911,#3910);
#3913=CARTESIAN_POINT('',(-1.335034043483E-3,0.E0,4.804521943802E-1));
#3914=DIRECTION('',(0.E0,-1.E0,0.E0));
#3915=DIRECTION('',(0.E0,0.E0,1.E0));
#3916=AXIS2_PLACEMENT_3D('',#3913,#3914,#3915);
#3918=DIRECTION('',(0.E0,0.E0,-1.E0));
#3919=VECTOR('',#3918,9.609043887604E-1);
#3920=CARTESIAN_POINT('',(-3.388350340435E-1,0.E0,4.804521943802E-1));
#3921=LINE('',#3920,#3919);
#3922=CARTESIAN_POINT('',(-1.335034043483E-3,0.E0,-4.804521943802E-1));
#3923=DIRECTION('',(0.E0,-1.E0,0.E0));
#3924=DIRECTION('',(-1.E0,0.E0,0.E0));
#3925=AXIS2_PLACEMENT_3D('',#3922,#3923,#3924);
#3927=DIRECTION('',(0.E0,1.E0,0.E0));
#3928=VECTOR('',#3927,7.5E-3);
#3929=CARTESIAN_POINT('',(-7.5E-3,0.E0,-1.125E0));
#3930=LINE('',#3929,#3928);
#3931=DIRECTION('',(0.E0,1.E0,0.E0));
#3932=VECTOR('',#3931,7.5E-3);
#3933=CARTESIAN_POINT('',(7.5E-3,0.E0,-1.125E0));
#3934=LINE('',#3933,#3932);
#3935=DIRECTION('',(0.E0,1.E0,0.E0));
#3936=VECTOR('',#3935,7.5E-3);
#3937=CARTESIAN_POINT('',(5.625E-1,0.E0,-5.7E-1));
#3938=LINE('',#3937,#3936);
#3939=DIRECTION('',(0.E0,1.E0,0.E0));
#3940=VECTOR('',#3939,7.5E-3);
#3941=CARTESIAN_POINT('',(5.625E-1,0.E0,5.7E-1));
#3942=LINE('',#3941,#3940);
#3943=DIRECTION('',(0.E0,1.E0,0.E0));
#3944=VECTOR('',#3943,7.5E-3);
#3945=CARTESIAN_POINT('',(7.5E-3,0.E0,1.125E0));
#3946=LINE('',#3945,#3944);
#3947=DIRECTION('',(0.E0,1.E0,0.E0));
#3948=VECTOR('',#3947,7.5E-3);
#3949=CARTESIAN_POINT('',(-7.5E-3,0.E0,1.125E0));
#3950=LINE('',#3949,#3948);
#3951=DIRECTION('',(0.E0,1.E0,0.E0));
#3952=VECTOR('',#3951,7.5E-3);
#3953=CARTESIAN_POINT('',(-5.625E-1,0.E0,5.7E-1));
#3954=LINE('',#3953,#3952);
#3955=DIRECTION('',(0.E0,1.E0,0.E0));
#3956=VECTOR('',#3955,7.5E-3);
#3957=CARTESIAN_POINT('',(-5.625E-1,0.E0,-5.7E-1));
#3958=LINE('',#3957,#3956);
#3959=CARTESIAN_POINT('',(-7.5E-3,7.5E-3,-5.7E-1));
#3960=DIRECTION('',(0.E0,1.E0,0.E0));
#3961=DIRECTION('',(0.E0,0.E0,-1.E0));
#3962=AXIS2_PLACEMENT_3D('',#3959,#3960,#3961);
#3964=DIRECTION('',(-1.E0,0.E0,0.E0));
#3965=VECTOR('',#3964,1.5E-2);
#3966=CARTESIAN_POINT('',(7.5E-3,7.5E-3,-1.125E0));
#3967=LINE('',#3966,#3965);
#3968=CARTESIAN_POINT('',(7.5E-3,7.5E-3,-5.7E-1));
#3969=DIRECTION('',(0.E0,1.E0,0.E0));
#3970=DIRECTION('',(1.E0,0.E0,0.E0));
#3971=AXIS2_PLACEMENT_3D('',#3968,#3969,#3970);
#3973=DIRECTION('',(0.E0,0.E0,-1.E0));
#3974=VECTOR('',#3973,1.14E0);
#3975=CARTESIAN_POINT('',(5.625E-1,7.5E-3,5.7E-1));
#3976=LINE('',#3975,#3974);
#3977=CARTESIAN_POINT('',(7.5E-3,7.5E-3,5.7E-1));
#3978=DIRECTION('',(0.E0,1.E0,0.E0));
#3979=DIRECTION('',(0.E0,0.E0,1.E0));
#3980=AXIS2_PLACEMENT_3D('',#3977,#3978,#3979);
#3982=DIRECTION('',(1.E0,0.E0,0.E0));
#3983=VECTOR('',#3982,1.5E-2);
#3984=CARTESIAN_POINT('',(-7.5E-3,7.5E-3,1.125E0));
#3985=LINE('',#3984,#3983);
#3986=CARTESIAN_POINT('',(-7.5E-3,7.5E-3,5.7E-1));
#3987=DIRECTION('',(0.E0,1.E0,0.E0));
#3988=DIRECTION('',(-1.E0,0.E0,0.E0));
#3989=AXIS2_PLACEMENT_3D('',#3986,#3987,#3988);
#3991=DIRECTION('',(0.E0,0.E0,1.E0));
#3992=VECTOR('',#3991,1.14E0);
#3993=CARTESIAN_POINT('',(-5.625E-1,7.5E-3,-5.7E-1));
#3994=LINE('',#3993,#3992);
#3995=DIRECTION('',(1.E0,0.E0,0.E0));
#3996=VECTOR('',#3995,2.670068086965E-3);
#3997=CARTESIAN_POINT('',(-1.335034043482E-3,7.5E-3,-8.179521943802E-1));
#3998=LINE('',#3997,#3996);
#3999=CARTESIAN_POINT('',(-1.335034043483E-3,7.5E-3,-4.804521943802E-1));
#4000=DIRECTION('',(0.E0,-1.E0,0.E0));
#4001=DIRECTION('',(-1.E0,0.E0,0.E0));
#4002=AXIS2_PLACEMENT_3D('',#3999,#4000,#4001);
#4004=DIRECTION('',(0.E0,0.E0,-1.E0));
#4005=VECTOR('',#4004,9.609043887604E-1);
#4006=CARTESIAN_POINT('',(-3.388350340435E-1,7.5E-3,4.804521943802E-1));
#4007=LINE('',#4006,#4005);
#4008=CARTESIAN_POINT('',(-1.335034043483E-3,7.5E-3,4.804521943802E-1));
#4009=DIRECTION('',(0.E0,-1.E0,0.E0));
#4010=DIRECTION('',(0.E0,0.E0,1.E0));
#4011=AXIS2_PLACEMENT_3D('',#4008,#4009,#4010);
#4013=DIRECTION('',(-1.E0,0.E0,0.E0));
#4014=VECTOR('',#4013,2.670068086965E-3);
#4015=CARTESIAN_POINT('',(1.335034043482E-3,7.5E-3,8.179521943802E-1));
#4016=LINE('',#4015,#4014);
#4017=CARTESIAN_POINT('',(1.335034043483E-3,7.5E-3,4.804521943802E-1));
#4018=DIRECTION('',(0.E0,-1.E0,0.E0));
#4019=DIRECTION('',(1.E0,0.E0,0.E0));
#4020=AXIS2_PLACEMENT_3D('',#4017,#4018,#4019);
#4022=DIRECTION('',(0.E0,0.E0,1.E0));
#4023=VECTOR('',#4022,9.609043887604E-1);
#4024=CARTESIAN_POINT('',(3.388350340435E-1,7.5E-3,-4.804521943802E-1));
#4025=LINE('',#4024,#4023);
#4026=CARTESIAN_POINT('',(1.335034043483E-3,7.5E-3,-4.804521943802E-1));
#4027=DIRECTION('',(0.E0,-1.E0,0.E0));
#4028=DIRECTION('',(0.E0,0.E0,-1.E0));
#4029=AXIS2_PLACEMENT_3D('',#4026,#4027,#4028);
#4031=DIRECTION('',(0.E0,1.E0,0.E0));
#4032=VECTOR('',#4031,7.5E-3);
#4033=CARTESIAN_POINT('',(-1.335034043482E-3,0.E0,-8.179521943802E-1));
#4034=LINE('',#4033,#4032);
#4035=DIRECTION('',(0.E0,1.E0,0.E0));
#4036=VECTOR('',#4035,7.5E-3);
#4037=CARTESIAN_POINT('',(-3.388350340435E-1,0.E0,-4.804521943802E-1));
#4038=LINE('',#4037,#4036);
#4039=DIRECTION('',(0.E0,1.E0,0.E0));
#4040=VECTOR('',#4039,7.5E-3);
#4041=CARTESIAN_POINT('',(-3.388350340435E-1,0.E0,4.804521943802E-1));
#4042=LINE('',#4041,#4040);
#4043=DIRECTION('',(0.E0,1.E0,0.E0));
#4044=VECTOR('',#4043,7.5E-3);
#4045=CARTESIAN_POINT('',(-1.335034043483E-3,0.E0,8.179521943802E-1));
#4046=LINE('',#4045,#4044);
#4047=DIRECTION('',(0.E0,1.E0,0.E0));
#4048=VECTOR('',#4047,7.5E-3);
#4049=CARTESIAN_POINT('',(1.335034043482E-3,0.E0,8.179521943802E-1));
#4050=LINE('',#4049,#4048);
#4051=DIRECTION('',(0.E0,1.E0,0.E0));
#4052=VECTOR('',#4051,7.5E-3);
#4053=CARTESIAN_POINT('',(3.388350340435E-1,0.E0,4.804521943802E-1));
#4054=LINE('',#4053,#4052);
#4055=DIRECTION('',(0.E0,1.E0,0.E0));
#4056=VECTOR('',#4055,7.5E-3);
#4057=CARTESIAN_POINT('',(3.388350340435E-1,0.E0,-4.804521943802E-1));
#4058=LINE('',#4057,#4056);
#4059=DIRECTION('',(0.E0,1.E0,0.E0));
#4060=VECTOR('',#4059,7.5E-3);
#4061=CARTESIAN_POINT('',(1.335034043483E-3,0.E0,-8.179521943802E-1));
#4062=LINE('',#4061,#4060);
#4063=CARTESIAN_POINT('',(-7.5E-3,0.E0,-1.125E0));
#4064=CARTESIAN_POINT('',(-5.625E-1,0.E0,-5.7E-1));
#4065=VERTEX_POINT('',#4063);
#4066=VERTEX_POINT('',#4064);
#4067=CARTESIAN_POINT('',(-5.625E-1,0.E0,5.7E-1));
#4068=VERTEX_POINT('',#4067);
#4069=CARTESIAN_POINT('',(-7.5E-3,0.E0,1.125E0));
#4070=VERTEX_POINT('',#4069);
#4071=CARTESIAN_POINT('',(7.5E-3,0.E0,1.125E0));
#4072=VERTEX_POINT('',#4071);
#4073=CARTESIAN_POINT('',(5.625E-1,0.E0,5.7E-1));
#4074=VERTEX_POINT('',#4073);
#4075=CARTESIAN_POINT('',(5.625E-1,0.E0,-5.7E-1));
#4076=VERTEX_POINT('',#4075);
#4077=CARTESIAN_POINT('',(7.5E-3,0.E0,-1.125E0));
#4078=VERTEX_POINT('',#4077);
#4079=CARTESIAN_POINT('',(-1.335034043482E-3,0.E0,-8.179521943802E-1));
#4080=CARTESIAN_POINT('',(1.335034043483E-3,0.E0,-8.179521943802E-1));
#4081=VERTEX_POINT('',#4079);
#4082=VERTEX_POINT('',#4080);
#4083=CARTESIAN_POINT('',(3.388350340435E-1,0.E0,-4.804521943802E-1));
#4084=VERTEX_POINT('',#4083);
#4085=CARTESIAN_POINT('',(3.388350340435E-1,0.E0,4.804521943802E-1));
#4086=VERTEX_POINT('',#4085);
#4087=CARTESIAN_POINT('',(1.335034043482E-3,0.E0,8.179521943802E-1));
#4088=VERTEX_POINT('',#4087);
#4089=CARTESIAN_POINT('',(-1.335034043483E-3,0.E0,8.179521943802E-1));
#4090=VERTEX_POINT('',#4089);
#4091=CARTESIAN_POINT('',(-3.388350340435E-1,0.E0,4.804521943802E-1));
#4092=VERTEX_POINT('',#4091);
#4093=CARTESIAN_POINT('',(-3.388350340435E-1,0.E0,-4.804521943802E-1));
#4094=VERTEX_POINT('',#4093);
#4095=CARTESIAN_POINT('',(-7.5E-3,7.5E-3,-1.125E0));
#4096=CARTESIAN_POINT('',(-5.625E-1,7.5E-3,-5.7E-1));
#4097=VERTEX_POINT('',#4095);
#4098=VERTEX_POINT('',#4096);
#4099=CARTESIAN_POINT('',(-5.625E-1,7.5E-3,5.7E-1));
#4100=VERTEX_POINT('',#4099);
#4101=CARTESIAN_POINT('',(-7.5E-3,7.5E-3,1.125E0));
#4102=VERTEX_POINT('',#4101);
#4103=CARTESIAN_POINT('',(7.5E-3,7.5E-3,1.125E0));
#4104=VERTEX_POINT('',#4103);
#4105=CARTESIAN_POINT('',(5.625E-1,7.5E-3,5.7E-1));
#4106=VERTEX_POINT('',#4105);
#4107=CARTESIAN_POINT('',(5.625E-1,7.5E-3,-5.7E-1));
#4108=VERTEX_POINT('',#4107);
#4109=CARTESIAN_POINT('',(7.5E-3,7.5E-3,-1.125E0));
#4110=VERTEX_POINT('',#4109);
#4111=CARTESIAN_POINT('',(-1.335034043482E-3,7.5E-3,-8.179521943802E-1));
#4112=CARTESIAN_POINT('',(1.335034043483E-3,7.5E-3,-8.179521943802E-1));
#4113=VERTEX_POINT('',#4111);
#4114=VERTEX_POINT('',#4112);
#4115=CARTESIAN_POINT('',(3.388350340435E-1,7.5E-3,-4.804521943802E-1));
#4116=VERTEX_POINT('',#4115);
#4117=CARTESIAN_POINT('',(3.388350340435E-1,7.5E-3,4.804521943802E-1));
#4118=VERTEX_POINT('',#4117);
#4119=CARTESIAN_POINT('',(1.335034043482E-3,7.5E-3,8.179521943802E-1));
#4120=VERTEX_POINT('',#4119);
#4121=CARTESIAN_POINT('',(-1.335034043483E-3,7.5E-3,8.179521943802E-1));
#4122=VERTEX_POINT('',#4121);
#4123=CARTESIAN_POINT('',(-3.388350340435E-1,7.5E-3,4.804521943802E-1));
#4124=VERTEX_POINT('',#4123);
#4125=CARTESIAN_POINT('',(-3.388350340435E-1,7.5E-3,-4.804521943802E-1));
#4126=VERTEX_POINT('',#4125);
#4127=CARTESIAN_POINT('',(0.E0,0.E0,0.E0));
#4128=DIRECTION('',(0.E0,1.E0,0.E0));
#4129=DIRECTION('',(1.E0,0.E0,0.E0));
#4130=AXIS2_PLACEMENT_3D('',#4127,#4128,#4129);
#4131=PLANE('',#4130);
#4133=ORIENTED_EDGE('',*,*,#4132,.T.);
#4135=ORIENTED_EDGE('',*,*,#4134,.T.);
#4137=ORIENTED_EDGE('',*,*,#4136,.T.);
#4139=ORIENTED_EDGE('',*,*,#4138,.T.);
#4141=ORIENTED_EDGE('',*,*,#4140,.T.);
#4143=ORIENTED_EDGE('',*,*,#4142,.T.);
#4145=ORIENTED_EDGE('',*,*,#4144,.T.);
#4147=ORIENTED_EDGE('',*,*,#4146,.T.);
#4148=EDGE_LOOP('',(#4133,#4135,#4137,#4139,#4141,#4143,#4145,#4147));
#4149=FACE_OUTER_BOUND('',#4148,.F.);
#4151=ORIENTED_EDGE('',*,*,#4150,.T.);
#4153=ORIENTED_EDGE('',*,*,#4152,.T.);
#4155=ORIENTED_EDGE('',*,*,#4154,.T.);
#4157=ORIENTED_EDGE('',*,*,#4156,.T.);
#4159=ORIENTED_EDGE('',*,*,#4158,.T.);
#4161=ORIENTED_EDGE('',*,*,#4160,.T.);
#4163=ORIENTED_EDGE('',*,*,#4162,.T.);
#4165=ORIENTED_EDGE('',*,*,#4164,.T.);
#4166=EDGE_LOOP('',(#4151,#4153,#4155,#4157,#4159,#4161,#4163,#4165));
#4167=FACE_BOUND('',#4166,.F.);
#4169=FILL_AREA_STYLE_COLOUR('',#21);
#4170=FILL_AREA_STYLE('',(#4169));
#4171=SURFACE_STYLE_FILL_AREA(#4170);
#4172=SURFACE_SIDE_STYLE('',(#4171));
#4173=SURFACE_STYLE_USAGE(.POSITIVE.,#4172);
#4174=PRESENTATION_STYLE_ASSIGNMENT((#4173));
#4175=STYLED_ITEM('',(#4174),#4168);
#4176=CARTESIAN_POINT('',(-7.5E-3,0.E0,-5.7E-1));
#4177=DIRECTION('',(0.E0,1.E0,0.E0));
#4178=DIRECTION('',(1.E0,0.E0,0.E0));
#4179=AXIS2_PLACEMENT_3D('',#4176,#4177,#4178);
#4180=CYLINDRICAL_SURFACE('',#4179,5.55E-1);
#4181=ORIENTED_EDGE('',*,*,#4132,.F.);
#4183=ORIENTED_EDGE('',*,*,#4182,.T.);
#4185=ORIENTED_EDGE('',*,*,#4184,.T.);
#4187=ORIENTED_EDGE('',*,*,#4186,.F.);
#4188=EDGE_LOOP('',(#4181,#4183,#4185,#4187));
#4189=FACE_OUTER_BOUND('',#4188,.F.);
#4191=CARTESIAN_POINT('',(7.5E-3,0.E0,-1.125E0));
#4192=DIRECTION('',(0.E0,0.E0,-1.E0));
#4193=DIRECTION('',(-1.E0,0.E0,0.E0));
#4194=AXIS2_PLACEMENT_3D('',#4191,#4192,#4193);
#4195=PLANE('',#4194);
#4196=ORIENTED_EDGE('',*,*,#4146,.F.);
#4198=ORIENTED_EDGE('',*,*,#4197,.T.);
#4200=ORIENTED_EDGE('',*,*,#4199,.T.);
#4201=ORIENTED_EDGE('',*,*,#4182,.F.);
#4202=EDGE_LOOP('',(#4196,#4198,#4200,#4201));
#4203=FACE_OUTER_BOUND('',#4202,.F.);
#4205=CARTESIAN_POINT('',(7.5E-3,0.E0,-5.7E-1));
#4206=DIRECTION('',(0.E0,1.E0,0.E0));
#4207=DIRECTION('',(1.E0,0.E0,0.E0));
#4208=AXIS2_PLACEMENT_3D('',#4205,#4206,#4207);
#4209=CYLINDRICAL_SURFACE('',#4208,5.55E-1);
#4210=ORIENTED_EDGE('',*,*,#4144,.F.);
#4212=ORIENTED_EDGE('',*,*,#4211,.T.);
#4214=ORIENTED_EDGE('',*,*,#4213,.T.);
#4215=ORIENTED_EDGE('',*,*,#4197,.F.);
#4216=EDGE_LOOP('',(#4210,#4212,#4214,#4215));
#4217=FACE_OUTER_BOUND('',#4216,.F.);
#4219=CARTESIAN_POINT('',(5.625E-1,0.E0,5.7E-1));
#4220=DIRECTION('',(1.E0,0.E0,0.E0));
#4221=DIRECTION('',(0.E0,0.E0,-1.E0));
#4222=AXIS2_PLACEMENT_3D('',#4219,#4220,#4221);
#4223=PLANE('',#4222);
#4224=ORIENTED_EDGE('',*,*,#4142,.F.);
#4226=ORIENTED_EDGE('',*,*,#4225,.T.);
#4228=ORIENTED_EDGE('',*,*,#4227,.T.);
#4229=ORIENTED_EDGE('',*,*,#4211,.F.);
#4230=EDGE_LOOP('',(#4224,#4226,#4228,#4229));
#4231=FACE_OUTER_BOUND('',#4230,.F.);
#4233=CARTESIAN_POINT('',(7.5E-3,0.E0,5.7E-1));
#4234=DIRECTION('',(0.E0,1.E0,0.E0));
#4235=DIRECTION('',(1.E0,0.E0,0.E0));
#4236=AXIS2_PLACEMENT_3D('',#4233,#4234,#4235);
#4237=CYLINDRICAL_SURFACE('',#4236,5.55E-1);
#4238=ORIENTED_EDGE('',*,*,#4140,.F.);
#4240=ORIENTED_EDGE('',*,*,#4239,.T.);
#4242=ORIENTED_EDGE('',*,*,#4241,.T.);
#4243=ORIENTED_EDGE('',*,*,#4225,.F.);
#4244=EDGE_LOOP('',(#4238,#4240,#4242,#4243));
#4245=FACE_OUTER_BOUND('',#4244,.F.);
#4247=CARTESIAN_POINT('',(-7.5E-3,0.E0,1.125E0));
#4248=DIRECTION('',(0.E0,0.E0,1.E0));
#4249=DIRECTION('',(1.E0,0.E0,0.E0));
#4250=AXIS2_PLACEMENT_3D('',#4247,#4248,#4249);
#4251=PLANE('',#4250);
#4252=ORIENTED_EDGE('',*,*,#4138,.F.);
#4254=ORIENTED_EDGE('',*,*,#4253,.T.);
#4256=ORIENTED_EDGE('',*,*,#4255,.T.);
#4257=ORIENTED_EDGE('',*,*,#4239,.F.);
#4258=EDGE_LOOP('',(#4252,#4254,#4256,#4257));
#4259=FACE_OUTER_BOUND('',#4258,.F.);
#4261=CARTESIAN_POINT('',(-7.5E-3,0.E0,5.7E-1));
#4262=DIRECTION('',(0.E0,1.E0,0.E0));
#4263=DIRECTION('',(1.E0,0.E0,0.E0));
#4264=AXIS2_PLACEMENT_3D('',#4261,#4262,#4263);
#4265=CYLINDRICAL_SURFACE('',#4264,5.55E-1);
#4266=ORIENTED_EDGE('',*,*,#4136,.F.);
#4268=ORIENTED_EDGE('',*,*,#4267,.T.);
#4270=ORIENTED_EDGE('',*,*,#4269,.T.);
#4271=ORIENTED_EDGE('',*,*,#4253,.F.);
#4272=EDGE_LOOP('',(#4266,#4268,#4270,#4271));
#4273=FACE_OUTER_BOUND('',#4272,.F.);
#4275=CARTESIAN_POINT('',(-5.625E-1,0.E0,-5.7E-1));
#4276=DIRECTION('',(-1.E0,0.E0,0.E0));
#4277=DIRECTION('',(0.E0,0.E0,1.E0));
#4278=AXIS2_PLACEMENT_3D('',#4275,#4276,#4277);
#4279=PLANE('',#4278);
#4280=ORIENTED_EDGE('',*,*,#4134,.F.);
#4281=ORIENTED_EDGE('',*,*,#4186,.T.);
#4283=ORIENTED_EDGE('',*,*,#4282,.T.);
#4284=ORIENTED_EDGE('',*,*,#4267,.F.);
#4285=EDGE_LOOP('',(#4280,#4281,#4283,#4284));
#4286=FACE_OUTER_BOUND('',#4285,.F.);
#4288=CARTESIAN_POINT('',(0.E0,7.5E-3,0.E0));
#4289=DIRECTION('',(0.E0,1.E0,0.E0));
#4290=DIRECTION('',(1.E0,0.E0,0.E0));
#4291=AXIS2_PLACEMENT_3D('',#4288,#4289,#4290);
#4292=PLANE('',#4291);
#4293=ORIENTED_EDGE('',*,*,#4184,.F.);
#4294=ORIENTED_EDGE('',*,*,#4199,.F.);
#4295=ORIENTED_EDGE('',*,*,#4213,.F.);
#4296=ORIENTED_EDGE('',*,*,#4227,.F.);
#4297=ORIENTED_EDGE('',*,*,#4241,.F.);
#4298=ORIENTED_EDGE('',*,*,#4255,.F.);
#4299=ORIENTED_EDGE('',*,*,#4269,.F.);
#4300=ORIENTED_EDGE('',*,*,#4282,.F.);
#4301=EDGE_LOOP('',(#4293,#4294,#4295,#4296,#4297,#4298,#4299,#4300));
#4302=FACE_OUTER_BOUND('',#4301,.F.);
#4304=ORIENTED_EDGE('',*,*,#4303,.F.);
#4306=ORIENTED_EDGE('',*,*,#4305,.F.);
#4308=ORIENTED_EDGE('',*,*,#4307,.F.);
#4310=ORIENTED_EDGE('',*,*,#4309,.F.);
#4312=ORIENTED_EDGE('',*,*,#4311,.F.);
#4314=ORIENTED_EDGE('',*,*,#4313,.F.);
#4316=ORIENTED_EDGE('',*,*,#4315,.F.);
#4318=ORIENTED_EDGE('',*,*,#4317,.F.);
#4319=EDGE_LOOP('',(#4304,#4306,#4308,#4310,#4312,#4314,#4316,#4318));
#4320=FACE_BOUND('',#4319,.F.);
#4322=FILL_AREA_STYLE_COLOUR('',#21);
#4323=FILL_AREA_STYLE('',(#4322));
#4324=SURFACE_STYLE_FILL_AREA(#4323);
#4325=SURFACE_SIDE_STYLE('',(#4324));
#4326=SURFACE_STYLE_USAGE(.POSITIVE.,#4325);
#4327=PRESENTATION_STYLE_ASSIGNMENT((#4326));
#4328=STYLED_ITEM('',(#4327),#4321);
#4329=CARTESIAN_POINT('',(-1.335034043483E-3,0.E0,-8.179521943802E-1));
#4330=DIRECTION('',(0.E0,0.E0,1.E0));
#4331=DIRECTION('',(1.E0,0.E0,0.E0));
#4332=AXIS2_PLACEMENT_3D('',#4329,#4330,#4331);
#4333=PLANE('',#4332);
#4334=ORIENTED_EDGE('',*,*,#4150,.F.);
#4336=ORIENTED_EDGE('',*,*,#4335,.T.);
#4337=ORIENTED_EDGE('',*,*,#4303,.T.);
#4339=ORIENTED_EDGE('',*,*,#4338,.F.);
#4340=EDGE_LOOP('',(#4334,#4336,#4337,#4339));
#4341=FACE_OUTER_BOUND('',#4340,.F.);
#4343=CARTESIAN_POINT('',(-1.335034043483E-3,0.E0,-4.804521943802E-1));
#4344=DIRECTION('',(0.E0,1.E0,0.E0));
#4345=DIRECTION('',(1.E0,0.E0,0.E0));
#4346=AXIS2_PLACEMENT_3D('',#4343,#4344,#4345);
#4347=CYLINDRICAL_SURFACE('',#4346,3.375E-1);
#4348=ORIENTED_EDGE('',*,*,#4164,.F.);
#4350=ORIENTED_EDGE('',*,*,#4349,.T.);
#4351=ORIENTED_EDGE('',*,*,#4305,.T.);
#4352=ORIENTED_EDGE('',*,*,#4335,.F.);
#4353=EDGE_LOOP('',(#4348,#4350,#4351,#4352));
#4354=FACE_OUTER_BOUND('',#4353,.F.);
#4356=CARTESIAN_POINT('',(-3.388350340435E-1,0.E0,4.804521943802E-1));
#4357=DIRECTION('',(1.E0,0.E0,0.E0));
#4358=DIRECTION('',(0.E0,0.E0,-1.E0));
#4359=AXIS2_PLACEMENT_3D('',#4356,#4357,#4358);
#4360=PLANE('',#4359);
#4361=ORIENTED_EDGE('',*,*,#4162,.F.);
#4363=ORIENTED_EDGE('',*,*,#4362,.T.);
#4364=ORIENTED_EDGE('',*,*,#4307,.T.);
#4365=ORIENTED_EDGE('',*,*,#4349,.F.);
#4366=EDGE_LOOP('',(#4361,#4363,#4364,#4365));
#4367=FACE_OUTER_BOUND('',#4366,.F.);
#4369=CARTESIAN_POINT('',(-1.335034043483E-3,0.E0,4.804521943802E-1));
#4370=DIRECTION('',(0.E0,1.E0,0.E0));
#4371=DIRECTION('',(1.E0,0.E0,0.E0));
#4372=AXIS2_PLACEMENT_3D('',#4369,#4370,#4371);
#4373=CYLINDRICAL_SURFACE('',#4372,3.375E-1);
#4374=ORIENTED_EDGE('',*,*,#4160,.F.);
#4376=ORIENTED_EDGE('',*,*,#4375,.T.);
#4377=ORIENTED_EDGE('',*,*,#4309,.T.);
#4378=ORIENTED_EDGE('',*,*,#4362,.F.);
#4379=EDGE_LOOP('',(#4374,#4376,#4377,#4378));
#4380=FACE_OUTER_BOUND('',#4379,.F.);
#4382=CARTESIAN_POINT('',(1.335034043483E-3,0.E0,8.179521943802E-1));
#4383=DIRECTION('',(0.E0,0.E0,-1.E0));
#4384=DIRECTION('',(-1.E0,0.E0,0.E0));
#4385=AXIS2_PLACEMENT_3D('',#4382,#4383,#4384);
#4386=PLANE('',#4385);
#4387=ORIENTED_EDGE('',*,*,#4158,.F.);
#4389=ORIENTED_EDGE('',*,*,#4388,.T.);
#4390=ORIENTED_EDGE('',*,*,#4311,.T.);
#4391=ORIENTED_EDGE('',*,*,#4375,.F.);
#4392=EDGE_LOOP('',(#4387,#4389,#4390,#4391));
#4393=FACE_OUTER_BOUND('',#4392,.F.);
#4395=CARTESIAN_POINT('',(1.335034043483E-3,0.E0,4.804521943802E-1));
#4396=DIRECTION('',(0.E0,1.E0,0.E0));
#4397=DIRECTION('',(1.E0,0.E0,0.E0));
#4398=AXIS2_PLACEMENT_3D('',#4395,#4396,#4397);
#4399=CYLINDRICAL_SURFACE('',#4398,3.375E-1);
#4400=ORIENTED_EDGE('',*,*,#4156,.F.);
#4402=ORIENTED_EDGE('',*,*,#4401,.T.);
#4403=ORIENTED_EDGE('',*,*,#4313,.T.);
#4404=ORIENTED_EDGE('',*,*,#4388,.F.);
#4405=EDGE_LOOP('',(#4400,#4402,#4403,#4404));
#4406=FACE_OUTER_BOUND('',#4405,.F.);
#4408=CARTESIAN_POINT('',(3.388350340435E-1,0.E0,-4.804521943802E-1));
#4409=DIRECTION('',(-1.E0,0.E0,0.E0));
#4410=DIRECTION('',(0.E0,0.E0,1.E0));
#4411=AXIS2_PLACEMENT_3D('',#4408,#4409,#4410);
#4412=PLANE('',#4411);
#4413=ORIENTED_EDGE('',*,*,#4154,.F.);
#4415=ORIENTED_EDGE('',*,*,#4414,.T.);
#4416=ORIENTED_EDGE('',*,*,#4315,.T.);
#4417=ORIENTED_EDGE('',*,*,#4401,.F.);
#4418=EDGE_LOOP('',(#4413,#4415,#4416,#4417));
#4419=FACE_OUTER_BOUND('',#4418,.F.);
#4421=CARTESIAN_POINT('',(1.335034043483E-3,0.E0,-4.804521943802E-1));
#4422=DIRECTION('',(0.E0,1.E0,0.E0));
#4423=DIRECTION('',(1.E0,0.E0,0.E0));
#4424=AXIS2_PLACEMENT_3D('',#4421,#4422,#4423);
#4425=CYLINDRICAL_SURFACE('',#4424,3.375E-1);
#4426=ORIENTED_EDGE('',*,*,#4152,.F.);
#4427=ORIENTED_EDGE('',*,*,#4338,.T.);
#4428=ORIENTED_EDGE('',*,*,#4317,.T.);
#4429=ORIENTED_EDGE('',*,*,#4414,.F.);
#4430=EDGE_LOOP('',(#4426,#4427,#4428,#4429));
#4431=FACE_OUTER_BOUND('',#4430,.F.);
#4433=CLOSED_SHELL('',(#4168,#4190,#4204,#4218,#4232,#4246,#4260,#4274,#4287,
#4321,#4342,#4355,#4368,#4381,#4394,#4407,#4420,#4432));
#4434=MANIFOLD_SOLID_BREP('',#4433);
#4437=PLANE_ANGLE_MEASURE_WITH_UNIT(PLANE_ANGLE_MEASURE(1.745329251994E-2),
#4436);
#4438=(CONVERSION_BASED_UNIT('DEGREE',#4437)NAMED_UNIT(*)PLANE_ANGLE_UNIT());
#4440=UNCERTAINTY_MEASURE_WITH_UNIT(LENGTH_MEASURE(2.767023436791E-4),#4435,
'distance_accuracy_value',
'Maximum model space distance between geometric entities at asserted connectivities');
#4442=CARTESIAN_POINT('',(0.E0,0.E0,0.E0));
#4443=DIRECTION('',(0.E0,0.E0,1.E0));
#4444=DIRECTION('',(1.E0,0.E0,0.E0));
#4447=PRODUCT_CONTEXT('',#3054,'mechanical');
#4448=PRODUCT('YUAN08000790','YUAN08000790','NOT SPECIFIED',(#4447));
#4449=PRODUCT_DEFINITION_FORMATION('3','LAST_VERSION',#4448);
#4457=DERIVED_UNIT_ELEMENT(#4456,2.E0);
#4458=DERIVED_UNIT((#4457));
#4459=MEASURE_REPRESENTATION_ITEM('surface area measure',AREA_MEASURE(
2.585863889320E0),#4458);
#4464=DERIVED_UNIT_ELEMENT(#4463,3.E0);
#4465=DERIVED_UNIT((#4464));
#4466=MEASURE_REPRESENTATION_ITEM('volume measure',VOLUME_MEASURE(
9.420102003070E-3),#4465);
#4470=CARTESIAN_POINT('centre point',(0.E0,3.75E-3,0.E0));
#4475=DERIVED_UNIT_ELEMENT(#4474,2.E0);
#4476=DERIVED_UNIT((#4475));
#4477=MEASURE_REPRESENTATION_ITEM('surface area measure',AREA_MEASURE(
2.585863889320E0),#4476);
#4482=DERIVED_UNIT_ELEMENT(#4481,3.E0);
#4483=DERIVED_UNIT((#4482));
#4484=MEASURE_REPRESENTATION_ITEM('volume measure',VOLUME_MEASURE(
9.420102003070E-3),#4483);
#4488=CARTESIAN_POINT('centre point',(0.E0,3.75E-3,0.E0));
#4495=CARTESIAN_POINT('centre point',(5.156747253792E0,4.149647837636E0,
-8.560071549136E0));
#4499=CARTESIAN_POINT('',(5.156747253792E0,4.149744434111E0,-8.556322793459E0));
#4500=DIRECTION('',(9.999879912678E-1,-4.899120728346E-3,1.262386340325E-4));
#4501=DIRECTION('',(-4.900746892427E-3,-9.996561756103E-1,2.575875082664E-2));
#4502=AXIS2_PLACEMENT_3D('',#4499,#4500,#4501);
#4503=ITEM_DEFINED_TRANSFORMATION('','',#4445,#4502);
#4504=(REPRESENTATION_RELATIONSHIP('','',#4446,#3105)REPRESENTATION_RELATIONSHIP_WITH_TRANSFORMATION(#4503)SHAPE_REPRESENTATION_RELATIONSHIP());
#4505=CONTEXT_DEPENDENT_SHAPE_REPRESENTATION(#4504,#4494);
#4508=PLANE_ANGLE_MEASURE_WITH_UNIT(PLANE_ANGLE_MEASURE(1.745329251994E-2),
#4507);
#4509=(CONVERSION_BASED_UNIT('DEGREE',#4508)NAMED_UNIT(*)PLANE_ANGLE_UNIT());
#4511=UNCERTAINTY_MEASURE_WITH_UNIT(LENGTH_MEASURE(1.463191277799E-3),#4506,
'distance_accuracy_value',
'Maximum model space distance between geometric entities at asserted connectivities');
#4513=CARTESIAN_POINT('',(0.E0,0.E0,0.E0));
#4514=DIRECTION('',(0.E0,0.E0,1.E0));
#4515=DIRECTION('',(1.E0,0.E0,0.E0));
#4517=MECHANICAL_DESIGN_GEOMETRIC_PRESENTATION_REPRESENTATION('',(#34,#41,#48,
#55,#62,#69,#76,#83,#90,#98,#105,#112,#120,#127,#135,#143,#151,#159,#167,#175,
#183,#191,#198,#205,#212,#219,#226,#233,#240,#247,#255,#263,#270,#277,#284,#292,
#300,#307,#314,#321,#328,#335,#342,#349,#356,#363,#370,#377,#384,#391,#398,#405,
#412,#419,#426,#433,#441,#448,#455,#463,#470,#477,#485,#492,#500,#507,#515,#522,
#530,#537,#544,#551,#558,#566,#573,#581,#588,#596,#603,#610,#618,#625,#632,#639,
#646,#653,#660,#667,#674,#681,#688,#695,#702,#709,#716,#723,#730,#737,#744,#751,
#758,#765,#772,#779,#786,#793,#800,#807,#814,#821,#828,#835,#842,#849,#856,#863,
#870,#877,#884,#891,#898,#905,#912,#919,#926,#933,#940,#947,#955,#962,#970,#977,
#984,#992,#999,#1007,#1014,#1022,#1029,#1036,#1043,#1050,#1057,#1064,#1071,
#1078,#1085,#1092,#1099,#1106,#1113,#1120,#1127,#1144,#1151,#1158,#1165,#1172,
#1179,#1186,#1193,#1200,#1208,#1215,#1222,#1229,#1236,#1243,#1250,#1257,#1264,
#1271,#1278,#1285,#1292,#1299,#1306,#1323,#1330,#1337,#1345,#1353,#1361,#1369,
#1377,#1385,#1393,#1401,#1408,#1415,#1422,#1429,#1436,#1443,#2480,#2507,#2533,
#2559,#2584,#2611,#2635,#2726,#2753,#2783,#2808,#2833,#2857,#2881,#26,#3127,
#3135,#3143,#3150,#3158,#3166,#3173,#3181,#3189,#3197,#3204,#3212,#3220,#3227,
#3235,#3243,#3251,#3259,#3267,#3275,#3283,#3291,#3299,#3307,#3315,#3323,#3119,
#3755,#4175,#4328),#4512);
#4518=PRODUCT_DEFINITION_CONTEXT('part definition',#3054,'design');
#4519=PRODUCT_CONTEXT('',#3054,'mechanical');
#4520=PRODUCT('08000790_ASM','08000790_ASM','NOT SPECIFIED',(#4519));
#4521=PRODUCT_DEFINITION_FORMATION('1','LAST_VERSION',#4520);
#4524=DERIVED_UNIT_ELEMENT(#4523,2.E0);
#4525=DERIVED_UNIT((#4524));
#4526=MEASURE_REPRESENTATION_ITEM('surface area measure',AREA_MEASURE(
5.206011744783E2),#4525);
#4531=DERIVED_UNIT_ELEMENT(#4530,3.E0);
#4532=DERIVED_UNIT((#4531));
#4533=MEASURE_REPRESENTATION_ITEM('volume measure',VOLUME_MEASURE(
4.116472563102E2),#4532);
#4537=CARTESIAN_POINT('centre point',(3.845033783234E0,4.150014507628E0,
-4.610581076189E0));
#4541=PRODUCT_RELATED_PRODUCT_CATEGORY('part','',(#4520,#3058,#3563,#3797,
#4448));
#1=DRAUGHTING_PRE_DEFINED_COLOUR('green');
#2=COLOUR_RGB('',1.1E-2,1.2E-2,1.E0);
#3=COLOUR_RGB('',1.607843137255E-1,1.607843137255E-1,1.803921568627E-1);
#4=COLOUR_RGB('',1.9E-1,1.9E-1,2.2E-1);
#5=COLOUR_RGB('',2.392156862745E-1,2.509803921569E-1,2.588235294118E-1);
#6=COLOUR_RGB('',4.1E-1,2.61589E-1,1.12848E-1);
#7=COLOUR_RGB('',5.04854E-1,1.5455E-2,1.5455E-2);
#8=COLOUR_RGB('',5.176470588235E-1,3.372549019608E-1,3.490196078431E-1);
#9=COLOUR_RGB('',6.352941176471E-1,6.862745098039E-1,7.490196078431E-1);
#10=COLOUR_RGB('',6.40777E-1,6.40777E-1,6.40777E-1);
#11=COLOUR_RGB('',6.69062E-1,6.69903E-1,6.55217E-1);
#12=COLOUR_RGB('',7.843137254902E-1,7.843137254902E-1,2.078431372549E-1);
#13=COLOUR_RGB('',8.196078431373E-1,8.117647058824E-1,8.117647058824E-1);
#14=COLOUR_RGB('',8.588235294118E-1,8.705882352941E-1,3.098039215686E-1);
#15=COLOUR_RGB('',8.705882352941E-1,9.019607843137E-1,9.098039215686E-1);
#16=COLOUR_RGB('',9.21569E-1,7.05882E-1,4.70588E-1);
#17=DRAUGHTING_PRE_DEFINED_COLOUR('red');
#18=COLOUR_RGB('',1.E0,9.215686274510E-1,4.313725490196E-1);
#19=DRAUGHTING_PRE_DEFINED_COLOUR('yellow');
#20=COLOUR_RGB('',1.E0,1.E0,5.3E-1);
#21=COLOUR_RGB('',1.E0,1.E0,9.49E-1);
#22=DRAUGHTING_PRE_DEFINED_COLOUR('white');
#23=COLOUR_RGB('',2.1E-1,2.2E-1,2.2E-1);
#24=COLOUR_RGB('',8.3E-1,8.4E-1,8.3E-1);
#25=COLOUR_RGB('',9.E-1,9.2E-1,9.2E-1);
#95=CIRCLE('',#94,3.47221875E-1);
#117=CIRCLE('',#116,3.47221875E-1);
#132=CIRCLE('',#131,1.533336648480E-1);
#140=CIRCLE('',#139,1.533336648480E-1);
#148=CIRCLE('',#147,1.533336648480E-1);
#156=CIRCLE('',#155,1.533336648480E-1);
#164=CIRCLE('',#163,1.533336648480E-1);
#172=CIRCLE('',#171,1.533336648480E-1);
#180=CIRCLE('',#179,1.533336648480E-1);
#188=CIRCLE('',#187,1.533336648480E-1);
#252=CIRCLE('',#251,5.4E-1);
#260=CIRCLE('',#259,5.4E-1);
#289=CIRCLE('',#288,5.4E-1);
#297=CIRCLE('',#296,5.4E-1);
#438=CIRCLE('',#437,4.E0);
#460=CIRCLE('',#459,4.E0);
#482=CIRCLE('',#481,4.E0);
#497=CIRCLE('',#496,4.E0);
#512=CIRCLE('',#511,4.E0);
#527=CIRCLE('',#526,4.E0);
#563=CIRCLE('',#562,3.47221875E-1);
#578=CIRCLE('',#577,4.E0);
#593=CIRCLE('',#592,4.E0);
#615=CIRCLE('',#614,3.47221875E-1);
#952=CIRCLE('',#951,5.4E-1);
#967=CIRCLE('',#966,5.4E-1);
#989=CIRCLE('',#988,5.4E-1);
#1004=CIRCLE('',#1003,5.4E-1);
#1019=CIRCLE('',#1018,4.5E-1);
#1141=B_SPLINE_CURVE_WITH_KNOTS('',3,(#1128,#1129,#1130,#1131,#1132,#1133,#1134,
#1135,#1136,#1137,#1138,#1139,#1140),.UNSPECIFIED.,.F.,.F.,(4,1,1,1,1,1,1,1,1,1,
4),(0.E0,1.25E-1,2.5E-1,3.75E-1,4.375E-1,5.E-1,5.625E-1,6.25E-1,7.5E-1,8.75E-1,
1.E0),.UNSPECIFIED.);
#1205=CIRCLE('',#1204,4.5E-1);
#1320=B_SPLINE_CURVE_WITH_KNOTS('',3,(#1307,#1308,#1309,#1310,#1311,#1312,#1313,
#1314,#1315,#1316,#1317,#1318,#1319),.UNSPECIFIED.,.F.,.F.,(4,1,1,1,1,1,1,1,1,1,
4),(0.E0,1.25E-1,2.5E-1,3.75E-1,4.375E-1,5.E-1,5.625E-1,6.25E-1,7.5E-1,8.75E-1,
1.E0),.UNSPECIFIED.);
#1342=CIRCLE('',#1341,1.533336648480E-1);
#1350=CIRCLE('',#1349,1.533336648480E-1);
#1358=CIRCLE('',#1357,1.533336648480E-1);
#1366=CIRCLE('',#1365,1.533336648480E-1);
#1374=CIRCLE('',#1373,1.533336648480E-1);
#1382=CIRCLE('',#1381,1.533336648480E-1);
#1390=CIRCLE('',#1389,1.533336648480E-1);
#1398=CIRCLE('',#1397,1.533336648480E-1);
#1705=EDGE_CURVE('',#1502,#1503,#30,.T.);
#1707=EDGE_CURVE('',#1502,#1462,#38,.T.);
#1709=EDGE_CURVE('',#1462,#1463,#45,.T.);
#1711=EDGE_CURVE('',#1463,#1465,#52,.T.);
#1713=EDGE_CURVE('',#1503,#1465,#209,.T.);
#1717=EDGE_CURVE('',#1578,#1579,#180,.T.);
#1719=EDGE_CURVE('',#1579,#1578,#188,.T.);
#1723=ADVANCED_FACE('',(#1716,#1722),#1704,.F.);
#1729=EDGE_CURVE('',#1506,#1507,#59,.T.);
#1731=EDGE_CURVE('',#1471,#1506,#937,.T.);
#1733=EDGE_CURVE('',#1471,#1469,#66,.T.);
#1735=EDGE_CURVE('',#1468,#1469,#73,.T.);
#1737=EDGE_CURVE('',#1507,#1468,#804,.T.);
#1741=EDGE_CURVE('',#1566,#1567,#132,.T.);
#1743=EDGE_CURVE('',#1567,#1566,#140,.T.);
#1747=ADVANCED_FACE('',(#1740,#1746),#1728,.F.);
#1753=EDGE_CURVE('',#1510,#1511,#80,.T.);
#1755=EDGE_CURVE('',#1458,#1511,#1176,.T.);
#1757=EDGE_CURVE('',#1458,#1459,#87,.T.);
#1759=EDGE_CURVE('',#1459,#1475,#95,.T.);
#1761=EDGE_CURVE('',#1475,#1510,#102,.T.);
#1765=EDGE_CURVE('',#1574,#1575,#164,.T.);
#1767=EDGE_CURVE('',#1575,#1574,#172,.T.);
#1771=ADVANCED_FACE('',(#1764,#1770),#1752,.F.);
#1777=EDGE_CURVE('',#1514,#1515,#109,.T.);
#1779=EDGE_CURVE('',#1473,#1515,#776,.T.);
#1781=EDGE_CURVE('',#1473,#1454,#117,.T.);
#1783=EDGE_CURVE('',#1454,#1455,#124,.T.);
#1785=EDGE_CURVE('',#1514,#1455,#325,.T.);
#1789=EDGE_CURVE('',#1570,#1571,#148,.T.);
#1791=EDGE_CURVE('',#1571,#1570,#156,.T.);
#1795=ADVANCED_FACE('',(#1788,#1794),#1776,.F.);
#1802=EDGE_CURVE('',#1503,#1527,#202,.T.);
#1804=EDGE_CURVE('',#1527,#1518,#230,.T.);
#1806=EDGE_CURVE('',#1502,#1518,#360,.T.);
#1810=ADVANCED_FACE('',(#1809),#1800,.F.);
#1817=EDGE_CURVE('',#1507,#1522,#797,.T.);
#1819=EDGE_CURVE('',#1522,#1531,#237,.T.);
#1821=EDGE_CURVE('',#1506,#1531,#944,.T.);
#1825=ADVANCED_FACE('',(#1824),#1815,.F.);
#1831=EDGE_CURVE('',#1526,#1527,#195,.T.);
#1835=EDGE_CURVE('',#1465,#1487,#902,.T.);
#1837=EDGE_CURVE('',#1487,#1489,#216,.T.);
#1839=EDGE_CURVE('',#1526,#1489,#996,.T.);
#1843=ADVANCED_FACE('',(#1842),#1830,.F.);
#1849=EDGE_CURVE('',#1534,#1546,#252,.T.);
#1851=EDGE_CURVE('',#1534,#1535,#1162,.T.);
#1853=EDGE_CURVE('',#1519,#1535,#223,.T.);
#1855=EDGE_CURVE('',#1518,#1519,#367,.T.);
#1859=EDGE_CURVE('',#1542,#1526,#989,.T.);
#1861=EDGE_CURVE('',#1542,#1543,#974,.T.);
#1863=EDGE_CURVE('',#1530,#1543,#952,.T.);
#1865=EDGE_CURVE('',#1530,#1531,#916,.T.);
#1868=EDGE_CURVE('',#1522,#1523,#790,.T.);
#1870=EDGE_CURVE('',#1539,#1523,#244,.T.);
#1872=EDGE_CURVE('',#1538,#1539,#311,.T.);
#1874=EDGE_CURVE('',#1547,#1538,#289,.T.);
#1876=EDGE_CURVE('',#1546,#1547,#274,.T.);
#1880=ADVANCED_FACE('',(#1879),#1848,.T.);
#1887=EDGE_CURVE('',#1546,#1450,#281,.T.);
#1889=EDGE_CURVE('',#1450,#1497,#260,.T.);
#1891=EDGE_CURVE('',#1534,#1497,#267,.T.);
#1895=ADVANCED_FACE('',(#1894),#1885,.F.);
#1902=EDGE_CURVE('',#1547,#1451,#304,.T.);
#1904=EDGE_CURVE('',#1450,#1451,#1190,.T.);
#1909=ADVANCED_FACE('',(#1908),#1900,.T.);
#1916=EDGE_CURVE('',#1538,#1499,#339,.T.);
#1918=EDGE_CURVE('',#1499,#1451,#297,.T.);
#1923=ADVANCED_FACE('',(#1922),#1914,.F.);
#1930=EDGE_CURVE('',#1514,#1539,#318,.T.);
#1933=EDGE_CURVE('',#1455,#1493,#678,.T.);
#1935=EDGE_CURVE('',#1493,#1499,#332,.T.);
#1940=ADVANCED_FACE('',(#1939),#1928,.T.);
#1947=EDGE_CURVE('',#1510,#1519,#374,.T.);
#1950=EDGE_CURVE('',#1511,#1535,#1183,.T.);
#1954=ADVANCED_FACE('',(#1953),#1945,.F.);
#1963=EDGE_CURVE('',#1515,#1523,#783,.T.);
#1967=ADVANCED_FACE('',(#1966),#1959,.F.);
#1973=EDGE_CURVE('',#1650,#1651,#346,.T.);
#1975=EDGE_CURVE('',#1462,#1650,#353,.T.);
#1982=EDGE_CURVE('',#1475,#1483,#381,.T.);
#1984=EDGE_CURVE('',#1483,#1626,#607,.T.);
#1986=EDGE_CURVE('',#1626,#1634,#388,.T.);
#1988=EDGE_CURVE('',#1634,#1635,#395,.T.);
#1990=EDGE_CURVE('',#1651,#1635,#402,.T.);
#1994=ADVANCED_FACE('',(#1993),#1972,.T.);
#2001=EDGE_CURVE('',#1662,#1651,#423,.T.);
#2003=EDGE_CURVE('',#1662,#1663,#438,.T.);
#2005=EDGE_CURVE('',#1663,#1671,#699,.T.);
#2007=EDGE_CURVE('',#1657,#1671,#832,.T.);
#2009=EDGE_CURVE('',#1650,#1657,#1148,.T.);
#2013=ADVANCED_FACE('',(#2012),#1999,.F.);
#2019=EDGE_CURVE('',#1654,#1655,#741,.T.);
#2021=EDGE_CURVE('',#1654,#1659,#825,.T.);
#2023=EDGE_CURVE('',#1669,#1659,#860,.T.);
#2025=EDGE_CURVE('',#1666,#1669,#541,.T.);
#2027=EDGE_CURVE('',#1666,#1667,#460,.T.);
#2029=EDGE_CURVE('',#1655,#1667,#409,.T.);
#2033=ADVANCED_FACE('',(#2032),#2018,.F.);
#2040=EDGE_CURVE('',#1647,#1667,#474,.T.);
#2042=EDGE_CURVE('',#1647,#1639,#416,.T.);
#2044=EDGE_CURVE('',#1655,#1639,#748,.T.);
#2048=ADVANCED_FACE('',(#2047),#2038,.F.);
#2056=EDGE_CURVE('',#1635,#1645,#430,.T.);
#2058=EDGE_CURVE('',#1645,#1662,#445,.T.);
#2062=ADVANCED_FACE('',(#2061),#2053,.F.);
#2070=EDGE_CURVE('',#1645,#1623,#497,.T.);
#2072=EDGE_CURVE('',#1623,#1663,#452,.T.);
#2076=ADVANCED_FACE('',(#2075),#2067,.F.);
#2083=EDGE_CURVE('',#1621,#1666,#467,.T.);
#2085=EDGE_CURVE('',#1621,#1647,#482,.T.);
#2090=ADVANCED_FACE('',(#2089),#2081,.F.);
#2097=EDGE_CURVE('',#1621,#1615,#489,.T.);
#2099=EDGE_CURVE('',#1614,#1615,#846,.T.);
#2101=EDGE_CURVE('',#1623,#1614,#706,.T.);
#2106=EDGE_CURVE('',#1634,#1643,#504,.T.);
#2108=EDGE_CURVE('',#1619,#1643,#512,.T.);
#2110=EDGE_CURVE('',#1611,#1619,#692,.T.);
#2112=EDGE_CURVE('',#1609,#1611,#636,.T.);
#2114=EDGE_CURVE('',#1609,#1617,#519,.T.);
#2116=EDGE_CURVE('',#1641,#1617,#527,.T.);
#2118=EDGE_CURVE('',#1641,#1638,#534,.T.);
#2120=EDGE_CURVE('',#1638,#1639,#755,.T.);
#2125=ADVANCED_FACE('',(#2124),#2095,.T.);
#2131=EDGE_CURVE('',#1602,#1603,#548,.T.);
#2133=EDGE_CURVE('',#1617,#1603,#713,.T.);
#2136=EDGE_CURVE('',#1602,#1609,#629,.T.);
#2140=ADVANCED_FACE('',(#2139),#2130,.F.);
#2147=EDGE_CURVE('',#1669,#1615,#853,.T.);
#2153=ADVANCED_FACE('',(#2152),#2145,.F.);
#2160=EDGE_CURVE('',#1479,#1602,#555,.T.);
#2162=EDGE_CURVE('',#1478,#1479,#563,.T.);
#2164=EDGE_CURVE('',#1631,#1478,#769,.T.);
#2166=EDGE_CURVE('',#1630,#1631,#570,.T.);
#2168=EDGE_CURVE('',#1630,#1603,#578,.T.);
#2172=ADVANCED_FACE('',(#2171),#2158,.T.);
#2178=EDGE_CURVE('',#1606,#1607,#585,.T.);
#2180=EDGE_CURVE('',#1607,#1627,#593,.T.);
#2182=EDGE_CURVE('',#1626,#1627,#600,.T.);
#2185=EDGE_CURVE('',#1482,#1483,#615,.T.);
#2187=EDGE_CURVE('',#1606,#1482,#622,.T.);
#2191=ADVANCED_FACE('',(#2190),#2177,.T.);
#2199=EDGE_CURVE('',#1606,#1611,#643,.T.);
#2202=EDGE_CURVE('',#1459,#1482,#1155,.T.);
#2205=EDGE_CURVE('',#1458,#1495,#650,.T.);
#2207=EDGE_CURVE('',#1495,#1597,#657,.T.);
#2209=EDGE_CURVE('',#1597,#1599,#664,.T.);
#2211=EDGE_CURVE('',#1599,#1493,#671,.T.);
#2215=EDGE_CURVE('',#1454,#1479,#685,.T.);
#2220=ADVANCED_FACE('',(#2219),#2196,.T.);
#2229=EDGE_CURVE('',#1619,#1607,#727,.T.);
#2233=ADVANCED_FACE('',(#2232),#2225,.F.);
#2242=EDGE_CURVE('',#1671,#1614,#839,.T.);
#2246=ADVANCED_FACE('',(#2245),#2238,.F.);
#2254=EDGE_CURVE('',#1641,#1630,#720,.T.);
#2259=ADVANCED_FACE('',(#2258),#2251,.F.);
#2267=EDGE_CURVE('',#1643,#1627,#734,.T.);
#2272=ADVANCED_FACE('',(#2271),#2264,.F.);
#2284=ADVANCED_FACE('',(#2283),#2277,.F.);
#2291=EDGE_CURVE('',#1631,#1638,#762,.T.);
#2297=ADVANCED_FACE('',(#2296),#2289,.F.);
#2308=EDGE_CURVE('',#1473,#1478,#818,.T.);
#2315=EDGE_CURVE('',#1468,#1654,#811,.T.);
#2319=ADVANCED_FACE('',(#2318),#2302,.T.);
#2331=ADVANCED_FACE('',(#2330),#2324,.T.);
#2340=EDGE_CURVE('',#1469,#1659,#867,.T.);
#2344=ADVANCED_FACE('',(#2343),#2336,.T.);
#2357=EDGE_CURVE('',#1471,#1485,#874,.T.);
#2359=EDGE_CURVE('',#1485,#1581,#881,.T.);
#2361=EDGE_CURVE('',#1583,#1581,#888,.T.);
#2363=EDGE_CURVE('',#1583,#1487,#895,.T.);
#2367=EDGE_CURVE('',#1463,#1657,#909,.T.);
#2371=ADVANCED_FACE('',(#2370),#2349,.T.);
#2378=EDGE_CURVE('',#1530,#1491,#923,.T.);
#2380=EDGE_CURVE('',#1491,#1485,#930,.T.);
#2387=ADVANCED_FACE('',(#2386),#2376,.F.);
#2394=EDGE_CURVE('',#1543,#1447,#959,.T.);
#2396=EDGE_CURVE('',#1447,#1491,#967,.T.);
#2401=ADVANCED_FACE('',(#2400),#2392,.F.);
#2408=EDGE_CURVE('',#1542,#1446,#981,.T.);
#2410=EDGE_CURVE('',#1446,#1447,#1033,.T.);
#2415=ADVANCED_FACE('',(#2414),#2406,.F.);
#2423=EDGE_CURVE('',#1489,#1446,#1004,.T.);
#2428=ADVANCED_FACE('',(#2427),#2420,.F.);
#2437=EDGE_CURVE('',#1583,#1595,#1011,.T.);
#2439=EDGE_CURVE('',#1595,#1593,#1019,.T.);
#2441=EDGE_CURVE('',#1581,#1593,#1026,.T.);
#2449=ADVANCED_FACE('',(#2448),#2433,.T.);
#2455=EDGE_CURVE('',#1586,#1587,#1040,.T.);
#2457=EDGE_CURVE('',#1586,#1595,#1047,.T.);
#2460=EDGE_CURVE('',#1687,#1583,#1103,.T.);
#2462=EDGE_CURVE('',#1687,#1691,#1054,.T.);
#2464=EDGE_CURVE('',#1691,#1587,#1061,.T.);
#2468=ADVANCED_FACE('',(#2467),#2454,.T.);
#2487=EDGE_CURVE('',#1587,#1591,#1068,.T.);
#2489=EDGE_CURVE('',#1590,#1591,#1110,.T.);
#2491=EDGE_CURVE('',#1586,#1590,#1141,.T.);
#2495=ADVANCED_FACE('',(#2494),#2485,.F.);
#2515=EDGE_CURVE('',#1690,#1691,#1075,.T.);
#2517=EDGE_CURVE('',#1591,#1690,#1117,.T.);
#2521=ADVANCED_FACE('',(#2520),#2512,.T.);
#2539=EDGE_CURVE('',#1686,#1687,#1096,.T.);
#2541=EDGE_CURVE('',#1686,#1690,#1082,.T.);
#2547=ADVANCED_FACE('',(#2546),#2538,.T.);
#2566=EDGE_CURVE('',#1581,#1686,#1089,.T.);
#2572=ADVANCED_FACE('',(#2571),#2564,.F.);
#2595=EDGE_CURVE('',#1593,#1590,#1124,.T.);
#2599=ADVANCED_FACE('',(#2598),#2589,.T.);
#2623=ADVANCED_FACE('',(#2622),#2616,.T.);
#2647=ADVANCED_FACE('',(#2646),#2640,.F.);
#2659=ADVANCED_FACE('',(#2658),#2652,.T.);
#2667=EDGE_CURVE('',#1497,#1495,#1169,.T.);
#2674=ADVANCED_FACE('',(#2673),#2664,.T.);
#2685=EDGE_CURVE('',#1599,#1681,#1197,.T.);
#2687=EDGE_CURVE('',#1681,#1683,#1205,.T.);
#2689=EDGE_CURVE('',#1597,#1683,#1212,.T.);
#2695=ADVANCED_FACE('',(#2694),#2679,.F.);
#2701=EDGE_CURVE('',#1678,#1679,#1219,.T.);
#2703=EDGE_CURVE('',#1678,#1681,#1226,.T.);
#2706=EDGE_CURVE('',#1599,#1694,#1303,.T.);
#2708=EDGE_CURVE('',#1694,#1698,#1282,.T.);
#2710=EDGE_CURVE('',#1698,#1679,#1233,.T.);
#2714=ADVANCED_FACE('',(#2713),#2700,.F.);
#2732=EDGE_CURVE('',#1674,#1675,#1240,.T.);
#2734=EDGE_CURVE('',#1674,#1678,#1320,.T.);
#2737=EDGE_CURVE('',#1675,#1679,#1268,.T.);
#2741=ADVANCED_FACE('',(#2740),#2731,.T.);
#2760=EDGE_CURVE('',#1675,#1699,#1247,.T.);
#2762=EDGE_CURVE('',#1695,#1699,#1254,.T.);
#2764=EDGE_CURVE('',#1695,#1597,#1289,.T.);
#2767=EDGE_CURVE('',#1683,#1674,#1261,.T.);
#2771=ADVANCED_FACE('',(#2770),#2758,.F.);
#2791=EDGE_CURVE('',#1698,#1699,#1275,.T.);
#2796=ADVANCED_FACE('',(#2795),#2788,.F.);
#2814=EDGE_CURVE('',#1694,#1695,#1296,.T.);
#2821=ADVANCED_FACE('',(#2820),#2813,.F.);
#2845=ADVANCED_FACE('',(#2844),#2838,.T.);
#2869=ADVANCED_FACE('',(#2868),#2862,.T.);
#2888=EDGE_CURVE('',#1566,#1550,#1327,.T.);
#2890=EDGE_CURVE('',#1550,#1551,#1342,.T.);
#2892=EDGE_CURVE('',#1567,#1551,#1334,.T.);
#2896=ADVANCED_FACE('',(#2895),#2886,.T.);
#2904=EDGE_CURVE('',#1551,#1550,#1350,.T.);
#2909=ADVANCED_FACE('',(#2908),#2901,.T.);
#2919=ADVANCED_FACE('',(#2918),#2914,.T.);
#2925=EDGE_CURVE('',#1554,#1555,#1358,.T.);
#2927=EDGE_CURVE('',#1555,#1554,#1366,.T.);
#2931=ADVANCED_FACE('',(#2930),#2924,.T.);
#2937=EDGE_CURVE('',#1558,#1559,#1374,.T.);
#2939=EDGE_CURVE('',#1559,#1558,#1382,.T.);
#2943=ADVANCED_FACE('',(#2942),#2936,.T.);
#2949=EDGE_CURVE('',#1562,#1563,#1390,.T.);
#2951=EDGE_CURVE('',#1563,#1562,#1398,.T.);
#2955=ADVANCED_FACE('',(#2954),#2948,.T.);
#2962=EDGE_CURVE('',#1570,#1554,#1405,.T.);
#2965=EDGE_CURVE('',#1571,#1555,#1412,.T.);
#2969=ADVANCED_FACE('',(#2968),#2960,.T.);
#2981=ADVANCED_FACE('',(#2980),#2974,.T.);
#2988=EDGE_CURVE('',#1574,#1558,#1419,.T.);
#2991=EDGE_CURVE('',#1575,#1559,#1426,.T.);
#2995=ADVANCED_FACE('',(#2994),#2986,.T.);
#3007=ADVANCED_FACE('',(#3006),#3000,.T.);
#3014=EDGE_CURVE('',#1578,#1562,#1433,.T.);
#3017=EDGE_CURVE('',#1579,#1563,#1440,.T.);
#3021=ADVANCED_FACE('',(#3020),#3012,.T.);
#3033=ADVANCED_FACE('',(#3032),#3026,.T.);
#3042=(LENGTH_UNIT()NAMED_UNIT(*)SI_UNIT(.MILLI.,.METRE.));
#3043=(NAMED_UNIT(*)PLANE_ANGLE_UNIT()SI_UNIT($,.RADIAN.));
#3046=(NAMED_UNIT(*)SI_UNIT($,.STERADIAN.)SOLID_ANGLE_UNIT());
#3048=(GEOMETRIC_REPRESENTATION_CONTEXT(3)GLOBAL_UNCERTAINTY_ASSIGNED_CONTEXT((
#3047))GLOBAL_UNIT_ASSIGNED_CONTEXT((#3042,#3045,#3046))REPRESENTATION_CONTEXT(
'ID1','3'));
#3052=AXIS2_PLACEMENT_3D('',#3049,#3050,#3051);
#3053=ADVANCED_BREP_SHAPE_REPRESENTATION('',(#3052,#3035),#3048);
#3060=PRODUCT_DEFINITION('part definition','',#3059,#3056);
#3061=PRODUCT_DEFINITION_SHAPE('','SHAPE FOR _000.',#3060);
#3062=SHAPE_ASPECT('','solid data associated with _000',#3061,.F.);
#3063=PROPERTY_DEFINITION('',
'shape for solid data with which properties are associated',#3062);
#3064=SHAPE_REPRESENTATION('',(#3035),#3048);
#3065=SHAPE_DEFINITION_REPRESENTATION(#3063,#3064);
#3066=(LENGTH_UNIT()NAMED_UNIT(*)SI_UNIT(.MILLI.,.METRE.));
#3070=PROPERTY_DEFINITION('geometric validation property','area of _000',#3062);
#3071=REPRESENTATION('surface area',(#3069),#3048);
#3072=PROPERTY_DEFINITION_REPRESENTATION(#3070,#3071);
#3073=(LENGTH_UNIT()NAMED_UNIT(*)SI_UNIT(.MILLI.,.METRE.));
#3077=PROPERTY_DEFINITION('geometric validation property','volume of _000',
#3062);
#3078=REPRESENTATION('volume',(#3076),#3048);
#3079=PROPERTY_DEFINITION_REPRESENTATION(#3077,#3078);
#3081=PROPERTY_DEFINITION('geometric validation property','centroid of _000',
#3062);
#3082=REPRESENTATION('centroid',(#3080),#3048);
#3083=PROPERTY_DEFINITION_REPRESENTATION(#3081,#3082);
#3084=(LENGTH_UNIT()NAMED_UNIT(*)SI_UNIT(.MILLI.,.METRE.));
#3088=PROPERTY_DEFINITION('geometric validation property','area of _000',#3061);
#3089=REPRESENTATION('surface area',(#3087),#3048);
#3090=PROPERTY_DEFINITION_REPRESENTATION(#3088,#3089);
#3091=(LENGTH_UNIT()NAMED_UNIT(*)SI_UNIT(.MILLI.,.METRE.));
#3095=PROPERTY_DEFINITION('geometric validation property','volume of _000',
#3061);
#3096=REPRESENTATION('volume',(#3094),#3048);
#3097=PROPERTY_DEFINITION_REPRESENTATION(#3095,#3096);
#3099=PROPERTY_DEFINITION('geometric validation property','centroid of _000',
#3061);
#3100=REPRESENTATION('centroid',(#3098),#3048);
#3101=PROPERTY_DEFINITION_REPRESENTATION(#3099,#3100);
#3102=SHAPE_DEFINITION_REPRESENTATION(#3061,#3053);
#3103=SHAPE_DEFINITION_REPRESENTATION(#3104,#3105);
#3104=PRODUCT_DEFINITION_SHAPE('','SHAPE FOR 08000790_ASM.',#4522);
#3105=SHAPE_REPRESENTATION('',(#3115,#3617,#3851,#4502,#4516),#4512);
#3106=NEXT_ASSEMBLY_USAGE_OCCURRENCE('73','Next assembly relationship',
'\X2\8D347247\X0\-\X2\4E0B\X0\',#4522,#3060,$);
#3107=PRODUCT_DEFINITION_SHAPE('Placement #73',
'Placement of _000 with respect to 08000790_ASM',#3106);
#3109=PROPERTY_DEFINITION('geometric validation property',
'centroid of \X2\8D347247\X0\-\X2\4E0B\X0\',#3107);
#3110=REPRESENTATION('centroid',(#3108),#3048);
#3111=PROPERTY_DEFINITION_REPRESENTATION(#3109,#3110);
#3124=CIRCLE('',#3123,4.E0);
#3132=CIRCLE('',#3131,4.E0);
#3140=CIRCLE('',#3139,4.E0);
#3155=CIRCLE('',#3154,4.E0);
#3163=CIRCLE('',#3162,4.E0);
#3178=CIRCLE('',#3177,6.E-1);
#3186=CIRCLE('',#3185,6.E-1);
#3194=CIRCLE('',#3193,4.E0);
#3209=CIRCLE('',#3208,4.E0);
#3217=CIRCLE('',#3216,4.E0);
#3232=CIRCLE('',#3231,1.21212E-1);
#3240=CIRCLE('',#3239,1.21212E-1);
#3248=CIRCLE('',#3247,3.878788E0);
#3256=CIRCLE('',#3255,3.878788E0);
#3264=CIRCLE('',#3263,6.E-1);
#3272=CIRCLE('',#3271,6.E-1);
#3280=CIRCLE('',#3279,3.8E0);
#3288=CIRCLE('',#3287,3.8E0);
#3296=CIRCLE('',#3295,3.8E0);
#3304=CIRCLE('',#3303,3.E-1);
#3312=CIRCLE('',#3311,3.8E0);
#3320=CIRCLE('',#3319,3.E-1);
#3357=EDGE_CURVE('',#3326,#3327,#3124,.T.);
#3359=EDGE_CURVE('',#3327,#3326,#3132,.T.);
#3363=ADVANCED_FACE('',(#3362),#3356,.F.);
#3369=EDGE_CURVE('',#3338,#3339,#3140,.T.);
#3371=EDGE_CURVE('',#3338,#3331,#3147,.T.);
#3373=EDGE_CURVE('',#3330,#3331,#3155,.T.);
#3375=EDGE_CURVE('',#3339,#3330,#3201,.T.);
#3379=ADVANCED_FACE('',(#3378),#3368,.T.);
#3385=EDGE_CURVE('',#3346,#3347,#3163,.T.);
#3387=EDGE_CURVE('',#3327,#3346,#3224,.T.);
#3390=EDGE_CURVE('',#3326,#3347,#3170,.T.);
#3394=ADVANCED_FACE('',(#3393),#3384,.T.);
#3401=EDGE_CURVE('',#3339,#3343,#3186,.T.);
#3403=EDGE_CURVE('',#3342,#3343,#3280,.T.);
#3405=EDGE_CURVE('',#3338,#3342,#3178,.T.);
#3409=ADVANCED_FACE('',(#3408),#3399,.T.);
#3415=EDGE_CURVE('',#3339,#3338,#3194,.T.);
#3418=EDGE_CURVE('',#3343,#3342,#3296,.T.);
#3423=ADVANCED_FACE('',(#3422),#3414,.T.);
#3431=EDGE_CURVE('',#3331,#3330,#3209,.T.);
#3436=ADVANCED_FACE('',(#3435),#3428,.T.);
#3442=EDGE_CURVE('',#3347,#3346,#3217,.T.);
#3449=ADVANCED_FACE('',(#3448),#3441,.T.);
#3456=EDGE_CURVE('',#3330,#3334,#3240,.T.);
#3458=EDGE_CURVE('',#3335,#3334,#3256,.T.);
#3460=EDGE_CURVE('',#3331,#3335,#3232,.T.);
#3464=ADVANCED_FACE('',(#3463),#3454,.T.);
#3472=EDGE_CURVE('',#3334,#3335,#3248,.T.);
#3477=ADVANCED_FACE('',(#3476),#3469,.T.);
#3487=ADVANCED_FACE('',(#3486),#3482,.T.);
#3494=EDGE_CURVE('',#3346,#3350,#3272,.T.);
#3496=EDGE_CURVE('',#3351,#3350,#3312,.T.);
#3498=EDGE_CURVE('',#3347,#3351,#3264,.T.);
#3502=ADVANCED_FACE('',(#3501),#3492,.T.);
#3510=EDGE_CURVE('',#3350,#3351,#3288,.T.);
#3515=ADVANCED_FACE('',(#3514),#3507,.T.);
#3522=EDGE_CURVE('',#3350,#3343,#3320,.T.);
#3525=EDGE_CURVE('',#3351,#3342,#3304,.T.);
#3529=ADVANCED_FACE('',(#3528),#3520,.F.);
#3541=ADVANCED_FACE('',(#3540),#3534,.F.);
#3550=(LENGTH_UNIT()NAMED_UNIT(*)SI_UNIT(.MILLI.,.METRE.));
#3551=(NAMED_UNIT(*)PLANE_ANGLE_UNIT()SI_UNIT($,.RADIAN.));
#3554=(NAMED_UNIT(*)SI_UNIT($,.STERADIAN.)SOLID_ANGLE_UNIT());
#3556=(GEOMETRIC_REPRESENTATION_CONTEXT(3)GLOBAL_UNCERTAINTY_ASSIGNED_CONTEXT((
#3555))GLOBAL_UNIT_ASSIGNED_CONTEXT((#3550,#3553,#3554))REPRESENTATION_CONTEXT(
'ID2','3'));
#3560=AXIS2_PLACEMENT_3D('',#3557,#3558,#3559);
#3561=ADVANCED_BREP_SHAPE_REPRESENTATION('',(#3560,#3543),#3556);
#3565=PRODUCT_DEFINITION('part definition','',#3564,#3056);
#3566=PRODUCT_DEFINITION_SHAPE('','SHAPE FOR _-TG000.',#3565);
#3567=SHAPE_ASPECT('','solid data associated with _-TG000',#3566,.F.);
#3568=PROPERTY_DEFINITION('',
'shape for solid data with which properties are associated',#3567);
#3569=SHAPE_REPRESENTATION('',(#3543),#3556);
#3570=SHAPE_DEFINITION_REPRESENTATION(#3568,#3569);
#3571=(LENGTH_UNIT()NAMED_UNIT(*)SI_UNIT(.MILLI.,.METRE.));
#3575=PROPERTY_DEFINITION('geometric validation property','area of _-TG000',
#3567);
#3576=REPRESENTATION('surface area',(#3574),#3556);
#3577=PROPERTY_DEFINITION_REPRESENTATION(#3575,#3576);
#3578=(LENGTH_UNIT()NAMED_UNIT(*)SI_UNIT(.MILLI.,.METRE.));
#3582=PROPERTY_DEFINITION('geometric validation property','volume of _-TG000',
#3567);
#3583=REPRESENTATION('volume',(#3581),#3556);
#3584=PROPERTY_DEFINITION_REPRESENTATION(#3582,#3583);
#3586=PROPERTY_DEFINITION('geometric validation property','centroid of _-TG000',
#3567);
#3587=REPRESENTATION('centroid',(#3585),#3556);
#3588=PROPERTY_DEFINITION_REPRESENTATION(#3586,#3587);
#3589=(LENGTH_UNIT()NAMED_UNIT(*)SI_UNIT(.MILLI.,.METRE.));
#3593=PROPERTY_DEFINITION('geometric validation property','area of _-TG000',
#3566);
#3594=REPRESENTATION('surface area',(#3592),#3556);
#3595=PROPERTY_DEFINITION_REPRESENTATION(#3593,#3594);
#3596=(LENGTH_UNIT()NAMED_UNIT(*)SI_UNIT(.MILLI.,.METRE.));
#3600=PROPERTY_DEFINITION('geometric validation property','volume of _-TG000',
#3566);
#3601=REPRESENTATION('volume',(#3599),#3556);
#3602=PROPERTY_DEFINITION_REPRESENTATION(#3600,#3601);
#3604=PROPERTY_DEFINITION('geometric validation property','centroid of _-TG000',
#3566);
#3605=REPRESENTATION('centroid',(#3603),#3556);
#3606=PROPERTY_DEFINITION_REPRESENTATION(#3604,#3605);
#3607=SHAPE_DEFINITION_REPRESENTATION(#3566,#3561);
#3608=NEXT_ASSEMBLY_USAGE_OCCURRENCE('74','Next assembly relationship',
'\X2\8D347247\X0\-\X2\4E0A\X0\-TG',#4522,#3565,$);
#3609=PRODUCT_DEFINITION_SHAPE('Placement #74',
'Placement of _-TG000 with respect to 08000790_ASM',#3608);
#3611=PROPERTY_DEFINITION('geometric validation property',
'centroid of \X2\8D347247\X0\-\X2\4E0A\X0\-TG',#3609);
#3612=REPRESENTATION('centroid',(#3610),#3556);
#3613=PROPERTY_DEFINITION_REPRESENTATION(#3611,#3612);
#3621=COLOUR_RGB('',7.E-2,7.E-2,1.1E-1);
#3626=CIRCLE('',#3625,4.E0);
#3635=CIRCLE('',#3634,4.005E0);
#3660=CIRCLE('',#3659,4.E0);
#3669=CIRCLE('',#3668,4.005E0);
#3695=EDGE_CURVE('',#3676,#3677,#3626,.T.);
#3697=EDGE_CURVE('',#3677,#3679,#3630,.T.);
#3699=EDGE_CURVE('',#3679,#3681,#3635,.T.);
#3701=EDGE_CURVE('',#3681,#3676,#3639,.T.);
#3705=ADVANCED_FACE('',(#3704),#3694,.F.);
#3712=EDGE_CURVE('',#3676,#3684,#3643,.T.);
#3714=EDGE_CURVE('',#3684,#3685,#3660,.T.);
#3716=EDGE_CURVE('',#3677,#3685,#3655,.T.);
#3720=ADVANCED_FACE('',(#3719),#3710,.F.);
#3727=EDGE_CURVE('',#3681,#3689,#3647,.T.);
#3729=EDGE_CURVE('',#3689,#3684,#3664,.T.);
#3734=ADVANCED_FACE('',(#3733),#3725,.T.);
#3741=EDGE_CURVE('',#3679,#3687,#3651,.T.);
#3743=EDGE_CURVE('',#3687,#3689,#3669,.T.);
#3748=ADVANCED_FACE('',(#3747),#3739,.T.);
#3763=EDGE_CURVE('',#3685,#3687,#3673,.T.);
#3768=ADVANCED_FACE('',(#3767),#3760,.T.);
#3780=ADVANCED_FACE('',(#3779),#3773,.T.);
#3783=(LENGTH_UNIT()NAMED_UNIT(*)SI_UNIT(.MILLI.,.METRE.));
#3784=(NAMED_UNIT(*)PLANE_ANGLE_UNIT()SI_UNIT($,.RADIAN.));
#3787=(NAMED_UNIT(*)SI_UNIT($,.STERADIAN.)SOLID_ANGLE_UNIT());
#3789=(GEOMETRIC_REPRESENTATION_CONTEXT(3)GLOBAL_UNCERTAINTY_ASSIGNED_CONTEXT((
#3788))GLOBAL_UNIT_ASSIGNED_CONTEXT((#3783,#3786,#3787))REPRESENTATION_CONTEXT(
'ID3','3'));
#3793=AXIS2_PLACEMENT_3D('',#3790,#3791,#3792);
#3794=ADVANCED_BREP_SHAPE_REPRESENTATION('',(#3793,#3782),#3789);
#3799=PRODUCT_DEFINITION('part definition','',#3798,#3795);
#3800=PRODUCT_DEFINITION_SHAPE('','SHAPE FOR FJB.',#3799);
#3801=SHAPE_ASPECT('','solid data associated with FJB',#3800,.F.);
#3802=PROPERTY_DEFINITION('',
'shape for solid data with which properties are associated',#3801);
#3803=SHAPE_REPRESENTATION('',(#3782),#3789);
#3804=SHAPE_DEFINITION_REPRESENTATION(#3802,#3803);
#3805=(LENGTH_UNIT()NAMED_UNIT(*)SI_UNIT(.MILLI.,.METRE.));
#3809=PROPERTY_DEFINITION('geometric validation property','area of FJB',#3801);
#3810=REPRESENTATION('surface area',(#3808),#3789);
#3811=PROPERTY_DEFINITION_REPRESENTATION(#3809,#3810);
#3812=(LENGTH_UNIT()NAMED_UNIT(*)SI_UNIT(.MILLI.,.METRE.));
#3816=PROPERTY_DEFINITION('geometric validation property','volume of FJB',
#3801);
#3817=REPRESENTATION('volume',(#3815),#3789);
#3818=PROPERTY_DEFINITION_REPRESENTATION(#3816,#3817);
#3820=PROPERTY_DEFINITION('geometric validation property','centroid of FJB',
#3801);
#3821=REPRESENTATION('centroid',(#3819),#3789);
#3822=PROPERTY_DEFINITION_REPRESENTATION(#3820,#3821);
#3823=(LENGTH_UNIT()NAMED_UNIT(*)SI_UNIT(.MILLI.,.METRE.));
#3827=PROPERTY_DEFINITION('geometric validation property','area of FJB',#3800);
#3828=REPRESENTATION('surface area',(#3826),#3789);
#3829=PROPERTY_DEFINITION_REPRESENTATION(#3827,#3828);
#3830=(LENGTH_UNIT()NAMED_UNIT(*)SI_UNIT(.MILLI.,.METRE.));
#3834=PROPERTY_DEFINITION('geometric validation property','volume of FJB',
#3800);
#3835=REPRESENTATION('volume',(#3833),#3789);
#3836=PROPERTY_DEFINITION_REPRESENTATION(#3834,#3835);
#3838=PROPERTY_DEFINITION('geometric validation property','centroid of FJB',
#3800);
#3839=REPRESENTATION('centroid',(#3837),#3789);
#3840=PROPERTY_DEFINITION_REPRESENTATION(#3838,#3839);
#3841=SHAPE_DEFINITION_REPRESENTATION(#3800,#3794);
#3842=NEXT_ASSEMBLY_USAGE_OCCURRENCE('75','Next assembly relationship','FJB',
#4522,#3799,$);
#3843=PRODUCT_DEFINITION_SHAPE('Placement #75',
'Placement of FJB with respect to 08000790_ASM',#3842);
#3845=PROPERTY_DEFINITION('geometric validation property','centroid of FJB',
#3843);
#3846=REPRESENTATION('centroid',(#3844),#3789);
#3847=PROPERTY_DEFINITION_REPRESENTATION(#3845,#3846);
#3859=CIRCLE('',#3858,5.55E-1);
#3868=CIRCLE('',#3867,5.55E-1);
#3877=CIRCLE('',#3876,5.55E-1);
#3886=CIRCLE('',#3885,5.55E-1);
#3899=CIRCLE('',#3898,3.375E-1);
#3908=CIRCLE('',#3907,3.375E-1);
#3917=CIRCLE('',#3916,3.375E-1);
#3926=CIRCLE('',#3925,3.375E-1);
#3963=CIRCLE('',#3962,5.55E-1);
#3972=CIRCLE('',#3971,5.55E-1);
#3981=CIRCLE('',#3980,5.55E-1);
#3990=CIRCLE('',#3989,5.55E-1);
#4003=CIRCLE('',#4002,3.375E-1);
#4012=CIRCLE('',#4011,3.375E-1);
#4021=CIRCLE('',#4020,3.375E-1);
#4030=CIRCLE('',#4029,3.375E-1);
#4132=EDGE_CURVE('',#4065,#4066,#3859,.T.);
#4134=EDGE_CURVE('',#4066,#4068,#3863,.T.);
#4136=EDGE_CURVE('',#4068,#4070,#3868,.T.);
#4138=EDGE_CURVE('',#4070,#4072,#3872,.T.);
#4140=EDGE_CURVE('',#4072,#4074,#3877,.T.);
#4142=EDGE_CURVE('',#4074,#4076,#3881,.T.);
#4144=EDGE_CURVE('',#4076,#4078,#3886,.T.);
#4146=EDGE_CURVE('',#4078,#4065,#3890,.T.);
#4150=EDGE_CURVE('',#4081,#4082,#3894,.T.);
#4152=EDGE_CURVE('',#4082,#4084,#3899,.T.);
#4154=EDGE_CURVE('',#4084,#4086,#3903,.T.);
#4156=EDGE_CURVE('',#4086,#4088,#3908,.T.);
#4158=EDGE_CURVE('',#4088,#4090,#3912,.T.);
#4160=EDGE_CURVE('',#4090,#4092,#3917,.T.);
#4162=EDGE_CURVE('',#4092,#4094,#3921,.T.);
#4164=EDGE_CURVE('',#4094,#4081,#3926,.T.);
#4168=ADVANCED_FACE('',(#4149,#4167),#4131,.F.);
#4182=EDGE_CURVE('',#4065,#4097,#3930,.T.);
#4184=EDGE_CURVE('',#4097,#4098,#3963,.T.);
#4186=EDGE_CURVE('',#4066,#4098,#3958,.T.);
#4190=ADVANCED_FACE('',(#4189),#4180,.T.);
#4197=EDGE_CURVE('',#4078,#4110,#3934,.T.);
#4199=EDGE_CURVE('',#4110,#4097,#3967,.T.);
#4204=ADVANCED_FACE('',(#4203),#4195,.T.);
#4211=EDGE_CURVE('',#4076,#4108,#3938,.T.);
#4213=EDGE_CURVE('',#4108,#4110,#3972,.T.);
#4218=ADVANCED_FACE('',(#4217),#4209,.T.);
#4225=EDGE_CURVE('',#4074,#4106,#3942,.T.);
#4227=EDGE_CURVE('',#4106,#4108,#3976,.T.);
#4232=ADVANCED_FACE('',(#4231),#4223,.T.);
#4239=EDGE_CURVE('',#4072,#4104,#3946,.T.);
#4241=EDGE_CURVE('',#4104,#4106,#3981,.T.);
#4246=ADVANCED_FACE('',(#4245),#4237,.T.);
#4253=EDGE_CURVE('',#4070,#4102,#3950,.T.);
#4255=EDGE_CURVE('',#4102,#4104,#3985,.T.);
#4260=ADVANCED_FACE('',(#4259),#4251,.T.);
#4267=EDGE_CURVE('',#4068,#4100,#3954,.T.);
#4269=EDGE_CURVE('',#4100,#4102,#3990,.T.);
#4274=ADVANCED_FACE('',(#4273),#4265,.T.);
#4282=EDGE_CURVE('',#4098,#4100,#3994,.T.);
#4287=ADVANCED_FACE('',(#4286),#4279,.T.);
#4303=EDGE_CURVE('',#4113,#4114,#3998,.T.);
#4305=EDGE_CURVE('',#4126,#4113,#4003,.T.);
#4307=EDGE_CURVE('',#4124,#4126,#4007,.T.);
#4309=EDGE_CURVE('',#4122,#4124,#4012,.T.);
#4311=EDGE_CURVE('',#4120,#4122,#4016,.T.);
#4313=EDGE_CURVE('',#4118,#4120,#4021,.T.);
#4315=EDGE_CURVE('',#4116,#4118,#4025,.T.);
#4317=EDGE_CURVE('',#4114,#4116,#4030,.T.);
#4321=ADVANCED_FACE('',(#4302,#4320),#4292,.T.);
#4335=EDGE_CURVE('',#4081,#4113,#4034,.T.);
#4338=EDGE_CURVE('',#4082,#4114,#4062,.T.);
#4342=ADVANCED_FACE('',(#4341),#4333,.T.);
#4349=EDGE_CURVE('',#4094,#4126,#4038,.T.);
#4355=ADVANCED_FACE('',(#4354),#4347,.F.);
#4362=EDGE_CURVE('',#4092,#4124,#4042,.T.);
#4368=ADVANCED_FACE('',(#4367),#4360,.T.);
#4375=EDGE_CURVE('',#4090,#4122,#4046,.T.);
#4381=ADVANCED_FACE('',(#4380),#4373,.F.);
#4388=EDGE_CURVE('',#4088,#4120,#4050,.T.);
#4394=ADVANCED_FACE('',(#4393),#4386,.T.);
#4401=EDGE_CURVE('',#4086,#4118,#4054,.T.);
#4407=ADVANCED_FACE('',(#4406),#4399,.F.);
#4414=EDGE_CURVE('',#4084,#4116,#4058,.T.);
#4420=ADVANCED_FACE('',(#4419),#4412,.T.);
#4432=ADVANCED_FACE('',(#4431),#4425,.F.);
#4435=(LENGTH_UNIT()NAMED_UNIT(*)SI_UNIT(.MILLI.,.METRE.));
#4436=(NAMED_UNIT(*)PLANE_ANGLE_UNIT()SI_UNIT($,.RADIAN.));
#4439=(NAMED_UNIT(*)SI_UNIT($,.STERADIAN.)SOLID_ANGLE_UNIT());
#4441=(GEOMETRIC_REPRESENTATION_CONTEXT(3)GLOBAL_UNCERTAINTY_ASSIGNED_CONTEXT((
#4440))GLOBAL_UNIT_ASSIGNED_CONTEXT((#4435,#4438,#4439))REPRESENTATION_CONTEXT(
'ID4','3'));
#4445=AXIS2_PLACEMENT_3D('',#4442,#4443,#4444);
#4446=ADVANCED_BREP_SHAPE_REPRESENTATION('',(#4445,#4434),#4441);
#4450=PRODUCT_DEFINITION('part definition','',#4449,#3795);
#4451=PRODUCT_DEFINITION_SHAPE('','SHAPE FOR YUAN08000790.',#4450);
#4452=SHAPE_ASPECT('','solid data associated with YUAN08000790',#4451,.F.);
#4453=PROPERTY_DEFINITION('',
'shape for solid data with which properties are associated',#4452);
#4454=SHAPE_REPRESENTATION('',(#4434),#4441);
#4455=SHAPE_DEFINITION_REPRESENTATION(#4453,#4454);
#4456=(LENGTH_UNIT()NAMED_UNIT(*)SI_UNIT(.MILLI.,.METRE.));
#4460=PROPERTY_DEFINITION('geometric validation property',
'area of YUAN08000790',#4452);
#4461=REPRESENTATION('surface area',(#4459),#4441);
#4462=PROPERTY_DEFINITION_REPRESENTATION(#4460,#4461);
#4463=(LENGTH_UNIT()NAMED_UNIT(*)SI_UNIT(.MILLI.,.METRE.));
#4467=PROPERTY_DEFINITION('geometric validation property',
'volume of YUAN08000790',#4452);
#4468=REPRESENTATION('volume',(#4466),#4441);
#4469=PROPERTY_DEFINITION_REPRESENTATION(#4467,#4468);
#4471=PROPERTY_DEFINITION('geometric validation property',
'centroid of YUAN08000790',#4452);
#4472=REPRESENTATION('centroid',(#4470),#4441);
#4473=PROPERTY_DEFINITION_REPRESENTATION(#4471,#4472);
#4474=(LENGTH_UNIT()NAMED_UNIT(*)SI_UNIT(.MILLI.,.METRE.));
#4478=PROPERTY_DEFINITION('geometric validation property',
'area of YUAN08000790',#4451);
#4479=REPRESENTATION('surface area',(#4477),#4441);
#4480=PROPERTY_DEFINITION_REPRESENTATION(#4478,#4479);
#4481=(LENGTH_UNIT()NAMED_UNIT(*)SI_UNIT(.MILLI.,.METRE.));
#4485=PROPERTY_DEFINITION('geometric validation property',
'volume of YUAN08000790',#4451);
#4486=REPRESENTATION('volume',(#4484),#4441);
#4487=PROPERTY_DEFINITION_REPRESENTATION(#4485,#4486);
#4489=PROPERTY_DEFINITION('geometric validation property',
'centroid of YUAN08000790',#4451);
#4490=REPRESENTATION('centroid',(#4488),#4441);
#4491=PROPERTY_DEFINITION_REPRESENTATION(#4489,#4490);
#4492=SHAPE_DEFINITION_REPRESENTATION(#4451,#4446);
#4493=NEXT_ASSEMBLY_USAGE_OCCURRENCE('76','Next assembly relationship',
'YUAN08000790',#4522,#4450,$);
#4494=PRODUCT_DEFINITION_SHAPE('Placement #76',
'Placement of YUAN08000790 with respect to 08000790_ASM',#4493);
#4496=PROPERTY_DEFINITION('geometric validation property',
'centroid of YUAN08000790',#4494);
#4497=REPRESENTATION('centroid',(#4495),#4441);
#4498=PROPERTY_DEFINITION_REPRESENTATION(#4496,#4497);
#4506=(LENGTH_UNIT()NAMED_UNIT(*)SI_UNIT(.MILLI.,.METRE.));
#4507=(NAMED_UNIT(*)PLANE_ANGLE_UNIT()SI_UNIT($,.RADIAN.));
#4510=(NAMED_UNIT(*)SI_UNIT($,.STERADIAN.)SOLID_ANGLE_UNIT());
#4512=(GEOMETRIC_REPRESENTATION_CONTEXT(3)GLOBAL_UNCERTAINTY_ASSIGNED_CONTEXT((
#4511))GLOBAL_UNIT_ASSIGNED_CONTEXT((#4506,#4509,#4510))REPRESENTATION_CONTEXT(
'ID5','3'));
#4516=AXIS2_PLACEMENT_3D('',#4513,#4514,#4515);
#4522=PRODUCT_DEFINITION('part definition','',#4521,#4518);
#4523=(LENGTH_UNIT()NAMED_UNIT(*)SI_UNIT(.MILLI.,.METRE.));
#4527=PROPERTY_DEFINITION('geometric validation property',
'area of 08000790_ASM',#3104);
#4528=REPRESENTATION('surface area',(#4526),#4512);
#4529=PROPERTY_DEFINITION_REPRESENTATION(#4527,#4528);
#4530=(LENGTH_UNIT()NAMED_UNIT(*)SI_UNIT(.MILLI.,.METRE.));
#4534=PROPERTY_DEFINITION('geometric validation property',
'volume of 08000790_ASM',#3104);
#4535=REPRESENTATION('volume',(#4533),#4512);
#4536=PROPERTY_DEFINITION_REPRESENTATION(#4534,#4535);
#4538=PROPERTY_DEFINITION('geometric validation property',
'centroid of 08000790_ASM',#3104);
#4539=REPRESENTATION('centroid',(#4537),#4512);
#4540=PROPERTY_DEFINITION_REPRESENTATION(#4538,#4539);
ENDSEC;
END-ISO-10303-21;
