ISO-10303-21;
HEADER;
FILE_DESCRIPTION((''),'2;1');
FILE_NAME('CW6_330UF_550V_35X55_ASM','2026-07-02T08:14:52',('Administrator'),
(''),'CREO PARAMETRIC BY PTC INC, 2023134',
'CREO PARAMETRIC BY PTC INC, 2023134','');
FILE_SCHEMA(('AUTOMOTIVE_DESIGN { 1 0 10303 214 1 1 1 1 }'));
ENDSEC;
DATA;
#325=CARTESIAN_POINT('',(0.E0,-3.49E1,0.E0));
#326=DIRECTION('',(0.E0,-1.E0,0.E0));
#327=DIRECTION('',(-9.335804264972E-1,0.E0,-3.583679495453E-1));
#328=AXIS2_PLACEMENT_3D('',#325,#326,#327);
#330=DRAUGHTING_PRE_DEFINED_CURVE_FONT('continuous');
#331=CURVE_STYLE('',#330,POSITIVE_LENGTH_MEASURE(2.E-2),#322);
#332=PRESENTATION_STYLE_ASSIGNMENT((#331));
#333=STYLED_ITEM('',(#332),#329);
#334=DIRECTION('',(-3.552713678801E-14,-1.E0,0.E0));
#335=VECTOR('',#334,9.999999999999E-2);
#336=CARTESIAN_POINT('',(-1.250997771506E1,-3.49E1,4.802130523907E0));
#337=LINE('',#336,#335);
#338=CURVE_STYLE('',#330,POSITIVE_LENGTH_MEASURE(2.E-2),#322);
#339=PRESENTATION_STYLE_ASSIGNMENT((#338));
#340=STYLED_ITEM('',(#339),#337);
#341=CARTESIAN_POINT('',(0.E0,-3.5E1,0.E0));
#342=DIRECTION('',(0.E0,1.E0,0.E0));
#343=DIRECTION('',(-9.335804264972E-1,0.E0,3.583679495453E-1));
#344=AXIS2_PLACEMENT_3D('',#341,#342,#343);
#346=CURVE_STYLE('',#330,POSITIVE_LENGTH_MEASURE(2.E-2),#322);
#347=PRESENTATION_STYLE_ASSIGNMENT((#346));
#348=STYLED_ITEM('',(#347),#345);
#349=DIRECTION('',(0.E0,-1.E0,0.E0));
#350=VECTOR('',#349,9.999999999999E-2);
#351=CARTESIAN_POINT('',(-1.250997771506E1,-3.49E1,-4.802130523907E0));
#352=LINE('',#351,#350);
#353=CURVE_STYLE('',#330,POSITIVE_LENGTH_MEASURE(2.E-2),#322);
#354=PRESENTATION_STYLE_ASSIGNMENT((#353));
#355=STYLED_ITEM('',(#354),#352);
#356=CARTESIAN_POINT('',(-1.353691618421E1,3.45E1,5.196335268407E0));
#357=DIRECTION('',(-3.583679495453E-1,0.E0,-9.335804264972E-1));
#358=DIRECTION('',(-8.085043658225E-1,4.999999999999E-1,3.103557482084E-1));
#359=AXIS2_PLACEMENT_3D('',#356,#357,#358);
#361=CURVE_STYLE('',#330,POSITIVE_LENGTH_MEASURE(2.E-2),#322);
#362=PRESENTATION_STYLE_ASSIGNMENT((#361));
#363=STYLED_ITEM('',(#362),#360);
#364=DIRECTION('',(-9.335804264972E-1,0.E0,3.583679495453E-1));
#365=VECTOR('',#364,1.1E0);
#366=CARTESIAN_POINT('',(-1.250997771506E1,-3.49E1,4.802130523907E0));
#367=LINE('',#366,#365);
#368=CURVE_STYLE('',#330,POSITIVE_LENGTH_MEASURE(2.E-2),#322);
#369=PRESENTATION_STYLE_ASSIGNMENT((#368));
#370=STYLED_ITEM('',(#369),#367);
#371=CARTESIAN_POINT('',(-1.353691618421E1,-3.45E1,5.196335268407E0));
#372=DIRECTION('',(-3.583679495453E-1,0.E0,-9.335804264972E-1));
#373=DIRECTION('',(0.E0,-1.E0,0.E0));
#374=AXIS2_PLACEMENT_3D('',#371,#372,#373);
#376=CURVE_STYLE('',#330,POSITIVE_LENGTH_MEASURE(2.E-2),#322);
#377=PRESENTATION_STYLE_ASSIGNMENT((#376));
#378=STYLED_ITEM('',(#377),#375);
#379=DIRECTION('',(0.E0,1.E0,0.E0));
#380=VECTOR('',#379,6.65E1);
#381=CARTESIAN_POINT('',(-1.391034835481E1,-3.45E1,5.339682448225E0));
#382=LINE('',#381,#380);
#383=CURVE_STYLE('',#330,POSITIVE_LENGTH_MEASURE(2.E-2),#322);
#384=PRESENTATION_STYLE_ASSIGNMENT((#383));
#385=STYLED_ITEM('',(#384),#382);
#386=CARTESIAN_POINT('',(-1.353691618421E1,3.2E1,5.196335268407E0));
#387=DIRECTION('',(-3.583679495453E-1,0.E0,-9.335804264972E-1));
#388=DIRECTION('',(-9.335804264972E-1,-3.552713678801E-14,3.583679495453E-1));
#389=AXIS2_PLACEMENT_3D('',#386,#387,#388);
#391=CURVE_STYLE('',#330,POSITIVE_LENGTH_MEASURE(2.E-2),#322);
#392=PRESENTATION_STYLE_ASSIGNMENT((#391));
#393=STYLED_ITEM('',(#392),#390);
#394=CARTESIAN_POINT('',(-1.423710150408E1,3.3E1,5.465111230566E0));
#395=DIRECTION('',(3.583679495453E-1,0.E0,9.335804264972E-1));
#396=DIRECTION('',(5.601482558981E-1,-8.000000000001E-1,-2.150207697271E-1));
#397=AXIS2_PLACEMENT_3D('',#394,#395,#396);
#399=CURVE_STYLE('',#330,POSITIVE_LENGTH_MEASURE(2.E-2),#322);
#400=PRESENTATION_STYLE_ASSIGNMENT((#399));
#401=STYLED_ITEM('',(#400),#398);
#402=CARTESIAN_POINT('',(-1.353691618421E1,3.4E1,5.196335268407E0));
#403=DIRECTION('',(-3.583679495453E-1,0.E0,-9.335804264972E-1));
#404=DIRECTION('',(-5.601482558983E-1,-8.E-1,2.150207697272E-1));
#405=AXIS2_PLACEMENT_3D('',#402,#403,#404);
#407=CURVE_STYLE('',#330,POSITIVE_LENGTH_MEASURE(2.E-2),#322);
#408=PRESENTATION_STYLE_ASSIGNMENT((#407));
#409=STYLED_ITEM('',(#408),#406);
#410=DIRECTION('',(0.E0,1.E0,0.E0));
#411=VECTOR('',#410,5.E-1);
#412=CARTESIAN_POINT('',(-1.391034835481E1,3.4E1,5.339682448225E0));
#413=LINE('',#412,#411);
#414=CURVE_STYLE('',#330,POSITIVE_LENGTH_MEASURE(2.E-2),#322);
#415=PRESENTATION_STYLE_ASSIGNMENT((#414));
#416=STYLED_ITEM('',(#415),#413);
#417=CARTESIAN_POINT('',(-1.353691618421E1,3.45E1,5.196335268407E0));
#418=DIRECTION('',(-3.583679495453E-1,0.E0,-9.335804264972E-1));
#419=DIRECTION('',(-9.335804264972E-1,7.105427357601E-14,3.583679495453E-1));
#420=AXIS2_PLACEMENT_3D('',#417,#418,#419);
#422=CURVE_STYLE('',#330,POSITIVE_LENGTH_MEASURE(2.E-2),#322);
#423=PRESENTATION_STYLE_ASSIGNMENT((#422));
#424=STYLED_ITEM('',(#423),#421);
#425=CARTESIAN_POINT('',(0.E0,3.49E1,0.E0));
#426=DIRECTION('',(0.E0,-1.E0,0.E0));
#427=DIRECTION('',(-9.335804264972E-1,0.E0,-3.583679495453E-1));
#428=AXIS2_PLACEMENT_3D('',#425,#426,#427);
#430=CURVE_STYLE('',#330,POSITIVE_LENGTH_MEASURE(2.E-2),#322);
#431=PRESENTATION_STYLE_ASSIGNMENT((#430));
#432=STYLED_ITEM('',(#431),#429);
#433=CARTESIAN_POINT('',(0.E0,3.47E1,0.E0));
#434=DIRECTION('',(0.E0,1.E0,0.E0));
#435=DIRECTION('',(-9.335804264972E-1,0.E0,3.583679495453E-1));
#436=AXIS2_PLACEMENT_3D('',#433,#434,#435);
#438=CURVE_STYLE('',#330,POSITIVE_LENGTH_MEASURE(2.E-2),#322);
#439=PRESENTATION_STYLE_ASSIGNMENT((#438));
#440=STYLED_ITEM('',(#439),#437);
#441=DIRECTION('',(9.335804264972E-1,0.E0,3.583679495453E-1));
#442=VECTOR('',#441,2.1E0);
#443=CARTESIAN_POINT('',(-1.353691618421E1,3.49E1,-5.196335268407E0));
#444=LINE('',#443,#442);
#445=CURVE_STYLE('',#330,POSITIVE_LENGTH_MEASURE(2.E-2),#322);
#446=PRESENTATION_STYLE_ASSIGNMENT((#445));
#447=STYLED_ITEM('',(#446),#444);
#448=DIRECTION('',(9.335804264972E-1,0.E0,-3.583679495453E-1));
#449=VECTOR('',#448,2.1E0);
#450=CARTESIAN_POINT('',(-1.353691618421E1,3.49E1,5.196335268407E0));
#451=LINE('',#450,#449);
#452=CURVE_STYLE('',#330,POSITIVE_LENGTH_MEASURE(2.E-2),#322);
#453=PRESENTATION_STYLE_ASSIGNMENT((#452));
#454=STYLED_ITEM('',(#453),#451);
#455=CARTESIAN_POINT('',(-1.353691618421E1,3.45E1,-5.196335268407E0));
#456=DIRECTION('',(3.583679495453E-1,0.E0,-9.335804264972E-1));
#457=DIRECTION('',(-8.085043658225E-1,4.999999999999E-1,-3.103557482084E-1));
#458=AXIS2_PLACEMENT_3D('',#455,#456,#457);
#460=CURVE_STYLE('',#330,POSITIVE_LENGTH_MEASURE(2.E-2),#322);
#461=PRESENTATION_STYLE_ASSIGNMENT((#460));
#462=STYLED_ITEM('',(#461),#459);
#463=CARTESIAN_POINT('',(-1.353691618421E1,3.45E1,-5.196335268407E0));
#464=DIRECTION('',(3.583679495453E-1,0.E0,-9.335804264972E-1));
#465=DIRECTION('',(-9.335804264972E-1,7.105427357601E-14,-3.583679495453E-1));
#466=AXIS2_PLACEMENT_3D('',#463,#464,#465);
#468=CURVE_STYLE('',#330,POSITIVE_LENGTH_MEASURE(2.E-2),#322);
#469=PRESENTATION_STYLE_ASSIGNMENT((#468));
#470=STYLED_ITEM('',(#469),#467);
#471=DIRECTION('',(0.E0,1.E0,0.E0));
#472=VECTOR('',#471,5.E-1);
#473=CARTESIAN_POINT('',(-1.391034835481E1,3.4E1,-5.339682448225E0));
#474=LINE('',#473,#472);
#475=CURVE_STYLE('',#330,POSITIVE_LENGTH_MEASURE(2.E-2),#322);
#476=PRESENTATION_STYLE_ASSIGNMENT((#475));
#477=STYLED_ITEM('',(#476),#474);
#478=CARTESIAN_POINT('',(-1.353691618421E1,3.4E1,-5.196335268407E0));
#479=DIRECTION('',(3.583679495453E-1,0.E0,-9.335804264972E-1));
#480=DIRECTION('',(-5.601482558983E-1,-8.E-1,-2.150207697272E-1));
#481=AXIS2_PLACEMENT_3D('',#478,#479,#480);
#483=CURVE_STYLE('',#330,POSITIVE_LENGTH_MEASURE(2.E-2),#322);
#484=PRESENTATION_STYLE_ASSIGNMENT((#483));
#485=STYLED_ITEM('',(#484),#482);
#486=CARTESIAN_POINT('',(-1.423710150408E1,3.3E1,-5.465111230566E0));
#487=DIRECTION('',(-3.583679495453E-1,0.E0,9.335804264972E-1));
#488=DIRECTION('',(5.601482558981E-1,-8.000000000001E-1,2.150207697271E-1));
#489=AXIS2_PLACEMENT_3D('',#486,#487,#488);
#491=CURVE_STYLE('',#330,POSITIVE_LENGTH_MEASURE(2.E-2),#322);
#492=PRESENTATION_STYLE_ASSIGNMENT((#491));
#493=STYLED_ITEM('',(#492),#490);
#494=CARTESIAN_POINT('',(-1.353691618421E1,3.2E1,-5.196335268407E0));
#495=DIRECTION('',(3.583679495453E-1,0.E0,-9.335804264972E-1));
#496=DIRECTION('',(-9.335804264972E-1,-3.552713678801E-14,-3.583679495453E-1));
#497=AXIS2_PLACEMENT_3D('',#494,#495,#496);
#499=CURVE_STYLE('',#330,POSITIVE_LENGTH_MEASURE(2.E-2),#322);
#500=PRESENTATION_STYLE_ASSIGNMENT((#499));
#501=STYLED_ITEM('',(#500),#498);
#502=DIRECTION('',(0.E0,1.E0,0.E0));
#503=VECTOR('',#502,6.65E1);
#504=CARTESIAN_POINT('',(-1.391034835481E1,-3.45E1,-5.339682448225E0));
#505=LINE('',#504,#503);
#506=CURVE_STYLE('',#330,POSITIVE_LENGTH_MEASURE(2.E-2),#322);
#507=PRESENTATION_STYLE_ASSIGNMENT((#506));
#508=STYLED_ITEM('',(#507),#505);
#509=CARTESIAN_POINT('',(-1.353691618421E1,-3.45E1,-5.196335268407E0));
#510=DIRECTION('',(3.583679495453E-1,0.E0,-9.335804264972E-1));
#511=DIRECTION('',(0.E0,-1.E0,0.E0));
#512=AXIS2_PLACEMENT_3D('',#509,#510,#511);
#514=CURVE_STYLE('',#330,POSITIVE_LENGTH_MEASURE(2.E-2),#322);
#515=PRESENTATION_STYLE_ASSIGNMENT((#514));
#516=STYLED_ITEM('',(#515),#513);
#517=DIRECTION('',(-9.335804264972E-1,0.E0,-3.583679495453E-1));
#518=VECTOR('',#517,1.1E0);
#519=CARTESIAN_POINT('',(-1.250997771506E1,-3.49E1,-4.802130523907E0));
#520=LINE('',#519,#518);
#521=CURVE_STYLE('',#330,POSITIVE_LENGTH_MEASURE(2.E-2),#322);
#522=PRESENTATION_STYLE_ASSIGNMENT((#521));
#523=STYLED_ITEM('',(#522),#520);
#524=CARTESIAN_POINT('',(0.E0,3.47E1,0.E0));
#525=DIRECTION('',(0.E0,1.E0,0.E0));
#526=DIRECTION('',(-9.335804264972E-1,0.E0,-3.583679495453E-1));
#527=AXIS2_PLACEMENT_3D('',#524,#525,#526);
#529=CURVE_STYLE('',#330,POSITIVE_LENGTH_MEASURE(2.E-2),#322);
#530=PRESENTATION_STYLE_ASSIGNMENT((#529));
#531=STYLED_ITEM('',(#530),#528);
#532=CARTESIAN_POINT('',(0.E0,3.45E1,0.E0));
#533=DIRECTION('',(0.E0,1.E0,0.E0));
#534=DIRECTION('',(-9.335804264972E-1,0.E0,-3.583679495453E-1));
#535=AXIS2_PLACEMENT_3D('',#532,#533,#534);
#537=CURVE_STYLE('',#330,POSITIVE_LENGTH_MEASURE(2.E-2),#322);
#538=PRESENTATION_STYLE_ASSIGNMENT((#537));
#539=STYLED_ITEM('',(#538),#536);
#540=CARTESIAN_POINT('',(0.E0,3.4E1,0.E0));
#541=DIRECTION('',(0.E0,1.E0,0.E0));
#542=DIRECTION('',(-9.335804264972E-1,0.E0,-3.583679495453E-1));
#543=AXIS2_PLACEMENT_3D('',#540,#541,#542);
#545=CURVE_STYLE('',#330,POSITIVE_LENGTH_MEASURE(2.E-2),#322);
#546=PRESENTATION_STYLE_ASSIGNMENT((#545));
#547=STYLED_ITEM('',(#546),#544);
#548=CARTESIAN_POINT('',(0.E0,3.368E1,0.E0));
#549=DIRECTION('',(0.E0,1.E0,0.E0));
#550=DIRECTION('',(-9.335804264972E-1,0.E0,-3.583679495453E-1));
#551=AXIS2_PLACEMENT_3D('',#548,#549,#550);
#553=CURVE_STYLE('',#330,POSITIVE_LENGTH_MEASURE(2.E-2),#322);
#554=PRESENTATION_STYLE_ASSIGNMENT((#553));
#555=STYLED_ITEM('',(#554),#552);
#556=CARTESIAN_POINT('',(0.E0,3.232E1,0.E0));
#557=DIRECTION('',(0.E0,1.E0,0.E0));
#558=DIRECTION('',(-9.335804264972E-1,0.E0,-3.583679495453E-1));
#559=AXIS2_PLACEMENT_3D('',#556,#557,#558);
#561=CURVE_STYLE('',#330,POSITIVE_LENGTH_MEASURE(2.E-2),#322);
#562=PRESENTATION_STYLE_ASSIGNMENT((#561));
#563=STYLED_ITEM('',(#562),#560);
#564=CARTESIAN_POINT('',(0.E0,3.2E1,0.E0));
#565=DIRECTION('',(0.E0,1.E0,0.E0));
#566=DIRECTION('',(-9.335804264972E-1,0.E0,-3.583679495453E-1));
#567=AXIS2_PLACEMENT_3D('',#564,#565,#566);
#569=CURVE_STYLE('',#330,POSITIVE_LENGTH_MEASURE(2.E-2),#322);
#570=PRESENTATION_STYLE_ASSIGNMENT((#569));
#571=STYLED_ITEM('',(#570),#568);
#572=CARTESIAN_POINT('',(0.E0,-3.45E1,0.E0));
#573=DIRECTION('',(0.E0,1.E0,0.E0));
#574=DIRECTION('',(-9.335804264972E-1,0.E0,-3.583679495453E-1));
#575=AXIS2_PLACEMENT_3D('',#572,#573,#574);
#577=CURVE_STYLE('',#330,POSITIVE_LENGTH_MEASURE(2.E-2),#322);
#578=PRESENTATION_STYLE_ASSIGNMENT((#577));
#579=STYLED_ITEM('',(#578),#576);
#580=CARTESIAN_POINT('',(0.E0,-3.49E1,0.E0));
#581=DIRECTION('',(0.E0,1.E0,0.E0));
#582=DIRECTION('',(-9.335804264972E-1,0.E0,-3.583679495453E-1));
#583=AXIS2_PLACEMENT_3D('',#580,#581,#582);
#585=CURVE_STYLE('',#330,POSITIVE_LENGTH_MEASURE(2.E-2),#322);
#586=PRESENTATION_STYLE_ASSIGNMENT((#585));
#587=STYLED_ITEM('',(#586),#584);
#588=DIRECTION('',(9.335804264972E-1,0.E0,3.583679495453E-1));
#589=VECTOR('',#588,1.1E0);
#590=CARTESIAN_POINT('',(-1.353691618421E1,-3.5E1,-5.196335268407E0));
#591=LINE('',#590,#589);
#592=CURVE_STYLE('',#330,POSITIVE_LENGTH_MEASURE(2.E-2),#322);
#593=PRESENTATION_STYLE_ASSIGNMENT((#592));
#594=STYLED_ITEM('',(#593),#591);
#595=DIRECTION('',(9.335804264972E-1,0.E0,-3.583679495453E-1));
#596=VECTOR('',#595,1.1E0);
#597=CARTESIAN_POINT('',(-1.353691618421E1,-3.5E1,5.196335268407E0));
#598=LINE('',#597,#596);
#599=CURVE_STYLE('',#330,POSITIVE_LENGTH_MEASURE(2.E-2),#322);
#600=PRESENTATION_STYLE_ASSIGNMENT((#599));
#601=STYLED_ITEM('',(#600),#598);
#602=CARTESIAN_POINT('',(0.E0,-3.5E1,0.E0));
#603=DIRECTION('',(0.E0,-1.E0,0.E0));
#604=DIRECTION('',(-9.335804264972E-1,0.E0,-3.583679495453E-1));
#605=AXIS2_PLACEMENT_3D('',#602,#603,#604);
#607=CURVE_STYLE('',#330,POSITIVE_LENGTH_MEASURE(2.E-2),#322);
#608=PRESENTATION_STYLE_ASSIGNMENT((#607));
#609=STYLED_ITEM('',(#608),#606);
#610=CARTESIAN_POINT('',(-1.353691618421E1,-3.45E1,5.196335268407E0));
#611=DIRECTION('',(3.583679495453E-1,0.E0,9.335804264972E-1));
#612=DIRECTION('',(-9.335804264972E-1,4.263256414561E-14,3.583679495453E-1));
#613=AXIS2_PLACEMENT_3D('',#610,#611,#612);
#615=CURVE_STYLE('',#330,POSITIVE_LENGTH_MEASURE(2.E-2),#322);
#616=PRESENTATION_STYLE_ASSIGNMENT((#615));
#617=STYLED_ITEM('',(#616),#614);
#618=CARTESIAN_POINT('',(0.E0,-3.45E1,0.E0));
#619=DIRECTION('',(0.E0,1.E0,0.E0));
#620=DIRECTION('',(-9.335804264972E-1,0.E0,3.583679495453E-1));
#621=AXIS2_PLACEMENT_3D('',#618,#619,#620);
#623=CURVE_STYLE('',#330,POSITIVE_LENGTH_MEASURE(2.E-2),#322);
#624=PRESENTATION_STYLE_ASSIGNMENT((#623));
#625=STYLED_ITEM('',(#624),#622);
#626=CARTESIAN_POINT('',(-1.353691618421E1,-3.45E1,-5.196335268407E0));
#627=DIRECTION('',(-3.583679495453E-1,0.E0,9.335804264972E-1));
#628=DIRECTION('',(-9.335804264972E-1,7.105427357601E-14,-3.583679495453E-1));
#629=AXIS2_PLACEMENT_3D('',#626,#627,#628);
#631=CURVE_STYLE('',#330,POSITIVE_LENGTH_MEASURE(2.E-2),#322);
#632=PRESENTATION_STYLE_ASSIGNMENT((#631));
#633=STYLED_ITEM('',(#632),#630);
#634=DIRECTION('',(0.E0,-1.E0,0.E0));
#635=VECTOR('',#634,5.E-1);
#636=CARTESIAN_POINT('',(-1.400370639746E1,3.45E1,5.375519243180E0));
#637=LINE('',#636,#635);
#638=CURVE_STYLE('',#330,POSITIVE_LENGTH_MEASURE(2.E-2),#322);
#639=PRESENTATION_STYLE_ASSIGNMENT((#638));
#640=STYLED_ITEM('',(#639),#637);
#641=DIRECTION('',(0.E0,-1.E0,0.E0));
#642=VECTOR('',#641,5.E-1);
#643=CARTESIAN_POINT('',(-1.400370639746E1,3.45E1,-5.375519243180E0));
#644=LINE('',#643,#642);
#645=CURVE_STYLE('',#330,POSITIVE_LENGTH_MEASURE(2.E-2),#322);
#646=PRESENTATION_STYLE_ASSIGNMENT((#645));
#647=STYLED_ITEM('',(#646),#644);
#648=DIRECTION('',(0.E0,-1.E0,0.E0));
#649=VECTOR('',#648,6.65E1);
#650=CARTESIAN_POINT('',(-1.400370639746E1,3.2E1,5.375519243180E0));
#651=LINE('',#650,#649);
#652=CURVE_STYLE('',#330,POSITIVE_LENGTH_MEASURE(2.E-2),#322);
#653=PRESENTATION_STYLE_ASSIGNMENT((#652));
#654=STYLED_ITEM('',(#653),#651);
#655=DIRECTION('',(0.E0,-1.E0,0.E0));
#656=VECTOR('',#655,6.65E1);
#657=CARTESIAN_POINT('',(-1.400370639746E1,3.2E1,-5.375519243180E0));
#658=LINE('',#657,#656);
#659=CURVE_STYLE('',#330,POSITIVE_LENGTH_MEASURE(2.E-2),#322);
#660=PRESENTATION_STYLE_ASSIGNMENT((#659));
#661=STYLED_ITEM('',(#660),#658);
#662=CARTESIAN_POINT('',(0.E0,3.36E1,0.E0));
#663=DIRECTION('',(0.E0,-1.E0,0.E0));
#664=DIRECTION('',(-9.335804264972E-1,0.E0,-3.583679495453E-1));
#665=AXIS2_PLACEMENT_3D('',#662,#663,#664);
#667=CURVE_STYLE('',#330,POSITIVE_LENGTH_MEASURE(2.E-2),#322);
#668=PRESENTATION_STYLE_ASSIGNMENT((#667));
#669=STYLED_ITEM('',(#668),#666);
#670=CARTESIAN_POINT('',(-1.353691618421E1,3.4E1,5.196335268407E0));
#671=DIRECTION('',(3.583679495453E-1,0.E0,9.335804264972E-1));
#672=DIRECTION('',(-9.335804264972E-1,5.684341886081E-14,3.583679495453E-1));
#673=AXIS2_PLACEMENT_3D('',#670,#671,#672);
#675=CURVE_STYLE('',#330,POSITIVE_LENGTH_MEASURE(2.E-2),#322);
#676=PRESENTATION_STYLE_ASSIGNMENT((#675));
#677=STYLED_ITEM('',(#676),#674);
#678=CARTESIAN_POINT('',(0.E0,3.4E1,0.E0));
#679=DIRECTION('',(0.E0,1.E0,0.E0));
#680=DIRECTION('',(-9.335804264972E-1,0.E0,3.583679495453E-1));
#681=AXIS2_PLACEMENT_3D('',#678,#679,#680);
#683=CURVE_STYLE('',#330,POSITIVE_LENGTH_MEASURE(2.E-2),#322);
#684=PRESENTATION_STYLE_ASSIGNMENT((#683));
#685=STYLED_ITEM('',(#684),#682);
#686=CARTESIAN_POINT('',(-1.353691618421E1,3.4E1,-5.196335268407E0));
#687=DIRECTION('',(-3.583679495453E-1,0.E0,9.335804264972E-1));
#688=DIRECTION('',(-9.335804264972E-1,2.842170943040E-14,-3.583679495453E-1));
#689=AXIS2_PLACEMENT_3D('',#686,#687,#688);
#691=CURVE_STYLE('',#330,POSITIVE_LENGTH_MEASURE(2.E-2),#322);
#692=PRESENTATION_STYLE_ASSIGNMENT((#691));
#693=STYLED_ITEM('',(#692),#690);
#694=CARTESIAN_POINT('',(-1.423710150408E1,3.3E1,5.465111230566E0));
#695=DIRECTION('',(3.583679495453E-1,0.E0,9.335804264972E-1));
#696=DIRECTION('',(5.601482558983E-1,-8.E-1,-2.150207697272E-1));
#697=AXIS2_PLACEMENT_3D('',#694,#695,#696);
#699=CURVE_STYLE('',#330,POSITIVE_LENGTH_MEASURE(2.E-2),#322);
#700=PRESENTATION_STYLE_ASSIGNMENT((#699));
#701=STYLED_ITEM('',(#700),#698);
#702=CARTESIAN_POINT('',(-1.423710150408E1,3.3E1,-5.465111230566E0));
#703=DIRECTION('',(-3.583679495453E-1,0.E0,9.335804264972E-1));
#704=DIRECTION('',(5.601482558983E-1,-8.E-1,2.150207697272E-1));
#705=AXIS2_PLACEMENT_3D('',#702,#703,#704);
#707=CURVE_STYLE('',#330,POSITIVE_LENGTH_MEASURE(2.E-2),#322);
#708=PRESENTATION_STYLE_ASSIGNMENT((#707));
#709=STYLED_ITEM('',(#708),#706);
#710=CARTESIAN_POINT('',(0.E0,3.2E1,0.E0));
#711=DIRECTION('',(0.E0,-1.E0,0.E0));
#712=DIRECTION('',(-9.335804264972E-1,0.E0,-3.583679495453E-1));
#713=AXIS2_PLACEMENT_3D('',#710,#711,#712);
#715=CURVE_STYLE('',#330,POSITIVE_LENGTH_MEASURE(2.E-2),#322);
#716=PRESENTATION_STYLE_ASSIGNMENT((#715));
#717=STYLED_ITEM('',(#716),#714);
#718=CARTESIAN_POINT('',(-1.353691618421E1,3.2E1,5.196335268407E0));
#719=DIRECTION('',(3.583679495453E-1,0.E0,9.335804264972E-1));
#720=DIRECTION('',(-5.601482558983E-1,8.E-1,2.150207697272E-1));
#721=AXIS2_PLACEMENT_3D('',#718,#719,#720);
#723=CURVE_STYLE('',#330,POSITIVE_LENGTH_MEASURE(2.E-2),#322);
#724=PRESENTATION_STYLE_ASSIGNMENT((#723));
#725=STYLED_ITEM('',(#724),#722);
#726=CARTESIAN_POINT('',(0.E0,3.24E1,0.E0));
#727=DIRECTION('',(0.E0,1.E0,0.E0));
#728=DIRECTION('',(-9.335804264972E-1,0.E0,3.583679495453E-1));
#729=AXIS2_PLACEMENT_3D('',#726,#727,#728);
#731=CURVE_STYLE('',#330,POSITIVE_LENGTH_MEASURE(2.E-2),#322);
#732=PRESENTATION_STYLE_ASSIGNMENT((#731));
#733=STYLED_ITEM('',(#732),#730);
#734=CARTESIAN_POINT('',(-1.353691618421E1,3.2E1,-5.196335268407E0));
#735=DIRECTION('',(-3.583679495453E-1,0.E0,9.335804264972E-1));
#736=DIRECTION('',(-5.601482558983E-1,8.E-1,-2.150207697272E-1));
#737=AXIS2_PLACEMENT_3D('',#734,#735,#736);
#739=CURVE_STYLE('',#330,POSITIVE_LENGTH_MEASURE(2.E-2),#322);
#740=PRESENTATION_STYLE_ASSIGNMENT((#739));
#741=STYLED_ITEM('',(#740),#738);
#742=CARTESIAN_POINT('',(0.E0,3.45E1,0.E0));
#743=DIRECTION('',(0.E0,-1.E0,0.E0));
#744=DIRECTION('',(-9.335804264972E-1,0.E0,-3.583679495453E-1));
#745=AXIS2_PLACEMENT_3D('',#742,#743,#744);
#747=CURVE_STYLE('',#330,POSITIVE_LENGTH_MEASURE(2.E-2),#322);
#748=PRESENTATION_STYLE_ASSIGNMENT((#747));
#749=STYLED_ITEM('',(#748),#746);
#750=CARTESIAN_POINT('',(-1.353691618421E1,3.45E1,5.196335268407E0));
#751=DIRECTION('',(3.583679495453E-1,0.E0,9.335804264972E-1));
#752=DIRECTION('',(0.E0,1.E0,0.E0));
#753=AXIS2_PLACEMENT_3D('',#750,#751,#752);
#755=CURVE_STYLE('',#330,POSITIVE_LENGTH_MEASURE(2.E-2),#322);
#756=PRESENTATION_STYLE_ASSIGNMENT((#755));
#757=STYLED_ITEM('',(#756),#754);
#758=CARTESIAN_POINT('',(0.E0,3.5E1,0.E0));
#759=DIRECTION('',(0.E0,1.E0,0.E0));
#760=DIRECTION('',(-9.335804264972E-1,0.E0,3.583679495453E-1));
#761=AXIS2_PLACEMENT_3D('',#758,#759,#760);
#763=CURVE_STYLE('',#330,POSITIVE_LENGTH_MEASURE(2.E-2),#322);
#764=PRESENTATION_STYLE_ASSIGNMENT((#763));
#765=STYLED_ITEM('',(#764),#762);
#766=CARTESIAN_POINT('',(-1.353691618421E1,3.45E1,-5.196335268407E0));
#767=DIRECTION('',(-3.583679495453E-1,0.E0,9.335804264972E-1));
#768=DIRECTION('',(0.E0,1.E0,0.E0));
#769=AXIS2_PLACEMENT_3D('',#766,#767,#768);
#771=CURVE_STYLE('',#330,POSITIVE_LENGTH_MEASURE(2.E-2),#322);
#772=PRESENTATION_STYLE_ASSIGNMENT((#771));
#773=STYLED_ITEM('',(#772),#770);
#774=DIRECTION('',(9.335804264972E-1,0.E0,3.583679495453E-1));
#775=VECTOR('',#774,2.1E0);
#776=CARTESIAN_POINT('',(-1.353691618421E1,3.5E1,-5.196335268407E0));
#777=LINE('',#776,#775);
#778=CURVE_STYLE('',#330,POSITIVE_LENGTH_MEASURE(2.E-2),#322);
#779=PRESENTATION_STYLE_ASSIGNMENT((#778));
#780=STYLED_ITEM('',(#779),#777);
#781=DIRECTION('',(9.335804264972E-1,0.E0,-3.583679495453E-1));
#782=VECTOR('',#781,2.1E0);
#783=CARTESIAN_POINT('',(-1.353691618421E1,3.5E1,5.196335268407E0));
#784=LINE('',#783,#782);
#785=CURVE_STYLE('',#330,POSITIVE_LENGTH_MEASURE(2.E-2),#322);
#786=PRESENTATION_STYLE_ASSIGNMENT((#785));
#787=STYLED_ITEM('',(#786),#784);
#788=CARTESIAN_POINT('',(0.E0,3.5E1,0.E0));
#789=DIRECTION('',(0.E0,-1.E0,0.E0));
#790=DIRECTION('',(-9.335804264972E-1,0.E0,-3.583679495453E-1));
#791=AXIS2_PLACEMENT_3D('',#788,#789,#790);
#793=CURVE_STYLE('',#330,POSITIVE_LENGTH_MEASURE(2.E-2),#322);
#794=PRESENTATION_STYLE_ASSIGNMENT((#793));
#795=STYLED_ITEM('',(#794),#792);
#796=DIRECTION('',(0.E0,-1.E0,0.E0));
#797=VECTOR('',#796,1.E-1);
#798=CARTESIAN_POINT('',(-1.157639728857E1,3.5E1,4.443762574362E0));
#799=LINE('',#798,#797);
#800=CURVE_STYLE('',#330,POSITIVE_LENGTH_MEASURE(2.E-2),#322);
#801=PRESENTATION_STYLE_ASSIGNMENT((#800));
#802=STYLED_ITEM('',(#801),#799);
#803=CARTESIAN_POINT('',(0.E0,3.49E1,0.E0));
#804=DIRECTION('',(0.E0,1.E0,0.E0));
#805=DIRECTION('',(-9.335804264972E-1,0.E0,3.583679495453E-1));
#806=AXIS2_PLACEMENT_3D('',#803,#804,#805);
#808=CURVE_STYLE('',#330,POSITIVE_LENGTH_MEASURE(2.E-2),#322);
#809=PRESENTATION_STYLE_ASSIGNMENT((#808));
#810=STYLED_ITEM('',(#809),#807);
#811=DIRECTION('',(0.E0,-1.E0,0.E0));
#812=VECTOR('',#811,1.E-1);
#813=CARTESIAN_POINT('',(-1.157639728857E1,3.5E1,-4.443762574362E0));
#814=LINE('',#813,#812);
#815=CURVE_STYLE('',#330,POSITIVE_LENGTH_MEASURE(2.E-2),#322);
#816=PRESENTATION_STYLE_ASSIGNMENT((#815));
#817=STYLED_ITEM('',(#816),#814);
#818=CARTESIAN_POINT('',(-1.353691618421E1,-3.49E1,-5.196335268407E0));
#819=CARTESIAN_POINT('',(-1.391034835481E1,-3.45E1,-5.339682448225E0));
#820=VERTEX_POINT('',#818);
#821=VERTEX_POINT('',#819);
#822=CARTESIAN_POINT('',(-1.391034835481E1,3.2E1,-5.339682448225E0));
#823=VERTEX_POINT('',#822);
#824=CARTESIAN_POINT('',(-1.376097548657E1,3.232E1,-5.282343576298E0));
#825=VERTEX_POINT('',#824);
#826=CARTESIAN_POINT('',(-1.376097548657E1,3.368E1,-5.282343576298E0));
#827=VERTEX_POINT('',#826);
#828=CARTESIAN_POINT('',(-1.391034835481E1,3.4E1,-5.339682448225E0));
#829=VERTEX_POINT('',#828);
#830=CARTESIAN_POINT('',(-1.391034835481E1,3.45E1,-5.339682448225E0));
#831=VERTEX_POINT('',#830);
#832=CARTESIAN_POINT('',(-1.353691618421E1,-3.49E1,5.196335268407E0));
#833=CARTESIAN_POINT('',(-1.391034835481E1,-3.45E1,5.339682448225E0));
#834=VERTEX_POINT('',#832);
#835=VERTEX_POINT('',#833);
#836=CARTESIAN_POINT('',(-1.391034835481E1,3.2E1,5.339682448225E0));
#837=VERTEX_POINT('',#836);
#838=CARTESIAN_POINT('',(-1.376097548657E1,3.232E1,5.282343576298E0));
#839=VERTEX_POINT('',#838);
#840=CARTESIAN_POINT('',(-1.376097548657E1,3.368E1,5.282343576298E0));
#841=VERTEX_POINT('',#840);
#842=CARTESIAN_POINT('',(-1.391034835481E1,3.4E1,5.339682448225E0));
#843=VERTEX_POINT('',#842);
#844=CARTESIAN_POINT('',(-1.391034835481E1,3.45E1,5.339682448225E0));
#845=VERTEX_POINT('',#844);
#846=CARTESIAN_POINT('',(-1.353691618421E1,3.5E1,-5.196335268407E0));
#847=CARTESIAN_POINT('',(-1.157639728857E1,3.5E1,-4.443762574362E0));
#848=VERTEX_POINT('',#846);
#849=VERTEX_POINT('',#847);
#850=CARTESIAN_POINT('',(-1.353691618421E1,3.5E1,5.196335268407E0));
#851=CARTESIAN_POINT('',(-1.157639728857E1,3.5E1,4.443762574362E0));
#852=VERTEX_POINT('',#850);
#853=VERTEX_POINT('',#851);
#854=CARTESIAN_POINT('',(-1.353691618421E1,-3.5E1,-5.196335268407E0));
#855=CARTESIAN_POINT('',(-1.250997771506E1,-3.5E1,-4.802130523907E0));
#856=VERTEX_POINT('',#854);
#857=VERTEX_POINT('',#855);
#858=CARTESIAN_POINT('',(-1.353691618421E1,-3.5E1,5.196335268407E0));
#859=CARTESIAN_POINT('',(-1.250997771506E1,-3.5E1,4.802130523907E0));
#860=VERTEX_POINT('',#858);
#861=VERTEX_POINT('',#859);
#862=CARTESIAN_POINT('',(-1.157639728857E1,3.49E1,-4.443762574362E0));
#863=VERTEX_POINT('',#862);
#864=CARTESIAN_POINT('',(-1.157639728857E1,3.49E1,4.443762574362E0));
#865=VERTEX_POINT('',#864);
#866=CARTESIAN_POINT('',(-1.250997771506E1,-3.49E1,-4.802130523907E0));
#867=VERTEX_POINT('',#866);
#868=CARTESIAN_POINT('',(-1.250997771506E1,-3.49E1,4.802130523907E0));
#869=VERTEX_POINT('',#868);
#870=CARTESIAN_POINT('',(-1.400370639746E1,3.45E1,-5.375519243180E0));
#871=CARTESIAN_POINT('',(-1.400370639746E1,3.4E1,-5.375519243180E0));
#872=VERTEX_POINT('',#870);
#873=VERTEX_POINT('',#871);
#874=CARTESIAN_POINT('',(-1.400370639746E1,3.2E1,-5.375519243180E0));
#875=CARTESIAN_POINT('',(-1.400370639746E1,-3.45E1,-5.375519243180E0));
#876=VERTEX_POINT('',#874);
#877=VERTEX_POINT('',#875);
#878=CARTESIAN_POINT('',(-1.400370639746E1,3.45E1,5.375519243180E0));
#879=CARTESIAN_POINT('',(-1.400370639746E1,3.4E1,5.375519243180E0));
#880=VERTEX_POINT('',#878);
#881=VERTEX_POINT('',#879);
#882=CARTESIAN_POINT('',(-1.400370639746E1,3.2E1,5.375519243180E0));
#883=CARTESIAN_POINT('',(-1.400370639746E1,-3.45E1,5.375519243180E0));
#884=VERTEX_POINT('',#882);
#885=VERTEX_POINT('',#883);
#886=CARTESIAN_POINT('',(-1.381699031216E1,3.24E1,-5.303845653270E0));
#887=CARTESIAN_POINT('',(-1.381699031216E1,3.36E1,-5.303845653270E0));
#888=VERTEX_POINT('',#886);
#889=VERTEX_POINT('',#887);
#890=CARTESIAN_POINT('',(-1.381699031216E1,3.24E1,5.303845653270E0));
#891=CARTESIAN_POINT('',(-1.381699031216E1,3.36E1,5.303845653270E0));
#892=VERTEX_POINT('',#890);
#893=VERTEX_POINT('',#891);
#894=CARTESIAN_POINT('',(-1.386031793054E1,3.47E1,-5.320477567690E0));
#895=CARTESIAN_POINT('',(-1.353691618421E1,3.49E1,-5.196335268407E0));
#896=VERTEX_POINT('',#894);
#897=VERTEX_POINT('',#895);
#898=CARTESIAN_POINT('',(-1.386031793054E1,3.47E1,5.320477567690E0));
#899=CARTESIAN_POINT('',(-1.353691618421E1,3.49E1,5.196335268407E0));
#900=VERTEX_POINT('',#898);
#901=VERTEX_POINT('',#899);
#902=CARTESIAN_POINT('',(0.E0,-3.49E1,0.E0));
#903=DIRECTION('',(0.E0,-1.E0,0.E0));
#904=DIRECTION('',(0.E0,0.E0,1.E0));
#905=AXIS2_PLACEMENT_3D('',#902,#903,#904);
#906=PLANE('',#905);
#908=ORIENTED_EDGE('',*,*,#907,.F.);
#910=ORIENTED_EDGE('',*,*,#909,.T.);
#912=ORIENTED_EDGE('',*,*,#911,.T.);
#914=ORIENTED_EDGE('',*,*,#913,.F.);
#915=EDGE_LOOP('',(#908,#910,#912,#914));
#916=FACE_OUTER_BOUND('',#915,.F.);
#918=CARTESIAN_POINT('',(0.E0,3.85E1,0.E0));
#919=DIRECTION('',(0.E0,-1.E0,0.E0));
#920=DIRECTION('',(0.E0,0.E0,1.E0));
#921=AXIS2_PLACEMENT_3D('',#918,#919,#920);
#922=CYLINDRICAL_SURFACE('',#921,1.34E1);
#923=ORIENTED_EDGE('',*,*,#907,.T.);
#925=ORIENTED_EDGE('',*,*,#924,.T.);
#927=ORIENTED_EDGE('',*,*,#926,.T.);
#929=ORIENTED_EDGE('',*,*,#928,.F.);
#930=EDGE_LOOP('',(#923,#925,#927,#929));
#931=FACE_OUTER_BOUND('',#930,.F.);
#933=CARTESIAN_POINT('',(0.E0,-1.E0,0.E0));
#934=DIRECTION('',(3.583679495453E-1,0.E0,9.335804264972E-1));
#935=DIRECTION('',(9.335804264972E-1,0.E0,-3.583679495453E-1));
#936=AXIS2_PLACEMENT_3D('',#933,#934,#935);
#937=PLANE('',#936);
#939=ORIENTED_EDGE('',*,*,#938,.T.);
#941=ORIENTED_EDGE('',*,*,#940,.T.);
#943=ORIENTED_EDGE('',*,*,#942,.F.);
#945=ORIENTED_EDGE('',*,*,#944,.F.);
#947=ORIENTED_EDGE('',*,*,#946,.T.);
#949=ORIENTED_EDGE('',*,*,#948,.T.);
#951=ORIENTED_EDGE('',*,*,#950,.T.);
#953=ORIENTED_EDGE('',*,*,#952,.F.);
#955=ORIENTED_EDGE('',*,*,#954,.T.);
#957=ORIENTED_EDGE('',*,*,#956,.T.);
#959=ORIENTED_EDGE('',*,*,#958,.T.);
#961=ORIENTED_EDGE('',*,*,#960,.T.);
#962=ORIENTED_EDGE('',*,*,#924,.F.);
#963=ORIENTED_EDGE('',*,*,#913,.T.);
#965=ORIENTED_EDGE('',*,*,#964,.T.);
#967=ORIENTED_EDGE('',*,*,#966,.T.);
#969=ORIENTED_EDGE('',*,*,#968,.T.);
#971=ORIENTED_EDGE('',*,*,#970,.T.);
#973=ORIENTED_EDGE('',*,*,#972,.T.);
#975=ORIENTED_EDGE('',*,*,#974,.T.);
#977=ORIENTED_EDGE('',*,*,#976,.T.);
#978=EDGE_LOOP('',(#939,#941,#943,#945,#947,#949,#951,#953,#955,#957,#959,#961,
#962,#963,#965,#967,#969,#971,#973,#975,#977));
#979=FACE_OUTER_BOUND('',#978,.F.);
#981=CARTESIAN_POINT('',(0.E0,3.45E1,0.E0));
#982=DIRECTION('',(0.E0,1.E0,0.E0));
#983=DIRECTION('',(0.E0,0.E0,1.E0));
#984=AXIS2_PLACEMENT_3D('',#981,#982,#983);
#985=TOROIDAL_SURFACE('',#984,1.45E1,4.E-1);
#987=ORIENTED_EDGE('',*,*,#986,.T.);
#988=ORIENTED_EDGE('',*,*,#938,.F.);
#990=ORIENTED_EDGE('',*,*,#989,.T.);
#992=ORIENTED_EDGE('',*,*,#991,.T.);
#993=EDGE_LOOP('',(#987,#988,#990,#992));
#994=FACE_OUTER_BOUND('',#993,.F.);
#996=CARTESIAN_POINT('',(0.E0,3.49E1,0.E0));
#997=DIRECTION('',(0.E0,1.E0,0.E0));
#998=DIRECTION('',(0.E0,0.E0,-1.E0));
#999=AXIS2_PLACEMENT_3D('',#996,#997,#998);
#1000=PLANE('',#999);
#1001=ORIENTED_EDGE('',*,*,#986,.F.);
#1003=ORIENTED_EDGE('',*,*,#1002,.T.);
#1005=ORIENTED_EDGE('',*,*,#1004,.F.);
#1006=ORIENTED_EDGE('',*,*,#940,.F.);
#1007=EDGE_LOOP('',(#1001,#1003,#1005,#1006));
#1008=FACE_OUTER_BOUND('',#1007,.F.);
#1010=CARTESIAN_POINT('',(0.E0,-1.E0,0.E0));
#1011=DIRECTION('',(-3.583679495453E-1,0.E0,9.335804264972E-1));
#1012=DIRECTION('',(9.335804264972E-1,0.E0,3.583679495453E-1));
#1013=AXIS2_PLACEMENT_3D('',#1010,#1011,#1012);
#1014=PLANE('',#1013);
#1015=ORIENTED_EDGE('',*,*,#991,.F.);
#1017=ORIENTED_EDGE('',*,*,#1016,.F.);
#1019=ORIENTED_EDGE('',*,*,#1018,.F.);
#1021=ORIENTED_EDGE('',*,*,#1020,.F.);
#1023=ORIENTED_EDGE('',*,*,#1022,.F.);
#1025=ORIENTED_EDGE('',*,*,#1024,.F.);
#1027=ORIENTED_EDGE('',*,*,#1026,.F.);
#1029=ORIENTED_EDGE('',*,*,#1028,.F.);
#1030=ORIENTED_EDGE('',*,*,#909,.F.);
#1031=ORIENTED_EDGE('',*,*,#928,.T.);
#1033=ORIENTED_EDGE('',*,*,#1032,.F.);
#1035=ORIENTED_EDGE('',*,*,#1034,.F.);
#1037=ORIENTED_EDGE('',*,*,#1036,.F.);
#1039=ORIENTED_EDGE('',*,*,#1038,.F.);
#1041=ORIENTED_EDGE('',*,*,#1040,.T.);
#1043=ORIENTED_EDGE('',*,*,#1042,.F.);
#1045=ORIENTED_EDGE('',*,*,#1044,.F.);
#1047=ORIENTED_EDGE('',*,*,#1046,.F.);
#1049=ORIENTED_EDGE('',*,*,#1048,.T.);
#1051=ORIENTED_EDGE('',*,*,#1050,.T.);
#1052=ORIENTED_EDGE('',*,*,#1002,.F.);
#1053=EDGE_LOOP('',(#1015,#1017,#1019,#1021,#1023,#1025,#1027,#1029,#1030,#1031,
#1033,#1035,#1037,#1039,#1041,#1043,#1045,#1047,#1049,#1051,#1052));
#1054=FACE_OUTER_BOUND('',#1053,.F.);
#1056=CARTESIAN_POINT('',(0.E0,3.45E1,0.E0));
#1057=DIRECTION('',(0.E0,1.E0,0.E0));
#1058=DIRECTION('',(9.335804264972E-1,0.E0,3.583679495453E-1));
#1059=AXIS2_PLACEMENT_3D('',#1056,#1057,#1058);
#1060=TOROIDAL_SURFACE('',#1059,1.45E1,4.E-1);
#1062=ORIENTED_EDGE('',*,*,#1061,.T.);
#1063=ORIENTED_EDGE('',*,*,#976,.F.);
#1065=ORIENTED_EDGE('',*,*,#1064,.F.);
#1066=ORIENTED_EDGE('',*,*,#1016,.T.);
#1067=EDGE_LOOP('',(#1062,#1063,#1065,#1066));
#1068=FACE_OUTER_BOUND('',#1067,.F.);
#1070=CARTESIAN_POINT('',(0.E0,3.47E1,0.E0));
#1071=DIRECTION('',(0.E0,1.E0,0.E0));
#1072=DIRECTION('',(0.E0,0.E0,-1.E0));
#1073=AXIS2_PLACEMENT_3D('',#1070,#1071,#1072);
#1074=PLANE('',#1073);
#1075=ORIENTED_EDGE('',*,*,#989,.F.);
#1076=ORIENTED_EDGE('',*,*,#1061,.F.);
#1077=EDGE_LOOP('',(#1075,#1076));
#1078=FACE_OUTER_BOUND('',#1077,.F.);
#1080=FILL_AREA_STYLE_COLOUR('',#323);
#1081=FILL_AREA_STYLE('',(#1080));
#1082=SURFACE_STYLE_FILL_AREA(#1081);
#1083=SURFACE_SIDE_STYLE('',(#1082));
#1084=SURFACE_STYLE_USAGE(.POSITIVE.,#1083);
#1085=FILL_AREA_STYLE_COLOUR('',#322);
#1086=FILL_AREA_STYLE('',(#1085));
#1087=SURFACE_STYLE_FILL_AREA(#1086);
#1088=SURFACE_SIDE_STYLE('',(#1087));
#1089=SURFACE_STYLE_USAGE(.NEGATIVE.,#1088);
#1090=PRESENTATION_STYLE_ASSIGNMENT((#1084,#1089));
#1091=OVER_RIDING_STYLED_ITEM('',(#1090),#1079,#324);
#1092=CARTESIAN_POINT('',(0.E0,-1.E0,0.E0));
#1093=DIRECTION('',(0.E0,1.E0,0.E0));
#1094=DIRECTION('',(9.335804264972E-1,0.E0,3.583679495453E-1));
#1095=AXIS2_PLACEMENT_3D('',#1092,#1093,#1094);
#1096=CYLINDRICAL_SURFACE('',#1095,1.49E1);
#1097=ORIENTED_EDGE('',*,*,#1018,.T.);
#1098=ORIENTED_EDGE('',*,*,#1064,.T.);
#1099=ORIENTED_EDGE('',*,*,#974,.F.);
#1101=ORIENTED_EDGE('',*,*,#1100,.F.);
#1102=EDGE_LOOP('',(#1097,#1098,#1099,#1101));
#1103=FACE_OUTER_BOUND('',#1102,.F.);
#1105=CARTESIAN_POINT('',(0.E0,3.4E1,0.E0));
#1106=DIRECTION('',(0.E0,1.E0,0.E0));
#1107=DIRECTION('',(9.335804264972E-1,0.E0,3.583679495453E-1));
#1108=AXIS2_PLACEMENT_3D('',#1105,#1106,#1107);
#1109=TOROIDAL_SURFACE('',#1108,1.45E1,4.E-1);
#1110=ORIENTED_EDGE('',*,*,#1020,.T.);
#1111=ORIENTED_EDGE('',*,*,#1100,.T.);
#1112=ORIENTED_EDGE('',*,*,#972,.F.);
#1114=ORIENTED_EDGE('',*,*,#1113,.F.);
#1115=EDGE_LOOP('',(#1110,#1111,#1112,#1114));
#1116=FACE_OUTER_BOUND('',#1115,.F.);
#1118=CARTESIAN_POINT('',(0.E0,3.3E1,0.E0));
#1119=DIRECTION('',(0.E0,1.E0,0.E0));
#1120=DIRECTION('',(9.335804264972E-1,0.E0,3.583679495453E-1));
#1121=AXIS2_PLACEMENT_3D('',#1118,#1119,#1120);
#1122=TOROIDAL_SURFACE('',#1121,1.525E1,8.5E-1);
#1123=ORIENTED_EDGE('',*,*,#1022,.T.);
#1124=ORIENTED_EDGE('',*,*,#1113,.T.);
#1125=ORIENTED_EDGE('',*,*,#970,.F.);
#1127=ORIENTED_EDGE('',*,*,#1126,.F.);
#1128=EDGE_LOOP('',(#1123,#1124,#1125,#1127));
#1129=FACE_OUTER_BOUND('',#1128,.F.);
#1131=CARTESIAN_POINT('',(0.E0,3.2E1,0.E0));
#1132=DIRECTION('',(0.E0,1.E0,0.E0));
#1133=DIRECTION('',(9.335804264972E-1,0.E0,3.583679495453E-1));
#1134=AXIS2_PLACEMENT_3D('',#1131,#1132,#1133);
#1135=TOROIDAL_SURFACE('',#1134,1.45E1,4.E-1);
#1136=ORIENTED_EDGE('',*,*,#1024,.T.);
#1137=ORIENTED_EDGE('',*,*,#1126,.T.);
#1138=ORIENTED_EDGE('',*,*,#968,.F.);
#1140=ORIENTED_EDGE('',*,*,#1139,.F.);
#1141=EDGE_LOOP('',(#1136,#1137,#1138,#1140));
#1142=FACE_OUTER_BOUND('',#1141,.F.);
#1144=CARTESIAN_POINT('',(0.E0,-1.E0,0.E0));
#1145=DIRECTION('',(0.E0,1.E0,0.E0));
#1146=DIRECTION('',(9.335804264972E-1,0.E0,3.583679495453E-1));
#1147=AXIS2_PLACEMENT_3D('',#1144,#1145,#1146);
#1148=CYLINDRICAL_SURFACE('',#1147,1.49E1);
#1149=ORIENTED_EDGE('',*,*,#1026,.T.);
#1150=ORIENTED_EDGE('',*,*,#1139,.T.);
#1151=ORIENTED_EDGE('',*,*,#966,.F.);
#1153=ORIENTED_EDGE('',*,*,#1152,.F.);
#1154=EDGE_LOOP('',(#1149,#1150,#1151,#1153));
#1155=FACE_OUTER_BOUND('',#1154,.F.);
#1157=CARTESIAN_POINT('',(0.E0,-3.45E1,0.E0));
#1158=DIRECTION('',(0.E0,1.E0,0.E0));
#1159=DIRECTION('',(9.335804264972E-1,0.E0,3.583679495453E-1));
#1160=AXIS2_PLACEMENT_3D('',#1157,#1158,#1159);
#1161=TOROIDAL_SURFACE('',#1160,1.45E1,4.E-1);
#1162=ORIENTED_EDGE('',*,*,#1028,.T.);
#1163=ORIENTED_EDGE('',*,*,#1152,.T.);
#1164=ORIENTED_EDGE('',*,*,#964,.F.);
#1165=ORIENTED_EDGE('',*,*,#911,.F.);
#1166=EDGE_LOOP('',(#1162,#1163,#1164,#1165));
#1167=FACE_OUTER_BOUND('',#1166,.F.);
#1169=CARTESIAN_POINT('',(0.E0,-3.5E1,0.E0));
#1170=DIRECTION('',(0.E0,-1.E0,0.E0));
#1171=DIRECTION('',(0.E0,0.E0,1.E0));
#1172=AXIS2_PLACEMENT_3D('',#1169,#1170,#1171);
#1173=PLANE('',#1172);
#1174=ORIENTED_EDGE('',*,*,#1032,.T.);
#1175=ORIENTED_EDGE('',*,*,#926,.F.);
#1176=ORIENTED_EDGE('',*,*,#960,.F.);
#1178=ORIENTED_EDGE('',*,*,#1177,.F.);
#1179=EDGE_LOOP('',(#1174,#1175,#1176,#1178));
#1180=FACE_OUTER_BOUND('',#1179,.F.);
#1182=CARTESIAN_POINT('',(0.E0,-3.45E1,0.E0));
#1183=DIRECTION('',(0.E0,-1.E0,0.E0));
#1184=DIRECTION('',(8.068814536466E-3,0.E0,-9.999674465861E-1));
#1185=AXIS2_PLACEMENT_3D('',#1182,#1183,#1184);
#1186=TOROIDAL_SURFACE('',#1185,1.45E1,5.E-1);
#1187=ORIENTED_EDGE('',*,*,#1177,.T.);
#1188=ORIENTED_EDGE('',*,*,#958,.F.);
#1190=ORIENTED_EDGE('',*,*,#1189,.T.);
#1191=ORIENTED_EDGE('',*,*,#1034,.T.);
#1192=EDGE_LOOP('',(#1187,#1188,#1190,#1191));
#1193=FACE_OUTER_BOUND('',#1192,.F.);
#1195=CARTESIAN_POINT('',(0.E0,3.85E1,0.E0));
#1196=DIRECTION('',(0.E0,-1.E0,0.E0));
#1197=DIRECTION('',(0.E0,0.E0,1.E0));
#1198=AXIS2_PLACEMENT_3D('',#1195,#1196,#1197);
#1199=CYLINDRICAL_SURFACE('',#1198,1.5E1);
#1201=ORIENTED_EDGE('',*,*,#1200,.F.);
#1202=ORIENTED_EDGE('',*,*,#948,.F.);
#1204=ORIENTED_EDGE('',*,*,#1203,.F.);
#1205=ORIENTED_EDGE('',*,*,#1044,.T.);
#1206=EDGE_LOOP('',(#1201,#1202,#1204,#1205));
#1207=FACE_OUTER_BOUND('',#1206,.F.);
#1209=CARTESIAN_POINT('',(0.E0,3.85E1,0.E0));
#1210=DIRECTION('',(0.E0,-1.E0,0.E0));
#1211=DIRECTION('',(0.E0,0.E0,1.E0));
#1212=AXIS2_PLACEMENT_3D('',#1209,#1210,#1211);
#1213=CYLINDRICAL_SURFACE('',#1212,1.5E1);
#1214=ORIENTED_EDGE('',*,*,#1189,.F.);
#1215=ORIENTED_EDGE('',*,*,#956,.F.);
#1217=ORIENTED_EDGE('',*,*,#1216,.F.);
#1218=ORIENTED_EDGE('',*,*,#1036,.T.);
#1219=EDGE_LOOP('',(#1214,#1215,#1217,#1218));
#1220=FACE_OUTER_BOUND('',#1219,.F.);
#1222=CARTESIAN_POINT('',(0.E0,3.4E1,0.E0));
#1223=DIRECTION('',(0.E0,-1.E0,0.E0));
#1224=DIRECTION('',(-8.068814536466E-3,0.E0,9.999674465861E-1));
#1225=AXIS2_PLACEMENT_3D('',#1222,#1223,#1224);
#1226=TOROIDAL_SURFACE('',#1225,1.45E1,5.E-1);
#1228=ORIENTED_EDGE('',*,*,#1227,.T.);
#1229=ORIENTED_EDGE('',*,*,#950,.F.);
#1230=ORIENTED_EDGE('',*,*,#1200,.T.);
#1231=ORIENTED_EDGE('',*,*,#1042,.T.);
#1232=EDGE_LOOP('',(#1228,#1229,#1230,#1231));
#1233=FACE_OUTER_BOUND('',#1232,.F.);
#1235=CARTESIAN_POINT('',(0.E0,3.3E1,0.E0));
#1236=DIRECTION('',(0.E0,-1.E0,0.E0));
#1237=DIRECTION('',(0.E0,0.E0,1.E0));
#1238=AXIS2_PLACEMENT_3D('',#1235,#1236,#1237);
#1239=TOROIDAL_SURFACE('',#1238,1.525E1,7.5E-1);
#1241=ORIENTED_EDGE('',*,*,#1240,.F.);
#1242=ORIENTED_EDGE('',*,*,#952,.T.);
#1243=ORIENTED_EDGE('',*,*,#1227,.F.);
#1244=ORIENTED_EDGE('',*,*,#1040,.F.);
#1245=EDGE_LOOP('',(#1241,#1242,#1243,#1244));
#1246=FACE_OUTER_BOUND('',#1245,.F.);
#1248=CARTESIAN_POINT('',(0.E0,3.2E1,0.E0));
#1249=DIRECTION('',(0.E0,-1.E0,0.E0));
#1250=DIRECTION('',(-8.681025058475E-3,0.E0,-9.999623191920E-1));
#1251=AXIS2_PLACEMENT_3D('',#1248,#1249,#1250);
#1252=TOROIDAL_SURFACE('',#1251,1.45E1,5.E-1);
#1253=ORIENTED_EDGE('',*,*,#1216,.T.);
#1254=ORIENTED_EDGE('',*,*,#954,.F.);
#1255=ORIENTED_EDGE('',*,*,#1240,.T.);
#1256=ORIENTED_EDGE('',*,*,#1038,.T.);
#1257=EDGE_LOOP('',(#1253,#1254,#1255,#1256));
#1258=FACE_OUTER_BOUND('',#1257,.F.);
#1260=CARTESIAN_POINT('',(0.E0,3.45E1,0.E0));
#1261=DIRECTION('',(0.E0,-1.E0,0.E0));
#1262=DIRECTION('',(1.192068387585E-2,0.E0,-9.999289461236E-1));
#1263=AXIS2_PLACEMENT_3D('',#1260,#1261,#1262);
#1264=TOROIDAL_SURFACE('',#1263,1.45E1,5.E-1);
#1265=ORIENTED_EDGE('',*,*,#1203,.T.);
#1266=ORIENTED_EDGE('',*,*,#946,.F.);
#1268=ORIENTED_EDGE('',*,*,#1267,.T.);
#1269=ORIENTED_EDGE('',*,*,#1046,.T.);
#1270=EDGE_LOOP('',(#1265,#1266,#1268,#1269));
#1271=FACE_OUTER_BOUND('',#1270,.F.);
#1273=CARTESIAN_POINT('',(0.E0,3.5E1,0.E0));
#1274=DIRECTION('',(0.E0,-1.E0,0.E0));
#1275=DIRECTION('',(0.E0,0.E0,1.E0));
#1276=AXIS2_PLACEMENT_3D('',#1273,#1274,#1275);
#1277=PLANE('',#1276);
#1278=ORIENTED_EDGE('',*,*,#1048,.F.);
#1279=ORIENTED_EDGE('',*,*,#1267,.F.);
#1280=ORIENTED_EDGE('',*,*,#944,.T.);
#1282=ORIENTED_EDGE('',*,*,#1281,.F.);
#1283=EDGE_LOOP('',(#1278,#1279,#1280,#1282));
#1284=FACE_OUTER_BOUND('',#1283,.F.);
#1286=CARTESIAN_POINT('',(0.E0,3.85E1,0.E0));
#1287=DIRECTION('',(0.E0,-1.E0,0.E0));
#1288=DIRECTION('',(0.E0,0.E0,1.E0));
#1289=AXIS2_PLACEMENT_3D('',#1286,#1287,#1288);
#1290=CYLINDRICAL_SURFACE('',#1289,1.24E1);
#1291=ORIENTED_EDGE('',*,*,#1281,.T.);
#1292=ORIENTED_EDGE('',*,*,#942,.T.);
#1293=ORIENTED_EDGE('',*,*,#1004,.T.);
#1294=ORIENTED_EDGE('',*,*,#1050,.F.);
#1295=EDGE_LOOP('',(#1291,#1292,#1293,#1294));
#1296=FACE_OUTER_BOUND('',#1295,.F.);
#1300=FILL_AREA_STYLE_COLOUR('',#322);
#1301=FILL_AREA_STYLE('',(#1300));
#1302=SURFACE_STYLE_FILL_AREA(#1301);
#1303=SURFACE_SIDE_STYLE('',(#1302));
#1304=SURFACE_STYLE_USAGE(.BOTH.,#1303);
#1305=PRESENTATION_STYLE_ASSIGNMENT((#1304));
#324=STYLED_ITEM('',(#1305),#1299);
#1308=PLANE_ANGLE_MEASURE_WITH_UNIT(PLANE_ANGLE_MEASURE(1.745329251994E-2),
#1307);
#1309=(CONVERSION_BASED_UNIT('DEGREE',#1308)NAMED_UNIT(*)PLANE_ANGLE_UNIT());
#1311=UNCERTAINTY_MEASURE_WITH_UNIT(LENGTH_MEASURE(8.186127438343E-3),#1306,
'distance_accuracy_value',
'Maximum model space distance between geometric entities at asserted connectivities');
#1313=CARTESIAN_POINT('',(0.E0,0.E0,0.E0));
#1314=DIRECTION('',(0.E0,0.E0,1.E0));
#1315=DIRECTION('',(1.E0,0.E0,0.E0));
#1318=APPLICATION_CONTEXT('automotive_design');
#1319=APPLICATION_PROTOCOL_DEFINITION('international standard',
'automotive_design',2001,#1318);
#1320=PRODUCT_DEFINITION_CONTEXT('part definition',#1318,'design');
#1321=PRODUCT_CONTEXT('',#1318,'mechanical');
#1322=PRODUCT('CW6_330UF_550V_35X55','CW6_330UF_550V_35X55','NOT SPECIFIED',(
#1321));
#1323=PRODUCT_DEFINITION_FORMATION('17','LAST_VERSION',#1322);
#1331=DERIVED_UNIT_ELEMENT(#1330,2.E0);
#1332=DERIVED_UNIT((#1331));
#1333=MEASURE_REPRESENTATION_ITEM('surface area measure',AREA_MEASURE(
8.392150865664E3),#1332);
#1338=DERIVED_UNIT_ELEMENT(#1337,3.E0);
#1339=DERIVED_UNIT((#1338));
#1340=MEASURE_REPRESENTATION_ITEM('volume measure',VOLUME_MEASURE(
4.909786655210E4),#1339);
#1344=CARTESIAN_POINT('centre point',(2.390923339216E-2,-1.256791041884E-1,
-2.742126042491E-7));
#1349=DERIVED_UNIT_ELEMENT(#1348,2.E0);
#1350=DERIVED_UNIT((#1349));
#1351=MEASURE_REPRESENTATION_ITEM('surface area measure',AREA_MEASURE(
8.392150865664E3),#1350);
#1356=DERIVED_UNIT_ELEMENT(#1355,3.E0);
#1357=DERIVED_UNIT((#1356));
#1358=MEASURE_REPRESENTATION_ITEM('volume measure',VOLUME_MEASURE(
4.909786655210E4),#1357);
#1362=CARTESIAN_POINT('centre point',(2.390923339216E-2,-1.256791041884E-1,
-2.742126042491E-7));
#1372=CARTESIAN_POINT('centre point',(2.390923339216E-2,-1.256791041884E-1,
-2.742126042491E-7));
#1376=CARTESIAN_POINT('',(0.E0,0.E0,0.E0));
#1377=DIRECTION('',(0.E0,0.E0,1.E0));
#1378=DIRECTION('',(1.E0,0.E0,0.E0));
#1379=AXIS2_PLACEMENT_3D('',#1376,#1377,#1378);
#1380=ITEM_DEFINED_TRANSFORMATION('','',#1316,#1379);
#1381=(REPRESENTATION_RELATIONSHIP('','',#1317,#1369)REPRESENTATION_RELATIONSHIP_WITH_TRANSFORMATION(#1380)SHAPE_REPRESENTATION_RELATIONSHIP());
#1382=CONTEXT_DEPENDENT_SHAPE_REPRESENTATION(#1381,#1371);
#1386=CARTESIAN_POINT('',(-1.353691618421E1,3.45E1,-5.196335268407E0));
#1387=DIRECTION('',(-3.583679495453E-1,0.E0,9.335804264972E-1));
#1388=DIRECTION('',(0.E0,1.E0,0.E0));
#1389=AXIS2_PLACEMENT_3D('',#1386,#1387,#1388);
#1391=CURVE_STYLE('',#330,POSITIVE_LENGTH_MEASURE(2.E-2),#164);
#1392=PRESENTATION_STYLE_ASSIGNMENT((#1391));
#1393=STYLED_ITEM('',(#1392),#1390);
#1394=DIRECTION('',(0.E0,-1.E0,0.E0));
#1395=VECTOR('',#1394,5.E-1);
#1396=CARTESIAN_POINT('',(-1.400370639746E1,3.45E1,-5.375519243180E0));
#1397=LINE('',#1396,#1395);
#1398=CURVE_STYLE('',#330,POSITIVE_LENGTH_MEASURE(2.E-2),#164);
#1399=PRESENTATION_STYLE_ASSIGNMENT((#1398));
#1400=STYLED_ITEM('',(#1399),#1397);
#1401=CARTESIAN_POINT('',(-1.353691618421E1,3.4E1,-5.196335268407E0));
#1402=DIRECTION('',(-3.583679495453E-1,0.E0,9.335804264972E-1));
#1403=DIRECTION('',(-9.335804264972E-1,0.E0,-3.583679495453E-1));
#1404=AXIS2_PLACEMENT_3D('',#1401,#1402,#1403);
#1406=CURVE_STYLE('',#330,POSITIVE_LENGTH_MEASURE(2.E-2),#164);
#1407=PRESENTATION_STYLE_ASSIGNMENT((#1406));
#1408=STYLED_ITEM('',(#1407),#1405);
#1409=CARTESIAN_POINT('',(-1.423710150408E1,3.3E1,-5.465111230566E0));
#1410=DIRECTION('',(3.583679495453E-1,0.E0,-9.335804264972E-1));
#1411=DIRECTION('',(5.601482558983E-1,8.E-1,2.150207697272E-1));
#1412=AXIS2_PLACEMENT_3D('',#1409,#1410,#1411);
#1414=CURVE_STYLE('',#330,POSITIVE_LENGTH_MEASURE(2.E-2),#164);
#1415=PRESENTATION_STYLE_ASSIGNMENT((#1414));
#1416=STYLED_ITEM('',(#1415),#1413);
#1417=CARTESIAN_POINT('',(-1.353691618421E1,3.2E1,-5.196335268407E0));
#1418=DIRECTION('',(-3.583679495453E-1,0.E0,9.335804264972E-1));
#1419=DIRECTION('',(-5.601482558983E-1,8.E-1,-2.150207697272E-1));
#1420=AXIS2_PLACEMENT_3D('',#1417,#1418,#1419);
#1422=CURVE_STYLE('',#330,POSITIVE_LENGTH_MEASURE(2.E-2),#164);
#1423=PRESENTATION_STYLE_ASSIGNMENT((#1422));
#1424=STYLED_ITEM('',(#1423),#1421);
#1425=DIRECTION('',(0.E0,-1.E0,0.E0));
#1426=VECTOR('',#1425,6.65E1);
#1427=CARTESIAN_POINT('',(-1.400370639746E1,3.2E1,-5.375519243180E0));
#1428=LINE('',#1427,#1426);
#1429=CURVE_STYLE('',#330,POSITIVE_LENGTH_MEASURE(2.E-2),#164);
#1430=PRESENTATION_STYLE_ASSIGNMENT((#1429));
#1431=STYLED_ITEM('',(#1430),#1428);
#1432=CARTESIAN_POINT('',(-1.353691618421E1,-3.45E1,-5.196335268407E0));
#1433=DIRECTION('',(-3.583679495453E-1,0.E0,9.335804264972E-1));
#1434=DIRECTION('',(-9.335804264972E-1,0.E0,-3.583679495453E-1));
#1435=AXIS2_PLACEMENT_3D('',#1432,#1433,#1434);
#1437=CURVE_STYLE('',#330,POSITIVE_LENGTH_MEASURE(2.E-2),#164);
#1438=PRESENTATION_STYLE_ASSIGNMENT((#1437));
#1439=STYLED_ITEM('',(#1438),#1436);
#1440=DIRECTION('',(9.335804264972E-1,0.E0,3.583679495453E-1));
#1441=VECTOR('',#1440,1.1E0);
#1442=CARTESIAN_POINT('',(-1.353691618421E1,-3.5E1,-5.196335268407E0));
#1443=LINE('',#1442,#1441);
#1444=CURVE_STYLE('',#330,POSITIVE_LENGTH_MEASURE(2.E-2),#164);
#1445=PRESENTATION_STYLE_ASSIGNMENT((#1444));
#1446=STYLED_ITEM('',(#1445),#1443);
#1447=DIRECTION('',(0.E0,1.E0,0.E0));
#1448=VECTOR('',#1447,9.999999999999E-2);
#1449=CARTESIAN_POINT('',(-1.250997771506E1,-3.5E1,-4.802130523907E0));
#1450=LINE('',#1449,#1448);
#1451=CURVE_STYLE('',#330,POSITIVE_LENGTH_MEASURE(2.E-2),#164);
#1452=PRESENTATION_STYLE_ASSIGNMENT((#1451));
#1453=STYLED_ITEM('',(#1452),#1450);
#1454=DIRECTION('',(-9.335804264972E-1,0.E0,-3.583679495453E-1));
#1455=VECTOR('',#1454,1.1E0);
#1456=CARTESIAN_POINT('',(-1.250997771506E1,-3.49E1,-4.802130523907E0));
#1457=LINE('',#1456,#1455);
#1458=CURVE_STYLE('',#330,POSITIVE_LENGTH_MEASURE(2.E-2),#164);
#1459=PRESENTATION_STYLE_ASSIGNMENT((#1458));
#1460=STYLED_ITEM('',(#1459),#1457);
#1461=CARTESIAN_POINT('',(-1.353691618421E1,-3.45E1,-5.196335268407E0));
#1462=DIRECTION('',(3.583679495453E-1,0.E0,-9.335804264972E-1));
#1463=DIRECTION('',(0.E0,-1.E0,0.E0));
#1464=AXIS2_PLACEMENT_3D('',#1461,#1462,#1463);
#1466=CURVE_STYLE('',#330,POSITIVE_LENGTH_MEASURE(2.E-2),#164);
#1467=PRESENTATION_STYLE_ASSIGNMENT((#1466));
#1468=STYLED_ITEM('',(#1467),#1465);
#1469=DIRECTION('',(0.E0,1.E0,0.E0));
#1470=VECTOR('',#1469,6.65E1);
#1471=CARTESIAN_POINT('',(-1.391034835481E1,-3.45E1,-5.339682448225E0));
#1472=LINE('',#1471,#1470);
#1473=CURVE_STYLE('',#330,POSITIVE_LENGTH_MEASURE(2.E-2),#164);
#1474=PRESENTATION_STYLE_ASSIGNMENT((#1473));
#1475=STYLED_ITEM('',(#1474),#1472);
#1476=CARTESIAN_POINT('',(-1.353691618421E1,3.2E1,-5.196335268407E0));
#1477=DIRECTION('',(3.583679495453E-1,0.E0,-9.335804264972E-1));
#1478=DIRECTION('',(-9.335804264972E-1,0.E0,-3.583679495453E-1));
#1479=AXIS2_PLACEMENT_3D('',#1476,#1477,#1478);
#1481=CURVE_STYLE('',#330,POSITIVE_LENGTH_MEASURE(2.E-2),#164);
#1482=PRESENTATION_STYLE_ASSIGNMENT((#1481));
#1483=STYLED_ITEM('',(#1482),#1480);
#1484=CARTESIAN_POINT('',(-1.423710150408E1,3.3E1,-5.465111230566E0));
#1485=DIRECTION('',(-3.583679495453E-1,0.E0,9.335804264972E-1));
#1486=DIRECTION('',(5.601482558983E-1,-8.E-1,2.150207697272E-1));
#1487=AXIS2_PLACEMENT_3D('',#1484,#1485,#1486);
#1489=CURVE_STYLE('',#330,POSITIVE_LENGTH_MEASURE(2.E-2),#164);
#1490=PRESENTATION_STYLE_ASSIGNMENT((#1489));
#1491=STYLED_ITEM('',(#1490),#1488);
#1492=CARTESIAN_POINT('',(-1.353691618421E1,3.4E1,-5.196335268407E0));
#1493=DIRECTION('',(3.583679495453E-1,0.E0,-9.335804264972E-1));
#1494=DIRECTION('',(-5.601482558983E-1,-8.E-1,-2.150207697272E-1));
#1495=AXIS2_PLACEMENT_3D('',#1492,#1493,#1494);
#1497=CURVE_STYLE('',#330,POSITIVE_LENGTH_MEASURE(2.E-2),#164);
#1498=PRESENTATION_STYLE_ASSIGNMENT((#1497));
#1499=STYLED_ITEM('',(#1498),#1496);
#1500=DIRECTION('',(0.E0,1.E0,0.E0));
#1501=VECTOR('',#1500,5.E-1);
#1502=CARTESIAN_POINT('',(-1.391034835481E1,3.4E1,-5.339682448225E0));
#1503=LINE('',#1502,#1501);
#1504=CURVE_STYLE('',#330,POSITIVE_LENGTH_MEASURE(2.E-2),#164);
#1505=PRESENTATION_STYLE_ASSIGNMENT((#1504));
#1506=STYLED_ITEM('',(#1505),#1503);
#1507=CARTESIAN_POINT('',(-1.353691618421E1,3.45E1,-5.196335268407E0));
#1508=DIRECTION('',(3.583679495453E-1,0.E0,-9.335804264972E-1));
#1509=DIRECTION('',(-9.335804264972E-1,0.E0,-3.583679495453E-1));
#1510=AXIS2_PLACEMENT_3D('',#1507,#1508,#1509);
#1512=CURVE_STYLE('',#330,POSITIVE_LENGTH_MEASURE(2.E-2),#164);
#1513=PRESENTATION_STYLE_ASSIGNMENT((#1512));
#1514=STYLED_ITEM('',(#1513),#1511);
#1515=DIRECTION('',(9.335804264972E-1,0.E0,3.583679495453E-1));
#1516=VECTOR('',#1515,2.1E0);
#1517=CARTESIAN_POINT('',(-1.353691618421E1,3.49E1,-5.196335268407E0));
#1518=LINE('',#1517,#1516);
#1519=CURVE_STYLE('',#330,POSITIVE_LENGTH_MEASURE(2.E-2),#164);
#1520=PRESENTATION_STYLE_ASSIGNMENT((#1519));
#1521=STYLED_ITEM('',(#1520),#1518);
#1522=DIRECTION('',(0.E0,1.E0,0.E0));
#1523=VECTOR('',#1522,1.E-1);
#1524=CARTESIAN_POINT('',(-1.157639728857E1,3.49E1,-4.443762574362E0));
#1525=LINE('',#1524,#1523);
#1526=CURVE_STYLE('',#330,POSITIVE_LENGTH_MEASURE(2.E-2),#164);
#1527=PRESENTATION_STYLE_ASSIGNMENT((#1526));
#1528=STYLED_ITEM('',(#1527),#1525);
#1529=DIRECTION('',(-9.335804264972E-1,0.E0,-3.583679495453E-1));
#1530=VECTOR('',#1529,2.1E0);
#1531=CARTESIAN_POINT('',(-1.157639728857E1,3.5E1,-4.443762574362E0));
#1532=LINE('',#1531,#1530);
#1533=CURVE_STYLE('',#330,POSITIVE_LENGTH_MEASURE(2.E-2),#164);
#1534=PRESENTATION_STYLE_ASSIGNMENT((#1533));
#1535=STYLED_ITEM('',(#1534),#1532);
#1536=CARTESIAN_POINT('',(0.E0,3.5E1,0.E0));
#1537=DIRECTION('',(0.E0,1.E0,0.E0));
#1538=DIRECTION('',(-9.335804264972E-1,0.E0,-3.583679495453E-1));
#1539=AXIS2_PLACEMENT_3D('',#1536,#1537,#1538);
#1541=CURVE_STYLE('',#330,POSITIVE_LENGTH_MEASURE(2.E-2),#164);
#1542=PRESENTATION_STYLE_ASSIGNMENT((#1541));
#1543=STYLED_ITEM('',(#1542),#1540);
#1544=CARTESIAN_POINT('',(0.E0,3.5E1,0.E0));
#1545=DIRECTION('',(0.E0,1.E0,0.E0));
#1546=DIRECTION('',(-9.335804264972E-1,0.E0,-3.583679495453E-1));
#1547=AXIS2_PLACEMENT_3D('',#1544,#1545,#1546);
#1549=CURVE_STYLE('',#330,POSITIVE_LENGTH_MEASURE(2.E-2),#164);
#1550=PRESENTATION_STYLE_ASSIGNMENT((#1549));
#1551=STYLED_ITEM('',(#1550),#1548);
#1552=CARTESIAN_POINT('',(0.E0,3.49E1,0.E0));
#1553=DIRECTION('',(0.E0,1.E0,0.E0));
#1554=DIRECTION('',(-9.335804264972E-1,0.E0,-3.583679495453E-1));
#1555=AXIS2_PLACEMENT_3D('',#1552,#1553,#1554);
#1557=CURVE_STYLE('',#330,POSITIVE_LENGTH_MEASURE(2.E-2),#164);
#1558=PRESENTATION_STYLE_ASSIGNMENT((#1557));
#1559=STYLED_ITEM('',(#1558),#1556);
#1560=CARTESIAN_POINT('',(0.E0,3.49E1,0.E0));
#1561=DIRECTION('',(0.E0,1.E0,0.E0));
#1562=DIRECTION('',(-9.335804264972E-1,0.E0,-3.583679495453E-1));
#1563=AXIS2_PLACEMENT_3D('',#1560,#1561,#1562);
#1565=CURVE_STYLE('',#330,POSITIVE_LENGTH_MEASURE(2.E-2),#164);
#1566=PRESENTATION_STYLE_ASSIGNMENT((#1565));
#1567=STYLED_ITEM('',(#1566),#1564);
#1568=CARTESIAN_POINT('',(0.E0,3.45E1,0.E0));
#1569=DIRECTION('',(0.E0,1.E0,0.E0));
#1570=DIRECTION('',(-9.335804264972E-1,0.E0,-3.583679495453E-1));
#1571=AXIS2_PLACEMENT_3D('',#1568,#1569,#1570);
#1573=CURVE_STYLE('',#330,POSITIVE_LENGTH_MEASURE(2.E-2),#164);
#1574=PRESENTATION_STYLE_ASSIGNMENT((#1573));
#1575=STYLED_ITEM('',(#1574),#1572);
#1576=CARTESIAN_POINT('',(0.E0,3.4E1,0.E0));
#1577=DIRECTION('',(0.E0,1.E0,0.E0));
#1578=DIRECTION('',(-9.335804264972E-1,0.E0,-3.583679495453E-1));
#1579=AXIS2_PLACEMENT_3D('',#1576,#1577,#1578);
#1581=CURVE_STYLE('',#330,POSITIVE_LENGTH_MEASURE(2.E-2),#164);
#1582=PRESENTATION_STYLE_ASSIGNMENT((#1581));
#1583=STYLED_ITEM('',(#1582),#1580);
#1584=CARTESIAN_POINT('',(0.E0,3.368E1,0.E0));
#1585=DIRECTION('',(0.E0,1.E0,0.E0));
#1586=DIRECTION('',(-9.335804264972E-1,0.E0,-3.583679495453E-1));
#1587=AXIS2_PLACEMENT_3D('',#1584,#1585,#1586);
#1589=CURVE_STYLE('',#330,POSITIVE_LENGTH_MEASURE(2.E-2),#164);
#1590=PRESENTATION_STYLE_ASSIGNMENT((#1589));
#1591=STYLED_ITEM('',(#1590),#1588);
#1592=CARTESIAN_POINT('',(0.E0,3.232E1,0.E0));
#1593=DIRECTION('',(0.E0,1.E0,0.E0));
#1594=DIRECTION('',(-9.335804264972E-1,0.E0,-3.583679495453E-1));
#1595=AXIS2_PLACEMENT_3D('',#1592,#1593,#1594);
#1597=CURVE_STYLE('',#330,POSITIVE_LENGTH_MEASURE(2.E-2),#164);
#1598=PRESENTATION_STYLE_ASSIGNMENT((#1597));
#1599=STYLED_ITEM('',(#1598),#1596);
#1600=CARTESIAN_POINT('',(0.E0,3.2E1,0.E0));
#1601=DIRECTION('',(0.E0,1.E0,0.E0));
#1602=DIRECTION('',(-9.335804264972E-1,0.E0,-3.583679495453E-1));
#1603=AXIS2_PLACEMENT_3D('',#1600,#1601,#1602);
#1605=CURVE_STYLE('',#330,POSITIVE_LENGTH_MEASURE(2.E-2),#164);
#1606=PRESENTATION_STYLE_ASSIGNMENT((#1605));
#1607=STYLED_ITEM('',(#1606),#1604);
#1608=CARTESIAN_POINT('',(0.E0,-3.45E1,0.E0));
#1609=DIRECTION('',(0.E0,1.E0,0.E0));
#1610=DIRECTION('',(-9.335804264972E-1,0.E0,-3.583679495453E-1));
#1611=AXIS2_PLACEMENT_3D('',#1608,#1609,#1610);
#1613=CURVE_STYLE('',#330,POSITIVE_LENGTH_MEASURE(2.E-2),#164);
#1614=PRESENTATION_STYLE_ASSIGNMENT((#1613));
#1615=STYLED_ITEM('',(#1614),#1612);
#1616=CARTESIAN_POINT('',(0.E0,-3.49E1,0.E0));
#1617=DIRECTION('',(0.E0,1.E0,0.E0));
#1618=DIRECTION('',(-9.335804264972E-1,0.E0,-3.583679495453E-1));
#1619=AXIS2_PLACEMENT_3D('',#1616,#1617,#1618);
#1621=CURVE_STYLE('',#330,POSITIVE_LENGTH_MEASURE(2.E-2),#164);
#1622=PRESENTATION_STYLE_ASSIGNMENT((#1621));
#1623=STYLED_ITEM('',(#1622),#1620);
#1624=CARTESIAN_POINT('',(0.E0,-3.49E1,0.E0));
#1625=DIRECTION('',(0.E0,1.E0,0.E0));
#1626=DIRECTION('',(-9.335804264972E-1,0.E0,-3.583679495453E-1));
#1627=AXIS2_PLACEMENT_3D('',#1624,#1625,#1626);
#1629=CURVE_STYLE('',#330,POSITIVE_LENGTH_MEASURE(2.E-2),#164);
#1630=PRESENTATION_STYLE_ASSIGNMENT((#1629));
#1631=STYLED_ITEM('',(#1630),#1628);
#1632=CARTESIAN_POINT('',(0.E0,-3.5E1,0.E0));
#1633=DIRECTION('',(0.E0,1.E0,0.E0));
#1634=DIRECTION('',(-9.335804264972E-1,0.E0,-3.583679495453E-1));
#1635=AXIS2_PLACEMENT_3D('',#1632,#1633,#1634);
#1637=CURVE_STYLE('',#330,POSITIVE_LENGTH_MEASURE(2.E-2),#164);
#1638=PRESENTATION_STYLE_ASSIGNMENT((#1637));
#1639=STYLED_ITEM('',(#1638),#1636);
#1640=CARTESIAN_POINT('',(0.E0,-3.5E1,0.E0));
#1641=DIRECTION('',(0.E0,1.E0,0.E0));
#1642=DIRECTION('',(-9.335804264972E-1,0.E0,-3.583679495453E-1));
#1643=AXIS2_PLACEMENT_3D('',#1640,#1641,#1642);
#1645=CURVE_STYLE('',#330,POSITIVE_LENGTH_MEASURE(2.E-2),#164);
#1646=PRESENTATION_STYLE_ASSIGNMENT((#1645));
#1647=STYLED_ITEM('',(#1646),#1644);
#1648=CARTESIAN_POINT('',(0.E0,-3.45E1,0.E0));
#1649=DIRECTION('',(0.E0,1.E0,0.E0));
#1650=DIRECTION('',(-9.335804264972E-1,0.E0,-3.583679495453E-1));
#1651=AXIS2_PLACEMENT_3D('',#1648,#1649,#1650);
#1653=CURVE_STYLE('',#330,POSITIVE_LENGTH_MEASURE(2.E-2),#164);
#1654=PRESENTATION_STYLE_ASSIGNMENT((#1653));
#1655=STYLED_ITEM('',(#1654),#1652);
#1656=CARTESIAN_POINT('',(0.E0,3.2E1,0.E0));
#1657=DIRECTION('',(0.E0,1.E0,0.E0));
#1658=DIRECTION('',(-9.335804264972E-1,0.E0,-3.583679495453E-1));
#1659=AXIS2_PLACEMENT_3D('',#1656,#1657,#1658);
#1661=CURVE_STYLE('',#330,POSITIVE_LENGTH_MEASURE(2.E-2),#164);
#1662=PRESENTATION_STYLE_ASSIGNMENT((#1661));
#1663=STYLED_ITEM('',(#1662),#1660);
#1664=CARTESIAN_POINT('',(0.E0,3.24E1,0.E0));
#1665=DIRECTION('',(0.E0,1.E0,0.E0));
#1666=DIRECTION('',(-9.335804264972E-1,0.E0,-3.583679495453E-1));
#1667=AXIS2_PLACEMENT_3D('',#1664,#1665,#1666);
#1669=CURVE_STYLE('',#330,POSITIVE_LENGTH_MEASURE(2.E-2),#164);
#1670=PRESENTATION_STYLE_ASSIGNMENT((#1669));
#1671=STYLED_ITEM('',(#1670),#1668);
#1672=CARTESIAN_POINT('',(0.E0,3.36E1,0.E0));
#1673=DIRECTION('',(0.E0,1.E0,0.E0));
#1674=DIRECTION('',(-9.335804264972E-1,0.E0,-3.583679495453E-1));
#1675=AXIS2_PLACEMENT_3D('',#1672,#1673,#1674);
#1677=CURVE_STYLE('',#330,POSITIVE_LENGTH_MEASURE(2.E-2),#164);
#1678=PRESENTATION_STYLE_ASSIGNMENT((#1677));
#1679=STYLED_ITEM('',(#1678),#1676);
#1680=CARTESIAN_POINT('',(0.E0,3.4E1,0.E0));
#1681=DIRECTION('',(0.E0,1.E0,0.E0));
#1682=DIRECTION('',(-9.335804264972E-1,0.E0,-3.583679495453E-1));
#1683=AXIS2_PLACEMENT_3D('',#1680,#1681,#1682);
#1685=CURVE_STYLE('',#330,POSITIVE_LENGTH_MEASURE(2.E-2),#164);
#1686=PRESENTATION_STYLE_ASSIGNMENT((#1685));
#1687=STYLED_ITEM('',(#1686),#1684);
#1688=CARTESIAN_POINT('',(0.E0,3.45E1,0.E0));
#1689=DIRECTION('',(0.E0,1.E0,0.E0));
#1690=DIRECTION('',(-9.335804264972E-1,0.E0,-3.583679495453E-1));
#1691=AXIS2_PLACEMENT_3D('',#1688,#1689,#1690);
#1693=CURVE_STYLE('',#330,POSITIVE_LENGTH_MEASURE(2.E-2),#164);
#1694=PRESENTATION_STYLE_ASSIGNMENT((#1693));
#1695=STYLED_ITEM('',(#1694),#1692);
#1696=CARTESIAN_POINT('',(-1.353691618421E1,3.45E1,5.196335268407E0));
#1697=DIRECTION('',(3.583679495453E-1,0.E0,9.335804264972E-1));
#1698=DIRECTION('',(0.E0,1.E0,0.E0));
#1699=AXIS2_PLACEMENT_3D('',#1696,#1697,#1698);
#1701=CURVE_STYLE('',#330,POSITIVE_LENGTH_MEASURE(2.E-2),#164);
#1702=PRESENTATION_STYLE_ASSIGNMENT((#1701));
#1703=STYLED_ITEM('',(#1702),#1700);
#1704=DIRECTION('',(-9.335804264972E-1,0.E0,3.583679495453E-1));
#1705=VECTOR('',#1704,2.1E0);
#1706=CARTESIAN_POINT('',(-1.157639728857E1,3.5E1,4.443762574362E0));
#1707=LINE('',#1706,#1705);
#1708=CURVE_STYLE('',#330,POSITIVE_LENGTH_MEASURE(2.E-2),#164);
#1709=PRESENTATION_STYLE_ASSIGNMENT((#1708));
#1710=STYLED_ITEM('',(#1709),#1707);
#1711=DIRECTION('',(0.E0,1.E0,0.E0));
#1712=VECTOR('',#1711,1.E-1);
#1713=CARTESIAN_POINT('',(-1.157639728857E1,3.49E1,4.443762574362E0));
#1714=LINE('',#1713,#1712);
#1715=CURVE_STYLE('',#330,POSITIVE_LENGTH_MEASURE(2.E-2),#164);
#1716=PRESENTATION_STYLE_ASSIGNMENT((#1715));
#1717=STYLED_ITEM('',(#1716),#1714);
#1718=DIRECTION('',(9.335804264972E-1,0.E0,-3.583679495453E-1));
#1719=VECTOR('',#1718,2.1E0);
#1720=CARTESIAN_POINT('',(-1.353691618421E1,3.49E1,5.196335268407E0));
#1721=LINE('',#1720,#1719);
#1722=CURVE_STYLE('',#330,POSITIVE_LENGTH_MEASURE(2.E-2),#164);
#1723=PRESENTATION_STYLE_ASSIGNMENT((#1722));
#1724=STYLED_ITEM('',(#1723),#1721);
#1725=CARTESIAN_POINT('',(-1.353691618421E1,3.45E1,5.196335268407E0));
#1726=DIRECTION('',(-3.583679495453E-1,0.E0,-9.335804264972E-1));
#1727=DIRECTION('',(-9.335804264972E-1,0.E0,3.583679495453E-1));
#1728=AXIS2_PLACEMENT_3D('',#1725,#1726,#1727);
#1730=CURVE_STYLE('',#330,POSITIVE_LENGTH_MEASURE(2.E-2),#164);
#1731=PRESENTATION_STYLE_ASSIGNMENT((#1730));
#1732=STYLED_ITEM('',(#1731),#1729);
#1733=DIRECTION('',(0.E0,1.E0,0.E0));
#1734=VECTOR('',#1733,5.E-1);
#1735=CARTESIAN_POINT('',(-1.391034835481E1,3.4E1,5.339682448225E0));
#1736=LINE('',#1735,#1734);
#1737=CURVE_STYLE('',#330,POSITIVE_LENGTH_MEASURE(2.E-2),#164);
#1738=PRESENTATION_STYLE_ASSIGNMENT((#1737));
#1739=STYLED_ITEM('',(#1738),#1736);
#1740=CARTESIAN_POINT('',(-1.353691618421E1,3.4E1,5.196335268407E0));
#1741=DIRECTION('',(-3.583679495453E-1,0.E0,-9.335804264972E-1));
#1742=DIRECTION('',(-5.601482558983E-1,-8.E-1,2.150207697272E-1));
#1743=AXIS2_PLACEMENT_3D('',#1740,#1741,#1742);
#1745=CURVE_STYLE('',#330,POSITIVE_LENGTH_MEASURE(2.E-2),#164);
#1746=PRESENTATION_STYLE_ASSIGNMENT((#1745));
#1747=STYLED_ITEM('',(#1746),#1744);
#1748=CARTESIAN_POINT('',(-1.423710150408E1,3.3E1,5.465111230566E0));
#1749=DIRECTION('',(3.583679495453E-1,0.E0,9.335804264972E-1));
#1750=DIRECTION('',(5.601482558983E-1,-8.E-1,-2.150207697272E-1));
#1751=AXIS2_PLACEMENT_3D('',#1748,#1749,#1750);
#1753=CURVE_STYLE('',#330,POSITIVE_LENGTH_MEASURE(2.E-2),#164);
#1754=PRESENTATION_STYLE_ASSIGNMENT((#1753));
#1755=STYLED_ITEM('',(#1754),#1752);
#1756=CARTESIAN_POINT('',(-1.353691618421E1,3.2E1,5.196335268407E0));
#1757=DIRECTION('',(-3.583679495453E-1,0.E0,-9.335804264972E-1));
#1758=DIRECTION('',(-9.335804264972E-1,0.E0,3.583679495453E-1));
#1759=AXIS2_PLACEMENT_3D('',#1756,#1757,#1758);
#1761=CURVE_STYLE('',#330,POSITIVE_LENGTH_MEASURE(2.E-2),#164);
#1762=PRESENTATION_STYLE_ASSIGNMENT((#1761));
#1763=STYLED_ITEM('',(#1762),#1760);
#1764=DIRECTION('',(0.E0,1.E0,0.E0));
#1765=VECTOR('',#1764,6.65E1);
#1766=CARTESIAN_POINT('',(-1.391034835481E1,-3.45E1,5.339682448225E0));
#1767=LINE('',#1766,#1765);
#1768=CURVE_STYLE('',#330,POSITIVE_LENGTH_MEASURE(2.E-2),#164);
#1769=PRESENTATION_STYLE_ASSIGNMENT((#1768));
#1770=STYLED_ITEM('',(#1769),#1767);
#1771=CARTESIAN_POINT('',(-1.353691618421E1,-3.45E1,5.196335268407E0));
#1772=DIRECTION('',(-3.583679495453E-1,0.E0,-9.335804264972E-1));
#1773=DIRECTION('',(0.E0,-1.E0,0.E0));
#1774=AXIS2_PLACEMENT_3D('',#1771,#1772,#1773);
#1776=CURVE_STYLE('',#330,POSITIVE_LENGTH_MEASURE(2.E-2),#164);
#1777=PRESENTATION_STYLE_ASSIGNMENT((#1776));
#1778=STYLED_ITEM('',(#1777),#1775);
#1779=DIRECTION('',(-9.335804264972E-1,0.E0,3.583679495453E-1));
#1780=VECTOR('',#1779,1.1E0);
#1781=CARTESIAN_POINT('',(-1.250997771506E1,-3.49E1,4.802130523907E0));
#1782=LINE('',#1781,#1780);
#1783=CURVE_STYLE('',#330,POSITIVE_LENGTH_MEASURE(2.E-2),#164);
#1784=PRESENTATION_STYLE_ASSIGNMENT((#1783));
#1785=STYLED_ITEM('',(#1784),#1782);
#1786=DIRECTION('',(0.E0,1.E0,0.E0));
#1787=VECTOR('',#1786,9.999999999999E-2);
#1788=CARTESIAN_POINT('',(-1.250997771506E1,-3.5E1,4.802130523907E0));
#1789=LINE('',#1788,#1787);
#1790=CURVE_STYLE('',#330,POSITIVE_LENGTH_MEASURE(2.E-2),#164);
#1791=PRESENTATION_STYLE_ASSIGNMENT((#1790));
#1792=STYLED_ITEM('',(#1791),#1789);
#1793=DIRECTION('',(9.335804264972E-1,0.E0,-3.583679495453E-1));
#1794=VECTOR('',#1793,1.1E0);
#1795=CARTESIAN_POINT('',(-1.353691618421E1,-3.5E1,5.196335268407E0));
#1796=LINE('',#1795,#1794);
#1797=CURVE_STYLE('',#330,POSITIVE_LENGTH_MEASURE(2.E-2),#164);
#1798=PRESENTATION_STYLE_ASSIGNMENT((#1797));
#1799=STYLED_ITEM('',(#1798),#1796);
#1800=CARTESIAN_POINT('',(-1.353691618421E1,-3.45E1,5.196335268407E0));
#1801=DIRECTION('',(3.583679495453E-1,0.E0,9.335804264972E-1));
#1802=DIRECTION('',(-9.335804264972E-1,0.E0,3.583679495453E-1));
#1803=AXIS2_PLACEMENT_3D('',#1800,#1801,#1802);
#1805=CURVE_STYLE('',#330,POSITIVE_LENGTH_MEASURE(2.E-2),#164);
#1806=PRESENTATION_STYLE_ASSIGNMENT((#1805));
#1807=STYLED_ITEM('',(#1806),#1804);
#1808=DIRECTION('',(0.E0,-1.E0,0.E0));
#1809=VECTOR('',#1808,6.65E1);
#1810=CARTESIAN_POINT('',(-1.400370639746E1,3.2E1,5.375519243180E0));
#1811=LINE('',#1810,#1809);
#1812=CURVE_STYLE('',#330,POSITIVE_LENGTH_MEASURE(2.E-2),#164);
#1813=PRESENTATION_STYLE_ASSIGNMENT((#1812));
#1814=STYLED_ITEM('',(#1813),#1811);
#1815=CARTESIAN_POINT('',(-1.353691618421E1,3.2E1,5.196335268407E0));
#1816=DIRECTION('',(3.583679495453E-1,0.E0,9.335804264972E-1));
#1817=DIRECTION('',(-5.601482558983E-1,8.E-1,2.150207697272E-1));
#1818=AXIS2_PLACEMENT_3D('',#1815,#1816,#1817);
#1820=CURVE_STYLE('',#330,POSITIVE_LENGTH_MEASURE(2.E-2),#164);
#1821=PRESENTATION_STYLE_ASSIGNMENT((#1820));
#1822=STYLED_ITEM('',(#1821),#1819);
#1823=CARTESIAN_POINT('',(-1.423710150408E1,3.3E1,5.465111230566E0));
#1824=DIRECTION('',(-3.583679495453E-1,0.E0,-9.335804264972E-1));
#1825=DIRECTION('',(5.601482558983E-1,8.E-1,-2.150207697272E-1));
#1826=AXIS2_PLACEMENT_3D('',#1823,#1824,#1825);
#1828=CURVE_STYLE('',#330,POSITIVE_LENGTH_MEASURE(2.E-2),#164);
#1829=PRESENTATION_STYLE_ASSIGNMENT((#1828));
#1830=STYLED_ITEM('',(#1829),#1827);
#1831=CARTESIAN_POINT('',(-1.353691618421E1,3.4E1,5.196335268407E0));
#1832=DIRECTION('',(3.583679495453E-1,0.E0,9.335804264972E-1));
#1833=DIRECTION('',(-9.335804264972E-1,0.E0,3.583679495453E-1));
#1834=AXIS2_PLACEMENT_3D('',#1831,#1832,#1833);
#1836=CURVE_STYLE('',#330,POSITIVE_LENGTH_MEASURE(2.E-2),#164);
#1837=PRESENTATION_STYLE_ASSIGNMENT((#1836));
#1838=STYLED_ITEM('',(#1837),#1835);
#1839=DIRECTION('',(-1.065814103640E-14,-1.E0,0.E0));
#1840=VECTOR('',#1839,5.E-1);
#1841=CARTESIAN_POINT('',(-1.400370639746E1,3.45E1,5.375519243180E0));
#1842=LINE('',#1841,#1840);
#1843=CURVE_STYLE('',#330,POSITIVE_LENGTH_MEASURE(2.E-2),#164);
#1844=PRESENTATION_STYLE_ASSIGNMENT((#1843));
#1845=STYLED_ITEM('',(#1844),#1842);
#1846=CARTESIAN_POINT('',(-1.157639728857E1,3.5E1,-4.443762574362E0));
#1847=CARTESIAN_POINT('',(-1.353691618421E1,3.5E1,-5.196335268407E0));
#1848=VERTEX_POINT('',#1846);
#1849=VERTEX_POINT('',#1847);
#1850=CARTESIAN_POINT('',(-1.400370639746E1,3.45E1,-5.375519243180E0));
#1851=VERTEX_POINT('',#1850);
#1852=CARTESIAN_POINT('',(-1.400370639746E1,3.4E1,-5.375519243180E0));
#1853=VERTEX_POINT('',#1852);
#1854=CARTESIAN_POINT('',(-1.381699031216E1,3.36E1,-5.303845653270E0));
#1855=VERTEX_POINT('',#1854);
#1856=CARTESIAN_POINT('',(-1.381699031216E1,3.24E1,-5.303845653270E0));
#1857=VERTEX_POINT('',#1856);
#1858=CARTESIAN_POINT('',(-1.400370639746E1,3.2E1,-5.375519243180E0));
#1859=VERTEX_POINT('',#1858);
#1860=CARTESIAN_POINT('',(-1.400370639746E1,-3.45E1,-5.375519243180E0));
#1861=VERTEX_POINT('',#1860);
#1862=CARTESIAN_POINT('',(-1.353691618421E1,-3.5E1,-5.196335268407E0));
#1863=VERTEX_POINT('',#1862);
#1864=CARTESIAN_POINT('',(-1.250997771506E1,-3.5E1,-4.802130523907E0));
#1865=VERTEX_POINT('',#1864);
#1866=CARTESIAN_POINT('',(-1.157639728857E1,3.5E1,4.443762574362E0));
#1867=CARTESIAN_POINT('',(-1.353691618421E1,3.5E1,5.196335268407E0));
#1868=VERTEX_POINT('',#1866);
#1869=VERTEX_POINT('',#1867);
#1870=CARTESIAN_POINT('',(-1.400370639746E1,3.45E1,5.375519243180E0));
#1871=VERTEX_POINT('',#1870);
#1872=CARTESIAN_POINT('',(-1.400370639746E1,3.4E1,5.375519243180E0));
#1873=VERTEX_POINT('',#1872);
#1874=CARTESIAN_POINT('',(-1.381699031216E1,3.36E1,5.303845653270E0));
#1875=VERTEX_POINT('',#1874);
#1876=CARTESIAN_POINT('',(-1.381699031216E1,3.24E1,5.303845653270E0));
#1877=VERTEX_POINT('',#1876);
#1878=CARTESIAN_POINT('',(-1.400370639746E1,3.2E1,5.375519243180E0));
#1879=VERTEX_POINT('',#1878);
#1880=CARTESIAN_POINT('',(-1.400370639746E1,-3.45E1,5.375519243180E0));
#1881=VERTEX_POINT('',#1880);
#1882=CARTESIAN_POINT('',(-1.353691618421E1,-3.5E1,5.196335268407E0));
#1883=VERTEX_POINT('',#1882);
#1884=CARTESIAN_POINT('',(-1.250997771506E1,-3.5E1,4.802130523907E0));
#1885=VERTEX_POINT('',#1884);
#1886=CARTESIAN_POINT('',(-1.250997771506E1,-3.49E1,-4.802130523907E0));
#1887=VERTEX_POINT('',#1886);
#1888=CARTESIAN_POINT('',(-1.157639728857E1,3.49E1,-4.443762574362E0));
#1889=VERTEX_POINT('',#1888);
#1890=CARTESIAN_POINT('',(-1.250997771506E1,-3.49E1,4.802130523907E0));
#1891=VERTEX_POINT('',#1890);
#1892=CARTESIAN_POINT('',(-1.157639728857E1,3.49E1,4.443762574362E0));
#1893=VERTEX_POINT('',#1892);
#1894=CARTESIAN_POINT('',(-1.353691618421E1,3.49E1,-5.196335268407E0));
#1895=VERTEX_POINT('',#1894);
#1896=CARTESIAN_POINT('',(-1.391034835481E1,3.45E1,-5.339682448225E0));
#1897=VERTEX_POINT('',#1896);
#1898=CARTESIAN_POINT('',(-1.391034835481E1,3.4E1,-5.339682448225E0));
#1899=VERTEX_POINT('',#1898);
#1900=CARTESIAN_POINT('',(-1.376097548657E1,3.368E1,-5.282343576298E0));
#1901=VERTEX_POINT('',#1900);
#1902=CARTESIAN_POINT('',(-1.376097548657E1,3.232E1,-5.282343576298E0));
#1903=VERTEX_POINT('',#1902);
#1904=CARTESIAN_POINT('',(-1.391034835481E1,3.2E1,-5.339682448225E0));
#1905=VERTEX_POINT('',#1904);
#1906=CARTESIAN_POINT('',(-1.391034835481E1,-3.45E1,-5.339682448225E0));
#1907=VERTEX_POINT('',#1906);
#1908=CARTESIAN_POINT('',(-1.353691618421E1,-3.49E1,-5.196335268407E0));
#1909=VERTEX_POINT('',#1908);
#1910=CARTESIAN_POINT('',(-1.353691618421E1,3.49E1,5.196335268407E0));
#1911=VERTEX_POINT('',#1910);
#1912=CARTESIAN_POINT('',(-1.391034835481E1,3.45E1,5.339682448225E0));
#1913=VERTEX_POINT('',#1912);
#1914=CARTESIAN_POINT('',(-1.391034835481E1,3.4E1,5.339682448225E0));
#1915=VERTEX_POINT('',#1914);
#1916=CARTESIAN_POINT('',(-1.376097548657E1,3.368E1,5.282343576298E0));
#1917=VERTEX_POINT('',#1916);
#1918=CARTESIAN_POINT('',(-1.376097548657E1,3.232E1,5.282343576298E0));
#1919=VERTEX_POINT('',#1918);
#1920=CARTESIAN_POINT('',(-1.391034835481E1,3.2E1,5.339682448225E0));
#1921=VERTEX_POINT('',#1920);
#1922=CARTESIAN_POINT('',(-1.391034835481E1,-3.45E1,5.339682448225E0));
#1923=VERTEX_POINT('',#1922);
#1924=CARTESIAN_POINT('',(-1.353691618421E1,-3.49E1,5.196335268407E0));
#1925=VERTEX_POINT('',#1924);
#1926=CARTESIAN_POINT('',(0.E0,-1.E0,0.E0));
#1927=DIRECTION('',(-3.583679495453E-1,0.E0,9.335804264972E-1));
#1928=DIRECTION('',(9.335804264972E-1,0.E0,3.583679495453E-1));
#1929=AXIS2_PLACEMENT_3D('',#1926,#1927,#1928);
#1930=PLANE('',#1929);
#1932=ORIENTED_EDGE('',*,*,#1931,.T.);
#1934=ORIENTED_EDGE('',*,*,#1933,.T.);
#1936=ORIENTED_EDGE('',*,*,#1935,.T.);
#1938=ORIENTED_EDGE('',*,*,#1937,.T.);
#1940=ORIENTED_EDGE('',*,*,#1939,.T.);
#1942=ORIENTED_EDGE('',*,*,#1941,.T.);
#1944=ORIENTED_EDGE('',*,*,#1943,.T.);
#1946=ORIENTED_EDGE('',*,*,#1945,.T.);
#1948=ORIENTED_EDGE('',*,*,#1947,.T.);
#1950=ORIENTED_EDGE('',*,*,#1949,.T.);
#1952=ORIENTED_EDGE('',*,*,#1951,.T.);
#1954=ORIENTED_EDGE('',*,*,#1953,.T.);
#1956=ORIENTED_EDGE('',*,*,#1955,.T.);
#1958=ORIENTED_EDGE('',*,*,#1957,.T.);
#1960=ORIENTED_EDGE('',*,*,#1959,.T.);
#1962=ORIENTED_EDGE('',*,*,#1961,.T.);
#1964=ORIENTED_EDGE('',*,*,#1963,.T.);
#1966=ORIENTED_EDGE('',*,*,#1965,.T.);
#1968=ORIENTED_EDGE('',*,*,#1967,.T.);
#1970=ORIENTED_EDGE('',*,*,#1969,.T.);
#1971=EDGE_LOOP('',(#1932,#1934,#1936,#1938,#1940,#1942,#1944,#1946,#1948,#1950,
#1952,#1954,#1956,#1958,#1960,#1962,#1964,#1966,#1968,#1970));
#1972=FACE_OUTER_BOUND('',#1971,.F.);
#1974=CARTESIAN_POINT('',(0.E0,3.45E1,0.E0));
#1975=DIRECTION('',(0.E0,1.E0,0.E0));
#1976=DIRECTION('',(9.335804264972E-1,0.E0,3.583679495453E-1));
#1977=AXIS2_PLACEMENT_3D('',#1974,#1975,#1976);
#1978=TOROIDAL_SURFACE('',#1977,1.45E1,5.E-1);
#1979=ORIENTED_EDGE('',*,*,#1931,.F.);
#1981=ORIENTED_EDGE('',*,*,#1980,.T.);
#1983=ORIENTED_EDGE('',*,*,#1982,.T.);
#1985=ORIENTED_EDGE('',*,*,#1984,.F.);
#1986=EDGE_LOOP('',(#1979,#1981,#1983,#1985));
#1987=FACE_OUTER_BOUND('',#1986,.F.);
#1989=CARTESIAN_POINT('',(0.E0,3.5E1,0.E0));
#1990=DIRECTION('',(0.E0,1.E0,0.E0));
#1991=DIRECTION('',(9.335804264972E-1,0.E0,3.583679495453E-1));
#1992=AXIS2_PLACEMENT_3D('',#1989,#1990,#1991);
#1993=PLANE('',#1992);
#1994=ORIENTED_EDGE('',*,*,#1969,.F.);
#1996=ORIENTED_EDGE('',*,*,#1995,.T.);
#1998=ORIENTED_EDGE('',*,*,#1997,.T.);
#1999=ORIENTED_EDGE('',*,*,#1980,.F.);
#2000=EDGE_LOOP('',(#1994,#1996,#1998,#1999));
#2001=FACE_OUTER_BOUND('',#2000,.F.);
#2003=CARTESIAN_POINT('',(0.E0,-1.E0,0.E0));
#2004=DIRECTION('',(0.E0,1.E0,0.E0));
#2005=DIRECTION('',(9.335804264972E-1,0.E0,3.583679495453E-1));
#2006=AXIS2_PLACEMENT_3D('',#2003,#2004,#2005);
#2007=CYLINDRICAL_SURFACE('',#2006,1.24E1);
#2008=ORIENTED_EDGE('',*,*,#1967,.F.);
#2010=ORIENTED_EDGE('',*,*,#2009,.T.);
#2012=ORIENTED_EDGE('',*,*,#2011,.T.);
#2013=ORIENTED_EDGE('',*,*,#1995,.F.);
#2014=EDGE_LOOP('',(#2008,#2010,#2012,#2013));
#2015=FACE_OUTER_BOUND('',#2014,.F.);
#2017=CARTESIAN_POINT('',(0.E0,3.49E1,0.E0));
#2018=DIRECTION('',(0.E0,1.E0,0.E0));
#2019=DIRECTION('',(9.335804264972E-1,0.E0,3.583679495453E-1));
#2020=AXIS2_PLACEMENT_3D('',#2017,#2018,#2019);
#2021=PLANE('',#2020);
#2022=ORIENTED_EDGE('',*,*,#1965,.F.);
#2024=ORIENTED_EDGE('',*,*,#2023,.T.);
#2026=ORIENTED_EDGE('',*,*,#2025,.T.);
#2027=ORIENTED_EDGE('',*,*,#2009,.F.);
#2028=EDGE_LOOP('',(#2022,#2024,#2026,#2027));
#2029=FACE_OUTER_BOUND('',#2028,.F.);
#2031=CARTESIAN_POINT('',(0.E0,3.45E1,0.E0));
#2032=DIRECTION('',(0.E0,1.E0,0.E0));
#2033=DIRECTION('',(9.335804264972E-1,0.E0,3.583679495453E-1));
#2034=AXIS2_PLACEMENT_3D('',#2031,#2032,#2033);
#2035=TOROIDAL_SURFACE('',#2034,1.45E1,4.E-1);
#2036=ORIENTED_EDGE('',*,*,#1963,.F.);
#2038=ORIENTED_EDGE('',*,*,#2037,.T.);
#2040=ORIENTED_EDGE('',*,*,#2039,.T.);
#2041=ORIENTED_EDGE('',*,*,#2023,.F.);
#2042=EDGE_LOOP('',(#2036,#2038,#2040,#2041));
#2043=FACE_OUTER_BOUND('',#2042,.F.);
#2045=CARTESIAN_POINT('',(0.E0,-1.E0,0.E0));
#2046=DIRECTION('',(0.E0,1.E0,0.E0));
#2047=DIRECTION('',(9.335804264972E-1,0.E0,3.583679495453E-1));
#2048=AXIS2_PLACEMENT_3D('',#2045,#2046,#2047);
#2049=CYLINDRICAL_SURFACE('',#2048,1.49E1);
#2050=ORIENTED_EDGE('',*,*,#1961,.F.);
#2052=ORIENTED_EDGE('',*,*,#2051,.T.);
#2054=ORIENTED_EDGE('',*,*,#2053,.T.);
#2055=ORIENTED_EDGE('',*,*,#2037,.F.);
#2056=EDGE_LOOP('',(#2050,#2052,#2054,#2055));
#2057=FACE_OUTER_BOUND('',#2056,.F.);
#2059=CARTESIAN_POINT('',(0.E0,3.4E1,0.E0));
#2060=DIRECTION('',(0.E0,1.E0,0.E0));
#2061=DIRECTION('',(9.335804264972E-1,0.E0,3.583679495453E-1));
#2062=AXIS2_PLACEMENT_3D('',#2059,#2060,#2061);
#2063=TOROIDAL_SURFACE('',#2062,1.45E1,4.E-1);
#2064=ORIENTED_EDGE('',*,*,#1959,.F.);
#2066=ORIENTED_EDGE('',*,*,#2065,.T.);
#2068=ORIENTED_EDGE('',*,*,#2067,.T.);
#2069=ORIENTED_EDGE('',*,*,#2051,.F.);
#2070=EDGE_LOOP('',(#2064,#2066,#2068,#2069));
#2071=FACE_OUTER_BOUND('',#2070,.F.);
#2073=CARTESIAN_POINT('',(0.E0,3.3E1,0.E0));
#2074=DIRECTION('',(0.E0,1.E0,0.E0));
#2075=DIRECTION('',(9.335804264972E-1,0.E0,3.583679495453E-1));
#2076=AXIS2_PLACEMENT_3D('',#2073,#2074,#2075);
#2077=TOROIDAL_SURFACE('',#2076,1.525E1,8.5E-1);
#2078=ORIENTED_EDGE('',*,*,#1957,.F.);
#2080=ORIENTED_EDGE('',*,*,#2079,.T.);
#2082=ORIENTED_EDGE('',*,*,#2081,.T.);
#2083=ORIENTED_EDGE('',*,*,#2065,.F.);
#2084=EDGE_LOOP('',(#2078,#2080,#2082,#2083));
#2085=FACE_OUTER_BOUND('',#2084,.F.);
#2087=CARTESIAN_POINT('',(0.E0,3.2E1,0.E0));
#2088=DIRECTION('',(0.E0,1.E0,0.E0));
#2089=DIRECTION('',(9.335804264972E-1,0.E0,3.583679495453E-1));
#2090=AXIS2_PLACEMENT_3D('',#2087,#2088,#2089);
#2091=TOROIDAL_SURFACE('',#2090,1.45E1,4.E-1);
#2092=ORIENTED_EDGE('',*,*,#1955,.F.);
#2094=ORIENTED_EDGE('',*,*,#2093,.T.);
#2096=ORIENTED_EDGE('',*,*,#2095,.T.);
#2097=ORIENTED_EDGE('',*,*,#2079,.F.);
#2098=EDGE_LOOP('',(#2092,#2094,#2096,#2097));
#2099=FACE_OUTER_BOUND('',#2098,.F.);
#2101=CARTESIAN_POINT('',(0.E0,-1.E0,0.E0));
#2102=DIRECTION('',(0.E0,1.E0,0.E0));
#2103=DIRECTION('',(9.335804264972E-1,0.E0,3.583679495453E-1));
#2104=AXIS2_PLACEMENT_3D('',#2101,#2102,#2103);
#2105=CYLINDRICAL_SURFACE('',#2104,1.49E1);
#2106=ORIENTED_EDGE('',*,*,#1953,.F.);
#2108=ORIENTED_EDGE('',*,*,#2107,.T.);
#2110=ORIENTED_EDGE('',*,*,#2109,.T.);
#2111=ORIENTED_EDGE('',*,*,#2093,.F.);
#2112=EDGE_LOOP('',(#2106,#2108,#2110,#2111));
#2113=FACE_OUTER_BOUND('',#2112,.F.);
#2115=CARTESIAN_POINT('',(0.E0,-3.45E1,0.E0));
#2116=DIRECTION('',(0.E0,1.E0,0.E0));
#2117=DIRECTION('',(9.335804264972E-1,0.E0,3.583679495453E-1));
#2118=AXIS2_PLACEMENT_3D('',#2115,#2116,#2117);
#2119=TOROIDAL_SURFACE('',#2118,1.45E1,4.E-1);
#2120=ORIENTED_EDGE('',*,*,#1951,.F.);
#2122=ORIENTED_EDGE('',*,*,#2121,.T.);
#2124=ORIENTED_EDGE('',*,*,#2123,.T.);
#2125=ORIENTED_EDGE('',*,*,#2107,.F.);
#2126=EDGE_LOOP('',(#2120,#2122,#2124,#2125));
#2127=FACE_OUTER_BOUND('',#2126,.F.);
#2129=CARTESIAN_POINT('',(0.E0,-3.49E1,0.E0));
#2130=DIRECTION('',(0.E0,1.E0,0.E0));
#2131=DIRECTION('',(9.335804264972E-1,0.E0,3.583679495453E-1));
#2132=AXIS2_PLACEMENT_3D('',#2129,#2130,#2131);
#2133=PLANE('',#2132);
#2134=ORIENTED_EDGE('',*,*,#1949,.F.);
#2136=ORIENTED_EDGE('',*,*,#2135,.T.);
#2138=ORIENTED_EDGE('',*,*,#2137,.T.);
#2139=ORIENTED_EDGE('',*,*,#2121,.F.);
#2140=EDGE_LOOP('',(#2134,#2136,#2138,#2139));
#2141=FACE_OUTER_BOUND('',#2140,.F.);
#2143=CARTESIAN_POINT('',(0.E0,-1.E0,0.E0));
#2144=DIRECTION('',(0.E0,1.E0,0.E0));
#2145=DIRECTION('',(9.335804264972E-1,0.E0,3.583679495453E-1));
#2146=AXIS2_PLACEMENT_3D('',#2143,#2144,#2145);
#2147=CYLINDRICAL_SURFACE('',#2146,1.34E1);
#2148=ORIENTED_EDGE('',*,*,#1947,.F.);
#2150=ORIENTED_EDGE('',*,*,#2149,.T.);
#2152=ORIENTED_EDGE('',*,*,#2151,.T.);
#2153=ORIENTED_EDGE('',*,*,#2135,.F.);
#2154=EDGE_LOOP('',(#2148,#2150,#2152,#2153));
#2155=FACE_OUTER_BOUND('',#2154,.F.);
#2157=CARTESIAN_POINT('',(0.E0,-3.5E1,0.E0));
#2158=DIRECTION('',(0.E0,1.E0,0.E0));
#2159=DIRECTION('',(9.335804264972E-1,0.E0,3.583679495453E-1));
#2160=AXIS2_PLACEMENT_3D('',#2157,#2158,#2159);
#2161=PLANE('',#2160);
#2162=ORIENTED_EDGE('',*,*,#1945,.F.);
#2164=ORIENTED_EDGE('',*,*,#2163,.T.);
#2166=ORIENTED_EDGE('',*,*,#2165,.T.);
#2167=ORIENTED_EDGE('',*,*,#2149,.F.);
#2168=EDGE_LOOP('',(#2162,#2164,#2166,#2167));
#2169=FACE_OUTER_BOUND('',#2168,.F.);
#2171=CARTESIAN_POINT('',(0.E0,-3.45E1,0.E0));
#2172=DIRECTION('',(0.E0,1.E0,0.E0));
#2173=DIRECTION('',(9.335804264972E-1,0.E0,3.583679495453E-1));
#2174=AXIS2_PLACEMENT_3D('',#2171,#2172,#2173);
#2175=TOROIDAL_SURFACE('',#2174,1.45E1,5.E-1);
#2176=ORIENTED_EDGE('',*,*,#1943,.F.);
#2178=ORIENTED_EDGE('',*,*,#2177,.T.);
#2180=ORIENTED_EDGE('',*,*,#2179,.T.);
#2181=ORIENTED_EDGE('',*,*,#2163,.F.);
#2182=EDGE_LOOP('',(#2176,#2178,#2180,#2181));
#2183=FACE_OUTER_BOUND('',#2182,.F.);
#2185=CARTESIAN_POINT('',(0.E0,-1.E0,0.E0));
#2186=DIRECTION('',(0.E0,1.E0,0.E0));
#2187=DIRECTION('',(9.335804264972E-1,0.E0,3.583679495453E-1));
#2188=AXIS2_PLACEMENT_3D('',#2185,#2186,#2187);
#2189=CYLINDRICAL_SURFACE('',#2188,1.5E1);
#2190=ORIENTED_EDGE('',*,*,#1941,.F.);
#2192=ORIENTED_EDGE('',*,*,#2191,.T.);
#2194=ORIENTED_EDGE('',*,*,#2193,.T.);
#2195=ORIENTED_EDGE('',*,*,#2177,.F.);
#2196=EDGE_LOOP('',(#2190,#2192,#2194,#2195));
#2197=FACE_OUTER_BOUND('',#2196,.F.);
#2199=CARTESIAN_POINT('',(0.E0,3.2E1,0.E0));
#2200=DIRECTION('',(0.E0,1.E0,0.E0));
#2201=DIRECTION('',(9.335804264972E-1,0.E0,3.583679495453E-1));
#2202=AXIS2_PLACEMENT_3D('',#2199,#2200,#2201);
#2203=TOROIDAL_SURFACE('',#2202,1.45E1,5.E-1);
#2204=ORIENTED_EDGE('',*,*,#1939,.F.);
#2206=ORIENTED_EDGE('',*,*,#2205,.T.);
#2208=ORIENTED_EDGE('',*,*,#2207,.T.);
#2209=ORIENTED_EDGE('',*,*,#2191,.F.);
#2210=EDGE_LOOP('',(#2204,#2206,#2208,#2209));
#2211=FACE_OUTER_BOUND('',#2210,.F.);
#2213=CARTESIAN_POINT('',(0.E0,3.3E1,0.E0));
#2214=DIRECTION('',(0.E0,1.E0,0.E0));
#2215=DIRECTION('',(9.335804264972E-1,0.E0,3.583679495453E-1));
#2216=AXIS2_PLACEMENT_3D('',#2213,#2214,#2215);
#2217=TOROIDAL_SURFACE('',#2216,1.525E1,7.5E-1);
#2218=ORIENTED_EDGE('',*,*,#1937,.F.);
#2220=ORIENTED_EDGE('',*,*,#2219,.T.);
#2222=ORIENTED_EDGE('',*,*,#2221,.T.);
#2223=ORIENTED_EDGE('',*,*,#2205,.F.);
#2224=EDGE_LOOP('',(#2218,#2220,#2222,#2223));
#2225=FACE_OUTER_BOUND('',#2224,.F.);
#2227=CARTESIAN_POINT('',(0.E0,3.4E1,0.E0));
#2228=DIRECTION('',(0.E0,1.E0,0.E0));
#2229=DIRECTION('',(9.335804264972E-1,0.E0,3.583679495453E-1));
#2230=AXIS2_PLACEMENT_3D('',#2227,#2228,#2229);
#2231=TOROIDAL_SURFACE('',#2230,1.45E1,5.E-1);
#2232=ORIENTED_EDGE('',*,*,#1935,.F.);
#2234=ORIENTED_EDGE('',*,*,#2233,.T.);
#2236=ORIENTED_EDGE('',*,*,#2235,.T.);
#2237=ORIENTED_EDGE('',*,*,#2219,.F.);
#2238=EDGE_LOOP('',(#2232,#2234,#2236,#2237));
#2239=FACE_OUTER_BOUND('',#2238,.F.);
#2241=CARTESIAN_POINT('',(0.E0,-1.E0,0.E0));
#2242=DIRECTION('',(0.E0,1.E0,0.E0));
#2243=DIRECTION('',(9.335804264972E-1,0.E0,3.583679495453E-1));
#2244=AXIS2_PLACEMENT_3D('',#2241,#2242,#2243);
#2245=CYLINDRICAL_SURFACE('',#2244,1.5E1);
#2246=ORIENTED_EDGE('',*,*,#1933,.F.);
#2247=ORIENTED_EDGE('',*,*,#1984,.T.);
#2249=ORIENTED_EDGE('',*,*,#2248,.T.);
#2250=ORIENTED_EDGE('',*,*,#2233,.F.);
#2251=EDGE_LOOP('',(#2246,#2247,#2249,#2250));
#2252=FACE_OUTER_BOUND('',#2251,.F.);
#2254=CARTESIAN_POINT('',(0.E0,-1.E0,0.E0));
#2255=DIRECTION('',(3.583679495453E-1,0.E0,9.335804264972E-1));
#2256=DIRECTION('',(9.335804264972E-1,0.E0,-3.583679495453E-1));
#2257=AXIS2_PLACEMENT_3D('',#2254,#2255,#2256);
#2258=PLANE('',#2257);
#2259=ORIENTED_EDGE('',*,*,#1982,.F.);
#2260=ORIENTED_EDGE('',*,*,#1997,.F.);
#2261=ORIENTED_EDGE('',*,*,#2011,.F.);
#2262=ORIENTED_EDGE('',*,*,#2025,.F.);
#2263=ORIENTED_EDGE('',*,*,#2039,.F.);
#2264=ORIENTED_EDGE('',*,*,#2053,.F.);
#2265=ORIENTED_EDGE('',*,*,#2067,.F.);
#2266=ORIENTED_EDGE('',*,*,#2081,.F.);
#2267=ORIENTED_EDGE('',*,*,#2095,.F.);
#2268=ORIENTED_EDGE('',*,*,#2109,.F.);
#2269=ORIENTED_EDGE('',*,*,#2123,.F.);
#2270=ORIENTED_EDGE('',*,*,#2137,.F.);
#2271=ORIENTED_EDGE('',*,*,#2151,.F.);
#2272=ORIENTED_EDGE('',*,*,#2165,.F.);
#2273=ORIENTED_EDGE('',*,*,#2179,.F.);
#2274=ORIENTED_EDGE('',*,*,#2193,.F.);
#2275=ORIENTED_EDGE('',*,*,#2207,.F.);
#2276=ORIENTED_EDGE('',*,*,#2221,.F.);
#2277=ORIENTED_EDGE('',*,*,#2235,.F.);
#2278=ORIENTED_EDGE('',*,*,#2248,.F.);
#2279=EDGE_LOOP('',(#2259,#2260,#2261,#2262,#2263,#2264,#2265,#2266,#2267,#2268,
#2269,#2270,#2271,#2272,#2273,#2274,#2275,#2276,#2277,#2278));
#2280=FACE_OUTER_BOUND('',#2279,.F.);
#2283=DIRECTION('',(0.E0,1.E0,0.E0));
#2284=VECTOR('',#2283,6.65E1);
#2285=CARTESIAN_POINT('',(-1.391034835481E1,-3.45E1,-5.339682448225E0));
#2286=LINE('',#2285,#2284);
#2287=CURVE_STYLE('',#330,POSITIVE_LENGTH_MEASURE(2.E-2),#164);
#2288=PRESENTATION_STYLE_ASSIGNMENT((#2287));
#2289=STYLED_ITEM('',(#2288),#2286);
#2290=DIRECTION('',(0.E0,-1.E0,0.E0));
#2291=VECTOR('',#2290,6.65E1);
#2292=CARTESIAN_POINT('',(-1.391034835481E1,3.2E1,5.339682448225E0));
#2293=LINE('',#2292,#2291);
#2294=CURVE_STYLE('',#330,POSITIVE_LENGTH_MEASURE(2.E-2),#164);
#2295=PRESENTATION_STYLE_ASSIGNMENT((#2294));
#2296=STYLED_ITEM('',(#2295),#2293);
#2297=CARTESIAN_POINT('',(0.E0,-3.45E1,0.E0));
#2298=DIRECTION('',(0.E0,-1.E0,0.E0));
#2299=DIRECTION('',(-9.335804264972E-1,0.E0,3.583679495453E-1));
#2300=AXIS2_PLACEMENT_3D('',#2297,#2298,#2299);
#2302=CURVE_STYLE('',#330,POSITIVE_LENGTH_MEASURE(2.E-2),#164);
#2303=PRESENTATION_STYLE_ASSIGNMENT((#2302));
#2304=STYLED_ITEM('',(#2303),#2301);
#2305=CARTESIAN_POINT('',(-1.353691618421E1,3.2E1,-5.196335268407E0));
#2306=DIRECTION('',(3.583679495453E-1,0.E0,-9.335804264972E-1));
#2307=DIRECTION('',(-9.335804264972E-1,0.E0,-3.583679495453E-1));
#2308=AXIS2_PLACEMENT_3D('',#2305,#2306,#2307);
#2310=CURVE_STYLE('',#330,POSITIVE_LENGTH_MEASURE(2.E-2),#164);
#2311=PRESENTATION_STYLE_ASSIGNMENT((#2310));
#2312=STYLED_ITEM('',(#2311),#2309);
#2313=CARTESIAN_POINT('',(-1.353691618421E1,3.2E1,5.196335268407E0));
#2314=DIRECTION('',(3.583679495453E-1,0.E0,9.335804264972E-1));
#2315=DIRECTION('',(-5.601482558983E-1,8.E-1,2.150207697272E-1));
#2316=AXIS2_PLACEMENT_3D('',#2313,#2314,#2315);
#2318=CURVE_STYLE('',#330,POSITIVE_LENGTH_MEASURE(2.E-2),#164);
#2319=PRESENTATION_STYLE_ASSIGNMENT((#2318));
#2320=STYLED_ITEM('',(#2319),#2317);
#2321=CARTESIAN_POINT('',(0.E0,3.2E1,0.E0));
#2322=DIRECTION('',(0.E0,1.E0,0.E0));
#2323=DIRECTION('',(-9.335804264972E-1,0.E0,-3.583679495453E-1));
#2324=AXIS2_PLACEMENT_3D('',#2321,#2322,#2323);
#2326=CURVE_STYLE('',#330,POSITIVE_LENGTH_MEASURE(2.E-2),#164);
#2327=PRESENTATION_STYLE_ASSIGNMENT((#2326));
#2328=STYLED_ITEM('',(#2327),#2325);
#2329=CARTESIAN_POINT('',(-1.423710150408E1,3.3E1,-5.465111230566E0));
#2330=DIRECTION('',(-3.583679495453E-1,0.E0,9.335804264972E-1));
#2331=DIRECTION('',(5.601482558983E-1,-8.E-1,2.150207697272E-1));
#2332=AXIS2_PLACEMENT_3D('',#2329,#2330,#2331);
#2334=CURVE_STYLE('',#330,POSITIVE_LENGTH_MEASURE(2.E-2),#164);
#2335=PRESENTATION_STYLE_ASSIGNMENT((#2334));
#2336=STYLED_ITEM('',(#2335),#2333);
#2337=CARTESIAN_POINT('',(-1.423710150408E1,3.3E1,5.465111230566E0));
#2338=DIRECTION('',(-3.583679495453E-1,0.E0,-9.335804264972E-1));
#2339=DIRECTION('',(5.601482558983E-1,8.E-1,-2.150207697272E-1));
#2340=AXIS2_PLACEMENT_3D('',#2337,#2338,#2339);
#2342=CURVE_STYLE('',#330,POSITIVE_LENGTH_MEASURE(2.E-2),#164);
#2343=PRESENTATION_STYLE_ASSIGNMENT((#2342));
#2344=STYLED_ITEM('',(#2343),#2341);
#2345=CARTESIAN_POINT('',(0.E0,3.232E1,0.E0));
#2346=DIRECTION('',(0.E0,1.E0,0.E0));
#2347=DIRECTION('',(-9.335804264972E-1,0.E0,-3.583679495453E-1));
#2348=AXIS2_PLACEMENT_3D('',#2345,#2346,#2347);
#2350=CURVE_STYLE('',#330,POSITIVE_LENGTH_MEASURE(2.E-2),#164);
#2351=PRESENTATION_STYLE_ASSIGNMENT((#2350));
#2352=STYLED_ITEM('',(#2351),#2349);
#2353=CARTESIAN_POINT('',(-1.353691618421E1,3.4E1,-5.196335268407E0));
#2354=DIRECTION('',(3.583679495453E-1,0.E0,-9.335804264972E-1));
#2355=DIRECTION('',(-5.601482558983E-1,-8.E-1,-2.150207697272E-1));
#2356=AXIS2_PLACEMENT_3D('',#2353,#2354,#2355);
#2358=CURVE_STYLE('',#330,POSITIVE_LENGTH_MEASURE(2.E-2),#164);
#2359=PRESENTATION_STYLE_ASSIGNMENT((#2358));
#2360=STYLED_ITEM('',(#2359),#2357);
#2361=CARTESIAN_POINT('',(-1.353691618421E1,3.4E1,5.196335268407E0));
#2362=DIRECTION('',(3.583679495453E-1,0.E0,9.335804264972E-1));
#2363=DIRECTION('',(-9.335804264972E-1,0.E0,3.583679495453E-1));
#2364=AXIS2_PLACEMENT_3D('',#2361,#2362,#2363);
#2366=CURVE_STYLE('',#330,POSITIVE_LENGTH_MEASURE(2.E-2),#164);
#2367=PRESENTATION_STYLE_ASSIGNMENT((#2366));
#2368=STYLED_ITEM('',(#2367),#2365);
#2369=CARTESIAN_POINT('',(0.E0,3.368E1,0.E0));
#2370=DIRECTION('',(0.E0,1.E0,0.E0));
#2371=DIRECTION('',(-9.335804264972E-1,0.E0,-3.583679495453E-1));
#2372=AXIS2_PLACEMENT_3D('',#2369,#2370,#2371);
#2374=CURVE_STYLE('',#330,POSITIVE_LENGTH_MEASURE(2.E-2),#164);
#2375=PRESENTATION_STYLE_ASSIGNMENT((#2374));
#2376=STYLED_ITEM('',(#2375),#2373);
#2377=DIRECTION('',(0.E0,1.E0,0.E0));
#2378=VECTOR('',#2377,5.E-1);
#2379=CARTESIAN_POINT('',(-1.391034835481E1,3.4E1,-5.339682448225E0));
#2380=LINE('',#2379,#2378);
#2381=CURVE_STYLE('',#330,POSITIVE_LENGTH_MEASURE(2.E-2),#164);
#2382=PRESENTATION_STYLE_ASSIGNMENT((#2381));
#2383=STYLED_ITEM('',(#2382),#2380);
#2384=DIRECTION('',(0.E0,-1.E0,0.E0));
#2385=VECTOR('',#2384,5.E-1);
#2386=CARTESIAN_POINT('',(-1.391034835481E1,3.45E1,5.339682448225E0));
#2387=LINE('',#2386,#2385);
#2388=CURVE_STYLE('',#330,POSITIVE_LENGTH_MEASURE(2.E-2),#164);
#2389=PRESENTATION_STYLE_ASSIGNMENT((#2388));
#2390=STYLED_ITEM('',(#2389),#2387);
#2391=CARTESIAN_POINT('',(0.E0,3.4E1,0.E0));
#2392=DIRECTION('',(0.E0,1.E0,0.E0));
#2393=DIRECTION('',(-9.335804264972E-1,0.E0,-3.583679495453E-1));
#2394=AXIS2_PLACEMENT_3D('',#2391,#2392,#2393);
#2396=CURVE_STYLE('',#330,POSITIVE_LENGTH_MEASURE(2.E-2),#164);
#2397=PRESENTATION_STYLE_ASSIGNMENT((#2396));
#2398=STYLED_ITEM('',(#2397),#2395);
#2399=CARTESIAN_POINT('',(0.E0,3.46E1,0.E0));
#2400=DIRECTION('',(0.E0,1.E0,0.E0));
#2401=DIRECTION('',(-9.335804264972E-1,0.E0,-3.583679495453E-1));
#2402=AXIS2_PLACEMENT_3D('',#2399,#2400,#2401);
#2404=CURVE_STYLE('',#330,POSITIVE_LENGTH_MEASURE(2.E-2),#164);
#2405=PRESENTATION_STYLE_ASSIGNMENT((#2404));
#2406=STYLED_ITEM('',(#2405),#2403);
#2407=CARTESIAN_POINT('',(-1.353691618421E1,3.45E1,5.196335268407E0));
#2408=DIRECTION('',(3.583679495453E-1,0.E0,9.335804264972E-1));
#2409=DIRECTION('',(-9.039353610422E-1,2.5E-1,3.469882751009E-1));
#2410=AXIS2_PLACEMENT_3D('',#2407,#2408,#2409);
#2412=CURVE_STYLE('',#330,POSITIVE_LENGTH_MEASURE(2.E-2),#164);
#2413=PRESENTATION_STYLE_ASSIGNMENT((#2412));
#2414=STYLED_ITEM('',(#2413),#2411);
#2415=CARTESIAN_POINT('',(0.E0,3.45E1,0.E0));
#2416=DIRECTION('',(0.E0,1.E0,0.E0));
#2417=DIRECTION('',(-9.335804264972E-1,0.E0,-3.583679495453E-1));
#2418=AXIS2_PLACEMENT_3D('',#2415,#2416,#2417);
#2420=CURVE_STYLE('',#330,POSITIVE_LENGTH_MEASURE(2.E-2),#164);
#2421=PRESENTATION_STYLE_ASSIGNMENT((#2420));
#2422=STYLED_ITEM('',(#2421),#2419);
#2423=CARTESIAN_POINT('',(-1.353691618421E1,3.45E1,-5.196335268407E0));
#2424=DIRECTION('',(3.583679495453E-1,0.E0,-9.335804264972E-1));
#2425=DIRECTION('',(-9.335804264972E-1,0.E0,-3.583679495453E-1));
#2426=AXIS2_PLACEMENT_3D('',#2423,#2424,#2425);
#2428=CURVE_STYLE('',#330,POSITIVE_LENGTH_MEASURE(2.E-2),#164);
#2429=PRESENTATION_STYLE_ASSIGNMENT((#2428));
#2430=STYLED_ITEM('',(#2429),#2427);
#2431=CARTESIAN_POINT('',(0.E0,3.49E1,0.E0));
#2432=DIRECTION('',(0.E0,-1.E0,0.E0));
#2433=DIRECTION('',(-9.335804264972E-1,0.E0,3.583679495453E-1));
#2434=AXIS2_PLACEMENT_3D('',#2431,#2432,#2433);
#2436=CURVE_STYLE('',#330,POSITIVE_LENGTH_MEASURE(2.E-2),#164);
#2437=PRESENTATION_STYLE_ASSIGNMENT((#2436));
#2438=STYLED_ITEM('',(#2437),#2435);
#2439=DIRECTION('',(9.335804264972E-1,0.E0,3.583679495453E-1));
#2440=VECTOR('',#2439,2.1E0);
#2441=CARTESIAN_POINT('',(-1.353691618421E1,3.49E1,-5.196335268407E0));
#2442=LINE('',#2441,#2440);
#2443=CURVE_STYLE('',#330,POSITIVE_LENGTH_MEASURE(2.E-2),#164);
#2444=PRESENTATION_STYLE_ASSIGNMENT((#2443));
#2445=STYLED_ITEM('',(#2444),#2442);
#2446=CARTESIAN_POINT('',(0.E0,3.49E1,0.E0));
#2447=DIRECTION('',(0.E0,1.E0,0.E0));
#2448=DIRECTION('',(-9.335804264972E-1,0.E0,-3.583679495453E-1));
#2449=AXIS2_PLACEMENT_3D('',#2446,#2447,#2448);
#2451=CURVE_STYLE('',#330,POSITIVE_LENGTH_MEASURE(2.E-2),#164);
#2452=PRESENTATION_STYLE_ASSIGNMENT((#2451));
#2453=STYLED_ITEM('',(#2452),#2450);
#2454=DIRECTION('',(-9.335804264972E-1,0.E0,3.583679495453E-1));
#2455=VECTOR('',#2454,2.1E0);
#2456=CARTESIAN_POINT('',(-1.157639728857E1,3.49E1,4.443762574362E0));
#2457=LINE('',#2456,#2455);
#2458=CURVE_STYLE('',#330,POSITIVE_LENGTH_MEASURE(2.E-2),#164);
#2459=PRESENTATION_STYLE_ASSIGNMENT((#2458));
#2460=STYLED_ITEM('',(#2459),#2457);
#2461=CARTESIAN_POINT('',(-1.391034835481E1,-3.45E1,-5.339682448225E0));
#2462=CARTESIAN_POINT('',(-1.391034835481E1,3.2E1,-5.339682448225E0));
#2463=VERTEX_POINT('',#2461);
#2464=VERTEX_POINT('',#2462);
#2465=CARTESIAN_POINT('',(-1.376097548657E1,3.232E1,-5.282343576298E0));
#2466=VERTEX_POINT('',#2465);
#2467=CARTESIAN_POINT('',(-1.376097548657E1,3.368E1,-5.282343576298E0));
#2468=VERTEX_POINT('',#2467);
#2469=CARTESIAN_POINT('',(-1.391034835481E1,3.4E1,-5.339682448225E0));
#2470=VERTEX_POINT('',#2469);
#2471=CARTESIAN_POINT('',(-1.391034835481E1,3.45E1,-5.339682448225E0));
#2472=VERTEX_POINT('',#2471);
#2473=CARTESIAN_POINT('',(-1.391034835481E1,-3.45E1,5.339682448225E0));
#2474=CARTESIAN_POINT('',(-1.391034835481E1,3.2E1,5.339682448225E0));
#2475=VERTEX_POINT('',#2473);
#2476=VERTEX_POINT('',#2474);
#2477=CARTESIAN_POINT('',(-1.376097548657E1,3.232E1,5.282343576298E0));
#2478=VERTEX_POINT('',#2477);
#2479=CARTESIAN_POINT('',(-1.376097548657E1,3.368E1,5.282343576298E0));
#2480=VERTEX_POINT('',#2479);
#2481=CARTESIAN_POINT('',(-1.391034835481E1,3.4E1,5.339682448225E0));
#2482=VERTEX_POINT('',#2481);
#2483=CARTESIAN_POINT('',(-1.391034835481E1,3.45E1,5.339682448225E0));
#2484=VERTEX_POINT('',#2483);
#2485=CARTESIAN_POINT('',(-1.157639728857E1,3.49E1,4.443762574362E0));
#2486=CARTESIAN_POINT('',(-1.157639728857E1,3.49E1,-4.443762574362E0));
#2487=VERTEX_POINT('',#2485);
#2488=VERTEX_POINT('',#2486);
#2489=CARTESIAN_POINT('',(-1.389849032863E1,3.46E1,-5.335130578447E0));
#2490=CARTESIAN_POINT('',(-1.389849032863E1,3.46E1,5.335130578447E0));
#2491=VERTEX_POINT('',#2489);
#2492=VERTEX_POINT('',#2490);
#2493=CARTESIAN_POINT('',(-1.353691618421E1,3.49E1,-5.196335268407E0));
#2494=CARTESIAN_POINT('',(-1.353691618421E1,3.49E1,5.196335268407E0));
#2495=VERTEX_POINT('',#2493);
#2496=VERTEX_POINT('',#2494);
#2497=CARTESIAN_POINT('',(0.E0,-1.E0,0.E0));
#2498=DIRECTION('',(0.E0,1.E0,0.E0));
#2499=DIRECTION('',(9.335804264972E-1,0.E0,3.583679495453E-1));
#2500=AXIS2_PLACEMENT_3D('',#2497,#2498,#2499);
#2501=CYLINDRICAL_SURFACE('',#2500,1.49E1);
#2503=ORIENTED_EDGE('',*,*,#2502,.T.);
#2505=ORIENTED_EDGE('',*,*,#2504,.T.);
#2507=ORIENTED_EDGE('',*,*,#2506,.T.);
#2509=ORIENTED_EDGE('',*,*,#2508,.T.);
#2510=EDGE_LOOP('',(#2503,#2505,#2507,#2509));
#2511=FACE_OUTER_BOUND('',#2510,.F.);
#2513=FILL_AREA_STYLE_COLOUR('',#1384);
#2514=FILL_AREA_STYLE('',(#2513));
#2515=SURFACE_STYLE_FILL_AREA(#2514);
#2516=SURFACE_SIDE_STYLE('',(#2515));
#2517=SURFACE_STYLE_USAGE(.BOTH.,#2516);
#2518=PRESENTATION_STYLE_ASSIGNMENT((#2517));
#2519=OVER_RIDING_STYLED_ITEM('',(#2518),#2512,#1385);
#2520=CARTESIAN_POINT('',(0.E0,3.2E1,0.E0));
#2521=DIRECTION('',(0.E0,1.E0,0.E0));
#2522=DIRECTION('',(9.335804264972E-1,0.E0,3.583679495453E-1));
#2523=AXIS2_PLACEMENT_3D('',#2520,#2521,#2522);
#2524=TOROIDAL_SURFACE('',#2523,1.45E1,4.E-1);
#2526=ORIENTED_EDGE('',*,*,#2525,.T.);
#2528=ORIENTED_EDGE('',*,*,#2527,.T.);
#2530=ORIENTED_EDGE('',*,*,#2529,.T.);
#2531=ORIENTED_EDGE('',*,*,#2504,.F.);
#2532=EDGE_LOOP('',(#2526,#2528,#2530,#2531));
#2533=FACE_OUTER_BOUND('',#2532,.F.);
#2535=FILL_AREA_STYLE_COLOUR('',#1384);
#2536=FILL_AREA_STYLE('',(#2535));
#2537=SURFACE_STYLE_FILL_AREA(#2536);
#2538=SURFACE_SIDE_STYLE('',(#2537));
#2539=SURFACE_STYLE_USAGE(.BOTH.,#2538);
#2540=PRESENTATION_STYLE_ASSIGNMENT((#2539));
#2541=OVER_RIDING_STYLED_ITEM('',(#2540),#2534,#1385);
#2542=CARTESIAN_POINT('',(0.E0,3.3E1,0.E0));
#2543=DIRECTION('',(0.E0,1.E0,0.E0));
#2544=DIRECTION('',(9.335804264972E-1,0.E0,3.583679495453E-1));
#2545=AXIS2_PLACEMENT_3D('',#2542,#2543,#2544);
#2546=TOROIDAL_SURFACE('',#2545,1.525E1,8.5E-1);
#2548=ORIENTED_EDGE('',*,*,#2547,.T.);
#2550=ORIENTED_EDGE('',*,*,#2549,.T.);
#2552=ORIENTED_EDGE('',*,*,#2551,.T.);
#2553=ORIENTED_EDGE('',*,*,#2527,.F.);
#2554=EDGE_LOOP('',(#2548,#2550,#2552,#2553));
#2555=FACE_OUTER_BOUND('',#2554,.F.);
#2557=FILL_AREA_STYLE_COLOUR('',#1384);
#2558=FILL_AREA_STYLE('',(#2557));
#2559=SURFACE_STYLE_FILL_AREA(#2558);
#2560=SURFACE_SIDE_STYLE('',(#2559));
#2561=SURFACE_STYLE_USAGE(.BOTH.,#2560);
#2562=PRESENTATION_STYLE_ASSIGNMENT((#2561));
#2563=OVER_RIDING_STYLED_ITEM('',(#2562),#2556,#1385);
#2564=CARTESIAN_POINT('',(0.E0,3.4E1,0.E0));
#2565=DIRECTION('',(0.E0,1.E0,0.E0));
#2566=DIRECTION('',(9.335804264972E-1,0.E0,3.583679495453E-1));
#2567=AXIS2_PLACEMENT_3D('',#2564,#2565,#2566);
#2568=TOROIDAL_SURFACE('',#2567,1.45E1,4.E-1);
#2570=ORIENTED_EDGE('',*,*,#2569,.T.);
#2572=ORIENTED_EDGE('',*,*,#2571,.T.);
#2574=ORIENTED_EDGE('',*,*,#2573,.T.);
#2575=ORIENTED_EDGE('',*,*,#2549,.F.);
#2576=EDGE_LOOP('',(#2570,#2572,#2574,#2575));
#2577=FACE_OUTER_BOUND('',#2576,.F.);
#2579=FILL_AREA_STYLE_COLOUR('',#1384);
#2580=FILL_AREA_STYLE('',(#2579));
#2581=SURFACE_STYLE_FILL_AREA(#2580);
#2582=SURFACE_SIDE_STYLE('',(#2581));
#2583=SURFACE_STYLE_USAGE(.BOTH.,#2582);
#2584=PRESENTATION_STYLE_ASSIGNMENT((#2583));
#2585=OVER_RIDING_STYLED_ITEM('',(#2584),#2578,#1385);
#2586=CARTESIAN_POINT('',(0.E0,-1.E0,0.E0));
#2587=DIRECTION('',(0.E0,1.E0,0.E0));
#2588=DIRECTION('',(9.335804264972E-1,0.E0,3.583679495453E-1));
#2589=AXIS2_PLACEMENT_3D('',#2586,#2587,#2588);
#2590=CYLINDRICAL_SURFACE('',#2589,1.49E1);
#2592=ORIENTED_EDGE('',*,*,#2591,.T.);
#2594=ORIENTED_EDGE('',*,*,#2593,.T.);
#2596=ORIENTED_EDGE('',*,*,#2595,.T.);
#2597=ORIENTED_EDGE('',*,*,#2571,.F.);
#2598=EDGE_LOOP('',(#2592,#2594,#2596,#2597));
#2599=FACE_OUTER_BOUND('',#2598,.F.);
#2601=FILL_AREA_STYLE_COLOUR('',#1384);
#2602=FILL_AREA_STYLE('',(#2601));
#2603=SURFACE_STYLE_FILL_AREA(#2602);
#2604=SURFACE_SIDE_STYLE('',(#2603));
#2605=SURFACE_STYLE_USAGE(.BOTH.,#2604);
#2606=PRESENTATION_STYLE_ASSIGNMENT((#2605));
#2607=OVER_RIDING_STYLED_ITEM('',(#2606),#2600,#1385);
#2608=CARTESIAN_POINT('',(0.E0,3.45E1,0.E0));
#2609=DIRECTION('',(0.E0,1.E0,0.E0));
#2610=DIRECTION('',(9.335804264972E-1,0.E0,3.583679495453E-1));
#2611=AXIS2_PLACEMENT_3D('',#2608,#2609,#2610);
#2612=TOROIDAL_SURFACE('',#2611,1.45E1,4.E-1);
#2614=ORIENTED_EDGE('',*,*,#2613,.T.);
#2616=ORIENTED_EDGE('',*,*,#2615,.T.);
#2617=ORIENTED_EDGE('',*,*,#2593,.F.);
#2619=ORIENTED_EDGE('',*,*,#2618,.T.);
#2620=EDGE_LOOP('',(#2614,#2616,#2617,#2619));
#2621=FACE_OUTER_BOUND('',#2620,.F.);
#2623=FILL_AREA_STYLE_COLOUR('',#1384);
#2624=FILL_AREA_STYLE('',(#2623));
#2625=SURFACE_STYLE_FILL_AREA(#2624);
#2626=SURFACE_SIDE_STYLE('',(#2625));
#2627=SURFACE_STYLE_USAGE(.BOTH.,#2626);
#2628=PRESENTATION_STYLE_ASSIGNMENT((#2627));
#2629=OVER_RIDING_STYLED_ITEM('',(#2628),#2622,#1385);
#2630=CARTESIAN_POINT('',(0.E0,3.49E1,0.E0));
#2631=DIRECTION('',(0.E0,1.E0,0.E0));
#2632=DIRECTION('',(9.335804264972E-1,0.E0,3.583679495453E-1));
#2633=AXIS2_PLACEMENT_3D('',#2630,#2631,#2632);
#2634=PLANE('',#2633);
#2636=ORIENTED_EDGE('',*,*,#2635,.T.);
#2638=ORIENTED_EDGE('',*,*,#2637,.T.);
#2640=ORIENTED_EDGE('',*,*,#2639,.T.);
#2642=ORIENTED_EDGE('',*,*,#2641,.T.);
#2643=EDGE_LOOP('',(#2636,#2638,#2640,#2642));
#2644=FACE_OUTER_BOUND('',#2643,.F.);
#2646=FILL_AREA_STYLE_COLOUR('',#1384);
#2647=FILL_AREA_STYLE('',(#2646));
#2648=SURFACE_STYLE_FILL_AREA(#2647);
#2649=SURFACE_SIDE_STYLE('',(#2648));
#2650=SURFACE_STYLE_USAGE(.BOTH.,#2649);
#2651=PRESENTATION_STYLE_ASSIGNMENT((#2650));
#2652=OVER_RIDING_STYLED_ITEM('',(#2651),#2645,#1385);
#2654=FILL_AREA_STYLE_COLOUR('',#164);
#2655=FILL_AREA_STYLE('',(#2654));
#2656=SURFACE_STYLE_FILL_AREA(#2655);
#2657=SURFACE_SIDE_STYLE('',(#2656));
#2658=SURFACE_STYLE_USAGE(.BOTH.,#2657);
#2659=PRESENTATION_STYLE_ASSIGNMENT((#2658));
#1385=STYLED_ITEM('',(#2659),#2653);
#2661=FILL_AREA_STYLE_COLOUR('',#164);
#2662=FILL_AREA_STYLE('',(#2661));
#2663=SURFACE_STYLE_FILL_AREA(#2662);
#2664=SURFACE_SIDE_STYLE('',(#2663));
#2665=SURFACE_STYLE_USAGE(.BOTH.,#2664);
#2666=PRESENTATION_STYLE_ASSIGNMENT((#2665));
#2667=STYLED_ITEM('',(#2666),#2660);
#2669=PRESENTATION_LAYER_ASSIGNMENT('7_ALL_FEATURES','',(#1385,#2512,#2534,
#2556,#2578,#2600,#2622,#2645));
#2670=PRESENTATION_LAYER_ASSIGNMENT('12_EXT_COPY_GEOM_FEAT','',(#1385,#2512,
#2534,#2556,#2578,#2600,#2622,#2645));
#2671=PRESENTATION_LAYER_ASSIGNMENT('.BLACK_HOLE','',(#1385,#2512,#2534,#2556,
#2578,#2600,#2622,#2645));
#2672=INVISIBILITY((#2671));
#2675=PLANE_ANGLE_MEASURE_WITH_UNIT(PLANE_ANGLE_MEASURE(1.745329251994E-2),
#2674);
#2676=(CONVERSION_BASED_UNIT('DEGREE',#2675)NAMED_UNIT(*)PLANE_ANGLE_UNIT());
#2678=UNCERTAINTY_MEASURE_WITH_UNIT(LENGTH_MEASURE(7.215321925270E-3),#2673,
'distance_accuracy_value',
'Maximum model space distance between geometric entities at asserted connectivities');
#2680=CARTESIAN_POINT('',(0.E0,0.E0,0.E0));
#2681=DIRECTION('',(0.E0,0.E0,1.E0));
#2682=DIRECTION('',(1.E0,0.E0,0.E0));
#2685=CARTESIAN_POINT('',(0.E0,0.E0,0.E0));
#2686=DIRECTION('',(0.E0,0.E0,1.E0));
#2687=DIRECTION('',(1.E0,0.E0,0.E0));
#2690=CARTESIAN_POINT('',(0.E0,0.E0,0.E0));
#2691=DIRECTION('',(0.E0,0.E0,1.E0));
#2692=DIRECTION('',(1.E0,0.E0,0.E0));
#2695=SHAPE_REPRESENTATION_RELATIONSHIP('','',#2694,#2684);
#2696=SHAPE_REPRESENTATION_RELATIONSHIP('','',#2694,#2689);
#2697=PRODUCT_CONTEXT('',#1318,'mechanical');
#2698=PRODUCT('BLACK_FILM','BLACK_FILM','NOT SPECIFIED',(#2697));
#2699=PRODUCT_DEFINITION_FORMATION('13','LAST_VERSION',#2698);
#2707=DERIVED_UNIT_ELEMENT(#2706,2.E0);
#2708=DERIVED_UNIT((#2707));
#2709=MEASURE_REPRESENTATION_ITEM('surface area measure',AREA_MEASURE(
1.629620031727E3),#2708);
#2714=DERIVED_UNIT_ELEMENT(#2713,3.E0);
#2715=DERIVED_UNIT((#2714));
#2716=MEASURE_REPRESENTATION_ITEM('volume measure',VOLUME_MEASURE(
8.064687580148E1),#2715);
#2720=CARTESIAN_POINT('centre point',(-1.455591499096E1,5.336005703864E-1,
2.697478473923E-8));
#2729=DERIVED_UNIT_ELEMENT(#2728,2.E0);
#2730=DERIVED_UNIT((#2729));
#2731=MEASURE_REPRESENTATION_ITEM('surface area measure',AREA_MEASURE(
7.784480273693E2),#2730);
#2736=DERIVED_UNIT_ELEMENT(#2735,2.E0);
#2737=DERIVED_UNIT((#2736));
#2738=MEASURE_REPRESENTATION_ITEM('surface area measure',AREA_MEASURE(
2.408068059096E3),#2737);
#2743=DERIVED_UNIT_ELEMENT(#2742,3.E0);
#2744=DERIVED_UNIT((#2743));
#2745=MEASURE_REPRESENTATION_ITEM('volume measure',VOLUME_MEASURE(
8.064687580148E1),#2744);
#2749=CARTESIAN_POINT('centre point',(-1.455591499096E1,5.336005703864E-1,
2.697478473923E-8));
#2756=CARTESIAN_POINT('centre point',(-1.455591499096E1,5.336005703864E-1,
2.697478473923E-8));
#2760=CARTESIAN_POINT('',(0.E0,0.E0,0.E0));
#2761=DIRECTION('',(0.E0,0.E0,1.E0));
#2762=DIRECTION('',(1.E0,0.E0,0.E0));
#2763=AXIS2_PLACEMENT_3D('',#2760,#2761,#2762);
#2764=ITEM_DEFINED_TRANSFORMATION('','',#2693,#2763);
#2765=(REPRESENTATION_RELATIONSHIP('','',#2694,#1369)REPRESENTATION_RELATIONSHIP_WITH_TRANSFORMATION(#2764)SHAPE_REPRESENTATION_RELATIONSHIP());
#2766=CONTEXT_DEPENDENT_SHAPE_REPRESENTATION(#2765,#2755);
#2769=CARTESIAN_POINT('',(0.E0,3.95E1,-8.4E0));
#2770=DIRECTION('',(0.E0,0.E0,1.E0));
#2771=DIRECTION('',(-1.E0,0.E0,0.E0));
#2772=AXIS2_PLACEMENT_3D('',#2769,#2770,#2771);
#2774=DIRECTION('',(0.E0,1.E0,0.E0));
#2775=VECTOR('',#2774,3.7E0);
#2776=CARTESIAN_POINT('',(-2.25E0,3.58E1,-8.4E0));
#2777=LINE('',#2776,#2775);
#2778=DIRECTION('',(1.E0,0.E0,0.E0));
#2779=VECTOR('',#2778,5.E-1);
#2780=CARTESIAN_POINT('',(-2.25E0,3.95E1,-8.4E0));
#2781=LINE('',#2780,#2779);
#2782=DIRECTION('',(0.E0,0.E0,1.E0));
#2783=VECTOR('',#2782,8.E-1);
#2784=CARTESIAN_POINT('',(-2.25E0,3.95E1,-9.2E0));
#2785=LINE('',#2784,#2783);
#2786=DIRECTION('',(-1.E0,0.E0,0.E0));
#2787=VECTOR('',#2786,5.E-1);
#2788=CARTESIAN_POINT('',(-1.75E0,3.95E1,-9.2E0));
#2789=LINE('',#2788,#2787);
#2790=DIRECTION('',(0.E0,0.E0,1.E0));
#2791=VECTOR('',#2790,8.E-1);
#2792=CARTESIAN_POINT('',(-1.75E0,3.95E1,-9.2E0));
#2793=LINE('',#2792,#2791);
#2794=DIRECTION('',(1.E0,0.E0,0.E0));
#2795=VECTOR('',#2794,5.E-1);
#2796=CARTESIAN_POINT('',(1.75E0,3.95E1,-8.4E0));
#2797=LINE('',#2796,#2795);
#2798=DIRECTION('',(0.E0,0.E0,1.E0));
#2799=VECTOR('',#2798,8.E-1);
#2800=CARTESIAN_POINT('',(1.75E0,3.95E1,-9.2E0));
#2801=LINE('',#2800,#2799);
#2802=DIRECTION('',(-1.E0,0.E0,0.E0));
#2803=VECTOR('',#2802,5.E-1);
#2804=CARTESIAN_POINT('',(2.25E0,3.95E1,-9.2E0));
#2805=LINE('',#2804,#2803);
#2806=DIRECTION('',(0.E0,0.E0,-1.E0));
#2807=VECTOR('',#2806,8.E-1);
#2808=CARTESIAN_POINT('',(2.25E0,3.95E1,-8.4E0));
#2809=LINE('',#2808,#2807);
#2810=DIRECTION('',(0.E0,1.E0,0.E0));
#2811=VECTOR('',#2810,4.5E0);
#2812=CARTESIAN_POINT('',(-2.25E0,3.5E1,-9.2E0));
#2813=LINE('',#2812,#2811);
#2814=CARTESIAN_POINT('',(0.E0,3.95E1,-9.2E0));
#2815=DIRECTION('',(0.E0,0.E0,1.E0));
#2816=DIRECTION('',(-1.E0,0.E0,0.E0));
#2817=AXIS2_PLACEMENT_3D('',#2814,#2815,#2816);
#2819=DIRECTION('',(-1.E0,0.E0,0.E0));
#2820=VECTOR('',#2819,4.5E0);
#2821=CARTESIAN_POINT('',(2.25E0,3.5E1,-9.2E0));
#2822=LINE('',#2821,#2820);
#2823=DIRECTION('',(0.E0,0.E0,1.E0));
#2824=VECTOR('',#2823,5.E0);
#2825=CARTESIAN_POINT('',(-2.25E0,3.5E1,-9.2E0));
#2826=LINE('',#2825,#2824);
#2827=CARTESIAN_POINT('',(-2.5E-1,3.5E1,-4.2E0));
#2828=DIRECTION('',(0.E0,1.E0,0.E0));
#2829=DIRECTION('',(-1.E0,0.E0,0.E0));
#2830=AXIS2_PLACEMENT_3D('',#2827,#2828,#2829);
#2832=DIRECTION('',(1.E0,0.E0,0.E0));
#2833=VECTOR('',#2832,5.E-1);
#2834=CARTESIAN_POINT('',(-2.5E-1,3.5E1,-2.2E0));
#2835=LINE('',#2834,#2833);
#2836=CARTESIAN_POINT('',(2.5E-1,3.5E1,-4.2E0));
#2837=DIRECTION('',(0.E0,1.E0,0.E0));
#2838=DIRECTION('',(0.E0,0.E0,1.E0));
#2839=AXIS2_PLACEMENT_3D('',#2836,#2837,#2838);
#2841=DIRECTION('',(0.E0,0.E0,-1.E0));
#2842=VECTOR('',#2841,5.E0);
#2843=CARTESIAN_POINT('',(2.25E0,3.5E1,-4.2E0));
#2844=LINE('',#2843,#2842);
#2845=DIRECTION('',(0.E0,1.E0,0.E0));
#2846=VECTOR('',#2845,8.E-1);
#2847=CARTESIAN_POINT('',(-2.25E0,3.5E1,-4.2E0));
#2848=LINE('',#2847,#2846);
#2849=CARTESIAN_POINT('',(0.E0,3.58E1,-4.5E0));
#2850=DIRECTION('',(0.E0,1.E0,0.E0));
#2851=DIRECTION('',(0.E0,0.E0,1.E0));
#2852=AXIS2_PLACEMENT_3D('',#2849,#2850,#2851);
#2854=CARTESIAN_POINT('',(0.E0,3.58E1,-4.5E0));
#2855=DIRECTION('',(0.E0,1.E0,0.E0));
#2856=DIRECTION('',(0.E0,0.E0,-1.E0));
#2857=AXIS2_PLACEMENT_3D('',#2854,#2855,#2856);
#2859=DIRECTION('',(1.E0,0.E0,0.E0));
#2860=VECTOR('',#2859,4.5E0);
#2861=CARTESIAN_POINT('',(-2.25E0,3.58E1,-8.4E0));
#2862=LINE('',#2861,#2860);
#2863=DIRECTION('',(0.E0,0.E0,-1.E0));
#2864=VECTOR('',#2863,4.2E0);
#2865=CARTESIAN_POINT('',(2.25E0,3.58E1,-4.2E0));
#2866=LINE('',#2865,#2864);
#2867=CARTESIAN_POINT('',(2.5E-1,3.58E1,-4.2E0));
#2868=DIRECTION('',(0.E0,1.E0,0.E0));
#2869=DIRECTION('',(0.E0,0.E0,1.E0));
#2870=AXIS2_PLACEMENT_3D('',#2867,#2868,#2869);
#2872=DIRECTION('',(1.E0,0.E0,0.E0));
#2873=VECTOR('',#2872,5.E-1);
#2874=CARTESIAN_POINT('',(-2.5E-1,3.58E1,-2.2E0));
#2875=LINE('',#2874,#2873);
#2876=CARTESIAN_POINT('',(-2.5E-1,3.58E1,-4.2E0));
#2877=DIRECTION('',(0.E0,1.E0,0.E0));
#2878=DIRECTION('',(-1.E0,0.E0,0.E0));
#2879=AXIS2_PLACEMENT_3D('',#2876,#2877,#2878);
#2881=DIRECTION('',(0.E0,0.E0,1.E0));
#2882=VECTOR('',#2881,4.2E0);
#2883=CARTESIAN_POINT('',(-2.25E0,3.58E1,-8.4E0));
#2884=LINE('',#2883,#2882);
#2885=DIRECTION('',(0.E0,1.E0,0.E0));
#2886=VECTOR('',#2885,7.E-1);
#2887=CARTESIAN_POINT('',(0.E0,3.58E1,-2.5E0));
#2888=LINE('',#2887,#2886);
#2889=DIRECTION('',(0.E0,1.E0,0.E0));
#2890=VECTOR('',#2889,7.E-1);
#2891=CARTESIAN_POINT('',(0.E0,3.58E1,-6.5E0));
#2892=LINE('',#2891,#2890);
#2893=CARTESIAN_POINT('',(0.E0,3.65E1,-4.5E0));
#2894=DIRECTION('',(0.E0,1.E0,0.E0));
#2895=DIRECTION('',(0.E0,0.E0,1.E0));
#2896=AXIS2_PLACEMENT_3D('',#2893,#2894,#2895);
#2898=CARTESIAN_POINT('',(0.E0,3.65E1,-4.5E0));
#2899=DIRECTION('',(0.E0,1.E0,0.E0));
#2900=DIRECTION('',(0.E0,0.E0,-1.E0));
#2901=AXIS2_PLACEMENT_3D('',#2898,#2899,#2900);
#2903=DIRECTION('',(0.E0,1.E0,0.E0));
#2904=VECTOR('',#2903,3.7E0);
#2905=CARTESIAN_POINT('',(2.25E0,3.58E1,-8.4E0));
#2906=LINE('',#2905,#2904);
#2907=DIRECTION('',(0.E0,-1.E0,0.E0));
#2908=VECTOR('',#2907,4.5E0);
#2909=CARTESIAN_POINT('',(2.25E0,3.95E1,-9.2E0));
#2910=LINE('',#2909,#2908);
#2911=DIRECTION('',(0.E0,1.E0,0.E0));
#2912=VECTOR('',#2911,8.E-1);
#2913=CARTESIAN_POINT('',(2.25E0,3.5E1,-4.2E0));
#2914=LINE('',#2913,#2912);
#2915=DIRECTION('',(0.E0,1.E0,0.E0));
#2916=VECTOR('',#2915,8.E-1);
#2917=CARTESIAN_POINT('',(2.5E-1,3.5E1,-2.2E0));
#2918=LINE('',#2917,#2916);
#2919=DIRECTION('',(0.E0,1.E0,0.E0));
#2920=VECTOR('',#2919,8.E-1);
#2921=CARTESIAN_POINT('',(-2.5E-1,3.5E1,-2.2E0));
#2922=LINE('',#2921,#2920);
#2923=CARTESIAN_POINT('',(2.25E0,3.5E1,-9.2E0));
#2924=CARTESIAN_POINT('',(-2.25E0,3.5E1,-9.2E0));
#2925=VERTEX_POINT('',#2923);
#2926=VERTEX_POINT('',#2924);
#2927=CARTESIAN_POINT('',(-2.25E0,3.5E1,-4.2E0));
#2928=VERTEX_POINT('',#2927);
#2929=CARTESIAN_POINT('',(-2.5E-1,3.5E1,-2.2E0));
#2930=VERTEX_POINT('',#2929);
#2931=CARTESIAN_POINT('',(2.5E-1,3.5E1,-2.2E0));
#2932=VERTEX_POINT('',#2931);
#2933=CARTESIAN_POINT('',(2.25E0,3.5E1,-4.2E0));
#2934=VERTEX_POINT('',#2933);
#2935=CARTESIAN_POINT('',(-2.25E0,3.58E1,-4.2E0));
#2936=CARTESIAN_POINT('',(-2.5E-1,3.58E1,-2.2E0));
#2937=VERTEX_POINT('',#2935);
#2938=VERTEX_POINT('',#2936);
#2939=CARTESIAN_POINT('',(2.5E-1,3.58E1,-2.2E0));
#2940=VERTEX_POINT('',#2939);
#2941=CARTESIAN_POINT('',(2.25E0,3.58E1,-4.2E0));
#2942=VERTEX_POINT('',#2941);
#2943=CARTESIAN_POINT('',(0.E0,3.65E1,-2.5E0));
#2944=CARTESIAN_POINT('',(0.E0,3.65E1,-6.5E0));
#2945=VERTEX_POINT('',#2943);
#2946=VERTEX_POINT('',#2944);
#2947=CARTESIAN_POINT('',(0.E0,3.58E1,-2.5E0));
#2948=CARTESIAN_POINT('',(0.E0,3.58E1,-6.5E0));
#2949=VERTEX_POINT('',#2947);
#2950=VERTEX_POINT('',#2948);
#2951=CARTESIAN_POINT('',(-2.25E0,3.95E1,-9.2E0));
#2952=CARTESIAN_POINT('',(-2.25E0,3.95E1,-8.4E0));
#2953=VERTEX_POINT('',#2951);
#2954=VERTEX_POINT('',#2952);
#2955=CARTESIAN_POINT('',(2.25E0,3.95E1,-8.4E0));
#2956=CARTESIAN_POINT('',(2.25E0,3.95E1,-9.2E0));
#2957=VERTEX_POINT('',#2955);
#2958=VERTEX_POINT('',#2956);
#2959=CARTESIAN_POINT('',(-2.25E0,3.58E1,-8.4E0));
#2960=CARTESIAN_POINT('',(2.25E0,3.58E1,-8.4E0));
#2961=VERTEX_POINT('',#2959);
#2962=VERTEX_POINT('',#2960);
#2963=CARTESIAN_POINT('',(-1.75E0,3.95E1,-8.4E0));
#2964=CARTESIAN_POINT('',(1.75E0,3.95E1,-8.4E0));
#2965=VERTEX_POINT('',#2963);
#2966=VERTEX_POINT('',#2964);
#2967=CARTESIAN_POINT('',(-1.75E0,3.95E1,-9.2E0));
#2968=CARTESIAN_POINT('',(1.75E0,3.95E1,-9.2E0));
#2969=VERTEX_POINT('',#2967);
#2970=VERTEX_POINT('',#2968);
#2971=CARTESIAN_POINT('',(0.E0,3.95E1,-8.4E0));
#2972=DIRECTION('',(0.E0,0.E0,1.E0));
#2973=DIRECTION('',(1.E0,0.E0,0.E0));
#2974=AXIS2_PLACEMENT_3D('',#2971,#2972,#2973);
#2975=CYLINDRICAL_SURFACE('',#2974,1.75E0);
#2977=ORIENTED_EDGE('',*,*,#2976,.F.);
#2979=ORIENTED_EDGE('',*,*,#2978,.F.);
#2981=ORIENTED_EDGE('',*,*,#2980,.T.);
#2983=ORIENTED_EDGE('',*,*,#2982,.T.);
#2984=EDGE_LOOP('',(#2977,#2979,#2981,#2983));
#2985=FACE_OUTER_BOUND('',#2984,.F.);
#2987=FILL_AREA_STYLE_COLOUR('',#2768);
#2988=FILL_AREA_STYLE('',(#2987));
#2989=SURFACE_STYLE_FILL_AREA(#2988);
#2990=SURFACE_SIDE_STYLE('',(#2989));
#2991=SURFACE_STYLE_USAGE(.POSITIVE.,#2990);
#2992=PRESENTATION_STYLE_ASSIGNMENT((#2991));
#2993=STYLED_ITEM('',(#2992),#2986);
#2994=CARTESIAN_POINT('',(-2.25E0,3.58E1,-8.4E0));
#2995=DIRECTION('',(0.E0,0.E0,1.E0));
#2996=DIRECTION('',(1.E0,0.E0,0.E0));
#2997=AXIS2_PLACEMENT_3D('',#2994,#2995,#2996);
#2998=PLANE('',#2997);
#2999=ORIENTED_EDGE('',*,*,#2976,.T.);
#3001=ORIENTED_EDGE('',*,*,#3000,.T.);
#3003=ORIENTED_EDGE('',*,*,#3002,.F.);
#3005=ORIENTED_EDGE('',*,*,#3004,.F.);
#3007=ORIENTED_EDGE('',*,*,#3006,.T.);
#3009=ORIENTED_EDGE('',*,*,#3008,.T.);
#3010=EDGE_LOOP('',(#2999,#3001,#3003,#3005,#3007,#3009));
#3011=FACE_OUTER_BOUND('',#3010,.F.);
#3013=FILL_AREA_STYLE_COLOUR('',#2768);
#3014=FILL_AREA_STYLE('',(#3013));
#3015=SURFACE_STYLE_FILL_AREA(#3014);
#3016=SURFACE_SIDE_STYLE('',(#3015));
#3017=SURFACE_STYLE_USAGE(.POSITIVE.,#3016);
#3018=PRESENTATION_STYLE_ASSIGNMENT((#3017));
#3019=STYLED_ITEM('',(#3018),#3012);
#3020=CARTESIAN_POINT('',(0.E0,3.95E1,0.E0));
#3021=DIRECTION('',(0.E0,1.E0,0.E0));
#3022=DIRECTION('',(0.E0,0.E0,1.E0));
#3023=AXIS2_PLACEMENT_3D('',#3020,#3021,#3022);
#3024=PLANE('',#3023);
#3025=ORIENTED_EDGE('',*,*,#3008,.F.);
#3027=ORIENTED_EDGE('',*,*,#3026,.F.);
#3029=ORIENTED_EDGE('',*,*,#3028,.F.);
#3030=ORIENTED_EDGE('',*,*,#2978,.T.);
#3031=EDGE_LOOP('',(#3025,#3027,#3029,#3030));
#3032=FACE_OUTER_BOUND('',#3031,.F.);
#3034=FILL_AREA_STYLE_COLOUR('',#2768);
#3035=FILL_AREA_STYLE('',(#3034));
#3036=SURFACE_STYLE_FILL_AREA(#3035);
#3037=SURFACE_SIDE_STYLE('',(#3036));
#3038=SURFACE_STYLE_USAGE(.POSITIVE.,#3037);
#3039=PRESENTATION_STYLE_ASSIGNMENT((#3038));
#3040=STYLED_ITEM('',(#3039),#3033);
#3041=CARTESIAN_POINT('',(0.E0,3.95E1,0.E0));
#3042=DIRECTION('',(0.E0,1.E0,0.E0));
#3043=DIRECTION('',(0.E0,0.E0,1.E0));
#3044=AXIS2_PLACEMENT_3D('',#3041,#3042,#3043);
#3045=PLANE('',#3044);
#3046=ORIENTED_EDGE('',*,*,#3000,.F.);
#3047=ORIENTED_EDGE('',*,*,#2982,.F.);
#3049=ORIENTED_EDGE('',*,*,#3048,.F.);
#3051=ORIENTED_EDGE('',*,*,#3050,.F.);
#3052=EDGE_LOOP('',(#3046,#3047,#3049,#3051));
#3053=FACE_OUTER_BOUND('',#3052,.F.);
#3055=FILL_AREA_STYLE_COLOUR('',#2768);
#3056=FILL_AREA_STYLE('',(#3055));
#3057=SURFACE_STYLE_FILL_AREA(#3056);
#3058=SURFACE_SIDE_STYLE('',(#3057));
#3059=SURFACE_STYLE_USAGE(.POSITIVE.,#3058);
#3060=PRESENTATION_STYLE_ASSIGNMENT((#3059));
#3061=STYLED_ITEM('',(#3060),#3054);
#3062=CARTESIAN_POINT('',(-2.25E0,3.5E1,-9.2E0));
#3063=DIRECTION('',(-1.E0,0.E0,0.E0));
#3064=DIRECTION('',(0.E0,0.E0,1.E0));
#3065=AXIS2_PLACEMENT_3D('',#3062,#3063,#3064);
#3066=PLANE('',#3065);
#3068=ORIENTED_EDGE('',*,*,#3067,.T.);
#3069=ORIENTED_EDGE('',*,*,#3026,.T.);
#3070=ORIENTED_EDGE('',*,*,#3006,.F.);
#3072=ORIENTED_EDGE('',*,*,#3071,.T.);
#3074=ORIENTED_EDGE('',*,*,#3073,.F.);
#3076=ORIENTED_EDGE('',*,*,#3075,.F.);
#3077=EDGE_LOOP('',(#3068,#3069,#3070,#3072,#3074,#3076));
#3078=FACE_OUTER_BOUND('',#3077,.F.);
#3080=FILL_AREA_STYLE_COLOUR('',#2768);
#3081=FILL_AREA_STYLE('',(#3080));
#3082=SURFACE_STYLE_FILL_AREA(#3081);
#3083=SURFACE_SIDE_STYLE('',(#3082));
#3084=SURFACE_STYLE_USAGE(.POSITIVE.,#3083);
#3085=PRESENTATION_STYLE_ASSIGNMENT((#3084));
#3086=STYLED_ITEM('',(#3085),#3079);
#3087=CARTESIAN_POINT('',(2.25E0,3.5E1,-9.2E0));
#3088=DIRECTION('',(0.E0,0.E0,-1.E0));
#3089=DIRECTION('',(-1.E0,0.E0,0.E0));
#3090=AXIS2_PLACEMENT_3D('',#3087,#3088,#3089);
#3091=PLANE('',#3090);
#3092=ORIENTED_EDGE('',*,*,#2980,.F.);
#3093=ORIENTED_EDGE('',*,*,#3028,.T.);
#3094=ORIENTED_EDGE('',*,*,#3067,.F.);
#3096=ORIENTED_EDGE('',*,*,#3095,.F.);
#3098=ORIENTED_EDGE('',*,*,#3097,.F.);
#3099=ORIENTED_EDGE('',*,*,#3048,.T.);
#3100=EDGE_LOOP('',(#3092,#3093,#3094,#3096,#3098,#3099));
#3101=FACE_OUTER_BOUND('',#3100,.F.);
#3103=FILL_AREA_STYLE_COLOUR('',#2768);
#3104=FILL_AREA_STYLE('',(#3103));
#3105=SURFACE_STYLE_FILL_AREA(#3104);
#3106=SURFACE_SIDE_STYLE('',(#3105));
#3107=SURFACE_STYLE_USAGE(.POSITIVE.,#3106);
#3108=PRESENTATION_STYLE_ASSIGNMENT((#3107));
#3109=STYLED_ITEM('',(#3108),#3102);
#3110=CARTESIAN_POINT('',(0.E0,3.5E1,0.E0));
#3111=DIRECTION('',(0.E0,1.E0,0.E0));
#3112=DIRECTION('',(0.E0,0.E0,1.E0));
#3113=AXIS2_PLACEMENT_3D('',#3110,#3111,#3112);
#3114=PLANE('',#3113);
#3115=ORIENTED_EDGE('',*,*,#3095,.T.);
#3116=ORIENTED_EDGE('',*,*,#3075,.T.);
#3118=ORIENTED_EDGE('',*,*,#3117,.T.);
#3120=ORIENTED_EDGE('',*,*,#3119,.T.);
#3122=ORIENTED_EDGE('',*,*,#3121,.T.);
#3124=ORIENTED_EDGE('',*,*,#3123,.T.);
#3125=EDGE_LOOP('',(#3115,#3116,#3118,#3120,#3122,#3124));
#3126=FACE_OUTER_BOUND('',#3125,.F.);
#3128=FILL_AREA_STYLE_COLOUR('',#2768);
#3129=FILL_AREA_STYLE('',(#3128));
#3130=SURFACE_STYLE_FILL_AREA(#3129);
#3131=SURFACE_SIDE_STYLE('',(#3130));
#3132=SURFACE_STYLE_USAGE(.POSITIVE.,#3131);
#3133=PRESENTATION_STYLE_ASSIGNMENT((#3132));
#3134=STYLED_ITEM('',(#3133),#3127);
#3135=CARTESIAN_POINT('',(-2.5E-1,3.5E1,-4.2E0));
#3136=DIRECTION('',(0.E0,1.E0,0.E0));
#3137=DIRECTION('',(0.E0,0.E0,1.E0));
#3138=AXIS2_PLACEMENT_3D('',#3135,#3136,#3137);
#3139=CYLINDRICAL_SURFACE('',#3138,2.E0);
#3140=ORIENTED_EDGE('',*,*,#3117,.F.);
#3141=ORIENTED_EDGE('',*,*,#3073,.T.);
#3143=ORIENTED_EDGE('',*,*,#3142,.T.);
#3145=ORIENTED_EDGE('',*,*,#3144,.F.);
#3146=EDGE_LOOP('',(#3140,#3141,#3143,#3145));
#3147=FACE_OUTER_BOUND('',#3146,.F.);
#3149=FILL_AREA_STYLE_COLOUR('',#2768);
#3150=FILL_AREA_STYLE('',(#3149));
#3151=SURFACE_STYLE_FILL_AREA(#3150);
#3152=SURFACE_SIDE_STYLE('',(#3151));
#3153=SURFACE_STYLE_USAGE(.POSITIVE.,#3152);
#3154=PRESENTATION_STYLE_ASSIGNMENT((#3153));
#3155=STYLED_ITEM('',(#3154),#3148);
#3156=CARTESIAN_POINT('',(0.E0,3.58E1,0.E0));
#3157=DIRECTION('',(0.E0,1.E0,0.E0));
#3158=DIRECTION('',(0.E0,0.E0,1.E0));
#3159=AXIS2_PLACEMENT_3D('',#3156,#3157,#3158);
#3160=PLANE('',#3159);
#3161=ORIENTED_EDGE('',*,*,#3004,.T.);
#3163=ORIENTED_EDGE('',*,*,#3162,.F.);
#3165=ORIENTED_EDGE('',*,*,#3164,.F.);
#3167=ORIENTED_EDGE('',*,*,#3166,.F.);
#3168=ORIENTED_EDGE('',*,*,#3142,.F.);
#3169=ORIENTED_EDGE('',*,*,#3071,.F.);
#3170=EDGE_LOOP('',(#3161,#3163,#3165,#3167,#3168,#3169));
#3171=FACE_OUTER_BOUND('',#3170,.F.);
#3173=ORIENTED_EDGE('',*,*,#3172,.T.);
#3175=ORIENTED_EDGE('',*,*,#3174,.T.);
#3176=EDGE_LOOP('',(#3173,#3175));
#3177=FACE_BOUND('',#3176,.F.);
#3179=FILL_AREA_STYLE_COLOUR('',#2768);
#3180=FILL_AREA_STYLE('',(#3179));
#3181=SURFACE_STYLE_FILL_AREA(#3180);
#3182=SURFACE_SIDE_STYLE('',(#3181));
#3183=SURFACE_STYLE_USAGE(.POSITIVE.,#3182);
#3184=PRESENTATION_STYLE_ASSIGNMENT((#3183));
#3185=STYLED_ITEM('',(#3184),#3178);
#3186=CARTESIAN_POINT('',(0.E0,3.58E1,-4.5E0));
#3187=DIRECTION('',(0.E0,1.E0,0.E0));
#3188=DIRECTION('',(0.E0,0.E0,1.E0));
#3189=AXIS2_PLACEMENT_3D('',#3186,#3187,#3188);
#3190=CYLINDRICAL_SURFACE('',#3189,2.E0);
#3191=ORIENTED_EDGE('',*,*,#3172,.F.);
#3193=ORIENTED_EDGE('',*,*,#3192,.T.);
#3195=ORIENTED_EDGE('',*,*,#3194,.T.);
#3197=ORIENTED_EDGE('',*,*,#3196,.F.);
#3198=EDGE_LOOP('',(#3191,#3193,#3195,#3197));
#3199=FACE_OUTER_BOUND('',#3198,.F.);
#3201=FILL_AREA_STYLE_COLOUR('',#2768);
#3202=FILL_AREA_STYLE('',(#3201));
#3203=SURFACE_STYLE_FILL_AREA(#3202);
#3204=SURFACE_SIDE_STYLE('',(#3203));
#3205=SURFACE_STYLE_USAGE(.POSITIVE.,#3204);
#3206=PRESENTATION_STYLE_ASSIGNMENT((#3205));
#3207=STYLED_ITEM('',(#3206),#3200);
#3208=CARTESIAN_POINT('',(0.E0,3.58E1,-4.5E0));
#3209=DIRECTION('',(0.E0,1.E0,0.E0));
#3210=DIRECTION('',(0.E0,0.E0,1.E0));
#3211=AXIS2_PLACEMENT_3D('',#3208,#3209,#3210);
#3212=CYLINDRICAL_SURFACE('',#3211,2.E0);
#3213=ORIENTED_EDGE('',*,*,#3174,.F.);
#3214=ORIENTED_EDGE('',*,*,#3196,.T.);
#3216=ORIENTED_EDGE('',*,*,#3215,.T.);
#3217=ORIENTED_EDGE('',*,*,#3192,.F.);
#3218=EDGE_LOOP('',(#3213,#3214,#3216,#3217));
#3219=FACE_OUTER_BOUND('',#3218,.F.);
#3221=FILL_AREA_STYLE_COLOUR('',#2768);
#3222=FILL_AREA_STYLE('',(#3221));
#3223=SURFACE_STYLE_FILL_AREA(#3222);
#3224=SURFACE_SIDE_STYLE('',(#3223));
#3225=SURFACE_STYLE_USAGE(.POSITIVE.,#3224);
#3226=PRESENTATION_STYLE_ASSIGNMENT((#3225));
#3227=STYLED_ITEM('',(#3226),#3220);
#3228=CARTESIAN_POINT('',(0.E0,3.65E1,0.E0));
#3229=DIRECTION('',(0.E0,1.E0,0.E0));
#3230=DIRECTION('',(0.E0,0.E0,1.E0));
#3231=AXIS2_PLACEMENT_3D('',#3228,#3229,#3230);
#3232=PLANE('',#3231);
#3233=ORIENTED_EDGE('',*,*,#3194,.F.);
#3234=ORIENTED_EDGE('',*,*,#3215,.F.);
#3235=EDGE_LOOP('',(#3233,#3234));
#3236=FACE_OUTER_BOUND('',#3235,.F.);
#3238=FILL_AREA_STYLE_COLOUR('',#2768);
#3239=FILL_AREA_STYLE('',(#3238));
#3240=SURFACE_STYLE_FILL_AREA(#3239);
#3241=SURFACE_SIDE_STYLE('',(#3240));
#3242=SURFACE_STYLE_USAGE(.POSITIVE.,#3241);
#3243=PRESENTATION_STYLE_ASSIGNMENT((#3242));
#3244=STYLED_ITEM('',(#3243),#3237);
#3245=CARTESIAN_POINT('',(2.25E0,3.5E1,-4.2E0));
#3246=DIRECTION('',(1.E0,0.E0,0.E0));
#3247=DIRECTION('',(0.E0,0.E0,-1.E0));
#3248=AXIS2_PLACEMENT_3D('',#3245,#3246,#3247);
#3249=PLANE('',#3248);
#3250=ORIENTED_EDGE('',*,*,#3162,.T.);
#3251=ORIENTED_EDGE('',*,*,#3002,.T.);
#3252=ORIENTED_EDGE('',*,*,#3050,.T.);
#3253=ORIENTED_EDGE('',*,*,#3097,.T.);
#3254=ORIENTED_EDGE('',*,*,#3123,.F.);
#3256=ORIENTED_EDGE('',*,*,#3255,.T.);
#3257=EDGE_LOOP('',(#3250,#3251,#3252,#3253,#3254,#3256));
#3258=FACE_OUTER_BOUND('',#3257,.F.);
#3260=FILL_AREA_STYLE_COLOUR('',#2768);
#3261=FILL_AREA_STYLE('',(#3260));
#3262=SURFACE_STYLE_FILL_AREA(#3261);
#3263=SURFACE_SIDE_STYLE('',(#3262));
#3264=SURFACE_STYLE_USAGE(.POSITIVE.,#3263);
#3265=PRESENTATION_STYLE_ASSIGNMENT((#3264));
#3266=STYLED_ITEM('',(#3265),#3259);
#3267=CARTESIAN_POINT('',(2.5E-1,3.5E1,-4.2E0));
#3268=DIRECTION('',(0.E0,1.E0,0.E0));
#3269=DIRECTION('',(0.E0,0.E0,1.E0));
#3270=AXIS2_PLACEMENT_3D('',#3267,#3268,#3269);
#3271=CYLINDRICAL_SURFACE('',#3270,2.E0);
#3272=ORIENTED_EDGE('',*,*,#3121,.F.);
#3274=ORIENTED_EDGE('',*,*,#3273,.T.);
#3275=ORIENTED_EDGE('',*,*,#3164,.T.);
#3276=ORIENTED_EDGE('',*,*,#3255,.F.);
#3277=EDGE_LOOP('',(#3272,#3274,#3275,#3276));
#3278=FACE_OUTER_BOUND('',#3277,.F.);
#3280=FILL_AREA_STYLE_COLOUR('',#2768);
#3281=FILL_AREA_STYLE('',(#3280));
#3282=SURFACE_STYLE_FILL_AREA(#3281);
#3283=SURFACE_SIDE_STYLE('',(#3282));
#3284=SURFACE_STYLE_USAGE(.POSITIVE.,#3283);
#3285=PRESENTATION_STYLE_ASSIGNMENT((#3284));
#3286=STYLED_ITEM('',(#3285),#3279);
#3287=CARTESIAN_POINT('',(-2.5E-1,3.5E1,-2.2E0));
#3288=DIRECTION('',(0.E0,0.E0,1.E0));
#3289=DIRECTION('',(1.E0,0.E0,0.E0));
#3290=AXIS2_PLACEMENT_3D('',#3287,#3288,#3289);
#3291=PLANE('',#3290);
#3292=ORIENTED_EDGE('',*,*,#3119,.F.);
#3293=ORIENTED_EDGE('',*,*,#3144,.T.);
#3294=ORIENTED_EDGE('',*,*,#3166,.T.);
#3295=ORIENTED_EDGE('',*,*,#3273,.F.);
#3296=EDGE_LOOP('',(#3292,#3293,#3294,#3295));
#3297=FACE_OUTER_BOUND('',#3296,.F.);
#3299=FILL_AREA_STYLE_COLOUR('',#2768);
#3300=FILL_AREA_STYLE('',(#3299));
#3301=SURFACE_STYLE_FILL_AREA(#3300);
#3302=SURFACE_SIDE_STYLE('',(#3301));
#3303=SURFACE_STYLE_USAGE(.POSITIVE.,#3302);
#3304=PRESENTATION_STYLE_ASSIGNMENT((#3303));
#3305=STYLED_ITEM('',(#3304),#3298);
#3308=CARTESIAN_POINT('',(-3.4E0,3.95E1,5.E0));
#3309=DIRECTION('',(1.E0,0.E0,0.E0));
#3310=DIRECTION('',(0.E0,0.E0,1.E0));
#3311=AXIS2_PLACEMENT_3D('',#3308,#3309,#3310);
#3313=DIRECTION('',(0.E0,1.E0,0.E0));
#3314=VECTOR('',#3313,3.7E0);
#3315=CARTESIAN_POINT('',(-3.4E0,3.58E1,7.25E0));
#3316=LINE('',#3315,#3314);
#3317=DIRECTION('',(0.E0,0.E0,-1.E0));
#3318=VECTOR('',#3317,5.E-1);
#3319=CARTESIAN_POINT('',(-3.4E0,3.95E1,7.25E0));
#3320=LINE('',#3319,#3318);
#3321=DIRECTION('',(1.E0,0.E0,0.E0));
#3322=VECTOR('',#3321,8.E-1);
#3323=CARTESIAN_POINT('',(-4.2E0,3.95E1,7.25E0));
#3324=LINE('',#3323,#3322);
#3325=DIRECTION('',(0.E0,0.E0,1.E0));
#3326=VECTOR('',#3325,5.E-1);
#3327=CARTESIAN_POINT('',(-4.2E0,3.95E1,6.75E0));
#3328=LINE('',#3327,#3326);
#3329=DIRECTION('',(1.E0,0.E0,0.E0));
#3330=VECTOR('',#3329,8.E-1);
#3331=CARTESIAN_POINT('',(-4.2E0,3.95E1,6.75E0));
#3332=LINE('',#3331,#3330);
#3333=DIRECTION('',(0.E0,0.E0,-1.E0));
#3334=VECTOR('',#3333,5.E-1);
#3335=CARTESIAN_POINT('',(-3.4E0,3.95E1,3.25E0));
#3336=LINE('',#3335,#3334);
#3337=DIRECTION('',(1.E0,0.E0,0.E0));
#3338=VECTOR('',#3337,8.E-1);
#3339=CARTESIAN_POINT('',(-4.2E0,3.95E1,3.25E0));
#3340=LINE('',#3339,#3338);
#3341=DIRECTION('',(0.E0,0.E0,1.E0));
#3342=VECTOR('',#3341,5.E-1);
#3343=CARTESIAN_POINT('',(-4.2E0,3.95E1,2.75E0));
#3344=LINE('',#3343,#3342);
#3345=DIRECTION('',(-1.E0,0.E0,0.E0));
#3346=VECTOR('',#3345,8.E-1);
#3347=CARTESIAN_POINT('',(-3.4E0,3.95E1,2.75E0));
#3348=LINE('',#3347,#3346);
#3349=DIRECTION('',(0.E0,1.E0,0.E0));
#3350=VECTOR('',#3349,4.5E0);
#3351=CARTESIAN_POINT('',(-4.2E0,3.5E1,7.25E0));
#3352=LINE('',#3351,#3350);
#3353=CARTESIAN_POINT('',(-4.2E0,3.95E1,5.E0));
#3354=DIRECTION('',(1.E0,0.E0,0.E0));
#3355=DIRECTION('',(0.E0,0.E0,1.E0));
#3356=AXIS2_PLACEMENT_3D('',#3353,#3354,#3355);
#3358=DIRECTION('',(0.E0,1.E0,0.E0));
#3359=VECTOR('',#3358,4.5E0);
#3360=CARTESIAN_POINT('',(-4.2E0,3.5E1,2.75E0));
#3361=LINE('',#3360,#3359);
#3362=CARTESIAN_POINT('',(8.E-1,3.5E1,4.75E0));
#3363=DIRECTION('',(0.E0,1.E0,0.E0));
#3364=DIRECTION('',(1.E0,0.E0,0.E0));
#3365=AXIS2_PLACEMENT_3D('',#3362,#3363,#3364);
#3367=DIRECTION('',(-1.E0,0.E0,0.E0));
#3368=VECTOR('',#3367,5.E0);
#3369=CARTESIAN_POINT('',(8.E-1,3.5E1,2.75E0));
#3370=LINE('',#3369,#3368);
#3371=DIRECTION('',(0.E0,0.E0,1.E0));
#3372=VECTOR('',#3371,4.5E0);
#3373=CARTESIAN_POINT('',(-4.2E0,3.5E1,2.75E0));
#3374=LINE('',#3373,#3372);
#3375=DIRECTION('',(1.E0,0.E0,0.E0));
#3376=VECTOR('',#3375,5.E0);
#3377=CARTESIAN_POINT('',(-4.2E0,3.5E1,7.25E0));
#3378=LINE('',#3377,#3376);
#3379=CARTESIAN_POINT('',(8.E-1,3.5E1,5.25E0));
#3380=DIRECTION('',(0.E0,1.E0,0.E0));
#3381=DIRECTION('',(0.E0,0.E0,1.E0));
#3382=AXIS2_PLACEMENT_3D('',#3379,#3380,#3381);
#3384=DIRECTION('',(0.E0,0.E0,-1.E0));
#3385=VECTOR('',#3384,5.E-1);
#3386=CARTESIAN_POINT('',(2.8E0,3.5E1,5.25E0));
#3387=LINE('',#3386,#3385);
#3388=DIRECTION('',(0.E0,1.E0,0.E0));
#3389=VECTOR('',#3388,8.E-1);
#3390=CARTESIAN_POINT('',(2.8E0,3.5E1,4.75E0));
#3391=LINE('',#3390,#3389);
#3392=DIRECTION('',(0.E0,1.E0,0.E0));
#3393=VECTOR('',#3392,8.E-1);
#3394=CARTESIAN_POINT('',(2.8E0,3.5E1,5.25E0));
#3395=LINE('',#3394,#3393);
#3396=DIRECTION('',(0.E0,1.E0,0.E0));
#3397=VECTOR('',#3396,8.E-1);
#3398=CARTESIAN_POINT('',(8.E-1,3.5E1,7.25E0));
#3399=LINE('',#3398,#3397);
#3400=CARTESIAN_POINT('',(0.E0,3.58E1,5.E0));
#3401=DIRECTION('',(0.E0,1.E0,0.E0));
#3402=DIRECTION('',(0.E0,0.E0,1.E0));
#3403=AXIS2_PLACEMENT_3D('',#3400,#3401,#3402);
#3405=CARTESIAN_POINT('',(0.E0,3.58E1,5.E0));
#3406=DIRECTION('',(0.E0,1.E0,0.E0));
#3407=DIRECTION('',(0.E0,0.E0,-1.E0));
#3408=AXIS2_PLACEMENT_3D('',#3405,#3406,#3407);
#3410=DIRECTION('',(0.E0,0.E0,1.E0));
#3411=VECTOR('',#3410,4.5E0);
#3412=CARTESIAN_POINT('',(-3.4E0,3.58E1,2.75E0));
#3413=LINE('',#3412,#3411);
#3414=DIRECTION('',(-1.E0,0.E0,0.E0));
#3415=VECTOR('',#3414,4.2E0);
#3416=CARTESIAN_POINT('',(8.E-1,3.58E1,2.75E0));
#3417=LINE('',#3416,#3415);
#3418=CARTESIAN_POINT('',(8.E-1,3.58E1,4.75E0));
#3419=DIRECTION('',(0.E0,1.E0,0.E0));
#3420=DIRECTION('',(1.E0,0.E0,0.E0));
#3421=AXIS2_PLACEMENT_3D('',#3418,#3419,#3420);
#3423=DIRECTION('',(0.E0,0.E0,-1.E0));
#3424=VECTOR('',#3423,5.E-1);
#3425=CARTESIAN_POINT('',(2.8E0,3.58E1,5.25E0));
#3426=LINE('',#3425,#3424);
#3427=CARTESIAN_POINT('',(8.E-1,3.58E1,5.25E0));
#3428=DIRECTION('',(0.E0,1.E0,0.E0));
#3429=DIRECTION('',(0.E0,0.E0,1.E0));
#3430=AXIS2_PLACEMENT_3D('',#3427,#3428,#3429);
#3432=DIRECTION('',(1.E0,0.E0,0.E0));
#3433=VECTOR('',#3432,4.2E0);
#3434=CARTESIAN_POINT('',(-3.4E0,3.58E1,7.25E0));
#3435=LINE('',#3434,#3433);
#3436=DIRECTION('',(0.E0,1.E0,0.E0));
#3437=VECTOR('',#3436,7.E-1);
#3438=CARTESIAN_POINT('',(0.E0,3.58E1,7.E0));
#3439=LINE('',#3438,#3437);
#3440=DIRECTION('',(0.E0,1.E0,0.E0));
#3441=VECTOR('',#3440,7.E-1);
#3442=CARTESIAN_POINT('',(0.E0,3.58E1,3.E0));
#3443=LINE('',#3442,#3441);
#3444=CARTESIAN_POINT('',(0.E0,3.65E1,5.E0));
#3445=DIRECTION('',(0.E0,1.E0,0.E0));
#3446=DIRECTION('',(0.E0,0.E0,1.E0));
#3447=AXIS2_PLACEMENT_3D('',#3444,#3445,#3446);
#3449=CARTESIAN_POINT('',(0.E0,3.65E1,5.E0));
#3450=DIRECTION('',(0.E0,1.E0,0.E0));
#3451=DIRECTION('',(0.E0,0.E0,-1.E0));
#3452=AXIS2_PLACEMENT_3D('',#3449,#3450,#3451);
#3454=DIRECTION('',(0.E0,1.E0,0.E0));
#3455=VECTOR('',#3454,3.7E0);
#3456=CARTESIAN_POINT('',(-3.4E0,3.58E1,2.75E0));
#3457=LINE('',#3456,#3455);
#3458=DIRECTION('',(0.E0,1.E0,0.E0));
#3459=VECTOR('',#3458,8.E-1);
#3460=CARTESIAN_POINT('',(8.E-1,3.5E1,2.75E0));
#3461=LINE('',#3460,#3459);
#3462=CARTESIAN_POINT('',(8.E-1,3.5E1,2.75E0));
#3463=CARTESIAN_POINT('',(-4.2E0,3.5E1,2.75E0));
#3464=VERTEX_POINT('',#3462);
#3465=VERTEX_POINT('',#3463);
#3466=CARTESIAN_POINT('',(-4.2E0,3.5E1,7.25E0));
#3467=VERTEX_POINT('',#3466);
#3468=CARTESIAN_POINT('',(8.E-1,3.5E1,7.25E0));
#3469=VERTEX_POINT('',#3468);
#3470=CARTESIAN_POINT('',(2.8E0,3.5E1,5.25E0));
#3471=CARTESIAN_POINT('',(2.8E0,3.5E1,4.75E0));
#3472=VERTEX_POINT('',#3470);
#3473=VERTEX_POINT('',#3471);
#3474=CARTESIAN_POINT('',(2.8E0,3.58E1,5.25E0));
#3475=CARTESIAN_POINT('',(2.8E0,3.58E1,4.75E0));
#3476=VERTEX_POINT('',#3474);
#3477=VERTEX_POINT('',#3475);
#3478=CARTESIAN_POINT('',(8.E-1,3.58E1,2.75E0));
#3479=VERTEX_POINT('',#3478);
#3480=CARTESIAN_POINT('',(8.E-1,3.58E1,7.25E0));
#3481=VERTEX_POINT('',#3480);
#3482=CARTESIAN_POINT('',(0.E0,3.65E1,7.E0));
#3483=CARTESIAN_POINT('',(0.E0,3.65E1,3.E0));
#3484=VERTEX_POINT('',#3482);
#3485=VERTEX_POINT('',#3483);
#3486=CARTESIAN_POINT('',(0.E0,3.58E1,7.E0));
#3487=CARTESIAN_POINT('',(0.E0,3.58E1,3.E0));
#3488=VERTEX_POINT('',#3486);
#3489=VERTEX_POINT('',#3487);
#3490=CARTESIAN_POINT('',(-3.4E0,3.95E1,2.75E0));
#3491=CARTESIAN_POINT('',(-4.2E0,3.95E1,2.75E0));
#3492=VERTEX_POINT('',#3490);
#3493=VERTEX_POINT('',#3491);
#3494=CARTESIAN_POINT('',(-4.2E0,3.95E1,7.25E0));
#3495=CARTESIAN_POINT('',(-3.4E0,3.95E1,7.25E0));
#3496=VERTEX_POINT('',#3494);
#3497=VERTEX_POINT('',#3495);
#3498=CARTESIAN_POINT('',(-3.4E0,3.58E1,2.75E0));
#3499=CARTESIAN_POINT('',(-3.4E0,3.58E1,7.25E0));
#3500=VERTEX_POINT('',#3498);
#3501=VERTEX_POINT('',#3499);
#3502=CARTESIAN_POINT('',(-3.4E0,3.95E1,6.75E0));
#3503=CARTESIAN_POINT('',(-3.4E0,3.95E1,3.25E0));
#3504=VERTEX_POINT('',#3502);
#3505=VERTEX_POINT('',#3503);
#3506=CARTESIAN_POINT('',(-4.2E0,3.95E1,6.75E0));
#3507=CARTESIAN_POINT('',(-4.2E0,3.95E1,3.25E0));
#3508=VERTEX_POINT('',#3506);
#3509=VERTEX_POINT('',#3507);
#3510=CARTESIAN_POINT('',(-3.4E0,3.95E1,5.E0));
#3511=DIRECTION('',(1.E0,0.E0,0.E0));
#3512=DIRECTION('',(0.E0,0.E0,1.E0));
#3513=AXIS2_PLACEMENT_3D('',#3510,#3511,#3512);
#3514=CYLINDRICAL_SURFACE('',#3513,1.75E0);
#3516=ORIENTED_EDGE('',*,*,#3515,.F.);
#3518=ORIENTED_EDGE('',*,*,#3517,.F.);
#3520=ORIENTED_EDGE('',*,*,#3519,.T.);
#3522=ORIENTED_EDGE('',*,*,#3521,.T.);
#3523=EDGE_LOOP('',(#3516,#3518,#3520,#3522));
#3524=FACE_OUTER_BOUND('',#3523,.F.);
#3526=FILL_AREA_STYLE_COLOUR('',#2768);
#3527=FILL_AREA_STYLE('',(#3526));
#3528=SURFACE_STYLE_FILL_AREA(#3527);
#3529=SURFACE_SIDE_STYLE('',(#3528));
#3530=SURFACE_STYLE_USAGE(.POSITIVE.,#3529);
#3531=PRESENTATION_STYLE_ASSIGNMENT((#3530));
#3532=STYLED_ITEM('',(#3531),#3525);
#3533=CARTESIAN_POINT('',(-3.4E0,3.58E1,7.25E0));
#3534=DIRECTION('',(1.E0,0.E0,0.E0));
#3535=DIRECTION('',(0.E0,0.E0,-1.E0));
#3536=AXIS2_PLACEMENT_3D('',#3533,#3534,#3535);
#3537=PLANE('',#3536);
#3538=ORIENTED_EDGE('',*,*,#3515,.T.);
#3540=ORIENTED_EDGE('',*,*,#3539,.T.);
#3542=ORIENTED_EDGE('',*,*,#3541,.F.);
#3544=ORIENTED_EDGE('',*,*,#3543,.T.);
#3546=ORIENTED_EDGE('',*,*,#3545,.T.);
#3548=ORIENTED_EDGE('',*,*,#3547,.T.);
#3549=EDGE_LOOP('',(#3538,#3540,#3542,#3544,#3546,#3548));
#3550=FACE_OUTER_BOUND('',#3549,.F.);
#3552=FILL_AREA_STYLE_COLOUR('',#2768);
#3553=FILL_AREA_STYLE('',(#3552));
#3554=SURFACE_STYLE_FILL_AREA(#3553);
#3555=SURFACE_SIDE_STYLE('',(#3554));
#3556=SURFACE_STYLE_USAGE(.POSITIVE.,#3555);
#3557=PRESENTATION_STYLE_ASSIGNMENT((#3556));
#3558=STYLED_ITEM('',(#3557),#3551);
#3559=CARTESIAN_POINT('',(0.E0,3.95E1,0.E0));
#3560=DIRECTION('',(0.E0,1.E0,0.E0));
#3561=DIRECTION('',(0.E0,0.E0,1.E0));
#3562=AXIS2_PLACEMENT_3D('',#3559,#3560,#3561);
#3563=PLANE('',#3562);
#3564=ORIENTED_EDGE('',*,*,#3547,.F.);
#3566=ORIENTED_EDGE('',*,*,#3565,.F.);
#3568=ORIENTED_EDGE('',*,*,#3567,.F.);
#3569=ORIENTED_EDGE('',*,*,#3517,.T.);
#3570=EDGE_LOOP('',(#3564,#3566,#3568,#3569));
#3571=FACE_OUTER_BOUND('',#3570,.F.);
#3573=FILL_AREA_STYLE_COLOUR('',#2768);
#3574=FILL_AREA_STYLE('',(#3573));
#3575=SURFACE_STYLE_FILL_AREA(#3574);
#3576=SURFACE_SIDE_STYLE('',(#3575));
#3577=SURFACE_STYLE_USAGE(.POSITIVE.,#3576);
#3578=PRESENTATION_STYLE_ASSIGNMENT((#3577));
#3579=STYLED_ITEM('',(#3578),#3572);
#3580=CARTESIAN_POINT('',(0.E0,3.95E1,0.E0));
#3581=DIRECTION('',(0.E0,1.E0,0.E0));
#3582=DIRECTION('',(0.E0,0.E0,1.E0));
#3583=AXIS2_PLACEMENT_3D('',#3580,#3581,#3582);
#3584=PLANE('',#3583);
#3585=ORIENTED_EDGE('',*,*,#3539,.F.);
#3586=ORIENTED_EDGE('',*,*,#3521,.F.);
#3588=ORIENTED_EDGE('',*,*,#3587,.F.);
#3590=ORIENTED_EDGE('',*,*,#3589,.F.);
#3591=EDGE_LOOP('',(#3585,#3586,#3588,#3590));
#3592=FACE_OUTER_BOUND('',#3591,.F.);
#3594=FILL_AREA_STYLE_COLOUR('',#2768);
#3595=FILL_AREA_STYLE('',(#3594));
#3596=SURFACE_STYLE_FILL_AREA(#3595);
#3597=SURFACE_SIDE_STYLE('',(#3596));
#3598=SURFACE_STYLE_USAGE(.POSITIVE.,#3597);
#3599=PRESENTATION_STYLE_ASSIGNMENT((#3598));
#3600=STYLED_ITEM('',(#3599),#3593);
#3601=CARTESIAN_POINT('',(-4.2E0,3.5E1,7.25E0));
#3602=DIRECTION('',(0.E0,0.E0,1.E0));
#3603=DIRECTION('',(1.E0,0.E0,0.E0));
#3604=AXIS2_PLACEMENT_3D('',#3601,#3602,#3603);
#3605=PLANE('',#3604);
#3607=ORIENTED_EDGE('',*,*,#3606,.T.);
#3608=ORIENTED_EDGE('',*,*,#3565,.T.);
#3609=ORIENTED_EDGE('',*,*,#3545,.F.);
#3611=ORIENTED_EDGE('',*,*,#3610,.T.);
#3613=ORIENTED_EDGE('',*,*,#3612,.F.);
#3615=ORIENTED_EDGE('',*,*,#3614,.F.);
#3616=EDGE_LOOP('',(#3607,#3608,#3609,#3611,#3613,#3615));
#3617=FACE_OUTER_BOUND('',#3616,.F.);
#3619=FILL_AREA_STYLE_COLOUR('',#2768);
#3620=FILL_AREA_STYLE('',(#3619));
#3621=SURFACE_STYLE_FILL_AREA(#3620);
#3622=SURFACE_SIDE_STYLE('',(#3621));
#3623=SURFACE_STYLE_USAGE(.POSITIVE.,#3622);
#3624=PRESENTATION_STYLE_ASSIGNMENT((#3623));
#3625=STYLED_ITEM('',(#3624),#3618);
#3626=CARTESIAN_POINT('',(-4.2E0,3.5E1,2.75E0));
#3627=DIRECTION('',(-1.E0,0.E0,0.E0));
#3628=DIRECTION('',(0.E0,0.E0,1.E0));
#3629=AXIS2_PLACEMENT_3D('',#3626,#3627,#3628);
#3630=PLANE('',#3629);
#3631=ORIENTED_EDGE('',*,*,#3519,.F.);
#3632=ORIENTED_EDGE('',*,*,#3567,.T.);
#3633=ORIENTED_EDGE('',*,*,#3606,.F.);
#3635=ORIENTED_EDGE('',*,*,#3634,.F.);
#3637=ORIENTED_EDGE('',*,*,#3636,.T.);
#3638=ORIENTED_EDGE('',*,*,#3587,.T.);
#3639=EDGE_LOOP('',(#3631,#3632,#3633,#3635,#3637,#3638));
#3640=FACE_OUTER_BOUND('',#3639,.F.);
#3642=FILL_AREA_STYLE_COLOUR('',#2768);
#3643=FILL_AREA_STYLE('',(#3642));
#3644=SURFACE_STYLE_FILL_AREA(#3643);
#3645=SURFACE_SIDE_STYLE('',(#3644));
#3646=SURFACE_STYLE_USAGE(.POSITIVE.,#3645);
#3647=PRESENTATION_STYLE_ASSIGNMENT((#3646));
#3648=STYLED_ITEM('',(#3647),#3641);
#3649=CARTESIAN_POINT('',(0.E0,3.5E1,0.E0));
#3650=DIRECTION('',(0.E0,1.E0,0.E0));
#3651=DIRECTION('',(0.E0,0.E0,1.E0));
#3652=AXIS2_PLACEMENT_3D('',#3649,#3650,#3651);
#3653=PLANE('',#3652);
#3655=ORIENTED_EDGE('',*,*,#3654,.T.);
#3657=ORIENTED_EDGE('',*,*,#3656,.T.);
#3658=ORIENTED_EDGE('',*,*,#3634,.T.);
#3659=ORIENTED_EDGE('',*,*,#3614,.T.);
#3661=ORIENTED_EDGE('',*,*,#3660,.T.);
#3663=ORIENTED_EDGE('',*,*,#3662,.T.);
#3664=EDGE_LOOP('',(#3655,#3657,#3658,#3659,#3661,#3663));
#3665=FACE_OUTER_BOUND('',#3664,.F.);
#3667=FILL_AREA_STYLE_COLOUR('',#2768);
#3668=FILL_AREA_STYLE('',(#3667));
#3669=SURFACE_STYLE_FILL_AREA(#3668);
#3670=SURFACE_SIDE_STYLE('',(#3669));
#3671=SURFACE_STYLE_USAGE(.POSITIVE.,#3670);
#3672=PRESENTATION_STYLE_ASSIGNMENT((#3671));
#3673=STYLED_ITEM('',(#3672),#3666);
#3674=CARTESIAN_POINT('',(8.E-1,3.5E1,4.75E0));
#3675=DIRECTION('',(0.E0,1.E0,0.E0));
#3676=DIRECTION('',(0.E0,0.E0,1.E0));
#3677=AXIS2_PLACEMENT_3D('',#3674,#3675,#3676);
#3678=CYLINDRICAL_SURFACE('',#3677,2.E0);
#3679=ORIENTED_EDGE('',*,*,#3654,.F.);
#3681=ORIENTED_EDGE('',*,*,#3680,.T.);
#3683=ORIENTED_EDGE('',*,*,#3682,.T.);
#3685=ORIENTED_EDGE('',*,*,#3684,.F.);
#3686=EDGE_LOOP('',(#3679,#3681,#3683,#3685));
#3687=FACE_OUTER_BOUND('',#3686,.F.);
#3689=FILL_AREA_STYLE_COLOUR('',#2768);
#3690=FILL_AREA_STYLE('',(#3689));
#3691=SURFACE_STYLE_FILL_AREA(#3690);
#3692=SURFACE_SIDE_STYLE('',(#3691));
#3693=SURFACE_STYLE_USAGE(.POSITIVE.,#3692);
#3694=PRESENTATION_STYLE_ASSIGNMENT((#3693));
#3695=STYLED_ITEM('',(#3694),#3688);
#3696=CARTESIAN_POINT('',(2.8E0,3.5E1,5.25E0));
#3697=DIRECTION('',(1.E0,0.E0,0.E0));
#3698=DIRECTION('',(0.E0,0.E0,-1.E0));
#3699=AXIS2_PLACEMENT_3D('',#3696,#3697,#3698);
#3700=PLANE('',#3699);
#3701=ORIENTED_EDGE('',*,*,#3662,.F.);
#3703=ORIENTED_EDGE('',*,*,#3702,.T.);
#3705=ORIENTED_EDGE('',*,*,#3704,.T.);
#3706=ORIENTED_EDGE('',*,*,#3680,.F.);
#3707=EDGE_LOOP('',(#3701,#3703,#3705,#3706));
#3708=FACE_OUTER_BOUND('',#3707,.F.);
#3710=FILL_AREA_STYLE_COLOUR('',#2768);
#3711=FILL_AREA_STYLE('',(#3710));
#3712=SURFACE_STYLE_FILL_AREA(#3711);
#3713=SURFACE_SIDE_STYLE('',(#3712));
#3714=SURFACE_STYLE_USAGE(.POSITIVE.,#3713);
#3715=PRESENTATION_STYLE_ASSIGNMENT((#3714));
#3716=STYLED_ITEM('',(#3715),#3709);
#3717=CARTESIAN_POINT('',(8.E-1,3.5E1,5.25E0));
#3718=DIRECTION('',(0.E0,1.E0,0.E0));
#3719=DIRECTION('',(0.E0,0.E0,1.E0));
#3720=AXIS2_PLACEMENT_3D('',#3717,#3718,#3719);
#3721=CYLINDRICAL_SURFACE('',#3720,2.E0);
#3722=ORIENTED_EDGE('',*,*,#3660,.F.);
#3723=ORIENTED_EDGE('',*,*,#3612,.T.);
#3725=ORIENTED_EDGE('',*,*,#3724,.T.);
#3726=ORIENTED_EDGE('',*,*,#3702,.F.);
#3727=EDGE_LOOP('',(#3722,#3723,#3725,#3726));
#3728=FACE_OUTER_BOUND('',#3727,.F.);
#3730=FILL_AREA_STYLE_COLOUR('',#2768);
#3731=FILL_AREA_STYLE('',(#3730));
#3732=SURFACE_STYLE_FILL_AREA(#3731);
#3733=SURFACE_SIDE_STYLE('',(#3732));
#3734=SURFACE_STYLE_USAGE(.POSITIVE.,#3733);
#3735=PRESENTATION_STYLE_ASSIGNMENT((#3734));
#3736=STYLED_ITEM('',(#3735),#3729);
#3737=CARTESIAN_POINT('',(0.E0,3.58E1,0.E0));
#3738=DIRECTION('',(0.E0,1.E0,0.E0));
#3739=DIRECTION('',(0.E0,0.E0,1.E0));
#3740=AXIS2_PLACEMENT_3D('',#3737,#3738,#3739);
#3741=PLANE('',#3740);
#3742=ORIENTED_EDGE('',*,*,#3543,.F.);
#3744=ORIENTED_EDGE('',*,*,#3743,.F.);
#3745=ORIENTED_EDGE('',*,*,#3682,.F.);
#3746=ORIENTED_EDGE('',*,*,#3704,.F.);
#3747=ORIENTED_EDGE('',*,*,#3724,.F.);
#3748=ORIENTED_EDGE('',*,*,#3610,.F.);
#3749=EDGE_LOOP('',(#3742,#3744,#3745,#3746,#3747,#3748));
#3750=FACE_OUTER_BOUND('',#3749,.F.);
#3752=ORIENTED_EDGE('',*,*,#3751,.T.);
#3754=ORIENTED_EDGE('',*,*,#3753,.T.);
#3755=EDGE_LOOP('',(#3752,#3754));
#3756=FACE_BOUND('',#3755,.F.);
#3758=FILL_AREA_STYLE_COLOUR('',#2768);
#3759=FILL_AREA_STYLE('',(#3758));
#3760=SURFACE_STYLE_FILL_AREA(#3759);
#3761=SURFACE_SIDE_STYLE('',(#3760));
#3762=SURFACE_STYLE_USAGE(.POSITIVE.,#3761);
#3763=PRESENTATION_STYLE_ASSIGNMENT((#3762));
#3764=STYLED_ITEM('',(#3763),#3757);
#3765=CARTESIAN_POINT('',(0.E0,3.58E1,5.E0));
#3766=DIRECTION('',(0.E0,1.E0,0.E0));
#3767=DIRECTION('',(0.E0,0.E0,1.E0));
#3768=AXIS2_PLACEMENT_3D('',#3765,#3766,#3767);
#3769=CYLINDRICAL_SURFACE('',#3768,2.E0);
#3770=ORIENTED_EDGE('',*,*,#3751,.F.);
#3772=ORIENTED_EDGE('',*,*,#3771,.T.);
#3774=ORIENTED_EDGE('',*,*,#3773,.T.);
#3776=ORIENTED_EDGE('',*,*,#3775,.F.);
#3777=EDGE_LOOP('',(#3770,#3772,#3774,#3776));
#3778=FACE_OUTER_BOUND('',#3777,.F.);
#3780=FILL_AREA_STYLE_COLOUR('',#2768);
#3781=FILL_AREA_STYLE('',(#3780));
#3782=SURFACE_STYLE_FILL_AREA(#3781);
#3783=SURFACE_SIDE_STYLE('',(#3782));
#3784=SURFACE_STYLE_USAGE(.POSITIVE.,#3783);
#3785=PRESENTATION_STYLE_ASSIGNMENT((#3784));
#3786=STYLED_ITEM('',(#3785),#3779);
#3787=CARTESIAN_POINT('',(0.E0,3.58E1,5.E0));
#3788=DIRECTION('',(0.E0,1.E0,0.E0));
#3789=DIRECTION('',(0.E0,0.E0,1.E0));
#3790=AXIS2_PLACEMENT_3D('',#3787,#3788,#3789);
#3791=CYLINDRICAL_SURFACE('',#3790,2.E0);
#3792=ORIENTED_EDGE('',*,*,#3753,.F.);
#3793=ORIENTED_EDGE('',*,*,#3775,.T.);
#3795=ORIENTED_EDGE('',*,*,#3794,.T.);
#3796=ORIENTED_EDGE('',*,*,#3771,.F.);
#3797=EDGE_LOOP('',(#3792,#3793,#3795,#3796));
#3798=FACE_OUTER_BOUND('',#3797,.F.);
#3800=FILL_AREA_STYLE_COLOUR('',#2768);
#3801=FILL_AREA_STYLE('',(#3800));
#3802=SURFACE_STYLE_FILL_AREA(#3801);
#3803=SURFACE_SIDE_STYLE('',(#3802));
#3804=SURFACE_STYLE_USAGE(.POSITIVE.,#3803);
#3805=PRESENTATION_STYLE_ASSIGNMENT((#3804));
#3806=STYLED_ITEM('',(#3805),#3799);
#3807=CARTESIAN_POINT('',(0.E0,3.65E1,0.E0));
#3808=DIRECTION('',(0.E0,1.E0,0.E0));
#3809=DIRECTION('',(0.E0,0.E0,1.E0));
#3810=AXIS2_PLACEMENT_3D('',#3807,#3808,#3809);
#3811=PLANE('',#3810);
#3812=ORIENTED_EDGE('',*,*,#3773,.F.);
#3813=ORIENTED_EDGE('',*,*,#3794,.F.);
#3814=EDGE_LOOP('',(#3812,#3813));
#3815=FACE_OUTER_BOUND('',#3814,.F.);
#3817=FILL_AREA_STYLE_COLOUR('',#2768);
#3818=FILL_AREA_STYLE('',(#3817));
#3819=SURFACE_STYLE_FILL_AREA(#3818);
#3820=SURFACE_SIDE_STYLE('',(#3819));
#3821=SURFACE_STYLE_USAGE(.POSITIVE.,#3820);
#3822=PRESENTATION_STYLE_ASSIGNMENT((#3821));
#3823=STYLED_ITEM('',(#3822),#3816);
#3824=CARTESIAN_POINT('',(8.E-1,3.5E1,2.75E0));
#3825=DIRECTION('',(0.E0,0.E0,-1.E0));
#3826=DIRECTION('',(-1.E0,0.E0,0.E0));
#3827=AXIS2_PLACEMENT_3D('',#3824,#3825,#3826);
#3828=PLANE('',#3827);
#3829=ORIENTED_EDGE('',*,*,#3743,.T.);
#3830=ORIENTED_EDGE('',*,*,#3541,.T.);
#3831=ORIENTED_EDGE('',*,*,#3589,.T.);
#3832=ORIENTED_EDGE('',*,*,#3636,.F.);
#3833=ORIENTED_EDGE('',*,*,#3656,.F.);
#3834=ORIENTED_EDGE('',*,*,#3684,.T.);
#3835=EDGE_LOOP('',(#3829,#3830,#3831,#3832,#3833,#3834));
#3836=FACE_OUTER_BOUND('',#3835,.F.);
#3838=FILL_AREA_STYLE_COLOUR('',#2768);
#3839=FILL_AREA_STYLE('',(#3838));
#3840=SURFACE_STYLE_FILL_AREA(#3839);
#3841=SURFACE_SIDE_STYLE('',(#3840));
#3842=SURFACE_STYLE_USAGE(.POSITIVE.,#3841);
#3843=PRESENTATION_STYLE_ASSIGNMENT((#3842));
#3844=STYLED_ITEM('',(#3843),#3837);
#3849=PLANE_ANGLE_MEASURE_WITH_UNIT(PLANE_ANGLE_MEASURE(1.745329251994E-2),
#3848);
#3850=(CONVERSION_BASED_UNIT('DEGREE',#3849)NAMED_UNIT(*)PLANE_ANGLE_UNIT());
#3852=UNCERTAINTY_MEASURE_WITH_UNIT(LENGTH_MEASURE(1.E-2),#3847,
'distance_accuracy_value',
'Maximum model space distance between geometric entities at asserted connectivities');
#3854=CARTESIAN_POINT('',(0.E0,0.E0,0.E0));
#3855=DIRECTION('',(0.E0,0.E0,1.E0));
#3856=DIRECTION('',(1.E0,0.E0,0.E0));
#3859=PRODUCT_DEFINITION_CONTEXT('part definition',#1318,'design');
#3860=PRODUCT_CONTEXT('',#1318,'mechanical');
#3861=PRODUCT('T-DAOZHEN2','T-DAOZHEN2','NOT SPECIFIED',(#3860));
#3862=PRODUCT_DEFINITION_FORMATION('3','LAST_VERSION',#3861);
#3870=DERIVED_UNIT_ELEMENT(#3869,2.E0);
#3871=DERIVED_UNIT((#3870));
#3872=MEASURE_REPRESENTATION_ITEM('surface area measure',AREA_MEASURE(
2.331729609865E2),#3871);
#3877=DERIVED_UNIT_ELEMENT(#3876,3.E0);
#3878=DERIVED_UNIT((#3877));
#3879=MEASURE_REPRESENTATION_ITEM('volume measure',VOLUME_MEASURE(
8.418911340247E1),#3878);
#3883=CARTESIAN_POINT('centre point',(-6.754316215344E-1,3.596175971667E1,
-6.231891910846E-1));
#3888=DERIVED_UNIT_ELEMENT(#3887,2.E0);
#3889=DERIVED_UNIT((#3888));
#3890=MEASURE_REPRESENTATION_ITEM('surface area measure',AREA_MEASURE(
2.331729609865E2),#3889);
#3895=DERIVED_UNIT_ELEMENT(#3894,3.E0);
#3896=DERIVED_UNIT((#3895));
#3897=MEASURE_REPRESENTATION_ITEM('volume measure',VOLUME_MEASURE(
8.418911340247E1),#3896);
#3901=CARTESIAN_POINT('centre point',(-6.754316215344E-1,3.596175971667E1,
-6.231891910846E-1));
#3908=CARTESIAN_POINT('centre point',(2.796167817973E-1,3.596175971667E1,
6.754316215344E-1));
#3912=CARTESIAN_POINT('',(9.028059728819E-1,0.E0,0.E0));
#3913=DIRECTION('',(1.E0,0.E0,0.E0));
#3914=DIRECTION('',(0.E0,0.E0,-1.E0));
#3915=AXIS2_PLACEMENT_3D('',#3912,#3913,#3914);
#3916=ITEM_DEFINED_TRANSFORMATION('','',#3857,#3915);
#3917=(REPRESENTATION_RELATIONSHIP('','',#3858,#1369)REPRESENTATION_RELATIONSHIP_WITH_TRANSFORMATION(#3916)SHAPE_REPRESENTATION_RELATIONSHIP());
#3918=CONTEXT_DEPENDENT_SHAPE_REPRESENTATION(#3917,#3907);
#3921=PLANE_ANGLE_MEASURE_WITH_UNIT(PLANE_ANGLE_MEASURE(1.745329251994E-2),
#3920);
#3922=(CONVERSION_BASED_UNIT('DEGREE',#3921)NAMED_UNIT(*)PLANE_ANGLE_UNIT());
#3924=UNCERTAINTY_MEASURE_WITH_UNIT(LENGTH_MEASURE(8.645544839264E-3),#3919,
'distance_accuracy_value',
'Maximum model space distance between geometric entities at asserted connectivities');
#3926=CARTESIAN_POINT('',(0.E0,0.E0,0.E0));
#3927=DIRECTION('',(0.E0,0.E0,1.E0));
#3928=DIRECTION('',(1.E0,0.E0,0.E0));
#3930=MECHANICAL_DESIGN_GEOMETRIC_PRESENTATION_REPRESENTATION('',(#333,#340,
#348,#355,#363,#370,#378,#385,#393,#401,#409,#416,#424,#432,#440,#447,#454,#462,
#470,#477,#485,#493,#501,#508,#516,#523,#531,#539,#547,#555,#563,#571,#579,#587,
#594,#601,#609,#617,#625,#633,#640,#647,#654,#661,#669,#677,#685,#693,#701,#709,
#717,#725,#733,#741,#749,#757,#765,#773,#780,#787,#795,#802,#810,#817,#1091,
#324,#1393,#1400,#1408,#1416,#1424,#1431,#1439,#1446,#1453,#1460,#1468,#1475,
#1483,#1491,#1499,#1506,#1514,#1521,#1528,#1535,#1543,#1551,#1559,#1567,#1575,
#1583,#1591,#1599,#1607,#1615,#1623,#1631,#1639,#1647,#1655,#1663,#1671,#1679,
#1687,#1695,#1703,#1710,#1717,#1724,#1732,#1739,#1747,#1755,#1763,#1770,#1778,
#1785,#1792,#1799,#1807,#1814,#1822,#1830,#1838,#1845,#2289,#2296,#2304,#2312,
#2320,#2328,#2336,#2344,#2352,#2360,#2368,#2376,#2383,#2390,#2398,#2406,#2414,
#2422,#2430,#2438,#2445,#2453,#2460,#2519,#2541,#2563,#2585,#2607,#2629,#2652,
#1385,#2667,#2993,#3019,#3040,#3061,#3086,#3109,#3134,#3155,#3185,#3207,#3227,
#3244,#3266,#3286,#3305,#3532,#3558,#3579,#3600,#3625,#3648,#3673,#3695,#3716,
#3736,#3764,#3786,#3806,#3823,#3844),#3925);
#3931=PRODUCT_CONTEXT('',#1318,'mechanical');
#3932=PRODUCT('CW6_330UF_550V_35X55_ASM','CW6_330UF_550V_35X55_ASM',
'NOT SPECIFIED',(#3931));
#3933=PRODUCT_DEFINITION_FORMATION('9','LAST_VERSION',#3932);
#3936=DERIVED_UNIT_ELEMENT(#3935,2.E0);
#3937=DERIVED_UNIT((#3936));
#3938=MEASURE_REPRESENTATION_ITEM('surface area measure',AREA_MEASURE(
1.103339188575E4),#3937);
#3943=DERIVED_UNIT_ELEMENT(#3942,3.E0);
#3944=DERIVED_UNIT((#3943));
#3945=MEASURE_REPRESENTATION_ITEM('volume measure',VOLUME_MEASURE(
4.926270254130E4),#3944);
#3949=CARTESIAN_POINT('centre point',(4.779269048568E-4,-6.292699831811E-2,
1.154027801355E-3));
#3953=PRODUCT_RELATED_PRODUCT_CATEGORY('part','',(#3932,#1322,#2698,#3861));
#1=DRAUGHTING_PRE_DEFINED_COLOUR('black');
#2=COLOUR_RGB('',0.E0,0.E0,4.7E-1);
#3=COLOUR_RGB('',0.E0,0.E0,5.02E-1);
#4=COLOUR_RGB('',0.E0,0.E0,5.45E-1);
#5=COLOUR_RGB('',0.E0,0.E0,6.E-1);
#6=COLOUR_RGB('',0.E0,0.E0,8.E-1);
#7=COLOUR_RGB('',0.E0,0.E0,8.04E-1);
#8=DRAUGHTING_PRE_DEFINED_COLOUR('blue');
#9=COLOUR_RGB('',0.E0,1.E-2,1.E0);
#10=COLOUR_RGB('',0.E0,2.8E-2,7.E-1);
#11=COLOUR_RGB('',0.E0,3.1E-2,3.4E-1);
#12=COLOUR_RGB('',0.E0,2.E-1,1.E0);
#13=COLOUR_RGB('',0.E0,2.58E-1,5.6E-1);
#14=COLOUR_RGB('',0.E0,3.3E-1,0.E0);
#15=COLOUR_RGB('',0.E0,3.3E-1,3.3E-1);
#16=COLOUR_RGB('',0.E0,3.92E-1,0.E0);
#17=COLOUR_RGB('',0.E0,4.E-1,0.E0);
#18=COLOUR_RGB('',0.E0,4.E-1,4.E-1);
#19=COLOUR_RGB('',0.E0,4.E-1,1.E0);
#20=COLOUR_RGB('',0.E0,5.02E-1,0.E0);
#21=COLOUR_RGB('',0.E0,5.02E-1,5.02E-1);
#22=COLOUR_RGB('',0.E0,5.3E-1,5.3E-1);
#23=COLOUR_RGB('',0.E0,5.45E-1,5.45E-1);
#24=COLOUR_RGB('',0.E0,6.E-1,0.E0);
#25=COLOUR_RGB('',0.E0,6.E-1,6.E-1);
#26=COLOUR_RGB('',0.E0,6.E-1,1.E0);
#27=COLOUR_RGB('',0.E0,7.49E-1,1.E0);
#28=COLOUR_RGB('',0.E0,8.E-1,0.E0);
#29=COLOUR_RGB('',0.E0,8.E-1,8.E-1);
#30=COLOUR_RGB('',0.E0,8.E-1,1.E0);
#31=COLOUR_RGB('',0.E0,8.08E-1,8.2E-1);
#32=COLOUR_RGB('',0.E0,9.3E-1,0.E0);
#33=COLOUR_RGB('',0.E0,9.3E-1,9.3E-1);
#34=COLOUR_RGB('',0.E0,9.8E-1,6.04E-1);
#35=DRAUGHTING_PRE_DEFINED_COLOUR('green');
#36=COLOUR_RGB('',0.E0,1.E0,2.E-1);
#37=COLOUR_RGB('',0.E0,1.E0,4.E-1);
#38=COLOUR_RGB('',0.E0,1.E0,4.98E-1);
#39=COLOUR_RGB('',0.E0,1.E0,6.E-1);
#40=COLOUR_RGB('',0.E0,1.E0,8.E-1);
#41=DRAUGHTING_PRE_DEFINED_COLOUR('cyan');
#42=COLOUR_RGB('',1.9E-2,6.37E-1,6.37E-1);
#43=COLOUR_RGB('',2.8E-2,5.37E-1,3.7E-2);
#44=COLOUR_RGB('',3.1E-2,2.E-1,6.27E-1);
#45=COLOUR_RGB('',3.1E-2,1.99E-1,6.3E-1);
#46=COLOUR_RGB('',3.E-2,9.81E-1,9.81E-1);
#47=COLOUR_RGB('',3.5E-2,5.14E-1,1.73E-1);
#48=COLOUR_RGB('',6.6E-2,4.E-3,5.93E-1);
#49=COLOUR_RGB('',6.5E-2,9.81E-1,6.2E-2);
#50=COLOUR_RGB('',7.E-2,7.E-2,1.E0);
#51=COLOUR_RGB('',7.E-2,6.E-1,3.E-1);
#52=COLOUR_RGB('',7.8E-2,7.8E-2,7.8E-2);
#53=COLOUR_RGB('',8.E-2,1.E-1,1.1E-1);
#54=COLOUR_RGB('',9.8E-2,9.8E-2,4.39E-1);
#55=COLOUR_RGB('',1.01E-1,6.3E-1,5.03E-1);
#56=COLOUR_RGB('',1.18E-1,5.65E-1,1.E0);
#57=COLOUR_RGB('',1.25E-1,6.98E-1,6.67E-1);
#58=COLOUR_RGB('',1.33E-1,5.45E-1,1.33E-1);
#59=COLOUR_RGB('',1.44E-1,3.4E-2,0.E0);
#60=COLOUR_RGB('',1.7E-1,1.7E-1,1.8E-1);
#61=COLOUR_RGB('',1.8E-1,5.45E-1,3.41E-1);
#62=COLOUR_RGB('',1.84E-1,3.1E-1,3.1E-1);
#63=COLOUR_RGB('',1.9E-1,2.3E-1,3.1E-1);
#64=COLOUR_RGB('',1.96E-1,8.04E-1,1.96E-1);
#65=COLOUR_RGB('',2.E-1,2.E-1,2.E-1);
#66=COLOUR_RGB('',2.E-1,1.E0,0.E0);
#67=COLOUR_RGB('',2.E-1,1.E0,2.E-1);
#68=COLOUR_RGB('',2.E-1,1.E0,1.E0);
#69=COLOUR_RGB('',2.12E-1,5.14E-1,4.16E-1);
#70=COLOUR_RGB('',2.28E-1,2.26E-1,2.52E-1);
#71=COLOUR_RGB('',2.3E-1,3.82E-1,5.6E-1);
#72=COLOUR_RGB('',2.35E-1,7.02E-1,4.43E-1);
#73=COLOUR_RGB('',2.43E-1,8.78E-1,8.16E-1);
#74=COLOUR_RGB('',2.45E-1,5.18E-1,9.48E-1);
#75=COLOUR_RGB('',2.49E-1,5.93E-1,6.3E-1);
#76=COLOUR_RGB('',2.52E-1,2.52E-1,2.52E-1);
#77=COLOUR_RGB('',2.55E-1,4.12E-1,1.E0);
#78=COLOUR_RGB('',2.7E-1,0.E0,4.E-1);
#79=COLOUR_RGB('',2.7E-1,2.7E-1,0.E0);
#80=COLOUR_RGB('',2.7E-1,2.7E-1,1.E0);
#81=COLOUR_RGB('',2.75E-1,5.1E-1,7.06E-1);
#82=COLOUR_RGB('',2.8E-1,2.8E-1,2.8E-1);
#83=COLOUR_RGB('',2.82E-1,2.39E-1,5.45E-1);
#84=COLOUR_RGB('',2.82E-1,8.2E-1,8.E-1);
#85=COLOUR_RGB('',2.94E-1,0.E0,5.1E-1);
#86=COLOUR_RGB('',3.24E-1,5.77E-1,8.1E-1);
#87=COLOUR_RGB('',3.3E-1,0.E0,0.E0);
#88=COLOUR_RGB('',3.3E-1,0.E0,3.3E-1);
#89=COLOUR_RGB('',3.3E-1,0.E0,5.3E-1);
#90=COLOUR_RGB('',3.33E-1,4.2E-1,1.84E-1);
#91=COLOUR_RGB('',3.36E-1,2.55E-1,1.9E-2);
#92=COLOUR_RGB('',3.44E-1,3.63E-1,3.74E-1);
#93=COLOUR_RGB('',3.55E-1,3.53E-1,3.93E-1);
#94=COLOUR_RGB('',3.73E-1,6.2E-1,6.27E-1);
#95=COLOUR_RGB('',3.75E-1,3.8E-1,4.22E-1);
#96=COLOUR_RGB('',3.81E-1,4.41E-1,5.96E-1);
#97=COLOUR_RGB('',3.9E-1,4.4E-1,4.9E-1);
#98=COLOUR_RGB('',3.92E-1,4.37E-1,4.9E-1);
#99=COLOUR_RGB('',3.92E-1,5.84E-1,9.29E-1);
#100=COLOUR_RGB('',4.E-1,0.E0,4.E-1);
#101=COLOUR_RGB('',4.E-1,0.E0,6.7E-1);
#102=COLOUR_RGB('',4.E-1,1.3E-1,0.E0);
#103=COLOUR_RGB('',3.99E-1,3.97E-1,6.41E-1);
#104=COLOUR_RGB('',4.E-1,4.E-1,0.E0);
#105=COLOUR_RGB('',4.E-1,4.E-1,1.E0);
#106=COLOUR_RGB('',4.E-1,8.04E-1,6.67E-1);
#107=COLOUR_RGB('',4.E-1,1.E0,0.E0);
#108=COLOUR_RGB('',4.E-1,1.E0,4.E-1);
#109=COLOUR_RGB('',4.E-1,1.E0,1.E0);
#110=COLOUR_RGB('',4.12E-1,4.12E-1,4.12E-1);
#111=COLOUR_RGB('',4.16E-1,3.53E-1,8.04E-1);
#112=COLOUR_RGB('',4.2E-1,4.2E-1,4.2E-1);
#113=COLOUR_RGB('',4.2E-1,5.57E-1,1.37E-1);
#114=COLOUR_RGB('',4.26E-1,4.26E-1,4.26E-1);
#115=COLOUR_RGB('',4.39E-1,5.02E-1,5.65E-1);
#116=COLOUR_RGB('',4.38E-1,5.03E-1,6.E-1);
#117=COLOUR_RGB('',4.4E-1,5.E-1,6.E-1);
#118=COLOUR_RGB('',4.67E-1,5.33E-1,6.E-1);
#119=COLOUR_RGB('',4.7E-1,0.E0,0.E0);
#120=COLOUR_RGB('',4.7E-1,0.E0,8.E-1);
#121=COLOUR_RGB('',4.7E-1,0.E0,8.7E-1);
#122=COLOUR_RGB('',4.7E-1,2.E-1,7.E-2);
#123=COLOUR_RGB('',4.7E-1,4.7E-1,4.7E-1);
#124=COLOUR_RGB('',4.82E-1,4.08E-1,9.33E-1);
#125=COLOUR_RGB('',4.86E-1,9.88E-1,0.E0);
#126=COLOUR_RGB('',4.99E-1,4.96E-1,5.52E-1);
#127=COLOUR_RGB('',4.98E-1,1.E0,0.E0);
#128=COLOUR_RGB('',4.98E-1,1.E0,8.31E-1);
#129=COLOUR_RGB('',5.02E-1,0.E0,0.E0);
#130=COLOUR_RGB('',5.02E-1,0.E0,5.02E-1);
#131=COLOUR_RGB('',5.02E-1,5.02E-1,0.E0);
#132=COLOUR_RGB('',5.02E-1,5.02E-1,5.02E-1);
#133=COLOUR_RGB('',5.1E-1,3.97E-1,1.07E-1);
#134=COLOUR_RGB('',5.1E-1,4.E-1,1.1E-1);
#135=COLOUR_RGB('',5.3E-1,0.E0,9.3E-1);
#136=COLOUR_RGB('',5.3E-1,2.7E-1,1.3E-1);
#137=COLOUR_RGB('',5.3E-1,5.3E-1,1.E0);
#138=COLOUR_RGB('',5.29E-1,8.08E-1,9.22E-1);
#139=COLOUR_RGB('',5.29E-1,8.08E-1,9.8E-1);
#140=COLOUR_RGB('',5.41E-1,1.69E-1,8.86E-1);
#141=COLOUR_RGB('',5.45E-1,0.E0,0.E0);
#142=COLOUR_RGB('',5.45E-1,0.E0,5.45E-1);
#143=COLOUR_RGB('',5.45E-1,2.71E-1,7.5E-2);
#144=COLOUR_RGB('',5.5E-1,5.5E-1,5.5E-1);
#145=COLOUR_RGB('',5.5E-1,6.5E-1,7.3E-1);
#146=COLOUR_RGB('',5.61E-1,7.37E-1,5.61E-1);
#147=COLOUR_RGB('',5.65E-1,9.33E-1,5.65E-1);
#148=COLOUR_RGB('',5.71E-1,6.1E-1,6.33E-1);
#149=COLOUR_RGB('',5.76E-1,4.39E-1,8.59E-1);
#150=COLOUR_RGB('',5.8E-1,0.E0,8.27E-1);
#151=COLOUR_RGB('',5.96E-1,5.96E-1,5.96E-1);
#152=COLOUR_RGB('',5.96E-1,9.84E-1,5.96E-1);
#153=COLOUR_RGB('',6.E-1,0.E0,6.E-1);
#154=COLOUR_RGB('',6.E-1,1.96E-1,8.E-1);
#155=COLOUR_RGB('',6.E-1,2.E-1,1.E0);
#156=COLOUR_RGB('',6.E-1,3.3E-1,2.E-1);
#157=COLOUR_RGB('',6.E-1,6.E-1,0.E0);
#158=COLOUR_RGB('',6.E-1,6.E-1,1.E0);
#159=COLOUR_RGB('',6.E-1,1.E0,6.E-1);
#160=COLOUR_RGB('',6.E-1,1.E0,1.E0);
#161=COLOUR_RGB('',6.04E-1,8.04E-1,1.96E-1);
#162=COLOUR_RGB('',6.1E-1,0.E0,6.E-2);
#163=COLOUR_RGB('',6.16E-1,6.96E-1,7.7E-1);
#164=COLOUR_RGB('',6.2E-1,6.2E-1,6.2E-1);
#165=COLOUR_RGB('',6.19608E-1,6.27451E-1,6.27451E-1);
#166=COLOUR_RGB('',6.27E-1,3.22E-1,1.76E-1);
#167=COLOUR_RGB('',6.35294E-1,6.86275E-1,7.4902E-1);
#168=COLOUR_RGB('',6.4E-1,4.64E-1,3.01E-1);
#169=COLOUR_RGB('',6.4E-1,6.5E-1,6.5E-1);
#170=COLOUR_RGB('',6.47E-1,1.65E-1,1.65E-1);
#171=COLOUR_RGB('',6.56E-1,3.3E-2,6.E-1);
#172=COLOUR_RGB('',6.59E-1,1.5E-2,2.9E-2);
#173=COLOUR_RGB('',6.63E-1,6.63E-1,6.63E-1);
#174=COLOUR_RGB('',6.7E-1,0.E0,0.E0);
#175=COLOUR_RGB('',6.7E-1,0.E0,5.3E-1);
#176=COLOUR_RGB('',6.7E-1,4.E-1,2.7E-1);
#177=COLOUR_RGB('',6.7E-1,4.E-1,1.E0);
#178=COLOUR_RGB('',6.7E-1,6.7E-1,1.E0);
#179=COLOUR_RGB('',6.7E-1,1.E0,0.E0);
#180=COLOUR_RGB('',6.78E-1,8.47E-1,9.02E-1);
#181=COLOUR_RGB('',6.78E-1,1.E0,1.84E-1);
#182=COLOUR_RGB('',6.8E-1,8.1E-1,1.E0);
#183=COLOUR_RGB('',6.87E-1,6.83E-1,7.59E-1);
#184=COLOUR_RGB('',6.86E-1,9.33E-1,9.33E-1);
#185=COLOUR_RGB('',6.9E-1,7.69E-1,8.71E-1);
#186=COLOUR_RGB('',6.9E-1,8.78E-1,9.02E-1);
#187=COLOUR_RGB('',6.98E-1,1.33E-1,1.33E-1);
#188=COLOUR_RGB('',7.22E-1,5.25E-1,4.3E-2);
#189=COLOUR_RGB('',7.3E-1,2.7E-1,1.E0);
#190=COLOUR_RGB('',7.29E-1,3.33E-1,8.27E-1);
#191=COLOUR_RGB('',7.3E-1,4.E-1,0.E0);
#192=COLOUR_RGB('',7.3E-1,4.7E-1,3.3E-1);
#193=COLOUR_RGB('',7.3E-1,7.3E-1,7.3E-1);
#194=COLOUR_RGB('',7.37E-1,5.61E-1,5.61E-1);
#195=COLOUR_RGB('',7.4E-1,4.E-1,4.E-1);
#196=COLOUR_RGB('',7.41E-1,7.18E-1,4.2E-1);
#197=COLOUR_RGB('',7.5E-1,7.2E-1,0.E0);
#198=COLOUR_RGB('',7.53E-1,7.53E-1,7.53E-1);
#199=COLOUR_RGB('',7.8E-1,8.2E-2,5.22E-1);
#200=COLOUR_RGB('',8.E-1,0.E0,8.E-1);
#201=COLOUR_RGB('',8.E-1,5.3E-1,4.E-1);
#202=COLOUR_RGB('',8.E-1,6.E-1,1.E0);
#203=COLOUR_RGB('',8.E-1,8.E-1,0.E0);
#204=COLOUR_RGB('',8.E-1,8.E-1,1.E0);
#205=COLOUR_RGB('',8.E-1,1.E0,8.E-1);
#206=COLOUR_RGB('',8.E-1,1.E0,1.E0);
#207=COLOUR_RGB('',8.04E-1,3.61E-1,3.61E-1);
#208=COLOUR_RGB('',8.04E-1,5.22E-1,2.47E-1);
#209=COLOUR_RGB('',8.07E-1,7.65E-1,5.8E-2);
#210=COLOUR_RGB('',8.2E-1,6.E-1,2.4E-1);
#211=COLOUR_RGB('',8.19E-1,7.11E-1,5.6E-2);
#212=COLOUR_RGB('',8.24E-1,4.12E-1,1.18E-1);
#213=COLOUR_RGB('',8.24E-1,7.06E-1,5.49E-1);
#214=COLOUR_RGB('',8.26E-1,8.26E-1,8.26E-1);
#215=COLOUR_RGB('',8.3E-1,3.E-2,3.E-2);
#216=COLOUR_RGB('',8.41E-1,8.01E-1,7.15E-1);
#217=COLOUR_RGB('',8.4E-1,8.4E-1,8.5E-1);
#218=COLOUR_RGB('',8.42E-1,8.99E-1,9.33E-1);
#219=COLOUR_RGB('',8.47E-1,7.49E-1,8.47E-1);
#220=COLOUR_RGB('',8.55E-1,4.39E-1,8.39E-1);
#221=COLOUR_RGB('',8.55E-1,6.47E-1,1.25E-1);
#222=COLOUR_RGB('',8.59E-1,4.39E-1,5.76E-1);
#223=COLOUR_RGB('',8.6E-1,4.7E-1,1.6E-1);
#224=COLOUR_RGB('',8.63E-1,7.8E-2,2.35E-1);
#225=COLOUR_RGB('',8.63E-1,8.63E-1,8.63E-1);
#226=COLOUR_RGB('',8.67E-1,6.27E-1,8.67E-1);
#227=COLOUR_RGB('',8.7E-1,0.E0,0.E0);
#228=COLOUR_RGB('',8.7E-1,6.E-1,4.7E-1);
#229=COLOUR_RGB('',8.71E-1,7.22E-1,5.29E-1);
#230=COLOUR_RGB('',8.78E-1,1.E0,1.E0);
#231=COLOUR_RGB('',9.E-1,8.3E-1,1.2E-1);
#232=COLOUR_RGB('',9.02E-1,9.02E-1,9.8E-1);
#233=COLOUR_RGB('',9.14E-1,5.88E-1,4.78E-1);
#234=COLOUR_RGB('',9.3E-1,0.E0,9.3E-1);
#235=COLOUR_RGB('',9.3E-1,6.7E-1,5.3E-1);
#236=COLOUR_RGB('',9.3E-1,8.E-1,1.E0);
#237=COLOUR_RGB('',9.3E-1,9.3E-1,0.E0);
#238=COLOUR_RGB('',9.3E-1,1.E0,9.3E-1);
#239=COLOUR_RGB('',9.3E-1,1.E0,1.E0);
#240=COLOUR_RGB('',9.33E-1,5.1E-1,9.33E-1);
#241=COLOUR_RGB('',9.33E-1,9.1E-1,6.67E-1);
#242=COLOUR_RGB('',9.41E-1,5.02E-1,5.02E-1);
#243=COLOUR_RGB('',9.41E-1,9.02E-1,5.49E-1);
#244=COLOUR_RGB('',9.41E-1,9.73E-1,1.E0);
#245=COLOUR_RGB('',9.41E-1,1.E0,9.41E-1);
#246=COLOUR_RGB('',9.41E-1,1.E0,1.E0);
#247=COLOUR_RGB('',9.57E-1,6.43E-1,3.76E-1);
#248=COLOUR_RGB('',9.59E-1,4.9E-2,8.78E-1);
#249=COLOUR_RGB('',9.61E-1,8.71E-1,7.02E-1);
#250=COLOUR_RGB('',9.61E-1,9.61E-1,8.63E-1);
#251=COLOUR_RGB('',9.6E-1,9.6E-1,9.6E-1);
#252=COLOUR_RGB('',9.61E-1,1.E0,9.8E-1);
#253=COLOUR_RGB('',9.73E-1,9.73E-1,1.E0);
#254=COLOUR_RGB('',9.8E-1,5.02E-1,4.47E-1);
#255=COLOUR_RGB('',9.8E-1,6.47E-1,0.E0);
#256=COLOUR_RGB('',9.8E-1,9.22E-1,8.43E-1);
#257=COLOUR_RGB('',9.8E-1,9.41E-1,9.02E-1);
#258=COLOUR_RGB('',9.8E-1,9.8E-1,8.24E-1);
#259=COLOUR_RGB('',9.89E-1,9.04E-1,2.3E-2);
#260=COLOUR_RGB('',9.92E-1,9.61E-1,9.02E-1);
#261=DRAUGHTING_PRE_DEFINED_COLOUR('red');
#262=COLOUR_RGB('',1.E0,0.E0,2.7E-1);
#263=COLOUR_RGB('',1.E0,0.E0,4.7E-1);
#264=COLOUR_RGB('',1.E0,0.E0,7.8E-1);
#265=DRAUGHTING_PRE_DEFINED_COLOUR('magenta');
#266=COLOUR_RGB('',1.E0,2.7E-2,2.7E-2);
#267=COLOUR_RGB('',1.E0,3.E-2,3.E-2);
#268=COLOUR_RGB('',1.E0,7.E-2,7.E-2);
#269=COLOUR_RGB('',1.E0,7.8E-2,5.76E-1);
#270=COLOUR_RGB('',1.E0,2.E-1,1.E0);
#271=COLOUR_RGB('',1.E0,2.7E-1,0.E0);
#272=COLOUR_RGB('',1.E0,2.7E-1,2.7E-1);
#273=COLOUR_RGB('',1.E0,3.6E-1,0.E0);
#274=COLOUR_RGB('',1.E0,3.88E-1,2.78E-1);
#275=COLOUR_RGB('',1.E0,4.E-1,1.E0);
#276=COLOUR_RGB('',1.E0,4.12E-1,7.06E-1);
#277=COLOUR_RGB('',1.E0,4.7E-1,0.E0);
#278=COLOUR_RGB('',1.E0,4.7E-1,4.7E-1);
#279=COLOUR_RGB('',1.E0,4.7E-1,5.3E-1);
#280=COLOUR_RGB('',1.E0,4.98E-1,3.14E-1);
#281=COLOUR_RGB('',1.E0,5.49E-1,0.E0);
#282=COLOUR_RGB('',1.E0,6.E-1,1.E0);
#283=COLOUR_RGB('',1.E0,6.27E-1,4.78E-1);
#284=COLOUR_RGB('',1.E0,6.47E-1,0.E0);
#285=COLOUR_RGB('',1.E0,6.7E-1,0.E0);
#286=COLOUR_RGB('',1.E0,6.7E-1,6.7E-1);
#287=COLOUR_RGB('',1.E0,7.14E-1,7.57E-1);
#288=COLOUR_RGB('',1.E0,7.2E-1,0.E0);
#289=COLOUR_RGB('',1.E0,7.3E-1,5.3E-1);
#290=COLOUR_RGB('',1.E0,7.3E-1,6.E-1);
#291=COLOUR_RGB('',1.E0,7.53E-1,7.96E-1);
#292=COLOUR_RGB('',1.E0,7.7E-1,6.E-2);
#293=COLOUR_RGB('',1.E0,8.E-1,8.E-1);
#294=COLOUR_RGB('',1.E0,8.E-1,1.E0);
#295=COLOUR_RGB('',1.E0,8.43E-1,0.E0);
#296=COLOUR_RGB('',1.E0,8.55E-1,7.25E-1);
#297=COLOUR_RGB('',1.E0,8.7E-1,0.E0);
#298=COLOUR_RGB('',1.E0,8.71E-1,6.78E-1);
#299=COLOUR_RGB('',1.E0,8.94E-1,7.1E-1);
#300=COLOUR_RGB('',1.E0,8.94E-1,7.69E-1);
#301=COLOUR_RGB('',1.E0,8.94E-1,8.82E-1);
#302=COLOUR_RGB('',1.E0,9.22E-1,8.04E-1);
#303=COLOUR_RGB('',1.E0,9.3E-1,9.3E-1);
#304=COLOUR_RGB('',1.E0,9.3E-1,1.E0);
#305=COLOUR_RGB('',1.E0,9.37E-1,8.35E-1);
#306=COLOUR_RGB('',1.E0,9.41E-1,9.61E-1);
#307=COLOUR_RGB('',1.E0,9.61E-1,9.33E-1);
#308=COLOUR_RGB('',1.E0,9.73E-1,8.63E-1);
#309=COLOUR_RGB('',1.E0,9.8E-1,8.04E-1);
#310=COLOUR_RGB('',1.E0,9.8E-1,9.41E-1);
#311=COLOUR_RGB('',1.E0,9.8E-1,9.8E-1);
#312=DRAUGHTING_PRE_DEFINED_COLOUR('yellow');
#313=COLOUR_RGB('',1.E0,1.E0,1.3E-1);
#314=COLOUR_RGB('',1.E0,1.E0,3.3E-1);
#315=COLOUR_RGB('',1.E0,1.E0,5.3E-1);
#316=COLOUR_RGB('',1.E0,1.E0,7.3E-1);
#317=COLOUR_RGB('',1.E0,1.E0,8.78E-1);
#318=COLOUR_RGB('',1.E0,1.E0,9.3E-1);
#319=COLOUR_RGB('',1.E0,1.E0,9.41E-1);
#320=COLOUR_RGB('',1.E0,1.E0,9.49E-1);
#321=DRAUGHTING_PRE_DEFINED_COLOUR('white');
#322=COLOUR_RGB('',1.8E-1,1.8E-1,1.8E-1);
#323=COLOUR_RGB('',2.4E-1,2.3E-1,2.4E-1);
#329=CIRCLE('',#328,1.34E1);
#345=CIRCLE('',#344,1.34E1);
#360=CIRCLE('',#359,4.E-1);
#375=CIRCLE('',#374,4.E-1);
#390=CIRCLE('',#389,4.E-1);
#398=CIRCLE('',#397,8.5E-1);
#406=CIRCLE('',#405,4.E-1);
#421=CIRCLE('',#420,4.E-1);
#429=CIRCLE('',#428,1.45E1);
#437=CIRCLE('',#436,1.484641016151E1);
#459=CIRCLE('',#458,4.E-1);
#467=CIRCLE('',#466,4.E-1);
#482=CIRCLE('',#481,4.E-1);
#490=CIRCLE('',#489,8.5E-1);
#498=CIRCLE('',#497,4.E-1);
#513=CIRCLE('',#512,4.E-1);
#528=CIRCLE('',#527,1.484641016151E1);
#536=CIRCLE('',#535,1.49E1);
#544=CIRCLE('',#543,1.49E1);
#552=CIRCLE('',#551,1.474E1);
#560=CIRCLE('',#559,1.474E1);
#568=CIRCLE('',#567,1.49E1);
#576=CIRCLE('',#575,1.49E1);
#584=CIRCLE('',#583,1.45E1);
#606=CIRCLE('',#605,1.45E1);
#614=CIRCLE('',#613,5.E-1);
#622=CIRCLE('',#621,1.5E1);
#630=CIRCLE('',#629,5.E-1);
#666=CIRCLE('',#665,1.48E1);
#674=CIRCLE('',#673,5.E-1);
#682=CIRCLE('',#681,1.5E1);
#690=CIRCLE('',#689,5.E-1);
#698=CIRCLE('',#697,7.5E-1);
#706=CIRCLE('',#705,7.5E-1);
#714=CIRCLE('',#713,1.5E1);
#722=CIRCLE('',#721,5.E-1);
#730=CIRCLE('',#729,1.48E1);
#738=CIRCLE('',#737,5.E-1);
#746=CIRCLE('',#745,1.5E1);
#754=CIRCLE('',#753,5.E-1);
#762=CIRCLE('',#761,1.45E1);
#770=CIRCLE('',#769,5.E-1);
#792=CIRCLE('',#791,1.24E1);
#807=CIRCLE('',#806,1.24E1);
#907=EDGE_CURVE('',#867,#869,#329,.T.);
#909=EDGE_CURVE('',#867,#820,#520,.T.);
#911=EDGE_CURVE('',#820,#834,#584,.T.);
#913=EDGE_CURVE('',#869,#834,#367,.T.);
#917=ADVANCED_FACE('',(#916),#906,.T.);
#924=EDGE_CURVE('',#869,#861,#337,.T.);
#926=EDGE_CURVE('',#861,#857,#345,.T.);
#928=EDGE_CURVE('',#867,#857,#352,.T.);
#932=ADVANCED_FACE('',(#931),#922,.F.);
#938=EDGE_CURVE('',#900,#901,#360,.T.);
#940=EDGE_CURVE('',#901,#865,#451,.T.);
#942=EDGE_CURVE('',#853,#865,#799,.T.);
#944=EDGE_CURVE('',#852,#853,#784,.T.);
#946=EDGE_CURVE('',#852,#880,#754,.T.);
#948=EDGE_CURVE('',#880,#881,#637,.T.);
#950=EDGE_CURVE('',#881,#893,#674,.T.);
#952=EDGE_CURVE('',#892,#893,#698,.T.);
#954=EDGE_CURVE('',#892,#884,#722,.T.);
#956=EDGE_CURVE('',#884,#885,#651,.T.);
#958=EDGE_CURVE('',#885,#860,#614,.T.);
#960=EDGE_CURVE('',#860,#861,#598,.T.);
#964=EDGE_CURVE('',#834,#835,#375,.T.);
#966=EDGE_CURVE('',#835,#837,#382,.T.);
#968=EDGE_CURVE('',#837,#839,#390,.T.);
#970=EDGE_CURVE('',#839,#841,#398,.T.);
#972=EDGE_CURVE('',#841,#843,#406,.T.);
#974=EDGE_CURVE('',#843,#845,#413,.T.);
#976=EDGE_CURVE('',#845,#900,#421,.T.);
#980=ADVANCED_FACE('',(#979),#937,.F.);
#986=EDGE_CURVE('',#897,#901,#429,.T.);
#989=EDGE_CURVE('',#900,#896,#437,.T.);
#991=EDGE_CURVE('',#896,#897,#459,.T.);
#995=ADVANCED_FACE('',(#994),#985,.F.);
#1002=EDGE_CURVE('',#897,#863,#444,.T.);
#1004=EDGE_CURVE('',#865,#863,#807,.T.);
#1009=ADVANCED_FACE('',(#1008),#1000,.F.);
#1016=EDGE_CURVE('',#831,#896,#467,.T.);
#1018=EDGE_CURVE('',#829,#831,#474,.T.);
#1020=EDGE_CURVE('',#827,#829,#482,.T.);
#1022=EDGE_CURVE('',#825,#827,#490,.T.);
#1024=EDGE_CURVE('',#823,#825,#498,.T.);
#1026=EDGE_CURVE('',#821,#823,#505,.T.);
#1028=EDGE_CURVE('',#820,#821,#513,.T.);
#1032=EDGE_CURVE('',#856,#857,#591,.T.);
#1034=EDGE_CURVE('',#877,#856,#630,.T.);
#1036=EDGE_CURVE('',#876,#877,#658,.T.);
#1038=EDGE_CURVE('',#888,#876,#738,.T.);
#1040=EDGE_CURVE('',#888,#889,#706,.T.);
#1042=EDGE_CURVE('',#873,#889,#690,.T.);
#1044=EDGE_CURVE('',#872,#873,#644,.T.);
#1046=EDGE_CURVE('',#848,#872,#770,.T.);
#1048=EDGE_CURVE('',#848,#849,#777,.T.);
#1050=EDGE_CURVE('',#849,#863,#814,.T.);
#1055=ADVANCED_FACE('',(#1054),#1014,.T.);
#1061=EDGE_CURVE('',#896,#900,#528,.T.);
#1064=EDGE_CURVE('',#831,#845,#536,.T.);
#1069=ADVANCED_FACE('',(#1068),#1060,.T.);
#1079=ADVANCED_FACE('',(#1078),#1074,.T.);
#1100=EDGE_CURVE('',#829,#843,#544,.T.);
#1104=ADVANCED_FACE('',(#1103),#1096,.T.);
#1113=EDGE_CURVE('',#827,#841,#552,.T.);
#1117=ADVANCED_FACE('',(#1116),#1109,.T.);
#1126=EDGE_CURVE('',#825,#839,#560,.T.);
#1130=ADVANCED_FACE('',(#1129),#1122,.F.);
#1139=EDGE_CURVE('',#823,#837,#568,.T.);
#1143=ADVANCED_FACE('',(#1142),#1135,.T.);
#1152=EDGE_CURVE('',#821,#835,#576,.T.);
#1156=ADVANCED_FACE('',(#1155),#1148,.T.);
#1168=ADVANCED_FACE('',(#1167),#1161,.T.);
#1177=EDGE_CURVE('',#856,#860,#606,.T.);
#1181=ADVANCED_FACE('',(#1180),#1173,.T.);
#1189=EDGE_CURVE('',#885,#877,#622,.T.);
#1194=ADVANCED_FACE('',(#1193),#1186,.T.);
#1200=EDGE_CURVE('',#881,#873,#682,.T.);
#1203=EDGE_CURVE('',#872,#880,#746,.T.);
#1208=ADVANCED_FACE('',(#1207),#1199,.T.);
#1216=EDGE_CURVE('',#876,#884,#714,.T.);
#1221=ADVANCED_FACE('',(#1220),#1213,.T.);
#1227=EDGE_CURVE('',#889,#893,#666,.T.);
#1234=ADVANCED_FACE('',(#1233),#1226,.T.);
#1240=EDGE_CURVE('',#892,#888,#730,.T.);
#1247=ADVANCED_FACE('',(#1246),#1239,.F.);
#1259=ADVANCED_FACE('',(#1258),#1252,.T.);
#1267=EDGE_CURVE('',#852,#848,#762,.T.);
#1272=ADVANCED_FACE('',(#1271),#1264,.T.);
#1281=EDGE_CURVE('',#849,#853,#792,.T.);
#1285=ADVANCED_FACE('',(#1284),#1277,.F.);
#1297=ADVANCED_FACE('',(#1296),#1290,.F.);
#1298=CLOSED_SHELL('',(#917,#932,#980,#995,#1009,#1055,#1069,#1079,#1104,#1117,
#1130,#1143,#1156,#1168,#1181,#1194,#1208,#1221,#1234,#1247,#1259,#1272,#1285,
#1297));
#1299=MANIFOLD_SOLID_BREP('',#1298);
#1306=(LENGTH_UNIT()NAMED_UNIT(*)SI_UNIT(.MILLI.,.METRE.));
#1307=(NAMED_UNIT(*)PLANE_ANGLE_UNIT()SI_UNIT($,.RADIAN.));
#1310=(NAMED_UNIT(*)SI_UNIT($,.STERADIAN.)SOLID_ANGLE_UNIT());
#1312=(GEOMETRIC_REPRESENTATION_CONTEXT(3)GLOBAL_UNCERTAINTY_ASSIGNED_CONTEXT((
#1311))GLOBAL_UNIT_ASSIGNED_CONTEXT((#1306,#1309,#1310))REPRESENTATION_CONTEXT(
'ID1','3'));
#1316=AXIS2_PLACEMENT_3D('',#1313,#1314,#1315);
#1317=ADVANCED_BREP_SHAPE_REPRESENTATION('',(#1316,#1299),#1312);
#1324=PRODUCT_DEFINITION('part definition','',#1323,#1320);
#1325=PRODUCT_DEFINITION_SHAPE('','SHAPE FOR CW6_330UF_550V_35X55.',#1324);
#1326=SHAPE_ASPECT('','solid data associated with CW6_330UF_550V_35X55',#1325,
.F.);
#1327=PROPERTY_DEFINITION('',
'shape for solid data with which properties are associated',#1326);
#1328=SHAPE_REPRESENTATION('',(#1299),#1312);
#1329=SHAPE_DEFINITION_REPRESENTATION(#1327,#1328);
#1330=(LENGTH_UNIT()NAMED_UNIT(*)SI_UNIT(.MILLI.,.METRE.));
#1334=PROPERTY_DEFINITION('geometric validation property',
'area of CW6_330UF_550V_35X55',#1326);
#1335=REPRESENTATION('surface area',(#1333),#1312);
#1336=PROPERTY_DEFINITION_REPRESENTATION(#1334,#1335);
#1337=(LENGTH_UNIT()NAMED_UNIT(*)SI_UNIT(.MILLI.,.METRE.));
#1341=PROPERTY_DEFINITION('geometric validation property',
'volume of CW6_330UF_550V_35X55',#1326);
#1342=REPRESENTATION('volume',(#1340),#1312);
#1343=PROPERTY_DEFINITION_REPRESENTATION(#1341,#1342);
#1345=PROPERTY_DEFINITION('geometric validation property',
'centroid of CW6_330UF_550V_35X55',#1326);
#1346=REPRESENTATION('centroid',(#1344),#1312);
#1347=PROPERTY_DEFINITION_REPRESENTATION(#1345,#1346);
#1348=(LENGTH_UNIT()NAMED_UNIT(*)SI_UNIT(.MILLI.,.METRE.));
#1352=PROPERTY_DEFINITION('geometric validation property',
'area of CW6_330UF_550V_35X55',#1325);
#1353=REPRESENTATION('surface area',(#1351),#1312);
#1354=PROPERTY_DEFINITION_REPRESENTATION(#1352,#1353);
#1355=(LENGTH_UNIT()NAMED_UNIT(*)SI_UNIT(.MILLI.,.METRE.));
#1359=PROPERTY_DEFINITION('geometric validation property',
'volume of CW6_330UF_550V_35X55',#1325);
#1360=REPRESENTATION('volume',(#1358),#1312);
#1361=PROPERTY_DEFINITION_REPRESENTATION(#1359,#1360);
#1363=PROPERTY_DEFINITION('geometric validation property',
'centroid of CW6_330UF_550V_35X55',#1325);
#1364=REPRESENTATION('centroid',(#1362),#1312);
#1365=PROPERTY_DEFINITION_REPRESENTATION(#1363,#1364);
#1366=SHAPE_DEFINITION_REPRESENTATION(#1325,#1317);
#1367=SHAPE_DEFINITION_REPRESENTATION(#1368,#1369);
#1368=PRODUCT_DEFINITION_SHAPE('','SHAPE FOR CW6_330UF_550V_35X55_ASM.',#3934);
#1369=SHAPE_REPRESENTATION('',(#1379,#2763,#3915,#3929),#3925);
#1370=NEXT_ASSEMBLY_USAGE_OCCURRENCE('0','Next assembly relationship',
'CW6_330UF_550V_35X55',#3934,#1324,$);
#1371=PRODUCT_DEFINITION_SHAPE('Placement #0',
'Placement of CW6_330UF_550V_35X55 with respect to CW6_330UF_550V_35X55_ASM',
#1370);
#1373=PROPERTY_DEFINITION('geometric validation property',
'centroid of CW6_330UF_550V_35X55',#1371);
#1374=REPRESENTATION('centroid',(#1372),#1312);
#1375=PROPERTY_DEFINITION_REPRESENTATION(#1373,#1374);
#1383=COLOUR_RGB('',1.019607843137E-1,4.705882352941E-1,7.843137254902E-1);
#1384=COLOUR_RGB('',1.8E-1,1.8E-1,1.8E-1);
#1390=CIRCLE('',#1389,5.E-1);
#1405=CIRCLE('',#1404,5.E-1);
#1413=CIRCLE('',#1412,7.5E-1);
#1421=CIRCLE('',#1420,5.E-1);
#1436=CIRCLE('',#1435,5.E-1);
#1465=CIRCLE('',#1464,4.E-1);
#1480=CIRCLE('',#1479,4.E-1);
#1488=CIRCLE('',#1487,8.5E-1);
#1496=CIRCLE('',#1495,4.E-1);
#1511=CIRCLE('',#1510,4.E-1);
#1540=CIRCLE('',#1539,1.45E1);
#1548=CIRCLE('',#1547,1.24E1);
#1556=CIRCLE('',#1555,1.24E1);
#1564=CIRCLE('',#1563,1.45E1);
#1572=CIRCLE('',#1571,1.49E1);
#1580=CIRCLE('',#1579,1.49E1);
#1588=CIRCLE('',#1587,1.474E1);
#1596=CIRCLE('',#1595,1.474E1);
#1604=CIRCLE('',#1603,1.49E1);
#1612=CIRCLE('',#1611,1.49E1);
#1620=CIRCLE('',#1619,1.45E1);
#1628=CIRCLE('',#1627,1.34E1);
#1636=CIRCLE('',#1635,1.34E1);
#1644=CIRCLE('',#1643,1.45E1);
#1652=CIRCLE('',#1651,1.5E1);
#1660=CIRCLE('',#1659,1.5E1);
#1668=CIRCLE('',#1667,1.48E1);
#1676=CIRCLE('',#1675,1.48E1);
#1684=CIRCLE('',#1683,1.5E1);
#1692=CIRCLE('',#1691,1.5E1);
#1700=CIRCLE('',#1699,5.E-1);
#1729=CIRCLE('',#1728,4.E-1);
#1744=CIRCLE('',#1743,4.E-1);
#1752=CIRCLE('',#1751,8.5E-1);
#1760=CIRCLE('',#1759,4.E-1);
#1775=CIRCLE('',#1774,4.E-1);
#1804=CIRCLE('',#1803,5.E-1);
#1819=CIRCLE('',#1818,5.E-1);
#1827=CIRCLE('',#1826,7.5E-1);
#1835=CIRCLE('',#1834,5.E-1);
#1931=EDGE_CURVE('',#1849,#1851,#1390,.T.);
#1933=EDGE_CURVE('',#1851,#1853,#1397,.T.);
#1935=EDGE_CURVE('',#1853,#1855,#1405,.T.);
#1937=EDGE_CURVE('',#1855,#1857,#1413,.T.);
#1939=EDGE_CURVE('',#1857,#1859,#1421,.T.);
#1941=EDGE_CURVE('',#1859,#1861,#1428,.T.);
#1943=EDGE_CURVE('',#1861,#1863,#1436,.T.);
#1945=EDGE_CURVE('',#1863,#1865,#1443,.T.);
#1947=EDGE_CURVE('',#1865,#1887,#1450,.T.);
#1949=EDGE_CURVE('',#1887,#1909,#1457,.T.);
#1951=EDGE_CURVE('',#1909,#1907,#1465,.T.);
#1953=EDGE_CURVE('',#1907,#1905,#1472,.T.);
#1955=EDGE_CURVE('',#1905,#1903,#1480,.T.);
#1957=EDGE_CURVE('',#1903,#1901,#1488,.T.);
#1959=EDGE_CURVE('',#1901,#1899,#1496,.T.);
#1961=EDGE_CURVE('',#1899,#1897,#1503,.T.);
#1963=EDGE_CURVE('',#1897,#1895,#1511,.T.);
#1965=EDGE_CURVE('',#1895,#1889,#1518,.T.);
#1967=EDGE_CURVE('',#1889,#1848,#1525,.T.);
#1969=EDGE_CURVE('',#1848,#1849,#1532,.T.);
#1973=ADVANCED_FACE('',(#1972),#1930,.F.);
#1980=EDGE_CURVE('',#1849,#1869,#1540,.T.);
#1982=EDGE_CURVE('',#1869,#1871,#1700,.T.);
#1984=EDGE_CURVE('',#1851,#1871,#1692,.T.);
#1988=ADVANCED_FACE('',(#1987),#1978,.T.);
#1995=EDGE_CURVE('',#1848,#1868,#1548,.T.);
#1997=EDGE_CURVE('',#1868,#1869,#1707,.T.);
#2002=ADVANCED_FACE('',(#2001),#1993,.T.);
#2009=EDGE_CURVE('',#1889,#1893,#1556,.T.);
#2011=EDGE_CURVE('',#1893,#1868,#1714,.T.);
#2016=ADVANCED_FACE('',(#2015),#2007,.F.);
#2023=EDGE_CURVE('',#1895,#1911,#1564,.T.);
#2025=EDGE_CURVE('',#1911,#1893,#1721,.T.);
#2030=ADVANCED_FACE('',(#2029),#2021,.F.);
#2037=EDGE_CURVE('',#1897,#1913,#1572,.T.);
#2039=EDGE_CURVE('',#1913,#1911,#1729,.T.);
#2044=ADVANCED_FACE('',(#2043),#2035,.F.);
#2051=EDGE_CURVE('',#1899,#1915,#1580,.T.);
#2053=EDGE_CURVE('',#1915,#1913,#1736,.T.);
#2058=ADVANCED_FACE('',(#2057),#2049,.F.);
#2065=EDGE_CURVE('',#1901,#1917,#1588,.T.);
#2067=EDGE_CURVE('',#1917,#1915,#1744,.T.);
#2072=ADVANCED_FACE('',(#2071),#2063,.F.);
#2079=EDGE_CURVE('',#1903,#1919,#1596,.T.);
#2081=EDGE_CURVE('',#1919,#1917,#1752,.T.);
#2086=ADVANCED_FACE('',(#2085),#2077,.T.);
#2093=EDGE_CURVE('',#1905,#1921,#1604,.T.);
#2095=EDGE_CURVE('',#1921,#1919,#1760,.T.);
#2100=ADVANCED_FACE('',(#2099),#2091,.F.);
#2107=EDGE_CURVE('',#1907,#1923,#1612,.T.);
#2109=EDGE_CURVE('',#1923,#1921,#1767,.T.);
#2114=ADVANCED_FACE('',(#2113),#2105,.F.);
#2121=EDGE_CURVE('',#1909,#1925,#1620,.T.);
#2123=EDGE_CURVE('',#1925,#1923,#1775,.T.);
#2128=ADVANCED_FACE('',(#2127),#2119,.F.);
#2135=EDGE_CURVE('',#1887,#1891,#1628,.T.);
#2137=EDGE_CURVE('',#1891,#1925,#1782,.T.);
#2142=ADVANCED_FACE('',(#2141),#2133,.T.);
#2149=EDGE_CURVE('',#1865,#1885,#1636,.T.);
#2151=EDGE_CURVE('',#1885,#1891,#1789,.T.);
#2156=ADVANCED_FACE('',(#2155),#2147,.F.);
#2163=EDGE_CURVE('',#1863,#1883,#1644,.T.);
#2165=EDGE_CURVE('',#1883,#1885,#1796,.T.);
#2170=ADVANCED_FACE('',(#2169),#2161,.F.);
#2177=EDGE_CURVE('',#1861,#1881,#1652,.T.);
#2179=EDGE_CURVE('',#1881,#1883,#1804,.T.);
#2184=ADVANCED_FACE('',(#2183),#2175,.T.);
#2191=EDGE_CURVE('',#1859,#1879,#1660,.T.);
#2193=EDGE_CURVE('',#1879,#1881,#1811,.T.);
#2198=ADVANCED_FACE('',(#2197),#2189,.T.);
#2205=EDGE_CURVE('',#1857,#1877,#1668,.T.);
#2207=EDGE_CURVE('',#1877,#1879,#1819,.T.);
#2212=ADVANCED_FACE('',(#2211),#2203,.T.);
#2219=EDGE_CURVE('',#1855,#1875,#1676,.T.);
#2221=EDGE_CURVE('',#1875,#1877,#1827,.T.);
#2226=ADVANCED_FACE('',(#2225),#2217,.F.);
#2233=EDGE_CURVE('',#1853,#1873,#1684,.T.);
#2235=EDGE_CURVE('',#1873,#1875,#1835,.T.);
#2240=ADVANCED_FACE('',(#2239),#2231,.T.);
#2248=EDGE_CURVE('',#1871,#1873,#1842,.T.);
#2253=ADVANCED_FACE('',(#2252),#2245,.T.);
#2281=ADVANCED_FACE('',(#2280),#2258,.T.);
#2282=CLOSED_SHELL('',(#1973,#1988,#2002,#2016,#2030,#2044,#2058,#2072,#2086,
#2100,#2114,#2128,#2142,#2156,#2170,#2184,#2198,#2212,#2226,#2240,#2253,#2281));
#2301=CIRCLE('',#2300,1.49E1);
#2309=CIRCLE('',#2308,4.E-1);
#2317=CIRCLE('',#2316,4.E-1);
#2325=CIRCLE('',#2324,1.49E1);
#2333=CIRCLE('',#2332,8.5E-1);
#2341=CIRCLE('',#2340,8.5E-1);
#2349=CIRCLE('',#2348,1.474E1);
#2357=CIRCLE('',#2356,4.E-1);
#2365=CIRCLE('',#2364,4.E-1);
#2373=CIRCLE('',#2372,1.474E1);
#2395=CIRCLE('',#2394,1.49E1);
#2403=CIRCLE('',#2402,1.488729833462E1);
#2411=CIRCLE('',#2410,4.E-1);
#2419=CIRCLE('',#2418,1.49E1);
#2427=CIRCLE('',#2426,4.E-1);
#2435=CIRCLE('',#2434,1.45E1);
#2450=CIRCLE('',#2449,1.24E1);
#2502=EDGE_CURVE('',#2463,#2464,#2286,.T.);
#2504=EDGE_CURVE('',#2464,#2476,#2325,.T.);
#2506=EDGE_CURVE('',#2476,#2475,#2293,.T.);
#2508=EDGE_CURVE('',#2475,#2463,#2301,.T.);
#2512=ADVANCED_FACE('',(#2511),#2501,.T.);
#2525=EDGE_CURVE('',#2464,#2466,#2309,.T.);
#2527=EDGE_CURVE('',#2466,#2478,#2349,.T.);
#2529=EDGE_CURVE('',#2478,#2476,#2317,.T.);
#2534=ADVANCED_FACE('',(#2533),#2524,.T.);
#2547=EDGE_CURVE('',#2466,#2468,#2333,.T.);
#2549=EDGE_CURVE('',#2468,#2480,#2373,.T.);
#2551=EDGE_CURVE('',#2480,#2478,#2341,.T.);
#2556=ADVANCED_FACE('',(#2555),#2546,.F.);
#2569=EDGE_CURVE('',#2468,#2470,#2357,.T.);
#2571=EDGE_CURVE('',#2470,#2482,#2395,.T.);
#2573=EDGE_CURVE('',#2482,#2480,#2365,.T.);
#2578=ADVANCED_FACE('',(#2577),#2568,.T.);
#2591=EDGE_CURVE('',#2470,#2472,#2380,.T.);
#2593=EDGE_CURVE('',#2472,#2484,#2419,.T.);
#2595=EDGE_CURVE('',#2484,#2482,#2387,.T.);
#2600=ADVANCED_FACE('',(#2599),#2590,.T.);
#2613=EDGE_CURVE('',#2491,#2492,#2403,.T.);
#2615=EDGE_CURVE('',#2492,#2484,#2411,.T.);
#2618=EDGE_CURVE('',#2472,#2491,#2427,.T.);
#2622=ADVANCED_FACE('',(#2621),#2612,.T.);
#2635=EDGE_CURVE('',#2496,#2495,#2435,.T.);
#2637=EDGE_CURVE('',#2495,#2488,#2442,.T.);
#2639=EDGE_CURVE('',#2488,#2487,#2450,.T.);
#2641=EDGE_CURVE('',#2487,#2496,#2457,.T.);
#2645=ADVANCED_FACE('',(#2644),#2634,.T.);
#2653=OPEN_SHELL('',(#2512,#2534,#2556,#2578,#2600,#2622,#2645));
#2660=MANIFOLD_SOLID_BREP('',#2282);
#2668=SHELL_BASED_SURFACE_MODEL('',(#2653));
#2673=(LENGTH_UNIT()NAMED_UNIT(*)SI_UNIT(.MILLI.,.METRE.));
#2674=(NAMED_UNIT(*)PLANE_ANGLE_UNIT()SI_UNIT($,.RADIAN.));
#2677=(NAMED_UNIT(*)SI_UNIT($,.STERADIAN.)SOLID_ANGLE_UNIT());
#2679=(GEOMETRIC_REPRESENTATION_CONTEXT(3)GLOBAL_UNCERTAINTY_ASSIGNED_CONTEXT((
#2678))GLOBAL_UNIT_ASSIGNED_CONTEXT((#2673,#2676,#2677))REPRESENTATION_CONTEXT(
'ID2','3'));
#2683=AXIS2_PLACEMENT_3D('',#2680,#2681,#2682);
#2684=ADVANCED_BREP_SHAPE_REPRESENTATION('',(#2683,#2660),#2679);
#2688=AXIS2_PLACEMENT_3D('',#2685,#2686,#2687);
#2689=MANIFOLD_SURFACE_SHAPE_REPRESENTATION('',(#2688,#2668),#2679);
#2693=AXIS2_PLACEMENT_3D('',#2690,#2691,#2692);
#2694=SHAPE_REPRESENTATION('',(#2693),#2679);
#2700=PRODUCT_DEFINITION('part definition','',#2699,#1320);
#2701=PRODUCT_DEFINITION_SHAPE('','SHAPE FOR BLACK_FILM.',#2700);
#2702=SHAPE_ASPECT('','solid data associated with BLACK_FILM',#2701,.F.);
#2703=PROPERTY_DEFINITION('',
'shape for solid data with which properties are associated',#2702);
#2704=SHAPE_REPRESENTATION('',(#2660),#2679);
#2705=SHAPE_DEFINITION_REPRESENTATION(#2703,#2704);
#2706=(LENGTH_UNIT()NAMED_UNIT(*)SI_UNIT(.MILLI.,.METRE.));
#2710=PROPERTY_DEFINITION('geometric validation property','area of BLACK_FILM',
#2702);
#2711=REPRESENTATION('surface area',(#2709),#2679);
#2712=PROPERTY_DEFINITION_REPRESENTATION(#2710,#2711);
#2713=(LENGTH_UNIT()NAMED_UNIT(*)SI_UNIT(.MILLI.,.METRE.));
#2717=PROPERTY_DEFINITION('geometric validation property',
'volume of BLACK_FILM',#2702);
#2718=REPRESENTATION('volume',(#2716),#2679);
#2719=PROPERTY_DEFINITION_REPRESENTATION(#2717,#2718);
#2721=PROPERTY_DEFINITION('geometric validation property',
'centroid of BLACK_FILM',#2702);
#2722=REPRESENTATION('centroid',(#2720),#2679);
#2723=PROPERTY_DEFINITION_REPRESENTATION(#2721,#2722);
#2724=SHAPE_ASPECT('','surface data associated with BLACK_FILM',#2701,.F.);
#2725=PROPERTY_DEFINITION('',
'shape for surface data with which properties are associated',#2724);
#2726=SHAPE_REPRESENTATION('',(#2668),#2679);
#2727=SHAPE_DEFINITION_REPRESENTATION(#2725,#2726);
#2728=(LENGTH_UNIT()NAMED_UNIT(*)SI_UNIT(.MILLI.,.METRE.));
#2732=PROPERTY_DEFINITION('geometric validation property','area of BLACK_FILM',
#2724);
#2733=REPRESENTATION('surface area',(#2731),#2679);
#2734=PROPERTY_DEFINITION_REPRESENTATION(#2732,#2733);
#2735=(LENGTH_UNIT()NAMED_UNIT(*)SI_UNIT(.MILLI.,.METRE.));
#2739=PROPERTY_DEFINITION('geometric validation property','area of BLACK_FILM',
#2701);
#2740=REPRESENTATION('surface area',(#2738),#2679);
#2741=PROPERTY_DEFINITION_REPRESENTATION(#2739,#2740);
#2742=(LENGTH_UNIT()NAMED_UNIT(*)SI_UNIT(.MILLI.,.METRE.));
#2746=PROPERTY_DEFINITION('geometric validation property',
'volume of BLACK_FILM',#2701);
#2747=REPRESENTATION('volume',(#2745),#2679);
#2748=PROPERTY_DEFINITION_REPRESENTATION(#2746,#2747);
#2750=PROPERTY_DEFINITION('geometric validation property',
'centroid of BLACK_FILM',#2701);
#2751=REPRESENTATION('centroid',(#2749),#2679);
#2752=PROPERTY_DEFINITION_REPRESENTATION(#2750,#2751);
#2753=SHAPE_DEFINITION_REPRESENTATION(#2701,#2694);
#2754=NEXT_ASSEMBLY_USAGE_OCCURRENCE('1','Next assembly relationship',
'BLACK_FILM',#3934,#2700,$);
#2755=PRODUCT_DEFINITION_SHAPE('Placement #1',
'Placement of BLACK_FILM with respect to CW6_330UF_550V_35X55_ASM',#2754);
#2757=PROPERTY_DEFINITION('geometric validation property',
'centroid of BLACK_FILM',#2755);
#2758=REPRESENTATION('centroid',(#2756),#2679);
#2759=PROPERTY_DEFINITION_REPRESENTATION(#2757,#2758);
#2767=COLOUR_RGB('',4.4E-1,5.E-1,6.E-1);
#2768=COLOUR_RGB('',9.6E-1,9.6E-1,9.4E-1);
#2773=CIRCLE('',#2772,1.75E0);
#2818=CIRCLE('',#2817,1.75E0);
#2831=CIRCLE('',#2830,2.E0);
#2840=CIRCLE('',#2839,2.E0);
#2853=CIRCLE('',#2852,2.E0);
#2858=CIRCLE('',#2857,2.E0);
#2871=CIRCLE('',#2870,2.E0);
#2880=CIRCLE('',#2879,2.E0);
#2897=CIRCLE('',#2896,2.E0);
#2902=CIRCLE('',#2901,2.E0);
#2976=EDGE_CURVE('',#2965,#2966,#2773,.T.);
#2978=EDGE_CURVE('',#2969,#2965,#2793,.T.);
#2980=EDGE_CURVE('',#2969,#2970,#2818,.T.);
#2982=EDGE_CURVE('',#2970,#2966,#2801,.T.);
#2986=ADVANCED_FACE('',(#2985),#2975,.F.);
#3000=EDGE_CURVE('',#2966,#2957,#2797,.T.);
#3002=EDGE_CURVE('',#2962,#2957,#2906,.T.);
#3004=EDGE_CURVE('',#2961,#2962,#2862,.T.);
#3006=EDGE_CURVE('',#2961,#2954,#2777,.T.);
#3008=EDGE_CURVE('',#2954,#2965,#2781,.T.);
#3012=ADVANCED_FACE('',(#3011),#2998,.T.);
#3026=EDGE_CURVE('',#2953,#2954,#2785,.T.);
#3028=EDGE_CURVE('',#2969,#2953,#2789,.T.);
#3033=ADVANCED_FACE('',(#3032),#3024,.T.);
#3048=EDGE_CURVE('',#2958,#2970,#2805,.T.);
#3050=EDGE_CURVE('',#2957,#2958,#2809,.T.);
#3054=ADVANCED_FACE('',(#3053),#3045,.T.);
#3067=EDGE_CURVE('',#2926,#2953,#2813,.T.);
#3071=EDGE_CURVE('',#2961,#2937,#2884,.T.);
#3073=EDGE_CURVE('',#2928,#2937,#2848,.T.);
#3075=EDGE_CURVE('',#2926,#2928,#2826,.T.);
#3079=ADVANCED_FACE('',(#3078),#3066,.T.);
#3095=EDGE_CURVE('',#2925,#2926,#2822,.T.);
#3097=EDGE_CURVE('',#2958,#2925,#2910,.T.);
#3102=ADVANCED_FACE('',(#3101),#3091,.T.);
#3117=EDGE_CURVE('',#2928,#2930,#2831,.T.);
#3119=EDGE_CURVE('',#2930,#2932,#2835,.T.);
#3121=EDGE_CURVE('',#2932,#2934,#2840,.T.);
#3123=EDGE_CURVE('',#2934,#2925,#2844,.T.);
#3127=ADVANCED_FACE('',(#3126),#3114,.F.);
#3142=EDGE_CURVE('',#2937,#2938,#2880,.T.);
#3144=EDGE_CURVE('',#2930,#2938,#2922,.T.);
#3148=ADVANCED_FACE('',(#3147),#3139,.T.);
#3162=EDGE_CURVE('',#2942,#2962,#2866,.T.);
#3164=EDGE_CURVE('',#2940,#2942,#2871,.T.);
#3166=EDGE_CURVE('',#2938,#2940,#2875,.T.);
#3172=EDGE_CURVE('',#2949,#2950,#2853,.T.);
#3174=EDGE_CURVE('',#2950,#2949,#2858,.T.);
#3178=ADVANCED_FACE('',(#3171,#3177),#3160,.T.);
#3192=EDGE_CURVE('',#2949,#2945,#2888,.T.);
#3194=EDGE_CURVE('',#2945,#2946,#2897,.T.);
#3196=EDGE_CURVE('',#2950,#2946,#2892,.T.);
#3200=ADVANCED_FACE('',(#3199),#3190,.T.);
#3215=EDGE_CURVE('',#2946,#2945,#2902,.T.);
#3220=ADVANCED_FACE('',(#3219),#3212,.T.);
#3237=ADVANCED_FACE('',(#3236),#3232,.T.);
#3255=EDGE_CURVE('',#2934,#2942,#2914,.T.);
#3259=ADVANCED_FACE('',(#3258),#3249,.T.);
#3273=EDGE_CURVE('',#2932,#2940,#2918,.T.);
#3279=ADVANCED_FACE('',(#3278),#3271,.T.);
#3298=ADVANCED_FACE('',(#3297),#3291,.T.);
#3306=CLOSED_SHELL('',(#2986,#3012,#3033,#3054,#3079,#3102,#3127,#3148,#3178,
#3200,#3220,#3237,#3259,#3279,#3298));
#3307=MANIFOLD_SOLID_BREP('',#3306);
#3312=CIRCLE('',#3311,1.75E0);
#3357=CIRCLE('',#3356,1.75E0);
#3366=CIRCLE('',#3365,2.E0);
#3383=CIRCLE('',#3382,2.E0);
#3404=CIRCLE('',#3403,2.E0);
#3409=CIRCLE('',#3408,2.E0);
#3422=CIRCLE('',#3421,2.E0);
#3431=CIRCLE('',#3430,2.E0);
#3448=CIRCLE('',#3447,2.E0);
#3453=CIRCLE('',#3452,2.E0);
#3515=EDGE_CURVE('',#3504,#3505,#3312,.T.);
#3517=EDGE_CURVE('',#3508,#3504,#3332,.T.);
#3519=EDGE_CURVE('',#3508,#3509,#3357,.T.);
#3521=EDGE_CURVE('',#3509,#3505,#3340,.T.);
#3525=ADVANCED_FACE('',(#3524),#3514,.F.);
#3539=EDGE_CURVE('',#3505,#3492,#3336,.T.);
#3541=EDGE_CURVE('',#3500,#3492,#3457,.T.);
#3543=EDGE_CURVE('',#3500,#3501,#3413,.T.);
#3545=EDGE_CURVE('',#3501,#3497,#3316,.T.);
#3547=EDGE_CURVE('',#3497,#3504,#3320,.T.);
#3551=ADVANCED_FACE('',(#3550),#3537,.T.);
#3565=EDGE_CURVE('',#3496,#3497,#3324,.T.);
#3567=EDGE_CURVE('',#3508,#3496,#3328,.T.);
#3572=ADVANCED_FACE('',(#3571),#3563,.T.);
#3587=EDGE_CURVE('',#3493,#3509,#3344,.T.);
#3589=EDGE_CURVE('',#3492,#3493,#3348,.T.);
#3593=ADVANCED_FACE('',(#3592),#3584,.T.);
#3606=EDGE_CURVE('',#3467,#3496,#3352,.T.);
#3610=EDGE_CURVE('',#3501,#3481,#3435,.T.);
#3612=EDGE_CURVE('',#3469,#3481,#3399,.T.);
#3614=EDGE_CURVE('',#3467,#3469,#3378,.T.);
#3618=ADVANCED_FACE('',(#3617),#3605,.T.);
#3634=EDGE_CURVE('',#3465,#3467,#3374,.T.);
#3636=EDGE_CURVE('',#3465,#3493,#3361,.T.);
#3641=ADVANCED_FACE('',(#3640),#3630,.T.);
#3654=EDGE_CURVE('',#3473,#3464,#3366,.T.);
#3656=EDGE_CURVE('',#3464,#3465,#3370,.T.);
#3660=EDGE_CURVE('',#3469,#3472,#3383,.T.);
#3662=EDGE_CURVE('',#3472,#3473,#3387,.T.);
#3666=ADVANCED_FACE('',(#3665),#3653,.F.);
#3680=EDGE_CURVE('',#3473,#3477,#3391,.T.);
#3682=EDGE_CURVE('',#3477,#3479,#3422,.T.);
#3684=EDGE_CURVE('',#3464,#3479,#3461,.T.);
#3688=ADVANCED_FACE('',(#3687),#3678,.T.);
#3702=EDGE_CURVE('',#3472,#3476,#3395,.T.);
#3704=EDGE_CURVE('',#3476,#3477,#3426,.T.);
#3709=ADVANCED_FACE('',(#3708),#3700,.T.);
#3724=EDGE_CURVE('',#3481,#3476,#3431,.T.);
#3729=ADVANCED_FACE('',(#3728),#3721,.T.);
#3743=EDGE_CURVE('',#3479,#3500,#3417,.T.);
#3751=EDGE_CURVE('',#3488,#3489,#3404,.T.);
#3753=EDGE_CURVE('',#3489,#3488,#3409,.T.);
#3757=ADVANCED_FACE('',(#3750,#3756),#3741,.T.);
#3771=EDGE_CURVE('',#3488,#3484,#3439,.T.);
#3773=EDGE_CURVE('',#3484,#3485,#3448,.T.);
#3775=EDGE_CURVE('',#3489,#3485,#3443,.T.);
#3779=ADVANCED_FACE('',(#3778),#3769,.T.);
#3794=EDGE_CURVE('',#3485,#3484,#3453,.T.);
#3799=ADVANCED_FACE('',(#3798),#3791,.T.);
#3816=ADVANCED_FACE('',(#3815),#3811,.T.);
#3837=ADVANCED_FACE('',(#3836),#3828,.T.);
#3845=CLOSED_SHELL('',(#3525,#3551,#3572,#3593,#3618,#3641,#3666,#3688,#3709,
#3729,#3757,#3779,#3799,#3816,#3837));
#3846=MANIFOLD_SOLID_BREP('',#3845);
#3847=(LENGTH_UNIT()NAMED_UNIT(*)SI_UNIT(.MILLI.,.METRE.));
#3848=(NAMED_UNIT(*)PLANE_ANGLE_UNIT()SI_UNIT($,.RADIAN.));
#3851=(NAMED_UNIT(*)SI_UNIT($,.STERADIAN.)SOLID_ANGLE_UNIT());
#3853=(GEOMETRIC_REPRESENTATION_CONTEXT(3)GLOBAL_UNCERTAINTY_ASSIGNED_CONTEXT((
#3852))GLOBAL_UNIT_ASSIGNED_CONTEXT((#3847,#3850,#3851))REPRESENTATION_CONTEXT(
'ID3','3'));
#3857=AXIS2_PLACEMENT_3D('',#3854,#3855,#3856);
#3858=ADVANCED_BREP_SHAPE_REPRESENTATION('',(#3857,#3307,#3846),#3853);
#3863=PRODUCT_DEFINITION('part definition','',#3862,#3859);
#3864=PRODUCT_DEFINITION_SHAPE('','SHAPE FOR T-DAOZHEN2.',#3863);
#3865=SHAPE_ASPECT('','solid data associated with T-DAOZHEN2',#3864,.F.);
#3866=PROPERTY_DEFINITION('',
'shape for solid data with which properties are associated',#3865);
#3867=SHAPE_REPRESENTATION('',(#3307,#3846),#3853);
#3868=SHAPE_DEFINITION_REPRESENTATION(#3866,#3867);
#3869=(LENGTH_UNIT()NAMED_UNIT(*)SI_UNIT(.MILLI.,.METRE.));
#3873=PROPERTY_DEFINITION('geometric validation property','area of T-DAOZHEN2',
#3865);
#3874=REPRESENTATION('surface area',(#3872),#3853);
#3875=PROPERTY_DEFINITION_REPRESENTATION(#3873,#3874);
#3876=(LENGTH_UNIT()NAMED_UNIT(*)SI_UNIT(.MILLI.,.METRE.));
#3880=PROPERTY_DEFINITION('geometric validation property',
'volume of T-DAOZHEN2',#3865);
#3881=REPRESENTATION('volume',(#3879),#3853);
#3882=PROPERTY_DEFINITION_REPRESENTATION(#3880,#3881);
#3884=PROPERTY_DEFINITION('geometric validation property',
'centroid of T-DAOZHEN2',#3865);
#3885=REPRESENTATION('centroid',(#3883),#3853);
#3886=PROPERTY_DEFINITION_REPRESENTATION(#3884,#3885);
#3887=(LENGTH_UNIT()NAMED_UNIT(*)SI_UNIT(.MILLI.,.METRE.));
#3891=PROPERTY_DEFINITION('geometric validation property','area of T-DAOZHEN2',
#3864);
#3892=REPRESENTATION('surface area',(#3890),#3853);
#3893=PROPERTY_DEFINITION_REPRESENTATION(#3891,#3892);
#3894=(LENGTH_UNIT()NAMED_UNIT(*)SI_UNIT(.MILLI.,.METRE.));
#3898=PROPERTY_DEFINITION('geometric validation property',
'volume of T-DAOZHEN2',#3864);
#3899=REPRESENTATION('volume',(#3897),#3853);
#3900=PROPERTY_DEFINITION_REPRESENTATION(#3898,#3899);
#3902=PROPERTY_DEFINITION('geometric validation property',
'centroid of T-DAOZHEN2',#3864);
#3903=REPRESENTATION('centroid',(#3901),#3853);
#3904=PROPERTY_DEFINITION_REPRESENTATION(#3902,#3903);
#3905=SHAPE_DEFINITION_REPRESENTATION(#3864,#3858);
#3906=NEXT_ASSEMBLY_USAGE_OCCURRENCE('2','Next assembly relationship',
'T-DAOZHEN2',#3934,#3863,$);
#3907=PRODUCT_DEFINITION_SHAPE('Placement #2',
'Placement of T-DAOZHEN2 with respect to CW6_330UF_550V_35X55_ASM',#3906);
#3909=PROPERTY_DEFINITION('geometric validation property',
'centroid of T-DAOZHEN2',#3907);
#3910=REPRESENTATION('centroid',(#3908),#3853);
#3911=PROPERTY_DEFINITION_REPRESENTATION(#3909,#3910);
#3919=(LENGTH_UNIT()NAMED_UNIT(*)SI_UNIT(.MILLI.,.METRE.));
#3920=(NAMED_UNIT(*)PLANE_ANGLE_UNIT()SI_UNIT($,.RADIAN.));
#3923=(NAMED_UNIT(*)SI_UNIT($,.STERADIAN.)SOLID_ANGLE_UNIT());
#3925=(GEOMETRIC_REPRESENTATION_CONTEXT(3)GLOBAL_UNCERTAINTY_ASSIGNED_CONTEXT((
#3924))GLOBAL_UNIT_ASSIGNED_CONTEXT((#3919,#3922,#3923))REPRESENTATION_CONTEXT(
'ID4','3'));
#3929=AXIS2_PLACEMENT_3D('',#3926,#3927,#3928);
#3934=PRODUCT_DEFINITION('part definition','',#3933,#3859);
#3935=(LENGTH_UNIT()NAMED_UNIT(*)SI_UNIT(.MILLI.,.METRE.));
#3939=PROPERTY_DEFINITION('geometric validation property',
'area of CW6_330UF_550V_35X55_ASM',#1368);
#3940=REPRESENTATION('surface area',(#3938),#3925);
#3941=PROPERTY_DEFINITION_REPRESENTATION(#3939,#3940);
#3942=(LENGTH_UNIT()NAMED_UNIT(*)SI_UNIT(.MILLI.,.METRE.));
#3946=PROPERTY_DEFINITION('geometric validation property',
'volume of CW6_330UF_550V_35X55_ASM',#1368);
#3947=REPRESENTATION('volume',(#3945),#3925);
#3948=PROPERTY_DEFINITION_REPRESENTATION(#3946,#3947);
#3950=PROPERTY_DEFINITION('geometric validation property',
'centroid of CW6_330UF_550V_35X55_ASM',#1368);
#3951=REPRESENTATION('centroid',(#3949),#3925);
#3952=PROPERTY_DEFINITION_REPRESENTATION(#3950,#3951);
ENDSEC;
END-ISO-10303-21;
