ISO-10303-21;
HEADER;
FILE_DESCRIPTION((''),'2;1');
FILE_NAME('1250-1450_ASM','2026-05-11T08:57:18',('Administrator'),(''),
'CREO PARAMETRIC BY PTC INC, 2018100','CREO PARAMETRIC BY PTC INC, 2018100','');
FILE_SCHEMA(('AUTOMOTIVE_DESIGN { 1 0 10303 214 1 1 1 1 }'));
ENDSEC;
DATA;
#26=DIRECTION('',(0.E0,-1.E0,0.E0));
#27=VECTOR('',#26,5.85E0);
#28=CARTESIAN_POINT('',(0.E0,6.4E0,3.5E0));
#29=LINE('',#28,#27);
#30=DRAUGHTING_PRE_DEFINED_CURVE_FONT('continuous');
#31=CURVE_STYLE('',#30,POSITIVE_LENGTH_MEASURE(2.E-2),#22);
#32=PRESENTATION_STYLE_ASSIGNMENT((#31));
#33=STYLED_ITEM('',(#32),#29);
#34=DIRECTION('',(0.E0,0.E0,1.E0));
#35=VECTOR('',#34,2.01363725E0);
#36=CARTESIAN_POINT('',(0.E0,6.4E0,3.5E0));
#37=LINE('',#36,#35);
#38=CURVE_STYLE('',#30,POSITIVE_LENGTH_MEASURE(2.E-2),#22);
#39=PRESENTATION_STYLE_ASSIGNMENT((#38));
#40=STYLED_ITEM('',(#39),#37);
#41=DIRECTION('',(0.E0,-7.071067811865E-1,7.071067811865E-1));
#42=VECTOR('',#41,1.253506222232E0);
#43=CARTESIAN_POINT('',(0.E0,6.4E0,5.51363725E0));
#44=LINE('',#43,#42);
#45=CURVE_STYLE('',#30,POSITIVE_LENGTH_MEASURE(2.E-2),#22);
#46=PRESENTATION_STYLE_ASSIGNMENT((#45));
#47=STYLED_ITEM('',(#46),#44);
#48=DIRECTION('',(0.E0,-1.E0,0.E0));
#49=VECTOR('',#48,4.96363725E0);
#50=CARTESIAN_POINT('',(0.E0,5.51363725E0,6.4E0));
#51=LINE('',#50,#49);
#52=CURVE_STYLE('',#30,POSITIVE_LENGTH_MEASURE(2.E-2),#22);
#53=PRESENTATION_STYLE_ASSIGNMENT((#52));
#54=STYLED_ITEM('',(#53),#51);
#55=DIRECTION('',(0.E0,-1.E0,0.E0));
#56=VECTOR('',#55,5.85E0);
#57=CARTESIAN_POINT('',(0.E0,-5.5E-1,3.5E0));
#58=LINE('',#57,#56);
#59=CURVE_STYLE('',#30,POSITIVE_LENGTH_MEASURE(2.E-2),#22);
#60=PRESENTATION_STYLE_ASSIGNMENT((#59));
#61=STYLED_ITEM('',(#60),#58);
#62=DIRECTION('',(0.E0,-1.E0,0.E0));
#63=VECTOR('',#62,4.96363725E0);
#64=CARTESIAN_POINT('',(0.E0,-5.5E-1,6.4E0));
#65=LINE('',#64,#63);
#66=CURVE_STYLE('',#30,POSITIVE_LENGTH_MEASURE(2.E-2),#22);
#67=PRESENTATION_STYLE_ASSIGNMENT((#66));
#68=STYLED_ITEM('',(#67),#65);
#69=DIRECTION('',(0.E0,7.071067811865E-1,7.071067811865E-1));
#70=VECTOR('',#69,1.253506222232E0);
#71=CARTESIAN_POINT('',(0.E0,-6.4E0,5.51363725E0));
#72=LINE('',#71,#70);
#73=CURVE_STYLE('',#30,POSITIVE_LENGTH_MEASURE(2.E-2),#22);
#74=PRESENTATION_STYLE_ASSIGNMENT((#73));
#75=STYLED_ITEM('',(#74),#72);
#76=DIRECTION('',(0.E0,-1.E0,0.E0));
#77=VECTOR('',#76,5.85E0);
#78=CARTESIAN_POINT('',(0.E0,6.4E0,-3.5E0));
#79=LINE('',#78,#77);
#80=CURVE_STYLE('',#30,POSITIVE_LENGTH_MEASURE(2.E-2),#22);
#81=PRESENTATION_STYLE_ASSIGNMENT((#80));
#82=STYLED_ITEM('',(#81),#79);
#83=DIRECTION('',(0.E0,1.E0,0.E0));
#84=VECTOR('',#83,5.502778125E0);
#85=CARTESIAN_POINT('',(0.E0,5.5E-1,-6.4E0));
#86=LINE('',#85,#84);
#87=CURVE_STYLE('',#30,POSITIVE_LENGTH_MEASURE(2.E-2),#22);
#88=PRESENTATION_STYLE_ASSIGNMENT((#87));
#89=STYLED_ITEM('',(#88),#86);
#90=CARTESIAN_POINT('',(0.E0,6.052778125E0,-6.052778125E0));
#91=DIRECTION('',(1.E0,0.E0,0.E0));
#92=DIRECTION('',(0.E0,1.534773844016E-14,-1.E0));
#93=AXIS2_PLACEMENT_3D('',#90,#91,#92);
#95=CURVE_STYLE('',#30,POSITIVE_LENGTH_MEASURE(2.E-2),#22);
#96=PRESENTATION_STYLE_ASSIGNMENT((#95));
#97=STYLED_ITEM('',(#96),#94);
#98=DIRECTION('',(0.E0,0.E0,1.E0));
#99=VECTOR('',#98,2.552778125E0);
#100=CARTESIAN_POINT('',(0.E0,6.4E0,-6.052778125E0));
#101=LINE('',#100,#99);
#102=CURVE_STYLE('',#30,POSITIVE_LENGTH_MEASURE(2.E-2),#22);
#103=PRESENTATION_STYLE_ASSIGNMENT((#102));
#104=STYLED_ITEM('',(#103),#101);
#105=DIRECTION('',(0.E0,-1.E0,0.E0));
#106=VECTOR('',#105,5.85E0);
#107=CARTESIAN_POINT('',(0.E0,-5.5E-1,-3.5E0));
#108=LINE('',#107,#106);
#109=CURVE_STYLE('',#30,POSITIVE_LENGTH_MEASURE(2.E-2),#22);
#110=PRESENTATION_STYLE_ASSIGNMENT((#109));
#111=STYLED_ITEM('',(#110),#108);
#112=CARTESIAN_POINT('',(0.E0,-6.052778125E0,-6.052778125E0));
#113=DIRECTION('',(1.E0,0.E0,0.E0));
#114=DIRECTION('',(0.E0,-1.E0,-1.534773844016E-14));
#115=AXIS2_PLACEMENT_3D('',#112,#113,#114);
#117=CURVE_STYLE('',#30,POSITIVE_LENGTH_MEASURE(2.E-2),#22);
#118=PRESENTATION_STYLE_ASSIGNMENT((#117));
#119=STYLED_ITEM('',(#118),#116);
#120=DIRECTION('',(0.E0,1.E0,0.E0));
#121=VECTOR('',#120,5.502778125E0);
#122=CARTESIAN_POINT('',(0.E0,-6.052778125E0,-6.4E0));
#123=LINE('',#122,#121);
#124=CURVE_STYLE('',#30,POSITIVE_LENGTH_MEASURE(2.E-2),#22);
#125=PRESENTATION_STYLE_ASSIGNMENT((#124));
#126=STYLED_ITEM('',(#125),#123);
#127=DIRECTION('',(0.E0,0.E0,1.E0));
#128=VECTOR('',#127,1.01E0);
#129=CARTESIAN_POINT('',(5.E-2,5.5E-1,2.49E0));
#130=LINE('',#129,#128);
#131=CURVE_STYLE('',#30,POSITIVE_LENGTH_MEASURE(2.E-2),#22);
#132=PRESENTATION_STYLE_ASSIGNMENT((#131));
#133=STYLED_ITEM('',(#132),#130);
#134=DIRECTION('',(1.E0,0.E0,0.E0));
#135=VECTOR('',#134,5.E-2);
#136=CARTESIAN_POINT('',(0.E0,5.5E-1,3.5E0));
#137=LINE('',#136,#135);
#138=CURVE_STYLE('',#30,POSITIVE_LENGTH_MEASURE(2.E-2),#22);
#139=PRESENTATION_STYLE_ASSIGNMENT((#138));
#140=STYLED_ITEM('',(#139),#137);
#141=DIRECTION('',(0.E0,0.E0,1.E0));
#142=VECTOR('',#141,2.9E0);
#143=CARTESIAN_POINT('',(0.E0,5.5E-1,3.5E0));
#144=LINE('',#143,#142);
#145=CURVE_STYLE('',#30,POSITIVE_LENGTH_MEASURE(2.E-2),#22);
#146=PRESENTATION_STYLE_ASSIGNMENT((#145));
#147=STYLED_ITEM('',(#146),#144);
#148=DIRECTION('',(0.E0,0.E0,-1.E0));
#149=VECTOR('',#148,3.91E0);
#150=CARTESIAN_POINT('',(3.E-1,5.5E-1,6.4E0));
#151=LINE('',#150,#149);
#152=CURVE_STYLE('',#30,POSITIVE_LENGTH_MEASURE(2.E-2),#22);
#153=PRESENTATION_STYLE_ASSIGNMENT((#152));
#154=STYLED_ITEM('',(#153),#151);
#155=DIRECTION('',(0.E0,1.E0,0.E0));
#156=VECTOR('',#155,5.85E0);
#157=CARTESIAN_POINT('',(5.E-2,5.5E-1,3.5E0));
#158=LINE('',#157,#156);
#159=CURVE_STYLE('',#30,POSITIVE_LENGTH_MEASURE(2.E-2),#22);
#160=PRESENTATION_STYLE_ASSIGNMENT((#159));
#161=STYLED_ITEM('',(#160),#158);
#162=DIRECTION('',(0.E0,1.E0,0.E0));
#163=VECTOR('',#162,5.85E0);
#164=CARTESIAN_POINT('',(5.E-2,-6.4E0,3.5E0));
#165=LINE('',#164,#163);
#166=CURVE_STYLE('',#30,POSITIVE_LENGTH_MEASURE(2.E-2),#22);
#167=PRESENTATION_STYLE_ASSIGNMENT((#166));
#168=STYLED_ITEM('',(#167),#165);
#169=DIRECTION('',(0.E0,-1.E0,0.E0));
#170=VECTOR('',#169,5.85E0);
#171=CARTESIAN_POINT('',(5.E-2,-5.5E-1,-3.5E0));
#172=LINE('',#171,#170);
#173=CURVE_STYLE('',#30,POSITIVE_LENGTH_MEASURE(2.E-2),#22);
#174=PRESENTATION_STYLE_ASSIGNMENT((#173));
#175=STYLED_ITEM('',(#174),#172);
#176=DIRECTION('',(0.E0,-1.E0,0.E0));
#177=VECTOR('',#176,5.85E0);
#178=CARTESIAN_POINT('',(5.E-2,6.4E0,-3.5E0));
#179=LINE('',#178,#177);
#180=CURVE_STYLE('',#30,POSITIVE_LENGTH_MEASURE(2.E-2),#22);
#181=PRESENTATION_STYLE_ASSIGNMENT((#180));
#182=STYLED_ITEM('',(#181),#179);
#183=DIRECTION('',(0.E0,0.E0,-1.E0));
#184=VECTOR('',#183,4.01363725E0);
#185=CARTESIAN_POINT('',(1.E0,6.4E0,5.51363725E0));
#186=LINE('',#185,#184);
#187=CURVE_STYLE('',#30,POSITIVE_LENGTH_MEASURE(2.E-2),#22);
#188=PRESENTATION_STYLE_ASSIGNMENT((#187));
#189=STYLED_ITEM('',(#188),#186);
#190=DIRECTION('',(1.E0,0.E0,0.E0));
#191=VECTOR('',#190,1.E0);
#192=CARTESIAN_POINT('',(0.E0,6.4E0,5.51363725E0));
#193=LINE('',#192,#191);
#194=CURVE_STYLE('',#30,POSITIVE_LENGTH_MEASURE(2.E-2),#22);
#195=PRESENTATION_STYLE_ASSIGNMENT((#194));
#196=STYLED_ITEM('',(#195),#193);
#197=DIRECTION('',(1.E0,0.E0,0.E0));
#198=VECTOR('',#197,5.E-2);
#199=CARTESIAN_POINT('',(0.E0,6.4E0,3.5E0));
#200=LINE('',#199,#198);
#201=CURVE_STYLE('',#30,POSITIVE_LENGTH_MEASURE(2.E-2),#22);
#202=PRESENTATION_STYLE_ASSIGNMENT((#201));
#203=STYLED_ITEM('',(#202),#200);
#204=DIRECTION('',(0.E0,0.E0,-1.E0));
#205=VECTOR('',#204,7.E0);
#206=CARTESIAN_POINT('',(5.E-2,6.4E0,3.5E0));
#207=LINE('',#206,#205);
#208=CURVE_STYLE('',#30,POSITIVE_LENGTH_MEASURE(2.E-2),#22);
#209=PRESENTATION_STYLE_ASSIGNMENT((#208));
#210=STYLED_ITEM('',(#209),#207);
#211=DIRECTION('',(1.E0,0.E0,0.E0));
#212=VECTOR('',#211,5.E-2);
#213=CARTESIAN_POINT('',(0.E0,6.4E0,-3.5E0));
#214=LINE('',#213,#212);
#215=CURVE_STYLE('',#30,POSITIVE_LENGTH_MEASURE(2.E-2),#22);
#216=PRESENTATION_STYLE_ASSIGNMENT((#215));
#217=STYLED_ITEM('',(#216),#214);
#218=DIRECTION('',(1.E0,0.E0,0.E0));
#219=VECTOR('',#218,1.65E0);
#220=CARTESIAN_POINT('',(0.E0,6.4E0,-6.052778125E0));
#221=LINE('',#220,#219);
#222=CURVE_STYLE('',#30,POSITIVE_LENGTH_MEASURE(2.E-2),#22);
#223=PRESENTATION_STYLE_ASSIGNMENT((#222));
#224=STYLED_ITEM('',(#223),#221);
#225=DIRECTION('',(-1.E0,0.E0,0.E0));
#226=VECTOR('',#225,1.E0);
#227=CARTESIAN_POINT('',(1.65E0,6.4E0,-1.5E0));
#228=LINE('',#227,#226);
#229=CURVE_STYLE('',#30,POSITIVE_LENGTH_MEASURE(2.E-2),#22);
#230=PRESENTATION_STYLE_ASSIGNMENT((#229));
#231=STYLED_ITEM('',(#230),#228);
#232=DIRECTION('',(0.E0,0.E0,1.E0));
#233=VECTOR('',#232,3.E0);
#234=CARTESIAN_POINT('',(6.5E-1,6.4E0,-1.5E0));
#235=LINE('',#234,#233);
#236=CURVE_STYLE('',#30,POSITIVE_LENGTH_MEASURE(2.E-2),#22);
#237=PRESENTATION_STYLE_ASSIGNMENT((#236));
#238=STYLED_ITEM('',(#237),#235);
#239=DIRECTION('',(-1.E0,0.E0,0.E0));
#240=VECTOR('',#239,3.5E-1);
#241=CARTESIAN_POINT('',(1.E0,6.4E0,1.5E0));
#242=LINE('',#241,#240);
#243=CURVE_STYLE('',#30,POSITIVE_LENGTH_MEASURE(2.E-2),#22);
#244=PRESENTATION_STYLE_ASSIGNMENT((#243));
#245=STYLED_ITEM('',(#244),#242);
#246=DIRECTION('',(0.E0,1.E0,0.E0));
#247=VECTOR('',#246,3.326694502442E-1);
#248=CARTESIAN_POINT('',(1.E0,-6.4E0,1.5E0));
#249=LINE('',#248,#247);
#250=CURVE_STYLE('',#30,POSITIVE_LENGTH_MEASURE(2.E-2),#22);
#251=PRESENTATION_STYLE_ASSIGNMENT((#250));
#252=STYLED_ITEM('',(#251),#249);
#253=DIRECTION('',(0.E0,-1.E0,0.E0));
#254=VECTOR('',#253,3.326694502442E-1);
#255=CARTESIAN_POINT('',(6.5E-1,-6.067330549756E0,1.5E0));
#256=LINE('',#255,#254);
#257=CURVE_STYLE('',#30,POSITIVE_LENGTH_MEASURE(2.E-2),#22);
#258=PRESENTATION_STYLE_ASSIGNMENT((#257));
#259=STYLED_ITEM('',(#258),#256);
#260=DIRECTION('',(0.E0,1.E0,0.E0));
#261=VECTOR('',#260,3.326694502442E-1);
#262=CARTESIAN_POINT('',(1.E0,6.067330549756E0,1.5E0));
#263=LINE('',#262,#261);
#264=CURVE_STYLE('',#30,POSITIVE_LENGTH_MEASURE(2.E-2),#22);
#265=PRESENTATION_STYLE_ASSIGNMENT((#264));
#266=STYLED_ITEM('',(#265),#263);
#267=DIRECTION('',(0.E0,-1.E0,0.E0));
#268=VECTOR('',#267,3.326694502442E-1);
#269=CARTESIAN_POINT('',(6.5E-1,6.4E0,1.5E0));
#270=LINE('',#269,#268);
#271=CURVE_STYLE('',#30,POSITIVE_LENGTH_MEASURE(2.E-2),#22);
#272=PRESENTATION_STYLE_ASSIGNMENT((#271));
#273=STYLED_ITEM('',(#272),#270);
#274=CARTESIAN_POINT('',(1.E0,0.E0,0.E0));
#275=DIRECTION('',(1.E0,0.E0,0.E0));
#276=DIRECTION('',(0.E0,9.707728879609E-1,2.4E-1));
#277=AXIS2_PLACEMENT_3D('',#274,#275,#276);
#279=CURVE_STYLE('',#30,POSITIVE_LENGTH_MEASURE(2.E-2),#22);
#280=PRESENTATION_STYLE_ASSIGNMENT((#279));
#281=STYLED_ITEM('',(#280),#278);
#282=DIRECTION('',(1.E0,0.E0,0.E0));
#283=VECTOR('',#282,3.5E-1);
#284=CARTESIAN_POINT('',(6.5E-1,6.067330549756E0,1.5E0));
#285=LINE('',#284,#283);
#286=CURVE_STYLE('',#30,POSITIVE_LENGTH_MEASURE(2.E-2),#22);
#287=PRESENTATION_STYLE_ASSIGNMENT((#286));
#288=STYLED_ITEM('',(#287),#285);
#289=DIRECTION('',(1.E0,0.E0,0.E0));
#290=VECTOR('',#289,3.5E-1);
#291=CARTESIAN_POINT('',(6.5E-1,1.5E0,6.067330549756E0));
#292=LINE('',#291,#290);
#293=CURVE_STYLE('',#30,POSITIVE_LENGTH_MEASURE(2.E-2),#22);
#294=PRESENTATION_STYLE_ASSIGNMENT((#293));
#295=STYLED_ITEM('',(#294),#292);
#296=CARTESIAN_POINT('',(1.E0,0.E0,0.E0));
#297=DIRECTION('',(1.E0,0.E0,0.E0));
#298=DIRECTION('',(0.E0,-2.4E-1,9.707728879609E-1));
#299=AXIS2_PLACEMENT_3D('',#296,#297,#298);
#301=CURVE_STYLE('',#30,POSITIVE_LENGTH_MEASURE(2.E-2),#22);
#302=PRESENTATION_STYLE_ASSIGNMENT((#301));
#303=STYLED_ITEM('',(#302),#300);
#304=DIRECTION('',(1.E0,0.E0,0.E0));
#305=VECTOR('',#304,3.5E-1);
#306=CARTESIAN_POINT('',(6.5E-1,-1.5E0,6.067330549756E0));
#307=LINE('',#306,#305);
#308=CURVE_STYLE('',#30,POSITIVE_LENGTH_MEASURE(2.E-2),#22);
#309=PRESENTATION_STYLE_ASSIGNMENT((#308));
#310=STYLED_ITEM('',(#309),#307);
#311=DIRECTION('',(1.E0,0.E0,0.E0));
#312=VECTOR('',#311,3.5E-1);
#313=CARTESIAN_POINT('',(6.5E-1,-6.067330549756E0,1.5E0));
#314=LINE('',#313,#312);
#315=CURVE_STYLE('',#30,POSITIVE_LENGTH_MEASURE(2.E-2),#22);
#316=PRESENTATION_STYLE_ASSIGNMENT((#315));
#317=STYLED_ITEM('',(#316),#314);
#318=CARTESIAN_POINT('',(6.5E-1,0.E0,0.E0));
#319=DIRECTION('',(1.E0,0.E0,0.E0));
#320=DIRECTION('',(0.E0,-2.4E-1,9.707728879609E-1));
#321=AXIS2_PLACEMENT_3D('',#318,#319,#320);
#323=CURVE_STYLE('',#30,POSITIVE_LENGTH_MEASURE(2.E-2),#22);
#324=PRESENTATION_STYLE_ASSIGNMENT((#323));
#325=STYLED_ITEM('',(#324),#322);
#326=DIRECTION('',(0.E0,0.E0,1.E0));
#327=VECTOR('',#326,3.326694502442E-1);
#328=CARTESIAN_POINT('',(6.5E-1,-1.5E0,6.067330549756E0));
#329=LINE('',#328,#327);
#330=CURVE_STYLE('',#30,POSITIVE_LENGTH_MEASURE(2.E-2),#22);
#331=PRESENTATION_STYLE_ASSIGNMENT((#330));
#332=STYLED_ITEM('',(#331),#329);
#333=CARTESIAN_POINT('',(6.5E-1,0.E0,0.E0));
#334=DIRECTION('',(1.E0,0.E0,0.E0));
#335=DIRECTION('',(0.E0,9.707728879609E-1,2.4E-1));
#336=AXIS2_PLACEMENT_3D('',#333,#334,#335);
#338=CURVE_STYLE('',#30,POSITIVE_LENGTH_MEASURE(2.E-2),#22);
#339=PRESENTATION_STYLE_ASSIGNMENT((#338));
#340=STYLED_ITEM('',(#339),#337);
#341=DIRECTION('',(0.E0,-1.E0,0.E0));
#342=VECTOR('',#341,3.326694502442E-1);
#343=CARTESIAN_POINT('',(6.5E-1,6.4E0,-1.5E0));
#344=LINE('',#343,#342);
#345=CURVE_STYLE('',#30,POSITIVE_LENGTH_MEASURE(2.E-2),#22);
#346=PRESENTATION_STYLE_ASSIGNMENT((#345));
#347=STYLED_ITEM('',(#346),#344);
#348=CARTESIAN_POINT('',(6.5E-1,0.E0,0.E0));
#349=DIRECTION('',(1.E0,0.E0,0.E0));
#350=DIRECTION('',(0.E0,2.4E-1,-9.707728879609E-1));
#351=AXIS2_PLACEMENT_3D('',#348,#349,#350);
#353=CURVE_STYLE('',#30,POSITIVE_LENGTH_MEASURE(2.E-2),#22);
#354=PRESENTATION_STYLE_ASSIGNMENT((#353));
#355=STYLED_ITEM('',(#354),#352);
#356=DIRECTION('',(0.E0,0.E0,1.E0));
#357=VECTOR('',#356,3.326694502442E-1);
#358=CARTESIAN_POINT('',(6.5E-1,-1.5E0,-6.4E0));
#359=LINE('',#358,#357);
#360=CURVE_STYLE('',#30,POSITIVE_LENGTH_MEASURE(2.E-2),#22);
#361=PRESENTATION_STYLE_ASSIGNMENT((#360));
#362=STYLED_ITEM('',(#361),#359);
#363=CARTESIAN_POINT('',(6.5E-1,0.E0,0.E0));
#364=DIRECTION('',(1.E0,0.E0,0.E0));
#365=DIRECTION('',(0.E0,-9.707728879609E-1,-2.4E-1));
#366=AXIS2_PLACEMENT_3D('',#363,#364,#365);
#368=CURVE_STYLE('',#30,POSITIVE_LENGTH_MEASURE(2.E-2),#22);
#369=PRESENTATION_STYLE_ASSIGNMENT((#368));
#370=STYLED_ITEM('',(#369),#367);
#371=DIRECTION('',(0.E0,-1.E0,0.E0));
#372=VECTOR('',#371,3.326694502442E-1);
#373=CARTESIAN_POINT('',(6.5E-1,-6.067330549756E0,-1.5E0));
#374=LINE('',#373,#372);
#375=CURVE_STYLE('',#30,POSITIVE_LENGTH_MEASURE(2.E-2),#22);
#376=PRESENTATION_STYLE_ASSIGNMENT((#375));
#377=STYLED_ITEM('',(#376),#374);
#378=DIRECTION('',(0.E0,0.E0,1.E0));
#379=VECTOR('',#378,3.326694502442E-1);
#380=CARTESIAN_POINT('',(1.E0,-1.5E0,6.067330549756E0));
#381=LINE('',#380,#379);
#382=CURVE_STYLE('',#30,POSITIVE_LENGTH_MEASURE(2.E-2),#22);
#383=PRESENTATION_STYLE_ASSIGNMENT((#382));
#384=STYLED_ITEM('',(#383),#381);
#385=DIRECTION('',(0.E0,0.E0,1.E0));
#386=VECTOR('',#385,3.326694502442E-1);
#387=CARTESIAN_POINT('',(1.65E0,-1.5E0,-6.4E0));
#388=LINE('',#387,#386);
#389=CURVE_STYLE('',#30,POSITIVE_LENGTH_MEASURE(2.E-2),#22);
#390=PRESENTATION_STYLE_ASSIGNMENT((#389));
#391=STYLED_ITEM('',(#390),#388);
#392=DIRECTION('',(0.E0,1.E0,0.E0));
#393=VECTOR('',#392,4.552778125E0);
#394=CARTESIAN_POINT('',(1.65E0,-6.052778125E0,-6.4E0));
#395=LINE('',#394,#393);
#396=CURVE_STYLE('',#30,POSITIVE_LENGTH_MEASURE(2.E-2),#22);
#397=PRESENTATION_STYLE_ASSIGNMENT((#396));
#398=STYLED_ITEM('',(#397),#395);
#399=CARTESIAN_POINT('',(1.65E0,-6.052778125E0,-6.052778125E0));
#400=DIRECTION('',(1.E0,0.E0,0.E0));
#401=DIRECTION('',(0.E0,-1.E0,-1.534773844016E-14));
#402=AXIS2_PLACEMENT_3D('',#399,#400,#401);
#404=CURVE_STYLE('',#30,POSITIVE_LENGTH_MEASURE(2.E-2),#22);
#405=PRESENTATION_STYLE_ASSIGNMENT((#404));
#406=STYLED_ITEM('',(#405),#403);
#407=DIRECTION('',(0.E0,-1.E0,0.E0));
#408=VECTOR('',#407,3.326694502442E-1);
#409=CARTESIAN_POINT('',(1.65E0,-6.067330549756E0,-1.5E0));
#410=LINE('',#409,#408);
#411=CURVE_STYLE('',#30,POSITIVE_LENGTH_MEASURE(2.E-2),#22);
#412=PRESENTATION_STYLE_ASSIGNMENT((#411));
#413=STYLED_ITEM('',(#412),#410);
#414=CARTESIAN_POINT('',(1.65E0,0.E0,0.E0));
#415=DIRECTION('',(1.E0,0.E0,0.E0));
#416=DIRECTION('',(0.E0,-9.707728879609E-1,-2.4E-1));
#417=AXIS2_PLACEMENT_3D('',#414,#415,#416);
#419=CURVE_STYLE('',#30,POSITIVE_LENGTH_MEASURE(2.E-2),#22);
#420=PRESENTATION_STYLE_ASSIGNMENT((#419));
#421=STYLED_ITEM('',(#420),#418);
#422=DIRECTION('',(0.E0,0.E0,1.E0));
#423=VECTOR('',#422,3.326694502442E-1);
#424=CARTESIAN_POINT('',(1.65E0,1.5E0,-6.4E0));
#425=LINE('',#424,#423);
#426=CURVE_STYLE('',#30,POSITIVE_LENGTH_MEASURE(2.E-2),#22);
#427=PRESENTATION_STYLE_ASSIGNMENT((#426));
#428=STYLED_ITEM('',(#427),#425);
#429=CARTESIAN_POINT('',(1.65E0,0.E0,0.E0));
#430=DIRECTION('',(1.E0,0.E0,0.E0));
#431=DIRECTION('',(0.E0,2.4E-1,-9.707728879609E-1));
#432=AXIS2_PLACEMENT_3D('',#429,#430,#431);
#434=CURVE_STYLE('',#30,POSITIVE_LENGTH_MEASURE(2.E-2),#22);
#435=PRESENTATION_STYLE_ASSIGNMENT((#434));
#436=STYLED_ITEM('',(#435),#433);
#437=DIRECTION('',(0.E0,-1.E0,0.E0));
#438=VECTOR('',#437,3.326694502442E-1);
#439=CARTESIAN_POINT('',(1.65E0,6.4E0,-1.5E0));
#440=LINE('',#439,#438);
#441=CURVE_STYLE('',#30,POSITIVE_LENGTH_MEASURE(2.E-2),#22);
#442=PRESENTATION_STYLE_ASSIGNMENT((#441));
#443=STYLED_ITEM('',(#442),#440);
#444=DIRECTION('',(0.E0,0.E0,1.E0));
#445=VECTOR('',#444,4.552778125E0);
#446=CARTESIAN_POINT('',(1.65E0,6.4E0,-6.052778125E0));
#447=LINE('',#446,#445);
#448=CURVE_STYLE('',#30,POSITIVE_LENGTH_MEASURE(2.E-2),#22);
#449=PRESENTATION_STYLE_ASSIGNMENT((#448));
#450=STYLED_ITEM('',(#449),#447);
#451=CARTESIAN_POINT('',(1.65E0,6.052778125E0,-6.052778125E0));
#452=DIRECTION('',(1.E0,0.E0,0.E0));
#453=DIRECTION('',(0.E0,1.534773844016E-14,-1.E0));
#454=AXIS2_PLACEMENT_3D('',#451,#452,#453);
#456=CURVE_STYLE('',#30,POSITIVE_LENGTH_MEASURE(2.E-2),#22);
#457=PRESENTATION_STYLE_ASSIGNMENT((#456));
#458=STYLED_ITEM('',(#457),#455);
#459=DIRECTION('',(0.E0,1.E0,0.E0));
#460=VECTOR('',#459,4.552778125E0);
#461=CARTESIAN_POINT('',(1.65E0,1.5E0,-6.4E0));
#462=LINE('',#461,#460);
#463=CURVE_STYLE('',#30,POSITIVE_LENGTH_MEASURE(2.E-2),#22);
#464=PRESENTATION_STYLE_ASSIGNMENT((#463));
#465=STYLED_ITEM('',(#464),#462);
#466=DIRECTION('',(-1.E0,0.E0,0.E0));
#467=VECTOR('',#466,1.E0);
#468=CARTESIAN_POINT('',(1.65E0,-1.5E0,-6.4E0));
#469=LINE('',#468,#467);
#470=CURVE_STYLE('',#30,POSITIVE_LENGTH_MEASURE(2.E-2),#22);
#471=PRESENTATION_STYLE_ASSIGNMENT((#470));
#472=STYLED_ITEM('',(#471),#469);
#473=DIRECTION('',(0.E0,1.E0,0.E0));
#474=VECTOR('',#473,3.E0);
#475=CARTESIAN_POINT('',(6.5E-1,-1.5E0,-6.4E0));
#476=LINE('',#475,#474);
#477=CURVE_STYLE('',#30,POSITIVE_LENGTH_MEASURE(2.E-2),#22);
#478=PRESENTATION_STYLE_ASSIGNMENT((#477));
#479=STYLED_ITEM('',(#478),#476);
#480=DIRECTION('',(-1.E0,0.E0,0.E0));
#481=VECTOR('',#480,1.E0);
#482=CARTESIAN_POINT('',(1.65E0,1.5E0,-6.4E0));
#483=LINE('',#482,#481);
#484=CURVE_STYLE('',#30,POSITIVE_LENGTH_MEASURE(2.E-2),#22);
#485=PRESENTATION_STYLE_ASSIGNMENT((#484));
#486=STYLED_ITEM('',(#485),#483);
#487=DIRECTION('',(1.E0,0.E0,0.E0));
#488=VECTOR('',#487,3.E-1);
#489=CARTESIAN_POINT('',(0.E0,5.5E-1,-6.4E0));
#490=LINE('',#489,#488);
#491=CURVE_STYLE('',#30,POSITIVE_LENGTH_MEASURE(2.E-2),#22);
#492=PRESENTATION_STYLE_ASSIGNMENT((#491));
#493=STYLED_ITEM('',(#492),#490);
#494=DIRECTION('',(0.E0,-1.E0,0.E0));
#495=VECTOR('',#494,1.E-1);
#496=CARTESIAN_POINT('',(3.E-1,5.5E-1,-6.4E0));
#497=LINE('',#496,#495);
#498=CURVE_STYLE('',#30,POSITIVE_LENGTH_MEASURE(2.E-2),#22);
#499=PRESENTATION_STYLE_ASSIGNMENT((#498));
#500=STYLED_ITEM('',(#499),#497);
#501=DIRECTION('',(0.E0,-1.E0,0.E0));
#502=VECTOR('',#501,9.E-1);
#503=CARTESIAN_POINT('',(3.E-1,4.5E-1,-6.4E0));
#504=LINE('',#503,#502);
#505=CURVE_STYLE('',#30,POSITIVE_LENGTH_MEASURE(2.E-2),#22);
#506=PRESENTATION_STYLE_ASSIGNMENT((#505));
#507=STYLED_ITEM('',(#506),#504);
#508=DIRECTION('',(0.E0,-1.E0,0.E0));
#509=VECTOR('',#508,1.E-1);
#510=CARTESIAN_POINT('',(3.E-1,-4.5E-1,-6.4E0));
#511=LINE('',#510,#509);
#512=CURVE_STYLE('',#30,POSITIVE_LENGTH_MEASURE(2.E-2),#22);
#513=PRESENTATION_STYLE_ASSIGNMENT((#512));
#514=STYLED_ITEM('',(#513),#511);
#515=DIRECTION('',(1.E0,0.E0,0.E0));
#516=VECTOR('',#515,3.E-1);
#517=CARTESIAN_POINT('',(0.E0,-5.5E-1,-6.4E0));
#518=LINE('',#517,#516);
#519=CURVE_STYLE('',#30,POSITIVE_LENGTH_MEASURE(2.E-2),#22);
#520=PRESENTATION_STYLE_ASSIGNMENT((#519));
#521=STYLED_ITEM('',(#520),#518);
#522=DIRECTION('',(1.E0,0.E0,0.E0));
#523=VECTOR('',#522,1.65E0);
#524=CARTESIAN_POINT('',(0.E0,-6.052778125E0,-6.4E0));
#525=LINE('',#524,#523);
#526=CURVE_STYLE('',#30,POSITIVE_LENGTH_MEASURE(2.E-2),#22);
#527=PRESENTATION_STYLE_ASSIGNMENT((#526));
#528=STYLED_ITEM('',(#527),#525);
#529=DIRECTION('',(0.E0,0.E0,1.E0));
#530=VECTOR('',#529,3.326694502442E-1);
#531=CARTESIAN_POINT('',(6.5E-1,1.5E0,-6.4E0));
#532=LINE('',#531,#530);
#533=CURVE_STYLE('',#30,POSITIVE_LENGTH_MEASURE(2.E-2),#22);
#534=PRESENTATION_STYLE_ASSIGNMENT((#533));
#535=STYLED_ITEM('',(#534),#532);
#536=DIRECTION('',(0.E0,0.E0,1.E0));
#537=VECTOR('',#536,3.326694502442E-1);
#538=CARTESIAN_POINT('',(1.E0,1.5E0,6.067330549756E0));
#539=LINE('',#538,#537);
#540=CURVE_STYLE('',#30,POSITIVE_LENGTH_MEASURE(2.E-2),#22);
#541=PRESENTATION_STYLE_ASSIGNMENT((#540));
#542=STYLED_ITEM('',(#541),#539);
#543=DIRECTION('',(0.E0,0.E0,1.E0));
#544=VECTOR('',#543,3.326694502442E-1);
#545=CARTESIAN_POINT('',(6.5E-1,1.5E0,6.067330549756E0));
#546=LINE('',#545,#544);
#547=CURVE_STYLE('',#30,POSITIVE_LENGTH_MEASURE(2.E-2),#22);
#548=PRESENTATION_STYLE_ASSIGNMENT((#547));
#549=STYLED_ITEM('',(#548),#546);
#550=DIRECTION('',(1.E0,0.E0,0.E0));
#551=VECTOR('',#550,1.E0);
#552=CARTESIAN_POINT('',(6.5E-1,-1.5E0,-6.067330549756E0));
#553=LINE('',#552,#551);
#554=CURVE_STYLE('',#30,POSITIVE_LENGTH_MEASURE(2.E-2),#22);
#555=PRESENTATION_STYLE_ASSIGNMENT((#554));
#556=STYLED_ITEM('',(#555),#553);
#557=DIRECTION('',(1.E0,0.E0,0.E0));
#558=VECTOR('',#557,1.E0);
#559=CARTESIAN_POINT('',(6.5E-1,-6.067330549756E0,-1.5E0));
#560=LINE('',#559,#558);
#561=CURVE_STYLE('',#30,POSITIVE_LENGTH_MEASURE(2.E-2),#22);
#562=PRESENTATION_STYLE_ASSIGNMENT((#561));
#563=STYLED_ITEM('',(#562),#560);
#564=DIRECTION('',(1.E0,0.E0,0.E0));
#565=VECTOR('',#564,1.E0);
#566=CARTESIAN_POINT('',(6.5E-1,1.5E0,-6.067330549756E0));
#567=LINE('',#566,#565);
#568=CURVE_STYLE('',#30,POSITIVE_LENGTH_MEASURE(2.E-2),#22);
#569=PRESENTATION_STYLE_ASSIGNMENT((#568));
#570=STYLED_ITEM('',(#569),#567);
#571=DIRECTION('',(1.E0,0.E0,0.E0));
#572=VECTOR('',#571,1.E0);
#573=CARTESIAN_POINT('',(6.5E-1,6.067330549756E0,-1.5E0));
#574=LINE('',#573,#572);
#575=CURVE_STYLE('',#30,POSITIVE_LENGTH_MEASURE(2.E-2),#22);
#576=PRESENTATION_STYLE_ASSIGNMENT((#575));
#577=STYLED_ITEM('',(#576),#574);
#578=DIRECTION('',(0.E0,0.E0,-1.E0));
#579=VECTOR('',#578,4.01363725E0);
#580=CARTESIAN_POINT('',(1.E0,-6.4E0,5.51363725E0));
#581=LINE('',#580,#579);
#582=CURVE_STYLE('',#30,POSITIVE_LENGTH_MEASURE(2.E-2),#22);
#583=PRESENTATION_STYLE_ASSIGNMENT((#582));
#584=STYLED_ITEM('',(#583),#581);
#585=DIRECTION('',(-1.E0,0.E0,0.E0));
#586=VECTOR('',#585,3.5E-1);
#587=CARTESIAN_POINT('',(1.E0,-6.4E0,1.5E0));
#588=LINE('',#587,#586);
#589=CURVE_STYLE('',#30,POSITIVE_LENGTH_MEASURE(2.E-2),#22);
#590=PRESENTATION_STYLE_ASSIGNMENT((#589));
#591=STYLED_ITEM('',(#590),#588);
#592=DIRECTION('',(0.E0,0.E0,1.E0));
#593=VECTOR('',#592,3.E0);
#594=CARTESIAN_POINT('',(6.5E-1,-6.4E0,-1.5E0));
#595=LINE('',#594,#593);
#596=CURVE_STYLE('',#30,POSITIVE_LENGTH_MEASURE(2.E-2),#22);
#597=PRESENTATION_STYLE_ASSIGNMENT((#596));
#598=STYLED_ITEM('',(#597),#595);
#599=DIRECTION('',(-1.E0,0.E0,0.E0));
#600=VECTOR('',#599,1.E0);
#601=CARTESIAN_POINT('',(1.65E0,-6.4E0,-1.5E0));
#602=LINE('',#601,#600);
#603=CURVE_STYLE('',#30,POSITIVE_LENGTH_MEASURE(2.E-2),#22);
#604=PRESENTATION_STYLE_ASSIGNMENT((#603));
#605=STYLED_ITEM('',(#604),#602);
#606=DIRECTION('',(0.E0,0.E0,-1.E0));
#607=VECTOR('',#606,4.552778125E0);
#608=CARTESIAN_POINT('',(1.65E0,-6.4E0,-1.5E0));
#609=LINE('',#608,#607);
#610=CURVE_STYLE('',#30,POSITIVE_LENGTH_MEASURE(2.E-2),#22);
#611=PRESENTATION_STYLE_ASSIGNMENT((#610));
#612=STYLED_ITEM('',(#611),#609);
#613=DIRECTION('',(0.E0,0.E0,1.E0));
#614=VECTOR('',#613,2.552778125E0);
#615=CARTESIAN_POINT('',(0.E0,-6.4E0,-6.052778125E0));
#616=LINE('',#615,#614);
#617=CURVE_STYLE('',#30,POSITIVE_LENGTH_MEASURE(2.E-2),#22);
#618=PRESENTATION_STYLE_ASSIGNMENT((#617));
#619=STYLED_ITEM('',(#618),#616);
#620=DIRECTION('',(1.E0,0.E0,0.E0));
#621=VECTOR('',#620,5.E-2);
#622=CARTESIAN_POINT('',(0.E0,-6.4E0,-3.5E0));
#623=LINE('',#622,#621);
#624=CURVE_STYLE('',#30,POSITIVE_LENGTH_MEASURE(2.E-2),#22);
#625=PRESENTATION_STYLE_ASSIGNMENT((#624));
#626=STYLED_ITEM('',(#625),#623);
#627=DIRECTION('',(0.E0,0.E0,-1.E0));
#628=VECTOR('',#627,7.E0);
#629=CARTESIAN_POINT('',(5.E-2,-6.4E0,3.5E0));
#630=LINE('',#629,#628);
#631=CURVE_STYLE('',#30,POSITIVE_LENGTH_MEASURE(2.E-2),#22);
#632=PRESENTATION_STYLE_ASSIGNMENT((#631));
#633=STYLED_ITEM('',(#632),#630);
#634=DIRECTION('',(1.E0,0.E0,0.E0));
#635=VECTOR('',#634,5.E-2);
#636=CARTESIAN_POINT('',(0.E0,-6.4E0,3.5E0));
#637=LINE('',#636,#635);
#638=CURVE_STYLE('',#30,POSITIVE_LENGTH_MEASURE(2.E-2),#22);
#639=PRESENTATION_STYLE_ASSIGNMENT((#638));
#640=STYLED_ITEM('',(#639),#637);
#641=DIRECTION('',(0.E0,0.E0,1.E0));
#642=VECTOR('',#641,2.01363725E0);
#643=CARTESIAN_POINT('',(0.E0,-6.4E0,3.5E0));
#644=LINE('',#643,#642);
#645=CURVE_STYLE('',#30,POSITIVE_LENGTH_MEASURE(2.E-2),#22);
#646=PRESENTATION_STYLE_ASSIGNMENT((#645));
#647=STYLED_ITEM('',(#646),#644);
#648=DIRECTION('',(1.E0,0.E0,0.E0));
#649=VECTOR('',#648,1.E0);
#650=CARTESIAN_POINT('',(0.E0,-6.4E0,5.51363725E0));
#651=LINE('',#650,#649);
#652=CURVE_STYLE('',#30,POSITIVE_LENGTH_MEASURE(2.E-2),#22);
#653=PRESENTATION_STYLE_ASSIGNMENT((#652));
#654=STYLED_ITEM('',(#653),#651);
#655=DIRECTION('',(1.E0,0.E0,0.E0));
#656=VECTOR('',#655,1.65E0);
#657=CARTESIAN_POINT('',(0.E0,-6.4E0,-6.052778125E0));
#658=LINE('',#657,#656);
#659=CURVE_STYLE('',#30,POSITIVE_LENGTH_MEASURE(2.E-2),#22);
#660=PRESENTATION_STYLE_ASSIGNMENT((#659));
#661=STYLED_ITEM('',(#660),#658);
#662=DIRECTION('',(0.E0,0.E0,-1.E0));
#663=VECTOR('',#662,1.01E0);
#664=CARTESIAN_POINT('',(5.E-2,5.5E-1,-2.49E0));
#665=LINE('',#664,#663);
#666=CURVE_STYLE('',#30,POSITIVE_LENGTH_MEASURE(2.E-2),#22);
#667=PRESENTATION_STYLE_ASSIGNMENT((#666));
#668=STYLED_ITEM('',(#667),#665);
#669=DIRECTION('',(0.E0,0.E0,-1.E0));
#670=VECTOR('',#669,3.91E0);
#671=CARTESIAN_POINT('',(3.E-1,5.5E-1,-2.49E0));
#672=LINE('',#671,#670);
#673=CURVE_STYLE('',#30,POSITIVE_LENGTH_MEASURE(2.E-2),#22);
#674=PRESENTATION_STYLE_ASSIGNMENT((#673));
#675=STYLED_ITEM('',(#674),#672);
#676=DIRECTION('',(0.E0,0.E0,1.E0));
#677=VECTOR('',#676,2.9E0);
#678=CARTESIAN_POINT('',(0.E0,5.5E-1,-6.4E0));
#679=LINE('',#678,#677);
#680=CURVE_STYLE('',#30,POSITIVE_LENGTH_MEASURE(2.E-2),#22);
#681=PRESENTATION_STYLE_ASSIGNMENT((#680));
#682=STYLED_ITEM('',(#681),#679);
#683=DIRECTION('',(1.E0,0.E0,0.E0));
#684=VECTOR('',#683,5.E-2);
#685=CARTESIAN_POINT('',(0.E0,5.5E-1,-3.5E0));
#686=LINE('',#685,#684);
#687=CURVE_STYLE('',#30,POSITIVE_LENGTH_MEASURE(2.E-2),#22);
#688=PRESENTATION_STYLE_ASSIGNMENT((#687));
#689=STYLED_ITEM('',(#688),#686);
#690=CARTESIAN_POINT('',(5.E-2,1.E-2,-2.49E0));
#691=DIRECTION('',(1.E0,0.E0,0.E0));
#692=DIRECTION('',(0.E0,1.E0,0.E0));
#693=AXIS2_PLACEMENT_3D('',#690,#691,#692);
#695=CURVE_STYLE('',#30,POSITIVE_LENGTH_MEASURE(2.E-2),#22);
#696=PRESENTATION_STYLE_ASSIGNMENT((#695));
#697=STYLED_ITEM('',(#696),#694);
#698=DIRECTION('',(1.E0,0.E0,0.E0));
#699=VECTOR('',#698,2.5E-1);
#700=CARTESIAN_POINT('',(5.E-2,5.5E-1,-2.49E0));
#701=LINE('',#700,#699);
#702=CURVE_STYLE('',#30,POSITIVE_LENGTH_MEASURE(2.E-2),#22);
#703=PRESENTATION_STYLE_ASSIGNMENT((#702));
#704=STYLED_ITEM('',(#703),#701);
#705=DIRECTION('',(0.E0,-1.E0,0.E0));
#706=VECTOR('',#705,2.E-2);
#707=CARTESIAN_POINT('',(5.E-2,1.E-2,-1.95E0));
#708=LINE('',#707,#706);
#709=CURVE_STYLE('',#30,POSITIVE_LENGTH_MEASURE(2.E-2),#22);
#710=PRESENTATION_STYLE_ASSIGNMENT((#709));
#711=STYLED_ITEM('',(#710),#708);
#712=DIRECTION('',(1.E0,0.E0,0.E0));
#713=VECTOR('',#712,2.5E-1);
#714=CARTESIAN_POINT('',(5.E-2,1.E-2,-1.95E0));
#715=LINE('',#714,#713);
#716=CURVE_STYLE('',#30,POSITIVE_LENGTH_MEASURE(2.E-2),#22);
#717=PRESENTATION_STYLE_ASSIGNMENT((#716));
#718=STYLED_ITEM('',(#717),#715);
#719=CARTESIAN_POINT('',(5.E-2,-1.E-2,-2.49E0));
#720=DIRECTION('',(1.E0,0.E0,0.E0));
#721=DIRECTION('',(0.E0,0.E0,1.E0));
#722=AXIS2_PLACEMENT_3D('',#719,#720,#721);
#724=CURVE_STYLE('',#30,POSITIVE_LENGTH_MEASURE(2.E-2),#22);
#725=PRESENTATION_STYLE_ASSIGNMENT((#724));
#726=STYLED_ITEM('',(#725),#723);
#727=DIRECTION('',(1.E0,0.E0,0.E0));
#728=VECTOR('',#727,2.5E-1);
#729=CARTESIAN_POINT('',(5.E-2,-1.E-2,-1.95E0));
#730=LINE('',#729,#728);
#731=CURVE_STYLE('',#30,POSITIVE_LENGTH_MEASURE(2.E-2),#22);
#732=PRESENTATION_STYLE_ASSIGNMENT((#731));
#733=STYLED_ITEM('',(#732),#730);
#734=DIRECTION('',(0.E0,0.E0,-1.E0));
#735=VECTOR('',#734,1.01E0);
#736=CARTESIAN_POINT('',(5.E-2,-5.5E-1,-2.49E0));
#737=LINE('',#736,#735);
#738=CURVE_STYLE('',#30,POSITIVE_LENGTH_MEASURE(2.E-2),#22);
#739=PRESENTATION_STYLE_ASSIGNMENT((#738));
#740=STYLED_ITEM('',(#739),#737);
#741=DIRECTION('',(1.E0,0.E0,0.E0));
#742=VECTOR('',#741,5.E-2);
#743=CARTESIAN_POINT('',(0.E0,-5.5E-1,-3.5E0));
#744=LINE('',#743,#742);
#745=CURVE_STYLE('',#30,POSITIVE_LENGTH_MEASURE(2.E-2),#22);
#746=PRESENTATION_STYLE_ASSIGNMENT((#745));
#747=STYLED_ITEM('',(#746),#744);
#748=DIRECTION('',(0.E0,0.E0,-1.E0));
#749=VECTOR('',#748,2.9E0);
#750=CARTESIAN_POINT('',(0.E0,-5.5E-1,-3.5E0));
#751=LINE('',#750,#749);
#752=CURVE_STYLE('',#30,POSITIVE_LENGTH_MEASURE(2.E-2),#22);
#753=PRESENTATION_STYLE_ASSIGNMENT((#752));
#754=STYLED_ITEM('',(#753),#751);
#755=DIRECTION('',(0.E0,0.E0,1.E0));
#756=VECTOR('',#755,3.91E0);
#757=CARTESIAN_POINT('',(3.E-1,-5.5E-1,-6.4E0));
#758=LINE('',#757,#756);
#759=CURVE_STYLE('',#30,POSITIVE_LENGTH_MEASURE(2.E-2),#22);
#760=PRESENTATION_STYLE_ASSIGNMENT((#759));
#761=STYLED_ITEM('',(#760),#758);
#762=DIRECTION('',(1.E0,0.E0,0.E0));
#763=VECTOR('',#762,2.5E-1);
#764=CARTESIAN_POINT('',(5.E-2,-5.5E-1,-2.49E0));
#765=LINE('',#764,#763);
#766=CURVE_STYLE('',#30,POSITIVE_LENGTH_MEASURE(2.E-2),#22);
#767=PRESENTATION_STYLE_ASSIGNMENT((#766));
#768=STYLED_ITEM('',(#767),#765);
#769=CARTESIAN_POINT('',(3.E-1,0.E0,-2.65E0));
#770=DIRECTION('',(-1.E0,0.E0,0.E0));
#771=DIRECTION('',(0.E0,-1.E0,0.E0));
#772=AXIS2_PLACEMENT_3D('',#769,#770,#771);
#774=CURVE_STYLE('',#30,POSITIVE_LENGTH_MEASURE(2.E-2),#22);
#775=PRESENTATION_STYLE_ASSIGNMENT((#774));
#776=STYLED_ITEM('',(#775),#773);
#777=DIRECTION('',(0.E0,0.E0,1.E0));
#778=VECTOR('',#777,3.75E0);
#779=CARTESIAN_POINT('',(3.E-1,4.5E-1,-6.4E0));
#780=LINE('',#779,#778);
#781=CURVE_STYLE('',#30,POSITIVE_LENGTH_MEASURE(2.E-2),#22);
#782=PRESENTATION_STYLE_ASSIGNMENT((#781));
#783=STYLED_ITEM('',(#782),#780);
#784=CARTESIAN_POINT('',(3.E-1,1.E-2,-2.49E0));
#785=DIRECTION('',(1.E0,0.E0,0.E0));
#786=DIRECTION('',(0.E0,1.E0,0.E0));
#787=AXIS2_PLACEMENT_3D('',#784,#785,#786);
#789=CURVE_STYLE('',#30,POSITIVE_LENGTH_MEASURE(2.E-2),#22);
#790=PRESENTATION_STYLE_ASSIGNMENT((#789));
#791=STYLED_ITEM('',(#790),#788);
#792=DIRECTION('',(0.E0,-1.E0,0.E0));
#793=VECTOR('',#792,2.E-2);
#794=CARTESIAN_POINT('',(3.E-1,1.E-2,-1.95E0));
#795=LINE('',#794,#793);
#796=CURVE_STYLE('',#30,POSITIVE_LENGTH_MEASURE(2.E-2),#22);
#797=PRESENTATION_STYLE_ASSIGNMENT((#796));
#798=STYLED_ITEM('',(#797),#795);
#799=CARTESIAN_POINT('',(3.E-1,-1.E-2,-2.49E0));
#800=DIRECTION('',(1.E0,0.E0,0.E0));
#801=DIRECTION('',(0.E0,0.E0,1.E0));
#802=AXIS2_PLACEMENT_3D('',#799,#800,#801);
#804=CURVE_STYLE('',#30,POSITIVE_LENGTH_MEASURE(2.E-2),#22);
#805=PRESENTATION_STYLE_ASSIGNMENT((#804));
#806=STYLED_ITEM('',(#805),#803);
#807=DIRECTION('',(0.E0,0.E0,1.E0));
#808=VECTOR('',#807,3.75E0);
#809=CARTESIAN_POINT('',(3.E-1,-4.5E-1,-6.4E0));
#810=LINE('',#809,#808);
#811=CURVE_STYLE('',#30,POSITIVE_LENGTH_MEASURE(2.E-2),#22);
#812=PRESENTATION_STYLE_ASSIGNMENT((#811));
#813=STYLED_ITEM('',(#812),#810);
#814=CARTESIAN_POINT('',(1.339285714286E-1,4.5E-1,-2.65E0));
#815=CARTESIAN_POINT('',(1.358226074496E-1,4.5E-1,-2.596966991411E0));
#816=CARTESIAN_POINT('',(1.399141798222E-1,4.308015800283E-1,
-2.482402964978E0));
#817=CARTESIAN_POINT('',(1.456327350127E-1,3.276228827695E-1,
-2.322283419644E0));
#818=CARTESIAN_POINT('',(1.486984603818E-1,1.945164788760E-1,
-2.236443109311E0));
#819=CARTESIAN_POINT('',(1.498310173972E-1,8.127361937783E-2,
-2.204731512878E0));
#820=CARTESIAN_POINT('',(1.500844913014E-1,0.E0,-2.197634243561E0));
#821=CARTESIAN_POINT('',(1.498310173972E-1,-8.127361937783E-2,
-2.204731512878E0));
#822=CARTESIAN_POINT('',(1.486984603818E-1,-1.945164788760E-1,
-2.236443109311E0));
#823=CARTESIAN_POINT('',(1.456327350127E-1,-3.276228827695E-1,
-2.322283419644E0));
#824=CARTESIAN_POINT('',(1.399141798222E-1,-4.308015800283E-1,
-2.482402964978E0));
#825=CARTESIAN_POINT('',(1.358226074496E-1,-4.5E-1,-2.596966991411E0));
#826=CARTESIAN_POINT('',(1.339285714286E-1,-4.5E-1,-2.65E0));
#828=CURVE_STYLE('',#30,POSITIVE_LENGTH_MEASURE(2.E-2),#22);
#829=PRESENTATION_STYLE_ASSIGNMENT((#828));
#830=STYLED_ITEM('',(#829),#827);
#831=DIRECTION('',(-3.569153051241E-2,0.E0,-9.993628543475E-1));
#832=VECTOR('',#831,3.752390819497E0);
#833=CARTESIAN_POINT('',(1.339285714286E-1,4.5E-1,-2.65E0));
#834=LINE('',#833,#832);
#835=CURVE_STYLE('',#30,POSITIVE_LENGTH_MEASURE(2.E-2),#22);
#836=PRESENTATION_STYLE_ASSIGNMENT((#835));
#837=STYLED_ITEM('',(#836),#834);
#838=DIRECTION('',(0.E0,0.E0,-1.E0));
#839=VECTOR('',#838,5.E-1);
#840=CARTESIAN_POINT('',(0.E0,4.5E-1,-6.4E0));
#841=LINE('',#840,#839);
#842=CURVE_STYLE('',#30,POSITIVE_LENGTH_MEASURE(2.E-2),#22);
#843=PRESENTATION_STYLE_ASSIGNMENT((#842));
#844=STYLED_ITEM('',(#843),#841);
#845=DIRECTION('',(-1.E0,0.E0,0.E0));
#846=VECTOR('',#845,3.E-1);
#847=CARTESIAN_POINT('',(3.E-1,4.5E-1,-6.9E0));
#848=LINE('',#847,#846);
#849=CURVE_STYLE('',#30,POSITIVE_LENGTH_MEASURE(2.E-2),#22);
#850=PRESENTATION_STYLE_ASSIGNMENT((#849));
#851=STYLED_ITEM('',(#850),#848);
#852=DIRECTION('',(-1.E0,0.E0,0.E0));
#853=VECTOR('',#852,1.660714285714E-1);
#854=CARTESIAN_POINT('',(3.E-1,4.5E-1,-2.65E0));
#855=LINE('',#854,#853);
#856=CURVE_STYLE('',#30,POSITIVE_LENGTH_MEASURE(2.E-2),#22);
#857=PRESENTATION_STYLE_ASSIGNMENT((#856));
#858=STYLED_ITEM('',(#857),#855);
#859=DIRECTION('',(0.E0,-1.E0,0.E0));
#860=VECTOR('',#859,9.E-1);
#861=CARTESIAN_POINT('',(0.E0,4.5E-1,-6.4E0));
#862=LINE('',#861,#860);
#863=CURVE_STYLE('',#30,POSITIVE_LENGTH_MEASURE(2.E-2),#22);
#864=PRESENTATION_STYLE_ASSIGNMENT((#863));
#865=STYLED_ITEM('',(#864),#862);
#866=DIRECTION('',(0.E0,1.E0,0.E0));
#867=VECTOR('',#866,9.E-1);
#868=CARTESIAN_POINT('',(0.E0,-4.5E-1,-6.9E0));
#869=LINE('',#868,#867);
#870=CURVE_STYLE('',#30,POSITIVE_LENGTH_MEASURE(2.E-2),#22);
#871=PRESENTATION_STYLE_ASSIGNMENT((#870));
#872=STYLED_ITEM('',(#871),#869);
#873=DIRECTION('',(-3.569153051241E-2,0.E0,-9.993628543475E-1));
#874=VECTOR('',#873,3.752390819497E0);
#875=CARTESIAN_POINT('',(1.339285714286E-1,-4.5E-1,-2.65E0));
#876=LINE('',#875,#874);
#877=CURVE_STYLE('',#30,POSITIVE_LENGTH_MEASURE(2.E-2),#22);
#878=PRESENTATION_STYLE_ASSIGNMENT((#877));
#879=STYLED_ITEM('',(#878),#876);
#880=DIRECTION('',(1.E0,0.E0,0.E0));
#881=VECTOR('',#880,1.660714285714E-1);
#882=CARTESIAN_POINT('',(1.339285714286E-1,-4.5E-1,-2.65E0));
#883=LINE('',#882,#881);
#884=CURVE_STYLE('',#30,POSITIVE_LENGTH_MEASURE(2.E-2),#22);
#885=PRESENTATION_STYLE_ASSIGNMENT((#884));
#886=STYLED_ITEM('',(#885),#883);
#887=DIRECTION('',(0.E0,0.E0,1.E0));
#888=VECTOR('',#887,5.E-1);
#889=CARTESIAN_POINT('',(0.E0,-4.5E-1,-6.9E0));
#890=LINE('',#889,#888);
#891=CURVE_STYLE('',#30,POSITIVE_LENGTH_MEASURE(2.E-2),#22);
#892=PRESENTATION_STYLE_ASSIGNMENT((#891));
#893=STYLED_ITEM('',(#892),#890);
#894=DIRECTION('',(0.E0,0.E0,1.E0));
#895=VECTOR('',#894,5.E-1);
#896=CARTESIAN_POINT('',(3.E-1,4.5E-1,-6.9E0));
#897=LINE('',#896,#895);
#898=CURVE_STYLE('',#30,POSITIVE_LENGTH_MEASURE(2.E-2),#22);
#899=PRESENTATION_STYLE_ASSIGNMENT((#898));
#900=STYLED_ITEM('',(#899),#897);
#901=DIRECTION('',(0.E0,1.E0,0.E0));
#902=VECTOR('',#901,9.E-1);
#903=CARTESIAN_POINT('',(3.E-1,-4.5E-1,-6.9E0));
#904=LINE('',#903,#902);
#905=CURVE_STYLE('',#30,POSITIVE_LENGTH_MEASURE(2.E-2),#22);
#906=PRESENTATION_STYLE_ASSIGNMENT((#905));
#907=STYLED_ITEM('',(#906),#904);
#908=DIRECTION('',(0.E0,0.E0,-1.E0));
#909=VECTOR('',#908,5.E-1);
#910=CARTESIAN_POINT('',(3.E-1,-4.5E-1,-6.4E0));
#911=LINE('',#910,#909);
#912=CURVE_STYLE('',#30,POSITIVE_LENGTH_MEASURE(2.E-2),#22);
#913=PRESENTATION_STYLE_ASSIGNMENT((#912));
#914=STYLED_ITEM('',(#913),#911);
#915=DIRECTION('',(-1.E0,0.E0,0.E0));
#916=VECTOR('',#915,3.E-1);
#917=CARTESIAN_POINT('',(3.E-1,-4.5E-1,-6.9E0));
#918=LINE('',#917,#916);
#919=CURVE_STYLE('',#30,POSITIVE_LENGTH_MEASURE(2.E-2),#22);
#920=PRESENTATION_STYLE_ASSIGNMENT((#919));
#921=STYLED_ITEM('',(#920),#918);
#922=DIRECTION('',(0.E0,7.071067811865E-1,7.071067811865E-1));
#923=VECTOR('',#922,1.253506222232E0);
#924=CARTESIAN_POINT('',(1.E0,-6.4E0,5.51363725E0));
#925=LINE('',#924,#923);
#926=CURVE_STYLE('',#30,POSITIVE_LENGTH_MEASURE(2.E-2),#22);
#927=PRESENTATION_STYLE_ASSIGNMENT((#926));
#928=STYLED_ITEM('',(#927),#925);
#929=DIRECTION('',(0.E0,-1.E0,0.E0));
#930=VECTOR('',#929,4.01363725E0);
#931=CARTESIAN_POINT('',(1.E0,5.51363725E0,6.4E0));
#932=LINE('',#931,#930);
#933=CURVE_STYLE('',#30,POSITIVE_LENGTH_MEASURE(2.E-2),#22);
#934=PRESENTATION_STYLE_ASSIGNMENT((#933));
#935=STYLED_ITEM('',(#934),#932);
#936=DIRECTION('',(-1.E0,0.E0,0.E0));
#937=VECTOR('',#936,3.5E-1);
#938=CARTESIAN_POINT('',(1.E0,1.5E0,6.4E0));
#939=LINE('',#938,#937);
#940=CURVE_STYLE('',#30,POSITIVE_LENGTH_MEASURE(2.E-2),#22);
#941=PRESENTATION_STYLE_ASSIGNMENT((#940));
#942=STYLED_ITEM('',(#941),#939);
#943=DIRECTION('',(0.E0,-1.E0,0.E0));
#944=VECTOR('',#943,3.E0);
#945=CARTESIAN_POINT('',(6.5E-1,1.5E0,6.4E0));
#946=LINE('',#945,#944);
#947=CURVE_STYLE('',#30,POSITIVE_LENGTH_MEASURE(2.E-2),#22);
#948=PRESENTATION_STYLE_ASSIGNMENT((#947));
#949=STYLED_ITEM('',(#948),#946);
#950=DIRECTION('',(-1.E0,0.E0,0.E0));
#951=VECTOR('',#950,3.5E-1);
#952=CARTESIAN_POINT('',(1.E0,-1.5E0,6.4E0));
#953=LINE('',#952,#951);
#954=CURVE_STYLE('',#30,POSITIVE_LENGTH_MEASURE(2.E-2),#22);
#955=PRESENTATION_STYLE_ASSIGNMENT((#954));
#956=STYLED_ITEM('',(#955),#953);
#957=DIRECTION('',(0.E0,-1.E0,0.E0));
#958=VECTOR('',#957,4.01363725E0);
#959=CARTESIAN_POINT('',(1.E0,-1.5E0,6.4E0));
#960=LINE('',#959,#958);
#961=CURVE_STYLE('',#30,POSITIVE_LENGTH_MEASURE(2.E-2),#22);
#962=PRESENTATION_STYLE_ASSIGNMENT((#961));
#963=STYLED_ITEM('',(#962),#960);
#964=DIRECTION('',(1.E0,0.E0,0.E0));
#965=VECTOR('',#964,1.E0);
#966=CARTESIAN_POINT('',(0.E0,-5.51363725E0,6.4E0));
#967=LINE('',#966,#965);
#968=CURVE_STYLE('',#30,POSITIVE_LENGTH_MEASURE(2.E-2),#22);
#969=PRESENTATION_STYLE_ASSIGNMENT((#968));
#970=STYLED_ITEM('',(#969),#967);
#971=DIRECTION('',(1.E0,0.E0,0.E0));
#972=VECTOR('',#971,3.E-1);
#973=CARTESIAN_POINT('',(0.E0,-5.5E-1,6.4E0));
#974=LINE('',#973,#972);
#975=CURVE_STYLE('',#30,POSITIVE_LENGTH_MEASURE(2.E-2),#22);
#976=PRESENTATION_STYLE_ASSIGNMENT((#975));
#977=STYLED_ITEM('',(#976),#974);
#978=DIRECTION('',(0.E0,1.E0,0.E0));
#979=VECTOR('',#978,1.E-1);
#980=CARTESIAN_POINT('',(3.E-1,-5.5E-1,6.4E0));
#981=LINE('',#980,#979);
#982=CURVE_STYLE('',#30,POSITIVE_LENGTH_MEASURE(2.E-2),#22);
#983=PRESENTATION_STYLE_ASSIGNMENT((#982));
#984=STYLED_ITEM('',(#983),#981);
#985=DIRECTION('',(0.E0,-1.E0,0.E0));
#986=VECTOR('',#985,9.E-1);
#987=CARTESIAN_POINT('',(3.E-1,4.5E-1,6.4E0));
#988=LINE('',#987,#986);
#989=CURVE_STYLE('',#30,POSITIVE_LENGTH_MEASURE(2.E-2),#22);
#990=PRESENTATION_STYLE_ASSIGNMENT((#989));
#991=STYLED_ITEM('',(#990),#988);
#992=DIRECTION('',(0.E0,1.E0,0.E0));
#993=VECTOR('',#992,1.E-1);
#994=CARTESIAN_POINT('',(3.E-1,4.5E-1,6.4E0));
#995=LINE('',#994,#993);
#996=CURVE_STYLE('',#30,POSITIVE_LENGTH_MEASURE(2.E-2),#22);
#997=PRESENTATION_STYLE_ASSIGNMENT((#996));
#998=STYLED_ITEM('',(#997),#995);
#999=DIRECTION('',(1.E0,0.E0,0.E0));
#1000=VECTOR('',#999,3.E-1);
#1001=CARTESIAN_POINT('',(0.E0,5.5E-1,6.4E0));
#1002=LINE('',#1001,#1000);
#1003=CURVE_STYLE('',#30,POSITIVE_LENGTH_MEASURE(2.E-2),#22);
#1004=PRESENTATION_STYLE_ASSIGNMENT((#1003));
#1005=STYLED_ITEM('',(#1004),#1002);
#1006=DIRECTION('',(1.E0,0.E0,0.E0));
#1007=VECTOR('',#1006,1.E0);
#1008=CARTESIAN_POINT('',(0.E0,5.51363725E0,6.4E0));
#1009=LINE('',#1008,#1007);
#1010=CURVE_STYLE('',#30,POSITIVE_LENGTH_MEASURE(2.E-2),#22);
#1011=PRESENTATION_STYLE_ASSIGNMENT((#1010));
#1012=STYLED_ITEM('',(#1011),#1009);
#1013=DIRECTION('',(0.E0,0.E0,1.E0));
#1014=VECTOR('',#1013,1.01E0);
#1015=CARTESIAN_POINT('',(5.E-2,-5.5E-1,2.49E0));
#1016=LINE('',#1015,#1014);
#1017=CURVE_STYLE('',#30,POSITIVE_LENGTH_MEASURE(2.E-2),#22);
#1018=PRESENTATION_STYLE_ASSIGNMENT((#1017));
#1019=STYLED_ITEM('',(#1018),#1016);
#1020=DIRECTION('',(1.E0,0.E0,0.E0));
#1021=VECTOR('',#1020,2.5E-1);
#1022=CARTESIAN_POINT('',(5.E-2,-5.5E-1,2.49E0));
#1023=LINE('',#1022,#1021);
#1024=CURVE_STYLE('',#30,POSITIVE_LENGTH_MEASURE(2.E-2),#22);
#1025=PRESENTATION_STYLE_ASSIGNMENT((#1024));
#1026=STYLED_ITEM('',(#1025),#1023);
#1027=DIRECTION('',(0.E0,0.E0,1.E0));
#1028=VECTOR('',#1027,3.91E0);
#1029=CARTESIAN_POINT('',(3.E-1,-5.5E-1,2.49E0));
#1030=LINE('',#1029,#1028);
#1031=CURVE_STYLE('',#30,POSITIVE_LENGTH_MEASURE(2.E-2),#22);
#1032=PRESENTATION_STYLE_ASSIGNMENT((#1031));
#1033=STYLED_ITEM('',(#1032),#1030);
#1034=DIRECTION('',(0.E0,0.E0,-1.E0));
#1035=VECTOR('',#1034,2.9E0);
#1036=CARTESIAN_POINT('',(0.E0,-5.5E-1,6.4E0));
#1037=LINE('',#1036,#1035);
#1038=CURVE_STYLE('',#30,POSITIVE_LENGTH_MEASURE(2.E-2),#22);
#1039=PRESENTATION_STYLE_ASSIGNMENT((#1038));
#1040=STYLED_ITEM('',(#1039),#1037);
#1041=DIRECTION('',(1.E0,0.E0,0.E0));
#1042=VECTOR('',#1041,5.E-2);
#1043=CARTESIAN_POINT('',(0.E0,-5.5E-1,3.5E0));
#1044=LINE('',#1043,#1042);
#1045=CURVE_STYLE('',#30,POSITIVE_LENGTH_MEASURE(2.E-2),#22);
#1046=PRESENTATION_STYLE_ASSIGNMENT((#1045));
#1047=STYLED_ITEM('',(#1046),#1044);
#1048=CARTESIAN_POINT('',(5.E-2,-1.E-2,2.49E0));
#1049=DIRECTION('',(-1.E0,0.E0,0.E0));
#1050=DIRECTION('',(0.E0,0.E0,-1.E0));
#1051=AXIS2_PLACEMENT_3D('',#1048,#1049,#1050);
#1053=CURVE_STYLE('',#30,POSITIVE_LENGTH_MEASURE(2.E-2),#22);
#1054=PRESENTATION_STYLE_ASSIGNMENT((#1053));
#1055=STYLED_ITEM('',(#1054),#1052);
#1056=DIRECTION('',(1.E0,0.E0,0.E0));
#1057=VECTOR('',#1056,2.5E-1);
#1058=CARTESIAN_POINT('',(5.E-2,-1.E-2,1.95E0));
#1059=LINE('',#1058,#1057);
#1060=CURVE_STYLE('',#30,POSITIVE_LENGTH_MEASURE(2.E-2),#22);
#1061=PRESENTATION_STYLE_ASSIGNMENT((#1060));
#1062=STYLED_ITEM('',(#1061),#1059);
#1063=DIRECTION('',(0.E0,-1.E0,0.E0));
#1064=VECTOR('',#1063,2.E-2);
#1065=CARTESIAN_POINT('',(5.E-2,1.E-2,1.95E0));
#1066=LINE('',#1065,#1064);
#1067=CURVE_STYLE('',#30,POSITIVE_LENGTH_MEASURE(2.E-2),#22);
#1068=PRESENTATION_STYLE_ASSIGNMENT((#1067));
#1069=STYLED_ITEM('',(#1068),#1066);
#1070=DIRECTION('',(1.E0,0.E0,0.E0));
#1071=VECTOR('',#1070,2.5E-1);
#1072=CARTESIAN_POINT('',(5.E-2,1.E-2,1.95E0));
#1073=LINE('',#1072,#1071);
#1074=CURVE_STYLE('',#30,POSITIVE_LENGTH_MEASURE(2.E-2),#22);
#1075=PRESENTATION_STYLE_ASSIGNMENT((#1074));
#1076=STYLED_ITEM('',(#1075),#1073);
#1077=CARTESIAN_POINT('',(5.E-2,1.E-2,2.49E0));
#1078=DIRECTION('',(-1.E0,0.E0,0.E0));
#1079=DIRECTION('',(0.E0,1.E0,0.E0));
#1080=AXIS2_PLACEMENT_3D('',#1077,#1078,#1079);
#1082=CURVE_STYLE('',#30,POSITIVE_LENGTH_MEASURE(2.E-2),#22);
#1083=PRESENTATION_STYLE_ASSIGNMENT((#1082));
#1084=STYLED_ITEM('',(#1083),#1081);
#1085=DIRECTION('',(1.E0,0.E0,0.E0));
#1086=VECTOR('',#1085,2.5E-1);
#1087=CARTESIAN_POINT('',(5.E-2,5.5E-1,2.49E0));
#1088=LINE('',#1087,#1086);
#1089=CURVE_STYLE('',#30,POSITIVE_LENGTH_MEASURE(2.E-2),#22);
#1090=PRESENTATION_STYLE_ASSIGNMENT((#1089));
#1091=STYLED_ITEM('',(#1090),#1088);
#1092=DIRECTION('',(0.E0,0.E0,-1.E0));
#1093=VECTOR('',#1092,3.75E0);
#1094=CARTESIAN_POINT('',(3.E-1,4.5E-1,6.4E0));
#1095=LINE('',#1094,#1093);
#1096=CURVE_STYLE('',#30,POSITIVE_LENGTH_MEASURE(2.E-2),#22);
#1097=PRESENTATION_STYLE_ASSIGNMENT((#1096));
#1098=STYLED_ITEM('',(#1097),#1095);
#1099=CARTESIAN_POINT('',(3.E-1,0.E0,2.65E0));
#1100=DIRECTION('',(-1.E0,0.E0,0.E0));
#1101=DIRECTION('',(0.E0,1.E0,0.E0));
#1102=AXIS2_PLACEMENT_3D('',#1099,#1100,#1101);
#1104=CURVE_STYLE('',#30,POSITIVE_LENGTH_MEASURE(2.E-2),#22);
#1105=PRESENTATION_STYLE_ASSIGNMENT((#1104));
#1106=STYLED_ITEM('',(#1105),#1103);
#1107=DIRECTION('',(0.E0,0.E0,-1.E0));
#1108=VECTOR('',#1107,3.75E0);
#1109=CARTESIAN_POINT('',(3.E-1,-4.5E-1,6.4E0));
#1110=LINE('',#1109,#1108);
#1111=CURVE_STYLE('',#30,POSITIVE_LENGTH_MEASURE(2.E-2),#22);
#1112=PRESENTATION_STYLE_ASSIGNMENT((#1111));
#1113=STYLED_ITEM('',(#1112),#1110);
#1114=CARTESIAN_POINT('',(3.E-1,-1.E-2,2.49E0));
#1115=DIRECTION('',(-1.E0,0.E0,0.E0));
#1116=DIRECTION('',(0.E0,0.E0,-1.E0));
#1117=AXIS2_PLACEMENT_3D('',#1114,#1115,#1116);
#1119=CURVE_STYLE('',#30,POSITIVE_LENGTH_MEASURE(2.E-2),#22);
#1120=PRESENTATION_STYLE_ASSIGNMENT((#1119));
#1121=STYLED_ITEM('',(#1120),#1118);
#1122=DIRECTION('',(0.E0,-1.E0,0.E0));
#1123=VECTOR('',#1122,2.E-2);
#1124=CARTESIAN_POINT('',(3.E-1,1.E-2,1.95E0));
#1125=LINE('',#1124,#1123);
#1126=CURVE_STYLE('',#30,POSITIVE_LENGTH_MEASURE(2.E-2),#22);
#1127=PRESENTATION_STYLE_ASSIGNMENT((#1126));
#1128=STYLED_ITEM('',(#1127),#1125);
#1129=CARTESIAN_POINT('',(3.E-1,1.E-2,2.49E0));
#1130=DIRECTION('',(-1.E0,0.E0,0.E0));
#1131=DIRECTION('',(0.E0,1.E0,0.E0));
#1132=AXIS2_PLACEMENT_3D('',#1129,#1130,#1131);
#1134=CURVE_STYLE('',#30,POSITIVE_LENGTH_MEASURE(2.E-2),#22);
#1135=PRESENTATION_STYLE_ASSIGNMENT((#1134));
#1136=STYLED_ITEM('',(#1135),#1133);
#1137=DIRECTION('',(-3.569153051241E-2,0.E0,9.993628543475E-1));
#1138=VECTOR('',#1137,3.752390819497E0);
#1139=CARTESIAN_POINT('',(1.339285714286E-1,4.5E-1,2.65E0));
#1140=LINE('',#1139,#1138);
#1141=CURVE_STYLE('',#30,POSITIVE_LENGTH_MEASURE(2.E-2),#22);
#1142=PRESENTATION_STYLE_ASSIGNMENT((#1141));
#1143=STYLED_ITEM('',(#1142),#1140);
#1144=DIRECTION('',(1.E0,0.E0,0.E0));
#1145=VECTOR('',#1144,1.660714285714E-1);
#1146=CARTESIAN_POINT('',(1.339285714286E-1,4.5E-1,2.65E0));
#1147=LINE('',#1146,#1145);
#1148=CURVE_STYLE('',#30,POSITIVE_LENGTH_MEASURE(2.E-2),#22);
#1149=PRESENTATION_STYLE_ASSIGNMENT((#1148));
#1150=STYLED_ITEM('',(#1149),#1147);
#1151=DIRECTION('',(-1.E0,0.E0,0.E0));
#1152=VECTOR('',#1151,3.E-1);
#1153=CARTESIAN_POINT('',(3.E-1,4.5E-1,6.9E0));
#1154=LINE('',#1153,#1152);
#1155=CURVE_STYLE('',#30,POSITIVE_LENGTH_MEASURE(2.E-2),#22);
#1156=PRESENTATION_STYLE_ASSIGNMENT((#1155));
#1157=STYLED_ITEM('',(#1156),#1154);
#1158=DIRECTION('',(0.E0,0.E0,-1.E0));
#1159=VECTOR('',#1158,5.E-1);
#1160=CARTESIAN_POINT('',(0.E0,4.5E-1,6.9E0));
#1161=LINE('',#1160,#1159);
#1162=CURVE_STYLE('',#30,POSITIVE_LENGTH_MEASURE(2.E-2),#22);
#1163=PRESENTATION_STYLE_ASSIGNMENT((#1162));
#1164=STYLED_ITEM('',(#1163),#1161);
#1165=DIRECTION('',(0.E0,-1.E0,0.E0));
#1166=VECTOR('',#1165,9.E-1);
#1167=CARTESIAN_POINT('',(0.E0,4.5E-1,6.4E0));
#1168=LINE('',#1167,#1166);
#1169=CURVE_STYLE('',#30,POSITIVE_LENGTH_MEASURE(2.E-2),#22);
#1170=PRESENTATION_STYLE_ASSIGNMENT((#1169));
#1171=STYLED_ITEM('',(#1170),#1168);
#1172=DIRECTION('',(0.E0,1.E0,0.E0));
#1173=VECTOR('',#1172,9.E-1);
#1174=CARTESIAN_POINT('',(0.E0,-4.5E-1,6.9E0));
#1175=LINE('',#1174,#1173);
#1176=CURVE_STYLE('',#30,POSITIVE_LENGTH_MEASURE(2.E-2),#22);
#1177=PRESENTATION_STYLE_ASSIGNMENT((#1176));
#1178=STYLED_ITEM('',(#1177),#1175);
#1179=DIRECTION('',(-1.E0,0.E0,0.E0));
#1180=VECTOR('',#1179,3.E-1);
#1181=CARTESIAN_POINT('',(3.E-1,-4.5E-1,6.9E0));
#1182=LINE('',#1181,#1180);
#1183=CURVE_STYLE('',#30,POSITIVE_LENGTH_MEASURE(2.E-2),#22);
#1184=PRESENTATION_STYLE_ASSIGNMENT((#1183));
#1185=STYLED_ITEM('',(#1184),#1182);
#1186=DIRECTION('',(0.E0,0.E0,1.E0));
#1187=VECTOR('',#1186,5.E-1);
#1188=CARTESIAN_POINT('',(3.E-1,-4.5E-1,6.4E0));
#1189=LINE('',#1188,#1187);
#1190=CURVE_STYLE('',#30,POSITIVE_LENGTH_MEASURE(2.E-2),#22);
#1191=PRESENTATION_STYLE_ASSIGNMENT((#1190));
#1192=STYLED_ITEM('',(#1191),#1189);
#1193=DIRECTION('',(0.E0,1.E0,0.E0));
#1194=VECTOR('',#1193,9.E-1);
#1195=CARTESIAN_POINT('',(3.E-1,-4.5E-1,6.9E0));
#1196=LINE('',#1195,#1194);
#1197=CURVE_STYLE('',#30,POSITIVE_LENGTH_MEASURE(2.E-2),#22);
#1198=PRESENTATION_STYLE_ASSIGNMENT((#1197));
#1199=STYLED_ITEM('',(#1198),#1196);
#1200=DIRECTION('',(0.E0,0.E0,-1.E0));
#1201=VECTOR('',#1200,5.E-1);
#1202=CARTESIAN_POINT('',(3.E-1,4.5E-1,6.9E0));
#1203=LINE('',#1202,#1201);
#1204=CURVE_STYLE('',#30,POSITIVE_LENGTH_MEASURE(2.E-2),#22);
#1205=PRESENTATION_STYLE_ASSIGNMENT((#1204));
#1206=STYLED_ITEM('',(#1205),#1203);
#1207=DIRECTION('',(-3.569153051241E-2,0.E0,9.993628543475E-1));
#1208=VECTOR('',#1207,3.752390819497E0);
#1209=CARTESIAN_POINT('',(1.339285714286E-1,-4.5E-1,2.65E0));
#1210=LINE('',#1209,#1208);
#1211=CURVE_STYLE('',#30,POSITIVE_LENGTH_MEASURE(2.E-2),#22);
#1212=PRESENTATION_STYLE_ASSIGNMENT((#1211));
#1213=STYLED_ITEM('',(#1212),#1210);
#1214=DIRECTION('',(0.E0,0.E0,1.E0));
#1215=VECTOR('',#1214,5.E-1);
#1216=CARTESIAN_POINT('',(0.E0,-4.5E-1,6.4E0));
#1217=LINE('',#1216,#1215);
#1218=CURVE_STYLE('',#30,POSITIVE_LENGTH_MEASURE(2.E-2),#22);
#1219=PRESENTATION_STYLE_ASSIGNMENT((#1218));
#1220=STYLED_ITEM('',(#1219),#1217);
#1221=DIRECTION('',(-1.E0,0.E0,0.E0));
#1222=VECTOR('',#1221,1.660714285714E-1);
#1223=CARTESIAN_POINT('',(3.E-1,-4.5E-1,2.65E0));
#1224=LINE('',#1223,#1222);
#1225=CURVE_STYLE('',#30,POSITIVE_LENGTH_MEASURE(2.E-2),#22);
#1226=PRESENTATION_STYLE_ASSIGNMENT((#1225));
#1227=STYLED_ITEM('',(#1226),#1224);
#1228=CARTESIAN_POINT('',(1.339285714286E-1,4.5E-1,2.65E0));
#1229=CARTESIAN_POINT('',(1.358226074496E-1,4.5E-1,2.596966991411E0));
#1230=CARTESIAN_POINT('',(1.399141798222E-1,4.308015800283E-1,
2.482402964978E0));
#1231=CARTESIAN_POINT('',(1.456327350127E-1,3.276228827695E-1,
2.322283419644E0));
#1232=CARTESIAN_POINT('',(1.486984603818E-1,1.945164788760E-1,
2.236443109311E0));
#1233=CARTESIAN_POINT('',(1.498310173972E-1,8.127361937783E-2,
2.204731512878E0));
#1234=CARTESIAN_POINT('',(1.500844913014E-1,0.E0,2.197634243561E0));
#1235=CARTESIAN_POINT('',(1.498310173972E-1,-8.127361937783E-2,
2.204731512878E0));
#1236=CARTESIAN_POINT('',(1.486984603818E-1,-1.945164788760E-1,
2.236443109311E0));
#1237=CARTESIAN_POINT('',(1.456327350127E-1,-3.276228827695E-1,
2.322283419644E0));
#1238=CARTESIAN_POINT('',(1.399141798222E-1,-4.308015800283E-1,
2.482402964978E0));
#1239=CARTESIAN_POINT('',(1.358226074496E-1,-4.5E-1,2.596966991411E0));
#1240=CARTESIAN_POINT('',(1.339285714286E-1,-4.5E-1,2.65E0));
#1242=CURVE_STYLE('',#30,POSITIVE_LENGTH_MEASURE(2.E-2),#22);
#1243=PRESENTATION_STYLE_ASSIGNMENT((#1242));
#1244=STYLED_ITEM('',(#1243),#1241);
#1245=DIRECTION('',(0.E0,-7.071067811865E-1,7.071067811865E-1));
#1246=VECTOR('',#1245,1.253506222232E0);
#1247=CARTESIAN_POINT('',(1.E0,6.4E0,5.51363725E0));
#1248=LINE('',#1247,#1246);
#1249=CURVE_STYLE('',#30,POSITIVE_LENGTH_MEASURE(2.E-2),#22);
#1250=PRESENTATION_STYLE_ASSIGNMENT((#1249));
#1251=STYLED_ITEM('',(#1250),#1248);
#1252=DIRECTION('',(1.E0,0.E0,0.E0));
#1253=VECTOR('',#1252,1.65E0);
#1254=CARTESIAN_POINT('',(0.E0,6.052778125E0,-6.4E0));
#1255=LINE('',#1254,#1253);
#1256=CURVE_STYLE('',#30,POSITIVE_LENGTH_MEASURE(2.E-2),#22);
#1257=PRESENTATION_STYLE_ASSIGNMENT((#1256));
#1258=STYLED_ITEM('',(#1257),#1255);
#1259=CARTESIAN_POINT('',(3.E-1,1.E-2,1.95E0));
#1260=CARTESIAN_POINT('',(3.E-1,-1.E-2,1.95E0));
#1261=VERTEX_POINT('',#1259);
#1262=VERTEX_POINT('',#1260);
#1263=CARTESIAN_POINT('',(3.E-1,1.E-2,-1.95E0));
#1264=CARTESIAN_POINT('',(3.E-1,-1.E-2,-1.95E0));
#1265=VERTEX_POINT('',#1263);
#1266=VERTEX_POINT('',#1264);
#1267=CARTESIAN_POINT('',(0.E0,-6.052778125E0,-6.4E0));
#1268=CARTESIAN_POINT('',(0.E0,-5.5E-1,-6.4E0));
#1269=VERTEX_POINT('',#1267);
#1270=VERTEX_POINT('',#1268);
#1271=CARTESIAN_POINT('',(0.E0,5.5E-1,-6.4E0));
#1272=CARTESIAN_POINT('',(0.E0,6.052778125E0,-6.4E0));
#1273=VERTEX_POINT('',#1271);
#1274=VERTEX_POINT('',#1272);
#1275=CARTESIAN_POINT('',(0.E0,6.4E0,5.51363725E0));
#1276=CARTESIAN_POINT('',(0.E0,5.51363725E0,6.4E0));
#1277=VERTEX_POINT('',#1275);
#1278=VERTEX_POINT('',#1276);
#1279=CARTESIAN_POINT('',(0.E0,5.5E-1,6.4E0));
#1280=VERTEX_POINT('',#1279);
#1281=CARTESIAN_POINT('',(0.E0,-6.4E0,5.51363725E0));
#1282=CARTESIAN_POINT('',(0.E0,-5.51363725E0,6.4E0));
#1283=VERTEX_POINT('',#1281);
#1284=VERTEX_POINT('',#1282);
#1285=CARTESIAN_POINT('',(0.E0,-5.5E-1,6.4E0));
#1286=VERTEX_POINT('',#1285);
#1287=CARTESIAN_POINT('',(0.E0,-6.4E0,-6.052778125E0));
#1288=VERTEX_POINT('',#1287);
#1289=CARTESIAN_POINT('',(0.E0,6.4E0,-6.052778125E0));
#1290=VERTEX_POINT('',#1289);
#1291=CARTESIAN_POINT('',(1.65E0,-6.4E0,-6.052778125E0));
#1292=CARTESIAN_POINT('',(1.65E0,-6.052778125E0,-6.4E0));
#1293=VERTEX_POINT('',#1291);
#1294=VERTEX_POINT('',#1292);
#1295=CARTESIAN_POINT('',(1.65E0,6.052778125E0,-6.4E0));
#1296=CARTESIAN_POINT('',(1.65E0,6.4E0,-6.052778125E0));
#1297=VERTEX_POINT('',#1295);
#1298=VERTEX_POINT('',#1296);
#1299=CARTESIAN_POINT('',(3.E-1,-5.5E-1,6.4E0));
#1300=VERTEX_POINT('',#1299);
#1301=CARTESIAN_POINT('',(3.E-1,5.5E-1,6.4E0));
#1302=VERTEX_POINT('',#1301);
#1303=CARTESIAN_POINT('',(3.E-1,5.5E-1,2.49E0));
#1304=VERTEX_POINT('',#1303);
#1305=CARTESIAN_POINT('',(3.E-1,-5.5E-1,2.49E0));
#1306=VERTEX_POINT('',#1305);
#1307=CARTESIAN_POINT('',(3.E-1,-5.5E-1,-6.4E0));
#1308=VERTEX_POINT('',#1307);
#1309=CARTESIAN_POINT('',(3.E-1,5.5E-1,-6.4E0));
#1310=VERTEX_POINT('',#1309);
#1311=CARTESIAN_POINT('',(3.E-1,5.5E-1,-2.49E0));
#1312=VERTEX_POINT('',#1311);
#1313=CARTESIAN_POINT('',(3.E-1,-5.5E-1,-2.49E0));
#1314=VERTEX_POINT('',#1313);
#1315=CARTESIAN_POINT('',(0.E0,6.4E0,3.5E0));
#1316=CARTESIAN_POINT('',(0.E0,5.5E-1,3.5E0));
#1317=VERTEX_POINT('',#1315);
#1318=VERTEX_POINT('',#1316);
#1319=CARTESIAN_POINT('',(0.E0,-5.5E-1,3.5E0));
#1320=CARTESIAN_POINT('',(0.E0,-6.4E0,3.5E0));
#1321=VERTEX_POINT('',#1319);
#1322=VERTEX_POINT('',#1320);
#1323=CARTESIAN_POINT('',(0.E0,6.4E0,-3.5E0));
#1324=CARTESIAN_POINT('',(0.E0,5.5E-1,-3.5E0));
#1325=VERTEX_POINT('',#1323);
#1326=VERTEX_POINT('',#1324);
#1327=CARTESIAN_POINT('',(0.E0,-5.5E-1,-3.5E0));
#1328=CARTESIAN_POINT('',(0.E0,-6.4E0,-3.5E0));
#1329=VERTEX_POINT('',#1327);
#1330=VERTEX_POINT('',#1328);
#1331=CARTESIAN_POINT('',(5.E-2,6.4E0,3.5E0));
#1332=CARTESIAN_POINT('',(5.E-2,6.4E0,-3.5E0));
#1333=VERTEX_POINT('',#1331);
#1334=VERTEX_POINT('',#1332);
#1335=CARTESIAN_POINT('',(5.E-2,-6.4E0,3.5E0));
#1336=CARTESIAN_POINT('',(5.E-2,-6.4E0,-3.5E0));
#1337=VERTEX_POINT('',#1335);
#1338=VERTEX_POINT('',#1336);
#1339=CARTESIAN_POINT('',(5.E-2,5.5E-1,2.49E0));
#1340=CARTESIAN_POINT('',(5.E-2,5.5E-1,3.5E0));
#1341=VERTEX_POINT('',#1339);
#1342=VERTEX_POINT('',#1340);
#1343=CARTESIAN_POINT('',(5.E-2,-5.5E-1,2.49E0));
#1344=CARTESIAN_POINT('',(5.E-2,-5.5E-1,3.5E0));
#1345=VERTEX_POINT('',#1343);
#1346=VERTEX_POINT('',#1344);
#1347=CARTESIAN_POINT('',(5.E-2,5.5E-1,-2.49E0));
#1348=CARTESIAN_POINT('',(5.E-2,5.5E-1,-3.5E0));
#1349=VERTEX_POINT('',#1347);
#1350=VERTEX_POINT('',#1348);
#1351=CARTESIAN_POINT('',(5.E-2,-5.5E-1,-2.49E0));
#1352=CARTESIAN_POINT('',(5.E-2,-5.5E-1,-3.5E0));
#1353=VERTEX_POINT('',#1351);
#1354=VERTEX_POINT('',#1352);
#1355=CARTESIAN_POINT('',(5.E-2,1.E-2,1.95E0));
#1356=CARTESIAN_POINT('',(5.E-2,-1.E-2,1.95E0));
#1357=VERTEX_POINT('',#1355);
#1358=VERTEX_POINT('',#1356);
#1359=CARTESIAN_POINT('',(5.E-2,1.E-2,-1.95E0));
#1360=CARTESIAN_POINT('',(5.E-2,-1.E-2,-1.95E0));
#1361=VERTEX_POINT('',#1359);
#1362=VERTEX_POINT('',#1360);
#1363=CARTESIAN_POINT('',(3.E-1,-4.5E-1,6.4E0));
#1364=VERTEX_POINT('',#1363);
#1365=CARTESIAN_POINT('',(3.E-1,4.5E-1,6.4E0));
#1366=VERTEX_POINT('',#1365);
#1367=CARTESIAN_POINT('',(1.339285714286E-1,4.5E-1,2.65E0));
#1368=CARTESIAN_POINT('',(0.E0,4.5E-1,6.4E0));
#1369=VERTEX_POINT('',#1367);
#1370=VERTEX_POINT('',#1368);
#1371=CARTESIAN_POINT('',(1.339285714286E-1,-4.5E-1,2.65E0));
#1372=CARTESIAN_POINT('',(0.E0,-4.5E-1,6.4E0));
#1373=VERTEX_POINT('',#1371);
#1374=VERTEX_POINT('',#1372);
#1375=CARTESIAN_POINT('',(3.E-1,-4.5E-1,2.65E0));
#1376=VERTEX_POINT('',#1375);
#1377=CARTESIAN_POINT('',(3.E-1,4.5E-1,2.65E0));
#1378=VERTEX_POINT('',#1377);
#1379=CARTESIAN_POINT('',(3.E-1,4.5E-1,-6.4E0));
#1380=VERTEX_POINT('',#1379);
#1381=CARTESIAN_POINT('',(3.E-1,-4.5E-1,-6.4E0));
#1382=VERTEX_POINT('',#1381);
#1383=CARTESIAN_POINT('',(1.65E0,-1.5E0,-6.4E0));
#1384=CARTESIAN_POINT('',(1.65E0,-1.5E0,-6.067330549756E0));
#1385=VERTEX_POINT('',#1383);
#1386=VERTEX_POINT('',#1384);
#1387=CARTESIAN_POINT('',(1.65E0,1.5E0,-6.4E0));
#1388=CARTESIAN_POINT('',(1.65E0,1.5E0,-6.067330549756E0));
#1389=VERTEX_POINT('',#1387);
#1390=VERTEX_POINT('',#1388);
#1391=CARTESIAN_POINT('',(6.5E-1,-1.5E0,-6.4E0));
#1392=VERTEX_POINT('',#1391);
#1393=CARTESIAN_POINT('',(6.5E-1,1.5E0,-6.4E0));
#1394=VERTEX_POINT('',#1393);
#1395=CARTESIAN_POINT('',(6.5E-1,1.5E0,6.4E0));
#1396=CARTESIAN_POINT('',(6.5E-1,-1.5E0,6.4E0));
#1397=VERTEX_POINT('',#1395);
#1398=VERTEX_POINT('',#1396);
#1399=CARTESIAN_POINT('',(6.5E-1,-1.5E0,-6.067330549756E0));
#1400=VERTEX_POINT('',#1399);
#1401=CARTESIAN_POINT('',(6.5E-1,1.5E0,-6.067330549756E0));
#1402=VERTEX_POINT('',#1401);
#1403=CARTESIAN_POINT('',(6.5E-1,-1.5E0,6.067330549756E0));
#1404=VERTEX_POINT('',#1403);
#1405=CARTESIAN_POINT('',(6.5E-1,1.5E0,6.067330549756E0));
#1406=VERTEX_POINT('',#1405);
#1407=CARTESIAN_POINT('',(1.65E0,6.4E0,-1.5E0));
#1408=CARTESIAN_POINT('',(1.65E0,6.067330549756E0,-1.5E0));
#1409=VERTEX_POINT('',#1407);
#1410=VERTEX_POINT('',#1408);
#1411=CARTESIAN_POINT('',(1.65E0,-6.067330549756E0,-1.5E0));
#1412=CARTESIAN_POINT('',(1.65E0,-6.4E0,-1.5E0));
#1413=VERTEX_POINT('',#1411);
#1414=VERTEX_POINT('',#1412);
#1415=CARTESIAN_POINT('',(6.5E-1,6.4E0,-1.5E0));
#1416=CARTESIAN_POINT('',(6.5E-1,6.4E0,1.5E0));
#1417=VERTEX_POINT('',#1415);
#1418=VERTEX_POINT('',#1416);
#1419=CARTESIAN_POINT('',(6.5E-1,-6.4E0,-1.5E0));
#1420=CARTESIAN_POINT('',(6.5E-1,-6.4E0,1.5E0));
#1421=VERTEX_POINT('',#1419);
#1422=VERTEX_POINT('',#1420);
#1423=CARTESIAN_POINT('',(6.5E-1,-6.067330549756E0,-1.5E0));
#1424=VERTEX_POINT('',#1423);
#1425=CARTESIAN_POINT('',(6.5E-1,6.067330549756E0,-1.5E0));
#1426=VERTEX_POINT('',#1425);
#1427=CARTESIAN_POINT('',(6.5E-1,6.067330549756E0,1.5E0));
#1428=VERTEX_POINT('',#1427);
#1429=CARTESIAN_POINT('',(6.5E-1,-6.067330549756E0,1.5E0));
#1430=VERTEX_POINT('',#1429);
#1431=CARTESIAN_POINT('',(1.E0,6.4E0,5.51363725E0));
#1432=CARTESIAN_POINT('',(1.E0,6.4E0,1.5E0));
#1433=VERTEX_POINT('',#1431);
#1434=VERTEX_POINT('',#1432);
#1435=CARTESIAN_POINT('',(1.E0,-6.4E0,5.51363725E0));
#1436=CARTESIAN_POINT('',(1.E0,-6.4E0,1.5E0));
#1437=VERTEX_POINT('',#1435);
#1438=VERTEX_POINT('',#1436);
#1439=CARTESIAN_POINT('',(1.E0,5.51363725E0,6.4E0));
#1440=VERTEX_POINT('',#1439);
#1441=CARTESIAN_POINT('',(1.E0,-5.51363725E0,6.4E0));
#1442=VERTEX_POINT('',#1441);
#1443=CARTESIAN_POINT('',(1.E0,6.067330549756E0,1.5E0));
#1444=CARTESIAN_POINT('',(1.E0,1.5E0,6.067330549756E0));
#1445=VERTEX_POINT('',#1443);
#1446=VERTEX_POINT('',#1444);
#1447=CARTESIAN_POINT('',(1.E0,-1.5E0,6.067330549756E0));
#1448=CARTESIAN_POINT('',(1.E0,-6.067330549756E0,1.5E0));
#1449=VERTEX_POINT('',#1447);
#1450=VERTEX_POINT('',#1448);
#1451=CARTESIAN_POINT('',(1.E0,-1.5E0,6.4E0));
#1452=VERTEX_POINT('',#1451);
#1453=CARTESIAN_POINT('',(1.E0,1.5E0,6.4E0));
#1454=VERTEX_POINT('',#1453);
#1455=CARTESIAN_POINT('',(1.339285714286E-1,4.5E-1,-2.65E0));
#1456=CARTESIAN_POINT('',(0.E0,4.5E-1,-6.4E0));
#1457=VERTEX_POINT('',#1455);
#1458=VERTEX_POINT('',#1456);
#1459=CARTESIAN_POINT('',(1.339285714286E-1,-4.5E-1,-2.65E0));
#1460=CARTESIAN_POINT('',(0.E0,-4.5E-1,-6.4E0));
#1461=VERTEX_POINT('',#1459);
#1462=VERTEX_POINT('',#1460);
#1463=CARTESIAN_POINT('',(3.E-1,-4.5E-1,-2.65E0));
#1464=VERTEX_POINT('',#1463);
#1465=CARTESIAN_POINT('',(3.E-1,4.5E-1,-2.65E0));
#1466=VERTEX_POINT('',#1465);
#1467=CARTESIAN_POINT('',(3.E-1,-4.5E-1,6.9E0));
#1468=CARTESIAN_POINT('',(3.E-1,4.5E-1,6.9E0));
#1469=VERTEX_POINT('',#1467);
#1470=VERTEX_POINT('',#1468);
#1471=CARTESIAN_POINT('',(0.E0,-4.5E-1,6.9E0));
#1472=CARTESIAN_POINT('',(0.E0,4.5E-1,6.9E0));
#1473=VERTEX_POINT('',#1471);
#1474=VERTEX_POINT('',#1472);
#1475=CARTESIAN_POINT('',(3.E-1,-4.5E-1,-6.9E0));
#1476=CARTESIAN_POINT('',(3.E-1,4.5E-1,-6.9E0));
#1477=VERTEX_POINT('',#1475);
#1478=VERTEX_POINT('',#1476);
#1479=CARTESIAN_POINT('',(0.E0,-4.5E-1,-6.9E0));
#1480=CARTESIAN_POINT('',(0.E0,4.5E-1,-6.9E0));
#1481=VERTEX_POINT('',#1479);
#1482=VERTEX_POINT('',#1480);
#1483=CARTESIAN_POINT('',(0.E0,0.E0,0.E0));
#1484=DIRECTION('',(1.E0,0.E0,0.E0));
#1485=DIRECTION('',(0.E0,0.E0,1.E0));
#1486=AXIS2_PLACEMENT_3D('',#1483,#1484,#1485);
#1487=PLANE('',#1486);
#1489=ORIENTED_EDGE('',*,*,#1488,.F.);
#1491=ORIENTED_EDGE('',*,*,#1490,.T.);
#1493=ORIENTED_EDGE('',*,*,#1492,.T.);
#1495=ORIENTED_EDGE('',*,*,#1494,.T.);
#1497=ORIENTED_EDGE('',*,*,#1496,.F.);
#1498=EDGE_LOOP('',(#1489,#1491,#1493,#1495,#1497));
#1499=FACE_OUTER_BOUND('',#1498,.F.);
#1501=CARTESIAN_POINT('',(0.E0,0.E0,0.E0));
#1502=DIRECTION('',(1.E0,0.E0,0.E0));
#1503=DIRECTION('',(0.E0,0.E0,1.E0));
#1504=AXIS2_PLACEMENT_3D('',#1501,#1502,#1503);
#1505=PLANE('',#1504);
#1507=ORIENTED_EDGE('',*,*,#1506,.F.);
#1509=ORIENTED_EDGE('',*,*,#1508,.F.);
#1511=ORIENTED_EDGE('',*,*,#1510,.T.);
#1513=ORIENTED_EDGE('',*,*,#1512,.F.);
#1515=ORIENTED_EDGE('',*,*,#1514,.F.);
#1516=EDGE_LOOP('',(#1507,#1509,#1511,#1513,#1515));
#1517=FACE_OUTER_BOUND('',#1516,.F.);
#1519=CARTESIAN_POINT('',(0.E0,0.E0,0.E0));
#1520=DIRECTION('',(1.E0,0.E0,0.E0));
#1521=DIRECTION('',(0.E0,0.E0,1.E0));
#1522=AXIS2_PLACEMENT_3D('',#1519,#1520,#1521);
#1523=PLANE('',#1522);
#1525=ORIENTED_EDGE('',*,*,#1524,.T.);
#1527=ORIENTED_EDGE('',*,*,#1526,.F.);
#1529=ORIENTED_EDGE('',*,*,#1528,.T.);
#1531=ORIENTED_EDGE('',*,*,#1530,.T.);
#1533=ORIENTED_EDGE('',*,*,#1532,.T.);
#1534=EDGE_LOOP('',(#1525,#1527,#1529,#1531,#1533));
#1535=FACE_OUTER_BOUND('',#1534,.F.);
#1537=CARTESIAN_POINT('',(0.E0,0.E0,0.E0));
#1538=DIRECTION('',(1.E0,0.E0,0.E0));
#1539=DIRECTION('',(0.E0,0.E0,1.E0));
#1540=AXIS2_PLACEMENT_3D('',#1537,#1538,#1539);
#1541=PLANE('',#1540);
#1543=ORIENTED_EDGE('',*,*,#1542,.T.);
#1545=ORIENTED_EDGE('',*,*,#1544,.F.);
#1547=ORIENTED_EDGE('',*,*,#1546,.T.);
#1549=ORIENTED_EDGE('',*,*,#1548,.T.);
#1551=ORIENTED_EDGE('',*,*,#1550,.F.);
#1552=EDGE_LOOP('',(#1543,#1545,#1547,#1549,#1551));
#1553=FACE_OUTER_BOUND('',#1552,.F.);
#1555=CARTESIAN_POINT('',(0.E0,-6.4E0,3.5E0));
#1556=DIRECTION('',(0.E0,0.E0,1.E0));
#1557=DIRECTION('',(0.E0,1.E0,0.E0));
#1558=AXIS2_PLACEMENT_3D('',#1555,#1556,#1557);
#1559=PLANE('',#1558);
#1560=ORIENTED_EDGE('',*,*,#1488,.T.);
#1562=ORIENTED_EDGE('',*,*,#1561,.T.);
#1564=ORIENTED_EDGE('',*,*,#1563,.T.);
#1566=ORIENTED_EDGE('',*,*,#1565,.F.);
#1567=EDGE_LOOP('',(#1560,#1562,#1564,#1566));
#1568=FACE_OUTER_BOUND('',#1567,.F.);
#1570=CARTESIAN_POINT('',(0.E0,-6.4E0,3.5E0));
#1571=DIRECTION('',(0.E0,0.E0,1.E0));
#1572=DIRECTION('',(0.E0,1.E0,0.E0));
#1573=AXIS2_PLACEMENT_3D('',#1570,#1571,#1572);
#1574=PLANE('',#1573);
#1575=ORIENTED_EDGE('',*,*,#1506,.T.);
#1577=ORIENTED_EDGE('',*,*,#1576,.T.);
#1579=ORIENTED_EDGE('',*,*,#1578,.T.);
#1581=ORIENTED_EDGE('',*,*,#1580,.F.);
#1582=EDGE_LOOP('',(#1575,#1577,#1579,#1581));
#1583=FACE_OUTER_BOUND('',#1582,.F.);
#1585=CARTESIAN_POINT('',(0.E0,5.5E-1,6.297184063734E0));
#1586=DIRECTION('',(0.E0,1.E0,0.E0));
#1587=DIRECTION('',(0.E0,0.E0,-1.E0));
#1588=AXIS2_PLACEMENT_3D('',#1585,#1586,#1587);
#1589=PLANE('',#1588);
#1591=ORIENTED_EDGE('',*,*,#1590,.T.);
#1592=ORIENTED_EDGE('',*,*,#1561,.F.);
#1593=ORIENTED_EDGE('',*,*,#1496,.T.);
#1595=ORIENTED_EDGE('',*,*,#1594,.T.);
#1597=ORIENTED_EDGE('',*,*,#1596,.T.);
#1599=ORIENTED_EDGE('',*,*,#1598,.F.);
#1600=EDGE_LOOP('',(#1591,#1592,#1593,#1595,#1597,#1599));
#1601=FACE_OUTER_BOUND('',#1600,.F.);
#1603=CARTESIAN_POINT('',(5.E-2,0.E0,0.E0));
#1604=DIRECTION('',(-1.E0,0.E0,0.E0));
#1605=DIRECTION('',(0.E0,1.E0,0.E0));
#1606=AXIS2_PLACEMENT_3D('',#1603,#1604,#1605);
#1607=PLANE('',#1606);
#1609=ORIENTED_EDGE('',*,*,#1608,.F.);
#1610=ORIENTED_EDGE('',*,*,#1563,.F.);
#1611=ORIENTED_EDGE('',*,*,#1590,.F.);
#1613=ORIENTED_EDGE('',*,*,#1612,.T.);
#1615=ORIENTED_EDGE('',*,*,#1614,.T.);
#1617=ORIENTED_EDGE('',*,*,#1616,.T.);
#1619=ORIENTED_EDGE('',*,*,#1618,.T.);
#1620=ORIENTED_EDGE('',*,*,#1578,.F.);
#1622=ORIENTED_EDGE('',*,*,#1621,.T.);
#1624=ORIENTED_EDGE('',*,*,#1623,.F.);
#1626=ORIENTED_EDGE('',*,*,#1625,.F.);
#1628=ORIENTED_EDGE('',*,*,#1627,.F.);
#1630=ORIENTED_EDGE('',*,*,#1629,.F.);
#1632=ORIENTED_EDGE('',*,*,#1631,.F.);
#1634=ORIENTED_EDGE('',*,*,#1633,.T.);
#1636=ORIENTED_EDGE('',*,*,#1635,.F.);
#1637=EDGE_LOOP('',(#1609,#1610,#1611,#1613,#1615,#1617,#1619,#1620,#1622,#1624,
#1626,#1628,#1630,#1632,#1634,#1636));
#1638=FACE_OUTER_BOUND('',#1637,.F.);
#1640=CARTESIAN_POINT('',(0.E0,6.4E0,-6.052778125E0));
#1641=DIRECTION('',(0.E0,1.E0,0.E0));
#1642=DIRECTION('',(0.E0,0.E0,1.E0));
#1643=AXIS2_PLACEMENT_3D('',#1640,#1641,#1642);
#1644=PLANE('',#1643);
#1646=ORIENTED_EDGE('',*,*,#1645,.F.);
#1648=ORIENTED_EDGE('',*,*,#1647,.F.);
#1649=ORIENTED_EDGE('',*,*,#1490,.F.);
#1650=ORIENTED_EDGE('',*,*,#1565,.T.);
#1651=ORIENTED_EDGE('',*,*,#1608,.T.);
#1653=ORIENTED_EDGE('',*,*,#1652,.F.);
#1654=ORIENTED_EDGE('',*,*,#1532,.F.);
#1656=ORIENTED_EDGE('',*,*,#1655,.T.);
#1658=ORIENTED_EDGE('',*,*,#1657,.T.);
#1660=ORIENTED_EDGE('',*,*,#1659,.T.);
#1662=ORIENTED_EDGE('',*,*,#1661,.T.);
#1664=ORIENTED_EDGE('',*,*,#1663,.F.);
#1665=EDGE_LOOP('',(#1646,#1648,#1649,#1650,#1651,#1653,#1654,#1656,#1658,#1660,
#1662,#1664));
#1666=FACE_OUTER_BOUND('',#1665,.F.);
#1668=CARTESIAN_POINT('',(1.E0,6.4E0,1.5E0));
#1669=DIRECTION('',(-1.E0,0.E0,0.E0));
#1670=DIRECTION('',(0.E0,0.E0,1.E0));
#1671=AXIS2_PLACEMENT_3D('',#1668,#1669,#1670);
#1672=PLANE('',#1671);
#1673=ORIENTED_EDGE('',*,*,#1645,.T.);
#1675=ORIENTED_EDGE('',*,*,#1674,.F.);
#1677=ORIENTED_EDGE('',*,*,#1676,.T.);
#1679=ORIENTED_EDGE('',*,*,#1678,.T.);
#1681=ORIENTED_EDGE('',*,*,#1680,.F.);
#1683=ORIENTED_EDGE('',*,*,#1682,.F.);
#1684=EDGE_LOOP('',(#1673,#1675,#1677,#1679,#1681,#1683));
#1685=FACE_OUTER_BOUND('',#1684,.F.);
#1687=CARTESIAN_POINT('',(1.E0,6.4E0,1.5E0));
#1688=DIRECTION('',(-1.E0,0.E0,0.E0));
#1689=DIRECTION('',(0.E0,0.E0,1.E0));
#1690=AXIS2_PLACEMENT_3D('',#1687,#1688,#1689);
#1691=PLANE('',#1690);
#1693=ORIENTED_EDGE('',*,*,#1692,.F.);
#1695=ORIENTED_EDGE('',*,*,#1694,.T.);
#1697=ORIENTED_EDGE('',*,*,#1696,.F.);
#1699=ORIENTED_EDGE('',*,*,#1698,.F.);
#1701=ORIENTED_EDGE('',*,*,#1700,.T.);
#1703=ORIENTED_EDGE('',*,*,#1702,.F.);
#1704=EDGE_LOOP('',(#1693,#1695,#1697,#1699,#1701,#1703));
#1705=FACE_OUTER_BOUND('',#1704,.F.);
#1707=CARTESIAN_POINT('',(6.5E-1,6.4E0,1.5E0));
#1708=DIRECTION('',(0.E0,0.E0,1.E0));
#1709=DIRECTION('',(1.E0,0.E0,0.E0));
#1710=AXIS2_PLACEMENT_3D('',#1707,#1708,#1709);
#1711=PLANE('',#1710);
#1712=ORIENTED_EDGE('',*,*,#1702,.T.);
#1714=ORIENTED_EDGE('',*,*,#1713,.F.);
#1716=ORIENTED_EDGE('',*,*,#1715,.T.);
#1718=ORIENTED_EDGE('',*,*,#1717,.F.);
#1719=EDGE_LOOP('',(#1712,#1714,#1716,#1718));
#1720=FACE_OUTER_BOUND('',#1719,.F.);
#1722=CARTESIAN_POINT('',(6.5E-1,6.4E0,1.5E0));
#1723=DIRECTION('',(0.E0,0.E0,1.E0));
#1724=DIRECTION('',(1.E0,0.E0,0.E0));
#1725=AXIS2_PLACEMENT_3D('',#1722,#1723,#1724);
#1726=PLANE('',#1725);
#1727=ORIENTED_EDGE('',*,*,#1674,.T.);
#1728=ORIENTED_EDGE('',*,*,#1663,.T.);
#1730=ORIENTED_EDGE('',*,*,#1729,.T.);
#1732=ORIENTED_EDGE('',*,*,#1731,.T.);
#1733=EDGE_LOOP('',(#1727,#1728,#1730,#1732));
#1734=FACE_OUTER_BOUND('',#1733,.F.);
#1736=CARTESIAN_POINT('',(1.65E0,0.E0,0.E0));
#1737=DIRECTION('',(1.E0,0.E0,0.E0));
#1738=DIRECTION('',(0.E0,1.E0,0.E0));
#1739=AXIS2_PLACEMENT_3D('',#1736,#1737,#1738);
#1740=CYLINDRICAL_SURFACE('',#1739,6.25E0);
#1741=ORIENTED_EDGE('',*,*,#1676,.F.);
#1742=ORIENTED_EDGE('',*,*,#1731,.F.);
#1744=ORIENTED_EDGE('',*,*,#1743,.T.);
#1746=ORIENTED_EDGE('',*,*,#1745,.T.);
#1747=EDGE_LOOP('',(#1741,#1742,#1744,#1746));
#1748=FACE_OUTER_BOUND('',#1747,.F.);
#1750=CARTESIAN_POINT('',(1.65E0,0.E0,0.E0));
#1751=DIRECTION('',(1.E0,0.E0,0.E0));
#1752=DIRECTION('',(0.E0,1.E0,0.E0));
#1753=AXIS2_PLACEMENT_3D('',#1750,#1751,#1752);
#1754=CYLINDRICAL_SURFACE('',#1753,6.25E0);
#1755=ORIENTED_EDGE('',*,*,#1700,.F.);
#1757=ORIENTED_EDGE('',*,*,#1756,.F.);
#1759=ORIENTED_EDGE('',*,*,#1758,.T.);
#1760=ORIENTED_EDGE('',*,*,#1713,.T.);
#1761=EDGE_LOOP('',(#1755,#1757,#1759,#1760));
#1762=FACE_OUTER_BOUND('',#1761,.F.);
#1764=CARTESIAN_POINT('',(6.5E-1,0.E0,0.E0));
#1765=DIRECTION('',(1.E0,0.E0,0.E0));
#1766=DIRECTION('',(0.E0,1.E0,0.E0));
#1767=AXIS2_PLACEMENT_3D('',#1764,#1765,#1766);
#1768=PLANE('',#1767);
#1769=ORIENTED_EDGE('',*,*,#1758,.F.);
#1771=ORIENTED_EDGE('',*,*,#1770,.T.);
#1773=ORIENTED_EDGE('',*,*,#1772,.F.);
#1775=ORIENTED_EDGE('',*,*,#1774,.F.);
#1776=ORIENTED_EDGE('',*,*,#1743,.F.);
#1777=ORIENTED_EDGE('',*,*,#1729,.F.);
#1778=ORIENTED_EDGE('',*,*,#1661,.F.);
#1780=ORIENTED_EDGE('',*,*,#1779,.T.);
#1782=ORIENTED_EDGE('',*,*,#1781,.F.);
#1784=ORIENTED_EDGE('',*,*,#1783,.F.);
#1786=ORIENTED_EDGE('',*,*,#1785,.F.);
#1788=ORIENTED_EDGE('',*,*,#1787,.T.);
#1790=ORIENTED_EDGE('',*,*,#1789,.F.);
#1792=ORIENTED_EDGE('',*,*,#1791,.T.);
#1794=ORIENTED_EDGE('',*,*,#1793,.T.);
#1795=ORIENTED_EDGE('',*,*,#1715,.F.);
#1796=EDGE_LOOP('',(#1769,#1771,#1773,#1775,#1776,#1777,#1778,#1780,#1782,#1784,
#1786,#1788,#1790,#1792,#1794,#1795));
#1797=FACE_OUTER_BOUND('',#1796,.F.);
#1799=CARTESIAN_POINT('',(1.65E0,-1.5E0,-6.4E0));
#1800=DIRECTION('',(0.E0,-1.E0,0.E0));
#1801=DIRECTION('',(-1.E0,0.E0,0.E0));
#1802=AXIS2_PLACEMENT_3D('',#1799,#1800,#1801);
#1803=PLANE('',#1802);
#1805=ORIENTED_EDGE('',*,*,#1804,.T.);
#1807=ORIENTED_EDGE('',*,*,#1806,.F.);
#1808=ORIENTED_EDGE('',*,*,#1787,.F.);
#1810=ORIENTED_EDGE('',*,*,#1809,.F.);
#1811=EDGE_LOOP('',(#1805,#1807,#1808,#1810));
#1812=FACE_OUTER_BOUND('',#1811,.F.);
#1814=CARTESIAN_POINT('',(1.65E0,-1.5E0,-6.4E0));
#1815=DIRECTION('',(0.E0,-1.E0,0.E0));
#1816=DIRECTION('',(-1.E0,0.E0,0.E0));
#1817=AXIS2_PLACEMENT_3D('',#1814,#1815,#1816);
#1818=PLANE('',#1817);
#1819=ORIENTED_EDGE('',*,*,#1698,.T.);
#1821=ORIENTED_EDGE('',*,*,#1820,.T.);
#1822=ORIENTED_EDGE('',*,*,#1770,.F.);
#1823=ORIENTED_EDGE('',*,*,#1756,.T.);
#1824=EDGE_LOOP('',(#1819,#1821,#1822,#1823));
#1825=FACE_OUTER_BOUND('',#1824,.F.);
#1827=CARTESIAN_POINT('',(1.65E0,0.E0,0.E0));
#1828=DIRECTION('',(1.E0,0.E0,0.E0));
#1829=DIRECTION('',(0.E0,0.E0,1.E0));
#1830=AXIS2_PLACEMENT_3D('',#1827,#1828,#1829);
#1831=PLANE('',#1830);
#1832=ORIENTED_EDGE('',*,*,#1804,.F.);
#1834=ORIENTED_EDGE('',*,*,#1833,.F.);
#1836=ORIENTED_EDGE('',*,*,#1835,.F.);
#1838=ORIENTED_EDGE('',*,*,#1837,.F.);
#1840=ORIENTED_EDGE('',*,*,#1839,.F.);
#1842=ORIENTED_EDGE('',*,*,#1841,.T.);
#1843=EDGE_LOOP('',(#1832,#1834,#1836,#1838,#1840,#1842));
#1844=FACE_OUTER_BOUND('',#1843,.F.);
#1846=CARTESIAN_POINT('',(1.65E0,0.E0,0.E0));
#1847=DIRECTION('',(1.E0,0.E0,0.E0));
#1848=DIRECTION('',(0.E0,0.E0,1.E0));
#1849=AXIS2_PLACEMENT_3D('',#1846,#1847,#1848);
#1850=PLANE('',#1849);
#1852=ORIENTED_EDGE('',*,*,#1851,.T.);
#1854=ORIENTED_EDGE('',*,*,#1853,.T.);
#1856=ORIENTED_EDGE('',*,*,#1855,.F.);
#1857=ORIENTED_EDGE('',*,*,#1657,.F.);
#1859=ORIENTED_EDGE('',*,*,#1858,.F.);
#1861=ORIENTED_EDGE('',*,*,#1860,.F.);
#1862=EDGE_LOOP('',(#1852,#1854,#1856,#1857,#1859,#1861));
#1863=FACE_OUTER_BOUND('',#1862,.F.);
#1865=CARTESIAN_POINT('',(0.E0,-6.052778125E0,-6.4E0));
#1866=DIRECTION('',(0.E0,0.E0,-1.E0));
#1867=DIRECTION('',(0.E0,1.E0,0.E0));
#1868=AXIS2_PLACEMENT_3D('',#1865,#1866,#1867);
#1869=PLANE('',#1868);
#1870=ORIENTED_EDGE('',*,*,#1809,.T.);
#1871=ORIENTED_EDGE('',*,*,#1785,.T.);
#1873=ORIENTED_EDGE('',*,*,#1872,.F.);
#1874=ORIENTED_EDGE('',*,*,#1860,.T.);
#1876=ORIENTED_EDGE('',*,*,#1875,.F.);
#1877=ORIENTED_EDGE('',*,*,#1528,.F.);
#1879=ORIENTED_EDGE('',*,*,#1878,.T.);
#1881=ORIENTED_EDGE('',*,*,#1880,.T.);
#1883=ORIENTED_EDGE('',*,*,#1882,.T.);
#1885=ORIENTED_EDGE('',*,*,#1884,.T.);
#1887=ORIENTED_EDGE('',*,*,#1886,.F.);
#1888=ORIENTED_EDGE('',*,*,#1548,.F.);
#1890=ORIENTED_EDGE('',*,*,#1889,.T.);
#1891=ORIENTED_EDGE('',*,*,#1833,.T.);
#1892=EDGE_LOOP('',(#1870,#1871,#1873,#1874,#1876,#1877,#1879,#1881,#1883,#1885,
#1887,#1888,#1890,#1891));
#1893=FACE_OUTER_BOUND('',#1892,.F.);
#1895=CARTESIAN_POINT('',(6.5E-1,1.5E0,-6.4E0));
#1896=DIRECTION('',(0.E0,1.E0,0.E0));
#1897=DIRECTION('',(1.E0,0.E0,0.E0));
#1898=AXIS2_PLACEMENT_3D('',#1895,#1896,#1897);
#1899=PLANE('',#1898);
#1900=ORIENTED_EDGE('',*,*,#1851,.F.);
#1901=ORIENTED_EDGE('',*,*,#1872,.T.);
#1902=ORIENTED_EDGE('',*,*,#1783,.T.);
#1904=ORIENTED_EDGE('',*,*,#1903,.T.);
#1905=EDGE_LOOP('',(#1900,#1901,#1902,#1904));
#1906=FACE_OUTER_BOUND('',#1905,.F.);
#1908=CARTESIAN_POINT('',(6.5E-1,1.5E0,-6.4E0));
#1909=DIRECTION('',(0.E0,1.E0,0.E0));
#1910=DIRECTION('',(1.E0,0.E0,0.E0));
#1911=AXIS2_PLACEMENT_3D('',#1908,#1909,#1910);
#1912=PLANE('',#1911);
#1913=ORIENTED_EDGE('',*,*,#1678,.F.);
#1914=ORIENTED_EDGE('',*,*,#1745,.F.);
#1915=ORIENTED_EDGE('',*,*,#1774,.T.);
#1917=ORIENTED_EDGE('',*,*,#1916,.F.);
#1918=EDGE_LOOP('',(#1913,#1914,#1915,#1917));
#1919=FACE_OUTER_BOUND('',#1918,.F.);
#1921=CARTESIAN_POINT('',(1.65E0,0.E0,0.E0));
#1922=DIRECTION('',(1.E0,0.E0,0.E0));
#1923=DIRECTION('',(0.E0,1.E0,0.E0));
#1924=AXIS2_PLACEMENT_3D('',#1921,#1922,#1923);
#1925=CYLINDRICAL_SURFACE('',#1924,6.25E0);
#1926=ORIENTED_EDGE('',*,*,#1806,.T.);
#1927=ORIENTED_EDGE('',*,*,#1841,.F.);
#1929=ORIENTED_EDGE('',*,*,#1928,.F.);
#1930=ORIENTED_EDGE('',*,*,#1789,.T.);
#1931=EDGE_LOOP('',(#1926,#1927,#1929,#1930));
#1932=FACE_OUTER_BOUND('',#1931,.F.);
#1934=CARTESIAN_POINT('',(1.65E0,0.E0,0.E0));
#1935=DIRECTION('',(1.E0,0.E0,0.E0));
#1936=DIRECTION('',(0.E0,1.E0,0.E0));
#1937=AXIS2_PLACEMENT_3D('',#1934,#1935,#1936);
#1938=CYLINDRICAL_SURFACE('',#1937,6.25E0);
#1939=ORIENTED_EDGE('',*,*,#1903,.F.);
#1940=ORIENTED_EDGE('',*,*,#1781,.T.);
#1942=ORIENTED_EDGE('',*,*,#1941,.T.);
#1943=ORIENTED_EDGE('',*,*,#1853,.F.);
#1944=EDGE_LOOP('',(#1939,#1940,#1942,#1943));
#1945=FACE_OUTER_BOUND('',#1944,.F.);
#1947=CARTESIAN_POINT('',(1.65E0,6.4E0,-1.5E0));
#1948=DIRECTION('',(0.E0,0.E0,-1.E0));
#1949=DIRECTION('',(-1.E0,0.E0,0.E0));
#1950=AXIS2_PLACEMENT_3D('',#1947,#1948,#1949);
#1951=PLANE('',#1950);
#1952=ORIENTED_EDGE('',*,*,#1855,.T.);
#1953=ORIENTED_EDGE('',*,*,#1941,.F.);
#1954=ORIENTED_EDGE('',*,*,#1779,.F.);
#1955=ORIENTED_EDGE('',*,*,#1659,.F.);
#1956=EDGE_LOOP('',(#1952,#1953,#1954,#1955));
#1957=FACE_OUTER_BOUND('',#1956,.F.);
#1959=CARTESIAN_POINT('',(1.65E0,6.4E0,-1.5E0));
#1960=DIRECTION('',(0.E0,0.E0,-1.E0));
#1961=DIRECTION('',(-1.E0,0.E0,0.E0));
#1962=AXIS2_PLACEMENT_3D('',#1959,#1960,#1961);
#1963=PLANE('',#1962);
#1964=ORIENTED_EDGE('',*,*,#1839,.T.);
#1966=ORIENTED_EDGE('',*,*,#1965,.T.);
#1967=ORIENTED_EDGE('',*,*,#1791,.F.);
#1968=ORIENTED_EDGE('',*,*,#1928,.T.);
#1969=EDGE_LOOP('',(#1964,#1966,#1967,#1968));
#1970=FACE_OUTER_BOUND('',#1969,.F.);
#1972=CARTESIAN_POINT('',(0.E0,-6.4E0,6.4E0));
#1973=DIRECTION('',(0.E0,-1.E0,0.E0));
#1974=DIRECTION('',(0.E0,0.E0,-1.E0));
#1975=AXIS2_PLACEMENT_3D('',#1972,#1973,#1974);
#1976=PLANE('',#1975);
#1977=ORIENTED_EDGE('',*,*,#1692,.T.);
#1978=ORIENTED_EDGE('',*,*,#1717,.T.);
#1979=ORIENTED_EDGE('',*,*,#1793,.F.);
#1980=ORIENTED_EDGE('',*,*,#1965,.F.);
#1981=ORIENTED_EDGE('',*,*,#1837,.T.);
#1983=ORIENTED_EDGE('',*,*,#1982,.F.);
#1984=ORIENTED_EDGE('',*,*,#1544,.T.);
#1986=ORIENTED_EDGE('',*,*,#1985,.T.);
#1987=ORIENTED_EDGE('',*,*,#1621,.F.);
#1988=ORIENTED_EDGE('',*,*,#1576,.F.);
#1989=ORIENTED_EDGE('',*,*,#1514,.T.);
#1991=ORIENTED_EDGE('',*,*,#1990,.T.);
#1992=EDGE_LOOP('',(#1977,#1978,#1979,#1980,#1981,#1983,#1984,#1986,#1987,#1988,
#1989,#1991));
#1993=FACE_OUTER_BOUND('',#1992,.F.);
#1995=CARTESIAN_POINT('',(0.E0,-6.052778125E0,-6.052778125E0));
#1996=DIRECTION('',(1.E0,0.E0,0.E0));
#1997=DIRECTION('',(0.E0,0.E0,1.E0));
#1998=AXIS2_PLACEMENT_3D('',#1995,#1996,#1997);
#1999=CYLINDRICAL_SURFACE('',#1998,3.47221875E-1);
#2000=ORIENTED_EDGE('',*,*,#1546,.F.);
#2001=ORIENTED_EDGE('',*,*,#1982,.T.);
#2002=ORIENTED_EDGE('',*,*,#1835,.T.);
#2003=ORIENTED_EDGE('',*,*,#1889,.F.);
#2004=EDGE_LOOP('',(#2000,#2001,#2002,#2003));
#2005=FACE_OUTER_BOUND('',#2004,.F.);
#2007=CARTESIAN_POINT('',(0.E0,6.4E0,-3.5E0));
#2008=DIRECTION('',(0.E0,0.E0,-1.E0));
#2009=DIRECTION('',(0.E0,-1.E0,0.E0));
#2010=AXIS2_PLACEMENT_3D('',#2007,#2008,#2009);
#2011=PLANE('',#2010);
#2012=ORIENTED_EDGE('',*,*,#1524,.F.);
#2013=ORIENTED_EDGE('',*,*,#1652,.T.);
#2014=ORIENTED_EDGE('',*,*,#1635,.T.);
#2016=ORIENTED_EDGE('',*,*,#2015,.F.);
#2017=EDGE_LOOP('',(#2012,#2013,#2014,#2016));
#2018=FACE_OUTER_BOUND('',#2017,.F.);
#2020=CARTESIAN_POINT('',(0.E0,6.4E0,-3.5E0));
#2021=DIRECTION('',(0.E0,0.E0,-1.E0));
#2022=DIRECTION('',(0.E0,-1.E0,0.E0));
#2023=AXIS2_PLACEMENT_3D('',#2020,#2021,#2022);
#2024=PLANE('',#2023);
#2025=ORIENTED_EDGE('',*,*,#1542,.F.);
#2027=ORIENTED_EDGE('',*,*,#2026,.T.);
#2028=ORIENTED_EDGE('',*,*,#1623,.T.);
#2029=ORIENTED_EDGE('',*,*,#1985,.F.);
#2030=EDGE_LOOP('',(#2025,#2027,#2028,#2029));
#2031=FACE_OUTER_BOUND('',#2030,.F.);
#2033=CARTESIAN_POINT('',(0.E0,5.5E-1,-6.297184063734E0));
#2034=DIRECTION('',(0.E0,-1.E0,0.E0));
#2035=DIRECTION('',(0.E0,0.E0,1.E0));
#2036=AXIS2_PLACEMENT_3D('',#2033,#2034,#2035);
#2037=PLANE('',#2036);
#2038=ORIENTED_EDGE('',*,*,#1633,.F.);
#2040=ORIENTED_EDGE('',*,*,#2039,.T.);
#2042=ORIENTED_EDGE('',*,*,#2041,.T.);
#2043=ORIENTED_EDGE('',*,*,#1878,.F.);
#2044=ORIENTED_EDGE('',*,*,#1526,.T.);
#2045=ORIENTED_EDGE('',*,*,#2015,.T.);
#2046=EDGE_LOOP('',(#2038,#2040,#2042,#2043,#2044,#2045));
#2047=FACE_OUTER_BOUND('',#2046,.F.);
#2049=CARTESIAN_POINT('',(0.E0,1.E-2,-2.49E0));
#2050=DIRECTION('',(1.E0,0.E0,0.E0));
#2051=DIRECTION('',(0.E0,1.E0,0.E0));
#2052=AXIS2_PLACEMENT_3D('',#2049,#2050,#2051);
#2053=CYLINDRICAL_SURFACE('',#2052,5.4E-1);
#2054=ORIENTED_EDGE('',*,*,#1631,.T.);
#2056=ORIENTED_EDGE('',*,*,#2055,.T.);
#2058=ORIENTED_EDGE('',*,*,#2057,.F.);
#2059=ORIENTED_EDGE('',*,*,#2039,.F.);
#2060=EDGE_LOOP('',(#2054,#2056,#2058,#2059));
#2061=FACE_OUTER_BOUND('',#2060,.F.);
#2063=CARTESIAN_POINT('',(0.E0,1.E-2,-1.95E0));
#2064=DIRECTION('',(0.E0,0.E0,-1.E0));
#2065=DIRECTION('',(0.E0,-1.E0,0.E0));
#2066=AXIS2_PLACEMENT_3D('',#2063,#2064,#2065);
#2067=PLANE('',#2066);
#2068=ORIENTED_EDGE('',*,*,#1629,.T.);
#2070=ORIENTED_EDGE('',*,*,#2069,.T.);
#2072=ORIENTED_EDGE('',*,*,#2071,.F.);
#2073=ORIENTED_EDGE('',*,*,#2055,.F.);
#2074=EDGE_LOOP('',(#2068,#2070,#2072,#2073));
#2075=FACE_OUTER_BOUND('',#2074,.F.);
#2077=CARTESIAN_POINT('',(0.E0,-1.E-2,-2.49E0));
#2078=DIRECTION('',(1.E0,0.E0,0.E0));
#2079=DIRECTION('',(0.E0,1.E0,0.E0));
#2080=AXIS2_PLACEMENT_3D('',#2077,#2078,#2079);
#2081=CYLINDRICAL_SURFACE('',#2080,5.4E-1);
#2082=ORIENTED_EDGE('',*,*,#1627,.T.);
#2084=ORIENTED_EDGE('',*,*,#2083,.T.);
#2086=ORIENTED_EDGE('',*,*,#2085,.F.);
#2087=ORIENTED_EDGE('',*,*,#2069,.F.);
#2088=EDGE_LOOP('',(#2082,#2084,#2086,#2087));
#2089=FACE_OUTER_BOUND('',#2088,.F.);
#2091=CARTESIAN_POINT('',(0.E0,-5.5E-1,-2.49E0));
#2092=DIRECTION('',(0.E0,1.E0,0.E0));
#2093=DIRECTION('',(0.E0,0.E0,-1.E0));
#2094=AXIS2_PLACEMENT_3D('',#2091,#2092,#2093);
#2095=PLANE('',#2094);
#2096=ORIENTED_EDGE('',*,*,#1625,.T.);
#2097=ORIENTED_EDGE('',*,*,#2026,.F.);
#2098=ORIENTED_EDGE('',*,*,#1550,.T.);
#2099=ORIENTED_EDGE('',*,*,#1886,.T.);
#2101=ORIENTED_EDGE('',*,*,#2100,.T.);
#2102=ORIENTED_EDGE('',*,*,#2083,.F.);
#2103=EDGE_LOOP('',(#2096,#2097,#2098,#2099,#2101,#2102));
#2104=FACE_OUTER_BOUND('',#2103,.F.);
#2106=CARTESIAN_POINT('',(3.E-1,0.E0,0.E0));
#2107=DIRECTION('',(1.E0,0.E0,0.E0));
#2108=DIRECTION('',(0.E0,1.E0,0.E0));
#2109=AXIS2_PLACEMENT_3D('',#2106,#2107,#2108);
#2110=PLANE('',#2109);
#2112=ORIENTED_EDGE('',*,*,#2111,.T.);
#2114=ORIENTED_EDGE('',*,*,#2113,.F.);
#2115=ORIENTED_EDGE('',*,*,#1880,.F.);
#2116=ORIENTED_EDGE('',*,*,#2041,.F.);
#2117=ORIENTED_EDGE('',*,*,#2057,.T.);
#2118=ORIENTED_EDGE('',*,*,#2071,.T.);
#2119=ORIENTED_EDGE('',*,*,#2085,.T.);
#2120=ORIENTED_EDGE('',*,*,#2100,.F.);
#2121=ORIENTED_EDGE('',*,*,#1884,.F.);
#2123=ORIENTED_EDGE('',*,*,#2122,.T.);
#2124=EDGE_LOOP('',(#2112,#2114,#2115,#2116,#2117,#2118,#2119,#2120,#2121,
#2123));
#2125=FACE_OUTER_BOUND('',#2124,.F.);
#2127=CARTESIAN_POINT('',(-2.15094E0,0.E0,-2.65E0));
#2128=DIRECTION('',(1.E0,0.E0,0.E0));
#2129=DIRECTION('',(0.E0,0.E0,1.E0));
#2130=AXIS2_PLACEMENT_3D('',#2127,#2128,#2129);
#2131=CYLINDRICAL_SURFACE('',#2130,4.5E-1);
#2133=ORIENTED_EDGE('',*,*,#2132,.F.);
#2135=ORIENTED_EDGE('',*,*,#2134,.F.);
#2136=ORIENTED_EDGE('',*,*,#2111,.F.);
#2138=ORIENTED_EDGE('',*,*,#2137,.F.);
#2139=EDGE_LOOP('',(#2133,#2135,#2136,#2138));
#2140=FACE_OUTER_BOUND('',#2139,.F.);
#2142=FILL_AREA_STYLE_COLOUR('',#24);
#2143=FILL_AREA_STYLE('',(#2142));
#2144=SURFACE_STYLE_FILL_AREA(#2143);
#2145=SURFACE_SIDE_STYLE('',(#2144));
#2146=SURFACE_STYLE_USAGE(.POSITIVE.,#2145);
#2147=FILL_AREA_STYLE_COLOUR('',#22);
#2148=FILL_AREA_STYLE('',(#2147));
#2149=SURFACE_STYLE_FILL_AREA(#2148);
#2150=SURFACE_SIDE_STYLE('',(#2149));
#2151=SURFACE_STYLE_USAGE(.NEGATIVE.,#2150);
#2152=PRESENTATION_STYLE_ASSIGNMENT((#2146,#2151));
#2153=OVER_RIDING_STYLED_ITEM('',(#2152),#2141,#25);
#2154=CARTESIAN_POINT('',(0.E0,4.5E-1,-6.4E0));
#2155=DIRECTION('',(-9.993628543475E-1,0.E0,3.569153051241E-2));
#2156=DIRECTION('',(3.569153051241E-2,0.E0,9.993628543475E-1));
#2157=AXIS2_PLACEMENT_3D('',#2154,#2155,#2156);
#2158=PLANE('',#2157);
#2160=ORIENTED_EDGE('',*,*,#2159,.F.);
#2161=ORIENTED_EDGE('',*,*,#2132,.T.);
#2163=ORIENTED_EDGE('',*,*,#2162,.T.);
#2165=ORIENTED_EDGE('',*,*,#2164,.F.);
#2166=EDGE_LOOP('',(#2160,#2161,#2163,#2165));
#2167=FACE_OUTER_BOUND('',#2166,.F.);
#2169=FILL_AREA_STYLE_COLOUR('',#24);
#2170=FILL_AREA_STYLE('',(#2169));
#2171=SURFACE_STYLE_FILL_AREA(#2170);
#2172=SURFACE_SIDE_STYLE('',(#2171));
#2173=SURFACE_STYLE_USAGE(.POSITIVE.,#2172);
#2174=FILL_AREA_STYLE_COLOUR('',#22);
#2175=FILL_AREA_STYLE('',(#2174));
#2176=SURFACE_STYLE_FILL_AREA(#2175);
#2177=SURFACE_SIDE_STYLE('',(#2176));
#2178=SURFACE_STYLE_USAGE(.NEGATIVE.,#2177);
#2179=PRESENTATION_STYLE_ASSIGNMENT((#2173,#2178));
#2180=OVER_RIDING_STYLED_ITEM('',(#2179),#2168,#25);
#2181=CARTESIAN_POINT('',(3.E-1,4.5E-1,-6.4E0));
#2182=DIRECTION('',(0.E0,-1.E0,0.E0));
#2183=DIRECTION('',(0.E0,0.E0,1.E0));
#2184=AXIS2_PLACEMENT_3D('',#2181,#2182,#2183);
#2185=PLANE('',#2184);
#2186=ORIENTED_EDGE('',*,*,#2159,.T.);
#2188=ORIENTED_EDGE('',*,*,#2187,.T.);
#2190=ORIENTED_EDGE('',*,*,#2189,.F.);
#2192=ORIENTED_EDGE('',*,*,#2191,.T.);
#2193=ORIENTED_EDGE('',*,*,#2113,.T.);
#2194=ORIENTED_EDGE('',*,*,#2134,.T.);
#2195=EDGE_LOOP('',(#2186,#2188,#2190,#2192,#2193,#2194));
#2196=FACE_OUTER_BOUND('',#2195,.F.);
#2198=FILL_AREA_STYLE_COLOUR('',#24);
#2199=FILL_AREA_STYLE('',(#2198));
#2200=SURFACE_STYLE_FILL_AREA(#2199);
#2201=SURFACE_SIDE_STYLE('',(#2200));
#2202=SURFACE_STYLE_USAGE(.POSITIVE.,#2201);
#2203=FILL_AREA_STYLE_COLOUR('',#22);
#2204=FILL_AREA_STYLE('',(#2203));
#2205=SURFACE_STYLE_FILL_AREA(#2204);
#2206=SURFACE_SIDE_STYLE('',(#2205));
#2207=SURFACE_STYLE_USAGE(.NEGATIVE.,#2206);
#2208=PRESENTATION_STYLE_ASSIGNMENT((#2202,#2207));
#2209=OVER_RIDING_STYLED_ITEM('',(#2208),#2197,#25);
#2210=CARTESIAN_POINT('',(0.E0,0.E0,0.E0));
#2211=DIRECTION('',(1.E0,0.E0,0.E0));
#2212=DIRECTION('',(0.E0,0.E0,1.E0));
#2213=AXIS2_PLACEMENT_3D('',#2210,#2211,#2212);
#2214=PLANE('',#2213);
#2215=ORIENTED_EDGE('',*,*,#2164,.T.);
#2217=ORIENTED_EDGE('',*,*,#2216,.F.);
#2219=ORIENTED_EDGE('',*,*,#2218,.T.);
#2220=ORIENTED_EDGE('',*,*,#2187,.F.);
#2221=EDGE_LOOP('',(#2215,#2217,#2219,#2220));
#2222=FACE_OUTER_BOUND('',#2221,.F.);
#2224=FILL_AREA_STYLE_COLOUR('',#24);
#2225=FILL_AREA_STYLE('',(#2224));
#2226=SURFACE_STYLE_FILL_AREA(#2225);
#2227=SURFACE_SIDE_STYLE('',(#2226));
#2228=SURFACE_STYLE_USAGE(.POSITIVE.,#2227);
#2229=FILL_AREA_STYLE_COLOUR('',#22);
#2230=FILL_AREA_STYLE('',(#2229));
#2231=SURFACE_STYLE_FILL_AREA(#2230);
#2232=SURFACE_SIDE_STYLE('',(#2231));
#2233=SURFACE_STYLE_USAGE(.NEGATIVE.,#2232);
#2234=PRESENTATION_STYLE_ASSIGNMENT((#2228,#2233));
#2235=OVER_RIDING_STYLED_ITEM('',(#2234),#2223,#25);
#2236=CARTESIAN_POINT('',(3.E-1,-4.5E-1,-2.2E0));
#2237=DIRECTION('',(0.E0,1.E0,0.E0));
#2238=DIRECTION('',(0.E0,0.E0,-1.E0));
#2239=AXIS2_PLACEMENT_3D('',#2236,#2237,#2238);
#2240=PLANE('',#2239);
#2241=ORIENTED_EDGE('',*,*,#2162,.F.);
#2242=ORIENTED_EDGE('',*,*,#2137,.T.);
#2243=ORIENTED_EDGE('',*,*,#2122,.F.);
#2245=ORIENTED_EDGE('',*,*,#2244,.T.);
#2247=ORIENTED_EDGE('',*,*,#2246,.T.);
#2248=ORIENTED_EDGE('',*,*,#2216,.T.);
#2249=EDGE_LOOP('',(#2241,#2242,#2243,#2245,#2247,#2248));
#2250=FACE_OUTER_BOUND('',#2249,.F.);
#2252=FILL_AREA_STYLE_COLOUR('',#24);
#2253=FILL_AREA_STYLE('',(#2252));
#2254=SURFACE_STYLE_FILL_AREA(#2253);
#2255=SURFACE_SIDE_STYLE('',(#2254));
#2256=SURFACE_STYLE_USAGE(.POSITIVE.,#2255);
#2257=FILL_AREA_STYLE_COLOUR('',#22);
#2258=FILL_AREA_STYLE('',(#2257));
#2259=SURFACE_STYLE_FILL_AREA(#2258);
#2260=SURFACE_SIDE_STYLE('',(#2259));
#2261=SURFACE_STYLE_USAGE(.NEGATIVE.,#2260);
#2262=PRESENTATION_STYLE_ASSIGNMENT((#2256,#2261));
#2263=OVER_RIDING_STYLED_ITEM('',(#2262),#2251,#25);
#2264=CARTESIAN_POINT('',(3.E-1,0.E0,0.E0));
#2265=DIRECTION('',(1.E0,0.E0,0.E0));
#2266=DIRECTION('',(0.E0,0.E0,1.E0));
#2267=AXIS2_PLACEMENT_3D('',#2264,#2265,#2266);
#2268=PLANE('',#2267);
#2269=ORIENTED_EDGE('',*,*,#1882,.F.);
#2270=ORIENTED_EDGE('',*,*,#2191,.F.);
#2272=ORIENTED_EDGE('',*,*,#2271,.F.);
#2273=ORIENTED_EDGE('',*,*,#2244,.F.);
#2274=EDGE_LOOP('',(#2269,#2270,#2272,#2273));
#2275=FACE_OUTER_BOUND('',#2274,.F.);
#2277=FILL_AREA_STYLE_COLOUR('',#23);
#2278=FILL_AREA_STYLE('',(#2277));
#2279=SURFACE_STYLE_FILL_AREA(#2278);
#2280=SURFACE_SIDE_STYLE('',(#2279));
#2281=SURFACE_STYLE_USAGE(.POSITIVE.,#2280);
#2282=FILL_AREA_STYLE_COLOUR('',#22);
#2283=FILL_AREA_STYLE('',(#2282));
#2284=SURFACE_STYLE_FILL_AREA(#2283);
#2285=SURFACE_SIDE_STYLE('',(#2284));
#2286=SURFACE_STYLE_USAGE(.NEGATIVE.,#2285);
#2287=PRESENTATION_STYLE_ASSIGNMENT((#2281,#2286));
#2288=OVER_RIDING_STYLED_ITEM('',(#2287),#2276,#25);
#2289=CARTESIAN_POINT('',(3.E-1,-4.5E-1,-6.9E0));
#2290=DIRECTION('',(0.E0,0.E0,1.E0));
#2291=DIRECTION('',(0.E0,1.E0,0.E0));
#2292=AXIS2_PLACEMENT_3D('',#2289,#2290,#2291);
#2293=PLANE('',#2292);
#2294=ORIENTED_EDGE('',*,*,#2271,.T.);
#2295=ORIENTED_EDGE('',*,*,#2189,.T.);
#2296=ORIENTED_EDGE('',*,*,#2218,.F.);
#2297=ORIENTED_EDGE('',*,*,#2246,.F.);
#2298=EDGE_LOOP('',(#2294,#2295,#2296,#2297));
#2299=FACE_OUTER_BOUND('',#2298,.F.);
#2301=FILL_AREA_STYLE_COLOUR('',#24);
#2302=FILL_AREA_STYLE('',(#2301));
#2303=SURFACE_STYLE_FILL_AREA(#2302);
#2304=SURFACE_SIDE_STYLE('',(#2303));
#2305=SURFACE_STYLE_USAGE(.POSITIVE.,#2304);
#2306=FILL_AREA_STYLE_COLOUR('',#22);
#2307=FILL_AREA_STYLE('',(#2306));
#2308=SURFACE_STYLE_FILL_AREA(#2307);
#2309=SURFACE_SIDE_STYLE('',(#2308));
#2310=SURFACE_STYLE_USAGE(.NEGATIVE.,#2309);
#2311=PRESENTATION_STYLE_ASSIGNMENT((#2305,#2310));
#2312=OVER_RIDING_STYLED_ITEM('',(#2311),#2300,#25);
#2313=CARTESIAN_POINT('',(0.E0,-6.4E0,5.51363725E0));
#2314=DIRECTION('',(0.E0,-7.071067811865E-1,7.071067811865E-1));
#2315=DIRECTION('',(0.E0,7.071067811865E-1,7.071067811865E-1));
#2316=AXIS2_PLACEMENT_3D('',#2313,#2314,#2315);
#2317=PLANE('',#2316);
#2318=ORIENTED_EDGE('',*,*,#1694,.F.);
#2319=ORIENTED_EDGE('',*,*,#1990,.F.);
#2320=ORIENTED_EDGE('',*,*,#1512,.T.);
#2322=ORIENTED_EDGE('',*,*,#2321,.T.);
#2323=EDGE_LOOP('',(#2318,#2319,#2320,#2322));
#2324=FACE_OUTER_BOUND('',#2323,.F.);
#2326=CARTESIAN_POINT('',(0.E0,6.4E0,6.4E0));
#2327=DIRECTION('',(0.E0,0.E0,1.E0));
#2328=DIRECTION('',(0.E0,-1.E0,0.E0));
#2329=AXIS2_PLACEMENT_3D('',#2326,#2327,#2328);
#2330=PLANE('',#2329);
#2331=ORIENTED_EDGE('',*,*,#1680,.T.);
#2332=ORIENTED_EDGE('',*,*,#1916,.T.);
#2333=ORIENTED_EDGE('',*,*,#1772,.T.);
#2334=ORIENTED_EDGE('',*,*,#1820,.F.);
#2335=ORIENTED_EDGE('',*,*,#1696,.T.);
#2336=ORIENTED_EDGE('',*,*,#2321,.F.);
#2337=ORIENTED_EDGE('',*,*,#1510,.F.);
#2339=ORIENTED_EDGE('',*,*,#2338,.T.);
#2341=ORIENTED_EDGE('',*,*,#2340,.T.);
#2343=ORIENTED_EDGE('',*,*,#2342,.F.);
#2345=ORIENTED_EDGE('',*,*,#2344,.T.);
#2346=ORIENTED_EDGE('',*,*,#1594,.F.);
#2347=ORIENTED_EDGE('',*,*,#1494,.F.);
#2349=ORIENTED_EDGE('',*,*,#2348,.T.);
#2350=EDGE_LOOP('',(#2331,#2332,#2333,#2334,#2335,#2336,#2337,#2339,#2341,#2343,
#2345,#2346,#2347,#2349));
#2351=FACE_OUTER_BOUND('',#2350,.F.);
#2353=CARTESIAN_POINT('',(0.E0,-5.5E-1,2.49E0));
#2354=DIRECTION('',(0.E0,-1.E0,0.E0));
#2355=DIRECTION('',(0.E0,0.E0,1.E0));
#2356=AXIS2_PLACEMENT_3D('',#2353,#2354,#2355);
#2357=PLANE('',#2356);
#2358=ORIENTED_EDGE('',*,*,#1618,.F.);
#2360=ORIENTED_EDGE('',*,*,#2359,.T.);
#2362=ORIENTED_EDGE('',*,*,#2361,.T.);
#2363=ORIENTED_EDGE('',*,*,#2338,.F.);
#2364=ORIENTED_EDGE('',*,*,#1508,.T.);
#2365=ORIENTED_EDGE('',*,*,#1580,.T.);
#2366=EDGE_LOOP('',(#2358,#2360,#2362,#2363,#2364,#2365));
#2367=FACE_OUTER_BOUND('',#2366,.F.);
#2369=CARTESIAN_POINT('',(0.E0,-1.E-2,2.49E0));
#2370=DIRECTION('',(-1.E0,0.E0,0.E0));
#2371=DIRECTION('',(0.E0,1.E0,0.E0));
#2372=AXIS2_PLACEMENT_3D('',#2369,#2370,#2371);
#2373=CYLINDRICAL_SURFACE('',#2372,5.4E-1);
#2374=ORIENTED_EDGE('',*,*,#1616,.F.);
#2376=ORIENTED_EDGE('',*,*,#2375,.T.);
#2378=ORIENTED_EDGE('',*,*,#2377,.T.);
#2379=ORIENTED_EDGE('',*,*,#2359,.F.);
#2380=EDGE_LOOP('',(#2374,#2376,#2378,#2379));
#2381=FACE_OUTER_BOUND('',#2380,.F.);
#2383=CARTESIAN_POINT('',(0.E0,1.E-2,1.95E0));
#2384=DIRECTION('',(0.E0,0.E0,-1.E0));
#2385=DIRECTION('',(0.E0,-1.E0,0.E0));
#2386=AXIS2_PLACEMENT_3D('',#2383,#2384,#2385);
#2387=PLANE('',#2386);
#2388=ORIENTED_EDGE('',*,*,#1614,.F.);
#2390=ORIENTED_EDGE('',*,*,#2389,.T.);
#2392=ORIENTED_EDGE('',*,*,#2391,.T.);
#2393=ORIENTED_EDGE('',*,*,#2375,.F.);
#2394=EDGE_LOOP('',(#2388,#2390,#2392,#2393));
#2395=FACE_OUTER_BOUND('',#2394,.F.);
#2397=CARTESIAN_POINT('',(0.E0,1.E-2,2.49E0));
#2398=DIRECTION('',(-1.E0,0.E0,0.E0));
#2399=DIRECTION('',(0.E0,1.E0,0.E0));
#2400=AXIS2_PLACEMENT_3D('',#2397,#2398,#2399);
#2401=CYLINDRICAL_SURFACE('',#2400,5.4E-1);
#2402=ORIENTED_EDGE('',*,*,#1612,.F.);
#2403=ORIENTED_EDGE('',*,*,#1598,.T.);
#2405=ORIENTED_EDGE('',*,*,#2404,.T.);
#2406=ORIENTED_EDGE('',*,*,#2389,.F.);
#2407=EDGE_LOOP('',(#2402,#2403,#2405,#2406));
#2408=FACE_OUTER_BOUND('',#2407,.F.);
#2410=CARTESIAN_POINT('',(3.E-1,0.E0,0.E0));
#2411=DIRECTION('',(-1.E0,0.E0,0.E0));
#2412=DIRECTION('',(0.E0,1.E0,0.E0));
#2413=AXIS2_PLACEMENT_3D('',#2410,#2411,#2412);
#2414=PLANE('',#2413);
#2416=ORIENTED_EDGE('',*,*,#2415,.T.);
#2418=ORIENTED_EDGE('',*,*,#2417,.T.);
#2420=ORIENTED_EDGE('',*,*,#2419,.F.);
#2421=ORIENTED_EDGE('',*,*,#2340,.F.);
#2422=ORIENTED_EDGE('',*,*,#2361,.F.);
#2423=ORIENTED_EDGE('',*,*,#2377,.F.);
#2424=ORIENTED_EDGE('',*,*,#2391,.F.);
#2425=ORIENTED_EDGE('',*,*,#2404,.F.);
#2426=ORIENTED_EDGE('',*,*,#1596,.F.);
#2427=ORIENTED_EDGE('',*,*,#2344,.F.);
#2428=EDGE_LOOP('',(#2416,#2418,#2420,#2421,#2422,#2423,#2424,#2425,#2426,
#2427));
#2429=FACE_OUTER_BOUND('',#2428,.F.);
#2431=CARTESIAN_POINT('',(3.E-1,4.5E-1,6.4E0));
#2432=DIRECTION('',(0.E0,1.E0,0.E0));
#2433=DIRECTION('',(0.E0,0.E0,-1.E0));
#2434=AXIS2_PLACEMENT_3D('',#2431,#2432,#2433);
#2435=PLANE('',#2434);
#2437=ORIENTED_EDGE('',*,*,#2436,.F.);
#2439=ORIENTED_EDGE('',*,*,#2438,.T.);
#2440=ORIENTED_EDGE('',*,*,#2415,.F.);
#2442=ORIENTED_EDGE('',*,*,#2441,.F.);
#2444=ORIENTED_EDGE('',*,*,#2443,.T.);
#2446=ORIENTED_EDGE('',*,*,#2445,.T.);
#2447=EDGE_LOOP('',(#2437,#2439,#2440,#2442,#2444,#2446));
#2448=FACE_OUTER_BOUND('',#2447,.F.);
#2450=FILL_AREA_STYLE_COLOUR('',#24);
#2451=FILL_AREA_STYLE('',(#2450));
#2452=SURFACE_STYLE_FILL_AREA(#2451);
#2453=SURFACE_SIDE_STYLE('',(#2452));
#2454=SURFACE_STYLE_USAGE(.POSITIVE.,#2453);
#2455=FILL_AREA_STYLE_COLOUR('',#22);
#2456=FILL_AREA_STYLE('',(#2455));
#2457=SURFACE_STYLE_FILL_AREA(#2456);
#2458=SURFACE_SIDE_STYLE('',(#2457));
#2459=SURFACE_STYLE_USAGE(.NEGATIVE.,#2458);
#2460=PRESENTATION_STYLE_ASSIGNMENT((#2454,#2459));
#2461=OVER_RIDING_STYLED_ITEM('',(#2460),#2449,#25);
#2462=CARTESIAN_POINT('',(0.E0,4.5E-1,6.4E0));
#2463=DIRECTION('',(9.993628543475E-1,0.E0,3.569153051241E-2));
#2464=DIRECTION('',(3.569153051241E-2,0.E0,-9.993628543475E-1));
#2465=AXIS2_PLACEMENT_3D('',#2462,#2463,#2464);
#2466=PLANE('',#2465);
#2467=ORIENTED_EDGE('',*,*,#2436,.T.);
#2469=ORIENTED_EDGE('',*,*,#2468,.T.);
#2471=ORIENTED_EDGE('',*,*,#2470,.F.);
#2473=ORIENTED_EDGE('',*,*,#2472,.F.);
#2474=EDGE_LOOP('',(#2467,#2469,#2471,#2473));
#2475=FACE_OUTER_BOUND('',#2474,.F.);
#2477=FILL_AREA_STYLE_COLOUR('',#24);
#2478=FILL_AREA_STYLE('',(#2477));
#2479=SURFACE_STYLE_FILL_AREA(#2478);
#2480=SURFACE_SIDE_STYLE('',(#2479));
#2481=SURFACE_STYLE_USAGE(.POSITIVE.,#2480);
#2482=FILL_AREA_STYLE_COLOUR('',#22);
#2483=FILL_AREA_STYLE('',(#2482));
#2484=SURFACE_STYLE_FILL_AREA(#2483);
#2485=SURFACE_SIDE_STYLE('',(#2484));
#2486=SURFACE_STYLE_USAGE(.NEGATIVE.,#2485);
#2487=PRESENTATION_STYLE_ASSIGNMENT((#2481,#2486));
#2488=OVER_RIDING_STYLED_ITEM('',(#2487),#2476,#25);
#2489=CARTESIAN_POINT('',(0.E0,0.E0,0.E0));
#2490=DIRECTION('',(-1.E0,0.E0,0.E0));
#2491=DIRECTION('',(0.E0,0.E0,-1.E0));
#2492=AXIS2_PLACEMENT_3D('',#2489,#2490,#2491);
#2493=PLANE('',#2492);
#2494=ORIENTED_EDGE('',*,*,#2468,.F.);
#2495=ORIENTED_EDGE('',*,*,#2445,.F.);
#2497=ORIENTED_EDGE('',*,*,#2496,.F.);
#2499=ORIENTED_EDGE('',*,*,#2498,.F.);
#2500=EDGE_LOOP('',(#2494,#2495,#2497,#2499));
#2501=FACE_OUTER_BOUND('',#2500,.F.);
#2503=FILL_AREA_STYLE_COLOUR('',#24);
#2504=FILL_AREA_STYLE('',(#2503));
#2505=SURFACE_STYLE_FILL_AREA(#2504);
#2506=SURFACE_SIDE_STYLE('',(#2505));
#2507=SURFACE_STYLE_USAGE(.POSITIVE.,#2506);
#2508=FILL_AREA_STYLE_COLOUR('',#22);
#2509=FILL_AREA_STYLE('',(#2508));
#2510=SURFACE_STYLE_FILL_AREA(#2509);
#2511=SURFACE_SIDE_STYLE('',(#2510));
#2512=SURFACE_STYLE_USAGE(.NEGATIVE.,#2511);
#2513=PRESENTATION_STYLE_ASSIGNMENT((#2507,#2512));
#2514=OVER_RIDING_STYLED_ITEM('',(#2513),#2502,#25);
#2515=CARTESIAN_POINT('',(3.E-1,-4.5E-1,6.9E0));
#2516=DIRECTION('',(0.E0,0.E0,1.E0));
#2517=DIRECTION('',(0.E0,1.E0,0.E0));
#2518=AXIS2_PLACEMENT_3D('',#2515,#2516,#2517);
#2519=PLANE('',#2518);
#2521=ORIENTED_EDGE('',*,*,#2520,.F.);
#2523=ORIENTED_EDGE('',*,*,#2522,.T.);
#2524=ORIENTED_EDGE('',*,*,#2496,.T.);
#2525=ORIENTED_EDGE('',*,*,#2443,.F.);
#2526=EDGE_LOOP('',(#2521,#2523,#2524,#2525));
#2527=FACE_OUTER_BOUND('',#2526,.F.);
#2529=FILL_AREA_STYLE_COLOUR('',#24);
#2530=FILL_AREA_STYLE('',(#2529));
#2531=SURFACE_STYLE_FILL_AREA(#2530);
#2532=SURFACE_SIDE_STYLE('',(#2531));
#2533=SURFACE_STYLE_USAGE(.POSITIVE.,#2532);
#2534=FILL_AREA_STYLE_COLOUR('',#22);
#2535=FILL_AREA_STYLE('',(#2534));
#2536=SURFACE_STYLE_FILL_AREA(#2535);
#2537=SURFACE_SIDE_STYLE('',(#2536));
#2538=SURFACE_STYLE_USAGE(.NEGATIVE.,#2537);
#2539=PRESENTATION_STYLE_ASSIGNMENT((#2533,#2538));
#2540=OVER_RIDING_STYLED_ITEM('',(#2539),#2528,#25);
#2541=CARTESIAN_POINT('',(3.E-1,0.E0,0.E0));
#2542=DIRECTION('',(-1.E0,0.E0,0.E0));
#2543=DIRECTION('',(0.E0,0.E0,-1.E0));
#2544=AXIS2_PLACEMENT_3D('',#2541,#2542,#2543);
#2545=PLANE('',#2544);
#2546=ORIENTED_EDGE('',*,*,#2342,.T.);
#2548=ORIENTED_EDGE('',*,*,#2547,.T.);
#2549=ORIENTED_EDGE('',*,*,#2520,.T.);
#2550=ORIENTED_EDGE('',*,*,#2441,.T.);
#2551=EDGE_LOOP('',(#2546,#2548,#2549,#2550));
#2552=FACE_OUTER_BOUND('',#2551,.F.);
#2554=FILL_AREA_STYLE_COLOUR('',#24);
#2555=FILL_AREA_STYLE('',(#2554));
#2556=SURFACE_STYLE_FILL_AREA(#2555);
#2557=SURFACE_SIDE_STYLE('',(#2556));
#2558=SURFACE_STYLE_USAGE(.POSITIVE.,#2557);
#2559=FILL_AREA_STYLE_COLOUR('',#22);
#2560=FILL_AREA_STYLE('',(#2559));
#2561=SURFACE_STYLE_FILL_AREA(#2560);
#2562=SURFACE_SIDE_STYLE('',(#2561));
#2563=SURFACE_STYLE_USAGE(.NEGATIVE.,#2562);
#2564=PRESENTATION_STYLE_ASSIGNMENT((#2558,#2563));
#2565=OVER_RIDING_STYLED_ITEM('',(#2564),#2553,#25);
#2566=CARTESIAN_POINT('',(3.E-1,-4.5E-1,2.2E0));
#2567=DIRECTION('',(0.E0,-1.E0,0.E0));
#2568=DIRECTION('',(0.E0,0.E0,1.E0));
#2569=AXIS2_PLACEMENT_3D('',#2566,#2567,#2568);
#2570=PLANE('',#2569);
#2571=ORIENTED_EDGE('',*,*,#2470,.T.);
#2572=ORIENTED_EDGE('',*,*,#2498,.T.);
#2573=ORIENTED_EDGE('',*,*,#2522,.F.);
#2574=ORIENTED_EDGE('',*,*,#2547,.F.);
#2575=ORIENTED_EDGE('',*,*,#2419,.T.);
#2577=ORIENTED_EDGE('',*,*,#2576,.T.);
#2578=EDGE_LOOP('',(#2571,#2572,#2573,#2574,#2575,#2577));
#2579=FACE_OUTER_BOUND('',#2578,.F.);
#2581=FILL_AREA_STYLE_COLOUR('',#24);
#2582=FILL_AREA_STYLE('',(#2581));
#2583=SURFACE_STYLE_FILL_AREA(#2582);
#2584=SURFACE_SIDE_STYLE('',(#2583));
#2585=SURFACE_STYLE_USAGE(.POSITIVE.,#2584);
#2586=FILL_AREA_STYLE_COLOUR('',#22);
#2587=FILL_AREA_STYLE('',(#2586));
#2588=SURFACE_STYLE_FILL_AREA(#2587);
#2589=SURFACE_SIDE_STYLE('',(#2588));
#2590=SURFACE_STYLE_USAGE(.NEGATIVE.,#2589);
#2591=PRESENTATION_STYLE_ASSIGNMENT((#2585,#2590));
#2592=OVER_RIDING_STYLED_ITEM('',(#2591),#2580,#25);
#2593=CARTESIAN_POINT('',(3.80094E0,0.E0,2.65E0));
#2594=DIRECTION('',(-1.E0,0.E0,0.E0));
#2595=DIRECTION('',(0.E0,0.E0,-1.E0));
#2596=AXIS2_PLACEMENT_3D('',#2593,#2594,#2595);
#2597=CYLINDRICAL_SURFACE('',#2596,4.5E-1);
#2598=ORIENTED_EDGE('',*,*,#2472,.T.);
#2599=ORIENTED_EDGE('',*,*,#2576,.F.);
#2600=ORIENTED_EDGE('',*,*,#2417,.F.);
#2601=ORIENTED_EDGE('',*,*,#2438,.F.);
#2602=EDGE_LOOP('',(#2598,#2599,#2600,#2601));
#2603=FACE_OUTER_BOUND('',#2602,.F.);
#2605=FILL_AREA_STYLE_COLOUR('',#24);
#2606=FILL_AREA_STYLE('',(#2605));
#2607=SURFACE_STYLE_FILL_AREA(#2606);
#2608=SURFACE_SIDE_STYLE('',(#2607));
#2609=SURFACE_STYLE_USAGE(.POSITIVE.,#2608);
#2610=FILL_AREA_STYLE_COLOUR('',#22);
#2611=FILL_AREA_STYLE('',(#2610));
#2612=SURFACE_STYLE_FILL_AREA(#2611);
#2613=SURFACE_SIDE_STYLE('',(#2612));
#2614=SURFACE_STYLE_USAGE(.NEGATIVE.,#2613);
#2615=PRESENTATION_STYLE_ASSIGNMENT((#2609,#2614));
#2616=OVER_RIDING_STYLED_ITEM('',(#2615),#2604,#25);
#2617=CARTESIAN_POINT('',(0.E0,6.4E0,5.51363725E0));
#2618=DIRECTION('',(0.E0,-7.071067811865E-1,-7.071067811865E-1));
#2619=DIRECTION('',(0.E0,-7.071067811865E-1,7.071067811865E-1));
#2620=AXIS2_PLACEMENT_3D('',#2617,#2618,#2619);
#2621=PLANE('',#2620);
#2622=ORIENTED_EDGE('',*,*,#1682,.T.);
#2623=ORIENTED_EDGE('',*,*,#2348,.F.);
#2624=ORIENTED_EDGE('',*,*,#1492,.F.);
#2625=ORIENTED_EDGE('',*,*,#1647,.T.);
#2626=EDGE_LOOP('',(#2622,#2623,#2624,#2625));
#2627=FACE_OUTER_BOUND('',#2626,.F.);
#2629=CARTESIAN_POINT('',(0.E0,6.052778125E0,-6.052778125E0));
#2630=DIRECTION('',(1.E0,0.E0,0.E0));
#2631=DIRECTION('',(0.E0,0.E0,1.E0));
#2632=AXIS2_PLACEMENT_3D('',#2629,#2630,#2631);
#2633=CYLINDRICAL_SURFACE('',#2632,3.47221875E-1);
#2634=ORIENTED_EDGE('',*,*,#1530,.F.);
#2635=ORIENTED_EDGE('',*,*,#1875,.T.);
#2636=ORIENTED_EDGE('',*,*,#1858,.T.);
#2637=ORIENTED_EDGE('',*,*,#1655,.F.);
#2638=EDGE_LOOP('',(#2634,#2635,#2636,#2637));
#2639=FACE_OUTER_BOUND('',#2638,.F.);
#2641=CLOSED_SHELL('',(#1500,#1518,#1536,#1554,#1569,#1584,#1602,#1639,#1667,
#1686,#1706,#1721,#1735,#1749,#1763,#1798,#1813,#1826,#1845,#1864,#1894,#1907,
#1920,#1933,#1946,#1958,#1971,#1994,#2006,#2019,#2032,#2048,#2062,#2076,#2090,
#2105,#2126,#2141,#2168,#2197,#2223,#2251,#2276,#2300,#2325,#2352,#2368,#2382,
#2396,#2409,#2430,#2449,#2476,#2502,#2528,#2553,#2580,#2604,#2628,#2640));
#2642=MANIFOLD_SOLID_BREP('',#2641);
#2643=FILL_AREA_STYLE_COLOUR('',#22);
#2644=FILL_AREA_STYLE('',(#2643));
#2645=SURFACE_STYLE_FILL_AREA(#2644);
#2646=SURFACE_SIDE_STYLE('',(#2645));
#2647=SURFACE_STYLE_USAGE(.BOTH.,#2646);
#2648=PRESENTATION_STYLE_ASSIGNMENT((#2647));
#25=STYLED_ITEM('',(#2648),#2642);
#2651=PLANE_ANGLE_MEASURE_WITH_UNIT(PLANE_ANGLE_MEASURE(1.745329251994E-2),
#2650);
#2652=(CONVERSION_BASED_UNIT('DEGREE',#2651)NAMED_UNIT(*)PLANE_ANGLE_UNIT());
#2654=UNCERTAINTY_MEASURE_WITH_UNIT(LENGTH_MEASURE(1.991133047313E-3),#2649,
'distance_accuracy_value',
'Maximum model space distance between geometric entities at asserted connectivities');
#2656=CARTESIAN_POINT('',(0.E0,0.E0,0.E0));
#2657=DIRECTION('',(0.E0,0.E0,1.E0));
#2658=DIRECTION('',(1.E0,0.E0,0.E0));
#2661=APPLICATION_CONTEXT('automotive_design');
#2662=APPLICATION_PROTOCOL_DEFINITION('international standard',
'automotive_design',2001,#2661);
#2663=PRODUCT_DEFINITION_CONTEXT('part definition',#2661,'design');
#2664=PRODUCT_CONTEXT('',#2661,'mechanical');
#2665=PRODUCT('_1250-1280-000','_1250-1280-000','NOT SPECIFIED',(#2664));
#2666=PRODUCT_DEFINITION_FORMATION('58','LAST_VERSION',#2665);
#2674=DERIVED_UNIT_ELEMENT(#2673,2.E0);
#2675=DERIVED_UNIT((#2674));
#2676=MEASURE_REPRESENTATION_ITEM('surface area measure',AREA_MEASURE(
4.163777716382E2),#2675);
#2681=DERIVED_UNIT_ELEMENT(#2680,3.E0);
#2682=DERIVED_UNIT((#2681));
#2683=MEASURE_REPRESENTATION_ITEM('volume measure',VOLUME_MEASURE(
1.264370925226E2),#2682);
#2687=CARTESIAN_POINT('centre point',(4.881589788717E-1,-3.077923080476E-8,
-5.213808324361E-1));
#2692=DERIVED_UNIT_ELEMENT(#2691,2.E0);
#2693=DERIVED_UNIT((#2692));
#2694=MEASURE_REPRESENTATION_ITEM('surface area measure',AREA_MEASURE(
4.163777716382E2),#2693);
#2699=DERIVED_UNIT_ELEMENT(#2698,3.E0);
#2700=DERIVED_UNIT((#2699));
#2701=MEASURE_REPRESENTATION_ITEM('volume measure',VOLUME_MEASURE(
1.264370925226E2),#2700);
#2705=CARTESIAN_POINT('centre point',(4.881589788717E-1,-3.077923080476E-8,
-5.213808324361E-1));
#2715=CARTESIAN_POINT('centre point',(4.881589788717E-1,6.399999969221E0,
-7.421380832436E0));
#2719=CARTESIAN_POINT('',(0.E0,6.4E0,-6.9E0));
#2720=DIRECTION('',(0.E0,0.E0,1.E0));
#2721=DIRECTION('',(1.E0,0.E0,0.E0));
#2722=AXIS2_PLACEMENT_3D('',#2719,#2720,#2721);
#2723=ITEM_DEFINED_TRANSFORMATION('','',#2659,#2722);
#2724=(REPRESENTATION_RELATIONSHIP('','',#2660,#2712)REPRESENTATION_RELATIONSHIP_WITH_TRANSFORMATION(#2723)SHAPE_REPRESENTATION_RELATIONSHIP());
#2725=CONTEXT_DEPENDENT_SHAPE_REPRESENTATION(#2724,#2714);
#2728=CARTESIAN_POINT('',(0.E0,0.E0,0.E0));
#2729=DIRECTION('',(0.E0,1.E0,0.E0));
#2730=DIRECTION('',(1.E0,0.E0,0.E0));
#2731=AXIS2_PLACEMENT_3D('',#2728,#2729,#2730);
#2733=CURVE_STYLE('',#30,POSITIVE_LENGTH_MEASURE(2.E-2),#20);
#2734=PRESENTATION_STYLE_ASSIGNMENT((#2733));
#2735=STYLED_ITEM('',(#2734),#2732);
#2736=CARTESIAN_POINT('',(0.E0,0.E0,0.E0));
#2737=DIRECTION('',(0.E0,1.E0,0.E0));
#2738=DIRECTION('',(-1.E0,0.E0,0.E0));
#2739=AXIS2_PLACEMENT_3D('',#2736,#2737,#2738);
#2741=CURVE_STYLE('',#30,POSITIVE_LENGTH_MEASURE(2.E-2),#20);
#2742=PRESENTATION_STYLE_ASSIGNMENT((#2741));
#2743=STYLED_ITEM('',(#2742),#2740);
#2744=CARTESIAN_POINT('',(0.E0,1.870820393250E0,0.E0));
#2745=DIRECTION('',(0.E0,1.E0,0.E0));
#2746=DIRECTION('',(1.E0,0.E0,0.E0));
#2747=AXIS2_PLACEMENT_3D('',#2744,#2745,#2746);
#2749=CURVE_STYLE('',#30,POSITIVE_LENGTH_MEASURE(2.E-2),#20);
#2750=PRESENTATION_STYLE_ASSIGNMENT((#2749));
#2751=STYLED_ITEM('',(#2750),#2748);
#2752=DIRECTION('',(0.E0,1.E0,1.563375529855E-14));
#2753=VECTOR('',#2752,1.185796760675E1);
#2754=CARTESIAN_POINT('',(6.25E0,1.870820393250E0,-1.839258017422E-13));
#2755=LINE('',#2754,#2753);
#2756=CURVE_STYLE('',#30,POSITIVE_LENGTH_MEASURE(2.E-2),#20);
#2757=PRESENTATION_STYLE_ASSIGNMENT((#2756));
#2758=STYLED_ITEM('',(#2757),#2755);
#2759=CARTESIAN_POINT('',(0.E0,1.3728788E1,0.E0));
#2760=DIRECTION('',(0.E0,-1.E0,0.E0));
#2761=DIRECTION('',(-1.E0,0.E0,0.E0));
#2762=AXIS2_PLACEMENT_3D('',#2759,#2760,#2761);
#2764=CURVE_STYLE('',#30,POSITIVE_LENGTH_MEASURE(2.E-2),#20);
#2765=PRESENTATION_STYLE_ASSIGNMENT((#2764));
#2766=STYLED_ITEM('',(#2765),#2763);
#2767=CARTESIAN_POINT('',(0.E0,5.291796067501E-1,0.E0));
#2768=DIRECTION('',(0.E0,-1.E0,0.E0));
#2769=DIRECTION('',(-1.E0,0.E0,0.E0));
#2770=AXIS2_PLACEMENT_3D('',#2767,#2768,#2769);
#2772=CURVE_STYLE('',#30,POSITIVE_LENGTH_MEASURE(2.E-2),#20);
#2773=PRESENTATION_STYLE_ASSIGNMENT((#2772));
#2774=STYLED_ITEM('',(#2773),#2771);
#2775=DIRECTION('',(0.E0,1.E0,-2.480101576401E-13));
#2776=VECTOR('',#2775,5.291796067501E-1);
#2777=CARTESIAN_POINT('',(6.25E0,0.E0,0.E0));
#2778=LINE('',#2777,#2776);
#2779=CURVE_STYLE('',#30,POSITIVE_LENGTH_MEASURE(2.E-2),#20);
#2780=PRESENTATION_STYLE_ASSIGNMENT((#2779));
#2781=STYLED_ITEM('',(#2780),#2778);
#2782=CARTESIAN_POINT('',(5.65E0,1.870820393250E0,2.519512376509E-13));
#2783=DIRECTION('',(4.459280167346E-14,0.E0,-1.E0));
#2784=DIRECTION('',(1.E0,0.E0,4.459280167346E-14));
#2785=AXIS2_PLACEMENT_3D('',#2782,#2783,#2784);
#2787=CURVE_STYLE('',#30,POSITIVE_LENGTH_MEASURE(2.E-2),#20);
#2788=PRESENTATION_STYLE_ASSIGNMENT((#2787));
#2789=STYLED_ITEM('',(#2788),#2786);
#2790=CARTESIAN_POINT('',(-5.65E0,1.870820393250E0,-2.532973830682E-13));
#2791=DIRECTION('',(-4.483219351314E-14,0.E0,1.E0));
#2792=DIRECTION('',(-1.E0,0.E0,-4.483219351314E-14));
#2793=AXIS2_PLACEMENT_3D('',#2790,#2791,#2792);
#2795=CURVE_STYLE('',#30,POSITIVE_LENGTH_MEASURE(2.E-2),#20);
#2796=PRESENTATION_STYLE_ASSIGNMENT((#2795));
#2797=STYLED_ITEM('',(#2796),#2794);
#2798=CARTESIAN_POINT('',(0.E0,1.870820393250E0,0.E0));
#2799=DIRECTION('',(0.E0,1.E0,0.E0));
#2800=DIRECTION('',(-1.E0,0.E0,0.E0));
#2801=AXIS2_PLACEMENT_3D('',#2798,#2799,#2800);
#2803=CURVE_STYLE('',#30,POSITIVE_LENGTH_MEASURE(2.E-2),#20);
#2804=PRESENTATION_STYLE_ASSIGNMENT((#2803));
#2805=STYLED_ITEM('',(#2804),#2802);
#2806=DIRECTION('',(0.E0,1.E0,-1.570325485223E-14));
#2807=VECTOR('',#2806,1.185796760675E1);
#2808=CARTESIAN_POINT('',(-6.25E0,1.870820393250E0,1.837096225929E-13));
#2809=LINE('',#2808,#2807);
#2810=CURVE_STYLE('',#30,POSITIVE_LENGTH_MEASURE(2.E-2),#20);
#2811=PRESENTATION_STYLE_ASSIGNMENT((#2810));
#2812=STYLED_ITEM('',(#2811),#2809);
#2813=CARTESIAN_POINT('',(0.E0,1.3728788E1,0.E0));
#2814=DIRECTION('',(0.E0,-1.E0,0.E0));
#2815=DIRECTION('',(1.E0,0.E0,0.E0));
#2816=AXIS2_PLACEMENT_3D('',#2813,#2814,#2815);
#2818=CURVE_STYLE('',#30,POSITIVE_LENGTH_MEASURE(2.E-2),#20);
#2819=PRESENTATION_STYLE_ASSIGNMENT((#2818));
#2820=STYLED_ITEM('',(#2819),#2817);
#2821=CARTESIAN_POINT('',(0.E0,5.291796067501E-1,0.E0));
#2822=DIRECTION('',(0.E0,-1.E0,0.E0));
#2823=DIRECTION('',(1.E0,0.E0,0.E0));
#2824=AXIS2_PLACEMENT_3D('',#2821,#2822,#2823);
#2826=CURVE_STYLE('',#30,POSITIVE_LENGTH_MEASURE(2.E-2),#20);
#2827=PRESENTATION_STYLE_ASSIGNMENT((#2826));
#2828=STYLED_ITEM('',(#2827),#2825);
#2829=DIRECTION('',(0.E0,1.E0,2.498091933951E-13));
#2830=VECTOR('',#2829,5.291796067501E-1);
#2831=CARTESIAN_POINT('',(-6.25E0,0.E0,0.E0));
#2832=LINE('',#2831,#2830);
#2833=CURVE_STYLE('',#30,POSITIVE_LENGTH_MEASURE(2.E-2),#20);
#2834=PRESENTATION_STYLE_ASSIGNMENT((#2833));
#2835=STYLED_ITEM('',(#2834),#2832);
#2836=CARTESIAN_POINT('',(6.128788E0,1.3728788E1,-4.279215870540E-14));
#2837=DIRECTION('',(0.E0,0.E0,1.E0));
#2838=DIRECTION('',(1.E0,0.E0,0.E0));
#2839=AXIS2_PLACEMENT_3D('',#2836,#2837,#2838);
#2841=CURVE_STYLE('',#30,POSITIVE_LENGTH_MEASURE(2.E-2),#20);
#2842=PRESENTATION_STYLE_ASSIGNMENT((#2841));
#2843=STYLED_ITEM('',(#2842),#2840);
#2844=CARTESIAN_POINT('',(-6.128788E0,1.3728788E1,4.143213550023E-14));
#2845=DIRECTION('',(0.E0,0.E0,-1.E0));
#2846=DIRECTION('',(-1.E0,0.E0,0.E0));
#2847=AXIS2_PLACEMENT_3D('',#2844,#2845,#2846);
#2849=CURVE_STYLE('',#30,POSITIVE_LENGTH_MEASURE(2.E-2),#20);
#2850=PRESENTATION_STYLE_ASSIGNMENT((#2849));
#2851=STYLED_ITEM('',(#2850),#2848);
#2852=CARTESIAN_POINT('',(0.E0,1.385E1,0.E0));
#2853=DIRECTION('',(0.E0,-1.E0,0.E0));
#2854=DIRECTION('',(-1.E0,0.E0,0.E0));
#2855=AXIS2_PLACEMENT_3D('',#2852,#2853,#2854);
#2857=CURVE_STYLE('',#30,POSITIVE_LENGTH_MEASURE(2.E-2),#20);
#2858=PRESENTATION_STYLE_ASSIGNMENT((#2857));
#2859=STYLED_ITEM('',(#2858),#2856);
#2860=CARTESIAN_POINT('',(0.E0,1.385E1,0.E0));
#2861=DIRECTION('',(0.E0,-1.E0,0.E0));
#2862=DIRECTION('',(1.E0,0.E0,0.E0));
#2863=AXIS2_PLACEMENT_3D('',#2860,#2861,#2862);
#2865=CURVE_STYLE('',#30,POSITIVE_LENGTH_MEASURE(2.E-2),#20);
#2866=PRESENTATION_STYLE_ASSIGNMENT((#2865));
#2867=STYLED_ITEM('',(#2866),#2864);
#2868=CARTESIAN_POINT('',(5.65E0,5.291796067501E-1,-7.676533020362E-13));
#2869=DIRECTION('',(1.358687468089E-13,0.E0,1.E0));
#2870=DIRECTION('',(1.E0,0.E0,-1.358687468089E-13));
#2871=AXIS2_PLACEMENT_3D('',#2868,#2869,#2870);
#2873=CURVE_STYLE('',#30,POSITIVE_LENGTH_MEASURE(2.E-2),#20);
#2874=PRESENTATION_STYLE_ASSIGNMENT((#2873));
#2875=STYLED_ITEM('',(#2874),#2872);
#2876=CARTESIAN_POINT('',(-5.65E0,5.291796067501E-1,7.683784164492E-13));
#2877=DIRECTION('',(-1.359971163462E-13,0.E0,-1.E0));
#2878=DIRECTION('',(-1.E0,0.E0,1.359971163462E-13));
#2879=AXIS2_PLACEMENT_3D('',#2876,#2877,#2878);
#2881=CURVE_STYLE('',#30,POSITIVE_LENGTH_MEASURE(2.E-2),#20);
#2882=PRESENTATION_STYLE_ASSIGNMENT((#2881));
#2883=STYLED_ITEM('',(#2882),#2880);
#2884=CARTESIAN_POINT('',(0.E0,1.423606797750E0,0.E0));
#2885=DIRECTION('',(0.E0,1.E0,0.E0));
#2886=DIRECTION('',(1.E0,0.E0,0.E0));
#2887=AXIS2_PLACEMENT_3D('',#2884,#2885,#2886);
#2889=CURVE_STYLE('',#30,POSITIVE_LENGTH_MEASURE(2.E-2),#20);
#2890=PRESENTATION_STYLE_ASSIGNMENT((#2889));
#2891=STYLED_ITEM('',(#2890),#2888);
#2892=CARTESIAN_POINT('',(0.E0,9.763932022500E-1,0.E0));
#2893=DIRECTION('',(0.E0,-1.E0,0.E0));
#2894=DIRECTION('',(-1.E0,0.E0,0.E0));
#2895=AXIS2_PLACEMENT_3D('',#2892,#2893,#2894);
#2897=CURVE_STYLE('',#30,POSITIVE_LENGTH_MEASURE(2.E-2),#20);
#2898=PRESENTATION_STYLE_ASSIGNMENT((#2897));
#2899=STYLED_ITEM('',(#2898),#2896);
#2900=CARTESIAN_POINT('',(0.E0,1.423606797750E0,0.E0));
#2901=DIRECTION('',(0.E0,1.E0,0.E0));
#2902=DIRECTION('',(-1.E0,0.E0,0.E0));
#2903=AXIS2_PLACEMENT_3D('',#2900,#2901,#2902);
#2905=CURVE_STYLE('',#30,POSITIVE_LENGTH_MEASURE(2.E-2),#20);
#2906=PRESENTATION_STYLE_ASSIGNMENT((#2905));
#2907=STYLED_ITEM('',(#2906),#2904);
#2908=CARTESIAN_POINT('',(6.25E0,1.2E0,0.E0));
#2909=DIRECTION('',(0.E0,0.E0,-1.E0));
#2910=DIRECTION('',(-6.666666666667E-1,-7.453559924999E-1,0.E0));
#2911=AXIS2_PLACEMENT_3D('',#2908,#2909,#2910);
#2913=CURVE_STYLE('',#30,POSITIVE_LENGTH_MEASURE(2.E-2),#20);
#2914=PRESENTATION_STYLE_ASSIGNMENT((#2913));
#2915=STYLED_ITEM('',(#2914),#2912);
#2916=CARTESIAN_POINT('',(0.E0,9.763932022500E-1,0.E0));
#2917=DIRECTION('',(0.E0,-1.E0,0.E0));
#2918=DIRECTION('',(1.E0,0.E0,0.E0));
#2919=AXIS2_PLACEMENT_3D('',#2916,#2917,#2918);
#2921=CURVE_STYLE('',#30,POSITIVE_LENGTH_MEASURE(2.E-2),#20);
#2922=PRESENTATION_STYLE_ASSIGNMENT((#2921));
#2923=STYLED_ITEM('',(#2922),#2920);
#2924=CARTESIAN_POINT('',(-6.25E0,1.2E0,0.E0));
#2925=DIRECTION('',(0.E0,0.E0,1.E0));
#2926=DIRECTION('',(6.666666666667E-1,-7.453559924999E-1,0.E0));
#2927=AXIS2_PLACEMENT_3D('',#2924,#2925,#2926);
#2929=CURVE_STYLE('',#30,POSITIVE_LENGTH_MEASURE(2.E-2),#20);
#2930=PRESENTATION_STYLE_ASSIGNMENT((#2929));
#2931=STYLED_ITEM('',(#2930),#2928);
#2932=CARTESIAN_POINT('',(6.25E0,0.E0,0.E0));
#2933=CARTESIAN_POINT('',(-6.25E0,0.E0,0.E0));
#2934=VERTEX_POINT('',#2932);
#2935=VERTEX_POINT('',#2933);
#2936=CARTESIAN_POINT('',(-6.25E0,1.3728788E1,0.E0));
#2937=CARTESIAN_POINT('',(6.25E0,1.3728788E1,0.E0));
#2938=VERTEX_POINT('',#2936);
#2939=VERTEX_POINT('',#2937);
#2940=CARTESIAN_POINT('',(-6.128788E0,1.385E1,0.E0));
#2941=CARTESIAN_POINT('',(6.128788E0,1.385E1,0.E0));
#2942=VERTEX_POINT('',#2940);
#2943=VERTEX_POINT('',#2941);
#2944=CARTESIAN_POINT('',(6.25E0,1.870820393250E0,0.E0));
#2945=CARTESIAN_POINT('',(-6.25E0,1.870820393250E0,0.E0));
#2946=VERTEX_POINT('',#2944);
#2947=VERTEX_POINT('',#2945);
#2948=CARTESIAN_POINT('',(6.05E0,1.423606797750E0,0.E0));
#2949=CARTESIAN_POINT('',(-6.05E0,1.423606797750E0,0.E0));
#2950=VERTEX_POINT('',#2948);
#2951=VERTEX_POINT('',#2949);
#2952=CARTESIAN_POINT('',(-6.25E0,5.291796067501E-1,0.E0));
#2953=CARTESIAN_POINT('',(6.25E0,5.291796067501E-1,0.E0));
#2954=VERTEX_POINT('',#2952);
#2955=VERTEX_POINT('',#2953);
#2956=CARTESIAN_POINT('',(-6.05E0,9.763932022500E-1,0.E0));
#2957=CARTESIAN_POINT('',(6.05E0,9.763932022500E-1,0.E0));
#2958=VERTEX_POINT('',#2956);
#2959=VERTEX_POINT('',#2957);
#2960=CARTESIAN_POINT('',(0.E0,0.E0,0.E0));
#2961=DIRECTION('',(0.E0,1.E0,0.E0));
#2962=DIRECTION('',(1.E0,0.E0,0.E0));
#2963=AXIS2_PLACEMENT_3D('',#2960,#2961,#2962);
#2964=PLANE('',#2963);
#2966=ORIENTED_EDGE('',*,*,#2965,.T.);
#2968=ORIENTED_EDGE('',*,*,#2967,.T.);
#2969=EDGE_LOOP('',(#2966,#2968));
#2970=FACE_OUTER_BOUND('',#2969,.F.);
#2972=CARTESIAN_POINT('',(0.E0,0.E0,0.E0));
#2973=DIRECTION('',(0.E0,1.E0,0.E0));
#2974=DIRECTION('',(1.E0,0.E0,0.E0));
#2975=AXIS2_PLACEMENT_3D('',#2972,#2973,#2974);
#2976=CYLINDRICAL_SURFACE('',#2975,6.25E0);
#2978=ORIENTED_EDGE('',*,*,#2977,.F.);
#2980=ORIENTED_EDGE('',*,*,#2979,.T.);
#2982=ORIENTED_EDGE('',*,*,#2981,.F.);
#2984=ORIENTED_EDGE('',*,*,#2983,.F.);
#2985=EDGE_LOOP('',(#2978,#2980,#2982,#2984));
#2986=FACE_OUTER_BOUND('',#2985,.F.);
#2988=CARTESIAN_POINT('',(0.E0,0.E0,0.E0));
#2989=DIRECTION('',(0.E0,1.E0,0.E0));
#2990=DIRECTION('',(1.E0,0.E0,0.E0));
#2991=AXIS2_PLACEMENT_3D('',#2988,#2989,#2990);
#2992=CYLINDRICAL_SURFACE('',#2991,6.25E0);
#2994=ORIENTED_EDGE('',*,*,#2993,.F.);
#2996=ORIENTED_EDGE('',*,*,#2995,.F.);
#2997=ORIENTED_EDGE('',*,*,#2965,.F.);
#2999=ORIENTED_EDGE('',*,*,#2998,.T.);
#3000=EDGE_LOOP('',(#2994,#2996,#2997,#2999));
#3001=FACE_OUTER_BOUND('',#3000,.F.);
#3003=CARTESIAN_POINT('',(0.E0,1.870820393250E0,0.E0));
#3004=DIRECTION('',(0.E0,1.E0,0.E0));
#3005=DIRECTION('',(9.999832302644E-1,0.E0,5.791302952757E-3));
#3006=AXIS2_PLACEMENT_3D('',#3003,#3004,#3005);
#3007=TOROIDAL_SURFACE('',#3006,5.65E0,6.E-1);
#3008=ORIENTED_EDGE('',*,*,#2977,.T.);
#3010=ORIENTED_EDGE('',*,*,#3009,.T.);
#3012=ORIENTED_EDGE('',*,*,#3011,.F.);
#3014=ORIENTED_EDGE('',*,*,#3013,.F.);
#3015=EDGE_LOOP('',(#3008,#3010,#3012,#3014));
#3016=FACE_OUTER_BOUND('',#3015,.F.);
#3018=CARTESIAN_POINT('',(0.E0,1.870820393250E0,0.E0));
#3019=DIRECTION('',(0.E0,1.E0,0.E0));
#3020=DIRECTION('',(-9.999832302644E-1,0.E0,-5.791302952757E-3));
#3021=AXIS2_PLACEMENT_3D('',#3018,#3019,#3020);
#3022=TOROIDAL_SURFACE('',#3021,5.65E0,6.E-1);
#3024=ORIENTED_EDGE('',*,*,#3023,.T.);
#3025=ORIENTED_EDGE('',*,*,#3013,.T.);
#3027=ORIENTED_EDGE('',*,*,#3026,.F.);
#3028=ORIENTED_EDGE('',*,*,#3009,.F.);
#3029=EDGE_LOOP('',(#3024,#3025,#3027,#3028));
#3030=FACE_OUTER_BOUND('',#3029,.F.);
#3032=CARTESIAN_POINT('',(0.E0,0.E0,0.E0));
#3033=DIRECTION('',(0.E0,1.E0,0.E0));
#3034=DIRECTION('',(1.E0,0.E0,0.E0));
#3035=AXIS2_PLACEMENT_3D('',#3032,#3033,#3034);
#3036=CYLINDRICAL_SURFACE('',#3035,6.25E0);
#3037=ORIENTED_EDGE('',*,*,#3023,.F.);
#3038=ORIENTED_EDGE('',*,*,#2983,.T.);
#3040=ORIENTED_EDGE('',*,*,#3039,.F.);
#3041=ORIENTED_EDGE('',*,*,#2979,.F.);
#3042=EDGE_LOOP('',(#3037,#3038,#3040,#3041));
#3043=FACE_OUTER_BOUND('',#3042,.F.);
#3045=CARTESIAN_POINT('',(0.E0,0.E0,0.E0));
#3046=DIRECTION('',(0.E0,1.E0,0.E0));
#3047=DIRECTION('',(1.E0,0.E0,0.E0));
#3048=AXIS2_PLACEMENT_3D('',#3045,#3046,#3047);
#3049=CYLINDRICAL_SURFACE('',#3048,6.25E0);
#3051=ORIENTED_EDGE('',*,*,#3050,.F.);
#3052=ORIENTED_EDGE('',*,*,#2998,.F.);
#3053=ORIENTED_EDGE('',*,*,#2967,.F.);
#3054=ORIENTED_EDGE('',*,*,#2995,.T.);
#3055=EDGE_LOOP('',(#3051,#3052,#3053,#3054));
#3056=FACE_OUTER_BOUND('',#3055,.F.);
#3058=CARTESIAN_POINT('',(0.E0,1.3728788E1,0.E0));
#3059=DIRECTION('',(0.E0,1.E0,0.E0));
#3060=DIRECTION('',(9.999858896770E-1,0.E0,-5.312292058904E-3));
#3061=AXIS2_PLACEMENT_3D('',#3058,#3059,#3060);
#3062=TOROIDAL_SURFACE('',#3061,6.128788E0,1.21212E-1);
#3063=ORIENTED_EDGE('',*,*,#3039,.T.);
#3065=ORIENTED_EDGE('',*,*,#3064,.T.);
#3067=ORIENTED_EDGE('',*,*,#3066,.F.);
#3069=ORIENTED_EDGE('',*,*,#3068,.F.);
#3070=EDGE_LOOP('',(#3063,#3065,#3067,#3069));
#3071=FACE_OUTER_BOUND('',#3070,.F.);
#3073=CARTESIAN_POINT('',(0.E0,1.3728788E1,0.E0));
#3074=DIRECTION('',(0.E0,1.E0,0.E0));
#3075=DIRECTION('',(-9.999858896770E-1,0.E0,5.312292058905E-3));
#3076=AXIS2_PLACEMENT_3D('',#3073,#3074,#3075);
#3077=TOROIDAL_SURFACE('',#3076,6.128788E0,1.21212E-1);
#3078=ORIENTED_EDGE('',*,*,#2981,.T.);
#3079=ORIENTED_EDGE('',*,*,#3068,.T.);
#3081=ORIENTED_EDGE('',*,*,#3080,.F.);
#3082=ORIENTED_EDGE('',*,*,#3064,.F.);
#3083=EDGE_LOOP('',(#3078,#3079,#3081,#3082));
#3084=FACE_OUTER_BOUND('',#3083,.F.);
#3086=CARTESIAN_POINT('',(0.E0,1.385E1,0.E0));
#3087=DIRECTION('',(0.E0,1.E0,0.E0));
#3088=DIRECTION('',(1.E0,0.E0,0.E0));
#3089=AXIS2_PLACEMENT_3D('',#3086,#3087,#3088);
#3090=PLANE('',#3089);
#3091=ORIENTED_EDGE('',*,*,#3080,.T.);
#3092=ORIENTED_EDGE('',*,*,#3066,.T.);
#3093=EDGE_LOOP('',(#3091,#3092));
#3094=FACE_OUTER_BOUND('',#3093,.F.);
#3096=CARTESIAN_POINT('',(0.E0,5.291796067501E-1,0.E0));
#3097=DIRECTION('',(0.E0,1.E0,0.E0));
#3098=DIRECTION('',(9.999858896770E-1,0.E0,-5.312292058903E-3));
#3099=AXIS2_PLACEMENT_3D('',#3096,#3097,#3098);
#3100=TOROIDAL_SURFACE('',#3099,5.65E0,6.E-1);
#3101=ORIENTED_EDGE('',*,*,#3050,.T.);
#3103=ORIENTED_EDGE('',*,*,#3102,.T.);
#3105=ORIENTED_EDGE('',*,*,#3104,.F.);
#3107=ORIENTED_EDGE('',*,*,#3106,.F.);
#3108=EDGE_LOOP('',(#3101,#3103,#3105,#3107));
#3109=FACE_OUTER_BOUND('',#3108,.F.);
#3111=CARTESIAN_POINT('',(0.E0,5.291796067501E-1,0.E0));
#3112=DIRECTION('',(0.E0,1.E0,0.E0));
#3113=DIRECTION('',(-9.999858896770E-1,0.E0,5.312292058905E-3));
#3114=AXIS2_PLACEMENT_3D('',#3111,#3112,#3113);
#3115=TOROIDAL_SURFACE('',#3114,5.65E0,6.E-1);
#3116=ORIENTED_EDGE('',*,*,#2993,.T.);
#3117=ORIENTED_EDGE('',*,*,#3106,.T.);
#3119=ORIENTED_EDGE('',*,*,#3118,.F.);
#3120=ORIENTED_EDGE('',*,*,#3102,.F.);
#3121=EDGE_LOOP('',(#3116,#3117,#3119,#3120));
#3122=FACE_OUTER_BOUND('',#3121,.F.);
#3124=CARTESIAN_POINT('',(0.E0,1.2E0,0.E0));
#3125=DIRECTION('',(0.E0,-1.E0,0.E0));
#3126=DIRECTION('',(-1.E0,0.E0,0.E0));
#3127=AXIS2_PLACEMENT_3D('',#3124,#3125,#3126);
#3128=TOROIDAL_SURFACE('',#3127,6.25E0,3.E-1);
#3129=ORIENTED_EDGE('',*,*,#3011,.T.);
#3131=ORIENTED_EDGE('',*,*,#3130,.F.);
#3132=ORIENTED_EDGE('',*,*,#3118,.T.);
#3134=ORIENTED_EDGE('',*,*,#3133,.T.);
#3135=EDGE_LOOP('',(#3129,#3131,#3132,#3134));
#3136=FACE_OUTER_BOUND('',#3135,.F.);
#3138=CARTESIAN_POINT('',(0.E0,1.2E0,0.E0));
#3139=DIRECTION('',(0.E0,-1.E0,0.E0));
#3140=DIRECTION('',(-1.E0,0.E0,0.E0));
#3141=AXIS2_PLACEMENT_3D('',#3138,#3139,#3140);
#3142=TOROIDAL_SURFACE('',#3141,6.25E0,3.E-1);
#3143=ORIENTED_EDGE('',*,*,#3026,.T.);
#3144=ORIENTED_EDGE('',*,*,#3133,.F.);
#3145=ORIENTED_EDGE('',*,*,#3104,.T.);
#3146=ORIENTED_EDGE('',*,*,#3130,.T.);
#3147=EDGE_LOOP('',(#3143,#3144,#3145,#3146));
#3148=FACE_OUTER_BOUND('',#3147,.F.);
#3150=CLOSED_SHELL('',(#2971,#2987,#3002,#3017,#3031,#3044,#3057,#3072,#3085,
#3095,#3110,#3123,#3137,#3149));
#3151=MANIFOLD_SOLID_BREP('',#3150);
#3152=FILL_AREA_STYLE_COLOUR('',#20);
#3153=FILL_AREA_STYLE('',(#3152));
#3154=SURFACE_STYLE_FILL_AREA(#3153);
#3155=SURFACE_SIDE_STYLE('',(#3154));
#3156=SURFACE_STYLE_USAGE(.BOTH.,#3155);
#3157=PRESENTATION_STYLE_ASSIGNMENT((#3156));
#2727=STYLED_ITEM('',(#3157),#3151);
#3160=PLANE_ANGLE_MEASURE_WITH_UNIT(PLANE_ANGLE_MEASURE(1.745329251994E-2),
#3159);
#3161=(CONVERSION_BASED_UNIT('DEGREE',#3160)NAMED_UNIT(*)PLANE_ANGLE_UNIT());
#3163=UNCERTAINTY_MEASURE_WITH_UNIT(LENGTH_MEASURE(2.245622753285E-3),#3158,
'distance_accuracy_value',
'Maximum model space distance between geometric entities at asserted connectivities');
#3165=CARTESIAN_POINT('',(0.E0,0.E0,0.E0));
#3166=DIRECTION('',(0.E0,0.E0,1.E0));
#3167=DIRECTION('',(1.E0,0.E0,0.E0));
#3170=PRODUCT_CONTEXT('',#2661,'mechanical');
#3171=PRODUCT('_1250-1280-000','_1250-1280-000','NOT SPECIFIED',(#3170));
#3172=PRODUCT_DEFINITION_FORMATION('70','LAST_VERSION',#3171);
#3180=DERIVED_UNIT_ELEMENT(#3179,2.E0);
#3181=DERIVED_UNIT((#3180));
#3182=MEASURE_REPRESENTATION_ITEM('surface area measure',AREA_MEASURE(
7.927651748228E2),#3181);
#3187=DERIVED_UNIT_ELEMENT(#3186,3.E0);
#3188=DERIVED_UNIT((#3187));
#3189=MEASURE_REPRESENTATION_ITEM('volume measure',VOLUME_MEASURE(
1.692762339193E3),#3188);
#3193=CARTESIAN_POINT('centre point',(0.E0,6.947377487231E0,0.E0));
#3198=DERIVED_UNIT_ELEMENT(#3197,2.E0);
#3199=DERIVED_UNIT((#3198));
#3200=MEASURE_REPRESENTATION_ITEM('surface area measure',AREA_MEASURE(
7.927651748228E2),#3199);
#3205=DERIVED_UNIT_ELEMENT(#3204,3.E0);
#3206=DERIVED_UNIT((#3205));
#3207=MEASURE_REPRESENTATION_ITEM('volume measure',VOLUME_MEASURE(
1.692762339193E3),#3206);
#3211=CARTESIAN_POINT('centre point',(0.E0,6.947377487231E0,0.E0));
#3218=CARTESIAN_POINT('centre point',(7.597377487231E0,6.4E0,-6.9E0));
#3222=CARTESIAN_POINT('',(6.5E-1,6.4E0,-6.9E0));
#3223=DIRECTION('',(0.E0,0.E0,1.E0));
#3224=DIRECTION('',(0.E0,-1.E0,0.E0));
#3225=AXIS2_PLACEMENT_3D('',#3222,#3223,#3224);
#3226=ITEM_DEFINED_TRANSFORMATION('','',#3168,#3225);
#3227=(REPRESENTATION_RELATIONSHIP('','',#3169,#2712)REPRESENTATION_RELATIONSHIP_WITH_TRANSFORMATION(#3226)SHAPE_REPRESENTATION_RELATIONSHIP());
#3228=CONTEXT_DEPENDENT_SHAPE_REPRESENTATION(#3227,#3217);
#3230=CARTESIAN_POINT('',(0.E0,0.E0,0.E0));
#3231=DIRECTION('',(0.E0,-1.E0,0.E0));
#3232=DIRECTION('',(2.806607170356E-1,0.E0,9.598070441047E-1));
#3233=AXIS2_PLACEMENT_3D('',#3230,#3231,#3232);
#3235=DIRECTION('',(0.E0,1.E0,0.E0));
#3236=VECTOR('',#3235,1.18E1);
#3237=CARTESIAN_POINT('',(-1.754129481472E0,0.E0,5.998794025655E0));
#3238=LINE('',#3237,#3236);
#3239=CARTESIAN_POINT('',(0.E0,1.18E1,0.E0));
#3240=DIRECTION('',(0.E0,1.E0,0.E0));
#3241=DIRECTION('',(-2.806607170356E-1,0.E0,9.598070441047E-1));
#3242=AXIS2_PLACEMENT_3D('',#3239,#3240,#3241);
#3244=DIRECTION('',(0.E0,-1.E0,0.E0));
#3245=VECTOR('',#3244,1.18E1);
#3246=CARTESIAN_POINT('',(1.754129481472E0,1.18E1,5.998794025655E0));
#3247=LINE('',#3246,#3245);
#3248=CARTESIAN_POINT('',(-1.754129481472E0,0.E0,5.998794025655E0));
#3249=CARTESIAN_POINT('',(1.754129481472E0,0.E0,5.998794025655E0));
#3250=VERTEX_POINT('',#3248);
#3251=VERTEX_POINT('',#3249);
#3252=CARTESIAN_POINT('',(-1.754129481472E0,1.18E1,5.998794025655E0));
#3253=CARTESIAN_POINT('',(1.754129481472E0,1.18E1,5.998794025655E0));
#3254=VERTEX_POINT('',#3252);
#3255=VERTEX_POINT('',#3253);
#3256=CARTESIAN_POINT('',(0.E0,0.E0,0.E0));
#3257=DIRECTION('',(0.E0,1.E0,0.E0));
#3258=DIRECTION('',(1.E0,0.E0,0.E0));
#3259=AXIS2_PLACEMENT_3D('',#3256,#3257,#3258);
#3260=CYLINDRICAL_SURFACE('',#3259,6.25E0);
#3262=ORIENTED_EDGE('',*,*,#3261,.T.);
#3264=ORIENTED_EDGE('',*,*,#3263,.T.);
#3266=ORIENTED_EDGE('',*,*,#3265,.T.);
#3268=ORIENTED_EDGE('',*,*,#3267,.T.);
#3269=EDGE_LOOP('',(#3262,#3264,#3266,#3268));
#3270=FACE_OUTER_BOUND('',#3269,.F.);
#3272=FILL_AREA_STYLE_COLOUR('',#3229);
#3273=FILL_AREA_STYLE('',(#3272));
#3274=SURFACE_STYLE_FILL_AREA(#3273);
#3275=SURFACE_SIDE_STYLE('',(#3274));
#3276=SURFACE_STYLE_USAGE(.BOTH.,#3275);
#3277=PRESENTATION_STYLE_ASSIGNMENT((#3276));
#3278=STYLED_ITEM('',(#3277),#3271);
#3279=OPEN_SHELL('',(#3271));
#3280=SHELL_BASED_SURFACE_MODEL('',(#3279));
#3281=PRESENTATION_LAYER_ASSIGNMENT('02___PRT_ALL_AXES','',(#3271,#3279));
#3284=PLANE_ANGLE_MEASURE_WITH_UNIT(PLANE_ANGLE_MEASURE(1.745329251994E-2),
#3283);
#3285=(CONVERSION_BASED_UNIT('DEGREE',#3284)NAMED_UNIT(*)PLANE_ANGLE_UNIT());
#3287=UNCERTAINTY_MEASURE_WITH_UNIT(LENGTH_MEASURE(1.231254875143E-3),#3282,
'distance_accuracy_value',
'Maximum model space distance between geometric entities at asserted connectivities');
#3289=CARTESIAN_POINT('',(0.E0,0.E0,0.E0));
#3290=DIRECTION('',(0.E0,0.E0,1.E0));
#3291=DIRECTION('',(1.E0,0.E0,0.E0));
#3294=PRODUCT_DEFINITION_CONTEXT('part definition',#2661,'design');
#3295=PRODUCT_CONTEXT('',#2661,'mechanical');
#3296=PRODUCT('FJB','FJB','NOT SPECIFIED',(#3295));
#3297=PRODUCT_DEFINITION_FORMATION('1','LAST_VERSION',#3296);
#3305=DERIVED_UNIT_ELEMENT(#3304,2.E0);
#3306=DERIVED_UNIT((#3305));
#3307=MEASURE_REPRESENTATION_ITEM('surface area measure',AREA_MEASURE(
4.196115772695E1),#3306);
#3312=DERIVED_UNIT_ELEMENT(#3311,2.E0);
#3313=DERIVED_UNIT((#3312));
#3314=MEASURE_REPRESENTATION_ITEM('surface area measure',AREA_MEASURE(
4.196115772695E1),#3313);
#3321=CARTESIAN_POINT('',(2.574849779750E0,6.4E0,-6.9E0));
#3322=DIRECTION('',(0.E0,-9.453059586051E-3,-9.999553188340E-1));
#3323=DIRECTION('',(0.E0,9.999553188340E-1,-9.453059586051E-3));
#3324=AXIS2_PLACEMENT_3D('',#3321,#3322,#3323);
#3325=ITEM_DEFINED_TRANSFORMATION('','',#3292,#3324);
#3326=(REPRESENTATION_RELATIONSHIP('','',#3293,#2712)REPRESENTATION_RELATIONSHIP_WITH_TRANSFORMATION(#3325)SHAPE_REPRESENTATION_RELATIONSHIP());
#3327=CONTEXT_DEPENDENT_SHAPE_REPRESENTATION(#3326,#3320);
#3328=CARTESIAN_POINT('',(-9.75E-3,0.E0,-7.41E-1));
#3329=DIRECTION('',(0.E0,1.E0,0.E0));
#3330=DIRECTION('',(0.E0,0.E0,-1.E0));
#3331=AXIS2_PLACEMENT_3D('',#3328,#3329,#3330);
#3333=DIRECTION('',(0.E0,0.E0,1.E0));
#3334=VECTOR('',#3333,1.482E0);
#3335=CARTESIAN_POINT('',(-7.3125E-1,0.E0,-7.41E-1));
#3336=LINE('',#3335,#3334);
#3337=CARTESIAN_POINT('',(-9.75E-3,0.E0,7.41E-1));
#3338=DIRECTION('',(0.E0,1.E0,0.E0));
#3339=DIRECTION('',(-1.E0,0.E0,0.E0));
#3340=AXIS2_PLACEMENT_3D('',#3337,#3338,#3339);
#3342=DIRECTION('',(1.E0,0.E0,0.E0));
#3343=VECTOR('',#3342,1.95E-2);
#3344=CARTESIAN_POINT('',(-9.75E-3,0.E0,1.4625E0));
#3345=LINE('',#3344,#3343);
#3346=CARTESIAN_POINT('',(9.75E-3,0.E0,7.41E-1));
#3347=DIRECTION('',(0.E0,1.E0,0.E0));
#3348=DIRECTION('',(0.E0,0.E0,1.E0));
#3349=AXIS2_PLACEMENT_3D('',#3346,#3347,#3348);
#3351=DIRECTION('',(0.E0,0.E0,-1.E0));
#3352=VECTOR('',#3351,1.482E0);
#3353=CARTESIAN_POINT('',(7.3125E-1,0.E0,7.41E-1));
#3354=LINE('',#3353,#3352);
#3355=CARTESIAN_POINT('',(9.75E-3,0.E0,-7.41E-1));
#3356=DIRECTION('',(0.E0,1.E0,0.E0));
#3357=DIRECTION('',(1.E0,0.E0,0.E0));
#3358=AXIS2_PLACEMENT_3D('',#3355,#3356,#3357);
#3360=DIRECTION('',(-1.E0,0.E0,0.E0));
#3361=VECTOR('',#3360,1.95E-2);
#3362=CARTESIAN_POINT('',(9.75E-3,0.E0,-1.4625E0));
#3363=LINE('',#3362,#3361);
#3364=DIRECTION('',(1.E0,0.E0,0.E0));
#3365=VECTOR('',#3364,3.471088513055E-3);
#3366=CARTESIAN_POINT('',(-1.735544256527E-3,0.E0,-1.063337852694E0));
#3367=LINE('',#3366,#3365);
#3368=CARTESIAN_POINT('',(1.735544256527E-3,0.E0,-6.245878526942E-1));
#3369=DIRECTION('',(0.E0,-1.E0,0.E0));
#3370=DIRECTION('',(0.E0,0.E0,-1.E0));
#3371=AXIS2_PLACEMENT_3D('',#3368,#3369,#3370);
#3373=DIRECTION('',(0.E0,0.E0,1.E0));
#3374=VECTOR('',#3373,1.249175705388E0);
#3375=CARTESIAN_POINT('',(4.404855442565E-1,0.E0,-6.245878526942E-1));
#3376=LINE('',#3375,#3374);
#3377=CARTESIAN_POINT('',(1.735544256527E-3,0.E0,6.245878526942E-1));
#3378=DIRECTION('',(0.E0,-1.E0,0.E0));
#3379=DIRECTION('',(1.E0,0.E0,0.E0));
#3380=AXIS2_PLACEMENT_3D('',#3377,#3378,#3379);
#3382=DIRECTION('',(-1.E0,0.E0,0.E0));
#3383=VECTOR('',#3382,3.471088513055E-3);
#3384=CARTESIAN_POINT('',(1.735544256527E-3,0.E0,1.063337852694E0));
#3385=LINE('',#3384,#3383);
#3386=CARTESIAN_POINT('',(-1.735544256527E-3,0.E0,6.245878526942E-1));
#3387=DIRECTION('',(0.E0,-1.E0,0.E0));
#3388=DIRECTION('',(0.E0,0.E0,1.E0));
#3389=AXIS2_PLACEMENT_3D('',#3386,#3387,#3388);
#3391=DIRECTION('',(0.E0,0.E0,-1.E0));
#3392=VECTOR('',#3391,1.249175705388E0);
#3393=CARTESIAN_POINT('',(-4.404855442565E-1,0.E0,6.245878526942E-1));
#3394=LINE('',#3393,#3392);
#3395=CARTESIAN_POINT('',(-1.735544256527E-3,0.E0,-6.245878526942E-1));
#3396=DIRECTION('',(0.E0,-1.E0,0.E0));
#3397=DIRECTION('',(-1.E0,0.E0,0.E0));
#3398=AXIS2_PLACEMENT_3D('',#3395,#3396,#3397);
#3400=DIRECTION('',(0.E0,1.E0,0.E0));
#3401=VECTOR('',#3400,9.75E-3);
#3402=CARTESIAN_POINT('',(-9.75E-3,0.E0,-1.4625E0));
#3403=LINE('',#3402,#3401);
#3404=DIRECTION('',(0.E0,1.E0,0.E0));
#3405=VECTOR('',#3404,9.75E-3);
#3406=CARTESIAN_POINT('',(9.75E-3,0.E0,-1.4625E0));
#3407=LINE('',#3406,#3405);
#3408=DIRECTION('',(0.E0,1.E0,0.E0));
#3409=VECTOR('',#3408,9.75E-3);
#3410=CARTESIAN_POINT('',(7.3125E-1,0.E0,-7.41E-1));
#3411=LINE('',#3410,#3409);
#3412=DIRECTION('',(0.E0,1.E0,0.E0));
#3413=VECTOR('',#3412,9.75E-3);
#3414=CARTESIAN_POINT('',(7.3125E-1,0.E0,7.41E-1));
#3415=LINE('',#3414,#3413);
#3416=DIRECTION('',(0.E0,1.E0,0.E0));
#3417=VECTOR('',#3416,9.75E-3);
#3418=CARTESIAN_POINT('',(9.75E-3,0.E0,1.4625E0));
#3419=LINE('',#3418,#3417);
#3420=DIRECTION('',(0.E0,1.E0,0.E0));
#3421=VECTOR('',#3420,9.75E-3);
#3422=CARTESIAN_POINT('',(-9.75E-3,0.E0,1.4625E0));
#3423=LINE('',#3422,#3421);
#3424=DIRECTION('',(0.E0,1.E0,0.E0));
#3425=VECTOR('',#3424,9.75E-3);
#3426=CARTESIAN_POINT('',(-7.3125E-1,0.E0,7.41E-1));
#3427=LINE('',#3426,#3425);
#3428=DIRECTION('',(0.E0,1.E0,1.138690281667E-14));
#3429=VECTOR('',#3428,9.75E-3);
#3430=CARTESIAN_POINT('',(-7.3125E-1,0.E0,-7.41E-1));
#3431=LINE('',#3430,#3429);
#3432=CARTESIAN_POINT('',(-9.75E-3,9.75E-3,-7.41E-1));
#3433=DIRECTION('',(0.E0,1.E0,0.E0));
#3434=DIRECTION('',(0.E0,0.E0,-1.E0));
#3435=AXIS2_PLACEMENT_3D('',#3432,#3433,#3434);
#3437=DIRECTION('',(-1.E0,0.E0,0.E0));
#3438=VECTOR('',#3437,1.95E-2);
#3439=CARTESIAN_POINT('',(9.75E-3,9.75E-3,-1.4625E0));
#3440=LINE('',#3439,#3438);
#3441=CARTESIAN_POINT('',(9.75E-3,9.75E-3,-7.41E-1));
#3442=DIRECTION('',(0.E0,1.E0,0.E0));
#3443=DIRECTION('',(1.E0,0.E0,0.E0));
#3444=AXIS2_PLACEMENT_3D('',#3441,#3442,#3443);
#3446=DIRECTION('',(0.E0,0.E0,-1.E0));
#3447=VECTOR('',#3446,1.482E0);
#3448=CARTESIAN_POINT('',(7.3125E-1,9.75E-3,7.41E-1));
#3449=LINE('',#3448,#3447);
#3450=CARTESIAN_POINT('',(9.75E-3,9.75E-3,7.41E-1));
#3451=DIRECTION('',(0.E0,1.E0,0.E0));
#3452=DIRECTION('',(0.E0,0.E0,1.E0));
#3453=AXIS2_PLACEMENT_3D('',#3450,#3451,#3452);
#3455=DIRECTION('',(1.E0,0.E0,0.E0));
#3456=VECTOR('',#3455,1.95E-2);
#3457=CARTESIAN_POINT('',(-9.75E-3,9.75E-3,1.4625E0));
#3458=LINE('',#3457,#3456);
#3459=CARTESIAN_POINT('',(-9.75E-3,9.75E-3,7.41E-1));
#3460=DIRECTION('',(0.E0,1.E0,0.E0));
#3461=DIRECTION('',(-1.E0,0.E0,0.E0));
#3462=AXIS2_PLACEMENT_3D('',#3459,#3460,#3461);
#3464=DIRECTION('',(0.E0,0.E0,1.E0));
#3465=VECTOR('',#3464,1.482E0);
#3466=CARTESIAN_POINT('',(-7.3125E-1,9.75E-3,-7.41E-1));
#3467=LINE('',#3466,#3465);
#3468=DIRECTION('',(1.E0,0.E0,0.E0));
#3469=VECTOR('',#3468,3.471088513055E-3);
#3470=CARTESIAN_POINT('',(-1.735544256527E-3,9.75E-3,-1.063337852694E0));
#3471=LINE('',#3470,#3469);
#3472=CARTESIAN_POINT('',(-1.735544256527E-3,9.75E-3,-6.245878526942E-1));
#3473=DIRECTION('',(0.E0,-1.E0,0.E0));
#3474=DIRECTION('',(-1.E0,0.E0,0.E0));
#3475=AXIS2_PLACEMENT_3D('',#3472,#3473,#3474);
#3477=DIRECTION('',(0.E0,0.E0,-1.E0));
#3478=VECTOR('',#3477,1.249175705388E0);
#3479=CARTESIAN_POINT('',(-4.404855442565E-1,9.75E-3,6.245878526942E-1));
#3480=LINE('',#3479,#3478);
#3481=CARTESIAN_POINT('',(-1.735544256527E-3,9.75E-3,6.245878526942E-1));
#3482=DIRECTION('',(0.E0,-1.E0,0.E0));
#3483=DIRECTION('',(0.E0,0.E0,1.E0));
#3484=AXIS2_PLACEMENT_3D('',#3481,#3482,#3483);
#3486=DIRECTION('',(-1.E0,0.E0,0.E0));
#3487=VECTOR('',#3486,3.471088513055E-3);
#3488=CARTESIAN_POINT('',(1.735544256527E-3,9.75E-3,1.063337852694E0));
#3489=LINE('',#3488,#3487);
#3490=CARTESIAN_POINT('',(1.735544256527E-3,9.75E-3,6.245878526942E-1));
#3491=DIRECTION('',(0.E0,-1.E0,0.E0));
#3492=DIRECTION('',(1.E0,0.E0,0.E0));
#3493=AXIS2_PLACEMENT_3D('',#3490,#3491,#3492);
#3495=DIRECTION('',(0.E0,0.E0,1.E0));
#3496=VECTOR('',#3495,1.249175705388E0);
#3497=CARTESIAN_POINT('',(4.404855442565E-1,9.75E-3,-6.245878526942E-1));
#3498=LINE('',#3497,#3496);
#3499=CARTESIAN_POINT('',(1.735544256527E-3,9.75E-3,-6.245878526942E-1));
#3500=DIRECTION('',(0.E0,-1.E0,0.E0));
#3501=DIRECTION('',(0.E0,0.E0,-1.E0));
#3502=AXIS2_PLACEMENT_3D('',#3499,#3500,#3501);
#3504=DIRECTION('',(0.E0,1.E0,0.E0));
#3505=VECTOR('',#3504,9.75E-3);
#3506=CARTESIAN_POINT('',(-1.735544256527E-3,0.E0,-1.063337852694E0));
#3507=LINE('',#3506,#3505);
#3508=DIRECTION('',(0.E0,1.E0,0.E0));
#3509=VECTOR('',#3508,9.75E-3);
#3510=CARTESIAN_POINT('',(-4.404855442565E-1,0.E0,-6.245878526942E-1));
#3511=LINE('',#3510,#3509);
#3512=DIRECTION('',(0.E0,1.E0,0.E0));
#3513=VECTOR('',#3512,9.75E-3);
#3514=CARTESIAN_POINT('',(-4.404855442565E-1,0.E0,6.245878526942E-1));
#3515=LINE('',#3514,#3513);
#3516=DIRECTION('',(0.E0,1.E0,0.E0));
#3517=VECTOR('',#3516,9.75E-3);
#3518=CARTESIAN_POINT('',(-1.735544256527E-3,0.E0,1.063337852694E0));
#3519=LINE('',#3518,#3517);
#3520=DIRECTION('',(0.E0,1.E0,0.E0));
#3521=VECTOR('',#3520,9.75E-3);
#3522=CARTESIAN_POINT('',(1.735544256527E-3,0.E0,1.063337852694E0));
#3523=LINE('',#3522,#3521);
#3524=DIRECTION('',(0.E0,1.E0,0.E0));
#3525=VECTOR('',#3524,9.75E-3);
#3526=CARTESIAN_POINT('',(4.404855442565E-1,0.E0,6.245878526942E-1));
#3527=LINE('',#3526,#3525);
#3528=DIRECTION('',(0.E0,1.E0,0.E0));
#3529=VECTOR('',#3528,9.75E-3);
#3530=CARTESIAN_POINT('',(4.404855442565E-1,0.E0,-6.245878526942E-1));
#3531=LINE('',#3530,#3529);
#3532=DIRECTION('',(0.E0,1.E0,0.E0));
#3533=VECTOR('',#3532,9.75E-3);
#3534=CARTESIAN_POINT('',(1.735544256527E-3,0.E0,-1.063337852694E0));
#3535=LINE('',#3534,#3533);
#3536=CARTESIAN_POINT('',(-9.75E-3,0.E0,-1.4625E0));
#3537=CARTESIAN_POINT('',(-7.3125E-1,0.E0,-7.41E-1));
#3538=VERTEX_POINT('',#3536);
#3539=VERTEX_POINT('',#3537);
#3540=CARTESIAN_POINT('',(-7.3125E-1,0.E0,7.41E-1));
#3541=VERTEX_POINT('',#3540);
#3542=CARTESIAN_POINT('',(-9.75E-3,0.E0,1.4625E0));
#3543=VERTEX_POINT('',#3542);
#3544=CARTESIAN_POINT('',(9.75E-3,0.E0,1.4625E0));
#3545=VERTEX_POINT('',#3544);
#3546=CARTESIAN_POINT('',(7.3125E-1,0.E0,7.41E-1));
#3547=VERTEX_POINT('',#3546);
#3548=CARTESIAN_POINT('',(7.3125E-1,0.E0,-7.41E-1));
#3549=VERTEX_POINT('',#3548);
#3550=CARTESIAN_POINT('',(9.75E-3,0.E0,-1.4625E0));
#3551=VERTEX_POINT('',#3550);
#3552=CARTESIAN_POINT('',(-1.735544256527E-3,0.E0,-1.063337852694E0));
#3553=CARTESIAN_POINT('',(1.735544256527E-3,0.E0,-1.063337852694E0));
#3554=VERTEX_POINT('',#3552);
#3555=VERTEX_POINT('',#3553);
#3556=CARTESIAN_POINT('',(4.404855442565E-1,0.E0,-6.245878526942E-1));
#3557=VERTEX_POINT('',#3556);
#3558=CARTESIAN_POINT('',(4.404855442565E-1,0.E0,6.245878526942E-1));
#3559=VERTEX_POINT('',#3558);
#3560=CARTESIAN_POINT('',(1.735544256527E-3,0.E0,1.063337852694E0));
#3561=VERTEX_POINT('',#3560);
#3562=CARTESIAN_POINT('',(-1.735544256527E-3,0.E0,1.063337852694E0));
#3563=VERTEX_POINT('',#3562);
#3564=CARTESIAN_POINT('',(-4.404855442565E-1,0.E0,6.245878526942E-1));
#3565=VERTEX_POINT('',#3564);
#3566=CARTESIAN_POINT('',(-4.404855442565E-1,0.E0,-6.245878526942E-1));
#3567=VERTEX_POINT('',#3566);
#3568=CARTESIAN_POINT('',(-9.75E-3,9.75E-3,-1.4625E0));
#3569=CARTESIAN_POINT('',(-7.3125E-1,9.75E-3,-7.41E-1));
#3570=VERTEX_POINT('',#3568);
#3571=VERTEX_POINT('',#3569);
#3572=CARTESIAN_POINT('',(-7.3125E-1,9.75E-3,7.41E-1));
#3573=VERTEX_POINT('',#3572);
#3574=CARTESIAN_POINT('',(-9.75E-3,9.75E-3,1.4625E0));
#3575=VERTEX_POINT('',#3574);
#3576=CARTESIAN_POINT('',(9.75E-3,9.75E-3,1.4625E0));
#3577=VERTEX_POINT('',#3576);
#3578=CARTESIAN_POINT('',(7.3125E-1,9.75E-3,7.41E-1));
#3579=VERTEX_POINT('',#3578);
#3580=CARTESIAN_POINT('',(7.3125E-1,9.75E-3,-7.41E-1));
#3581=VERTEX_POINT('',#3580);
#3582=CARTESIAN_POINT('',(9.75E-3,9.75E-3,-1.4625E0));
#3583=VERTEX_POINT('',#3582);
#3584=CARTESIAN_POINT('',(-1.735544256527E-3,9.75E-3,-1.063337852694E0));
#3585=CARTESIAN_POINT('',(1.735544256527E-3,9.75E-3,-1.063337852694E0));
#3586=VERTEX_POINT('',#3584);
#3587=VERTEX_POINT('',#3585);
#3588=CARTESIAN_POINT('',(4.404855442565E-1,9.75E-3,-6.245878526942E-1));
#3589=VERTEX_POINT('',#3588);
#3590=CARTESIAN_POINT('',(4.404855442565E-1,9.75E-3,6.245878526942E-1));
#3591=VERTEX_POINT('',#3590);
#3592=CARTESIAN_POINT('',(1.735544256527E-3,9.75E-3,1.063337852694E0));
#3593=VERTEX_POINT('',#3592);
#3594=CARTESIAN_POINT('',(-1.735544256527E-3,9.75E-3,1.063337852694E0));
#3595=VERTEX_POINT('',#3594);
#3596=CARTESIAN_POINT('',(-4.404855442565E-1,9.75E-3,6.245878526942E-1));
#3597=VERTEX_POINT('',#3596);
#3598=CARTESIAN_POINT('',(-4.404855442565E-1,9.75E-3,-6.245878526942E-1));
#3599=VERTEX_POINT('',#3598);
#3600=CARTESIAN_POINT('',(0.E0,0.E0,0.E0));
#3601=DIRECTION('',(0.E0,1.E0,0.E0));
#3602=DIRECTION('',(1.E0,0.E0,0.E0));
#3603=AXIS2_PLACEMENT_3D('',#3600,#3601,#3602);
#3604=PLANE('',#3603);
#3606=ORIENTED_EDGE('',*,*,#3605,.T.);
#3608=ORIENTED_EDGE('',*,*,#3607,.T.);
#3610=ORIENTED_EDGE('',*,*,#3609,.T.);
#3612=ORIENTED_EDGE('',*,*,#3611,.T.);
#3614=ORIENTED_EDGE('',*,*,#3613,.T.);
#3616=ORIENTED_EDGE('',*,*,#3615,.T.);
#3618=ORIENTED_EDGE('',*,*,#3617,.T.);
#3620=ORIENTED_EDGE('',*,*,#3619,.T.);
#3621=EDGE_LOOP('',(#3606,#3608,#3610,#3612,#3614,#3616,#3618,#3620));
#3622=FACE_OUTER_BOUND('',#3621,.F.);
#3624=ORIENTED_EDGE('',*,*,#3623,.T.);
#3626=ORIENTED_EDGE('',*,*,#3625,.T.);
#3628=ORIENTED_EDGE('',*,*,#3627,.T.);
#3630=ORIENTED_EDGE('',*,*,#3629,.T.);
#3632=ORIENTED_EDGE('',*,*,#3631,.T.);
#3634=ORIENTED_EDGE('',*,*,#3633,.T.);
#3636=ORIENTED_EDGE('',*,*,#3635,.T.);
#3638=ORIENTED_EDGE('',*,*,#3637,.T.);
#3639=EDGE_LOOP('',(#3624,#3626,#3628,#3630,#3632,#3634,#3636,#3638));
#3640=FACE_BOUND('',#3639,.F.);
#3642=FILL_AREA_STYLE_COLOUR('',#20);
#3643=FILL_AREA_STYLE('',(#3642));
#3644=SURFACE_STYLE_FILL_AREA(#3643);
#3645=SURFACE_SIDE_STYLE('',(#3644));
#3646=SURFACE_STYLE_USAGE(.POSITIVE.,#3645);
#3647=PRESENTATION_STYLE_ASSIGNMENT((#3646));
#3648=STYLED_ITEM('',(#3647),#3641);
#3649=CARTESIAN_POINT('',(-9.75E-3,0.E0,-7.41E-1));
#3650=DIRECTION('',(0.E0,1.E0,0.E0));
#3651=DIRECTION('',(1.E0,0.E0,0.E0));
#3652=AXIS2_PLACEMENT_3D('',#3649,#3650,#3651);
#3653=CYLINDRICAL_SURFACE('',#3652,7.215E-1);
#3654=ORIENTED_EDGE('',*,*,#3605,.F.);
#3656=ORIENTED_EDGE('',*,*,#3655,.T.);
#3658=ORIENTED_EDGE('',*,*,#3657,.T.);
#3660=ORIENTED_EDGE('',*,*,#3659,.F.);
#3661=EDGE_LOOP('',(#3654,#3656,#3658,#3660));
#3662=FACE_OUTER_BOUND('',#3661,.F.);
#3664=CARTESIAN_POINT('',(9.75E-3,0.E0,-1.4625E0));
#3665=DIRECTION('',(0.E0,0.E0,-1.E0));
#3666=DIRECTION('',(-1.E0,0.E0,0.E0));
#3667=AXIS2_PLACEMENT_3D('',#3664,#3665,#3666);
#3668=PLANE('',#3667);
#3669=ORIENTED_EDGE('',*,*,#3619,.F.);
#3671=ORIENTED_EDGE('',*,*,#3670,.T.);
#3673=ORIENTED_EDGE('',*,*,#3672,.T.);
#3674=ORIENTED_EDGE('',*,*,#3655,.F.);
#3675=EDGE_LOOP('',(#3669,#3671,#3673,#3674));
#3676=FACE_OUTER_BOUND('',#3675,.F.);
#3678=CARTESIAN_POINT('',(9.75E-3,0.E0,-7.41E-1));
#3679=DIRECTION('',(0.E0,1.E0,0.E0));
#3680=DIRECTION('',(1.E0,0.E0,0.E0));
#3681=AXIS2_PLACEMENT_3D('',#3678,#3679,#3680);
#3682=CYLINDRICAL_SURFACE('',#3681,7.215E-1);
#3683=ORIENTED_EDGE('',*,*,#3617,.F.);
#3685=ORIENTED_EDGE('',*,*,#3684,.T.);
#3687=ORIENTED_EDGE('',*,*,#3686,.T.);
#3688=ORIENTED_EDGE('',*,*,#3670,.F.);
#3689=EDGE_LOOP('',(#3683,#3685,#3687,#3688));
#3690=FACE_OUTER_BOUND('',#3689,.F.);
#3692=CARTESIAN_POINT('',(7.3125E-1,0.E0,7.41E-1));
#3693=DIRECTION('',(1.E0,0.E0,0.E0));
#3694=DIRECTION('',(0.E0,0.E0,-1.E0));
#3695=AXIS2_PLACEMENT_3D('',#3692,#3693,#3694);
#3696=PLANE('',#3695);
#3697=ORIENTED_EDGE('',*,*,#3615,.F.);
#3699=ORIENTED_EDGE('',*,*,#3698,.T.);
#3701=ORIENTED_EDGE('',*,*,#3700,.T.);
#3702=ORIENTED_EDGE('',*,*,#3684,.F.);
#3703=EDGE_LOOP('',(#3697,#3699,#3701,#3702));
#3704=FACE_OUTER_BOUND('',#3703,.F.);
#3706=CARTESIAN_POINT('',(9.75E-3,0.E0,7.41E-1));
#3707=DIRECTION('',(0.E0,1.E0,0.E0));
#3708=DIRECTION('',(1.E0,0.E0,0.E0));
#3709=AXIS2_PLACEMENT_3D('',#3706,#3707,#3708);
#3710=CYLINDRICAL_SURFACE('',#3709,7.215E-1);
#3711=ORIENTED_EDGE('',*,*,#3613,.F.);
#3713=ORIENTED_EDGE('',*,*,#3712,.T.);
#3715=ORIENTED_EDGE('',*,*,#3714,.T.);
#3716=ORIENTED_EDGE('',*,*,#3698,.F.);
#3717=EDGE_LOOP('',(#3711,#3713,#3715,#3716));
#3718=FACE_OUTER_BOUND('',#3717,.F.);
#3720=CARTESIAN_POINT('',(-9.75E-3,0.E0,1.4625E0));
#3721=DIRECTION('',(0.E0,0.E0,1.E0));
#3722=DIRECTION('',(1.E0,0.E0,0.E0));
#3723=AXIS2_PLACEMENT_3D('',#3720,#3721,#3722);
#3724=PLANE('',#3723);
#3725=ORIENTED_EDGE('',*,*,#3611,.F.);
#3727=ORIENTED_EDGE('',*,*,#3726,.T.);
#3729=ORIENTED_EDGE('',*,*,#3728,.T.);
#3730=ORIENTED_EDGE('',*,*,#3712,.F.);
#3731=EDGE_LOOP('',(#3725,#3727,#3729,#3730));
#3732=FACE_OUTER_BOUND('',#3731,.F.);
#3734=CARTESIAN_POINT('',(-9.75E-3,0.E0,7.41E-1));
#3735=DIRECTION('',(0.E0,1.E0,0.E0));
#3736=DIRECTION('',(1.E0,0.E0,0.E0));
#3737=AXIS2_PLACEMENT_3D('',#3734,#3735,#3736);
#3738=CYLINDRICAL_SURFACE('',#3737,7.215E-1);
#3739=ORIENTED_EDGE('',*,*,#3609,.F.);
#3741=ORIENTED_EDGE('',*,*,#3740,.T.);
#3743=ORIENTED_EDGE('',*,*,#3742,.T.);
#3744=ORIENTED_EDGE('',*,*,#3726,.F.);
#3745=EDGE_LOOP('',(#3739,#3741,#3743,#3744));
#3746=FACE_OUTER_BOUND('',#3745,.F.);
#3748=CARTESIAN_POINT('',(-7.3125E-1,0.E0,-7.41E-1));
#3749=DIRECTION('',(-1.E0,0.E0,0.E0));
#3750=DIRECTION('',(0.E0,0.E0,1.E0));
#3751=AXIS2_PLACEMENT_3D('',#3748,#3749,#3750);
#3752=PLANE('',#3751);
#3753=ORIENTED_EDGE('',*,*,#3607,.F.);
#3754=ORIENTED_EDGE('',*,*,#3659,.T.);
#3756=ORIENTED_EDGE('',*,*,#3755,.T.);
#3757=ORIENTED_EDGE('',*,*,#3740,.F.);
#3758=EDGE_LOOP('',(#3753,#3754,#3756,#3757));
#3759=FACE_OUTER_BOUND('',#3758,.F.);
#3761=CARTESIAN_POINT('',(0.E0,9.75E-3,0.E0));
#3762=DIRECTION('',(0.E0,1.E0,0.E0));
#3763=DIRECTION('',(1.E0,0.E0,0.E0));
#3764=AXIS2_PLACEMENT_3D('',#3761,#3762,#3763);
#3765=PLANE('',#3764);
#3766=ORIENTED_EDGE('',*,*,#3657,.F.);
#3767=ORIENTED_EDGE('',*,*,#3672,.F.);
#3768=ORIENTED_EDGE('',*,*,#3686,.F.);
#3769=ORIENTED_EDGE('',*,*,#3700,.F.);
#3770=ORIENTED_EDGE('',*,*,#3714,.F.);
#3771=ORIENTED_EDGE('',*,*,#3728,.F.);
#3772=ORIENTED_EDGE('',*,*,#3742,.F.);
#3773=ORIENTED_EDGE('',*,*,#3755,.F.);
#3774=EDGE_LOOP('',(#3766,#3767,#3768,#3769,#3770,#3771,#3772,#3773));
#3775=FACE_OUTER_BOUND('',#3774,.F.);
#3777=ORIENTED_EDGE('',*,*,#3776,.F.);
#3779=ORIENTED_EDGE('',*,*,#3778,.F.);
#3781=ORIENTED_EDGE('',*,*,#3780,.F.);
#3783=ORIENTED_EDGE('',*,*,#3782,.F.);
#3785=ORIENTED_EDGE('',*,*,#3784,.F.);
#3787=ORIENTED_EDGE('',*,*,#3786,.F.);
#3789=ORIENTED_EDGE('',*,*,#3788,.F.);
#3791=ORIENTED_EDGE('',*,*,#3790,.F.);
#3792=EDGE_LOOP('',(#3777,#3779,#3781,#3783,#3785,#3787,#3789,#3791));
#3793=FACE_BOUND('',#3792,.F.);
#3795=FILL_AREA_STYLE_COLOUR('',#20);
#3796=FILL_AREA_STYLE('',(#3795));
#3797=SURFACE_STYLE_FILL_AREA(#3796);
#3798=SURFACE_SIDE_STYLE('',(#3797));
#3799=SURFACE_STYLE_USAGE(.POSITIVE.,#3798);
#3800=PRESENTATION_STYLE_ASSIGNMENT((#3799));
#3801=STYLED_ITEM('',(#3800),#3794);
#3802=CARTESIAN_POINT('',(-1.735544256527E-3,0.E0,-1.063337852694E0));
#3803=DIRECTION('',(0.E0,0.E0,1.E0));
#3804=DIRECTION('',(1.E0,0.E0,0.E0));
#3805=AXIS2_PLACEMENT_3D('',#3802,#3803,#3804);
#3806=PLANE('',#3805);
#3807=ORIENTED_EDGE('',*,*,#3623,.F.);
#3809=ORIENTED_EDGE('',*,*,#3808,.T.);
#3810=ORIENTED_EDGE('',*,*,#3776,.T.);
#3812=ORIENTED_EDGE('',*,*,#3811,.F.);
#3813=EDGE_LOOP('',(#3807,#3809,#3810,#3812));
#3814=FACE_OUTER_BOUND('',#3813,.F.);
#3816=CARTESIAN_POINT('',(-1.735544256527E-3,0.E0,-6.245878526942E-1));
#3817=DIRECTION('',(0.E0,1.E0,0.E0));
#3818=DIRECTION('',(1.E0,0.E0,0.E0));
#3819=AXIS2_PLACEMENT_3D('',#3816,#3817,#3818);
#3820=CYLINDRICAL_SURFACE('',#3819,4.3875E-1);
#3821=ORIENTED_EDGE('',*,*,#3637,.F.);
#3823=ORIENTED_EDGE('',*,*,#3822,.T.);
#3824=ORIENTED_EDGE('',*,*,#3778,.T.);
#3825=ORIENTED_EDGE('',*,*,#3808,.F.);
#3826=EDGE_LOOP('',(#3821,#3823,#3824,#3825));
#3827=FACE_OUTER_BOUND('',#3826,.F.);
#3829=CARTESIAN_POINT('',(-4.404855442565E-1,0.E0,6.245878526942E-1));
#3830=DIRECTION('',(1.E0,0.E0,0.E0));
#3831=DIRECTION('',(0.E0,0.E0,-1.E0));
#3832=AXIS2_PLACEMENT_3D('',#3829,#3830,#3831);
#3833=PLANE('',#3832);
#3834=ORIENTED_EDGE('',*,*,#3635,.F.);
#3836=ORIENTED_EDGE('',*,*,#3835,.T.);
#3837=ORIENTED_EDGE('',*,*,#3780,.T.);
#3838=ORIENTED_EDGE('',*,*,#3822,.F.);
#3839=EDGE_LOOP('',(#3834,#3836,#3837,#3838));
#3840=FACE_OUTER_BOUND('',#3839,.F.);
#3842=CARTESIAN_POINT('',(-1.735544256527E-3,0.E0,6.245878526942E-1));
#3843=DIRECTION('',(0.E0,1.E0,0.E0));
#3844=DIRECTION('',(1.E0,0.E0,0.E0));
#3845=AXIS2_PLACEMENT_3D('',#3842,#3843,#3844);
#3846=CYLINDRICAL_SURFACE('',#3845,4.3875E-1);
#3847=ORIENTED_EDGE('',*,*,#3633,.F.);
#3849=ORIENTED_EDGE('',*,*,#3848,.T.);
#3850=ORIENTED_EDGE('',*,*,#3782,.T.);
#3851=ORIENTED_EDGE('',*,*,#3835,.F.);
#3852=EDGE_LOOP('',(#3847,#3849,#3850,#3851));
#3853=FACE_OUTER_BOUND('',#3852,.F.);
#3855=CARTESIAN_POINT('',(1.735544256527E-3,0.E0,1.063337852694E0));
#3856=DIRECTION('',(0.E0,0.E0,-1.E0));
#3857=DIRECTION('',(-1.E0,0.E0,0.E0));
#3858=AXIS2_PLACEMENT_3D('',#3855,#3856,#3857);
#3859=PLANE('',#3858);
#3860=ORIENTED_EDGE('',*,*,#3631,.F.);
#3862=ORIENTED_EDGE('',*,*,#3861,.T.);
#3863=ORIENTED_EDGE('',*,*,#3784,.T.);
#3864=ORIENTED_EDGE('',*,*,#3848,.F.);
#3865=EDGE_LOOP('',(#3860,#3862,#3863,#3864));
#3866=FACE_OUTER_BOUND('',#3865,.F.);
#3868=CARTESIAN_POINT('',(1.735544256527E-3,0.E0,6.245878526942E-1));
#3869=DIRECTION('',(0.E0,1.E0,0.E0));
#3870=DIRECTION('',(1.E0,0.E0,0.E0));
#3871=AXIS2_PLACEMENT_3D('',#3868,#3869,#3870);
#3872=CYLINDRICAL_SURFACE('',#3871,4.3875E-1);
#3873=ORIENTED_EDGE('',*,*,#3629,.F.);
#3875=ORIENTED_EDGE('',*,*,#3874,.T.);
#3876=ORIENTED_EDGE('',*,*,#3786,.T.);
#3877=ORIENTED_EDGE('',*,*,#3861,.F.);
#3878=EDGE_LOOP('',(#3873,#3875,#3876,#3877));
#3879=FACE_OUTER_BOUND('',#3878,.F.);
#3881=CARTESIAN_POINT('',(4.404855442565E-1,0.E0,-6.245878526942E-1));
#3882=DIRECTION('',(-1.E0,0.E0,0.E0));
#3883=DIRECTION('',(0.E0,0.E0,1.E0));
#3884=AXIS2_PLACEMENT_3D('',#3881,#3882,#3883);
#3885=PLANE('',#3884);
#3886=ORIENTED_EDGE('',*,*,#3627,.F.);
#3888=ORIENTED_EDGE('',*,*,#3887,.T.);
#3889=ORIENTED_EDGE('',*,*,#3788,.T.);
#3890=ORIENTED_EDGE('',*,*,#3874,.F.);
#3891=EDGE_LOOP('',(#3886,#3888,#3889,#3890));
#3892=FACE_OUTER_BOUND('',#3891,.F.);
#3894=CARTESIAN_POINT('',(1.735544256527E-3,0.E0,-6.245878526942E-1));
#3895=DIRECTION('',(0.E0,1.E0,0.E0));
#3896=DIRECTION('',(1.E0,0.E0,0.E0));
#3897=AXIS2_PLACEMENT_3D('',#3894,#3895,#3896);
#3898=CYLINDRICAL_SURFACE('',#3897,4.3875E-1);
#3899=ORIENTED_EDGE('',*,*,#3625,.F.);
#3900=ORIENTED_EDGE('',*,*,#3811,.T.);
#3901=ORIENTED_EDGE('',*,*,#3790,.T.);
#3902=ORIENTED_EDGE('',*,*,#3887,.F.);
#3903=EDGE_LOOP('',(#3899,#3900,#3901,#3902));
#3904=FACE_OUTER_BOUND('',#3903,.F.);
#3906=CLOSED_SHELL('',(#3641,#3663,#3677,#3691,#3705,#3719,#3733,#3747,#3760,
#3794,#3815,#3828,#3841,#3854,#3867,#3880,#3893,#3905));
#3907=MANIFOLD_SOLID_BREP('',#3906);
#3910=PLANE_ANGLE_MEASURE_WITH_UNIT(PLANE_ANGLE_MEASURE(1.745329251994E-2),
#3909);
#3911=(CONVERSION_BASED_UNIT('DEGREE',#3910)NAMED_UNIT(*)PLANE_ANGLE_UNIT());
#3913=UNCERTAINTY_MEASURE_WITH_UNIT(LENGTH_MEASURE(3.597130467828E-4),#3908,
'distance_accuracy_value',
'Maximum model space distance between geometric entities at asserted connectivities');
#3915=CARTESIAN_POINT('',(0.E0,0.E0,0.E0));
#3916=DIRECTION('',(0.E0,0.E0,1.E0));
#3917=DIRECTION('',(1.E0,0.E0,0.E0));
#3920=PRODUCT_CONTEXT('',#2661,'mechanical');
#3921=PRODUCT('YUAN06300770','YUAN06300770','NOT SPECIFIED',(#3920));
#3922=PRODUCT_DEFINITION_FORMATION('3','LAST_VERSION',#3921);
#3930=DERIVED_UNIT_ELEMENT(#3929,2.E0);
#3931=DERIVED_UNIT((#3930));
#3932=MEASURE_REPRESENTATION_ITEM('surface area measure',AREA_MEASURE(
4.370109972951E0),#3931);
#3937=DERIVED_UNIT_ELEMENT(#3936,3.E0);
#3938=DERIVED_UNIT((#3937));
#3939=MEASURE_REPRESENTATION_ITEM('volume measure',VOLUME_MEASURE(
2.069596410056E-2),#3938);
#3943=CARTESIAN_POINT('centre point',(0.E0,4.875E-3,0.E0));
#3948=DERIVED_UNIT_ELEMENT(#3947,2.E0);
#3949=DERIVED_UNIT((#3948));
#3950=MEASURE_REPRESENTATION_ITEM('surface area measure',AREA_MEASURE(
4.370109972951E0),#3949);
#3955=DERIVED_UNIT_ELEMENT(#3954,3.E0);
#3956=DERIVED_UNIT((#3955));
#3957=MEASURE_REPRESENTATION_ITEM('volume measure',VOLUME_MEASURE(
2.069596410056E-2),#3956);
#3961=CARTESIAN_POINT('centre point',(0.E0,4.875E-3,0.E0));
#3968=CARTESIAN_POINT('centre point',(6.330707430519E0,6.383662076161E0,
-1.315905151423E1));
#3972=CARTESIAN_POINT('',(6.330707430519E0,6.383853307079E0,-1.315418026637E1));
#3973=DIRECTION('',(-9.999594730741E-1,-8.995970799736E-3,3.531554541539E-4));
#3974=DIRECTION('',(-9.002900055233E-3,9.991898349983E-1,-3.922526515709E-2));
#3975=AXIS2_PLACEMENT_3D('',#3972,#3973,#3974);
#3976=ITEM_DEFINED_TRANSFORMATION('','',#3918,#3975);
#3977=(REPRESENTATION_RELATIONSHIP('','',#3919,#2712)REPRESENTATION_RELATIONSHIP_WITH_TRANSFORMATION(#3976)SHAPE_REPRESENTATION_RELATIONSHIP());
#3978=CONTEXT_DEPENDENT_SHAPE_REPRESENTATION(#3977,#3967);
#3981=CARTESIAN_POINT('centre point',(1.091631866992E1,6.424915772855E0,
-1.316067101348E1));
#3985=CARTESIAN_POINT('',(1.091631866992E1,6.425107003773E0,-1.315579976562E1));
#3986=DIRECTION('',(-9.999594730741E-1,-8.995970799736E-3,3.531554541539E-4));
#3987=DIRECTION('',(-9.002900055233E-3,9.991898349983E-1,-3.922526515709E-2));
#3988=AXIS2_PLACEMENT_3D('',#3985,#3986,#3987);
#3989=ITEM_DEFINED_TRANSFORMATION('','',#3918,#3988);
#3990=(REPRESENTATION_RELATIONSHIP('','',#3919,#2712)REPRESENTATION_RELATIONSHIP_WITH_TRANSFORMATION(#3989)SHAPE_REPRESENTATION_RELATIONSHIP());
#3991=CONTEXT_DEPENDENT_SHAPE_REPRESENTATION(#3990,#3980);
#3994=PLANE_ANGLE_MEASURE_WITH_UNIT(PLANE_ANGLE_MEASURE(1.745329251994E-2),
#3993);
#3995=(CONVERSION_BASED_UNIT('DEGREE',#3994)NAMED_UNIT(*)PLANE_ANGLE_UNIT());
#3997=UNCERTAINTY_MEASURE_WITH_UNIT(LENGTH_MEASURE(2.375888967320E-3),#3992,
'distance_accuracy_value',
'Maximum model space distance between geometric entities at asserted connectivities');
#3999=CARTESIAN_POINT('',(0.E0,0.E0,0.E0));
#4000=DIRECTION('',(0.E0,0.E0,1.E0));
#4001=DIRECTION('',(1.E0,0.E0,0.E0));
#4003=MECHANICAL_DESIGN_GEOMETRIC_PRESENTATION_REPRESENTATION('',(#33,#40,#47,
#54,#61,#68,#75,#82,#89,#97,#104,#111,#119,#126,#133,#140,#147,#154,#161,#168,
#175,#182,#189,#196,#203,#210,#217,#224,#231,#238,#245,#252,#259,#266,#273,#281,
#288,#295,#303,#310,#317,#325,#332,#340,#347,#355,#362,#370,#377,#384,#391,#398,
#406,#413,#421,#428,#436,#443,#450,#458,#465,#472,#479,#486,#493,#500,#507,#514,
#521,#528,#535,#542,#549,#556,#563,#570,#577,#584,#591,#598,#605,#612,#619,#626,
#633,#640,#647,#654,#661,#668,#675,#682,#689,#697,#704,#711,#718,#726,#733,#740,
#747,#754,#761,#768,#776,#783,#791,#798,#806,#813,#830,#837,#844,#851,#858,#865,
#872,#879,#886,#893,#900,#907,#914,#921,#928,#935,#942,#949,#956,#963,#970,#977,
#984,#991,#998,#1005,#1012,#1019,#1026,#1033,#1040,#1047,#1055,#1062,#1069,
#1076,#1084,#1091,#1098,#1106,#1113,#1121,#1128,#1136,#1143,#1150,#1157,#1164,
#1171,#1178,#1185,#1192,#1199,#1206,#1213,#1220,#1227,#1244,#1251,#1258,#2153,
#2180,#2209,#2235,#2263,#2288,#2312,#2461,#2488,#2514,#2540,#2565,#2592,#2616,
#25,#2735,#2743,#2751,#2758,#2766,#2774,#2781,#2789,#2797,#2805,#2812,#2820,
#2828,#2835,#2843,#2851,#2859,#2867,#2875,#2883,#2891,#2899,#2907,#2915,#2923,
#2931,#2727,#3278,#3648,#3801),#3998);
#4004=PRODUCT_DEFINITION_CONTEXT('part definition',#2661,'design');
#4005=PRODUCT_CONTEXT('',#2661,'mechanical');
#4006=PRODUCT('1250-1450_ASM','1250-1450_ASM','NOT SPECIFIED',(#4005));
#4007=PRODUCT_DEFINITION_FORMATION('1','LAST_VERSION',#4006);
#4010=DERIVED_UNIT_ELEMENT(#4009,2.E0);
#4011=DERIVED_UNIT((#4010));
#4012=MEASURE_REPRESENTATION_ITEM('surface area measure',AREA_MEASURE(
1.259844324134E3),#4011);
#4017=DERIVED_UNIT_ELEMENT(#4016,3.E0);
#4018=DERIVED_UNIT((#4017));
#4019=MEASURE_REPRESENTATION_ITEM('volume measure',VOLUME_MEASURE(
1.819240823643E3),#4018);
#4023=CARTESIAN_POINT('centre point',(7.103310713391E0,6.400000095444E0,
-6.936378352672E0));
#4027=PRODUCT_RELATED_PRODUCT_CATEGORY('part','',(#4006,#2665,#3171,#3296,
#3921));
#1=DRAUGHTING_PRE_DEFINED_COLOUR('green');
#2=COLOUR_RGB('',1.1E-2,1.2E-2,1.E0);
#3=COLOUR_RGB('',1.607843137255E-1,1.607843137255E-1,1.803921568627E-1);
#4=COLOUR_RGB('',2.392156862745E-1,2.509803921569E-1,2.588235294118E-1);
#5=COLOUR_RGB('',4.1E-1,2.61589E-1,1.12848E-1);
#6=COLOUR_RGB('',5.04854E-1,1.5455E-2,1.5455E-2);
#7=COLOUR_RGB('',5.176470588235E-1,3.372549019608E-1,3.490196078431E-1);
#8=COLOUR_RGB('',6.35294E-1,6.86275E-1,7.4902E-1);
#9=COLOUR_RGB('',6.40777E-1,6.40777E-1,6.40777E-1);
#10=COLOUR_RGB('',6.69062E-1,6.69903E-1,6.55217E-1);
#11=COLOUR_RGB('',7.843137254902E-1,7.843137254902E-1,2.078431372549E-1);
#12=COLOUR_RGB('',8.196078431373E-1,8.117647058824E-1,8.117647058824E-1);
#13=COLOUR_RGB('',8.588235294118E-1,8.705882352941E-1,3.098039215686E-1);
#14=COLOUR_RGB('',8.705882352941E-1,9.019607843137E-1,9.098039215686E-1);
#15=COLOUR_RGB('',9.21569E-1,7.05882E-1,4.70588E-1);
#16=DRAUGHTING_PRE_DEFINED_COLOUR('red');
#17=COLOUR_RGB('',1.E0,9.215686274510E-1,4.313725490196E-1);
#18=DRAUGHTING_PRE_DEFINED_COLOUR('yellow');
#19=COLOUR_RGB('',1.E0,1.E0,5.3E-1);
#20=COLOUR_RGB('',1.E0,1.E0,9.49E-1);
#21=DRAUGHTING_PRE_DEFINED_COLOUR('white');
#22=COLOUR_RGB('',2.1E-1,2.2E-1,2.2E-1);
#23=COLOUR_RGB('',8.3E-1,8.4E-1,8.3E-1);
#24=COLOUR_RGB('',9.E-1,9.2E-1,9.2E-1);
#94=CIRCLE('',#93,3.47221875E-1);
#116=CIRCLE('',#115,3.47221875E-1);
#278=CIRCLE('',#277,6.25E0);
#300=CIRCLE('',#299,6.25E0);
#322=CIRCLE('',#321,6.25E0);
#337=CIRCLE('',#336,6.25E0);
#352=CIRCLE('',#351,6.25E0);
#367=CIRCLE('',#366,6.25E0);
#403=CIRCLE('',#402,3.47221875E-1);
#418=CIRCLE('',#417,6.25E0);
#433=CIRCLE('',#432,6.25E0);
#455=CIRCLE('',#454,3.47221875E-1);
#694=CIRCLE('',#693,5.4E-1);
#723=CIRCLE('',#722,5.4E-1);
#773=CIRCLE('',#772,4.5E-1);
#788=CIRCLE('',#787,5.4E-1);
#803=CIRCLE('',#802,5.4E-1);
#827=B_SPLINE_CURVE_WITH_KNOTS('',3,(#814,#815,#816,#817,#818,#819,#820,#821,
#822,#823,#824,#825,#826),.UNSPECIFIED.,.F.,.F.,(4,1,1,1,1,1,1,1,1,1,4),(0.E0,
1.25E-1,2.5E-1,3.75E-1,4.375E-1,5.E-1,5.625E-1,6.25E-1,7.5E-1,8.75E-1,1.E0),
.UNSPECIFIED.);
#1052=CIRCLE('',#1051,5.4E-1);
#1081=CIRCLE('',#1080,5.4E-1);
#1103=CIRCLE('',#1102,4.5E-1);
#1118=CIRCLE('',#1117,5.4E-1);
#1133=CIRCLE('',#1132,5.4E-1);
#1241=B_SPLINE_CURVE_WITH_KNOTS('',3,(#1228,#1229,#1230,#1231,#1232,#1233,#1234,
#1235,#1236,#1237,#1238,#1239,#1240),.UNSPECIFIED.,.F.,.F.,(4,1,1,1,1,1,1,1,1,1,
4),(0.E0,1.25E-1,2.5E-1,3.75E-1,4.375E-1,5.E-1,5.625E-1,6.25E-1,7.5E-1,8.75E-1,
1.E0),.UNSPECIFIED.);
#1488=EDGE_CURVE('',#1317,#1318,#29,.T.);
#1490=EDGE_CURVE('',#1317,#1277,#37,.T.);
#1492=EDGE_CURVE('',#1277,#1278,#44,.T.);
#1494=EDGE_CURVE('',#1278,#1280,#51,.T.);
#1496=EDGE_CURVE('',#1318,#1280,#144,.T.);
#1500=ADVANCED_FACE('',(#1499),#1487,.F.);
#1506=EDGE_CURVE('',#1321,#1322,#58,.T.);
#1508=EDGE_CURVE('',#1286,#1321,#1037,.T.);
#1510=EDGE_CURVE('',#1286,#1284,#65,.T.);
#1512=EDGE_CURVE('',#1283,#1284,#72,.T.);
#1514=EDGE_CURVE('',#1322,#1283,#644,.T.);
#1518=ADVANCED_FACE('',(#1517),#1505,.F.);
#1524=EDGE_CURVE('',#1325,#1326,#79,.T.);
#1526=EDGE_CURVE('',#1273,#1326,#679,.T.);
#1528=EDGE_CURVE('',#1273,#1274,#86,.T.);
#1530=EDGE_CURVE('',#1274,#1290,#94,.T.);
#1532=EDGE_CURVE('',#1290,#1325,#101,.T.);
#1536=ADVANCED_FACE('',(#1535),#1523,.F.);
#1542=EDGE_CURVE('',#1329,#1330,#108,.T.);
#1544=EDGE_CURVE('',#1288,#1330,#616,.T.);
#1546=EDGE_CURVE('',#1288,#1269,#116,.T.);
#1548=EDGE_CURVE('',#1269,#1270,#123,.T.);
#1550=EDGE_CURVE('',#1329,#1270,#751,.T.);
#1554=ADVANCED_FACE('',(#1553),#1541,.F.);
#1561=EDGE_CURVE('',#1318,#1342,#137,.T.);
#1563=EDGE_CURVE('',#1342,#1333,#158,.T.);
#1565=EDGE_CURVE('',#1317,#1333,#200,.T.);
#1569=ADVANCED_FACE('',(#1568),#1559,.F.);
#1576=EDGE_CURVE('',#1322,#1337,#637,.T.);
#1578=EDGE_CURVE('',#1337,#1346,#165,.T.);
#1580=EDGE_CURVE('',#1321,#1346,#1044,.T.);
#1584=ADVANCED_FACE('',(#1583),#1574,.F.);
#1590=EDGE_CURVE('',#1341,#1342,#130,.T.);
#1594=EDGE_CURVE('',#1280,#1302,#1002,.T.);
#1596=EDGE_CURVE('',#1302,#1304,#151,.T.);
#1598=EDGE_CURVE('',#1341,#1304,#1088,.T.);
#1602=ADVANCED_FACE('',(#1601),#1589,.F.);
#1608=EDGE_CURVE('',#1333,#1334,#207,.T.);
#1612=EDGE_CURVE('',#1341,#1357,#1081,.T.);
#1614=EDGE_CURVE('',#1357,#1358,#1066,.T.);
#1616=EDGE_CURVE('',#1358,#1345,#1052,.T.);
#1618=EDGE_CURVE('',#1345,#1346,#1016,.T.);
#1621=EDGE_CURVE('',#1337,#1338,#630,.T.);
#1623=EDGE_CURVE('',#1354,#1338,#172,.T.);
#1625=EDGE_CURVE('',#1353,#1354,#737,.T.);
#1627=EDGE_CURVE('',#1362,#1353,#723,.T.);
#1629=EDGE_CURVE('',#1361,#1362,#708,.T.);
#1631=EDGE_CURVE('',#1349,#1361,#694,.T.);
#1633=EDGE_CURVE('',#1349,#1350,#665,.T.);
#1635=EDGE_CURVE('',#1334,#1350,#179,.T.);
#1639=ADVANCED_FACE('',(#1638),#1607,.T.);
#1645=EDGE_CURVE('',#1433,#1434,#186,.T.);
#1647=EDGE_CURVE('',#1277,#1433,#193,.T.);
#1652=EDGE_CURVE('',#1325,#1334,#214,.T.);
#1655=EDGE_CURVE('',#1290,#1298,#221,.T.);
#1657=EDGE_CURVE('',#1298,#1409,#447,.T.);
#1659=EDGE_CURVE('',#1409,#1417,#228,.T.);
#1661=EDGE_CURVE('',#1417,#1418,#235,.T.);
#1663=EDGE_CURVE('',#1434,#1418,#242,.T.);
#1667=ADVANCED_FACE('',(#1666),#1644,.T.);
#1674=EDGE_CURVE('',#1445,#1434,#263,.T.);
#1676=EDGE_CURVE('',#1445,#1446,#278,.T.);
#1678=EDGE_CURVE('',#1446,#1454,#539,.T.);
#1680=EDGE_CURVE('',#1440,#1454,#932,.T.);
#1682=EDGE_CURVE('',#1433,#1440,#1248,.T.);
#1686=ADVANCED_FACE('',(#1685),#1672,.F.);
#1692=EDGE_CURVE('',#1437,#1438,#581,.T.);
#1694=EDGE_CURVE('',#1437,#1442,#925,.T.);
#1696=EDGE_CURVE('',#1452,#1442,#960,.T.);
#1698=EDGE_CURVE('',#1449,#1452,#381,.T.);
#1700=EDGE_CURVE('',#1449,#1450,#300,.T.);
#1702=EDGE_CURVE('',#1438,#1450,#249,.T.);
#1706=ADVANCED_FACE('',(#1705),#1691,.F.);
#1713=EDGE_CURVE('',#1430,#1450,#314,.T.);
#1715=EDGE_CURVE('',#1430,#1422,#256,.T.);
#1717=EDGE_CURVE('',#1438,#1422,#588,.T.);
#1721=ADVANCED_FACE('',(#1720),#1711,.F.);
#1729=EDGE_CURVE('',#1418,#1428,#270,.T.);
#1731=EDGE_CURVE('',#1428,#1445,#285,.T.);
#1735=ADVANCED_FACE('',(#1734),#1726,.F.);
#1743=EDGE_CURVE('',#1428,#1406,#337,.T.);
#1745=EDGE_CURVE('',#1406,#1446,#292,.T.);
#1749=ADVANCED_FACE('',(#1748),#1740,.F.);
#1756=EDGE_CURVE('',#1404,#1449,#307,.T.);
#1758=EDGE_CURVE('',#1404,#1430,#322,.T.);
#1763=ADVANCED_FACE('',(#1762),#1754,.F.);
#1770=EDGE_CURVE('',#1404,#1398,#329,.T.);
#1772=EDGE_CURVE('',#1397,#1398,#946,.T.);
#1774=EDGE_CURVE('',#1406,#1397,#546,.T.);
#1779=EDGE_CURVE('',#1417,#1426,#344,.T.);
#1781=EDGE_CURVE('',#1402,#1426,#352,.T.);
#1783=EDGE_CURVE('',#1394,#1402,#532,.T.);
#1785=EDGE_CURVE('',#1392,#1394,#476,.T.);
#1787=EDGE_CURVE('',#1392,#1400,#359,.T.);
#1789=EDGE_CURVE('',#1424,#1400,#367,.T.);
#1791=EDGE_CURVE('',#1424,#1421,#374,.T.);
#1793=EDGE_CURVE('',#1421,#1422,#595,.T.);
#1798=ADVANCED_FACE('',(#1797),#1768,.T.);
#1804=EDGE_CURVE('',#1385,#1386,#388,.T.);
#1806=EDGE_CURVE('',#1400,#1386,#553,.T.);
#1809=EDGE_CURVE('',#1385,#1392,#469,.T.);
#1813=ADVANCED_FACE('',(#1812),#1803,.F.);
#1820=EDGE_CURVE('',#1452,#1398,#953,.T.);
#1826=ADVANCED_FACE('',(#1825),#1818,.F.);
#1833=EDGE_CURVE('',#1294,#1385,#395,.T.);
#1835=EDGE_CURVE('',#1293,#1294,#403,.T.);
#1837=EDGE_CURVE('',#1414,#1293,#609,.T.);
#1839=EDGE_CURVE('',#1413,#1414,#410,.T.);
#1841=EDGE_CURVE('',#1413,#1386,#418,.T.);
#1845=ADVANCED_FACE('',(#1844),#1831,.T.);
#1851=EDGE_CURVE('',#1389,#1390,#425,.T.);
#1853=EDGE_CURVE('',#1390,#1410,#433,.T.);
#1855=EDGE_CURVE('',#1409,#1410,#440,.T.);
#1858=EDGE_CURVE('',#1297,#1298,#455,.T.);
#1860=EDGE_CURVE('',#1389,#1297,#462,.T.);
#1864=ADVANCED_FACE('',(#1863),#1850,.T.);
#1872=EDGE_CURVE('',#1389,#1394,#483,.T.);
#1875=EDGE_CURVE('',#1274,#1297,#1255,.T.);
#1878=EDGE_CURVE('',#1273,#1310,#490,.T.);
#1880=EDGE_CURVE('',#1310,#1380,#497,.T.);
#1882=EDGE_CURVE('',#1380,#1382,#504,.T.);
#1884=EDGE_CURVE('',#1382,#1308,#511,.T.);
#1886=EDGE_CURVE('',#1270,#1308,#518,.T.);
#1889=EDGE_CURVE('',#1269,#1294,#525,.T.);
#1894=ADVANCED_FACE('',(#1893),#1869,.T.);
#1903=EDGE_CURVE('',#1402,#1390,#567,.T.);
#1907=ADVANCED_FACE('',(#1906),#1899,.F.);
#1916=EDGE_CURVE('',#1454,#1397,#939,.T.);
#1920=ADVANCED_FACE('',(#1919),#1912,.F.);
#1928=EDGE_CURVE('',#1424,#1413,#560,.T.);
#1933=ADVANCED_FACE('',(#1932),#1925,.F.);
#1941=EDGE_CURVE('',#1426,#1410,#574,.T.);
#1946=ADVANCED_FACE('',(#1945),#1938,.F.);
#1958=ADVANCED_FACE('',(#1957),#1951,.F.);
#1965=EDGE_CURVE('',#1414,#1421,#602,.T.);
#1971=ADVANCED_FACE('',(#1970),#1963,.F.);
#1982=EDGE_CURVE('',#1288,#1293,#658,.T.);
#1985=EDGE_CURVE('',#1330,#1338,#623,.T.);
#1990=EDGE_CURVE('',#1283,#1437,#651,.T.);
#1994=ADVANCED_FACE('',(#1993),#1976,.T.);
#2006=ADVANCED_FACE('',(#2005),#1999,.T.);
#2015=EDGE_CURVE('',#1326,#1350,#686,.T.);
#2019=ADVANCED_FACE('',(#2018),#2011,.F.);
#2026=EDGE_CURVE('',#1329,#1354,#744,.T.);
#2032=ADVANCED_FACE('',(#2031),#2024,.F.);
#2039=EDGE_CURVE('',#1349,#1312,#701,.T.);
#2041=EDGE_CURVE('',#1312,#1310,#672,.T.);
#2048=ADVANCED_FACE('',(#2047),#2037,.T.);
#2055=EDGE_CURVE('',#1361,#1265,#715,.T.);
#2057=EDGE_CURVE('',#1312,#1265,#788,.T.);
#2062=ADVANCED_FACE('',(#2061),#2053,.F.);
#2069=EDGE_CURVE('',#1362,#1266,#730,.T.);
#2071=EDGE_CURVE('',#1265,#1266,#795,.T.);
#2076=ADVANCED_FACE('',(#2075),#2067,.T.);
#2083=EDGE_CURVE('',#1353,#1314,#765,.T.);
#2085=EDGE_CURVE('',#1266,#1314,#803,.T.);
#2090=ADVANCED_FACE('',(#2089),#2081,.F.);
#2100=EDGE_CURVE('',#1308,#1314,#758,.T.);
#2105=ADVANCED_FACE('',(#2104),#2095,.T.);
#2111=EDGE_CURVE('',#1464,#1466,#773,.T.);
#2113=EDGE_CURVE('',#1380,#1466,#780,.T.);
#2122=EDGE_CURVE('',#1382,#1464,#810,.T.);
#2126=ADVANCED_FACE('',(#2125),#2110,.F.);
#2132=EDGE_CURVE('',#1457,#1461,#827,.T.);
#2134=EDGE_CURVE('',#1466,#1457,#855,.T.);
#2137=EDGE_CURVE('',#1461,#1464,#883,.T.);
#2141=ADVANCED_FACE('',(#2140),#2131,.T.);
#2159=EDGE_CURVE('',#1457,#1458,#834,.T.);
#2162=EDGE_CURVE('',#1461,#1462,#876,.T.);
#2164=EDGE_CURVE('',#1458,#1462,#862,.T.);
#2168=ADVANCED_FACE('',(#2167),#2158,.T.);
#2187=EDGE_CURVE('',#1458,#1482,#841,.T.);
#2189=EDGE_CURVE('',#1478,#1482,#848,.T.);
#2191=EDGE_CURVE('',#1478,#1380,#897,.T.);
#2197=ADVANCED_FACE('',(#2196),#2185,.F.);
#2216=EDGE_CURVE('',#1481,#1462,#890,.T.);
#2218=EDGE_CURVE('',#1481,#1482,#869,.T.);
#2223=ADVANCED_FACE('',(#2222),#2214,.F.);
#2244=EDGE_CURVE('',#1382,#1477,#911,.T.);
#2246=EDGE_CURVE('',#1477,#1481,#918,.T.);
#2251=ADVANCED_FACE('',(#2250),#2240,.F.);
#2271=EDGE_CURVE('',#1477,#1478,#904,.T.);
#2276=ADVANCED_FACE('',(#2275),#2268,.T.);
#2300=ADVANCED_FACE('',(#2299),#2293,.F.);
#2321=EDGE_CURVE('',#1284,#1442,#967,.T.);
#2325=ADVANCED_FACE('',(#2324),#2317,.T.);
#2338=EDGE_CURVE('',#1286,#1300,#974,.T.);
#2340=EDGE_CURVE('',#1300,#1364,#981,.T.);
#2342=EDGE_CURVE('',#1366,#1364,#988,.T.);
#2344=EDGE_CURVE('',#1366,#1302,#995,.T.);
#2348=EDGE_CURVE('',#1278,#1440,#1009,.T.);
#2352=ADVANCED_FACE('',(#2351),#2330,.T.);
#2359=EDGE_CURVE('',#1345,#1306,#1023,.T.);
#2361=EDGE_CURVE('',#1306,#1300,#1030,.T.);
#2368=ADVANCED_FACE('',(#2367),#2357,.F.);
#2375=EDGE_CURVE('',#1358,#1262,#1059,.T.);
#2377=EDGE_CURVE('',#1262,#1306,#1118,.T.);
#2382=ADVANCED_FACE('',(#2381),#2373,.F.);
#2389=EDGE_CURVE('',#1357,#1261,#1073,.T.);
#2391=EDGE_CURVE('',#1261,#1262,#1125,.T.);
#2396=ADVANCED_FACE('',(#2395),#2387,.F.);
#2404=EDGE_CURVE('',#1304,#1261,#1133,.T.);
#2409=ADVANCED_FACE('',(#2408),#2401,.F.);
#2415=EDGE_CURVE('',#1366,#1378,#1095,.T.);
#2417=EDGE_CURVE('',#1378,#1376,#1103,.T.);
#2419=EDGE_CURVE('',#1364,#1376,#1110,.T.);
#2430=ADVANCED_FACE('',(#2429),#2414,.T.);
#2436=EDGE_CURVE('',#1369,#1370,#1140,.T.);
#2438=EDGE_CURVE('',#1369,#1378,#1147,.T.);
#2441=EDGE_CURVE('',#1470,#1366,#1203,.T.);
#2443=EDGE_CURVE('',#1470,#1474,#1154,.T.);
#2445=EDGE_CURVE('',#1474,#1370,#1161,.T.);
#2449=ADVANCED_FACE('',(#2448),#2435,.T.);
#2468=EDGE_CURVE('',#1370,#1374,#1168,.T.);
#2470=EDGE_CURVE('',#1373,#1374,#1210,.T.);
#2472=EDGE_CURVE('',#1369,#1373,#1241,.T.);
#2476=ADVANCED_FACE('',(#2475),#2466,.F.);
#2496=EDGE_CURVE('',#1473,#1474,#1175,.T.);
#2498=EDGE_CURVE('',#1374,#1473,#1217,.T.);
#2502=ADVANCED_FACE('',(#2501),#2493,.T.);
#2520=EDGE_CURVE('',#1469,#1470,#1196,.T.);
#2522=EDGE_CURVE('',#1469,#1473,#1182,.T.);
#2528=ADVANCED_FACE('',(#2527),#2519,.T.);
#2547=EDGE_CURVE('',#1364,#1469,#1189,.T.);
#2553=ADVANCED_FACE('',(#2552),#2545,.F.);
#2576=EDGE_CURVE('',#1376,#1373,#1224,.T.);
#2580=ADVANCED_FACE('',(#2579),#2570,.T.);
#2604=ADVANCED_FACE('',(#2603),#2597,.T.);
#2628=ADVANCED_FACE('',(#2627),#2621,.F.);
#2640=ADVANCED_FACE('',(#2639),#2633,.T.);
#2649=(LENGTH_UNIT()NAMED_UNIT(*)SI_UNIT(.MILLI.,.METRE.));
#2650=(NAMED_UNIT(*)PLANE_ANGLE_UNIT()SI_UNIT($,.RADIAN.));
#2653=(NAMED_UNIT(*)SI_UNIT($,.STERADIAN.)SOLID_ANGLE_UNIT());
#2655=(GEOMETRIC_REPRESENTATION_CONTEXT(3)GLOBAL_UNCERTAINTY_ASSIGNED_CONTEXT((
#2654))GLOBAL_UNIT_ASSIGNED_CONTEXT((#2649,#2652,#2653))REPRESENTATION_CONTEXT(
'ID1','3'));
#2659=AXIS2_PLACEMENT_3D('',#2656,#2657,#2658);
#2660=ADVANCED_BREP_SHAPE_REPRESENTATION('',(#2659,#2642),#2655);
#2667=PRODUCT_DEFINITION('part definition','',#2666,#2663);
#2668=PRODUCT_DEFINITION_SHAPE('','SHAPE FOR _1250-1280-000.',#2667);
#2669=SHAPE_ASPECT('','solid data associated with _1250-1280-000',#2668,.F.);
#2670=PROPERTY_DEFINITION('',
'shape for solid data with which properties are associated',#2669);
#2671=SHAPE_REPRESENTATION('',(#2642),#2655);
#2672=SHAPE_DEFINITION_REPRESENTATION(#2670,#2671);
#2673=(LENGTH_UNIT()NAMED_UNIT(*)SI_UNIT(.MILLI.,.METRE.));
#2677=PROPERTY_DEFINITION('geometric validation property',
'area of _1250-1280-000',#2669);
#2678=REPRESENTATION('surface area',(#2676),#2655);
#2679=PROPERTY_DEFINITION_REPRESENTATION(#2677,#2678);
#2680=(LENGTH_UNIT()NAMED_UNIT(*)SI_UNIT(.MILLI.,.METRE.));
#2684=PROPERTY_DEFINITION('geometric validation property',
'volume of _1250-1280-000',#2669);
#2685=REPRESENTATION('volume',(#2683),#2655);
#2686=PROPERTY_DEFINITION_REPRESENTATION(#2684,#2685);
#2688=PROPERTY_DEFINITION('geometric validation property',
'centroid of _1250-1280-000',#2669);
#2689=REPRESENTATION('centroid',(#2687),#2655);
#2690=PROPERTY_DEFINITION_REPRESENTATION(#2688,#2689);
#2691=(LENGTH_UNIT()NAMED_UNIT(*)SI_UNIT(.MILLI.,.METRE.));
#2695=PROPERTY_DEFINITION('geometric validation property',
'area of _1250-1280-000',#2668);
#2696=REPRESENTATION('surface area',(#2694),#2655);
#2697=PROPERTY_DEFINITION_REPRESENTATION(#2695,#2696);
#2698=(LENGTH_UNIT()NAMED_UNIT(*)SI_UNIT(.MILLI.,.METRE.));
#2702=PROPERTY_DEFINITION('geometric validation property',
'volume of _1250-1280-000',#2668);
#2703=REPRESENTATION('volume',(#2701),#2655);
#2704=PROPERTY_DEFINITION_REPRESENTATION(#2702,#2703);
#2706=PROPERTY_DEFINITION('geometric validation property',
'centroid of _1250-1280-000',#2668);
#2707=REPRESENTATION('centroid',(#2705),#2655);
#2708=PROPERTY_DEFINITION_REPRESENTATION(#2706,#2707);
#2709=SHAPE_DEFINITION_REPRESENTATION(#2668,#2660);
#2710=SHAPE_DEFINITION_REPRESENTATION(#2711,#2712);
#2711=PRODUCT_DEFINITION_SHAPE('','SHAPE FOR 1250-1450_ASM.',#4008);
#2712=SHAPE_REPRESENTATION('',(#2722,#3225,#3324,#3975,#3988,#4002),#3998);
#2713=NEXT_ASSEMBLY_USAGE_OCCURRENCE('0','Next assembly relationship',
'\X2\8D347247\X0\-1250-1280-\X2\4E0B\X0\',#4008,#2667,$);
#2714=PRODUCT_DEFINITION_SHAPE('Placement #0',
'Placement of _1250-1280-000 with respect to 1250-1450_ASM',#2713);
#2716=PROPERTY_DEFINITION('geometric validation property',
'centroid of \X2\8D347247\X0\-1250-1280-\X2\4E0B\X0\',#2714);
#2717=REPRESENTATION('centroid',(#2715),#2655);
#2718=PROPERTY_DEFINITION_REPRESENTATION(#2716,#2717);
#2726=COLOUR_RGB('',2.5E-1,2.5E-1,2.4E-1);
#2732=CIRCLE('',#2731,6.25E0);
#2740=CIRCLE('',#2739,6.25E0);
#2748=CIRCLE('',#2747,6.25E0);
#2763=CIRCLE('',#2762,6.25E0);
#2771=CIRCLE('',#2770,6.25E0);
#2786=CIRCLE('',#2785,6.E-1);
#2794=CIRCLE('',#2793,6.E-1);
#2802=CIRCLE('',#2801,6.25E0);
#2817=CIRCLE('',#2816,6.25E0);
#2825=CIRCLE('',#2824,6.25E0);
#2840=CIRCLE('',#2839,1.21212E-1);
#2848=CIRCLE('',#2847,1.21212E-1);
#2856=CIRCLE('',#2855,6.128788E0);
#2864=CIRCLE('',#2863,6.128788E0);
#2872=CIRCLE('',#2871,6.E-1);
#2880=CIRCLE('',#2879,6.E-1);
#2888=CIRCLE('',#2887,6.05E0);
#2896=CIRCLE('',#2895,6.05E0);
#2904=CIRCLE('',#2903,6.05E0);
#2912=CIRCLE('',#2911,3.E-1);
#2920=CIRCLE('',#2919,6.05E0);
#2928=CIRCLE('',#2927,3.E-1);
#2965=EDGE_CURVE('',#2934,#2935,#2732,.T.);
#2967=EDGE_CURVE('',#2935,#2934,#2740,.T.);
#2971=ADVANCED_FACE('',(#2970),#2964,.F.);
#2977=EDGE_CURVE('',#2946,#2947,#2748,.T.);
#2979=EDGE_CURVE('',#2946,#2939,#2755,.T.);
#2981=EDGE_CURVE('',#2938,#2939,#2763,.T.);
#2983=EDGE_CURVE('',#2947,#2938,#2809,.T.);
#2987=ADVANCED_FACE('',(#2986),#2976,.T.);
#2993=EDGE_CURVE('',#2954,#2955,#2771,.T.);
#2995=EDGE_CURVE('',#2935,#2954,#2832,.T.);
#2998=EDGE_CURVE('',#2934,#2955,#2778,.T.);
#3002=ADVANCED_FACE('',(#3001),#2992,.T.);
#3009=EDGE_CURVE('',#2947,#2951,#2794,.T.);
#3011=EDGE_CURVE('',#2950,#2951,#2888,.T.);
#3013=EDGE_CURVE('',#2946,#2950,#2786,.T.);
#3017=ADVANCED_FACE('',(#3016),#3007,.T.);
#3023=EDGE_CURVE('',#2947,#2946,#2802,.T.);
#3026=EDGE_CURVE('',#2951,#2950,#2904,.T.);
#3031=ADVANCED_FACE('',(#3030),#3022,.T.);
#3039=EDGE_CURVE('',#2939,#2938,#2817,.T.);
#3044=ADVANCED_FACE('',(#3043),#3036,.T.);
#3050=EDGE_CURVE('',#2955,#2954,#2825,.T.);
#3057=ADVANCED_FACE('',(#3056),#3049,.T.);
#3064=EDGE_CURVE('',#2938,#2942,#2848,.T.);
#3066=EDGE_CURVE('',#2943,#2942,#2864,.T.);
#3068=EDGE_CURVE('',#2939,#2943,#2840,.T.);
#3072=ADVANCED_FACE('',(#3071),#3062,.T.);
#3080=EDGE_CURVE('',#2942,#2943,#2856,.T.);
#3085=ADVANCED_FACE('',(#3084),#3077,.T.);
#3095=ADVANCED_FACE('',(#3094),#3090,.T.);
#3102=EDGE_CURVE('',#2954,#2958,#2880,.T.);
#3104=EDGE_CURVE('',#2959,#2958,#2920,.T.);
#3106=EDGE_CURVE('',#2955,#2959,#2872,.T.);
#3110=ADVANCED_FACE('',(#3109),#3100,.T.);
#3118=EDGE_CURVE('',#2958,#2959,#2896,.T.);
#3123=ADVANCED_FACE('',(#3122),#3115,.T.);
#3130=EDGE_CURVE('',#2958,#2951,#2928,.T.);
#3133=EDGE_CURVE('',#2959,#2950,#2912,.T.);
#3137=ADVANCED_FACE('',(#3136),#3128,.F.);
#3149=ADVANCED_FACE('',(#3148),#3142,.F.);
#3158=(LENGTH_UNIT()NAMED_UNIT(*)SI_UNIT(.MILLI.,.METRE.));
#3159=(NAMED_UNIT(*)PLANE_ANGLE_UNIT()SI_UNIT($,.RADIAN.));
#3162=(NAMED_UNIT(*)SI_UNIT($,.STERADIAN.)SOLID_ANGLE_UNIT());
#3164=(GEOMETRIC_REPRESENTATION_CONTEXT(3)GLOBAL_UNCERTAINTY_ASSIGNED_CONTEXT((
#3163))GLOBAL_UNIT_ASSIGNED_CONTEXT((#3158,#3161,#3162))REPRESENTATION_CONTEXT(
'ID2','3'));
#3168=AXIS2_PLACEMENT_3D('',#3165,#3166,#3167);
#3169=ADVANCED_BREP_SHAPE_REPRESENTATION('',(#3168,#3151),#3164);
#3173=PRODUCT_DEFINITION('part definition','',#3172,#2663);
#3174=PRODUCT_DEFINITION_SHAPE('','SHAPE FOR _1250-1280-000.',#3173);
#3175=SHAPE_ASPECT('','solid data associated with _1250-1280-000',#3174,.F.);
#3176=PROPERTY_DEFINITION('',
'shape for solid data with which properties are associated',#3175);
#3177=SHAPE_REPRESENTATION('',(#3151),#3164);
#3178=SHAPE_DEFINITION_REPRESENTATION(#3176,#3177);
#3179=(LENGTH_UNIT()NAMED_UNIT(*)SI_UNIT(.MILLI.,.METRE.));
#3183=PROPERTY_DEFINITION('geometric validation property',
'area of _1250-1280-000',#3175);
#3184=REPRESENTATION('surface area',(#3182),#3164);
#3185=PROPERTY_DEFINITION_REPRESENTATION(#3183,#3184);
#3186=(LENGTH_UNIT()NAMED_UNIT(*)SI_UNIT(.MILLI.,.METRE.));
#3190=PROPERTY_DEFINITION('geometric validation property',
'volume of _1250-1280-000',#3175);
#3191=REPRESENTATION('volume',(#3189),#3164);
#3192=PROPERTY_DEFINITION_REPRESENTATION(#3190,#3191);
#3194=PROPERTY_DEFINITION('geometric validation property',
'centroid of _1250-1280-000',#3175);
#3195=REPRESENTATION('centroid',(#3193),#3164);
#3196=PROPERTY_DEFINITION_REPRESENTATION(#3194,#3195);
#3197=(LENGTH_UNIT()NAMED_UNIT(*)SI_UNIT(.MILLI.,.METRE.));
#3201=PROPERTY_DEFINITION('geometric validation property',
'area of _1250-1280-000',#3174);
#3202=REPRESENTATION('surface area',(#3200),#3164);
#3203=PROPERTY_DEFINITION_REPRESENTATION(#3201,#3202);
#3204=(LENGTH_UNIT()NAMED_UNIT(*)SI_UNIT(.MILLI.,.METRE.));
#3208=PROPERTY_DEFINITION('geometric validation property',
'volume of _1250-1280-000',#3174);
#3209=REPRESENTATION('volume',(#3207),#3164);
#3210=PROPERTY_DEFINITION_REPRESENTATION(#3208,#3209);
#3212=PROPERTY_DEFINITION('geometric validation property',
'centroid of _1250-1280-000',#3174);
#3213=REPRESENTATION('centroid',(#3211),#3164);
#3214=PROPERTY_DEFINITION_REPRESENTATION(#3212,#3213);
#3215=SHAPE_DEFINITION_REPRESENTATION(#3174,#3169);
#3216=NEXT_ASSEMBLY_USAGE_OCCURRENCE('1','Next assembly relationship',
'\X2\8D347247\X0\-1250-1280-\X2\4E0A\X0\',#4008,#3173,$);
#3217=PRODUCT_DEFINITION_SHAPE('Placement #1',
'Placement of _1250-1280-000 with respect to 1250-1450_ASM',#3216);
#3219=PROPERTY_DEFINITION('geometric validation property',
'centroid of \X2\8D347247\X0\-1250-1280-\X2\4E0A\X0\',#3217);
#3220=REPRESENTATION('centroid',(#3218),#3164);
#3221=PROPERTY_DEFINITION_REPRESENTATION(#3219,#3220);
#3229=COLOUR_RGB('',1.6E-1,1.7E-1,1.8E-1);
#3234=CIRCLE('',#3233,6.25E0);
#3243=CIRCLE('',#3242,6.25E0);
#3261=EDGE_CURVE('',#3251,#3250,#3234,.T.);
#3263=EDGE_CURVE('',#3250,#3254,#3238,.T.);
#3265=EDGE_CURVE('',#3254,#3255,#3243,.T.);
#3267=EDGE_CURVE('',#3255,#3251,#3247,.T.);
#3271=ADVANCED_FACE('',(#3270),#3260,.T.);
#3282=(LENGTH_UNIT()NAMED_UNIT(*)SI_UNIT(.MILLI.,.METRE.));
#3283=(NAMED_UNIT(*)PLANE_ANGLE_UNIT()SI_UNIT($,.RADIAN.));
#3286=(NAMED_UNIT(*)SI_UNIT($,.STERADIAN.)SOLID_ANGLE_UNIT());
#3288=(GEOMETRIC_REPRESENTATION_CONTEXT(3)GLOBAL_UNCERTAINTY_ASSIGNED_CONTEXT((
#3287))GLOBAL_UNIT_ASSIGNED_CONTEXT((#3282,#3285,#3286))REPRESENTATION_CONTEXT(
'ID3','3'));
#3292=AXIS2_PLACEMENT_3D('',#3289,#3290,#3291);
#3293=MANIFOLD_SURFACE_SHAPE_REPRESENTATION('',(#3292,#3280),#3288);
#3298=PRODUCT_DEFINITION('part definition','',#3297,#3294);
#3299=PRODUCT_DEFINITION_SHAPE('','SHAPE FOR FJB.',#3298);
#3300=SHAPE_ASPECT('','surface data associated with FJB',#3299,.F.);
#3301=PROPERTY_DEFINITION('',
'shape for surface data with which properties are associated',#3300);
#3302=SHAPE_REPRESENTATION('',(#3280),#3288);
#3303=SHAPE_DEFINITION_REPRESENTATION(#3301,#3302);
#3304=(LENGTH_UNIT()NAMED_UNIT(*)SI_UNIT(.MILLI.,.METRE.));
#3308=PROPERTY_DEFINITION('geometric validation property','area of FJB',#3300);
#3309=REPRESENTATION('surface area',(#3307),#3288);
#3310=PROPERTY_DEFINITION_REPRESENTATION(#3308,#3309);
#3311=(LENGTH_UNIT()NAMED_UNIT(*)SI_UNIT(.MILLI.,.METRE.));
#3315=PROPERTY_DEFINITION('geometric validation property','area of FJB',#3299);
#3316=REPRESENTATION('surface area',(#3314),#3288);
#3317=PROPERTY_DEFINITION_REPRESENTATION(#3315,#3316);
#3318=SHAPE_DEFINITION_REPRESENTATION(#3299,#3293);
#3319=NEXT_ASSEMBLY_USAGE_OCCURRENCE('2','Next assembly relationship','FJB',
#4008,#3298,$);
#3320=PRODUCT_DEFINITION_SHAPE('Placement #2',
'Placement of FJB with respect to 1250-1450_ASM',#3319);
#3332=CIRCLE('',#3331,7.215E-1);
#3341=CIRCLE('',#3340,7.215E-1);
#3350=CIRCLE('',#3349,7.215E-1);
#3359=CIRCLE('',#3358,7.215E-1);
#3372=CIRCLE('',#3371,4.3875E-1);
#3381=CIRCLE('',#3380,4.3875E-1);
#3390=CIRCLE('',#3389,4.3875E-1);
#3399=CIRCLE('',#3398,4.3875E-1);
#3436=CIRCLE('',#3435,7.215E-1);
#3445=CIRCLE('',#3444,7.215E-1);
#3454=CIRCLE('',#3453,7.215E-1);
#3463=CIRCLE('',#3462,7.215E-1);
#3476=CIRCLE('',#3475,4.3875E-1);
#3485=CIRCLE('',#3484,4.3875E-1);
#3494=CIRCLE('',#3493,4.3875E-1);
#3503=CIRCLE('',#3502,4.3875E-1);
#3605=EDGE_CURVE('',#3538,#3539,#3332,.T.);
#3607=EDGE_CURVE('',#3539,#3541,#3336,.T.);
#3609=EDGE_CURVE('',#3541,#3543,#3341,.T.);
#3611=EDGE_CURVE('',#3543,#3545,#3345,.T.);
#3613=EDGE_CURVE('',#3545,#3547,#3350,.T.);
#3615=EDGE_CURVE('',#3547,#3549,#3354,.T.);
#3617=EDGE_CURVE('',#3549,#3551,#3359,.T.);
#3619=EDGE_CURVE('',#3551,#3538,#3363,.T.);
#3623=EDGE_CURVE('',#3554,#3555,#3367,.T.);
#3625=EDGE_CURVE('',#3555,#3557,#3372,.T.);
#3627=EDGE_CURVE('',#3557,#3559,#3376,.T.);
#3629=EDGE_CURVE('',#3559,#3561,#3381,.T.);
#3631=EDGE_CURVE('',#3561,#3563,#3385,.T.);
#3633=EDGE_CURVE('',#3563,#3565,#3390,.T.);
#3635=EDGE_CURVE('',#3565,#3567,#3394,.T.);
#3637=EDGE_CURVE('',#3567,#3554,#3399,.T.);
#3641=ADVANCED_FACE('',(#3622,#3640),#3604,.F.);
#3655=EDGE_CURVE('',#3538,#3570,#3403,.T.);
#3657=EDGE_CURVE('',#3570,#3571,#3436,.T.);
#3659=EDGE_CURVE('',#3539,#3571,#3431,.T.);
#3663=ADVANCED_FACE('',(#3662),#3653,.T.);
#3670=EDGE_CURVE('',#3551,#3583,#3407,.T.);
#3672=EDGE_CURVE('',#3583,#3570,#3440,.T.);
#3677=ADVANCED_FACE('',(#3676),#3668,.T.);
#3684=EDGE_CURVE('',#3549,#3581,#3411,.T.);
#3686=EDGE_CURVE('',#3581,#3583,#3445,.T.);
#3691=ADVANCED_FACE('',(#3690),#3682,.T.);
#3698=EDGE_CURVE('',#3547,#3579,#3415,.T.);
#3700=EDGE_CURVE('',#3579,#3581,#3449,.T.);
#3705=ADVANCED_FACE('',(#3704),#3696,.T.);
#3712=EDGE_CURVE('',#3545,#3577,#3419,.T.);
#3714=EDGE_CURVE('',#3577,#3579,#3454,.T.);
#3719=ADVANCED_FACE('',(#3718),#3710,.T.);
#3726=EDGE_CURVE('',#3543,#3575,#3423,.T.);
#3728=EDGE_CURVE('',#3575,#3577,#3458,.T.);
#3733=ADVANCED_FACE('',(#3732),#3724,.T.);
#3740=EDGE_CURVE('',#3541,#3573,#3427,.T.);
#3742=EDGE_CURVE('',#3573,#3575,#3463,.T.);
#3747=ADVANCED_FACE('',(#3746),#3738,.T.);
#3755=EDGE_CURVE('',#3571,#3573,#3467,.T.);
#3760=ADVANCED_FACE('',(#3759),#3752,.T.);
#3776=EDGE_CURVE('',#3586,#3587,#3471,.T.);
#3778=EDGE_CURVE('',#3599,#3586,#3476,.T.);
#3780=EDGE_CURVE('',#3597,#3599,#3480,.T.);
#3782=EDGE_CURVE('',#3595,#3597,#3485,.T.);
#3784=EDGE_CURVE('',#3593,#3595,#3489,.T.);
#3786=EDGE_CURVE('',#3591,#3593,#3494,.T.);
#3788=EDGE_CURVE('',#3589,#3591,#3498,.T.);
#3790=EDGE_CURVE('',#3587,#3589,#3503,.T.);
#3794=ADVANCED_FACE('',(#3775,#3793),#3765,.T.);
#3808=EDGE_CURVE('',#3554,#3586,#3507,.T.);
#3811=EDGE_CURVE('',#3555,#3587,#3535,.T.);
#3815=ADVANCED_FACE('',(#3814),#3806,.T.);
#3822=EDGE_CURVE('',#3567,#3599,#3511,.T.);
#3828=ADVANCED_FACE('',(#3827),#3820,.F.);
#3835=EDGE_CURVE('',#3565,#3597,#3515,.T.);
#3841=ADVANCED_FACE('',(#3840),#3833,.T.);
#3848=EDGE_CURVE('',#3563,#3595,#3519,.T.);
#3854=ADVANCED_FACE('',(#3853),#3846,.F.);
#3861=EDGE_CURVE('',#3561,#3593,#3523,.T.);
#3867=ADVANCED_FACE('',(#3866),#3859,.T.);
#3874=EDGE_CURVE('',#3559,#3591,#3527,.T.);
#3880=ADVANCED_FACE('',(#3879),#3872,.F.);
#3887=EDGE_CURVE('',#3557,#3589,#3531,.T.);
#3893=ADVANCED_FACE('',(#3892),#3885,.T.);
#3905=ADVANCED_FACE('',(#3904),#3898,.F.);
#3908=(LENGTH_UNIT()NAMED_UNIT(*)SI_UNIT(.MILLI.,.METRE.));
#3909=(NAMED_UNIT(*)PLANE_ANGLE_UNIT()SI_UNIT($,.RADIAN.));
#3912=(NAMED_UNIT(*)SI_UNIT($,.STERADIAN.)SOLID_ANGLE_UNIT());
#3914=(GEOMETRIC_REPRESENTATION_CONTEXT(3)GLOBAL_UNCERTAINTY_ASSIGNED_CONTEXT((
#3913))GLOBAL_UNIT_ASSIGNED_CONTEXT((#3908,#3911,#3912))REPRESENTATION_CONTEXT(
'ID4','3'));
#3918=AXIS2_PLACEMENT_3D('',#3915,#3916,#3917);
#3919=ADVANCED_BREP_SHAPE_REPRESENTATION('',(#3918,#3907),#3914);
#3923=PRODUCT_DEFINITION('part definition','',#3922,#3294);
#3924=PRODUCT_DEFINITION_SHAPE('','SHAPE FOR YUAN06300770.',#3923);
#3925=SHAPE_ASPECT('','solid data associated with YUAN06300770',#3924,.F.);
#3926=PROPERTY_DEFINITION('',
'shape for solid data with which properties are associated',#3925);
#3927=SHAPE_REPRESENTATION('',(#3907),#3914);
#3928=SHAPE_DEFINITION_REPRESENTATION(#3926,#3927);
#3929=(LENGTH_UNIT()NAMED_UNIT(*)SI_UNIT(.MILLI.,.METRE.));
#3933=PROPERTY_DEFINITION('geometric validation property',
'area of YUAN06300770',#3925);
#3934=REPRESENTATION('surface area',(#3932),#3914);
#3935=PROPERTY_DEFINITION_REPRESENTATION(#3933,#3934);
#3936=(LENGTH_UNIT()NAMED_UNIT(*)SI_UNIT(.MILLI.,.METRE.));
#3940=PROPERTY_DEFINITION('geometric validation property',
'volume of YUAN06300770',#3925);
#3941=REPRESENTATION('volume',(#3939),#3914);
#3942=PROPERTY_DEFINITION_REPRESENTATION(#3940,#3941);
#3944=PROPERTY_DEFINITION('geometric validation property',
'centroid of YUAN06300770',#3925);
#3945=REPRESENTATION('centroid',(#3943),#3914);
#3946=PROPERTY_DEFINITION_REPRESENTATION(#3944,#3945);
#3947=(LENGTH_UNIT()NAMED_UNIT(*)SI_UNIT(.MILLI.,.METRE.));
#3951=PROPERTY_DEFINITION('geometric validation property',
'area of YUAN06300770',#3924);
#3952=REPRESENTATION('surface area',(#3950),#3914);
#3953=PROPERTY_DEFINITION_REPRESENTATION(#3951,#3952);
#3954=(LENGTH_UNIT()NAMED_UNIT(*)SI_UNIT(.MILLI.,.METRE.));
#3958=PROPERTY_DEFINITION('geometric validation property',
'volume of YUAN06300770',#3924);
#3959=REPRESENTATION('volume',(#3957),#3914);
#3960=PROPERTY_DEFINITION_REPRESENTATION(#3958,#3959);
#3962=PROPERTY_DEFINITION('geometric validation property',
'centroid of YUAN06300770',#3924);
#3963=REPRESENTATION('centroid',(#3961),#3914);
#3964=PROPERTY_DEFINITION_REPRESENTATION(#3962,#3963);
#3965=SHAPE_DEFINITION_REPRESENTATION(#3924,#3919);
#3966=NEXT_ASSEMBLY_USAGE_OCCURRENCE('3','Next assembly relationship',
'YUAN06300770',#4008,#3923,$);
#3967=PRODUCT_DEFINITION_SHAPE('Placement #3',
'Placement of YUAN06300770 with respect to 1250-1450_ASM',#3966);
#3969=PROPERTY_DEFINITION('geometric validation property',
'centroid of YUAN06300770',#3967);
#3970=REPRESENTATION('centroid',(#3968),#3914);
#3971=PROPERTY_DEFINITION_REPRESENTATION(#3969,#3970);
#3979=NEXT_ASSEMBLY_USAGE_OCCURRENCE('4','Next assembly relationship',
'YUAN06300770',#4008,#3923,$);
#3980=PRODUCT_DEFINITION_SHAPE('Placement #4',
'Placement of YUAN06300770 with respect to 1250-1450_ASM',#3979);
#3982=PROPERTY_DEFINITION('geometric validation property',
'centroid of YUAN06300770',#3980);
#3983=REPRESENTATION('centroid',(#3981),#3914);
#3984=PROPERTY_DEFINITION_REPRESENTATION(#3982,#3983);
#3992=(LENGTH_UNIT()NAMED_UNIT(*)SI_UNIT(.MILLI.,.METRE.));
#3993=(NAMED_UNIT(*)PLANE_ANGLE_UNIT()SI_UNIT($,.RADIAN.));
#3996=(NAMED_UNIT(*)SI_UNIT($,.STERADIAN.)SOLID_ANGLE_UNIT());
#3998=(GEOMETRIC_REPRESENTATION_CONTEXT(3)GLOBAL_UNCERTAINTY_ASSIGNED_CONTEXT((
#3997))GLOBAL_UNIT_ASSIGNED_CONTEXT((#3992,#3995,#3996))REPRESENTATION_CONTEXT(
'ID5','3'));
#4002=AXIS2_PLACEMENT_3D('',#3999,#4000,#4001);
#4008=PRODUCT_DEFINITION('part definition','',#4007,#4004);
#4009=(LENGTH_UNIT()NAMED_UNIT(*)SI_UNIT(.MILLI.,.METRE.));
#4013=PROPERTY_DEFINITION('geometric validation property',
'area of 1250-1450_ASM',#2711);
#4014=REPRESENTATION('surface area',(#4012),#3998);
#4015=PROPERTY_DEFINITION_REPRESENTATION(#4013,#4014);
#4016=(LENGTH_UNIT()NAMED_UNIT(*)SI_UNIT(.MILLI.,.METRE.));
#4020=PROPERTY_DEFINITION('geometric validation property',
'volume of 1250-1450_ASM',#2711);
#4021=REPRESENTATION('volume',(#4019),#3998);
#4022=PROPERTY_DEFINITION_REPRESENTATION(#4020,#4021);
#4024=PROPERTY_DEFINITION('geometric validation property',
'centroid of 1250-1450_ASM',#2711);
#4025=REPRESENTATION('centroid',(#4023),#3998);
#4026=PROPERTY_DEFINITION_REPRESENTATION(#4024,#4025);
ENDSEC;
END-ISO-10303-21;
