ISO-10303-21;
HEADER;
FILE_DESCRIPTION((''),'2;1');
FILE_NAME('63586358_ASM','2026-01-08T08:36:55',('Administrator'),(''),
'CREO PARAMETRIC BY PTC INC, 2018100','CREO PARAMETRIC BY PTC INC, 2018100','');
FILE_SCHEMA(('AUTOMOTIVE_DESIGN { 1 0 10303 214 1 1 1 1 }'));
ENDSEC;
DATA;
#21=DIRECTION('',(0.E0,-1.E0,0.E0));
#22=VECTOR('',#21,2.8E0);
#23=CARTESIAN_POINT('',(0.E0,3.3E0,2.26514925E0));
#24=LINE('',#23,#22);
#25=DRAUGHTING_PRE_DEFINED_CURVE_FONT('continuous');
#26=CURVE_STYLE('',#25,POSITIVE_LENGTH_MEASURE(2.E-2),#18);
#27=PRESENTATION_STYLE_ASSIGNMENT((#26));
#28=STYLED_ITEM('',(#27),#24);
#29=DIRECTION('',(0.E0,0.E0,1.E0));
#30=VECTOR('',#29,1.48488E-1);
#31=CARTESIAN_POINT('',(0.E0,3.3E0,2.26514925E0));
#32=LINE('',#31,#30);
#33=CURVE_STYLE('',#25,POSITIVE_LENGTH_MEASURE(2.E-2),#18);
#34=PRESENTATION_STYLE_ASSIGNMENT((#33));
#35=STYLED_ITEM('',(#34),#32);
#36=DIRECTION('',(0.E0,-7.071067811865E-1,7.071067811865E-1));
#37=VECTOR('',#36,1.253506222232E0);
#38=CARTESIAN_POINT('',(0.E0,3.3E0,2.41363725E0));
#39=LINE('',#38,#37);
#40=CURVE_STYLE('',#25,POSITIVE_LENGTH_MEASURE(2.E-2),#18);
#41=PRESENTATION_STYLE_ASSIGNMENT((#40));
#42=STYLED_ITEM('',(#41),#39);
#43=DIRECTION('',(0.E0,-1.E0,0.E0));
#44=VECTOR('',#43,1.91363725E0);
#45=CARTESIAN_POINT('',(0.E0,2.41363725E0,3.3E0));
#46=LINE('',#45,#44);
#47=CURVE_STYLE('',#25,POSITIVE_LENGTH_MEASURE(2.E-2),#18);
#48=PRESENTATION_STYLE_ASSIGNMENT((#47));
#49=STYLED_ITEM('',(#48),#46);
#50=DIRECTION('',(0.E0,-1.E0,0.E0));
#51=VECTOR('',#50,2.8E0);
#52=CARTESIAN_POINT('',(0.E0,-5.E-1,2.26514925E0));
#53=LINE('',#52,#51);
#54=CURVE_STYLE('',#25,POSITIVE_LENGTH_MEASURE(2.E-2),#18);
#55=PRESENTATION_STYLE_ASSIGNMENT((#54));
#56=STYLED_ITEM('',(#55),#53);
#57=DIRECTION('',(0.E0,-1.E0,0.E0));
#58=VECTOR('',#57,1.91363725E0);
#59=CARTESIAN_POINT('',(0.E0,-5.E-1,3.3E0));
#60=LINE('',#59,#58);
#61=CURVE_STYLE('',#25,POSITIVE_LENGTH_MEASURE(2.E-2),#18);
#62=PRESENTATION_STYLE_ASSIGNMENT((#61));
#63=STYLED_ITEM('',(#62),#60);
#64=DIRECTION('',(0.E0,7.071067811865E-1,7.071067811865E-1));
#65=VECTOR('',#64,1.253506222232E0);
#66=CARTESIAN_POINT('',(0.E0,-3.3E0,2.41363725E0));
#67=LINE('',#66,#65);
#68=CURVE_STYLE('',#25,POSITIVE_LENGTH_MEASURE(2.E-2),#18);
#69=PRESENTATION_STYLE_ASSIGNMENT((#68));
#70=STYLED_ITEM('',(#69),#67);
#71=DIRECTION('',(0.E0,-1.E0,0.E0));
#72=VECTOR('',#71,2.8E0);
#73=CARTESIAN_POINT('',(0.E0,3.3E0,-2.26514925E0));
#74=LINE('',#73,#72);
#75=CURVE_STYLE('',#25,POSITIVE_LENGTH_MEASURE(2.E-2),#18);
#76=PRESENTATION_STYLE_ASSIGNMENT((#75));
#77=STYLED_ITEM('',(#76),#74);
#78=DIRECTION('',(0.E0,1.E0,0.E0));
#79=VECTOR('',#78,2.452778125E0);
#80=CARTESIAN_POINT('',(0.E0,5.E-1,-3.3E0));
#81=LINE('',#80,#79);
#82=CURVE_STYLE('',#25,POSITIVE_LENGTH_MEASURE(2.E-2),#18);
#83=PRESENTATION_STYLE_ASSIGNMENT((#82));
#84=STYLED_ITEM('',(#83),#81);
#85=CARTESIAN_POINT('',(0.E0,2.952778125E0,-2.952778125E0));
#86=DIRECTION('',(1.E0,0.E0,0.E0));
#87=DIRECTION('',(0.E0,-1.023182562677E-14,-1.E0));
#88=AXIS2_PLACEMENT_3D('',#85,#86,#87);
#90=CURVE_STYLE('',#25,POSITIVE_LENGTH_MEASURE(2.E-2),#18);
#91=PRESENTATION_STYLE_ASSIGNMENT((#90));
#92=STYLED_ITEM('',(#91),#89);
#93=DIRECTION('',(0.E0,0.E0,1.E0));
#94=VECTOR('',#93,6.87628875E-1);
#95=CARTESIAN_POINT('',(0.E0,3.3E0,-2.952778125E0));
#96=LINE('',#95,#94);
#97=CURVE_STYLE('',#25,POSITIVE_LENGTH_MEASURE(2.E-2),#18);
#98=PRESENTATION_STYLE_ASSIGNMENT((#97));
#99=STYLED_ITEM('',(#98),#96);
#100=DIRECTION('',(0.E0,-1.E0,0.E0));
#101=VECTOR('',#100,2.8E0);
#102=CARTESIAN_POINT('',(0.E0,-5.E-1,-2.26514925E0));
#103=LINE('',#102,#101);
#104=CURVE_STYLE('',#25,POSITIVE_LENGTH_MEASURE(2.E-2),#18);
#105=PRESENTATION_STYLE_ASSIGNMENT((#104));
#106=STYLED_ITEM('',(#105),#103);
#107=CARTESIAN_POINT('',(0.E0,-2.952778125E0,-2.952778125E0));
#108=DIRECTION('',(1.E0,0.E0,0.E0));
#109=DIRECTION('',(0.E0,-1.E0,0.E0));
#110=AXIS2_PLACEMENT_3D('',#107,#108,#109);
#112=CURVE_STYLE('',#25,POSITIVE_LENGTH_MEASURE(2.E-2),#18);
#113=PRESENTATION_STYLE_ASSIGNMENT((#112));
#114=STYLED_ITEM('',(#113),#111);
#115=DIRECTION('',(0.E0,1.E0,0.E0));
#116=VECTOR('',#115,2.452778125E0);
#117=CARTESIAN_POINT('',(0.E0,-2.952778125E0,-3.3E0));
#118=LINE('',#117,#116);
#119=CURVE_STYLE('',#25,POSITIVE_LENGTH_MEASURE(2.E-2),#18);
#120=PRESENTATION_STYLE_ASSIGNMENT((#119));
#121=STYLED_ITEM('',(#120),#118);
#122=CARTESIAN_POINT('',(0.E0,-2.412876375E0,2.437497562500E0));
#123=DIRECTION('',(-1.E0,0.E0,0.E0));
#124=DIRECTION('',(0.E0,0.E0,-1.E0));
#125=AXIS2_PLACEMENT_3D('',#122,#123,#124);
#127=CURVE_STYLE('',#25,POSITIVE_LENGTH_MEASURE(2.E-2),#18);
#128=PRESENTATION_STYLE_ASSIGNMENT((#127));
#129=STYLED_ITEM('',(#128),#126);
#130=CARTESIAN_POINT('',(0.E0,-2.412876375E0,2.437497562500E0));
#131=DIRECTION('',(-1.E0,0.E0,0.E0));
#132=DIRECTION('',(0.E0,0.E0,1.E0));
#133=AXIS2_PLACEMENT_3D('',#130,#131,#132);
#135=CURVE_STYLE('',#25,POSITIVE_LENGTH_MEASURE(2.E-2),#18);
#136=PRESENTATION_STYLE_ASSIGNMENT((#135));
#137=STYLED_ITEM('',(#136),#134);
#138=CARTESIAN_POINT('',(0.E0,-2.412876375E0,-2.437497562500E0));
#139=DIRECTION('',(-1.E0,0.E0,0.E0));
#140=DIRECTION('',(0.E0,0.E0,-1.E0));
#141=AXIS2_PLACEMENT_3D('',#138,#139,#140);
#143=CURVE_STYLE('',#25,POSITIVE_LENGTH_MEASURE(2.E-2),#18);
#144=PRESENTATION_STYLE_ASSIGNMENT((#143));
#145=STYLED_ITEM('',(#144),#142);
#146=CARTESIAN_POINT('',(0.E0,-2.412876375E0,-2.437497562500E0));
#147=DIRECTION('',(-1.E0,0.E0,0.E0));
#148=DIRECTION('',(0.E0,0.E0,1.E0));
#149=AXIS2_PLACEMENT_3D('',#146,#147,#148);
#151=CURVE_STYLE('',#25,POSITIVE_LENGTH_MEASURE(2.E-2),#18);
#152=PRESENTATION_STYLE_ASSIGNMENT((#151));
#153=STYLED_ITEM('',(#152),#150);
#154=CARTESIAN_POINT('',(0.E0,2.412876375E0,-2.437497562500E0));
#155=DIRECTION('',(-1.E0,0.E0,0.E0));
#156=DIRECTION('',(0.E0,0.E0,-1.E0));
#157=AXIS2_PLACEMENT_3D('',#154,#155,#156);
#159=CURVE_STYLE('',#25,POSITIVE_LENGTH_MEASURE(2.E-2),#18);
#160=PRESENTATION_STYLE_ASSIGNMENT((#159));
#161=STYLED_ITEM('',(#160),#158);
#162=CARTESIAN_POINT('',(0.E0,2.412876375E0,-2.437497562500E0));
#163=DIRECTION('',(-1.E0,0.E0,0.E0));
#164=DIRECTION('',(0.E0,0.E0,1.E0));
#165=AXIS2_PLACEMENT_3D('',#162,#163,#164);
#167=CURVE_STYLE('',#25,POSITIVE_LENGTH_MEASURE(2.E-2),#18);
#168=PRESENTATION_STYLE_ASSIGNMENT((#167));
#169=STYLED_ITEM('',(#168),#166);
#170=CARTESIAN_POINT('',(0.E0,2.412876375E0,2.437497562500E0));
#171=DIRECTION('',(-1.E0,0.E0,0.E0));
#172=DIRECTION('',(0.E0,0.E0,-1.E0));
#173=AXIS2_PLACEMENT_3D('',#170,#171,#172);
#175=CURVE_STYLE('',#25,POSITIVE_LENGTH_MEASURE(2.E-2),#18);
#176=PRESENTATION_STYLE_ASSIGNMENT((#175));
#177=STYLED_ITEM('',(#176),#174);
#178=CARTESIAN_POINT('',(0.E0,2.412876375E0,2.437497562500E0));
#179=DIRECTION('',(-1.E0,0.E0,0.E0));
#180=DIRECTION('',(0.E0,0.E0,1.E0));
#181=AXIS2_PLACEMENT_3D('',#178,#179,#180);
#183=CURVE_STYLE('',#25,POSITIVE_LENGTH_MEASURE(2.E-2),#18);
#184=PRESENTATION_STYLE_ASSIGNMENT((#183));
#185=STYLED_ITEM('',(#184),#182);
#186=DIRECTION('',(0.E0,0.E0,1.E0));
#187=VECTOR('',#186,7.7514925E-1);
#188=CARTESIAN_POINT('',(1.E-1,5.E-1,1.49E0));
#189=LINE('',#188,#187);
#190=CURVE_STYLE('',#25,POSITIVE_LENGTH_MEASURE(2.E-2),#18);
#191=PRESENTATION_STYLE_ASSIGNMENT((#190));
#192=STYLED_ITEM('',(#191),#189);
#193=DIRECTION('',(1.E0,0.E0,0.E0));
#194=VECTOR('',#193,1.E-1);
#195=CARTESIAN_POINT('',(0.E0,5.E-1,2.26514925E0));
#196=LINE('',#195,#194);
#197=CURVE_STYLE('',#25,POSITIVE_LENGTH_MEASURE(2.E-2),#18);
#198=PRESENTATION_STYLE_ASSIGNMENT((#197));
#199=STYLED_ITEM('',(#198),#196);
#200=DIRECTION('',(0.E0,0.E0,1.E0));
#201=VECTOR('',#200,1.03485075E0);
#202=CARTESIAN_POINT('',(0.E0,5.E-1,2.26514925E0));
#203=LINE('',#202,#201);
#204=CURVE_STYLE('',#25,POSITIVE_LENGTH_MEASURE(2.E-2),#18);
#205=PRESENTATION_STYLE_ASSIGNMENT((#204));
#206=STYLED_ITEM('',(#205),#203);
#207=DIRECTION('',(0.E0,0.E0,-1.E0));
#208=VECTOR('',#207,1.81E0);
#209=CARTESIAN_POINT('',(2.E-1,5.E-1,3.3E0));
#210=LINE('',#209,#208);
#211=CURVE_STYLE('',#25,POSITIVE_LENGTH_MEASURE(2.E-2),#18);
#212=PRESENTATION_STYLE_ASSIGNMENT((#211));
#213=STYLED_ITEM('',(#212),#210);
#214=DIRECTION('',(0.E0,1.E0,0.E0));
#215=VECTOR('',#214,2.8E0);
#216=CARTESIAN_POINT('',(1.E-1,5.E-1,2.26514925E0));
#217=LINE('',#216,#215);
#218=CURVE_STYLE('',#25,POSITIVE_LENGTH_MEASURE(2.E-2),#18);
#219=PRESENTATION_STYLE_ASSIGNMENT((#218));
#220=STYLED_ITEM('',(#219),#217);
#221=DIRECTION('',(0.E0,1.E0,0.E0));
#222=VECTOR('',#221,2.8E0);
#223=CARTESIAN_POINT('',(1.E-1,-3.3E0,2.26514925E0));
#224=LINE('',#223,#222);
#225=CURVE_STYLE('',#25,POSITIVE_LENGTH_MEASURE(2.E-2),#18);
#226=PRESENTATION_STYLE_ASSIGNMENT((#225));
#227=STYLED_ITEM('',(#226),#224);
#228=DIRECTION('',(0.E0,-1.E0,0.E0));
#229=VECTOR('',#228,2.8E0);
#230=CARTESIAN_POINT('',(1.E-1,-5.E-1,-2.26514925E0));
#231=LINE('',#230,#229);
#232=CURVE_STYLE('',#25,POSITIVE_LENGTH_MEASURE(2.E-2),#18);
#233=PRESENTATION_STYLE_ASSIGNMENT((#232));
#234=STYLED_ITEM('',(#233),#231);
#235=DIRECTION('',(0.E0,-1.E0,0.E0));
#236=VECTOR('',#235,2.8E0);
#237=CARTESIAN_POINT('',(1.E-1,3.3E0,-2.26514925E0));
#238=LINE('',#237,#236);
#239=CURVE_STYLE('',#25,POSITIVE_LENGTH_MEASURE(2.E-2),#18);
#240=PRESENTATION_STYLE_ASSIGNMENT((#239));
#241=STYLED_ITEM('',(#240),#238);
#242=DIRECTION('',(0.E0,0.E0,-1.E0));
#243=VECTOR('',#242,1.42878975E0);
#244=CARTESIAN_POINT('',(1.05E0,3.3E0,2.41363725E0));
#245=LINE('',#244,#243);
#246=CURVE_STYLE('',#25,POSITIVE_LENGTH_MEASURE(2.E-2),#18);
#247=PRESENTATION_STYLE_ASSIGNMENT((#246));
#248=STYLED_ITEM('',(#247),#245);
#249=DIRECTION('',(1.E0,0.E0,0.E0));
#250=VECTOR('',#249,1.05E0);
#251=CARTESIAN_POINT('',(0.E0,3.3E0,2.41363725E0));
#252=LINE('',#251,#250);
#253=CURVE_STYLE('',#25,POSITIVE_LENGTH_MEASURE(2.E-2),#18);
#254=PRESENTATION_STYLE_ASSIGNMENT((#253));
#255=STYLED_ITEM('',(#254),#252);
#256=DIRECTION('',(1.E0,0.E0,0.E0));
#257=VECTOR('',#256,1.E-1);
#258=CARTESIAN_POINT('',(0.E0,3.3E0,2.26514925E0));
#259=LINE('',#258,#257);
#260=CURVE_STYLE('',#25,POSITIVE_LENGTH_MEASURE(2.E-2),#18);
#261=PRESENTATION_STYLE_ASSIGNMENT((#260));
#262=STYLED_ITEM('',(#261),#259);
#263=DIRECTION('',(0.E0,0.E0,-1.E0));
#264=VECTOR('',#263,4.5302985E0);
#265=CARTESIAN_POINT('',(1.E-1,3.3E0,2.26514925E0));
#266=LINE('',#265,#264);
#267=CURVE_STYLE('',#25,POSITIVE_LENGTH_MEASURE(2.E-2),#18);
#268=PRESENTATION_STYLE_ASSIGNMENT((#267));
#269=STYLED_ITEM('',(#268),#266);
#270=DIRECTION('',(1.E0,0.E0,0.E0));
#271=VECTOR('',#270,1.E-1);
#272=CARTESIAN_POINT('',(0.E0,3.3E0,-2.26514925E0));
#273=LINE('',#272,#271);
#274=CURVE_STYLE('',#25,POSITIVE_LENGTH_MEASURE(2.E-2),#18);
#275=PRESENTATION_STYLE_ASSIGNMENT((#274));
#276=STYLED_ITEM('',(#275),#273);
#277=DIRECTION('',(1.E0,0.E0,0.E0));
#278=VECTOR('',#277,1.6E0);
#279=CARTESIAN_POINT('',(0.E0,3.3E0,-2.952778125E0));
#280=LINE('',#279,#278);
#281=CURVE_STYLE('',#25,POSITIVE_LENGTH_MEASURE(2.E-2),#18);
#282=PRESENTATION_STYLE_ASSIGNMENT((#281));
#283=STYLED_ITEM('',(#282),#280);
#284=DIRECTION('',(-1.E0,0.E0,0.E0));
#285=VECTOR('',#284,1.E0);
#286=CARTESIAN_POINT('',(1.6E0,3.3E0,-9.848475E-1));
#287=LINE('',#286,#285);
#288=CURVE_STYLE('',#25,POSITIVE_LENGTH_MEASURE(2.E-2),#18);
#289=PRESENTATION_STYLE_ASSIGNMENT((#288));
#290=STYLED_ITEM('',(#289),#287);
#291=DIRECTION('',(0.E0,0.E0,1.E0));
#292=VECTOR('',#291,1.969695E0);
#293=CARTESIAN_POINT('',(6.E-1,3.3E0,-9.848475E-1));
#294=LINE('',#293,#292);
#295=CURVE_STYLE('',#25,POSITIVE_LENGTH_MEASURE(2.E-2),#18);
#296=PRESENTATION_STYLE_ASSIGNMENT((#295));
#297=STYLED_ITEM('',(#296),#294);
#298=DIRECTION('',(-1.E0,0.E0,0.E0));
#299=VECTOR('',#298,4.5E-1);
#300=CARTESIAN_POINT('',(1.05E0,3.3E0,9.848475E-1));
#301=LINE('',#300,#299);
#302=CURVE_STYLE('',#25,POSITIVE_LENGTH_MEASURE(2.E-2),#18);
#303=PRESENTATION_STYLE_ASSIGNMENT((#302));
#304=STYLED_ITEM('',(#303),#301);
#305=DIRECTION('',(0.E0,1.E0,0.E0));
#306=VECTOR('',#305,3.079145396991E-1);
#307=CARTESIAN_POINT('',(1.05E0,-3.3E0,9.848475E-1));
#308=LINE('',#307,#306);
#309=CURVE_STYLE('',#25,POSITIVE_LENGTH_MEASURE(2.E-2),#18);
#310=PRESENTATION_STYLE_ASSIGNMENT((#309));
#311=STYLED_ITEM('',(#310),#308);
#312=DIRECTION('',(0.E0,-1.E0,0.E0));
#313=VECTOR('',#312,3.079145396992E-1);
#314=CARTESIAN_POINT('',(6.E-1,-2.992085460301E0,9.848475E-1));
#315=LINE('',#314,#313);
#316=CURVE_STYLE('',#25,POSITIVE_LENGTH_MEASURE(2.E-2),#18);
#317=PRESENTATION_STYLE_ASSIGNMENT((#316));
#318=STYLED_ITEM('',(#317),#315);
#319=DIRECTION('',(0.E0,1.E0,0.E0));
#320=VECTOR('',#319,3.079145396991E-1);
#321=CARTESIAN_POINT('',(1.05E0,2.992085460301E0,9.848475E-1));
#322=LINE('',#321,#320);
#323=CURVE_STYLE('',#25,POSITIVE_LENGTH_MEASURE(2.E-2),#18);
#324=PRESENTATION_STYLE_ASSIGNMENT((#323));
#325=STYLED_ITEM('',(#324),#322);
#326=DIRECTION('',(0.E0,-1.E0,0.E0));
#327=VECTOR('',#326,3.079145396992E-1);
#328=CARTESIAN_POINT('',(6.E-1,3.3E0,9.848475E-1));
#329=LINE('',#328,#327);
#330=CURVE_STYLE('',#25,POSITIVE_LENGTH_MEASURE(2.E-2),#18);
#331=PRESENTATION_STYLE_ASSIGNMENT((#330));
#332=STYLED_ITEM('',(#331),#329);
#333=CARTESIAN_POINT('',(1.05E0,0.E0,0.E0));
#334=DIRECTION('',(1.E0,0.E0,0.E0));
#335=DIRECTION('',(0.E0,9.498684000955E-1,3.1265E-1));
#336=AXIS2_PLACEMENT_3D('',#333,#334,#335);
#338=CURVE_STYLE('',#25,POSITIVE_LENGTH_MEASURE(2.E-2),#18);
#339=PRESENTATION_STYLE_ASSIGNMENT((#338));
#340=STYLED_ITEM('',(#339),#337);
#341=DIRECTION('',(1.E0,0.E0,0.E0));
#342=VECTOR('',#341,4.5E-1);
#343=CARTESIAN_POINT('',(6.E-1,2.992085460301E0,9.848475E-1));
#344=LINE('',#343,#342);
#345=CURVE_STYLE('',#25,POSITIVE_LENGTH_MEASURE(2.E-2),#18);
#346=PRESENTATION_STYLE_ASSIGNMENT((#345));
#347=STYLED_ITEM('',(#346),#344);
#348=CARTESIAN_POINT('',(6.E-1,0.E0,0.E0));
#349=DIRECTION('',(1.E0,0.E0,0.E0));
#350=DIRECTION('',(0.E0,1.E0,0.E0));
#351=AXIS2_PLACEMENT_3D('',#348,#349,#350);
#353=CURVE_STYLE('',#25,POSITIVE_LENGTH_MEASURE(2.E-2),#18);
#354=PRESENTATION_STYLE_ASSIGNMENT((#353));
#355=STYLED_ITEM('',(#354),#352);
#356=DIRECTION('',(-1.E0,0.E0,0.E0));
#357=VECTOR('',#356,1.E-1);
#358=CARTESIAN_POINT('',(6.E-1,3.15E0,0.E0));
#359=LINE('',#358,#357);
#360=CURVE_STYLE('',#25,POSITIVE_LENGTH_MEASURE(2.E-2),#18);
#361=PRESENTATION_STYLE_ASSIGNMENT((#360));
#362=STYLED_ITEM('',(#361),#359);
#363=CARTESIAN_POINT('',(6.E-1,0.E0,0.E0));
#364=DIRECTION('',(1.E0,0.E0,0.E0));
#365=DIRECTION('',(0.E0,-9.498684000955E-1,3.1265E-1));
#366=AXIS2_PLACEMENT_3D('',#363,#364,#365);
#368=CURVE_STYLE('',#25,POSITIVE_LENGTH_MEASURE(2.E-2),#18);
#369=PRESENTATION_STYLE_ASSIGNMENT((#368));
#370=STYLED_ITEM('',(#369),#367);
#371=DIRECTION('',(1.E0,0.E0,0.E0));
#372=VECTOR('',#371,4.5E-1);
#373=CARTESIAN_POINT('',(6.E-1,-2.992085460301E0,9.848475E-1));
#374=LINE('',#373,#372);
#375=CURVE_STYLE('',#25,POSITIVE_LENGTH_MEASURE(2.E-2),#18);
#376=PRESENTATION_STYLE_ASSIGNMENT((#375));
#377=STYLED_ITEM('',(#376),#374);
#378=CARTESIAN_POINT('',(1.05E0,0.E0,0.E0));
#379=DIRECTION('',(1.E0,0.E0,0.E0));
#380=DIRECTION('',(0.E0,-3.1265E-1,9.498684000955E-1));
#381=AXIS2_PLACEMENT_3D('',#378,#379,#380);
#383=CURVE_STYLE('',#25,POSITIVE_LENGTH_MEASURE(2.E-2),#18);
#384=PRESENTATION_STYLE_ASSIGNMENT((#383));
#385=STYLED_ITEM('',(#384),#382);
#386=DIRECTION('',(1.E0,0.E0,0.E0));
#387=VECTOR('',#386,4.5E-1);
#388=CARTESIAN_POINT('',(6.E-1,-9.848475E-1,2.992085460301E0));
#389=LINE('',#388,#387);
#390=CURVE_STYLE('',#25,POSITIVE_LENGTH_MEASURE(2.E-2),#18);
#391=PRESENTATION_STYLE_ASSIGNMENT((#390));
#392=STYLED_ITEM('',(#391),#389);
#393=CARTESIAN_POINT('',(6.E-1,0.E0,0.E0));
#394=DIRECTION('',(1.E0,0.E0,0.E0));
#395=DIRECTION('',(0.E0,3.1265E-1,9.498684000955E-1));
#396=AXIS2_PLACEMENT_3D('',#393,#394,#395);
#398=CURVE_STYLE('',#25,POSITIVE_LENGTH_MEASURE(2.E-2),#18);
#399=PRESENTATION_STYLE_ASSIGNMENT((#398));
#400=STYLED_ITEM('',(#399),#397);
#401=DIRECTION('',(1.E0,0.E0,0.E0));
#402=VECTOR('',#401,4.5E-1);
#403=CARTESIAN_POINT('',(6.E-1,9.848475E-1,2.992085460301E0));
#404=LINE('',#403,#402);
#405=CURVE_STYLE('',#25,POSITIVE_LENGTH_MEASURE(2.E-2),#18);
#406=PRESENTATION_STYLE_ASSIGNMENT((#405));
#407=STYLED_ITEM('',(#406),#404);
#408=DIRECTION('',(0.E0,-1.E0,0.E0));
#409=VECTOR('',#408,3.079145396992E-1);
#410=CARTESIAN_POINT('',(6.E-1,3.3E0,-9.848475E-1));
#411=LINE('',#410,#409);
#412=CURVE_STYLE('',#25,POSITIVE_LENGTH_MEASURE(2.E-2),#18);
#413=PRESENTATION_STYLE_ASSIGNMENT((#412));
#414=STYLED_ITEM('',(#413),#411);
#415=DIRECTION('',(0.E0,-1.E0,0.E0));
#416=VECTOR('',#415,3.079145396992E-1);
#417=CARTESIAN_POINT('',(6.E-1,-2.992085460301E0,-9.848475E-1));
#418=LINE('',#417,#416);
#419=CURVE_STYLE('',#25,POSITIVE_LENGTH_MEASURE(2.E-2),#18);
#420=PRESENTATION_STYLE_ASSIGNMENT((#419));
#421=STYLED_ITEM('',(#420),#418);
#422=DIRECTION('',(0.E0,-1.E0,0.E0));
#423=VECTOR('',#422,3.079145396992E-1);
#424=CARTESIAN_POINT('',(1.6E0,3.3E0,-9.848475E-1));
#425=LINE('',#424,#423);
#426=CURVE_STYLE('',#25,POSITIVE_LENGTH_MEASURE(2.E-2),#18);
#427=PRESENTATION_STYLE_ASSIGNMENT((#426));
#428=STYLED_ITEM('',(#427),#425);
#429=DIRECTION('',(0.E0,0.E0,1.E0));
#430=VECTOR('',#429,1.967930625E0);
#431=CARTESIAN_POINT('',(1.6E0,3.3E0,-2.952778125E0));
#432=LINE('',#431,#430);
#433=CURVE_STYLE('',#25,POSITIVE_LENGTH_MEASURE(2.E-2),#18);
#434=PRESENTATION_STYLE_ASSIGNMENT((#433));
#435=STYLED_ITEM('',(#434),#432);
#436=CARTESIAN_POINT('',(1.6E0,2.952778125E0,-2.952778125E0));
#437=DIRECTION('',(1.E0,0.E0,0.E0));
#438=DIRECTION('',(0.E0,-1.023182562677E-14,-1.E0));
#439=AXIS2_PLACEMENT_3D('',#436,#437,#438);
#441=CURVE_STYLE('',#25,POSITIVE_LENGTH_MEASURE(2.E-2),#18);
#442=PRESENTATION_STYLE_ASSIGNMENT((#441));
#443=STYLED_ITEM('',(#442),#440);
#444=DIRECTION('',(0.E0,1.E0,0.E0));
#445=VECTOR('',#444,1.967930625E0);
#446=CARTESIAN_POINT('',(1.6E0,9.848475E-1,-3.3E0));
#447=LINE('',#446,#445);
#448=CURVE_STYLE('',#25,POSITIVE_LENGTH_MEASURE(2.E-2),#18);
#449=PRESENTATION_STYLE_ASSIGNMENT((#448));
#450=STYLED_ITEM('',(#449),#447);
#451=DIRECTION('',(0.E0,0.E0,1.E0));
#452=VECTOR('',#451,3.079145396991E-1);
#453=CARTESIAN_POINT('',(1.6E0,9.848475E-1,-3.3E0));
#454=LINE('',#453,#452);
#455=CURVE_STYLE('',#25,POSITIVE_LENGTH_MEASURE(2.E-2),#18);
#456=PRESENTATION_STYLE_ASSIGNMENT((#455));
#457=STYLED_ITEM('',(#456),#454);
#458=CARTESIAN_POINT('',(1.6E0,0.E0,0.E0));
#459=DIRECTION('',(1.E0,0.E0,0.E0));
#460=DIRECTION('',(0.E0,3.1265E-1,-9.498684000955E-1));
#461=AXIS2_PLACEMENT_3D('',#458,#459,#460);
#463=CURVE_STYLE('',#25,POSITIVE_LENGTH_MEASURE(2.E-2),#18);
#464=PRESENTATION_STYLE_ASSIGNMENT((#463));
#465=STYLED_ITEM('',(#464),#462);
#466=DIRECTION('',(0.E0,-1.E0,0.E0));
#467=VECTOR('',#466,3.079145396992E-1);
#468=CARTESIAN_POINT('',(1.6E0,-2.992085460301E0,-9.848475E-1));
#469=LINE('',#468,#467);
#470=CURVE_STYLE('',#25,POSITIVE_LENGTH_MEASURE(2.E-2),#18);
#471=PRESENTATION_STYLE_ASSIGNMENT((#470));
#472=STYLED_ITEM('',(#471),#469);
#473=CARTESIAN_POINT('',(1.6E0,0.E0,0.E0));
#474=DIRECTION('',(1.E0,0.E0,0.E0));
#475=DIRECTION('',(0.E0,-9.498684000955E-1,-3.1265E-1));
#476=AXIS2_PLACEMENT_3D('',#473,#474,#475);
#478=CURVE_STYLE('',#25,POSITIVE_LENGTH_MEASURE(2.E-2),#18);
#479=PRESENTATION_STYLE_ASSIGNMENT((#478));
#480=STYLED_ITEM('',(#479),#477);
#481=DIRECTION('',(0.E0,0.E0,1.E0));
#482=VECTOR('',#481,3.079145396992E-1);
#483=CARTESIAN_POINT('',(1.6E0,-9.848475E-1,-3.3E0));
#484=LINE('',#483,#482);
#485=CURVE_STYLE('',#25,POSITIVE_LENGTH_MEASURE(2.E-2),#18);
#486=PRESENTATION_STYLE_ASSIGNMENT((#485));
#487=STYLED_ITEM('',(#486),#484);
#488=DIRECTION('',(0.E0,1.E0,0.E0));
#489=VECTOR('',#488,1.967930625E0);
#490=CARTESIAN_POINT('',(1.6E0,-2.952778125E0,-3.3E0));
#491=LINE('',#490,#489);
#492=CURVE_STYLE('',#25,POSITIVE_LENGTH_MEASURE(2.E-2),#18);
#493=PRESENTATION_STYLE_ASSIGNMENT((#492));
#494=STYLED_ITEM('',(#493),#491);
#495=CARTESIAN_POINT('',(1.6E0,-2.952778125E0,-2.952778125E0));
#496=DIRECTION('',(1.E0,0.E0,0.E0));
#497=DIRECTION('',(0.E0,-1.E0,0.E0));
#498=AXIS2_PLACEMENT_3D('',#495,#496,#497);
#500=CURVE_STYLE('',#25,POSITIVE_LENGTH_MEASURE(2.E-2),#18);
#501=PRESENTATION_STYLE_ASSIGNMENT((#500));
#502=STYLED_ITEM('',(#501),#499);
#503=DIRECTION('',(1.E0,0.E0,0.E0));
#504=VECTOR('',#503,1.6E0);
#505=CARTESIAN_POINT('',(0.E0,2.952778125E0,-3.3E0));
#506=LINE('',#505,#504);
#507=CURVE_STYLE('',#25,POSITIVE_LENGTH_MEASURE(2.E-2),#18);
#508=PRESENTATION_STYLE_ASSIGNMENT((#507));
#509=STYLED_ITEM('',(#508),#506);
#510=DIRECTION('',(0.E0,-1.E0,0.E0));
#511=VECTOR('',#510,7.E-1);
#512=CARTESIAN_POINT('',(2.E-1,3.5E-1,-3.3E0));
#513=LINE('',#512,#511);
#514=CURVE_STYLE('',#25,POSITIVE_LENGTH_MEASURE(2.E-2),#18);
#515=PRESENTATION_STYLE_ASSIGNMENT((#514));
#516=STYLED_ITEM('',(#515),#513);
#517=DIRECTION('',(0.E0,-1.E0,0.E0));
#518=VECTOR('',#517,1.5E-1);
#519=CARTESIAN_POINT('',(2.E-1,-3.5E-1,-3.3E0));
#520=LINE('',#519,#518);
#521=CURVE_STYLE('',#25,POSITIVE_LENGTH_MEASURE(2.E-2),#18);
#522=PRESENTATION_STYLE_ASSIGNMENT((#521));
#523=STYLED_ITEM('',(#522),#520);
#524=DIRECTION('',(1.E0,0.E0,0.E0));
#525=VECTOR('',#524,2.E-1);
#526=CARTESIAN_POINT('',(0.E0,-5.E-1,-3.3E0));
#527=LINE('',#526,#525);
#528=CURVE_STYLE('',#25,POSITIVE_LENGTH_MEASURE(2.E-2),#18);
#529=PRESENTATION_STYLE_ASSIGNMENT((#528));
#530=STYLED_ITEM('',(#529),#527);
#531=DIRECTION('',(1.E0,0.E0,0.E0));
#532=VECTOR('',#531,1.6E0);
#533=CARTESIAN_POINT('',(0.E0,-2.952778125E0,-3.3E0));
#534=LINE('',#533,#532);
#535=CURVE_STYLE('',#25,POSITIVE_LENGTH_MEASURE(2.E-2),#18);
#536=PRESENTATION_STYLE_ASSIGNMENT((#535));
#537=STYLED_ITEM('',(#536),#534);
#538=DIRECTION('',(-1.E0,0.E0,0.E0));
#539=VECTOR('',#538,1.E0);
#540=CARTESIAN_POINT('',(1.6E0,-9.848475E-1,-3.3E0));
#541=LINE('',#540,#539);
#542=CURVE_STYLE('',#25,POSITIVE_LENGTH_MEASURE(2.E-2),#18);
#543=PRESENTATION_STYLE_ASSIGNMENT((#542));
#544=STYLED_ITEM('',(#543),#541);
#545=DIRECTION('',(0.E0,1.E0,0.E0));
#546=VECTOR('',#545,1.969695E0);
#547=CARTESIAN_POINT('',(6.E-1,-9.848475E-1,-3.3E0));
#548=LINE('',#547,#546);
#549=CURVE_STYLE('',#25,POSITIVE_LENGTH_MEASURE(2.E-2),#18);
#550=PRESENTATION_STYLE_ASSIGNMENT((#549));
#551=STYLED_ITEM('',(#550),#548);
#552=DIRECTION('',(-1.E0,0.E0,0.E0));
#553=VECTOR('',#552,1.E0);
#554=CARTESIAN_POINT('',(1.6E0,9.848475E-1,-3.3E0));
#555=LINE('',#554,#553);
#556=CURVE_STYLE('',#25,POSITIVE_LENGTH_MEASURE(2.E-2),#18);
#557=PRESENTATION_STYLE_ASSIGNMENT((#556));
#558=STYLED_ITEM('',(#557),#555);
#559=DIRECTION('',(1.E0,0.E0,0.E0));
#560=VECTOR('',#559,2.E-1);
#561=CARTESIAN_POINT('',(0.E0,5.E-1,-3.3E0));
#562=LINE('',#561,#560);
#563=CURVE_STYLE('',#25,POSITIVE_LENGTH_MEASURE(2.E-2),#18);
#564=PRESENTATION_STYLE_ASSIGNMENT((#563));
#565=STYLED_ITEM('',(#564),#562);
#566=DIRECTION('',(0.E0,-1.E0,0.E0));
#567=VECTOR('',#566,1.5E-1);
#568=CARTESIAN_POINT('',(2.E-1,5.E-1,-3.3E0));
#569=LINE('',#568,#567);
#570=CURVE_STYLE('',#25,POSITIVE_LENGTH_MEASURE(2.E-2),#18);
#571=PRESENTATION_STYLE_ASSIGNMENT((#570));
#572=STYLED_ITEM('',(#571),#569);
#573=DIRECTION('',(0.E0,0.E0,-1.E0));
#574=VECTOR('',#573,5.E-1);
#575=CARTESIAN_POINT('',(2.E-1,-3.5E-1,-3.3E0));
#576=LINE('',#575,#574);
#577=CURVE_STYLE('',#25,POSITIVE_LENGTH_MEASURE(2.E-2),#18);
#578=PRESENTATION_STYLE_ASSIGNMENT((#577));
#579=STYLED_ITEM('',(#578),#576);
#580=DIRECTION('',(0.E0,0.E0,1.E0));
#581=VECTOR('',#580,5.E-1);
#582=CARTESIAN_POINT('',(2.E-1,3.5E-1,-3.8E0));
#583=LINE('',#582,#581);
#584=CURVE_STYLE('',#25,POSITIVE_LENGTH_MEASURE(2.E-2),#18);
#585=PRESENTATION_STYLE_ASSIGNMENT((#584));
#586=STYLED_ITEM('',(#585),#583);
#587=DIRECTION('',(0.E0,1.E0,0.E0));
#588=VECTOR('',#587,7.E-1);
#589=CARTESIAN_POINT('',(2.E-1,-3.5E-1,-3.8E0));
#590=LINE('',#589,#588);
#591=CURVE_STYLE('',#25,POSITIVE_LENGTH_MEASURE(2.E-2),#18);
#592=PRESENTATION_STYLE_ASSIGNMENT((#591));
#593=STYLED_ITEM('',(#592),#590);
#594=DIRECTION('',(-1.E0,0.E0,0.E0));
#595=VECTOR('',#594,1.75E-1);
#596=CARTESIAN_POINT('',(2.E-1,-3.5E-1,-1.55E0));
#597=LINE('',#596,#595);
#598=CURVE_STYLE('',#25,POSITIVE_LENGTH_MEASURE(2.E-2),#18);
#599=PRESENTATION_STYLE_ASSIGNMENT((#598));
#600=STYLED_ITEM('',(#599),#597);
#601=DIRECTION('',(0.E0,0.E0,1.E0));
#602=VECTOR('',#601,5.E-1);
#603=CARTESIAN_POINT('',(-1.E-1,-3.5E-1,-3.8E0));
#604=LINE('',#603,#602);
#605=CURVE_STYLE('',#25,POSITIVE_LENGTH_MEASURE(2.E-2),#18);
#606=PRESENTATION_STYLE_ASSIGNMENT((#605));
#607=STYLED_ITEM('',(#606),#604);
#608=DIRECTION('',(7.124704998791E-2,0.E0,9.974586998307E-1));
#609=VECTOR('',#608,1.754458605952E0);
#610=CARTESIAN_POINT('',(-1.E-1,-3.5E-1,-3.3E0));
#611=LINE('',#610,#609);
#612=CURVE_STYLE('',#25,POSITIVE_LENGTH_MEASURE(2.E-2),#18);
#613=PRESENTATION_STYLE_ASSIGNMENT((#612));
#614=STYLED_ITEM('',(#613),#611);
#615=CARTESIAN_POINT('',(2.5E-2,-3.5E-1,-1.55E0));
#616=CARTESIAN_POINT('',(2.794627825494E-2,-3.5E-1,-1.508752104431E0));
#617=CARTESIAN_POINT('',(3.431094639011E-2,-3.350678955776E-1,
-1.419646750538E0));
#618=CARTESIAN_POINT('',(4.320647668647E-2,-2.548177977096E-1,
-1.295109326389E0));
#619=CARTESIAN_POINT('',(4.797538281608E-2,-1.512905946813E-1,
-1.228344640575E0));
#620=CARTESIAN_POINT('',(4.973713817345E-2,-6.321281507165E-2,
-1.203680065572E0));
#621=CARTESIAN_POINT('',(5.013143091328E-2,0.E0,-1.198159967214E0));
#622=CARTESIAN_POINT('',(4.973713817345E-2,6.321281507165E-2,
-1.203680065572E0));
#623=CARTESIAN_POINT('',(4.797538281608E-2,1.512905946813E-1,
-1.228344640575E0));
#624=CARTESIAN_POINT('',(4.320647668647E-2,2.548177977096E-1,
-1.295109326389E0));
#625=CARTESIAN_POINT('',(3.431094639011E-2,3.350678955776E-1,
-1.419646750538E0));
#626=CARTESIAN_POINT('',(2.794627825494E-2,3.5E-1,-1.508752104431E0));
#627=CARTESIAN_POINT('',(2.5E-2,3.5E-1,-1.55E0));
#629=CURVE_STYLE('',#25,POSITIVE_LENGTH_MEASURE(2.E-2),#18);
#630=PRESENTATION_STYLE_ASSIGNMENT((#629));
#631=STYLED_ITEM('',(#630),#628);
#632=DIRECTION('',(0.E0,0.E0,1.E0));
#633=VECTOR('',#632,1.75E0);
#634=CARTESIAN_POINT('',(2.E-1,-3.5E-1,-3.3E0));
#635=LINE('',#634,#633);
#636=CURVE_STYLE('',#25,POSITIVE_LENGTH_MEASURE(2.E-2),#18);
#637=PRESENTATION_STYLE_ASSIGNMENT((#636));
#638=STYLED_ITEM('',(#637),#635);
#639=CARTESIAN_POINT('',(2.E-1,0.E0,-1.55E0));
#640=DIRECTION('',(-1.E0,0.E0,0.E0));
#641=DIRECTION('',(0.E0,-1.E0,0.E0));
#642=AXIS2_PLACEMENT_3D('',#639,#640,#641);
#644=CURVE_STYLE('',#25,POSITIVE_LENGTH_MEASURE(2.E-2),#18);
#645=PRESENTATION_STYLE_ASSIGNMENT((#644));
#646=STYLED_ITEM('',(#645),#643);
#647=DIRECTION('',(0.E0,0.E0,1.E0));
#648=VECTOR('',#647,1.75E0);
#649=CARTESIAN_POINT('',(2.E-1,3.5E-1,-3.3E0));
#650=LINE('',#649,#648);
#651=CURVE_STYLE('',#25,POSITIVE_LENGTH_MEASURE(2.E-2),#18);
#652=PRESENTATION_STYLE_ASSIGNMENT((#651));
#653=STYLED_ITEM('',(#652),#650);
#654=CARTESIAN_POINT('',(2.E-1,1.E-2,-1.49E0));
#655=DIRECTION('',(1.E0,0.E0,0.E0));
#656=DIRECTION('',(0.E0,1.E0,0.E0));
#657=AXIS2_PLACEMENT_3D('',#654,#655,#656);
#659=CURVE_STYLE('',#25,POSITIVE_LENGTH_MEASURE(2.E-2),#18);
#660=PRESENTATION_STYLE_ASSIGNMENT((#659));
#661=STYLED_ITEM('',(#660),#658);
#662=DIRECTION('',(0.E0,-1.E0,0.E0));
#663=VECTOR('',#662,2.E-2);
#664=CARTESIAN_POINT('',(2.E-1,1.E-2,-1.E0));
#665=LINE('',#664,#663);
#666=CURVE_STYLE('',#25,POSITIVE_LENGTH_MEASURE(2.E-2),#18);
#667=PRESENTATION_STYLE_ASSIGNMENT((#666));
#668=STYLED_ITEM('',(#667),#665);
#669=CARTESIAN_POINT('',(2.E-1,-1.E-2,-1.49E0));
#670=DIRECTION('',(1.E0,0.E0,0.E0));
#671=DIRECTION('',(0.E0,0.E0,1.E0));
#672=AXIS2_PLACEMENT_3D('',#669,#670,#671);
#674=CURVE_STYLE('',#25,POSITIVE_LENGTH_MEASURE(2.E-2),#18);
#675=PRESENTATION_STYLE_ASSIGNMENT((#674));
#676=STYLED_ITEM('',(#675),#673);
#677=DIRECTION('',(-1.E0,0.E0,0.E0));
#678=VECTOR('',#677,1.75E-1);
#679=CARTESIAN_POINT('',(2.E-1,3.5E-1,-1.55E0));
#680=LINE('',#679,#678);
#681=CURVE_STYLE('',#25,POSITIVE_LENGTH_MEASURE(2.E-2),#18);
#682=PRESENTATION_STYLE_ASSIGNMENT((#681));
#683=STYLED_ITEM('',(#682),#680);
#684=DIRECTION('',(7.124704998791E-2,0.E0,9.974586998307E-1));
#685=VECTOR('',#684,1.754458605952E0);
#686=CARTESIAN_POINT('',(-1.E-1,3.5E-1,-3.3E0));
#687=LINE('',#686,#685);
#688=CURVE_STYLE('',#25,POSITIVE_LENGTH_MEASURE(2.E-2),#18);
#689=PRESENTATION_STYLE_ASSIGNMENT((#688));
#690=STYLED_ITEM('',(#689),#687);
#691=DIRECTION('',(0.E0,0.E0,-1.E0));
#692=VECTOR('',#691,5.E-1);
#693=CARTESIAN_POINT('',(-1.E-1,3.5E-1,-3.3E0));
#694=LINE('',#693,#692);
#695=CURVE_STYLE('',#25,POSITIVE_LENGTH_MEASURE(2.E-2),#18);
#696=PRESENTATION_STYLE_ASSIGNMENT((#695));
#697=STYLED_ITEM('',(#696),#694);
#698=DIRECTION('',(-1.E0,0.E0,0.E0));
#699=VECTOR('',#698,3.E-1);
#700=CARTESIAN_POINT('',(2.E-1,3.5E-1,-3.8E0));
#701=LINE('',#700,#699);
#702=CURVE_STYLE('',#25,POSITIVE_LENGTH_MEASURE(2.E-2),#18);
#703=PRESENTATION_STYLE_ASSIGNMENT((#702));
#704=STYLED_ITEM('',(#703),#701);
#705=DIRECTION('',(0.E0,-1.E0,0.E0));
#706=VECTOR('',#705,7.E-1);
#707=CARTESIAN_POINT('',(-1.E-1,3.5E-1,-3.3E0));
#708=LINE('',#707,#706);
#709=CURVE_STYLE('',#25,POSITIVE_LENGTH_MEASURE(2.E-2),#18);
#710=PRESENTATION_STYLE_ASSIGNMENT((#709));
#711=STYLED_ITEM('',(#710),#708);
#712=DIRECTION('',(0.E0,1.E0,0.E0));
#713=VECTOR('',#712,7.E-1);
#714=CARTESIAN_POINT('',(-1.E-1,-3.5E-1,-3.8E0));
#715=LINE('',#714,#713);
#716=CURVE_STYLE('',#25,POSITIVE_LENGTH_MEASURE(2.E-2),#18);
#717=PRESENTATION_STYLE_ASSIGNMENT((#716));
#718=STYLED_ITEM('',(#717),#715);
#719=DIRECTION('',(-1.E0,0.E0,0.E0));
#720=VECTOR('',#719,3.E-1);
#721=CARTESIAN_POINT('',(2.E-1,-3.5E-1,-3.8E0));
#722=LINE('',#721,#720);
#723=CURVE_STYLE('',#25,POSITIVE_LENGTH_MEASURE(2.E-2),#18);
#724=PRESENTATION_STYLE_ASSIGNMENT((#723));
#725=STYLED_ITEM('',(#724),#722);
#726=DIRECTION('',(0.E0,0.E0,-1.E0));
#727=VECTOR('',#726,7.7514925E-1);
#728=CARTESIAN_POINT('',(1.E-1,5.E-1,-1.49E0));
#729=LINE('',#728,#727);
#730=CURVE_STYLE('',#25,POSITIVE_LENGTH_MEASURE(2.E-2),#18);
#731=PRESENTATION_STYLE_ASSIGNMENT((#730));
#732=STYLED_ITEM('',(#731),#729);
#733=DIRECTION('',(0.E0,0.E0,-1.E0));
#734=VECTOR('',#733,1.81E0);
#735=CARTESIAN_POINT('',(2.E-1,5.E-1,-1.49E0));
#736=LINE('',#735,#734);
#737=CURVE_STYLE('',#25,POSITIVE_LENGTH_MEASURE(2.E-2),#18);
#738=PRESENTATION_STYLE_ASSIGNMENT((#737));
#739=STYLED_ITEM('',(#738),#736);
#740=DIRECTION('',(0.E0,0.E0,1.E0));
#741=VECTOR('',#740,1.03485075E0);
#742=CARTESIAN_POINT('',(0.E0,5.E-1,-3.3E0));
#743=LINE('',#742,#741);
#744=CURVE_STYLE('',#25,POSITIVE_LENGTH_MEASURE(2.E-2),#18);
#745=PRESENTATION_STYLE_ASSIGNMENT((#744));
#746=STYLED_ITEM('',(#745),#743);
#747=DIRECTION('',(1.E0,0.E0,0.E0));
#748=VECTOR('',#747,1.E-1);
#749=CARTESIAN_POINT('',(0.E0,5.E-1,-2.26514925E0));
#750=LINE('',#749,#748);
#751=CURVE_STYLE('',#25,POSITIVE_LENGTH_MEASURE(2.E-2),#18);
#752=PRESENTATION_STYLE_ASSIGNMENT((#751));
#753=STYLED_ITEM('',(#752),#750);
#754=CARTESIAN_POINT('',(1.E-1,1.E-2,-1.49E0));
#755=DIRECTION('',(1.E0,0.E0,0.E0));
#756=DIRECTION('',(0.E0,1.E0,0.E0));
#757=AXIS2_PLACEMENT_3D('',#754,#755,#756);
#759=CURVE_STYLE('',#25,POSITIVE_LENGTH_MEASURE(2.E-2),#18);
#760=PRESENTATION_STYLE_ASSIGNMENT((#759));
#761=STYLED_ITEM('',(#760),#758);
#762=DIRECTION('',(1.E0,0.E0,0.E0));
#763=VECTOR('',#762,1.E-1);
#764=CARTESIAN_POINT('',(1.E-1,5.E-1,-1.49E0));
#765=LINE('',#764,#763);
#766=CURVE_STYLE('',#25,POSITIVE_LENGTH_MEASURE(2.E-2),#18);
#767=PRESENTATION_STYLE_ASSIGNMENT((#766));
#768=STYLED_ITEM('',(#767),#765);
#769=DIRECTION('',(0.E0,-1.E0,0.E0));
#770=VECTOR('',#769,2.E-2);
#771=CARTESIAN_POINT('',(1.E-1,1.E-2,-1.E0));
#772=LINE('',#771,#770);
#773=CURVE_STYLE('',#25,POSITIVE_LENGTH_MEASURE(2.E-2),#18);
#774=PRESENTATION_STYLE_ASSIGNMENT((#773));
#775=STYLED_ITEM('',(#774),#772);
#776=DIRECTION('',(1.E0,0.E0,0.E0));
#777=VECTOR('',#776,1.E-1);
#778=CARTESIAN_POINT('',(1.E-1,1.E-2,-1.E0));
#779=LINE('',#778,#777);
#780=CURVE_STYLE('',#25,POSITIVE_LENGTH_MEASURE(2.E-2),#18);
#781=PRESENTATION_STYLE_ASSIGNMENT((#780));
#782=STYLED_ITEM('',(#781),#779);
#783=CARTESIAN_POINT('',(1.E-1,-1.E-2,-1.49E0));
#784=DIRECTION('',(1.E0,0.E0,0.E0));
#785=DIRECTION('',(0.E0,0.E0,1.E0));
#786=AXIS2_PLACEMENT_3D('',#783,#784,#785);
#788=CURVE_STYLE('',#25,POSITIVE_LENGTH_MEASURE(2.E-2),#18);
#789=PRESENTATION_STYLE_ASSIGNMENT((#788));
#790=STYLED_ITEM('',(#789),#787);
#791=DIRECTION('',(1.E0,0.E0,0.E0));
#792=VECTOR('',#791,1.E-1);
#793=CARTESIAN_POINT('',(1.E-1,-1.E-2,-1.E0));
#794=LINE('',#793,#792);
#795=CURVE_STYLE('',#25,POSITIVE_LENGTH_MEASURE(2.E-2),#18);
#796=PRESENTATION_STYLE_ASSIGNMENT((#795));
#797=STYLED_ITEM('',(#796),#794);
#798=DIRECTION('',(0.E0,0.E0,-1.E0));
#799=VECTOR('',#798,7.7514925E-1);
#800=CARTESIAN_POINT('',(1.E-1,-5.E-1,-1.49E0));
#801=LINE('',#800,#799);
#802=CURVE_STYLE('',#25,POSITIVE_LENGTH_MEASURE(2.E-2),#18);
#803=PRESENTATION_STYLE_ASSIGNMENT((#802));
#804=STYLED_ITEM('',(#803),#801);
#805=DIRECTION('',(1.E0,0.E0,0.E0));
#806=VECTOR('',#805,1.E-1);
#807=CARTESIAN_POINT('',(0.E0,-5.E-1,-2.26514925E0));
#808=LINE('',#807,#806);
#809=CURVE_STYLE('',#25,POSITIVE_LENGTH_MEASURE(2.E-2),#18);
#810=PRESENTATION_STYLE_ASSIGNMENT((#809));
#811=STYLED_ITEM('',(#810),#808);
#812=DIRECTION('',(0.E0,0.E0,-1.E0));
#813=VECTOR('',#812,1.03485075E0);
#814=CARTESIAN_POINT('',(0.E0,-5.E-1,-2.26514925E0));
#815=LINE('',#814,#813);
#816=CURVE_STYLE('',#25,POSITIVE_LENGTH_MEASURE(2.E-2),#18);
#817=PRESENTATION_STYLE_ASSIGNMENT((#816));
#818=STYLED_ITEM('',(#817),#815);
#819=DIRECTION('',(0.E0,0.E0,1.E0));
#820=VECTOR('',#819,1.81E0);
#821=CARTESIAN_POINT('',(2.E-1,-5.E-1,-3.3E0));
#822=LINE('',#821,#820);
#823=CURVE_STYLE('',#25,POSITIVE_LENGTH_MEASURE(2.E-2),#18);
#824=PRESENTATION_STYLE_ASSIGNMENT((#823));
#825=STYLED_ITEM('',(#824),#822);
#826=DIRECTION('',(1.E0,0.E0,0.E0));
#827=VECTOR('',#826,1.E-1);
#828=CARTESIAN_POINT('',(1.E-1,-5.E-1,-1.49E0));
#829=LINE('',#828,#827);
#830=CURVE_STYLE('',#25,POSITIVE_LENGTH_MEASURE(2.E-2),#18);
#831=PRESENTATION_STYLE_ASSIGNMENT((#830));
#832=STYLED_ITEM('',(#831),#829);
#833=DIRECTION('',(0.E0,0.E0,-1.E0));
#834=VECTOR('',#833,1.42878975E0);
#835=CARTESIAN_POINT('',(1.05E0,-3.3E0,2.41363725E0));
#836=LINE('',#835,#834);
#837=CURVE_STYLE('',#25,POSITIVE_LENGTH_MEASURE(2.E-2),#18);
#838=PRESENTATION_STYLE_ASSIGNMENT((#837));
#839=STYLED_ITEM('',(#838),#836);
#840=DIRECTION('',(-1.E0,0.E0,0.E0));
#841=VECTOR('',#840,4.5E-1);
#842=CARTESIAN_POINT('',(1.05E0,-3.3E0,9.848475E-1));
#843=LINE('',#842,#841);
#844=CURVE_STYLE('',#25,POSITIVE_LENGTH_MEASURE(2.E-2),#18);
#845=PRESENTATION_STYLE_ASSIGNMENT((#844));
#846=STYLED_ITEM('',(#845),#843);
#847=DIRECTION('',(0.E0,0.E0,1.E0));
#848=VECTOR('',#847,1.969695E0);
#849=CARTESIAN_POINT('',(6.E-1,-3.3E0,-9.848475E-1));
#850=LINE('',#849,#848);
#851=CURVE_STYLE('',#25,POSITIVE_LENGTH_MEASURE(2.E-2),#18);
#852=PRESENTATION_STYLE_ASSIGNMENT((#851));
#853=STYLED_ITEM('',(#852),#850);
#854=DIRECTION('',(-1.E0,0.E0,0.E0));
#855=VECTOR('',#854,1.E0);
#856=CARTESIAN_POINT('',(1.6E0,-3.3E0,-9.848475E-1));
#857=LINE('',#856,#855);
#858=CURVE_STYLE('',#25,POSITIVE_LENGTH_MEASURE(2.E-2),#18);
#859=PRESENTATION_STYLE_ASSIGNMENT((#858));
#860=STYLED_ITEM('',(#859),#857);
#861=DIRECTION('',(0.E0,0.E0,-1.E0));
#862=VECTOR('',#861,1.967930625E0);
#863=CARTESIAN_POINT('',(1.6E0,-3.3E0,-9.848475E-1));
#864=LINE('',#863,#862);
#865=CURVE_STYLE('',#25,POSITIVE_LENGTH_MEASURE(2.E-2),#18);
#866=PRESENTATION_STYLE_ASSIGNMENT((#865));
#867=STYLED_ITEM('',(#866),#864);
#868=DIRECTION('',(0.E0,0.E0,1.E0));
#869=VECTOR('',#868,6.87628875E-1);
#870=CARTESIAN_POINT('',(0.E0,-3.3E0,-2.952778125E0));
#871=LINE('',#870,#869);
#872=CURVE_STYLE('',#25,POSITIVE_LENGTH_MEASURE(2.E-2),#18);
#873=PRESENTATION_STYLE_ASSIGNMENT((#872));
#874=STYLED_ITEM('',(#873),#871);
#875=DIRECTION('',(1.E0,0.E0,0.E0));
#876=VECTOR('',#875,1.E-1);
#877=CARTESIAN_POINT('',(0.E0,-3.3E0,-2.26514925E0));
#878=LINE('',#877,#876);
#879=CURVE_STYLE('',#25,POSITIVE_LENGTH_MEASURE(2.E-2),#18);
#880=PRESENTATION_STYLE_ASSIGNMENT((#879));
#881=STYLED_ITEM('',(#880),#878);
#882=DIRECTION('',(0.E0,0.E0,-1.E0));
#883=VECTOR('',#882,4.5302985E0);
#884=CARTESIAN_POINT('',(1.E-1,-3.3E0,2.26514925E0));
#885=LINE('',#884,#883);
#886=CURVE_STYLE('',#25,POSITIVE_LENGTH_MEASURE(2.E-2),#18);
#887=PRESENTATION_STYLE_ASSIGNMENT((#886));
#888=STYLED_ITEM('',(#887),#885);
#889=DIRECTION('',(1.E0,0.E0,0.E0));
#890=VECTOR('',#889,1.E-1);
#891=CARTESIAN_POINT('',(0.E0,-3.3E0,2.26514925E0));
#892=LINE('',#891,#890);
#893=CURVE_STYLE('',#25,POSITIVE_LENGTH_MEASURE(2.E-2),#18);
#894=PRESENTATION_STYLE_ASSIGNMENT((#893));
#895=STYLED_ITEM('',(#894),#892);
#896=DIRECTION('',(0.E0,0.E0,1.E0));
#897=VECTOR('',#896,1.48488E-1);
#898=CARTESIAN_POINT('',(0.E0,-3.3E0,2.26514925E0));
#899=LINE('',#898,#897);
#900=CURVE_STYLE('',#25,POSITIVE_LENGTH_MEASURE(2.E-2),#18);
#901=PRESENTATION_STYLE_ASSIGNMENT((#900));
#902=STYLED_ITEM('',(#901),#899);
#903=DIRECTION('',(1.E0,0.E0,0.E0));
#904=VECTOR('',#903,1.05E0);
#905=CARTESIAN_POINT('',(0.E0,-3.3E0,2.41363725E0));
#906=LINE('',#905,#904);
#907=CURVE_STYLE('',#25,POSITIVE_LENGTH_MEASURE(2.E-2),#18);
#908=PRESENTATION_STYLE_ASSIGNMENT((#907));
#909=STYLED_ITEM('',(#908),#906);
#910=DIRECTION('',(1.E0,0.E0,0.E0));
#911=VECTOR('',#910,1.6E0);
#912=CARTESIAN_POINT('',(0.E0,-3.3E0,-2.952778125E0));
#913=LINE('',#912,#911);
#914=CURVE_STYLE('',#25,POSITIVE_LENGTH_MEASURE(2.E-2),#18);
#915=PRESENTATION_STYLE_ASSIGNMENT((#914));
#916=STYLED_ITEM('',(#915),#913);
#917=DIRECTION('',(0.E0,7.071067811865E-1,7.071067811865E-1));
#918=VECTOR('',#917,1.253506222232E0);
#919=CARTESIAN_POINT('',(1.05E0,-3.3E0,2.41363725E0));
#920=LINE('',#919,#918);
#921=CURVE_STYLE('',#25,POSITIVE_LENGTH_MEASURE(2.E-2),#18);
#922=PRESENTATION_STYLE_ASSIGNMENT((#921));
#923=STYLED_ITEM('',(#922),#920);
#924=DIRECTION('',(0.E0,-1.E0,0.E0));
#925=VECTOR('',#924,1.42878975E0);
#926=CARTESIAN_POINT('',(1.05E0,2.41363725E0,3.3E0));
#927=LINE('',#926,#925);
#928=CURVE_STYLE('',#25,POSITIVE_LENGTH_MEASURE(2.E-2),#18);
#929=PRESENTATION_STYLE_ASSIGNMENT((#928));
#930=STYLED_ITEM('',(#929),#927);
#931=DIRECTION('',(-1.E0,0.E0,0.E0));
#932=VECTOR('',#931,4.5E-1);
#933=CARTESIAN_POINT('',(1.05E0,9.848475E-1,3.3E0));
#934=LINE('',#933,#932);
#935=CURVE_STYLE('',#25,POSITIVE_LENGTH_MEASURE(2.E-2),#18);
#936=PRESENTATION_STYLE_ASSIGNMENT((#935));
#937=STYLED_ITEM('',(#936),#934);
#938=DIRECTION('',(0.E0,-1.E0,0.E0));
#939=VECTOR('',#938,1.969695E0);
#940=CARTESIAN_POINT('',(6.E-1,9.848475E-1,3.3E0));
#941=LINE('',#940,#939);
#942=CURVE_STYLE('',#25,POSITIVE_LENGTH_MEASURE(2.E-2),#18);
#943=PRESENTATION_STYLE_ASSIGNMENT((#942));
#944=STYLED_ITEM('',(#943),#941);
#945=DIRECTION('',(-1.E0,0.E0,0.E0));
#946=VECTOR('',#945,4.5E-1);
#947=CARTESIAN_POINT('',(1.05E0,-9.848475E-1,3.3E0));
#948=LINE('',#947,#946);
#949=CURVE_STYLE('',#25,POSITIVE_LENGTH_MEASURE(2.E-2),#18);
#950=PRESENTATION_STYLE_ASSIGNMENT((#949));
#951=STYLED_ITEM('',(#950),#948);
#952=DIRECTION('',(0.E0,-1.E0,0.E0));
#953=VECTOR('',#952,1.42878975E0);
#954=CARTESIAN_POINT('',(1.05E0,-9.848475E-1,3.3E0));
#955=LINE('',#954,#953);
#956=CURVE_STYLE('',#25,POSITIVE_LENGTH_MEASURE(2.E-2),#18);
#957=PRESENTATION_STYLE_ASSIGNMENT((#956));
#958=STYLED_ITEM('',(#957),#955);
#959=DIRECTION('',(1.E0,0.E0,0.E0));
#960=VECTOR('',#959,1.05E0);
#961=CARTESIAN_POINT('',(0.E0,-2.41363725E0,3.3E0));
#962=LINE('',#961,#960);
#963=CURVE_STYLE('',#25,POSITIVE_LENGTH_MEASURE(2.E-2),#18);
#964=PRESENTATION_STYLE_ASSIGNMENT((#963));
#965=STYLED_ITEM('',(#964),#962);
#966=DIRECTION('',(1.E0,0.E0,0.E0));
#967=VECTOR('',#966,2.E-1);
#968=CARTESIAN_POINT('',(0.E0,-5.E-1,3.3E0));
#969=LINE('',#968,#967);
#970=CURVE_STYLE('',#25,POSITIVE_LENGTH_MEASURE(2.E-2),#18);
#971=PRESENTATION_STYLE_ASSIGNMENT((#970));
#972=STYLED_ITEM('',(#971),#969);
#973=DIRECTION('',(0.E0,1.E0,0.E0));
#974=VECTOR('',#973,1.5E-1);
#975=CARTESIAN_POINT('',(2.E-1,-5.E-1,3.3E0));
#976=LINE('',#975,#974);
#977=CURVE_STYLE('',#25,POSITIVE_LENGTH_MEASURE(2.E-2),#18);
#978=PRESENTATION_STYLE_ASSIGNMENT((#977));
#979=STYLED_ITEM('',(#978),#976);
#980=DIRECTION('',(0.E0,-1.E0,0.E0));
#981=VECTOR('',#980,7.E-1);
#982=CARTESIAN_POINT('',(2.E-1,3.5E-1,3.3E0));
#983=LINE('',#982,#981);
#984=CURVE_STYLE('',#25,POSITIVE_LENGTH_MEASURE(2.E-2),#18);
#985=PRESENTATION_STYLE_ASSIGNMENT((#984));
#986=STYLED_ITEM('',(#985),#983);
#987=DIRECTION('',(0.E0,1.E0,0.E0));
#988=VECTOR('',#987,1.5E-1);
#989=CARTESIAN_POINT('',(2.E-1,3.5E-1,3.3E0));
#990=LINE('',#989,#988);
#991=CURVE_STYLE('',#25,POSITIVE_LENGTH_MEASURE(2.E-2),#18);
#992=PRESENTATION_STYLE_ASSIGNMENT((#991));
#993=STYLED_ITEM('',(#992),#990);
#994=DIRECTION('',(1.E0,0.E0,0.E0));
#995=VECTOR('',#994,2.E-1);
#996=CARTESIAN_POINT('',(0.E0,5.E-1,3.3E0));
#997=LINE('',#996,#995);
#998=CURVE_STYLE('',#25,POSITIVE_LENGTH_MEASURE(2.E-2),#18);
#999=PRESENTATION_STYLE_ASSIGNMENT((#998));
#1000=STYLED_ITEM('',(#999),#997);
#1001=DIRECTION('',(1.E0,0.E0,0.E0));
#1002=VECTOR('',#1001,1.05E0);
#1003=CARTESIAN_POINT('',(0.E0,2.41363725E0,3.3E0));
#1004=LINE('',#1003,#1002);
#1005=CURVE_STYLE('',#25,POSITIVE_LENGTH_MEASURE(2.E-2),#18);
#1006=PRESENTATION_STYLE_ASSIGNMENT((#1005));
#1007=STYLED_ITEM('',(#1006),#1004);
#1008=DIRECTION('',(0.E0,0.E0,1.E0));
#1009=VECTOR('',#1008,3.079145396991E-1);
#1010=CARTESIAN_POINT('',(6.E-1,9.848475E-1,-3.3E0));
#1011=LINE('',#1010,#1009);
#1012=CURVE_STYLE('',#25,POSITIVE_LENGTH_MEASURE(2.E-2),#18);
#1013=PRESENTATION_STYLE_ASSIGNMENT((#1012));
#1014=STYLED_ITEM('',(#1013),#1011);
#1015=DIRECTION('',(0.E0,0.E0,1.E0));
#1016=VECTOR('',#1015,3.079145396992E-1);
#1017=CARTESIAN_POINT('',(1.05E0,9.848475E-1,2.992085460301E0));
#1018=LINE('',#1017,#1016);
#1019=CURVE_STYLE('',#25,POSITIVE_LENGTH_MEASURE(2.E-2),#18);
#1020=PRESENTATION_STYLE_ASSIGNMENT((#1019));
#1021=STYLED_ITEM('',(#1020),#1018);
#1022=DIRECTION('',(0.E0,0.E0,1.E0));
#1023=VECTOR('',#1022,3.079145396992E-1);
#1024=CARTESIAN_POINT('',(6.E-1,9.848475E-1,2.992085460301E0));
#1025=LINE('',#1024,#1023);
#1026=CURVE_STYLE('',#25,POSITIVE_LENGTH_MEASURE(2.E-2),#18);
#1027=PRESENTATION_STYLE_ASSIGNMENT((#1026));
#1028=STYLED_ITEM('',(#1027),#1025);
#1029=DIRECTION('',(0.E0,0.E0,1.E0));
#1030=VECTOR('',#1029,3.079145396992E-1);
#1031=CARTESIAN_POINT('',(6.E-1,-9.848475E-1,-3.3E0));
#1032=LINE('',#1031,#1030);
#1033=CURVE_STYLE('',#25,POSITIVE_LENGTH_MEASURE(2.E-2),#18);
#1034=PRESENTATION_STYLE_ASSIGNMENT((#1033));
#1035=STYLED_ITEM('',(#1034),#1032);
#1036=DIRECTION('',(0.E0,0.E0,1.E0));
#1037=VECTOR('',#1036,3.079145396992E-1);
#1038=CARTESIAN_POINT('',(6.E-1,-9.848475E-1,2.992085460301E0));
#1039=LINE('',#1038,#1037);
#1040=CURVE_STYLE('',#25,POSITIVE_LENGTH_MEASURE(2.E-2),#18);
#1041=PRESENTATION_STYLE_ASSIGNMENT((#1040));
#1042=STYLED_ITEM('',(#1041),#1039);
#1043=DIRECTION('',(0.E0,0.E0,1.E0));
#1044=VECTOR('',#1043,3.079145396992E-1);
#1045=CARTESIAN_POINT('',(1.05E0,-9.848475E-1,2.992085460301E0));
#1046=LINE('',#1045,#1044);
#1047=CURVE_STYLE('',#25,POSITIVE_LENGTH_MEASURE(2.E-2),#18);
#1048=PRESENTATION_STYLE_ASSIGNMENT((#1047));
#1049=STYLED_ITEM('',(#1048),#1046);
#1050=CARTESIAN_POINT('',(6.E-1,0.E0,0.E0));
#1051=DIRECTION('',(1.E0,0.E0,0.E0));
#1052=DIRECTION('',(0.E0,-1.E0,0.E0));
#1053=AXIS2_PLACEMENT_3D('',#1050,#1051,#1052);
#1055=CURVE_STYLE('',#25,POSITIVE_LENGTH_MEASURE(2.E-2),#18);
#1056=PRESENTATION_STYLE_ASSIGNMENT((#1055));
#1057=STYLED_ITEM('',(#1056),#1054);
#1058=DIRECTION('',(-1.E0,0.E0,0.E0));
#1059=VECTOR('',#1058,1.E-1);
#1060=CARTESIAN_POINT('',(6.E-1,-3.15E0,0.E0));
#1061=LINE('',#1060,#1059);
#1062=CURVE_STYLE('',#25,POSITIVE_LENGTH_MEASURE(2.E-2),#18);
#1063=PRESENTATION_STYLE_ASSIGNMENT((#1062));
#1064=STYLED_ITEM('',(#1063),#1061);
#1065=CARTESIAN_POINT('',(6.E-1,0.E0,0.E0));
#1066=DIRECTION('',(1.E0,0.E0,0.E0));
#1067=DIRECTION('',(0.E0,9.498684000955E-1,-3.1265E-1));
#1068=AXIS2_PLACEMENT_3D('',#1065,#1066,#1067);
#1070=CURVE_STYLE('',#25,POSITIVE_LENGTH_MEASURE(2.E-2),#18);
#1071=PRESENTATION_STYLE_ASSIGNMENT((#1070));
#1072=STYLED_ITEM('',(#1071),#1069);
#1073=DIRECTION('',(1.E0,0.E0,0.E0));
#1074=VECTOR('',#1073,1.E0);
#1075=CARTESIAN_POINT('',(6.E-1,2.992085460301E0,-9.848475E-1));
#1076=LINE('',#1075,#1074);
#1077=CURVE_STYLE('',#25,POSITIVE_LENGTH_MEASURE(2.E-2),#18);
#1078=PRESENTATION_STYLE_ASSIGNMENT((#1077));
#1079=STYLED_ITEM('',(#1078),#1076);
#1080=DIRECTION('',(1.E0,0.E0,0.E0));
#1081=VECTOR('',#1080,1.E0);
#1082=CARTESIAN_POINT('',(6.E-1,9.848475E-1,-2.992085460301E0));
#1083=LINE('',#1082,#1081);
#1084=CURVE_STYLE('',#25,POSITIVE_LENGTH_MEASURE(2.E-2),#18);
#1085=PRESENTATION_STYLE_ASSIGNMENT((#1084));
#1086=STYLED_ITEM('',(#1085),#1083);
#1087=CARTESIAN_POINT('',(6.E-1,0.E0,0.E0));
#1088=DIRECTION('',(1.E0,0.E0,0.E0));
#1089=DIRECTION('',(0.E0,-3.1265E-1,-9.498684000955E-1));
#1090=AXIS2_PLACEMENT_3D('',#1087,#1088,#1089);
#1092=CURVE_STYLE('',#25,POSITIVE_LENGTH_MEASURE(2.E-2),#18);
#1093=PRESENTATION_STYLE_ASSIGNMENT((#1092));
#1094=STYLED_ITEM('',(#1093),#1091);
#1095=DIRECTION('',(1.E0,0.E0,0.E0));
#1096=VECTOR('',#1095,1.E0);
#1097=CARTESIAN_POINT('',(6.E-1,-9.848475E-1,-2.992085460301E0));
#1098=LINE('',#1097,#1096);
#1099=CURVE_STYLE('',#25,POSITIVE_LENGTH_MEASURE(2.E-2),#18);
#1100=PRESENTATION_STYLE_ASSIGNMENT((#1099));
#1101=STYLED_ITEM('',(#1100),#1098);
#1102=DIRECTION('',(1.E0,0.E0,0.E0));
#1103=VECTOR('',#1102,1.E0);
#1104=CARTESIAN_POINT('',(6.E-1,-2.992085460301E0,-9.848475E-1));
#1105=LINE('',#1104,#1103);
#1106=CURVE_STYLE('',#25,POSITIVE_LENGTH_MEASURE(2.E-2),#18);
#1107=PRESENTATION_STYLE_ASSIGNMENT((#1106));
#1108=STYLED_ITEM('',(#1107),#1105);
#1109=CARTESIAN_POINT('',(5.E-1,0.E0,0.E0));
#1110=DIRECTION('',(1.E0,0.E0,0.E0));
#1111=DIRECTION('',(0.E0,1.E0,0.E0));
#1112=AXIS2_PLACEMENT_3D('',#1109,#1110,#1111);
#1114=CURVE_STYLE('',#25,POSITIVE_LENGTH_MEASURE(2.E-2),#18);
#1115=PRESENTATION_STYLE_ASSIGNMENT((#1114));
#1116=STYLED_ITEM('',(#1115),#1113);
#1117=CARTESIAN_POINT('',(5.E-1,0.E0,0.E0));
#1118=DIRECTION('',(1.E0,0.E0,0.E0));
#1119=DIRECTION('',(0.E0,-1.E0,0.E0));
#1120=AXIS2_PLACEMENT_3D('',#1117,#1118,#1119);
#1122=CURVE_STYLE('',#25,POSITIVE_LENGTH_MEASURE(2.E-2),#18);
#1123=PRESENTATION_STYLE_ASSIGNMENT((#1122));
#1124=STYLED_ITEM('',(#1123),#1121);
#1125=DIRECTION('',(0.E0,0.E0,1.E0));
#1126=VECTOR('',#1125,7.7514925E-1);
#1127=CARTESIAN_POINT('',(1.E-1,-5.E-1,1.49E0));
#1128=LINE('',#1127,#1126);
#1129=CURVE_STYLE('',#25,POSITIVE_LENGTH_MEASURE(2.E-2),#18);
#1130=PRESENTATION_STYLE_ASSIGNMENT((#1129));
#1131=STYLED_ITEM('',(#1130),#1128);
#1132=DIRECTION('',(1.E0,0.E0,0.E0));
#1133=VECTOR('',#1132,1.E-1);
#1134=CARTESIAN_POINT('',(1.E-1,-5.E-1,1.49E0));
#1135=LINE('',#1134,#1133);
#1136=CURVE_STYLE('',#25,POSITIVE_LENGTH_MEASURE(2.E-2),#18);
#1137=PRESENTATION_STYLE_ASSIGNMENT((#1136));
#1138=STYLED_ITEM('',(#1137),#1135);
#1139=DIRECTION('',(0.E0,0.E0,1.E0));
#1140=VECTOR('',#1139,1.81E0);
#1141=CARTESIAN_POINT('',(2.E-1,-5.E-1,1.49E0));
#1142=LINE('',#1141,#1140);
#1143=CURVE_STYLE('',#25,POSITIVE_LENGTH_MEASURE(2.E-2),#18);
#1144=PRESENTATION_STYLE_ASSIGNMENT((#1143));
#1145=STYLED_ITEM('',(#1144),#1142);
#1146=DIRECTION('',(0.E0,0.E0,-1.E0));
#1147=VECTOR('',#1146,1.03485075E0);
#1148=CARTESIAN_POINT('',(0.E0,-5.E-1,3.3E0));
#1149=LINE('',#1148,#1147);
#1150=CURVE_STYLE('',#25,POSITIVE_LENGTH_MEASURE(2.E-2),#18);
#1151=PRESENTATION_STYLE_ASSIGNMENT((#1150));
#1152=STYLED_ITEM('',(#1151),#1149);
#1153=DIRECTION('',(1.E0,0.E0,0.E0));
#1154=VECTOR('',#1153,1.E-1);
#1155=CARTESIAN_POINT('',(0.E0,-5.E-1,2.26514925E0));
#1156=LINE('',#1155,#1154);
#1157=CURVE_STYLE('',#25,POSITIVE_LENGTH_MEASURE(2.E-2),#18);
#1158=PRESENTATION_STYLE_ASSIGNMENT((#1157));
#1159=STYLED_ITEM('',(#1158),#1156);
#1160=CARTESIAN_POINT('',(1.E-1,-1.E-2,1.49E0));
#1161=DIRECTION('',(-1.E0,0.E0,0.E0));
#1162=DIRECTION('',(0.E0,0.E0,-1.E0));
#1163=AXIS2_PLACEMENT_3D('',#1160,#1161,#1162);
#1165=CURVE_STYLE('',#25,POSITIVE_LENGTH_MEASURE(2.E-2),#18);
#1166=PRESENTATION_STYLE_ASSIGNMENT((#1165));
#1167=STYLED_ITEM('',(#1166),#1164);
#1168=DIRECTION('',(1.E0,0.E0,0.E0));
#1169=VECTOR('',#1168,1.E-1);
#1170=CARTESIAN_POINT('',(1.E-1,-1.E-2,1.E0));
#1171=LINE('',#1170,#1169);
#1172=CURVE_STYLE('',#25,POSITIVE_LENGTH_MEASURE(2.E-2),#18);
#1173=PRESENTATION_STYLE_ASSIGNMENT((#1172));
#1174=STYLED_ITEM('',(#1173),#1171);
#1175=DIRECTION('',(0.E0,-1.E0,0.E0));
#1176=VECTOR('',#1175,2.E-2);
#1177=CARTESIAN_POINT('',(1.E-1,1.E-2,1.E0));
#1178=LINE('',#1177,#1176);
#1179=CURVE_STYLE('',#25,POSITIVE_LENGTH_MEASURE(2.E-2),#18);
#1180=PRESENTATION_STYLE_ASSIGNMENT((#1179));
#1181=STYLED_ITEM('',(#1180),#1178);
#1182=DIRECTION('',(1.E0,0.E0,0.E0));
#1183=VECTOR('',#1182,1.E-1);
#1184=CARTESIAN_POINT('',(1.E-1,1.E-2,1.E0));
#1185=LINE('',#1184,#1183);
#1186=CURVE_STYLE('',#25,POSITIVE_LENGTH_MEASURE(2.E-2),#18);
#1187=PRESENTATION_STYLE_ASSIGNMENT((#1186));
#1188=STYLED_ITEM('',(#1187),#1185);
#1189=CARTESIAN_POINT('',(1.E-1,1.E-2,1.49E0));
#1190=DIRECTION('',(-1.E0,0.E0,0.E0));
#1191=DIRECTION('',(0.E0,1.E0,0.E0));
#1192=AXIS2_PLACEMENT_3D('',#1189,#1190,#1191);
#1194=CURVE_STYLE('',#25,POSITIVE_LENGTH_MEASURE(2.E-2),#18);
#1195=PRESENTATION_STYLE_ASSIGNMENT((#1194));
#1196=STYLED_ITEM('',(#1195),#1193);
#1197=DIRECTION('',(1.E0,0.E0,0.E0));
#1198=VECTOR('',#1197,1.E-1);
#1199=CARTESIAN_POINT('',(1.E-1,5.E-1,1.49E0));
#1200=LINE('',#1199,#1198);
#1201=CURVE_STYLE('',#25,POSITIVE_LENGTH_MEASURE(2.E-2),#18);
#1202=PRESENTATION_STYLE_ASSIGNMENT((#1201));
#1203=STYLED_ITEM('',(#1202),#1200);
#1204=DIRECTION('',(0.E0,0.E0,-1.E0));
#1205=VECTOR('',#1204,1.75E0);
#1206=CARTESIAN_POINT('',(2.E-1,3.5E-1,3.3E0));
#1207=LINE('',#1206,#1205);
#1208=CURVE_STYLE('',#25,POSITIVE_LENGTH_MEASURE(2.E-2),#18);
#1209=PRESENTATION_STYLE_ASSIGNMENT((#1208));
#1210=STYLED_ITEM('',(#1209),#1207);
#1211=DIRECTION('',(0.E0,0.E0,-1.E0));
#1212=VECTOR('',#1211,1.75E0);
#1213=CARTESIAN_POINT('',(2.E-1,-3.5E-1,3.3E0));
#1214=LINE('',#1213,#1212);
#1215=CURVE_STYLE('',#25,POSITIVE_LENGTH_MEASURE(2.E-2),#18);
#1216=PRESENTATION_STYLE_ASSIGNMENT((#1215));
#1217=STYLED_ITEM('',(#1216),#1214);
#1218=CARTESIAN_POINT('',(2.E-1,-1.E-2,1.49E0));
#1219=DIRECTION('',(-1.E0,0.E0,0.E0));
#1220=DIRECTION('',(0.E0,0.E0,-1.E0));
#1221=AXIS2_PLACEMENT_3D('',#1218,#1219,#1220);
#1223=CURVE_STYLE('',#25,POSITIVE_LENGTH_MEASURE(2.E-2),#18);
#1224=PRESENTATION_STYLE_ASSIGNMENT((#1223));
#1225=STYLED_ITEM('',(#1224),#1222);
#1226=DIRECTION('',(0.E0,-1.E0,0.E0));
#1227=VECTOR('',#1226,2.E-2);
#1228=CARTESIAN_POINT('',(2.E-1,1.E-2,1.E0));
#1229=LINE('',#1228,#1227);
#1230=CURVE_STYLE('',#25,POSITIVE_LENGTH_MEASURE(2.E-2),#18);
#1231=PRESENTATION_STYLE_ASSIGNMENT((#1230));
#1232=STYLED_ITEM('',(#1231),#1229);
#1233=CARTESIAN_POINT('',(2.E-1,1.E-2,1.49E0));
#1234=DIRECTION('',(-1.E0,0.E0,0.E0));
#1235=DIRECTION('',(0.E0,1.E0,0.E0));
#1236=AXIS2_PLACEMENT_3D('',#1233,#1234,#1235);
#1238=CURVE_STYLE('',#25,POSITIVE_LENGTH_MEASURE(2.E-2),#18);
#1239=PRESENTATION_STYLE_ASSIGNMENT((#1238));
#1240=STYLED_ITEM('',(#1239),#1237);
#1241=DIRECTION('',(-7.124704998791E-2,0.E0,9.974586998307E-1));
#1242=VECTOR('',#1241,1.754458605952E0);
#1243=CARTESIAN_POINT('',(2.5E-2,3.5E-1,1.55E0));
#1244=LINE('',#1243,#1242);
#1245=CURVE_STYLE('',#25,POSITIVE_LENGTH_MEASURE(2.E-2),#18);
#1246=PRESENTATION_STYLE_ASSIGNMENT((#1245));
#1247=STYLED_ITEM('',(#1246),#1244);
#1248=DIRECTION('',(-1.E0,0.E0,0.E0));
#1249=VECTOR('',#1248,1.75E-1);
#1250=CARTESIAN_POINT('',(2.E-1,3.5E-1,1.55E0));
#1251=LINE('',#1250,#1249);
#1252=CURVE_STYLE('',#25,POSITIVE_LENGTH_MEASURE(2.E-2),#18);
#1253=PRESENTATION_STYLE_ASSIGNMENT((#1252));
#1254=STYLED_ITEM('',(#1253),#1251);
#1255=DIRECTION('',(-1.E0,0.E0,0.E0));
#1256=VECTOR('',#1255,3.E-1);
#1257=CARTESIAN_POINT('',(2.E-1,3.5E-1,3.8E0));
#1258=LINE('',#1257,#1256);
#1259=CURVE_STYLE('',#25,POSITIVE_LENGTH_MEASURE(2.E-2),#18);
#1260=PRESENTATION_STYLE_ASSIGNMENT((#1259));
#1261=STYLED_ITEM('',(#1260),#1258);
#1262=DIRECTION('',(0.E0,0.E0,-1.E0));
#1263=VECTOR('',#1262,5.E-1);
#1264=CARTESIAN_POINT('',(-1.E-1,3.5E-1,3.8E0));
#1265=LINE('',#1264,#1263);
#1266=CURVE_STYLE('',#25,POSITIVE_LENGTH_MEASURE(2.E-2),#18);
#1267=PRESENTATION_STYLE_ASSIGNMENT((#1266));
#1268=STYLED_ITEM('',(#1267),#1265);
#1269=DIRECTION('',(0.E0,-1.E0,0.E0));
#1270=VECTOR('',#1269,7.E-1);
#1271=CARTESIAN_POINT('',(-1.E-1,3.5E-1,3.3E0));
#1272=LINE('',#1271,#1270);
#1273=CURVE_STYLE('',#25,POSITIVE_LENGTH_MEASURE(2.E-2),#18);
#1274=PRESENTATION_STYLE_ASSIGNMENT((#1273));
#1275=STYLED_ITEM('',(#1274),#1272);
#1276=DIRECTION('',(0.E0,1.E0,0.E0));
#1277=VECTOR('',#1276,7.E-1);
#1278=CARTESIAN_POINT('',(-1.E-1,-3.5E-1,3.8E0));
#1279=LINE('',#1278,#1277);
#1280=CURVE_STYLE('',#25,POSITIVE_LENGTH_MEASURE(2.E-2),#18);
#1281=PRESENTATION_STYLE_ASSIGNMENT((#1280));
#1282=STYLED_ITEM('',(#1281),#1279);
#1283=DIRECTION('',(-1.E0,0.E0,0.E0));
#1284=VECTOR('',#1283,3.E-1);
#1285=CARTESIAN_POINT('',(2.E-1,-3.5E-1,3.8E0));
#1286=LINE('',#1285,#1284);
#1287=CURVE_STYLE('',#25,POSITIVE_LENGTH_MEASURE(2.E-2),#18);
#1288=PRESENTATION_STYLE_ASSIGNMENT((#1287));
#1289=STYLED_ITEM('',(#1288),#1286);
#1290=DIRECTION('',(0.E0,0.E0,1.E0));
#1291=VECTOR('',#1290,5.E-1);
#1292=CARTESIAN_POINT('',(2.E-1,-3.5E-1,3.3E0));
#1293=LINE('',#1292,#1291);
#1294=CURVE_STYLE('',#25,POSITIVE_LENGTH_MEASURE(2.E-2),#18);
#1295=PRESENTATION_STYLE_ASSIGNMENT((#1294));
#1296=STYLED_ITEM('',(#1295),#1293);
#1297=DIRECTION('',(0.E0,1.E0,0.E0));
#1298=VECTOR('',#1297,7.E-1);
#1299=CARTESIAN_POINT('',(2.E-1,-3.5E-1,3.8E0));
#1300=LINE('',#1299,#1298);
#1301=CURVE_STYLE('',#25,POSITIVE_LENGTH_MEASURE(2.E-2),#18);
#1302=PRESENTATION_STYLE_ASSIGNMENT((#1301));
#1303=STYLED_ITEM('',(#1302),#1300);
#1304=DIRECTION('',(0.E0,0.E0,-1.E0));
#1305=VECTOR('',#1304,5.E-1);
#1306=CARTESIAN_POINT('',(2.E-1,3.5E-1,3.8E0));
#1307=LINE('',#1306,#1305);
#1308=CURVE_STYLE('',#25,POSITIVE_LENGTH_MEASURE(2.E-2),#18);
#1309=PRESENTATION_STYLE_ASSIGNMENT((#1308));
#1310=STYLED_ITEM('',(#1309),#1307);
#1311=DIRECTION('',(-7.124704998791E-2,0.E0,9.974586998307E-1));
#1312=VECTOR('',#1311,1.754458605952E0);
#1313=CARTESIAN_POINT('',(2.5E-2,-3.5E-1,1.55E0));
#1314=LINE('',#1313,#1312);
#1315=CURVE_STYLE('',#25,POSITIVE_LENGTH_MEASURE(2.E-2),#18);
#1316=PRESENTATION_STYLE_ASSIGNMENT((#1315));
#1317=STYLED_ITEM('',(#1316),#1314);
#1318=DIRECTION('',(0.E0,0.E0,1.E0));
#1319=VECTOR('',#1318,5.E-1);
#1320=CARTESIAN_POINT('',(-1.E-1,-3.5E-1,3.3E0));
#1321=LINE('',#1320,#1319);
#1322=CURVE_STYLE('',#25,POSITIVE_LENGTH_MEASURE(2.E-2),#18);
#1323=PRESENTATION_STYLE_ASSIGNMENT((#1322));
#1324=STYLED_ITEM('',(#1323),#1321);
#1325=DIRECTION('',(-1.E0,0.E0,0.E0));
#1326=VECTOR('',#1325,1.75E-1);
#1327=CARTESIAN_POINT('',(2.E-1,-3.5E-1,1.55E0));
#1328=LINE('',#1327,#1326);
#1329=CURVE_STYLE('',#25,POSITIVE_LENGTH_MEASURE(2.E-2),#18);
#1330=PRESENTATION_STYLE_ASSIGNMENT((#1329));
#1331=STYLED_ITEM('',(#1330),#1328);
#1332=CARTESIAN_POINT('',(2.5E-2,3.5E-1,1.55E0));
#1333=CARTESIAN_POINT('',(2.794627825494E-2,3.5E-1,1.508752104431E0));
#1334=CARTESIAN_POINT('',(3.431094639011E-2,3.350678955776E-1,
1.419646750538E0));
#1335=CARTESIAN_POINT('',(4.320647668647E-2,2.548177977096E-1,
1.295109326389E0));
#1336=CARTESIAN_POINT('',(4.797538281608E-2,1.512905946813E-1,
1.228344640575E0));
#1337=CARTESIAN_POINT('',(4.973713817345E-2,6.321281507165E-2,
1.203680065572E0));
#1338=CARTESIAN_POINT('',(5.013143091328E-2,0.E0,1.198159967214E0));
#1339=CARTESIAN_POINT('',(4.973713817345E-2,-6.321281507165E-2,
1.203680065572E0));
#1340=CARTESIAN_POINT('',(4.797538281608E-2,-1.512905946813E-1,
1.228344640575E0));
#1341=CARTESIAN_POINT('',(4.320647668647E-2,-2.548177977096E-1,
1.295109326389E0));
#1342=CARTESIAN_POINT('',(3.431094639011E-2,-3.350678955776E-1,
1.419646750538E0));
#1343=CARTESIAN_POINT('',(2.794627825494E-2,-3.5E-1,1.508752104431E0));
#1344=CARTESIAN_POINT('',(2.5E-2,-3.5E-1,1.55E0));
#1346=CURVE_STYLE('',#25,POSITIVE_LENGTH_MEASURE(2.E-2),#18);
#1347=PRESENTATION_STYLE_ASSIGNMENT((#1346));
#1348=STYLED_ITEM('',(#1347),#1345);
#1349=CARTESIAN_POINT('',(2.E-1,0.E0,1.55E0));
#1350=DIRECTION('',(1.E0,0.E0,0.E0));
#1351=DIRECTION('',(0.E0,-1.E0,0.E0));
#1352=AXIS2_PLACEMENT_3D('',#1349,#1350,#1351);
#1354=CURVE_STYLE('',#25,POSITIVE_LENGTH_MEASURE(2.E-2),#18);
#1355=PRESENTATION_STYLE_ASSIGNMENT((#1354));
#1356=STYLED_ITEM('',(#1355),#1353);
#1357=DIRECTION('',(0.E0,-7.071067811865E-1,7.071067811865E-1));
#1358=VECTOR('',#1357,1.253506222232E0);
#1359=CARTESIAN_POINT('',(1.05E0,3.3E0,2.41363725E0));
#1360=LINE('',#1359,#1358);
#1361=CURVE_STYLE('',#25,POSITIVE_LENGTH_MEASURE(2.E-2),#18);
#1362=PRESENTATION_STYLE_ASSIGNMENT((#1361));
#1363=STYLED_ITEM('',(#1362),#1360);
#1364=DIRECTION('',(-1.E0,0.E0,0.E0));
#1365=VECTOR('',#1364,1.916670810600E-2);
#1366=CARTESIAN_POINT('',(0.E0,-2.412876375E0,2.284163897652E0));
#1367=LINE('',#1366,#1365);
#1368=CURVE_STYLE('',#25,POSITIVE_LENGTH_MEASURE(2.E-2),#18);
#1369=PRESENTATION_STYLE_ASSIGNMENT((#1368));
#1370=STYLED_ITEM('',(#1369),#1367);
#1371=DIRECTION('',(-1.E0,0.E0,0.E0));
#1372=VECTOR('',#1371,1.916670810600E-2);
#1373=CARTESIAN_POINT('',(0.E0,-2.412876375E0,2.590831227348E0));
#1374=LINE('',#1373,#1372);
#1375=CURVE_STYLE('',#25,POSITIVE_LENGTH_MEASURE(2.E-2),#18);
#1376=PRESENTATION_STYLE_ASSIGNMENT((#1375));
#1377=STYLED_ITEM('',(#1376),#1374);
#1378=CARTESIAN_POINT('',(-1.916670810600E-2,-2.412876375E0,2.437497562500E0));
#1379=DIRECTION('',(-1.E0,0.E0,0.E0));
#1380=DIRECTION('',(0.E0,0.E0,-1.E0));
#1381=AXIS2_PLACEMENT_3D('',#1378,#1379,#1380);
#1383=CURVE_STYLE('',#25,POSITIVE_LENGTH_MEASURE(2.E-2),#18);
#1384=PRESENTATION_STYLE_ASSIGNMENT((#1383));
#1385=STYLED_ITEM('',(#1384),#1382);
#1386=CARTESIAN_POINT('',(-1.916670810600E-2,-2.412876375E0,2.437497562500E0));
#1387=DIRECTION('',(-1.E0,0.E0,0.E0));
#1388=DIRECTION('',(0.E0,0.E0,1.E0));
#1389=AXIS2_PLACEMENT_3D('',#1386,#1387,#1388);
#1391=CURVE_STYLE('',#25,POSITIVE_LENGTH_MEASURE(2.E-2),#18);
#1392=PRESENTATION_STYLE_ASSIGNMENT((#1391));
#1393=STYLED_ITEM('',(#1392),#1390);
#1394=CARTESIAN_POINT('',(-1.916670810600E-2,-2.412876375E0,-2.437497562500E0));
#1395=DIRECTION('',(-1.E0,0.E0,0.E0));
#1396=DIRECTION('',(0.E0,0.E0,-1.E0));
#1397=AXIS2_PLACEMENT_3D('',#1394,#1395,#1396);
#1399=CURVE_STYLE('',#25,POSITIVE_LENGTH_MEASURE(2.E-2),#18);
#1400=PRESENTATION_STYLE_ASSIGNMENT((#1399));
#1401=STYLED_ITEM('',(#1400),#1398);
#1402=CARTESIAN_POINT('',(-1.916670810600E-2,-2.412876375E0,-2.437497562500E0));
#1403=DIRECTION('',(-1.E0,0.E0,0.E0));
#1404=DIRECTION('',(0.E0,0.E0,1.E0));
#1405=AXIS2_PLACEMENT_3D('',#1402,#1403,#1404);
#1407=CURVE_STYLE('',#25,POSITIVE_LENGTH_MEASURE(2.E-2),#18);
#1408=PRESENTATION_STYLE_ASSIGNMENT((#1407));
#1409=STYLED_ITEM('',(#1408),#1406);
#1410=CARTESIAN_POINT('',(-1.916670810600E-2,2.412876375E0,-2.437497562500E0));
#1411=DIRECTION('',(-1.E0,0.E0,0.E0));
#1412=DIRECTION('',(0.E0,0.E0,-1.E0));
#1413=AXIS2_PLACEMENT_3D('',#1410,#1411,#1412);
#1415=CURVE_STYLE('',#25,POSITIVE_LENGTH_MEASURE(2.E-2),#18);
#1416=PRESENTATION_STYLE_ASSIGNMENT((#1415));
#1417=STYLED_ITEM('',(#1416),#1414);
#1418=CARTESIAN_POINT('',(-1.916670810600E-2,2.412876375E0,-2.437497562500E0));
#1419=DIRECTION('',(-1.E0,0.E0,0.E0));
#1420=DIRECTION('',(0.E0,0.E0,1.E0));
#1421=AXIS2_PLACEMENT_3D('',#1418,#1419,#1420);
#1423=CURVE_STYLE('',#25,POSITIVE_LENGTH_MEASURE(2.E-2),#18);
#1424=PRESENTATION_STYLE_ASSIGNMENT((#1423));
#1425=STYLED_ITEM('',(#1424),#1422);
#1426=CARTESIAN_POINT('',(-1.916670810600E-2,2.412876375E0,2.437497562500E0));
#1427=DIRECTION('',(-1.E0,0.E0,0.E0));
#1428=DIRECTION('',(0.E0,0.E0,-1.E0));
#1429=AXIS2_PLACEMENT_3D('',#1426,#1427,#1428);
#1431=CURVE_STYLE('',#25,POSITIVE_LENGTH_MEASURE(2.E-2),#18);
#1432=PRESENTATION_STYLE_ASSIGNMENT((#1431));
#1433=STYLED_ITEM('',(#1432),#1430);
#1434=CARTESIAN_POINT('',(-1.916670810600E-2,2.412876375E0,2.437497562500E0));
#1435=DIRECTION('',(-1.E0,0.E0,0.E0));
#1436=DIRECTION('',(0.E0,0.E0,1.E0));
#1437=AXIS2_PLACEMENT_3D('',#1434,#1435,#1436);
#1439=CURVE_STYLE('',#25,POSITIVE_LENGTH_MEASURE(2.E-2),#18);
#1440=PRESENTATION_STYLE_ASSIGNMENT((#1439));
#1441=STYLED_ITEM('',(#1440),#1438);
#1442=DIRECTION('',(-1.E0,0.E0,0.E0));
#1443=VECTOR('',#1442,1.916670810600E-2);
#1444=CARTESIAN_POINT('',(0.E0,-2.412876375E0,-2.590831227348E0));
#1445=LINE('',#1444,#1443);
#1446=CURVE_STYLE('',#25,POSITIVE_LENGTH_MEASURE(2.E-2),#18);
#1447=PRESENTATION_STYLE_ASSIGNMENT((#1446));
#1448=STYLED_ITEM('',(#1447),#1445);
#1449=DIRECTION('',(-1.E0,0.E0,0.E0));
#1450=VECTOR('',#1449,1.916670810600E-2);
#1451=CARTESIAN_POINT('',(0.E0,-2.412876375E0,-2.284163897652E0));
#1452=LINE('',#1451,#1450);
#1453=CURVE_STYLE('',#25,POSITIVE_LENGTH_MEASURE(2.E-2),#18);
#1454=PRESENTATION_STYLE_ASSIGNMENT((#1453));
#1455=STYLED_ITEM('',(#1454),#1452);
#1456=DIRECTION('',(-1.E0,0.E0,0.E0));
#1457=VECTOR('',#1456,1.916670810600E-2);
#1458=CARTESIAN_POINT('',(0.E0,2.412876375E0,-2.590831227348E0));
#1459=LINE('',#1458,#1457);
#1460=CURVE_STYLE('',#25,POSITIVE_LENGTH_MEASURE(2.E-2),#18);
#1461=PRESENTATION_STYLE_ASSIGNMENT((#1460));
#1462=STYLED_ITEM('',(#1461),#1459);
#1463=DIRECTION('',(-1.E0,0.E0,0.E0));
#1464=VECTOR('',#1463,1.916670810600E-2);
#1465=CARTESIAN_POINT('',(0.E0,2.412876375E0,-2.284163897652E0));
#1466=LINE('',#1465,#1464);
#1467=CURVE_STYLE('',#25,POSITIVE_LENGTH_MEASURE(2.E-2),#18);
#1468=PRESENTATION_STYLE_ASSIGNMENT((#1467));
#1469=STYLED_ITEM('',(#1468),#1466);
#1470=DIRECTION('',(-1.E0,0.E0,0.E0));
#1471=VECTOR('',#1470,1.916670810600E-2);
#1472=CARTESIAN_POINT('',(0.E0,2.412876375E0,2.284163897652E0));
#1473=LINE('',#1472,#1471);
#1474=CURVE_STYLE('',#25,POSITIVE_LENGTH_MEASURE(2.E-2),#18);
#1475=PRESENTATION_STYLE_ASSIGNMENT((#1474));
#1476=STYLED_ITEM('',(#1475),#1473);
#1477=DIRECTION('',(-1.E0,0.E0,0.E0));
#1478=VECTOR('',#1477,1.916670810600E-2);
#1479=CARTESIAN_POINT('',(0.E0,2.412876375E0,2.590831227348E0));
#1480=LINE('',#1479,#1478);
#1481=CURVE_STYLE('',#25,POSITIVE_LENGTH_MEASURE(2.E-2),#18);
#1482=PRESENTATION_STYLE_ASSIGNMENT((#1481));
#1483=STYLED_ITEM('',(#1482),#1480);
#1484=CARTESIAN_POINT('',(2.E-1,1.E-2,1.E0));
#1485=CARTESIAN_POINT('',(2.E-1,-1.E-2,1.E0));
#1486=VERTEX_POINT('',#1484);
#1487=VERTEX_POINT('',#1485);
#1488=CARTESIAN_POINT('',(2.E-1,1.E-2,-1.E0));
#1489=CARTESIAN_POINT('',(2.E-1,-1.E-2,-1.E0));
#1490=VERTEX_POINT('',#1488);
#1491=VERTEX_POINT('',#1489);
#1492=CARTESIAN_POINT('',(0.E0,-2.952778125E0,-3.3E0));
#1493=CARTESIAN_POINT('',(0.E0,-5.E-1,-3.3E0));
#1494=VERTEX_POINT('',#1492);
#1495=VERTEX_POINT('',#1493);
#1496=CARTESIAN_POINT('',(0.E0,5.E-1,-3.3E0));
#1497=CARTESIAN_POINT('',(0.E0,2.952778125E0,-3.3E0));
#1498=VERTEX_POINT('',#1496);
#1499=VERTEX_POINT('',#1497);
#1500=CARTESIAN_POINT('',(0.E0,3.3E0,2.41363725E0));
#1501=CARTESIAN_POINT('',(0.E0,2.41363725E0,3.3E0));
#1502=VERTEX_POINT('',#1500);
#1503=VERTEX_POINT('',#1501);
#1504=CARTESIAN_POINT('',(0.E0,5.E-1,3.3E0));
#1505=VERTEX_POINT('',#1504);
#1506=CARTESIAN_POINT('',(0.E0,-3.3E0,2.41363725E0));
#1507=CARTESIAN_POINT('',(0.E0,-2.41363725E0,3.3E0));
#1508=VERTEX_POINT('',#1506);
#1509=VERTEX_POINT('',#1507);
#1510=CARTESIAN_POINT('',(0.E0,-5.E-1,3.3E0));
#1511=VERTEX_POINT('',#1510);
#1512=CARTESIAN_POINT('',(0.E0,-3.3E0,-2.952778125E0));
#1513=VERTEX_POINT('',#1512);
#1514=CARTESIAN_POINT('',(0.E0,3.3E0,-2.952778125E0));
#1515=VERTEX_POINT('',#1514);
#1516=CARTESIAN_POINT('',(1.6E0,-3.3E0,-2.952778125E0));
#1517=CARTESIAN_POINT('',(1.6E0,-2.952778125E0,-3.3E0));
#1518=VERTEX_POINT('',#1516);
#1519=VERTEX_POINT('',#1517);
#1520=CARTESIAN_POINT('',(1.6E0,2.952778125E0,-3.3E0));
#1521=CARTESIAN_POINT('',(1.6E0,3.3E0,-2.952778125E0));
#1522=VERTEX_POINT('',#1520);
#1523=VERTEX_POINT('',#1521);
#1524=CARTESIAN_POINT('',(2.E-1,-5.E-1,3.3E0));
#1525=VERTEX_POINT('',#1524);
#1526=CARTESIAN_POINT('',(2.E-1,5.E-1,3.3E0));
#1527=VERTEX_POINT('',#1526);
#1528=CARTESIAN_POINT('',(2.E-1,5.E-1,1.49E0));
#1529=VERTEX_POINT('',#1528);
#1530=CARTESIAN_POINT('',(2.E-1,-5.E-1,1.49E0));
#1531=VERTEX_POINT('',#1530);
#1532=CARTESIAN_POINT('',(2.E-1,-5.E-1,-3.3E0));
#1533=VERTEX_POINT('',#1532);
#1534=CARTESIAN_POINT('',(2.E-1,5.E-1,-3.3E0));
#1535=VERTEX_POINT('',#1534);
#1536=CARTESIAN_POINT('',(2.E-1,5.E-1,-1.49E0));
#1537=VERTEX_POINT('',#1536);
#1538=CARTESIAN_POINT('',(2.E-1,-5.E-1,-1.49E0));
#1539=VERTEX_POINT('',#1538);
#1540=CARTESIAN_POINT('',(5.E-1,3.15E0,0.E0));
#1541=CARTESIAN_POINT('',(5.E-1,-3.15E0,0.E0));
#1542=VERTEX_POINT('',#1540);
#1543=VERTEX_POINT('',#1541);
#1544=CARTESIAN_POINT('',(0.E0,3.3E0,2.26514925E0));
#1545=CARTESIAN_POINT('',(0.E0,5.E-1,2.26514925E0));
#1546=VERTEX_POINT('',#1544);
#1547=VERTEX_POINT('',#1545);
#1548=CARTESIAN_POINT('',(0.E0,-5.E-1,2.26514925E0));
#1549=CARTESIAN_POINT('',(0.E0,-3.3E0,2.26514925E0));
#1550=VERTEX_POINT('',#1548);
#1551=VERTEX_POINT('',#1549);
#1552=CARTESIAN_POINT('',(0.E0,3.3E0,-2.26514925E0));
#1553=CARTESIAN_POINT('',(0.E0,5.E-1,-2.26514925E0));
#1554=VERTEX_POINT('',#1552);
#1555=VERTEX_POINT('',#1553);
#1556=CARTESIAN_POINT('',(0.E0,-5.E-1,-2.26514925E0));
#1557=CARTESIAN_POINT('',(0.E0,-3.3E0,-2.26514925E0));
#1558=VERTEX_POINT('',#1556);
#1559=VERTEX_POINT('',#1557);
#1560=CARTESIAN_POINT('',(1.E-1,3.3E0,2.26514925E0));
#1561=CARTESIAN_POINT('',(1.E-1,3.3E0,-2.26514925E0));
#1562=VERTEX_POINT('',#1560);
#1563=VERTEX_POINT('',#1561);
#1564=CARTESIAN_POINT('',(1.E-1,-3.3E0,2.26514925E0));
#1565=CARTESIAN_POINT('',(1.E-1,-3.3E0,-2.26514925E0));
#1566=VERTEX_POINT('',#1564);
#1567=VERTEX_POINT('',#1565);
#1568=CARTESIAN_POINT('',(1.E-1,5.E-1,1.49E0));
#1569=CARTESIAN_POINT('',(1.E-1,5.E-1,2.26514925E0));
#1570=VERTEX_POINT('',#1568);
#1571=VERTEX_POINT('',#1569);
#1572=CARTESIAN_POINT('',(1.E-1,-5.E-1,1.49E0));
#1573=CARTESIAN_POINT('',(1.E-1,-5.E-1,2.26514925E0));
#1574=VERTEX_POINT('',#1572);
#1575=VERTEX_POINT('',#1573);
#1576=CARTESIAN_POINT('',(1.E-1,5.E-1,-1.49E0));
#1577=CARTESIAN_POINT('',(1.E-1,5.E-1,-2.26514925E0));
#1578=VERTEX_POINT('',#1576);
#1579=VERTEX_POINT('',#1577);
#1580=CARTESIAN_POINT('',(1.E-1,-5.E-1,-1.49E0));
#1581=CARTESIAN_POINT('',(1.E-1,-5.E-1,-2.26514925E0));
#1582=VERTEX_POINT('',#1580);
#1583=VERTEX_POINT('',#1581);
#1584=CARTESIAN_POINT('',(1.E-1,1.E-2,1.E0));
#1585=CARTESIAN_POINT('',(1.E-1,-1.E-2,1.E0));
#1586=VERTEX_POINT('',#1584);
#1587=VERTEX_POINT('',#1585);
#1588=CARTESIAN_POINT('',(1.E-1,1.E-2,-1.E0));
#1589=CARTESIAN_POINT('',(1.E-1,-1.E-2,-1.E0));
#1590=VERTEX_POINT('',#1588);
#1591=VERTEX_POINT('',#1589);
#1592=CARTESIAN_POINT('',(-1.916670810600E-2,-2.412876375E0,2.284163897652E0));
#1593=CARTESIAN_POINT('',(-1.916670810600E-2,-2.412876375E0,2.590831227348E0));
#1594=VERTEX_POINT('',#1592);
#1595=VERTEX_POINT('',#1593);
#1596=CARTESIAN_POINT('',(-1.916670810600E-2,-2.412876375E0,-2.590831227348E0));
#1597=CARTESIAN_POINT('',(-1.916670810600E-2,-2.412876375E0,-2.284163897652E0));
#1598=VERTEX_POINT('',#1596);
#1599=VERTEX_POINT('',#1597);
#1600=CARTESIAN_POINT('',(-1.916670810600E-2,2.412876375E0,-2.590831227348E0));
#1601=CARTESIAN_POINT('',(-1.916670810600E-2,2.412876375E0,-2.284163897652E0));
#1602=VERTEX_POINT('',#1600);
#1603=VERTEX_POINT('',#1601);
#1604=CARTESIAN_POINT('',(-1.916670810600E-2,2.412876375E0,2.284163897652E0));
#1605=CARTESIAN_POINT('',(-1.916670810600E-2,2.412876375E0,2.590831227348E0));
#1606=VERTEX_POINT('',#1604);
#1607=VERTEX_POINT('',#1605);
#1608=CARTESIAN_POINT('',(0.E0,-2.412876375E0,2.284163897652E0));
#1609=CARTESIAN_POINT('',(0.E0,-2.412876375E0,2.590831227348E0));
#1610=VERTEX_POINT('',#1608);
#1611=VERTEX_POINT('',#1609);
#1612=CARTESIAN_POINT('',(0.E0,-2.412876375E0,-2.590831227348E0));
#1613=CARTESIAN_POINT('',(0.E0,-2.412876375E0,-2.284163897652E0));
#1614=VERTEX_POINT('',#1612);
#1615=VERTEX_POINT('',#1613);
#1616=CARTESIAN_POINT('',(0.E0,2.412876375E0,-2.590831227348E0));
#1617=CARTESIAN_POINT('',(0.E0,2.412876375E0,-2.284163897652E0));
#1618=VERTEX_POINT('',#1616);
#1619=VERTEX_POINT('',#1617);
#1620=CARTESIAN_POINT('',(0.E0,2.412876375E0,2.284163897652E0));
#1621=CARTESIAN_POINT('',(0.E0,2.412876375E0,2.590831227348E0));
#1622=VERTEX_POINT('',#1620);
#1623=VERTEX_POINT('',#1621);
#1624=CARTESIAN_POINT('',(2.E-1,-3.5E-1,3.3E0));
#1625=VERTEX_POINT('',#1624);
#1626=CARTESIAN_POINT('',(2.E-1,3.5E-1,3.3E0));
#1627=VERTEX_POINT('',#1626);
#1628=CARTESIAN_POINT('',(2.5E-2,3.5E-1,1.55E0));
#1629=CARTESIAN_POINT('',(-1.E-1,3.5E-1,3.3E0));
#1630=VERTEX_POINT('',#1628);
#1631=VERTEX_POINT('',#1629);
#1632=CARTESIAN_POINT('',(2.5E-2,-3.5E-1,1.55E0));
#1633=CARTESIAN_POINT('',(-1.E-1,-3.5E-1,3.3E0));
#1634=VERTEX_POINT('',#1632);
#1635=VERTEX_POINT('',#1633);
#1636=CARTESIAN_POINT('',(2.E-1,-3.5E-1,1.55E0));
#1637=VERTEX_POINT('',#1636);
#1638=CARTESIAN_POINT('',(2.E-1,3.5E-1,1.55E0));
#1639=VERTEX_POINT('',#1638);
#1640=CARTESIAN_POINT('',(1.6E0,-9.848475E-1,-3.3E0));
#1641=CARTESIAN_POINT('',(1.6E0,-9.848475E-1,-2.992085460301E0));
#1642=VERTEX_POINT('',#1640);
#1643=VERTEX_POINT('',#1641);
#1644=CARTESIAN_POINT('',(1.6E0,9.848475E-1,-3.3E0));
#1645=CARTESIAN_POINT('',(1.6E0,9.848475E-1,-2.992085460301E0));
#1646=VERTEX_POINT('',#1644);
#1647=VERTEX_POINT('',#1645);
#1648=CARTESIAN_POINT('',(6.E-1,-9.848475E-1,-3.3E0));
#1649=VERTEX_POINT('',#1648);
#1650=CARTESIAN_POINT('',(6.E-1,9.848475E-1,-3.3E0));
#1651=VERTEX_POINT('',#1650);
#1652=CARTESIAN_POINT('',(6.E-1,9.848475E-1,3.3E0));
#1653=CARTESIAN_POINT('',(6.E-1,-9.848475E-1,3.3E0));
#1654=VERTEX_POINT('',#1652);
#1655=VERTEX_POINT('',#1653);
#1656=CARTESIAN_POINT('',(6.E-1,9.848475E-1,2.992085460301E0));
#1657=CARTESIAN_POINT('',(6.E-1,-9.848475E-1,2.992085460301E0));
#1658=VERTEX_POINT('',#1656);
#1659=VERTEX_POINT('',#1657);
#1660=CARTESIAN_POINT('',(6.E-1,-9.848475E-1,-2.992085460301E0));
#1661=VERTEX_POINT('',#1660);
#1662=CARTESIAN_POINT('',(6.E-1,9.848475E-1,-2.992085460301E0));
#1663=VERTEX_POINT('',#1662);
#1664=CARTESIAN_POINT('',(1.6E0,3.3E0,-9.848475E-1));
#1665=CARTESIAN_POINT('',(1.6E0,2.992085460301E0,-9.848475E-1));
#1666=VERTEX_POINT('',#1664);
#1667=VERTEX_POINT('',#1665);
#1668=CARTESIAN_POINT('',(1.6E0,-2.992085460301E0,-9.848475E-1));
#1669=CARTESIAN_POINT('',(1.6E0,-3.3E0,-9.848475E-1));
#1670=VERTEX_POINT('',#1668);
#1671=VERTEX_POINT('',#1669);
#1672=CARTESIAN_POINT('',(6.E-1,3.3E0,-9.848475E-1));
#1673=CARTESIAN_POINT('',(6.E-1,3.3E0,9.848475E-1));
#1674=VERTEX_POINT('',#1672);
#1675=VERTEX_POINT('',#1673);
#1676=CARTESIAN_POINT('',(6.E-1,-3.3E0,-9.848475E-1));
#1677=CARTESIAN_POINT('',(6.E-1,-3.3E0,9.848475E-1));
#1678=VERTEX_POINT('',#1676);
#1679=VERTEX_POINT('',#1677);
#1680=CARTESIAN_POINT('',(6.E-1,3.15E0,0.E0));
#1681=CARTESIAN_POINT('',(6.E-1,2.992085460301E0,9.848475E-1));
#1682=VERTEX_POINT('',#1680);
#1683=VERTEX_POINT('',#1681);
#1684=CARTESIAN_POINT('',(6.E-1,-2.992085460301E0,9.848475E-1));
#1685=CARTESIAN_POINT('',(6.E-1,-3.15E0,0.E0));
#1686=VERTEX_POINT('',#1684);
#1687=VERTEX_POINT('',#1685);
#1688=CARTESIAN_POINT('',(6.E-1,-2.992085460301E0,-9.848475E-1));
#1689=VERTEX_POINT('',#1688);
#1690=CARTESIAN_POINT('',(6.E-1,2.992085460301E0,-9.848475E-1));
#1691=VERTEX_POINT('',#1690);
#1692=CARTESIAN_POINT('',(1.05E0,3.3E0,2.41363725E0));
#1693=CARTESIAN_POINT('',(1.05E0,3.3E0,9.848475E-1));
#1694=VERTEX_POINT('',#1692);
#1695=VERTEX_POINT('',#1693);
#1696=CARTESIAN_POINT('',(1.05E0,-3.3E0,2.41363725E0));
#1697=CARTESIAN_POINT('',(1.05E0,-3.3E0,9.848475E-1));
#1698=VERTEX_POINT('',#1696);
#1699=VERTEX_POINT('',#1697);
#1700=CARTESIAN_POINT('',(1.05E0,2.41363725E0,3.3E0));
#1701=VERTEX_POINT('',#1700);
#1702=CARTESIAN_POINT('',(1.05E0,-2.41363725E0,3.3E0));
#1703=VERTEX_POINT('',#1702);
#1704=CARTESIAN_POINT('',(1.05E0,2.992085460301E0,9.848475E-1));
#1705=CARTESIAN_POINT('',(1.05E0,9.848475E-1,2.992085460301E0));
#1706=VERTEX_POINT('',#1704);
#1707=VERTEX_POINT('',#1705);
#1708=CARTESIAN_POINT('',(1.05E0,-9.848475E-1,2.992085460301E0));
#1709=CARTESIAN_POINT('',(1.05E0,-2.992085460301E0,9.848475E-1));
#1710=VERTEX_POINT('',#1708);
#1711=VERTEX_POINT('',#1709);
#1712=CARTESIAN_POINT('',(1.05E0,-9.848475E-1,3.3E0));
#1713=VERTEX_POINT('',#1712);
#1714=CARTESIAN_POINT('',(1.05E0,9.848475E-1,3.3E0));
#1715=VERTEX_POINT('',#1714);
#1716=CARTESIAN_POINT('',(2.E-1,-3.5E-1,3.8E0));
#1717=CARTESIAN_POINT('',(2.E-1,3.5E-1,3.8E0));
#1718=VERTEX_POINT('',#1716);
#1719=VERTEX_POINT('',#1717);
#1720=CARTESIAN_POINT('',(-1.E-1,-3.5E-1,3.8E0));
#1721=CARTESIAN_POINT('',(-1.E-1,3.5E-1,3.8E0));
#1722=VERTEX_POINT('',#1720);
#1723=VERTEX_POINT('',#1721);
#1724=CARTESIAN_POINT('',(2.E-1,-3.5E-1,-3.8E0));
#1725=CARTESIAN_POINT('',(2.E-1,3.5E-1,-3.8E0));
#1726=VERTEX_POINT('',#1724);
#1727=VERTEX_POINT('',#1725);
#1728=CARTESIAN_POINT('',(-1.E-1,-3.5E-1,-3.8E0));
#1729=CARTESIAN_POINT('',(-1.E-1,3.5E-1,-3.8E0));
#1730=VERTEX_POINT('',#1728);
#1731=VERTEX_POINT('',#1729);
#1732=CARTESIAN_POINT('',(2.E-1,-3.5E-1,-3.3E0));
#1733=VERTEX_POINT('',#1732);
#1734=CARTESIAN_POINT('',(2.E-1,3.5E-1,-3.3E0));
#1735=VERTEX_POINT('',#1734);
#1736=CARTESIAN_POINT('',(-1.E-1,3.5E-1,-3.3E0));
#1737=CARTESIAN_POINT('',(-1.E-1,-3.5E-1,-3.3E0));
#1738=VERTEX_POINT('',#1736);
#1739=VERTEX_POINT('',#1737);
#1740=CARTESIAN_POINT('',(2.E-1,3.5E-1,-1.55E0));
#1741=CARTESIAN_POINT('',(2.5E-2,3.5E-1,-1.55E0));
#1742=VERTEX_POINT('',#1740);
#1743=VERTEX_POINT('',#1741);
#1744=CARTESIAN_POINT('',(2.E-1,-3.5E-1,-1.55E0));
#1745=CARTESIAN_POINT('',(2.5E-2,-3.5E-1,-1.55E0));
#1746=VERTEX_POINT('',#1744);
#1747=VERTEX_POINT('',#1745);
#1748=CARTESIAN_POINT('',(0.E0,0.E0,0.E0));
#1749=DIRECTION('',(1.E0,0.E0,0.E0));
#1750=DIRECTION('',(0.E0,0.E0,1.E0));
#1751=AXIS2_PLACEMENT_3D('',#1748,#1749,#1750);
#1752=PLANE('',#1751);
#1754=ORIENTED_EDGE('',*,*,#1753,.F.);
#1756=ORIENTED_EDGE('',*,*,#1755,.T.);
#1758=ORIENTED_EDGE('',*,*,#1757,.T.);
#1760=ORIENTED_EDGE('',*,*,#1759,.T.);
#1762=ORIENTED_EDGE('',*,*,#1761,.F.);
#1763=EDGE_LOOP('',(#1754,#1756,#1758,#1760,#1762));
#1764=FACE_OUTER_BOUND('',#1763,.F.);
#1766=ORIENTED_EDGE('',*,*,#1765,.T.);
#1768=ORIENTED_EDGE('',*,*,#1767,.T.);
#1769=EDGE_LOOP('',(#1766,#1768));
#1770=FACE_BOUND('',#1769,.F.);
#1772=CARTESIAN_POINT('',(0.E0,0.E0,0.E0));
#1773=DIRECTION('',(1.E0,0.E0,0.E0));
#1774=DIRECTION('',(0.E0,0.E0,1.E0));
#1775=AXIS2_PLACEMENT_3D('',#1772,#1773,#1774);
#1776=PLANE('',#1775);
#1778=ORIENTED_EDGE('',*,*,#1777,.F.);
#1780=ORIENTED_EDGE('',*,*,#1779,.F.);
#1782=ORIENTED_EDGE('',*,*,#1781,.T.);
#1784=ORIENTED_EDGE('',*,*,#1783,.F.);
#1786=ORIENTED_EDGE('',*,*,#1785,.F.);
#1787=EDGE_LOOP('',(#1778,#1780,#1782,#1784,#1786));
#1788=FACE_OUTER_BOUND('',#1787,.F.);
#1790=ORIENTED_EDGE('',*,*,#1789,.T.);
#1792=ORIENTED_EDGE('',*,*,#1791,.T.);
#1793=EDGE_LOOP('',(#1790,#1792));
#1794=FACE_BOUND('',#1793,.F.);
#1796=CARTESIAN_POINT('',(0.E0,0.E0,0.E0));
#1797=DIRECTION('',(1.E0,0.E0,0.E0));
#1798=DIRECTION('',(0.E0,0.E0,1.E0));
#1799=AXIS2_PLACEMENT_3D('',#1796,#1797,#1798);
#1800=PLANE('',#1799);
#1802=ORIENTED_EDGE('',*,*,#1801,.T.);
#1804=ORIENTED_EDGE('',*,*,#1803,.F.);
#1806=ORIENTED_EDGE('',*,*,#1805,.T.);
#1808=ORIENTED_EDGE('',*,*,#1807,.T.);
#1810=ORIENTED_EDGE('',*,*,#1809,.T.);
#1811=EDGE_LOOP('',(#1802,#1804,#1806,#1808,#1810));
#1812=FACE_OUTER_BOUND('',#1811,.F.);
#1814=ORIENTED_EDGE('',*,*,#1813,.T.);
#1816=ORIENTED_EDGE('',*,*,#1815,.T.);
#1817=EDGE_LOOP('',(#1814,#1816));
#1818=FACE_BOUND('',#1817,.F.);
#1820=CARTESIAN_POINT('',(0.E0,0.E0,0.E0));
#1821=DIRECTION('',(1.E0,0.E0,0.E0));
#1822=DIRECTION('',(0.E0,0.E0,1.E0));
#1823=AXIS2_PLACEMENT_3D('',#1820,#1821,#1822);
#1824=PLANE('',#1823);
#1826=ORIENTED_EDGE('',*,*,#1825,.T.);
#1828=ORIENTED_EDGE('',*,*,#1827,.F.);
#1830=ORIENTED_EDGE('',*,*,#1829,.T.);
#1832=ORIENTED_EDGE('',*,*,#1831,.T.);
#1834=ORIENTED_EDGE('',*,*,#1833,.F.);
#1835=EDGE_LOOP('',(#1826,#1828,#1830,#1832,#1834));
#1836=FACE_OUTER_BOUND('',#1835,.F.);
#1838=ORIENTED_EDGE('',*,*,#1837,.T.);
#1840=ORIENTED_EDGE('',*,*,#1839,.T.);
#1841=EDGE_LOOP('',(#1838,#1840));
#1842=FACE_BOUND('',#1841,.F.);
#1844=CARTESIAN_POINT('',(0.E0,-3.3E0,2.26514925E0));
#1845=DIRECTION('',(0.E0,0.E0,1.E0));
#1846=DIRECTION('',(0.E0,1.E0,0.E0));
#1847=AXIS2_PLACEMENT_3D('',#1844,#1845,#1846);
#1848=PLANE('',#1847);
#1849=ORIENTED_EDGE('',*,*,#1753,.T.);
#1851=ORIENTED_EDGE('',*,*,#1850,.T.);
#1853=ORIENTED_EDGE('',*,*,#1852,.T.);
#1855=ORIENTED_EDGE('',*,*,#1854,.F.);
#1856=EDGE_LOOP('',(#1849,#1851,#1853,#1855));
#1857=FACE_OUTER_BOUND('',#1856,.F.);
#1859=CARTESIAN_POINT('',(0.E0,-3.3E0,2.26514925E0));
#1860=DIRECTION('',(0.E0,0.E0,1.E0));
#1861=DIRECTION('',(0.E0,1.E0,0.E0));
#1862=AXIS2_PLACEMENT_3D('',#1859,#1860,#1861);
#1863=PLANE('',#1862);
#1864=ORIENTED_EDGE('',*,*,#1777,.T.);
#1866=ORIENTED_EDGE('',*,*,#1865,.T.);
#1868=ORIENTED_EDGE('',*,*,#1867,.T.);
#1870=ORIENTED_EDGE('',*,*,#1869,.F.);
#1871=EDGE_LOOP('',(#1864,#1866,#1868,#1870));
#1872=FACE_OUTER_BOUND('',#1871,.F.);
#1874=CARTESIAN_POINT('',(0.E0,5.E-1,3.197184063734E0));
#1875=DIRECTION('',(0.E0,1.E0,0.E0));
#1876=DIRECTION('',(0.E0,0.E0,-1.E0));
#1877=AXIS2_PLACEMENT_3D('',#1874,#1875,#1876);
#1878=PLANE('',#1877);
#1880=ORIENTED_EDGE('',*,*,#1879,.T.);
#1881=ORIENTED_EDGE('',*,*,#1850,.F.);
#1882=ORIENTED_EDGE('',*,*,#1761,.T.);
#1884=ORIENTED_EDGE('',*,*,#1883,.T.);
#1886=ORIENTED_EDGE('',*,*,#1885,.T.);
#1888=ORIENTED_EDGE('',*,*,#1887,.F.);
#1889=EDGE_LOOP('',(#1880,#1881,#1882,#1884,#1886,#1888));
#1890=FACE_OUTER_BOUND('',#1889,.F.);
#1892=CARTESIAN_POINT('',(1.E-1,0.E0,0.E0));
#1893=DIRECTION('',(-1.E0,0.E0,0.E0));
#1894=DIRECTION('',(0.E0,1.E0,0.E0));
#1895=AXIS2_PLACEMENT_3D('',#1892,#1893,#1894);
#1896=PLANE('',#1895);
#1898=ORIENTED_EDGE('',*,*,#1897,.F.);
#1899=ORIENTED_EDGE('',*,*,#1852,.F.);
#1900=ORIENTED_EDGE('',*,*,#1879,.F.);
#1902=ORIENTED_EDGE('',*,*,#1901,.T.);
#1904=ORIENTED_EDGE('',*,*,#1903,.T.);
#1906=ORIENTED_EDGE('',*,*,#1905,.T.);
#1908=ORIENTED_EDGE('',*,*,#1907,.T.);
#1909=ORIENTED_EDGE('',*,*,#1867,.F.);
#1911=ORIENTED_EDGE('',*,*,#1910,.T.);
#1913=ORIENTED_EDGE('',*,*,#1912,.F.);
#1915=ORIENTED_EDGE('',*,*,#1914,.F.);
#1917=ORIENTED_EDGE('',*,*,#1916,.F.);
#1919=ORIENTED_EDGE('',*,*,#1918,.F.);
#1921=ORIENTED_EDGE('',*,*,#1920,.F.);
#1923=ORIENTED_EDGE('',*,*,#1922,.T.);
#1925=ORIENTED_EDGE('',*,*,#1924,.F.);
#1926=EDGE_LOOP('',(#1898,#1899,#1900,#1902,#1904,#1906,#1908,#1909,#1911,#1913,
#1915,#1917,#1919,#1921,#1923,#1925));
#1927=FACE_OUTER_BOUND('',#1926,.F.);
#1929=CARTESIAN_POINT('',(0.E0,3.3E0,-2.952778125E0));
#1930=DIRECTION('',(0.E0,1.E0,0.E0));
#1931=DIRECTION('',(0.E0,0.E0,1.E0));
#1932=AXIS2_PLACEMENT_3D('',#1929,#1930,#1931);
#1933=PLANE('',#1932);
#1935=ORIENTED_EDGE('',*,*,#1934,.F.);
#1937=ORIENTED_EDGE('',*,*,#1936,.F.);
#1938=ORIENTED_EDGE('',*,*,#1755,.F.);
#1939=ORIENTED_EDGE('',*,*,#1854,.T.);
#1940=ORIENTED_EDGE('',*,*,#1897,.T.);
#1942=ORIENTED_EDGE('',*,*,#1941,.F.);
#1943=ORIENTED_EDGE('',*,*,#1809,.F.);
#1945=ORIENTED_EDGE('',*,*,#1944,.T.);
#1947=ORIENTED_EDGE('',*,*,#1946,.T.);
#1949=ORIENTED_EDGE('',*,*,#1948,.T.);
#1951=ORIENTED_EDGE('',*,*,#1950,.T.);
#1953=ORIENTED_EDGE('',*,*,#1952,.F.);
#1954=EDGE_LOOP('',(#1935,#1937,#1938,#1939,#1940,#1942,#1943,#1945,#1947,#1949,
#1951,#1953));
#1955=FACE_OUTER_BOUND('',#1954,.F.);
#1957=CARTESIAN_POINT('',(1.05E0,3.3E0,9.848475E-1));
#1958=DIRECTION('',(-1.E0,0.E0,0.E0));
#1959=DIRECTION('',(0.E0,0.E0,1.E0));
#1960=AXIS2_PLACEMENT_3D('',#1957,#1958,#1959);
#1961=PLANE('',#1960);
#1962=ORIENTED_EDGE('',*,*,#1934,.T.);
#1964=ORIENTED_EDGE('',*,*,#1963,.F.);
#1966=ORIENTED_EDGE('',*,*,#1965,.T.);
#1968=ORIENTED_EDGE('',*,*,#1967,.T.);
#1970=ORIENTED_EDGE('',*,*,#1969,.F.);
#1972=ORIENTED_EDGE('',*,*,#1971,.F.);
#1973=EDGE_LOOP('',(#1962,#1964,#1966,#1968,#1970,#1972));
#1974=FACE_OUTER_BOUND('',#1973,.F.);
#1976=CARTESIAN_POINT('',(1.05E0,3.3E0,9.848475E-1));
#1977=DIRECTION('',(-1.E0,0.E0,0.E0));
#1978=DIRECTION('',(0.E0,0.E0,1.E0));
#1979=AXIS2_PLACEMENT_3D('',#1976,#1977,#1978);
#1980=PLANE('',#1979);
#1982=ORIENTED_EDGE('',*,*,#1981,.F.);
#1984=ORIENTED_EDGE('',*,*,#1983,.T.);
#1986=ORIENTED_EDGE('',*,*,#1985,.F.);
#1988=ORIENTED_EDGE('',*,*,#1987,.F.);
#1990=ORIENTED_EDGE('',*,*,#1989,.T.);
#1992=ORIENTED_EDGE('',*,*,#1991,.F.);
#1993=EDGE_LOOP('',(#1982,#1984,#1986,#1988,#1990,#1992));
#1994=FACE_OUTER_BOUND('',#1993,.F.);
#1996=CARTESIAN_POINT('',(6.E-1,3.3E0,9.848475E-1));
#1997=DIRECTION('',(0.E0,0.E0,1.E0));
#1998=DIRECTION('',(1.E0,0.E0,0.E0));
#1999=AXIS2_PLACEMENT_3D('',#1996,#1997,#1998);
#2000=PLANE('',#1999);
#2001=ORIENTED_EDGE('',*,*,#1991,.T.);
#2003=ORIENTED_EDGE('',*,*,#2002,.F.);
#2005=ORIENTED_EDGE('',*,*,#2004,.T.);
#2007=ORIENTED_EDGE('',*,*,#2006,.F.);
#2008=EDGE_LOOP('',(#2001,#2003,#2005,#2007));
#2009=FACE_OUTER_BOUND('',#2008,.F.);
#2011=CARTESIAN_POINT('',(6.E-1,3.3E0,9.848475E-1));
#2012=DIRECTION('',(0.E0,0.E0,1.E0));
#2013=DIRECTION('',(1.E0,0.E0,0.E0));
#2014=AXIS2_PLACEMENT_3D('',#2011,#2012,#2013);
#2015=PLANE('',#2014);
#2016=ORIENTED_EDGE('',*,*,#1963,.T.);
#2017=ORIENTED_EDGE('',*,*,#1952,.T.);
#2019=ORIENTED_EDGE('',*,*,#2018,.T.);
#2021=ORIENTED_EDGE('',*,*,#2020,.T.);
#2022=EDGE_LOOP('',(#2016,#2017,#2019,#2021));
#2023=FACE_OUTER_BOUND('',#2022,.F.);
#2025=CARTESIAN_POINT('',(1.6E0,0.E0,0.E0));
#2026=DIRECTION('',(1.E0,0.E0,0.E0));
#2027=DIRECTION('',(0.E0,1.E0,0.E0));
#2028=AXIS2_PLACEMENT_3D('',#2025,#2026,#2027);
#2029=CYLINDRICAL_SURFACE('',#2028,3.15E0);
#2030=ORIENTED_EDGE('',*,*,#1965,.F.);
#2031=ORIENTED_EDGE('',*,*,#2020,.F.);
#2033=ORIENTED_EDGE('',*,*,#2032,.F.);
#2035=ORIENTED_EDGE('',*,*,#2034,.T.);
#2037=ORIENTED_EDGE('',*,*,#2036,.T.);
#2039=ORIENTED_EDGE('',*,*,#2038,.F.);
#2041=ORIENTED_EDGE('',*,*,#2040,.F.);
#2042=ORIENTED_EDGE('',*,*,#2002,.T.);
#2043=ORIENTED_EDGE('',*,*,#1989,.F.);
#2045=ORIENTED_EDGE('',*,*,#2044,.F.);
#2047=ORIENTED_EDGE('',*,*,#2046,.F.);
#2049=ORIENTED_EDGE('',*,*,#2048,.T.);
#2050=EDGE_LOOP('',(#2030,#2031,#2033,#2035,#2037,#2039,#2041,#2042,#2043,#2045,
#2047,#2049));
#2051=FACE_OUTER_BOUND('',#2050,.F.);
#2053=CARTESIAN_POINT('',(6.E-1,3.3E0,-9.848475E-1));
#2054=DIRECTION('',(-1.E0,0.E0,0.E0));
#2055=DIRECTION('',(0.E0,0.E0,1.E0));
#2056=AXIS2_PLACEMENT_3D('',#2053,#2054,#2055);
#2057=PLANE('',#2056);
#2058=ORIENTED_EDGE('',*,*,#1950,.F.);
#2060=ORIENTED_EDGE('',*,*,#2059,.T.);
#2062=ORIENTED_EDGE('',*,*,#2061,.T.);
#2063=ORIENTED_EDGE('',*,*,#2032,.T.);
#2064=ORIENTED_EDGE('',*,*,#2018,.F.);
#2065=EDGE_LOOP('',(#2058,#2060,#2062,#2063,#2064));
#2066=FACE_OUTER_BOUND('',#2065,.F.);
#2068=CARTESIAN_POINT('',(6.E-1,3.3E0,-9.848475E-1));
#2069=DIRECTION('',(-1.E0,0.E0,0.E0));
#2070=DIRECTION('',(0.E0,0.E0,1.E0));
#2071=AXIS2_PLACEMENT_3D('',#2068,#2069,#2070);
#2072=PLANE('',#2071);
#2074=ORIENTED_EDGE('',*,*,#2073,.T.);
#2075=ORIENTED_EDGE('',*,*,#2004,.F.);
#2076=ORIENTED_EDGE('',*,*,#2040,.T.);
#2078=ORIENTED_EDGE('',*,*,#2077,.T.);
#2080=ORIENTED_EDGE('',*,*,#2079,.T.);
#2081=EDGE_LOOP('',(#2074,#2075,#2076,#2078,#2080));
#2082=FACE_OUTER_BOUND('',#2081,.F.);
#2084=CARTESIAN_POINT('',(1.6E0,3.3E0,-9.848475E-1));
#2085=DIRECTION('',(0.E0,0.E0,-1.E0));
#2086=DIRECTION('',(-1.E0,0.E0,0.E0));
#2087=AXIS2_PLACEMENT_3D('',#2084,#2085,#2086);
#2088=PLANE('',#2087);
#2090=ORIENTED_EDGE('',*,*,#2089,.T.);
#2092=ORIENTED_EDGE('',*,*,#2091,.F.);
#2093=ORIENTED_EDGE('',*,*,#2059,.F.);
#2094=ORIENTED_EDGE('',*,*,#1948,.F.);
#2095=EDGE_LOOP('',(#2090,#2092,#2093,#2094));
#2096=FACE_OUTER_BOUND('',#2095,.F.);
#2098=CARTESIAN_POINT('',(1.6E0,3.3E0,-9.848475E-1));
#2099=DIRECTION('',(0.E0,0.E0,-1.E0));
#2100=DIRECTION('',(-1.E0,0.E0,0.E0));
#2101=AXIS2_PLACEMENT_3D('',#2098,#2099,#2100);
#2102=PLANE('',#2101);
#2104=ORIENTED_EDGE('',*,*,#2103,.T.);
#2106=ORIENTED_EDGE('',*,*,#2105,.T.);
#2107=ORIENTED_EDGE('',*,*,#2079,.F.);
#2109=ORIENTED_EDGE('',*,*,#2108,.T.);
#2110=EDGE_LOOP('',(#2104,#2106,#2107,#2109));
#2111=FACE_OUTER_BOUND('',#2110,.F.);
#2113=CARTESIAN_POINT('',(1.6E0,0.E0,0.E0));
#2114=DIRECTION('',(1.E0,0.E0,0.E0));
#2115=DIRECTION('',(0.E0,0.E0,1.E0));
#2116=AXIS2_PLACEMENT_3D('',#2113,#2114,#2115);
#2117=PLANE('',#2116);
#2118=ORIENTED_EDGE('',*,*,#2089,.F.);
#2119=ORIENTED_EDGE('',*,*,#1946,.F.);
#2121=ORIENTED_EDGE('',*,*,#2120,.F.);
#2123=ORIENTED_EDGE('',*,*,#2122,.F.);
#2125=ORIENTED_EDGE('',*,*,#2124,.T.);
#2127=ORIENTED_EDGE('',*,*,#2126,.T.);
#2128=EDGE_LOOP('',(#2118,#2119,#2121,#2123,#2125,#2127));
#2129=FACE_OUTER_BOUND('',#2128,.F.);
#2131=CARTESIAN_POINT('',(1.6E0,0.E0,0.E0));
#2132=DIRECTION('',(1.E0,0.E0,0.E0));
#2133=DIRECTION('',(0.E0,0.E0,1.E0));
#2134=AXIS2_PLACEMENT_3D('',#2131,#2132,#2133);
#2135=PLANE('',#2134);
#2136=ORIENTED_EDGE('',*,*,#2103,.F.);
#2138=ORIENTED_EDGE('',*,*,#2137,.T.);
#2140=ORIENTED_EDGE('',*,*,#2139,.F.);
#2142=ORIENTED_EDGE('',*,*,#2141,.F.);
#2144=ORIENTED_EDGE('',*,*,#2143,.F.);
#2146=ORIENTED_EDGE('',*,*,#2145,.F.);
#2147=EDGE_LOOP('',(#2136,#2138,#2140,#2142,#2144,#2146));
#2148=FACE_OUTER_BOUND('',#2147,.F.);
#2150=CARTESIAN_POINT('',(0.E0,2.952778125E0,-2.952778125E0));
#2151=DIRECTION('',(1.E0,0.E0,0.E0));
#2152=DIRECTION('',(0.E0,0.E0,1.E0));
#2153=AXIS2_PLACEMENT_3D('',#2150,#2151,#2152);
#2154=CYLINDRICAL_SURFACE('',#2153,3.47221875E-1);
#2155=ORIENTED_EDGE('',*,*,#1807,.F.);
#2157=ORIENTED_EDGE('',*,*,#2156,.T.);
#2158=ORIENTED_EDGE('',*,*,#2120,.T.);
#2159=ORIENTED_EDGE('',*,*,#1944,.F.);
#2160=EDGE_LOOP('',(#2155,#2157,#2158,#2159));
#2161=FACE_OUTER_BOUND('',#2160,.F.);
#2163=CARTESIAN_POINT('',(0.E0,-2.952778125E0,-3.3E0));
#2164=DIRECTION('',(0.E0,0.E0,-1.E0));
#2165=DIRECTION('',(0.E0,1.E0,0.E0));
#2166=AXIS2_PLACEMENT_3D('',#2163,#2164,#2165);
#2167=PLANE('',#2166);
#2169=ORIENTED_EDGE('',*,*,#2168,.T.);
#2171=ORIENTED_EDGE('',*,*,#2170,.T.);
#2173=ORIENTED_EDGE('',*,*,#2172,.F.);
#2174=ORIENTED_EDGE('',*,*,#1831,.F.);
#2176=ORIENTED_EDGE('',*,*,#2175,.T.);
#2177=ORIENTED_EDGE('',*,*,#2141,.T.);
#2179=ORIENTED_EDGE('',*,*,#2178,.T.);
#2181=ORIENTED_EDGE('',*,*,#2180,.T.);
#2183=ORIENTED_EDGE('',*,*,#2182,.F.);
#2184=ORIENTED_EDGE('',*,*,#2122,.T.);
#2185=ORIENTED_EDGE('',*,*,#2156,.F.);
#2186=ORIENTED_EDGE('',*,*,#1805,.F.);
#2188=ORIENTED_EDGE('',*,*,#2187,.T.);
#2190=ORIENTED_EDGE('',*,*,#2189,.T.);
#2191=EDGE_LOOP('',(#2169,#2171,#2173,#2174,#2176,#2177,#2179,#2181,#2183,#2184,
#2185,#2186,#2188,#2190));
#2192=FACE_OUTER_BOUND('',#2191,.F.);
#2194=CARTESIAN_POINT('',(2.E-1,0.E0,0.E0));
#2195=DIRECTION('',(1.E0,0.E0,0.E0));
#2196=DIRECTION('',(0.E0,0.E0,1.E0));
#2197=AXIS2_PLACEMENT_3D('',#2194,#2195,#2196);
#2198=PLANE('',#2197);
#2200=ORIENTED_EDGE('',*,*,#2199,.F.);
#2201=ORIENTED_EDGE('',*,*,#2168,.F.);
#2203=ORIENTED_EDGE('',*,*,#2202,.F.);
#2205=ORIENTED_EDGE('',*,*,#2204,.F.);
#2206=EDGE_LOOP('',(#2200,#2201,#2203,#2205));
#2207=FACE_OUTER_BOUND('',#2206,.F.);
#2209=FILL_AREA_STYLE_COLOUR('',#19);
#2210=FILL_AREA_STYLE('',(#2209));
#2211=SURFACE_STYLE_FILL_AREA(#2210);
#2212=SURFACE_SIDE_STYLE('',(#2211));
#2213=SURFACE_STYLE_USAGE(.POSITIVE.,#2212);
#2214=PRESENTATION_STYLE_ASSIGNMENT((#2213));
#2215=OVER_RIDING_STYLED_ITEM('',(#2214),#2208,#20);
#2216=CARTESIAN_POINT('',(2.E-1,-3.5E-1,-1.2E0));
#2217=DIRECTION('',(0.E0,1.E0,0.E0));
#2218=DIRECTION('',(0.E0,0.E0,-1.E0));
#2219=AXIS2_PLACEMENT_3D('',#2216,#2217,#2218);
#2220=PLANE('',#2219);
#2222=ORIENTED_EDGE('',*,*,#2221,.F.);
#2224=ORIENTED_EDGE('',*,*,#2223,.F.);
#2225=ORIENTED_EDGE('',*,*,#2199,.T.);
#2227=ORIENTED_EDGE('',*,*,#2226,.T.);
#2229=ORIENTED_EDGE('',*,*,#2228,.T.);
#2231=ORIENTED_EDGE('',*,*,#2230,.T.);
#2232=EDGE_LOOP('',(#2222,#2224,#2225,#2227,#2229,#2231));
#2233=FACE_OUTER_BOUND('',#2232,.F.);
#2235=FILL_AREA_STYLE_COLOUR('',#19);
#2236=FILL_AREA_STYLE('',(#2235));
#2237=SURFACE_STYLE_FILL_AREA(#2236);
#2238=SURFACE_SIDE_STYLE('',(#2237));
#2239=SURFACE_STYLE_USAGE(.POSITIVE.,#2238);
#2240=PRESENTATION_STYLE_ASSIGNMENT((#2239));
#2241=OVER_RIDING_STYLED_ITEM('',(#2240),#2234,#20);
#2242=CARTESIAN_POINT('',(3.81612E0,0.E0,-1.55E0));
#2243=DIRECTION('',(-1.E0,0.E0,0.E0));
#2244=DIRECTION('',(0.E0,0.E0,1.E0));
#2245=AXIS2_PLACEMENT_3D('',#2242,#2243,#2244);
#2246=CYLINDRICAL_SURFACE('',#2245,3.5E-1);
#2248=ORIENTED_EDGE('',*,*,#2247,.F.);
#2249=ORIENTED_EDGE('',*,*,#2221,.T.);
#2251=ORIENTED_EDGE('',*,*,#2250,.T.);
#2253=ORIENTED_EDGE('',*,*,#2252,.F.);
#2254=EDGE_LOOP('',(#2248,#2249,#2251,#2253));
#2255=FACE_OUTER_BOUND('',#2254,.F.);
#2257=CARTESIAN_POINT('',(2.E-1,0.E0,0.E0));
#2258=DIRECTION('',(1.E0,0.E0,0.E0));
#2259=DIRECTION('',(0.E0,1.E0,0.E0));
#2260=AXIS2_PLACEMENT_3D('',#2257,#2258,#2259);
#2261=PLANE('',#2260);
#2262=ORIENTED_EDGE('',*,*,#2223,.T.);
#2263=ORIENTED_EDGE('',*,*,#2247,.T.);
#2265=ORIENTED_EDGE('',*,*,#2264,.F.);
#2266=ORIENTED_EDGE('',*,*,#2189,.F.);
#2268=ORIENTED_EDGE('',*,*,#2267,.F.);
#2270=ORIENTED_EDGE('',*,*,#2269,.T.);
#2272=ORIENTED_EDGE('',*,*,#2271,.T.);
#2274=ORIENTED_EDGE('',*,*,#2273,.T.);
#2276=ORIENTED_EDGE('',*,*,#2275,.F.);
#2277=ORIENTED_EDGE('',*,*,#2170,.F.);
#2278=EDGE_LOOP('',(#2262,#2263,#2265,#2266,#2268,#2270,#2272,#2274,#2276,
#2277));
#2279=FACE_OUTER_BOUND('',#2278,.F.);
#2281=CARTESIAN_POINT('',(2.E-1,3.5E-1,-3.3E0));
#2282=DIRECTION('',(0.E0,-1.E0,0.E0));
#2283=DIRECTION('',(0.E0,0.E0,1.E0));
#2284=AXIS2_PLACEMENT_3D('',#2281,#2282,#2283);
#2285=PLANE('',#2284);
#2286=ORIENTED_EDGE('',*,*,#2252,.T.);
#2288=ORIENTED_EDGE('',*,*,#2287,.F.);
#2290=ORIENTED_EDGE('',*,*,#2289,.T.);
#2292=ORIENTED_EDGE('',*,*,#2291,.F.);
#2293=ORIENTED_EDGE('',*,*,#2202,.T.);
#2294=ORIENTED_EDGE('',*,*,#2264,.T.);
#2295=EDGE_LOOP('',(#2286,#2288,#2290,#2292,#2293,#2294));
#2296=FACE_OUTER_BOUND('',#2295,.F.);
#2298=FILL_AREA_STYLE_COLOUR('',#19);
#2299=FILL_AREA_STYLE('',(#2298));
#2300=SURFACE_STYLE_FILL_AREA(#2299);
#2301=SURFACE_SIDE_STYLE('',(#2300));
#2302=SURFACE_STYLE_USAGE(.POSITIVE.,#2301);
#2303=PRESENTATION_STYLE_ASSIGNMENT((#2302));
#2304=OVER_RIDING_STYLED_ITEM('',(#2303),#2297,#20);
#2305=CARTESIAN_POINT('',(-1.E-1,3.5E-1,-3.3E0));
#2306=DIRECTION('',(-9.974586998307E-1,0.E0,7.124704998791E-2));
#2307=DIRECTION('',(7.124704998791E-2,0.E0,9.974586998307E-1));
#2308=AXIS2_PLACEMENT_3D('',#2305,#2306,#2307);
#2309=PLANE('',#2308);
#2310=ORIENTED_EDGE('',*,*,#2250,.F.);
#2311=ORIENTED_EDGE('',*,*,#2230,.F.);
#2313=ORIENTED_EDGE('',*,*,#2312,.F.);
#2314=ORIENTED_EDGE('',*,*,#2287,.T.);
#2315=EDGE_LOOP('',(#2310,#2311,#2313,#2314));
#2316=FACE_OUTER_BOUND('',#2315,.F.);
#2318=FILL_AREA_STYLE_COLOUR('',#19);
#2319=FILL_AREA_STYLE('',(#2318));
#2320=SURFACE_STYLE_FILL_AREA(#2319);
#2321=SURFACE_SIDE_STYLE('',(#2320));
#2322=SURFACE_STYLE_USAGE(.POSITIVE.,#2321);
#2323=PRESENTATION_STYLE_ASSIGNMENT((#2322));
#2324=OVER_RIDING_STYLED_ITEM('',(#2323),#2317,#20);
#2325=CARTESIAN_POINT('',(-1.E-1,0.E0,0.E0));
#2326=DIRECTION('',(1.E0,0.E0,0.E0));
#2327=DIRECTION('',(0.E0,0.E0,1.E0));
#2328=AXIS2_PLACEMENT_3D('',#2325,#2326,#2327);
#2329=PLANE('',#2328);
#2330=ORIENTED_EDGE('',*,*,#2312,.T.);
#2331=ORIENTED_EDGE('',*,*,#2228,.F.);
#2333=ORIENTED_EDGE('',*,*,#2332,.T.);
#2334=ORIENTED_EDGE('',*,*,#2289,.F.);
#2335=EDGE_LOOP('',(#2330,#2331,#2333,#2334));
#2336=FACE_OUTER_BOUND('',#2335,.F.);
#2338=FILL_AREA_STYLE_COLOUR('',#19);
#2339=FILL_AREA_STYLE('',(#2338));
#2340=SURFACE_STYLE_FILL_AREA(#2339);
#2341=SURFACE_SIDE_STYLE('',(#2340));
#2342=SURFACE_STYLE_USAGE(.POSITIVE.,#2341);
#2343=PRESENTATION_STYLE_ASSIGNMENT((#2342));
#2344=OVER_RIDING_STYLED_ITEM('',(#2343),#2337,#20);
#2345=CARTESIAN_POINT('',(2.E-1,-3.5E-1,-3.8E0));
#2346=DIRECTION('',(0.E0,0.E0,1.E0));
#2347=DIRECTION('',(0.E0,1.E0,0.E0));
#2348=AXIS2_PLACEMENT_3D('',#2345,#2346,#2347);
#2349=PLANE('',#2348);
#2350=ORIENTED_EDGE('',*,*,#2204,.T.);
#2351=ORIENTED_EDGE('',*,*,#2291,.T.);
#2352=ORIENTED_EDGE('',*,*,#2332,.F.);
#2353=ORIENTED_EDGE('',*,*,#2226,.F.);
#2354=EDGE_LOOP('',(#2350,#2351,#2352,#2353));
#2355=FACE_OUTER_BOUND('',#2354,.F.);
#2357=FILL_AREA_STYLE_COLOUR('',#19);
#2358=FILL_AREA_STYLE('',(#2357));
#2359=SURFACE_STYLE_FILL_AREA(#2358);
#2360=SURFACE_SIDE_STYLE('',(#2359));
#2361=SURFACE_STYLE_USAGE(.POSITIVE.,#2360);
#2362=PRESENTATION_STYLE_ASSIGNMENT((#2361));
#2363=OVER_RIDING_STYLED_ITEM('',(#2362),#2356,#20);
#2364=CARTESIAN_POINT('',(0.E0,5.E-1,-3.197184063734E0));
#2365=DIRECTION('',(0.E0,-1.E0,0.E0));
#2366=DIRECTION('',(0.E0,0.E0,1.E0));
#2367=AXIS2_PLACEMENT_3D('',#2364,#2365,#2366);
#2368=PLANE('',#2367);
#2369=ORIENTED_EDGE('',*,*,#1922,.F.);
#2371=ORIENTED_EDGE('',*,*,#2370,.T.);
#2372=ORIENTED_EDGE('',*,*,#2267,.T.);
#2373=ORIENTED_EDGE('',*,*,#2187,.F.);
#2374=ORIENTED_EDGE('',*,*,#1803,.T.);
#2376=ORIENTED_EDGE('',*,*,#2375,.T.);
#2377=EDGE_LOOP('',(#2369,#2371,#2372,#2373,#2374,#2376));
#2378=FACE_OUTER_BOUND('',#2377,.F.);
#2380=CARTESIAN_POINT('',(0.E0,1.E-2,-1.49E0));
#2381=DIRECTION('',(1.E0,0.E0,0.E0));
#2382=DIRECTION('',(0.E0,1.E0,0.E0));
#2383=AXIS2_PLACEMENT_3D('',#2380,#2381,#2382);
#2384=CYLINDRICAL_SURFACE('',#2383,4.9E-1);
#2385=ORIENTED_EDGE('',*,*,#1920,.T.);
#2387=ORIENTED_EDGE('',*,*,#2386,.T.);
#2388=ORIENTED_EDGE('',*,*,#2269,.F.);
#2389=ORIENTED_EDGE('',*,*,#2370,.F.);
#2390=EDGE_LOOP('',(#2385,#2387,#2388,#2389));
#2391=FACE_OUTER_BOUND('',#2390,.F.);
#2393=CARTESIAN_POINT('',(0.E0,1.E-2,-1.E0));
#2394=DIRECTION('',(0.E0,0.E0,-1.E0));
#2395=DIRECTION('',(0.E0,-1.E0,0.E0));
#2396=AXIS2_PLACEMENT_3D('',#2393,#2394,#2395);
#2397=PLANE('',#2396);
#2398=ORIENTED_EDGE('',*,*,#1918,.T.);
#2400=ORIENTED_EDGE('',*,*,#2399,.T.);
#2401=ORIENTED_EDGE('',*,*,#2271,.F.);
#2402=ORIENTED_EDGE('',*,*,#2386,.F.);
#2403=EDGE_LOOP('',(#2398,#2400,#2401,#2402));
#2404=FACE_OUTER_BOUND('',#2403,.F.);
#2406=CARTESIAN_POINT('',(0.E0,-1.E-2,-1.49E0));
#2407=DIRECTION('',(1.E0,0.E0,0.E0));
#2408=DIRECTION('',(0.E0,1.E0,0.E0));
#2409=AXIS2_PLACEMENT_3D('',#2406,#2407,#2408);
#2410=CYLINDRICAL_SURFACE('',#2409,4.9E-1);
#2411=ORIENTED_EDGE('',*,*,#1916,.T.);
#2413=ORIENTED_EDGE('',*,*,#2412,.T.);
#2414=ORIENTED_EDGE('',*,*,#2273,.F.);
#2415=ORIENTED_EDGE('',*,*,#2399,.F.);
#2416=EDGE_LOOP('',(#2411,#2413,#2414,#2415));
#2417=FACE_OUTER_BOUND('',#2416,.F.);
#2419=CARTESIAN_POINT('',(0.E0,-5.E-1,-1.49E0));
#2420=DIRECTION('',(0.E0,1.E0,0.E0));
#2421=DIRECTION('',(0.E0,0.E0,-1.E0));
#2422=AXIS2_PLACEMENT_3D('',#2419,#2420,#2421);
#2423=PLANE('',#2422);
#2424=ORIENTED_EDGE('',*,*,#1914,.T.);
#2426=ORIENTED_EDGE('',*,*,#2425,.F.);
#2427=ORIENTED_EDGE('',*,*,#1833,.T.);
#2428=ORIENTED_EDGE('',*,*,#2172,.T.);
#2429=ORIENTED_EDGE('',*,*,#2275,.T.);
#2430=ORIENTED_EDGE('',*,*,#2412,.F.);
#2431=EDGE_LOOP('',(#2424,#2426,#2427,#2428,#2429,#2430));
#2432=FACE_OUTER_BOUND('',#2431,.F.);
#2434=CARTESIAN_POINT('',(0.E0,3.3E0,-2.26514925E0));
#2435=DIRECTION('',(0.E0,0.E0,-1.E0));
#2436=DIRECTION('',(0.E0,-1.E0,0.E0));
#2437=AXIS2_PLACEMENT_3D('',#2434,#2435,#2436);
#2438=PLANE('',#2437);
#2439=ORIENTED_EDGE('',*,*,#1801,.F.);
#2440=ORIENTED_EDGE('',*,*,#1941,.T.);
#2441=ORIENTED_EDGE('',*,*,#1924,.T.);
#2442=ORIENTED_EDGE('',*,*,#2375,.F.);
#2443=EDGE_LOOP('',(#2439,#2440,#2441,#2442));
#2444=FACE_OUTER_BOUND('',#2443,.F.);
#2446=CARTESIAN_POINT('',(0.E0,3.3E0,-2.26514925E0));
#2447=DIRECTION('',(0.E0,0.E0,-1.E0));
#2448=DIRECTION('',(0.E0,-1.E0,0.E0));
#2449=AXIS2_PLACEMENT_3D('',#2446,#2447,#2448);
#2450=PLANE('',#2449);
#2451=ORIENTED_EDGE('',*,*,#1825,.F.);
#2452=ORIENTED_EDGE('',*,*,#2425,.T.);
#2453=ORIENTED_EDGE('',*,*,#1912,.T.);
#2455=ORIENTED_EDGE('',*,*,#2454,.F.);
#2456=EDGE_LOOP('',(#2451,#2452,#2453,#2455));
#2457=FACE_OUTER_BOUND('',#2456,.F.);
#2459=CARTESIAN_POINT('',(0.E0,-3.3E0,3.3E0));
#2460=DIRECTION('',(0.E0,-1.E0,0.E0));
#2461=DIRECTION('',(0.E0,0.E0,-1.E0));
#2462=AXIS2_PLACEMENT_3D('',#2459,#2460,#2461);
#2463=PLANE('',#2462);
#2464=ORIENTED_EDGE('',*,*,#1981,.T.);
#2465=ORIENTED_EDGE('',*,*,#2006,.T.);
#2466=ORIENTED_EDGE('',*,*,#2073,.F.);
#2467=ORIENTED_EDGE('',*,*,#2105,.F.);
#2468=ORIENTED_EDGE('',*,*,#2145,.T.);
#2470=ORIENTED_EDGE('',*,*,#2469,.F.);
#2471=ORIENTED_EDGE('',*,*,#1827,.T.);
#2472=ORIENTED_EDGE('',*,*,#2454,.T.);
#2473=ORIENTED_EDGE('',*,*,#1910,.F.);
#2474=ORIENTED_EDGE('',*,*,#1865,.F.);
#2475=ORIENTED_EDGE('',*,*,#1785,.T.);
#2477=ORIENTED_EDGE('',*,*,#2476,.T.);
#2478=EDGE_LOOP('',(#2464,#2465,#2466,#2467,#2468,#2470,#2471,#2472,#2473,#2474,
#2475,#2477));
#2479=FACE_OUTER_BOUND('',#2478,.F.);
#2481=CARTESIAN_POINT('',(0.E0,-2.952778125E0,-2.952778125E0));
#2482=DIRECTION('',(1.E0,0.E0,0.E0));
#2483=DIRECTION('',(0.E0,0.E0,1.E0));
#2484=AXIS2_PLACEMENT_3D('',#2481,#2482,#2483);
#2485=CYLINDRICAL_SURFACE('',#2484,3.47221875E-1);
#2486=ORIENTED_EDGE('',*,*,#1829,.F.);
#2487=ORIENTED_EDGE('',*,*,#2469,.T.);
#2488=ORIENTED_EDGE('',*,*,#2143,.T.);
#2489=ORIENTED_EDGE('',*,*,#2175,.F.);
#2490=EDGE_LOOP('',(#2486,#2487,#2488,#2489));
#2491=FACE_OUTER_BOUND('',#2490,.F.);
#2493=CARTESIAN_POINT('',(0.E0,-3.3E0,2.41363725E0));
#2494=DIRECTION('',(0.E0,-7.071067811865E-1,7.071067811865E-1));
#2495=DIRECTION('',(0.E0,7.071067811865E-1,7.071067811865E-1));
#2496=AXIS2_PLACEMENT_3D('',#2493,#2494,#2495);
#2497=PLANE('',#2496);
#2498=ORIENTED_EDGE('',*,*,#1983,.F.);
#2499=ORIENTED_EDGE('',*,*,#2476,.F.);
#2500=ORIENTED_EDGE('',*,*,#1783,.T.);
#2502=ORIENTED_EDGE('',*,*,#2501,.T.);
#2503=EDGE_LOOP('',(#2498,#2499,#2500,#2502));
#2504=FACE_OUTER_BOUND('',#2503,.F.);
#2506=CARTESIAN_POINT('',(0.E0,3.3E0,3.3E0));
#2507=DIRECTION('',(0.E0,0.E0,1.E0));
#2508=DIRECTION('',(0.E0,-1.E0,0.E0));
#2509=AXIS2_PLACEMENT_3D('',#2506,#2507,#2508);
#2510=PLANE('',#2509);
#2511=ORIENTED_EDGE('',*,*,#1969,.T.);
#2513=ORIENTED_EDGE('',*,*,#2512,.T.);
#2515=ORIENTED_EDGE('',*,*,#2514,.T.);
#2517=ORIENTED_EDGE('',*,*,#2516,.F.);
#2518=ORIENTED_EDGE('',*,*,#1985,.T.);
#2519=ORIENTED_EDGE('',*,*,#2501,.F.);
#2520=ORIENTED_EDGE('',*,*,#1781,.F.);
#2522=ORIENTED_EDGE('',*,*,#2521,.T.);
#2524=ORIENTED_EDGE('',*,*,#2523,.T.);
#2526=ORIENTED_EDGE('',*,*,#2525,.F.);
#2528=ORIENTED_EDGE('',*,*,#2527,.T.);
#2529=ORIENTED_EDGE('',*,*,#1883,.F.);
#2530=ORIENTED_EDGE('',*,*,#1759,.F.);
#2532=ORIENTED_EDGE('',*,*,#2531,.T.);
#2533=EDGE_LOOP('',(#2511,#2513,#2515,#2517,#2518,#2519,#2520,#2522,#2524,#2526,
#2528,#2529,#2530,#2532));
#2534=FACE_OUTER_BOUND('',#2533,.F.);
#2536=CARTESIAN_POINT('',(6.E-1,9.848475E-1,-3.3E0));
#2537=DIRECTION('',(0.E0,1.E0,0.E0));
#2538=DIRECTION('',(1.E0,0.E0,0.E0));
#2539=AXIS2_PLACEMENT_3D('',#2536,#2537,#2538);
#2540=PLANE('',#2539);
#2541=ORIENTED_EDGE('',*,*,#2124,.F.);
#2542=ORIENTED_EDGE('',*,*,#2182,.T.);
#2544=ORIENTED_EDGE('',*,*,#2543,.T.);
#2546=ORIENTED_EDGE('',*,*,#2545,.T.);
#2547=EDGE_LOOP('',(#2541,#2542,#2544,#2546));
#2548=FACE_OUTER_BOUND('',#2547,.F.);
#2550=CARTESIAN_POINT('',(6.E-1,9.848475E-1,-3.3E0));
#2551=DIRECTION('',(0.E0,1.E0,0.E0));
#2552=DIRECTION('',(1.E0,0.E0,0.E0));
#2553=AXIS2_PLACEMENT_3D('',#2550,#2551,#2552);
#2554=PLANE('',#2553);
#2555=ORIENTED_EDGE('',*,*,#1967,.F.);
#2556=ORIENTED_EDGE('',*,*,#2048,.F.);
#2558=ORIENTED_EDGE('',*,*,#2557,.T.);
#2559=ORIENTED_EDGE('',*,*,#2512,.F.);
#2560=EDGE_LOOP('',(#2555,#2556,#2558,#2559));
#2561=FACE_OUTER_BOUND('',#2560,.F.);
#2563=CARTESIAN_POINT('',(6.E-1,-9.848475E-1,-3.3E0));
#2564=DIRECTION('',(-1.E0,0.E0,0.E0));
#2565=DIRECTION('',(0.E0,1.E0,0.E0));
#2566=AXIS2_PLACEMENT_3D('',#2563,#2564,#2565);
#2567=PLANE('',#2566);
#2568=ORIENTED_EDGE('',*,*,#2180,.F.);
#2570=ORIENTED_EDGE('',*,*,#2569,.T.);
#2572=ORIENTED_EDGE('',*,*,#2571,.T.);
#2573=ORIENTED_EDGE('',*,*,#2543,.F.);
#2574=EDGE_LOOP('',(#2568,#2570,#2572,#2573));
#2575=FACE_OUTER_BOUND('',#2574,.F.);
#2577=CARTESIAN_POINT('',(6.E-1,-9.848475E-1,-3.3E0));
#2578=DIRECTION('',(-1.E0,0.E0,0.E0));
#2579=DIRECTION('',(0.E0,1.E0,0.E0));
#2580=AXIS2_PLACEMENT_3D('',#2577,#2578,#2579);
#2581=PLANE('',#2580);
#2582=ORIENTED_EDGE('',*,*,#2514,.F.);
#2583=ORIENTED_EDGE('',*,*,#2557,.F.);
#2584=ORIENTED_EDGE('',*,*,#2046,.T.);
#2586=ORIENTED_EDGE('',*,*,#2585,.T.);
#2587=EDGE_LOOP('',(#2582,#2583,#2584,#2586));
#2588=FACE_OUTER_BOUND('',#2587,.F.);
#2590=CARTESIAN_POINT('',(1.6E0,-9.848475E-1,-3.3E0));
#2591=DIRECTION('',(0.E0,-1.E0,0.E0));
#2592=DIRECTION('',(-1.E0,0.E0,0.E0));
#2593=AXIS2_PLACEMENT_3D('',#2590,#2591,#2592);
#2594=PLANE('',#2593);
#2595=ORIENTED_EDGE('',*,*,#2139,.T.);
#2597=ORIENTED_EDGE('',*,*,#2596,.F.);
#2598=ORIENTED_EDGE('',*,*,#2569,.F.);
#2599=ORIENTED_EDGE('',*,*,#2178,.F.);
#2600=EDGE_LOOP('',(#2595,#2597,#2598,#2599));
#2601=FACE_OUTER_BOUND('',#2600,.F.);
#2603=CARTESIAN_POINT('',(1.6E0,-9.848475E-1,-3.3E0));
#2604=DIRECTION('',(0.E0,-1.E0,0.E0));
#2605=DIRECTION('',(-1.E0,0.E0,0.E0));
#2606=AXIS2_PLACEMENT_3D('',#2603,#2604,#2605);
#2607=PLANE('',#2606);
#2608=ORIENTED_EDGE('',*,*,#1987,.T.);
#2609=ORIENTED_EDGE('',*,*,#2516,.T.);
#2610=ORIENTED_EDGE('',*,*,#2585,.F.);
#2611=ORIENTED_EDGE('',*,*,#2044,.T.);
#2612=EDGE_LOOP('',(#2608,#2609,#2610,#2611));
#2613=FACE_OUTER_BOUND('',#2612,.F.);
#2615=CARTESIAN_POINT('',(1.6E0,0.E0,0.E0));
#2616=DIRECTION('',(1.E0,0.E0,0.E0));
#2617=DIRECTION('',(0.E0,1.E0,0.E0));
#2618=AXIS2_PLACEMENT_3D('',#2615,#2616,#2617);
#2619=CYLINDRICAL_SURFACE('',#2618,3.15E0);
#2620=ORIENTED_EDGE('',*,*,#2077,.F.);
#2621=ORIENTED_EDGE('',*,*,#2038,.T.);
#2623=ORIENTED_EDGE('',*,*,#2622,.T.);
#2624=ORIENTED_EDGE('',*,*,#2034,.F.);
#2625=ORIENTED_EDGE('',*,*,#2061,.F.);
#2626=ORIENTED_EDGE('',*,*,#2091,.T.);
#2627=ORIENTED_EDGE('',*,*,#2126,.F.);
#2628=ORIENTED_EDGE('',*,*,#2545,.F.);
#2629=ORIENTED_EDGE('',*,*,#2571,.F.);
#2630=ORIENTED_EDGE('',*,*,#2596,.T.);
#2631=ORIENTED_EDGE('',*,*,#2137,.F.);
#2632=ORIENTED_EDGE('',*,*,#2108,.F.);
#2633=EDGE_LOOP('',(#2620,#2621,#2623,#2624,#2625,#2626,#2627,#2628,#2629,#2630,
#2631,#2632));
#2634=FACE_OUTER_BOUND('',#2633,.F.);
#2636=CARTESIAN_POINT('',(5.E-1,0.E0,0.E0));
#2637=DIRECTION('',(1.E0,0.E0,0.E0));
#2638=DIRECTION('',(0.E0,1.E0,0.E0));
#2639=AXIS2_PLACEMENT_3D('',#2636,#2637,#2638);
#2640=PLANE('',#2639);
#2641=ORIENTED_EDGE('',*,*,#2036,.F.);
#2642=ORIENTED_EDGE('',*,*,#2622,.F.);
#2643=EDGE_LOOP('',(#2641,#2642));
#2644=FACE_OUTER_BOUND('',#2643,.F.);
#2646=CARTESIAN_POINT('',(0.E0,-5.E-1,1.49E0));
#2647=DIRECTION('',(0.E0,-1.E0,0.E0));
#2648=DIRECTION('',(0.E0,0.E0,1.E0));
#2649=AXIS2_PLACEMENT_3D('',#2646,#2647,#2648);
#2650=PLANE('',#2649);
#2651=ORIENTED_EDGE('',*,*,#1907,.F.);
#2653=ORIENTED_EDGE('',*,*,#2652,.T.);
#2655=ORIENTED_EDGE('',*,*,#2654,.T.);
#2656=ORIENTED_EDGE('',*,*,#2521,.F.);
#2657=ORIENTED_EDGE('',*,*,#1779,.T.);
#2658=ORIENTED_EDGE('',*,*,#1869,.T.);
#2659=EDGE_LOOP('',(#2651,#2653,#2655,#2656,#2657,#2658));
#2660=FACE_OUTER_BOUND('',#2659,.F.);
#2662=CARTESIAN_POINT('',(0.E0,-1.E-2,1.49E0));
#2663=DIRECTION('',(-1.E0,0.E0,0.E0));
#2664=DIRECTION('',(0.E0,1.E0,0.E0));
#2665=AXIS2_PLACEMENT_3D('',#2662,#2663,#2664);
#2666=CYLINDRICAL_SURFACE('',#2665,4.9E-1);
#2667=ORIENTED_EDGE('',*,*,#1905,.F.);
#2669=ORIENTED_EDGE('',*,*,#2668,.T.);
#2671=ORIENTED_EDGE('',*,*,#2670,.T.);
#2672=ORIENTED_EDGE('',*,*,#2652,.F.);
#2673=EDGE_LOOP('',(#2667,#2669,#2671,#2672));
#2674=FACE_OUTER_BOUND('',#2673,.F.);
#2676=CARTESIAN_POINT('',(0.E0,1.E-2,1.E0));
#2677=DIRECTION('',(0.E0,0.E0,-1.E0));
#2678=DIRECTION('',(0.E0,-1.E0,0.E0));
#2679=AXIS2_PLACEMENT_3D('',#2676,#2677,#2678);
#2680=PLANE('',#2679);
#2681=ORIENTED_EDGE('',*,*,#1903,.F.);
#2683=ORIENTED_EDGE('',*,*,#2682,.T.);
#2685=ORIENTED_EDGE('',*,*,#2684,.T.);
#2686=ORIENTED_EDGE('',*,*,#2668,.F.);
#2687=EDGE_LOOP('',(#2681,#2683,#2685,#2686));
#2688=FACE_OUTER_BOUND('',#2687,.F.);
#2690=CARTESIAN_POINT('',(0.E0,1.E-2,1.49E0));
#2691=DIRECTION('',(-1.E0,0.E0,0.E0));
#2692=DIRECTION('',(0.E0,1.E0,0.E0));
#2693=AXIS2_PLACEMENT_3D('',#2690,#2691,#2692);
#2694=CYLINDRICAL_SURFACE('',#2693,4.9E-1);
#2695=ORIENTED_EDGE('',*,*,#1901,.F.);
#2696=ORIENTED_EDGE('',*,*,#1887,.T.);
#2698=ORIENTED_EDGE('',*,*,#2697,.T.);
#2699=ORIENTED_EDGE('',*,*,#2682,.F.);
#2700=EDGE_LOOP('',(#2695,#2696,#2698,#2699));
#2701=FACE_OUTER_BOUND('',#2700,.F.);
#2703=CARTESIAN_POINT('',(2.E-1,0.E0,0.E0));
#2704=DIRECTION('',(-1.E0,0.E0,0.E0));
#2705=DIRECTION('',(0.E0,1.E0,0.E0));
#2706=AXIS2_PLACEMENT_3D('',#2703,#2704,#2705);
#2707=PLANE('',#2706);
#2709=ORIENTED_EDGE('',*,*,#2708,.T.);
#2711=ORIENTED_EDGE('',*,*,#2710,.F.);
#2713=ORIENTED_EDGE('',*,*,#2712,.F.);
#2714=ORIENTED_EDGE('',*,*,#2523,.F.);
#2715=ORIENTED_EDGE('',*,*,#2654,.F.);
#2716=ORIENTED_EDGE('',*,*,#2670,.F.);
#2717=ORIENTED_EDGE('',*,*,#2684,.F.);
#2718=ORIENTED_EDGE('',*,*,#2697,.F.);
#2719=ORIENTED_EDGE('',*,*,#1885,.F.);
#2720=ORIENTED_EDGE('',*,*,#2527,.F.);
#2721=EDGE_LOOP('',(#2709,#2711,#2713,#2714,#2715,#2716,#2717,#2718,#2719,
#2720));
#2722=FACE_OUTER_BOUND('',#2721,.F.);
#2724=CARTESIAN_POINT('',(2.E-1,3.5E-1,3.3E0));
#2725=DIRECTION('',(0.E0,1.E0,0.E0));
#2726=DIRECTION('',(0.E0,0.E0,-1.E0));
#2727=AXIS2_PLACEMENT_3D('',#2724,#2725,#2726);
#2728=PLANE('',#2727);
#2730=ORIENTED_EDGE('',*,*,#2729,.F.);
#2732=ORIENTED_EDGE('',*,*,#2731,.F.);
#2733=ORIENTED_EDGE('',*,*,#2708,.F.);
#2735=ORIENTED_EDGE('',*,*,#2734,.F.);
#2737=ORIENTED_EDGE('',*,*,#2736,.T.);
#2739=ORIENTED_EDGE('',*,*,#2738,.T.);
#2740=EDGE_LOOP('',(#2730,#2732,#2733,#2735,#2737,#2739));
#2741=FACE_OUTER_BOUND('',#2740,.F.);
#2743=FILL_AREA_STYLE_COLOUR('',#19);
#2744=FILL_AREA_STYLE('',(#2743));
#2745=SURFACE_STYLE_FILL_AREA(#2744);
#2746=SURFACE_SIDE_STYLE('',(#2745));
#2747=SURFACE_STYLE_USAGE(.POSITIVE.,#2746);
#2748=FILL_AREA_STYLE_COLOUR('',#18);
#2749=FILL_AREA_STYLE('',(#2748));
#2750=SURFACE_STYLE_FILL_AREA(#2749);
#2751=SURFACE_SIDE_STYLE('',(#2750));
#2752=SURFACE_STYLE_USAGE(.NEGATIVE.,#2751);
#2753=PRESENTATION_STYLE_ASSIGNMENT((#2747,#2752));
#2754=OVER_RIDING_STYLED_ITEM('',(#2753),#2742,#20);
#2755=CARTESIAN_POINT('',(-1.E-1,3.5E-1,3.3E0));
#2756=DIRECTION('',(9.974586998307E-1,0.E0,7.124704998791E-2));
#2757=DIRECTION('',(7.124704998791E-2,0.E0,-9.974586998307E-1));
#2758=AXIS2_PLACEMENT_3D('',#2755,#2756,#2757);
#2759=PLANE('',#2758);
#2760=ORIENTED_EDGE('',*,*,#2729,.T.);
#2762=ORIENTED_EDGE('',*,*,#2761,.T.);
#2764=ORIENTED_EDGE('',*,*,#2763,.F.);
#2766=ORIENTED_EDGE('',*,*,#2765,.F.);
#2767=EDGE_LOOP('',(#2760,#2762,#2764,#2766));
#2768=FACE_OUTER_BOUND('',#2767,.F.);
#2770=FILL_AREA_STYLE_COLOUR('',#19);
#2771=FILL_AREA_STYLE('',(#2770));
#2772=SURFACE_STYLE_FILL_AREA(#2771);
#2773=SURFACE_SIDE_STYLE('',(#2772));
#2774=SURFACE_STYLE_USAGE(.POSITIVE.,#2773);
#2775=FILL_AREA_STYLE_COLOUR('',#18);
#2776=FILL_AREA_STYLE('',(#2775));
#2777=SURFACE_STYLE_FILL_AREA(#2776);
#2778=SURFACE_SIDE_STYLE('',(#2777));
#2779=SURFACE_STYLE_USAGE(.NEGATIVE.,#2778);
#2780=PRESENTATION_STYLE_ASSIGNMENT((#2774,#2779));
#2781=OVER_RIDING_STYLED_ITEM('',(#2780),#2769,#20);
#2782=CARTESIAN_POINT('',(-1.E-1,0.E0,0.E0));
#2783=DIRECTION('',(-1.E0,0.E0,0.E0));
#2784=DIRECTION('',(0.E0,0.E0,-1.E0));
#2785=AXIS2_PLACEMENT_3D('',#2782,#2783,#2784);
#2786=PLANE('',#2785);
#2787=ORIENTED_EDGE('',*,*,#2761,.F.);
#2788=ORIENTED_EDGE('',*,*,#2738,.F.);
#2790=ORIENTED_EDGE('',*,*,#2789,.F.);
#2792=ORIENTED_EDGE('',*,*,#2791,.F.);
#2793=EDGE_LOOP('',(#2787,#2788,#2790,#2792));
#2794=FACE_OUTER_BOUND('',#2793,.F.);
#2796=FILL_AREA_STYLE_COLOUR('',#19);
#2797=FILL_AREA_STYLE('',(#2796));
#2798=SURFACE_STYLE_FILL_AREA(#2797);
#2799=SURFACE_SIDE_STYLE('',(#2798));
#2800=SURFACE_STYLE_USAGE(.POSITIVE.,#2799);
#2801=FILL_AREA_STYLE_COLOUR('',#18);
#2802=FILL_AREA_STYLE('',(#2801));
#2803=SURFACE_STYLE_FILL_AREA(#2802);
#2804=SURFACE_SIDE_STYLE('',(#2803));
#2805=SURFACE_STYLE_USAGE(.NEGATIVE.,#2804);
#2806=PRESENTATION_STYLE_ASSIGNMENT((#2800,#2805));
#2807=OVER_RIDING_STYLED_ITEM('',(#2806),#2795,#20);
#2808=CARTESIAN_POINT('',(2.E-1,-3.5E-1,3.8E0));
#2809=DIRECTION('',(0.E0,0.E0,1.E0));
#2810=DIRECTION('',(0.E0,1.E0,0.E0));
#2811=AXIS2_PLACEMENT_3D('',#2808,#2809,#2810);
#2812=PLANE('',#2811);
#2814=ORIENTED_EDGE('',*,*,#2813,.F.);
#2816=ORIENTED_EDGE('',*,*,#2815,.T.);
#2817=ORIENTED_EDGE('',*,*,#2789,.T.);
#2818=ORIENTED_EDGE('',*,*,#2736,.F.);
#2819=EDGE_LOOP('',(#2814,#2816,#2817,#2818));
#2820=FACE_OUTER_BOUND('',#2819,.F.);
#2822=FILL_AREA_STYLE_COLOUR('',#19);
#2823=FILL_AREA_STYLE('',(#2822));
#2824=SURFACE_STYLE_FILL_AREA(#2823);
#2825=SURFACE_SIDE_STYLE('',(#2824));
#2826=SURFACE_STYLE_USAGE(.POSITIVE.,#2825);
#2827=FILL_AREA_STYLE_COLOUR('',#18);
#2828=FILL_AREA_STYLE('',(#2827));
#2829=SURFACE_STYLE_FILL_AREA(#2828);
#2830=SURFACE_SIDE_STYLE('',(#2829));
#2831=SURFACE_STYLE_USAGE(.NEGATIVE.,#2830);
#2832=PRESENTATION_STYLE_ASSIGNMENT((#2826,#2831));
#2833=OVER_RIDING_STYLED_ITEM('',(#2832),#2821,#20);
#2834=CARTESIAN_POINT('',(2.E-1,0.E0,0.E0));
#2835=DIRECTION('',(-1.E0,0.E0,0.E0));
#2836=DIRECTION('',(0.E0,0.E0,-1.E0));
#2837=AXIS2_PLACEMENT_3D('',#2834,#2835,#2836);
#2838=PLANE('',#2837);
#2839=ORIENTED_EDGE('',*,*,#2525,.T.);
#2841=ORIENTED_EDGE('',*,*,#2840,.T.);
#2842=ORIENTED_EDGE('',*,*,#2813,.T.);
#2843=ORIENTED_EDGE('',*,*,#2734,.T.);
#2844=EDGE_LOOP('',(#2839,#2841,#2842,#2843));
#2845=FACE_OUTER_BOUND('',#2844,.F.);
#2847=FILL_AREA_STYLE_COLOUR('',#19);
#2848=FILL_AREA_STYLE('',(#2847));
#2849=SURFACE_STYLE_FILL_AREA(#2848);
#2850=SURFACE_SIDE_STYLE('',(#2849));
#2851=SURFACE_STYLE_USAGE(.POSITIVE.,#2850);
#2852=FILL_AREA_STYLE_COLOUR('',#18);
#2853=FILL_AREA_STYLE('',(#2852));
#2854=SURFACE_STYLE_FILL_AREA(#2853);
#2855=SURFACE_SIDE_STYLE('',(#2854));
#2856=SURFACE_STYLE_USAGE(.NEGATIVE.,#2855);
#2857=PRESENTATION_STYLE_ASSIGNMENT((#2851,#2856));
#2858=OVER_RIDING_STYLED_ITEM('',(#2857),#2846,#20);
#2859=CARTESIAN_POINT('',(2.E-1,-3.5E-1,1.2E0));
#2860=DIRECTION('',(0.E0,-1.E0,0.E0));
#2861=DIRECTION('',(0.E0,0.E0,1.E0));
#2862=AXIS2_PLACEMENT_3D('',#2859,#2860,#2861);
#2863=PLANE('',#2862);
#2864=ORIENTED_EDGE('',*,*,#2763,.T.);
#2865=ORIENTED_EDGE('',*,*,#2791,.T.);
#2866=ORIENTED_EDGE('',*,*,#2815,.F.);
#2867=ORIENTED_EDGE('',*,*,#2840,.F.);
#2868=ORIENTED_EDGE('',*,*,#2712,.T.);
#2870=ORIENTED_EDGE('',*,*,#2869,.T.);
#2871=EDGE_LOOP('',(#2864,#2865,#2866,#2867,#2868,#2870));
#2872=FACE_OUTER_BOUND('',#2871,.F.);
#2874=FILL_AREA_STYLE_COLOUR('',#19);
#2875=FILL_AREA_STYLE('',(#2874));
#2876=SURFACE_STYLE_FILL_AREA(#2875);
#2877=SURFACE_SIDE_STYLE('',(#2876));
#2878=SURFACE_STYLE_USAGE(.POSITIVE.,#2877);
#2879=FILL_AREA_STYLE_COLOUR('',#18);
#2880=FILL_AREA_STYLE('',(#2879));
#2881=SURFACE_STYLE_FILL_AREA(#2880);
#2882=SURFACE_SIDE_STYLE('',(#2881));
#2883=SURFACE_STYLE_USAGE(.NEGATIVE.,#2882);
#2884=PRESENTATION_STYLE_ASSIGNMENT((#2878,#2883));
#2885=OVER_RIDING_STYLED_ITEM('',(#2884),#2873,#20);
#2886=CARTESIAN_POINT('',(3.81612E0,0.E0,1.55E0));
#2887=DIRECTION('',(-1.E0,0.E0,0.E0));
#2888=DIRECTION('',(0.E0,0.E0,-1.E0));
#2889=AXIS2_PLACEMENT_3D('',#2886,#2887,#2888);
#2890=CYLINDRICAL_SURFACE('',#2889,3.5E-1);
#2891=ORIENTED_EDGE('',*,*,#2765,.T.);
#2892=ORIENTED_EDGE('',*,*,#2869,.F.);
#2893=ORIENTED_EDGE('',*,*,#2710,.T.);
#2894=ORIENTED_EDGE('',*,*,#2731,.T.);
#2895=EDGE_LOOP('',(#2891,#2892,#2893,#2894));
#2896=FACE_OUTER_BOUND('',#2895,.F.);
#2898=FILL_AREA_STYLE_COLOUR('',#19);
#2899=FILL_AREA_STYLE('',(#2898));
#2900=SURFACE_STYLE_FILL_AREA(#2899);
#2901=SURFACE_SIDE_STYLE('',(#2900));
#2902=SURFACE_STYLE_USAGE(.POSITIVE.,#2901);
#2903=FILL_AREA_STYLE_COLOUR('',#18);
#2904=FILL_AREA_STYLE('',(#2903));
#2905=SURFACE_STYLE_FILL_AREA(#2904);
#2906=SURFACE_SIDE_STYLE('',(#2905));
#2907=SURFACE_STYLE_USAGE(.NEGATIVE.,#2906);
#2908=PRESENTATION_STYLE_ASSIGNMENT((#2902,#2907));
#2909=OVER_RIDING_STYLED_ITEM('',(#2908),#2897,#20);
#2910=CARTESIAN_POINT('',(0.E0,3.3E0,2.41363725E0));
#2911=DIRECTION('',(0.E0,-7.071067811865E-1,-7.071067811865E-1));
#2912=DIRECTION('',(0.E0,-7.071067811865E-1,7.071067811865E-1));
#2913=AXIS2_PLACEMENT_3D('',#2910,#2911,#2912);
#2914=PLANE('',#2913);
#2915=ORIENTED_EDGE('',*,*,#1971,.T.);
#2916=ORIENTED_EDGE('',*,*,#2531,.F.);
#2917=ORIENTED_EDGE('',*,*,#1757,.F.);
#2918=ORIENTED_EDGE('',*,*,#1936,.T.);
#2919=EDGE_LOOP('',(#2915,#2916,#2917,#2918));
#2920=FACE_OUTER_BOUND('',#2919,.F.);
#2922=CARTESIAN_POINT('',(0.E0,-2.412876375E0,2.437497562500E0));
#2923=DIRECTION('',(-1.E0,0.E0,0.E0));
#2924=DIRECTION('',(0.E0,0.E0,-1.E0));
#2925=AXIS2_PLACEMENT_3D('',#2922,#2923,#2924);
#2926=CYLINDRICAL_SURFACE('',#2925,1.533336648480E-1);
#2927=ORIENTED_EDGE('',*,*,#1789,.F.);
#2929=ORIENTED_EDGE('',*,*,#2928,.T.);
#2931=ORIENTED_EDGE('',*,*,#2930,.T.);
#2933=ORIENTED_EDGE('',*,*,#2932,.F.);
#2934=EDGE_LOOP('',(#2927,#2929,#2931,#2933));
#2935=FACE_OUTER_BOUND('',#2934,.F.);
#2937=CARTESIAN_POINT('',(0.E0,-2.412876375E0,2.437497562500E0));
#2938=DIRECTION('',(-1.E0,0.E0,0.E0));
#2939=DIRECTION('',(0.E0,0.E0,-1.E0));
#2940=AXIS2_PLACEMENT_3D('',#2937,#2938,#2939);
#2941=CYLINDRICAL_SURFACE('',#2940,1.533336648480E-1);
#2942=ORIENTED_EDGE('',*,*,#1791,.F.);
#2943=ORIENTED_EDGE('',*,*,#2932,.T.);
#2945=ORIENTED_EDGE('',*,*,#2944,.T.);
#2946=ORIENTED_EDGE('',*,*,#2928,.F.);
#2947=EDGE_LOOP('',(#2942,#2943,#2945,#2946));
#2948=FACE_OUTER_BOUND('',#2947,.F.);
#2950=CARTESIAN_POINT('',(-1.916670810600E-2,0.E0,0.E0));
#2951=DIRECTION('',(-1.E0,0.E0,0.E0));
#2952=DIRECTION('',(0.E0,0.E0,-1.E0));
#2953=AXIS2_PLACEMENT_3D('',#2950,#2951,#2952);
#2954=PLANE('',#2953);
#2955=ORIENTED_EDGE('',*,*,#2930,.F.);
#2956=ORIENTED_EDGE('',*,*,#2944,.F.);
#2957=EDGE_LOOP('',(#2955,#2956));
#2958=FACE_OUTER_BOUND('',#2957,.F.);
#2960=CARTESIAN_POINT('',(-1.916670810600E-2,0.E0,0.E0));
#2961=DIRECTION('',(-1.E0,0.E0,0.E0));
#2962=DIRECTION('',(0.E0,0.E0,-1.E0));
#2963=AXIS2_PLACEMENT_3D('',#2960,#2961,#2962);
#2964=PLANE('',#2963);
#2966=ORIENTED_EDGE('',*,*,#2965,.F.);
#2968=ORIENTED_EDGE('',*,*,#2967,.F.);
#2969=EDGE_LOOP('',(#2966,#2968));
#2970=FACE_OUTER_BOUND('',#2969,.F.);
#2972=CARTESIAN_POINT('',(-1.916670810600E-2,0.E0,0.E0));
#2973=DIRECTION('',(-1.E0,0.E0,0.E0));
#2974=DIRECTION('',(0.E0,0.E0,-1.E0));
#2975=AXIS2_PLACEMENT_3D('',#2972,#2973,#2974);
#2976=PLANE('',#2975);
#2978=ORIENTED_EDGE('',*,*,#2977,.F.);
#2980=ORIENTED_EDGE('',*,*,#2979,.F.);
#2981=EDGE_LOOP('',(#2978,#2980));
#2982=FACE_OUTER_BOUND('',#2981,.F.);
#2984=CARTESIAN_POINT('',(-1.916670810600E-2,0.E0,0.E0));
#2985=DIRECTION('',(-1.E0,0.E0,0.E0));
#2986=DIRECTION('',(0.E0,0.E0,-1.E0));
#2987=AXIS2_PLACEMENT_3D('',#2984,#2985,#2986);
#2988=PLANE('',#2987);
#2990=ORIENTED_EDGE('',*,*,#2989,.F.);
#2992=ORIENTED_EDGE('',*,*,#2991,.F.);
#2993=EDGE_LOOP('',(#2990,#2992));
#2994=FACE_OUTER_BOUND('',#2993,.F.);
#2996=CARTESIAN_POINT('',(0.E0,-2.412876375E0,-2.437497562500E0));
#2997=DIRECTION('',(-1.E0,0.E0,0.E0));
#2998=DIRECTION('',(0.E0,0.E0,-1.E0));
#2999=AXIS2_PLACEMENT_3D('',#2996,#2997,#2998);
#3000=CYLINDRICAL_SURFACE('',#2999,1.533336648480E-1);
#3001=ORIENTED_EDGE('',*,*,#1837,.F.);
#3003=ORIENTED_EDGE('',*,*,#3002,.T.);
#3004=ORIENTED_EDGE('',*,*,#2965,.T.);
#3006=ORIENTED_EDGE('',*,*,#3005,.F.);
#3007=EDGE_LOOP('',(#3001,#3003,#3004,#3006));
#3008=FACE_OUTER_BOUND('',#3007,.F.);
#3010=CARTESIAN_POINT('',(0.E0,-2.412876375E0,-2.437497562500E0));
#3011=DIRECTION('',(-1.E0,0.E0,0.E0));
#3012=DIRECTION('',(0.E0,0.E0,-1.E0));
#3013=AXIS2_PLACEMENT_3D('',#3010,#3011,#3012);
#3014=CYLINDRICAL_SURFACE('',#3013,1.533336648480E-1);
#3015=ORIENTED_EDGE('',*,*,#1839,.F.);
#3016=ORIENTED_EDGE('',*,*,#3005,.T.);
#3017=ORIENTED_EDGE('',*,*,#2967,.T.);
#3018=ORIENTED_EDGE('',*,*,#3002,.F.);
#3019=EDGE_LOOP('',(#3015,#3016,#3017,#3018));
#3020=FACE_OUTER_BOUND('',#3019,.F.);
#3022=CARTESIAN_POINT('',(0.E0,2.412876375E0,-2.437497562500E0));
#3023=DIRECTION('',(-1.E0,0.E0,0.E0));
#3024=DIRECTION('',(0.E0,0.E0,-1.E0));
#3025=AXIS2_PLACEMENT_3D('',#3022,#3023,#3024);
#3026=CYLINDRICAL_SURFACE('',#3025,1.533336648480E-1);
#3027=ORIENTED_EDGE('',*,*,#1813,.F.);
#3029=ORIENTED_EDGE('',*,*,#3028,.T.);
#3030=ORIENTED_EDGE('',*,*,#2977,.T.);
#3032=ORIENTED_EDGE('',*,*,#3031,.F.);
#3033=EDGE_LOOP('',(#3027,#3029,#3030,#3032));
#3034=FACE_OUTER_BOUND('',#3033,.F.);
#3036=CARTESIAN_POINT('',(0.E0,2.412876375E0,-2.437497562500E0));
#3037=DIRECTION('',(-1.E0,0.E0,0.E0));
#3038=DIRECTION('',(0.E0,0.E0,-1.E0));
#3039=AXIS2_PLACEMENT_3D('',#3036,#3037,#3038);
#3040=CYLINDRICAL_SURFACE('',#3039,1.533336648480E-1);
#3041=ORIENTED_EDGE('',*,*,#1815,.F.);
#3042=ORIENTED_EDGE('',*,*,#3031,.T.);
#3043=ORIENTED_EDGE('',*,*,#2979,.T.);
#3044=ORIENTED_EDGE('',*,*,#3028,.F.);
#3045=EDGE_LOOP('',(#3041,#3042,#3043,#3044));
#3046=FACE_OUTER_BOUND('',#3045,.F.);
#3048=CARTESIAN_POINT('',(0.E0,2.412876375E0,2.437497562500E0));
#3049=DIRECTION('',(-1.E0,0.E0,0.E0));
#3050=DIRECTION('',(0.E0,0.E0,-1.E0));
#3051=AXIS2_PLACEMENT_3D('',#3048,#3049,#3050);
#3052=CYLINDRICAL_SURFACE('',#3051,1.533336648480E-1);
#3053=ORIENTED_EDGE('',*,*,#1765,.F.);
#3055=ORIENTED_EDGE('',*,*,#3054,.T.);
#3056=ORIENTED_EDGE('',*,*,#2989,.T.);
#3058=ORIENTED_EDGE('',*,*,#3057,.F.);
#3059=EDGE_LOOP('',(#3053,#3055,#3056,#3058));
#3060=FACE_OUTER_BOUND('',#3059,.F.);
#3062=CARTESIAN_POINT('',(0.E0,2.412876375E0,2.437497562500E0));
#3063=DIRECTION('',(-1.E0,0.E0,0.E0));
#3064=DIRECTION('',(0.E0,0.E0,-1.E0));
#3065=AXIS2_PLACEMENT_3D('',#3062,#3063,#3064);
#3066=CYLINDRICAL_SURFACE('',#3065,1.533336648480E-1);
#3067=ORIENTED_EDGE('',*,*,#1767,.F.);
#3068=ORIENTED_EDGE('',*,*,#3057,.T.);
#3069=ORIENTED_EDGE('',*,*,#2991,.T.);
#3070=ORIENTED_EDGE('',*,*,#3054,.F.);
#3071=EDGE_LOOP('',(#3067,#3068,#3069,#3070));
#3072=FACE_OUTER_BOUND('',#3071,.F.);
#3074=CLOSED_SHELL('',(#1771,#1795,#1819,#1843,#1858,#1873,#1891,#1928,#1956,
#1975,#1995,#2010,#2024,#2052,#2067,#2083,#2097,#2112,#2130,#2149,#2162,#2193,
#2208,#2234,#2256,#2280,#2297,#2317,#2337,#2356,#2379,#2392,#2405,#2418,#2433,
#2445,#2458,#2480,#2492,#2505,#2535,#2549,#2562,#2576,#2589,#2602,#2614,#2635,
#2645,#2661,#2675,#2689,#2702,#2723,#2742,#2769,#2795,#2821,#2846,#2873,#2897,
#2921,#2936,#2949,#2959,#2971,#2983,#2995,#3009,#3021,#3035,#3047,#3061,#3073));
#3075=MANIFOLD_SOLID_BREP('',#3074);
#3076=FILL_AREA_STYLE_COLOUR('',#18);
#3077=FILL_AREA_STYLE('',(#3076));
#3078=SURFACE_STYLE_FILL_AREA(#3077);
#3079=SURFACE_SIDE_STYLE('',(#3078));
#3080=SURFACE_STYLE_USAGE(.BOTH.,#3079);
#3081=PRESENTATION_STYLE_ASSIGNMENT((#3080));
#20=STYLED_ITEM('',(#3081),#3075);
#3084=PLANE_ANGLE_MEASURE_WITH_UNIT(PLANE_ANGLE_MEASURE(1.745329251994E-2),
#3083);
#3085=(CONVERSION_BASED_UNIT('DEGREE',#3084)NAMED_UNIT(*)PLANE_ANGLE_UNIT());
#3087=UNCERTAINTY_MEASURE_WITH_UNIT(LENGTH_MEASURE(1.026677977521E-3),#3082,
'distance_accuracy_value',
'Maximum model space distance between geometric entities at asserted connectivities');
#3089=CARTESIAN_POINT('',(0.E0,0.E0,0.E0));
#3090=DIRECTION('',(0.E0,0.E0,1.E0));
#3091=DIRECTION('',(1.E0,0.E0,0.E0));
#3094=APPLICATION_CONTEXT('automotive_design');
#3095=APPLICATION_PROTOCOL_DEFINITION('international standard',
'automotive_design',2001,#3094);
#3096=PRODUCT_DEFINITION_CONTEXT('part definition',#3094,'design');
#3097=PRODUCT_CONTEXT('',#3094,'mechanical');
#3098=PRODUCT('_0650-0630-000','_0650-0630-000','NOT SPECIFIED',(#3097));
#3099=PRODUCT_DEFINITION_FORMATION('49','LAST_VERSION',#3098);
#3107=DERIVED_UNIT_ELEMENT(#3106,2.E0);
#3108=DERIVED_UNIT((#3107));
#3109=MEASURE_REPRESENTATION_ITEM('surface area measure',AREA_MEASURE(
1.312278187766E2),#3108);
#3114=DERIVED_UNIT_ELEMENT(#3113,3.E0);
#3115=DERIVED_UNIT((#3114));
#3116=MEASURE_REPRESENTATION_ITEM('volume measure',VOLUME_MEASURE(
2.716203761807E1),#3115);
#3120=CARTESIAN_POINT('centre point',(4.935590667289E-1,-5.376801812831E-9,
-3.569544970982E-1));
#3125=DERIVED_UNIT_ELEMENT(#3124,2.E0);
#3126=DERIVED_UNIT((#3125));
#3127=MEASURE_REPRESENTATION_ITEM('surface area measure',AREA_MEASURE(
1.312278187766E2),#3126);
#3132=DERIVED_UNIT_ELEMENT(#3131,3.E0);
#3133=DERIVED_UNIT((#3132));
#3134=MEASURE_REPRESENTATION_ITEM('volume measure',VOLUME_MEASURE(
2.716203761807E1),#3133);
#3138=CARTESIAN_POINT('centre point',(4.935590667289E-1,-5.376801812831E-9,
-3.569544970982E-1));
#3148=CARTESIAN_POINT('centre point',(5.935590667289E-1,3.299999994623E0,
-4.156954497098E0));
#3152=CARTESIAN_POINT('',(1.E-1,3.3E0,-3.8E0));
#3153=DIRECTION('',(0.E0,0.E0,1.E0));
#3154=DIRECTION('',(1.E0,0.E0,0.E0));
#3155=AXIS2_PLACEMENT_3D('',#3152,#3153,#3154);
#3156=ITEM_DEFINED_TRANSFORMATION('','',#3092,#3155);
#3157=(REPRESENTATION_RELATIONSHIP('','',#3093,#3145)REPRESENTATION_RELATIONSHIP_WITH_TRANSFORMATION(#3156)SHAPE_REPRESENTATION_RELATIONSHIP());
#3158=CONTEXT_DEPENDENT_SHAPE_REPRESENTATION(#3157,#3147);
#3161=CARTESIAN_POINT('',(0.E0,0.E0,0.E0));
#3162=DIRECTION('',(0.E0,1.E0,0.E0));
#3163=DIRECTION('',(1.E0,0.E0,0.E0));
#3164=AXIS2_PLACEMENT_3D('',#3161,#3162,#3163);
#3166=CURVE_STYLE('',#25,POSITIVE_LENGTH_MEASURE(2.E-2),#16);
#3167=PRESENTATION_STYLE_ASSIGNMENT((#3166));
#3168=STYLED_ITEM('',(#3167),#3165);
#3169=CARTESIAN_POINT('',(0.E0,0.E0,0.E0));
#3170=DIRECTION('',(0.E0,1.E0,0.E0));
#3171=DIRECTION('',(-1.E0,0.E0,0.E0));
#3172=AXIS2_PLACEMENT_3D('',#3169,#3170,#3171);
#3174=CURVE_STYLE('',#25,POSITIVE_LENGTH_MEASURE(2.E-2),#16);
#3175=PRESENTATION_STYLE_ASSIGNMENT((#3174));
#3176=STYLED_ITEM('',(#3175),#3173);
#3177=CARTESIAN_POINT('',(0.E0,1.870820393250E0,0.E0));
#3178=DIRECTION('',(0.E0,1.E0,0.E0));
#3179=DIRECTION('',(1.E0,0.E0,0.E0));
#3180=AXIS2_PLACEMENT_3D('',#3177,#3178,#3179);
#3182=CURVE_STYLE('',#25,POSITIVE_LENGTH_MEASURE(2.E-2),#16);
#3183=PRESENTATION_STYLE_ASSIGNMENT((#3182));
#3184=STYLED_ITEM('',(#3183),#3181);
#3185=DIRECTION('',(0.E0,1.E0,-4.835765006516E-14));
#3186=VECTOR('',#3185,3.207967606750E0);
#3187=CARTESIAN_POINT('',(3.15E0,1.870820393250E0,1.660134877025E-13));
#3188=LINE('',#3187,#3186);
#3189=CURVE_STYLE('',#25,POSITIVE_LENGTH_MEASURE(2.E-2),#16);
#3190=PRESENTATION_STYLE_ASSIGNMENT((#3189));
#3191=STYLED_ITEM('',(#3190),#3188);
#3192=CARTESIAN_POINT('',(0.E0,5.078788E0,0.E0));
#3193=DIRECTION('',(0.E0,-1.E0,0.E0));
#3194=DIRECTION('',(-1.E0,0.E0,0.E0));
#3195=AXIS2_PLACEMENT_3D('',#3192,#3193,#3194);
#3197=CURVE_STYLE('',#25,POSITIVE_LENGTH_MEASURE(2.E-2),#16);
#3198=PRESENTATION_STYLE_ASSIGNMENT((#3197));
#3199=STYLED_ITEM('',(#3198),#3196);
#3200=CARTESIAN_POINT('',(0.E0,5.291796067501E-1,0.E0));
#3201=DIRECTION('',(0.E0,-1.E0,0.E0));
#3202=DIRECTION('',(-1.E0,0.E0,0.E0));
#3203=AXIS2_PLACEMENT_3D('',#3200,#3201,#3202);
#3205=CURVE_STYLE('',#25,POSITIVE_LENGTH_MEASURE(2.E-2),#16);
#3206=PRESENTATION_STYLE_ASSIGNMENT((#3205));
#3207=STYLED_ITEM('',(#3206),#3204);
#3208=DIRECTION('',(0.E0,1.E0,3.305704856560E-13));
#3209=VECTOR('',#3208,5.291796067501E-1);
#3210=CARTESIAN_POINT('',(3.15E0,0.E0,0.E0));
#3211=LINE('',#3210,#3209);
#3212=CURVE_STYLE('',#25,POSITIVE_LENGTH_MEASURE(2.E-2),#16);
#3213=PRESENTATION_STYLE_ASSIGNMENT((#3212));
#3214=STYLED_ITEM('',(#3213),#3211);
#3215=CARTESIAN_POINT('',(2.55E0,1.870820393250E0,4.856035712431E-12));
#3216=DIRECTION('',(1.904328257585E-12,0.E0,-1.E0));
#3217=DIRECTION('',(1.E0,0.E0,1.904328257585E-12));
#3218=AXIS2_PLACEMENT_3D('',#3215,#3216,#3217);
#3220=CURVE_STYLE('',#25,POSITIVE_LENGTH_MEASURE(2.E-2),#16);
#3221=PRESENTATION_STYLE_ASSIGNMENT((#3220));
#3222=STYLED_ITEM('',(#3221),#3219);
#3223=CARTESIAN_POINT('',(-2.55E0,1.870820393250E0,-4.856330615421E-12));
#3224=DIRECTION('',(-1.904443616696E-12,0.E0,1.E0));
#3225=DIRECTION('',(-1.E0,0.E0,-1.904443616696E-12));
#3226=AXIS2_PLACEMENT_3D('',#3223,#3224,#3225);
#3228=CURVE_STYLE('',#25,POSITIVE_LENGTH_MEASURE(2.E-2),#16);
#3229=PRESENTATION_STYLE_ASSIGNMENT((#3228));
#3230=STYLED_ITEM('',(#3229),#3227);
#3231=CARTESIAN_POINT('',(0.E0,1.870820393250E0,0.E0));
#3232=DIRECTION('',(0.E0,1.E0,0.E0));
#3233=DIRECTION('',(-1.E0,0.E0,0.E0));
#3234=AXIS2_PLACEMENT_3D('',#3231,#3232,#3233);
#3236=CURVE_STYLE('',#25,POSITIVE_LENGTH_MEASURE(2.E-2),#16);
#3237=PRESENTATION_STYLE_ASSIGNMENT((#3236));
#3238=STYLED_ITEM('',(#3237),#3235);
#3239=DIRECTION('',(0.E0,1.E0,4.836780177651E-14));
#3240=VECTOR('',#3239,3.207967606750E0);
#3241=CARTESIAN_POINT('',(-3.15E0,1.870820393250E0,-1.662111226923E-13));
#3242=LINE('',#3241,#3240);
#3243=CURVE_STYLE('',#25,POSITIVE_LENGTH_MEASURE(2.E-2),#16);
#3244=PRESENTATION_STYLE_ASSIGNMENT((#3243));
#3245=STYLED_ITEM('',(#3244),#3242);
#3246=CARTESIAN_POINT('',(0.E0,5.078788E0,0.E0));
#3247=DIRECTION('',(0.E0,-1.E0,0.E0));
#3248=DIRECTION('',(1.E0,0.E0,0.E0));
#3249=AXIS2_PLACEMENT_3D('',#3246,#3247,#3248);
#3251=CURVE_STYLE('',#25,POSITIVE_LENGTH_MEASURE(2.E-2),#16);
#3252=PRESENTATION_STYLE_ASSIGNMENT((#3251));
#3253=STYLED_ITEM('',(#3252),#3250);
#3254=CARTESIAN_POINT('',(0.E0,5.291796067501E-1,0.E0));
#3255=DIRECTION('',(0.E0,-1.E0,0.E0));
#3256=DIRECTION('',(1.E0,0.E0,0.E0));
#3257=AXIS2_PLACEMENT_3D('',#3254,#3255,#3256);
#3259=CURVE_STYLE('',#25,POSITIVE_LENGTH_MEASURE(2.E-2),#16);
#3260=PRESENTATION_STYLE_ASSIGNMENT((#3259));
#3261=STYLED_ITEM('',(#3260),#3258);
#3262=DIRECTION('',(0.E0,1.E0,-3.309740679918E-13));
#3263=VECTOR('',#3262,5.291796067501E-1);
#3264=CARTESIAN_POINT('',(-3.15E0,0.E0,0.E0));
#3265=LINE('',#3264,#3263);
#3266=CURVE_STYLE('',#25,POSITIVE_LENGTH_MEASURE(2.E-2),#16);
#3267=PRESENTATION_STYLE_ASSIGNMENT((#3266));
#3268=STYLED_ITEM('',(#3267),#3265);
#3269=CARTESIAN_POINT('',(3.028788E0,5.078788E0,-3.049348967776E-13));
#3270=DIRECTION('',(1.006790137370E-13,0.E0,1.E0));
#3271=DIRECTION('',(1.E0,0.E0,-1.006790137370E-13));
#3272=AXIS2_PLACEMENT_3D('',#3269,#3270,#3271);
#3274=CURVE_STYLE('',#25,POSITIVE_LENGTH_MEASURE(2.E-2),#16);
#3275=PRESENTATION_STYLE_ASSIGNMENT((#3274));
#3276=STYLED_ITEM('',(#3275),#3273);
#3277=CARTESIAN_POINT('',(0.E0,5.2E0,0.E0));
#3278=DIRECTION('',(0.E0,1.E0,0.E0));
#3279=DIRECTION('',(-9.940467407722E-1,0.E0,-1.089544728783E-1));
#3280=AXIS2_PLACEMENT_3D('',#3277,#3278,#3279);
#3282=CURVE_STYLE('',#25,POSITIVE_LENGTH_MEASURE(2.E-2),#16);
#3283=PRESENTATION_STYLE_ASSIGNMENT((#3282));
#3284=STYLED_ITEM('',(#3283),#3281);
#3285=CARTESIAN_POINT('',(-3.028788E0,5.078788E0,3.056443986793E-13));
#3286=DIRECTION('',(-1.009132014063E-13,0.E0,-1.E0));
#3287=DIRECTION('',(-1.E0,0.E0,1.009132014063E-13));
#3288=AXIS2_PLACEMENT_3D('',#3285,#3286,#3287);
#3290=CURVE_STYLE('',#25,POSITIVE_LENGTH_MEASURE(2.E-2),#16);
#3291=PRESENTATION_STYLE_ASSIGNMENT((#3290));
#3292=STYLED_ITEM('',(#3291),#3289);
#3293=DIRECTION('',(-1.E0,0.E0,0.E0));
#3294=VECTOR('',#3293,3.137111287514E-3);
#3295=CARTESIAN_POINT('',(-3.010756839890E0,5.2E0,-3.3E-1));
#3296=LINE('',#3295,#3294);
#3297=CURVE_STYLE('',#25,POSITIVE_LENGTH_MEASURE(2.E-2),#16);
#3298=PRESENTATION_STYLE_ASSIGNMENT((#3297));
#3299=STYLED_ITEM('',(#3298),#3296);
#3300=DIRECTION('',(-2.960594732334E-14,2.960594732334E-14,1.E0));
#3301=VECTOR('',#3300,3.E-2);
#3302=CARTESIAN_POINT('',(-3.013893951177E0,5.2E0,-3.3E-1));
#3303=LINE('',#3302,#3301);
#3304=CURVE_STYLE('',#25,POSITIVE_LENGTH_MEASURE(2.E-2),#16);
#3305=PRESENTATION_STYLE_ASSIGNMENT((#3304));
#3306=STYLED_ITEM('',(#3305),#3303);
#3307=DIRECTION('',(0.E0,1.E0,0.E0));
#3308=VECTOR('',#3307,1.E-2);
#3309=CARTESIAN_POINT('',(2.931484265692E0,5.2E0,-3.3E-1));
#3310=LINE('',#3309,#3308);
#3311=CURVE_STYLE('',#25,POSITIVE_LENGTH_MEASURE(2.E-2),#16);
#3312=PRESENTATION_STYLE_ASSIGNMENT((#3311));
#3313=STYLED_ITEM('',(#3312),#3310);
#3314=DIRECTION('',(1.E0,0.E0,0.E0));
#3315=VECTOR('',#3314,5.945378216869E0);
#3316=CARTESIAN_POINT('',(-3.013893951177E0,5.2E0,-3.E-1));
#3317=LINE('',#3316,#3315);
#3318=CURVE_STYLE('',#25,POSITIVE_LENGTH_MEASURE(2.E-2),#16);
#3319=PRESENTATION_STYLE_ASSIGNMENT((#3318));
#3320=STYLED_ITEM('',(#3319),#3317);
#3321=DIRECTION('',(0.E0,0.E0,-1.E0));
#3322=VECTOR('',#3321,3.E-2);
#3323=CARTESIAN_POINT('',(2.931484265692E0,5.2E0,-3.E-1));
#3324=LINE('',#3323,#3322);
#3325=CURVE_STYLE('',#25,POSITIVE_LENGTH_MEASURE(2.E-2),#16);
#3326=PRESENTATION_STYLE_ASSIGNMENT((#3325));
#3327=STYLED_ITEM('',(#3326),#3324);
#3328=DIRECTION('',(-1.E0,0.E0,0.E0));
#3329=VECTOR('',#3328,5.942241105582E0);
#3330=CARTESIAN_POINT('',(2.931484265692E0,5.2E0,-3.3E-1));
#3331=LINE('',#3330,#3329);
#3332=CURVE_STYLE('',#25,POSITIVE_LENGTH_MEASURE(2.E-2),#16);
#3333=PRESENTATION_STYLE_ASSIGNMENT((#3332));
#3334=STYLED_ITEM('',(#3333),#3331);
#3335=CARTESIAN_POINT('',(0.E0,5.2E0,0.E0));
#3336=DIRECTION('',(0.E0,-1.E0,0.E0));
#3337=DIRECTION('',(-9.940467407722E-1,0.E0,-1.089544728783E-1));
#3338=AXIS2_PLACEMENT_3D('',#3335,#3336,#3337);
#3340=CURVE_STYLE('',#25,POSITIVE_LENGTH_MEASURE(2.E-2),#16);
#3341=PRESENTATION_STYLE_ASSIGNMENT((#3340));
#3342=STYLED_ITEM('',(#3341),#3339);
#3343=CARTESIAN_POINT('',(0.E0,5.2E0,0.E0));
#3344=DIRECTION('',(0.E0,-1.E0,0.E0));
#3345=DIRECTION('',(1.E0,0.E0,0.E0));
#3346=AXIS2_PLACEMENT_3D('',#3343,#3344,#3345);
#3348=CURVE_STYLE('',#25,POSITIVE_LENGTH_MEASURE(2.E-2),#16);
#3349=PRESENTATION_STYLE_ASSIGNMENT((#3348));
#3350=STYLED_ITEM('',(#3349),#3347);
#3351=CARTESIAN_POINT('',(0.E0,5.2E0,0.E0));
#3352=DIRECTION('',(0.E0,-1.E0,0.E0));
#3353=DIRECTION('',(-1.E0,0.E0,0.E0));
#3354=AXIS2_PLACEMENT_3D('',#3351,#3352,#3353);
#3356=CURVE_STYLE('',#25,POSITIVE_LENGTH_MEASURE(2.E-2),#16);
#3357=PRESENTATION_STYLE_ASSIGNMENT((#3356));
#3358=STYLED_ITEM('',(#3357),#3355);
#3359=DIRECTION('',(8.881784197002E-14,1.E0,0.E0));
#3360=VECTOR('',#3359,9.999999999999E-3);
#3361=CARTESIAN_POINT('',(-3.013893951177E0,5.2E0,-3.E-1));
#3362=LINE('',#3361,#3360);
#3363=CURVE_STYLE('',#25,POSITIVE_LENGTH_MEASURE(2.E-2),#16);
#3364=PRESENTATION_STYLE_ASSIGNMENT((#3363));
#3365=STYLED_ITEM('',(#3364),#3362);
#3366=DIRECTION('',(0.E0,1.E0,0.E0));
#3367=VECTOR('',#3366,1.E-2);
#3368=CARTESIAN_POINT('',(-3.013893951177E0,5.2E0,-3.3E-1));
#3369=LINE('',#3368,#3367);
#3370=CURVE_STYLE('',#25,POSITIVE_LENGTH_MEASURE(2.E-2),#16);
#3371=PRESENTATION_STYLE_ASSIGNMENT((#3370));
#3372=STYLED_ITEM('',(#3371),#3369);
#3373=DIRECTION('',(1.E0,0.E0,0.E0));
#3374=VECTOR('',#3373,5.945378216869E0);
#3375=CARTESIAN_POINT('',(-3.013893951177E0,5.21E0,-3.E-1));
#3376=LINE('',#3375,#3374);
#3377=CURVE_STYLE('',#25,POSITIVE_LENGTH_MEASURE(2.E-2),#16);
#3378=PRESENTATION_STYLE_ASSIGNMENT((#3377));
#3379=STYLED_ITEM('',(#3378),#3376);
#3380=DIRECTION('',(0.E0,0.E0,1.E0));
#3381=VECTOR('',#3380,3.E-2);
#3382=CARTESIAN_POINT('',(-3.013893951177E0,5.21E0,-3.3E-1));
#3383=LINE('',#3382,#3381);
#3384=CURVE_STYLE('',#25,POSITIVE_LENGTH_MEASURE(2.E-2),#16);
#3385=PRESENTATION_STYLE_ASSIGNMENT((#3384));
#3386=STYLED_ITEM('',(#3385),#3383);
#3387=DIRECTION('',(-1.E0,0.E0,0.E0));
#3388=VECTOR('',#3387,5.945378216869E0);
#3389=CARTESIAN_POINT('',(2.931484265692E0,5.21E0,-3.3E-1));
#3390=LINE('',#3389,#3388);
#3391=CURVE_STYLE('',#25,POSITIVE_LENGTH_MEASURE(2.E-2),#16);
#3392=PRESENTATION_STYLE_ASSIGNMENT((#3391));
#3393=STYLED_ITEM('',(#3392),#3390);
#3394=DIRECTION('',(0.E0,0.E0,-1.E0));
#3395=VECTOR('',#3394,3.E-2);
#3396=CARTESIAN_POINT('',(2.931484265692E0,5.21E0,-3.E-1));
#3397=LINE('',#3396,#3395);
#3398=CURVE_STYLE('',#25,POSITIVE_LENGTH_MEASURE(2.E-2),#16);
#3399=PRESENTATION_STYLE_ASSIGNMENT((#3398));
#3400=STYLED_ITEM('',(#3399),#3397);
#3401=DIRECTION('',(0.E0,1.E0,0.E0));
#3402=VECTOR('',#3401,1.E-2);
#3403=CARTESIAN_POINT('',(2.931484265692E0,5.2E0,-3.E-1));
#3404=LINE('',#3403,#3402);
#3405=CURVE_STYLE('',#25,POSITIVE_LENGTH_MEASURE(2.E-2),#16);
#3406=PRESENTATION_STYLE_ASSIGNMENT((#3405));
#3407=STYLED_ITEM('',(#3406),#3404);
#3408=CARTESIAN_POINT('',(2.55E0,5.291796067501E-1,-4.292594057986E-12));
#3409=DIRECTION('',(1.683369589556E-12,0.E0,1.E0));
#3410=DIRECTION('',(1.E0,0.E0,-1.683369589556E-12));
#3411=AXIS2_PLACEMENT_3D('',#3408,#3409,#3410);
#3413=CURVE_STYLE('',#25,POSITIVE_LENGTH_MEASURE(2.E-2),#16);
#3414=PRESENTATION_STYLE_ASSIGNMENT((#3413));
#3415=STYLED_ITEM('',(#3414),#3412);
#3416=CARTESIAN_POINT('',(-2.55E0,5.291796067501E-1,4.292935798511E-12));
#3417=DIRECTION('',(-1.683504030625E-12,0.E0,-1.E0));
#3418=DIRECTION('',(-1.E0,0.E0,1.683504030625E-12));
#3419=AXIS2_PLACEMENT_3D('',#3416,#3417,#3418);
#3421=CURVE_STYLE('',#25,POSITIVE_LENGTH_MEASURE(2.E-2),#16);
#3422=PRESENTATION_STYLE_ASSIGNMENT((#3421));
#3423=STYLED_ITEM('',(#3422),#3420);
#3424=CARTESIAN_POINT('',(0.E0,1.423606797750E0,0.E0));
#3425=DIRECTION('',(0.E0,1.E0,0.E0));
#3426=DIRECTION('',(1.E0,0.E0,0.E0));
#3427=AXIS2_PLACEMENT_3D('',#3424,#3425,#3426);
#3429=CURVE_STYLE('',#25,POSITIVE_LENGTH_MEASURE(2.E-2),#16);
#3430=PRESENTATION_STYLE_ASSIGNMENT((#3429));
#3431=STYLED_ITEM('',(#3430),#3428);
#3432=CARTESIAN_POINT('',(0.E0,9.763932022500E-1,0.E0));
#3433=DIRECTION('',(0.E0,-1.E0,0.E0));
#3434=DIRECTION('',(-1.E0,0.E0,0.E0));
#3435=AXIS2_PLACEMENT_3D('',#3432,#3433,#3434);
#3437=CURVE_STYLE('',#25,POSITIVE_LENGTH_MEASURE(2.E-2),#16);
#3438=PRESENTATION_STYLE_ASSIGNMENT((#3437));
#3439=STYLED_ITEM('',(#3438),#3436);
#3440=CARTESIAN_POINT('',(0.E0,1.423606797750E0,0.E0));
#3441=DIRECTION('',(0.E0,1.E0,0.E0));
#3442=DIRECTION('',(-1.E0,0.E0,0.E0));
#3443=AXIS2_PLACEMENT_3D('',#3440,#3441,#3442);
#3445=CURVE_STYLE('',#25,POSITIVE_LENGTH_MEASURE(2.E-2),#16);
#3446=PRESENTATION_STYLE_ASSIGNMENT((#3445));
#3447=STYLED_ITEM('',(#3446),#3444);
#3448=CARTESIAN_POINT('',(3.15E0,1.2E0,0.E0));
#3449=DIRECTION('',(0.E0,0.E0,-1.E0));
#3450=DIRECTION('',(-6.666666666667E-1,-7.453559924999E-1,0.E0));
#3451=AXIS2_PLACEMENT_3D('',#3448,#3449,#3450);
#3453=CURVE_STYLE('',#25,POSITIVE_LENGTH_MEASURE(2.E-2),#16);
#3454=PRESENTATION_STYLE_ASSIGNMENT((#3453));
#3455=STYLED_ITEM('',(#3454),#3452);
#3456=CARTESIAN_POINT('',(0.E0,9.763932022500E-1,0.E0));
#3457=DIRECTION('',(0.E0,-1.E0,0.E0));
#3458=DIRECTION('',(1.E0,0.E0,0.E0));
#3459=AXIS2_PLACEMENT_3D('',#3456,#3457,#3458);
#3461=CURVE_STYLE('',#25,POSITIVE_LENGTH_MEASURE(2.E-2),#16);
#3462=PRESENTATION_STYLE_ASSIGNMENT((#3461));
#3463=STYLED_ITEM('',(#3462),#3460);
#3464=CARTESIAN_POINT('',(-3.15E0,1.2E0,0.E0));
#3465=DIRECTION('',(0.E0,0.E0,1.E0));
#3466=DIRECTION('',(6.666666666667E-1,-7.453559924999E-1,0.E0));
#3467=AXIS2_PLACEMENT_3D('',#3464,#3465,#3466);
#3469=CURVE_STYLE('',#25,POSITIVE_LENGTH_MEASURE(2.E-2),#16);
#3470=PRESENTATION_STYLE_ASSIGNMENT((#3469));
#3471=STYLED_ITEM('',(#3470),#3468);
#3472=CARTESIAN_POINT('',(3.15E0,0.E0,0.E0));
#3473=CARTESIAN_POINT('',(-3.15E0,0.E0,0.E0));
#3474=VERTEX_POINT('',#3472);
#3475=VERTEX_POINT('',#3473);
#3476=CARTESIAN_POINT('',(-3.15E0,5.078788E0,0.E0));
#3477=CARTESIAN_POINT('',(3.15E0,5.078788E0,0.E0));
#3478=VERTEX_POINT('',#3476);
#3479=VERTEX_POINT('',#3477);
#3480=CARTESIAN_POINT('',(3.028788E0,5.2E0,0.E0));
#3481=CARTESIAN_POINT('',(-3.028788E0,5.2E0,0.E0));
#3482=VERTEX_POINT('',#3480);
#3483=VERTEX_POINT('',#3481);
#3484=CARTESIAN_POINT('',(3.15E0,1.870820393250E0,0.E0));
#3485=CARTESIAN_POINT('',(-3.15E0,1.870820393250E0,0.E0));
#3486=VERTEX_POINT('',#3484);
#3487=VERTEX_POINT('',#3485);
#3488=CARTESIAN_POINT('',(2.95E0,1.423606797750E0,0.E0));
#3489=CARTESIAN_POINT('',(-2.95E0,1.423606797750E0,0.E0));
#3490=VERTEX_POINT('',#3488);
#3491=VERTEX_POINT('',#3489);
#3492=CARTESIAN_POINT('',(-3.15E0,5.291796067501E-1,0.E0));
#3493=CARTESIAN_POINT('',(3.15E0,5.291796067501E-1,0.E0));
#3494=VERTEX_POINT('',#3492);
#3495=VERTEX_POINT('',#3493);
#3496=CARTESIAN_POINT('',(-2.95E0,9.763932022500E-1,0.E0));
#3497=CARTESIAN_POINT('',(2.95E0,9.763932022500E-1,0.E0));
#3498=VERTEX_POINT('',#3496);
#3499=VERTEX_POINT('',#3497);
#3500=CARTESIAN_POINT('',(-3.013893951177E0,5.21E0,-3.E-1));
#3501=CARTESIAN_POINT('',(2.931484265692E0,5.21E0,-3.E-1));
#3502=VERTEX_POINT('',#3500);
#3503=VERTEX_POINT('',#3501);
#3504=CARTESIAN_POINT('',(2.931484265692E0,5.21E0,-3.3E-1));
#3505=VERTEX_POINT('',#3504);
#3506=CARTESIAN_POINT('',(-3.013893951177E0,5.21E0,-3.3E-1));
#3507=VERTEX_POINT('',#3506);
#3508=CARTESIAN_POINT('',(-3.013893951177E0,5.2E0,-3.3E-1));
#3509=VERTEX_POINT('',#3508);
#3510=CARTESIAN_POINT('',(-3.013893951177E0,5.2E0,-3.E-1));
#3511=CARTESIAN_POINT('',(2.931484265692E0,5.2E0,-3.E-1));
#3512=VERTEX_POINT('',#3510);
#3513=VERTEX_POINT('',#3511);
#3514=CARTESIAN_POINT('',(2.931484265692E0,5.2E0,-3.3E-1));
#3515=VERTEX_POINT('',#3514);
#3516=CARTESIAN_POINT('',(-3.010756839890E0,5.2E0,-3.3E-1));
#3517=VERTEX_POINT('',#3516);
#3518=CARTESIAN_POINT('',(0.E0,0.E0,0.E0));
#3519=DIRECTION('',(0.E0,1.E0,0.E0));
#3520=DIRECTION('',(1.E0,0.E0,0.E0));
#3521=AXIS2_PLACEMENT_3D('',#3518,#3519,#3520);
#3522=PLANE('',#3521);
#3524=ORIENTED_EDGE('',*,*,#3523,.T.);
#3526=ORIENTED_EDGE('',*,*,#3525,.T.);
#3527=EDGE_LOOP('',(#3524,#3526));
#3528=FACE_OUTER_BOUND('',#3527,.F.);
#3530=CARTESIAN_POINT('',(0.E0,0.E0,0.E0));
#3531=DIRECTION('',(0.E0,1.E0,0.E0));
#3532=DIRECTION('',(1.E0,0.E0,0.E0));
#3533=AXIS2_PLACEMENT_3D('',#3530,#3531,#3532);
#3534=CYLINDRICAL_SURFACE('',#3533,3.15E0);
#3536=ORIENTED_EDGE('',*,*,#3535,.F.);
#3538=ORIENTED_EDGE('',*,*,#3537,.T.);
#3540=ORIENTED_EDGE('',*,*,#3539,.F.);
#3542=ORIENTED_EDGE('',*,*,#3541,.F.);
#3543=EDGE_LOOP('',(#3536,#3538,#3540,#3542));
#3544=FACE_OUTER_BOUND('',#3543,.F.);
#3546=CARTESIAN_POINT('',(0.E0,0.E0,0.E0));
#3547=DIRECTION('',(0.E0,1.E0,0.E0));
#3548=DIRECTION('',(1.E0,0.E0,0.E0));
#3549=AXIS2_PLACEMENT_3D('',#3546,#3547,#3548);
#3550=CYLINDRICAL_SURFACE('',#3549,3.15E0);
#3552=ORIENTED_EDGE('',*,*,#3551,.F.);
#3554=ORIENTED_EDGE('',*,*,#3553,.F.);
#3555=ORIENTED_EDGE('',*,*,#3523,.F.);
#3557=ORIENTED_EDGE('',*,*,#3556,.T.);
#3558=EDGE_LOOP('',(#3552,#3554,#3555,#3557));
#3559=FACE_OUTER_BOUND('',#3558,.F.);
#3561=CARTESIAN_POINT('',(0.E0,1.870820393250E0,0.E0));
#3562=DIRECTION('',(0.E0,1.E0,0.E0));
#3563=DIRECTION('',(9.999860690653E-1,0.E0,5.278415990248E-3));
#3564=AXIS2_PLACEMENT_3D('',#3561,#3562,#3563);
#3565=TOROIDAL_SURFACE('',#3564,2.55E0,6.E-1);
#3566=ORIENTED_EDGE('',*,*,#3535,.T.);
#3568=ORIENTED_EDGE('',*,*,#3567,.T.);
#3570=ORIENTED_EDGE('',*,*,#3569,.F.);
#3572=ORIENTED_EDGE('',*,*,#3571,.F.);
#3573=EDGE_LOOP('',(#3566,#3568,#3570,#3572));
#3574=FACE_OUTER_BOUND('',#3573,.F.);
#3576=CARTESIAN_POINT('',(0.E0,1.870820393250E0,0.E0));
#3577=DIRECTION('',(0.E0,1.E0,0.E0));
#3578=DIRECTION('',(-9.999860690653E-1,0.E0,-5.278415990249E-3));
#3579=AXIS2_PLACEMENT_3D('',#3576,#3577,#3578);
#3580=TOROIDAL_SURFACE('',#3579,2.55E0,6.E-1);
#3582=ORIENTED_EDGE('',*,*,#3581,.T.);
#3583=ORIENTED_EDGE('',*,*,#3571,.T.);
#3585=ORIENTED_EDGE('',*,*,#3584,.F.);
#3586=ORIENTED_EDGE('',*,*,#3567,.F.);
#3587=EDGE_LOOP('',(#3582,#3583,#3585,#3586));
#3588=FACE_OUTER_BOUND('',#3587,.F.);
#3590=CARTESIAN_POINT('',(0.E0,0.E0,0.E0));
#3591=DIRECTION('',(0.E0,1.E0,0.E0));
#3592=DIRECTION('',(1.E0,0.E0,0.E0));
#3593=AXIS2_PLACEMENT_3D('',#3590,#3591,#3592);
#3594=CYLINDRICAL_SURFACE('',#3593,3.15E0);
#3595=ORIENTED_EDGE('',*,*,#3581,.F.);
#3596=ORIENTED_EDGE('',*,*,#3541,.T.);
#3598=ORIENTED_EDGE('',*,*,#3597,.F.);
#3599=ORIENTED_EDGE('',*,*,#3537,.F.);
#3600=EDGE_LOOP('',(#3595,#3596,#3598,#3599));
#3601=FACE_OUTER_BOUND('',#3600,.F.);
#3603=CARTESIAN_POINT('',(0.E0,0.E0,0.E0));
#3604=DIRECTION('',(0.E0,1.E0,0.E0));
#3605=DIRECTION('',(1.E0,0.E0,0.E0));
#3606=AXIS2_PLACEMENT_3D('',#3603,#3604,#3605);
#3607=CYLINDRICAL_SURFACE('',#3606,3.15E0);
#3609=ORIENTED_EDGE('',*,*,#3608,.F.);
#3610=ORIENTED_EDGE('',*,*,#3556,.F.);
#3611=ORIENTED_EDGE('',*,*,#3525,.F.);
#3612=ORIENTED_EDGE('',*,*,#3553,.T.);
#3613=EDGE_LOOP('',(#3609,#3610,#3611,#3612));
#3614=FACE_OUTER_BOUND('',#3613,.F.);
#3616=CARTESIAN_POINT('',(0.E0,5.078788E0,0.E0));
#3617=DIRECTION('',(0.E0,1.E0,0.E0));
#3618=DIRECTION('',(9.999882782902E-1,0.E0,-4.841826333289E-3));
#3619=AXIS2_PLACEMENT_3D('',#3616,#3617,#3618);
#3620=TOROIDAL_SURFACE('',#3619,3.028788E0,1.21212E-1);
#3621=ORIENTED_EDGE('',*,*,#3597,.T.);
#3623=ORIENTED_EDGE('',*,*,#3622,.T.);
#3625=ORIENTED_EDGE('',*,*,#3624,.F.);
#3627=ORIENTED_EDGE('',*,*,#3626,.F.);
#3628=EDGE_LOOP('',(#3621,#3623,#3625,#3627));
#3629=FACE_OUTER_BOUND('',#3628,.F.);
#3631=CARTESIAN_POINT('',(0.E0,5.078788E0,0.E0));
#3632=DIRECTION('',(0.E0,1.E0,0.E0));
#3633=DIRECTION('',(-9.999882782902E-1,0.E0,4.841826333288E-3));
#3634=AXIS2_PLACEMENT_3D('',#3631,#3632,#3633);
#3635=TOROIDAL_SURFACE('',#3634,3.028788E0,1.21212E-1);
#3637=ORIENTED_EDGE('',*,*,#3636,.T.);
#3639=ORIENTED_EDGE('',*,*,#3638,.F.);
#3640=ORIENTED_EDGE('',*,*,#3622,.F.);
#3641=ORIENTED_EDGE('',*,*,#3539,.T.);
#3642=ORIENTED_EDGE('',*,*,#3626,.T.);
#3644=ORIENTED_EDGE('',*,*,#3643,.F.);
#3645=EDGE_LOOP('',(#3637,#3639,#3640,#3641,#3642,#3644));
#3646=FACE_OUTER_BOUND('',#3645,.F.);
#3648=CARTESIAN_POINT('',(0.E0,5.2E0,0.E0));
#3649=DIRECTION('',(0.E0,1.E0,0.E0));
#3650=DIRECTION('',(0.E0,0.E0,-1.E0));
#3651=AXIS2_PLACEMENT_3D('',#3648,#3649,#3650);
#3652=PLANE('',#3651);
#3653=ORIENTED_EDGE('',*,*,#3636,.F.);
#3655=ORIENTED_EDGE('',*,*,#3654,.T.);
#3657=ORIENTED_EDGE('',*,*,#3656,.T.);
#3658=EDGE_LOOP('',(#3653,#3655,#3657));
#3659=FACE_OUTER_BOUND('',#3658,.F.);
#3661=CARTESIAN_POINT('',(2.931484265692E0,5.2E0,-3.3E-1));
#3662=DIRECTION('',(0.E0,0.E0,-1.E0));
#3663=DIRECTION('',(-1.E0,0.E0,0.E0));
#3664=AXIS2_PLACEMENT_3D('',#3661,#3662,#3663);
#3665=PLANE('',#3664);
#3667=ORIENTED_EDGE('',*,*,#3666,.F.);
#3669=ORIENTED_EDGE('',*,*,#3668,.T.);
#3671=ORIENTED_EDGE('',*,*,#3670,.T.);
#3673=ORIENTED_EDGE('',*,*,#3672,.F.);
#3674=ORIENTED_EDGE('',*,*,#3654,.F.);
#3675=EDGE_LOOP('',(#3667,#3669,#3671,#3673,#3674));
#3676=FACE_OUTER_BOUND('',#3675,.F.);
#3678=CARTESIAN_POINT('',(0.E0,5.2E0,0.E0));
#3679=DIRECTION('',(0.E0,1.E0,0.E0));
#3680=DIRECTION('',(1.E0,0.E0,0.E0));
#3681=AXIS2_PLACEMENT_3D('',#3678,#3679,#3680);
#3682=PLANE('',#3681);
#3684=ORIENTED_EDGE('',*,*,#3683,.T.);
#3686=ORIENTED_EDGE('',*,*,#3685,.T.);
#3687=ORIENTED_EDGE('',*,*,#3666,.T.);
#3688=ORIENTED_EDGE('',*,*,#3643,.T.);
#3689=ORIENTED_EDGE('',*,*,#3624,.T.);
#3690=ORIENTED_EDGE('',*,*,#3638,.T.);
#3691=EDGE_LOOP('',(#3684,#3686,#3687,#3688,#3689,#3690));
#3692=FACE_OUTER_BOUND('',#3691,.F.);
#3694=CARTESIAN_POINT('',(-3.013893951177E0,5.2E0,-3.E-1));
#3695=DIRECTION('',(0.E0,0.E0,1.E0));
#3696=DIRECTION('',(1.E0,0.E0,0.E0));
#3697=AXIS2_PLACEMENT_3D('',#3694,#3695,#3696);
#3698=PLANE('',#3697);
#3699=ORIENTED_EDGE('',*,*,#3683,.F.);
#3701=ORIENTED_EDGE('',*,*,#3700,.T.);
#3703=ORIENTED_EDGE('',*,*,#3702,.T.);
#3705=ORIENTED_EDGE('',*,*,#3704,.F.);
#3706=EDGE_LOOP('',(#3699,#3701,#3703,#3705));
#3707=FACE_OUTER_BOUND('',#3706,.F.);
#3709=CARTESIAN_POINT('',(-3.013893951177E0,5.2E0,-3.3E-1));
#3710=DIRECTION('',(-1.E0,0.E0,0.E0));
#3711=DIRECTION('',(0.E0,0.E0,1.E0));
#3712=AXIS2_PLACEMENT_3D('',#3709,#3710,#3711);
#3713=PLANE('',#3712);
#3714=ORIENTED_EDGE('',*,*,#3656,.F.);
#3715=ORIENTED_EDGE('',*,*,#3672,.T.);
#3717=ORIENTED_EDGE('',*,*,#3716,.T.);
#3718=ORIENTED_EDGE('',*,*,#3700,.F.);
#3719=EDGE_LOOP('',(#3714,#3715,#3717,#3718));
#3720=FACE_OUTER_BOUND('',#3719,.F.);
#3722=CARTESIAN_POINT('',(0.E0,5.21E0,0.E0));
#3723=DIRECTION('',(0.E0,1.E0,0.E0));
#3724=DIRECTION('',(0.E0,0.E0,-1.E0));
#3725=AXIS2_PLACEMENT_3D('',#3722,#3723,#3724);
#3726=PLANE('',#3725);
#3727=ORIENTED_EDGE('',*,*,#3702,.F.);
#3728=ORIENTED_EDGE('',*,*,#3716,.F.);
#3729=ORIENTED_EDGE('',*,*,#3670,.F.);
#3731=ORIENTED_EDGE('',*,*,#3730,.F.);
#3732=EDGE_LOOP('',(#3727,#3728,#3729,#3731));
#3733=FACE_OUTER_BOUND('',#3732,.F.);
#3735=FILL_AREA_STYLE_COLOUR('',#3159);
#3736=FILL_AREA_STYLE('',(#3735));
#3737=SURFACE_STYLE_FILL_AREA(#3736);
#3738=SURFACE_SIDE_STYLE('',(#3737));
#3739=SURFACE_STYLE_USAGE(.POSITIVE.,#3738);
#3740=FILL_AREA_STYLE_COLOUR('',#16);
#3741=FILL_AREA_STYLE('',(#3740));
#3742=SURFACE_STYLE_FILL_AREA(#3741);
#3743=SURFACE_SIDE_STYLE('',(#3742));
#3744=SURFACE_STYLE_USAGE(.NEGATIVE.,#3743);
#3745=PRESENTATION_STYLE_ASSIGNMENT((#3739,#3744));
#3746=OVER_RIDING_STYLED_ITEM('',(#3745),#3734,#3160);
#3747=CARTESIAN_POINT('',(2.931484265692E0,5.2E0,-3.E-1));
#3748=DIRECTION('',(1.E0,0.E0,0.E0));
#3749=DIRECTION('',(0.E0,0.E0,-1.E0));
#3750=AXIS2_PLACEMENT_3D('',#3747,#3748,#3749);
#3751=PLANE('',#3750);
#3752=ORIENTED_EDGE('',*,*,#3685,.F.);
#3753=ORIENTED_EDGE('',*,*,#3704,.T.);
#3754=ORIENTED_EDGE('',*,*,#3730,.T.);
#3755=ORIENTED_EDGE('',*,*,#3668,.F.);
#3756=EDGE_LOOP('',(#3752,#3753,#3754,#3755));
#3757=FACE_OUTER_BOUND('',#3756,.F.);
#3759=CARTESIAN_POINT('',(0.E0,5.291796067501E-1,0.E0));
#3760=DIRECTION('',(0.E0,1.E0,0.E0));
#3761=DIRECTION('',(9.999882782902E-1,0.E0,-4.841826333289E-3));
#3762=AXIS2_PLACEMENT_3D('',#3759,#3760,#3761);
#3763=TOROIDAL_SURFACE('',#3762,2.55E0,6.E-1);
#3764=ORIENTED_EDGE('',*,*,#3608,.T.);
#3766=ORIENTED_EDGE('',*,*,#3765,.T.);
#3768=ORIENTED_EDGE('',*,*,#3767,.F.);
#3770=ORIENTED_EDGE('',*,*,#3769,.F.);
#3771=EDGE_LOOP('',(#3764,#3766,#3768,#3770));
#3772=FACE_OUTER_BOUND('',#3771,.F.);
#3774=CARTESIAN_POINT('',(0.E0,5.291796067501E-1,0.E0));
#3775=DIRECTION('',(0.E0,1.E0,0.E0));
#3776=DIRECTION('',(-9.999882782902E-1,0.E0,4.841826333288E-3));
#3777=AXIS2_PLACEMENT_3D('',#3774,#3775,#3776);
#3778=TOROIDAL_SURFACE('',#3777,2.55E0,6.E-1);
#3779=ORIENTED_EDGE('',*,*,#3551,.T.);
#3780=ORIENTED_EDGE('',*,*,#3769,.T.);
#3782=ORIENTED_EDGE('',*,*,#3781,.F.);
#3783=ORIENTED_EDGE('',*,*,#3765,.F.);
#3784=EDGE_LOOP('',(#3779,#3780,#3782,#3783));
#3785=FACE_OUTER_BOUND('',#3784,.F.);
#3787=CARTESIAN_POINT('',(0.E0,1.2E0,0.E0));
#3788=DIRECTION('',(0.E0,-1.E0,0.E0));
#3789=DIRECTION('',(-1.E0,0.E0,0.E0));
#3790=AXIS2_PLACEMENT_3D('',#3787,#3788,#3789);
#3791=TOROIDAL_SURFACE('',#3790,3.15E0,3.E-1);
#3792=ORIENTED_EDGE('',*,*,#3569,.T.);
#3794=ORIENTED_EDGE('',*,*,#3793,.F.);
#3795=ORIENTED_EDGE('',*,*,#3781,.T.);
#3797=ORIENTED_EDGE('',*,*,#3796,.T.);
#3798=EDGE_LOOP('',(#3792,#3794,#3795,#3797));
#3799=FACE_OUTER_BOUND('',#3798,.F.);
#3801=CARTESIAN_POINT('',(0.E0,1.2E0,0.E0));
#3802=DIRECTION('',(0.E0,-1.E0,0.E0));
#3803=DIRECTION('',(-1.E0,0.E0,0.E0));
#3804=AXIS2_PLACEMENT_3D('',#3801,#3802,#3803);
#3805=TOROIDAL_SURFACE('',#3804,3.15E0,3.E-1);
#3806=ORIENTED_EDGE('',*,*,#3584,.T.);
#3807=ORIENTED_EDGE('',*,*,#3796,.F.);
#3808=ORIENTED_EDGE('',*,*,#3767,.T.);
#3809=ORIENTED_EDGE('',*,*,#3793,.T.);
#3810=EDGE_LOOP('',(#3806,#3807,#3808,#3809));
#3811=FACE_OUTER_BOUND('',#3810,.F.);
#3813=CLOSED_SHELL('',(#3529,#3545,#3560,#3575,#3589,#3602,#3615,#3630,#3647,
#3660,#3677,#3693,#3708,#3721,#3734,#3758,#3773,#3786,#3800,#3812));
#3814=MANIFOLD_SOLID_BREP('',#3813);
#3815=FILL_AREA_STYLE_COLOUR('',#16);
#3816=FILL_AREA_STYLE('',(#3815));
#3817=SURFACE_STYLE_FILL_AREA(#3816);
#3818=SURFACE_SIDE_STYLE('',(#3817));
#3819=SURFACE_STYLE_USAGE(.BOTH.,#3818);
#3820=PRESENTATION_STYLE_ASSIGNMENT((#3819));
#3160=STYLED_ITEM('',(#3820),#3814);
#3823=PLANE_ANGLE_MEASURE_WITH_UNIT(PLANE_ANGLE_MEASURE(1.745329251994E-2),
#3822);
#3824=(CONVERSION_BASED_UNIT('DEGREE',#3823)NAMED_UNIT(*)PLANE_ANGLE_UNIT());
#3826=UNCERTAINTY_MEASURE_WITH_UNIT(LENGTH_MEASURE(1.032063846099E-3),#3821,
'distance_accuracy_value',
'Maximum model space distance between geometric entities at asserted connectivities');
#3828=CARTESIAN_POINT('',(0.E0,0.E0,0.E0));
#3829=DIRECTION('',(0.E0,0.E0,1.E0));
#3830=DIRECTION('',(1.E0,0.E0,0.E0));
#3833=PRODUCT_CONTEXT('',#3094,'mechanical');
#3834=PRODUCT('_0650-0630-000','_0650-0630-000','NOT SPECIFIED',(#3833));
#3835=PRODUCT_DEFINITION_FORMATION('64','LAST_VERSION',#3834);
#3843=DERIVED_UNIT_ELEMENT(#3842,2.E0);
#3844=DERIVED_UNIT((#3843));
#3845=MEASURE_REPRESENTATION_ITEM('surface area measure',AREA_MEASURE(
1.664807284914E2),#3844);
#3850=DERIVED_UNIT_ELEMENT(#3849,3.E0);
#3851=DERIVED_UNIT((#3850));
#3852=MEASURE_REPRESENTATION_ITEM('volume measure',VOLUME_MEASURE(
1.586880710513E2),#3851);
#3856=CARTESIAN_POINT('centre point',(-4.631366006768E-7,2.628568697863E0,
-3.540533427974E-6));
#3861=DERIVED_UNIT_ELEMENT(#3860,2.E0);
#3862=DERIVED_UNIT((#3861));
#3863=MEASURE_REPRESENTATION_ITEM('surface area measure',AREA_MEASURE(
1.664807284914E2),#3862);
#3868=DERIVED_UNIT_ELEMENT(#3867,3.E0);
#3869=DERIVED_UNIT((#3868));
#3870=MEASURE_REPRESENTATION_ITEM('volume measure',VOLUME_MEASURE(
1.586880710513E2),#3869);
#3874=CARTESIAN_POINT('centre point',(-4.631366006768E-7,2.628568697863E0,
-3.540533427974E-6));
#3881=CARTESIAN_POINT('centre point',(3.228568697863E0,3.300000463137E0,
-3.800003540533E0));
#3885=CARTESIAN_POINT('',(6.E-1,3.3E0,-3.8E0));
#3886=DIRECTION('',(0.E0,0.E0,1.E0));
#3887=DIRECTION('',(0.E0,-1.E0,0.E0));
#3888=AXIS2_PLACEMENT_3D('',#3885,#3886,#3887);
#3889=ITEM_DEFINED_TRANSFORMATION('','',#3831,#3888);
#3890=(REPRESENTATION_RELATIONSHIP('','',#3832,#3145)REPRESENTATION_RELATIONSHIP_WITH_TRANSFORMATION(#3889)SHAPE_REPRESENTATION_RELATIONSHIP());
#3891=CONTEXT_DEPENDENT_SHAPE_REPRESENTATION(#3890,#3880);
#3894=DIRECTION('',(-9.702957262760E-1,2.419218955998E-1,0.E0));
#3895=VECTOR('',#3894,2.569336865336E-1);
#3896=CARTESIAN_POINT('',(-2.017987050438E0,-1.524690673289E0,9.74E0));
#3897=LINE('',#3896,#3895);
#3898=CURVE_STYLE('',#25,POSITIVE_LENGTH_MEASURE(2.E-2),#3892);
#3899=PRESENTATION_STYLE_ASSIGNMENT((#3898));
#3900=STYLED_ITEM('',(#3899),#3897);
#3901=CARTESIAN_POINT('',(-2.277927438188E0,-1.505202403333E0,9.74E0));
#3902=DIRECTION('',(0.E0,0.E0,1.E0));
#3903=DIRECTION('',(2.419218954534E-1,9.702957263125E-1,0.E0));
#3904=AXIS2_PLACEMENT_3D('',#3901,#3902,#3903);
#3906=CURVE_STYLE('',#25,POSITIVE_LENGTH_MEASURE(2.E-2),#3892);
#3907=PRESENTATION_STYLE_ASSIGNMENT((#3906));
#3908=STYLED_ITEM('',(#3907),#3905);
#3909=CARTESIAN_POINT('',(-2.277927438188E0,-1.505202403333E0,9.74E0));
#3910=DIRECTION('',(0.E0,0.E0,1.E0));
#3911=DIRECTION('',(5.049235470249E-13,1.E0,0.E0));
#3912=AXIS2_PLACEMENT_3D('',#3909,#3910,#3911);
#3914=CURVE_STYLE('',#25,POSITIVE_LENGTH_MEASURE(2.E-2),#3892);
#3915=PRESENTATION_STYLE_ASSIGNMENT((#3914));
#3916=STYLED_ITEM('',(#3915),#3913);
#3917=CARTESIAN_POINT('',(-2.457762731944E0,-1.685918263653E0,9.74E0));
#3918=DIRECTION('',(0.E0,0.E0,-1.E0));
#3919=DIRECTION('',(1.E0,-4.710092285112E-11,0.E0));
#3920=AXIS2_PLACEMENT_3D('',#3917,#3918,#3919);
#3922=CURVE_STYLE('',#25,POSITIVE_LENGTH_MEASURE(2.E-2),#3892);
#3923=PRESENTATION_STYLE_ASSIGNMENT((#3922));
#3924=STYLED_ITEM('',(#3923),#3921);
#3925=CARTESIAN_POINT('',(-2.457762731944E0,-1.685918263653E0,9.74E0));
#3926=DIRECTION('',(0.E0,0.E0,-1.E0));
#3927=DIRECTION('',(0.E0,-1.E0,0.E0));
#3928=AXIS2_PLACEMENT_3D('',#3925,#3926,#3927);
#3930=CURVE_STYLE('',#25,POSITIVE_LENGTH_MEASURE(2.E-2),#3892);
#3931=PRESENTATION_STYLE_ASSIGNMENT((#3930));
#3932=STYLED_ITEM('',(#3931),#3929);
#3933=DIRECTION('',(-9.702957262760E-1,2.419218955997E-1,0.E0));
#3934=VECTOR('',#3933,7.947846804584E-1);
#3935=CARTESIAN_POINT('',(-2.490630097336E0,-1.817742066084E0,9.74E0));
#3936=LINE('',#3935,#3934);
#3937=CURVE_STYLE('',#25,POSITIVE_LENGTH_MEASURE(2.E-2),#3892);
#3938=PRESENTATION_STYLE_ASSIGNMENT((#3937));
#3939=STYLED_ITEM('',(#3938),#3936);
#3940=DIRECTION('',(9.702957262759E-1,-2.419218956001E-1,0.E0));
#3941=VECTOR('',#3940,6.148323700461E-1);
#3942=CARTESIAN_POINT('',(-3.261806276094E0,-1.381008009390E0,9.74E0));
#3943=LINE('',#3942,#3941);
#3944=CURVE_STYLE('',#25,POSITIVE_LENGTH_MEASURE(2.E-2),#3892);
#3945=PRESENTATION_STYLE_ASSIGNMENT((#3944));
#3946=STYLED_ITEM('',(#3945),#3943);
#3947=CARTESIAN_POINT('',(-2.651127801172E0,-1.473160295292E0,9.74E0));
#3948=DIRECTION('',(0.E0,0.E0,1.E0));
#3949=DIRECTION('',(-2.419218952564E-1,-9.702957263616E-1,0.E0));
#3950=AXIS2_PLACEMENT_3D('',#3947,#3948,#3949);
#3952=CURVE_STYLE('',#25,POSITIVE_LENGTH_MEASURE(2.E-2),#3892);
#3953=PRESENTATION_STYLE_ASSIGNMENT((#3952));
#3954=STYLED_ITEM('',(#3953),#3951);
#3955=CARTESIAN_POINT('',(-2.651127801172E0,-1.473160295292E0,9.74E0));
#3956=DIRECTION('',(0.E0,0.E0,1.E0));
#3957=DIRECTION('',(0.E0,-1.E0,0.E0));
#3958=AXIS2_PLACEMENT_3D('',#3955,#3956,#3957);
#3960=CURVE_STYLE('',#25,POSITIVE_LENGTH_MEASURE(2.E-2),#3892);
#3961=PRESENTATION_STYLE_ASSIGNMENT((#3960));
#3962=STYLED_ITEM('',(#3961),#3959);
#3963=DIRECTION('',(-9.702957262760E-1,2.419218955996E-1,0.E0));
#3964=VECTOR('',#3963,6.894805180350E-1);
#3965=CARTESIAN_POINT('',(-2.592806276094E0,-1.381372143761E0,9.74E0));
#3966=LINE('',#3965,#3964);
#3967=CURVE_STYLE('',#25,POSITIVE_LENGTH_MEASURE(2.E-2),#3892);
#3968=PRESENTATION_STYLE_ASSIGNMENT((#3967));
#3969=STYLED_ITEM('',(#3968),#3966);
#3970=DIRECTION('',(9.694524358107E-1,-2.452793809122E-1,0.E0));
#3971=VECTOR('',#3970,1.554437326551E0);
#3972=CARTESIAN_POINT('',(-3.261806276094E0,-9.720078378841E-1,9.74E0));
#3973=LINE('',#3972,#3971);
#3974=CURVE_STYLE('',#25,POSITIVE_LENGTH_MEASURE(2.E-2),#3892);
#3975=PRESENTATION_STYLE_ASSIGNMENT((#3974));
#3976=STYLED_ITEM('',(#3975),#3973);
#3977=CARTESIAN_POINT('',(-1.779012004481E0,-1.448765434458E0,9.74E0));
#3978=DIRECTION('',(0.E0,0.E0,-1.E0));
#3979=DIRECTION('',(2.452793808659E-1,9.694524358224E-1,0.E0));
#3980=AXIS2_PLACEMENT_3D('',#3977,#3978,#3979);
#3982=CURVE_STYLE('',#25,POSITIVE_LENGTH_MEASURE(2.E-2),#3892);
#3983=PRESENTATION_STYLE_ASSIGNMENT((#3982));
#3984=STYLED_ITEM('',(#3983),#3981);
#3985=DIRECTION('',(-9.702957262760E-1,2.419218955998E-1,0.E0));
#3986=VECTOR('',#3985,3.478011797292E-1);
#3987=CARTESIAN_POINT('',(-1.680517052153E0,-2.019725933716E0,9.74E0));
#3988=LINE('',#3987,#3986);
#3989=CURVE_STYLE('',#25,POSITIVE_LENGTH_MEASURE(2.E-2),#3892);
#3990=PRESENTATION_STYLE_ASSIGNMENT((#3989));
#3991=STYLED_ITEM('',(#3990),#3988);
#3992=DIRECTION('',(-1.837336795061E-14,-1.E0,0.E0));
#3993=VECTOR('',#3992,4.108945397351E-1);
#3994=CARTESIAN_POINT('',(-2.017987050438E0,-1.524690673289E0,9.74E0));
#3995=LINE('',#3994,#3993);
#3996=CURVE_STYLE('',#25,POSITIVE_LENGTH_MEASURE(2.E-2),#3892);
#3997=PRESENTATION_STYLE_ASSIGNMENT((#3996));
#3998=STYLED_ITEM('',(#3997),#3995);
#3999=DIRECTION('',(0.E0,6.716849298982E-13,-1.E0));
#4000=VECTOR('',#3999,4.E-2);
#4001=CARTESIAN_POINT('',(-2.017987050438E0,-1.935585213024E0,9.74E0));
#4002=LINE('',#4001,#4000);
#4003=CURVE_STYLE('',#25,POSITIVE_LENGTH_MEASURE(2.E-2),#3892);
#4004=PRESENTATION_STYLE_ASSIGNMENT((#4003));
#4005=STYLED_ITEM('',(#4004),#4002);
#4006=DIRECTION('',(2.775557561563E-14,6.661338147751E-13,-1.E0));
#4007=VECTOR('',#4006,4.E-2);
#4008=CARTESIAN_POINT('',(-1.680517052153E0,-2.019725933716E0,9.74E0));
#4009=LINE('',#4008,#4007);
#4010=CURVE_STYLE('',#25,POSITIVE_LENGTH_MEASURE(2.E-2),#3892);
#4011=PRESENTATION_STYLE_ASSIGNMENT((#4010));
#4012=STYLED_ITEM('',(#4011),#4009);
#4013=DIRECTION('',(2.259489327689E-13,1.E0,0.E0));
#4014=VECTOR('',#4013,5.709604992619E-1);
#4015=CARTESIAN_POINT('',(-1.680517052153E0,-2.019725933716E0,9.74E0));
#4016=LINE('',#4015,#4014);
#4017=CURVE_STYLE('',#25,POSITIVE_LENGTH_MEASURE(2.E-2),#3892);
#4018=PRESENTATION_STYLE_ASSIGNMENT((#4017));
#4019=STYLED_ITEM('',(#4018),#4016);
#4020=DIRECTION('',(3.447797602973E-11,-9.842127113302E-12,-1.E0));
#4021=VECTOR('',#4020,4.E-2);
#4022=CARTESIAN_POINT('',(-1.754853223554E0,-1.353279263007E0,9.74E0));
#4023=LINE('',#4022,#4021);
#4024=CURVE_STYLE('',#25,POSITIVE_LENGTH_MEASURE(2.E-2),#3892);
#4025=PRESENTATION_STYLE_ASSIGNMENT((#4024));
#4026=STYLED_ITEM('',(#4025),#4023);
#4027=DIRECTION('',(0.E0,4.257705299437E-12,1.E0));
#4028=VECTOR('',#4027,4.E-2);
#4029=CARTESIAN_POINT('',(-1.680517052153E0,-1.448765434454E0,9.7E0));
#4030=LINE('',#4029,#4028);
#4031=CURVE_STYLE('',#25,POSITIVE_LENGTH_MEASURE(2.E-2),#3892);
#4032=PRESENTATION_STYLE_ASSIGNMENT((#4031));
#4033=STYLED_ITEM('',(#4032),#4030);
#4034=DIRECTION('',(1.665334536938E-13,-1.132427485118E-12,-1.E0));
#4035=VECTOR('',#4034,4.E-2);
#4036=CARTESIAN_POINT('',(-3.261806276094E0,-9.720078378841E-1,9.74E0));
#4037=LINE('',#4036,#4035);
#4038=CURVE_STYLE('',#25,POSITIVE_LENGTH_MEASURE(2.E-2),#3892);
#4039=PRESENTATION_STYLE_ASSIGNMENT((#4038));
#4040=STYLED_ITEM('',(#4039),#4037);
#4041=DIRECTION('',(-5.309359131183E-14,-1.E0,0.E0));
#4042=VECTOR('',#4041,2.425638719749E-1);
#4043=CARTESIAN_POINT('',(-3.261806276094E0,-9.720078378841E-1,9.74E0));
#4044=LINE('',#4043,#4042);
#4045=CURVE_STYLE('',#25,POSITIVE_LENGTH_MEASURE(2.E-2),#3892);
#4046=PRESENTATION_STYLE_ASSIGNMENT((#4045));
#4047=STYLED_ITEM('',(#4046),#4044);
#4048=DIRECTION('',(-1.110223024625E-14,-3.386180225107E-13,-1.E0));
#4049=VECTOR('',#4048,4.E-2);
#4050=CARTESIAN_POINT('',(-3.261806276094E0,-1.214571709859E0,9.74E0));
#4051=LINE('',#4050,#4049);
#4052=CURVE_STYLE('',#25,POSITIVE_LENGTH_MEASURE(2.E-2),#3892);
#4053=PRESENTATION_STYLE_ASSIGNMENT((#4052));
#4054=STYLED_ITEM('',(#4053),#4051);
#4055=DIRECTION('',(-3.330669073875E-14,-3.330669073875E-13,-1.E0));
#4056=VECTOR('',#4055,4.E-2);
#4057=CARTESIAN_POINT('',(-2.592806276094E0,-1.381372143761E0,9.74E0));
#4058=LINE('',#4057,#4056);
#4059=CURVE_STYLE('',#25,POSITIVE_LENGTH_MEASURE(2.E-2),#3892);
#4060=PRESENTATION_STYLE_ASSIGNMENT((#4059));
#4061=STYLED_ITEM('',(#4060),#4058);
#4062=DIRECTION('',(1.228902177643E-12,-1.E0,0.E0));
#4063=VECTOR('',#4062,9.178815153395E-2);
#4064=CARTESIAN_POINT('',(-2.592806276094E0,-1.381372143761E0,9.74E0));
#4065=LINE('',#4064,#4063);
#4066=CURVE_STYLE('',#25,POSITIVE_LENGTH_MEASURE(2.E-2),#3892);
#4067=PRESENTATION_STYLE_ASSIGNMENT((#4066));
#4068=STYLED_ITEM('',(#4067),#4065);
#4069=DIRECTION('',(-9.380274335058E-11,2.416400413097E-11,-1.E0));
#4070=VECTOR('',#4069,4.E-2);
#4071=CARTESIAN_POINT('',(-2.665237055062E0,-1.529749421828E0,9.74E0));
#4072=LINE('',#4071,#4070);
#4073=CURVE_STYLE('',#25,POSITIVE_LENGTH_MEASURE(2.E-2),#3892);
#4074=PRESENTATION_STYLE_ASSIGNMENT((#4073));
#4075=STYLED_ITEM('',(#4074),#4072);
#4076=DIRECTION('',(0.E0,-2.442490654175E-13,1.E0));
#4077=VECTOR('',#4076,4.E-2);
#4078=CARTESIAN_POINT('',(-2.592806276094E0,-1.473160295295E0,9.7E0));
#4079=LINE('',#4078,#4077);
#4080=CURVE_STYLE('',#25,POSITIVE_LENGTH_MEASURE(2.E-2),#3892);
#4081=PRESENTATION_STYLE_ASSIGNMENT((#4080));
#4082=STYLED_ITEM('',(#4081),#4079);
#4083=DIRECTION('',(7.771561172376E-14,2.664535259100E-13,-1.E0));
#4084=VECTOR('',#4083,4.E-2);
#4085=CARTESIAN_POINT('',(-3.261806276094E0,-1.381008009390E0,9.74E0));
#4086=LINE('',#4085,#4084);
#4087=CURVE_STYLE('',#25,POSITIVE_LENGTH_MEASURE(2.E-2),#3892);
#4088=PRESENTATION_STYLE_ASSIGNMENT((#4087));
#4089=STYLED_ITEM('',(#4088),#4086);
#4090=DIRECTION('',(6.358191211626E-14,-1.E0,0.E0));
#4091=VECTOR('',#4090,2.444582402041E-1);
#4092=CARTESIAN_POINT('',(-3.261806276094E0,-1.381008009390E0,9.74E0));
#4093=LINE('',#4092,#4091);
#4094=CURVE_STYLE('',#25,POSITIVE_LENGTH_MEASURE(2.E-2),#3892);
#4095=PRESENTATION_STYLE_ASSIGNMENT((#4094));
#4096=STYLED_ITEM('',(#4095),#4093);
#4097=DIRECTION('',(1.110223024625E-14,2.176037128265E-12,-1.E0));
#4098=VECTOR('',#4097,4.E-2);
#4099=CARTESIAN_POINT('',(-3.261806276094E0,-1.625466249594E0,9.74E0));
#4100=LINE('',#4099,#4098);
#4101=CURVE_STYLE('',#25,POSITIVE_LENGTH_MEASURE(2.E-2),#3892);
#4102=PRESENTATION_STYLE_ASSIGNMENT((#4101));
#4103=STYLED_ITEM('',(#4102),#4100);
#4104=DIRECTION('',(0.E0,1.951772077291E-11,-1.E0));
#4105=VECTOR('',#4104,4.E-2);
#4106=CARTESIAN_POINT('',(-2.321903324485E0,-1.685918263656E0,9.74E0));
#4107=LINE('',#4106,#4105);
#4108=CURVE_STYLE('',#25,POSITIVE_LENGTH_MEASURE(2.E-2),#3892);
#4109=PRESENTATION_STYLE_ASSIGNMENT((#4108));
#4110=STYLED_ITEM('',(#4109),#4107);
#4111=DIRECTION('',(-4.792832797307E-11,9.786615962071E-12,1.E0));
#4112=VECTOR('',#4111,4.E-2);
#4113=CARTESIAN_POINT('',(-2.490630097334E0,-1.817742066085E0,9.7E0));
#4114=LINE('',#4113,#4112);
#4115=CURVE_STYLE('',#25,POSITIVE_LENGTH_MEASURE(2.E-2),#3892);
#4116=PRESENTATION_STYLE_ASSIGNMENT((#4115));
#4117=STYLED_ITEM('',(#4116),#4114);
#4118=DIRECTION('',(2.137928634939E-13,1.E0,0.E0));
#4119=VECTOR('',#4118,1.807158603217E-1);
#4120=CARTESIAN_POINT('',(-2.321903324485E0,-1.685918263656E0,9.74E0));
#4121=LINE('',#4120,#4119);
#4122=CURVE_STYLE('',#25,POSITIVE_LENGTH_MEASURE(2.E-2),#3892);
#4123=PRESENTATION_STYLE_ASSIGNMENT((#4122));
#4124=STYLED_ITEM('',(#4123),#4121);
#4125=DIRECTION('',(4.944933351680E-11,-9.942047185518E-12,-1.E0));
#4126=VECTOR('',#4125,4.E-2);
#4127=CARTESIAN_POINT('',(-2.267288708418E0,-1.462532788799E0,9.74E0));
#4128=LINE('',#4127,#4126);
#4129=CURVE_STYLE('',#25,POSITIVE_LENGTH_MEASURE(2.E-2),#3892);
#4130=PRESENTATION_STYLE_ASSIGNMENT((#4129));
#4131=STYLED_ITEM('',(#4130),#4128);
#4132=DIRECTION('',(0.E0,4.001243780749E-11,1.E0));
#4133=VECTOR('',#4132,4.E-2);
#4134=CARTESIAN_POINT('',(-2.321903324485E0,-1.505202403336E0,9.7E0));
#4135=LINE('',#4134,#4133);
#4136=CURVE_STYLE('',#25,POSITIVE_LENGTH_MEASURE(2.E-2),#3892);
#4137=PRESENTATION_STYLE_ASSIGNMENT((#4136));
#4138=STYLED_ITEM('',(#4137),#4135);
#4139=DIRECTION('',(1.665334536938E-13,1.731947918415E-12,-1.E0));
#4140=VECTOR('',#4139,4.E-2);
#4141=CARTESIAN_POINT('',(-2.017987050438E0,-1.524690673289E0,9.74E0));
#4142=LINE('',#4141,#4140);
#4143=CURVE_STYLE('',#25,POSITIVE_LENGTH_MEASURE(2.E-2),#3892);
#4144=PRESENTATION_STYLE_ASSIGNMENT((#4143));
#4145=STYLED_ITEM('',(#4144),#4142);
#4146=DIRECTION('',(9.702957262760E-1,-2.419218955998E-1,0.E0));
#4147=VECTOR('',#4146,3.478011797292E-1);
#4148=CARTESIAN_POINT('',(-2.017987050438E0,-1.935585213024E0,9.7E0));
#4149=LINE('',#4148,#4147);
#4150=CURVE_STYLE('',#25,POSITIVE_LENGTH_MEASURE(2.E-2),#3892);
#4151=PRESENTATION_STYLE_ASSIGNMENT((#4150));
#4152=STYLED_ITEM('',(#4151),#4149);
#4153=DIRECTION('',(2.240044496987E-13,1.E0,0.E0));
#4154=VECTOR('',#4153,5.709604992617E-1);
#4155=CARTESIAN_POINT('',(-1.680517052153E0,-2.019725933716E0,9.7E0));
#4156=LINE('',#4155,#4154);
#4157=CURVE_STYLE('',#25,POSITIVE_LENGTH_MEASURE(2.E-2),#3892);
#4158=PRESENTATION_STYLE_ASSIGNMENT((#4157));
#4159=STYLED_ITEM('',(#4158),#4156);
#4160=CARTESIAN_POINT('',(-1.779012004481E0,-1.448765434458E0,9.7E0));
#4161=DIRECTION('',(0.E0,0.E0,1.E0));
#4162=DIRECTION('',(1.E0,7.418473375075E-11,0.E0));
#4163=AXIS2_PLACEMENT_3D('',#4160,#4161,#4162);
#4165=CURVE_STYLE('',#25,POSITIVE_LENGTH_MEASURE(2.E-2),#3892);
#4166=PRESENTATION_STYLE_ASSIGNMENT((#4165));
#4167=STYLED_ITEM('',(#4166),#4164);
#4168=DIRECTION('',(-9.694524358107E-1,2.452793809122E-1,0.E0));
#4169=VECTOR('',#4168,1.554437326553E0);
#4170=CARTESIAN_POINT('',(-1.754853223552E0,-1.353279263008E0,9.7E0));
#4171=LINE('',#4170,#4169);
#4172=CURVE_STYLE('',#25,POSITIVE_LENGTH_MEASURE(2.E-2),#3892);
#4173=PRESENTATION_STYLE_ASSIGNMENT((#4172));
#4174=STYLED_ITEM('',(#4173),#4171);
#4175=DIRECTION('',(-7.872498022100E-14,-1.E0,0.E0));
#4176=VECTOR('',#4175,2.425638719749E-1);
#4177=CARTESIAN_POINT('',(-3.261806276094E0,-9.720078378841E-1,9.7E0));
#4178=LINE('',#4177,#4176);
#4179=CURVE_STYLE('',#25,POSITIVE_LENGTH_MEASURE(2.E-2),#3892);
#4180=PRESENTATION_STYLE_ASSIGNMENT((#4179));
#4181=STYLED_ITEM('',(#4180),#4178);
#4182=DIRECTION('',(9.702957262760E-1,-2.419218955996E-1,0.E0));
#4183=VECTOR('',#4182,6.894805180350E-1);
#4184=CARTESIAN_POINT('',(-3.261806276094E0,-1.214571709859E0,9.7E0));
#4185=LINE('',#4184,#4183);
#4186=CURVE_STYLE('',#25,POSITIVE_LENGTH_MEASURE(2.E-2),#3892);
#4187=PRESENTATION_STYLE_ASSIGNMENT((#4186));
#4188=STYLED_ITEM('',(#4187),#4185);
#4189=DIRECTION('',(1.248254967843E-12,-1.E0,0.E0));
#4190=VECTOR('',#4189,9.178815153393E-2);
#4191=CARTESIAN_POINT('',(-2.592806276094E0,-1.381372143761E0,9.7E0));
#4192=LINE('',#4191,#4190);
#4193=CURVE_STYLE('',#25,POSITIVE_LENGTH_MEASURE(2.E-2),#3892);
#4194=PRESENTATION_STYLE_ASSIGNMENT((#4193));
#4195=STYLED_ITEM('',(#4194),#4192);
#4196=CARTESIAN_POINT('',(-2.651127801172E0,-1.473160295292E0,9.7E0));
#4197=DIRECTION('',(0.E0,0.E0,-1.E0));
#4198=DIRECTION('',(1.E0,-8.358435843348E-11,0.E0));
#4199=AXIS2_PLACEMENT_3D('',#4196,#4197,#4198);
#4201=CURVE_STYLE('',#25,POSITIVE_LENGTH_MEASURE(2.E-2),#3892);
#4202=PRESENTATION_STYLE_ASSIGNMENT((#4201));
#4203=STYLED_ITEM('',(#4202),#4200);
#4204=CARTESIAN_POINT('',(-2.651127801172E0,-1.473160295292E0,9.7E0));
#4205=DIRECTION('',(0.E0,0.E0,-1.E0));
#4206=DIRECTION('',(0.E0,-1.E0,0.E0));
#4207=AXIS2_PLACEMENT_3D('',#4204,#4205,#4206);
#4209=CURVE_STYLE('',#25,POSITIVE_LENGTH_MEASURE(2.E-2),#3892);
#4210=PRESENTATION_STYLE_ASSIGNMENT((#4209));
#4211=STYLED_ITEM('',(#4210),#4208);
#4212=DIRECTION('',(-9.702957262759E-1,2.419218956E-1,0.E0));
#4213=VECTOR('',#4212,6.148323700422E-1);
#4214=CARTESIAN_POINT('',(-2.665237055066E0,-1.529749421827E0,9.7E0));
#4215=LINE('',#4214,#4213);
#4216=CURVE_STYLE('',#25,POSITIVE_LENGTH_MEASURE(2.E-2),#3892);
#4217=PRESENTATION_STYLE_ASSIGNMENT((#4216));
#4218=STYLED_ITEM('',(#4217),#4215);
#4219=DIRECTION('',(5.268215575349E-14,-1.E0,0.E0));
#4220=VECTOR('',#4219,2.444582402040E-1);
#4221=CARTESIAN_POINT('',(-3.261806276094E0,-1.381008009390E0,9.7E0));
#4222=LINE('',#4221,#4220);
#4223=CURVE_STYLE('',#25,POSITIVE_LENGTH_MEASURE(2.E-2),#3892);
#4224=PRESENTATION_STYLE_ASSIGNMENT((#4223));
#4225=STYLED_ITEM('',(#4224),#4222);
#4226=DIRECTION('',(9.702957262760E-1,-2.419218955997E-1,0.E0));
#4227=VECTOR('',#4226,7.947846804603E-1);
#4228=CARTESIAN_POINT('',(-3.261806276094E0,-1.625466249594E0,9.7E0));
#4229=LINE('',#4228,#4227);
#4230=CURVE_STYLE('',#25,POSITIVE_LENGTH_MEASURE(2.E-2),#3892);
#4231=PRESENTATION_STYLE_ASSIGNMENT((#4230));
#4232=STYLED_ITEM('',(#4231),#4229);
#4233=CARTESIAN_POINT('',(-2.457762731944E0,-1.685918263653E0,9.7E0));
#4234=DIRECTION('',(0.E0,0.E0,1.E0));
#4235=DIRECTION('',(-2.419218956272E-1,-9.702957262691E-1,0.E0));
#4236=AXIS2_PLACEMENT_3D('',#4233,#4234,#4235);
#4238=CURVE_STYLE('',#25,POSITIVE_LENGTH_MEASURE(2.E-2),#3892);
#4239=PRESENTATION_STYLE_ASSIGNMENT((#4238));
#4240=STYLED_ITEM('',(#4239),#4237);
#4241=CARTESIAN_POINT('',(-2.457762731944E0,-1.685918263653E0,9.7E0));
#4242=DIRECTION('',(0.E0,0.E0,1.E0));
#4243=DIRECTION('',(0.E0,-1.E0,0.E0));
#4244=AXIS2_PLACEMENT_3D('',#4241,#4242,#4243);
#4246=CURVE_STYLE('',#25,POSITIVE_LENGTH_MEASURE(2.E-2),#3892);
#4247=PRESENTATION_STYLE_ASSIGNMENT((#4246));
#4248=STYLED_ITEM('',(#4247),#4245);
#4249=DIRECTION('',(2.113354742612E-13,1.E0,0.E0));
#4250=VECTOR('',#4249,1.807158603194E-1);
#4251=CARTESIAN_POINT('',(-2.321903324485E0,-1.685918263656E0,9.7E0));
#4252=LINE('',#4251,#4250);
#4253=CURVE_STYLE('',#25,POSITIVE_LENGTH_MEASURE(2.E-2),#3892);
#4254=PRESENTATION_STYLE_ASSIGNMENT((#4253));
#4255=STYLED_ITEM('',(#4254),#4252);
#4256=CARTESIAN_POINT('',(-2.277927438188E0,-1.505202403333E0,9.7E0));
#4257=DIRECTION('',(0.E0,0.E0,-1.E0));
#4258=DIRECTION('',(-1.E0,-1.402071705379E-10,0.E0));
#4259=AXIS2_PLACEMENT_3D('',#4256,#4257,#4258);
#4261=CURVE_STYLE('',#25,POSITIVE_LENGTH_MEASURE(2.E-2),#3892);
#4262=PRESENTATION_STYLE_ASSIGNMENT((#4261));
#4263=STYLED_ITEM('',(#4262),#4260);
#4264=CARTESIAN_POINT('',(-2.277927438188E0,-1.505202403333E0,9.7E0));
#4265=DIRECTION('',(0.E0,0.E0,-1.E0));
#4266=DIRECTION('',(-7.900033816751E-11,1.E0,0.E0));
#4267=AXIS2_PLACEMENT_3D('',#4264,#4265,#4266);
#4269=CURVE_STYLE('',#25,POSITIVE_LENGTH_MEASURE(2.E-2),#3892);
#4270=PRESENTATION_STYLE_ASSIGNMENT((#4269));
#4271=STYLED_ITEM('',(#4270),#4268);
#4272=DIRECTION('',(9.702957262759E-1,-2.419218955999E-1,0.E0));
#4273=VECTOR('',#4272,2.569336865316E-1);
#4274=CARTESIAN_POINT('',(-2.267288708416E0,-1.462532788800E0,9.7E0));
#4275=LINE('',#4274,#4273);
#4276=CURVE_STYLE('',#25,POSITIVE_LENGTH_MEASURE(2.E-2),#3892);
#4277=PRESENTATION_STYLE_ASSIGNMENT((#4276));
#4278=STYLED_ITEM('',(#4277),#4275);
#4279=DIRECTION('',(-3.350437685112E-14,-1.E0,0.E0));
#4280=VECTOR('',#4279,4.108945397351E-1);
#4281=CARTESIAN_POINT('',(-2.017987050438E0,-1.524690673289E0,9.7E0));
#4282=LINE('',#4281,#4280);
#4283=CURVE_STYLE('',#25,POSITIVE_LENGTH_MEASURE(2.E-2),#3892);
#4284=PRESENTATION_STYLE_ASSIGNMENT((#4283));
#4285=STYLED_ITEM('',(#4284),#4282);
#4286=CARTESIAN_POINT('',(-2.017987050438E0,-1.524690673289E0,9.74E0));
#4287=CARTESIAN_POINT('',(-2.017987050438E0,-1.935585213024E0,9.74E0));
#4288=VERTEX_POINT('',#4286);
#4289=VERTEX_POINT('',#4287);
#4290=CARTESIAN_POINT('',(-2.267288708418E0,-1.462532788799E0,9.74E0));
#4291=VERTEX_POINT('',#4290);
#4292=CARTESIAN_POINT('',(-2.277927438188E0,-1.461226517036E0,9.74E0));
#4293=VERTEX_POINT('',#4292);
#4294=CARTESIAN_POINT('',(-2.321903324485E0,-1.505202403335E0,9.74E0));
#4295=VERTEX_POINT('',#4294);
#4296=CARTESIAN_POINT('',(-2.321903324485E0,-1.685918263656E0,9.74E0));
#4297=VERTEX_POINT('',#4296);
#4298=CARTESIAN_POINT('',(-2.457762731944E0,-1.821777671112E0,9.74E0));
#4299=VERTEX_POINT('',#4298);
#4300=CARTESIAN_POINT('',(-2.490630097341E0,-1.817742066083E0,9.74E0));
#4301=VERTEX_POINT('',#4300);
#4302=CARTESIAN_POINT('',(-3.261806276094E0,-1.625466249594E0,9.74E0));
#4303=VERTEX_POINT('',#4302);
#4304=CARTESIAN_POINT('',(-3.261806276094E0,-1.381008009390E0,9.74E0));
#4305=VERTEX_POINT('',#4304);
#4306=CARTESIAN_POINT('',(-2.665237055062E0,-1.529749421828E0,9.74E0));
#4307=VERTEX_POINT('',#4306);
#4308=CARTESIAN_POINT('',(-2.651127801172E0,-1.531481820370E0,9.74E0));
#4309=VERTEX_POINT('',#4308);
#4310=CARTESIAN_POINT('',(-2.592806276094E0,-1.473160295297E0,9.74E0));
#4311=VERTEX_POINT('',#4310);
#4312=CARTESIAN_POINT('',(-2.592806276094E0,-1.381372143761E0,9.74E0));
#4313=VERTEX_POINT('',#4312);
#4314=CARTESIAN_POINT('',(-3.261806276094E0,-1.214571709859E0,9.74E0));
#4315=VERTEX_POINT('',#4314);
#4316=CARTESIAN_POINT('',(-3.261806276094E0,-9.720078378841E-1,9.74E0));
#4317=VERTEX_POINT('',#4316);
#4318=CARTESIAN_POINT('',(-1.754853223554E0,-1.353279263007E0,9.74E0));
#4319=VERTEX_POINT('',#4318);
#4320=CARTESIAN_POINT('',(-1.680517052153E0,-1.448765434450E0,9.74E0));
#4321=VERTEX_POINT('',#4320);
#4322=CARTESIAN_POINT('',(-1.680517052153E0,-2.019725933716E0,9.74E0));
#4323=VERTEX_POINT('',#4322);
#4324=CARTESIAN_POINT('',(-2.017987050438E0,-1.935585213024E0,9.7E0));
#4325=VERTEX_POINT('',#4324);
#4326=CARTESIAN_POINT('',(-2.017987050438E0,-1.524690673289E0,9.7E0));
#4327=VERTEX_POINT('',#4326);
#4328=CARTESIAN_POINT('',(-1.680517052153E0,-2.019725933716E0,9.7E0));
#4329=VERTEX_POINT('',#4328);
#4330=CARTESIAN_POINT('',(-1.680517052153E0,-1.448765434454E0,9.7E0));
#4331=VERTEX_POINT('',#4330);
#4332=CARTESIAN_POINT('',(-1.754853223552E0,-1.353279263008E0,9.7E0));
#4333=VERTEX_POINT('',#4332);
#4334=CARTESIAN_POINT('',(-3.261806276094E0,-9.720078378841E-1,9.7E0));
#4335=VERTEX_POINT('',#4334);
#4336=CARTESIAN_POINT('',(-3.261806276094E0,-1.214571709859E0,9.7E0));
#4337=VERTEX_POINT('',#4336);
#4338=CARTESIAN_POINT('',(-2.592806276094E0,-1.381372143761E0,9.7E0));
#4339=VERTEX_POINT('',#4338);
#4340=CARTESIAN_POINT('',(-2.592806276094E0,-1.473160295295E0,9.7E0));
#4341=VERTEX_POINT('',#4340);
#4342=CARTESIAN_POINT('',(-2.665237055066E0,-1.529749421827E0,9.7E0));
#4343=VERTEX_POINT('',#4342);
#4344=CARTESIAN_POINT('',(-2.651127801172E0,-1.531481820370E0,9.7E0));
#4345=VERTEX_POINT('',#4344);
#4346=CARTESIAN_POINT('',(-3.261806276094E0,-1.381008009390E0,9.7E0));
#4347=VERTEX_POINT('',#4346);
#4348=CARTESIAN_POINT('',(-3.261806276094E0,-1.625466249594E0,9.7E0));
#4349=VERTEX_POINT('',#4348);
#4350=CARTESIAN_POINT('',(-2.490630097334E0,-1.817742066085E0,9.7E0));
#4351=VERTEX_POINT('',#4350);
#4352=CARTESIAN_POINT('',(-2.321903324485E0,-1.685918263656E0,9.7E0));
#4353=VERTEX_POINT('',#4352);
#4354=CARTESIAN_POINT('',(-2.457762731944E0,-1.821777671112E0,9.7E0));
#4355=VERTEX_POINT('',#4354);
#4356=CARTESIAN_POINT('',(-2.321903324485E0,-1.505202403336E0,9.7E0));
#4357=VERTEX_POINT('',#4356);
#4358=CARTESIAN_POINT('',(-2.267288708416E0,-1.462532788800E0,9.7E0));
#4359=VERTEX_POINT('',#4358);
#4360=CARTESIAN_POINT('',(-2.277927438191E0,-1.461226517036E0,9.7E0));
#4361=VERTEX_POINT('',#4360);
#4362=CARTESIAN_POINT('',(-2.5E0,0.E0,9.74E0));
#4363=DIRECTION('',(0.E0,0.E0,1.E0));
#4364=DIRECTION('',(1.E0,0.E0,0.E0));
#4365=AXIS2_PLACEMENT_3D('',#4362,#4363,#4364);
#4366=PLANE('',#4365);
#4368=ORIENTED_EDGE('',*,*,#4367,.F.);
#4370=ORIENTED_EDGE('',*,*,#4369,.T.);
#4372=ORIENTED_EDGE('',*,*,#4371,.T.);
#4374=ORIENTED_EDGE('',*,*,#4373,.T.);
#4376=ORIENTED_EDGE('',*,*,#4375,.F.);
#4378=ORIENTED_EDGE('',*,*,#4377,.T.);
#4380=ORIENTED_EDGE('',*,*,#4379,.T.);
#4382=ORIENTED_EDGE('',*,*,#4381,.T.);
#4384=ORIENTED_EDGE('',*,*,#4383,.F.);
#4386=ORIENTED_EDGE('',*,*,#4385,.T.);
#4388=ORIENTED_EDGE('',*,*,#4387,.T.);
#4390=ORIENTED_EDGE('',*,*,#4389,.T.);
#4392=ORIENTED_EDGE('',*,*,#4391,.F.);
#4394=ORIENTED_EDGE('',*,*,#4393,.T.);
#4396=ORIENTED_EDGE('',*,*,#4395,.F.);
#4398=ORIENTED_EDGE('',*,*,#4397,.T.);
#4400=ORIENTED_EDGE('',*,*,#4399,.T.);
#4402=ORIENTED_EDGE('',*,*,#4401,.F.);
#4404=ORIENTED_EDGE('',*,*,#4403,.T.);
#4405=EDGE_LOOP('',(#4368,#4370,#4372,#4374,#4376,#4378,#4380,#4382,#4384,#4386,
#4388,#4390,#4392,#4394,#4396,#4398,#4400,#4402,#4404));
#4406=FACE_OUTER_BOUND('',#4405,.F.);
#4408=CARTESIAN_POINT('',(-2.017987050438E0,-1.524690673289E0,9.78E0));
#4409=DIRECTION('',(1.E0,0.E0,0.E0));
#4410=DIRECTION('',(0.E0,0.E0,-1.E0));
#4411=AXIS2_PLACEMENT_3D('',#4408,#4409,#4410);
#4412=PLANE('',#4411);
#4413=ORIENTED_EDGE('',*,*,#4367,.T.);
#4415=ORIENTED_EDGE('',*,*,#4414,.T.);
#4417=ORIENTED_EDGE('',*,*,#4416,.F.);
#4419=ORIENTED_EDGE('',*,*,#4418,.F.);
#4420=EDGE_LOOP('',(#4413,#4415,#4417,#4419));
#4421=FACE_OUTER_BOUND('',#4420,.F.);
#4423=CARTESIAN_POINT('',(-2.017987050438E0,-1.935585213024E0,9.78E0));
#4424=DIRECTION('',(2.419218955996E-1,9.702957262760E-1,0.E0));
#4425=DIRECTION('',(-9.702957262760E-1,2.419218955996E-1,0.E0));
#4426=AXIS2_PLACEMENT_3D('',#4423,#4424,#4425);
#4427=PLANE('',#4426);
#4428=ORIENTED_EDGE('',*,*,#4403,.F.);
#4430=ORIENTED_EDGE('',*,*,#4429,.T.);
#4432=ORIENTED_EDGE('',*,*,#4431,.F.);
#4433=ORIENTED_EDGE('',*,*,#4414,.F.);
#4434=EDGE_LOOP('',(#4428,#4430,#4432,#4433));
#4435=FACE_OUTER_BOUND('',#4434,.F.);
#4437=CARTESIAN_POINT('',(-1.680517052153E0,-2.019725933716E0,9.78E0));
#4438=DIRECTION('',(-1.E0,0.E0,0.E0));
#4439=DIRECTION('',(0.E0,0.E0,1.E0));
#4440=AXIS2_PLACEMENT_3D('',#4437,#4438,#4439);
#4441=PLANE('',#4440);
#4442=ORIENTED_EDGE('',*,*,#4401,.T.);
#4444=ORIENTED_EDGE('',*,*,#4443,.F.);
#4446=ORIENTED_EDGE('',*,*,#4445,.F.);
#4447=ORIENTED_EDGE('',*,*,#4429,.F.);
#4448=EDGE_LOOP('',(#4442,#4444,#4446,#4447));
#4449=FACE_OUTER_BOUND('',#4448,.F.);
#4451=CARTESIAN_POINT('',(-1.779012004481E0,-1.448765434458E0,9.78E0));
#4452=DIRECTION('',(0.E0,0.E0,-1.E0));
#4453=DIRECTION('',(0.E0,-1.E0,0.E0));
#4454=AXIS2_PLACEMENT_3D('',#4451,#4452,#4453);
#4455=CYLINDRICAL_SURFACE('',#4454,9.849495232830E-2);
#4456=ORIENTED_EDGE('',*,*,#4399,.F.);
#4458=ORIENTED_EDGE('',*,*,#4457,.T.);
#4460=ORIENTED_EDGE('',*,*,#4459,.F.);
#4461=ORIENTED_EDGE('',*,*,#4443,.T.);
#4462=EDGE_LOOP('',(#4456,#4458,#4460,#4461));
#4463=FACE_OUTER_BOUND('',#4462,.F.);
#4465=CARTESIAN_POINT('',(-1.754853223551E0,-1.353279263008E0,9.78E0));
#4466=DIRECTION('',(-2.452793809122E-1,-9.694524358107E-1,0.E0));
#4467=DIRECTION('',(9.694524358107E-1,-2.452793809122E-1,0.E0));
#4468=AXIS2_PLACEMENT_3D('',#4465,#4466,#4467);
#4469=PLANE('',#4468);
#4470=ORIENTED_EDGE('',*,*,#4397,.F.);
#4472=ORIENTED_EDGE('',*,*,#4471,.T.);
#4474=ORIENTED_EDGE('',*,*,#4473,.F.);
#4475=ORIENTED_EDGE('',*,*,#4457,.F.);
#4476=EDGE_LOOP('',(#4470,#4472,#4474,#4475));
#4477=FACE_OUTER_BOUND('',#4476,.F.);
#4479=CARTESIAN_POINT('',(-3.261806276094E0,-9.720078378843E-1,9.78E0));
#4480=DIRECTION('',(1.E0,0.E0,0.E0));
#4481=DIRECTION('',(0.E0,0.E0,-1.E0));
#4482=AXIS2_PLACEMENT_3D('',#4479,#4480,#4481);
#4483=PLANE('',#4482);
#4484=ORIENTED_EDGE('',*,*,#4395,.T.);
#4486=ORIENTED_EDGE('',*,*,#4485,.T.);
#4488=ORIENTED_EDGE('',*,*,#4487,.F.);
#4489=ORIENTED_EDGE('',*,*,#4471,.F.);
#4490=EDGE_LOOP('',(#4484,#4486,#4488,#4489));
#4491=FACE_OUTER_BOUND('',#4490,.F.);
#4493=CARTESIAN_POINT('',(-3.261806276094E0,-1.214571709859E0,9.78E0));
#4494=DIRECTION('',(2.419218955997E-1,9.702957262760E-1,0.E0));
#4495=DIRECTION('',(-9.702957262760E-1,2.419218955997E-1,0.E0));
#4496=AXIS2_PLACEMENT_3D('',#4493,#4494,#4495);
#4497=PLANE('',#4496);
#4498=ORIENTED_EDGE('',*,*,#4393,.F.);
#4500=ORIENTED_EDGE('',*,*,#4499,.T.);
#4502=ORIENTED_EDGE('',*,*,#4501,.F.);
#4503=ORIENTED_EDGE('',*,*,#4485,.F.);
#4504=EDGE_LOOP('',(#4498,#4500,#4502,#4503));
#4505=FACE_OUTER_BOUND('',#4504,.F.);
#4507=CARTESIAN_POINT('',(-2.592806276094E0,-1.381372143761E0,9.78E0));
#4508=DIRECTION('',(1.E0,0.E0,0.E0));
#4509=DIRECTION('',(0.E0,0.E0,-1.E0));
#4510=AXIS2_PLACEMENT_3D('',#4507,#4508,#4509);
#4511=PLANE('',#4510);
#4512=ORIENTED_EDGE('',*,*,#4391,.T.);
#4514=ORIENTED_EDGE('',*,*,#4513,.F.);
#4516=ORIENTED_EDGE('',*,*,#4515,.F.);
#4517=ORIENTED_EDGE('',*,*,#4499,.F.);
#4518=EDGE_LOOP('',(#4512,#4514,#4516,#4517));
#4519=FACE_OUTER_BOUND('',#4518,.F.);
#4521=CARTESIAN_POINT('',(-2.651127801172E0,-1.473160295292E0,9.78E0));
#4522=DIRECTION('',(0.E0,0.E0,-1.E0));
#4523=DIRECTION('',(0.E0,-1.E0,0.E0));
#4524=AXIS2_PLACEMENT_3D('',#4521,#4522,#4523);
#4525=CYLINDRICAL_SURFACE('',#4524,5.832152507821E-2);
#4526=ORIENTED_EDGE('',*,*,#4387,.F.);
#4528=ORIENTED_EDGE('',*,*,#4527,.T.);
#4530=ORIENTED_EDGE('',*,*,#4529,.F.);
#4532=ORIENTED_EDGE('',*,*,#4531,.F.);
#4533=ORIENTED_EDGE('',*,*,#4513,.T.);
#4534=ORIENTED_EDGE('',*,*,#4389,.F.);
#4535=EDGE_LOOP('',(#4526,#4528,#4530,#4532,#4533,#4534));
#4536=FACE_OUTER_BOUND('',#4535,.F.);
#4538=CARTESIAN_POINT('',(-2.665237055073E0,-1.529749421825E0,9.78E0));
#4539=DIRECTION('',(-2.419218955997E-1,-9.702957262760E-1,0.E0));
#4540=DIRECTION('',(9.702957262760E-1,-2.419218955997E-1,0.E0));
#4541=AXIS2_PLACEMENT_3D('',#4538,#4539,#4540);
#4542=PLANE('',#4541);
#4543=ORIENTED_EDGE('',*,*,#4385,.F.);
#4545=ORIENTED_EDGE('',*,*,#4544,.T.);
#4547=ORIENTED_EDGE('',*,*,#4546,.F.);
#4548=ORIENTED_EDGE('',*,*,#4527,.F.);
#4549=EDGE_LOOP('',(#4543,#4545,#4547,#4548));
#4550=FACE_OUTER_BOUND('',#4549,.F.);
#4552=CARTESIAN_POINT('',(-3.261806276094E0,-1.381008009390E0,9.78E0));
#4553=DIRECTION('',(1.E0,0.E0,0.E0));
#4554=DIRECTION('',(0.E0,0.E0,-1.E0));
#4555=AXIS2_PLACEMENT_3D('',#4552,#4553,#4554);
#4556=PLANE('',#4555);
#4557=ORIENTED_EDGE('',*,*,#4383,.T.);
#4559=ORIENTED_EDGE('',*,*,#4558,.T.);
#4561=ORIENTED_EDGE('',*,*,#4560,.F.);
#4562=ORIENTED_EDGE('',*,*,#4544,.F.);
#4563=EDGE_LOOP('',(#4557,#4559,#4561,#4562));
#4564=FACE_OUTER_BOUND('',#4563,.F.);
#4566=CARTESIAN_POINT('',(-3.261806276094E0,-1.625466249594E0,9.78E0));
#4567=DIRECTION('',(2.419218955997E-1,9.702957262760E-1,0.E0));
#4568=DIRECTION('',(-9.702957262760E-1,2.419218955997E-1,0.E0));
#4569=AXIS2_PLACEMENT_3D('',#4566,#4567,#4568);
#4570=PLANE('',#4569);
#4571=ORIENTED_EDGE('',*,*,#4381,.F.);
#4573=ORIENTED_EDGE('',*,*,#4572,.F.);
#4575=ORIENTED_EDGE('',*,*,#4574,.F.);
#4576=ORIENTED_EDGE('',*,*,#4558,.F.);
#4577=EDGE_LOOP('',(#4571,#4573,#4575,#4576));
#4578=FACE_OUTER_BOUND('',#4577,.F.);
#4580=CARTESIAN_POINT('',(-2.457762731944E0,-1.685918263653E0,9.78E0));
#4581=DIRECTION('',(0.E0,0.E0,-1.E0));
#4582=DIRECTION('',(0.E0,-1.E0,0.E0));
#4583=AXIS2_PLACEMENT_3D('',#4580,#4581,#4582);
#4584=CYLINDRICAL_SURFACE('',#4583,1.358594074592E-1);
#4585=ORIENTED_EDGE('',*,*,#4377,.F.);
#4587=ORIENTED_EDGE('',*,*,#4586,.T.);
#4589=ORIENTED_EDGE('',*,*,#4588,.F.);
#4591=ORIENTED_EDGE('',*,*,#4590,.F.);
#4592=ORIENTED_EDGE('',*,*,#4572,.T.);
#4593=ORIENTED_EDGE('',*,*,#4379,.F.);
#4594=EDGE_LOOP('',(#4585,#4587,#4589,#4591,#4592,#4593));
#4595=FACE_OUTER_BOUND('',#4594,.F.);
#4597=CARTESIAN_POINT('',(-2.321903324485E0,-1.685918263653E0,9.78E0));
#4598=DIRECTION('',(-1.E0,0.E0,0.E0));
#4599=DIRECTION('',(0.E0,0.E0,1.E0));
#4600=AXIS2_PLACEMENT_3D('',#4597,#4598,#4599);
#4601=PLANE('',#4600);
#4602=ORIENTED_EDGE('',*,*,#4375,.T.);
#4604=ORIENTED_EDGE('',*,*,#4603,.F.);
#4606=ORIENTED_EDGE('',*,*,#4605,.F.);
#4607=ORIENTED_EDGE('',*,*,#4586,.F.);
#4608=EDGE_LOOP('',(#4602,#4604,#4606,#4607));
#4609=FACE_OUTER_BOUND('',#4608,.F.);
#4611=CARTESIAN_POINT('',(-2.277927438188E0,-1.505202403333E0,9.78E0));
#4612=DIRECTION('',(0.E0,0.E0,-1.E0));
#4613=DIRECTION('',(0.E0,-1.E0,0.E0));
#4614=AXIS2_PLACEMENT_3D('',#4611,#4612,#4613);
#4615=CYLINDRICAL_SURFACE('',#4614,4.397588629672E-2);
#4616=ORIENTED_EDGE('',*,*,#4371,.F.);
#4618=ORIENTED_EDGE('',*,*,#4617,.T.);
#4620=ORIENTED_EDGE('',*,*,#4619,.F.);
#4622=ORIENTED_EDGE('',*,*,#4621,.F.);
#4623=ORIENTED_EDGE('',*,*,#4603,.T.);
#4624=ORIENTED_EDGE('',*,*,#4373,.F.);
#4625=EDGE_LOOP('',(#4616,#4618,#4620,#4622,#4623,#4624));
#4626=FACE_OUTER_BOUND('',#4625,.F.);
#4628=CARTESIAN_POINT('',(-2.267288708415E0,-1.462532788800E0,9.78E0));
#4629=DIRECTION('',(2.419218955996E-1,9.702957262760E-1,0.E0));
#4630=DIRECTION('',(-9.702957262760E-1,2.419218955996E-1,0.E0));
#4631=AXIS2_PLACEMENT_3D('',#4628,#4629,#4630);
#4632=PLANE('',#4631);
#4633=ORIENTED_EDGE('',*,*,#4369,.F.);
#4634=ORIENTED_EDGE('',*,*,#4418,.T.);
#4636=ORIENTED_EDGE('',*,*,#4635,.F.);
#4637=ORIENTED_EDGE('',*,*,#4617,.F.);
#4638=EDGE_LOOP('',(#4633,#4634,#4636,#4637));
#4639=FACE_OUTER_BOUND('',#4638,.F.);
#4641=CARTESIAN_POINT('',(-1.779012004481E0,-1.448765434458E0,9.7E0));
#4642=DIRECTION('',(0.E0,0.E0,1.E0));
#4643=DIRECTION('',(0.E0,1.E0,0.E0));
#4644=AXIS2_PLACEMENT_3D('',#4641,#4642,#4643);
#4645=PLANE('',#4644);
#4646=ORIENTED_EDGE('',*,*,#4431,.T.);
#4647=ORIENTED_EDGE('',*,*,#4445,.T.);
#4648=ORIENTED_EDGE('',*,*,#4459,.T.);
#4649=ORIENTED_EDGE('',*,*,#4473,.T.);
#4650=ORIENTED_EDGE('',*,*,#4487,.T.);
#4651=ORIENTED_EDGE('',*,*,#4501,.T.);
#4652=ORIENTED_EDGE('',*,*,#4515,.T.);
#4653=ORIENTED_EDGE('',*,*,#4531,.T.);
#4654=ORIENTED_EDGE('',*,*,#4529,.T.);
#4655=ORIENTED_EDGE('',*,*,#4546,.T.);
#4656=ORIENTED_EDGE('',*,*,#4560,.T.);
#4657=ORIENTED_EDGE('',*,*,#4574,.T.);
#4658=ORIENTED_EDGE('',*,*,#4590,.T.);
#4659=ORIENTED_EDGE('',*,*,#4588,.T.);
#4660=ORIENTED_EDGE('',*,*,#4605,.T.);
#4661=ORIENTED_EDGE('',*,*,#4621,.T.);
#4662=ORIENTED_EDGE('',*,*,#4619,.T.);
#4663=ORIENTED_EDGE('',*,*,#4635,.T.);
#4664=ORIENTED_EDGE('',*,*,#4416,.T.);
#4665=EDGE_LOOP('',(#4646,#4647,#4648,#4649,#4650,#4651,#4652,#4653,#4654,#4655,
#4656,#4657,#4658,#4659,#4660,#4661,#4662,#4663,#4664));
#4666=FACE_OUTER_BOUND('',#4665,.F.);
#4668=CLOSED_SHELL('',(#4407,#4422,#4436,#4450,#4464,#4478,#4492,#4506,#4520,
#4537,#4551,#4565,#4579,#4596,#4610,#4627,#4640,#4667));
#4669=MANIFOLD_SOLID_BREP('',#4668);
#4670=FILL_AREA_STYLE_COLOUR('',#3892);
#4671=FILL_AREA_STYLE('',(#4670));
#4672=SURFACE_STYLE_FILL_AREA(#4671);
#4673=SURFACE_SIDE_STYLE('',(#4672));
#4674=SURFACE_STYLE_USAGE(.BOTH.,#4673);
#4675=PRESENTATION_STYLE_ASSIGNMENT((#4674));
#3893=STYLED_ITEM('',(#4675),#4669);
#4678=PLANE_ANGLE_MEASURE_WITH_UNIT(PLANE_ANGLE_MEASURE(1.745329251994E-2),
#4677);
#4679=(CONVERSION_BASED_UNIT('DEGREE',#4678)NAMED_UNIT(*)PLANE_ANGLE_UNIT());
#4681=UNCERTAINTY_MEASURE_WITH_UNIT(LENGTH_MEASURE(1.897235051527E-4),#4676,
'distance_accuracy_value',
'Maximum model space distance between geometric entities at asserted connectivities');
#4683=CARTESIAN_POINT('',(0.E0,0.E0,0.E0));
#4684=DIRECTION('',(0.E0,0.E0,1.E0));
#4685=DIRECTION('',(1.E0,0.E0,0.E0));
#4688=PRODUCT_DEFINITION_CONTEXT('part definition',#3094,'design');
#4689=PRODUCT_CONTEXT('',#3094,'mechanical');
#4690=PRODUCT('_MODEL15_6_1_1_1_2_3_1','_MODEL15_6_1_1_1_2_3_1','NOT SPECIFIED',
(#4689));
#4691=PRODUCT_DEFINITION_FORMATION('1','LAST_VERSION',#4690);
#4699=DERIVED_UNIT_ELEMENT(#4698,2.E0);
#4700=DERIVED_UNIT((#4699));
#4701=MEASURE_REPRESENTATION_ITEM('surface area measure',AREA_MEASURE(
1.835411273219E0),#4700);
#4706=DERIVED_UNIT_ELEMENT(#4705,3.E0);
#4707=DERIVED_UNIT((#4706));
#4708=MEASURE_REPRESENTATION_ITEM('volume measure',VOLUME_MEASURE(
3.145842773790E-2),#4707);
#4712=CARTESIAN_POINT('centre point',(-2.458106227431E0,-1.479875044624E0,
9.72E0));
#4717=DERIVED_UNIT_ELEMENT(#4716,2.E0);
#4718=DERIVED_UNIT((#4717));
#4719=MEASURE_REPRESENTATION_ITEM('surface area measure',AREA_MEASURE(
1.835411273219E0),#4718);
#4724=DERIVED_UNIT_ELEMENT(#4723,3.E0);
#4725=DERIVED_UNIT((#4724));
#4726=MEASURE_REPRESENTATION_ITEM('volume measure',VOLUME_MEASURE(
3.145842773790E-2),#4725);
#4730=CARTESIAN_POINT('centre point',(-2.458106227431E0,-1.479875044624E0,
9.72E0));
#4740=CARTESIAN_POINT('centre point',(-2.458106227431E0,-1.479875044624E0,
9.72E0));
#4744=CARTESIAN_POINT('',(0.E0,0.E0,0.E0));
#4745=DIRECTION('',(0.E0,0.E0,1.E0));
#4746=DIRECTION('',(1.E0,0.E0,0.E0));
#4747=AXIS2_PLACEMENT_3D('',#4744,#4745,#4746);
#4748=ITEM_DEFINED_TRANSFORMATION('','',#4686,#4747);
#4749=CARTESIAN_POINT('',(0.E0,0.E0,0.E0));
#4750=DIRECTION('',(0.E0,0.E0,1.E0));
#4751=DIRECTION('',(1.E0,0.E0,0.E0));
#4753=(REPRESENTATION_RELATIONSHIP('','',#4687,#4737)REPRESENTATION_RELATIONSHIP_WITH_TRANSFORMATION(#4748)SHAPE_REPRESENTATION_RELATIONSHIP());
#4754=CONTEXT_DEPENDENT_SHAPE_REPRESENTATION(#4753,#4739);
#4756=DIRECTION('',(9.702957262760E-1,-2.419218955996E-1,0.E0));
#4757=VECTOR('',#4756,9.904311089871E-1);
#4758=CARTESIAN_POINT('',(-2.641528124374E0,-6.439977611031E-1,9.74E0));
#4759=LINE('',#4758,#4757);
#4760=CURVE_STYLE('',#25,POSITIVE_LENGTH_MEASURE(2.E-2),#3892);
#4761=PRESENTATION_STYLE_ASSIGNMENT((#4760));
#4762=STYLED_ITEM('',(#4761),#4759);
#4763=DIRECTION('',(-9.702957262760E-1,2.419218955996E-1,0.E0));
#4764=VECTOR('',#4763,9.904311089871E-1);
#4765=CARTESIAN_POINT('',(-1.680517052153E0,-1.127228848526E0,9.74E0));
#4766=LINE('',#4765,#4764);
#4767=CURVE_STYLE('',#25,POSITIVE_LENGTH_MEASURE(2.E-2),#3892);
#4768=PRESENTATION_STYLE_ASSIGNMENT((#4767));
#4769=STYLED_ITEM('',(#4768),#4766);
#4770=DIRECTION('',(0.E0,-1.E0,0.E0));
#4771=VECTOR('',#4770,2.436241160760E-1);
#4772=CARTESIAN_POINT('',(-2.641528124374E0,-6.439977611031E-1,9.74E0));
#4773=LINE('',#4772,#4771);
#4774=CURVE_STYLE('',#25,POSITIVE_LENGTH_MEASURE(2.E-2),#3892);
#4775=PRESENTATION_STYLE_ASSIGNMENT((#4774));
#4776=STYLED_ITEM('',(#4775),#4773);
#4777=DIRECTION('',(4.440892098501E-14,-7.882583474838E-13,-1.E0));
#4778=VECTOR('',#4777,4.E-2);
#4779=CARTESIAN_POINT('',(-2.641528124374E0,-8.876218771791E-1,9.74E0));
#4780=LINE('',#4779,#4778);
#4781=CURVE_STYLE('',#25,POSITIVE_LENGTH_MEASURE(2.E-2),#3892);
#4782=PRESENTATION_STYLE_ASSIGNMENT((#4781));
#4783=STYLED_ITEM('',(#4782),#4780);
#4784=DIRECTION('',(2.220446049250E-14,-7.438494264988E-13,-1.E0));
#4785=VECTOR('',#4784,4.E-2);
#4786=CARTESIAN_POINT('',(-1.680517052153E0,-1.127228848526E0,9.74E0));
#4787=LINE('',#4786,#4785);
#4788=CURVE_STYLE('',#25,POSITIVE_LENGTH_MEASURE(2.E-2),#3892);
#4789=PRESENTATION_STYLE_ASSIGNMENT((#4788));
#4790=STYLED_ITEM('',(#4789),#4787);
#4791=DIRECTION('',(4.010260878138E-14,1.E0,0.E0));
#4792=VECTOR('',#4791,2.436241160759E-1);
#4793=CARTESIAN_POINT('',(-1.680517052153E0,-1.127228848526E0,9.74E0));
#4794=LINE('',#4793,#4792);
#4795=CURVE_STYLE('',#25,POSITIVE_LENGTH_MEASURE(2.E-2),#3892);
#4796=PRESENTATION_STYLE_ASSIGNMENT((#4795));
#4797=STYLED_ITEM('',(#4796),#4794);
#4798=DIRECTION('',(-1.665334536938E-14,-1.526556658860E-13,-1.E0));
#4799=VECTOR('',#4798,4.E-2);
#4800=CARTESIAN_POINT('',(-1.680517052153E0,-8.836047324501E-1,9.74E0));
#4801=LINE('',#4800,#4799);
#4802=CURVE_STYLE('',#25,POSITIVE_LENGTH_MEASURE(2.E-2),#3892);
#4803=PRESENTATION_STYLE_ASSIGNMENT((#4802));
#4804=STYLED_ITEM('',(#4803),#4801);
#4805=DIRECTION('',(3.330669073875E-14,-2.275957200482E-13,-1.E0));
#4806=VECTOR('',#4805,4.E-2);
#4807=CARTESIAN_POINT('',(-2.641528124374E0,-6.439977611031E-1,9.74E0));
#4808=LINE('',#4807,#4806);
#4809=CURVE_STYLE('',#25,POSITIVE_LENGTH_MEASURE(2.E-2),#3892);
#4810=PRESENTATION_STYLE_ASSIGNMENT((#4809));
#4811=STYLED_ITEM('',(#4810),#4808);
#4812=DIRECTION('',(9.702957262760E-1,-2.419218955996E-1,0.E0));
#4813=VECTOR('',#4812,9.904311089871E-1);
#4814=CARTESIAN_POINT('',(-2.641528124374E0,-8.876218771791E-1,9.7E0));
#4815=LINE('',#4814,#4813);
#4816=CURVE_STYLE('',#25,POSITIVE_LENGTH_MEASURE(2.E-2),#3892);
#4817=PRESENTATION_STYLE_ASSIGNMENT((#4816));
#4818=STYLED_ITEM('',(#4817),#4815);
#4819=DIRECTION('',(3.372264829343E-14,1.E0,0.E0));
#4820=VECTOR('',#4819,2.436241160760E-1);
#4821=CARTESIAN_POINT('',(-1.680517052153E0,-1.127228848526E0,9.7E0));
#4822=LINE('',#4821,#4820);
#4823=CURVE_STYLE('',#25,POSITIVE_LENGTH_MEASURE(2.E-2),#3892);
#4824=PRESENTATION_STYLE_ASSIGNMENT((#4823));
#4825=STYLED_ITEM('',(#4824),#4822);
#4826=DIRECTION('',(-9.702957262760E-1,2.419218955996E-1,0.E0));
#4827=VECTOR('',#4826,9.904311089871E-1);
#4828=CARTESIAN_POINT('',(-1.680517052153E0,-8.836047324501E-1,9.7E0));
#4829=LINE('',#4828,#4827);
#4830=CURVE_STYLE('',#25,POSITIVE_LENGTH_MEASURE(2.E-2),#3892);
#4831=PRESENTATION_STYLE_ASSIGNMENT((#4830));
#4832=STYLED_ITEM('',(#4831),#4829);
#4833=DIRECTION('',(0.E0,-1.E0,0.E0));
#4834=VECTOR('',#4833,2.436241160760E-1);
#4835=CARTESIAN_POINT('',(-2.641528124374E0,-6.439977611031E-1,9.7E0));
#4836=LINE('',#4835,#4834);
#4837=CURVE_STYLE('',#25,POSITIVE_LENGTH_MEASURE(2.E-2),#3892);
#4838=PRESENTATION_STYLE_ASSIGNMENT((#4837));
#4839=STYLED_ITEM('',(#4838),#4836);
#4840=CARTESIAN_POINT('',(-2.641528124374E0,-6.439977611031E-1,9.74E0));
#4841=CARTESIAN_POINT('',(-2.641528124374E0,-8.876218771791E-1,9.74E0));
#4842=VERTEX_POINT('',#4840);
#4843=VERTEX_POINT('',#4841);
#4844=CARTESIAN_POINT('',(-1.680517052153E0,-8.836047324501E-1,9.74E0));
#4845=VERTEX_POINT('',#4844);
#4846=CARTESIAN_POINT('',(-1.680517052153E0,-1.127228848526E0,9.74E0));
#4847=VERTEX_POINT('',#4846);
#4848=CARTESIAN_POINT('',(-2.641528124374E0,-8.876218771791E-1,9.7E0));
#4849=VERTEX_POINT('',#4848);
#4850=CARTESIAN_POINT('',(-2.641528124374E0,-6.439977611031E-1,9.7E0));
#4851=VERTEX_POINT('',#4850);
#4852=CARTESIAN_POINT('',(-1.680517052153E0,-1.127228848526E0,9.7E0));
#4853=VERTEX_POINT('',#4852);
#4854=CARTESIAN_POINT('',(-1.680517052153E0,-8.836047324501E-1,9.7E0));
#4855=VERTEX_POINT('',#4854);
#4856=CARTESIAN_POINT('',(-2.5E0,0.E0,9.74E0));
#4857=DIRECTION('',(0.E0,0.E0,1.E0));
#4858=DIRECTION('',(1.E0,0.E0,0.E0));
#4859=AXIS2_PLACEMENT_3D('',#4856,#4857,#4858);
#4860=PLANE('',#4859);
#4862=ORIENTED_EDGE('',*,*,#4861,.F.);
#4864=ORIENTED_EDGE('',*,*,#4863,.T.);
#4866=ORIENTED_EDGE('',*,*,#4865,.F.);
#4868=ORIENTED_EDGE('',*,*,#4867,.T.);
#4869=EDGE_LOOP('',(#4862,#4864,#4866,#4868));
#4870=FACE_OUTER_BOUND('',#4869,.F.);
#4872=CARTESIAN_POINT('',(-2.641528124374E0,-6.439977611031E-1,9.78E0));
#4873=DIRECTION('',(1.E0,0.E0,0.E0));
#4874=DIRECTION('',(0.E0,0.E0,-1.E0));
#4875=AXIS2_PLACEMENT_3D('',#4872,#4873,#4874);
#4876=PLANE('',#4875);
#4877=ORIENTED_EDGE('',*,*,#4861,.T.);
#4879=ORIENTED_EDGE('',*,*,#4878,.T.);
#4881=ORIENTED_EDGE('',*,*,#4880,.F.);
#4883=ORIENTED_EDGE('',*,*,#4882,.F.);
#4884=EDGE_LOOP('',(#4877,#4879,#4881,#4883));
#4885=FACE_OUTER_BOUND('',#4884,.F.);
#4887=CARTESIAN_POINT('',(-2.641528124374E0,-8.876218771791E-1,9.78E0));
#4888=DIRECTION('',(2.419218955996E-1,9.702957262760E-1,0.E0));
#4889=DIRECTION('',(-9.702957262760E-1,2.419218955996E-1,0.E0));
#4890=AXIS2_PLACEMENT_3D('',#4887,#4888,#4889);
#4891=PLANE('',#4890);
#4892=ORIENTED_EDGE('',*,*,#4867,.F.);
#4894=ORIENTED_EDGE('',*,*,#4893,.T.);
#4896=ORIENTED_EDGE('',*,*,#4895,.F.);
#4897=ORIENTED_EDGE('',*,*,#4878,.F.);
#4898=EDGE_LOOP('',(#4892,#4894,#4896,#4897));
#4899=FACE_OUTER_BOUND('',#4898,.F.);
#4901=CARTESIAN_POINT('',(-1.680517052153E0,-1.127228848526E0,9.78E0));
#4902=DIRECTION('',(-1.E0,0.E0,0.E0));
#4903=DIRECTION('',(0.E0,0.E0,1.E0));
#4904=AXIS2_PLACEMENT_3D('',#4901,#4902,#4903);
#4905=PLANE('',#4904);
#4906=ORIENTED_EDGE('',*,*,#4865,.T.);
#4908=ORIENTED_EDGE('',*,*,#4907,.T.);
#4910=ORIENTED_EDGE('',*,*,#4909,.F.);
#4911=ORIENTED_EDGE('',*,*,#4893,.F.);
#4912=EDGE_LOOP('',(#4906,#4908,#4910,#4911));
#4913=FACE_OUTER_BOUND('',#4912,.F.);
#4915=CARTESIAN_POINT('',(-1.680517052153E0,-8.836047324501E-1,9.78E0));
#4916=DIRECTION('',(-2.419218955996E-1,-9.702957262760E-1,0.E0));
#4917=DIRECTION('',(9.702957262760E-1,-2.419218955996E-1,0.E0));
#4918=AXIS2_PLACEMENT_3D('',#4915,#4916,#4917);
#4919=PLANE('',#4918);
#4920=ORIENTED_EDGE('',*,*,#4863,.F.);
#4921=ORIENTED_EDGE('',*,*,#4882,.T.);
#4923=ORIENTED_EDGE('',*,*,#4922,.F.);
#4924=ORIENTED_EDGE('',*,*,#4907,.F.);
#4925=EDGE_LOOP('',(#4920,#4921,#4923,#4924));
#4926=FACE_OUTER_BOUND('',#4925,.F.);
#4928=CARTESIAN_POINT('',(5.078622955836E1,-1.711505086975E2,9.7E0));
#4929=DIRECTION('',(0.E0,0.E0,1.E0));
#4930=DIRECTION('',(0.E0,1.E0,0.E0));
#4931=AXIS2_PLACEMENT_3D('',#4928,#4929,#4930);
#4932=PLANE('',#4931);
#4933=ORIENTED_EDGE('',*,*,#4895,.T.);
#4934=ORIENTED_EDGE('',*,*,#4909,.T.);
#4935=ORIENTED_EDGE('',*,*,#4922,.T.);
#4936=ORIENTED_EDGE('',*,*,#4880,.T.);
#4937=EDGE_LOOP('',(#4933,#4934,#4935,#4936));
#4938=FACE_OUTER_BOUND('',#4937,.F.);
#4940=CLOSED_SHELL('',(#4871,#4886,#4900,#4914,#4927,#4939));
#4941=MANIFOLD_SOLID_BREP('',#4940);
#4942=FILL_AREA_STYLE_COLOUR('',#3892);
#4943=FILL_AREA_STYLE('',(#4942));
#4944=SURFACE_STYLE_FILL_AREA(#4943);
#4945=SURFACE_SIDE_STYLE('',(#4944));
#4946=SURFACE_STYLE_USAGE(.BOTH.,#4945);
#4947=PRESENTATION_STYLE_ASSIGNMENT((#4946));
#4755=STYLED_ITEM('',(#4947),#4941);
#4950=PLANE_ANGLE_MEASURE_WITH_UNIT(PLANE_ANGLE_MEASURE(1.745329251994E-2),
#4949);
#4951=(CONVERSION_BASED_UNIT('DEGREE',#4950)NAMED_UNIT(*)PLANE_ANGLE_UNIT());
#4953=UNCERTAINTY_MEASURE_WITH_UNIT(LENGTH_MEASURE(1.076365121263E-4),#4948,
'distance_accuracy_value',
'Maximum model space distance between geometric entities at asserted connectivities');
#4955=CARTESIAN_POINT('',(0.E0,0.E0,0.E0));
#4956=DIRECTION('',(0.E0,0.E0,1.E0));
#4957=DIRECTION('',(1.E0,0.E0,0.E0));
#4960=PRODUCT_CONTEXT('',#3094,'mechanical');
#4961=PRODUCT('_MODEL15_7_1_1_1_2_3_1','_MODEL15_7_1_1_1_2_3_1','NOT SPECIFIED',
(#4960));
#4962=PRODUCT_DEFINITION_FORMATION('1','LAST_VERSION',#4961);
#4970=DERIVED_UNIT_ELEMENT(#4969,2.E0);
#4971=DERIVED_UNIT((#4970));
#4972=MEASURE_REPRESENTATION_ITEM('surface area measure',AREA_MEASURE(
5.669753640231E-1),#4971);
#4977=DERIVED_UNIT_ELEMENT(#4976,3.E0);
#4978=DERIVED_UNIT((#4977));
#4979=MEASURE_REPRESENTATION_ITEM('volume measure',VOLUME_MEASURE(
9.365018920362E-3),#4978);
#4983=CARTESIAN_POINT('centre point',(-2.161022588264E0,-8.856133048146E-1,
9.72E0));
#4988=DERIVED_UNIT_ELEMENT(#4987,2.E0);
#4989=DERIVED_UNIT((#4988));
#4990=MEASURE_REPRESENTATION_ITEM('surface area measure',AREA_MEASURE(
5.669753640231E-1),#4989);
#4995=DERIVED_UNIT_ELEMENT(#4994,3.E0);
#4996=DERIVED_UNIT((#4995));
#4997=MEASURE_REPRESENTATION_ITEM('volume measure',VOLUME_MEASURE(
9.365018920362E-3),#4996);
#5001=CARTESIAN_POINT('centre point',(-2.161022588264E0,-8.856133048146E-1,
9.72E0));
#5008=CARTESIAN_POINT('centre point',(-2.161022588264E0,-8.856133048146E-1,
9.72E0));
#5012=CARTESIAN_POINT('',(0.E0,0.E0,0.E0));
#5013=DIRECTION('',(0.E0,0.E0,1.E0));
#5014=DIRECTION('',(1.E0,0.E0,0.E0));
#5015=AXIS2_PLACEMENT_3D('',#5012,#5013,#5014);
#5016=ITEM_DEFINED_TRANSFORMATION('','',#4958,#5015);
#5017=CARTESIAN_POINT('',(0.E0,0.E0,0.E0));
#5018=DIRECTION('',(0.E0,0.E0,1.E0));
#5019=DIRECTION('',(1.E0,0.E0,0.E0));
#5021=(REPRESENTATION_RELATIONSHIP('','',#4959,#4737)REPRESENTATION_RELATIONSHIP_WITH_TRANSFORMATION(#5016)SHAPE_REPRESENTATION_RELATIONSHIP());
#5022=CONTEXT_DEPENDENT_SHAPE_REPRESENTATION(#5021,#5007);
#5024=DIRECTION('',(9.702957262760E-1,-2.419218955997E-1,0.E0));
#5025=VECTOR('',#5024,9.904311089871E-1);
#5026=CARTESIAN_POINT('',(-2.641528124374E0,-1.802216278956E-1,9.74E0));
#5027=LINE('',#5026,#5025);
#5028=CURVE_STYLE('',#25,POSITIVE_LENGTH_MEASURE(2.E-2),#3892);
#5029=PRESENTATION_STYLE_ASSIGNMENT((#5028));
#5030=STYLED_ITEM('',(#5029),#5027);
#5031=DIRECTION('',(-9.702957262760E-1,2.419218955997E-1,0.E0));
#5032=VECTOR('',#5031,9.904311089871E-1);
#5033=CARTESIAN_POINT('',(-1.680517052153E0,-6.671758702867E-1,9.74E0));
#5034=LINE('',#5033,#5032);
#5035=CURVE_STYLE('',#25,POSITIVE_LENGTH_MEASURE(2.E-2),#3892);
#5036=PRESENTATION_STYLE_ASSIGNMENT((#5035));
#5037=STYLED_ITEM('',(#5036),#5034);
#5038=DIRECTION('',(1.077244656007E-14,-1.E0,0.E0));
#5039=VECTOR('',#5038,2.473472710440E-1);
#5040=CARTESIAN_POINT('',(-2.641528124374E0,-1.802216278956E-1,9.74E0));
#5041=LINE('',#5040,#5039);
#5042=CURVE_STYLE('',#25,POSITIVE_LENGTH_MEASURE(2.E-2),#3892);
#5043=PRESENTATION_STYLE_ASSIGNMENT((#5042));
#5044=STYLED_ITEM('',(#5043),#5041);
#5045=DIRECTION('',(1.110223024625E-14,2.858824288410E-13,-1.E0));
#5046=VECTOR('',#5045,4.E-2);
#5047=CARTESIAN_POINT('',(-2.641528124374E0,-4.275688989396E-1,9.74E0));
#5048=LINE('',#5047,#5046);
#5049=CURVE_STYLE('',#25,POSITIVE_LENGTH_MEASURE(2.E-2),#3892);
#5050=PRESENTATION_STYLE_ASSIGNMENT((#5049));
#5051=STYLED_ITEM('',(#5050),#5048);
#5052=DIRECTION('',(4.996003610813E-14,4.579669976579E-13,-1.E0));
#5053=VECTOR('',#5052,4.E-2);
#5054=CARTESIAN_POINT('',(-1.680517052153E0,-6.671758702867E-1,9.74E0));
#5055=LINE('',#5054,#5053);
#5056=CURVE_STYLE('',#25,POSITIVE_LENGTH_MEASURE(2.E-2),#3892);
#5057=PRESENTATION_STYLE_ASSIGNMENT((#5056));
#5058=STYLED_ITEM('',(#5057),#5055);
#5059=DIRECTION('',(0.E0,1.E0,0.E0));
#5060=VECTOR('',#5059,2.473472710440E-1);
#5061=CARTESIAN_POINT('',(-1.680517052153E0,-6.671758702867E-1,9.74E0));
#5062=LINE('',#5061,#5060);
#5063=CURVE_STYLE('',#25,POSITIVE_LENGTH_MEASURE(2.E-2),#3892);
#5064=PRESENTATION_STYLE_ASSIGNMENT((#5063));
#5065=STYLED_ITEM('',(#5064),#5062);
#5066=DIRECTION('',(0.E0,-1.554312234475E-13,-1.E0));
#5067=VECTOR('',#5066,4.E-2);
#5068=CARTESIAN_POINT('',(-1.680517052153E0,-4.198285992427E-1,9.74E0));
#5069=LINE('',#5068,#5067);
#5070=CURVE_STYLE('',#25,POSITIVE_LENGTH_MEASURE(2.E-2),#3892);
#5071=PRESENTATION_STYLE_ASSIGNMENT((#5070));
#5072=STYLED_ITEM('',(#5071),#5069);
#5073=DIRECTION('',(3.330669073875E-14,-3.587408148320E-13,-1.E0));
#5074=VECTOR('',#5073,4.E-2);
#5075=CARTESIAN_POINT('',(-2.641528124374E0,-1.802216278956E-1,9.74E0));
#5076=LINE('',#5075,#5074);
#5077=CURVE_STYLE('',#25,POSITIVE_LENGTH_MEASURE(2.E-2),#3892);
#5078=PRESENTATION_STYLE_ASSIGNMENT((#5077));
#5079=STYLED_ITEM('',(#5078),#5076);
#5080=DIRECTION('',(9.702957262760E-1,-2.419218955997E-1,0.E0));
#5081=VECTOR('',#5080,9.904311089871E-1);
#5082=CARTESIAN_POINT('',(-2.641528124374E0,-4.275688989396E-1,9.7E0));
#5083=LINE('',#5082,#5081);
#5084=CURVE_STYLE('',#25,POSITIVE_LENGTH_MEASURE(2.E-2),#3892);
#5085=PRESENTATION_STYLE_ASSIGNMENT((#5084));
#5086=STYLED_ITEM('',(#5085),#5083);
#5087=DIRECTION('',(-1.705637372011E-14,1.E0,0.E0));
#5088=VECTOR('',#5087,2.473472710440E-1);
#5089=CARTESIAN_POINT('',(-1.680517052153E0,-6.671758702867E-1,9.7E0));
#5090=LINE('',#5089,#5088);
#5091=CURVE_STYLE('',#25,POSITIVE_LENGTH_MEASURE(2.E-2),#3892);
#5092=PRESENTATION_STYLE_ASSIGNMENT((#5091));
#5093=STYLED_ITEM('',(#5092),#5090);
#5094=DIRECTION('',(-9.702957262760E-1,2.419218955997E-1,0.E0));
#5095=VECTOR('',#5094,9.904311089871E-1);
#5096=CARTESIAN_POINT('',(-1.680517052153E0,-4.198285992427E-1,9.7E0));
#5097=LINE('',#5096,#5095);
#5098=CURVE_STYLE('',#25,POSITIVE_LENGTH_MEASURE(2.E-2),#3892);
#5099=PRESENTATION_STYLE_ASSIGNMENT((#5098));
#5100=STYLED_ITEM('',(#5099),#5097);
#5101=DIRECTION('',(0.E0,-1.E0,0.E0));
#5102=VECTOR('',#5101,2.473472710440E-1);
#5103=CARTESIAN_POINT('',(-2.641528124374E0,-1.802216278956E-1,9.7E0));
#5104=LINE('',#5103,#5102);
#5105=CURVE_STYLE('',#25,POSITIVE_LENGTH_MEASURE(2.E-2),#3892);
#5106=PRESENTATION_STYLE_ASSIGNMENT((#5105));
#5107=STYLED_ITEM('',(#5106),#5104);
#5108=CARTESIAN_POINT('',(-2.641528124374E0,-1.802216278956E-1,9.74E0));
#5109=CARTESIAN_POINT('',(-2.641528124374E0,-4.275688989396E-1,9.74E0));
#5110=VERTEX_POINT('',#5108);
#5111=VERTEX_POINT('',#5109);
#5112=CARTESIAN_POINT('',(-1.680517052153E0,-4.198285992427E-1,9.74E0));
#5113=VERTEX_POINT('',#5112);
#5114=CARTESIAN_POINT('',(-1.680517052153E0,-6.671758702867E-1,9.74E0));
#5115=VERTEX_POINT('',#5114);
#5116=CARTESIAN_POINT('',(-2.641528124374E0,-4.275688989396E-1,9.7E0));
#5117=VERTEX_POINT('',#5116);
#5118=CARTESIAN_POINT('',(-2.641528124374E0,-1.802216278956E-1,9.7E0));
#5119=VERTEX_POINT('',#5118);
#5120=CARTESIAN_POINT('',(-1.680517052153E0,-6.671758702867E-1,9.7E0));
#5121=VERTEX_POINT('',#5120);
#5122=CARTESIAN_POINT('',(-1.680517052153E0,-4.198285992427E-1,9.7E0));
#5123=VERTEX_POINT('',#5122);
#5124=CARTESIAN_POINT('',(-2.5E0,0.E0,9.74E0));
#5125=DIRECTION('',(0.E0,0.E0,1.E0));
#5126=DIRECTION('',(1.E0,0.E0,0.E0));
#5127=AXIS2_PLACEMENT_3D('',#5124,#5125,#5126);
#5128=PLANE('',#5127);
#5130=ORIENTED_EDGE('',*,*,#5129,.F.);
#5132=ORIENTED_EDGE('',*,*,#5131,.T.);
#5134=ORIENTED_EDGE('',*,*,#5133,.F.);
#5136=ORIENTED_EDGE('',*,*,#5135,.T.);
#5137=EDGE_LOOP('',(#5130,#5132,#5134,#5136));
#5138=FACE_OUTER_BOUND('',#5137,.F.);
#5140=CARTESIAN_POINT('',(-2.641528124374E0,-1.802216278956E-1,9.78E0));
#5141=DIRECTION('',(1.E0,0.E0,0.E0));
#5142=DIRECTION('',(0.E0,0.E0,-1.E0));
#5143=AXIS2_PLACEMENT_3D('',#5140,#5141,#5142);
#5144=PLANE('',#5143);
#5145=ORIENTED_EDGE('',*,*,#5129,.T.);
#5147=ORIENTED_EDGE('',*,*,#5146,.T.);
#5149=ORIENTED_EDGE('',*,*,#5148,.F.);
#5151=ORIENTED_EDGE('',*,*,#5150,.F.);
#5152=EDGE_LOOP('',(#5145,#5147,#5149,#5151));
#5153=FACE_OUTER_BOUND('',#5152,.F.);
#5155=CARTESIAN_POINT('',(-2.641528124374E0,-4.275688989396E-1,9.78E0));
#5156=DIRECTION('',(2.419218955997E-1,9.702957262760E-1,0.E0));
#5157=DIRECTION('',(-9.702957262760E-1,2.419218955997E-1,0.E0));
#5158=AXIS2_PLACEMENT_3D('',#5155,#5156,#5157);
#5159=PLANE('',#5158);
#5160=ORIENTED_EDGE('',*,*,#5135,.F.);
#5162=ORIENTED_EDGE('',*,*,#5161,.T.);
#5164=ORIENTED_EDGE('',*,*,#5163,.F.);
#5165=ORIENTED_EDGE('',*,*,#5146,.F.);
#5166=EDGE_LOOP('',(#5160,#5162,#5164,#5165));
#5167=FACE_OUTER_BOUND('',#5166,.F.);
#5169=CARTESIAN_POINT('',(-1.680517052153E0,-6.671758702867E-1,9.78E0));
#5170=DIRECTION('',(-1.E0,0.E0,0.E0));
#5171=DIRECTION('',(0.E0,0.E0,1.E0));
#5172=AXIS2_PLACEMENT_3D('',#5169,#5170,#5171);
#5173=PLANE('',#5172);
#5174=ORIENTED_EDGE('',*,*,#5133,.T.);
#5176=ORIENTED_EDGE('',*,*,#5175,.T.);
#5178=ORIENTED_EDGE('',*,*,#5177,.F.);
#5179=ORIENTED_EDGE('',*,*,#5161,.F.);
#5180=EDGE_LOOP('',(#5174,#5176,#5178,#5179));
#5181=FACE_OUTER_BOUND('',#5180,.F.);
#5183=CARTESIAN_POINT('',(-1.680517052153E0,-4.198285992427E-1,9.78E0));
#5184=DIRECTION('',(-2.419218955997E-1,-9.702957262760E-1,0.E0));
#5185=DIRECTION('',(9.702957262760E-1,-2.419218955997E-1,0.E0));
#5186=AXIS2_PLACEMENT_3D('',#5183,#5184,#5185);
#5187=PLANE('',#5186);
#5188=ORIENTED_EDGE('',*,*,#5131,.F.);
#5189=ORIENTED_EDGE('',*,*,#5150,.T.);
#5191=ORIENTED_EDGE('',*,*,#5190,.F.);
#5192=ORIENTED_EDGE('',*,*,#5175,.F.);
#5193=EDGE_LOOP('',(#5188,#5189,#5191,#5192));
#5194=FACE_OUTER_BOUND('',#5193,.F.);
#5196=CARTESIAN_POINT('',(5.078622955836E1,-1.711505086975E2,9.7E0));
#5197=DIRECTION('',(0.E0,0.E0,1.E0));
#5198=DIRECTION('',(0.E0,1.E0,0.E0));
#5199=AXIS2_PLACEMENT_3D('',#5196,#5197,#5198);
#5200=PLANE('',#5199);
#5201=ORIENTED_EDGE('',*,*,#5163,.T.);
#5202=ORIENTED_EDGE('',*,*,#5177,.T.);
#5203=ORIENTED_EDGE('',*,*,#5190,.T.);
#5204=ORIENTED_EDGE('',*,*,#5148,.T.);
#5205=EDGE_LOOP('',(#5201,#5202,#5203,#5204));
#5206=FACE_OUTER_BOUND('',#5205,.F.);
#5208=CLOSED_SHELL('',(#5139,#5154,#5168,#5182,#5195,#5207));
#5209=MANIFOLD_SOLID_BREP('',#5208);
#5210=FILL_AREA_STYLE_COLOUR('',#3892);
#5211=FILL_AREA_STYLE('',(#5210));
#5212=SURFACE_STYLE_FILL_AREA(#5211);
#5213=SURFACE_SIDE_STYLE('',(#5212));
#5214=SURFACE_STYLE_USAGE(.BOTH.,#5213);
#5215=PRESENTATION_STYLE_ASSIGNMENT((#5214));
#5023=STYLED_ITEM('',(#5215),#5209);
#5218=PLANE_ANGLE_MEASURE_WITH_UNIT(PLANE_ANGLE_MEASURE(1.745329251994E-2),
#5217);
#5219=(CONVERSION_BASED_UNIT('DEGREE',#5218)NAMED_UNIT(*)PLANE_ANGLE_UNIT());
#5221=UNCERTAINTY_MEASURE_WITH_UNIT(LENGTH_MEASURE(1.078041620549E-4),#5216,
'distance_accuracy_value',
'Maximum model space distance between geometric entities at asserted connectivities');
#5223=CARTESIAN_POINT('',(0.E0,0.E0,0.E0));
#5224=DIRECTION('',(0.E0,0.E0,1.E0));
#5225=DIRECTION('',(1.E0,0.E0,0.E0));
#5228=PRODUCT_DEFINITION_CONTEXT('part definition',#3094,'design');
#5229=PRODUCT_CONTEXT('',#3094,'mechanical');
#5230=PRODUCT('_MODEL15_8_1_1_1_2_3_1','_MODEL15_8_1_1_1_2_3_1','NOT SPECIFIED',
(#5229));
#5231=PRODUCT_DEFINITION_FORMATION('1','LAST_VERSION',#5230);
#5239=DERIVED_UNIT_ELEMENT(#5238,2.E0);
#5240=DERIVED_UNIT((#5239));
#5241=MEASURE_REPRESENTATION_ITEM('surface area measure',AREA_MEASURE(
5.744292027164E-1),#5240);
#5246=DERIVED_UNIT_ELEMENT(#5245,3.E0);
#5247=DERIVED_UNIT((#5246));
#5248=MEASURE_REPRESENTATION_ITEM('volume measure',VOLUME_MEASURE(
9.508138646277E-3),#5247);
#5252=CARTESIAN_POINT('centre point',(-2.161022588264E0,-4.236987490911E-1,
9.72E0));
#5257=DERIVED_UNIT_ELEMENT(#5256,2.E0);
#5258=DERIVED_UNIT((#5257));
#5259=MEASURE_REPRESENTATION_ITEM('surface area measure',AREA_MEASURE(
5.744292027164E-1),#5258);
#5264=DERIVED_UNIT_ELEMENT(#5263,3.E0);
#5265=DERIVED_UNIT((#5264));
#5266=MEASURE_REPRESENTATION_ITEM('volume measure',VOLUME_MEASURE(
9.508138646277E-3),#5265);
#5270=CARTESIAN_POINT('centre point',(-2.161022588264E0,-4.236987490911E-1,
9.72E0));
#5277=CARTESIAN_POINT('centre point',(-2.161022588264E0,-4.236987490911E-1,
9.72E0));
#5281=CARTESIAN_POINT('',(0.E0,0.E0,0.E0));
#5282=DIRECTION('',(0.E0,0.E0,1.E0));
#5283=DIRECTION('',(1.E0,0.E0,0.E0));
#5284=AXIS2_PLACEMENT_3D('',#5281,#5282,#5283);
#5285=ITEM_DEFINED_TRANSFORMATION('','',#5226,#5284);
#5286=CARTESIAN_POINT('',(0.E0,0.E0,0.E0));
#5287=DIRECTION('',(0.E0,0.E0,1.E0));
#5288=DIRECTION('',(1.E0,0.E0,0.E0));
#5290=(REPRESENTATION_RELATIONSHIP('','',#5227,#4737)REPRESENTATION_RELATIONSHIP_WITH_TRANSFORMATION(#5285)SHAPE_REPRESENTATION_RELATIONSHIP());
#5291=CONTEXT_DEPENDENT_SHAPE_REPRESENTATION(#5290,#5276);
#5293=CARTESIAN_POINT('',(-3.136462139134E0,2.777740388408E-1,9.74E0));
#5294=DIRECTION('',(0.E0,0.E0,-1.E0));
#5295=DIRECTION('',(-1.E0,4.132330896922E-11,0.E0));
#5296=AXIS2_PLACEMENT_3D('',#5293,#5294,#5295);
#5298=CURVE_STYLE('',#25,POSITIVE_LENGTH_MEASURE(2.E-2),#3892);
#5299=PRESENTATION_STYLE_ASSIGNMENT((#5298));
#5300=STYLED_ITEM('',(#5299),#5297);
#5301=CARTESIAN_POINT('',(-3.136462139134E0,2.777740388408E-1,9.74E0));
#5302=DIRECTION('',(0.E0,0.E0,-1.E0));
#5303=DIRECTION('',(0.E0,1.E0,0.E0));
#5304=AXIS2_PLACEMENT_3D('',#5301,#5302,#5303);
#5306=CURVE_STYLE('',#25,POSITIVE_LENGTH_MEASURE(2.E-2),#3892);
#5307=PRESENTATION_STYLE_ASSIGNMENT((#5306));
#5308=STYLED_ITEM('',(#5307),#5305);
#5309=DIRECTION('',(9.702957262760E-1,-2.419218955997E-1,0.E0));
#5310=VECTOR('',#5309,1.469265046892E0);
#5311=CARTESIAN_POINT('',(-3.106138647919E0,3.993949192471E-1,9.74E0));
#5312=LINE('',#5311,#5310);
#5313=CURVE_STYLE('',#25,POSITIVE_LENGTH_MEASURE(2.E-2),#3892);
#5314=PRESENTATION_STYLE_ASSIGNMENT((#5313));
#5315=STYLED_ITEM('',(#5314),#5312);
#5316=DIRECTION('',(-9.702957262760E-1,2.419218955997E-1,0.E0));
#5317=VECTOR('',#5316,1.170953176400E0);
#5318=CARTESIAN_POINT('',(-1.680517052153E0,-2.033997370792E-1,9.74E0));
#5319=LINE('',#5318,#5317);
#5320=CURVE_STYLE('',#25,POSITIVE_LENGTH_MEASURE(2.E-2),#3892);
#5321=PRESENTATION_STYLE_ASSIGNMENT((#5320));
#5322=STYLED_ITEM('',(#5321),#5319);
#5323=CARTESIAN_POINT('',(-2.839446760488E0,-1.140126902145E-2,9.74E0));
#5324=DIRECTION('',(0.E0,0.E0,1.E0));
#5325=DIRECTION('',(2.419218955320E-1,9.702957262929E-1,0.E0));
#5326=AXIS2_PLACEMENT_3D('',#5323,#5324,#5325);
#5328=CURVE_STYLE('',#25,POSITIVE_LENGTH_MEASURE(2.E-2),#3892);
#5329=PRESENTATION_STYLE_ASSIGNMENT((#5328));
#5330=STYLED_ITEM('',(#5329),#5327);
#5331=CARTESIAN_POINT('',(-2.839446760488E0,-1.140126902145E-2,9.74E0));
#5332=DIRECTION('',(0.E0,0.E0,1.E0));
#5333=DIRECTION('',(-1.463379147021E-13,1.E0,0.E0));
#5334=AXIS2_PLACEMENT_3D('',#5331,#5332,#5333);
#5336=CURVE_STYLE('',#25,POSITIVE_LENGTH_MEASURE(2.E-2),#3892);
#5337=PRESENTATION_STYLE_ASSIGNMENT((#5336));
#5338=STYLED_ITEM('',(#5337),#5335);
#5339=DIRECTION('',(-9.702957262760E-1,2.419218955996E-1,0.E0));
#5340=VECTOR('',#5339,3.383343117112E-1);
#5341=CARTESIAN_POINT('',(-2.933521939388E0,-8.148196424391E-1,9.74E0));
#5342=LINE('',#5341,#5340);
#5343=CURVE_STYLE('',#25,POSITIVE_LENGTH_MEASURE(2.E-2),#3892);
#5344=PRESENTATION_STYLE_ASSIGNMENT((#5343));
#5345=STYLED_ITEM('',(#5344),#5342);
#5346=DIRECTION('',(9.534306857357E-14,-1.E0,0.E0));
#5347=VECTOR('',#5346,1.010743203247E0);
#5348=CARTESIAN_POINT('',(-3.261806276094E0,2.777740388437E-1,9.74E0));
#5349=LINE('',#5348,#5347);
#5350=CURVE_STYLE('',#25,POSITIVE_LENGTH_MEASURE(2.E-2),#3892);
#5351=PRESENTATION_STYLE_ASSIGNMENT((#5350));
#5352=STYLED_ITEM('',(#5351),#5349);
#5353=DIRECTION('',(0.E0,1.859623566247E-13,-1.E0));
#5354=VECTOR('',#5353,4.E-2);
#5355=CARTESIAN_POINT('',(-3.261806276094E0,-7.329691644035E-1,9.74E0));
#5356=LINE('',#5355,#5354);
#5357=CURVE_STYLE('',#25,POSITIVE_LENGTH_MEASURE(2.E-2),#3892);
#5358=PRESENTATION_STYLE_ASSIGNMENT((#5357));
#5359=STYLED_ITEM('',(#5358),#5356);
#5360=DIRECTION('',(0.E0,1.859623566247E-13,-1.E0));
#5361=VECTOR('',#5360,4.E-2);
#5362=CARTESIAN_POINT('',(-2.933521939388E0,-8.148196424391E-1,9.74E0));
#5363=LINE('',#5362,#5361);
#5364=CURVE_STYLE('',#25,POSITIVE_LENGTH_MEASURE(2.E-2),#3892);
#5365=PRESENTATION_STYLE_ASSIGNMENT((#5364));
#5366=STYLED_ITEM('',(#5365),#5363);
#5367=DIRECTION('',(3.990852339478E-13,1.E0,0.E0));
#5368=VECTOR('',#5367,8.034183734135E-1);
#5369=CARTESIAN_POINT('',(-2.933521939388E0,-8.148196424391E-1,9.74E0));
#5370=LINE('',#5369,#5368);
#5371=CURVE_STYLE('',#25,POSITIVE_LENGTH_MEASURE(2.E-2),#3892);
#5372=PRESENTATION_STYLE_ASSIGNMENT((#5371));
#5373=STYLED_ITEM('',(#5372),#5370);
#5374=DIRECTION('',(1.868505350444E-11,-4.593894709082E-12,-1.E0));
#5375=VECTOR('',#5374,4.E-2);
#5376=CARTESIAN_POINT('',(-2.816687914883E0,7.987947501405E-2,9.74E0));
#5377=LINE('',#5376,#5375);
#5378=CURVE_STYLE('',#25,POSITIVE_LENGTH_MEASURE(2.E-2),#3892);
#5379=PRESENTATION_STYLE_ASSIGNMENT((#5378));
#5380=STYLED_ITEM('',(#5379),#5377);
#5381=DIRECTION('',(0.E0,9.846724130513E-11,1.E0));
#5382=VECTOR('',#5381,4.E-2);
#5383=CARTESIAN_POINT('',(-2.933521939388E0,-1.140126902946E-2,9.7E0));
#5384=LINE('',#5383,#5382);
#5385=CURVE_STYLE('',#25,POSITIVE_LENGTH_MEASURE(2.E-2),#3892);
#5386=PRESENTATION_STYLE_ASSIGNMENT((#5385));
#5387=STYLED_ITEM('',(#5386),#5384);
#5388=DIRECTION('',(2.775557561563E-14,-1.249000902703E-14,-1.E0));
#5389=VECTOR('',#5388,4.E-2);
#5390=CARTESIAN_POINT('',(-1.680517052153E0,-2.033997370792E-1,9.74E0));
#5391=LINE('',#5390,#5389);
#5392=CURVE_STYLE('',#25,POSITIVE_LENGTH_MEASURE(2.E-2),#3892);
#5393=PRESENTATION_STYLE_ASSIGNMENT((#5392));
#5394=STYLED_ITEM('',(#5393),#5391);
#5395=DIRECTION('',(0.E0,1.E0,0.E0));
#5396=VECTOR('',#5395,2.473472710439E-1);
#5397=CARTESIAN_POINT('',(-1.680517052153E0,-2.033997370792E-1,9.74E0));
#5398=LINE('',#5397,#5396);
#5399=CURVE_STYLE('',#25,POSITIVE_LENGTH_MEASURE(2.E-2),#3892);
#5400=PRESENTATION_STYLE_ASSIGNMENT((#5399));
#5401=STYLED_ITEM('',(#5400),#5398);
#5402=DIRECTION('',(0.E0,5.799180580190E-13,-1.E0));
#5403=VECTOR('',#5402,4.E-2);
#5404=CARTESIAN_POINT('',(-1.680517052153E0,4.394753396470E-2,9.74E0));
#5405=LINE('',#5404,#5403);
#5406=CURVE_STYLE('',#25,POSITIVE_LENGTH_MEASURE(2.E-2),#3892);
#5407=PRESENTATION_STYLE_ASSIGNMENT((#5406));
#5408=STYLED_ITEM('',(#5407),#5405);
#5409=DIRECTION('',(2.220446049250E-14,-2.590705427963E-11,-1.E0));
#5410=VECTOR('',#5409,4.E-2);
#5411=CARTESIAN_POINT('',(-3.261806276094E0,2.777740388437E-1,9.74E0));
#5412=LINE('',#5411,#5410);
#5413=CURVE_STYLE('',#25,POSITIVE_LENGTH_MEASURE(2.E-2),#3892);
#5414=PRESENTATION_STYLE_ASSIGNMENT((#5413));
#5415=STYLED_ITEM('',(#5414),#5412);
#5416=DIRECTION('',(-1.153521722586E-11,2.356448369767E-12,1.E0));
#5417=VECTOR('',#5416,4.E-2);
#5418=CARTESIAN_POINT('',(-3.106138647918E0,3.993949192470E-1,9.7E0));
#5419=LINE('',#5418,#5417);
#5420=CURVE_STYLE('',#25,POSITIVE_LENGTH_MEASURE(2.E-2),#3892);
#5421=PRESENTATION_STYLE_ASSIGNMENT((#5420));
#5422=STYLED_ITEM('',(#5421),#5419);
#5423=DIRECTION('',(9.702957262760E-1,-2.419218955996E-1,0.E0));
#5424=VECTOR('',#5423,3.383343117112E-1);
#5425=CARTESIAN_POINT('',(-3.261806276094E0,-7.329691644035E-1,9.7E0));
#5426=LINE('',#5425,#5424);
#5427=CURVE_STYLE('',#25,POSITIVE_LENGTH_MEASURE(2.E-2),#3892);
#5428=PRESENTATION_STYLE_ASSIGNMENT((#5427));
#5429=STYLED_ITEM('',(#5428),#5426);
#5430=DIRECTION('',(3.990852339498E-13,1.E0,0.E0));
#5431=VECTOR('',#5430,8.034183734096E-1);
#5432=CARTESIAN_POINT('',(-2.933521939388E0,-8.148196424391E-1,9.7E0));
#5433=LINE('',#5432,#5431);
#5434=CURVE_STYLE('',#25,POSITIVE_LENGTH_MEASURE(2.E-2),#3892);
#5435=PRESENTATION_STYLE_ASSIGNMENT((#5434));
#5436=STYLED_ITEM('',(#5435),#5433);
#5437=CARTESIAN_POINT('',(-2.839446760488E0,-1.140126902145E-2,9.7E0));
#5438=DIRECTION('',(0.E0,0.E0,-1.E0));
#5439=DIRECTION('',(-1.E0,-1.678786492209E-10,0.E0));
#5440=AXIS2_PLACEMENT_3D('',#5437,#5438,#5439);
#5442=CURVE_STYLE('',#25,POSITIVE_LENGTH_MEASURE(2.E-2),#3892);
#5443=PRESENTATION_STYLE_ASSIGNMENT((#5442));
#5444=STYLED_ITEM('',(#5443),#5441);
#5445=CARTESIAN_POINT('',(-2.839446760488E0,-1.140126902145E-2,9.7E0));
#5446=DIRECTION('',(0.E0,0.E0,-1.E0));
#5447=DIRECTION('',(-8.943606877243E-11,1.E0,0.E0));
#5448=AXIS2_PLACEMENT_3D('',#5445,#5446,#5447);
#5450=CURVE_STYLE('',#25,POSITIVE_LENGTH_MEASURE(2.E-2),#3892);
#5451=PRESENTATION_STYLE_ASSIGNMENT((#5450));
#5452=STYLED_ITEM('',(#5451),#5449);
#5453=DIRECTION('',(9.702957262760E-1,-2.419218955997E-1,0.E0));
#5454=VECTOR('',#5453,1.170953176399E0);
#5455=CARTESIAN_POINT('',(-2.816687914883E0,7.987947501387E-2,9.7E0));
#5456=LINE('',#5455,#5454);
#5457=CURVE_STYLE('',#25,POSITIVE_LENGTH_MEASURE(2.E-2),#3892);
#5458=PRESENTATION_STYLE_ASSIGNMENT((#5457));
#5459=STYLED_ITEM('',(#5458),#5456);
#5460=DIRECTION('',(0.E0,1.E0,0.E0));
#5461=VECTOR('',#5460,2.473472710439E-1);
#5462=CARTESIAN_POINT('',(-1.680517052153E0,-2.033997370792E-1,9.7E0));
#5463=LINE('',#5462,#5461);
#5464=CURVE_STYLE('',#25,POSITIVE_LENGTH_MEASURE(2.E-2),#3892);
#5465=PRESENTATION_STYLE_ASSIGNMENT((#5464));
#5466=STYLED_ITEM('',(#5465),#5463);
#5467=DIRECTION('',(-9.702957262760E-1,2.419218955997E-1,0.E0));
#5468=VECTOR('',#5467,1.469265046891E0);
#5469=CARTESIAN_POINT('',(-1.680517052153E0,4.394753396473E-2,9.7E0));
#5470=LINE('',#5469,#5468);
#5471=CURVE_STYLE('',#25,POSITIVE_LENGTH_MEASURE(2.E-2),#3892);
#5472=PRESENTATION_STYLE_ASSIGNMENT((#5471));
#5473=STYLED_ITEM('',(#5472),#5470);
#5474=CARTESIAN_POINT('',(-3.136462139134E0,2.777740388408E-1,9.7E0));
#5475=DIRECTION('',(0.E0,0.E0,1.E0));
#5476=DIRECTION('',(2.419218955951E-1,9.702957262771E-1,0.E0));
#5477=AXIS2_PLACEMENT_3D('',#5474,#5475,#5476);
#5479=CURVE_STYLE('',#25,POSITIVE_LENGTH_MEASURE(2.E-2),#3892);
#5480=PRESENTATION_STYLE_ASSIGNMENT((#5479));
#5481=STYLED_ITEM('',(#5480),#5478);
#5482=CARTESIAN_POINT('',(-3.136462139134E0,2.777740388408E-1,9.7E0));
#5483=DIRECTION('',(0.E0,0.E0,1.E0));
#5484=DIRECTION('',(0.E0,1.E0,0.E0));
#5485=AXIS2_PLACEMENT_3D('',#5482,#5483,#5484);
#5487=CURVE_STYLE('',#25,POSITIVE_LENGTH_MEASURE(2.E-2),#3892);
#5488=PRESENTATION_STYLE_ASSIGNMENT((#5487));
#5489=STYLED_ITEM('',(#5488),#5486);
#5490=DIRECTION('',(9.622180653287E-14,-1.E0,0.E0));
#5491=VECTOR('',#5490,1.010743203246E0);
#5492=CARTESIAN_POINT('',(-3.261806276094E0,2.777740388426E-1,9.7E0));
#5493=LINE('',#5492,#5491);
#5494=CURVE_STYLE('',#25,POSITIVE_LENGTH_MEASURE(2.E-2),#3892);
#5495=PRESENTATION_STYLE_ASSIGNMENT((#5494));
#5496=STYLED_ITEM('',(#5495),#5493);
#5497=CARTESIAN_POINT('',(-3.261806276094E0,2.777740388437E-1,9.74E0));
#5498=CARTESIAN_POINT('',(-3.261806276094E0,-7.329691644035E-1,9.74E0));
#5499=VERTEX_POINT('',#5497);
#5500=VERTEX_POINT('',#5498);
#5501=CARTESIAN_POINT('',(-3.136462139134E0,4.031181758010E-1,9.74E0));
#5502=VERTEX_POINT('',#5501);
#5503=CARTESIAN_POINT('',(-3.106138647920E0,3.993949192476E-1,9.74E0));
#5504=VERTEX_POINT('',#5503);
#5505=CARTESIAN_POINT('',(-1.680517052153E0,4.394753396470E-2,9.74E0));
#5506=VERTEX_POINT('',#5505);
#5507=CARTESIAN_POINT('',(-1.680517052153E0,-2.033997370792E-1,9.74E0));
#5508=VERTEX_POINT('',#5507);
#5509=CARTESIAN_POINT('',(-2.816687914883E0,7.987947501405E-2,9.74E0));
#5510=VERTEX_POINT('',#5509);
#5511=CARTESIAN_POINT('',(-2.839446760488E0,8.267390987788E-2,9.74E0));
#5512=VERTEX_POINT('',#5511);
#5513=CARTESIAN_POINT('',(-2.933521939387E0,-1.140126902739E-2,9.74E0));
#5514=VERTEX_POINT('',#5513);
#5515=CARTESIAN_POINT('',(-2.933521939388E0,-8.148196424391E-1,9.74E0));
#5516=VERTEX_POINT('',#5515);
#5517=CARTESIAN_POINT('',(-3.261806276094E0,-7.329691644035E-1,9.7E0));
#5518=VERTEX_POINT('',#5517);
#5519=CARTESIAN_POINT('',(-3.261806276094E0,2.777740388426E-1,9.7E0));
#5520=VERTEX_POINT('',#5519);
#5521=CARTESIAN_POINT('',(-2.933521939388E0,-8.148196424391E-1,9.7E0));
#5522=VERTEX_POINT('',#5521);
#5523=CARTESIAN_POINT('',(-2.933521939388E0,-1.140126902946E-2,9.7E0));
#5524=VERTEX_POINT('',#5523);
#5525=CARTESIAN_POINT('',(-2.816687914883E0,7.987947501387E-2,9.7E0));
#5526=VERTEX_POINT('',#5525);
#5527=CARTESIAN_POINT('',(-2.839446760496E0,8.267390987788E-2,9.7E0));
#5528=VERTEX_POINT('',#5527);
#5529=CARTESIAN_POINT('',(-1.680517052153E0,-2.033997370792E-1,9.7E0));
#5530=VERTEX_POINT('',#5529);
#5531=CARTESIAN_POINT('',(-1.680517052153E0,4.394753396473E-2,9.7E0));
#5532=VERTEX_POINT('',#5531);
#5533=CARTESIAN_POINT('',(-3.106138647918E0,3.993949192470E-1,9.7E0));
#5534=VERTEX_POINT('',#5533);
#5535=CARTESIAN_POINT('',(-3.136462139134E0,4.031181758010E-1,9.7E0));
#5536=VERTEX_POINT('',#5535);
#5537=CARTESIAN_POINT('',(-2.5E0,0.E0,9.74E0));
#5538=DIRECTION('',(0.E0,0.E0,1.E0));
#5539=DIRECTION('',(1.E0,0.E0,0.E0));
#5540=AXIS2_PLACEMENT_3D('',#5537,#5538,#5539);
#5541=PLANE('',#5540);
#5543=ORIENTED_EDGE('',*,*,#5542,.F.);
#5545=ORIENTED_EDGE('',*,*,#5544,.T.);
#5547=ORIENTED_EDGE('',*,*,#5546,.T.);
#5549=ORIENTED_EDGE('',*,*,#5548,.T.);
#5551=ORIENTED_EDGE('',*,*,#5550,.F.);
#5553=ORIENTED_EDGE('',*,*,#5552,.T.);
#5555=ORIENTED_EDGE('',*,*,#5554,.T.);
#5557=ORIENTED_EDGE('',*,*,#5556,.T.);
#5559=ORIENTED_EDGE('',*,*,#5558,.F.);
#5561=ORIENTED_EDGE('',*,*,#5560,.T.);
#5562=EDGE_LOOP('',(#5543,#5545,#5547,#5549,#5551,#5553,#5555,#5557,#5559,
#5561));
#5563=FACE_OUTER_BOUND('',#5562,.F.);
#5565=CARTESIAN_POINT('',(-3.261806276094E0,2.777740388408E-1,9.78E0));
#5566=DIRECTION('',(1.E0,0.E0,0.E0));
#5567=DIRECTION('',(0.E0,0.E0,-1.E0));
#5568=AXIS2_PLACEMENT_3D('',#5565,#5566,#5567);
#5569=PLANE('',#5568);
#5570=ORIENTED_EDGE('',*,*,#5542,.T.);
#5572=ORIENTED_EDGE('',*,*,#5571,.T.);
#5574=ORIENTED_EDGE('',*,*,#5573,.F.);
#5576=ORIENTED_EDGE('',*,*,#5575,.F.);
#5577=EDGE_LOOP('',(#5570,#5572,#5574,#5576));
#5578=FACE_OUTER_BOUND('',#5577,.F.);
#5580=CARTESIAN_POINT('',(-3.261806276094E0,-7.329691644035E-1,9.78E0));
#5581=DIRECTION('',(2.419218955996E-1,9.702957262760E-1,0.E0));
#5582=DIRECTION('',(-9.702957262760E-1,2.419218955996E-1,0.E0));
#5583=AXIS2_PLACEMENT_3D('',#5580,#5581,#5582);
#5584=PLANE('',#5583);
#5585=ORIENTED_EDGE('',*,*,#5560,.F.);
#5587=ORIENTED_EDGE('',*,*,#5586,.T.);
#5589=ORIENTED_EDGE('',*,*,#5588,.F.);
#5590=ORIENTED_EDGE('',*,*,#5571,.F.);
#5591=EDGE_LOOP('',(#5585,#5587,#5589,#5590));
#5592=FACE_OUTER_BOUND('',#5591,.F.);
#5594=CARTESIAN_POINT('',(-2.933521939388E0,-8.148196424391E-1,9.78E0));
#5595=DIRECTION('',(-1.E0,0.E0,0.E0));
#5596=DIRECTION('',(0.E0,0.E0,1.E0));
#5597=AXIS2_PLACEMENT_3D('',#5594,#5595,#5596);
#5598=PLANE('',#5597);
#5599=ORIENTED_EDGE('',*,*,#5558,.T.);
#5601=ORIENTED_EDGE('',*,*,#5600,.F.);
#5603=ORIENTED_EDGE('',*,*,#5602,.F.);
#5604=ORIENTED_EDGE('',*,*,#5586,.F.);
#5605=EDGE_LOOP('',(#5599,#5601,#5603,#5604));
#5606=FACE_OUTER_BOUND('',#5605,.F.);
#5608=CARTESIAN_POINT('',(-2.839446760488E0,-1.140126902145E-2,9.78E0));
#5609=DIRECTION('',(0.E0,0.E0,-1.E0));
#5610=DIRECTION('',(0.E0,-1.E0,0.E0));
#5611=AXIS2_PLACEMENT_3D('',#5608,#5609,#5610);
#5612=CYLINDRICAL_SURFACE('',#5611,9.407517889933E-2);
#5613=ORIENTED_EDGE('',*,*,#5554,.F.);
#5615=ORIENTED_EDGE('',*,*,#5614,.T.);
#5617=ORIENTED_EDGE('',*,*,#5616,.F.);
#5619=ORIENTED_EDGE('',*,*,#5618,.F.);
#5620=ORIENTED_EDGE('',*,*,#5600,.T.);
#5621=ORIENTED_EDGE('',*,*,#5556,.F.);
#5622=EDGE_LOOP('',(#5613,#5615,#5617,#5619,#5620,#5621));
#5623=FACE_OUTER_BOUND('',#5622,.F.);
#5625=CARTESIAN_POINT('',(-2.816687914880E0,7.987947501320E-2,9.78E0));
#5626=DIRECTION('',(2.419218955997E-1,9.702957262760E-1,0.E0));
#5627=DIRECTION('',(-9.702957262760E-1,2.419218955997E-1,0.E0));
#5628=AXIS2_PLACEMENT_3D('',#5625,#5626,#5627);
#5629=PLANE('',#5628);
#5630=ORIENTED_EDGE('',*,*,#5552,.F.);
#5632=ORIENTED_EDGE('',*,*,#5631,.T.);
#5634=ORIENTED_EDGE('',*,*,#5633,.F.);
#5635=ORIENTED_EDGE('',*,*,#5614,.F.);
#5636=EDGE_LOOP('',(#5630,#5632,#5634,#5635));
#5637=FACE_OUTER_BOUND('',#5636,.F.);
#5639=CARTESIAN_POINT('',(-1.680517052153E0,-2.033997370792E-1,9.78E0));
#5640=DIRECTION('',(-1.E0,0.E0,0.E0));
#5641=DIRECTION('',(0.E0,0.E0,1.E0));
#5642=AXIS2_PLACEMENT_3D('',#5639,#5640,#5641);
#5643=PLANE('',#5642);
#5644=ORIENTED_EDGE('',*,*,#5550,.T.);
#5646=ORIENTED_EDGE('',*,*,#5645,.T.);
#5648=ORIENTED_EDGE('',*,*,#5647,.F.);
#5649=ORIENTED_EDGE('',*,*,#5631,.F.);
#5650=EDGE_LOOP('',(#5644,#5646,#5648,#5649));
#5651=FACE_OUTER_BOUND('',#5650,.F.);
#5653=CARTESIAN_POINT('',(-1.680517052153E0,4.394753396474E-2,9.78E0));
#5654=DIRECTION('',(-2.419218955997E-1,-9.702957262760E-1,0.E0));
#5655=DIRECTION('',(9.702957262760E-1,-2.419218955997E-1,0.E0));
#5656=AXIS2_PLACEMENT_3D('',#5653,#5654,#5655);
#5657=PLANE('',#5656);
#5658=ORIENTED_EDGE('',*,*,#5548,.F.);
#5660=ORIENTED_EDGE('',*,*,#5659,.F.);
#5662=ORIENTED_EDGE('',*,*,#5661,.F.);
#5663=ORIENTED_EDGE('',*,*,#5645,.F.);
#5664=EDGE_LOOP('',(#5658,#5660,#5662,#5663));
#5665=FACE_OUTER_BOUND('',#5664,.F.);
#5667=CARTESIAN_POINT('',(-3.136462139134E0,2.777740388408E-1,9.78E0));
#5668=DIRECTION('',(0.E0,0.E0,-1.E0));
#5669=DIRECTION('',(0.E0,-1.E0,0.E0));
#5670=AXIS2_PLACEMENT_3D('',#5667,#5668,#5669);
#5671=CYLINDRICAL_SURFACE('',#5670,1.253441369602E-1);
#5672=ORIENTED_EDGE('',*,*,#5544,.F.);
#5673=ORIENTED_EDGE('',*,*,#5575,.T.);
#5675=ORIENTED_EDGE('',*,*,#5674,.F.);
#5677=ORIENTED_EDGE('',*,*,#5676,.F.);
#5678=ORIENTED_EDGE('',*,*,#5659,.T.);
#5679=ORIENTED_EDGE('',*,*,#5546,.F.);
#5680=EDGE_LOOP('',(#5672,#5673,#5675,#5677,#5678,#5679));
#5681=FACE_OUTER_BOUND('',#5680,.F.);
#5683=CARTESIAN_POINT('',(-2.839446760488E0,-1.140126902145E-2,9.7E0));
#5684=DIRECTION('',(0.E0,0.E0,-1.E0));
#5685=DIRECTION('',(0.E0,-1.E0,0.E0));
#5686=AXIS2_PLACEMENT_3D('',#5683,#5684,#5685);
#5687=PLANE('',#5686);
#5688=ORIENTED_EDGE('',*,*,#5588,.T.);
#5689=ORIENTED_EDGE('',*,*,#5602,.T.);
#5690=ORIENTED_EDGE('',*,*,#5618,.T.);
#5691=ORIENTED_EDGE('',*,*,#5616,.T.);
#5692=ORIENTED_EDGE('',*,*,#5633,.T.);
#5693=ORIENTED_EDGE('',*,*,#5647,.T.);
#5694=ORIENTED_EDGE('',*,*,#5661,.T.);
#5695=ORIENTED_EDGE('',*,*,#5676,.T.);
#5696=ORIENTED_EDGE('',*,*,#5674,.T.);
#5697=ORIENTED_EDGE('',*,*,#5573,.T.);
#5698=EDGE_LOOP('',(#5688,#5689,#5690,#5691,#5692,#5693,#5694,#5695,#5696,
#5697));
#5699=FACE_OUTER_BOUND('',#5698,.F.);
#5701=CLOSED_SHELL('',(#5564,#5579,#5593,#5607,#5624,#5638,#5652,#5666,#5682,
#5700));
#5702=MANIFOLD_SOLID_BREP('',#5701);
#5703=FILL_AREA_STYLE_COLOUR('',#3892);
#5704=FILL_AREA_STYLE('',(#5703));
#5705=SURFACE_STYLE_FILL_AREA(#5704);
#5706=SURFACE_SIDE_STYLE('',(#5705));
#5707=SURFACE_STYLE_USAGE(.BOTH.,#5706);
#5708=PRESENTATION_STYLE_ASSIGNMENT((#5707));
#5292=STYLED_ITEM('',(#5708),#5702);
#5711=PLANE_ANGLE_MEASURE_WITH_UNIT(PLANE_ANGLE_MEASURE(1.745329251994E-2),
#5710);
#5712=(CONVERSION_BASED_UNIT('DEGREE',#5711)NAMED_UNIT(*)PLANE_ANGLE_UNIT());
#5714=UNCERTAINTY_MEASURE_WITH_UNIT(LENGTH_MEASURE(1.996278865634E-4),#5709,
'distance_accuracy_value',
'Maximum model space distance between geometric entities at asserted connectivities');
#5716=CARTESIAN_POINT('',(0.E0,0.E0,0.E0));
#5717=DIRECTION('',(0.E0,0.E0,1.E0));
#5718=DIRECTION('',(1.E0,0.E0,0.E0));
#5721=PRODUCT_CONTEXT('',#3094,'mechanical');
#5722=PRODUCT('_MODEL15_9_1_1_1_2_3_1','_MODEL15_9_1_1_1_2_3_1','NOT SPECIFIED',
(#5721));
#5723=PRODUCT_DEFINITION_FORMATION('1','LAST_VERSION',#5722);
#5731=DERIVED_UNIT_ELEMENT(#5730,2.E0);
#5732=DERIVED_UNIT((#5731));
#5733=MEASURE_REPRESENTATION_ITEM('surface area measure',AREA_MEASURE(
1.601236273465E0),#5732);
#5738=DERIVED_UNIT_ELEMENT(#5737,3.E0);
#5739=DERIVED_UNIT((#5738));
#5740=MEASURE_REPRESENTATION_ITEM('volume measure',VOLUME_MEASURE(
2.767405451677E-2),#5739);
#5744=CARTESIAN_POINT('centre point',(-2.741487198557E0,-7.334681217861E-2,
9.72E0));
#5749=DERIVED_UNIT_ELEMENT(#5748,2.E0);
#5750=DERIVED_UNIT((#5749));
#5751=MEASURE_REPRESENTATION_ITEM('surface area measure',AREA_MEASURE(
1.601236273465E0),#5750);
#5756=DERIVED_UNIT_ELEMENT(#5755,3.E0);
#5757=DERIVED_UNIT((#5756));
#5758=MEASURE_REPRESENTATION_ITEM('volume measure',VOLUME_MEASURE(
2.767405451677E-2),#5757);
#5762=CARTESIAN_POINT('centre point',(-2.741487198557E0,-7.334681217861E-2,
9.72E0));
#5769=CARTESIAN_POINT('centre point',(-2.741487198557E0,-7.334681217861E-2,
9.72E0));
#5773=CARTESIAN_POINT('',(0.E0,0.E0,0.E0));
#5774=DIRECTION('',(0.E0,0.E0,1.E0));
#5775=DIRECTION('',(1.E0,0.E0,0.E0));
#5776=AXIS2_PLACEMENT_3D('',#5773,#5774,#5775);
#5777=ITEM_DEFINED_TRANSFORMATION('','',#5719,#5776);
#5778=CARTESIAN_POINT('',(0.E0,0.E0,0.E0));
#5779=DIRECTION('',(0.E0,0.E0,1.E0));
#5780=DIRECTION('',(1.E0,0.E0,0.E0));
#5782=(REPRESENTATION_RELATIONSHIP('','',#5720,#4737)REPRESENTATION_RELATIONSHIP_WITH_TRANSFORMATION(#5777)SHAPE_REPRESENTATION_RELATIONSHIP());
#5783=CONTEXT_DEPENDENT_SHAPE_REPRESENTATION(#5782,#5768);
#5785=DIRECTION('',(-9.702957262760E-1,2.419218955997E-1,0.E0));
#5786=VECTOR('',#5785,1.629698226138E0);
#5787=CARTESIAN_POINT('',(-1.680517052153E0,2.758356005684E-1,9.74E0));
#5788=LINE('',#5787,#5786);
#5789=CURVE_STYLE('',#25,POSITIVE_LENGTH_MEASURE(2.E-2),#3892);
#5790=PRESENTATION_STYLE_ASSIGNMENT((#5789));
#5791=STYLED_ITEM('',(#5790),#5788);
#5792=DIRECTION('',(9.702957262760E-1,-2.419218955997E-1,0.E0));
#5793=VECTOR('',#5792,1.629698226138E0);
#5794=CARTESIAN_POINT('',(-3.261806276094E0,9.174425557352E-1,9.74E0));
#5795=LINE('',#5794,#5793);
#5796=CURVE_STYLE('',#25,POSITIVE_LENGTH_MEASURE(2.E-2),#3892);
#5797=PRESENTATION_STYLE_ASSIGNMENT((#5796));
#5798=STYLED_ITEM('',(#5797),#5795);
#5799=DIRECTION('',(-8.881784197001E-14,1.179611963664E-13,-1.E0));
#5800=VECTOR('',#5799,4.E-2);
#5801=CARTESIAN_POINT('',(-1.680517052153E0,2.758356005684E-1,9.74E0));
#5802=LINE('',#5801,#5800);
#5803=CURVE_STYLE('',#25,POSITIVE_LENGTH_MEASURE(2.E-2),#3892);
#5804=PRESENTATION_STYLE_ASSIGNMENT((#5803));
#5805=STYLED_ITEM('',(#5804),#5802);
#5806=DIRECTION('',(0.E0,1.E0,0.E0));
#5807=VECTOR('',#5806,2.473472710441E-1);
#5808=CARTESIAN_POINT('',(-1.680517052153E0,2.758356005684E-1,9.74E0));
#5809=LINE('',#5808,#5807);
#5810=CURVE_STYLE('',#25,POSITIVE_LENGTH_MEASURE(2.E-2),#3892);
#5811=PRESENTATION_STYLE_ASSIGNMENT((#5810));
#5812=STYLED_ITEM('',(#5811),#5809);
#5813=DIRECTION('',(2.775557561563E-14,-1.110223024625E-14,-1.E0));
#5814=VECTOR('',#5813,4.E-2);
#5815=CARTESIAN_POINT('',(-1.680517052153E0,5.231828716125E-1,9.74E0));
#5816=LINE('',#5815,#5814);
#5817=CURVE_STYLE('',#25,POSITIVE_LENGTH_MEASURE(2.E-2),#3892);
#5818=PRESENTATION_STYLE_ASSIGNMENT((#5817));
#5819=STYLED_ITEM('',(#5818),#5816);
#5820=DIRECTION('',(1.110223024625E-13,1.249000902703E-13,-1.E0));
#5821=VECTOR('',#5820,4.E-2);
#5822=CARTESIAN_POINT('',(-3.261806276094E0,9.174425557352E-1,9.74E0));
#5823=LINE('',#5822,#5821);
#5824=CURVE_STYLE('',#25,POSITIVE_LENGTH_MEASURE(2.E-2),#3892);
#5825=PRESENTATION_STYLE_ASSIGNMENT((#5824));
#5826=STYLED_ITEM('',(#5825),#5823);
#5827=DIRECTION('',(1.077244656006E-14,-1.E0,0.E0));
#5828=VECTOR('',#5827,2.473472710441E-1);
#5829=CARTESIAN_POINT('',(-3.261806276094E0,9.174425557352E-1,9.74E0));
#5830=LINE('',#5829,#5828);
#5831=CURVE_STYLE('',#25,POSITIVE_LENGTH_MEASURE(2.E-2),#3892);
#5832=PRESENTATION_STYLE_ASSIGNMENT((#5831));
#5833=STYLED_ITEM('',(#5832),#5830);
#5834=DIRECTION('',(-3.330669073875E-14,-8.881784197001E-14,-1.E0));
#5835=VECTOR('',#5834,4.E-2);
#5836=CARTESIAN_POINT('',(-3.261806276094E0,6.700952846911E-1,9.74E0));
#5837=LINE('',#5836,#5835);
#5838=CURVE_STYLE('',#25,POSITIVE_LENGTH_MEASURE(2.E-2),#3892);
#5839=PRESENTATION_STYLE_ASSIGNMENT((#5838));
#5840=STYLED_ITEM('',(#5839),#5837);
#5841=DIRECTION('',(0.E0,1.E0,0.E0));
#5842=VECTOR('',#5841,2.473472710441E-1);
#5843=CARTESIAN_POINT('',(-1.680517052153E0,2.758356005684E-1,9.7E0));
#5844=LINE('',#5843,#5842);
#5845=CURVE_STYLE('',#25,POSITIVE_LENGTH_MEASURE(2.E-2),#3892);
#5846=PRESENTATION_STYLE_ASSIGNMENT((#5845));
#5847=STYLED_ITEM('',(#5846),#5844);
#5848=DIRECTION('',(-9.702957262760E-1,2.419218955997E-1,0.E0));
#5849=VECTOR('',#5848,1.629698226138E0);
#5850=CARTESIAN_POINT('',(-1.680517052153E0,5.231828716125E-1,9.7E0));
#5851=LINE('',#5850,#5849);
#5852=CURVE_STYLE('',#25,POSITIVE_LENGTH_MEASURE(2.E-2),#3892);
#5853=PRESENTATION_STYLE_ASSIGNMENT((#5852));
#5854=STYLED_ITEM('',(#5853),#5851);
#5855=DIRECTION('',(-1.077244656006E-14,-1.E0,0.E0));
#5856=VECTOR('',#5855,2.473472710441E-1);
#5857=CARTESIAN_POINT('',(-3.261806276094E0,9.174425557352E-1,9.7E0));
#5858=LINE('',#5857,#5856);
#5859=CURVE_STYLE('',#25,POSITIVE_LENGTH_MEASURE(2.E-2),#3892);
#5860=PRESENTATION_STYLE_ASSIGNMENT((#5859));
#5861=STYLED_ITEM('',(#5860),#5858);
#5862=DIRECTION('',(9.702957262760E-1,-2.419218955997E-1,0.E0));
#5863=VECTOR('',#5862,1.629698226138E0);
#5864=CARTESIAN_POINT('',(-3.261806276094E0,6.700952846911E-1,9.7E0));
#5865=LINE('',#5864,#5863);
#5866=CURVE_STYLE('',#25,POSITIVE_LENGTH_MEASURE(2.E-2),#3892);
#5867=PRESENTATION_STYLE_ASSIGNMENT((#5866));
#5868=STYLED_ITEM('',(#5867),#5865);
#5869=CARTESIAN_POINT('',(-1.680517052153E0,2.758356005684E-1,9.74E0));
#5870=CARTESIAN_POINT('',(-3.261806276094E0,6.700952846911E-1,9.74E0));
#5871=VERTEX_POINT('',#5869);
#5872=VERTEX_POINT('',#5870);
#5873=CARTESIAN_POINT('',(-3.261806276094E0,9.174425557352E-1,9.74E0));
#5874=VERTEX_POINT('',#5873);
#5875=CARTESIAN_POINT('',(-1.680517052153E0,5.231828716125E-1,9.74E0));
#5876=VERTEX_POINT('',#5875);
#5877=CARTESIAN_POINT('',(-1.680517052153E0,2.758356005684E-1,9.7E0));
#5878=VERTEX_POINT('',#5877);
#5879=CARTESIAN_POINT('',(-3.261806276094E0,6.700952846911E-1,9.7E0));
#5880=VERTEX_POINT('',#5879);
#5881=CARTESIAN_POINT('',(-1.680517052153E0,5.231828716125E-1,9.7E0));
#5882=VERTEX_POINT('',#5881);
#5883=CARTESIAN_POINT('',(-3.261806276094E0,9.174425557352E-1,9.7E0));
#5884=VERTEX_POINT('',#5883);
#5885=CARTESIAN_POINT('',(-2.5E0,0.E0,9.74E0));
#5886=DIRECTION('',(0.E0,0.E0,1.E0));
#5887=DIRECTION('',(1.E0,0.E0,0.E0));
#5888=AXIS2_PLACEMENT_3D('',#5885,#5886,#5887);
#5889=PLANE('',#5888);
#5891=ORIENTED_EDGE('',*,*,#5890,.T.);
#5893=ORIENTED_EDGE('',*,*,#5892,.F.);
#5895=ORIENTED_EDGE('',*,*,#5894,.T.);
#5897=ORIENTED_EDGE('',*,*,#5896,.F.);
#5898=EDGE_LOOP('',(#5891,#5893,#5895,#5897));
#5899=FACE_OUTER_BOUND('',#5898,.F.);
#5901=CARTESIAN_POINT('',(-3.261806276094E0,6.700952846911E-1,9.78E0));
#5902=DIRECTION('',(2.419218955997E-1,9.702957262760E-1,0.E0));
#5903=DIRECTION('',(-9.702957262760E-1,2.419218955997E-1,0.E0));
#5904=AXIS2_PLACEMENT_3D('',#5901,#5902,#5903);
#5905=PLANE('',#5904);
#5906=ORIENTED_EDGE('',*,*,#5890,.F.);
#5908=ORIENTED_EDGE('',*,*,#5907,.T.);
#5910=ORIENTED_EDGE('',*,*,#5909,.F.);
#5912=ORIENTED_EDGE('',*,*,#5911,.F.);
#5913=EDGE_LOOP('',(#5906,#5908,#5910,#5912));
#5914=FACE_OUTER_BOUND('',#5913,.F.);
#5916=CARTESIAN_POINT('',(-1.680517052153E0,2.758356005685E-1,9.78E0));
#5917=DIRECTION('',(-1.E0,0.E0,0.E0));
#5918=DIRECTION('',(0.E0,0.E0,1.E0));
#5919=AXIS2_PLACEMENT_3D('',#5916,#5917,#5918);
#5920=PLANE('',#5919);
#5921=ORIENTED_EDGE('',*,*,#5896,.T.);
#5923=ORIENTED_EDGE('',*,*,#5922,.T.);
#5925=ORIENTED_EDGE('',*,*,#5924,.F.);
#5926=ORIENTED_EDGE('',*,*,#5907,.F.);
#5927=EDGE_LOOP('',(#5921,#5923,#5925,#5926));
#5928=FACE_OUTER_BOUND('',#5927,.F.);
#5930=CARTESIAN_POINT('',(-1.680517052153E0,5.231828716125E-1,9.78E0));
#5931=DIRECTION('',(-2.419218955997E-1,-9.702957262760E-1,0.E0));
#5932=DIRECTION('',(9.702957262760E-1,-2.419218955997E-1,0.E0));
#5933=AXIS2_PLACEMENT_3D('',#5930,#5931,#5932);
#5934=PLANE('',#5933);
#5935=ORIENTED_EDGE('',*,*,#5894,.F.);
#5937=ORIENTED_EDGE('',*,*,#5936,.T.);
#5939=ORIENTED_EDGE('',*,*,#5938,.F.);
#5940=ORIENTED_EDGE('',*,*,#5922,.F.);
#5941=EDGE_LOOP('',(#5935,#5937,#5939,#5940));
#5942=FACE_OUTER_BOUND('',#5941,.F.);
#5944=CARTESIAN_POINT('',(-3.261806276094E0,9.174425557351E-1,9.78E0));
#5945=DIRECTION('',(1.E0,0.E0,0.E0));
#5946=DIRECTION('',(0.E0,0.E0,-1.E0));
#5947=AXIS2_PLACEMENT_3D('',#5944,#5945,#5946);
#5948=PLANE('',#5947);
#5949=ORIENTED_EDGE('',*,*,#5892,.T.);
#5950=ORIENTED_EDGE('',*,*,#5911,.T.);
#5952=ORIENTED_EDGE('',*,*,#5951,.F.);
#5953=ORIENTED_EDGE('',*,*,#5936,.F.);
#5954=EDGE_LOOP('',(#5949,#5950,#5952,#5953));
#5955=FACE_OUTER_BOUND('',#5954,.F.);
#5957=CARTESIAN_POINT('',(5.078622955836E1,-1.711505086975E2,9.7E0));
#5958=DIRECTION('',(0.E0,0.E0,1.E0));
#5959=DIRECTION('',(0.E0,1.E0,0.E0));
#5960=AXIS2_PLACEMENT_3D('',#5957,#5958,#5959);
#5961=PLANE('',#5960);
#5962=ORIENTED_EDGE('',*,*,#5924,.T.);
#5963=ORIENTED_EDGE('',*,*,#5938,.T.);
#5964=ORIENTED_EDGE('',*,*,#5951,.T.);
#5965=ORIENTED_EDGE('',*,*,#5909,.T.);
#5966=EDGE_LOOP('',(#5962,#5963,#5964,#5965));
#5967=FACE_OUTER_BOUND('',#5966,.F.);
#5969=CLOSED_SHELL('',(#5900,#5915,#5929,#5943,#5956,#5968));
#5970=MANIFOLD_SOLID_BREP('',#5969);
#5971=FILL_AREA_STYLE_COLOUR('',#3892);
#5972=FILL_AREA_STYLE('',(#5971));
#5973=SURFACE_STYLE_FILL_AREA(#5972);
#5974=SURFACE_SIDE_STYLE('',(#5973));
#5975=SURFACE_STYLE_USAGE(.BOTH.,#5974);
#5976=PRESENTATION_STYLE_ASSIGNMENT((#5975));
#5784=STYLED_ITEM('',(#5976),#5970);
#5979=PLANE_ANGLE_MEASURE_WITH_UNIT(PLANE_ANGLE_MEASURE(1.745329251994E-2),
#5978);
#5980=(CONVERSION_BASED_UNIT('DEGREE',#5979)NAMED_UNIT(*)PLANE_ANGLE_UNIT());
#5982=UNCERTAINTY_MEASURE_WITH_UNIT(LENGTH_MEASURE(1.706898356823E-4),#5977,
'distance_accuracy_value',
'Maximum model space distance between geometric entities at asserted connectivities');
#5984=CARTESIAN_POINT('',(0.E0,0.E0,0.E0));
#5985=DIRECTION('',(0.E0,0.E0,1.E0));
#5986=DIRECTION('',(1.E0,0.E0,0.E0));
#5989=PRODUCT_DEFINITION_CONTEXT('part definition',#3094,'design');
#5990=PRODUCT_CONTEXT('',#3094,'mechanical');
#5991=PRODUCT('_MODEL15_10_1_1_1_2_1','_MODEL15_10_1_1_1_2_1','NOT SPECIFIED',(
#5990));
#5992=PRODUCT_DEFINITION_FORMATION('1','LAST_VERSION',#5991);
#6000=DERIVED_UNIT_ELEMENT(#5999,2.E0);
#6001=DERIVED_UNIT((#6000));
#6002=MEASURE_REPRESENTATION_ITEM('surface area measure',AREA_MEASURE(
9.324187883211E-1),#6001);
#6007=DERIVED_UNIT_ELEMENT(#6006,3.E0);
#6008=DERIVED_UNIT((#6007));
#6009=MEASURE_REPRESENTATION_ITEM('volume measure',VOLUME_MEASURE(
1.564510297093E-2),#6008);
#6013=CARTESIAN_POINT('centre point',(-2.471161664124E0,5.966390781518E-1,
9.72E0));
#6018=DERIVED_UNIT_ELEMENT(#6017,2.E0);
#6019=DERIVED_UNIT((#6018));
#6020=MEASURE_REPRESENTATION_ITEM('surface area measure',AREA_MEASURE(
9.324187883211E-1),#6019);
#6025=DERIVED_UNIT_ELEMENT(#6024,3.E0);
#6026=DERIVED_UNIT((#6025));
#6027=MEASURE_REPRESENTATION_ITEM('volume measure',VOLUME_MEASURE(
1.564510297093E-2),#6026);
#6031=CARTESIAN_POINT('centre point',(-2.471161664124E0,5.966390781518E-1,
9.72E0));
#6038=CARTESIAN_POINT('centre point',(-2.471161664124E0,5.966390781518E-1,
9.72E0));
#6042=CARTESIAN_POINT('',(0.E0,0.E0,0.E0));
#6043=DIRECTION('',(0.E0,0.E0,1.E0));
#6044=DIRECTION('',(1.E0,0.E0,0.E0));
#6045=AXIS2_PLACEMENT_3D('',#6042,#6043,#6044);
#6046=ITEM_DEFINED_TRANSFORMATION('','',#5987,#6045);
#6047=CARTESIAN_POINT('',(0.E0,0.E0,0.E0));
#6048=DIRECTION('',(0.E0,0.E0,1.E0));
#6049=DIRECTION('',(1.E0,0.E0,0.E0));
#6051=(REPRESENTATION_RELATIONSHIP('','',#5988,#4737)REPRESENTATION_RELATIONSHIP_WITH_TRANSFORMATION(#6046)SHAPE_REPRESENTATION_RELATIONSHIP());
#6052=CONTEXT_DEPENDENT_SHAPE_REPRESENTATION(#6051,#6037);
#6054=DIRECTION('',(9.702957262760E-1,-2.419218955997E-1,0.E0));
#6055=VECTOR('',#6054,9.904311089871E-1);
#6056=CARTESIAN_POINT('',(-2.641528124374E0,1.242025180607E0,9.74E0));
#6057=LINE('',#6056,#6055);
#6058=CURVE_STYLE('',#25,POSITIVE_LENGTH_MEASURE(2.E-2),#3892);
#6059=PRESENTATION_STYLE_ASSIGNMENT((#6058));
#6060=STYLED_ITEM('',(#6059),#6057);
#6061=DIRECTION('',(-9.702957262760E-1,2.419218955997E-1,0.E0));
#6062=VECTOR('',#6061,9.904311089871E-1);
#6063=CARTESIAN_POINT('',(-1.680517052153E0,7.561959003438E-1,9.74E0));
#6064=LINE('',#6063,#6062);
#6065=CURVE_STYLE('',#25,POSITIVE_LENGTH_MEASURE(2.E-2),#3892);
#6066=PRESENTATION_STYLE_ASSIGNMENT((#6065));
#6067=STYLED_ITEM('',(#6066),#6064);
#6068=DIRECTION('',(-3.787582631283E-14,-1.E0,0.E0));
#6069=VECTOR('',#6068,2.462223089161E-1);
#6070=CARTESIAN_POINT('',(-2.641528124374E0,1.242025180607E0,9.74E0));
#6071=LINE('',#6070,#6069);
#6072=CURVE_STYLE('',#25,POSITIVE_LENGTH_MEASURE(2.E-2),#3892);
#6073=PRESENTATION_STYLE_ASSIGNMENT((#6072));
#6074=STYLED_ITEM('',(#6073),#6071);
#6075=DIRECTION('',(2.220446049250E-14,2.303712776097E-13,-1.E0));
#6076=VECTOR('',#6075,4.E-2);
#6077=CARTESIAN_POINT('',(-2.641528124374E0,9.958028716909E-1,9.74E0));
#6078=LINE('',#6077,#6076);
#6079=CURVE_STYLE('',#25,POSITIVE_LENGTH_MEASURE(2.E-2),#3892);
#6080=PRESENTATION_STYLE_ASSIGNMENT((#6079));
#6081=STYLED_ITEM('',(#6080),#6078);
#6082=DIRECTION('',(-3.330669073875E-14,4.524158825347E-13,-1.E0));
#6083=VECTOR('',#6082,4.E-2);
#6084=CARTESIAN_POINT('',(-1.680517052153E0,7.561959003438E-1,9.74E0));
#6085=LINE('',#6084,#6083);
#6086=CURVE_STYLE('',#25,POSITIVE_LENGTH_MEASURE(2.E-2),#3892);
#6087=PRESENTATION_STYLE_ASSIGNMENT((#6086));
#6088=STYLED_ITEM('',(#6087),#6085);
#6089=DIRECTION('',(0.E0,1.E0,0.E0));
#6090=VECTOR('',#6089,2.462223089162E-1);
#6091=CARTESIAN_POINT('',(-1.680517052153E0,7.561959003438E-1,9.74E0));
#6092=LINE('',#6091,#6090);
#6093=CURVE_STYLE('',#25,POSITIVE_LENGTH_MEASURE(2.E-2),#3892);
#6094=PRESENTATION_STYLE_ASSIGNMENT((#6093));
#6095=STYLED_ITEM('',(#6094),#6092);
#6096=DIRECTION('',(-2.220446049250E-14,9.159339953157E-13,-1.E0));
#6097=VECTOR('',#6096,4.E-2);
#6098=CARTESIAN_POINT('',(-1.680517052153E0,1.002418209260E0,9.74E0));
#6099=LINE('',#6098,#6097);
#6100=CURVE_STYLE('',#25,POSITIVE_LENGTH_MEASURE(2.E-2),#3892);
#6101=PRESENTATION_STYLE_ASSIGNMENT((#6100));
#6102=STYLED_ITEM('',(#6101),#6099);
#6103=DIRECTION('',(0.E0,7.271960811295E-13,-1.E0));
#6104=VECTOR('',#6103,4.E-2);
#6105=CARTESIAN_POINT('',(-2.641528124374E0,1.242025180607E0,9.74E0));
#6106=LINE('',#6105,#6104);
#6107=CURVE_STYLE('',#25,POSITIVE_LENGTH_MEASURE(2.E-2),#3892);
#6108=PRESENTATION_STYLE_ASSIGNMENT((#6107));
#6109=STYLED_ITEM('',(#6108),#6106);
#6110=DIRECTION('',(9.702957262760E-1,-2.419218955997E-1,0.E0));
#6111=VECTOR('',#6110,9.904311089871E-1);
#6112=CARTESIAN_POINT('',(-2.641528124374E0,9.958028716909E-1,9.7E0));
#6113=LINE('',#6112,#6111);
#6114=CURVE_STYLE('',#25,POSITIVE_LENGTH_MEASURE(2.E-2),#3892);
#6115=PRESENTATION_STYLE_ASSIGNMENT((#6114));
#6116=STYLED_ITEM('',(#6115),#6113);
#6117=DIRECTION('',(0.E0,1.E0,0.E0));
#6118=VECTOR('',#6117,2.462223089162E-1);
#6119=CARTESIAN_POINT('',(-1.680517052153E0,7.561959003438E-1,9.7E0));
#6120=LINE('',#6119,#6118);
#6121=CURVE_STYLE('',#25,POSITIVE_LENGTH_MEASURE(2.E-2),#3892);
#6122=PRESENTATION_STYLE_ASSIGNMENT((#6121));
#6123=STYLED_ITEM('',(#6122),#6120);
#6124=DIRECTION('',(-9.702957262760E-1,2.419218955997E-1,0.E0));
#6125=VECTOR('',#6124,9.904311089871E-1);
#6126=CARTESIAN_POINT('',(-1.680517052153E0,1.002418209260E0,9.7E0));
#6127=LINE('',#6126,#6125);
#6128=CURVE_STYLE('',#25,POSITIVE_LENGTH_MEASURE(2.E-2),#3892);
#6129=PRESENTATION_STYLE_ASSIGNMENT((#6128));
#6130=STYLED_ITEM('',(#6129),#6127);
#6131=DIRECTION('',(-3.246499398242E-14,-1.E0,0.E0));
#6132=VECTOR('',#6131,2.462223089161E-1);
#6133=CARTESIAN_POINT('',(-2.641528124374E0,1.242025180607E0,9.7E0));
#6134=LINE('',#6133,#6132);
#6135=CURVE_STYLE('',#25,POSITIVE_LENGTH_MEASURE(2.E-2),#3892);
#6136=PRESENTATION_STYLE_ASSIGNMENT((#6135));
#6137=STYLED_ITEM('',(#6136),#6134);
#6138=CARTESIAN_POINT('',(-2.641528124374E0,1.242025180607E0,9.74E0));
#6139=CARTESIAN_POINT('',(-2.641528124374E0,9.958028716909E-1,9.74E0));
#6140=VERTEX_POINT('',#6138);
#6141=VERTEX_POINT('',#6139);
#6142=CARTESIAN_POINT('',(-1.680517052153E0,1.002418209260E0,9.74E0));
#6143=VERTEX_POINT('',#6142);
#6144=CARTESIAN_POINT('',(-1.680517052153E0,7.561959003438E-1,9.74E0));
#6145=VERTEX_POINT('',#6144);
#6146=CARTESIAN_POINT('',(-2.641528124374E0,9.958028716909E-1,9.7E0));
#6147=VERTEX_POINT('',#6146);
#6148=CARTESIAN_POINT('',(-2.641528124374E0,1.242025180607E0,9.7E0));
#6149=VERTEX_POINT('',#6148);
#6150=CARTESIAN_POINT('',(-1.680517052153E0,7.561959003438E-1,9.7E0));
#6151=VERTEX_POINT('',#6150);
#6152=CARTESIAN_POINT('',(-1.680517052153E0,1.002418209260E0,9.7E0));
#6153=VERTEX_POINT('',#6152);
#6154=CARTESIAN_POINT('',(-2.5E0,0.E0,9.74E0));
#6155=DIRECTION('',(0.E0,0.E0,1.E0));
#6156=DIRECTION('',(1.E0,0.E0,0.E0));
#6157=AXIS2_PLACEMENT_3D('',#6154,#6155,#6156);
#6158=PLANE('',#6157);
#6160=ORIENTED_EDGE('',*,*,#6159,.F.);
#6162=ORIENTED_EDGE('',*,*,#6161,.T.);
#6164=ORIENTED_EDGE('',*,*,#6163,.F.);
#6166=ORIENTED_EDGE('',*,*,#6165,.T.);
#6167=EDGE_LOOP('',(#6160,#6162,#6164,#6166));
#6168=FACE_OUTER_BOUND('',#6167,.F.);
#6170=CARTESIAN_POINT('',(-2.641528124374E0,1.242025180607E0,9.78E0));
#6171=DIRECTION('',(1.E0,0.E0,0.E0));
#6172=DIRECTION('',(0.E0,0.E0,-1.E0));
#6173=AXIS2_PLACEMENT_3D('',#6170,#6171,#6172);
#6174=PLANE('',#6173);
#6175=ORIENTED_EDGE('',*,*,#6159,.T.);
#6177=ORIENTED_EDGE('',*,*,#6176,.T.);
#6179=ORIENTED_EDGE('',*,*,#6178,.F.);
#6181=ORIENTED_EDGE('',*,*,#6180,.F.);
#6182=EDGE_LOOP('',(#6175,#6177,#6179,#6181));
#6183=FACE_OUTER_BOUND('',#6182,.F.);
#6185=CARTESIAN_POINT('',(-2.641528124374E0,9.958028716909E-1,9.78E0));
#6186=DIRECTION('',(2.419218955997E-1,9.702957262760E-1,0.E0));
#6187=DIRECTION('',(-9.702957262760E-1,2.419218955997E-1,0.E0));
#6188=AXIS2_PLACEMENT_3D('',#6185,#6186,#6187);
#6189=PLANE('',#6188);
#6190=ORIENTED_EDGE('',*,*,#6165,.F.);
#6192=ORIENTED_EDGE('',*,*,#6191,.T.);
#6194=ORIENTED_EDGE('',*,*,#6193,.F.);
#6195=ORIENTED_EDGE('',*,*,#6176,.F.);
#6196=EDGE_LOOP('',(#6190,#6192,#6194,#6195));
#6197=FACE_OUTER_BOUND('',#6196,.F.);
#6199=CARTESIAN_POINT('',(-1.680517052153E0,7.561959003438E-1,9.78E0));
#6200=DIRECTION('',(-1.E0,0.E0,0.E0));
#6201=DIRECTION('',(0.E0,0.E0,1.E0));
#6202=AXIS2_PLACEMENT_3D('',#6199,#6200,#6201);
#6203=PLANE('',#6202);
#6204=ORIENTED_EDGE('',*,*,#6163,.T.);
#6206=ORIENTED_EDGE('',*,*,#6205,.T.);
#6208=ORIENTED_EDGE('',*,*,#6207,.F.);
#6209=ORIENTED_EDGE('',*,*,#6191,.F.);
#6210=EDGE_LOOP('',(#6204,#6206,#6208,#6209));
#6211=FACE_OUTER_BOUND('',#6210,.F.);
#6213=CARTESIAN_POINT('',(-1.680517052153E0,1.002418209260E0,9.78E0));
#6214=DIRECTION('',(-2.419218955997E-1,-9.702957262760E-1,0.E0));
#6215=DIRECTION('',(9.702957262760E-1,-2.419218955997E-1,0.E0));
#6216=AXIS2_PLACEMENT_3D('',#6213,#6214,#6215);
#6217=PLANE('',#6216);
#6218=ORIENTED_EDGE('',*,*,#6161,.F.);
#6219=ORIENTED_EDGE('',*,*,#6180,.T.);
#6221=ORIENTED_EDGE('',*,*,#6220,.F.);
#6222=ORIENTED_EDGE('',*,*,#6205,.F.);
#6223=EDGE_LOOP('',(#6218,#6219,#6221,#6222));
#6224=FACE_OUTER_BOUND('',#6223,.F.);
#6226=CARTESIAN_POINT('',(5.078622955836E1,-1.711505086975E2,9.7E0));
#6227=DIRECTION('',(0.E0,0.E0,1.E0));
#6228=DIRECTION('',(0.E0,1.E0,0.E0));
#6229=AXIS2_PLACEMENT_3D('',#6226,#6227,#6228);
#6230=PLANE('',#6229);
#6231=ORIENTED_EDGE('',*,*,#6193,.T.);
#6232=ORIENTED_EDGE('',*,*,#6207,.T.);
#6233=ORIENTED_EDGE('',*,*,#6220,.T.);
#6234=ORIENTED_EDGE('',*,*,#6178,.T.);
#6235=EDGE_LOOP('',(#6231,#6232,#6233,#6234));
#6236=FACE_OUTER_BOUND('',#6235,.F.);
#6238=CLOSED_SHELL('',(#6169,#6184,#6198,#6212,#6225,#6237));
#6239=MANIFOLD_SOLID_BREP('',#6238);
#6240=FILL_AREA_STYLE_COLOUR('',#3892);
#6241=FILL_AREA_STYLE('',(#6240));
#6242=SURFACE_STYLE_FILL_AREA(#6241);
#6243=SURFACE_SIDE_STYLE('',(#6242));
#6244=SURFACE_STYLE_USAGE(.BOTH.,#6243);
#6245=PRESENTATION_STYLE_ASSIGNMENT((#6244));
#6053=STYLED_ITEM('',(#6245),#6239);
#6248=PLANE_ANGLE_MEASURE_WITH_UNIT(PLANE_ANGLE_MEASURE(1.745329251994E-2),
#6247);
#6249=(CONVERSION_BASED_UNIT('DEGREE',#6248)NAMED_UNIT(*)PLANE_ANGLE_UNIT());
#6251=UNCERTAINTY_MEASURE_WITH_UNIT(LENGTH_MEASURE(1.077533980235E-4),#6246,
'distance_accuracy_value',
'Maximum model space distance between geometric entities at asserted connectivities');
#6253=CARTESIAN_POINT('',(0.E0,0.E0,0.E0));
#6254=DIRECTION('',(0.E0,0.E0,1.E0));
#6255=DIRECTION('',(1.E0,0.E0,0.E0));
#6258=PRODUCT_CONTEXT('',#3094,'mechanical');
#6259=PRODUCT('_MODEL15_11_1_1_1_2_1','_MODEL15_11_1_1_1_2_1','NOT SPECIFIED',(
#6258));
#6260=PRODUCT_DEFINITION_FORMATION('1','LAST_VERSION',#6259);
#6268=DERIVED_UNIT_ELEMENT(#6267,2.E0);
#6269=DERIVED_UNIT((#6268));
#6270=MEASURE_REPRESENTATION_ITEM('surface area measure',AREA_MEASURE(
5.721770036247E-1),#6269);
#6275=DERIVED_UNIT_ELEMENT(#6274,3.E0);
#6276=DERIVED_UNIT((#6275));
#6277=MEASURE_REPRESENTATION_ITEM('volume measure',VOLUME_MEASURE(
9.464894603850E-3),#6276);
#6281=CARTESIAN_POINT('centre point',(-2.161022588263E0,9.991105404754E-1,
9.72E0));
#6286=DERIVED_UNIT_ELEMENT(#6285,2.E0);
#6287=DERIVED_UNIT((#6286));
#6288=MEASURE_REPRESENTATION_ITEM('surface area measure',AREA_MEASURE(
5.721770036247E-1),#6287);
#6293=DERIVED_UNIT_ELEMENT(#6292,3.E0);
#6294=DERIVED_UNIT((#6293));
#6295=MEASURE_REPRESENTATION_ITEM('volume measure',VOLUME_MEASURE(
9.464894603850E-3),#6294);
#6299=CARTESIAN_POINT('centre point',(-2.161022588263E0,9.991105404754E-1,
9.72E0));
#6306=CARTESIAN_POINT('centre point',(-2.161022588263E0,9.991105404754E-1,
9.72E0));
#6310=CARTESIAN_POINT('',(0.E0,0.E0,0.E0));
#6311=DIRECTION('',(0.E0,0.E0,1.E0));
#6312=DIRECTION('',(1.E0,0.E0,0.E0));
#6313=AXIS2_PLACEMENT_3D('',#6310,#6311,#6312);
#6314=ITEM_DEFINED_TRANSFORMATION('','',#6256,#6313);
#6315=CARTESIAN_POINT('',(0.E0,0.E0,0.E0));
#6316=DIRECTION('',(0.E0,0.E0,1.E0));
#6317=DIRECTION('',(1.E0,0.E0,0.E0));
#6319=(REPRESENTATION_RELATIONSHIP('','',#6257,#4737)REPRESENTATION_RELATIONSHIP_WITH_TRANSFORMATION(#6314)SHAPE_REPRESENTATION_RELATIONSHIP());
#6320=CONTEXT_DEPENDENT_SHAPE_REPRESENTATION(#6319,#6305);
#6322=CARTESIAN_POINT('',(-3.142802884081E0,1.708136630781E0,9.74E0));
#6323=DIRECTION('',(0.E0,0.E0,-1.E0));
#6324=DIRECTION('',(-1.E0,-1.088304749339E-10,0.E0));
#6325=AXIS2_PLACEMENT_3D('',#6322,#6323,#6324);
#6327=CURVE_STYLE('',#25,POSITIVE_LENGTH_MEASURE(2.E-2),#3892);
#6328=PRESENTATION_STYLE_ASSIGNMENT((#6327));
#6329=STYLED_ITEM('',(#6328),#6326);
#6330=CARTESIAN_POINT('',(-3.142802884081E0,1.708136630781E0,9.74E0));
#6331=DIRECTION('',(0.E0,0.E0,-1.E0));
#6332=DIRECTION('',(0.E0,1.E0,0.E0));
#6333=AXIS2_PLACEMENT_3D('',#6330,#6331,#6332);
#6335=CURVE_STYLE('',#25,POSITIVE_LENGTH_MEASURE(2.E-2),#3892);
#6336=PRESENTATION_STYLE_ASSIGNMENT((#6335));
#6337=STYLED_ITEM('',(#6336),#6334);
#6338=DIRECTION('',(9.702957262760E-1,-2.419218955995E-1,0.E0));
#6339=VECTOR('',#6338,1.477380830316E0);
#6340=CARTESIAN_POINT('',(-3.114013357890E0,1.823605113460E0,9.74E0));
#6341=LINE('',#6340,#6339);
#6342=CURVE_STYLE('',#25,POSITIVE_LENGTH_MEASURE(2.E-2),#3892);
#6343=PRESENTATION_STYLE_ASSIGNMENT((#6342));
#6344=STYLED_ITEM('',(#6343),#6341);
#6345=DIRECTION('',(-9.702957262760E-1,2.419218955995E-1,0.E0));
#6346=VECTOR('',#6345,1.186817753610E0);
#6347=CARTESIAN_POINT('',(-1.680517052153E0,1.218847071424E0,9.74E0));
#6348=LINE('',#6347,#6346);
#6349=CURVE_STYLE('',#25,POSITIVE_LENGTH_MEASURE(2.E-2),#3892);
#6350=PRESENTATION_STYLE_ASSIGNMENT((#6349));
#6351=STYLED_ITEM('',(#6350),#6348);
#6352=CARTESIAN_POINT('',(-2.851507321637E0,1.428050539777E0,9.74E0));
#6353=DIRECTION('',(0.E0,0.E0,1.E0));
#6354=DIRECTION('',(2.419218958587E-1,9.702957262114E-1,0.E0));
#6355=AXIS2_PLACEMENT_3D('',#6352,#6353,#6354);
#6357=CURVE_STYLE('',#25,POSITIVE_LENGTH_MEASURE(2.E-2),#3892);
#6358=PRESENTATION_STYLE_ASSIGNMENT((#6357));
#6359=STYLED_ITEM('',(#6358),#6356);
#6360=CARTESIAN_POINT('',(-2.851507321637E0,1.428050539777E0,9.74E0));
#6361=DIRECTION('',(0.E0,0.E0,1.E0));
#6362=DIRECTION('',(-3.152355486156E-13,1.E0,0.E0));
#6363=AXIS2_PLACEMENT_3D('',#6360,#6361,#6362);
#6365=CURVE_STYLE('',#25,POSITIVE_LENGTH_MEASURE(2.E-2),#3892);
#6366=PRESENTATION_STYLE_ASSIGNMENT((#6365));
#6367=STYLED_ITEM('',(#6366),#6364);
#6368=DIRECTION('',(-9.702957262761E-1,2.419218955994E-1,0.E0));
#6369=VECTOR('',#6368,3.401024976854E-1);
#6370=CARTESIAN_POINT('',(-2.931806276094E0,1.068177343528E0,9.74E0));
#6371=LINE('',#6370,#6369);
#6372=CURVE_STYLE('',#25,POSITIVE_LENGTH_MEASURE(2.E-2),#3892);
#6373=PRESENTATION_STYLE_ASSIGNMENT((#6372));
#6374=STYLED_ITEM('',(#6373),#6371);
#6375=DIRECTION('',(-4.331948015053E-13,-1.E0,0.E0));
#6376=VECTOR('',#6375,5.576810463075E-1);
#6377=CARTESIAN_POINT('',(-3.261806276094E0,1.708136630774E0,9.74E0));
#6378=LINE('',#6377,#6376);
#6379=CURVE_STYLE('',#25,POSITIVE_LENGTH_MEASURE(2.E-2),#3892);
#6380=PRESENTATION_STYLE_ASSIGNMENT((#6379));
#6381=STYLED_ITEM('',(#6380),#6378);
#6382=DIRECTION('',(1.110223024625E-14,-1.532107773983E-12,-1.E0));
#6383=VECTOR('',#6382,4.E-2);
#6384=CARTESIAN_POINT('',(-3.261806276094E0,1.150455584466E0,9.74E0));
#6385=LINE('',#6384,#6383);
#6386=CURVE_STYLE('',#25,POSITIVE_LENGTH_MEASURE(2.E-2),#3892);
#6387=PRESENTATION_STYLE_ASSIGNMENT((#6386));
#6388=STYLED_ITEM('',(#6387),#6385);
#6389=DIRECTION('',(-5.551115123126E-14,-1.515454428613E-12,-1.E0));
#6390=VECTOR('',#6389,4.E-2);
#6391=CARTESIAN_POINT('',(-2.931806276094E0,1.068177343528E0,9.74E0));
#6392=LINE('',#6391,#6390);
#6393=CURVE_STYLE('',#25,POSITIVE_LENGTH_MEASURE(2.E-2),#3892);
#6394=PRESENTATION_STYLE_ASSIGNMENT((#6393));
#6395=STYLED_ITEM('',(#6394),#6392);
#6396=DIRECTION('',(3.368863131605E-13,1.E0,0.E0));
#6397=VECTOR('',#6396,3.598731962474E-1);
#6398=CARTESIAN_POINT('',(-2.931806276094E0,1.068177343528E0,9.74E0));
#6399=LINE('',#6398,#6397);
#6400=CURVE_STYLE('',#25,POSITIVE_LENGTH_MEASURE(2.E-2),#3892);
#6401=PRESENTATION_STYLE_ASSIGNMENT((#6400));
#6402=STYLED_ITEM('',(#6401),#6399);
#6403=DIRECTION('',(-6.150635556423E-11,1.615374500830E-11,-1.E0));
#6404=VECTOR('',#6403,4.E-2);
#6405=CARTESIAN_POINT('',(-2.832081246349E0,1.505964272108E0,9.74E0));
#6406=LINE('',#6405,#6404);
#6407=CURVE_STYLE('',#25,POSITIVE_LENGTH_MEASURE(2.E-2),#3892);
#6408=PRESENTATION_STYLE_ASSIGNMENT((#6407));
#6409=STYLED_ITEM('',(#6408),#6406);
#6410=DIRECTION('',(0.E0,2.593480985524E-11,1.E0));
#6411=VECTOR('',#6410,4.E-2);
#6412=CARTESIAN_POINT('',(-2.931806276094E0,1.428050539774E0,9.7E0));
#6413=LINE('',#6412,#6411);
#6414=CURVE_STYLE('',#25,POSITIVE_LENGTH_MEASURE(2.E-2),#3892);
#6415=PRESENTATION_STYLE_ASSIGNMENT((#6414));
#6416=STYLED_ITEM('',(#6415),#6413);
#6417=DIRECTION('',(-2.442490654175E-13,5.107025913276E-13,-1.E0));
#6418=VECTOR('',#6417,4.E-2);
#6419=CARTESIAN_POINT('',(-1.680517052153E0,1.218847071424E0,9.74E0));
#6420=LINE('',#6419,#6418);
#6421=CURVE_STYLE('',#25,POSITIVE_LENGTH_MEASURE(2.E-2),#3892);
#6422=PRESENTATION_STYLE_ASSIGNMENT((#6421));
#6423=STYLED_ITEM('',(#6422),#6420);
#6424=DIRECTION('',(1.642798100409E-13,1.E0,0.E0));
#6425=VECTOR('',#6424,2.473472710442E-1);
#6426=CARTESIAN_POINT('',(-1.680517052153E0,1.218847071424E0,9.74E0));
#6427=LINE('',#6426,#6425);
#6428=CURVE_STYLE('',#25,POSITIVE_LENGTH_MEASURE(2.E-2),#3892);
#6429=PRESENTATION_STYLE_ASSIGNMENT((#6428));
#6430=STYLED_ITEM('',(#6429),#6427);
#6431=DIRECTION('',(8.881784197001E-14,-1.970645868710E-12,-1.E0));
#6432=VECTOR('',#6431,4.E-2);
#6433=CARTESIAN_POINT('',(-1.680517052153E0,1.466194342468E0,9.74E0));
#6434=LINE('',#6433,#6432);
#6435=CURVE_STYLE('',#25,POSITIVE_LENGTH_MEASURE(2.E-2),#3892);
#6436=PRESENTATION_STYLE_ASSIGNMENT((#6435));
#6437=STYLED_ITEM('',(#6436),#6434);
#6438=DIRECTION('',(7.771561172376E-14,6.017408793468E-11,-1.E0));
#6439=VECTOR('',#6438,4.E-2);
#6440=CARTESIAN_POINT('',(-3.261806276094E0,1.708136630774E0,9.74E0));
#6441=LINE('',#6440,#6439);
#6442=CURVE_STYLE('',#25,POSITIVE_LENGTH_MEASURE(2.E-2),#3892);
#6443=PRESENTATION_STYLE_ASSIGNMENT((#6442));
#6444=STYLED_ITEM('',(#6443),#6441);
#6445=DIRECTION('',(1.323940956865E-10,-3.199662756970E-11,1.E0));
#6446=VECTOR('',#6445,4.E-2);
#6447=CARTESIAN_POINT('',(-3.114013357896E0,1.823605113462E0,9.7E0));
#6448=LINE('',#6447,#6446);
#6449=CURVE_STYLE('',#25,POSITIVE_LENGTH_MEASURE(2.E-2),#3892);
#6450=PRESENTATION_STYLE_ASSIGNMENT((#6449));
#6451=STYLED_ITEM('',(#6450),#6448);
#6452=DIRECTION('',(9.702957262761E-1,-2.419218955994E-1,0.E0));
#6453=VECTOR('',#6452,3.401024976854E-1);
#6454=CARTESIAN_POINT('',(-3.261806276094E0,1.150455584466E0,9.7E0));
#6455=LINE('',#6454,#6453);
#6456=CURVE_STYLE('',#25,POSITIVE_LENGTH_MEASURE(2.E-2),#3892);
#6457=PRESENTATION_STYLE_ASSIGNMENT((#6456));
#6458=STYLED_ITEM('',(#6457),#6455);
#6459=DIRECTION('',(3.442904079561E-13,1.E0,0.E0));
#6460=VECTOR('',#6459,3.598731962464E-1);
#6461=CARTESIAN_POINT('',(-2.931806276094E0,1.068177343528E0,9.7E0));
#6462=LINE('',#6461,#6460);
#6463=CURVE_STYLE('',#25,POSITIVE_LENGTH_MEASURE(2.E-2),#3892);
#6464=PRESENTATION_STYLE_ASSIGNMENT((#6463));
#6465=STYLED_ITEM('',(#6464),#6462);
#6466=CARTESIAN_POINT('',(-2.851507321637E0,1.428050539777E0,9.7E0));
#6467=DIRECTION('',(0.E0,0.E0,-1.E0));
#6468=DIRECTION('',(-1.E0,-5.342966026624E-11,0.E0));
#6469=AXIS2_PLACEMENT_3D('',#6466,#6467,#6468);
#6471=CURVE_STYLE('',#25,POSITIVE_LENGTH_MEASURE(2.E-2),#3892);
#6472=PRESENTATION_STYLE_ASSIGNMENT((#6471));
#6473=STYLED_ITEM('',(#6472),#6470);
#6474=CARTESIAN_POINT('',(-2.851507321637E0,1.428050539777E0,9.7E0));
#6475=DIRECTION('',(0.E0,0.E0,-1.E0));
#6476=DIRECTION('',(-2.798959844813E-11,1.E0,0.E0));
#6477=AXIS2_PLACEMENT_3D('',#6474,#6475,#6476);
#6479=CURVE_STYLE('',#25,POSITIVE_LENGTH_MEASURE(2.E-2),#3892);
#6480=PRESENTATION_STYLE_ASSIGNMENT((#6479));
#6481=STYLED_ITEM('',(#6480),#6478);
#6482=DIRECTION('',(9.702957262760E-1,-2.419218955995E-1,0.E0));
#6483=VECTOR('',#6482,1.186817753613E0);
#6484=CARTESIAN_POINT('',(-2.832081246352E0,1.505964272109E0,9.7E0));
#6485=LINE('',#6484,#6483);
#6486=CURVE_STYLE('',#25,POSITIVE_LENGTH_MEASURE(2.E-2),#3892);
#6487=PRESENTATION_STYLE_ASSIGNMENT((#6486));
#6488=STYLED_ITEM('',(#6487),#6485);
#6489=DIRECTION('',(2.172443389613E-13,1.E0,0.E0));
#6490=VECTOR('',#6489,2.473472710441E-1);
#6491=CARTESIAN_POINT('',(-1.680517052153E0,1.218847071424E0,9.7E0));
#6492=LINE('',#6491,#6490);
#6493=CURVE_STYLE('',#25,POSITIVE_LENGTH_MEASURE(2.E-2),#3892);
#6494=PRESENTATION_STYLE_ASSIGNMENT((#6493));
#6495=STYLED_ITEM('',(#6494),#6492);
#6496=DIRECTION('',(-9.702957262760E-1,2.419218955995E-1,0.E0));
#6497=VECTOR('',#6496,1.477380830321E0);
#6498=CARTESIAN_POINT('',(-1.680517052153E0,1.466194342468E0,9.7E0));
#6499=LINE('',#6498,#6497);
#6500=CURVE_STYLE('',#25,POSITIVE_LENGTH_MEASURE(2.E-2),#3892);
#6501=PRESENTATION_STYLE_ASSIGNMENT((#6500));
#6502=STYLED_ITEM('',(#6501),#6499);
#6503=CARTESIAN_POINT('',(-3.142802884081E0,1.708136630781E0,9.7E0));
#6504=DIRECTION('',(0.E0,0.E0,1.E0));
#6505=DIRECTION('',(2.419218957283E-1,9.702957262439E-1,0.E0));
#6506=AXIS2_PLACEMENT_3D('',#6503,#6504,#6505);
#6508=CURVE_STYLE('',#25,POSITIVE_LENGTH_MEASURE(2.E-2),#3892);
#6509=PRESENTATION_STYLE_ASSIGNMENT((#6508));
#6510=STYLED_ITEM('',(#6509),#6507);
#6511=CARTESIAN_POINT('',(-3.142802884081E0,1.708136630781E0,9.7E0));
#6512=DIRECTION('',(0.E0,0.E0,1.E0));
#6513=DIRECTION('',(0.E0,1.E0,0.E0));
#6514=AXIS2_PLACEMENT_3D('',#6511,#6512,#6513);
#6516=CURVE_STYLE('',#25,POSITIVE_LENGTH_MEASURE(2.E-2),#3892);
#6517=PRESENTATION_STYLE_ASSIGNMENT((#6516));
#6518=STYLED_ITEM('',(#6517),#6515);
#6519=DIRECTION('',(-4.339911154767E-13,-1.E0,0.E0));
#6520=VECTOR('',#6519,5.576810463099E-1);
#6521=CARTESIAN_POINT('',(-3.261806276094E0,1.708136630776E0,9.7E0));
#6522=LINE('',#6521,#6520);
#6523=CURVE_STYLE('',#25,POSITIVE_LENGTH_MEASURE(2.E-2),#3892);
#6524=PRESENTATION_STYLE_ASSIGNMENT((#6523));
#6525=STYLED_ITEM('',(#6524),#6522);
#6526=CARTESIAN_POINT('',(-3.261806276094E0,1.708136630774E0,9.74E0));
#6527=CARTESIAN_POINT('',(-3.261806276094E0,1.150455584466E0,9.74E0));
#6528=VERTEX_POINT('',#6526);
#6529=VERTEX_POINT('',#6527);
#6530=CARTESIAN_POINT('',(-3.142802884081E0,1.827140022793E0,9.74E0));
#6531=VERTEX_POINT('',#6530);
#6532=CARTESIAN_POINT('',(-3.114013357876E0,1.823605113457E0,9.74E0));
#6533=VERTEX_POINT('',#6532);
#6534=CARTESIAN_POINT('',(-1.680517052153E0,1.466194342468E0,9.74E0));
#6535=VERTEX_POINT('',#6534);
#6536=CARTESIAN_POINT('',(-1.680517052153E0,1.218847071424E0,9.74E0));
#6537=VERTEX_POINT('',#6536);
#6538=CARTESIAN_POINT('',(-2.832081246349E0,1.505964272108E0,9.74E0));
#6539=VERTEX_POINT('',#6538);
#6540=CARTESIAN_POINT('',(-2.851507321637E0,1.508349494234E0,9.74E0));
#6541=VERTEX_POINT('',#6540);
#6542=CARTESIAN_POINT('',(-2.931806276094E0,1.428050539775E0,9.74E0));
#6543=VERTEX_POINT('',#6542);
#6544=CARTESIAN_POINT('',(-2.931806276094E0,1.068177343528E0,9.74E0));
#6545=VERTEX_POINT('',#6544);
#6546=CARTESIAN_POINT('',(-3.261806276094E0,1.150455584466E0,9.7E0));
#6547=VERTEX_POINT('',#6546);
#6548=CARTESIAN_POINT('',(-3.261806276094E0,1.708136630776E0,9.7E0));
#6549=VERTEX_POINT('',#6548);
#6550=CARTESIAN_POINT('',(-2.931806276094E0,1.068177343528E0,9.7E0));
#6551=VERTEX_POINT('',#6550);
#6552=CARTESIAN_POINT('',(-2.931806276094E0,1.428050539774E0,9.7E0));
#6553=VERTEX_POINT('',#6552);
#6554=CARTESIAN_POINT('',(-2.832081246352E0,1.505964272109E0,9.7E0));
#6555=VERTEX_POINT('',#6554);
#6556=CARTESIAN_POINT('',(-2.851507321639E0,1.508349494234E0,9.7E0));
#6557=VERTEX_POINT('',#6556);
#6558=CARTESIAN_POINT('',(-1.680517052153E0,1.218847071424E0,9.7E0));
#6559=VERTEX_POINT('',#6558);
#6560=CARTESIAN_POINT('',(-1.680517052153E0,1.466194342468E0,9.7E0));
#6561=VERTEX_POINT('',#6560);
#6562=CARTESIAN_POINT('',(-3.114013357896E0,1.823605113462E0,9.7E0));
#6563=VERTEX_POINT('',#6562);
#6564=CARTESIAN_POINT('',(-3.142802884081E0,1.827140022793E0,9.7E0));
#6565=VERTEX_POINT('',#6564);
#6566=CARTESIAN_POINT('',(-2.5E0,0.E0,9.74E0));
#6567=DIRECTION('',(0.E0,0.E0,1.E0));
#6568=DIRECTION('',(1.E0,0.E0,0.E0));
#6569=AXIS2_PLACEMENT_3D('',#6566,#6567,#6568);
#6570=PLANE('',#6569);
#6572=ORIENTED_EDGE('',*,*,#6571,.F.);
#6574=ORIENTED_EDGE('',*,*,#6573,.T.);
#6576=ORIENTED_EDGE('',*,*,#6575,.T.);
#6578=ORIENTED_EDGE('',*,*,#6577,.T.);
#6580=ORIENTED_EDGE('',*,*,#6579,.F.);
#6582=ORIENTED_EDGE('',*,*,#6581,.T.);
#6584=ORIENTED_EDGE('',*,*,#6583,.T.);
#6586=ORIENTED_EDGE('',*,*,#6585,.T.);
#6588=ORIENTED_EDGE('',*,*,#6587,.F.);
#6590=ORIENTED_EDGE('',*,*,#6589,.T.);
#6591=EDGE_LOOP('',(#6572,#6574,#6576,#6578,#6580,#6582,#6584,#6586,#6588,
#6590));
#6592=FACE_OUTER_BOUND('',#6591,.F.);
#6594=CARTESIAN_POINT('',(-3.261806276094E0,1.708136630781E0,9.78E0));
#6595=DIRECTION('',(1.E0,0.E0,0.E0));
#6596=DIRECTION('',(0.E0,0.E0,-1.E0));
#6597=AXIS2_PLACEMENT_3D('',#6594,#6595,#6596);
#6598=PLANE('',#6597);
#6599=ORIENTED_EDGE('',*,*,#6571,.T.);
#6601=ORIENTED_EDGE('',*,*,#6600,.T.);
#6603=ORIENTED_EDGE('',*,*,#6602,.F.);
#6605=ORIENTED_EDGE('',*,*,#6604,.F.);
#6606=EDGE_LOOP('',(#6599,#6601,#6603,#6605));
#6607=FACE_OUTER_BOUND('',#6606,.F.);
#6609=CARTESIAN_POINT('',(-3.261806276094E0,1.150455584466E0,9.78E0));
#6610=DIRECTION('',(2.419218955997E-1,9.702957262760E-1,0.E0));
#6611=DIRECTION('',(-9.702957262760E-1,2.419218955997E-1,0.E0));
#6612=AXIS2_PLACEMENT_3D('',#6609,#6610,#6611);
#6613=PLANE('',#6612);
#6614=ORIENTED_EDGE('',*,*,#6589,.F.);
#6616=ORIENTED_EDGE('',*,*,#6615,.T.);
#6618=ORIENTED_EDGE('',*,*,#6617,.F.);
#6619=ORIENTED_EDGE('',*,*,#6600,.F.);
#6620=EDGE_LOOP('',(#6614,#6616,#6618,#6619));
#6621=FACE_OUTER_BOUND('',#6620,.F.);
#6623=CARTESIAN_POINT('',(-2.931806276094E0,1.068177343528E0,9.78E0));
#6624=DIRECTION('',(-1.E0,0.E0,0.E0));
#6625=DIRECTION('',(0.E0,0.E0,1.E0));
#6626=AXIS2_PLACEMENT_3D('',#6623,#6624,#6625);
#6627=PLANE('',#6626);
#6628=ORIENTED_EDGE('',*,*,#6587,.T.);
#6630=ORIENTED_EDGE('',*,*,#6629,.F.);
#6632=ORIENTED_EDGE('',*,*,#6631,.F.);
#6633=ORIENTED_EDGE('',*,*,#6615,.F.);
#6634=EDGE_LOOP('',(#6628,#6630,#6632,#6633));
#6635=FACE_OUTER_BOUND('',#6634,.F.);
#6637=CARTESIAN_POINT('',(-2.851507321637E0,1.428050539777E0,9.78E0));
#6638=DIRECTION('',(0.E0,0.E0,-1.E0));
#6639=DIRECTION('',(0.E0,-1.E0,0.E0));
#6640=AXIS2_PLACEMENT_3D('',#6637,#6638,#6639);
#6641=CYLINDRICAL_SURFACE('',#6640,8.029895445681E-2);
#6642=ORIENTED_EDGE('',*,*,#6583,.F.);
#6644=ORIENTED_EDGE('',*,*,#6643,.T.);
#6646=ORIENTED_EDGE('',*,*,#6645,.F.);
#6648=ORIENTED_EDGE('',*,*,#6647,.F.);
#6649=ORIENTED_EDGE('',*,*,#6629,.T.);
#6650=ORIENTED_EDGE('',*,*,#6585,.F.);
#6651=EDGE_LOOP('',(#6642,#6644,#6646,#6648,#6649,#6650));
#6652=FACE_OUTER_BOUND('',#6651,.F.);
#6654=CARTESIAN_POINT('',(-2.832081246360E0,1.505964272111E0,9.78E0));
#6655=DIRECTION('',(2.419218955997E-1,9.702957262760E-1,0.E0));
#6656=DIRECTION('',(-9.702957262760E-1,2.419218955997E-1,0.E0));
#6657=AXIS2_PLACEMENT_3D('',#6654,#6655,#6656);
#6658=PLANE('',#6657);
#6659=ORIENTED_EDGE('',*,*,#6581,.F.);
#6661=ORIENTED_EDGE('',*,*,#6660,.T.);
#6663=ORIENTED_EDGE('',*,*,#6662,.F.);
#6664=ORIENTED_EDGE('',*,*,#6643,.F.);
#6665=EDGE_LOOP('',(#6659,#6661,#6663,#6664));
#6666=FACE_OUTER_BOUND('',#6665,.F.);
#6668=CARTESIAN_POINT('',(-1.680517052153E0,1.218847071424E0,9.78E0));
#6669=DIRECTION('',(-1.E0,0.E0,0.E0));
#6670=DIRECTION('',(0.E0,0.E0,1.E0));
#6671=AXIS2_PLACEMENT_3D('',#6668,#6669,#6670);
#6672=PLANE('',#6671);
#6673=ORIENTED_EDGE('',*,*,#6579,.T.);
#6675=ORIENTED_EDGE('',*,*,#6674,.T.);
#6677=ORIENTED_EDGE('',*,*,#6676,.F.);
#6678=ORIENTED_EDGE('',*,*,#6660,.F.);
#6679=EDGE_LOOP('',(#6673,#6675,#6677,#6678));
#6680=FACE_OUTER_BOUND('',#6679,.F.);
#6682=CARTESIAN_POINT('',(-1.680517052153E0,1.466194342468E0,9.78E0));
#6683=DIRECTION('',(-2.419218955997E-1,-9.702957262760E-1,0.E0));
#6684=DIRECTION('',(9.702957262760E-1,-2.419218955997E-1,0.E0));
#6685=AXIS2_PLACEMENT_3D('',#6682,#6683,#6684);
#6686=PLANE('',#6685);
#6687=ORIENTED_EDGE('',*,*,#6577,.F.);
#6689=ORIENTED_EDGE('',*,*,#6688,.F.);
#6691=ORIENTED_EDGE('',*,*,#6690,.F.);
#6692=ORIENTED_EDGE('',*,*,#6674,.F.);
#6693=EDGE_LOOP('',(#6687,#6689,#6691,#6692));
#6694=FACE_OUTER_BOUND('',#6693,.F.);
#6696=CARTESIAN_POINT('',(-3.142802884081E0,1.708136630781E0,9.78E0));
#6697=DIRECTION('',(0.E0,0.E0,-1.E0));
#6698=DIRECTION('',(0.E0,-1.E0,0.E0));
#6699=AXIS2_PLACEMENT_3D('',#6696,#6697,#6698);
#6700=CYLINDRICAL_SURFACE('',#6699,1.190033920125E-1);
#6701=ORIENTED_EDGE('',*,*,#6573,.F.);
#6702=ORIENTED_EDGE('',*,*,#6604,.T.);
#6704=ORIENTED_EDGE('',*,*,#6703,.F.);
#6706=ORIENTED_EDGE('',*,*,#6705,.F.);
#6707=ORIENTED_EDGE('',*,*,#6688,.T.);
#6708=ORIENTED_EDGE('',*,*,#6575,.F.);
#6709=EDGE_LOOP('',(#6701,#6702,#6704,#6706,#6707,#6708));
#6710=FACE_OUTER_BOUND('',#6709,.F.);
#6712=CARTESIAN_POINT('',(-2.851507321637E0,1.428050539777E0,9.7E0));
#6713=DIRECTION('',(0.E0,0.E0,-1.E0));
#6714=DIRECTION('',(0.E0,-1.E0,0.E0));
#6715=AXIS2_PLACEMENT_3D('',#6712,#6713,#6714);
#6716=PLANE('',#6715);
#6717=ORIENTED_EDGE('',*,*,#6617,.T.);
#6718=ORIENTED_EDGE('',*,*,#6631,.T.);
#6719=ORIENTED_EDGE('',*,*,#6647,.T.);
#6720=ORIENTED_EDGE('',*,*,#6645,.T.);
#6721=ORIENTED_EDGE('',*,*,#6662,.T.);
#6722=ORIENTED_EDGE('',*,*,#6676,.T.);
#6723=ORIENTED_EDGE('',*,*,#6690,.T.);
#6724=ORIENTED_EDGE('',*,*,#6705,.T.);
#6725=ORIENTED_EDGE('',*,*,#6703,.T.);
#6726=ORIENTED_EDGE('',*,*,#6602,.T.);
#6727=EDGE_LOOP('',(#6717,#6718,#6719,#6720,#6721,#6722,#6723,#6724,#6725,
#6726));
#6728=FACE_OUTER_BOUND('',#6727,.F.);
#6730=CLOSED_SHELL('',(#6593,#6608,#6622,#6636,#6653,#6667,#6681,#6695,#6711,
#6729));
#6731=MANIFOLD_SOLID_BREP('',#6730);
#6732=FILL_AREA_STYLE_COLOUR('',#3892);
#6733=FILL_AREA_STYLE('',(#6732));
#6734=SURFACE_STYLE_FILL_AREA(#6733);
#6735=SURFACE_SIDE_STYLE('',(#6734));
#6736=SURFACE_STYLE_USAGE(.BOTH.,#6735);
#6737=PRESENTATION_STYLE_ASSIGNMENT((#6736));
#6321=STYLED_ITEM('',(#6737),#6731);
#6740=PLANE_ANGLE_MEASURE_WITH_UNIT(PLANE_ANGLE_MEASURE(1.745329251994E-2),
#6739);
#6741=(CONVERSION_BASED_UNIT('DEGREE',#6740)NAMED_UNIT(*)PLANE_ANGLE_UNIT());
#6743=UNCERTAINTY_MEASURE_WITH_UNIT(LENGTH_MEASURE(1.754381291282E-4),#6738,
'distance_accuracy_value',
'Maximum model space distance between geometric entities at asserted connectivities');
#6745=CARTESIAN_POINT('',(0.E0,0.E0,0.E0));
#6746=DIRECTION('',(0.E0,0.E0,1.E0));
#6747=DIRECTION('',(1.E0,0.E0,0.E0));
#6750=PRODUCT_DEFINITION_CONTEXT('part definition',#3094,'design');
#6751=PRODUCT_CONTEXT('',#3094,'mechanical');
#6752=PRODUCT('_MODEL15_12_1_1_1_2_1','_MODEL15_12_1_1_1_2_1','NOT SPECIFIED',(
#6751));
#6753=PRODUCT_DEFINITION_FORMATION('1','LAST_VERSION',#6752);
#6761=DERIVED_UNIT_ELEMENT(#6760,2.E0);
#6762=DERIVED_UNIT((#6761));
#6763=MEASURE_REPRESENTATION_ITEM('surface area measure',AREA_MEASURE(
1.263098665632E0),#6762);
#6768=DERIVED_UNIT_ELEMENT(#6767,3.E0);
#6769=DERIVED_UNIT((#6768));
#6770=MEASURE_REPRESENTATION_ITEM('volume measure',VOLUME_MEASURE(
2.163720152186E-2),#6769);
#6774=CARTESIAN_POINT('centre point',(-2.642315515369E0,1.480611558031E0,
9.72E0));
#6779=DERIVED_UNIT_ELEMENT(#6778,2.E0);
#6780=DERIVED_UNIT((#6779));
#6781=MEASURE_REPRESENTATION_ITEM('surface area measure',AREA_MEASURE(
1.263098665632E0),#6780);
#6786=DERIVED_UNIT_ELEMENT(#6785,3.E0);
#6787=DERIVED_UNIT((#6786));
#6788=MEASURE_REPRESENTATION_ITEM('volume measure',VOLUME_MEASURE(
2.163720152186E-2),#6787);
#6792=CARTESIAN_POINT('centre point',(-2.642315515369E0,1.480611558031E0,
9.72E0));
#6799=CARTESIAN_POINT('centre point',(-2.642315515369E0,1.480611558031E0,
9.72E0));
#6803=CARTESIAN_POINT('',(0.E0,0.E0,0.E0));
#6804=DIRECTION('',(0.E0,0.E0,1.E0));
#6805=DIRECTION('',(1.E0,0.E0,0.E0));
#6806=AXIS2_PLACEMENT_3D('',#6803,#6804,#6805);
#6807=ITEM_DEFINED_TRANSFORMATION('','',#6748,#6806);
#6808=CARTESIAN_POINT('',(0.E0,0.E0,0.E0));
#6809=DIRECTION('',(0.E0,0.E0,1.E0));
#6810=DIRECTION('',(1.E0,0.E0,0.E0));
#6812=(REPRESENTATION_RELATIONSHIP('','',#6749,#4737)REPRESENTATION_RELATIONSHIP_WITH_TRANSFORMATION(#6807)SHAPE_REPRESENTATION_RELATIONSHIP());
#6813=CONTEXT_DEPENDENT_SHAPE_REPRESENTATION(#6812,#6798);
#6816=PLANE_ANGLE_MEASURE_WITH_UNIT(PLANE_ANGLE_MEASURE(1.745329251994E-2),
#6815);
#6817=(CONVERSION_BASED_UNIT('DEGREE',#6816)NAMED_UNIT(*)PLANE_ANGLE_UNIT());
#6819=UNCERTAINTY_MEASURE_WITH_UNIT(LENGTH_MEASURE(4.159214984649E-4),#6814,
'distance_accuracy_value',
'Maximum model space distance between geometric entities at asserted connectivities');
#6821=CARTESIAN_POINT('',(0.E0,0.E0,0.E0));
#6822=DIRECTION('',(0.E0,0.E0,1.E0));
#6823=DIRECTION('',(1.E0,0.E0,0.E0));
#6825=PRODUCT_CONTEXT('',#3094,'mechanical');
#6826=PRODUCT('_MODEL15_ASM_1_ASM_1_1_2_ASM_1_ASM',
'_MODEL15_ASM_1_ASM_1_1_2_ASM_1_ASM','NOT SPECIFIED',(#6825));
#6827=PRODUCT_DEFINITION_FORMATION('1','LAST_VERSION',#6826);
#6830=DERIVED_UNIT_ELEMENT(#6829,2.E0);
#6831=DERIVED_UNIT((#6830));
#6832=MEASURE_REPRESENTATION_ITEM('surface area measure',AREA_MEASURE(
7.345746571001E0),#6831);
#6837=DERIVED_UNIT_ELEMENT(#6836,3.E0);
#6838=DERIVED_UNIT((#6837));
#6839=MEASURE_REPRESENTATION_ITEM('volume measure',VOLUME_MEASURE(
1.247528389180E-1),#6838);
#6843=CARTESIAN_POINT('centre point',(-2.487071948342E0,-8.079552570472E-2,
9.72E0));
#6852=CARTESIAN_POINT('centre point',(-2.487071948342E0,-8.079552570472E-2,
9.72E0));
#6856=CARTESIAN_POINT('',(0.E0,0.E0,0.E0));
#6857=DIRECTION('',(0.E0,0.E0,1.E0));
#6858=DIRECTION('',(1.E0,0.E0,0.E0));
#6859=AXIS2_PLACEMENT_3D('',#6856,#6857,#6858);
#6860=ITEM_DEFINED_TRANSFORMATION('','',#4752,#6859);
#6861=CARTESIAN_POINT('',(0.E0,0.E0,0.E0));
#6862=DIRECTION('',(0.E0,0.E0,1.E0));
#6863=DIRECTION('',(1.E0,0.E0,0.E0));
#6865=(REPRESENTATION_RELATIONSHIP('','',#4737,#6849)REPRESENTATION_RELATIONSHIP_WITH_TRANSFORMATION(#6860)SHAPE_REPRESENTATION_RELATIONSHIP());
#6866=CONTEXT_DEPENDENT_SHAPE_REPRESENTATION(#6865,#6851);
#6869=PLANE_ANGLE_MEASURE_WITH_UNIT(PLANE_ANGLE_MEASURE(1.745329251994E-2),
#6868);
#6870=(CONVERSION_BASED_UNIT('DEGREE',#6869)NAMED_UNIT(*)PLANE_ANGLE_UNIT());
#6872=UNCERTAINTY_MEASURE_WITH_UNIT(LENGTH_MEASURE(4.159214984649E-4),#6867,
'distance_accuracy_value',
'Maximum model space distance between geometric entities at asserted connectivities');
#6874=CARTESIAN_POINT('',(0.E0,0.E0,0.E0));
#6875=DIRECTION('',(0.E0,0.E0,1.E0));
#6876=DIRECTION('',(1.E0,0.E0,0.E0));
#6878=PRODUCT_DEFINITION_CONTEXT('part definition',#3094,'design');
#6879=PRODUCT_CONTEXT('',#3094,'mechanical');
#6880=PRODUCT('810_5_3D_0001_ASM_1_ASM_1_1_2_3_ASM',
'810_5_3D_0001_ASM_1_ASM_1_1_2_3_ASM','NOT SPECIFIED',(#6879));
#6881=PRODUCT_DEFINITION_FORMATION('1','LAST_VERSION',#6880);
#6884=DERIVED_UNIT_ELEMENT(#6883,2.E0);
#6885=DERIVED_UNIT((#6884));
#6886=MEASURE_REPRESENTATION_ITEM('surface area measure',AREA_MEASURE(
7.345746571001E0),#6885);
#6891=DERIVED_UNIT_ELEMENT(#6890,3.E0);
#6892=DERIVED_UNIT((#6891));
#6893=MEASURE_REPRESENTATION_ITEM('volume measure',VOLUME_MEASURE(
1.247528389180E-1),#6892);
#6897=CARTESIAN_POINT('centre point',(-2.487071948342E0,-8.079552570472E-2,
9.72E0));
#6906=CARTESIAN_POINT('centre point',(-2.487071948342E0,-8.079552570472E-2,
9.72E0));
#6910=CARTESIAN_POINT('',(0.E0,0.E0,0.E0));
#6911=DIRECTION('',(0.E0,0.E0,1.E0));
#6912=DIRECTION('',(1.E0,0.E0,0.E0));
#6913=AXIS2_PLACEMENT_3D('',#6910,#6911,#6912);
#6914=ITEM_DEFINED_TRANSFORMATION('','',#6864,#6913);
#6915=CARTESIAN_POINT('',(0.E0,0.E0,0.E0));
#6916=DIRECTION('',(0.E0,0.E0,1.E0));
#6917=DIRECTION('',(1.E0,0.E0,0.E0));
#6919=(REPRESENTATION_RELATIONSHIP('','',#6849,#6903)REPRESENTATION_RELATIONSHIP_WITH_TRANSFORMATION(#6914)SHAPE_REPRESENTATION_RELATIONSHIP());
#6920=CONTEXT_DEPENDENT_SHAPE_REPRESENTATION(#6919,#6905);
#6923=PLANE_ANGLE_MEASURE_WITH_UNIT(PLANE_ANGLE_MEASURE(1.745329251994E-2),
#6922);
#6924=(CONVERSION_BASED_UNIT('DEGREE',#6923)NAMED_UNIT(*)PLANE_ANGLE_UNIT());
#6926=UNCERTAINTY_MEASURE_WITH_UNIT(LENGTH_MEASURE(4.159214984649E-4),#6921,
'distance_accuracy_value',
'Maximum model space distance between geometric entities at asserted connectivities');
#6928=CARTESIAN_POINT('',(0.E0,0.E0,0.E0));
#6929=DIRECTION('',(0.E0,0.E0,1.E0));
#6930=DIRECTION('',(1.E0,0.E0,0.E0));
#6932=PRODUCT_CONTEXT('',#3094,'mechanical');
#6933=PRODUCT('LOGO-SMALL_ASM_1_1_2_ASM_1_ASM','LOGO-SMALL_ASM_1_1_2_ASM_1_ASM',
'NOT SPECIFIED',(#6932));
#6934=PRODUCT_DEFINITION_FORMATION('1','LAST_VERSION',#6933);
#6937=DERIVED_UNIT_ELEMENT(#6936,2.E0);
#6938=DERIVED_UNIT((#6937));
#6939=MEASURE_REPRESENTATION_ITEM('surface area measure',AREA_MEASURE(
7.345746571001E0),#6938);
#6944=DERIVED_UNIT_ELEMENT(#6943,3.E0);
#6945=DERIVED_UNIT((#6944));
#6946=MEASURE_REPRESENTATION_ITEM('volume measure',VOLUME_MEASURE(
1.247528389180E-1),#6945);
#6950=CARTESIAN_POINT('centre point',(-2.487071948342E0,-8.079552570472E-2,
9.72E0));
#6959=CARTESIAN_POINT('centre point',(-2.487071948342E0,-8.079552570472E-2,
9.72E0));
#6963=CARTESIAN_POINT('',(0.E0,0.E0,0.E0));
#6964=DIRECTION('',(0.E0,0.E0,1.E0));
#6965=DIRECTION('',(1.E0,0.E0,0.E0));
#6966=AXIS2_PLACEMENT_3D('',#6963,#6964,#6965);
#6967=ITEM_DEFINED_TRANSFORMATION('','',#6918,#6966);
#6968=CARTESIAN_POINT('',(0.E0,0.E0,0.E0));
#6969=DIRECTION('',(0.E0,0.E0,1.E0));
#6970=DIRECTION('',(1.E0,0.E0,0.E0));
#6972=(REPRESENTATION_RELATIONSHIP('','',#6903,#6956)REPRESENTATION_RELATIONSHIP_WITH_TRANSFORMATION(#6967)SHAPE_REPRESENTATION_RELATIONSHIP());
#6973=CONTEXT_DEPENDENT_SHAPE_REPRESENTATION(#6972,#6958);
#6976=PLANE_ANGLE_MEASURE_WITH_UNIT(PLANE_ANGLE_MEASURE(1.745329251994E-2),
#6975);
#6977=(CONVERSION_BASED_UNIT('DEGREE',#6976)NAMED_UNIT(*)PLANE_ANGLE_UNIT());
#6979=UNCERTAINTY_MEASURE_WITH_UNIT(LENGTH_MEASURE(4.159214984649E-4),#6974,
'distance_accuracy_value',
'Maximum model space distance between geometric entities at asserted connectivities');
#6981=CARTESIAN_POINT('',(0.E0,0.E0,0.E0));
#6982=DIRECTION('',(0.E0,0.E0,1.E0));
#6983=DIRECTION('',(1.E0,0.E0,0.E0));
#6985=PRODUCT_DEFINITION_CONTEXT('part definition',#3094,'design');
#6986=PRODUCT_CONTEXT('',#3094,'mechanical');
#6987=PRODUCT('ASM0075_ASM_1_ASM','ASM0075_ASM_1_ASM','NOT SPECIFIED',(#6986));
#6988=PRODUCT_DEFINITION_FORMATION('1','LAST_VERSION',#6987);
#6991=DERIVED_UNIT_ELEMENT(#6990,2.E0);
#6992=DERIVED_UNIT((#6991));
#6993=MEASURE_REPRESENTATION_ITEM('surface area measure',AREA_MEASURE(
7.345746571001E0),#6992);
#6998=DERIVED_UNIT_ELEMENT(#6997,3.E0);
#6999=DERIVED_UNIT((#6998));
#7000=MEASURE_REPRESENTATION_ITEM('volume measure',VOLUME_MEASURE(
1.247528389180E-1),#6999);
#7004=CARTESIAN_POINT('centre point',(-2.487071948342E0,-8.079552570472E-2,
9.72E0));
#7013=CARTESIAN_POINT('centre point',(-2.487071948342E0,-8.079552570472E-2,
9.72E0));
#7017=CARTESIAN_POINT('',(0.E0,0.E0,0.E0));
#7018=DIRECTION('',(0.E0,0.E0,1.E0));
#7019=DIRECTION('',(1.E0,0.E0,0.E0));
#7020=AXIS2_PLACEMENT_3D('',#7017,#7018,#7019);
#7021=ITEM_DEFINED_TRANSFORMATION('','',#6971,#7020);
#7022=CARTESIAN_POINT('',(0.E0,0.E0,0.E0));
#7023=DIRECTION('',(0.E0,0.E0,1.E0));
#7024=DIRECTION('',(1.E0,0.E0,0.E0));
#7026=(REPRESENTATION_RELATIONSHIP('','',#6956,#7010)REPRESENTATION_RELATIONSHIP_WITH_TRANSFORMATION(#7021)SHAPE_REPRESENTATION_RELATIONSHIP());
#7027=CONTEXT_DEPENDENT_SHAPE_REPRESENTATION(#7026,#7012);
#7030=PLANE_ANGLE_MEASURE_WITH_UNIT(PLANE_ANGLE_MEASURE(1.745329251994E-2),
#7029);
#7031=(CONVERSION_BASED_UNIT('DEGREE',#7030)NAMED_UNIT(*)PLANE_ANGLE_UNIT());
#7033=UNCERTAINTY_MEASURE_WITH_UNIT(LENGTH_MEASURE(4.159214984649E-4),#7028,
'distance_accuracy_value',
'Maximum model space distance between geometric entities at asserted connectivities');
#7035=CARTESIAN_POINT('',(0.E0,0.E0,0.E0));
#7036=DIRECTION('',(0.E0,0.E0,1.E0));
#7037=DIRECTION('',(1.E0,0.E0,0.E0));
#7039=PRODUCT_CONTEXT('',#3094,'mechanical');
#7040=PRODUCT('ASM0012_ASM','ASM0012_ASM','NOT SPECIFIED',(#7039));
#7041=PRODUCT_DEFINITION_FORMATION('1','LAST_VERSION',#7040);
#7044=DERIVED_UNIT_ELEMENT(#7043,2.E0);
#7045=DERIVED_UNIT((#7044));
#7046=MEASURE_REPRESENTATION_ITEM('surface area measure',AREA_MEASURE(
7.345746571001E0),#7045);
#7051=DERIVED_UNIT_ELEMENT(#7050,3.E0);
#7052=DERIVED_UNIT((#7051));
#7053=MEASURE_REPRESENTATION_ITEM('volume measure',VOLUME_MEASURE(
1.247528389180E-1),#7052);
#7057=CARTESIAN_POINT('centre point',(-2.487071948342E0,-8.079552570472E-2,
9.72E0));
#7063=CARTESIAN_POINT('centre point',(5.82E0,3.277411798517E0,
-5.160243542692E0));
#7067=CARTESIAN_POINT('',(-3.9E0,3.185641569092E0,-2.673552363998E0));
#7068=DIRECTION('',(1.E0,0.E0,0.E0));
#7069=DIRECTION('',(0.E0,-4.413016867546E-3,9.999902625937E-1));
#7070=AXIS2_PLACEMENT_3D('',#7067,#7068,#7069);
#7071=ITEM_DEFINED_TRANSFORMATION('','',#7025,#7070);
#7072=(REPRESENTATION_RELATIONSHIP('','',#7010,#3145)REPRESENTATION_RELATIONSHIP_WITH_TRANSFORMATION(#7071)SHAPE_REPRESENTATION_RELATIONSHIP());
#7073=CONTEXT_DEPENDENT_SHAPE_REPRESENTATION(#7072,#7062);
#7076=PLANE_ANGLE_MEASURE_WITH_UNIT(PLANE_ANGLE_MEASURE(1.745329251994E-2),
#7075);
#7077=(CONVERSION_BASED_UNIT('DEGREE',#7076)NAMED_UNIT(*)PLANE_ANGLE_UNIT());
#7079=UNCERTAINTY_MEASURE_WITH_UNIT(LENGTH_MEASURE(1.163678504436E-3),#7074,
'distance_accuracy_value',
'Maximum model space distance between geometric entities at asserted connectivities');
#7081=CARTESIAN_POINT('',(0.E0,0.E0,0.E0));
#7082=DIRECTION('',(0.E0,0.E0,1.E0));
#7083=DIRECTION('',(1.E0,0.E0,0.E0));
#7085=MECHANICAL_DESIGN_GEOMETRIC_PRESENTATION_REPRESENTATION('',(#28,#35,#42,
#49,#56,#63,#70,#77,#84,#92,#99,#106,#114,#121,#129,#137,#145,#153,#161,#169,
#177,#185,#192,#199,#206,#213,#220,#227,#234,#241,#248,#255,#262,#269,#276,#283,
#290,#297,#304,#311,#318,#325,#332,#340,#347,#355,#362,#370,#377,#385,#392,#400,
#407,#414,#421,#428,#435,#443,#450,#457,#465,#472,#480,#487,#494,#502,#509,#516,
#523,#530,#537,#544,#551,#558,#565,#572,#579,#586,#593,#600,#607,#614,#631,#638,
#646,#653,#661,#668,#676,#683,#690,#697,#704,#711,#718,#725,#732,#739,#746,#753,
#761,#768,#775,#782,#790,#797,#804,#811,#818,#825,#832,#839,#846,#853,#860,#867,
#874,#881,#888,#895,#902,#909,#916,#923,#930,#937,#944,#951,#958,#965,#972,#979,
#986,#993,#1000,#1007,#1014,#1021,#1028,#1035,#1042,#1049,#1057,#1064,#1072,
#1079,#1086,#1094,#1101,#1108,#1116,#1124,#1131,#1138,#1145,#1152,#1159,#1167,
#1174,#1181,#1188,#1196,#1203,#1210,#1217,#1225,#1232,#1240,#1247,#1254,#1261,
#1268,#1275,#1282,#1289,#1296,#1303,#1310,#1317,#1324,#1331,#1348,#1356,#1363,
#1370,#1377,#1385,#1393,#1401,#1409,#1417,#1425,#1433,#1441,#1448,#1455,#1462,
#1469,#1476,#1483,#2215,#2241,#2304,#2324,#2344,#2363,#2754,#2781,#2807,#2833,
#2858,#2885,#2909,#20,#3168,#3176,#3184,#3191,#3199,#3207,#3214,#3222,#3230,
#3238,#3245,#3253,#3261,#3268,#3276,#3284,#3292,#3299,#3306,#3313,#3320,#3327,
#3334,#3342,#3350,#3358,#3365,#3372,#3379,#3386,#3393,#3400,#3407,#3415,#3423,
#3431,#3439,#3447,#3455,#3463,#3471,#3746,#3160,#3900,#3908,#3916,#3924,#3932,
#3939,#3946,#3954,#3962,#3969,#3976,#3984,#3991,#3998,#4005,#4012,#4019,#4026,
#4033,#4040,#4047,#4054,#4061,#4068,#4075,#4082,#4089,#4096,#4103,#4110,#4117,
#4124,#4131,#4138,#4145,#4152,#4159,#4167,#4174,#4181,#4188,#4195,#4203,#4211,
#4218,#4225,#4232,#4240,#4248,#4255,#4263,#4271,#4278,#4285,#3893,#4762,#4769,
#4776,#4783,#4790,#4797,#4804,#4811,#4818,#4825,#4832,#4839,#4755,#5030,#5037,
#5044,#5051,#5058,#5065,#5072,#5079,#5086,#5093,#5100,#5107,#5023,#5300,#5308,
#5315,#5322,#5330,#5338,#5345,#5352,#5359,#5366,#5373,#5380,#5387,#5394,#5401,
#5408,#5415,#5422,#5429,#5436,#5444,#5452,#5459,#5466,#5473,#5481,#5489,#5496,
#5292,#5791,#5798,#5805,#5812,#5819,#5826,#5833,#5840,#5847,#5854,#5861,#5868,
#5784,#6060,#6067,#6074,#6081,#6088,#6095,#6102,#6109,#6116,#6123,#6130,#6137,
#6053,#6329,#6337,#6344,#6351,#6359,#6367,#6374,#6381,#6388,#6395,#6402,#6409,
#6416,#6423,#6430,#6437,#6444,#6451,#6458,#6465,#6473,#6481,#6488,#6495,#6502,
#6510,#6518,#6525,#6321),#7080);
#7086=PRODUCT_DEFINITION_CONTEXT('part definition',#3094,'design');
#7087=PRODUCT_CONTEXT('',#3094,'mechanical');
#7088=PRODUCT('63586358_ASM','63586358_ASM','NOT SPECIFIED',(#7087));
#7089=PRODUCT_DEFINITION_FORMATION('1','LAST_VERSION',#7088);
#7092=DERIVED_UNIT_ELEMENT(#7091,2.E0);
#7093=DERIVED_UNIT((#7092));
#7094=MEASURE_REPRESENTATION_ITEM('surface area measure',AREA_MEASURE(
3.050542938390E2),#7093);
#7099=DERIVED_UNIT_ELEMENT(#7098,3.E0);
#7100=DERIVED_UNIT((#7099));
#7101=MEASURE_REPRESENTATION_ITEM('volume measure',VOLUME_MEASURE(
1.859748615082E2),#7100);
#7105=CARTESIAN_POINT('centre point',(2.845458089605E0,3.299985242123E0,
-3.853049468525E0));
#7109=PRODUCT_RELATED_PRODUCT_CATEGORY('part','',(#6826,#6880,#6933,#6987,#7040,
#7088,#3098,#3834,#4690,#4961,#5230,#5722,#5991,#6259,#6752));
#1=DRAUGHTING_PRE_DEFINED_COLOUR('green');
#2=COLOUR_RGB('',1.1E-2,1.2E-2,1.E0);
#3=COLOUR_RGB('',1.803921568627E-1,1.803921568627E-1,1.803921568627E-1);
#4=COLOUR_RGB('',2.392156862745E-1,2.392156862745E-1,2.509803921569E-1);
#5=COLOUR_RGB('',4.1E-1,2.61589E-1,1.12848E-1);
#6=COLOUR_RGB('',5.04854E-1,1.5455E-2,1.5455E-2);
#7=COLOUR_RGB('',6.35294E-1,6.86275E-1,7.4902E-1);
#8=COLOUR_RGB('',6.40777E-1,6.40777E-1,6.40777E-1);
#9=COLOUR_RGB('',6.69062E-1,6.69903E-1,6.55217E-1);
#10=COLOUR_RGB('',8.196078431373E-1,8.117647058824E-1,8.117647058824E-1);
#11=COLOUR_RGB('',9.019607843137E-1,9.215686274510E-1,9.215686274510E-1);
#12=COLOUR_RGB('',9.21569E-1,7.05882E-1,4.70588E-1);
#13=DRAUGHTING_PRE_DEFINED_COLOUR('red');
#14=DRAUGHTING_PRE_DEFINED_COLOUR('yellow');
#15=COLOUR_RGB('',1.E0,1.E0,5.3E-1);
#16=COLOUR_RGB('',1.E0,1.E0,9.49E-1);
#17=DRAUGHTING_PRE_DEFINED_COLOUR('white');
#18=COLOUR_RGB('',2.1E-1,2.2E-1,2.2E-1);
#19=COLOUR_RGB('',9.E-1,9.2E-1,9.2E-1);
#89=CIRCLE('',#88,3.47221875E-1);
#111=CIRCLE('',#110,3.47221875E-1);
#126=CIRCLE('',#125,1.533336648480E-1);
#134=CIRCLE('',#133,1.533336648480E-1);
#142=CIRCLE('',#141,1.533336648480E-1);
#150=CIRCLE('',#149,1.533336648480E-1);
#158=CIRCLE('',#157,1.533336648480E-1);
#166=CIRCLE('',#165,1.533336648480E-1);
#174=CIRCLE('',#173,1.533336648480E-1);
#182=CIRCLE('',#181,1.533336648480E-1);
#337=CIRCLE('',#336,3.15E0);
#352=CIRCLE('',#351,3.15E0);
#367=CIRCLE('',#366,3.15E0);
#382=CIRCLE('',#381,3.15E0);
#397=CIRCLE('',#396,3.15E0);
#440=CIRCLE('',#439,3.47221875E-1);
#462=CIRCLE('',#461,3.15E0);
#477=CIRCLE('',#476,3.15E0);
#499=CIRCLE('',#498,3.47221875E-1);
#628=B_SPLINE_CURVE_WITH_KNOTS('',3,(#615,#616,#617,#618,#619,#620,#621,#622,
#623,#624,#625,#626,#627),.UNSPECIFIED.,.F.,.F.,(4,1,1,1,1,1,1,1,1,1,4),(0.E0,
1.25E-1,2.5E-1,3.75E-1,4.375E-1,5.E-1,5.625E-1,6.25E-1,7.5E-1,8.75E-1,1.E0),
.UNSPECIFIED.);
#643=CIRCLE('',#642,3.5E-1);
#658=CIRCLE('',#657,4.9E-1);
#673=CIRCLE('',#672,4.9E-1);
#758=CIRCLE('',#757,4.9E-1);
#787=CIRCLE('',#786,4.9E-1);
#1054=CIRCLE('',#1053,3.15E0);
#1069=CIRCLE('',#1068,3.15E0);
#1091=CIRCLE('',#1090,3.15E0);
#1113=CIRCLE('',#1112,3.15E0);
#1121=CIRCLE('',#1120,3.15E0);
#1164=CIRCLE('',#1163,4.9E-1);
#1193=CIRCLE('',#1192,4.9E-1);
#1222=CIRCLE('',#1221,4.9E-1);
#1237=CIRCLE('',#1236,4.9E-1);
#1345=B_SPLINE_CURVE_WITH_KNOTS('',3,(#1332,#1333,#1334,#1335,#1336,#1337,#1338,
#1339,#1340,#1341,#1342,#1343,#1344),.UNSPECIFIED.,.F.,.F.,(4,1,1,1,1,1,1,1,1,1,
4),(0.E0,1.25E-1,2.5E-1,3.75E-1,4.375E-1,5.E-1,5.625E-1,6.25E-1,7.5E-1,8.75E-1,
1.E0),.UNSPECIFIED.);
#1353=CIRCLE('',#1352,3.5E-1);
#1382=CIRCLE('',#1381,1.533336648480E-1);
#1390=CIRCLE('',#1389,1.533336648480E-1);
#1398=CIRCLE('',#1397,1.533336648480E-1);
#1406=CIRCLE('',#1405,1.533336648480E-1);
#1414=CIRCLE('',#1413,1.533336648480E-1);
#1422=CIRCLE('',#1421,1.533336648480E-1);
#1430=CIRCLE('',#1429,1.533336648480E-1);
#1438=CIRCLE('',#1437,1.533336648480E-1);
#1753=EDGE_CURVE('',#1546,#1547,#24,.T.);
#1755=EDGE_CURVE('',#1546,#1502,#32,.T.);
#1757=EDGE_CURVE('',#1502,#1503,#39,.T.);
#1759=EDGE_CURVE('',#1503,#1505,#46,.T.);
#1761=EDGE_CURVE('',#1547,#1505,#203,.T.);
#1765=EDGE_CURVE('',#1622,#1623,#174,.T.);
#1767=EDGE_CURVE('',#1623,#1622,#182,.T.);
#1771=ADVANCED_FACE('',(#1764,#1770),#1752,.F.);
#1777=EDGE_CURVE('',#1550,#1551,#53,.T.);
#1779=EDGE_CURVE('',#1511,#1550,#1149,.T.);
#1781=EDGE_CURVE('',#1511,#1509,#60,.T.);
#1783=EDGE_CURVE('',#1508,#1509,#67,.T.);
#1785=EDGE_CURVE('',#1551,#1508,#899,.T.);
#1789=EDGE_CURVE('',#1610,#1611,#126,.T.);
#1791=EDGE_CURVE('',#1611,#1610,#134,.T.);
#1795=ADVANCED_FACE('',(#1788,#1794),#1776,.F.);
#1801=EDGE_CURVE('',#1554,#1555,#74,.T.);
#1803=EDGE_CURVE('',#1498,#1555,#743,.T.);
#1805=EDGE_CURVE('',#1498,#1499,#81,.T.);
#1807=EDGE_CURVE('',#1499,#1515,#89,.T.);
#1809=EDGE_CURVE('',#1515,#1554,#96,.T.);
#1813=EDGE_CURVE('',#1618,#1619,#158,.T.);
#1815=EDGE_CURVE('',#1619,#1618,#166,.T.);
#1819=ADVANCED_FACE('',(#1812,#1818),#1800,.F.);
#1825=EDGE_CURVE('',#1558,#1559,#103,.T.);
#1827=EDGE_CURVE('',#1513,#1559,#871,.T.);
#1829=EDGE_CURVE('',#1513,#1494,#111,.T.);
#1831=EDGE_CURVE('',#1494,#1495,#118,.T.);
#1833=EDGE_CURVE('',#1558,#1495,#815,.T.);
#1837=EDGE_CURVE('',#1614,#1615,#142,.T.);
#1839=EDGE_CURVE('',#1615,#1614,#150,.T.);
#1843=ADVANCED_FACE('',(#1836,#1842),#1824,.F.);
#1850=EDGE_CURVE('',#1547,#1571,#196,.T.);
#1852=EDGE_CURVE('',#1571,#1562,#217,.T.);
#1854=EDGE_CURVE('',#1546,#1562,#259,.T.);
#1858=ADVANCED_FACE('',(#1857),#1848,.F.);
#1865=EDGE_CURVE('',#1551,#1566,#892,.T.);
#1867=EDGE_CURVE('',#1566,#1575,#224,.T.);
#1869=EDGE_CURVE('',#1550,#1575,#1156,.T.);
#1873=ADVANCED_FACE('',(#1872),#1863,.F.);
#1879=EDGE_CURVE('',#1570,#1571,#189,.T.);
#1883=EDGE_CURVE('',#1505,#1527,#997,.T.);
#1885=EDGE_CURVE('',#1527,#1529,#210,.T.);
#1887=EDGE_CURVE('',#1570,#1529,#1200,.T.);
#1891=ADVANCED_FACE('',(#1890),#1878,.F.);
#1897=EDGE_CURVE('',#1562,#1563,#266,.T.);
#1901=EDGE_CURVE('',#1570,#1586,#1193,.T.);
#1903=EDGE_CURVE('',#1586,#1587,#1178,.T.);
#1905=EDGE_CURVE('',#1587,#1574,#1164,.T.);
#1907=EDGE_CURVE('',#1574,#1575,#1128,.T.);
#1910=EDGE_CURVE('',#1566,#1567,#885,.T.);
#1912=EDGE_CURVE('',#1583,#1567,#231,.T.);
#1914=EDGE_CURVE('',#1582,#1583,#801,.T.);
#1916=EDGE_CURVE('',#1591,#1582,#787,.T.);
#1918=EDGE_CURVE('',#1590,#1591,#772,.T.);
#1920=EDGE_CURVE('',#1578,#1590,#758,.T.);
#1922=EDGE_CURVE('',#1578,#1579,#729,.T.);
#1924=EDGE_CURVE('',#1563,#1579,#238,.T.);
#1928=ADVANCED_FACE('',(#1927),#1896,.T.);
#1934=EDGE_CURVE('',#1694,#1695,#245,.T.);
#1936=EDGE_CURVE('',#1502,#1694,#252,.T.);
#1941=EDGE_CURVE('',#1554,#1563,#273,.T.);
#1944=EDGE_CURVE('',#1515,#1523,#280,.T.);
#1946=EDGE_CURVE('',#1523,#1666,#432,.T.);
#1948=EDGE_CURVE('',#1666,#1674,#287,.T.);
#1950=EDGE_CURVE('',#1674,#1675,#294,.T.);
#1952=EDGE_CURVE('',#1695,#1675,#301,.T.);
#1956=ADVANCED_FACE('',(#1955),#1933,.T.);
#1963=EDGE_CURVE('',#1706,#1695,#322,.T.);
#1965=EDGE_CURVE('',#1706,#1707,#337,.T.);
#1967=EDGE_CURVE('',#1707,#1715,#1018,.T.);
#1969=EDGE_CURVE('',#1701,#1715,#927,.T.);
#1971=EDGE_CURVE('',#1694,#1701,#1360,.T.);
#1975=ADVANCED_FACE('',(#1974),#1961,.F.);
#1981=EDGE_CURVE('',#1698,#1699,#836,.T.);
#1983=EDGE_CURVE('',#1698,#1703,#920,.T.);
#1985=EDGE_CURVE('',#1713,#1703,#955,.T.);
#1987=EDGE_CURVE('',#1710,#1713,#1046,.T.);
#1989=EDGE_CURVE('',#1710,#1711,#382,.T.);
#1991=EDGE_CURVE('',#1699,#1711,#308,.T.);
#1995=ADVANCED_FACE('',(#1994),#1980,.F.);
#2002=EDGE_CURVE('',#1686,#1711,#374,.T.);
#2004=EDGE_CURVE('',#1686,#1679,#315,.T.);
#2006=EDGE_CURVE('',#1699,#1679,#843,.T.);
#2010=ADVANCED_FACE('',(#2009),#2000,.F.);
#2018=EDGE_CURVE('',#1675,#1683,#329,.T.);
#2020=EDGE_CURVE('',#1683,#1706,#344,.T.);
#2024=ADVANCED_FACE('',(#2023),#2015,.F.);
#2032=EDGE_CURVE('',#1682,#1683,#352,.T.);
#2034=EDGE_CURVE('',#1682,#1542,#359,.T.);
#2036=EDGE_CURVE('',#1542,#1543,#1113,.T.);
#2038=EDGE_CURVE('',#1687,#1543,#1061,.T.);
#2040=EDGE_CURVE('',#1686,#1687,#367,.T.);
#2044=EDGE_CURVE('',#1659,#1710,#389,.T.);
#2046=EDGE_CURVE('',#1658,#1659,#397,.T.);
#2048=EDGE_CURVE('',#1658,#1707,#404,.T.);
#2052=ADVANCED_FACE('',(#2051),#2029,.F.);
#2059=EDGE_CURVE('',#1674,#1691,#411,.T.);
#2061=EDGE_CURVE('',#1691,#1682,#1069,.T.);
#2067=ADVANCED_FACE('',(#2066),#2057,.F.);
#2073=EDGE_CURVE('',#1678,#1679,#850,.T.);
#2077=EDGE_CURVE('',#1687,#1689,#1054,.T.);
#2079=EDGE_CURVE('',#1689,#1678,#418,.T.);
#2083=ADVANCED_FACE('',(#2082),#2072,.F.);
#2089=EDGE_CURVE('',#1666,#1667,#425,.T.);
#2091=EDGE_CURVE('',#1691,#1667,#1076,.T.);
#2097=ADVANCED_FACE('',(#2096),#2088,.F.);
#2103=EDGE_CURVE('',#1670,#1671,#469,.T.);
#2105=EDGE_CURVE('',#1671,#1678,#857,.T.);
#2108=EDGE_CURVE('',#1689,#1670,#1105,.T.);
#2112=ADVANCED_FACE('',(#2111),#2102,.F.);
#2120=EDGE_CURVE('',#1522,#1523,#440,.T.);
#2122=EDGE_CURVE('',#1646,#1522,#447,.T.);
#2124=EDGE_CURVE('',#1646,#1647,#454,.T.);
#2126=EDGE_CURVE('',#1647,#1667,#462,.T.);
#2130=ADVANCED_FACE('',(#2129),#2117,.T.);
#2137=EDGE_CURVE('',#1670,#1643,#477,.T.);
#2139=EDGE_CURVE('',#1642,#1643,#484,.T.);
#2141=EDGE_CURVE('',#1519,#1642,#491,.T.);
#2143=EDGE_CURVE('',#1518,#1519,#499,.T.);
#2145=EDGE_CURVE('',#1671,#1518,#864,.T.);
#2149=ADVANCED_FACE('',(#2148),#2135,.T.);
#2156=EDGE_CURVE('',#1499,#1522,#506,.T.);
#2162=ADVANCED_FACE('',(#2161),#2154,.T.);
#2168=EDGE_CURVE('',#1735,#1733,#513,.T.);
#2170=EDGE_CURVE('',#1733,#1533,#520,.T.);
#2172=EDGE_CURVE('',#1495,#1533,#527,.T.);
#2175=EDGE_CURVE('',#1494,#1519,#534,.T.);
#2178=EDGE_CURVE('',#1642,#1649,#541,.T.);
#2180=EDGE_CURVE('',#1649,#1651,#548,.T.);
#2182=EDGE_CURVE('',#1646,#1651,#555,.T.);
#2187=EDGE_CURVE('',#1498,#1535,#562,.T.);
#2189=EDGE_CURVE('',#1535,#1735,#569,.T.);
#2193=ADVANCED_FACE('',(#2192),#2167,.T.);
#2199=EDGE_CURVE('',#1733,#1726,#576,.T.);
#2202=EDGE_CURVE('',#1727,#1735,#583,.T.);
#2204=EDGE_CURVE('',#1726,#1727,#590,.T.);
#2208=ADVANCED_FACE('',(#2207),#2198,.T.);
#2221=EDGE_CURVE('',#1746,#1747,#597,.T.);
#2223=EDGE_CURVE('',#1733,#1746,#635,.T.);
#2226=EDGE_CURVE('',#1726,#1730,#722,.T.);
#2228=EDGE_CURVE('',#1730,#1739,#604,.T.);
#2230=EDGE_CURVE('',#1739,#1747,#611,.T.);
#2234=ADVANCED_FACE('',(#2233),#2220,.F.);
#2247=EDGE_CURVE('',#1746,#1742,#643,.T.);
#2250=EDGE_CURVE('',#1747,#1743,#628,.T.);
#2252=EDGE_CURVE('',#1742,#1743,#680,.T.);
#2256=ADVANCED_FACE('',(#2255),#2246,.T.);
#2264=EDGE_CURVE('',#1735,#1742,#650,.T.);
#2267=EDGE_CURVE('',#1537,#1535,#736,.T.);
#2269=EDGE_CURVE('',#1537,#1490,#658,.T.);
#2271=EDGE_CURVE('',#1490,#1491,#665,.T.);
#2273=EDGE_CURVE('',#1491,#1539,#673,.T.);
#2275=EDGE_CURVE('',#1533,#1539,#822,.T.);
#2280=ADVANCED_FACE('',(#2279),#2261,.F.);
#2287=EDGE_CURVE('',#1738,#1743,#687,.T.);
#2289=EDGE_CURVE('',#1738,#1731,#694,.T.);
#2291=EDGE_CURVE('',#1727,#1731,#701,.T.);
#2297=ADVANCED_FACE('',(#2296),#2285,.F.);
#2312=EDGE_CURVE('',#1738,#1739,#708,.T.);
#2317=ADVANCED_FACE('',(#2316),#2309,.T.);
#2332=EDGE_CURVE('',#1730,#1731,#715,.T.);
#2337=ADVANCED_FACE('',(#2336),#2329,.F.);
#2356=ADVANCED_FACE('',(#2355),#2349,.F.);
#2370=EDGE_CURVE('',#1578,#1537,#765,.T.);
#2375=EDGE_CURVE('',#1555,#1579,#750,.T.);
#2379=ADVANCED_FACE('',(#2378),#2368,.T.);
#2386=EDGE_CURVE('',#1590,#1490,#779,.T.);
#2392=ADVANCED_FACE('',(#2391),#2384,.F.);
#2399=EDGE_CURVE('',#1591,#1491,#794,.T.);
#2405=ADVANCED_FACE('',(#2404),#2397,.T.);
#2412=EDGE_CURVE('',#1582,#1539,#829,.T.);
#2418=ADVANCED_FACE('',(#2417),#2410,.F.);
#2425=EDGE_CURVE('',#1558,#1583,#808,.T.);
#2433=ADVANCED_FACE('',(#2432),#2423,.T.);
#2445=ADVANCED_FACE('',(#2444),#2438,.F.);
#2454=EDGE_CURVE('',#1559,#1567,#878,.T.);
#2458=ADVANCED_FACE('',(#2457),#2450,.F.);
#2469=EDGE_CURVE('',#1513,#1518,#913,.T.);
#2476=EDGE_CURVE('',#1508,#1698,#906,.T.);
#2480=ADVANCED_FACE('',(#2479),#2463,.T.);
#2492=ADVANCED_FACE('',(#2491),#2485,.T.);
#2501=EDGE_CURVE('',#1509,#1703,#962,.T.);
#2505=ADVANCED_FACE('',(#2504),#2497,.T.);
#2512=EDGE_CURVE('',#1715,#1654,#934,.T.);
#2514=EDGE_CURVE('',#1654,#1655,#941,.T.);
#2516=EDGE_CURVE('',#1713,#1655,#948,.T.);
#2521=EDGE_CURVE('',#1511,#1525,#969,.T.);
#2523=EDGE_CURVE('',#1525,#1625,#976,.T.);
#2525=EDGE_CURVE('',#1627,#1625,#983,.T.);
#2527=EDGE_CURVE('',#1627,#1527,#990,.T.);
#2531=EDGE_CURVE('',#1503,#1701,#1004,.T.);
#2535=ADVANCED_FACE('',(#2534),#2510,.T.);
#2543=EDGE_CURVE('',#1651,#1663,#1011,.T.);
#2545=EDGE_CURVE('',#1663,#1647,#1083,.T.);
#2549=ADVANCED_FACE('',(#2548),#2540,.F.);
#2557=EDGE_CURVE('',#1658,#1654,#1025,.T.);
#2562=ADVANCED_FACE('',(#2561),#2554,.F.);
#2569=EDGE_CURVE('',#1649,#1661,#1032,.T.);
#2571=EDGE_CURVE('',#1661,#1663,#1091,.T.);
#2576=ADVANCED_FACE('',(#2575),#2567,.F.);
#2585=EDGE_CURVE('',#1659,#1655,#1039,.T.);
#2589=ADVANCED_FACE('',(#2588),#2581,.F.);
#2596=EDGE_CURVE('',#1661,#1643,#1098,.T.);
#2602=ADVANCED_FACE('',(#2601),#2594,.F.);
#2614=ADVANCED_FACE('',(#2613),#2607,.F.);
#2622=EDGE_CURVE('',#1543,#1542,#1121,.T.);
#2635=ADVANCED_FACE('',(#2634),#2619,.F.);
#2645=ADVANCED_FACE('',(#2644),#2640,.T.);
#2652=EDGE_CURVE('',#1574,#1531,#1135,.T.);
#2654=EDGE_CURVE('',#1531,#1525,#1142,.T.);
#2661=ADVANCED_FACE('',(#2660),#2650,.F.);
#2668=EDGE_CURVE('',#1587,#1487,#1171,.T.);
#2670=EDGE_CURVE('',#1487,#1531,#1222,.T.);
#2675=ADVANCED_FACE('',(#2674),#2666,.F.);
#2682=EDGE_CURVE('',#1586,#1486,#1185,.T.);
#2684=EDGE_CURVE('',#1486,#1487,#1229,.T.);
#2689=ADVANCED_FACE('',(#2688),#2680,.F.);
#2697=EDGE_CURVE('',#1529,#1486,#1237,.T.);
#2702=ADVANCED_FACE('',(#2701),#2694,.F.);
#2708=EDGE_CURVE('',#1627,#1639,#1207,.T.);
#2710=EDGE_CURVE('',#1637,#1639,#1353,.T.);
#2712=EDGE_CURVE('',#1625,#1637,#1214,.T.);
#2723=ADVANCED_FACE('',(#2722),#2707,.T.);
#2729=EDGE_CURVE('',#1630,#1631,#1244,.T.);
#2731=EDGE_CURVE('',#1639,#1630,#1251,.T.);
#2734=EDGE_CURVE('',#1719,#1627,#1307,.T.);
#2736=EDGE_CURVE('',#1719,#1723,#1258,.T.);
#2738=EDGE_CURVE('',#1723,#1631,#1265,.T.);
#2742=ADVANCED_FACE('',(#2741),#2728,.T.);
#2761=EDGE_CURVE('',#1631,#1635,#1272,.T.);
#2763=EDGE_CURVE('',#1634,#1635,#1314,.T.);
#2765=EDGE_CURVE('',#1630,#1634,#1345,.T.);
#2769=ADVANCED_FACE('',(#2768),#2759,.F.);
#2789=EDGE_CURVE('',#1722,#1723,#1279,.T.);
#2791=EDGE_CURVE('',#1635,#1722,#1321,.T.);
#2795=ADVANCED_FACE('',(#2794),#2786,.T.);
#2813=EDGE_CURVE('',#1718,#1719,#1300,.T.);
#2815=EDGE_CURVE('',#1718,#1722,#1286,.T.);
#2821=ADVANCED_FACE('',(#2820),#2812,.T.);
#2840=EDGE_CURVE('',#1625,#1718,#1293,.T.);
#2846=ADVANCED_FACE('',(#2845),#2838,.F.);
#2869=EDGE_CURVE('',#1637,#1634,#1328,.T.);
#2873=ADVANCED_FACE('',(#2872),#2863,.T.);
#2897=ADVANCED_FACE('',(#2896),#2890,.T.);
#2921=ADVANCED_FACE('',(#2920),#2914,.F.);
#2928=EDGE_CURVE('',#1610,#1594,#1367,.T.);
#2930=EDGE_CURVE('',#1594,#1595,#1382,.T.);
#2932=EDGE_CURVE('',#1611,#1595,#1374,.T.);
#2936=ADVANCED_FACE('',(#2935),#2926,.T.);
#2944=EDGE_CURVE('',#1595,#1594,#1390,.T.);
#2949=ADVANCED_FACE('',(#2948),#2941,.T.);
#2959=ADVANCED_FACE('',(#2958),#2954,.T.);
#2965=EDGE_CURVE('',#1598,#1599,#1398,.T.);
#2967=EDGE_CURVE('',#1599,#1598,#1406,.T.);
#2971=ADVANCED_FACE('',(#2970),#2964,.T.);
#2977=EDGE_CURVE('',#1602,#1603,#1414,.T.);
#2979=EDGE_CURVE('',#1603,#1602,#1422,.T.);
#2983=ADVANCED_FACE('',(#2982),#2976,.T.);
#2989=EDGE_CURVE('',#1606,#1607,#1430,.T.);
#2991=EDGE_CURVE('',#1607,#1606,#1438,.T.);
#2995=ADVANCED_FACE('',(#2994),#2988,.T.);
#3002=EDGE_CURVE('',#1614,#1598,#1445,.T.);
#3005=EDGE_CURVE('',#1615,#1599,#1452,.T.);
#3009=ADVANCED_FACE('',(#3008),#3000,.T.);
#3021=ADVANCED_FACE('',(#3020),#3014,.T.);
#3028=EDGE_CURVE('',#1618,#1602,#1459,.T.);
#3031=EDGE_CURVE('',#1619,#1603,#1466,.T.);
#3035=ADVANCED_FACE('',(#3034),#3026,.T.);
#3047=ADVANCED_FACE('',(#3046),#3040,.T.);
#3054=EDGE_CURVE('',#1622,#1606,#1473,.T.);
#3057=EDGE_CURVE('',#1623,#1607,#1480,.T.);
#3061=ADVANCED_FACE('',(#3060),#3052,.T.);
#3073=ADVANCED_FACE('',(#3072),#3066,.T.);
#3082=(LENGTH_UNIT()NAMED_UNIT(*)SI_UNIT(.MILLI.,.METRE.));
#3083=(NAMED_UNIT(*)PLANE_ANGLE_UNIT()SI_UNIT($,.RADIAN.));
#3086=(NAMED_UNIT(*)SI_UNIT($,.STERADIAN.)SOLID_ANGLE_UNIT());
#3088=(GEOMETRIC_REPRESENTATION_CONTEXT(3)GLOBAL_UNCERTAINTY_ASSIGNED_CONTEXT((
#3087))GLOBAL_UNIT_ASSIGNED_CONTEXT((#3082,#3085,#3086))REPRESENTATION_CONTEXT(
'ID1','3'));
#3092=AXIS2_PLACEMENT_3D('',#3089,#3090,#3091);
#3093=ADVANCED_BREP_SHAPE_REPRESENTATION('',(#3092,#3075),#3088);
#3100=PRODUCT_DEFINITION('part definition','',#3099,#3096);
#3101=PRODUCT_DEFINITION_SHAPE('','SHAPE FOR _0650-0630-000.',#3100);
#3102=SHAPE_ASPECT('','solid data associated with _0650-0630-000',#3101,.F.);
#3103=PROPERTY_DEFINITION('',
'shape for solid data with which properties are associated',#3102);
#3104=SHAPE_REPRESENTATION('',(#3075),#3088);
#3105=SHAPE_DEFINITION_REPRESENTATION(#3103,#3104);
#3106=(LENGTH_UNIT()NAMED_UNIT(*)SI_UNIT(.MILLI.,.METRE.));
#3110=PROPERTY_DEFINITION('geometric validation property',
'area of _0650-0630-000',#3102);
#3111=REPRESENTATION('surface area',(#3109),#3088);
#3112=PROPERTY_DEFINITION_REPRESENTATION(#3110,#3111);
#3113=(LENGTH_UNIT()NAMED_UNIT(*)SI_UNIT(.MILLI.,.METRE.));
#3117=PROPERTY_DEFINITION('geometric validation property',
'volume of _0650-0630-000',#3102);
#3118=REPRESENTATION('volume',(#3116),#3088);
#3119=PROPERTY_DEFINITION_REPRESENTATION(#3117,#3118);
#3121=PROPERTY_DEFINITION('geometric validation property',
'centroid of _0650-0630-000',#3102);
#3122=REPRESENTATION('centroid',(#3120),#3088);
#3123=PROPERTY_DEFINITION_REPRESENTATION(#3121,#3122);
#3124=(LENGTH_UNIT()NAMED_UNIT(*)SI_UNIT(.MILLI.,.METRE.));
#3128=PROPERTY_DEFINITION('geometric validation property',
'area of _0650-0630-000',#3101);
#3129=REPRESENTATION('surface area',(#3127),#3088);
#3130=PROPERTY_DEFINITION_REPRESENTATION(#3128,#3129);
#3131=(LENGTH_UNIT()NAMED_UNIT(*)SI_UNIT(.MILLI.,.METRE.));
#3135=PROPERTY_DEFINITION('geometric validation property',
'volume of _0650-0630-000',#3101);
#3136=REPRESENTATION('volume',(#3134),#3088);
#3137=PROPERTY_DEFINITION_REPRESENTATION(#3135,#3136);
#3139=PROPERTY_DEFINITION('geometric validation property',
'centroid of _0650-0630-000',#3101);
#3140=REPRESENTATION('centroid',(#3138),#3088);
#3141=PROPERTY_DEFINITION_REPRESENTATION(#3139,#3140);
#3142=SHAPE_DEFINITION_REPRESENTATION(#3101,#3093);
#3143=SHAPE_DEFINITION_REPRESENTATION(#3144,#3145);
#3144=PRODUCT_DEFINITION_SHAPE('','SHAPE FOR 63586358_ASM.',#7090);
#3145=SHAPE_REPRESENTATION('',(#3155,#3888,#7070,#7084),#7080);
#3146=NEXT_ASSEMBLY_USAGE_OCCURRENCE('0','Next assembly relationship',
'\X2\8D347247\X0\-0650-0630-\X2\4E0B\X0\',#7090,#3100,$);
#3147=PRODUCT_DEFINITION_SHAPE('Placement #0',
'Placement of _0650-0630-000 with respect to 63586358_ASM',#3146);
#3149=PROPERTY_DEFINITION('geometric validation property',
'centroid of \X2\8D347247\X0\-0650-0630-\X2\4E0B\X0\',#3147);
#3150=REPRESENTATION('centroid',(#3148),#3088);
#3151=PROPERTY_DEFINITION_REPRESENTATION(#3149,#3150);
#3159=COLOUR_RGB('',2.5E-1,2.5E-1,2.4E-1);
#3165=CIRCLE('',#3164,3.15E0);
#3173=CIRCLE('',#3172,3.15E0);
#3181=CIRCLE('',#3180,3.15E0);
#3196=CIRCLE('',#3195,3.15E0);
#3204=CIRCLE('',#3203,3.15E0);
#3219=CIRCLE('',#3218,6.E-1);
#3227=CIRCLE('',#3226,6.E-1);
#3235=CIRCLE('',#3234,3.15E0);
#3250=CIRCLE('',#3249,3.15E0);
#3258=CIRCLE('',#3257,3.15E0);
#3273=CIRCLE('',#3272,1.21212E-1);
#3281=CIRCLE('',#3280,3.028788E0);
#3289=CIRCLE('',#3288,1.21212E-1);
#3339=CIRCLE('',#3338,3.028788E0);
#3347=CIRCLE('',#3346,3.028788E0);
#3355=CIRCLE('',#3354,3.028788E0);
#3412=CIRCLE('',#3411,6.E-1);
#3420=CIRCLE('',#3419,6.E-1);
#3428=CIRCLE('',#3427,2.95E0);
#3436=CIRCLE('',#3435,2.95E0);
#3444=CIRCLE('',#3443,2.95E0);
#3452=CIRCLE('',#3451,3.E-1);
#3460=CIRCLE('',#3459,2.95E0);
#3468=CIRCLE('',#3467,3.E-1);
#3523=EDGE_CURVE('',#3474,#3475,#3165,.T.);
#3525=EDGE_CURVE('',#3475,#3474,#3173,.T.);
#3529=ADVANCED_FACE('',(#3528),#3522,.F.);
#3535=EDGE_CURVE('',#3486,#3487,#3181,.T.);
#3537=EDGE_CURVE('',#3486,#3479,#3188,.T.);
#3539=EDGE_CURVE('',#3478,#3479,#3196,.T.);
#3541=EDGE_CURVE('',#3487,#3478,#3242,.T.);
#3545=ADVANCED_FACE('',(#3544),#3534,.T.);
#3551=EDGE_CURVE('',#3494,#3495,#3204,.T.);
#3553=EDGE_CURVE('',#3475,#3494,#3265,.T.);
#3556=EDGE_CURVE('',#3474,#3495,#3211,.T.);
#3560=ADVANCED_FACE('',(#3559),#3550,.T.);
#3567=EDGE_CURVE('',#3487,#3491,#3227,.T.);
#3569=EDGE_CURVE('',#3490,#3491,#3428,.T.);
#3571=EDGE_CURVE('',#3486,#3490,#3219,.T.);
#3575=ADVANCED_FACE('',(#3574),#3565,.T.);
#3581=EDGE_CURVE('',#3487,#3486,#3235,.T.);
#3584=EDGE_CURVE('',#3491,#3490,#3444,.T.);
#3589=ADVANCED_FACE('',(#3588),#3580,.T.);
#3597=EDGE_CURVE('',#3479,#3478,#3250,.T.);
#3602=ADVANCED_FACE('',(#3601),#3594,.T.);
#3608=EDGE_CURVE('',#3495,#3494,#3258,.T.);
#3615=ADVANCED_FACE('',(#3614),#3607,.T.);
#3622=EDGE_CURVE('',#3478,#3483,#3289,.T.);
#3624=EDGE_CURVE('',#3482,#3483,#3347,.T.);
#3626=EDGE_CURVE('',#3479,#3482,#3273,.T.);
#3630=ADVANCED_FACE('',(#3629),#3620,.T.);
#3636=EDGE_CURVE('',#3517,#3512,#3281,.T.);
#3638=EDGE_CURVE('',#3483,#3512,#3355,.T.);
#3643=EDGE_CURVE('',#3517,#3482,#3339,.T.);
#3647=ADVANCED_FACE('',(#3646),#3635,.T.);
#3654=EDGE_CURVE('',#3517,#3509,#3296,.T.);
#3656=EDGE_CURVE('',#3509,#3512,#3303,.T.);
#3660=ADVANCED_FACE('',(#3659),#3652,.F.);
#3666=EDGE_CURVE('',#3515,#3517,#3331,.T.);
#3668=EDGE_CURVE('',#3515,#3505,#3310,.T.);
#3670=EDGE_CURVE('',#3505,#3507,#3390,.T.);
#3672=EDGE_CURVE('',#3509,#3507,#3369,.T.);
#3677=ADVANCED_FACE('',(#3676),#3665,.T.);
#3683=EDGE_CURVE('',#3512,#3513,#3317,.T.);
#3685=EDGE_CURVE('',#3513,#3515,#3324,.T.);
#3693=ADVANCED_FACE('',(#3692),#3682,.T.);
#3700=EDGE_CURVE('',#3512,#3502,#3362,.T.);
#3702=EDGE_CURVE('',#3502,#3503,#3376,.T.);
#3704=EDGE_CURVE('',#3513,#3503,#3404,.T.);
#3708=ADVANCED_FACE('',(#3707),#3698,.T.);
#3716=EDGE_CURVE('',#3507,#3502,#3383,.T.);
#3721=ADVANCED_FACE('',(#3720),#3713,.T.);
#3730=EDGE_CURVE('',#3503,#3505,#3397,.T.);
#3734=ADVANCED_FACE('',(#3733),#3726,.T.);
#3758=ADVANCED_FACE('',(#3757),#3751,.T.);
#3765=EDGE_CURVE('',#3494,#3498,#3420,.T.);
#3767=EDGE_CURVE('',#3499,#3498,#3460,.T.);
#3769=EDGE_CURVE('',#3495,#3499,#3412,.T.);
#3773=ADVANCED_FACE('',(#3772),#3763,.T.);
#3781=EDGE_CURVE('',#3498,#3499,#3436,.T.);
#3786=ADVANCED_FACE('',(#3785),#3778,.T.);
#3793=EDGE_CURVE('',#3498,#3491,#3468,.T.);
#3796=EDGE_CURVE('',#3499,#3490,#3452,.T.);
#3800=ADVANCED_FACE('',(#3799),#3791,.F.);
#3812=ADVANCED_FACE('',(#3811),#3805,.F.);
#3821=(LENGTH_UNIT()NAMED_UNIT(*)SI_UNIT(.MILLI.,.METRE.));
#3822=(NAMED_UNIT(*)PLANE_ANGLE_UNIT()SI_UNIT($,.RADIAN.));
#3825=(NAMED_UNIT(*)SI_UNIT($,.STERADIAN.)SOLID_ANGLE_UNIT());
#3827=(GEOMETRIC_REPRESENTATION_CONTEXT(3)GLOBAL_UNCERTAINTY_ASSIGNED_CONTEXT((
#3826))GLOBAL_UNIT_ASSIGNED_CONTEXT((#3821,#3824,#3825))REPRESENTATION_CONTEXT(
'ID2','3'));
#3831=AXIS2_PLACEMENT_3D('',#3828,#3829,#3830);
#3832=ADVANCED_BREP_SHAPE_REPRESENTATION('',(#3831,#3814),#3827);
#3836=PRODUCT_DEFINITION('part definition','',#3835,#3096);
#3837=PRODUCT_DEFINITION_SHAPE('','SHAPE FOR _0650-0630-000.',#3836);
#3838=SHAPE_ASPECT('','solid data associated with _0650-0630-000',#3837,.F.);
#3839=PROPERTY_DEFINITION('',
'shape for solid data with which properties are associated',#3838);
#3840=SHAPE_REPRESENTATION('',(#3814),#3827);
#3841=SHAPE_DEFINITION_REPRESENTATION(#3839,#3840);
#3842=(LENGTH_UNIT()NAMED_UNIT(*)SI_UNIT(.MILLI.,.METRE.));
#3846=PROPERTY_DEFINITION('geometric validation property',
'area of _0650-0630-000',#3838);
#3847=REPRESENTATION('surface area',(#3845),#3827);
#3848=PROPERTY_DEFINITION_REPRESENTATION(#3846,#3847);
#3849=(LENGTH_UNIT()NAMED_UNIT(*)SI_UNIT(.MILLI.,.METRE.));
#3853=PROPERTY_DEFINITION('geometric validation property',
'volume of _0650-0630-000',#3838);
#3854=REPRESENTATION('volume',(#3852),#3827);
#3855=PROPERTY_DEFINITION_REPRESENTATION(#3853,#3854);
#3857=PROPERTY_DEFINITION('geometric validation property',
'centroid of _0650-0630-000',#3838);
#3858=REPRESENTATION('centroid',(#3856),#3827);
#3859=PROPERTY_DEFINITION_REPRESENTATION(#3857,#3858);
#3860=(LENGTH_UNIT()NAMED_UNIT(*)SI_UNIT(.MILLI.,.METRE.));
#3864=PROPERTY_DEFINITION('geometric validation property',
'area of _0650-0630-000',#3837);
#3865=REPRESENTATION('surface area',(#3863),#3827);
#3866=PROPERTY_DEFINITION_REPRESENTATION(#3864,#3865);
#3867=(LENGTH_UNIT()NAMED_UNIT(*)SI_UNIT(.MILLI.,.METRE.));
#3871=PROPERTY_DEFINITION('geometric validation property',
'volume of _0650-0630-000',#3837);
#3872=REPRESENTATION('volume',(#3870),#3827);
#3873=PROPERTY_DEFINITION_REPRESENTATION(#3871,#3872);
#3875=PROPERTY_DEFINITION('geometric validation property',
'centroid of _0650-0630-000',#3837);
#3876=REPRESENTATION('centroid',(#3874),#3827);
#3877=PROPERTY_DEFINITION_REPRESENTATION(#3875,#3876);
#3878=SHAPE_DEFINITION_REPRESENTATION(#3837,#3832);
#3879=NEXT_ASSEMBLY_USAGE_OCCURRENCE('1','Next assembly relationship',
'\X2\8D347247\X0\-0650-0630-\X2\4E0A\X0\',#7090,#3836,$);
#3880=PRODUCT_DEFINITION_SHAPE('Placement #1',
'Placement of _0650-0630-000 with respect to 63586358_ASM',#3879);
#3882=PROPERTY_DEFINITION('geometric validation property',
'centroid of \X2\8D347247\X0\-0650-0630-\X2\4E0A\X0\',#3880);
#3883=REPRESENTATION('centroid',(#3881),#3827);
#3884=PROPERTY_DEFINITION_REPRESENTATION(#3882,#3883);
#3892=COLOUR_RGB('',2.4E-1,2.5E-1,2.5E-1);
#3905=CIRCLE('',#3904,4.397588629672E-2);
#3913=CIRCLE('',#3912,4.397588629672E-2);
#3921=CIRCLE('',#3920,1.358594074592E-1);
#3929=CIRCLE('',#3928,1.358594074592E-1);
#3951=CIRCLE('',#3950,5.832152507821E-2);
#3959=CIRCLE('',#3958,5.832152507821E-2);
#3981=CIRCLE('',#3980,9.849495232830E-2);
#4164=CIRCLE('',#4163,9.849495232830E-2);
#4200=CIRCLE('',#4199,5.832152507821E-2);
#4208=CIRCLE('',#4207,5.832152507821E-2);
#4237=CIRCLE('',#4236,1.358594074592E-1);
#4245=CIRCLE('',#4244,1.358594074592E-1);
#4260=CIRCLE('',#4259,4.397588629672E-2);
#4268=CIRCLE('',#4267,4.397588629672E-2);
#4367=EDGE_CURVE('',#4288,#4289,#3995,.T.);
#4369=EDGE_CURVE('',#4288,#4291,#3897,.T.);
#4371=EDGE_CURVE('',#4291,#4293,#3905,.T.);
#4373=EDGE_CURVE('',#4293,#4295,#3913,.T.);
#4375=EDGE_CURVE('',#4297,#4295,#4121,.T.);
#4377=EDGE_CURVE('',#4297,#4299,#3921,.T.);
#4379=EDGE_CURVE('',#4299,#4301,#3929,.T.);
#4381=EDGE_CURVE('',#4301,#4303,#3936,.T.);
#4383=EDGE_CURVE('',#4305,#4303,#4093,.T.);
#4385=EDGE_CURVE('',#4305,#4307,#3943,.T.);
#4387=EDGE_CURVE('',#4307,#4309,#3951,.T.);
#4389=EDGE_CURVE('',#4309,#4311,#3959,.T.);
#4391=EDGE_CURVE('',#4313,#4311,#4065,.T.);
#4393=EDGE_CURVE('',#4313,#4315,#3966,.T.);
#4395=EDGE_CURVE('',#4317,#4315,#4044,.T.);
#4397=EDGE_CURVE('',#4317,#4319,#3973,.T.);
#4399=EDGE_CURVE('',#4319,#4321,#3981,.T.);
#4401=EDGE_CURVE('',#4323,#4321,#4016,.T.);
#4403=EDGE_CURVE('',#4323,#4289,#3988,.T.);
#4407=ADVANCED_FACE('',(#4406),#4366,.T.);
#4414=EDGE_CURVE('',#4289,#4325,#4002,.T.);
#4416=EDGE_CURVE('',#4327,#4325,#4282,.T.);
#4418=EDGE_CURVE('',#4288,#4327,#4142,.T.);
#4422=ADVANCED_FACE('',(#4421),#4412,.F.);
#4429=EDGE_CURVE('',#4323,#4329,#4009,.T.);
#4431=EDGE_CURVE('',#4325,#4329,#4149,.T.);
#4436=ADVANCED_FACE('',(#4435),#4427,.F.);
#4443=EDGE_CURVE('',#4331,#4321,#4030,.T.);
#4445=EDGE_CURVE('',#4329,#4331,#4156,.T.);
#4450=ADVANCED_FACE('',(#4449),#4441,.F.);
#4457=EDGE_CURVE('',#4319,#4333,#4023,.T.);
#4459=EDGE_CURVE('',#4331,#4333,#4164,.T.);
#4464=ADVANCED_FACE('',(#4463),#4455,.T.);
#4471=EDGE_CURVE('',#4317,#4335,#4037,.T.);
#4473=EDGE_CURVE('',#4333,#4335,#4171,.T.);
#4478=ADVANCED_FACE('',(#4477),#4469,.F.);
#4485=EDGE_CURVE('',#4315,#4337,#4051,.T.);
#4487=EDGE_CURVE('',#4335,#4337,#4178,.T.);
#4492=ADVANCED_FACE('',(#4491),#4483,.F.);
#4499=EDGE_CURVE('',#4313,#4339,#4058,.T.);
#4501=EDGE_CURVE('',#4337,#4339,#4185,.T.);
#4506=ADVANCED_FACE('',(#4505),#4497,.F.);
#4513=EDGE_CURVE('',#4341,#4311,#4079,.T.);
#4515=EDGE_CURVE('',#4339,#4341,#4192,.T.);
#4520=ADVANCED_FACE('',(#4519),#4511,.F.);
#4527=EDGE_CURVE('',#4307,#4343,#4072,.T.);
#4529=EDGE_CURVE('',#4345,#4343,#4208,.T.);
#4531=EDGE_CURVE('',#4341,#4345,#4200,.T.);
#4537=ADVANCED_FACE('',(#4536),#4525,.F.);
#4544=EDGE_CURVE('',#4305,#4347,#4086,.T.);
#4546=EDGE_CURVE('',#4343,#4347,#4215,.T.);
#4551=ADVANCED_FACE('',(#4550),#4542,.F.);
#4558=EDGE_CURVE('',#4303,#4349,#4100,.T.);
#4560=EDGE_CURVE('',#4347,#4349,#4222,.T.);
#4565=ADVANCED_FACE('',(#4564),#4556,.F.);
#4572=EDGE_CURVE('',#4351,#4301,#4114,.T.);
#4574=EDGE_CURVE('',#4349,#4351,#4229,.T.);
#4579=ADVANCED_FACE('',(#4578),#4570,.F.);
#4586=EDGE_CURVE('',#4297,#4353,#4107,.T.);
#4588=EDGE_CURVE('',#4355,#4353,#4245,.T.);
#4590=EDGE_CURVE('',#4351,#4355,#4237,.T.);
#4596=ADVANCED_FACE('',(#4595),#4584,.T.);
#4603=EDGE_CURVE('',#4357,#4295,#4135,.T.);
#4605=EDGE_CURVE('',#4353,#4357,#4252,.T.);
#4610=ADVANCED_FACE('',(#4609),#4601,.F.);
#4617=EDGE_CURVE('',#4291,#4359,#4128,.T.);
#4619=EDGE_CURVE('',#4361,#4359,#4268,.T.);
#4621=EDGE_CURVE('',#4357,#4361,#4260,.T.);
#4627=ADVANCED_FACE('',(#4626),#4615,.F.);
#4635=EDGE_CURVE('',#4359,#4327,#4275,.T.);
#4640=ADVANCED_FACE('',(#4639),#4632,.F.);
#4667=ADVANCED_FACE('',(#4666),#4645,.F.);
#4676=(LENGTH_UNIT()NAMED_UNIT(*)SI_UNIT(.MILLI.,.METRE.));
#4677=(NAMED_UNIT(*)PLANE_ANGLE_UNIT()SI_UNIT($,.RADIAN.));
#4680=(NAMED_UNIT(*)SI_UNIT($,.STERADIAN.)SOLID_ANGLE_UNIT());
#4682=(GEOMETRIC_REPRESENTATION_CONTEXT(3)GLOBAL_UNCERTAINTY_ASSIGNED_CONTEXT((
#4681))GLOBAL_UNIT_ASSIGNED_CONTEXT((#4676,#4679,#4680))REPRESENTATION_CONTEXT(
'ID3','3'));
#4686=AXIS2_PLACEMENT_3D('',#4683,#4684,#4685);
#4687=ADVANCED_BREP_SHAPE_REPRESENTATION('',(#4686,#4669),#4682);
#4692=PRODUCT_DEFINITION('part definition','',#4691,#4688);
#4693=PRODUCT_DEFINITION_SHAPE('','SHAPE FOR _MODEL15_6_1_1_1_2_3_1.',#4692);
#4694=SHAPE_ASPECT('','solid data associated with _MODEL15_6_1_1_1_2_3_1',#4693,
.F.);
#4695=PROPERTY_DEFINITION('',
'shape for solid data with which properties are associated',#4694);
#4696=SHAPE_REPRESENTATION('',(#4669),#4682);
#4697=SHAPE_DEFINITION_REPRESENTATION(#4695,#4696);
#4698=(LENGTH_UNIT()NAMED_UNIT(*)SI_UNIT(.MILLI.,.METRE.));
#4702=PROPERTY_DEFINITION('geometric validation property',
'area of _MODEL15_6_1_1_1_2_3_1',#4694);
#4703=REPRESENTATION('surface area',(#4701),#4682);
#4704=PROPERTY_DEFINITION_REPRESENTATION(#4702,#4703);
#4705=(LENGTH_UNIT()NAMED_UNIT(*)SI_UNIT(.MILLI.,.METRE.));
#4709=PROPERTY_DEFINITION('geometric validation property',
'volume of _MODEL15_6_1_1_1_2_3_1',#4694);
#4710=REPRESENTATION('volume',(#4708),#4682);
#4711=PROPERTY_DEFINITION_REPRESENTATION(#4709,#4710);
#4713=PROPERTY_DEFINITION('geometric validation property',
'centroid of _MODEL15_6_1_1_1_2_3_1',#4694);
#4714=REPRESENTATION('centroid',(#4712),#4682);
#4715=PROPERTY_DEFINITION_REPRESENTATION(#4713,#4714);
#4716=(LENGTH_UNIT()NAMED_UNIT(*)SI_UNIT(.MILLI.,.METRE.));
#4720=PROPERTY_DEFINITION('geometric validation property',
'area of _MODEL15_6_1_1_1_2_3_1',#4693);
#4721=REPRESENTATION('surface area',(#4719),#4682);
#4722=PROPERTY_DEFINITION_REPRESENTATION(#4720,#4721);
#4723=(LENGTH_UNIT()NAMED_UNIT(*)SI_UNIT(.MILLI.,.METRE.));
#4727=PROPERTY_DEFINITION('geometric validation property',
'volume of _MODEL15_6_1_1_1_2_3_1',#4693);
#4728=REPRESENTATION('volume',(#4726),#4682);
#4729=PROPERTY_DEFINITION_REPRESENTATION(#4727,#4728);
#4731=PROPERTY_DEFINITION('geometric validation property',
'centroid of _MODEL15_6_1_1_1_2_3_1',#4693);
#4732=REPRESENTATION('centroid',(#4730),#4682);
#4733=PROPERTY_DEFINITION_REPRESENTATION(#4731,#4732);
#4734=SHAPE_DEFINITION_REPRESENTATION(#4693,#4687);
#4735=SHAPE_DEFINITION_REPRESENTATION(#4736,#4737);
#4736=PRODUCT_DEFINITION_SHAPE('',
'SHAPE FOR _MODEL15_ASM_1_ASM_1_1_2_ASM_1_ASM.',#6828);
#4737=SHAPE_REPRESENTATION('',(#4752,#4747,#5020,#5015,#5289,#5284,#5781,#5776,
#6050,#6045,#6318,#6313,#6811,#6806,#6824),#6820);
#4738=NEXT_ASSEMBLY_USAGE_OCCURRENCE('2','Next assembly relationship',
'_MODEL15_6',#6828,#4692,$);
#4739=PRODUCT_DEFINITION_SHAPE('Placement #2',
'Placement of _MODEL15_6_1_1_1_2_3_1 with respect to _MODEL15_ASM_1_ASM_1_1_2_ASM_1_ASM',#4738);
#4741=PROPERTY_DEFINITION('geometric validation property',
'centroid of _MODEL15_6',#4739);
#4742=REPRESENTATION('centroid',(#4740),#4682);
#4743=PROPERTY_DEFINITION_REPRESENTATION(#4741,#4742);
#4752=AXIS2_PLACEMENT_3D('',#4749,#4750,#4751);
#4861=EDGE_CURVE('',#4842,#4843,#4773,.T.);
#4863=EDGE_CURVE('',#4842,#4845,#4759,.T.);
#4865=EDGE_CURVE('',#4847,#4845,#4794,.T.);
#4867=EDGE_CURVE('',#4847,#4843,#4766,.T.);
#4871=ADVANCED_FACE('',(#4870),#4860,.T.);
#4878=EDGE_CURVE('',#4843,#4849,#4780,.T.);
#4880=EDGE_CURVE('',#4851,#4849,#4836,.T.);
#4882=EDGE_CURVE('',#4842,#4851,#4808,.T.);
#4886=ADVANCED_FACE('',(#4885),#4876,.F.);
#4893=EDGE_CURVE('',#4847,#4853,#4787,.T.);
#4895=EDGE_CURVE('',#4849,#4853,#4815,.T.);
#4900=ADVANCED_FACE('',(#4899),#4891,.F.);
#4907=EDGE_CURVE('',#4845,#4855,#4801,.T.);
#4909=EDGE_CURVE('',#4853,#4855,#4822,.T.);
#4914=ADVANCED_FACE('',(#4913),#4905,.F.);
#4922=EDGE_CURVE('',#4855,#4851,#4829,.T.);
#4927=ADVANCED_FACE('',(#4926),#4919,.F.);
#4939=ADVANCED_FACE('',(#4938),#4932,.F.);
#4948=(LENGTH_UNIT()NAMED_UNIT(*)SI_UNIT(.MILLI.,.METRE.));
#4949=(NAMED_UNIT(*)PLANE_ANGLE_UNIT()SI_UNIT($,.RADIAN.));
#4952=(NAMED_UNIT(*)SI_UNIT($,.STERADIAN.)SOLID_ANGLE_UNIT());
#4954=(GEOMETRIC_REPRESENTATION_CONTEXT(3)GLOBAL_UNCERTAINTY_ASSIGNED_CONTEXT((
#4953))GLOBAL_UNIT_ASSIGNED_CONTEXT((#4948,#4951,#4952))REPRESENTATION_CONTEXT(
'ID4','3'));
#4958=AXIS2_PLACEMENT_3D('',#4955,#4956,#4957);
#4959=ADVANCED_BREP_SHAPE_REPRESENTATION('',(#4958,#4941),#4954);
#4963=PRODUCT_DEFINITION('part definition','',#4962,#4688);
#4964=PRODUCT_DEFINITION_SHAPE('','SHAPE FOR _MODEL15_7_1_1_1_2_3_1.',#4963);
#4965=SHAPE_ASPECT('','solid data associated with _MODEL15_7_1_1_1_2_3_1',#4964,
.F.);
#4966=PROPERTY_DEFINITION('',
'shape for solid data with which properties are associated',#4965);
#4967=SHAPE_REPRESENTATION('',(#4941),#4954);
#4968=SHAPE_DEFINITION_REPRESENTATION(#4966,#4967);
#4969=(LENGTH_UNIT()NAMED_UNIT(*)SI_UNIT(.MILLI.,.METRE.));
#4973=PROPERTY_DEFINITION('geometric validation property',
'area of _MODEL15_7_1_1_1_2_3_1',#4965);
#4974=REPRESENTATION('surface area',(#4972),#4954);
#4975=PROPERTY_DEFINITION_REPRESENTATION(#4973,#4974);
#4976=(LENGTH_UNIT()NAMED_UNIT(*)SI_UNIT(.MILLI.,.METRE.));
#4980=PROPERTY_DEFINITION('geometric validation property',
'volume of _MODEL15_7_1_1_1_2_3_1',#4965);
#4981=REPRESENTATION('volume',(#4979),#4954);
#4982=PROPERTY_DEFINITION_REPRESENTATION(#4980,#4981);
#4984=PROPERTY_DEFINITION('geometric validation property',
'centroid of _MODEL15_7_1_1_1_2_3_1',#4965);
#4985=REPRESENTATION('centroid',(#4983),#4954);
#4986=PROPERTY_DEFINITION_REPRESENTATION(#4984,#4985);
#4987=(LENGTH_UNIT()NAMED_UNIT(*)SI_UNIT(.MILLI.,.METRE.));
#4991=PROPERTY_DEFINITION('geometric validation property',
'area of _MODEL15_7_1_1_1_2_3_1',#4964);
#4992=REPRESENTATION('surface area',(#4990),#4954);
#4993=PROPERTY_DEFINITION_REPRESENTATION(#4991,#4992);
#4994=(LENGTH_UNIT()NAMED_UNIT(*)SI_UNIT(.MILLI.,.METRE.));
#4998=PROPERTY_DEFINITION('geometric validation property',
'volume of _MODEL15_7_1_1_1_2_3_1',#4964);
#4999=REPRESENTATION('volume',(#4997),#4954);
#5000=PROPERTY_DEFINITION_REPRESENTATION(#4998,#4999);
#5002=PROPERTY_DEFINITION('geometric validation property',
'centroid of _MODEL15_7_1_1_1_2_3_1',#4964);
#5003=REPRESENTATION('centroid',(#5001),#4954);
#5004=PROPERTY_DEFINITION_REPRESENTATION(#5002,#5003);
#5005=SHAPE_DEFINITION_REPRESENTATION(#4964,#4959);
#5006=NEXT_ASSEMBLY_USAGE_OCCURRENCE('3','Next assembly relationship',
'_MODEL15_7',#6828,#4963,$);
#5007=PRODUCT_DEFINITION_SHAPE('Placement #3',
'Placement of _MODEL15_7_1_1_1_2_3_1 with respect to _MODEL15_ASM_1_ASM_1_1_2_ASM_1_ASM',#5006);
#5009=PROPERTY_DEFINITION('geometric validation property',
'centroid of _MODEL15_7',#5007);
#5010=REPRESENTATION('centroid',(#5008),#4954);
#5011=PROPERTY_DEFINITION_REPRESENTATION(#5009,#5010);
#5020=AXIS2_PLACEMENT_3D('',#5017,#5018,#5019);
#5129=EDGE_CURVE('',#5110,#5111,#5041,.T.);
#5131=EDGE_CURVE('',#5110,#5113,#5027,.T.);
#5133=EDGE_CURVE('',#5115,#5113,#5062,.T.);
#5135=EDGE_CURVE('',#5115,#5111,#5034,.T.);
#5139=ADVANCED_FACE('',(#5138),#5128,.T.);
#5146=EDGE_CURVE('',#5111,#5117,#5048,.T.);
#5148=EDGE_CURVE('',#5119,#5117,#5104,.T.);
#5150=EDGE_CURVE('',#5110,#5119,#5076,.T.);
#5154=ADVANCED_FACE('',(#5153),#5144,.F.);
#5161=EDGE_CURVE('',#5115,#5121,#5055,.T.);
#5163=EDGE_CURVE('',#5117,#5121,#5083,.T.);
#5168=ADVANCED_FACE('',(#5167),#5159,.F.);
#5175=EDGE_CURVE('',#5113,#5123,#5069,.T.);
#5177=EDGE_CURVE('',#5121,#5123,#5090,.T.);
#5182=ADVANCED_FACE('',(#5181),#5173,.F.);
#5190=EDGE_CURVE('',#5123,#5119,#5097,.T.);
#5195=ADVANCED_FACE('',(#5194),#5187,.F.);
#5207=ADVANCED_FACE('',(#5206),#5200,.F.);
#5216=(LENGTH_UNIT()NAMED_UNIT(*)SI_UNIT(.MILLI.,.METRE.));
#5217=(NAMED_UNIT(*)PLANE_ANGLE_UNIT()SI_UNIT($,.RADIAN.));
#5220=(NAMED_UNIT(*)SI_UNIT($,.STERADIAN.)SOLID_ANGLE_UNIT());
#5222=(GEOMETRIC_REPRESENTATION_CONTEXT(3)GLOBAL_UNCERTAINTY_ASSIGNED_CONTEXT((
#5221))GLOBAL_UNIT_ASSIGNED_CONTEXT((#5216,#5219,#5220))REPRESENTATION_CONTEXT(
'ID5','3'));
#5226=AXIS2_PLACEMENT_3D('',#5223,#5224,#5225);
#5227=ADVANCED_BREP_SHAPE_REPRESENTATION('',(#5226,#5209),#5222);
#5232=PRODUCT_DEFINITION('part definition','',#5231,#5228);
#5233=PRODUCT_DEFINITION_SHAPE('','SHAPE FOR _MODEL15_8_1_1_1_2_3_1.',#5232);
#5234=SHAPE_ASPECT('','solid data associated with _MODEL15_8_1_1_1_2_3_1',#5233,
.F.);
#5235=PROPERTY_DEFINITION('',
'shape for solid data with which properties are associated',#5234);
#5236=SHAPE_REPRESENTATION('',(#5209),#5222);
#5237=SHAPE_DEFINITION_REPRESENTATION(#5235,#5236);
#5238=(LENGTH_UNIT()NAMED_UNIT(*)SI_UNIT(.MILLI.,.METRE.));
#5242=PROPERTY_DEFINITION('geometric validation property',
'area of _MODEL15_8_1_1_1_2_3_1',#5234);
#5243=REPRESENTATION('surface area',(#5241),#5222);
#5244=PROPERTY_DEFINITION_REPRESENTATION(#5242,#5243);
#5245=(LENGTH_UNIT()NAMED_UNIT(*)SI_UNIT(.MILLI.,.METRE.));
#5249=PROPERTY_DEFINITION('geometric validation property',
'volume of _MODEL15_8_1_1_1_2_3_1',#5234);
#5250=REPRESENTATION('volume',(#5248),#5222);
#5251=PROPERTY_DEFINITION_REPRESENTATION(#5249,#5250);
#5253=PROPERTY_DEFINITION('geometric validation property',
'centroid of _MODEL15_8_1_1_1_2_3_1',#5234);
#5254=REPRESENTATION('centroid',(#5252),#5222);
#5255=PROPERTY_DEFINITION_REPRESENTATION(#5253,#5254);
#5256=(LENGTH_UNIT()NAMED_UNIT(*)SI_UNIT(.MILLI.,.METRE.));
#5260=PROPERTY_DEFINITION('geometric validation property',
'area of _MODEL15_8_1_1_1_2_3_1',#5233);
#5261=REPRESENTATION('surface area',(#5259),#5222);
#5262=PROPERTY_DEFINITION_REPRESENTATION(#5260,#5261);
#5263=(LENGTH_UNIT()NAMED_UNIT(*)SI_UNIT(.MILLI.,.METRE.));
#5267=PROPERTY_DEFINITION('geometric validation property',
'volume of _MODEL15_8_1_1_1_2_3_1',#5233);
#5268=REPRESENTATION('volume',(#5266),#5222);
#5269=PROPERTY_DEFINITION_REPRESENTATION(#5267,#5268);
#5271=PROPERTY_DEFINITION('geometric validation property',
'centroid of _MODEL15_8_1_1_1_2_3_1',#5233);
#5272=REPRESENTATION('centroid',(#5270),#5222);
#5273=PROPERTY_DEFINITION_REPRESENTATION(#5271,#5272);
#5274=SHAPE_DEFINITION_REPRESENTATION(#5233,#5227);
#5275=NEXT_ASSEMBLY_USAGE_OCCURRENCE('4','Next assembly relationship',
'_MODEL15_8',#6828,#5232,$);
#5276=PRODUCT_DEFINITION_SHAPE('Placement #4',
'Placement of _MODEL15_8_1_1_1_2_3_1 with respect to _MODEL15_ASM_1_ASM_1_1_2_ASM_1_ASM',#5275);
#5278=PROPERTY_DEFINITION('geometric validation property',
'centroid of _MODEL15_8',#5276);
#5279=REPRESENTATION('centroid',(#5277),#5222);
#5280=PROPERTY_DEFINITION_REPRESENTATION(#5278,#5279);
#5289=AXIS2_PLACEMENT_3D('',#5286,#5287,#5288);
#5297=CIRCLE('',#5296,1.253441369602E-1);
#5305=CIRCLE('',#5304,1.253441369602E-1);
#5327=CIRCLE('',#5326,9.407517889933E-2);
#5335=CIRCLE('',#5334,9.407517889933E-2);
#5441=CIRCLE('',#5440,9.407517889933E-2);
#5449=CIRCLE('',#5448,9.407517889933E-2);
#5478=CIRCLE('',#5477,1.253441369602E-1);
#5486=CIRCLE('',#5485,1.253441369602E-1);
#5542=EDGE_CURVE('',#5499,#5500,#5349,.T.);
#5544=EDGE_CURVE('',#5499,#5502,#5297,.T.);
#5546=EDGE_CURVE('',#5502,#5504,#5305,.T.);
#5548=EDGE_CURVE('',#5504,#5506,#5312,.T.);
#5550=EDGE_CURVE('',#5508,#5506,#5398,.T.);
#5552=EDGE_CURVE('',#5508,#5510,#5319,.T.);
#5554=EDGE_CURVE('',#5510,#5512,#5327,.T.);
#5556=EDGE_CURVE('',#5512,#5514,#5335,.T.);
#5558=EDGE_CURVE('',#5516,#5514,#5370,.T.);
#5560=EDGE_CURVE('',#5516,#5500,#5342,.T.);
#5564=ADVANCED_FACE('',(#5563),#5541,.T.);
#5571=EDGE_CURVE('',#5500,#5518,#5356,.T.);
#5573=EDGE_CURVE('',#5520,#5518,#5493,.T.);
#5575=EDGE_CURVE('',#5499,#5520,#5412,.T.);
#5579=ADVANCED_FACE('',(#5578),#5569,.F.);
#5586=EDGE_CURVE('',#5516,#5522,#5363,.T.);
#5588=EDGE_CURVE('',#5518,#5522,#5426,.T.);
#5593=ADVANCED_FACE('',(#5592),#5584,.F.);
#5600=EDGE_CURVE('',#5524,#5514,#5384,.T.);
#5602=EDGE_CURVE('',#5522,#5524,#5433,.T.);
#5607=ADVANCED_FACE('',(#5606),#5598,.F.);
#5614=EDGE_CURVE('',#5510,#5526,#5377,.T.);
#5616=EDGE_CURVE('',#5528,#5526,#5449,.T.);
#5618=EDGE_CURVE('',#5524,#5528,#5441,.T.);
#5624=ADVANCED_FACE('',(#5623),#5612,.F.);
#5631=EDGE_CURVE('',#5508,#5530,#5391,.T.);
#5633=EDGE_CURVE('',#5526,#5530,#5456,.T.);
#5638=ADVANCED_FACE('',(#5637),#5629,.F.);
#5645=EDGE_CURVE('',#5506,#5532,#5405,.T.);
#5647=EDGE_CURVE('',#5530,#5532,#5463,.T.);
#5652=ADVANCED_FACE('',(#5651),#5643,.F.);
#5659=EDGE_CURVE('',#5534,#5504,#5419,.T.);
#5661=EDGE_CURVE('',#5532,#5534,#5470,.T.);
#5666=ADVANCED_FACE('',(#5665),#5657,.F.);
#5674=EDGE_CURVE('',#5536,#5520,#5486,.T.);
#5676=EDGE_CURVE('',#5534,#5536,#5478,.T.);
#5682=ADVANCED_FACE('',(#5681),#5671,.T.);
#5700=ADVANCED_FACE('',(#5699),#5687,.T.);
#5709=(LENGTH_UNIT()NAMED_UNIT(*)SI_UNIT(.MILLI.,.METRE.));
#5710=(NAMED_UNIT(*)PLANE_ANGLE_UNIT()SI_UNIT($,.RADIAN.));
#5713=(NAMED_UNIT(*)SI_UNIT($,.STERADIAN.)SOLID_ANGLE_UNIT());
#5715=(GEOMETRIC_REPRESENTATION_CONTEXT(3)GLOBAL_UNCERTAINTY_ASSIGNED_CONTEXT((
#5714))GLOBAL_UNIT_ASSIGNED_CONTEXT((#5709,#5712,#5713))REPRESENTATION_CONTEXT(
'ID6','3'));
#5719=AXIS2_PLACEMENT_3D('',#5716,#5717,#5718);
#5720=ADVANCED_BREP_SHAPE_REPRESENTATION('',(#5719,#5702),#5715);
#5724=PRODUCT_DEFINITION('part definition','',#5723,#5228);
#5725=PRODUCT_DEFINITION_SHAPE('','SHAPE FOR _MODEL15_9_1_1_1_2_3_1.',#5724);
#5726=SHAPE_ASPECT('','solid data associated with _MODEL15_9_1_1_1_2_3_1',#5725,
.F.);
#5727=PROPERTY_DEFINITION('',
'shape for solid data with which properties are associated',#5726);
#5728=SHAPE_REPRESENTATION('',(#5702),#5715);
#5729=SHAPE_DEFINITION_REPRESENTATION(#5727,#5728);
#5730=(LENGTH_UNIT()NAMED_UNIT(*)SI_UNIT(.MILLI.,.METRE.));
#5734=PROPERTY_DEFINITION('geometric validation property',
'area of _MODEL15_9_1_1_1_2_3_1',#5726);
#5735=REPRESENTATION('surface area',(#5733),#5715);
#5736=PROPERTY_DEFINITION_REPRESENTATION(#5734,#5735);
#5737=(LENGTH_UNIT()NAMED_UNIT(*)SI_UNIT(.MILLI.,.METRE.));
#5741=PROPERTY_DEFINITION('geometric validation property',
'volume of _MODEL15_9_1_1_1_2_3_1',#5726);
#5742=REPRESENTATION('volume',(#5740),#5715);
#5743=PROPERTY_DEFINITION_REPRESENTATION(#5741,#5742);
#5745=PROPERTY_DEFINITION('geometric validation property',
'centroid of _MODEL15_9_1_1_1_2_3_1',#5726);
#5746=REPRESENTATION('centroid',(#5744),#5715);
#5747=PROPERTY_DEFINITION_REPRESENTATION(#5745,#5746);
#5748=(LENGTH_UNIT()NAMED_UNIT(*)SI_UNIT(.MILLI.,.METRE.));
#5752=PROPERTY_DEFINITION('geometric validation property',
'area of _MODEL15_9_1_1_1_2_3_1',#5725);
#5753=REPRESENTATION('surface area',(#5751),#5715);
#5754=PROPERTY_DEFINITION_REPRESENTATION(#5752,#5753);
#5755=(LENGTH_UNIT()NAMED_UNIT(*)SI_UNIT(.MILLI.,.METRE.));
#5759=PROPERTY_DEFINITION('geometric validation property',
'volume of _MODEL15_9_1_1_1_2_3_1',#5725);
#5760=REPRESENTATION('volume',(#5758),#5715);
#5761=PROPERTY_DEFINITION_REPRESENTATION(#5759,#5760);
#5763=PROPERTY_DEFINITION('geometric validation property',
'centroid of _MODEL15_9_1_1_1_2_3_1',#5725);
#5764=REPRESENTATION('centroid',(#5762),#5715);
#5765=PROPERTY_DEFINITION_REPRESENTATION(#5763,#5764);
#5766=SHAPE_DEFINITION_REPRESENTATION(#5725,#5720);
#5767=NEXT_ASSEMBLY_USAGE_OCCURRENCE('5','Next assembly relationship',
'_MODEL15_9',#6828,#5724,$);
#5768=PRODUCT_DEFINITION_SHAPE('Placement #5',
'Placement of _MODEL15_9_1_1_1_2_3_1 with respect to _MODEL15_ASM_1_ASM_1_1_2_ASM_1_ASM',#5767);
#5770=PROPERTY_DEFINITION('geometric validation property',
'centroid of _MODEL15_9',#5768);
#5771=REPRESENTATION('centroid',(#5769),#5715);
#5772=PROPERTY_DEFINITION_REPRESENTATION(#5770,#5771);
#5781=AXIS2_PLACEMENT_3D('',#5778,#5779,#5780);
#5890=EDGE_CURVE('',#5871,#5872,#5788,.T.);
#5892=EDGE_CURVE('',#5874,#5872,#5830,.T.);
#5894=EDGE_CURVE('',#5874,#5876,#5795,.T.);
#5896=EDGE_CURVE('',#5871,#5876,#5809,.T.);
#5900=ADVANCED_FACE('',(#5899),#5889,.T.);
#5907=EDGE_CURVE('',#5871,#5878,#5802,.T.);
#5909=EDGE_CURVE('',#5880,#5878,#5865,.T.);
#5911=EDGE_CURVE('',#5872,#5880,#5837,.T.);
#5915=ADVANCED_FACE('',(#5914),#5905,.F.);
#5922=EDGE_CURVE('',#5876,#5882,#5816,.T.);
#5924=EDGE_CURVE('',#5878,#5882,#5844,.T.);
#5929=ADVANCED_FACE('',(#5928),#5920,.F.);
#5936=EDGE_CURVE('',#5874,#5884,#5823,.T.);
#5938=EDGE_CURVE('',#5882,#5884,#5851,.T.);
#5943=ADVANCED_FACE('',(#5942),#5934,.F.);
#5951=EDGE_CURVE('',#5884,#5880,#5858,.T.);
#5956=ADVANCED_FACE('',(#5955),#5948,.F.);
#5968=ADVANCED_FACE('',(#5967),#5961,.F.);
#5977=(LENGTH_UNIT()NAMED_UNIT(*)SI_UNIT(.MILLI.,.METRE.));
#5978=(NAMED_UNIT(*)PLANE_ANGLE_UNIT()SI_UNIT($,.RADIAN.));
#5981=(NAMED_UNIT(*)SI_UNIT($,.STERADIAN.)SOLID_ANGLE_UNIT());
#5983=(GEOMETRIC_REPRESENTATION_CONTEXT(3)GLOBAL_UNCERTAINTY_ASSIGNED_CONTEXT((
#5982))GLOBAL_UNIT_ASSIGNED_CONTEXT((#5977,#5980,#5981))REPRESENTATION_CONTEXT(
'ID7','3'));
#5987=AXIS2_PLACEMENT_3D('',#5984,#5985,#5986);
#5988=ADVANCED_BREP_SHAPE_REPRESENTATION('',(#5987,#5970),#5983);
#5993=PRODUCT_DEFINITION('part definition','',#5992,#5989);
#5994=PRODUCT_DEFINITION_SHAPE('','SHAPE FOR _MODEL15_10_1_1_1_2_1.',#5993);
#5995=SHAPE_ASPECT('','solid data associated with _MODEL15_10_1_1_1_2_1',#5994,
.F.);
#5996=PROPERTY_DEFINITION('',
'shape for solid data with which properties are associated',#5995);
#5997=SHAPE_REPRESENTATION('',(#5970),#5983);
#5998=SHAPE_DEFINITION_REPRESENTATION(#5996,#5997);
#5999=(LENGTH_UNIT()NAMED_UNIT(*)SI_UNIT(.MILLI.,.METRE.));
#6003=PROPERTY_DEFINITION('geometric validation property',
'area of _MODEL15_10_1_1_1_2_1',#5995);
#6004=REPRESENTATION('surface area',(#6002),#5983);
#6005=PROPERTY_DEFINITION_REPRESENTATION(#6003,#6004);
#6006=(LENGTH_UNIT()NAMED_UNIT(*)SI_UNIT(.MILLI.,.METRE.));
#6010=PROPERTY_DEFINITION('geometric validation property',
'volume of _MODEL15_10_1_1_1_2_1',#5995);
#6011=REPRESENTATION('volume',(#6009),#5983);
#6012=PROPERTY_DEFINITION_REPRESENTATION(#6010,#6011);
#6014=PROPERTY_DEFINITION('geometric validation property',
'centroid of _MODEL15_10_1_1_1_2_1',#5995);
#6015=REPRESENTATION('centroid',(#6013),#5983);
#6016=PROPERTY_DEFINITION_REPRESENTATION(#6014,#6015);
#6017=(LENGTH_UNIT()NAMED_UNIT(*)SI_UNIT(.MILLI.,.METRE.));
#6021=PROPERTY_DEFINITION('geometric validation property',
'area of _MODEL15_10_1_1_1_2_1',#5994);
#6022=REPRESENTATION('surface area',(#6020),#5983);
#6023=PROPERTY_DEFINITION_REPRESENTATION(#6021,#6022);
#6024=(LENGTH_UNIT()NAMED_UNIT(*)SI_UNIT(.MILLI.,.METRE.));
#6028=PROPERTY_DEFINITION('geometric validation property',
'volume of _MODEL15_10_1_1_1_2_1',#5994);
#6029=REPRESENTATION('volume',(#6027),#5983);
#6030=PROPERTY_DEFINITION_REPRESENTATION(#6028,#6029);
#6032=PROPERTY_DEFINITION('geometric validation property',
'centroid of _MODEL15_10_1_1_1_2_1',#5994);
#6033=REPRESENTATION('centroid',(#6031),#5983);
#6034=PROPERTY_DEFINITION_REPRESENTATION(#6032,#6033);
#6035=SHAPE_DEFINITION_REPRESENTATION(#5994,#5988);
#6036=NEXT_ASSEMBLY_USAGE_OCCURRENCE('6','Next assembly relationship',
'_MODEL15_10',#6828,#5993,$);
#6037=PRODUCT_DEFINITION_SHAPE('Placement #6',
'Placement of _MODEL15_10_1_1_1_2_1 with respect to _MODEL15_ASM_1_ASM_1_1_2_ASM_1_ASM',#6036);
#6039=PROPERTY_DEFINITION('geometric validation property',
'centroid of _MODEL15_10',#6037);
#6040=REPRESENTATION('centroid',(#6038),#5983);
#6041=PROPERTY_DEFINITION_REPRESENTATION(#6039,#6040);
#6050=AXIS2_PLACEMENT_3D('',#6047,#6048,#6049);
#6159=EDGE_CURVE('',#6140,#6141,#6071,.T.);
#6161=EDGE_CURVE('',#6140,#6143,#6057,.T.);
#6163=EDGE_CURVE('',#6145,#6143,#6092,.T.);
#6165=EDGE_CURVE('',#6145,#6141,#6064,.T.);
#6169=ADVANCED_FACE('',(#6168),#6158,.T.);
#6176=EDGE_CURVE('',#6141,#6147,#6078,.T.);
#6178=EDGE_CURVE('',#6149,#6147,#6134,.T.);
#6180=EDGE_CURVE('',#6140,#6149,#6106,.T.);
#6184=ADVANCED_FACE('',(#6183),#6174,.F.);
#6191=EDGE_CURVE('',#6145,#6151,#6085,.T.);
#6193=EDGE_CURVE('',#6147,#6151,#6113,.T.);
#6198=ADVANCED_FACE('',(#6197),#6189,.F.);
#6205=EDGE_CURVE('',#6143,#6153,#6099,.T.);
#6207=EDGE_CURVE('',#6151,#6153,#6120,.T.);
#6212=ADVANCED_FACE('',(#6211),#6203,.F.);
#6220=EDGE_CURVE('',#6153,#6149,#6127,.T.);
#6225=ADVANCED_FACE('',(#6224),#6217,.F.);
#6237=ADVANCED_FACE('',(#6236),#6230,.F.);
#6246=(LENGTH_UNIT()NAMED_UNIT(*)SI_UNIT(.MILLI.,.METRE.));
#6247=(NAMED_UNIT(*)PLANE_ANGLE_UNIT()SI_UNIT($,.RADIAN.));
#6250=(NAMED_UNIT(*)SI_UNIT($,.STERADIAN.)SOLID_ANGLE_UNIT());
#6252=(GEOMETRIC_REPRESENTATION_CONTEXT(3)GLOBAL_UNCERTAINTY_ASSIGNED_CONTEXT((
#6251))GLOBAL_UNIT_ASSIGNED_CONTEXT((#6246,#6249,#6250))REPRESENTATION_CONTEXT(
'ID8','3'));
#6256=AXIS2_PLACEMENT_3D('',#6253,#6254,#6255);
#6257=ADVANCED_BREP_SHAPE_REPRESENTATION('',(#6256,#6239),#6252);
#6261=PRODUCT_DEFINITION('part definition','',#6260,#5989);
#6262=PRODUCT_DEFINITION_SHAPE('','SHAPE FOR _MODEL15_11_1_1_1_2_1.',#6261);
#6263=SHAPE_ASPECT('','solid data associated with _MODEL15_11_1_1_1_2_1',#6262,
.F.);
#6264=PROPERTY_DEFINITION('',
'shape for solid data with which properties are associated',#6263);
#6265=SHAPE_REPRESENTATION('',(#6239),#6252);
#6266=SHAPE_DEFINITION_REPRESENTATION(#6264,#6265);
#6267=(LENGTH_UNIT()NAMED_UNIT(*)SI_UNIT(.MILLI.,.METRE.));
#6271=PROPERTY_DEFINITION('geometric validation property',
'area of _MODEL15_11_1_1_1_2_1',#6263);
#6272=REPRESENTATION('surface area',(#6270),#6252);
#6273=PROPERTY_DEFINITION_REPRESENTATION(#6271,#6272);
#6274=(LENGTH_UNIT()NAMED_UNIT(*)SI_UNIT(.MILLI.,.METRE.));
#6278=PROPERTY_DEFINITION('geometric validation property',
'volume of _MODEL15_11_1_1_1_2_1',#6263);
#6279=REPRESENTATION('volume',(#6277),#6252);
#6280=PROPERTY_DEFINITION_REPRESENTATION(#6278,#6279);
#6282=PROPERTY_DEFINITION('geometric validation property',
'centroid of _MODEL15_11_1_1_1_2_1',#6263);
#6283=REPRESENTATION('centroid',(#6281),#6252);
#6284=PROPERTY_DEFINITION_REPRESENTATION(#6282,#6283);
#6285=(LENGTH_UNIT()NAMED_UNIT(*)SI_UNIT(.MILLI.,.METRE.));
#6289=PROPERTY_DEFINITION('geometric validation property',
'area of _MODEL15_11_1_1_1_2_1',#6262);
#6290=REPRESENTATION('surface area',(#6288),#6252);
#6291=PROPERTY_DEFINITION_REPRESENTATION(#6289,#6290);
#6292=(LENGTH_UNIT()NAMED_UNIT(*)SI_UNIT(.MILLI.,.METRE.));
#6296=PROPERTY_DEFINITION('geometric validation property',
'volume of _MODEL15_11_1_1_1_2_1',#6262);
#6297=REPRESENTATION('volume',(#6295),#6252);
#6298=PROPERTY_DEFINITION_REPRESENTATION(#6296,#6297);
#6300=PROPERTY_DEFINITION('geometric validation property',
'centroid of _MODEL15_11_1_1_1_2_1',#6262);
#6301=REPRESENTATION('centroid',(#6299),#6252);
#6302=PROPERTY_DEFINITION_REPRESENTATION(#6300,#6301);
#6303=SHAPE_DEFINITION_REPRESENTATION(#6262,#6257);
#6304=NEXT_ASSEMBLY_USAGE_OCCURRENCE('7','Next assembly relationship',
'_MODEL15_11',#6828,#6261,$);
#6305=PRODUCT_DEFINITION_SHAPE('Placement #7',
'Placement of _MODEL15_11_1_1_1_2_1 with respect to _MODEL15_ASM_1_ASM_1_1_2_ASM_1_ASM',#6304);
#6307=PROPERTY_DEFINITION('geometric validation property',
'centroid of _MODEL15_11',#6305);
#6308=REPRESENTATION('centroid',(#6306),#6252);
#6309=PROPERTY_DEFINITION_REPRESENTATION(#6307,#6308);
#6318=AXIS2_PLACEMENT_3D('',#6315,#6316,#6317);
#6326=CIRCLE('',#6325,1.190033920125E-1);
#6334=CIRCLE('',#6333,1.190033920125E-1);
#6356=CIRCLE('',#6355,8.029895445681E-2);
#6364=CIRCLE('',#6363,8.029895445681E-2);
#6470=CIRCLE('',#6469,8.029895445681E-2);
#6478=CIRCLE('',#6477,8.029895445681E-2);
#6507=CIRCLE('',#6506,1.190033920125E-1);
#6515=CIRCLE('',#6514,1.190033920125E-1);
#6571=EDGE_CURVE('',#6528,#6529,#6378,.T.);
#6573=EDGE_CURVE('',#6528,#6531,#6326,.T.);
#6575=EDGE_CURVE('',#6531,#6533,#6334,.T.);
#6577=EDGE_CURVE('',#6533,#6535,#6341,.T.);
#6579=EDGE_CURVE('',#6537,#6535,#6427,.T.);
#6581=EDGE_CURVE('',#6537,#6539,#6348,.T.);
#6583=EDGE_CURVE('',#6539,#6541,#6356,.T.);
#6585=EDGE_CURVE('',#6541,#6543,#6364,.T.);
#6587=EDGE_CURVE('',#6545,#6543,#6399,.T.);
#6589=EDGE_CURVE('',#6545,#6529,#6371,.T.);
#6593=ADVANCED_FACE('',(#6592),#6570,.T.);
#6600=EDGE_CURVE('',#6529,#6547,#6385,.T.);
#6602=EDGE_CURVE('',#6549,#6547,#6522,.T.);
#6604=EDGE_CURVE('',#6528,#6549,#6441,.T.);
#6608=ADVANCED_FACE('',(#6607),#6598,.F.);
#6615=EDGE_CURVE('',#6545,#6551,#6392,.T.);
#6617=EDGE_CURVE('',#6547,#6551,#6455,.T.);
#6622=ADVANCED_FACE('',(#6621),#6613,.F.);
#6629=EDGE_CURVE('',#6553,#6543,#6413,.T.);
#6631=EDGE_CURVE('',#6551,#6553,#6462,.T.);
#6636=ADVANCED_FACE('',(#6635),#6627,.F.);
#6643=EDGE_CURVE('',#6539,#6555,#6406,.T.);
#6645=EDGE_CURVE('',#6557,#6555,#6478,.T.);
#6647=EDGE_CURVE('',#6553,#6557,#6470,.T.);
#6653=ADVANCED_FACE('',(#6652),#6641,.F.);
#6660=EDGE_CURVE('',#6537,#6559,#6420,.T.);
#6662=EDGE_CURVE('',#6555,#6559,#6485,.T.);
#6667=ADVANCED_FACE('',(#6666),#6658,.F.);
#6674=EDGE_CURVE('',#6535,#6561,#6434,.T.);
#6676=EDGE_CURVE('',#6559,#6561,#6492,.T.);
#6681=ADVANCED_FACE('',(#6680),#6672,.F.);
#6688=EDGE_CURVE('',#6563,#6533,#6448,.T.);
#6690=EDGE_CURVE('',#6561,#6563,#6499,.T.);
#6695=ADVANCED_FACE('',(#6694),#6686,.F.);
#6703=EDGE_CURVE('',#6565,#6549,#6515,.T.);
#6705=EDGE_CURVE('',#6563,#6565,#6507,.T.);
#6711=ADVANCED_FACE('',(#6710),#6700,.T.);
#6729=ADVANCED_FACE('',(#6728),#6716,.T.);
#6738=(LENGTH_UNIT()NAMED_UNIT(*)SI_UNIT(.MILLI.,.METRE.));
#6739=(NAMED_UNIT(*)PLANE_ANGLE_UNIT()SI_UNIT($,.RADIAN.));
#6742=(NAMED_UNIT(*)SI_UNIT($,.STERADIAN.)SOLID_ANGLE_UNIT());
#6744=(GEOMETRIC_REPRESENTATION_CONTEXT(3)GLOBAL_UNCERTAINTY_ASSIGNED_CONTEXT((
#6743))GLOBAL_UNIT_ASSIGNED_CONTEXT((#6738,#6741,#6742))REPRESENTATION_CONTEXT(
'ID9','3'));
#6748=AXIS2_PLACEMENT_3D('',#6745,#6746,#6747);
#6749=ADVANCED_BREP_SHAPE_REPRESENTATION('',(#6748,#6731),#6744);
#6754=PRODUCT_DEFINITION('part definition','',#6753,#6750);
#6755=PRODUCT_DEFINITION_SHAPE('','SHAPE FOR _MODEL15_12_1_1_1_2_1.',#6754);
#6756=SHAPE_ASPECT('','solid data associated with _MODEL15_12_1_1_1_2_1',#6755,
.F.);
#6757=PROPERTY_DEFINITION('',
'shape for solid data with which properties are associated',#6756);
#6758=SHAPE_REPRESENTATION('',(#6731),#6744);
#6759=SHAPE_DEFINITION_REPRESENTATION(#6757,#6758);
#6760=(LENGTH_UNIT()NAMED_UNIT(*)SI_UNIT(.MILLI.,.METRE.));
#6764=PROPERTY_DEFINITION('geometric validation property',
'area of _MODEL15_12_1_1_1_2_1',#6756);
#6765=REPRESENTATION('surface area',(#6763),#6744);
#6766=PROPERTY_DEFINITION_REPRESENTATION(#6764,#6765);
#6767=(LENGTH_UNIT()NAMED_UNIT(*)SI_UNIT(.MILLI.,.METRE.));
#6771=PROPERTY_DEFINITION('geometric validation property',
'volume of _MODEL15_12_1_1_1_2_1',#6756);
#6772=REPRESENTATION('volume',(#6770),#6744);
#6773=PROPERTY_DEFINITION_REPRESENTATION(#6771,#6772);
#6775=PROPERTY_DEFINITION('geometric validation property',
'centroid of _MODEL15_12_1_1_1_2_1',#6756);
#6776=REPRESENTATION('centroid',(#6774),#6744);
#6777=PROPERTY_DEFINITION_REPRESENTATION(#6775,#6776);
#6778=(LENGTH_UNIT()NAMED_UNIT(*)SI_UNIT(.MILLI.,.METRE.));
#6782=PROPERTY_DEFINITION('geometric validation property',
'area of _MODEL15_12_1_1_1_2_1',#6755);
#6783=REPRESENTATION('surface area',(#6781),#6744);
#6784=PROPERTY_DEFINITION_REPRESENTATION(#6782,#6783);
#6785=(LENGTH_UNIT()NAMED_UNIT(*)SI_UNIT(.MILLI.,.METRE.));
#6789=PROPERTY_DEFINITION('geometric validation property',
'volume of _MODEL15_12_1_1_1_2_1',#6755);
#6790=REPRESENTATION('volume',(#6788),#6744);
#6791=PROPERTY_DEFINITION_REPRESENTATION(#6789,#6790);
#6793=PROPERTY_DEFINITION('geometric validation property',
'centroid of _MODEL15_12_1_1_1_2_1',#6755);
#6794=REPRESENTATION('centroid',(#6792),#6744);
#6795=PROPERTY_DEFINITION_REPRESENTATION(#6793,#6794);
#6796=SHAPE_DEFINITION_REPRESENTATION(#6755,#6749);
#6797=NEXT_ASSEMBLY_USAGE_OCCURRENCE('8','Next assembly relationship',
'_MODEL15_12',#6828,#6754,$);
#6798=PRODUCT_DEFINITION_SHAPE('Placement #8',
'Placement of _MODEL15_12_1_1_1_2_1 with respect to _MODEL15_ASM_1_ASM_1_1_2_ASM_1_ASM',#6797);
#6800=PROPERTY_DEFINITION('geometric validation property',
'centroid of _MODEL15_12',#6798);
#6801=REPRESENTATION('centroid',(#6799),#6744);
#6802=PROPERTY_DEFINITION_REPRESENTATION(#6800,#6801);
#6811=AXIS2_PLACEMENT_3D('',#6808,#6809,#6810);
#6814=(LENGTH_UNIT()NAMED_UNIT(*)SI_UNIT(.MILLI.,.METRE.));
#6815=(NAMED_UNIT(*)PLANE_ANGLE_UNIT()SI_UNIT($,.RADIAN.));
#6818=(NAMED_UNIT(*)SI_UNIT($,.STERADIAN.)SOLID_ANGLE_UNIT());
#6820=(GEOMETRIC_REPRESENTATION_CONTEXT(3)GLOBAL_UNCERTAINTY_ASSIGNED_CONTEXT((
#6819))GLOBAL_UNIT_ASSIGNED_CONTEXT((#6814,#6817,#6818))REPRESENTATION_CONTEXT(
'ID10','3'));
#6824=AXIS2_PLACEMENT_3D('',#6821,#6822,#6823);
#6828=PRODUCT_DEFINITION('part definition','',#6827,#6750);
#6829=(LENGTH_UNIT()NAMED_UNIT(*)SI_UNIT(.MILLI.,.METRE.));
#6833=PROPERTY_DEFINITION('geometric validation property',
'area of _MODEL15_ASM_1_ASM_1_1_2_ASM_1_ASM',#4736);
#6834=REPRESENTATION('surface area',(#6832),#6820);
#6835=PROPERTY_DEFINITION_REPRESENTATION(#6833,#6834);
#6836=(LENGTH_UNIT()NAMED_UNIT(*)SI_UNIT(.MILLI.,.METRE.));
#6840=PROPERTY_DEFINITION('geometric validation property',
'volume of _MODEL15_ASM_1_ASM_1_1_2_ASM_1_ASM',#4736);
#6841=REPRESENTATION('volume',(#6839),#6820);
#6842=PROPERTY_DEFINITION_REPRESENTATION(#6840,#6841);
#6844=PROPERTY_DEFINITION('geometric validation property',
'centroid of _MODEL15_ASM_1_ASM_1_1_2_ASM_1_ASM',#4736);
#6845=REPRESENTATION('centroid',(#6843),#6820);
#6846=PROPERTY_DEFINITION_REPRESENTATION(#6844,#6845);
#6847=SHAPE_DEFINITION_REPRESENTATION(#6848,#6849);
#6848=PRODUCT_DEFINITION_SHAPE('',
'SHAPE FOR 810_5_3D_0001_ASM_1_ASM_1_1_2_3_ASM.',#6882);
#6849=SHAPE_REPRESENTATION('',(#6864,#6859,#6877),#6873);
#6850=NEXT_ASSEMBLY_USAGE_OCCURRENCE('9','Next assembly relationship',
'_MODEL15',#6882,#6828,$);
#6851=PRODUCT_DEFINITION_SHAPE('Placement #9',
'Placement of _MODEL15_ASM_1_ASM_1_1_2_ASM_1_ASM with respect to 810_5_3D_0001_ASM_1_ASM_1_1_2_3_ASM',#6850);
#6853=PROPERTY_DEFINITION('geometric validation property',
'centroid of _MODEL15',#6851);
#6854=REPRESENTATION('centroid',(#6852),#6820);
#6855=PROPERTY_DEFINITION_REPRESENTATION(#6853,#6854);
#6864=AXIS2_PLACEMENT_3D('',#6861,#6862,#6863);
#6867=(LENGTH_UNIT()NAMED_UNIT(*)SI_UNIT(.MILLI.,.METRE.));
#6868=(NAMED_UNIT(*)PLANE_ANGLE_UNIT()SI_UNIT($,.RADIAN.));
#6871=(NAMED_UNIT(*)SI_UNIT($,.STERADIAN.)SOLID_ANGLE_UNIT());
#6873=(GEOMETRIC_REPRESENTATION_CONTEXT(3)GLOBAL_UNCERTAINTY_ASSIGNED_CONTEXT((
#6872))GLOBAL_UNIT_ASSIGNED_CONTEXT((#6867,#6870,#6871))REPRESENTATION_CONTEXT(
'ID11','3'));
#6877=AXIS2_PLACEMENT_3D('',#6874,#6875,#6876);
#6882=PRODUCT_DEFINITION('part definition','',#6881,#6878);
#6883=(LENGTH_UNIT()NAMED_UNIT(*)SI_UNIT(.MILLI.,.METRE.));
#6887=PROPERTY_DEFINITION('geometric validation property',
'area of 810_5_3D_0001_ASM_1_ASM_1_1_2_3_ASM',#6848);
#6888=REPRESENTATION('surface area',(#6886),#6873);
#6889=PROPERTY_DEFINITION_REPRESENTATION(#6887,#6888);
#6890=(LENGTH_UNIT()NAMED_UNIT(*)SI_UNIT(.MILLI.,.METRE.));
#6894=PROPERTY_DEFINITION('geometric validation property',
'volume of 810_5_3D_0001_ASM_1_ASM_1_1_2_3_ASM',#6848);
#6895=REPRESENTATION('volume',(#6893),#6873);
#6896=PROPERTY_DEFINITION_REPRESENTATION(#6894,#6895);
#6898=PROPERTY_DEFINITION('geometric validation property',
'centroid of 810_5_3D_0001_ASM_1_ASM_1_1_2_3_ASM',#6848);
#6899=REPRESENTATION('centroid',(#6897),#6873);
#6900=PROPERTY_DEFINITION_REPRESENTATION(#6898,#6899);
#6901=SHAPE_DEFINITION_REPRESENTATION(#6902,#6903);
#6902=PRODUCT_DEFINITION_SHAPE('','SHAPE FOR LOGO-SMALL_ASM_1_1_2_ASM_1_ASM.',
#6935);
#6903=SHAPE_REPRESENTATION('',(#6918,#6913,#6931),#6927);
#6904=NEXT_ASSEMBLY_USAGE_OCCURRENCE('10','Next assembly relationship',
'810_5_3D_0001_ASM_1',#6935,#6882,$);
#6905=PRODUCT_DEFINITION_SHAPE('Placement #10',
'Placement of 810_5_3D_0001_ASM_1_ASM_1_1_2_3_ASM with respect to LOGO-SMALL_ASM_1_1_2_ASM_1_ASM',#6904);
#6907=PROPERTY_DEFINITION('geometric validation property',
'centroid of 810_5_3D_0001_ASM_1',#6905);
#6908=REPRESENTATION('centroid',(#6906),#6873);
#6909=PROPERTY_DEFINITION_REPRESENTATION(#6907,#6908);
#6918=AXIS2_PLACEMENT_3D('',#6915,#6916,#6917);
#6921=(LENGTH_UNIT()NAMED_UNIT(*)SI_UNIT(.MILLI.,.METRE.));
#6922=(NAMED_UNIT(*)PLANE_ANGLE_UNIT()SI_UNIT($,.RADIAN.));
#6925=(NAMED_UNIT(*)SI_UNIT($,.STERADIAN.)SOLID_ANGLE_UNIT());
#6927=(GEOMETRIC_REPRESENTATION_CONTEXT(3)GLOBAL_UNCERTAINTY_ASSIGNED_CONTEXT((
#6926))GLOBAL_UNIT_ASSIGNED_CONTEXT((#6921,#6924,#6925))REPRESENTATION_CONTEXT(
'ID12','3'));
#6931=AXIS2_PLACEMENT_3D('',#6928,#6929,#6930);
#6935=PRODUCT_DEFINITION('part definition','',#6934,#6878);
#6936=(LENGTH_UNIT()NAMED_UNIT(*)SI_UNIT(.MILLI.,.METRE.));
#6940=PROPERTY_DEFINITION('geometric validation property',
'area of LOGO-SMALL_ASM_1_1_2_ASM_1_ASM',#6902);
#6941=REPRESENTATION('surface area',(#6939),#6927);
#6942=PROPERTY_DEFINITION_REPRESENTATION(#6940,#6941);
#6943=(LENGTH_UNIT()NAMED_UNIT(*)SI_UNIT(.MILLI.,.METRE.));
#6947=PROPERTY_DEFINITION('geometric validation property',
'volume of LOGO-SMALL_ASM_1_1_2_ASM_1_ASM',#6902);
#6948=REPRESENTATION('volume',(#6946),#6927);
#6949=PROPERTY_DEFINITION_REPRESENTATION(#6947,#6948);
#6951=PROPERTY_DEFINITION('geometric validation property',
'centroid of LOGO-SMALL_ASM_1_1_2_ASM_1_ASM',#6902);
#6952=REPRESENTATION('centroid',(#6950),#6927);
#6953=PROPERTY_DEFINITION_REPRESENTATION(#6951,#6952);
#6954=SHAPE_DEFINITION_REPRESENTATION(#6955,#6956);
#6955=PRODUCT_DEFINITION_SHAPE('','SHAPE FOR ASM0075_ASM_1_ASM.',#6989);
#6956=SHAPE_REPRESENTATION('',(#6971,#6966,#6984),#6980);
#6957=NEXT_ASSEMBLY_USAGE_OCCURRENCE('11','Next assembly relationship',
'LOGO-SMALL_ASM_1_1_2',#6989,#6935,$);
#6958=PRODUCT_DEFINITION_SHAPE('Placement #11',
'Placement of LOGO-SMALL_ASM_1_1_2_ASM_1_ASM with respect to ASM0075_ASM_1_ASM',
#6957);
#6960=PROPERTY_DEFINITION('geometric validation property',
'centroid of LOGO-SMALL_ASM_1_1_2',#6958);
#6961=REPRESENTATION('centroid',(#6959),#6927);
#6962=PROPERTY_DEFINITION_REPRESENTATION(#6960,#6961);
#6971=AXIS2_PLACEMENT_3D('',#6968,#6969,#6970);
#6974=(LENGTH_UNIT()NAMED_UNIT(*)SI_UNIT(.MILLI.,.METRE.));
#6975=(NAMED_UNIT(*)PLANE_ANGLE_UNIT()SI_UNIT($,.RADIAN.));
#6978=(NAMED_UNIT(*)SI_UNIT($,.STERADIAN.)SOLID_ANGLE_UNIT());
#6980=(GEOMETRIC_REPRESENTATION_CONTEXT(3)GLOBAL_UNCERTAINTY_ASSIGNED_CONTEXT((
#6979))GLOBAL_UNIT_ASSIGNED_CONTEXT((#6974,#6977,#6978))REPRESENTATION_CONTEXT(
'ID13','3'));
#6984=AXIS2_PLACEMENT_3D('',#6981,#6982,#6983);
#6989=PRODUCT_DEFINITION('part definition','',#6988,#6985);
#6990=(LENGTH_UNIT()NAMED_UNIT(*)SI_UNIT(.MILLI.,.METRE.));
#6994=PROPERTY_DEFINITION('geometric validation property',
'area of ASM0075_ASM_1_ASM',#6955);
#6995=REPRESENTATION('surface area',(#6993),#6980);
#6996=PROPERTY_DEFINITION_REPRESENTATION(#6994,#6995);
#6997=(LENGTH_UNIT()NAMED_UNIT(*)SI_UNIT(.MILLI.,.METRE.));
#7001=PROPERTY_DEFINITION('geometric validation property',
'volume of ASM0075_ASM_1_ASM',#6955);
#7002=REPRESENTATION('volume',(#7000),#6980);
#7003=PROPERTY_DEFINITION_REPRESENTATION(#7001,#7002);
#7005=PROPERTY_DEFINITION('geometric validation property',
'centroid of ASM0075_ASM_1_ASM',#6955);
#7006=REPRESENTATION('centroid',(#7004),#6980);
#7007=PROPERTY_DEFINITION_REPRESENTATION(#7005,#7006);
#7008=SHAPE_DEFINITION_REPRESENTATION(#7009,#7010);
#7009=PRODUCT_DEFINITION_SHAPE('','SHAPE FOR ASM0012_ASM.',#7042);
#7010=SHAPE_REPRESENTATION('',(#7025,#7020,#7038),#7034);
#7011=NEXT_ASSEMBLY_USAGE_OCCURRENCE('12','Next assembly relationship',
'ASM0075_ASM_1',#7042,#6989,$);
#7012=PRODUCT_DEFINITION_SHAPE('Placement #12',
'Placement of ASM0075_ASM_1_ASM with respect to ASM0012_ASM',#7011);
#7014=PROPERTY_DEFINITION('geometric validation property',
'centroid of ASM0075_ASM_1',#7012);
#7015=REPRESENTATION('centroid',(#7013),#6980);
#7016=PROPERTY_DEFINITION_REPRESENTATION(#7014,#7015);
#7025=AXIS2_PLACEMENT_3D('',#7022,#7023,#7024);
#7028=(LENGTH_UNIT()NAMED_UNIT(*)SI_UNIT(.MILLI.,.METRE.));
#7029=(NAMED_UNIT(*)PLANE_ANGLE_UNIT()SI_UNIT($,.RADIAN.));
#7032=(NAMED_UNIT(*)SI_UNIT($,.STERADIAN.)SOLID_ANGLE_UNIT());
#7034=(GEOMETRIC_REPRESENTATION_CONTEXT(3)GLOBAL_UNCERTAINTY_ASSIGNED_CONTEXT((
#7033))GLOBAL_UNIT_ASSIGNED_CONTEXT((#7028,#7031,#7032))REPRESENTATION_CONTEXT(
'ID14','3'));
#7038=AXIS2_PLACEMENT_3D('',#7035,#7036,#7037);
#7042=PRODUCT_DEFINITION('part definition','',#7041,#6985);
#7043=(LENGTH_UNIT()NAMED_UNIT(*)SI_UNIT(.MILLI.,.METRE.));
#7047=PROPERTY_DEFINITION('geometric validation property','area of ASM0012_ASM',
#7009);
#7048=REPRESENTATION('surface area',(#7046),#7034);
#7049=PROPERTY_DEFINITION_REPRESENTATION(#7047,#7048);
#7050=(LENGTH_UNIT()NAMED_UNIT(*)SI_UNIT(.MILLI.,.METRE.));
#7054=PROPERTY_DEFINITION('geometric validation property',
'volume of ASM0012_ASM',#7009);
#7055=REPRESENTATION('volume',(#7053),#7034);
#7056=PROPERTY_DEFINITION_REPRESENTATION(#7054,#7055);
#7058=PROPERTY_DEFINITION('geometric validation property',
'centroid of ASM0012_ASM',#7009);
#7059=REPRESENTATION('centroid',(#7057),#7034);
#7060=PROPERTY_DEFINITION_REPRESENTATION(#7058,#7059);
#7061=NEXT_ASSEMBLY_USAGE_OCCURRENCE('13','Next assembly relationship',
'ASM0012',#7090,#7042,$);
#7062=PRODUCT_DEFINITION_SHAPE('Placement #13',
'Placement of ASM0012_ASM with respect to 63586358_ASM',#7061);
#7064=PROPERTY_DEFINITION('geometric validation property','centroid of ASM0012',
#7062);
#7065=REPRESENTATION('centroid',(#7063),#7034);
#7066=PROPERTY_DEFINITION_REPRESENTATION(#7064,#7065);
#7074=(LENGTH_UNIT()NAMED_UNIT(*)SI_UNIT(.MILLI.,.METRE.));
#7075=(NAMED_UNIT(*)PLANE_ANGLE_UNIT()SI_UNIT($,.RADIAN.));
#7078=(NAMED_UNIT(*)SI_UNIT($,.STERADIAN.)SOLID_ANGLE_UNIT());
#7080=(GEOMETRIC_REPRESENTATION_CONTEXT(3)GLOBAL_UNCERTAINTY_ASSIGNED_CONTEXT((
#7079))GLOBAL_UNIT_ASSIGNED_CONTEXT((#7074,#7077,#7078))REPRESENTATION_CONTEXT(
'ID15','3'));
#7084=AXIS2_PLACEMENT_3D('',#7081,#7082,#7083);
#7090=PRODUCT_DEFINITION('part definition','',#7089,#7086);
#7091=(LENGTH_UNIT()NAMED_UNIT(*)SI_UNIT(.MILLI.,.METRE.));
#7095=PROPERTY_DEFINITION('geometric validation property',
'area of 63586358_ASM',#3144);
#7096=REPRESENTATION('surface area',(#7094),#7080);
#7097=PROPERTY_DEFINITION_REPRESENTATION(#7095,#7096);
#7098=(LENGTH_UNIT()NAMED_UNIT(*)SI_UNIT(.MILLI.,.METRE.));
#7102=PROPERTY_DEFINITION('geometric validation property',
'volume of 63586358_ASM',#3144);
#7103=REPRESENTATION('volume',(#7101),#7080);
#7104=PROPERTY_DEFINITION_REPRESENTATION(#7102,#7103);
#7106=PROPERTY_DEFINITION('geometric validation property',
'centroid of 63586358_ASM',#3144);
#7107=REPRESENTATION('centroid',(#7105),#7080);
#7108=PROPERTY_DEFINITION_REPRESENTATION(#7106,#7107);
ENDSEC;
END-ISO-10303-21;
