ISO-10303-21;
HEADER;
FILE_DESCRIPTION((''),'2;1');
FILE_NAME('LKFC1101C221MF_ASM','2026-07-07T16:13:52',('Administrator'),(''),
'CREO PARAMETRIC BY PTC INC, 2023134','CREO PARAMETRIC BY PTC INC, 2023134','');
FILE_SCHEMA(('AUTOMOTIVE_DESIGN { 1 0 10303 214 1 1 1 1 }'));
ENDSEC;
DATA;
#333=CARTESIAN_POINT('',(0.E0,0.E0,0.E0));
#334=DIRECTION('',(0.E0,1.E0,0.E0));
#335=DIRECTION('',(1.E0,0.E0,0.E0));
#336=AXIS2_PLACEMENT_3D('',#333,#334,#335);
#338=CARTESIAN_POINT('',(0.E0,0.E0,0.E0));
#339=DIRECTION('',(0.E0,1.E0,0.E0));
#340=DIRECTION('',(-1.E0,0.E0,0.E0));
#341=AXIS2_PLACEMENT_3D('',#338,#339,#340);
#343=CARTESIAN_POINT('',(0.E0,0.E0,0.E0));
#344=DIRECTION('',(0.E0,-1.E0,0.E0));
#345=DIRECTION('',(0.E0,0.E0,1.E0));
#346=AXIS2_PLACEMENT_3D('',#343,#344,#345);
#348=CARTESIAN_POINT('',(0.E0,0.E0,0.E0));
#349=DIRECTION('',(0.E0,-1.E0,0.E0));
#350=DIRECTION('',(0.E0,0.E0,-1.E0));
#351=AXIS2_PLACEMENT_3D('',#348,#349,#350);
#353=CARTESIAN_POINT('',(0.E0,2.E-1,0.E0));
#354=DIRECTION('',(0.E0,1.E0,0.E0));
#355=DIRECTION('',(1.E0,0.E0,0.E0));
#356=AXIS2_PLACEMENT_3D('',#353,#354,#355);
#358=CARTESIAN_POINT('',(0.E0,2.E-1,0.E0));
#359=DIRECTION('',(0.E0,1.E0,0.E0));
#360=DIRECTION('',(-9.999737692635E-1,0.E0,-7.242981769447E-3));
#361=AXIS2_PLACEMENT_3D('',#358,#359,#360);
#363=CARTESIAN_POINT('',(0.E0,0.E0,0.E0));
#364=DIRECTION('',(0.E0,-1.E0,0.E0));
#365=DIRECTION('',(-1.E0,0.E0,0.E0));
#366=AXIS2_PLACEMENT_3D('',#363,#364,#365);
#368=CARTESIAN_POINT('',(2.95E0,2.E-1,1.100806945598E-12));
#369=DIRECTION('',(-3.731546321939E-13,0.E0,1.E0));
#370=DIRECTION('',(0.E0,-1.E0,0.E0));
#371=AXIS2_PLACEMENT_3D('',#368,#369,#370);
#373=DIRECTION('',(0.E0,-1.E0,5.778366704094E-11));
#374=VECTOR('',#373,1.086881039375E-1);
#375=CARTESIAN_POINT('',(-3.15E0,3.086881039375E-1,-6.170285443745E-12));
#376=LINE('',#375,#374);
#377=DIRECTION('',(0.E0,-1.E0,5.414253355043E-12));
#378=VECTOR('',#377,1.086881039375E-1);
#379=CARTESIAN_POINT('',(3.15E0,3.086881039375E-1,0.E0));
#380=LINE('',#379,#378);
#381=CARTESIAN_POINT('',(0.E0,2.E-1,0.E0));
#382=DIRECTION('',(0.E0,1.E0,0.E0));
#383=DIRECTION('',(-1.E0,0.E0,4.435226559603E-13));
#384=AXIS2_PLACEMENT_3D('',#381,#382,#383);
#386=CARTESIAN_POINT('',(0.E0,2.E-1,0.E0));
#387=DIRECTION('',(0.E0,1.E0,0.E0));
#388=DIRECTION('',(9.999737692635E-1,0.E0,7.242981769447E-3));
#389=AXIS2_PLACEMENT_3D('',#386,#387,#388);
#391=CARTESIAN_POINT('',(0.E0,0.E0,0.E0));
#392=DIRECTION('',(0.E0,-1.E0,0.E0));
#393=DIRECTION('',(1.E0,0.E0,0.E0));
#394=AXIS2_PLACEMENT_3D('',#391,#392,#393);
#396=CARTESIAN_POINT('',(-2.95E0,2.E-1,-1.100838170620E-12));
#397=DIRECTION('',(3.731650405348E-13,0.E0,-1.E0));
#398=DIRECTION('',(0.E0,-1.E0,0.E0));
#399=AXIS2_PLACEMENT_3D('',#396,#397,#398);
#401=CARTESIAN_POINT('',(0.E0,3.086881039375E-1,0.E0));
#402=DIRECTION('',(0.E0,-1.E0,0.E0));
#403=DIRECTION('',(0.E0,0.E0,1.E0));
#404=AXIS2_PLACEMENT_3D('',#401,#402,#403);
#406=CARTESIAN_POINT('',(-2.8E0,3.086881039375E-1,-1.221100998094E-11));
#407=DIRECTION('',(4.361075736647E-12,0.E0,-1.E0));
#408=DIRECTION('',(-1.E0,0.E0,-4.361075736647E-12));
#409=AXIS2_PLACEMENT_3D('',#406,#407,#408);
#411=CARTESIAN_POINT('',(0.E0,5.695627013127E-1,0.E0));
#412=DIRECTION('',(0.E0,-1.E0,0.E0));
#413=DIRECTION('',(-1.E0,0.E0,0.E0));
#414=AXIS2_PLACEMENT_3D('',#411,#412,#413);
#416=CARTESIAN_POINT('',(0.E0,5.695627013127E-1,0.E0));
#417=DIRECTION('',(0.E0,-1.E0,0.E0));
#418=DIRECTION('',(-9.999761274546E-1,0.E0,-6.909741017747E-3));
#419=AXIS2_PLACEMENT_3D('',#416,#417,#418);
#421=CARTESIAN_POINT('',(0.E0,8.304372986873E-1,0.E0));
#422=DIRECTION('',(0.E0,1.E0,0.E0));
#423=DIRECTION('',(0.E0,0.E0,-1.E0));
#424=AXIS2_PLACEMENT_3D('',#421,#422,#423);
#426=CARTESIAN_POINT('',(0.E0,8.304372986873E-1,0.E0));
#427=DIRECTION('',(0.E0,1.E0,0.E0));
#428=DIRECTION('',(-7.034714321322E-3,0.E0,-9.999752560911E-1));
#429=AXIS2_PLACEMENT_3D('',#426,#427,#428);
#431=CARTESIAN_POINT('',(0.E0,8.304372986873E-1,0.E0));
#432=DIRECTION('',(0.E0,1.E0,0.E0));
#433=DIRECTION('',(-1.E0,0.E0,0.E0));
#434=AXIS2_PLACEMENT_3D('',#431,#432,#433);
#436=CARTESIAN_POINT('',(0.E0,5.695627013127E-1,0.E0));
#437=DIRECTION('',(0.E0,-1.E0,0.E0));
#438=DIRECTION('',(0.E0,0.E0,1.E0));
#439=AXIS2_PLACEMENT_3D('',#436,#437,#438);
#441=CARTESIAN_POINT('',(0.E0,3.086881039375E-1,0.E0));
#442=DIRECTION('',(0.E0,-1.E0,0.E0));
#443=DIRECTION('',(-1.E0,0.E0,4.435226559603E-13));
#444=AXIS2_PLACEMENT_3D('',#441,#442,#443);
#446=CARTESIAN_POINT('',(0.E0,3.086881039375E-1,0.E0));
#447=DIRECTION('',(0.E0,-1.E0,0.E0));
#448=DIRECTION('',(-9.999761274546E-1,0.E0,-6.909741017747E-3));
#449=AXIS2_PLACEMENT_3D('',#446,#447,#448);
#451=CARTESIAN_POINT('',(0.E0,3.086881039375E-1,0.E0));
#452=DIRECTION('',(0.E0,-1.E0,0.E0));
#453=DIRECTION('',(1.E0,0.E0,0.E0));
#454=AXIS2_PLACEMENT_3D('',#451,#452,#453);
#456=CARTESIAN_POINT('',(0.E0,3.086881039375E-1,0.E0));
#457=DIRECTION('',(0.E0,-1.E0,0.E0));
#458=DIRECTION('',(9.999761274546E-1,0.E0,6.909741017747E-3));
#459=AXIS2_PLACEMENT_3D('',#456,#457,#458);
#461=CARTESIAN_POINT('',(-1.468421564899E-11,3.086881039375E-1,2.8E0));
#462=DIRECTION('',(-1.E0,0.E0,-5.244363103507E-12));
#463=DIRECTION('',(-5.244363103507E-12,0.E0,1.E0));
#464=AXIS2_PLACEMENT_3D('',#461,#462,#463);
#466=CARTESIAN_POINT('',(0.E0,5.695627013127E-1,0.E0));
#467=DIRECTION('',(0.E0,-1.E0,0.E0));
#468=DIRECTION('',(0.E0,0.E0,-1.E0));
#469=AXIS2_PLACEMENT_3D('',#466,#467,#468);
#471=CARTESIAN_POINT('',(0.E0,5.695627013127E-1,0.E0));
#472=DIRECTION('',(0.E0,-1.E0,0.E0));
#473=DIRECTION('',(9.999761274546E-1,0.E0,6.909741017747E-3));
#474=AXIS2_PLACEMENT_3D('',#471,#472,#473);
#476=CARTESIAN_POINT('',(0.E0,7.E-1,3.15E0));
#477=DIRECTION('',(1.E0,0.E0,0.E0));
#478=DIRECTION('',(0.E0,-7.453559924990E-1,-6.666666666677E-1));
#479=AXIS2_PLACEMENT_3D('',#476,#477,#478);
#481=CARTESIAN_POINT('',(0.E0,7.E-1,3.15E0));
#482=DIRECTION('',(1.E0,0.E0,0.E0));
#483=DIRECTION('',(0.E0,0.E0,-1.E0));
#484=AXIS2_PLACEMENT_3D('',#481,#482,#483);
#486=CARTESIAN_POINT('',(0.E0,8.304372986873E-1,0.E0));
#487=DIRECTION('',(0.E0,1.E0,0.E0));
#488=DIRECTION('',(0.E0,0.E0,1.E0));
#489=AXIS2_PLACEMENT_3D('',#486,#487,#488);
#491=CARTESIAN_POINT('',(0.E0,8.304372986873E-1,0.E0));
#492=DIRECTION('',(0.E0,1.E0,0.E0));
#493=DIRECTION('',(7.034714321322E-3,0.E0,9.999752560911E-1));
#494=AXIS2_PLACEMENT_3D('',#491,#492,#493);
#496=CARTESIAN_POINT('',(0.E0,7.E-1,-3.15E0));
#497=DIRECTION('',(1.E0,0.E0,0.E0));
#498=DIRECTION('',(0.E0,7.453559924990E-1,6.666666666677E-1));
#499=AXIS2_PLACEMENT_3D('',#496,#497,#498);
#501=CARTESIAN_POINT('',(0.E0,7.E-1,-3.15E0));
#502=DIRECTION('',(1.E0,0.E0,0.E0));
#503=DIRECTION('',(0.E0,0.E0,1.E0));
#504=AXIS2_PLACEMENT_3D('',#501,#502,#503);
#506=CARTESIAN_POINT('',(0.E0,1.091311896062E0,0.E0));
#507=DIRECTION('',(0.E0,1.E0,0.E0));
#508=DIRECTION('',(0.E0,0.E0,1.E0));
#509=AXIS2_PLACEMENT_3D('',#506,#507,#508);
#511=CARTESIAN_POINT('',(0.E0,1.091311896062E0,0.E0));
#512=DIRECTION('',(0.E0,1.E0,0.E0));
#513=DIRECTION('',(1.E0,0.E0,0.E0));
#514=AXIS2_PLACEMENT_3D('',#511,#512,#513);
#516=CARTESIAN_POINT('',(-2.8E0,1.091311896062E0,2.224133030526E-11));
#517=DIRECTION('',(7.943331756244E-12,0.E0,1.E0));
#518=DIRECTION('',(-1.E0,0.E0,7.943331756244E-12));
#519=AXIS2_PLACEMENT_3D('',#516,#517,#518);
#521=CARTESIAN_POINT('',(0.E0,1.091311896062E0,0.E0));
#522=DIRECTION('',(0.E0,1.E0,0.E0));
#523=DIRECTION('',(-1.E0,0.E0,4.430785667504E-13));
#524=AXIS2_PLACEMENT_3D('',#521,#522,#523);
#526=CARTESIAN_POINT('',(1.257772705432E-11,1.091311896062E0,2.8E0));
#527=DIRECTION('',(1.E0,0.E0,-4.492044756998E-12));
#528=DIRECTION('',(4.492044756998E-12,0.E0,1.E0));
#529=AXIS2_PLACEMENT_3D('',#526,#527,#528);
#531=DIRECTION('',(0.E0,-1.E0,1.285086732353E-14));
#532=VECTOR('',#531,9.758688103938E0);
#533=CARTESIAN_POINT('',(3.15E0,1.085E1,-1.247167493786E-13));
#534=LINE('',#533,#532);
#535=CARTESIAN_POINT('',(0.E0,1.085E1,0.E0));
#536=DIRECTION('',(0.E0,-1.E0,0.E0));
#537=DIRECTION('',(1.E0,0.E0,0.E0));
#538=AXIS2_PLACEMENT_3D('',#535,#536,#537);
#540=CARTESIAN_POINT('',(0.E0,1.085E1,0.E0));
#541=DIRECTION('',(0.E0,-1.E0,0.E0));
#542=DIRECTION('',(-9.999779290344E-1,0.E0,6.643902778679E-3));
#543=AXIS2_PLACEMENT_3D('',#540,#541,#542);
#545=CARTESIAN_POINT('',(0.E0,1.1E1,0.E0));
#546=DIRECTION('',(0.E0,1.E0,0.E0));
#547=DIRECTION('',(-1.E0,0.E0,0.E0));
#548=AXIS2_PLACEMENT_3D('',#545,#546,#547);
#550=CARTESIAN_POINT('',(3.E0,1.085E1,-2.384065167504E-13));
#551=DIRECTION('',(-7.946854979624E-14,0.E0,-1.E0));
#552=DIRECTION('',(0.E0,1.E0,0.E0));
#553=AXIS2_PLACEMENT_3D('',#550,#551,#552);
#555=CARTESIAN_POINT('',(0.E0,1.085E1,0.E0));
#556=DIRECTION('',(0.E0,-1.E0,0.E0));
#557=DIRECTION('',(-1.E0,0.E0,4.430785667504E-13));
#558=AXIS2_PLACEMENT_3D('',#555,#556,#557);
#560=CARTESIAN_POINT('',(0.E0,1.085E1,0.E0));
#561=DIRECTION('',(0.E0,-1.E0,0.E0));
#562=DIRECTION('',(9.999779290344E-1,0.E0,-6.643902778680E-3));
#563=AXIS2_PLACEMENT_3D('',#560,#561,#562);
#565=CARTESIAN_POINT('',(0.E0,1.1E1,0.E0));
#566=DIRECTION('',(0.E0,1.E0,0.E0));
#567=DIRECTION('',(1.E0,0.E0,0.E0));
#568=AXIS2_PLACEMENT_3D('',#565,#566,#567);
#570=CARTESIAN_POINT('',(-3.E0,1.085E1,2.357419814913E-13));
#571=DIRECTION('',(7.858037137654E-14,0.E0,1.E0));
#572=DIRECTION('',(0.E0,1.E0,0.E0));
#573=AXIS2_PLACEMENT_3D('',#570,#571,#572);
#575=DIRECTION('',(0.E0,-1.E0,1.269230047009E-12));
#576=VECTOR('',#575,9.758688103938E0);
#577=CARTESIAN_POINT('',(-3.15E0,1.085E1,8.220592803206E-13));
#578=LINE('',#577,#576);
#579=CARTESIAN_POINT('',(0.E0,1.1E1,0.E0));
#580=DIRECTION('',(0.E0,-1.E0,0.E0));
#581=DIRECTION('',(-1.E0,0.E0,0.E0));
#582=AXIS2_PLACEMENT_3D('',#579,#580,#581);
#584=CARTESIAN_POINT('',(0.E0,1.1E1,0.E0));
#585=DIRECTION('',(0.E0,-1.E0,0.E0));
#586=DIRECTION('',(1.E0,0.E0,0.E0));
#587=AXIS2_PLACEMENT_3D('',#584,#585,#586);
#589=CARTESIAN_POINT('',(0.E0,1.1E1,0.E0));
#590=DIRECTION('',(0.E0,1.E0,0.E0));
#591=DIRECTION('',(0.E0,0.E0,-1.E0));
#592=AXIS2_PLACEMENT_3D('',#589,#590,#591);
#594=CARTESIAN_POINT('',(0.E0,1.1E1,0.E0));
#595=DIRECTION('',(0.E0,1.E0,0.E0));
#596=DIRECTION('',(0.E0,0.E0,1.E0));
#597=AXIS2_PLACEMENT_3D('',#594,#595,#596);
#599=DIRECTION('',(0.E0,1.E0,0.E0));
#600=VECTOR('',#599,2.E-2);
#601=CARTESIAN_POINT('',(0.E0,1.098E1,2.E0));
#602=LINE('',#601,#600);
#603=DIRECTION('',(0.E0,1.E0,0.E0));
#604=VECTOR('',#603,2.E-2);
#605=CARTESIAN_POINT('',(0.E0,1.098E1,-2.E0));
#606=LINE('',#605,#604);
#607=CARTESIAN_POINT('',(0.E0,1.098E1,0.E0));
#608=DIRECTION('',(0.E0,-1.E0,0.E0));
#609=DIRECTION('',(0.E0,0.E0,1.E0));
#610=AXIS2_PLACEMENT_3D('',#607,#608,#609);
#612=CARTESIAN_POINT('',(0.E0,1.098E1,0.E0));
#613=DIRECTION('',(0.E0,-1.E0,0.E0));
#614=DIRECTION('',(0.E0,0.E0,-1.E0));
#615=AXIS2_PLACEMENT_3D('',#612,#613,#614);
#617=DIRECTION('',(0.E0,-1.E0,0.E0));
#618=VECTOR('',#617,1.E-1);
#619=CARTESIAN_POINT('',(0.E0,1.E-1,-2.4E0));
#620=LINE('',#619,#618);
#621=DIRECTION('',(0.E0,-1.E0,0.E0));
#622=VECTOR('',#621,1.E-1);
#623=CARTESIAN_POINT('',(0.E0,1.E-1,2.4E0));
#624=LINE('',#623,#622);
#625=CARTESIAN_POINT('',(0.E0,1.E-1,0.E0));
#626=DIRECTION('',(0.E0,1.E0,0.E0));
#627=DIRECTION('',(0.E0,0.E0,-1.E0));
#628=AXIS2_PLACEMENT_3D('',#625,#626,#627);
#630=CARTESIAN_POINT('',(0.E0,1.E-1,0.E0));
#631=DIRECTION('',(0.E0,1.E0,0.E0));
#632=DIRECTION('',(0.E0,0.E0,1.E0));
#633=AXIS2_PLACEMENT_3D('',#630,#631,#632);
#635=CARTESIAN_POINT('',(0.E0,1.E-1,1.25E0));
#636=DIRECTION('',(0.E0,-1.E0,0.E0));
#637=DIRECTION('',(0.E0,0.E0,-1.E0));
#638=AXIS2_PLACEMENT_3D('',#635,#636,#637);
#640=CARTESIAN_POINT('',(0.E0,1.E-1,1.25E0));
#641=DIRECTION('',(0.E0,-1.E0,0.E0));
#642=DIRECTION('',(0.E0,0.E0,1.E0));
#643=AXIS2_PLACEMENT_3D('',#640,#641,#642);
#645=CARTESIAN_POINT('',(0.E0,1.E-1,-1.25E0));
#646=DIRECTION('',(0.E0,-1.E0,0.E0));
#647=DIRECTION('',(-1.E0,0.E0,0.E0));
#648=AXIS2_PLACEMENT_3D('',#645,#646,#647);
#650=CARTESIAN_POINT('',(0.E0,1.E-1,-1.25E0));
#651=DIRECTION('',(0.E0,-1.E0,0.E0));
#652=DIRECTION('',(1.E0,0.E0,0.E0));
#653=AXIS2_PLACEMENT_3D('',#650,#651,#652);
#655=DIRECTION('',(0.E0,1.E0,0.E0));
#656=VECTOR('',#655,2.E1);
#657=CARTESIAN_POINT('',(0.E0,-1.99E1,1.5E0));
#658=LINE('',#657,#656);
#659=DIRECTION('',(0.E0,1.E0,0.E0));
#660=VECTOR('',#659,2.E1);
#661=CARTESIAN_POINT('',(0.E0,-1.99E1,1.E0));
#662=LINE('',#661,#660);
#663=CARTESIAN_POINT('',(0.E0,-1.99E1,1.25E0));
#664=DIRECTION('',(0.E0,1.E0,0.E0));
#665=DIRECTION('',(0.E0,0.E0,1.E0));
#666=AXIS2_PLACEMENT_3D('',#663,#664,#665);
#668=CARTESIAN_POINT('',(0.E0,-1.99E1,1.25E0));
#669=DIRECTION('',(0.E0,1.E0,0.E0));
#670=DIRECTION('',(0.E0,0.E0,-1.E0));
#671=AXIS2_PLACEMENT_3D('',#668,#669,#670);
#673=DIRECTION('',(0.E0,1.E0,0.E0));
#674=VECTOR('',#673,2.5E1);
#675=CARTESIAN_POINT('',(2.5E-1,-2.49E1,-1.25E0));
#676=LINE('',#675,#674);
#677=DIRECTION('',(0.E0,1.E0,0.E0));
#678=VECTOR('',#677,2.5E1);
#679=CARTESIAN_POINT('',(-2.5E-1,-2.49E1,-1.25E0));
#680=LINE('',#679,#678);
#681=CARTESIAN_POINT('',(0.E0,-2.49E1,-1.25E0));
#682=DIRECTION('',(0.E0,1.E0,0.E0));
#683=DIRECTION('',(1.E0,0.E0,0.E0));
#684=AXIS2_PLACEMENT_3D('',#681,#682,#683);
#686=CARTESIAN_POINT('',(0.E0,-2.49E1,-1.25E0));
#687=DIRECTION('',(0.E0,1.E0,0.E0));
#688=DIRECTION('',(-1.E0,0.E0,0.E0));
#689=AXIS2_PLACEMENT_3D('',#686,#687,#688);
#691=CARTESIAN_POINT('',(2.95E0,0.E0,0.E0));
#692=CARTESIAN_POINT('',(-2.949922619327E0,0.E0,-2.136679621987E-2));
#693=VERTEX_POINT('',#691);
#694=VERTEX_POINT('',#692);
#695=CARTESIAN_POINT('',(-2.95E0,0.E0,0.E0));
#696=VERTEX_POINT('',#695);
#697=CARTESIAN_POINT('',(2.949922619327E0,0.E0,2.136679621987E-2));
#698=VERTEX_POINT('',#697);
#699=CARTESIAN_POINT('',(0.E0,0.E0,2.4E0));
#700=CARTESIAN_POINT('',(0.E0,0.E0,-2.4E0));
#701=VERTEX_POINT('',#699);
#702=VERTEX_POINT('',#700);
#703=CARTESIAN_POINT('',(3.15E0,2.E-1,0.E0));
#704=CARTESIAN_POINT('',(-3.149917373180E0,2.E-1,-2.281539257376E-2));
#705=VERTEX_POINT('',#703);
#706=VERTEX_POINT('',#704);
#707=CARTESIAN_POINT('',(-3.15E0,2.E-1,1.397094245847E-12));
#708=VERTEX_POINT('',#707);
#709=CARTESIAN_POINT('',(-3.15E0,1.085E1,1.395697485264E-12));
#710=CARTESIAN_POINT('',(3.149930476458E0,1.085E1,-2.092829375284E-2));
#711=VERTEX_POINT('',#709);
#712=VERTEX_POINT('',#710);
#713=CARTESIAN_POINT('',(3.15E0,1.085E1,0.E0));
#714=VERTEX_POINT('',#713);
#715=CARTESIAN_POINT('',(-3.15E0,1.091311896062E0,1.320807944122E-11));
#716=VERTEX_POINT('',#715);
#717=CARTESIAN_POINT('',(3.15E0,1.091311896062E0,0.E0));
#718=VERTEX_POINT('',#717);
#719=CARTESIAN_POINT('',(3.15E0,3.086881039375E-1,0.E0));
#720=VERTEX_POINT('',#719);
#721=CARTESIAN_POINT('',(-3.15E0,3.086881039375E-1,1.397096366275E-12));
#722=CARTESIAN_POINT('',(-3.149924801482E0,3.086881039375E-1,
-2.176568420590E-2));
#723=VERTEX_POINT('',#721);
#724=VERTEX_POINT('',#722);
#725=CARTESIAN_POINT('',(3.E0,1.1E1,-2.384065167504E-13));
#726=VERTEX_POINT('',#725);
#727=CARTESIAN_POINT('',(-3.E0,1.1E1,0.E0));
#728=CARTESIAN_POINT('',(2.999933787103E0,1.1E1,-1.993170833604E-2));
#729=VERTEX_POINT('',#727);
#730=VERTEX_POINT('',#728);
#731=CARTESIAN_POINT('',(-3.149930476458E0,1.085E1,2.092829375284E-2));
#732=VERTEX_POINT('',#731);
#733=CARTESIAN_POINT('',(-2.999933787103E0,1.1E1,1.993170833604E-2));
#734=VERTEX_POINT('',#733);
#735=CARTESIAN_POINT('',(0.E0,1.091311896062E0,3.15E0));
#736=VERTEX_POINT('',#735);
#737=CARTESIAN_POINT('',(3.149917373180E0,2.E-1,2.281539257376E-2));
#738=VERTEX_POINT('',#737);
#739=CARTESIAN_POINT('',(0.E0,3.086881039375E-1,3.15E0));
#740=VERTEX_POINT('',#739);
#741=CARTESIAN_POINT('',(3.149924801482E0,3.086881039375E-1,2.176568420590E-2));
#742=VERTEX_POINT('',#741);
#743=CARTESIAN_POINT('',(2.133863344134E-2,8.304372986873E-1,3.033258276809E0));
#744=CARTESIAN_POINT('',(0.E0,8.304372986873E-1,-3.033333333333E0));
#745=VERTEX_POINT('',#743);
#746=VERTEX_POINT('',#744);
#747=CARTESIAN_POINT('',(0.E0,8.304372986873E-1,3.033333333333E0));
#748=VERTEX_POINT('',#747);
#749=CARTESIAN_POINT('',(-3.033333333333E0,8.304372986871E-1,
2.409477438172E-11));
#750=VERTEX_POINT('',#749);
#751=CARTESIAN_POINT('',(-2.133863344134E-2,8.304372986873E-1,
-3.033258276809E0));
#752=VERTEX_POINT('',#751);
#753=CARTESIAN_POINT('',(3.033260919945E0,5.695627013127E-1,2.095954775383E-2));
#754=CARTESIAN_POINT('',(0.E0,5.695627013127E-1,3.033333333333E0));
#755=VERTEX_POINT('',#753);
#756=VERTEX_POINT('',#754);
#757=CARTESIAN_POINT('',(0.E0,5.695627013127E-1,-3.033333333333E0));
#758=VERTEX_POINT('',#757);
#759=CARTESIAN_POINT('',(0.E0,7.E-1,2.975E0));
#760=VERTEX_POINT('',#759);
#761=CARTESIAN_POINT('',(0.E0,7.E-1,-2.975E0));
#762=VERTEX_POINT('',#761);
#763=CARTESIAN_POINT('',(-3.033260919945E0,5.695627013127E-1,
-2.095954775383E-2));
#764=VERTEX_POINT('',#763);
#765=CARTESIAN_POINT('',(-3.033333333333E0,5.695627013127E-1,0.E0));
#766=VERTEX_POINT('',#765);
#767=CARTESIAN_POINT('',(0.E0,1.1E1,-2.E0));
#768=CARTESIAN_POINT('',(0.E0,1.1E1,2.E0));
#769=VERTEX_POINT('',#767);
#770=VERTEX_POINT('',#768);
#771=CARTESIAN_POINT('',(0.E0,1.098E1,-2.E0));
#772=VERTEX_POINT('',#771);
#773=CARTESIAN_POINT('',(0.E0,1.098E1,2.E0));
#774=VERTEX_POINT('',#773);
#775=CARTESIAN_POINT('',(0.E0,1.E-1,2.4E0));
#776=VERTEX_POINT('',#775);
#777=CARTESIAN_POINT('',(0.E0,1.E-1,-2.4E0));
#778=VERTEX_POINT('',#777);
#779=CARTESIAN_POINT('',(0.E0,1.E-1,1.E0));
#780=CARTESIAN_POINT('',(0.E0,1.E-1,1.5E0));
#781=VERTEX_POINT('',#779);
#782=VERTEX_POINT('',#780);
#783=CARTESIAN_POINT('',(-2.5E-1,1.E-1,-1.25E0));
#784=CARTESIAN_POINT('',(2.5E-1,1.E-1,-1.25E0));
#785=VERTEX_POINT('',#783);
#786=VERTEX_POINT('',#784);
#787=CARTESIAN_POINT('',(0.E0,-1.99E1,1.E0));
#788=VERTEX_POINT('',#787);
#789=CARTESIAN_POINT('',(0.E0,-1.99E1,1.5E0));
#790=VERTEX_POINT('',#789);
#791=CARTESIAN_POINT('',(-2.5E-1,-2.49E1,-1.25E0));
#792=VERTEX_POINT('',#791);
#793=CARTESIAN_POINT('',(2.5E-1,-2.49E1,-1.25E0));
#794=VERTEX_POINT('',#793);
#795=CARTESIAN_POINT('',(0.E0,0.E0,0.E0));
#796=DIRECTION('',(0.E0,1.E0,0.E0));
#797=DIRECTION('',(1.E0,0.E0,0.E0));
#798=AXIS2_PLACEMENT_3D('',#795,#796,#797);
#799=PLANE('',#798);
#801=ORIENTED_EDGE('',*,*,#800,.T.);
#803=ORIENTED_EDGE('',*,*,#802,.F.);
#805=ORIENTED_EDGE('',*,*,#804,.T.);
#807=ORIENTED_EDGE('',*,*,#806,.F.);
#808=EDGE_LOOP('',(#801,#803,#805,#807));
#809=FACE_OUTER_BOUND('',#808,.F.);
#811=ORIENTED_EDGE('',*,*,#810,.T.);
#813=ORIENTED_EDGE('',*,*,#812,.T.);
#814=EDGE_LOOP('',(#811,#813));
#815=FACE_BOUND('',#814,.F.);
#817=FILL_AREA_STYLE_COLOUR('',#228);
#818=FILL_AREA_STYLE('',(#817));
#819=SURFACE_STYLE_FILL_AREA(#818);
#820=SURFACE_SIDE_STYLE('',(#819));
#821=SURFACE_STYLE_USAGE(.BOTH.,#820);
#822=PRESENTATION_STYLE_ASSIGNMENT((#821));
#823=STYLED_ITEM('',(#822),#816);
#824=CARTESIAN_POINT('',(0.E0,2.E-1,0.E0));
#825=DIRECTION('',(0.E0,1.E0,0.E0));
#826=DIRECTION('',(9.999737692635E-1,0.E0,7.242981769447E-3));
#827=AXIS2_PLACEMENT_3D('',#824,#825,#826);
#828=TOROIDAL_SURFACE('',#827,2.95E0,2.E-1);
#830=ORIENTED_EDGE('',*,*,#829,.T.);
#832=ORIENTED_EDGE('',*,*,#831,.T.);
#834=ORIENTED_EDGE('',*,*,#833,.F.);
#835=ORIENTED_EDGE('',*,*,#802,.T.);
#836=ORIENTED_EDGE('',*,*,#800,.F.);
#838=ORIENTED_EDGE('',*,*,#837,.T.);
#839=EDGE_LOOP('',(#830,#832,#834,#835,#836,#838));
#840=FACE_OUTER_BOUND('',#839,.F.);
#842=FILL_AREA_STYLE_COLOUR('',#228);
#843=FILL_AREA_STYLE('',(#842));
#844=SURFACE_STYLE_FILL_AREA(#843);
#845=SURFACE_SIDE_STYLE('',(#844));
#846=SURFACE_STYLE_USAGE(.BOTH.,#845);
#847=PRESENTATION_STYLE_ASSIGNMENT((#846));
#848=STYLED_ITEM('',(#847),#841);
#849=CARTESIAN_POINT('',(0.E0,0.E0,0.E0));
#850=DIRECTION('',(0.E0,1.E0,0.E0));
#851=DIRECTION('',(1.E0,0.E0,0.E0));
#852=AXIS2_PLACEMENT_3D('',#849,#850,#851);
#853=CYLINDRICAL_SURFACE('',#852,3.15E0);
#854=ORIENTED_EDGE('',*,*,#831,.F.);
#855=ORIENTED_EDGE('',*,*,#829,.F.);
#857=ORIENTED_EDGE('',*,*,#856,.F.);
#859=ORIENTED_EDGE('',*,*,#858,.F.);
#861=ORIENTED_EDGE('',*,*,#860,.F.);
#863=ORIENTED_EDGE('',*,*,#862,.T.);
#864=EDGE_LOOP('',(#854,#855,#857,#859,#861,#863));
#865=FACE_OUTER_BOUND('',#864,.F.);
#867=FILL_AREA_STYLE_COLOUR('',#228);
#868=FILL_AREA_STYLE('',(#867));
#869=SURFACE_STYLE_FILL_AREA(#868);
#870=SURFACE_SIDE_STYLE('',(#869));
#871=SURFACE_STYLE_USAGE(.BOTH.,#870);
#872=PRESENTATION_STYLE_ASSIGNMENT((#871));
#873=STYLED_ITEM('',(#872),#866);
#874=CARTESIAN_POINT('',(0.E0,0.E0,0.E0));
#875=DIRECTION('',(0.E0,1.E0,0.E0));
#876=DIRECTION('',(1.E0,0.E0,0.E0));
#877=AXIS2_PLACEMENT_3D('',#874,#875,#876);
#878=CYLINDRICAL_SURFACE('',#877,3.15E0);
#880=ORIENTED_EDGE('',*,*,#879,.F.);
#882=ORIENTED_EDGE('',*,*,#881,.F.);
#883=ORIENTED_EDGE('',*,*,#862,.F.);
#885=ORIENTED_EDGE('',*,*,#884,.F.);
#887=ORIENTED_EDGE('',*,*,#886,.F.);
#889=ORIENTED_EDGE('',*,*,#888,.F.);
#890=ORIENTED_EDGE('',*,*,#856,.T.);
#891=EDGE_LOOP('',(#880,#882,#883,#885,#887,#889,#890));
#892=FACE_OUTER_BOUND('',#891,.F.);
#894=FILL_AREA_STYLE_COLOUR('',#228);
#895=FILL_AREA_STYLE('',(#894));
#896=SURFACE_STYLE_FILL_AREA(#895);
#897=SURFACE_SIDE_STYLE('',(#896));
#898=SURFACE_STYLE_USAGE(.BOTH.,#897);
#899=PRESENTATION_STYLE_ASSIGNMENT((#898));
#900=STYLED_ITEM('',(#899),#893);
#901=CARTESIAN_POINT('',(0.E0,2.E-1,0.E0));
#902=DIRECTION('',(0.E0,1.E0,0.E0));
#903=DIRECTION('',(-9.999737692635E-1,0.E0,-7.242981769447E-3));
#904=AXIS2_PLACEMENT_3D('',#901,#902,#903);
#905=TOROIDAL_SURFACE('',#904,2.95E0,2.E-1);
#906=ORIENTED_EDGE('',*,*,#881,.T.);
#907=ORIENTED_EDGE('',*,*,#879,.T.);
#908=ORIENTED_EDGE('',*,*,#837,.F.);
#909=ORIENTED_EDGE('',*,*,#806,.T.);
#910=ORIENTED_EDGE('',*,*,#804,.F.);
#911=ORIENTED_EDGE('',*,*,#833,.T.);
#912=EDGE_LOOP('',(#906,#907,#908,#909,#910,#911));
#913=FACE_OUTER_BOUND('',#912,.F.);
#915=FILL_AREA_STYLE_COLOUR('',#228);
#916=FILL_AREA_STYLE('',(#915));
#917=SURFACE_STYLE_FILL_AREA(#916);
#918=SURFACE_SIDE_STYLE('',(#917));
#919=SURFACE_STYLE_USAGE(.BOTH.,#918);
#920=PRESENTATION_STYLE_ASSIGNMENT((#919));
#921=STYLED_ITEM('',(#920),#914);
#922=CARTESIAN_POINT('',(0.E0,3.086881039375E-1,0.E0));
#923=DIRECTION('',(0.E0,1.E0,0.E0));
#924=DIRECTION('',(-9.999761274546E-1,0.E0,-6.909741017747E-3));
#925=AXIS2_PLACEMENT_3D('',#922,#923,#924);
#926=TOROIDAL_SURFACE('',#925,2.8E0,3.5E-1);
#928=ORIENTED_EDGE('',*,*,#927,.F.);
#930=ORIENTED_EDGE('',*,*,#929,.F.);
#931=ORIENTED_EDGE('',*,*,#884,.T.);
#933=ORIENTED_EDGE('',*,*,#932,.T.);
#934=EDGE_LOOP('',(#928,#930,#931,#933));
#935=FACE_OUTER_BOUND('',#934,.F.);
#937=FILL_AREA_STYLE_COLOUR('',#228);
#938=FILL_AREA_STYLE('',(#937));
#939=SURFACE_STYLE_FILL_AREA(#938);
#940=SURFACE_SIDE_STYLE('',(#939));
#941=SURFACE_STYLE_USAGE(.BOTH.,#940);
#942=PRESENTATION_STYLE_ASSIGNMENT((#941));
#943=STYLED_ITEM('',(#942),#936);
#944=CARTESIAN_POINT('',(0.E0,7.E-1,0.E0));
#945=DIRECTION('',(0.E0,1.E0,0.E0));
#946=DIRECTION('',(0.E0,0.E0,-1.E0));
#947=AXIS2_PLACEMENT_3D('',#944,#945,#946);
#948=TOROIDAL_SURFACE('',#947,3.15E0,1.75E-1);
#950=ORIENTED_EDGE('',*,*,#949,.T.);
#952=ORIENTED_EDGE('',*,*,#951,.T.);
#954=ORIENTED_EDGE('',*,*,#953,.F.);
#956=ORIENTED_EDGE('',*,*,#955,.F.);
#958=ORIENTED_EDGE('',*,*,#957,.T.);
#960=ORIENTED_EDGE('',*,*,#959,.T.);
#962=ORIENTED_EDGE('',*,*,#961,.T.);
#964=ORIENTED_EDGE('',*,*,#963,.F.);
#966=ORIENTED_EDGE('',*,*,#965,.F.);
#967=ORIENTED_EDGE('',*,*,#927,.T.);
#968=EDGE_LOOP('',(#950,#952,#954,#956,#958,#960,#962,#964,#966,#967));
#969=FACE_OUTER_BOUND('',#968,.F.);
#971=FILL_AREA_STYLE_COLOUR('',#228);
#972=FILL_AREA_STYLE('',(#971));
#973=SURFACE_STYLE_FILL_AREA(#972);
#974=SURFACE_SIDE_STYLE('',(#973));
#975=SURFACE_STYLE_USAGE(.BOTH.,#974);
#976=PRESENTATION_STYLE_ASSIGNMENT((#975));
#977=STYLED_ITEM('',(#976),#970);
#978=CARTESIAN_POINT('',(0.E0,3.086881039375E-1,0.E0));
#979=DIRECTION('',(0.E0,1.E0,0.E0));
#980=DIRECTION('',(9.999761274546E-1,0.E0,6.909741017747E-3));
#981=AXIS2_PLACEMENT_3D('',#978,#979,#980);
#982=TOROIDAL_SURFACE('',#981,2.8E0,3.5E-1);
#984=ORIENTED_EDGE('',*,*,#983,.F.);
#986=ORIENTED_EDGE('',*,*,#985,.F.);
#987=ORIENTED_EDGE('',*,*,#951,.F.);
#988=ORIENTED_EDGE('',*,*,#949,.F.);
#989=ORIENTED_EDGE('',*,*,#932,.F.);
#990=ORIENTED_EDGE('',*,*,#860,.T.);
#991=ORIENTED_EDGE('',*,*,#858,.T.);
#992=ORIENTED_EDGE('',*,*,#888,.T.);
#993=ORIENTED_EDGE('',*,*,#886,.T.);
#994=ORIENTED_EDGE('',*,*,#929,.T.);
#995=EDGE_LOOP('',(#984,#986,#987,#988,#989,#990,#991,#992,#993,#994));
#996=FACE_OUTER_BOUND('',#995,.F.);
#998=FILL_AREA_STYLE_COLOUR('',#228);
#999=FILL_AREA_STYLE('',(#998));
#1000=SURFACE_STYLE_FILL_AREA(#999);
#1001=SURFACE_SIDE_STYLE('',(#1000));
#1002=SURFACE_STYLE_USAGE(.BOTH.,#1001);
#1003=PRESENTATION_STYLE_ASSIGNMENT((#1002));
#1004=STYLED_ITEM('',(#1003),#997);
#1005=CARTESIAN_POINT('',(0.E0,7.E-1,0.E0));
#1006=DIRECTION('',(0.E0,1.E0,0.E0));
#1007=DIRECTION('',(0.E0,0.E0,-1.E0));
#1008=AXIS2_PLACEMENT_3D('',#1005,#1006,#1007);
#1009=TOROIDAL_SURFACE('',#1008,3.15E0,1.75E-1);
#1010=ORIENTED_EDGE('',*,*,#985,.T.);
#1011=ORIENTED_EDGE('',*,*,#983,.T.);
#1012=ORIENTED_EDGE('',*,*,#965,.T.);
#1013=ORIENTED_EDGE('',*,*,#963,.T.);
#1015=ORIENTED_EDGE('',*,*,#1014,.T.);
#1017=ORIENTED_EDGE('',*,*,#1016,.T.);
#1018=ORIENTED_EDGE('',*,*,#955,.T.);
#1019=ORIENTED_EDGE('',*,*,#953,.T.);
#1020=EDGE_LOOP('',(#1010,#1011,#1012,#1013,#1015,#1017,#1018,#1019));
#1021=FACE_OUTER_BOUND('',#1020,.F.);
#1023=FILL_AREA_STYLE_COLOUR('',#228);
#1024=FILL_AREA_STYLE('',(#1023));
#1025=SURFACE_STYLE_FILL_AREA(#1024);
#1026=SURFACE_SIDE_STYLE('',(#1025));
#1027=SURFACE_STYLE_USAGE(.BOTH.,#1026);
#1028=PRESENTATION_STYLE_ASSIGNMENT((#1027));
#1029=STYLED_ITEM('',(#1028),#1022);
#1030=CARTESIAN_POINT('',(0.E0,1.091311896062E0,0.E0));
#1031=DIRECTION('',(0.E0,1.E0,0.E0));
#1032=DIRECTION('',(-7.034714321322E-3,0.E0,-9.999752560911E-1));
#1033=AXIS2_PLACEMENT_3D('',#1030,#1031,#1032);
#1034=TOROIDAL_SURFACE('',#1033,2.8E0,3.5E-1);
#1035=ORIENTED_EDGE('',*,*,#1016,.F.);
#1036=ORIENTED_EDGE('',*,*,#1014,.F.);
#1038=ORIENTED_EDGE('',*,*,#1037,.F.);
#1040=ORIENTED_EDGE('',*,*,#1039,.T.);
#1042=ORIENTED_EDGE('',*,*,#1041,.T.);
#1044=ORIENTED_EDGE('',*,*,#1043,.T.);
#1045=ORIENTED_EDGE('',*,*,#959,.F.);
#1046=ORIENTED_EDGE('',*,*,#957,.F.);
#1047=EDGE_LOOP('',(#1035,#1036,#1038,#1040,#1042,#1044,#1045,#1046));
#1048=FACE_OUTER_BOUND('',#1047,.F.);
#1050=FILL_AREA_STYLE_COLOUR('',#228);
#1051=FILL_AREA_STYLE('',(#1050));
#1052=SURFACE_STYLE_FILL_AREA(#1051);
#1053=SURFACE_SIDE_STYLE('',(#1052));
#1054=SURFACE_STYLE_USAGE(.BOTH.,#1053);
#1055=PRESENTATION_STYLE_ASSIGNMENT((#1054));
#1056=STYLED_ITEM('',(#1055),#1049);
#1057=CARTESIAN_POINT('',(0.E0,1.091311896062E0,0.E0));
#1058=DIRECTION('',(0.E0,1.E0,0.E0));
#1059=DIRECTION('',(7.034714321323E-3,0.E0,9.999752560911E-1));
#1060=AXIS2_PLACEMENT_3D('',#1057,#1058,#1059);
#1061=TOROIDAL_SURFACE('',#1060,2.8E0,3.5E-1);
#1062=ORIENTED_EDGE('',*,*,#961,.F.);
#1063=ORIENTED_EDGE('',*,*,#1043,.F.);
#1065=ORIENTED_EDGE('',*,*,#1064,.T.);
#1066=ORIENTED_EDGE('',*,*,#1037,.T.);
#1067=EDGE_LOOP('',(#1062,#1063,#1065,#1066));
#1068=FACE_OUTER_BOUND('',#1067,.F.);
#1070=FILL_AREA_STYLE_COLOUR('',#228);
#1071=FILL_AREA_STYLE('',(#1070));
#1072=SURFACE_STYLE_FILL_AREA(#1071);
#1073=SURFACE_SIDE_STYLE('',(#1072));
#1074=SURFACE_STYLE_USAGE(.BOTH.,#1073);
#1075=PRESENTATION_STYLE_ASSIGNMENT((#1074));
#1076=STYLED_ITEM('',(#1075),#1069);
#1077=CARTESIAN_POINT('',(0.E0,0.E0,0.E0));
#1078=DIRECTION('',(0.E0,1.E0,0.E0));
#1079=DIRECTION('',(1.E0,0.E0,0.E0));
#1080=AXIS2_PLACEMENT_3D('',#1077,#1078,#1079);
#1081=CYLINDRICAL_SURFACE('',#1080,3.15E0);
#1083=ORIENTED_EDGE('',*,*,#1082,.F.);
#1085=ORIENTED_EDGE('',*,*,#1084,.F.);
#1087=ORIENTED_EDGE('',*,*,#1086,.T.);
#1088=ORIENTED_EDGE('',*,*,#1039,.F.);
#1089=ORIENTED_EDGE('',*,*,#1064,.F.);
#1091=ORIENTED_EDGE('',*,*,#1090,.F.);
#1092=EDGE_LOOP('',(#1083,#1085,#1087,#1088,#1089,#1091));
#1093=FACE_OUTER_BOUND('',#1092,.F.);
#1095=FILL_AREA_STYLE_COLOUR('',#228);
#1096=FILL_AREA_STYLE('',(#1095));
#1097=SURFACE_STYLE_FILL_AREA(#1096);
#1098=SURFACE_SIDE_STYLE('',(#1097));
#1099=SURFACE_STYLE_USAGE(.BOTH.,#1098);
#1100=PRESENTATION_STYLE_ASSIGNMENT((#1099));
#1101=STYLED_ITEM('',(#1100),#1094);
#1102=CARTESIAN_POINT('',(0.E0,1.085E1,0.E0));
#1103=DIRECTION('',(0.E0,1.E0,0.E0));
#1104=DIRECTION('',(9.999779290344E-1,0.E0,-6.643902778680E-3));
#1105=AXIS2_PLACEMENT_3D('',#1102,#1103,#1104);
#1106=TOROIDAL_SURFACE('',#1105,3.E0,1.5E-1);
#1107=ORIENTED_EDGE('',*,*,#1084,.T.);
#1108=ORIENTED_EDGE('',*,*,#1082,.T.);
#1110=ORIENTED_EDGE('',*,*,#1109,.F.);
#1112=ORIENTED_EDGE('',*,*,#1111,.T.);
#1114=ORIENTED_EDGE('',*,*,#1113,.F.);
#1116=ORIENTED_EDGE('',*,*,#1115,.T.);
#1117=EDGE_LOOP('',(#1107,#1108,#1110,#1112,#1114,#1116));
#1118=FACE_OUTER_BOUND('',#1117,.F.);
#1120=FILL_AREA_STYLE_COLOUR('',#228);
#1121=FILL_AREA_STYLE('',(#1120));
#1122=SURFACE_STYLE_FILL_AREA(#1121);
#1123=SURFACE_SIDE_STYLE('',(#1122));
#1124=SURFACE_STYLE_USAGE(.BOTH.,#1123);
#1125=PRESENTATION_STYLE_ASSIGNMENT((#1124));
#1126=STYLED_ITEM('',(#1125),#1119);
#1127=CARTESIAN_POINT('',(0.E0,1.085E1,0.E0));
#1128=DIRECTION('',(0.E0,1.E0,0.E0));
#1129=DIRECTION('',(-9.999779290344E-1,0.E0,6.643902778680E-3));
#1130=AXIS2_PLACEMENT_3D('',#1127,#1128,#1129);
#1131=TOROIDAL_SURFACE('',#1130,3.E0,1.5E-1);
#1133=ORIENTED_EDGE('',*,*,#1132,.T.);
#1135=ORIENTED_EDGE('',*,*,#1134,.T.);
#1136=ORIENTED_EDGE('',*,*,#1115,.F.);
#1138=ORIENTED_EDGE('',*,*,#1137,.T.);
#1140=ORIENTED_EDGE('',*,*,#1139,.F.);
#1141=ORIENTED_EDGE('',*,*,#1109,.T.);
#1142=EDGE_LOOP('',(#1133,#1135,#1136,#1138,#1140,#1141));
#1143=FACE_OUTER_BOUND('',#1142,.F.);
#1145=FILL_AREA_STYLE_COLOUR('',#228);
#1146=FILL_AREA_STYLE('',(#1145));
#1147=SURFACE_STYLE_FILL_AREA(#1146);
#1148=SURFACE_SIDE_STYLE('',(#1147));
#1149=SURFACE_STYLE_USAGE(.BOTH.,#1148);
#1150=PRESENTATION_STYLE_ASSIGNMENT((#1149));
#1151=STYLED_ITEM('',(#1150),#1144);
#1152=CARTESIAN_POINT('',(0.E0,0.E0,0.E0));
#1153=DIRECTION('',(0.E0,1.E0,0.E0));
#1154=DIRECTION('',(1.E0,0.E0,0.E0));
#1155=AXIS2_PLACEMENT_3D('',#1152,#1153,#1154);
#1156=CYLINDRICAL_SURFACE('',#1155,3.15E0);
#1157=ORIENTED_EDGE('',*,*,#1134,.F.);
#1158=ORIENTED_EDGE('',*,*,#1132,.F.);
#1159=ORIENTED_EDGE('',*,*,#1090,.T.);
#1160=ORIENTED_EDGE('',*,*,#1041,.F.);
#1161=ORIENTED_EDGE('',*,*,#1086,.F.);
#1162=EDGE_LOOP('',(#1157,#1158,#1159,#1160,#1161));
#1163=FACE_OUTER_BOUND('',#1162,.F.);
#1165=FILL_AREA_STYLE_COLOUR('',#228);
#1166=FILL_AREA_STYLE('',(#1165));
#1167=SURFACE_STYLE_FILL_AREA(#1166);
#1168=SURFACE_SIDE_STYLE('',(#1167));
#1169=SURFACE_STYLE_USAGE(.BOTH.,#1168);
#1170=PRESENTATION_STYLE_ASSIGNMENT((#1169));
#1171=STYLED_ITEM('',(#1170),#1164);
#1172=CARTESIAN_POINT('',(0.E0,1.1E1,0.E0));
#1173=DIRECTION('',(0.E0,1.E0,0.E0));
#1174=DIRECTION('',(1.E0,0.E0,0.E0));
#1175=AXIS2_PLACEMENT_3D('',#1172,#1173,#1174);
#1176=PLANE('',#1175);
#1177=ORIENTED_EDGE('',*,*,#1139,.T.);
#1178=ORIENTED_EDGE('',*,*,#1137,.F.);
#1179=ORIENTED_EDGE('',*,*,#1113,.T.);
#1180=ORIENTED_EDGE('',*,*,#1111,.F.);
#1181=EDGE_LOOP('',(#1177,#1178,#1179,#1180));
#1182=FACE_OUTER_BOUND('',#1181,.F.);
#1184=ORIENTED_EDGE('',*,*,#1183,.T.);
#1186=ORIENTED_EDGE('',*,*,#1185,.T.);
#1187=EDGE_LOOP('',(#1184,#1186));
#1188=FACE_BOUND('',#1187,.F.);
#1190=FILL_AREA_STYLE_COLOUR('',#228);
#1191=FILL_AREA_STYLE('',(#1190));
#1192=SURFACE_STYLE_FILL_AREA(#1191);
#1193=SURFACE_SIDE_STYLE('',(#1192));
#1194=SURFACE_STYLE_USAGE(.BOTH.,#1193);
#1195=PRESENTATION_STYLE_ASSIGNMENT((#1194));
#1196=STYLED_ITEM('',(#1195),#1189);
#1197=CARTESIAN_POINT('',(0.E0,1.1E1,0.E0));
#1198=DIRECTION('',(0.E0,1.E0,0.E0));
#1199=DIRECTION('',(0.E0,0.E0,-1.E0));
#1200=AXIS2_PLACEMENT_3D('',#1197,#1198,#1199);
#1201=CYLINDRICAL_SURFACE('',#1200,2.E0);
#1202=ORIENTED_EDGE('',*,*,#1183,.F.);
#1204=ORIENTED_EDGE('',*,*,#1203,.F.);
#1206=ORIENTED_EDGE('',*,*,#1205,.F.);
#1208=ORIENTED_EDGE('',*,*,#1207,.T.);
#1209=EDGE_LOOP('',(#1202,#1204,#1206,#1208));
#1210=FACE_OUTER_BOUND('',#1209,.F.);
#1212=CARTESIAN_POINT('',(0.E0,1.1E1,0.E0));
#1213=DIRECTION('',(0.E0,1.E0,0.E0));
#1214=DIRECTION('',(0.E0,0.E0,-1.E0));
#1215=AXIS2_PLACEMENT_3D('',#1212,#1213,#1214);
#1216=CYLINDRICAL_SURFACE('',#1215,2.E0);
#1217=ORIENTED_EDGE('',*,*,#1185,.F.);
#1218=ORIENTED_EDGE('',*,*,#1207,.F.);
#1220=ORIENTED_EDGE('',*,*,#1219,.F.);
#1221=ORIENTED_EDGE('',*,*,#1203,.T.);
#1222=EDGE_LOOP('',(#1217,#1218,#1220,#1221));
#1223=FACE_OUTER_BOUND('',#1222,.F.);
#1225=CARTESIAN_POINT('',(0.E0,1.098E1,0.E0));
#1226=DIRECTION('',(0.E0,1.E0,0.E0));
#1227=DIRECTION('',(0.E0,0.E0,-1.E0));
#1228=AXIS2_PLACEMENT_3D('',#1225,#1226,#1227);
#1229=PLANE('',#1228);
#1230=ORIENTED_EDGE('',*,*,#1205,.T.);
#1231=ORIENTED_EDGE('',*,*,#1219,.T.);
#1232=EDGE_LOOP('',(#1230,#1231));
#1233=FACE_OUTER_BOUND('',#1232,.F.);
#1235=FILL_AREA_STYLE_COLOUR('',#326);
#1236=FILL_AREA_STYLE('',(#1235));
#1237=SURFACE_STYLE_FILL_AREA(#1236);
#1238=SURFACE_SIDE_STYLE('',(#1237));
#1239=SURFACE_STYLE_USAGE(.POSITIVE.,#1238);
#1240=PRESENTATION_STYLE_ASSIGNMENT((#1239));
#1241=STYLED_ITEM('',(#1240),#1234);
#1242=CARTESIAN_POINT('',(0.E0,0.E0,0.E0));
#1243=DIRECTION('',(0.E0,-1.E0,0.E0));
#1244=DIRECTION('',(0.E0,0.E0,1.E0));
#1245=AXIS2_PLACEMENT_3D('',#1242,#1243,#1244);
#1246=CYLINDRICAL_SURFACE('',#1245,2.4E0);
#1247=ORIENTED_EDGE('',*,*,#810,.F.);
#1249=ORIENTED_EDGE('',*,*,#1248,.F.);
#1251=ORIENTED_EDGE('',*,*,#1250,.F.);
#1253=ORIENTED_EDGE('',*,*,#1252,.T.);
#1254=EDGE_LOOP('',(#1247,#1249,#1251,#1253));
#1255=FACE_OUTER_BOUND('',#1254,.F.);
#1257=FILL_AREA_STYLE_COLOUR('',#326);
#1258=FILL_AREA_STYLE('',(#1257));
#1259=SURFACE_STYLE_FILL_AREA(#1258);
#1260=SURFACE_SIDE_STYLE('',(#1259));
#1261=SURFACE_STYLE_USAGE(.POSITIVE.,#1260);
#1262=PRESENTATION_STYLE_ASSIGNMENT((#1261));
#1263=STYLED_ITEM('',(#1262),#1256);
#1264=CARTESIAN_POINT('',(0.E0,0.E0,0.E0));
#1265=DIRECTION('',(0.E0,-1.E0,0.E0));
#1266=DIRECTION('',(0.E0,0.E0,1.E0));
#1267=AXIS2_PLACEMENT_3D('',#1264,#1265,#1266);
#1268=CYLINDRICAL_SURFACE('',#1267,2.4E0);
#1269=ORIENTED_EDGE('',*,*,#812,.F.);
#1270=ORIENTED_EDGE('',*,*,#1252,.F.);
#1272=ORIENTED_EDGE('',*,*,#1271,.F.);
#1273=ORIENTED_EDGE('',*,*,#1248,.T.);
#1274=EDGE_LOOP('',(#1269,#1270,#1272,#1273));
#1275=FACE_OUTER_BOUND('',#1274,.F.);
#1277=FILL_AREA_STYLE_COLOUR('',#326);
#1278=FILL_AREA_STYLE('',(#1277));
#1279=SURFACE_STYLE_FILL_AREA(#1278);
#1280=SURFACE_SIDE_STYLE('',(#1279));
#1281=SURFACE_STYLE_USAGE(.POSITIVE.,#1280);
#1282=PRESENTATION_STYLE_ASSIGNMENT((#1281));
#1283=STYLED_ITEM('',(#1282),#1276);
#1284=CARTESIAN_POINT('',(0.E0,1.E-1,0.E0));
#1285=DIRECTION('',(0.E0,-1.E0,0.E0));
#1286=DIRECTION('',(0.E0,0.E0,1.E0));
#1287=AXIS2_PLACEMENT_3D('',#1284,#1285,#1286);
#1288=PLANE('',#1287);
#1289=ORIENTED_EDGE('',*,*,#1250,.T.);
#1290=ORIENTED_EDGE('',*,*,#1271,.T.);
#1291=EDGE_LOOP('',(#1289,#1290));
#1292=FACE_OUTER_BOUND('',#1291,.F.);
#1294=ORIENTED_EDGE('',*,*,#1293,.T.);
#1296=ORIENTED_EDGE('',*,*,#1295,.T.);
#1297=EDGE_LOOP('',(#1294,#1296));
#1298=FACE_BOUND('',#1297,.F.);
#1300=ORIENTED_EDGE('',*,*,#1299,.T.);
#1302=ORIENTED_EDGE('',*,*,#1301,.T.);
#1303=EDGE_LOOP('',(#1300,#1302));
#1304=FACE_BOUND('',#1303,.F.);
#1306=FILL_AREA_STYLE_COLOUR('',#330);
#1307=FILL_AREA_STYLE('',(#1306));
#1308=SURFACE_STYLE_FILL_AREA(#1307);
#1309=SURFACE_SIDE_STYLE('',(#1308));
#1310=SURFACE_STYLE_USAGE(.POSITIVE.,#1309);
#1311=PRESENTATION_STYLE_ASSIGNMENT((#1310));
#1312=STYLED_ITEM('',(#1311),#1305);
#1313=CARTESIAN_POINT('',(0.E0,1.E-1,1.25E0));
#1314=DIRECTION('',(0.E0,-1.E0,0.E0));
#1315=DIRECTION('',(0.E0,0.E0,-1.E0));
#1316=AXIS2_PLACEMENT_3D('',#1313,#1314,#1315);
#1317=CYLINDRICAL_SURFACE('',#1316,2.5E-1);
#1318=ORIENTED_EDGE('',*,*,#1293,.F.);
#1320=ORIENTED_EDGE('',*,*,#1319,.F.);
#1322=ORIENTED_EDGE('',*,*,#1321,.F.);
#1324=ORIENTED_EDGE('',*,*,#1323,.T.);
#1325=EDGE_LOOP('',(#1318,#1320,#1322,#1324));
#1326=FACE_OUTER_BOUND('',#1325,.F.);
#1328=FILL_AREA_STYLE_COLOUR('',#332);
#1329=FILL_AREA_STYLE('',(#1328));
#1330=SURFACE_STYLE_FILL_AREA(#1329);
#1331=SURFACE_SIDE_STYLE('',(#1330));
#1332=SURFACE_STYLE_USAGE(.POSITIVE.,#1331);
#1333=PRESENTATION_STYLE_ASSIGNMENT((#1332));
#1334=STYLED_ITEM('',(#1333),#1327);
#1335=CARTESIAN_POINT('',(0.E0,1.E-1,1.25E0));
#1336=DIRECTION('',(0.E0,-1.E0,0.E0));
#1337=DIRECTION('',(0.E0,0.E0,-1.E0));
#1338=AXIS2_PLACEMENT_3D('',#1335,#1336,#1337);
#1339=CYLINDRICAL_SURFACE('',#1338,2.5E-1);
#1340=ORIENTED_EDGE('',*,*,#1295,.F.);
#1341=ORIENTED_EDGE('',*,*,#1323,.F.);
#1343=ORIENTED_EDGE('',*,*,#1342,.F.);
#1344=ORIENTED_EDGE('',*,*,#1319,.T.);
#1345=EDGE_LOOP('',(#1340,#1341,#1343,#1344));
#1346=FACE_OUTER_BOUND('',#1345,.F.);
#1348=FILL_AREA_STYLE_COLOUR('',#332);
#1349=FILL_AREA_STYLE('',(#1348));
#1350=SURFACE_STYLE_FILL_AREA(#1349);
#1351=SURFACE_SIDE_STYLE('',(#1350));
#1352=SURFACE_STYLE_USAGE(.POSITIVE.,#1351);
#1353=PRESENTATION_STYLE_ASSIGNMENT((#1352));
#1354=STYLED_ITEM('',(#1353),#1347);
#1355=CARTESIAN_POINT('',(0.E0,-1.99E1,0.E0));
#1356=DIRECTION('',(0.E0,-1.E0,0.E0));
#1357=DIRECTION('',(0.E0,0.E0,-1.E0));
#1358=AXIS2_PLACEMENT_3D('',#1355,#1356,#1357);
#1359=PLANE('',#1358);
#1360=ORIENTED_EDGE('',*,*,#1321,.T.);
#1361=ORIENTED_EDGE('',*,*,#1342,.T.);
#1362=EDGE_LOOP('',(#1360,#1361));
#1363=FACE_OUTER_BOUND('',#1362,.F.);
#1365=FILL_AREA_STYLE_COLOUR('',#332);
#1366=FILL_AREA_STYLE('',(#1365));
#1367=SURFACE_STYLE_FILL_AREA(#1366);
#1368=SURFACE_SIDE_STYLE('',(#1367));
#1369=SURFACE_STYLE_USAGE(.POSITIVE.,#1368);
#1370=PRESENTATION_STYLE_ASSIGNMENT((#1369));
#1371=STYLED_ITEM('',(#1370),#1364);
#1372=CARTESIAN_POINT('',(0.E0,1.E-1,-1.25E0));
#1373=DIRECTION('',(0.E0,-1.E0,0.E0));
#1374=DIRECTION('',(-1.E0,0.E0,0.E0));
#1375=AXIS2_PLACEMENT_3D('',#1372,#1373,#1374);
#1376=CYLINDRICAL_SURFACE('',#1375,2.5E-1);
#1377=ORIENTED_EDGE('',*,*,#1299,.F.);
#1379=ORIENTED_EDGE('',*,*,#1378,.F.);
#1381=ORIENTED_EDGE('',*,*,#1380,.F.);
#1383=ORIENTED_EDGE('',*,*,#1382,.T.);
#1384=EDGE_LOOP('',(#1377,#1379,#1381,#1383));
#1385=FACE_OUTER_BOUND('',#1384,.F.);
#1387=FILL_AREA_STYLE_COLOUR('',#332);
#1388=FILL_AREA_STYLE('',(#1387));
#1389=SURFACE_STYLE_FILL_AREA(#1388);
#1390=SURFACE_SIDE_STYLE('',(#1389));
#1391=SURFACE_STYLE_USAGE(.POSITIVE.,#1390);
#1392=PRESENTATION_STYLE_ASSIGNMENT((#1391));
#1393=STYLED_ITEM('',(#1392),#1386);
#1394=CARTESIAN_POINT('',(0.E0,1.E-1,-1.25E0));
#1395=DIRECTION('',(0.E0,-1.E0,0.E0));
#1396=DIRECTION('',(-1.E0,0.E0,0.E0));
#1397=AXIS2_PLACEMENT_3D('',#1394,#1395,#1396);
#1398=CYLINDRICAL_SURFACE('',#1397,2.5E-1);
#1399=ORIENTED_EDGE('',*,*,#1301,.F.);
#1400=ORIENTED_EDGE('',*,*,#1382,.F.);
#1402=ORIENTED_EDGE('',*,*,#1401,.F.);
#1403=ORIENTED_EDGE('',*,*,#1378,.T.);
#1404=EDGE_LOOP('',(#1399,#1400,#1402,#1403));
#1405=FACE_OUTER_BOUND('',#1404,.F.);
#1407=FILL_AREA_STYLE_COLOUR('',#332);
#1408=FILL_AREA_STYLE('',(#1407));
#1409=SURFACE_STYLE_FILL_AREA(#1408);
#1410=SURFACE_SIDE_STYLE('',(#1409));
#1411=SURFACE_STYLE_USAGE(.POSITIVE.,#1410);
#1412=PRESENTATION_STYLE_ASSIGNMENT((#1411));
#1413=STYLED_ITEM('',(#1412),#1406);
#1414=CARTESIAN_POINT('',(0.E0,-2.49E1,0.E0));
#1415=DIRECTION('',(0.E0,-1.E0,0.E0));
#1416=DIRECTION('',(-1.E0,0.E0,0.E0));
#1417=AXIS2_PLACEMENT_3D('',#1414,#1415,#1416);
#1418=PLANE('',#1417);
#1419=ORIENTED_EDGE('',*,*,#1380,.T.);
#1420=ORIENTED_EDGE('',*,*,#1401,.T.);
#1421=EDGE_LOOP('',(#1419,#1420));
#1422=FACE_OUTER_BOUND('',#1421,.F.);
#1424=FILL_AREA_STYLE_COLOUR('',#332);
#1425=FILL_AREA_STYLE('',(#1424));
#1426=SURFACE_STYLE_FILL_AREA(#1425);
#1427=SURFACE_SIDE_STYLE('',(#1426));
#1428=SURFACE_STYLE_USAGE(.POSITIVE.,#1427);
#1429=PRESENTATION_STYLE_ASSIGNMENT((#1428));
#1430=STYLED_ITEM('',(#1429),#1423);
#1435=PLANE_ANGLE_MEASURE_WITH_UNIT(PLANE_ANGLE_MEASURE(1.745329251994E-2),
#1434);
#1436=(CONVERSION_BASED_UNIT('DEGREE',#1435)NAMED_UNIT(*)PLANE_ANGLE_UNIT());
#1438=UNCERTAINTY_MEASURE_WITH_UNIT(LENGTH_MEASURE(3.698757287237E-3),#1433,
'distance_accuracy_value',
'Maximum model space distance between geometric entities at asserted connectivities');
#1440=CARTESIAN_POINT('',(0.E0,0.E0,0.E0));
#1441=DIRECTION('',(0.E0,0.E0,1.E0));
#1442=DIRECTION('',(1.E0,0.E0,0.E0));
#1445=APPLICATION_CONTEXT('automotive_design');
#1446=APPLICATION_PROTOCOL_DEFINITION('international standard',
'automotive_design',2001,#1445);
#1447=PRODUCT_DEFINITION_CONTEXT('part definition',#1445,'design');
#1448=PRODUCT_CONTEXT('',#1445,'mechanical');
#1449=PRODUCT('0630090000_51','0630090000_51','NOT SPECIFIED',(#1448));
#1450=PRODUCT_DEFINITION_FORMATION('1','LAST_VERSION',#1449);
#1458=DERIVED_UNIT_ELEMENT(#1457,2.E0);
#1459=DERIVED_UNIT((#1458));
#1460=MEASURE_REPRESENTATION_ITEM('surface area measure',AREA_MEASURE(
3.510562983577E2),#1459);
#1465=DERIVED_UNIT_ELEMENT(#1464,3.E0);
#1466=DERIVED_UNIT((#1465));
#1467=MEASURE_REPRESENTATION_ITEM('volume measure',VOLUME_MEASURE(
3.482528986524E2),#1466);
#1471=CARTESIAN_POINT('centre point',(-2.894314604866E-7,5.115480914394E0,
-3.523812020221E-3));
#1476=DERIVED_UNIT_ELEMENT(#1475,2.E0);
#1477=DERIVED_UNIT((#1476));
#1478=MEASURE_REPRESENTATION_ITEM('surface area measure',AREA_MEASURE(
3.510562983577E2),#1477);
#1483=DERIVED_UNIT_ELEMENT(#1482,3.E0);
#1484=DERIVED_UNIT((#1483));
#1485=MEASURE_REPRESENTATION_ITEM('volume measure',VOLUME_MEASURE(
3.482528986524E2),#1484);
#1489=CARTESIAN_POINT('centre point',(-2.894314604866E-7,5.115480914394E0,
-3.523812020221E-3));
#1499=CARTESIAN_POINT('centre point',(3.149999710569E0,3.001548091439E1,
-3.153523812020E0));
#1503=CARTESIAN_POINT('',(3.15E0,2.49E1,-3.15E0));
#1504=DIRECTION('',(0.E0,0.E0,1.E0));
#1505=DIRECTION('',(1.E0,0.E0,0.E0));
#1506=AXIS2_PLACEMENT_3D('',#1503,#1504,#1505);
#1507=ITEM_DEFINED_TRANSFORMATION('','',#1443,#1506);
#1508=CARTESIAN_POINT('',(0.E0,0.E0,0.E0));
#1509=DIRECTION('',(0.E0,0.E0,1.E0));
#1510=DIRECTION('',(1.E0,0.E0,0.E0));
#1512=(REPRESENTATION_RELATIONSHIP('','',#1444,#1496)REPRESENTATION_RELATIONSHIP_WITH_TRANSFORMATION(#1507)SHAPE_REPRESENTATION_RELATIONSHIP());
#1513=CONTEXT_DEPENDENT_SHAPE_REPRESENTATION(#1512,#1498);
#1516=CARTESIAN_POINT('',(0.E0,0.E0,0.E0));
#1517=DIRECTION('',(0.E0,-1.E0,0.E0));
#1518=DIRECTION('',(2.765531579959E-1,0.E0,9.609986216444E-1));
#1519=AXIS2_PLACEMENT_3D('',#1516,#1517,#1518);
#1521=DRAUGHTING_PRE_DEFINED_CURVE_FONT('continuous');
#1522=CURVE_STYLE('',#1521,POSITIVE_LENGTH_MEASURE(2.E-2),#59);
#1523=PRESENTATION_STYLE_ASSIGNMENT((#1522));
#1524=STYLED_ITEM('',(#1523),#1520);
#1525=CARTESIAN_POINT('',(0.E0,0.E0,0.E0));
#1526=DIRECTION('',(0.E0,1.E0,0.E0));
#1527=DIRECTION('',(-2.761148804079E-1,0.E0,9.611246395850E-1));
#1528=AXIS2_PLACEMENT_3D('',#1525,#1526,#1527);
#1530=CURVE_STYLE('',#1521,POSITIVE_LENGTH_MEASURE(2.E-2),#59);
#1531=PRESENTATION_STYLE_ASSIGNMENT((#1530));
#1532=STYLED_ITEM('',(#1531),#1529);
#1533=DIRECTION('',(0.E0,1.E0,0.E0));
#1534=VECTOR('',#1533,9.7E0);
#1535=CARTESIAN_POINT('',(8.711424476870E-1,0.E0,3.027145658180E0));
#1536=LINE('',#1535,#1534);
#1537=CURVE_STYLE('',#1521,POSITIVE_LENGTH_MEASURE(2.E-2),#59);
#1538=PRESENTATION_STYLE_ASSIGNMENT((#1537));
#1539=STYLED_ITEM('',(#1538),#1536);
#1540=DIRECTION('',(0.E0,-1.E0,0.E0));
#1541=VECTOR('',#1540,9.7E0);
#1542=CARTESIAN_POINT('',(-8.711424476870E-1,9.7E0,3.027145658180E0));
#1543=LINE('',#1542,#1541);
#1544=CURVE_STYLE('',#1521,POSITIVE_LENGTH_MEASURE(2.E-2),#59);
#1545=PRESENTATION_STYLE_ASSIGNMENT((#1544));
#1546=STYLED_ITEM('',(#1545),#1543);
#1547=DIRECTION('',(-7.447609784721E-12,0.E0,1.E0));
#1548=VECTOR('',#1547,5.202579710729E-3);
#1549=CARTESIAN_POINT('',(8.711424476870E-1,0.E0,3.027145658180E0));
#1550=LINE('',#1549,#1548);
#1551=CURVE_STYLE('',#1521,POSITIVE_LENGTH_MEASURE(2.E-2),#59);
#1552=PRESENTATION_STYLE_ASSIGNMENT((#1551));
#1553=STYLED_ITEM('',(#1552),#1550);
#1554=DIRECTION('',(0.E0,1.E0,0.E0));
#1555=VECTOR('',#1554,9.7E0);
#1556=CARTESIAN_POINT('',(-8.711424476870E-1,0.E0,3.032348237891E0));
#1557=LINE('',#1556,#1555);
#1558=CURVE_STYLE('',#1521,POSITIVE_LENGTH_MEASURE(2.E-2),#59);
#1559=PRESENTATION_STYLE_ASSIGNMENT((#1558));
#1560=STYLED_ITEM('',(#1559),#1557);
#1561=DIRECTION('',(0.E0,-1.E0,0.E0));
#1562=VECTOR('',#1561,9.7E0);
#1563=CARTESIAN_POINT('',(8.711424476870E-1,9.7E0,3.032348237891E0));
#1564=LINE('',#1563,#1562);
#1565=CURVE_STYLE('',#1521,POSITIVE_LENGTH_MEASURE(2.E-2),#59);
#1566=PRESENTATION_STYLE_ASSIGNMENT((#1565));
#1567=STYLED_ITEM('',(#1566),#1564);
#1568=DIRECTION('',(-7.426269928611E-12,0.E0,-1.E0));
#1569=VECTOR('',#1568,5.202579710724E-3);
#1570=CARTESIAN_POINT('',(-8.711424476870E-1,0.E0,3.032348237891E0));
#1571=LINE('',#1570,#1569);
#1572=CURVE_STYLE('',#1521,POSITIVE_LENGTH_MEASURE(2.E-2),#59);
#1573=PRESENTATION_STYLE_ASSIGNMENT((#1572));
#1574=STYLED_ITEM('',(#1573),#1571);
#1575=CARTESIAN_POINT('',(0.E0,9.7E0,0.E0));
#1576=DIRECTION('',(0.E0,1.E0,0.E0));
#1577=DIRECTION('',(-2.765531579959E-1,0.E0,9.609986216444E-1));
#1578=AXIS2_PLACEMENT_3D('',#1575,#1576,#1577);
#1580=CURVE_STYLE('',#1521,POSITIVE_LENGTH_MEASURE(2.E-2),#59);
#1581=PRESENTATION_STYLE_ASSIGNMENT((#1580));
#1582=STYLED_ITEM('',(#1581),#1579);
#1583=DIRECTION('',(-7.447609784723E-12,0.E0,1.E0));
#1584=VECTOR('',#1583,5.202579710728E-3);
#1585=CARTESIAN_POINT('',(8.711424476870E-1,9.7E0,3.027145658180E0));
#1586=LINE('',#1585,#1584);
#1587=CURVE_STYLE('',#1521,POSITIVE_LENGTH_MEASURE(2.E-2),#59);
#1588=PRESENTATION_STYLE_ASSIGNMENT((#1587));
#1589=STYLED_ITEM('',(#1588),#1586);
#1590=CARTESIAN_POINT('',(0.E0,9.7E0,0.E0));
#1591=DIRECTION('',(0.E0,-1.E0,0.E0));
#1592=DIRECTION('',(2.761148804079E-1,0.E0,9.611246395850E-1));
#1593=AXIS2_PLACEMENT_3D('',#1590,#1591,#1592);
#1595=CURVE_STYLE('',#1521,POSITIVE_LENGTH_MEASURE(2.E-2),#59);
#1596=PRESENTATION_STYLE_ASSIGNMENT((#1595));
#1597=STYLED_ITEM('',(#1596),#1594);
#1598=DIRECTION('',(-7.426269928610E-12,0.E0,-1.E0));
#1599=VECTOR('',#1598,5.202579710725E-3);
#1600=CARTESIAN_POINT('',(-8.711424476870E-1,9.7E0,3.032348237891E0));
#1601=LINE('',#1600,#1599);
#1602=CURVE_STYLE('',#1521,POSITIVE_LENGTH_MEASURE(2.E-2),#59);
#1603=PRESENTATION_STYLE_ASSIGNMENT((#1602));
#1604=STYLED_ITEM('',(#1603),#1601);
#1605=CARTESIAN_POINT('',(8.711424476870E-1,0.E0,3.027145658180E0));
#1606=CARTESIAN_POINT('',(-8.711424476870E-1,0.E0,3.027145658180E0));
#1607=VERTEX_POINT('',#1605);
#1608=VERTEX_POINT('',#1606);
#1609=CARTESIAN_POINT('',(-8.711424476870E-1,0.E0,3.032348237891E0));
#1610=VERTEX_POINT('',#1609);
#1611=CARTESIAN_POINT('',(8.711424476870E-1,0.E0,3.032348237891E0));
#1612=VERTEX_POINT('',#1611);
#1613=CARTESIAN_POINT('',(8.711424476870E-1,9.7E0,3.027145658180E0));
#1614=VERTEX_POINT('',#1613);
#1615=CARTESIAN_POINT('',(-8.711424476870E-1,9.7E0,3.027145658180E0));
#1616=VERTEX_POINT('',#1615);
#1617=CARTESIAN_POINT('',(8.711424476870E-1,9.7E0,3.032348237891E0));
#1618=VERTEX_POINT('',#1617);
#1619=CARTESIAN_POINT('',(-8.711424476870E-1,9.7E0,3.032348237891E0));
#1620=VERTEX_POINT('',#1619);
#1621=CARTESIAN_POINT('',(0.E0,0.E0,0.E0));
#1622=DIRECTION('',(0.E0,1.E0,0.E0));
#1623=DIRECTION('',(1.E0,0.E0,0.E0));
#1624=AXIS2_PLACEMENT_3D('',#1621,#1622,#1623);
#1625=PLANE('',#1624);
#1627=ORIENTED_EDGE('',*,*,#1626,.T.);
#1629=ORIENTED_EDGE('',*,*,#1628,.F.);
#1631=ORIENTED_EDGE('',*,*,#1630,.T.);
#1633=ORIENTED_EDGE('',*,*,#1632,.F.);
#1634=EDGE_LOOP('',(#1627,#1629,#1631,#1633));
#1635=FACE_OUTER_BOUND('',#1634,.F.);
#1637=FILL_AREA_STYLE_COLOUR('',#59);
#1638=FILL_AREA_STYLE('',(#1637));
#1639=SURFACE_STYLE_FILL_AREA(#1638);
#1640=SURFACE_SIDE_STYLE('',(#1639));
#1641=SURFACE_STYLE_USAGE(.BOTH.,#1640);
#1642=PRESENTATION_STYLE_ASSIGNMENT((#1641));
#1643=STYLED_ITEM('',(#1642),#1636);
#1644=CARTESIAN_POINT('',(0.E0,0.E0,0.E0));
#1645=DIRECTION('',(0.E0,1.E0,0.E0));
#1646=DIRECTION('',(1.E0,0.E0,0.E0));
#1647=AXIS2_PLACEMENT_3D('',#1644,#1645,#1646);
#1648=CYLINDRICAL_SURFACE('',#1647,3.15E0);
#1649=ORIENTED_EDGE('',*,*,#1626,.F.);
#1651=ORIENTED_EDGE('',*,*,#1650,.T.);
#1653=ORIENTED_EDGE('',*,*,#1652,.F.);
#1655=ORIENTED_EDGE('',*,*,#1654,.T.);
#1656=EDGE_LOOP('',(#1649,#1651,#1653,#1655));
#1657=FACE_OUTER_BOUND('',#1656,.F.);
#1659=FILL_AREA_STYLE_COLOUR('',#59);
#1660=FILL_AREA_STYLE('',(#1659));
#1661=SURFACE_STYLE_FILL_AREA(#1660);
#1662=SURFACE_SIDE_STYLE('',(#1661));
#1663=SURFACE_STYLE_USAGE(.BOTH.,#1662);
#1664=PRESENTATION_STYLE_ASSIGNMENT((#1663));
#1665=STYLED_ITEM('',(#1664),#1658);
#1666=CARTESIAN_POINT('',(8.711424476870E-1,0.E0,3.032348237891E0));
#1667=DIRECTION('',(1.E0,0.E0,0.E0));
#1668=DIRECTION('',(0.E0,0.E0,-1.E0));
#1669=AXIS2_PLACEMENT_3D('',#1666,#1667,#1668);
#1670=PLANE('',#1669);
#1671=ORIENTED_EDGE('',*,*,#1632,.T.);
#1673=ORIENTED_EDGE('',*,*,#1672,.F.);
#1675=ORIENTED_EDGE('',*,*,#1674,.F.);
#1676=ORIENTED_EDGE('',*,*,#1650,.F.);
#1677=EDGE_LOOP('',(#1671,#1673,#1675,#1676));
#1678=FACE_OUTER_BOUND('',#1677,.F.);
#1680=FILL_AREA_STYLE_COLOUR('',#59);
#1681=FILL_AREA_STYLE('',(#1680));
#1682=SURFACE_STYLE_FILL_AREA(#1681);
#1683=SURFACE_SIDE_STYLE('',(#1682));
#1684=SURFACE_STYLE_USAGE(.BOTH.,#1683);
#1685=PRESENTATION_STYLE_ASSIGNMENT((#1684));
#1686=STYLED_ITEM('',(#1685),#1679);
#1687=CARTESIAN_POINT('',(0.E0,0.E0,0.E0));
#1688=DIRECTION('',(0.E0,1.E0,0.E0));
#1689=DIRECTION('',(1.E0,0.E0,0.E0));
#1690=AXIS2_PLACEMENT_3D('',#1687,#1688,#1689);
#1691=CYLINDRICAL_SURFACE('',#1690,3.155E0);
#1692=ORIENTED_EDGE('',*,*,#1630,.F.);
#1694=ORIENTED_EDGE('',*,*,#1693,.T.);
#1696=ORIENTED_EDGE('',*,*,#1695,.F.);
#1697=ORIENTED_EDGE('',*,*,#1672,.T.);
#1698=EDGE_LOOP('',(#1692,#1694,#1696,#1697));
#1699=FACE_OUTER_BOUND('',#1698,.F.);
#1701=FILL_AREA_STYLE_COLOUR('',#59);
#1702=FILL_AREA_STYLE('',(#1701));
#1703=SURFACE_STYLE_FILL_AREA(#1702);
#1704=SURFACE_SIDE_STYLE('',(#1703));
#1705=SURFACE_STYLE_USAGE(.BOTH.,#1704);
#1706=PRESENTATION_STYLE_ASSIGNMENT((#1705));
#1707=STYLED_ITEM('',(#1706),#1700);
#1708=CARTESIAN_POINT('',(-8.711424476870E-1,0.E0,3.027145658180E0));
#1709=DIRECTION('',(-1.E0,0.E0,0.E0));
#1710=DIRECTION('',(0.E0,0.E0,1.E0));
#1711=AXIS2_PLACEMENT_3D('',#1708,#1709,#1710);
#1712=PLANE('',#1711);
#1713=ORIENTED_EDGE('',*,*,#1628,.T.);
#1714=ORIENTED_EDGE('',*,*,#1654,.F.);
#1716=ORIENTED_EDGE('',*,*,#1715,.F.);
#1717=ORIENTED_EDGE('',*,*,#1693,.F.);
#1718=EDGE_LOOP('',(#1713,#1714,#1716,#1717));
#1719=FACE_OUTER_BOUND('',#1718,.F.);
#1721=FILL_AREA_STYLE_COLOUR('',#59);
#1722=FILL_AREA_STYLE('',(#1721));
#1723=SURFACE_STYLE_FILL_AREA(#1722);
#1724=SURFACE_SIDE_STYLE('',(#1723));
#1725=SURFACE_STYLE_USAGE(.BOTH.,#1724);
#1726=PRESENTATION_STYLE_ASSIGNMENT((#1725));
#1727=STYLED_ITEM('',(#1726),#1720);
#1728=CARTESIAN_POINT('',(0.E0,9.7E0,0.E0));
#1729=DIRECTION('',(0.E0,1.E0,0.E0));
#1730=DIRECTION('',(1.E0,0.E0,0.E0));
#1731=AXIS2_PLACEMENT_3D('',#1728,#1729,#1730);
#1732=PLANE('',#1731);
#1733=ORIENTED_EDGE('',*,*,#1652,.T.);
#1734=ORIENTED_EDGE('',*,*,#1674,.T.);
#1735=ORIENTED_EDGE('',*,*,#1695,.T.);
#1736=ORIENTED_EDGE('',*,*,#1715,.T.);
#1737=EDGE_LOOP('',(#1733,#1734,#1735,#1736));
#1738=FACE_OUTER_BOUND('',#1737,.F.);
#1740=FILL_AREA_STYLE_COLOUR('',#59);
#1741=FILL_AREA_STYLE('',(#1740));
#1742=SURFACE_STYLE_FILL_AREA(#1741);
#1743=SURFACE_SIDE_STYLE('',(#1742));
#1744=SURFACE_STYLE_USAGE(.BOTH.,#1743);
#1745=PRESENTATION_STYLE_ASSIGNMENT((#1744));
#1746=STYLED_ITEM('',(#1745),#1739);
#1749=FILL_AREA_STYLE_COLOUR('',#59);
#1750=FILL_AREA_STYLE('',(#1749));
#1751=SURFACE_STYLE_FILL_AREA(#1750);
#1752=SURFACE_SIDE_STYLE('',(#1751));
#1753=SURFACE_STYLE_USAGE(.BOTH.,#1752);
#1754=PRESENTATION_STYLE_ASSIGNMENT((#1753));
#1515=STYLED_ITEM('',(#1754),#1748);
#1757=PLANE_ANGLE_MEASURE_WITH_UNIT(PLANE_ANGLE_MEASURE(1.745329251994E-2),
#1756);
#1758=(CONVERSION_BASED_UNIT('DEGREE',#1757)NAMED_UNIT(*)PLANE_ANGLE_UNIT());
#1760=UNCERTAINTY_MEASURE_WITH_UNIT(LENGTH_MEASURE(9.855664979722E-4),#1755,
'distance_accuracy_value',
'Maximum model space distance between geometric entities at asserted connectivities');
#1762=CARTESIAN_POINT('',(0.E0,0.E0,0.E0));
#1763=DIRECTION('',(0.E0,0.E0,1.E0));
#1764=DIRECTION('',(1.E0,0.E0,0.E0));
#1767=PRODUCT_CONTEXT('',#1445,'mechanical');
#1768=PRODUCT('FJB06300900_2','FJB06300900_2','NOT SPECIFIED',(#1767));
#1769=PRODUCT_DEFINITION_FORMATION('1','LAST_VERSION',#1768);
#1777=DERIVED_UNIT_ELEMENT(#1776,2.E0);
#1778=DERIVED_UNIT((#1777));
#1779=MEASURE_REPRESENTATION_ITEM('surface area measure',AREA_MEASURE(
3.436456857453E1),#1778);
#1784=DERIVED_UNIT_ELEMENT(#1783,3.E0);
#1785=DERIVED_UNIT((#1784));
#1786=MEASURE_REPRESENTATION_ITEM('volume measure',VOLUME_MEASURE(
8.561496337431E-2),#1785);
#1790=CARTESIAN_POINT('centre point',(-3.299754840497E-12,4.85E0,
3.111475102518E0));
#1795=DERIVED_UNIT_ELEMENT(#1794,2.E0);
#1796=DERIVED_UNIT((#1795));
#1797=MEASURE_REPRESENTATION_ITEM('surface area measure',AREA_MEASURE(
3.436456857453E1),#1796);
#1802=DERIVED_UNIT_ELEMENT(#1801,3.E0);
#1803=DERIVED_UNIT((#1802));
#1804=MEASURE_REPRESENTATION_ITEM('volume measure',VOLUME_MEASURE(
8.561496337431E-2),#1803);
#1808=CARTESIAN_POINT('centre point',(-3.299754840497E-12,4.85E0,
3.111475102518E0));
#1815=CARTESIAN_POINT('centre point',(3.149999999997E0,3.081974899647E1,
-3.852489748211E-2));
#1819=CARTESIAN_POINT('',(3.15E0,2.596974899647E1,-3.15E0));
#1820=DIRECTION('',(0.E0,0.E0,1.E0));
#1821=DIRECTION('',(1.E0,0.E0,0.E0));
#1822=AXIS2_PLACEMENT_3D('',#1819,#1820,#1821);
#1823=ITEM_DEFINED_TRANSFORMATION('','',#1765,#1822);
#1824=CARTESIAN_POINT('',(0.E0,0.E0,0.E0));
#1825=DIRECTION('',(0.E0,0.E0,1.E0));
#1826=DIRECTION('',(1.E0,0.E0,0.E0));
#1828=(REPRESENTATION_RELATIONSHIP('','',#1766,#1496)REPRESENTATION_RELATIONSHIP_WITH_TRANSFORMATION(#1823)SHAPE_REPRESENTATION_RELATIONSHIP());
#1829=CONTEXT_DEPENDENT_SHAPE_REPRESENTATION(#1828,#1814);
#1831=CARTESIAN_POINT('',(-7.1442E-3,0.E0,-5.429592E-1));
#1832=DIRECTION('',(0.E0,1.E0,0.E0));
#1833=DIRECTION('',(0.E0,0.E0,-1.E0));
#1834=AXIS2_PLACEMENT_3D('',#1831,#1832,#1833);
#1836=CARTESIAN_POINT('',(-7.1442E-3,0.E0,5.429592E-1));
#1837=DIRECTION('',(0.E0,1.E0,0.E0));
#1838=DIRECTION('',(-1.E0,0.E0,0.E0));
#1839=AXIS2_PLACEMENT_3D('',#1836,#1837,#1838);
#1841=CARTESIAN_POINT('',(7.1442E-3,0.E0,5.429592E-1));
#1842=DIRECTION('',(0.E0,1.E0,0.E0));
#1843=DIRECTION('',(0.E0,0.E0,1.E0));
#1844=AXIS2_PLACEMENT_3D('',#1841,#1842,#1843);
#1846=CARTESIAN_POINT('',(7.1442E-3,0.E0,-5.429592E-1));
#1847=DIRECTION('',(0.E0,1.E0,0.E0));
#1848=DIRECTION('',(1.E0,0.E0,0.E0));
#1849=AXIS2_PLACEMENT_3D('',#1846,#1847,#1848);
#1851=CARTESIAN_POINT('',(1.271700028460E-3,0.E0,-4.576595422788E-1));
#1852=DIRECTION('',(0.E0,-1.E0,0.E0));
#1853=DIRECTION('',(0.E0,0.E0,-1.E0));
#1854=AXIS2_PLACEMENT_3D('',#1851,#1852,#1853);
#1856=CARTESIAN_POINT('',(1.271700028460E-3,0.E0,4.576595422788E-1));
#1857=DIRECTION('',(0.E0,-1.E0,0.E0));
#1858=DIRECTION('',(1.E0,0.E0,-1.418647662956E-12));
#1859=AXIS2_PLACEMENT_3D('',#1856,#1857,#1858);
#1861=CARTESIAN_POINT('',(-1.271700028460E-3,0.E0,4.576595422788E-1));
#1862=DIRECTION('',(0.E0,-1.E0,0.E0));
#1863=DIRECTION('',(0.E0,0.E0,1.E0));
#1864=AXIS2_PLACEMENT_3D('',#1861,#1862,#1863);
#1866=CARTESIAN_POINT('',(-1.271700028460E-3,0.E0,-4.576595422788E-1));
#1867=DIRECTION('',(0.E0,-1.E0,0.E0));
#1868=DIRECTION('',(-1.E0,0.E0,1.418647662956E-12));
#1869=AXIS2_PLACEMENT_3D('',#1866,#1867,#1868);
#1871=DIRECTION('',(0.E0,1.E0,0.E0));
#1872=VECTOR('',#1871,7.1442E-3);
#1873=CARTESIAN_POINT('',(-7.144199999999E-3,0.E0,-1.07163E0));
#1874=LINE('',#1873,#1872);
#1875=DIRECTION('',(0.E0,-1.E0,0.E0));
#1876=VECTOR('',#1875,7.1442E-3);
#1877=CARTESIAN_POINT('',(-5.35815E-1,7.1442E-3,-5.429592E-1));
#1878=LINE('',#1877,#1876);
#1879=DIRECTION('',(1.E0,0.E0,0.E0));
#1880=VECTOR('',#1879,1.42884E-2);
#1881=CARTESIAN_POINT('',(-7.144199999999E-3,0.E0,-1.07163E0));
#1882=LINE('',#1881,#1880);
#1883=DIRECTION('',(0.E0,1.E0,0.E0));
#1884=VECTOR('',#1883,7.1442E-3);
#1885=CARTESIAN_POINT('',(5.35815E-1,0.E0,-5.429592E-1));
#1886=LINE('',#1885,#1884);
#1887=DIRECTION('',(0.E0,-1.E0,0.E0));
#1888=VECTOR('',#1887,7.1442E-3);
#1889=CARTESIAN_POINT('',(7.144199999999E-3,7.1442E-3,-1.07163E0));
#1890=LINE('',#1889,#1888);
#1891=DIRECTION('',(0.E0,0.E0,1.E0));
#1892=VECTOR('',#1891,1.0859184E0);
#1893=CARTESIAN_POINT('',(5.35815E-1,0.E0,-5.429592E-1));
#1894=LINE('',#1893,#1892);
#1895=DIRECTION('',(0.E0,1.E0,0.E0));
#1896=VECTOR('',#1895,7.1442E-3);
#1897=CARTESIAN_POINT('',(7.144199999999E-3,0.E0,1.07163E0));
#1898=LINE('',#1897,#1896);
#1899=DIRECTION('',(0.E0,-1.E0,0.E0));
#1900=VECTOR('',#1899,7.1442E-3);
#1901=CARTESIAN_POINT('',(5.35815E-1,7.1442E-3,5.429592E-1));
#1902=LINE('',#1901,#1900);
#1903=DIRECTION('',(-1.E0,0.E0,0.E0));
#1904=VECTOR('',#1903,1.42884E-2);
#1905=CARTESIAN_POINT('',(7.144199999999E-3,0.E0,1.07163E0));
#1906=LINE('',#1905,#1904);
#1907=DIRECTION('',(0.E0,1.E0,0.E0));
#1908=VECTOR('',#1907,7.1442E-3);
#1909=CARTESIAN_POINT('',(-5.35815E-1,0.E0,5.429592E-1));
#1910=LINE('',#1909,#1908);
#1911=DIRECTION('',(0.E0,-1.E0,0.E0));
#1912=VECTOR('',#1911,7.1442E-3);
#1913=CARTESIAN_POINT('',(-7.144199999999E-3,7.1442E-3,1.07163E0));
#1914=LINE('',#1913,#1912);
#1915=DIRECTION('',(0.E0,0.E0,-1.E0));
#1916=VECTOR('',#1915,1.0859184E0);
#1917=CARTESIAN_POINT('',(-5.35815E-1,0.E0,5.429592E-1));
#1918=LINE('',#1917,#1916);
#1919=CARTESIAN_POINT('',(-7.1442E-3,7.1442E-3,-5.429592E-1));
#1920=DIRECTION('',(0.E0,-1.E0,0.E0));
#1921=DIRECTION('',(-1.E0,0.E0,0.E0));
#1922=AXIS2_PLACEMENT_3D('',#1919,#1920,#1921);
#1924=DIRECTION('',(1.E0,0.E0,0.E0));
#1925=VECTOR('',#1924,1.42884E-2);
#1926=CARTESIAN_POINT('',(-7.144199999999E-3,7.1442E-3,-1.07163E0));
#1927=LINE('',#1926,#1925);
#1928=CARTESIAN_POINT('',(7.1442E-3,7.1442E-3,-5.429592E-1));
#1929=DIRECTION('',(0.E0,-1.E0,0.E0));
#1930=DIRECTION('',(0.E0,0.E0,-1.E0));
#1931=AXIS2_PLACEMENT_3D('',#1928,#1929,#1930);
#1933=DIRECTION('',(0.E0,0.E0,1.E0));
#1934=VECTOR('',#1933,1.0859184E0);
#1935=CARTESIAN_POINT('',(5.35815E-1,7.1442E-3,-5.429592E-1));
#1936=LINE('',#1935,#1934);
#1937=CARTESIAN_POINT('',(7.1442E-3,7.1442E-3,5.429592E-1));
#1938=DIRECTION('',(0.E0,-1.E0,0.E0));
#1939=DIRECTION('',(1.E0,0.E0,0.E0));
#1940=AXIS2_PLACEMENT_3D('',#1937,#1938,#1939);
#1942=DIRECTION('',(-1.E0,0.E0,0.E0));
#1943=VECTOR('',#1942,1.42884E-2);
#1944=CARTESIAN_POINT('',(7.144199999999E-3,7.1442E-3,1.07163E0));
#1945=LINE('',#1944,#1943);
#1946=CARTESIAN_POINT('',(-7.1442E-3,7.1442E-3,5.429592E-1));
#1947=DIRECTION('',(0.E0,-1.E0,0.E0));
#1948=DIRECTION('',(0.E0,0.E0,1.E0));
#1949=AXIS2_PLACEMENT_3D('',#1946,#1947,#1948);
#1951=DIRECTION('',(0.E0,0.E0,-1.E0));
#1952=VECTOR('',#1951,1.0859184E0);
#1953=CARTESIAN_POINT('',(-5.35815E-1,7.1442E-3,5.429592E-1));
#1954=LINE('',#1953,#1952);
#1955=DIRECTION('',(-1.E0,0.E0,0.E0));
#1956=VECTOR('',#1955,2.543400056920E-3);
#1957=CARTESIAN_POINT('',(1.271700028460E-3,7.1442E-3,-7.791485422788E-1));
#1958=LINE('',#1957,#1956);
#1959=CARTESIAN_POINT('',(-1.271700028460E-3,7.1442E-3,-4.576595422788E-1));
#1960=DIRECTION('',(0.E0,1.E0,0.E0));
#1961=DIRECTION('',(0.E0,0.E0,-1.E0));
#1962=AXIS2_PLACEMENT_3D('',#1959,#1960,#1961);
#1964=DIRECTION('',(0.E0,0.E0,1.E0));
#1965=VECTOR('',#1964,9.153190845573E-1);
#1966=CARTESIAN_POINT('',(-3.227607000285E-1,7.1442E-3,-4.576595422786E-1));
#1967=LINE('',#1966,#1965);
#1968=CARTESIAN_POINT('',(-1.271700028460E-3,7.1442E-3,4.576595422788E-1));
#1969=DIRECTION('',(0.E0,1.E0,0.E0));
#1970=DIRECTION('',(-1.E0,0.E0,-1.418647662956E-12));
#1971=AXIS2_PLACEMENT_3D('',#1968,#1969,#1970);
#1973=DIRECTION('',(1.E0,0.E0,0.E0));
#1974=VECTOR('',#1973,2.543400056920E-3);
#1975=CARTESIAN_POINT('',(-1.271700028460E-3,7.1442E-3,7.791485422788E-1));
#1976=LINE('',#1975,#1974);
#1977=CARTESIAN_POINT('',(1.271700028460E-3,7.1442E-3,4.576595422788E-1));
#1978=DIRECTION('',(0.E0,1.E0,0.E0));
#1979=DIRECTION('',(0.E0,0.E0,1.E0));
#1980=AXIS2_PLACEMENT_3D('',#1977,#1978,#1979);
#1982=DIRECTION('',(0.E0,0.E0,-1.E0));
#1983=VECTOR('',#1982,9.153190845573E-1);
#1984=CARTESIAN_POINT('',(3.227607000285E-1,7.1442E-3,4.576595422786E-1));
#1985=LINE('',#1984,#1983);
#1986=CARTESIAN_POINT('',(1.271700028460E-3,7.1442E-3,-4.576595422788E-1));
#1987=DIRECTION('',(0.E0,1.E0,0.E0));
#1988=DIRECTION('',(1.E0,0.E0,1.418647662956E-12));
#1989=AXIS2_PLACEMENT_3D('',#1986,#1987,#1988);
#1991=DIRECTION('',(-1.E0,0.E0,0.E0));
#1992=VECTOR('',#1991,2.543400056920E-3);
#1993=CARTESIAN_POINT('',(1.271700028460E-3,0.E0,-7.791485422788E-1));
#1994=LINE('',#1993,#1992);
#1995=DIRECTION('',(0.E0,1.E0,0.E0));
#1996=VECTOR('',#1995,7.1442E-3);
#1997=CARTESIAN_POINT('',(-3.227607000285E-1,0.E0,-4.576595422786E-1));
#1998=LINE('',#1997,#1996);
#1999=DIRECTION('',(0.E0,-1.E0,0.E0));
#2000=VECTOR('',#1999,7.1442E-3);
#2001=CARTESIAN_POINT('',(-1.271700028460E-3,7.1442E-3,-7.791485422788E-1));
#2002=LINE('',#2001,#2000);
#2003=DIRECTION('',(0.E0,0.E0,1.E0));
#2004=VECTOR('',#2003,9.153190845573E-1);
#2005=CARTESIAN_POINT('',(-3.227607000285E-1,0.E0,-4.576595422786E-1));
#2006=LINE('',#2005,#2004);
#2007=DIRECTION('',(0.E0,1.E0,0.E0));
#2008=VECTOR('',#2007,7.1442E-3);
#2009=CARTESIAN_POINT('',(-1.271700028460E-3,0.E0,7.791485422788E-1));
#2010=LINE('',#2009,#2008);
#2011=DIRECTION('',(0.E0,-1.E0,-1.554020078700E-14));
#2012=VECTOR('',#2011,7.1442E-3);
#2013=CARTESIAN_POINT('',(-3.227607000285E-1,7.1442E-3,4.576595422786E-1));
#2014=LINE('',#2013,#2012);
#2015=DIRECTION('',(1.E0,0.E0,0.E0));
#2016=VECTOR('',#2015,2.543400056920E-3);
#2017=CARTESIAN_POINT('',(-1.271700028460E-3,0.E0,7.791485422788E-1));
#2018=LINE('',#2017,#2016);
#2019=DIRECTION('',(0.E0,1.E0,0.E0));
#2020=VECTOR('',#2019,7.1442E-3);
#2021=CARTESIAN_POINT('',(3.227607000285E-1,0.E0,4.576595422786E-1));
#2022=LINE('',#2021,#2020);
#2023=DIRECTION('',(0.E0,-1.E0,0.E0));
#2024=VECTOR('',#2023,7.1442E-3);
#2025=CARTESIAN_POINT('',(1.271700028460E-3,7.1442E-3,7.791485422788E-1));
#2026=LINE('',#2025,#2024);
#2027=DIRECTION('',(0.E0,0.E0,-1.E0));
#2028=VECTOR('',#2027,9.153190845573E-1);
#2029=CARTESIAN_POINT('',(3.227607000285E-1,0.E0,4.576595422786E-1));
#2030=LINE('',#2029,#2028);
#2031=DIRECTION('',(0.E0,1.E0,0.E0));
#2032=VECTOR('',#2031,7.1442E-3);
#2033=CARTESIAN_POINT('',(1.271700028460E-3,0.E0,-7.791485422788E-1));
#2034=LINE('',#2033,#2032);
#2035=DIRECTION('',(0.E0,-1.E0,0.E0));
#2036=VECTOR('',#2035,7.1442E-3);
#2037=CARTESIAN_POINT('',(3.227607000285E-1,7.1442E-3,-4.576595422786E-1));
#2038=LINE('',#2037,#2036);
#2039=CARTESIAN_POINT('',(-7.144199999997E-3,0.E0,-1.07163E0));
#2040=CARTESIAN_POINT('',(-5.35815E-1,0.E0,-5.429592E-1));
#2041=VERTEX_POINT('',#2039);
#2042=VERTEX_POINT('',#2040);
#2043=CARTESIAN_POINT('',(-5.35815E-1,0.E0,5.429592E-1));
#2044=VERTEX_POINT('',#2043);
#2045=CARTESIAN_POINT('',(-7.144199999997E-3,0.E0,1.07163E0));
#2046=VERTEX_POINT('',#2045);
#2047=CARTESIAN_POINT('',(7.144199999999E-3,0.E0,1.07163E0));
#2048=VERTEX_POINT('',#2047);
#2049=CARTESIAN_POINT('',(5.35815E-1,0.E0,5.429592E-1));
#2050=VERTEX_POINT('',#2049);
#2051=CARTESIAN_POINT('',(5.35815E-1,0.E0,-5.429592E-1));
#2052=VERTEX_POINT('',#2051);
#2053=CARTESIAN_POINT('',(7.144199999997E-3,0.E0,-1.07163E0));
#2054=VERTEX_POINT('',#2053);
#2055=CARTESIAN_POINT('',(1.271700028460E-3,0.E0,-7.791485422788E-1));
#2056=CARTESIAN_POINT('',(-1.271700028460E-3,0.E0,-7.791485422788E-1));
#2057=VERTEX_POINT('',#2055);
#2058=VERTEX_POINT('',#2056);
#2059=CARTESIAN_POINT('',(3.227607000285E-1,0.E0,-4.576595422783E-1));
#2060=VERTEX_POINT('',#2059);
#2061=CARTESIAN_POINT('',(3.227607000285E-1,0.E0,4.576595422786E-1));
#2062=VERTEX_POINT('',#2061);
#2063=CARTESIAN_POINT('',(1.271700028460E-3,0.E0,7.791485422788E-1));
#2064=VERTEX_POINT('',#2063);
#2065=CARTESIAN_POINT('',(-1.271700028460E-3,0.E0,7.791485422788E-1));
#2066=VERTEX_POINT('',#2065);
#2067=CARTESIAN_POINT('',(-3.227607000285E-1,0.E0,4.576595422783E-1));
#2068=VERTEX_POINT('',#2067);
#2069=CARTESIAN_POINT('',(-3.227607000285E-1,0.E0,-4.576595422786E-1));
#2070=VERTEX_POINT('',#2069);
#2071=CARTESIAN_POINT('',(-7.144199999999E-3,7.1442E-3,-1.07163E0));
#2072=VERTEX_POINT('',#2071);
#2073=CARTESIAN_POINT('',(-5.35815E-1,7.1442E-3,-5.429592E-1));
#2074=VERTEX_POINT('',#2073);
#2075=CARTESIAN_POINT('',(7.144199999999E-3,7.1442E-3,-1.07163E0));
#2076=VERTEX_POINT('',#2075);
#2077=CARTESIAN_POINT('',(5.35815E-1,7.1442E-3,-5.429592E-1));
#2078=VERTEX_POINT('',#2077);
#2079=CARTESIAN_POINT('',(5.35815E-1,7.1442E-3,5.429592E-1));
#2080=VERTEX_POINT('',#2079);
#2081=CARTESIAN_POINT('',(7.144199999999E-3,7.1442E-3,1.07163E0));
#2082=VERTEX_POINT('',#2081);
#2083=CARTESIAN_POINT('',(-7.144199999999E-3,7.1442E-3,1.07163E0));
#2084=VERTEX_POINT('',#2083);
#2085=CARTESIAN_POINT('',(-5.35815E-1,7.1442E-3,5.429592E-1));
#2086=VERTEX_POINT('',#2085);
#2087=CARTESIAN_POINT('',(1.271700028460E-3,7.1442E-3,-7.791485422788E-1));
#2088=CARTESIAN_POINT('',(-1.271700028460E-3,7.1442E-3,-7.791485422788E-1));
#2089=VERTEX_POINT('',#2087);
#2090=VERTEX_POINT('',#2088);
#2091=CARTESIAN_POINT('',(-3.227607000285E-1,7.1442E-3,-4.576595422783E-1));
#2092=VERTEX_POINT('',#2091);
#2093=CARTESIAN_POINT('',(-3.227607000285E-1,7.1442E-3,4.576595422786E-1));
#2094=VERTEX_POINT('',#2093);
#2095=CARTESIAN_POINT('',(-1.271700028460E-3,7.1442E-3,7.791485422788E-1));
#2096=VERTEX_POINT('',#2095);
#2097=CARTESIAN_POINT('',(1.271700028460E-3,7.1442E-3,7.791485422788E-1));
#2098=VERTEX_POINT('',#2097);
#2099=CARTESIAN_POINT('',(3.227607000285E-1,7.1442E-3,4.576595422783E-1));
#2100=VERTEX_POINT('',#2099);
#2101=CARTESIAN_POINT('',(3.227607000285E-1,7.1442E-3,-4.576595422786E-1));
#2102=VERTEX_POINT('',#2101);
#2103=CARTESIAN_POINT('',(0.E0,0.E0,0.E0));
#2104=DIRECTION('',(0.E0,1.E0,0.E0));
#2105=DIRECTION('',(1.E0,0.E0,0.E0));
#2106=AXIS2_PLACEMENT_3D('',#2103,#2104,#2105);
#2107=PLANE('',#2106);
#2109=ORIENTED_EDGE('',*,*,#2108,.T.);
#2111=ORIENTED_EDGE('',*,*,#2110,.F.);
#2113=ORIENTED_EDGE('',*,*,#2112,.T.);
#2115=ORIENTED_EDGE('',*,*,#2114,.F.);
#2117=ORIENTED_EDGE('',*,*,#2116,.T.);
#2119=ORIENTED_EDGE('',*,*,#2118,.F.);
#2121=ORIENTED_EDGE('',*,*,#2120,.T.);
#2123=ORIENTED_EDGE('',*,*,#2122,.F.);
#2124=EDGE_LOOP('',(#2109,#2111,#2113,#2115,#2117,#2119,#2121,#2123));
#2125=FACE_OUTER_BOUND('',#2124,.F.);
#2127=ORIENTED_EDGE('',*,*,#2126,.F.);
#2129=ORIENTED_EDGE('',*,*,#2128,.T.);
#2131=ORIENTED_EDGE('',*,*,#2130,.F.);
#2133=ORIENTED_EDGE('',*,*,#2132,.T.);
#2135=ORIENTED_EDGE('',*,*,#2134,.F.);
#2137=ORIENTED_EDGE('',*,*,#2136,.T.);
#2139=ORIENTED_EDGE('',*,*,#2138,.F.);
#2141=ORIENTED_EDGE('',*,*,#2140,.T.);
#2142=EDGE_LOOP('',(#2127,#2129,#2131,#2133,#2135,#2137,#2139,#2141));
#2143=FACE_BOUND('',#2142,.F.);
#2145=FILL_AREA_STYLE_COLOUR('',#228);
#2146=FILL_AREA_STYLE('',(#2145));
#2147=SURFACE_STYLE_FILL_AREA(#2146);
#2148=SURFACE_SIDE_STYLE('',(#2147));
#2149=SURFACE_STYLE_USAGE(.BOTH.,#2148);
#2150=PRESENTATION_STYLE_ASSIGNMENT((#2149));
#2151=STYLED_ITEM('',(#2150),#2144);
#2152=CARTESIAN_POINT('',(-7.1442E-3,0.E0,-5.429592E-1));
#2153=DIRECTION('',(0.E0,1.E0,0.E0));
#2154=DIRECTION('',(1.E0,0.E0,0.E0));
#2155=AXIS2_PLACEMENT_3D('',#2152,#2153,#2154);
#2156=CYLINDRICAL_SURFACE('',#2155,5.286708E-1);
#2157=ORIENTED_EDGE('',*,*,#2108,.F.);
#2159=ORIENTED_EDGE('',*,*,#2158,.T.);
#2161=ORIENTED_EDGE('',*,*,#2160,.F.);
#2163=ORIENTED_EDGE('',*,*,#2162,.T.);
#2164=EDGE_LOOP('',(#2157,#2159,#2161,#2163));
#2165=FACE_OUTER_BOUND('',#2164,.F.);
#2167=CARTESIAN_POINT('',(7.1442E-3,0.E0,-1.07163E0));
#2168=DIRECTION('',(0.E0,0.E0,-1.E0));
#2169=DIRECTION('',(-1.E0,0.E0,0.E0));
#2170=AXIS2_PLACEMENT_3D('',#2167,#2168,#2169);
#2171=PLANE('',#2170);
#2172=ORIENTED_EDGE('',*,*,#2122,.T.);
#2174=ORIENTED_EDGE('',*,*,#2173,.F.);
#2176=ORIENTED_EDGE('',*,*,#2175,.F.);
#2177=ORIENTED_EDGE('',*,*,#2158,.F.);
#2178=EDGE_LOOP('',(#2172,#2174,#2176,#2177));
#2179=FACE_OUTER_BOUND('',#2178,.F.);
#2181=CARTESIAN_POINT('',(7.1442E-3,0.E0,-5.429592E-1));
#2182=DIRECTION('',(0.E0,1.E0,0.E0));
#2183=DIRECTION('',(1.E0,0.E0,0.E0));
#2184=AXIS2_PLACEMENT_3D('',#2181,#2182,#2183);
#2185=CYLINDRICAL_SURFACE('',#2184,5.286708E-1);
#2186=ORIENTED_EDGE('',*,*,#2120,.F.);
#2188=ORIENTED_EDGE('',*,*,#2187,.T.);
#2190=ORIENTED_EDGE('',*,*,#2189,.F.);
#2191=ORIENTED_EDGE('',*,*,#2173,.T.);
#2192=EDGE_LOOP('',(#2186,#2188,#2190,#2191));
#2193=FACE_OUTER_BOUND('',#2192,.F.);
#2195=CARTESIAN_POINT('',(5.35815E-1,0.E0,5.429592E-1));
#2196=DIRECTION('',(1.E0,0.E0,0.E0));
#2197=DIRECTION('',(0.E0,0.E0,-1.E0));
#2198=AXIS2_PLACEMENT_3D('',#2195,#2196,#2197);
#2199=PLANE('',#2198);
#2200=ORIENTED_EDGE('',*,*,#2118,.T.);
#2202=ORIENTED_EDGE('',*,*,#2201,.F.);
#2204=ORIENTED_EDGE('',*,*,#2203,.F.);
#2205=ORIENTED_EDGE('',*,*,#2187,.F.);
#2206=EDGE_LOOP('',(#2200,#2202,#2204,#2205));
#2207=FACE_OUTER_BOUND('',#2206,.F.);
#2209=CARTESIAN_POINT('',(7.1442E-3,0.E0,5.429592E-1));
#2210=DIRECTION('',(0.E0,1.E0,0.E0));
#2211=DIRECTION('',(1.E0,0.E0,0.E0));
#2212=AXIS2_PLACEMENT_3D('',#2209,#2210,#2211);
#2213=CYLINDRICAL_SURFACE('',#2212,5.286708E-1);
#2214=ORIENTED_EDGE('',*,*,#2116,.F.);
#2216=ORIENTED_EDGE('',*,*,#2215,.T.);
#2218=ORIENTED_EDGE('',*,*,#2217,.F.);
#2219=ORIENTED_EDGE('',*,*,#2201,.T.);
#2220=EDGE_LOOP('',(#2214,#2216,#2218,#2219));
#2221=FACE_OUTER_BOUND('',#2220,.F.);
#2223=CARTESIAN_POINT('',(-7.1442E-3,0.E0,1.07163E0));
#2224=DIRECTION('',(0.E0,0.E0,1.E0));
#2225=DIRECTION('',(1.E0,0.E0,0.E0));
#2226=AXIS2_PLACEMENT_3D('',#2223,#2224,#2225);
#2227=PLANE('',#2226);
#2228=ORIENTED_EDGE('',*,*,#2114,.T.);
#2230=ORIENTED_EDGE('',*,*,#2229,.F.);
#2232=ORIENTED_EDGE('',*,*,#2231,.F.);
#2233=ORIENTED_EDGE('',*,*,#2215,.F.);
#2234=EDGE_LOOP('',(#2228,#2230,#2232,#2233));
#2235=FACE_OUTER_BOUND('',#2234,.F.);
#2237=CARTESIAN_POINT('',(-7.1442E-3,0.E0,5.429592E-1));
#2238=DIRECTION('',(0.E0,1.E0,0.E0));
#2239=DIRECTION('',(1.E0,0.E0,0.E0));
#2240=AXIS2_PLACEMENT_3D('',#2237,#2238,#2239);
#2241=CYLINDRICAL_SURFACE('',#2240,5.286708E-1);
#2242=ORIENTED_EDGE('',*,*,#2112,.F.);
#2244=ORIENTED_EDGE('',*,*,#2243,.T.);
#2246=ORIENTED_EDGE('',*,*,#2245,.F.);
#2247=ORIENTED_EDGE('',*,*,#2229,.T.);
#2248=EDGE_LOOP('',(#2242,#2244,#2246,#2247));
#2249=FACE_OUTER_BOUND('',#2248,.F.);
#2251=CARTESIAN_POINT('',(-5.35815E-1,0.E0,-5.429592E-1));
#2252=DIRECTION('',(-1.E0,0.E0,0.E0));
#2253=DIRECTION('',(0.E0,0.E0,1.E0));
#2254=AXIS2_PLACEMENT_3D('',#2251,#2252,#2253);
#2255=PLANE('',#2254);
#2256=ORIENTED_EDGE('',*,*,#2110,.T.);
#2257=ORIENTED_EDGE('',*,*,#2162,.F.);
#2259=ORIENTED_EDGE('',*,*,#2258,.F.);
#2260=ORIENTED_EDGE('',*,*,#2243,.F.);
#2261=EDGE_LOOP('',(#2256,#2257,#2259,#2260));
#2262=FACE_OUTER_BOUND('',#2261,.F.);
#2264=CARTESIAN_POINT('',(0.E0,7.1442E-3,0.E0));
#2265=DIRECTION('',(0.E0,1.E0,0.E0));
#2266=DIRECTION('',(1.E0,0.E0,0.E0));
#2267=AXIS2_PLACEMENT_3D('',#2264,#2265,#2266);
#2268=PLANE('',#2267);
#2269=ORIENTED_EDGE('',*,*,#2160,.T.);
#2270=ORIENTED_EDGE('',*,*,#2175,.T.);
#2271=ORIENTED_EDGE('',*,*,#2189,.T.);
#2272=ORIENTED_EDGE('',*,*,#2203,.T.);
#2273=ORIENTED_EDGE('',*,*,#2217,.T.);
#2274=ORIENTED_EDGE('',*,*,#2231,.T.);
#2275=ORIENTED_EDGE('',*,*,#2245,.T.);
#2276=ORIENTED_EDGE('',*,*,#2258,.T.);
#2277=EDGE_LOOP('',(#2269,#2270,#2271,#2272,#2273,#2274,#2275,#2276));
#2278=FACE_OUTER_BOUND('',#2277,.F.);
#2280=ORIENTED_EDGE('',*,*,#2279,.T.);
#2282=ORIENTED_EDGE('',*,*,#2281,.T.);
#2284=ORIENTED_EDGE('',*,*,#2283,.T.);
#2286=ORIENTED_EDGE('',*,*,#2285,.T.);
#2288=ORIENTED_EDGE('',*,*,#2287,.T.);
#2290=ORIENTED_EDGE('',*,*,#2289,.T.);
#2292=ORIENTED_EDGE('',*,*,#2291,.T.);
#2294=ORIENTED_EDGE('',*,*,#2293,.T.);
#2295=EDGE_LOOP('',(#2280,#2282,#2284,#2286,#2288,#2290,#2292,#2294));
#2296=FACE_BOUND('',#2295,.F.);
#2298=FILL_AREA_STYLE_COLOUR('',#326);
#2299=FILL_AREA_STYLE('',(#2298));
#2300=SURFACE_STYLE_FILL_AREA(#2299);
#2301=SURFACE_SIDE_STYLE('',(#2300));
#2302=SURFACE_STYLE_USAGE(.POSITIVE.,#2301);
#2303=PRESENTATION_STYLE_ASSIGNMENT((#2302));
#2304=STYLED_ITEM('',(#2303),#2297);
#2305=CARTESIAN_POINT('',(-1.271700028460E-3,0.E0,-7.791485422788E-1));
#2306=DIRECTION('',(0.E0,0.E0,1.E0));
#2307=DIRECTION('',(1.E0,0.E0,0.E0));
#2308=AXIS2_PLACEMENT_3D('',#2305,#2306,#2307);
#2309=PLANE('',#2308);
#2310=ORIENTED_EDGE('',*,*,#2126,.T.);
#2312=ORIENTED_EDGE('',*,*,#2311,.F.);
#2313=ORIENTED_EDGE('',*,*,#2279,.F.);
#2315=ORIENTED_EDGE('',*,*,#2314,.F.);
#2316=EDGE_LOOP('',(#2310,#2312,#2313,#2315));
#2317=FACE_OUTER_BOUND('',#2316,.F.);
#2319=CARTESIAN_POINT('',(-1.271700028460E-3,0.E0,-4.576595422788E-1));
#2320=DIRECTION('',(0.E0,1.E0,0.E0));
#2321=DIRECTION('',(1.E0,0.E0,0.E0));
#2322=AXIS2_PLACEMENT_3D('',#2319,#2320,#2321);
#2323=CYLINDRICAL_SURFACE('',#2322,3.21489E-1);
#2324=ORIENTED_EDGE('',*,*,#2140,.F.);
#2326=ORIENTED_EDGE('',*,*,#2325,.T.);
#2327=ORIENTED_EDGE('',*,*,#2281,.F.);
#2328=ORIENTED_EDGE('',*,*,#2311,.T.);
#2329=EDGE_LOOP('',(#2324,#2326,#2327,#2328));
#2330=FACE_OUTER_BOUND('',#2329,.F.);
#2332=CARTESIAN_POINT('',(-3.227607000285E-1,0.E0,4.576595422788E-1));
#2333=DIRECTION('',(1.E0,0.E0,0.E0));
#2334=DIRECTION('',(0.E0,0.E0,-1.E0));
#2335=AXIS2_PLACEMENT_3D('',#2332,#2333,#2334);
#2336=PLANE('',#2335);
#2337=ORIENTED_EDGE('',*,*,#2138,.T.);
#2339=ORIENTED_EDGE('',*,*,#2338,.F.);
#2340=ORIENTED_EDGE('',*,*,#2283,.F.);
#2341=ORIENTED_EDGE('',*,*,#2325,.F.);
#2342=EDGE_LOOP('',(#2337,#2339,#2340,#2341));
#2343=FACE_OUTER_BOUND('',#2342,.F.);
#2345=CARTESIAN_POINT('',(-1.271700028460E-3,0.E0,4.576595422788E-1));
#2346=DIRECTION('',(0.E0,1.E0,0.E0));
#2347=DIRECTION('',(1.E0,0.E0,0.E0));
#2348=AXIS2_PLACEMENT_3D('',#2345,#2346,#2347);
#2349=CYLINDRICAL_SURFACE('',#2348,3.21489E-1);
#2350=ORIENTED_EDGE('',*,*,#2136,.F.);
#2352=ORIENTED_EDGE('',*,*,#2351,.T.);
#2353=ORIENTED_EDGE('',*,*,#2285,.F.);
#2354=ORIENTED_EDGE('',*,*,#2338,.T.);
#2355=EDGE_LOOP('',(#2350,#2352,#2353,#2354));
#2356=FACE_OUTER_BOUND('',#2355,.F.);
#2358=CARTESIAN_POINT('',(1.271700028460E-3,0.E0,7.791485422788E-1));
#2359=DIRECTION('',(0.E0,0.E0,-1.E0));
#2360=DIRECTION('',(-1.E0,0.E0,0.E0));
#2361=AXIS2_PLACEMENT_3D('',#2358,#2359,#2360);
#2362=PLANE('',#2361);
#2363=ORIENTED_EDGE('',*,*,#2134,.T.);
#2365=ORIENTED_EDGE('',*,*,#2364,.F.);
#2366=ORIENTED_EDGE('',*,*,#2287,.F.);
#2367=ORIENTED_EDGE('',*,*,#2351,.F.);
#2368=EDGE_LOOP('',(#2363,#2365,#2366,#2367));
#2369=FACE_OUTER_BOUND('',#2368,.F.);
#2371=CARTESIAN_POINT('',(1.271700028460E-3,0.E0,4.576595422788E-1));
#2372=DIRECTION('',(0.E0,1.E0,0.E0));
#2373=DIRECTION('',(1.E0,0.E0,0.E0));
#2374=AXIS2_PLACEMENT_3D('',#2371,#2372,#2373);
#2375=CYLINDRICAL_SURFACE('',#2374,3.21489E-1);
#2376=ORIENTED_EDGE('',*,*,#2132,.F.);
#2378=ORIENTED_EDGE('',*,*,#2377,.T.);
#2379=ORIENTED_EDGE('',*,*,#2289,.F.);
#2380=ORIENTED_EDGE('',*,*,#2364,.T.);
#2381=EDGE_LOOP('',(#2376,#2378,#2379,#2380));
#2382=FACE_OUTER_BOUND('',#2381,.F.);
#2384=CARTESIAN_POINT('',(3.227607000285E-1,0.E0,-4.576595422788E-1));
#2385=DIRECTION('',(-1.E0,0.E0,0.E0));
#2386=DIRECTION('',(0.E0,0.E0,1.E0));
#2387=AXIS2_PLACEMENT_3D('',#2384,#2385,#2386);
#2388=PLANE('',#2387);
#2389=ORIENTED_EDGE('',*,*,#2130,.T.);
#2391=ORIENTED_EDGE('',*,*,#2390,.F.);
#2392=ORIENTED_EDGE('',*,*,#2291,.F.);
#2393=ORIENTED_EDGE('',*,*,#2377,.F.);
#2394=EDGE_LOOP('',(#2389,#2391,#2392,#2393));
#2395=FACE_OUTER_BOUND('',#2394,.F.);
#2397=CARTESIAN_POINT('',(1.271700028460E-3,0.E0,-4.576595422788E-1));
#2398=DIRECTION('',(0.E0,1.E0,0.E0));
#2399=DIRECTION('',(1.E0,0.E0,0.E0));
#2400=AXIS2_PLACEMENT_3D('',#2397,#2398,#2399);
#2401=CYLINDRICAL_SURFACE('',#2400,3.21489E-1);
#2402=ORIENTED_EDGE('',*,*,#2128,.F.);
#2403=ORIENTED_EDGE('',*,*,#2314,.T.);
#2404=ORIENTED_EDGE('',*,*,#2293,.F.);
#2405=ORIENTED_EDGE('',*,*,#2390,.T.);
#2406=EDGE_LOOP('',(#2402,#2403,#2404,#2405));
#2407=FACE_OUTER_BOUND('',#2406,.F.);
#2413=PLANE_ANGLE_MEASURE_WITH_UNIT(PLANE_ANGLE_MEASURE(1.745329251994E-2),
#2412);
#2414=(CONVERSION_BASED_UNIT('DEGREE',#2413)NAMED_UNIT(*)PLANE_ANGLE_UNIT());
#2416=UNCERTAINTY_MEASURE_WITH_UNIT(LENGTH_MEASURE(2.396152326722E-4),#2411,
'distance_accuracy_value',
'Maximum model space distance between geometric entities at asserted connectivities');
#2418=CARTESIAN_POINT('',(0.E0,0.E0,0.E0));
#2419=DIRECTION('',(0.E0,0.E0,1.E0));
#2420=DIRECTION('',(1.E0,0.E0,0.E0));
#2423=PRODUCT_DEFINITION_CONTEXT('part definition',#1445,'design');
#2424=PRODUCT_CONTEXT('',#1445,'mechanical');
#2425=PRODUCT('YUAN06300900_13','YUAN06300900_13','NOT SPECIFIED',(#2424));
#2426=PRODUCT_DEFINITION_FORMATION('1','LAST_VERSION',#2425);
#2434=DERIVED_UNIT_ELEMENT(#2433,2.E0);
#2435=DERIVED_UNIT((#2434));
#2436=MEASURE_REPRESENTATION_ITEM('surface area measure',AREA_MEASURE(
2.346336748788E0),#2435);
#2441=DERIVED_UNIT_ELEMENT(#2440,3.E0);
#2442=DERIVED_UNIT((#2441));
#2443=MEASURE_REPRESENTATION_ITEM('volume measure',VOLUME_MEASURE(
8.142028670335E-3),#2442);
#2447=CARTESIAN_POINT('centre point',(0.E0,3.5721E-3,0.E0));
#2452=DERIVED_UNIT_ELEMENT(#2451,2.E0);
#2453=DERIVED_UNIT((#2452));
#2454=MEASURE_REPRESENTATION_ITEM('surface area measure',AREA_MEASURE(
2.346336748788E0),#2453);
#2459=DERIVED_UNIT_ELEMENT(#2458,3.E0);
#2460=DERIVED_UNIT((#2459));
#2461=MEASURE_REPRESENTATION_ITEM('volume measure',VOLUME_MEASURE(
8.142028670335E-3),#2460);
#2465=CARTESIAN_POINT('centre point',(0.E0,3.5721E-3,0.E0));
#2472=CARTESIAN_POINT('centre point',(3.126441006568E0,3.315832551792E1,
1.113028276670E-2));
#2476=CARTESIAN_POINT('',(3.126268290692E0,3.315832551792E1,1.469820480007E-2));
#2477=DIRECTION('',(-9.158148953569E-4,-9.999995796588E-1,-4.433274338345E-5));
#2478=DIRECTION('',(-9.988299693795E-1,9.168872966147E-4,-4.835133490462E-2));
#2479=AXIS2_PLACEMENT_3D('',#2476,#2477,#2478);
#2480=ITEM_DEFINED_TRANSFORMATION('','',#2421,#2479);
#2481=CARTESIAN_POINT('',(0.E0,0.E0,0.E0));
#2482=DIRECTION('',(0.E0,0.E0,1.E0));
#2483=DIRECTION('',(1.E0,0.E0,0.E0));
#2485=(REPRESENTATION_RELATIONSHIP('','',#2422,#1496)REPRESENTATION_RELATIONSHIP_WITH_TRANSFORMATION(#2480)SHAPE_REPRESENTATION_RELATIONSHIP());
#2486=CONTEXT_DEPENDENT_SHAPE_REPRESENTATION(#2485,#2471);
#2489=CARTESIAN_POINT('centre point',(3.122321773024E0,2.866043862663E1,
1.093087901757E-2));
#2493=CARTESIAN_POINT('',(3.122149057148E0,2.866043862663E1,1.449880105094E-2));
#2494=DIRECTION('',(-9.158148953569E-4,-9.999995796588E-1,-4.433274338345E-5));
#2495=DIRECTION('',(-9.988299693795E-1,9.168872966147E-4,-4.835133490462E-2));
#2496=AXIS2_PLACEMENT_3D('',#2493,#2494,#2495);
#2497=ITEM_DEFINED_TRANSFORMATION('','',#2421,#2496);
#2498=CARTESIAN_POINT('',(0.E0,0.E0,0.E0));
#2499=DIRECTION('',(0.E0,0.E0,1.E0));
#2500=DIRECTION('',(1.E0,0.E0,0.E0));
#2502=(REPRESENTATION_RELATIONSHIP('','',#2422,#1496)REPRESENTATION_RELATIONSHIP_WITH_TRANSFORMATION(#2497)SHAPE_REPRESENTATION_RELATIONSHIP());
#2503=CONTEXT_DEPENDENT_SHAPE_REPRESENTATION(#2502,#2488);
#2506=PLANE_ANGLE_MEASURE_WITH_UNIT(PLANE_ANGLE_MEASURE(1.745329251994E-2),
#2505);
#2507=(CONVERSION_BASED_UNIT('DEGREE',#2506)NAMED_UNIT(*)PLANE_ANGLE_UNIT());
#2509=UNCERTAINTY_MEASURE_WITH_UNIT(LENGTH_MEASURE(8.659907627683E-2),#2504,
'distance_accuracy_value',
'Maximum model space distance between geometric entities at asserted connectivities');
#2511=CARTESIAN_POINT('',(0.E0,0.E0,0.E0));
#2512=DIRECTION('',(0.E0,0.E0,1.E0));
#2513=DIRECTION('',(1.E0,0.E0,0.E0));
#2515=PRODUCT_CONTEXT('',#1445,'mechanical');
#2516=PRODUCT('LKF06031100_ASM_1_ASM','LKF06031100_ASM_1_ASM','NOT SPECIFIED',(
#2515));
#2517=PRODUCT_DEFINITION_FORMATION('1','LAST_VERSION',#2516);
#2520=DERIVED_UNIT_ELEMENT(#2519,2.E0);
#2521=DERIVED_UNIT((#2520));
#2522=MEASURE_REPRESENTATION_ITEM('surface area measure',AREA_MEASURE(
3.901135404298E2),#2521);
#2527=DERIVED_UNIT_ELEMENT(#2526,3.E0);
#2528=DERIVED_UNIT((#2527));
#2529=MEASURE_REPRESENTATION_ITEM('volume measure',VOLUME_MEASURE(
3.483547976731E2),#2528);
#2533=CARTESIAN_POINT('centre point',(3.149998513096E0,3.001572036486E1,
-3.152610311459E0));
#2542=CARTESIAN_POINT('centre point',(3.149998513096E0,3.001572036486E1,
-3.152610311459E0));
#2546=CARTESIAN_POINT('',(0.E0,0.E0,0.E0));
#2547=DIRECTION('',(0.E0,0.E0,1.E0));
#2548=DIRECTION('',(1.E0,0.E0,0.E0));
#2549=AXIS2_PLACEMENT_3D('',#2546,#2547,#2548);
#2550=ITEM_DEFINED_TRANSFORMATION('','',#1511,#2549);
#2551=(REPRESENTATION_RELATIONSHIP('','',#1496,#2539)REPRESENTATION_RELATIONSHIP_WITH_TRANSFORMATION(#2550)SHAPE_REPRESENTATION_RELATIONSHIP());
#2552=CONTEXT_DEPENDENT_SHAPE_REPRESENTATION(#2551,#2541);
#2555=PLANE_ANGLE_MEASURE_WITH_UNIT(PLANE_ANGLE_MEASURE(1.745329251994E-2),
#2554);
#2556=(CONVERSION_BASED_UNIT('DEGREE',#2555)NAMED_UNIT(*)PLANE_ANGLE_UNIT());
#2558=UNCERTAINTY_MEASURE_WITH_UNIT(LENGTH_MEASURE(8.659907627683E-2),#2553,
'distance_accuracy_value',
'Maximum model space distance between geometric entities at asserted connectivities');
#2560=CARTESIAN_POINT('',(0.E0,0.E0,0.E0));
#2561=DIRECTION('',(0.E0,0.E0,1.E0));
#2562=DIRECTION('',(1.E0,0.E0,0.E0));
#2564=MECHANICAL_DESIGN_GEOMETRIC_PRESENTATION_REPRESENTATION('',(#823,#848,
#873,#900,#921,#943,#977,#1004,#1029,#1056,#1076,#1101,#1126,#1151,#1171,#1196,
#1241,#1263,#1283,#1312,#1334,#1354,#1371,#1393,#1413,#1430,#1524,#1532,#1539,
#1546,#1553,#1560,#1567,#1574,#1582,#1589,#1597,#1604,#1643,#1665,#1686,#1707,
#1727,#1746,#1515,#2151,#2304),#2559);
#2565=PRODUCT_DEFINITION_CONTEXT('part definition',#1445,'design');
#2566=PRODUCT_CONTEXT('',#1445,'mechanical');
#2567=PRODUCT('LKFC1101C221MF_ASM','LKFC1101C221MF_ASM','NOT SPECIFIED',
(#2566));
#2568=PRODUCT_DEFINITION_FORMATION('1','LAST_VERSION',#2567);
#2571=DERIVED_UNIT_ELEMENT(#2570,2.E0);
#2572=DERIVED_UNIT((#2571));
#2573=MEASURE_REPRESENTATION_ITEM('surface area measure',AREA_MEASURE(
3.901135404298E2),#2572);
#2578=DERIVED_UNIT_ELEMENT(#2577,3.E0);
#2579=DERIVED_UNIT((#2578));
#2580=MEASURE_REPRESENTATION_ITEM('volume measure',VOLUME_MEASURE(
3.483547976731E2),#2579);
#2584=CARTESIAN_POINT('centre point',(3.149998513096E0,3.001572036486E1,
-3.152610311459E0));
#2588=PRODUCT_RELATED_PRODUCT_CATEGORY('part','',(#2516,#2567,#1449,#1768,
#2425));
#1=DRAUGHTING_PRE_DEFINED_COLOUR('black');
#2=COLOUR_RGB('',0.E0,0.E0,4.7E-1);
#3=COLOUR_RGB('',0.E0,0.E0,5.02E-1);
#4=COLOUR_RGB('',0.E0,0.E0,5.45E-1);
#5=COLOUR_RGB('',0.E0,0.E0,6.E-1);
#6=COLOUR_RGB('',0.E0,0.E0,8.E-1);
#7=COLOUR_RGB('',0.E0,0.E0,8.04E-1);
#8=DRAUGHTING_PRE_DEFINED_COLOUR('blue');
#9=COLOUR_RGB('',0.E0,1.E-2,1.E0);
#10=COLOUR_RGB('',0.E0,2.8E-2,7.E-1);
#11=COLOUR_RGB('',0.E0,3.1E-2,3.4E-1);
#12=COLOUR_RGB('',0.E0,2.E-1,1.E0);
#13=COLOUR_RGB('',0.E0,2.58E-1,5.6E-1);
#14=COLOUR_RGB('',0.E0,3.3E-1,0.E0);
#15=COLOUR_RGB('',0.E0,3.3E-1,3.3E-1);
#16=COLOUR_RGB('',0.E0,3.92E-1,0.E0);
#17=COLOUR_RGB('',0.E0,4.E-1,0.E0);
#18=COLOUR_RGB('',0.E0,4.E-1,4.E-1);
#19=COLOUR_RGB('',0.E0,4.E-1,1.E0);
#20=COLOUR_RGB('',0.E0,5.02E-1,0.E0);
#21=COLOUR_RGB('',0.E0,5.02E-1,5.02E-1);
#22=COLOUR_RGB('',0.E0,5.3E-1,5.3E-1);
#23=COLOUR_RGB('',0.E0,5.45E-1,5.45E-1);
#24=COLOUR_RGB('',0.E0,6.E-1,0.E0);
#25=COLOUR_RGB('',0.E0,6.E-1,6.E-1);
#26=COLOUR_RGB('',0.E0,6.E-1,1.E0);
#27=COLOUR_RGB('',0.E0,7.49E-1,1.E0);
#28=COLOUR_RGB('',0.E0,8.E-1,0.E0);
#29=COLOUR_RGB('',0.E0,8.E-1,8.E-1);
#30=COLOUR_RGB('',0.E0,8.E-1,1.E0);
#31=COLOUR_RGB('',0.E0,8.08E-1,8.2E-1);
#32=COLOUR_RGB('',0.E0,9.3E-1,0.E0);
#33=COLOUR_RGB('',0.E0,9.3E-1,9.3E-1);
#34=COLOUR_RGB('',0.E0,9.8E-1,6.04E-1);
#35=DRAUGHTING_PRE_DEFINED_COLOUR('green');
#36=COLOUR_RGB('',0.E0,1.E0,2.E-1);
#37=COLOUR_RGB('',0.E0,1.E0,4.E-1);
#38=COLOUR_RGB('',0.E0,1.E0,4.98E-1);
#39=COLOUR_RGB('',0.E0,1.E0,6.E-1);
#40=COLOUR_RGB('',0.E0,1.E0,8.E-1);
#41=DRAUGHTING_PRE_DEFINED_COLOUR('cyan');
#42=COLOUR_RGB('',1.9E-2,6.37E-1,6.37E-1);
#43=COLOUR_RGB('',2.8E-2,5.37E-1,3.7E-2);
#44=COLOUR_RGB('',3.1E-2,2.E-1,6.27E-1);
#45=COLOUR_RGB('',3.1E-2,1.99E-1,6.3E-1);
#46=COLOUR_RGB('',3.E-2,9.81E-1,9.81E-1);
#47=COLOUR_RGB('',3.5E-2,5.14E-1,1.73E-1);
#48=COLOUR_RGB('',6.6E-2,4.E-3,5.93E-1);
#49=COLOUR_RGB('',6.5E-2,9.81E-1,6.2E-2);
#50=COLOUR_RGB('',7.E-2,7.E-2,1.E0);
#51=COLOUR_RGB('',7.E-2,6.E-1,3.E-1);
#52=COLOUR_RGB('',7.8E-2,7.8E-2,7.8E-2);
#53=COLOUR_RGB('',8.E-2,1.E-1,1.1E-1);
#54=COLOUR_RGB('',9.8E-2,9.8E-2,4.39E-1);
#55=COLOUR_RGB('',1.01E-1,6.3E-1,5.03E-1);
#56=COLOUR_RGB('',1.18E-1,5.65E-1,1.E0);
#57=COLOUR_RGB('',1.25E-1,6.98E-1,6.67E-1);
#58=COLOUR_RGB('',1.33E-1,5.45E-1,1.33E-1);
#59=COLOUR_RGB('',1.4E-1,1.4E-1,1.6E-1);
#60=COLOUR_RGB('',1.44E-1,3.4E-2,0.E0);
#61=COLOUR_RGB('',1.7E-1,1.7E-1,1.8E-1);
#62=COLOUR_RGB('',1.8E-1,5.45E-1,3.41E-1);
#63=COLOUR_RGB('',1.84E-1,3.1E-1,3.1E-1);
#64=COLOUR_RGB('',1.9E-1,2.3E-1,3.1E-1);
#65=COLOUR_RGB('',1.96E-1,8.04E-1,1.96E-1);
#66=COLOUR_RGB('',2.E-1,2.E-1,2.E-1);
#67=COLOUR_RGB('',2.E-1,1.E0,0.E0);
#68=COLOUR_RGB('',2.E-1,1.E0,2.E-1);
#69=COLOUR_RGB('',2.E-1,1.E0,1.E0);
#70=COLOUR_RGB('',2.12E-1,5.14E-1,4.16E-1);
#71=COLOUR_RGB('',2.28E-1,2.26E-1,2.52E-1);
#72=COLOUR_RGB('',2.3E-1,3.82E-1,5.6E-1);
#73=COLOUR_RGB('',2.35E-1,7.02E-1,4.43E-1);
#74=COLOUR_RGB('',2.43E-1,8.78E-1,8.16E-1);
#75=COLOUR_RGB('',2.45E-1,5.18E-1,9.48E-1);
#76=COLOUR_RGB('',2.49E-1,5.93E-1,6.3E-1);
#77=COLOUR_RGB('',2.52E-1,2.52E-1,2.52E-1);
#78=COLOUR_RGB('',2.55E-1,4.12E-1,1.E0);
#79=COLOUR_RGB('',2.7E-1,0.E0,4.E-1);
#80=COLOUR_RGB('',2.7E-1,2.7E-1,0.E0);
#81=COLOUR_RGB('',2.7E-1,2.7E-1,1.E0);
#82=COLOUR_RGB('',2.75E-1,5.1E-1,7.06E-1);
#83=COLOUR_RGB('',2.8E-1,2.8E-1,2.8E-1);
#84=COLOUR_RGB('',2.82E-1,2.39E-1,5.45E-1);
#85=COLOUR_RGB('',2.82E-1,8.2E-1,8.E-1);
#86=COLOUR_RGB('',2.94E-1,0.E0,5.1E-1);
#87=COLOUR_RGB('',3.24E-1,5.77E-1,8.1E-1);
#88=COLOUR_RGB('',3.3E-1,0.E0,0.E0);
#89=COLOUR_RGB('',3.3E-1,0.E0,3.3E-1);
#90=COLOUR_RGB('',3.3E-1,0.E0,5.3E-1);
#91=COLOUR_RGB('',3.33E-1,4.2E-1,1.84E-1);
#92=COLOUR_RGB('',3.36E-1,2.55E-1,1.9E-2);
#93=COLOUR_RGB('',3.44E-1,3.63E-1,3.74E-1);
#94=COLOUR_RGB('',3.55E-1,3.53E-1,3.93E-1);
#95=COLOUR_RGB('',3.73E-1,6.2E-1,6.27E-1);
#96=COLOUR_RGB('',3.75E-1,3.8E-1,4.22E-1);
#97=COLOUR_RGB('',3.81E-1,4.41E-1,5.96E-1);
#98=COLOUR_RGB('',3.9E-1,4.4E-1,4.9E-1);
#99=COLOUR_RGB('',3.92E-1,4.37E-1,4.9E-1);
#100=COLOUR_RGB('',3.92E-1,5.84E-1,9.29E-1);
#101=COLOUR_RGB('',4.E-1,0.E0,4.E-1);
#102=COLOUR_RGB('',4.E-1,0.E0,6.7E-1);
#103=COLOUR_RGB('',4.E-1,1.3E-1,0.E0);
#104=COLOUR_RGB('',3.99E-1,3.97E-1,6.41E-1);
#105=COLOUR_RGB('',4.E-1,4.E-1,0.E0);
#106=COLOUR_RGB('',4.E-1,4.E-1,1.E0);
#107=COLOUR_RGB('',4.E-1,8.04E-1,6.67E-1);
#108=COLOUR_RGB('',4.E-1,1.E0,0.E0);
#109=COLOUR_RGB('',4.E-1,1.E0,4.E-1);
#110=COLOUR_RGB('',4.E-1,1.E0,1.E0);
#111=COLOUR_RGB('',4.12E-1,4.12E-1,4.12E-1);
#112=COLOUR_RGB('',4.16E-1,3.53E-1,8.04E-1);
#113=COLOUR_RGB('',4.2E-1,4.2E-1,4.2E-1);
#114=COLOUR_RGB('',4.2E-1,5.57E-1,1.37E-1);
#115=COLOUR_RGB('',4.26E-1,4.26E-1,4.26E-1);
#116=COLOUR_RGB('',4.352941176471E-1,2.745098039216E-1,2.745098039216E-1);
#117=COLOUR_RGB('',4.39E-1,5.02E-1,5.65E-1);
#118=COLOUR_RGB('',4.38E-1,5.03E-1,6.E-1);
#119=COLOUR_RGB('',4.4E-1,5.E-1,6.E-1);
#120=COLOUR_RGB('',4.67E-1,5.33E-1,6.E-1);
#121=COLOUR_RGB('',4.7E-1,0.E0,0.E0);
#122=COLOUR_RGB('',4.7E-1,0.E0,8.E-1);
#123=COLOUR_RGB('',4.7E-1,0.E0,8.7E-1);
#124=COLOUR_RGB('',4.7E-1,2.E-1,7.E-2);
#125=COLOUR_RGB('',4.7E-1,4.7E-1,4.7E-1);
#126=COLOUR_RGB('',4.82E-1,4.08E-1,9.33E-1);
#127=COLOUR_RGB('',4.86E-1,9.88E-1,0.E0);
#128=COLOUR_RGB('',4.99E-1,4.96E-1,5.52E-1);
#129=COLOUR_RGB('',4.98E-1,1.E0,0.E0);
#130=COLOUR_RGB('',4.98E-1,1.E0,8.31E-1);
#131=COLOUR_RGB('',5.02E-1,0.E0,0.E0);
#132=COLOUR_RGB('',5.02E-1,0.E0,5.02E-1);
#133=COLOUR_RGB('',5.02E-1,5.02E-1,0.E0);
#134=COLOUR_RGB('',5.02E-1,5.02E-1,5.02E-1);
#135=COLOUR_RGB('',5.1E-1,3.97E-1,1.07E-1);
#136=COLOUR_RGB('',5.1E-1,4.E-1,1.1E-1);
#137=COLOUR_RGB('',5.176470588235E-1,3.372549019608E-1,3.490196078431E-1);
#138=COLOUR_RGB('',5.3E-1,0.E0,9.3E-1);
#139=COLOUR_RGB('',5.3E-1,2.7E-1,1.3E-1);
#140=COLOUR_RGB('',5.3E-1,5.3E-1,1.E0);
#141=COLOUR_RGB('',5.29E-1,8.08E-1,9.22E-1);
#142=COLOUR_RGB('',5.29E-1,8.08E-1,9.8E-1);
#143=COLOUR_RGB('',5.41E-1,1.69E-1,8.86E-1);
#144=COLOUR_RGB('',5.45E-1,0.E0,0.E0);
#145=COLOUR_RGB('',5.45E-1,0.E0,5.45E-1);
#146=COLOUR_RGB('',5.45E-1,2.71E-1,7.5E-2);
#147=COLOUR_RGB('',5.5E-1,5.5E-1,5.5E-1);
#148=COLOUR_RGB('',5.5E-1,6.5E-1,7.3E-1);
#149=COLOUR_RGB('',5.61E-1,7.37E-1,5.61E-1);
#150=COLOUR_RGB('',5.65E-1,9.33E-1,5.65E-1);
#151=COLOUR_RGB('',5.71E-1,6.1E-1,6.33E-1);
#152=COLOUR_RGB('',5.76E-1,4.39E-1,8.59E-1);
#153=COLOUR_RGB('',5.8E-1,0.E0,8.27E-1);
#154=COLOUR_RGB('',5.96E-1,5.96E-1,5.96E-1);
#155=COLOUR_RGB('',5.96E-1,9.84E-1,5.96E-1);
#156=COLOUR_RGB('',6.E-1,0.E0,6.E-1);
#157=COLOUR_RGB('',6.E-1,1.96E-1,8.E-1);
#158=COLOUR_RGB('',6.E-1,2.E-1,1.E0);
#159=COLOUR_RGB('',6.E-1,3.3E-1,2.E-1);
#160=COLOUR_RGB('',6.E-1,6.E-1,0.E0);
#161=COLOUR_RGB('',6.E-1,6.E-1,1.E0);
#162=COLOUR_RGB('',6.E-1,1.E0,6.E-1);
#163=COLOUR_RGB('',6.E-1,1.E0,1.E0);
#164=COLOUR_RGB('',6.04E-1,8.04E-1,1.96E-1);
#165=COLOUR_RGB('',6.1E-1,0.E0,6.E-2);
#166=COLOUR_RGB('',6.16E-1,6.96E-1,7.7E-1);
#167=COLOUR_RGB('',6.2E-1,6.2E-1,6.2E-1);
#168=COLOUR_RGB('',6.19608E-1,6.27451E-1,6.27451E-1);
#169=COLOUR_RGB('',6.27E-1,3.22E-1,1.76E-1);
#170=COLOUR_RGB('',6.35294E-1,6.86275E-1,7.4902E-1);
#171=COLOUR_RGB('',6.4E-1,4.64E-1,3.01E-1);
#172=COLOUR_RGB('',6.4E-1,6.5E-1,6.5E-1);
#173=COLOUR_RGB('',6.47E-1,1.65E-1,1.65E-1);
#174=COLOUR_RGB('',6.56E-1,3.3E-2,6.E-1);
#175=COLOUR_RGB('',6.59E-1,1.5E-2,2.9E-2);
#176=COLOUR_RGB('',6.63E-1,6.63E-1,6.63E-1);
#177=COLOUR_RGB('',6.7E-1,0.E0,0.E0);
#178=COLOUR_RGB('',6.7E-1,0.E0,5.3E-1);
#179=COLOUR_RGB('',6.7E-1,4.E-1,2.7E-1);
#180=COLOUR_RGB('',6.7E-1,4.E-1,1.E0);
#181=COLOUR_RGB('',6.7E-1,6.7E-1,1.E0);
#182=COLOUR_RGB('',6.7E-1,1.E0,0.E0);
#183=COLOUR_RGB('',6.78E-1,8.47E-1,9.02E-1);
#184=COLOUR_RGB('',6.78E-1,1.E0,1.84E-1);
#185=COLOUR_RGB('',6.8E-1,8.1E-1,1.E0);
#186=COLOUR_RGB('',6.87E-1,6.83E-1,7.59E-1);
#187=COLOUR_RGB('',6.86E-1,9.33E-1,9.33E-1);
#188=COLOUR_RGB('',6.9E-1,7.69E-1,8.71E-1);
#189=COLOUR_RGB('',6.9E-1,8.78E-1,9.02E-1);
#190=COLOUR_RGB('',6.98E-1,1.33E-1,1.33E-1);
#191=COLOUR_RGB('',7.22E-1,5.25E-1,4.3E-2);
#192=COLOUR_RGB('',7.3E-1,2.7E-1,1.E0);
#193=COLOUR_RGB('',7.29E-1,3.33E-1,8.27E-1);
#194=COLOUR_RGB('',7.3E-1,4.E-1,0.E0);
#195=COLOUR_RGB('',7.3E-1,4.7E-1,3.3E-1);
#196=COLOUR_RGB('',7.3E-1,7.3E-1,7.3E-1);
#197=COLOUR_RGB('',7.37E-1,5.61E-1,5.61E-1);
#198=COLOUR_RGB('',7.4E-1,4.E-1,4.E-1);
#199=COLOUR_RGB('',7.41E-1,7.18E-1,4.2E-1);
#200=COLOUR_RGB('',7.5E-1,7.2E-1,0.E0);
#201=COLOUR_RGB('',7.53E-1,7.53E-1,7.53E-1);
#202=COLOUR_RGB('',7.8E-1,8.2E-2,5.22E-1);
#203=COLOUR_RGB('',7.843137254902E-1,7.843137254902E-1,2.078431372549E-1);
#204=COLOUR_RGB('',8.E-1,0.E0,8.E-1);
#205=COLOUR_RGB('',8.E-1,5.3E-1,4.E-1);
#206=COLOUR_RGB('',8.E-1,6.E-1,1.E0);
#207=COLOUR_RGB('',8.E-1,8.E-1,0.E0);
#208=COLOUR_RGB('',8.E-1,8.E-1,1.E0);
#209=COLOUR_RGB('',8.E-1,1.E0,8.E-1);
#210=COLOUR_RGB('',8.E-1,1.E0,1.E0);
#211=COLOUR_RGB('',8.04E-1,3.61E-1,3.61E-1);
#212=COLOUR_RGB('',8.04E-1,5.22E-1,2.47E-1);
#213=COLOUR_RGB('',8.07E-1,7.65E-1,5.8E-2);
#214=COLOUR_RGB('',8.2E-1,6.E-1,2.4E-1);
#215=COLOUR_RGB('',8.19E-1,7.11E-1,5.6E-2);
#216=COLOUR_RGB('',8.24E-1,4.12E-1,1.18E-1);
#217=COLOUR_RGB('',8.24E-1,7.06E-1,5.49E-1);
#218=COLOUR_RGB('',8.26E-1,8.26E-1,8.26E-1);
#219=COLOUR_RGB('',8.3E-1,3.E-2,3.E-2);
#220=COLOUR_RGB('',8.41E-1,8.01E-1,7.15E-1);
#221=COLOUR_RGB('',8.4E-1,8.4E-1,8.5E-1);
#222=COLOUR_RGB('',8.42E-1,8.99E-1,9.33E-1);
#223=COLOUR_RGB('',8.47E-1,7.49E-1,8.47E-1);
#224=COLOUR_RGB('',8.55E-1,4.39E-1,8.39E-1);
#225=COLOUR_RGB('',8.55E-1,6.47E-1,1.25E-1);
#226=COLOUR_RGB('',8.59E-1,4.39E-1,5.76E-1);
#227=COLOUR_RGB('',8.6E-1,4.7E-1,1.6E-1);
#228=COLOUR_RGB('',8.588235294118E-1,8.705882352941E-1,3.098039215686E-1);
#229=COLOUR_RGB('',8.63E-1,7.8E-2,2.35E-1);
#230=COLOUR_RGB('',8.63E-1,8.63E-1,8.63E-1);
#231=COLOUR_RGB('',8.67E-1,6.27E-1,8.67E-1);
#232=COLOUR_RGB('',8.7E-1,0.E0,0.E0);
#233=COLOUR_RGB('',8.7E-1,6.E-1,4.7E-1);
#234=COLOUR_RGB('',8.71E-1,7.22E-1,5.29E-1);
#235=COLOUR_RGB('',8.78E-1,1.E0,1.E0);
#236=COLOUR_RGB('',9.E-1,8.3E-1,1.2E-1);
#237=COLOUR_RGB('',9.02E-1,9.02E-1,9.8E-1);
#238=COLOUR_RGB('',9.14E-1,5.88E-1,4.78E-1);
#239=COLOUR_RGB('',9.3E-1,0.E0,9.3E-1);
#240=COLOUR_RGB('',9.3E-1,6.7E-1,5.3E-1);
#241=COLOUR_RGB('',9.3E-1,8.E-1,1.E0);
#242=COLOUR_RGB('',9.3E-1,9.3E-1,0.E0);
#243=COLOUR_RGB('',9.3E-1,1.E0,9.3E-1);
#244=COLOUR_RGB('',9.3E-1,1.E0,1.E0);
#245=COLOUR_RGB('',9.33E-1,5.1E-1,9.33E-1);
#246=COLOUR_RGB('',9.33E-1,9.1E-1,6.67E-1);
#247=COLOUR_RGB('',9.41E-1,5.02E-1,5.02E-1);
#248=COLOUR_RGB('',9.41E-1,9.02E-1,5.49E-1);
#249=COLOUR_RGB('',9.41E-1,9.73E-1,1.E0);
#250=COLOUR_RGB('',9.41E-1,1.E0,9.41E-1);
#251=COLOUR_RGB('',9.41E-1,1.E0,1.E0);
#252=COLOUR_RGB('',9.57E-1,6.43E-1,3.76E-1);
#253=COLOUR_RGB('',9.59E-1,4.9E-2,8.78E-1);
#254=COLOUR_RGB('',9.61E-1,8.71E-1,7.02E-1);
#255=COLOUR_RGB('',9.61E-1,9.61E-1,8.63E-1);
#256=COLOUR_RGB('',9.6E-1,9.6E-1,9.6E-1);
#257=COLOUR_RGB('',9.61E-1,1.E0,9.8E-1);
#258=COLOUR_RGB('',9.73E-1,9.73E-1,1.E0);
#259=COLOUR_RGB('',9.8E-1,5.02E-1,4.47E-1);
#260=COLOUR_RGB('',9.8E-1,6.47E-1,0.E0);
#261=COLOUR_RGB('',9.8E-1,9.22E-1,8.43E-1);
#262=COLOUR_RGB('',9.8E-1,9.41E-1,9.02E-1);
#263=COLOUR_RGB('',9.8E-1,9.8E-1,8.24E-1);
#264=COLOUR_RGB('',9.89E-1,9.04E-1,2.3E-2);
#265=COLOUR_RGB('',9.92E-1,9.61E-1,9.02E-1);
#266=DRAUGHTING_PRE_DEFINED_COLOUR('red');
#267=COLOUR_RGB('',1.E0,0.E0,2.7E-1);
#268=COLOUR_RGB('',1.E0,0.E0,4.7E-1);
#269=COLOUR_RGB('',1.E0,0.E0,7.8E-1);
#270=DRAUGHTING_PRE_DEFINED_COLOUR('magenta');
#271=COLOUR_RGB('',1.E0,2.7E-2,2.7E-2);
#272=COLOUR_RGB('',1.E0,3.E-2,3.E-2);
#273=COLOUR_RGB('',1.E0,7.E-2,7.E-2);
#274=COLOUR_RGB('',1.E0,7.8E-2,5.76E-1);
#275=COLOUR_RGB('',1.E0,2.E-1,1.E0);
#276=COLOUR_RGB('',1.E0,2.7E-1,0.E0);
#277=COLOUR_RGB('',1.E0,2.7E-1,2.7E-1);
#278=COLOUR_RGB('',1.E0,3.6E-1,0.E0);
#279=COLOUR_RGB('',1.E0,3.88E-1,2.78E-1);
#280=COLOUR_RGB('',1.E0,4.E-1,1.E0);
#281=COLOUR_RGB('',1.E0,4.12E-1,7.06E-1);
#282=COLOUR_RGB('',1.E0,4.7E-1,0.E0);
#283=COLOUR_RGB('',1.E0,4.7E-1,4.7E-1);
#284=COLOUR_RGB('',1.E0,4.7E-1,5.3E-1);
#285=COLOUR_RGB('',1.E0,4.98E-1,3.14E-1);
#286=COLOUR_RGB('',1.E0,5.49E-1,0.E0);
#287=COLOUR_RGB('',1.E0,6.E-1,1.E0);
#288=COLOUR_RGB('',1.E0,6.27E-1,4.78E-1);
#289=COLOUR_RGB('',1.E0,6.47E-1,0.E0);
#290=COLOUR_RGB('',1.E0,6.7E-1,0.E0);
#291=COLOUR_RGB('',1.E0,6.7E-1,6.7E-1);
#292=COLOUR_RGB('',1.E0,7.14E-1,7.57E-1);
#293=COLOUR_RGB('',1.E0,7.2E-1,0.E0);
#294=COLOUR_RGB('',1.E0,7.3E-1,5.3E-1);
#295=COLOUR_RGB('',1.E0,7.3E-1,6.E-1);
#296=COLOUR_RGB('',1.E0,7.53E-1,7.96E-1);
#297=COLOUR_RGB('',1.E0,7.7E-1,6.E-2);
#298=COLOUR_RGB('',1.E0,8.E-1,8.E-1);
#299=COLOUR_RGB('',1.E0,8.E-1,1.E0);
#300=COLOUR_RGB('',1.E0,8.43E-1,0.E0);
#301=COLOUR_RGB('',1.E0,8.55E-1,7.25E-1);
#302=COLOUR_RGB('',1.E0,8.7E-1,0.E0);
#303=COLOUR_RGB('',1.E0,8.71E-1,6.78E-1);
#304=COLOUR_RGB('',1.E0,8.94E-1,7.1E-1);
#305=COLOUR_RGB('',1.E0,8.94E-1,7.69E-1);
#306=COLOUR_RGB('',1.E0,8.94E-1,8.82E-1);
#307=COLOUR_RGB('',1.E0,9.215686274510E-1,4.313725490196E-1);
#308=COLOUR_RGB('',1.E0,9.22E-1,8.04E-1);
#309=COLOUR_RGB('',1.E0,9.3E-1,9.3E-1);
#310=COLOUR_RGB('',1.E0,9.3E-1,1.E0);
#311=COLOUR_RGB('',1.E0,9.37E-1,8.35E-1);
#312=COLOUR_RGB('',1.E0,9.41E-1,9.61E-1);
#313=COLOUR_RGB('',1.E0,9.61E-1,9.33E-1);
#314=COLOUR_RGB('',1.E0,9.73E-1,8.63E-1);
#315=COLOUR_RGB('',1.E0,9.8E-1,8.04E-1);
#316=COLOUR_RGB('',1.E0,9.8E-1,9.41E-1);
#317=COLOUR_RGB('',1.E0,9.8E-1,9.8E-1);
#318=DRAUGHTING_PRE_DEFINED_COLOUR('yellow');
#319=COLOUR_RGB('',1.E0,1.E0,1.3E-1);
#320=COLOUR_RGB('',1.E0,1.E0,3.3E-1);
#321=COLOUR_RGB('',1.E0,1.E0,5.3E-1);
#322=COLOUR_RGB('',1.E0,1.E0,7.3E-1);
#323=COLOUR_RGB('',1.E0,1.E0,8.78E-1);
#324=COLOUR_RGB('',1.E0,1.E0,9.3E-1);
#325=COLOUR_RGB('',1.E0,1.E0,9.41E-1);
#326=COLOUR_RGB('',1.E0,1.E0,9.49E-1);
#327=DRAUGHTING_PRE_DEFINED_COLOUR('white');
#328=COLOUR_RGB('',4.4E-1,5.E-1,6.E-1);
#329=COLOUR_RGB('',4.39E-1,5.02E-1,5.65E-1);
#330=COLOUR_RGB('',2.392156862745E-1,2.509803921569E-1,2.588235294118E-1);
#331=COLOUR_RGB('',4.39E-1,5.02E-1,5.65E-1);
#332=COLOUR_RGB('',8.196078431373E-1,8.117647058824E-1,8.117647058824E-1);
#337=CIRCLE('',#336,2.95E0);
#342=CIRCLE('',#341,2.95E0);
#347=CIRCLE('',#346,2.4E0);
#352=CIRCLE('',#351,2.4E0);
#357=CIRCLE('',#356,3.15E0);
#362=CIRCLE('',#361,3.15E0);
#367=CIRCLE('',#366,2.95E0);
#372=CIRCLE('',#371,2.E-1);
#385=CIRCLE('',#384,3.15E0);
#390=CIRCLE('',#389,3.15E0);
#395=CIRCLE('',#394,2.95E0);
#400=CIRCLE('',#399,2.E-1);
#405=CIRCLE('',#404,3.15E0);
#410=CIRCLE('',#409,3.5E-1);
#415=CIRCLE('',#414,3.033333333333E0);
#420=CIRCLE('',#419,3.033333333333E0);
#425=CIRCLE('',#424,3.033333333333E0);
#430=CIRCLE('',#429,3.033333333333E0);
#435=CIRCLE('',#434,3.033333333333E0);
#440=CIRCLE('',#439,3.033333333333E0);
#445=CIRCLE('',#444,3.15E0);
#450=CIRCLE('',#449,3.15E0);
#455=CIRCLE('',#454,3.15E0);
#460=CIRCLE('',#459,3.15E0);
#465=CIRCLE('',#464,3.5E-1);
#470=CIRCLE('',#469,3.033333333333E0);
#475=CIRCLE('',#474,3.033333333333E0);
#480=CIRCLE('',#479,1.75E-1);
#485=CIRCLE('',#484,1.75E-1);
#490=CIRCLE('',#489,3.033333333333E0);
#495=CIRCLE('',#494,3.033333333333E0);
#500=CIRCLE('',#499,1.75E-1);
#505=CIRCLE('',#504,1.75E-1);
#510=CIRCLE('',#509,3.15E0);
#515=CIRCLE('',#514,3.15E0);
#520=CIRCLE('',#519,3.5E-1);
#525=CIRCLE('',#524,3.15E0);
#530=CIRCLE('',#529,3.5E-1);
#539=CIRCLE('',#538,3.15E0);
#544=CIRCLE('',#543,3.15E0);
#549=CIRCLE('',#548,3.E0);
#554=CIRCLE('',#553,1.5E-1);
#559=CIRCLE('',#558,3.15E0);
#564=CIRCLE('',#563,3.15E0);
#569=CIRCLE('',#568,3.E0);
#574=CIRCLE('',#573,1.5E-1);
#583=CIRCLE('',#582,3.E0);
#588=CIRCLE('',#587,3.E0);
#593=CIRCLE('',#592,2.E0);
#598=CIRCLE('',#597,2.E0);
#611=CIRCLE('',#610,2.E0);
#616=CIRCLE('',#615,2.E0);
#629=CIRCLE('',#628,2.4E0);
#634=CIRCLE('',#633,2.4E0);
#639=CIRCLE('',#638,2.5E-1);
#644=CIRCLE('',#643,2.5E-1);
#649=CIRCLE('',#648,2.5E-1);
#654=CIRCLE('',#653,2.5E-1);
#667=CIRCLE('',#666,2.5E-1);
#672=CIRCLE('',#671,2.5E-1);
#685=CIRCLE('',#684,2.5E-1);
#690=CIRCLE('',#689,2.5E-1);
#800=EDGE_CURVE('',#693,#694,#337,.T.);
#802=EDGE_CURVE('',#696,#694,#367,.T.);
#804=EDGE_CURVE('',#696,#698,#342,.T.);
#806=EDGE_CURVE('',#693,#698,#395,.T.);
#810=EDGE_CURVE('',#701,#702,#347,.T.);
#812=EDGE_CURVE('',#702,#701,#352,.T.);
#816=ADVANCED_FACE('',(#809,#815),#799,.F.);
#829=EDGE_CURVE('',#705,#706,#357,.T.);
#831=EDGE_CURVE('',#706,#708,#362,.T.);
#833=EDGE_CURVE('',#696,#708,#400,.T.);
#837=EDGE_CURVE('',#693,#705,#372,.T.);
#841=ADVANCED_FACE('',(#840),#828,.T.);
#856=EDGE_CURVE('',#720,#705,#380,.T.);
#858=EDGE_CURVE('',#724,#720,#450,.T.);
#860=EDGE_CURVE('',#723,#724,#445,.T.);
#862=EDGE_CURVE('',#723,#708,#376,.T.);
#866=ADVANCED_FACE('',(#865),#853,.T.);
#879=EDGE_CURVE('',#738,#705,#390,.T.);
#881=EDGE_CURVE('',#708,#738,#385,.T.);
#884=EDGE_CURVE('',#740,#723,#405,.T.);
#886=EDGE_CURVE('',#742,#740,#460,.T.);
#888=EDGE_CURVE('',#720,#742,#455,.T.);
#893=ADVANCED_FACE('',(#892),#878,.T.);
#914=ADVANCED_FACE('',(#913),#905,.T.);
#927=EDGE_CURVE('',#756,#766,#440,.T.);
#929=EDGE_CURVE('',#740,#756,#465,.T.);
#932=EDGE_CURVE('',#723,#766,#410,.T.);
#936=ADVANCED_FACE('',(#935),#926,.T.);
#949=EDGE_CURVE('',#766,#764,#415,.T.);
#951=EDGE_CURVE('',#764,#758,#420,.T.);
#953=EDGE_CURVE('',#762,#758,#505,.T.);
#955=EDGE_CURVE('',#746,#762,#500,.T.);
#957=EDGE_CURVE('',#746,#752,#425,.T.);
#959=EDGE_CURVE('',#752,#750,#430,.T.);
#961=EDGE_CURVE('',#750,#748,#435,.T.);
#963=EDGE_CURVE('',#760,#748,#485,.T.);
#965=EDGE_CURVE('',#756,#760,#480,.T.);
#970=ADVANCED_FACE('',(#969),#948,.F.);
#983=EDGE_CURVE('',#755,#756,#475,.T.);
#985=EDGE_CURVE('',#758,#755,#470,.T.);
#997=ADVANCED_FACE('',(#996),#982,.T.);
#1014=EDGE_CURVE('',#748,#745,#490,.T.);
#1016=EDGE_CURVE('',#745,#746,#495,.T.);
#1022=ADVANCED_FACE('',(#1021),#1009,.F.);
#1037=EDGE_CURVE('',#736,#748,#530,.T.);
#1039=EDGE_CURVE('',#736,#718,#510,.T.);
#1041=EDGE_CURVE('',#718,#716,#515,.T.);
#1043=EDGE_CURVE('',#716,#750,#520,.T.);
#1049=ADVANCED_FACE('',(#1048),#1034,.T.);
#1064=EDGE_CURVE('',#716,#736,#525,.T.);
#1069=ADVANCED_FACE('',(#1068),#1061,.T.);
#1082=EDGE_CURVE('',#732,#711,#544,.T.);
#1084=EDGE_CURVE('',#714,#732,#539,.T.);
#1086=EDGE_CURVE('',#714,#718,#534,.T.);
#1090=EDGE_CURVE('',#711,#716,#578,.T.);
#1094=ADVANCED_FACE('',(#1093),#1081,.T.);
#1109=EDGE_CURVE('',#729,#711,#574,.T.);
#1111=EDGE_CURVE('',#729,#734,#549,.T.);
#1113=EDGE_CURVE('',#726,#734,#588,.T.);
#1115=EDGE_CURVE('',#726,#714,#554,.T.);
#1119=ADVANCED_FACE('',(#1118),#1106,.T.);
#1132=EDGE_CURVE('',#711,#712,#559,.T.);
#1134=EDGE_CURVE('',#712,#714,#564,.T.);
#1137=EDGE_CURVE('',#726,#730,#569,.T.);
#1139=EDGE_CURVE('',#729,#730,#583,.T.);
#1144=ADVANCED_FACE('',(#1143),#1131,.T.);
#1164=ADVANCED_FACE('',(#1163),#1156,.T.);
#1183=EDGE_CURVE('',#769,#770,#593,.T.);
#1185=EDGE_CURVE('',#770,#769,#598,.T.);
#1189=ADVANCED_FACE('',(#1182,#1188),#1176,.T.);
#1203=EDGE_CURVE('',#772,#769,#606,.T.);
#1205=EDGE_CURVE('',#774,#772,#611,.T.);
#1207=EDGE_CURVE('',#774,#770,#602,.T.);
#1211=ADVANCED_FACE('',(#1210),#1201,.F.);
#1219=EDGE_CURVE('',#772,#774,#616,.T.);
#1224=ADVANCED_FACE('',(#1223),#1216,.F.);
#1234=ADVANCED_FACE('',(#1233),#1229,.T.);
#1248=EDGE_CURVE('',#776,#701,#624,.T.);
#1250=EDGE_CURVE('',#778,#776,#629,.T.);
#1252=EDGE_CURVE('',#778,#702,#620,.T.);
#1256=ADVANCED_FACE('',(#1255),#1246,.F.);
#1271=EDGE_CURVE('',#776,#778,#634,.T.);
#1276=ADVANCED_FACE('',(#1275),#1268,.F.);
#1293=EDGE_CURVE('',#781,#782,#639,.T.);
#1295=EDGE_CURVE('',#782,#781,#644,.T.);
#1299=EDGE_CURVE('',#785,#786,#649,.T.);
#1301=EDGE_CURVE('',#786,#785,#654,.T.);
#1305=ADVANCED_FACE('',(#1292,#1298,#1304),#1288,.T.);
#1319=EDGE_CURVE('',#788,#781,#662,.T.);
#1321=EDGE_CURVE('',#790,#788,#667,.T.);
#1323=EDGE_CURVE('',#790,#782,#658,.T.);
#1327=ADVANCED_FACE('',(#1326),#1317,.T.);
#1342=EDGE_CURVE('',#788,#790,#672,.T.);
#1347=ADVANCED_FACE('',(#1346),#1339,.T.);
#1364=ADVANCED_FACE('',(#1363),#1359,.T.);
#1378=EDGE_CURVE('',#792,#785,#680,.T.);
#1380=EDGE_CURVE('',#794,#792,#685,.T.);
#1382=EDGE_CURVE('',#794,#786,#676,.T.);
#1386=ADVANCED_FACE('',(#1385),#1376,.T.);
#1401=EDGE_CURVE('',#792,#794,#690,.T.);
#1406=ADVANCED_FACE('',(#1405),#1398,.T.);
#1423=ADVANCED_FACE('',(#1422),#1418,.T.);
#1431=CLOSED_SHELL('',(#816,#841,#866,#893,#914,#936,#970,#997,#1022,#1049,
#1069,#1094,#1119,#1144,#1164,#1189,#1211,#1224,#1234,#1256,#1276,#1305,#1327,
#1347,#1364,#1386,#1406,#1423));
#1432=MANIFOLD_SOLID_BREP('',#1431);
#1433=(LENGTH_UNIT()NAMED_UNIT(*)SI_UNIT(.MILLI.,.METRE.));
#1434=(NAMED_UNIT(*)PLANE_ANGLE_UNIT()SI_UNIT($,.RADIAN.));
#1437=(NAMED_UNIT(*)SI_UNIT($,.STERADIAN.)SOLID_ANGLE_UNIT());
#1439=(GEOMETRIC_REPRESENTATION_CONTEXT(3)GLOBAL_UNCERTAINTY_ASSIGNED_CONTEXT((
#1438))GLOBAL_UNIT_ASSIGNED_CONTEXT((#1433,#1436,#1437))REPRESENTATION_CONTEXT(
'ID1','3'));
#1443=AXIS2_PLACEMENT_3D('',#1440,#1441,#1442);
#1444=ADVANCED_BREP_SHAPE_REPRESENTATION('',(#1443,#1432),#1439);
#1451=PRODUCT_DEFINITION('part definition','',#1450,#1447);
#1452=PRODUCT_DEFINITION_SHAPE('','SHAPE FOR 0630090000_51.',#1451);
#1453=SHAPE_ASPECT('','solid data associated with 0630090000_51',#1452,.F.);
#1454=PROPERTY_DEFINITION('',
'shape for solid data with which properties are associated',#1453);
#1455=SHAPE_REPRESENTATION('',(#1432),#1439);
#1456=SHAPE_DEFINITION_REPRESENTATION(#1454,#1455);
#1457=(LENGTH_UNIT()NAMED_UNIT(*)SI_UNIT(.MILLI.,.METRE.));
#1461=PROPERTY_DEFINITION('geometric validation property',
'area of 0630090000_51',#1453);
#1462=REPRESENTATION('surface area',(#1460),#1439);
#1463=PROPERTY_DEFINITION_REPRESENTATION(#1461,#1462);
#1464=(LENGTH_UNIT()NAMED_UNIT(*)SI_UNIT(.MILLI.,.METRE.));
#1468=PROPERTY_DEFINITION('geometric validation property',
'volume of 0630090000_51',#1453);
#1469=REPRESENTATION('volume',(#1467),#1439);
#1470=PROPERTY_DEFINITION_REPRESENTATION(#1468,#1469);
#1472=PROPERTY_DEFINITION('geometric validation property',
'centroid of 0630090000_51',#1453);
#1473=REPRESENTATION('centroid',(#1471),#1439);
#1474=PROPERTY_DEFINITION_REPRESENTATION(#1472,#1473);
#1475=(LENGTH_UNIT()NAMED_UNIT(*)SI_UNIT(.MILLI.,.METRE.));
#1479=PROPERTY_DEFINITION('geometric validation property',
'area of 0630090000_51',#1452);
#1480=REPRESENTATION('surface area',(#1478),#1439);
#1481=PROPERTY_DEFINITION_REPRESENTATION(#1479,#1480);
#1482=(LENGTH_UNIT()NAMED_UNIT(*)SI_UNIT(.MILLI.,.METRE.));
#1486=PROPERTY_DEFINITION('geometric validation property',
'volume of 0630090000_51',#1452);
#1487=REPRESENTATION('volume',(#1485),#1439);
#1488=PROPERTY_DEFINITION_REPRESENTATION(#1486,#1487);
#1490=PROPERTY_DEFINITION('geometric validation property',
'centroid of 0630090000_51',#1452);
#1491=REPRESENTATION('centroid',(#1489),#1439);
#1492=PROPERTY_DEFINITION_REPRESENTATION(#1490,#1491);
#1493=SHAPE_DEFINITION_REPRESENTATION(#1452,#1444);
#1494=SHAPE_DEFINITION_REPRESENTATION(#1495,#1496);
#1495=PRODUCT_DEFINITION_SHAPE('','SHAPE FOR LKF06031100_ASM_1_ASM.',#2518);
#1496=SHAPE_REPRESENTATION('',(#1511,#1506,#1827,#1822,#2484,#2479,#2501,#2496,
#2514),#2510);
#1497=NEXT_ASSEMBLY_USAGE_OCCURRENCE('0','Next assembly relationship',
'_X2_5F157EBF_X0_06300900',#2518,#1451,$);
#1498=PRODUCT_DEFINITION_SHAPE('Placement #0',
'Placement of 0630090000_51 with respect to LKF06031100_ASM_1_ASM',#1497);
#1500=PROPERTY_DEFINITION('geometric validation property',
'centroid of _X2_5F157EBF_X0_06300900',#1498);
#1501=REPRESENTATION('centroid',(#1499),#1439);
#1502=PROPERTY_DEFINITION_REPRESENTATION(#1500,#1501);
#1511=AXIS2_PLACEMENT_3D('',#1508,#1509,#1510);
#1514=COLOUR_RGB('',4.39E-1,5.02E-1,5.65E-1);
#1520=CIRCLE('',#1519,3.15E0);
#1529=CIRCLE('',#1528,3.155E0);
#1579=CIRCLE('',#1578,3.15E0);
#1594=CIRCLE('',#1593,3.155E0);
#1626=EDGE_CURVE('',#1607,#1608,#1520,.T.);
#1628=EDGE_CURVE('',#1610,#1608,#1571,.T.);
#1630=EDGE_CURVE('',#1610,#1612,#1529,.T.);
#1632=EDGE_CURVE('',#1607,#1612,#1550,.T.);
#1636=ADVANCED_FACE('',(#1635),#1625,.F.);
#1650=EDGE_CURVE('',#1607,#1614,#1536,.T.);
#1652=EDGE_CURVE('',#1616,#1614,#1579,.T.);
#1654=EDGE_CURVE('',#1616,#1608,#1543,.T.);
#1658=ADVANCED_FACE('',(#1657),#1648,.F.);
#1672=EDGE_CURVE('',#1618,#1612,#1564,.T.);
#1674=EDGE_CURVE('',#1614,#1618,#1586,.T.);
#1679=ADVANCED_FACE('',(#1678),#1670,.T.);
#1693=EDGE_CURVE('',#1610,#1620,#1557,.T.);
#1695=EDGE_CURVE('',#1618,#1620,#1594,.T.);
#1700=ADVANCED_FACE('',(#1699),#1691,.T.);
#1715=EDGE_CURVE('',#1620,#1616,#1601,.T.);
#1720=ADVANCED_FACE('',(#1719),#1712,.T.);
#1739=ADVANCED_FACE('',(#1738),#1732,.T.);
#1747=CLOSED_SHELL('',(#1636,#1658,#1679,#1700,#1720,#1739));
#1748=MANIFOLD_SOLID_BREP('',#1747);
#1755=(LENGTH_UNIT()NAMED_UNIT(*)SI_UNIT(.MILLI.,.METRE.));
#1756=(NAMED_UNIT(*)PLANE_ANGLE_UNIT()SI_UNIT($,.RADIAN.));
#1759=(NAMED_UNIT(*)SI_UNIT($,.STERADIAN.)SOLID_ANGLE_UNIT());
#1761=(GEOMETRIC_REPRESENTATION_CONTEXT(3)GLOBAL_UNCERTAINTY_ASSIGNED_CONTEXT((
#1760))GLOBAL_UNIT_ASSIGNED_CONTEXT((#1755,#1758,#1759))REPRESENTATION_CONTEXT(
'ID2','3'));
#1765=AXIS2_PLACEMENT_3D('',#1762,#1763,#1764);
#1766=ADVANCED_BREP_SHAPE_REPRESENTATION('',(#1765,#1748),#1761);
#1770=PRODUCT_DEFINITION('part definition','',#1769,#1447);
#1771=PRODUCT_DEFINITION_SHAPE('','SHAPE FOR FJB06300900_2.',#1770);
#1772=SHAPE_ASPECT('','solid data associated with FJB06300900_2',#1771,.F.);
#1773=PROPERTY_DEFINITION('',
'shape for solid data with which properties are associated',#1772);
#1774=SHAPE_REPRESENTATION('',(#1748),#1761);
#1775=SHAPE_DEFINITION_REPRESENTATION(#1773,#1774);
#1776=(LENGTH_UNIT()NAMED_UNIT(*)SI_UNIT(.MILLI.,.METRE.));
#1780=PROPERTY_DEFINITION('geometric validation property',
'area of FJB06300900_2',#1772);
#1781=REPRESENTATION('surface area',(#1779),#1761);
#1782=PROPERTY_DEFINITION_REPRESENTATION(#1780,#1781);
#1783=(LENGTH_UNIT()NAMED_UNIT(*)SI_UNIT(.MILLI.,.METRE.));
#1787=PROPERTY_DEFINITION('geometric validation property',
'volume of FJB06300900_2',#1772);
#1788=REPRESENTATION('volume',(#1786),#1761);
#1789=PROPERTY_DEFINITION_REPRESENTATION(#1787,#1788);
#1791=PROPERTY_DEFINITION('geometric validation property',
'centroid of FJB06300900_2',#1772);
#1792=REPRESENTATION('centroid',(#1790),#1761);
#1793=PROPERTY_DEFINITION_REPRESENTATION(#1791,#1792);
#1794=(LENGTH_UNIT()NAMED_UNIT(*)SI_UNIT(.MILLI.,.METRE.));
#1798=PROPERTY_DEFINITION('geometric validation property',
'area of FJB06300900_2',#1771);
#1799=REPRESENTATION('surface area',(#1797),#1761);
#1800=PROPERTY_DEFINITION_REPRESENTATION(#1798,#1799);
#1801=(LENGTH_UNIT()NAMED_UNIT(*)SI_UNIT(.MILLI.,.METRE.));
#1805=PROPERTY_DEFINITION('geometric validation property',
'volume of FJB06300900_2',#1771);
#1806=REPRESENTATION('volume',(#1804),#1761);
#1807=PROPERTY_DEFINITION_REPRESENTATION(#1805,#1806);
#1809=PROPERTY_DEFINITION('geometric validation property',
'centroid of FJB06300900_2',#1771);
#1810=REPRESENTATION('centroid',(#1808),#1761);
#1811=PROPERTY_DEFINITION_REPRESENTATION(#1809,#1810);
#1812=SHAPE_DEFINITION_REPRESENTATION(#1771,#1766);
#1813=NEXT_ASSEMBLY_USAGE_OCCURRENCE('1','Next assembly relationship',
'FJB06300900',#2518,#1770,$);
#1814=PRODUCT_DEFINITION_SHAPE('Placement #1',
'Placement of FJB06300900_2 with respect to LKF06031100_ASM_1_ASM',#1813);
#1816=PROPERTY_DEFINITION('geometric validation property',
'centroid of FJB06300900',#1814);
#1817=REPRESENTATION('centroid',(#1815),#1761);
#1818=PROPERTY_DEFINITION_REPRESENTATION(#1816,#1817);
#1827=AXIS2_PLACEMENT_3D('',#1824,#1825,#1826);
#1830=COLOUR_RGB('',4.39E-1,5.02E-1,5.65E-1);
#1835=CIRCLE('',#1834,5.286708E-1);
#1840=CIRCLE('',#1839,5.286708E-1);
#1845=CIRCLE('',#1844,5.286708E-1);
#1850=CIRCLE('',#1849,5.286708E-1);
#1855=CIRCLE('',#1854,3.21489E-1);
#1860=CIRCLE('',#1859,3.21489E-1);
#1865=CIRCLE('',#1864,3.21489E-1);
#1870=CIRCLE('',#1869,3.21489E-1);
#1923=CIRCLE('',#1922,5.286708E-1);
#1932=CIRCLE('',#1931,5.286708E-1);
#1941=CIRCLE('',#1940,5.286708E-1);
#1950=CIRCLE('',#1949,5.286708E-1);
#1963=CIRCLE('',#1962,3.21489E-1);
#1972=CIRCLE('',#1971,3.21489E-1);
#1981=CIRCLE('',#1980,3.21489E-1);
#1990=CIRCLE('',#1989,3.21489E-1);
#2108=EDGE_CURVE('',#2041,#2042,#1835,.T.);
#2110=EDGE_CURVE('',#2044,#2042,#1918,.T.);
#2112=EDGE_CURVE('',#2044,#2046,#1840,.T.);
#2114=EDGE_CURVE('',#2048,#2046,#1906,.T.);
#2116=EDGE_CURVE('',#2048,#2050,#1845,.T.);
#2118=EDGE_CURVE('',#2052,#2050,#1894,.T.);
#2120=EDGE_CURVE('',#2052,#2054,#1850,.T.);
#2122=EDGE_CURVE('',#2041,#2054,#1882,.T.);
#2126=EDGE_CURVE('',#2057,#2058,#1994,.T.);
#2128=EDGE_CURVE('',#2057,#2060,#1855,.T.);
#2130=EDGE_CURVE('',#2062,#2060,#2030,.T.);
#2132=EDGE_CURVE('',#2062,#2064,#1860,.T.);
#2134=EDGE_CURVE('',#2066,#2064,#2018,.T.);
#2136=EDGE_CURVE('',#2066,#2068,#1865,.T.);
#2138=EDGE_CURVE('',#2070,#2068,#2006,.T.);
#2140=EDGE_CURVE('',#2070,#2058,#1870,.T.);
#2144=ADVANCED_FACE('',(#2125,#2143),#2107,.F.);
#2158=EDGE_CURVE('',#2041,#2072,#1874,.T.);
#2160=EDGE_CURVE('',#2074,#2072,#1923,.T.);
#2162=EDGE_CURVE('',#2074,#2042,#1878,.T.);
#2166=ADVANCED_FACE('',(#2165),#2156,.T.);
#2173=EDGE_CURVE('',#2076,#2054,#1890,.T.);
#2175=EDGE_CURVE('',#2072,#2076,#1927,.T.);
#2180=ADVANCED_FACE('',(#2179),#2171,.T.);
#2187=EDGE_CURVE('',#2052,#2078,#1886,.T.);
#2189=EDGE_CURVE('',#2076,#2078,#1932,.T.);
#2194=ADVANCED_FACE('',(#2193),#2185,.T.);
#2201=EDGE_CURVE('',#2080,#2050,#1902,.T.);
#2203=EDGE_CURVE('',#2078,#2080,#1936,.T.);
#2208=ADVANCED_FACE('',(#2207),#2199,.T.);
#2215=EDGE_CURVE('',#2048,#2082,#1898,.T.);
#2217=EDGE_CURVE('',#2080,#2082,#1941,.T.);
#2222=ADVANCED_FACE('',(#2221),#2213,.T.);
#2229=EDGE_CURVE('',#2084,#2046,#1914,.T.);
#2231=EDGE_CURVE('',#2082,#2084,#1945,.T.);
#2236=ADVANCED_FACE('',(#2235),#2227,.T.);
#2243=EDGE_CURVE('',#2044,#2086,#1910,.T.);
#2245=EDGE_CURVE('',#2084,#2086,#1950,.T.);
#2250=ADVANCED_FACE('',(#2249),#2241,.T.);
#2258=EDGE_CURVE('',#2086,#2074,#1954,.T.);
#2263=ADVANCED_FACE('',(#2262),#2255,.T.);
#2279=EDGE_CURVE('',#2089,#2090,#1958,.T.);
#2281=EDGE_CURVE('',#2090,#2092,#1963,.T.);
#2283=EDGE_CURVE('',#2092,#2094,#1967,.T.);
#2285=EDGE_CURVE('',#2094,#2096,#1972,.T.);
#2287=EDGE_CURVE('',#2096,#2098,#1976,.T.);
#2289=EDGE_CURVE('',#2098,#2100,#1981,.T.);
#2291=EDGE_CURVE('',#2100,#2102,#1985,.T.);
#2293=EDGE_CURVE('',#2102,#2089,#1990,.T.);
#2297=ADVANCED_FACE('',(#2278,#2296),#2268,.T.);
#2311=EDGE_CURVE('',#2090,#2058,#2002,.T.);
#2314=EDGE_CURVE('',#2057,#2089,#2034,.T.);
#2318=ADVANCED_FACE('',(#2317),#2309,.T.);
#2325=EDGE_CURVE('',#2070,#2092,#1998,.T.);
#2331=ADVANCED_FACE('',(#2330),#2323,.F.);
#2338=EDGE_CURVE('',#2094,#2068,#2014,.T.);
#2344=ADVANCED_FACE('',(#2343),#2336,.T.);
#2351=EDGE_CURVE('',#2066,#2096,#2010,.T.);
#2357=ADVANCED_FACE('',(#2356),#2349,.F.);
#2364=EDGE_CURVE('',#2098,#2064,#2026,.T.);
#2370=ADVANCED_FACE('',(#2369),#2362,.T.);
#2377=EDGE_CURVE('',#2062,#2100,#2022,.T.);
#2383=ADVANCED_FACE('',(#2382),#2375,.F.);
#2390=EDGE_CURVE('',#2102,#2060,#2038,.T.);
#2396=ADVANCED_FACE('',(#2395),#2388,.T.);
#2408=ADVANCED_FACE('',(#2407),#2401,.F.);
#2409=CLOSED_SHELL('',(#2144,#2166,#2180,#2194,#2208,#2222,#2236,#2250,#2263,
#2297,#2318,#2331,#2344,#2357,#2370,#2383,#2396,#2408));
#2410=MANIFOLD_SOLID_BREP('',#2409);
#2411=(LENGTH_UNIT()NAMED_UNIT(*)SI_UNIT(.MILLI.,.METRE.));
#2412=(NAMED_UNIT(*)PLANE_ANGLE_UNIT()SI_UNIT($,.RADIAN.));
#2415=(NAMED_UNIT(*)SI_UNIT($,.STERADIAN.)SOLID_ANGLE_UNIT());
#2417=(GEOMETRIC_REPRESENTATION_CONTEXT(3)GLOBAL_UNCERTAINTY_ASSIGNED_CONTEXT((
#2416))GLOBAL_UNIT_ASSIGNED_CONTEXT((#2411,#2414,#2415))REPRESENTATION_CONTEXT(
'ID3','3'));
#2421=AXIS2_PLACEMENT_3D('',#2418,#2419,#2420);
#2422=ADVANCED_BREP_SHAPE_REPRESENTATION('',(#2421,#2410),#2417);
#2427=PRODUCT_DEFINITION('part definition','',#2426,#2423);
#2428=PRODUCT_DEFINITION_SHAPE('','SHAPE FOR YUAN06300900_13.',#2427);
#2429=SHAPE_ASPECT('','solid data associated with YUAN06300900_13',#2428,.F.);
#2430=PROPERTY_DEFINITION('',
'shape for solid data with which properties are associated',#2429);
#2431=SHAPE_REPRESENTATION('',(#2410),#2417);
#2432=SHAPE_DEFINITION_REPRESENTATION(#2430,#2431);
#2433=(LENGTH_UNIT()NAMED_UNIT(*)SI_UNIT(.MILLI.,.METRE.));
#2437=PROPERTY_DEFINITION('geometric validation property',
'area of YUAN06300900_13',#2429);
#2438=REPRESENTATION('surface area',(#2436),#2417);
#2439=PROPERTY_DEFINITION_REPRESENTATION(#2437,#2438);
#2440=(LENGTH_UNIT()NAMED_UNIT(*)SI_UNIT(.MILLI.,.METRE.));
#2444=PROPERTY_DEFINITION('geometric validation property',
'volume of YUAN06300900_13',#2429);
#2445=REPRESENTATION('volume',(#2443),#2417);
#2446=PROPERTY_DEFINITION_REPRESENTATION(#2444,#2445);
#2448=PROPERTY_DEFINITION('geometric validation property',
'centroid of YUAN06300900_13',#2429);
#2449=REPRESENTATION('centroid',(#2447),#2417);
#2450=PROPERTY_DEFINITION_REPRESENTATION(#2448,#2449);
#2451=(LENGTH_UNIT()NAMED_UNIT(*)SI_UNIT(.MILLI.,.METRE.));
#2455=PROPERTY_DEFINITION('geometric validation property',
'area of YUAN06300900_13',#2428);
#2456=REPRESENTATION('surface area',(#2454),#2417);
#2457=PROPERTY_DEFINITION_REPRESENTATION(#2455,#2456);
#2458=(LENGTH_UNIT()NAMED_UNIT(*)SI_UNIT(.MILLI.,.METRE.));
#2462=PROPERTY_DEFINITION('geometric validation property',
'volume of YUAN06300900_13',#2428);
#2463=REPRESENTATION('volume',(#2461),#2417);
#2464=PROPERTY_DEFINITION_REPRESENTATION(#2462,#2463);
#2466=PROPERTY_DEFINITION('geometric validation property',
'centroid of YUAN06300900_13',#2428);
#2467=REPRESENTATION('centroid',(#2465),#2417);
#2468=PROPERTY_DEFINITION_REPRESENTATION(#2466,#2467);
#2469=SHAPE_DEFINITION_REPRESENTATION(#2428,#2422);
#2470=NEXT_ASSEMBLY_USAGE_OCCURRENCE('2','Next assembly relationship',
'YUAN06300900',#2518,#2427,$);
#2471=PRODUCT_DEFINITION_SHAPE('Placement #2',
'Placement of YUAN06300900_13 with respect to LKF06031100_ASM_1_ASM',#2470);
#2473=PROPERTY_DEFINITION('geometric validation property',
'centroid of YUAN06300900',#2471);
#2474=REPRESENTATION('centroid',(#2472),#2417);
#2475=PROPERTY_DEFINITION_REPRESENTATION(#2473,#2474);
#2484=AXIS2_PLACEMENT_3D('',#2481,#2482,#2483);
#2487=NEXT_ASSEMBLY_USAGE_OCCURRENCE('3','Next assembly relationship',
'YUAN06300900_13',#2518,#2427,$);
#2488=PRODUCT_DEFINITION_SHAPE('Placement #3',
'Placement of YUAN06300900_13 with respect to LKF06031100_ASM_1_ASM',#2487);
#2490=PROPERTY_DEFINITION('geometric validation property',
'centroid of YUAN06300900_13',#2488);
#2491=REPRESENTATION('centroid',(#2489),#2417);
#2492=PROPERTY_DEFINITION_REPRESENTATION(#2490,#2491);
#2501=AXIS2_PLACEMENT_3D('',#2498,#2499,#2500);
#2504=(LENGTH_UNIT()NAMED_UNIT(*)SI_UNIT(.MILLI.,.METRE.));
#2505=(NAMED_UNIT(*)PLANE_ANGLE_UNIT()SI_UNIT($,.RADIAN.));
#2508=(NAMED_UNIT(*)SI_UNIT($,.STERADIAN.)SOLID_ANGLE_UNIT());
#2510=(GEOMETRIC_REPRESENTATION_CONTEXT(3)GLOBAL_UNCERTAINTY_ASSIGNED_CONTEXT((
#2509))GLOBAL_UNIT_ASSIGNED_CONTEXT((#2504,#2507,#2508))REPRESENTATION_CONTEXT(
'ID4','3'));
#2514=AXIS2_PLACEMENT_3D('',#2511,#2512,#2513);
#2518=PRODUCT_DEFINITION('part definition','',#2517,#2423);
#2519=(LENGTH_UNIT()NAMED_UNIT(*)SI_UNIT(.MILLI.,.METRE.));
#2523=PROPERTY_DEFINITION('geometric validation property',
'area of LKF06031100_ASM_1_ASM',#1495);
#2524=REPRESENTATION('surface area',(#2522),#2510);
#2525=PROPERTY_DEFINITION_REPRESENTATION(#2523,#2524);
#2526=(LENGTH_UNIT()NAMED_UNIT(*)SI_UNIT(.MILLI.,.METRE.));
#2530=PROPERTY_DEFINITION('geometric validation property',
'volume of LKF06031100_ASM_1_ASM',#1495);
#2531=REPRESENTATION('volume',(#2529),#2510);
#2532=PROPERTY_DEFINITION_REPRESENTATION(#2530,#2531);
#2534=PROPERTY_DEFINITION('geometric validation property',
'centroid of LKF06031100_ASM_1_ASM',#1495);
#2535=REPRESENTATION('centroid',(#2533),#2510);
#2536=PROPERTY_DEFINITION_REPRESENTATION(#2534,#2535);
#2537=SHAPE_DEFINITION_REPRESENTATION(#2538,#2539);
#2538=PRODUCT_DEFINITION_SHAPE('','SHAPE FOR LKFC1101C221MF_ASM.',#2569);
#2539=SHAPE_REPRESENTATION('',(#2549,#2563),#2559);
#2540=NEXT_ASSEMBLY_USAGE_OCCURRENCE('4','Next assembly relationship',
'LKF06031100_ASM_1',#2569,#2518,$);
#2541=PRODUCT_DEFINITION_SHAPE('Placement #4',
'Placement of LKF06031100_ASM_1_ASM with respect to LKFC1101C221MF_ASM',#2540);
#2543=PROPERTY_DEFINITION('geometric validation property',
'centroid of LKF06031100_ASM_1',#2541);
#2544=REPRESENTATION('centroid',(#2542),#2510);
#2545=PROPERTY_DEFINITION_REPRESENTATION(#2543,#2544);
#2553=(LENGTH_UNIT()NAMED_UNIT(*)SI_UNIT(.MILLI.,.METRE.));
#2554=(NAMED_UNIT(*)PLANE_ANGLE_UNIT()SI_UNIT($,.RADIAN.));
#2557=(NAMED_UNIT(*)SI_UNIT($,.STERADIAN.)SOLID_ANGLE_UNIT());
#2559=(GEOMETRIC_REPRESENTATION_CONTEXT(3)GLOBAL_UNCERTAINTY_ASSIGNED_CONTEXT((
#2558))GLOBAL_UNIT_ASSIGNED_CONTEXT((#2553,#2556,#2557))REPRESENTATION_CONTEXT(
'ID5','3'));
#2563=AXIS2_PLACEMENT_3D('',#2560,#2561,#2562);
#2569=PRODUCT_DEFINITION('part definition','',#2568,#2565);
#2570=(LENGTH_UNIT()NAMED_UNIT(*)SI_UNIT(.MILLI.,.METRE.));
#2574=PROPERTY_DEFINITION('geometric validation property',
'area of LKFC1101C221MF_ASM',#2538);
#2575=REPRESENTATION('surface area',(#2573),#2559);
#2576=PROPERTY_DEFINITION_REPRESENTATION(#2574,#2575);
#2577=(LENGTH_UNIT()NAMED_UNIT(*)SI_UNIT(.MILLI.,.METRE.));
#2581=PROPERTY_DEFINITION('geometric validation property',
'volume of LKFC1101C221MF_ASM',#2538);
#2582=REPRESENTATION('volume',(#2580),#2559);
#2583=PROPERTY_DEFINITION_REPRESENTATION(#2581,#2582);
#2585=PROPERTY_DEFINITION('geometric validation property',
'centroid of LKFC1101C221MF_ASM',#2538);
#2586=REPRESENTATION('centroid',(#2584),#2559);
#2587=PROPERTY_DEFINITION_REPRESENTATION(#2585,#2586);
ENDSEC;
END-ISO-10303-21;
